編號,土地位置,土地移轉面積平方公尺,使用分區或編定,權利人持分分母,權利人持分分子,移轉情形,地號
The serial number, land position,land shifting area square meter,the use zoning or compiles and checks,,,,land parcel
RPQOMLRJJHLGFDA77DA,中南段四小段,21.25,都市：其他:第三種住宅區。,4,1,持分移轉,09060000
RPOOMLKKKHLGFCA96DA,西湖段一小段,1.47,都市：其他:第三種住宅區。,59976,300,持分移轉,06190001
RPVQMLKKKHLGFBA77DA,莒光段二小段,5.06,都市：其他:第三種住宅區。,16,1,持分移轉,00330000
RPVQMLKKKHLGFBA77DA,莒光段二小段,2.75,都市：其他:第三種住宅區。,16,1,持分移轉,00370000
RPVQMLKKKHLGFBA77DA,莒光段二小段,3.06,都市：其他:第三種住宅區。,16,1,持分移轉,00450000
RPSNMLQJKHLGFEA97DA,大業段四小段,8.87,都市：其他:第參種工業區(不得作住宅使用)。,100000,226,持分移轉,05600000
RPPNMLKKKHLGFEA27EA,桃源段五小段,95.40,都市：其他:第二種住宅區。,5,1,持分移轉,03700000
RPPNMLMJKHLGFAA96EA,景美段五小段,1.63,都市：其他:市場用地(公共設施用地) 但是否在道路用地(公共設施用地)(應依建築線或俟地籍測量分割後，再確定)。62/10/24,100000,46,持分移轉,03480000
RPQPMLNKJHLGFDA67EA,西松段三小段,5.25,都市：其他:第三種住宅區。,4,1,持分移轉,04240001
RPOOMLLKKHLGFCA07DA,德惠段三小段,.01,都市：其他:第三種住宅區。,10000,1,持分移轉,06710000
RPOOMLLKKHLGFCA07DA,德惠段三小段,.01,都市：其他:第三種住宅區。,10000,1,持分移轉,06720000
RPOOMLLKKHLGFCA07DA,德惠段三小段,.11,都市：其他:第三之二種住宅區 但是否在道路用地(公共設施用地)(應依建築線或俟地籍測量分割後，再確定)。,10000,1,持分移轉,06730000
RPRNMLNJKHLGFCA37DA,東湖段六小段,444.34,都市：其他:公園用地(公共設施用地)。58/8/22,210000,2405,持分移轉,04610000
RPRNMLNJKHLGFCA37DA,東湖段六小段,22.69,都市：其他:公園用地(公共設施用地)。58/8/22,350,10,持分移轉,05090000
RPOOMLTJKHLGFCA77DA,潭美段三小段,.99,都市：其他:第參種工業區(不得作住宅使用)。,20000,3,持分移轉,05390000
RPSNMLPJKHLGFAA47DA,木柵段一小段,1.45,都市：其他:第三種住宅區。,10000,15,持分移轉,01950000
RPOOMLMJKHLGFEA27DA,蘭雅段二小段,.03,都市：其他:第參種工業區(不得作住宅使用)。,100000,1,持分移轉,00050000
RPOOMLMJKHLGFEA27DA,蘭雅段二小段,.00,都市：其他:第三種住宅區。,100000,1,持分移轉,00070000
RPOOMLMJKHLGFEA27DA,蘭雅段二小段,.01,都市：其他:第三種住宅區。,100000,1,持分移轉,00130000
RPUNMLNLKHLGFDA97DA,玉成段三小段,51.95,都市：其他:第參種工業區(不得作住宅使用)。,10000,617,持分移轉,00210000
RPPNMLKKKHLGFDA07DA,經貿段,11.07,都市：其他:住宅區(供商務住宅使用)。,10000,214,持分移轉,00290003
RPVNMLNLKHLGFFA28DA,復興段一小段,6.19,都市：其他:敦化南北路特定專用區(A區)(依都市計畫說明書圖規定辦理)(原屬第肆種住宅區)。,1000000,11060,持分移轉,00030000
RPPOMLOJKHLGFCA37DA,長安段四小段,2.14,都市：其他:第參種商業區(依都市計畫說明書圖規定辦理，始得作第參種商業區使用)(原屬第貳種商業區)。,10000,25,持分移轉,03370000
RPVNMLNLKHLGFFA28DA,復興段一小段,17.68,都市：其他:敦化南北路特定專用區(A區)(依都市計畫說明書圖規定辦理)(原屬第肆之壹種住宅區)。,1000000,11060,持分移轉,00030002
RPTNMLOLKHLGFEA08DA,桃源段四小段,27.63,都市：其他:第三種住宅區。,10000,206,持分移轉,01110000
RPQNMLNLKHLGFBA47EA,文昌段二小段,2.67,都市：其他:道路用地(公共設施用地)。48/11/20,411840,1890,持分移轉,00720000
RPRNMLMJKHLGFCA27DA,文德段一小段,20.00,都市：其他:公園用地(公共設施用地)。63/1/5,1,1,全筆移轉,02100006
RPUOMLMKKHLGFCA77DA,吉林段二小段,34.65,都市：其他:第三種住宅區。,10000,222,持分移轉,04420000
RPPNMLMKKHLGFEA47EA,華岡段一小段,4.84,都市：其他:道路用地(公共設施用地)。68/2/28,1,1,全筆移轉,02370002
RPRNMLNKKHLGFEA67DA,大業段三小段,3.67,都市：其他:第三種商業區。,132420,4414,持分移轉,00360000
RPRNMLNKKHLGFBA47EA,雙園段一小段,10.67,都市：其他:第三之一種住宅區。,75,4,持分移轉,03620000
RPSNMLLKKHLGFDA47DA,玉成段三小段,.84,都市：其他:第一種商業區。,10000,3,持分移轉,02430000
RPTNMLMKKHLGFBA47DA,莒光段三小段,5.80,都市：其他:第三種住宅區。,40000,113,持分移轉,04760000
RPTNMLPLKHLGFFA28DA,懷生段二小段,9.60,都市：其他:第三種住宅區。,10,1,持分移轉,05680000
RPRNMLTJKHLGFEA28EA,大業段一小段,24.96,都市：其他:第參種商業區(依都市計畫說明書圖規定辦理，始得作第參種商業區使用)(原屬第參之壹種住宅區)。,30000,2002,持分移轉,09080000
RPSNMLNKKHLGFEA87EA,立農段三小段,.01,都市：其他:道路用地(公共設施用地)。51/7/14,9100,1,持分移轉,00600001
RPUNMLPLKHLGFFA38DA,學府段三小段,.77,都市：其他:第參種商業區(依都市計畫說明書圖規定辦理，始得作第參種商業區使用)(原屬第貳種商業區)。,5368,29,持分移轉,04010000
RPQNMLNKJIKGFAA17EA,景美段五小段,1.02,都市：其他:第三種商業區。,100000,24,持分移轉,00420000
RPQNMLOLKHLGFEA87EA,立農段五小段,7.30,都市：其他:第一種商業區。,2479932,41120,持分移轉,03560000
RPUNMLNKKHLGFDA87DA,西松段一小段,1.68,都市：其他:第三之一種住宅區。,307000,188,持分移轉,00090007
RPQNMLOLKHLGFEA87EA,立農段五小段,8.59,都市：其他:第一種商業區。,2479932,11538,持分移轉,03570000
RPQNMLOLKHLGFEA87EA,立農段五小段,.01,都市：其他:道路用地(公共設施用地)。66/10/21,2479932,11538,持分移轉,03570006
RPUNMLNKKHLGFDA87DA,西松段一小段,2.18,都市：其他:第三種住宅區。,307000,188,持分移轉,00090038
RPRNMLOLKHLGFCA77EA,德惠段二小段,91.50,都市：其他:道路用地(公共設施用地)。56/10/5,4200000,314993,持分移轉,08320000
RPSNMLOLKHLGFCA87EA,東湖段二小段,36.78,都市：其他:第參種商業區(依都市計畫說明書圖規定辦理，始得作第參種商業區使用)(原屬第壹種商業區)。,100000,3685,持分移轉,00300017
RPPNMLMKKHLGFCA27EA,長春段一小段,5.90,都市：其他:道路用地(公共設施用地)。45/5/4,1,1,全筆移轉,02440002
RPSNMLMKKHLGFAA27DA,興安段一小段,.26,都市：其他:市場用地(公共設施用地)。62/10/24,10000,1,持分移轉,04870000
RPTNMLNKKHLGFCA67DA,吉林段二小段,1.49,都市：其他:第貳種商業區(依都市計畫說明書圖規定辦理，始得作第貳種商業區使用)(原屬第參種住宅區)。,10000,20,持分移轉,09330000
RPTNMLNKKHLGFCA67DA,吉林段二小段,.55,都市：其他:第參種商業區(依都市計畫說明書圖規定辦理，始得作第參種商業區使用)(原屬第貳種商業區)。,10000,20,持分移轉,09330001
RPROMLLKKHLGFDA47DA,福德段二小段,4.12,都市：其他:道路用地(公共設施用地)。51/9/1,8,1,持分移轉,05890000
RPQOMLLKKHLGFDA37DA,福德段二小段,4.12,都市：其他:道路用地(公共設施用地)。51/9/1,8,1,持分移轉,05890000
RPSNMLMJLHLGFDA57DA,延吉段三小段,5.34,都市：其他:第三之一種住宅區(特)。,10000,19,持分移轉,02480000
RPTOMLQJKHLGFFA28DA,通化段六小段,1.06,都市：其他:敦化南北路特定專用區(B區)(依都市計畫說明書圖規定辦理)(原屬第參種住宅區及第參之壹種住宅區及第參之貳種住宅區)。,10000,5,持分移轉,01590000
RPVNMLQJKHLGFDA18DA,福德段二小段,8.25,都市：其他:道路用地(公共設施用地)。51/9/1,4,1,持分移轉,05890000
RPPNMLLJKHLGFDA07DA,敦化段一小段,4.42,都市：其他:第三種住宅區。,10000,33,持分移轉,05100000
RPPNMLLJKHLGFDA07DA,敦化段一小段,.18,都市：其他:第三種住宅區。,10000,33,持分移轉,05100002
RPPNMLLJKHLGFDA07DA,敦化段一小段,.04,都市：其他:第三種住宅區。,10000,33,持分移轉,05100003
RPVNMLNKKHLGFBA77DA,文昌段一小段,4.00,都市：其他:第三種住宅區。,1,1,全筆移轉,01680013
RPVNMLNKKHLGFBA77DA,文昌段一小段,226.00,都市：其他:第三種住宅區。,1,1,全筆移轉,02140000
RPPNMLTLJHLGFBA77DA,漢中段三小段,9.03,都市：其他:第四種商業區。,10000,153,持分移轉,04790000
RPVNMLPLKHLGFBA08DA,漢中段一小段,.00,都市：其他:第四種商業區。,20000,1,持分移轉,01020000
RPVNMLPLKHLGFBA08DA,漢中段一小段,.00,都市：其他:第四種商業區。,400000,1,持分移轉,01030000
RPVNMLPLKHLGFBA08DA,漢中段一小段,.05,都市：其他:第四種商業區。,2400000,752,持分移轉,01040000
RPVNMLPLKHLGFBA08DA,漢中段一小段,.01,都市：其他:第四種商業區。,40000,1,持分移轉,01080000
RPVNMLPLKHLGFBA08DA,漢中段一小段,.00,都市：其他:第四種商業區。,40000,1,持分移轉,01350000
RPVNMLPLKHLGFBA08DA,漢中段一小段,.00,都市：其他:第四種商業區。,40000,1,持分移轉,01360000
RPVNMLPLKHLGFBA08DA,漢中段一小段,.05,都市：其他:第四種商業區。,60000,752,持分移轉,01370000
RPVNMLPLKHLGFBA08DA,漢中段一小段,.00,都市：其他:第四種商業區。,40000,1,持分移轉,01380000
RPVNMLPLKHLGFBA08DA,漢中段一小段,.00,都市：其他:第四種商業區。,40000,1,持分移轉,01390000
RPVNMLPLKHLGFBA08DA,漢中段一小段,.01,都市：其他:第四種商業區。,20000,1,持分移轉,01400000
RPVNMLPLKHLGFBA08DA,漢中段一小段,.00,都市：其他:第四種商業區。,400000,1,持分移轉,01410000
RPWNMLQJKHLGFEA38DA,芝蘭段一小段,11.64,都市：其他:第三種住宅區。,10000,72,持分移轉,02180000
RPXNMLKKKHLGFCA77DA,金泰段,47.09,都市：其他:住宅區(供拆遷安置專案住宅使用)。,15625,7,持分移轉,00720000
RPUNMLMJLHLGFCA67DA,康寧段三小段,2.14,都市：其他:第三種住宅區。,10000,6,持分移轉,05410003
RPPNMLQJKHLGFCA47DA,中山段二小段,.15,都市：其他:第三種商業區。,100000,10,持分移轉,01180000
RPQNMLQJKHLGFDA67DA,新光段二小段,24.28,都市：其他:第三種住宅區。,20000,156,持分移轉,05980000
RPQNMLQJKHLGFDA67DA,新光段二小段,3.56,都市：其他:第二種住宅區。,20000,156,持分移轉,05990000
RPQNMLQJKHLGFDA67DA,新光段二小段,.27,都市：其他:第二種住宅區。,20000,156,持分移轉,06000000
RPWNMLOKKHLGFEA28DA,中洲段,.55,都市：其他:堤防用地(公共設施用地)(將來係採用區段徵收之方式辦理整體開發)。80/6/5,33912,107,持分移轉,08930000
RPWNMLOKKHLGFEA28DA,中洲段,.09,都市：其他:堤防用地(公共設施用地)(將來係採用區段徵收之方式辦理整體開發)。80/6/5,33912,107,持分移轉,08940000
RPWNMLOKKHLGFEA28DA,中洲段,.21,都市：其他:道路用地(公共設施用地)(將來採區段徵收方式辦理整體開發)。100/6/8,33912,107,持分移轉,09030000
RPWNMLOKKHLGFEA28DA,中洲段,6.53,都市：其他:道路用地(公共設施用地) 但是否在遊樂區(細部計畫尚未完成，尚未能准許依變更後計畫用途使用應依建築線或俟地籍測量分割後，再確定)。,33912,107,持分移轉,09040000
RPWNMLOKKHLGFEA28DA,中洲段,.84,都市：其他:堤防用地(公共設施用地)(將來係採用區段徵收之方式辦理整體開發)。80/6/5,33912,107,持分移轉,09070000
RPWNMLOKKHLGFEA28DA,中洲段,11.10,都市：其他:遊樂區(細部計畫尚未完成，尚未能准許依變更後計畫用途使用) 但是否在道路用地(公共設施用地)(應依建築線或俟地籍測量分割後，再確定)。,33912,107,持分移轉,09100000
RPWNMLOKKHLGFEA28DA,中洲段,13.58,都市：其他:道路用地(公共設施用地) 但是否在遊樂區(細部計畫尚未完成，尚未能准許依變更後計畫用途使用應依建築線或俟地籍測量分割後，再確定)。,33912,107,持分移轉,09110000
RPWNMLOKKHLGFEA28DA,中洲段,17.78,都市：其他:堤防用地(公共設施用地)(將來係採用區段徵收之方式辦理整體開發)。80/6/5,33912,107,持分移轉,09120000
RPWNMLOKKHLGFEA28DA,中洲段,.45,都市：其他:堤防用地(公共設施用地)(將來係採用區段徵收之方式辦理整體開發)。80/6/5,33912,107,持分移轉,09190000
RPTNMLOLKHLGFBA77DA,橋北段三小段,.19,都市：其他:第四種住宅區。,3240,12,持分移轉,00650000
RPTNMLOLKHLGFBA77DA,橋北段三小段,.12,都市：其他:道路用地(公共設施用地)。68/5/28,3240,12,持分移轉,00650001
RPTNMLOLKHLGFBA77DA,橋北段一小段,.46,都市：其他:第三之一種住宅區。,1260,36,持分移轉,07460000
RPTNMLOLKHLGFBA77DA,橋北段一小段,3.34,都市：其他:第三之一種住宅區 但是否在第三種住宅區(應依建築線或俟地籍測量分割後，再確定)。,1260,36,持分移轉,07460001
RPXOMLQLKHLGFBA48DA,延平段一小段,3.09,都市：其他:特定專用區(供一般商業使用),64,9,持分移轉,05180000
RPXOMLQLKHLGFBA48DA,延平段一小段,5.50,都市：其他:特定專用區(供一般商業使用),4,1,持分移轉,05180000
RPXOMLQLKHLGFBA48DA,延平段一小段,12.52,都市：其他:特定專用區(供一般商業使用),64,9,持分移轉,05190000
RPXOMLQLKHLGFBA48DA,延平段一小段,22.25,都市：其他:特定專用區(供一般商業使用),4,1,持分移轉,05190000
RPPNMLNJLHLGFEA57EA,溪洲段二小段,10.06,都市：其他:道路用地(公共設施用地)(將來採區段徵收方式辦理整體開發)。100/6/8,90,1,持分移轉,04700000
RPPNMLNJLHLGFEA57EA,溪洲段二小段,3.91,都市：其他:住宅區(細部計畫尚未完成，尚未能准許依變更後計畫用途使用) 但是否在道路用地(公共設施用地)(應依建築線或俟地籍測量分割後，再確定)。,90,1,持分移轉,04710000
RPPNMLNJLHLGFEA57EA,溪洲段二小段,11.66,都市：其他:住宅區(細部計畫尚未完成，尚未能准許依變更後計畫用途使用) 但是否在道路用地(公共設施用地)(應依建築線或俟地籍測量分割後，再確定)。,90,1,持分移轉,04720000
RPPNMLNJLHLGFEA57EA,溪洲段三小段,.82,都市：其他:道路用地(公共設施用地)(將來採區段徵收方式辦理整體開發)。100/6/8,272160,983,持分移轉,04960000
RPPNMLNJLHLGFEA57EA,溪洲段三小段,1.86,都市：其他:堤防用地(公共設施用地)(將來係採用區段徵收之方式辦理整體開發)。80/6/5,272160,983,持分移轉,04970000
RPPNMLNJLHLGFEA57EA,溪洲段三小段,2.15,都市：其他:堤防用地(公共設施用地)(將來係採用區段徵收之方式辦理整體開發)。80/6/5,272160,983,持分移轉,05030000
RPPNMLNJLHLGFEA57EA,溪洲段三小段,11.85,都市：其他:堤防用地(公共設施用地)(將來係採用區段徵收之方式辦理整體開發)。80/6/5,54432,983,持分移轉,05060000
RPPNMLNJLHLGFEA57EA,溪洲段三小段,.08,都市：其他:道路用地(公共設施用地)(將來採區段徵收方式辦理整體開發)。100/6/8,272160,983,持分移轉,06380000
RPVRMLKKKHLGFBA87DA,雙連段二小段,12.20,都市：其他:第四種住宅區。,100000,276,持分移轉,02330000
RPPNMLNJLHLGFEA57EA,溪洲段三小段,.46,都市：其他:堤防用地(公共設施用地)(將來係採用區段徵收之方式辦理整體開發)。80/6/5,272160,983,持分移轉,06390000
RPPNMLNJLHLGFEA57EA,溪洲段三小段,2.98,都市：其他:堤防用地(公共設施用地)(將來係採用區段徵收之方式辦理整體開發)。80/6/5,272160,983,持分移轉,06400000
RPPNMLNJLHLGFEA57EA,溪洲段三小段,.18,都市：其他:堤防用地(公共設施用地)(將來係採用區段徵收之方式辦理整體開發)。80/6/5,272160,983,持分移轉,07350000
RPPNMLOKKHLGFDA47DA,寶清段六小段,6.26,都市：其他:第三種商業區。,10000,39,持分移轉,01910000
RPQNMLNJLHLGFBA37EA,市府段三小段,6.89,都市：其他:第三種商業區。,9,1,持分移轉,06610000
RPXRMLNJLHLGFDA58DA,南港段四小段,43.50,都市：其他:第三種住宅區。,1000,750,持分移轉,00620000
RPSNMLPLKHLGFFA18DA,通化段四小段,10.12,都市：其他:第參種商業區(依都市計畫說明書圖規定辦理，始得作第參種商業區使用)(原屬第參種住宅區)。,8,1,持分移轉,02100000
RPVNMLMJLHLGFCA77DA,石潭段二小段,51.17,都市：其他:公園用地(公共設施用地)。63/1/5,60,1,持分移轉,02220000
RPVNMLMJLHLGFCA77DA,石潭段二小段,6.76,都市：其他:公園用地(公共設施用地)。63/1/5,60,1,持分移轉,02230000
RPPNMLPJLHLGFAA37EA,公訓段三小段,6.98,都市：其他:第二種住宅區。,10000,25,持分移轉,02850000
RPPNMLMKKHLGFEA37DA,溫泉段一小段,7.53,都市：其他:第三種商業區。,7200,308,持分移轉,02600000
RPQNMLPJLHLGFAA47EA,華興段四小段,38.59,都市：其他:第三種住宅區。,10000,156,持分移轉,00390000
RPQNMLPJLHLGFAA47EA,華興段四小段,.78,都市：其他:第三種住宅區。,10000,156,持分移轉,00390004
RPTOMLQJKHLGFCA97DA,榮星段六小段,17.18,都市：其他:第三種商業區(原屬第參之貳種住宅區於七十九年九月十三日變更為第貳種商業區又於八十四年九月二十七日調整為第參種商業區(均應依前述都市計畫說明書圖規定辦理))。,20762430,160870,持分移轉,04550000
RPTOMLQJKHLGFCA97DA,榮星段六小段,3.51,都市：其他:第參種商業區(依都市計畫說明書圖規定辦理，始得作第參種商業區使用)(原屬第參種住宅區)。,20762430,160870,持分移轉,04550001
RPRNMLMJLHLGFCA47EA,潭美段三小段,.64,都市：其他:第參種工業區(不得作住宅使用)。,100000,11,持分移轉,05420000
RPPNMLOJLHLGFBA37EA,市府段一小段,.05,都市：其他:第三種商業區。,7700,5,持分移轉,03550000
RPPNMLOJLHLGFBA37EA,市府段一小段,5.33,都市：其他:第三種商業區。,5000,213,持分移轉,03590000
RPPNMLNLKHLGFDA57EA,南港段四小段,14.73,都市：其他:道路用地(公共設施用地)。62/10/19,20000,1222,持分移轉,00890000
RPPNMLOJLHLGFDA57EA,敦化段五小段,35.06,都市：其他:第三種住宅區。,96,6,持分移轉,00190004
RPRNMLNLKHLGFDA77EA,向陽段,.13,都市：其他:商業區(供一般商業使用不得作住宅使用)。,10000,1,持分移轉,00130002
RPQNMLNLKHLGFDA67EA,西松段一小段,32.80,都市：其他:第三種住宅區。,5,1,持分移轉,00440100
RPRNMLPJLHLGFBA67EA,臨沂段三小段,6.69,都市：其他:第三種住宅區。,10000,82,持分移轉,04900000
RPQNMLOJLHLGFBA47EA,漢中段二小段,4.97,都市：其他:第四種商業區。,100000,105,持分移轉,09770000
RPROMLMKKHLGFCA47DA,中山段三小段,2.23,都市：其他:第肆種商業區(依都市計畫說明書圖規定辦理，始得作第肆種商業區使用)(原屬第參種商業區)。,10000,34,持分移轉,02160000
RPPNMLPJLHLGFEA77EA,三玉段三小段,17.53,都市：其他:第三種住宅區。,5000,1905,持分移轉,02800000
RPPRMLNJLHLGFDA77DA,西松段二小段,3.56,都市：其他:第三種住宅區。,64,2,持分移轉,02950000
RPUNMLOJLHLGFAA77EA,博嘉段四小段,.21,都市：其他:道路用地(公共設施用地)。58/4/28,10000,262,持分移轉,03100000
RPQOMLNKKHLGFFA77DA,仁愛段二小段,3.35,都市：其他:第四種住宅區。,241088,515,持分移轉,02380000
RPPNMLMJLHLGFAA96DA,木柵段一小段,10.68,都市：其他:第三種商業區。,6250,27,持分移轉,10290000
RPQNMLNKJHLGFDA47EA,南港段四小段,881.00,都市：其他:道路用地(公共設施用地)。62/10/19,1,1,全筆移轉,01200049
RPPNMLMKJHLGFDA27EA,永吉段四小段,14.99,都市：其他:第三種住宅區。,230400,636,持分移轉,00870000
RPPOMLPJLHLGFCA57DA,吉林段四小段,40.52,都市：其他:第三種住宅區。,10000,5254,持分移轉,00630001
RPPOMLPJLHLGFCA57DA,吉林段四小段,26.73,都市：其他:第貳種商業區(依都市計畫說明書圖規定辦理，始得作第貳種商業區使用)(原屬第參種住宅區)。,10000,5254,持分移轉,00630003
RPPNMLOKJHLGFEA57EA,振興段四小段,.24,都市：其他:第三種住宅區。,10000,5,持分移轉,05150000
RPUNMLOKJHLGFEA08EA,溪洲段一小段,100.00,都市：其他:公園用地(公共設施用地)(將來採區段徵收方式辦理整體開發)。,2,1,持分移轉,00180032
RPPNMLPLKHLGFFA97EA,通化段一小段,1.00,都市：其他:第三種住宅區。,420,7,持分移轉,04480000
RPTNMLNKJHLGFCA67EA,榮星段五小段,.21,都市：其他:第三種住宅區。,10000,5,持分移轉,06440000
RPQNMLOKJHLGFCA47EA,德惠段四小段,.50,都市：其他:第肆種商業區(依都市計畫說明書圖規定辦理，始得作第肆種商業區使用)(原屬第參種商業區)。,200000,150,持分移轉,04200000
RPSNMLNKJHLGFCA57EA,榮星段五小段,.21,都市：其他:第三種住宅區。,10000,5,持分移轉,06440000
RPPNMLKKJHLGFEA07DA,福林段一小段,12.65,都市：其他:第三種住宅區。,100000,117,持分移轉,03310000
RPSNMLOKJHLGFEA87EA,溪洲段一小段,100.00,都市：其他:公園用地(公共設施用地)(將來採區段徵收方式辦理整體開發)。,2,1,持分移轉,00180033
RPSNMLOKJHLGFCA67EA,正義段二小段,2.59,都市：其他:第肆種商業區(依都市計畫說明書圖規定辦理，始得作第肆種商業區使用)(原屬第參種商業區) 但是否在道路用地(公共設施用地)(應依建築線或俟地籍測量分割後，再確定)。,10000,103,持分移轉,01330000
RPSNMLOKJHLGFEA77DA,富安段一小段,16.23,都市：其他:娛樂區(細部計畫尚未完成，尚未能准許依變更後計畫用途使用)。,630,7,持分移轉,01580000
RPUNMLMJJHLGFBA37DA,青年段一小段,7.60,都市：其他:第一種商業區(特)。,15080,71,持分移轉,01420000
RPVNMLOKJHLGFEA18EA,溪洲段一小段,100.00,都市：其他:公園用地(公共設施用地)(將來採區段徵收方式辦理整體開發)。,2,1,持分移轉,00180032
RPTNMLMKJHLGFBA37DA,福星段三小段,2.86,都市：其他:第四種商業區。,92400,286,持分移轉,03080000
RPSNMLMKJHLGFBA27DA,漢中段一小段,5.42,都市：其他:第四種商業區。,10000,160,持分移轉,03930000
RPQNMLQKJHLGFAA37DA,老泉段四小段,502.50,都市：其他:保護區。,2,1,持分移轉,05820001
RPTNMLOKJHLGFEA97EA,溪洲段一小段,100.00,都市：其他:公園用地(公共設施用地)(將來採區段徵收方式辦理整體開發)。,2,1,持分移轉,00180033
RPXNMLPKJHLGFCA18DA,西湖段二小段,.43,都市：其他:第三種住宅區。,100000,23,持分移轉,03520000
RPPNMLPKJHLGFEA67EA,天母段三小段,23.59,都市：其他:第三種住宅區。,40000,812,持分移轉,01560000
RPTNMLQLKHLGFEA28DA,富安段三小段,9.97,都市：其他:道路用地(公共設施用地)(將來採區段徵收方式辦理整體開發)。100/6/8,1344,15,持分移轉,03350000
RPTNMLQLKHLGFEA28DA,富安段三小段,12.96,都市：其他:車站用地(公共設施用地) 但是否在道路用地(公共設施用地)(應依建築線或俟地籍測量分割後，再確定將來採區段徵收方式辦理整體開發)。,1344,15,持分移轉,03590000
RPTNMLQLKHLGFEA28DA,溪洲段三小段,30.75,都市：其他:堤防用地(公共設施用地)(將來係採用區段徵收之方式辦理整體開發)。80/6/5,120,41,持分移轉,05620001
RPVNMLQLKHLGFEA48DA,溪洲段三小段,9.97,都市：其他:道路用地(公共設施用地)(將來採區段徵收方式辦理整體開發)。82/1/5,21600,2050,持分移轉,07100000
RPTNMLQLKHLGFEA28DA,溪洲段三小段,16.40,都市：其他:堤防用地(公共設施用地)(將來係採用區段徵收之方式辦理整體開發)。80/6/5,120,41,持分移轉,05630000
RPTNMLQLKHLGFEA28DA,溪洲段三小段,100.45,都市：其他:堤防用地(公共設施用地)(將來係採用區段徵收之方式辦理整體開發)。80/6/5,120,41,持分移轉,05640000
RPTNMLQLKHLGFEA28DA,溪洲段三小段,32.00,都市：其他:堤防用地(公共設施用地)。,1,1,全筆移轉,06080001
RPTNMLQLKHLGFEA28DA,溪洲段三小段,21.00,都市：其他:堤防用地(公共設施用地)。,1,1,全筆移轉,07300001
RPUNMLQLKHLGFEA38DA,溪洲段三小段,13.00,都市：其他:堤防用地(公共設施用地)(將來係採用區段徵收之方式辦理整體開發)。80/6/5,15,13,持分移轉,05550000
RPTNMLNKJHLGFDA77EA,犂和段一小段,4323.00,都市：其他:保護區。,1,1,全筆移轉,04440000
RPQOMLQKJHLGFAA47DA,華興段二小段,6.94,都市：其他:第三種住宅區。,48,1,持分移轉,07870000
RPQOMLQKJHLGFAA47DA,華興段二小段,.10,都市：其他:第三種住宅區。,48,1,持分移轉,08090000
RPQNMLQKJHLGFAA47EA,南海段五小段,5.20,都市：其他:第三種住宅區。,10000,16,持分移轉,05140000
RPQNMLTKJHLGFEA18EA,百齡段三小段,3.36,都市：其他:第參種工業區(不得作住宅使用)。,10000,6,持分移轉,01940000
RPQNMLTKJHLGFAA67DA,永昌段三小段,4.54,都市：其他:第三種住宅區。,243,2,持分移轉,04750000
RPQNMLQKJHLGFCA67EA,正義段三小段,7.42,都市：其他:第三種商業區。,10000,72,持分移轉,05120000
RPVNMLQLKHLGFCA28DA,吉林段五小段,5.14,都市：其他:第肆種商業區(依都市計畫說明書圖規定辦理，始得作第肆種商業區使用)(原屬第參種商業區)。,100000,145,持分移轉,03140000
RPPNMLQKJHLGFAA37EA,萬慶段三小段,6.71,都市：其他:市場用地(公共設施用地)。,10000,24,持分移轉,00920000
RPTNMLTKJHLGFEA48EA,芝山段一小段,2.96,都市：其他:第三種住宅區。,10000,8,持分移轉,00160000
RPPNMLQKJHLGFEA77EA,八仙段一小段,55.72,都市：其他:農業區,2916,54,持分移轉,03520000
RPTNMLTKJHLGFFA48DA,懷生段四小段,.32,都市：其他:第三之二種住宅區。,10000,10,持分移轉,05340000
RPQNMLPJJHLGFFA67DA,龍泉段一小段,.21,都市：其他:第三種住宅區。,1000000,300,持分移轉,07990000
RPQNMLPJJHLGFFA67DA,龍泉段一小段,.31,都市：其他:第參種商業區(依都市計畫說明書圖規定辦理，始得作第參種商業區使用)(原屬第貳種商業區)。,1000000,300,持分移轉,08010000
RPPNMLKLJHLGFBA96EA,雙連段三小段,8.30,都市：其他:第四種住宅區。,20000,550,持分移轉,02780008
RPWNMLPJJHLGFFA28DA,仁愛段六小段,.03,都市：其他:第四之一種住宅區(特)。,100000,8,持分移轉,06160006
RPPNMLTKJHLGFFA18EA,復興段一小段,1.80,都市：其他:道路用地(公共設施用地)。48/3/13,262080,1365,持分移轉,06570000
RPPNMLTKJHLGFFA18EA,復興段一小段,.10,都市：其他:第肆種商業區(依都市計畫說明書圖規定辦理，始得作第肆種商業區使用)(原屬第肆種住宅區)。,262080,1365,持分移轉,06570001
RPPNMLTKJHLGFFA18EA,復興段一小段,5.76,都市：其他:第肆種商業區(依都市計畫說明書圖規定辦理，始得作第肆種商業區使用)(原屬第貳種商業區)。,262080,1365,持分移轉,06580000
RPPNMLTKJHLGFFA18EA,復興段一小段,2.57,都市：其他:第肆種商業區(依都市計畫說明書圖規定辦理，始得作第肆種商業區使用)(原屬第肆種住宅區)。,262080,1365,持分移轉,06580001
RPQNMLQJJHLGFBA37DA,雙連段一小段,5.65,都市：其他:第四之一種住宅區。,100000,1889,持分移轉,06290000
RPUNMLOKJHLGFAA57DA,指南段二小段,.35,都市：其他:保護區。,72,1,持分移轉,03620002
RPSNMLOKJHLGFAA37DA,指南段二小段,.35,都市：其他:保護區。,72,1,持分移轉,03620002
RPUNMLOKJHLGFAA57DA,指南段二小段,1.49,都市：其他:保護區。,72,1,持分移轉,03630002
RPSNMLOKJHLGFAA37DA,指南段二小段,1.49,都市：其他:保護區。,72,1,持分移轉,03630002
RPWNMLOKJHLGFAA77DA,指南段二小段,2.08,都市：其他:保護區。,72,6,持分移轉,03620002
RPRNMLOKJHLGFAA27DA,指南段二小段,.35,都市：其他:保護區。,72,1,持分移轉,03620002
RPWNMLOKJHLGFAA77DA,指南段二小段,8.92,都市：其他:保護區。,72,6,持分移轉,03630002
RPRNMLOKJHLGFAA27DA,指南段二小段,1.49,都市：其他:保護區。,72,1,持分移轉,03630002
RPQNMLOKJHLGFAA17DA,指南段二小段,.35,都市：其他:保護區。,72,1,持分移轉,03620002
RPQNMLOKJHLGFAA17DA,指南段二小段,1.49,都市：其他:保護區。,72,1,持分移轉,03630002
RPVNMLOKJHLGFAA67DA,指南段二小段,2.08,都市：其他:保護區。,72,6,持分移轉,03620002
RPTNMLOKJHLGFAA47DA,指南段二小段,.35,都市：其他:保護區。,72,1,持分移轉,03620002
RPVNMLOKJHLGFAA67DA,指南段二小段,8.92,都市：其他:保護區。,72,6,持分移轉,03630002
RPTNMLOKJHLGFAA47DA,指南段二小段,1.49,都市：其他:保護區。,72,1,持分移轉,03630002
RPQOMLPKJHLGFCA57DA,石潭段一小段,.35,都市：其他:第三之一種住宅區 但是否在道路用地(公共設施用地)(應依建築線或俟地籍測量分割後，再確定)。,10000,1,持分移轉,02550000
RPQOMLPKJHLGFCA57DA,石潭段一小段,.15,都市：其他:第三種住宅區。,10000,1,持分移轉,02550001
RPTNMLKLJHLGFAA17DA,南海段二小段,.11,都市：其他:第參種商業區(依都市計畫說明書圖規定辦理，始得作第參種商業區使用)(原屬第貳種商業區)。,10000,1,持分移轉,03320000
RPTNMLKLJHLGFAA17DA,南海段二小段,.06,都市：其他:第三種住宅區。,10000,1,持分移轉,04050000
RPOOMLQKJHLGFEA67DA,福林段三小段,.24,都市：其他:第三種住宅區。,10000,5,持分移轉,04760000
RPPOMLTKJHLGFCA87DA,東湖段一小段,.04,都市：其他:第三種住宅區。,67200,7,持分移轉,00310009
RPVNMLQJJHLGFDA08DA,美仁段二小段,16.13,都市：其他:第三之一種住宅區,10000,604,持分移轉,07610000
RPVNMLQJJHLGFDA08DA,美仁段二小段,5.38,都市：其他:第三種住宅區。,10000,604,持分移轉,07610001
RPTNMLTKJHLGFAA08EA,萬慶段三小段,55.00,都市：其他:道路用地(公共設施用地)。62/10/24,1,1,全筆移轉,01450000
RPTNMLSJJHLGFFA28DA,懷生段四小段,57.61,都市：其他:第三種住宅區。,10000,473,持分移轉,05580000
RPPNMLLLJHLGFAA96EA,興隆段一小段,6.04,都市：其他:道路用地(公共設施用地)。60/10/12,56,1,持分移轉,03550001
RPPNMLLLJHLGFAA96EA,興隆段一小段,.57,都市：其他:道路用地(公共設施用地)。60/10/12,168,5,持分移轉,03740001
RPPNMLLLJHLGFAA96EA,興隆段一小段,4.29,都市：其他:道路用地(公共設施用地)。60/10/12,168,4,持分移轉,03750001
RPQNMLLLJHLGFAA07EA,公訓段三小段,.32,都市：其他:第三種住宅區。,10000,1,持分移轉,03600000
RPQNMLLLJHLGFAA07EA,公訓段三小段,.04,都市：其他:第二種住宅區。,10000,1,持分移轉,03780001
RPQNMLLLJHLGFAA07EA,萬芳段三小段,.00,都市：其他:第三種住宅區。,10000,1,持分移轉,08380001
RPSNMLLLJHLGFEA67EA,永平段三小段,1.53,都市：其他:道路用地(公共設施用地)。56/9/12,128,2,持分移轉,00390000
RPSNMLLLJHLGFEA67EA,永平段一小段,1.05,都市：其他:道路用地(公共設施用地)。56/9/12,128,2,持分移轉,01530000
RPSNMLLLJHLGFEA67EA,三玉段五小段,9.00,都市：其他:道路用地(公共設施用地)。66/1/12,1,1,全筆移轉,06380000
RPOOMLTKJHLGFDA87DA,敦化段一小段,15.00,都市：其他:道路用地(公共設施用地)。48/3/13,4,2,持分移轉,00690000
RPOOMLTKJHLGFDA87DA,敦化段一小段,9.00,都市：其他:道路用地(公共設施用地)。48/3/13,4,2,持分移轉,00730000
RPOOMLTKJHLGFDA87DA,敦化段一小段,9.00,都市：其他:道路用地(公共設施用地)。48/3/13,4,2,持分移轉,00740000
RPTNMLLLJHLGFEA77EA,蘭雅段一小段,46.78,都市：其他:道路用地(公共設施用地)。65/8/26,36,4,持分移轉,06140000
RPVOMLKLJHLGFCA77EA,潭美段四小段,66.00,都市：其他:第三種住宅區。,1,1,全筆移轉,01180000
RPVOMLKLJHLGFCA77EA,潭美段四小段,5.37,都市：其他:第三種住宅區。,38,2,持分移轉,01230000
RPSNMLQKJHLGFBA67DA,龍山段二小段,21.38,都市：其他:第三種商業區。,10000,503,持分移轉,01750000
RPVOMLQKJHLGFFA48DA,學府段一小段,2.86,都市：其他:第參種商業區(依都市計畫說明書圖規定辦理，始得作第參種商業區使用)(原屬第貳種商業區)。,451400000,5245268,持分移轉,06370000
RPVOMLQKJHLGFFA48DA,學府段一小段,15.72,都市：其他:第三之一種住宅區。,451400000,5245268,持分移轉,06380000
RPVOMLQKJHLGFFA48DA,學府段一小段,2.43,都市：其他:第三種住宅區。,451400000,5245268,持分移轉,06390000
RPUOMLKLJHLGFCA67EA,德惠段三小段,6.31,都市：其他:第三種住宅區。,16,1,持分移轉,02510000
RPUOMLKLJHLGFCA67EA,德惠段三小段,3.25,都市：其他:第三之二種住宅區。,16,1,持分移轉,02510001
RPPNMLMLJHLGFDA37EA,玉成段一小段,45.50,都市：其他:第參種工業區(不得作住宅使用)。,16,4,持分移轉,03080000
RPUNMLQKJHLGFAA77DA,指南段二小段,.35,都市：其他:保護區。,72,1,持分移轉,03620002
RPUNMLQKJHLGFAA77DA,指南段二小段,1.49,都市：其他:保護區。,72,1,持分移轉,03630002
RPUNMLSJJHLGFFA38DA,懷生段四小段,57.61,都市：其他:第三種住宅區。,10000,473,持分移轉,05580000
RPQOMLKLJHLGFCA17DA,碧湖段三小段,23.56,都市：其他:第二種住宅區。,20000,294,持分移轉,01590000
RPQNMLLLJHLGFFA57EA,大安段三小段,.37,都市：其他:第三種住宅區。,100000,100,持分移轉,01400000
RPWNMLLLJHLGFEA08EA,溫泉段二小段,10.14,都市：其他:第三種商業區 但是否在道路用地(公共設施用地)(應依建築線或俟地籍測量分割後，再確定)。,10000,461,持分移轉,05260000
RPRNMLKLJHLGFBA17EA,城中段二小段,4.67,都市：其他:第四種商業區。,3,2,持分移轉,01040000
RPRNMLKLJHLGFBA17EA,城中段二小段,15.86,都市：其他:第四種商業區。,944740,115288,持分移轉,01080000
RPRNMLKLJHLGFBA17EA,城中段二小段,1.83,都市：其他:第四種商業區。,944740,115288,持分移轉,01090000
RPRNMLKLJHLGFBA17EA,城中段二小段,.42,都市：其他:道路用地(公共設施用地)。60/8/26,472370,50014,持分移轉,01090001
RPWNMLMLJHLGFEA18EA,永平段二小段,28.22,都市：其他:第三種住宅區。,22740,564,持分移轉,02230000
RPPNMLNLJHLGFEA57EA,三玉段一小段,40.64,都市：其他:第三種住宅區。,5000,161,持分移轉,04470000
RPVPMLNLJHLGFAA87DA,永昌段四小段,24.25,都市：其他:第三種住宅區。,4,1,持分移轉,06050000
RPVPMLNLJHLGFAA87DA,永昌段四小段,5.00,都市：其他:道路用地(公共設施用地)。70/1/14,4,1,持分移轉,06050001
RPROMLTJJHLGFDA08DA,犂和段三小段,20.75,都市：其他:第三種住宅區。,4,1,持分移轉,01660000
RPVNMLMJLHLGFFA08DA,金華段一小段,7.00,都市：其他:第三種住宅區。,10000,98,持分移轉,05650000
RPUNMLLLJHLGFBA47DA,華中段一小段,27.22,都市：其他:第三種住宅區。,10000,249,持分移轉,06190000
RPUNMLLLJHLGFBA47DA,華中段一小段,.60,都市：其他:第三種住宅區。,5,1,持分移轉,06660000
RPSNMLNKJHLGFDA67EA,玉成段四小段,7.88,都市：其他:第三種住宅區。,256,1,持分移轉,03190000
RPOPMLOKJHLGFDA47DA,福德段二小段,1.95,都市：其他:第三種住宅區。,10000,5,持分移轉,01650000
RPVNMLKLJHLGFCA57DA,德惠段四小段,5.26,都市：其他:第肆種商業區(依都市計畫說明書圖規定辦理，始得作第肆種商業區使用)(原屬第參種商業區)。,10000,54,持分移轉,04940000
RPUNMLPKJHLGFEA08DA,富安段一小段,161.86,都市：其他:公園用地(公共設施用地)及道路用地(公共設施用地) 但是否在娛樂區(細部計畫尚未完成，尚未能准許依變更後計畫用途使用應依建築線或俟地籍測量分割後，再確定)。,753210,6808,持分移轉,02180000
RPQOMLKLJHLGFFA47DA,金華段二小段,2.17,都市：其他:第參種商業區(依都市計畫說明書圖規定辦理，始得作第參種商業區使用)(原屬第貳種商業區)。,10000,39,持分移轉,04400000
RPQOMLKLJHLGFFA47DA,金華段二小段,.13,都市：其他:第三種住宅區。,10000,39,持分移轉,04400001
RPQOMLKLJHLGFFA47DA,金華段二小段,.30,都市：其他:第參種商業區(依都市計畫說明書圖規定辦理，始得作第參種商業區使用)(原屬第貳種商業區)。,10000,39,持分移轉,04410000
RPOOMLNLJHLGFAA17EA,公訓段二小段,42.00,都市：其他:第三種住宅區。,3,1,持分移轉,03410000
RPOOMLNLJHLGFAA17EA,公訓段二小段,33.67,都市：其他:第三種住宅區。,3,1,持分移轉,03560000
RPSNMLPKJHLGFEA87DA,百齡段三小段,29.65,都市：其他:第參種工業區(不得作住宅使用)。,10000,53,持分移轉,01940000
RPWNMLQJJHLGFCA08DA,德惠段四小段,3.00,都市：其他:第肆種商業區(依都市計畫說明書圖規定辦理，始得作第肆種商業區使用)(原屬第參種商業區)。,990,3,持分移轉,02830000
RPQNMLNKJHLGFCA27DA,長春段二小段,2.17,都市：其他:第三種住宅區。,10000,10,持分移轉,07920000
RPPNMLNLJHLGFDA47EA,玉成段二小段,25.00,都市：其他:第參種工業區(不得作住宅使用)。,1,1,全筆移轉,02500022
RPPNMLNLJHLGFDA47EA,玉成段二小段,88.00,都市：其他:第參種工業區(不得作住宅使用)。,1,1,全筆移轉,02500023
RPPNMLNLJHLGFDA47EA,玉成段二小段,106.00,都市：其他:第參種工業區(不得作住宅使用)。,1,1,全筆移轉,02510002
RPPNMLQLJHLGFAA37DA,頭廷段三小段,864.00,都市：其他:保護區。,1,1,全筆移轉,03720000
RPPNMLQLJHLGFAA37DA,頭廷段三小段,1036.00,都市：其他:保護區。,1,1,全筆移轉,03940000
RPQNMLMLJHLGFDA47EA,敦化段五小段,.95,都市：其他:第三種住宅區。,100000,32,持分移轉,00150000
RPQNMLLLJHLGFBA17EA,成功段一小段,6.03,都市：其他:資訊產業專用區,10000,73,持分移轉,00560000
RPPPMLQJJIKGFEA77DA,開明段二小段,3.54,都市：其他:第三種商業區。,1000000,9205,持分移轉,02330000
RPOOMLSKJIKGFCA77EA,吉林段四小段,10.68,都市：其他:第肆種商業區(依都市計畫說明書圖規定辦理，始得作第肆種商業區使用)(原屬第參種商業區)。,10000,52,持分移轉,05470000
RPRNMLQLJHLGFEA08EA,三玉段四小段,11.67,都市：其他:第三種住宅區。,30,14,持分移轉,05010000
RPQNMLNLJHLGFDA57EA,濱江段一小段,.03,都市：其他:公園用地(公共設施用地)。91/7/2,4000,1,持分移轉,02610000
RPTNMLRJJHLGFEA08DA,溪洲段二小段,301.62,都市：其他:國中用地(公共設施用地)及國小用地(公共設施用地) 但是否在道路用地(公共設施用地)(應依建築線或俟地籍測量分割後，再確定)。,16,1,持分移轉,01770000
RPTNMLRJJHLGFEA08DA,溪洲段二小段,164.75,都市：其他:【發生例外】找不到此地段之判斷式!,160,5,持分移轉,01840000
RPQOMLQLJHLGFCA77DA,西湖段二小段,22.32,都市：其他:第三種住宅區。,100000,2340,持分移轉,03480000
RPVNMLPKJHLGFEA18DA,桃源段二小段,.32,都市：其他:第三種住宅區。,100000,10,持分移轉,02100000
RPPNMLRKJHLGFCA57DA,碧湖段四小段,4.01,都市：其他:第三之一種住宅區。,10000,38,持分移轉,05420000
RPPNMLRKJHLGFCA57DA,碧湖段四小段,4.96,都市：其他:第三種住宅區。,10000,38,持分移轉,05420002
RPPNMLRKJHLGFCA57DA,碧湖段四小段,.05,都市：其他:道路用地(公共設施用地)。65/2/14,10000,153,持分移轉,05420003
RPOOMLOKJHLGFEA47DA,桃源段一小段,56.00,都市：其他:第三種住宅區。,1,1,全筆移轉,00130000
RPOOMLOKJHLGFEA47DA,桃源段一小段,4.00,都市：其他:第三種住宅區。,1,1,全筆移轉,00200000
RPSNMLQLJHLGFBA77DA,青年段一小段,18.97,都市：其他:第三種住宅區。,189330,156,持分移轉,00740000
RPWNMLMKJHLGFDA87DA,麗山段二小段,14.45,都市：其他:保護區。,560,34,持分移轉,01610000
RPWNMLMKJHLGFDA87DA,麗山段二小段,4.68,都市：其他:保護區。,280,17,持分移轉,01950000
RPWNMLMKJHLGFDA87DA,舊莊段四小段,18.15,都市：其他:保護區。,280,17,持分移轉,02890000
RPWNMLMKJHLGFDA87DA,舊莊段四小段,79.84,都市：其他:保護區。,280,17,持分移轉,02930000
RPWNMLMKJHLGFDA87DA,麗山段二小段,23.86,都市：其他:保護區。,280,17,持分移轉,04370000
RPWNMLMKJHLGFDA87DA,麗山段二小段,107.10,都市：其他:保護區。,280,17,持分移轉,04750000
RPUOMLQLJHLGFBA08DA,橋北段三小段,37.00,都市：其他:第三種住宅區。,12,3,持分移轉,06570000
RPXOMLKLJHLGFDA97DA,玉成段三小段,.75,都市：其他:第三種住宅區。,100000,20,持分移轉,09040000
RPXOMLKLJHLGFDA97DA,玉成段三小段,.38,都市：其他:第壹種商業區(依都市計畫說明書圖規定辦理，始得作第壹種商業區使用)(原屬第參之壹種住宅區)。,100000,20,持分移轉,09050000
RPVNMLQKJHLGFEA28DA,新民段四小段,.21,都市：其他:特定休閒旅館住宅專用區。,10000,171,持分移轉,02030000
RPVNMLQKJHLGFEA28DA,新民段四小段,30.97,都市：其他:特定休閒旅館住宅專用區。,10000,171,持分移轉,02040000
RPXNMLRLJHLGFBA38DA,延平段三小段,1.64,都市：其他:特定專用區(供一般商業使用)。,126000,4593,持分移轉,04700000
RPXNMLRLJHLGFBA38DA,延平段三小段,19.97,都市：其他:特定專用區(供一般商業使用)。,100000,3657,持分移轉,04710000
RPUNMLNLJHLGFEA97DA,光華段四小段,2.97,都市：其他:第參種商業區(依都市計畫說明書圖規定辦理，始得作第參種商業區使用)(原屬第參種住宅區)。,70000,185,持分移轉,00940000
RPWNMLNLJHLGFEA18DA,大業段二小段,.01,都市：其他:第參種商業區(依都市計畫說明書圖規定辦理，始得作第參種商業區使用)(原屬第參種住宅區)。,10000,20,持分移轉,07120012
RPWNMLNLJHLGFEA18DA,大業段二小段,1.21,都市：其他:第參種商業區(依都市計畫說明書圖規定辦理，始得作第參種商業區使用)(原屬第參之貳種住宅區)。,10000,20,持分移轉,07550000
RPUPMLQLJHLGFCA28DA,石潭段四小段,6.65,都市：其他:第三種商業區。,200000,474,持分移轉,04230000
RPSNMLQLJHLGFDA08EA,美仁段一小段,40.75,都市：其他:第三種住宅區。,4,1,持分移轉,07280000
RPQNMLRLJHLGFAA57DA,興泰段二小段,10.00,都市：其他:第三種住宅區。,5,1,持分移轉,02270001
RPPNMLQLJHLGFFA87DA,通化段四小段,5.37,都市：其他:第三之一種住宅區。,10000,467,持分移轉,07460019
RPPNMLQLJHLGFFA87DA,通化段四小段,19.01,都市：其他:第三種住宅區。,10000,467,持分移轉,07470000
RPPNMLSLJHLGFEA97DA,天山段二小段,44.62,都市：其他:第三種住宅區。,8,1,持分移轉,03420000
RPROMLTJJHLGFCA97DA,吉林段三小段,3.06,都市：其他:第肆種商業區(依都市計畫說明書圖規定辦理，始得作第肆種商業區使用)(原屬第參種商業區)。,90000,39,持分移轉,09210000
RPROMLTJJHLGFCA97DA,吉林段三小段,.01,都市：其他:道路用地(公共設施用地)。53/7/15,90000,39,持分移轉,09210006
RPRNMLRLJHLGFEA18EA,光華段四小段,7.39,都市：其他:第三種住宅區。,52000,58,持分移轉,08280000
RPXNMLRLJHLGFCA48DA,石潭段二小段,33.34,都市：其他:公園用地(公共設施用地)。63/1/5,30,1,持分移轉,01020000
RPROMLKLJHLGFDA37DA,永春段一小段,12.95,都市：其他:第三種住宅區。,80,7,持分移轉,02230000
RPROMLKLJHLGFDA37DA,永春段一小段,2.62,都市：其他:道路用地(公共設施用地)。51/9/1,80,7,持分移轉,02240000
SPOOMLKMJHLGFBA07DA,漢中段一小段,8.60,都市：其他:第四種商業區,5,1,持分移轉,03900000
RPTNMLPKJHLGFDA87DA,西松段二小段,.45,都市：其他:第二種商業區。,100000,20,持分移轉,00020000
RPTNMLPKJHLGFDA87DA,西松段二小段,.37,都市：其他:第三種住宅區。,100000,20,持分移轉,00330000
RPOOMLKMJHLGFBA96DA,漢中段一小段,4.80,都市：其他:第四種商業區,5,1,持分移轉,03900001
RPOOMLKMJHLGFBA96DA,漢中段一小段,3.80,都市：其他:第四種商業區,5,1,持分移轉,03910001
RPVOMLNLJHLGFDA08DA,新光段二小段,17.74,都市：其他:第三種住宅區。,546,6,持分移轉,03900000
RPVOMLNLJHLGFDA08DA,新光段二小段,.91,都市：其他:第三種住宅區。,546,6,持分移轉,03930000
RPQNMLTKJHLGFDA97DA,永吉段四小段,2.42,都市：其他:交通用地(公共設施用地)。79/5/24,10000,23,持分移轉,01400007
RPSQMLQLJHLGFDA28DA,福德段一小段,5.31,都市：其他:市場用地(公共設施用地)。58/4/12,10000,28,持分移轉,04290000
RPSQMLQLJHLGFDA28DA,福德段一小段,.05,都市：其他:道路用地(公共設施用地)。70/3/27,10000,28,持分移轉,04290001
RPSQMLQLJHLGFDA28DA,福德段一小段,.01,都市：其他:道路用地(公共設施用地)。70/3/27,10000,28,持分移轉,04290002
RPQNMLTKJHLGFDA97DA,永吉段四小段,3.20,都市：其他:第參種商業區(依都市計畫說明書圖規定辦理，始得作第參種商業區使用)(原屬第參之壹種住宅區)。,10000,23,持分移轉,01410000
RPQNMLTKJHLGFDA97DA,永吉段四小段,.01,都市：其他:第參種商業區(依都市計畫說明書圖規定辦理，始得作第參種商業區使用)(原屬第參之壹種住宅區)。,10000,23,持分移轉,01410001
RPXNMLSLJHLGFCA58DA,榮星段六小段,3.77,都市：其他:聯合開發區(捷)(依都市計畫說明書圖規定辦理)。,100000,599,持分移轉,05080000
RPQNMLSLJHLGFCA87DA,碧湖段二小段,18.33,都市：其他:第三種商業區。,10000,91,持分移轉,00230000
RPTNMLNJLHLGFCA67DA,吉林段四小段,3.68,都市：其他:第三種住宅區。,87900,370,持分移轉,03230000
RPQNMLPLJHLGFEA77DA,文林段五小段,17.04,都市：其他:第三之二種住宅區。,10000,173,持分移轉,03120000
RPWNMLNKJHLGFDA08EA,犂和段一小段,405.67,都市：其他:保護區。,3,1,持分移轉,02040001
RPPNMLRLJHLGFFA97DA,學府段四小段,29.04,都市：其他:第三種住宅區。,100000,4580,持分移轉,01340000
RPPNMLRLJHLGFFA97DA,學府段四小段,.81,都市：其他:第三種住宅區。,100000,4580,持分移轉,01340001
RPQNMLSLJHLGFEA18EA,溫泉段三小段,42.75,都市：其他:第三種住宅區。,4,1,持分移轉,01130000
RPTNMLSLJHLGFEA48EA,八仙段二小段,104.50,都市：其他:河川區。,16,2,持分移轉,02900000
RPTNMLSLJHLGFEA48EA,八仙段二小段,154.50,都市：其他:河川區。,16,2,持分移轉,02930002
RPPOMLTKJHLGFDA97DA,西松段三小段,20.25,都市：其他:第三種住宅區。,4,1,持分移轉,00830000
RPUNMLMKJHLGFCA57DA,長安段二小段,36.38,都市：其他:第三種住宅區。,48,3,持分移轉,06330000
RPUNMLMKJHLGFCA57DA,長安段二小段,.81,都市：其他:道路用地(公共設施用地)。45/5/4,48,3,持分移轉,06330001
RPQPMLQKJHLGFCA77DA,西湖段一小段,13.85,都市：其他:第三種住宅區。,10000,358,持分移轉,10820000
RPQNMLSLJHLGFBA87EA,華江段三小段,16.67,都市：其他:特定專用區(一)。,18,3,持分移轉,00300000
RPPNMLQJLHLGFDA77EA,新光段二小段,21.15,都市：其他:住宅區。,38000,20,持分移轉,04090000
RPUNMLSLJHLGFEA48DA,振興段三小段,25.75,都市：其他:第三種住宅區。,4,1,持分移轉,03020000
RPSNMLSLJHLGFEA28DA,溪洲段二小段,2.48,都市：其他:住宅區(細部計畫尚未完成，尚未能准許依變更後計畫用途使用)。,240,4,持分移轉,01370000
RPSNMLSLJHLGFEA28DA,溪洲段三小段,.35,都市：其他:住宅區(細部計畫尚未完成，尚未能准許依變更後計畫用途使用)。,720,4,持分移轉,01680000
RPSNMLSLJHLGFEA28DA,溪洲段二小段,99.27,都市：其他:住宅區(細部計畫尚未完成，尚未能准許依變更後計畫用途使用) 但是否在道路用地(公共設施用地)及國中用地(公共設施用地)(應依建築線或俟地籍測量分割後，再確定)。,40000,5848,持分移轉,01820000
RPSNMLSLJHLGFEA28DA,溪洲段二小段,.02,都市：其他:住宅區(細部計畫尚未完成，尚未能准許依變更後計畫用途使用)。,720,4,持分移轉,04170000
RPTNMLKMJHLGFDA57DA,南港段二小段,1.00,都市：其他:第三種商業區(特),2,1,持分移轉,03940018
RPQNMLQLJHLGFEA87DA,海光段一小段,3.00,都市：其他:第三種住宅區。,1,1,全筆移轉,01260000
RPSOMLTLJHLGFDA38DA,中南段四小段,9.75,都市：其他:第二種住宅區。,12,1,持分移轉,05830000
RPXOMLTLJHLGFDA88DA,玉成段三小段,3.18,都市：其他:第一種商業區(依都市計畫說明書圖規定辦理)。,100000,21,持分移轉,05680000
RPRNMLKLJHLGFBA07DA,華江段三小段,11.42,都市：其他:特定專用區(一)。,10000,80,持分移轉,02740000
RPXNMLTLJHLGFCA68DA,長安段二小段,8.85,都市：其他:第參種商業區(依都市計畫說明書圖規定辦理，始得作第參種商業區使用)(原屬第貳種商業區)。,10000,108,持分移轉,01240000
RPSNMLTKJHLGFCA08DA,長春段三小段,25.46,都市：其他:第參種商業區(依都市計畫說明書圖規定辦理，始得作第參種商業區使用)(原屬第貳種商業區)。,60000,1567,持分移轉,00550000
RPSNMLTKJHLGFCA08DA,長春段三小段,1.96,都市：其他:第參種商業區(依都市計畫說明書圖規定辦理，始得作第參種商業區使用)(原屬第貳種商業區)。,60000,1567,持分移轉,00560001
RPQNMLTLJHLGFEA18DA,溪洲段一小段,89.75,都市：其他:公園用地(公共設施用地)及交通用地(公共設施用地) 但是否在住宅區(應依建築線或俟地籍測量分割後，再確定將來採區段徵收方式辦理整體開發)。,60,5,持分移轉,01650000
RPQNMLTLJHLGFEA18DA,溪洲段一小段,51.42,都市：其他:公園用地(公共設施用地)及交通用地(公共設施用地) 但是否在住宅區(應依建築線或俟地籍測量分割後，再確定將來採區段徵收方式辦理整體開發)。,60,5,持分移轉,01660000
RPSOMLRLJHLGFEA28DA,立農段二小段,23.20,都市：其他:第三種住宅區。,5,2,持分移轉,01800000
RPPNMLSLJHLGFBA77EA,萬大段二小段,6.00,都市：其他:道路用地(公共設施用地)。56/8/25,4,1,持分移轉,04040001
RPXNMLTLJHLGFFA98DA,通化段四小段,1.87,都市：其他:第參種商業區(依都市計畫說明書圖規定辦理，始得作第參種商業區使用)(原屬第貳種商業區)。,160000,591,持分移轉,00130000
RPQOMLNKJHLGFDA57EA,犂和段四小段,4.94,都市：其他:第三種住宅區。,16,1,持分移轉,00110008
RPTNMLMKJHLGFFA77DA,懷生段一小段,26.75,都市：其他:第三種住宅區。,12,1,持分移轉,04560000
RPQNMLTLJHLGFEA28EA,八仙段一小段,121.60,都市：其他:農業區。,240,5,持分移轉,00330000
RPQNMLTLJHLGFEA28EA,八仙段一小段,196.83,都市：其他:農業區。,120,5,持分移轉,00580000
RPWNMLPKJHLGFFA38DA,復興段一小段,1.10,都市：其他:第參種商業區(依都市計畫說明書圖規定辦理，始得作第參種商業區使用)(原屬第肆種住宅區)。,100000,294,持分移轉,02450000
RPWNMLPKJHLGFFA38DA,復興段一小段,2.82,都市：其他:第參種商業區(依都市計畫說明書圖規定辦理，始得作第參種商業區使用)(原屬第貳種商業區)。,100000,294,持分移轉,02460000
RPWNMLPKJHLGFFA38DA,復興段一小段,.25,都市：其他:第參種商業區(依都市計畫說明書圖規定辦理，始得作第參種商業區使用)(原屬第肆種住宅區)。,100000,294,持分移轉,02540002
RPRNMLTLJHLGFFA48EA,龍泉段三小段,25.49,都市：其他:第三種住宅區。,10000,708,持分移轉,08450000
RPRNMLTLJHLGFFA48EA,龍泉段三小段,.28,都市：其他:道路用地(公共設施用地)。44/7/5,10000,708,持分移轉,08450001
RPRPMLOKJHLGFDA77DA,福德段二小段,35.78,都市：其他:道路用地(公共設施用地)。51/9/1,18,2,持分移轉,06050000
RPPNMLRKJHLGFDA67DA,福德段二小段,17.89,都市：其他:道路用地(公共設施用地)。51/9/1,36,2,持分移轉,06050000
RPQNMLRKJHLGFDA77DA,福德段二小段,17.89,都市：其他:道路用地(公共設施用地)。51/9/1,36,2,持分移轉,06050000
RPRNMLSLJHLGFBA97EA,玉泉段二小段,3.50,都市：其他:第三種商業區。,10000,21,持分移轉,00760000
RPRNMLSLJHLGFBA97EA,玉泉段二小段,.01,都市：其他:道路用地(公共設施用地)。63/10/18,10000,21,持分移轉,00760002
RPRNMLSLJHLGFBA97EA,玉泉段二小段,.01,都市：其他:道路用地(公共設施用地)。63/10/18,10000,21,持分移轉,00760003
RPQNMLTLJHLGFFA38EA,復興段一小段,7.09,都市：其他:第肆種商業區(依都市計畫說明書圖規定辦理，始得作第肆種商業區使用)(原屬第貳種商業區)。,10000,52,持分移轉,06590000
RPQNMLTLJHLGFFA38EA,復興段一小段,1.78,都市：其他:第肆種商業區(依都市計畫說明書圖規定辦理，始得作第肆種商業區使用)(原屬第肆種住宅區)。,10000,52,持分移轉,06630000
RPTNMLTLJHLGFEA58EA,文林段三小段,15.62,都市：其他:第三種住宅區。,8,1,持分移轉,05190000
RPROMLSLJHLGFAA87DA,福和段二小段,19.57,都市：其他:第三種住宅區。,1548980,2961,持分移轉,00770000
RPQOMLSLJHLGFCA97DA,潭美段四小段,8.48,都市：其他:第三種住宅區。,640,48,持分移轉,05630000
RPROMLSLJHLGFAA87DA,福和段二小段,.05,都市：其他:公園用地(公共設施用地)。111/11/24,1548980,2961,持分移轉,00770001
RPROMLSLJHLGFAA87DA,福和段二小段,.01,都市：其他:道路用地(公共設施用地)。69/7/17,1548980,2961,持分移轉,00770002
RPPPMLTLJHLGFDA18DA,西松段二小段,4.31,都市：其他:道路用地(公共設施用地)。62/12/31,6570,1665,持分移轉,04250000
RPOPMLSJJHLGFCA67DA,潭美段四小段,16.06,都市：其他:第三種住宅區。,756,42,持分移轉,05600000
RPPNMLKMJHLGFBA96DA,大龍段一小段,.00,都市：其他:第三種住宅區。,100000,2,持分移轉,02140013
RPPNMLKMJHLGFBA96DA,大龍段一小段,.01,都市：其他:第三之二種住宅區。,100000,2,持分移轉,02330000
RPTNMLTLJHLGFCA28DA,吉林段四小段,1.94,都市：其他:第肆種商業區(依都市計畫說明書圖規定辦理，始得作第肆種商業區使用)(原屬第參種商業區)。,10000,48,持分移轉,08840000
RPTNMLTLJHLGFCA28DA,吉林段四小段,.72,都市：其他:第肆種商業區(依都市計畫說明書圖規定辦理，始得作第肆種商業區使用)(原屬第參種商業區)。,10000,48,持分移轉,08890000
RPTNMLTLJHLGFCA28DA,吉林段四小段,.02,都市：其他:道路用地(公共設施用地)。53/7/15,10000,48,持分移轉,08890001
RPROMLRLJHLGFDA08DA,西松段二小段,20.51,都市：其他:第三種住宅區。,10000,34,持分移轉,04930000
RPRNMLTLJHLGFEA38EA,桃源段五小段,159.00,都市：其他:第二種住宅區。,6,2,持分移轉,03700000
RPROMLTKJHLGFBA97DA,圓環段三小段,3.04,都市：其他:第三種商業區。,10000,117,持分移轉,06200000
RPPOMLKLJHLGFFA37DA,懷生段二小段,1.05,都市：其他:第三種住宅區。,100000,867,持分移轉,05770000
RPPOMLKLJHLGFFA37DA,懷生段二小段,3.16,都市：其他:第參種商業區(依都市計畫說明書圖規定辦理，始得作第參種商業區使用)(原屬第貳種商業區)。,100000,867,持分移轉,05780000
RPUNMLQLJHLGFFA38DA,仁愛段二小段,.16,都市：其他:第肆種商業區(依都市計畫說明書圖規定辦理，始得作第肆種商業區使用)(原屬第貳種商業區)。,10000,2,持分移轉,05680000
RPUNMLQLJHLGFFA38DA,仁愛段二小段,.09,都市：其他:第肆種商業區(依都市計畫說明書圖規定辦理，始得作第肆種商業區使用)(原屬第肆種住宅區)。,10000,2,持分移轉,05680001
RPPNMLKMJHLGFDA27EA,延吉段三小段,2.14,都市：其他:第三之一種住宅區(特)。,100000,76,持分移轉,02480000
RPQNMLKMJHLGFDA37EA,敦化段五小段,20.87,都市：其他:第三種住宅區。,10000,70,持分移轉,00150000
RPPNMLMJKHLGFFA47EA,金華段二小段,32.35,都市：其他:第三種住宅區。,100000,7049,持分移轉,07450000
RPUOMLMKJHLGFAA47DA,永昌段四小段,17.67,都市：其他:第三種住宅區。,12,1,持分移轉,05560000
RPQNMLTLJHLGFBA97EA,橋北段三小段,25.67,都市：其他:第三種住宅區。,3,1,持分移轉,06480000
RPPNMLKMJHLGFCA17EA,榮星段七小段,.27,都市：其他:第三之二種住宅區及第三種住宅區。,10000,1,持分移轉,00080000
RPQNMLKMJHLGFBA17EA,成功段二小段,2.66,都市：其他:第三種住宅區。,111936000,536800,持分移轉,00240000
RPTNMLMJKHLGFCA47DA,吉林段四小段,2.21,都市：其他:第肆種商業區(依都市計畫說明書圖規定辦理，始得作第肆種商業區使用)(原屬第參種商業區)。,10000,27,持分移轉,06690000
RPWNMLMLJHLGFBA77DA,延平段一小段,5.32,都市：其他:第三種商業區。,10000,186,持分移轉,04360000
RPRNMLTLJHLGFEA28DA,奇岩段四小段,24.44,都市：其他:第三種住宅區。,10000,471,持分移轉,01260000
RPWOMLRLJHLGFEA68DA,文林段四小段,21.00,都市：其他:第參種商業區(依都市計畫說明書圖規定辦理，始得作第參種商業區使用)(原屬第參種住宅區)。,4,1,持分移轉,06790000
RPRNMLTLJHLGFEA28DA,奇岩段四小段,1.70,都市：其他:道路用地(公共設施用地)。72/7/11,10000,471,持分移轉,01260001
RPTNMLKLJHLGFDA47DA,南港段三小段,17.02,都市：其他:第三種住宅區。,1000000,2840,持分移轉,00730000
RPQOMLTKJHLGFEA18DA,蘭雅段一小段,.13,都市：其他:第三種住宅區。,10000,3,持分移轉,04810000
RPQOMLTKJHLGFEA18DA,蘭雅段一小段,.01,都市：其他:第三種住宅區。,10000,3,持分移轉,04820001
RPQOMLTKJHLGFEA18DA,蘭雅段一小段,.01,都市：其他:第三種住宅區。,10000,3,持分移轉,05040014
RPQOMLTKJHLGFEA18DA,蘭雅段一小段,.12,都市：其他:第三種住宅區。,10000,3,持分移轉,06650000
RPPNMLKMJHLGFAA96EA,興隆段一小段,24.09,都市：其他:第三種住宅區。,10000,50,持分移轉,04090000
RPSNMLLLJHLGFCA37DA,碧湖段四小段,.13,都市：其他:第三種住宅區。,10000,86,持分移轉,06670000
RPSNMLLLJHLGFCA37DA,碧湖段四小段,34.58,都市：其他:第三種住宅區。,10000,86,持分移轉,06720000
RPSNMLLLJHLGFCA37DA,碧湖段四小段,2.04,都市：其他:第三種住宅區。,10000,86,持分移轉,06730000
RPRNMLKMJHLGFEA57EA,蘭雅段一小段,.01,都市：其他:道路用地(公共設施用地)。65/8/26,18000,1,持分移轉,06080000
RPRNMLNKJHLGFFA67DA,仁愛段一小段,5.86,都市：其他:敦化南北路特定專用區(A區)(依都市計畫說明書圖規定辦理)(原屬第肆種住宅區及第肆之壹種住宅區)。,10000,13,持分移轉,03740000
RPQNMLMJKHLGFFA57EA,辛亥段一小段,.43,都市：其他:第三種住宅區。,10000,2,持分移轉,01790000
RPSNMLMJKHLGFEA67EA,奇岩段一小段,1989.57,都市：其他:道路用地(公共設施用地)。45/8/31,1,1,全筆移轉,01750000
RPSNMLMJKHLGFEA67EA,崇仰段一小段,850.30,都市：其他:道路用地(公共設施用地)。45/8/31,1,1,全筆移轉,05160000
RPSNMLMJKHLGFEA67EA,崇仰段一小段,33.78,都市：其他:道路用地(公共設施用地)。45/8/31,1,1,全筆移轉,05160003
RPSNMLMJKHLGFEA67EA,崇仰段一小段,10.85,都市：其他:道路用地(公共設施用地)。45/8/31,1,1,全筆移轉,05160004
RPSNMLMJKHLGFEA67EA,崇仰段一小段,53.30,都市：其他:道路用地(公共設施用地)。45/8/31,1,1,全筆移轉,05160005
RPTNMLKMJHLGFCA57EA,東湖段二小段,72.50,都市：其他:第參種商業區(依都市計畫說明書圖規定辦理，始得作第參種商業區使用)(原屬第壹種商業區)。,4,2,持分移轉,00290008
RPRNMLNLJHLGFBA37DA,延平段一小段,2.97,都市：其他:特定專用區(供一般商業使用)。,10000,84,持分移轉,02210000
RPQNMLNJKHLGFEA57EA,振興段一小段,45.50,都市：其他:第三種住宅區。,4,1,持分移轉,06070000
RPUNMLMJKHLGFEA87EA,芝蘭段四小段,37.01,都市：其他:第三種住宅區。,100000,527,持分移轉,01480000
RPSOMLSLJHLGFCA18DA,吉林段五小段,.76,都市：其他:市場用地(公共設施用地)。59/11/5,100000,15,持分移轉,03360001
RPQNMLMJKHLGFBA17EA,福星段二小段,126.00,都市：其他:第四種商業區。,12,1,持分移轉,01970000
RPPNMLMJKHLGFBA07EA,青年段一小段,23.40,都市：其他:第三種住宅區。,90000,52,持分移轉,00880000
RPTOMLSLJHLGFAA08DA,興安段一小段,.26,都市：其他:市場用地(公共設施用地)。62/10/24,10000,1,持分移轉,04870000
RPVNMLKMJHLGFDA77DA,吳興段三小段,35.25,都市：其他:第三種住宅區。,4,1,持分移轉,06990000
RPSNMLKMJHLGFFA67DA,金華段二小段,.22,都市：其他:第參種商業區(依都市計畫說明書圖規定辦理，始得作第參種商業區使用)(原屬第貳種商業區)。,10000,5,持分移轉,04310000
RPPNMLNJKHLGFDA37EA,延吉段一小段,1.10,都市：其他:第三種住宅區。,1000000,1565,持分移轉,04830000
RPSOMLNKJHLGFDA77EA,信義段一小段,12.73,都市：其他:第三之一種住宅區。,10000,288,持分移轉,02840000
RPWNMLMJKHLGFBA67DA,城中段一小段,3.86,都市：其他:第四種商業區。,10000000,58195,持分移轉,05310000
RPWNMLMJKHLGFCA77DA,長安段二小段,14.98,都市：其他:第三之一種住宅區(特)。,1420000,21728,持分移轉,05890000
RPSOMLTKJHLGFCA18DA,石潭段四小段,94.12,都市：其他:第二種住宅區。,200000,5200,持分移轉,03560000
RPQPMLRLJHLGFCA97DA,吉林段四小段,2.89,都市：其他:第肆種商業區(依都市計畫說明書圖規定辦理，始得作第肆種商業區使用)(原屬第參種商業區)。,10000,96,持分移轉,08700000
RPUNMLNJKHLGFDA77DA,敦化段一小段,.20,都市：其他:第三種住宅區。,10000,5,持分移轉,01990000
RPPQMLMJKHLGFCA37DA,德惠段三小段,8.11,都市：其他:第三之一種住宅區。,18,1,持分移轉,00960000
RPTNMLMJKHLGFAA27DA,南海段三小段,2.14,都市：其他:第參種商業區(依都市計畫說明書圖規定辦理，始得作第參種商業區使用)(原屬第貳種商業區)。,3000000,27318,持分移轉,01530000
RPVQMLMJKHLGFCA97DA,正義段二小段,38.79,都市：其他:第肆種商業區(依都市計畫說明書圖規定辦理，始得作第肆種商業區使用)(原屬第參種商業區)。,10000,860,持分移轉,00540000
RPQNMLOJKHLGFBA27DA,福星段二小段,1.65,都市：其他:第四種商業區。,2991194,1140,持分移轉,05510000
RPRNMLOJKHLGFBA37DA,直興段二小段,8.44,都市：其他:第肆種商業區(依都市計畫說明書圖規定辦理，始得作第肆種商業區使用)(原屬第肆種住宅區)。,1000000,18199,持分移轉,01940000
RPWNMLOJKHLGFCA97DA,東湖段一小段,12.41,都市：其他:第三種住宅區。,10000,177,持分移轉,00180006
RPOOMLTLJHLGFBA77DA,大龍段一小段,.01,都市：其他:第三種住宅區。,100000,1089,持分移轉,00880000
RPOOMLTLJHLGFBA77DA,大龍段一小段,13.55,都市：其他:第三種住宅區。,100000,1089,持分移轉,00880001
RPOPMLNJKHLGFCA27DA,中山段二小段,.01,都市：其他:第三種商業區。,100000,1,持分移轉,01770000
RPVNMLOJKHLGFCA87DA,吉林段四小段,2.56,都市：其他:第肆種商業區(依都市計畫說明書圖規定辦理，始得作第肆種商業區使用)(原屬第參種商業區)。,10000,85,持分移轉,08700000
RPSNMLOJKHLGFCA57DA,吉林段三小段,1.88,都市：其他:第肆種商業區(依都市計畫說明書圖規定辦理，始得作第肆種商業區使用)(原屬第參種商業區)。,10000,20,持分移轉,09190000
RPRNMLOJKHLGFCA47DA,正義段一小段,14.10,都市：其他:第肆種商業區(依都市計畫說明書圖規定辦理，始得作第肆種商業區使用)(原屬第參種住宅區)。,10000,246,持分移轉,02220000
RPOOMLNJKHLGFCA17DA,石潭段二小段,66.68,都市：其他:公園用地(公共設施用地)。63/1/5,120,8,持分移轉,01020000
RPQNMLOJKHLGFAA27EA,河堤段一小段,.08,都市：其他:第三之二種住宅區。,100000,10,持分移轉,06110000
RPQNMLOJKHLGFAA27EA,河堤段一小段,.00,都市：其他:第三種住宅區。,100000,10,持分移轉,06110001
RPQNMLOJKHLGFAA27EA,河堤段一小段,.01,都市：其他:第三種住宅區。,100000,10,持分移轉,06370001
RPPNMLOJKHLGFBA27EA,市府段二小段,.92,都市：其他:第三種商業區。,10000,12,持分移轉,00230000
RPTNMLNJKHLGFEA87EA,八仙段一小段,59.79,都市：其他:農業區。,240,35,持分移轉,00870000
RPRNMLNJKHLGFEA57DA,新民段三小段,.92,都市：其他:第二種住宅區,12,1,持分移轉,03860001
TPRNMLNJKHLGFEA77DA,新民段三小段,.08,都市：其他:第二種住宅區,12,1,持分移轉,03970001
RPWNMLNJKHLGFEA08DA,關渡段一小段,1970.00,都市：其他:公園用地(公共設施用地)。82/1/15,1,1,全筆移轉,02620003
RPQNMLLJKHLGFFA37DA,金華段三小段,4.02,都市：其他:第參種商業區(依都市計畫說明書圖規定辦理，始得作第參種商業區使用)(原屬第貳種商業區)。,100000,1642,持分移轉,01910000
UPRNMLNJKHLGFEA87DA,新民段三小段,.25,都市：其他:第二種住宅區,12,1,持分移轉,03980002
SPRNMLNJKHLGFEA67DA,新民段三小段,14.25,都市：其他:第二種住宅區,12,1,持分移轉,03960000
RPQNMLOJKHLGFBA37EA,市府段二小段,.92,都市：其他:第三種商業區。,10000,12,持分移轉,00230000
RPSNMLOJKHLGFBA57EA,橋北段一小段,.80,都市：其他:第三之一種住宅區。,20,1,持分移轉,07460000
RPVNMLNJKHLGFAA57DA,頭廷段二小段,122.95,都市：其他:第二種住宅區。,10000,121,持分移轉,04530000
RPTNMLOJKHLGFBA57DA,華江段二小段,7.73,都市：其他:第三種住宅區。,20000,177,持分移轉,01470062
RPOOMLOJKHLGFAA07DA,永昌段三小段,.43,都市：其他:第壹種商業區(依都市計畫說明書圖規定辦理，始得作第壹種商業區使用)(原屬第參種住宅區)。,3240,7,持分移轉,02830000
RPOOMLOJKHLGFAA07DA,永昌段三小段,1.19,都市：其他:第三種住宅區。,3240,7,持分移轉,04750000
RPPNMLOJKHLGFCA27DA,潭美段五小段,17.10,都市：其他:住宅區。,200000,4985,持分移轉,01660000
RPROMLKLJHLGFCA27DA,文德段五小段,58.93,都市：其他:科技工業區(A區)(不得作住宅使用)。,100000,2741,持分移轉,00720000
RPXNMLNLJHLGFEA28DA,豐年段二小段,28.90,都市：其他:第三種住宅區。,1910,100,持分移轉,00770000
RPWNMLOJKHLGFAA77DA,永昌段三小段,.51,都市：其他:第三種住宅區。,9720,9,持分移轉,04750000
RPRNMLMJKHLGFEA47DA,天山段二小段,12.97,都市：其他:道路用地(公共設施用地)。42/2/2,40,1,持分移轉,01460000
RPRNMLMJKHLGFEA47DA,天山段二小段,22.73,都市：其他:第二種住宅區。,10000,1249,持分移轉,01470000
RPQNMLOJKHLGFCA37DA,石潭段三小段,18.91,都市：其他:第三種住宅區。,200000,2192,持分移轉,06630000
RPSNMLTLJHLGFEA38DA,蘭雅段二小段,5.50,都市：其他:第參種工業區(不得作住宅使用)。,100000,174,持分移轉,00050000
RPSNMLTLJHLGFEA38DA,蘭雅段二小段,.31,都市：其他:第三種住宅區。,100000,169,持分移轉,00070000
RPSNMLTLJHLGFEA38DA,蘭雅段二小段,2.29,都市：其他:第三種住宅區。,100000,169,持分移轉,00130000
RPVPMLRLJHLGFCA48DA,中山段一小段,.03,都市：其他:第肆種商業區(依都市計畫說明書圖規定辦理，始得作第肆種商業區使用)(原屬第參種商業區)。,10000,4,持分移轉,03790000
RPRNMLLLJHLGFDA37DA,玉成段三小段,.84,都市：其他:第一種商業區。,10000,3,持分移轉,02430000
RPVPMLRLJHLGFCA48DA,中山段一小段,.90,都市：其他:第肆種商業區(依都市計畫說明書圖規定辦理，始得作第肆種商業區使用)(原屬第參種商業區) 但是否在道路用地(公共設施用地)(應依建築線或俟地籍測量分割後，再確定)。,10000,4,持分移轉,03790001
RPTNMLOJKHLGFBA67EA,市府段三小段,4.25,都市：其他:第三種商業區。,10092,511,持分移轉,04230000
RPTNMLOJKHLGFBA67EA,市府段三小段,1.22,都市：其他:第三種商業區。,964,49,持分移轉,04240000
RPQNMLMJKHLGFCA27EA,榮星段五小段,32.75,都市：其他:第三種住宅區。,4,1,持分移轉,04700000
RPSPMLSJJHLGFCA08DA,文德段四小段,39.09,都市：其他:第三之一種住宅區及第三種住宅區 但是否在道路用地(公共設施用地)(應依建築線或俟地籍測量分割後，再確定)。,10000,311,持分移轉,02280000
RPRNMLMJKHLGFCA37EA,榮星段五小段,32.75,都市：其他:第三種住宅區。,4,1,持分移轉,04700000
RPSNMLOJKHLGFCA67EA,中山段三小段,4.13,都市：其他:第肆種商業區(依都市計畫說明書圖規定辦理，始得作第肆種商業區使用)(原屬第參種商業區) 但是否在道路用地(公共設施用地)(應依建築線或俟地籍測量分割後，再確定)。,100000,308,持分移轉,06450000
RPQNMLPJKHLGFEA77EA,八仙段二小段,75.54,都市：其他:農業區。,120,37,持分移轉,02290000
RPSNMLMJKHLGFCA37DA,正義段二小段,2.28,都市：其他:第肆種商業區(依都市計畫說明書圖規定辦理，始得作第肆種商業區使用)(原屬第參種商業區) 但是否在道路用地(公共設施用地)(應依建築線或俟地籍測量分割後，再確定)。,10000,91,持分移轉,01330000
RPPNMLOJKHLGFFA67EA,大安段三小段,2.50,都市：其他:道路用地(公共設施用地)。,2,1,持分移轉,01100001
RPUNMLKLJHLGFDA57DA,西松段一小段,40.00,都市：其他:第三種住宅區。,4,1,持分移轉,06540000
RPTNMLOJKHLGFCA67DA,文德段四小段,3.17,都市：其他:第三種商業區。,10440000,11103,持分移轉,00210000
RPPNMLQJKHLGFDA57DA,祥和段一小段,.99,都市：其他:第三種住宅區。,100000,15,持分移轉,00250000
RPSNMLKLJHLGFEA47DA,永新段二小段,25.67,都市：其他:第三種住宅區。,3,1,持分移轉,03350000
RPVOMLRLJHLGFEA58DA,新民段三小段,42.77,都市：其他:第二種住宅區。,10000,910,持分移轉,02470000
RPXNMLTKJHLGFEA78DA,華岡段三小段,6.85,都市：其他:特定住宅區(二)。,1,1,全筆移轉,04460004
RPRNMLKMJHLGFEA47DA,桃源段二小段,32.05,都市：其他:第二種住宅區。,10000,756,持分移轉,00290000
RPUNMLKKJHLGFBA27DA,漢中段一小段,2.94,都市：其他:第四種商業區。,10000,80,持分移轉,02620000
RPSNMLTJKHLGFFA38DA,大安段一小段,25.00,都市：其他:第三種住宅區。,4,1,持分移轉,02530000
RPSNMLNLJHLGFBA57EA,玉泉段一小段,4.93,都市：其他:第三種商業區 但是否在道路用地(公共設施用地)(應依建築線或俟地籍測量分割後，再確定)。,10000,64,持分移轉,02100000
RPRNMLQJKHLGFBA67EA,城中段一小段,11.47,都市：其他:第四種商業區。,10000,100,持分移轉,08000000
RPPNMLQJKHLGFBA47EA,城中段一小段,4.47,都市：其他:第四種商業區。,10000,39,持分移轉,08000000
RPSNMLQJKHLGFBA77EA,城中段一小段,6.08,都市：其他:第四種商業區。,10000,53,持分移轉,08000000
RPWNMLQJKHLGFBA18EA,城中段一小段,5.73,都市：其他:第四種商業區。,10000,50,持分移轉,08000000
RPVNMLQJKHLGFBA08EA,城中段一小段,6.88,都市：其他:第四種商業區。,10000,60,持分移轉,08000000
RPQNMLQJKHLGFBA57EA,城中段一小段,6.08,都市：其他:第四種商業區。,10000,53,持分移轉,08000000
RPUNMLQJKHLGFBA97EA,城中段一小段,7.00,都市：其他:第四種商業區。,10000,61,持分移轉,08000000
RPTNMLQJKHLGFBA87EA,城中段一小段,5.96,都市：其他:第四種商業區。,10000,52,持分移轉,08000000
RPXNMLQJKHLGFBA28EA,城中段一小段,7.11,都市：其他:第四種商業區。,10000,62,持分移轉,08000000
RPVOMLNKJHLGFDA08EA,福德段三小段,6.50,都市：其他:道路用地(公共設施用地)。51/9/1,4,1,持分移轉,03310000
RPXOMLNKJHLGFDA28EA,祥和段三小段,6.00,都市：其他:第三種住宅區。,77,6,持分移轉,00310000
RPQNMLQJKHLGFDA77EA,敦化段一小段,1.13,都市：其他:第三種商業區(特),30,1,持分移轉,05920000
RPQNMLQJKHLGFDA77EA,敦化段一小段,3.03,都市：其他:第三種商業區(特),30,1,持分移轉,05920001
RPPOMLQJKHLGFBA57EA,中正段二小段,4.88,都市：其他:第參種商業區(依都市計畫說明書圖規定辦理，始得作第參種商業區使用)(原屬第貳種商業區)。,10000,104,持分移轉,05790000
RPRNMLQJKHLGFDA87EA,逸仙段二小段,49.00,都市：其他:第四種住宅區。,10000,500,持分移轉,04460000
RPWNMLQJKHLGFEA48EA,溫泉段一小段,2.59,都市：其他:特定觀光商業專用區。,10000,19,持分移轉,02270000
RPOOMLQJKHLGFBA47EA,城中段一小段,4.93,都市：其他:第四種商業區。,10000,43,持分移轉,08000000
RPRNMLMKJHLGFFA67EA,懷生段一小段,16.50,都市：其他:道路用地(公共設施用地)。59/3/18,2,1,持分移轉,03120000
RPRNMLMKJHLGFFA67EA,通化段一小段,17.50,都市：其他:道路用地(公共設施用地)。61/4/24,2,1,持分移轉,07250000
RPPNMLQJKHLGFFA87EA,復興段三小段,26.98,都市：其他:敦化南北路特定專用區(A區)(依都市計畫說明書圖規定辦理)(原屬第肆種住宅區及第肆之壹種住宅區)。,5280,103,持分移轉,03100000
RPTNMLQJKHLGFFA28EA,懷生段二小段,13.16,都市：其他:第三種住宅區。,100000,912,持分移轉,05190000
RPUNMLMJKHLGFAA37DA,木柵段三小段,48.60,都市：其他:第三種住宅區。,10000,334,持分移轉,07280000
RPSNMLLMJHLGFAA27DA,河堤段五小段,6.04,都市：其他:第二種商業區。,100000,784,持分移轉,04220000
RPUNMLQJKHLGFFA38EA,懷生段二小段,5.24,都市：其他:第三種住宅區。,60000,218,持分移轉,05190000
RPPNMLSKJHLGFAA47DA,福和段一小段,.02,都市：其他:第三種住宅區。,10000,1,持分移轉,01360000
RPWNMLMLJHLGFAA67DA,南海段二小段,.13,都市：其他:第三種住宅區。,100000,10,持分移轉,04290000
RPWNMLMLJHLGFAA67DA,南海段二小段,.15,都市：其他:第參種商業區(依都市計畫說明書圖規定辦理，始得作第參種商業區使用)(原屬第貳種商業區)。,100000,10,持分移轉,04300000
RPPNMLPJKHLGFBA27DA,福星段四小段,.18,都市：其他:第四種商業區。,200000,1027,持分移轉,01670000
RPPNMLPJKHLGFBA27DA,福星段四小段,1.25,都市：其他:第四種商業區。,200000,1027,持分移轉,01680000
RPPNMLPJKHLGFBA27DA,福星段四小段,.58,都市：其他:第四種商業區。,200000,1027,持分移轉,01690000
RPQNMLPJKHLGFCA47DA,西湖段二小段,22.60,都市：其他:第三種住宅區。,100000,2369,持分移轉,03480000
RPSOMLTLJHLGFCA28DA,石潭段四小段,9.26,都市：其他:第三種商業區。,100000,330,持分移轉,04230000
RPVNMLQLJIKGFEA48EA,大業段四小段,423.43,都市：其他:第三種住宅區。,10000,2630,持分移轉,04510000
RPQOMLPJKHLGFCA57DA,長安段三小段,.54,都市：其他:第參種商業區(依都市計畫說明書圖規定辦理，始得作第參種商業區使用)(原屬第參之貳種住宅區)。,10000,5,持分移轉,07970000
RPQOMLPJKHLGFCA57DA,長安段三小段,.24,都市：其他:第參種商業區(依都市計畫說明書圖規定辦理，始得作第參種商業區使用)(原屬第參種住宅區)。,10000,5,持分移轉,07970002
RPUOMLPJKHLGFCA97DA,長安段三小段,.54,都市：其他:第參種商業區(依都市計畫說明書圖規定辦理，始得作第參種商業區使用)(原屬第參之貳種住宅區)。,10000,5,持分移轉,07970000
RPUOMLPJKHLGFCA97DA,長安段三小段,.24,都市：其他:第參種商業區(依都市計畫說明書圖規定辦理，始得作第參種商業區使用)(原屬第參種住宅區)。,10000,5,持分移轉,07970002
RPSOMLPJKHLGFCA77DA,長安段三小段,.54,都市：其他:第參種商業區(依都市計畫說明書圖規定辦理，始得作第參種商業區使用)(原屬第參之貳種住宅區)。,10000,5,持分移轉,07970000
RPSOMLPJKHLGFCA77DA,長安段三小段,.24,都市：其他:第參種商業區(依都市計畫說明書圖規定辦理，始得作第參種商業區使用)(原屬第參種住宅區)。,10000,5,持分移轉,07970002
RPPOMLPJKHLGFCA47DA,長安段三小段,.54,都市：其他:第參種商業區(依都市計畫說明書圖規定辦理，始得作第參種商業區使用)(原屬第參之貳種住宅區)。,10000,5,持分移轉,07970000
RPWOMLPJKHLGFCA18DA,長安段三小段,.54,都市：其他:第參種商業區(依都市計畫說明書圖規定辦理，始得作第參種商業區使用)(原屬第參之貳種住宅區)。,10000,5,持分移轉,07970000
RPROMLPJKHLGFCA67DA,長安段三小段,.54,都市：其他:第參種商業區(依都市計畫說明書圖規定辦理，始得作第參種商業區使用)(原屬第參之貳種住宅區)。,10000,5,持分移轉,07970000
RPPOMLPJKHLGFCA47DA,長安段三小段,.24,都市：其他:第參種商業區(依都市計畫說明書圖規定辦理，始得作第參種商業區使用)(原屬第參種住宅區)。,10000,5,持分移轉,07970002
RPWOMLPJKHLGFCA18DA,長安段三小段,.24,都市：其他:第參種商業區(依都市計畫說明書圖規定辦理，始得作第參種商業區使用)(原屬第參種住宅區)。,10000,5,持分移轉,07970002
RPROMLPJKHLGFCA67DA,長安段三小段,.24,都市：其他:第參種商業區(依都市計畫說明書圖規定辦理，始得作第參種商業區使用)(原屬第參種住宅區)。,10000,5,持分移轉,07970002
RPSNMLNJKHLGFEA67DA,天母段一小段,12.38,都市：其他:第參種商業區(依都市計畫說明書圖規定辦理，始得作第參種商業區使用)(原屬第參種住宅區)。,1,1,全筆移轉,01190001
RPUNMLMJKHLGFDA67DA,西松段二小段,.80,都市：其他:第二種商業區。,9882,128,持分移轉,07280000
RPUNMLMJKHLGFDA67DA,西松段二小段,1.98,都市：其他:第三種住宅區。,9882,128,持分移轉,07280001
RPUNMLMJKHLGFDA67DA,西松段二小段,1.01,都市：其他:第三之一種住宅區。,9882,128,持分移轉,07280002
RPUNMLMJKHLGFDA67DA,西松段二小段,.01,都市：其他:第二種商業區。,10000,130,持分移轉,07340000
RPUNMLMJKHLGFDA67DA,西松段二小段,.33,都市：其他:第三之一種住宅區。,10000,130,持分移轉,07340001
RPUNMLMJKHLGFDA67DA,西松段二小段,2.91,都市：其他:第二種商業區。,10000,130,持分移轉,07360000
RPPNMLTJKHLGFEA08EA,光華段三小段,110.00,都市：其他:第參種商業區(依都市計畫說明書圖規定辦理，始得作第參種商業區使用)(原屬第參種住宅區)。,1,1,全筆移轉,08700000
RPPNMLQJKHLGFCA57EA,大湖段二小段,16.65,都市：其他:第三種住宅區。,6000,180,持分移轉,00040012
RPTOMLQJKHLGFEA18DA,行義段三小段,9.23,都市：其他:第三種住宅區。,100000,1647,持分移轉,05280000
RPTNMLQJKHLGFDA97DA,延吉段三小段,43.79,都市：其他:敦化南北路特定專用區(B區)(依都市計畫說明書圖規定辦理)(原屬第參之貳種住宅區)。,100000,4760,持分移轉,08910000
RPTNMLQJKHLGFDA97DA,延吉段三小段,14.38,都市：其他:敦化南北路特定專用區(B區)(依都市計畫說明書圖規定辦理)(原屬第參種住宅區)。,100000,4760,持分移轉,08910003
RPQNMLTJKHLGFAA77EA,華興段一小段,26.57,都市：其他:第三種住宅區。,7,3,持分移轉,03760000
RPWOMLQJKHLGFEA48DA,天母段四小段,33.80,都市：其他:第二種住宅區。,10000,60,持分移轉,00430000
RPQNMLQJKHLGFFA97EA,仁愛段六小段,.75,都市：其他:第四種住宅區。,375000,129,持分移轉,04220000
RPRNMLMJKHLGFAA07DA,河堤段一小段,2.87,都市：其他:第參種商業區(依都市計畫說明書圖規定辦理，始得作第參種商業區使用)(原屬第貳種商業區)。,10000,18,持分移轉,00090000
RPRNMLMJKHLGFAA07DA,河堤段一小段,.02,都市：其他:第參種商業區(依都市計畫說明書圖規定辦理，始得作第參種商業區使用)(原屬第參種住宅區)。,10000,18,持分移轉,00090003
RPXNMLQJKHLGFCA28DA,石潭段四小段,59.64,都市：其他:第二種住宅區。,10000,1405,持分移轉,01680000
RPOQMLKKKHLGFBA07DA,莒光段三小段,46.82,都市：其他:第三種住宅區。,10000,228,持分移轉,04760000
RPRNMLLJKHLGFCA17DA,長安段四小段,8.30,都市：其他:第三之一種住宅區(特)。,10000,59,持分移轉,02820000
RPSNMLTJKHLGFCA08DA,文德段五小段,753.35,都市：其他:科技工業區(B區)(不得作住宅使用)。,1,1,全筆移轉,02950000
RPPNMLRKJHLGFBA47DA,萬大段一小段,41.50,都市：其他:第三種住宅區。,10000,988,持分移轉,03000000
RPRPMLTJKHLGFCA18DA,中山段三小段,.05,都市：其他:第肆種商業區(依都市計畫說明書圖規定辦理，始得作第肆種商業區使用)(原屬第參種商業區)。,10000,1,持分移轉,02530000
RPQPMLTJKHLGFCA08DA,中山段三小段,.10,都市：其他:第肆種商業區(依都市計畫說明書圖規定辦理，始得作第肆種商業區使用)(原屬第參種商業區)。,10000,2,持分移轉,02530000
RPSPMLTJKHLGFCA28DA,中山段三小段,.05,都市：其他:第肆種商業區(依都市計畫說明書圖規定辦理，始得作第肆種商業區使用)(原屬第參種商業區)。,10000,1,持分移轉,02530000
RPTPMLTJKHLGFCA38DA,中山段三小段,5.73,都市：其他:第肆種商業區(依都市計畫說明書圖規定辦理，始得作第肆種商業區使用)(原屬第參種商業區)。,10000,116,持分移轉,02530000
RPQNMLPKJHLGFDA57DA,玉成段四小段,21.00,都市：其他:第三種住宅區。,4,1,持分移轉,02570000
RPVNMLMJKHLGFDA77DA,敦化段三小段,5.19,都市：其他:第參種商業區(依都市計畫說明書圖規定辦理，始得作第參種商業區使用)(原屬第參種住宅區及第貳種商業區)。,10000,66,持分移轉,00260000
RPSNMLNLJHLGFCA67EA,文德段一小段,107.29,都市：其他:公園用地(公共設施用地)。63/1/5,10000,250,持分移轉,01820002
RPSNMLLLJHLGFCA47EA,長春段二小段,1.55,都市：其他:第二種商業區。,10000,29,持分移轉,04970004
RPSNMLKKKHLGFDA37DA,民生段,38.75,都市：其他:住宅用地(民生社區特定專用區)。,8,1,持分移轉,00320018
RPSNMLLLJHLGFCA47EA,長春段二小段,.28,都市：其他:第貳種商業區(依都市計畫說明書圖規定辦理，始得作第貳種商業區使用)(原屬第參之貳種住宅區)。,10000,29,持分移轉,04970007
RPQNMLNLJHLGFCA47EA,文德段一小段,2.98,都市：其他:公園用地(公共設施用地)。63/1/5,120,3,持分移轉,01820000
RPSNMLLLJHLGFCA47EA,長春段二小段,.28,都市：其他:第貳種商業區(依都市計畫說明書圖規定辦理，始得作第貳種商業區使用)(原屬第參種住宅區)。,10000,29,持分移轉,04970008
RPQNMLNLJHLGFCA47EA,文德段一小段,51.02,都市：其他:公園用地(公共設施用地)。63/1/5,2040,51,持分移轉,01820001
RPSNMLLLJHLGFCA47EA,長春段二小段,.61,都市：其他:第二種商業區。,10000,29,持分移轉,05040000
RPQNMLNLJHLGFCA47EA,文德段一小段,.50,都市：其他:公園用地(公共設施用地)。63/1/5,120,3,持分移轉,01820003
RPRNMLNLJHLGFCA57EA,文德段一小段,107.29,都市：其他:公園用地(公共設施用地)。63/1/5,10000,250,持分移轉,01820002
RPSNMLLLJHLGFCA47EA,長春段二小段,1.44,都市：其他:第二種商業區。,10000,29,持分移轉,05100000
RPQNMLNLJHLGFCA47EA,文德段一小段,.06,都市：其他:公園用地(公共設施用地)。63/1/5,120,3,持分移轉,01820004
RPSNMLLLJHLGFCA47EA,長春段二小段,.02,都市：其他:道路用地(公共設施用地)。45/5/4,10000,29,持分移轉,05100001
RPQNMLNLJHLGFCA47EA,文德段一小段,58.11,都市：其他:公園用地(公共設施用地)。63/1/5,120,3,持分移轉,01830000
RPSNMLLLJHLGFCA47EA,長春段二小段,.28,都市：其他:第貳種商業區(依都市計畫說明書圖規定辦理，始得作第貳種商業區使用)(原屬第參之貳種住宅區)。,10000,29,持分移轉,05110000
RPQNMLNLJHLGFCA47EA,文德段一小段,2.92,都市：其他:公園用地(公共設施用地)。63/1/5,120,3,持分移轉,01830001
RPQNMLNLJHLGFCA47EA,文德段一小段,30.35,都市：其他:公園用地(公共設施用地)。63/1/5,120,3,持分移轉,01880000
RPQNMLNLJHLGFCA47EA,文德段一小段,6.62,都市：其他:公園用地(公共設施用地)。63/1/5,14040,351,持分移轉,01890000
RPPNMLTJKHLGFEA97DA,富安段二小段,232.38,都市：其他:商業區(細部計畫尚未完成，尚未能准許依變更後計畫用途使用)。,1101705,210885,持分移轉,02220000
RPPNMLTJKHLGFEA97DA,富安段二小段,7.80,都市：其他:商業區(細部計畫尚未完成，尚未能准許依變更後計畫用途使用)。,60000,4875,持分移轉,02330000
RPPNMLTJKHLGFEA97DA,富安段二小段,106.92,都市：其他:商業區(細部計畫尚未完成，尚未能准許依變更後計畫用途使用) 但是否在道路用地(公共設施用地)(應依建築線或俟地籍測量分割後，再確定)。,30000,4875,持分移轉,02340000
RPPNMLNLJHLGFCA37EA,文德段一小段,2.98,都市：其他:公園用地(公共設施用地)。63/1/5,120,3,持分移轉,01820000
RPPNMLNLJHLGFCA37EA,文德段一小段,51.02,都市：其他:公園用地(公共設施用地)。63/1/5,2040,51,持分移轉,01820001
RPPNMLNLJHLGFCA37EA,文德段一小段,.50,都市：其他:公園用地(公共設施用地)。63/1/5,120,3,持分移轉,01820003
RPPNMLNLJHLGFCA37EA,文德段一小段,.06,都市：其他:公園用地(公共設施用地)。63/1/5,120,3,持分移轉,01820004
RPPNMLNLJHLGFCA37EA,文德段一小段,58.11,都市：其他:公園用地(公共設施用地)。63/1/5,120,3,持分移轉,01830000
RPPNMLNLJHLGFCA37EA,文德段一小段,2.92,都市：其他:公園用地(公共設施用地)。63/1/5,120,3,持分移轉,01830001
RPPNMLNLJHLGFCA37EA,文德段一小段,30.35,都市：其他:公園用地(公共設施用地)。63/1/5,120,3,持分移轉,01880000
RPPNMLNLJHLGFCA37EA,文德段一小段,6.62,都市：其他:公園用地(公共設施用地)。63/1/5,14040,351,持分移轉,01890000
RPTNMLKKKHLGFCA37DA,榮星段六小段,20.94,都市：其他:第參種商業區(依都市計畫說明書圖規定辦理，始得作第參種商業區使用)(原屬第參之貳種住宅區)。,48,1,持分移轉,06530000
RPTNMLQLJIKGFEA28EA,天玉段一小段,.21,都市：其他:第一種住宅區。,270,3,持分移轉,10310000
RPWNMLSLJHLGFFA78DA,通化段三小段,23.08,都市：其他:第三種住宅區。,10000,622,持分移轉,07510000
RPTNMLRKKIKGFEA38EA,崇仰段三小段,.15,都市：其他:第三種住宅區。,100000,10,持分移轉,00680000
RPTNMLRKKIKGFEA38EA,崇仰段三小段,.07,都市：其他:第參種商業區(依都市計畫說明書圖規定辦理，始得作第參種商業區使用)(原屬第參種住宅區)。,100000,10,持分移轉,00920000
RPRNMLRKJHLGFDA87DA,福德段二小段,8.25,都市：其他:道路用地(公共設施用地)。51/9/1,8,2,持分移轉,05880000
RPTNMLRKJHLGFDA08DA,福德段二小段,8.50,都市：其他:道路用地(公共設施用地)。51/9/1,8,2,持分移轉,05770000
RPPPMLKLJHLGFDA27DA,福德段二小段,8.50,都市：其他:道路用地(公共設施用地)。51/9/1,8,2,持分移轉,05770000
RPSNMLRKJHLGFDA97DA,福德段二小段,8.25,都市：其他:道路用地(公共設施用地)。51/9/1,8,2,持分移轉,05880000
RPPNMLKKKHLGFFA37EA,學府段三小段,.04,都市：其他:第參種商業區(依都市計畫說明書圖規定辦理，始得作第參種商業區使用)(原屬第貳種商業區)。,20160,240,持分移轉,03990001
RPTNMLLLJHLGFDA57DA,福德段二小段,8.25,都市：其他:道路用地(公共設施用地)。51/9/1,8,2,持分移轉,05800000
RPRNMLQJKHLGFCA67DA,康寧段三小段,31.28,都市：其他:交通用地(公共設施用地)。,100000,383,持分移轉,01990000
RPPNMLTKJHLGFEA97DA,富安段二小段,21.50,都市：其他:娛樂區(細部計畫尚未完成，尚未能准許依變更後計畫用途使用)。,4,1,持分移轉,01760000
RPPNMLTJKHLGFCA77DA,中山段一小段,3.45,都市：其他:第肆種商業區(依都市計畫說明書圖規定辦理，始得作第肆種商業區使用)(原屬第參種商業區)。,10000,24,持分移轉,04800000
RPXNMLNJKHLGFEA18DA,新民段一小段,11.89,都市：其他:第三種住宅區。,100000,2363,持分移轉,03400000
RPQNMLSJKHLGFBA67DA,大同段一小段,18.33,都市：其他:第四種住宅區。,8680,37,持分移轉,04470000
RPRNMLTJKHLGFAA87EA,木柵段一小段,50.75,都市：其他:道路用地(公共設施用地)。61/11/9,48000,3000,持分移轉,09250000
RPVPMLMLJHLGFDA08DA,福德段二小段,8.25,都市：其他:道路用地(公共設施用地)。51/9/1,8,2,持分移轉,05890000
RPQOMLPJKHLGFDA67DA,南港段三小段,.12,都市：其他:第三種住宅區。,10000,1,持分移轉,03050000
RPXSMLSLJHLGFDA56DA,福德段二小段,8.25,都市：其他:道路用地(公共設施用地)。51/9/1,8,2,持分移轉,05810000
RPSNMLTJKHLGFAA97EA,木柵段一小段,1.06,都市：其他:道路用地(公共設施用地)。61/11/9,16,1,持分移轉,09350000
RPUOMLOJKHLGFFA18DA,懷生段二小段,6.59,都市：其他:第參種商業區(依都市計畫說明書圖規定辦理，始得作第參種商業區使用)(原屬第貳種商業區)。,100000,830,持分移轉,05940000
RPUOMLOJKHLGFFA18DA,懷生段二小段,1.61,都市：其他:第參種商業區(依都市計畫說明書圖規定辦理，始得作第參種商業區使用)(原屬第參種住宅區)。,100000,830,持分移轉,05950000
RPQNMLMKKHLGFAA07DA,萬芳段二小段,26.63,都市：其他:第三種住宅區。,10000,269,持分移轉,06570000
RPTNMLQKJHLGFFA18DA,瑞安段一小段,21.13,都市：其他:第三種住宅區。,105760,94,持分移轉,02980000
RPQQMLOJKHLGFFA97DA,通化段二小段,5.05,都市：其他:第參種商業區(依都市計畫說明書圖規定辦理，始得作第參種商業區使用)(原屬第貳種商業區)。,100000,706,持分移轉,05910000
RPRNMLLMJHLGFAA17DA,興泰段三小段,7.06,都市：其他:第三種住宅區。,40000,179,持分移轉,03770000
RPTNMLNLJHLGFDA87EA,寶清段一小段,27.75,都市：其他:第三種住宅區。,8,2,持分移轉,03650000
RPVNMLNLJHLGFDA08EA,吳興段一小段,31.44,都市：其他:第三種住宅區。,10000,210,持分移轉,04540000
RPVOMLTJKHLGFBA38DA,圓環段三小段,3.31,都市：其他:第三種商業區。,10000,19,持分移轉,04610000
RPTOMLTJKHLGFCA28DA,文德段二小段,22.05,都市：其他:第二種住宅區。,100000,378,持分移轉,01060000
RPXNMLMJKHLGFDA97DA,永春段一小段,16.95,都市：其他:第三之一種住宅區。,34250,929,持分移轉,00860000
RPPNMLNJKHLGFEA37DA,雙溪段重劃一小段,79.79,都市：其他:第一種住宅區 但是否在道路用地(公共設施用地)(應依建築線或俟地籍測量分割後，再確定)。,104,3,持分移轉,00610000
RPWQMLRLJHLGFDA78DA,逸仙段二小段,7.69,都市：其他:第四種住宅區。,644,9,持分移轉,01980000
RPWQMLRLJHLGFDA78DA,逸仙段二小段,14.98,都市：其他:第四種住宅區。,644,9,持分移轉,01990000
RPQOMLSLJHLGFDA08DA,西松段一小段,27.25,都市：其他:第三種住宅區。,16,2,持分移轉,00750000
RPPQMLLLJHLGFEA57DA,崇仰段三小段,44.21,都市：其他:第二種住宅區。,100,68,持分移轉,04040000
RPROMLNLJHLGFEA77DA,福順段一小段,28.00,都市：其他:第三之二種住宅區。,4,1,持分移轉,00950000
RPVNMLQLJHLGFEA38DA,天山段二小段,23.79,都市：其他:第二種住宅區。,100000,3211,持分移轉,05990000
RPSNMLNJKHLGFDA57DA,雅祥段四小段,4.24,都市：其他:第二種商業區。,100000,269,持分移轉,02760000
RPSNMLNJKHLGFDA57DA,雅祥段四小段,1.78,都市：其他:第三種住宅區。,100000,269,持分移轉,02830000
RPRNMLMKKHLGFCA47EA,德惠段三小段,173.00,都市：其他:道路用地(公共設施用地)。56/10/5,1,1,全筆移轉,02850000
RPPNMLLKKHLGFEA37EA,溫泉段二小段,10.16,都市：其他:第三種商業區 但是否在道路用地(公共設施用地)(應依建築線或俟地籍測量分割後，再確定)。,10000,462,持分移轉,05260000
RPQNMLLKKHLGFEA47EA,豐年段一小段,185.50,都市：其他:農業區。,10,1,持分移轉,07350000
RPSOMLTLJHLGFFA58DA,仁愛段三小段,9.21,都市：其他:第四種住宅區。,100000,3488,持分移轉,04050000
RPQNMLNKJHLGFAA07DA,政大段一小段,127.16,都市：其他:第二種住宅區。,10000,213,持分移轉,00310000
RPPOMLNLJHLGFDA57EA,南港段三小段,22.00,都市：其他:第三種住宅區。,1,1,全筆移轉,02400000
RPRNMLKKKHLGFEA37DA,關渡段三小段,70.44,都市：其他:第二種住宅區。,10000,164,持分移轉,00370000
RPQNMLNKKHLGFBA37EA,玉泉段一小段,18.05,都市：其他:第三種商業區。,100000,932,持分移轉,08740000
RPPNMLNKKHLGFFA67EA,復興段一小段,46.25,都市：其他:第四之一種住宅區(特)。,4,1,持分移轉,00410000
RPPNMLSJKHLGFBA57DA,大同段二小段,7.22,都市：其他:第三種商業區。,100000,932,持分移轉,02120000
RPPNMLSJKHLGFBA57DA,大同段二小段,.08,都市：其他:第四種住宅區。,100000,932,持分移轉,02620001
RPSNMLTKJHLGFDA18DA,玉成段四小段,3.07,都市：其他:第三種住宅區。,720,32,持分移轉,03180000
RPWNMLNJKHLGFBA77DA,福星段四小段,16.39,都市：其他:第四種商業區。,10000,357,持分移轉,03300000
RPTNMLTKJHLGFDA28DA,新光段一小段,2.98,都市：其他:第三種住宅區。,2700,45,持分移轉,01680000
RPQNMLKLJHLGFDA17DA,玉成段四小段,.03,都市：其他:第三種住宅區。,240,4,持分移轉,03240000
RPXOMLTJKHLGFBA58DA,大同段二小段,4.72,都市：其他:第四種住宅區。,30000,82,持分移轉,03420000
RPQNMLLKKHLGFBA07DA,華中段二小段,2.35,都市：其他:第三種住宅區。,48,1,持分移轉,06730000
RPQNMLLKKHLGFBA07DA,華中段二小段,.48,都市：其他:道路用地(公共設施用地)。56/8/25,48,1,持分移轉,06740000
RPPNMLKMJHLGFDA17DA,美仁段二小段,.39,都市：其他:第三種住宅區。,800,1,持分移轉,04020000
RPRNMLNJKHLGFBA27DA,漢中段一小段,5.42,都市：其他:第四種商業區。,10000,160,持分移轉,03930000
RPTOMLKKKHLGFCA47DA,碧湖段一小段,32.25,都市：其他:第三種住宅區。,4,1,持分移轉,07890000
RPPNMLLJKHLGFFA27DA,懷生段四小段,4.63,都市：其他:第三之二種住宅區。,10000,56,持分移轉,00250000
RPPNMLLJKHLGFFA27DA,懷生段四小段,.75,都市：其他:第三種住宅區。,10000,56,持分移轉,00250001
RPQNMLKMJHLGFFA47DA,懷生段三小段,34.60,都市：其他:第三種住宅區。,10,1,持分移轉,05320000
RPSNMLTJKHLGFDA18DA,信義段三小段,7.77,都市：其他:特定業務區(信義計畫特定專用區)。,100000,252,持分移轉,00360008
RPTOMLLLJHLGFDA67DA,敦化段四小段,33.50,都市：其他:第三種住宅區。,4,1,持分移轉,00330000
RPPNMLLKKHLGFDA27EA,犂和段二小段,1.60,都市：其他:第二種住宅區。,25,5,持分移轉,03560000
RPPNMLNKKHLGFCA37EA,文德段三小段,3.90,都市：其他:第三之一種住宅區。,10000,20,持分移轉,00250002
RPPNMLNKKHLGFCA37EA,文德段三小段,5.47,都市：其他:第三種住宅區。,10000,20,持分移轉,00780000
RPVQMLOJKHLGFFA48DA,瑞安段二小段,15.79,都市：其他:第三種住宅區。,20000,865,持分移轉,02080000
RPSNMLTJKHLGFEA38EA,八仙段一小段,7.00,都市：其他:農業區,270,45,持分移轉,03810000
RPQNMLNKKHLGFFA77EA,通化段六小段,.01,都市：其他:道路用地(公共設施用地)。61/4/24,2400,1,持分移轉,03880000
RPQNMLNKKHLGFFA77EA,仁愛段二小段,.01,都市：其他:道路用地(公共設施用地)。48/3/13,40000,2,持分移轉,06390000
SPSNMLTJKHLGFEA48EA,八仙段一小段,75.00,都市：其他:農業區,270,45,持分移轉,03890000
RPTNMLNKKHLGFEA97EA,光華段三小段,2.60,都市：其他:第參種商業區(依都市計畫說明書圖規定辦理，始得作第參種商業區使用)(原屬第參種住宅區)。,410400,5160,持分移轉,06200000
RPPNMLLKKHLGFFA47EA,復興段三小段,30.01,都市：其他:第四種住宅區。,100000,719,持分移轉,04420000
RPRNMLKKKHLGFFA47DA,學府段三小段,32.33,都市：其他:第三種住宅區。,3,1,持分移轉,02680000
RPROMLMKKHLGFAA37EA,南海段四小段,4.56,都市：其他:第三種住宅區。,96,1,持分移轉,04710000
RPVNMLMLJHLGFBA67DA,城中段二小段,4.91,都市：其他:第四種商業區。,10000,123,持分移轉,06040000
RPROMLNLKHLGFBA57DA,雙園段一小段,2.52,都市：其他:第三之二種住宅區(特) 但是否在第壹種商業區(依都市計畫說明書圖規定辦理，始得作第壹種商業區使用)(原屬第參之壹種住宅區)。,20000,331,持分移轉,02370001
RPROMLNLKHLGFBA57DA,雙園段一小段,5.00,都市：其他:第三之二種住宅區(特) 但是否在第壹種商業區(依都市計畫說明書圖規定辦理，始得作第壹種商業區使用)(原屬第參之壹種住宅區)。,20000,331,持分移轉,02400000
RPROMLNLKHLGFBA57DA,雙園段一小段,4.37,都市：其他:第三之二種住宅區(特) 但是否在第壹種商業區(依都市計畫說明書圖規定辦理，始得作第壹種商業區使用)(原屬第參之壹種住宅區)。,20000,331,持分移轉,02410000
RPSNMLKKKHLGFAA07DA,永昌段一小段,6.38,都市：其他:第三之二種住宅區。,2000,32,持分移轉,07760000
RPUNMLTLJHLGFAA18DA,景美段四小段,3.79,都市：其他:第三種商業區。,100000,145,持分移轉,02080000
RPRNMLNLKHLGFAA37DA,萬隆段二小段,2.83,都市：其他:第參種商業區(依都市計畫說明書圖規定辦理，始得作第參種商業區使用)(原屬第參之壹種住宅區)。,57375,4161,持分移轉,00640000
RPRNMLNLKHLGFAA37DA,萬隆段二小段,1.67,都市：其他:第參種商業區(依都市計畫說明書圖規定辦理，始得作第參種商業區使用)(原屬第參種住宅區)。,57375,4161,持分移轉,00640001
RPRNMLNLKHLGFAA37DA,萬隆段二小段,15.09,都市：其他:第參種商業區(依都市計畫說明書圖規定辦理，始得作第參種商業區使用)(原屬第參之壹種住宅區)。,29175,2019,持分移轉,00650000
RPRNMLNLKHLGFAA37DA,萬隆段二小段,10.45,都市：其他:第參種商業區(依都市計畫說明書圖規定辦理，始得作第參種商業區使用)(原屬第參種住宅區) 但是否在道路用地(公共設施用地)(應依建築線或俟地籍測量分割後，再確定)。,29175,2019,持分移轉,00650001
RPPOMLMKKHLGFCA27DA,中山段三小段,5.70,都市：其他:第肆種商業區(依都市計畫說明書圖規定辦理，始得作第肆種商業區使用)(原屬第參種商業區)。,20000,1117,持分移轉,07670000
RPPOMLMKKHLGFCA27DA,中山段三小段,.04,都市：其他:第肆種商業區(依都市計畫說明書圖規定辦理，始得作第肆種商業區使用)(原屬第參種商業區)。,20000,9,持分移轉,07680000
RPUOMLTKJHLGFDA48DA,福德段二小段,17.89,都市：其他:道路用地(公共設施用地)。51/9/1,36,2,持分移轉,06050000
RPTNMLNJKHLGFDA67DA,犂和段三小段,15.75,都市：其他:第參種商業區(依都市計畫說明書圖規定辦理，始得作第參種商業區使用)(原屬第參種住宅區)。,4,1,持分移轉,00140000
RPTNMLNJKHLGFDA67DA,三興段三小段,1.50,都市：其他:道路用地(公共設施用地)。51/9/1,4,1,持分移轉,06130008
RPOOMLMJKHLGFCA07DA,吉林段三小段,1.88,都市：其他:第肆種商業區(依都市計畫說明書圖規定辦理，始得作第肆種商業區使用)(原屬第參種商業區)。,10000,20,持分移轉,09190000
RPQNMLRJKHLGFDA77DA,民生段,16.00,都市：其他:第參種商業區(依都市計畫說明書圖規定辦理，始得作第參種商業區使用)(原屬住宅用地民生社區特定專用區)。,10000,37,持分移轉,00600000
RPTPMLMJKHLGFBA57DA,福星段四小段,1.77,都市：其他:第四種商業區。,10000,16,持分移轉,02080000
RPWOMLMJKHLGFCA87DA,長安段三小段,2.99,都市：其他:第三種住宅區。,100000,620,持分移轉,03250000
RPUNMLKLJHLGFEA67DA,崇仰段三小段,16.56,都市：其他:道路用地(公共設施用地)。66/1/11,1,1,全筆移轉,00180000
RPPNMLNLKHLGFCA37DA,長安段三小段,110.00,都市：其他:第三種住宅區。,1,1,全筆移轉,03170000
RPRPMLMJKHLGFBA37DA,大同段二小段,7.74,都市：其他:第三種商業區。,100000,999,持分移轉,02120000
RPPNMLNLKHLGFCA37DA,長安段三小段,108.00,都市：其他:第三種住宅區。,1,1,全筆移轉,03180000
RPRPMLMJKHLGFBA37DA,大同段二小段,.09,都市：其他:第四種住宅區。,100000,999,持分移轉,02620001
RPPPMLNLJHLGFDA57DA,福德段二小段,107.33,都市：其他:道路用地(公共設施用地)。51/9/1,36,12,持分移轉,06050000
RPPNMLMJKHLGFEA27DA,百齡段四小段,25.82,都市：其他:第三種住宅區。,55200,1260,持分移轉,01570000
RPPNMLMJKHLGFEA27DA,百齡段四小段,.00,都市：其他:第三種住宅區。,10000,1,持分移轉,01570002
RPPNMLMJKHLGFEA27DA,百齡段四小段,.00,都市：其他:第三種住宅區。,10000,1,持分移轉,01570003
RPTNMLSLJHLGFFA48DA,復興段一小段,.11,都市：其他:敦化南北路特定專用區(A區)(依都市計畫說明書圖規定辦理)(原屬第肆種住宅區及第貳種商業區)。,100000,10,持分移轉,06700000
RPTNMLSLJHLGFFA48DA,復興段一小段,.02,都市：其他:敦化南北路特定專用區(A區)(依都市計畫說明書圖規定辦理)(原屬第肆種住宅區及第肆之壹種住宅區)。,100000,10,持分移轉,06710001
RPPNMLNLKHLGFAA27EA,河堤段一小段,25.38,都市：其他:第三種住宅區。,8,1,持分移轉,05360000
RPPNMLQJKHLGFDA67EA,福德段二小段,17.89,都市：其他:道路用地(公共設施用地)。51/9/1,36,2,持分移轉,06050000
RPQNMLOLKHLGFDA67DA,虎林段一小段,5.94,都市：其他:第三種住宅區。,20000,214,持分移轉,04900000
RPQOMLTJKHLGFCA97DA,長安段四小段,5.80,都市：其他:第三種住宅區。,10000,107,持分移轉,01670000
RPPQMLKKKHLGFBA17DA,大同段一小段,31.51,都市：其他:第貳種商業區(依都市計畫說明書圖規定辦理，始得作第貳種商業區使用)(原屬第肆種住宅區)。,35084,315,持分移轉,04780002
RPXNMLRLJHLGFDA58DA,中南段四小段,31.00,都市：其他:第三種住宅區。,2,1,持分移轉,00180000
RPRNMLKMJHLGFDA37DA,寶清段四小段,4.42,都市：其他:聯合開發區(捷)。,100000,220,持分移轉,05990000
RPPNMLMLKHLGFDA37DA,三興段一小段,11.38,都市：其他:第參種商業區(依都市計畫說明書圖規定辦理，始得作第參種商業區使用)(原屬第貳種商業區)。,10000,191,持分移轉,00800000
RPPNMLMLKHLGFDA37DA,三興段一小段,2.22,都市：其他:第參種商業區(依都市計畫說明書圖規定辦理，始得作第參種商業區使用)(原屬第參種住宅區)。,10000,191,持分移轉,00800002
RPUNMLTJKHLGFEA48DA,天母段三小段,26.59,都市：其他:第三種住宅區。,10000,433,持分移轉,00600000
RPSOMLMKJHLGFAA27DA,南海段二小段,10.73,都市：其他:第參種商業區(依都市計畫說明書圖規定辦理，始得作第參種商業區使用)(原屬第貳種商業區)。,10000,146,持分移轉,05130000
RPSOMLMKJHLGFAA27DA,南海段二小段,15.83,都市：其他:第三之一種住宅區。,10000,146,持分移轉,05180000
RPUNMLTJKHLGFEA48DA,天母段三小段,.04,都市：其他:第三種住宅區。,10000,433,持分移轉,00600001
RPXOMLNLKHLGFBA18DA,玉泉段二小段,11.74,都市：其他:第三種商業區。,10000,206,持分移轉,01620000
RPRNMLMKJHLGFAA07DA,興隆段一小段,8.67,都市：其他:第三種住宅區。,10000,18,持分移轉,04090000
RPVNMLQJKHLGFEA38EA,大屯段三小段,39.81,都市：其他:第二種住宅區。,30000,1370,持分移轉,07000000
RPPNMLQJKHLGFEA77EA,百齡段三小段,28.50,都市：其他:第三種住宅區。,16,2,持分移轉,06430000
RPQNMLQJKHLGFEA87EA,三玉段四小段,8.86,都市：其他:第三種住宅區。,10000,76,持分移轉,01300000
RPQNMLQJKHLGFEA87EA,三玉段四小段,.10,都市：其他:道路用地(公共設施用地)。66/1/12,10000,240,持分移轉,01300003
RPRNMLKMJHLGFCA27DA,潭美段五小段,50.96,都市：其他:住宅區。,100000,1185,持分移轉,00820000
RPRNMLPJKHLGFEA87EA,百齡段五小段,5.54,都市：其他:第三之二種住宅區 但是否在第三種住宅區(應依建築線或俟地籍測量分割後，再確定)。,10000,30,持分移轉,02960000
RPSNMLQJKHLGFEA08EA,桃源段二小段,35.28,都市：其他:第三種住宅區。,10000,259,持分移轉,02380000
RPTNMLQJKHLGFEA18EA,溫泉段二小段,.48,都市：其他:第三種住宅區。,100000,44,持分移轉,00590000
RPSNMLOJKHLGFEA77DA,文林段五小段,30.80,都市：其他:第三種住宅區。,10,1,持分移轉,03810000
RPWPMLOLKHLGFFA68DA,仁愛段二小段,28.57,都市：其他:第四種住宅區。,100000,3225,持分移轉,00700000
RPPNMLQJKHLGFFA77DA,龍泉段二小段,39.60,都市：其他:第三種住宅區。,10,2,持分移轉,04710000
RPQNMLPLKHLGFCA77EA,北安段二小段,.55,都市：其他:第三種住宅區。,10000,2,持分移轉,02440000
RPPNMLOLJHLGFFA67DA,瑞安段二小段,.08,都市：其他:第三種住宅區。,10000,1,持分移轉,02380000
RPQOMLNKJHLGFFA67DA,大安段一小段,1.07,都市：其他:第參種商業區(依都市計畫說明書圖規定辦理，始得作第參種商業區使用)(原屬第貳種商業區)。,1609570,1349,持分移轉,02640000
RPQOMLNKJHLGFFA67DA,大安段一小段,1.78,都市：其他:第三種住宅區。,1609570,1349,持分移轉,02640001
RPRNMLPLKHLGFCA87EA,北安段二小段,34.58,都市：其他:第三種住宅區。,12,1,持分移轉,01660000
RPPNMLNLKHLGFFA77EA,學府段三小段,.04,都市：其他:第參種商業區(依都市計畫說明書圖規定辦理，始得作第參種商業區使用)(原屬第貳種商業區)。,20160,240,持分移轉,03990001
RPPPMLNKJHLGFDA57EA,玉成段四小段,15.28,都市：其他:第三種住宅區。,120000,1416,持分移轉,03220000
RPQOMLNLJHLGFDA67EA,三興段一小段,1.09,都市：其他:第參種商業區(依都市計畫說明書圖規定辦理，始得作第參種商業區使用)(原屬第貳種商業區)。,20000,12,持分移轉,10000000
RPPPMLNKJHLGFDA57EA,玉成段四小段,.04,都市：其他:道路用地(公共設施用地)。61/2/7,120000,1416,持分移轉,03220001
RPPNMLOLKHLGFEA77EA,行義段一小段,23.24,都市：其他:第二種住宅區。,10000,68,持分移轉,02500000
RPPOMLTLJHLGFCA97DA,吉林段四小段,5.30,都市：其他:第肆種商業區(依都市計畫說明書圖規定辦理，始得作第肆種商業區使用)(原屬第參種商業區)。,10000,156,持分移轉,04470000
RPTPMLNLKHLGFBA87DA,延平段一小段,.18,都市：其他:第三種商業區。,10000,32,持分移轉,07520000
RPRNMLOLKHLGFEA97EA,大業段四小段,18.38,都市：其他:第三種住宅區。,100000,1277,持分移轉,02910000
RPTPMLNLKHLGFBA87DA,延平段一小段,.17,都市：其他:特定專用區(供一般商業使用)。,10000,32,持分移轉,07560000
RPTPMLNLKHLGFBA87DA,延平段一小段,1.39,都市：其他:第三種商業區。,10000,32,持分移轉,07570000
RPTPMLNLKHLGFBA87DA,延平段一小段,1.34,都市：其他:特定專用區(供一般商業使用)。,10000,32,持分移轉,07570001
RPPNMLNLKHLGFAA17DA,公訓段三小段,18.49,都市：其他:第二種住宅區。,5000,7,持分移轉,01350000
RPPNMLNLKHLGFAA17DA,公訓段三小段,.24,都市：其他:第二種住宅區。,5000,7,持分移轉,01350001
RPPNMLNLKHLGFAA17DA,公訓段三小段,.49,都市：其他:第三種住宅區。,5000,7,持分移轉,01350002
RPPNMLNLKHLGFAA17DA,公訓段三小段,.83,都市：其他:第三種住宅區。,5000,7,持分移轉,01350003
RPPNMLNLKHLGFAA17DA,公訓段三小段,.22,都市：其他:第三種住宅區。,5000,7,持分移轉,01350004
RPPNMLNLKHLGFAA17DA,公訓段三小段,12.76,都市：其他:第二種住宅區。,5000,7,持分移轉,01350005
RPPNMLNLKHLGFAA17DA,公訓段三小段,.03,都市：其他:第二種住宅區。,5000,7,持分移轉,01360000
RPWNMLOJKHLGFFA28DA,懷生段四小段,9.65,都市：其他:第三之二種住宅區。,200000,4552,持分移轉,04820000
RPOOMLQJKHLGFCA47DA,西湖段一小段,31.65,都市：其他:第三種住宅區。,3000,94,持分移轉,04830000
RPXNMLMKKHLGFBA87DA,玉泉段一小段,4.85,都市：其他:第三種商業區 但是否在道路用地(公共設施用地)(應依建築線或俟地籍測量分割後，再確定)。,10000,63,持分移轉,02100000
RPWOMLTJKHLGFCA58DA,石潭段四小段,11.62,都市：其他:第二之一種住宅區(依都市計畫說明書圖規定辦理)。,10000,204,持分移轉,01500000
RPWOMLTJKHLGFCA58DA,石潭段四小段,1.51,都市：其他:第二種住宅區。,10000,204,持分移轉,01500001
RPPNMLPKKHLGFCA47DA,中山段二小段,3.92,都市：其他:第三種商業區。,10000,125,持分移轉,01000000
RPXNMLPLKHLGFAA18DA,萬隆段二小段,35.00,都市：其他:第參種商業區(依都市計畫說明書圖規定辦理，始得作第參種商業區使用)(原屬第參種住宅區)。,1,1,全筆移轉,02640000
RPXNMLPLKHLGFAA18DA,萬隆段二小段,7.00,都市：其他:道路用地(公共設施用地)。,1,1,全筆移轉,02650000
RPQNMLPLKHLGFEA97EA,光華段二小段,9.20,都市：其他:第三種住宅區。,120,3,持分移轉,07220003
RPQNMLPLKHLGFEA97EA,光華段二小段,8.22,都市：其他:第三之二種住宅區。,120,3,持分移轉,07220007
RPUOMLNLKHLGFEA18DA,行義段一小段,19.63,都市：其他:第二種住宅區。,10000,172,持分移轉,02710000
RPTNMLQJKHLGFEA08DA,陽明段二小段,1.67,都市：其他:第一種商業區。,10000,155,持分移轉,00120000
RPPNMLTLJHLGFDA97DA,吳興段二小段,18.74,都市：其他:第三種住宅區。,10000,71,持分移轉,00200000
RPTNMLQJKHLGFEA08DA,陽明段二小段,.87,都市：其他:第一種商業區。,10000,155,持分移轉,00130000
RPPNMLTLJHLGFDA97DA,吳興段二小段,.01,都市：其他:道路用地(公共設施用地)。51/9/1,10000,71,持分移轉,00200001
RPTNMLQJKHLGFEA08DA,陽明段二小段,18.74,都市：其他:第一種商業區。,10000,155,持分移轉,00150000
RPPNMLPLKHLGFEA87EA,芝山段一小段,18.30,都市：其他:第三種住宅區。,20,3,持分移轉,00330000
RPPNMLPLKHLGFAA47EA,興隆段一小段,7.21,都市：其他:第三種住宅區。,30000,64,持分移轉,03760000
RPTNMLKKKHLGFFA77EA,仁愛段三小段,.10,都市：其他:道路用地(公共設施用地)。61/3/27,10000,36,持分移轉,01480000
RPRNMLRLJHLGFFA18DA,懷生段四小段,.36,都市：其他:第三種住宅區。,900000,1100,持分移轉,00960000
RPPNMLPLKHLGFCA67EA,長春段二小段,25.40,都市：其他:第三種住宅區。,90,3,持分移轉,04090000
RPRNMLNLKHLGFEA77DA,桃源段二小段,47.43,都市：其他:第二種住宅區。,100000,918,持分移轉,00230000
RPVNMLMKKHLGFBA67DA,直興段三小段,20.56,都市：其他:第四種商業區。,10000,463,持分移轉,03900000
RPXNMLOLKHLGFDA38DA,西松段一小段,18.52,都市：其他:第參種商業區(依都市計畫說明書圖規定辦理，始得作第參種商業區使用)(原屬第參種住宅區及第貳種商業區)。,80380,463,持分移轉,06180000
RPSOMLNLKHLGFEA97DA,天母段一小段,35.40,都市：其他:第三種住宅區。,5,1,持分移轉,03940000
RPUNMLTLJHLGFCA38DA,中山段一小段,13.10,都市：其他:第肆種商業區(依都市計畫說明書圖規定辦理，始得作第肆種商業區使用)(原屬第參種商業區)。,3200,65,持分移轉,03770000
RPUNMLTLJHLGFCA38DA,中山段一小段,.65,都市：其他:第肆種商業區(依都市計畫說明書圖規定辦理，始得作第肆種商業區使用)(原屬第參種商業區)。,3200,65,持分移轉,03770001
RPWOMLOLKHLGFCA28DA,文德段二小段,7.69,都市：其他:第一種商業區。,100000,706,持分移轉,01380000
RPOOMLKLJHLGFCA96DA,榮星段六小段,3.77,都市：其他:聯合開發區(捷)(依都市計畫說明書圖規定辦理)。,100000,599,持分移轉,05080000
RPSNMLNLKHLGFAA47DA,興隆段二小段,24.32,都市：其他:第三種住宅區。,10000,81,持分移轉,05080000
RPOPMLQJKHLGFAA37DA,木柵段一小段,15.00,都市：其他:第三種商業區。,100000,1205,持分移轉,01290000
RPWNMLOLKHLGFEA38DA,光華段四小段,10.08,都市：其他:第參種商業區(依都市計畫說明書圖規定辦理，始得作第參種商業區使用)(原屬第參之貳種住宅區依都市計畫說明書圖規定辦理)。,100000,690,持分移轉,08000000
RPWNMLOLKHLGFEA38DA,光華段四小段,.39,都市：其他:第參種商業區(依都市計畫說明書圖規定辦理，始得作第參種商業區使用)(原屬第參種住宅區依都市計畫說明書圖規定辦理)。,100000,690,持分移轉,08020001
RPPNMLLLKHLGFFA47DA,復興段三小段,12.17,都市：其他:第四種住宅區。,12,1,持分移轉,04330000
RPROMLOLKHLGFCA77DA,長安段三小段,.54,都市：其他:第參種商業區(依都市計畫說明書圖規定辦理，始得作第參種商業區使用)(原屬第參之貳種住宅區)。,10000,5,持分移轉,07970000
RPROMLOLKHLGFCA77DA,長安段三小段,.24,都市：其他:第參種商業區(依都市計畫說明書圖規定辦理，始得作第參種商業區使用)(原屬第參種住宅區)。,10000,5,持分移轉,07970002
RPQNMLMJLHLGFEA57EA,行義段二小段,32.93,都市：其他:第二種住宅區。,10000,38,持分移轉,02980000
RPPNMLMJLHLGFCA27EA,碧湖段四小段,275.00,都市：其他:第二種住宅區。,1,1,全筆移轉,08800000
RPVNMLNLKHLGFAA77DA,河堤段二小段,.17,都市：其他:第三種住宅區。,400000,50,持分移轉,05500000
RPVNMLNLKHLGFAA77DA,河堤段二小段,.12,都市：其他:第參種商業區(依都市計畫說明書圖規定辦理，始得作第參種商業區使用)(原屬第貳種商業區)。,400000,50,持分移轉,05510000
RPUNMLOLKHLGFCA97DA,正義段一小段,8.65,都市：其他:第肆種商業區(依都市計畫說明書圖規定辦理，始得作第肆種商業區使用)(原屬第參種住宅區) 但是否在道路用地(公共設施用地)(應依建築線或俟地籍測量分割後，再確定)。,10000,88,持分移轉,02090000
RPTOMLOLKHLGFCA97DA,長安段三小段,.54,都市：其他:第參種商業區(依都市計畫說明書圖規定辦理，始得作第參種商業區使用)(原屬第參之貳種住宅區)。,10000,5,持分移轉,07970000
RPTOMLOLKHLGFCA97DA,長安段三小段,.24,都市：其他:第參種商業區(依都市計畫說明書圖規定辦理，始得作第參種商業區使用)(原屬第參種住宅區)。,10000,5,持分移轉,07970002
RPUNMLLLJHLGFDA67DA,延吉段一小段,.21,都市：其他:第參種商業區(依都市計畫說明書圖規定辦理，始得作第參種商業區使用)(原屬第貳種商業區)。,10000,12,持分移轉,04060000
RPPNMLQLKHLGFCA67DA,石潭段四小段,61.97,都市：其他:第二種住宅區。,100000,11617,持分移轉,00820000
RPUNMLLLJHLGFDA67DA,延吉段一小段,4.10,都市：其他:第三種住宅區。,10000,12,持分移轉,04060001
RPTNMLPLKHLGFDA08DA,玉成段四小段,39.10,都市：其他:第三種住宅區。,10000,1000,持分移轉,04300000
RPOOMLQLJHLGFCA57DA,東湖段三小段,66.11,都市：其他:第三種住宅區。,10000,585,持分移轉,00110015
RPPNMLTJKHLGFFA18EA,大安段三小段,21.61,都市：其他:第三種住宅區。,90827,39,持分移轉,02980000
RPSNMLPLKHLGFCA97EA,文德段四小段,29.35,都市：其他:第三種住宅區。,10000,58,持分移轉,02100000
RPOOMLPLKHLGFCA57DA,正義段一小段,15.61,都市：其他:第參種商業區(依都市計畫說明書圖規定辦理，始得作第參種商業區使用)(原屬第參種住宅區)。,100000,4877,持分移轉,03410000
RPPNMLTKJHLGFAA57DA,華興段二小段,24.73,都市：其他:第三種住宅區。,100000,1078,持分移轉,00570004
RPPNMLTKJHLGFAA57DA,華興段二小段,9.76,都市：其他:第二種住宅區。,100000,1078,持分移轉,00780002
RPPNMLQLKHLGFAA47DA,永昌段四小段,24.00,都市：其他:第三種住宅區。,1,1,全筆移轉,03660008
RPPNMLQLKHLGFAA47DA,永昌段四小段,2.00,都市：其他:第三種住宅區。,1,1,全筆移轉,03660040
RPPNMLQLKHLGFAA47DA,永昌段四小段,32.00,都市：其他:第三種住宅區。,1,1,全筆移轉,03810000
RPWNMLMKKHLGFBA77DA,雙園段一小段,28.00,都市：其他:第三種住宅區。,4,1,持分移轉,05150000
RPRNMLQLKHLGFAA67DA,華興段四小段,39.81,都市：其他:第三種住宅區。,28115,280,持分移轉,01710000
RPSNMLPLKHLGFAA67DA,華興段二小段,8.38,都市：其他:第三種住宅區。,40000,645,持分移轉,08070000
RPTNMLQLKHLGFAA87DA,萬隆段二小段,4.48,都市：其他:第三種住宅區。,10000,54,持分移轉,04740000
RPTNMLQLKHLGFAA87DA,萬隆段一小段,11.42,都市：其他:第三種住宅區。,10000,54,持分移轉,07150000
RPTNMLNKKHLGFBA57DA,青年段二小段,19.69,都市：其他:第三種住宅區。,16,3,持分移轉,04230000
RPRPMLQLKHLGFBA97DA,福星段一小段,11.41,都市：其他:第肆種商業區(依都市計畫說明書圖規定辦理，始得作第肆種商業區使用)(原屬第參種商業區)。,10000,140,持分移轉,02820000
RPRNMLMJLHLGFBA27DA,延平段二小段,14.55,都市：其他:特定專用區(供特定商業使用)。,10000,327,持分移轉,04760000
RPRNMLQKJHLGFDA77DA,民生段,63.75,都市：其他:住宅用地(民生社區特定專用區)。,4,1,持分移轉,01020020
RPTPMLQLKHLGFBA18DA,福星段一小段,11.08,都市：其他:第肆種商業區(依都市計畫說明書圖規定辦理，始得作第肆種商業區使用)(原屬第參種商業區)。,10000,136,持分移轉,02820000
RPRNMLPKJHLGFCA57DA,榮星段四小段,130.00,都市：其他:道路用地(公共設施用地)。62/8/20,1,1,全筆移轉,00260000
RPPNMLSLKHLGFBA77DA,福星段一小段,6.28,都市：其他:第肆種商業區(依都市計畫說明書圖規定辦理，始得作第肆種商業區使用)(原屬第參種商業區)。,10000,77,持分移轉,02820000
RPRNMLPKJHLGFCA57DA,榮星段四小段,66.00,都市：其他:道路用地(公共設施用地)。62/8/20,1,1,全筆移轉,00280000
RPPNMLNLKHLGFDA47DA,玉成段四小段,8.30,都市：其他:第三種住宅區。,10000,207,持分移轉,04290000
RPVSMLQLKHLGFCA78DA,西湖段二小段,.43,都市：其他:第三種住宅區。,100000,23,持分移轉,03520000
RPPNMLNJLHLGFBA17DA,城中段一小段,7.89,都市：其他:第四種商業區。,10000,52,持分移轉,01470000
RPQPMLPLKHLGFCA87DA,榮星段三小段,39.00,都市：其他:第三種住宅區。,4,1,持分移轉,01470000
RPXNMLPLKHLGFCA38DA,正義段三小段,7.36,都市：其他:第肆種商業區(依都市計畫說明書圖規定辦理，始得作第肆種商業區使用)(原屬第參種商業區)。,10000,117,持分移轉,01680000
RPUNMLOLKHLGFDA08DA,吳興段三小段,25.25,都市：其他:第三種住宅區。,8,2,持分移轉,08240000
RPPOMLQJKHLGFEA77DA,溫泉段一小段,11.76,都市：其他:特定觀光商業專用區。,10000,68,持分移轉,01280000
RPRPMLRLJHLGFDA18DA,永吉段二小段,11.00,都市：其他:第參種商業區(依都市計畫說明書圖規定辦理，始得作第參種商業區使用)(原屬第貳種商業區)。,100000,683,持分移轉,07990000
RPTOMLPJKHLGFFA18DA,復興段三小段,1.73,都市：其他:第四種住宅區。,100000,172,持分移轉,05870000
RPRPMLRLJHLGFDA18DA,永吉段二小段,5.59,都市：其他:第參種商業區(依都市計畫說明書圖規定辦理，始得作第參種商業區使用)(原屬第參種住宅區)。,100000,683,持分移轉,08000000
RPQNMLNJKHLGFEA47DA,新民段四小段,6.44,都市：其他:市場用地(公共設施用地)。45/8/31,100000,300,持分移轉,01320000
RPQNMLMJLHLGFCA37EA,康寧段二小段,52.00,都市：其他:第二種住宅區。,2,1,持分移轉,01560000
RPRNMLPLKHLGFDA87DA,延吉段一小段,6.73,都市：其他:第三之一種住宅區(特)。,100000,1185,持分移轉,01750000
RPRNMLPLKHLGFDA87DA,延吉段一小段,14.28,都市：其他:第三之一種住宅區。,100000,1185,持分移轉,01900000
RPOOMLNLKHLGFDA47DA,延吉段一小段,7.95,都市：其他:第三之一種住宅區(特)。,100000,1399,持分移轉,01750000
RPOOMLNLKHLGFDA47DA,延吉段一小段,16.86,都市：其他:第三之一種住宅區。,100000,1399,持分移轉,01900000
RPQNMLQLKHLGFDA97EA,逸仙段三小段,.75,都市：其他:第四種住宅區。,10000,325,持分移轉,07890000
RPQNMLQLKHLGFDA97EA,逸仙段三小段,.55,都市：其他:第參種商業區(依都市計畫說明書圖規定辦理，始得作第參種商業區使用)(原屬第貳種商業區)。,10000,325,持分移轉,07890001
RPQNMLQLKHLGFDA97EA,逸仙段三小段,.10,都市：其他:道路用地(公共設施用地)。48/11/4,10000,325,持分移轉,07890002
RPQNMLQLKHLGFDA97EA,逸仙段三小段,18.53,都市：其他:第四種住宅區 但是否在道路用地(公共設施用地)(應依建築線或俟地籍測量分割後，再確定)。,10000,325,持分移轉,07930000
RPQNMLQLKHLGFDA97EA,逸仙段三小段,8.48,都市：其他:第參種商業區(依都市計畫說明書圖規定辦理，始得作第參種商業區使用)(原屬第貳種商業區)。,10000,325,持分移轉,07930001
RPQNMLQLKHLGFDA97EA,逸仙段三小段,.03,都市：其他:道路用地(公共設施用地)。48/11/4,10000,325,持分移轉,07930002
RPPNMLMJLHLGFEA47EA,行義段二小段,28.15,都市：其他:第二種住宅區。,20000,312,持分移轉,02330000
RPPNMLQLKHLGFFA08EA,學府段三小段,.04,都市：其他:第參種商業區(依都市計畫說明書圖規定辦理，始得作第參種商業區使用)(原屬第貳種商業區)。,20160,240,持分移轉,03990001
RPPNMLQLKHLGFDA77DA,永春段二小段,.41,都市：其他:第三種住宅區。,100000,20,持分移轉,02840000
RPPNMLMJLHLGFEA37DA,大業段二小段,14.50,都市：其他:第三種住宅區。,100000,507,持分移轉,08740000
RPUNMLOLJHLGFFA18DA,金華段一小段,22.27,都市：其他:第參種商業區(依都市計畫說明書圖規定辦理，始得作第參種商業區使用)(原屬第貳種商業區)。,100000,1983,持分移轉,08230000
RPUNMLOLJHLGFFA18DA,金華段一小段,1.92,都市：其他:第參種商業區(依都市計畫說明書圖規定辦理，始得作第參種商業區使用)(原屬第參種住宅區)。,100000,1983,持分移轉,08240000
RPRNMLQLKHLGFFA28EA,學府段二小段,2.54,都市：其他:第參種商業區(依都市計畫說明書圖規定辦理，始得作第參種商業區使用)(原屬第貳種商業區)。,18000,162,持分移轉,00100000
RPPNMLMJKHLGFAA86DA,景美段四小段,41.98,都市：其他:第二種住宅區及第三種住宅區。,1000,72,持分移轉,01910000
RPUNMLQLKHLGFAA97DA,福和段一小段,11.66,都市：其他:第三種住宅區。,10000,246,持分移轉,01410000
RPSSMLKKKHLGFBA67DA,青年段一小段,4.46,都市：其他:第三之一種住宅區。,43560,696,持分移轉,07010000
RPSSMLKKKHLGFBA67DA,青年段一小段,13.34,都市：其他:第三種住宅區。,43560,696,持分移轉,07010001
RPSNMLMLJHLGFAA27DA,華興段三小段,45.21,都市：其他:第三種住宅區。,10000,5871,持分移轉,03700000
RPQNMLPJKHLGFFA77DA,辛亥段一小段,23.67,都市：其他:第三種住宅區。,10000,109,持分移轉,01790000
RPSNMLMLJHLGFAA27DA,華興段三小段,.59,都市：其他:第三種住宅區。,20000,5871,持分移轉,03730000
RPWNMLKLJHLGFCA67DA,東湖段七小段,5.50,都市：其他:第三種住宅區。,4,1,持分移轉,02730000
RPWNMLKLJHLGFCA67DA,東湖段七小段,28.75,都市：其他:第三種住宅區。,4,1,持分移轉,02740000
RPOOMLOJKHLGFCA27DA,石潭段三小段,4.78,都市：其他:第三之一種住宅區。,10000,222,持分移轉,05830000
RPOOMLOJKHLGFCA27DA,石潭段三小段,15.68,都市：其他:第三種住宅區。,10000,222,持分移轉,05830001
RPRNMLMJLHLGFAA17DA,實踐段三小段,34.68,都市：其他:第三之一種住宅區。,10000,367,持分移轉,00590000
RPRNMLMJLHLGFAA17DA,實踐段三小段,1.14,都市：其他:第三種住宅區。,10000,367,持分移轉,00590002
RPXNMLTJKHLGFCA58DA,長春段二小段,12.18,都市：其他:第三種住宅區。,100000,4930,持分移轉,03160000
RPWNMLTJKHLGFCA48DA,金泰段,10.20,都市：其他:商業區(供一般商業使用不得作住宅使用)。,100000,378,持分移轉,00940006
RPWOMLNJLHLGFBA97DA,橋北段一小段,21.75,都市：其他:第四種住宅區。,4,1,持分移轉,01340000
RPVPMLPLKHLGFCA38DA,中山段一小段,.13,都市：其他:第肆種商業區(依都市計畫說明書圖規定辦理，始得作第肆種商業區使用)(原屬第參種商業區)。,10000,21,持分移轉,03790000
RPVPMLPLKHLGFCA38DA,中山段一小段,4.70,都市：其他:第肆種商業區(依都市計畫說明書圖規定辦理，始得作第肆種商業區使用)(原屬第參種商業區) 但是否在道路用地(公共設施用地)(應依建築線或俟地籍測量分割後，再確定)。,10000,21,持分移轉,03790001
RPTNMLOJJHLGFCA57DA,中山段三小段,9.17,都市：其他:第肆種商業區(依都市計畫說明書圖規定辦理，始得作第肆種商業區使用)(原屬第參種商業區)。,10000,207,持分移轉,02980000
RPOPMLTKJHLGFDA97DA,中南段四小段,21.25,都市：其他:第三種住宅區。,4,1,持分移轉,10200000
RPXNMLLKKHLGFCA87DA,吉林段三小段,29.00,都市：其他:第貳種商業區(依都市計畫說明書圖規定辦理，始得作第貳種商業區使用)(原屬第參種住宅區)。,3,1,持分移轉,05410000
RPSNMLRLJHLGFEA18DA,奇岩段三小段,46.67,都市：其他:第三種住宅區。,10000,2191,持分移轉,00350000
RPUNMLKKKHLGFDA57DA,寶清段三小段,32.50,都市：其他:第三種住宅區。,4,1,持分移轉,05970000
RPQNMLQLKHLGFFA18EA,學府段二小段,1.27,都市：其他:第參種商業區(依都市計畫說明書圖規定辦理，始得作第參種商業區使用)(原屬第貳種商業區)。,2000,9,持分移轉,00100000
RPSNMLPJKHLGFFA97DA,仁愛段六小段,6.51,都市：其他:第四之一種住宅區(特)。,10000,76,持分移轉,06160002
RPSNMLNKKHLGFEA77DA,溫泉段三小段,22.27,都市：其他:第二種住宅區。,600,27,持分移轉,00260000
RPTNMLMKKHLGFDA67DA,玉成段三小段,4.63,都市：其他:第一種商業區。,100000,171,持分移轉,04590000
RPUNMLNJKHLGFAA47DA,萬隆段一小段,22.25,都市：其他:第三種住宅區。,4,1,持分移轉,02570000
RPPNMLNJLHLGFCA37EA,中山段一小段,27.11,都市：其他:第肆種商業區(依都市計畫說明書圖規定辦理，始得作第肆種商業區使用)(原屬第參種商業區)。,89253,5720,持分移轉,00910000
RPOPMLNLKHLGFBA37DA,成功段三小段,15.20,都市：其他:第三種住宅區。,100000,520,持分移轉,00910000
RPOPMLNLKHLGFBA37DA,成功段三小段,.10,都市：其他:道路用地(公共設施用地)。68/12/11,100000,520,持分移轉,00910002
RPPOMLNJLHLGFEA57DA,新民段四小段,6.14,都市：其他:市場用地(公共設施用地)。45/8/31,100000,286,持分移轉,01320000
RPSNMLOLKHLGFBA67DA,橋北段三小段,.24,都市：其他:第四種住宅區。,3240,15,持分移轉,00650000
RPSNMLOLKHLGFBA67DA,橋北段三小段,.15,都市：其他:道路用地(公共設施用地)。68/5/28,3240,15,持分移轉,00650001
RPSNMLOLKHLGFBA67DA,橋北段一小段,.57,都市：其他:第三之一種住宅區。,140,5,持分移轉,07460000
RPSNMLOLKHLGFBA67DA,橋北段一小段,4.18,都市：其他:第三之一種住宅區 但是否在第三種住宅區(應依建築線或俟地籍測量分割後，再確定)。,252,9,持分移轉,07460001
RPRNMLMJLHLGFEA57DA,關渡段二小段,13.50,都市：其他:第三之二種住宅區。,10000,74,持分移轉,00040000
RPRNMLMJLHLGFEA57DA,關渡段二小段,2.16,都市：其他:第三之一種住宅區。,10000,74,持分移轉,00040002
RPRNMLMJLHLGFEA57DA,關渡段二小段,1.25,都市：其他:第三種住宅區。,10000,74,持分移轉,00060001
RPQNMLMJKHLGFCA17DA,東湖段一小段,18.50,都市：其他:第三種住宅區。,10000,210,持分移轉,00040000
RPRNMLNKKHLGFDA57DA,永春段一小段,24.00,都市：其他:第三種住宅區。,4,1,持分移轉,03990000
RPRNMLOJLHLGFBA47DA,圓環段一小段,16.14,都市：其他:第參種商業區(依都市計畫說明書圖規定辦理，始得作第參種商業區使用)(原屬第肆種住宅區) 但是否在道路用地(公共設施用地)(應依建築線或俟地籍測量分割後，再確定)。,100000,3516,持分移轉,04670000
RPWNMLOJKHLGFDA08DA,民生段,13.24,都市：其他:住宅用地(民生社區特定專用區) 但是否在道路用地(公共設施用地)(應依建築線或俟地籍測量分割後，再確定)。,4374,42,持分移轉,00350003
RPROMLNLKHLGFEA87DA,福林段三小段,12.64,都市：其他:第三之二種住宅區。,10000,69,持分移轉,08170000
RPWNMLPKJHLGFEA28DA,天山段一小段,42.50,都市：其他:第二種住宅區。,10000,464,持分移轉,00180000
RPPNMLOLKHLGFCA47DA,北安段三小段,10.47,都市：其他:第三種住宅區。,10000,32,持分移轉,06050000
RPUOMLMJLHLGFEA97DA,新民段二小段,45.93,都市：其他:第三種住宅區。,10000,1137,持分移轉,02380000
RPQNMLNJLHLGFFA67DA,仁愛段二小段,29.82,都市：其他:第四種住宅區。,1000,142,持分移轉,05540000
RPPNMLNJLHLGFEA47DA,百齡段二小段,61.83,都市：其他:第參種工業區(不得作住宅使用)。,100000,12749,持分移轉,01080000
RPXNMLMKKHLGFCA97DA,正義段三小段,7.30,都市：其他:第肆種商業區(依都市計畫說明書圖規定辦理，始得作第肆種商業區使用)(原屬第參種商業區)。,10000,116,持分移轉,01680000
RPOOMLQLKHLGFDA77DA,民生段,6.73,都市：其他:第三種商業區(民生社區特定專用區) 但是否在道路用地(公共設施用地)(應依建築線或俟地籍測量分割後，再確定)。,681200,673,持分移轉,00620002
RPROMLNJLHLGFEA77DA,新民段二小段,35.05,都市：其他:第三種住宅區。,10000,155,持分移轉,02790000
RPROMLNJLHLGFEA77DA,新民段二小段,.26,都市：其他:道路用地(公共設施用地)。67/10/17,10000,155,持分移轉,02790001
RPPNMLOJLHLGFCA47EA,吉林段一小段,27.33,都市：其他:第三種住宅區。,2000,244,持分移轉,02230000
RPSNMLKMJHLGFCA37DA,東湖段二小段,10.82,都市：其他:第參種商業區(依都市計畫說明書圖規定辦理，始得作第參種商業區使用)(原屬第壹種商業區)。,1000000,28100,持分移轉,00270005
RPQNMLQLKHLGFBA67DA,大龍段二小段,29.25,都市：其他:第壹種商業區(依都市計畫說明書圖規定辦理，始得作第壹種商業區使用)(原屬第參種住宅區)。,8,2,持分移轉,06260000
RPSOMLKMJHLGFCA47DA,西湖段一小段,.04,都市：其他:第三種住宅區。,10000,1,持分移轉,10820000
RPQOMLKMJHLGFCA27DA,康寧段三小段,25.14,都市：其他:第三種住宅區。,10000,51,持分移轉,05130000
RPPOMLNJLHLGFBA27DA,華江段三小段,27.74,都市：其他:特定專用區(一)。,18240,2040,持分移轉,01260000
RPSNMLMJLHLGFCA57EA,長安段三小段,7.52,都市：其他:第參種商業區(依都市計畫說明書圖規定辦理，始得作第參種商業區使用)(原屬第貳種商業區)。,100000,474,持分移轉,03960000
RPVNMLKMJHLGFCA67DA,西湖段二小段,28.31,都市：其他:第三種住宅區。,10000,660,持分移轉,01860000
RPSNMLMJLHLGFCA57EA,長安段三小段,.60,都市：其他:第參種商業區(依都市計畫說明書圖規定辦理，始得作第參種商業區使用)(原屬第參種住宅區)。,100000,474,持分移轉,04050001
RPWNMLNJLHLGFFA28DA,學府段一小段,6.01,都市：其他:第參種商業區(依都市計畫說明書圖規定辦理，始得作第參種商業區使用)(原屬第貳種商業區)。,10000,74,持分移轉,05930000
RPPNMLNLJHLGFFA57DA,復興段一小段,2.58,都市：其他:第四種住宅區。,20000,78,持分移轉,01270000
RPROMLQJKHLGFCA77DA,正義段一小段,15.63,都市：其他:第參種商業區(依都市計畫說明書圖規定辦理，始得作第參種商業區使用)(原屬第參種住宅區)。,100000,4884,持分移轉,03410000
RPPNMLNLJHLGFFA57DA,復興段一小段,2.58,都市：其他:第四種住宅區。,20000,78,持分移轉,01270000
RPPNMLNLJHLGFFA57DA,復興段一小段,10.58,都市：其他:第四種住宅區。,20000,320,持分移轉,01270000
RPPNMLNLJHLGFFA57DA,復興段一小段,.40,都市：其他:第四種住宅區。,20000,78,持分移轉,01270001
RPPNMLNLJHLGFFA57DA,復興段一小段,.40,都市：其他:第四種住宅區。,20000,78,持分移轉,01270001
RPPNMLNLJHLGFFA57DA,復興段一小段,1.63,都市：其他:第四種住宅區。,20000,320,持分移轉,01270001
RPPNMLNLJHLGFFA57DA,復興段一小段,.95,都市：其他:第四種住宅區。,20000,78,持分移轉,01270002
RPPNMLNLJHLGFFA57DA,復興段一小段,.95,都市：其他:第四種住宅區。,20000,78,持分移轉,01270002
RPPNMLNLJHLGFFA57DA,復興段一小段,3.89,都市：其他:第四種住宅區。,20000,320,持分移轉,01270002
RPPNMLNLJHLGFFA57DA,復興段一小段,.66,都市：其他:第四種住宅區。,20000,78,持分移轉,01270003
RPPNMLNLJHLGFFA57DA,復興段一小段,.66,都市：其他:第四種住宅區。,20000,78,持分移轉,01270003
RPPNMLNLJHLGFFA57DA,復興段一小段,2.69,都市：其他:第四種住宅區。,20000,320,持分移轉,01270003
RPQNMLOJLHLGFEA77EA,溫泉段四小段,6.42,都市：其他:第三種商業區。,200000,438,持分移轉,07190000
RPROMLMJLHLGFCA47DA,東湖段一小段,23.80,都市：其他:第三種住宅區。,10000,1000,持分移轉,00240034
RPWNMLLKKHLGFDA87DA,三興段三小段,9.70,都市：其他:第三種住宅區。,10000,277,持分移轉,01550000
RPUNMLQLKHLGFCA18DA,中山段一小段,.81,都市：其他:第肆種商業區(依都市計畫說明書圖規定辦理，始得作第肆種商業區使用)(原屬第參種商業區)。,10000,24,持分移轉,02060000
RPUNMLQLKHLGFCA18DA,中山段一小段,2.72,都市：其他:第肆種商業區(依都市計畫說明書圖規定辦理，始得作第肆種商業區使用)(原屬第參種商業區)。,10000,26,持分移轉,02100000
RPTNMLLKKHLGFBA37DA,雙園段三小段,.57,都市：其他:第三種住宅區。,10000,2,持分移轉,06930000
RPQNMLOJLHLGFAA27DA,河堤段一小段,19.88,都市：其他:第三之二種住宅區。,10000,396,持分移轉,06560000
RPSQMLMJLHLGFDA87DA,延吉段三小段,21.38,都市：其他:第三之一種住宅區(特)。,10000,76,持分移轉,02480000
RPTNMLQLJHLGFFA28DA,仁愛段五小段,32.25,都市：其他:第四種住宅區。,4,1,持分移轉,04510000
RPTNMLQLJHLGFFA28DA,仁愛段五小段,5.50,都市：其他:道路用地(公共設施用地)。48/3/13,4,1,持分移轉,04520000
RPTOMLNJLHLGFEA97DA,天母段四小段,17.62,都市：其他:第三種住宅區。,20000,376,持分移轉,04200000
RPQNMLOJLHLGFEA67DA,桃源段四小段,43.79,都市：其他:第二種住宅區。,10000,586,持分移轉,01370000
RPSNMLOJLHLGFCA77EA,榮星段七小段,20.59,都市：其他:第三種住宅區。,32,1,持分移轉,00120001
RPVNMLNJLHLGFBA77DA,華江段三小段,27.74,都市：其他:特定專用區(一)。,18240,2040,持分移轉,01260000
RPSNMLOJLHLGFEA97EA,百齡段五小段,32.90,都市：其他:第三種住宅區。,1000,100,持分移轉,00480000
RPSNMLOJLHLGFEA97EA,百齡段五小段,4.90,都市：其他:第三種住宅區。,1000,100,持分移轉,00490000
RPTNMLLKJHLGFBA27DA,大龍段三小段,26.50,都市：其他:第貳種商業區(依都市計畫說明書圖規定辦理，始得作第貳種商業區使用)(原屬第參種住宅區)。,4,1,持分移轉,02210000
RPTOMLOJLHLGFDA97DA,延吉段一小段,44.95,都市：其他:第三之一種住宅區(特)。,1000,185,持分移轉,06420000
RPPNMLLJJHLGFCA86DA,吉林段三小段,7.93,都市：其他:第貳種商業區(依都市計畫說明書圖規定辦理，始得作第貳種商業區使用)(原屬第參種住宅區)。,2100000,15915,持分移轉,03810000
RPSPMLNJLHLGFCA77DA,文德段二小段,.11,都市：其他:第一種商業區。,100000,10,持分移轉,01380000
RPPNMLPJLHLGFBA47EA,迪化段二小段,32.69,都市：其他:特定專用區(供一般商業使用)。,10000,1993,持分移轉,00670000
RPTNMLLLJHLGFEA67DA,百齡段五小段,13.78,都市：其他:第三種住宅區。,8664,124,持分移轉,02510000
RPTNMLLLJHLGFEA67DA,百齡段五小段,.33,都市：其他:道路用地(公共設施用地)。68/12/28,8664,124,持分移轉,02510001
RPTNMLLLJHLGFEA67DA,百齡段五小段,30.25,都市：其他:第三種住宅區。,4,1,持分移轉,02590000
RPTNMLLLJHLGFEA67DA,百齡段五小段,.75,都市：其他:道路用地(公共設施用地)。68/12/28,4,1,持分移轉,02590001
RPTNMLPJLHLGFEA08DA,溫泉段一小段,5.45,都市：其他:特定觀光商業專用區。,10000,40,持分移轉,02270000
RPROMLKMJHLGFCA37DA,正義段二小段,5.96,都市：其他:第肆種商業區(依都市計畫說明書圖規定辦理，始得作第肆種商業區使用)(原屬第參種住宅區)。,30000,482,持分移轉,02850000
RPQNMLPLKHLGFAA47DA,福和段二小段,.21,都市：其他:第參種商業區(依都市計畫說明書圖規定辦理，始得作第參種商業區使用)(原屬第參種住宅區)。,100000,223,持分移轉,03870002
RPQNMLPLKHLGFAA47DA,福和段二小段,3.95,都市：其他:交通用地(公共設施用地)。78/11/29,100000,223,持分移轉,03970000
RPRNMLPLKHLGFBA67DA,雙連段三小段,14.41,都市：其他:第四種住宅區。,100000,3060,持分移轉,03160000
RPUNMLQJLHLGFCA08DA,吉林段五小段,4.79,都市：其他:第肆種商業區(依都市計畫說明書圖規定辦理，始得作第肆種商業區使用)(原屬第參種商業區)。,25110,143,持分移轉,03120000
RPSNMLLJKHLGFDA37DA,祥和段三小段,23.57,都市：其他:第三種住宅區。,10000,575,持分移轉,04640000
RPSNMLMKKHLGFDA57DA,三興段二小段,26.75,都市：其他:第貳種商業區(依都市計畫說明書圖規定辦理，始得作第貳種商業區使用)(原屬第參種住宅區)。,8,2,持分移轉,01240000
RPOOMLPJLHLGFCA47DA,吉林段四小段,36.61,都市：其他:第三種住宅區。,10000,4746,持分移轉,00630001
RPOOMLPJLHLGFCA47DA,吉林段四小段,24.14,都市：其他:第貳種商業區(依都市計畫說明書圖規定辦理，始得作第貳種商業區使用)(原屬第參種住宅區)。,10000,4746,持分移轉,00630003
RPPNMLMJKHLGFBA96DA,大龍段三小段,26.25,都市：其他:第三種住宅區。,4,1,持分移轉,04280000
RPSNMLRLJHLGFBA87DA,雙連段二小段,19.06,都市：其他:第三種商業區。,10000,480,持分移轉,06690000
RPRNMLQLKHLGFDA97DA,民生段,2.75,都市：其他:第三種商業區(民生社區特定專用區) 但是否在道路用地(公共設施用地)(應依建築線或俟地籍測量分割後，再確定)。,681200,275,持分移轉,00620002
RPQNMLQLKHLGFDA87DA,西松段二小段,50.00,都市：其他:第三種住宅區。,6,2,持分移轉,06140002
RPPNMLNJLHLGFDA37DA,永春段三小段,11.71,都市：其他:第三種住宅區。,4000,366,持分移轉,03980000
RPPNMLNJLHLGFDA37DA,永春段三小段,.27,都市：其他:道路用地(公共設施用地)。51/9/1,4000,366,持分移轉,03980001
RPPNMLNJLHLGFDA37DA,永春段三小段,2.65,都市：其他:道路用地(公共設施用地)。51/9/1,4000,366,持分移轉,03990000
RPVNMLQJKHLGFEA28DA,芝蘭段二小段,64.60,都市：其他:第三種住宅區。,100000,2549,持分移轉,06800000
RPSNMLOJLHLGFAA57EA,博嘉段四小段,.22,都市：其他:道路用地(公共設施用地)。58/4/28,10000,270,持分移轉,03100000
RPRNMLOJLHLGFAA47EA,博嘉段四小段,.24,都市：其他:道路用地(公共設施用地)。58/4/28,10000,300,持分移轉,03100000
RPPNMLPJLHLGFDA57DA,祥和段四小段,15.15,都市：其他:第三種住宅區。,2000,102,持分移轉,02200000
RPQNMLQJLHLGFDA87EA,福德段一小段,26.06,都市：其他:第三種住宅區。,10000,253,持分移轉,05660000
RPQNMLOJLHLGFAA37EA,博嘉段四小段,2.13,都市：其他:道路用地(公共設施用地)。58/4/28,20000,472,持分移轉,01970000
RPTNMLOJLHLGFAA67EA,博嘉段四小段,1.56,都市：其他:道路用地(公共設施用地)。58/4/28,10000,206,持分移轉,02020000
RPTNMLOJLHLGFAA67EA,博嘉段四小段,.17,都市：其他:道路用地(公共設施用地)。58/4/28,10000,206,持分移轉,02030000
RPROMLNLKHLGFCA67DA,吉林段一小段,13.30,都市：其他:第參種商業區(依都市計畫說明書圖規定辦理，始得作第參種商業區使用)(原屬第參種住宅區) 但是否在第三種商業區(原屬第參之貳種住宅區於七十九年九月十三日變更為第貳種商業區又於八十四年九月二十七日調整為第參種商業區(均應依前述都市計畫說明書圖規定辦理))。,10000,381,持分移轉,00790000
RPVNMLKKKHLGFDA67DA,信義段五小段,6.24,都市：其他:特定業務區(信義計畫特定專用區)。,100000,347,持分移轉,00420001
RPXNMLPJLHLGFEA48DA,新民段二小段,12.35,都市：其他:特定觀光商業專用區。,100000,338,持分移轉,05410000
RPVNMLNJKIKGFCA77DA,榮星段四小段,201.64,都市：其他:道路用地(公共設施用地)。62/8/20,3,2,持分移轉,01010000
RPVNMLNJKIKGFCA77DA,榮星段四小段,18.95,都市：其他:道路用地(公共設施用地)。62/8/20,3,2,持分移轉,01010001
RPPNMLPJLHLGFFA77DA,通化段二小段,4.76,都市：其他:第參種商業區(依都市計畫說明書圖規定辦理，始得作第參種商業區使用)(原屬第貳種商業區)。,200000,2706,持分移轉,00110000
RPVNMLNJKIKGFCA77DA,榮星段四小段,.08,都市：其他:道路用地(公共設施用地)。62/8/20,3,2,持分移轉,01010002
RPPNMLPJLHLGFFA77DA,通化段二小段,4.37,都市：其他:第參種商業區(依都市計畫說明書圖規定辦理，始得作第參種商業區使用)(原屬第貳種商業區)。,200000,2706,持分移轉,00120000
RPPNMLPJLHLGFFA77DA,通化段二小段,.12,都市：其他:第參種商業區(依都市計畫說明書圖規定辦理，始得作第參種商業區使用)(原屬第參種住宅區)。,200000,2706,持分移轉,00130001
RPWPMLPJLHLGFDA48DA,敦化段五小段,23.96,都市：其他:第三種住宅區。,10000,37,持分移轉,00250000
RPXNMLOJLHLGFCA18DA,文德段二小段,20.23,都市：其他:第三種住宅區。,32800,164,持分移轉,05180000
RPRPMLPJLHLGFDA97DA,敦化段四小段,33.00,都市：其他:第三種住宅區。,4,1,持分移轉,01030000
RPUNMLMKJHLGFCA67EA,長春段一小段,22.82,都市：其他:第三種住宅區。,270456,228,持分移轉,00020000
RPPNMLQJLHLGFBA57EA,青年段一小段,3.13,都市：其他:第三種住宅區。,6780,71,持分移轉,07360000
RPPNMLQJLHLGFBA57EA,青年段一小段,3.13,都市：其他:第三種住宅區。,6780,71,持分移轉,07360000
RPPNMLLKKIKGFCA17EA,東湖段二小段,.50,都市：其他:道路用地(公共設施用地)。65/2/11,1,1,全筆移轉,00260008
RPPNMLKKKIKGFBA96EA,中正段一小段,3.85,都市：其他:第三種住宅區。,40,1,持分移轉,02370000
RPUNMLOJKIKGFCA77DA,金泰段,12.85,都市：其他:商業區(供一般商業使用不得作住宅使用)。,10000,220,持分移轉,00850011
RPSNMLSJKIKGFCA97DA,石潭段二小段,16.47,都市：其他:公園用地(公共設施用地)。63/1/5,6500,35,持分移轉,01080000
RPPNMLLKKIKGFCA07DA,長安段四小段,3.40,都市：其他:第參種商業區(依都市計畫說明書圖規定辦理，始得作第參種商業區使用)(原屬第參種住宅區)。,7000,120,持分移轉,01950000
RPPNMLLKKIKGFCA07DA,長安段四小段,1.59,都市：其他:第參種商業區(依都市計畫說明書圖規定辦理，始得作第參種商業區使用)(原屬第貳種商業區)。,7000,120,持分移轉,01950001
RPWNMLMKKIKGFCA87DA,正義段三小段,6.51,都市：其他:第肆種商業區(依都市計畫說明書圖規定辦理，始得作第肆種商業區使用)(原屬第參種商業區)。,10000,123,持分移轉,02310000
RPSOMLNJKIKGFEA77DA,八仙段二小段,82.20,都市：其他:農業區。,1,1,全筆移轉,00210003
RPSOMLNJKIKGFEA77DA,八仙段二小段,2.80,都市：其他:農業區。,1,1,全筆移轉,00210004
RPSPMLNJKIKGFEA87DA,芝山段二小段,30.62,都市：其他:第三種住宅區。,20000,359,持分移轉,02600000
RPPNMLOJKIKGFEA47DA,開明段二小段,12.50,都市：其他:第三種商業區。,6,1,持分移轉,02080000
RPPNMLLKKIKGFEA27DA,豐年段三小段,424.75,都市：其他:農業區。,672,43,持分移轉,02470000
RPSPMLNJKIKGFEA87DA,芝山段一小段,.37,都市：其他:第三之一種住宅區。,20000,460,持分移轉,03230000
RPVNMLSJKIKGFEA48DA,百齡段四小段,25.25,都市：其他:第三種住宅區。,4,1,持分移轉,01080000
RPQNMLLKKIKGFBA17EA,莒光段四小段,18.02,都市：其他:特定專用區(一)。,300,34,持分移轉,00390000
RPQOMLQLJHLGFEA97DA,崇仰段三小段,26.82,都市：其他:第二種住宅區。,10000,139,持分移轉,04520000
RPPNMLRLKHLGFCA77DA,東湖段五小段,30.62,都市：其他:第三種住宅區。,10000,91,持分移轉,04650000
RPTNMLPKKIKGFCA87DA,中山段一小段,3.16,都市：其他:第肆種商業區(依都市計畫說明書圖規定辦理，始得作第肆種商業區使用)(原屬第參種商業區)。,10000,22,持分移轉,04800000
RPTOMLPJKIKGFAA67DA,興安段一小段,.53,都市：其他:市場用地(公共設施用地)。62/10/24,10000,2,持分移轉,04870000
RPWNMLSJKIKGFAA18DA,指南段二小段,1.09,都市：其他:交通用地(公共設施用地)。,630000,4375,持分移轉,03590001
RPUNMLSJKIKGFAA97DA,指南段二小段,1.09,都市：其他:交通用地(公共設施用地)。,630000,4375,持分移轉,03590001
RPWNMLSJKIKGFAA18DA,指南段二小段,1.15,都市：其他:交通用地(公共設施用地)。,630000,4375,持分移轉,03600001
RPPNMLMKKIKGFDA27DA,玉成段三小段,8.42,都市：其他:第一種商業區。,100000,311,持分移轉,04590000
RPWNMLSJKIKGFAA18DA,指南段二小段,.76,都市：其他:交通用地(公共設施用地)。,630000,4375,持分移轉,03640001
RPUNMLSJKIKGFAA97DA,指南段二小段,1.15,都市：其他:交通用地(公共設施用地)。,630000,4375,持分移轉,03600001
RPWNMLSJKIKGFAA18DA,指南段二小段,5.15,都市：其他:交通用地(公共設施用地)。,630000,4375,持分移轉,03800001
RPUNMLSJKIKGFAA97DA,指南段二小段,.76,都市：其他:交通用地(公共設施用地)。,630000,4375,持分移轉,03640001
RPUNMLSJKIKGFAA97DA,指南段二小段,5.15,都市：其他:交通用地(公共設施用地)。,630000,4375,持分移轉,03800001
RPWNMLKKKIKGFDA77DA,永吉段四小段,.11,都市：其他:第參種商業區(依都市計畫說明書圖規定辦理，始得作第參種商業區使用)(原屬第參種住宅區)。,10000,1,持分移轉,00440000
RPWNMLKKKIKGFDA77DA,永吉段四小段,.25,都市：其他:第參種商業區(依都市計畫說明書圖規定辦理，始得作第參種商業區使用)(原屬第參之壹種住宅區)。,10000,1,持分移轉,00440006
RPPNMLRJKHLGFAA37DA,政大段四小段,7.75,都市：其他:第三種住宅區。,4,1,持分移轉,04010000
RPPNMLRJKHLGFAA37DA,政大段四小段,27.00,都市：其他:第三種住宅區。,4,1,持分移轉,04030000
RPTOMLSLIIKGFDA38EA,西松段二小段,28.35,都市：其他:第三種住宅區。,10000,171,持分移轉,00300000
RPPNMLPKKIKGFFA87EA,龍泉段三小段,6.07,都市：其他:第三種住宅區。,100000,1753,持分移轉,03500000
RPUNMLLKKIKGFFA87DA,通化段六小段,3.78,都市：其他:第三種住宅區。,21000,167,持分移轉,02280000
RPTNMLLKKIKGFFA77DA,龍泉段三小段,16.26,都市：其他:第三種住宅區。,10000,689,持分移轉,02610000
RPRNMLPKKIKGFEA97EA,天母段四小段,32.48,都市：其他:第三種住宅區。,70000,1998,持分移轉,04180000
RPPNMLQKKIKGFBA57EA,玉泉段一小段,14.90,都市：其他:第三種商業區。,10000,112,持分移轉,08370000
RPVNMLSJKIKGFCA28DA,中山段一小段,.99,都市：其他:第肆種商業區(依都市計畫說明書圖規定辦理，始得作第肆種商業區使用)(原屬第參種商業區)。,51200,590,持分移轉,05580000
RPVNMLSJKIKGFCA28DA,中山段一小段,1.44,都市：其他:第肆種商業區(依都市計畫說明書圖規定辦理，始得作第肆種商業區使用)(原屬第參種商業區)。,51200,590,持分移轉,05590000
RPVNMLSJKIKGFCA28DA,中山段一小段,1.46,都市：其他:第肆種商業區(依都市計畫說明書圖規定辦理，始得作第肆種商業區使用)(原屬第參種商業區)。,51200,590,持分移轉,05620000
RPVNMLSJKIKGFCA28DA,中山段一小段,1.21,都市：其他:第肆種商業區(依都市計畫說明書圖規定辦理，始得作第肆種商業區使用)(原屬第參種商業區)。,51200,590,持分移轉,05630000
RPWOMLSLIIKGFDA68EA,中南段四小段,.60,都市：其他:第三種住宅區。,10000,500,持分移轉,00110003
RPXOMLLKKIKGFDA08DA,吳興段二小段,.28,都市：其他:第三種住宅區。,10000,1,持分移轉,00710000
RPXOMLLKKIKGFDA08DA,祥和段三小段,.00,都市：其他:第三種住宅區。,10000,1,持分移轉,04440005
RPPNMLPKKIKGFBA47EA,直興段一小段,49.75,都市：其他:第四種住宅區。,10000,132,持分移轉,01400000
RPXOMLLJKIKGFDA97DA,信義段三小段,4.43,都市：其他:特定業務區(信義計畫特定專用區)。,200000,213,持分移轉,00360003
RPQNMLNJKIKGFDA37DA,信義段三小段,.16,都市：其他:特定業務區(信義計畫特定專用區)。,20000,1,持分移轉,00360001
RPTOMLLKKIKGFEA77DA,富安段一小段,357.06,都市：其他:住宅區(細部計畫尚未完成，尚未能准許依變更後計畫用途使用) 但是否在道路用地(公共設施用地)(應依建築線或俟地籍測量分割後，再確定)。,120000,2370,持分移轉,00990000
RPTPMLTJKIKGFEA58DA,富安段一小段,170.83,都市：其他:公園用地(公共設施用地)及道路用地(公共設施用地) 但是否在住宅區(細部計畫尚未完成，尚未能准許依變更後計畫用途使用應依建築線或俟地籍測量分割後，再確定)。,6000,500,持分移轉,00660000
RPQNMLPKKIKGFCA67EA,東湖段七小段,.14,都市：其他:第三種住宅區。,10000,1,持分移轉,02000000
RPTNMLLKKIKGFEA67DA,富安段一小段,504.71,都市：其他:住宅區(細部計畫尚未完成，尚未能准許依變更後計畫用途使用) 但是否在道路用地(公共設施用地)(應依建築線或俟地籍測量分割後，再確定)。,120000,3350,持分移轉,00990000
RPVNMLLKKIKGFFA97DA,學府段二小段,2.81,都市：其他:第參種商業區(依都市計畫說明書圖規定辦理，始得作第參種商業區使用)(原屬第貳種商業區)。,6000,21,持分移轉,00170000
RPPOMLQKKIKGFCA67DA,潭美段四小段,15.95,都市：其他:第三種住宅區。,3,2,持分移轉,05610000
RPVNMLPJKIKGFFA28DA,通化段六小段,2.71,都市：其他:第三種住宅區。,4200000,24000,持分移轉,02280000
RPUNMLLKKIKGFEA77DA,富安段一小段,721.20,都市：其他:住宅區(細部計畫尚未完成，尚未能准許依變更後計畫用途使用) 但是否在道路用地(公共設施用地)(應依建築線或俟地籍測量分割後，再確定)。,120000,4787,持分移轉,00990000
RPSOMLLKKIKGFEA67DA,富安段一小段,399.24,都市：其他:住宅區(細部計畫尚未完成，尚未能准許依變更後計畫用途使用) 但是否在道路用地(公共設施用地)(應依建築線或俟地籍測量分割後，再確定)。,120000,2650,持分移轉,00990000
RPWNMLRKKIKGFCA38DA,德惠段三小段,8.11,都市：其他:第三之一種住宅區。,18,1,持分移轉,00960000
RPVOMLQKKIKGFCA28DA,東湖段一小段,8.88,都市：其他:第三種住宅區。,10000,62,持分移轉,00260006
RPQNMLRKKIKGFAA67EA,老泉段一小段,265.28,都市：其他:農業區。,1000,80,持分移轉,05650002
RPPNMLQKKIKGFFA87DA,仁愛段三小段,1.57,都市：其他:第參種商業區(依都市計畫說明書圖規定辦理，始得作第參種商業區使用)(原屬第貳種商業區)。,100000,176,持分移轉,06490000
RPPNMLQKKIKGFFA87DA,仁愛段三小段,.01,都市：其他:道路用地(公共設施用地)。68/10/15,100000,176,持分移轉,06490001
RPSNMLQKKIKGFFA18DA,瑞安段二小段,2.30,都市：其他:第三種住宅區。,1000000,2007,持分移轉,01000000
RPRNMLOKKIKGFDA67DA,寶清段七小段,3.18,都市：其他:第三種商業區。,100000,258,持分移轉,06620000
RPPNMLSKKIKGFBA77EA,大同段二小段,37.25,都市：其他:第四種住宅區。,4,1,持分移轉,06760000
RPVNMLSKKIKGFCA38DA,長春段三小段,7.22,都市：其他:第二種商業區。,10000,186,持分移轉,01270000
RPSNMLRKKIKGFFA28DA,龍泉段三小段,.56,都市：其他:第參種商業區(依都市計畫說明書圖規定辦理，始得作第參種商業區使用)(原屬第貳種商業區)。,10000,88,持分移轉,10050000
RPSNMLRKKIKGFFA28DA,龍泉段三小段,7.81,都市：其他:第參種商業區(依都市計畫說明書圖規定辦理，始得作第參種商業區使用)(原屬第參種住宅區及第貳種商業區)。,10000,88,持分移轉,10060000
RPSNMLRKKIKGFFA28DA,龍泉段三小段,.06,都市：其他:道路用地(公共設施用地)。44/7/5,10000,88,持分移轉,10060001
RPRNMLSKKIKGFBA97EA,玉泉段一小段,1.00,都市：其他:第三種商業區。,11,1,持分移轉,04300000
RPUOMLQKKIKGFEA38DA,溪洲段一小段,1.26,都市：其他:公園用地(公共設施用地)(將來採區段徵收方式辦理整體開發)。82/1/5,54,1,持分移轉,01550000
RPUOMLQKKIKGFEA38DA,溪洲段一小段,1.87,都市：其他:堤防用地(公共設施用地)(將來係採用區段徵收之方式辦理整體開發)。80/6/5,54,1,持分移轉,01550001
RPTOMLQKKIKGFCA08DA,西湖段二小段,34.24,都市：其他:第三種住宅區。,10000,135,持分移轉,04440000
RPUOMLQKKIKGFEA38DA,溪洲段一小段,.83,都市：其他:堤防用地(公共設施用地)(將來係採用區段徵收之方式辦理整體開發)。80/6/5,54,1,持分移轉,01560000
RPUOMLQKKIKGFEA38DA,溪洲段一小段,5.26,都市：其他:公園用地(公共設施用地)(將來採區段徵收方式辦理整體開發)。100/6/8,54,1,持分移轉,01720000
RPUOMLQKKIKGFEA38DA,溪洲段一小段,.39,都市：其他:公園用地(公共設施用地)(將來採區段徵收方式辦理整體開發)。82/1/5,54,1,持分移轉,01720001
RPUOMLQKKIKGFEA38DA,溪洲段一小段,13.04,都市：其他:交通用地(公共設施用地)(將來採區段徵收方式辦理整體開發)。100/6/8,54,1,持分移轉,02460000
RPUOMLQKKIKGFEA38DA,溪洲段一小段,.20,都市：其他:交通用地(公共設施用地)(將來採區段徵收方式辦理整體開發)。100/6/8,54,1,持分移轉,02460001
RPUOMLQKKIKGFEA38DA,溪洲段一小段,2.50,都市：其他:交通用地(公共設施用地)(將來採區段徵收方式辦理整體開發)。100/6/8,4671,67,持分移轉,02470000
RPUOMLQKKIKGFEA38DA,溪洲段三小段,.35,都市：其他:道路用地(公共設施用地) 但是否在住宅區(細部計畫尚未完成，尚未能准許依變更後計畫用途使用應依建築線或俟地籍測量分割後，再確定)。,54,1,持分移轉,03460000
RPUOMLQKKIKGFEA38DA,溪洲段三小段,23.09,都市：其他:公園用地(公共設施用地)及道路用地(公共設施用地) 但是否在住宅區(細部計畫尚未完成，尚未能准許依變更後計畫用途使用應依建築線或俟地籍測量分割後，再確定)。,54,1,持分移轉,03470000
RPUOMLQKKIKGFEA38DA,溪洲段三小段,2.88,都市：其他:住宅區(細部計畫尚未完成，尚未能准許依變更後計畫用途使用)。,1782,25,持分移轉,03560000
RPUOMLQKKIKGFEA38DA,溪洲段三小段,.98,都市：其他:住宅區(細部計畫尚未完成，尚未能准許依變更後計畫用途使用)。,54,1,持分移轉,03590000
RPUOMLQKKIKGFEA38DA,溪洲段一小段,4.11,都市：其他:交通用地(公共設施用地)(將來採區段徵收方式辦理整體開發)。100/6/8,54,1,持分移轉,03830000
RPUOMLQKKIKGFEA38DA,溪洲段二小段,.43,都市：其他:堤防用地(公共設施用地)(將來係採用區段徵收之方式辦理整體開發)。80/6/5,54,1,持分移轉,04860000
RPWOMLLKKIKGFEA08DA,關渡段一小段,1750.00,都市：其他:公園用地(公共設施用地)。82/1/15,1,1,全筆移轉,01400002
RPWNMLLKKIKGFDA97EA,信義段一小段,.02,都市：其他:第三種住宅區。,20000000,40,持分移轉,02690004
RPPNMLRKKIKGFDA87EA,逸仙段三小段,1.35,都市：其他:第參種商業區(依都市計畫說明書圖規定辦理，始得作第參種商業區使用)(原屬第貳種商業區)及第參種商業區(依都市計畫說明書圖規定辦理，始得作第參種商業區使用)(原屬商業用地國父紀念館特定專用區)。,19606,7,持分移轉,00320000
RPPNMLRKKIKGFDA87EA,逸仙段三小段,.07,都市：其他:第四種住宅區(特)及第四之一種住宅區(特)。,19606,7,持分移轉,00320005
RPPNMLRKKIKGFDA87EA,逸仙段三小段,.47,都市：其他:第四種住宅區(特)及第四種住宅區。,19606,7,持分移轉,00440000
RPTNMLSKKIKGFAA97DA,景美段一小段,.05,都市：其他:道路用地(公共設施用地)。,20,1,持分移轉,02620001
RPPNMLLKKIKGFBA96DA,福星段一小段,4.14,都市：其他:第肆種商業區(依都市計畫說明書圖規定辦理，始得作第肆種商業區使用)(原屬第參種商業區)。,10000,115,持分移轉,03090000
RPRNMLMKKIKGFBA27DA,莒光段三小段,23.92,都市：其他:第參種商業區(依都市計畫說明書圖規定辦理，始得作第參種商業區使用)(原屬第參種住宅區)。,1000,67,持分移轉,00090000
RPQNMLMKKIKGFCA37EA,西湖段一小段,2.50,都市：其他:第三種住宅區。,10000,13,持分移轉,07510000
RPRNMLMKKIKGFDA47DA,逸仙段二小段,6.81,都市：其他:第四種住宅區。,800,3,持分移轉,02120000
RPQNMLRKKIKGFDA97EA,新光段二小段,15.74,都市：其他:道路用地(公共設施用地)(供護坡使用)。92/10/8,151200,8400,持分移轉,01490005
RPQNMLRKKIKGFDA97EA,新光段二小段,5.80,都市：其他:道路用地(公共設施用地)。,151200,8400,持分移轉,01490006
RPQNMLRKKIKGFDA97EA,新光段二小段,.06,都市：其他:道路用地(公共設施用地)(供護坡使用)。92/10/8,151200,8400,持分移轉,01490008
RPQNMLRKKIKGFDA97EA,新光段二小段,5.28,都市：其他:道路用地(公共設施用地)。61/2/7,151200,8400,持分移轉,01740000
RPQNMLRKKIKGFDA97EA,新光段二小段,2.03,都市：其他:道路用地(公共設施用地)。61/2/7,151200,8400,持分移轉,01750000
RPQNMLRKKIKGFDA97EA,新光段二小段,.17,都市：其他:道路用地(公共設施用地)。92/10/8,151200,8400,持分移轉,01770000
RPQNMLRKKIKGFDA97EA,新光段二小段,4.00,都市：其他:道路用地(公共設施用地)。61/2/7,151200,8400,持分移轉,01780000
RPQNMLSKKIKGFBA87EA,福星段二小段,5.54,都市：其他:第四種商業區。,5982388,7661,持分移轉,05510000
RPQNMLSKKIKGFBA77DA,成功段一小段,6.29,都市：其他:資訊產業專用區(依都市計畫說明書圖規定辦理)(依都市計畫說明書圖規定辦理)。,12000,500,持分移轉,00350000
RPRNMLRKKIKGFCA87DA,吉林段二小段,46.00,都市：其他:第三種住宅區。,4,1,持分移轉,07540000
RPROMLQKKIKGFDA08EA,西松段三小段,19.00,都市：其他:第三之一種住宅區(特)。,4,1,持分移轉,04740000
RPTOMLLJKIKGFBA37DA,玉泉段二小段,20.00,都市：其他:特定專用區(供特定住宅使用)。,100000,2164,持分移轉,06900000
RPSNMLSKKIKGFCA18EA,長安段二小段,.15,都市：其他:第參種商業區(依都市計畫說明書圖規定辦理，始得作第參種商業區使用)(原屬第壹種商業區)。,100000,25,持分移轉,02090000
RPTOMLLJKIKGFBA37DA,玉泉段二小段,.09,都市：其他:第四種住宅區。,100000,2164,持分移轉,06910000
RPUSMLRKKIKGFEA88DA,華岡段二小段,96.29,都市：其他:文教區。,1000,29,持分移轉,02530000
RPUOMLLKKIKGFEA87DA,八仙段二小段,31.54,都市：其他:堤防用地(公共設施用地)。80/11/2,325151,48950,持分移轉,01740003
RPUOMLLKKIKGFEA87DA,八仙段二小段,28.64,都市：其他:農業區。,325151,48950,持分移轉,01740004
RPUOMLLKKIKGFEA87DA,八仙段二小段,45.35,都市：其他:農業區。,325151,48950,持分移轉,01800001
RPUOMLLKKIKGFEA87DA,八仙段二小段,489.50,都市：其他:農業區。,1,1,全筆移轉,01800005
RPTNMLSKKIKGFFA48DA,金華段二小段,10.60,都市：其他:第參種商業區(依都市計畫說明書圖規定辦理，始得作第參種商業區使用)(原屬第貳種商業區)。,10000,126,持分移轉,04870000
RPUNMLSKKIKGFEA58EA,芝蘭段一小段,.01,都市：其他:道路用地(公共設施用地)。65/11/23,6000,1,持分移轉,00640000
RPQNMLMLKIKGFAA17DA,公訓段二小段,.04,都市：其他:第三種住宅區。,100000,4,持分移轉,04880000
RPQNMLTKKIKGFFA38EA,學府段一小段,12.14,都市：其他:第三之二種住宅區及第三之一種住宅區。,12390000,119601,持分移轉,06340000
SPWNMLRKIIKGFAA18EA,南海段二小段,.38,都市：其他:第參種商業區(依都市計畫說明書圖規定辦理，始得作第參種商業區使用)(原屬第肆種住宅區)。,10000,12,持分移轉,01780000
TPWNMLRKIIKGFAA28EA,南海段二小段,.38,都市：其他:第參種商業區(依都市計畫說明書圖規定辦理，始得作第參種商業區使用)(原屬第肆種住宅區)。,10000,12,持分移轉,01780000
RPWNMLRKIIKGFAA08EA,南海段二小段,.38,都市：其他:第參種商業區(依都市計畫說明書圖規定辦理，始得作第參種商業區使用)(原屬第肆種住宅區)。,10000,12,持分移轉,01780000
RPUNMLMLKIKGFFA08DA,龍泉段二小段,12.83,都市：其他:第參種商業區(依都市計畫說明書圖規定辦理，始得作第參種商業區使用)(原屬第貳種商業區)。,480,18,持分移轉,00130000
RPRNMLQLJIKGFEA08EA,陽明段二小段,.95,都市：其他:第一種商業區。,10000,18,持分移轉,04930000
RPQNMLMLKIKGFEA67EA,溫泉段三小段,52.00,都市：其他:道路用地(公共設施用地)。45/8/31,1,1,全筆移轉,01840000
RPPNMLNLKIKGFBA37EA,漢中段三小段,.33,都市：其他:道路用地(公共設施用地)。45/5/4,18,1,持分移轉,06680000
RPPNMLNLKIKGFBA37EA,漢中段三小段,1.53,都市：其他:道路用地(公共設施用地)。45/5/4,3852,107,持分移轉,09460000
RPRNMLNLKIKGFBA57EA,漢中段三小段,1.24,都市：其他:道路用地(公共設施用地)。45/5/4,140,6,持分移轉,06740000
RPUNMLKKKIKGFCA47DA,文德段二小段,36.76,都市：其他:第三種住宅區。,10000,159,持分移轉,01260000
RPQNMLNLKIKGFBA47EA,漢中段三小段,.67,都市：其他:道路用地(公共設施用地)。45/5/4,18,2,持分移轉,06680000
RPQNMLNLKIKGFBA47EA,漢中段三小段,3.06,都市：其他:道路用地(公共設施用地)。45/5/4,1926,107,持分移轉,09460000
RPRNMLNLKIKGFEA87EA,崇仰段二小段,421.07,都市：其他:住宅區(原為保護區，經都市計畫檢討主要計畫變更，但因細部計畫及整體開發作業尚未完成，尚未能准許依變更後計畫用途使用)。,1,1,全筆移轉,02030003
RPRNMLNJKIKGFAA17DA,指南段二小段,605.00,都市：其他:交通用地(公共設施用地)。,1,1,全筆移轉,01240001
RPPNMLMLKIKGFAA17EA,福和段一小段,12.43,都市：其他:第參種商業區(依都市計畫說明書圖規定辦理，始得作第參種商業區使用)(原屬第參種住宅區)。,10000,123,持分移轉,09170000
RPPNMLMLKIKGFAA17EA,福和段一小段,17.40,都市：其他:第參種商業區(依都市計畫說明書圖規定辦理，始得作第參種商業區使用)(原屬第貳種商業區)。,10000,123,持分移轉,09180000
RPUNMLMKKIKGFDA77DA,吳興段一小段,1.49,都市：其他:第三種住宅區。,72,1,持分移轉,03180000
RPXPMLRLPHKGFAA98DA,博嘉段四小段,2.56,都市：其他:道路用地(公共設施用地)。58/4/28,10000,439,持分移轉,03120000
RPVRMLRLPHKGFAA98DA,博嘉段四小段,1.48,都市：其他:道路用地(公共設施用地)。58/4/28,10000,196,持分移轉,02020000
RPVRMLRLPHKGFAA98DA,博嘉段四小段,.16,都市：其他:道路用地(公共設施用地)。58/4/28,10000,196,持分移轉,02030000
RPWOMLRLPHKGFAA78DA,博嘉段四小段,2.02,都市：其他:道路用地(公共設施用地)。58/4/28,10000,345,持分移轉,03120000
RPSNMLSKKIKGFCA08DA,康寧段四小段,.09,都市：其他:第參種商業區(依都市計畫說明書圖規定辦理，始得作第參種商業區使用)(原屬第參之壹種住宅區)及第三種住宅區。,10000,1,持分移轉,04700000
RPXOMLPKKIKGFCA38DA,大湖段二小段,5.97,都市：其他:第三種住宅區。,10000,29,持分移轉,00390000
RPWNMLTKKIKGFFA88DA,復興段一小段,46.25,都市：其他:第四之一種住宅區(特)。,4,1,持分移轉,00410000
RPRNMLSKKIKGFFA28DA,懷生段一小段,1.85,都市：其他:第參種商業區(依都市計畫說明書圖規定辦理，始得作第參種商業區使用)(原屬第貳種商業區)。,100000,1380,持分移轉,01340000
RPRNMLSKKIKGFFA28DA,懷生段一小段,1.67,都市：其他:第參種商業區(依都市計畫說明書圖規定辦理，始得作第參種商業區使用)(原屬第貳種商業區)。,100000,1380,持分移轉,01370000
RPVNMLNLKIKGFEA28EA,永新段三小段,40.50,都市：其他:機關用地(公共設施用地)。56/9/12,2,1,持分移轉,06160000
RPQNMLMLKIKGFBA37EA,玉泉段一小段,18.25,都市：其他:第三種商業區。,100000,942,持分移轉,08740000
RPRNMLMLKIKGFFA77DA,金華段三小段,52.00,都市：其他:第參種商業區(依都市計畫說明書圖規定辦理，始得作第參種商業區使用)(原屬第參之壹種住宅區)。,1,1,全筆移轉,00750000
RPRNMLMKKIKGFFA67DA,復興段三小段,3.09,都市：其他:第四種住宅區。,100000,307,持分移轉,05870000
RPXNMLNLKIKGFAA08EA,景美段三小段,20.10,都市：其他:第四種住宅區。,40,6,持分移轉,03340000
RPSOMLNLKIKGFDA87DA,雅祥段一小段,2.50,都市：其他:第三種住宅區。,4,1,持分移轉,01400000
RPSOMLNLKIKGFDA87DA,雅祥段一小段,.50,都市：其他:第三種住宅區。,4,1,持分移轉,01430000
RPRNMLMLKIKGFEA77EA,百齡段三小段,27.22,都市：其他:第三種住宅區。,10000,147,持分移轉,03850000
RPOOMLNLKIKGFAA27EA,博嘉段四小段,24.49,都市：其他:市場用地(公共設施用地)。,10000,118,持分移轉,05590000
RPPNMLNLKIKGFEA57DA,中洲段,25.90,都市：其他:遊樂區(細部計畫尚未完成，尚未能准許依變更後計畫用途使用)。,10,1,持分移轉,01290000
RPPNMLNLKIKGFEA57DA,中洲段,40.80,都市：其他:遊樂區(細部計畫尚未完成，尚未能准許依變更後計畫用途使用)。,10,1,持分移轉,02170000
RPPNMLNLKIKGFEA57DA,中洲段,23.80,都市：其他:遊樂區(細部計畫尚未完成，尚未能准許依變更後計畫用途使用)。,10,1,持分移轉,02180000
RPQOMLMLKIKGFEA67DA,立農段一小段,4.81,都市：其他:第三種住宅區。,10000,45,持分移轉,02260000
RPSNMLNLKIKGFBA67EA,福星段二小段,.21,都市：其他:第四種商業區。,30000,70,持分移轉,05300000
RPRNMLNLKIKGFEA77DA,富安段二小段,163.25,都市：其他:住宅區(細部計畫尚未完成，尚未能准許依變更後計畫用途使用)。,4,1,持分移轉,01560000
RPSNMLNLKIKGFBA67EA,福星段二小段,1.17,都市：其他:第四種商業區。,30000,70,持分移轉,05330000
RPPPMLLKKIKGFDA37DA,犂和段三小段,.77,都市：其他:第參種商業區(依都市計畫說明書圖規定辦理，始得作第參種商業區使用)(原屬第參之壹種住宅區)。,100000,51,持分移轉,00070000
RPPPMLLKKIKGFDA37DA,犂和段三小段,.36,都市：其他:第參種商業區(依都市計畫說明書圖規定辦理，始得作第參種商業區使用)(原屬第參種住宅區)。,100000,51,持分移轉,00070001
RPXNMLOLKIKGFAA08DA,南海段三小段,19.96,都市：其他:第參種商業區(依都市計畫說明書圖規定辦理，始得作第參種商業區使用)(原屬第貳種商業區)。,26,1,持分移轉,06420000
RPWNMLOLKIKGFCA18DA,吉林段二小段,.15,都市：其他:第三種住宅區。,100000,80,持分移轉,00720000
RPUNMLQKKIKGFFA38DA,通化段六小段,5.12,都市：其他:第三種住宅區。,31500,747,持分移轉,02250000
RPTNMLQKKIKGFFA28DA,通化段六小段,6.86,都市：其他:第三種住宅區。,63,2,持分移轉,02250000
RPTNMLNLKIKGFBA77EA,華中段二小段,10.00,都市：其他:第三之二種住宅區。,100,10,持分移轉,05150000
RPUOMLNLKIKGFEA18DA,開明段二小段,27.50,都市：其他:第三種商業區。,4,1,持分移轉,01250000
RPPOMLNLKIKGFEA67DA,天母段三小段,9.20,都市：其他:第三種住宅區。,10000,150,持分移轉,04520000
RPVNMLSJKIKGFDA38DA,民生段,23.74,都市：其他:住宅用地(民生社區特定專用區)。,200000,3851,持分移轉,01150006
RPTOMLOLKIKGFBA87DA,青年段一小段,7.60,都市：其他:第一種商業區(特)。,15080,71,持分移轉,01420000
RPSNMLSKKIKGFEA28DA,天母段三小段,3.03,都市：其他:第三種住宅區。,10000,582,持分移轉,05110004
RPQOMLOLKIKGFBA57DA,迪化段二小段,1.07,都市：其他:特定專用區(供一般商業使用)。,72000,3084,持分移轉,01520000
RPQOMLOLKIKGFBA57DA,迪化段二小段,1.16,都市：其他:特定專用區(供一般商業使用) 但是否在道路用地(公共設施用地)(應依建築線或俟地籍測量分割後，再確定)。,72000,3084,持分移轉,01530000
RPSNMLSKKIKGFEA28DA,天母段三小段,52.09,都市：其他:第參種商業區(依都市計畫說明書圖規定辦理，始得作第參種商業區使用)(原屬第參種住宅區)。,10000,582,持分移轉,05120000
RPUNMLMLKIKGFAA57DA,永昌段二小段,.04,都市：其他:第三種住宅區。,10000,68,持分移轉,02480000
RPSNMLSKKIKGFEA28DA,天母段三小段,.06,都市：其他:第三種住宅區。,10000,582,持分移轉,05120001
RPUNMLMLKIKGFAA57DA,永昌段二小段,6.28,都市：其他:第三之一種住宅區。,10000,68,持分移轉,02480001
RPUNMLMLKIKGFAA57DA,永昌段二小段,.12,都市：其他:第三種住宅區。,10000,68,持分移轉,02480002
RPROMLOLKIKGFCA77DA,中山段一小段,15.46,都市：其他:第肆種商業區(依都市計畫說明書圖規定辦理，始得作第肆種商業區使用)(原屬第參種商業區)。,320,4,持分移轉,01830000
RPQNMLOLKIKGFCA67EA,榮星段二小段,1.64,都市：其他:道路用地(公共設施用地)。62/8/20,100,5,持分移轉,01500001
RPQNMLOLKIKGFCA67EA,榮星段二小段,3.33,都市：其他:道路用地(公共設施用地)。62/8/20,100,5,持分移轉,01500002
RPQNMLOLKIKGFBA47DA,臨沂段四小段,.39,都市：其他:第三種住宅區。,1000,1,持分移轉,00780000
RPQNMLOLKIKGFBA47DA,臨沂段四小段,.00,都市：其他:第三種住宅區。,1000,1,持分移轉,00860004
RPPNMLOLKIKGFCA57EA,德惠段四小段,6.11,都市：其他:第肆種商業區(依都市計畫說明書圖規定辦理，始得作第肆種商業區使用)(原屬第參種商業區)。,33600,566,持分移轉,03030000
RPWNMLNLKIKGFCA08DA,中山段三小段,8.43,都市：其他:第肆種商業區(依都市計畫說明書圖規定辦理，始得作第肆種商業區使用)(原屬第參種商業區)。,143200,853,持分移轉,00150000
RPOOMLOJJIKGFEA37DA,振興段一小段,23.27,都市：其他:第參種商業區(依都市計畫說明書圖規定辦理，始得作第參種商業區使用)(原屬第參種住宅區)。,100000,2325,持分移轉,00150000
RPOOMLOJJIKGFEA37DA,振興段一小段,33.20,都市：其他:第三種住宅區。,100000,2325,持分移轉,00170000
RPPNMLQLKIKGFCA77EA,德惠段二小段,28.00,都市：其他:第三種住宅區。,3,1,持分移轉,09360000
RPQNMLOLKIKGFDA77EA,新光段二小段,15.74,都市：其他:道路用地(公共設施用地)(供護坡使用)。92/10/8,151200,8400,持分移轉,01490005
RPQNMLOLKIKGFDA77EA,新光段二小段,5.80,都市：其他:道路用地(公共設施用地)。,151200,8400,持分移轉,01490006
RPQNMLOLKIKGFDA77EA,新光段二小段,.06,都市：其他:道路用地(公共設施用地)(供護坡使用)。92/10/8,151200,8400,持分移轉,01490008
RPWNMLOLKIKGFDA28DA,敦化段二小段,40.75,都市：其他:敦化南北路特定專用區(B區)(依都市計畫說明書圖規定辦理)(原屬第參種住宅區)。,4,1,持分移轉,00170000
RPQNMLOLKIKGFDA77EA,新光段二小段,5.28,都市：其他:道路用地(公共設施用地)。61/2/7,151200,8400,持分移轉,01740000
RPQNMLOLKIKGFDA77EA,新光段二小段,2.03,都市：其他:道路用地(公共設施用地)。61/2/7,151200,8400,持分移轉,01750000
RPPNMLQLKIKGFDA87EA,新光段二小段,23.60,都市：其他:道路用地(公共設施用地)(供護坡使用)。92/10/8,151200,12600,持分移轉,01490005
RPQNMLOLKIKGFDA77EA,新光段二小段,.17,都市：其他:道路用地(公共設施用地)。92/10/8,151200,8400,持分移轉,01770000
RPPNMLQLKIKGFDA87EA,新光段二小段,8.70,都市：其他:道路用地(公共設施用地)。,151200,12600,持分移轉,01490006
RPPNMLQLKIKGFDA87EA,新光段二小段,.08,都市：其他:道路用地(公共設施用地)(供護坡使用)。92/10/8,151200,12600,持分移轉,01490008
RPPOMLTKKIKGFDA08DA,敦化段二小段,.00,都市：其他:第參種商業區(依都市計畫說明書圖規定辦理，始得作第參種商業區使用)(原屬第貳種商業區)。,6300000,1,持分移轉,03720000
RPQNMLOLKIKGFDA77EA,新光段二小段,4.00,都市：其他:道路用地(公共設施用地)。61/2/7,151200,8400,持分移轉,01780000
RPPOMLTKKIKGFDA08DA,敦化段二小段,.00,都市：其他:第參種商業區(依都市計畫說明書圖規定辦理，始得作第參種商業區使用)(原屬第參種住宅區)。,6300000,1,持分移轉,03800000
RPSNMLQLKIKGFDA18EA,美仁段一小段,28.75,都市：其他:第三種住宅區。,608,115,持分移轉,01830000
RPRNMLOLKIKGFCA67DA,德惠段三小段,3.50,都市：其他:第三種住宅區。,8,2,持分移轉,07390000
RPRNMLQLKIKGFDA08EA,美仁段一小段,33.50,都市：其他:第三種住宅區。,304,67,持分移轉,01820000
RPRNMLQLKIKGFFA28EA,金華段二小段,.36,都市：其他:第參種商業區(依都市計畫說明書圖規定辦理，始得作第參種商業區使用)(原屬第參種住宅區)。,100000,70,持分移轉,09630004
RPRNMLQLKIKGFFA28EA,金華段二小段,.92,都市：其他:第參種商業區(依都市計畫說明書圖規定辦理，始得作第參種商業區使用)(原屬第貳種商業區)。,100000,70,持分移轉,09650000
RPPNMLQLKIKGFFA08EA,學府段一小段,.44,都市：其他:第三之一種住宅區,240000,72,持分移轉,06080000
RPPNMLQLKIKGFFA08EA,學府段一小段,.08,都市：其他:第三種住宅區。,240000,72,持分移轉,06080001
RPTNMLTLKIKGFEA68EA,至善段六小段,22.48,都市：其他:第二種住宅區。,20000,291,持分移轉,03310000
RPQNMLQLKIKGFEA08EA,新民段三小段,72.80,都市：其他:第二種住宅區。,100,26,持分移轉,02780000
RPOPMLMLKIKGFEA57DA,三玉段二小段,8.05,都市：其他:第三種住宅區。,100000,3795,持分移轉,07280000
RPVNMLOLKIKGFDA18DA,吳興段二小段,8.18,都市：其他:第三種住宅區。,10000,31,持分移轉,00200000
RPWNMLQLKIKGFCA38DA,長春段二小段,2.17,都市：其他:第三種住宅區。,10000,10,持分移轉,07920000
RPVNMLOLKIKGFDA18DA,吳興段二小段,.01,都市：其他:道路用地(公共設施用地)。51/9/1,10000,31,持分移轉,00200001
RPPNMLTLKIKGFCA97DA,東湖段七小段,.14,都市：其他:第三種住宅區。,10000,1,持分移轉,02000000
RPUNMLTLKIKGFCA48DA,中山段一小段,.03,都市：其他:第肆種商業區(依都市計畫說明書圖規定辦理，始得作第肆種商業區使用)(原屬第參種商業區)。,10000,4,持分移轉,03790000
RPUNMLTLKIKGFCA48DA,中山段一小段,.90,都市：其他:第肆種商業區(依都市計畫說明書圖規定辦理，始得作第肆種商業區使用)(原屬第參種商業區) 但是否在道路用地(公共設施用地)(應依建築線或俟地籍測量分割後，再確定)。,10000,4,持分移轉,03790001
RPRNMLQLKIKGFCA97EA,石潭段四小段,100.40,都市：其他:第二種住宅區。,90000,3448,持分移轉,04150000
RPSNMLQLKIKGFCA08EA,石潭段四小段,12.55,都市：其他:第二種住宅區。,90000,431,持分移轉,04150000
RPPNMLQKKIKGFDA67DA,玉成段三小段,4.38,都市：其他:第一種商業區。,100000,162,持分移轉,04590000
RPRNMLTLKIKGFDA38EA,新光段二小段,1.28,都市：其他:道路用地(公共設施用地)。61/2/7,68040,1890,持分移轉,01920001
RPPNMLTLKIKGFDA18EA,敦化段四小段,.06,都市：其他:第三種住宅區。,100000,10,持分移轉,04160007
RPPNMLTLKIKGFDA18EA,敦化段四小段,.13,都市：其他:第三之二種住宅區。,100000,10,持分移轉,04170000
RPQNMLTLKIKGFDA28EA,新光段二小段,.94,都市：其他:道路用地(公共設施用地)(供護坡使用)。92/10/8,151200,500,持分移轉,01490005
RPQNMLTLKIKGFDA28EA,新光段二小段,.35,都市：其他:道路用地(公共設施用地)。,151200,500,持分移轉,01490006
RPUNMLLKKIKGFDA67DA,民生段,57.25,都市：其他:住宅用地(民生社區特定專用區)。,4,1,持分移轉,01360006
RPQNMLTLKIKGFDA28EA,新光段二小段,.00,都市：其他:道路用地(公共設施用地)(供護坡使用)。92/10/8,151200,500,持分移轉,01490008
RPQNMLTLKIKGFDA28EA,新光段二小段,.31,都市：其他:道路用地(公共設施用地)。61/2/7,151200,500,持分移轉,01740000
RPQNMLTLKIKGFDA28EA,新光段二小段,.12,都市：其他:道路用地(公共設施用地)。61/2/7,151200,500,持分移轉,01750000
RPQNMLTLKIKGFDA28EA,新光段二小段,.01,都市：其他:道路用地(公共設施用地)。92/10/8,151200,500,持分移轉,01770000
RPQNMLTLKIKGFDA28EA,新光段二小段,.24,都市：其他:道路用地(公共設施用地)。61/2/7,151200,500,持分移轉,01780000
RPPNMLQLKIKGFCA67DA,正義段三小段,5.24,都市：其他:第肆種商業區(依都市計畫說明書圖規定辦理，始得作第肆種商業區使用)(原屬第參種商業區)。,10000,234,持分移轉,02890000
RPROMLQKKIKGFCA87DA,吉林段四小段,23.07,都市：其他:第肆種商業區(依都市計畫說明書圖規定辦理，始得作第肆種商業區使用)(原屬第參種商業區)。,100000,1655,持分移轉,06760000
RPWNMLTLKIKGFCA68DA,吉林段四小段,5.47,都市：其他:第肆種商業區(依都市計畫說明書圖規定辦理，始得作第肆種商業區使用)(原屬第參種商業區) 但是否在道路用地(公共設施用地)(應依建築線或俟地籍測量分割後，再確定)。,10000,72,持分移轉,08030000
RPWNMLTLKIKGFCA68DA,吉林段四小段,.65,都市：其他:第肆種商業區(依都市計畫說明書圖規定辦理，始得作第肆種商業區使用)(原屬第參種商業區) 但是否在道路用地(公共設施用地)(應依建築線或俟地籍測量分割後，再確定)。,10000,72,持分移轉,08040000
RPVOMLKMKIKGFAA67DA,木柵段四小段,23.39,都市：其他:道路用地(公共設施用地)。61/11/9,120,17,持分移轉,00450003
RPWNMLKMKIKGFBA77DA,橋北段三小段,.05,都市：其他:第三之一種住宅區。,400000,55,持分移轉,01820000
RPQNMLQKKIKGFBA57DA,直興段三小段,25.68,都市：其他:第四種商業區。,14868,4290,持分移轉,04530000
RPQNMLQKKIKGFBA57DA,直興段三小段,9.52,都市：其他:第四種商業區。,14868,4290,持分移轉,04540000
RPWNMLKMKIKGFBA77DA,橋北段一小段,.00,都市：其他:第三之一種住宅區。,400000,55,持分移轉,07530000
RPUNMLQKKIKGFBA97DA,市府段二小段,20.00,都市：其他:第三種商業區。,1,1,全筆移轉,04450000
RPSNMLKMKIKGFCA47DA,大湖段二小段,.50,都市：其他:第壹種商業區(依都市計畫說明書圖規定辦理，始得作第壹種商業區使用)(原屬第參種住宅區)。,10000,15,持分移轉,02850000
RPOOMLQKKIKGFBA47DA,中正段一小段,.72,都市：其他:第三種住宅區。,10000,40,持分移轉,00390000
RPUNMLQKKIKGFBA97DA,市府段二小段,117.00,都市：其他:第三種商業區。,1,1,全筆移轉,04460000
RPOOMLQKKIKGFBA47DA,中正段一小段,2.59,都市：其他:第二種商業區。,10000,40,持分移轉,00390001
RPWNMLPJKIKGFEA28DA,光華段二小段,20.09,都市：其他:第參種商業區(依都市計畫說明書圖規定辦理，始得作第參種商業區使用)(原屬第參種住宅區)。,1980,180,持分移轉,00210000
RPWNMLPJKIKGFEA28DA,光華段二小段,2.18,都市：其他:第參種商業區(依都市計畫說明書圖規定辦理，始得作第參種商業區使用)(原屬第參種住宅區)。,1980,180,持分移轉,00290000
RPWNMLPJKIKGFEA28DA,光華段二小段,3.64,都市：其他:第參種商業區(依都市計畫說明書圖規定辦理，始得作第參種商業區使用)(原屬第參種住宅區)。,1980,180,持分移轉,00310004
RPWNMLPJKIKGFEA28DA,光華段二小段,3.09,都市：其他:第參種商業區(依都市計畫說明書圖規定辦理，始得作第參種商業區使用)(原屬第參種住宅區)。,1980,180,持分移轉,00310005
RPPNMLLMKIKGFDA47EA,新光段二小段,11.80,都市：其他:道路用地(公共設施用地)(供護坡使用)。92/10/8,151200,6300,持分移轉,01490005
RPPNMLLMKIKGFDA47EA,新光段二小段,4.35,都市：其他:道路用地(公共設施用地)。,151200,6300,持分移轉,01490006
RPPNMLLMKIKGFDA47EA,新光段二小段,.04,都市：其他:道路用地(公共設施用地)(供護坡使用)。92/10/8,151200,6300,持分移轉,01490008
RPUNMLKMKIKGFBA57DA,橋北段三小段,.05,都市：其他:第三之一種住宅區。,400000,55,持分移轉,01820000
RPUNMLKMKIKGFBA57DA,橋北段一小段,.00,都市：其他:第三之一種住宅區。,400000,55,持分移轉,07530000
RPRNMLTLKIKGFEA48EA,關渡段二小段,.02,都市：其他:道路用地(公共設施用地)。65/3/2,38400,7,持分移轉,04920003
RPRNMLLMKIKGFDA67EA,寶清段一小段,19.80,都市：其他:第三種住宅區。,5,1,持分移轉,03930000
RPQNMLLMKIKGFDA57EA,新光段二小段,.19,都市：其他:道路用地(公共設施用地)。61/2/7,68040,280,持分移轉,01920001
RPQNMLLMKIKGFDA57EA,新光段二小段,.19,都市：其他:道路用地(公共設施用地)(供護坡使用)。92/10/8,68040,280,持分移轉,01980004
RPQNMLLMKIKGFDA57EA,新光段二小段,.00,都市：其他:道路用地(公共設施用地)。92/10/8,68040,280,持分移轉,01980005
RPTTMLRLPHKGFAA98DA,博嘉段四小段,.74,都市：其他:道路用地(公共設施用地)。58/4/28,10000,98,持分移轉,02020000
RPTTMLRLPHKGFAA98DA,博嘉段四小段,.08,都市：其他:道路用地(公共設施用地)。58/4/28,10000,98,持分移轉,02030000
RPPNMLKMKIKGFEA47EA,天母段三小段,35.43,都市：其他:第三種住宅區。,14,1,持分移轉,00320000
RPSNMLOLKIKGFFA08DA,仁愛段六小段,2.88,都市：其他:第四之一種住宅區(特)。,10000,9,持分移轉,01390000
RPXNMLOLKIKGFFA58DA,大安段三小段,19.00,都市：其他:第三種住宅區。,1,1,全筆移轉,03050001
RPSNMLOLKIKGFFA08DA,仁愛段六小段,.00,都市：其他:道路用地(公共設施用地)。48/3/13,10000,9,持分移轉,01390007
RPRNMLTLKIKGFEA38DA,華岡段二小段,1.27,都市：其他:道路用地(公共設施用地)。68/2/28,192,2,持分移轉,03110000
RPSNMLQLKIKGFFA28DA,金華段一小段,15.48,都市：其他:第三種住宅區。,100000,2765,持分移轉,07520000
RPRNMLTLKIKGFEA38DA,華岡段二小段,7.93,都市：其他:特定住宅區(二)。,192,2,持分移轉,03120000
RPSNMLQLKIKGFFA28DA,金華段一小段,.41,都市：其他:道路用地(公共設施用地)。42/9/18,100000,2765,持分移轉,07520002
RPSNMLTLKIKGFEA48DA,溪洲段一小段,114.00,都市：其他:堤防用地(公共設施用地)(將來係採用區段徵收之方式辦理整體開發)。80/6/5,9,2,持分移轉,00440002
RPSNMLTLKIKGFEA48DA,溪洲段一小段,28.58,都市：其他:堤防用地(公共設施用地)(將來係採用區段徵收之方式辦理整體開發)。80/6/5,12,1,持分移轉,00660001
RPSNMLQLKIKGFFA28DA,金華段一小段,.11,都市：其他:道路用地(公共設施用地)。52/4/12,100000,2765,持分移轉,07520003
RPSNMLTLKIKGFEA48DA,溪洲段一小段,3.50,都市：其他:堤防用地(公共設施用地)(將來係採用區段徵收之方式辦理整體開發)。80/6/5,12,1,持分移轉,00670000
RPSNMLTLKIKGFEA48DA,溪洲段一小段,2.00,都市：其他:堤防用地(公共設施用地)(將來係採用區段徵收之方式辦理整體開發)。80/6/5,12,1,持分移轉,02690003
RPSNMLTLKIKGFEA48DA,溪洲段一小段,33.33,都市：其他:堤防用地(公共設施用地)(將來係採用區段徵收之方式辦理整體開發)。80/6/5,12,1,持分移轉,02690004
RPSNMLTLKIKGFEA48DA,溪洲段一小段,1.08,都市：其他:堤防用地(公共設施用地)(將來係採用區段徵收之方式辦理整體開發)。80/6/5,12,1,持分移轉,02880001
RPSNMLTLKIKGFEA48DA,溪洲段一小段,2.92,都市：其他:堤防用地(公共設施用地)(將來係採用區段徵收之方式辦理整體開發)。80/6/5,12,1,持分移轉,02880002
RPSNMLTLKIKGFEA48DA,溪洲段一小段,29.42,都市：其他:堤防用地(公共設施用地)(將來係採用區段徵收之方式辦理整體開發)。80/6/5,12,1,持分移轉,02880005
RPSNMLTLKIKGFEA48DA,溪洲段一小段,2.89,都市：其他:堤防用地(公共設施用地)(將來係採用區段徵收之方式辦理整體開發)。80/6/5,9,2,持分移轉,04330001
RPWNMLOLKIKGFAA97DA,指南段二小段,1.09,都市：其他:交通用地(公共設施用地)。,126000,875,持分移轉,03590001
RPWNMLOLKIKGFAA97DA,指南段二小段,1.15,都市：其他:交通用地(公共設施用地)。,126000,875,持分移轉,03600001
RPUTMLRLPHKGFAA09DA,博嘉段四小段,.74,都市：其他:道路用地(公共設施用地)。58/4/28,10000,98,持分移轉,02020000
RPWNMLOLKIKGFAA97DA,指南段二小段,.76,都市：其他:交通用地(公共設施用地)。,126000,875,持分移轉,03640001
RPUTMLRLPHKGFAA09DA,博嘉段四小段,.08,都市：其他:道路用地(公共設施用地)。58/4/28,10000,98,持分移轉,02030000
RPWNMLOLKIKGFAA97DA,指南段二小段,5.15,都市：其他:交通用地(公共設施用地)。,126000,875,持分移轉,03800001
RPQPMLMLKIKGFEA77DA,三玉段四小段,7.24,都市：其他:第三種住宅區。,3000,1034,持分移轉,02260001
RPQPMLMLKIKGFEA77DA,三玉段四小段,5.00,都市：其他:第三種住宅區。,30,6,持分移轉,05010000
RPWOMLNLKIKGFEA38DA,天母段一小段,16.00,都市：其他:道路用地(公共設施用地)。66/1/12,1,1,全筆移轉,01420005
RPWOMLNLKIKGFEA38DA,天母段一小段,16.00,都市：其他:道路用地(公共設施用地)。66/1/12,1,1,全筆移轉,01420006
RPWOMLMLKIKGFEA28DA,富安段二小段,33.35,都市：其他:住宅區(細部計畫尚未完成，尚未能准許依變更後計畫用途使用) 但是否在道路用地(公共設施用地)(應依建築線或俟地籍測量分割後，再確定)。,30000,160,持分移轉,01690000
RPPNMLLMKIKGFBA27EA,漢中段二小段,1.08,都市：其他:第四種商業區。,100000,38,持分移轉,01880000
RPPNMLLMKIKGFBA27EA,漢中段二小段,.01,都市：其他:道路用地(公共設施用地)。45/5/4,100000,38,持分移轉,01880001
RPRNMLQLKIKGFFA18DA,懷生段二小段,.09,都市：其他:第三種住宅區。,10000,432,持分移轉,04260000
RPRNMLQLKIKGFFA18DA,懷生段二小段,5.18,都市：其他:第三種住宅區。,10000,432,持分移轉,04270000
RPPNMLRKKIKGFCA67DA,文德段三小段,24.94,都市：其他:第三之一種住宅區 但是否在第三種住宅區(應依建築線或俟地籍測量分割後，再確定)。,20000,372,持分移轉,02610000
RPOOMLPKKIKGFCA47DA,東湖段五小段,25.85,都市：其他:第三種住宅區。,10000,251,持分移轉,03220000
RPTOMLTLKIKGFBA38DA,雙園段三小段,19.75,都市：其他:第三種住宅區。,10000,408,持分移轉,06740000
RPQNMLMLKIKGFEA57DA,富安段二小段,23.14,都市：其他:住宅區(細部計畫尚未完成，尚未能准許依變更後計畫用途使用) 但是否在道路用地(公共設施用地)(應依建築線或俟地籍測量分割後，再確定)。,30000,111,持分移轉,01690000
RPOPMLQKKIKGFDA77DA,敦化段五小段,17.16,都市：其他:第三之二種住宅區 但是否在第三種住宅區(應依建築線或俟地籍測量分割後，再確定)。,67440,546,持分移轉,00110000
RPWNMLKMKIKGFDA97DA,寶清段一小段,.58,都市：其他:第三種住宅區。,100000,42,持分移轉,00510013
RPPOMLOLKIKGFDA67DA,信義段二小段,6.07,都市：其他:第參種商業區(依都市計畫說明書圖規定辦理，始得作第參種商業區使用)(原屬第參之壹種住宅區)。,10000,75,持分移轉,00040000
RPTQMLPKKIKGFEA38DA,洲美段二小段,34.80,都市：其他:農業區。,100000000,1819012,持分移轉,03640000
SPWNMLTLKIKGFDA88DA,新光段三小段,421.67,都市：其他:保護區,6,1,持分移轉,05590000
TPWNMLTLKIKGFDA98DA,新光段三小段,105.67,都市：其他:保護區,36,1,持分移轉,05580000
RPWOMLKMKIKGFBA87DA,華江段三小段,16.74,都市：其他:特定專用區(二) 但是否在道路用地(公共設施用地)(應依建築線或俟地籍測量分割後，再確定)。,20016,233,持分移轉,05950003
RPQNMLMJJHLGFEA37EA,溫泉段三小段,32.76,都市：其他:第二種住宅區。,10000,122,持分移轉,00740000
RPWNMLTLKIKGFDA78DA,新光段三小段,278.67,都市：其他:保護區,6,1,持分移轉,05420000
SPOOMLKKKIKGFEA27DA,天母段一小段,44.29,都市：其他:第三種住宅區。,100000,1964,持分移轉,04560000
RPXOMLNLKIKGFEA48DA,豐年段四小段,19.15,都市：其他:科技工業區(不得作住宅使用)。,100000,251,持分移轉,04340000
RPVOMLLKKIKGFEA97DA,蘭雅段二小段,.03,都市：其他:第參種工業區(不得作住宅使用)。,100000,1,持分移轉,00050000
RPVOMLLKKIKGFEA97DA,蘭雅段二小段,.00,都市：其他:第三種住宅區。,100000,1,持分移轉,00070000
RPVOMLLKKIKGFEA97DA,蘭雅段二小段,.01,都市：其他:第三種住宅區。,100000,1,持分移轉,00130000
RPWNMLLMKIKGFCA97DA,長春段一小段,2.79,都市：其他:第二種商業區。,31000,25,持分移轉,06370000
RPWNMLLMKIKGFCA97DA,長春段一小段,.30,都市：其他:第貳種商業區(依都市計畫說明書圖規定辦理，始得作第貳種商業區使用)(原屬第參種住宅區)。,31000,25,持分移轉,06580004
RPSNMLLMKIKGFDA77EA,新光段二小段,2.25,都市：其他:道路用地(公共設施用地)(供護坡使用)。92/10/8,151200,1200,持分移轉,01490005
RPSNMLLMKIKGFDA77EA,新光段二小段,.83,都市：其他:道路用地(公共設施用地)。,151200,1200,持分移轉,01490006
RPSNMLLMKIKGFDA77EA,新光段二小段,.01,都市：其他:道路用地(公共設施用地)(供護坡使用)。92/10/8,151200,1200,持分移轉,01490008
RPSNMLLMKIKGFDA77EA,新光段二小段,.75,都市：其他:道路用地(公共設施用地)。61/2/7,151200,1200,持分移轉,01740000
RPSNMLLMKIKGFDA77EA,新光段二小段,.29,都市：其他:道路用地(公共設施用地)。61/2/7,151200,1200,持分移轉,01750000
RPQNMLTLKIKGFBA97DA,大龍段一小段,.00,都市：其他:第三種住宅區。,100000,2,持分移轉,02140013
RPSNMLLMKIKGFDA77EA,新光段二小段,.02,都市：其他:道路用地(公共設施用地)。92/10/8,151200,1200,持分移轉,01770000
RPSNMLLMKIKGFDA77EA,新光段二小段,.57,都市：其他:道路用地(公共設施用地)。61/2/7,151200,1200,持分移轉,01780000
RPQNMLTLKIKGFBA97DA,大龍段一小段,.01,都市：其他:第三之二種住宅區。,100000,2,持分移轉,02330000
RPXNMLMJJHLGFDA87DA,玉成段一小段,15.98,都市：其他:第參種工業區(不得作住宅使用)。,300,35,持分移轉,05250000
RPRNMLMJJHLGFEA47EA,八仙段二小段,61.25,都市：其他:農業區。,120,30,持分移轉,02290000
RPTNMLLMKIKGFDA87EA,新光段二小段,2.25,都市：其他:道路用地(公共設施用地)(供護坡使用)。92/10/8,151200,1200,持分移轉,01490005
RPTNMLLMKIKGFDA87EA,新光段二小段,.83,都市：其他:道路用地(公共設施用地)。,151200,1200,持分移轉,01490006
RPTNMLLMKIKGFDA87EA,新光段二小段,.01,都市：其他:道路用地(公共設施用地)(供護坡使用)。92/10/8,151200,1200,持分移轉,01490008
RPTNMLLMKIKGFDA87EA,新光段二小段,.75,都市：其他:道路用地(公共設施用地)。61/2/7,151200,1200,持分移轉,01740000
RPTNMLLMKIKGFDA87EA,新光段二小段,.29,都市：其他:道路用地(公共設施用地)。61/2/7,151200,1200,持分移轉,01750000
RPTNMLLMKIKGFDA87EA,新光段二小段,.02,都市：其他:道路用地(公共設施用地)。92/10/8,151200,1200,持分移轉,01770000
RPTNMLLMKIKGFDA87EA,新光段二小段,.57,都市：其他:道路用地(公共設施用地)。61/2/7,151200,1200,持分移轉,01780000
RPPNMLMJJHLGFDA17EA,西松段三小段,20.25,都市：其他:第三種住宅區。,4,1,持分移轉,00830000
RPQNMLLMKIKGFCA47EA,長春段二小段,13.09,都市：其他:第三種住宅區。,100000,5301,持分移轉,03160000
RPOOMLKKKIKGFEA17DA,天母段一小段,44.96,都市：其他:第三種住宅區。,100000,1994,持分移轉,04560000
RPRNMLLMKIKGFCA57EA,中山段三小段,3.13,都市：其他:第肆種商業區(依都市計畫說明書圖規定辦理，始得作第肆種商業區使用)(原屬第參種商業區)。,10000,45,持分移轉,06390000
RPUNMLLMKIKGFDA97EA,新光段二小段,2.25,都市：其他:道路用地(公共設施用地)(供護坡使用)。92/10/8,151200,1200,持分移轉,01490005
RPUNMLLMKIKGFDA97EA,新光段二小段,.83,都市：其他:道路用地(公共設施用地)。,151200,1200,持分移轉,01490006
RPUNMLLMKIKGFDA97EA,新光段二小段,.01,都市：其他:道路用地(公共設施用地)(供護坡使用)。92/10/8,151200,1200,持分移轉,01490008
RPUNMLLMKIKGFDA97EA,新光段二小段,.75,都市：其他:道路用地(公共設施用地)。61/2/7,151200,1200,持分移轉,01740000
RPUNMLMJJHLGFFA77DA,復興段一小段,23.12,都市：其他:第四之一種住宅區(特)。,8,1,持分移轉,00410000
RPUNMLLMKIKGFDA97EA,新光段二小段,.29,都市：其他:道路用地(公共設施用地)。61/2/7,151200,1200,持分移轉,01750000
RPUNMLLMKIKGFDA97EA,新光段二小段,.02,都市：其他:道路用地(公共設施用地)。92/10/8,151200,1200,持分移轉,01770000
RPUNMLLMKIKGFDA97EA,新光段二小段,.57,都市：其他:道路用地(公共設施用地)。61/2/7,151200,1200,持分移轉,01780000
RPQNMLPJJHLGFBA37EA,大同段二小段,.17,都市：其他:第四種住宅區。,10000,1,持分移轉,03420000
RPSNMLMJJHLGFEA57EA,百齡段四小段,26.75,都市：其他:第三種住宅區。,4,1,持分移轉,03090000
RPRNMLPJJHLGFCA57EA,金泰段,11.77,都市：其他:住宅區(供拆遷安置專案住宅使用)。,1000000,112,持分移轉,00720000
RPPNMLPJJHLGFBA17DA,玉泉段二小段,.58,都市：其他:特定專用區(供一般商業使用),500000,280,持分移轉,00390000
SPPNMLPJJHLGFBA27DA,玉泉段二小段,1.31,都市：其他:特定專用區(供一般商業使用),500000,630,持分移轉,00390000
RPTOMLPKKIKGFBA87DA,雙連段二小段,.75,都市：其他:第三種商業區。,10000,21,持分移轉,00500000
RPSNMLMJJHLGFDA47EA,敦化段三小段,.18,都市：其他:道路用地(公共設施用地)。48/3/13,325373,3812,持分移轉,01690000
RPRNMLMJJHLGFDA37EA,敦化段三小段,.22,都市：其他:道路用地(公共設施用地)。48/3/13,325373,4724,持分移轉,01690000
RPSNMLMJJHLGFDA47EA,敦化段三小段,15.46,都市：其他:敦化南北路特定專用區(B區)(依都市計畫說明書圖規定辦理)(原屬第參種住宅區及第參之貳種住宅區)。,325373,3812,持分移轉,01710000
RPRNMLMJJHLGFDA37EA,敦化段三小段,19.16,都市：其他:敦化南北路特定專用區(B區)(依都市計畫說明書圖規定辦理)(原屬第參種住宅區及第參之貳種住宅區)。,325373,4724,持分移轉,01710000
RPSOMLPKKIKGFFA18DA,辛亥段六小段,23.00,都市：其他:第三種住宅區。,4,1,持分移轉,00260028
RPOOMLMLKIKGFEA47DA,福林段三小段,65.00,都市：其他:第三種住宅區。,1,1,全筆移轉,05760000
RPUNMLLMKIKGFCA77DA,榮星段五小段,.40,都市：其他:第三種住宅區。,30000,30,持分移轉,01080000
RPRNMLMJJHLGFBA07DA,青年段一小段,8.41,都市：其他:第三種住宅區。,21886,30,持分移轉,01260000
RPRNMLMJJHLGFBA07DA,青年段一小段,1.97,都市：其他:第三之一種住宅區。,21886,30,持分移轉,01260001
RPQNMLQKKIKGFAA47DA,永昌段二小段,8.63,都市：其他:第三之一種住宅區。,10000,114,持分移轉,04120000
RPSNMLPJJHLGFCA67EA,榮星段四小段,29.58,都市：其他:第參種商業區(依都市計畫說明書圖規定辦理，始得作第參種商業區使用)(原屬第參之貳種住宅區)。,10000,745,持分移轉,06510000
RPPNMLPJJHLGFCA37EA,吉林段四小段,2.12,都市：其他:第肆種商業區(依都市計畫說明書圖規定辦理，始得作第肆種商業區使用)(原屬第參種商業區)。,30000,79,持分移轉,06660000
RPRNMLPJJHLGFCA47DA,榮星段四小段,201.64,都市：其他:道路用地(公共設施用地)。62/8/20,3,2,持分移轉,01010000
RPUNMLRKKIKGFDA38EA,新光段二小段,25.75,都市：其他:第三種住宅區。,69600,6614,持分移轉,03400000
RPUNMLRKKIKGFDA38EA,新光段二小段,2.81,都市：其他:第三種住宅區。,69600,356,持分移轉,03470000
RPPNMLPJJHLGFDA47EA,新光段二小段,.66,都市：其他:道路用地(公共設施用地)(供護坡使用)。92/10/8,151200,350,持分移轉,01490005
RPPNMLPJJHLGFDA47EA,新光段二小段,.24,都市：其他:道路用地(公共設施用地)。,151200,350,持分移轉,01490006
RPPNMLPJJHLGFDA47EA,新光段二小段,.00,都市：其他:道路用地(公共設施用地)(供護坡使用)。92/10/8,151200,350,持分移轉,01490008
RPPNMLPJJHLGFDA47EA,新光段二小段,.22,都市：其他:道路用地(公共設施用地)。61/2/7,151200,350,持分移轉,01740000
RPPNMLPJJHLGFDA47EA,新光段二小段,.08,都市：其他:道路用地(公共設施用地)。61/2/7,151200,350,持分移轉,01750000
RPPNMLPJJHLGFDA47EA,新光段二小段,.01,都市：其他:道路用地(公共設施用地)。92/10/8,151200,350,持分移轉,01770000
RPPNMLPJJHLGFDA47EA,新光段二小段,.17,都市：其他:道路用地(公共設施用地)。61/2/7,151200,350,持分移轉,01780000
RPPOMLLMKIKGFEA57DA,桃源段四小段,12.87,都市：其他:第三種住宅區。,500000,38294,持分移轉,02810000
RPPOMLLMKIKGFEA57DA,桃源段四小段,6.66,都市：其他:第三種住宅區。,50000,3760,持分移轉,02850000
RPPOMLLMKIKGFEA57DA,桃源段四小段,6.75,都市：其他:第三種住宅區。,4,1,持分移轉,02860000
RPQNMLKMKIKGFDA37DA,中南段一小段,.34,都市：其他:第三種住宅區。,100000,30,持分移轉,00090000
RPPNMLPJJHLGFAA17EA,興泰段一小段,24.43,都市：其他:第三種住宅區。,10000,112,持分移轉,05720000
RPUNMLLMKIKGFDA87DA,寶清段一小段,29.25,都市：其他:第三種住宅區。,34993,116,持分移轉,00570005
RPPNMLMJJHLGFAA86EA,萬隆段一小段,44.12,都市：其他:第三種住宅區。,16,1,持分移轉,02910000
RPQNMLQJJHLGFEA77EA,天山段二小段,103.22,都市：其他:第二種住宅區。,390225,221309,持分移轉,01470000
RPQNMLPJJHLGFDA57EA,新光段二小段,2.25,都市：其他:道路用地(公共設施用地)(供護坡使用)。92/10/8,151200,1200,持分移轉,01490005
RPQNMLPJJHLGFDA57EA,新光段二小段,.83,都市：其他:道路用地(公共設施用地)。,151200,1200,持分移轉,01490006
RPQNMLPJJHLGFDA57EA,新光段二小段,.01,都市：其他:道路用地(公共設施用地)(供護坡使用)。92/10/8,151200,1200,持分移轉,01490008
RPXOMLMJJHLGFDA97DA,福德段一小段,40.25,都市：其他:第三種住宅區。,4,1,持分移轉,02080000
RPQNMLPJJHLGFDA57EA,新光段二小段,.75,都市：其他:道路用地(公共設施用地)。61/2/7,151200,1200,持分移轉,01740000
RPQNMLPJJHLGFDA57EA,新光段二小段,.29,都市：其他:道路用地(公共設施用地)。61/2/7,151200,1200,持分移轉,01750000
RPQNMLPJJHLGFDA57EA,新光段二小段,.02,都市：其他:道路用地(公共設施用地)。92/10/8,151200,1200,持分移轉,01770000
RPQNMLPJJHLGFDA57EA,新光段二小段,.57,都市：其他:道路用地(公共設施用地)。61/2/7,151200,1200,持分移轉,01780000
RPRNMLPJJHLGFDA67EA,犂和段四小段,27.60,都市：其他:第三種住宅區。,5,1,持分移轉,00070027
RPOQMLRKKIKGFEA08DA,關渡段二小段,27.56,都市：其他:第壹種商業區(依都市計畫說明書圖規定辦理，始得作第壹種商業區使用)(原屬第參種住宅區)。,10000,206,持分移轉,00960001
RPRNMLPJJHLGFDA57DA,延吉段三小段,.14,都市：其他:道路用地(公共設施用地)。48/3/13,23200,25,持分移轉,01950000
RPUNMLNLKIKGFEA08DA,振興段三小段,32.00,都市：其他:第三種住宅區。,4,1,持分移轉,05440000
RPRNMLPJJHLGFFA87EA,懷生段三小段,13.96,都市：其他:第三種住宅區。,24,1,持分移轉,04500000
RPWNMLQJJHLGFEA38EA,天母段一小段,9.77,都市：其他:道路用地(公共設施用地)。66/1/12,15625,1641,持分移轉,03300003
RPSNMLOLKIKGFAA57DA,福和段二小段,2.97,都市：其他:第參種商業區(依都市計畫說明書圖規定辦理，始得作第參種商業區使用)(原屬第貳種商業區)。,36,1,持分移轉,04520000
RPTNMLQJJHLGFCA87EA,吉林段四小段,3.62,都市：其他:第肆種商業區(依都市計畫說明書圖規定辦理，始得作第肆種商業區使用)(原屬第參種商業區)。,10000,85,持分移轉,04890000
RPPNMLQJJHLGFAA27EA,景美段四小段,20.25,都市：其他:第三種住宅區。,4,1,持分移轉,01300000
RPVPMLQJJHLGFDA38EA,新光段二小段,.33,都市：其他:道路用地(公共設施用地)(供護坡使用)。92/10/8,151200,175,持分移轉,01490005
RPVNMLQJJHLGFEA28EA,天母段一小段,9.77,都市：其他:道路用地(公共設施用地)。66/1/12,15625,1641,持分移轉,03300003
RPVPMLQJJHLGFDA38EA,新光段二小段,.12,都市：其他:道路用地(公共設施用地)。,151200,175,持分移轉,01490006
RPSOMLQKKIKGFFA28DA,龍泉段一小段,.06,都市：其他:第參種商業區(依都市計畫說明書圖規定辦理，始得作第參種商業區使用)(原屬第參種住宅區)。,10000,10,持分移轉,02260001
RPVPMLQJJHLGFDA38EA,新光段二小段,.00,都市：其他:道路用地(公共設施用地)(供護坡使用)。92/10/8,151200,175,持分移轉,01490008
RPVPMLQJJHLGFDA38EA,新光段二小段,.11,都市：其他:道路用地(公共設施用地)。61/2/7,151200,175,持分移轉,01740000
RPVPMLQJJHLGFDA38EA,新光段二小段,.04,都市：其他:道路用地(公共設施用地)。61/2/7,151200,175,持分移轉,01750000
RPVPMLQJJHLGFDA38EA,新光段二小段,.00,都市：其他:道路用地(公共設施用地)。92/10/8,151200,175,持分移轉,01770000
RPVPMLQJJHLGFDA38EA,新光段二小段,.08,都市：其他:道路用地(公共設施用地)。61/2/7,151200,175,持分移轉,01780000
RPSOMLQKKIKGFFA28DA,龍泉段一小段,.35,都市：其他:第參種商業區(依都市計畫說明書圖規定辦理，始得作第參種商業區使用)(原屬第貳種商業區)。,10000,10,持分移轉,02270000
RPUPMLQJJHLGFDA28EA,新光段二小段,.33,都市：其他:道路用地(公共設施用地)(供護坡使用)。92/10/8,151200,175,持分移轉,01490005
RPUPMLQJJHLGFDA28EA,新光段二小段,.12,都市：其他:道路用地(公共設施用地)。,151200,175,持分移轉,01490006
RPPNMLQJJHLGFCA47EA,碧湖段四小段,12.33,都市：其他:第三種住宅區。,18,3,持分移轉,07810000
RPUPMLQJJHLGFDA28EA,新光段二小段,.00,都市：其他:道路用地(公共設施用地)(供護坡使用)。92/10/8,151200,175,持分移轉,01490008
RPUPMLQJJHLGFDA28EA,新光段二小段,.11,都市：其他:道路用地(公共設施用地)。61/2/7,151200,175,持分移轉,01740000
RPUPMLQJJHLGFDA28EA,新光段二小段,.04,都市：其他:道路用地(公共設施用地)。61/2/7,151200,175,持分移轉,01750000
RPUPMLQJJHLGFDA28EA,新光段二小段,.00,都市：其他:道路用地(公共設施用地)。92/10/8,151200,175,持分移轉,01770000
RPUPMLQJJHLGFDA28EA,新光段二小段,.08,都市：其他:道路用地(公共設施用地)。61/2/7,151200,175,持分移轉,01780000
RPPNMLQJJHLGFEA67EA,芝蘭段三小段,47.41,都市：其他:保護區。,66,11,持分移轉,00550000
RPQOMLOJKIKGFCA47DA,碧湖段一小段,18.46,都市：其他:第三種住宅區。,10000,220,持分移轉,04260000
RPPOMLTLKIKGFAA87DA,興安段三小段,31.27,都市：其他:第三種住宅區。,2000,130,持分移轉,02810000
RPSNMLPJJHLGFFA97EA,通化段四小段,116.64,都市：其他:公園用地(公共設施用地)。61/4/24,45975600,5668905,持分移轉,07980001
RPSNMLPJJHLGFFA97EA,通化段四小段,2.69,都市：其他:道路用地(公共設施用地)。61/4/24,2700,27,持分移轉,07990000
RPUPMLPJJHLGFDA08DA,逸仙段二小段,205.09,都市：其他:第四種住宅區。,10000,825,持分移轉,00810000
RPUNMLTKKIKGFBA28DA,迪化段二小段,.85,都市：其他:特定專用區(供一般商業使用)。,504000,17208,持分移轉,01520000
RPUNMLTKKIKGFBA28DA,迪化段二小段,.92,都市：其他:特定專用區(供一般商業使用) 但是否在道路用地(公共設施用地)(應依建築線或俟地籍測量分割後，再確定)。,504000,17208,持分移轉,01530000
RPTNMLPJJHLGFFA08EA,通化段四小段,5.50,都市：其他:公園用地(公共設施用地)。61/4/24,1839024000,10689800,持分移轉,07980001
RPPNMLMKKIKGFEA37DA,溫泉段一小段,3.13,都市：其他:第三種商業區。,10000,33,持分移轉,02590000
RPPNMLMKKIKGFEA37DA,溫泉段一小段,6.05,都市：其他:第三種住宅區。,10000,33,持分移轉,02630000
RPTOMLQJJHLGFCA87DA,舊宗段,.28,都市：其他:科技工業區(C區)(不得作住宅使用)。,10000,1,持分移轉,00930008
RPRNMLOJJHLGFCA37DA,中山段三小段,8.57,都市：其他:第肆種商業區(依都市計畫說明書圖規定辦理，始得作第肆種商業區使用)(原屬第參種商業區)。,100000,1102,持分移轉,06420000
RPXOMLRKKIKGFAA38DA,博嘉段四小段,2.01,都市：其他:道路用地(公共設施用地)。58/4/28,10000,344,持分移轉,03120000
RPWNMLMJJHLGFDA77DA,祥和段四小段,115.73,都市：其他:保護區。,388,35,持分移轉,01460001
RPPNMLOKKIKGFDA47DA,三興段三小段,31.50,都市：其他:第三種住宅區。,4,1,持分移轉,00550000
RPSNMLLMKIKGFAA37DA,政大段三小段,.45,都市：其他:第三種住宅區。,1200000,120,持分移轉,02350000
RPUNMLQKKIKGFAA87DA,興安段一小段,2.88,都市：其他:第三種住宅區。,4165,110,持分移轉,05600000
RPVOMLPJJHLGFBA87DA,青年段一小段,22.05,都市：其他:第三種住宅區。,180000,98,持分移轉,00880000
RPRNMLOLKIKGFDA77DA,三興段一小段,.15,都市：其他:第參種商業區(依都市計畫說明書圖規定辦理，始得作第參種商業區使用)(原屬第貳種商業區)。,10000,1,持分移轉,10920000
RPUNMLQKKIKGFAA87DA,興安段一小段,21.60,都市：其他:第三種住宅區。,5,1,持分移轉,05630000
RPUNMLQKKIKGFAA87DA,興安段一小段,.13,都市：其他:第三種住宅區。,4165,110,持分移轉,05650000
RPUNMLQKKIKGFAA87DA,興安段一小段,7.26,都市：其他:第三種住宅區。,4165,110,持分移轉,05660000
RPUNMLQKKIKGFAA87DA,興安段一小段,2.11,都市：其他:第三種住宅區。,4165,110,持分移轉,05710000
RPROMLNLKIKGFCA67DA,潭美段三小段,14.15,都市：其他:第參種工業區(不得作住宅使用)。,100000,345,持分移轉,08910000
RPPNMLRJJHLGFBA47EA,青年段一小段,.43,都市：其他:道路用地(公共設施用地)。56/8/25,150,13,持分移轉,08560010
RPXNMLPJJHLGFFA38DA,學府段一小段,24.12,都市：其他:第三種住宅區。,100000,1099,持分移轉,02940000
RPUNMLQJJHLGFAA77EA,景美段四小段,6.56,都市：其他:第三種商業區。,14000,105,持分移轉,06050000
RPPNMLOLKIKGFCA47DA,中山段一小段,7.29,都市：其他:第肆種商業區(依都市計畫說明書圖規定辦理，始得作第肆種商業區使用)(原屬第參種商業區)。,100000,405,持分移轉,04080000
RPUNMLQJJHLGFAA77EA,景美段四小段,1.33,都市：其他:第三種商業區。,10000,75,持分移轉,06110000
RPXNMLPJJHLGFFA38DA,學府段一小段,.25,都市：其他:第三種住宅區。,272,2,持分移轉,04550000
RPWNMLLMKIKGFFA28DA,懷生段二小段,3.53,都市：其他:第參種商業區(依都市計畫說明書圖規定辦理，始得作第參種商業區使用)(原屬第貳種商業區)。,48000,233,持分移轉,03180000
RPXOMLQJJHLGFCA28DA,中山段三小段,7.56,都市：其他:第肆種商業區(依都市計畫說明書圖規定辦理，始得作第肆種商業區使用)(原屬第參種商業區)。,10000,189,持分移轉,05950000
RPSNMLNLKIKGFDA87EA,玉成段四小段,9.56,都市：其他:第三之二種住宅區。,37400,2337,持分移轉,05290000
RPPNMLPJJHLGFFA57DA,學府段一小段,2.29,都市：其他:第參種商業區(依都市計畫說明書圖規定辦理，始得作第參種商業區使用)(原屬第貳種商業區)。,50000,466,持分移轉,06370000
RPSNMLRKKIKGFDA18EA,中南段一小段,.92,都市：其他:道路用地(公共設施用地)。,12,1,持分移轉,02370000
RPPNMLLMKIKGFCA37EA,德惠段三小段,3.82,都市：其他:第參種商業區(依都市計畫說明書圖規定辦理，始得作第參種商業區使用)(原屬第參種住宅區及第參之貳種住宅區) 但是否在第三種商業區(原屬第參之貳種住宅區於七十九年九月十三日變更為第貳種商業區又於八十四年九月二十七日調整為第參種商業區(均應依前述都市計畫說明書圖規定辦理))。,10000,26,持分移轉,08860000
RPSNMLRKKIKGFDA18EA,中南段一小段,9.42,都市：其他:第三種住宅區。,12,1,持分移轉,02380000
RPPNMLPJJHLGFFA57DA,學府段一小段,12.61,都市：其他:第三之一種住宅區。,50000,466,持分移轉,06380000
RPXNMLMLKIKGFAA87DA,南海段三小段,29.13,都市：其他:第三之一種住宅區。,100000,882,持分移轉,08480000
RPPNMLPJJHLGFFA57DA,學府段一小段,1.95,都市：其他:第三種住宅區。,50000,466,持分移轉,06390000
RPXNMLMLKIKGFAA87DA,南海段三小段,13.29,都市：其他:第三種住宅區。,100000,882,持分移轉,08520000
RPRNMLNLKIKGFDA77EA,虎林段一小段,13.53,都市：其他:第三種住宅區。,2000,82,持分移轉,06500000
RPQNMLTJJHLGFDA97EA,敦化段一小段,1.13,都市：其他:第三種商業區(特),30,1,持分移轉,05920000
RPQNMLTJJHLGFDA97EA,敦化段一小段,3.03,都市：其他:第三種商業區(特),30,1,持分移轉,05920001
RPPNMLQJJHLGFDA57EA,逸仙段三小段,18.16,都市：其他:第參種商業區(依都市計畫說明書圖規定辦理，始得作第參種商業區使用)(原屬第貳種商業區)。,10000,760,持分移轉,08720000
RPPOMLKKKIKGFBA96DA,迪化段一小段,7.00,都市：其他:道路用地(公共設施用地)。,1,1,全筆移轉,00270003
RPUOMLOLKIKGFBA97DA,福星段四小段,3.42,都市：其他:第四種商業區。,10000,31,持分移轉,01470000
RPQNMLPJJHLGFFA77EA,仁愛段六小段,3.21,都市：其他:敦化南北路特定專用區(A區)(依都市計畫說明書圖規定辦理)(原屬第肆種住宅區及第肆之壹種住宅區)。,10000,51,持分移轉,05950000
RPQNMLPJJHLGFFA77EA,仁愛段六小段,6.08,都市：其他:敦化南北路特定專用區(A區)(依都市計畫說明書圖規定辦理)(原屬第貳種商業區)。,10000,51,持分移轉,05950001
RPSNMLQJJHLGFFA08EA,仁愛段六小段,2.75,都市：其他:第四種住宅區。,10000,26,持分移轉,01580000
RPSNMLQJJHLGFFA08EA,仁愛段六小段,.11,都市：其他:道路用地(公共設施用地)。61/3/27,10000,26,持分移轉,01580002
RPTNMLQJJHLGFFA18EA,仁愛段六小段,2.75,都市：其他:第四種住宅區。,10000,26,持分移轉,01580000
RPTNMLQJJHLGFFA18EA,仁愛段六小段,.11,都市：其他:道路用地(公共設施用地)。61/3/27,10000,26,持分移轉,01580002
RPPNMLRJJHLGFEA77EA,蘭雅段三小段,10.44,都市：其他:第三之二種住宅區 但是否在第三種住宅區(應依建築線或俟地籍測量分割後，再確定)。,10000,89,持分移轉,01350000
RPRNMLSJJHLGFBA77EA,龍山段二小段,3.67,都市：其他:第三種商業區。,20000,70,持分移轉,01800000
RPWNMLTKKIKGFDA68DA,南港段三小段,21.65,都市：其他:第三種住宅區。,100000,718,持分移轉,05090000
RPPNMLPJJHLGFFA67EA,仁愛段六小段,3.21,都市：其他:敦化南北路特定專用區(A區)(依都市計畫說明書圖規定辦理)(原屬第肆種住宅區及第肆之壹種住宅區)。,10000,51,持分移轉,05950000
RPPNMLPJJHLGFFA67EA,仁愛段六小段,6.08,都市：其他:敦化南北路特定專用區(A區)(依都市計畫說明書圖規定辦理)(原屬第貳種商業區)。,10000,51,持分移轉,05950001
RPROMLPJJHLGFCA57DA,中山段二小段,.06,都市：其他:第三種商業區。,100000,10,持分移轉,00940000
RPPNMLLLKIKGFFA47DA,瑞安段一小段,24.28,都市：其他:第三種住宅區。,52880,54,持分移轉,02980000
RPPNMLSLKIKGFCA87DA,大湖段二小段,2.15,都市：其他:第三種住宅區。,20000,34,持分移轉,00010006
RPQNMLRJJHLGFAA47EA,永昌段一小段,24.40,都市：其他:第三種住宅區。,5,1,持分移轉,04710000
RPPNMLSJJHLGFAA47EA,永昌段四小段,10.53,都市：其他:第三種住宅區。,158,1,持分移轉,06380000
RPRNMLLMKIKGFBA37DA,大龍段二小段,39.00,都市：其他:第三種住宅區。,2,1,持分移轉,01410000
RPSNMLSJJHLGFBA87EA,青年段二小段,1.11,都市：其他:第三之一種住宅區。,8070,57,持分移轉,00130000
RPSNMLSJJHLGFBA87EA,青年段二小段,12.05,都市：其他:第三種住宅區。,8070,57,持分移轉,00130001
RPTNMLPJJHLGFDA77DA,虎林段五小段,5.60,都市：其他:第三種商業區。,100000,447,持分移轉,00280000
RPPNMLMLKIKGFDA37DA,南港段一小段,.75,都市：其他:住宅區(特)。,100000,30,持分移轉,05270000
RPTNMLPJJHLGFDA77DA,虎林段三小段,.67,都市：其他:第參種商業區(依都市計畫說明書圖規定辦理，始得作第參種商業區使用)(原屬第參之壹種住宅區)。,100000,447,持分移轉,01140001
RPQNMLRJJHLGFFA87DA,金華段四小段,37.25,都市：其他:第三種住宅區。,4,1,持分移轉,07390000
RPWNMLMLKIKGFFA28DA,仁愛段一小段,15.14,都市：其他:第四種住宅區。,10000,240,持分移轉,02230000
RPVNMLNLKIKGFDA18EA,延吉段三小段,4.78,都市：其他:第三之一種住宅區(特)。,3200,300,持分移轉,08910001
RPPNMLSJJHLGFEA87EA,菁山段二小段,166.60,都市：其他:保護區。,1,1,全筆移轉,02750005
RPQNMLKMKIKGFEA57EA,芝蘭段二小段,3.42,都市：其他:保護區。,40,10,持分移轉,05500000
RPQNMLKMKIKGFEA57EA,芝蘭段二小段,18.13,都市：其他:保護區。,40,10,持分移轉,05510000
RPQNMLQJJHLGFDA67EA,延吉段一小段,14.89,都市：其他:第參種商業區(依都市計畫說明書圖規定辦理，始得作第參種商業區使用)(原屬第貳種商業區)。,100000,1174,持分移轉,00020000
RPQNMLSJJHLGFEA97EA,菁山段二小段,261.02,都市：其他:保護區。,1,1,全筆移轉,02750003
RPXNMLNLKIKGFDA38EA,玉成段三小段,23.54,都市：其他:第三種住宅區。,100000,625,持分移轉,09040000
RPRNMLSJJHLGFEA08EA,菁山段二小段,289.84,都市：其他:保護區。,1,1,全筆移轉,02750004
RPXNMLNLKIKGFDA38EA,玉成段三小段,11.91,都市：其他:第壹種商業區(依都市計畫說明書圖規定辦理，始得作第壹種商業區使用)(原屬第參之壹種住宅區)。,100000,625,持分移轉,09050000
RPSNMLSJJHLGFEA18EA,大業段三小段,.28,都市：其他:第三種商業區。,6621000,16600,持分移轉,00360000
RPTNMLSJJHLGFEA28EA,大業段三小段,.28,都市：其他:第三種商業區。,6621000,16600,持分移轉,00360000
RPQNMLSJJHLGFFA08EA,復興段一小段,10.92,都市：其他:第參種商業區(依都市計畫說明書圖規定辦理，始得作第參種商業區使用)(原屬第肆種住宅區及第貳種商業區)。,90000,531,持分移轉,04060000
RPPNMLKKKIKGFFA27DA,仁愛段四小段,10.24,都市：其他:第四種住宅區。,10000,152,持分移轉,00720000
RPPNMLKKKIKGFFA27DA,仁愛段四小段,1.35,都市：其他:第四種住宅區。,10000,152,持分移轉,00730000
RPPNMLKKKIKGFFA27DA,仁愛段四小段,3.09,都市：其他:第四種住宅區。,10000,152,持分移轉,00790000
RPRNMLSJJHLGFFA18EA,懷生段四小段,4.28,都市：其他:第三種住宅區。,40,1,持分移轉,03430000
RPPNMLSJJHLGFCA67EA,長春段一小段,33.75,都市：其他:第三種住宅區。,4,1,持分移轉,00610000
RPPNMLQJJHLGFEA57DA,溪洲段三小段,31.33,都市：其他:道路用地(公共設施用地) 但是否在住宅區(細部計畫尚未完成，尚未能准許依變更後計畫用途使用應依建築線或俟地籍測量分割後，再確定)。,75,5,持分移轉,05130000
RPPNMLQJJHLGFEA57DA,溪洲段三小段,21.43,都市：其他:道路用地(公共設施用地) 但是否在住宅區(細部計畫尚未完成，尚未能准許依變更後計畫用途使用應依建築線或俟地籍測量分割後，再確定)。,3750,171,持分移轉,05130000
RPXOMLQLKIKGFCA58DA,金泰段,16.12,都市：其他:住宅區(供住宅使用)。,10000,109,持分移轉,00550007
RPPNMLQJJHLGFEA57DA,溪洲段三小段,17.67,都市：其他:堤防用地(公共設施用地)(將來係採用區段徵收之方式辦理整體開發)。80/6/5,75,5,持分移轉,05140000
RPPNMLQJJHLGFEA57DA,溪洲段三小段,5.40,都市：其他:道路用地(公共設施用地)(將來採區段徵收方式辦理整體開發)。100/6/8,75,5,持分移轉,06300000
RPPNMLQJJHLGFEA57DA,溪洲段三小段,1.47,都市：其他:道路用地(公共設施用地)(將來採區段徵收方式辦理整體開發)。100/6/8,75,5,持分移轉,06310000
RPPNMLQJJHLGFEA57DA,溪洲段三小段,16.20,都市：其他:堤防用地(公共設施用地)(將來係採用區段徵收之方式辦理整體開發)。80/6/5,75,5,持分移轉,06320000
RPPNMLQJJHLGFEA57DA,溪洲段三小段,.73,都市：其他:堤防用地(公共設施用地)(將來係採用區段徵收之方式辦理整體開發)。80/6/5,75,5,持分移轉,06330000
RPPNMLQJJHLGFEA57DA,溪洲段三小段,9.53,都市：其他:堤防用地(公共設施用地)(將來係採用區段徵收之方式辦理整體開發)。80/6/5,150,5,持分移轉,06340000
RPPNMLQJJHLGFEA57DA,溪洲段三小段,.07,都市：其他:道路用地(公共設施用地)(將來採區段徵收方式辦理整體開發)。100/6/8,150,5,持分移轉,06350000
RPPNMLQJJHLGFEA57DA,溪洲段三小段,.20,都市：其他:堤防用地(公共設施用地)(將來係採用區段徵收之方式辦理整體開發)。80/6/5,150,5,持分移轉,06360000
RPPNMLQJJHLGFEA57DA,溪洲段三小段,2.30,都市：其他:道路用地(公共設施用地)(將來採區段徵收方式辦理整體開發)。100/6/8,150,5,持分移轉,06370000
RPPNMLQJJHLGFEA57DA,溪洲段三小段,4.35,都市：其他:堤防用地(公共設施用地)(將來係採用區段徵收之方式辦理整體開發)。80/6/5,300,5,持分移轉,06420000
RPPNMLQJJHLGFEA57DA,溪洲段三小段,2.17,都市：其他:堤防用地(公共設施用地)(將來係採用區段徵收之方式辦理整體開發)。80/6/5,300,5,持分移轉,06430000
RPPNMLQJJHLGFEA57DA,溪洲段三小段,.40,都市：其他:堤防用地(公共設施用地)(將來係採用區段徵收之方式辦理整體開發)。80/6/5,75,5,持分移轉,06450000
RPPNMLQJJHLGFEA57DA,溪洲段三小段,15.40,都市：其他:住宅區(細部計畫尚未完成，尚未能准許依變更後計畫用途使用)。,75,5,持分移轉,06810000
RPXNMLQJJHLGFCA18DA,碧湖段三小段,27.19,都市：其他:第二種住宅區,100000,741,持分移轉,03390000
RPXNMLQJJHLGFCA18DA,碧湖段三小段,.03,都市：其他:第二種住宅區,100000,741,持分移轉,03470001
RPQNMLLLKIKGFDA37DA,南港段四小段,1.13,都市：其他:第三種住宅區。,10000,5,持分移轉,01200006
RPRNMLQJJHLGFAA37DA,指南段二小段,2.08,都市：其他:保護區。,12,1,持分移轉,03620002
RPUOMLNLKIKGFDA08DA,永吉段三小段,28.33,都市：其他:第三種住宅區。,3,1,持分移轉,02510000
RPRNMLQJJHLGFAA37DA,指南段二小段,8.92,都市：其他:保護區。,12,1,持分移轉,03630002
RPWNMLRJJHLGFDA28DA,延吉段三小段,34.00,都市：其他:第三種住宅區。,1,1,全筆移轉,06490000
RPOOMLQJJHLGFCA37DA,碧湖段三小段,.04,都市：其他:第二種住宅區,100000,1,持分移轉,03390000
RPOOMLQJJHLGFCA37DA,碧湖段三小段,.00,都市：其他:第二種住宅區,100000,1,持分移轉,03470001
SPWNMLRJJHLGFDA38DA,永吉段一小段,.04,,120,1,持分移轉,00690000
SPWNMLRJJHLGFDA38DA,福德段一小段,57.23,都市：其他:第三種住宅區。,40,7,持分移轉,01110000
SPWNMLRJJHLGFDA38DA,福德段一小段,3.23,都市：其他:第三種住宅區。,120,1,持分移轉,01120000
SPWNMLRJJHLGFDA38DA,福德段一小段,1.40,都市：其他:第三種住宅區。,40,7,持分移轉,01140000
SPWNMLRJJHLGFDA38DA,福德段一小段,.06,,190,11,持分移轉,01180000
SPWNMLRJJHLGFDA38DA,福德段一小段,.44,,120,1,持分移轉,01380000
SPWNMLRJJHLGFDA38DA,福德段一小段,.53,都市：其他:第三種住宅區。,40,7,持分移轉,01590001
SPWNMLRJJHLGFDA38DA,福德段一小段,7.57,都市：其他:第三種住宅區。,120,1,持分移轉,01670000
SPWNMLRJJHLGFDA38DA,福德段一小段,.61,都市：其他:第三種住宅區。,120,1,持分移轉,01680000
SPWNMLRJJHLGFDA38DA,福德段一小段,.52,都市：其他:第三種住宅區。,4800,11,持分移轉,01920000
SPWNMLRJJHLGFDA38DA,福德段一小段,.32,都市：其他:第三種住宅區。,960,11,持分移轉,01930000
SPWNMLRJJHLGFDA38DA,福德段三小段,13.95,都市：其他:第三種住宅區。,24000,663,持分移轉,06320000
RPQNMLPJJHLGFCA47EA,西湖段一小段,3.56,都市：其他:第三種住宅區。,16,1,持分移轉,07100000
RPWNMLTJJHLGFCA38DA,大湖段二小段,3.00,都市：其他:第壹種商業區(依都市計畫說明書圖規定辦理，始得作第壹種商業區使用)(原屬第貳種住宅區)。,10000,20,持分移轉,02110000
RPWNMLTJJHLGFCA38DA,大湖段二小段,5.04,都市：其他:第壹種商業區(依都市計畫說明書圖規定辦理，始得作第壹種商業區使用)(原屬第參種住宅區)。,10000,20,持分移轉,02120000
RPWNMLTJJHLGFCA38DA,大湖段二小段,.09,都市：其他:第壹種商業區(依都市計畫說明書圖規定辦理，始得作第壹種商業區使用)(原屬第參種住宅區)。,10000,20,持分移轉,02120001
RPSOMLLMKIKGFCA67DA,大湖段二小段,9.14,都市：其他:第壹種商業區(依都市計畫說明書圖規定辦理，始得作第壹種商業區使用)(原屬第貳種住宅區)。,10000,61,持分移轉,02110000
RPSOMLLMKIKGFCA67DA,大湖段二小段,15.37,都市：其他:第壹種商業區(依都市計畫說明書圖規定辦理，始得作第壹種商業區使用)(原屬第參種住宅區)。,10000,61,持分移轉,02120000
RPSOMLLMKIKGFCA67DA,大湖段二小段,.28,都市：其他:第壹種商業區(依都市計畫說明書圖規定辦理，始得作第壹種商業區使用)(原屬第參種住宅區)。,10000,61,持分移轉,02120001
RPPNMLTJJHLGFCA77EA,德惠段三小段,2.44,都市：其他:第三之二種住宅區及第三種住宅區。,10000,23,持分移轉,05230000
RPQNMLTJJHLGFCA87EA,吉林段一小段,7.98,都市：其他:第三種住宅區。,100000,1383,持分移轉,01990000
RPPNMLTJJHLGFCA77EA,德惠段三小段,4.12,都市：其他:第三之二種住宅區及第三種住宅區。,10000,23,持分移轉,05230001
RPPNMLTJJHLGFFA08EA,復興段三小段,5.26,都市：其他:第四種住宅區。,50000,193,持分移轉,08230000
RPPNMLTJJHLGFFA08EA,復興段三小段,.06,都市：其他:第四種住宅區。,50000,420,持分移轉,08240001
RPPNMLSJJHLGFDA77EA,祥和段二小段,23.53,都市：其他:第三種住宅區。,51168,366,持分移轉,06670000
RPUNMLTJJHLGFBA08DA,萬華段二小段,35.00,都市：其他:第參種商業區(依都市計畫說明書圖規定辦理，始得作第參種商業區使用)(原屬第參之壹種住宅區)。,3,1,持分移轉,04570000
RPTNMLTJJHLGFBA97DA,大同段二小段,.89,都市：其他:第四種住宅區。,64,1,持分移轉,08810003
RPTNMLTJJHLGFBA97DA,大同段二小段,1.66,都市：其他:第四種住宅區。,64,1,持分移轉,08810004
RPTNMLTJJHLGFBA97DA,大同段二小段,.03,都市：其他:道路用地(公共設施用地)。48/11/20,64,1,持分移轉,08810005
RPTNMLTJJHLGFBA97DA,大同段二小段,.02,都市：其他:道路用地(公共設施用地)。48/11/20,64,1,持分移轉,08810006
RPTNMLTJJHLGFBA97DA,大同段二小段,.02,都市：其他:道路用地(公共設施用地)。48/11/20,64,1,持分移轉,08810007
RPVOMLMJJHLGFDA77DA,雅祥段四小段,.06,都市：其他:第二種商業區。,100000,10,持分移轉,01310000
RPVNMLOLKIKGFBA97DA,青年段一小段,2.28,都市：其他:第三之一種住宅區。,10890,141,持分移轉,06970000
RPVOMLMJJHLGFDA77DA,雅祥段四小段,.02,都市：其他:第三種住宅區。,100000,10,持分移轉,01320000
RPVNMLOLKIKGFBA97DA,青年段一小段,12.26,都市：其他:第三種住宅區。,10890,141,持分移轉,06970001
RPRNMLTJJHLGFCA87DA,正義段二小段,25.43,都市：其他:第肆種商業區(依都市計畫說明書圖規定辦理，始得作第肆種商業區使用)(原屬第參種商業區)。,100000,2392,持分移轉,00290000
RPRNMLTJJHLGFCA87DA,正義段二小段,7.46,都市：其他:第肆種商業區(依都市計畫說明書圖規定辦理，始得作第肆種商業區使用)(原屬第參種住宅區)。,100000,2531,持分移轉,00290001
RPPOMLNLKIKGFDA67EA,西松段一小段,24.53,都市：其他:第三種住宅區。,17973,105,持分移轉,00090005
RPQNMLOLKIKGFAA37DA,興隆段四小段,.83,都市：其他:第四種住宅區。,36,1,持分移轉,00750000
RPSOMLPKKIKGFAA67DA,興安段三小段,36.00,都市：其他:第三種住宅區。,4,1,持分移轉,01530000
RPQNMLOLKIKGFAA37DA,興隆段四小段,10.83,都市：其他:第四種住宅區。,12,1,持分移轉,00760000
RPPNMLTJJHLGFBA67EA,臨沂段三小段,18.68,都市：其他:第三種住宅區。,100000,2594,持分移轉,05350000
RPQNMLTKKIKGFEA18DA,桃源段一小段,11.51,都市：其他:第三種住宅區。,100000,709,持分移轉,03870000
RPOOMLTJJHLGFCA67DA,北安段一小段,41.80,都市：其他:第三之二種住宅區(特)。104/1/13,256000000,3718400,持分移轉,00250000
RPOOMLTJJHLGFCA67DA,北安段一小段,1.79,都市：其他:第三種住宅區。,256000000,1235200,持分移轉,00250001
RPWOMLQKKIKGFCA38DA,正義段一小段,1.37,都市：其他:第參種商業區(依都市計畫說明書圖規定辦理，始得作第參種商業區使用)(原屬第參種住宅區)。,100000,16641,持分移轉,07470001
RPWOMLQKKIKGFCA38DA,正義段一小段,31.95,都市：其他:第參種商業區(依都市計畫說明書圖規定辦理，始得作第參種商業區使用)(原屬第參種住宅區及第參之貳種住宅區)。,100000,16641,持分移轉,07520000
RPXNMLMKJHLGFDA97DA,虎林段五小段,5.61,都市：其他:第三種商業區。,100000,448,持分移轉,00280000
RPXNMLMKJHLGFDA97DA,虎林段三小段,.67,都市：其他:第參種商業區(依都市計畫說明書圖規定辦理，始得作第參種商業區使用)(原屬第參之壹種住宅區)。,100000,448,持分移轉,01140001
RPPNMLMKJHLGFAA96EA,興隆段三小段,4.14,都市：其他:第三種住宅區。,100000,1058,持分移轉,03370000
RPVNMLMKJHLGFCA77EA,德惠段三小段,45.64,都市：其他:道路用地(公共設施用地)。56/10/5,1,1,全筆移轉,00180002
RPSNMLSJJHLGFDA97DA,民生段,36.25,都市：其他:第參種商業區(依都市計畫說明書圖規定辦理，始得作第參種商業區使用)(原屬住宅用地民生社區特定專用區)。,16,2,持分移轉,00520016
RPPNMLTJJHLGFAA47DA,興隆段一小段,18.93,都市：其他:第三種住宅區。,400,1,持分移轉,04070001
RPXNMLPJJHLGFCA08DA,吉林段四小段,1.06,都市：其他:第肆種商業區(依都市計畫說明書圖規定辦理，始得作第肆種商業區使用)(原屬第參種商業區)。,10000,13,持分移轉,06690000
RPRPMLPKKIKGFEA08DA,三玉段一小段,24.65,都市：其他:第三種住宅區。,10000,276,持分移轉,04540000
RPPNMLTJJHLGFEA87DA,秀山段一小段,42.00,都市：其他:第三種住宅區。,4,1,持分移轉,05520000
RPPNMLSJKIKGFAA47DA,博嘉段四小段,1.36,都市：其他:道路用地(公共設施用地)。58/4/28,10000,180,持分移轉,02020000
RPPNMLSJKIKGFAA47DA,博嘉段四小段,.15,都市：其他:道路用地(公共設施用地)。58/4/28,10000,180,持分移轉,02030000
RPUOMLSJJHLGFCA18DA,西湖段一小段,11.61,都市：其他:第三種住宅區。,10000,300,持分移轉,10820000
RPVNMLTLKIKGFBA48DA,城中段二小段,3.27,都市：其他:第四種商業區 但是否在廣場用地(公共設施用地)(應依建築線或俟地籍測量分割後，再確定)。,100000,1027,持分移轉,04590000
RPPNMLMJJHLGFEA17DA,華岡段一小段,103.09,都市：其他:特定住宅區(二)。,10000,107,持分移轉,05570000
RPQNMLTJJHLGFFA18EA,學府段二小段,21.70,都市：其他:第三種住宅區。,10000,320,持分移轉,01210000
RPTNMLMKJHLGFEA77EA,永平段四小段,110.00,都市：其他:第貳種工業區(不得作住宅使用)。,1,1,全筆移轉,08020000
RPPNMLMKJHLGFEA37EA,芝山段一小段,27.30,都市：其他:第三種住宅區。,10,1,持分移轉,01260000
RPRNMLTJJHLGFEA18EA,三玉段五小段,.01,都市：其他:道路用地(公共設施用地)。66/1/12,420000,6,持分移轉,02080001
RPRNMLTJJHLGFEA18EA,三玉段五小段,.01,都市：其他:道路用地(公共設施用地)。66/1/12,25200,2,持分移轉,02130000
RPVOMLLMKIKGFCA97DA,中山段三小段,2.09,都市：其他:第肆種商業區(依都市計畫說明書圖規定辦理，始得作第肆種商業區使用)(原屬第參種商業區)。,10000,21,持分移轉,00160000
RPQOMLTJJHLGFCA87DA,潭美段三小段,32.67,都市：其他:第參種工業區(不得作住宅使用)。,3,1,持分移轉,04200000
RPUNMLMKJHLGFBA47DA,玉泉段一小段,1.93,都市：其他:第三種商業區 但是否在道路用地(公共設施用地)(應依建築線或俟地籍測量分割後，再確定)。,10000,25,持分移轉,02100000
RPTNMLMKJHLGFCA47DA,吉林段五小段,61.25,都市：其他:第參種商業區(依都市計畫說明書圖規定辦理，始得作第參種商業區使用)(原屬第參種住宅區及第貳種商業區)。,1200,100,持分移轉,02870000
RPQOMLNKJHLGFBA27DA,雙連段三小段,.04,都市：其他:第三種商業區。,10000,1,持分移轉,05940000
RPTNMLOLKIKGFFA18DA,仁愛段三小段,24.31,都市：其他:第四種住宅區。,100000,1010,持分移轉,01380000
RPVNMLQKKIKGFFA48DA,懷生段二小段,12.05,都市：其他:第三種住宅區。,10000,23,持分移轉,05440000
RPPNMLMKJHLGFEA27DA,行義段三小段,63.81,都市：其他:道路用地(公共設施用地)。66/1/11,1,1,全筆移轉,02340003
RPVNMLQKKIKGFFA48DA,懷生段二小段,.01,都市：其他:道路用地(公共設施用地)。68/11/13,10000,23,持分移轉,05440006
RPOPMLTJJHLGFCA77DA,康寧段一小段,440.00,都市：其他:第二種住宅區。,1,1,全筆移轉,02720000
RPRPMLMJJHLGFDA47DA,虎林段四小段,13.18,都市：其他:第參種商業區(依都市計畫說明書圖規定辦理，始得作第參種商業區使用)(原屬第肆種住宅區)及第三之一種住宅區及第三種住宅區(應依建築線或俟地籍測量分割後，再確定)。,42619122,125928,持分移轉,07850000
RPRPMLMJJHLGFDA47DA,虎林段四小段,1.31,都市：其他:第三種住宅區。,42619122,125928,持分移轉,07860001
RPVNMLSJJHLGFFA48DA,辛亥段六小段,29.46,都市：其他:第三種住宅區。,10000,216,持分移轉,00300007
RPQPMLTJJHLGFCA97DA,西湖段一小段,39.94,都市：其他:第貳種工業區(不得作住宅使用)。,1000,24,持分移轉,02240000
RPVNMLMJJHLGFCA57DA,榮星段六小段,.77,都市：其他:第三種住宅區。,100000,90,持分移轉,01010000
RPVNMLMJJHLGFCA57DA,榮星段六小段,.99,都市：其他:第三之二種住宅區。,100000,90,持分移轉,01020000
RPVNMLMKJHLGFFA97DA,辛亥段四小段,.18,都市：其他:第三種住宅區。,10000,1,持分移轉,05120000
RPRNMLNKJHLGFEA57DA,泉源段四小段,1365.80,都市：其他:保護區。,1,1,全筆移轉,04490000
RPRNMLPKKIKGFEA87DA,富安段三小段,32.00,都市：其他:遊樂區(細部計畫尚未完成，尚未能准許依變更後計畫用途使用) 但是否在道路用地(公共設施用地)(應依建築線或俟地籍測量分割後，再確定)。,3840,96,持分移轉,02590000
RPPNMLMLKIKGFEA47DA,開明段一小段,.04,都市：其他:第三種住宅區。,10000,1,持分移轉,04770000
RPQOMLMKJHLGFEA47DA,華岡段三小段,3.21,都市：其他:第一種商業區。,10000,83,持分移轉,01680000
RPVNMLMKJHLGFFA97DA,辛亥段四小段,.05,都市：其他:交通用地(公共設施用地)。78/4/3,10000,1,持分移轉,05250000
RPROMLMKJHLGFEA57DA,芝山段二小段,40.38,都市：其他:第三之二種住宅區及第三種住宅區 但是否在道路用地(公共設施用地)(應依建築線或俟地籍測量分割後，再確定)。,10000,316,持分移轉,05100000
RPQOMLMKJHLGFEA47DA,華岡段三小段,11.90,都市：其他:特定住宅區(二) 但是否在第一種商業區(應依建築線或俟地籍測量分割後，再確定)。,10000,83,持分移轉,02080000
RPPNMLNKJHLGFAA07EA,木柵段四小段,.50,都市：其他:第三種住宅區。,2,1,持分移轉,04450000
RPPNMLNKJHLGFAA07EA,木柵段四小段,36.50,都市：其他:第三種住宅區。,2,1,持分移轉,04570000
RPRNMLOKJHLGFAA37EA,華興段四小段,.79,都市：其他:第三種住宅區。,10000,10,持分移轉,01910000
RPSNMLNKJHLGFEA77EA,桃源段四小段,13.88,都市：其他:第三種住宅區。,3750,131,持分移轉,02220000
RPVNMLMKJHLGFEA97EA,振興段二小段,11.52,都市：其他:第參種商業區(依都市計畫說明書圖規定辦理，始得作第參種商業區使用)(原屬第參種住宅區)及第三種住宅區。,10000,60,持分移轉,00020000
RPRNMLNKJHLGFEA67EA,豐年段二小段,31.50,都市：其他:第三種住宅區。,2,1,持分移轉,02770000
RPPNMLNKJHLGFFA57EA,仁愛段二小段,.68,都市：其他:第肆種商業區(依都市計畫說明書圖規定辦理，始得作第肆種商業區使用)(原屬第貳種商業區)。,3240,2,持分移轉,00030000
RPPNMLNKJHLGFFA57EA,仁愛段二小段,.18,都市：其他:第肆種商業區(依都市計畫說明書圖規定辦理，始得作第肆種商業區使用)(原屬第肆種住宅區)。,3240,2,持分移轉,00030001
RPPNMLNKJHLGFFA57EA,仁愛段二小段,.00,都市：其他:道路用地(公共設施用地)。68/2/17,3240,2,持分移轉,00030002
RPROMLMKJHLGFAA17DA,景美段二小段,2.89,都市：其他:第三種住宅區。,10000,438,持分移轉,02470000
RPROMLMKJHLGFAA17DA,景美段二小段,32.72,都市：其他:第三種住宅區。,10000,438,持分移轉,02480000
RPRNMLMKJHLGFCA27DA,吉林段四小段,5.07,都市：其他:第肆種商業區(依都市計畫說明書圖規定辦理，始得作第肆種商業區使用)(原屬第參種商業區)。,2000,30,持分移轉,07280000
RPRNMLOKJHLGFFA87EA,復興段一小段,.18,都市：其他:第肆種商業區(依都市計畫說明書圖規定辦理，始得作第肆種商業區使用)(原屬第貳種商業區)。,6842736,6811,持分移轉,06240000
RPRNMLOKJHLGFFA87EA,復興段一小段,.03,都市：其他:道路用地(公共設施用地)。48/3/13,6842736,6811,持分移轉,06260000
RPRNMLOKJHLGFFA87EA,復興段一小段,1.00,都市：其他:第肆種商業區(依都市計畫說明書圖規定辦理，始得作第肆種商業區使用)(原屬第貳種商業區)。,6842736,6811,持分移轉,06270000
RPRNMLOKJHLGFFA87EA,復興段一小段,.99,都市：其他:第肆種商業區(依都市計畫說明書圖規定辦理，始得作第肆種商業區使用)(原屬第肆種住宅區)。,6842736,6811,持分移轉,06270001
RPWNMLRKKIKGFDA58EA,敦化段三小段,32.38,都市：其他:第三種住宅區。,100000,1277,持分移轉,05850000
RPWNMLRKKIKGFDA58EA,敦化段三小段,24.35,都市：其他:第三之一種住宅區(特)。,100000,1277,持分移轉,05850011
RPPOMLQKKIKGFDA77DA,犂和段二小段,23.64,都市：其他:第三種住宅區。,5000,646,持分移轉,05090000
RPTPMLKMKIKGFBA67DA,青年段一小段,16.78,都市：其他:第三種住宅區。,31555,23,持分移轉,00740000
RPRNMLRJJHLGFFA97DA,仁愛段二小段,.78,都市：其他:道路用地(公共設施用地)。48/3/13,10000,53,持分移轉,05790000
RPQNMLSJJHLGFCA67DA,碧湖段一小段,22.50,都市：其他:第三種住宅區。,56,10,持分移轉,03180000
RPRNMLRJJHLGFFA97DA,仁愛段二小段,9.48,都市：其他:第肆種商業區(依都市計畫說明書圖規定辦理，始得作第肆種商業區使用)(原屬第貳種商業區)。,10000,53,持分移轉,05800000
RPRNMLRJJHLGFFA97DA,仁愛段二小段,4.03,都市：其他:第肆種商業區(依都市計畫說明書圖規定辦理，始得作第肆種商業區使用)(原屬第肆種住宅區)。,10000,53,持分移轉,05800001
RPQNMLOKJHLGFFA77EA,復興段一小段,.18,都市：其他:第肆種商業區(依都市計畫說明書圖規定辦理，始得作第肆種商業區使用)(原屬第貳種商業區)。,6842736,6811,持分移轉,06240000
RPQNMLOKJHLGFFA77EA,復興段一小段,.03,都市：其他:道路用地(公共設施用地)。48/3/13,6842736,6811,持分移轉,06260000
RPQNMLOKJHLGFFA77EA,復興段一小段,1.00,都市：其他:第肆種商業區(依都市計畫說明書圖規定辦理，始得作第肆種商業區使用)(原屬第貳種商業區)。,6842736,6811,持分移轉,06270000
RPQNMLOKJHLGFFA77EA,復興段一小段,.99,都市：其他:第肆種商業區(依都市計畫說明書圖規定辦理，始得作第肆種商業區使用)(原屬第肆種住宅區)。,6842736,6811,持分移轉,06270001
RPPOMLNKJHLGFFA57DA,金華段四小段,.86,都市：其他:第三種住宅區。,100000,275,持分移轉,00940000
RPSNMLRJJHLGFEA97DA,豐年段三小段,31.06,都市：其他:科技工業區(不得作住宅使用)。,1000000,7421,持分移轉,07150000
RPQNMLRJJHLGFAA37DA,南海段三小段,30.32,都市：其他:第三之一種住宅區。,100000,918,持分移轉,08480000
RPQNMLRJJHLGFAA37DA,南海段三小段,13.83,都市：其他:第三種住宅區。,100000,918,持分移轉,08520000
RPRNMLTJJHLGFEA08DA,豐年段三小段,269.15,都市：其他:農業區。,140,7,持分移轉,03180000
RPPNMLRJJHLGFAA27DA,南海段三小段,33.29,都市：其他:第三之一種住宅區。,100000,1008,持分移轉,08480000
RPWNMLLMKIKGFAA77DA,木柵段四小段,.38,都市：其他:第三種住宅區。,10000,2,持分移轉,02640000
RPPNMLRJJHLGFAA27DA,南海段三小段,15.19,都市：其他:第三種住宅區。,100000,1008,持分移轉,08520000
RPXNMLRJJHLGFCA28DA,吉林段三小段,3.06,都市：其他:第肆種商業區(依都市計畫說明書圖規定辦理，始得作第肆種商業區使用)(原屬第參種商業區)。,90000,39,持分移轉,09210000
RPPNMLOKJHLGFAA17EA,河堤段一小段,2.24,都市：其他:第參種商業區(依都市計畫說明書圖規定辦理，始得作第參種商業區使用)(原屬第貳種商業區)。,20000,492,持分移轉,00670000
RPXNMLRJJHLGFCA28DA,吉林段三小段,.01,都市：其他:道路用地(公共設施用地)。53/7/15,90000,39,持分移轉,09210006
RPPNMLOKJHLGFAA17EA,河堤段一小段,5.83,都市：其他:第參種商業區(依都市計畫說明書圖規定辦理，始得作第參種商業區使用)(原屬第參種住宅區)。,20000,492,持分移轉,00670001
RPSNMLNKJHLGFEA67DA,溫泉段一小段,4.50,都市：其他:特定觀光商業專用區。,10000,33,持分移轉,02270000
RPOOMLNLKIKGFDA57EA,美仁段一小段,.07,都市：其他:第參種商業區(依都市計畫說明書圖規定辦理，始得作第參種商業區使用)(原屬第貳種商業區)。,10000,2,持分移轉,08310000
RPOOMLNLKIKGFDA57EA,美仁段一小段,.04,都市：其他:第參種商業區(依都市計畫說明書圖規定辦理，始得作第參種商業區使用)(原屬第參種住宅區)。,10000,2,持分移轉,08330002
RPPNMLPJJHLGFDA37DA,信義段一小段,.39,都市：其他:第參種商業區(依都市計畫說明書圖規定辦理，始得作第參種商業區使用)(原屬第參之壹種住宅區)。,10000,2,持分移轉,01520000
RPPNMLPJJHLGFDA37DA,信義段一小段,.13,都市：其他:第參種商業區(依都市計畫說明書圖規定辦理，始得作第參種商業區使用)(原屬第參種住宅區)。,10000,2,持分移轉,01520001
RPRNMLSKJIKGFCA97EA,潭美段三小段,.64,都市：其他:第參種工業區(不得作住宅使用)。,100000,11,持分移轉,05420000
RPQNMLNKJHLGFFA67EA,仁愛段三小段,2.11,都市：其他:第參種商業區(依都市計畫說明書圖規定辦理，始得作第參種商業區使用)(原屬第貳種商業區)。,18010,38,持分移轉,05960000
RPQNMLNKJHLGFFA67EA,仁愛段三小段,1.69,都市：其他:第四種住宅區。,18010,38,持分移轉,05960001
RPSNMLMKKIKGFBA37DA,福星段四小段,4.08,都市：其他:第四種商業區。,10000,37,持分移轉,01470000
RPPNMLOKJHLGFAA07DA,景美段五小段,9.44,都市：其他:第三種商業區。,100000,722,持分移轉,01580000
RPRNMLOKJHLGFEA77EA,海光段一小段,21.33,都市：其他:第三種住宅區。,137568,426,持分移轉,01290000
RPPOMLNKJHLGFEA47DA,芝蘭段二小段,3.09,都市：其他:第三種住宅區。,100000,122,持分移轉,06800000
RPQNMLOKJHLGFEA67EA,百齡段六小段,28.20,都市：其他:第三種住宅區。,2000,83,持分移轉,03180000
RPVOMLSJJHLGFCA28DA,中山段一小段,3.16,都市：其他:第肆種商業區(依都市計畫說明書圖規定辦理，始得作第肆種商業區使用)(原屬第參種商業區)。,10000,22,持分移轉,04800000
RPQOMLQJJIKGFCA67EA,潭美段三小段,.64,都市：其他:第參種工業區(不得作住宅使用)。,100000,11,持分移轉,05420000
RPWOMLSJJHLGFCA38DA,長春段一小段,37.04,都市：其他:第三種住宅區。,7000,251,持分移轉,03670000
RPVNMLTJJHLGFBA18DA,華江段三小段,10.51,都市：其他:特定專用區(二)(依都市計畫書圖規定辦理，始得比照特定專用區（一）使用) 但是否在特定專用區(二)(應依建築線或俟地籍測量分割後，再確定)。,12455,39,持分移轉,05050009
RPQNMLNKJHLGFEA57EA,蘭雅段二小段,39.31,都市：其他:第三種住宅區。,100000,1429,持分移轉,00870000
RPXNMLMKJHLGFCA87DA,吉林段二小段,14.51,都市：其他:第三種住宅區。,21120,2340,持分移轉,07500000
RPXNMLMKJHLGFCA87DA,吉林段二小段,28.12,都市：其他:第三種住宅區。,40,5,持分移轉,07670000
RPWNMLSJJHLGFCA28DA,吉林段三小段,2.00,都市：其他:第三種住宅區。,600000,99994,持分移轉,06580000
RPWNMLSJJHLGFCA28DA,吉林段三小段,33.32,都市：其他:第三種住宅區。,600000,99968,持分移轉,06590000
RPWNMLSJJHLGFCA28DA,吉林段三小段,2.03,都市：其他:第三種住宅區。,600000,7007,持分移轉,06640000
RPSNMLMJJHLGFFA57DA,龍泉段二小段,41.60,都市：其他:第三種住宅區。,5,1,持分移轉,06390000
RPQNMLTKKIKGFCA97DA,北安段一小段,30.02,都市：其他:第三種住宅區。,10000,139,持分移轉,01070000
RPSOMLOKJHLGFEA87DA,永新段四小段,14.26,都市：其他:第三種住宅區。,10000,243,持分移轉,04270000
RPRNMLOKJHLGFFA77DA,辛亥段六小段,27.14,都市：其他:第三種住宅區。,30000,419,持分移轉,00410002
RPSNMLSKJIKGFCA08EA,康寧段一小段,58.40,都市：其他:第二種住宅區。,10,2,持分移轉,03240000
RPPNMLPKJHLGFCA37DA,中山段三小段,8.57,都市：其他:第肆種商業區(依都市計畫說明書圖規定辦理，始得作第肆種商業區使用)(原屬第參種商業區)。,50000,551,持分移轉,06420000
RPSNMLLKKIKGFDA47DA,南港段三小段,9.83,都市：其他:第三種住宅區。,100000,164,持分移轉,00730000
RPPNMLPKJHLGFCA47EA,榮星段六小段,10.55,都市：其他:第參種商業區(依都市計畫說明書圖規定辦理，始得作第參種商業區使用)(原屬第參之貳種住宅區)。,10000,134,持分移轉,00340000
RPTPMLMJJHLGFDA67DA,信義段三小段,15.10,都市：其他:特定業務區(信義計畫特定專用區)。,10000,46,持分移轉,00360001
RPVNMLQKKIKGFDA28DA,西松段一小段,13.90,都市：其他:第參種商業區(依都市計畫說明書圖規定辦理，始得作第參種商業區使用)(原屬第參種住宅區及第貳種商業區)。,28550,139,持分移轉,06090000
RPRNMLNKJHLGFCA47EA,東湖段三小段,.32,都市：其他:第三種住宅區。,10000,1,持分移轉,00220002
RPTOMLRJJHLGFEA18DA,福順段二小段,28.94,都市：住,108864,1384,持分移轉,00290000
RPTOMLRJJHLGFEA18DA,福順段二小段,17.72,都市：住,108864,1384,持分移轉,00290001
RPUNMLQLKIKGFDA28DA,寶清段四小段,4.59,都市：其他:聯合開發區(捷)。,100000,228,持分移轉,05990000
RPQNMLPKJHLGFCA57EA,潭美段一小段,.27,都市：其他:捷運系統用地(公共設施用地)。113/8/30,11760,165,持分移轉,00200001
RPTOMLRJJHLGFEA18DA,福順段二小段,.32,都市：其他:道路用地(公共設施用地)。【67/5/16】,108864,1384,持分移轉,00300000
RPRNMLPKJHLGFCA67EA,潭美段一小段,.27,都市：其他:捷運系統用地(公共設施用地)。113/8/30,3920,55,持分移轉,00200001
RPPNMLNKJHLGFDA27DA,雅祥段四小段,2.22,都市：其他:第二種商業區。,100000,141,持分移轉,02760000
RPPNMLNKJHLGFDA27DA,雅祥段四小段,.93,都市：其他:第三種住宅區。,100000,141,持分移轉,02830000
RPTNMLPKJHLGFCA87EA,潭美段一小段,.27,都市：其他:捷運系統用地(公共設施用地)。113/8/30,3920,55,持分移轉,00200001
RPVOMLPJJHLGFDA08DA,祥和段二小段,26.53,都市：其他:第三種住宅區。,1200,20,持分移轉,05630000
RPSNMLPKJHLGFCA77EA,潭美段一小段,.27,都市：其他:捷運系統用地(公共設施用地)。113/8/30,3920,55,持分移轉,00200001
RPSNMLOKJHLGFFA97EA,通化段六小段,47.25,都市：其他:敦化南北路特定專用區(A區)(依都市計畫說明書圖規定辦理)(原屬第參種住宅區)。,4,1,持分移轉,06630000
RPUNMLNJKIKGFFA97DA,通化段四小段,4.82,都市：其他:第參種商業區(依都市計畫說明書圖規定辦理，始得作第參種商業區使用)(原屬第貳種商業區)。,10000,80,持分移轉,00320000
RPUNMLNJKIKGFFA97DA,通化段四小段,2.38,都市：其他:第參種商業區(依都市計畫說明書圖規定辦理，始得作第參種商業區使用)(原屬第參之壹種住宅區)。,10000,80,持分移轉,00320001
RPPNMLQKJHLGFFA87EA,通化段二小段,14.75,都市：其他:第三種住宅區。,8,1,持分移轉,10300000
RPVNMLSJJHLGFBA08DA,玉泉段一小段,11.17,都市：其他:第三種商業區。,20000,168,持分移轉,08370000
RPQNMLQKJHLGFBA47DA,萬大段一小段,236.00,都市：其他:第三種住宅區。,1,1,全筆移轉,00380000
RPQNMLQKJHLGFBA47DA,萬大段一小段,21.00,都市：其他:第三種住宅區。,1,1,全筆移轉,00390000
RPROMLNKJHLGFBA37DA,龍山段一小段,19.00,都市：其他:第三種商業區。,5,1,持分移轉,00440000
RPPNMLOLKIKGFDA57DA,新光段二小段,.11,都市：其他:道路用地(公共設施用地)(供護坡使用)。92/10/8,3480,31,持分移轉,01610003
RPPNMLOLKIKGFDA57DA,新光段二小段,.00,都市：其他:道路用地(公共設施用地)。61/2/7,1740,24,持分移轉,01700004
RPRNMLQKJHLGFBA57DA,萬大段一小段,18.00,都市：其他:第三種住宅區。,4,1,持分移轉,00310000
RPQNMLOLKIKGFDA67DA,新光段二小段,.11,都市：其他:道路用地(公共設施用地)(供護坡使用)。92/10/8,3480,31,持分移轉,01610003
RPQNMLOLKIKGFDA67DA,新光段二小段,.00,都市：其他:道路用地(公共設施用地)。61/2/7,1740,24,持分移轉,01700004
RPQNMLQLKIKGFDA87DA,敦化段四小段,19.01,都市：其他:第三之二種住宅區及第三種住宅區。,86002,280,持分移轉,02890000
RPXNMLKMKIKGFDA08DA,犂和段二小段,13.67,都市：其他:第三種住宅區。,10000,340,持分移轉,02600000
RPVOMLQJJHLGFDA28EA,吳興段二小段,30.80,都市：其他:第三種住宅區。,75,14,持分移轉,07760000
RPVOMLQJJHLGFDA28EA,吳興段二小段,2.20,都市：其他:道路用地(公共設施用地)。62/3/1,5,1,持分移轉,07760005
RPVOMLQJJHLGFDA28EA,吳興段二小段,1.80,都市：其他:第三種住宅區。,5,1,持分移轉,08800010
RPVOMLQJJHLGFDA28EA,吳興段二小段,.80,都市：其他:道路用地(公共設施用地)。62/3/1,5,1,持分移轉,08800021
RPQNMLNKJIKGFFA67EA,金華段二小段,40.17,都市：其他:第三種住宅區。,12,1,持分移轉,02690000
RPWNMLQJJHLGFDA18DA,中南段二小段,26.78,都市：其他:第三種住宅區。,10000,97,持分移轉,03240001
RPXNMLPKJHLGFDA28DA,福德段一小段,33.50,都市：其他:第三種住宅區。,4,1,持分移轉,04470000
RPRNMLPJJHLGFEA67DA,新民段一小段,.69,都市：其他:特定休閒旅館住宅專用區。,10000,30,持分移轉,01840000
RPRNMLPJJHLGFEA67DA,新民段一小段,1.56,都市：其他:道路用地(公共設施用地)。67/10/17,10000,30,持分移轉,01840001
RPRNMLPJJHLGFEA67DA,新民段一小段,8.98,都市：其他:特定休閒旅館住宅專用區。,10000,30,持分移轉,01840002
RPRNMLPJJHLGFEA67DA,新民段一小段,.22,都市：其他:特定休閒旅館住宅專用區。,10000,30,持分移轉,01840003
RPXNMLPJJHLGFEA28DA,百齡段三小段,34.19,都市：其他:第三種住宅區。,10000,201,持分移轉,03690000
RPQOMLQKJHLGFCA67DA,東湖段一小段,28.58,都市：其他:第三種住宅區。,10000,143,持分移轉,00230000
RPQOMLQKJHLGFCA67DA,東湖段一小段,.05,都市：其他:道路用地(公共設施用地)。,10000,143,持分移轉,00230026
RPTNMLQKJHLGFEA08DA,永平段四小段,15.56,都市：其他:第三種住宅區。,48,9,持分移轉,03770000
RPQNMLQJJHLGFDA57DA,福德段三小段,4.42,都市：其他:第三種住宅區。,24,1,持分移轉,02010000
RPTNMLQKJHLGFDA97DA,民生段,11.75,都市：其他:住宅用地(民生社區特定專用區)。,20,1,持分移轉,00140003
RPTNMLQKJHLGFDA97DA,民生段,10.60,都市：其他:住宅用地(民生社區特定專用區)。,20,1,持分移轉,00140004
RPVNMLSKJIKGFCA38EA,文德段五小段,1.45,都市：其他:科技工業區(B區)(不得作住宅使用)。,21504,192,持分移轉,03670000
RPVNMLSKJIKGFCA38EA,文德段五小段,1.84,都市：其他:科技工業區(B區)(不得作住宅使用)。,21504,192,持分移轉,03670001
RPVNMLSKJIKGFCA38EA,文德段五小段,1.00,都市：其他:科技工業區(B區)(不得作住宅使用)。,167160000,445740,持分移轉,03680000
RPVNMLSKJIKGFCA38EA,文德段五小段,.57,都市：其他:科技工業區(B區)(不得作住宅使用)。,167160000,445740,持分移轉,03680001
RPRNMLNKJHLGFDA57EA,雅祥段三小段,94.46,都市：其他:道路用地(公共設施用地)。51/2/2,39,2,持分移轉,02490002
RPRNMLQKJHLGFEA97EA,溪洲段三小段,76.43,都市：其他:住宅區(細部計畫尚未完成，尚未能准許依變更後計畫用途使用) 但是否在道路用地(公共設施用地)(應依建築線或俟地籍測量分割後，再確定)。,14,1,持分移轉,04140000
RPRNMLQKJHLGFEA97EA,溪洲段三小段,66.07,都市：其他:住宅區(細部計畫尚未完成，尚未能准許依變更後計畫用途使用) 但是否在道路用地(公共設施用地)(應依建築線或俟地籍測量分割後，再確定)。,14,1,持分移轉,04460000
RPRNMLQKJHLGFEA97EA,溪洲段三小段,72.29,都市：其他:堤防用地(公共設施用地)(將來係採用區段徵收之方式辦理整體開發)。80/6/5,14,1,持分移轉,05240000
RPRNMLQKJHLGFEA97EA,溪洲段三小段,125.07,都市：其他:道路用地(公共設施用地) 但是否在住宅區(細部計畫尚未完成，尚未能准許依變更後計畫用途使用應依建築線或俟地籍測量分割後，再確定)。,14,1,持分移轉,05250000
RPRNMLQKJHLGFEA97EA,溪洲段三小段,9.71,都市：其他:堤防用地(公共設施用地)(將來係採用區段徵收之方式辦理整體開發)。80/6/5,14,1,持分移轉,05250001
RPPNMLOKKIKGFFA67DA,金華段二小段,34.60,都市：其他:第三種住宅區。,10,2,持分移轉,01270000
RPPNMLTKJHLGFEA08EA,振興段一小段,32.54,都市：其他:第三種住宅區。,10000,192,持分移轉,06360000
RPQNMLMKJHLGFBA17EA,橋北段二小段,1152.47,都市：其他:道路用地(公共設施用地)。48/11/20,1,1,全筆移轉,03420000
RPQNMLMKJHLGFBA17EA,橋北段二小段,132.00,都市：其他:道路用地(公共設施用地)。48/11/20,1,1,全筆移轉,04030000
RPQNMLMKJHLGFBA17EA,橋北段二小段,72.00,都市：其他:道路用地(公共設施用地)。48/11/20,1,1,全筆移轉,04040000
RPQNMLMKJHLGFBA17EA,橋北段二小段,271.00,都市：其他:道路用地(公共設施用地)。48/11/20,1,1,全筆移轉,05180000
RPQNMLMKJHLGFBA17EA,大同段二小段,400.00,都市：其他:道路用地(公共設施用地)。48/11/20,1,1,全筆移轉,07080000
RPQNMLMKJHLGFBA17EA,大同段二小段,106.00,都市：其他:道路用地(公共設施用地)。48/11/20,1,1,全筆移轉,07620000
RPVNMLQJJHLGFAA77DA,興泰段三小段,11.20,都市：其他:第三種住宅區。,10000,71,持分移轉,03770000
RPVNMLOKJHLGFBA77DA,圓環段二小段,.60,都市：其他:第三種商業區。,10000,5,持分移轉,02640000
RPVNMLOKJHLGFBA77DA,圓環段二小段,.60,都市：其他:第三種商業區。,10000,5,持分移轉,02640000
RPVNMLOKJHLGFBA77DA,圓環段二小段,.60,都市：其他:第三種商業區。,10000,5,持分移轉,02640000
RPVNMLOKJHLGFBA77DA,圓環段二小段,.60,都市：其他:第三種商業區。,10000,5,持分移轉,02640000
RPXOMLMKKIKGFCA08DA,中山段一小段,4.21,都市：其他:第肆種商業區(依都市計畫說明書圖規定辦理，始得作第肆種商業區使用)(原屬第參種商業區)。,10000,83,持分移轉,07960000
RPQNMLPKJHLGFFA77DA,通化段四小段,20.13,都市：其他:第三種住宅區。,15,2,持分移轉,07270000
RPWNMLTJJHLGFAA18DA,華興段四小段,4.47,都市：其他:道路用地(公共設施用地)。64/1/24,10000,331,持分移轉,01650004
RPUNMLTKJHLGFCA28DA,碧湖段四小段,13.17,都市：其他:第三種住宅區。,20000,121,持分移轉,06250000
RPRNMLLLKIKGFDA47DA,敦化段五小段,29.49,都市：其他:第三種住宅區。,20000,646,持分移轉,00180004
RPOOMLOKJHLGFDA37DA,玉成段五小段,42.38,都市：其他:第三種住宅區。,32,2,持分移轉,05020000
RPOOMLOKJHLGFDA37DA,玉成段五小段,.50,都市：其他:道路用地(公共設施用地)。61/2/7,32,2,持分移轉,05020001
RPPNMLQKJHLGFDA57DA,信義段三小段,152.41,都市：其他:住宅區(信義計畫特定專用區)。,1000000,67500,持分移轉,00390002
RPSOMLTKJHLGFDA28DA,南港段四小段,2.11,都市：其他:第三種住宅區。,10000,5,持分移轉,01210000
RPSNMLSJKIKGFEA18DA,秀山段一小段,46.51,都市：其他:第三種住宅區。,10000,208,持分移轉,08110000
RPUNMLRJJHLGFCA97DA,長安段四小段,43.94,都市：其他:第三之一種住宅區(特)。,10000,411,持分移轉,02980000
RPWNMLPKJHLGFDA18DA,永春段三小段,41.03,都市：其他:第二種住宅區。,120,1,持分移轉,01530000
RPWNMLPKJHLGFDA18DA,永春段三小段,1.63,都市：其他:第二種住宅區。,120,1,持分移轉,01530001
RPWNMLPKJHLGFDA18DA,永春段三小段,.03,都市：其他:公園用地(公共設施用地)。,120,1,持分移轉,01530002
RPPOMLRJJHLGFFA87DA,金華段三小段,3.69,都市：其他:第參種商業區(依都市計畫說明書圖規定辦理，始得作第參種商業區使用)(原屬第貳種商業區)。,100000,1507,持分移轉,01910000
RPWNMLTKJHLGFCA48DA,北安段一小段,20.34,都市：其他:第三種住宅區。,100000,7211,持分移轉,00340000
RPOOMLQLKIKGFBA57DA,華江段二小段,38.00,都市：其他:第三種住宅區。,790,38,持分移轉,01980000
RPRNMLTKKIKGFDA18DA,逸仙段二小段,1.50,都市：其他:第四種住宅區。,10000,224,持分移轉,00690004
RPQRMLPKKIKGFEA18DA,蘭雅段一小段,61.00,都市：其他:道路用地(公共設施用地)。59/7/4,1,1,全筆移轉,06990028
RPRNMLTKKIKGFDA18DA,逸仙段二小段,.04,都市：其他:第四種住宅區。,10000,224,持分移轉,00690005
RPRNMLTKKIKGFDA18DA,逸仙段二小段,1.14,都市：其他:第四種住宅區。,10000,224,持分移轉,00690014
RPRNMLTKKIKGFDA18DA,逸仙段二小段,23.00,都市：其他:第四種住宅區。,10000,224,持分移轉,00740000
RPRNMLOLKIKGFFA97DA,復興段二小段,1.59,都市：其他:道路用地(公共設施用地)。48/3/13,90000,2313,持分移轉,03380000
RPRNMLOLKIKGFFA97DA,復興段二小段,7.04,都市：其他:敦化南北路特定專用區(A區)(依都市計畫說明書圖規定辦理)(原屬第肆種住宅區)。,90000,2313,持分移轉,03390000
RPRNMLOLKIKGFFA97DA,復興段二小段,16.11,都市：其他:敦化南北路特定專用區(A區)(依都市計畫說明書圖規定辦理)(原屬第肆之壹種住宅區)。,90000,2313,持分移轉,03390002
RPRNMLOLKIKGFFA97DA,復興段二小段,.10,都市：其他:道路用地(公共設施用地)。60/8/26,90000,2313,持分移轉,03390003
RPUOMLPKJHLGFFA28DA,懷生段二小段,8.09,都市：其他:第參種商業區(依都市計畫說明書圖規定辦理，始得作第參種商業區使用)(原屬第貳種商業區)。,100000,1147,持分移轉,02280000
RPTNMLSKJIKGFCA18EA,文德段五小段,1.41,都市：其他:科技工業區(B區)(不得作住宅使用)。,75264,654,持分移轉,03670000
RPTNMLSKJIKGFCA18EA,文德段五小段,1.79,都市：其他:科技工業區(B區)(不得作住宅使用)。,75264,654,持分移轉,03670001
RPTNMLSKJIKGFCA18EA,文德段五小段,.98,都市：其他:科技工業區(B區)(不得作住宅使用)。,13372800,34833,持分移轉,03680000
RPTNMLSKJIKGFCA18EA,文德段五小段,.55,都市：其他:科技工業區(B區)(不得作住宅使用)。,13372800,34833,持分移轉,03680001
RPUOMLPKJHLGFFA28DA,懷生段二小段,.23,都市：其他:道路用地(公共設施用地)。45/5/4,100000,1147,持分移轉,02280003
RPUNMLSKJIKGFCA28EA,文德段五小段,1.41,都市：其他:科技工業區(B區)(不得作住宅使用)。,75264,654,持分移轉,03670000
RPUNMLSKJIKGFCA28EA,文德段五小段,1.79,都市：其他:科技工業區(B區)(不得作住宅使用)。,75264,654,持分移轉,03670001
RPUNMLSKJIKGFCA28EA,文德段五小段,.98,都市：其他:科技工業區(B區)(不得作住宅使用)。,13372800,34833,持分移轉,03680000
RPUNMLSKJIKGFCA28EA,文德段五小段,.55,都市：其他:科技工業區(B區)(不得作住宅使用)。,13372800,34833,持分移轉,03680001
RPWNMLTKJHLGFEA68DA,大業段二小段,21.19,都市：其他:第三種住宅區。,200000,1482,持分移轉,08740000
RPXNMLLMKIKGFEA28DA,行義段三小段,14.89,都市：其他:第三種住宅區。,10000,54,持分移轉,02800000
RPUNMLQJJHLGFDA08EA,民生段,.29,都市：其他:住宅用地(民生社區特定專用區)。,325627110000,86316000,持分移轉,01190004
RPPNMLOKJHLGFCA37EA,潭美段四小段,14.30,都市：其他:第三種住宅區。,625,8,持分移轉,05470000
RPQNMLTKJHLGFDA08EA,新光段二小段,.19,都市：其他:道路用地(公共設施用地)。61/2/7,68040,280,持分移轉,01920001
RPQNMLTKJHLGFDA08EA,新光段二小段,.19,都市：其他:道路用地(公共設施用地)(供護坡使用)。92/10/8,68040,280,持分移轉,01980004
RPQNMLTKJHLGFDA08EA,新光段二小段,.00,都市：其他:道路用地(公共設施用地)。92/10/8,68040,280,持分移轉,01980005
RPVNMLTKJHLGFFA68DA,通化段二小段,45.00,都市：其他:第三種商業區(特)(遷)(依都市計畫說明書圖規定辦理，始得作第參種商業區使用)(原屬第參種住宅區)。,1,1,全筆移轉,01880000
RPRNMLTKJHLGFDA18EA,新光段二小段,.06,都市：其他:道路用地(公共設施用地)。61/2/7,204120,280,持分移轉,01920001
RPRNMLTKJHLGFDA18EA,新光段二小段,.06,都市：其他:道路用地(公共設施用地)(供護坡使用)。92/10/8,204120,280,持分移轉,01980004
RPRNMLTKJHLGFDA18EA,新光段二小段,.00,都市：其他:道路用地(公共設施用地)。92/10/8,204120,280,持分移轉,01980005
RPVNMLTKJHLGFDA58EA,新光段二小段,.19,都市：其他:道路用地(公共設施用地)。61/2/7,204120,840,持分移轉,01920001
RPVNMLTKJHLGFDA58EA,新光段二小段,.19,都市：其他:道路用地(公共設施用地)(供護坡使用)。92/10/8,204120,840,持分移轉,01980004
RPRNMLTLKIKGFFA48DA,懷生段二小段,7.38,都市：其他:第參種商業區(依都市計畫說明書圖規定辦理，始得作第參種商業區使用)(原屬第貳種商業區)。,20000,186,持分移轉,05940000
RPVNMLTKJHLGFDA58EA,新光段二小段,.00,都市：其他:道路用地(公共設施用地)。92/10/8,68040,280,持分移轉,01980005
RPTNMLTKJHLGFDA38EA,新光段二小段,.06,都市：其他:道路用地(公共設施用地)。61/2/7,204120,280,持分移轉,01920001
RPRNMLTLKIKGFFA48DA,懷生段二小段,1.80,都市：其他:第參種商業區(依都市計畫說明書圖規定辦理，始得作第參種商業區使用)(原屬第參種住宅區)。,20000,186,持分移轉,05950000
RPTNMLTKJHLGFDA38EA,新光段二小段,.06,都市：其他:道路用地(公共設施用地)(供護坡使用)。92/10/8,204120,280,持分移轉,01980004
RPTNMLTKJHLGFDA38EA,新光段二小段,.00,都市：其他:道路用地(公共設施用地)。92/10/8,204120,280,持分移轉,01980005
RPPNMLTKJHLGFDA97EA,新光段二小段,.19,都市：其他:道路用地(公共設施用地)。61/2/7,68040,280,持分移轉,01920001
RPPNMLTKJHLGFDA97EA,新光段二小段,.19,都市：其他:道路用地(公共設施用地)(供護坡使用)。92/10/8,68040,280,持分移轉,01980004
RPPNMLTKJHLGFDA97EA,新光段二小段,.00,都市：其他:道路用地(公共設施用地)。92/10/8,68040,280,持分移轉,01980005
RPSNMLTKJHLGFDA28EA,新光段二小段,.06,都市：其他:道路用地(公共設施用地)。61/2/7,204120,280,持分移轉,01920001
RPSNMLTKJHLGFDA28EA,新光段二小段,.06,都市：其他:道路用地(公共設施用地)(供護坡使用)。92/10/8,204120,280,持分移轉,01980004
RPSNMLTKJHLGFDA28EA,新光段二小段,.00,都市：其他:道路用地(公共設施用地)。92/10/8,204120,280,持分移轉,01980005
RPUNMLTKJHLGFDA48EA,新光段二小段,.19,都市：其他:道路用地(公共設施用地)。61/2/7,204120,840,持分移轉,01920001
RPUNMLTKJHLGFDA48EA,新光段二小段,.19,都市：其他:道路用地(公共設施用地)(供護坡使用)。92/10/8,204120,840,持分移轉,01980004
RPUNMLTKJHLGFDA48EA,新光段二小段,.00,都市：其他:道路用地(公共設施用地)。92/10/8,68040,280,持分移轉,01980005
RPRNMLNLJHLGFDA67EA,寶清段二小段,4.86,都市：其他:第三種商業區。,10000,39,持分移轉,02150000
RPVNMLQKJHLGFBA97DA,莒光段四小段,35.32,都市：其他:第壹種商業區(依都市計畫說明書圖規定辦理，始得作第壹種商業區使用)(原屬第參種住宅區及第參之壹種住宅區) 但是否在第三種住宅區(應依建築線或俟地籍測量分割後，再確定)。,10000,965,持分移轉,03780000
RPVNMLTKJHLGFEA68EA,天母段四小段,23.95,都市：其他:第三種住宅區。,20,1,持分移轉,04270000
RPQPMLSJJHLGFCA87DA,榮星段六小段,.77,都市：其他:第三種住宅區。,100000,90,持分移轉,01010000
RPQPMLSJJHLGFCA87DA,榮星段六小段,.99,都市：其他:第三之二種住宅區。,100000,90,持分移轉,01020000
RPUNMLTKJHLGFBA28EA,臨沂段一小段,3.85,都市：其他:第二種商業區。,4000000,43450,持分移轉,06520000
RPSOMLOKJHLGFCA67DA,吉林段四小段,6.37,都市：其他:第肆種商業區(依都市計畫說明書圖規定辦理，始得作第肆種商業區使用)(原屬第參種商業區)。,100000,766,持分移轉,06710000
RPXOMLRJJHLGFEA58DA,天母段一小段,.15,都市：其他:第三種住宅區。,10000,1,持分移轉,01430000
RPVNMLKLJHLGFDA67DA,敦化段一小段,8.59,都市：其他:第三種住宅區。,10000,217,持分移轉,01990000
RPSNMLKLJHLGFBA27EA,雙連段一小段,22.20,都市：其他:第參種商業區(依都市計畫說明書圖規定辦理，始得作第參種商業區使用)(原屬第肆種住宅區)。,5,1,持分移轉,01090000
RPPNMLTLKIKGFEA18DA,振興段四小段,45.26,都市：其他:第三種住宅區。,10000,162,持分移轉,05880000
RPQNMLKLJHLGFBA07EA,迪化段一小段,4.22,都市：其他:第三種商業區 但是否在道路用地(公共設施用地)(應依建築線或俟地籍測量分割後，再確定)。,20000,106,持分移轉,04640000
RPVNMLTJJHLGFAA08DA,萬芳段三小段,5.17,都市：其他:第三種住宅區。,12,1,持分移轉,05280000
RPSNMLTKJHLGFAA97EA,實踐段一小段,9.33,都市：其他:第三種住宅區。,24,2,持分移轉,03560000
RPTOMLPKJHLGFCA87DA,正義段三小段,5.39,都市：其他:第肆種商業區(依都市計畫說明書圖規定辦理，始得作第肆種商業區使用)(原屬第參種商業區)。,1000000,13184,持分移轉,03610000
RPVNMLMJJHLGFEA77DA,三玉段二小段,25.80,都市：其他:第三種住宅區。,5,1,持分移轉,04520000
RPTNMLMJJHLGFEA57DA,文林段三小段,1.02,都市：其他:第三種住宅區。,1000000,568,持分移轉,09440000
RPUOMLLMKIKGFEA08DA,百齡段六小段,28.20,都市：其他:第三種住宅區。,10000,415,持分移轉,03180000
RPUNMLPKJHLGFCA87DA,正義段三小段,6.11,都市：其他:第三種商業區。,10000,79,持分移轉,04950000
RPXOMLQKJHLGFCA38DA,中山段一小段,12.16,都市：其他:第肆種商業區(依都市計畫說明書圖規定辦理，始得作第肆種商業區使用)(原屬第參種商業區)。,100000,675,持分移轉,04080000
RPSNMLLLJHLGFAA17DA,政大段四小段,3.00,都市：其他:第三種住宅區。,4,1,持分移轉,02880000
RPSNMLLLJHLGFAA17DA,政大段四小段,18.62,都市：其他:第三種住宅區。,8,1,持分移轉,02910000
RPTNMLOLKIKGFBA77DA,城中段一小段,.18,都市：其他:第四種商業區。,10000,45,持分移轉,01420000
RPTNMLOLKIKGFBA77DA,城中段一小段,5.35,都市：其他:第四種商業區。,10000,45,持分移轉,01450000
RPRNMLLLJHLGFAA07DA,永昌段一小段,23.25,都市：其他:第三種住宅區。,4,1,持分移轉,07080000
SPQNMLKKJHLGFCA07DA,西湖段四小段,40.65,都市：其他:科技工業區(A區),924011,6283,持分移轉,02910000
RPQNMLKKJHLGFCA96DA,西湖段四小段,40.65,都市：其他:科技工業區(A區),924011,6283,持分移轉,02910000
RPSNMLRJJHLGFCA77DA,長安段二小段,11.85,都市：其他:第三之一種住宅區(特)。,1420000,17184,持分移轉,05890000
TPQNMLKKJHLGFCA17DA,西湖段四小段,66.72,都市：其他:科技工業區(A區),924011,10314,持分移轉,02910000
RPVNMLKLJHLGFBA47DA,龍山段一小段,14.30,都市：其他:第三種商業區。,10,1,持分移轉,01360000
RPVNMLKLJHLGFBA47DA,龍山段一小段,.80,都市：其他:道路用地(公共設施用地)。60/8/24,10,1,持分移轉,01360001
RPSNMLPKKIKGFDA87DA,民生段,32.00,都市：其他:住宅用地(民生社區特定專用區)。,8,1,持分移轉,00100019
RPTNMLLLJHLGFCA47DA,金泰段,43.77,都市：其他:商業區(供一般商業使用不得作住宅使用)。,10000,323,持分移轉,00870009
RPVNMLTKKIKGFDA58DA,玉成段四小段,25.25,都市：其他:第三種住宅區。,4,1,持分移轉,02360000
RPXNMLKLJHLGFCA77DA,西湖段一小段,3.53,都市：其他:第三種住宅區。,10000,9,持分移轉,02080000
RPPOMLQKJHLGFCA57DA,東湖段二小段,32.03,都市：其他:第三種住宅區。,10000,469,持分移轉,00250002
VPQNMLKKJHLGFCA37DA,西湖段四小段,39.31,都市：其他:科技工業區(A區),924011,6076,持分移轉,02910000
RPWOMLNLKIKGFCA18DA,正義段一小段,7.00,都市：其他:第參種商業區(依都市計畫說明書圖規定辦理，始得作第參種商業區使用)(原屬第參之壹種住宅區及第參之貳種住宅區) 但是否在道路用地(公共設施用地)(應依建築線或俟地籍測量分割後，再確定)。,1000000,4416,持分移轉,08110000
RPPOMLLLJHLGFBA07DA,漢中段三小段,3.46,都市：其他:第四種商業區。,100000,93,持分移轉,08160000
UPQNMLKKJHLGFCA27DA,西湖段四小段,66.72,都市：其他:科技工業區(A區),924011,10314,持分移轉,02910000
RPSOMLTJJHLGFBA97DA,華江段一小段,14.29,都市：其他:第四種住宅區。,434980,2830,持分移轉,00010000
RPPNMLKLJHLGFCA96DA,吉林段二小段,21.01,都市：其他:第貳種商業區(依都市計畫說明書圖規定辦理，始得作第貳種商業區使用)(原屬第參種住宅區)。,1000,38,持分移轉,02440000
RPUNMLQKJHLGFEA18DA,文林段一小段,24.03,都市：其他:第三之二種住宅區及第三種住宅區。,10000,114,持分移轉,00480000
RPUNMLTKJHLGFFA58DA,龍泉段三小段,4.37,都市：其他:第參種商業區(依都市計畫說明書圖規定辦理，始得作第參種商業區使用)(原屬第貳種商業區)。,100000,1688,持分移轉,09710000
RPQOMLOKJHLGFCA47DA,潭美段五小段,17.43,都市：其他:辦公服務區(一)(不得作住宅使用)。,50000,257,持分移轉,00500000
RPRNMLKLJHLGFEA37DA,崇仰段三小段,12.28,都市：其他:第三種住宅區。,10000,140,持分移轉,02020000
RPPNMLOKJHLGFFA57DA,金華段四小段,27.69,都市：其他:第三種住宅區。,10000,926,持分移轉,02200000
RPUNMLQKJHLGFDA08DA,雅祥段一小段,5.29,都市：其他:第參種商業區(依都市計畫說明書圖規定辦理，始得作第參種商業區使用)(原屬第貳種商業區)。,10000,66,持分移轉,04020000
RPUNMLQKJHLGFDA08DA,雅祥段一小段,.28,都市：其他:第三種住宅區。,10000,66,持分移轉,04030001
RPUNMLQKJHLGFDA08DA,雅祥段一小段,.15,都市：其他:第三種住宅區。,10000,66,持分移轉,04050001
RPUNMLQKJHLGFDA08DA,雅祥段一小段,.14,都市：其他:第三種住宅區。,10000,66,持分移轉,04190000
RPUNMLQKJHLGFDA08DA,雅祥段一小段,.67,都市：其他:第三種住宅區。,10000,66,持分移轉,04220001
RPQNMLKLJHLGFDA27EA,寶清段二小段,.13,都市：其他:第三種商業區。,100000,20,持分移轉,01920000
RPXNMLSKJIKGFCA58EA,榮星段五小段,55.79,都市：其他:道路用地(公共設施用地)。65/11/24,100000,19438,持分移轉,04790000
RPWNMLLLJHLGFDA87DA,犂和段四小段,9.00,都市：其他:第三種住宅區。,10000,54,持分移轉,00110001
RPPOMLKMKIKGFDA37DA,信義段三小段,7.22,都市：其他:特定業務區(信義計畫特定專用區)。,10000,22,持分移轉,00360001
WPQNMLKKJHLGFCA47DA,西湖段四小段,10.83,都市：其他:科技工業區(A區),924011,1674,持分移轉,02910000
RPRNMLLLJHLGFEA57EA,芝山段一小段,46.73,都市：其他:第三種住宅區。,10000,136,持分移轉,03980000
RPPNMLMLJHLGFEA47EA,海光段二小段,20.00,都市：其他:第三種住宅區。,6,1,持分移轉,06860000
RPPNMLMLJHLGFEA47EA,海光段二小段,14.67,都市：其他:道路用地(公共設施用地)。67/5/16,6,1,持分移轉,06870000
RPPNMLNLJHLGFBA17DA,漢中段二小段,7.80,都市：其他:第四種商業區。,100000,2910,持分移轉,04610000
RPRNMLKLJHLGFDA37EA,民生段,19.13,都市：其他:第三種商業區(民生社區特定專用區) 但是否在道路用地(公共設施用地)(應依建築線或俟地籍測量分割後，再確定)。,681200,1913,持分移轉,00620002
RPQNMLMLJHLGFEA57EA,桃源段四小段,29.92,都市：其他:第三種住宅區。,40000,663,持分移轉,01810000
RPPNMLLLJHLGFFA47EA,瑞安段一小段,3.97,都市：其他:第參種商業區(依都市計畫說明書圖規定辦理，始得作第參種商業區使用)(原屬第參種住宅區及第貳種商業區)。,72,1,持分移轉,01210000
RPUNMLKMKIKGFCA67DA,文德段二小段,16.75,都市：其他:道路用地(公共設施用地)。65/4/15,15,12,持分移轉,03410008
RPPPMLQJKIKGFAA47DA,景美段四小段,3.18,都市：其他:第三種商業區。,10000,111,持分移轉,06060000
RPXNMLNLKIKGFCA18DA,康寧段三小段,31.28,都市：其他:第三種住宅區。,10000,40,持分移轉,03810000
RPSOMLTKJHLGFBA08DA,萬華段一小段,10.52,都市：其他:第三種商業區。,100000,3151,持分移轉,05410000
RPQNMLMJJHLGFCA07DA,長安段四小段,56.00,都市：其他:第三種住宅區。,1,1,全筆移轉,03470000
RPTOMLTJJHLGFCA18DA,東湖段一小段,34.90,都市：其他:第三種住宅區。,10000,120,持分移轉,00310013
RPXNMLLMKIKGFCA08DA,東湖段五小段,22.74,都市：其他:第三種住宅區。,10000,38,持分移轉,02340000
RPWNMLLLJHLGFFA08DA,大安段三小段,7.55,都市：其他:敦化南北路特定專用區(A區),1054335,6904,持分移轉,00510000
RPWNMLLLJHLGFFA08DA,大安段三小段,4.09,都市：其他:敦化南北路特定專用區(A區),1054335,6904,持分移轉,00510001
RPQNMLQKJHLGFCA57DA,德惠段二小段,.19,都市：其他:第三之二種住宅區。,10000,2,持分移轉,05610000
RPQNMLQKJHLGFCA57DA,德惠段二小段,.04,都市：其他:第三種住宅區。,10000,2,持分移轉,05610006
RPQNMLQKJHLGFCA57DA,德惠段二小段,.04,都市：其他:第三種住宅區。,10000,2,持分移轉,05610007
RPQNMLQKJHLGFCA57DA,德惠段二小段,.23,都市：其他:第三之二種住宅區。,10000,2,持分移轉,05660000
RPQOMLMJJHLGFDA27DA,中南段五小段,33.69,都市：其他:第二種住宅區。,48,1,持分移轉,03900001
RPUOMLPJJHLGFDA97DA,雅祥段四小段,30.12,都市：其他:第三種住宅區。,61080,1244,持分移轉,07760000
RPPNMLSKJHLGFEA87DA,光華段二小段,34.12,都市：其他:第三種住宅區。,8,1,持分移轉,08920000
RPUNMLTLKIKGFAA28DA,南海段一小段,16.13,都市：其他:第三種住宅區。,87356000,148851,持分移轉,00840000
RPOOMLLMKIKGFDA37DA,敦化段四小段,17.76,都市：其他:第三種住宅區。,20000,113,持分移轉,03070000
RPUNMLTLKIKGFAA28DA,南海段一小段,4.22,都市：其他:第三種住宅區。,87356000,148851,持分移轉,00840004
RPOOMLLMKIKGFDA37DA,敦化段四小段,.18,都市：其他:第三種住宅區。,20000,113,持分移轉,03200000
RPUNMLTLKIKGFAA28DA,南海段一小段,6.33,都市：其他:第三之一種住宅區(特)(中正紀念堂特定專用區)。,87356000,148851,持分移轉,00840005
RPOOMLLMKIKGFDA37DA,敦化段四小段,.18,都市：其他:第三種住宅區。,20000,113,持分移轉,03210000
RPQNMLSKJHLGFEA97DA,秀山段三小段,36.66,都市：其他:第二種住宅區。,30000,846,持分移轉,02180000
RPPNMLLLJHLGFEA27DA,富安段三小段,52.08,都市：其他:遊樂區(細部計畫尚未完成，尚未能准許依變更後計畫用途使用)。,36000,600,持分移轉,02990000
RPOPMLQJJIKGFEA67DA,開明段二小段,3.54,都市：其他:第三種商業區。,1000000,9205,持分移轉,02330000
RPXOMLPJJHLGFDA28DA,雅祥段四小段,34.50,都市：其他:第三種住宅區。,4,1,持分移轉,07030000
RPPNMLKLKIKGFEA27DA,崇仰段三小段,123.96,都市：其他:第三種住宅區。,100000,7120,持分移轉,00350000
RPRNMLPKJHLGFFA87DA,仁愛段一小段,3.51,都市：其他:敦化南北路特定專用區(A區)(依都市計畫說明書圖規定辦理)(原屬第肆種住宅區及第肆之壹種住宅區)。,10000,25,持分移轉,04510000
RPSNMLLLJHLGFEA57DA,開明段二小段,36.25,都市：其他:第三種住宅區。,4,1,持分移轉,04300000
RPTPMLPKKIKGFDA18DA,向陽段,44.95,都市：其他:住宅區(供拆遷安置專案住宅使用)。,760000,1258,持分移轉,00010000
RPSOMLPKJHLGFFA08DA,懷生段四小段,40.38,都市：其他:第三之二種住宅區。,10000,1250,持分移轉,05220000
RPSOMLPKJHLGFFA08DA,懷生段四小段,.50,都市：其他:第三之二種住宅區。,10000,1250,持分移轉,05320001
RPRNMLKLJHLGFFA47DA,瑞安段二小段,32.91,都市：其他:第三種住宅區。,56,1,持分移轉,08320004
RPPNMLMLJHLGFAA07EA,木柵段二小段,34.50,都市：其他:第三種住宅區。,108,27,持分移轉,02060000
RPQNMLMLJHLGFAA17EA,興隆段三小段,31.70,都市：其他:第三種住宅區。,10000,586,持分移轉,06700000
RPQNMLMLJHLGFAA17EA,興隆段三小段,.88,都市：其他:道路用地(公共設施用地)。62/10/24,10000,586,持分移轉,06700001
RPRNMLLLJHLGFCA37EA,西湖段一小段,50.19,都市：其他:第三種住宅區。,16,1,持分移轉,05300000
RPPOMLQLKIKGFEA97DA,三玉段二小段,8.70,都市：其他:第參種商業區(依都市計畫說明書圖規定辦理，始得作第參種商業區使用)(原屬第壹種商業區) 但是否在道路用地(公共設施用地)(應依建築線或俟地籍測量分割後，再確定)。,10000,43,持分移轉,00850000
RPRNMLQKKIKGFEA97DA,百齡段五小段,13.09,都市：其他:第三種住宅區。,4660,122,持分移轉,03850000
RPPNMLLLJHLGFCA17EA,文德段五小段,1.35,都市：其他:科技工業區(B區)(不得作住宅使用)。,3210930000,9817500,持分移轉,03530000
RPPNMLLLJHLGFCA17EA,文德段五小段,2.53,都市：其他:科技工業區(B區)(不得作住宅使用)。,262944,2688,持分移轉,03540000
RPPNMLLLJHLGFCA17EA,文德段五小段,.97,都市：其他:科技工業區(B區)(不得作住宅使用)。,2257920,13440,持分移轉,03670000
RPRNMLQKKIKGFEA97DA,百齡段五小段,18.77,都市：其他:第三種住宅區。,7050,184,持分移轉,03860000
RPPNMLLLJHLGFCA17EA,文德段五小段,1.23,都市：其他:科技工業區(B區)(不得作住宅使用)。,2257920,13440,持分移轉,03670001
RPPNMLLLJHLGFCA17EA,文德段五小段,.67,都市：其他:科技工業區(B區)(不得作住宅使用)。,1379070000,2454375,持分移轉,03680000
RPPNMLLLJHLGFCA17EA,文德段五小段,.38,都市：其他:科技工業區(B區)(不得作住宅使用)。,1379070000,2454375,持分移轉,03680001
RPXNMLNLJHLGFAA97EA,萬慶段二小段,.00,都市：其他:第三種住宅區。,50000,1,持分移轉,01710000
RPXNMLNLJHLGFAA97EA,萬慶段二小段,.00,都市：其他:第三種住宅區。,50000,1,持分移轉,01810000
RPXNMLNLJHLGFAA97EA,萬慶段二小段,26.95,都市：其他:第三種住宅區。,10000,269,持分移轉,01820000
RPXNMLNLJHLGFAA97EA,萬慶段二小段,.00,都市：其他:第三種住宅區。,50000,1,持分移轉,01830000
RPXNMLNLJHLGFAA97EA,萬慶段二小段,.00,都市：其他:第三種住宅區。,50000,1,持分移轉,01840000
RPXNMLNLJHLGFAA97EA,萬慶段二小段,.00,都市：其他:第三種住宅區。,50000,1,持分移轉,01850000
RPXNMLNLJHLGFAA97EA,萬慶段二小段,.00,都市：其他:第三種住宅區。,50000,1,持分移轉,01860000
RPXNMLNLJHLGFAA97EA,萬慶段二小段,.00,都市：其他:第三種住宅區。,50000,1,持分移轉,01870000
RPXNMLNLJHLGFAA97EA,萬慶段二小段,.00,都市：其他:第三種住宅區。,50000,1,持分移轉,01880000
RPXNMLNLJHLGFAA97EA,萬慶段二小段,.00,都市：其他:第三種住宅區。,50000,1,持分移轉,01890000
RPXNMLNLJHLGFAA97EA,萬慶段二小段,.00,都市：其他:第三種住宅區。,50000,1,持分移轉,01900000
RPPNMLLLJHLGFDA27EA,三興段二小段,30.25,都市：其他:第三種住宅區。,4,1,持分移轉,04510000
RPXNMLLLJHLGFCA87DA,長安段三小段,9.55,都市：其他:第參種商業區(依都市計畫說明書圖規定辦理，始得作第參種商業區使用)(原屬第參種住宅區)。,20000,1044,持分移轉,05300001
RPVNMLLLJHLGFEA97EA,百齡段三小段,3.36,都市：其他:第參種工業區(不得作住宅使用)。,10000,6,持分移轉,01940000
RPQNMLLLJHLGFCA27EA,文德段五小段,2.61,都市：其他:科技工業區(B區)(不得作住宅使用)。,58899456,622272,持分移轉,03540000
RPQNMLLLJHLGFCA27EA,文德段五小段,.99,都市：其他:科技工業區(B區)(不得作住宅使用)。,2257920,13746,持分移轉,03670000
RPQNMLLLJHLGFCA27EA,文德段五小段,1.26,都市：其他:科技工業區(B區)(不得作住宅使用)。,2257920,13746,持分移轉,03670001
RPQNMLLLJHLGFCA27EA,文德段五小段,.69,都市：其他:科技工業區(B區)(不得作住宅使用)。,1379070000,2511597,持分移轉,03680000
RPQNMLLLJHLGFCA27EA,文德段五小段,.39,都市：其他:科技工業區(B區)(不得作住宅使用)。,1379070000,2511597,持分移轉,03680001
RPQNMLLLJHLGFCA27EA,文德段五小段,1.40,都市：其他:科技工業區(B區)(不得作住宅使用)。,1070310000,3380773,持分移轉,03530000
RPRNMLMLJHLGFEA67EA,三合段,17.44,都市：其他:第三種住宅區。,10000,129,持分移轉,00350000
RPVNMLNKJHLGFDA97EA,美仁段二小段,2.21,都市：其他:第三之一種住宅區。,10000,41,持分移轉,07660000
RPVNMLNKJHLGFDA97EA,美仁段二小段,5.51,都市：其他:第三之一種住宅區。,10000,41,持分移轉,07730000
RPVNMLNKJHLGFDA97EA,美仁段二小段,6.26,都市：其他:第三種住宅區。,10000,41,持分移轉,07730001
RPRNMLLLJHLGFFA67EA,通化段二小段,24.00,都市：其他:第三種住宅區。,10000,2474,持分移轉,08810000
RPSNMLMLJHLGFEA77EA,行義段三小段,12.38,都市：其他:第三種住宅區。,10000,123,持分移轉,04000000
RPVOMLPKJHLGFCA08DA,吉林段三小段,4.78,都市：其他:第肆種商業區(依都市計畫說明書圖規定辦理，始得作第肆種商業區使用)(原屬第參種商業區)。,90000,61,持分移轉,09210000
RPVOMLPKJHLGFCA08DA,吉林段三小段,.01,都市：其他:道路用地(公共設施用地)。53/7/15,90000,61,持分移轉,09210006
RPSNMLNLJHLGFEA77DA,關渡段一小段,4.30,都市：其他:公園用地(公共設施用地)。82/1/15,540,1,持分移轉,01040000
RPROMLTKJHLGFDA18DA,寶清段一小段,6.45,都市：其他:第三種商業區。,10000,68,持分移轉,01350000
RPUOMLRKKIKGFCA28DA,德惠段四小段,4.09,都市：其他:第肆種商業區(依都市計畫說明書圖規定辦理，始得作第肆種商業區使用)(原屬第參種商業區)。,10000,151,持分移轉,05700000
RPVOMLKLJHLGFAA47DA,河堤段五小段,24.89,都市：其他:第三種住宅區。,100,19,持分移轉,04910000
RPVOMLKLJHLGFAA47DA,河堤段五小段,3.99,都市：其他:第二種商業區。,100,19,持分移轉,04910002
RPVOMLKLJHLGFAA47DA,河堤段五小段,.76,都市：其他:第三種住宅區。,100,19,持分移轉,04920000
RPVOMLKLJHLGFAA47DA,河堤段五小段,.76,都市：其他:第二種商業區。,100,19,持分移轉,04920001
RPTNMLNLJHLGFCA77EA,中山段二小段,14.82,都市：其他:第三種商業區,240400,3140,持分移轉,00020000
RPQNMLMLJHLGFCA37EA,長春段二小段,6.52,都市：其他:第三種住宅區。,10000,30,持分移轉,07920000
SPTNMLNLJHLGFCA87EA,中山段二小段,8.17,都市：其他:第三種商業區,240400,1730,持分移轉,00020000
RPPNMLMLJHLGFCA27EA,長春段二小段,2.17,都市：其他:第三種住宅區。,10000,10,持分移轉,07920000
RPSNMLTKJHLGFAA87DA,興隆段三小段,37.93,都市：其他:第三種住宅區。,10000,970,持分移轉,03370000
RPXNMLNLJHLGFAA87DA,永昌段四小段,26.31,都市：其他:第三種住宅區。,29780,49,持分移轉,06310000
RPXNMLNLJHLGFAA87DA,永昌段四小段,.01,都市：其他:道路用地(公共設施用地)。63/1/3,29780,49,持分移轉,06310001
RPVNMLPKJHLGFBA87DA,莒光段四小段,6.60,都市：其他:第壹種商業區(依都市計畫說明書圖規定辦理，始得作第壹種商業區使用)(原屬第參之壹種住宅區)。,10000,50,持分移轉,11330000
RPVNMLPKJHLGFBA87DA,莒光段四小段,2.57,都市：其他:第三之二種住宅區(特)。,10000,50,持分移轉,11330001
RPVOMLLMKIKGFFA28DA,懷生段三小段,.97,都市：其他:第三之二種住宅區及第三之一種住宅區(特)。,100000,65,持分移轉,01980000
RPVOMLLMKIKGFFA28DA,懷生段三小段,.02,都市：其他:第三之二種住宅區。,100000,65,持分移轉,01980001
RPXNMLQJJHLGFBA08DA,直興段三小段,1.97,都市：其他:第肆種商業區(依都市計畫說明書圖規定辦理，始得作第肆種商業區使用)(原屬第參種商業區)。,10000,43,持分移轉,02120000
RPTNMLPKJHLGFBA67DA,大龍段三小段,23.25,都市：其他:第三種住宅區。,20,5,持分移轉,05010000
RPPNMLPJJHLGFAA07DA,景美段三小段,29.90,都市：其他:第四種住宅區 但是否在道路用地(公共設施用地)(應依建築線或俟地籍測量分割後，再確定)。,10000,77,持分移轉,00210000
RPPNMLLMKIKGFFA57DA,通化段三小段,2.99,都市：其他:第參種商業區(依都市計畫說明書圖規定辦理，始得作第參種商業區使用)(原屬第貳種商業區)。,100000,667,持分移轉,00890000
RPSNMLQLJIKGFEA18EA,三玉段二小段,100.94,都市：其他:道路用地(公共設施用地)。66/1/12,12900,10094,持分移轉,01020000
RPSNMLQLJIKGFEA18EA,百齡段五小段,117.20,都市：其他:道路用地(公共設施用地)。68/12/28,10,4,持分移轉,01400001
RPVNMLMLJHLGFEA08EA,大業段三小段,.62,都市：其他:第三種商業區,66210,375,持分移轉,00360000
RPVNMLMLJHLGFEA08EA,大業段三小段,.34,都市：其他:第三種商業區,570,3,持分移轉,00570000
RPVOMLSLIIKGFDA58EA,逸仙段三小段,1.35,都市：其他:第參種商業區(依都市計畫說明書圖規定辦理，始得作第參種商業區使用)(原屬第貳種商業區)及第參種商業區(依都市計畫說明書圖規定辦理，始得作第參種商業區使用)(原屬商業用地國父紀念館特定專用區)。,19606,7,持分移轉,00320000
RPVOMLSLIIKGFDA58EA,逸仙段三小段,.07,都市：其他:第四種住宅區(特)及第四之一種住宅區(特)。,19606,7,持分移轉,00320005
RPVOMLSLIIKGFDA58EA,逸仙段三小段,.47,都市：其他:第四種住宅區(特)及第四種住宅區。,19606,7,持分移轉,00440000
RPQNMLQLJHLGFAA47DA,華興段一小段,53.67,都市：其他:第三種住宅區。,3,1,持分移轉,03820000
RPPNMLMLJHLGFCA17DA,東湖段七小段,19.71,都市：其他:第參種商業區(依都市計畫說明書圖規定辦理，始得作第參種商業區使用)(原屬第參種住宅區)。,10000,150,持分移轉,04240000
RPPNMLMLJHLGFCA17DA,東湖段七小段,1.36,都市：其他:第參種商業區(依都市計畫說明書圖規定辦理，始得作第參種商業區使用)(原屬第參種住宅區)。,10000,150,持分移轉,04540000
RPTNMLSJJHLGFAA77DA,政大段一小段,96.84,都市：其他:第二種住宅區。,100000,5077,持分移轉,00100000
RPPNMLOKJHLGFBA17DA,青年段一小段,23.40,都市：其他:第三種住宅區。,90000,52,持分移轉,00880000
RPPNMLOLJHLGFCA37DA,潭美段四小段,37.99,都市：其他:第三種住宅區。,100000,5396,持分移轉,03520000
RPSNMLOKJHLGFBA47DA,福星段一小段,6.76,都市：其他:第肆種商業區(依都市計畫說明書圖規定辦理，始得作第肆種商業區使用)(原屬第參種商業區)。,10000,83,持分移轉,02820000
RPPNMLOLJHLGFDA47DA,寶清段七小段,8.46,都市：其他:第三種商業區。,10000,262,持分移轉,04660000
RPVNMLPJJHLGFEA08DA,溫泉段四小段,17.11,都市：其他:第三之一種住宅區。,10000,142,持分移轉,02920000
RPVNMLPJJHLGFEA08DA,溫泉段四小段,1.11,都市：其他:第三種住宅區。,10000,142,持分移轉,02930001
RPSNMLQLJHLGFEA08DA,振興段一小段,9.06,都市：其他:第三種住宅區。,10000,84,持分移轉,00790000
RPQNMLNLJHLGFEA67EA,天玉段三小段,125.18,都市：其他:住宅區(原為保護區，經都市計畫檢討主要計畫變更，但因細部計畫及整體開發作業尚未完成，尚未能准許依變更後計畫用途使用)。,6,2,持分移轉,01360000
RPQNMLNLJHLGFEA67EA,天玉段三小段,45.63,都市：其他:住宅區(原為保護區，經都市計畫檢討主要計畫變更，但因細部計畫及整體開發作業尚未完成，尚未能准許依變更後計畫用途使用)。,6,2,持分移轉,01650002
RPPNMLTKJHLGFDA87DA,南港段三小段,20.92,都市：其他:第三種住宅區。,100000,349,持分移轉,00730000
RPPOMLMKJHLGFDA27DA,延吉段三小段,28.00,都市：其他:第三之一種住宅區(特)。,3,1,持分移轉,02660000
RPVPMLKMKIKGFBA87DA,臨沂段三小段,3.26,都市：其他:第參種商業區(依都市計畫說明書圖規定辦理，始得作第參種商業區使用)(原屬第貳種商業區)。,10000,56,持分移轉,06040000
RPSNMLKLJHLGFCA27DA,東湖段一小段,24.03,都市：其他:第三種住宅區。,10000,282,持分移轉,00250003
RPSOMLNLJHLGFEA87DA,開明段三小段,28.18,都市：其他:第二種住宅區。,10000,325,持分移轉,01920000
RPWNMLQLJHLGFFA58DA,大安段三小段,22.10,都市：其他:道路用地(公共設施用地)。62/9/14,70000,3313,持分移轉,04430002
RPQOMLMKJHLGFDA37DA,逸仙段三小段,23.01,都市：其他:第四種住宅區(特)。,10000,370,持分移轉,01380000
RPTNMLKLJHLGFBA37EA,雙連段三小段,43.00,都市：其他:第四種住宅區。,3,1,持分移轉,01990000
RPTNMLKLJHLGFBA37EA,雙連段三小段,11.00,都市：其他:第四種住宅區。,1,1,全筆移轉,02750022
RPVNMLNLJHLGFCA87DA,中山段一小段,25.00,都市：其他:第肆種商業區(依都市計畫說明書圖規定辦理，始得作第肆種商業區使用)(原屬第參種商業區)。,1000000,16080,持分移轉,06650000
RPOOMLOKJHLGFCA27DA,吉林段三小段,.66,都市：其他:第肆種商業區(依都市計畫說明書圖規定辦理，始得作第肆種商業區使用)(原屬第參種商業區)。,3600,25,持分移轉,08770000
RPOOMLOKJHLGFCA27DA,吉林段三小段,.78,都市：其他:第肆種商業區(依都市計畫說明書圖規定辦理，始得作第肆種商業區使用)(原屬第參種商業區)。,3600,25,持分移轉,08780000
RPOOMLOKJHLGFCA27DA,吉林段三小段,.76,都市：其他:第肆種商業區(依都市計畫說明書圖規定辦理，始得作第肆種商業區使用)(原屬第參種商業區)。,3600,25,持分移轉,08790000
RPOOMLOKJHLGFCA27DA,吉林段三小段,.89,都市：其他:第肆種商業區(依都市計畫說明書圖規定辦理，始得作第肆種商業區使用)(原屬第參種商業區)。,3600,25,持分移轉,08800000
RPOOMLOKJHLGFCA27DA,吉林段三小段,.39,都市：其他:第肆種商業區(依都市計畫說明書圖規定辦理，始得作第肆種商業區使用)(原屬第參種商業區)。,360000,943,持分移轉,08810000
RPOOMLOKJHLGFCA27DA,吉林段三小段,.01,都市：其他:道路用地(公共設施用地)。53/7/15,36000,30,持分移轉,08810001
RPOOMLOKJHLGFCA27DA,吉林段三小段,12.31,都市：其他:第肆種商業區(依都市計畫說明書圖規定辦理，始得作第肆種商業區使用)(原屬第參種商業區)。,100000,1915,持分移轉,08820000
RPQNMLQLJHLGFDA87EA,吳興段二小段,24.61,都市：其他:第三種住宅區。,10000,475,持分移轉,02920000
RPUNMLKLJHLGFBA47EA,雙連段三小段,86.00,都市：其他:第四種住宅區。,3,2,持分移轉,01990000
RPPNMLNLJHLGFBA27EA,圓環段三小段,3.97,都市：其他:第三種商業區。,100000,370,持分移轉,00720000
RPUNMLKLJHLGFBA47EA,雙連段三小段,6.00,都市：其他:第四種住宅區。,1,1,全筆移轉,02000000
RPPNMLQLJHLGFEA87EA,三玉段三小段,12.40,都市：其他:第三種住宅區。,10000,246,持分移轉,04100000
RPPNMLRLJHLGFEA97EA,行義段二小段,7.72,都市：其他:第二種住宅區。,10000,62,持分移轉,01980000
RPPNMLRLJHLGFEA97EA,行義段二小段,.11,都市：其他:道路用地(公共設施用地)。64/6/26,10000,62,持分移轉,01990000
RPXNMLLMKIKGFAA87DA,公訓段三小段,14.53,都市：其他:第二種住宅區。,10000,11,持分移轉,01350000
RPXNMLLMKIKGFAA87DA,公訓段三小段,.19,都市：其他:第二種住宅區。,10000,11,持分移轉,01350001
RPXNMLLMKIKGFAA87DA,公訓段三小段,.39,都市：其他:第三種住宅區。,10000,11,持分移轉,01350002
RPXNMLLMKIKGFAA87DA,公訓段三小段,.65,都市：其他:第三種住宅區。,10000,11,持分移轉,01350003
RPXNMLLMKIKGFAA87DA,公訓段三小段,.17,都市：其他:第三種住宅區。,10000,11,持分移轉,01350004
RPXNMLLMKIKGFAA87DA,公訓段三小段,10.02,都市：其他:第二種住宅區。,10000,11,持分移轉,01350005
RPXNMLLMKIKGFAA87DA,公訓段三小段,.02,都市：其他:第二種住宅區。,10000,11,持分移轉,01360000
RPSNMLKLJHLGFBA17DA,漢中段二小段,5.00,都市：其他:第四種商業區。,9,1,持分移轉,08290000
RPSNMLKLJHLGFBA17DA,漢中段二小段,.33,都市：其他:道路用地(公共設施用地)。60/8/24,9,1,持分移轉,08290001
RPUOMLOLKIKGFCA08DA,長春段一小段,13.41,都市：其他:第二種商業區。,31000,120,持分移轉,06370000
RPUOMLOLKIKGFCA08DA,長春段一小段,1.42,都市：其他:第貳種商業區(依都市計畫說明書圖規定辦理，始得作第貳種商業區使用)(原屬第參種住宅區)。,31000,120,持分移轉,06580004
RPUOMLRLJHLGFEA48DA,光華段三小段,31.50,都市：其他:第參種商業區(依都市計畫說明書圖規定辦理，始得作第參種商業區使用)(原屬第參種住宅區)。,4,1,持分移轉,10110000
RPSNMLPKJHLGFCA67DA,東湖段八小段,29.93,都市：其他:第三種住宅區。,100000,1285,持分移轉,00400000
RPTOMLNKJHLGFEA87DA,桃源段二小段,67.10,都市：其他:第二種住宅區。,100000,1465,持分移轉,00690000
RPUNMLRJJHLGFFA28DA,通化段二小段,5.80,都市：其他:第參種商業區(依都市計畫說明書圖規定辦理，始得作第參種商業區使用)(原屬第貳種商業區)。,100000,1006,持分移轉,00250000
RPUNMLRJJHLGFFA28DA,通化段二小段,1.46,都市：其他:第參種商業區(依都市計畫說明書圖規定辦理，始得作第參種商業區使用)(原屬第參種住宅區)。,100000,1006,持分移轉,00410000
RPQNMLKLJHLGFEA27DA,豐年段三小段,8.82,都市：其他:農業區。,259200,2219,持分移轉,03620000
RPQNMLKLJHLGFEA27DA,豐年段一小段,14.32,都市：其他:農業區。,259200,2219,持分移轉,08540001
RPPNMLLKJHLGFCA96DA,長春段一小段,22.82,都市：其他:第三種住宅區。,90152000,76000,持分移轉,00020000
RPPNMLOKKIKGFCA37DA,長安段三小段,4.07,都市：其他:第參種商業區(依都市計畫說明書圖規定辦理，始得作第參種商業區使用)(原屬第貳種商業區)。,7740,60,持分移轉,02470000
RPSNMLOKJHLGFFA87DA,仁愛段六小段,8.11,都市：其他:第肆種商業區(依都市計畫說明書圖規定辦理，始得作第肆種商業區使用)(原屬第肆種住宅區及第貳種商業區)。,10000,74,持分移轉,03970000
RPXNMLNKJHLGFFA28DA,金華段一小段,30.97,都市：其他:第三種住宅區。,10000,553,持分移轉,07520000
RPVNMLRLJHLGFDA38DA,三興段一小段,2.27,都市：其他:第參種商業區(依都市計畫說明書圖規定辦理，始得作第參種商業區使用)(原屬第貳種商業區)。,20000,25,持分移轉,10000000
RPXNMLNKJHLGFFA28DA,金華段一小段,.83,都市：其他:道路用地(公共設施用地)。42/9/18,10000,553,持分移轉,07520002
RPXNMLNKJHLGFFA28DA,金華段一小段,.22,都市：其他:道路用地(公共設施用地)。42/9/18,10000,553,持分移轉,07520003
RPPPMLMKKIKGFAA17DA,南海段三小段,14.55,都市：其他:第四種住宅區。,10000,551,持分移轉,01170000
RPPPMLMJJHLGFAA96DA,興隆段二小段,23.60,都市：其他:第三種住宅區。,5,1,持分移轉,01990000
RPPPMLMJJHLGFAA96DA,興隆段二小段,6.20,都市：其他:第三種住宅區。,5,1,持分移轉,01990001
RPRNMLPJKIKGFEA77DA,溪洲段三小段,76.00,都市：其他:道路用地(公共設施用地)(將來採區段徵收方式辦理整體開發)。,1,1,全筆移轉,07290000
RPRNMLPJKIKGFEA77DA,溪洲段三小段,105.00,都市：其他:道路用地(公共設施用地)(將來採區段徵收方式辦理整體開發)。,1,1,全筆移轉,07300000
RPRNMLPJKIKGFEA77DA,溪洲段三小段,124.00,都市：其他:堤防用地(公共設施用地)(將來係採用區段徵收之方式辦理整體開發)。80/6/5,1,1,全筆移轉,07310000
RPRNMLPJKIKGFEA77DA,溪洲段三小段,60.00,都市：其他:堤防用地(公共設施用地)(將來係採用區段徵收之方式辦理整體開發)。80/6/5,1,1,全筆移轉,07320000
RPSNMLRLJHLGFDA18EA,永吉段一小段,3.25,都市：其他:第參種商業區(依都市計畫說明書圖規定辦理，始得作第參種商業區使用)(原屬第參種住宅區)。,4,1,持分移轉,03600000
RPSNMLRLJHLGFDA18EA,永吉段一小段,27.75,都市：其他:第參種商業區(依都市計畫說明書圖規定辦理，始得作第參種商業區使用)(原屬第壹種商業區)。,4,1,持分移轉,03600001
RPPNMLRLJHLGFCA77EA,康寧段三小段,10.95,都市：其他:第三種商業區。,10000,36,持分移轉,07930000
RPOOMLRJJHLGFCA47DA,吉林段三小段,2.91,都市：其他:第肆種商業區(依都市計畫說明書圖規定辦理，始得作第肆種商業區使用)(原屬第參種商業區)。,10000,31,持分移轉,09190000
RPPNMLLKJHLGFFA27DA,復興段三小段,.03,都市：其他:第參種商業區(依都市計畫說明書圖規定辦理，始得作第參種商業區使用)(原屬第貳種商業區)。,10000,40,持分移轉,02230001
RPSNMLQLJHLGFAA67DA,南海段二小段,3.76,都市：其他:第參種商業區(依都市計畫說明書圖規定辦理，始得作第參種商業區使用)(原屬第貳種商業區)。,10000,62,持分移轉,00320000
RPPNMLLKJHLGFFA27DA,復興段三小段,13.42,都市：其他:第參種商業區(依都市計畫說明書圖規定辦理，始得作第參種商業區使用)(原屬第貳種商業區)及第四種住宅區。,10000,40,持分移轉,02990000
RPUPMLQKJHLGFFA48DA,龍泉段三小段,6.50,都市：其他:第參種商業區(依都市計畫說明書圖規定辦理，始得作第參種商業區使用)(原屬第貳種商業區)。,10000,149,持分移轉,00690004
RPUPMLQKJHLGFFA48DA,龍泉段三小段,2.44,都市：其他:第三種住宅區。,10000,149,持分移轉,00690006
RPSPMLQLJHLGFDA18DA,中南段五小段,.00,都市：其他:第二種住宅區。,100000,274,持分移轉,03490000
RPSPMLQLJHLGFDA18DA,中南段五小段,70.93,都市：其他:第二種住宅區。,100000,274,持分移轉,03560000
RPWNMLMKJHLGFEA97DA,開明段一小段,38.17,都市：其他:第參種商業區(依都市計畫說明書圖規定辦理，始得作第參種商業區使用)(原屬第參種住宅區)。,1000,347,持分移轉,08860000
RPXNMLKLJHLGFEA97DA,八仙段一小段,7417.00,都市：其他:農業區。,1,1,全筆移轉,00640000
RPXNMLKLJHLGFEA97DA,豐年段一小段,4566.00,都市：其他:農業區。,1,1,全筆移轉,02680000
RPOOMLMKJHLGFEA27DA,奇岩段三小段,20.16,都市：其他:第三種住宅區。,100,8,持分移轉,03620000
RPXNMLKLJHLGFEA97DA,豐年段三小段,4369.00,都市：其他:農業區。,1,1,全筆移轉,02970000
RPXNMLKLJHLGFEA97DA,豐年段三小段,16747.00,都市：其他:農業區。,1,1,全筆移轉,02990000
RPXNMLKLJHLGFEA97DA,豐年段三小段,7707.00,都市：其他:農業區。,1,1,全筆移轉,03650000
RPXNMLKLJHLGFEA97DA,豐年段一小段,3589.00,都市：其他:農業區。,1,1,全筆移轉,04660000
RPXNMLKLJHLGFEA97DA,豐年段三小段,3246.00,都市：其他:農業區。,1,1,全筆移轉,05440000
RPXNMLKLJHLGFEA97DA,豐年段三小段,6530.00,都市：其他:農業區。,1,1,全筆移轉,05470000
RPVOMLLLJHLGFDA87DA,虎林段四小段,11.58,都市：其他:第參種商業區(依都市計畫說明書圖規定辦理，始得作第參種商業區使用)(原屬第肆種住宅區)及第三之一種住宅區及第三種住宅區(應依建築線或俟地籍測量分割後，再確定)。,42619122,110664,持分移轉,07850000
RPQOMLQKJHLGFDA77DA,敦化段二小段,11.14,都市：其他:第參種商業區(依都市計畫說明書圖規定辦理，始得作第參種商業區使用)(原屬第貳種商業區)。,10000,58,持分移轉,05380000
RPVOMLLLJHLGFDA87DA,虎林段四小段,1.15,都市：其他:第三種住宅區。,42619122,110664,持分移轉,07860001
RPWNMLNLJHLGFFA28DA,懷生段三小段,41.57,都市：其他:第三種住宅區。,7,1,持分移轉,04110000
RPPOMLRLJHLGFEA97DA,新民段二小段,4.81,都市：其他:特定觀光商業專用區。,90000,198,持分移轉,04460000
RPWNMLQLJHLGFEA48DA,天山段二小段,21.35,都市：其他:第二種住宅區。,10000,78,持分移轉,01740000
RPPNMLMKJHLGFFA37DA,辛亥段四小段,13.47,都市：其他:第三種住宅區。,10000,73,持分移轉,05120000
RPPNMLMKJHLGFFA37DA,辛亥段四小段,3.89,都市：其他:交通用地(公共設施用地)。78/4/3,10000,73,持分移轉,05250000
RPPOMLNLJHLGFAA27EA,華興段二小段,18.60,都市：其他:第二種住宅區。,10,1,持分移轉,10150000
RPPOMLNLJHLGFAA27EA,華興段四小段,10.60,都市：其他:第二種住宅區。,10,1,持分移轉,10230000
RPQNMLRLJHLGFDA97EA,寶清段五小段,27.31,都市：其他:第三種住宅區。,10000,70,持分移轉,00780000
RPRNMLRLJHLGFCA97EA,文德段五小段,.99,都市：其他:科技工業區(B區)(不得作住宅使用)。,2257920,13746,持分移轉,03670000
RPQNMLRLJHLGFCA87EA,德惠段四小段,3.23,都市：其他:第肆種商業區(依都市計畫說明書圖規定辦理，始得作第肆種商業區使用)(原屬第參種商業區)。,1000000,5952,持分移轉,04960000
RPRNMLRLJHLGFAA67DA,華興段一小段,33.15,都市：其他:第三種住宅區。,100000,345,持分移轉,01690000
RPSNMLRLJHLGFCA08EA,文德段五小段,2.61,都市：其他:科技工業區(B區)(不得作住宅使用)。,58899456,622272,持分移轉,03540000
RPOPMLQLJHLGFBA57DA,雙連段一小段,14.01,都市：其他:第三種商業區。,100000,866,持分移轉,06800000
RPSNMLRLJHLGFCA08EA,文德段五小段,1.26,都市：其他:科技工業區(B區)(不得作住宅使用)。,2257920,13746,持分移轉,03670001
RPSNMLRLJHLGFCA08EA,文德段五小段,.69,都市：其他:科技工業區(B區)(不得作住宅使用)。,125370000,228327,持分移轉,03680000
RPSNMLRLJHLGFCA08EA,文德段五小段,.39,都市：其他:科技工業區(B區)(不得作住宅使用)。,125370000,228327,持分移轉,03680001
RPSNMLRLJHLGFCA08EA,文德段五小段,1.40,都市：其他:科技工業區(B區)(不得作住宅使用)。,1070310000,3380773,持分移轉,03530000
RPVOMLSLJHLGFAA28DA,實踐段一小段,46.85,都市：其他:第三種住宅區。,10000,964,持分移轉,06580000
RPPNMLRLJHLGFFA08EA,仁愛段六小段,15.54,都市：其他:第肆種商業區(依都市計畫說明書圖規定辦理，始得作第肆種商業區使用)(原屬第肆種住宅區及第貳種商業區)。,177159,2458,持分移轉,01040000
RPUNMLRJJHLGFBA87DA,臨沂段四小段,61.15,都市：其他:第三種住宅區。,1000,156,持分移轉,00780000
RPUNMLRJJHLGFBA87DA,臨沂段四小段,.16,都市：其他:第三種住宅區。,1000,156,持分移轉,00860004
RPQOMLNLKIKGFCA57DA,長春段三小段,14.27,都市：其他:第三種住宅區。,2000,87,持分移轉,02070000
RPWNMLRJJHLGFCA18DA,長安段三小段,2.83,都市：其他:聯合開發區(捷)(依都市計畫說明書圖規定辦理)。,100000,243,持分移轉,03970000
RPWNMLRJJHLGFCA18DA,長安段三小段,.17,都市：其他:第參種商業區(依都市計畫說明書圖規定辦理，始得作第參種商業區使用)(原屬第貳種商業區)。,100000,243,持分移轉,04030000
RPWNMLRJJHLGFCA18DA,長安段三小段,.58,都市：其他:第參種商業區(依都市計畫說明書圖規定辦理，始得作第參種商業區使用)(原屬第參種住宅區)。,100000,243,持分移轉,04030001
RPROMLTLJHLGFCA18DA,正義段二小段,37.32,都市：其他:第參種商業區(依都市計畫說明書圖規定辦理，始得作第參種商業區使用)(原屬第參種住宅區)。,26450,1702,持分移轉,04980000
RPVPMLPKKIKGFDA38DA,美仁段一小段,7.21,都市：其他:第參種商業區(依都市計畫說明書圖規定辦理，始得作第參種商業區使用)(原屬第貳種商業區)。,100000,1147,持分移轉,04500000
RPWNMLRLJHLGFAA18DA,華興段三小段,79.29,都市：其他:第三種住宅區。,10000,203,持分移轉,01070000
RPXNMLSLJHLGFAA38DA,實踐段一小段,24.56,都市：其他:第三種住宅區。,14520,220,持分移轉,02630000
RPXNMLSLJHLGFAA38DA,實踐段一小段,1.98,都市：其他:道路用地(公共設施用地)。61/2/7,14520,220,持分移轉,02630001
RPSPMLRLJHLGFCA18DA,吉林段四小段,.89,都市：其他:第三之二種住宅區。,10000,115,持分移轉,03140000
RPSNMLNKJHLGFCA47DA,中山段一小段,9.41,都市：其他:第肆種商業區(依都市計畫說明書圖規定辦理，始得作第肆種商業區使用)(原屬第參種商業區)。,100000,1039,持分移轉,01750000
RPSPMLRLJHLGFCA18DA,吉林段四小段,17.05,都市：其他:第三之二種住宅區。,10000,115,持分移轉,03150000
RPPNMLSLJHLGFAA67EA,萬芳段一小段,42.08,都市：其他:第參類住宅用地(萬芳社區特定專用區)。,48,2,持分移轉,01140000
RPUNMLSJJHLGFEA28DA,蘭雅段三小段,7.56,都市：其他:第三種住宅區。,10000,45,持分移轉,06990000
RPUNMLSJJHLGFEA28DA,蘭雅段三小段,7.17,都市：其他:第三之二種住宅區。,10000,45,持分移轉,06990004
RPUNMLSJJHLGFEA28DA,蘭雅段三小段,.08,都市：其他:道路用地(公共設施用地)。65/8/26,10000,45,持分移轉,06990005
RPQNMLKMJHLGFCA27EA,文德段二小段,35.25,都市：其他:第三種住宅區。,122642,1854,持分移轉,05460000
RPVNMLSLJHLGFBA28DA,華中段四小段,25.00,都市：其他:第三種住宅區。,3,1,持分移轉,01490000
RPPNMLTLJHLGFDA08EA,南港段二小段,26.92,都市：其他:第貳種工業區(不得作住宅使用)。,12,1,持分移轉,08200000
RPRNMLTLJHLGFCA18EA,文德段四小段,38.55,都市：其他:第三種住宅區。,10000,415,持分移轉,01690000
RPROMLKMKIKGFCA47DA,中山段一小段,14.02,都市：其他:第肆種商業區(依都市計畫說明書圖規定辦理，始得作第肆種商業區使用)(原屬第參種商業區)。,2400000,20976,持分移轉,09750000
RPPNMLKMJHLGFEA37EA,天母段三小段,40.20,都市：其他:第參種商業區(依都市計畫說明書圖規定辦理，始得作第參種商業區使用)(原屬第參種住宅區)。,140,14,持分移轉,02990000
RPUNMLNKJIKGFFA08EA,懷生段二小段,2.79,都市：其他:第參種商業區(依都市計畫說明書圖規定辦理，始得作第參種商業區使用)(原屬第貳種商業區)。,10000,42,持分移轉,00890000
RPSSMLSLJHLGFDA68DA,福德段一小段,20.50,都市：其他:第三種住宅區。,8,1,持分移轉,06670000
RPROMLPKKIKGFEA97DA,大業段三小段,14.82,都市：其他:第三之二種住宅區。,10000,50,持分移轉,05880000
RPROMLPKKIKGFEA97DA,大業段三小段,2.61,都市：其他:第三種住宅區。,10000,50,持分移轉,05880001
RPROMLPKKIKGFEA97DA,大業段三小段,.03,都市：其他:第三之一種住宅區。,10000,50,持分移轉,05880002
RPQNMLSLJHLGFFA28EA,復興段一小段,1.80,都市：其他:道路用地(公共設施用地)。48/3/13,192,1,持分移轉,06570000
RPQNMLSLJHLGFFA28EA,復興段一小段,.10,都市：其他:第肆種商業區(依都市計畫說明書圖規定辦理，始得作第肆種商業區使用)(原屬第肆種住宅區)。,192,1,持分移轉,06570001
RPQNMLSLJHLGFFA28EA,復興段一小段,5.76,都市：其他:第肆種商業區(依都市計畫說明書圖規定辦理，始得作第肆種商業區使用)(原屬第貳種商業區)。,192,1,持分移轉,06580000
RPQNMLSLJHLGFFA28EA,復興段一小段,2.57,都市：其他:第肆種商業區(依都市計畫說明書圖規定辦理，始得作第肆種商業區使用)(原屬第肆種住宅區)。,192,1,持分移轉,06580001
RPQOMLNKJHLGFDA47DA,中南段二小段,32.06,都市：其他:第三種住宅區。,200000,4008,持分移轉,01270000
RPWNMLQJJHLGFEA28DA,海光段一小段,11.48,都市：其他:第三之二種住宅區。,100000,423,持分移轉,01970000
RPWNMLQJJHLGFEA28DA,海光段一小段,.11,都市：其他:第三種住宅區。,100000,423,持分移轉,01970002
RPWNMLTLKIKGFAA48DA,萬芳段三小段,5.03,都市：其他:第壹種商業區(依都市計畫說明書圖規定辦理，始得作第壹種商業區使用)(原屬第參種住宅區)。,10000,47,持分移轉,09690000
RPVOMLMLJHLGFDA97DA,三興段二小段,35.19,都市：其他:第三種住宅區。,300,26,持分移轉,07750000
RPWNMLTLKIKGFAA48DA,萬芳段三小段,1.51,都市：其他:第三種住宅區。,10000,47,持分移轉,09690001
RPWNMLTLKIKGFAA48DA,萬芳段三小段,.00,都市：其他:第壹種商業區(依都市計畫說明書圖規定辦理，始得作第壹種商業區使用)(原屬第參種住宅區)。,10000,47,持分移轉,09700002
RPWNMLTLKIKGFAA48DA,萬芳段三小段,.00,都市：其他:第壹種商業區(依都市計畫說明書圖規定辦理，始得作第壹種商業區使用)(原屬第參種住宅區)。,10000,47,持分移轉,09720002
RPPOMLQKKIKGFBA57DA,華江段一小段,27.75,都市：其他:第四種住宅區。,4,1,持分移轉,06130000
RPSNMLTKJHLGFEA28DA,行義段三小段,12.38,都市：其他:第三種住宅區。,10000,123,持分移轉,04000000
RPQNMLMJKHLGFAA96DA,河堤段五小段,5.00,都市：其他:道路用地(公共設施用地)。56/9/9,120,10,持分移轉,00600000
RPQNMLMJKHLGFAA96DA,河堤段五小段,37.08,都市：其他:第三種住宅區。,120,10,持分移轉,00620000
RPVOMLQLJHLGFBA18DA,漢中段一小段,.01,都市：其他:第四種商業區。,100000,10,持分移轉,01020000
RPVOMLQLJHLGFBA18DA,漢中段一小段,.00,都市：其他:第四種商業區。,1000000,10,持分移轉,01030000
RPVOMLQLJHLGFBA18DA,漢中段一小段,.01,都市：其他:第四種商業區。,100000,10,持分移轉,01040000
RPVOMLQLJHLGFBA18DA,漢中段一小段,.11,都市：其他:第四種商業區。,100000,48,持分移轉,01080000
RPVOMLQLJHLGFBA18DA,漢中段一小段,.24,都市：其他:第四種商業區。,10000,96,持分移轉,01350000
RPVOMLQLJHLGFBA18DA,漢中段一小段,.04,都市：其他:第四種商業區。,10000,96,持分移轉,01360000
RPVOMLQLJHLGFBA18DA,漢中段一小段,.00,都市：其他:第四種商業區。,100000,10,持分移轉,01370000
RPVOMLQLJHLGFBA18DA,漢中段一小段,.00,都市：其他:第四種商業區。,100000,10,持分移轉,01380000
RPVOMLQLJHLGFBA18DA,漢中段一小段,.30,都市：其他:第四種商業區。,100000,192,持分移轉,01390000
RPVOMLQLJHLGFBA18DA,漢中段一小段,2.10,都市：其他:第四種商業區。,10000,84,持分移轉,01400000
RPVOMLQLJHLGFBA18DA,漢中段一小段,.00,都市：其他:第四種商業區。,1000000,10,持分移轉,01410000
RPOOMLOKJHLGFAA07DA,萬慶段二小段,12.83,都市：其他:第一種商業區。,10000,335,持分移轉,06790000
RPOOMLKKKIKGFCA96DA,康寧段三小段,15.96,都市：其他:第三種商業區。,10000,30,持分移轉,07680000
RPTNMLMKJHLGFDA57DA,信義段三小段,45.55,都市：其他:特定業務區(信義計畫特定專用區)。,10000,95,持分移轉,00420000
RPOOMLRLJHLGFEA87DA,大業段一小段,.03,都市：其他:特定觀光商業專用區。,10000,65,持分移轉,00020002
RPQPMLQJJHLGFCA67DA,正義段三小段,.00,都市：其他:第肆種商業區(依都市計畫說明書圖規定辦理，始得作第肆種商業區使用)(原屬第參種商業區)。,100000,1,持分移轉,02620000
RPOOMLRLJHLGFEA87DA,開明段二小段,1.33,都市：其他:特定觀光商業專用區。,10000,65,持分移轉,00040007
RPOOMLRLJHLGFEA87DA,新民段二小段,5.82,都市：其他:特定觀光商業專用區。,10000,65,持分移轉,04870000
RPQPMLQJJHLGFCA67DA,正義段三小段,7.91,都市：其他:第肆種商業區(依都市計畫說明書圖規定辦理，始得作第肆種商業區使用)(原屬第參種商業區)。,100000,512,持分移轉,02680000
RPWOMLOKJHLGFDA18DA,中南段一小段,28.30,都市：其他:第三種住宅區。,17040,283,持分移轉,00290000
RPRQMLSLJHLGFBA18DA,華中段一小段,28.00,都市：其他:第三種住宅區。,3,1,持分移轉,02770000
RPRQMLSLJHLGFBA18DA,華中段一小段,2.00,都市：其他:道路用地(公共設施用地)。56/8/25,3,1,持分移轉,02780000
RPTOMLSLJHLGFCA28DA,西湖段二小段,3.06,都市：其他:第三種住宅區。,10000,180,持分移轉,04880000
RPTOMLSLJHLGFCA28DA,西湖段二小段,21.66,都市：其他:第三之一種住宅區。,10000,180,持分移轉,04890000
RPQNMLQJJHLGFCA47DA,榮星段六小段,26.95,都市：其他:第三種住宅區。,10000,434,持分移轉,03930000
RPPNMLKMJHLGFEA27DA,豐年段一小段,250.75,都市：其他:農業區。,5,1,持分移轉,04680000
RPPNMLKMJHLGFEA27DA,豐年段一小段,103.40,都市：其他:農業區。,5,1,持分移轉,04720001
RPQNMLKMJHLGFEA37DA,八仙段二小段,403.60,都市：其他:農業區。,5,1,持分移轉,02080000
RPSNMLMLJHLGFEA67DA,文林段五小段,13.79,都市：其他:第三之二種住宅區。,10000,140,持分移轉,03120000
RPSNMLKMKIKGFFA77DA,金華段三小段,.21,都市：其他:第參種商業區(依都市計畫說明書圖規定辦理，始得作第參種商業區使用)(原屬第貳種商業區)。,10000,2,持分移轉,01970000
RPSNMLKMKIKGFFA77DA,金華段三小段,.13,都市：其他:第三種住宅區。,10000,2,持分移轉,02100000
RPSNMLLLJHLGFFA67DA,懷生段一小段,10.18,都市：其他:第三種住宅區。,10000,50,持分移轉,08420000
RPRNMLKMKIKGFFA67DA,金華段三小段,7.90,都市：其他:第參種商業區(依都市計畫說明書圖規定辦理，始得作第參種商業區使用)(原屬第貳種商業區)。,10000,76,持分移轉,01970000
RPRNMLKMKIKGFFA67DA,金華段三小段,4.98,都市：其他:第三種住宅區。,10000,76,持分移轉,02100000
RPSNMLTKJHLGFBA97DA,城中段一小段,4.58,都市：其他:第四種商業區。,100000,476,持分移轉,05110000
RPSNMLTKJHLGFBA97DA,城中段一小段,.47,都市：其他:第四種商業區。,100000,476,持分移轉,05120000
RPVNMLNLJHLGFFA18DA,大安段一小段,56.00,都市：其他:第三種住宅區。,1,1,全筆移轉,00680000
RPPNMLKMJHLGFBA07EA,成功段二小段,2.66,都市：其他:第三種住宅區。,111936000,536800,持分移轉,00240000
RPRPMLSLJHLGFBA08DA,萬大段一小段,17.70,都市：其他:第三之一種住宅區。,10000,343,持分移轉,00150000
RPTOMLLMKIKGFFA08DA,金華段二小段,.04,都市：其他:第一種商業區。,10000,1,持分移轉,05970000
RPTOMLLMKIKGFFA08DA,金華段二小段,.01,都市：其他:第一種商業區。,10000,1,持分移轉,06000000
RPPNMLTJJHLGFFA97DA,金華段三小段,8.10,都市：其他:第參種商業區(依都市計畫說明書圖規定辦理，始得作第參種商業區使用)(原屬第貳種商業區)。,10000,78,持分移轉,01970000
RPPNMLTJJHLGFFA97DA,金華段三小段,5.11,都市：其他:第三種住宅區。,10000,78,持分移轉,02100000
RPSNMLKMJHLGFCA47EA,北安段四小段,18.89,都市：其他:第三種住宅區。,19000,63,持分移轉,01050000
RPSNMLKMJHLGFBA37EA,青年段一小段,22.05,都市：其他:第三種住宅區。,90000,49,持分移轉,00880000
RPQNMLKMKIKGFFA57DA,金華段三小段,8.31,都市：其他:第參種商業區(依都市計畫說明書圖規定辦理，始得作第參種商業區使用)(原屬第貳種商業區)。,10000,80,持分移轉,01970000
RPQNMLKMKIKGFFA57DA,金華段三小段,5.24,都市：其他:第三種住宅區。,10000,80,持分移轉,02100000
RPRNMLKMJHLGFCA37EA,北安段四小段,18.89,都市：其他:第三種住宅區。,19000,63,持分移轉,01050000
RPPNMLNKJIKGFAA07EA,福和段二小段,18.04,都市：其他:第三種住宅區。,15890,95,持分移轉,01710000
RPPOMLNKJHLGFDA47EA,中南段二小段,54.00,都市：其他:第三種住宅區。,1,1,全筆移轉,06630000
RPPOMLNKJHLGFDA47EA,中南段二小段,2.00,都市：其他:道路用地(公共設施用地)。72/8/19,1,1,全筆移轉,06640000
RPUNMLTLJHLGFEA68EA,奇岩段五小段,.75,都市：其他:第三種住宅區。,4,1,持分移轉,00480001
RPUNMLTLJHLGFEA68EA,奇岩段五小段,32.00,都市：其他:第三種住宅區。,4,1,持分移轉,00700000
RPUNMLTLJHLGFEA68EA,奇岩段五小段,2.00,都市：其他:道路用地(公共設施用地)。65/7/9,4,1,持分移轉,00710000
RPSNMLRLJHLGFEA28EA,大業段三小段,.15,都市：其他:第三種住宅區。,100000,108,持分移轉,05680000
RPSNMLRLJHLGFEA28EA,大業段三小段,.15,都市：其他:第三種住宅區。,100000,108,持分移轉,05680000
RPSNMLRLJHLGFEA28EA,大業段三小段,.15,都市：其他:第三種住宅區。,100000,108,持分移轉,05680000
RPSNMLRLJHLGFEA28EA,大業段三小段,.15,都市：其他:第三種住宅區。,100000,108,持分移轉,05680000
RPSNMLRLJHLGFEA28EA,大業段三小段,.15,都市：其他:第三種住宅區。,100000,108,持分移轉,05680000
RPQOMLSLJHLGFFA28DA,瑞安段三小段,10.80,都市：其他:第三種住宅區。,3550,108,持分移轉,00920000
RPSNMLRLJHLGFEA28EA,大業段三小段,.15,都市：其他:第三種住宅區。,100000,108,持分移轉,05680000
RPTNMLMJKHLGFEA77EA,新民段二小段,9.80,都市：其他:特定觀光商業專用區。,100000,268,持分移轉,05410000
RPSNMLRLJHLGFEA28EA,大業段三小段,.15,都市：其他:第三種住宅區。,100000,108,持分移轉,05680000
RPSNMLRLJHLGFEA28EA,大業段三小段,.15,都市：其他:第三種住宅區。,100000,108,持分移轉,05680000
RPSNMLRLJHLGFEA28EA,大業段三小段,.15,都市：其他:第三種住宅區。,100000,108,持分移轉,05680000
RPSNMLRLJHLGFEA28EA,大業段三小段,.15,都市：其他:第三種住宅區。,100000,108,持分移轉,05680000
RPSNMLRLJHLGFEA28EA,大業段三小段,.15,都市：其他:第三種住宅區。,100000,108,持分移轉,05680000
RPSNMLRLJHLGFEA28EA,大業段三小段,.15,都市：其他:第三種住宅區。,100000,108,持分移轉,05680000
RPSNMLRLJHLGFEA28EA,大業段三小段,.15,都市：其他:第三種住宅區。,100000,108,持分移轉,05680000
RPSNMLRLJHLGFEA28EA,大業段三小段,.15,都市：其他:第三種住宅區。,100000,108,持分移轉,05680000
RPTNMLTKJHLGFAA97DA,景美段四小段,4.97,都市：其他:第三種商業區。,100000,190,持分移轉,02080000
RPSNMLRLJHLGFEA28EA,大業段三小段,.15,都市：其他:第三種住宅區。,100000,108,持分移轉,05680000
RPSNMLRLJHLGFEA28EA,大業段三小段,.15,都市：其他:第三種住宅區。,100000,108,持分移轉,05680000
RPSNMLRLJHLGFEA28EA,大業段三小段,.15,都市：其他:第三種住宅區。,100000,108,持分移轉,05680000
RPSNMLRLJHLGFEA28EA,大業段三小段,.15,都市：其他:第三種住宅區。,100000,108,持分移轉,05680000
RPVNMLTLJHLGFEA78EA,翠山段一小段,2149.00,都市：其他:保護區。,1,1,全筆移轉,00210000
RPSNMLRLJHLGFEA28EA,大業段三小段,.15,都市：其他:第三種住宅區。,100000,108,持分移轉,05680000
RPPNMLNLJHLGFFA67EA,懷生段三小段,13.86,都市：其他:第參種商業區(依都市計畫說明書圖規定辦理，始得作第參種商業區使用)(原屬第貳種商業區)。,10000,293,持分移轉,02260000
RPSNMLRLJHLGFEA28EA,大業段三小段,.15,都市：其他:第三種住宅區。,100000,108,持分移轉,05680000
RPPNMLNLJHLGFFA67EA,懷生段三小段,2.08,都市：其他:第三之二種住宅區。,10000,293,持分移轉,02260001
RPTNMLTLKIKGFBA28DA,莒光段二小段,31.45,都市：其他:第參種商業區(依都市計畫說明書圖規定辦理，始得作第參種商業區使用)(原屬第參種住宅區)。,10000,202,持分移轉,02910000
RPPNMLNLJHLGFFA67EA,懷生段三小段,.12,都市：其他:第三種住宅區。,10000,293,持分移轉,02260002
RPSNMLRLJHLGFEA28EA,大業段三小段,.15,都市：其他:第三種住宅區。,100000,108,持分移轉,05680000
RPTNMLTLKIKGFBA28DA,莒光段二小段,.02,都市：其他:第參種商業區(依都市計畫說明書圖規定辦理，始得作第參種商業區使用)(原屬第參種住宅區)。,10000,202,持分移轉,05250002
RPSNMLRLJHLGFEA28EA,大業段三小段,.15,都市：其他:第三種住宅區。,100000,108,持分移轉,05680000
RPRNMLTKJHLGFBA87DA,臨沂段三小段,59.00,都市：其他:第三種住宅區。,1,1,全筆移轉,01610000
RPSNMLRLJHLGFEA28EA,大業段三小段,.15,都市：其他:第三種住宅區。,100000,108,持分移轉,05680000
RPROMLOKJHLGFCA57DA,中山段三小段,10.18,都市：其他:第肆種商業區(依都市計畫說明書圖規定辦理，始得作第肆種商業區使用)(原屬第參種商業區)。,250,3,持分移轉,02200000
RPSNMLRLJHLGFEA28EA,大業段三小段,.15,都市：其他:第三種住宅區。,100000,108,持分移轉,05680000
RPSNMLRLJHLGFEA28EA,大業段三小段,.15,都市：其他:第三種住宅區。,100000,108,持分移轉,05680000
RPSNMLRLJHLGFEA28EA,大業段三小段,.41,都市：其他:第三之一種住宅區。,100000,108,持分移轉,05700000
RPSNMLRLJHLGFEA28EA,大業段三小段,.41,都市：其他:第三之一種住宅區。,100000,108,持分移轉,05700000
RPSNMLRLJHLGFEA28EA,大業段三小段,.41,都市：其他:第三之一種住宅區。,100000,108,持分移轉,05700000
RPSNMLRLJHLGFEA28EA,大業段三小段,.41,都市：其他:第三之一種住宅區。,100000,108,持分移轉,05700000
RPSNMLRLJHLGFEA28EA,大業段三小段,.41,都市：其他:第三之一種住宅區。,100000,108,持分移轉,05700000
RPSNMLRLJHLGFEA28EA,大業段三小段,.41,都市：其他:第三之一種住宅區。,100000,108,持分移轉,05700000
RPSNMLRLJHLGFEA28EA,大業段三小段,.41,都市：其他:第三之一種住宅區。,100000,108,持分移轉,05700000
RPSNMLRLJHLGFEA28EA,大業段三小段,.41,都市：其他:第三之一種住宅區。,100000,108,持分移轉,05700000
RPSNMLRLJHLGFEA28EA,大業段三小段,.41,都市：其他:第三之一種住宅區。,100000,108,持分移轉,05700000
RPWNMLQLJHLGFCA28DA,大湖段二小段,10.49,都市：其他:第三種住宅區。,10000,51,持分移轉,00390000
RPSNMLRLJHLGFEA28EA,大業段三小段,.41,都市：其他:第三之一種住宅區。,100000,108,持分移轉,05700000
RPSNMLRLJHLGFEA28EA,大業段三小段,.41,都市：其他:第三之一種住宅區。,100000,108,持分移轉,05700000
RPSNMLRLJHLGFEA28EA,大業段三小段,.41,都市：其他:第三之一種住宅區。,100000,108,持分移轉,05700000
RPSNMLRLJHLGFEA28EA,大業段三小段,.41,都市：其他:第三之一種住宅區。,100000,108,持分移轉,05700000
RPSNMLRLJHLGFEA28EA,大業段三小段,.41,都市：其他:第三之一種住宅區。,100000,108,持分移轉,05700000
RPSNMLRLJHLGFEA28EA,大業段三小段,.41,都市：其他:第三之一種住宅區。,100000,108,持分移轉,05700000
RPSNMLRLJHLGFEA28EA,大業段三小段,.41,都市：其他:第三之一種住宅區。,100000,108,持分移轉,05700000
RPSNMLRLJHLGFEA28EA,大業段三小段,.41,都市：其他:第三之一種住宅區。,100000,108,持分移轉,05700000
RPSNMLRLJHLGFEA28EA,大業段三小段,.41,都市：其他:第三之一種住宅區。,100000,108,持分移轉,05700000
RPSNMLRLJHLGFEA28EA,大業段三小段,.41,都市：其他:第三之一種住宅區。,100000,108,持分移轉,05700000
RPSNMLRLJHLGFEA28EA,大業段三小段,.41,都市：其他:第三之一種住宅區。,100000,108,持分移轉,05700000
RPPPMLRLJHLGFCA87DA,石潭段五小段,183.49,都市：其他:第二種住宅區。,10000,2497,持分移轉,00350000
RPSNMLRLJHLGFEA28EA,大業段三小段,.41,都市：其他:第三之一種住宅區。,100000,108,持分移轉,05700000
RPSNMLRLJHLGFEA28EA,大業段三小段,.41,都市：其他:第三之一種住宅區。,100000,108,持分移轉,05700000
RPSNMLRLJHLGFEA28EA,大業段三小段,.41,都市：其他:第三之一種住宅區。,100000,108,持分移轉,05700000
RPSNMLRLJHLGFEA28EA,大業段三小段,.41,都市：其他:第三之一種住宅區。,100000,108,持分移轉,05700000
RPROMLSLJHLGFCA08DA,長安段三小段,2.42,都市：其他:第參種商業區(依都市計畫說明書圖規定辦理，始得作第參種商業區使用)(原屬第參種住宅區)。,10000,158,持分移轉,05170000
RPSNMLRLJHLGFEA28EA,大業段三小段,.41,都市：其他:第三之一種住宅區。,100000,108,持分移轉,05700000
RPSNMLRLJHLGFEA28EA,大業段三小段,.15,都市：其他:第三之二種住宅區。,100000,108,持分移轉,05810000
RPROMLSLJHLGFCA08DA,長安段三小段,3.55,都市：其他:第參種商業區(依都市計畫說明書圖規定辦理，始得作第參種商業區使用)(原屬第參種住宅區)。,10000,158,持分移轉,05180000
RPSNMLRLJHLGFEA28EA,大業段三小段,.15,都市：其他:第三之二種住宅區。,100000,108,持分移轉,05810000
RPSNMLRLJHLGFEA28EA,大業段三小段,.15,都市：其他:第三之二種住宅區。,100000,108,持分移轉,05810000
RPSNMLRLJHLGFEA28EA,大業段三小段,.15,都市：其他:第三之二種住宅區。,100000,108,持分移轉,05810000
RPROMLSLJHLGFCA08DA,長安段三小段,4.99,都市：其他:第參種商業區(依都市計畫說明書圖規定辦理，始得作第參種商業區使用)(原屬第參種住宅區)。,10000,158,持分移轉,05190000
RPSNMLRLJHLGFEA28EA,大業段三小段,.15,都市：其他:第三之二種住宅區。,100000,108,持分移轉,05810000
RPROMLSLJHLGFCA08DA,長安段三小段,7.06,都市：其他:第參種商業區(依都市計畫說明書圖規定辦理，始得作第參種商業區使用)(原屬第參種住宅區)。,10000,158,持分移轉,05430000
RPSNMLRLJHLGFEA28EA,大業段三小段,.15,都市：其他:第三之二種住宅區。,100000,108,持分移轉,05810000
RPSNMLRLJHLGFEA28EA,大業段三小段,.15,都市：其他:第三之二種住宅區。,100000,108,持分移轉,05810000
RPSNMLRLJHLGFEA28EA,大業段三小段,.15,都市：其他:第三之二種住宅區。,100000,108,持分移轉,05810000
RPVNMLRJJHLGFCA08DA,碧湖段五小段,20.15,都市：其他:第三種住宅區。,20000,176,持分移轉,00160000
RPSNMLRLJHLGFEA28EA,大業段三小段,.15,都市：其他:第三之二種住宅區。,100000,108,持分移轉,05810000
RPSNMLRLJHLGFEA28EA,大業段三小段,.15,都市：其他:第三之二種住宅區。,100000,108,持分移轉,05810000
RPSNMLRLJHLGFEA28EA,大業段三小段,.15,都市：其他:第三之二種住宅區。,100000,108,持分移轉,05810000
RPSNMLRLJHLGFEA28EA,大業段三小段,.15,都市：其他:第三之二種住宅區。,100000,108,持分移轉,05810000
RPSNMLRLJHLGFEA28EA,大業段三小段,.15,都市：其他:第三之二種住宅區。,100000,108,持分移轉,05810000
RPSNMLSLJHLGFCA08DA,金泰段,21.55,都市：其他:商業區(供一般商業使用不得作住宅使用)。,100000,871,持分移轉,00830004
RPSNMLRLJHLGFEA28EA,大業段三小段,.15,都市：其他:第三之二種住宅區。,100000,108,持分移轉,05810000
RPSNMLLLKIKGFEA67DA,振興段四小段,30.75,都市：其他:第三種住宅區。,10000,149,持分移轉,05060000
RPSNMLRLJHLGFEA28EA,大業段三小段,.15,都市：其他:第三之二種住宅區。,100000,108,持分移轉,05810000
RPSNMLRLJHLGFEA28EA,大業段三小段,.15,都市：其他:第三之二種住宅區。,100000,108,持分移轉,05810000
RPSNMLRLJHLGFEA28EA,大業段三小段,.15,都市：其他:第三之二種住宅區。,100000,108,持分移轉,05810000
RPSNMLRLJHLGFEA28EA,大業段三小段,.15,都市：其他:第三之二種住宅區。,100000,108,持分移轉,05810000
RPSNMLRLJHLGFEA28EA,大業段三小段,.15,都市：其他:第三之二種住宅區。,100000,108,持分移轉,05810000
RPSNMLRLJHLGFEA28EA,大業段三小段,.15,都市：其他:第三之二種住宅區。,100000,108,持分移轉,05810000
RPSNMLRLJHLGFEA28EA,大業段三小段,.15,都市：其他:第三之二種住宅區。,100000,108,持分移轉,05810000
RPSNMLRLJHLGFEA28EA,大業段三小段,.15,都市：其他:第三之二種住宅區。,100000,108,持分移轉,05810000
RPSNMLRLJHLGFEA28EA,大業段三小段,.15,都市：其他:第三之二種住宅區。,100000,108,持分移轉,05810000
RPSNMLRLJHLGFEA28EA,大業段三小段,.15,都市：其他:第三之二種住宅區。,100000,108,持分移轉,05810000
RPSNMLRLJHLGFEA28EA,大業段三小段,.15,都市：其他:第三之二種住宅區。,100000,108,持分移轉,05810000
RPRNMLSLJHLGFAA77DA,福和段一小段,12.53,都市：其他:第參種商業區(依都市計畫說明書圖規定辦理，始得作第參種商業區使用)(原屬第參種住宅區)。,2500,31,持分移轉,09170000
RPRNMLSLJHLGFAA77DA,福和段一小段,17.55,都市：其他:第參種商業區(依都市計畫說明書圖規定辦理，始得作第參種商業區使用)(原屬第貳種商業區)。,2500,31,持分移轉,09180000
RPWNMLLLJHLGFEA97DA,永平段三小段,2.64,都市：其他:第一種商業區。,100000,1502,持分移轉,02000000
RPRNMLMJJHLGFFA47DA,復興段三小段,36.30,都市：其他:第四種住宅區。,283128,14334,持分移轉,05070000
RPWNMLLMKIKGFEA18DA,溪洲段一小段,20.50,都市：其他:公園用地(公共設施用地)(將來採區段徵收方式辦理整體開發)。100/6/8,1200000,199999,持分移轉,01380000
RPWNMLLMKIKGFEA18DA,溪洲段一小段,3.83,都市：其他:公園用地(公共設施用地)(將來採區段徵收方式辦理整體開發)。82/1/5,1200000,199999,持分移轉,01380002
RPWNMLLMKIKGFEA18DA,溪洲段一小段,129.50,都市：其他:交通用地(公共設施用地) 但是否在公園用地(公共設施用地)(應依建築線或俟地籍測量分割後，再確定將來採區段徵收方式辦理整體開發)。,800000,199999,持分移轉,01840000
RPWNMLLMKIKGFEA18DA,溪洲段一小段,93.50,都市：其他:交通用地(公共設施用地) 但是否在公園用地(公共設施用地)(應依建築線或俟地籍測量分割後，再確定將來採區段徵收方式辦理整體開發)。,1200000,199999,持分移轉,01870000
RPWNMLLMKIKGFEA18DA,溪洲段三小段,93.94,都市：其他:機關用地(公共設施用地)及道路用地(公共設施用地) 但是否在公園用地(公共設施用地)(應依建築線或俟地籍測量分割後，再確定將來採區段徵收方式辦理整體開發)。,36,2,持分移轉,03200000
RPUOMLPKKIKGFDA18DA,吳興段一小段,29.25,都市：其他:第三種住宅區。,4,1,持分移轉,00580000
RPSNMLKMJHLGFDA47DA,逸仙段二小段,48.64,都市：其他:第參種工業區(不得作住宅使用)。,300000,1279,持分移轉,00100000
RPWNMLLMKIKGFEA18DA,富安段三小段,159.46,都市：其他:道路用地(公共設施用地)(將來採區段徵收方式辦理整體開發)。100/6/8,56,10,持分移轉,03350000
RPSNMLKMJHLGFDA47DA,逸仙段二小段,.08,都市：其他:第參種工業區(不得作住宅使用)。,300000,1279,持分移轉,00100001
RPRNMLMLJHLGFFA67DA,復興段二小段,9.18,都市：其他:敦化南北路特定專用區(A區)(依都市計畫說明書圖規定辦理)(原屬第肆種住宅區)。,10000,214,持分移轉,03410000
RPVNMLTLJHLGFEA68DA,百齡段四小段,28.54,都市：其他:第三種住宅區。,10000,146,持分移轉,01560000
RPRNMLMLJHLGFFA67DA,復興段二小段,21.23,都市：其他:敦化南北路特定專用區(A區)(依都市計畫說明書圖規定辦理)(原屬第肆之壹種住宅區)。,10000,214,持分移轉,03410001
RPRNMLMLJHLGFFA67DA,復興段二小段,.09,都市：其他:道路用地(公共設施用地)。48/3/13,10000,214,持分移轉,03410002
RPTOMLKLJHLGFBA37DA,大龍段三小段,28.93,都市：其他:第三種住宅區。,10000,53,持分移轉,03810000
RPRNMLMJKHLGFBA27EA,華中段三小段,9.25,都市：其他:第三之一種住宅區。,4,1,持分移轉,04380000
RPRNMLMJKHLGFBA27EA,華中段三小段,16.75,都市：其他:第三種住宅區。,4,1,持分移轉,04380001
RPUNMLKMJHLGFCA67EA,中山段二小段,17.34,都市：其他:第三種商業區。,10000,204,持分移轉,00630000
RPQNMLMJKHLGFAA07EA,河堤段四小段,31.25,都市：其他:第三種住宅區。,4,1,持分移轉,03930000
RPQNMLMJKHLGFAA07EA,河堤段四小段,9.00,都市：其他:道路用地(公共設施用地)。56/9/9,4,1,持分移轉,03940000
RPPNMLMJKHLGFCA17EA,長安段三小段,29.82,都市：其他:第參種商業區(依都市計畫說明書圖規定辦理，始得作第參種商業區使用)(原屬第參種住宅區)。,11,1,持分移轉,03610000
RPRNMLMJKHLGFFA67EA,金華段四小段,23.00,都市：其他:第三種商業區(特),1,1,全筆移轉,05300000
RPPNMLMJKHLGFCA17EA,長安段三小段,58.45,都市：其他:第參種商業區(依都市計畫說明書圖規定辦理，始得作第參種商業區使用)(原屬第貳種商業區)。,11,1,持分移轉,03610001
RPPNMLMJKHLGFDA27EA,三興段二小段,5.67,都市：其他:第三種住宅區。,10000,126,持分移轉,04330000
SPRNMLMJKHLGFFA77EA,金華段四小段,19.00,,1,1,全筆移轉,05300002
RPPNMLMJKHLGFEA37EA,百齡段二小段,21.01,都市：其他:第參種工業區(不得作住宅使用)。,200000,763,持分移轉,03450000
RPTOMLPKKIKGFAA77DA,永昌段四小段,9.94,都市：其他:第三之一種住宅區。,8000,287,持分移轉,00130000
RPTOMLPKKIKGFAA77DA,永昌段四小段,.36,都市：其他:道路用地(公共設施用地)。59/3/13,8000,287,持分移轉,00130001
RPSNMLMJKHLGFFA77EA,龍泉段一小段,15.52,都市：其他:第參種商業區(依都市計畫說明書圖規定辦理，始得作第參種商業區使用)(原屬第貳種商業區)。,10000,237,持分移轉,10730000
RPQNMLNJKHLGFAA07DA,永昌段三小段,22.40,都市：其他:第三種住宅區。,60,14,持分移轉,07020000
RPTNMLMJKHLGFFA77DA,仁愛段二小段,3.47,都市：其他:第肆種商業區(依都市計畫說明書圖規定辦理，始得作第肆種商業區使用)(原屬第貳種商業區)。,10000,86,持分移轉,06080000
RPTNMLMJKHLGFFA77DA,仁愛段二小段,6.23,都市：其他:第肆種商業區(依都市計畫說明書圖規定辦理，始得作第肆種商業區使用)(原屬第肆種住宅區)。,10000,86,持分移轉,06080001
RPPNMLNJKHLGFAA96DA,木柵段二小段,39.61,都市：其他:第三種住宅區。,10000,565,持分移轉,09630000
RPVNMLNJKHLGFBA67DA,福星段二小段,5.13,都市：其他:第四種商業區。,10000,42,持分移轉,04720000
RPOOMLRLJHLGFCA67DA,西湖段二小段,22.60,都市：其他:第三種住宅區。,100000,2369,持分移轉,03480000
RPPNMLMJKHLGFCA07DA,長安段三小段,17.00,都市：其他:第參種商業區(依都市計畫說明書圖規定辦理，始得作第參種商業區使用)(原屬第參之貳種住宅區)。,40,5,持分移轉,01240000
RPSNMLPKJHLGFDA77DA,逸仙段三小段,1.02,都市：其他:第四種住宅區。,10000,41,持分移轉,08940000
RPSNMLPKJHLGFDA77DA,逸仙段三小段,4.99,都市：其他:第參種商業區(依都市計畫說明書圖規定辦理，始得作第參種商業區使用)(原屬第貳種商業區)。,10000,41,持分移轉,08940001
RPQOMLPJJHLGFEA67DA,崇仰段二小段,128.92,都市：其他:第二種住宅區。,100000,1334,持分移轉,04990000
RPUOMLKMJHLGFBA57DA,大同段一小段,14.20,都市：其他:第一種商業區。,8225,116,持分移轉,07510000
RPXOMLKMJHLGFBA87DA,福星段二小段,68.00,都市：其他:第四種商業區。,1,1,全筆移轉,04570000
RPXOMLKMJHLGFBA87DA,福星段二小段,7.00,都市：其他:道路用地(公共設施用地)。60/9/20,1,1,全筆移轉,04570001
RPXOMLKMJHLGFBA87DA,福星段二小段,1.00,都市：其他:道路用地(公共設施用地)。60/9/20,1,1,全筆移轉,04570002
RPUNMLTJKIKGFFA58DA,辛亥段六小段,30.00,都市：其他:第三種住宅區。,9020,300,持分移轉,00430003
RPQNMLKLKIKGFEA37DA,三合段,21.58,都市：其他:第三種住宅區。,10000,173,持分移轉,00160000
RPUNMLQLJHLGFEA28DA,天母段三小段,21.11,都市：其他:第三種住宅區。,10000,136,持分移轉,05340000
RPRNMLPKJHLGFDA67DA,虎林段四小段,28.50,都市：其他:第三種住宅區。,4,1,持分移轉,02570000
RPPNMLNJKHLGFAA07EA,永昌段四小段,11.50,都市：其他:第三種住宅區。,2,1,持分移轉,01810000
RPPNMLNJKHLGFAA07EA,永昌段四小段,29.00,都市：其他:道路用地(公共設施用地)。,2,1,持分移轉,01810001
RPXPMLRLJHLGFCA68DA,西湖段一小段,24.62,都市：其他:第三種住宅區。,10000,96,持分移轉,06320000
RPQNMLOJKHLGFCA47EA,文德段二小段,21.57,都市：其他:道路用地(公共設施用地)。65/4/15,15,12,持分移轉,03410005
RPTNMLKMKIKGFEA77DA,永新段一小段,16.09,都市：其他:第三種住宅區。,10000,676,持分移轉,00420000
RPQNMLNJKHLGFDA47EA,三興段三小段,4.69,都市：其他:第參種商業區(依都市計畫說明書圖規定辦理，始得作第參種商業區使用)(原屬第貳種商業區) 但是否在第三種住宅區及道路用地(公共設施用地)(應依建築線或俟地籍測量分割後，再確定)。,10000,80,持分移轉,06010000
RPROMLNKJHLGFDA67EA,西松段二小段,97.43,都市：其他:道路用地(公共設施用地)。62/12/31,16700,9743,持分移轉,07100000
RPRNMLMJKHLGFEA57EA,三玉段四小段,40.74,都市：其他:第三種住宅區。,10000,738,持分移轉,01320000
RPWOMLRLJHLGFBA38DA,文昌段二小段,14.32,都市：其他:第三種住宅區。,10000,484,持分移轉,00140000
RPQNMLMKJHLGFFA57EA,仁愛段三小段,24.84,都市：其他:道路用地(公共設施用地)。61/3/27,10000,8873,持分移轉,01480000
RPUNMLNJKHLGFEA97EA,溪洲段一小段,1.64,都市：其他:公園用地(公共設施用地)(將來採區段徵收方式辦理整體開發)。82/1/5,180,5,持分移轉,01570000
RPUNMLNJKHLGFEA97EA,溪洲段三小段,9.72,都市：其他:住宅區(細部計畫尚未完成，尚未能准許依變更後計畫用途使用)。,90,5,持分移轉,01600000
RPUNMLNJKHLGFEA97EA,溪洲段三小段,1.69,都市：其他:住宅區(細部計畫尚未完成，尚未能准許依變更後計畫用途使用)。,144,4,持分移轉,01660000
RPUNMLNJKHLGFEA97EA,溪洲段一小段,5.56,都市：其他:公園用地(公共設施用地)(將來採區段徵收方式辦理整體開發)。100/6/8,96,2,持分移轉,01690000
RPUNMLNJKHLGFEA97EA,溪洲段一小段,.60,都市：其他:公園用地(公共設施用地)(將來採區段徵收方式辦理整體開發)。82/1/5,96,2,持分移轉,01690001
RPUNMLNJKHLGFEA97EA,溪洲段二小段,94.28,都市：其他:住宅區(細部計畫尚未完成，尚未能准許依變更後計畫用途使用) 但是否在道路用地(公共設施用地)(應依建築線或俟地籍測量分割後，再確定)。,72,2,持分移轉,02220000
RPUNMLNJKHLGFEA97EA,溪洲段二小段,42.69,都市：其他:住宅區(細部計畫尚未完成，尚未能准許依變更後計畫用途使用)。,180,5,持分移轉,02250000
RPUNMLNJKHLGFEA97EA,溪洲段二小段,33.78,都市：其他:道路用地(公共設施用地) 但是否在住宅區(細部計畫尚未完成，尚未能准許依變更後計畫用途使用應依建築線或俟地籍測量分割後，再確定)。,180,5,持分移轉,02800000
RPUNMLNJKHLGFEA97EA,溪洲段二小段,106.19,都市：其他:公園用地(公共設施用地)及道路用地(公共設施用地) 但是否在住宅區(細部計畫尚未完成，尚未能准許依變更後計畫用途使用應依建築線或俟地籍測量分割後，再確定)。,180,5,持分移轉,02810000
RPUNMLNJKHLGFEA97EA,溪洲段三小段,181.83,都市：其他:國小用地(公共設施用地)及道路用地(公共設施用地) 但是否在住宅區(細部計畫尚未完成，尚未能准許依變更後計畫用途使用應依建築線或俟地籍測量分割後，再確定)。,90,5,持分移轉,03010000
RPUNMLNJKHLGFEA97EA,溪洲段二小段,66.83,都市：其他:公園用地(公共設施用地)及住宅區 但是否在道路用地(公共設施用地)(細部計畫尚未完成，尚未能准許依變更後計畫用途使用應依建築線或俟地籍測量分割後，再確定)。,96,2,持分移轉,03140000
RPUNMLNJKHLGFEA97EA,溪洲段二小段,38.56,都市：其他:住宅區(細部計畫尚未完成，尚未能准許依變更後計畫用途使用) 但是否在道路用地(公共設施用地)(應依建築線或俟地籍測量分割後，再確定)。,1440,40,持分移轉,03160000
RPUNMLNJKHLGFEA97EA,溪洲段二小段,26.72,都市：其他:住宅區(細部計畫尚未完成，尚未能准許依變更後計畫用途使用) 但是否在道路用地(公共設施用地)(應依建築線或俟地籍測量分割後，再確定)。,288,8,持分移轉,03170000
RPUNMLNJKHLGFEA97EA,溪洲段二小段,63.36,都市：其他:住宅區(細部計畫尚未完成，尚未能准許依變更後計畫用途使用) 但是否在道路用地(公共設施用地)(應依建築線或俟地籍測量分割後，再確定)。,180,5,持分移轉,03320000
RPUNMLNJKHLGFEA97EA,溪洲段二小段,21.92,都市：其他:住宅區(細部計畫尚未完成，尚未能准許依變更後計畫用途使用) 但是否在道路用地(公共設施用地)(應依建築線或俟地籍測量分割後，再確定)。,288,4,持分移轉,04150000
RPUNMLNJKHLGFEA97EA,溪洲段二小段,21.50,都市：其他:住宅區(細部計畫尚未完成，尚未能准許依變更後計畫用途使用) 但是否在道路用地(公共設施用地)(應依建築線或俟地籍測量分割後，再確定)。,288,4,持分移轉,04230000
RPUNMLNJKHLGFEA97EA,溪洲段二小段,5.80,都市：其他:道路用地(公共設施用地)(將來採區段徵收方式辦理整體開發)。100/6/8,384,2,持分移轉,04730000
RPQNMLKLJHLGFBA96DA,龍山段一小段,35.00,都市：其他:第三種商業區。,1,1,全筆移轉,00220000
RPPOMLLMKIKGFAA17DA,華興段二小段,7.24,都市：其他:第二種住宅區 但是否在第三種住宅區(應依建築線或俟地籍測量分割後，再確定)。,10000,41,持分移轉,10160000
RPPOMLLMKIKGFAA17DA,華興段二小段,.98,都市：其他:第二種住宅區。,10000,41,持分移轉,10160005
RPPNMLTLJHLGFFA28EA,通化段二小段,26.25,都市：其他:第三種住宅區。,4,1,持分移轉,07710000
RPPOMLLMKIKGFAA17DA,華興段二小段,.72,都市：其他:第三種住宅區。,10000,41,持分移轉,10160010
RPPOMLLMKIKGFAA17DA,華興段四小段,1.15,都市：其他:第二種住宅區。,10000,41,持分移轉,10230050
RPPOMLLMKIKGFAA17DA,華興段四小段,.38,都市：其他:第三種住宅區。,10000,41,持分移轉,10230066
RPPOMLLMKIKGFAA17DA,華興段四小段,.55,都市：其他:第二種住宅區。,10000,41,持分移轉,10570000
RPPOMLLMKIKGFAA17DA,華興段四小段,1.98,都市：其他:第三種住宅區。,10000,41,持分移轉,10570001
RPPNMLOJKHLGFBA17DA,華江段一小段,43.00,都市：其他:第四種住宅區。,1,1,全筆移轉,00460000
RPPNMLOJKHLGFBA17DA,華江段一小段,11.00,都市：其他:道路用地(公共設施用地)。70/3/13,1,1,全筆移轉,00460001
RPPNMLNJKHLGFCA17DA,潭美段三小段,16.49,都市：其他:第參種工業區(不得作住宅使用)。,100000,402,持分移轉,08910000
RPQNMLOJJHLGFDA37DA,民生段,1.86,都市：其他:第三種商業區(民生社區特定專用區)。,100000,41,持分移轉,00530000
RPXOMLMJKHLGFBA87DA,華江段二小段,9.13,都市：其他:第四之一種住宅區。,9600,97,持分移轉,00220000
RPXOMLMJKHLGFBA87DA,華江段二小段,3.21,都市：其他:第四種住宅區。,9600,97,持分移轉,00220001
RPVOMLTKJHLGFDA58DA,中南段五小段,21.67,都市：其他:第二種住宅區。,24,1,持分移轉,00570000
RPQOMLSKJIKGFCA97EA,潭美段三小段,20.83,都市：其他:第參種工業區(不得作住宅使用)。,100000,508,持分移轉,08910000
RPOPMLRLJHLGFCA77DA,西湖段二小段,22.32,都市：其他:第三種住宅區。,100000,2340,持分移轉,03480000
RPSOMLRLJHLGFBA97DA,公園段二小段,5.03,都市：其他:第四種商業區。,1721599,18736,持分移轉,03700000
RPVNMLPKJHLGFDA08DA,寶清段四小段,5.23,都市：其他:聯合開發區(捷)。,200000,520,持分移轉,05990000
RPQOMLMJKHLGFCA27DA,康寧段四小段,13.88,都市：其他:第三種住宅區。,10000,60,持分移轉,00380000
RPQOMLMJKHLGFCA27DA,康寧段四小段,.05,都市：其他:公園用地(公共設施用地)。63/1/5,10000,60,持分移轉,00380001
RPQOMLMJKHLGFCA27DA,康寧段四小段,.04,都市：其他:公園用地(公共設施用地)。63/1/5,10000,60,持分移轉,00380002
RPQOMLMJKHLGFCA27DA,康寧段三小段,.52,都市：其他:第三種住宅區。,10000,60,持分移轉,05500001
RPROMLQLKIKGFEA18DA,至善段三小段,276.04,都市：其他:第二種住宅區。,100000,45327,持分移轉,05620000
RPROMLQLKIKGFEA18DA,至善段三小段,.40,都市：其他:道路用地(公共設施用地)。70/6/29,5,2,持分移轉,05820001
RPXNMLLLJHLGFDA97DA,美仁段一小段,42.68,都市：其他:第三種住宅區。,98000,606,持分移轉,00020003
RPVNMLSJJHLGFEA38DA,平等段二小段,257.01,都市：其他:保護區。,1,1,全筆移轉,02320000
RPUNMLQJJHLGFEA08DA,奇岩段三小段,29.37,都市：其他:第三種住宅區。,10000,1064,持分移轉,04860000
RPXNMLNJKIKGFDA08DA,三興段二小段,40.25,都市：其他:第三種住宅區。,4,1,持分移轉,08160000
RPSOMLNJKHLGFEA77DA,光華段二小段,16.02,都市：其他:第三種住宅區。,40,1,持分移轉,06890000
RPTNMLTJJHLGFFA38DA,通化段三小段,4.06,都市：其他:第參種商業區(依都市計畫說明書圖規定辦理，始得作第參種商業區使用)(原屬第貳種商業區)。,100000,907,持分移轉,00890000
RPPOMLSLJHLGFFA18DA,金華段四小段,4.88,都市：其他:第三種住宅區。,10000,567,持分移轉,05400000
RPPOMLSLJHLGFFA18DA,金華段四小段,4.99,都市：其他:第三種住宅區。,10000,567,持分移轉,05470000
RPVOMLPJKIKGFAA87DA,永昌段四小段,23.62,都市：其他:第三種住宅區。,29780,44,持分移轉,06310000
RPPNMLOJKHLGFAA17EA,華興段一小段,13.58,都市：其他:第三種住宅區。,37440,468,持分移轉,01730000
RPPNMLOJKHLGFAA17EA,華興段一小段,1.14,都市：其他:道路用地(公共設施用地)。61/1/25,37440,468,持分移轉,01740000
RPVOMLPJKIKGFAA87DA,永昌段四小段,.01,都市：其他:道路用地(公共設施用地)。63/1/3,29780,44,持分移轉,06310001
RPRNMLLJKIKGFEA37DA,天山段二小段,26.38,都市：其他:第二種住宅區。,10000,97,持分移轉,00980000
RPRNMLLJKIKGFEA37DA,天山段二小段,.89,都市：其他:第二種住宅區。,10000,20,持分移轉,01400000
RPRNMLLJKIKGFEA37DA,天山段二小段,.11,都市：其他:第二種住宅區。,10000,3,持分移轉,01410000
RPXNMLOJKHLGFAA87DA,萬慶段二小段,.00,都市：其他:第三種住宅區。,50000,1,持分移轉,01710000
RPXNMLOJKHLGFAA87DA,萬慶段二小段,.00,都市：其他:第三種住宅區。,50000,1,持分移轉,01810000
RPXNMLOJKHLGFAA87DA,萬慶段二小段,26.95,都市：其他:第三種住宅區。,10000,269,持分移轉,01820000
RPXNMLOJKHLGFAA87DA,萬慶段二小段,.00,都市：其他:第三種住宅區。,50000,1,持分移轉,01830000
RPXNMLOJKHLGFAA87DA,萬慶段二小段,.00,都市：其他:第三種住宅區。,50000,1,持分移轉,01840000
RPXNMLOJKHLGFAA87DA,萬慶段二小段,.00,都市：其他:第三種住宅區。,50000,1,持分移轉,01850000
RPXNMLOJKHLGFAA87DA,萬慶段二小段,.00,都市：其他:第三種住宅區。,50000,1,持分移轉,01860000
RPXNMLTJJHLGFAA28DA,永昌段三小段,22.98,都市：其他:第壹種商業區(依都市計畫說明書圖規定辦理，始得作第壹種商業區使用)(原屬第參種住宅區)。,55500,2298,持分移轉,05320000
RPXNMLOJKHLGFAA87DA,萬慶段二小段,.00,都市：其他:第三種住宅區。,50000,1,持分移轉,01870000
RPXNMLOJKHLGFAA87DA,萬慶段二小段,.00,都市：其他:第三種住宅區。,50000,1,持分移轉,01880000
RPXNMLOJKHLGFAA87DA,萬慶段二小段,.00,都市：其他:第三種住宅區。,50000,1,持分移轉,01890000
RPXNMLOJKHLGFAA87DA,萬慶段二小段,.00,都市：其他:第三種住宅區。,50000,1,持分移轉,01900000
RPRNMLQKJHLGFAA47DA,萬芳段三小段,38.60,都市：其他:第二種住宅區。,10000,12,持分移轉,00650000
RPRNMLQKJHLGFAA47DA,公訓段三小段,1.50,都市：其他:第二種住宅區。,10000,12,持分移轉,02650000
RPRNMLMLJHLGFCA37DA,正義段三小段,8.58,都市：其他:第肆種商業區(依都市計畫說明書圖規定辦理，始得作第肆種商業區使用)(原屬第參種商業區)。,1200,100,持分移轉,00860000
RPRNMLMLJHLGFCA37DA,正義段三小段,13.83,都市：其他:第肆種商業區(依都市計畫說明書圖規定辦理，始得作第肆種商業區使用)(原屬第參種商業區)。,1200,100,持分移轉,00870000
RPRNMLMLJHLGFCA37DA,正義段三小段,8.17,都市：其他:第肆種商業區(依都市計畫說明書圖規定辦理，始得作第肆種商業區使用)(原屬第參種商業區) 但是否在道路用地(公共設施用地)(應依建築線或俟地籍測量分割後，再確定)。,1200,100,持分移轉,00930000
RPRPMLRLJHLGFCA08DA,正義段二小段,1.99,都市：其他:第肆種商業區(依都市計畫說明書圖規定辦理，始得作第肆種商業區使用)(原屬第參種商業區)。,10000,32,持分移轉,02210000
RPSNMLQLJHLGFCA87DA,吉林段四小段,5.21,都市：其他:第肆種商業區(依都市計畫說明書圖規定辦理，始得作第肆種商業區使用)(原屬第參種商業區)。,306,5,持分移轉,04950000
RPWNMLNLJHLGFCA97DA,潭美段五小段,14.72,都市：其他:辦公服務區(一)(不得作住宅使用)。,50000,217,持分移轉,00500000
RPUOMLMJKHLGFCA67DA,榮星段六小段,38.50,都市：其他:第三種住宅區。,4,1,持分移轉,02460000
RPWNMLRLJHLGFDA48DA,永春段三小段,62.32,都市：其他:第二種住宅區。,10000,464,持分移轉,00200000
RPWNMLRLJHLGFDA48DA,永春段三小段,55.87,都市：其他:保護區。,10000,464,持分移轉,00220015
RPQPMLMLJHLGFDA57DA,寶清段一小段,26.98,都市：其他:第三種住宅區。,34993,107,持分移轉,00570005
RPPNMLKKJHLGFBA76DA,直興段三小段,9.55,都市：其他:第肆種商業區(依都市計畫說明書圖規定辦理，始得作第肆種商業區使用)(原屬第參種商業區)。,100000,984,持分移轉,02000000
RPVNMLRJJHLGFEA28DA,溫泉段一小段,13.38,都市：其他:特定觀光商業專用區。,10000,246,持分移轉,00830000
RPVNMLNJKHLGFEA97DA,富安段三小段,.25,都市：其他:遊樂區(細部計畫尚未完成，尚未能准許依變更後計畫用途使用)。,72,3,持分移轉,02980000
RPRNMLPJKHLGFBA47DA,玉泉段一小段,2.79,都市：其他:第三種商業區。,10000,21,持分移轉,08370000
RPVNMLNJKHLGFEA97DA,富安段三小段,130.21,都市：其他:遊樂區(細部計畫尚未完成，尚未能准許依變更後計畫用途使用)。,72,3,持分移轉,02990000
RPVNMLNJKHLGFEA97DA,富安段二小段,.46,都市：其他:道路用地(公共設施用地)(將來採區段徵收方式辦理整體開發)。100/6/8,72,3,持分移轉,03700000
RPVNMLNJKHLGFEA97DA,富安段二小段,1.25,都市：其他:道路用地(公共設施用地)(將來採區段徵收方式辦理整體開發)。100/6/8,72,3,持分移轉,03710000
RPVNMLNJKHLGFEA97DA,富安段二小段,72.46,都市：其他:道路用地(公共設施用地) 但是否在娛樂區(細部計畫尚未完成，尚未能准許依變更後計畫用途使用應依建築線或俟地籍測量分割後，再確定)。,72,3,持分移轉,03720000
RPVNMLNJKHLGFEA97DA,富安段二小段,.62,都市：其他:道路用地(公共設施用地)(將來採區段徵收方式辦理整體開發)。100/6/8,72,3,持分移轉,03730000
RPVNMLNJKHLGFEA97DA,富安段二小段,1.88,都市：其他:道路用地(公共設施用地)(將來採區段徵收方式辦理整體開發)。100/6/8,72,3,持分移轉,03740000
RPVNMLNJKHLGFEA97DA,富安段二小段,1.62,都市：其他:道路用地(公共設施用地)(將來採區段徵收方式辦理整體開發)。100/6/8,72,3,持分移轉,03750000
RPVNMLNJKHLGFEA97DA,富安段二小段,3.83,都市：其他:道路用地(公共設施用地)(將來採區段徵收方式辦理整體開發)。100/6/8,72,3,持分移轉,03760000
RPVNMLNJKHLGFEA97DA,富安段二小段,12.21,都市：其他:道路用地(公共設施用地)(將來採區段徵收方式辦理整體開發)。100/6/8,72,3,持分移轉,03770000
RPVNMLNJKHLGFEA97DA,富安段二小段,52.17,都市：其他:道路用地(公共設施用地) 但是否在娛樂區(細部計畫尚未完成，尚未能准許依變更後計畫用途使用應依建築線或俟地籍測量分割後，再確定)。,72,3,持分移轉,03780000
RPTNMLPJKHLGFBA67DA,迪化段一小段,26.25,都市：其他:第三種商業區。,8,2,持分移轉,04620000
RPPNMLPJKHLGFFA67DA,復興段二小段,.37,都市：其他:第肆種商業區(依都市計畫說明書圖規定辦理，始得作第肆種商業區使用)(原屬第貳種商業區)。,100000,539,持分移轉,01580001
RPPNMLPJKHLGFFA67DA,復興段二小段,3.96,都市：其他:第參種商業區(依都市計畫說明書圖規定辦理，始得作第參種商業區使用)(原屬第貳種商業區)。,100000,539,持分移轉,01590000
RPROMLPJKHLGFFA97DA,仁愛段一小段,15.06,都市：其他:第四種住宅區。,16,1,持分移轉,08250000
RPPNMLPJKHLGFEA67EA,芝山段一小段,42.91,都市：其他:第三種住宅區。,10000,268,持分移轉,08000000
RPPNMLQLJHLGFFA97EA,瑞安段二小段,30.02,都市：其他:第參種商業區(依都市計畫說明書圖規定辦理，始得作第參種商業區使用)(原屬第貳種商業區)。,8,1,持分移轉,07520000
RPPNMLPJKHLGFEA67EA,芝山段一小段,.19,都市：其他:道路用地(公共設施用地)。73/4/5,10000,268,持分移轉,08000001
RPPNMLQLJHLGFFA97EA,瑞安段二小段,30.10,都市：其他:第三種住宅區。,8,1,持分移轉,07520001
RPPNMLPJKHLGFEA67EA,芝山段一小段,3.03,都市：其他:道路用地(公共設施用地)。65/11/23,10000,268,持分移轉,08010000
RPPNMLNKJHLGFBA07DA,直興段三小段,9.09,都市：其他:第肆種商業區(依都市計畫說明書圖規定辦理，始得作第肆種商業區使用)(原屬第參種商業區)。,100000,936,持分移轉,02000000
RPRQMLRLJHLGFDA28DA,美仁段二小段,7.61,都市：其他:第參種商業區(依都市計畫說明書圖規定辦理，始得作第參種商業區使用)(原屬第貳種商業區)。,100000,738,持分移轉,02860000
RPRQMLRLJHLGFDA28DA,美仁段二小段,1.59,都市：其他:第三種住宅區。,100000,738,持分移轉,02860001
RPSNMLTKJHLGFFA38DA,懷生段一小段,37.75,都市：其他:第三種住宅區。,4,1,持分移轉,03180000
RPPNMLKMJHLGFAA86DA,實踐段三小段,44.07,都市：其他:第三種住宅區。,10000,288,持分移轉,07820000
RPOOMLKMJHLGFDA17DA,西松段一小段,34.41,都市：其他:第三種住宅區。,300000,1572,持分移轉,00060000
RPUNMLTLKIKGFBA38DA,青年段一小段,22.05,都市：其他:第三種住宅區。,90000,49,持分移轉,00880000
RPRNMLTLJHLGFBA97DA,城中段一小段,7.00,都市：其他:道路用地(公共設施用地)。60/8/26,1,1,全筆移轉,06200000
RPOPMLKMJHLGFBA07DA,青年段二小段,11.75,都市：其他:第三種住宅區。,9415,57,持分移轉,00140000
RPWNMLRLJHLGFFA68DA,辛亥段四小段,14.42,都市：其他:第三種住宅區。,100000,669,持分移轉,07690000
RPROMLLLJHLGFBA27DA,華中段二小段,12.47,都市：其他:第三之二種住宅區。,1000,11,持分移轉,09000000
RPROMLLLJHLGFBA27DA,華中段二小段,.04,都市：其他:道路用地(公共設施用地)。56/8/25,1000,11,持分移轉,09000001
RPROMLLLJHLGFBA27DA,華中段二小段,5.53,都市：其他:第三種住宅區。,1000,11,持分移轉,09000002
RPUOMLNKJHLGFDA87DA,南港段一小段,23.89,都市：其他:住宅區(特)。,100000,770,持分移轉,13200000
RPXNMLPJKIKGFEA38DA,蘭雅段二小段,15.43,都市：其他:第三種住宅區。,10000,232,持分移轉,04010000
RPUNMLSLJHLGFFA58DA,通化段四小段,4.30,都市：其他:第參種商業區(依都市計畫說明書圖規定辦理，始得作第參種商業區使用)(原屬第貳種商業區)。,50000,357,持分移轉,00320000
RPUNMLSLJHLGFFA58DA,通化段四小段,2.12,都市：其他:第參種商業區(依都市計畫說明書圖規定辦理，始得作第參種商業區使用)(原屬第參之壹種住宅區)。,50000,357,持分移轉,00320001
RPPNMLMJJHLGFFA27DA,復興段三小段,30.40,都市：其他:敦化南北路特定專用區(A區)(依都市計畫說明書圖規定辦理)(原屬第肆之壹種住宅區)。,20,1,持分移轉,03220000
RPPNMLMJJHLGFFA27DA,復興段三小段,4.10,都市：其他:敦化南北路特定專用區(A區)(依都市計畫說明書圖規定辦理)(原屬第肆之壹種住宅區)。,20,1,持分移轉,03230000
RPSNMLOLJHLGFFA97DA,瑞安段一小段,13.37,都市：其他:第參種商業區(依都市計畫說明書圖規定辦理，始得作第參種商業區使用)(原屬第貳種商業區)。,10000,235,持分移轉,00360000
RPSNMLPJKHLGFCA67DA,中山段一小段,4.43,都市：其他:第肆種商業區(依都市計畫說明書圖規定辦理，始得作第肆種商業區使用)(原屬第參種商業區)。,100000,401,持分移轉,04470000
RPPNMLQJJHLGFDA47DA,西松段三小段,25.99,都市：其他:第三種住宅區。,400,46,持分移轉,06970000
RPTQMLOJKHLGFFA28DA,仁愛段四小段,.86,都市：其他:道路用地(公共設施用地)。48/3/13,10000,136,持分移轉,03470000
RPQOMLQJKHLGFAA47DA,實踐段一小段,27.25,都市：其他:第三種住宅區。,8832,109,持分移轉,02020000
RPTQMLOJKHLGFFA28DA,仁愛段四小段,14.65,都市：其他:第四之一種住宅區。,10000,136,持分移轉,03480000
RPTQMLOJKHLGFFA28DA,仁愛段四小段,4.73,都市：其他:第四種住宅區。,10000,136,持分移轉,03480001
RPTQMLOJKHLGFFA28DA,仁愛段四小段,2.50,都市：其他:道路用地(公共設施用地)。48/3/13,10000,136,持分移轉,03490000
RPTOMLKMKIKGFBA57DA,漢中段二小段,5.89,都市：其他:第四種商業區。,10000,230,持分移轉,06480000
RPPTMLNJKHLGFBA67DA,莒光段四小段,159.06,都市：其他:第壹種商業區(依都市計畫說明書圖規定辦理，始得作第壹種商業區使用)(原屬第參之壹種住宅區)。,10000,3406,持分移轉,02460000
RPOOMLNLKIKGFEA57DA,立農段三小段,30.00,都市：其他:第三種住宅區。,4,1,持分移轉,00510000
RPPNMLPJKHLGFBA37EA,臨沂段四小段,11.68,都市：其他:第三種住宅區。,6000,464,持分移轉,01090000
RPPNMLPJKHLGFBA37EA,臨沂段四小段,9.59,都市：其他:第三種住宅區。,6000,464,持分移轉,01100000
RPPNMLPJKHLGFBA37EA,臨沂段四小段,6.57,都市：其他:第三種住宅區。,6000,464,持分移轉,01130000
RPOPMLNKJHLGFDA47EA,寶清段五小段,3.54,都市：其他:第二種商業區。,10000,70,持分移轉,02760000
RPTNMLNJKHLGFAA37DA,南海段三小段,6.78,都市：其他:第四種住宅區。,100000,1145,持分移轉,03200000
RPOOMLQJJHLGFBA27DA,臨沂段二小段,32.96,都市：其他:第三種住宅區。,10000,2047,持分移轉,03450000
RPTNMLNJKHLGFAA37DA,南海段三小段,9.25,都市：其他:第參種商業區(依都市計畫說明書圖規定辦理，始得作第參種商業區使用)(原屬第貳種商業區)。,100000,1145,持分移轉,03280000
RPQNMLQJKHLGFBA47DA,雙園段一小段,13.60,都市：其他:第三之一種住宅區。,5,1,持分移轉,03950002
RPQNMLQJKHLGFBA47DA,雙園段一小段,11.00,都市：其他:第三之一種住宅區。,5,1,持分移轉,04060003
RPOOMLKLJHLGFBA86DA,雙園段二小段,70.00,都市：其他:第三種住宅區。,1,1,全筆移轉,04380000
RPWSMLNJKHLGFBA28DA,華中段三小段,40.67,都市：其他:第三種住宅區。,3,1,持分移轉,03420000
RPWNMLQJKHLGFFA48DA,金華段三小段,4.32,都市：其他:第參種商業區(依都市計畫說明書圖規定辦理，始得作第參種商業區使用)(原屬第貳種商業區)。,10000,170,持分移轉,00110000
RPQNMLNJKHLGFBA17DA,青年段一小段,15.97,都市：其他:第三之二種住宅區及第三之一種住宅區及第三種住宅區(是否在公共設施用地應依建築線或俟地籍測量分割後，再確定)。,85319,85,持分移轉,00570000
RPRNMLTJKHLGFCA97DA,碧湖段三小段,42.85,都市：其他:第三種住宅區。,40000,308,持分移轉,04270000
RPRNMLTJKHLGFCA97DA,碧湖段三小段,.03,都市：其他:道路用地(公共設施用地)。,40000,308,持分移轉,04270001
RPSOMLQJKHLGFCA87DA,文德段四小段,33.70,都市：其他:第三種住宅區。,10000,208,持分移轉,02650000
RPQOMLLMKIKGFCA47DA,舊宗段,2.35,都市：其他:科技工業區(C區)(不得作住宅使用)。,100000,4271,持分移轉,00360000
RPQOMLLMKIKGFCA47DA,舊宗段,79.18,都市：其他:科技工業區(C區)(不得作住宅使用)。,100000,4271,持分移轉,00360010
RPSNMLMKJHLGFCA37DA,德惠段四小段,3.86,都市：其他:第肆種商業區(依都市計畫說明書圖規定辦理，始得作第肆種商業區使用)(原屬第參種商業區)。,20000,112,持分移轉,04130000
RPTNMLRLJHLGFFA38DA,龍泉段一小段,23.62,都市：其他:第三種住宅區。,80000,600,持分移轉,07130000
RPQNMLTJKHLGFEA18EA,秀山段一小段,39.50,都市：其他:第三種住宅區。,8,1,持分移轉,07530000
RPPNMLTLJHLGFEA08DA,秀山段二小段,47.27,都市：其他:道路用地(公共設施用地)。66/12/27,10000000,4185804,持分移轉,00150000
RPRNMLPJKHLGFFA87DA,通化段五小段,13.15,都市：其他:第三之一種住宅區。,10000,131,持分移轉,01760000
RPRNMLPJKHLGFFA87DA,通化段五小段,3.92,都市：其他:第三種住宅區。,10000,131,持分移轉,01760005
RPSPMLQKJHLGFCA97DA,大湖段二小段,31.36,都市：其他:第三種住宅區。,100000,1788,持分移轉,00630000
RPRNMLTJKHLGFDA18EA,雅祥段三小段,34.75,都市：其他:第三種住宅區。,4,1,持分移轉,06820000
RPWNMLTJKHLGFEA78EA,新民段三小段,31.93,都市：其他:第二種住宅區及道路用地(公共設施用地)。,1000,62,持分移轉,01850000
RPVNMLTJKHLGFEA68EA,大業段二小段,23.92,都市：其他:第三之二種住宅區。,30000,872,持分移轉,08410000
RPSNMLTLJHLGFEA48EA,天母段三小段,5.59,都市：其他:第三種住宅區。,10000,33,持分移轉,05330000
RPPNMLSLJHLGFFA08DA,仁愛段二小段,36.01,都市：其他:第四種住宅區。,9530,359,持分移轉,00930000
RPUNMLTLJHLGFDA48DA,敦化段一小段,122.27,都市：其他:道路用地(公共設施用地)。48/3/13,240,134,持分移轉,01260000
RPXNMLTJKHLGFEA88EA,芝山段一小段,29.85,都市：其他:第三種住宅區。,20000,642,持分移轉,09060009
RPPOMLTLJHLGFBA87DA,福星段四小段,3.04,都市：其他:第四種商業區。,100000,411,持分移轉,04430000
RPQNMLKKKHLGFEA37EA,湖田段二小段,120.48,都市：其他:陽明山國家公園區(請逕向陽明山國家公園管理處申請)。,6,1,持分移轉,03990000
RPPOMLTLJHLGFBA87DA,福星段四小段,.00,都市：其他:道路用地(公共設施用地)。46/8/28,100000,411,持分移轉,04450002
RPQNMLKKKHLGFEA37EA,湖田段二小段,85.51,都市：其他:陽明山國家公園區(請逕向陽明山國家公園管理處申請)。,6,1,持分移轉,04010000
RPSNMLPJKHLGFEA87DA,陽明段一小段,24.37,都市：其他:第三之二種住宅區。,100000,1600,持分移轉,08130000
RPSNMLQJKHLGFFA18EA,大安段三小段,19.94,都市：其他:第三種住宅區。,90827,36,持分移轉,02980000
RPSNMLPJKHLGFBA57DA,大龍段一小段,32.25,都市：其他:第三種住宅區。,4,1,持分移轉,05110001
RPSPMLPJJHLGFDA87DA,三興段三小段,2.71,都市：其他:第三種住宅區。,100000,890,持分移轉,05620001
RPSPMLPJJHLGFDA87DA,三興段三小段,8.35,都市：其他:第參種商業區(依都市計畫說明書圖規定辦理，始得作第參種商業區使用)(原屬第貳種商業區)。,100000,890,持分移轉,05620002
RPPSMLKKKHLGFBA37DA,臨沂段一小段,7.50,都市：其他:第參種商業區(依都市計畫說明書圖規定辦理，始得作第參種商業區使用)(原屬第貳種商業區)。,10000,95,持分移轉,02470000
RPPSMLKKKHLGFBA37DA,臨沂段一小段,.07,都市：其他:道路用地(公共設施用地)。45/5/4,10000,95,持分移轉,02470002
RPPSMLKKKHLGFBA37DA,臨沂段一小段,.89,都市：其他:第參種商業區(依都市計畫說明書圖規定辦理，始得作第參種商業區使用)(原屬第參種住宅區)。,10000,95,持分移轉,02470003
RPRSMLKKKHLGFBA57DA,臨沂段一小段,4.26,都市：其他:第參種商業區(依都市計畫說明書圖規定辦理，始得作第參種商業區使用)(原屬第貳種商業區)。,10000,54,持分移轉,02470000
RPRSMLKKKHLGFBA57DA,臨沂段一小段,.04,都市：其他:道路用地(公共設施用地)。45/5/4,10000,54,持分移轉,02470002
RPQSMLKKKHLGFBA47DA,臨沂段一小段,7.09,都市：其他:第參種商業區(依都市計畫說明書圖規定辦理，始得作第參種商業區使用)(原屬第貳種商業區)。,60000,539,持分移轉,02470000
RPRSMLKKKHLGFBA57DA,臨沂段一小段,.51,都市：其他:第參種商業區(依都市計畫說明書圖規定辦理，始得作第參種商業區使用)(原屬第參種住宅區)。,10000,54,持分移轉,02470003
RPPOMLOLKIKGFCA57DA,榮星段三小段,27.99,都市：其他:第三種住宅區。,30000,210,持分移轉,05990000
RPQSMLKKKHLGFBA47DA,臨沂段一小段,.06,都市：其他:道路用地(公共設施用地)。45/5/4,20000,176,持分移轉,02470002
RPRNMLLKKHLGFDA37DA,玉成段四小段,10.19,都市：其他:第三之二種住宅區。,20000,331,持分移轉,01230000
RPRNMLLKKHLGFDA37DA,玉成段四小段,4.29,都市：其他:第三種住宅區。,20000,331,持分移轉,01230001
RPRNMLLKKHLGFDA37DA,玉成段四小段,.23,都市：其他:第三之二種住宅區。,20000,331,持分移轉,01270000
RPRNMLLKKHLGFDA37DA,玉成段四小段,.02,都市：其他:第三之二種住宅區。,20000,331,持分移轉,01270001
RPQSMLKKKHLGFBA47DA,臨沂段一小段,.84,都市：其他:第參種商業區(依都市計畫說明書圖規定辦理，始得作第參種商業區使用)(原屬第參種住宅區)。,60000,539,持分移轉,02470003
RPQNMLKKKHLGFCA07DA,長安段四小段,4.23,都市：其他:第參種商業區(依都市計畫說明書圖規定辦理，始得作第參種商業區使用)(原屬第貳種商業區)。,10000,43,持分移轉,01500000
RPROMLQKJHLGFDA87DA,南港段一小段,16.36,都市：其他:第三種商業區。,10000,115,持分移轉,10970000
RPRNMLRLJHLGFEA08DA,崇仰段三小段,53.87,都市：其他:第三種住宅區。,4,1,持分移轉,02780000
RPVPMLQLJHLGFCA38DA,長安段四小段,20.00,都市：其他:第三種住宅區。,4,1,持分移轉,05000000
RPOOMLLLJHLGFFA37DA,復興段一小段,18.28,都市：其他:第四之一種住宅區(特)。,10000,142,持分移轉,02910000
RPUNMLKKKHLGFEA67DA,中洲段,342.37,都市：其他:遊樂區(細部計畫尚未完成，尚未能准許依變更後計畫用途使用)。,5000,1250,持分移轉,00870000
RPTNMLOLJHLGFFA08DA,仁愛段四小段,6.68,都市：其他:敦化南北路特定專用區(A區)(依都市計畫說明書圖規定辦理)(原屬第貳種商業區)。,10000,41,持分移轉,04770000
RPTNMLOLJHLGFFA08DA,仁愛段四小段,2.42,都市：其他:敦化南北路特定專用區(A區)(依都市計畫說明書圖規定辦理)(原屬第肆種住宅區)。,10000,41,持分移轉,04830000
RPTNMLRLJHLGFEA28DA,百齡段六小段,11.67,都市：其他:第三種住宅區。,20928,68,持分移轉,00690000
RPPOMLKKKHLGFEA37EA,百齡段六小段,12.82,都市：其他:第三種住宅區。,15696,68,持分移轉,00660000
RPRPMLQLJHLGFDA08DA,永春段一小段,3.14,都市：其他:第三種住宅區。,100000,307,持分移轉,00890000
RPRPMLQLJHLGFDA08DA,永春段一小段,12.43,都市：其他:第三之一種住宅區。,100000,307,持分移轉,00890001
RPRPMLQLJHLGFDA08DA,永春段一小段,.69,都市：其他:第三種住宅區。,100000,307,持分移轉,00890002
RPVNMLPJKHLGFCA97DA,西湖段二小段,14.08,都市：其他:第一種商業區。,10000,221,持分移轉,02070008
RPXOMLRLJHLGFCA58DA,中山段三小段,5.23,都市：其他:第肆種商業區(依都市計畫說明書圖規定辦理，始得作第肆種商業區使用)(原屬第參種商業區)。,10000,108,持分移轉,04040000
RPWNMLRLJHLGFBA28DA,市府段一小段,9.35,都市：其他:第三種商業區。,10000,201,持分移轉,08470000
RPUNMLKMJHLGFCA57DA,東湖段二小段,31.30,都市：其他:第三種住宅區。,9000,81,持分移轉,00320001
RPVPMLQKJHLGFCA28DA,吉林段三小段,36.67,都市：其他:第貳種商業區(依都市計畫說明書圖規定辦理，始得作第貳種商業區使用)(原屬第參種住宅區)。,3,1,持分移轉,04100000
RPPOMLKKKHLGFCA07DA,吉林段四小段,5.40,都市：其他:第肆種商業區(依都市計畫說明書圖規定辦理，始得作第肆種商業區使用)(原屬第參種商業區) 但是否在道路用地(公共設施用地)(應依建築線或俟地籍測量分割後，再確定)。,10000,71,持分移轉,08030000
RPPOMLKKKHLGFCA07DA,吉林段四小段,.64,都市：其他:第肆種商業區(依都市計畫說明書圖規定辦理，始得作第肆種商業區使用)(原屬第參種商業區) 但是否在道路用地(公共設施用地)(應依建築線或俟地籍測量分割後，再確定)。,10000,71,持分移轉,08040000
RPXSMLNJKHLGFBA38DA,華中段一小段,30.71,都市：其他:第三種住宅區。,100000,403,持分移轉,01180000
RPQOMLTLJHLGFDA18DA,敦化段五小段,7.02,都市：其他:第三之二種住宅區。,6000,52,持分移轉,00270003
RPQOMLTLJHLGFDA18DA,敦化段五小段,8.68,都市：其他:第三之二種住宅區。,6000,52,持分移轉,00270004
RPQNMLKKJHLGFBA86DA,直興段三小段,8.99,都市：其他:第肆種商業區(依都市計畫說明書圖規定辦理，始得作第肆種商業區使用)(原屬第參種商業區)。,100000,926,持分移轉,02000000
RPVNMLQKJHLGFDA18DA,南港段四小段,32.87,都市：其他:第三種住宅區。,10000,145,持分移轉,01200006
RPUNMLNKJHLGFFA97DA,金華段四小段,16.75,都市：其他:第三種住宅區。,4,1,持分移轉,07240000
RPXNMLOJKHLGFDA18DA,民生段,18.04,都市：其他:住宅用地及道路用地(公共設施用地)(民生社區特定專用區)。,98440,403,持分移轉,00080000
RPTOMLOJKHLGFFA08DA,仁愛段五小段,52.08,都市：其他:第四種住宅區。,1043,54,持分移轉,03960000
RPUNMLNKJHLGFFA97DA,金華段四小段,1.50,都市：其他:道路用地(公共設施用地)。62/6/22,4,1,持分移轉,07240001
RPQNMLMKJHLGFCA27EA,石潭段四小段,25.14,都市：其他:第三種商業區。,10000,221,持分移轉,03300000
RPQNMLLKKHLGFAA07EA,河堤段五小段,14.98,都市：其他:第三之一種住宅區。,10000,384,持分移轉,04710000
RPPNMLRJJHLGFDA57DA,民生段,13.85,都市：其他:第參種商業區(依都市計畫說明書圖規定辦理，始得作第參種商業區使用) 但是否在道路用地(公共設施用地)(原屬住宅用地民生社區特定專用區應依建築線或俟地籍測量分割後，再確定)。,5735000,31800,持分移轉,00610000
RPUNMLRLJHLGFDA28DA,南港段一小段,23.89,都市：其他:住宅區(特)。,100000,770,持分移轉,13200000
RPPNMLLMJHLGFAA96DA,興泰段三小段,7.06,都市：其他:第三種住宅區。,40000,179,持分移轉,03770000
RPSOMLTLKIKGFAA18DA,萬芳段二小段,2.15,都市：其他:第三種住宅區。,10000,44,持分移轉,00690000
RPSOMLTLKIKGFAA18DA,萬芳段二小段,89.72,都市：其他:第二種住宅區。,10000,44,持分移轉,00720000
RPQPMLKKKHLGFDA47EA,民生段,33.67,都市：其他:住宅用地(民生社區特定專用區)。,400,67,持分移轉,00350018
RPOOMLTJKHLGFFA08DA,仁愛段一小段,9.21,都市：其他:敦化南北路特定專用區(A區)(依都市計畫說明書圖規定辦理)(原屬第肆種住宅區及第肆之壹種住宅區)。,10000,30,持分移轉,04890000
RPXRMLKKKHLGFBA08DA,青年段一小段,23.40,都市：其他:第三種住宅區。,90000,52,持分移轉,00880000
RPVNMLLKKHLGFBA57DA,青年段一小段,15.23,都市：其他:第一種商業區(特)。,16790,181,持分移轉,01490000
RPVNMLTJKHLGFBA28DA,漢中段三小段,3.79,都市：其他:第四種商業區,1000000000,9910000,持分移轉,09250000
RPUNMLLKKHLGFAA37DA,景美段四小段,18.71,都市：其他:第三種住宅區。,1000,99,持分移轉,00470000
RPPNMLRLKIKGFCA77DA,榮星段二小段,32.00,都市：其他:第三種住宅區。,4,1,持分移轉,03960000
RPPPMLKKKHLGFDA37EA,祥和段二小段,32.50,都市：其他:第三種住宅區。,4,1,持分移轉,07490000
RPTPMLQKJHLGFCA08DA,西湖段二小段,18.92,都市：其他:第三種住宅區。,10000,102,持分移轉,03520000
RPOOMLKMJHLGFCA07DA,榮星段五小段,7.60,都市：其他:第三種住宅區。,10000,188,持分移轉,01080000
RPOPMLMJJHLGFDA17DA,民生段,5.25,都市：其他:第三種商業區(民生社區特定專用區)。,100000,116,持分移轉,00530000
RPSNMLRLJHLGFDA08DA,南港段一小段,31.61,都市：其他:住宅區(供住宅使用)。,100000,575,持分移轉,06190000
RPQNMLNKKHLGFCA37DA,石潭段四小段,61.97,都市：其他:第二種住宅區。,200000,23234,持分移轉,00820000
RPXNMLTLJHLGFDA78DA,中南段二小段,.82,都市：其他:第三種住宅區。,90,1,持分移轉,03500001
RPXNMLTLJHLGFDA78DA,中南段二小段,.07,都市：其他:第三種住宅區。,90,1,持分移轉,03500002
RPXNMLTLJHLGFDA78DA,中南段二小段,15.20,都市：其他:第三種住宅區。,5,1,持分移轉,03500008
RPXNMLTLJHLGFDA78DA,中南段二小段,.03,都市：其他:第三種住宅區。,90,1,持分移轉,03500020
RPXNMLTLJHLGFDA78DA,中南段二小段,.01,都市：其他:道路用地(公共設施用地)。61/11/18,90,1,持分移轉,03500024
RPXNMLTLJHLGFDA78DA,中南段二小段,1.00,都市：其他:第三種住宅區。,90,1,持分移轉,03510002
RPXNMLTLJHLGFDA78DA,中南段二小段,1.03,都市：其他:第三種住宅區。,90,1,持分移轉,03510014
RPXNMLTLJHLGFDA78DA,中南段二小段,.23,都市：其他:第三種住宅區。,90,1,持分移轉,03520000
RPXNMLTLJHLGFDA78DA,中南段二小段,.30,都市：其他:第三種住宅區。,90,1,持分移轉,03520003
RPXNMLTLJHLGFDA78DA,中南段二小段,3.80,都市：其他:第三種住宅區。,5,1,持分移轉,03520005
RPXNMLTLJHLGFDA78DA,中南段二小段,.08,都市：其他:道路用地(公共設施用地)。61/11/18,90,1,持分移轉,03520006
RPUNMLLKKHLGFDA67DA,美仁段二小段,3.35,都市：其他:第參種商業區(依都市計畫說明書圖規定辦理，始得作第參種商業區使用)(原屬第貳種商業區)。,100000,325,持分移轉,02860000
RPUNMLLKKHLGFDA67DA,美仁段二小段,.70,都市：其他:第三種住宅區。,100000,325,持分移轉,02860001
RPSNMLLKKHLGFCA37DA,中山段二小段,19.75,都市：其他:第參種商業區(依都市計畫說明書圖規定辦理，始得作第參種商業區使用)(原屬第肆種住宅區)。,4,1,持分移轉,03650000
RPPNMLLJJHLGFAA66DA,萬隆段一小段,27.24,都市：其他:第三種住宅區。,2000,120,持分移轉,03900000
RPPNMLLJJHLGFAA66DA,萬隆段一小段,1.08,都市：其他:道路用地(公共設施用地)。62/10/24,50,3,持分移轉,03910000
RPQNMLQJKIKGFCA57DA,吉林段五小段,5.09,都市：其他:第貳種商業區(依都市計畫說明書圖規定辦理，始得作第貳種商業區使用)(原屬第參種住宅區及第參之貳種住宅區)。,462523,1545,持分移轉,00230000
RPXNMLOKJHLGFEA28DA,百齡段二小段,26.01,都市：其他:第三種住宅區。,10000,82,持分移轉,02580000
RPPNMLQJKIKGFEA67DA,光華段四小段,14.90,都市：其他:第參種商業區(依都市計畫說明書圖規定辦理，始得作第參種商業區使用)(原屬第參種住宅區依都市計畫說明書圖規定辦理)。,10000,74,持分移轉,08160000
RPOOMLTJJHLGFEA87DA,溫泉段一小段,7.87,都市：其他:特定觀光商業專用區。,20000,242,持分移轉,01000000
RPTOMLLKKHLGFEA77DA,立農段四小段,30.75,都市：其他:第三種住宅區。,4,1,持分移轉,03650000
RPQNMLLKKHLGFCA17DA,西湖段一小段,59.73,都市：其他:第三種住宅區。,100000,515,持分移轉,02560000
RPWNMLNJKHLGFDA97DA,雅祥段四小段,3.59,都市：其他:第二種商業區。,100000,584,持分移轉,01310000
RPWNMLNJKHLGFDA97DA,雅祥段四小段,1.27,都市：其他:第三種住宅區。,100000,584,持分移轉,01320000
RPUOMLLKKHLGFEA87DA,溫泉段三小段,32.50,都市：其他:第三種住宅區。,2,1,持分移轉,04080000
RPTOMLTLJHLGFFA68DA,仁愛段三小段,9.30,都市：其他:第四種住宅區。,100000,3522,持分移轉,04050000
RPOOMLTKJHLGFEA97DA,芝山段一小段,29.62,都市：其他:第三種住宅區。,10000,178,持分移轉,01900000
RPPNMLMKKHLGFBA17EA,城中段二小段,2.68,都市：其他:第四種商業區。,2000000,1600,持分移轉,06470000
RPPNMLLKKHLGFAA96EA,萬隆段二小段,20.62,都市：其他:第一種商業區。,100000,725,持分移轉,06230000
RPPNMLQKJHLGFEA67DA,百齡段四小段,33.93,都市：其他:第三種住宅區。,28,2,持分移轉,00140000
RPQNMLNJKHLGFFA57DA,學府段一小段,46.92,都市：其他:第三種住宅區。,784,38,持分移轉,01200000
RPPOMLMKKHLGFAA17EA,興安段三小段,25.75,都市：其他:第三種住宅區。,4,1,持分移轉,01490000
RPRNMLLKKHLGFDA47EA,玉成段四小段,47.67,都市：其他:第三之二種住宅區。,6,2,持分移轉,07820000
RPVNMLNJKHLGFFA08DA,金華段二小段,29.00,都市：其他:第三種住宅區。,8,2,持分移轉,00920000
RPVNMLLLJHLGFBA57DA,直興段一小段,22.56,都市：其他:第四種住宅區。,10000,146,持分移轉,07460000
RPVNMLNJKHLGFFA08DA,金華段二小段,1.75,都市：其他:第三種住宅區。,8,2,持分移轉,00920001
RPTNMLMKKHLGFCA67EA,康寧段三小段,6.79,都市：其他:第三種住宅區。,10000,19,持分移轉,05410003
RPUOMLMLJHLGFEA97DA,百齡段一小段,37.00,都市：其他:第三種住宅區。,9,3,持分移轉,01510000
RPWNMLMLKIKGFAA77DA,萬隆段二小段,35.52,都市：其他:第三種住宅區。,100000,386,持分移轉,04990000
RPXNMLSJJHLGFCA38DA,大湖段二小段,11.76,都市：其他:第三種住宅區。,10000,71,持分移轉,00260000
RPXNMLSJJHLGFCA38DA,大湖段二小段,.23,都市：其他:第二種住宅區。,10000,71,持分移轉,00260001
RPTOMLTKJHLGFDA38DA,敦化段一小段,20.78,都市：其他:第三種住宅區。,60000,842,持分移轉,00500000
RPPOMLQKJHLGFDA67DA,美仁段一小段,38.31,都市：其他:第三種住宅區。,49000,272,持分移轉,00020003
RPTOMLQLJHLGFBA97DA,大同段一小段,7.95,都市：其他:第四種住宅區。,100000,247,持分移轉,09060000
RPPNMLSKJHLGFCA67DA,中山段一小段,7.67,都市：其他:第肆種商業區(依都市計畫說明書圖規定辦理，始得作第肆種商業區使用)(原屬第參種商業區)。,100000,597,持分移轉,06750000
RPOOMLMKKHLGFCA17DA,吉林段五小段,4.10,都市：其他:第肆種商業區(依都市計畫說明書圖規定辦理，始得作第肆種商業區使用)(原屬第參種商業區)。,12260,77,持分移轉,03110000
RPSOMLQJKHLGFEA08DA,蘭雅段二小段,1.49,都市：其他:第壹種商業區(依都市計畫說明書圖規定辦理，始得作第壹種商業區使用)(原屬第參種住宅區及第參之貳種住宅區) 但是否在道路用地(公共設施用地)(應依建築線或俟地籍測量分割後，再確定)。,25304,9,持分移轉,03230000
RPXNMLQLJHLGFFA68DA,辛亥段四小段,18.20,都市：其他:第三種住宅區。,1000,50,持分移轉,03690000
RPTNMLTJKHLGFEA38DA,芝山段二小段,51.10,都市：其他:第三種住宅區。,100000,7947,持分移轉,04590000
RPRNMLLKKHLGFEA57EA,陽明段二小段,14.80,都市：其他:第一種商業區。,10000,993,持分移轉,03410000
RPTNMLOKJHLGFDA77DA,雅祥段四小段,6.35,都市：其他:第二種商業區及第三種住宅區 但是否在道路用地(公共設施用地)(應依建築線或俟地籍測量分割後，再確定)。,10000,29,持分移轉,04760000
RPPNMLNKKHLGFEA57EA,文林段五小段,27.95,都市：其他:第參種商業區(依都市計畫說明書圖規定辦理，始得作第參種商業區使用)(原屬第參種住宅區) 但是否在第三種住宅區及道路用地(公共設施用地)(應依建築線或俟地籍測量分割後，再確定)。,10000,68,持分移轉,00450000
RPSNMLMKKHLGFCA57EA,中山段二小段,17.34,都市：其他:第三種商業區。,60000,1068,持分移轉,00560000
RPUNMLNLKIKGFBA77DA,華江段二小段,30.01,都市：其他:第三種住宅區。,10000,461,持分移轉,01470074
RPTNMLNLKHLGFAA57DA,實踐段一小段,31.70,都市：其他:第三種住宅區。,9360,377,持分移轉,02060002
RPTNMLNLKHLGFAA57DA,實踐段一小段,.66,都市：其他:第三種住宅區。,9000,26,持分移轉,02110004
RPUNMLOKJHLGFEA97DA,天母段三小段,25.76,都市：其他:第三種住宅區。,10000,166,持分移轉,05340000
RPTNMLLKKHLGFFA77DA,金華段四小段,16.97,都市：其他:第三種住宅區。,64,3,持分移轉,04200000
RPRNMLNKKHLGFEA77EA,大業段二小段,9.30,都市：其他:第參種商業區(依都市計畫說明書圖規定辦理，始得作第參種商業區使用)(原屬第參之貳種住宅區)。,100000,557,持分移轉,07650000
RPTNMLLKKHLGFFA77DA,金華段四小段,.14,都市：其他:道路用地(公共設施用地)。62/6/22,64,3,持分移轉,04200001
RPTNMLLKKHLGFFA77DA,金華段四小段,.14,都市：其他:第三種住宅區。,64,3,持分移轉,04200002
RPTNMLLKKHLGFFA77DA,金華段四小段,5.81,都市：其他:道路用地(公共設施用地)。62/6/22,64,3,持分移轉,04210000
RPRNMLNKKHLGFEA77EA,大業段二小段,7.43,都市：其他:第參種商業區(依都市計畫說明書圖規定辦理，始得作第參種商業區使用)(原屬第參種住宅區)。,100000,557,持分移轉,07900000
RPVNMLPKJHLGFAA77DA,萬隆段二小段,42.61,都市：其他:第三種住宅區。,10000,302,持分移轉,02950000
RPTOMLPJJHLGFCA77DA,東湖段八小段,25.62,都市：其他:第三之二種住宅區及第三種住宅區。,10000,53,持分移轉,00070000
RPTOMLTLJHLGFDA48DA,中南段五小段,36.50,都市：其他:第二種住宅區。,4,1,持分移轉,01990000
RPQNMLSJJHLGFAA47DA,政大段二小段,23.36,都市：其他:第三種住宅區。,100000,2069,持分移轉,04800000
RPQNMLPJKHLGFBA37DA,臨沂段二小段,53.22,都市：其他:第三種住宅區。,750000,39675,持分移轉,03280001
RPPNMLNJKHLGFDA27DA,祥和段二小段,34.15,都市：其他:第三種住宅區。,1572,378,持分移轉,07060000
RPUOMLQJKHLGFAA87DA,福和段二小段,21.24,都市：其他:第三種住宅區。,100000,706,持分移轉,06990000
RPTNMLLKKHLGFDA57DA,福德段一小段,32.00,都市：其他:第三種住宅區。,4,1,持分移轉,04380000
RPWNMLPKKIKGFDA28DA,南港段一小段,7.16,都市：其他:第三種商業區。,100000,558,持分移轉,12230000
RPVNMLNKKHLGFDA97DA,逸仙段三小段,2.60,都市：其他:第參種商業區(依都市計畫說明書圖規定辦理，始得作第參種商業區使用)(原屬第貳種商業區)。,66955,61,持分移轉,07000000
RPSNMLSJJHLGFEA08DA,蘭雅段三小段,17.63,都市：其他:第三種住宅區。,100000,2953,持分移轉,02050000
RPVNMLNKKHLGFDA97DA,逸仙段三小段,16.95,都市：其他:第四種住宅區。,66955,61,持分移轉,07010000
RPVNMLNKKHLGFDA97DA,逸仙段三小段,2.22,都市：其他:第參種商業區(依都市計畫說明書圖規定辦理，始得作第參種商業區使用)(原屬第貳種商業區)。,66955,61,持分移轉,07020000
RPQNMLNLKIKGFFA77DA,懷生段三小段,36.86,都市：其他:第三種住宅區。,7,1,持分移轉,04610000
RPRNMLMKJHLGFCA37EA,安康段,84.60,都市：其他:科技工業區(A區)(特)(不得作住宅使用)。,10000,196,持分移轉,00030007
RPQNMLSLJHLGFDA97DA,美仁段一小段,34.97,都市：其他:第三種住宅區。,50000,277,持分移轉,00180012
RPROMLQJKHLGFEA97DA,三合段,18.25,都市：其他:第三種住宅區。,10000,135,持分移轉,00350000
RPWOMLNKJHLGFDA18EA,永吉段四小段,26.00,都市：其他:第三種住宅區。,48,6,持分移轉,00410018
RPWOMLNKJHLGFDA18EA,永吉段四小段,2.12,都市：其他:第三種住宅區。,432,6,持分移轉,00410019
RPWOMLNKJHLGFDA18EA,永吉段四小段,.01,都市：其他:道路用地(公共設施用地)。56/4/4,432,6,持分移轉,00410020
RPTNMLKKKHLGFEA57DA,秀山段二小段,25.60,都市：其他:第三種住宅區。,10,1,持分移轉,03770000
RPWNMLMKKHLGFDA97DA,南港段一小段,14.00,都市：其他:第三種商業區。,5600,1400,持分移轉,10750000
RPOOMLSLJHLGFFA08DA,通化段五小段,14.12,都市：其他:第三種住宅區。,10000,364,持分移轉,03430000
RPUNMLNLKIKGFFA18DA,大安段三小段,15.23,都市：其他:敦化南北路特定專用區(B區)(依都市計畫說明書圖規定辦理)(原屬第參種住宅區及第參之貳種住宅區)。,311883,14844,持分移轉,00490000
RPUNMLPKJHLGFBA77DA,福星段二小段,.29,都市：其他:第四種商業區。,10000,31,持分移轉,05300000
RPUNMLPKJHLGFBA77DA,福星段二小段,1.55,都市：其他:第四種商業區。,10000,31,持分移轉,05330000
RPQNMLNKKHLGFEA67EA,芝山段二小段,.61,都市：其他:道路用地(公共設施用地)。66/1/12,119,1,持分移轉,03470000
RPVOMLOKJHLGFBA87DA,漢中段三小段,3.83,都市：其他:第四種商業區。,100000,103,持分移轉,08160000
RPQNMLNKKHLGFEA67EA,芝山段二小段,.50,都市：其他:道路用地(公共設施用地)。66/1/12,119,1,持分移轉,03490000
RPQNMLNKKHLGFEA67EA,芝山段二小段,7.16,都市：其他:第三種住宅區。,43,1,持分移轉,03500000
RPQNMLNKKHLGFEA67EA,芝山段二小段,1.03,都市：其他:道路用地(公共設施用地)。66/1/12,119,1,持分移轉,03510000
RPQNMLNKKHLGFEA67EA,芝山段二小段,.28,都市：其他:道路用地(公共設施用地)。66/1/12,119,1,持分移轉,03530000
RPQNMLNKKHLGFEA67EA,芝山段二小段,11.22,都市：其他:道路用地(公共設施用地)。66/1/12,119,1,持分移轉,03910000
RPQNMLNKKHLGFEA67EA,芝山段二小段,.08,都市：其他:第三種住宅區。,119,1,持分移轉,03910001
RPQNMLNKKHLGFEA67EA,芝山段二小段,.04,都市：其他:第三種住宅區。,119,1,持分移轉,03910002
RPQNMLNKKHLGFEA67EA,芝山段二小段,34.12,都市：其他:第三種住宅區。,43,1,持分移轉,03940000
RPPNMLKKKHLGFDA17EA,新光段三小段,24.25,都市：其他:第三種住宅區。,4,1,持分移轉,03040000
RPVNMLNLJHLGFBA77DA,公園段二小段,4.52,都市：其他:第四種商業區。,10000,40,持分移轉,03800000
RPPNMLOKJHLGFFA67EA,辛亥段四小段,21.20,都市：其他:第三種住宅區。,60,6,持分移轉,02190000
RPXNMLNLKHLGFBA08DA,成功段一小段,5.66,都市：其他:第參種商業區(依都市計畫說明書圖規定辦理，始得作第參種商業區使用)(原屬第貳種商業區)。,10000,40,持分移轉,01330000
RPXNMLNLKHLGFBA08DA,成功段一小段,2.17,都市：其他:第三種商業區。,10000,40,持分移轉,01330001
RPTNMLMKJHLGFFA87EA,仁愛段六小段,17.83,都市：其他:道路用地(公共設施用地)。48/3/13,3000,86,持分移轉,04160000
RPRPMLNLKHLGFBA67DA,莒光段三小段,26.40,都市：其他:第三種住宅區。,5,1,持分移轉,03650005
RPOOMLQLKIKGFCA67DA,長春段三小段,20.51,都市：其他:第三種住宅區。,2000,477,持分移轉,03170000
RPQOMLTKJHLGFCA97DA,康寧段三小段,19.27,都市：其他:第三種住宅區。,10000,73,持分移轉,09400000
RPQNMLKKKHLGFDA27EA,玉成段五小段,1.30,都市：其他:第三之二種住宅區。,81584,312,持分移轉,01750000
RPQNMLKKKHLGFDA27EA,玉成段五小段,26.07,都市：其他:第三種住宅區。,81584,312,持分移轉,01750001
RPROMLKKKHLGFCA27DA,文德段四小段,30.68,都市：其他:第三種住宅區。,25,1,持分移轉,00530000
RPVNMLNLKHLGFCA97DA,東湖段一小段,6.63,都市：其他:第一種商業區。,10000,111,持分移轉,00130001
RPUNMLTLJHLGFEA58DA,行義段三小段,9.80,都市：其他:第三種住宅區。,10000,63,持分移轉,02590000
RPTNMLTJKHLGFDA28DA,新光段二小段,24.72,都市：其他:第三種住宅區。,10000,151,持分移轉,03740000
RPSOMLQJJHLGFDA87DA,西松段一小段,7.53,都市：其他:第三之一種住宅區。,30700,84,持分移轉,00090007
RPSOMLQJJHLGFDA87DA,西松段一小段,9.73,都市：其他:第三種住宅區。,30700,84,持分移轉,00090038
RPUNMLQJJHLGFDA97DA,永春段一小段,3.28,都市：其他:第三種住宅區。,100000,321,持分移轉,00890000
RPPNMLNJJHLGFEA27DA,光華段二小段,18.20,都市：其他:第三之二種住宅區及第三種住宅區。,10000,91,持分移轉,09460000
RPUNMLQJJHLGFDA97DA,永春段一小段,12.99,都市：其他:第三之一種住宅區。,100000,321,持分移轉,00890001
RPQOMLNLKIKGFEA77DA,光華段二小段,31.00,都市：其他:第三種住宅區。,10,1,持分移轉,03240000
RPUNMLQJJHLGFDA97DA,永春段一小段,.72,都市：其他:第三種住宅區。,100000,321,持分移轉,00890002
RPVNMLLKKHLGFDA77DA,三興段三小段,7.35,都市：其他:第參種商業區(依都市計畫說明書圖規定辦理，始得作第參種商業區使用)(原屬第貳種商業區)。,10000,126,持分移轉,04060000
RPSNMLOLKHLGFEA97DA,翠山段一小段,237.00,都市：其他:保護區。,1,1,全筆移轉,00910004
RPSNMLOLKHLGFEA97DA,翠山段一小段,787.00,都市：其他:保護區。,1,1,全筆移轉,00920000
RPPOMLPJJHLGFEA57DA,崇仰段二小段,139.55,都市：其他:第二種住宅區。,100000,1444,持分移轉,04990000
RPQNMLPKKIKGFDA67DA,民生段,11.33,都市：其他:住宅用地(民生社區特定專用區)。,2752,55,持分移轉,01090012
RPVOMLQJKHLGFEA38DA,關渡段二小段,28.93,都市：其他:第三之一種住宅區及第三種住宅區 但是否在道路用地(公共設施用地)(應依建築線或俟地籍測量分割後，再確定)。,9216,91,持分移轉,04500000
RPUNMLNKKHLGFCA77DA,正義段三小段,12.64,都市：其他:第肆種商業區(依都市計畫說明書圖規定辦理，始得作第肆種商業區使用)(原屬第參種商業區)。,10000,292,持分移轉,01750000
RPSOMLPJKHLGFFA08DA,仁愛段一小段,15.06,都市：其他:第四種住宅區。,16,1,持分移轉,08250000
RPRNMLOLKHLGFAA57EA,景美段四小段,1.27,都市：其他:第三種住宅區。,19680,306,持分移轉,00030000
RPRNMLOLKHLGFAA57EA,景美段四小段,37.55,都市：其他:第三種住宅區。,19680,306,持分移轉,00040000
RPOOMLRJJHLGFFA77DA,大安段二小段,21.68,都市：其他:第三種住宅區。,10000,649,持分移轉,01410000
RPXNMLTJJHLGFDA58DA,虎林段四小段,7.51,都市：其他:第參種商業區(依都市計畫說明書圖規定辦理，始得作第參種商業區使用)(原屬第參種住宅區)。,1831638,4136,持分移轉,00280000
RPXNMLTJJHLGFDA58DA,虎林段四小段,5.43,都市：其他:第參種商業區(依都市計畫說明書圖規定辦理，始得作第參種商業區使用)(原屬第貳種商業區)。,1831638,4136,持分移轉,00280001
RPXNMLTJJHLGFDA58DA,虎林段四小段,.63,都市：其他:道路用地(公共設施用地)。51/2/2,1831638,4136,持分移轉,00290000
RPTOMLNLKHLGFDA97DA,永吉段四小段,22.54,都市：其他:第三種住宅區。,1000,72,持分移轉,01280000
RPROMLLMKIKGFFA87DA,辛亥段六小段,25.80,都市：其他:第三種住宅區。,10,1,持分移轉,00320000
RPWNMLKLJHLGFBA57DA,公園段三小段,19.04,都市：其他:第四種商業區。,10000,89,持分移轉,02450000
RPSNMLOLKHLGFEA08EA,行義段一小段,9.13,都市：其他:第二種住宅區。,10000,80,持分移轉,02710000
RPPNMLOLKHLGFDA67EA,敦化段二小段,2.98,都市：其他:第參種商業區(依都市計畫說明書圖規定辦理，始得作第參種商業區使用)(原屬第貳種商業區)。,100000,301,持分移轉,02560000
RPPNMLOLKHLGFDA67EA,敦化段二小段,.08,都市：其他:第參種商業區(依都市計畫說明書圖規定辦理，始得作第參種商業區使用)(原屬第參種住宅區)。,100000,301,持分移轉,02560002
RPPNMLOLKHLGFBA47EA,漢中段一小段,.34,都市：其他:第四種商業區。,10000,35,持分移轉,05460000
RPVNMLQKJHLGFAA87DA,實踐段二小段,71.04,都市：其他:第三種住宅區。,10000,578,持分移轉,03490000
RPQNMLOLKHLGFCA57DA,長安段二小段,3.18,都市：其他:第參種商業區(依都市計畫說明書圖規定辦理，始得作第參種商業區使用)(原屬第貳種商業區)。,10000,36,持分移轉,04730000
RPUNMLLKKHLGFBA47DA,中正段二小段,13.25,都市：其他:第三種住宅區。,4,1,持分移轉,04900000
RPUNMLLKKHLGFBA47DA,中正段二小段,7.00,都市：其他:第參種商業區(依都市計畫說明書圖規定辦理，始得作第參種商業區使用)(原屬第貳種商業區)。,4,1,持分移轉,04900001
RPTPMLRLJHLGFCA28DA,石潭段三小段,5.15,都市：其他:第三之一種住宅區。,10000,153,持分移轉,05580000
RPTPMLRLJHLGFCA28DA,石潭段三小段,6.07,都市：其他:第三種住宅區。,10000,153,持分移轉,05580001
RPPNMLTLJHLGFCA87DA,碧湖段一小段,104.75,都市：其他:第二種住宅區。,4,1,持分移轉,07550000
RPPNMLKKKHLGFAA76DA,景美段二小段,31.00,都市：其他:第三種住宅區。,4,1,持分移轉,04420000
RPUNMLKMJHLGFDA67DA,民生段,10.90,都市：其他:住宅用地(民生社區特定專用區) 但是否在道路用地(公共設施用地)(應依建築線或俟地籍測量分割後，再確定)。,10000,100,持分移轉,00590000
RPTNMLKKKHLGFDA47DA,永春段一小段,14.10,都市：其他:第三種住宅區。,10000,376,持分移轉,04490000
RPQNMLMLJHLGFDA37DA,吳興段二小段,9.49,都市：其他:第三種住宅區。,10000,558,持分移轉,01660000
RPWOMLMLJHLGFDA08DA,延吉段三小段,36.00,都市：其他:第三種住宅區。,4,1,持分移轉,05140000
RPPOMLTKJHLGFEA08DA,天山段二小段,33.03,都市：其他:第三種住宅區。,10000,278,持分移轉,04100000
RPVNMLOLKHLGFCA08DA,東湖段七小段,26.70,都市：其他:第三種住宅區。,10000,118,持分移轉,00590000
RPRNMLSLJHLGFEA18DA,百齡段五小段,15.71,都市：其他:第三之二種住宅區 但是否在第三種住宅區(應依建築線或俟地籍測量分割後，再確定)。,2000,17,持分移轉,02960000
RPVNMLMJKHLGFEA87DA,文林段三小段,34.39,都市：其他:第三種住宅區。,10000,847,持分移轉,03430000
RPRPMLNLKHLGFCA77DA,西湖段一小段,27.82,都市：其他:第三種住宅區。,10000,71,持分移轉,02080000
RPTNMLLKKHLGFEA67DA,行義段三小段,12.38,都市：其他:第三種住宅區。,10000,123,持分移轉,04000000
RPVNMLPLKHLGFDA28DA,民生段,35.75,都市：其他:住宅用地(民生社區特定專用區)。,4,1,持分移轉,01160026
RPRNMLNLKHLGFDA67DA,逸仙段三小段,14.80,都市：其他:第參種商業區(依都市計畫說明書圖規定辦理，始得作第參種商業區使用)(原屬第貳種商業區) 但是否在第四種住宅區(應依建築線或俟地籍測量分割後，再確定)。,10000,160,持分移轉,04980000
RPOOMLLMKIKGFAA07DA,景美段五小段,19.16,都市：其他:第三種商業區。,100000,452,持分移轉,00420000
RPQNMLMKKHLGFEA47DA,天母段四小段,31.81,都市：其他:第三種住宅區。,300000,15720,持分移轉,04690000
RPQNMLOLKHLGFCA67EA,長安段三小段,6.10,都市：其他:第三之二種住宅區。,10000,250,持分移轉,07710000
RPPNMLQLKHLGFEA97EA,關渡段二小段,10.50,都市：其他:第三之一種住宅區。,10000,90,持分移轉,00560000
RPPNMLQLKHLGFEA97EA,關渡段二小段,.04,都市：其他:道路用地(公共設施用地)。65/3/2,10000,90,持分移轉,00560001
RPPNMLQLKHLGFEA97EA,關渡段二小段,13.01,都市：其他:第三種住宅區。,10000,90,持分移轉,00560002
RPOOMLKMKIKGFEA37DA,永平段一小段,25.06,都市：其他:第三種住宅區。,10000,180,持分移轉,02940000
RPWNMLQKJHLGFAA97DA,公訓段二小段,34.33,都市：其他:第參種商業區(依都市計畫說明書圖規定辦理，始得作第參種商業區使用)(原屬第參種住宅區)。,9,3,持分移轉,03790000
RPTNMLNLKHLGFFA08DA,辛亥段六小段,15.72,都市：其他:第三種住宅區。,10000,127,持分移轉,00480006
RPPNMLNLKHLGFBA27DA,華中段二小段,17.25,都市：其他:第三種住宅區。,16,4,持分移轉,09060000
RPUNMLPLKHLGFBA97DA,青年段二小段,1.30,都市：其他:第三之一種住宅區。,8070,67,持分移轉,00130000
RPUNMLPLKHLGFBA97DA,青年段二小段,14.16,都市：其他:第三種住宅區。,8070,67,持分移轉,00130001
RPVNMLOLKHLGFBA97DA,漢中段二小段,7.94,都市：其他:第四種商業區。,20000,428,持分移轉,02550000
RPUOMLPJJHLGFCA87DA,金泰段,47.09,都市：其他:住宅區(供拆遷安置專案住宅使用)。,500000,224,持分移轉,00720000
RPPNMLPLKHLGFBA47DA,玉泉段一小段,17.43,都市：其他:第三種商業區。,100000,669,持分移轉,10140000
RPWNMLRLJHLGFCA38DA,康寧段四小段,30.43,都市：其他:第三種住宅區。,20000,458,持分移轉,02160000
RPPNMLKMJHLGFCA07DA,碧湖段二小段,15.71,都市：其他:第三種商業區。,10000,168,持分移轉,02680000
RPSNMLKKJHLGFBA07DA,雙連段三小段,7.96,都市：其他:第三種商業區。,10000,129,持分移轉,08470000
RPUPMLPLKHLGFCA28DA,潭美段三小段,26.45,都市：其他:第參種工業區(不得作住宅使用)。,23095600,264463,持分移轉,08890000
RPSPMLOLKHLGFCA97DA,康寧段四小段,41.33,都市：其他:第三種住宅區。,6,2,持分移轉,03130000
RPUNMLLKKHLGFEA77DA,行義段三小段,12.38,都市：其他:第三種住宅區。,10000,123,持分移轉,04000000
RPXNMLOLKHLGFCA28DA,長春段三小段,15.75,都市：其他:第參種商業區(依都市計畫說明書圖規定辦理，始得作第參種商業區使用)(原屬第貳種商業區)。,20000,314,持分移轉,00820000
RPVNMLTLJHLGFCA48DA,正義段二小段,1.99,都市：其他:第肆種商業區(依都市計畫說明書圖規定辦理，始得作第肆種商業區使用)(原屬第參種商業區)。,10000,32,持分移轉,02210000
RPXNMLOLKHLGFCA28DA,長春段三小段,.23,都市：其他:第參種商業區(依都市計畫說明書圖規定辦理，始得作第參種商業區使用)(原屬第參種住宅區)。,20000,324,持分移轉,00890001
RPUOMLKKKHLGFCA57DA,碧湖段三小段,20.41,都市：其他:第三種住宅區。,10000,23,持分移轉,01230000
RPVNMLTLJHLGFBA38DA,福星段二小段,4.68,都市：其他:第四種商業區。,100000,381,持分移轉,06180000
RPUOMLKKKHLGFCA57DA,碧湖段三小段,.00,都市：其他:道路護坡用地(公共設施用地)。78/7/27,10000,23,持分移轉,01230001
RPTOMLLMKIKGFEA97DA,蘭雅段一小段,2.10,都市：其他:第三種住宅區。,10,1,持分移轉,03810001
RPTOMLLMKIKGFEA97DA,蘭雅段一小段,45.60,都市：其他:第三種住宅區。,10,1,持分移轉,03820000
RPSNMLMJLHLGFEA67DA,文林段一小段,32.67,都市：其他:第三種住宅區。,3,1,持分移轉,01390000
RPSNMLPJJHLGFCA57DA,長安段二小段,.95,都市：其他:第參種商業區(依都市計畫說明書圖規定辦理，始得作第參種商業區使用)(原屬第貳種商業區) 但是否在道路用地(公共設施用地)(應依建築線或俟地籍測量分割後，再確定)。,10000,16,持分移轉,00140000
RPSNMLPJJHLGFCA57DA,長安段二小段,.75,都市：其他:第參種商業區(依都市計畫說明書圖規定辦理，始得作第參種商業區使用)(原屬第參種住宅區及第貳種商業區)。,10000,16,持分移轉,00510000
RPSNMLQLKHLGFCA97DA,大湖段二小段,.59,都市：其他:第二種住宅區。,10000,98,持分移轉,02590000
RPSNMLQLKHLGFCA97DA,大湖段二小段,31.28,都市：其他:第三種住宅區。,10000,98,持分移轉,02590001
RPUNMLMJLHLGFEA87DA,文林段一小段,93.00,都市：其他:第三種住宅區。,1,1,全筆移轉,01330000
RPTNMLMJLHLGFEA77DA,文林段一小段,32.67,都市：其他:第三種住宅區。,3,1,持分移轉,01390000
RPWNMLLKKHLGFEA97DA,天母段一小段,26.72,都市：其他:第三種住宅區。,100000,1185,持分移轉,04560000
RPXNMLRLJHLGFFA78DA,仁愛段三小段,31.29,都市：其他:第四種住宅區。,10000,308,持分移轉,01050000
RPRNMLMJLHLGFEA67EA,福順段二小段,23.25,都市：其他:第三種住宅區。,4,1,持分移轉,04850000
RPRNMLQLKHLGFDA08EA,敦化段四小段,39.60,都市：其他:第三種住宅區。,10000,126,持分移轉,03070000
RPRNMLQLKHLGFDA08EA,敦化段四小段,.39,都市：其他:第三種住宅區。,10000,126,持分移轉,03200000
RPRNMLQLKHLGFDA08EA,敦化段四小段,.39,都市：其他:第三種住宅區。,10000,126,持分移轉,03210000
RPQNMLLLJHLGFFA47DA,仁愛段四小段,22.03,都市：其他:第參種商業區(依都市計畫說明書圖規定辦理，始得作第參種商業區使用)(原屬第貳種商業區)。,100000,2248,持分移轉,04450000
RPQNMLLLJHLGFFA47DA,仁愛段四小段,1.00,都市：其他:第四種住宅區。,100000,494,持分移轉,04460002
RPQNMLTLJHLGFAA77DA,政大段二小段,10.96,都市：其他:第三種住宅區。,10000,183,持分移轉,05100000
RPRNMLKMJHLGFAA07DA,景美段二小段,42.94,都市：其他:第三種住宅區。,10000,880,持分移轉,04070000
RPPOMLSJJHLGFCA67DA,中山段一小段,30.00,都市：其他:第肆種商業區(依都市計畫說明書圖規定辦理，始得作第肆種商業區使用)(原屬第參種商業區)。,18,3,持分移轉,05900000
RPTNMLPLKHLGFBA87DA,漢中段三小段,6.84,都市：其他:第四種商業區。,100000,184,持分移轉,08160000
RPSNMLPLKHLGFEA08DA,福順段一小段,26.28,都市：其他:第三之二種住宅區。,100000,1948,持分移轉,04400000
RPSOMLRLJHLGFAA87DA,實踐段一小段,58.12,都市：其他:第三種住宅區。,160,20,持分移轉,03080000
RPUNMLLKKHLGFCA57DA,德惠段四小段,2.71,都市：其他:第肆種商業區(依都市計畫說明書圖規定辦理，始得作第肆種商業區使用)(原屬第參種商業區) 但是否在道路用地(公共設施用地)(應依建築線或俟地籍測量分割後，再確定)。,10000,21,持分移轉,03100000
RPQNMLRLJHLGFCA77DA,德惠段四小段,4.41,都市：其他:第肆種商業區(依都市計畫說明書圖規定辦理，始得作第肆種商業區使用)(原屬第參種商業區)。,10000,146,持分移轉,06010000
RPOOMLMJLHLGFBA07DA,青年段一小段,12.18,都市：其他:第三種住宅區。,8170,115,持分移轉,06990000
RPXNMLOJKHLGFCA08DA,文德段一小段,20.19,都市：其他:第三種住宅區。,10000,41,持分移轉,03190000
RPVOMLPLKHLGFCA28DA,潭美段三小段,13.15,都市：其他:第參種工業區(不得作住宅使用)。,100000,225,持分移轉,05420000
RPUOMLPLKHLGFCA18DA,西湖段一小段,39.94,都市：其他:第貳種工業區(不得作住宅使用)。,1000,24,持分移轉,02240000
RPSOMLPLKHLGFCA97DA,西湖段一小段,39.94,都市：其他:第貳種工業區(不得作住宅使用)。,1000,24,持分移轉,02240000
RPVNMLNJLHLGFAA67DA,實踐段二小段,32.21,都市：其他:第三種住宅區。,980,27,持分移轉,01670000
RPSNMLOJKHLGFAA37DA,河堤段四小段,13.53,都市：其他:第三種住宅區。,100000,1279,持分移轉,02760000
RPXOMLOLKHLGFCA38DA,舊宗段,36.56,都市：其他:住宅區(供住宅使用)。,1000000,23300,持分移轉,01050000
RPQOMLNLKHLGFDA67DA,民生段,35.50,都市：其他:住宅用地(民生社區特定專用區)。,8,1,持分移轉,00110029
RPVNMLLLJHLGFDA77DA,逸仙段三小段,2.21,都市：其他:第四種住宅區。,10000,103,持分移轉,07530001
RPVNMLLLJHLGFDA77DA,逸仙段三小段,.96,都市：其他:第四種住宅區。,10000,103,持分移轉,08660000
RPVNMLLLJHLGFDA77DA,逸仙段三小段,1.80,都市：其他:第參種商業區(依都市計畫說明書圖規定辦理，始得作第參種商業區使用)(原屬第貳種商業區)。,10000,103,持分移轉,08660001
RPTNMLMJLHLGFDA67DA,延吉段三小段,107.67,都市：其他:道路用地(公共設施用地)。48/3/13,60,4,持分移轉,02260000
RPOOMLQJJHLGFEA57DA,開明段二小段,15.60,都市：其他:第三種住宅區。,5,1,持分移轉,05260000
RPVNMLQLJHLGFFA48DA,金華段一小段,85.12,都市：其他:第三種住宅區。,10000,1060,持分移轉,03500000
RPRNMLTKJHLGFEA18DA,百齡段六小段,10.88,都市：其他:第三種住宅區。,10000,253,持分移轉,08070000
RPSNMLNLKHLGFEA87DA,立農段五小段,31.95,都市：其他:第三種住宅區。,30000,1290,持分移轉,04360000
RPPNMLTLJHLGFFA18DA,通化段六小段,17.30,都市：其他:第三之一種住宅區及第三種住宅區。,40000,376,持分移轉,02620000
RPPNMLTLJHLGFFA18DA,通化段六小段,3.77,都市：其他:第三種住宅區。,40000,376,持分移轉,03010001
RPTOMLRLJHLGFEA38DA,開明段三小段,7.83,都市：其他:市場用地(公共設施用地)。,10000,17,持分移轉,03500000
RPUNMLLMKIKGFAA57DA,興隆段一小段,13.73,都市：其他:第三種住宅區。,10000,435,持分移轉,00020000
RPPPMLRLJHLGFDA97DA,祥和段二小段,27.86,都市：其他:第三種住宅區。,1200,21,持分移轉,05630000
RPOOMLOLKIKGFEA67DA,百齡段四小段,23.50,都市：其他:第三種住宅區。,4,1,持分移轉,01730000
RPOOMLOLKIKGFEA67DA,百齡段四小段,6.50,都市：其他:道路用地(公共設施用地)。68/12/28,4,1,持分移轉,01730001
RPQNMLNKJHLGFCA37EA,文德段五小段,2.10,都市：其他:科技工業區(B區)(不得作住宅使用)。,29968680000,142016028,持分移轉,03530000
RPQNMLNKJHLGFCA37EA,文德段五小段,3.91,都市：其他:科技工業區(B區)(不得作住宅使用)。,84992,1344,持分移轉,03540000
RPQNMLNKJHLGFCA37EA,文德段五小段,1.49,都市：其他:科技工業區(B區)(不得作住宅使用)。,125440,1146,持分移轉,03670000
RPQNMLNKJHLGFCA37EA,文德段五小段,1.89,都市：其他:科技工業區(B區)(不得作住宅使用)。,125440,1146,持分移轉,03670001
RPSPMLKMKIKGFBA57DA,青年段二小段,16.00,都市：其他:第三種住宅區。,4,1,持分移轉,04510000
RPQNMLNKJHLGFCA37EA,文德段五小段,1.03,都市：其他:科技工業區(B區)(不得作住宅使用)。,56000,153,持分移轉,03680000
RPQNMLNKJHLGFCA37EA,文德段五小段,.58,都市：其他:科技工業區(B區)(不得作住宅使用)。,56000,153,持分移轉,03680001
RPRNMLNJLHLGFBA37DA,華江段一小段,29.33,都市：其他:第四種住宅區。,3,2,持分移轉,02190000
RPPNMLMJLHLGFBA17EA,臨沂段二小段,34.26,都市：其他:第三種住宅區。,100000,7948,持分移轉,00030000
RPWNMLPLKHLGFAA08DA,興泰段一小段,15.40,都市：其他:第二種住宅區。,20000,22,持分移轉,08110000
RPWNMLPLKHLGFAA08DA,興泰段一小段,3.60,都市：其他:第二種住宅區。,20000,22,持分移轉,08130000
RPWNMLPLKHLGFAA08DA,興泰段一小段,1.09,都市：其他:第二種住宅區。,20000,24,持分移轉,08140000
RPWNMLPLKHLGFAA08DA,興泰段一小段,.55,都市：其他:第二種住宅區。,20000,21,持分移轉,08160000
RPSNMLMKKHLGFFA77DA,龍泉段三小段,4.38,都市：其他:第參種商業區(依都市計畫說明書圖規定辦理，始得作第參種商業區使用)(原屬第貳種商業區)。,100000,1690,持分移轉,09710000
RPTNMLMKKHLGFFA87DA,仁愛段一小段,19.58,都市：其他:第四種住宅區。,10000,146,持分移轉,07070000
RPWOMLTJKHLGFBA48DA,雙連段三小段,13.78,都市：其他:第三種商業區。,100000,2291,持分移轉,06560000
RPWOMLTJKHLGFBA48DA,雙連段三小段,.88,都市：其他:第四種住宅區。,100000,2291,持分移轉,06560002
RPTNMLKLJHLGFCA37DA,碧湖段三小段,37.86,都市：其他:第三種住宅區。,1000,60,持分移轉,04920000
RPOOMLNJLHLGFBA17DA,臨沂段二小段,10.26,都市：其他:第三種住宅區。,10000,333,持分移轉,02900000
RPTOMLKMKIKGFAA47DA,興隆段三小段,29.94,都市：其他:第三種住宅區。,10000,625,持分移轉,04690000
RPPNMLOJJHLGFCA17DA,吉林段二小段,14.38,都市：其他:第貳種商業區(依都市計畫說明書圖規定辦理，始得作第貳種商業區使用)(原屬第參種住宅區)。,1000,26,持分移轉,02440000
RPTNMLQLKHLGFCA08DA,吉林段一小段,24.50,都市：其他:第三種住宅區。,4,1,持分移轉,07140000
RPPPMLNLKHLGFCA57DA,文德段五小段,50.88,都市：其他:科技工業區(A區)(不得作住宅使用)。,10000,201,持分移轉,00980000
RPPOMLNJLHLGFCA37DA,德惠段四小段,3.00,都市：其他:第肆種商業區(依都市計畫說明書圖規定辦理，始得作第肆種商業區使用)(原屬第參種商業區)。,9900,30,持分移轉,02830000
RPPPMLNLKHLGFCA57DA,文德段五小段,10.79,都市：其他:科技工業區(A區)(不得作住宅使用)。,10000,201,持分移轉,00980001
RPPNMLKMKIKGFDA27DA,永春段二小段,23.31,都市：其他:第三種住宅區。,200000,2280,持分移轉,02840000
RPROMLKMKIKGFDA57DA,美仁段二小段,36.50,都市：其他:第三種住宅區。,4,1,持分移轉,04240000
RPROMLTLJHLGFDA28DA,西松段三小段,17.00,都市：其他:第三之一種住宅區(特)。,5,1,持分移轉,00340009
RPROMLTLJHLGFDA28DA,西松段三小段,4.58,都市：其他:第三之一種住宅區(特)。,185,1,持分移轉,00340039
RPWNMLKMJHLGFDA87DA,經貿段,27.96,都市：其他:住宅區(供商務住宅使用)。,100000,1122,持分移轉,00320006
RPXNMLQJKHLGFDA38DA,新光段三小段,21.25,都市：其他:第三種住宅區。,4,1,持分移轉,04430000
RPSNMLLLJHLGFDA47DA,永吉段二小段,3.70,都市：其他:第參種商業區(依都市計畫說明書圖規定辦理，始得作第參種商業區使用)(原屬第貳種商業區)。,20000,54,持分移轉,00050000
RPRNMLQLJHLGFEA97DA,振興段四小段,28.38,都市：其他:第三種商業區。,8,1,持分移轉,00440000
RPSNMLLLJHLGFDA47DA,永吉段二小段,6.05,都市：其他:第參種商業區(依都市計畫說明書圖規定辦理，始得作第參種商業區使用)(原屬第參之壹種住宅區)。,20000,54,持分移轉,00120000
RPSNMLLLJHLGFDA47DA,永吉段二小段,3.90,都市：其他:第三種住宅區。,20000,54,持分移轉,00120001
RPTNMLLJKHLGFDA47DA,西松段二小段,24.07,都市：其他:第三種住宅區。,10000,186,持分移轉,00670000
RPQNMLRLKIKGFEA08DA,振興段一小段,12.53,都市：其他:第三種住宅區。,10000,314,持分移轉,03860000
RPUOMLNLKHLGFCA97DA,文德段五小段,50.88,都市：其他:科技工業區(A區)(不得作住宅使用)。,10000,201,持分移轉,00980000
RPUOMLNLKHLGFCA97DA,文德段五小段,10.79,都市：其他:科技工業區(A區)(不得作住宅使用)。,10000,201,持分移轉,00980001
RPQOMLSLJHLGFBA87DA,臨沂段三小段,20.90,都市：其他:第三種住宅區。,10,1,持分移轉,04030000
RPSNMLLJLHLGFCA37DA,碧湖段三小段,26.70,都市：其他:第三種住宅區。,20000,420,持分移轉,03060000
RPRNMLLKKHLGFEA47DA,三玉段三小段,11.24,都市：其他:第三種住宅區。,10000,324,持分移轉,03450000
RPWNMLKLJHLGFEA87DA,立農段四小段,30.50,都市：其他:第三種住宅區。,4,1,持分移轉,03460000
RPWNMLMJLHLGFEA08DA,奇岩段三小段,9.33,都市：其他:第三種住宅區。,100000,7121,持分移轉,05440000
RPROMLMJLHLGFEA67DA,三玉段五小段,3.14,都市：其他:第三種住宅區。,35,1,持分移轉,00700000
RPROMLMJLHLGFEA67DA,三玉段五小段,.31,都市：其他:第三種住宅區。,35,1,持分移轉,00800000
RPUNMLMJLHLGFAA47DA,萬芳段一小段,44.58,都市：其他:第參類住宅用地(萬芳社區特定專用區)。,10000,382,持分移轉,00990001
RPOPMLPLKIKGFEA87DA,行義段二小段,68.93,都市：其他:第二種住宅區。,10000,1253,持分移轉,01260000
RPPNMLNJLHLGFBA27EA,青年段一小段,21.60,都市：其他:第三種住宅區。,90000,48,持分移轉,00880000
RPSNMLMKJHLGFCA47EA,西湖段四小段,63.64,都市：其他:科技工業區(A區)(不得作住宅使用)。,10000,204,持分移轉,01220000
RPSNMLTJKHLGFBA97DA,圓環段三小段,5.00,都市：其他:第三種商業區。,10000,81,持分移轉,00990000
RPQQMLSLJHLGFBA08DA,漢中段一小段,4.27,都市：其他:第四種商業區。,100000,1650,持分移轉,07060000
RPRNMLTKJHLGFFA28DA,學府段四小段,12.07,都市：其他:第三之二種住宅區及第三種住宅區。,10000,59,持分移轉,00700000
RPROMLPKKIKGFDA87DA,民生段,30.40,都市：其他:住宅用地。,5,1,持分移轉,00280037
RPUNMLNJLHLGFBA67DA,福星段四小段,2.82,都市：其他:第四種商業區。,10000,86,持分移轉,01960000
RPPNMLMKJHLGFCA07DA,西湖段二小段,22.63,都市：其他:第三種住宅區。,100000,2372,持分移轉,03480000
RPUNMLNJLHLGFBA67DA,福星段四小段,.02,都市：其他:道路用地(公共設施用地)。60/9/20,10000,86,持分移轉,01960001
RPUNMLPJKHLGFCA87DA,榮星段五小段,21.15,都市：其他:第參種商業區(依都市計畫說明書圖規定辦理，始得作第參種商業區使用)(原屬第參種住宅區及第參之貳種住宅區)。,10000,187,持分移轉,00070000
RPQOMLLKKHLGFCA27DA,德惠段四小段,2.71,都市：其他:第肆種商業區(依都市計畫說明書圖規定辦理，始得作第肆種商業區使用)(原屬第參種商業區) 但是否在道路用地(公共設施用地)(應依建築線或俟地籍測量分割後，再確定)。,10000,21,持分移轉,03100000
RPVNMLMKKHLGFCA77DA,文德段三小段,8.80,都市：其他:第三之一種住宅區。,100000,1838,持分移轉,00880000
RPVNMLMKKHLGFCA77DA,文德段三小段,11.51,都市：其他:第三種住宅區。,100000,1838,持分移轉,00890003
RPWOMLPJJHLGFCA08DA,中山段一小段,13.09,都市：其他:第肆種商業區(依都市計畫說明書圖規定辦理，始得作第肆種商業區使用)(原屬第參種商業區)。,22788,386,持分移轉,00420000
RPUNMLNJLHLGFCA77DA,中山段三小段,10.50,都市：其他:第肆種商業區(依都市計畫說明書圖規定辦理，始得作第肆種商業區使用)(原屬第參種商業區)。,10000,217,持分移轉,04040000
RPOOMLKKKIKGFDA07DA,玉成段四小段,18.77,都市：其他:第三種住宅區。,10000,147,持分移轉,09160000
RPSPMLPKKIKGFDA08DA,敦化段三小段,3.63,都市：其他:第參種商業區(依都市計畫說明書圖規定辦理，始得作第參種商業區使用)(原屬第貳種商業區)。,10000,55,持分移轉,03850000
RPVNMLOJLHLGFDA08DA,中南段一小段,27.44,都市：其他:第三種住宅區。,100,14,持分移轉,02880000
RPQNMLNJLHLGFEA67EA,百齡段二小段,247.66,都市：其他:第參種工業區(不得作住宅使用)。,100000,4300,持分移轉,03870000
RPSNMLNJLHLGFEA87EA,百齡段二小段,230.38,都市：其他:第參種工業區(不得作住宅使用)。,100000,4000,持分移轉,03870000
RPPNMLOJLHLGFFA77EA,大安段一小段,12.11,都市：其他:第三種住宅區。,18,2,持分移轉,05450000
RPVNMLMJLHLGFDA87DA,三興段三小段,6.19,都市：其他:第參種商業區(依都市計畫說明書圖規定辦理，始得作第參種商業區使用)(原屬第貳種商業區)。,30000,162,持分移轉,03150000
RPPNMLOJLHLGFFA67DA,大安段二小段,57.51,都市：其他:第三種住宅區。,10000,619,持分移轉,00870000
RPRNMLNJLHLGFEA77EA,百齡段二小段,218.86,都市：其他:第參種工業區(不得作住宅使用)。,100000,3800,持分移轉,03870000
RPQNMLPJLHLGFBA57EA,雙連段三小段,14.32,都市：其他:第三種商業區。,10000,430,持分移轉,07770000
RPPNMLTJKHLGFAA57DA,政大段四小段,29.02,都市：其他:第三種住宅區。,100000,2988,持分移轉,08370000
RPRNMLOJLHLGFEA87EA,百齡段六小段,12.82,都市：其他:第三種住宅區。,15696,68,持分移轉,00660000
RPQNMLMLKIKGFBA27DA,中正段一小段,4.11,都市：其他:第三之一種住宅區。,10000,274,持分移轉,00440000
RPQNMLMLKIKGFBA27DA,臨沂段二小段,26.43,都市：其他:第三之一種住宅區。,10000,274,持分移轉,02270000
RPQNMLMLKIKGFBA27DA,臨沂段二小段,2.03,都市：其他:第三種住宅區。,10000,274,持分移轉,02270001
RPQNMLMLKIKGFBA27DA,臨沂段二小段,1.11,都市：其他:第三種住宅區。,10000,274,持分移轉,02320001
RPQOMLLLJHLGFBA17DA,華中段二小段,11.34,都市：其他:第三之二種住宅區。,1000,10,持分移轉,09000000
RPUNMLOJLHLGFBA77DA,華江段二小段,16.25,都市：其他:第四之一種住宅區。,4,1,持分移轉,00150000
RPQOMLLLJHLGFBA17DA,華中段二小段,.04,都市：其他:道路用地(公共設施用地)。56/8/25,1000,10,持分移轉,09000001
RPUNMLOJLHLGFBA77DA,華江段二小段,15.75,都市：其他:第四種住宅區。,4,1,持分移轉,00150001
RPQOMLLLJHLGFBA17DA,華中段二小段,5.03,都市：其他:第三種住宅區。,1000,10,持分移轉,09000002
RPXNMLQKKIKGFFA68DA,懷生段四小段,19.50,都市：其他:第三種住宅區。,8,1,持分移轉,03260000
RPRPMLNJLHLGFCA67DA,石潭段四小段,9.54,都市：其他:第三種商業區。,100000,340,持分移轉,04230000
RPTOMLPLKHLGFDA18DA,美仁段一小段,36.04,都市：其他:第三種住宅區。,114000,1090,持分移轉,00180007
RPQNMLMJKHLGFDA27DA,三興段二小段,35.50,都市：其他:第三種住宅區。,4,1,持分移轉,02470000
RPXOMLOJLHLGFEA48DA,光華段二小段,25.50,都市：其他:第三之二種住宅區。,2,1,持分移轉,07630000
RPXOMLOJLHLGFEA48DA,光華段二小段,28.50,都市：其他:第三種住宅區。,2,1,持分移轉,07630001
RPVRMLNJLHLGFDA38DA,虎林段四小段,53.00,都市：其他:第三種住宅區。,1,1,全筆移轉,04340000
RPPNMLPJKHLGFDA47DA,犂和段四小段,27.93,都市：其他:第三種住宅區。,90,2,持分移轉,00100000
RPOPMLOJLHLGFEA67DA,光華段二小段,25.50,都市：其他:第三之二種住宅區。,2,1,持分移轉,07630000
RPOPMLOJLHLGFEA67DA,光華段二小段,28.50,都市：其他:第三種住宅區。,2,1,持分移轉,07630001
RPSNMLMJKHLGFDA47DA,雅祥段四小段,.62,都市：其他:第二種商業區。,1800,13,持分移轉,08210000
RPSNMLMJKHLGFDA47DA,雅祥段四小段,.87,都市：其他:第二種商業區。,1800,13,持分移轉,08220000
RPSNMLMJKHLGFDA47DA,雅祥段四小段,.77,都市：其他:第二種商業區。,1800,13,持分移轉,08230000
RPSNMLMJKHLGFDA47DA,雅祥段四小段,.01,都市：其他:第三種住宅區。,1800,13,持分移轉,08230002
RPSNMLMJKHLGFDA47DA,雅祥段四小段,.08,都市：其他:第三之一種住宅區。,1800,13,持分移轉,08230003
RPSNMLMJKHLGFDA47DA,雅祥段四小段,2.86,都市：其他:第二種商業區。,1800,13,持分移轉,08300000
RPSNMLMJKHLGFDA47DA,雅祥段四小段,3.31,都市：其他:第三之一種住宅區。,1800,13,持分移轉,08300001
RPSNMLMJKHLGFDA47DA,雅祥段四小段,.85,都市：其他:第二種商業區。,1800,13,持分移轉,08310000
RPSNMLMJKHLGFDA47DA,雅祥段四小段,1.42,都市：其他:第二種商業區。,1800,13,持分移轉,08320000
RPSNMLMJKHLGFDA47DA,雅祥段四小段,1.35,都市：其他:第二種商業區。,1800,13,持分移轉,08330000
RPOOMLSLJHLGFCA77DA,榮星段七小段,32.65,都市：其他:第三之二種住宅區及第三種住宅區。,10000,377,持分移轉,00040001
RPVNMLMJJHLGFDA67DA,雅祥段一小段,6.58,都市：其他:第參種商業區(依都市計畫說明書圖規定辦理，始得作第參種商業區使用)(原屬第貳種商業區)。,10000,82,持分移轉,04020000
RPVNMLMJJHLGFDA67DA,雅祥段一小段,.34,都市：其他:第三種住宅區。,10000,82,持分移轉,04030001
RPVNMLMJJHLGFDA67DA,雅祥段一小段,.19,都市：其他:第三種住宅區。,10000,82,持分移轉,04050001
RPVNMLMJJHLGFDA67DA,雅祥段一小段,.17,都市：其他:第三種住宅區。,10000,82,持分移轉,04190000
RPVNMLMJJHLGFDA67DA,雅祥段一小段,.84,都市：其他:第三種住宅區。,10000,82,持分移轉,04220001
RPRNMLOJLHLGFCA67EA,東湖段一小段,30.76,都市：其他:第三種住宅區。,100000,3933,持分移轉,00290003
RPPNMLLLKIKGFAA96DA,景美段四小段,16.65,都市：其他:第三種商業區。,10000,216,持分移轉,03340000
RPXNMLTKJHLGFBA48DA,青年段一小段,69.00,都市：其他:第三種住宅區。,1,1,全筆移轉,07900000
RPUNMLQKJHLGFBA87DA,臨沂段二小段,12.27,都市：其他:第三之二種住宅區。,100000,2277,持分移轉,01260000
RPUNMLQKJHLGFBA87DA,臨沂段二小段,8.90,都市：其他:第三種住宅區。,100000,2277,持分移轉,01260001
RPUNMLQKJHLGFBA87DA,臨沂段二小段,2.44,都市：其他:道路用地(公共設施用地)。72/8/8,100000,2277,持分移轉,01260002
RPUOMLLMKIKGFCA87DA,中山段一小段,4.56,都市：其他:第肆種商業區(依都市計畫說明書圖規定辦理，始得作第肆種商業區使用)(原屬第參種商業區)。,32806,456,持分移轉,01390000
RPUNMLNLKIKGFAA67DA,政大段四小段,17.76,都市：其他:第三種住宅區。,10000,301,持分移轉,03110000
RPPNMLPJLHLGFCA57EA,康寧段三小段,3.60,都市：其他:第三種住宅區。,50000,23,持分移轉,03810000
RPTNMLQKJHLGFCA87DA,石潭段三小段,32.10,都市：其他:第三種住宅區。,100000,649,持分移轉,06580000
RPPNMLKKKHLGFEA17DA,振興段三小段,20.89,都市：其他:第三種商業區。,100000,811,持分移轉,05850000
RPQNMLPJLHLGFCA57DA,東湖段二小段,27.19,都市：其他:第三種住宅區。,10000,163,持分移轉,00070008
RPQNMLPJLHLGFCA57DA,東湖段二小段,1.71,都市：其他:第二種住宅區。,10000,163,持分移轉,00070016
RPRPMLOLKHLGFCA87DA,文德段五小段,115.31,都市：其他:科技工業區(B區)(不得作住宅使用)。,100000,2559,持分移轉,03040000
RPQNMLPJLHLGFCA57DA,東湖段二小段,.05,都市：其他:道路用地(公共設施用地)。65/2/11,10000,163,持分移轉,00070017
RPPNMLRJKHLGFCA57DA,長安段二小段,.09,都市：其他:第三種住宅區。,100000,11,持分移轉,05260000
RPPNMLRJKHLGFCA57DA,長安段二小段,.01,都市：其他:第三種住宅區。,100000,11,持分移轉,05290000
RPPNMLRJKHLGFCA57DA,長安段二小段,33.49,都市：其他:第三之一種住宅區(特)。,10000,346,持分移轉,05300000
RPOQMLMJJHLGFDA27DA,美仁段二小段,11.38,都市：其他:第三種住宅區。,10000,34,持分移轉,02230000
RPTPMLNJLHLGFDA97DA,延吉段三小段,31.00,都市：其他:第三種住宅區。,1028,124,持分移轉,02330000
RPRNMLMKKHLGFDA47DA,祥和段二小段,27.00,都市：其他:第貳種商業區(依都市計畫說明書圖規定辦理，始得作第貳種商業區使用)(原屬第參種住宅區)。,4,1,持分移轉,00150000
RPXNMLPLKHLGFDA48DA,西松段二小段,44.07,都市：其他:第三種住宅區。,10000,293,持分移轉,01980000
RPRNMLMKKHLGFDA47DA,祥和段二小段,.50,都市：其他:道路用地(公共設施用地)。56/6/30,4,1,持分移轉,00150001
RPTQMLOJLHLGFDA18DA,民生段,42.00,都市：其他:住宅用地(民生社區特定專用區)。,8,1,持分移轉,00510044
RPPNMLLLKIKGFCA17DA,吉林段五小段,18.67,都市：其他:第三種住宅區。,6,1,持分移轉,01680000
RPPNMLLLKIKGFCA17DA,吉林段五小段,2.48,都市：其他:第三種住宅區。,52,1,持分移轉,01840000
RPPNMLLLKIKGFCA17DA,吉林段五小段,.21,都市：其他:第參種商業區(依都市計畫說明書圖規定辦理，始得作第參種商業區使用)(原屬第參種住宅區)。,52,1,持分移轉,01840001
RPTNMLTLJHLGFDA38DA,犂和段三小段,5.72,都市：其他:第參種商業區(依都市計畫說明書圖規定辦理，始得作第參種商業區使用)(原屬第參之壹種住宅區)。,100000,380,持分移轉,00070000
RPWNMLQKJHLGFEA38DA,天母段四小段,19.22,都市：其他:第二種住宅區。,100000,1379,持分移轉,00130000
RPTNMLTLJHLGFDA38DA,犂和段三小段,2.71,都市：其他:第參種商業區(依都市計畫說明書圖規定辦理，始得作第參種商業區使用)(原屬第參種住宅區)。,100000,380,持分移轉,00070001
RPXNMLTKKIKGFDA78DA,西松段一小段,51.62,都市：其他:第三種住宅區。,100000,786,持分移轉,00060000
RPPNMLKKKHLGFFA27DA,龍泉段二小段,10.27,都市：其他:第三種住宅區。,10000,626,持分移轉,01790000
RPVNMLNJKIKGFAA57DA,指南段二小段,2.33,都市：其他:保護區。,24,1,持分移轉,01270000
RPSNMLPJLHLGFBA77EA,大同段二小段,4.11,都市：其他:第三種商業區。,10000,419,持分移轉,01910000
RPVNMLPLKHLGFFA48DA,通化段二小段,4.98,都市：其他:第參種商業區(依都市計畫說明書圖規定辦理，始得作第參種商業區使用)(原屬第貳種商業區)。,100000,695,持分移轉,05910000
RPSNMLPJLHLGFBA77EA,大同段二小段,7.42,都市：其他:第三種商業區。,10000,419,持分移轉,01930000
RPOOMLNJKIKGFAA96DA,指南段二小段,14.00,都市：其他:保護區。,24,6,持分移轉,01270000
RPQNMLTLJHLGFFA28DA,仁愛段二小段,17.77,都市：其他:敦化南北路特定專用區(A區)(依都市計畫說明書圖規定辦理)(原屬第肆之壹種住宅區)。,5579,45,持分移轉,07000000
RPQNMLTLJHLGFFA28DA,仁愛段二小段,.49,都市：其他:道路用地(公共設施用地)。48/3/13,5579,45,持分移轉,07010000
RPQNMLTLJHLGFFA28DA,仁愛段二小段,.07,都市：其他:敦化南北路特定專用區(A區)(依都市計畫說明書圖規定辦理)(原屬第肆之壹種住宅區)。,5579,45,持分移轉,07010001
RPQNMLNJLHLGFDA47DA,信義段一小段,17.02,都市：其他:第三種住宅區。,10000,17,持分移轉,02690000
RPWNMLNJKIKGFAA67DA,指南段二小段,2.33,都市：其他:保護區。,24,1,持分移轉,01270000
RPRNMLKKKHLGFDA37EA,永吉段一小段,11.66,都市：其他:第三種住宅區。,100000,728,持分移轉,01220000
RPPOMLNJKIKGFAA07DA,指南段二小段,7.00,都市：其他:保護區。,24,3,持分移轉,01270000
RPQNMLQJLHLGFFA08EA,學府段一小段,4.42,都市：其他:第參種商業區(依都市計畫說明書圖規定辦理，始得作第參種商業區使用)(原屬第貳種商業區)。,10000,118,持分移轉,03740000
RPXNMLOLKIKGFEA48DA,奇岩段一小段,3.94,都市：其他:第二種住宅區 但是否在道路用地(公共設施用地)(應依建築線或俟地籍測量分割後，再確定)。,10000,4,持分移轉,02860000
RPXNMLOLKIKGFEA48DA,奇岩段一小段,15.82,都市：其他:第三種住宅區。,10000,111,持分移轉,03170000
RPXNMLOLKIKGFEA48DA,奇岩段一小段,20.77,都市：其他:第二種住宅區。,10000,111,持分移轉,03250000
RPUOMLOJLHLGFEA18DA,天母段四小段,23.95,都市：其他:第三種住宅區。,20,1,持分移轉,04270000
RPQNMLMJKIKGFAA96DA,河堤段一小段,24.08,都市：其他:第三種住宅區。,170,46,持分移轉,04150000
RPRNMLQLKHLGFFA18DA,懷生段二小段,13.10,都市：其他:第三種住宅區。,10000,25,持分移轉,05440000
RPRNMLQLKHLGFFA18DA,懷生段二小段,.01,都市：其他:道路用地(公共設施用地)。68/11/13,10000,25,持分移轉,05440006
RPSNMLQLJIKGFBA77DA,城中段二小段,1.29,都市：其他:第四種商業區。,100000,162,持分移轉,03630000
RPPNMLKMJIKGFDA17DA,吳興段二小段,10.89,都市：其他:第三種住宅區。,10000,311,持分移轉,07920000
RPPNMLTJKIKGFBA67DA,華江段二小段,7.73,都市：其他:第三種住宅區。,20000,177,持分移轉,01470062
RPXNMLPJKIKGFDA28DA,經貿段,21.48,都市：其他:住宅區(供住宅使用)。,100000,1524,持分移轉,00760002
RPUOMLPJKIKGFCA97DA,大湖段二小段,3.00,都市：其他:第壹種商業區(依都市計畫說明書圖規定辦理，始得作第壹種商業區使用)(原屬第貳種住宅區)。,10000,20,持分移轉,02110000
RPUOMLPJKIKGFCA97DA,大湖段二小段,5.04,都市：其他:第壹種商業區(依都市計畫說明書圖規定辦理，始得作第壹種商業區使用)(原屬第參種住宅區)。,10000,20,持分移轉,02120000
RPUOMLPJKIKGFCA97DA,大湖段二小段,.09,都市：其他:第壹種商業區(依都市計畫說明書圖規定辦理，始得作第壹種商業區使用)(原屬第參種住宅區)。,10000,20,持分移轉,02120001
RPUNMLNJKIKGFDA77DA,信義段三小段,204.00,都市：其他:住宅區(信義計畫特定專用區)。,10000,250,持分移轉,00160000
RPXNMLPJKIKGFBA08DA,玉泉段一小段,13.10,都市：其他:第三種商業區。,100000,503,持分移轉,10140000
RPPOMLTJKIKGFDA97DA,三興段一小段,.96,都市：其他:第參種商業區(依都市計畫說明書圖規定辦理，始得作第參種商業區使用)(原屬第貳種商業區)。,10000,2,持分移轉,08720000
RPUNMLPJKIKGFBA77DA,福星段一小段,6.52,都市：其他:第肆種商業區(依都市計畫說明書圖規定辦理，始得作第肆種商業區使用)(原屬第參種商業區)。,10000,80,持分移轉,02820000
RPPNMLQLJIKGFCA57DA,吉林段四小段,2.71,都市：其他:第肆種商業區(依都市計畫說明書圖規定辦理，始得作第肆種商業區使用)(原屬第參種商業區)。,100000,370,持分移轉,06240000
RPXNMLKKJIKGFDA77DA,逸仙段三小段,1.35,都市：其他:第參種商業區(依都市計畫說明書圖規定辦理，始得作第參種商業區使用)(原屬第貳種商業區)及第參種商業區(依都市計畫說明書圖規定辦理，始得作第參種商業區使用)(原屬商業用地國父紀念館特定專用區)。,19606,7,持分移轉,00320000
RPXNMLKKJIKGFDA77DA,逸仙段三小段,.07,都市：其他:第四種住宅區(特)及第四之一種住宅區(特)。,19606,7,持分移轉,00320005
RPXNMLKKJIKGFDA77DA,逸仙段三小段,.47,都市：其他:第四種住宅區(特)及第四種住宅區。,19606,7,持分移轉,00440000
RPOOMLKKJIKGFDA96DA,逸仙段三小段,1.35,都市：其他:第參種商業區(依都市計畫說明書圖規定辦理，始得作第參種商業區使用)(原屬第貳種商業區)及第參種商業區(依都市計畫說明書圖規定辦理，始得作第參種商業區使用)(原屬商業用地國父紀念館特定專用區)。,19606,7,持分移轉,00320000
RPOOMLKKJIKGFDA96DA,逸仙段三小段,.07,都市：其他:第四種住宅區(特)及第四之一種住宅區(特)。,19606,7,持分移轉,00320005
RPOOMLKKJIKGFDA96DA,逸仙段三小段,.47,都市：其他:第四種住宅區(特)及第四種住宅區。,19606,7,持分移轉,00440000
RPPNMLLJKIKGFEA17DA,行義段四小段,9.91,都市：其他:第三種住宅區。,10000,253,持分移轉,03810000
RPPNMLTKJIKGFCA77DA,石潭段一小段,15.71,都市：其他:公園用地(公共設施用地)。63/1/5,24,2,持分移轉,00040000
RPPNMLTKJIKGFCA77DA,石潭段一小段,93.70,都市：其他:公園用地(公共設施用地)。63/1/5,24,2,持分移轉,00060000
RPVNMLNJKIKGFFA08DA,金華段二小段,23.20,都市：其他:第三種住宅區。,10,1,持分移轉,01230000
RPROMLRKJIKGFEA08DA,秀山段一小段,1.67,都市：其他:道路用地(公共設施用地)。66/12/27,64,1,持分移轉,01550000
RPROMLRKJIKGFEA08DA,秀山段一小段,3.84,都市：其他:道路用地(公共設施用地)。66/12/27,64,1,持分移轉,05030000
RPROMLRKJIKGFEA08DA,開明段一小段,2.00,都市：其他:道路用地(公共設施用地)。45/8/31,64,1,持分移轉,07400000
RPROMLRKJIKGFEA08DA,開明段一小段,.02,都市：其他:道路用地(公共設施用地)。45/8/31,64,1,持分移轉,07400003
RPOOMLMKJIKGFEA27DA,永新段二小段,28.26,都市：其他:第三之二種住宅區。,10000,719,持分移轉,01000000
RPOOMLMKJIKGFEA27DA,永新段二小段,.29,都市：其他:第三種住宅區。,10000,719,持分移轉,01000001
RPPNMLKKKIKGFDA17EA,新光段二小段,.48,都市：其他:道路用地(公共設施用地)(供護坡使用)。92/10/8,68040,720,持分移轉,01980004
RPQNMLKKKIKGFDA27EA,新光段二小段,7.87,都市：其他:道路用地(公共設施用地)(供護坡使用)。92/10/8,151200,4200,持分移轉,01490005
RPPNMLKKKIKGFDA17EA,新光段二小段,.01,都市：其他:道路用地(公共設施用地)。92/10/8,68040,720,持分移轉,01980005
RPQNMLKKKIKGFDA27EA,新光段二小段,2.90,都市：其他:道路用地(公共設施用地)。,151200,4200,持分移轉,01490006
RPQNMLKKKIKGFDA27EA,新光段二小段,.03,都市：其他:道路用地(公共設施用地)(供護坡使用)。92/10/8,151200,4200,持分移轉,01490008
RPQNMLTJKIKGFBA87EA,圓環段一小段,1.69,都市：其他:第四種住宅區 但是否在第三種商業區(應依建築線或俟地籍測量分割後，再確定)。,20000,37,持分移轉,03280000
RPQNMLTJKIKGFBA87EA,圓環段一小段,.03,都市：其他:第三種商業區。,13000,49,持分移轉,03380000
RPQNMLTJKIKGFBA87EA,圓環段一小段,.00,都市：其他:第三種商業區。,20000,49,持分移轉,03390000
RPQNMLTJKIKGFBA87EA,圓環段一小段,.00,都市：其他:第三種商業區。,600000,99,持分移轉,03400000
RPQNMLTJKIKGFBA87EA,圓環段一小段,.06,都市：其他:第三種商業區。,1000000,49,持分移轉,03410000
RPQNMLTJKIKGFBA87EA,圓環段一小段,.02,都市：其他:第三種商業區。,20000,49,持分移轉,03420000
RPQNMLTJKIKGFBA87EA,圓環段一小段,.00,都市：其他:第三種商業區。,20000,49,持分移轉,03430000
RPVNMLSLIIKGFDA48EA,雅祥段四小段,4.75,都市：其他:道路用地(公共設施用地)。51/2/2,16,4,持分移轉,01800000
RPPNMLTJKIKGFFA08DA,瑞安段一小段,36.87,都市：其他:第三種住宅區。,10000,1646,持分移轉,03050005
RPQNMLSJKIKGFFA08DA,復興段三小段,10.37,都市：其他:第四種住宅區 但是否在道路用地(公共設施用地)(應依建築線或俟地籍測量分割後，再確定)。,1000,73,持分移轉,02930000
RPRNMLMJKIKGFFA57DA,大安段一小段,9.35,都市：其他:敦化南北路特定專用區(A區)(依都市計畫說明書圖規定辦理)(原屬第貳種商業區)。,10000,86,持分移轉,00010000
RPRNMLMJKIKGFFA57DA,大安段一小段,2.55,都市：其他:敦化南北路特定專用區(A區)(依都市計畫說明書圖規定辦理)(原屬第參之貳種住宅區)。,10000,86,持分移轉,00150000
RPRNMLMJKIKGFFA57DA,大安段一小段,1.01,都市：其他:敦化南北路特定專用區(A區)(依都市計畫說明書圖規定辦理)(原屬第參種住宅區)。,10000,86,持分移轉,00150001
RPUNMLSLIIKGFDA38EA,永春段一小段,5.41,都市：其他:第三種住宅區。,10000,47,持分移轉,00070000
RPUNMLSLIIKGFDA38EA,永春段一小段,7.51,都市：其他:第三之一種住宅區。,10000,47,持分移轉,00070001
RPXNMLNJKIKGFAA77DA,指南段二小段,14.00,都市：其他:保護區。,12,3,持分移轉,01270000
RPUNMLSJKIKGFFA48DA,復興段一小段,6.24,都市：其他:敦化南北路特定專用區(A區)(依都市計畫說明書圖規定辦理)(原屬第肆種住宅區)。,1000000,11137,持分移轉,00030000
RPUNMLSJKIKGFFA48DA,復興段一小段,17.81,都市：其他:敦化南北路特定專用區(A區)(依都市計畫說明書圖規定辦理)(原屬第肆之壹種住宅區)。,1000000,11137,持分移轉,00030002
RPUNMLNJKIKGFAA47DA,指南段二小段,4.67,都市：其他:保護區。,12,1,持分移轉,01270000
RPTNMLNJKIKGFAA37DA,指南段二小段,4.67,都市：其他:保護區。,12,1,持分移轉,01270000
RPQOMLNJKIKGFAA17DA,指南段二小段,7.00,都市：其他:保護區。,24,3,持分移轉,01270000
RPPNMLTJKIKGFEA08EA,大業段一小段,20.51,都市：其他:特定觀光商業專用區。,20000,602,持分移轉,01030000
RPRNMLSLJIKGFEA18DA,百齡段五小段,24.20,都市：其他:第三種住宅區。,10,1,持分移轉,03050001
RPRNMLSLJIKGFEA18DA,百齡段五小段,14.10,都市：其他:第三種住宅區。,10,1,持分移轉,03070001
RPSNMLTJKIKGFAA87DA,萬隆段一小段,1.15,都市：其他:第三種住宅區。,10000,36,持分移轉,02670000
RPSNMLTJKIKGFAA87DA,萬隆段一小段,27.30,都市：其他:第三種住宅區。,10,1,持分移轉,02780000
RPSNMLTJKIKGFAA87DA,萬隆段一小段,3.00,都市：其他:道路用地(公共設施用地)。62/10/24,10,1,持分移轉,02790000
RPPOMLLLJIKGFCA17DA,長安段一小段,37.80,都市：其他:第三種住宅區。,10,1,持分移轉,01960000
RPSOMLKLJIKGFCA37DA,吉林段五小段,.01,都市：其他:第三種住宅區。,100000,10,持分移轉,03700000
RPSOMLKLJIKGFCA37DA,吉林段五小段,.03,都市：其他:第參種商業區(依都市計畫說明書圖規定辦理，始得作第參種商業區使用)(原屬第參種住宅區)。,100000,10,持分移轉,03710000
RPSOMLKLJIKGFCA37DA,吉林段五小段,.14,都市：其他:第參種商業區(依都市計畫說明書圖規定辦理，始得作第參種商業區使用)(原屬第貳種商業區)。,100000,10,持分移轉,03720000
RPWQMLLLJIKGFAA87DA,興隆段一小段,30.19,都市：其他:第三種住宅區。,10000,239,持分移轉,02500000
RPROMLSLJIKGFAA87DA,永昌段四小段,24.16,都市：其他:第三種住宅區。,29780,45,持分移轉,06310000
RPSNMLKKKIKGFCA27DA,文德段二小段,12.20,都市：其他:第三種住宅區。,10000,39,持分移轉,03600000
RPROMLSLJIKGFAA87DA,永昌段四小段,.01,都市：其他:道路用地(公共設施用地)。63/1/3,29780,45,持分移轉,06310001
RPRNMLQLJIKGFAA57DA,興安段一小段,20.43,都市：其他:第三種住宅區。,100000,3115,持分移轉,01720000
RPRNMLQLJIKGFAA57DA,興安段一小段,.53,都市：其他:第三種住宅區。,100000,3115,持分移轉,01720001
RPRNMLQLJIKGFAA57DA,興安段一小段,2.62,都市：其他:第三種住宅區。,100000,3115,持分移轉,03100000
RPQNMLKKJIKGFDA07DA,敦化段二小段,30.63,都市：其他:第三種住宅區。,10000,87,持分移轉,01250000
RPSNMLTJKIKGFEA28DA,新民段三小段,21.75,都市：其他:第二種住宅區。,24,2,持分移轉,01830000
RPPNMLLKKIKGFBA07EA,橋北段三小段,13.88,都市：其他:第三種住宅區。,8,1,持分移轉,05160000
RPPNMLLKKIKGFBA07EA,橋北段三小段,.75,都市：其他:道路用地(公共設施用地)。68/5/28,8,1,持分移轉,05160001
RPWNMLSKJIKGFBA28DA,雙園段一小段,31.27,都市：其他:第壹種商業區(依都市計畫說明書圖規定辦理，始得作第壹種商業區使用)(原屬第參之壹種住宅區)。,10000,404,持分移轉,00110000
RPRNMLLKKIKGFCA37EA,碧湖段二小段,28.06,都市：其他:第二種住宅區 但是否在道路用地(公共設施用地)(應依建築線或俟地籍測量分割後，再確定)。,10000,104,持分移轉,06400000
RPRNMLLKKIKGFCA37EA,碧湖段二小段,.04,都市：其他:道路用地(公共設施用地)。63/2/1,10000,104,持分移轉,06400003
RPRNMLKKKIKGFCA27EA,文德段二小段,16.75,都市：其他:道路用地(公共設施用地)。65/4/15,15,12,持分移轉,03410008
RPPNMLTJKIKGFBA77EA,圓環段一小段,1.69,都市：其他:第四種住宅區 但是否在第三種商業區(應依建築線或俟地籍測量分割後，再確定)。,20000,37,持分移轉,03280000
RPPNMLKKKIKGFEA17DA,百齡段五小段,37.50,都市：其他:第三種住宅區。,4,1,持分移轉,05150000
RPPNMLTJKIKGFBA77EA,圓環段一小段,.03,都市：其他:第三種商業區。,13000,49,持分移轉,03380000
RPPNMLTJKIKGFBA77EA,圓環段一小段,.00,都市：其他:第三種商業區。,20000,49,持分移轉,03390000
RPPNMLTJKIKGFBA77EA,圓環段一小段,.00,都市：其他:第三種商業區。,600000,99,持分移轉,03400000
RPPNMLTJKIKGFBA77EA,圓環段一小段,.06,都市：其他:第三種商業區。,1000000,49,持分移轉,03410000
RPPNMLTJKIKGFBA77EA,圓環段一小段,.02,都市：其他:第三種商業區。,20000,49,持分移轉,03420000
RPPNMLTJKIKGFBA77EA,圓環段一小段,.00,都市：其他:第三種商業區。,20000,49,持分移轉,03430000
RPSNMLKKKIKGFDA47EA,民生段,10.17,都市：其他:住宅用地(民生社區特定專用區) 但是否在道路用地(公共設施用地)(應依建築線或俟地籍測量分割後，再確定)。,1782200,5010,持分移轉,00550001
RPRNMLSJKIKGFDA97DA,福德段三小段,.23,都市：其他:第三之一種住宅區 但是否在第三種住宅區(應依建築線或俟地籍測量分割後，再確定)。,10000,1,持分移轉,03270000
RPPNMLLKKIKGFDA27EA,新光段二小段,.09,都市：其他:道路用地(公共設施用地)。61/2/7,68040,140,持分移轉,01920001
RPPNMLLKKIKGFDA27EA,新光段二小段,.09,都市：其他:道路用地(公共設施用地)(供護坡使用)。92/10/8,68040,140,持分移轉,01980004
RPPNMLLKKIKGFDA27EA,新光段二小段,.00,都市：其他:道路用地(公共設施用地)。92/10/8,68040,140,持分移轉,01980005
RPQNMLLKKIKGFDA37EA,新光段二小段,.09,都市：其他:道路用地(公共設施用地)。61/2/7,68040,140,持分移轉,01920001
RPQNMLLKKIKGFDA37EA,新光段二小段,.09,都市：其他:道路用地(公共設施用地)(供護坡使用)。92/10/8,68040,140,持分移轉,01980004
RPQNMLLKKIKGFDA37EA,新光段二小段,.00,都市：其他:道路用地(公共設施用地)。92/10/8,68040,140,持分移轉,01980005
RPPNMLOLKHLGFFA77DA,金華段四小段,6.11,都市：其他:第三種住宅區。,10000,456,持分移轉,07540000
RPPNMLKKKIKGFCA07EA,榮星段四小段,27.12,都市：其他:第參種商業區(依都市計畫說明書圖規定辦理，始得作第參種商業區使用)(原屬第參之貳種住宅區)。,10000,683,持分移轉,06510000
RPQNMLTJKIKGFEA18EA,開明段一小段,5.60,都市：其他:第二種住宅區。,5,1,持分移轉,04260000
RPRNMLLKKIKGFDA47EA,新光段二小段,.09,都市：其他:道路用地(公共設施用地)。61/2/7,68040,140,持分移轉,01920001
RPQNMLTJKIKGFEA18EA,開明段一小段,2.70,都市：其他:第三種住宅區。,10,1,持分移轉,09870001
RPRNMLLKKIKGFDA47EA,新光段二小段,.09,都市：其他:道路用地(公共設施用地)(供護坡使用)。92/10/8,68040,140,持分移轉,01980004
RPRNMLLKKIKGFDA47EA,新光段二小段,.00,都市：其他:道路用地(公共設施用地)。92/10/8,68040,140,持分移轉,01980005
RPQNMLTJKIKGFEA18EA,開明段一小段,.20,都市：其他:第二種住宅區。,10,1,持分移轉,09870002
RPQNMLTJKIKGFEA18EA,開明段一小段,.20,都市：其他:第二種住宅區。,10,1,持分移轉,09870005
RPSNMLLKKIKGFDA57EA,新光段二小段,.19,都市：其他:道路用地(公共設施用地)。61/2/7,68040,280,持分移轉,01920001
RPSNMLLKKIKGFDA57EA,新光段二小段,.19,都市：其他:道路用地(公共設施用地)(供護坡使用)。92/10/8,68040,280,持分移轉,01980004
RPSNMLLKKIKGFDA57EA,新光段二小段,.00,都市：其他:道路用地(公共設施用地)。92/10/8,68040,280,持分移轉,01980005
RPPNMLNJKIKGFFA57EA,復興段一小段,2.10,都市：其他:第肆種商業區(依都市計畫說明書圖規定辦理，始得作第肆種商業區使用)(原屬第貳種商業區)。,3421368,40866,持分移轉,06240000
RPPNMLNJKIKGFFA57EA,復興段一小段,.32,都市：其他:道路用地(公共設施用地)。48/3/13,3421368,40866,持分移轉,06260000
RPPNMLNJKIKGFFA57EA,復興段一小段,11.99,都市：其他:第肆種商業區(依都市計畫說明書圖規定辦理，始得作第肆種商業區使用)(原屬第貳種商業區)。,3421368,40866,持分移轉,06270000
RPPNMLNJKIKGFFA57EA,復興段一小段,11.92,都市：其他:第肆種商業區(依都市計畫說明書圖規定辦理，始得作第肆種商業區使用)(原屬第肆種住宅區)。,3421368,40866,持分移轉,06270001
RPQNMLTJKIKGFFA28EA,通化段二小段,13.80,都市：其他:道路用地(公共設施用地)。61/4/24,50,15,持分移轉,00200001
RPPOMLSKJIKGFDA87DA,美仁段一小段,26.66,都市：其他:第三種住宅區。,863000,1855,持分移轉,00020001
RPPOMLSKJIKGFDA87DA,美仁段一小段,.88,都市：其他:第三種住宅區。,75000,51,持分移轉,00180005
RPSNMLPJKIKGFBA67EA,大龍段一小段,299.00,都市：其他:第三種住宅區。,1,1,全筆移轉,00440007
RPSNMLPJKIKGFBA67EA,大龍段一小段,65.00,都市：其他:第三種住宅區。,1,1,全筆移轉,00440020
RPRNMLTJKIKGFFA38EA,通化段二小段,13.80,都市：其他:道路用地(公共設施用地)。61/4/24,50,15,持分移轉,00200001
RPPNMLTJKIKGFCA87EA,文德段五小段,201.40,都市：其他:科技工業區(A區)(不得作住宅使用)。,10000,1004,持分移轉,00440000
RPQNMLLKKIKGFCA27EA,東湖段三小段,32.17,都市：其他:第三種住宅區。,10000,100,持分移轉,00220002
RPQNMLLKKIKGFEA47EA,豐年段三小段,6.61,都市：其他:科技工業區(不得作住宅使用)。,1200000,1855,持分移轉,07110000
RPRNMLMKKIKGFEA67EA,天山段一小段,98.89,都市：其他:道路用地(公共設施用地)。42/2/2,1000000,552447,持分移轉,05990000
RPTNMLLKKIKGFDA67EA,延吉段一小段,.85,都市：其他:第三種住宅區。,100000,2590,持分移轉,04720000
RPTNMLLKKIKGFDA67EA,延吉段一小段,8.96,都市：其他:第三種住宅區。,100000,2590,持分移轉,04730000
RPTNMLLKKIKGFDA67EA,延吉段一小段,8.26,都市：其他:第三種住宅區。,100000,2590,持分移轉,04740000
RPQPMLLJKIKGFCA27DA,康寧段三小段,14.19,都市：其他:第三種住宅區。,14400,384,持分移轉,00660006
RPQPMLLJKIKGFCA27DA,康寧段三小段,.03,都市：其他:第三種住宅區。,14400,422,持分移轉,00700003
RPQPMLLJKIKGFCA27DA,康寧段三小段,5.99,都市：其他:第三種住宅區。,14400,280,持分移轉,00870000
RPQPMLLJKIKGFCA27DA,康寧段三小段,.67,都市：其他:第三種住宅區。,14400,249,持分移轉,00890000
RPQPMLLJKIKGFCA27DA,康寧段三小段,2.14,都市：其他:第三種住宅區。,14400,498,持分移轉,00950000
RPPNMLMKKIKGFFA57EA,學府段三小段,40.00,都市：其他:道路用地(公共設施用地)。60/7/13,1,1,全筆移轉,03570000
RPPNMLMKKIKGFFA57EA,辛亥段三小段,31.00,都市：其他:道路用地(公共設施用地)。51/9/1,1,1,全筆移轉,05650000
RPVNMLOJKIKGFDA97DA,玉成段一小段,31.75,都市：其他:第參種工業區(不得作住宅使用)。,4,1,持分移轉,02070000
RPSOMLMJKIKGFEA67DA,天母段一小段,42.15,都市：其他:第三種住宅區。,200000,3738,持分移轉,04560000
RPPNMLMKKIKGFAA96DA,老泉段四小段,502.50,都市：其他:保護區。,2,1,持分移轉,05820001
RPUNMLMKKIKGFBA57DA,延平段二小段,10.00,都市：其他:特定專用區(供河濱住宅使用)。,6,2,持分移轉,02590000
RPUNMLMKKIKGFBA57DA,延平段二小段,1.33,都市：其他:道路用地(公共設施用地)。63/10/18,6,2,持分移轉,02590001
RPVOMLMKKIKGFAA67DA,南海段三小段,1.06,都市：其他:第四種住宅區。,80000,115,持分移轉,01150000
RPPOMLQLJIKGFBA57DA,雙園段三小段,19.60,都市：其他:第三種住宅區。,5,1,持分移轉,09130005
RPPNMLTJKIKGFDA97EA,延吉段一小段,2.03,都市：其他:第三種住宅區。,9000,125,持分移轉,06880000
RPXNMLKKJIKGFBA57DA,華江段三小段,2.67,都市：其他:特定專用區(一)。,6,2,持分移轉,03360000
RPXNMLKKJIKGFBA57DA,華江段三小段,33.00,都市：其他:特定專用區(一)。,6,2,持分移轉,03450000
RPUNMLTJKIKGFAA08DA,木柵段二小段,23.25,都市：其他:第三種住宅區。,4,1,持分移轉,05920000
RPPNMLLKKIKGFAA86DA,華興段三小段,20.50,都市：其他:第三種住宅區。,4,1,持分移轉,03470000
RPQNMLTKJIKGFBA77DA,大龍段二小段,27.00,都市：其他:第三種住宅區。,200000,2094,持分移轉,00150000
RPQNMLQLJIKGFBA57DA,迪化段二小段,2.99,都市：其他:特定專用區(供一般商業使用)。,70000,8365,持分移轉,01520000
RPQNMLQLJIKGFBA57DA,迪化段二小段,3.23,都市：其他:特定專用區(供一般商業使用) 但是否在道路用地(公共設施用地)(應依建築線或俟地籍測量分割後，再確定)。,70000,8365,持分移轉,01530000
RPQNMLTKJIKGFBA77DA,大龍段二小段,10.70,都市：其他:第三種住宅區。,200000,2094,持分移轉,00150001
RPOOMLLJKIKGFBA86DA,福星段一小段,5.12,都市：其他:第肆種商業區(依都市計畫說明書圖規定辦理，始得作第肆種商業區使用)(原屬第參種商業區)。,10000,146,持分移轉,01010000
RPXNMLLJKIKGFBA67DA,中正段一小段,7.65,都市：其他:第三種住宅區。,10000,300,持分移轉,01840000
RPXNMLLJKIKGFBA67DA,中正段一小段,1.17,都市：其他:第三之二種住宅區。,10000,300,持分移轉,01840001
RPUNMLLJKIKGFBA37DA,福星段一小段,3.12,都市：其他:第肆種商業區(依都市計畫說明書圖規定辦理，始得作第肆種商業區使用)(原屬第參種商業區)。,10000,89,持分移轉,01010000
RPRNMLPKJIKGFAA37DA,永昌段二小段,8.55,都市：其他:第三之一種住宅區。,10000,113,持分移轉,04120000
RPUNMLSKJIKGFCA18DA,碧湖段二小段,2.28,都市：其他:第二種住宅區。,6720,158,持分移轉,04740000
RPUNMLSKJIKGFCA18DA,碧湖段二小段,25.89,都市：其他:第二種住宅區 但是否在道路用地(公共設施用地)(應依建築線或俟地籍測量分割後，再確定)。,6720,158,持分移轉,04750000
RPWNMLSJKIKGFCA38DA,金泰段,47.09,都市：其他:住宅區(供拆遷安置專案住宅使用)。,500000,224,持分移轉,00720000
RPOOMLSJKIKGFCA67DA,長安段三小段,8.77,都市：其他:第三種住宅區。,100000,4642,持分移轉,01710000
RPUNMLSKJIKGFCA18DA,碧湖段二小段,3.34,都市：其他:公園用地(公共設施用地)。63/1/5,6720,158,持分移轉,04750008
RPPOMLSJKIKGFCA77DA,正義段三小段,18.59,都市：其他:第三種商業區。,100000,1061,持分移轉,07760000
RPTNMLLKKIKGFCA47DA,東湖段七小段,2.40,都市：其他:第三種住宅區。,200000,106,持分移轉,00430000
RPRNMLLJKIKGFDA27DA,永吉段二小段,6.49,都市：其他:第參種商業區(依都市計畫說明書圖規定辦理，始得作第參種商業區使用)(原屬第參之壹種住宅區)。,53130,132,持分移轉,00010000
RPRNMLLJKIKGFDA27DA,永吉段二小段,4.06,都市：其他:第三種住宅區。,53130,132,持分移轉,00010003
RPTNMLOLJIKGFDA87DA,永春段三小段,38.75,都市：其他:第三種住宅區。,4,1,持分移轉,04100000
RPQNMLRKJIKGFEA87DA,振興段一小段,23.27,都市：其他:第參種商業區(依都市計畫說明書圖規定辦理，始得作第參種商業區使用)(原屬第參種住宅區)。,100000,2325,持分移轉,00150000
RPQNMLRKJIKGFEA87DA,振興段一小段,33.20,都市：其他:第三種住宅區。,100000,2325,持分移轉,00170000
RPWNMLTKJIKGFDA58DA,永吉段二小段,6.87,都市：其他:第參種商業區(依都市計畫說明書圖規定辦理，始得作第參種商業區使用)(原屬第貳種商業區)。,10000,37,持分移轉,03610000
RPWNMLTKJIKGFDA58DA,永吉段二小段,.10,都市：其他:第參種商業區(依都市計畫說明書圖規定辦理，始得作第參種商業區使用)(原屬第參種住宅區)。,10000,37,持分移轉,03610001
RPSNMLNJKIKGFAA27DA,指南段二小段,6.88,都市：其他:交通用地(公共設施用地)。,630000,27594,持分移轉,03590001
RPSNMLNJKIKGFAA27DA,指南段二小段,7.23,都市：其他:交通用地(公共設施用地)。,630000,27594,持分移轉,03600001
RPSNMLNJKIKGFAA27DA,指南段二小段,4.77,都市：其他:交通用地(公共設施用地)。,630000,27594,持分移轉,03640001
RPSNMLNJKIKGFAA27DA,指南段二小段,32.46,都市：其他:交通用地(公共設施用地)。,630000,27594,持分移轉,03800001
RPUOMLRLJIKGFEA48DA,溪洲段一小段,3.36,都市：其他:道路用地(公共設施用地) 但是否在產業服務區(細部計畫尚未完成，尚未能准許依變更後計畫用途使用應依建築線或俟地籍測量分割後，再確定)。,3200000,31185,持分移轉,04280000
RPUOMLRLJIKGFEA48DA,溪洲段二小段,21.74,都市：其他:住宅區(細部計畫尚未完成，尚未能准許依變更後計畫用途使用)及產業服務區(細部計畫尚未完成，尚未能准許依變更後計畫用途使用)及交通用地(公共設施用地)及道路用地(公共設施用地)。,2000000,2970,持分移轉,04440000
RPUOMLRLJIKGFEA48DA,溪洲段二小段,.83,都市：其他:住宅區(細部計畫尚未完成，尚未能准許依變更後計畫用途使用)。,4000000,31284,持分移轉,04480000
RPUOMLRLJIKGFEA48DA,溪洲段二小段,7.32,都市：其他:住宅區(細部計畫尚未完成，尚未能准許依變更後計畫用途使用)。,8000000,46827,持分移轉,04490000
RPUOMLRLJIKGFEA48DA,溪洲段三小段,53.14,都市：其他:堤防用地(公共設施用地)(將來係採用區段徵收之方式辦理整體開發)。80/6/5,2400000,407484,持分移轉,05860000
RPQNMLNJKIKGFAA07DA,指南段二小段,17.00,都市：其他:交通用地(公共設施用地)。,1,1,全筆移轉,00820001
RPQNMLOLJIKGFDA57DA,三興段三小段,8.56,都市：其他:第參種商業區(依都市計畫說明書圖規定辦理，始得作第參種商業區使用)(原屬第貳種商業區)。,10000,138,持分移轉,03310000
RPQNMLOLJIKGFDA57DA,三興段三小段,1.95,都市：其他:第參種商業區(依都市計畫說明書圖規定辦理，始得作第參種商業區使用)(原屬第參種住宅區)。,10000,138,持分移轉,03350000
RPSNMLLKKIKGFCA47EA,吉林段一小段,13.65,都市：其他:第三種商業區(原屬第參之貳種住宅區於七十九年九月十三日變更為第貳種商業區又於八十四年九月二十七日調整為第參種商業區(均應依前述都市計畫說明書圖規定辦理))。,10000,250,持分移轉,00130000
RPSNMLLKKIKGFCA47EA,吉林段一小段,.23,都市：其他:第三種商業區(原屬第參之貳種住宅區於七十九年九月十三日變更為第貳種商業區又於八十四年九月二十七日調整為第參種商業區(均應依前述都市計畫說明書圖規定辦理))。,10000,250,持分移轉,00130001
RPSNMLLKKIKGFCA47EA,吉林段一小段,8.35,都市：其他:第參種商業區(依都市計畫說明書圖規定辦理，始得作第參種商業區使用)(原屬第參種住宅區)。,10000,250,持分移轉,00130002
RPQNMLLKKIKGFBA07DA,莒光段三小段,7.38,都市：其他:第參種商業區(依都市計畫說明書圖規定辦理，始得作第參種商業區使用)(原屬第參種住宅區)。,8,1,持分移轉,00620000
RPPOMLSJKIKGFDA87DA,永吉段一小段,22.30,都市：其他:第三種住宅區。,100000,1393,持分移轉,01220000
RPSNMLRLJIKGFEA18DA,新民段二小段,9.22,都市：其他:第三種住宅區。,80,1,持分移轉,02780000
RPSNMLRLJIKGFEA18DA,新民段二小段,.01,都市：其他:道路用地(公共設施用地)。45/8/31,80,1,持分移轉,02780001
RPQNMLPKKIKGFDA77EA,新光段二小段,.68,都市：其他:道路用地(公共設施用地)。61/2/7,7560,112,持分移轉,01920001
RPQNMLPKKIKGFDA77EA,新光段二小段,.67,都市：其他:道路用地(公共設施用地)(供護坡使用)。92/10/8,7560,112,持分移轉,01980004
RPPPMLOLJIKGFAA37DA,福和段一小段,9.20,都市：其他:第三種住宅區。,10000,400,持分移轉,01360000
RPSNMLQLJIKGFFA18DA,仁愛段六小段,5.33,都市：其他:第肆種商業區(依都市計畫說明書圖規定辦理，始得作第肆種商業區使用)(原屬第肆種住宅區及第貳種商業區)及道路用地(公共設施用地)。,10000,31,持分移轉,03800000
RPSNMLQLJIKGFFA18DA,仁愛段六小段,.24,都市：其他:第肆種商業區(依都市計畫說明書圖規定辦理，始得作第肆種商業區使用)(原屬第貳種商業區)。,10000,31,持分移轉,03800001
RPROMLTKJIKGFEA28DA,芝山段一小段,31.22,都市：其他:第三種住宅區。,100000,2385,持分移轉,09120000
RPQNMLPKKIKGFBA47DA,莒光段二小段,13.05,都市：其他:第參種商業區(依都市計畫說明書圖規定辦理，始得作第參種商業區使用)(原屬第參之壹種住宅區)。,12300,650,持分移轉,08450000
RPPNMLPJKIKGFEA57DA,溪山段三小段,242.75,都市：其他:保護區。,1,1,全筆移轉,02950000
RPPNMLPJKIKGFEA57DA,溪山段三小段,4298.95,都市：其他:保護區。,1,1,全筆移轉,02960000
RPPNMLPJKIKGFEA57DA,溪山段三小段,281.64,都市：其他:保護區。,1,1,全筆移轉,02970000
RPUOMLSKJIKGFCA28DA,碧湖段四小段,2.06,都市：其他:道路用地(公共設施用地)。65/2/14,12660000,4158772,持分移轉,06750002
RPUOMLSKJIKGFCA28DA,碧湖段四小段,5.71,都市：其他:道路用地(公共設施用地)。65/2/14,12660000,4158772,持分移轉,06750003
RPUOMLSKJIKGFCA28DA,碧湖段四小段,6.23,都市：其他:道路用地(公共設施用地)。65/2/14,12660000,4158772,持分移轉,06750004
RPUOMLSKJIKGFCA28DA,碧湖段四小段,2.43,都市：其他:道路用地(公共設施用地)。65/2/14,12660000,4158772,持分移轉,06750005
RPSNMLNJKIKGFBA37DA,福星段二小段,11.08,都市：其他:第四種商業區。,5982388,15322,持分移轉,05510000
RPWNMLMLJIKGFDA97DA,寶清段五小段,.14,都市：其他:第三種住宅區。,10000,1,持分移轉,01640000
RPWNMLPLJIKGFCA18DA,康寧段三小段,20.22,都市：其他:第三種住宅區。,1000000,9038,持分移轉,04920000
RPSNMLQKKIKGFDA97DA,敦化段一小段,2.79,都市：其他:道路用地(公共設施用地)。48/3/13,24000,13400,持分移轉,01260002
RPSNMLQKKIKGFDA97DA,敦化段一小段,2.23,都市：其他:道路用地(公共設施用地)。48/3/13,24000,13400,持分移轉,01260003
RPSSMLPLJIKGFDA38DA,民生段,75.75,都市：其他:住宅用地(民生社區特定專用區)。,4,1,持分移轉,01020003
RPSNMLQKKIKGFDA97DA,敦化段一小段,2.74,都市：其他:道路用地(公共設施用地)。48/3/13,24000,13400,持分移轉,01260005
RPSNMLQKKIKGFDA97DA,敦化段一小段,.06,都市：其他:道路用地(公共設施用地)。48/3/13,24000,13400,持分移轉,01260006
RPOPMLLKKIKGFEA37DA,百齡段二小段,27.70,都市：其他:第三種住宅區。,100000,1034,持分移轉,05970000
RPPPMLSLJIKGFDA08DA,祥和段二小段,20.59,都市：其他:第貳種商業區(依都市計畫說明書圖規定辦理，始得作第貳種商業區使用)(原屬第參種住宅區)。,10000,1150,持分移轉,05070000
RPXNMLPKKIKGFFA58DA,仁愛段三小段,6.71,都市：其他:第四種住宅區。,10000,66,持分移轉,01050000
RPWNMLLKKIKGFEA97DA,大業段二小段,21.19,都市：其他:第三種住宅區。,100000,741,持分移轉,08740000
RPPNMLPKKIKGFCA57EA,正義段一小段,11.38,都市：其他:第參種商業區(依都市計畫說明書圖規定辦理，始得作第參種商業區使用)(原屬第參種住宅區)。,8,1,持分移轉,06130000
RPUNMLSKJIKGFFA48DA,龍泉段三小段,5.71,都市：其他:第三種住宅區。,10000,223,持分移轉,02170000
RPUNMLSKJIKGFFA48DA,龍泉段三小段,4.35,都市：其他:第參種商業區(依都市計畫說明書圖規定辦理，始得作第參種商業區使用)(原屬第貳種商業區)。,10000,223,持分移轉,02170001
RPTNMLNJKIKGFBA47DA,漢中段三小段,3.53,都市：其他:第四種商業區。,100000,95,持分移轉,08160000
RPQNMLQLJIKGFCA67DA,中山段一小段,2.47,都市：其他:第肆種商業區(依都市計畫說明書圖規定辦理，始得作第肆種商業區使用)(原屬第參種商業區)。,100000,419,持分移轉,02450000
RPSNMLMKKIKGFEA77EA,關渡段二小段,32.65,都市：其他:第三種住宅區。,140,7,持分移轉,04750000
RPOPMLPJKIKGFCA47DA,中山段一小段,.05,都市：其他:第肆種商業區(依都市計畫說明書圖規定辦理，始得作第肆種商業區使用)(原屬第參種商業區)。,100000,80,持分移轉,03790000
RPTNMLPLJIKGFFA18DA,學府段三小段,9.48,都市：其他:第三種住宅區。,10000,298,持分移轉,03230000
RPOPMLPJKIKGFCA47DA,中山段一小段,1.79,都市：其他:第肆種商業區(依都市計畫說明書圖規定辦理，始得作第肆種商業區使用)(原屬第參種商業區) 但是否在道路用地(公共設施用地)(應依建築線或俟地籍測量分割後，再確定)。,100000,80,持分移轉,03790001
RPWNMLLJKIKGFBA57DA,雙連段三小段,4.61,都市：其他:第三種商業區。,10000,70,持分移轉,01540000
RPWNMLLJKIKGFBA57DA,雙連段三小段,2.90,都市：其他:第四種住宅區。,10000,70,持分移轉,01640000
RPPNMLQKKIKGFCA57DA,舊宗段,45.84,都市：其他:住宅區(供拆遷安置專案住宅使用)。,270000,189,持分移轉,01130000
RPQNMLPJKIKGFDA67EA,逸仙段三小段,36.00,都市：其他:第四種住宅區。,1,1,全筆移轉,08540000
RPPNMLMKKIKGFDA37EA,延吉段一小段,43.25,都市：其他:第三種住宅區。,4,1,持分移轉,05630000
RPPNMLPKKIKGFDA67EA,祥和段三小段,4.58,都市：其他:第三種住宅區。,300000,1210,持分移轉,02210000
RPOOMLOLJIKGFCA37DA,金泰段,47.17,都市：其他:商業區(供一般商業使用不得作住宅使用)。,100000,6500,持分移轉,00870006
RPPOMLSLJIKGFCA87DA,長安段三小段,3.95,都市：其他:第參種商業區(依都市計畫說明書圖規定辦理，始得作第參種商業區使用)(原屬第貳種商業區)。,10000,118,持分移轉,02560000
RPPNMLLJKIKGFDA07DA,永春段二小段,2.53,都市：其他:第三種住宅區。,99971,86,持分移轉,02340000
RPPOMLSLJIKGFCA87DA,長安段三小段,5.04,都市：其他:第三種住宅區。,10000,118,持分移轉,02560001
RPOOMLQKKIKGFDA67DA,中南段五小段,30.50,都市：其他:第二種住宅區。,4,1,持分移轉,02670000
RPTOMLRLJIKGFEA38DA,富安段二小段,30.50,都市：其他:遊樂區(細部計畫尚未完成，尚未能准許依變更後計畫用途使用)。,4,2,持分移轉,03920000
RPRNMLLKKIKGFDA37DA,永春段二小段,23.31,都市：其他:第三種住宅區。,100000,1140,持分移轉,02840000
RPPNMLQKKIKGFAA47EA,興泰段一小段,40.95,都市：其他:道路用地(公共設施用地)。64/12/26,800,120,持分移轉,07550000
RPPNMLQKKIKGFAA47EA,興泰段一小段,124.50,都市：其他:道路用地(公共設施用地)。64/12/26,800,120,持分移轉,07740000
RPPNMLQKKIKGFAA47EA,興泰段一小段,12.60,都市：其他:道路用地(公共設施用地)。64/12/26,800,120,持分移轉,07900000
RPXNMLMJKIKGFDA97DA,三興段一小段,6.06,都市：其他:第參種商業區(依都市計畫說明書圖規定辦理，始得作第參種商業區使用)(原屬第貳種商業區)。,100000,240,持分移轉,05500000
RPXNMLMJKIKGFDA97DA,三興段一小段,5.36,都市：其他:第參種商業區(依都市計畫說明書圖規定辦理，始得作第參種商業區使用)(原屬第參種住宅區)。,100000,1044,持分移轉,05550000
RPPNMLPKKIKGFAA37EA,政大段四小段,19.12,都市：其他:第三種住宅區。,1000,45,持分移轉,03250000
RPXNMLQLJIKGFEA58DA,光華段一小段,20.00,都市：其他:第參種商業區(依都市計畫說明書圖規定辦理，始得作第參種商業區使用)(原屬第參種住宅區)。,2,1,持分移轉,03170000
RPXOMLQKKIKGFDA68EA,新光段二小段,1.70,都市：其他:道路用地(公共設施用地)。61/2/7,7560,280,持分移轉,01920001
RPOOMLQKKIKGFFA87DA,懷生段二小段,7.97,都市：其他:第三種住宅區。,99643,61,持分移轉,02220000
RPXOMLQKKIKGFDA68EA,新光段二小段,.84,都市：其他:道路用地(公共設施用地)(供護坡使用)。92/10/8,7560,140,持分移轉,01980004
RPXOMLQKKIKGFDA68EA,新光段二小段,.02,都市：其他:道路用地(公共設施用地)。92/10/8,7560,140,持分移轉,01980005
RPOOMLQKKIKGFFA87DA,懷生段二小段,6.08,都市：其他:第參種商業區(依都市計畫說明書圖規定辦理，始得作第參種商業區使用)(原屬第貳種商業區)。,99643,61,持分移轉,02220007
RPPNMLQKKIKGFDA77EA,玉成段一小段,1.81,都市：其他:第參種工業區(不得作住宅使用)。,5400,63,持分移轉,00150000
RPPNMLQKKIKGFDA77EA,玉成段一小段,21.42,都市：其他:第參種工業區(不得作住宅使用)。,5400,63,持分移轉,00160000
RPPNMLQKKIKGFDA77EA,玉成段一小段,1.44,都市：其他:第參種工業區(不得作住宅使用)。,5400,63,持分移轉,00160002
RPPNMLQKKIKGFDA77EA,玉成段一小段,.24,都市：其他:第參種工業區(不得作住宅使用)。,5400,63,持分移轉,00160003
RPPNMLQKKIKGFDA77EA,玉成段一小段,.06,都市：其他:第參種工業區(不得作住宅使用)。,5400,63,持分移轉,00160004
RPPNMLQKKIKGFDA77EA,玉成段一小段,.09,都市：其他:第參種工業區(不得作住宅使用)。,5400,63,持分移轉,00160005
RPPNMLQKKIKGFDA77EA,玉成段一小段,.59,都市：其他:第參種工業區(不得作住宅使用)。,5400,63,持分移轉,00170001
RPPNMLQKKIKGFDA77EA,玉成段一小段,1.19,都市：其他:第參種工業區(不得作住宅使用)。,5400,63,持分移轉,00330001
RPQNMLQKKIKGFAA57EA,興泰段一小段,9.00,都市：其他:第二種住宅區。,1,1,全筆移轉,07170001
RPQNMLQKKIKGFAA57EA,興泰段一小段,242.50,都市：其他:第二種住宅區。,56,14,持分移轉,07210000
RPQNMLQKKIKGFAA57EA,興泰段一小段,253.00,都市：其他:第二種住宅區。,1,1,全筆移轉,07330000
RPQNMLQKKIKGFAA57EA,興泰段一小段,26.00,都市：其他:第二種住宅區。,8400,2100,持分移轉,07350000
RPQNMLQKKIKGFAA57EA,興泰段一小段,17.40,都市：其他:第二種住宅區。,4800,960,持分移轉,07540000
RPQNMLQKKIKGFAA57EA,興泰段一小段,27.00,都市：其他:第二種住宅區。,4800,960,持分移轉,07560001
RPQNMLQKKIKGFAA57EA,興泰段一小段,8.60,都市：其他:第二種住宅區。,10000,1000,持分移轉,07570003
RPQNMLQLJIKGFFA97DA,辛亥段一小段,.14,都市：其他:第三種住宅區。,100000,10,持分移轉,01870000
RPQNMLQLJIKGFFA97DA,辛亥段一小段,.03,都市：其他:第三種住宅區。,100000,2,持分移轉,01870000
RPOPMLQKKIKGFDA87EA,新光段二小段,1.28,都市：其他:道路用地(公共設施用地)。61/2/7,7560,210,持分移轉,01920001
RPOPMLQKKIKGFDA87EA,新光段二小段,1.25,都市：其他:道路用地(公共設施用地)(供護坡使用)。92/10/8,2520,70,持分移轉,01980004
RPOPMLQKKIKGFDA87EA,新光段二小段,.03,都市：其他:道路用地(公共設施用地)。92/10/8,7560,210,持分移轉,01980005
RPQNMLOJKIKGFFA67DA,仁愛段三小段,9.30,都市：其他:第四種住宅區。,100000,3522,持分移轉,04050000
RPWNMLLJKIKGFEA87DA,天母段一小段,28.27,都市：其他:第三種住宅區。,10000,714,持分移轉,02170000
RPPPMLQKKIKGFDA97EA,新光段二小段,.09,都市：其他:道路用地(公共設施用地)。61/2/7,68040,140,持分移轉,01920001
RPPPMLQKKIKGFDA97EA,新光段二小段,.09,都市：其他:道路用地(公共設施用地)(供護坡使用)。92/10/8,68040,140,持分移轉,01980004
RPPPMLQKKIKGFDA97EA,新光段二小段,.00,都市：其他:道路用地(公共設施用地)。92/10/8,68040,140,持分移轉,01980005
RPQNMLLKKIKGFFA47DA,懷生段二小段,7.60,都市：其他:第參種商業區(依都市計畫說明書圖規定辦理，始得作第參種商業區使用)(原屬第貳種商業區)。,10000,91,持分移轉,05550000
RPSQMLTJKIKGFDA48DA,寶清段三小段,9.02,都市：其他:第三種住宅區。,10000,266,持分移轉,06300000
RPTNMLQKKIKGFAA77DA,公訓段二小段,8.15,都市：其他:第三種住宅區。,100000,825,持分移轉,04880000
RPXNMLLKKIKGFBA77DA,延平段二小段,35.00,都市：其他:特定專用區(供特定商業使用)。,1,1,全筆移轉,05670000
RPXNMLLKKIKGFBA77DA,延平段二小段,3.00,都市：其他:道路用地(公共設施用地)。,1,1,全筆移轉,05670001
RPXRMLRLPHKGFAA56DA,博嘉段四小段,1.43,都市：其他:道路用地(公共設施用地)。58/4/28,10000,189,持分移轉,02020000
RPXRMLRLPHKGFAA56DA,博嘉段四小段,.16,都市：其他:道路用地(公共設施用地)。58/4/28,10000,189,持分移轉,02030000
RPTNMLQKKIKGFEA28EA,新民段一小段,.07,都市：其他:特定休閒旅館住宅專用區。,20000,84,持分移轉,03850000
RPTNMLQKKIKGFEA28EA,新民段一小段,.03,都市：其他:道路用地(公共設施用地)。45/8/31,20000,84,持分移轉,03850001
RPTNMLQKKIKGFEA28EA,新民段一小段,.67,都市：其他:特定休閒旅館住宅專用區。,20000,84,持分移轉,03860000
RPTNMLQKKIKGFEA28EA,新民段一小段,.00,都市：其他:道路用地(公共設施用地)。45/8/31,20000,84,持分移轉,03860001
RPTNMLQKKIKGFEA28EA,新民段一小段,.02,都市：其他:道路用地(公共設施用地)。45/8/31,20000,84,持分移轉,03860002
RPTNMLQKKIKGFEA28EA,新民段一小段,4.86,都市：其他:特定休閒旅館住宅專用區。,20000,84,持分移轉,03870000
RPTNMLQKKIKGFEA28EA,新民段一小段,.06,都市：其他:特定休閒旅館住宅專用區。,20000,84,持分移轉,03870001
RPTNMLQKKIKGFEA28EA,新民段一小段,.07,都市：其他:道路用地(公共設施用地)。45/8/31,20000,84,持分移轉,03870002
RPQOMLQKKIKGFDA87DA,民生段,35.25,都市：其他:住宅用地(民生社區特定專用區)。,4,1,持分移轉,00650005
RPROMLMJKIKGFDA47DA,敦化段一小段,18.93,都市：其他:第三種住宅區。,10000,93,持分移轉,04860000
RPROMLMJKIKGFDA47DA,敦化段一小段,4.59,都市：其他:第三種住宅區。,10000,185,持分移轉,04900000
RPPNMLPKKIKGFDA57DA,寶清段六小段,7.71,都市：其他:第三種商業區。,100000,669,持分移轉,01840000
RPTNMLPJLHLGFFA18DA,懷生段二小段,7.07,都市：其他:第參種商業區(依都市計畫說明書圖規定辦理，始得作第參種商業區使用)(原屬第貳種商業區)。,10000,89,持分移轉,05940000
RPTNMLPJLHLGFFA18DA,懷生段二小段,1.73,都市：其他:第參種商業區(依都市計畫說明書圖規定辦理，始得作第參種商業區使用)(原屬第參種住宅區)。,10000,89,持分移轉,05950000
RPRNMLQKKIKGFAA67EA,木柵段四小段,114.52,都市：其他:道路用地(公共設施用地)。61/11/9,50,14,持分移轉,04350000
RPRNMLRKKIKGFAA77EA,河堤段五小段,38.44,都市：其他:第三種住宅區。,48,3,持分移轉,03440000
RPPNMLQKKIKGFEA87EA,三玉段二小段,3.90,都市：其他:第參種商業區(依都市計畫說明書圖規定辦理，始得作第參種商業區使用)(原屬第壹種商業區) 但是否在道路用地(公共設施用地)(應依建築線或俟地籍測量分割後，再確定)。,10000,19,持分移轉,00760000
RPQNMLPLJIKGFEA77DA,文林段四小段,36.60,都市：其他:第三種住宅區。,10,1,持分移轉,03150000
RPPNMLRKKIKGFEA97EA,立農段五小段,38.00,都市：其他:第三種住宅區。,1,1,全筆移轉,05690001
RPRNMLQKKIKGFAA57DA,河堤段四小段,11.11,都市：其他:第三種住宅區。,100000,1050,持分移轉,02760000
RPPOMLOJKIKGFFA67DA,仁愛段五小段,15.76,都市：其他:第四種住宅區。,10000,130,持分移轉,03480000
RPPOMLOJKIKGFFA67DA,仁愛段五小段,.03,都市：其他:第四種住宅區。,100000,2820,持分移轉,03480002
RPUOMLQKKIKGFCA18DA,長安段三小段,.54,都市：其他:第參種商業區(依都市計畫說明書圖規定辦理，始得作第參種商業區使用)(原屬第參之貳種住宅區)。,10000,5,持分移轉,07970000
RPUOMLQKKIKGFCA18DA,長安段三小段,.24,都市：其他:第參種商業區(依都市計畫說明書圖規定辦理，始得作第參種商業區使用)(原屬第參種住宅區)。,10000,5,持分移轉,07970002
RPQNMLRKKIKGFCA77DA,吉林段三小段,6.27,都市：其他:第肆種商業區(依都市計畫說明書圖規定辦理，始得作第肆種商業區使用)(原屬第參種商業區)。,90000,80,持分移轉,09210000
RPQNMLRKKIKGFCA77DA,吉林段三小段,.01,都市：其他:道路用地(公共設施用地)。53/7/15,90000,80,持分移轉,09210006
RPSOMLQKKIKGFCA97DA,長安段三小段,3.26,都市：其他:第參種商業區(依都市計畫說明書圖規定辦理，始得作第參種商業區使用)(原屬第參之貳種住宅區)。,10000,30,持分移轉,07970000
RPPNMLSJKIKGFFA97DA,瑞安段一小段,47.96,都市：其他:第三種住宅區。,100000,1584,持分移轉,02200002
RPSOMLQKKIKGFCA97DA,長安段三小段,1.46,都市：其他:第參種商業區(依都市計畫說明書圖規定辦理，始得作第參種商業區使用)(原屬第參種住宅區)。,10000,30,持分移轉,07970002
RPPNMLSJKIKGFFA97DA,瑞安段一小段,20.66,都市：其他:第三之二種住宅區。,100000,1584,持分移轉,02200003
RPUOMLSLJIKGFCA38DA,長春段三小段,6.35,都市：其他:第三種住宅區。,10000,180,持分移轉,02650000
RPWOMLRKKIKGFCA58EA,潭美段三小段,21.53,都市：其他:第參種工業區(不得作住宅使用)。,100000,525,持分移轉,08910000
RPRPMLQLJIKGFCA97DA,長安段二小段,154.00,都市：其他:第參種商業區(依都市計畫說明書圖規定辦理，始得作第參種商業區使用)(原屬第參種住宅區)。,1,1,全筆移轉,04840000
RPSNMLOLJIKGFBA57DA,玉泉段一小段,13.06,都市：其他:第三種商業區。,10000,625,持分移轉,05010000
RPVNMLLJKIKGFAA37DA,萬芳段二小段,1.12,都市：其他:第三種住宅區。,10000,23,持分移轉,00690000
RPVNMLLJKIKGFAA37DA,萬芳段二小段,46.90,都市：其他:第二種住宅區。,10000,23,持分移轉,00720000
RPSNMLTKKIKGFEA38DA,桃源段二小段,34.25,都市：其他:第三種住宅區。,16,1,持分移轉,04330000
RPSQMLSLJIKGFEA58DA,行義段三小段,14.34,都市：其他:第三種住宅區。,10000,52,持分移轉,02800000
RPPNMLRKKIKGFFA97DA,復興段二小段,.54,都市：其他:第肆種商業區(依都市計畫說明書圖規定辦理，始得作第肆種商業區使用)(原屬第貳種商業區)。,100000,800,持分移轉,01580001
RPPNMLRKKIKGFFA97DA,復興段二小段,5.87,都市：其他:第參種商業區(依都市計畫說明書圖規定辦理，始得作第參種商業區使用)(原屬第貳種商業區)。,100000,800,持分移轉,01590000
RPXNMLPLJIKGFFA58DA,仁愛段二小段,2.77,都市：其他:敦化南北路特定專用區(B區)(依都市計畫說明書圖規定辦理)(原屬第肆之壹種住宅區)。,10000,20,持分移轉,02860000
RPXNMLPLJIKGFFA58DA,仁愛段二小段,1.43,都市：其他:敦化南北路特定專用區(B區)(依都市計畫說明書圖規定辦理)(原屬第肆種住宅區)。,10000,20,持分移轉,02860001
RPWNMLKMJIKGFBA67DA,迪化段一小段,86.00,都市：其他:第三種商業區。,1,1,全筆移轉,05130000
RPSNMLRKKIKGFBA97EA,市府段二小段,2.69,都市：其他:第三種商業區。,10000,35,持分移轉,00230000
RPVNMLSKKIKGFEA58DA,光華段四小段,1.52,都市：其他:第參種商業區(依都市計畫說明書圖規定辦理，始得作第參種商業區使用)(原屬第參種住宅區)。,70000,95,持分移轉,00940000
RPQNMLSKKIKGFCA97EA,中山段四小段,18.20,都市：其他:第參種商業區(依都市計畫說明書圖規定辦理，始得作第參種商業區使用)(原屬第肆種住宅區) 但是否在第四種住宅區(應依建築線或俟地籍測量分割後，再確定)。,5,1,持分移轉,00810000
RPTOMLRKKIKGFCA28EA,中山段一小段,3.26,都市：其他:第肆種商業區(依都市計畫說明書圖規定辦理，始得作第肆種商業區使用)(原屬第參種商業區)。,100,2,持分移轉,07600000
RPQNMLSKKIKGFDA08EA,新光段二小段,.17,都市：其他:道路用地(公共設施用地)。61/2/7,68040,252,持分移轉,01920001
RPQNMLSKKIKGFDA08EA,新光段二小段,.17,都市：其他:道路用地(公共設施用地)(供護坡使用)。92/10/8,68040,252,持分移轉,01980004
RPQNMLSKKIKGFDA08EA,新光段二小段,.00,都市：其他:道路用地(公共設施用地)。92/10/8,68040,252,持分移轉,01980005
RPPNMLSKKIKGFDA97EA,新光段二小段,.02,都市：其他:道路用地(公共設施用地)。92/10/8,68040,1008,持分移轉,01980005
RPTNMLRKKIKGFAA97EA,興安段三小段,10.87,都市：其他:第三種住宅區。,980000,5940,持分移轉,00490000
RPTNMLRKKIKGFAA97EA,興安段三小段,.02,都市：其他:第三種住宅區。,980000,5940,持分移轉,00490001
RPTNMLRKKIKGFAA97EA,興安段三小段,.01,都市：其他:第三種住宅區。,980000,5940,持分移轉,00500001
RPTNMLSKKIKGFEA48EA,奇岩段五小段,34.33,都市：其他:第參種工業區(不得作住宅使用)。,10000,204,持分移轉,05610000
RPQNMLRKKIKGFFA18EA,學府段二小段,1.00,都市：其他:道路用地(公共設施用地)。60/7/13,4,1,持分移轉,02250001
RPRNMLSKKIKGFDA18EA,新光段二小段,.17,都市：其他:道路用地(公共設施用地)。61/2/7,68040,252,持分移轉,01920001
RPRNMLSKKIKGFDA18EA,新光段二小段,.17,都市：其他:道路用地(公共設施用地)(供護坡使用)。92/10/8,68040,252,持分移轉,01980004
RPRNMLSKKIKGFDA18EA,新光段二小段,.00,都市：其他:道路用地(公共設施用地)。92/10/8,68040,252,持分移轉,01980005
RPPNMLTJKIKGFAA67EA,興泰段三小段,1.44,都市：其他:第三種住宅區。,1000000,1142,持分移轉,00760000
RPPNMLTJKIKGFAA67EA,興泰段三小段,.39,都市：其他:第二種住宅區。,1000000,1142,持分移轉,00760001
RPRQMLRLPHKGFAA48DA,博嘉段四小段,2.01,都市：其他:道路用地(公共設施用地)。58/4/28,10000,344,持分移轉,03120000
RPSOMLSKKIKGFCA18DA,北安段二小段,152.90,都市：其他:道路用地(公共設施用地)。62/11/29,106620000,10948309,持分移轉,03750001
RPPOMLRKKIKGFCA77DA,正義段三小段,12.67,都市：其他:第肆種商業區(依都市計畫說明書圖規定辦理，始得作第肆種商業區使用)(原屬第參種商業區)。,10000,489,持分移轉,01770000
RPVNMLSKKIKGFAA18DA,萬慶段一小段,4.00,都市：其他:道路用地(公共設施用地)。62/10/24,1,1,全筆移轉,02180002
RPPOMLPJKIKGFDA57DA,祥和段三小段,27.15,都市：其他:第三種住宅區。,10000,667,持分移轉,00910000
RPPNMLTKKIKGFBA77DA,臨沂段四小段,79.16,都市：其他:第三種住宅區。,20000,3650,持分移轉,01720000
RPQNMLKMJIKGFBA07DA,臨沂段二小段,14.33,都市：其他:第三種住宅區。,100000,1640,持分移轉,01560000
RPPOMLSKKIKGFDA97DA,美仁段二小段,4.59,都市：其他:道路用地(公共設施用地)。48/3/13,3512,19,持分移轉,07430012
RPQNMLKMJIKGFBA07DA,臨沂段二小段,.02,都市：其他:道路用地(公共設施用地)。45/5/4,100000,1640,持分移轉,01560001
RPQNMLPKKIKGFEA77DA,溪洲段一小段,92.21,都市：其他:交通用地(公共設施用地)(將來採區段徵收方式辦理整體開發)。100/6/8,1386,360,持分移轉,02420000
RPPNMLTKKIKGFDA08EA,敦化段一小段,27.86,都市：其他:敦化南北路特定專用區(B區)(依都市計畫說明書圖規定辦理)(原屬第參種住宅區)。,10000,79,持分移轉,03670000
RPTOMLMKKIKGFCA67DA,吉林段三小段,2.24,都市：其他:第肆種商業區(依都市計畫說明書圖規定辦理，始得作第肆種商業區使用)(原屬第參種商業區)。,32800,224,持分移轉,10030000
RPQNMLQKKIKGFDA77DA,南港段二小段,2.31,都市：其他:第三種住宅區。,13,1,持分移轉,01110000
RPQNMLQKKIKGFDA77DA,南港段二小段,2.23,都市：其他:第三種住宅區。,13,1,持分移轉,01250000
RPQNMLQKKIKGFDA77DA,南港段二小段,23.00,都市：其他:第三種住宅區。,4,1,持分移轉,01270000
RPQNMLQKKIKGFDA77DA,南港段二小段,14.38,都市：其他:第三種住宅區。,13,1,持分移轉,01300000
RPQNMLQKKIKGFDA77DA,南港段二小段,2.00,都市：其他:第三種住宅區。,13,1,持分移轉,01380000
RPWNMLOJKIKGFFA28DA,復興段二小段,.60,都市：其他:第四種住宅區。,5,1,持分移轉,00980000
RPSNMLSKKIKGFAA97EA,頭廷段二小段,.06,都市：其他:道路用地(公共設施用地)。64/12/26,9600,1,持分移轉,05450000
RPWNMLOJKIKGFFA28DA,復興段二小段,.80,都市：其他:道路用地(公共設施用地)。60/8/26,5,1,持分移轉,00980001
RPWNMLOJKIKGFFA28DA,復興段二小段,55.20,都市：其他:第四種住宅區。,5,1,持分移轉,00990000
RPPNMLKMJIKGFBA96DA,臨沂段三小段,30.24,都市：其他:第三種住宅區。,100000,2834,持分移轉,06190000
RPUNMLQLJIKGFFA38DA,金華段二小段,11.03,都市：其他:第參種商業區(依都市計畫說明書圖規定辦理，始得作第參種商業區使用)(原屬第貳種商業區)。,10000,198,持分移轉,04400000
RPUNMLQLJIKGFFA38DA,金華段二小段,.67,都市：其他:第三種住宅區。,10000,198,持分移轉,04400001
RPUNMLQLJIKGFFA38DA,金華段二小段,1.54,都市：其他:第參種商業區(依都市計畫說明書圖規定辦理，始得作第參種商業區使用)(原屬第貳種商業區)。,10000,198,持分移轉,04410000
RPROMLPKKIKGFFA08DA,仁愛段五小段,25.42,都市：其他:第四種住宅區。,20000,1412,持分移轉,03120000
RPUOMLRKKIKGFCA38EA,西湖段四小段,108.52,都市：其他:科技工業區(A區)(不得作住宅使用)。,100000,13000,持分移轉,03550000
RPSNMLMLKIKGFAA37DA,興安段一小段,2.46,都市：其他:第三種住宅區。,4165,94,持分移轉,05600000
RPSNMLMLKIKGFAA37DA,興安段一小段,.11,都市：其他:第三種住宅區。,4165,94,持分移轉,05650000
RPSNMLMLKIKGFAA37DA,興安段一小段,6.21,都市：其他:第三種住宅區。,4165,94,持分移轉,05660000
RPSNMLMLKIKGFAA37DA,興安段一小段,18.80,都市：其他:第三種住宅區。,5,1,持分移轉,05700000
RPSNMLMLKIKGFAA37DA,興安段一小段,1.81,都市：其他:第三種住宅區。,4165,94,持分移轉,05710000
RPPOMLQLJIKGFDA77DA,寶清段一小段,.10,都市：其他:第貳種工業區(不得作住宅使用)。,300000,135,持分移轉,06270000
RPPNMLTKKIKGFBA87EA,雙園段一小段,15.34,都市：其他:第三種住宅區。,2800,14,持分移轉,05370011
RPPOMLQLJIKGFDA77DA,寶清段一小段,.66,都市：其他:第三種商業區。,300000,135,持分移轉,06280000
RPQNMLMLKIKGFAA27EA,南海段二小段,.00,都市：其他:第參種商業區(依都市計畫說明書圖規定辦理，始得作第參種商業區使用)(原屬第肆種住宅區)。,100000,1824,持分移轉,02020024
RPQNMLMLKIKGFAA27EA,南海段二小段,4.57,都市：其他:第參種商業區(依都市計畫說明書圖規定辦理，始得作第參種商業區使用)(原屬第貳種商業區)。,1000000000,18240000,持分移轉,02030000
RPRNMLTJKIKGFAA77DA,南海段五小段,15.77,都市：其他:第三之一種住宅區。,104208,2460,持分移轉,01120000
RPVOMLRKKIKGFCA48EA,西湖段四小段,109.28,都市：其他:科技工業區(A區)(不得作住宅使用)。,100000,13090,持分移轉,03550000
RPRNMLMLKIKGFAA37EA,實踐段二小段,11.64,都市：其他:第三種住宅區。,90000,1176,持分移轉,03390000
RPSOMLRKKIKGFEA28DA,文林段三小段,21.78,都市：其他:第三種住宅區。,10000,231,持分移轉,01790000
RPOOMLMKKIKGFDA27DA,南港段四小段,16.75,都市：其他:第三種住宅區。,160,40,持分移轉,00770000
RPUOMLKKKIKGFDA67DA,吳興段二小段,.06,都市：其他:第三種住宅區。,5300000,322,持分移轉,04070000
RPWOMLMKKIKGFCA97DA,中山段二小段,5.25,都市：其他:第四種住宅區。,10000,206,持分移轉,03720000
RPVNMLNJKIKGFEA97DA,永新段一小段,41.00,都市：其他:第三種住宅區。,2,1,持分移轉,00730000
RPWOMLMKKIKGFCA97DA,中山段二小段,3.30,都市：其他:第參種商業區(依都市計畫說明書圖規定辦理，始得作第參種商業區使用)(原屬第肆種住宅區)。,10000,206,持分移轉,03720001
SPSNMLOJKIKGFCA67DA,舊宗段,61.96,都市：其他:科技工業區(D區),100000,881,持分移轉,00830001
TPSNMLOJKIKGFCA77DA,舊宗段,123.84,都市：其他:科技工業區(D區),100000,1761,持分移轉,00830001
UPSNMLOJKIKGFCA87DA,舊宗段,124.76,都市：其他:科技工業區(D區),100000,1774,持分移轉,00830001
RPSNMLOJKIKGFCA57DA,舊宗段,62.59,都市：其他:科技工業區(D區),100000,890,持分移轉,00830001
RPUNMLQKKIKGFDA18DA,福德段三小段,48.60,都市：其他:第三之一種住宅區。,10000,315,持分移轉,00270000
RPRNMLNKKIKGFDA57DA,寶清段七小段,6.36,都市：其他:第三種商業區。,100000,516,持分移轉,06620000
RPUNMLTKKIKGFEA58DA,百齡段一小段,1.65,都市：其他:第三之二種住宅區。,10000,163,持分移轉,01440000
RPUNMLTKKIKGFEA58DA,百齡段一小段,26.26,都市：其他:第三種住宅區。,10000,163,持分移轉,01440008
RPTNMLTJKIKGFFA48DA,瑞安段三小段,37.25,都市：其他:第三之二種住宅區。,390000,29168,持分移轉,05520000
RPRUMLPLJIKGFEA58DA,振興段二小段,10.56,都市：其他:第參種商業區(依都市計畫說明書圖規定辦理，始得作第參種商業區使用)(原屬第參種住宅區)及第三種住宅區。,10000,55,持分移轉,00020000
RPVRMLPLJIKGFDA58DA,民生段,25.23,都市：其他:住宅用地(民生社區特定專用區)。,200000,4093,持分移轉,01150006
RPROMLLKKIKGFDA47DA,南港段一小段,1.88,都市：其他:住宅區(特)。,10000,6,持分移轉,13190000
RPUNMLLJKIKGFEA67DA,新民段一小段,.79,都市：其他:特定休閒旅館住宅專用區。,10000,34,持分移轉,01840000
RPUNMLLJKIKGFEA67DA,新民段一小段,1.76,都市：其他:道路用地(公共設施用地)。67/10/17,10000,34,持分移轉,01840001
RPUNMLLJKIKGFEA67DA,新民段一小段,10.18,都市：其他:特定休閒旅館住宅專用區。,10000,34,持分移轉,01840002
RPUNMLLJKIKGFEA67DA,新民段一小段,.25,都市：其他:特定休閒旅館住宅專用區。,10000,34,持分移轉,01840003
RPPNMLPKKIKGFFA77DA,龍泉段二小段,38.38,都市：其他:第壹種商業區(依都市計畫說明書圖規定辦理，始得作第壹種商業區使用)(原屬第參種住宅區)。,8,1,持分移轉,04950000
RPPNMLPKKIKGFFA77DA,龍泉段二小段,5.12,都市：其他:道路用地(公共設施用地)。44/7/5,8,1,持分移轉,04960000
RPXPMLNJKIKGFEA38DA,天山段一小段,23.60,都市：其他:第二種住宅區。,10,1,持分移轉,02550000
RPPNMLMLKIKGFBA27EA,華江段二小段,22.15,都市：其他:第三之一種住宅區。,424829,8712,持分移轉,00440000
RPQNMLRKKIKGFFA08DA,辛亥段六小段,10.37,都市：其他:第三種住宅區。,3000,36,持分移轉,00480005
RPRNMLTKKIKGFFA48EA,瑞安段一小段,21.13,都市：其他:第三種住宅區。,52880,47,持分移轉,02980000
RPSOMLQKKIKGFDA18EA,永春段一小段,31.75,都市：其他:第三種住宅區。,4,1,持分移轉,02560000
RPSOMLQKKIKGFDA18EA,永春段一小段,6.25,都市：其他:道路用地(公共設施用地)。51/9/1,4,1,持分移轉,02570000
RPRNMLRKKIKGFFA18DA,金華段四小段,9.70,都市：其他:第三種住宅區。,10000,1831,持分移轉,07510000
RPWNMLMJKIKGFAA57DA,興泰段二小段,25.20,都市：其他:第二種住宅區。,10000,193,持分移轉,03730000
RPSNMLMLKIKGFEA87EA,豐年段三小段,6.61,都市：其他:科技工業區(不得作住宅使用)。,1200000,1855,持分移轉,07110000
RPWNMLMJKIKGFAA57DA,興泰段二小段,.10,都市：其他:道路用地(公共設施用地)。60/10/12,10000,193,持分移轉,03730001
RPWNMLMJKIKGFAA57DA,興泰段二小段,.06,都市：其他:第三種住宅區。,10000,193,持分移轉,03730002
RPWNMLMJKIKGFAA57DA,興泰段二小段,.01,都市：其他:第三種住宅區。,10000,193,持分移轉,03730003
RPSNMLLJKIKGFBA17DA,青年段一小段,24.03,都市：其他:第三種住宅區。,38496,55,持分移轉,01510000
RPVNMLMLKIKGFEA18EA,溫泉段一小段,11.41,都市：其他:特定休閒旅館住宅專用區。,10000,43,持分移轉,00140000
RPVNMLOJKIKGFCA87DA,德惠段三小段,34.25,都市：其他:第三種住宅區。,4,1,持分移轉,01920000
RPVNMLMKKIKGFCA77DA,西湖段二小段,30.20,都市：其他:第三種住宅區。,10000,156,持分移轉,02160007
RPTNMLOLKIKGFCA87DA,榮星段四小段,26.25,都市：其他:第參種商業區(依都市計畫說明書圖規定辦理，始得作第參種商業區使用)(原屬第參種住宅區)。,4,1,持分移轉,04420000
RPQNMLNLKIKGFDA67EA,南港段四小段,15.46,都市：其他:第三種住宅區。,10000,167,持分移轉,02710000
RPPNMLNLKIKGFAA27EA,木新段三小段,31.29,都市：其他:第三種住宅區。,10000,663,持分移轉,00040012
RPQNMLMKKIKGFFA57DA,通化段四小段,3.86,都市：其他:第參種商業區(依都市計畫說明書圖規定辦理，始得作第參種商業區使用)(原屬第貳種商業區)。,10000,348,持分移轉,00110000
RPSNMLNJKIKGFEA67DA,百齡段四小段,25.73,都市：其他:第三種住宅區。,55200,1256,持分移轉,01570000
RPQNMLMKKIKGFFA57DA,通化段四小段,4.45,都市：其他:第參種商業區(依都市計畫說明書圖規定辦理，始得作第參種商業區使用)(原屬第參種住宅區)。,10000,348,持分移轉,00110001
RPSNMLNJKIKGFEA67DA,百齡段四小段,.00,都市：其他:第三種住宅區。,10000,1,持分移轉,01570002
RPSNMLNJKIKGFEA67DA,百齡段四小段,.00,都市：其他:第三種住宅區。,10000,1,持分移轉,01570003
RPQNMLQLJIKGFAA47DA,河堤段一小段,15.88,都市：其他:第三之二種住宅區。,8,1,持分移轉,01060000
RPSNMLMKJIKGFEA57DA,關渡段二小段,41.03,都市：其他:第三之一種住宅區及第三種住宅區。,10000,262,持分移轉,00860000
RPSNMLMKJIKGFEA57DA,關渡段二小段,8.83,都市：其他:第三之一種住宅區。,10000,262,持分移轉,03810000
RPSNMLMKJIKGFEA57DA,關渡段二小段,1.89,都市：其他:第三之一種住宅區及第三種住宅區。,10000,262,持分移轉,03810001
RPOOMLNLKIKGFDA47DA,民生段,20.13,都市：其他:住宅用地(民生社區特定專用區)。,4374,70,持分移轉,00350037
RPSNMLMLKIKGFFA97EA,金華段一小段,.40,都市：其他:第三種住宅區。,10,1,持分移轉,03020000
RPSNMLMLKIKGFFA97EA,金華段一小段,21.79,都市：其他:第三種住宅區。,20000,735,持分移轉,03110000
RPSNMLMLKIKGFFA97EA,金華段一小段,.15,都市：其他:道路用地(公共設施用地)。42/9/18,20000,735,持分移轉,03110003
RPSNMLMLKIKGFFA97EA,金華段一小段,.15,都市：其他:道路用地(公共設施用地)。42/9/18,20000,735,持分移轉,03110004
RPUOMLPKKIKGFCA08DA,東湖段八小段,25.62,都市：其他:第三之二種住宅區及第三種住宅區。,10000,53,持分移轉,00070000
RPRNMLNLKIKGFCA57DA,石潭段四小段,32.49,都市：其他:第三種住宅區。,10000,322,持分移轉,00280000
RPRNMLOLKIKGFAA47DA,景美段三小段,41.75,都市：其他:第四種住宅區。,4,1,持分移轉,03490000
RPXNMLTKKIKGFCA68DA,石潭段四小段,23.82,都市：其他:第三種住宅區。,10000,231,持分移轉,00260000
RPROMLSLJIKGFCA08DA,碧湖段二小段,3.00,都市：其他:第三種住宅區。,5,1,持分移轉,05700000
RPROMLSLJIKGFCA08DA,碧湖段二小段,20.60,都市：其他:第三種住宅區。,5,1,持分移轉,05720000
RPPOMLOLKIKGFBA47DA,迪化段二小段,1.32,都市：其他:特定專用區(供一般商業使用)。,72000,3792,持分移轉,01520000
RPPOMLOLKIKGFBA47DA,迪化段二小段,1.42,都市：其他:特定專用區(供一般商業使用) 但是否在道路用地(公共設施用地)(應依建築線或俟地籍測量分割後，再確定)。,72000,3792,持分移轉,01530000
RPPOMLMLKIKGFFA67DA,龍泉段二小段,35.50,都市：其他:第三種住宅區。,12,1,持分移轉,05710000
RPWNMLTJKIKGFCA48DA,西湖段一小段,29.94,都市：其他:第三種住宅區。,10000,409,持分移轉,02090000
RPQOMLMKJIKGFCA27DA,吉林段二小段,11.55,都市：其他:第貳種商業區(依都市計畫說明書圖規定辦理，始得作第貳種商業區使用)(原屬第參種住宅區)及第三種住宅區。,10000,92,持分移轉,02060000
RPPNMLMKKIKGFCA17DA,正義段三小段,5.15,都市：其他:第肆種商業區(依都市計畫說明書圖規定辦理，始得作第肆種商業區使用)(原屬第參種商業區)。,10000,230,持分移轉,02890000
RPPOMLQKKIKGFEA87DA,大業段三小段,20.45,都市：其他:第三種商業區。,10000,76,持分移轉,01490000
RPPNMLOLKIKGFAA27DA,木柵段四小段,21.00,都市：其他:第三種住宅區。,10,1,持分移轉,05190000
RPTOMLSLJIKGFCA28DA,德惠段四小段,3.76,都市：其他:第肆種商業區(依都市計畫說明書圖規定辦理，始得作第肆種商業區使用)(原屬第參種商業區)。,100000,340,持分移轉,05770000
RPPNMLSJKIKGFDA77DA,玉成段四小段,7.98,都市：其他:第三之二種住宅區。,10000,30,持分移轉,08630000
RPPNMLSJKIKGFDA77DA,玉成段四小段,10.31,都市：其他:第三種住宅區。,10000,30,持分移轉,08630003
RPTOMLMLKIKGFDA87DA,西松段二小段,2.78,都市：其他:第三種住宅區。,10000,38,持分移轉,00160004
RPTOMLMLKIKGFDA87DA,西松段二小段,6.11,都市：其他:第二種商業區 但是否在道路用地(公共設施用地)(應依建築線或俟地籍測量分割後，再確定)。,10000,38,持分移轉,00170000
RPTOMLTKKIKGFDA48DA,犂和段四小段,18.25,都市：其他:第三之一種住宅區。,8,1,持分移轉,00110024
RPSOMLMLKIKGFDA77DA,西松段二小段,1.24,都市：其他:第三種住宅區。,10000,17,持分移轉,00160004
RPSOMLMLKIKGFDA77DA,西松段二小段,2.73,都市：其他:第二種商業區 但是否在道路用地(公共設施用地)(應依建築線或俟地籍測量分割後，再確定)。,10000,17,持分移轉,00170000
RPOOMLPJKIKGFEA57DA,奇岩段三小段,23.50,都市：其他:第三種住宅區。,20,1,持分移轉,04740000
RPSNMLQKKIKGFCA87DA,吉林段五小段,.76,都市：其他:市場用地(公共設施用地)。59/11/5,100000,15,持分移轉,03360001
RPRNMLQKKIKGFCA77DA,吉林段五小段,.76,都市：其他:市場用地(公共設施用地)。59/11/5,100000,15,持分移轉,03360001
RPQNMLLJKIKGFEA27DA,行義段二小段,41.98,都市：其他:第二種住宅區。,10000,660,持分移轉,00640000
RPXNMLSKKIKGFEA78DA,光華段四小段,6.06,都市：其他:第參種商業區(依都市計畫說明書圖規定辦理，始得作第參種商業區使用)(原屬第參種住宅區)。,70000,378,持分移轉,00940000
RPQNMLKKKIKGFEA27DA,三玉段五小段,38.01,都市：其他:第三種住宅區。,10000,230,持分移轉,08240000
RPROMLSJKIKGFDA08DA,美仁段一小段,35.89,都市：其他:第三種住宅區。,57000,373,持分移轉,00180009
RPPNMLMLKIKGFFA57DA,大安段一小段,28.50,都市：其他:第三種住宅區。,4,1,持分移轉,00790000
RPXNMLRKKIKGFDA58DA,寶清段七小段,5.53,都市：其他:第三種商業區。,100000,758,持分移轉,07170000
RPQNMLMKKIKGFEA47DA,溫泉段四小段,18.69,都市：其他:第三種商業區。,16,1,持分移轉,01680000
RPQNMLMKKIKGFEA47DA,溫泉段四小段,63.00,都市：其他:第三種商業區。,1,1,全筆移轉,01740000
RPXOMLMLKIKGFEA38DA,芝蘭段一小段,47.34,都市：其他:第三種住宅區。,10000,144,持分移轉,00810000
RPQNMLMKKIKGFEA47DA,溫泉段四小段,47.00,都市：其他:第三種商業區。,1,1,全筆移轉,01750000
RPQNMLMKKIKGFEA47DA,溫泉段四小段,57.00,都市：其他:第三種商業區。,1,1,全筆移轉,01760000
RPQNMLMKKIKGFEA47DA,溫泉段四小段,53.00,都市：其他:第三種商業區。,1,1,全筆移轉,01930000
RPQNMLMKKIKGFEA47DA,溫泉段四小段,27.50,都市：其他:第三種商業區。,2,1,持分移轉,01950000
RPQNMLMKKIKGFEA47DA,溫泉段四小段,76.67,都市：其他:第三種商業區。,9600,728,持分移轉,01960000
RPQNMLMKKIKGFEA47DA,溫泉段四小段,1.50,都市：其他:道路用地(公共設施用地)。65/7/9,16,1,持分移轉,01970000
RPQNMLNLKIKGFDA57DA,美仁段一小段,7.21,都市：其他:第參種商業區(依都市計畫說明書圖規定辦理，始得作第參種商業區使用)(原屬第貳種商業區)。,100000,1147,持分移轉,04500000
RPPNMLOLKIKGFFA77DA,通化段五小段,4.37,都市：其他:第參種商業區(依都市計畫說明書圖規定辦理，始得作第參種商業區使用)(原屬第貳種商業區)。,100000,765,持分移轉,00090000
RPTNMLNLKIKGFEA08EA,天山段一小段,43.00,都市：其他:第二種住宅區 但是否在道路用地(公共設施用地)(應依建築線或俟地籍測量分割後，再確定)。,15210,430,持分移轉,03340000
RPOOMLQLJIKGFFA87DA,辛亥段六小段,17.65,都市：其他:第三種住宅區。,40000,521,持分移轉,00450002
RPPNMLNLKIKGFFA67DA,復興段二小段,16.85,都市：其他:敦化南北路特定專用區(A區)(依都市計畫說明書圖規定辦理)(原屬第肆之壹種住宅區)。,10000,156,持分移轉,02120000
RPPNMLNLKIKGFFA67DA,復興段二小段,.12,都市：其他:敦化南北路特定專用區(A區)(依都市計畫說明書圖規定辦理)(原屬第肆種住宅區)。,10000,156,持分移轉,02120004
RPSNMLLJKIKGFAA07DA,萬慶段二小段,33.25,都市：其他:第三種住宅區。,16,1,持分移轉,07950000
RPSNMLLJKIKGFAA07DA,萬慶段二小段,1.94,都市：其他:第三種住宅區。,16,1,持分移轉,07960000
RPUNMLNLKIKGFEA18EA,天山段一小段,37.40,都市：其他:第二種住宅區 但是否在道路用地(公共設施用地)(應依建築線或俟地籍測量分割後，再確定)。,15210,374,持分移轉,03340000
RPUNMLOLKIKGFBA87DA,玉泉段一小段,6.78,都市：其他:第三種商業區 但是否在道路用地(公共設施用地)(應依建築線或俟地籍測量分割後，再確定)。,10000,88,持分移轉,02100000
RPVOMLMKKIKGFCA87DA,中山段二小段,5.94,都市：其他:第三種商業區。,100000,706,持分移轉,01020000
RPSNMLTKKIKGFCA18DA,東湖段二小段,10.20,都市：其他:第參種商業區(依都市計畫說明書圖規定辦理，始得作第參種商業區使用)(原屬第壹種商業區)。,10000,265,持分移轉,00270005
RPTOMLOLKIKGFCA97DA,長安段三小段,36.50,都市：其他:第三種住宅區。,4,1,持分移轉,02930000
RPOOMLSKKIKGFCA77DA,正義段三小段,4.99,都市：其他:第肆種商業區(依都市計畫說明書圖規定辦理，始得作第肆種商業區使用)(原屬第參種商業區) 但是否在道路用地(公共設施用地)(應依建築線或俟地籍測量分割後，再確定)。,10000,26,持分移轉,03840000
RPXNMLPLJIKGFAA08DA,興安段二小段,34.37,都市：其他:第三種住宅區。,10000,279,持分移轉,06730000
RPVNMLMLKIKGFBA77DA,莒光段四小段,8.33,都市：其他:特定專用區(一)。,100000,1800,持分移轉,00400000
RPVNMLMLKIKGFBA77DA,莒光段四小段,.68,都市：其他:特定專用區(一)。,100000,1800,持分移轉,00400001
RPVSMLRKKIKGFEA98DA,文林段四小段,27.50,都市：其他:第參種商業區(依都市計畫說明書圖規定辦理，始得作第參種商業區使用)(原屬第參種住宅區)。,4,1,持分移轉,05350000
RPVNMLMLKIKGFBA77DA,華江段三小段,3.19,都市：其他:特定專用區(一)。,100000,1800,持分移轉,05680018
RPPNMLQLKIKGFEA97EA,百齡段五小段,29.61,都市：其他:第三種住宅區。,10000,313,持分移轉,03180000
RPPNMLQLKIKGFEA97EA,百齡段五小段,.03,都市：其他:道路用地(公共設施用地)。,10000,313,持分移轉,03180001
RPQNMLTLKIKGFCA08DA,榮星段二小段,23.15,都市：其他:第三種住宅區。,10000,73,持分移轉,02530000
RPXNMLQKKIKGFBA28DA,青年段二小段,42.63,都市：其他:第三種住宅區。,100000,259,持分移轉,00180000
RPWPMLTKJIKGFDA78DA,美仁段二小段,4.03,都市：其他:第參種商業區(依都市計畫說明書圖規定辦理，始得作第參種商業區使用)(原屬第貳種商業區)。,330000,693,持分移轉,00030000
RPROMLQLKIKGFBA87DA,大同段二小段,3.56,都市：其他:第四種住宅區。,128,8,持分移轉,08810003
RPROMLQLKIKGFBA87DA,大同段二小段,6.62,都市：其他:第四種住宅區。,128,8,持分移轉,08810004
RPROMLQLKIKGFBA87DA,大同段二小段,.12,都市：其他:道路用地(公共設施用地)。48/11/20,128,8,持分移轉,08810005
RPROMLQLKIKGFBA87DA,大同段二小段,.06,都市：其他:道路用地(公共設施用地)。48/11/20,128,8,持分移轉,08810006
RPXNMLQKKIKGFBA28DA,青年段二小段,.34,都市：其他:第三之一種住宅區。,100000,259,持分移轉,00180039
RPROMLQLKIKGFBA87DA,大同段二小段,.06,都市：其他:道路用地(公共設施用地)。48/11/20,128,8,持分移轉,08810007
RPWPMLTKJIKGFDA78DA,美仁段二小段,.33,都市：其他:第參種商業區(依都市計畫說明書圖規定辦理，始得作第參種商業區使用)(原屬第參種住宅區)。,330000,693,持分移轉,00030001
RPXNMLQKKIKGFBA28DA,青年段一小段,1.80,都市：其他:第三種住宅區。,100000,259,持分移轉,07110000
RPXNMLQKKIKGFBA28DA,青年段一小段,.86,都市：其他:第三之一種住宅區。,100000,259,持分移轉,07110003
RPQNMLSKKIKGFDA97DA,福德段二小段,12.84,都市：其他:第三種住宅區。,32,1,持分移轉,01000000
RPQNMLOLKIKGFBA57EA,漢中段三小段,.70,都市：其他:第四種商業區。,100000,50,持分移轉,09580000
RPTPMLLJKIKGFCA57DA,石潭段四小段,9.26,都市：其他:第三種商業區。,100000,330,持分移轉,04230000
RPPOMLLJKIKGFEA27DA,立農段五小段,21.47,都市：其他:第一種商業區。,2479932,120994,持分移轉,03560000
RPRNMLQLKIKGFDA97DA,虎林段四小段,12.78,都市：其他:第參種商業區(依都市計畫說明書圖規定辦理，始得作第參種商業區使用)(原屬第肆種住宅區)及第三之一種住宅區及第三種住宅區(應依建築線或俟地籍測量分割後，再確定)。,42619122,122112,持分移轉,07850000
RPRNMLQLKIKGFDA97DA,虎林段四小段,1.27,都市：其他:第三種住宅區。,42619122,122112,持分移轉,07860001
RPWOMLQKKIKGFDA58EA,新光段三小段,12.96,都市：其他:第三種住宅區。,10000,169,持分移轉,01520000
RPSOMLOLKIKGFDA97DA,永吉段四小段,2.42,都市：其他:交通用地(公共設施用地)。79/5/24,10000,23,持分移轉,01400007
RPSOMLOLKIKGFDA97DA,永吉段四小段,3.20,都市：其他:第參種商業區(依都市計畫說明書圖規定辦理，始得作第參種商業區使用)(原屬第參之壹種住宅區)。,10000,23,持分移轉,01410000
RPSOMLOLKIKGFDA97DA,永吉段四小段,.01,都市：其他:第參種商業區(依都市計畫說明書圖規定辦理，始得作第參種商業區使用)(原屬第參之壹種住宅區)。,10000,23,持分移轉,01410001
RPOPMLNLKIKGFEA67DA,溫泉段四小段,28.88,都市：其他:第三種住宅區。,8,1,持分移轉,04360000
RPOPMLNLKIKGFEA67DA,溫泉段四小段,.25,都市：其他:道路用地(公共設施用地)。65/7/9,8,1,持分移轉,04370000
RPPOMLQJJIKGFCA57EA,北安段四小段,37.40,都市：其他:第三種住宅區。,10000,68,持分移轉,01070001
RPPNMLSKKIKGFEA97DA,文林段四小段,1.50,都市：其他:第三種住宅區。,8,1,持分移轉,05900001
RPPNMLSKKIKGFEA97DA,文林段四小段,17.50,都市：其他:第三種住宅區。,10,1,持分移轉,06000000
RPRQMLKLJIKGFEA67DA,新民段二小段,17.10,都市：其他:第三種住宅區。,26461,708,持分移轉,03630000
RPSNMLOJKIKGFAA37DA,實踐段三小段,24.44,都市：其他:第三種住宅區。,10000,69,持分移轉,07560000
RPRNMLTLKIKGFCA28EA,榮星段四小段,12.26,都市：其他:第三種住宅區。,100000,553,持分移轉,07700000
RPRNMLTLKIKGFCA28EA,榮星段四小段,6.88,都市：其他:第三之一種住宅區。,100000,553,持分移轉,07860000
RPQNMLKMKIKGFAA07DA,老泉段二小段,268.00,都市：其他:保護區。,2,1,持分移轉,02450000
RPXNMLTLKIKGFBA68DA,大同段二小段,19.20,都市：其他:第四種住宅區。,5,1,持分移轉,05530000
RPXNMLTLKIKGFBA68DA,大同段二小段,1.40,都市：其他:道路用地(公共設施用地)。48/11/20,5,1,持分移轉,05530001
RPUNMLLJKIKGFDA57DA,犂和段二小段,24.00,都市：其他:第三種住宅區。,1,1,全筆移轉,00010000
RPUNMLLJKIKGFDA57DA,犂和段二小段,49.00,都市：其他:第三種住宅區。,1,1,全筆移轉,00010004
RPUNMLLJKIKGFDA57DA,犂和段二小段,1092.00,都市：其他:第三種住宅區。,1,1,全筆移轉,00070000
RPUNMLLJKIKGFDA57DA,犂和段二小段,45.00,都市：其他:第三種住宅區。,1,1,全筆移轉,00070003
RPUNMLLJKIKGFDA57DA,犂和段二小段,52.00,,1,1,全筆移轉,00070004
RPUNMLLJKIKGFDA57DA,犂和段二小段,166.00,,1,1,全筆移轉,00070005
RPUNMLLJKIKGFDA57DA,犂和段二小段,40.00,都市：其他:第三種住宅區。,1,1,全筆移轉,00070009
RPUNMLLJKIKGFDA57DA,犂和段二小段,945.00,都市：其他:第三種住宅區。,1,1,全筆移轉,00080000
RPUNMLLJKIKGFDA57DA,犂和段二小段,124.00,都市：其他:第三種住宅區。,1,1,全筆移轉,00080002
RPUNMLLJKIKGFDA57DA,犂和段二小段,1399.00,都市：其他:第三種住宅區。,1,1,全筆移轉,00110000
RPUNMLLJKIKGFDA57DA,犂和段二小段,149.00,都市：其他:第三種住宅區。,1,1,全筆移轉,00110002
RPUNMLLJKIKGFDA57DA,犂和段二小段,19.00,都市：其他:第三種住宅區。,1,1,全筆移轉,00110003
RPUNMLLJKIKGFDA57DA,犂和段二小段,4.00,都市：其他:第三種住宅區。,1,1,全筆移轉,00110005
RPUNMLLJKIKGFDA57DA,犂和段二小段,2131.00,都市：其他:第三種住宅區。,1,1,全筆移轉,00120000
RPUNMLLJKIKGFDA57DA,犂和段二小段,163.00,都市：其他:第三種住宅區。,1,1,全筆移轉,00120002
RPUNMLLJKIKGFDA57DA,犂和段二小段,2897.00,都市：其他:第三種住宅區。,1,1,全筆移轉,00120003
RPUNMLLJKIKGFDA57DA,犂和段二小段,12.00,都市：其他:第三種住宅區。,1,1,全筆移轉,00120005
RPUNMLLJKIKGFDA57DA,犂和段二小段,35.00,都市：其他:第三種住宅區。,1,1,全筆移轉,00120006
RPUNMLLJKIKGFDA57DA,犂和段二小段,85.00,都市：其他:第三種住宅區。,1,1,全筆移轉,00120010
RPUNMLLJKIKGFDA57DA,犂和段二小段,1.00,都市：其他:第三種住宅區。,1,1,全筆移轉,00120014
RPUNMLLJKIKGFDA57DA,犂和段二小段,366.00,都市：其他:第三種住宅區。,1,1,全筆移轉,00140003
RPUNMLLJKIKGFDA57DA,犂和段二小段,8.00,都市：其他:第三種住宅區。,1,1,全筆移轉,00140005
RPOOMLTJKIKGFCA77DA,石潭段四小段,19.51,都市：其他:第二之一種住宅區(依都市計畫說明書圖規定辦理)。,200000,9110,持分移轉,02330000
RPUNMLLJKIKGFDA57DA,犂和段二小段,10.00,都市：其他:第三種住宅區。,1,1,全筆移轉,01220000
RPUNMLLJKIKGFDA57DA,犂和段二小段,48.00,都市：其他:第三種住宅區。,1,1,全筆移轉,01220001
RPUNMLLJKIKGFDA57DA,犂和段二小段,2139.00,都市：其他:第三種住宅區。,1,1,全筆移轉,01230000
RPUNMLLJKIKGFDA57DA,犂和段二小段,13.50,都市：其他:第三種住宅區。,1,1,全筆移轉,01230002
RPQNMLTLKIKGFFA48EA,仁愛段一小段,37.07,都市：其他:第肆種商業區(依都市計畫說明書圖規定辦理，始得作第肆種商業區使用)(原屬第肆種住宅區及第貳種商業區)。,14,1,持分移轉,00580000
RPUNMLLJKIKGFDA57DA,犂和段二小段,3.00,都市：其他:第三種住宅區。,1,1,全筆移轉,01230003
RPUNMLLJKIKGFDA57DA,犂和段二小段,89.00,,1,1,全筆移轉,01230004
RPUNMLLJKIKGFDA57DA,犂和段二小段,131.00,都市：其他:第三種住宅區。,1,1,全筆移轉,01230005
RPUNMLLJKIKGFDA57DA,犂和段二小段,2.50,都市：其他:第三種住宅區。,1,1,全筆移轉,01230006
RPUNMLLJKIKGFDA57DA,犂和段二小段,6.50,,1,1,全筆移轉,01230008
RPUNMLLJKIKGFDA57DA,犂和段二小段,1.00,都市：其他:第三種住宅區。,1,1,全筆移轉,01620000
RPUNMLLJKIKGFDA57DA,犂和段二小段,41.00,,1,1,全筆移轉,01620001
RPUNMLLJKIKGFDA57DA,三興段二小段,856.00,都市：其他:第三種住宅區。,1,1,全筆移轉,05070000
RPUNMLLJKIKGFDA57DA,三興段二小段,190.00,都市：其他:第三種住宅區。,1,1,全筆移轉,05070001
RPUNMLLJKIKGFDA57DA,三興段二小段,3043.00,都市：其他:第三種住宅區。,1,1,全筆移轉,05070002
RPUNMLLJKIKGFDA57DA,三興段二小段,30.00,都市：其他:第三種住宅區。,1,1,全筆移轉,05070008
RPUNMLLJKIKGFDA57DA,三興段二小段,155.00,都市：其他:第三種住宅區。,1,1,全筆移轉,05070013
RPQOMLRKKIKGFCA87DA,康寧段三小段,7.15,都市：其他:第三種住宅區。,10000,20,持分移轉,05410003
RPOOMLRKKIKGFCA67DA,正義段四小段,10.85,都市：其他:第三種商業區。,100000,1725,持分移轉,05550000
RPSOMLNLKIKGFCA77DA,石潭段四小段,5.32,都市：其他:第三種商業區。,100000,332,持分移轉,03340000
RPPNMLNJKIKGFEA37DA,福林段一小段,24.76,都市：其他:第三種住宅區。,46889,475,持分移轉,02340000
RPTNMLQKKIKGFDA08DA,南港段一小段,16.56,都市：其他:住宅區(特)。,10000,53,持分移轉,13190000
RPROMLMKKIKGFCA47DA,中山段一小段,4.43,都市：其他:第肆種商業區(依都市計畫說明書圖規定辦理，始得作第肆種商業區使用)(原屬第參種商業區)。,100000,401,持分移轉,04470000
RPVNMLPLJIKGFBA97DA,橋北段三小段,16.41,都市：其他:第四種住宅區。,360000000,10044350,持分移轉,05430000
RPXNMLQLKIKGFEA68DA,振興段二小段,25.60,都市：其他:第三種商業區 但是否在道路用地(公共設施用地)(應依建築線或俟地籍測量分割後，再確定)。,15660,257,持分移轉,03120000
RPXNMLQLKIKGFEA68DA,振興段二小段,.10,都市：其他:道路用地(公共設施用地)。51/7/14,15660,257,持分移轉,03120002
RPRNMLKMKIKGFEA57DA,天山段二小段,21.51,都市：其他:第三種住宅區。,207085840,1405560,持分移轉,04690000
RPUNMLTLKIKGFFA78DA,懷生段二小段,12.42,都市：其他:第三種住宅區。,99643,95,持分移轉,02220000
RPRNMLKKKIKGFBA07DA,圓環段三小段,6.58,都市：其他:第三種商業區。,10000,253,持分移轉,06200000
RPUNMLTLKIKGFFA78DA,懷生段二小段,9.47,都市：其他:第參種商業區(依都市計畫說明書圖規定辦理，始得作第參種商業區使用)(原屬第貳種商業區)。,99643,95,持分移轉,02220007
RPUNMLQLJIKGFBA97DA,玉泉段一小段,15.03,都市：其他:第三種商業區。,10000,113,持分移轉,08370000
RPPOMLRKKIKGFDA97EA,玉成段一小段,12.80,都市：其他:第參種工業區(不得作住宅使用)。,5,1,持分移轉,00400002
RPPOMLRKKIKGFDA97EA,玉成段一小段,30.00,都市：其他:第參種工業區(不得作住宅使用)。,5,1,持分移轉,00410002
RPQOMLRKKIKGFDA08EA,玉成段一小段,12.80,都市：其他:第參種工業區(不得作住宅使用)。,5,1,持分移轉,00400002
RPQOMLRKKIKGFDA08EA,玉成段一小段,30.00,都市：其他:第參種工業區(不得作住宅使用)。,5,1,持分移轉,00410002
RPPNMLRKJIKGFBA47DA,雙園段一小段,.79,都市：其他:第壹種商業區(依都市計畫說明書圖規定辦理，始得作第壹種商業區使用)(原屬第參之壹種住宅區)。,10000,417,持分移轉,02350001
RPPNMLRKJIKGFBA47DA,雙園段一小段,1.92,都市：其他:第壹種商業區(依都市計畫說明書圖規定辦理，始得作第壹種商業區使用)(原屬第參之壹種住宅區)。,10000,417,持分移轉,02360000
RPPNMLRKJIKGFBA47DA,雙園段一小段,13.22,都市：其他:第壹種商業區(依都市計畫說明書圖規定辦理，始得作第壹種商業區使用)(原屬第參之壹種住宅區)。,10000,417,持分移轉,02370000
RPTOMLTLKIKGFDA58DA,信義段三小段,12.72,都市：其他:住宅區(信義計畫特定專用區)。,10000,279,持分移轉,00100002
RPPNMLRKJIKGFBA47DA,雙園段一小段,1.33,都市：其他:第壹種商業區(依都市計畫說明書圖規定辦理，始得作第壹種商業區使用)(原屬第參之壹種住宅區)。,10000,417,持分移轉,02400001
RPTOMLTLKIKGFDA58DA,信義段二小段,4.07,都市：其他:第三種住宅區。,10000,279,持分移轉,00990006
RPTNMLNJKIKGFDA67DA,民生段,47.24,都市：其他:第三種商業區(民生社區特定專用區)。,10000,48,持分移轉,00440000
RPWNMLSLKIKGFCA58DA,東湖段八小段,26.78,都市：其他:第三種住宅區。,10000,30,持分移轉,00310000
RPWNMLSLKIKGFCA58DA,東湖段八小段,3.56,都市：其他:第壹種商業區(依都市計畫說明書圖規定辦理，始得作第壹種商業區使用)(原屬第參之貳種住宅區)。,10000,30,持分移轉,00320000
RPWNMLSLKIKGFCA58DA,東湖段八小段,9.79,都市：其他:第壹種商業區(依都市計畫說明書圖規定辦理，始得作第壹種商業區使用)(原屬第參之壹種住宅區)。,10000,30,持分移轉,00320001
RPWNMLSLKIKGFCA58DA,東湖段八小段,.01,都市：其他:第三種住宅區。,10000,30,持分移轉,00320002
RPPNMLSLJIKGFFA08DA,辛亥段六小段,30.18,都市：其他:第三種住宅區。,10000,131,持分移轉,00360003
RPOQMLTKJIKGFDA08DA,玉成段二小段,25.00,都市：其他:第參種工業區(不得作住宅使用)。,8,2,持分移轉,05540000
RPQNMLPJKIKGFEA67DA,永平段三小段,40.00,都市：其他:第三種住宅區。,4,1,持分移轉,03740000
RPWNMLKMKIKGFAA67DA,萬隆段二小段,20.20,都市：其他:第參種商業區(依都市計畫說明書圖規定辦理，始得作第參種商業區使用)(原屬第參之壹種住宅區)。,5,1,持分移轉,00560000
RPTNMLOLKIKGFDA97DA,敦化段二小段,7.85,都市：其他:第參種商業區(依都市計畫說明書圖規定辦理，始得作第參種商業區使用)(原屬第參種住宅區)。,20,1,持分移轉,02400000
RPPNMLMJJHLGFBA96EA,華江段三小段,21.00,都市：其他:第三種住宅區。,316,79,持分移轉,07020000
RPTOMLKMKIKGFDA77DA,寶清段七小段,8.82,都市：其他:第三種商業區。,50000,1070,持分移轉,05550000
RPOOMLTLKIKGFDA08DA,永春段二小段,23.09,都市：其他:第三種住宅區。,100000,1129,持分移轉,02840000
RPPNMLKMKIKGFDA37EA,三興段一小段,7.97,都市：其他:第參種商業區(依都市計畫說明書圖規定辦理，始得作第參種商業區使用)(原屬第貳種商業區)。,10000,49,持分移轉,11070000
RPWNMLKKJIKGFAA37DA,木柵段四小段,20.36,都市：其他:第三種住宅區。,10000,82,持分移轉,06410000
RPQOMLNJKIKGFBA27DA,青年段二小段,2.13,都市：其他:第三之二種住宅區。,7915,67,持分移轉,00050000
RPQOMLNJKIKGFBA27DA,青年段二小段,11.22,都市：其他:第三種住宅區。,7915,67,持分移轉,00050001
RPPNMLRLKIKGFAA57DA,興安段一小段,41.72,都市：其他:第二種住宅區。,10000,277,持分移轉,04060008
RPPOMLTLKIKGFCA08DA,西湖段一小段,22.64,都市：其他:第一種商業區。,10000,518,持分移轉,08280000
RPPNMLMLJIKGFFA47DA,仁愛段二小段,3.63,都市：其他:敦化南北路特定專用區(A區)(依都市計畫說明書圖規定辦理)(原屬第肆之壹種住宅區)。,30000,147,持分移轉,06270000
RPPNMLMLJIKGFFA47DA,仁愛段二小段,1.19,都市：其他:敦化南北路特定專用區(A區)(依都市計畫說明書圖規定辦理)(原屬第肆種住宅區)。,30000,147,持分移轉,06270001
RPWNMLNLKIKGFAA87DA,萬慶段三小段,30.52,都市：其他:第三種住宅區。,10000,170,持分移轉,07400000
RPTNMLKLJIKGFAA17DA,福和段二小段,26.40,都市：其他:第參種商業區(依都市計畫說明書圖規定辦理，始得作第參種商業區使用)(原屬第參種住宅區)。,5,1,持分移轉,05720000
RPTNMLKLJIKGFAA17DA,福和段二小段,2.40,都市：其他:道路用地(公共設施用地)。50/9/19,5,1,持分移轉,05730000
RPVNMLKMKIKGFDA87DA,敦化段一小段,1.52,都市：其他:第參種商業區(依都市計畫說明書圖規定辦理，始得作第參種商業區使用)(原屬第貳種商業區)。,10000,109,持分移轉,07400000
RPQNMLLKKIKGFCA17DA,榮星段四小段,26.60,都市：其他:第三種住宅區。,5,1,持分移轉,05130000
RPVNMLKMKIKGFDA87DA,敦化段一小段,.28,都市：其他:第參種商業區(依都市計畫說明書圖規定辦理，始得作第參種商業區使用)(原屬第貳種商業區)。,10000,109,持分移轉,07400001
RPVNMLKMKIKGFDA87DA,敦化段一小段,.05,都市：其他:第參種商業區(依都市計畫說明書圖規定辦理，始得作第參種商業區使用)(原屬第貳種商業區)。,10000,109,持分移轉,07400002
RPVNMLKMKIKGFDA87DA,敦化段一小段,1.25,都市：其他:第參種商業區(依都市計畫說明書圖規定辦理，始得作第參種商業區使用)(原屬第貳種商業區)。,10000,109,持分移轉,07400003
RPVNMLKMKIKGFDA87DA,敦化段一小段,3.82,都市：其他:第參種商業區(依都市計畫說明書圖規定辦理，始得作第參種商業區使用)(原屬第貳種商業區)。,10000,109,持分移轉,07400004
RPSNMLKKKIKGFBA17DA,青年段一小段,26.22,都市：其他:第三種住宅區。,38496,60,持分移轉,01510000
RPPNMLRKKIKGFAA47DA,景美段一小段,12.37,都市：其他:第四種住宅區。,10000,51,持分移轉,05220000
RPQNMLLMKIKGFDA47DA,三興段一小段,7.10,都市：其他:第參種商業區(依都市計畫說明書圖規定辦理，始得作第參種商業區使用)(原屬第貳種商業區)。,20000,78,持分移轉,10000000
RPTNMLKMKIKGFCA57DA,康寧段三小段,13.83,都市：其他:第三種商業區。,10000,26,持分移轉,07680000
RPQPMLLMKIKGFCA57DA,文德段四小段,3.44,都市：其他:第三種商業區。,5220000,6035,持分移轉,00210000
RPXNMLMLKIKGFDA18DA,玉成段四小段,3.82,都市：其他:第三種住宅區。,20000,59,持分移轉,03220000
RPRNMLLMKIKGFDA57DA,吳興段一小段,.00,都市：其他:道路用地(公共設施用地)。51/9/1,10000,3,持分移轉,00010000
RPRNMLLMKIKGFDA57DA,吳興段一小段,.52,都市：其他:第貳種商業區(依都市計畫說明書圖規定辦理，始得作第貳種商業區使用)(原屬第參種住宅區)。,10000,3,持分移轉,00020000
RPRNMLLMKIKGFDA57DA,吳興段一小段,.13,都市：其他:第三種住宅區。,10000,3,持分移轉,00020001
RPRNMLLMKIKGFDA57DA,吳興段一小段,.00,都市：其他:道路用地(公共設施用地)。51/9/1,10000,3,持分移轉,00030000
RPRNMLLMKIKGFDA57DA,吳興段一小段,.00,都市：其他:道路用地(公共設施用地)。51/9/1,10000,3,持分移轉,00040000
RPSNMLPKKIKGFFA08DA,大安段一小段,1.66,都市：其他:第參種商業區(依都市計畫說明書圖規定辦理，始得作第參種商業區使用)(原屬第貳種商業區)。,1609570,2104,持分移轉,02640000
RPSNMLPKKIKGFFA08DA,大安段一小段,2.77,都市：其他:第三種住宅區。,1609570,2104,持分移轉,02640001
RPQNMLLMKIKGFBA37EA,文昌段二小段,91.00,都市：其他:第三之一種住宅區。,1,1,全筆移轉,08800000
RPSOMLRLJIKGFCA08DA,石潭段四小段,44.68,都市：其他:第二之一種住宅區(依都市計畫說明書圖規定辦理)。,100000,2214,持分移轉,01480000
RPSOMLRLJIKGFCA08DA,石潭段四小段,20.99,都市：其他:第二種住宅區。,100000,2214,持分移轉,01530000
RPQNMLPJKIKGFAA27DA,南海段一小段,21.63,都市：其他:第三種住宅區。,10000,714,持分移轉,06850000
RPTNMLRKKIKGFDA28EA,雅祥段四小段,2.38,都市：其他:道路用地(公共設施用地)。51/2/2,16,2,持分移轉,01800000
RPOOMLLMKIKGFEA47DA,福林段三小段,32.54,都市：其他:第三種住宅區。,100000,5769,持分移轉,01400000
RPPNMLLMKIKGFFA67EA,金華段二小段,12.75,都市：其他:第三種住宅區。,12,1,持分移轉,08840000
RPQNMLLMKIKGFFA77EA,仁愛段五小段,23.56,都市：其他:第四之一種住宅區(特)。,10000,497,持分移轉,01040000
RPTNMLMJJHLGFDA57EA,永春段三小段,23.20,都市：其他:第三種住宅區。,5,1,持分移轉,05310000
RPTNMLLKKIKGFAA27DA,公訓段二小段,16.36,都市：其他:第參種商業區(依都市計畫說明書圖規定辦理，始得作第參種商業區使用)(原屬第參種住宅區)。,91800,2746,持分移轉,04390000
RPTNMLLKKIKGFAA27DA,公訓段二小段,1.05,都市：其他:第參種商業區(依都市計畫說明書圖規定辦理，始得作第參種商業區使用)(原屬第參種住宅區)。,91800,2746,持分移轉,04400000
RPTNMLLKKIKGFAA27DA,公訓段二小段,9.36,都市：其他:第參種商業區(依都市計畫說明書圖規定辦理，始得作第參種商業區使用)(原屬第參種住宅區)。,91800,2746,持分移轉,04430000
RPSNMLQKKIKGFAA67DA,興安段一小段,14.68,都市：其他:第三種住宅區。,100000,732,持分移轉,03740000
RPSNMLQKKIKGFAA67DA,興安段一小段,3.32,都市：其他:第二種住宅區。,100000,732,持分移轉,04370000
RPQNMLMJJHLGFAA86DA,永昌段四小段,26.31,都市：其他:第三種住宅區。,1191200,1960,持分移轉,06310000
RPQNMLMJJHLGFAA86DA,永昌段四小段,.01,都市：其他:道路用地(公共設施用地)。63/1/3,1191200,1960,持分移轉,06310001
RPVNMLTJKIKGFBA28DA,漢中段二小段,11.02,都市：其他:第四種商業區。,10000,297,持分移轉,02550000
RPSNMLRKKIKGFCA97DA,康寧段三小段,17.69,都市：其他:第參種商業區(依都市計畫說明書圖規定辦理，始得作第參種商業區使用)(原屬第參之壹種住宅區)及第三種住宅區。,1000000,4700,持分移轉,07660000
RPSNMLRKKIKGFCA97DA,康寧段三小段,.01,都市：其他:道路用地(公共設施用地)。64/7/8,1000000,4700,持分移轉,07660013
RPXNMLNJKIKGFCA97DA,西湖段二小段,10.43,都市：其他:第三種住宅區。,10000,180,持分移轉,03430000
RPPOMLLJKIKGFBA96DA,直興段一小段,12.30,都市：其他:第四種住宅區。,10,1,持分移轉,06660000
RPPOMLLMKIKGFCA37DA,吉林段五小段,6.13,都市：其他:第肆種商業區(依都市計畫說明書圖規定辦理，始得作第肆種商業區使用)(原屬第參種商業區)。,100000,449,持分移轉,03070000
RPTNMLQLKIKGFCA08DA,金泰段,39.77,都市：其他:住宅區(供住宅使用)。,10000,1167,持分移轉,00410000
RPSNMLMJJHLGFCA27DA,碧湖段一小段,35.86,都市：其他:第二種住宅區。,10000,450,持分移轉,06050000
RPSNMLMJJHLGFCA27DA,碧湖段一小段,6.44,都市：其他:第三種住宅區。,10000,450,持分移轉,06060000
RPXOMLLMKIKGFCA18DA,東湖段三小段,17.24,都市：其他:第三種住宅區。,10000,109,持分移轉,00070007
RPQNMLRKKIKGFAA57DA,木柵段三小段,30.04,都市：其他:第三種住宅區。,10000,79,持分移轉,07550000
RPPNMLTJJIKGFDA77DA,民生段,43.45,都市：其他:住宅用地(民生社區特定專用區) 但是否在道路用地(公共設施用地)(應依建築線或俟地籍測量分割後，再確定)。,192,3,持分移轉,00490003
RPPOMLMJJHLGFCA07DA,東湖段一小段,26.91,都市：其他:第三種住宅區。,1000,11,持分移轉,00050003
RPQNMLRKKIKGFBA67DA,雙園段三小段,21.43,都市：其他:第三種住宅區。,1000000,13696,持分移轉,08880000
RPSNMLOJJHLGFCA47DA,文德段二小段,27.42,都市：其他:第三種住宅區。,10000,170,持分移轉,01140000
RPSNMLOJJHLGFCA47DA,文德段二小段,.09,都市：其他:第三種住宅區。,10000,170,持分移轉,01150008
RPWNMLPJKIKGFDA18DA,永吉段二小段,22.80,都市：其他:第三種住宅區。,5,1,持分移轉,06470000
RPQNMLTJJIKGFBA67DA,中正段二小段,10.50,都市：其他:第三種住宅區。,10000,2500,持分移轉,04640000
RPQNMLTJJIKGFBA67DA,中正段二小段,1.88,都市：其他:第三種住宅區。,10000,1250,持分移轉,04660000
RPQNMLTJJIKGFBA67DA,中正段二小段,14.00,都市：其他:第三種住宅區。,10000,1250,持分移轉,04670000
RPUNMLPJJHLGFDA87DA,玉成段三小段,.75,都市：其他:第三種住宅區。,100000,20,持分移轉,09040000
RPUNMLPJJHLGFDA87DA,玉成段三小段,.38,都市：其他:第壹種商業區(依都市計畫說明書圖規定辦理，始得作第壹種商業區使用)(原屬第參之壹種住宅區)。,100000,20,持分移轉,09050000
RPPOMLMJKIKGFEA37DA,中洲段,626.00,都市：其他:遊樂區(細部計畫尚未完成，尚未能准許依變更後計畫用途使用)。,1,1,全筆移轉,00940000
RPROMLMLKIKGFDA67DA,逸仙段三小段,2.09,都市：其他:第參種商業區(依都市計畫說明書圖規定辦理，始得作第參種商業區使用)(原屬第貳種商業區)。,66955,49,持分移轉,07000000
RPROMLMLKIKGFDA67DA,逸仙段三小段,13.62,都市：其他:第四種住宅區。,66955,49,持分移轉,07010000
RPROMLMLKIKGFDA67DA,逸仙段三小段,1.78,都市：其他:第參種商業區(依都市計畫說明書圖規定辦理，始得作第參種商業區使用)(原屬第貳種商業區)。,66955,49,持分移轉,07020000
RPOOMLQLKIKGFEA87DA,永平段三小段,20.65,都市：其他:第一種商業區。,100000,11746,持分移轉,02000000
RPSOMLOJKIKGFEA87DA,溫泉段一小段,3.04,都市：其他:第三種商業區。,10000,32,持分移轉,02590000
RPSVMLPLJIKGFEA78DA,三玉段四小段,25.80,都市：其他:第三種住宅區。,5,1,持分移轉,00330000
RPSOMLOJKIKGFEA87DA,溫泉段一小段,5.87,都市：其他:第三種住宅區。,10000,32,持分移轉,02630000
RPSVMLPLJIKGFEA78DA,三玉段四小段,2.20,都市：其他:第三種住宅區。,5,1,持分移轉,00350000
RPTPMLKKKIKGFDA67DA,雅祥段一小段,5.84,都市：其他:市場用地(公共設施用地)。51/2/2,10000,31,持分移轉,00590000
RPSNMLTKKIKGFFA48DA,復興段一小段,4.69,都市：其他:第參種商業區(依都市計畫說明書圖規定辦理，始得作第參種商業區使用)(原屬第肆種住宅區)。,100000,1255,持分移轉,02450000
RPSNMLTKKIKGFFA48DA,復興段一小段,12.05,都市：其他:第參種商業區(依都市計畫說明書圖規定辦理，始得作第參種商業區使用)(原屬第貳種商業區)。,100000,1255,持分移轉,02460000
RPSNMLTKKIKGFFA48DA,復興段一小段,1.05,都市：其他:第參種商業區(依都市計畫說明書圖規定辦理，始得作第參種商業區使用)(原屬第肆種住宅區)。,100000,1255,持分移轉,02540002
RPTNMLKKKIKGFFA67DA,辛亥段一小段,4.61,都市：其他:交通用地(公共設施用地)。78/4/3,10000,24,持分移轉,01590002
RPTNMLKKKIKGFFA67DA,辛亥段一小段,8.94,都市：其他:第三種住宅區。,10000,54,持分移轉,01710000
RPPNMLMJJHLGFCA07EA,中山段二小段,.84,都市：其他:第三種商業區。,100000,397,持分移轉,04650000
RPPNMLMJJHLGFCA07EA,中山段二小段,6.37,都市：其他:第三種商業區。,100000,1287,持分移轉,04670000
RPWNMLPJKIKGFFA38DA,辛亥段四小段,20.66,都市：其他:第三種住宅區。,10000,313,持分移轉,05110000
RPSNMLQJJHLGFEA97EA,開明段二小段,12.00,都市：其他:第三種住宅區。,5,1,持分移轉,05270000
RPPNMLPJJHLGFEA57EA,大業段二小段,6.05,都市：其他:第三種住宅區。,200000,4730,持分移轉,06890000
RPPNMLPJJHLGFEA57EA,大業段二小段,20.94,都市：其他:第三種商業區。,200000,4730,持分移轉,06900000
RPSOMLQLKIKGFEA28DA,天母段一小段,27.75,都市：其他:第參種商業區(依都市計畫說明書圖規定辦理，始得作第參種商業區使用)(原屬第參種住宅區)。,16,1,持分移轉,01080000
RPWNMLNLKIKGFFA38DA,仁愛段三小段,9.55,都市：其他:第四種住宅區。,9000,754,持分移轉,03160000
RPSNMLKKJIKGFEA37DA,立農段五小段,31.79,都市：其他:第三種住宅區。,10000,316,持分移轉,04940000
RPQNMLSKKIKGFAA67DA,河堤段二小段,11.08,都市：其他:第參種商業區(依都市計畫說明書圖規定辦理，始得作第參種商業區使用)(原屬第貳種商業區)。,10000,184,持分移轉,01090000
RPSNMLTJJIKGFEA18DA,大業段五小段,55.17,都市：其他:第三種住宅區。,10000,269,持分移轉,00020001
RPQPMLOLJIKGFAA47DA,實踐段三小段,19.24,都市：其他:第三種住宅區。,10000,264,持分移轉,07740000
RPPOMLQLKIKGFBA67DA,臨沂段三小段,8.08,都市：其他:第三種住宅區。,10000,99,持分移轉,04900000
RPSNMLMKKIKGFCA47DA,石潭段四小段,5.91,都市：其他:第三種商業區。,100000,134,持分移轉,04190000
RPOOMLSJKIKGFDA77DA,祥和段四小段,10.84,都市：其他:第二種住宅區。,200000,444,持分移轉,02040000
RPPOMLQLKIKGFCA77DA,碧湖段四小段,51.33,都市：其他:第三種住宅區。,10000,118,持分移轉,00030000
RPRNMLLMKIKGFCA47DA,金泰段,47.09,都市：其他:住宅區(供拆遷安置專案住宅使用)。,500000,224,持分移轉,00720000
RPQOMLKMKIKGFAA17DA,河堤段六小段,2.39,都市：其他:第三種住宅區。,100000,641,持分移轉,03130000
RPQOMLKMKIKGFAA17DA,河堤段六小段,6.80,都市：其他:第二種商業區。,100000,641,持分移轉,03140000
RPRNMLOJKIKGFDA57DA,三興段一小段,8.80,都市：其他:第參種商業區(依都市計畫說明書圖規定辦理，始得作第參種商業區使用)(原屬第貳種商業區)。,2117500,21834,持分移轉,10800000
RPRNMLOJKIKGFDA57DA,三興段一小段,.28,都市：其他:道路用地(公共設施用地)。51/9/1,2117500,21834,持分移轉,10800001
RPRNMLOJKIKGFDA57DA,三興段一小段,.60,都市：其他:第參種商業區(依都市計畫說明書圖規定辦理，始得作第參種商業區使用)(原屬第貳種商業區)。,90000,928,持分移轉,10810000
RPRNMLOJKIKGFDA57DA,三興段一小段,.41,都市：其他:第參種商業區(依都市計畫說明書圖規定辦理，始得作第參種商業區使用)(原屬第貳種商業區)。,90000,928,持分移轉,10820000
RPRNMLOJKIKGFDA57DA,三興段一小段,.01,都市：其他:第參種商業區(依都市計畫說明書圖規定辦理，始得作第參種商業區使用)(原屬第貳種商業區)。,90000,928,持分移轉,10850000
RPQNMLQJJHLGFEA67DA,八仙段二小段,780.78,都市：其他:農業區。,1,1,全筆移轉,00310007
RPWOMLQKKIKGFDA48DA,玉成段三小段,11.22,都市：其他:第一種商業區。,10000,40,持分移轉,02430000
RPTOMLMLKIKGFEA97DA,豐年段二小段,26.11,都市：其他:第壹種商業區(依都市計畫說明書圖規定辦理，始得作第壹種商業區使用)(原屬第參種住宅區)。,7879,86,持分移轉,08040000
RPRNMLQJJHLGFEA77DA,八仙段二小段,661.16,都市：其他:農業區。,1,1,全筆移轉,00310008
RPQNMLPJJHLGFEA57DA,芝山段一小段,23.96,都市：其他:第三種住宅區。,10000,144,持分移轉,01900000
RPQNMLSLKIKGFCA97DA,西湖段四小段,41.11,都市：其他:科技工業區(A區)(不得作住宅使用)。,924011,6355,持分移轉,02910000
RPVNMLQLJIKGFFA48DA,金華段二小段,25.75,都市：其他:第一種商業區。,4,1,持分移轉,06030000
RPQNMLMLJIKGFEA47DA,芝山段二小段,48.36,都市：其他:第三種住宅區。,100,13,持分移轉,10740000
RPTNMLNJKIKGFFA87DA,仁愛段三小段,37.95,都市：其他:第四種住宅區。,10000,695,持分移轉,01330000
RPPOMLQKKIKGFFA97DA,復興段三小段,28.19,都市：其他:第四種住宅區。,10000,64,持分移轉,04210002
RPXNMLRKKIKGFDA68EA,寶清段五小段,39.34,都市：其他:第三種住宅區。,4,1,持分移轉,02960000
RPXNMLRKKIKGFDA68EA,寶清段五小段,3.66,都市：其他:第二種商業區。,4,1,持分移轉,02960001
RPQNMLQJJHLGFCA57EA,德惠段三小段,38.00,都市：其他:第三種住宅區。,4,1,持分移轉,05170000
RPRNMLQJJHLGFFA87DA,仁愛段一小段,9.85,都市：其他:第參種商業區(依都市計畫說明書圖規定辦理，始得作第參種商業區使用)(原屬第貳種商業區)。,10000,187,持分移轉,06260000
RPQOMLQJJHLGFEA87EA,大業段三小段,.23,都市：其他:第三種商業區。,57000,200,持分移轉,00570000
RPTNMLQJJHLGFEA08EA,永平段二小段,4.94,都市：其他:第三種住宅區。,10000,386,持分移轉,01250000
RPTNMLQJJHLGFEA08EA,永平段二小段,19.96,都市：其他:第三種住宅區。,10000,386,持分移轉,01320005
RPRNMLQJJHLGFEA87EA,秀山段二小段,6.50,都市：其他:道路用地(公共設施用地)。66/12/17,2,1,持分移轉,03200000
RPRNMLQJJHLGFEA87EA,秀山段二小段,48.50,都市：其他:第三種住宅區。,2,1,持分移轉,03210000
RPSOMLQJJHLGFEA08EA,大業段三小段,.23,都市：其他:第三種商業區。,57000,200,持分移轉,00570000
RPROMLQJJHLGFEA97EA,大業段三小段,.23,都市：其他:第三種商業區。,57000,200,持分移轉,00570000
RPUOMLQJJHLGFEA28EA,大業段三小段,.23,都市：其他:第三種商業區。,57000,200,持分移轉,00570000
RPTOMLQJJHLGFEA18EA,大業段三小段,.23,都市：其他:第三種商業區。,57000,200,持分移轉,00570000
RPVOMLQJJHLGFEA38EA,新民段一小段,1.18,都市：其他:特定休閒旅館住宅專用區。,10000,51,持分移轉,01840000
RPVOMLQJJHLGFEA38EA,新民段一小段,2.65,都市：其他:道路用地(公共設施用地)。67/10/17,10000,51,持分移轉,01840001
RPVOMLQJJHLGFEA38EA,新民段一小段,15.27,都市：其他:特定休閒旅館住宅專用區。,10000,51,持分移轉,01840002
RPVOMLQJJHLGFEA38EA,新民段一小段,.37,都市：其他:特定休閒旅館住宅專用區。,10000,51,持分移轉,01840003
RPVNMLTJKIKGFAA18DA,實踐段一小段,20.67,都市：其他:第三種住宅區。,300000,2997,持分移轉,06820000
RPQOMLQLKIKGFBA77DA,雙園段一小段,10.25,都市：其他:第三之一種住宅區。,4,1,持分移轉,00870000
RPQOMLQLKIKGFBA77DA,雙園段一小段,17.75,都市：其他:第三種住宅區。,4,1,持分移轉,00870001
RPRNMLKMJIKGFBA17DA,臨沂段三小段,3.67,都市：其他:第三種住宅區。,20000,90,持分移轉,04900000
RPSNMLMJJHLGFBA17DA,雙連段一小段,20.20,都市：其他:第三種商業區 但是否在道路用地(公共設施用地)(應依建築線或俟地籍測量分割後，再確定)。,40,8,持分移轉,03380000
RPPNMLRJJHLGFBA37DA,華江段二小段,6.08,都市：其他:第三種住宅區。,10000,131,持分移轉,01650000
RPTNMLPJKIKGFCA77DA,吉林段四小段,3.72,都市：其他:第肆種商業區(依都市計畫說明書圖規定辦理，始得作第肆種商業區使用)(原屬第參種商業區) 但是否在道路用地(公共設施用地)(應依建築線或俟地籍測量分割後，再確定)。,10000,49,持分移轉,08030000
RPTNMLPJKIKGFCA77DA,吉林段四小段,.44,都市：其他:第肆種商業區(依都市計畫說明書圖規定辦理，始得作第肆種商業區使用)(原屬第參種商業區) 但是否在道路用地(公共設施用地)(應依建築線或俟地籍測量分割後，再確定)。,10000,49,持分移轉,08040000
RPPNMLPJKIKGFCA37DA,北安段二小段,11.27,都市：其他:第三種住宅區。,1000,23,持分移轉,02280000
RPPNMLPJKIKGFCA37DA,北安段二小段,.23,都市：其他:第三種住宅區。,1000,23,持分移轉,02280001
RPPNMLPJKIKGFCA37DA,北安段二小段,.02,都市：其他:道路用地(公共設施用地)。,1000,23,持分移轉,02280002
RPRNMLOLJIKGFAA37DA,景美段四小段,10.73,都市：其他:第三種商業區。,10000,153,持分移轉,03340002
RPOOMLMKKIKGFCA17DA,康寧段三小段,20.50,都市：其他:第三種住宅區。,40,1,持分移轉,00630003
RPOOMLMKKIKGFCA17DA,康寧段三小段,1.93,都市：其他:第三種住宅區。,40,1,持分移轉,00640000
RPWOMLPJKIKGFCA18DA,康寧段三小段,17.67,都市：其他:市場用地(公共設施用地)。64/7/8,100000,427,持分移轉,02670001
RPOOMLMKKIKGFCA17DA,康寧段三小段,.23,都市：其他:第三種住宅區。,40,1,持分移轉,00650002
RPOOMLMKKIKGFCA17DA,康寧段三小段,4.00,都市：其他:第三種住宅區。,40,1,持分移轉,00650003
RPOOMLMKKIKGFCA17DA,康寧段三小段,1.32,都市：其他:第三種住宅區。,40,1,持分移轉,00650004
RPVNMLSLJIKGFBA28DA,萬大段二小段,21.03,都市：其他:第三種住宅區。,10000,202,持分移轉,01190000
RPWNMLLKJIKGFCA67DA,吉林段四小段,6.76,都市：其他:第肆種商業區(依都市計畫說明書圖規定辦理，始得作第肆種商業區使用)(原屬第參種商業區)。,1000,20,持分移轉,07280000
RPRNMLRJJHLGFCA67DA,北安段四小段,29.66,都市：其他:第三種住宅區。,10000,53,持分移轉,01700000
RPROMLTKKIKGFCA18DA,東湖段二小段,28.63,都市：其他:第三種住宅區。,21000,101,持分移轉,00210000
RPQOMLRLJIKGFCA87DA,正義段四小段,7.13,都市：其他:第三種商業區。,10000000,43980,持分移轉,05540000
RPUNMLPJJHLGFBA67DA,城中段二小段,7.14,都市：其他:第四種商業區。,10000,159,持分移轉,04970000
RPPNMLMJKIKGFCA07DA,東湖段三小段,21.50,都市：其他:第三種住宅區。,100000,596,持分移轉,00010005
RPTOMLQLJIKGFBA97DA,城中段二小段,2.89,都市：其他:第四種商業區。,100000,363,持分移轉,03630000
RPPNMLRLJIKGFBA57DA,莒光段三小段,25.75,都市：其他:第三之一種住宅區。,4,1,持分移轉,04390000
RPXNMLLJKIKGFDA87DA,新光段二小段,11.20,都市：其他:第二種住宅區。,1000,23,持分移轉,00070000
RPXNMLLJKIKGFDA87DA,新光段一小段,16.21,都市：其他:第二種住宅區。,1000,23,持分移轉,01760003
RPXOMLNJJIKGFBA87DA,延平段一小段,23.69,都市：其他:第參種商業區(依都市計畫說明書圖規定辦理，始得作第參種商業區使用)。,100000,2957,持分移轉,07100000
RPRNMLKMKIKGFDA47DA,三興段一小段,3.94,都市：其他:第參種商業區(依都市計畫說明書圖規定辦理，始得作第參種商業區使用)(原屬第貳種商業區)。,10000,26,持分移轉,10920000
RPOOMLPJKIKGFDA47DA,南港段四小段,6.80,都市：其他:第三種住宅區。,3472,65,持分移轉,02730000
RPQNMLMKKIKGFDA37DA,南港段一小段,35.99,都市：其他:住宅區(特)。,200000,2320,持分移轉,13200000
RPOOMLPJKIKGFDA47DA,南港段四小段,22.13,都市：其他:第三種住宅區。,3472,65,持分移轉,02750000
RPWNMLMLKIKGFCA97DA,文德段一小段,2.04,都市：其他:第三種住宅區。,5,1,持分移轉,02860007
RPWNMLMLKIKGFCA97DA,文德段一小段,4.09,都市：其他:第三種住宅區。,977,129,持分移轉,02920000
RPWNMLMLKIKGFCA97DA,文德段一小段,2.11,都市：其他:第三種住宅區。,977,129,持分移轉,02930000
RPWNMLMLKIKGFCA97DA,文德段一小段,7.00,都市：其他:第三種住宅區。,977,129,持分移轉,02940000
RPWNMLMLKIKGFCA97DA,文德段一小段,5.81,都市：其他:第三種住宅區。,977,129,持分移轉,02960000
RPWNMLMLKIKGFCA97DA,文德段一小段,2.24,都市：其他:第三種住宅區。,977,129,持分移轉,02970000
RPWNMLMLKIKGFCA97DA,文德段一小段,3.43,都市：其他:第三種住宅區。,977,129,持分移轉,02980000
RPUNMLKMKIKGFDA77DA,永吉段二小段,9.00,都市：其他:第參種商業區(依都市計畫說明書圖規定辦理，始得作第參種商業區使用)(原屬第貳種商業區)。,10000,50,持分移轉,00330002
RPUNMLKMKIKGFDA77DA,永吉段二小段,6.54,都市：其他:第三種住宅區。,10000,50,持分移轉,00330005
RPTNMLKMKIKGFDA67DA,南港段三小段,9.83,都市：其他:第三種住宅區。,100000,164,持分移轉,00730000
RPSNMLPJJHLGFEA77DA,立農段五小段,21.94,都市：其他:第三種住宅區。,100000,4154,持分移轉,04350000
RPSNMLRJJHLGFDA87DA,逸仙段二小段,4.53,都市：其他:第四之一種住宅區(特)。,10000,331,持分移轉,04660000
RPSNMLRJJHLGFDA87DA,逸仙段二小段,3.24,都市：其他:第四種住宅區(特)。,10000,331,持分移轉,04660001
RPQNMLTJJIKGFEA97DA,關渡段二小段,12.40,都市：其他:第三之二種住宅區。,1000000,6800,持分移轉,00040000
RPQNMLTJJIKGFEA97DA,關渡段二小段,1.99,都市：其他:第三之一種住宅區。,1000000,6800,持分移轉,00040002
RPQNMLTJJIKGFEA97DA,關渡段二小段,1.15,都市：其他:第三種住宅區。,1000000,6800,持分移轉,00060001
RPTNMLMJJHLGFFA67DA,大安段二小段,58.62,都市：其他:第三種住宅區。,10000,631,持分移轉,00870000
RPWNMLPKKIKGFFA48DA,龍泉段二小段,32.00,都市：其他:第三種住宅區。,8,1,持分移轉,03880000
RPTNMLNLKIKGFDA97EA,福德段一小段,28.68,都市：其他:第三種住宅區。,10000,537,持分移轉,03130000
RPQNMLQJJHLGFBA47EA,延平段一小段,6.44,都市：其他:第三種商業區。,10000,225,持分移轉,04360000
RPUNMLNLKIKGFDA08EA,三興段一小段,19.45,都市：其他:第貳種商業區(依都市計畫說明書圖規定辦理，始得作第貳種商業區使用)(原屬第參種住宅區)。,7500,223,持分移轉,01570000
RPUNMLNLKIKGFDA08EA,三興段一小段,2.82,都市：其他:第三種住宅區。,7500,223,持分移轉,01570006
RPUNMLNLKIKGFDA08EA,三興段一小段,1.55,都市：其他:第貳種商業區(依都市計畫說明書圖規定辦理，始得作第貳種商業區使用) 但是否在道路用地(公共設施用地)(原屬第參種住宅區應依建築線或俟地籍測量分割後，再確定)。,7500,223,持分移轉,01580001
RPWNMLQJJHLGFBA97DA,福星段三小段,3.32,都市：其他:第四種商業區。,84800,336,持分移轉,05120000
RPTNMLMKKIKGFBA47DA,漢中段三小段,10.04,都市：其他:第四種商業區。,100000,270,持分移轉,08160000
RPSNMLMKKIKGFEA67DA,永平段一小段,36.97,都市：其他:第三種住宅區。,10000,133,持分移轉,02760000
RPOOMLTLKIKGFAA77DA,華興段二小段,18.60,都市：其他:第二種住宅區。,20,2,持分移轉,10150000
RPPNMLRJJHLGFDA67EA,玉成段二小段,27.00,都市：其他:策略型工業區(不得作住宅使用)。,4,1,持分移轉,01410000
RPOOMLTLKIKGFAA77DA,華興段四小段,10.60,都市：其他:第二種住宅區。,20,2,持分移轉,10230000
RPSNMLSJJHLGFBA77DA,漢中段一小段,4.50,都市：其他:第四種商業區。,100000,1739,持分移轉,07060000
RPPNMLLMKIKGFCA27DA,西湖段一小段,25.13,都市：其他:第三種住宅區。,10000,360,持分移轉,00500006
RPPPMLQJJIKGFDA67DA,南港段三小段,16.42,都市：其他:第三種住宅區。,100000,274,持分移轉,00730000
RPRPMLQJJHLGFCA77DA,康寧段三小段,12.23,都市：其他:第三種商業區。,50000,115,持分移轉,07680000
RPTNMLSLJIKGFDA28DA,福德段一小段,28.37,都市：其他:第三種住宅區。,10000,232,持分移轉,01880000
RPVNMLTLKIKGFDA68DA,中南段一小段,28.30,都市：其他:第三種住宅區。,17040,283,持分移轉,00290000
RPRNMLRJJHLGFDA77DA,虎林段一小段,14.01,都市：其他:第參種商業區(依都市計畫說明書圖規定辦理，始得作第參種商業區使用)(原屬第貳種商業區)。,10000,352,持分移轉,03500000
RPRNMLRJJHLGFDA77DA,虎林段一小段,4.08,都市：其他:第參種商業區(依都市計畫說明書圖規定辦理，始得作第參種商業區使用)(原屬第參種住宅區)。,10000,352,持分移轉,03500001
RPQOMLSJJHLGFCA77DA,長春段三小段,2.74,都市：其他:第二種商業區。,10000,115,持分移轉,01620000
RPQOMLSJJHLGFCA77DA,長春段三小段,1.22,都市：其他:第貳種商業區(依都市計畫說明書圖規定辦理，始得作第貳種商業區使用)(原屬第參種住宅區)。,10000,115,持分移轉,01620001
RPQNMLLKKIKGFEA37DA,大業段四小段,8.44,都市：其他:第參種工業區(不得作住宅使用)。,300000,645,持分移轉,05600000
RPRNMLPKKIKGFDA77DA,虎林段四小段,11.98,都市：其他:第參種商業區(依都市計畫說明書圖規定辦理，始得作第參種商業區使用)(原屬第肆種住宅區)及第三之一種住宅區及第三種住宅區(應依建築線或俟地籍測量分割後，再確定)。,42619122,114480,持分移轉,07850000
RPRNMLPKKIKGFDA77DA,虎林段四小段,1.19,都市：其他:第三種住宅區。,42619122,114480,持分移轉,07860001
RPQNMLKMKIKGFEA47DA,海光段一小段,22.62,都市：其他:第三種住宅區。,10000,125,持分移轉,01340000
RPVNMLSJJHLGFEA48EA,大業段三小段,.83,都市：其他:第三種商業區。,662100,5000,持分移轉,00360000
RPVNMLRJJHLGFFA38DA,懷生段一小段,2.31,都市：其他:第參種商業區(依都市計畫說明書圖規定辦理，始得作第參種商業區使用)(原屬第貳種商業區)。,100000,1724,持分移轉,01340000
RPVNMLRJJHLGFFA38DA,懷生段一小段,2.09,都市：其他:第參種商業區(依都市計畫說明書圖規定辦理，始得作第參種商業區使用)(原屬第貳種商業區)。,100000,1724,持分移轉,01370000
RPPNMLSJJHLGFBA57EA,雙連段一小段,26.69,都市：其他:第四之一種住宅區。,10000,314,持分移轉,02690000
RPPNMLSJJHLGFBA57EA,雙連段一小段,.69,都市：其他:第四種住宅區。,10000,301,持分移轉,02690001
RPPNMLSJJHLGFAA37DA,木柵段二小段,26.27,都市：其他:第三種住宅區。,10000,396,持分移轉,10000000
RPSNMLSJKIKGFFA28DA,仁愛段五小段,13.99,都市：其他:第肆種商業區(依都市計畫說明書圖規定辦理，始得作第肆種商業區使用)(原屬第四之一種住宅區〈特〉及第貳種商業區國父紀念館特定專用區)。,100000,1131,持分移轉,02510000
RPUNMLSJJHLGFEA38EA,溫泉段一小段,4.46,都市：其他:第三種商業區。,10000,47,持分移轉,02590000
RPSNMLSJKIKGFFA28DA,仁愛段五小段,.63,都市：其他:第肆種商業區(依都市計畫說明書圖規定辦理，始得作第肆種商業區使用)(原屬第四之一種住宅區〈特〉及第貳種商業區國父紀念館特定專用區)。,15730,181,持分移轉,02520000
RPUNMLSJJHLGFEA38EA,溫泉段一小段,8.62,都市：其他:第三種住宅區。,10000,47,持分移轉,02630000
RPSNMLSJKIKGFFA28DA,仁愛段五小段,3.00,都市：其他:第肆種商業區(依都市計畫說明書圖規定辦理，始得作第肆種商業區使用)(原屬第四之一種住宅區〈特〉及第貳種商業區國父紀念館特定專用區)。,79255,907,持分移轉,02530000
RPSNMLSJJHLGFAA67DA,木柵段一小段,17.72,都市：其他:第三種商業區。,10000,124,持分移轉,04200000
RPQNMLSJKIKGFBA67DA,臨沂段四小段,24.25,都市：其他:第三種住宅區。,4,1,持分移轉,02660000
RPXNMLLLJIKGFDA97DA,民生段,5.25,都市：其他:第三種商業區(民生社區特定專用區)。,100000,116,持分移轉,00530000
RPXNMLTJJHLGFCA48DA,榮星段三小段,17.09,都市：其他:第參種商業區(依都市計畫說明書圖規定辦理，始得作第參種商業區使用)(原屬第參之貳種住宅區)。,10000,185,持分移轉,04240000
RPXNMLTJJHLGFCA48DA,榮星段三小段,1.22,都市：其他:第參種商業區(依都市計畫說明書圖規定辦理，始得作第參種商業區使用)(原屬第參種住宅區)。,10000,185,持分移轉,04240003
RPXNMLTJJHLGFCA48DA,榮星段三小段,.06,都市：其他:道路用地(公共設施用地)。65/11/24,10000,185,持分移轉,04240004
RPWOMLRJJHLGFEA48DA,蘭雅段二小段,.03,都市：其他:第參種工業區(不得作住宅使用)。,100000,1,持分移轉,00050000
RPWNMLLJKIKGFAA47DA,景美段五小段,3.27,都市：其他:第三種商業區。,21000,654,持分移轉,04850000
RPWOMLRJJHLGFEA48DA,蘭雅段二小段,.00,都市：其他:第三種住宅區。,100000,1,持分移轉,00070000
RPWOMLRJJHLGFEA48DA,蘭雅段二小段,.01,都市：其他:第三種住宅區。,100000,1,持分移轉,00130000
RPWNMLLJKIKGFAA47DA,景美段五小段,4.54,都市：其他:第三種商業區。,21000,917,持分移轉,04900001
RPWNMLLJKIKGFAA47DA,景美段五小段,4.42,都市：其他:第三種商業區。,21000,654,持分移轉,04910001
RPRNMLKKKIKGFDA27DA,福德段一小段,4.47,都市：其他:交通用地(公共設施用地)。79/5/24,100000,586,持分移轉,00140000
RPRNMLKKKIKGFDA27DA,福德段一小段,2.49,都市：其他:第三之一種住宅區。,100000,586,持分移轉,00150000
RPRNMLKKKIKGFDA27DA,福德段一小段,2.03,都市：其他:第三種住宅區。,100000,586,持分移轉,00160000
RPPOMLTJJHLGFBA67DA,圓環段三小段,4.21,都市：其他:第三種商業區。,20000,122,持分移轉,07540000
RPQNMLNKKIKGFDA47DA,吳興段三小段,186.60,都市：其他:道路用地(公共設施用地)(不符合都市計畫容積移轉實施辦法第6條有關送出基地相關規定)。62/8/23,5,3,持分移轉,00120003
RPQNMLNKKIKGFDA47DA,吳興段三小段,5.40,都市：其他:道路用地(公共設施用地)(不符合都市計畫容積移轉實施辦法第6條有關送出基地相關規定)。62/8/23,5,3,持分移轉,00120004
RPQNMLNKKIKGFDA47DA,吳興段三小段,143.40,都市：其他:公園用地(公共設施用地)(不符合都市計畫容積移轉實施辦法第6條有關送出基地相關規定)。62/8/23,5,3,持分移轉,00120006
RPQNMLNKKIKGFDA47DA,吳興段三小段,6.00,都市：其他:道路用地(公共設施用地)(不符合都市計畫容積移轉實施辦法第6條有關送出基地相關規定)。62/8/23,5,3,持分移轉,00120007
RPQNMLNKKIKGFDA47DA,吳興段三小段,69.60,都市：其他:道路用地(公共設施用地)(不符合都市計畫容積移轉實施辦法第6條有關送出基地相關規定)。62/8/23,5,3,持分移轉,00160000
RPQNMLNKKIKGFDA47DA,吳興段三小段,13.80,都市：其他:公園用地(公共設施用地)(不符合都市計畫容積移轉實施辦法第6條有關送出基地相關規定)。62/8/23,5,3,持分移轉,00160001
RPQNMLNKKIKGFDA47DA,祥和段四小段,245.40,都市：其他:道路用地(公共設施用地)(不符合都市計畫容積移轉實施辦法第6條有關送出基地相關規定)。62/8/23,5,3,持分移轉,04940051
RPQNMLNKKIKGFDA47DA,祥和段四小段,170.40,都市：其他:公園用地(公共設施用地)(不符合都市計畫容積移轉實施辦法第6條有關送出基地相關規定)。62/8/23,5,3,持分移轉,04940064
RPQNMLNKKIKGFDA47DA,祥和段四小段,111.60,都市：其他:公園用地(公共設施用地)(不符合都市計畫容積移轉實施辦法第6條有關送出基地相關規定)。62/8/23,5,3,持分移轉,05320000
RPQNMLNKKIKGFDA47DA,祥和段四小段,1.80,都市：其他:道路用地(公共設施用地)(不符合都市計畫容積移轉實施辦法第6條有關送出基地相關規定)。62/8/23,5,3,持分移轉,05320001
RPQNMLNKKIKGFDA47DA,祥和段四小段,31.80,都市：其他:道路用地(公共設施用地)(不符合都市計畫容積移轉實施辦法第6條有關送出基地相關規定)。62/8/23,5,3,持分移轉,05320002
RPQNMLNKKIKGFDA47DA,祥和段四小段,31.20,都市：其他:公園用地(公共設施用地)(不符合都市計畫容積移轉實施辦法第6條有關送出基地相關規定)。62/8/23,5,3,持分移轉,05320003
RPVNMLTLKIKGFEA78DA,大業段二小段,30.61,都市：其他:第三種住宅區。,10000,188,持分移轉,04090000
RPXNMLNLKIKGFDA28DA,永春段二小段,1.75,都市：其他:第三種住宅區。,100000,578,持分移轉,00780000
RPXNMLNLKIKGFDA28DA,永春段二小段,9.13,都市：其他:第三之一種住宅區。,100000,578,持分移轉,00780001
RPPNMLKLKIKGFBA96DA,臨沂段三小段,37.25,都市：其他:第三種住宅區。,4,1,持分移轉,00780000
RPUNMLMJKIKGFDA67DA,寶清段七小段,8.65,都市：其他:第三種商業區。,20000,420,持分移轉,05550000
RPOOMLQJJHLGFFA67DA,仁愛段六小段,5.01,都市：其他:第肆種商業區(依都市計畫說明書圖規定辦理，始得作第肆種商業區使用)(原屬第貳種商業區)。,10000,29,持分移轉,01010000
RPQOMLNLKIKGFDA77EA,三興段一小段,11.29,都市：其他:第參種商業區(依都市計畫說明書圖規定辦理，始得作第參種商業區使用)(原屬第貳種商業區)。,13000,366,持分移轉,05490000
RPPNMLTJJHLGFDA87EA,寶清段五小段,19.79,都市：其他:第三種住宅區。,6000,462,持分移轉,01440000
RPXNMLLMKIKGFFA38DA,懷生段三小段,7.37,都市：其他:第參種商業區(依都市計畫說明書圖規定辦理，始得作第參種商業區使用)(原屬第貳種商業區)。,100000,3943,持分移轉,02200000
RPXNMLLMKIKGFFA38DA,懷生段三小段,35.01,都市：其他:第三種住宅區。,100000,3943,持分移轉,02200001
RPQNMLMLKIKGFCA37DA,吉林段四小段,6.37,都市：其他:第肆種商業區(依都市計畫說明書圖規定辦理，始得作第肆種商業區使用)(原屬第參種商業區)。,10000,31,持分移轉,05470000
RPPRMLOKJIKGFEA87DA,立農段五小段,19.41,都市：其他:第三種住宅區。,10000,157,持分移轉,02090000
RPUNMLTLKIKGFDA58DA,三興段一小段,3.94,都市：其他:第參種商業區(依都市計畫說明書圖規定辦理，始得作第參種商業區使用)(原屬第貳種商業區)。,10000,26,持分移轉,10920000
RPSNMLTJJHLGFAA77DA,實踐段三小段,21.96,都市：其他:第三種住宅區。,10000,62,持分移轉,07560000
RPRNMLTJJHLGFAA67DA,公訓段三小段,.03,都市：其他:第二種住宅區。,5460,1,持分移轉,02710000
RPRNMLTJJHLGFAA67DA,公訓段三小段,.00,都市：其他:第二種住宅區。,341250,10,持分移轉,02710001
RPRNMLTJJHLGFAA67DA,公訓段三小段,139.51,都市：其他:第二種住宅區。,1000,158,持分移轉,02780000
RPQOMLKKKIKGFBA07DA,橋北段三小段,11.50,都市：其他:第四種住宅區。,8,1,持分移轉,05330000
RPSNMLTLKIKGFEA58EA,福順段一小段,9.74,都市：其他:第三之二種住宅區。,10000,65,持分移轉,01500000
RPSNMLTLKIKGFEA58EA,福順段一小段,.01,都市：其他:第三種住宅區。,10000,65,持分移轉,01500002
RPQNMLOLKIKGFCA57DA,金泰段,53.42,都市：其他:商業區(供一般商業使用不得作住宅使用)。,100000,1108,持分移轉,00960004
RPXNMLQLKIKGFBA38DA,雙園段三小段,13.56,都市：其他:第三種住宅區。,1000000,8666,持分移轉,08880000
RPVNMLTJJHLGFDA38DA,玉成段五小段,7.88,都市：其他:第一種商業區。,20000,1408,持分移轉,00470000
RPVNMLTJJHLGFDA38DA,玉成段五小段,4.44,都市：其他:第一種商業區。,20000,1408,持分移轉,00510000
RPRNMLRKJIKGFDA87DA,虎林段一小段,19.00,都市：其他:第三種住宅區。,8,1,持分移轉,04800000
RPTNMLLMKIKGFDA77DA,新光段二小段,26.43,都市：其他:住宅區。,38000,25,持分移轉,04090000
RPQOMLSJKIKGFDA97DA,吳興段二小段,27.65,都市：其他:第三種住宅區。,10000,779,持分移轉,01860000
RPQNMLTKKIKGFAA77DA,政大段二小段,6.72,都市：其他:第三種住宅區。,10000,68,持分移轉,06450006
RPXVMLPLJIKGFEA66DA,蘭雅段二小段,28.77,都市：其他:第三種住宅區。,20140,288,持分移轉,04100002
RPUNMLQLJIKGFCA08DA,吉林段四小段,8.40,都市：其他:第肆種商業區(依都市計畫說明書圖規定辦理，始得作第肆種商業區使用)(原屬第參種商業區)。,100000,1147,持分移轉,06240000
RPOOMLMJKIKGFCA07DA,中山段一小段,11.77,都市：其他:第肆種商業區(依都市計畫說明書圖規定辦理，始得作第肆種商業區使用)(原屬第參種商業區) 但是否在道路用地(公共設施用地)(應依建築線或俟地籍測量分割後，再確定)。,144000,1094,持分移轉,08880000
RPOOMLMJKIKGFCA07DA,中山段一小段,11.72,都市：其他:第肆種商業區(依都市計畫說明書圖規定辦理，始得作第肆種商業區使用)(原屬第參種商業區)。,144000,1094,持分移轉,08890000
RPRNMLLKKIKGFEA47DA,文林段一小段,36.25,都市：其他:第三種住宅區。,4,1,持分移轉,02620000
RPRNMLPJJHLGFFA77DA,辛亥段六小段,12.03,都市：其他:第三之一種住宅區及第三種住宅區。,10000,104,持分移轉,00310004
RPPNMLKMKIKGFFA47DA,懷生段四小段,22.20,都市：其他:第三種住宅區。,10,1,持分移轉,03620000
RPWOMLTJJHLGFCA48DA,康寧段二小段,36.45,都市：其他:第三種住宅區。,100000,2848,持分移轉,04760000
RPSNMLPKKIKGFEA97DA,文林段一小段,37.26,都市：其他:第三種住宅區。,100000,1709,持分移轉,03500000
RPSNMLPKKIKGFEA97DA,文林段一小段,16.83,都市：其他:第三之二種住宅區。,100000,1709,持分移轉,03510000
RPTNMLMKJHLGFAA27DA,實踐段一小段,33.38,都市：其他:第三種住宅區。,50,1,持分移轉,01520000
RPVOMLSKJIKGFCA38DA,正義段二小段,2.43,都市：其他:第肆種商業區(依都市計畫說明書圖規定辦理，始得作第肆種商業區使用)(原屬第參種商業區)。,10000,39,持分移轉,02210000
RPVOMLTLKIKGFBA58DA,青年段一小段,16.78,都市：其他:第三種住宅區。,31555,23,持分移轉,00740000
RPPNMLQKJIKGFEA67DA,奇岩段一小段,43.12,都市：其他:第三種住宅區。,300,66,持分移轉,02410000
RPXNMLSKKIKGFCA58DA,吉林段一小段,3.74,都市：其他:第參種商業區(依都市計畫說明書圖規定辦理，始得作第參種商業區使用)(原屬第參種住宅區) 但是否在第三種商業區(原屬第參之貳種住宅區於七十九年九月十三日變更為第貳種商業區又於八十四年九月二十七日調整為第參種商業區(均應依前述都市計畫說明書圖規定辦理))。,10000,40,持分移轉,04600000
RPXNMLSKKIKGFCA58DA,吉林段一小段,.29,都市：其他:第三種商業區(原屬第參之貳種住宅區於七十九年九月十三日變更為第貳種商業區又於八十四年九月二十七日調整為第參種商業區(均應依前述都市計畫說明書圖規定辦理))。,10000,40,持分移轉,04600001
RPRNMLMKJHLGFDA37DA,福德段二小段,25.75,都市：其他:第三種住宅區。,4,1,持分移轉,05680000
RPOOMLMKJHLGFCA17EA,西湖段四小段,7.32,都市：其他:科技工業區(A區)(不得作住宅使用)。,10000,59,持分移轉,03990000
RPRNMLTJJHLGFFA18DA,金華段四小段,6.32,都市：其他:第三種住宅區。,10000,472,持分移轉,07540000
RPSOMLLMKIKGFFA97DA,仁愛段一小段,13.07,都市：其他:第參種商業區(依都市計畫說明書圖規定辦理，始得作第參種商業區使用)(原屬第四之一種住宅區〈特〉國父紀念館特定專用區)。,10000,161,持分移轉,05080000
RPWNMLMKJHLGFCA87EA,中山段三小段,48.80,都市：其他:第肆種商業區(依都市計畫說明書圖規定辦理，始得作第肆種商業區使用)(原屬第參種商業區)。,100000,7883,持分移轉,03110000
RPVNMLKKJHLGFCA47DA,長安段四小段,3.19,都市：其他:第三之二種住宅區。,20000,140,持分移轉,04140000
RPXNMLMKJHLGFCA97EA,長春段三小段,14.43,都市：其他:第三之二種住宅區。,100000,1321,持分移轉,01300000
RPXNMLMKJHLGFCA97EA,長春段三小段,9.85,都市：其他:第三種住宅區。,100000,1321,持分移轉,01430000
RPVNMLMKJHLGFBA57DA,雙連段三小段,13.91,都市：其他:第三種商業區。,100000,2386,持分移轉,06510000
RPPNMLMKJHLGFCA17EA,正義段一小段,7.09,都市：其他:第參種商業區(依都市計畫說明書圖規定辦理，始得作第參種商業區使用)(原屬第參之貳種住宅區)。,10000,29,持分移轉,07050000
RPQNMLLKJHLGFFA37DA,通化段四小段,8.46,都市：其他:第三種住宅區。,10000,351,持分移轉,02990000
RPQNMLLKJHLGFFA37DA,通化段四小段,.32,都市：其他:第三種住宅區。,10000,351,持分移轉,03010003
RPPOMLMKJHLGFCA27EA,吉林段四小段,3.82,都市：其他:第貳種商業區(依都市計畫說明書圖規定辦理，始得作第貳種商業區使用)(原屬第參種住宅區)。,10000,313,持分移轉,03020000
RPQNMLNKJHLGFEA47DA,蘭雅段二小段,21.00,都市：其他:第三種住宅區。,4,1,持分移轉,02630000
RPPOMLMKJHLGFCA27EA,吉林段四小段,3.47,都市：其他:第三種住宅區。,10000,313,持分移轉,03030000
RPRNMLMKJHLGFBA27EA,青年段一小段,48.20,都市：其他:第三種住宅區。,5187,130,持分移轉,01510025
RPQNMLMKJHLGFEA47EA,天山段一小段,34.42,都市：其他:第三種住宅區。,24,2,持分移轉,04780000
RPUNMLMKJHLGFEA87EA,百齡段四小段,28.28,都市：其他:第三種住宅區。,10000,255,持分移轉,02790000
RPPNMLNKJHLGFCA27EA,長安段一小段,25.05,都市：其他:第參種商業區(依都市計畫說明書圖規定辦理，始得作第參種商業區使用)(原屬第參種住宅區及第貳種商業區)。,100000,2475,持分移轉,04240000
RPXNMLTJJHLGFBA38DA,莒光段四小段,60.00,都市：其他:第三之二種住宅區(特)。,1,1,全筆移轉,10800000
RPRNMLMKJHLGFBA17DA,青年段二小段,17.19,都市：其他:第三種住宅區。,152000,253,持分移轉,00190000
RPQNMLLMKIKGFAA17DA,南海段五小段,20.04,都市：其他:第三種住宅區。,1019425,6015,持分移轉,05210000
RPTNMLSJKIKGFCA08DA,榮星段四小段,41.00,都市：其他:第三種住宅區。,4,1,持分移轉,02470001
RPPNMLNKJHLGFAA96DA,河堤段二小段,13.24,都市：其他:第參種商業區(依都市計畫說明書圖規定辦理，始得作第參種商業區使用)(原屬第貳種商業區)。,10000,308,持分移轉,00080000
RPRNMLKKKIKGFCA17DA,西湖段一小段,21.96,都市：其他:第三種住宅區。,10000,208,持分移轉,01100000
RPSOMLQJJHLGFDA97EA,永春段三小段,28.72,都市：其他:第三種住宅區。,10000,346,持分移轉,01790003
RPPNMLMKJHLGFAA86DA,公訓段三小段,49.88,都市：其他:第二種住宅區。,10000,28,持分移轉,02430000
RPPNMLMKJHLGFAA86DA,公訓段三小段,2.51,都市：其他:第三種住宅區。,10000,28,持分移轉,02430001
RPVOMLMLKIKGFEA18DA,福林段一小段,49.20,都市：其他:第三種住宅區。,100000,455,持分移轉,03310000
RPPNMLMKJHLGFAA86DA,公訓段三小段,.89,都市：其他:第三種住宅區。,10000,28,持分移轉,02430002
RPTNMLNKJHLGFCA57DA,中山段四小段,28.33,都市：其他:第四種住宅區。,24,5,持分移轉,04170000
RPUNMLMKJHLGFDA67DA,寶清段四小段,7.33,都市：其他:道路用地(公共設施用地)。58/8/27,15,5,持分移轉,05260000
RPUNMLMKJHLGFDA67DA,寶清段四小段,40.00,都市：其他:第三種住宅區。,15,5,持分移轉,05270000
RPPOMLMKJHLGFEA37DA,天山段二小段,38.00,都市：其他:第三種住宅區。,15,3,持分移轉,04860000
RPSNMLKMKIKGFDA57DA,三興段一小段,36.50,都市：其他:第三種住宅區。,4,1,持分移轉,04040000
RPPNMLOKJHLGFEA47DA,文林段三小段,33.50,都市：其他:第三種住宅區。,4,1,持分移轉,02360000
RPTNMLOKJHLGFEA87DA,文林段五小段,25.16,都市：其他:第三種住宅區。,10000,395,持分移轉,01100000
RPPNMLNKJHLGFDA37EA,逸仙段三小段,.01,都市：其他:道路用地(公共設施用地)。50/9/19,2400,1,持分移轉,04590000
RPVNMLNKJHLGFCA77DA,石潭段四小段,11.19,都市：其他:第三種商業區。,10000,90,持分移轉,03120000
RPQNMLOKJHLGFAA27EA,萬芳段三小段,136.90,都市：其他:第二種住宅區。,1,1,全筆移轉,07960044
RPWOMLQJJHLGFDA38EA,民生段,31.62,都市：其他:住宅用地(民生社區特定專用區)。,8,1,持分移轉,00020023
RPPNMLPKJHLGFDA57EA,民生段,37.62,都市：其他:住宅用地(民生社區特定專用區)。,8,1,持分移轉,00360005
RPSNMLOKJHLGFAA47EA,福和段二小段,28.36,都市：其他:第三種住宅區。,544638,2817,持分移轉,00600000
RPOOMLKMKIKGFCA17DA,康寧段四小段,13.18,都市：其他:第三種住宅區。,10000,57,持分移轉,00380000
RPOOMLKMKIKGFCA17DA,康寧段四小段,.05,都市：其他:公園用地(公共設施用地)。63/1/5,10000,57,持分移轉,00380001
RPTNMLOKJHLGFFA08EA,懷生段一小段,.01,都市：其他:道路用地(公共設施用地)。59/3/18,7000,1,持分移轉,06680000
RPTNMLOKJHLGFFA08EA,懷生段一小段,.01,都市：其他:道路用地(公共設施用地)。59/3/18,21000,1,持分移轉,06690000
RPOOMLKMKIKGFCA17DA,康寧段四小段,.04,都市：其他:公園用地(公共設施用地)。63/1/5,10000,57,持分移轉,00380002
RPOOMLKMKIKGFCA17DA,康寧段三小段,.50,都市：其他:第三種住宅區。,10000,57,持分移轉,05500001
RPWPMLSKJIKGFEA78DA,芝山段一小段,47.60,都市：其他:第三種住宅區。,5,1,持分移轉,09060003
RPRNMLOKJIKGFEA67DA,振興段三小段,24.75,都市：其他:第三種住宅區。,8,2,持分移轉,03900000
RPSNMLPKJHLGFBA57DA,福星段二小段,7.44,都市：其他:第四種商業區。,100000,606,持分移轉,06180000
RPSOMLMLKIKGFCA67DA,文德段四小段,31.60,都市：其他:第三種住宅區。,5,1,持分移轉,01750000
RPVNMLTLKIKGFCA58DA,正義段一小段,6.09,都市：其他:第肆種商業區(依都市計畫說明書圖規定辦理，始得作第肆種商業區使用)(原屬第參種住宅區)。,10000,188,持分移轉,01990000
RPVOMLKMKIKGFCA87DA,吉林段三小段,42.25,都市：其他:第貳種商業區(依都市計畫說明書圖規定辦理，始得作第貳種商業區使用)(原屬第參種住宅區及第參之貳種住宅區)。,4,1,持分移轉,03180000
RPRNMLNKJHLGFDA47DA,逸仙段三小段,1.33,都市：其他:第四種住宅區。,10000,35,持分移轉,07120000
RPQNMLNKJHLGFFA57DA,龍泉段三小段,.46,都市：其他:第三種住宅區。,10000,17,持分移轉,02140000
RPRNMLNKJHLGFDA47DA,逸仙段三小段,4.53,都市：其他:第參種商業區(依都市計畫說明書圖規定辦理，始得作第參種商業區使用)(原屬第貳種商業區)。,10000,35,持分移轉,07120003
RPQNMLNKJHLGFFA57DA,龍泉段三小段,3.10,都市：其他:第參種商業區(依都市計畫說明書圖規定辦理，始得作第參種商業區使用)(原屬第貳種商業區)。,10000,17,持分移轉,02140003
RPQNMLNKJHLGFFA57DA,龍泉段三小段,.50,都市：其他:第三種住宅區。,10000,17,持分移轉,02200000
RPQNMLNKJHLGFFA57DA,龍泉段三小段,.84,都市：其他:第三種住宅區。,10000,17,持分移轉,02230000
RPQNMLNKJHLGFFA57DA,龍泉段三小段,.03,都市：其他:第三種住宅區。,10000,17,持分移轉,02230001
RPQNMLNKJHLGFFA57DA,龍泉段三小段,.77,都市：其他:第參種商業區(依都市計畫說明書圖規定辦理，始得作第參種商業區使用)(原屬第貳種商業區)。,10000,17,持分移轉,02230005
RPQNMLNKJHLGFFA57DA,龍泉段三小段,.37,都市：其他:第參種商業區(依都市計畫說明書圖規定辦理，始得作第參種商業區使用)(原屬第貳種商業區)。,10000,17,持分移轉,02230006
RPQNMLNKJHLGFFA57DA,龍泉段三小段,.15,都市：其他:第參種商業區(依都市計畫說明書圖規定辦理，始得作第參種商業區使用)(原屬第貳種商業區)。,10000,17,持分移轉,02250000
RPVNMLQLKIKGFBA18DA,直興段三小段,12.50,都市：其他:第肆種商業區(依都市計畫說明書圖規定辦理，始得作第肆種商業區使用)(原屬第參種商業區)。,100000,1287,持分移轉,02000000
RPUNMLNKJHLGFCA67DA,東湖段八小段,35.02,都市：其他:第三種住宅區。,100000,705,持分移轉,00140000
RPOOMLMKJHLGFDA17DA,雅祥段一小段,87.54,都市：其他:第三種住宅區。,10000,740,持分移轉,05250002
RPVOMLTLKIKGFDA78DA,玉成段五小段,23.89,都市：其他:第三種住宅區。,100000,991,持分移轉,03300000
RPPNMLSLJIKGFBA67DA,華江段一小段,23.50,都市：其他:第四之一種住宅區。,6,3,持分移轉,07680000
RPOOMLNKJHLGFCA17DA,文德段一小段,20.19,都市：其他:第三種住宅區。,10000,41,持分移轉,03190000
RPPNMLSLJIKGFBA67DA,華江段一小段,17.50,都市：其他:第四種住宅區。,6,3,持分移轉,07680001
RPPNMLSLJIKGFBA67DA,華江段一小段,8.50,都市：其他:道路用地(公共設施用地)。62/8/29,6,3,持分移轉,07690000
RPPOMLRKJIKGFCA67DA,西湖段一小段,22.62,都市：其他:第三種住宅區。,40,1,持分移轉,06650000
RPRNMLSKJIKGFFA18DA,通化段三小段,24.06,都市：其他:第三種住宅區。,2000,124,持分移轉,05400000
RPPOMLRKJIKGFCA67DA,西湖段一小段,1.68,都市：其他:第三之一種住宅區及第三種住宅區。,40,1,持分移轉,06690000
RPQNMLPKJHLGFEA77EA,三玉段四小段,22.24,都市：其他:第三種住宅區。,30000,249,持分移轉,01200000
RPUNMLPKKIKGFEA18DA,關渡段三小段,29.40,都市：其他:第二種住宅區。,5,1,持分移轉,00020000
RPWNMLSJJHLGFDA38DA,福德段二小段,30.43,都市：其他:第三種住宅區。,2000,147,持分移轉,09060000
RPOOMLPJJHLGFEA47DA,三玉段二小段,13.16,都市：其他:第參種商業區(依都市計畫說明書圖規定辦理，始得作第參種商業區使用)(原屬第壹種商業區) 但是否在道路用地(公共設施用地)(應依建築線或俟地籍測量分割後，再確定)。,20000,130,持分移轉,00850000
RPSNMLMLJIKGFDA57DA,中南段四小段,21.34,都市：其他:第二種住宅區。,100000,457,持分移轉,06890000
RPQNMLOKJHLGFEA57DA,桃源段二小段,55.65,都市：其他:第二種住宅區。,100000,1215,持分移轉,00690000
RPXNMLNLKIKGFEA48EA,蘭雅段一小段,7.57,都市：其他:第三種住宅區。,14,1,持分移轉,00650000
RPWNMLNLKIKGFEA38EA,蘭雅段一小段,7.57,都市：其他:第三種住宅區。,14,1,持分移轉,00650000
RPPNMLOKJHLGFBA27EA,大同段一小段,.29,都市：其他:第三種商業區(原屬第肆之壹種住宅區於七十九年九月十三日變更為第貳種商業區又於八十四年九月二十七日調整為第參種商業區(均應依前述都市計畫說明書圖規定辦理))。,259000,332,持分移轉,08760000
RPPNMLOKJHLGFBA27EA,大同段一小段,.00,都市：其他:第三種商業區(原屬第肆之壹種住宅區於七十九年九月十三日變更為第貳種商業區又於八十四年九月二十七日調整為第參種商業區(均應依前述都市計畫說明書圖規定辦理))。,259000,36,持分移轉,08760001
RPPNMLOKJHLGFBA27EA,大同段一小段,.00,都市：其他:第參種商業區(依都市計畫說明書圖規定辦理，始得作第參種商業區使用)(原屬第肆種住宅區)。,259000,36,持分移轉,08760002
RPPNMLOKJHLGFBA27EA,大同段一小段,2.97,都市：其他:第三種商業區(原屬第肆之壹種住宅區於七十九年九月十三日變更為第貳種商業區又於八十四年九月二十七日調整為第參種商業區(均應依前述都市計畫說明書圖規定辦理))。,100000,148,持分移轉,08770000
RPPNMLOKJHLGFBA27EA,大同段一小段,.30,都市：其他:第參種商業區(依都市計畫說明書圖規定辦理，始得作第參種商業區使用)(原屬第肆種住宅區)。,100000,148,持分移轉,08770001
RPQNMLKKKIKGFAA86DA,萬慶段三小段,26.50,都市：其他:第三種住宅區。,4,1,持分移轉,00900000
RPPNMLPKKIKGFAA27DA,木柵段一小段,31.82,都市：其他:第三種住宅區。,40000,1264,持分移轉,08570000
RPPPMLTJJHLGFCA87DA,碧湖段四小段,30.83,都市：其他:第二種住宅區。,100000,1025,持分移轉,10250000
RPPPMLTJJHLGFCA87DA,碧湖段四小段,18.71,都市：其他:第二種住宅區。,100000,1025,持分移轉,10250002
RPTPMLNJJIKGFDA77DA,新光段二小段,32.68,都市：其他:第三種住宅區。,10000,105,持分移轉,05980000
RPQOMLKMKIKGFCA37DA,文德段三小段,8.18,都市：其他:第三之一種住宅區。,10000,42,持分移轉,00250002
RPTPMLNJJIKGFDA77DA,新光段二小段,4.80,都市：其他:第二種住宅區。,10000,105,持分移轉,05990000
RPTPMLNJJIKGFDA77DA,新光段二小段,.37,都市：其他:第二種住宅區。,10000,105,持分移轉,06000000
RPQOMLKMKIKGFCA37DA,文德段三小段,11.50,都市：其他:第三種住宅區。,10000,42,持分移轉,00780000
RPSOMLOKJHLGFDA77DA,西松段二小段,2.96,都市：其他:第二種商業區。,100000,275,持分移轉,07220000
RPSOMLOKJHLGFDA77DA,西松段二小段,2.53,都市：其他:第三種住宅區。,100000,275,持分移轉,07220001
RPXNMLQKJHLGFDA38DA,吳興段二小段,28.90,都市：其他:第三種住宅區。,8400,330,持分移轉,08840008
RPXNMLQKJHLGFDA38DA,吳興段二小段,.92,都市：其他:第三種住宅區。,8400,330,持分移轉,08840010
RPPNMLLMKIKGFDA37DA,中南段五小段,12.83,都市：其他:第二種住宅區及道路用地(公共設施用地)。,10000,293,持分移轉,01410000
RPPNMLLMKIKGFDA37DA,中南段五小段,3.00,都市：其他:道路用地(公共設施用地)。61/9/29,1,1,全筆移轉,01430000
RPTNMLPKJHLGFEA97DA,中洲段,62.00,都市：其他:遊樂區(細部計畫尚未完成，尚未能准許依變更後計畫用途使用)。,1,1,全筆移轉,06580000
RPUPMLLJKIKGFCA67DA,德惠段四小段,4.19,都市：其他:第肆種商業區(依都市計畫說明書圖規定辦理，始得作第肆種商業區使用)(原屬第參種商業區)。,20000,86,持分移轉,04940000
RPTNMLTKKIKGFDA38DA,延吉段三小段,20.62,都市：其他:第三之一種住宅區(特)。,10000,75,持分移轉,02420000
RPWNMLSLJIKGFAA28DA,興安段二小段,61.94,都市：其他:第二種住宅區。,20000,168,持分移轉,04260000
RPTOMLPKJHLGFFA18DA,龍泉段二小段,13.25,都市：其他:第三種住宅區。,4,1,持分移轉,08740000
RPUNMLNLKIKGFCA87DA,石潭段四小段,12.19,都市：其他:第二之一種住宅區(依都市計畫說明書圖規定辦理)。,10000,214,持分移轉,01500000
RPTOMLPKJHLGFFA18DA,龍泉段二小段,27.00,都市：其他:第三種住宅區。,4,1,持分移轉,08750000
RPTOMLPKJHLGFFA18DA,龍泉段二小段,3.00,都市：其他:第三種住宅區。,8,1,持分移轉,08760001
RPUNMLNLKIKGFCA87DA,石潭段四小段,1.59,都市：其他:第二種住宅區。,10000,214,持分移轉,01500001
RPSNMLLMKIKGFFA87DA,通化段五小段,12.30,都市：其他:第三種住宅區。,10000,317,持分移轉,03430000
RPTNMLQLKIKGFBA97DA,直興段一小段,17.46,都市：其他:第四種住宅區。,10000,113,持分移轉,07460000
RPOQMLLJKIKGFCA17DA,吉林段四小段,12.72,都市：其他:第肆種商業區(依都市計畫說明書圖規定辦理，始得作第肆種商業區使用)(原屬第參種商業區)。,10000,249,持分移轉,04960000
RPQNMLQKJHLGFEA87EA,大業段三小段,.42,都市：其他:第三種商業區。,6621000,25000,持分移轉,00360000
RPTOMLSLJIKGFAA08DA,萬隆段二小段,9.64,都市：其他:第三種住宅區。,10000,255,持分移轉,02910000
RPSNMLPJKIKGFBA57DA,迪化段一小段,16.18,都市：其他:第三種商業區。,17000,1000,持分移轉,02560000
RPROMLPKKIKGFAA57DA,木柵段三小段,23.11,都市：其他:第三種商業區。,10000,112,持分移轉,02850000
RPUOMLPLJIKGFBA97DA,臨沂段三小段,42.00,都市：其他:第三種住宅區。,4,1,持分移轉,01850000
RPRNMLMJKIKGFAA07DA,河堤段二小段,2.65,都市：其他:交通用地(公共設施用地)。,100000,541,持分移轉,01760000
RPSNMLQKJHLGFCA87EA,舊宗段,82.18,都市：其他:住宅區(供住宅使用)。,10000,152,持分移轉,01050002
RPWOMLQJJHLGFCA18DA,東湖段六小段,23.69,都市：其他:第三種住宅區。,10000,223,持分移轉,01740003
RPPNMLTKJHLGFCA87EA,文德段五小段,2.03,都市：其他:科技工業區(B區)(不得作住宅使用)。,2140620000,9817500,持分移轉,03530000
RPPNMLTKJHLGFCA87EA,文德段五小段,3.79,都市：其他:科技工業區(B區)(不得作住宅使用)。,87648,1344,持分移轉,03540000
RPPNMLTKJHLGFCA87EA,文德段五小段,1.45,都市：其他:科技工業區(B區)(不得作住宅使用)。,672,6,持分移轉,03670000
RPPNMLTKJHLGFCA87EA,文德段五小段,1.84,都市：其他:科技工業區(B區)(不得作住宅使用)。,672,6,持分移轉,03670001
RPPNMLTKJHLGFCA87EA,文德段五小段,1.01,都市：其他:科技工業區(B區)(不得作住宅使用)。,11940000,31875,持分移轉,03680000
RPPNMLTKJHLGFCA87EA,文德段五小段,.57,都市：其他:科技工業區(B區)(不得作住宅使用)。,11940000,31875,持分移轉,03680001
RPPOMLOKJHLGFCA37DA,北安段三小段,40.97,都市：其他:第三種住宅區。,10000,99,持分移轉,06750000
RPSOMLNKJHLGFBA47DA,中正段二小段,14.98,都市：其他:第二種商業區。,10000,388,持分移轉,01400000
RPUNMLTJJHLGFCA18DA,康寧段一小段,83.00,都市：其他:第二種住宅區。,4,1,持分移轉,03870000
RPSNMLOLKIKGFDA87DA,美仁段二小段,9.16,都市：其他:第參種商業區(依都市計畫說明書圖規定辦理，始得作第參種商業區使用)(原屬第貳種商業區)。,10000,422,持分移轉,05940000
RPSOMLQKJHLGFCA87DA,正義段二小段,9.00,都市：其他:第肆種商業區(依都市計畫說明書圖規定辦理，始得作第肆種商業區使用)(原屬第參種住宅區)。,2364,36,持分移轉,03530000
RPSNMLOLKIKGFDA87DA,美仁段二小段,2.01,都市：其他:第參種商業區(依都市計畫說明書圖規定辦理，始得作第參種商業區使用)(原屬第參種住宅區)。,10000,447,持分移轉,05950007
RPWOMLPKJHLGFCA18DA,長春段一小段,55.36,都市：其他:第二種商業區。,2295,1155,持分移轉,02320000
RPWOMLPKJHLGFCA18DA,長春段一小段,21.64,都市：其他:第貳種商業區(依都市計畫說明書圖規定辦理，始得作第貳種商業區使用)(原屬第參種住宅區)。,2295,1155,持分移轉,02320001
RPRPMLQKJHLGFCA87DA,西湖段一小段,67.37,都市：其他:第貳種工業區(不得作住宅使用)。,100000,1899,持分移轉,02470000
RPSNMLKLJHLGFDA37DA,信義段一小段,23.54,都市：其他:第參種商業區(依都市計畫說明書圖規定辦理，始得作第參種商業區使用)(原屬第參之壹種住宅區)。,100000,1580,持分移轉,00010000
RPXNMLMKKIKGFEA18DA,陽明段二小段,55.33,都市：其他:第一種商業區。,3,1,持分移轉,02060000
RPPNMLQLKIKGFBA57DA,青年段一小段,28.35,都市：其他:第三種住宅區。,180000,126,持分移轉,00880000
RPROMLMJKIKGFEA57DA,光華段四小段,19.70,都市：其他:第三之二種住宅區(依都市計畫說明書圖規定辦理)。,10000,127,持分移轉,08250000
RPROMLMJKIKGFEA57DA,光華段四小段,8.41,都市：其他:第三種住宅區。,10000,110,持分移轉,08250001
RPRNMLPKKIKGFFA97DA,龍泉段一小段,37.60,都市：其他:第三種住宅區。,90,3,持分移轉,02020000
RPRNMLLLKIKGFEA57DA,陽明段四小段,48.88,都市：其他:第三種住宅區。,70000,850,持分移轉,07340000
RPQNMLTLKIKGFEA28DA,天山段二小段,.97,都市：其他:第參種商業區(依都市計畫說明書圖規定辦理，始得作第參種商業區使用)(原屬第參種住宅區)。,10000000,243025,持分移轉,04960000
RPQNMLTLKIKGFEA28DA,天山段二小段,33.32,都市：其他:第參種商業區(依都市計畫說明書圖規定辦理，始得作第參種商業區使用)(原屬第參種住宅區)。,10000000,243025,持分移轉,04980000
RPOOMLMLKIKGFFA57DA,復興段一小段,17.51,都市：其他:第肆種商業區(依都市計畫說明書圖規定辦理，始得作第肆種商業區使用)(原屬第肆種住宅區及第貳種商業區)。,10000,281,持分移轉,04540000
RPOOMLMLKIKGFFA57DA,復興段一小段,1.12,都市：其他:第肆種商業區(依都市計畫說明書圖規定辦理，始得作第肆種商業區使用)(原屬第肆種住宅區)。,10000,304,持分移轉,04540001
RPPNMLKLJHLGFDA17EA,民生段,68.00,都市：其他:住宅用地(民生社區特定專用區)。,4,1,持分移轉,00930015
RPUNMLTKJHLGFEA58EA,豐年段二小段,28.80,都市：其他:第三種住宅區。,30,1,持分移轉,06970000
RPUNMLTKJHLGFEA58EA,豐年段二小段,.25,都市：其他:第三種住宅區。,12,1,持分移轉,06970001
RPUNMLTKJHLGFEA58EA,豐年段二小段,.42,都市：其他:第三種住宅區。,12,1,持分移轉,06970002
RPPNMLTLKIKGFAA77DA,萬慶段三小段,29.12,都市：其他:第三種住宅區。,100,8,持分移轉,06140000
RPRNMLMJKIKGFEA57EA,大業段一小段,2.23,都市：其他:第三種住宅區。,16770,168,持分移轉,05970000
RPROMLLMKIKGFAA37DA,萬隆段二小段,18.16,都市：其他:第三種住宅區。,10000,92,持分移轉,02610000
RPSOMLLKJIKGFDA47DA,敦化段四小段,6.68,都市：其他:第三之一種住宅區。,100000,1025,持分移轉,01280000
RPQOMLTKJHLGFBA87DA,圓環段三小段,2.69,都市：其他:第三種商業區。,10000,39,持分移轉,07540000
RPVNMLMKJIKGFAA47DA,景美段四小段,.22,都市：其他:第三種商業區。,100000,494,持分移轉,06210001
RPVNMLMKJIKGFAA47DA,景美段四小段,.05,都市：其他:第三種商業區。,100000,494,持分移轉,06310000
RPVNMLMKJIKGFAA47DA,景美段五小段,7.07,都市：其他:第三種商業區。,100000,494,持分移轉,07950000
RPOOMLPJJHLGFCA27DA,碧湖段一小段,19.79,都市：其他:第三種住宅區。,10000,248,持分移轉,07090000
RPTNMLTJJHLGFCA08DA,文德段一小段,14.87,都市：其他:第三種住宅區。,100000,841,持分移轉,01030000
RPTNMLTJJHLGFCA08DA,文德段一小段,10.19,都市：其他:第三之一種住宅區。,100000,841,持分移轉,01160001
RPSOMLQLKIKGFCA08DA,正義段一小段,6.58,都市：其他:第肆種商業區(依都市計畫說明書圖規定辦理，始得作第肆種商業區使用)(原屬第參種住宅區)。,10000,203,持分移轉,01990000
RPUNMLPKKIKGFCA97DA,文德段四小段,26.23,都市：其他:第三之一種住宅區。,10000,830,持分移轉,02310000
RPRNMLTKJHLGFCA97DA,吉林段五小段,33.77,都市：其他:第貳種商業區(依都市計畫說明書圖規定辦理，始得作第貳種商業區使用)(原屬第參種住宅區及第參之貳種住宅區)。,20000,1672,持分移轉,00210000
RPWNMLQKKIKGFDA38DA,美仁段二小段,38.00,都市：其他:第三種住宅區。,4,1,持分移轉,04720000
RPPNMLNKJHLGFFA47DA,瑞安段一小段,9.58,都市：其他:第參種商業區(依都市計畫說明書圖規定辦理，始得作第參種商業區使用)(原屬第貳種商業區)。,1000,63,持分移轉,00510000
RPTNMLOKJHLGFFA97DA,仁愛段四小段,27.44,都市：其他:敦化南北路特定專用區(A區)(依都市計畫說明書圖規定辦理)(原屬第肆種住宅區)。,10000,625,持分移轉,03970001
RPPNMLNKJHLGFFA47DA,瑞安段一小段,26.21,都市：其他:第參種商業區(依都市計畫說明書圖規定辦理，始得作第參種商業區使用)(原屬第參種住宅區)。,1000,63,持分移轉,00510002
RPPNMLQKJHLGFBA37DA,大龍段三小段,21.20,都市：其他:第參種商業區(依都市計畫說明書圖規定辦理，始得作第參種商業區使用)(原屬第肆之壹種住宅區容積率依都市計畫書規定辦理)。,5,1,持分移轉,01210002
RPOOMLNKJHLGFEA37DA,桃源段一小段,21.63,都市：其他:第三種住宅區。,10000,298,持分移轉,05830000
RPVNMLOKJHLGFDA97DA,信義段一小段,8.29,都市：其他:第參種商業區(依都市計畫說明書圖規定辦理，始得作第參種商業區使用)(原屬第參之壹種住宅區)。,10000,43,持分移轉,01520000
RPRNMLPJKIKGFBA47DA,漢中段二小段,9.94,都市：其他:第四種商業區。,10000,21,持分移轉,09770000
RPVNMLOKJHLGFDA97DA,信義段一小段,2.69,都市：其他:第參種商業區(依都市計畫說明書圖規定辦理，始得作第參種商業區使用)(原屬第參種住宅區)。,10000,43,持分移轉,01520001
RPPNMLKLJHLGFFA37EA,金華段一小段,30.97,都市：其他:第三種住宅區。,10000,553,持分移轉,07520000
RPPNMLKLJHLGFFA37EA,金華段一小段,.83,都市：其他:道路用地(公共設施用地)。42/9/18,10000,553,持分移轉,07520002
RPPNMLKLJHLGFFA37EA,金華段一小段,.22,都市：其他:道路用地(公共設施用地)。42/9/18,10000,553,持分移轉,07520003
RPQOMLQKKIKGFCA77DA,吉林段二小段,23.00,都市：其他:第三種住宅區。,4,1,持分移轉,01780000
RPQOMLQKKIKGFCA77DA,吉林段二小段,8.00,都市：其他:第貳種商業區(依都市計畫說明書圖規定辦理，始得作第貳種商業區使用)(原屬第參種住宅區)。,4,1,持分移轉,01780001
RPTOMLRKKIKGFCA18DA,吉林段三小段,3.22,都市：其他:第肆種商業區(依都市計畫說明書圖規定辦理，始得作第肆種商業區使用)(原屬第參種商業區)。,90000,41,持分移轉,09210000
RPTOMLRKKIKGFCA18DA,吉林段三小段,.01,都市：其他:道路用地(公共設施用地)。53/7/15,90000,41,持分移轉,09210006
RPXNMLTLKIKGFCA78DA,長春段二小段,4.86,都市：其他:第參種商業區(依都市計畫說明書圖規定辦理，始得作第參種商業區使用)(原屬第參之貳種住宅區)。,10000,52,持分移轉,00080000
RPOOMLLLJIKGFDA17DA,寶清段三小段,30.50,都市：其他:第三之一種住宅區。,4,1,持分移轉,05810000
RPQNMLQLJIKGFDA77DA,民生段,33.62,都市：其他:住宅用地(民生社區特定專用區)。,8,1,持分移轉,00580029
RPUPMLTKJIKGFDA58DA,敦化段一小段,21.74,都市：其他:第三種住宅區。,10000,100,持分移轉,04690000
RPOOMLRKKIKGFDA77DA,祥和段二小段,12.94,都市：其他:第貳種商業區(依都市計畫說明書圖規定辦理，始得作第貳種商業區使用)(原屬第參種住宅區)。,10000,631,持分移轉,04800000
RPOOMLTJJHLGFDA77DA,三興段一小段,11.29,都市：其他:第參種商業區(依都市計畫說明書圖規定辦理，始得作第參種商業區使用)(原屬第貳種商業區)。,13000,366,持分移轉,05490000
RPRNMLKLJIKGFEA37DA,豐年段四小段,27.31,都市：其他:科技工業區(不得作住宅使用)。,100000,358,持分移轉,04340000
RPQOMLSLJIKGFAA77DA,永昌段六小段,23.66,都市：其他:第三之一種住宅區。,100000,967,持分移轉,03140000
RPQOMLSLJIKGFAA77DA,永昌段六小段,13.62,都市：其他:第三種住宅區。,100000,967,持分移轉,03150000
RPWNMLKLJHLGFDA77DA,寶清段一小段,39.33,都市：其他:第三種住宅區。,6,2,持分移轉,03280000
RPRNMLOLKIKGFEA87DA,百齡段四小段,32.00,都市：其他:第三種住宅區。,10,1,持分移轉,01290000
RPVNMLOLJIKGFEA18DA,洲美段一小段,1979.00,都市：其他:農業區。,1,1,全筆移轉,03780000
RPSNMLKLJIKGFEA47DA,豐年段四小段,51.11,都市：其他:科技工業區(不得作住宅使用)。,100000,670,持分移轉,04340000
RPSNMLNKJHLGFFA77DA,通化段二小段,20.66,都市：其他:第三種住宅區。,10000,337,持分移轉,07960000
RPOOMLKLJHLGFDA07DA,信義段一小段,21.52,都市：其他:第三種住宅區。,10000,20,持分移轉,02690004
RPXNMLSJKIKGFAA28DA,南海段四小段,8.73,都市：其他:第參種商業區(依都市計畫說明書圖規定辦理，始得作第參種商業區使用)(原屬第貳種商業區)。,11,1,持分移轉,01960000
RPXNMLSJKIKGFAA28DA,南海段四小段,1.55,都市：其他:第參種商業區(依都市計畫說明書圖規定辦理，始得作第參種商業區使用)(原屬第貳種商業區)。,11,1,持分移轉,01970000
RPPNMLLLJHLGFEA37EA,天母段一小段,48.48,都市：其他:第三種住宅區。,100000,7334,持分移轉,04600001
RPOOMLKLJHLGFEA17DA,天母段三小段,10.33,都市：其他:第三種住宅區。,10000,61,持分移轉,05330000
RPUNMLSJJHLGFDA18DA,美仁段二小段,5.57,都市：其他:第參種商業區(依都市計畫說明書圖規定辦理，始得作第參種商業區使用)(原屬第貳種商業區)。,10000,29,持分移轉,00030000
RPXNMLKLJHLGFBA67DA,圓環段一小段,15.20,都市：其他:第四種住宅區。,10000,199,持分移轉,03910000
RPUNMLSJJHLGFDA18DA,美仁段二小段,.46,都市：其他:第參種商業區(依都市計畫說明書圖規定辦理，始得作第參種商業區使用)(原屬第參種住宅區)。,10000,29,持分移轉,00030001
RPVNMLMLJHLGFCA77DA,長安段三小段,2.71,都市：其他:第參種商業區(依都市計畫說明書圖規定辦理，始得作第參種商業區使用)(原屬第參之貳種住宅區)。,10000,25,持分移轉,07970000
RPTNMLKKJHLGFBA17DA,雙連段二小段,18.75,都市：其他:第四種住宅區。,1000000,4240,持分移轉,02330000
RPVNMLMLJHLGFCA77DA,長安段三小段,1.22,都市：其他:第參種商業區(依都市計畫說明書圖規定辦理，始得作第參種商業區使用)(原屬第參種住宅區)。,10000,25,持分移轉,07970002
RPVNMLTKJHLGFCA38DA,碧湖段三小段,27.23,都市：其他:第二種住宅區。,100000,742,持分移轉,03390000
RPVNMLTKJHLGFCA38DA,碧湖段三小段,.03,都市：其他:第二種住宅區。,100000,742,持分移轉,03470001
RPWOMLKLJHLGFDA87DA,西松段二小段,26.64,都市：其他:第三種住宅區。,10000,2166,持分移轉,03570000
RPWOMLKLJHLGFDA87DA,西松段二小段,3.93,都市：其他:第三種住宅區。,10000,1124,持分移轉,03570001
RPWOMLKLJHLGFDA87DA,西松段二小段,3.37,都市：其他:第三種住宅區。,10000,1124,持分移轉,03570002
RPWOMLKLJHLGFDA87DA,西松段二小段,5.91,都市：其他:第三種住宅區。,10000,1689,持分移轉,03570003
RPVOMLTJJHLGFCA38DA,潭美段三小段,14.85,都市：其他:第參種工業區(不得作住宅使用)。,100000,254,持分移轉,05420000
RPOPMLKLJHLGFDA17DA,永春段二小段,16.00,都市：其他:道路用地(公共設施用地)。51/9/1,1,1,全筆移轉,01850000
RPOPMLKLJHLGFDA17DA,永春段二小段,25.00,都市：其他:第三種住宅區。,4,1,持分移轉,01870000
RPVNMLTKJHLGFAA18DA,萬慶段一小段,17.10,都市：其他:第三種住宅區。,10000,39,持分移轉,02170000
RPQNMLQLJIKGFEA87DA,新民段二小段,9.62,都市：其他:第三種住宅區。,3200,49,持分移轉,03050000
RPQNMLQLJIKGFEA87DA,新民段二小段,.32,都市：其他:道路用地(公共設施用地)。45/8/31,3200,49,持分移轉,03050001
RPWNMLKMKIKGFFA18DA,通化段一小段,.71,都市：其他:第三種住宅區。,84,1,持分移轉,04480000
RPQOMLKLJHLGFDA27DA,敦化段二小段,27.08,都市：其他:第參種商業區(依都市計畫說明書圖規定辦理，始得作第參種商業區使用)(原屬第貳種商業區)。,180000,2524,持分移轉,02960000
RPQOMLKLJHLGFDA27DA,敦化段二小段,4.19,都市：其他:第參種商業區(依都市計畫說明書圖規定辦理，始得作第參種商業區使用)(原屬第參種住宅區)。,180000,2524,持分移轉,03000000
RPROMLQJJHLGFEA87DA,湖山段一小段,19.75,都市：其他:陽明山國家公園區(請逕向陽明山國家公園管理處申請)。,30044,669,持分移轉,02450000
RPSNMLSLJIKGFFA38DA,龍泉段一小段,36.13,都市：其他:第三種住宅區。,77200,1276,持分移轉,03070000
RPSNMLKLJHLGFFA57DA,仁愛段四小段,23.21,都市：其他:第四種住宅區。,14,1,持分移轉,01670000
RPTOMLTJJHLGFAA97DA,興安段一小段,18.69,都市：其他:第三種住宅區。,100000,3291,持分移轉,05110000
RPUNMLSJKIKGFEA38DA,行義段一小段,55.25,都市：其他:第二種住宅區。,10000,575,持分移轉,03940000
RPUNMLSJKIKGFEA38DA,行義段一小段,.17,都市：其他:第二種住宅區。,10000,575,持分移轉,05420000
RPUNMLSJKIKGFEA38DA,行義段一小段,.22,都市：其他:第二種住宅區。,10000,575,持分移轉,05430000
RPUNMLSJKIKGFEA38DA,行義段一小段,8.93,都市：其他:第二種住宅區。,10000,575,持分移轉,05460000
RPPNMLMLJHLGFBA07DA,大龍段一小段,30.50,都市：其他:第三種住宅區。,4,1,持分移轉,00400000
RPSNMLKKKIKGFAA07DA,政大段二小段,21.09,都市：其他:第三種住宅區。,10000,213,持分移轉,06450000
RPSNMLKKKIKGFAA07DA,政大段二小段,.99,都市：其他:第三種住宅區。,10000,10,持分移轉,06450006
RPROMLRKKIKGFDA08DA,雅祥段四小段,3.68,都市：其他:第三種住宅區。,12433,61,持分移轉,06940000
RPSNMLLMKIKGFCA57DA,金泰段,31.85,都市：其他:商業區(供一般商業使用不得作住宅使用)。,10000,235,持分移轉,00870009
RPROMLRKKIKGFDA08DA,雅祥段四小段,14.11,都市：其他:第三之一種住宅區。,12433,61,持分移轉,06940004
RPWNMLOLKIKGFFA48DA,仁愛段三小段,23.31,都市：其他:第四種住宅區。,10000,96,持分移轉,01110000
RPSNMLQLKIKGFDA08DA,民生段,17.71,都市：其他:第三種商業區(民生社區特定專用區)。,10000,18,持分移轉,00440000
RPQOMLLLJHLGFFA57DA,復興段一小段,38.25,都市：其他:敦化南北路特定專用區(A區)(依都市計畫說明書圖規定辦理)(原屬第肆種住宅區及第肆之壹種住宅區) 但是否在道路用地(公共設施用地)(應依建築線或俟地籍測量分割後，再確定)。,4,1,持分移轉,05050000
RPQOMLLMKIKGFFA77DA,通化段五小段,6.08,都市：其他:第參種商業區(依都市計畫說明書圖規定辦理，始得作第參種商業區使用)(原屬第貳種商業區)。,100000,1064,持分移轉,00090000
RPQOMLLMKIKGFFA77DA,通化段五小段,3.12,都市：其他:第參種商業區(依都市計畫說明書圖規定辦理，始得作第參種商業區使用)(原屬第參種住宅區)。,100000,3125,持分移轉,00130001
RPPNMLQLJHLGFDA77EA,敦化段一小段,15.49,都市：其他:第三種住宅區。,100000,5214,持分移轉,00320000
RPQNMLNLJHLGFFA67DA,懷生段三小段,13.11,都市：其他:第參種商業區(依都市計畫說明書圖規定辦理，始得作第參種商業區使用)(原屬第貳種商業區)。,100000,7011,持分移轉,02200000
RPQNMLNLJHLGFFA67DA,懷生段三小段,62.26,都市：其他:第三種住宅區。,100000,7011,持分移轉,02200001
RPPNMLKLJHLGFAA86EA,興隆段二小段,25.25,都市：其他:第三種住宅區。,4,1,持分移轉,02630000
RPPNMLKLJHLGFAA86EA,興隆段二小段,1.25,都市：其他:道路用地(公共設施用地)。62/10/24,4,1,持分移轉,02630001
RPXNMLLLJHLGFFA18DA,仁愛段三小段,49.75,都市：其他:第四種住宅區。,8,1,持分移轉,06380000
RPPNMLNLJHLGFDA37DA,新光段三小段,18.50,都市：其他:第三種住宅區。,4,1,持分移轉,03080000
RPTNMLMLJHLGFEA87EA,大業段三小段,.62,都市：其他:第三種商業區,66210,375,持分移轉,00360000
RPTNMLMLJHLGFEA87EA,大業段三小段,.34,都市：其他:第三種商業區,570,3,持分移轉,00570000
RPXOMLPLJIKGFDA48DA,美仁段一小段,28.75,都市：其他:第三種住宅區。,20000,104,持分移轉,06690006
RPQNMLTKJIKGFAA67DA,福和段二小段,17.30,都市：其他:第三種住宅區。,100000,575,持分移轉,06990000
RPUNMLMLJHLGFEA97EA,大業段三小段,.62,都市：其他:第三種商業區,66210,375,持分移轉,00360000
RPXNMLMLJHLGFEA28EA,大業段四小段,6.35,都市：其他:第三之一種住宅區。,10000,107,持分移轉,02370000
RPUNMLMLJHLGFEA97EA,大業段三小段,.34,都市：其他:第三種商業區,570,3,持分移轉,00570000
RPOOMLTKJHLGFAA57DA,萬芳段二小段,65.41,都市：其他:第二種住宅區。,100000,241,持分移轉,01000000
RPROMLTJJHLGFBA87DA,青年段一小段,20.59,都市：其他:第三種住宅區。,100000,436,持分移轉,00670000
RPOOMLTKJHLGFAA57DA,萬芳段二小段,5.26,都市：其他:第三種住宅區。,100000,241,持分移轉,01620000
RPRNMLNLJHLGFEA77EA,振興段四小段,30.00,都市：其他:第三種住宅區。,4,1,持分移轉,05460000
RPQNMLNLJHLGFFA77EA,懷生段三小段,19.57,都市：其他:第三種住宅區。,14,1,持分移轉,03020000
RPSNMLTLKIKGFAA08DA,南海段五小段,17.65,都市：其他:第三種住宅區。,100000,3640,持分移轉,00470006
RPRNMLNLJHLGFFA87EA,復興段一小段,1.09,都市：其他:第四種住宅區。,10000,4,持分移轉,03470000
RPRNMLTLKIKGFBA08DA,延平段一小段,3.80,都市：其他:特定專用區(供一般商業使用)及第三種商業區。,10000,500,持分移轉,02090000
RPRNMLTLKIKGFBA08DA,延平段一小段,11.80,都市：其他:特定專用區(供一般商業使用)及第三種商業區。,10000,500,持分移轉,02100000
RPTNMLMJJHLGFBA27DA,公園段二小段,2.53,都市：其他:第四種商業區。,10000,5,持分移轉,01380000
RPUNMLTKKIKGFCA38DA,東湖段三小段,44.54,都市：其他:第三種住宅區。,10000,311,持分移轉,00170003
RPRPMLKMKIKGFBA47DA,漢中段一小段,4.50,都市：其他:第四種商業區。,100000,1739,持分移轉,07060000
RPVNMLRLJIKGFBA18DA,城中段一小段,8.50,都市：其他:第四種商業區。,10000,56,持分移轉,01470000
RPWNMLTKJHLGFBA38DA,雙連段一小段,6.75,都市：其他:第四之一種住宅區。,4,1,持分移轉,02420000
RPWNMLTKJHLGFBA38DA,雙連段一小段,14.75,都市：其他:第四種住宅區。,4,1,持分移轉,02420001
RPROMLNLJHLGFDA67DA,信義段三小段,90.15,都市：其他:特定業務區(信義計畫特定專用區)。,10000,188,持分移轉,00420000
RPPNMLPLJIKGFEA67DA,天母段四小段,26.90,都市：其他:第三種住宅區。,100,5,持分移轉,04190000
RPQNMLNLJIKGFBA27DA,大龍段二小段,35.41,都市：其他:第三種住宅區。,44000,340,持分移轉,02300000
RPQOMLPKJHLGFEA77DA,芝蘭段四小段,139.18,都市：其他:保護區。,18,2,持分移轉,05870000
RPWNMLNKJHLGFBA77DA,延平段二小段,26.00,都市：其他:特定專用區(供一般商業使用)。,5,1,持分移轉,00490000
RPTNMLQJJHLGFEA97DA,文林段三小段,27.54,都市：其他:第三種住宅區。,10000,292,持分移轉,01790000
RPXNMLSKJIKGFBA38DA,青年段一小段,41.39,都市：其他:第三種住宅區。,100000,325,持分移轉,00860000
RPOPMLLMKIKGFCA37DA,康寧段四小段,8.92,都市：其他:第三種住宅區。,10000,135,持分移轉,05250000
RPOPMLLMKIKGFCA37DA,康寧段四小段,3.97,都市：其他:第三種住宅區。,10000,135,持分移轉,05260000
RPOPMLLMKIKGFCA37DA,康寧段四小段,.07,都市：其他:第三種住宅區。,10000,135,持分移轉,05270001
RPOPMLLMKIKGFCA37DA,康寧段四小段,15.81,都市：其他:第三種住宅區。,10000,135,持分移轉,05280005
RPOPMLLMKIKGFCA37DA,康寧段四小段,2.13,都市：其他:公園用地(公共設施用地)。63/1/5,10000,135,持分移轉,05280015
RPRNMLSJJHLGFCA77DA,潭美段四小段,13.28,都市：其他:第三種住宅區。,200000,1270,持分移轉,04810000
RPSNMLQLKIKGFBA87DA,雙連段三小段,27.55,都市：其他:第四種住宅區。,1000,50,持分移轉,03850000
RPWNMLNLJHLGFBA87DA,大同段二小段,12.05,都市：其他:第三種商業區(原屬第肆之壹種住宅區於七十九年九月十三日變更為第貳種商業區又於八十四年九月二十七日調整為第參種商業區(均應依前述都市計畫說明書圖規定辦理))。,10000,739,持分移轉,08720000
RPWNMLNLJHLGFBA87DA,大同段二小段,14.93,都市：其他:第四種住宅區。,10000,739,持分移轉,08720001
RPWNMLNLJHLGFBA87DA,大同段二小段,.30,都市：其他:道路用地(公共設施用地)。48/11/20,10000,739,持分移轉,08720002
RPWNMLNLJHLGFBA87DA,大同段二小段,.22,都市：其他:道路用地(公共設施用地)。48/11/20,10000,739,持分移轉,08720003
RPPNMLQLJHLGFBA47DA,公園段二小段,4.35,都市：其他:第四種商業區。,1721599,16205,持分移轉,03700000
RPQNMLSJKIKGFDA87DA,南港段四小段,24.00,都市：其他:第三種住宅區。,10000,75,持分移轉,03420005
RPROMLPJJHLGFEA77DA,百齡段五小段,4.95,都市：其他:第三種住宅區。,4000,151,持分移轉,05280000
RPROMLPJJHLGFEA77DA,百齡段五小段,32.25,都市：其他:第三種住宅區。,4,1,持分移轉,05320000
RPOOMLNLJHLGFCA27DA,榮星段四小段,17.18,都市：其他:第三種住宅區。,100000,775,持分移轉,07700000
RPOOMLNLJHLGFCA27DA,榮星段四小段,9.64,都市：其他:第三之一種住宅區。,100000,775,持分移轉,07860000
RPTNMLQJJHLGFDA87DA,寶清段六小段,3.69,都市：其他:第三種商業區。,10000,23,持分移轉,01910000
RPXNMLMLJHLGFEA18DA,大業段二小段,22.88,都市：其他:第三種住宅區。,100000,800,持分移轉,08740000
RPWOMLNJKIKGFEA18DA,秀山段一小段,22.00,都市：其他:第二種住宅區。,1,1,全筆移轉,00510000
RPWOMLNJKIKGFEA18DA,秀山段一小段,2.00,都市：其他:第二種住宅區。,1,1,全筆移轉,00590000
RPPNMLQLJHLGFBA57EA,華江段二小段,29.25,都市：其他:第三種住宅區。,4,1,持分移轉,01280000
RPUNMLSKKIKGFAA08DA,興安段四小段,5.74,都市：其他:第一種商業區。,10000,51,持分移轉,00900000
RPUNMLSKKIKGFAA08DA,興安段一小段,3.98,都市：其他:第一種商業區。,10000,51,持分移轉,03720000
RPSNMLPKJHLGFFA97DA,學府段一小段,2.79,都市：其他:道路用地(公共設施用地)。62/9/14,28,1,持分移轉,03300000
RPSNMLPKJHLGFFA97DA,學府段一小段,7.32,都市：其他:敦化南北路特定專用區(A區)(依都市計畫說明書圖規定辦理)(原屬第貳種商業區)。,28,1,持分移轉,03310000
RPSNMLPKJHLGFFA97DA,學府段一小段,15.93,都市：其他:敦化南北路特定專用區(A區)(依都市計畫說明書圖規定辦理)(原屬第參之貳種住宅區)。,28,1,持分移轉,03310001
RPVNMLQJJHLGFCA97DA,東湖段二小段,40.83,都市：其他:第三種住宅區。,4000,147,持分移轉,00360000
RPROMLMJJHLGFDA37DA,延吉段三小段,21.57,都市：其他:第三種住宅區。,210,30,持分移轉,02150000
RPTOMLNLKIKGFCA87DA,文德段三小段,31.43,都市：其他:第三種住宅區。,180,2,持分移轉,01810000
RPQNMLNLJHLGFDA47DA,逸仙段三小段,2.32,都市：其他:第四種住宅區。,10000,61,持分移轉,07120000
RPQNMLNLJHLGFDA47DA,逸仙段三小段,7.89,都市：其他:第參種商業區(依都市計畫說明書圖規定辦理，始得作第參種商業區使用)(原屬第貳種商業區)。,10000,61,持分移轉,07120003
RPPNMLPLJHLGFDA57DA,寶清段一小段,17.48,都市：其他:第三種住宅區。,10000,84,持分移轉,06360000
RPTNMLLMKIKGFBA57DA,臨沂段三小段,.31,都市：其他:第參種商業區(依都市計畫說明書圖規定辦理，始得作第參種商業區使用)(原屬第貳種商業區)。,100000,506,持分移轉,03700000
RPROMLRLJHLGFAA77DA,萬隆段二小段,29.27,都市：其他:第三種住宅區。,100000,732,持分移轉,04610000
RPTNMLLMKIKGFBA57DA,臨沂段三小段,1.70,都市：其他:第參種商業區(依都市計畫說明書圖規定辦理，始得作第參種商業區使用)(原屬第參種住宅區)。,100000,506,持分移轉,03700001
RPTNMLLMKIKGFBA57DA,臨沂段三小段,.09,都市：其他:第參種商業區(依都市計畫說明書圖規定辦理，始得作第參種商業區使用)(原屬第貳種商業區)。,100000,506,持分移轉,03700002
RPTNMLLMKIKGFBA57DA,臨沂段三小段,.02,都市：其他:第參種商業區(依都市計畫說明書圖規定辦理，始得作第參種商業區使用)(原屬第參種住宅區)。,100000,506,持分移轉,03700003
RPTNMLLMKIKGFBA57DA,臨沂段三小段,.02,都市：其他:第參種商業區(依都市計畫說明書圖規定辦理，始得作第參種商業區使用)(原屬第貳種商業區)。,100000,506,持分移轉,03700004
RPTNMLLMKIKGFBA57DA,臨沂段三小段,.15,都市：其他:第參種商業區(依都市計畫說明書圖規定辦理，始得作第參種商業區使用)(原屬第貳種商業區)。,100000,506,持分移轉,03700005
RPTNMLLMKIKGFBA57DA,臨沂段三小段,.56,都市：其他:第參種商業區(依都市計畫說明書圖規定辦理，始得作第參種商業區使用)(原屬第貳種商業區)。,100000,506,持分移轉,03710000
RPTNMLLMKIKGFBA57DA,臨沂段三小段,.73,都市：其他:第參種商業區(依都市計畫說明書圖規定辦理，始得作第參種商業區使用)(原屬第參種住宅區)。,100000,506,持分移轉,03710002
RPTNMLLMKIKGFBA57DA,臨沂段三小段,.42,都市：其他:第參種商業區(依都市計畫說明書圖規定辦理，始得作第參種商業區使用)(原屬第貳種商業區)。,100000,506,持分移轉,03860000
RPTNMLLMKIKGFBA57DA,臨沂段三小段,.49,都市：其他:第參種商業區(依都市計畫說明書圖規定辦理，始得作第參種商業區使用)(原屬第貳種商業區)。,100000,506,持分移轉,03860002
RPTNMLLMKIKGFBA57DA,臨沂段三小段,.74,都市：其他:第參種商業區(依都市計畫說明書圖規定辦理，始得作第參種商業區使用)(原屬第貳種商業區)。,100000,506,持分移轉,03860004
RPTNMLLMKIKGFBA57DA,臨沂段三小段,.40,都市：其他:第參種商業區(依都市計畫說明書圖規定辦理，始得作第參種商業區使用)(原屬第貳種商業區)。,100000,506,持分移轉,03860006
RPQNMLSJJHLGFFA97DA,通化段三小段,30.62,都市：其他:第三種住宅區。,50000,446,持分移轉,06940000
RPROMLPJJHLGFFA87DA,仁愛段一小段,9.52,都市：其他:敦化南北路特定專用區(A區)(依都市計畫說明書圖規定辦理)(原屬第肆種住宅區及第肆之壹種住宅區)。,400000,1240,持分移轉,04890000
RPPNMLSLJHLGFCA87EA,長春段二小段,40.29,都市：其他:道路用地(公共設施用地)。45/5/4,68,4,持分移轉,09470000
RPRNMLQLJHLGFDA97EA,虎林段四小段,28.50,都市：其他:第參種商業區(依都市計畫說明書圖規定辦理，始得作第參種商業區使用)(原屬第參之壹種住宅區)。,10000,190,持分移轉,00020000
RPRNMLQLJHLGFDA97EA,虎林段四小段,6.06,都市：其他:第參種商業區(依都市計畫說明書圖規定辦理，始得作第參種商業區使用)(原屬第參種住宅區)。,10000,190,持分移轉,00020003
RPPOMLMJJHLGFAA86DA,景美段三小段,35.25,都市：其他:第四種住宅區。,4,1,持分移轉,00390000
RPTNMLKLJHLGFFA67DA,懷生段二小段,12.84,都市：其他:第三之二種住宅區。,2000,34,持分移轉,01440000
RPTNMLKLJHLGFFA67DA,懷生段二小段,18.46,都市：其他:第三種住宅區。,2000,34,持分移轉,01440001
RPQNMLSLJHLGFCA97EA,長春段二小段,40.29,都市：其他:道路用地(公共設施用地)。45/5/4,68,4,持分移轉,09470000
RPTNMLRLJHLGFEA38EA,立農段三小段,25.50,都市：其他:第三種住宅區。,4,1,持分移轉,02280000
RPQNMLRLJHLGFEA08EA,蘭雅段二小段,16.43,都市：其他:第壹種商業區(依都市計畫說明書圖規定辦理，始得作第壹種商業區使用)(原屬第參種住宅區及第參之貳種住宅區) 但是否在道路用地(公共設施用地)(應依建築線或俟地籍測量分割後，再確定)。,50608,198,持分移轉,03230000
RPXNMLQKJHLGFEA48DA,百齡段三小段,24.21,都市：其他:第參種工業區(不得作住宅使用)。,100000,458,持分移轉,01940002
RPPNMLSLJHLGFEA08EA,秀山段三小段,38.22,都市：其他:第二種住宅區。,30000,882,持分移轉,02180000
RPRNMLSLJHLGFEA28EA,文林段五小段,15.73,都市：其他:道路用地(公共設施用地)。51/7/14,9768000,62475,持分移轉,05670000
RPTNMLLJKIKGFAA17DA,南海段五小段,15.26,都市：其他:第三種住宅區。,140000,9986,持分移轉,01690000
RPTNMLLJKIKGFAA17DA,南海段五小段,1.43,都市：其他:道路用地(公共設施用地)。60/1/23,14,1,持分移轉,01690001
RPSNMLSLJHLGFEA38EA,文林段五小段,15.73,都市：其他:道路用地(公共設施用地)。51/7/14,9768000,62475,持分移轉,05670000
RPTNMLTKKIKGFAA08DA,永昌段四小段,19.24,都市：其他:第三種住宅區。,80,1,持分移轉,06510000
RPWNMLQKJHLGFBA08DA,中正段二小段,5.91,都市：其他:第三種住宅區。,10000,306,持分移轉,01960000
RPUNMLMLJHLGFBA57DA,大龍段二小段,26.75,都市：其他:第三種住宅區。,29000,248,持分移轉,02230000
RPQNMLRLJHLGFEA97DA,天母段三小段,18.45,都市：其他:第三種住宅區。,10000,109,持分移轉,05330000
RPUNMLMLJHLGFBA57DA,大龍段二小段,15.49,都市：其他:第三種住宅區。,29000,248,持分移轉,02270000
RPQNMLTLJHLGFBA87DA,萬大段一小段,25.13,都市：其他:第三種住宅區。,10000,296,持分移轉,05190000
RPTNMLMLJHLGFCA57DA,石潭段四小段,42.71,都市：其他:第二之一種住宅區(依都市計畫說明書圖規定辦理)。,10000,239,持分移轉,02540000
RPVNMLRLJHLGFEA48DA,百齡段五小段,25.83,都市：其他:第三種住宅區。,6,1,持分移轉,00360000
RPVNMLRLJHLGFEA48DA,百齡段五小段,3.00,都市：其他:第三種住宅區。,6,1,持分移轉,00400000
RPVNMLRLJHLGFEA48DA,百齡段五小段,5.83,都市：其他:第三種住宅區。,6,1,持分移轉,00500000
RPTNMLMLJHLGFCA57DA,石潭段四小段,10.14,都市：其他:第二種住宅區。,10000,239,持分移轉,02540001
RPVNMLRLJHLGFEA48DA,百齡段五小段,2.33,都市：其他:道路用地(公共設施用地)。68/12/28,6,1,持分移轉,00500002
RPVNMLRLJHLGFEA48DA,百齡段五小段,.67,都市：其他:第三種住宅區。,6,1,持分移轉,00500003
RPWNMLMLJHLGFCA87DA,碧湖段四小段,30.45,都市：其他:第三種住宅區。,240,29,持分移轉,01950000
RPWNMLTLJHLGFFA88DA,通化段四小段,58.00,都市：其他:第參種商業區(依都市計畫說明書圖規定辦理，始得作第參種商業區使用)(原屬第參種住宅區)。,1,1,全筆移轉,03820000
RPVNMLSLJHLGFCA38DA,中山段二小段,23.93,都市：其他:第四種住宅區。,100000,7975,持分移轉,02760001
RPVNMLSLJHLGFCA38DA,中山段二小段,59.73,都市：其他:第三種商業區。,100000,7975,持分移轉,02760006
RPPNMLTLJHLGFEA18EA,陽明段二小段,.91,都市：其他:第一種商業區。,10000,84,持分移轉,00120000
RPPNMLTLJHLGFEA18EA,陽明段二小段,.47,都市：其他:第一種商業區。,10000,84,持分移轉,00130000
RPPNMLTLJHLGFEA18EA,陽明段二小段,10.16,都市：其他:第一種商業區。,10000,84,持分移轉,00150000
RPSNMLSLJHLGFDA28EA,三興段三小段,2.34,都市：其他:道路用地(公共設施用地)。51/9/1,10000,207,持分移轉,00660000
RPSNMLSLJHLGFDA28EA,逸仙段三小段,9.50,都市：其他:道路用地(公共設施用地)。72/12/16,2,1,持分移轉,01320000
RPSNMLSLJHLGFDA28EA,逸仙段二小段,5.00,都市：其他:道路用地(公共設施用地)。62/5/29,2,1,持分移轉,02980001
RPSNMLSLJHLGFDA28EA,祥和段二小段,7.00,都市：其他:道路用地(公共設施用地)。56/6/30,2,1,持分移轉,03350000
RPSNMLSLJHLGFDA28EA,美仁段一小段,21.85,都市：其他:道路用地(公共設施用地)。48/3/13,100000,4999,持分移轉,07730000
RPSNMLRLJHLGFAA77DA,興安段三小段,29.47,都市：其他:第三種住宅區。,10000,735,持分移轉,03550000
RPRNMLSLJHLGFFA38EA,通化段六小段,21.71,都市：其他:道路用地(公共設施用地)。61/4/24,70000,7562,持分移轉,02610000
RPRNMLSLJHLGFFA38EA,懷生段二小段,18.93,都市：其他:道路用地(公共設施用地)。62/3/7,70,25,持分移轉,04190000
RPQNMLMJJHLGFBA96DA,玉泉段一小段,4.25,都市：其他:第三種商業區 但是否在道路用地(公共設施用地)(應依建築線或俟地籍測量分割後，再確定)。,10000,44,持分移轉,04540000
RPUNMLQJJHLGFBA77DA,青年段一小段,4.87,都市：其他:第三之一種住宅區。,8170,141,持分移轉,07070000
RPUNMLQJJHLGFBA77DA,青年段一小段,12.68,都市：其他:第三種住宅區。,8170,141,持分移轉,07070001
RPUNMLSLJHLGFDA48EA,三興段三小段,2.34,都市：其他:道路用地(公共設施用地)。51/9/1,10000,207,持分移轉,00660000
RPUNMLSLJHLGFDA48EA,逸仙段三小段,9.50,都市：其他:道路用地(公共設施用地)。72/12/16,2,1,持分移轉,01320000
RPUNMLSLJHLGFDA48EA,逸仙段二小段,5.00,都市：其他:道路用地(公共設施用地)。62/5/29,2,1,持分移轉,02980001
RPUNMLSLJHLGFDA48EA,祥和段二小段,7.00,都市：其他:道路用地(公共設施用地)。56/6/30,2,1,持分移轉,03350000
RPUNMLSLJHLGFDA48EA,美仁段一小段,21.85,都市：其他:道路用地(公共設施用地)。48/3/13,100000,4999,持分移轉,07730000
RPSNMLSLJHLGFFA48EA,通化段六小段,21.71,都市：其他:道路用地(公共設施用地)。61/4/24,70000,7562,持分移轉,02610000
RPSNMLSLJHLGFFA48EA,懷生段二小段,18.93,都市：其他:道路用地(公共設施用地)。62/3/7,70,25,持分移轉,04190000
RPXNMLOLKIKGFCA28DA,北安段三小段,13.20,都市：其他:第三種住宅區。,10000,88,持分移轉,06280000
RPUNMLSLKIKGFCA38DA,榮星段三小段,8.16,都市：其他:第參種商業區(依都市計畫說明書圖規定辦理，始得作第參種商業區使用)(原屬第參之貳種住宅區)。,10000,91,持分移轉,05910000
RPUNMLSLKIKGFCA38DA,榮星段三小段,9.83,都市：其他:第三種住宅區。,10000,91,持分移轉,05910003
RPRNMLKMKIKGFCA37DA,吉林段四小段,5.35,都市：其他:第肆種商業區(依都市計畫說明書圖規定辦理，始得作第肆種商業區使用)(原屬第參種商業區)。,11037,71,持分移轉,04940000
RPTNMLTLKIKGFCA38DA,長安段三小段,5.23,都市：其他:第三之二種住宅區。,10000,143,持分移轉,07140000
RPUNMLRKJIKGFCA08DA,北安段三小段,.02,都市：其他:第三種住宅區。,10000,1,持分移轉,09190000
RPUNMLRKJIKGFCA08DA,北安段三小段,.00,都市：其他:第三種住宅區。,10000,1,持分移轉,09190001
RPUNMLRKJIKGFCA08DA,北安段三小段,.01,都市：其他:第三種住宅區。,10000,1,持分移轉,09190002
RPUNMLRKJIKGFCA08DA,北安段三小段,.16,都市：其他:第三之二種住宅區。,10000,1,持分移轉,09200000
RPUNMLRKJIKGFCA08DA,北安段三小段,.00,都市：其他:第三之二種住宅區。,10000,1,持分移轉,09200001
RPUNMLRKJIKGFCA08DA,北安段三小段,.01,都市：其他:第三之二種住宅區。,10000,1,持分移轉,09200002
RPUNMLRKJIKGFCA08DA,北安段三小段,.00,都市：其他:第三之二種住宅區。,10000,1,持分移轉,09210000
RPQNMLTLJHLGFCA08EA,文德段四小段,12.66,都市：其他:第三種商業區。,5220000,22202,持分移轉,00210000
RPPNMLMJJHLGFCA96DA,長安段三小段,8.40,都市：其他:第參種商業區(依都市計畫說明書圖規定辦理，始得作第參種商業區使用)(原屬第參種住宅區)。,10000,367,持分移轉,03550000
RPPNMLMJJHLGFCA96DA,長安段三小段,1.58,都市：其他:第參種商業區(依都市計畫說明書圖規定辦理，始得作第參種商業區使用)(原屬第貳種商業區)。,10000,367,持分移轉,03550001
RPVOMLPJJHLGFCA97DA,東湖段七小段,17.60,都市：其他:第三種住宅區。,10000,68,持分移轉,01910000
RPVOMLNKJHLGFDA97DA,福德段四小段,39.15,都市：其他:第三種住宅區。,2600000,12484,持分移轉,02650000
RPSNMLRLJIKGFFA28DA,仁愛段四小段,19.19,都市：其他:敦化南北路特定專用區(A區)(依都市計畫說明書圖規定辦理)(原屬第肆種住宅區)。,10000,283,持分移轉,04270000
RPPPMLQKJHLGFFA97DA,復興段一小段,3.24,都市：其他:第肆種商業區(依都市計畫說明書圖規定辦理，始得作第肆種商業區使用)(原屬第肆種住宅區及第貳種商業區)。,10000,52,持分移轉,04540000
RPPPMLQKJHLGFFA97DA,復興段一小段,.19,都市：其他:第肆種商業區(依都市計畫說明書圖規定辦理，始得作第肆種商業區使用)(原屬第肆種住宅區)。,10000,52,持分移轉,04540001
RPWNMLLMKIKGFDA08DA,西松段二小段,19.91,都市：其他:第三種住宅區。,100000,330,持分移轉,04930000
RPQNMLOLJHLGFBA37DA,華中段三小段,19.75,都市：其他:第三種住宅區。,4,1,持分移轉,01460000
RPQOMLNKJHLGFEA57DA,大業段三小段,12.11,都市：其他:第三種商業區。,20000,90,持分移轉,01490000
RPPOMLRLJHLGFCA77DA,榮星段四小段,22.00,都市：其他:第參種商業區(依都市計畫說明書圖規定辦理，始得作第參種商業區使用)(原屬第參種住宅區)。,5,1,持分移轉,04490000
RPPOMLTJJHLGFDA87DA,寶清段一小段,26.98,都市：其他:第三種住宅區。,34993,107,持分移轉,00570005
RPQNMLKMJHLGFEA47EA,蘭雅段二小段,134.00,都市：其他:第三種住宅區。,1,1,全筆移轉,01460003
RPQNMLKMJHLGFEA47EA,蘭雅段二小段,30.00,都市：其他:第三種住宅區。,1,1,全筆移轉,01480001
RPOOMLLLJHLGFCA07DA,德惠段四小段,15.29,都市：其他:第肆種商業區(依都市計畫說明書圖規定辦理，始得作第肆種商業區使用)(原屬第參種商業區)。,10000,529,持分移轉,00790000
RPWOMLLMKIKGFEA28DA,芝山段二小段,76.51,都市：其他:第三種住宅區。,10000,636,持分移轉,05710000
RPQNMLMKJHLGFFA47DA,復興段一小段,54.25,都市：其他:第肆種商業區(依都市計畫說明書圖規定辦理，始得作第肆種商業區使用)(原屬第肆種住宅區)。,4,1,持分移轉,05670000
RPQNMLMJKHLGFDA37EA,永春段一小段,.01,都市：其他:道路用地(公共設施用地)。51/9/1,16000,1,持分移轉,07130000
RPQNMLMJKHLGFDA37EA,永春段一小段,.01,都市：其他:道路用地(公共設施用地)。51/9/1,8000,1,持分移轉,07130001
RPXNMLKMJHLGFBA77DA,福星段四小段,3.31,都市：其他:第四種商業區。,10000,30,持分移轉,02080000
RPOOMLMJKHLGFFA37DA,學府段三小段,24.48,都市：其他:第三之二種住宅區。,10000,1218,持分移轉,02150000
RPXNMLSLJIKGFBA48DA,福星段二小段,6.56,都市：其他:第四種商業區。,100000,898,持分移轉,00100000
RPSOMLOKJHLGFBA57DA,雙園段二小段,30.00,都市：其他:第三種住宅區。,100000,2734,持分移轉,07740000
RPTNMLLMJHLGFCA57DA,潭美段一小段,43.89,都市：其他:科技工業區(B區)(特)(不得作住宅使用) 但是否在道路用地(公共設施用地)(應依建築線或俟地籍測量分割後，再確定)。,320,5,持分移轉,05160000
RPVOMLNLKIKGFCA08DA,碧湖段三小段,33.23,都市：其他:第三種住宅區。,10000,908,持分移轉,05270000
RPPNMLKMJHLGFFA47EA,辛亥段四小段,16.02,都市：其他:第三種住宅區。,100000,743,持分移轉,07690000
RPRNMLSLJHLGFCA97DA,金泰段,47.09,都市：其他:住宅區(供拆遷安置專案住宅使用)。,500000,224,持分移轉,00720000
RPUNMLQJKHLGFCA97DA,文德段二小段,24.78,都市：其他:第三種住宅區。,625,9,持分移轉,02740000
RPUNMLMKJHLGFEA77DA,立農段三小段,33.25,都市：其他:第三種住宅區。,4,1,持分移轉,03810000
RPSOMLKLJHLGFDA47DA,三興段一小段,7.89,都市：其他:第參種商業區(依都市計畫說明書圖規定辦理，始得作第參種商業區使用)(原屬第貳種商業區)。,10000,60,持分移轉,08450000
RPSOMLKLJHLGFDA47DA,三興段一小段,2.03,都市：其他:第參種商業區(依都市計畫說明書圖規定辦理，始得作第參種商業區使用)(原屬第參種住宅區)。,10000,60,持分移轉,08450001
RPUNMLNJKHLGFEA87DA,百齡段五小段,20.33,都市：其他:第三種住宅區。,6,1,持分移轉,00090000
RPUNMLNJKHLGFEA87DA,百齡段五小段,9.17,都市：其他:第三之二種住宅區。,6,1,持分移轉,00090002
RPOOMLNKJHLGFDA37EA,玉成段三小段,17.50,都市：其他:第參種工業區(不得作住宅使用)。,48,8,持分移轉,00750000
RPPNMLTLJHLGFBA87EA,莒光段三小段,26.70,都市：其他:第三種住宅區。,10000,130,持分移轉,04760000
RPSNMLNJKHLGFEA77EA,光華段四小段,29.14,都市：其他:第壹種商業區(依都市計畫說明書圖規定辦理，始得作第壹種商業區使用)。,340000,1145,持分移轉,07730000
RPPNMLNJKHLGFEA47EA,開明段二小段,31.25,都市：其他:第三種住宅區。,4,1,持分移轉,04440000
RPXNMLNJKHLGFEA28EA,湖山段一小段,33.89,都市：其他:陽明山國家公園區(請逕向陽明山國家公園管理處申請)。,30044,1148,持分移轉,02450000
RPQNMLMLKIKGFFA67DA,瑞安段二小段,.10,都市：其他:第參種商業區(依都市計畫說明書圖規定辦理，始得作第參種商業區使用)(原屬第貳種商業區)。,40000,2,持分移轉,00060000
RPQNMLMLKIKGFFA67DA,瑞安段二小段,1.13,都市：其他:第三種住宅區。,20000,1414,持分移轉,00100002
RPQNMLMLKIKGFFA67DA,瑞安段二小段,5.16,都市：其他:第三種住宅區。,20000,1414,持分移轉,00140001
RPQNMLMLKIKGFFA67DA,瑞安段二小段,1.98,都市：其他:第三種住宅區。,20000,1414,持分移轉,00550003
RPPOMLSLJHLGFCA87DA,吉林段五小段,14.22,都市：其他:第肆種商業區(依都市計畫說明書圖規定辦理，始得作第肆種商業區使用)(原屬第參種商業區)。,100000,401,持分移轉,03140000
RPOOMLSJJHLGFCA57DA,潭美段五小段,34.59,都市：其他:辦公服務區(一)(不得作住宅使用)。,100000,1367,持分移轉,00200000
RPVNMLLMJHLGFCA77DA,潭美段一小段,43.89,都市：其他:科技工業區(B區)(特)(不得作住宅使用) 但是否在道路用地(公共設施用地)(應依建築線或俟地籍測量分割後，再確定)。,320,5,持分移轉,05160000
RPUNMLLMJHLGFCA67DA,潭美段一小段,43.89,都市：其他:科技工業區(B區)(特)(不得作住宅使用) 但是否在道路用地(公共設施用地)(應依建築線或俟地籍測量分割後，再確定)。,320,5,持分移轉,05160000
RPWNMLLMJHLGFCA87DA,潭美段一小段,228.23,都市：其他:科技工業區(B區)(特)(不得作住宅使用) 但是否在道路用地(公共設施用地)(應依建築線或俟地籍測量分割後，再確定)。,320,26,持分移轉,05160000
RPXNMLLMJHLGFCA97DA,潭美段一小段,171.17,都市：其他:科技工業區(B區)(特)(不得作住宅使用) 但是否在道路用地(公共設施用地)(應依建築線或俟地籍測量分割後，再確定)。,640,39,持分移轉,05160000
RPOOMLLMJHLGFCA17DA,潭美段一小段,171.17,都市：其他:科技工業區(B區)(特)(不得作住宅使用) 但是否在道路用地(公共設施用地)(應依建築線或俟地籍測量分割後，再確定)。,640,39,持分移轉,05160000
RPPOMLTJJHLGFCA77DA,北安段四小段,33.55,都市：其他:第三種住宅區。,10000,61,持分移轉,01070001
RPQNMLLKJHLGFCA07DA,吉林段三小段,.01,都市：其他:第肆種商業區(依都市計畫說明書圖規定辦理，始得作第肆種商業區使用)(原屬第參種商業區)。,10000,23,持分移轉,09850000
RPQNMLLKJHLGFCA07DA,吉林段三小段,2.54,都市：其他:第肆種商業區(依都市計畫說明書圖規定辦理，始得作第肆種商業區使用)(原屬第參種商業區)。,10000,23,持分移轉,09860000
RPPNMLQJKIKGFBA37DA,成功段二小段,8.54,都市：其他:第參種商業區(依都市計畫說明書圖規定辦理，始得作第參種商業區使用)(原屬第貳種商業區)。,10000,162,持分移轉,00810000
RPPNMLTJJIKGFFA97DA,金華段一小段,11.45,都市：其他:第參種商業區(依都市計畫說明書圖規定辦理，始得作第參種商業區使用)(原屬第貳種商業區)。,44,2,持分移轉,05150000
RPPNMLTJJIKGFFA97DA,金華段一小段,21.77,都市：其他:第參種商業區(依都市計畫說明書圖規定辦理，始得作第參種商業區使用)(原屬第參種住宅區)。,44,2,持分移轉,05150001
RPTNMLMLJIKGFDA67DA,向陽段,43.43,都市：其他:住宅區(供住宅使用)。,30000,215,持分移轉,00150001
RPPNMLTJJIKGFFA97DA,金華段一小段,.27,都市：其他:第參種商業區(依都市計畫說明書圖規定辦理，始得作第參種商業區使用)(原屬第貳種商業區) 但是否在第參種商業區(依都市計畫說明書圖規定辦理，始得作第參種商業區使用)(原屬第參種住宅區應依建築線或俟地籍測量分割後，再確定)。,44,2,持分移轉,05150002
RPPOMLTKKIKGFCA97DA,榮星段二小段,23.04,都市：其他:第三種住宅區。,10000,69,持分移轉,01650000
RPPNMLTJJIKGFFA97DA,金華段一小段,.01,都市：其他:道路用地(公共設施用地)。42/9/18,44,2,持分移轉,05150003
RPPNMLTJJIKGFFA97DA,金華段一小段,4.86,都市：其他:道路用地(公共設施用地)。42/9/18,44,2,持分移轉,05390000
RPTNMLPJKHLGFAA57DA,興隆段二小段,26.25,都市：其他:第三種住宅區。,4,1,持分移轉,00920000
RPWNMLTKJHLGFDA58DA,雅祥段四小段,4.58,都市：其他:第三種住宅區。,12433,76,持分移轉,06940000
RPWNMLTKJHLGFDA58DA,雅祥段四小段,17.58,都市：其他:第三之一種住宅區。,12433,76,持分移轉,06940004
RPQNMLNLJIKGFDA47DA,新光段二小段,21.15,都市：其他:住宅區。,38000,20,持分移轉,04090000
RPSNMLLJKHLGFEA47DA,立農段二小段,34.12,都市：其他:第三種住宅區。,20000,454,持分移轉,01290000
RPPPMLLMKIKGFCA47DA,文德段三小段,8.77,都市：其他:第三之一種住宅區。,10000,45,持分移轉,00250002
RPPPMLLMKIKGFCA47DA,文德段三小段,12.32,都市：其他:第三種住宅區。,10000,45,持分移轉,00780000
RPTOMLPJKHLGFDA97DA,美仁段一小段,2.01,都市：其他:第參種商業區(依都市計畫說明書圖規定辦理，始得作第參種商業區使用)(原屬第貳種商業區)。,10000,58,持分移轉,08310000
RPTOMLPJKHLGFDA97DA,美仁段一小段,1.18,都市：其他:第參種商業區(依都市計畫說明書圖規定辦理，始得作第參種商業區使用)(原屬第參種住宅區)。,10000,58,持分移轉,08330002
RPTNMLMKKIKGFFA87DA,龍泉段三小段,30.65,都市：其他:第三種住宅區。,88720,11144,持分移轉,05070000
RPRPMLSJJHLGFCA97DA,德惠段四小段,3.17,都市：其他:第肆種商業區(依都市計畫說明書圖規定辦理，始得作第肆種商業區使用)(原屬第參種商業區)。,10000,46,持分移轉,04130000
RPUPMLRLJHLGFCA38DA,東湖段二小段,78.04,都市：其他:第二種住宅區。,5000,42,持分移轉,00090001
RPXNMLOKJHLGFCA08DA,中山段一小段,2.84,都市：其他:第肆種商業區(依都市計畫說明書圖規定辦理，始得作第肆種商業區使用)(原屬第參種商業區)。,10000,90,持分移轉,02470000
RPPNMLPJKHLGFCA47EA,文德段四小段,30.99,都市：其他:第三種住宅區。,10000,329,持分移轉,02820000
RPVNMLTJJHLGFCA28DA,碧湖段五小段,32.99,都市：其他:第三種住宅區。,10000,147,持分移轉,00980000
RPPPMLPJKHLGFCA57DA,碧湖段二小段,27.83,都市：其他:第三種住宅區。,8088,167,持分移轉,04460000
RPQNMLQJKHLGFCA57DA,正義段一小段,36.75,都市：其他:第參種商業區(依都市計畫說明書圖規定辦理，始得作第參種商業區使用)(原屬第參種住宅區)。,4,1,持分移轉,03570000
RPRNMLQLKIKGFBA87EA,莒光段三小段,18.50,都市：其他:第三種住宅區。,4,1,持分移轉,04040000
RPRNMLQLKIKGFBA87EA,莒光段三小段,.50,都市：其他:道路用地(公共設施用地)。68/10/2,2,1,持分移轉,04040001
RPTNMLPJKHLGFDA87DA,雅祥段一小段,7.38,都市：其他:第參種商業區(依都市計畫說明書圖規定辦理，始得作第參種商業區使用)(原屬第貳種商業區)。,100000,741,持分移轉,05320000
RPQOMLTJJHLGFDA97DA,永吉段四小段,3.24,都市：其他:第參種商業區(依都市計畫說明書圖規定辦理，始得作第參種商業區使用)(原屬第參種住宅區)。,10000,30,持分移轉,00440000
RPPNMLRLKIKGFEA97DA,豐年段三小段,205.20,都市：其他:農業區。,20,1,持分移轉,03500000
RPQOMLTJJHLGFDA97DA,永吉段四小段,7.60,都市：其他:第參種商業區(依都市計畫說明書圖規定辦理，始得作第參種商業區使用)(原屬第參之壹種住宅區)。,10000,30,持分移轉,00440006
RPOQMLOJKHLGFFA77DA,仁愛段二小段,85.76,都市：其他:道路用地(公共設施用地)。48/3/13,144000,60656,持分移轉,03600000
RPQNMLPJKHLGFBA47EA,中正段二小段,19.13,都市：其他:第三種住宅區。,10000,483,持分移轉,01100000
RPRNMLKMJHLGFDA47EA,雅祥段二小段,1.94,都市：其他:第參種商業區(依都市計畫說明書圖規定辦理，始得作第參種商業區使用)(原屬第貳種商業區)。,300000,735,持分移轉,00380000
RPTNMLNLJHLGFFA97DA,通化段三小段,4.09,都市：其他:第參種商業區(依都市計畫說明書圖規定辦理，始得作第參種商業區使用)(原屬第貳種商業區)。,100000,913,持分移轉,00890000
RPVNMLNJKHLGFEA08EA,芝蘭段一小段,21.05,都市：其他:第三種住宅區。,10000,177,持分移轉,05200000
RPVNMLNJKHLGFEA08EA,芝蘭段一小段,2.08,都市：其他:第三種住宅區。,10000,177,持分移轉,05210000
RPPPMLNKJHLGFDA47DA,新光段二小段,21.15,都市：其他:住宅區。,1900,1,持分移轉,04090000
RPOOMLSLJHLGFAA57DA,景美段一小段,22.62,都市：其他:第參種商業區(依都市計畫說明書圖規定辦理，始得作第參種商業區使用)(原屬第肆之壹種住宅區)。,10000,131,持分移轉,04110000
RPQNMLPJKHLGFDA67EA,民生段,46.25,都市：其他:住宅用地(民生社區特定專用區)。,4,1,持分移轉,01210025
RPQQMLTKJIKGFDA28DA,玉成段二小段,22.75,都市：其他:第參種工業區(不得作住宅使用)。,4,1,持分移轉,05170000
RPPOMLTLKIKGFDA18DA,寶清段一小段,29.50,都市：其他:第三種住宅區。,34993,117,持分移轉,00570005
RPPNMLPLJHLGFFA77DA,仁愛段四小段,31.62,都市：其他:第四種住宅區。,10000,128,持分移轉,04300000
RPSNMLQJKHLGFBA67DA,華江段一小段,27.52,都市：其他:第四種住宅區。,42334,562,持分移轉,01300000
RPQOMLKMKIKGFFA67DA,龍泉段一小段,3.38,都市：其他:第參種商業區(依都市計畫說明書圖規定辦理，始得作第參種商業區使用)(原屬第參之壹種住宅區及第貳種商業區)及第三種住宅區。,10000,20,持分移轉,00230000
RPSPMLMLJHLGFDA77DA,三興段二小段,27.66,都市：其他:第三種住宅區。,10000,416,持分移轉,06680000
RPUNMLTJKHLGFCA28DA,北安段四小段,33.12,都市：其他:第三種住宅區。,10000,78,持分移轉,01070007
RPUNMLNLJHLGFDA97EA,雅祥段一小段,25.04,都市：其他:第三種住宅區。,10000,1070,持分移轉,00260000
RPPNMLTJKHLGFAA67EA,木柵段二小段,31.09,都市：其他:第三種住宅區。,10000,499,持分移轉,10060000
RPPNMLNJKHLGFBA07DA,雙園段三小段,29.50,都市：其他:第三種住宅區。,4,1,持分移轉,04050000
RPVNMLOLKIKGFAA87DA,興泰段一小段,75.62,都市：其他:第二種住宅區 但是否在道路用地(公共設施用地)(應依建築線或俟地籍測量分割後，再確定)。,10000,86,持分移轉,03010000
RPUNMLQLJHLGFCA08DA,長安段一小段,5.98,都市：其他:第三種住宅區。,1200000,16696,持分移轉,01080000
RPQOMLSJKIKGFCA87DA,榮星段四小段,31.40,都市：其他:第三種住宅區。,10,2,持分移轉,02080000
RPWNMLMJJHLGFCA67DA,碧湖段三小段,21.30,都市：其他:第三種住宅區。,10000,24,持分移轉,01230000
RPWNMLMJJHLGFCA67DA,碧湖段三小段,.00,都市：其他:道路護坡用地(公共設施用地)。78/7/27,10000,24,持分移轉,01230001
RPOOMLTLKIKGFCA97DA,康寧段四小段,30.56,都市：其他:第三種住宅區。,100000,667,持分移轉,02770000
RPOOMLTLKIKGFCA97DA,康寧段三小段,.02,都市：其他:第三種住宅區。,100000,667,持分移轉,06530001
RPUNMLKKKHLGFCA47DA,東湖段二小段,30.73,都市：其他:第參種商業區(依都市計畫說明書圖規定辦理，始得作第參種商業區使用)(原屬第壹種商業區)。,20000,812,持分移轉,00300008
RPUNMLQJKHLGFEA28EA,三合段,53.44,都市：其他:第三種住宅區。,100000,3146,持分移轉,00310000
RPUNMLPJJHLGFFA08DA,復興段一小段,31.88,都市：其他:第肆種商業區(依都市計畫說明書圖規定辦理，始得作第肆種商業區使用)(原屬第肆種住宅區)。,16,2,持分移轉,04530000
RPUNMLPJJHLGFFA08DA,復興段一小段,18.00,都市：其他:第肆種商業區(依都市計畫說明書圖規定辦理，始得作第肆種商業區使用)(原屬第貳種商業區)。,16,2,持分移轉,04530001
RPXNMLLLJHLGFBA77DA,市府段二小段,20.40,都市：其他:第三種商業區。,5,1,持分移轉,02420000
RPWQMLOJKHLGFFA58DA,仁愛段五小段,27.26,都市：其他:第四種住宅區。,10000,277,持分移轉,02200000
RPPOMLPKJHLGFCA47DA,中山段四小段,32.25,都市：其他:第參種商業區(依都市計畫說明書圖規定辦理，始得作第參種商業區使用)(原屬第肆種住宅區)。,4,1,持分移轉,01610000
RPQOMLQJKHLGFDA77DA,經貿段,21.24,都市：其他:住宅區(供商務住宅使用)。,10000,258,持分移轉,00370000
RPQNMLPKJHLGFCA47DA,西湖段一小段,11.34,都市：其他:第三之一種住宅區。,6000,479,持分移轉,07910000
RPTOMLTLJHLGFCA38DA,康寧段四小段,23.24,都市：其他:第三種住宅區。,10000,175,持分移轉,05420004
RPPNMLPKJHLGFDA47DA,信義段一小段,24.03,都市：其他:第三種住宅區。,10000,24,持分移轉,02690000
RPWNMLKKKHLGFDA77DA,民生段,39.50,都市：其他:住宅用地(民生社區特定專用區)。,4,1,持分移轉,00590014
RPQOMLQJKHLGFCA67DA,中山段二小段,3.32,都市：其他:第三種商業區。,200000,290,持分移轉,00510000
RPTNMLRJJHLGFCA87DA,碧湖段四小段,27.59,都市：其他:第三種住宅區。,18000,128,持分移轉,05380000
RPPNMLMLJIKGFEA37DA,永平段一小段,39.67,都市：其他:第三種住宅區。,70000,1995,持分移轉,02940000
RPTOMLSKJIKGFEA38DA,文林段三小段,37.25,都市：其他:第三種住宅區。,4,1,持分移轉,03340000
RPPNMLKKJHLGFFA17DA,懷生段一小段,37.50,都市：其他:第三種住宅區。,4,1,持分移轉,05480000
RPSOMLTJKHLGFBA08DA,青年段二小段,2.25,都市：其他:第三種住宅區。,4,1,持分移轉,06160000
RPSOMLTJKHLGFBA08DA,青年段二小段,18.25,都市：其他:第三種住宅區。,4,1,持分移轉,06190000
RPRNMLNKJIKGFAA27EA,河堤段四小段,31.25,都市：其他:第三種住宅區。,4,1,持分移轉,03930000
RPUOMLRLJIKGFCA28DA,長春段一小段,16.19,都市：其他:第三種住宅區。,74478,84,持分移轉,01740000
RPRNMLNKJIKGFAA27EA,河堤段四小段,9.00,都市：其他:道路用地(公共設施用地)。56/9/9,4,1,持分移轉,03940000
RPUOMLKMKIKGFBA67DA,福星段一小段,6.28,都市：其他:第肆種商業區(依都市計畫說明書圖規定辦理，始得作第肆種商業區使用)(原屬第參種商業區)。,10000,77,持分移轉,02820000
RPTOMLTJKHLGFBA18DA,青年段二小段,1.00,都市：其他:第三種住宅區。,4,1,持分移轉,06170000
RPTOMLTJKHLGFBA18DA,青年段二小段,18.50,都市：其他:第三種住宅區。,4,1,持分移轉,06180000
RPRNMLKLJHLGFCA17DA,碧湖段四小段,27.82,都市：其他:第二種住宅區。,100000,925,持分移轉,10250000
RPRNMLKLJHLGFCA17DA,碧湖段四小段,16.88,都市：其他:第二種住宅區。,100000,925,持分移轉,10250002
RPXNMLNLJHLGFCA08DA,東湖段二小段,31.18,都市：其他:第三種住宅區。,42000,220,持分移轉,00210000
RPWOMLQKKIKGFEA58DA,關渡段二小段,15.54,都市：其他:第二種住宅區。,10000,68,持分移轉,05220000
RPWNMLMJKHLGFEA97DA,振興段三小段,13.16,都市：其他:第三種住宅區。,10000,110,持分移轉,08670000
RPSNMLSLJIKGFDA18DA,延吉段一小段,40.20,都市：其他:第三種住宅區。,10,2,持分移轉,00980000
RPQNMLKLJHLGFCA07DA,碧湖段四小段,15.44,都市：其他:交通用地(公共設施用地)。83/6/3,100000,350,持分移轉,04610000
RPQNMLRJKIKGFEA87DA,陽明段三小段,19.00,都市：其他:第三種住宅區。,4,1,持分移轉,08880000
RPXOMLNLJHLGFDA28DA,三興段二小段,34.00,都市：其他:第三種住宅區。,4,1,持分移轉,07960000
RPQNMLRJKIKGFEA87DA,陽明段三小段,2.00,都市：其他:道路用地(公共設施用地)。,4,1,持分移轉,08880001
RPQOMLLMKIKGFDA57DA,逸仙段三小段,15.32,都市：其他:第四種住宅區。,10000,128,持分移轉,05500000
RPROMLQKJHLGFEA97DA,天玉段三小段,27.82,都市：其他:第二種住宅區。,10000,116,持分移轉,01830000
RPROMLQKJHLGFEA97DA,天玉段三小段,20.24,都市：其他:第二種住宅區。,10000,116,持分移轉,01840000
RPQOMLLMKIKGFDA57DA,逸仙段三小段,4.40,都市：其他:第參種商業區(依都市計畫說明書圖規定辦理，始得作第參種商業區使用)(原屬第貳種商業區)。,10000,128,持分移轉,05500001
RPVOMLQKJHLGFCA18DA,東湖段六小段,30.86,都市：其他:第三種住宅區。,10000,132,持分移轉,01350000
RPXNMLOJKIKGFFA38DA,仁愛段三小段,9.30,都市：其他:第四種住宅區。,100000,3522,持分移轉,04050000
RPWOMLLLJIKGFCA87DA,中山段二小段,14.00,都市：其他:第三種商業區。,100000,1763,持分移轉,02080000
RPQNMLMKKHLGFEA57EA,大屯段四小段,31.86,都市：其他:保護區。,4,1,持分移轉,02490000
RPTNMLKLJHLGFEA57DA,行義段三小段,27.82,都市：其他:第三種住宅區。,10000,126,持分移轉,04730000
RPUNMLLKKIKGFAA37DA,永昌段二小段,7.19,都市：其他:第三之一種住宅區。,10000,95,持分移轉,04120000
RPWRMLPLJIKGFDA68DA,福德段一小段,37.25,都市：其他:第三種住宅區。,4,1,持分移轉,07710000
RPPNMLTJKHLGFDA97EA,玉成段一小段,45.21,都市：其他:第參種工業區(不得作住宅使用)。,40000,102,持分移轉,03820000
RPUNMLPJKHLGFAA67DA,頭廷段二小段,88.89,都市：其他:第二種住宅區。,10000,301,持分移轉,05410000
RPUNMLTLJHLGFBA28DA,莒光段三小段,15.40,都市：其他:第三種住宅區。,10000,75,持分移轉,04760000
RPOOMLRLJHLGFBA57DA,成功段一小段,22.36,都市：其他:第三種商業區。,10000,568,持分移轉,01810000
RPUNMLMKKHLGFCA67DA,文德段二小段,33.77,都市：其他:第三種住宅區。,10000,315,持分移轉,02630000
RPTNMLTJKHLGFCA18DA,碧湖段二小段,12.68,都市：其他:第三種住宅區。,10000,216,持分移轉,05180000
RPQNMLMKKHLGFBA17DA,華江段三小段,9.54,都市：其他:特定專用區(二)(依都市計畫書圖規定辦理，始得比照特定專用區（一）使用) 但是否在特定專用區(二)(應依建築線或俟地籍測量分割後，再確定)。,9490,36,持分移轉,05050007
RPTNMLTJKHLGFCA18DA,碧湖段二小段,13.54,都市：其他:第三種住宅區。,10000,216,持分移轉,05190008
RPTNMLTJKHLGFCA18DA,碧湖段二小段,.32,都市：其他:第三種住宅區。,10000,216,持分移轉,05190017
RPVNMLKKKHLGFCA57DA,吉林段二小段,16.57,都市：其他:第貳種商業區(依都市計畫說明書圖規定辦理，始得作第貳種商業區使用)(原屬第參種住宅區)及第三種住宅區。,10000,132,持分移轉,02060000
RPQPMLPJKHLGFCA67DA,正義段四小段,17.25,都市：其他:第三種商業區。,4,1,持分移轉,00880000
RPVNMLNLKIKGFBA87DA,莒光段三小段,15.40,都市：其他:第三種住宅區。,10000,75,持分移轉,04760000
RPSNMLMKKHLGFCA47DA,北安段四小段,29.72,都市：其他:第三種住宅區。,10000,70,持分移轉,01070007
RPTOMLPJJHLGFDA87DA,寶清段五小段,11.19,都市：其他:第三種住宅區。,10000,277,持分移轉,00460000
RPQNMLNKJHLGFBA17DA,大龍段二小段,32.80,都市：其他:第壹種商業區(依都市計畫說明書圖規定辦理，始得作第壹種商業區使用)(原屬第參種住宅區)。,5,1,持分移轉,05840000
RPOOMLMKKHLGFBA07DA,青年段一小段,14.59,都市：其他:第三種住宅區。,31555,20,持分移轉,00740000
RPUNMLNLKHLGFCA87DA,文德段二小段,31.66,都市：其他:第三種住宅區。,10000,93,持分移轉,02200000
RPPNMLNKKHLGFCA27DA,康寧段三小段,18.43,都市：其他:第一種商業區。,10000,74,持分移轉,04150000
RPWNMLQLJIKGFEA58EA,開明段三小段,201.07,都市：其他:第一種住宅區。,10000,302,持分移轉,00500000
RPVNMLSLJHLGFFA68DA,復興段一小段,48.25,都市：其他:第肆種商業區(依都市計畫說明書圖規定辦理，始得作第肆種商業區使用)(原屬第肆種住宅區)。,4,1,持分移轉,05430000
RPSNMLQLJIKGFCA87DA,吉林段四小段,38.29,都市：其他:第三種住宅區。,7,1,持分移轉,00470000
RPXNMLTKJHLGFCA58DA,中山段一小段,5.35,都市：其他:第肆種商業區(依都市計畫說明書圖規定辦理，始得作第肆種商業區使用)(原屬第參種商業區)。,100000,2288,持分移轉,04780000
RPQNMLNLJHLGFCA37DA,文德段二小段,23.97,都市：其他:第三之一種住宅區。,9000,310,持分移轉,02240026
RPQNMLNLJHLGFCA37DA,文德段二小段,5.48,都市：其他:第三種住宅區。,9000,310,持分移轉,02290004
RPPNMLOJKHLGFAA07DA,興泰段一小段,30.52,都市：其他:第二種住宅區。,100000,205,持分移轉,00020000
RPPNMLOJKHLGFAA07DA,博嘉段三小段,47.63,都市：其他:第二種住宅區。,100000,205,持分移轉,09050000
RPOOMLNKKHLGFCA27DA,德惠段四小段,19.60,都市：其他:第肆種商業區(依都市計畫說明書圖規定辦理，始得作第肆種商業區使用)(原屬第參種商業區)。,5,1,持分移轉,00940000
RPXNMLMKKHLGFFA28DA,辛亥段四小段,13.88,都市：其他:第三種住宅區。,25000,161,持分移轉,07690000
RPPNMLOLKHLGFCA57EA,吉林段四小段,6.39,都市：其他:第肆種商業區(依都市計畫說明書圖規定辦理，始得作第肆種商業區使用)(原屬第參種商業區)。,10000,132,持分移轉,07340000
RPVOMLNLKIKGFEA28DA,天母段四小段,52.71,都市：其他:第二種住宅區 但是否在道路用地(公共設施用地)(應依建築線或俟地籍測量分割後，再確定)。,7000,444,持分移轉,00370000
RPSNMLNLKHLGFDA77DA,祥和段三小段,9.42,都市：其他:第三種住宅區。,10000,60,持分移轉,03560000
RPTNMLSJJHLGFEA18DA,永新段二小段,9.88,都市：其他:第三之二種住宅區。,20000,176,持分移轉,06260000
RPRPMLSLJHLGFDA28DA,敦化段二小段,10.52,都市：其他:第參種商業區(依都市計畫說明書圖規定辦理，始得作第參種商業區使用)(原屬第貳種商業區)。,10000,130,持分移轉,05010000
RPTNMLSJJHLGFEA18DA,永新段二小段,.09,都市：其他:第三之二種住宅區。,20000,176,持分移轉,06260002
RPOOMLNLJHLGFEA47DA,天母段一小段,40.90,都市：其他:第參種商業區(依都市計畫說明書圖規定辦理，始得作第參種商業區使用)(原屬第參種住宅區)。,10000,320,持分移轉,00490000
RPTNMLSJJHLGFEA18DA,永新段二小段,4.13,都市：其他:第三之二種住宅區。,20000,176,持分移轉,06260003
RPVPMLQKJHLGFFA58DA,仁愛段四小段,5.31,都市：其他:第四種住宅區。,10000,162,持分移轉,01460000
RPPNMLRJKHLGFDA67DA,永吉段三小段,39.50,都市：其他:第三種住宅區。,4,1,持分移轉,03780000
RPVPMLQKJHLGFFA58DA,仁愛段四小段,3.56,都市：其他:第四種住宅區。,10000,162,持分移轉,01470000
RPVPMLQKJHLGFFA58DA,仁愛段四小段,21.71,都市：其他:第四種住宅區。,10000,162,持分移轉,01580000
RPTNMLMJKIKGFAA27DA,興隆段二小段,33.87,都市：其他:第三種住宅區。,10000,145,持分移轉,03110000
RPRNMLOJKHLGFAA27DA,萬隆段二小段,35.80,都市：其他:第三種住宅區。,100000,389,持分移轉,04990000
RPUPMLKMKIKGFBA77DA,莒光段三小段,27.20,都市：其他:第三種住宅區。,10000,381,持分移轉,03750000
RPVNMLMJKHLGFAA47DA,萬芳段一小段,26.42,都市：其他:第參類住宅用地(萬芳社區特定專用區)。,10000,466,持分移轉,00890000
RPROMLQLJHLGFCA87DA,金泰段,47.09,都市：其他:住宅區(供拆遷安置專案住宅使用)。,500000,224,持分移轉,00720000
RPUOMLQKJHLGFCA08DA,金泰段,15.40,都市：其他:商業區(供一般商業使用不得作住宅使用)。,10000,88,持分移轉,00810014
RPROMLQLKIKGFCA97DA,康寧段四小段,28.90,都市：其他:第三種住宅區。,90000,1593,持分移轉,05140000
RPPPMLOLKHLGFCA67DA,碧湖段二小段,27.64,都市：其他:第三種商業區。,1000,102,持分移轉,00510000
RPVNMLSLJHLGFAA18DA,實踐段一小段,30.13,都市：其他:第三種住宅區。,40,1,持分移轉,03050006
RPPNMLRLJHLGFCA67DA,康寧段三小段,34.83,都市：其他:第三種住宅區。,14000,58,持分移轉,05840000
RPUNMLRLJHLGFFA48DA,通化段三小段,24.12,都市：其他:第三種住宅區。,10000,378,持分移轉,08580000
RPUOMLQLKIKGFCA28DA,西湖段四小段,79.47,都市：其他:科技工業區(A區)(不得作住宅使用)。,200000,1932,持分移轉,01570000
RPRNMLPJKHLGFEA77DA,大業段二小段,14.47,都市：其他:第三種住宅區。,100000,506,持分移轉,08740000
RPQNMLPJJHLGFDA47DA,雅祥段一小段,2.94,都市：其他:第參種商業區(依都市計畫說明書圖規定辦理，始得作第參種商業區使用)(原屬第貳種商業區)。,100000,295,持分移轉,05320000
RPPNMLQLKHLGFDA87EA,美仁段一小段,43.00,都市：其他:第三種住宅區。,4,1,持分移轉,02730000
RPPOMLOLKHLGFCA57DA,文德段二小段,25.89,都市：其他:第三種住宅區。,10000,112,持分移轉,01260000
RPRNMLTKJHLGFDA08DA,美仁段一小段,.69,都市：其他:第三種住宅區。,863000,48,持分移轉,00020001
RPXNMLQLKHLGFCA48DA,正義段三小段,27.67,都市：其他:第肆種商業區(依都市計畫說明書圖規定辦理，始得作第肆種商業區使用)(原屬第參種商業區)。,3,1,持分移轉,01640000
RPRNMLTKJHLGFDA08DA,美仁段一小段,24.54,都市：其他:第三種住宅區。,150000,845,持分移轉,00180000
RPVNMLOLJIKGFAA77DA,興安段一小段,20.43,都市：其他:第三種住宅區。,100000,3115,持分移轉,01720000
RPRNMLTKJHLGFDA08DA,美仁段一小段,.99,都市：其他:第三種住宅區。,75000,57,持分移轉,00180005
RPVNMLOLJIKGFAA77DA,興安段一小段,.53,都市：其他:第三種住宅區。,100000,3115,持分移轉,01720001
RPVNMLOLJIKGFAA77DA,興安段一小段,2.62,都市：其他:第三種住宅區。,100000,3115,持分移轉,03100000
RPQNMLPJJHLGFEA67EA,振興段一小段,25.56,都市：其他:第三種住宅區。,10000,103,持分移轉,03940000
RPWOMLNLJHLGFDA18DA,永吉段三小段,27.00,都市：其他:第三種住宅區。,1,1,全筆移轉,00660000
RPWOMLNLKHLGFCA18DA,石潭段四小段,53.62,都市：其他:第三種住宅區。,240000,12818,持分移轉,00050000
RPWOMLNLKHLGFCA18DA,石潭段四小段,5.69,都市：其他:第壹種商業區(依都市計畫說明書圖規定辦理，始得作第壹種商業區使用)(原屬第參之貳種住宅區)。,240000,12818,持分移轉,00050001
RPUNMLKKKHLGFFA77DA,學府段一小段,4.60,都市：其他:道路用地(公共設施用地)。61/4/24,12580000,323118,持分移轉,01890000
RPUNMLKKKHLGFFA77DA,學府段一小段,26.43,都市：其他:第三種住宅區。,12580000,323118,持分移轉,01900000
RPSNMLNJKHLGFAA27DA,木柵段四小段,17.82,都市：其他:第三種住宅區。,4540,91,持分移轉,04240000
RPSNMLSLJHLGFAA87DA,福和段二小段,20.49,都市：其他:第參種商業區(依都市計畫說明書圖規定辦理，始得作第參種商業區使用)(原屬第貳種商業區)。,10000,342,持分移轉,05030000
RPSNMLNJKHLGFAA27DA,木柵段四小段,.10,都市：其他:道路用地(公共設施用地)。71/3/3,4540,91,持分移轉,04240001
RPSNMLSLJHLGFAA87DA,福和段二小段,2.50,都市：其他:第參種商業區(依都市計畫說明書圖規定辦理，始得作第參種商業區使用)(原屬第參種住宅區)。,10000,342,持分移轉,05120000
RPQOMLLLJHLGFDA37DA,寶清段七小段,12.08,都市：其他:第三種商業區。,1000000,10650,持分移轉,01320000
RPWNMLTLJHLGFBA48DA,城中段二小段,4.01,都市：其他:第四種商業區。,12000,150,持分移轉,05260000
RPSNMLMLJHLGFDA57DA,寶清段五小段,6.26,都市：其他:第二種商業區及第三種住宅區。,10000,24,持分移轉,02710000
RPUNMLSLJHLGFCA28DA,金泰段,15.40,都市：其他:商業區(供一般商業使用不得作住宅使用)。,10000,88,持分移轉,00810014
RPTOMLMLJHLGFEA87DA,三玉段五小段,31.33,都市：其他:第三種住宅區。,10000,151,持分移轉,05070000
RPPNMLSLKIKGFAA67DA,興隆段一小段,23.13,都市：其他:第三種住宅區。,10000,48,持分移轉,04090000
RPUOMLPJKIKGFAA77DA,實踐段二小段,40.75,都市：其他:第三種住宅區。,12,1,持分移轉,05070000
RPPNMLLKJHLGFDA07DA,西松段一小段,5.33,都市：其他:道路用地(公共設施用地)。58/8/27,3,1,持分移轉,04500000
RPPNMLLKJHLGFDA07DA,西松段一小段,39.33,都市：其他:第三種住宅區。,3,1,持分移轉,04510000
RPXNMLQLKHLGFAA28DA,博嘉段四小段,5.63,都市：其他:第二種住宅區。,10000,117,持分移轉,02330000
RPUNMLQJKHLGFDA08DA,西松段一小段,43.40,都市：其他:第三種住宅區。,300000,1104,持分移轉,00120000
RPXNMLQLKHLGFAA28DA,博嘉段四小段,11.80,都市：其他:第二種住宅區。,10000,117,持分移轉,02340000
RPSNMLNLKIKGFBA57DA,臨沂段四小段,13.25,都市：其他:第三之二種住宅區。,4,1,持分移轉,03120000
RPXNMLQLKHLGFAA28DA,博嘉段四小段,2.50,都市：其他:第二種住宅區。,10000,117,持分移轉,02350000
RPXNMLQLKHLGFAA28DA,博嘉段四小段,25.38,都市：其他:第二種住宅區。,10000,117,持分移轉,02390000
RPXNMLQLKHLGFAA28DA,博嘉段四小段,8.35,都市：其他:第二種住宅區。,10000,117,持分移轉,02400000
RPXNMLQLKHLGFAA28DA,博嘉段四小段,28.06,都市：其他:第二種住宅區。,10000,117,持分移轉,02420000
RPUNMLMKKHLGFDA77DA,信義段三小段,6.89,都市：其他:特定業務區(信義計畫特定專用區)。,10000,21,持分移轉,00360001
RPXNMLQLKHLGFAA28DA,博嘉段四小段,9.36,都市：其他:第二種住宅區。,10000,117,持分移轉,02790000
RPXNMLQLKHLGFAA28DA,博嘉段四小段,2.91,都市：其他:第二種住宅區。,10000,117,持分移轉,02800000
RPXNMLQLKHLGFAA28DA,博嘉段四小段,16.64,都市：其他:第二種住宅區。,10000,117,持分移轉,02830000
RPXNMLQLKHLGFAA28DA,博嘉段四小段,3.28,都市：其他:第二種住宅區。,10000,117,持分移轉,02860000
RPXNMLQLKHLGFAA28DA,博嘉段四小段,18.07,都市：其他:第二種住宅區。,10000,108,持分移轉,02880000
RPXNMLQLKHLGFAA28DA,博嘉段四小段,45.98,都市：其他:第二種住宅區。,10000,114,持分移轉,02900000
RPXNMLQLKHLGFAA28DA,博嘉段四小段,14.82,都市：其他:第二種住宅區。,10000,117,持分移轉,02910000
RPXNMLQLKHLGFAA28DA,博嘉段四小段,25.71,都市：其他:第二種住宅區。,10000,117,持分移轉,02920000
RPXNMLQLKHLGFAA28DA,博嘉段四小段,.74,都市：其他:第二種住宅區。,10000,117,持分移轉,02930000
RPXNMLQLKHLGFAA28DA,博嘉段四小段,1.49,都市：其他:第二種住宅區。,10000,117,持分移轉,04060000
RPUNMLOJKHLGFDA87DA,美仁段一小段,22.24,都市：其他:第三種住宅區。,339000,1420,持分移轉,00020000
RPUNMLOJKHLGFDA87DA,美仁段一小段,4.77,都市：其他:第三種住宅區。,863000,332,持分移轉,00020001
RPUNMLOJKHLGFDA87DA,美仁段一小段,.99,都市：其他:第三種住宅區。,75000,57,持分移轉,00180005
RPWNMLTJKHLGFDA58DA,永春段一小段,6.21,都市：其他:第三種住宅區。,10000,40,持分移轉,00130000
RPWNMLTJKHLGFDA58DA,永春段一小段,6.68,都市：其他:第三之一種住宅區。,10000,40,持分移轉,00130001
RPXNMLKMKIKGFFA28DA,辛亥段六小段,11.79,都市：其他:第三種住宅區。,1000,11,持分移轉,00400000
RPXNMLKMKIKGFFA28DA,辛亥段六小段,4.98,都市：其他:第三種住宅區。,1000,11,持分移轉,00400003
RPXNMLNKKHLGFDA18DA,信義段三小段,7.77,都市：其他:特定業務區(信義計畫特定專用區)。,100000,252,持分移轉,00360008
RPQNMLNJLHLGFFA77EA,通化段三小段,.01,都市：其他:道路用地(公共設施用地)。61/4/24,6000,1,持分移轉,06090000
RPUNMLRLJHLGFEA38DA,光華段二小段,3.30,都市：其他:第三之二種住宅區。,10,1,持分移轉,07190000
RPUNMLRLJHLGFEA38DA,光華段二小段,2.10,都市：其他:第三種住宅區。,10,1,持分移轉,07200000
RPUNMLRLJHLGFEA38DA,光華段二小段,5.70,都市：其他:道路用地(公共設施用地)。68/12/28,10,1,持分移轉,07200001
RPUNMLRLJHLGFEA38DA,光華段二小段,27.50,都市：其他:第三之二種住宅區。,10,1,持分移轉,07200002
RPUNMLRLJHLGFEA38DA,光華段二小段,4.20,都市：其他:第三之二種住宅區。,10,1,持分移轉,07210000
RPUNMLRLJHLGFEA38DA,光華段二小段,6.20,都市：其他:道路用地(公共設施用地)。68/12/28,10,1,持分移轉,07210001
RPUNMLRLJHLGFEA38DA,光華段二小段,2.20,都市：其他:第三種住宅區。,10,1,持分移轉,07220004
RPUNMLRLJHLGFEA38DA,光華段二小段,5.90,都市：其他:第三之二種住宅區。,10,1,持分移轉,07220008
RPXNMLMJKHLGFEA08DA,天母段四小段,31.92,都市：其他:第三種住宅區。,600000,31548,持分移轉,04690000
RPPNMLOJLHLGFAA17DA,政大段一小段,131.36,都市：其他:第二種住宅區。,10000,120,持分移轉,00340000
RPQNMLKLJHLGFFA37DA,通化段一小段,17.15,都市：其他:第參種商業區(依都市計畫說明書圖規定辦理，始得作第參種商業區使用)(原屬第參種住宅區)。,10000,937,持分移轉,03160000
RPXNMLPKJHLGFEA38DA,三玉段二小段,15.43,都市：其他:第參種商業區(依都市計畫說明書圖規定辦理，始得作第參種商業區使用)(原屬第壹種商業區) 但是否在道路用地(公共設施用地)(應依建築線或俟地籍測量分割後，再確定)。,10000,55,持分移轉,00740000
RPTOMLQKJHLGFCA97DA,金泰段,15.22,都市：其他:商業區(供一般商業使用不得作住宅使用)。,20000,174,持分移轉,00810014
RPPNMLTKJHLGFBA67DA,雙連段二小段,16.71,都市：其他:第三種商業區。,30000,587,持分移轉,04890000
RPPNMLTKJHLGFBA67DA,雙連段二小段,2.50,都市：其他:第參種商業區(依都市計畫說明書圖規定辦理，始得作第參種商業區使用)(原屬第肆種住宅區)。,30000,587,持分移轉,04910002
RPTNMLTJKIKGFAA97DA,興泰段三小段,38.83,都市：其他:第三種住宅區。,1000000,30842,持分移轉,00760000
RPRNMLMJLHLGFCA37DA,吉林段三小段,3.13,都市：其他:第肆種商業區(依都市計畫說明書圖規定辦理，始得作第肆種商業區使用)(原屬第參種商業區)。,30000,43,持分移轉,09220000
RPTNMLTJKIKGFAA97DA,興泰段三小段,10.58,都市：其他:第二種住宅區。,1000000,30842,持分移轉,00760001
RPPNMLTJJIKGFCA67DA,中山段一小段,.33,都市：其他:第肆種商業區(依都市計畫說明書圖規定辦理，始得作第肆種商業區使用)(原屬第參種商業區)。,10000,8,持分移轉,00310000
RPWNMLNLKIKGFEA28DA,奇岩段一小段,3.94,都市：其他:第二種住宅區 但是否在道路用地(公共設施用地)(應依建築線或俟地籍測量分割後，再確定)。,10000,4,持分移轉,02860000
RPPNMLTJJIKGFCA67DA,中山段一小段,5.68,都市：其他:第肆種商業區(依都市計畫說明書圖規定辦理，始得作第肆種商業區使用)(原屬第參種商業區)。,10000,188,持分移轉,00430000
RPWNMLNLKIKGFEA28DA,奇岩段一小段,15.67,都市：其他:第三種住宅區。,10000,110,持分移轉,03170000
RPWNMLNLKIKGFEA28DA,奇岩段一小段,20.58,都市：其他:第二種住宅區。,10000,110,持分移轉,03250000
RPSOMLKMJHLGFBA37DA,華江段三小段,36.60,都市：其他:特定專用區(二)。,10,1,持分移轉,05200012
RPUOMLTJKHLGFCA38DA,正義段四小段,3.76,都市：其他:第三種商業區。,10000,115,持分移轉,03380000
RPUNMLKLJHLGFAA27DA,興泰段三小段,27.93,都市：其他:第三種住宅區。,10000,245,持分移轉,02960000
RPUNMLKLJHLGFAA27DA,興泰段三小段,.15,都市：其他:道路用地(公共設施用地)。60/10/12,10000,245,持分移轉,02970000
RPWNMLPJKHLGFBA97DA,橋北段二小段,20.69,都市：其他:第三種商業區(原屬第肆之壹種住宅區於七十九年九月十三日變更為第貳種商業區又於八十四年九月二十七日調整為第參種商業區(均應依前述都市計畫說明書圖規定辦理))。,10000,240,持分移轉,03580000
RPTPMLPJLHLGFDA18DA,延吉段一小段,.20,都市：其他:第參種商業區(依都市計畫說明書圖規定辦理，始得作第參種商業區使用)(原屬第貳種商業區)。,100000,193,持分移轉,02140000
RPTPMLPJLHLGFDA18DA,延吉段一小段,2.01,都市：其他:第參種商業區(依都市計畫說明書圖規定辦理，始得作第參種商業區使用)(原屬第貳種商業區)及第三種住宅區。,100000,193,持分移轉,02160000
RPTPMLPJLHLGFDA18DA,延吉段一小段,.16,都市：其他:第三種住宅區。,100000,193,持分移轉,02460000
RPWNMLKKJIKGFBA47DA,雙園段三小段,17.00,都市：其他:第三種住宅區。,4,1,持分移轉,08470001
RPUNMLLJKIKGFAA27DA,興隆段二小段,25.00,都市：其他:第壹種商業區(依都市計畫說明書圖規定辦理，始得作第壹種商業區使用)(原屬第參種住宅區)。,32,8,持分移轉,00850000
RPWNMLKKJIKGFBA47DA,雙園段三小段,15.75,都市：其他:第三種住宅區。,4,1,持分移轉,08470002
RPRNMLLJKIKGFAA96DA,南海段三小段,7.41,都市：其他:第參種商業區(依都市計畫說明書圖規定辦理，始得作第參種商業區使用)(原屬第貳種商業區)。,10000,203,持分移轉,06380000
RPVOMLRLJIKGFCA38DA,榮星段三小段,15.88,都市：其他:第參種商業區(依都市計畫說明書圖規定辦理，始得作第參種商業區使用)(原屬第參種住宅區及第參之貳種住宅區)。,10000,90,持分移轉,04320000
RPSNMLOJLHLGFCA67DA,德惠段三小段,21.03,都市：其他:第參種商業區(依都市計畫說明書圖規定辦理，始得作第參種商業區使用)(原屬第參種住宅區) 但是否在第三種商業區(原屬第參之貳種住宅區於七十九年九月十三日變更為第貳種商業區又於八十四年九月二十七日調整為第參種商業區(均應依前述都市計畫說明書圖規定辦理))。,10000,161,持分移轉,08830000
RPUNMLNJKIKGFCA67DA,榮星段五小段,28.00,都市：其他:第三種住宅區。,4,1,持分移轉,01800000
RPVOMLPJKIKGFCA08DA,東湖段七小段,34.10,都市：其他:第三種住宅區。,10000,166,持分移轉,05240000
RPVNMLTJKHLGFFA68DA,大安段一小段,14.68,都市：其他:敦化南北路特定專用區(B區)(依都市計畫說明書圖規定辦理)(原屬第參種住宅區及第參之貳種住宅區) 但是否在道路用地(公共設施用地)(應依建築線或俟地籍測量分割後，再確定)。,10000,158,持分移轉,00330000
RPUNMLRJJIKGFAA77DA,興安段二小段,24.21,都市：其他:第三種住宅區。,100000,252,持分移轉,05460000
RPPNMLSJKIKGFCA67DA,文德段二小段,10.36,都市：其他:第一種商業區。,10000,101,持分移轉,01290006
RPPNMLSJJIKGFEA77DA,天母段一小段,26.68,都市：其他:第三種住宅區。,10000,312,持分移轉,04000000
RPTNMLPJLHLGFBA87EA,直興段二小段,7.82,都市：其他:第肆種商業區(依都市計畫說明書圖規定辦理，始得作第肆種商業區使用)(原屬第參種商業區)。,100000,429,持分移轉,05290000
RPTNMLPJLHLGFBA87EA,直興段二小段,.30,都市：其他:第肆種商業區(依都市計畫說明書圖規定辦理，始得作第肆種商業區使用)(原屬第參種商業區)。,100000,429,持分移轉,05740000
RPSNMLSJKIKGFBA87DA,漢中段二小段,3.55,都市：其他:第四種商業區。,200000,1447,持分移轉,00470000
RPOOMLOKJIKGFCA27DA,正義段一小段,10.76,都市：其他:第肆種商業區(依都市計畫說明書圖規定辦理，始得作第肆種商業區使用)(原屬第參種住宅區)。,10000,269,持分移轉,00990000
RPVNMLRKJIKGFEA38DA,永平段四小段,35.75,都市：其他:第三種住宅區。,4,1,持分移轉,00230000
RPQNMLKKKIKGFDA17DA,福德段三小段,19.75,都市：其他:第三種住宅區。,4,1,持分移轉,05220000
RPUNMLNJKIKGFEA87DA,振興段二小段,222.50,都市：其他:綠地用地(公共設施用地)。51/7/14,4,2,持分移轉,01200000
RPUNMLNJKIKGFEA87DA,振興段二小段,220.50,都市：其他:道路用地(公共設施用地)。51/7/14,4,2,持分移轉,01500001
RPUNMLNJKIKGFEA87DA,振興段二小段,96.00,都市：其他:綠地用地(公共設施用地)。51/7/14,4,2,持分移轉,01790000
RPTOMLLMIIKGFCA57DA,長春段一小段,18.51,都市：其他:第三種住宅區。,74478,96,持分移轉,01740000
RPVOMLTLIIKGFCA48DA,德惠段四小段,5.93,都市：其他:第肆種商業區(依都市計畫說明書圖規定辦理，始得作第肆種商業區使用)(原屬第參種商業區)。,10000,64,持分移轉,04520000
RPSNMLTJKIKGFDA28EA,祥和段四小段,22.94,都市：其他:第三種住宅區。,16,1,持分移轉,02380000
RPTNMLSLJIKGFCA18DA,石潭段四小段,32.61,都市：其他:第三種住宅區。,10000,252,持分移轉,00740000
RPPNMLTJKIKGFDA87DA,永春段一小段,43.25,都市：其他:第三種住宅區。,4,1,持分移轉,07140000
RPWOMLOLJIKGFAA97DA,萬芳段三小段,26.25,都市：其他:第三種住宅區。,4,1,持分移轉,08820000
RPPNMLMJKIKGFAA86DA,興泰段三小段,19.50,都市：其他:第三種住宅區。,4,1,持分移轉,02310000
RPSNMLSKJIKGFAA77DA,永昌段一小段,19.01,都市：其他:第三之一種住宅區。,1000,66,持分移轉,00800000
RPRNMLTJKIKGFEA28EA,溫泉段二小段,4.00,都市：其他:第三種住宅區。,2,1,持分移轉,00300000
RPRNMLTJKIKGFEA28EA,溫泉段二小段,42.25,都市：其他:第三種住宅區。,4,1,持分移轉,00310000
RPVNMLPLJIKGFAA87DA,景美段五小段,23.61,都市：其他:第三種商業區。,10000,300,持分移轉,07790000
RPUNMLKMIIKGFAA27DA,木柵段一小段,19.74,都市：其他:第三種商業區。,100000,721,持分移轉,00350000
RPPNMLOLJIKGFBA27DA,福星段二小段,53.00,都市：其他:第四種商業區。,1,1,全筆移轉,03360000
RPPNMLOLJIKGFBA27DA,福星段二小段,42.00,都市：其他:第四種商業區。,1,1,全筆移轉,03370000
RPQOMLSLIIKGFDA08EA,向陽段,23.24,都市：其他:住宅區(住商混合使用)。,20000,489,持分移轉,00250004
RPXNMLRKJIKGFBA28DA,福星段一小段,11.08,都市：其他:第肆種商業區(依都市計畫說明書圖規定辦理，始得作第肆種商業區使用)(原屬第參種商業區)。,10000,136,持分移轉,02820000
RPUQMLTLIIKGFDA68DA,信義段三小段,8.07,都市：其他:特定業務區(信義計畫特定專用區)。,100000,262,持分移轉,00360008
RPXNMLOLJIKGFDA28DA,延吉段一小段,55.17,都市：其他:第三種住宅區。,5000,153,持分移轉,03210000
RPWOMLLKJIKGFAA57DA,福和段二小段,28.09,都市：其他:第三種住宅區。,544638,2790,持分移轉,00600000
RPRNMLSJKIKGFEA08DA,桃源段四小段,.15,都市：其他:第三種住宅區。,100000,10,持分移轉,01590000
RPOOMLSJKIKGFEA87DA,豐年段三小段,384.50,都市：其他:農業區。,14,1,持分移轉,03180000
RPOOMLKKKIKGFBA86DA,城中段三小段,12.12,都市：其他:第四種商業區。,10000,92,持分移轉,01190000
RPQNMLKKKIKGFCA17EA,西湖段四小段,55.67,都市：其他:科技工業區(A區)(不得作住宅使用)。,10000,166,持分移轉,01260000
RPROMLSLIIKGFDA18EA,美仁段一小段,38.00,都市：其他:第三種住宅區。,4,1,持分移轉,01810000
RPUNMLTJKIKGFDA48EA,民生段,65.75,都市：其他:住宅用地(民生社區特定專用區)。,4,1,持分移轉,01020017
RPXNMLKMIIKGFDA87DA,犂和段二小段,22.04,都市：其他:第三種住宅區。,10000,384,持分移轉,06370000
RPUOMLSLIIKGFDA48EA,向陽段,45.90,都市：其他:住宅區(住商混合使用)。,100000,2781,持分移轉,00190006
RPTNMLSJKIKGFFA38DA,懷生段二小段,9.15,都市：其他:第三種住宅區。,996430,700,持分移轉,02220000
RPTNMLSJKIKGFFA38DA,懷生段二小段,6.98,都市：其他:第參種商業區(依都市計畫說明書圖規定辦理，始得作第參種商業區使用)(原屬第貳種商業區)。,996430,700,持分移轉,02220007
RPPNMLKKKIKGFEA27EA,福順段二小段,.34,都市：其他:第三種住宅區。,10000,52,持分移轉,00030000
RPPNMLKKKIKGFEA27EA,福順段二小段,4.64,都市：其他:第三之二種住宅區。,10000,52,持分移轉,00030001
RPVNMLQLJIKGFBA08DA,漢中段三小段,5.72,都市：其他:第四種商業區。,100000,154,持分移轉,08160000
RPSNMLOLJIKGFAA47DA,實踐段三小段,3.80,都市：其他:第三種住宅區。,100,2,持分移轉,00480000
RPSNMLOLJIKGFAA47DA,實踐段三小段,22.62,都市：其他:第三種住宅區。,100,2,持分移轉,00490000
RPPNMLLJKIKGFBA86DA,大同段一小段,24.02,都市：其他:第四種住宅區。,5000,149,持分移轉,07410003
RPPNMLLJKIKGFBA86DA,大同段一小段,12.31,都市：其他:第四種住宅區。,5000,149,持分移轉,07410006
RPOOMLRKIIKGFDA57DA,新光段二小段,1.70,都市：其他:道路用地(公共設施用地)。61/2/7,68040,2520,持分移轉,01920001
RPOOMLRKIIKGFDA57DA,新光段二小段,.84,都市：其他:道路用地(公共設施用地)(供護坡使用)。92/10/8,68040,1260,持分移轉,01980004
RPOOMLRKIIKGFDA57DA,新光段二小段,.02,都市：其他:道路用地(公共設施用地)。92/10/8,68040,1260,持分移轉,01980005
RPPNMLSKJIKGFFA97DA,學府段二小段,29.50,都市：其他:第三種住宅區。,4,1,持分移轉,04810000
RPPNMLSKJIKGFFA97DA,學府段二小段,1.25,都市：其他:道路用地(公共設施用地)。60/7/13,4,1,持分移轉,04820000
RPPNMLLKKIKGFEA37EA,福順段二小段,15.53,都市：其他:第三種住宅區。,2000,109,持分移轉,03310000
RPSNMLKMIIKGFAA07DA,實踐段一小段,.16,都市：其他:道路用地(公共設施用地)。61/2/7,1200,191,持分移轉,04970007
RPUNMLLKKIKGFDA77EA,犂和段四小段,23.90,都市：其他:第三種住宅區。,40,2,持分移轉,00140000
RPTNMLKKKIKGFDA47DA,信義段二小段,42.50,都市：其他:第三種住宅區。,4,1,持分移轉,01750000
RPUNMLPJJIKGFDA87DA,民生段,23.84,都市：其他:住宅用地(民生社區特定專用區)。,400000,7734,持分移轉,01150006
RPSNMLLJKIKGFEA47DA,天母段一小段,43.45,都市：其他:第三種住宅區。,100000,1927,持分移轉,04560000
RPPNMLRKJIKGFAA37DA,興安段二小段,27.50,都市：其他:第三種住宅區。,4,1,持分移轉,04780000
RPPOMLKMIIKGFCA07DA,中山段三小段,6.59,都市：其他:第肆種商業區(依都市計畫說明書圖規定辦理，始得作第肆種商業區使用)(原屬第參種商業區)。,10000,153,持分移轉,00630000
RPXNMLNKJIKGFCA97DA,德惠段二小段,50.88,都市：其他:第三之二種住宅區。,10000,1325,持分移轉,00070000
RPUNMLTJKIKGFBA18DA,華江段三小段,3.51,都市：其他:道路用地(公共設施用地)。62/8/29,10000,51,持分移轉,05190000
RPUNMLTJKIKGFBA18DA,華江段三小段,.01,都市：其他:特定專用區(二)。,10000,51,持分移轉,05190001
RPUNMLTJKIKGFBA18DA,華江段三小段,1.85,都市：其他:特定專用區(二)。,10000,51,持分移轉,05200002
RPUNMLTJKIKGFBA18DA,華江段三小段,.18,都市：其他:道路用地(公共設施用地)。62/8/29,10000,51,持分移轉,05420000
RPUNMLTJKIKGFBA18DA,華江段三小段,35.70,都市：其他:特定專用區(二)。,10,1,持分移轉,05420003
RPUNMLTJKIKGFBA18DA,華江段三小段,1.10,都市：其他:道路用地(公共設施用地)。62/8/29,10000,51,持分移轉,05420009
RPQNMLMKKIKGFAA07DA,萬隆段二小段,27.46,都市：其他:住宅區(專案國宅用地)。,850000,1850,持分移轉,03820000
RPTNMLLKKIKGFBA37DA,玉泉段二小段,.11,都市：其他:第三種商業區。,10000,4,持分移轉,03450000
RPTNMLLKKIKGFBA37DA,玉泉段二小段,.01,都市：其他:第三種商業區。,10000,4,持分移轉,03460000
RPTNMLLKKIKGFBA37DA,玉泉段二小段,.01,都市：其他:第三種商業區。,10000,4,持分移轉,03470000
RPWNMLOJJIKGFCA87DA,西湖段二小段,52.80,都市：其他:第三種住宅區。,100000,1566,持分移轉,03460000
RPTNMLLKKIKGFBA37DA,玉泉段二小段,.12,都市：其他:第三種商業區。,10000,4,持分移轉,03480000
RPTNMLLKKIKGFBA37DA,玉泉段二小段,.03,都市：其他:第三種商業區。,20000,81,持分移轉,03510000
RPTNMLLKKIKGFBA37DA,玉泉段二小段,.38,都市：其他:第三種商業區。,20000,81,持分移轉,03520000
RPVPMLLJKIKGFCA77DA,榮星段五小段,26.75,都市：其他:第三種住宅區。,16,4,持分移轉,05930000
RPOOMLNKJIKGFCA17DA,中山段一小段,38.00,都市：其他:第肆種商業區(依都市計畫說明書圖規定辦理，始得作第肆種商業區使用)(原屬第參種商業區)。,4,1,持分移轉,09440000
RPVNMLKKKIKGFCA57DA,康寧段二小段,15.48,都市：其他:第三種住宅區。,100000,190,持分移轉,02910000
RPSNMLRKJIKGFAA67DA,永昌段三小段,18.20,都市：其他:第三種住宅區。,100000,3395,持分移轉,02920000
RPUNMLOKJIKGFAA57DA,河堤段二小段,5.83,都市：其他:第參種商業區(依都市計畫說明書圖規定辦理，始得作第參種商業區使用)(原屬第貳種商業區)。,10000,118,持分移轉,02130000
RPTOMLKKKIKGFDA57DA,福德段二小段,5.75,都市：其他:道路用地(公共設施用地)。51/9/1,40,10,持分移轉,07920000
RPWOMLLJKIKGFDA87DA,延吉段一小段,.85,都市：其他:第參種商業區(依都市計畫說明書圖規定辦理，始得作第參種商業區使用)(原屬第貳種商業區)。,10000,50,持分移轉,04060000
RPTOMLKKKIKGFDA57DA,福德段二小段,29.75,都市：其他:第三種住宅區。,40,10,持分移轉,07930000
RPQNMLTJKIKGFDA97DA,永春段二小段,30.50,都市：其他:第三種住宅區。,4,1,持分移轉,01380000
RPWOMLLJKIKGFDA87DA,延吉段一小段,17.10,都市：其他:第三種住宅區。,10000,50,持分移轉,04060001
RPQNMLTJKIKGFDA97DA,永春段二小段,6.25,都市：其他:道路用地(公共設施用地)。51/9/1,4,1,持分移轉,01390000
RPWNMLLKKIKGFBA67DA,延平段一小段,25.82,都市：其他:第三種商業區。,40,1,持分移轉,01000000
RPRNMLMKRHKGFBA97EA,圓環段一小段,4.74,都市：其他:第四種住宅區 但是否在第三種商業區(應依建築線或俟地籍測量分割後，再確定)。,10000,52,持分移轉,03280000
RPRNMLMKRHKGFBA97EA,圓環段一小段,.13,都市：其他:第三種商業區。,1300,21,持分移轉,03380000
RPRNMLMKRHKGFBA97EA,圓環段一小段,.02,都市：其他:第三種商業區。,2000,36,持分移轉,03390000
RPRNMLMKRHKGFBA97EA,圓環段一小段,.02,都市：其他:第三種商業區。,6000,4,持分移轉,03400000
RPRNMLMKRHKGFBA97EA,圓環段一小段,19.97,都市：其他:第三種商業區。,10000,170,持分移轉,03410000
RPRNMLMKRHKGFBA97EA,圓環段一小段,.18,都市：其他:第三種商業區。,2000,36,持分移轉,03420000
RPRNMLMKRHKGFBA97EA,圓環段一小段,.02,都市：其他:第三種商業區。,2000,36,持分移轉,03430000
RPQOMLLKJIKGFCA17DA,文德段二小段,15.31,都市：其他:第三之一種住宅區 但是否在第三種住宅區(應依建築線或俟地籍測量分割後，再確定)。,10000,54,持分移轉,03390000
RPPNMLMKKIKGFCA27EA,潭美段三小段,19.70,都市：其他:第參種工業區(不得作住宅使用)。,200000,674,持分移轉,05420000
RPPNMLLKKIKGFFA47EA,金華段三小段,9.42,都市：其他:道路用地(公共設施用地)。62/6/22,12,1,持分移轉,05370000
RPPNMLLKKIKGFFA47EA,金華段三小段,34.50,都市：其他:第三種住宅區。,12,1,持分移轉,05370001
RPQNMLMLJIKGFDA37DA,雅祥段四小段,7.49,都市：其他:第三種住宅區。,10000,181,持分移轉,00290000
RPPNMLLKKIKGFFA47EA,金華段三小段,2.17,都市：其他:道路用地(公共設施用地)。62/6/22,12,1,持分移轉,05370002
RPPNMLLKKIKGFFA47EA,金華段三小段,.42,都市：其他:第三種住宅區。,12,1,持分移轉,05370003
RPQNMLMLJIKGFDA37DA,雅祥段四小段,11.49,都市：其他:第二種商業區。,10000,181,持分移轉,00310000
RPQNMLMLJIKGFDA37DA,雅祥段四小段,.02,都市：其他:第二種商業區。,10000,181,持分移轉,00350001
RPPOMLNKJIKGFAA07DA,永昌段二小段,23.75,都市：其他:第三之一種住宅區。,4,1,持分移轉,00210000
RPXNMLSLJIKGFAA38DA,河堤段二小段,4.05,都市：其他:第參種商業區(依都市計畫說明書圖規定辦理，始得作第參種商業區使用)(原屬第貳種商業區)。,5000,41,持分移轉,02130000
RPQNMLMKKIKGFBA17DA,漢中段二小段,55.00,都市：其他:第四種商業區。,1,1,全筆移轉,02510000
RPWOMLLKKIKGFDA97DA,雅祥段四小段,13.35,都市：其他:第二種商業區及第三種住宅區 但是否在道路用地(公共設施用地)(應依建築線或俟地籍測量分割後，再確定)。,10000,61,持分移轉,04760000
RPPPMLOKJIKGFCA47DA,東湖段三小段,14.08,都市：其他:第三種住宅區。,10000,89,持分移轉,00070007
RPOOMLSJKIKGFAA47DA,興安段一小段,15.58,都市：其他:第三種住宅區。,100000,1230,持分移轉,00250000
RPVNMLNJKIKGFBA67DA,福星段二小段,116.33,都市：其他:第四種商業區。,5982388,160875,持分移轉,05510000
RPUNMLKLJIKGFFA77DA,復興段二小段,9.27,都市：其他:敦化南北路特定專用區(A區)(依都市計畫說明書圖規定辦理)(原屬第肆種住宅區)。,10000,216,持分移轉,03410000
RPUNMLKLJIKGFFA77DA,復興段二小段,21.43,都市：其他:敦化南北路特定專用區(A區)(依都市計畫說明書圖規定辦理)(原屬第肆之壹種住宅區)。,10000,216,持分移轉,03410001
RPUNMLKLJIKGFFA77DA,復興段二小段,.09,都市：其他:道路用地(公共設施用地)。48/3/13,10000,216,持分移轉,03410002
RPXPMLLJKIKGFCA97DA,東湖段七小段,28.95,都市：其他:第三種住宅區。,240000,4920,持分移轉,02820000
RPQNMLKLJIKGFCA07DA,長春段一小段,6.89,都市：其他:第二種商業區。,20000,313,持分移轉,02380000
RPQNMLKLJIKGFCA07DA,長春段一小段,.56,都市：其他:第貳種商業區(依都市計畫說明書圖規定辦理，始得作第貳種商業區使用)(原屬第參種住宅區)。,20000,313,持分移轉,02380001
RPQNMLKLJIKGFCA07DA,長春段一小段,.03,都市：其他:第二種商業區。,20000,313,持分移轉,02380002
RPXNMLMKKIKGFCA97DA,文德段二小段,27.23,都市：其他:第三種住宅區。,20000,160,持分移轉,02200000
RPXNMLSJKIKGFDA58DA,永春段三小段,29.20,都市：其他:第三種住宅區。,5,1,持分移轉,05120000
RPSNMLKKKIKGFDA37DA,西松段一小段,17.20,都市：其他:第參種商業區(依都市計畫說明書圖規定辦理，始得作第參種商業區使用)(原屬第參種住宅區及第貳種商業區)。,28550,172,持分移轉,06090000
RPSNMLPLJIKGFDA87DA,信義段一小段,39.82,都市：其他:第三種住宅區。,10000,37,持分移轉,02690004
RPQNMLMKKIKGFBA27EA,玉泉段一小段,6.82,都市：其他:第三種商業區。,100000,352,持分移轉,08740000
RPPNMLMKKIKGFBA17EA,玉泉段一小段,8.06,都市：其他:第三種商業區。,100000,416,持分移轉,08740000
RPTNMLKLJIKGFEA57DA,大業段三小段,31.37,都市：其他:第三種住宅區。,10000,471,持分移轉,04410000
RPQNMLQKKIKGFDA87EA,永春段一小段,21.17,都市：其他:第三種住宅區。,12,1,持分移轉,03680000
RPRNMLMKKIKGFCA47EA,吉林段四小段,.48,都市：其他:第三之二種住宅區。,40000,248,持分移轉,03140000
RPRNMLMKKIKGFCA47EA,吉林段四小段,9.19,都市：其他:第三之二種住宅區。,40000,248,持分移轉,03150000
RPPNMLPKKIKGFEA77EA,文林段一小段,50.00,都市：其他:第三種住宅區。,3,1,持分移轉,02880000
RPSNMLPKKIKGFEA08EA,文林段四小段,10.96,都市：其他:第三種住宅區。,5000,412,持分移轉,02350000
RPRNMLQKKIKGFEA08EA,溪山段一小段,244.38,都市：其他:陽明山國家公園區(請逕向陽明山國家公園管理處申請)。,1,1,全筆移轉,05380001
RPRNMLQKKIKGFEA08EA,溪山段一小段,179.95,都市：其他:陽明山國家公園區(請逕向陽明山國家公園管理處申請)。,1,1,全筆移轉,05400000
RPRNMLQKKIKGFEA08EA,溪山段一小段,3.88,都市：其他:陽明山國家公園區(請逕向陽明山國家公園管理處申請)。,1,1,全筆移轉,05500001
RPRNMLQKKIKGFEA08EA,溪山段一小段,5.39,都市：其他:陽明山國家公園區(請逕向陽明山國家公園管理處申請)。,1,1,全筆移轉,05500002
RPRNMLQKKIKGFEA08EA,溪山段一小段,38.97,都市：其他:陽明山國家公園區(請逕向陽明山國家公園管理處申請)。,1,1,全筆移轉,05500004
RPRNMLQKKIKGFEA08EA,溪山段一小段,2.03,都市：其他:陽明山國家公園區(請逕向陽明山國家公園管理處申請)。,1,1,全筆移轉,05500009
RPRNMLQKKIKGFEA08EA,溪山段一小段,55.17,都市：其他:陽明山國家公園區(請逕向陽明山國家公園管理處申請)。,1,1,全筆移轉,05500013
RPRNMLQKKIKGFEA08EA,溪山段一小段,1.40,都市：其他:陽明山國家公園區(請逕向陽明山國家公園管理處申請)。,1,1,全筆移轉,05500014
RPRNMLQKKIKGFEA08EA,溪山段一小段,2.82,都市：其他:陽明山國家公園區(請逕向陽明山國家公園管理處申請)。,1,1,全筆移轉,05520002
RPTNMLRKJIKGFCA97DA,文德段三小段,8.18,都市：其他:第三之一種住宅區。,10000,42,持分移轉,00250002
RPTNMLRKJIKGFCA97DA,文德段三小段,11.50,都市：其他:第三種住宅區。,10000,42,持分移轉,00780000
RPWNMLLKKIKGFFA08DA,大安段三小段,7.69,都市：其他:第三種住宅區。,10000,70,持分移轉,00650000
RPQNMLSJKIKGFAA57DA,實踐段二小段,35.01,都市：其他:第三種住宅區。,10000,123,持分移轉,00950000
RPWNMLSKJIKGFDA48DA,逸仙段三小段,15.50,都市：其他:第參種商業區(依都市計畫說明書圖規定辦理，始得作第參種商業區使用)(國父紀念館特定專用區原屬商業用地)。,1000,54,持分移轉,00060000
RPWNMLSKJIKGFDA48DA,逸仙段三小段,23.06,都市：其他:第四之一種住宅區(特)。,1000,54,持分移轉,00290000
RPTNMLOJKIKGFAA47DA,景美段四小段,7.40,都市：其他:第三種住宅區。,10000,24,持分移轉,00700000
RPOOMLNJKIKGFBA07DA,青年段一小段,3.75,都市：其他:道路用地(公共設施用地)。63/1/3,4,1,持分移轉,04010000
RPOOMLNJKIKGFBA07DA,青年段一小段,13.50,都市：其他:第三種住宅區。,4,1,持分移轉,04020000
RPUNMLPKKIKGFBA87DA,雙園段一小段,27.25,都市：其他:第三種住宅區。,4,1,持分移轉,04920000
RPTVMLPLJIKGFEA88DA,天母段四小段,25.35,都市：其他:第二種住宅區。,10000,45,持分移轉,00430000
RPTNMLPJKIKGFBA67DA,圓環段三小段,5.58,都市：其他:第三種商業區。,10000,410,持分移轉,06180000
RPRNMLOJKIKGFFA77DA,仁愛段三小段,9.21,都市：其他:第四種住宅區。,100000,3488,持分移轉,04050000
RPSNMLPKKIKGFCA87EA,西湖段二小段,1.59,都市：其他:第貳種工業區(不得作住宅使用)。,16560,480,持分移轉,02610000
RPRNMLPJKIKGFFA87DA,仁愛段二小段,24.56,都市：其他:第四種住宅區。,681000,46200,持分移轉,05840000
RPPNMLLKIIKGFEA07DA,振興段一小段,10.98,都市：其他:第三種住宅區。,10000,322,持分移轉,03910000
RPPOMLSJKIKGFDA97EA,福德段二小段,6.00,都市：其他:道路用地(公共設施用地)。51/9/1,4,1,持分移轉,05450000
RPPNMLPJKIKGFBA27DA,大龍段三小段,8.90,都市：其他:第參種商業區(依都市計畫說明書圖規定辦理，始得作第參種商業區使用)(原屬第肆之壹種住宅區容積率依都市計畫書規定辦理)。,100000,1957,持分移轉,03150000
RPSNMLOJKIKGFBA47DA,臨沂段三小段,46.67,都市：其他:第三種住宅區。,10000,1802,持分移轉,03310000
RPPOMLSJKIKGFDA97EA,福德段二小段,27.25,都市：其他:第三種住宅區。,4,1,持分移轉,05460000
RPVNMLMKJIKGFDA77DA,經貿段,49.71,都市：其他:住宅區(供商務住宅使用)。,50000,550,持分移轉,00250000
RPQPMLKLIIKGFCA17DA,吉林段二小段,35.37,都市：其他:第貳種商業區(依都市計畫說明書圖規定辦理，始得作第貳種商業區使用)(原屬第參種住宅區)。,10000,362,持分移轉,06730000
RPQPMLKLIIKGFCA17DA,吉林段二小段,5.23,都市：其他:第三種住宅區。,10000,362,持分移轉,06790000
RPQNMLQKKIKGFEA97EA,新民段四小段,.09,都市：其他:特定休閒旅館住宅專用區。,10000,74,持分移轉,02030000
RPQNMLQKKIKGFEA97EA,新民段四小段,13.40,都市：其他:特定休閒旅館住宅專用區。,10000,74,持分移轉,02040000
RPROMLOKJIKGFCA57DA,東湖段一小段,16.47,都市：其他:第三種住宅區。,10000,235,持分移轉,00180006
RPPNMLTKIIKGFAA47DA,木柵段一小段,16.01,都市：其他:第三種住宅區。,10000,209,持分移轉,06730000
RPSNMLQKKIKGFEA18EA,振興段二小段,11.52,都市：其他:第參種商業區(依都市計畫說明書圖規定辦理，始得作第參種商業區使用)(原屬第參種住宅區)及第三種住宅區。,10000,60,持分移轉,00020000
RPPNMLKKKIKGFFA37EA,通化段四小段,9.49,都市：其他:第參種商業區(依都市計畫說明書圖規定辦理，始得作第參種商業區使用)(原屬第貳種商業區)。,10000,188,持分移轉,00130000
RPRNMLQLJIKGFCA87EA,文德段五小段,852.98,都市：其他:科技工業區(A區)(不得作住宅使用)。,1,1,全筆移轉,02240001
RPRNMLQLJIKGFCA87EA,文德段五小段,2297.86,都市：其他:科技工業區(A區)(不得作住宅使用)。,1,1,全筆移轉,02260000
RPRNMLLKKIKGFBA17DA,莒光段三小段,27.71,都市：其他:第三種住宅區。,10000,245,持分移轉,04170000
RPRNMLQKKIKGFBA67DA,大同段一小段,21.73,都市：其他:第貳種商業區(依都市計畫說明書圖規定辦理，始得作第貳種商業區使用)(原屬第肆種住宅區)。,10000,503,持分移轉,05540000
RPPOMLSKJIKGFEA97DA,天山段二小段,24.79,都市：其他:第二種住宅區。,10000,115,持分移轉,00250000
RPRNMLQKKIKGFDA97EA,雅祥段四小段,2.22,都市：其他:第二種商業區。,100000,141,持分移轉,02760000
RPRNMLQKKIKGFDA97EA,雅祥段四小段,.93,都市：其他:第三種住宅區。,100000,141,持分移轉,02830000
RPVNMLLKKIKGFEA87DA,三合段,44.13,都市：其他:第三種住宅區。,10000,220,持分移轉,00250000
RPVNMLQKKIKGFCA18DA,中山段一小段,8.90,都市：其他:第肆種商業區(依都市計畫說明書圖規定辦理，始得作第肆種商業區使用)(原屬第參種商業區)。,2400000,13320,持分移轉,09750000
RPWNMLQKKIKGFFA58DA,學府段一小段,1.02,都市：其他:敦化南北路特定專用區(B區)(依都市計畫說明書圖規定辦理)(原屬第參之貳種住宅區)。,10000,185,持分移轉,02790000
RPPNMLRKKIKGFBA67EA,橋北段三小段,80.00,都市：其他:第三之一種住宅區。,1,1,全筆移轉,09020000
RPWNMLQKKIKGFFA58DA,學府段一小段,2.40,都市：其他:敦化南北路特定專用區(B區)(依都市計畫說明書圖規定辦理)(原屬第參種住宅區)。,10000,185,持分移轉,02790002
RPWNMLQKKIKGFFA58DA,學府段一小段,8.82,都市：其他:敦化南北路特定專用區(B區)(依都市計畫說明書圖規定辦理)(原屬第參之壹種住宅區)。,10000,185,持分移轉,02790003
RPSNMLKKKIKGFCA37EA,文德段三小段,2.24,都市：其他:第三種住宅區。,63468,291,持分移轉,04430001
RPSNMLKKKIKGFCA37EA,文德段二小段,34.84,都市：其他:第三種住宅區。,63468,291,持分移轉,05210000
RPTNMLPKKIKGFCA97EA,西湖段二小段,46.77,都市：其他:第三種住宅區。,400,53,持分移轉,01540002
RPSNMLNLJIKGFCA57DA,長春段二小段,2.17,都市：其他:第三種住宅區。,20000,20,持分移轉,07920000
RPPNMLRKKIKGFFA08EA,懷生段一小段,16.39,都市：其他:第三種住宅區。,10000,345,持分移轉,03490000
RPOSMLPKIIKGFAA47DA,華興段一小段,25.13,都市：其他:第三種住宅區。,10000,426,持分移轉,04670000
RPSOMLNJJIKGFBA37DA,青年段一小段,53.48,都市：其他:第三種住宅區。,5000,21,持分移轉,00860000
RPWNMLNJJIKGFCA77DA,中山段一小段,19.11,都市：其他:第肆種商業區(依都市計畫說明書圖規定辦理，始得作第肆種商業區使用)(原屬第參種商業區)。,100000,1061,持分移轉,04080000
RPXOMLOLJIKGFAA08DA,南海段五小段,44.38,都市：其他:第三種住宅區。,10000,1727,持分移轉,05720000
RPVNMLQKKIKGFBA08DA,青年段一小段,22.50,都市：其他:第三種住宅區。,90000,50,持分移轉,00880000
RPWNMLOLJIKGFCA08DA,東湖段六小段,17.88,都市：其他:第三種住宅區。,1000000,5789,持分移轉,02540000
RPRNMLNKJIKGFCA37DA,文德段五小段,12.05,都市：其他:科技工業區(A區)(不得作住宅使用)。,10000,69,持分移轉,01490000
RPSOMLRKJIKGFCA97DA,東湖段七小段,20.03,都市：其他:第三種住宅區。,20000,386,持分移轉,01650000
RPPNMLSKKIKGFCA77DA,碧湖段三小段,27.13,都市：其他:第三種住宅區。,10000,48,持分移轉,04020000
RPPNMLSKKIKGFCA77DA,碧湖段三小段,.02,都市：其他:第三種住宅區。,10000,48,持分移轉,04130002
RPWOMLRLJIKGFCA48DA,榮星段三小段,19.59,都市：其他:第參種商業區(依都市計畫說明書圖規定辦理，始得作第參種商業區使用)(原屬第參種住宅區及第參之貳種住宅區)。,10000,111,持分移轉,04320000
RPOPMLSLJIKGFDA97DA,三興段一小段,28.09,都市：其他:第三種住宅區。,10000,527,持分移轉,08190000
RPQNMLTKKIKGFDA18EA,敦化段一小段,43.75,都市：其他:道路用地(公共設施用地)。48/3/13,4,1,持分移轉,06000000
RPQOMLKLJIKGFAA96DA,木柵段一小段,26.05,都市：其他:第三種住宅區。,10000,90,持分移轉,06310000
RPRNMLRKKIKGFBA77DA,雙連段三小段,7.96,都市：其他:第三種商業區。,10000,129,持分移轉,08470000
RPWNMLOKJIKGFAA77DA,南海段二小段,1.39,都市：其他:第參種商業區(依都市計畫說明書圖規定辦理，始得作第參種商業區使用)(原屬第肆種住宅區)。,10000,146,持分移轉,01720000
RPRNMLRKKIKGFBA87EA,莒光段二小段,18.20,都市：其他:第參種商業區(依都市計畫說明書圖規定辦理，始得作第參種商業區使用)(原屬第參種住宅區)。,5,1,持分移轉,05060000
RPWNMLOKJIKGFAA77DA,南海段二小段,6.80,都市：其他:第參種商業區(依都市計畫說明書圖規定辦理，始得作第參種商業區使用)(原屬第貳種商業區)。,10000,146,持分移轉,02050000
RPRNMLRKKIKGFBA87EA,莒光段二小段,8.00,都市：其他:第參種商業區(依都市計畫說明書圖規定辦理，始得作第參種商業區使用)(原屬第參種住宅區)。,5,1,持分移轉,05070000
RPTNMLQKKIKGFCA97DA,石潭段四小段,30.78,都市：其他:第三種住宅區。,100000,737,持分移轉,00680000
RPWNMLQLJIKGFDA38DA,美仁段一小段,27.26,都市：其他:第三種住宅區。,863000,1897,持分移轉,00020001
RPWNMLQLJIKGFDA38DA,美仁段一小段,.92,都市：其他:第三種住宅區。,75000,53,持分移轉,00180005
RPXNMLLMIIKGFEA08DA,大業段二小段,14.50,都市：其他:第三種住宅區。,100000,507,持分移轉,08740000
RPSNMLTKKIKGFBA08DA,圓環段三小段,4.01,都市：其他:第三種商業區。,10000,23,持分移轉,04610000
RPTNMLTKKIKGFCA28DA,正義段一小段,6.12,都市：其他:第肆種商業區(依都市計畫說明書圖規定辦理，始得作第肆種商業區使用)(原屬第參之貳種住宅區) 但是否在道路用地(公共設施用地)(應依建築線或俟地籍測量分割後，再確定)。,10000,96,持分移轉,01840000
RPPNMLPKKIKGFBA37DA,大同段二小段,10.15,都市：其他:第參種商業區(依都市計畫說明書圖規定辦理，始得作第參種商業區使用)(原屬第肆種住宅區)。,10000,141,持分移轉,00040000
RPPNMLPKKIKGFBA37DA,大同段二小段,10.46,都市：其他:第參種商業區(依都市計畫說明書圖規定辦理，始得作第參種商業區使用)(原屬第肆之壹種住宅區)。,10000,141,持分移轉,00090000
RPPNMLTKKIKGFFA28EA,仁愛段二小段,36.34,都市：其他:道路用地(公共設施用地)。61/3/27,200,158,持分移轉,01330000
RPQOMLNJJIKGFFA57DA,龍泉段一小段,8.88,都市：其他:第三種住宅區。,10000,759,持分移轉,10360000
RPQOMLNJJIKGFFA57DA,龍泉段一小段,1.44,都市：其他:道路用地(公共設施用地)。44/7/5,10000,759,持分移轉,10370000
RPPNMLRKKIKGFEA87DA,行義段三小段,67.64,都市：其他:第三種住宅區。,10000,179,持分移轉,02280000
RPOPMLTLIIKGFCA87DA,潭美段五小段,7.86,都市：其他:辦公服務區(一)(不得作住宅使用)。,100000,1262,持分移轉,00250000
RPOPMLTLIIKGFCA87DA,潭美段五小段,32.12,都市：其他:辦公服務區(一)(不得作住宅使用)。,100000,1262,持分移轉,00250001
RPQOMLRKKIKGFAA67DA,實踐段一小段,25.73,都市：其他:第三種住宅區。,10000,701,持分移轉,01200000
RPUNMLRLJIKGFCA18DA,德惠段四小段,10.74,都市：其他:第肆種商業區(依都市計畫說明書圖規定辦理，始得作第肆種商業區使用)(原屬第參種商業區)。,10000,97,持分移轉,05770000
RPSNMLOKJIKGFAA37DA,興泰段二小段,9.89,都市：其他:第三種住宅區。,10000,33,持分移轉,02240000
RPQNMLKKKIKGFBA96DA,萬華段一小段,1.18,都市：其他:第三種商業區 但是否在道路用地(公共設施用地)(應依建築線或俟地籍測量分割後，再確定)。,10000,97,持分移轉,02810000
RPQNMLKKKIKGFBA96DA,萬華段一小段,2.49,都市：其他:第三種商業區。,10000,97,持分移轉,02810001
RPUNMLLLJIKGFDA67DA,虎林段四小段,25.01,都市：其他:第三種住宅區。,10000,977,持分移轉,07190000
RPQOMLSKKIKGFCA97DA,長春段一小段,18.32,都市：其他:第三種住宅區。,74478,95,持分移轉,01740000
RPSOMLMLKIKGFEA87DA,立農段五小段,24.94,都市：其他:第三種住宅區。,10000,241,持分移轉,03100000
RPPNMLMLKIKGFCA37EA,榮星段七小段,19.00,都市：其他:第三種住宅區。,10,1,持分移轉,00110001
RPPNMLMLKIKGFCA37EA,榮星段七小段,2.60,都市：其他:第三種住宅區。,10,1,持分移轉,00110021
RPVNMLQKKIKGFDA38EA,逸仙段三小段,1.16,都市：其他:第參種商業區(依都市計畫說明書圖規定辦理，始得作第參種商業區使用)(原屬第貳種商業區)及第參種商業區(依都市計畫說明書圖規定辦理，始得作第參種商業區使用)(原屬商業用地國父紀念館特定專用區)。,98030,30,持分移轉,00320000
RPVNMLQKKIKGFDA38EA,逸仙段三小段,.06,都市：其他:第四種住宅區(特)及第四之一種住宅區(特)。,98030,30,持分移轉,00320005
RPVNMLQKKIKGFDA38EA,逸仙段三小段,.40,都市：其他:第四種住宅區(特)及第四種住宅區。,98030,30,持分移轉,00440000
RPPNMLSJJIKGFFA87DA,復興段一小段,5.48,都市：其他:敦化南北路特定專用區(A區)(依都市計畫說明書圖規定辦理)(原屬第肆種住宅區)。,1000000,9794,持分移轉,00030000
RPPNMLSJJIKGFFA87DA,復興段一小段,15.66,都市：其他:敦化南北路特定專用區(A區)(依都市計畫說明書圖規定辦理)(原屬第肆之壹種住宅區)。,1000000,9794,持分移轉,00030002
RPSQMLMKJIKGFAA47DA,政大段一小段,71.85,都市：其他:第二種住宅區。,10000,186,持分移轉,00410000
RPPNMLSKKIKGFFA08DA,瑞安段二小段,10.19,都市：其他:第三種住宅區。,10000,89,持分移轉,01000000
RPSNMLTKJIKGFBA97DA,龍山段一小段,10.08,都市：其他:第三種商業區。,51400,1008,持分移轉,00680000
RPQNMLTKKIKGFBA97EA,大龍段一小段,22.75,都市：其他:第三種住宅區。,4,1,持分移轉,05680000
RPTNMLMLKIKGFAA47DA,河堤段二小段,.28,都市：其他:第參種商業區(依都市計畫說明書圖規定辦理，始得作第參種商業區使用)(原屬第貳種商業區)。,30000,100,持分移轉,04160000
RPTNMLMLKIKGFAA47DA,河堤段二小段,9.21,都市：其他:第參種商業區(依都市計畫說明書圖規定辦理，始得作第參種商業區使用)(原屬第貳種商業區)。,10000,1212,持分移轉,04170000
RPTNMLMLKIKGFAA47DA,河堤段二小段,.28,都市：其他:第參種商業區(依都市計畫說明書圖規定辦理，始得作第參種商業區使用)(原屬第貳種商業區)。,30000,100,持分移轉,04180000
RPTNMLMLKIKGFAA47DA,河堤段二小段,.33,都市：其他:第參種商業區(依都市計畫說明書圖規定辦理，始得作第參種商業區使用)(原屬第貳種商業區)。,30000,100,持分移轉,04190000
RPTNMLMLKIKGFAA47DA,河堤段二小段,.30,都市：其他:第參種商業區(依都市計畫說明書圖規定辦理，始得作第參種商業區使用)(原屬第貳種商業區)。,10000,20,持分移轉,04200000
RPPNMLOLIIKGFBA17DA,文昌段二小段,.20,都市：其他:第三種住宅區。,427400,3375,持分移轉,07980000
RPPNMLOLIIKGFBA17DA,文昌段二小段,33.75,都市：其他:第三種住宅區。,4,1,持分移轉,08040000
RPPNMLOLIIKGFBA17DA,文昌段二小段,.47,都市：其他:第三種住宅區。,427400,3375,持分移轉,08070000
RPPNMLOLIIKGFBA17DA,文昌段二小段,.17,都市：其他:道路用地(公共設施用地)。48/11/20,427400,3375,持分移轉,08070001
RPPNMLOLIIKGFBA17DA,文昌段二小段,3.71,都市：其他:第三種住宅區。,427400,3375,持分移轉,08080000
RPPNMLOLIIKGFBA17DA,文昌段二小段,.07,都市：其他:道路用地(公共設施用地)。48/11/20,427400,3375,持分移轉,08080001
RPPNMLOLIIKGFBA17DA,文昌段二小段,.47,都市：其他:第三種住宅區。,427400,3375,持分移轉,08090000
RPPNMLOLIIKGFBA17DA,文昌段二小段,.17,都市：其他:道路用地(公共設施用地)。48/11/20,427400,3375,持分移轉,08090001
RPPNMLOLIIKGFBA17DA,文昌段二小段,.38,都市：其他:第三種住宅區。,427400,3375,持分移轉,08180000
RPPNMLOLIIKGFBA17DA,文昌段二小段,.83,都市：其他:第三種住宅區。,427400,3375,持分移轉,08190000
RPPNMLOLIIKGFBA17DA,文昌段二小段,.43,都市：其他:第三種住宅區。,427400,3375,持分移轉,08260000
RPPNMLOLIIKGFBA17DA,文昌段二小段,.07,都市：其他:道路用地(公共設施用地)。48/11/20,427400,3375,持分移轉,08260001
RPPNMLOLIIKGFBA17DA,文昌段二小段,.01,都市：其他:道路用地(公共設施用地)。48/11/20,427400,3375,持分移轉,08260002
RPPNMLOLIIKGFBA17DA,文昌段二小段,3.43,都市：其他:第三種住宅區。,427400,3375,持分移轉,08270000
RPPNMLOLIIKGFBA17DA,文昌段二小段,.09,都市：其他:道路用地(公共設施用地)。48/11/20,427400,3375,持分移轉,08270001
RPPNMLOLIIKGFBA17DA,文昌段二小段,.01,都市：其他:第三種住宅區。,427400,3375,持分移轉,08270002
RPPNMLOLIIKGFBA17DA,文昌段二小段,.02,都市：其他:道路用地(公共設施用地)。48/11/20,427400,3375,持分移轉,08280000
RPPNMLOLIIKGFBA17DA,文昌段二小段,.71,都市：其他:第三種住宅區。,427400,3375,持分移轉,08290000
RPPNMLOLIIKGFBA17DA,文昌段二小段,.11,都市：其他:第三種住宅區。,427400,3375,持分移轉,08290002
RPPNMLOLIIKGFBA17DA,文昌段二小段,.28,都市：其他:第三種住宅區。,427400,3375,持分移轉,08360000
RPPNMLSKKIKGFBA67DA,華中段一小段,25.00,都市：其他:第三種住宅區。,90,50,持分移轉,05320000
RPRNMLMLKIKGFFA87EA,仁愛段一小段,26.74,都市：其他:第四種住宅區。,10000,175,持分移轉,00720000
RPVOMLLKJIKGFEA87DA,百齡段四小段,67.00,都市：其他:第三種住宅區。,4,1,持分移轉,02930000
RPTNMLSKKIKGFBA08DA,公園段二小段,.98,都市：其他:第四種商業區。,69273,391,持分移轉,07030000
RPTNMLSKKIKGFBA08DA,公園段二小段,1.18,都市：其他:第四種商業區。,110000,620,持分移轉,07030001
RPTNMLSKKIKGFBA08DA,公園段二小段,.03,都市：其他:第四種商業區。,69273,391,持分移轉,07040000
RPTNMLSKKIKGFBA08DA,公園段二小段,.16,都市：其他:第四種商業區。,69273,258,持分移轉,07050000
RPTNMLSKKIKGFBA08DA,公園段二小段,.01,都市：其他:第四種商業區。,69273,258,持分移轉,07060000
RPTNMLSKKIKGFBA08DA,公園段二小段,.01,都市：其他:第四種商業區。,69273,391,持分移轉,07070000
RPTNMLSKKIKGFBA08DA,公園段二小段,.03,都市：其他:第四種商業區。,69273,391,持分移轉,07080000
RPTNMLSKKIKGFBA08DA,公園段二小段,.11,都市：其他:第四種商業區。,110000,620,持分移轉,07090000
RPTNMLSKKIKGFBA08DA,公園段二小段,.10,都市：其他:第四種商業區。,110000,620,持分移轉,07090001
RPQPMLOKJIKGFCA57DA,金泰段,20.74,都市：其他:娛樂區(供娛樂健身使用不得作住宅使用)。,100000,2028,持分移轉,00070003
RPSNMLPLJIKGFBA67DA,延平段一小段,23.87,都市：其他:第三種商業區。,500,55,持分移轉,00530000
RPWOMLPKKIKGFCA28DA,康寧段三小段,35.43,都市：其他:第三種住宅區。,14000,59,持分移轉,05840000
RPSNMLTKJIKGFCA08DA,西湖段四小段,52.38,都市：其他:科技工業區(A區)(不得作住宅使用)。,100000,2965,持分移轉,00890000
RPUNMLTLIIKGFFA58DA,龍泉段三小段,18.03,都市：其他:第參種商業區(依都市計畫說明書圖規定辦理，始得作第參種商業區使用)(原屬第貳種商業區)。,10000,954,持分移轉,07820000
RPUNMLTLIIKGFFA58DA,龍泉段三小段,.29,都市：其他:道路用地(公共設施用地)。44/7/5,10000,954,持分移轉,07820002
RPXNMLKLIIKGFFA97DA,金華段一小段,33.40,都市：其他:第三種住宅區。,5,1,持分移轉,03740000
RPUNMLQKKIKGFCA08DA,中山段三小段,8.64,都市：其他:第肆種商業區(依都市計畫說明書圖規定辦理，始得作第肆種商業區使用)(原屬第參種商業區)。,99983,852,持分移轉,00110000
RPQOMLTKJIKGFBA87DA,莒光段四小段,26.50,都市：其他:第三之二種住宅區(特)。,4,1,持分移轉,06430000
RPTNMLNJJIKGFDA57DA,犂和段二小段,21.57,都市：其他:第三種住宅區。,20000,1424,持分移轉,01300000
RPTNMLNJJIKGFDA57DA,犂和段二小段,.02,都市：其他:第三種住宅區。,24600,2,持分移轉,01320000
RPTNMLPJKIKGFDA87DA,寶清段四小段,5.71,都市：其他:聯合開發區(捷)。,100000,284,持分移轉,05990000
RPQOMLLKKIKGFDA37DA,逸仙段三小段,2.47,都市：其他:第參種商業區(依都市計畫說明書圖規定辦理，始得作第參種商業區使用)(原屬第貳種商業區)。,66955,58,持分移轉,07000000
RPRNMLMLKIKGFCA47DA,西湖段一小段,39.19,都市：其他:第三種住宅區。,10000,100,持分移轉,02080000
RPOPMLOKJIKGFCA37DA,西湖段一小段,44.80,都市：其他:第三種住宅區。,5,1,持分移轉,07890012
RPQOMLLKKIKGFDA37DA,逸仙段三小段,16.12,都市：其他:第四種住宅區。,66955,58,持分移轉,07010000
RPQOMLLKKIKGFDA37DA,逸仙段三小段,2.11,都市：其他:第參種商業區(依都市計畫說明書圖規定辦理，始得作第參種商業區使用)(原屬第貳種商業區)。,66955,58,持分移轉,07020000
RPSNMLOKJIKGFBA47DA,華中段三小段,13.25,都市：其他:第三之二種住宅區。,4,1,持分移轉,05950000
RPSNMLOKJIKGFBA47DA,華中段三小段,11.00,都市：其他:第三種住宅區。,4,1,持分移轉,05950001
RPRNMLNKIIKGFAA07DA,南海段一小段,74.83,都市：其他:第三種住宅區。,87356000,690497,持分移轉,00840000
RPRNMLNKIIKGFAA07DA,南海段一小段,19.60,都市：其他:第三種住宅區。,87356000,690497,持分移轉,00840004
RPRNMLNKIIKGFAA07DA,南海段一小段,29.36,都市：其他:第三之一種住宅區(特)(中正紀念堂特定專用區)。,87356000,690497,持分移轉,00840005
RPSNMLNKJIKGFEA67DA,振興段二小段,10.56,都市：其他:第參種商業區(依都市計畫說明書圖規定辦理，始得作第參種商業區使用)(原屬第參種住宅區)及第三種住宅區。,10000,55,持分移轉,00020000
RPPNMLPKKIKGFEA67DA,富安段一小段,363.00,都市：其他:娛樂區(細部計畫尚未完成，尚未能准許依變更後計畫用途使用得依原來農業用地續作原農業使用)。,1,1,全筆移轉,01840000
RPPNMLPKKIKGFEA67DA,富安段一小段,363.00,都市：其他:娛樂區(細部計畫尚未完成，尚未能准許依變更後計畫用途使用得依原來農業用地續作原農業使用)。,1,1,全筆移轉,01840001
RPPNMLPKKIKGFEA67DA,富安段一小段,364.00,都市：其他:娛樂區(細部計畫尚未完成，尚未能准許依變更後計畫用途使用得依原來農業用地續作原農業使用)。,1,1,全筆移轉,01840002
RPPNMLPKKIKGFEA67DA,富安段一小段,360.00,都市：其他:娛樂區(細部計畫尚未完成，尚未能准許依變更後計畫用途使用)。,1,1,全筆移轉,01850000
RPPNMLPKKIKGFEA67DA,富安段一小段,360.00,都市：其他:娛樂區(細部計畫尚未完成，尚未能准許依變更後計畫用途使用)。,1,1,全筆移轉,01850001
RPPNMLPKKIKGFEA67DA,富安段一小段,361.00,都市：其他:娛樂區(細部計畫尚未完成，尚未能准許依變更後計畫用途使用)。,1,1,全筆移轉,01850002
RPROMLKKJIKGFDA27DA,玉成段三小段,23.54,都市：其他:第三種住宅區。,100000,625,持分移轉,09040000
RPSNMLMLKIKGFCA57DA,吉林段五小段,8.30,都市：其他:第肆種商業區(依都市計畫說明書圖規定辦理，始得作第肆種商業區使用)(原屬第參種商業區)。,100000,234,持分移轉,03140000
RPROMLKKJIKGFDA27DA,玉成段三小段,11.91,都市：其他:第壹種商業區(依都市計畫說明書圖規定辦理，始得作第壹種商業區使用)(原屬第參之壹種住宅區)。,100000,625,持分移轉,09050000
RPOOMLPKKIKGFFA77DA,懷生段四小段,35.50,都市：其他:第三種住宅區。,8,2,持分移轉,04070000
RPPNMLTKKIKGFFA18DA,仁愛段一小段,11.29,都市：其他:第參種商業區(依都市計畫說明書圖規定辦理，始得作第參種商業區使用)(原屬第肆種住宅區及第貳種商業區)。,20000,152,持分移轉,07990000
RPRNMLTKJIKGFDA08DA,中南段五小段,43.33,都市：其他:第二種住宅區。,3,1,持分移轉,01260000
RPWNMLOKIIKGFAA67DA,河堤段六小段,30.50,都市：其他:第三種住宅區。,4,1,持分移轉,00970000
RPWNMLOKIIKGFAA67DA,河堤段六小段,.25,都市：其他:道路用地(公共設施用地)。56/9/9,4,1,持分移轉,00970001
RPQNMLNLKIKGFAA27DA,木柵段四小段,12.28,都市：其他:第三種住宅區。,36,2,持分移轉,06840000
RPOPMLSJKIKGFDA87DA,永春段三小段,34.00,都市：其他:第三種住宅區。,4,1,持分移轉,02750000
RPQNMLNLKIKGFAA27DA,木柵段四小段,.04,都市：其他:道路用地(公共設施用地)。61/11/9,2592,22,持分移轉,06890001
RPTPMLSJIIKGFEA28DA,行義段四小段,25.98,都市：其他:第三種住宅區。,100000,1410,持分移轉,03010000
RPQNMLNLKIKGFAA27DA,木柵段四小段,1.18,都市：其他:道路用地(公共設施用地)。61/11/9,5184,14,持分移轉,06900000
RPPNMLTKKIKGFAA67DA,木柵段三小段,29.03,都市：其他:第三種住宅區。,10000,708,持分移轉,03590000
RPVNMLRKKIKGFDA38DA,美仁段一小段,32.16,都市：其他:第三種住宅區。,863000,2238,持分移轉,00020001
RPTNMLMJKIKGFBA37DA,萬華段一小段,12.97,都市：其他:第三種商業區。,10000,399,持分移轉,01720000
RPVNMLRKKIKGFDA38DA,美仁段一小段,1.07,都市：其他:第三種住宅區。,75000,62,持分移轉,00180005
RPUOMLTKKIKGFDA58DA,三興段三小段,2.18,都市：其他:第三種住宅區。,100000,716,持分移轉,05620001
RPPNMLNLKIKGFEA67EA,陽明段一小段,25.93,都市：其他:第三之二種住宅區及第三種住宅區 但是否在道路用地(公共設施用地)(應依建築線或俟地籍測量分割後，再確定)。,10000,112,持分移轉,04050000
RPUOMLTKKIKGFDA58DA,三興段三小段,6.72,都市：其他:第參種商業區(依都市計畫說明書圖規定辦理，始得作第參種商業區使用)(原屬第貳種商業區)。,100000,716,持分移轉,05620002
RPRNMLQJJIKGFFA87DA,通化段四小段,12.31,都市：其他:第參種商業區(依都市計畫說明書圖規定辦理，始得作第參種商業區使用)(原屬第貳種商業區)。,52530,384,持分移轉,00030000
RPSNMLTLIIKGFEA28DA,芝蘭段一小段,8.09,都市：其他:第三種住宅區。,10000,68,持分移轉,05200000
RPSOMLOJKIKGFCA67DA,榮星段二小段,20.35,都市：其他:第三種住宅區。,10000,93,持分移轉,05710000
RPRNMLQJJIKGFFA87DA,通化段四小段,.49,都市：其他:第參種商業區(依都市計畫說明書圖規定辦理，始得作第參種商業區使用)(原屬第參種住宅區)。,52530,384,持分移轉,00030002
RPSNMLTLIIKGFEA28DA,芝蘭段一小段,2.82,都市：其他:第三種住宅區。,10000,240,持分移轉,05210000
RPTNMLNLKIKGFBA67DA,雙連段三小段,7.45,都市：其他:第三種商業區。,10000,51,持分移轉,07450000
RPTNMLNLKIKGFBA67DA,雙連段三小段,1.37,都市：其他:第三種商業區。,10000,12,持分移轉,07830000
RPVNMLNLKIKGFCA97DA,康寧段三小段,11.52,都市：其他:第三種住宅區。,10000,300,持分移轉,04900001
RPUNMLNKJIKGFBA57DA,雙連段一小段,58.35,都市：其他:第四之一種住宅區。,20000,1373,持分移轉,02690000
RPUNMLNKJIKGFBA57DA,雙連段一小段,.00,都市：其他:第四種住宅區。,20000,1,持分移轉,02690001
RPXPMLTKJIKGFDA88DA,敦化段一小段,32.07,都市：其他:第三種住宅區。,10000,57,持分移轉,00230000
RPXPMLTKJIKGFDA88DA,敦化段一小段,.02,都市：其他:道路用地(公共設施用地)。52/2/18,10000,57,持分移轉,00230004
RPWOMLPKKIKGFDA38DA,寶清段七小段,4.20,都市：其他:第三種商業區。,100000,576,持分移轉,07170000
RPPNMLOLKIKGFAA37EA,南海段四小段,.19,都市：其他:第三種住宅區。,10000,5,持分移轉,04270000
RPRNMLSKJIKGFDA97DA,延吉段一小段,5.00,都市：其他:道路用地(公共設施用地)。48/3/13,1,1,全筆移轉,04820000
RPTNMLKLJIKGFFA67DA,仁愛段一小段,7.34,都市：其他:第參種商業區(依都市計畫說明書圖規定辦理，始得作第參種商業區使用)(原屬第貳種商業區)。,1000,10,持分移轉,05340000
RPRNMLSKJIKGFDA97DA,延吉段一小段,22.32,都市：其他:第三種住宅區。,10000,318,持分移轉,04830000
RPTNMLKLJIKGFFA67DA,仁愛段一小段,4.51,都市：其他:第參種商業區(依都市計畫說明書圖規定辦理，始得作第參種商業區使用)(原屬第肆種住宅區)。,1000,10,持分移轉,05340001
RPTNMLKLJIKGFFA67DA,仁愛段一小段,.04,都市：其他:道路用地(公共設施用地)。48/3/13,1000,10,持分移轉,05340002
RPOOMLSKKIKGFEA97DA,天母段三小段,21.84,都市：其他:第三種住宅區。,10000,129,持分移轉,05330000
RPVNMLOJJIKGFBA67DA,華中段三小段,23.00,都市：其他:第三種住宅區。,1,1,全筆移轉,05510079
RPQNMLQLKIKGFCA87EA,碧湖段三小段,27.13,都市：其他:第三種住宅區。,10000,48,持分移轉,04020000
RPQNMLQLKIKGFCA87EA,碧湖段三小段,.02,都市：其他:第三種住宅區。,10000,48,持分移轉,04130002
RPUOMLNJJIKGFFA97DA,金華段二小段,47.25,都市：其他:第三種住宅區。,4,1,持分移轉,01240000
RPPNMLOLKIKGFEA77EA,溫泉段一小段,3.23,都市：其他:第三種商業區。,10000,34,持分移轉,02590000
RPPNMLOLKIKGFEA77EA,溫泉段一小段,6.23,都市：其他:第三種住宅區。,10000,34,持分移轉,02630000
RPOQMLOKIIKGFDA47DA,玉成段三小段,29.33,都市：其他:第一種商業區(依都市計畫說明書圖規定辦理)。,100000,194,持分移轉,05680000
RPPNMLQLKIKGFAA47DA,福和段二小段,22.62,都市：其他:第三種住宅區。,1548980,3422,持分移轉,00770000
RPPNMLQLKIKGFAA47DA,福和段二小段,.06,都市：其他:公園用地(公共設施用地)。111/11/24,1548980,3422,持分移轉,00770001
RPPNMLQLKIKGFAA47DA,福和段二小段,.01,都市：其他:道路用地(公共設施用地)。69/7/17,1548980,3422,持分移轉,00770002
RPQOMLPKKIKGFAA47DA,萬芳段二小段,64.05,都市：其他:第二種住宅區。,100000,236,持分移轉,01000000
RPQOMLPKKIKGFAA47DA,萬芳段二小段,5.15,都市：其他:第三種住宅區。,100000,236,持分移轉,01620000
RPPOMLNJJIKGFEA37DA,芝蘭段一小段,76.29,都市：其他:第三種住宅區。,20000,834,持分移轉,02390000
RPXOMLOKJIKGFCA18DA,正義段二小段,2.49,都市：其他:第肆種商業區(依都市計畫說明書圖規定辦理，始得作第肆種商業區使用)(原屬第參種商業區)。,10000,40,持分移轉,02210000
RPOOMLMLIIKGFEA27DA,大業段一小段,10.49,都市：其他:特定觀光商業專用區。,10000,154,持分移轉,01030000
RPUNMLTKJIKGFCA28DA,中山段三小段,11.32,都市：其他:第肆種商業區(依都市計畫說明書圖規定辦理，始得作第肆種商業區使用)(原屬第參種商業區) 但是否在道路用地(公共設施用地)(應依建築線或俟地籍測量分割後，再確定)。,10000000,84511,持分移轉,06450000
RPQOMLSLJIKGFCA97DA,榮星段三小段,23.08,都市：其他:第參種商業區(依都市計畫說明書圖規定辦理，始得作第參種商業區使用)(原屬第參種住宅區及第參之貳種住宅區)。,108000,944,持分移轉,00100000
RPXNMLPKKIKGFAA08DA,萬芳段二小段,65.41,都市：其他:第二種住宅區。,100000,241,持分移轉,01000000
RPXNMLPKKIKGFAA08DA,萬芳段二小段,5.26,都市：其他:第三種住宅區。,100000,241,持分移轉,01620000
RPOPMLLJKIKGFDA17DA,犂和段二小段,1.58,都市：其他:第三種住宅區。,10000,1053,持分移轉,05970000
RPPOMLPKKIKGFAA37DA,萬芳段二小段,65.68,都市：其他:第二種住宅區。,100000,242,持分移轉,01000000
RPOPMLLJKIKGFDA17DA,犂和段二小段,30.54,都市：其他:第三種住宅區。,10000,1053,持分移轉,06190000
RPWNMLPKKIKGFAA97DA,萬芳段二小段,90.38,都市：其他:第二種住宅區。,100000,333,持分移轉,01000000
RPPOMLPKKIKGFAA37DA,萬芳段二小段,5.28,都市：其他:第三種住宅區。,100000,242,持分移轉,01620000
RPWNMLPKKIKGFAA97DA,萬芳段二小段,7.27,都市：其他:第三種住宅區。,100000,333,持分移轉,01620000
RPTNMLMJKIKGFDA57DA,犂和段三小段,6.92,都市：其他:第參種商業區(依都市計畫說明書圖規定辦理，始得作第參種商業區使用)(原屬第參之壹種住宅區)。,100000,460,持分移轉,00070000
RPRQMLOKJIKGFEA97DA,大業段三小段,13.93,都市：其他:第三之二種住宅區。,10000,47,持分移轉,05880000
RPTNMLMJKIKGFDA57DA,犂和段三小段,3.28,都市：其他:第參種商業區(依都市計畫說明書圖規定辦理，始得作第參種商業區使用)(原屬第參種住宅區)。,100000,460,持分移轉,00070001
RPRQMLOKJIKGFEA97DA,大業段三小段,2.45,都市：其他:第三種住宅區。,10000,47,持分移轉,05880001
RPRQMLOKJIKGFEA97DA,大業段三小段,.03,都市：其他:第三之一種住宅區。,10000,47,持分移轉,05880002
RPRNMLQKKIKGFFA08DA,通化段一小段,23.93,都市：其他:第三種住宅區。,14,1,持分移轉,07970000
RPSNMLOLKIKGFCA77DA,石潭段五小段,56.66,都市：其他:第二種住宅區。,10000,394,持分移轉,00520000
RPRNMLLLJIKGFDA37DA,雅祥段一小段,25.94,都市：其他:第參種商業區(依都市計畫說明書圖規定辦理，始得作第參種商業區使用)(原屬第貳種商業區)。,16,1,持分移轉,04110000
RPPNMLQLKIKGFBA67EA,華中段三小段,114.58,都市：其他:道路用地(公共設施用地)。56/8/25,1000000000,606265400,持分移轉,01670000
RPSNMLOLKIKGFCA87EA,榮星段三小段,37.00,都市：其他:第三種住宅區。,5,1,持分移轉,06060000
RPPNMLSKKIKGFCA87EA,康寧段三小段,7.33,都市：其他:第三種商業區。,4000,18,持分移轉,02320000
RPQNMLQLKIKGFDA97EA,民生段,7.94,都市：其他:市場用地(公共設施用地) 但是否在道路用地(公共設施用地)(應依建築線或俟地籍測量分割後，再確定)。,10000,16,持分移轉,00870000
RPXNMLTLIIKGFDA68DA,民生段,106.00,都市：其他:住宅用地(民生社區特定專用區)。,8,2,持分移轉,00920007
RPXNMLTLIIKGFDA68DA,民生段,1.75,都市：其他:道路用地(公共設施用地)。57/4/13,8,2,持分移轉,00920024
RPXOMLMKKIKGFAA87DA,木柵段一小段,16.30,都市：其他:第三種住宅區。,10000,311,持分移轉,05980000
RPSNMLSLJIKGFCA08DA,中山段三小段,7.66,都市：其他:第肆種商業區(依都市計畫說明書圖規定辦理，始得作第肆種商業區使用)(原屬第參種商業區)。,20000,310,持分移轉,02530000
RPRNMLPJKIKGFDA67DA,永吉段二小段,8.26,都市：其他:第參種商業區(依都市計畫說明書圖規定辦理，始得作第參種商業區使用)(原屬第參之壹種住宅區)。,53130,168,持分移轉,00010000
RPRNMLPJKIKGFDA67DA,永吉段二小段,5.17,都市：其他:第三種住宅區。,53130,168,持分移轉,00010003
RPPNMLRLIIKGFEA77DA,芝山段一小段,22.14,都市：其他:第三種住宅區。,10000,141,持分移轉,09050004
RPPNMLTLKIKGFAA87EA,萬芳段一小段,51.47,都市：其他:第貳類住宅用地(萬芳社區特定專用區)。,10426,50,持分移轉,00730000
RPUOMLNLKIKGFCA97DA,碧湖段四小段,27.15,都市：其他:第三種住宅區。,10000,427,持分移轉,02800000
RPVNMLLMIIKGFEA87DA,陽明段一小段,21.03,都市：其他:第三之二種住宅區。,100000,1381,持分移轉,08130000
RPPNMLTKKIKGFDA97DA,永吉段二小段,16.75,都市：其他:第參種商業區(依都市計畫說明書圖規定辦理，始得作第參種商業區使用)(原屬第參種住宅區)。,4,1,持分移轉,04100000
RPQNMLLKKIKGFDA27DA,美仁段一小段,4.81,都市：其他:第參種商業區(依都市計畫說明書圖規定辦理，始得作第參種商業區使用)(原屬第貳種商業區)。,100000,764,持分移轉,04500000
RPPNMLTLKIKGFCA08EA,中山段一小段,3.06,都市：其他:第肆種商業區(依都市計畫說明書圖規定辦理，始得作第肆種商業區使用)(原屬第參種商業區)。,10000,39,持分移轉,08220000
RPQNMLQLKIKGFBA77EA,圓環段一小段,6.08,都市：其他:第四種住宅區。,12,1,持分移轉,04100000
RPPNMLTLKIKGFCA08EA,中山段一小段,1.35,都市：其他:第肆種商業區(依都市計畫說明書圖規定辦理，始得作第肆種商業區使用)(原屬第參種商業區)。,44200,170,持分移轉,08230000
RPPNMLTLKIKGFBA97EA,華中段三小段,32.00,都市：其他:第三種住宅區。,4,1,持分移轉,01350000
RPPNMLTLKIKGFEA28EA,行義段二小段,10.46,都市：其他:第二種住宅區。,10000,84,持分移轉,01980000
RPQNMLTLKIKGFEA38EA,桃源段一小段,30.50,都市：其他:第三種住宅區。,10000,120,持分移轉,05710000
RPPNMLTLKIKGFEA28EA,行義段二小段,.15,都市：其他:道路用地(公共設施用地)。64/6/26,10000,84,持分移轉,01990000
RPOOMLOJJIKGFDA27DA,祥和段三小段,32.75,都市：其他:第三種住宅區。,4,1,持分移轉,03160000
RPPNMLTLKIKGFBA87DA,直興段二小段,8.10,都市：其他:第肆種商業區(依都市計畫說明書圖規定辦理，始得作第肆種商業區使用)(原屬第參種商業區)。,100000,444,持分移轉,05290000
RPPNMLTLKIKGFBA87DA,直興段二小段,.32,都市：其他:第肆種商業區(依都市計畫說明書圖規定辦理，始得作第肆種商業區使用)(原屬第參種商業區)。,100000,444,持分移轉,05740000
RPWNMLQKKIKGFBA18DA,直興段一小段,22.56,都市：其他:第四種住宅區。,10000,146,持分移轉,07460000
RPSOMLTJKIKGFEA38DA,文林段三小段,21.78,都市：其他:第三種住宅區。,10000,231,持分移轉,01790000
RPXOMLLJKIKGFCA87DA,吉林段四小段,45.28,都市：其他:第三種住宅區。,10000,307,持分移轉,00340000
RPTNMLMLKIKGFBA57DA,莒光段三小段,15.61,都市：其他:第三種住宅區。,10000,76,持分移轉,04760000
RPWNMLTLKIKGFBA58DA,青年段一小段,18.42,都市：其他:第三種住宅區。,8170,174,持分移轉,06990000
RPRNMLKMKIKGFCA47EA,中山段三小段,4.21,都市：其他:第肆種商業區(依都市計畫說明書圖規定辦理，始得作第肆種商業區使用)(原屬第參種商業區)。,10000,90,持分移轉,02750000
RPROMLMLKIKGFEA77DA,百齡段二小段,21.01,都市：其他:第參種工業區(不得作住宅使用)。,200000,763,持分移轉,03450000
RPQNMLRLJIKGFBA67DA,玉泉段一小段,2.66,都市：其他:第三種商業區。,10000,20,持分移轉,08370000
RPVNMLPKKIKGFCA08DA,西湖段一小段,62.13,都市：其他:第貳種工業區(不得作住宅使用)。,10000,383,持分移轉,02670000
RPRNMLMJKIKGFBA17DA,青年段一小段,37.62,都市：其他:第三種住宅區。,32,1,持分移轉,00890000
RPRNMLQLKIKGFAA67DA,景美段三小段,8.71,都市：其他:第參種商業區(依都市計畫說明書圖規定辦理，始得作第參種商業區使用)(原屬第肆之壹種住宅區)。,200000,1318,持分移轉,01260000
RPROMLRJJIKGFBA67DA,漢中段三小段,3.61,都市：其他:第四種商業區。,100000,97,持分移轉,08160000
RPRNMLLMIIKGFDA37DA,西松段三小段,21.50,都市：其他:第三種住宅區。,10000,118,持分移轉,07560000
RPQOMLKMKIKGFBA27DA,福星段二小段,17.00,都市：其他:第四種商業區。,2,1,持分移轉,06940000
RPQOMLKMKIKGFBA27DA,福星段二小段,24.50,都市：其他:第四種商業區。,2,1,持分移轉,06950000
RPVOMLSLJIKGFDA58DA,中南段四小段,22.29,都市：其他:第三種住宅區。,56,1,持分移轉,02320000
RPVOMLSLJIKGFDA58DA,中南段四小段,.38,都市：其他:道路用地(公共設施用地)。61/11/18,56,1,持分移轉,02320002
RPQNMLKKKIKGFCA07DA,石潭段四小段,11.66,都市：其他:第三種商業區。,10000,75,持分移轉,03220000
RPQNMLQKKIKGFCA67DA,碧湖段二小段,42.00,都市：其他:第三種住宅區。,10000,46,持分移轉,05290000
RPVNMLKMKIKGFCA77DA,中山段一小段,4.56,都市：其他:第肆種商業區(依都市計畫說明書圖規定辦理，始得作第肆種商業區使用)(原屬第參種商業區)。,32806,456,持分移轉,01390000
RPRNMLTJKIKGFCA97DA,文德段三小段,2.53,都市：其他:第三之一種住宅區。,10000,13,持分移轉,00250002
RPVQMLTJKIKGFDA78DA,逸仙段三小段,11.78,都市：其他:第參種商業區(依都市計畫說明書圖規定辦理，始得作第參種商業區使用)(原屬第貳種商業區)。,10000,240,持分移轉,08900000
RPRNMLTJKIKGFCA97DA,文德段三小段,3.56,都市：其他:第三種住宅區。,10000,13,持分移轉,00780000
RPVQMLTJKIKGFDA78DA,逸仙段三小段,.82,都市：其他:第四種住宅區 但是否在第參種商業區(依都市計畫說明書圖規定辦理，始得作第參種商業區使用)(原屬第貳種商業區應依建築線或俟地籍測量分割後，再確定)。,10000,240,持分移轉,08930000
RPUNMLLLJIKGFEA77DA,行義段四小段,50.44,都市：其他:第三種住宅區。,10000,1094,持分移轉,03640000
RPWRMLPKIIKGFAA18DA,萬慶段二小段,22.06,都市：其他:第三種住宅區。,10000,83,持分移轉,04610000
RPUNMLKKKIKGFFA77DA,復興段一小段,16.60,都市：其他:第四之一種住宅區(特)。,10000,96,持分移轉,01420000
RPTNMLNLKIKGFAA57DA,木柵段一小段,6.10,都市：其他:第三種住宅區。,10000,1849,持分移轉,07310001
RPTNMLNLKIKGFAA57DA,木柵段一小段,.18,都市：其他:第三種住宅區。,10000,1849,持分移轉,07310002
RPTNMLNLKIKGFAA57DA,木柵段一小段,24.39,都市：其他:第三種住宅區。,10000,1849,持分移轉,07320000
RPTNMLNLKIKGFAA57DA,木柵段一小段,.25,都市：其他:第三種住宅區。,10000,1849,持分移轉,07320001
RPTNMLNLKIKGFAA57DA,木柵段一小段,3.65,都市：其他:第三種住宅區。,10000,1849,持分移轉,07320002
RPQOMLNLKIKGFDA67DA,美仁段二小段,3.88,都市：其他:第三之一種住宅區。,60000,432,持分移轉,07660000
RPQOMLNLKIKGFDA67DA,美仁段二小段,9.68,都市：其他:第三之一種住宅區。,60000,432,持分移轉,07730000
RPQOMLNLKIKGFDA67DA,美仁段二小段,10.99,都市：其他:第三種住宅區。,60000,432,持分移轉,07730001
RPPNMLPJKIKGFAA17DA,南海段四小段,7.35,都市：其他:第參種商業區(依都市計畫說明書圖規定辦理，始得作第參種商業區使用)(原屬第貳種商業區)。,20000,300,持分移轉,02730000
RPQOMLNKJIKGFCA37DA,德惠段四小段,23.80,都市：其他:第肆種商業區(依都市計畫說明書圖規定辦理，始得作第肆種商業區使用)(原屬第參種商業區)。,9000,714,持分移轉,01440000
RPSOMLLJKIKGFCA37DA,德惠段三小段,25.33,都市：其他:第三種住宅區。,3,1,持分移轉,03350000
RPTNMLPKIIKGFDA77DA,犂和段四小段,18.25,都市：其他:第三之一種住宅區。,8,1,持分移轉,00110026
RPSOMLKKJIKGFDA37DA,美仁段一小段,40.77,都市：其他:第三種住宅區。,75,1,持分移轉,00180008
RPPNMLOKKIKGFBA27DA,雙連段三小段,7.96,都市：其他:第三種商業區。,10000,129,持分移轉,08470000
RPPNMLLJJHLGFBA76DA,龍山段二小段,5.17,都市：其他:第三種商業區。,12,2,持分移轉,02330001
RPPNMLLJJHLGFBA76DA,龍山段二小段,4.33,都市：其他:第三種商業區。,12,2,持分移轉,02350001
RPPNMLLJJHLGFBA76DA,龍山段二小段,5.00,都市：其他:第三種商業區。,12,2,持分移轉,02360001
RPUNMLPJKIKGFCA87DA,正義段一小段,10.26,都市：其他:第肆種商業區(依都市計畫說明書圖規定辦理，始得作第肆種商業區使用)(原屬第參種住宅區)。,10000,300,持分移轉,01430000
RPXNMLSJKIKGFCA48DA,大湖段二小段,17.55,都市：其他:第三種住宅區。,10000,106,持分移轉,00260000
RPXNMLSJKIKGFCA48DA,大湖段二小段,.35,都市：其他:第二種住宅區。,10000,106,持分移轉,00260001
RPSNMLLMKIKGFDA67DA,玉成段五小段,24.75,都市：其他:第三種住宅區。,4,1,持分移轉,04350000
RPRNMLSLKIKGFCA08DA,潭美段五小段,15.26,都市：其他:辦公服務區(一)(不得作住宅使用)。,50000,225,持分移轉,00500000
RPXNMLSLKIKGFCA68DA,潭美段一小段,25.91,都市：其他:科技工業區(B區)(特)(不得作住宅使用)及道路用地(公共設施用地)及公園用地(公共設施用地)。,216,2,持分移轉,03990000
RPXNMLSLKIKGFCA68DA,潭美段一小段,5.24,都市：其他:科技工業區(B區)(特)(不得作住宅使用)及道路用地(公共設施用地)及公園用地(公共設施用地)。,216,2,持分移轉,03990001
RPXNMLSLKIKGFCA68DA,潭美段一小段,117.80,都市：其他:科技工業區(B區)(特)(不得作住宅使用) 但是否在道路用地(公共設施用地)(應依建築線或俟地籍測量分割後，再確定)。,30720,664,持分移轉,04320000
RPXNMLSLKIKGFCA68DA,潭美段一小段,2.02,都市：其他:科技工業區(B區)(特)(不得作住宅使用)。,384,18,持分移轉,04340000
RPXNMLSLKIKGFCA68DA,潭美段一小段,4.81,都市：其他:科技工業區(B區)(特)(不得作住宅使用)。,14400,400,持分移轉,04360000
RPXNMLSLKIKGFCA68DA,潭美段一小段,.98,都市：其他:科技工業區(B區)(特)(不得作住宅使用)。,3072,168,持分移轉,05180000
RPXNMLSLKIKGFCA68DA,潭美段一小段,10.19,都市：其他:科技工業區(B區)(特)(不得作住宅使用)。,3072,182,持分移轉,05200000
RPXNMLSLKIKGFCA68DA,潭美段一小段,23.40,都市：其他:科技工業區(B區)(特)(不得作住宅使用)。,3072,158,持分移轉,05210000
RPXNMLSLKIKGFCA68DA,潭美段一小段,5.84,都市：其他:道路用地(公共設施用地)。100/8/29,256,5,持分移轉,05230000
RPXNMLSLKIKGFCA68DA,潭美段一小段,4.88,都市：其他:科技工業區(B區)(特)(不得作住宅使用)。,256,5,持分移轉,05230002
RPXNMLSLKIKGFCA68DA,潭美段一小段,23.11,都市：其他:道路用地(公共設施用地)。100/8/29,3072,182,持分移轉,05240000
RPXNMLSLKIKGFCA68DA,潭美段一小段,3.20,都市：其他:科技工業區(B區)(特)(不得作住宅使用)。,3072,182,持分移轉,05240001
RPXNMLSLKIKGFCA68DA,潭美段一小段,113.33,都市：其他:科技工業區(B區)(特)(不得作住宅使用) 但是否在道路用地(公共設施用地)(應依建築線或俟地籍測量分割後，再確定)。,6,1,持分移轉,06160000
RPXNMLKMKIKGFCA97DA,東湖段七小段,19.63,都市：其他:第三種住宅區。,100000,433,持分移轉,00430000
RPPNMLLJJHLGFEA07DA,八仙段二小段,6.12,都市：其他:農業區。,120,3,持分移轉,02290000
RPQNMLMJJHLGFAA96EA,華興段四小段,.93,都市：其他:第三種住宅區。,10000,10,持分移轉,08240000
RPSNMLPJKIKGFEA87DA,百齡段三小段,30.25,都市：其他:第三種住宅區。,8,2,持分移轉,05730000
RPPNMLLMKIKGFAA17EA,萬隆段二小段,35.61,都市：其他:第三種住宅區。,100000,387,持分移轉,04990000
RPSNMLPJKIKGFEA87DA,百齡段三小段,11.50,都市：其他:第三種住宅區。,8,2,持分移轉,05740000
RPRNMLMLKIKGFAA27DA,永昌段三小段,24.75,都市：其他:第三種住宅區。,4,1,持分移轉,04450000
RPVOMLKMKIKGFBA77DA,華中段二小段,13.61,都市：其他:第三之二種住宅區。,1000,12,持分移轉,09000000
RPTNMLKKKIKGFEA57DA,關渡段二小段,25.73,都市：其他:第三之一種住宅區及第三種住宅區 但是否在道路用地(公共設施用地)(應依建築線或俟地籍測量分割後，再確定)。,9216,59,持分移轉,04190000
RPVOMLKMKIKGFBA77DA,華中段二小段,.05,都市：其他:道路用地(公共設施用地)。56/8/25,1000,12,持分移轉,09000001
RPVOMLKMKIKGFBA77DA,華中段二小段,6.04,都市：其他:第三種住宅區。,1000,12,持分移轉,09000002
RPQNMLRLJIKGFCA77DA,西湖段一小段,37.79,都市：其他:第三種住宅區。,10000,233,持分移轉,01680000
RPQNMLRLJIKGFCA77DA,西湖段一小段,.35,都市：其他:第三種住宅區。,10000,233,持分移轉,01700002
RPUNMLTKJIKGFDA38DA,敦化段四小段,26.25,都市：其他:第三種住宅區。,4,1,持分移轉,00870000
RPTNMLOKJIKGFBA57DA,青年段一小段,8.41,都市：其他:第三種住宅區。,21886,30,持分移轉,01260000
RPTNMLOKJIKGFBA57DA,青年段一小段,1.97,都市：其他:第三之一種住宅區。,21886,30,持分移轉,01260001
RPTNMLOKJIKGFBA57DA,青年段一小段,.00,都市：其他:道路用地(公共設施用地)。63/1/3,21886,30,持分移轉,01260002
RPTNMLOKJIKGFBA57DA,青年段一小段,.00,都市：其他:道路用地(公共設施用地)。63/1/3,21886,30,持分移轉,01260003
RPRNMLRJKIKGFDA87DA,雅祥段四小段,34.75,都市：其他:第三種住宅區。,4,1,持分移轉,06420000
RPXNMLLJKIKGFEA97DA,三玉段四小段,53.35,都市：其他:第三種住宅區。,10000,931,持分移轉,03200000
RPTNMLTKKIKGFBA18DA,大龍段一小段,20.00,都市：其他:第三種住宅區。,4,1,持分移轉,03810000
RPSNMLTKJIKGFAA87DA,木柵段二小段,25.02,都市：其他:第三種住宅區。,10000,183,持分移轉,05510000
RPSNMLTKJIKGFAA87DA,木柵段二小段,.09,都市：其他:道路用地(公共設施用地)。61/11/9,10000,183,持分移轉,05510001
RPPNMLMJJHLGFDA07DA,民生段,25.68,都市：其他:住宅用地(民生社區特定專用區)。,10000,89,持分移轉,00760000
RPPNMLMJJHLGFDA07DA,民生段,.04,都市：其他:道路用地(公共設施用地)。57/4/13,10000,89,持分移轉,00760002
RPPNMLMJJHLGFDA07DA,民生段,.04,都市：其他:道路用地(公共設施用地)。57/4/13,10000,89,持分移轉,00760003
RPPNMLMJJHLGFDA07DA,民生段,.04,都市：其他:道路用地(公共設施用地)。57/4/13,10000,89,持分移轉,00760004
RPPNMLMJJHLGFDA07DA,民生段,.07,都市：其他:道路用地(公共設施用地)。57/4/13,10000,89,持分移轉,00760005
RPSNMLMJJHLGFAA07DA,實踐段二小段,33.95,都市：其他:第三種住宅區。,10000,381,持分移轉,03390000
RPUPMLQJJIKGFDA18DA,西松段三小段,14.27,都市：其他:第三種住宅區。,10000,173,持分移轉,06050000
RPRNMLPKKIKGFCA67DA,東湖段七小段,28.80,都市：其他:第參種商業區(依都市計畫說明書圖規定辦理，始得作第參種商業區使用)(原屬第參種住宅區)。,20000,156,持分移轉,04550000
RPXNMLKKKIKGFCA77DA,文德段二小段,36.12,都市：其他:第三種住宅區。,23942,360,持分移轉,05220001
RPUNMLPJJHLGFCA77DA,德惠段三小段,6.49,都市：其他:第三之二種住宅區(依都市計畫說明書圖規定辦理)及第三種住宅區。,10000,27,持分移轉,02820000
RPTNMLMJJHLGFAA17DA,福和段一小段,26.64,都市：其他:第三種住宅區。,14,1,持分移轉,04530000
RPUNMLPJJHLGFCA77DA,德惠段三小段,.00,都市：其他:道路用地(公共設施用地)。56/10/5,10000,27,持分移轉,02820001
RPUNMLPJJHLGFCA77DA,德惠段三小段,.32,都市：其他:道路用地(公共設施用地)。56/10/5,10000,27,持分移轉,05200000
RPUNMLPJJHLGFCA77DA,德惠段三小段,.00,都市：其他:第三之二種住宅區。,10000,27,持分移轉,05200001
RPTNMLMKKIKGFCA57DA,德惠段四小段,2.22,都市：其他:第肆種商業區(依都市計畫說明書圖規定辦理，始得作第肆種商業區使用)(原屬第參種商業區)。,10000,22,持分移轉,03040000
RPOOMLQKKIKGFCA57DA,潭美段五小段,17.57,都市：其他:辦公服務區(一)(不得作住宅使用)。,50000,259,持分移轉,00500000
RPQNMLSKKIKGFFA18DA,仁愛段三小段,19.81,都市：其他:第四種住宅區。,16,1,持分移轉,03120000
RPPNMLQJJHLGFFA67DA,仁愛段四小段,35.88,都市：其他:第四種住宅區。,8,1,持分移轉,03430000
RPQOMLMJJHLGFCA17DA,文德段二小段,29.20,都市：其他:第三種住宅區。,10000,181,持分移轉,01140000
RPQOMLMJJHLGFCA17DA,文德段二小段,.09,都市：其他:第三種住宅區。,10000,181,持分移轉,01150008
RPPNMLLJJIKGFEA07DA,大業段二小段,22.88,都市：其他:第三種住宅區。,100000,800,持分移轉,08740000
RPROMLMJJHLGFCA27DA,東湖段八小段,34.92,都市：其他:第三種住宅區。,100000,703,持分移轉,00140000
RPUOMLNJJIKGFBA57DA,青年段一小段,19.75,都市：其他:第一種商業區(特)。,16460,175,持分移轉,01450000
RPPNMLTKKIKGFCA87DA,北安段四小段,37.50,都市：其他:第三種住宅區。,10000,67,持分移轉,01700000
RPPNMLMLKIKGFBA17DA,文昌段一小段,17.60,都市：其他:第三種住宅區。,30,1,持分移轉,00740000
RPPNMLMLKIKGFBA17DA,文昌段一小段,6.57,都市：其他:第三之二種住宅區 但是否在道路用地(公共設施用地)(應依建築線或俟地籍測量分割後，再確定)。,30,1,持分移轉,00740002
RPVOMLPKKIKGFDA28DA,玉成段三小段,34.39,都市：其他:策略型工業區(不得作住宅使用)及道路用地(公共設施用地)。,10000,133,持分移轉,03440000
RPRNMLLLIIKGFEA37DA,陽明段一小段,43.13,都市：其他:第三種住宅區。,100000,5660,持分移轉,02460000
RPRNMLKLKIKGFDA37DA,永吉段四小段,2.10,都市：其他:交通用地(公共設施用地)。79/5/24,10000,20,持分移轉,01400007
RPRNMLKLKIKGFDA37DA,永吉段四小段,2.78,都市：其他:第參種商業區(依都市計畫說明書圖規定辦理，始得作第參種商業區使用)(原屬第參之壹種住宅區)。,10000,20,持分移轉,01410000
RPRNMLKLKIKGFDA37DA,永吉段四小段,.01,都市：其他:第參種商業區(依都市計畫說明書圖規定辦理，始得作第參種商業區使用)(原屬第參之壹種住宅區)。,10000,20,持分移轉,01410001
RPRNMLQJJHLGFBA47DA,龍山段一小段,27.86,都市：其他:第三種商業區。,10000,344,持分移轉,04020000
RPSOMLKMKIKGFBA47DA,中正段二小段,3.46,都市：其他:第參種商業區(依都市計畫說明書圖規定辦理，始得作第參種商業區使用)(原屬第貳種商業區)。,10000,71,持分移轉,05070000
RPPOMLMJKIKGFCA17DA,東湖段三小段,10.73,都市：其他:第三種住宅區。,10000,354,持分移轉,00200001
RPUOMLSLJIKGFDA48DA,中南段四小段,22.29,都市：其他:第三種住宅區。,56,1,持分移轉,02320000
RPRNMLQJJHLGFAA47EA,博嘉段四小段,25.61,都市：其他:第二種住宅區。,10000,244,持分移轉,01920000
RPTNMLPJJHLGFBA57DA,福星段二小段,3.30,都市：其他:第四種商業區。,10000,118,持分移轉,00060000
RPUOMLSLJIKGFDA48DA,中南段四小段,.38,都市：其他:道路用地(公共設施用地)。61/11/18,56,1,持分移轉,02320002
RPTNMLPJKIKGFEA97DA,文林段一小段,40.75,都市：其他:第三種住宅區。,4,1,持分移轉,00170000
RPPNMLRJJHLGFFA87EA,復興段一小段,36.50,都市：其他:第肆種商業區(依都市計畫說明書圖規定辦理，始得作第肆種商業區使用)(原屬第肆種住宅區)。,8,1,持分移轉,06400000
RPROMLTLKIKGFDA38DA,三興段一小段,.58,都市：其他:第參種商業區(依都市計畫說明書圖規定辦理，始得作第參種商業區使用)(原屬第貳種商業區)。,5000,31,持分移轉,05280000
RPROMLTLKIKGFDA38DA,三興段一小段,.01,都市：其他:第參種商業區(依都市計畫說明書圖規定辦理，始得作第參種商業區使用)(原屬第貳種商業區)。,5000,31,持分移轉,05290000
RPROMLTLKIKGFDA38DA,三興段一小段,1.11,都市：其他:第參種商業區(依都市計畫說明書圖規定辦理，始得作第參種商業區使用)(原屬第貳種商業區)。,2500,29,持分移轉,05310000
RPROMLTLKIKGFDA38DA,三興段一小段,.90,都市：其他:第參種商業區(依都市計畫說明書圖規定辦理，始得作第參種商業區使用)(原屬第貳種商業區)。,5000,39,持分移轉,05330000
RPROMLTLKIKGFDA38DA,三興段一小段,1.41,都市：其他:第參種商業區(依都市計畫說明書圖規定辦理，始得作第參種商業區使用)(原屬第貳種商業區)。,5000,37,持分移轉,05350000
RPROMLTLKIKGFDA38DA,三興段一小段,.04,都市：其他:第參種商業區(依都市計畫說明書圖規定辦理，始得作第參種商業區使用)(原屬第貳種商業區)。,5000,37,持分移轉,05360001
RPVNMLQJJHLGFEA18DA,永平段三小段,27.25,都市：其他:第三種住宅區。,4,1,持分移轉,01560000
RPPNMLRJJHLGFEA67DA,光華段一小段,27.30,都市：其他:第參種商業區(依都市計畫說明書圖規定辦理，始得作第參種商業區使用)(原屬第參種住宅區)。,1000000,53520,持分移轉,05380000
RPVNMLQLJIKGFAA97DA,南海段四小段,20.63,都市：其他:第四種住宅區。,20000,4005,持分移轉,02530000
RPVNMLQLJIKGFAA97DA,南海段四小段,.80,都市：其他:第參種商業區(依都市計畫說明書圖規定辦理，始得作第參種商業區使用)(原屬第貳種商業區)。,20000,4005,持分移轉,02530001
RPVNMLQLJIKGFAA97DA,南海段四小段,.02,都市：其他:第參種商業區(依都市計畫說明書圖規定辦理，始得作第參種商業區使用)(原屬第貳種商業區)。,15640,1,持分移轉,02540000
RPVNMLQLJIKGFAA97DA,南海段四小段,.00,都市：其他:第四種住宅區。,15640,1,持分移轉,02540001
RPVNMLQLJIKGFAA97DA,南海段四小段,.00,都市：其他:第四種住宅區。,15640,1,持分移轉,02540002
RPQNMLMKJIKGFFA47DA,懷生段三小段,28.50,都市：其他:第三種住宅區。,4,1,持分移轉,03620000
RPPPMLMJJHLGFDA27DA,中南段四小段,48.85,都市：其他:第二種住宅區。,100000,782,持分移轉,05520000
RPPPMLMJJHLGFDA27DA,中南段四小段,.47,都市：其他:第二種住宅區。,100000,10,持分移轉,06890000
RPSNMLMJKIKGFBA27DA,雙園段一小段,18.63,都市：其他:第三種住宅區。,28000,170,持分移轉,05370011
RPVNMLSJJHLGFDA28DA,虎林段五小段,5.61,都市：其他:第三種商業區。,100000,448,持分移轉,00280000
RPVNMLSJJHLGFDA28DA,虎林段三小段,.67,都市：其他:第參種商業區(依都市計畫說明書圖規定辦理，始得作第參種商業區使用)(原屬第參之壹種住宅區)。,100000,448,持分移轉,01140001
RPRNMLOLJIKGFEA77DA,天母段一小段,52.84,都市：其他:第三種住宅區。,100000,3315,持分移轉,01900000
RPPOMLRKKIKGFDA87DA,逸仙段三小段,1.26,都市：其他:道路用地(公共設施用地)。50/9/19,10000,142,持分移轉,01810000
RPPOMLRKKIKGFDA87DA,逸仙段三小段,11.91,都市：其他:第四種住宅區。,10000,142,持分移轉,01820000
RPPOMLRKKIKGFDA87DA,逸仙段三小段,1.59,都市：其他:道路用地(公共設施用地)。48/11/4,10000,142,持分移轉,01830000
RPVVMLPLJIKGFEA09DA,溫泉段二小段,40.19,都市：其他:第三種住宅區。,40000,304,持分移轉,00010000
RPRPMLKKKIKGFDA47DA,吳興段三小段,24.28,都市：其他:第三種住宅區。,1000,28,持分移轉,07370005
RPQOMLQJJHLGFEA77DA,立農段一小段,38.00,都市：其他:第三種住宅區。,8,2,持分移轉,02370000
RPPOMLNLIIKGFEA47DA,永新段一小段,2.17,都市：其他:第一種商業區。,800000,11480,持分移轉,02000000
RPQOMLOJKIKGFFA77DA,龍泉段三小段,7.15,都市：其他:第參種商業區(依都市計畫說明書圖規定辦理，始得作第參種商業區使用)(原屬第貳種商業區)。,10000,164,持分移轉,00690004
RPTNMLRJJHLGFAA67DA,木柵段一小段,22.21,都市：其他:第三種住宅區。,10000,753,持分移轉,05900000
RPQOMLOJKIKGFFA77DA,龍泉段三小段,2.69,都市：其他:第三種住宅區。,10000,164,持分移轉,00690006
RPPOMLNLIIKGFEA47DA,永新段一小段,34.10,都市：其他:第三種住宅區。,800000,11480,持分移轉,02010000
RPPOMLNLIIKGFEA47DA,永新段一小段,.03,都市：其他:第一種商業區。,800000,11480,持分移轉,02190000
RPPOMLNLIIKGFEA47DA,永新段一小段,.86,都市：其他:第一種商業區。,800000,11480,持分移轉,02640000
RPSQMLOLJIKGFDA08DA,經貿段,.35,都市：其他:住宅區(供商務住宅使用)。,1000000,160,持分移轉,00730001
RPOQMLOLJIKGFDA67DA,經貿段,.37,都市：其他:住宅區(供商務住宅使用)。,100000000,16671,持分移轉,00730001
RPQQMLOLJIKGFDA87DA,經貿段,.37,都市：其他:住宅區(供商務住宅使用)。,100000000,16671,持分移轉,00730001
RPRNMLMLKIKGFBA37DA,大龍段一小段,40.87,都市：其他:第三種住宅區。,100000,3743,持分移轉,03970000
RPQNMLLLJIKGFDA27DA,民生段,105.00,都市：其他:住宅用地(民生社區特定專用區)。,4,1,持分移轉,01010011
RPQNMLLLJIKGFDA27DA,民生段,1.25,都市：其他:道路用地(公共設施用地)。,4,1,持分移轉,01010018
RPRNMLKKIIKGFBA86DA,青年段一小段,54.65,都市：其他:第三種住宅區。,10000,2578,持分移轉,06140000
RPRNMLTKJIKGFFA28DA,懷生段一小段,2.13,都市：其他:第參種商業區(依都市計畫說明書圖規定辦理，始得作第參種商業區使用)(原屬第貳種商業區)。,100000,1593,持分移轉,01340000
RPRNMLTKJIKGFFA28DA,懷生段一小段,1.93,都市：其他:第參種商業區(依都市計畫說明書圖規定辦理，始得作第參種商業區使用)(原屬第貳種商業區)。,100000,1593,持分移轉,01370000
RPSOMLKMKIKGFCA57DA,金泰段,10.20,都市：其他:商業區(供一般商業使用不得作住宅使用)。,100000,378,持分移轉,00940006
RPQNMLKKIIKGFBA76DA,青年段一小段,54.65,都市：其他:第三種住宅區。,10000,2578,持分移轉,06140000
RPQNMLTKJIKGFFA18DA,懷生段一小段,2.31,都市：其他:第參種商業區(依都市計畫說明書圖規定辦理，始得作第參種商業區使用)(原屬第貳種商業區)。,100000,1724,持分移轉,01340000
RPQNMLTKJIKGFFA18DA,懷生段一小段,2.09,都市：其他:第參種商業區(依都市計畫說明書圖規定辦理，始得作第參種商業區使用)(原屬第貳種商業區)。,100000,1724,持分移轉,01370000
RPTNMLTKKIKGFFA58DA,龍泉段三小段,4.37,都市：其他:第參種商業區(依都市計畫說明書圖規定辦理，始得作第參種商業區使用)(原屬第貳種商業區)。,12500,211,持分移轉,09710000
RPRQMLOLJIKGFDA97DA,經貿段,.44,都市：其他:住宅區(供商務住宅使用)。,10000,2,持分移轉,00730001
RPPNMLNKKIKGFDA37DA,祥和段四小段,282.00,都市：其他:第一種住宅區。,1,1,全筆移轉,04940007
RPPNMLNKKIKGFDA37DA,祥和段四小段,735.00,都市：其他:第一種住宅區。,1,1,全筆移轉,04940047
RPPNMLNKKIKGFDA37DA,祥和段四小段,237.00,都市：其他:第一種住宅區。,1,1,全筆移轉,04980000
RPPNMLNKKIKGFDA37DA,祥和段四小段,202.00,都市：其他:第一種住宅區。,1,1,全筆移轉,04990000
RPPNMLLMIIKGFFA37DA,龍泉段三小段,17.90,都市：其他:第三種住宅區。,10000,240,持分移轉,05510000
RPSNMLTKJIKGFFA38DA,懷生段一小段,1.85,都市：其他:第參種商業區(依都市計畫說明書圖規定辦理，始得作第參種商業區使用)(原屬第貳種商業區)。,100000,1380,持分移轉,01340000
RPPNMLSKJIKGFCA67DA,德惠段四小段,13.58,都市：其他:第肆種商業區(依都市計畫說明書圖規定辦理，始得作第肆種商業區使用)(原屬第參種商業區)。,10000,196,持分移轉,05170000
RPSNMLTKJIKGFFA38DA,懷生段一小段,1.67,都市：其他:第參種商業區(依都市計畫說明書圖規定辦理，始得作第參種商業區使用)(原屬第貳種商業區)。,100000,1380,持分移轉,01370000
RPSOMLKMKIKGFDA67DA,玉成段四小段,32.52,都市：其他:第三種住宅區。,10000,310,持分移轉,01550000
RPTNMLTJKIKGFDA28DA,經貿段,49.98,都市：其他:住宅區(供商務住宅使用)。,100000,592,持分移轉,00660001
RPQOMLMJKIKGFEA47DA,關渡段二小段,19.90,都市：其他:第三種住宅區。,10000,344,持分移轉,01980000
RPWNMLLMIIKGFEA97DA,豐年段三小段,26.72,都市：其他:第壹種商業區(依都市計畫說明書圖規定辦理，始得作第壹種商業區使用)(原屬第參種住宅區)。,100000,900,持分移轉,07670000
RPSNMLNLKIKGFFA97DA,仁愛段四小段,27.44,都市：其他:敦化南北路特定專用區(A區)(依都市計畫說明書圖規定辦理)(原屬第肆種住宅區)。,10000,625,持分移轉,03970001
RPRNMLSJJHLGFDA87DA,西松段一小段,56.68,都市：其他:第三種住宅區。,200000,2372,持分移轉,00150003
RPOPMLPKKIKGFDA67DA,經貿段,.35,都市：其他:住宅區(供商務住宅使用)。,3000000,480,持分移轉,00730001
RPTNMLRJJHLGFBA77DA,青年段一小段,23.38,都市：其他:第三種住宅區。,8,1,持分移轉,06920000
RPSNMLTJJHLGFBA87DA,福星段二小段,12.60,都市：其他:第四種商業區。,5,1,持分移轉,07780000
RPPOMLLKKIKGFEA37DA,天母段四小段,25.35,都市：其他:第二種住宅區。,10000,45,持分移轉,00430000
RPTOMLSLJIKGFDA38DA,寶清段一小段,31.27,都市：其他:第三之一種住宅區。,34000,427,持分移轉,00510011
RPPNMLOJIIKGFAA86DA,景美段一小段,12.37,都市：其他:第四種住宅區。,10000,51,持分移轉,05220000
RPSNMLRKIIKGFAA57DA,萬隆段二小段,23.10,都市：其他:第三種住宅區。,10000,117,持分移轉,02610000
RPVOMLMLKIKGFDA08DA,寶清段五小段,6.15,都市：其他:第二種商業區及第三種住宅區 但是否在道路用地(公共設施用地)(應依建築線或俟地籍測量分割後，再確定)。,10000,35,持分移轉,02790000
RPRNMLNLKIKGFFA87DA,仁愛段四小段,33.26,都市：其他:第四種住宅區。,10000,460,持分移轉,00070000
RPRNMLRLKIKGFEA18DA,振興段一小段,34.40,都市：其他:第三種住宅區。,15,3,持分移轉,05050000
RPSNMLTJKIKGFDA18DA,敦化段三小段,.41,都市：其他:第參種商業區(依都市計畫說明書圖規定辦理，始得作第參種商業區使用)(原屬第貳種商業區)。,10000,47,持分移轉,05500000
RPPNMLOLJIKGFEA57DA,溪洲段二小段,33.46,都市：其他:住宅區(細部計畫尚未完成，尚未能准許依變更後計畫用途使用) 但是否在道路用地(公共設施用地)(應依建築線或俟地籍測量分割後，再確定)。,500,94,持分移轉,03950000
RPPNMLOLJIKGFEA57DA,溪洲段二小段,127.09,都市：其他:住宅區(細部計畫尚未完成，尚未能准許依變更後計畫用途使用) 但是否在道路用地(公共設施用地)(應依建築線或俟地籍測量分割後，再確定)。,500,94,持分移轉,03960000
RPSNMLTJKIKGFDA18DA,敦化段三小段,3.28,都市：其他:第參種商業區(依都市計畫說明書圖規定辦理，始得作第參種商業區使用)(原屬第貳種商業區)。,10000,47,持分移轉,05510000
RPRNMLKKJIKGFCA07DA,東湖段三小段,9.72,都市：其他:第三種住宅區。,10000,146,持分移轉,00110013
RPRNMLMKJHLGFEA57EA,蘭雅段二小段,16.75,都市：其他:第三種住宅區。,4,1,持分移轉,03340000
RPSNMLTJJHLGFCA97DA,德惠段四小段,21.53,都市：其他:第肆種商業區(依都市計畫說明書圖規定辦理，始得作第肆種商業區使用)(原屬第參種商業區)。,10000000,97009,持分移轉,03930000
RPOPMLMLKIKGFDA47DA,犂和段一小段,35.00,都市：其他:第三種住宅區。,10000,261,持分移轉,01860004
RPOPMLMLKIKGFDA47DA,犂和段一小段,5.35,都市：其他:第二種住宅區。,10000,261,持分移轉,01860009
RPOOMLTLKIKGFBA87DA,莒光段三小段,26.70,都市：其他:第三種住宅區。,10000,130,持分移轉,04760000
RPQNMLNLKIKGFCA47DA,長安段三小段,14.46,都市：其他:第參種商業區(依都市計畫說明書圖規定辦理，始得作第參種商業區使用)(原屬第參種住宅區)。,10000,799,持分移轉,05420001
RPXNMLMKJHLGFEA18EA,華岡段二小段,11.29,都市：其他:道路用地(公共設施用地)。68/2/28,1,1,全筆移轉,06370000
RPXNMLMKJHLGFEA18EA,華岡段二小段,209.16,都市：其他:特定住宅區(二)。,1,1,全筆移轉,06380000
RPOOMLOLKIKGFCA47DA,康寧段三小段,11.73,都市：其他:第三種商業區。,10000,164,持分移轉,02540000
RPWNMLMKJHLGFEA08EA,關渡段二小段,18.24,都市：其他:第三之二種住宅區。,10000,100,持分移轉,00040000
RPWNMLMKJHLGFEA08EA,關渡段二小段,2.92,都市：其他:第三之一種住宅區。,10000,100,持分移轉,00040002
RPWNMLMKJHLGFEA08EA,關渡段二小段,1.69,都市：其他:第三種住宅區。,10000,100,持分移轉,00060001
RPVNMLKMKIKGFEA97DA,天母段四小段,36.11,都市：其他:第二種住宅區。,500,9,持分移轉,00910000
RPORMLOKJIKGFEA77DA,光華段四小段,5.96,都市：其他:第參種商業區(依都市計畫說明書圖規定辦理，始得作第參種商業區使用)(原屬第參之貳種住宅區依都市計畫說明書圖規定辦理)。,50000,212,持分移轉,07990000
RPROMLNKJHLGFFA77DA,復興段二小段,24.95,都市：其他:第四種住宅區。,10000,126,持分移轉,01490000
RPORMLOKJIKGFEA77DA,光華段四小段,2.06,都市：其他:第參種商業區(依都市計畫說明書圖規定辦理，始得作第參種商業區使用)(原屬第參種住宅區依都市計畫說明書圖規定辦理)。,50000,212,持分移轉,07990001
RPRNMLMKJHLGFFA57DA,大安段三小段,.14,都市：其他:第參種商業區(依都市計畫說明書圖規定辦理，始得作第參種商業區使用)(原屬第貳種商業區)。,10000,95,持分移轉,05770000
RPRNMLMKJHLGFFA57DA,大安段三小段,.07,都市：其他:第參種商業區(依都市計畫說明書圖規定辦理，始得作第參種商業區使用)(原屬第貳種商業區)。,10000,95,持分移轉,05780000
RPRNMLMKJHLGFFA57DA,大安段三小段,1.20,都市：其他:第參種商業區(依都市計畫說明書圖規定辦理，始得作第參種商業區使用)(原屬第貳種商業區)。,10000,95,持分移轉,05790000
RPRNMLMKJHLGFFA57DA,大安段三小段,.16,都市：其他:第參種商業區(依都市計畫說明書圖規定辦理，始得作第參種商業區使用)(原屬第貳種商業區)。,10000,95,持分移轉,05800000
RPRNMLMKJHLGFFA57DA,大安段三小段,1.45,都市：其他:第參種商業區(依都市計畫說明書圖規定辦理，始得作第參種商業區使用)(原屬第貳種商業區)。,10000,95,持分移轉,05810000
RPRNMLMKJHLGFFA57DA,大安段三小段,1.80,都市：其他:第參種商業區(依都市計畫說明書圖規定辦理，始得作第參種商業區使用)(原屬第貳種商業區)。,10000,95,持分移轉,05820000
RPRNMLMKJHLGFFA57DA,大安段三小段,3.90,都市：其他:第參種商業區(依都市計畫說明書圖規定辦理，始得作第參種商業區使用)(原屬第貳種商業區)。,10000,95,持分移轉,05830000
RPUTMLTKJIKGFCA88DA,西湖段四小段,8.57,都市：其他:科技工業區(A區)(不得作住宅使用)。,10000,69,持分移轉,03990000
RPPNMLQKKIKGFAA37DA,萬芳段三小段,.56,都市：其他:第二種住宅區 但是否在第三種住宅區(應依建築線或俟地籍測量分割後，再確定)。,10000,29,持分移轉,00820000
RPPNMLQKKIKGFAA37DA,萬芳段三小段,32.35,都市：其他:第二種住宅區 但是否在第三種住宅區(應依建築線或俟地籍測量分割後，再確定)。,10000,29,持分移轉,00910000
RPPNMLQKKIKGFAA37DA,公訓段三小段,1.13,都市：其他:第二種住宅區。,10000,29,持分移轉,02660001
RPRNMLOKJIKGFFA77DA,金華段二小段,35.05,都市：其他:第三種住宅區。,100000,6420,持分移轉,02310000
RPRNMLOKJIKGFFA77DA,金華段二小段,.13,都市：其他:道路用地(公共設施用地)。,100000,6420,持分移轉,02310001
RPRNMLRJJHLGFAA47DA,南海段三小段,30.35,都市：其他:第三之一種住宅區。,100000,919,持分移轉,08480000
RPRNMLRJJHLGFAA47DA,南海段三小段,13.85,都市：其他:第三種住宅區。,100000,919,持分移轉,08520000
RPPOMLMLKIKGFCA37DA,長春段一小段,6.82,都市：其他:第參種商業區(依都市計畫說明書圖規定辦理，始得作第參種商業區使用)(原屬第貳種商業區)。,15710000,86834,持分移轉,05610000
RPPOMLMLKIKGFCA37DA,長春段一小段,1.79,都市：其他:第三種商業區(特)(遷)(依都市計畫說明書圖規定辦理，始得作第參種商業區使用)。,15710000,86834,持分移轉,05610003
RPTNMLNJKIKGFCA57DA,東湖段七小段,19.63,都市：其他:第三種住宅區。,100000,433,持分移轉,00430000
RPQNMLSKJIKGFDA87DA,福德段一小段,21.90,都市：其他:第三種住宅區。,10000,464,持分移轉,06730000
RPQNMLLMKIKGFCA37DA,康寧段三小段,25.59,都市：其他:第三種住宅區。,10000,49,持分移轉,05380000
RPPOMLOJJIKGFEA47DA,立農段五小段,33.69,都市：其他:第三種住宅區。,16,1,持分移轉,00230000
RPPOMLOJJIKGFEA47DA,立農段五小段,.12,都市：其他:道路用地(公共設施用地)。51/7/14,16,1,持分移轉,00230001
RPPOMLOJJIKGFEA47DA,立農段五小段,.31,都市：其他:道路用地(公共設施用地)。51/7/14,16,1,持分移轉,00230002
RPSOMLNKJHLGFDA67DA,寶清段一小段,19.59,都市：其他:第三種住宅區。,100000,1425,持分移轉,00510013
RPVNMLMKKIKGFDA87DA,吳興段二小段,8.95,都市：其他:第三種住宅區。,40000,3544,持分移轉,05690005
RPVNMLMKKIKGFDA87DA,吳興段二小段,7.27,都市：其他:第三種住宅區。,40000,3544,持分移轉,05720000
RPVNMLMKKIKGFDA87DA,吳興段二小段,12.76,都市：其他:第三種住宅區。,40000,3544,持分移轉,05730006
RPUOMLTJJHLGFCA28DA,中山段一小段,7.05,都市：其他:第肆種商業區(依都市計畫說明書圖規定辦理，始得作第肆種商業區使用)(原屬第參種商業區)。,10000,49,持分移轉,04800000
RPPPMLRJJHLGFEA87DA,芝山段一小段,46.73,都市：其他:第三種住宅區。,10000,136,持分移轉,03980000
RPTNMLOKJHLGFCA67DA,碧山段二小段,143.06,都市：其他:保護區。,1,1,全筆移轉,03200000
RPTNMLOKJHLGFCA67DA,碧山段二小段,114.22,都市：其他:保護區。,1,1,全筆移轉,03200001
RPTNMLOKJHLGFCA67DA,碧山段二小段,40.72,都市：其他:保護區。,1,1,全筆移轉,03200002
RPSNMLQKJHLGFAA57DA,河堤段一小段,32.00,都市：其他:第三種住宅區。,1,1,全筆移轉,04210000
RPSNMLQKJHLGFAA57DA,河堤段一小段,12.00,都市：其他:道路用地(公共設施用地)。,1,1,全筆移轉,04210001
RPUOMLPJJHLGFBA77DA,臨沂段二小段,28.52,都市：其他:第三種住宅區。,10000,2067,持分移轉,01340000
RPSOMLNKJHLGFEA77DA,桃源段一小段,24.61,都市：其他:第三種住宅區。,10000,339,持分移轉,05830000
RPSNMLRJJHLGFAA57DA,永昌段三小段,8.81,都市：其他:第三種住宅區。,20000,539,持分移轉,01890000
RPSNMLRJJHLGFAA57DA,永昌段三小段,.05,都市：其他:道路用地(公共設施用地)。,20000,539,持分移轉,01890001
RPOOMLPJJHLGFFA57DA,懷生段三小段,40.72,都市：其他:第三種住宅區。,100000,8395,持分移轉,02350000
RPSOMLSJIIKGFEA08DA,行義段三小段,33.67,都市：其他:第三種住宅區。,20000,310,持分移轉,05110000
RPSOMLSJIIKGFEA08DA,行義段三小段,.22,都市：其他:河川區。,20000,310,持分移轉,05110002
RPPNMLSJJHLGFCA57DA,吉林段三小段,5.45,都市：其他:第肆種商業區(依都市計畫說明書圖規定辦理，始得作第肆種商業區使用)(原屬第參種商業區)。,10000,173,持分移轉,09460000
RPQNMLSJJHLGFDA77DA,雅祥段四小段,2.59,都市：其他:第二種商業區。,100000,164,持分移轉,02760000
RPQNMLSJJHLGFDA77DA,雅祥段四小段,1.09,都市：其他:第三種住宅區。,100000,164,持分移轉,02830000
RPRNMLQKJHLGFCA77EA,長春段二小段,9.23,都市：其他:第三種住宅區。,10000,117,持分移轉,03370000
RPXOMLOKJHLGFDA28DA,三興段三小段,25.77,都市：其他:第三種住宅區。,70000,210,持分移轉,05620000
RPXOMLOKJHLGFDA28DA,三興段三小段,1.70,都市：其他:第參種商業區(依都市計畫說明書圖規定辦理，始得作第參種商業區使用)(原屬第貳種商業區)。,70000,210,持分移轉,05620003
RPVNMLTJJHLGFEA48DA,芝山段一小段,.46,都市：其他:第三種住宅區。,10000,208,持分移轉,01420000
RPVNMLTJJHLGFEA48DA,芝山段一小段,.27,都市：其他:第三種住宅區。,10000,208,持分移轉,01440000
RPVNMLTJJHLGFEA48DA,芝山段一小段,1.10,都市：其他:第三種住宅區。,10000,208,持分移轉,01460000
RPPNMLRLKIKGFDA87DA,福德段三小段,26.75,都市：其他:第三種住宅區。,4,1,持分移轉,02530000
RPVNMLTJJHLGFEA48DA,芝山段一小段,9.05,都市：其他:第三種住宅區。,10000,208,持分移轉,01480000
RPVNMLTJJHLGFEA48DA,芝山段一小段,15.45,都市：其他:第三種住宅區。,10000,208,持分移轉,01520000
RPXNMLMLIIKGFBA77DA,雙連段一小段,14.71,都市：其他:第三種商業區。,100000,909,持分移轉,06800000
RPPNMLNKJHLGFEA37DA,光華段三小段,7.47,都市：其他:第參種商業區(依都市計畫說明書圖規定辦理，始得作第參種商業區使用)(原屬第參種住宅區)。,10000,85,持分移轉,08990000
RPQNMLPKKIKGFFA87DA,學府段一小段,23.11,都市：其他:第三種住宅區。,20000,268,持分移轉,05090000
RPUOMLKMKIKGFCA77DA,吉林段四小段,18.43,都市：其他:第肆種商業區(依都市計畫說明書圖規定辦理，始得作第肆種商業區使用)(原屬第參種商業區)。,100000,960,持分移轉,05660000
RPRNMLSJJHLGFFA08DA,大安段一小段,7.43,都市：其他:敦化南北路特定專用區(A區)(依都市計畫說明書圖規定辦理)(原屬第參之貳種住宅區) 但是否在道路用地(公共設施用地)(應依建築線或俟地籍測量分割後，再確定)。,10000,94,持分移轉,00200000
RPRNMLTLKIKGFCA18DA,德惠段二小段,24.25,都市：其他:第三種住宅區。,4,1,持分移轉,00980000
RPRNMLSJJHLGFFA08DA,大安段一小段,1.80,都市：其他:敦化南北路特定專用區(A區)(依都市計畫說明書圖規定辦理)(原屬第參種住宅區) 但是否在道路用地(公共設施用地)(應依建築線或俟地籍測量分割後，再確定)。,10000,94,持分移轉,00200001
RPRNMLTLKIKGFCA18DA,德惠段二小段,9.75,都市：其他:第三種住宅區。,4,1,持分移轉,00980001
RPQNMLTKKIKGFDA08DA,美仁段一小段,42.68,都市：其他:第三種住宅區。,49000,303,持分移轉,00020003
RPTOMLNKJHLGFDA77DA,三興段二小段,32.00,都市：其他:第三種住宅區。,1,1,全筆移轉,04280108
RPXNMLPKKIKGFDA38DA,民生段,7.25,都市：其他:住宅用地(民生社區特定專用區)。,4,1,持分移轉,01200016
RPXNMLPKKIKGFDA38DA,民生段,43.25,都市：其他:住宅用地(民生社區特定專用區)。,4,1,持分移轉,01200017
RPRNMLPKKIKGFCA77EA,西湖段二小段,.26,都市：其他:第貳種工業區(不得作住宅使用)。,21960,480,持分移轉,02590000
RPWNMLPKJHLGFCA08DA,石潭段四小段,81.90,都市：其他:第三種住宅區。,10000,609,持分移轉,00530000
RPPNMLQKJHLGFCA57EA,文德段四小段,36.70,都市：其他:第三種住宅區。,10000,66,持分移轉,01610000
RPQOMLQLKIKGFEA08DA,溫泉段一小段,2.66,都市：其他:第三種商業區。,10000,28,持分移轉,02590000
RPQOMLQLKIKGFEA08DA,溫泉段一小段,5.13,都市：其他:第三種住宅區。,10000,28,持分移轉,02630000
RPROMLPKJHLGFEA87DA,天母段三小段,21.84,都市：其他:第三種住宅區。,10000,129,持分移轉,05330000
RPXNMLNLKIKGFAA97DA,實踐段三小段,43.02,都市：其他:第三種住宅區。,1000000,8281,持分移轉,07070000
RPSOMLSLJIKGFCA18DA,正義段一小段,47.50,都市：其他:第參種商業區(依都市計畫說明書圖規定辦理，始得作第參種商業區使用)(原屬第參種住宅區)。,4,1,持分移轉,07660000
RPPNMLSJJHLGFBA47DA,臨沂段四小段,56.00,都市：其他:第三種住宅區。,4,1,持分移轉,01740000
RPPNMLSJJHLGFBA47DA,臨沂段四小段,1.00,都市：其他:道路用地(公共設施用地)。61/3/24,4,1,持分移轉,01740001
RPROMLQJJHLGFCA67DA,康寧段二小段,.01,都市：其他:第三種住宅區。,10000,69,持分移轉,00510005
RPPNMLPLKIKGFDA67DA,中南段二小段,29.48,都市：其他:第三種住宅區。,10000,73,持分移轉,02980000
RPROMLQJJHLGFCA67DA,康寧段二小段,32.02,都市：其他:第三種住宅區。,10000,69,持分移轉,00530000
RPROMLQJJHLGFCA67DA,康寧段二小段,.10,都市：其他:第三種住宅區。,10000,69,持分移轉,00570006
RPPNMLKMKIKGFAA96DA,政大段三小段,56.16,都市：其他:第二種住宅區。,100000,459,持分移轉,01530000
RPUNMLMJJHLGFCA47DA,東湖段二小段,25.70,都市：其他:第三種住宅區。,10,1,持分移轉,00220003
RPPNMLKMKIKGFAA96DA,政大段三小段,2.52,都市：其他:第二種住宅區。,100000,459,持分移轉,01530001
RPPNMLKMKIKGFAA96DA,政大段三小段,10.98,都市：其他:第三種住宅區。,100000,459,持分移轉,02460000
RPPNMLKMKIKGFAA96DA,政大段三小段,1.12,都市：其他:第三種住宅區。,100000,459,持分移轉,02460001
RPPNMLKMKIKGFAA96DA,頭廷段四小段,1.90,都市：其他:第二種住宅區。,100000,459,持分移轉,03010000
RPPNMLKMKIKGFAA96DA,頭廷段四小段,1.62,都市：其他:第二種住宅區。,100000,459,持分移轉,03020000
RPSOMLTLIIKGFCA18DA,長春段二小段,6.36,都市：其他:第參種商業區(依都市計畫說明書圖規定辦理，始得作第參種商業區使用)(原屬第參之貳種住宅區)。,10000,68,持分移轉,00080000
RPOPMLQKJHLGFCA57DA,碧湖段三小段,26.57,都市：其他:第三種住宅區。,10000,47,持分移轉,04020000
RPOPMLQKJHLGFCA57DA,碧湖段三小段,.02,都市：其他:第三種住宅區。,10000,47,持分移轉,04130002
RPQNMLMJJHLGFEA27DA,關渡段二小段,19.25,都市：其他:第二種住宅區。,4,1,持分移轉,06290000
RPTNMLNLIIKGFEA77DA,福林段一小段,49.42,都市：其他:第三種住宅區。,100000,457,持分移轉,03310000
RPQNMLQKJHLGFEA77DA,蘭雅段一小段,54.29,都市：其他:第三種住宅區。,900,96,持分移轉,03800000
RPQNMLQKJHLGFEA77DA,蘭雅段一小段,4.16,都市：其他:第三種住宅區。,900,96,持分移轉,03810000
RPTNMLTKJHLGFEA38DA,永平段四小段,198.45,都市：其他:第貳種工業區(不得作住宅使用)。,10000,608,持分移轉,08480000
RPPNMLQLIIKGFCA47DA,長安段四小段,3.92,都市：其他:第參種商業區(依都市計畫說明書圖規定辦理，始得作第參種商業區使用)(原屬第貳種商業區)。,10000,149,持分移轉,00880000
RPQNMLSLJIKGFFA18DA,辛亥段六小段,27.87,都市：其他:第三種住宅區。,720,48,持分移轉,00310012
RPUNMLTKJHLGFAA18EA,福和段一小段,35.00,都市：其他:第三種住宅區。,8,1,持分移轉,05970000
RPVNMLQKKIKGFEA38DA,芝山段二小段,28.26,都市：其他:第三種住宅區。,10000,286,持分移轉,02110000
RPTNMLTLIIKGFFA48DA,金華段二小段,34.27,都市：其他:第三種住宅區。,2000,150,持分移轉,09460000
RPUNMLTKJHLGFAA18EA,福和段一小段,4.43,都市：其他:道路用地(公共設施用地)。46/6/14,14688,1669,持分移轉,05980000
RPPOMLPJJHLGFBA27DA,莒光段三小段,23.21,都市：其他:第三種住宅區。,100000,1130,持分移轉,04760000
RPTNMLQLKIKGFAA87DA,萬隆段一小段,20.77,都市：其他:第參種商業區(依都市計畫說明書圖規定辦理，始得作第參種商業區使用)(原屬第參之壹種住宅區)。,10000,1562,持分移轉,03550000
RPTNMLQLKIKGFAA87DA,萬隆段一小段,16.09,都市：其他:第參種商業區(依都市計畫說明書圖規定辦理，始得作第參種商業區使用)(原屬第參種住宅區)。,10000,1562,持分移轉,04470000
RPXOMLKMKIKGFBA97DA,臨沂段三小段,79.00,都市：其他:第三種住宅區。,2,1,持分移轉,00920000
RPVNMLQJJHLGFBA87DA,龍山段一小段,22.50,都市：其他:第三種商業區。,4,1,持分移轉,08910000
RPRNMLOKJHLGFBA37DA,橋北段三小段,20.00,都市：其他:第四種住宅區。,4,1,持分移轉,05740000
RPRNMLOKJHLGFBA37DA,橋北段三小段,2.50,都市：其他:第四種住宅區。,4,1,持分移轉,05750000
RPVNMLPJJHLGFDA97DA,祥和段四小段,32.50,都市：其他:第三種住宅區。,4,1,持分移轉,02470000
RPVNMLPJJHLGFDA97DA,祥和段四小段,4.75,都市：其他:道路用地(公共設施用地)。63/10/18,4,1,持分移轉,02470001
RPUNMLOKJHLGFDA87DA,中南段四小段,17.55,都市：其他:第三種住宅區。,100000,940,持分移轉,10680000
RPUOMLKLIIKGFFA77DA,金華段二小段,63.98,都市：其他:第三種住宅區。,1000,140,持分移轉,09460000
RPVNMLQKJHLGFFA38DA,大安段三小段,24.93,都市：其他:第三種住宅區。,90827,45,持分移轉,02980000
RPQOMLPKKIKGFDA77DA,三興段二小段,15.20,都市：其他:第三種住宅區。,5,1,持分移轉,08610000
RPOOMLTKJHLGFCA77DA,西湖段一小段,24.83,都市：其他:第二種住宅區。,10000,102,持分移轉,03770008
RPQNMLLLJHLGFEA47EA,桃源段二小段,44.90,都市：其他:第二種住宅區。,10000,186,持分移轉,00450000
RPXNMLQKJHLGFBA18DA,玉泉段一小段,98.00,都市：其他:第三種商業區。,1,1,全筆移轉,04950000
RPVPMLKKJIKGFCA67DA,碧山段一小段,1182.34,都市：其他:保護區。,80351,70351,持分移轉,01500004
RPVNMLLKKIKGFBA57DA,直興段二小段,1.00,都市：其他:第肆種商業區(依都市計畫說明書圖規定辦理，始得作第肆種商業區使用)(原屬第參種商業區)。,1,1,全筆移轉,02550000
RPVNMLLKKIKGFBA57DA,直興段二小段,27.40,都市：其他:第肆種商業區(依都市計畫說明書圖規定辦理，始得作第肆種商業區使用)(原屬第參種商業區)。,5,1,持分移轉,02570000
RPVNMLLKKIKGFBA57DA,直興段二小段,15.00,都市：其他:第肆種商業區(依都市計畫說明書圖規定辦理，始得作第肆種商業區使用)(原屬第參種商業區)。,5,1,持分移轉,02580000
RPVNMLLKKIKGFBA57DA,直興段二小段,16.60,都市：其他:第肆種商業區(依都市計畫說明書圖規定辦理，始得作第肆種商業區使用)(原屬第參種商業區)。,5,1,持分移轉,02590000
RPPNMLRKKIKGFDA77DA,延吉段一小段,6.19,都市：其他:第三種住宅區。,960000,8928,持分移轉,00420000
RPTNMLLMKIKGFAA47DA,河堤段五小段,5.38,都市：其他:第二種商業區。,100000,698,持分移轉,04220000
RPRNMLRKKIKGFDA97DA,延吉段一小段,11.52,都市：其他:第三種住宅區。,320000,5536,持分移轉,00420000
RPWNMLPLJIKGFFA48DA,懷生段二小段,12.94,都市：其他:第三種住宅區。,996430,990,持分移轉,02220000
RPWNMLPLJIKGFFA48DA,懷生段二小段,9.86,都市：其他:第參種商業區(依都市計畫說明書圖規定辦理，始得作第參種商業區使用)(原屬第貳種商業區)。,996430,990,持分移轉,02220007
RPQNMLOLIIKGFAA17DA,木柵段一小段,1.26,都市：其他:第三種住宅區。,480,3,持分移轉,08150000
RPQNMLOLIIKGFAA17DA,木柵段一小段,31.10,都市：其他:第三種住宅區。,320,37,持分移轉,08160000
RPPNMLMJJHLGFBA86DA,公園段三小段,15.40,都市：其他:第四種商業區。,20000,144,持分移轉,02450000
RPPNMLOJKIKGFBA17DA,直興段二小段,4.40,都市：其他:第肆種商業區(依都市計畫說明書圖規定辦理，始得作第肆種商業區使用)(原屬第參種商業區)。,12800,210,持分移轉,03980000
RPXNMLTKJHLGFAA38DA,萬芳段二小段,90.38,都市：其他:第二種住宅區。,100000,333,持分移轉,01000000
RPXNMLTKJHLGFAA38DA,萬芳段二小段,7.27,都市：其他:第三種住宅區。,100000,333,持分移轉,01620000
RPSNMLLLJIKGFEA57DA,湖山段一小段,1.85,都市：其他:陽明山國家公園區(請逕向陽明山國家公園管理處申請)。,10000,1144,持分移轉,02410000
RPSNMLLLJIKGFEA57DA,湖山段一小段,2.28,都市：其他:陽明山國家公園區(請逕向陽明山國家公園管理處申請)。,10000,1144,持分移轉,02420000
RPSNMLLLJIKGFEA57DA,湖山段一小段,3.31,都市：其他:陽明山國家公園區(請逕向陽明山國家公園管理處申請)。,10000,1144,持分移轉,02460000
RPSNMLLLJIKGFEA57DA,湖山段一小段,39.38,都市：其他:陽明山國家公園區(請逕向陽明山國家公園管理處申請)。,10000,1144,持分移轉,02490000
RPSNMLLLJIKGFEA57DA,湖山段一小段,279.30,都市：其他:陽明山國家公園區(請逕向陽明山國家公園管理處申請)。,10000,2092,持分移轉,02500000
RPPNMLNLJIKGFCA27DA,金泰段,37.75,都市：其他:商業區(供一般商業使用不得作住宅使用)。,100000,1040,持分移轉,00850007
RPXNMLRKKIKGFCA48DA,康寧段四小段,29.94,都市：其他:第三種住宅區。,10000,343,持分移轉,04570005
RPUNMLLLJHLGFCA57DA,東湖段七小段,30.25,都市：其他:第三種住宅區。,4,1,持分移轉,02300000
RPPOMLNKJHLGFBA17DA,福星段二小段,77.00,都市：其他:第四種商業區。,1,1,全筆移轉,04480000
RPVNMLTLIIKGFEA58DA,行義段一小段,38.35,都市：其他:第二種住宅區。,10000,355,持分移轉,03820000
RPUNMLRJJHLGFEA18DA,百齡段一小段,13.18,都市：其他:第三之二種住宅區。,10000,262,持分移轉,01240000
RPUNMLRJJHLGFEA18DA,百齡段一小段,28.24,都市：其他:第三種住宅區。,10000,262,持分移轉,01240007
RPTNMLQLKIKGFDA18DA,美仁段二小段,3.92,都市：其他:第參種商業區(依都市計畫說明書圖規定辦理，始得作第參種商業區使用)(原屬第貳種商業區)。,100000,380,持分移轉,02860000
RPTNMLQLKIKGFDA18DA,美仁段二小段,.82,都市：其他:第三種住宅區。,100000,380,持分移轉,02860001
RPUNMLOJKIKGFFA08DA,仁愛段三小段,6.64,都市：其他:第四種住宅區。,100000,2515,持分移轉,04050000
RPSNMLSKKIKGFFA38DA,仁愛段一小段,10.09,都市：其他:第參種商業區(依都市計畫說明書圖規定辦理，始得作第參種商業區使用)(原屬第四之一種住宅區〈特〉國父紀念館特定專用區)。,10000,146,持分移轉,05100000
RPQNMLNLJHLGFBA37EA,公園段三小段,9.63,都市：其他:第四種商業區。,20000,90,持分移轉,02450000
RPPNMLSKIIKGFCA57DA,吉林段五小段,6.12,都市：其他:市場用地(公共設施用地)。59/11/5,10000,12,持分移轉,03360001
RPXNMLLMKIKGFDA18DA,寶清段一小段,26.40,都市：其他:第三種住宅區。,5,1,持分移轉,01970000
RPQOMLTJJHLGFBA77DA,公園段二小段,6.99,都市：其他:第四種商業區。,10000,52,持分移轉,06490000
RPSNMLNLKIKGFAA47DA,華興段一小段,17.50,都市：其他:第三種住宅區。,4,1,持分移轉,03560000
RPSNMLNLJHLGFDA77EA,玉成段三小段,35.00,都市：其他:第參種工業區(不得作住宅使用)。,48,16,持分移轉,00750000
RPTOMLNLJHLGFDA87DA,敦化段二小段,2.91,都市：其他:第參種商業區(依都市計畫說明書圖規定辦理，始得作第參種商業區使用)(原屬第貳種商業區)。,10000,53,持分移轉,05230000
RPQNMLQLJHLGFEA97EA,福順段二小段,1.16,都市：其他:第三種住宅區。,10000,178,持分移轉,00030000
RPQNMLQLJHLGFEA97EA,福順段二小段,15.88,都市：其他:第三之二種住宅區。,10000,178,持分移轉,00030001
RPQOMLLMKIKGFAA27DA,木柵段一小段,9.70,都市：其他:第參種商業區(依都市計畫說明書圖規定辦理，始得作第參種商業區使用)(原屬第參種住宅區)。,1000000,6700,持分移轉,10270000
RPQOMLLMKIKGFAA27DA,木柵段一小段,8.82,都市：其他:第三種商業區。,1000000,6700,持分移轉,10280000
RPQNMLOKKIKGFDA57DA,福德段三小段,13.73,都市：其他:第三種住宅區。,100000,894,持分移轉,04090000
RPTNMLRLJHLGFDA28EA,延吉段三小段,.08,都市：其他:道路用地(公共設施用地)。48/3/13,18000,453,持分移轉,02530005
RPVNMLMKJHLGFDA77DA,永吉段一小段,28.50,都市：其他:第參種商業區(依都市計畫說明書圖規定辦理，始得作第參種商業區使用)(原屬第參之壹種住宅區)。,4,1,持分移轉,04380000
RPUNMLRLJHLGFDA38EA,延吉段三小段,7.00,都市：其他:道路用地(公共設施用地)。48/3/13,18,1,持分移轉,02530000
RPUNMLRLJHLGFDA38EA,延吉段三小段,.08,都市：其他:道路用地(公共設施用地)。48/3/13,18000,453,持分移轉,02530005
RPQNMLRLJHLGFBA77EA,青年段一小段,14.32,都市：其他:第一種商業區(特)。,16460,139,持分移轉,01430000
RPTOMLKMKIKGFCA67DA,文德段二小段,32.68,都市：其他:第三種住宅區。,20000,192,持分移轉,02200000
RPUNMLTKJHLGFEA48DA,桃源段二小段,49.86,都市：其他:第二種住宅區。,100000,965,持分移轉,00230000
RPXOMLMLJHLGFDA18DA,美仁段一小段,4.99,都市：其他:第參種商業區(依都市計畫說明書圖規定辦理，始得作第參種商業區使用)(原屬第貳種商業區)。,100000,794,持分移轉,04500000
RPRNMLRLJHLGFDA08EA,民生段,13.98,都市：其他:第三種商業區(民生社區特定專用區)。,10000,33,持分移轉,00530002
RPWOMLLLJHLGFEA08DA,文林段三小段,25.30,,10000,253,持分移轉,09790000
RPQOMLPLJIKGFAA47DA,河堤段六小段,2.87,都市：其他:第三種住宅區。,100000,770,持分移轉,03130000
RPQOMLPLJIKGFAA47DA,河堤段六小段,8.17,都市：其他:第二種商業區。,100000,770,持分移轉,03140000
RPTOMLMLKIKGFCA77DA,吉林段二小段,113.00,都市：其他:第貳種商業區(依都市計畫說明書圖規定辦理，始得作第貳種商業區使用)(原屬第參種住宅區)。,1,1,全筆移轉,00970000
RPTNMLRLJHLGFAA87DA,永昌段三小段,40.00,都市：其他:第三種住宅區。,1,1,全筆移轉,00970000
RPTNMLRLJHLGFAA87DA,永昌段三小段,18.00,都市：其他:道路用地(公共設施用地)。59/3/13,1,1,全筆移轉,00970001
RPTNMLSLJHLGFEA38DA,奇岩段五小段,45.36,都市：其他:第三種住宅區。,10000,97,持分移轉,02720000
RPQNMLSLJHLGFEA08DA,光華段一小段,13.61,都市：其他:第參種商業區(依都市計畫說明書圖規定辦理，始得作第參種商業區使用)(原屬第參種住宅區)。,100000,2668,持分移轉,05380000
RPUOMLMKJHLGFDA77DA,雅祥段一小段,9.41,都市：其他:市場用地(公共設施用地)。51/2/2,200,1,持分移轉,00590000
RPXNMLQJJIKGFCA18DA,東湖段五小段,20.62,都市：其他:第三種住宅區。,10000,67,持分移轉,02820000
RPUOMLTLJHLGFFA78DA,金華段三小段,11.84,都市：其他:第參種商業區(依都市計畫說明書圖規定辦理，始得作第參種商業區使用)(原屬第貳種商業區)。,10000,114,持分移轉,01970000
RPRNMLKMKIKGFAA17DA,永昌段二小段,18.94,都市：其他:第三之一種住宅區。,10000,906,持分移轉,00270000
RPUOMLTLJHLGFFA78DA,金華段三小段,7.47,都市：其他:第三種住宅區。,10000,114,持分移轉,02100000
RPPQMLSLJHLGFBA97DA,青年段一小段,41.39,都市：其他:第三種住宅區。,100000,325,持分移轉,00860000
RPPNMLLMJHLGFCA17DA,潭美段一小段,431.96,都市：其他:科技工業區(B區)(特)(不得作住宅使用) 但是否在道路用地(公共設施用地)(應依建築線或俟地籍測量分割後，再確定)。,7680,1181,持分移轉,05160000
RPPNMLLMJHLGFCA17DA,潭美段一小段,113.33,都市：其他:科技工業區(B區)(特)(不得作住宅使用) 但是否在道路用地(公共設施用地)(應依建築線或俟地籍測量分割後，再確定)。,6,1,持分移轉,06160000
RPPNMLTLJHLGFAA77EA,萬慶段二小段,29.75,都市：其他:第三種住宅區。,4,1,持分移轉,06200000
RPTOMLPJJHLGFBA67DA,華中段二小段,3.76,都市：其他:第三種住宅區。,10000,261,持分移轉,00170001
RPTOMLPJJHLGFBA67DA,華中段二小段,41.89,都市：其他:第三種住宅區。,10000,261,持分移轉,01380000
RPQOMLLMJHLGFCA37DA,潭美段一小段,166.42,都市：其他:科技工業區(B區)(特)(不得作住宅使用) 但是否在道路用地(公共設施用地)(應依建築線或俟地籍測量分割後，再確定)。,1536,91,持分移轉,05160000
RPSOMLLMJHLGFCA57DA,潭美段一小段,811.75,都市：其他:科技工業區(B區)(特)(不得作住宅使用) 但是否在道路用地(公共設施用地)(應依建築線或俟地籍測量分割後，再確定)。,256,113,持分移轉,06140000
RPTNMLKMJHLGFCA47DA,北安段二小段,14.10,都市：其他:第三種住宅區。,20000,369,持分移轉,02370000
RPWNMLNJKHLGFFA18DA,仁愛段六小段,44.75,都市：其他:第四種住宅區。,16,4,持分移轉,02180000
RPROMLLMJHLGFCA47DA,潭美段一小段,167.52,都市：其他:科技工業區(B區)(特)(不得作住宅使用) 但是否在道路用地(公共設施用地)(應依建築線或俟地籍測量分割後，再確定)。,3840,229,持分移轉,05160000
RPROMLLMJHLGFCA47DA,潭美段一小段,113.33,都市：其他:科技工業區(B區)(特)(不得作住宅使用) 但是否在道路用地(公共設施用地)(應依建築線或俟地籍測量分割後，再確定)。,6,1,持分移轉,06160000
RPQNMLLMJHLGFCA27DA,潭美段一小段,601.67,都市：其他:科技工業區(B區)(特)(不得作住宅使用) 但是否在道路用地(公共設施用地)(應依建築線或俟地籍測量分割後，再確定)。,7680,1645,持分移轉,05160000
RPQNMLLMJHLGFCA27DA,潭美段一小段,226.67,都市：其他:科技工業區(B區)(特)(不得作住宅使用) 但是否在道路用地(公共設施用地)(應依建築線或俟地籍測量分割後，再確定)。,6,2,持分移轉,06160000
RPPOMLLMJHLGFCA27DA,潭美段一小段,166.42,都市：其他:科技工業區(B區)(特)(不得作住宅使用) 但是否在道路用地(公共設施用地)(應依建築線或俟地籍測量分割後，再確定)。,1536,91,持分移轉,05160000
RPPOMLLMJHLGFCA27DA,潭美段一小段,113.33,都市：其他:科技工業區(B區)(特)(不得作住宅使用) 但是否在道路用地(公共設施用地)(應依建築線或俟地籍測量分割後，再確定)。,6,1,持分移轉,06160000
RPQNMLPJJHLGFCA37DA,正義段三小段,16.21,都市：其他:第三種商業區。,100000,925,持分移轉,07760000
RPTNMLTJJHLGFDA18DA,信義段一小段,18.39,都市：其他:第三之一種住宅區。,10000,416,持分移轉,02840000
RPTNNLPJJIKGFCA77DA,西湖段一小段,22.50,都市：其他:第三種住宅區。,4,1,持分移轉,05950000
RPROMLTLJHLGFFA48DA,金華段三小段,12.47,都市：其他:第參種商業區(依都市計畫說明書圖規定辦理，始得作第參種商業區使用)(原屬第貳種商業區)。,10000,120,持分移轉,01970000
RPROMLTLJHLGFFA48DA,金華段三小段,7.86,都市：其他:第三種住宅區。,10000,120,持分移轉,02100000
RPTNMLMLJHLGFDA67DA,永吉段三小段,24.00,都市：其他:第三種住宅區。,4,1,持分移轉,08330000
RPPNMLOJKHLGFEA57EA,芝山段二小段,34.28,都市：其他:第三種住宅區。,10000,106,持分移轉,05700000
RPSNMLTLJHLGFFA48DA,金華段四小段,39.50,都市：其他:第參種商業區(依都市計畫說明書圖規定辦理，始得作第參種商業區使用)(原屬第參種住宅區)。,4,1,持分移轉,07870000
RPTOMLNKJHLGFDA87EA,民生段,37.05,都市：其他:住宅用地(民生社區特定專用區)。,40,2,持分移轉,00420004
RPTOMLNKJHLGFDA87EA,民生段,.25,都市：其他:道路用地(公共設施用地)。59/10/24,40,2,持分移轉,00420033
RPSNMLTLJHLGFFA48DA,金華段四小段,4.50,都市：其他:道路用地(公共設施用地)。62/6/22,4,1,持分移轉,07870001
RPQNMLTJKHLGFBA77DA,萬華段二小段,12.38,都市：其他:第參種商業區(依都市計畫說明書圖規定辦理，始得作第參種商業區使用)(原屬第參種住宅區)。,16,1,持分移轉,06760000
RPRNMLQJKHLGFFA08EA,大安段三小段,44.00,都市：其他:第三種住宅區。,1,1,全筆移轉,03630000
RPROMLPJKHLGFEA87DA,永平段四小段,43.00,都市：其他:第三種住宅區。,1,1,全筆移轉,03620000
RPQOMLOJKHLGFCA47DA,大湖段二小段,138.98,都市：其他:第二種住宅區。,100000,571,持分移轉,00700000
RPQPMLQLJHLGFCA87DA,碧湖段四小段,33.08,都市：其他:第二種住宅區,100000,5834,持分移轉,09620000
RPOPMLKMKIKGFBA17DA,圓環段一小段,9.68,都市：其他:第三種商業區。,100000,1506,持分移轉,05390000
RPOPMLKMKIKGFBA17DA,圓環段一小段,5.29,都市：其他:第四種住宅區。,100000,1506,持分移轉,05400000
RPPNMLOJKHLGFCA37EA,北安段三小段,24.02,都市：其他:第三種住宅區。,10000,441,持分移轉,04670000
RPPNMLMKJHLGFDA17DA,玉成段二小段,17.25,都市：其他:第參種工業區(不得作住宅使用)。,4,1,持分移轉,06880000
RPPNMLQJJHLGFBA27DA,莒光段三小段,20.85,都市：其他:第三種住宅區。,10000,362,持分移轉,04660000
RPTNMLQLJIKGFFA28DA,仁愛段一小段,22.54,都市：其他:敦化南北路特定專用區(A區)(依都市計畫說明書圖規定辦理)(原屬第肆之壹種住宅區)。,26,1,持分移轉,04210000
RPQNMLLKKHLGFDA37EA,民生段,57.00,都市：其他:住宅用地(民生社區特定專用區)。,4,1,持分移轉,01260014
RPSNMLMKKIKGFFA77DA,通化段三小段,4.09,都市：其他:第參種商業區(依都市計畫說明書圖規定辦理，始得作第參種商業區使用)(原屬第貳種商業區)。,100000,914,持分移轉,00890000
RPVOMLTLJHLGFCA58DA,潭美段五小段,16.46,都市：其他:住商混合區(為容積接收區)。,10000,147,持分移轉,00580000
RPSPMLQKJHLGFFA28DA,懷生段二小段,9.15,都市：其他:第三種住宅區。,99643,70,持分移轉,02220000
RPSPMLQKJHLGFFA28DA,懷生段二小段,6.98,都市：其他:第參種商業區(依都市計畫說明書圖規定辦理，始得作第參種商業區使用)(原屬第貳種商業區)。,99643,70,持分移轉,02220007
RPPNMLRLJHLGFBA67EA,城中段一小段,76.77,都市：其他:第四種商業區。,544000000,19174000,持分移轉,00380000
RPPNMLRLJHLGFBA67EA,城中段一小段,4.02,都市：其他:第四種商業區。,544000000,19174000,持分移轉,00390000
RPQOMLLKKHLGFEA47DA,崇仰段四小段,31.57,都市：其他:第二種住宅區。,10000,143,持分移轉,01780000
RPQOMLTJJHLGFAA67DA,河堤段一小段,10.24,都市：其他:第三之二種住宅區。,10000,204,持分移轉,06560000
RPPOMLTKJHLGFAA67DA,萬隆段二小段,22.80,都市：其他:第三種住宅區。,10000,161,持分移轉,02990000
RPPNMLNLKHLGFCA47EA,中山段三小段,19.00,都市：其他:第四種商業區(特),100,10,持分移轉,01630000
RPXOMLPKKIKGFDA48DA,永吉段二小段,39.63,都市：其他:第三種住宅區。,2700,15,持分移轉,00350000
RPPNMLSLKIKGFFA18DA,瑞安段一小段,3.95,都市：其他:第參種商業區(依都市計畫說明書圖規定辦理，始得作第參種商業區使用)(原屬第貳種商業區)。,20000,62,持分移轉,00140000
SPPNMLNLKHLGFCA57EA,中山段三小段,19.00,都市：其他:第四種商業區(特),100,10,持分移轉,01630000
RPSNMLLKJHLGFBA17DA,直興段一小段,17.00,都市：其他:第四種住宅區。,10000,110,持分移轉,07460000
TPPNMLNLKHLGFCA67EA,中山段三小段,13.30,都市：其他:第四種商業區(特),100,7,持分移轉,01630000
RPUNMLMKJHLGFFA87DA,大安段三小段,7.81,都市：其他:敦化南北路特定專用區(A區)(依都市計畫說明書圖規定辦理)(原屬第參之貳種住宅區)。,1054335,7144,持分移轉,00510000
RPUNMLMKJHLGFFA87DA,大安段三小段,4.23,都市：其他:敦化南北路特定專用區(A區)(依都市計畫說明書圖規定辦理)(原屬第參種住宅區)。,1054335,7144,持分移轉,00510001
RPQOMLMKKHLGFAA27EA,興隆段一小段,.17,都市：其他:第三種住宅區。,10000,169,持分移轉,00400000
RPPNMLNLKHLGFEA67EA,奇岩段三小段,36.00,都市：其他:第三種住宅區。,3,1,持分移轉,03510000
RPQOMLMKKHLGFAA27EA,興隆段一小段,.05,都市：其他:國小用地(公共設施用地)。60/10/12,10000,169,持分移轉,00400001
RPQOMLMKKHLGFAA27EA,興隆段一小段,11.00,都市：其他:第三種住宅區。,10000,169,持分移轉,00410000
RPQOMLMKKHLGFAA27EA,興隆段一小段,.02,都市：其他:道路用地(公共設施用地)。60/10/12,10000,169,持分移轉,00410001
RPQOMLMKKHLGFAA27EA,興隆段一小段,.02,都市：其他:國小用地(公共設施用地)。60/10/12,10000,169,持分移轉,00410002
RPQOMLMKKHLGFAA27EA,興隆段一小段,1.17,都市：其他:第三種住宅區。,10000,169,持分移轉,00420000
RPQOMLMKKHLGFAA27EA,興隆段一小段,.03,都市：其他:道路用地(公共設施用地)。60/10/12,10000,169,持分移轉,00420001
RPQOMLMKKHLGFAA27EA,興隆段一小段,.81,都市：其他:第三種住宅區。,10000,169,持分移轉,00430000
RPQOMLMKKHLGFAA27EA,興隆段一小段,3.48,都市：其他:第三種住宅區。,10000,169,持分移轉,00440000
RPQOMLMKKHLGFAA27EA,興隆段一小段,.53,都市：其他:第三種住宅區。,10000,30,持分移轉,00450000
RPQOMLMKKHLGFAA27EA,興隆段一小段,.01,都市：其他:國小用地(公共設施用地)。60/10/12,10000,30,持分移轉,00450001
RPQOMLMKKHLGFAA27EA,興隆段一小段,6.81,都市：其他:第三種住宅區。,10000,169,持分移轉,00460000
RPQOMLMKKHLGFAA27EA,興隆段一小段,.05,都市：其他:國小用地(公共設施用地)。60/10/12,10000,169,持分移轉,00460001
RPQOMLMKKHLGFAA27EA,興隆段一小段,2.13,都市：其他:第三種住宅區。,10000,169,持分移轉,00470000
RPXNMLSKJIKGFFA78DA,龍泉段一小段,46.20,都市：其他:第三種住宅區。,10,1,持分移轉,09060000
RPPNMLNJJHLGFDA17DA,西松段三小段,52.68,都市：其他:第三種住宅區。,44,1,持分移轉,06700000
RPQNMLLLJIKGFFA47DA,仁愛段三小段,9.72,都市：其他:第參種商業區(依都市計畫說明書圖規定辦理，始得作第參種商業區使用)(原屬第貳種商業區)。,18010,175,持分移轉,05960000
RPQNMLLLJIKGFFA47DA,仁愛段三小段,7.78,都市：其他:第四種住宅區。,18010,175,持分移轉,05960001
RPXNMLMJKHLGFCA87DA,榮星段二小段,21.20,都市：其他:第三種住宅區。,5,1,持分移轉,00580000
RPPNMLSLKIKGFBA77DA,漢中段三小段,11.26,都市：其他:第四種商業區 但是否在道路用地(公共設施用地)(應依建築線或俟地籍測量分割後，再確定)。,10000,622,持分移轉,01450000
RPUNMLNLKIKGFAA77EA,興安段三小段,31.73,都市：其他:第二種住宅區。,550000,2827,持分移轉,00300000
RPTNMLLKKHLGFAA27DA,木柵段四小段,28.02,都市：其他:第三種住宅區。,10000,336,持分移轉,03970000
RPTOMLRKKIKGFDA28DA,敦化段五小段,27.33,都市：其他:第三種住宅區。,10000,48,持分移轉,00220000
RPSOMLPLJIKGFCA87DA,碧湖段四小段,22.15,都市：其他:第三種住宅區。,10000,137,持分移轉,07780000
RPUOMLKMKIKGFAA57DA,政大段一小段,74.39,都市：其他:第二種住宅區。,100000,980,持分移轉,00310001
RPPNMLMJLHLGFDA27DA,祥和段二小段,9.79,都市：其他:第三種住宅區。,10000,89,持分移轉,05160000
RPRNMLOJJHLGFDA47DA,濱江段四小段,20.52,都市：其他:第三種住宅區。,10000,52,持分移轉,03050000
RPWSMLSLJHLGFDA09DA,逸仙段三小段,10.41,都市：其他:第參種商業區(依都市計畫說明書圖規定辦理，始得作第參種商業區使用)(國父紀念館特定專用區原屬商業用地)。,10000,145,持分移轉,00040000
RPUOMLPJKHLGFFA28DA,仁愛段二小段,1.61,都市：其他:第參種商業區(依都市計畫說明書圖規定辦理，始得作第參種商業區使用)(原屬第肆之壹種住宅區)。,252336,4835,持分移轉,04640000
RPUOMLPJKHLGFFA28DA,仁愛段二小段,36.02,都市：其他:第四種住宅區。,252336,4835,持分移轉,04640001
RPUOMLPJKHLGFFA28DA,仁愛段二小段,.25,都市：其他:道路用地(公共設施用地)。48/3/13,252336,4835,持分移轉,04650000
RPTQMLQLJHLGFDA38DA,西松段三小段,14.75,都市：其他:道路用地(公共設施用地)。62/12/31,4,1,持分移轉,04950000
RPSNMLOJLHLGFBA57DA,華江段一小段,24.00,都市：其他:第四種住宅區及道路用地(公共設施用地)。,6,2,持分移轉,06040000
RPTQMLQLJHLGFDA38DA,西松段三小段,28.50,都市：其他:第三種住宅區。,4,1,持分移轉,04960000
RPSNMLMJLHLGFEA77EA,行義段三小段,20.13,都市：其他:第三種住宅區。,10000,73,持分移轉,02800000
RPQPMLNLKHLGFCA67DA,碧湖段二小段,8.51,都市：其他:第三種商業區。,10000,140,持分移轉,00380000
RPWNMLNJLHLGFAA77DA,景美段三小段,30.68,都市：其他:第四種住宅區 但是否在道路用地(公共設施用地)(應依建築線或俟地籍測量分割後，再確定)。,10000,79,持分移轉,00210000
RPPNMLPJLHLGFAA27DA,興隆段四小段,5.52,都市：其他:第參種商業區(依都市計畫說明書圖規定辦理，始得作第參種商業區使用)(原屬第肆之壹種住宅區)。,10000,502,持分移轉,03440001
RPPNMLPJLHLGFAA27DA,興隆段四小段,2.46,都市：其他:第參種商業區(依都市計畫說明書圖規定辦理，始得作第參種商業區使用)(原屬第肆種住宅區)。,10000,502,持分移轉,03440004
RPPNMLPJLHLGFAA27DA,興隆段四小段,6.28,都市：其他:第參種商業區(依都市計畫說明書圖規定辦理，始得作第參種商業區使用)(原屬第肆之壹種住宅區)。,10000,502,持分移轉,03500000
RPPNMLPJLHLGFAA27DA,興隆段四小段,15.41,都市：其他:第參種商業區(依都市計畫說明書圖規定辦理，始得作第參種商業區使用)(原屬第肆之壹種住宅區)。,10000,502,持分移轉,03510000
RPPNMLPJLHLGFAA27DA,興隆段四小段,.20,都市：其他:第參種商業區(依都市計畫說明書圖規定辦理，始得作第參種商業區使用)(原屬第肆種住宅區)。,10000,502,持分移轉,03510001
RPPNMLPJLHLGFAA27DA,興隆段四小段,4.37,都市：其他:第參種商業區(依都市計畫說明書圖規定辦理，始得作第參種商業區使用)(原屬第肆種住宅區)。,10000,502,持分移轉,03510005
RPQNMLQLKIKGFBA67DA,福星段一小段,8.40,都市：其他:第肆種商業區(依都市計畫說明書圖規定辦理，始得作第肆種商業區使用)(原屬第參種商業區)。,10000,412,持分移轉,00390000
RPWPMLKMKIKGFBA97DA,雙園段三小段,15.87,都市：其他:第三種住宅區。,100000,1551,持分移轉,04060000
RPQNMLNJJIKGFDA27DA,玉成段三小段,42.30,都市：其他:第三種住宅區。,10000,188,持分移轉,07110000
RPRNMLLLJIKGFEA47DA,秀山段一小段,1.71,都市：其他:第三種住宅區。,10000,66,持分移轉,05260000
RPUNMLSJKIKGFCA18DA,中山段三小段,3.84,都市：其他:第肆種商業區(依都市計畫說明書圖規定辦理，始得作第肆種商業區使用)(原屬第參種商業區)。,90000,131,持分移轉,02070000
RPRNMLLLJIKGFEA47DA,秀山段一小段,.21,都市：其他:第三種住宅區。,10000,66,持分移轉,05270000
RPRNMLLLJIKGFEA47DA,秀山段一小段,16.78,都市：其他:第三種住宅區。,10000,66,持分移轉,05280000
RPRNMLLLJIKGFEA47DA,秀山段一小段,.29,都市：其他:第三種住宅區。,10000,66,持分移轉,05290000
RPRNMLLLJIKGFEA47DA,秀山段一小段,4.23,都市：其他:第三種住宅區。,10000,66,持分移轉,05300000
RPRNMLLLJIKGFEA47DA,秀山段一小段,.43,都市：其他:第三種住宅區。,10000,66,持分移轉,05310000
RPRNMLLLJIKGFEA47DA,秀山段一小段,.21,都市：其他:第三種住宅區。,10000,66,持分移轉,05320000
RPRNMLLLJIKGFEA47DA,秀山段一小段,3.37,都市：其他:第三種住宅區。,10000,66,持分移轉,05330000
RPRNMLLLJIKGFEA47DA,秀山段一小段,.04,都市：其他:道路用地(公共設施用地)。66/12/27,10000,66,持分移轉,05330001
RPPOMLSJKIKGFEA97DA,芝山段二小段,.23,都市：其他:第三種住宅區。,10000,1,持分移轉,00330000
RPQOMLLJKIKGFBA07DA,福星段四小段,1.77,都市：其他:第四種商業區。,10000,16,持分移轉,02080000
RPPNMLOKJIKGFFA57DA,通化段六小段,24.28,都市：其他:第三種住宅區。,10000,714,持分移轉,03680000
RPXNMLPJJHLGFDA18DA,寶清段一小段,16.25,都市：其他:第三種住宅區。,10000,34,持分移轉,00570013
RPPOMLTJKIKGFCA87DA,榮星段五小段,28.37,都市：其他:第三種住宅區。,10000,130,持分移轉,00560000
RPPNMLQJKIKGFCA47DA,北安段三小段,42.01,都市：其他:第三種住宅區。,100000,710,持分移轉,05990000
RPXNMLOJJIKGFDA08DA,西松段二小段,6.16,都市：其他:第二種商業區。,10000,64,持分移轉,07250000
RPPPMLTLIIKGFCA97DA,中山段一小段,4.07,都市：其他:第肆種商業區(依都市計畫說明書圖規定辦理，始得作第肆種商業區使用)(原屬第參種商業區)。,100000,354,持分移轉,08510000
RPVNMLNJKIKGFDA87DA,寶清段一小段,1.12,都市：其他:第三種住宅區。,10000,6,持分移轉,00670006
RPVNMLNJKIKGFDA87DA,寶清段一小段,.04,都市：其他:第三之一種住宅區。,10000,6,持分移轉,00670013
RPOOMLNKIIKGFFA37DA,仁愛段三小段,1.24,都市：其他:第參種商業區(依都市計畫說明書圖規定辦理，始得作第參種商業區使用)(原屬第貳種商業區)。,10000,444,持分移轉,04120000
RPOOMLNKIIKGFFA37DA,仁愛段三小段,1.51,都市：其他:第四種住宅區。,10000,444,持分移轉,04120002
RPOOMLNKIIKGFFA37DA,仁愛段三小段,.44,都市：其他:第參種商業區(依都市計畫說明書圖規定辦理，始得作第參種商業區使用)(原屬第貳種商業區)。,10000,444,持分移轉,04130000
RPOOMLNKIIKGFFA37DA,仁愛段三小段,1.11,都市：其他:第四種住宅區。,10000,444,持分移轉,04130001
RPOOMLNKIIKGFFA37DA,仁愛段三小段,13.68,都市：其他:第四種住宅區。,10000,444,持分移轉,04140000
RPOOMLNKIIKGFFA37DA,仁愛段三小段,.36,都市：其他:第參種商業區(依都市計畫說明書圖規定辦理，始得作第參種商業區使用)(原屬第貳種商業區)。,10000,444,持分移轉,04150000
RPOOMLNKIIKGFFA37DA,仁愛段三小段,14.25,都市：其他:第四種住宅區。,10000,444,持分移轉,04150001
RPRNMLTJKIKGFBA97EA,文昌段二小段,30.96,都市：其他:第三種住宅區。,20000,70,持分移轉,02670000
RPQPMLNJJIKGFAA17DA,南海段二小段,.97,都市：其他:第參種商業區(依都市計畫說明書圖規定辦理，始得作第參種商業區使用)(原屬第肆種住宅區)。,10000,102,持分移轉,01720000
RPQPMLNJJIKGFAA17DA,南海段二小段,4.75,都市：其他:第參種商業區(依都市計畫說明書圖規定辦理，始得作第參種商業區使用)(原屬第貳種商業區)。,10000,102,持分移轉,02050000
RPWNMLNLIIKGFBA77DA,萬大段一小段,19.50,都市：其他:第三種住宅區。,4,1,持分移轉,05120000
RPQNMLKKKIKGFEA37EA,開明段二小段,8.36,都市：其他:特定觀光商業專用區。,10000,64,持分移轉,00640000
RPWNMLKKKIKGFBA57DA,延平段一小段,.11,都市：其他:第三種商業區。,10000,2,持分移轉,04840000
RPWNMLKKKIKGFBA57DA,延平段一小段,.04,都市：其他:特定專用區(供一般商業使用)。,10000,2,持分移轉,04840003
RPXNMLKKKIKGFBA67DA,延平段一小段,.11,都市：其他:第三種商業區。,10000,2,持分移轉,04840000
RPTNMLMJIIKGFEA47DA,陽明段二小段,9.51,都市：其他:第一種商業區。,10000,255,持分移轉,05190000
RPSNMLNLRHKGFAA08DA,萬慶段一小段,23.00,都市：其他:第參種商業區(依都市計畫說明書圖規定辦理，始得作第參種商業區使用)(原屬第參之壹種住宅區)。,4,1,持分移轉,00190000
RPXNMLKKKIKGFBA67DA,延平段一小段,.04,都市：其他:特定專用區(供一般商業使用)。,10000,2,持分移轉,04840003
RPRPMLRKJIKGFCA97DA,榮星段二小段,.03,都市：其他:第三之一種住宅區及第三種住宅區。,10000,56,持分移轉,00060000
RPUOMLSJKIKGFDA38DA,永春段二小段,19.63,都市：其他:第三之一種住宅區。,10000,409,持分移轉,02400000
RPRPMLRKJIKGFCA97DA,榮星段二小段,.02,都市：其他:第三之一種住宅區。,10000,56,持分移轉,00070000
RPRPMLRKJIKGFCA97DA,榮星段二小段,.05,都市：其他:第三種住宅區。,10000,56,持分移轉,00080000
RPRPMLRKJIKGFCA97DA,榮星段二小段,.27,都市：其他:第三種住宅區。,10000,56,持分移轉,00080002
RPRPMLRKJIKGFCA97DA,榮星段二小段,.04,都市：其他:第三種住宅區。,10000,56,持分移轉,00090001
RPRPMLRKJIKGFCA97DA,榮星段二小段,28.35,都市：其他:第三之一種住宅區及第三種住宅區。,10000,56,持分移轉,00220000
RPRPMLRKJIKGFCA97DA,榮星段二小段,2.69,都市：其他:第三之一種住宅區。,10000,56,持分移轉,00230000
RPRPMLRKJIKGFCA97DA,榮星段二小段,.02,都市：其他:第三種住宅區。,10000,56,持分移轉,03700001
RPRPMLRKJIKGFCA97DA,榮星段二小段,.06,都市：其他:第三種住宅區。,10000,56,持分移轉,03710001
RPXNMLPKRHKGFAA68DA,興安段一小段,9.82,都市：其他:第三種住宅區。,100000,1497,持分移轉,01720000
RPXNMLPKRHKGFAA68DA,興安段一小段,.25,都市：其他:第三種住宅區。,100000,1497,持分移轉,01720001
RPXNMLPKRHKGFAA68DA,興安段一小段,1.26,都市：其他:第三種住宅區。,100000,1497,持分移轉,03100000
RPPNMLTJKIKGFAA57DA,興隆段三小段,23.75,都市：其他:第三種住宅區。,4,1,持分移轉,06400000
RPRNMLKKKIKGFEA37DA,陽明段四小段,30.56,都市：其他:第三種住宅區。,10000,89,持分移轉,05200000
RPRNMLKKKIKGFEA37DA,陽明段四小段,1.50,都市：其他:道路用地(公共設施用地)。68/12/28,10000,89,持分移轉,05200001
RPRNMLKKKIKGFEA37DA,陽明段四小段,.61,都市：其他:人行步道用地(公共設施用地)。68/12/28,10000,89,持分移轉,05200002
RPRNMLKKKIKGFEA37DA,陽明段四小段,.61,都市：其他:第三種住宅區。,10000,89,持分移轉,05200003
RPUNMLNJJIKGFDA67DA,信義段三小段,60.03,都市：其他:住宅區(信義計畫特定專用區)。,1000000,49100,持分移轉,00440002
RPUNMLKLJIKGFAA27DA,萬芳段二小段,84.00,都市：其他:第三種住宅區。,1,1,全筆移轉,01340000
RPXNMLKKKIKGFDA87DA,寶清段七小段,24.39,都市：其他:第三種商業區。,30000,1776,持分移轉,05550000
RPPNMLRJKIKGFCA57DA,康寧段三小段,5.67,都市：其他:第三種商業區。,10000,47,持分移轉,02670009
RPVNMLRKIIKGFAA97EA,福和段二小段,17.81,都市：其他:第三種住宅區。,200000,1184,持分移轉,06990000
RPWOMLQJJIKGFDA28DA,吳興段二小段,17.88,都市：其他:第三種住宅區。,10000,64,持分移轉,00710000
RPWOMLQJJIKGFDA28DA,祥和段三小段,.11,都市：其他:第三種住宅區。,10000,64,持分移轉,04440005
RPOOMLQJJIKGFCA47EA,舊宗段,1485.64,都市：其他:科技工業區(C區)(不得作住宅使用)。,1,1,全筆移轉,00340006
RPTNMLQLJIKGFCA97DA,大湖段二小段,43.34,都市：其他:第三種住宅區。,10000,436,持分移轉,00040006
RPRNMLPLJIKGFCA67DA,長春段一小段,27.06,都市：其他:第三種住宅區。,360200,360,持分移轉,00020000
RPTNMLTKJIKGFAA97DA,華興段二小段,38.24,都市：其他:第三種住宅區。,10000,727,持分移轉,05060000
RPPNMLKKKIKGFCA96DA,金泰段,22.13,都市：其他:商業區(供一般商業使用不得作住宅使用)。,10000,89,持分移轉,00960000
RPOOMLRKJIKGFDA67DA,逸仙段三小段,6.16,都市：其他:第四種住宅區。,10000,576,持分移轉,08730000
RPOOMLRKJIKGFDA67DA,逸仙段三小段,10.52,都市：其他:第參種商業區(依都市計畫說明書圖規定辦理，始得作第參種商業區使用)(原屬第貳種商業區)。,10000,381,持分移轉,08760000
RPSNMLLKKIKGFCA37DA,石潭段五小段,53.21,都市：其他:第二種住宅區。,10000,370,持分移轉,00520000
RPSUMLLLIIKGFCA97DA,北安段三小段,80.59,都市：其他:第三種住宅區。,20000,871,持分移轉,06120000
RPRNMLSKJIKGFAA67DA,河堤段五小段,11.36,都市：其他:第二種商業區。,10000,121,持分移轉,02960000
RPRNMLSKJIKGFAA67DA,河堤段五小段,.57,都市：其他:第三種住宅區。,10000,121,持分移轉,03030000
RPRNMLRLJIKGFCA87DA,金泰段,9.09,都市：其他:娛樂區(供娛樂健身使用不得作住宅使用)。,100000,408,持分移轉,00320008
RPTNMLMKKIKGFEA77DA,溫泉段三小段,43.00,都市：其他:第二種住宅區。,3,1,持分移轉,02750000
RPOOMLLKKIKGFEA27DA,大業段二小段,28.11,都市：其他:第三種住宅區。,100000,983,持分移轉,08740000
RPSNMLLLJIKGFDA47DA,延吉段一小段,.23,都市：其他:第參種商業區(依都市計畫說明書圖規定辦理，始得作第參種商業區使用)(原屬第貳種商業區)。,100000,222,持分移轉,02140000
RPSNMLLLJIKGFDA47DA,延吉段一小段,2.31,都市：其他:第參種商業區(依都市計畫說明書圖規定辦理，始得作第參種商業區使用)(原屬第貳種商業區)及第三種住宅區。,100000,222,持分移轉,02160000
RPSNMLLLJIKGFDA47DA,延吉段一小段,.18,都市：其他:第三種住宅區。,100000,222,持分移轉,02460000
RPSOMLPKKIKGFBA77DA,雙連段三小段,.04,都市：其他:第三種商業區。,10000,1,持分移轉,05940000
RPXNMLNKJIKGFEA18DA,芝山段三小段,56.50,都市：其他:第三種住宅區。,8,2,持分移轉,04170000
RPUNMLNKJIKGFFA97DA,辛亥段六小段,15.31,都市：其他:第三種住宅區。,10000,145,持分移轉,00430001
RPVNMLOJJIKGFDA87DA,玉成段三小段,17.67,都市：其他:第一種商業區。,10000,63,持分移轉,02430000
RPTNMLPKKIKGFDA97DA,南港段三小段,11.93,都市：其他:第三種住宅區。,100000,199,持分移轉,00730000
RPWQMLQJJIKGFDA48DA,永吉段二小段,8.31,都市：其他:第參種商業區(依都市計畫說明書圖規定辦理，始得作第參種商業區使用)(原屬第參之壹種住宅區)。,53130,169,持分移轉,00010000
RPWQMLQJJIKGFDA48DA,永吉段二小段,5.20,都市：其他:第三種住宅區。,53130,169,持分移轉,00010003
RPROMLPKKIKGFBA67DA,雙連段三小段,7.35,都市：其他:第三種商業區。,10000,189,持分移轉,05940000
RPTRMLLLJIKGFAA67DA,興隆段三小段,13.91,都市：其他:第三種住宅區。,10000,177,持分移轉,05110000
RPSNMLKLJIKGFFA57DA,復興段一小段,44.25,都市：其他:第肆種商業區(依都市計畫說明書圖規定辦理，始得作第肆種商業區使用)(原屬第肆種住宅區)。,4,1,持分移轉,01090000
RPPSMLPLJIKGFDA08DA,祥和段二小段,28.25,都市：其他:第三種住宅區。,4,1,持分移轉,06980000
RPRNMLLKKIKGFAA07DA,永昌段一小段,15.40,都市：其他:第三之一種住宅區。,1000,29,持分移轉,00210000
RPPOMLMKKIKGFCA27DA,北安段三小段,35.94,都市：其他:第三種住宅區。,10000,364,持分移轉,05510000
RPOOMLRKJIKGFCA57DA,康寧段三小段,17.43,都市：其他:市場用地(公共設施用地)。64/7/8,100000,421,持分移轉,02670001
RPQNMLMKIIKGFEA27DA,陽明段四小段,50.58,都市：其他:第三種住宅區。,100000,4822,持分移轉,07180000
RPRNMLQLJIKGFEA97DA,光華段四小段,27.95,都市：其他:第參種商業區(依都市計畫說明書圖規定辦理，始得作第參種商業區使用)(原屬第參之貳種住宅區依都市計畫說明書圖規定辦理)。,100000,2986,持分移轉,08190000
RPRNMLQLJIKGFEA97DA,光華段四小段,8.87,都市：其他:第參種商業區(依都市計畫說明書圖規定辦理，始得作第參種商業區使用)(原屬第參種住宅區依都市計畫說明書圖規定辦理)。,100000,2986,持分移轉,08190001
RPQNMLMKIIKGFEA27DA,陽明段四小段,.92,都市：其他:道路用地(公共設施用地)。82/3/18,100000,4822,持分移轉,07180001
RPSOMLOJKIKGFFA97DA,通化段三小段,37.00,都市：其他:第三種住宅區。,4,1,持分移轉,05210000
RPRNMLRKKIKGFFA28EA,通化段六小段,14.01,都市：其他:第三之一種住宅區及第三種住宅區。,10000,40,持分移轉,00370000
RPQNMLRKJIKGFFA97DA,辛亥段四小段,24.68,都市：其他:第三種住宅區。,10000,374,持分移轉,05110000
RPSNMLRKKIKGFAA87EA,華興段四小段,20.24,都市：其他:第二種住宅區。,10000,164,持分移轉,09850000
RPRNMLSLJIKGFCA97DA,金泰段,136.26,都市：其他:住宅區(供住宅使用)。,3300000,89780,持分移轉,01380000
RPPNMLRKIIKGFFA77DA,辛亥段六小段,23.94,都市：其他:第三種住宅區。,64,2,持分移轉,00450005
RPQOMLSJKIKGFEA08DA,三玉段一小段,31.21,都市：其他:第三種住宅區。,10000,633,持分移轉,02070000
RPVNMLLJKIKGFEA77DA,光華段二小段,29.93,都市：其他:第參種商業區(依都市計畫說明書圖規定辦理，始得作第參種商業區使用)(原屬第參之壹種住宅區)。,10000,376,持分移轉,01960000
RPWNMLRLJIKGFBA28DA,迪化段一小段,1.80,都市：其他:第三種商業區。,10000,201,持分移轉,01550010
RPWNMLRLJIKGFBA28DA,迪化段一小段,17.24,都市：其他:特定專用區(供一般商業使用)。,10000,201,持分移轉,05240000
RPPNMLOLJIKGFBA37EA,玉泉段二小段,6.89,都市：其他:第三種商業區。,10000,43,持分移轉,06890000
RPPOMLOKJIKGFCA37DA,正義段四小段,7.70,都市：其他:地區商業用地(台北車站特定專用區)。,10000,162,持分移轉,04630000
RPUNMLSLJIKGFDA38DA,逸仙段三小段,2.47,都市：其他:第參種商業區(依都市計畫說明書圖規定辦理，始得作第參種商業區使用)(原屬第貳種商業區)。,66955,58,持分移轉,07000000
RPPNMLLJJIKGFDA96DA,敦化段五小段,27.22,都市：其他:第三種住宅區。,4900,93,持分移轉,00070004
RPUNMLSLJIKGFDA38DA,逸仙段三小段,16.12,都市：其他:第四種住宅區。,66955,58,持分移轉,07010000
RPPNMLMLJIKGFDA27DA,敦化段二小段,3.65,都市：其他:第參種商業區(依都市計畫說明書圖規定辦理，始得作第參種商業區使用)(原屬第貳種商業區)。,100000,369,持分移轉,02560000
RPUNMLSLJIKGFDA38DA,逸仙段三小段,2.11,都市：其他:第參種商業區(依都市計畫說明書圖規定辦理，始得作第參種商業區使用)(原屬第貳種商業區)。,66955,58,持分移轉,07020000
RPPNMLPLIIKGFDA47DA,美仁段一小段,10.75,都市：其他:第參種商業區(依都市計畫說明書圖規定辦理，始得作第參種商業區使用)(原屬第貳種商業區)。,100000,1709,持分移轉,04500000
RPPNMLMLJIKGFDA27DA,敦化段二小段,.10,都市：其他:第參種商業區(依都市計畫說明書圖規定辦理，始得作第參種商業區使用)(原屬第參種住宅區)。,100000,369,持分移轉,02560002
RPSPMLLJKIKGFCA47DA,正義段四小段,18.09,都市：其他:第三種商業區。,100000,2876,持分移轉,05550000
RPTNMLSKKIKGFCA18DA,碧湖段一小段,21.72,都市：其他:第三種住宅區。,100000,1360,持分移轉,07700000
RPWPMLLJKIKGFCA87DA,吉林段三小段,2.82,都市：其他:第肆種商業區(依都市計畫說明書圖規定辦理，始得作第肆種商業區使用)(原屬第參種商業區)。,90000,36,持分移轉,09210000
RPWPMLLJKIKGFCA87DA,吉林段三小段,.01,都市：其他:道路用地(公共設施用地)。53/7/15,90000,36,持分移轉,09210006
RPROMLOJKIKGFDA67DA,吳興段二小段,28.21,都市：其他:第三種住宅區。,10000,149,持分移轉,05810000
RPQOMLRKKIKGFDA97DA,三興段二小段,30.71,都市：其他:第三種住宅區。,10000,585,持分移轉,06580000
RPWNMLMKKIKGFEA08DA,天山段二小段,28.90,都市：其他:第參種商業區(依都市計畫說明書圖規定辦理，始得作第參種商業區使用)(原屬第參種住宅區)。,10000,364,持分移轉,02920000
RPOOMLMKJIKGFCA07DA,康寧段二小段,31.23,都市：其他:第三種住宅區。,10000,79,持分移轉,00670000
RPRNMLOKJIKGFDA57DA,民生段,2.44,都市：其他:第三種商業區(民生社區特定專用區)。,100000,54,持分移轉,00530000
RPQNMLMLKIKGFFA77EA,仁愛段四小段,3.05,都市：其他:道路用地(公共設施用地)。48/3/13,40,1,持分移轉,02230000
RPRQMLTLIIKGFDA38DA,三興段一小段,3.73,都市：其他:第參種商業區(依都市計畫說明書圖規定辦理，始得作第參種商業區使用)(原屬第貳種商業區)。,20000,41,持分移轉,10000000
RPXOMLLLJIKGFCA97DA,德惠段四小段,3.81,都市：其他:第肆種商業區(依都市計畫說明書圖規定辦理，始得作第肆種商業區使用)(原屬第參種商業區)。,10000,57,持分移轉,04200000
RPPNMLMLKIKGFDA47EA,雅祥段一小段,68.70,都市：其他:道路用地(公共設施用地)。51/2/2,1,1,全筆移轉,04240000
RPTNMLRKKIKGFFA38DA,金華段三小段,24.09,都市：其他:第參種商業區(依都市計畫說明書圖規定辦理，始得作第參種商業區使用)(原屬第貳種商業區)。,10000,730,持分移轉,02140000
RPTNMLRKKIKGFFA38DA,金華段三小段,.07,都市：其他:第三種住宅區。,10000,730,持分移轉,02140001
RPSNMLNLKIKGFCA67DA,北安段三小段,36.40,都市：其他:第三種住宅區。,757400298200,19124748932,持分移轉,06090000
RPOOMLNLRHKGFFA28DA,通化段五小段,1.12,都市：其他:道路用地(公共設施用地)。61/4/24,8,1,持分移轉,02430000
RPOOMLNLRHKGFFA28DA,通化段五小段,32.75,都市：其他:第三種住宅區。,8,1,持分移轉,02440000
RPPNMLMJJIKGFFA27DA,仁愛段六小段,38.75,都市：其他:第四種住宅區。,20,5,持分移轉,05030000
RPTNMLTLIIKGFEA38DA,立農段二小段,28.34,都市：其他:第三種住宅區。,10000,284,持分移轉,01260000
RPQNMLOLKIKGFAA47EA,景美段二小段,36.25,都市：其他:第三種住宅區。,4,1,持分移轉,03150000
RPQNMLNLKIKGFAA37EA,木柵段一小段,15.20,都市：其他:第參種商業區(依都市計畫說明書圖規定辦理，始得作第參種商業區使用)(原屬第參種住宅區)。,10000,105,持分移轉,10270000
RPQNMLNLKIKGFAA37EA,木柵段一小段,13.83,都市：其他:第三種商業區。,10000,105,持分移轉,10280000
RPROMLPKKIKGFCA77DA,中山段二小段,80.43,都市：其他:第三種商業區。,420,60,持分移轉,00290000
RPROMLPKKIKGFCA77DA,中山段二小段,28.00,都市：其他:第三種商業區。,420,60,持分移轉,00290001
RPPOMLSLJIKGFAA67DA,公訓段三小段,22.94,都市：其他:第三種住宅區。,10000,69,持分移轉,00260000
RPPOMLLLJIKGFBA07DA,福星段二小段,6.99,都市：其他:第四種商業區。,200000,2360,持分移轉,03680000
RPRNMLOLKIKGFBA57DA,莒光段三小段,15.61,都市：其他:第三種住宅區。,10000,76,持分移轉,04760000
RPRPMLTKJIKGFCA18DA,西湖段一小段,34.95,都市：其他:第三種住宅區。,10000,150,持分移轉,03560000
RPRPMLTKJIKGFCA18DA,西湖段一小段,1.11,都市：其他:道路用地(公共設施用地)。65/2/14,10000,150,持分移轉,03560002
RPTNMLSKJIKGFCA08DA,潭美段三小段,18.91,都市：其他:第參種工業區(不得作住宅使用)。,100000,461,持分移轉,08910000
RPXNMLQLJIKGFDA48DA,三興段三小段,6.82,都市：其他:第參種商業區(依都市計畫說明書圖規定辦理，始得作第參種商業區使用)(原屬第貳種商業區)。,10000,117,持分移轉,04060000
RPSNMLNLKIKGFAA57EA,木柵段一小段,15.20,都市：其他:第參種商業區(依都市計畫說明書圖規定辦理，始得作第參種商業區使用)(原屬第參種住宅區)。,10000,105,持分移轉,10270000
RPVNMLMKKIKGFEA97DA,行義段四小段,13.72,都市：其他:第三種住宅區。,10000,332,持分移轉,04020000
RPSNMLNLKIKGFAA57EA,木柵段一小段,13.83,都市：其他:第三種商業區。,10000,105,持分移轉,10280000
RPXNMLNJJIKGFDA97DA,經貿段,61.84,都市：其他:住宅區(供住宅使用)。,100000,2483,持分移轉,00800002
RPVNMLMLKIKGFFA18DA,復興段二小段,.37,都市：其他:第肆種商業區(依都市計畫說明書圖規定辦理，始得作第肆種商業區使用)(原屬第貳種商業區)。,100000,539,持分移轉,01580001
RPRNMLNLKIKGFAA47EA,木柵段一小段,15.20,都市：其他:第參種商業區(依都市計畫說明書圖規定辦理，始得作第參種商業區使用)(原屬第參種住宅區)。,10000,105,持分移轉,10270000
RPVNMLMLKIKGFFA18DA,復興段二小段,3.96,都市：其他:第參種商業區(依都市計畫說明書圖規定辦理，始得作第參種商業區使用)(原屬第貳種商業區)。,100000,539,持分移轉,01590000
RPRNMLNLKIKGFAA47EA,木柵段一小段,13.83,都市：其他:第三種商業區。,10000,105,持分移轉,10280000
RPWNMLSKKIKGFDA58DA,西松段二小段,29.25,都市：其他:第三種住宅區。,4,1,持分移轉,06410000
RPWNMLSLJIKGFBA38DA,中正段一小段,.02,都市：其他:第三種住宅區。,10000,184,持分移轉,01670000
RPROMLRKRHKGFBA48DA,青年段一小段,23.85,都市：其他:第三種住宅區。,90000,53,持分移轉,00880000
RPWNMLSLJIKGFBA38DA,中正段一小段,13.97,都市：其他:第二種商業區。,10000,184,持分移轉,01670003
RPPNMLPKJIKGFCA37DA,吉林段四小段,4.53,都市：其他:第肆種商業區(依都市計畫說明書圖規定辦理，始得作第肆種商業區使用)(原屬第參種商業區)。,100000,1210,持分移轉,07910000
RPPNMLPKJIKGFCA37DA,吉林段四小段,.05,都市：其他:道路用地(公共設施用地)。,100000,1210,持分移轉,07910001
RPTNMLNLKIKGFCA77DA,正義段二小段,22.35,都市：其他:第肆種商業區(依都市計畫說明書圖規定辦理，始得作第肆種商業區使用)(原屬第參種商業區)。,100000,2103,持分移轉,00290000
RPTNMLNLKIKGFCA77DA,正義段二小段,6.56,都市：其他:第肆種商業區(依都市計畫說明書圖規定辦理，始得作第肆種商業區使用)(原屬第參種住宅區)。,100000,2225,持分移轉,00290001
RPQOMLQLJIKGFEA97DA,百齡段四小段,3.75,都市：其他:第三種住宅區。,4,1,持分移轉,03300000
RPUNMLOLKIKGFFA28DA,懷生段一小段,11.12,都市：其他:第三之一種住宅區(特)。,100000,861,持分移轉,09510000
RPQOMLQLJIKGFEA97DA,百齡段四小段,23.75,都市：其他:第三種住宅區。,4,1,持分移轉,03310000
RPSOMLQLJIKGFBA87DA,直興段一小段,25.03,都市：其他:第四種住宅區。,10000,162,持分移轉,07460000
RPTNMLLMIIKGFDA57DA,民生段,32.00,都市：其他:住宅用地(民生社區特定專用區)。,16,2,持分移轉,00100019
RPWOMLMKKIKGFAA77DA,興安段一小段,2.41,都市：其他:第三種住宅區。,4165,92,持分移轉,05600000
RPWOMLMKKIKGFAA77DA,興安段一小段,.11,都市：其他:第三種住宅區。,4165,92,持分移轉,05650000
RPWOMLMKKIKGFAA77DA,興安段一小段,6.07,都市：其他:第三種住宅區。,4165,92,持分移轉,05660000
RPWOMLMKKIKGFAA77DA,興安段一小段,18.60,都市：其他:第三種住宅區。,5,1,持分移轉,05680000
RPWOMLMKKIKGFAA77DA,興安段一小段,1.77,都市：其他:第三種住宅區。,4165,92,持分移轉,05710000
RPQPMLQKKIKGFDA97DA,三興段三小段,7.35,都市：其他:第參種商業區(依都市計畫說明書圖規定辦理，始得作第參種商業區使用)(原屬第貳種商業區)。,10000,126,持分移轉,04060000
RPPNMLNLKIKGFCA37DA,正義段一小段,18.00,都市：其他:第肆種商業區(依都市計畫說明書圖規定辦理，始得作第肆種商業區使用)(原屬第參種住宅區)。,100000,2233,持分移轉,01500000
RPQOMLPJJIKGFDA57DA,西松段一小段,40.00,都市：其他:第三種住宅區。,4,1,持分移轉,06540000
RPPPMLLJKIKGFDA27DA,南港段二小段,29.40,都市：其他:第參種商業區(依都市計畫說明書圖規定辦理，始得作第參種商業區使用)(原屬第參種住宅區)。,10000,525,持分移轉,00530000
RPSOMLRKKIKGFDA18DA,民生段,13.13,都市：其他:第三種商業區(民生社區特定專用區)。,20000,62,持分移轉,00530002
RPVOMLOJKIKGFDA08DA,西松段一小段,19.99,都市：其他:第參種商業區(依都市計畫說明書圖規定辦理，始得作第參種商業區使用)(原屬第參種住宅區)。,28260,2018,持分移轉,07920000
RPROMLLJKIKGFDA37DA,福德段一小段,21.64,都市：其他:第三種住宅區。,10000,251,持分移轉,02570000
RPROMLQLJIKGFBA77DA,直興段一小段,11.90,都市：其他:第四種住宅區。,10000,77,持分移轉,07460000
RPXNMLLJKIKGFAA57DA,木柵段四小段,25.36,都市：其他:第三種住宅區。,10000,245,持分移轉,02690000
RPPOMLMJIIKGFAA76DA,永昌段六小段,12.59,都市：其他:第三種住宅區。,10000,156,持分移轉,00220000
RPPOMLMJIIKGFAA76DA,永昌段六小段,27.85,都市：其他:第三之一種住宅區。,10000,156,持分移轉,00220005
RPVNMLSKKIKGFDA48DA,信義段五小段,7.93,都市：其他:特定業務區(信義計畫特定專用區)。,10000,66,持分移轉,00420000
RPXNMLSJKIKGFEA68DA,行義段三小段,19.86,都市：其他:第三種住宅區。,10000,72,持分移轉,02800000
RPXNMLTLKIKGFDA88DA,逸仙段二小段,21.80,都市：其他:第四種住宅區。,15280,218,持分移轉,03750000
RPQOMLTLKIKGFCA18DA,碧湖段二小段,35.52,都市：其他:第三種住宅區。,10000,556,持分移轉,00170000
RPQOMLTLKIKGFCA18DA,碧湖段二小段,1.96,都市：其他:第三種住宅區。,10000,556,持分移轉,00200001
RPSNMLTLKIKGFFA58DA,通化段三小段,49.39,都市：其他:第三種住宅區。,10000,1515,持分移轉,08050000
RPQOMLOKJIKGFCA47DA,文德段五小段,59.04,都市：其他:科技工業區(B區)(不得作住宅使用)。,100000,1512,持分移轉,03610000
RPUNMLKLJIKGFDA57DA,民生段,11.67,都市：其他:住宅用地(民生社區特定專用區) 但是否在道路用地(公共設施用地)(應依建築線或俟地籍測量分割後，再確定)。,1471,24,持分移轉,01070000
RPQNMLLMKIKGFEA67EA,桃源段一小段,78.00,都市：其他:第三種住宅區。,1,1,全筆移轉,05980000
RPPNMLLMKIKGFEA57EA,桃源段一小段,1170.00,都市：其他:第三種住宅區。,1,1,全筆移轉,06010000
RPQNMLTJKIKGFEA08DA,行義段二小段,24.92,都市：其他:市場用地(公共設施用地)。64/6/26,10000,166,持分移轉,00760000
RPWNMLMJKIKGFDA87DA,民生段,11.75,都市：其他:住宅用地(民生社區特定專用區)。,20,1,持分移轉,00140003
RPWNMLMJKIKGFDA87DA,民生段,10.60,都市：其他:住宅用地(民生社區特定專用區)。,20,1,持分移轉,00140004
RPRNMLLMKIKGFBA47EA,大龍段二小段,8.83,都市：其他:第三種住宅區。,24,2,持分移轉,02160000
RPPOMLQLJHLGFCA67DA,吉林段三小段,5.92,都市：其他:第肆種商業區(依都市計畫說明書圖規定辦理，始得作第肆種商業區使用)(原屬第參種商業區)。,10000,71,持分移轉,10170000
RPSNMLMJJHLGFEA47DA,關渡段二小段,29.28,都市：其他:第三之一種住宅區及第三種住宅區。,10000,179,持分移轉,00830000
RPRNMLTKKIKGFAA87DA,永昌段四小段,19.75,都市：其他:第三種住宅區。,4,1,持分移轉,04950000
RPRNMLTKKIKGFAA87DA,永昌段四小段,.75,都市：其他:第三種住宅區。,28,7,持分移轉,04970002
RPRNMLTKKIKGFAA87DA,永昌段四小段,2.16,都市：其他:道路用地(公共設施用地)。63/1/3,3990,17,持分移轉,05000000
RPWNMLMKKIKGFBA77DA,華中段一小段,50.75,都市：其他:第三種住宅區。,100000,666,持分移轉,01180000
RPPNMLMJJHLGFFA37EA,金華段四小段,6.14,都市：其他:第參種商業區(依都市計畫說明書圖規定辦理，始得作第參種商業區使用)(原屬第參種住宅區)。,10000,66,持分移轉,05950000
RPVNMLLMIIKGFCA67DA,康寧段三小段,35.64,都市：其他:第三種住宅區。,10000,135,持分移轉,09400000
RPPNMLMJJHLGFFA37EA,金華段四小段,8.72,都市：其他:第參種商業區(依都市計畫說明書圖規定辦理，始得作第參種商業區使用)(原屬第貳種商業區)。,10000,66,持分移轉,06050000
RPXNMLPKIIKGFBA97DA,青年段一小段,4.22,都市：其他:第一種商業區(特)。,16790,145,持分移轉,01380000
RPXNMLPKIIKGFBA97DA,青年段一小段,8.42,都市：其他:第一種商業區(特)。,16790,145,持分移轉,01390000
RPROMLOJJIKGFEA67DA,開明段三小段,4.91,都市：其他:第二種住宅區。,10000,83,持分移轉,00730000
RPROMLOJJIKGFEA67DA,開明段三小段,4.26,都市：其他:第二種住宅區。,10000,83,持分移轉,00740000
RPPNMLPJJHLGFBA27EA,迪化段一小段,14.50,都市：其他:第三種商業區。,4,1,持分移轉,04330000
RPROMLOJJIKGFEA67DA,開明段三小段,45.34,都市：其他:第二種住宅區。,10000,83,持分移轉,00750000
RPQOMLKKKIKGFCA17DA,德惠段四小段,3.00,都市：其他:第肆種商業區(依都市計畫說明書圖規定辦理，始得作第肆種商業區使用)(原屬第參種商業區)。,990,3,持分移轉,02830000
RPROMLOJJIKGFEA67DA,開明段三小段,.01,都市：其他:第二種住宅區。,10000,83,持分移轉,00760003
RPPNMLPJJHLGFBA27EA,迪化段一小段,.75,都市：其他:道路用地(公共設施用地)。63/10/18,4,1,持分移轉,04330001
RPPNMLPJJHLGFBA27EA,迪化段一小段,.75,都市：其他:道路用地(公共設施用地)。63/10/18,4,1,持分移轉,04330002
RPXNMLTKRHKGFAA09DA,實踐段三小段,78.66,都市：其他:第三種住宅區。,1000000,15143,持分移轉,07070000
RPSNMLMJKIKGFCA37DA,東湖段一小段,35.02,都市：其他:第三種住宅區。,10000,248,持分移轉,00090003
RPTNMLQJJHLGFCA77DA,西湖段一小段,41.12,都市：其他:第三種住宅區。,10000,237,持分移轉,07500000
RPROMLMLKIKGFCA57DA,正義段三小段,18.38,都市：其他:第肆種商業區(依都市計畫說明書圖規定辦理，始得作第肆種商業區使用)(原屬第參種商業區)。,100000,1508,持分移轉,07750000
RPPPMLTJKIKGFEA18DA,永平段四小段,31.25,都市：其他:第三種住宅區。,16,1,持分移轉,01390000
RPROMLNLKIKGFEA87DA,天母段三小段,25.31,都市：其他:第參種商業區(依都市計畫說明書圖規定辦理，始得作第參種商業區使用)(原屬第參種住宅區)。,20000,266,持分移轉,02870000
RPVNMLLMKIKGFDA08EA,福德段二小段,9.75,都市：其他:道路用地(公共設施用地)。51/9/1,8,2,持分移轉,04460000
RPVNMLLMKIKGFDA08EA,福德段二小段,40.00,都市：其他:第三種住宅區。,8,2,持分移轉,04470000
RPSNMLTKKIKGFAA97DA,政大段一小段,39.68,都市：其他:第二種住宅區。,100000,621,持分移轉,00900000
RPVOMLPKKIKGFCA18DA,康寧段三小段,33.95,都市：其他:第三之一種住宅區。,1320,83,持分移轉,00240000
RPOOMLLJIIKGFFA07DA,學府段一小段,24.49,都市：其他:敦化南北路特定專用區(B區)(依都市計畫說明書圖規定辦理)(原屬第參種住宅區及第參之壹種住宅區) 但是否在道路用地(公共設施用地)(應依建築線或俟地籍測量分割後，再確定)。,10000,92,持分移轉,01930000
RPOOMLLJIIKGFFA07DA,學府段一小段,3.50,都市：其他:道路用地(公共設施用地)。61/4/24,10000,92,持分移轉,01940000
RPOOMLLJIIKGFFA07DA,學府段一小段,.03,都市：其他:敦化南北路特定專用區(B區)(依都市計畫說明書圖規定辦理)(原屬第參種住宅區)。,10000,92,持分移轉,01940001
RPQNMLPKKIKGFCA57DA,中山段三小段,3.75,都市：其他:第肆種商業區(依都市計畫說明書圖規定辦理，始得作第肆種商業區使用)(原屬第參種商業區)。,10000,49,持分移轉,02110000
RPPNMLRKJIKGFCA67EA,西湖段四小段,1.18,都市：其他:科技工業區(A區)(不得作住宅使用)。,140000,44,持分移轉,00870000
RPPNMLRKJIKGFCA67EA,西湖段四小段,100.32,都市：其他:科技工業區(A區)(不得作住宅使用)。,20000,606,持分移轉,00870001
RPROMLRKKIKGFCA97DA,康寧段三小段,35.43,都市：其他:第三種住宅區。,14000,59,持分移轉,05840000
RPWOMLPLJIKGFDA38DA,雅祥段三小段,37.00,都市：其他:第三種住宅區。,4,1,持分移轉,07360000
RPSNMLTLKIKGFBA18DA,莒光段三小段,16.84,都市：其他:第三之一種住宅區。,100000,1416,持分移轉,06790000
RPSNMLTLKIKGFBA18DA,莒光段三小段,1.40,都市：其他:第三種住宅區。,100000,1416,持分移轉,06800000
RPSNMLSLKIKGFCA18DA,康寧段三小段,35.36,都市：其他:第三種住宅區。,1000,53,持分移轉,00240001
RPQQMLTJKIKGFDA28DA,永吉段二小段,23.43,都市：其他:第三種住宅區。,70532,257,持分移轉,00370000
RPSOMLNLKIKGFEA97DA,奇岩段五小段,20.00,都市：其他:第壹種商業區(依都市計畫說明書圖規定辦理，始得作第壹種商業區使用)(原屬第參種住宅區)。,5,1,持分移轉,03350000
RPSNMLSLKIKGFCA18DA,康寧段三小段,.05,都市：其他:道路用地(公共設施用地)。65/2/13,1000,53,持分移轉,00240015
RPSOMLNLKIKGFEA97DA,奇岩段五小段,36.50,都市：其他:第壹種商業區(依都市計畫說明書圖規定辦理，始得作第壹種商業區使用)(原屬第參種住宅區)。,10000,1580,持分移轉,03360000
RPXNMLQKKIKGFEA58DA,行義段四小段,15.71,都市：其他:第三種住宅區。,10000,401,持分移轉,03810000
RPXNMLQLJIKGFFA68DA,懷生段一小段,7.08,都市：其他:市場用地(公共設施用地)。59/3/18,1582000,3015,持分移轉,01170000
RPXNMLQLJIKGFFA68DA,懷生段一小段,.23,都市：其他:道路用地(公共設施用地)。59/3/18,1582000,3015,持分移轉,01170001
RPXNMLQLJIKGFFA68DA,懷生段一小段,.02,都市：其他:道路用地(公共設施用地)。59/3/18,1582000,3015,持分移轉,01170002
RPXNMLQLJIKGFFA68DA,懷生段一小段,.10,都市：其他:市場用地(公共設施用地)。59/3/18,100000,188,持分移轉,01180000
RPXNMLQLJIKGFFA68DA,懷生段一小段,.09,都市：其他:道路用地(公共設施用地)。59/3/18,100000,188,持分移轉,01180001
RPXNMLQLJIKGFFA68DA,懷生段一小段,.19,都市：其他:市場用地(公共設施用地)。59/3/18,100000,188,持分移轉,01190000
RPXNMLQLJIKGFFA68DA,懷生段一小段,.02,都市：其他:道路用地(公共設施用地)。59/3/18,100000,188,持分移轉,01190001
RPXNMLQLJIKGFFA68DA,懷生段一小段,.62,都市：其他:市場用地(公共設施用地)。59/3/18,100000,193,持分移轉,01200000
RPXNMLQLJIKGFFA68DA,懷生段一小段,.07,都市：其他:道路用地(公共設施用地)。59/3/18,100000,168,持分移轉,01200001
RPQOMLPJJHLGFAA27DA,萬慶段二小段,80.00,都市：其他:第三種住宅區。,1,1,全筆移轉,02790000
RPXNMLQLJIKGFFA68DA,懷生段一小段,.02,都市：其他:道路用地(公共設施用地)。59/3/18,100000,193,持分移轉,01200002
RPUNMLPJJHLGFEA97DA,軟橋段,34.06,都市：其他:第三種住宅區。,10000,349,持分移轉,00710000
RPSNMLOJKIKGFFA87DA,仁愛段三小段,6.64,都市：其他:第四種住宅區。,100000,2515,持分移轉,04050000
RPPOMLRKIIKGFDA67DA,南港段二小段,21.75,都市：其他:第參種商業區(依都市計畫說明書圖規定辦理，始得作第參種商業區使用)(原屬第參種住宅區)。,20000,170,持分移轉,02000000
RPWNMLSLJIKGFDA58DA,永吉段四小段,2.73,都市：其他:交通用地(公共設施用地)。79/5/24,10000,26,持分移轉,01400007
RPTNMLPKKIKGFFA18DA,大安段二小段,10.85,都市：其他:敦化南北路特定專用區(B區)(依都市計畫說明書圖規定辦理)(原屬第參之貳種住宅區)。,10000,54,持分移轉,00010000
RPPOMLSKKIKGFCA87DA,東湖段一小段,14.33,都市：其他:第三種住宅區。,100000,469,持分移轉,00150002
RPTNMLPKKIKGFFA18DA,大安段二小段,10.88,都市：其他:敦化南北路特定專用區(B區)(依都市計畫說明書圖規定辦理)(原屬第參種住宅區及第參之貳種住宅區)。,10000,54,持分移轉,00030000
RPQNMLRJJHLGFBA47DA,臨沂段三小段,33.75,都市：其他:第三種住宅區。,4,1,持分移轉,00900000
RPWNMLSLJIKGFDA58DA,永吉段四小段,3.62,都市：其他:第參種商業區(依都市計畫說明書圖規定辦理，始得作第參種商業區使用)(原屬第參之壹種住宅區)。,10000,26,持分移轉,01410000
RPWNMLSLJIKGFDA58DA,永吉段四小段,.02,都市：其他:第參種商業區(依都市計畫說明書圖規定辦理，始得作第參種商業區使用)(原屬第參之壹種住宅區)。,10000,26,持分移轉,01410001
RPPPMLMLKIKGFDA57DA,福德段三小段,13.38,都市：其他:第三種住宅區。,8,1,持分移轉,03820000
RPPPMLMLKIKGFDA57DA,福德段三小段,13.00,都市：其他:第三種住宅區。,8,1,持分移轉,03870000
RPQOMLPKKIKGFFA97DA,瑞安段三小段,21.90,都市：其他:第三種住宅區。,10,1,持分移轉,01030000
RPQNMLMKJHLGFDA27DA,永吉段三小段,26.80,都市：其他:第三種住宅區。,1360,268,持分移轉,06350000
RPPNMLLLRHKGFCA77DA,長安段四小段,1.72,都市：其他:第參種商業區(依都市計畫說明書圖規定辦理，始得作第參種商業區使用)(原屬第貳種商業區) 但是否在第三之二種住宅區(應依建築線或俟地籍測量分割後，再確定)。,10000,26,持分移轉,04400000
RPWPMLMJJHLGFDA97DA,南港段四小段,29.71,都市：其他:第三種住宅區。,10000,169,持分移轉,02760000
RPSNMLMKJHLGFAA17DA,公訓段三小段,63.51,都市：其他:第二種住宅區。,10000,29,持分移轉,01450000
RPWPMLMJJHLGFDA97DA,南港段四小段,.46,都市：其他:第三種住宅區。,10000,169,持分移轉,03070002
RPQNMLMKJHLGFCA17DA,正義段一小段,26.75,都市：其他:第肆種商業區(依都市計畫說明書圖規定辦理，始得作第肆種商業區使用)(原屬第參種住宅區)。,4,1,持分移轉,01400000
RPSNMLMKJHLGFAA17DA,公訓段三小段,3.89,都市：其他:第三種住宅區。,10000,29,持分移轉,01450001
RPPOMLQLJIKGFFA97DA,復興段三小段,8.30,都市：其他:第四種住宅區。,10,1,持分移轉,05500000
RPPOMLQLJIKGFFA97DA,復興段三小段,1.40,都市：其他:第四種住宅區。,10,1,持分移轉,05510000
RPTOMLMKJHLGFAA37DA,景美段一小段,28.53,都市：其他:第參種商業區(依都市計畫說明書圖規定辦理，始得作第參種商業區使用)(原屬第肆種住宅區及第肆之壹種住宅區)。,10000,272,持分移轉,00560000
RPVNMLPKKIKGFFA38DA,瑞安段一小段,21.13,都市：其他:第三種住宅區。,52880,47,持分移轉,02980000
RPTOMLQLKIKGFCA18DA,長安段二小段,8.81,都市：其他:第三之一種住宅區(特)。,1420000,12781,持分移轉,05890000
RPTNMLTLKIKGFFA68DA,仁愛段六小段,.23,都市：其他:第肆種商業區(依都市計畫說明書圖規定辦理，始得作第肆種商業區使用)(原屬第肆種住宅區)。,10000,190,持分移轉,00970000
RPOOMLPLJIKGFCA47DA,文德段二小段,11.55,都市：其他:第三種住宅區。,10000,250,持分移轉,01280001
RPTNMLTLKIKGFFA68DA,仁愛段六小段,1.82,都市：其他:第肆種商業區(依都市計畫說明書圖規定辦理，始得作第肆種商業區使用)(原屬第肆種住宅區)。,10000,190,持分移轉,00970001
RPOOMLPLJIKGFCA47DA,文德段二小段,14.65,都市：其他:第三種住宅區。,10000,250,持分移轉,01290002
RPTNMLTLKIKGFFA68DA,仁愛段六小段,.04,都市：其他:第肆種商業區(依都市計畫說明書圖規定辦理，始得作第肆種商業區使用)(原屬第肆種住宅區)。,10000,190,持分移轉,00970002
RPTNMLTLKIKGFFA68DA,仁愛段六小段,.10,都市：其他:第肆種商業區(依都市計畫說明書圖規定辦理，始得作第肆種商業區使用)(原屬第肆種住宅區)。,10000,190,持分移轉,00970003
RPTNMLTLKIKGFFA68DA,仁愛段六小段,24.66,都市：其他:第肆種商業區(依都市計畫說明書圖規定辦理，始得作第肆種商業區使用)(原屬第肆種住宅區)。,10000,190,持分移轉,01000000
RPTNMLTLKIKGFFA68DA,仁愛段六小段,20.71,都市：其他:第肆種商業區(依都市計畫說明書圖規定辦理，始得作第肆種商業區使用)(原屬第貳種商業區)。,10000,190,持分移轉,01000001
RPTNMLTLKIKGFFA68DA,仁愛段六小段,.02,都市：其他:第肆種商業區(依都市計畫說明書圖規定辦理，始得作第肆種商業區使用)(原屬第肆種住宅區)。,10000,190,持分移轉,01000004
RPTNMLTLKIKGFFA68DA,仁愛段六小段,3.57,都市：其他:第肆種商業區(依都市計畫說明書圖規定辦理，始得作第肆種商業區使用)(原屬第貳種商業區)。,10000,190,持分移轉,01000005
RPTNMLTLKIKGFFA68DA,仁愛段六小段,1.22,都市：其他:第肆種商業區(依都市計畫說明書圖規定辦理，始得作第肆種商業區使用)(原屬第肆種住宅區)。,10000,190,持分移轉,01000006
RPTNMLTLKIKGFFA68DA,仁愛段六小段,.15,都市：其他:道路用地(公共設施用地)。68/2/17,10000,190,持分移轉,01000007
RPUOMLQJJHLGFDA18EA,逸仙段三小段,8.75,都市：其他:第四種住宅區。,267820,126,持分移轉,07010000
RPUOMLMJIIKGFEA67DA,溫泉段一小段,2.75,都市：其他:第三種商業區。,10000,29,持分移轉,02590000
RPUOMLMJIIKGFEA67DA,溫泉段一小段,5.32,都市：其他:第三種住宅區。,10000,29,持分移轉,02630000
RPQNMLQJKIKGFBA47DA,雙連段三小段,7.96,都市：其他:第三種商業區。,10000,129,持分移轉,08470000
RPPNMLMLKIKGFAA07DA,萬芳段二小段,18.70,都市：其他:第三種住宅區。,10000,69,持分移轉,01790000
RPSNMLTJJHLGFEA18DA,天玉段三小段,50.66,都市：其他:第二種住宅區。,1,1,全筆移轉,02250000
RPTNMLNKJHLGFFA87DA,懷生段四小段,44.00,都市：其他:第三種住宅區。,8,2,持分移轉,02280000
RPSNMLTJJHLGFEA18DA,天玉段三小段,87.64,都市：其他:第二種住宅區。,1,1,全筆移轉,02260000
RPSNMLTJJHLGFEA18DA,天玉段三小段,133.30,都市：其他:第二種住宅區。,1,1,全筆移轉,02450000
RPPNMLQJJHLGFCA37DA,西湖段一小段,21.52,都市：其他:第三種住宅區。,10000,86,持分移轉,07680000
RPPNMLQJJHLGFCA37DA,西湖段一小段,.03,都市：其他:道路用地(公共設施用地)。,10000,86,持分移轉,07680001
RPPNMLQJJHLGFCA37DA,西湖段一小段,.03,都市：其他:道路用地(公共設施用地)。,10000,86,持分移轉,07680002
RPPNMLTLRHKGFFA88DA,龍泉段一小段,24.58,都市：其他:第三種住宅區。,12,1,持分移轉,03300000
RPQNMLPKJHLGFBA37DA,玉泉段一小段,8.25,都市：其他:第三種商業區。,10000,62,持分移轉,08370000
RPRNMLQLKIKGFBA77DA,直興段一小段,22.56,都市：其他:第四種住宅區。,10000,146,持分移轉,07460000
RPVNMLPKRHKGFAA48DA,興安段一小段,9.82,都市：其他:第三種住宅區。,100000,1497,持分移轉,01720000
RPVNMLPKRHKGFAA48DA,興安段一小段,.25,都市：其他:第三種住宅區。,100000,1497,持分移轉,01720001
RPVNMLPKRHKGFAA48DA,興安段一小段,1.26,都市：其他:第三種住宅區。,100000,1497,持分移轉,03100000
RPVNMLOKJHLGFCA87DA,康寧段三小段,11.27,都市：其他:第參種商業區(依都市計畫說明書圖規定辦理，始得作第參種商業區使用)(原屬第參之壹種住宅區)。,100000,826,持分移轉,02720000
RPVNMLOKJHLGFCA87DA,康寧段三小段,29.86,都市：其他:第三種住宅區。,100000,1472,持分移轉,02780000
RPVNMLNLKIKGFEA18DA,蘭雅段一小段,44.14,都市：其他:第三種住宅區。,10000,226,持分移轉,06620000
RPQNMLPKKIKGFAA37DA,興隆段一小段,14.38,都市：其他:第三種住宅區。,10000,35,持分移轉,02710000
RPQNMLPKKIKGFAA37DA,興隆段一小段,.73,都市：其他:第三種住宅區。,10000,58,持分移轉,02760004
RPPNMLQJJHLGFAA17DA,實踐段三小段,38.56,都市：其他:第三種住宅區。,10000,254,持分移轉,05040000
RPQNMLPKKIKGFAA37DA,興隆段一小段,.01,都市：其他:第三種住宅區。,10000,58,持分移轉,02820008
RPSNMLPJJIKGFAA37DA,興安段一小段,20.43,都市：其他:第三種住宅區。,100000,3115,持分移轉,01720000
RPSNMLPJJIKGFAA37DA,興安段一小段,.53,都市：其他:第三種住宅區。,100000,3115,持分移轉,01720001
RPSNMLPJJIKGFAA37DA,興安段一小段,2.62,都市：其他:第三種住宅區。,100000,3115,持分移轉,03100000
RPQOMLQKKIKGFFA08DA,仁愛段一小段,29.24,都市：其他:第肆種商業區(依都市計畫說明書圖規定辦理，始得作第肆種商業區使用)(原屬第四種住宅區〈特〉及第四之一種住宅區〈特〉國父紀念館特定專用區原屬第肆種住宅區)。,10000,93,持分移轉,00050000
RPQOMLQKKIKGFFA08DA,仁愛段一小段,.91,都市：其他:道路用地(公共設施用地)。48/3/13,10000,93,持分移轉,00060000
RPRPMLRJIIKGFAA57DA,興安段一小段,10.17,都市：其他:第三種住宅區。,100000,1551,持分移轉,01720000
RPRPMLRJIIKGFAA57DA,興安段一小段,.26,都市：其他:第三種住宅區。,100000,1551,持分移轉,01720001
RPRPMLRJIIKGFAA57DA,興安段一小段,1.30,都市：其他:第三種住宅區。,100000,1551,持分移轉,03100000
RPUNMLTJJHLGFFA48DA,仁愛段三小段,31.29,都市：其他:第四種住宅區。,10000,308,持分移轉,01050000
RPPOMLPJJHLGFFA67DA,辛亥段四小段,23.60,都市：其他:第三種住宅區。,10000,106,持分移轉,04860000
RPQNMLKLJHLGFFA47EA,金華段二小段,24.98,都市：其他:第三之一種住宅區。,10000,360,持分移轉,07260000
RPQNMLKLJHLGFFA47EA,金華段二小段,4.68,都市：其他:第三種住宅區。,10000,360,持分移轉,07260001
RPVNMLRKKIKGFDA48EA,信義段三小段,33.81,都市：其他:特定業務區(信義計畫特定專用區)。,10000,119,持分移轉,00500000
RPPNMLLLJHLGFCA07DA,長安段二小段,67.96,都市：其他:第參種商業區(依都市計畫說明書圖規定辦理，始得作第參種商業區使用)(原屬第參種住宅區)。,100000,4617,持分移轉,07110000
RPVNMLRKKIKGFDA48EA,信義段三小段,33.33,都市：其他:特定業務區(信義計畫特定專用區)。,10000,119,持分移轉,00500003
RPVNMLPJJHLGFCA87DA,中山段三小段,11.04,都市：其他:第肆種商業區(依都市計畫說明書圖規定辦理，始得作第肆種商業區使用)(原屬第參種商業區)。,10000,195,持分移轉,05500000
RPSOMLPJJHLGFCA67DA,潭美段五小段,17.93,都市：其他:工商混合區(不得作住宅使用)。,5000,63,持分移轉,00150002
RPVNMLLLJHLGFCA67DA,長安段三小段,30.89,都市：其他:第參種商業區(依都市計畫說明書圖規定辦理，始得作第參種商業區使用)(原屬第貳種商業區)。,9,2,持分移轉,06240000
RPTOMLTKJHLGFCA28DA,北安段三小段,20.92,都市：其他:第三種住宅區。,10000,99,持分移轉,09180000
RPSOMLPJJHLGFCA67DA,潭美段五小段,1.22,都市：其他:工商混合區(不得作住宅使用)。,5000,63,持分移轉,00150004
RPOOMLMLKIKGFAA07DA,河堤段五小段,51.29,都市：其他:第三種住宅區。,34,4,持分移轉,03450000
RPOOMLMLKIKGFAA07DA,河堤段五小段,4.71,都市：其他:第三種住宅區。,34,4,持分移轉,03480000
RPXNMLQKJHLGFFA58DA,仁愛段一小段,.01,都市：其他:第四種住宅區。,72520,3,持分移轉,08430000
RPXNMLQKJHLGFFA58DA,仁愛段一小段,.00,都市：其他:道路用地(公共設施用地)。,72520,3,持分移轉,08430003
RPXNMLQKJHLGFFA58DA,仁愛段一小段,.26,都市：其他:第四種住宅區及第參種商業區(依都市計畫說明書圖規定辦理，始得作第參種商業區使用)(原屬第貳種商業區)。,24640,21,持分移轉,08440000
RPXNMLQKJHLGFFA58DA,仁愛段一小段,6.15,都市：其他:第參種商業區(依都市計畫說明書圖規定辦理，始得作第參種商業區使用)(原屬第貳種商業區)及第四種住宅區。,10000,41,持分移轉,08450000
RPXNMLQKJHLGFFA58DA,仁愛段一小段,.03,都市：其他:道路用地(公共設施用地)。68/10/15,10000,41,持分移轉,08450001
RPTOMLMKJHLGFDA67DA,永吉段四小段,2.48,都市：其他:第參種商業區(依都市計畫說明書圖規定辦理，始得作第參種商業區使用)(原屬第參之壹種住宅區)。,10000,14,持分移轉,00910000
RPTOMLMKJHLGFDA67DA,永吉段四小段,1.99,都市：其他:第參種商業區(依都市計畫說明書圖規定辦理，始得作第參種商業區使用)(原屬第參種住宅區)。,10000,14,持分移轉,00930000
RPTOMLMKJHLGFDA67DA,永吉段四小段,1.85,都市：其他:交通用地(公共設施用地)。79/5/24,10000,14,持分移轉,00930001
RPWNMLLLJHLGFCA77DA,長安段三小段,15.44,都市：其他:第參種商業區(依都市計畫說明書圖規定辦理，始得作第參種商業區使用)(原屬第貳種商業區)。,9,1,持分移轉,06240000
RPRNMLPLJIKGFDA77DA,寶清段一小段,15.30,都市：其他:第三種住宅區。,10000,32,持分移轉,00570013
RPRNMLPKKIKGFAA47DA,政大段四小段,27.67,都市：其他:第三種住宅區。,12,1,持分移轉,06000000
RPPPMLQKJHLGFCA67DA,德惠段二小段,20.33,都市：其他:第三種住宅區。,70100,2033,持分移轉,02030000
RPPNMLQLJHLGFCA67EA,中山段二小段,9.32,都市：其他:第三種商業區。,30000,954,持分移轉,01230000
RPRNMLOJKHLGFAA37EA,興隆段二小段,365.63,都市：其他:道路用地(公共設施用地)。,1000,999,持分移轉,02400009
RPUNMLMLKIKGFCA77DA,中山段一小段,37.50,都市：其他:第肆種商業區(依都市計畫說明書圖規定辦理，始得作第肆種商業區使用)(原屬第參種商業區)。,4,1,持分移轉,03180000
RPSOMLQLJHLGFEA18DA,福林段三小段,.05,都市：其他:第三之二種住宅區。,100000,4794,持分移轉,03370004
RPSOMLQLJHLGFEA18DA,福林段三小段,32.74,都市：其他:第三種住宅區。,100000,4794,持分移轉,03380000
RPVNMLNKJHLGFFA08DA,瑞安段一小段,29.22,都市：其他:第三種住宅區。,10576,13,持分移轉,02980000
RPQNMLLKJHLGFBA96DA,直興段一小段,11.28,都市：其他:第四種住宅區。,10000,73,持分移轉,07460000
RPUNMLPKKIKGFAA77DA,華興段二小段,85.70,都市：其他:第二種住宅區。,100000,347,持分移轉,00330000
RPUNMLPKKIKGFAA77DA,華興段二小段,.09,都市：其他:第三種住宅區。,100000,347,持分移轉,00420001
RPUNMLPKKIKGFAA77DA,華興段二小段,.66,都市：其他:第三種住宅區。,100000,347,持分移轉,00540001
RPUNMLPKKIKGFAA77DA,華興段二小段,.01,都市：其他:第三種住宅區。,100000,347,持分移轉,00560004
RPUNMLPKKIKGFAA77DA,華興段二小段,1.87,都市：其他:第三種住宅區。,100000,347,持分移轉,00580000
RPUNMLPKKIKGFAA77DA,華興段二小段,1.14,都市：其他:第三種住宅區。,100000,347,持分移轉,00800000
RPUNMLPKKIKGFAA77DA,華興段二小段,1.43,都市：其他:第三種住宅區。,100000,347,持分移轉,00820001
RPUNMLPKKIKGFAA77DA,華興段一小段,.46,都市：其他:第二種住宅區。,100000,347,持分移轉,01390000
RPUNMLRLJHLGFBA08DA,公園段二小段,3.39,都市：其他:第四種商業區。,10000,48,持分移轉,06660000
RPVNMLOJKHLGFDA97DA,吳興段二小段,26.63,都市：其他:第三種住宅區。,20000,1428,持分移轉,03290000
RPUNMLMLJHLGFDA77DA,西松段三小段,43.75,都市：其他:第三種住宅區。,4,1,持分移轉,01230000
RPPNMLLKJHLGFBA86DA,直興段一小段,10.81,都市：其他:第四種住宅區。,10000,70,持分移轉,07460000
RPPNMLMKKHLGFBA07DA,漢中段三小段,11.28,都市：其他:第四種商業區 但是否在道路用地(公共設施用地)(應依建築線或俟地籍測量分割後，再確定)。,10000,623,持分移轉,01450000
RPTPMLNJKHLGFCA77DA,東湖段八小段,47.83,都市：其他:第二種住宅區。,100000,855,持分移轉,00200000
RPTPMLQKJHLGFFA38DA,懷生段二小段,12.43,都市：其他:第三之二種住宅區及第三種住宅區 但是否在道路用地(公共設施用地)(應依建築線或俟地籍測量分割後，再確定)。,290000,980,持分移轉,05850000
RPPOMLPLKHLGFCA67DA,文德段二小段,75.80,都市：其他:第三種住宅區。,10000,506,持分移轉,00310000
RPVNMLPJJHLGFFA18DA,辛亥段三小段,29.29,都市：其他:第三之一種住宅區。,7,1,持分移轉,03470000
RPUPMLRJIIKGFAA87DA,興安段一小段,10.17,都市：其他:第三種住宅區。,100000,1551,持分移轉,01720000
RPVNMLPJJHLGFFA18DA,辛亥段三小段,.86,都市：其他:道路用地(公共設施用地)。69/7/10,7,1,持分移轉,03470001
RPUPMLRJIIKGFAA87DA,興安段一小段,.26,都市：其他:第三種住宅區。,100000,1551,持分移轉,01720001
RPUPMLRJIIKGFAA87DA,興安段一小段,1.30,都市：其他:第三種住宅區。,100000,1551,持分移轉,03100000
RPWNMLTJKHLGFFA78DA,復興段二小段,15.12,都市：其他:第四種住宅區。,260000,7976,持分移轉,00880000
RPQPMLMJJHLGFDA37DA,信義段五小段,20.38,都市：其他:住宅區(信義計畫特定專用區)。,10000000,96550,持分移轉,00250000
RPQPMLMJJHLGFDA37DA,信義段五小段,21.04,都市：其他:住宅區(信義計畫特定專用區)。,10000000,96550,持分移轉,00250001
RPROMLOKJHLGFDA67DA,西松段二小段,31.46,都市：其他:第三種住宅區。,24,1,持分移轉,06550000
RPROMLQKJHLGFCA77DA,潭美段五小段,23.62,都市：其他:工商混合區(不得作住宅使用)。,20000,332,持分移轉,00150002
RPVNMLSLJIKGFDA48DA,寶清段一小段,15.77,都市：其他:第三種住宅區。,10000,33,持分移轉,00570013
RPROMLQKJHLGFCA77DA,潭美段五小段,1.61,都市：其他:工商混合區(不得作住宅使用)。,20000,332,持分移轉,00150004
RPPOMLPJJIKGFDA47DA,民生段,29.38,都市：其他:住宅用地(民生社區特定專用區) 但是否在道路用地(公共設施用地)(應依建築線或俟地籍測量分割後，再確定)。,10000,116,持分移轉,01080004
RPVOMLMKJIKGFAA57DA,政大段一小段,127.16,都市：其他:第二種住宅區。,10000,213,持分移轉,00310000
RPWOMLMLKIKGFDA18DA,玉成段三小段,6.20,都市：其他:第一種商業區。,100000,229,持分移轉,04590000
RPRNMLTJKIKGFDA18EA,玉成段二小段,38.00,都市：其他:第參種工業區(不得作住宅使用)。,1,1,全筆移轉,03780003
RPRNMLKKKIKGFDA37EA,犂和段二小段,53.70,都市：其他:道路用地(公共設施用地)。51/9/1,20,3,持分移轉,04910000
RPTNMLPJRHKGFAA18DA,政大段三小段,38.15,都市：其他:第三之一種住宅區。,100000,9884,持分移轉,03860000
RPVNMLMJKIKGFCA67DA,康寧段三小段,22.46,都市：其他:第三種住宅區。,10000,43,持分移轉,05380000
RPQNMLLJKIKGFAA86DA,政大段一小段,54.50,都市：其他:第二種住宅區。,100000,853,持分移轉,00900000
RPSNMLOKIIKGFAA27DA,公訓段三小段,29.29,都市：其他:第二種住宅區。,10000,17,持分移轉,01510008
RPPNMLTJKIKGFEA97DA,新安段三小段,541.43,都市：其他:住宅區(原為保護區，經都市計畫檢討主要計畫變更，但因細部計畫及整體開發作業尚未完成，尚未能准許依變更後計畫用途使用)。,1,1,全筆移轉,06710001
RPOPMLQLJHLGFCA67DA,碧湖段四小段,33.08,都市：其他:第二種住宅區,100000,5834,持分移轉,09620000
RPUNMLOJJIKGFDA77DA,民生段,24.73,都市：其他:住宅用地(民生社區特定專用區)。,11,2,持分移轉,01260045
RPWNMLSJKIKGFDA48DA,玉成段三小段,20.79,都市：其他:第三種住宅區。,100000,552,持分移轉,09040000
RPTNMLTLIIKGFAA97DA,興隆段二小段,27.75,都市：其他:第壹種商業區(依都市計畫說明書圖規定辦理，始得作第壹種商業區使用)(原屬第參種住宅區)。,4,1,持分移轉,00790000
RPWNMLSJKIKGFDA48DA,玉成段三小段,10.52,都市：其他:第壹種商業區(依都市計畫說明書圖規定辦理，始得作第壹種商業區使用)(原屬第參之壹種住宅區)。,100000,552,持分移轉,09050000
RPPNMLRLJIKGFDA77DA,信義段一小段,11.98,都市：其他:第三之一種住宅區。,10000,271,持分移轉,02840000
RPQNMLMJJIKGFCA07DA,吉林段五小段,.32,都市：其他:第肆種商業區(依都市計畫說明書圖規定辦理，始得作第肆種商業區使用)(原屬第參種商業區)。,10000,36,持分移轉,03020000
RPQNMLMJJIKGFCA07DA,吉林段五小段,3.87,都市：其他:第肆種商業區(依都市計畫說明書圖規定辦理，始得作第肆種商業區使用)(原屬第參種商業區)。,10000,36,持分移轉,03330000
RPPNMLKKJIKGFBA76DA,福星段二小段,5.13,都市：其他:第四種商業區。,100000,418,持分移轉,06180000
RPPNMLKKJIKGFBA76DA,福星段二小段,.01,都市：其他:道路用地(公共設施用地)。60/9/20,10,1,持分移轉,06190005
RPTNMLRLJIKGFAA87DA,木柵段二小段,21.33,都市：其他:第三種住宅區。,10000,87,持分移轉,05530000
RPTNMLRLJIKGFAA87DA,木柵段二小段,.04,都市：其他:道路用地(公共設施用地)。61/11/9,10000,87,持分移轉,05530001
RPRPMLOLJIKGFDA87DA,美仁段二小段,33.75,都市：其他:第三種住宅區。,4,1,持分移轉,05680000
RPWOMLNJJIKGFBA77DA,華江段一小段,23.90,都市：其他:第四種住宅區。,21167,244,持分移轉,01300000
RPVNMLRKIIKGFFA38DA,辛亥段六小段,29.66,都市：其他:第三種住宅區。,10000,303,持分移轉,00240006
RPQNMLLJKIKGFCA07DA,東湖段四小段,21.05,都市：其他:第三種住宅區。,100000,1570,持分移轉,00050022
RPRNMLPJKIKGFCA57DA,中山段四小段,16.50,都市：其他:第參種商業區(依都市計畫說明書圖規定辦理，始得作第參種商業區使用)(原屬第肆種住宅區) 但是否在道路用地(公共設施用地)(應依建築線或俟地籍測量分割後，再確定)。,608,152,持分移轉,02280001
RPUNMLTKJIKGFBA18DA,中正段二小段,3.22,都市：其他:第參種商業區(依都市計畫說明書圖規定辦理，始得作第參種商業區使用)(原屬第貳種商業區)。,10000,66,持分移轉,05070000
RPRNMLPJKIKGFCA57DA,中山段四小段,1.25,都市：其他:第三種商業區。,608,152,持分移轉,02280004
RPSNMLOLJIKGFCA67DA,正義段三小段,4.03,都市：其他:第肆種商業區(依都市計畫說明書圖規定辦理，始得作第肆種商業區使用)(原屬第參種商業區) 但是否在道路用地(公共設施用地)(應依建築線或俟地籍測量分割後，再確定)。,10000,21,持分移轉,03840000
RPWOMLMJKIKGFEA08DA,光華段四小段,7.11,都市：其他:第參種商業區(依都市計畫說明書圖規定辦理，始得作第參種商業區使用)(原屬第參之貳種住宅區依都市計畫說明書圖規定辦理)。,50000,253,持分移轉,07990000
RPROMLPJKIKGFAA47DA,興隆段一小段,22.09,都市：其他:第三種住宅區。,10000,43,持分移轉,02620000
RPWOMLMJKIKGFEA08DA,光華段四小段,2.45,都市：其他:第參種商業區(依都市計畫說明書圖規定辦理，始得作第參種商業區使用)(原屬第參種住宅區依都市計畫說明書圖規定辦理)。,50000,253,持分移轉,07990001
RPWOMLRKKIKGFAA28DA,河堤段三小段,1.60,都市：其他:第三種住宅區。,48,1,持分移轉,00470000
RPQNMLRKKIKGFBA77EA,橋北段二小段,11.71,都市：其他:第三種商業區(原屬第肆之壹種住宅區於七十九年九月十三日變更為第貳種商業區又於八十四年九月二十七日調整為第參種商業區(均應依前述都市計畫說明書圖規定辦理))。,20000,152,持分移轉,00180000
RPWOMLRKKIKGFAA28DA,河堤段三小段,21.50,都市：其他:第三種住宅區。,6,1,持分移轉,00480000
RPQNMLRKJIKGFAA47DA,博嘉段四小段,21.98,都市：其他:第二種住宅區。,10000,224,持分移轉,01960000
RPWOMLRKKIKGFAA28DA,河堤段三小段,7.17,都市：其他:第三種住宅區。,6,1,持分移轉,00490000
RPQNMLRKKIKGFBA77EA,橋北段二小段,.62,都市：其他:第參種商業區(依都市計畫說明書圖規定辦理，始得作第參種商業區使用)(原屬第肆種住宅區)。,20000,152,持分移轉,00200001
RPQNMLRKJIKGFAA47DA,博嘉段四小段,2.02,都市：其他:道路用地(公共設施用地)。58/4/28,10000,224,持分移轉,01970000
RPWNMLNJJIKGFDA87DA,西松段二小段,13.26,都市：其他:第二種商業區及第三種住宅區。,100000,625,持分移轉,05950000
RPXNMLMJKIKGFCA87DA,吉林段四小段,4.33,都市：其他:第肆種商業區(依都市計畫說明書圖規定辦理，始得作第肆種商業區使用)(原屬第參種商業區) 但是否在道路用地(公共設施用地)(應依建築線或俟地籍測量分割後，再確定)。,10000,57,持分移轉,08030000
RPXNMLMJKIKGFCA87DA,吉林段四小段,.51,都市：其他:第肆種商業區(依都市計畫說明書圖規定辦理，始得作第肆種商業區使用)(原屬第參種商業區) 但是否在道路用地(公共設施用地)(應依建築線或俟地籍測量分割後，再確定)。,10000,57,持分移轉,08040000
RPVNMLLKKIKGFDA87EA,西松段二小段,27.63,都市：其他:第三種住宅區。,5000,190,持分移轉,02300000
RPVNMLNKJIKGFFA18EA,懷生段二小段,.75,都市：其他:第參種商業區(依都市計畫說明書圖規定辦理，始得作第參種商業區使用)(原屬第貳種商業區)。,500000,406,持分移轉,05900000
RPVNMLNKJIKGFFA18EA,懷生段二小段,.16,都市：其他:第參種商業區(依都市計畫說明書圖規定辦理，始得作第參種商業區使用)(原屬第參種住宅區)。,500000,406,持分移轉,05910000
RPPNMLLKKIKGFDA17DA,南港段二小段,8.62,都市：其他:第貳種工業區(不得作住宅使用)。,8,1,持分移轉,08940001
RPPNMLLKKIKGFDA17DA,南港段二小段,24.00,都市：其他:第貳種工業區(不得作住宅使用)。,8,1,持分移轉,08960003
RPRPMLNLRHKGFBA28DA,福星段一小段,11.08,都市：其他:第肆種商業區(依都市計畫說明書圖規定辦理，始得作第肆種商業區使用)(原屬第參種商業區)。,10000,136,持分移轉,02820000
RPRNMLNJKIKGFDA47DA,虎林段四小段,16.14,都市：其他:第參種商業區(依都市計畫說明書圖規定辦理，始得作第參種商業區使用)(原屬第參種住宅區)。,1831638,8883,持分移轉,00280000
RPRNMLNJKIKGFDA47DA,虎林段四小段,11.67,都市：其他:第參種商業區(依都市計畫說明書圖規定辦理，始得作第參種商業區使用)(原屬第貳種商業區)。,1831638,8883,持分移轉,00280001
RPRNMLNJKIKGFDA47DA,虎林段四小段,1.35,都市：其他:道路用地(公共設施用地)。51/2/2,1831638,8883,持分移轉,00290000
RPQNMLKMQHKGFDA87DA,福德段二小段,23.50,都市：其他:第三種住宅區。,4,1,持分移轉,08140000
RPPOMLPJKIKGFBA37DA,直興段一小段,4.72,都市：其他:第四種商業區。,100000,376,持分移轉,00040000
RPPNMLMLKIKGFEA57EA,芝蘭段一小段,19.63,都市：其他:第三種住宅區。,1000,66,持分移轉,04270000
RPPNMLMLKIKGFEA57EA,芝蘭段一小段,10.30,都市：其他:第三種住宅區。,1000,66,持分移轉,04280000
RPTOMLPKKIKGFCA97DA,東湖段六小段,11.92,都市：其他:第三種住宅區。,10000,51,持分移轉,01350000
RPVNMLMLKIKGFCA87DA,安康段,129.97,都市：其他:科技工業區(A區)(特)(不得作住宅使用)。,100000,2031,持分移轉,00150007
RPSNMLPKKIKGFBA67DA,青年段一小段,14.25,都市：其他:第三之一種住宅區。,12470,181,持分移轉,06960000
RPVNMLOLKIKGFCA08DA,中山段一小段,2.88,都市：其他:第肆種商業區(依都市計畫說明書圖規定辦理，始得作第肆種商業區使用)(原屬第參種商業區)。,10000,20,持分移轉,04800000
RPPNMLOLKIKGFFA87EA,瑞安段一小段,36.79,都市：其他:第三種住宅區。,44658,132,持分移轉,02940000
RPWNMLMKKIKGFDA97DA,信義段五小段,6.31,都市：其他:特定業務區(信義計畫特定專用區)。,100000,351,持分移轉,00420001
RPPNMLOLKIKGFFA87EA,瑞安段一小段,.01,都市：其他:道路用地(公共設施用地)。60/7/13,44658,132,持分移轉,02940001
RPPNMLOLKIKGFFA87EA,瑞安段一小段,.01,都市：其他:道路用地(公共設施用地)。60/7/13,44658,132,持分移轉,02940002
RPSOMLRKJIKGFBA87DA,圓環段三小段,19.05,都市：其他:第三種商業區。,10000,68,持分移轉,02180000
RPPQMLMLRHKGFCA18DA,吉林段三小段,1.97,都市：其他:第肆種商業區(依都市計畫說明書圖規定辦理，始得作第肆種商業區使用)(原屬第參種商業區)。,10000,21,持分移轉,09190000
RPOVMLSLIIKGFCA38DA,吉林段二小段,20.68,都市：其他:第三種住宅區。,10000,907,持分移轉,09180000
RPSNMLNKJIKGFBA37DA,大同段二小段,10.13,都市：其他:第三種商業區。,100000,1307,持分移轉,02120000
RPSNMLNKJIKGFBA37DA,大同段二小段,.12,都市：其他:第四種住宅區。,100000,1307,持分移轉,02620001
RPQOMLKKKIKGFDA27DA,南港段二小段,60.00,都市：其他:第參種商業區(依都市計畫說明書圖規定辦理，始得作第參種商業區使用)(原屬第參種住宅區)。90/9/28,1,1,全筆移轉,07150000
RPQOMLKKKIKGFDA27DA,南港段二小段,17.75,都市：其他:道路用地(公共設施用地)。61/9/26,10000,433,持分移轉,07240003
SPXNMLQLKIKGFCA58DA,中山段一小段,56.77,都市：其他:第四種商業區(特),10000,1305,持分移轉,01950000
RPQNMLLMIIKGFCA27EA,金泰段,47.09,都市：其他:住宅區(供拆遷安置專案住宅使用)。,500000,224,持分移轉,00720000
RPQOMLKKKIKGFDA27DA,南港段二小段,.35,都市：其他:第參種商業區(依都市計畫說明書圖規定辦理，始得作第參種商業區使用)(原屬第參種住宅區)。,10000,433,持分移轉,07240015
RPQOMLKKKIKGFDA27DA,南港段二小段,.65,都市：其他:第參種商業區(依都市計畫說明書圖規定辦理，始得作第參種商業區使用)(原屬第參種住宅區)。,10000,433,持分移轉,07240016
RPXNMLQLKIKGFCA48DA,中山段一小段,25.32,都市：其他:第四種商業區(特),10000,582,持分移轉,01950000
RPTNMLTJIIKGFBA87DA,城中段一小段,9.87,都市：其他:第四種商業區。,10000,65,持分移轉,01470000
RPPOMLMKJIKGFCA17DA,德惠段四小段,5.16,都市：其他:第肆種商業區(依都市計畫說明書圖規定辦理，始得作第肆種商業區使用)(原屬第參種商業區) 但是否在道路用地(公共設施用地)(應依建築線或俟地籍測量分割後，再確定)。,10000,40,持分移轉,03100000
RPPNMLKMKIKGFAA07EA,河堤段三小段,25.38,都市：其他:第三種住宅區。,10000,715,持分移轉,06870000
RPQNMLKMKIKGFCA37EA,吉林段四小段,20.36,都市：其他:第三種住宅區。,300000,3220,持分移轉,01410000
RPXOMLQKKIKGFDA58DA,延吉段三小段,.03,都市：其他:敦化南北路特定專用區(B區)(依都市計畫說明書圖規定辦理)(原屬第參之貳種住宅區)。,12534600,68440,持分移轉,07340000
RPXOMLQKKIKGFDA58DA,延吉段三小段,19.48,都市：其他:敦化南北路特定專用區(B區)(依都市計畫說明書圖規定辦理)(原屬第參之貳種住宅區)。,12534600,147590,持分移轉,08220000
RPXOMLQKKIKGFDA58DA,延吉段三小段,.01,都市：其他:敦化南北路特定專用區(B區)(依都市計畫說明書圖規定辦理)(原屬第參種住宅區)。,12534600,147590,持分移轉,08220001
RPXOMLQKKIKGFDA58DA,延吉段三小段,5.30,都市：其他:敦化南北路特定專用區(B區)(依都市計畫說明書圖規定辦理)(原屬第參種住宅區)。,12534600,147590,持分移轉,08220002
RPTNMLMLKIKGFFA97DA,復興段三小段,3.95,都市：其他:敦化南北路特定專用區(A區)(依都市計畫說明書圖規定辦理)(原屬第肆種住宅區及第肆之壹種住宅區) 但是否在道路用地(公共設施用地)(依都市計畫說明書圖規定辦理)。,4036130,13220,持分移轉,00020000
RPRNMLPJJHLGFBA47EA,雙連段二小段,40.02,都市：其他:第三種商業區。,20000,2320,持分移轉,04810000
RPPNMLLKKIKGFFA37DA,懷生段一小段,42.00,都市：其他:第三種住宅區。,84,14,持分移轉,07870000
RPTNMLSJJHLGFBA87DA,華中段三小段,33.33,都市：其他:第三種住宅區。,3,1,持分移轉,03390000
RPPNMLKKKIKGFAA76DA,萬慶段三小段,29.12,都市：其他:第三種住宅區。,100,8,持分移轉,06140000
RPTPMLSJJHLGFCA18DA,北安段三小段,35.02,都市：其他:第三種住宅區。,10000,107,持分移轉,06050000
RPRNMLQJJHLGFDA67DA,永春段一小段,3.34,都市：其他:第三種住宅區。,10000,29,持分移轉,00070000
RPRNMLQJJHLGFDA67DA,永春段一小段,4.63,都市：其他:第三之一種住宅區。,10000,29,持分移轉,00070001
RPPOMLQJJHLGFEA67DA,文林段五小段,24.35,都市：其他:第三之二種住宅區。,10000,127,持分移轉,03310001
RPPOMLQJJHLGFEA67DA,文林段五小段,8.10,都市：其他:第三種住宅區。,10000,127,持分移轉,05410000
RPTNMLSLKIKGFCA28DA,潭美段五小段,15.26,都市：其他:辦公服務區(一)(不得作住宅使用)。,50000,225,持分移轉,00500000
RPQOMLTLKIKGFAA97DA,萬隆段二小段,28.52,都市：其他:第三種住宅區。,10000,202,持分移轉,02090000
RPQOMLTLKIKGFAA97DA,萬隆段二小段,.12,都市：其他:道路用地(公共設施用地)。,10000,202,持分移轉,02090001
RPOOMLNJRHKGFAA57DA,萬慶段二小段,36.53,都市：其他:第三種住宅區。,86973,3424,持分移轉,07340000
RPPNMLPKJHLGFFA77EA,仁愛段六小段,2.23,都市：其他:第四之一種住宅區(特)。,1000000,675,持分移轉,00360000
RPOOMLNJRHKGFAA57DA,萬慶段二小段,9.47,都市：其他:第三種住宅區。,61759,4117,持分移轉,07350000
RPROMLKMRHKGFEA28DA,文林段一小段,55.67,都市：其他:第三種住宅區。,3,1,持分移轉,02910000
RPQOMLKKJIKGFCA07DA,中山段三小段,5.78,都市：其他:第肆種商業區(依都市計畫說明書圖規定辦理，始得作第肆種商業區使用)(原屬第參種商業區)。,10000,38,持分移轉,01430000
RPSNMLLJKIKGFFA57DA,辛亥段一小段,16.48,都市：其他:第三種住宅區。,100000,1180,持分移轉,01870000
RPQNMLQKJHLGFFA97EA,大安段三小段,11.54,都市：其他:第參種商業區(依都市計畫說明書圖規定辦理，始得作第參種商業區使用)(原屬第貳種商業區)。,24,1,持分移轉,04110000
RPVNMLPKJHLGFCA97DA,西湖段一小段,39.94,都市：其他:第貳種工業區(不得作住宅使用)。,1000,24,持分移轉,02240000
RPTNMLOJKIKGFBA57DA,臨沂段四小段,56.75,都市：其他:第三種住宅區。,10000,975,持分移轉,01630000
RPTNMLLJKIKGFFA67DA,仁愛段二小段,29.93,都市：其他:第肆種商業區(依都市計畫說明書圖規定辦理，始得作第肆種商業區使用)(原屬第貳種商業區)。,10000,369,持分移轉,05680000
RPQNMLTLKIKGFFA38DA,瑞安段二小段,3.76,都市：其他:第三種住宅區。,10000,53,持分移轉,09150000
RPTNMLLJKIKGFFA67DA,仁愛段二小段,15.87,都市：其他:第肆種商業區(依都市計畫說明書圖規定辦理，始得作第肆種商業區使用)(原屬第肆種住宅區)。,10000,369,持分移轉,05680001
RPQNMLTLKIKGFFA38DA,瑞安段二小段,6.41,都市：其他:第參種商業區(依都市計畫說明書圖規定辦理，始得作第參種商業區使用)(原屬第貳種商業區)。,10000,53,持分移轉,09170000
RPXNMLPKJHLGFAA97DA,政大段一小段,44.23,都市：其他:第二種住宅區。,400000,5484,持分移轉,00090000
RPTNMLRJJHLGFDA97DA,經貿段,41.28,都市：其他:住宅區(供商務住宅使用)。,1000000,18700,持分移轉,00730001
RPRNMLNKJHLGFCA37DA,榮星段四小段,7.60,都市：其他:第三之二種住宅區。,600000,5139,持分移轉,07650000
RPRNMLNKJHLGFCA37DA,榮星段四小段,2.84,都市：其他:第三種住宅區。,600000,5139,持分移轉,07650006
RPPPMLRKRHKGFCA48DA,石潭段四小段,90.00,都市：其他:第二種住宅區。,10000,394,持分移轉,02000000
RPUNMLRJJHLGFDA08DA,經貿段,66.44,都市：其他:住宅區(供商務住宅使用)。,1000000,30100,持分移轉,00730001
RPPPMLRKRHKGFCA48DA,石潭段四小段,20.77,都市：其他:第二之一種住宅區(依都市計畫說明書圖規定辦理)。,10000,394,持分移轉,02010000
RPVNMLRJJHLGFDA18DA,經貿段,98.01,都市：其他:住宅區(供商務住宅使用)。,1000000,44400,持分移轉,00730001
RPQNMLPLJIKGFDA67DA,玉成段三小段,14.98,都市：其他:第三之一種住宅區。,50,7,持分移轉,06930000
RPQNMLPLJIKGFDA67DA,玉成段三小段,21.25,都市：其他:第三之一種住宅區。,4,1,持分移轉,06940000
RPTPMLPJJHLGFDA97DA,寶清段一小段,16.73,都市：其他:第三種住宅區。,10000,35,持分移轉,00570013
RPWNMLOKJHLGFCA97DA,康寧段三小段,28.70,都市：其他:第三種住宅區。,100000,1380,持分移轉,06930003
RPSNMLMLKIKGFBA47DA,福星段二小段,55.18,都市：其他:第四種商業區。,10000,1049,持分移轉,05580000
RPSNMLMLKIKGFBA47DA,福星段二小段,7.97,都市：其他:第四種商業區。,10000,1049,持分移轉,05590000
RPSNMLOKJHLGFCA57DA,潭美段四小段,15.98,都市：其他:第三種住宅區。,10000,480,持分移轉,02260000
RPPNMLOKJHLGFCA27DA,吉林段五小段,.23,都市：其他:第肆種商業區(依都市計畫說明書圖規定辦理，始得作第肆種商業區使用)(原屬第參種商業區)。,10000,26,持分移轉,03020000
RPPNMLOKJHLGFCA27DA,吉林段五小段,2.79,都市：其他:第肆種商業區(依都市計畫說明書圖規定辦理，始得作第肆種商業區使用)(原屬第參種商業區)。,10000,26,持分移轉,03330000
RPRNMLNLJHLGFFA77DA,金華段二小段,28.92,都市：其他:第三種住宅區。,12,1,持分移轉,02070000
RPSNMLMJKIKGFFA67DA,金華段二小段,27.80,都市：其他:第三種住宅區。,5,1,持分移轉,08500000
RPTQMLTJKIKGFDA58DA,永春段一小段,3.23,都市：其他:第三種住宅區。,10000,28,持分移轉,00070000
RPVNMLKLJHLGFEA77DA,溪洲段三小段,136.00,都市：其他:道路用地(公共設施用地) 但是否在住宅區(細部計畫尚未完成，尚未能准許依變更後計畫用途使用應依建築線或俟地籍測量分割後，再確定)。,1,1,全筆移轉,02450000
RPRNMLNLJHLGFFA77DA,金華段二小段,.75,都市：其他:道路用地(公共設施用地)。42/9/18,12,1,持分移轉,02070001
RPTQMLTJKIKGFDA58DA,永春段一小段,4.47,都市：其他:第三之一種住宅區。,10000,28,持分移轉,00070001
RPWOMLMLJHLGFEA18DA,百齡段五小段,9.65,都市：其他:第三之二種住宅區。,400,11,持分移轉,03410000
RPSNMLQKKIKGFEA08DA,大業段二小段,28.73,都市：其他:第三種住宅區。,10000,1688,持分移轉,04350000
RPWNMLPKJHLGFBA97DA,萬大段二小段,14.66,都市：其他:第三種住宅區。,10000,314,持分移轉,00890002
RPRNMLOKJHLGFCA47DA,吉林段二小段,82.00,都市：其他:第貳種商業區(依都市計畫說明書圖規定辦理，始得作第貳種商業區使用)(原屬第參種住宅區)。,1,1,全筆移轉,01070000
RPPOMLKMJHLGFBA07DA,圓環段一小段,.11,都市：其他:第四種住宅區。,100000,10,持分移轉,03220000
RPPOMLKMJHLGFBA07DA,圓環段一小段,.13,都市：其他:第三種商業區。,100000,10,持分移轉,03290000
RPWNMLMLJHLGFEA08DA,行義段四小段,38.69,都市：其他:第三種住宅區。,100000,950,持分移轉,04660000
RPWNMLMJKHLGFFA08DA,大安段一小段,38.25,都市：其他:第三種住宅區。,4,1,持分移轉,01770000
RPVNMLMJKHLGFFA97DA,復興段三小段,11.79,都市：其他:敦化南北路特定專用區(A區)(依都市計畫說明書圖規定辦理)(原屬第肆種住宅區及第肆之壹種住宅區)。,5280,45,持分移轉,03100000
RPSNMLRKRHKGFAA38DA,萬慶段二小段,33.00,都市：其他:第三種住宅區。,10000,356,持分移轉,04840000
RPRNMLNJKHLGFEA67EA,桃源段二小段,6.00,都市：其他:道路用地(公共設施用地)。66/12/27,1,1,全筆移轉,03880000
RPRNMLNJKHLGFEA67EA,桃源段二小段,100.00,都市：其他:第三種住宅區。,1,1,全筆移轉,03890000
SPQNMLTKJHLGFCA97DA,長春段三小段,23.92,都市：其他:第三之二種住宅區,26,1,持分移轉,01170000
RPOOMLKLJHLGFFA27DA,懷生段二小段,.07,都市：其他:道路用地(公共設施用地)。68/11/13,1000,12,持分移轉,03160003
RPWNMLOJKHLGFBA87DA,臨沂段二小段,12.27,都市：其他:第三之二種住宅區。,100000,2277,持分移轉,01260000
RPOOMLKLJHLGFFA27DA,懷生段二小段,7.94,都市：其他:第參種商業區(依都市計畫說明書圖規定辦理，始得作第參種商業區使用)(原屬第貳種商業區)。,10000,100,持分移轉,05940000
RPPNMLNLQHKGFCA87DA,德惠段四小段,12.89,都市：其他:第肆種商業區(依都市計畫說明書圖規定辦理，始得作第肆種商業區使用)(原屬第參種商業區)。,10000,186,持分移轉,05170000
RPOOMLKLJHLGFFA27DA,懷生段二小段,1.94,都市：其他:第參種商業區(依都市計畫說明書圖規定辦理，始得作第參種商業區使用)(原屬第參種住宅區)。,10000,100,持分移轉,05950000
RPWNMLOJKHLGFBA87DA,臨沂段二小段,8.90,都市：其他:第三種住宅區。,100000,2277,持分移轉,01260001
RPWNMLOJKHLGFBA87DA,臨沂段二小段,2.44,都市：其他:道路用地(公共設施用地)。72/8/8,100000,2277,持分移轉,01260002
YPQNMLTKJHLGFCA58DA,長春段三小段,23.92,都市：其他:第三之二種住宅區,26,1,持分移轉,01170000
VPQNMLTKJHLGFCA28DA,長春段三小段,23.92,都市：其他:第三之二種住宅區,26,1,持分移轉,01170000
RPRNMLRJJIKGFDA77DA,寶清段一小段,19.82,都市：其他:第三種住宅區。,10000,215,持分移轉,00510003
UPQNMLTKJHLGFCA18DA,長春段三小段,23.92,都市：其他:第三之二種住宅區,26,1,持分移轉,01170000
TPQNMLTKJHLGFCA08DA,長春段三小段,23.92,都市：其他:第三之二種住宅區,26,1,持分移轉,01170000
XPQNMLTKJHLGFCA48DA,長春段三小段,23.92,都市：其他:第三之二種住宅區,26,1,持分移轉,01170000
WPQNMLTKJHLGFCA38DA,長春段三小段,23.92,都市：其他:第三之二種住宅區,26,1,持分移轉,01170000
ZPQNMLTKJHLGFCA68DA,長春段三小段,23.92,都市：其他:第三之二種住宅區,26,1,持分移轉,01170000
SQQNMLTKJHLGFCA08DA,長春段三小段,23.92,都市：其他:第三之二種住宅區,26,1,持分移轉,01170000
QQQNMLTKJHLGFCA87DA,長春段三小段,23.92,都市：其他:第三之二種住宅區,26,1,持分移轉,01170000
UQQNMLTKJHLGFCA28DA,長春段三小段,23.92,都市：其他:第三之二種住宅區,26,1,持分移轉,01170000
RQQNMLTKJHLGFCA97DA,長春段三小段,23.92,都市：其他:第三之二種住宅區,26,1,持分移轉,01170000
TQQNMLTKJHLGFCA18DA,長春段三小段,23.92,都市：其他:第三之二種住宅區,26,1,持分移轉,01170000
RPPNMLPJKHLGFDA57EA,敦化段四小段,33.00,都市：其他:第三種住宅區。,4,1,持分移轉,00360000
RPWNMLQLKHLGFAA18DA,永昌段三小段,23.00,都市：其他:第三種住宅區。,1,1,全筆移轉,03210000
RPTNMLOLKIKGFAA67DA,興泰段一小段,38.51,都市：其他:第二種住宅區,100000,243,持分移轉,08020000
RPSOMLNJKHLGFDA67DA,西松段一小段,42.69,都市：其他:第三種住宅區。,2000,13,持分移轉,00060000
RPTNMLOLKIKGFAA67DA,興泰段一小段,1.15,都市：其他:第二種住宅區,100000,243,持分移轉,08040000
RPTNMLOLKIKGFAA67DA,興泰段一小段,9.82,都市：其他:第二種住宅區,100000,243,持分移轉,08200000
RPWOMLMJLHLGFEA18DA,天母段三小段,9.48,都市：其他:第三種住宅區。,10000,56,持分移轉,05330000
RPUNMLNLKHLGFAA67DA,景美段一小段,39.16,都市：其他:第參種商業區(依都市計畫說明書圖規定辦理，始得作第參種商業區使用)(原屬第肆種住宅區及第肆之壹種住宅區)。,10000,168,持分移轉,05580000
RPSNMLLKKIKGFBA37EA,延平段一小段,4.17,都市：其他:第三種商業區。,6,1,持分移轉,06830000
RPSNMLLKKIKGFBA37EA,延平段一小段,3.17,都市：其他:第三種商業區。,6,1,持分移轉,06840000
RPSNMLLKKIKGFBA37EA,延平段一小段,7.83,都市：其他:第三種商業區。,6,1,持分移轉,06850000
RPSNMLLKKIKGFBA37EA,延平段一小段,3.00,都市：其他:第三種商業區。,6,1,持分移轉,06860000
RPSNMLLKKIKGFBA37EA,延平段一小段,4.67,都市：其他:第三種商業區。,6,1,持分移轉,06870000
RPPNMLMKKIKGFFA47DA,仁愛段三小段,17.85,都市：其他:第四種住宅區。,100000,3940,持分移轉,06470000
RPPNMLMKKIKGFFA47DA,仁愛段三小段,.16,都市：其他:道路用地(公共設施用地)。60/8/26,100000,3940,持分移轉,06470001
RPVNMLPKKIKGFDA18DA,寶清段一小段,29.25,都市：其他:第三種住宅區。,34993,116,持分移轉,00570005
RPPNMLQLJIKGFEA87EA,桃源段二小段,32.20,都市：其他:第三種住宅區。,3220,106,持分移轉,02050000
RPSNMLTJKIKGFFA38DA,金華段一小段,46.25,都市：其他:第三種住宅區。,4,1,持分移轉,05360000
RPSNMLTJKIKGFFA38DA,金華段一小段,1.00,都市：其他:道路用地(公共設施用地)。42/9/18,4,1,持分移轉,05360002
RPSOMLPKKIKGFCA87DA,石潭段四小段,11.81,都市：其他:第壹種商業區(依都市計畫說明書圖規定辦理，始得作第壹種商業區使用)(原屬第參之貳種住宅區)。,10000,183,持分移轉,00370000
RPSOMLPKKIKGFCA87DA,石潭段四小段,2.36,都市：其他:第三種住宅區。,10000,183,持分移轉,00370001
RPUNMLSKJIKGFAA97DA,永昌段一小段,42.25,都市：其他:第三種住宅區。,4,1,持分移轉,04880000
RPUNMLPJKIKGFEA08DA,芝蘭段一小段,60.64,都市：其他:第三種住宅區。,10000,375,持分移轉,02180000
RPPNMLTKJIKGFFA08DA,仁愛段三小段,29.32,都市：其他:第四種住宅區。,10000,234,持分移轉,02100002
RPTNMLOKJIKGFCA67DA,東湖段四小段,35.85,都市：其他:第三種住宅區。,10000,388,持分移轉,00100002
RPWNMLNJKIKGFFA18DA,仁愛段二小段,3.39,都市：其他:敦化南北路特定專用區(A區)(依都市計畫說明書圖規定辦理)(原屬第貳種商業區)。,10000,35,持分移轉,06170000
RPPNMLOLKIKGFEA67DA,永平段一小段,29.07,都市：其他:第三種住宅區。,10000,209,持分移轉,02210000
RPRNMLQKRHKGFCA38DA,北安段三小段,28.22,都市：其他:第三種住宅區。,20000,168,持分移轉,06070000
RPWNMLNJKIKGFFA18DA,仁愛段二小段,.10,都市：其他:敦化南北路特定專用區(A區)(依都市計畫說明書圖規定辦理)(原屬第肆之壹種住宅區)。,10000,35,持分移轉,06170001
RPWNMLNJKIKGFFA18DA,仁愛段二小段,.11,都市：其他:敦化南北路特定專用區(A區)(依都市計畫說明書圖規定辦理)(原屬第肆種住宅區)。,10000,35,持分移轉,06170002
RPPOMLPKKIKGFCA57DA,文德段二小段,42.50,都市：其他:第三種住宅區。,4,1,持分移轉,03850000
RPQNMLTJKIKGFCA87DA,舊宗段,49.73,都市：其他:住宅區(供拆遷安置專案住宅使用)。,270000,205,持分移轉,01130000
RPRNMLLKKIKGFFA57DA,通化段二小段,24.80,都市：其他:第三種住宅區。,5,1,持分移轉,10010000
RPPNMLMJKIKGFFA37DA,仁愛段二小段,9.69,都市：其他:敦化南北路特定專用區(A區)(依都市計畫說明書圖規定辦理)(原屬第貳種商業區)。,10000,100,持分移轉,06170000
RPPNMLMJKIKGFFA37DA,仁愛段二小段,.29,都市：其他:敦化南北路特定專用區(A區)(依都市計畫說明書圖規定辦理)(原屬第肆之壹種住宅區)。,10000,100,持分移轉,06170001
RPPNMLMJKIKGFFA37DA,仁愛段二小段,.32,都市：其他:敦化南北路特定專用區(A區)(依都市計畫說明書圖規定辦理)(原屬第肆種住宅區)。,10000,100,持分移轉,06170002
RPOOMLMLKIKGFCA27DA,長安段三小段,26.50,都市：其他:第三種住宅區。,4,1,持分移轉,01490000
RPSNMLTLQHKGFCA78DA,吉林段五小段,27.52,都市：其他:第三之二種住宅區 但是否在道路用地(公共設施用地)(應依建築線或俟地籍測量分割後，再確定)。,10000,758,持分移轉,00610000
RPVNMLPKKIKGFEA28DA,行義段二小段,33.98,都市：其他:第二種住宅區。,10000,46,持分移轉,03000000
RPRNMLQKKIKGFDA87DA,三興段二小段,40.00,都市：其他:第三種住宅區。,4,1,持分移轉,06910000
RPPNMLLJJIKGFFA17DA,辛亥段六小段,15.21,都市：其他:第三種住宅區。,10000,395,持分移轉,00440004
RPPNMLLJJIKGFFA17DA,辛亥段六小段,12.88,都市：其他:第三種住宅區。,10000,395,持分移轉,00440006
RPXNMLKMKIKGFEA18DA,大業段三小段,10.25,都市：其他:第三種住宅區。,12,1,持分移轉,03460000
RPOPMLQKJHLGFFA87DA,瑞安段一小段,6.92,都市：其他:第參種商業區(依都市計畫說明書圖規定辦理，始得作第參種商業區使用)(原屬第貳種商業區)。,26,1,持分移轉,01110000
RPVNMLNLKIKGFDA08DA,南港段二小段,14.27,都市：其他:第三種商業區。,10000,393,持分移轉,06520000
RPRNMLKKJHLGFFA37DA,復興段三小段,19.89,都市：其他:第四種住宅區。,100000,4188,持分移轉,07700000
RPVNMLQJKHLGFCA08DA,碧湖段三小段,.07,都市：其他:第二種住宅區,100000,2,持分移轉,03390000
RPROMLLMKIKGFEA77DA,三玉段二小段,46.25,都市：其他:第三種住宅區。,10000,1968,持分移轉,05480000
RPRNMLLMKIKGFAA27DA,萬隆段一小段,40.80,都市：其他:第三種住宅區。,5,1,持分移轉,06400000
RPPNMLSLJHLGFAA57DA,木新段三小段,39.93,都市：其他:第三種住宅區。,10000,419,持分移轉,00010012
RPVNMLQJKHLGFCA08DA,碧湖段三小段,.00,都市：其他:第二種住宅區,100000,2,持分移轉,03470001
RPRNMLLMKIKGFAA27DA,萬隆段一小段,.80,都市：其他:道路用地(公共設施用地)。,5,1,持分移轉,06410000
RPPOMLLMKIKGFDA47DA,中南段四小段,25.17,都市：其他:第二種住宅區。,100000,539,持分移轉,06890000
RPVNMLQLJHLGFCA18DA,文德段五小段,184.31,都市：其他:第二種住宅區。,10000,556,持分移轉,01770000
RPVNMLQLJHLGFCA18DA,文德段五小段,6.78,都市：其他:第二種住宅區。,10000,556,持分移轉,01770001
RPTNMLQLJHLGFCA97DA,長春段三小段,4.21,都市：其他:第二種商業區。,10000,177,持分移轉,01620000
RPTNMLSLJHLGFCA18DA,大湖段二小段,238.94,都市：其他:第壹種商業區(依都市計畫說明書圖規定辦理，始得作第壹種商業區使用)(原屬第貳種住宅區)。,40000,6376,持分移轉,02110000
RPTNMLQLJHLGFCA97DA,長春段三小段,1.88,都市：其他:第貳種商業區(依都市計畫說明書圖規定辦理，始得作第貳種商業區使用)(原屬第參種住宅區)。,10000,177,持分移轉,01620001
RPTNMLSLJHLGFCA18DA,大湖段二小段,401.69,都市：其他:第壹種商業區(依都市計畫說明書圖規定辦理，始得作第壹種商業區使用)(原屬第參種住宅區)。,40000,6376,持分移轉,02120000
RPTNMLSLJHLGFCA18DA,大湖段二小段,7.33,都市：其他:第壹種商業區(依都市計畫說明書圖規定辦理，始得作第壹種商業區使用)(原屬第參種住宅區)。,40000,6376,持分移轉,02120001
RPSNMLRLJHLGFFA28DA,仁愛段二小段,38.32,都市：其他:第四種住宅區。,1000,143,持分移轉,00830000
RPPNMLKMJHLGFFA37DA,仁愛段三小段,12.21,都市：其他:第參種商業區(依都市計畫說明書圖規定辦理，始得作第參種商業區使用)(原屬第貳種商業區)。,10000,137,持分移轉,06490000
RPPNMLKMJHLGFFA37DA,仁愛段三小段,.10,都市：其他:道路用地(公共設施用地)。68/10/15,10000,137,持分移轉,06490001
RPROMLNJKHLGFDA57DA,南港段四小段,60.00,都市：其他:第三種住宅區。,1,1,全筆移轉,00420000
RPPNMLOJKHLGFDA37DA,南港段四小段,42.00,都市：其他:第三種住宅區。,1,1,全筆移轉,00060001
RPPNMLOJKHLGFDA37DA,南港段四小段,78.00,都市：其他:第三種住宅區。,1,1,全筆移轉,00070001
RPPNMLOJKHLGFDA37DA,南港段四小段,40.00,都市：其他:第三種住宅區。,1,1,全筆移轉,00120001
RPPNMLOJKHLGFDA37DA,南港段四小段,73.00,都市：其他:第三種住宅區。,1,1,全筆移轉,00130000
RPPNMLOJKHLGFDA37DA,南港段四小段,67.00,都市：其他:第三種住宅區。,1,1,全筆移轉,00150000
RPPNMLOJKHLGFDA37DA,南港段四小段,67.00,都市：其他:第三種住宅區。,1,1,全筆移轉,00280000
RPPNMLOJKHLGFDA37DA,南港段四小段,84.00,都市：其他:第三種住宅區。,1,1,全筆移轉,00300000
RPPNMLOJKHLGFDA37DA,南港段四小段,25.00,都市：其他:第三種住宅區。,1,1,全筆移轉,00300001
RPPNMLOJKHLGFDA37DA,南港段四小段,2.00,都市：其他:第三種住宅區。,1,1,全筆移轉,00380000
RPPNMLOJKHLGFDA37DA,南港段四小段,5.00,都市：其他:第三種住宅區。,1,1,全筆移轉,00430000
RPPNMLOJKHLGFDA37DA,南港段四小段,65.00,都市：其他:第三種住宅區。,1,1,全筆移轉,00480000
RPPNMLOJKHLGFDA37DA,南港段四小段,65.00,都市：其他:第三種住宅區。,1,1,全筆移轉,00500000
RPPNMLOJKHLGFDA37DA,南港段四小段,32.00,都市：其他:第三種住宅區。,1,1,全筆移轉,00550001
RPPNMLOJKHLGFDA37DA,南港段四小段,52.00,都市：其他:第三種住宅區。,1,1,全筆移轉,00570000
RPPNMLOJKHLGFDA37DA,南港段四小段,1.00,都市：其他:第三種住宅區。,1,1,全筆移轉,00570001
RPPNMLOJKHLGFDA37DA,南港段四小段,1.00,都市：其他:第三種住宅區。,1,1,全筆移轉,00570002
RPPNMLOJKHLGFDA37DA,南港段四小段,65.00,都市：其他:第三種住宅區。,1,1,全筆移轉,00670000
RPPNMLOJKHLGFDA37DA,南港段四小段,65.00,都市：其他:第三種住宅區。,1,1,全筆移轉,00760000
RPPNMLOJKHLGFDA37DA,南港段四小段,117.00,都市：其他:第三種住宅區。,1,1,全筆移轉,00810008
RPPNMLOJKHLGFDA37DA,南港段四小段,48.00,都市：其他:第三種住宅區。,1,1,全筆移轉,00850002
RPQNMLOJKHLGFDA47DA,南港段四小段,41.00,都市：其他:第三種住宅區。,2,1,持分移轉,00090001
RPQNMLOJKHLGFDA47DA,南港段四小段,55.00,都市：其他:第三種住宅區。,1,1,全筆移轉,00370000
RPQNMLOJKHLGFDA47DA,南港段四小段,65.00,都市：其他:第三種住宅區。,1,1,全筆移轉,00470000
RPQNMLOJKHLGFDA47DA,南港段四小段,65.00,都市：其他:第三種住宅區。,1,1,全筆移轉,00510000
RPQNMLOJKHLGFDA47DA,南港段四小段,57.00,都市：其他:第三種住宅區。,1,1,全筆移轉,00580000
RPQNMLOJKHLGFDA47DA,南港段四小段,65.00,都市：其他:第三種住宅區。,1,1,全筆移轉,00690000
RPQNMLOJKHLGFDA47DA,南港段四小段,21.67,都市：其他:第三種住宅區。,6,2,持分移轉,00730000
RPQNMLOJKHLGFDA47DA,南港段四小段,20.00,都市：其他:第三種住宅區。,1,1,全筆移轉,00810009
RPQNMLOJKHLGFDA47DA,南港段四小段,2.50,都市：其他:第三種住宅區。,2,1,持分移轉,00820002
RPQNMLPJKIKGFBA37DA,延平段一小段,2.98,都市：其他:特定專用區(供一般商業使用)。,10000,40,持分移轉,02760000
RPUNMLOJKIKGFDA87DA,經貿段,43.94,,10000,70,持分移轉,00240000
RPXNMLOLJIKGFEA38DA,振興段三小段,132.00,都市：其他:第三種住宅區。,1,1,全筆移轉,00950000
RPQOMLMKKIKGFCA37DA,潭美段五小段,62.46,都市：其他:工商混合區(不得作住宅使用)。,10000,256,持分移轉,00150003
RPQOMLLKKIKGFEA47DA,新民段三小段,25.00,都市：其他:第三種住宅區。,4,1,持分移轉,04280000
RPPOMLNJKIKGFBA17DA,市府段二小段,4.14,都市：其他:第三種商業區。,20000,114,持分移轉,05020000
RPWOMLOLKIKGFBA18DA,漢中段二小段,14.96,都市：其他:第四種商業區。,1000000,5280,持分移轉,01880000
RPWOMLOLKIKGFBA18DA,漢中段二小段,.07,都市：其他:道路用地(公共設施用地)。45/5/4,1000000,5280,持分移轉,01880001
RPPOMLKMKIKGFEA47DA,關渡段二小段,18.16,都市：其他:第壹種商業區(依都市計畫說明書圖規定辦理，始得作第壹種商業區使用)(原屬第參種住宅區)。,1000,41,持分移轉,00310000
RPPOMLKMKIKGFEA47DA,關渡段二小段,2.60,都市：其他:第壹種商業區(依都市計畫說明書圖規定辦理，始得作第壹種商業區使用)(原屬第參種住宅區)。,60000,550,持分移轉,00350000
RPOOMLPKKIKGFAA27DA,萬芳段二小段,65.41,都市：其他:第二種住宅區。,100000,241,持分移轉,01000000
RPOOMLPKKIKGFAA27DA,萬芳段二小段,5.26,都市：其他:第三種住宅區。,100000,241,持分移轉,01620000
RPUOMLLMKIKGFFA18DA,懷生段三小段,43.25,都市：其他:第三種住宅區。,120,15,持分移轉,04080000
RPOPMLLJKIKGFCA07DA,長安段三小段,12.65,都市：其他:第參種商業區(依都市計畫說明書圖規定辦理，始得作第參種商業區使用)(原屬第參種住宅區)。,10000,699,持分移轉,05420001
RPUNMLMJKIKGFFA87DA,仁愛段五小段,22.99,都市：其他:第四種住宅區。,10000,350,持分移轉,02820000
RPUNMLMJKIKGFFA87DA,仁愛段五小段,.01,都市：其他:道路用地(公共設施用地)。61/3/27,10000,350,持分移轉,02820002
RPVNMLKKKHLGFAA37DA,永昌段三小段,28.59,都市：其他:第三種住宅區。,100000,621,持分移轉,07560000
RPSOMLLLJHLGFDA57DA,敦化段一小段,14.92,都市：其他:道路用地(公共設施用地)。48/3/13,24000,13266,持分移轉,01260004
RPXNMLQLJHLGFEA58DA,文林段三小段,32.00,都市：其他:第三種住宅區。,4,1,持分移轉,06670000
RPSNMLSJKIKGFAA77DA,政大段一小段,38.98,都市：其他:第二種住宅區。,100000,610,持分移轉,00900000
RPRNMLRJKHLGFAA57DA,永昌段四小段,656.00,都市：其他:第三種住宅區。,1,1,全筆移轉,03680000
RPSNMLRJKHLGFAA67DA,永昌段四小段,27.00,都市：其他:第三種住宅區。,1,1,全筆移轉,03660019
RPSNMLRJKHLGFAA67DA,永昌段四小段,17.00,都市：其他:第三種住宅區。,1,1,全筆移轉,03660036
RPSNMLRJKHLGFAA67DA,永昌段四小段,16.00,都市：其他:第三種住宅區。,1,1,全筆移轉,03670000
RPSNMLOJLHLGFEA87DA,天母段一小段,31.30,都市：其他:第三種住宅區。,10000,344,持分移轉,02300000
RPVNMLOJKHLGFBA77DA,臨沂段四小段,85.00,都市：其他:第三種住宅區。,1,1,全筆移轉,02740000
RPWPMLQJJIKGFDA38DA,南港段四小段,31.52,都市：其他:第三種住宅區。,10000,158,持分移轉,00850000
RPTNMLTJIIKGFEA18DA,新民段四小段,.10,都市：其他:特定休閒旅館住宅專用區。,10000,86,持分移轉,02030000
RPQNMLSLJIKGFDA97DA,玉成段一小段,34.00,都市：其他:第參種工業區(不得作住宅使用)。,4,1,持分移轉,01930000
RPTNMLTJIIKGFEA18DA,新民段四小段,15.57,都市：其他:特定休閒旅館住宅專用區。,10000,86,持分移轉,02040000
RPPOMLOJKIKGFAA17DA,景美段二小段,46.65,都市：其他:第三種住宅區。,1000000,26227,持分移轉,00250000
RPRNMLMKJIKGFAA07DA,興隆段一小段,20.24,都市：其他:第三種住宅區。,10000,42,持分移轉,04090000
RPTNMLTJIIKGFFA38EA,通化段六小段,15.39,都市：其他:第三之一種住宅區及第三種住宅區 但是否在道路用地(公共設施用地)(應依建築線或俟地籍測量分割後，再確定)。,10000,82,持分移轉,01940000
RPWNMLKKKIKGFEA87DA,行義段三小段,154.18,都市：其他:第三種住宅區。,1,1,全筆移轉,03600001
RPWNMLKKKIKGFEA87DA,行義段三小段,51.03,都市：其他:第三種住宅區。,1,1,全筆移轉,03600002
RPXNMLKKKIKGFEA97DA,行義段二小段,14.93,都市：其他:第一種住宅區(依都市計畫說明書圖規定辦理)。,1,1,全筆移轉,06720000
RPWNMLKKKIKGFEA87DA,行義段二小段,395.44,都市：其他:第一種住宅區(依都市計畫說明書圖規定辦理)。,1,1,全筆移轉,06950000
RPXNMLKKKIKGFEA97DA,行義段二小段,14.60,都市：其他:第一種住宅區(依都市計畫說明書圖規定辦理)。,1,1,全筆移轉,06730000
RPWNMLKKKIKGFEA87DA,行義段二小段,154.29,都市：其他:第三種住宅區。,1,1,全筆移轉,06960000
RPXNMLKKKIKGFEA97DA,行義段二小段,1.19,都市：其他:第一種住宅區(依都市計畫說明書圖規定辦理)。,1,1,全筆移轉,06740000
RPWNMLKKKIKGFEA87DA,行義段二小段,164.34,都市：其他:第三種住宅區。,1,1,全筆移轉,06970000
RPXNMLKKKIKGFEA97DA,行義段二小段,1.32,都市：其他:第一種住宅區(依都市計畫說明書圖規定辦理)。,1,1,全筆移轉,06750000
RPWNMLKKKIKGFEA87DA,行義段二小段,30.55,都市：其他:第一種住宅區(依都市計畫說明書圖規定辦理)。,1,1,全筆移轉,06980000
RPOOMLNJJIKGFFA37DA,金華段四小段,33.50,都市：其他:第三種住宅區。,4,1,持分移轉,07190000
RPOOMLNJJIKGFFA37DA,金華段四小段,2.00,都市：其他:道路用地(公共設施用地)。62/6/22,4,1,持分移轉,07190001
RPVNMLQLJIKGFEA38DA,百齡段三小段,25.06,都市：其他:第三種住宅區。,2890,91,持分移轉,03840000
RPVNMLPKKIKGFAA87DA,萬芳段二小段,90.38,都市：其他:第二種住宅區。,100000,333,持分移轉,01000000
RPVNMLPKKIKGFAA87DA,萬芳段二小段,7.27,都市：其他:第三種住宅區。,100000,333,持分移轉,01620000
RPPOMLNLKIKGFDA57DA,敦化段三小段,31.53,都市：其他:第三種住宅區。,5000,348,持分移轉,04750000
RPRNMLQLQHKGFCA48EA,西湖段二小段,9.00,都市：其他:道路用地(公共設施用地)。64/8/1,1,1,全筆移轉,04550001
RPUNMLSKKIKGFEA48DA,開明段二小段,52.52,都市：其他:第三種住宅區。,10000,138,持分移轉,06070000
RPWNMLLKJIKGFDA77DA,民生段,14.97,都市：其他:第參種商業區(依都市計畫說明書圖規定辦理，始得作第參種商業區使用) 但是否在道路用地(公共設施用地)(應依建築線或俟地籍測量分割後，再確定原屬住宅用地民生社區特定專用區)。,10000,96,持分移轉,00630002
RPRNMLRJJIKGFBA67EA,莒光段一小段,37.33,都市：其他:第三種住宅區。,3,1,持分移轉,07070000
RPQNMLNLIIKGFFA67EA,金華段一小段,233.44,都市：其他:第三之二種住宅區。,750000,547500,持分移轉,00720000
RPQOMLOJKIKGFAA27DA,萬芳段二小段,65.41,都市：其他:第二種住宅區。,100000,241,持分移轉,01000000
RPURMLLLJIKGFAA77DA,公訓段二小段,18.35,都市：其他:第三種住宅區。,10000,27,持分移轉,05790000
RPQOMLOJKIKGFAA27DA,萬芳段二小段,5.26,都市：其他:第三種住宅區。,100000,241,持分移轉,01620000
RPPNMLMKKIKGFAA07EA,萬隆段二小段,13.82,都市：其他:第三種住宅區。,10000,35,持分移轉,01880000
RPPNMLMKKIKGFAA07EA,萬隆段二小段,.01,都市：其他:道路用地(公共設施用地)。62/10/24,10000,35,持分移轉,01880003
RPPNMLMKKIKGFAA07EA,萬隆段二小段,.01,都市：其他:道路用地(公共設施用地)。62/10/24,10000,35,持分移轉,01880004
RPTNMLKMQHKGFEA28DA,秀山段二小段,36.23,都市：其他:第三種住宅區。,55762,101,持分移轉,06610000
RPTNMLKMQHKGFEA28DA,秀山段二小段,.01,都市：其他:綠地用地(公共設施用地)。73/2/21,55762,101,持分移轉,06610001
RPSQMLQLQHKGFEA98DA,溫泉段一小段,10.89,都市：其他:特定觀光商業專用區。,220825,2548,持分移轉,00460000
RPSQMLQLQHKGFEA98DA,溫泉段一小段,.07,都市：其他:道路用地(公共設施用地)。45/8/31,220825,2548,持分移轉,00460001
RPPOMLQLQHKGFEA48DA,菁山段一小段,124.77,都市：其他:陽明山國家公園區(請逕向陽明山國家公園管理處申請)。,1,1,全筆移轉,03030000
RPPOMLQLQHKGFEA48DA,菁山段一小段,38.44,都市：其他:陽明山國家公園區(請逕向陽明山國家公園管理處申請)。,4,1,持分移轉,03030007
RPSRMLPJJHLGFDA08DA,寶清段一小段,18.64,都市：其他:第三種住宅區。,10000,39,持分移轉,00570013
RPRNMLNLKIKGFAA37DA,政大段一小段,127.16,都市：其他:第二種住宅區。,10000,213,持分移轉,00310000
RPWNMLOJKIKGFCA97DA,碧湖段四小段,29.55,都市：其他:第壹種商業區(依都市計畫說明書圖規定辦理，始得作第壹種商業區使用)(原屬第參種住宅區及第參之壹種住宅區)。,80,1,持分移轉,04630000
RPRNMLMJJHLGFEA37DA,光華段一小段,33.90,都市：其他:第參種商業區(依都市計畫說明書圖規定辦理，始得作第參種商業區使用)(原屬第參種住宅區) 但是否在道路用地(公共設施用地)(應依建築線或俟地籍測量分割後，再確定)。,10000,520,持分移轉,04230000
RPVNMLTKRHKGFEA66DA,新洲美段,77.78,都市：其他:科技產業專用區(不得作住宅使用)。,100000,1355,持分移轉,00350000
RPOOMLNJOHKGFBA37DA,華中段二小段,30.00,都市：其他:第三種住宅區。,4,1,持分移轉,07160000
RPQOMLPJJHLGFCA47DA,大湖段二小段,43.92,都市：其他:第三種住宅區。,10000,267,持分移轉,00040013
SPTNMLNKJHLGFEA87DA,軟橋段,25.33,都市：其他:第三種住宅區。,10000,258,持分移轉,00770000
RPPNMLMJJHLGFEA27EA,芝蘭段四小段,50.63,都市：其他:第三種住宅區。,10000,144,持分移轉,02070000
RPUNMLKKPHKGFEA08DA,行義段二小段,17.33,都市：其他:第二種住宅區。,10000,20,持分移轉,02980000
RPPNMLQLOHKGFBA87DA,莒光段四小段,11.75,都市：其他:第三之二種住宅區(特)。,4,1,持分移轉,11060000
RPPNMLQLOHKGFBA87DA,莒光段四小段,.50,都市：其他:道路用地(公共設施用地)。62/8/29,4,1,持分移轉,11060001
RPXNMLOKQHKGFEA88DA,陽明段一小段,28.10,都市：其他:第三之二種住宅區。,100000,1845,持分移轉,08130000
RPVNMLOLKHLGFDA18DA,南港段三小段,44.75,都市：其他:第三種住宅區。,4,1,持分移轉,01220000
RPTNMLNJIIKGFFA67DA,復興段三小段,19.68,都市：其他:第四種住宅區 但是否在道路用地(公共設施用地)(應依建築線或俟地籍測量分割後，再確定)。,25,1,持分移轉,04570000
RPTNMLMLKIKGFEA97EA,豐年段一小段,259.00,都市：其他:農業區。,1,1,全筆移轉,01190000
RPTNMLMLKIKGFEA97EA,豐年段一小段,845.00,都市：其他:農業區。,1,1,全筆移轉,01200000
RPTNMLLJKIKGFBA27DA,公園段二小段,23.00,都市：其他:第四種商業區。,1,1,全筆移轉,01660000
RPTNMLLJKIKGFBA27DA,公園段二小段,122.00,都市：其他:第四種商業區。,1,1,全筆移轉,01670000
RPQNMLQJJHLGFFA77DA,龍泉段一小段,225.00,都市：其他:第三種住宅區。,1,1,全筆移轉,06570000
RPTNMLPKKIKGFEA08DA,行義段二小段,34.66,都市：其他:第二種住宅區。,10000,231,持分移轉,01280000
RPTNMLPKKIKGFEA08DA,行義段二小段,2.21,都市：其他:道路用地(公共設施用地)。64/6/26,10000,231,持分移轉,01290000
RPUNMLMLKIKGFEA08EA,豐年段一小段,257.00,都市：其他:農業區。,1,1,全筆移轉,01310000
RPUNMLMLKIKGFEA08EA,豐年段一小段,760.00,都市：其他:農業區。,1,1,全筆移轉,01320000
RPUNMLMLKIKGFEA08EA,豐年段一小段,10.00,都市：其他:農業區。,1,1,全筆移轉,01430000
RPWNMLNLJHLGFAA87EA,興隆段一小段,4.19,都市：其他:第三種住宅區。,10000,210,持分移轉,03000000
RPWNMLNLJHLGFAA87EA,興隆段一小段,128.51,都市：其他:第二種住宅區。,10000,210,持分移轉,03030000
RPPNMLMJJHLGFAA76DA,木柵段一小段,10.23,都市：其他:第三種商業區。,100000,1668,持分移轉,02440000
RPRNMLLJKIKGFFA47DA,仁愛段四小段,21.68,都市：其他:第四種住宅區。,10000,116,持分移轉,03860000
RPPNMLQKKIKGFBA47DA,華江段一小段,13.80,都市：其他:第四之一種住宅區。,50000,2006,持分移轉,00730000
RPXOMLMKKHLGFEA28DA,文林段五小段,17.24,都市：其他:第三之二種住宅區。,10000,175,持分移轉,03120000
RPUQMLPJJHLGFDA18DA,寶清段一小段,16.73,都市：其他:第三種住宅區。,10000,35,持分移轉,00570013
RPQNMLTLJHLGFDA08DA,民生段,33.25,都市：其他:住宅用地(民生社區特定專用區)。,8,1,持分移轉,00480005
RPPNMLMJLHLGFBA07DA,玉泉段二小段,6.49,都市：其他:第三種商業區。,10000,54,持分移轉,03890000
RPQOMLOLKIKGFCA67DA,長春段一小段,8.60,都市：其他:第參種商業區(依都市計畫說明書圖規定辦理，始得作第參種商業區使用)(原屬第貳種商業區)。,10000,214,持分移轉,05940000
RPQOMLOLKIKGFCA67DA,長春段一小段,.26,都市：其他:第參種商業區(依都市計畫說明書圖規定辦理，始得作第參種商業區使用)(原屬第貳種商業區)。,10000,214,持分移轉,07450000
RPRRMLPJJHLGFDA97DA,寶清段一小段,17.21,都市：其他:第三種住宅區。,10000,36,持分移轉,00570013
RPQSMLPJJHLGFDA97DA,寶清段一小段,16.73,都市：其他:第三種住宅區。,10000,35,持分移轉,00570013
RPTOMLKLJHLGFAA27DA,興隆段一小段,1.74,都市：其他:第三種住宅區。,10000,87,持分移轉,03000000
RPTOMLKLJHLGFAA27DA,興隆段一小段,53.24,都市：其他:第二種住宅區。,10000,87,持分移轉,03030000
RPPNMLRLJHLGFDA77DA,寶清段一小段,16.73,都市：其他:第三種住宅區。,10000,35,持分移轉,00570013
RPPNMLSLJIKGFAA57DA,南海段五小段,17.66,都市：其他:第三種住宅區。,100000,3641,持分移轉,00470006
RPRSMLPJJHLGFDA08DA,寶清段一小段,17.21,都市：其他:第三種住宅區。,10000,36,持分移轉,00570013
RPPNMLKKKHLGFBA96EA,中正段二小段,11.69,都市：其他:第三之二種住宅區。,16,1,持分移轉,00550000
RPTNMLNLJHLGFAA57EA,興隆段一小段,2.51,都市：其他:第三種住宅區。,10000,126,持分移轉,03000000
RPTNMLNLJHLGFAA57EA,興隆段一小段,77.11,都市：其他:第二種住宅區。,10000,126,持分移轉,03030000
RPOQMLLMIIKGFAA07DA,景美段五小段,1.77,都市：其他:市場用地(公共設施用地) 但是否在道路用地(公共設施用地)(應依建築線或俟地籍測量分割後，再確定)。62/10/24,100000,50,持分移轉,03480000
RPSNMLQKJHLGFFA08DA,辛亥段四小段,15.41,都市：其他:第三種住宅區。,10000,148,持分移轉,07700000
RPPOMLKKKIKGFCA07DA,正義段三小段,4.84,都市：其他:第三種商業區。,10000,47,持分移轉,05120000
RPQQMLKKKHLGFBA27DA,萬華段二小段,9.35,都市：其他:第參種商業區(依都市計畫說明書圖規定辦理，始得作第參種商業區使用)(原屬第參種住宅區)。,17400,935,持分移轉,03630000
RPUNMLNKJIKGFAA47DA,萬芳段二小段,61.88,都市：其他:第二種住宅區。,100000,228,持分移轉,01000000
RPSNMLSLIIKGFDA18EA,敦化段一小段,48.39,都市：其他:第三種住宅區。,10000,86,持分移轉,00230000
RPURMLPJJHLGFDA28DA,寶清段一小段,16.73,都市：其他:第三種住宅區。,10000,35,持分移轉,00570013
RPUNMLNKJIKGFAA47DA,萬芳段二小段,4.97,都市：其他:第三種住宅區。,100000,228,持分移轉,01620000
RPSNMLSLIIKGFDA18EA,敦化段一小段,.03,都市：其他:道路用地(公共設施用地)。52/2/18,10000,86,持分移轉,00230004
RPOOMLMKKHLGFAA07EA,南海段一小段,12.60,都市：其他:第參種商業區(依都市計畫說明書圖規定辦理，始得作第參種商業區使用)(原屬第貳種商業區)。,100000,1641,持分移轉,08250000
RPUOMLNJKIKGFEA97DA,新洲美段,80.76,都市：其他:科技產業專用區(不得作住宅使用)。,100000,1407,持分移轉,00350000
RPOOMLMKKHLGFAA07EA,南海段一小段,1.13,都市：其他:第三種住宅區。,100000,1641,持分移轉,08260000
RPSNMLLKKIKGFAA17DA,公訓段二小段,26.50,都市：其他:第三種住宅區。,100000,390,持分移轉,05790000
RPWNMLMJKIKGFCA77DA,東湖段七小段,12.65,都市：其他:第三種住宅區。,100000,279,持分移轉,00430000
RPQNMLTJJHLGFAA57DA,萬芳段二小段,97.98,都市：其他:第二種住宅區。,100000,361,持分移轉,01000000
RPQNMLTJJHLGFAA57DA,萬芳段二小段,7.88,都市：其他:第三種住宅區。,100000,361,持分移轉,01620000
RPOOMLMJKIKGFFA37DA,大安段二小段,30.38,都市：其他:第三種住宅區。,16,3,持分移轉,00900000
RPOSMLSLIIKGFCA08DA,潭美段五小段,40.60,都市：其他:住商混合區,100000,2327,持分移轉,01120000
RPSOMLOJKIKGFAA47DA,萬芳段二小段,97.71,都市：其他:第二種住宅區。,100000,360,持分移轉,01000000
RPSOMLOJKIKGFAA47DA,萬芳段二小段,7.86,都市：其他:第三種住宅區。,100000,360,持分移轉,01620000
RPVNMLMKKHLGFDA87DA,南港段四小段,54.69,都市：其他:特定專用區,100000,175,持分移轉,05660000
RPUOMLLKKIKGFAA57EA,興隆段一小段,3.03,都市：其他:第三種住宅區。,10000,152,持分移轉,03000000
RPUOMLLKKIKGFAA57EA,興隆段一小段,93.02,都市：其他:第二種住宅區。,10000,152,持分移轉,03030000
RPWPMLPKKIKGFEA58DA,軟橋段,24.35,都市：其他:第三種住宅區。,10000,248,持分移轉,00770000
RPUNMLRKKIKGFEA48EA,崇仰段三小段,34.96,都市：其他:第三種住宅區。,100000,2274,持分移轉,00680000
RPUNMLRKKIKGFEA48EA,崇仰段三小段,16.10,都市：其他:第參種商業區(依都市計畫說明書圖規定辦理，始得作第參種商業區使用)(原屬第參種住宅區)。,100000,2274,持分移轉,00920000
ZPPPMLPKQHKGFEA56DA,新洲美段,77.55,都市：其他:科技產業專用區,100000,1351,持分移轉,00350000
WPPPMLPKQHKGFEA88DA,新洲美段,92.99,都市：其他:科技產業專用區,100000,1620,持分移轉,00350000
XPPPMLPKQHKGFEA98DA,新洲美段,90.41,都市：其他:科技產業專用區,100000,1575,持分移轉,00350000
TPPPMLPKQHKGFEA58DA,新洲美段,90.52,都市：其他:科技產業專用區,100000,1577,持分移轉,00350000
RPWOMLRLOHKGFEA09DA,天山段二小段,37.80,都市：其他:第三種住宅區。,5,1,持分移轉,04920000
RPPPMLPKQHKGFEA38DA,新洲美段,77.83,都市：其他:科技產業專用區,100000,1356,持分移轉,00350000
RQPPMLPKQHKGFEA48DA,新洲美段,90.23,都市：其他:科技產業專用區,100000,1572,持分移轉,00350000
SPPPMLPKQHKGFEA48DA,新洲美段,92.99,都市：其他:科技產業專用區,100000,1620,持分移轉,00350000
QQPPMLPKQHKGFEA38DA,新洲美段,92.99,都市：其他:科技產業專用區,100000,1620,持分移轉,00350000
YPPPMLPKQHKGFEA09DA,新洲美段,80.76,都市：其他:科技產業專用區,100000,1407,持分移轉,00350000
VPPPMLPKQHKGFEA78DA,新洲美段,77.72,都市：其他:科技產業專用區,100000,1354,持分移轉,00350000
RPTNMLPJJHLGFEA87DA,光華段二小段,67.00,都市：其他:第三種住宅區。,1,1,全筆移轉,07930000
SQPPMLPKQHKGFEA58DA,新洲美段,80.76,都市：其他:科技產業專用區,100000,1407,持分移轉,00350000
RPTNMLNKJIKGFFA97EA,復興段一小段,24.00,都市：其他:第四種住宅區。,1,1,全筆移轉,04340001
UPPPMLPKQHKGFEA68DA,新洲美段,80.76,都市：其他:科技產業專用區,100000,1407,持分移轉,00350000
RPQNMLSLJIKGFAA67DA,南海段五小段,17.65,都市：其他:第三種住宅區。,100000,3640,持分移轉,00470006
RPQNMLRKJHLGFAA47DA,萬慶段二小段,9.92,都市：其他:第一種商業區。,10000,259,持分移轉,06790000
RPPNMLRKJHLGFAA37DA,萬慶段二小段,9.96,都市：其他:第一種商業區。,10000,260,持分移轉,06790000
RPROMLQJKHLGFFA08DA,懷生段三小段,6.47,都市：其他:第三之一種住宅區(特)。,10000,132,持分移轉,00170000
RPWOMLPLKIKGFEA58DA,軟橋段,25.13,都市：其他:第三種住宅區。,10000,256,持分移轉,00770000
RPTNMLKMJIKGFBA37DA,文昌段二小段,18.13,都市：其他:第三種住宅區。,20000,1226,持分移轉,00140000
RPROMLOJKIKGFAA37DA,萬芳段二小段,71.11,都市：其他:第二種住宅區。,100000,262,持分移轉,01000000
RPROMLOJKIKGFAA37DA,萬芳段二小段,5.72,都市：其他:第三種住宅區。,100000,262,持分移轉,01620000
RPWQMLPKKIKGFEA68DA,軟橋段,24.35,都市：其他:第三種住宅區。,10000,248,持分移轉,00770000
RPPNMLOKKIKGFEA57DA,桃源段四小段,55.37,都市：其他:第三種住宅區。,200000,7594,持分移轉,01590000
RPVPMLPKKIKGFEA48DA,軟橋段,25.03,都市：其他:第三種住宅區。,10000,255,持分移轉,00770000
RPVQMLPKKIKGFEA58DA,軟橋段,25.13,都市：其他:第三種住宅區。,10000,256,持分移轉,00770000
RPQRMLPJJHLGFDA87DA,寶清段一小段,16.25,都市：其他:第三種住宅區。,10000,34,持分移轉,00570013
RPSQMLPJJHLGFDA97DA,寶清段一小段,16.73,都市：其他:第三種住宅區。,10000,35,持分移轉,00570013
RPRNMLKLKIKGFEA47DA,新安段三小段,1091.07,都市：其他:住宅區(原為保護區，經都市計畫檢討主要計畫變更，但因細部計畫及整體開發作業尚未完成，尚未能准許依變更後計畫用途使用)。,3,2,持分移轉,00790001
RPRNMLKLKIKGFEA47DA,芝蘭段三小段,514.34,都市：其他:保護區。,1,1,全筆移轉,02290000
RPRNMLKLKIKGFEA47DA,新安段二小段,679.75,都市：其他:住宅區(原為保護區，經都市計畫檢討主要計畫變更，但因細部計畫及整體開發作業尚未完成，尚未能准許依變更後計畫用途使用)。,1,1,全筆移轉,05210000
RPVOMLPLKIKGFEA48DA,軟橋段,17.67,都市：其他:第三種住宅區。,10000,180,持分移轉,00770000
RPQNMLPLKIKGFEA87DA,軟橋段,25.13,都市：其他:第三種住宅區。,10000,256,持分移轉,00770000
RPSNMLKLKIKGFEA57DA,天玉段二小段,1794.45,都市：其他:保護區。,3,2,持分移轉,00500000
RPSNMLKLKIKGFEA57DA,新安段三小段,3276.58,都市：其他:住宅區(原為保護區，經都市計畫檢討主要計畫變更，但因細部計畫及整體開發作業尚未完成，尚未能准許依變更後計畫用途使用)。,3,2,持分移轉,01640000
RPSNMLKLKIKGFEA57DA,新安段三小段,308.21,都市：其他:住宅區(原為保護區，經都市計畫檢討主要計畫變更，但因細部計畫及整體開發作業尚未完成，尚未能准許依變更後計畫用途使用)。,3,2,持分移轉,01640001
RPSNMLKLKIKGFEA57DA,新安段三小段,87.37,都市：其他:住宅區(原為保護區，經都市計畫檢討主要計畫變更，但因細部計畫及整體開發作業尚未完成，尚未能准許依變更後計畫用途使用)。,3,2,持分移轉,01640002
RPRNMLTLIIKGFDA08DA,西松段二小段,5.31,都市：其他:第二種商業區。,100000,494,持分移轉,07220000
RPRNMLTLIIKGFDA08DA,西松段二小段,4.54,都市：其他:第三種住宅區。,100000,494,持分移轉,07220001
RPTNMLMJJHLGFCA37DA,中山段一小段,9.12,都市：其他:第肆種商業區(依都市計畫說明書圖規定辦理，始得作第肆種商業區使用)(原屬第參種商業區)。,8,1,持分移轉,00760001
RPTNMLMJJHLGFCA37DA,中山段一小段,27.75,都市：其他:第肆種商業區(依都市計畫說明書圖規定辦理，始得作第肆種商業區使用)(原屬第參種商業區)。,8,1,持分移轉,00770000
RPUOMLPLKIKGFEA38DA,軟橋段,24.35,都市：其他:第三種住宅區。,10000,248,持分移轉,00770000
RPTNMLNKJHLGFEA77DA,軟橋段,24.15,都市：其他:第三種住宅區。,10000,246,持分移轉,00770000
RPXNMLNKJHLGFEA18DA,軟橋段,25.03,都市：其他:第三種住宅區。,10000,255,持分移轉,00770000
RPUNMLNKJHLGFEA87DA,軟橋段,24.35,都市：其他:第三種住宅區。,10000,248,持分移轉,00770000
RPWNMLNKJHLGFEA08DA,軟橋段,24.35,都市：其他:第三種住宅區。,10000,248,持分移轉,00770000
RPRNMLLMIIKGFEA47DA,新洲美段,92.99,都市：其他:科技產業專用區,100000,1620,持分移轉,00350000
RPSSMLRKKIKGFEA68DA,軟橋段,21.70,都市：其他:第三之二種住宅區(特)。,21500,203,持分移轉,00400000
RPSSMLRKKIKGFEA68DA,軟橋段,9.48,都市：其他:第三種住宅區。,21500,203,持分移轉,00410000
RPVNMLPLKIKGFEA38DA,軟橋段,24.35,都市：其他:第三種住宅區。,10000,248,持分移轉,00770000
RPRNMLPLKIKGFEA97DA,軟橋段,24.35,都市：其他:第三種住宅區。,10000,248,持分移轉,00770000
RPSOMLPLKIKGFEA18DA,軟橋段,24.35,都市：其他:第三種住宅區。,10000,248,持分移轉,00770000
RPQOMLPLKIKGFEA97DA,軟橋段,25.13,都市：其他:第三種住宅區。,10000,256,持分移轉,00770000
RPTQMLPJJHLGFDA08DA,寶清段一小段,16.73,都市：其他:第三種住宅區。,10000,35,持分移轉,00570013
RPROMLPLKIKGFEA08DA,軟橋段,24.35,都市：其他:第三種住宅區。,10000,248,持分移轉,00770000
RPRNMLMJLHLGFFA67DA,懷生段三小段,5.54,都市：其他:第三之一種住宅區(特)。,10000,113,持分移轉,00170000
RPPQMLPKKIKGFEA97DA,軟橋段,24.35,都市：其他:第三種住宅區。,10000,248,持分移轉,00770000
RPXPMLPKKIKGFEA68DA,軟橋段,24.35,都市：其他:第三種住宅區。,10000,248,持分移轉,00770000
RPPNMLNLKHKGFEA47DA,新安段四小段,117.00,都市：其他:住宅區(原為保護區，經都市計畫檢討主要計畫變更，但因細部計畫及整體開發作業尚未完成，尚未能准許依變更後計畫用途使用)。,48,12,持分移轉,01680000
RPPNMLNLKHKGFEA47DA,新安段四小段,123.27,都市：其他:住宅區(原為保護區，經都市計畫檢討主要計畫變更，但因細部計畫及整體開發作業尚未完成，尚未能准許依變更後計畫用途使用) 但是否在道路用地(公共設施用地)(應依建築線或俟地籍測量分割後，再確定)。,48,8,持分移轉,01690000
RPOQMLPKKIKGFEA87DA,軟橋段,25.13,都市：其他:第三種住宅區。,10000,256,持分移轉,00770000
RPQQMLPKKIKGFEA08DA,軟橋段,25.03,都市：其他:第三種住宅區。,10000,255,持分移轉,00770000
RPQPMLMLQHJGFEA18DA,芝蘭段三小段,933.15,都市：其他:保護區。,3,2,持分移轉,02830000
RPPPMLMLQHJGFEA08DA,天玉段二小段,2691.67,都市：其他:保護區。,1,1,全筆移轉,00500001
RPPPMLMLQHJGFEA08DA,天玉段二小段,2691.67,都市：其他:保護區。,1,1,全筆移轉,00500003
RPUQMLPKKIKGFEA48DA,軟橋段,24.35,都市：其他:第三種住宅區。,10000,248,持分移轉,00770000
RPXQMLPKKIKGFEA78DA,軟橋段,25.03,都市：其他:第三種住宅區。,10000,255,持分移轉,00770000
RPORMLPKKIKGFEA97DA,軟橋段,25.13,都市：其他:第三種住宅區。,10000,256,持分移轉,00770000
RPRQMLPKKIKGFEA18DA,軟橋段,17.67,都市：其他:第三種住宅區。,10000,180,持分移轉,00770000
RPSQMLPKKIKGFEA28DA,軟橋段,25.13,都市：其他:第三種住宅區。,10000,256,持分移轉,00770000
RPXQMLPJJHLGFDA48DA,寶清段一小段,17.21,都市：其他:第三種住宅區。,10000,36,持分移轉,00570013
RPTTMLSLIIKGFCA68DA,潭美段五小段,24.76,都市：其他:住商混合區,100000,1419,持分移轉,01120000
RPQOMLKMJIKGFBA17DA,文昌段二小段,14.32,都市：其他:第三種住宅區。,10000,484,持分移轉,00140000
RPPRMLPKKIKGFEA08DA,軟橋段,24.35,都市：其他:第三種住宅區。,10000,248,持分移轉,00770000
RPPNMLPLKIKGFEA77DA,軟橋段,17.67,都市：其他:第三種住宅區。,10000,180,持分移轉,00770000
RPWOMLMLQHJGFEA68DA,新安段一小段,20.45,都市：其他:保護區。,1,1,全筆移轉,03760000
RPWOMLMLQHJGFEA68DA,新安段二小段,158.54,都市：其他:住宅區(原為保護區，經都市計畫檢討主要計畫變更，但因細部計畫及整體開發作業尚未完成，尚未能准許依變更後計畫用途使用)。,1,1,全筆移轉,04810001
RPPNMLSKKIKGFDA87DA,西松段二小段,5.31,都市：其他:第二種商業區。,200000,988,持分移轉,07220000
RPPNMLSKKIKGFDA87DA,西松段二小段,4.54,都市：其他:第三種住宅區。,200000,988,持分移轉,07220001
RPWNMLPLKIKGFEA48DA,軟橋段,25.03,都市：其他:第三種住宅區。,10000,255,持分移轉,00770000
RPSNMLPLKIKGFEA08DA,軟橋段,25.03,都市：其他:第三種住宅區。,10000,255,持分移轉,00770000
RPTNMLPLKIKGFEA18DA,軟橋段,17.67,都市：其他:第三種住宅區。,10000,180,持分移轉,00770000
RPUNMLPLKIKGFEA28DA,軟橋段,25.13,都市：其他:第三種住宅區。,10000,256,持分移轉,00770000
RPPOMLPLKIKGFEA87DA,軟橋段,17.67,都市：其他:第三種住宅區。,10000,180,持分移轉,00770000
RPOOMLPLKIKGFEA77DA,軟橋段,25.03,都市：其他:第三種住宅區。,10000,255,持分移轉,00770000
RPXNMLPLKIKGFEA58DA,軟橋段,24.35,都市：其他:第三種住宅區。,10000,248,持分移轉,00770000
RPTOMLPLKIKGFEA28DA,軟橋段,24.35,都市：其他:第三種住宅區。,10000,248,持分移轉,00770000
RPRNMLNKJIKGFEA67EA,軟橋段,17.67,都市：其他:第三種住宅區。,10000,180,持分移轉,00770000
RPRNMLOKJHLGFEA67DA,軟橋段,17.67,都市：其他:第三種住宅區。,10000,180,持分移轉,00770000
RPVNMLNKJHLGFEA97DA,軟橋段,24.35,都市：其他:第三種住宅區。,10000,248,持分移轉,00770000
RPXOMLPLKIKGFEA68DA,軟橋段,17.67,都市：其他:第三種住宅區。,10000,180,持分移轉,00770000
RPVRMLPJJHLGFDA38DA,寶清段一小段,17.21,都市：其他:第三種住宅區。,10000,36,持分移轉,00570013
RPPRMLPJJHLGFDA77DA,寶清段一小段,16.73,都市：其他:第三種住宅區。,10000,35,持分移轉,00570013
RPSOMLTLKIKGFBA28DA,文昌段二小段,18.13,都市：其他:第三種住宅區。,10000,613,持分移轉,00140000
RPORMLPJJHLGFDA67DA,寶清段一小段,16.73,都市：其他:第三種住宅區。,10000,35,持分移轉,00570013
RPRPMLPKKIKGFDA97DA,西松段二小段,5.04,都市：其他:第二種商業區。,100000,469,持分移轉,07220000
RPRPMLPKKIKGFDA97DA,西松段二小段,4.31,都市：其他:第三種住宅區。,100000,469,持分移轉,07220001
RPVNMLKKKIKGFDA67DA,西松段二小段,5.31,都市：其他:第二種商業區。,100000,494,持分移轉,07220000
RPVNMLKKKIKGFDA67DA,西松段二小段,4.54,都市：其他:第三種住宅區。,100000,494,持分移轉,07220001
RPQNMLLLKIKGFEA47DA,桃源段四小段,.29,都市：其他:第三種住宅區。,100000,20,持分移轉,01590000
SPTOMLMJPHKGFEA28DA,新洲美段,90.86,都市：其他:科技產業專用區,100000,1583,持分移轉,00350000
RPTOMLMJPHKGFEA18DA,新洲美段,78.18,都市：其他:科技產業專用區,100000,1362,持分移轉,00350000
RPQOMLRJJHLGFEA87DA,奇岩段二小段,18.52,都市：其他:第三種住宅區。,100000,4689,持分移轉,00320000
RPWRMLPJJHLGFDA48DA,寶清段一小段,16.25,都市：其他:第三種住宅區。,10000,34,持分移轉,00570013
SPRNMLLMIIKGFEA57DA,新洲美段,80.76,都市：其他:科技產業專用區,100000,1407,持分移轉,00350000
RPRSMLRKKIKGFEA58DA,軟橋段,21.70,都市：其他:第三之二種住宅區(特)。,21500,203,持分移轉,00400000
RPRSMLRKKIKGFEA58DA,軟橋段,9.48,都市：其他:第三種住宅區。,21500,203,持分移轉,00410000
RPPPMLSJKIKGFDA97DA,信義段一小段,2.23,都市：其他:第三種住宅區。,100000,1816,持分移轉,04160000
RPWQMLPJJHLGFDA38DA,寶清段一小段,17.21,都市：其他:第三種住宅區。,10000,36,持分移轉,00570013
RPPPMLSJKIKGFDA97DA,信義段一小段,11.40,都市：其他:第三之一種住宅區。,100000,1816,持分移轉,04340000
RPQSMLRKKIKGFEA48DA,軟橋段,21.70,都市：其他:第三之二種住宅區(特)。,21500,203,持分移轉,00400000
RPQSMLRKKIKGFEA48DA,軟橋段,9.48,都市：其他:第三種住宅區。,21500,203,持分移轉,00410000
RPVUMLRKKIKGFEA56DA,軟橋段,21.70,都市：其他:第三之二種住宅區(特)。,21500,203,持分移轉,00400000
RPSQMLRKKIKGFEA48DA,軟橋段,26.18,都市：其他:第三之二種住宅區(特)。,21500,245,持分移轉,00400000
RPVUMLRKKIKGFEA56DA,軟橋段,9.48,都市：其他:第三種住宅區。,21500,203,持分移轉,00410000
RPSQMLRKKIKGFEA48DA,軟橋段,11.44,都市：其他:第三種住宅區。,21500,245,持分移轉,00410000
RPTOMLPKKIKGFEA18DA,軟橋段,26.18,都市：其他:第三之二種住宅區(特)。,21500,245,持分移轉,00400000
RPTOMLPKKIKGFEA18DA,軟橋段,11.44,都市：其他:第三種住宅區。,21500,245,持分移轉,00410000
RPRNMLTLKIKGFDA28DA,西松段二小段,5.04,都市：其他:第二種商業區。,100000,469,持分移轉,07220000
RPQOMLPJJHLGFDA57DA,寶清段一小段,16.73,都市：其他:第三種住宅區。,10000,35,持分移轉,00570013
RPRNMLTLKIKGFDA28DA,西松段二小段,4.31,都市：其他:第三種住宅區。,100000,469,持分移轉,07220001
RPWNMLQKJHLGFFA48DA,辛亥段四小段,32.90,都市：其他:第三種住宅區。,10000,316,持分移轉,07700000
RPQOMLTLKIKGFBA08DA,文昌段二小段,18.13,都市：其他:第三種住宅區。,10000,613,持分移轉,00140000
RPUOMLLLJHLGFEA87DA,文林段三小段,25.30,,10000,253,持分移轉,09790000
RPPOMLMJJHLGFDA17DA,寶清段一小段,16.73,都市：其他:第三種住宅區。,10000,35,持分移轉,00570013
RPXNMLNLKHLGFEA38DA,文林段五小段,13.79,都市：其他:第三之二種住宅區。,10000,140,持分移轉,03120000
RPUPMLLLJHLGFEA97DA,文林段三小段,24.70,,10000,247,持分移轉,09790000
RPPOMLPKJHLGFAA27DA,福和段一小段,4.73,都市：其他:第參種商業區(依都市計畫說明書圖規定辦理，始得作第參種商業區使用)(原屬第貳種商業區)。,100000,1077,持分移轉,03580000
RPVNMLKMJIKGFBA57DA,文昌段二小段,18.13,都市：其他:第三種住宅區。,10000,613,持分移轉,00140000
RPPOMLPKJHLGFAA27DA,福和段一小段,.70,都市：其他:第參種商業區(依都市計畫說明書圖規定辦理，始得作第參種商業區使用)(原屬第參種住宅區)。,100000,1077,持分移轉,03580005
RPUSMLMLRHKGFCA88DA,長春段二小段,20.64,都市：其他:第三種住宅區。,100000,1979,持分移轉,07750000
RPPPMLNJKIKGFEA57DA,福林段三小段,21.61,都市：其他:第三種住宅區。,100000,3832,持分移轉,01400000
RPVNMLMLRHKGFCA48DA,長春段二小段,16.64,都市：其他:第三種住宅區。,100000,1595,持分移轉,07750000
RPORMLSLJHLGFDA18DA,中南段二小段,14.09,都市：其他:第三種住宅區。,1000000,8211,持分移轉,06080000
UPSQMLMJPHKGFEA58DA,新洲美段,80.76,都市：其他:科技產業專用區,100000,1407,持分移轉,00350000
RPSQMLMJPHKGFEA28DA,新洲美段,78.41,都市：其他:科技產業專用區,100000,1366,持分移轉,00350000
TPSQMLMJPHKGFEA48DA,新洲美段,91.09,都市：其他:科技產業專用區,100000,1587,持分移轉,00350000
SPSQMLMJPHKGFEA38DA,新洲美段,92.99,都市：其他:科技產業專用區,100000,1620,持分移轉,00350000
RPROMLPJJHLGFDA67DA,寶清段一小段,16.25,都市：其他:第三種住宅區。,10000,34,持分移轉,00570013
RPVOMLRKKIKGFEA58DA,軟橋段,26.00,都市：其他:第三之二種住宅區(特)。,100000,1547,持分移轉,00330000
RPOPMLSLIIKGFCA77DA,潭美段五小段,24.76,都市：其他:住商混合區(為容積接收區)。,100000,1419,持分移轉,01120000
RPQNMLLKKHLGFFA57EA,辛亥段四小段,32.90,都市：其他:第三種住宅區。,10000,316,持分移轉,07700000
RPPOMLSLIIKGFCA77DA,潭美段五小段,24.76,都市：其他:住商混合區(為容積接收區)。,100000,1419,持分移轉,01120000
RPQOMLQKKIKGFEA97DA,軟橋段,26.18,都市：其他:第三之二種住宅區(特)。,21500,245,持分移轉,00400000
RPQOMLQKKIKGFEA97DA,軟橋段,11.44,都市：其他:第三種住宅區。,21500,245,持分移轉,00410000
RPUNMLPKJHLGFFA18DA,辛亥段四小段,32.90,都市：其他:第三種住宅區。,10000,316,持分移轉,07700000
RPWRMLRKKIKGFEA98DA,軟橋段,21.70,都市：其他:第三之二種住宅區(特)。,21500,203,持分移轉,00400000
RPWRMLRKKIKGFEA98DA,軟橋段,9.48,都市：其他:第三種住宅區。,21500,203,持分移轉,00410000
RPVOMLQJKHLGFFA48DA,懷生段三小段,6.47,都市：其他:第三之一種住宅區(特)。,10000,132,持分移轉,00170000
RPUNMLLKKIKGFBA47DA,中正段二小段,16.71,都市：其他:第三種住宅區。,10000,559,持分移轉,02940000
RPRNMLLKKHLGFFA67EA,辛亥段四小段,32.27,都市：其他:第三種住宅區。,10000,310,持分移轉,07700000
RPTQMLRKKIKGFEA58DA,軟橋段,26.18,都市：其他:第三之二種住宅區(特)。,21500,245,持分移轉,00400000
RPTQMLRKKIKGFEA58DA,軟橋段,11.44,都市：其他:第三種住宅區。,21500,245,持分移轉,00410000
RPVNMLPKJHLGFFA28DA,辛亥段四小段,33.21,都市：其他:第三種住宅區。,10000,319,持分移轉,07700000
RPTSMLRKKIKGFEA78DA,軟橋段,21.70,都市：其他:第三之二種住宅區(特)。,21500,203,持分移轉,00400000
RPSNMLQJKHLGFFA08DA,辛亥段四小段,27.07,都市：其他:第三種住宅區。,10000,260,持分移轉,07700000
RPTSMLRKKIKGFEA78DA,軟橋段,9.48,都市：其他:第三種住宅區。,21500,203,持分移轉,00410000
RPPQMLTJKIKGFEA28DA,三合段,18.53,都市：其他:第三種住宅區。,20000,274,持分移轉,00350000
RPQNMLSJKIKGFEA97DA,桃源段四小段,31.34,都市：其他:第三種住宅區。,100000,2149,持分移轉,01590000
RPPNMLSJKIKGFEA87DA,桃源段四小段,54.33,都市：其他:第三種住宅區。,100000,3726,持分移轉,01590000
RPWNMLSJKIKGFEA58DA,桃源段四小段,41.25,都市：其他:第三種住宅區。,100000,2829,持分移轉,01590000
RPUUMLRKKIKGFEA09DA,軟橋段,21.70,都市：其他:第三之二種住宅區(特)。,21500,203,持分移轉,00400000
RPUUMLRKKIKGFEA09DA,軟橋段,9.48,都市：其他:第三種住宅區。,21500,203,持分移轉,00410000
RPQNMLMJKHLGFEA47EA,桃源段四小段,55.22,都市：其他:第三種住宅區。,100000,3787,持分移轉,01590000
RPTOMLPKKIKGFDA08DA,西松段二小段,5.04,都市：其他:第二種商業區。,100000,469,持分移轉,07220000
RPRNMLOKKIKGFEA77DA,桃源段四小段,42.37,都市：其他:第三種住宅區。,100000,2906,持分移轉,01590000
RPVOMLKMJIKGFBA67DA,文昌段二小段,14.32,都市：其他:第三種住宅區。,20000,968,持分移轉,00140000
RPTOMLPKKIKGFDA08DA,西松段二小段,4.31,都市：其他:第三種住宅區。,100000,469,持分移轉,07220001
RPSNMLOKKIKGFEA87DA,桃源段四小段,51.71,都市：其他:第三種住宅區。,100000,3546,持分移轉,01590000
RPPNMLLLKIKGFEA37DA,桃源段四小段,31.34,都市：其他:第三種住宅區。,100000,2149,持分移轉,01590000
RPPNMLOJJHLGFEA37DA,桃源段四小段,54.33,都市：其他:第三種住宅區。,100000,3726,持分移轉,01590000
RPTNMLQLKIKGFEA28DA,桃源段四小段,31.04,都市：其他:第三種住宅區。,100000,2129,持分移轉,01590000
RPVNMLOJKIKGFEA08DA,軟橋段,26.18,都市：其他:第三之二種住宅區(特)。,43000,490,持分移轉,00400000
RPVNMLOJKIKGFEA08DA,軟橋段,11.44,都市：其他:第三種住宅區。,43000,490,持分移轉,00410000
RPQNMLQLKIKGFEA97DA,桃源段四小段,42.37,都市：其他:第三種住宅區。,100000,2906,持分移轉,01590000
RPVNMLLMKIKGFEA08DA,桃源段四小段,31.19,都市：其他:第三種住宅區。,100000,2139,持分移轉,01590000
RPRNMLQLKIKGFEA08DA,桃源段四小段,42.37,都市：其他:第三種住宅區。,100000,2906,持分移轉,01590000
RPTNMLNKKHLGFEA87DA,文林段五小段,17.24,都市：其他:第三之二種住宅區。,10000,175,持分移轉,03120000
RPRPMLOJLHLGFDA87DA,寶清段一小段,16.73,都市：其他:第三種住宅區。,10000,35,持分移轉,00570013
RPPSMLPJJHLGFDA87DA,寶清段一小段,17.21,都市：其他:第三種住宅區。,10000,36,持分移轉,00570013
RPOTMLRKKIKGFEA38DA,軟橋段,21.70,都市：其他:第三之二種住宅區(特)。,21500,203,持分移轉,00400000
RPOTMLRKKIKGFEA38DA,軟橋段,9.48,都市：其他:第三種住宅區。,21500,203,持分移轉,00410000
RPUNMLLMKIKGFEA97DA,桃源段四小段,51.85,都市：其他:第三種住宅區。,100000,3556,持分移轉,01590000
RPPOMLQJKHLGFFA87DA,懷生段三小段,6.47,都市：其他:第三之一種住宅區(特)。,10000,132,持分移轉,00170000
RPPNMLQLKIKGFEA87DA,桃源段四小段,34.72,都市：其他:第三種住宅區。,100000,2381,持分移轉,01590000
RPSOMLMLJHLGFEA77DA,軟橋段,15.43,都市：其他:第三之二種住宅區(特)。,100000,918,持分移轉,00330000
RPRNMLSLJIKGFAA77DA,南海段五小段,68.06,都市：其他:第三種住宅區。,100000,14033,持分移轉,00470006
RPQOMLQJKHLGFFA97DA,懷生段三小段,6.22,都市：其他:第三之一種住宅區(特)。,10000,127,持分移轉,00170000
RPTRMLPJJHLGFDA18DA,寶清段一小段,16.73,都市：其他:第三種住宅區。,10000,35,持分移轉,00570013
RPWOMLRKKIKGFEA68DA,軟橋段,26.00,都市：其他:第三之二種住宅區(特)。,100000,1547,持分移轉,00330000
RPVQMLPJJHLGFDA28DA,寶清段一小段,18.64,都市：其他:第三種住宅區。,20000,78,持分移轉,00570013
RPSOMLTLKIKGFDA48DA,永春段三小段,62.41,都市：其他:保護區。,746,15,持分移轉,05960000
RPSOMLTLKIKGFDA48DA,永春段三小段,2.90,都市：其他:保護區。,746,15,持分移轉,05960003
RPSOMLTLKIKGFDA48DA,永春段三小段,.24,都市：其他:保護區。,746,15,持分移轉,05960004
RPROMLTKJHLGFEA28DA,桃源段四小段,31.19,都市：其他:第三種住宅區。,100000,2139,持分移轉,01590000
RPQOMLRLJHLGFDA97DA,中南段二小段,18.50,都市：其他:第三種住宅區。,1000000,10780,持分移轉,06080000
RPWOMLTKJHLGFDA68DA,西松段二小段,5.30,都市：其他:第二種商業區。,100000,493,持分移轉,07220000
RPWOMLTKJHLGFDA68DA,西松段二小段,4.53,都市：其他:第三種住宅區。,100000,493,持分移轉,07220001
RPPNMLLKKHLGFEA27DA,奇岩段三小段,9.33,都市：其他:第三種住宅區。,100000,7121,持分移轉,05440000
RPVOMLMKKIKGFEA08DA,奇岩段三小段,11.03,都市：其他:第三種住宅區。,100000,8420,持分移轉,05440000
RPXNMLMKKHLGFAA87EA,南海段一小段,14.19,都市：其他:第參種商業區(依都市計畫說明書圖規定辦理，始得作第參種商業區使用)(原屬第貳種商業區)。,100000,1848,持分移轉,08250000
RPXNMLMKKHLGFAA87EA,南海段一小段,1.28,都市：其他:第三種住宅區。,100000,1848,持分移轉,08260000
RPRNMLMJJHLGFDA27DA,寶清段一小段,16.73,都市：其他:第三種住宅區。,10000,35,持分移轉,00570013
RPVOMLMKJHLGFDA87DA,西松段二小段,2.96,都市：其他:第二種商業區,100000,275,持分移轉,07220000
RPVOMLMKJHLGFDA87DA,西松段二小段,2.53,都市：其他:第三種住宅區。,100000,275,持分移轉,07220001
RPROMLKMJIKGFBA27DA,文昌段二小段,14.32,都市：其他:第三種住宅區。,10000,484,持分移轉,00140000
SPVOMLMKJHLGFDA97DA,西松段二小段,2.96,都市：其他:第二種商業區,100000,275,持分移轉,07220000
SPVOMLMKJHLGFDA97DA,西松段二小段,2.53,都市：其他:第三種住宅區。,100000,275,持分移轉,07220001
RPPQMLPJJHLGFDA67DA,寶清段一小段,16.73,都市：其他:第三種住宅區。,20000,70,持分移轉,00570013
RPQOMLSLIIKGFCA87DA,潭美段五小段,24.76,都市：其他:住商混合區(為容積接收區)。,100000,1419,持分移轉,01120000
RPQQMLRKKIKGFEA28DA,軟橋段,26.18,都市：其他:第三之二種住宅區(特)。,21500,245,持分移轉,00400000
RPQQMLRKKIKGFEA28DA,軟橋段,11.44,都市：其他:第三種住宅區。,21500,245,持分移轉,00410000
RPOOMLRJJHLGFDA57DA,西松段二小段,2.96,都市：其他:第二種商業區。,100000,275,持分移轉,07220000
RPOOMLRJJHLGFDA57DA,西松段二小段,2.53,都市：其他:第三種住宅區。,100000,275,持分移轉,07220001
RPQNMLNJKHLGFCA27DA,康寧段三小段,21.97,都市：其他:第三種住宅區。,40000,1236,持分移轉,05690000
RPXOMLRKKIKGFEA78DA,軟橋段,26.00,都市：其他:第三之二種住宅區(特)。,100000,1547,持分移轉,00330000
RPSOMLMJKHLGFBA37DA,市府段一小段,302.00,都市：其他:第三種商業區。,1,1,全筆移轉,02640000
RPQPMLPJJHLGFDA67DA,寶清段一小段,19.12,都市：其他:第三種住宅區。,10000,40,持分移轉,00570013
RPSNMLSLJHLGFDA18DA,中南段二小段,18.50,都市：其他:第三種住宅區。,1000000,10780,持分移轉,06080000
RPROMLTLKIKGFBA18DA,文昌段二小段,24.08,都市：其他:第三種住宅區。,10000,814,持分移轉,00140000
RPUOMLMKKIKGFEA97DA,奇岩段三小段,11.03,都市：其他:第三種住宅區。,100000,8420,持分移轉,05440000
RPVNMLMKKHLGFAA67EA,南海段一小段,13.64,都市：其他:第參種商業區(依都市計畫說明書圖規定辦理，始得作第參種商業區使用)(原屬第貳種商業區)。,100000,1776,持分移轉,08250000
RPWNMLMKKHLGFAA77EA,南海段一小段,13.53,都市：其他:第參種商業區(依都市計畫說明書圖規定辦理，始得作第參種商業區使用)(原屬第貳種商業區)。,100000,1762,持分移轉,08250000
RPTNMLOJKIKGFEA87DA,軟橋段,26.18,都市：其他:第三之二種住宅區(特)。,21500,245,持分移轉,00400000
RPVNMLMKKHLGFAA67EA,南海段一小段,1.23,都市：其他:第三種住宅區。,100000,1776,持分移轉,08260000
RPWNMLMKKHLGFAA77EA,南海段一小段,1.22,都市：其他:第三種住宅區。,100000,1762,持分移轉,08260000
RPTNMLOJKIKGFEA87DA,軟橋段,11.44,都市：其他:第三種住宅區。,21500,245,持分移轉,00410000
RPXQMLSLJHLGFDA98DA,中南段二小段,18.50,都市：其他:第三種住宅區。,1000000,10780,持分移轉,06080000
RPWWMLPJJIKGFCA88DA,中山段一小段,13.29,都市：其他:第肆種商業區(依都市計畫說明書圖規定辦理，始得作第肆種商業區使用)(原屬第參種商業區)。,200000,2668,持分移轉,05330000
RPVOMLRKKIKGFDA48DA,西松段二小段,2.96,都市：其他:第二種商業區。,100000,275,持分移轉,07220000
RPVOMLRKKIKGFDA48DA,西松段二小段,2.53,都市：其他:第三種住宅區。,100000,275,持分移轉,07220001
RPXNMLTJKIKGFEA78DA,軟橋段,26.18,都市：其他:第三之二種住宅區(特)。,21500,245,持分移轉,00400000
RPXNMLTJKIKGFEA78DA,軟橋段,11.44,都市：其他:第三種住宅區。,21500,245,持分移轉,00410000
RPWNMLNJKHLGFCA87DA,康寧段三小段,21.97,都市：其他:第三種住宅區。,10000,309,持分移轉,05690000
RPWNMLKMKIKGFCA87DA,北安段三小段,2.03,都市：其他:第三種住宅區。,10000,98,持分移轉,09190000
RPWNMLKMKIKGFCA87DA,北安段三小段,.34,都市：其他:第三種住宅區。,10000,98,持分移轉,09190001
RPWNMLKMKIKGFCA87DA,北安段三小段,.81,都市：其他:第三種住宅區。,10000,98,持分移轉,09190002
RPWNMLKMKIKGFCA87DA,北安段三小段,15.99,都市：其他:第三之二種住宅區。,10000,98,持分移轉,09200000
RPWNMLKMKIKGFCA87DA,北安段三小段,.04,都市：其他:第三之二種住宅區。,10000,98,持分移轉,09200001
RPWNMLKMKIKGFCA87DA,北安段三小段,1.22,都市：其他:第三之二種住宅區。,10000,98,持分移轉,09200002
RPWNMLKMKIKGFCA87DA,北安段三小段,.01,都市：其他:第三之二種住宅區。,10000,98,持分移轉,09210000
RPWNMLTJKIKGFEA68DA,軟橋段,26.18,都市：其他:第三之二種住宅區(特)。,21500,245,持分移轉,00400000
RPWNMLTJKIKGFEA68DA,軟橋段,11.44,都市：其他:第三種住宅區。,21500,245,持分移轉,00410000
RPVRMLSLJHLGFDA88DA,中南段二小段,18.56,都市：其他:第三種住宅區。,1000000,10815,持分移轉,06080000
RPXNMLSJJHLGFDA48DA,西松段二小段,2.64,都市：其他:第二種商業區。,100000,246,持分移轉,07220000
RPTPMLSLJHLGFDA48DA,中南段二小段,17.78,都市：其他:第三種住宅區。,1000000,10363,持分移轉,06080000
RPXNMLSJJHLGFDA48DA,西松段二小段,2.26,都市：其他:第三種住宅區。,100000,246,持分移轉,07220001
RPPOMLNJKHLGFCA27DA,康寧段三小段,21.97,都市：其他:第三種住宅區。,10000,309,持分移轉,05690000
RPQOMLOJKIKGFDA57DA,西松段二小段,2.96,都市：其他:第二種商業區。,100000,275,持分移轉,07220000
RPQOMLOJKIKGFDA57DA,西松段二小段,2.53,都市：其他:第三種住宅區。,100000,275,持分移轉,07220001
RPXPMLPJJHLGFDA38DA,寶清段一小段,16.73,都市：其他:第三種住宅區。,10000,35,持分移轉,00570013
RPXOMLSLJHLGFDA78DA,中南段二小段,18.53,都市：其他:第三種住宅區。,1000000,10798,持分移轉,06080000
RPQOMLNJKHLGFCA37DA,康寧段三小段,21.97,都市：其他:第三種住宅區。,10000,309,持分移轉,05690000
RPOOMLOJKIKGFDA37DA,西松段二小段,2.96,都市：其他:第二種商業區。,100000,275,持分移轉,07220000
RPUOMLRKKIKGFEA48DA,軟橋段,24.64,都市：其他:第三之二種住宅區(特)。,100000,1466,持分移轉,00330000
RPOOMLOJKIKGFDA37DA,西松段二小段,2.53,都市：其他:第三種住宅區。,100000,275,持分移轉,07220001
RPRQMLTJKIKGFEA48DA,三合段,17.44,都市：其他:第三種住宅區。,20000,258,持分移轉,00350000
RPWOMLSLJHLGFDA68DA,中南段二小段,18.48,都市：其他:第三種住宅區。,1000000,10771,持分移轉,06080000
RPQPMLRLJHLGFDA08DA,中南段二小段,18.53,都市：其他:第三種住宅區。,1000000,10798,持分移轉,06080000
RPOSMLSLJHLGFDA28DA,中南段二小段,14.09,都市：其他:第三種住宅區。,1000000,8211,持分移轉,06080000
RPQQMLRLJHLGFDA18DA,中南段二小段,14.09,都市：其他:第三種住宅區。,1000000,8211,持分移轉,06080000
RPXPMLRLJHLGFDA78DA,中南段二小段,18.50,都市：其他:第三種住宅區。,1000000,10780,持分移轉,06080000
RPUSMLSLJHLGFDA88DA,中南段二小段,14.14,都市：其他:第三種住宅區。,2000000,16482,持分移轉,06080000
RPROMLSLJHLGFDA18DA,中南段二小段,18.53,都市：其他:第三種住宅區。,1000000,10798,持分移轉,06080000
RPWNMLQJOHKGFAA28DA,政大段一小段,66.94,都市：其他:第二種住宅區。,10000,81,持分移轉,00430000
RPQNMLRLOHKGFAA97DA,木柵段一小段,17.15,都市：其他:第三種商業區。,10000,120,持分移轉,04200000
RPQOMLMKKIKGFEA57DA,奇岩段三小段,9.33,都市：其他:第三種住宅區。,100000,7121,持分移轉,05440000
RPUNMLNJKHLGFCA67DA,康寧段三小段,21.97,都市：其他:第三種住宅區。,20000,618,持分移轉,05690000
RPOQMLMJKHLGFCA27DA,康寧段三小段,16.49,都市：其他:第三種住宅區。,10000,232,持分移轉,05690000
RPQOMLNLKHLGFEA77DA,文林段五小段,13.79,都市：其他:第三之二種住宅區。,10000,140,持分移轉,03120000
RPUPMLMJKHLGFCA77DA,康寧段三小段,16.49,都市：其他:第三種住宅區。,10000,232,持分移轉,05690000
RPXPMLSLJHLGFDA88DA,中南段二小段,18.48,都市：其他:第三種住宅區。,1000000,10771,持分移轉,06080000
RPRTMLSLIIKGFCA48DA,潭美段五小段,24.76,都市：其他:住商混合區,100000,1419,持分移轉,01120000
RPPOMLNLKIKGFCA47DA,長春段二小段,22.56,都市：其他:第三種住宅區。,100000,2163,持分移轉,07750000
RPROMLMKKIKGFEA67DA,奇岩段三小段,11.03,都市：其他:第三種住宅區。,100000,8420,持分移轉,05440000
RPTNMLSJJHLGFDA08DA,西松段二小段,2.68,都市：其他:第二種商業區。,100000,249,持分移轉,07220000
RPTNMLSJJHLGFDA08DA,西松段二小段,2.29,都市：其他:第三種住宅區。,100000,249,持分移轉,07220001
RPROMLNJKHLGFCA47DA,康寧段三小段,15.00,都市：其他:第三種住宅區。,10000,211,持分移轉,05690000
RPTNMLPJJHLGFAA47DA,永昌段四小段,12.12,都市：其他:第三種住宅區。,100000,7644,持分移轉,06700000
RPTNMLPKJHLGFAA57DA,政大段一小段,69.48,都市：其他:第二種住宅區。,100000,6062,持分移轉,00860000
RPQQMLTJKIKGFEA38DA,三合段,18.39,都市：其他:第三種住宅區。,20000,272,持分移轉,00350000
RPOQMLPJJHLGFDA57DA,寶清段一小段,17.21,都市：其他:第三種住宅區。,10000,36,持分移轉,00570013
RPPNMLRLJHLGFDA87EA,敦化段三小段,9.27,都市：其他:第三之一種住宅區(特)。,10000,483,持分移轉,06310000
RPXQMLRLJHLGFDA88DA,中南段二小段,18.53,都市：其他:第三種住宅區。,1000000,10798,持分移轉,06080000
RPSNMLNJKHLGFCA47DA,康寧段三小段,21.97,都市：其他:第三種住宅區。,10000,309,持分移轉,05690000
RPQNMLLMIIKGFCA17DA,潭美段五小段,24.76,都市：其他:住商混合區,100000,1419,持分移轉,01120000
RPRSMLSLJHLGFDA58DA,中南段二小段,14.14,都市：其他:第三種住宅區。,1000000,8241,持分移轉,06080000
RPUOMLSLJHLGFDA48DA,中南段二小段,14.09,都市：其他:第三種住宅區。,1000000,8211,持分移轉,06080000
RPXRMLSLJHLGFDA09DA,中南段二小段,14.14,都市：其他:第三種住宅區。,1000000,8241,持分移轉,06080000
RPOOMLSLJHLGFDA87DA,中南段二小段,14.09,都市：其他:第三種住宅區。,1000000,8211,持分移轉,06080000
RPQNMLNLJHLGFEA57DA,奇岩段三小段,9.33,都市：其他:第三種住宅區。,100000,7121,持分移轉,05440000
RPXNMLRKRHKGFCA09DA,長安段一小段,28.44,都市：其他:第三種住宅區。,10000,609,持分移轉,07370000
RPWQMLMJKHLGFCA08DA,康寧段三小段,16.42,都市：其他:第三種住宅區。,10000,231,持分移轉,05690000
RPPUMLSLIIKGFCA38DA,潭美段五小段,24.76,都市：其他:住商混合區,100000,1419,持分移轉,01120000
RPVNMLNKJHLGFBA67DA,華江段三小段,19.50,都市：其他:第三種住宅區。,4,1,持分移轉,07550000
RPVSMLSLJHLGFDA98DA,中南段二小段,14.14,都市：其他:第三種住宅區。,2000000,16482,持分移轉,06080000
RPPNMLQLKHLGFFA97DA,辛亥段四小段,28.84,都市：其他:第三種住宅區。,10000,277,持分移轉,07700000
RPURMLSLJHLGFDA78DA,中南段二小段,14.09,都市：其他:第三種住宅區。,1000000,8211,持分移轉,06080000
RPQPMLSLJHLGFDA18DA,中南段二小段,14.14,都市：其他:第三種住宅區。,1000000,8241,持分移轉,06080000
RPSRMLSLJHLGFDA58DA,中南段二小段,14.14,都市：其他:第三種住宅區。,1000000,8241,持分移轉,06080000
RPQSMLSLJHLGFDA48DA,中南段二小段,14.14,都市：其他:第三種住宅區。,1000000,8241,持分移轉,06080000
RPOPMLSLJHLGFDA97DA,中南段二小段,14.14,都市：其他:第三種住宅區。,1000000,8241,持分移轉,06080000
RPWNMLSLJHLGFDA58DA,中南段二小段,17.78,都市：其他:第三種住宅區。,1000000,10363,持分移轉,06080000
RPTSMLSLJHLGFDA78DA,中南段二小段,14.14,都市：其他:第三種住宅區。,2000000,16482,持分移轉,06080000
RPXPMLTJKIKGFEA98DA,三合段,18.53,都市：其他:第三種住宅區。,10000,137,持分移轉,00350000
RPVPMLSLJHLGFDA68DA,中南段二小段,14.14,都市：其他:第三種住宅區。,1000000,8241,持分移轉,06080000
RPXPMLMJKHLGFCA08DA,康寧段三小段,16.49,都市：其他:第三種住宅區。,10000,232,持分移轉,05690000
RPTOMLQKJHLGFFA28DA,辛亥段四小段,28.84,都市：其他:第三種住宅區。,10000,277,持分移轉,07700000
RPQNMLMJLHLGFFA57DA,懷生段三小段,6.22,都市：其他:第三之一種住宅區(特)。,10000,127,持分移轉,00170000
RPSOMLNJKHLGFCA57DA,康寧段三小段,16.49,都市：其他:第三種住宅區。,10000,232,持分移轉,05690000
RPWOMLNJKHLGFCA97DA,康寧段三小段,16.42,都市：其他:第三種住宅區。,10000,231,持分移轉,05690000
RPVNMLQLJHLGFBA08DA,漢中段三小段,5.69,都市：其他:第四種商業區,1000000000,14890000,持分移轉,09250000
RPSOMLQLJHLGFBA87DA,漢中段三小段,3.25,都市：其他:第四種商業區,1000000000,8500000,持分移轉,09250000
RPUOMLNJKHLGFCA77DA,康寧段三小段,16.49,都市：其他:第三種住宅區。,10000,232,持分移轉,05690000
RPOOMLLLJHLGFDA17DA,西松段二小段,2.68,都市：其他:第二種商業區。,100000,249,持分移轉,07220000
RPRNMLPKIIKGFCA47DA,北安段三小段,2.51,都市：其他:第三種住宅區。,10000,121,持分移轉,09190000
RPPQMLRKKIKGFEA18DA,軟橋段,26.18,都市：其他:第三之二種住宅區(特)。,21500,245,持分移轉,00400000
RPOOMLLLJHLGFDA17DA,西松段二小段,2.29,都市：其他:第三種住宅區。,100000,249,持分移轉,07220001
RPRNMLPKIIKGFCA47DA,北安段三小段,.42,都市：其他:第三種住宅區。,10000,121,持分移轉,09190001
RPPQMLRKKIKGFEA18DA,軟橋段,11.44,都市：其他:第三種住宅區。,21500,245,持分移轉,00410000
RPRNMLPKIIKGFCA47DA,北安段三小段,1.01,都市：其他:第三種住宅區。,10000,121,持分移轉,09190002
RPRNMLPKIIKGFCA47DA,北安段三小段,19.74,都市：其他:第三之二種住宅區。,10000,121,持分移轉,09200000
RPRNMLPKIIKGFCA47DA,北安段三小段,.05,都市：其他:第三之二種住宅區。,10000,121,持分移轉,09200001
RPRNMLPKIIKGFCA47DA,北安段三小段,1.51,都市：其他:第三之二種住宅區。,10000,121,持分移轉,09200002
RPRNMLPKIIKGFCA47DA,北安段三小段,.01,都市：其他:第三之二種住宅區。,10000,121,持分移轉,09210000
RPRNMLSLJHLGFDA08DA,中南段二小段,14.14,都市：其他:第三種住宅區。,1000000,8241,持分移轉,06080000
RPWNMLQLKIKGFEA58DA,奇岩段三小段,9.33,都市：其他:第三種住宅區。,100000,7121,持分移轉,05440000
RPSTMLSLIIKGFCA58DA,潭美段五小段,24.76,都市：其他:住商混合區,100000,1419,持分移轉,01120000
RPPOMLOJKIKGFDA47DA,西松段二小段,2.96,都市：其他:第二種商業區。,100000,275,持分移轉,07220000
RPPOMLOJKIKGFDA47DA,西松段二小段,2.53,都市：其他:第三種住宅區。,100000,275,持分移轉,07220001
RPXNMLOLKIKGFBA18DA,圓環段一小段,9.00,都市：其他:第四種住宅區。,100000,795,持分移轉,03220000
RPSTMLRKKIKGFEA78DA,軟橋段,21.70,都市：其他:第三之二種住宅區(特)。,21500,203,持分移轉,00400000
RPSTMLRKKIKGFEA78DA,軟橋段,9.48,都市：其他:第三種住宅區。,21500,203,持分移轉,00410000
RPXNMLOLKIKGFBA18DA,圓環段一小段,10.72,都市：其他:第三種商業區。,100000,795,持分移轉,03290000
RPWTMLRKKIKGFEA56DA,軟橋段,21.70,都市：其他:第三之二種住宅區(特)。,21500,203,持分移轉,00400000
RPTNMLNJKHLGFCA57DA,康寧段三小段,21.97,都市：其他:第三種住宅區。,10000,309,持分移轉,05690000
RPWTMLRKKIKGFEA56DA,軟橋段,9.48,都市：其他:第三種住宅區。,21500,203,持分移轉,00410000
RPXNMLLLJHLGFEA08DA,文林段三小段,25.30,,10000,253,持分移轉,09790000
RPOOMLOLKIKGFBA37DA,圓環段一小段,10.00,都市：其他:第四種住宅區。,100000,883,持分移轉,03220000
RPOOMLOLKIKGFBA37DA,圓環段一小段,11.90,都市：其他:第三種商業區。,100000,883,持分移轉,03290000
RPSQMLMJKHLGFCA67DA,康寧段三小段,16.42,都市：其他:第三種住宅區。,10000,231,持分移轉,05690000
RPVOMLNJKHLGFCA87DA,康寧段三小段,16.42,都市：其他:第三種住宅區。,10000,231,持分移轉,05690000
RPTOMLOJLHLGFEA08DA,蘭雅段二小段,11.59,都市：其他:第三之二種住宅區。,10000,334,持分移轉,05670000
RPRRMLSLJHLGFDA48DA,中南段二小段,18.56,都市：其他:第三種住宅區。,1000000,10815,持分移轉,06080000
RPXNMLNJKHLGFCA97DA,康寧段三小段,21.97,都市：其他:第三種住宅區。,20000,618,持分移轉,05690000
RPTOMLNJKHLGFCA67DA,康寧段三小段,16.49,都市：其他:第三種住宅區。,10000,232,持分移轉,05690000
RPPOMLMKKIKGFEA47DA,奇岩段三小段,8.85,都市：其他:第三種住宅區。,100000,6754,持分移轉,05440000
RPRNMLMJJHLGFCA17DA,正義段四小段,6.44,都市：其他:地區商業用地(台北車站特定專用區)。,20000,227,持分移轉,04750000
RPQNMLQKKIKGFEA87DA,軟橋段,26.18,都市：其他:第三之二種住宅區(特)。,21500,245,持分移轉,00400000
RPQNMLQKKIKGFEA87DA,軟橋段,11.44,都市：其他:第三種住宅區。,21500,245,持分移轉,00410000
RPSPMLTJKIKGFEA48DA,軟橋段,26.18,都市：其他:第三之二種住宅區(特)。,21500,245,持分移轉,00400000
RPSPMLTJKIKGFEA48DA,軟橋段,11.44,都市：其他:第三種住宅區。,21500,245,持分移轉,00410000
RPQPMLMJKHLGFCA37DA,康寧段三小段,21.97,都市：其他:第三種住宅區。,10000,309,持分移轉,05690000
RPSUMLRKKIKGFEA88DA,軟橋段,21.70,都市：其他:第三之二種住宅區(特)。,21500,203,持分移轉,00400000
RPPNMLNKKHLGFDA37DA,南港段四小段,54.38,都市：其他:特定專用區,100000,174,持分移轉,05660000
RPSUMLRKKIKGFEA88DA,軟橋段,9.48,都市：其他:第三種住宅區。,21500,203,持分移轉,00410000
RPTOMLKMJIKGFBA47DA,文昌段二小段,14.32,都市：其他:第三種住宅區。,10000,484,持分移轉,00140000
RPSQMLRLJHLGFDA38DA,中南段二小段,18.48,都市：其他:第三種住宅區。,1000000,10771,持分移轉,06080000
RPVOMLTJKIKGFEA68DA,軟橋段,26.18,都市：其他:第三之二種住宅區(特)。,21500,245,持分移轉,00400000
RPRNMLSLJHLGFBA87DA,漢中段三小段,5.69,都市：其他:第四種商業區,1000000000,14890000,持分移轉,09250000
RPVOMLTJKIKGFEA68DA,軟橋段,11.44,都市：其他:第三種住宅區。,21500,245,持分移轉,00410000
RPQNMLRJJHLGFDA77EA,敦化段三小段,11.62,都市：其他:第三之一種住宅區(特)。,10000,605,持分移轉,06310000
RPVOMLRLJHLGFDA48DA,中南段二小段,18.53,都市：其他:第三種住宅區。,1000000,10798,持分移轉,06080000
RPOOMLQKKIKGFEA77DA,軟橋段,26.18,都市：其他:第三之二種住宅區(特)。,21500,245,持分移轉,00400000
RPOOMLQKKIKGFEA77DA,軟橋段,11.44,都市：其他:第三種住宅區。,21500,245,持分移轉,00410000
RPQNMLSKKIKGFEA08DA,軟橋段,26.18,都市：其他:第三之二種住宅區(特)。,43000,490,持分移轉,00400000
RPQNMLSKKIKGFEA08DA,軟橋段,11.44,都市：其他:第三種住宅區。,43000,490,持分移轉,00410000
RPTOMLMKKIKGFEA87DA,奇岩段三小段,11.03,都市：其他:第三種住宅區。,100000,8420,持分移轉,05440000
RPPSMLRKKIKGFEA38DA,軟橋段,21.70,都市：其他:第三之二種住宅區(特)。,21500,203,持分移轉,00400000
RPPSMLRKKIKGFEA38DA,軟橋段,9.48,都市：其他:第三種住宅區。,21500,203,持分移轉,00410000
RPUNMLQLKIKGFEA38DA,奇岩段三小段,11.03,都市：其他:第三種住宅區。,100000,8420,持分移轉,05440000
RPSOMLTLJHLGFBA18DA,漢中段三小段,5.19,都市：其他:第四種商業區,1000000000,13580000,持分移轉,09250000
RPVOMLMKJIKGFDA87DA,西松段二小段,5.04,都市：其他:第二種商業區。,300000,1407,持分移轉,07220000
RPVOMLMKJIKGFDA87DA,西松段二小段,4.31,都市：其他:第三種住宅區。,300000,1407,持分移轉,07220001
RPXPMLSLIIKGFCA68DA,潭美段五小段,28.19,都市：其他:住商混合區,100000,1616,持分移轉,01120000
RPPRMLRKKIKGFEA28DA,軟橋段,21.70,都市：其他:第三之二種住宅區(特)。,43000,406,持分移轉,00400000
RPPRMLRKKIKGFEA28DA,軟橋段,9.48,都市：其他:第三種住宅區。,43000,406,持分移轉,00410000
RPTTMLRKKIKGFEA88DA,軟橋段,21.70,都市：其他:第三之二種住宅區(特)。,21500,203,持分移轉,00400000
RPTTMLRKKIKGFEA88DA,軟橋段,9.48,都市：其他:第三種住宅區。,21500,203,持分移轉,00410000
RPQOMLPKKIKGFEA87DA,軟橋段,26.18,都市：其他:第三之二種住宅區(特)。,21500,245,持分移轉,00400000
RPSQMLTJKIKGFEA58DA,軟橋段,26.18,都市：其他:第三之二種住宅區(特)。,21500,245,持分移轉,00400000
RPPOMLTJKIKGFEA08DA,軟橋段,26.18,都市：其他:第三之二種住宅區(特)。,21500,245,持分移轉,00400000
RPQOMLPKKIKGFEA87DA,軟橋段,11.44,都市：其他:第三種住宅區。,21500,245,持分移轉,00410000
RPSQMLTJKIKGFEA58DA,軟橋段,11.44,都市：其他:第三種住宅區。,21500,245,持分移轉,00410000
RPPOMLTJKIKGFEA08DA,軟橋段,11.44,都市：其他:第三種住宅區。,21500,245,持分移轉,00410000
RPWOMLKKKIKGFDA87DA,信義段一小段,1.60,都市：其他:第三種住宅區。,100000,1303,持分移轉,04160000
RPWOMLKKKIKGFDA87DA,信義段一小段,8.18,都市：其他:第三之一種住宅區。,100000,1303,持分移轉,04340000
RPXRMLRKKIKGFEA09DA,軟橋段,21.70,都市：其他:第三之二種住宅區(特)。,21500,203,持分移轉,00400000
RPXRMLRKKIKGFEA09DA,軟橋段,9.48,都市：其他:第三種住宅區。,21500,203,持分移轉,00410000
RPURMLRKKIKGFEA78DA,軟橋段,21.70,都市：其他:第三之二種住宅區(特)。,21500,203,持分移轉,00400000
RPURMLRKKIKGFEA78DA,軟橋段,9.48,都市：其他:第三種住宅區。,21500,203,持分移轉,00410000
RPTOMLSLIIKGFCA18DA,潭美段五小段,24.76,都市：其他:住商混合區,100000,1419,持分移轉,01120000
RPTUMLRKKIKGFEA98DA,軟橋段,21.70,都市：其他:第三之二種住宅區(特)。,21500,203,持分移轉,00400000
RPTUMLRKKIKGFEA98DA,軟橋段,9.48,都市：其他:第三種住宅區。,21500,203,持分移轉,00410000
RPPPMLLLJHLGFEA47DA,文林段三小段,24.70,,10000,247,持分移轉,09790000
RPPOMLMLKIKGFEA57DA,軟橋段,21.70,都市：其他:第三之二種住宅區(特)。,21500,203,持分移轉,00400000
RPPOMLMLKIKGFEA57DA,軟橋段,9.48,都市：其他:第三種住宅區。,21500,203,持分移轉,00410000
RPUOMLRLJHLGFDA38DA,中南段二小段,17.78,都市：其他:第三種住宅區。,1000000,10363,持分移轉,06080000
RPWOMLRKKIKGFDA58DA,西松段二小段,2.68,都市：其他:第二種商業區。,100000,249,持分移轉,07220000
RPWOMLRKKIKGFDA58DA,西松段二小段,2.29,都市：其他:第三種住宅區。,100000,249,持分移轉,07220001
RPTPMLRLJHLGFDA38DA,中南段二小段,14.14,都市：其他:第三種住宅區。,1000000,8241,持分移轉,06080000
RPQOMLQKJHLGFFA97DA,辛亥段四小段,33.73,都市：其他:第三種住宅區。,10000,324,持分移轉,07700000
RPPNMLMKKHLGFAA07EA,南海段一小段,12.62,都市：其他:第參種商業區(依都市計畫說明書圖規定辦理，始得作第參種商業區使用)(原屬第貳種商業區)。,100000,1643,持分移轉,08250000
RPWQMLRKKIKGFEA88DA,軟橋段,21.70,都市：其他:第三之二種住宅區(特)。,21500,203,持分移轉,00400000
RPPNMLMKKHLGFAA07EA,南海段一小段,1.13,都市：其他:第三種住宅區。,100000,1643,持分移轉,08260000
RPWQMLRKKIKGFEA88DA,軟橋段,9.48,都市：其他:第三種住宅區。,21500,203,持分移轉,00410000
RPPNMLSLJHLGFDA87DA,中南段二小段,18.50,都市：其他:第三種住宅區。,1000000,10780,持分移轉,06080000
RPPUMLRKKIKGFEA58DA,軟橋段,21.70,都市：其他:第三之二種住宅區(特)。,21500,203,持分移轉,00400000
RPPUMLRKKIKGFEA58DA,軟橋段,9.48,都市：其他:第三種住宅區。,21500,203,持分移轉,00410000
RPPNMLQKKIKGFEA77DA,軟橋段,26.18,都市：其他:第三之二種住宅區(特)。,21500,245,持分移轉,00400000
RPORMLRKKIKGFEA18DA,軟橋段,21.70,都市：其他:第三之二種住宅區(特)。,43000,406,持分移轉,00400000
RPPNMLQKKIKGFEA77DA,軟橋段,11.44,都市：其他:第三種住宅區。,21500,245,持分移轉,00410000
RPORMLRKKIKGFEA18DA,軟橋段,9.48,都市：其他:第三種住宅區。,43000,406,持分移轉,00410000
RPXOMLPKKIKGFEA58DA,軟橋段,26.18,都市：其他:第三之二種住宅區(特)。,21500,245,持分移轉,00400000
RPXOMLPKKIKGFEA58DA,軟橋段,11.44,都市：其他:第三種住宅區。,21500,245,持分移轉,00410000
RPTRMLRKKIKGFEA68DA,軟橋段,21.70,都市：其他:第三之二種住宅區(特)。,21500,203,持分移轉,00400000
RPTRMLRKKIKGFEA68DA,軟橋段,9.48,都市：其他:第三種住宅區。,21500,203,持分移轉,00410000
RPSRMLRKKIKGFEA58DA,軟橋段,21.70,都市：其他:第三之二種住宅區(特)。,21500,203,持分移轉,00400000
RPSRMLRKKIKGFEA58DA,軟橋段,9.48,都市：其他:第三種住宅區。,21500,203,持分移轉,00410000
RPWPMLSLIIKGFCA58DA,潭美段五小段,28.19,都市：其他:住商混合區,100000,1616,持分移轉,01120000
RPSOMLQKKIKGFEA18DA,軟橋段,26.18,都市：其他:第三之二種住宅區(特)。,21500,245,持分移轉,00400000
RPSOMLQKKIKGFEA18DA,軟橋段,11.44,都市：其他:第三種住宅區。,21500,245,持分移轉,00410000
RPVNMLTKKIKGFCA48DA,北安段三小段,1.99,都市：其他:第三種住宅區。,10000,96,持分移轉,09190000
RPVNMLRLJHLGFFA58DA,龍泉段三小段,12.10,都市：其他:第三種住宅區。,10,1,持分移轉,04300000
RPVNMLTKKIKGFCA48DA,北安段三小段,.34,都市：其他:第三種住宅區。,10000,96,持分移轉,09190001
RPVNMLTKKIKGFCA48DA,北安段三小段,.80,都市：其他:第三種住宅區。,10000,96,持分移轉,09190002
RPVNMLTKKIKGFCA48DA,北安段三小段,15.66,都市：其他:第三之二種住宅區。,10000,96,持分移轉,09200000
RPVNMLTKKIKGFCA48DA,北安段三小段,.04,都市：其他:第三之二種住宅區。,10000,96,持分移轉,09200001
RPVNMLTKKIKGFCA48DA,北安段三小段,1.20,都市：其他:第三之二種住宅區。,10000,96,持分移轉,09200002
RPVNMLTKKIKGFCA48DA,北安段三小段,.01,都市：其他:第三之二種住宅區。,10000,96,持分移轉,09210000
RPTPMLPKKIKGFEA28DA,軟橋段,26.18,都市：其他:第三之二種住宅區(特)。,21500,245,持分移轉,00400000
RPWNMLLLKIKGFBA77DA,漢中段三小段,8.32,都市：其他:第四種商業區。,10000,198,持分移轉,08950000
RPTPMLPKKIKGFEA28DA,軟橋段,11.44,都市：其他:第三種住宅區。,21500,245,持分移轉,00410000
RPTNMLQKKIKGFEA18DA,軟橋段,26.18,都市：其他:第三之二種住宅區(特)。,43000,490,持分移轉,00400000
RPTNMLQKKIKGFEA18DA,軟橋段,11.44,都市：其他:第三種住宅區。,43000,490,持分移轉,00410000
RPPTMLSLIIKGFCA28DA,潭美段五小段,28.19,都市：其他:住商混合區(為容積接收區)。,100000,1616,持分移轉,01120000
RPWPMLTJKIKGFEA88DA,軟橋段,26.18,都市：其他:第三之二種住宅區(特)。,21500,245,持分移轉,00400000
RPPOMLRLJHLGFDA87DA,中南段二小段,14.14,都市：其他:第三種住宅區。,1000000,8241,持分移轉,06080000
RPWPMLTJKIKGFEA88DA,軟橋段,11.44,都市：其他:第三種住宅區。,21500,245,持分移轉,00410000
RPWNMLTLJHLGFDA68DA,中南段二小段,18.53,都市：其他:第三種住宅區。,1000000,10798,持分移轉,06080000
RPQPMLTJKIKGFEA28DA,軟橋段,26.18,都市：其他:第三之二種住宅區(特)。,21500,245,持分移轉,00400000
RPQPMLTJKIKGFEA28DA,軟橋段,11.44,都市：其他:第三種住宅區。,21500,245,持分移轉,00410000
RPXQMLRKKIKGFEA98DA,軟橋段,21.70,都市：其他:第三之二種住宅區(特)。,43000,406,持分移轉,00400000
RPXQMLRKKIKGFEA98DA,軟橋段,9.48,都市：其他:第三種住宅區。,43000,406,持分移轉,00410000
RPUNMLQKKIKGFEA28DA,軟橋段,26.18,都市：其他:第三之二種住宅區(特)。,21500,245,持分移轉,00400000
RPUNMLQKKIKGFEA28DA,軟橋段,11.44,都市：其他:第三種住宅區。,21500,245,持分移轉,00410000
RPRPMLTJKIKGFEA38DA,軟橋段,26.18,都市：其他:第三之二種住宅區(特)。,21500,245,持分移轉,00400000
RPRPMLTJKIKGFEA38DA,軟橋段,11.44,都市：其他:第三種住宅區。,21500,245,持分移轉,00410000
RPPTMLRKKIKGFEA48DA,軟橋段,21.70,都市：其他:第三之二種住宅區(特)。,21500,203,持分移轉,00400000
RPPTMLRKKIKGFEA48DA,軟橋段,9.48,都市：其他:第三種住宅區。,21500,203,持分移轉,00410000
RPQUMLRKKIKGFEA68DA,軟橋段,21.70,都市：其他:第三之二種住宅區(特)。,21500,203,持分移轉,00400000
RPQUMLRKKIKGFEA68DA,軟橋段,9.48,都市：其他:第三種住宅區。,21500,203,持分移轉,00410000
RPQRMLRKKIKGFEA38DA,軟橋段,21.70,都市：其他:第三之二種住宅區(特)。,21500,203,持分移轉,00400000
RPQRMLRKKIKGFEA38DA,軟橋段,9.48,都市：其他:第三種住宅區。,21500,203,持分移轉,00410000
RPWQMLSLJHLGFDA88DA,中南段二小段,14.14,都市：其他:第三種住宅區。,1000000,8241,持分移轉,06080000
RPUOMLQLJHLGFCA18DA,碧湖段四小段,54.17,都市：其他:第二種住宅區,100000,9554,持分移轉,09620000
RPWQMLSLIIKGFCA68DA,潭美段五小段,16.15,都市：其他:住商混合區,100000,926,持分移轉,01120000
RPRUMLRKKIKGFEA78DA,軟橋段,21.70,都市：其他:第三之二種住宅區(特)。,21500,203,持分移轉,00400000
RPRUMLRKKIKGFEA78DA,軟橋段,9.48,都市：其他:第三種住宅區。,21500,203,持分移轉,00410000
RPUPMLTJKIKGFEA68DA,軟橋段,21.70,都市：其他:第三之二種住宅區(特),21500,203,持分移轉,00400000
RPUPMLTJKIKGFEA68DA,軟橋段,9.48,都市：其他:第三種住宅區。,21500,203,持分移轉,00410000
SPUPMLTJKIKGFEA78DA,軟橋段,26.18,都市：其他:第三之二種住宅區(特),21500,245,持分移轉,00400000
SPUPMLTJKIKGFEA78DA,軟橋段,11.44,都市：其他:第三種住宅區。,21500,245,持分移轉,00410000
RPROMLQKKIKGFEA08DA,軟橋段,26.18,都市：其他:第三之二種住宅區(特)。,21500,245,持分移轉,00400000
RPROMLQKKIKGFEA08DA,軟橋段,11.44,都市：其他:第三種住宅區。,21500,245,持分移轉,00410000
RPOOMLSLIIKGFCA67DA,潭美段五小段,24.76,都市：其他:住商混合區,100000,1419,持分移轉,01120000
RPOOMLOJLHLGFEA57DA,軟橋段,21.70,都市：其他:第三之二種住宅區(特)。,21500,203,持分移轉,00400000
RPOOMLOJLHLGFEA57DA,軟橋段,9.48,都市：其他:第三種住宅區。,21500,203,持分移轉,00410000
RPQNMLKKKIKGFBA07EA,雙園段三小段,18.06,都市：其他:第三種住宅區。,100000,1765,持分移轉,04060000
RPVNMLLLKIKGFBA67DA,漢中段三小段,8.32,都市：其他:第四種商業區。,10000,198,持分移轉,08950000
RPVOMLPKKIKGFEA38DA,軟橋段,25.33,都市：其他:第三之二種住宅區(特)。,21500,237,持分移轉,00400000
RPVOMLPKKIKGFEA38DA,軟橋段,11.07,都市：其他:第三種住宅區。,21500,237,持分移轉,00410000
RPUPMLPKKIKGFEA38DA,軟橋段,26.18,都市：其他:第三之二種住宅區(特)。,21500,245,持分移轉,00400000
RPUPMLPKKIKGFEA38DA,軟橋段,11.44,都市：其他:第三種住宅區。,21500,245,持分移轉,00410000
RPXNMLLLKIKGFBA87DA,漢中段三小段,9.53,都市：其他:第四種商業區。,10000,227,持分移轉,08950000
RPOOMLLLKIKGFBA07DA,漢中段三小段,13.90,都市：其他:第四種商業區。,10000,331,持分移轉,08950000
RPVPMLPJJHLGFDA18DA,寶清段一小段,16.73,都市：其他:第三種住宅區。,10000,35,持分移轉,00570013
RPROMLTJKIKGFEA28DA,軟橋段,26.18,都市：其他:第三之二種住宅區(特)。,21500,245,持分移轉,00400000
RPROMLTJKIKGFEA28DA,軟橋段,11.44,都市：其他:第三種住宅區。,21500,245,持分移轉,00410000
RPTSMLSLIIKGFCA58DA,潭美段五小段,28.19,都市：其他:住商混合區,100000,1616,持分移轉,01120000
RPRPMLQLJHLGFCA97DA,碧湖段四小段,33.08,都市：其他:第二種住宅區,100000,5834,持分移轉,09620000
RPRPMLSLIIKGFCA08DA,潭美段五小段,28.19,都市：其他:住商混合區,100000,1616,持分移轉,01120000
RPQNMLLLKIKGFBA17DA,漢中段三小段,9.63,都市：其他:第四種商業區。,31880000,730662,持分移轉,08950000
RPQNMLLLKIKGFBA17DA,漢中段三小段,2.22,都市：其他:第四種商業區。,31880000,168354,持分移轉,08950000
RPSNMLLLKIKGFBA37DA,漢中段三小段,8.32,都市：其他:第四種商業區。,10000,198,持分移轉,08950000
RPRNMLQJKHLGFFA97DA,辛亥段四小段,28.84,都市：其他:第三種住宅區。,10000,277,持分移轉,07700000
RPTNMLLLKIKGFBA47DA,漢中段三小段,8.23,都市：其他:第四種商業區。,10000,196,持分移轉,08950000
RPPOMLQKKIKGFDA87EA,經貿段,44.50,都市：其他:住宅區(供住宅使用)。,1000000,14296,持分移轉,00080000
RPUNMLLLKIKGFBA57DA,漢中段三小段,8.23,都市：其他:第四種商業區。,10000,196,持分移轉,08950000
RPSRMLSLIIKGFCA38DA,潭美段五小段,16.15,都市：其他:住商混合區,100000,926,持分移轉,01120000
RPQNMLSJKIKGFDA97EA,經貿段,28.25,都市：其他:住宅區(供住宅使用)。,1000000,9077,持分移轉,00080000
RPPPMLQLJHLGFCA77DA,碧湖段四小段,33.08,都市：其他:第二種住宅區,100000,5834,持分移轉,09620000
RPPQMLRLJHLGFDA08DA,南港段四小段,110.63,都市：其他:特定專用區,100000,354,持分移轉,05660000
RPQNMLQLKHLGFFA08DA,辛亥段四小段,33.21,都市：其他:第三種住宅區。,10000,319,持分移轉,07700000
RPWTMLSLIIKGFCA98DA,潭美段五小段,24.76,都市：其他:住商混合區,100000,1419,持分移轉,01120000
RPSNMLSJKIKGFDA18EA,經貿段,28.22,都市：其他:住宅區(供住宅使用)。,1000000,9067,持分移轉,00080000
RPTNMLSJKIKGFDA28EA,經貿段,28.25,都市：其他:住宅區(供住宅使用)。,1000000,9077,持分移轉,00080000
RPRNMLSJKIKGFDA08EA,經貿段,28.25,都市：其他:住宅區(供住宅使用)。,1000000,9077,持分移轉,00080000
RPTNMLMKKHLGFAA47EA,南海段一小段,12.60,都市：其他:第參種商業區(依都市計畫說明書圖規定辦理，始得作第參種商業區使用)(原屬第貳種商業區)。,100000,1641,持分移轉,08250000
RPTNMLMKKHLGFAA47EA,南海段一小段,1.13,都市：其他:第三種住宅區。,100000,1641,持分移轉,08260000
RPWNMLSJKIKGFDA58EA,經貿段,44.50,都市：其他:住宅區(供住宅使用)。,1000000,14296,持分移轉,00080000
RPUNMLMKKHLGFAA57EA,南海段一小段,12.89,都市：其他:第參種商業區(依都市計畫說明書圖規定辦理，始得作第參種商業區使用)(原屬第貳種商業區)。,100000,1678,持分移轉,08250000
RPUNMLMKKHLGFAA57EA,南海段一小段,1.16,都市：其他:第三種住宅區。,100000,1678,持分移轉,08260000
RPXNMLSJKIKGFDA68EA,經貿段,28.47,都市：其他:住宅區(供住宅使用)。,1000000,9145,持分移轉,00080000
RPVNMLSJKIKGFDA48EA,經貿段,36.21,都市：其他:住宅區(供住宅使用)。,1000000,11634,持分移轉,00080000
RPUNMLSJKIKGFDA38EA,經貿段,28.47,都市：其他:住宅區(供住宅使用)。,1000000,9145,持分移轉,00080000
RPXOMLSLIIKGFCA58DA,潭美段五小段,24.76,都市：其他:住商混合區,100000,1419,持分移轉,01120000
RPTNMLNKJIKGFDA77EA,經貿段,28.22,都市：其他:住宅區(供住宅使用)。,1000000,9067,持分移轉,00080000
RPSNMLNKJIKGFDA67EA,經貿段,28.22,都市：其他:住宅區(供住宅使用)。,1000000,9067,持分移轉,00080000
RPUNMLNKJIKGFDA87EA,經貿段,36.21,都市：其他:住宅區(供住宅使用)。,1000000,11634,持分移轉,00080000
RPXNMLLKKIKGFDA08EA,經貿段,36.21,都市：其他:住宅區(供住宅使用)。,1000000,11634,持分移轉,00080000
RPOOMLLKKIKGFDA27EA,經貿段,44.50,都市：其他:住宅區(供住宅使用)。,1000000,14296,持分移轉,00080000
RPSOMLLKKIKGFDA67EA,經貿段,28.47,都市：其他:住宅區(供住宅使用)。,1000000,9145,持分移轉,00080000
RPQOMLLKKIKGFDA47EA,經貿段,28.47,都市：其他:住宅區(供住宅使用)。,1000000,9145,持分移轉,00080000
RPUOMLLKKIKGFDA87EA,經貿段,36.21,都市：其他:住宅區(供住宅使用)。,1000000,11634,持分移轉,00080000
RPPOMLLKKIKGFDA37EA,經貿段,43.67,都市：其他:住宅區(供住宅使用)。,1000000,14030,持分移轉,00080000
RPTOMLLKKIKGFDA77EA,經貿段,28.47,都市：其他:住宅區(供住宅使用)。,1000000,9145,持分移轉,00080000
RPROMLLKKIKGFDA57EA,經貿段,28.22,都市：其他:住宅區(供住宅使用)。,1000000,9067,持分移轉,00080000
RPUNMLQKKIKGFDA28EA,經貿段,28.22,都市：其他:住宅區(供住宅使用)。,1000000,9067,持分移轉,00080000
RPOOMLQKKIKGFDA77EA,經貿段,28.25,都市：其他:住宅區(供住宅使用)。,1000000,9077,持分移轉,00080000
RPWNMLQKKIKGFDA48EA,經貿段,28.47,都市：其他:住宅區(供住宅使用)。,1000000,9145,持分移轉,00080000
RPSNMLQKKIKGFDA08EA,經貿段,44.50,都市：其他:住宅區(供住宅使用)。,1000000,14296,持分移轉,00080000
RPXNMLQKKIKGFDA58EA,經貿段,28.25,都市：其他:住宅區(供住宅使用)。,1000000,9077,持分移轉,00080000
RPTNMLQKKIKGFDA18EA,經貿段,28.25,都市：其他:住宅區(供住宅使用)。,1000000,9077,持分移轉,00080000
RPVQMLLJRHKGFBA38DA,莒光段三小段,26.70,都市：其他:第三種住宅區。,10000,130,持分移轉,04760000
RPQNMLNKJHLGFDA37DA,經貿段,28.47,都市：其他:住宅區(供住宅使用)。,1000000,9145,持分移轉,00080000
RPQOMLQKKIKGFDA97EA,經貿段,36.21,都市：其他:住宅區(供住宅使用)。,1000000,11634,持分移轉,00080000
RPTNMLNKJHLGFDA67DA,經貿段,28.25,都市：其他:住宅區(供住宅使用)。,1000000,9077,持分移轉,00080000
RPUNMLNKJHLGFDA77DA,經貿段,36.21,都市：其他:住宅區(供住宅使用)。,1000000,11634,持分移轉,00080000
RPSNMLNKJHLGFDA57DA,經貿段,44.50,都市：其他:住宅區(供住宅使用)。,1000000,14296,持分移轉,00080000
RPQOMLQJJHLGFDA77EA,經貿段,28.47,都市：其他:住宅區(供住宅使用)。,1000000,9145,持分移轉,00080000
RPWNMLQJJHLGFDA28EA,經貿段,28.25,都市：其他:住宅區(供住宅使用)。,1000000,9077,持分移轉,00080000
RPXNMLQJJHLGFDA38EA,經貿段,28.25,都市：其他:住宅區(供住宅使用)。,1000000,9077,持分移轉,00080000
RPUQMLSLIIKGFCA48DA,潭美段五小段,28.19,都市：其他:住商混合區,100000,1616,持分移轉,01120000
RPOOMLQJJHLGFDA57EA,經貿段,36.21,都市：其他:住宅區(供住宅使用)。,1000000,11634,持分移轉,00080000
RPVNMLQJJHLGFDA18EA,經貿段,28.25,都市：其他:住宅區(供住宅使用)。,1000000,9077,持分移轉,00080000
RPPOMLQJJHLGFDA67EA,經貿段,28.22,都市：其他:住宅區(供住宅使用)。,1000000,9067,持分移轉,00080000
RPTUMLSLIIKGFCA78DA,潭美段五小段,28.19,都市：其他:住商混合區,100000,1616,持分移轉,01120000
RPROMLQJJHLGFDA87EA,經貿段,28.47,都市：其他:住宅區(供住宅使用)。,1000000,9145,持分移轉,00080000
RPVNMLNKJHLGFDA87DA,經貿段,36.21,都市：其他:住宅區(供住宅使用)。,1000000,11634,持分移轉,00080000
RPXNMLNKJHLGFDA08DA,經貿段,28.22,都市：其他:住宅區(供住宅使用)。,1000000,9067,持分移轉,00080000
RPPOMLNKJHLGFDA37DA,經貿段,44.50,都市：其他:住宅區(供住宅使用)。,1000000,14296,持分移轉,00080000
RPWNMLNKJHLGFDA97DA,經貿段,36.21,都市：其他:住宅區(供住宅使用)。,1000000,11634,持分移轉,00080000
RPXRMLSLIIKGFCA88DA,潭美段五小段,16.15,都市：其他:住商混合區,100000,926,持分移轉,01120000
RPVNMLNKJIKGFDA97EA,經貿段,44.50,都市：其他:住宅區(供住宅使用)。,1000000,14296,持分移轉,00080000
RPSNMLOKJHLGFDA67DA,經貿段,28.47,都市：其他:住宅區(供住宅使用)。,1000000,9145,持分移轉,00080000
RPXOMLQJJHLGFDA48EA,經貿段,44.50,都市：其他:住宅區(供住宅使用)。,1000000,14296,持分移轉,00080000
RPRNMLOKJHLGFDA57DA,經貿段,28.47,都市：其他:住宅區(供住宅使用)。,1000000,9145,持分移轉,00080000
RPOPMLQJJHLGFDA67EA,經貿段,28.22,都市：其他:住宅區(供住宅使用)。,1000000,9067,持分移轉,00080000
RPQNMLOKJHLGFDA47DA,經貿段,28.25,都市：其他:住宅區(供住宅使用)。,1000000,9077,持分移轉,00080000
RPUOMLSLIIKGFCA28DA,潭美段五小段,24.76,都市：其他:住商混合區,100000,1419,持分移轉,01120000
RPQOMLMLJHLGFEA57DA,文林段五小段,9.55,都市：其他:第三之二種住宅區。,10000,97,持分移轉,03120000
RPURMLSLIIKGFCA58DA,潭美段五小段,16.15,都市：其他:住商混合區,100000,926,持分移轉,01120000
RPRNMLRKJHLGFAA57DA,萬慶段二小段,9.96,都市：其他:第一種商業區。,10000,260,持分移轉,06790000
RPSOMLQLJHLGFCA97DA,碧湖段四小段,54.17,都市：其他:第二種住宅區,100000,9553,持分移轉,09620000
RPRPMLQJJHLGFDA97EA,經貿段,28.47,都市：其他:住宅區(供住宅使用)。,1000000,9145,持分移轉,00080000
RPPPMLQJJHLGFDA77EA,經貿段,44.50,都市：其他:住宅區(供住宅使用)。,1000000,14296,持分移轉,00080000
RPQPMLQJJHLGFDA87EA,經貿段,28.22,都市：其他:住宅區(供住宅使用)。,1000000,9067,持分移轉,00080000
RPSPMLQJJHLGFDA08EA,經貿段,28.25,都市：其他:住宅區(供住宅使用)。,1000000,9077,持分移轉,00080000
RPTOMLLLJHLGFEA77DA,文林段三小段,14.50,,10000,145,持分移轉,09790000
RPPNMLLMJHLGFDA27DA,經貿段,36.21,都市：其他:住宅區(供住宅使用)。,1000000,11634,持分移轉,00080000
RPUNMLSJKHLGFDA28DA,經貿段,36.21,都市：其他:住宅區(供住宅使用)。,1000000,11634,持分移轉,00080000
RPQNMLSJKHLGFDA87DA,經貿段,44.50,都市：其他:住宅區(供住宅使用)。,1000000,14296,持分移轉,00080000
RPPOMLKMJHLGFDA27DA,經貿段,36.21,都市：其他:住宅區(供住宅使用)。,1000000,11634,持分移轉,00080000
RPVNMLSJKHLGFDA38DA,經貿段,28.47,都市：其他:住宅區(供住宅使用)。,1000000,9145,持分移轉,00080000
RPWNMLSJKHLGFDA48DA,經貿段,36.21,都市：其他:住宅區(供住宅使用)。,1000000,11634,持分移轉,00080000
RPXNMLSJKHLGFDA58DA,經貿段,36.21,都市：其他:住宅區(供住宅使用)。,1000000,11634,持分移轉,00080000
RPTNMLSJKHLGFDA18DA,經貿段,28.22,都市：其他:住宅區(供住宅使用)。,1000000,9067,持分移轉,00080000
RPRNMLSJKHLGFDA97DA,經貿段,44.50,都市：其他:住宅區(供住宅使用)。,1000000,14296,持分移轉,00080000
RPTOMLSJKHLGFDA28DA,經貿段,36.21,都市：其他:住宅區(供住宅使用)。,1000000,11634,持分移轉,00080000
RPQOMLSJKHLGFDA97DA,經貿段,28.47,都市：其他:住宅區(供住宅使用)。,1000000,9145,持分移轉,00080000
RPSOMLSJKHLGFDA18DA,經貿段,44.50,都市：其他:住宅區(供住宅使用)。,1000000,14296,持分移轉,00080000
RPOOMLSJKHLGFDA77DA,經貿段,44.50,都市：其他:住宅區(供住宅使用)。,1000000,14296,持分移轉,00080000
RPPOMLSJKHLGFDA87DA,經貿段,44.50,都市：其他:住宅區(供住宅使用)。,1000000,14296,持分移轉,00080000
RPTOMLQLJHLGFCA08DA,碧湖段四小段,54.17,都市：其他:第二種住宅區,100000,9554,持分移轉,09620000
RPROMLSJKHLGFDA08DA,經貿段,28.22,都市：其他:住宅區(供住宅使用)。,1000000,9067,持分移轉,00080000
RPVOMLQLJHLGFCA28DA,碧湖段四小段,54.17,都市：其他:第二種住宅區,100000,9554,持分移轉,09620000
RPUOMLSJKHLGFDA38DA,經貿段,28.44,都市：其他:住宅區(供住宅使用)。,1000000,9137,持分移轉,00080000
RPROMLNLJHLGFDA77EA,經貿段,28.25,都市：其他:住宅區(供住宅使用)。,1000000,9077,持分移轉,00080000
RPOOMLNLJHLGFDA47EA,經貿段,36.21,都市：其他:住宅區(供住宅使用)。,1000000,11634,持分移轉,00080000
RPWNMLNLJHLGFDA18EA,經貿段,28.25,都市：其他:住宅區(供住宅使用)。,1000000,9077,持分移轉,00080000
RPXNMLNLJHLGFDA28EA,經貿段,28.47,都市：其他:住宅區(供住宅使用)。,1000000,9145,持分移轉,00080000
RPTNMLKKKHLGFDA57EA,經貿段,28.22,都市：其他:住宅區(供住宅使用)。,1000000,9067,持分移轉,00080000
RPSSMLSLIIKGFCA48DA,潭美段五小段,28.19,都市：其他:住商混合區,100000,1616,持分移轉,01120000
RPRNMLLMIIKGFCA27DA,潭美段五小段,28.19,都市：其他:住商混合區,100000,1616,持分移轉,01120000
RPVNMLKKKHLGFDA77EA,經貿段,44.50,都市：其他:住宅區(供住宅使用)。,1000000,14296,持分移轉,00080000
RPUNMLKKKHLGFDA67EA,經貿段,28.22,都市：其他:住宅區(供住宅使用)。,1000000,9067,持分移轉,00080000
RPWNMLKKKHLGFDA87EA,經貿段,29.37,都市：其他:住宅區(供住宅使用)。,1000000,9436,持分移轉,00080000
RPVOMLSLIIKGFCA38DA,潭美段五小段,24.76,都市：其他:住商混合區,100000,1419,持分移轉,01120000
RPRRMLSLIIKGFCA28DA,潭美段五小段,16.15,都市：其他:住商混合區,100000,926,持分移轉,01120000
RPVPMLSLIIKGFCA48DA,潭美段五小段,28.19,都市：其他:住商混合區,100000,1616,持分移轉,01120000
RPVTMLSLIIKGFCA88DA,潭美段五小段,24.76,都市：其他:住商混合區,100000,1419,持分移轉,01120000
RPQSMLSLIIKGFCA28DA,潭美段五小段,28.19,都市：其他:住商混合區,100000,1616,持分移轉,01120000
RPTRMLSLIIKGFCA48DA,潭美段五小段,16.15,都市：其他:住商混合區(為容積接收區)。,100000,926,持分移轉,01120000
RPPRMLSLIIKGFCA08DA,潭美段五小段,16.15,都市：其他:住商混合區,100000,926,持分移轉,01120000
RPTQMLSLIIKGFCA38DA,潭美段五小段,28.19,都市：其他:住商混合區(為容積接收區)。,100000,1616,持分移轉,01120000
RPQQMLSLIIKGFCA08DA,潭美段五小段,28.19,都市：其他:住商混合區,100000,1616,持分移轉,01120000
RPPPMLSLIIKGFCA87DA,潭美段五小段,24.76,都市：其他:住商混合區,100000,1419,持分移轉,01120000
RPVSMLSLIIKGFCA78DA,潭美段五小段,28.19,都市：其他:住商混合區,100000,1616,持分移轉,01120000
RPUUMLSLIIKGFCA88DA,潭美段五小段,16.15,都市：其他:住商混合區,100000,926,持分移轉,01120000
RPOUMLSLIIKGFCA28DA,潭美段五小段,24.76,都市：其他:住商混合區(為容積接收區)。,100000,1419,持分移轉,01120000
RPUNMLMLJHLGFAA47DA,萬慶段二小段,12.83,都市：其他:第一種商業區。,10000,335,持分移轉,06790000
RPXOMLQLJHLGFCA48DA,碧湖段四小段,33.08,都市：其他:第二種住宅區,100000,5834,持分移轉,09620000
RPTPMLQLJHLGFCA18DA,碧湖段四小段,43.70,都市：其他:第二種住宅區,100000,7707,持分移轉,09620000
RPPOMLQJJHLGFDA57DA,西松段二小段,5.63,都市：其他:第二種商業區。,100000,524,持分移轉,07220000
RPPOMLQJJHLGFDA57DA,西松段二小段,4.82,都市：其他:第三種住宅區。,100000,524,持分移轉,07220001
RPRNMLOKJIKGFCA47DA,北安段三小段,1.20,都市：其他:第三種住宅區。,10000,58,持分移轉,09190000
RPRNMLOKJIKGFCA47DA,北安段三小段,.20,都市：其他:第三種住宅區。,10000,58,持分移轉,09190001
RPRNMLOKJIKGFCA47DA,北安段三小段,.48,都市：其他:第三種住宅區。,10000,58,持分移轉,09190002
RPRNMLOKJIKGFCA47DA,北安段三小段,9.46,都市：其他:第三之二種住宅區。,10000,58,持分移轉,09200000
RPRNMLOKJIKGFCA47DA,北安段三小段,.02,都市：其他:第三之二種住宅區。,10000,58,持分移轉,09200001
RPRNMLOKJIKGFCA47DA,北安段三小段,.72,都市：其他:第三之二種住宅區。,10000,58,持分移轉,09200002
RPRNMLOKJIKGFCA47DA,北安段三小段,.00,都市：其他:第三之二種住宅區。,10000,58,持分移轉,09210000
RPSNMLOJKHLGFDA67DA,西松段二小段,6.61,都市：其他:第二種商業區。,100000,615,持分移轉,07220000
RPSNMLOJKHLGFDA67DA,西松段二小段,5.65,都市：其他:第三種住宅區。,100000,615,持分移轉,07220001
RPOPMLPJJHLGFDA47DA,寶清段一小段,11.95,都市：其他:第三種住宅區。,10000,25,持分移轉,00570013
RPVPMLSLJHLGFBA48DA,漢中段三小段,3.25,都市：其他:第四種商業區,1000000000,8500000,持分移轉,09250000
RPQOMLRLJHLGFBA77DA,漢中段三小段,5.19,都市：其他:第四種商業區,1000000000,13580000,持分移轉,09250000
RPPNMLOJLHLGFAA27EA,南海段一小段,11.89,都市：其他:第參種商業區(依都市計畫說明書圖規定辦理，始得作第參種商業區使用)(原屬第貳種商業區)。,100000,1548,持分移轉,08250000
RPPNMLOJLHLGFAA27EA,南海段一小段,1.07,都市：其他:第三種住宅區。,100000,1548,持分移轉,08260000
RPWOMLRLJHLGFDA58DA,西松段二小段,5.04,都市：其他:第二種商業區。,100000,469,持分移轉,07220000
RPWOMLRLJHLGFDA58DA,西松段二小段,4.31,都市：其他:第三種住宅區。,100000,469,持分移轉,07220001
RPPOMLQJKHLGFAA37DA,萬芳段二小段,.54,都市：其他:第三種住宅區。,100000,902,持分移轉,06570006
RPPOMLQJKHLGFAA37DA,萬芳段二小段,62.68,都市：其他:第二種住宅區。,100000,902,持分移轉,06580000
RPPOMLQJKHLGFAA37DA,萬芳段二小段,.56,都市：其他:第三種住宅區。,100000,902,持分移轉,06580002
RPPOMLQJKHLGFAA37DA,萬芳段二小段,.27,都市：其他:第三種住宅區。,100000,902,持分移轉,06580003
RPOOMLLLJHLGFEA27DA,文林段三小段,25.30,,10000,253,持分移轉,09790000
RPPNMLRKKIKGFCA77EA,潭美段五小段,39.65,都市：其他:住宅區,10000,106,持分移轉,01390000
SPPNMLRKKIKGFCA87EA,潭美段五小段,30.30,都市：其他:住宅區,10000,81,持分移轉,01390000
RPTPMLLLJHLGFEA87DA,文林段三小段,21.60,,10000,216,持分移轉,09790000
RPUPMLSLJHLGFBA38DA,漢中段三小段,3.25,都市：其他:第四種商業區,1000000000,8500000,持分移轉,09250000
RPUPMLMJKHLGFBA67DA,漢中段三小段,4.36,都市：其他:第四種商業區,1000000000,11410000,持分移轉,09250000
RPXOMLMKJIKGFDA08DA,西松段二小段,2.68,都市：其他:第二種商業區。,100000,249,持分移轉,07220000
RPXOMLMKJIKGFDA08DA,西松段二小段,2.29,都市：其他:第三種住宅區。,100000,249,持分移轉,07220001
RPQQMLMJKHLGFBA37DA,漢中段三小段,3.25,都市：其他:第四種商業區,1000000000,8500000,持分移轉,09250000
RPQNMLRKKIKGFCA87EA,潭美段五小段,39.65,都市：其他:住宅區。,10000,106,持分移轉,01390000
RPPOMLQJJHLGFCA47DA,長安段四小段,20.04,都市：其他:第參種商業區(依都市計畫說明書圖規定辦理，始得作第參種商業區使用)(原屬第參種住宅區)。,10000,552,持分移轉,01250000
RPPOMLQJJHLGFCA47DA,長安段四小段,6.51,都市：其他:第參種商業區(依都市計畫說明書圖規定辦理，始得作第參種商業區使用)(原屬第貳種商業區)。,10000,552,持分移轉,01250001
RPXNMLRKKIKGFCA58EA,潭美段五小段,39.65,都市：其他:住宅區,10000,106,持分移轉,01390000
RPSOMLRKKIKGFCA18EA,潭美段五小段,39.65,都市：其他:住宅區。,10000,106,持分移轉,01390000
RPUNMLRKKIKGFCA28EA,潭美段五小段,39.65,都市：其他:住宅區。,10000,106,持分移轉,01390000
RPROMLRKKIKGFCA08EA,潭美段五小段,30.30,都市：其他:住宅區。,10000,81,持分移轉,01390000
SPXNMLRKKIKGFCA68EA,潭美段五小段,30.30,都市：其他:住宅區,10000,81,持分移轉,01390000
RPXOMLNJIIKGFCA87DA,北安段三小段,1.53,都市：其他:第三種住宅區。,10000,74,持分移轉,09190000
RPXOMLNJIIKGFCA87DA,北安段三小段,.26,都市：其他:第三種住宅區。,10000,74,持分移轉,09190001
RPXOMLNJIIKGFCA87DA,北安段三小段,.61,都市：其他:第三種住宅區。,10000,74,持分移轉,09190002
RPXOMLNJIIKGFCA87DA,北安段三小段,12.07,都市：其他:第三之二種住宅區。,10000,74,持分移轉,09200000
RPXOMLNJIIKGFCA87DA,北安段三小段,.03,都市：其他:第三之二種住宅區。,10000,74,持分移轉,09200001
RPXOMLNJIIKGFCA87DA,北安段三小段,.92,都市：其他:第三之二種住宅區。,10000,74,持分移轉,09200002
RPXOMLNJIIKGFCA87DA,北安段三小段,.00,都市：其他:第三之二種住宅區。,10000,74,持分移轉,09210000
RPQOMLRKKIKGFCA97EA,潭美段五小段,30.30,都市：其他:住宅區。,10000,81,持分移轉,01390000
RPRNMLRJJHLGFCA77EA,潭美段五小段,30.30,都市：其他:住宅區。,10000,81,持分移轉,01390000
RPVNMLRJJHLGFCA18EA,潭美段五小段,39.65,都市：其他:住宅區。,10000,106,持分移轉,01390000
RPSOMLTJJHLGFDA18DA,西松段二小段,5.46,都市：其他:第二種商業區。,100000,508,持分移轉,07220000
RPUNMLRJJHLGFCA08EA,潭美段五小段,30.30,都市：其他:住宅區。,10000,81,持分移轉,01390000
RPSOMLTJJHLGFDA18DA,西松段二小段,4.67,都市：其他:第三種住宅區。,100000,508,持分移轉,07220001
RPTNMLRJJHLGFCA97EA,潭美段五小段,39.65,都市：其他:住宅區。,10000,106,持分移轉,01390000
RPQOMLRJJHLGFCA77EA,潭美段五小段,30.30,都市：其他:住宅區。,10000,81,持分移轉,01390000
RPSNMLQJJHLGFAA47DA,萬慶段二小段,12.83,都市：其他:第一種商業區。,10000,335,持分移轉,06790000
RPXNMLRJJHLGFCA38EA,潭美段五小段,39.65,都市：其他:住宅區。,10000,106,持分移轉,01390000
RPOOMLPJJHLGFAA07DA,萬慶段二小段,12.83,都市：其他:第一種商業區。,10000,335,持分移轉,06790000
RPSPMLQLJHLGFCA08DA,碧湖段四小段,33.08,都市：其他:第二種住宅區,100000,5834,持分移轉,09620000
RPPPMLPJJHLGFDA57DA,寶清段一小段,12.43,都市：其他:第三種住宅區。,10000,26,持分移轉,00570013
RPUOMLKLJHLGFDA67DA,西松段二小段,5.46,都市：其他:第二種商業區。,100000,508,持分移轉,07220000
RPUOMLKLJHLGFDA67DA,西松段二小段,4.67,都市：其他:第三種住宅區。,100000,508,持分移轉,07220001
RPVNMLKLJHLGFCA67EA,潭美段五小段,30.30,都市：其他:住宅區。,10000,81,持分移轉,01390000
RPWPMLSLJHLGFBA58DA,漢中段三小段,3.25,都市：其他:第四種商業區,1000000000,8510000,持分移轉,09250000
RPOOMLSLJHLGFBA67DA,漢中段三小段,3.93,都市：其他:第四種商業區,1000000000,10280000,持分移轉,09250000
RPXNMLRLJHLGFAA28DA,萬慶段二小段,9.96,都市：其他:第一種商業區。,30000,780,持分移轉,06790000
RPQPMLRLJHLGFBA87DA,漢中段三小段,3.25,都市：其他:第四種商業區,1000000000,8500000,持分移轉,09250000
RPOOMLKLJHLGFCA07EA,潭美段五小段,39.65,都市：其他:住宅區。,10000,106,持分移轉,01390000
RPXNMLKLJHLGFCA87EA,潭美段五小段,39.65,都市：其他:住宅區。,10000,106,持分移轉,01390000
RPSNMLMKKHLGFAA37EA,南海段一小段,12.62,都市：其他:第參種商業區(依都市計畫說明書圖規定辦理，始得作第參種商業區使用)(原屬第貳種商業區)。,100000,1643,持分移轉,08250000
RPSNMLMKKHLGFAA37EA,南海段一小段,1.13,都市：其他:第三種住宅區。,100000,1643,持分移轉,08260000
RPVOMLTJKHLGFCA48DA,碧湖段四小段,53.98,都市：其他:第二種住宅區,100000,9520,持分移轉,09620000
RPROMLKLJHLGFCA37EA,潭美段五小段,30.30,都市：其他:住宅區。,10000,81,持分移轉,01390000
RPQOMLKLJHLGFCA27EA,潭美段五小段,30.30,都市：其他:住宅區。,10000,81,持分移轉,01390000
RPXOMLSLJHLGFBA58DA,漢中段三小段,4.34,都市：其他:第四種商業區,1000000000,11350000,持分移轉,09250000
RPQOMLKLJHLGFAA96DA,萬慶段二小段,9.96,都市：其他:第一種商業區。,10000,260,持分移轉,06790000
RPRNMLMKKHLGFAA27EA,南海段一小段,13.52,都市：其他:第參種商業區(依都市計畫說明書圖規定辦理，始得作第參種商業區使用)(原屬第貳種商業區)。,100000,1760,持分移轉,08250000
RPOQMLMJKHLGFBA17DA,漢中段三小段,4.34,都市：其他:第四種商業區,1000000000,11350000,持分移轉,09250000
RPRNMLMKKHLGFAA27EA,南海段一小段,1.21,都市：其他:第三種住宅區。,100000,1760,持分移轉,08260000
RPQNMLQJKHLGFAA37DA,萬芳段二小段,.62,都市：其他:第三種住宅區。,100000,1037,持分移轉,06570006
RPQNMLQJKHLGFAA37DA,萬芳段二小段,72.06,都市：其他:第二種住宅區。,100000,1037,持分移轉,06580000
RPSOMLQJKHLGFAA67DA,萬芳段二小段,.54,都市：其他:第三種住宅區。,100000,902,持分移轉,06570006
RPQNMLQJKHLGFAA37DA,萬芳段二小段,.64,都市：其他:第三種住宅區。,100000,1037,持分移轉,06580002
RPSOMLQJKHLGFAA67DA,萬芳段二小段,62.68,都市：其他:第二種住宅區。,100000,902,持分移轉,06580000
RPQNMLQJKHLGFAA37DA,萬芳段二小段,.31,都市：其他:第三種住宅區。,100000,1037,持分移轉,06580003
RPSOMLQJKHLGFAA67DA,萬芳段二小段,.56,都市：其他:第三種住宅區。,100000,902,持分移轉,06580002
RPSOMLQJKHLGFAA67DA,萬芳段二小段,.27,都市：其他:第三種住宅區。,100000,902,持分移轉,06580003
RPPOMLPKKIKGFDA67DA,西松段二小段,2.68,都市：其他:第二種商業區。,100000,249,持分移轉,07220000
RPSNMLQJKHLGFAA57DA,萬芳段二小段,.63,都市：其他:第三種住宅區。,100000,1042,持分移轉,06570006
RPSNMLQJKHLGFAA57DA,萬芳段二小段,72.41,都市：其他:第二種住宅區。,100000,1042,持分移轉,06580000
RPSNMLQJKHLGFAA57DA,萬芳段二小段,.65,都市：其他:第三種住宅區。,100000,1042,持分移轉,06580002
RPSNMLQJKHLGFAA57DA,萬芳段二小段,.31,都市：其他:第三種住宅區。,100000,1042,持分移轉,06580003
RPSNMLRKKIKGFCA08EA,潭美段五小段,39.65,都市：其他:住宅區,10000,106,持分移轉,01390000
RPTOMLOJKIKGFDA87DA,西松段二小段,2.96,都市：其他:第二種商業區。,100000,275,持分移轉,07220000
RPPOMLPKKIKGFDA67DA,西松段二小段,2.29,都市：其他:第三種住宅區。,100000,249,持分移轉,07220001
RPTOMLOJKIKGFDA87DA,西松段二小段,2.53,都市：其他:第三種住宅區。,100000,275,持分移轉,07220001
RPWNMLLKKIKGFDA87DA,西松段二小段,4.07,都市：其他:第二種商業區。,100000,379,持分移轉,07220000
RPWNMLLKKIKGFDA87DA,西松段二小段,3.48,都市：其他:第三種住宅區。,100000,379,持分移轉,07220001
RPRNMLRKKIKGFCA97EA,潭美段五小段,39.65,都市：其他:住宅區。,10000,106,持分移轉,01390000
RPXNMLQJKHLGFAA08DA,萬芳段二小段,.66,都市：其他:第三種住宅區。,100000,1107,持分移轉,06570006
RPXNMLQJKHLGFAA08DA,萬芳段二小段,76.93,都市：其他:第二種住宅區。,100000,1107,持分移轉,06580000
RPXNMLQJKHLGFAA08DA,萬芳段二小段,.69,都市：其他:第三種住宅區。,100000,1107,持分移轉,06580002
RPXNMLQJKHLGFAA08DA,萬芳段二小段,.33,都市：其他:第三種住宅區。,100000,1107,持分移轉,06580003
RPTNMLRKKIKGFCA18EA,潭美段五小段,39.65,都市：其他:住宅區。,10000,106,持分移轉,01390000
RPVNMLQJKHLGFAA87DA,萬芳段二小段,.67,都市：其他:第三種住宅區。,100000,1113,持分移轉,06570006
RPVNMLQJKHLGFAA87DA,萬芳段二小段,77.34,都市：其他:第二種住宅區。,100000,1113,持分移轉,06580000
RPVNMLQJKHLGFAA87DA,萬芳段二小段,.69,都市：其他:第三種住宅區。,100000,1113,持分移轉,06580002
RPVNMLQJKHLGFAA87DA,萬芳段二小段,.33,都市：其他:第三種住宅區。,100000,1113,持分移轉,06580003
SPSNMLRKKIKGFCA18EA,潭美段五小段,30.30,都市：其他:住宅區,10000,81,持分移轉,01390000
RPVOMLQJKHLGFAA97DA,萬芳段二小段,.39,都市：其他:第三種住宅區。,100000,654,持分移轉,06570006
RPVOMLQJKHLGFAA97DA,萬芳段二小段,45.45,都市：其他:第二種住宅區。,100000,654,持分移轉,06580000
RPVNMLRKKIKGFCA38EA,潭美段五小段,30.30,都市：其他:住宅區。,10000,81,持分移轉,01390000
RPVOMLQJKHLGFAA97DA,萬芳段二小段,.41,都市：其他:第三種住宅區。,100000,654,持分移轉,06580002
RPVOMLQJKHLGFAA97DA,萬芳段二小段,.20,都市：其他:第三種住宅區。,100000,654,持分移轉,06580003
RPTPMLQJKHLGFAA87DA,萬芳段二小段,.40,都市：其他:第三種住宅區。,100000,664,持分移轉,06570006
RPTPMLQJKHLGFAA87DA,萬芳段二小段,46.14,都市：其他:第二種住宅區。,100000,664,持分移轉,06580000
RPTPMLQJKHLGFAA87DA,萬芳段二小段,.41,都市：其他:第三種住宅區。,100000,664,持分移轉,06580002
RPXOMLQJKHLGFAA18DA,萬芳段二小段,.40,都市：其他:第三種住宅區。,100000,665,持分移轉,06570006
RPTPMLQJKHLGFAA87DA,萬芳段二小段,.20,都市：其他:第三種住宅區。,100000,664,持分移轉,06580003
RPXOMLQJKHLGFAA18DA,萬芳段二小段,46.21,都市：其他:第二種住宅區。,100000,665,持分移轉,06580000
RPXOMLQJKHLGFAA18DA,萬芳段二小段,.41,都市：其他:第三種住宅區。,100000,665,持分移轉,06580002
RPXOMLQJKHLGFAA18DA,萬芳段二小段,.20,都市：其他:第三種住宅區。,100000,665,持分移轉,06580003
RPWNMLRKKIKGFCA48EA,潭美段五小段,39.65,都市：其他:住宅區。,10000,106,持分移轉,01390000
RPOOMLRKKIKGFCA77EA,潭美段五小段,39.65,都市：其他:住宅區。,10000,106,持分移轉,01390000
RPPOMLRKKIKGFCA87EA,潭美段五小段,39.65,都市：其他:住宅區。,10000,106,持分移轉,01390000
RPQNMLTLKIKGFBA08EA,雙園段三小段,15.87,都市：其他:第三種住宅區。,100000,1551,持分移轉,04060000
RPPNMLRJJHLGFCA57EA,潭美段五小段,39.65,都市：其他:住宅區。,10000,106,持分移轉,01390000
RPVNMLMKJHLGFAA47DA,萬慶段二小段,9.96,都市：其他:第一種商業區。,10000,260,持分移轉,06790000
RPQNMLRJJHLGFCA67EA,潭美段五小段,39.65,都市：其他:住宅區。,10000,106,持分移轉,01390000
RPPOMLRJJHLGFCA67EA,潭美段五小段,30.30,都市：其他:住宅區。,10000,81,持分移轉,01390000
RPSNMLRJJHLGFCA87EA,潭美段五小段,39.65,都市：其他:住宅區。,20000,212,持分移轉,01390000
RPROMLRJJHLGFCA87EA,潭美段五小段,30.30,都市：其他:住宅區。,10000,81,持分移轉,01390000
RPOOMLRJJHLGFCA57EA,潭美段五小段,39.65,都市：其他:住宅區。,10000,106,持分移轉,01390000
RPWNMLRJJHLGFCA28EA,潭美段五小段,39.65,都市：其他:住宅區。,10000,106,持分移轉,01390000
RPPOMLPJJHLGFAA17DA,萬慶段二小段,12.83,都市：其他:第一種商業區。,20000,670,持分移轉,06790000
RPSOMLRJJHLGFCA97EA,潭美段五小段,30.30,都市：其他:住宅區。,10000,81,持分移轉,01390000
RPXNMLPJJHLGFAA87DA,萬慶段二小段,7.09,都市：其他:第一種商業區。,10000,185,持分移轉,06790000
RPWNMLPJJHLGFAA77DA,萬慶段二小段,8.58,都市：其他:第一種商業區。,10000,224,持分移轉,06790000
RPPNMLKLJHLGFCA07EA,潭美段五小段,39.65,都市：其他:住宅區。,10000,106,持分移轉,01390000
RPTNMLQJJHLGFAA57DA,萬慶段二小段,12.83,都市：其他:第一種商業區。,10000,335,持分移轉,06790000
RPUNMLKLJHLGFCA57EA,潭美段五小段,30.30,都市：其他:住宅區。,20000,162,持分移轉,01390000
RPTOMLKLJHLGFCA57EA,潭美段五小段,39.65,都市：其他:住宅區。,10000,106,持分移轉,01390000
RPSOMLKLJHLGFCA47EA,潭美段五小段,39.65,都市：其他:住宅區。,10000,106,持分移轉,01390000
RPTNMLKLJHLGFCA47EA,潭美段五小段,30.30,都市：其他:住宅區。,10000,81,持分移轉,01390000
RPWNMLKLJHLGFCA77EA,潭美段五小段,30.30,都市：其他:住宅區。,10000,81,持分移轉,01390000
RPSNMLKLJHLGFCA37EA,潭美段五小段,30.30,都市：其他:住宅區。,10000,81,持分移轉,01390000
RPQNMLKLJHLGFCA17EA,潭美段五小段,39.65,都市：其他:住宅區。,10000,106,持分移轉,01390000
RPPOMLMKJHLGFAA96DA,萬慶段二小段,12.83,都市：其他:第一種商業區。,10000,335,持分移轉,06790000
RPPOMLKLJHLGFCA17EA,潭美段五小段,39.65,都市：其他:住宅區。,10000,106,持分移轉,01390000
RPQPMLLLJHLGFEA57DA,文林段三小段,24.70,,100000,2470,持分移轉,09790000
RPWNMLTKJHLGFAA28DA,萬慶段二小段,9.38,都市：其他:第一種商業區。,10000,245,持分移轉,06790000
RPRNMLKLJHLGFCA27EA,潭美段五小段,39.65,都市：其他:住宅區。,10000,106,持分移轉,01390000
RPWNMLMKJHLGFAA57DA,萬慶段二小段,9.96,都市：其他:第一種商業區。,10000,260,持分移轉,06790000
RPSPMLMJKHLGFBA47DA,漢中段三小段,4.36,都市：其他:第四種商業區,1000000000,11410000,持分移轉,09250000
RPRNMLTKJHLGFAA77DA,萬慶段二小段,9.92,都市：其他:第一種商業區。,10000,259,持分移轉,06790000
RPXNMLOKJHLGFAA87DA,萬慶段二小段,7.12,都市：其他:第一種商業區。,10000,186,持分移轉,06790000
RPXPMLMJKHLGFBA97DA,漢中段三小段,4.34,都市：其他:第四種商業區,1000000000,11350000,持分移轉,09250000
RPRQMLMJKHLGFBA47DA,漢中段三小段,5.69,都市：其他:第四種商業區,1000000000,14890000,持分移轉,09250000
RPRNMLSLJHLGFCA08EA,潭美段五小段,39.65,都市：其他:住宅區,10000,106,持分移轉,01390000
RPXOMLTLJHLGFBA68DA,漢中段三小段,5.69,都市：其他:第四種商業區,1000000000,14890000,持分移轉,09250000
RPRNMLQJKHLGFAA47DA,萬芳段二小段,.58,都市：其他:第三種住宅區。,100000,965,持分移轉,06570006
RPRNMLQJKHLGFAA47DA,萬芳段二小段,67.06,都市：其他:第二種住宅區。,100000,965,持分移轉,06580000
RPRNMLQJKHLGFAA47DA,萬芳段二小段,.60,都市：其他:第三種住宅區。,100000,965,持分移轉,06580002
RPRNMLQJKHLGFAA47DA,萬芳段二小段,.29,都市：其他:第三種住宅區。,100000,965,持分移轉,06580003
RPUNMLQJKHLGFAA77DA,萬芳段二小段,.62,都市：其他:第三種住宅區。,100000,1038,持分移轉,06570006
RPUNMLQJKHLGFAA77DA,萬芳段二小段,72.13,都市：其他:第二種住宅區。,100000,1038,持分移轉,06580000
RPUNMLQJKHLGFAA77DA,萬芳段二小段,.64,都市：其他:第三種住宅區。,100000,1038,持分移轉,06580002
TPRNMLSLJHLGFCA28EA,潭美段五小段,30.30,都市：其他:住宅區,10000,81,持分移轉,01390000
RPUNMLQJKHLGFAA77DA,萬芳段二小段,.31,都市：其他:第三種住宅區。,100000,1038,持分移轉,06580003
RPTNMLQJKHLGFAA67DA,萬芳段二小段,.59,都市：其他:第三種住宅區。,100000,980,持分移轉,06570006
SPRNMLSLJHLGFCA18EA,潭美段五小段,39.65,都市：其他:住宅區,10000,106,持分移轉,01390000
RPTNMLSLJHLGFCA28EA,潭美段五小段,39.65,都市：其他:住宅區。,10000,106,持分移轉,01390000
RPTNMLQJKHLGFAA67DA,萬芳段二小段,68.10,都市：其他:第二種住宅區。,100000,980,持分移轉,06580000
RPTNMLQJKHLGFAA67DA,萬芳段二小段,.61,都市：其他:第三種住宅區。,100000,980,持分移轉,06580002
RPROMLQJKHLGFAA57DA,萬芳段二小段,.59,都市：其他:第三種住宅區。,100000,979,持分移轉,06570006
RPTNMLQJKHLGFAA67DA,萬芳段二小段,.29,都市：其他:第三種住宅區。,100000,980,持分移轉,06580003
RPROMLQJKHLGFAA57DA,萬芳段二小段,68.03,都市：其他:第二種住宅區。,100000,979,持分移轉,06580000
RPTOMLQJKHLGFAA77DA,萬芳段二小段,.62,都市：其他:第三種住宅區。,100000,1041,持分移轉,06570006
RPROMLQJKHLGFAA57DA,萬芳段二小段,.61,都市：其他:第三種住宅區。,100000,979,持分移轉,06580002
RPTOMLQJKHLGFAA77DA,萬芳段二小段,72.34,都市：其他:第二種住宅區。,100000,1041,持分移轉,06580000
RPROMLQJKHLGFAA57DA,萬芳段二小段,.29,都市：其他:第三種住宅區。,100000,979,持分移轉,06580003
RPTOMLQJKHLGFAA77DA,萬芳段二小段,.65,都市：其他:第三種住宅區。,100000,1041,持分移轉,06580002
RPTOMLQJKHLGFAA77DA,萬芳段二小段,.31,都市：其他:第三種住宅區。,100000,1041,持分移轉,06580003
RPSNMLSLJHLGFCA18EA,潭美段五小段,30.30,都市：其他:住宅區。,10000,81,持分移轉,01390000
RPUNMLSLJHLGFCA38EA,潭美段五小段,30.30,都市：其他:住宅區。,10000,81,持分移轉,01390000
RPOOMLMKJHLGFAA86DA,萬慶段二小段,12.83,都市：其他:第一種商業區。,10000,335,持分移轉,06790000
RPQNMLLKKHLGFAA96DA,萬芳段二小段,.64,都市：其他:第三種住宅區。,100000,1062,持分移轉,06570006
RPQNMLLKKHLGFAA96DA,萬芳段二小段,73.80,都市：其他:第二種住宅區。,100000,1062,持分移轉,06580000
RPQNMLLKKHLGFAA96DA,萬芳段二小段,.66,都市：其他:第三種住宅區。,100000,1062,持分移轉,06580002
RPQNMLLKKHLGFAA96DA,萬芳段二小段,.32,都市：其他:第三種住宅區。,100000,1062,持分移轉,06580003
RPVNMLSLJHLGFCA48EA,潭美段五小段,39.65,都市：其他:住宅區,10000,106,持分移轉,01390000
SPVNMLSLJHLGFCA58EA,潭美段五小段,30.30,都市：其他:住宅區,10000,81,持分移轉,01390000
RPRPMLQJKHLGFAA67DA,萬芳段二小段,.59,都市：其他:第三種住宅區。,100000,981,持分移轉,06570006
RPRPMLQJKHLGFAA67DA,萬芳段二小段,68.17,都市：其他:第二種住宅區。,100000,981,持分移轉,06580000
RPRPMLQJKHLGFAA67DA,萬芳段二小段,.61,都市：其他:第三種住宅區。,100000,981,持分移轉,06580002
RPSPMLQJKHLGFAA77DA,萬芳段二小段,.53,都市：其他:第三種住宅區。,100000,876,持分移轉,06570006
RPPPMLQJKHLGFAA47DA,萬芳段二小段,.63,都市：其他:第三種住宅區。,100000,1043,持分移轉,06570006
RPRPMLQJKHLGFAA67DA,萬芳段二小段,.29,都市：其他:第三種住宅區。,100000,981,持分移轉,06580003
RPSPMLQJKHLGFAA77DA,萬芳段二小段,60.87,都市：其他:第二種住宅區。,100000,876,持分移轉,06580000
RPPPMLQJKHLGFAA47DA,萬芳段二小段,72.48,都市：其他:第二種住宅區。,100000,1043,持分移轉,06580000
RPSPMLQJKHLGFAA77DA,萬芳段二小段,.54,都市：其他:第三種住宅區。,100000,876,持分移轉,06580002
RPPPMLQJKHLGFAA47DA,萬芳段二小段,.65,都市：其他:第三種住宅區。,100000,1043,持分移轉,06580002
RPPPMLQJKHLGFAA47DA,萬芳段二小段,.31,都市：其他:第三種住宅區。,100000,1043,持分移轉,06580003
RPSPMLQJKHLGFAA77DA,萬芳段二小段,.26,都市：其他:第三種住宅區。,100000,876,持分移轉,06580003
RPSNMLRKJHLGFAA67DA,萬慶段二小段,9.92,都市：其他:第一種商業區。,10000,259,持分移轉,06790000
RPPNMLQLKHLGFCA77EA,潭美段五小段,39.65,都市：其他:住宅區。,10000,106,持分移轉,01390000
RPQNMLQLKHLGFCA87EA,潭美段五小段,30.30,都市：其他:住宅區。,10000,81,持分移轉,01390000
RPVNMLPJJHLGFAA67DA,萬慶段二小段,9.42,都市：其他:第一種商業區。,10000,246,持分移轉,06790000
RPWNMLOLKIKGFBA08DA,圓環段一小段,9.88,都市：其他:第四種住宅區。,100000,873,持分移轉,03220000
RPWNMLOLKIKGFBA08DA,圓環段一小段,11.77,都市：其他:第三種商業區。,100000,873,持分移轉,03290000
RPUNMLNKJHLGFDA87EA,敦化段一小段,22.17,都市：其他:第三種住宅區。,10000,170,持分移轉,04400000
RPRNMLQLKHLGFCA97EA,潭美段五小段,30.30,都市：其他:住宅區。,10000,81,持分移轉,01390000
RPSNMLQJLHLGFAA67DA,萬慶段二小段,12.83,都市：其他:第一種商業區。,10000,335,持分移轉,06790000
RPSNMLQLKHLGFCA08EA,潭美段五小段,39.65,都市：其他:住宅區。,10000,106,持分移轉,01390000
RPVOMLPJJIKGFCA97DA,長安段四小段,4.18,都市：其他:第參種商業區(依都市計畫說明書圖規定辦理，始得作第參種商業區使用)(原屬第貳種商業區)。,10000,156,持分移轉,00080000
RPVOMLPJJIKGFCA97DA,長安段四小段,3.99,都市：其他:第參種商業區(依都市計畫說明書圖規定辦理，始得作第參種商業區使用)(原屬第參之貳種住宅區)。,10000,156,持分移轉,00080001
RPOOMLLKKIKGFAA96EA,興隆段一小段,1.74,都市：其他:第三種住宅區。,10000,87,持分移轉,03000000
RPOOMLLKKIKGFAA96EA,興隆段一小段,53.24,都市：其他:第二種住宅區。,10000,87,持分移轉,03030000
RPROMLRLJHLGFCA97DA,長安段四小段,30.53,都市：其他:第參種商業區(依都市計畫說明書圖規定辦理，始得作第參種商業區使用)(原屬第參種住宅區)。,10000,841,持分移轉,01250000
RPPOMLLLJHLGFEA37DA,文林段三小段,25.30,,10000,253,持分移轉,09790000
RPROMLRLJHLGFCA97DA,長安段四小段,9.92,都市：其他:第參種商業區(依都市計畫說明書圖規定辦理，始得作第參種商業區使用)(原屬第貳種商業區)。,10000,841,持分移轉,01250001
RPVOMLNJJIKGFDA87DA,西松段二小段,2.96,都市：其他:第二種商業區。,100000,275,持分移轉,07220000
RPVOMLNJJIKGFDA87DA,西松段二小段,2.53,都市：其他:第三種住宅區。,100000,275,持分移轉,07220001
RPUNMLSLJHLGFBA18DA,漢中段三小段,5.69,都市：其他:第四種商業區,1000000000,14890000,持分移轉,09250000
RPVOMLRLJHLGFBA28DA,漢中段三小段,3.93,都市：其他:第四種商業區,1000000000,10280000,持分移轉,09250000
RPTOMLTLJHLGFBA28DA,漢中段三小段,5.69,都市：其他:第四種商業區,1000000000,14890000,持分移轉,09250000
RPVOMLTLJHLGFBA48DA,漢中段三小段,5.69,都市：其他:第四種商業區,1000000000,14890000,持分移轉,09250000
RPWPMLLLJHLGFEA18DA,文林段三小段,24.70,,10000,247,持分移轉,09790000
RPRPMLLLJHLGFEA67DA,文林段三小段,24.70,,10000,247,持分移轉,09790000
RPXPMLLLJHLGFEA28DA,文林段三小段,21.60,,10000,216,持分移轉,09790000
RPTOMLMJKHLGFBA47DA,漢中段三小段,3.93,都市：其他:第四種商業區,1000000000,10280000,持分移轉,09250000
RPXNMLMKJHLGFAA67DA,萬慶段二小段,8.54,都市：其他:第一種商業區。,10000,223,持分移轉,06790000
RPUOMLMJKHLGFBA57DA,漢中段三小段,4.36,都市：其他:第四種商業區,1000000000,11410000,持分移轉,09250000
RPQNMLMKKHLGFAA17EA,南海段一小段,12.29,都市：其他:第參種商業區(依都市計畫說明書圖規定辦理，始得作第參種商業區使用)(原屬第貳種商業區)。,100000,1600,持分移轉,08250000
RPQNMLMKKHLGFAA17EA,南海段一小段,1.10,都市：其他:第三種住宅區。,100000,1600,持分移轉,08260000
RPRNMLPKJHLGFAA37DA,萬慶段二小段,12.83,都市：其他:第一種商業區。,10000,335,持分移轉,06790000
RPQOMLPJKIKGFDA67DA,西松段二小段,6.61,都市：其他:第二種商業區。,100000,615,持分移轉,07220000
RPQOMLPJKIKGFDA67DA,西松段二小段,5.65,都市：其他:第三種住宅區。,100000,615,持分移轉,07220001
RPSOMLSLJHLGFBA08DA,漢中段三小段,4.36,都市：其他:第四種商業區,1000000000,11410000,持分移轉,09250000
RPUOMLSLJHLGFBA28DA,漢中段三小段,4.34,都市：其他:第四種商業區,1000000000,11350000,持分移轉,09250000
RPUNMLSJKIKGFBA08DA,大同段二小段,3.41,都市：其他:第四種住宅區。,10000,161,持分移轉,08980000
RPUNMLSJKIKGFBA08DA,大同段二小段,11.64,都市：其他:第三種商業區(原屬第肆之壹種住宅區於七十九年九月十三日變更為第貳種商業區又於八十四年九月二十七日調整為第參種商業區(均應依前述都市計畫說明書圖規定辦理))。,10000,161,持分移轉,08990000
RPXNMLLKKIKGFAA77EA,興隆段一小段,2.51,都市：其他:第三種住宅區。,10000,126,持分移轉,03000000
RPXNMLLKKIKGFAA77EA,興隆段一小段,77.11,都市：其他:第二種住宅區。,10000,126,持分移轉,03030000
RPSOMLLKKIKGFAA37EA,興隆段一小段,3.25,都市：其他:第三種住宅區。,10000,163,持分移轉,03000000
RPSOMLLKKIKGFAA37EA,興隆段一小段,99.75,都市：其他:第二種住宅區。,10000,163,持分移轉,03030000
RPPOMLLKKIKGFAA07EA,興隆段一小段,3.15,都市：其他:第三種住宅區。,10000,158,持分移轉,03000000
RPTNMLNLKIKGFDA87DA,西松段二小段,5.04,都市：其他:第二種商業區。,100000,469,持分移轉,07220000
RPPOMLLKKIKGFAA07EA,興隆段一小段,96.69,都市：其他:第二種住宅區。,10000,158,持分移轉,03030000
RPTNMLNLKIKGFDA87DA,西松段二小段,4.31,都市：其他:第三種住宅區。,100000,469,持分移轉,07220001
RPROMLLKKIKGFAA27EA,興隆段一小段,3.15,都市：其他:第三種住宅區。,10000,158,持分移轉,03000000
RPROMLLKKIKGFAA27EA,興隆段一小段,96.69,都市：其他:第二種住宅區。,10000,158,持分移轉,03030000
RPOPMLQJKIKGFAA37DA,福和段一小段,5.08,都市：其他:第參種商業區(依都市計畫說明書圖規定辦理，始得作第參種商業區使用)(原屬第貳種商業區)。,100000,1155,持分移轉,03580000
RPOPMLQJKIKGFAA37DA,福和段一小段,.75,都市：其他:第參種商業區(依都市計畫說明書圖規定辦理，始得作第參種商業區使用)(原屬第參種住宅區)。,100000,1155,持分移轉,03580005
RPWNMLKLJHLGFAA47DA,興隆段一小段,3.71,都市：其他:第三種住宅區。,10000,186,持分移轉,03000000
RPWNMLKLJHLGFAA47DA,興隆段一小段,113.82,都市：其他:第二種住宅區。,10000,186,持分移轉,03030000
RPXNMLKLJHLGFAA57DA,興隆段一小段,2.43,都市：其他:第三種住宅區。,10000,122,持分移轉,03000000
RPXNMLKLJHLGFAA57DA,興隆段一小段,74.66,都市：其他:第二種住宅區。,10000,122,持分移轉,03030000
RPROMLKLJHLGFAA07DA,興隆段一小段,4.05,都市：其他:第三種住宅區。,10000,203,持分移轉,03000000
RPSOMLKLJHLGFAA17DA,興隆段一小段,2.51,都市：其他:第三種住宅區。,10000,126,持分移轉,03000000
RPROMLKLJHLGFAA07DA,興隆段一小段,124.23,都市：其他:第二種住宅區。,10000,203,持分移轉,03030000
RPSOMLKLJHLGFAA17DA,興隆段一小段,77.11,都市：其他:第二種住宅區。,10000,126,持分移轉,03030000
RPUWMLPJJIKGFCA68DA,長安段四小段,3.59,都市：其他:第參種商業區(依都市計畫說明書圖規定辦理，始得作第參種商業區使用)(原屬第貳種商業區)。,10000,134,持分移轉,00080000
RPUWMLPJJIKGFCA68DA,長安段四小段,3.43,都市：其他:第參種商業區(依都市計畫說明書圖規定辦理，始得作第參種商業區使用)(原屬第參之貳種住宅區)。,10000,134,持分移轉,00080001
RPPPMLQJJHLGFCA57DA,康寧段一小段,50.34,都市：其他:第二種住宅區。,10000,1678,持分移轉,03540000
RPUNMLQLJHLGFBA97DA,漢中段三小段,5.69,都市：其他:第四種商業區,1000000000,14890000,持分移轉,09250000
RPVPMLLLJHLGFEA08DA,文林段三小段,21.60,,10000,216,持分移轉,09790000
RPQPMLMJKHLGFBA27DA,漢中段三小段,4.36,都市：其他:第四種商業區,1000000000,11410000,持分移轉,09250000
RPOPMLLLJHLGFEA37DA,文林段三小段,31.20,,10000,312,持分移轉,09790000
RPSPMLSLJHLGFBA18DA,漢中段三小段,3.25,都市：其他:第四種商業區,1000000000,8500000,持分移轉,09250000
RPXNMLPJJHLGFBA97DA,臨沂段一小段,11.37,都市：其他:第三種住宅區。,1000000,5285,持分移轉,06580000
RPPNMLQLKHLGFBA57DA,漢中段三小段,3.25,都市：其他:第四種商業區。,1000000000,8500000,持分移轉,09250000
RPROMLMJKHLGFBA27DA,漢中段三小段,3.93,都市：其他:第四種商業區,1000000000,10280000,持分移轉,09250000
RPXVMLPJJIKGFCA88DA,長安段四小段,3.19,都市：其他:第參種商業區(依都市計畫說明書圖規定辦理，始得作第參種商業區使用)(原屬第貳種商業區)。,10000,119,持分移轉,00080000
RPWOMLMKJIKGFDA97DA,西松段二小段,2.96,都市：其他:第二種商業區。,100000,275,持分移轉,07220000
RPXVMLPJJIKGFCA88DA,長安段四小段,3.05,都市：其他:第參種商業區(依都市計畫說明書圖規定辦理，始得作第參種商業區使用)(原屬第參之貳種住宅區)。,10000,119,持分移轉,00080001
RPWOMLMKJIKGFDA97DA,西松段二小段,2.53,都市：其他:第三種住宅區。,100000,275,持分移轉,07220001
RPQOMLLLJHLGFEA47DA,文林段三小段,25.30,,10000,253,持分移轉,09790000
RPROMLLLJHLGFEA57DA,文林段三小段,14.50,,10000,145,持分移轉,09790000
RPSPMLLLJHLGFEA77DA,文林段三小段,24.70,,10000,247,持分移轉,09790000
RPQOMLSJKIKGFAA67DA,福和段一小段,7.08,都市：其他:第參種商業區(依都市計畫說明書圖規定辦理，始得作第參種商業區使用)(原屬第貳種商業區)。,200000,3220,持分移轉,03580000
RPQOMLSJKIKGFAA67DA,福和段一小段,1.05,都市：其他:第參種商業區(依都市計畫說明書圖規定辦理，始得作第參種商業區使用)(原屬第參種住宅區)。,200000,3220,持分移轉,03580005
RPRNMLKKKIKGFBA17EA,雙園段三小段,15.87,都市：其他:第三種住宅區。,100000,1551,持分移轉,04060000
RPSPMLLKJIKGFAA27DA,福和段一小段,5.08,都市：其他:第參種商業區(依都市計畫說明書圖規定辦理，始得作第參種商業區使用)(原屬第貳種商業區)。,100000,1155,持分移轉,03580000
RPSPMLLKJIKGFAA27DA,福和段一小段,.75,都市：其他:第參種商業區(依都市計畫說明書圖規定辦理，始得作第參種商業區使用)(原屬第參種住宅區)。,100000,1155,持分移轉,03580005
RPRNMLRKKIKGFEA08DA,振興段一小段,28.05,都市：其他:第三種住宅區。,10000,500,持分移轉,04020000
RPQNMLRKKIKGFDA87DA,西松段二小段,2.96,都市：其他:第二種商業區。,100000,275,持分移轉,07220000
RPTOMLLKKIKGFAA47EA,興隆段一小段,3.03,都市：其他:第三種住宅區。,10000,152,持分移轉,03000000
RPTOMLLKKIKGFAA47EA,興隆段一小段,93.02,都市：其他:第二種住宅區。,10000,152,持分移轉,03030000
RPVOMLLKKIKGFAA67EA,興隆段一小段,3.03,都市：其他:第三種住宅區。,10000,152,持分移轉,03000000
RPQNMLRKKIKGFDA87DA,西松段二小段,2.53,都市：其他:第三種住宅區。,100000,275,持分移轉,07220001
RPXNMLQJKIKGFAA08DA,福和段一小段,4.16,都市：其他:第參種商業區(依都市計畫說明書圖規定辦理，始得作第參種商業區使用)(原屬第貳種商業區)。,100000,946,持分移轉,03580000
RPVOMLLKKIKGFAA67EA,興隆段一小段,93.02,都市：其他:第二種住宅區。,10000,152,持分移轉,03030000
RPXNMLQJKIKGFAA08DA,福和段一小段,.62,都市：其他:第參種商業區(依都市計畫說明書圖規定辦理，始得作第參種商業區使用)(原屬第參種住宅區)。,100000,946,持分移轉,03580005
RPTOMLRKKIKGFEA38DA,振興段一小段,22.44,都市：其他:第三種住宅區。,10000,400,持分移轉,04020000
RPXNMLQKKIKGFDA48DA,美仁段一小段,34.94,都市：其他:第三種住宅區。,20000,620,持分移轉,07120000
RPRNMLTKKIKGFBA97DA,臨沂段一小段,11.37,都市：其他:第三種住宅區。,1000000,5285,持分移轉,06580000
RPRNMLMLKIKGFDA57DA,美仁段一小段,34.94,都市：其他:第三種住宅區。,10000,310,持分移轉,07120000
RPOPMLQJJHLGFCA47DA,康寧段一小段,48.39,都市：其他:第二種住宅區。,10000,1613,持分移轉,03540000
RPXOMLQJKIKGFAA18DA,福和段一小段,4.82,都市：其他:第參種商業區(依都市計畫說明書圖規定辦理，始得作第參種商業區使用)(原屬第貳種商業區)。,200000,2192,持分移轉,03580000
RPVNMLNLJHLGFAA77EA,興隆段一小段,3.63,都市：其他:第三種住宅區。,10000,182,持分移轉,03000000
RPXOMLQJKIKGFAA18DA,福和段一小段,.71,都市：其他:第參種商業區(依都市計畫說明書圖規定辦理，始得作第參種商業區使用)(原屬第參種住宅區)。,200000,2192,持分移轉,03580005
RPQQMLPJJHLGFDA77DA,寶清段一小段,17.21,都市：其他:第三種住宅區。,10000,36,持分移轉,00570013
RPUNMLNLJHLGFAA67EA,興隆段一小段,3.15,都市：其他:第三種住宅區。,10000,158,持分移轉,03000000
RPVNMLNLJHLGFAA77EA,興隆段一小段,111.37,都市：其他:第二種住宅區。,10000,182,持分移轉,03030000
RPUNMLNLJHLGFAA67EA,興隆段一小段,96.69,都市：其他:第二種住宅區。,10000,158,持分移轉,03030000
RPWOMLNLJHLGFAA87DA,福和段一小段,12.52,都市：其他:第參種商業區(依都市計畫說明書圖規定辦理，始得作第參種商業區使用)(原屬第貳種商業區)。,100000,2848,持分移轉,03580000
RPWOMLNLJHLGFAA87DA,福和段一小段,1.86,都市：其他:第參種商業區(依都市計畫說明書圖規定辦理，始得作第參種商業區使用)(原屬第參種住宅區)。,100000,2848,持分移轉,03580005
RPXNMLOKJHLGFBA97DA,臨沂段一小段,9.22,都市：其他:第三種住宅區。,1000000,4285,持分移轉,06580000
RPQPMLSLJHLGFBA97DA,漢中段三小段,3.25,都市：其他:第四種商業區,1000000000,8500000,持分移轉,09250000
RPSNMLTLJHLGFBA08DA,漢中段三小段,5.19,都市：其他:第四種商業區,1000000000,13580000,持分移轉,09250000
RPQRMLPJJIKGFCA77DA,長安段四小段,3.19,都市：其他:第參種商業區(依都市計畫說明書圖規定辦理，始得作第參種商業區使用)(原屬第貳種商業區)。,10000,119,持分移轉,00080000
RPOOMLQLJHLGFBA47DA,漢中段三小段,3.93,都市：其他:第四種商業區,1000000000,10280000,持分移轉,09250000
RPQRMLPJJIKGFCA77DA,長安段四小段,3.05,都市：其他:第參種商業區(依都市計畫說明書圖規定辦理，始得作第參種商業區使用)(原屬第參之貳種住宅區)。,10000,119,持分移轉,00080001
RPWOMLTLJHLGFBA58DA,漢中段三小段,5.69,都市：其他:第四種商業區,1000000000,14890000,持分移轉,09250000
RPUOMLQJKHLGFFA38DA,懷生段三小段,5.54,都市：其他:第三之一種住宅區(特)。,10000,113,持分移轉,00170000
RPVPMLQJKHLGFAA08DA,興隆段一小段,3.03,都市：其他:第三種住宅區。,10000,152,持分移轉,03000000
RPPPMLMJKHLGFBA17DA,漢中段三小段,4.36,都市：其他:第四種商業區,1000000000,11410000,持分移轉,09250000
RPVPMLQJKHLGFAA08DA,興隆段一小段,93.02,都市：其他:第二種住宅區。,10000,152,持分移轉,03030000
RPWPMLQJKHLGFAA18DA,興隆段一小段,4.63,都市：其他:第三種住宅區。,10000,232,持分移轉,03000000
RPWPMLQJKHLGFAA18DA,興隆段一小段,141.97,都市：其他:第二種住宅區。,10000,232,持分移轉,03030000
RPWNMLKKKHLGFFA97DA,復興段三小段,19.89,都市：其他:第四種住宅區。,100000,4188,持分移轉,07700000
RPOOMLQJKHLGFFA77DA,懷生段三小段,5.54,都市：其他:第三之一種住宅區(特)。,10000,113,持分移轉,00170000
RPPOMLNKKHLGFFA67DA,仁愛段六小段,6.80,都市：其他:第四種住宅區。,1000000,20780,持分移轉,03050000
RPUNMLNLKHLGFFA18DA,仁愛段六小段,6.91,都市：其他:第四種住宅區。,1000000,21140,持分移轉,03050000
RPUNMLNKKHLGFFA08DA,仁愛段六小段,7.08,都市：其他:第四種住宅區。,1000000,21650,持分移轉,03050000
RPPNMLNLKHLGFFA67DA,仁愛段六小段,7.20,都市：其他:第四種住宅區。,1000000,22010,持分移轉,03050000
RPRNMLNLKHLGFFA87DA,仁愛段六小段,6.91,都市：其他:第四種住宅區。,1000000,21140,持分移轉,03050000
SPWOMLOLKHLGFFA68DA,仁愛段六小段,7.03,都市：其他:第四種住宅區,1000000,21510,持分移轉,03050000
RPWOMLOLKHLGFFA58DA,仁愛段六小段,7.08,都市：其他:第四種住宅區,1000000,21650,持分移轉,03050000
RPQNMLNLKHLGFFA77DA,仁愛段六小段,7.03,都市：其他:第四種住宅區。,1000000,21510,持分移轉,03050000
RPOOMLNKKHLGFFA57DA,仁愛段六小段,7.08,都市：其他:第四種住宅區。,1000000,21650,持分移轉,03050000
RPSNMLNLKHLGFFA97DA,仁愛段六小段,7.20,都市：其他:第四種住宅區。,1000000,22010,持分移轉,03050000
RPSPMLOLKHLGFFA28DA,仁愛段六小段,6.91,都市：其他:第四種住宅區。,1000000,21140,持分移轉,03050000
RPPPMLOLKHLGFFA97DA,仁愛段六小段,6.91,都市：其他:第四種住宅區。,1000000,21140,持分移轉,03050000
RPQPMLOLKHLGFFA08DA,仁愛段六小段,6.91,都市：其他:第四種住宅區。,1000000,21140,持分移轉,03050000
RPRPMLOLKHLGFFA18DA,仁愛段六小段,6.91,都市：其他:第四種住宅區。,1000000,21140,持分移轉,03050000
RPOPMLOLKHLGFFA87DA,仁愛段六小段,6.91,都市：其他:第四種住宅區。,1000000,21140,持分移轉,03050000
RPVPMLOLKHLGFFA58DA,仁愛段六小段,5.98,都市：其他:第四種住宅區。,1000000,18290,持分移轉,03050000
RPTPMLOLKHLGFFA38DA,仁愛段六小段,6.91,都市：其他:第四種住宅區。,1000000,21140,持分移轉,03050000
RPUPMLOLKHLGFFA48DA,仁愛段六小段,6.91,都市：其他:第四種住宅區。,1000000,21140,持分移轉,03050000
RPPNMLPLKHLGFFA87DA,仁愛段六小段,7.03,都市：其他:第四種住宅區。,1000000,21510,持分移轉,03050000
RPRNMLPLKHLGFFA08DA,仁愛段六小段,6.05,都市：其他:第四種住宅區。,1000000,18500,持分移轉,03050000
RPXNMLOJKIKGFDA18DA,西松段二小段,3.88,都市：其他:第二種商業區。,100000,361,持分移轉,07220000
RPXNMLOJKIKGFDA18DA,西松段二小段,3.32,都市：其他:第三種住宅區。,100000,361,持分移轉,07220001
RPSNMLKKKIKGFBA27EA,雙園段三小段,15.87,都市：其他:第三種住宅區。,100000,1551,持分移轉,04060000
RPWOMLLKKIKGFAA77EA,興隆段一小段,3.25,都市：其他:第三種住宅區。,20000,326,持分移轉,03000000
RPWOMLLKKIKGFAA77EA,興隆段一小段,99.75,都市：其他:第二種住宅區。,20000,326,持分移轉,03030000
RPSOMLPKKIKGFDA97DA,西松段二小段,2.96,都市：其他:第二種商業區。,100000,275,持分移轉,07220000
RPSOMLPKKIKGFDA97DA,西松段二小段,2.53,都市：其他:第三種住宅區。,100000,275,持分移轉,07220001
RPROMLQJKIKGFAA57DA,福和段一小段,8.08,都市：其他:第參種商業區(依都市計畫說明書圖規定辦理，始得作第參種商業區使用)(原屬第貳種商業區)。,100000,1839,持分移轉,03580000
RPQOMLLKJIKGFAA96DA,福和段一小段,5.76,都市：其他:第參種商業區(依都市計畫說明書圖規定辦理，始得作第參種商業區使用)(原屬第貳種商業區)。,100000,1310,持分移轉,03580000
RPROMLQJKIKGFAA57DA,福和段一小段,1.20,都市：其他:第參種商業區(依都市計畫說明書圖規定辦理，始得作第參種商業區使用)(原屬第參種住宅區)。,100000,1839,持分移轉,03580005
RPQOMLLKJIKGFAA96DA,福和段一小段,.85,都市：其他:第參種商業區(依都市計畫說明書圖規定辦理，始得作第參種商業區使用)(原屬第參種住宅區)。,100000,1310,持分移轉,03580005
RPSNMLQJKIKGFAA57DA,福和段一小段,4.84,都市：其他:第參種商業區(依都市計畫說明書圖規定辦理，始得作第參種商業區使用)(原屬第貳種商業區)。,100000,1100,持分移轉,03580000
RPSNMLQJKIKGFAA57DA,福和段一小段,.72,都市：其他:第參種商業區(依都市計畫說明書圖規定辦理，始得作第參種商業區使用)(原屬第參種住宅區)。,100000,1100,持分移轉,03580005
RPUNMLRKKIKGFBA18EA,雙園段三小段,15.87,都市：其他:第三種住宅區。,100000,1551,持分移轉,04060000
RPUNMLQJKIKGFAA77DA,福和段一小段,11.84,都市：其他:第參種商業區(依都市計畫說明書圖規定辦理，始得作第參種商業區使用)(原屬第貳種商業區)。,100000,2693,持分移轉,03580000
RPUNMLQJKIKGFAA77DA,福和段一小段,1.75,都市：其他:第參種商業區(依都市計畫說明書圖規定辦理，始得作第參種商業區使用)(原屬第參種住宅區)。,100000,2693,持分移轉,03580005
RPTPMLRKKIKGFEA48DA,振興段一小段,28.05,都市：其他:第三種住宅區。,10000,500,持分移轉,04020000
RPUOMLOJKIKGFDA97DA,西松段二小段,2.96,都市：其他:第二種商業區。,100000,275,持分移轉,07220000
RPUOMLOJKIKGFDA97DA,西松段二小段,2.53,都市：其他:第三種住宅區。,100000,275,持分移轉,07220001
RPSNMLRKKIKGFEA18DA,振興段一小段,22.44,都市：其他:第三種住宅區。,10000,400,持分移轉,04020000
RPVNMLPJJHLGFBA77DA,臨沂段一小段,11.37,都市：其他:第三種住宅區。,1000000,5285,持分移轉,06580000
RPUNMLRKKIKGFEA38DA,振興段一小段,22.44,都市：其他:第三種住宅區。,10000,400,持分移轉,04020000
RPWOMLMJJHLGFDA87DA,西松段二小段,5.01,都市：其他:第二種商業區。,100000,466,持分移轉,07220000
RPVNMLKMKIKGFBA67DA,臨沂段一小段,11.37,都市：其他:第三種住宅區。,1000000,5285,持分移轉,06580000
RPWOMLMJJHLGFDA87DA,西松段二小段,4.28,都市：其他:第三種住宅區。,100000,466,持分移轉,07220001
RPXNMLOLKIKGFDA38DA,西松段二小段,5.63,都市：其他:第二種商業區。,100000,524,持分移轉,07220000
RPXNMLOLKIKGFDA38DA,西松段二小段,4.82,都市：其他:第三種住宅區。,100000,524,持分移轉,07220001
RPRNMLNLKIKGFBA47DA,臨沂段一小段,11.37,都市：其他:第三種住宅區。,1000000,5285,持分移轉,06580000
RPVNMLRKKIKGFEA48DA,振興段一小段,22.44,都市：其他:第三種住宅區。,10000,400,持分移轉,04020000
RPTOMLQJKIKGFAA77DA,福和段一小段,8.08,都市：其他:第參種商業區(依都市計畫說明書圖規定辦理，始得作第參種商業區使用)(原屬第貳種商業區)。,100000,1839,持分移轉,03580000
RPTOMLQJKIKGFAA77DA,福和段一小段,1.20,都市：其他:第參種商業區(依都市計畫說明書圖規定辦理，始得作第參種商業區使用)(原屬第參種住宅區)。,100000,1839,持分移轉,03580005
RPSNMLMKJHLGFEA57DA,振興段一小段,22.44,都市：其他:第三種住宅區。,10000,400,持分移轉,04020000
RPTPMLQJJHLGFDA18EA,敦化段一小段,22.30,都市：其他:第三種住宅區。,10000,171,持分移轉,04400000
RPQNMLMKJHLGFEA37DA,振興段一小段,28.05,都市：其他:第三種住宅區。,10000,500,持分移轉,04020000
RPUNMLMJJHLGFDA57DA,寶清段一小段,16.25,都市：其他:第三種住宅區。,10000,34,持分移轉,00570013
RPTPMLLKJIKGFAA37DA,福和段一小段,5.08,都市：其他:第參種商業區(依都市計畫說明書圖規定辦理，始得作第參種商業區使用)(原屬第貳種商業區)。,100000,1155,持分移轉,03580000
RPSNMLMJJHLGFDA37DA,寶清段一小段,16.73,都市：其他:第三種住宅區。,10000,35,持分移轉,00570013
RPTPMLLKJIKGFAA37DA,福和段一小段,.75,都市：其他:第參種商業區(依都市計畫說明書圖規定辦理，始得作第參種商業區使用)(原屬第參種住宅區)。,100000,1155,持分移轉,03580005
RPQNMLLLJHLGFAA96DA,福和段一小段,11.16,都市：其他:第參種商業區(依都市計畫說明書圖規定辦理，始得作第參種商業區使用)(原屬第貳種商業區)。,100000,2539,持分移轉,03580000
RPSNMLSKKIKGFDA18DA,寶清段一小段,16.73,都市：其他:第三種住宅區。,10000,35,持分移轉,00570013
RPQNMLLLJHLGFAA96DA,福和段一小段,1.65,都市：其他:第參種商業區(依都市計畫說明書圖規定辦理，始得作第參種商業區使用)(原屬第參種住宅區)。,100000,2539,持分移轉,03580005
RPTNMLNKJHLGFBA47DA,臨沂段一小段,11.37,都市：其他:第三種住宅區。,1000000,5285,持分移轉,06580000
RPWOMLPJJHLGFDA18DA,寶清段一小段,16.73,都市：其他:第三種住宅區。,10000,35,持分移轉,00570013
RPWNMLQLJHLGFBA18DA,漢中段三小段,3.93,都市：其他:第四種商業區,1000000000,10280000,持分移轉,09250000
RPRPMLPJJHLGFDA77DA,寶清段一小段,16.73,都市：其他:第三種住宅區。,1000000,3500,持分移轉,00570013
RPOOMLKLJHLGFAA76DA,興隆段一小段,3.99,都市：其他:第三種住宅區。,10000,200,持分移轉,03000000
RPOOMLKLJHLGFAA76DA,興隆段一小段,122.39,都市：其他:第二種住宅區。,10000,200,持分移轉,03030000
RPRPMLMLJHLGFDA67DA,西松段二小段,5.46,都市：其他:第二種商業區。,400000,2032,持分移轉,07220000
RPPOMLKLJHLGFAA86DA,興隆段一小段,4.03,都市：其他:第三種住宅區。,10000,202,持分移轉,03000000
RPRPMLMLJHLGFDA67DA,西松段二小段,4.67,都市：其他:第三種住宅區。,400000,2032,持分移轉,07220001
RPPOMLKLJHLGFAA86DA,興隆段一小段,123.61,都市：其他:第二種住宅區。,10000,202,持分移轉,03030000
RPRNMLRLJHLGFDA97DA,寶清段一小段,11.95,都市：其他:第三種住宅區。,10000,25,持分移轉,00570013
RPROMLRLJHLGFBA87DA,漢中段三小段,3.93,都市：其他:第四種商業區,1000000000,10280000,持分移轉,09250000
RPVNMLRLJHLGFBA18DA,漢中段三小段,5.19,都市：其他:第四種商業區,1000000000,13580000,持分移轉,09250000
RPPOMLSLJHLGFBA77DA,漢中段三小段,4.36,都市：其他:第四種商業區,1000000000,11410000,持分移轉,09250000
RPQNMLRLJHLGFDA87DA,寶清段一小段,16.25,都市：其他:第三種住宅區。,20000,68,持分移轉,00570013
RPOPMLSLJHLGFBA77DA,漢中段三小段,3.25,都市：其他:第四種商業區,1000000000,8500000,持分移轉,09250000
RPTPMLSLJHLGFBA28DA,漢中段三小段,3.25,都市：其他:第四種商業區,1000000000,8500000,持分移轉,09250000
RPPOMLMJKHLGFBA07DA,臨沂段一小段,10.30,都市：其他:第三種住宅區。,1000000,4789,持分移轉,06580000
RPUOMLTLJHLGFBA38DA,漢中段三小段,5.69,都市：其他:第四種商業區,1000000000,14890000,持分移轉,09250000
RPOPMLMJKHLGFBA07DA,漢中段三小段,4.36,都市：其他:第四種商業區,1000000000,11410000,持分移轉,09250000
RPTQMLKKKHLGFBA57DA,臨沂段一小段,8.15,都市：其他:第三種住宅區。,1000000,3789,持分移轉,06580000
RPRQMLKKKHLGFBA37DA,臨沂段一小段,8.09,都市：其他:第三種住宅區。,1000000,3759,持分移轉,06580000
RPSNMLMKKHLGFBA37DA,臨沂段一小段,8.09,都市：其他:第三種住宅區。,1000000,3759,持分移轉,06580000
RPWPMLRLJHLGFDA68DA,西松段二小段,2.96,都市：其他:第二種商業區。,100000,275,持分移轉,07220000
RPWPMLRLJHLGFDA68DA,西松段二小段,2.53,都市：其他:第三種住宅區。,100000,275,持分移轉,07220001
RPRNMLOLKHLGFBA57DA,臨沂段一小段,8.09,都市：其他:第三種住宅區。,1000000,3759,持分移轉,06580000
RPVNMLNJKHLGFDA87DA,西松段二小段,5.46,都市：其他:第二種商業區。,100000,508,持分移轉,07220000
RPVNMLNJKHLGFDA87DA,西松段二小段,4.67,都市：其他:第三種住宅區。,100000,508,持分移轉,07220001
RPPOMLNLJHLGFAA17DA,萬慶段三小段,12.59,都市：其他:第三之一種住宅區。,100000,4156,持分移轉,02210000
RPTNMLNJLHLGFAA47DA,興隆段一小段,3.15,都市：其他:第三種住宅區。,10000,158,持分移轉,03000000
RPTNMLNJLHLGFAA47DA,興隆段一小段,96.69,都市：其他:第二種住宅區。,10000,158,持分移轉,03030000
RPSRMLKKKHLGFBA57DA,臨沂段一小段,10.24,都市：其他:第三種住宅區。,1000000,4759,持分移轉,06580000
RPPNMLMJLHLGFFA47DA,懷生段三小段,9.06,都市：其他:第三之一種住宅區(特)。,10000,185,持分移轉,00170000
RPPOMLLKKIKGFDA27DA,西松段二小段,3.88,都市：其他:第二種商業區。,100000,361,持分移轉,07220000
RPPOMLLKKIKGFDA27DA,西松段二小段,3.32,都市：其他:第三種住宅區。,100000,361,持分移轉,07220001
RPPPMLLKJIKGFAA96DA,福和段一小段,5.76,都市：其他:第參種商業區(依都市計畫說明書圖規定辦理，始得作第參種商業區使用)(原屬第貳種商業區)。,100000,1310,持分移轉,03580000
RPPPMLLKJIKGFAA96DA,福和段一小段,.85,都市：其他:第參種商業區(依都市計畫說明書圖規定辦理，始得作第參種商業區使用)(原屬第參種住宅區)。,100000,1310,持分移轉,03580005
RPRPMLLKJIKGFAA17DA,福和段一小段,5.08,都市：其他:第參種商業區(依都市計畫說明書圖規定辦理，始得作第參種商業區使用)(原屬第貳種商業區)。,100000,1155,持分移轉,03580000
RPVNMLQJKIKGFAA87DA,福和段一小段,6.35,都市：其他:第參種商業區(依都市計畫說明書圖規定辦理，始得作第參種商業區使用)(原屬第貳種商業區)。,100000,1444,持分移轉,03580000
RPRPMLLKJIKGFAA17DA,福和段一小段,.75,都市：其他:第參種商業區(依都市計畫說明書圖規定辦理，始得作第參種商業區使用)(原屬第參種住宅區)。,100000,1155,持分移轉,03580005
RPVNMLQJKIKGFAA87DA,福和段一小段,.94,都市：其他:第參種商業區(依都市計畫說明書圖規定辦理，始得作第參種商業區使用)(原屬第參種住宅區)。,100000,1444,持分移轉,03580005
RPWNMLQJKIKGFAA97DA,福和段一小段,5.76,都市：其他:第參種商業區(依都市計畫說明書圖規定辦理，始得作第參種商業區使用)(原屬第貳種商業區)。,100000,1310,持分移轉,03580000
RPWNMLQJKIKGFAA97DA,福和段一小段,.85,都市：其他:第參種商業區(依都市計畫說明書圖規定辦理，始得作第參種商業區使用)(原屬第參種住宅區)。,100000,1310,持分移轉,03580005
RPQOMLQJKIKGFAA47DA,福和段一小段,4.66,都市：其他:第參種商業區(依都市計畫說明書圖規定辦理，始得作第參種商業區使用)(原屬第貳種商業區)。,100000,1060,持分移轉,03580000
RPUPMLOJLHLGFDA18DA,西松段二小段,5.01,都市：其他:第二種商業區。,100000,466,持分移轉,07220000
RPQOMLQJKIKGFAA47DA,福和段一小段,.69,都市：其他:第參種商業區(依都市計畫說明書圖規定辦理，始得作第參種商業區使用)(原屬第參種住宅區)。,100000,1060,持分移轉,03580005
RPUPMLOJLHLGFDA18DA,西松段二小段,4.28,都市：其他:第三種住宅區。,100000,466,持分移轉,07220001
RPPNMLLKKIKGFAA96EA,興隆段一小段,3.31,都市：其他:第三種住宅區。,10000,166,持分移轉,03000000
RPPNMLLKKIKGFAA96EA,興隆段一小段,101.58,都市：其他:第二種住宅區。,10000,166,持分移轉,03030000
RPRQMLOJLHLGFDA97DA,西松段二小段,2.93,都市：其他:第二種商業區。,100000,273,持分移轉,07220000
RPRQMLOJLHLGFDA97DA,西松段二小段,2.51,都市：其他:第三種住宅區。,100000,273,持分移轉,07220001
RPQOMLLKKIKGFAA17EA,興隆段一小段,3.15,都市：其他:第三種住宅區。,10000,158,持分移轉,03000000
RPQOMLLKKIKGFAA17EA,興隆段一小段,96.69,都市：其他:第二種住宅區。,10000,158,持分移轉,03030000
RPUPMLPKKIKGFDA28DA,西松段二小段,2.68,都市：其他:第二種商業區。,100000,249,持分移轉,07220000
RPUNMLLKKIKGFAA47EA,興隆段一小段,4.09,都市：其他:第三種住宅區。,10000,205,持分移轉,03000000
RPUPMLPKKIKGFDA28DA,西松段二小段,2.29,都市：其他:第三種住宅區。,100000,249,持分移轉,07220001
RPUNMLLKKIKGFAA47EA,興隆段一小段,125.45,都市：其他:第二種住宅區。,10000,205,持分移轉,03030000
RPVNMLLKKIKGFAA57EA,興隆段一小段,4.13,都市：其他:第三種住宅區。,10000,207,持分移轉,03000000
RPVNMLLKKIKGFAA57EA,興隆段一小段,126.67,都市：其他:第二種住宅區。,10000,207,持分移轉,03030000
RPQNMLLKKIKGFAA07EA,興隆段一小段,3.31,都市：其他:第三種住宅區。,10000,166,持分移轉,03000000
RPSNMLLKKIKGFAA27EA,興隆段一小段,2.43,都市：其他:第三種住宅區。,10000,122,持分移轉,03000000
RPPNMLLKJIKGFAA76DA,福和段一小段,6.35,都市：其他:第參種商業區(依都市計畫說明書圖規定辦理，始得作第參種商業區使用)(原屬第貳種商業區)。,100000,1444,持分移轉,03580000
RPQNMLLKKIKGFAA07EA,興隆段一小段,101.58,都市：其他:第二種住宅區。,10000,166,持分移轉,03030000
RPSNMLLKKIKGFAA27EA,興隆段一小段,74.66,都市：其他:第二種住宅區。,10000,122,持分移轉,03030000
RPPNMLLKJIKGFAA76DA,福和段一小段,.94,都市：其他:第參種商業區(依都市計畫說明書圖規定辦理，始得作第參種商業區使用)(原屬第參種住宅區)。,100000,1444,持分移轉,03580005
RPUOMLRKKIKGFDA38DA,西松段二小段,3.88,都市：其他:第二種商業區。,100000,361,持分移轉,07220000
RPUOMLRKKIKGFDA38DA,西松段二小段,3.32,都市：其他:第三種住宅區。,100000,361,持分移轉,07220001
RPOOMLSJKIKGFDA87EA,西松段二小段,2.96,都市：其他:第二種商業區。,100000,275,持分移轉,07220000
RPOOMLSJKIKGFDA87EA,西松段二小段,2.53,都市：其他:第三種住宅區。,100000,275,持分移轉,07220001
RPOPMLLKJIKGFAA86DA,福和段一小段,5.76,都市：其他:第參種商業區(依都市計畫說明書圖規定辦理，始得作第參種商業區使用)(原屬第貳種商業區)。,100000,1310,持分移轉,03580000
RPVOMLLKJIKGFAA47DA,福和段一小段,5.76,都市：其他:第參種商業區(依都市計畫說明書圖規定辦理，始得作第參種商業區使用)(原屬第貳種商業區)。,100000,1310,持分移轉,03580000
RPOPMLLKJIKGFAA86DA,福和段一小段,.85,都市：其他:第參種商業區(依都市計畫說明書圖規定辦理，始得作第參種商業區使用)(原屬第參種住宅區)。,100000,1310,持分移轉,03580005
RPVOMLLKJIKGFAA47DA,福和段一小段,.85,都市：其他:第參種商業區(依都市計畫說明書圖規定辦理，始得作第參種商業區使用)(原屬第參種住宅區)。,100000,1310,持分移轉,03580005
SPUNMLPKJHLGFDA08DA,西松段二小段,2.68,都市：其他:第二種商業區,100000,249,持分移轉,07220000
SPUNMLPKJHLGFDA08DA,西松段二小段,2.29,都市：其他:第三種住宅區。,100000,249,持分移轉,07220001
RPUNMLNKJHLGFBA57DA,臨沂段一小段,18.46,都市：其他:第三種住宅區。,1000000,8579,持分移轉,06580000
RPUNMLPKJHLGFDA97DA,西松段二小段,5.04,都市：其他:第二種商業區,100000,469,持分移轉,07220000
RPSPMLPJJIKGFCA77DA,長安段四小段,4.18,都市：其他:第參種商業區(依都市計畫說明書圖規定辦理，始得作第參種商業區使用)(原屬第貳種商業區)。,10000,156,持分移轉,00080000
RPUNMLPKJHLGFDA97DA,西松段二小段,4.31,都市：其他:第三種住宅區。,100000,469,持分移轉,07220001
RPSPMLPJJIKGFCA77DA,長安段四小段,3.99,都市：其他:第參種商業區(依都市計畫說明書圖規定辦理，始得作第參種商業區使用)(原屬第參之貳種住宅區)。,10000,156,持分移轉,00080001
RPOOMLMJJHLGFDA07DA,寶清段一小段,12.43,都市：其他:第三種住宅區。,10000,26,持分移轉,00570013
RPSOMLPJJHLGFDA77DA,寶清段一小段,16.73,都市：其他:第三種住宅區。,10000,35,持分移轉,00570013
RPSNMLNLJHLGFAA47EA,興隆段一小段,5.07,都市：其他:第三種住宅區。,10000,254,持分移轉,03000000
RPSNMLNLJHLGFAA47EA,興隆段一小段,155.43,都市：其他:第二種住宅區。,10000,254,持分移轉,03030000
RPPNMLNLJHLGFAA17EA,興隆段一小段,2.43,都市：其他:第三種住宅區。,10000,122,持分移轉,03000000
RPPNMLNLJHLGFAA17EA,興隆段一小段,74.66,都市：其他:第二種住宅區。,10000,122,持分移轉,03030000
RPQUMLPJJIKGFCA08DA,長安段四小段,3.99,都市：其他:第參種商業區(依都市計畫說明書圖規定辦理，始得作第參種商業區使用)(原屬第貳種商業區)。,10000,149,持分移轉,00080000
RPQUMLPJJIKGFCA08DA,長安段四小段,3.81,都市：其他:第參種商業區(依都市計畫說明書圖規定辦理，始得作第參種商業區使用)(原屬第參之貳種住宅區)。,10000,149,持分移轉,00080001
RPRNMLPJJIKGFCA47DA,長安段四小段,3.40,都市：其他:第參種商業區(依都市計畫說明書圖規定辦理，始得作第參種商業區使用)(原屬第貳種商業區)。,10000,127,持分移轉,00080000
RPRNMLPJJIKGFCA47DA,長安段四小段,3.25,都市：其他:第參種商業區(依都市計畫說明書圖規定辦理，始得作第參種商業區使用)(原屬第參之貳種住宅區)。,10000,127,持分移轉,00080001
RPPNMLPLJHLGFAA27DA,福和段一小段,5.08,都市：其他:第三種商業區(特),100000,1155,持分移轉,03580000
RPPNMLPLJHLGFAA27DA,福和段一小段,.75,都市：其他:第三種商業區(特),100000,1155,持分移轉,03580005
RPXNMLQLJHLGFBA28DA,漢中段三小段,3.93,都市：其他:第四種商業區,1000000000,10280000,持分移轉,09250000
RPSUMLPJJIKGFCA28DA,長安段四小段,4.18,都市：其他:第參種商業區(依都市計畫說明書圖規定辦理，始得作第參種商業區使用)(原屬第貳種商業區)。,10000,156,持分移轉,00080000
RPSUMLPJJIKGFCA28DA,長安段四小段,3.99,都市：其他:第參種商業區(依都市計畫說明書圖規定辦理，始得作第參種商業區使用)(原屬第參之貳種住宅區)。,10000,156,持分移轉,00080001
RPUOMLRLJHLGFBA18DA,漢中段三小段,3.93,都市：其他:第四種商業區,1000000000,10280000,持分移轉,09250000
SPPNMLPLJHLGFAA37DA,福和段一小段,5.08,都市：其他:第三種商業區(特),100000,1155,持分移轉,03580000
SPPNMLPLJHLGFAA37DA,福和段一小段,.75,都市：其他:第三種商業區(特),100000,1155,持分移轉,03580005
RPPOMLQLJHLGFBA57DA,漢中段三小段,4.36,都市：其他:第四種商業區,1000000000,11410000,持分移轉,09250000
RPTNMLRLJHLGFBA97DA,漢中段三小段,5.19,都市：其他:第四種商業區,1000000000,13580000,持分移轉,09250000
RPQOMLQLJHLGFBA67DA,漢中段三小段,4.36,都市：其他:第四種商業區,1000000000,11410000,持分移轉,09250000
RPWOMLSLJHLGFBA48DA,漢中段三小段,4.34,都市：其他:第四種商業區,1000000000,11350000,持分移轉,09250000
RPTOMLSLJHLGFBA18DA,漢中段三小段,4.34,都市：其他:第四種商業區,1000000000,11350000,持分移轉,09250000
RPWNMLSLJHLGFBA38DA,漢中段三小段,3.93,都市：其他:第四種商業區,1000000000,10280000,持分移轉,09250000
RPTOMLPJJIKGFCA77DA,長安段四小段,3.99,都市：其他:第參種商業區(依都市計畫說明書圖規定辦理，始得作第參種商業區使用)(原屬第貳種商業區)。,10000,149,持分移轉,00080000
RPTOMLPJJIKGFCA77DA,長安段四小段,3.81,都市：其他:第參種商業區(依都市計畫說明書圖規定辦理，始得作第參種商業區使用)(原屬第參之貳種住宅區)。,10000,149,持分移轉,00080001
RPROMLPJJIKGFCA57DA,長安段四小段,3.99,都市：其他:第參種商業區(依都市計畫說明書圖規定辦理，始得作第參種商業區使用)(原屬第貳種商業區)。,10000,149,持分移轉,00080000
RPROMLPJJIKGFCA57DA,長安段四小段,3.81,都市：其他:第參種商業區(依都市計畫說明書圖規定辦理，始得作第參種商業區使用)(原屬第參之貳種住宅區)。,10000,149,持分移轉,00080001
RPUNMLPJJIKGFCA77DA,長安段四小段,3.40,都市：其他:第參種商業區(依都市計畫說明書圖規定辦理，始得作第參種商業區使用)(原屬第貳種商業區)。,10000,127,持分移轉,00080000
RPUNMLPJJIKGFCA77DA,長安段四小段,3.25,都市：其他:第參種商業區(依都市計畫說明書圖規定辦理，始得作第參種商業區使用)(原屬第參之貳種住宅區)。,10000,127,持分移轉,00080001
RPRNMLTJKHLGFAA77DA,興隆段一小段,4.13,都市：其他:第三種住宅區。,10000,207,持分移轉,03000000
RPVOMLRLJHLGFCA38DA,長安段四小段,4.18,都市：其他:第參種商業區(依都市計畫說明書圖規定辦理，始得作第參種商業區使用)(原屬第貳種商業區)。,10000,156,持分移轉,00080000
RPRNMLTJKHLGFAA77DA,興隆段一小段,126.67,都市：其他:第二種住宅區。,10000,207,持分移轉,03030000
RPVOMLRLJHLGFCA38DA,長安段四小段,3.99,都市：其他:第參種商業區(依都市計畫說明書圖規定辦理，始得作第參種商業區使用)(原屬第參之貳種住宅區)。,10000,156,持分移轉,00080001
RPXNMLKMJHLGFCA87DA,長安段四小段,3.19,都市：其他:第參種商業區(依都市計畫說明書圖規定辦理，始得作第參種商業區使用)(原屬第貳種商業區)。,10000,119,持分移轉,00080000
RPXNMLKMJHLGFCA87DA,長安段四小段,3.05,都市：其他:第參種商業區(依都市計畫說明書圖規定辦理，始得作第參種商業區使用)(原屬第參之貳種住宅區)。,10000,119,持分移轉,00080001
RPQNMLTJKHLGFAA67DA,興隆段一小段,4.09,都市：其他:第三種住宅區。,10000,205,持分移轉,03000000
RPVNMLMJKHLGFBA57DA,漢中段三小段,3.93,都市：其他:第四種商業區,1000000000,10280000,持分移轉,09250000
RPQNMLTJKHLGFAA67DA,興隆段一小段,125.45,都市：其他:第二種住宅區。,10000,205,持分移轉,03030000
RPSNMLMJKHLGFBA27DA,漢中段三小段,3.93,都市：其他:第四種商業區,1000000000,10280000,持分移轉,09250000
RPSOMLQJKHLGFFA18DA,懷生段三小段,9.06,都市：其他:第三之一種住宅區(特)。,10000,185,持分移轉,00170000
RPRNMLNLJHLGFAA27DA,萬慶段三小段,10.26,都市：其他:第三之一種住宅區。,100000,3385,持分移轉,02210000
RPXNMLNLKHLGFDA28DA,西松段二小段,3.88,都市：其他:第二種商業區。,100000,361,持分移轉,07220000
RPXNMLNLKHLGFDA28DA,西松段二小段,3.32,都市：其他:第三種住宅區。,100000,361,持分移轉,07220001
RPRPMLNLJHLGFAA47DA,萬慶段三小段,7.45,都市：其他:第三之一種住宅區。,100000,2459,持分移轉,02210000
RPORMLKKKHLGFBA17DA,臨沂段一小段,14.14,都市：其他:第三種住宅區。,2000000,13146,持分移轉,06580000
RPROMLNLJHLGFAA37DA,萬慶段三小段,12.59,都市：其他:第三之一種住宅區。,100000,4156,持分移轉,02210000
RPPRMLKKKHLGFBA27DA,臨沂段一小段,18.47,都市：其他:第三種住宅區。,1000000,8583,持分移轉,06580000
RPTNMLNJLHLGFBA57DA,臨沂段一小段,10.24,都市：其他:第三種住宅區。,1000000,4759,持分移轉,06580000
RPSOMLLKJIKGFAA17DA,福和段一小段,5.76,都市：其他:第參種商業區(依都市計畫說明書圖規定辦理，始得作第參種商業區使用)(原屬第貳種商業區)。,100000,1310,持分移轉,03580000
RPSOMLLKJIKGFAA17DA,福和段一小段,.85,都市：其他:第參種商業區(依都市計畫說明書圖規定辦理，始得作第參種商業區使用)(原屬第參種住宅區)。,100000,1310,持分移轉,03580005
RPUNMLKKKIKGFDA57DA,西松段二小段,3.88,都市：其他:第二種商業區。,100000,361,持分移轉,07220000
RPUNMLKKKIKGFDA57DA,西松段二小段,3.32,都市：其他:第三種住宅區。,100000,361,持分移轉,07220001
RPTNMLQJKIKGFAA67DA,福和段一小段,8.68,都市：其他:第參種商業區(依都市計畫說明書圖規定辦理，始得作第參種商業區使用)(原屬第貳種商業區)。,100000,1975,持分移轉,03580000
RPTNMLQJKIKGFAA67DA,福和段一小段,1.29,都市：其他:第參種商業區(依都市計畫說明書圖規定辦理，始得作第參種商業區使用)(原屬第參種住宅區)。,100000,1975,持分移轉,03580005
RPOOMLQJKIKGFAA27DA,福和段一小段,6.35,都市：其他:第參種商業區(依都市計畫說明書圖規定辦理，始得作第參種商業區使用)(原屬第貳種商業區)。,100000,1444,持分移轉,03580000
RPOOMLQJKIKGFAA27DA,福和段一小段,.94,都市：其他:第參種商業區(依都市計畫說明書圖規定辦理，始得作第參種商業區使用)(原屬第參種住宅區)。,100000,1444,持分移轉,03580005
RPTNMLLKKIKGFAA37EA,興隆段一小段,2.53,都市：其他:第三種住宅區。,10000,127,持分移轉,03000000
RPSNMLLKJIKGFAA07DA,福和段一小段,6.35,都市：其他:第參種商業區(依都市計畫說明書圖規定辦理，始得作第參種商業區使用)(原屬第貳種商業區)。,100000,1444,持分移轉,03580000
RPTNMLLKKIKGFAA37EA,興隆段一小段,77.72,都市：其他:第二種住宅區。,10000,127,持分移轉,03030000
RPSNMLLKJIKGFAA07DA,福和段一小段,.94,都市：其他:第參種商業區(依都市計畫說明書圖規定辦理，始得作第參種商業區使用)(原屬第參種住宅區)。,100000,1444,持分移轉,03580005
RPVNMLKKKIKGFBA47DA,臨沂段一小段,8.15,都市：其他:第三種住宅區。,1000000,3789,持分移轉,06580000
RPWNMLLKKIKGFAA67EA,興隆段一小段,2.33,都市：其他:第三種住宅區。,10000,117,持分移轉,03000000
RPWNMLLKKIKGFAA67EA,興隆段一小段,71.60,都市：其他:第二種住宅區。,10000,117,持分移轉,03030000
RPPPMLPKKIKGFDA77DA,西松段二小段,6.17,都市：其他:第二種商業區。,100000,574,持分移轉,07220000
RPPPMLPKKIKGFDA77DA,西松段二小段,5.28,都市：其他:第三種住宅區。,100000,574,持分移轉,07220001
RPQOMLKKKIKGFBA17EA,雙園段三小段,16.61,都市：其他:第三種住宅區。,100000,1624,持分移轉,04060000
RPTNMLRKKIKGFBA97DA,臨沂段一小段,8.15,都市：其他:第三種住宅區。,2000000,7578,持分移轉,06580000
RPTNMLSKKIKGFDA28DA,西松段二小段,5.46,都市：其他:第二種商業區。,100000,508,持分移轉,07220000
RPTNMLSKKIKGFDA28DA,西松段二小段,4.67,都市：其他:第三種住宅區。,100000,508,持分移轉,07220001
RPPOMLKKKIKGFBA07EA,雙園段三小段,22.28,都市：其他:第三種住宅區。,100000,2178,持分移轉,04060000
RPPOMLPKKIKGFBA47DA,臨沂段一小段,8.15,都市：其他:第三種住宅區。,1000000,3789,持分移轉,06580000
RPSNMLTKKIKGFDA28DA,西松段二小段,2.96,都市：其他:第二種商業區。,100000,275,持分移轉,07220000
RPUNMLKKKIKGFBA47EA,雙園段三小段,18.83,都市：其他:第三種住宅區。,100000,1841,持分移轉,04060000
RPSNMLTKKIKGFDA28DA,西松段二小段,2.53,都市：其他:第三種住宅區。,100000,275,持分移轉,07220001
RPTNMLKKKIKGFBA37EA,雙園段三小段,16.61,都市：其他:第三種住宅區。,100000,1624,持分移轉,04060000
RPQNMLLKJIKGFAA86DA,福和段一小段,6.35,都市：其他:第參種商業區(依都市計畫說明書圖規定辦理，始得作第參種商業區使用)(原屬第貳種商業區)。,100000,1444,持分移轉,03580000
RPSPMLMLKIKGFDA87DA,西松段二小段,2.66,都市：其他:第二種商業區。,100000,247,持分移轉,07220000
RPQNMLLKJIKGFAA86DA,福和段一小段,.94,都市：其他:第參種商業區(依都市計畫說明書圖規定辦理，始得作第參種商業區使用)(原屬第參種住宅區)。,100000,1444,持分移轉,03580005
RPSPMLMLKIKGFDA87DA,西松段二小段,2.27,都市：其他:第三種住宅區。,100000,247,持分移轉,07220001
RPTPMLMLKIKGFDA97DA,西松段二小段,2.64,都市：其他:第二種商業區。,100000,246,持分移轉,07220000
RPTPMLMLKIKGFDA97DA,西松段二小段,2.26,都市：其他:第三種住宅區。,100000,246,持分移轉,07220001
RPOOMLOLKIKGFDA57DA,西松段二小段,2.70,都市：其他:第二種商業區。,100000,251,持分移轉,07220000
RPOOMLOLKIKGFDA57DA,西松段二小段,2.31,都市：其他:第三種住宅區。,100000,251,持分移轉,07220001
RPTOMLQKKIKGFDA28EA,敦化段一小段,27.25,都市：其他:第三種住宅區。,10000,209,持分移轉,04400000
RPXNMLKKKIKGFBA77EA,雙園段三小段,15.87,都市：其他:第三種住宅區。,100000,1551,持分移轉,04060000
RPWVMLMKNHKGFDA98DA,南港段三小段,41.77,都市：其他:第三種住宅區。,100000,1385,持分移轉,05090000
RPOOMLKKKIKGFBA96EA,雙園段三小段,22.28,都市：其他:第三種住宅區。,100000,2178,持分移轉,04060000
RPXNMLRKKIKGFEA68DA,振興段一小段,22.44,都市：其他:第三種住宅區。,10000,400,持分移轉,04020000
RPVNMLKKKIKGFBA57EA,雙園段三小段,15.87,都市：其他:第三種住宅區。,100000,1551,持分移轉,04060000
RPWNMLKKKIKGFBA67EA,雙園段三小段,18.83,都市：其他:第三種住宅區。,100000,1841,持分移轉,04060000
RPPNMLLMKIKGFBA17DA,臨沂段一小段,8.09,都市：其他:第三種住宅區。,1000000,3759,持分移轉,06580000
RPUOMLQJKIKGFAA87DA,福和段一小段,7.90,都市：其他:第參種商業區(依都市計畫說明書圖規定辦理，始得作第參種商業區使用)(原屬第貳種商業區)。,100000,1797,持分移轉,03580000
RPOOMLPJJHLGFBA17DA,臨沂段一小段,10.30,都市：其他:第三種住宅區。,1000000,4789,持分移轉,06580000
RPUOMLQJKIKGFAA87DA,福和段一小段,1.17,都市：其他:第參種商業區(依都市計畫說明書圖規定辦理，始得作第參種商業區使用)(原屬第參種住宅區)。,100000,1797,持分移轉,03580005
RPXPMLMJJHLGFDA08DA,西松段二小段,5.01,都市：其他:第二種商業區。,100000,466,持分移轉,07220000
RPXPMLMJJHLGFDA08DA,西松段二小段,4.28,都市：其他:第三種住宅區。,100000,466,持分移轉,07220001
RPPPMLRKKIKGFEA08DA,振興段一小段,22.44,都市：其他:第三種住宅區。,10000,400,持分移轉,04020000
RPWOMLQJKIKGFAA08DA,福和段一小段,4.36,都市：其他:第參種商業區(依都市計畫說明書圖規定辦理，始得作第參種商業區使用)(原屬第貳種商業區)。,100000,991,持分移轉,03580000
RPWOMLQJKIKGFAA08DA,福和段一小段,.65,都市：其他:第參種商業區(依都市計畫說明書圖規定辦理，始得作第參種商業區使用)(原屬第參種住宅區)。,100000,991,持分移轉,03580005
RPOOMLQJJHLGFDA47DA,西松段二小段,6.61,都市：其他:第二種商業區。,100000,615,持分移轉,07220000
RPOOMLQJJHLGFDA47DA,西松段二小段,5.65,都市：其他:第三種住宅區。,100000,615,持分移轉,07220001
RPXNMLOKJHLGFDA18DA,美仁段一小段,34.94,都市：其他:第三種住宅區。,10000,310,持分移轉,07120000
RPPNMLLLJHLGFAA86DA,福和段一小段,8.68,都市：其他:第參種商業區(依都市計畫說明書圖規定辦理，始得作第參種商業區使用)(原屬第貳種商業區)。,100000,1975,持分移轉,03580000
RPPNMLLLJHLGFAA86DA,福和段一小段,1.29,都市：其他:第參種商業區(依都市計畫說明書圖規定辦理，始得作第參種商業區使用)(原屬第參種住宅區)。,100000,1975,持分移轉,03580005
RPVNMLKLJHLGFAA37DA,興隆段一小段,3.35,都市：其他:第三種住宅區。,10000,168,持分移轉,03000000
RPVNMLKLJHLGFAA37DA,興隆段一小段,102.81,都市：其他:第二種住宅區。,10000,168,持分移轉,03030000
RPRNMLQLJHLGFBA67DA,漢中段三小段,5.19,都市：其他:第四種商業區,1000000000,13580000,持分移轉,09250000
RPRNMLNLJHLGFAA37EA,興隆段一小段,5.05,都市：其他:第三種住宅區。,10000,253,持分移轉,03000000
RPRNMLNLJHLGFAA37EA,興隆段一小段,154.82,都市：其他:第二種住宅區。,10000,253,持分移轉,03030000
RPXOMLRLJHLGFBA48DA,漢中段三小段,4.34,都市：其他:第四種商業區,1000000000,11350000,持分移轉,09250000
RPOOMLKMKIKGFBA07DA,臨沂段一小段,11.37,都市：其他:第三種住宅區。,1000000,5285,持分移轉,06580000
RPQWMLPJJIKGFCA28DA,長安段四小段,3.99,都市：其他:第參種商業區(依都市計畫說明書圖規定辦理，始得作第參種商業區使用)(原屬第貳種商業區)。,10000,149,持分移轉,00080000
RPQWMLPJJIKGFCA28DA,長安段四小段,3.81,都市：其他:第參種商業區(依都市計畫說明書圖規定辦理，始得作第參種商業區使用)(原屬第參之貳種住宅區)。,10000,149,持分移轉,00080001
RPOPMLRLJHLGFBA67DA,漢中段三小段,4.34,都市：其他:第四種商業區,1000000000,11350000,持分移轉,09250000
RPVPMLMJKHLGFBA77DA,漢中段三小段,4.34,都市：其他:第四種商業區,1000000000,11350000,持分移轉,09250000
RPWNMLOKJHLGFDA08DA,美仁段一小段,34.94,都市：其他:第三種住宅區。,10000,310,持分移轉,07120000
RPPNMLNKKHLGFBA17DA,漢中段三小段,4.34,都市：其他:第四種商業區,1000000000,11350000,持分移轉,09250000
RPUOMLRKIIKGFCA08DA,北安段三小段,2.03,都市：其他:第三種住宅區。,10000,98,持分移轉,09190000
RPUOMLRKIIKGFCA08DA,北安段三小段,.34,都市：其他:第三種住宅區。,10000,98,持分移轉,09190001
RPUOMLRKIIKGFCA08DA,北安段三小段,.81,都市：其他:第三種住宅區。,10000,98,持分移轉,09190002
RPWPMLMJKHLGFBA87DA,漢中段三小段,4.34,都市：其他:第四種商業區,1000000000,11350000,持分移轉,09250000
RPUOMLRKIIKGFCA08DA,北安段三小段,15.99,都市：其他:第三之二種住宅區。,10000,98,持分移轉,09200000
RPUOMLRKIIKGFCA08DA,北安段三小段,.04,都市：其他:第三之二種住宅區。,10000,98,持分移轉,09200001
RPUOMLRKIIKGFCA08DA,北安段三小段,1.22,都市：其他:第三之二種住宅區。,10000,98,持分移轉,09200002
RPUOMLRKIIKGFCA08DA,北安段三小段,.01,都市：其他:第三之二種住宅區。,10000,98,持分移轉,09210000
RPQNMLTJKHLGFDA08EA,敦化段一小段,22.17,都市：其他:第三種住宅區。,10000,170,持分移轉,04400000
RPSQMLPJJIKGFCA87DA,長安段四小段,3.59,都市：其他:第參種商業區(依都市計畫說明書圖規定辦理，始得作第參種商業區使用)(原屬第貳種商業區)。,10000,134,持分移轉,00080000
RPSQMLPJJIKGFCA87DA,長安段四小段,3.43,都市：其他:第參種商業區(依都市計畫說明書圖規定辦理，始得作第參種商業區使用)(原屬第參之貳種住宅區)。,10000,134,持分移轉,00080001
RPSOMLNLJHLGFAA47DA,萬慶段三小段,12.59,都市：其他:第三之一種住宅區。,100000,4156,持分移轉,02210000
RPQNMLNKKHLGFBA27DA,漢中段三小段,4.34,都市：其他:第四種商業區,1000000000,11350000,持分移轉,09250000
RPUOMLNLKHLGFDA08DA,西松段二小段,4.07,都市：其他:第二種商業區。,100000,379,持分移轉,07220000
RPUOMLNLKHLGFDA08DA,西松段二小段,3.48,都市：其他:第三種住宅區。,100000,379,持分移轉,07220001
RPTOMLLKJIKGFAA27DA,福和段一小段,5.76,都市：其他:第參種商業區(依都市計畫說明書圖規定辦理，始得作第參種商業區使用)(原屬第貳種商業區)。,100000,1310,持分移轉,03580000
RPTOMLLKJIKGFAA27DA,福和段一小段,.85,都市：其他:第參種商業區(依都市計畫說明書圖規定辦理，始得作第參種商業區使用)(原屬第參種住宅區)。,100000,1310,持分移轉,03580005
RPSQMLNLJHLGFAA67DA,萬慶段三小段,12.59,都市：其他:第三之一種住宅區。,100000,4156,持分移轉,02210000
RPTNMLNLJHLGFAA47DA,萬慶段三小段,10.26,都市：其他:第三之一種住宅區。,100000,3385,持分移轉,02210000
RPUOMLLKJIKGFAA37DA,福和段一小段,5.76,都市：其他:第參種商業區(依都市計畫說明書圖規定辦理，始得作第參種商業區使用)(原屬第貳種商業區)。,100000,1310,持分移轉,03580000
RPUOMLLKJIKGFAA37DA,福和段一小段,.85,都市：其他:第參種商業區(依都市計畫說明書圖規定辦理，始得作第參種商業區使用)(原屬第參種住宅區)。,100000,1310,持分移轉,03580005
RPPOMLSLIIKGFDA97EA,敦化段一小段,34.30,都市：其他:第三種住宅區。,10000,263,持分移轉,04400000
RPRNMLLKKIKGFAA17EA,興隆段一小段,3.59,都市：其他:第三種住宅區。,10000,180,持分移轉,03000000
RPRNMLLKKIKGFAA17EA,興隆段一小段,110.15,都市：其他:第二種住宅區。,10000,180,持分移轉,03030000
RPWNMLSLIIKGFDA58EA,敦化段一小段,34.16,都市：其他:第三種住宅區。,20000,524,持分移轉,04400000
RPUPMLNLJHLGFAA77DA,萬慶段三小段,7.45,都市：其他:第三之一種住宅區。,100000,2459,持分移轉,02210000
RPQNMLNLJHLGFAA27EA,興隆段一小段,5.19,都市：其他:第三種住宅區。,10000,260,持分移轉,03000000
RPQNMLNLJHLGFAA27EA,興隆段一小段,159.11,都市：其他:第二種住宅區。,10000,260,持分移轉,03030000
RPSOMLKLJHLGFBA27DA,臨沂段一小段,8.15,都市：其他:第三種住宅區。,1000000,3789,持分移轉,06580000
RPUOMLQKKIKGFDA38EA,敦化段一小段,22.17,都市：其他:第三種住宅區。,10000,170,持分移轉,04400000
RPPNMLSLJHLGFBA67DA,漢中段三小段,5.19,都市：其他:第四種商業區,1000000000,13580000,持分移轉,09250000
RPWOMLLJKIKGFCA77DA,北安段三小段,2.53,都市：其他:第三種住宅區。,10000,122,持分移轉,09190000
RPWOMLLJKIKGFCA77DA,北安段三小段,.43,都市：其他:第三種住宅區。,10000,122,持分移轉,09190001
RPWOMLLJKIKGFCA77DA,北安段三小段,1.01,都市：其他:第三種住宅區。,10000,122,持分移轉,09190002
RPWOMLLJKIKGFCA77DA,北安段三小段,19.90,都市：其他:第三之二種住宅區。,10000,122,持分移轉,09200000
RPWOMLLJKIKGFCA77DA,北安段三小段,.05,都市：其他:第三之二種住宅區。,10000,122,持分移轉,09200001
RPWOMLLJKIKGFCA77DA,北安段三小段,1.52,都市：其他:第三之二種住宅區。,10000,122,持分移轉,09200002
RPWOMLLJKIKGFCA77DA,北安段三小段,.01,都市：其他:第三之二種住宅區。,10000,122,持分移轉,09210000
RPTNMLTLJHLGFBA18DA,漢中段三小段,5.19,都市：其他:第四種商業區,1000000000,13580000,持分移轉,09250000
RPXNMLTLJHLGFBA58DA,漢中段三小段,5.19,都市：其他:第四種商業區,1000000000,13580000,持分移轉,09250000
RPPPMLNLJHLGFAA27DA,萬慶段三小段,7.45,都市：其他:第三之一種住宅區。,100000,2459,持分移轉,02210000
RPSNMLLLJHLGFBA27DA,臨沂段一小段,11.37,都市：其他:第三種住宅區。,1000000,5285,持分移轉,06580000
RPPQMLMJKHLGFBA27DA,漢中段三小段,3.25,都市：其他:第四種商業區,1000000000,8500000,持分移轉,09250000
RPSPMLNLJHLGFAA57DA,萬慶段三小段,7.45,都市：其他:第三之一種住宅區。,100000,2459,持分移轉,02210000
RPSNMLTJKHLGFAA87DA,興隆段一小段,1.74,都市：其他:第三種住宅區。,10000,87,持分移轉,03000000
RPSNMLTJKHLGFAA87DA,興隆段一小段,53.24,都市：其他:第二種住宅區。,10000,87,持分移轉,03030000
RPTQMLNLJHLGFAA77DA,萬慶段三小段,10.26,都市：其他:第三之一種住宅區。,100000,3385,持分移轉,02210000
RPUOMLNLJHLGFAA67DA,萬慶段三小段,12.59,都市：其他:第三之一種住宅區。,100000,4156,持分移轉,02210000
RPQOMLTLJHLGFBA97DA,漢中段三小段,5.19,都市：其他:第四種商業區,1000000000,13580000,持分移轉,09250000
RPSNMLNJLHLGFAA37DA,興隆段一小段,4.63,都市：其他:第三種住宅區。,10000,232,持分移轉,03000000
RPSNMLNJLHLGFAA37DA,興隆段一小段,141.97,都市：其他:第二種住宅區。,10000,232,持分移轉,03030000
RPOOMLLKJIKGFAA76DA,福和段一小段,4.66,都市：其他:第參種商業區(依都市計畫說明書圖規定辦理，始得作第參種商業區使用)(原屬第貳種商業區)。,100000,1060,持分移轉,03580000
RPOOMLLKJIKGFAA76DA,福和段一小段,.69,都市：其他:第參種商業區(依都市計畫說明書圖規定辦理，始得作第參種商業區使用)(原屬第參種住宅區)。,100000,1060,持分移轉,03580005
RPUQMLNLJHLGFAA87DA,萬慶段三小段,12.59,都市：其他:第三之一種住宅區。,100000,4156,持分移轉,02210000
RPPOMLSJKIKGFAA57DA,福和段一小段,6.35,都市：其他:第參種商業區(依都市計畫說明書圖規定辦理，始得作第參種商業區使用)(原屬第貳種商業區)。,100000,1444,持分移轉,03580000
RPPOMLSJKIKGFAA57DA,福和段一小段,.94,都市：其他:第參種商業區(依都市計畫說明書圖規定辦理，始得作第參種商業區使用)(原屬第參種住宅區)。,100000,1444,持分移轉,03580005
RPVQMLNLJHLGFAA97DA,萬慶段三小段,7.45,都市：其他:第三之一種住宅區。,100000,2459,持分移轉,02210000
SPOOMLPKJHLGFAA27DA,福和段一小段,4.16,都市：其他:第三種商業區(特),100000,946,持分移轉,03580000
SPOOMLPKJHLGFAA27DA,福和段一小段,.62,都市：其他:第三種商業區(特),100000,946,持分移轉,03580005
RPWNMLKLJHLGFFA97DA,龍泉段一小段,19.65,都市：其他:第三種住宅區。,100000,917,持分移轉,11620000
RPSNMLRKKIKGFAA77DA,景美段五小段,6.21,都市：其他:第三種商業區。,100000,635,持分移轉,05360000
RPPPMLRLJHLGFBA77DA,漢中段三小段,4.34,都市：其他:第四種商業區,1000000000,11350000,持分移轉,09250000
RPTNMLQLJHLGFBA87DA,漢中段三小段,5.19,都市：其他:第四種商業區,1000000000,13580000,持分移轉,09250000
RPRQMLNLJHLGFAA57DA,萬慶段三小段,10.26,都市：其他:第三之一種住宅區。,100000,3385,持分移轉,02210000
RPWQMLNLJHLGFAA08DA,萬慶段三小段,7.45,都市：其他:第三之一種住宅區。,100000,2459,持分移轉,02210000
RPOPMLNLJHLGFAA17DA,萬慶段三小段,7.45,都市：其他:第三之一種住宅區。,100000,2459,持分移轉,02210000
RPUNMLTJKHLGFBA18DA,漢中段三小段,3.80,都市：其他:第四種商業區,1000000000,9940000,持分移轉,09250000
RPXNMLSKJIKGFCA48DA,中山段一小段,13.29,都市：其他:第肆種商業區(依都市計畫說明書圖規定辦理，始得作第肆種商業區使用)(原屬第參種商業區)。,200000,2668,持分移轉,05330000
RPSOMLQJKIKGFAA67DA,福和段一小段,5.76,都市：其他:第參種商業區(依都市計畫說明書圖規定辦理，始得作第參種商業區使用)(原屬第貳種商業區)。,100000,1310,持分移轉,03580000
RPSOMLQJKIKGFAA67DA,福和段一小段,.85,都市：其他:第參種商業區(依都市計畫說明書圖規定辦理，始得作第參種商業區使用)(原屬第參種住宅區)。,100000,1310,持分移轉,03580005
RPQNMLSLJHLGFBA77DA,漢中段三小段,5.19,都市：其他:第四種商業區,1000000000,13580000,持分移轉,09250000
RPOOMLSLIIKGFDA87EA,敦化段一小段,27.25,都市：其他:第三種住宅區。,10000,209,持分移轉,04400000
RPPPMLSLJHLGFBA87DA,漢中段三小段,3.25,都市：其他:第四種商業區,1000000000,8500000,持分移轉,09250000
RPSNMLKLJHLGFAA07DA,景美段五小段,4.91,都市：其他:第三種商業區,100000,502,持分移轉,05360000
RPRNMLLKJIKGFAA96DA,福和段一小段,6.35,都市：其他:第參種商業區(依都市計畫說明書圖規定辦理，始得作第參種商業區使用)(原屬第貳種商業區)。,100000,1444,持分移轉,03580000
RPRNMLLKJIKGFAA96DA,福和段一小段,.94,都市：其他:第參種商業區(依都市計畫說明書圖規定辦理，始得作第參種商業區使用)(原屬第參種住宅區)。,100000,1444,持分移轉,03580005
RPQPMLLKJIKGFAA07DA,福和段一小段,5.08,都市：其他:第參種商業區(依都市計畫說明書圖規定辦理，始得作第參種商業區使用)(原屬第貳種商業區)。,100000,1155,持分移轉,03580000
RPQPMLLKJIKGFAA07DA,福和段一小段,.75,都市：其他:第參種商業區(依都市計畫說明書圖規定辦理，始得作第參種商業區使用)(原屬第參種住宅區)。,100000,1155,持分移轉,03580005
RPOVMLPJJIKGFCA97DA,長安段四小段,3.59,都市：其他:第參種商業區(依都市計畫說明書圖規定辦理，始得作第參種商業區使用)(原屬第貳種商業區)。,100000,1340,持分移轉,00080000
RPPNMLQJKIKGFAA27DA,福和段一小段,4.66,都市：其他:第參種商業區(依都市計畫說明書圖規定辦理，始得作第參種商業區使用)(原屬第貳種商業區)。,100000,1060,持分移轉,03580000
RPOVMLPJJIKGFCA97DA,長安段四小段,3.43,都市：其他:第參種商業區(依都市計畫說明書圖規定辦理，始得作第參種商業區使用)(原屬第參之貳種住宅區)。,100000,1340,持分移轉,00080001
RPPNMLQJKIKGFAA27DA,福和段一小段,.69,都市：其他:第參種商業區(依都市計畫說明書圖規定辦理，始得作第參種商業區使用)(原屬第參種住宅區)。,100000,1060,持分移轉,03580005
RPQNMLQJKIKGFAA37DA,福和段一小段,4.66,都市：其他:第參種商業區(依都市計畫說明書圖規定辦理，始得作第參種商業區使用)(原屬第貳種商業區)。,100000,1060,持分移轉,03580000
RPQNMLQJKIKGFAA37DA,福和段一小段,.69,都市：其他:第參種商業區(依都市計畫說明書圖規定辦理，始得作第參種商業區使用)(原屬第參種住宅區)。,100000,1060,持分移轉,03580005
RPPOMLQJKIKGFAA37DA,福和段一小段,4.66,都市：其他:第參種商業區(依都市計畫說明書圖規定辦理，始得作第參種商業區使用)(原屬第貳種商業區)。,100000,1060,持分移轉,03580000
RPPOMLQJKIKGFAA37DA,福和段一小段,.69,都市：其他:第參種商業區(依都市計畫說明書圖規定辦理，始得作第參種商業區使用)(原屬第參種住宅區)。,100000,1060,持分移轉,03580005
RPRNMLQJKIKGFAA47DA,福和段一小段,5.76,都市：其他:第參種商業區(依都市計畫說明書圖規定辦理，始得作第參種商業區使用)(原屬第貳種商業區)。,100000,1310,持分移轉,03580000
RPRNMLQJKIKGFAA47DA,福和段一小段,.85,都市：其他:第參種商業區(依都市計畫說明書圖規定辦理，始得作第參種商業區使用)(原屬第參種住宅區)。,100000,1310,持分移轉,03580005
RPUNMLPJKIKGFAA67DA,興安段三小段,21.69,都市：其他:第三種住宅區。,100000,2160,持分移轉,01060000
RPVNMLPJKIKGFAA77DA,興安段三小段,21.69,都市：其他:第三種住宅區。,100000,2160,持分移轉,01060000
RPQOMLPJKIKGFAA37DA,興安段三小段,21.69,都市：其他:第三種住宅區。,100000,2160,持分移轉,01060000
RPXNMLPJKIKGFAA97DA,興安段三小段,16.04,都市：其他:第三種住宅區。,100000,1598,持分移轉,01060000
RPXNMLLKJIKGFAA57DA,福和段一小段,4.66,都市：其他:第參種商業區(依都市計畫說明書圖規定辦理，始得作第參種商業區使用)(原屬第貳種商業區)。,100000,1060,持分移轉,03580000
RPWNMLPJKIKGFAA87DA,興安段三小段,16.04,都市：其他:第三種住宅區。,100000,1598,持分移轉,01060000
RPXNMLLKJIKGFAA57DA,福和段一小段,.69,都市：其他:第參種商業區(依都市計畫說明書圖規定辦理，始得作第參種商業區使用)(原屬第參種住宅區)。,100000,1060,持分移轉,03580005
RPOOMLPJKIKGFAA17DA,興安段三小段,15.93,都市：其他:第三種住宅區。,100000,1587,持分移轉,01060000
RPUNMLLKJIKGFAA27DA,福和段一小段,4.66,都市：其他:第參種商業區(依都市計畫說明書圖規定辦理，始得作第參種商業區使用)(原屬第貳種商業區)。,100000,1060,持分移轉,03580000
RPUNMLLKJIKGFAA27DA,福和段一小段,.69,都市：其他:第參種商業區(依都市計畫說明書圖規定辦理，始得作第參種商業區使用)(原屬第參種住宅區)。,100000,1060,持分移轉,03580005
RPVPMLRKKIKGFEA68DA,振興段一小段,28.05,都市：其他:第三種住宅區。,10000,500,持分移轉,04020000
RPOOMLRKKIKGFEA87DA,振興段一小段,22.44,都市：其他:第三種住宅區。,10000,400,持分移轉,04020000
RPUPMLLKJIKGFAA47DA,福和段一小段,5.08,都市：其他:第參種商業區(依都市計畫說明書圖規定辦理，始得作第參種商業區使用)(原屬第貳種商業區)。,100000,1155,持分移轉,03580000
RPPOMLRKKIKGFEA97DA,振興段一小段,22.44,都市：其他:第三種住宅區。,10000,400,持分移轉,04020000
RPUPMLLKJIKGFAA47DA,福和段一小段,.75,都市：其他:第參種商業區(依都市計畫說明書圖規定辦理，始得作第參種商業區使用)(原屬第參種住宅區)。,100000,1155,持分移轉,03580005
RPTNMLOKJIKGFEA87DA,福林段三小段,19.25,都市：其他:第壹種商業區(依都市計畫說明書圖規定辦理，始得作第壹種商業區使用)(原屬第參之貳種住宅區)。,100000,2423,持分移轉,05990000
RPTNMLOKJIKGFEA87DA,福林段三小段,4.18,都市：其他:第三種住宅區。,100000,2423,持分移轉,06000002
RPVNMLRKKIKGFBA18DA,臨沂段一小段,11.49,都市：其他:第三種住宅區。,1000000,5340,持分移轉,06580000
RPUNMLOKJIKGFEA97DA,福林段三小段,19.25,都市：其他:第壹種商業區(依都市計畫說明書圖規定辦理，始得作第壹種商業區使用)(原屬第參之貳種住宅區)。,100000,2423,持分移轉,05990000
RPUNMLOKJIKGFEA97DA,福林段三小段,4.18,都市：其他:第三種住宅區。,100000,2423,持分移轉,06000002
RPSOMLOKJIKGFEA87DA,福林段三小段,18.73,都市：其他:第壹種商業區(依都市計畫說明書圖規定辦理，始得作第壹種商業區使用)(原屬第參之貳種住宅區)。,600000,14142,持分移轉,05990000
RPSOMLOKJIKGFEA87DA,福林段三小段,4.06,都市：其他:第三種住宅區。,600000,14142,持分移轉,06000002
RPWOMLOKJIKGFEA28DA,福林段三小段,18.73,都市：其他:第壹種商業區(依都市計畫說明書圖規定辦理，始得作第壹種商業區使用)(原屬第參之貳種住宅區)。,100000,2357,持分移轉,05990000
RPVOMLOKJIKGFEA18DA,福林段三小段,18.73,都市：其他:第壹種商業區(依都市計畫說明書圖規定辦理，始得作第壹種商業區使用)(原屬第參之貳種住宅區)。,100000,2357,持分移轉,05990000
RPVOMLOKJIKGFEA18DA,福林段三小段,4.06,都市：其他:第三種住宅區。,100000,2357,持分移轉,06000002
RPWOMLOKJIKGFEA28DA,福林段三小段,4.06,都市：其他:第三種住宅區。,100000,2357,持分移轉,06000002
RPWNMLLKJIKGFAA47DA,福和段一小段,4.66,都市：其他:第參種商業區(依都市計畫說明書圖規定辦理，始得作第參種商業區使用)(原屬第貳種商業區)。,100000,1060,持分移轉,03580000
RPWNMLLKJIKGFAA47DA,福和段一小段,.69,都市：其他:第參種商業區(依都市計畫說明書圖規定辦理，始得作第參種商業區使用)(原屬第參種住宅區)。,100000,1060,持分移轉,03580005
RPOPMLQJJIKGFCA47DA,中山段一小段,5.96,都市：其他:第肆種商業區(依都市計畫說明書圖規定辦理，始得作第肆種商業區使用)(原屬第參種商業區)。,200000,1196,持分移轉,05330000
RPPNMLKLKIKGFAA86DA,福和段一小段,11.01,都市：其他:第參種商業區(依都市計畫說明書圖規定辦理，始得作第參種商業區使用)(原屬第貳種商業區)。,100000,2504,持分移轉,03580000
RPVOMLQJKIKGFAA97DA,福和段一小段,11.01,都市：其他:第參種商業區(依都市計畫說明書圖規定辦理，始得作第參種商業區使用)(原屬第貳種商業區)。,100000,2504,持分移轉,03580000
RPVOMLQJKIKGFAA97DA,福和段一小段,1.63,都市：其他:第參種商業區(依都市計畫說明書圖規定辦理，始得作第參種商業區使用)(原屬第參種住宅區)。,100000,2504,持分移轉,03580005
RPPNMLKLKIKGFAA86DA,福和段一小段,1.63,都市：其他:第參種商業區(依都市計畫說明書圖規定辦理，始得作第參種商業區使用)(原屬第參種住宅區)。,100000,2504,持分移轉,03580005
RPQNMLKLKIKGFAA96DA,福和段一小段,4.84,都市：其他:第參種商業區(依都市計畫說明書圖規定辦理，始得作第參種商業區使用)(原屬第貳種商業區)。,100000,1100,持分移轉,03580000
RPQNMLKLKIKGFAA96DA,福和段一小段,.72,都市：其他:第參種商業區(依都市計畫說明書圖規定辦理，始得作第參種商業區使用)(原屬第參種住宅區)。,100000,1100,持分移轉,03580005
RPTNMLPKKIKGFAA67DA,景美段五小段,6.90,都市：其他:第三種商業區。,100000,706,持分移轉,05360000
RPRNMLRKKIKGFAA67DA,景美段五小段,7.28,都市：其他:第三種商業區。,100000,744,持分移轉,05360000
RPVOMLRKKIKGFAA18DA,景美段五小段,6.23,都市：其他:第三種商業區。,100000,637,持分移轉,05360000
RPXNMLPJJIKGFCA08DA,長安段四小段,3.40,都市：其他:第參種商業區(依都市計畫說明書圖規定辦理，始得作第參種商業區使用)(原屬第貳種商業區)。,10000,127,持分移轉,00080000
RPXNMLPJJIKGFCA08DA,長安段四小段,3.25,都市：其他:第參種商業區(依都市計畫說明書圖規定辦理，始得作第參種商業區使用)(原屬第參之貳種住宅區)。,10000,127,持分移轉,00080001
RPWNMLPJJIKGFCA97DA,長安段四小段,3.40,都市：其他:第參種商業區(依都市計畫說明書圖規定辦理，始得作第參種商業區使用)(原屬第貳種商業區)。,10000,127,持分移轉,00080000
RPWNMLPJJIKGFCA97DA,長安段四小段,3.25,都市：其他:第參種商業區(依都市計畫說明書圖規定辦理，始得作第參種商業區使用)(原屬第參之貳種住宅區)。,10000,127,持分移轉,00080001
RPPPMLOKJIKGFEA67DA,福林段三小段,11.14,都市：其他:第壹種商業區(依都市計畫說明書圖規定辦理，始得作第壹種商業區使用)(原屬第參之貳種住宅區)。,100000,1402,持分移轉,05990000
RPPPMLOKJIKGFEA67DA,福林段三小段,2.42,都市：其他:第三種住宅區。,100000,1402,持分移轉,06000002
RPSWMLPJJIKGFCA48DA,長安段四小段,4.18,都市：其他:第參種商業區(依都市計畫說明書圖規定辦理，始得作第參種商業區使用)(原屬第貳種商業區)。,10000,156,持分移轉,00080000
RPSWMLPJJIKGFCA48DA,長安段四小段,3.99,都市：其他:第參種商業區(依都市計畫說明書圖規定辦理，始得作第參種商業區使用)(原屬第參之貳種住宅區)。,10000,156,持分移轉,00080001
RPXQMLPJJIKGFCA38DA,長安段四小段,3.19,都市：其他:第參種商業區(依都市計畫說明書圖規定辦理，始得作第參種商業區使用)(原屬第貳種商業區)。,10000,119,持分移轉,00080000
RPXQMLPJJIKGFCA38DA,長安段四小段,3.05,都市：其他:第參種商業區(依都市計畫說明書圖規定辦理，始得作第參種商業區使用)(原屬第參之貳種住宅區)。,10000,119,持分移轉,00080001
RPQVMLPJJIKGFCA18DA,長安段四小段,3.59,都市：其他:第參種商業區(依都市計畫說明書圖規定辦理，始得作第參種商業區使用)(原屬第貳種商業區)。,10000,134,持分移轉,00080000
RPTNMLLKJIKGFAA17DA,福和段一小段,6.35,都市：其他:第參種商業區(依都市計畫說明書圖規定辦理，始得作第參種商業區使用)(原屬第貳種商業區)。,100000,1444,持分移轉,03580000
RPQVMLPJJIKGFCA18DA,長安段四小段,3.43,都市：其他:第參種商業區(依都市計畫說明書圖規定辦理，始得作第參種商業區使用)(原屬第參之貳種住宅區)。,10000,134,持分移轉,00080001
RPOOMLPKJHLGFAA17DA,福和段一小段,7.00,都市：其他:第三種商業區(特),100000,1593,持分移轉,03580000
RPTNMLLKJIKGFAA17DA,福和段一小段,.94,都市：其他:第參種商業區(依都市計畫說明書圖規定辦理，始得作第參種商業區使用)(原屬第參種住宅區)。,100000,1444,持分移轉,03580005
RPOOMLPKJHLGFAA17DA,福和段一小段,1.04,都市：其他:第三種商業區(特),100000,1593,持分移轉,03580005
RPOUMLPJJIKGFCA87DA,長安段四小段,3.40,都市：其他:第參種商業區(依都市計畫說明書圖規定辦理，始得作第參種商業區使用)(原屬第貳種商業區)。,10000,127,持分移轉,00080000
RPOUMLPJJIKGFCA87DA,長安段四小段,3.25,都市：其他:第參種商業區(依都市計畫說明書圖規定辦理，始得作第參種商業區使用)(原屬第參之貳種住宅區)。,10000,127,持分移轉,00080001
RPQOMLKLJHLGFBA07DA,臨沂段一小段,14.33,都市：其他:第三種住宅區。,1000000,6661,持分移轉,06580000
RPWRMLQJJIKGFCA48DA,中山段一小段,13.23,都市：其他:第肆種商業區(依都市計畫說明書圖規定辦理，始得作第肆種商業區使用)(原屬第參種商業區)。,200000,2657,持分移轉,05330000
RPVQMLPJJIKGFCA18DA,長安段四小段,3.19,都市：其他:第參種商業區(依都市計畫說明書圖規定辦理，始得作第參種商業區使用)(原屬第貳種商業區)。,10000,119,持分移轉,00080000
RPVQMLPJJIKGFCA18DA,長安段四小段,3.05,都市：其他:第參種商業區(依都市計畫說明書圖規定辦理，始得作第參種商業區使用)(原屬第參之貳種住宅區)。,10000,119,持分移轉,00080001
RPTPMLPJJIKGFCA87DA,長安段四小段,3.59,都市：其他:第參種商業區(依都市計畫說明書圖規定辦理，始得作第參種商業區使用)(原屬第貳種商業區)。,10000,134,持分移轉,00080000
RPXUMLPJJIKGFCA78DA,長安段四小段,4.18,都市：其他:第參種商業區(依都市計畫說明書圖規定辦理，始得作第參種商業區使用)(原屬第貳種商業區)。,10000,156,持分移轉,00080000
RPXUMLPJJIKGFCA78DA,長安段四小段,3.99,都市：其他:第參種商業區(依都市計畫說明書圖規定辦理，始得作第參種商業區使用)(原屬第參之貳種住宅區)。,10000,156,持分移轉,00080001
RPTPMLPJJIKGFCA87DA,長安段四小段,3.43,都市：其他:第參種商業區(依都市計畫說明書圖規定辦理，始得作第參種商業區使用)(原屬第參之貳種住宅區)。,10000,134,持分移轉,00080001
RPXQMLQJJIKGFCA48DA,中山段一小段,5.96,都市：其他:第肆種商業區(依都市計畫說明書圖規定辦理，始得作第肆種商業區使用)(原屬第參種商業區)。,200000,1196,持分移轉,05330000
RPPPMLPJJIKGFCA47DA,長安段四小段,4.18,都市：其他:第參種商業區(依都市計畫說明書圖規定辦理，始得作第參種商業區使用)(原屬第貳種商業區)。,10000,156,持分移轉,00080000
RPPPMLPJJIKGFCA47DA,長安段四小段,3.99,都市：其他:第參種商業區(依都市計畫說明書圖規定辦理，始得作第參種商業區使用)(原屬第參之貳種住宅區)。,10000,156,持分移轉,00080001
RPSNMLMJKHLGFEA57DA,溫泉段四小段,7.39,都市：其他:第三種商業區。,10000,125,持分移轉,02360000
RPTNMLLLJHLGFAA27DA,景美段五小段,10.76,都市：其他:第三種商業區,100000,1100,持分移轉,05360000
RPQOMLMJKHLGFBA17DA,臨沂段一小段,16.34,都市：其他:第三種住宅區。,1000000,7595,持分移轉,06580000
RPROMLSLJHLGFBA97DA,漢中段三小段,4.36,都市：其他:第四種商業區,1000000000,11410000,持分移轉,09250000
RPWOMLMJKHLGFBA77DA,漢中段三小段,4.36,都市：其他:第四種商業區,1000000000,11410000,持分移轉,09250000
RPRNMLLLJHLGFBA17DA,臨沂段一小段,18.46,都市：其他:第三種住宅區。,1000000,8579,持分移轉,06580000
RPRNMLMJKHLGFBA17DA,漢中段三小段,3.93,都市：其他:第四種商業區,1000000000,10280000,持分移轉,09250000
RPORMLQJJIKGFCA67DA,中山段一小段,13.23,都市：其他:第肆種商業區(依都市計畫說明書圖規定辦理，始得作第肆種商業區使用)(原屬第參種商業區)。,200000,2657,持分移轉,05330000
RPWOMLNLKHLGFBA08DA,臨沂段一小段,11.99,都市：其他:第三種住宅區。,1000000,5573,持分移轉,06580000
RPRNMLPJKHLGFAA37DA,景美段五小段,7.97,都市：其他:第三種商業區,100000,815,持分移轉,05360000
RPQNMLNKKHLGFFA67DA,龍泉段一小段,29.19,都市：其他:第三種住宅區。,400000,5448,持分移轉,11620000
RPQNMLNLKHLGFEA67DA,溫泉段四小段,8.33,都市：其他:第三種商業區。,10000,141,持分移轉,02360000
RPXTMLPJJIKGFCA68DA,中山段一小段,5.99,都市：其他:第肆種商業區(依都市計畫說明書圖規定辦理，始得作第肆種商業區使用)(原屬第參種商業區)。,200000,1203,持分移轉,05330000
RPQNMLQJKHLGFEA77DA,蘭雅段二小段,11.59,都市：其他:第三之二種住宅區。,10000,334,持分移轉,05670000
RPVNMLNLJHLGFAA67DA,萬慶段三小段,10.26,都市：其他:第三之一種住宅區。,100000,3385,持分移轉,02210000
RPQOMLPJKHLGFEA77DA,蘭雅段二小段,9.54,都市：其他:第三之二種住宅區。,10000,275,持分移轉,05670000
RPOPMLNJIIKGFCA07DA,北安段三小段,2.53,都市：其他:第三種住宅區。,10000,122,持分移轉,09190000
RPOPMLNJIIKGFCA07DA,北安段三小段,.43,都市：其他:第三種住宅區。,10000,122,持分移轉,09190001
RPOPMLRKKIKGFEA97DA,振興段一小段,22.44,都市：其他:第三種住宅區。,10000,400,持分移轉,04020000
RPOPMLNJIIKGFCA07DA,北安段三小段,1.01,都市：其他:第三種住宅區。,10000,122,持分移轉,09190002
RPOPMLNJIIKGFCA07DA,北安段三小段,19.90,都市：其他:第三之二種住宅區。,10000,122,持分移轉,09200000
RPOPMLNJIIKGFCA07DA,北安段三小段,.05,都市：其他:第三之二種住宅區。,10000,122,持分移轉,09200001
RPOPMLNJIIKGFCA07DA,北安段三小段,1.52,都市：其他:第三之二種住宅區。,10000,122,持分移轉,09200002
RPOPMLNJIIKGFCA07DA,北安段三小段,.01,都市：其他:第三之二種住宅區。,10000,122,持分移轉,09210000
RPTNMLPJKIKGFAA57DA,興安段三小段,28.58,都市：其他:第三種住宅區。,100000,2847,持分移轉,01060000
RPTNMLRKKIKGFEA28DA,振興段一小段,22.44,都市：其他:第三種住宅區。,10000,400,持分移轉,04020000
RPSNMLPJKIKGFAA47DA,興安段三小段,28.58,都市：其他:第三種住宅區。,100000,2847,持分移轉,01060000
RPTRMLKKKHLGFBA67DA,臨沂段一小段,14.09,都市：其他:第三種住宅區。,1000000,6548,持分移轉,06580000
RPQNMLTJKIKGFAA67DA,景美段五小段,6.23,都市：其他:第三種商業區。,100000,637,持分移轉,05360000
RPUOMLKKJIKGFCA47DA,中山段一小段,13.23,都市：其他:第肆種商業區(依都市計畫說明書圖規定辦理，始得作第肆種商業區使用)(原屬第參種商業區)。,200000,2657,持分移轉,05330000
RPQNMLRKKIKGFEA97DA,振興段一小段,22.44,都市：其他:第三種住宅區。,10000,400,持分移轉,04020000
RPUOMLRKJIKGFCA18DA,中山段一小段,6.01,都市：其他:第肆種商業區(依都市計畫說明書圖規定辦理，始得作第肆種商業區使用)(原屬第參種商業區)。,200000,1206,持分移轉,05330000
RPXOMLKKJIKGFCA77DA,中山段一小段,13.23,都市：其他:第肆種商業區(依都市計畫說明書圖規定辦理，始得作第肆種商業區使用)(原屬第參種商業區)。,200000,2657,持分移轉,05330000
RPOPMLMKKIKGFAA07DA,景美段五小段,6.47,都市：其他:第三種商業區。,100000,662,持分移轉,05360000
RPVOMLKKJIKGFCA57DA,中山段一小段,6.01,都市：其他:第肆種商業區(依都市計畫說明書圖規定辦理，始得作第肆種商業區使用)(原屬第參種商業區)。,200000,1206,持分移轉,05330000
RPPNMLSKKIKGFAA57DA,景美段五小段,6.84,都市：其他:第三種商業區。,100000,699,持分移轉,05360000
RPPNMLNLKIKGFAA17DA,景美段五小段,9.58,都市：其他:第三種商業區。,100000,980,持分移轉,05360000
RPQRMLQJJIKGFCA87DA,中山段一小段,13.18,都市：其他:第肆種商業區(依都市計畫說明書圖規定辦理，始得作第肆種商業區使用)(原屬第參種商業區)。,200000,2647,持分移轉,05330000
RPUOMLRKKIKGFAA08DA,景美段五小段,6.23,都市：其他:第三種商業區。,100000,637,持分移轉,05360000
RPRNMLMJJHLGFAA96DA,景美段五小段,6.23,都市：其他:第三種商業區,100000,637,持分移轉,05360000
RPXNMLMJJHLGFAA57DA,景美段五小段,6.47,都市：其他:第三種商業區,100000,662,持分移轉,05360000
RPVNMLMJJHLGFAA37DA,景美段五小段,6.84,都市：其他:第三種商業區,100000,699,持分移轉,05360000
RPTRMLQJJIKGFCA18DA,中山段一小段,13.23,都市：其他:第肆種商業區(依都市計畫說明書圖規定辦理，始得作第肆種商業區使用)(原屬第參種商業區)。,200000,2657,持分移轉,05330000
RPVNMLRKKIKGFAA08DA,景美段五小段,8.88,都市：其他:第三種商業區。,100000,908,持分移轉,05360000
RPUNMLRKKIKGFAA97DA,景美段五小段,9.23,都市：其他:第三種商業區。,100000,944,持分移轉,05360000
RPQOMLMJJHLGFAA96DA,景美段五小段,6.73,都市：其他:第三種商業區,100000,688,持分移轉,05360000
RPTQMLQJJIKGFCA08DA,中山段一小段,13.23,都市：其他:第肆種商業區(依都市計畫說明書圖規定辦理，始得作第肆種商業區使用)(原屬第參種商業區)。,200000,2657,持分移轉,05330000
RPXNMLRKKIKGFAA28DA,景美段五小段,6.23,都市：其他:第三種商業區。,100000,637,持分移轉,05360000
RPWQMLQJJIKGFCA38DA,中山段一小段,5.99,都市：其他:第肆種商業區(依都市計畫說明書圖規定辦理，始得作第肆種商業區使用)(原屬第參種商業區)。,200000,1203,持分移轉,05330000
RPXNMLTJJHLGFEA68DA,福林段三小段,19.25,都市：其他:第壹種商業區(依都市計畫說明書圖規定辦理，始得作第壹種商業區使用)(原屬第參之貳種住宅區)。,100000,2423,持分移轉,05990000
RPXNMLTJJHLGFEA68DA,福林段三小段,4.18,都市：其他:第三種住宅區。,100000,2423,持分移轉,06000002
RPWOMLOKJHLGFBA97DA,臨沂段一小段,8.09,都市：其他:第三種住宅區。,1000000,3759,持分移轉,06580000
RPQNMLTJJHLGFEA97DA,溫泉段四小段,8.33,都市：其他:第三種商業區。,10000,141,持分移轉,02360000
RPUOMLMJJHLGFAA37DA,景美段五小段,10.76,都市：其他:第三種商業區,100000,1100,持分移轉,05360000
RPVOMLMJJHLGFAA47DA,景美段五小段,9.79,都市：其他:第三種商業區,100000,1001,持分移轉,05360000
RPWNMLTJJHLGFEA58DA,福林段三小段,10.83,都市：其他:第壹種商業區(依都市計畫說明書圖規定辦理，始得作第壹種商業區使用)(原屬第參之貳種住宅區)。,100000,1363,持分移轉,05990000
RPVNMLLLJHLGFAA47DA,景美段五小段,8.88,都市：其他:第三種商業區,100000,908,持分移轉,05360000
RPWNMLTJJHLGFEA58DA,福林段三小段,2.35,都市：其他:第三種住宅區。,100000,1363,持分移轉,06000002
RPVNMLTKKIKGFAA28DA,景美段五小段,6.65,都市：其他:第三種商業區。,100000,680,持分移轉,05360000
RPQNMLKLJHLGFAA86DA,景美段五小段,6.84,都市：其他:第三種商業區,100000,699,持分移轉,05360000
RPVNMLPJJIKGFCA87DA,長安段四小段,3.40,都市：其他:第參種商業區(依都市計畫說明書圖規定辦理，始得作第參種商業區使用)(原屬第貳種商業區)。,10000,127,持分移轉,00080000
RPVNMLPJJIKGFCA87DA,長安段四小段,3.25,都市：其他:第參種商業區(依都市計畫說明書圖規定辦理，始得作第參種商業區使用)(原屬第參之貳種住宅區)。,10000,127,持分移轉,00080001
RPXNMLMJKHLGFBA77DA,臨沂段一小段,18.47,都市：其他:第三種住宅區。,1000000,8583,持分移轉,06580000
RPQQMLPJJIKGFCA67DA,長安段四小段,3.59,都市：其他:第參種商業區(依都市計畫說明書圖規定辦理，始得作第參種商業區使用)(原屬第貳種商業區)。,10000,134,持分移轉,00080000
RPQQMLPJJIKGFCA67DA,長安段四小段,3.43,都市：其他:第參種商業區(依都市計畫說明書圖規定辦理，始得作第參種商業區使用)(原屬第參之貳種住宅區)。,10000,134,持分移轉,00080001
RPRQMLPJJIKGFCA77DA,長安段四小段,3.59,都市：其他:第參種商業區(依都市計畫說明書圖規定辦理，始得作第參種商業區使用)(原屬第貳種商業區)。,10000,134,持分移轉,00080000
RPRQMLPJJIKGFCA77DA,長安段四小段,3.43,都市：其他:第參種商業區(依都市計畫說明書圖規定辦理，始得作第參種商業區使用)(原屬第參之貳種住宅區)。,10000,134,持分移轉,00080001
RPUNMLNLJHLGFAA57DA,萬慶段三小段,10.26,都市：其他:第三之一種住宅區。,100000,3385,持分移轉,02210000
RPXOMLNLJHLGFAA97DA,萬慶段三小段,7.45,都市：其他:第三之一種住宅區。,100000,2459,持分移轉,02210000
RPTOMLRLJHLGFCA18DA,長安段四小段,3.59,都市：其他:第參種商業區(依都市計畫說明書圖規定辦理，始得作第參種商業區使用)(原屬第貳種商業區)。,20000,268,持分移轉,00080000
RPTOMLRLJHLGFCA18DA,長安段四小段,3.43,都市：其他:第參種商業區(依都市計畫說明書圖規定辦理，始得作第參種商業區使用)(原屬第參之貳種住宅區)。,20000,268,持分移轉,00080001
RPWVMLPJJIKGFCA78DA,長安段四小段,3.19,都市：其他:第參種商業區(依都市計畫說明書圖規定辦理，始得作第參種商業區使用)(原屬第貳種商業區)。,10000,119,持分移轉,00080000
RPWVMLPJJIKGFCA78DA,長安段四小段,3.05,都市：其他:第參種商業區(依都市計畫說明書圖規定辦理，始得作第參種商業區使用)(原屬第參之貳種住宅區)。,10000,119,持分移轉,00080001
RPQQMLNLJHLGFAA47DA,萬慶段三小段,12.59,都市：其他:第三之一種住宅區。,100000,4156,持分移轉,02210000
RPXPMLNLJHLGFAA08DA,萬慶段三小段,7.45,都市：其他:第三之一種住宅區。,100000,2459,持分移轉,02210000
RPSVMLPJJIKGFCA38DA,中山段一小段,6.01,都市：其他:第肆種商業區(依都市計畫說明書圖規定辦理，始得作第肆種商業區使用)(原屬第參種商業區)。,200000,1206,持分移轉,05330000
RPXNMLPJKHLGFEA38DA,蘭雅段二小段,8.50,都市：其他:第三之二種住宅區。,10000,245,持分移轉,05670000
RPRRMLQJJIKGFCA97DA,中山段一小段,6.01,都市：其他:第肆種商業區(依都市計畫說明書圖規定辦理，始得作第肆種商業區使用)(原屬第參種商業區)。,200000,1206,持分移轉,05330000
RPRPMLKKJIKGFCA27DA,中山段一小段,13.29,都市：其他:第肆種商業區(依都市計畫說明書圖規定辦理，始得作第肆種商業區使用)(原屬第參種商業區)。,400000,5336,持分移轉,05330000
RPVNMLQJJIKGFCA97DA,中山段一小段,13.23,都市：其他:第肆種商業區(依都市計畫說明書圖規定辦理，始得作第肆種商業區使用)(原屬第參種商業區)。,200000,2657,持分移轉,05330000
RPTNMLQJJIKGFCA77DA,中山段一小段,12.76,都市：其他:第肆種商業區(依都市計畫說明書圖規定辦理，始得作第肆種商業區使用)(原屬第參種商業區)。,200000,2562,持分移轉,05330000
RPXNMLSLIIKGFDA68EA,敦化段一小段,22.17,都市：其他:第三種住宅區。,10000,170,持分移轉,04400000
RPPNMLOJKIKGFCA37EA,中山段一小段,13.71,都市：其他:第肆種商業區(依都市計畫說明書圖規定辦理，始得作第肆種商業區使用)(原屬第參種商業區)。,400000,5506,持分移轉,05330000
RPOOMLPKKIKGFBA37DA,臨沂段一小段,8.15,都市：其他:第三種住宅區。,1000000,3789,持分移轉,06580000
RPPSMLQJJIKGFCA87DA,中山段一小段,13.23,都市：其他:第肆種商業區(依都市計畫說明書圖規定辦理，始得作第肆種商業區使用)(原屬第參種商業區)。,200000,2657,持分移轉,05330000
RPVNMLOKJIKGFEA08DA,福林段三小段,19.25,都市：其他:第壹種商業區(依都市計畫說明書圖規定辦理，始得作第壹種商業區使用)(原屬第參之貳種住宅區)。,100000,2423,持分移轉,05990000
RPVNMLOKJIKGFEA08DA,福林段三小段,4.18,都市：其他:第三種住宅區。,100000,2423,持分移轉,06000002
RPWNMLPKKIKGFBA08DA,臨沂段一小段,8.15,都市：其他:第三種住宅區。,1000000,3789,持分移轉,06580000
RPTPMLSJKIKGFDA38DA,信義段一小段,1.63,都市：其他:第三種住宅區。,100000,1329,持分移轉,04160000
RPUOMLPJKIKGFFA28DA,龍泉段一小段,25.52,都市：其他:第三種住宅區。,100000,1191,持分移轉,11620000
RPTPMLSJKIKGFDA38DA,信義段一小段,8.35,都市：其他:第三之一種住宅區。,100000,1329,持分移轉,04340000
RPTOMLOKJIKGFEA97DA,福林段三小段,18.73,都市：其他:第壹種商業區(依都市計畫說明書圖規定辦理，始得作第壹種商業區使用)(原屬第參之貳種住宅區)。,100000,2357,持分移轉,05990000
RPXNMLPKKIKGFBA18DA,臨沂段一小段,8.09,都市：其他:第三種住宅區。,2000000,7518,持分移轉,06580000
RPTOMLOKJIKGFEA97DA,福林段三小段,4.06,都市：其他:第三種住宅區。,100000,2357,持分移轉,06000002
RPUOMLOKJIKGFEA08DA,福林段三小段,18.73,都市：其他:第壹種商業區(依都市計畫說明書圖規定辦理，始得作第壹種商業區使用)(原屬第參之貳種住宅區)。,100000,2357,持分移轉,05990000
RPUOMLOKJIKGFEA08DA,福林段三小段,4.06,都市：其他:第三種住宅區。,100000,2357,持分移轉,06000002
RPXOMLKKKIKGFDA97DA,信義段一小段,1.69,都市：其他:第三種住宅區。,100000,1372,持分移轉,04160000
RPXOMLKKKIKGFDA97DA,信義段一小段,8.62,都市：其他:第三之一種住宅區。,100000,1372,持分移轉,04340000
RPQOMLOKJIKGFEA67DA,福林段三小段,19.25,都市：其他:第壹種商業區(依都市計畫說明書圖規定辦理，始得作第壹種商業區使用)(原屬第參之貳種住宅區)。,200000,4846,持分移轉,05990000
RPQOMLOKJIKGFEA67DA,福林段三小段,4.18,都市：其他:第三種住宅區。,200000,4846,持分移轉,06000002
RPWNMLOKJIKGFEA18DA,福林段三小段,19.25,都市：其他:第壹種商業區(依都市計畫說明書圖規定辦理，始得作第壹種商業區使用)(原屬第參之貳種住宅區)。,100000,2423,持分移轉,05990000
RPWNMLOKJIKGFEA18DA,福林段三小段,4.18,都市：其他:第三種住宅區。,100000,2423,持分移轉,06000002
RPQPMLOKJIKGFEA77DA,福林段三小段,11.14,都市：其他:第壹種商業區(依都市計畫說明書圖規定辦理，始得作第壹種商業區使用)(原屬第參之貳種住宅區)。,100000,1402,持分移轉,05990000
RPQPMLOKJIKGFEA77DA,福林段三小段,2.42,都市：其他:第三種住宅區。,100000,1402,持分移轉,06000002
RPOPMLOKJIKGFEA57DA,福林段三小段,11.14,都市：其他:第壹種商業區(依都市計畫說明書圖規定辦理，始得作第壹種商業區使用)(原屬第參之貳種住宅區)。,100000,1402,持分移轉,05990000
RPOPMLOKJIKGFEA57DA,福林段三小段,2.42,都市：其他:第三種住宅區。,100000,1402,持分移轉,06000002
RPRPMLOKJIKGFEA87DA,福林段三小段,11.14,都市：其他:第壹種商業區(依都市計畫說明書圖規定辦理，始得作第壹種商業區使用)(原屬第參之貳種住宅區)。,100000,1402,持分移轉,05990000
RPRPMLOKJIKGFEA87DA,福林段三小段,2.42,都市：其他:第三種住宅區。,100000,1402,持分移轉,06000002
RPOQMLOKJIKGFEA67DA,福林段三小段,11.14,都市：其他:第壹種商業區(依都市計畫說明書圖規定辦理，始得作第壹種商業區使用)(原屬第參之貳種住宅區)。,100000,1402,持分移轉,05990000
RPQQMLOKJIKGFEA87DA,福林段三小段,10.83,都市：其他:第壹種商業區(依都市計畫說明書圖規定辦理，始得作第壹種商業區使用)(原屬第參之貳種住宅區)。,100000,1363,持分移轉,05990000
RPOQMLOKJIKGFEA67DA,福林段三小段,2.42,都市：其他:第三種住宅區。,100000,1402,持分移轉,06000002
RPQQMLOKJIKGFEA87DA,福林段三小段,2.35,都市：其他:第三種住宅區。,100000,1363,持分移轉,06000002
RPSPMLRKKIKGFEA38DA,振興段一小段,28.05,都市：其他:第三種住宅區。,10000,500,持分移轉,04020000
RPSPMLOKJIKGFEA97DA,福林段三小段,10.83,都市：其他:第壹種商業區(依都市計畫說明書圖規定辦理，始得作第壹種商業區使用)(原屬第參之貳種住宅區)。,100000,1363,持分移轉,05990000
RPTPMLOKJIKGFEA08DA,福林段三小段,10.83,都市：其他:第壹種商業區(依都市計畫說明書圖規定辦理，始得作第壹種商業區使用)(原屬第參之貳種住宅區)。,100000,1363,持分移轉,05990000
RPSPMLOKJIKGFEA97DA,福林段三小段,2.35,都市：其他:第三種住宅區。,100000,1363,持分移轉,06000002
RPWNMLRKKIKGFEA58DA,振興段一小段,22.44,都市：其他:第三種住宅區。,10000,400,持分移轉,04020000
RPTPMLOKJIKGFEA08DA,福林段三小段,2.35,都市：其他:第三種住宅區。,100000,1363,持分移轉,06000002
RPVPMLOKJIKGFEA28DA,福林段三小段,10.83,都市：其他:第壹種商業區(依都市計畫說明書圖規定辦理，始得作第壹種商業區使用)(原屬第參之貳種住宅區)。,100000,1363,持分移轉,05990000
RPVPMLOKJIKGFEA28DA,福林段三小段,2.35,都市：其他:第三種住宅區。,100000,1363,持分移轉,06000002
RPPNMLKMKIKGFEA37DA,福林段三小段,18.17,都市：其他:第壹種商業區(依都市計畫說明書圖規定辦理，始得作第壹種商業區使用)(原屬第參之貳種住宅區)。,100000,2286,持分移轉,05990000
RPPNMLKMKIKGFEA37DA,福林段三小段,3.94,都市：其他:第三種住宅區。,100000,2286,持分移轉,06000002
RPUPMLQJJIKGFCA08DA,中山段一小段,5.96,都市：其他:第肆種商業區(依都市計畫說明書圖規定辦理，始得作第肆種商業區使用)(原屬第參種商業區)。,200000,1196,持分移轉,05330000
RPXOMLRKJIKGFCA48DA,中山段一小段,13.23,都市：其他:第肆種商業區(依都市計畫說明書圖規定辦理，始得作第肆種商業區使用)(原屬第參種商業區)。,200000,2657,持分移轉,05330000
RPOPMLRKJIKGFCA67DA,中山段一小段,6.01,都市：其他:第肆種商業區(依都市計畫說明書圖規定辦理，始得作第肆種商業區使用)(原屬第參種商業區)。,200000,1206,持分移轉,05330000
RPRQMLQJJIKGFCA87DA,中山段一小段,6.01,都市：其他:第肆種商業區(依都市計畫說明書圖規定辦理，始得作第肆種商業區使用)(原屬第參種商業區)。,200000,1206,持分移轉,05330000
RPWNMLMLKIKGFEA18DA,文林段四小段,29.65,都市：其他:第三種住宅區。,10000,197,持分移轉,08860000
RPSOMLMJJHLGFDA47DA,信義段一小段,2.87,都市：其他:第三種住宅區。,100000,2337,持分移轉,04160000
RPSOMLMJJHLGFDA47DA,信義段一小段,14.68,都市：其他:第三之一種住宅區。,100000,2337,持分移轉,04340000
RPPQMLQJJIKGFCA67DA,中山段一小段,6.01,都市：其他:第肆種商業區(依都市計畫說明書圖規定辦理，始得作第肆種商業區使用)(原屬第參種商業區)。,200000,1206,持分移轉,05330000
RPPPMLRKJIKGFCA77DA,中山段一小段,12.61,都市：其他:第肆種商業區(依都市計畫說明書圖規定辦理，始得作第肆種商業區使用)(原屬第參種商業區)。,200000,2532,持分移轉,05330000
RPVNMLRLJIKGFCA28DA,中山段一小段,5.99,都市：其他:第肆種商業區(依都市計畫說明書圖規定辦理，始得作第肆種商業區使用)(原屬第參種商業區)。,200000,1203,持分移轉,05330000
RPWNMLOKJHLGFBA87DA,臨沂段一小段,17.53,都市：其他:第三種住宅區。,1000000,8149,持分移轉,06580000
RPSOMLQKKIKGFDA08DA,信義段一小段,2.82,都市：其他:第三種住宅區。,100000,2291,持分移轉,04160000
RPSOMLQKKIKGFDA08DA,信義段一小段,14.39,都市：其他:第三之一種住宅區。,100000,2291,持分移轉,04340000
RPTNMLLMKIKGFEA87DA,文林段四小段,30.55,都市：其他:第三種住宅區。,10000,203,持分移轉,08860000
RPSNMLLMKIKGFEA77DA,文林段四小段,26.19,都市：其他:第三種住宅區。,10000,174,持分移轉,08860000
RPVNMLPJKHLGFEA18DA,蘭雅段二小段,11.59,都市：其他:第三之二種住宅區。,10000,334,持分移轉,05670000
RPWNMLPJKHLGFEA28DA,蘭雅段二小段,11.59,都市：其他:第三之二種住宅區。,10000,334,持分移轉,05670000
RPPQMLPJJIKGFCA57DA,長安段四小段,3.59,都市：其他:第參種商業區(依都市計畫說明書圖規定辦理，始得作第參種商業區使用)(原屬第貳種商業區)。,10000,134,持分移轉,00080000
RPPQMLPJJIKGFCA57DA,長安段四小段,3.43,都市：其他:第參種商業區(依都市計畫說明書圖規定辦理，始得作第參種商業區使用)(原屬第參之貳種住宅區)。,10000,134,持分移轉,00080001
RPUVMLPJJIKGFCA58DA,長安段四小段,3.19,都市：其他:第參種商業區(依都市計畫說明書圖規定辦理，始得作第參種商業區使用)(原屬第貳種商業區)。,10000,119,持分移轉,00080000
RPUVMLPJJIKGFCA58DA,長安段四小段,3.05,都市：其他:第參種商業區(依都市計畫說明書圖規定辦理，始得作第參種商業區使用)(原屬第參之貳種住宅區)。,10000,119,持分移轉,00080001
RPTOMLPJKIKGFFA18DA,龍泉段一小段,22.99,都市：其他:第三種住宅區。,100000,1073,持分移轉,11620000
RPOWMLPJJIKGFCA08DA,中山段一小段,13.19,都市：其他:第肆種商業區(依都市計畫說明書圖規定辦理，始得作第肆種商業區使用)(原屬第參種商業區)。,200000,2648,持分移轉,05330000
RPROMLQKKIKGFDA97DA,信義段一小段,1.53,都市：其他:第三種住宅區。,100000,1243,持分移轉,04160000
RPROMLQKKIKGFDA97DA,信義段一小段,7.81,都市：其他:第三之一種住宅區。,100000,1243,持分移轉,04340000
RPUNMLKKKIKGFBA37DA,臨沂段一小段,9.22,都市：其他:第三種住宅區。,1000000,4285,持分移轉,06580000
RPTNMLKKKIKGFBA27DA,臨沂段一小段,16.29,都市：其他:第三種住宅區。,2000000,15144,持分移轉,06580000
RPWOMLSJKIKGFDA58DA,信義段一小段,1.43,都市：其他:第三種住宅區。,100000,1161,持分移轉,04160000
RPWOMLSJKIKGFDA58DA,信義段一小段,7.29,都市：其他:第三之一種住宅區。,100000,1161,持分移轉,04340000
RPXOMLSJKIKGFDA68DA,信義段一小段,2.20,都市：其他:第三種住宅區。,100000,1791,持分移轉,04160000
RPSPMLQJJIKGFCA87DA,中山段一小段,13.71,都市：其他:第肆種商業區(依都市計畫說明書圖規定辦理，始得作第肆種商業區使用)(原屬第參種商業區)。,200000,2753,持分移轉,05330000
RPXOMLSJKIKGFDA68DA,信義段一小段,11.25,都市：其他:第三之一種住宅區。,100000,1791,持分移轉,04340000
RPRPMLSJKIKGFDA18DA,信義段一小段,1.43,都市：其他:第三種住宅區。,100000,1161,持分移轉,04160000
RPPPMLQJJIKGFCA57DA,中山段一小段,5.96,都市：其他:第肆種商業區(依都市計畫說明書圖規定辦理，始得作第肆種商業區使用)(原屬第參種商業區)。,200000,1196,持分移轉,05330000
RPRPMLSJKIKGFDA18DA,信義段一小段,7.29,都市：其他:第三之一種住宅區。,100000,1161,持分移轉,04340000
RPQPMLKKKIKGFDA37DA,信義段一小段,2.09,都市：其他:第三種住宅區。,100000,1700,持分移轉,04160000
RPQPMLKKKIKGFDA37DA,信義段一小段,10.68,都市：其他:第三之一種住宅區。,100000,1700,持分移轉,04340000
RPPOMLPJKIKGFFA77DA,龍泉段一小段,29.62,都市：其他:第三種住宅區。,100000,1382,持分移轉,11620000
RPUPMLSJKIKGFDA48DA,信義段一小段,1.63,都市：其他:第三種住宅區。,100000,1329,持分移轉,04160000
RPUPMLSJKIKGFDA48DA,信義段一小段,8.35,都市：其他:第三之一種住宅區。,100000,1329,持分移轉,04340000
RPWNMLRLJIKGFCA38DA,中山段一小段,13.29,都市：其他:第肆種商業區(依都市計畫說明書圖規定辦理，始得作第肆種商業區使用)(原屬第參種商業區)。,200000,2668,持分移轉,05330000
RPTOMLKLJIKGFCA47DA,中山段一小段,12.76,都市：其他:第肆種商業區(依都市計畫說明書圖規定辦理，始得作第肆種商業區使用)(原屬第參種商業區)。,200000,2562,持分移轉,05330000
RPSOMLPJKIKGFFA08DA,龍泉段一小段,22.57,都市：其他:第三種住宅區。,100000,1053,持分移轉,11620000
RPRNMLLMKIKGFEA67DA,文林段四小段,29.50,都市：其他:第三種住宅區。,10000,196,持分移轉,08860000
RPWPMLSJKIKGFDA68DA,信義段一小段,2.41,都市：其他:第三種住宅區。,100000,1957,持分移轉,04160000
RPWPMLSJKIKGFDA68DA,信義段一小段,12.29,都市：其他:第三之一種住宅區。,100000,1957,持分移轉,04340000
RPSOMLNKIIKGFCA47DA,北安段三小段,2.01,都市：其他:第三種住宅區。,10000,97,持分移轉,09190000
RPSOMLNKIIKGFCA47DA,北安段三小段,.34,都市：其他:第三種住宅區。,10000,97,持分移轉,09190001
RPSOMLNKIIKGFCA47DA,北安段三小段,.81,都市：其他:第三種住宅區。,10000,97,持分移轉,09190002
RPSOMLNKIIKGFCA47DA,北安段三小段,15.82,都市：其他:第三之二種住宅區。,10000,97,持分移轉,09200000
RPSOMLNKIIKGFCA47DA,北安段三小段,.04,都市：其他:第三之二種住宅區。,10000,97,持分移轉,09200001
RPSOMLNKIIKGFCA47DA,北安段三小段,1.21,都市：其他:第三之二種住宅區。,10000,97,持分移轉,09200002
RPSOMLNKIIKGFCA47DA,北安段三小段,.01,都市：其他:第三之二種住宅區。,10000,97,持分移轉,09210000
RPOPMLKKKIKGFDA17DA,信義段一小段,2.08,都市：其他:第三種住宅區。,100000,1694,持分移轉,04160000
RPOPMLKKKIKGFDA17DA,信義段一小段,10.64,都市：其他:第三之一種住宅區。,100000,1694,持分移轉,04340000
RPWPMLQJJIKGFCA28DA,中山段一小段,5.96,都市：其他:第肆種商業區(依都市計畫說明書圖規定辦理，始得作第肆種商業區使用)(原屬第參種商業區)。,200000,1196,持分移轉,05330000
RPPOMLKMKIKGFBA17DA,臨沂段一小段,14.09,都市：其他:第三種住宅區。,1000000,6548,持分移轉,06580000
RPRQMLNKIIKGFCA57DA,北安段三小段,2.05,都市：其他:第三種住宅區。,10000,99,持分移轉,09190000
RPRQMLNKIIKGFCA57DA,北安段三小段,.35,都市：其他:第三種住宅區。,10000,99,持分移轉,09190001
RPRQMLNKIIKGFCA57DA,北安段三小段,.82,都市：其他:第三種住宅區。,10000,99,持分移轉,09190002
RPRQMLNKIIKGFCA57DA,北安段三小段,16.15,都市：其他:第三之二種住宅區。,10000,99,持分移轉,09200000
RPRQMLNKIIKGFCA57DA,北安段三小段,.04,都市：其他:第三之二種住宅區。,10000,99,持分移轉,09200001
RPRQMLNKIIKGFCA57DA,北安段三小段,1.23,都市：其他:第三之二種住宅區。,10000,99,持分移轉,09200002
RPRQMLNKIIKGFCA57DA,北安段三小段,.01,都市：其他:第三之二種住宅區。,10000,99,持分移轉,09210000
RPSPMLKKKIKGFDA57DA,信義段一小段,2.20,都市：其他:第三種住宅區。,100000,1791,持分移轉,04160000
RPSPMLKKKIKGFDA57DA,信義段一小段,11.25,都市：其他:第三之一種住宅區。,100000,1791,持分移轉,04340000
RPUNMLKLJHLGFFA77DA,龍泉段一小段,29.62,都市：其他:第三種住宅區。,300000,4146,持分移轉,11620000
RPSNMLQLJHLGFFA18DA,龍泉段一小段,22.57,都市：其他:第三種住宅區。,100000,1053,持分移轉,11620000
RPTTMLPJJIKGFCA28DA,中山段一小段,5.99,都市：其他:第肆種商業區(依都市計畫說明書圖規定辦理，始得作第肆種商業區使用)(原屬第參種商業區)。,200000,1203,持分移轉,05330000
RPVOMLSJKIKGFDA48DA,信義段一小段,1.43,都市：其他:第三種住宅區。,100000,1161,持分移轉,04160000
RPPRMLQJJIKGFCA77DA,中山段一小段,13.18,都市：其他:第肆種商業區(依都市計畫說明書圖規定辦理，始得作第肆種商業區使用)(原屬第參種商業區)。,400000,5294,持分移轉,05330000
RPVOMLSJKIKGFDA48DA,信義段一小段,7.29,都市：其他:第三之一種住宅區。,100000,1161,持分移轉,04340000
RPSPMLSJKIKGFDA28DA,信義段一小段,2.20,都市：其他:第三種住宅區。,100000,1791,持分移轉,04160000
RPSPMLSJKIKGFDA28DA,信義段一小段,11.25,都市：其他:第三之一種住宅區。,100000,1791,持分移轉,04340000
RPQNMLNLKIKGFBA37DA,臨沂段一小段,9.22,都市：其他:第三種住宅區。,1000000,4285,持分移轉,06580000
RPQPMLSJKIKGFDA08DA,信義段一小段,2.09,都市：其他:第三種住宅區。,100000,1700,持分移轉,04160000
RPPNMLQKJIKGFCA47DA,中山段一小段,5.99,都市：其他:第肆種商業區(依都市計畫說明書圖規定辦理，始得作第肆種商業區使用)(原屬第參種商業區)。,200000,1203,持分移轉,05330000
RPQPMLSJKIKGFDA08DA,信義段一小段,10.68,都市：其他:第三之一種住宅區。,100000,1700,持分移轉,04340000
RPVPMLSJKIKGFDA58DA,信義段一小段,2.41,都市：其他:第三種住宅區。,100000,1957,持分移轉,04160000
RPUPMLKKJIKGFCA57DA,中山段一小段,13.23,都市：其他:第肆種商業區(依都市計畫說明書圖規定辦理，始得作第肆種商業區使用)(原屬第參種商業區)。,200000,2657,持分移轉,05330000
RPVPMLSJKIKGFDA58DA,信義段一小段,12.29,都市：其他:第三之一種住宅區。,100000,1957,持分移轉,04340000
RPQRMLKKKHLGFBA37DA,臨沂段一小段,10.24,都市：其他:第三種住宅區。,1000000,4759,持分移轉,06580000
RPRRMLKKKHLGFBA47DA,臨沂段一小段,17.53,都市：其他:第三種住宅區。,1000000,8149,持分移轉,06580000
RPOQMLQJJIKGFCA57DA,中山段一小段,13.23,都市：其他:第肆種商業區(依都市計畫說明書圖規定辦理，始得作第肆種商業區使用)(原屬第參種商業區)。,200000,2657,持分移轉,05330000
RPROMLNJKHLGFEA67DA,文林段五小段,17.24,都市：其他:第三之二種住宅區。,10000,175,持分移轉,03120000
RPSNMLNJLHLGFBA47DA,臨沂段一小段,19.69,都市：其他:第三種住宅區。,1000000,9149,持分移轉,06580000
RPXNMLRLJIKGFCA48DA,中山段一小段,13.23,都市：其他:第肆種商業區(依都市計畫說明書圖規定辦理，始得作第肆種商業區使用)(原屬第參種商業區)。,200000,2657,持分移轉,05330000
RPXNMLMLKIKGFEA28DA,文林段四小段,30.25,都市：其他:第三種住宅區。,10000,201,持分移轉,08860000
RPUTMLPJJIKGFCA38DA,中山段一小段,5.99,都市：其他:第肆種商業區(依都市計畫說明書圖規定辦理，始得作第肆種商業區使用)(原屬第參種商業區)。,200000,1203,持分移轉,05330000
RPQNMLQKJHLGFBA57EA,臨沂段一小段,14.14,都市：其他:第三種住宅區。,1000000,6572,持分移轉,06580000
RPXNMLKMKIKGFBA87DA,臨沂段一小段,17.53,都市：其他:第三種住宅區。,100000000,814900,持分移轉,06580000
RPPNMLPLJHLGFEA67DA,三玉段四小段,24.92,都市：其他:第三種住宅區。,30000,279,持分移轉,01200000
RPPPMLMLKIKGFEA67DA,文林段五小段,13.79,都市：其他:第三之二種住宅區。,10000,140,持分移轉,03120000
RPPPMLKKKIKGFDA27DA,信義段一小段,2.09,都市：其他:第三種住宅區。,100000,1700,持分移轉,04160000
RPPPMLKKKIKGFDA27DA,信義段一小段,10.68,都市：其他:第三之一種住宅區。,100000,1700,持分移轉,04340000
RPQNMLQJJIKGFCA47DA,中山段一小段,13.23,都市：其他:第肆種商業區(依都市計畫說明書圖規定辦理，始得作第肆種商業區使用)(原屬第參種商業區)。,200000,2657,持分移轉,05330000
RPRNMLQLJHLGFFA08DA,龍泉段一小段,21.90,都市：其他:第三種住宅區。,100000,1022,持分移轉,11620000
RPVOMLRJJHLGFEA38DA,奇岩段二小段,16.63,都市：其他:第三種住宅區。,100000,4209,持分移轉,00320000
RPQNMLMLJHLGFEA47DA,文林段五小段,13.79,都市：其他:第三之二種住宅區。,10000,140,持分移轉,03120000
RPUOMLMJJHLGFDA67DA,信義段一小段,2.41,都市：其他:第三種住宅區。,100000,1957,持分移轉,04160000
RPPNMLMLJHLGFEA37DA,文林段五小段,13.79,都市：其他:第三之二種住宅區。,10000,140,持分移轉,03120000
RPUOMLMJJHLGFDA67DA,信義段一小段,12.29,都市：其他:第三之一種住宅區。,100000,1957,持分移轉,04340000
RPRNMLMLJHLGFEA57DA,文林段五小段,13.79,都市：其他:第三之二種住宅區。,10000,140,持分移轉,03120000
RPUNMLMLJHLGFEA87DA,文林段五小段,13.69,都市：其他:第三之二種住宅區。,10000,139,持分移轉,03120000
RPOOMLMLJHLGFEA37DA,文林段五小段,13.69,都市：其他:第三之二種住宅區。,10000,139,持分移轉,03120000
RPWNMLNKIIKGFCA77DA,北安段三小段,2.05,都市：其他:第三種住宅區。,20000,198,持分移轉,09190000
RPWNMLNKIIKGFCA77DA,北安段三小段,.35,都市：其他:第三種住宅區。,20000,198,持分移轉,09190001
RPWNMLNKIIKGFCA77DA,北安段三小段,.82,都市：其他:第三種住宅區。,20000,198,持分移轉,09190002
RPWNMLNKIIKGFCA77DA,北安段三小段,16.15,都市：其他:第三之二種住宅區。,20000,198,持分移轉,09200000
RPWNMLNKIIKGFCA77DA,北安段三小段,.04,都市：其他:第三之二種住宅區。,20000,198,持分移轉,09200001
RPWNMLNKIIKGFCA77DA,北安段三小段,1.23,都市：其他:第三之二種住宅區。,20000,198,持分移轉,09200002
RPWNMLNKIIKGFCA77DA,北安段三小段,.01,都市：其他:第三之二種住宅區。,20000,198,持分移轉,09210000
RPPOMLMLJHLGFEA47DA,文林段五小段,9.55,都市：其他:第三之二種住宅區。,10000,97,持分移轉,03120000
RPVNMLMLJHLGFEA97DA,文林段五小段,13.69,都市：其他:第三之二種住宅區。,10000,139,持分移轉,03120000
RPROMLMLJHLGFEA67DA,文林段五小段,13.69,都市：其他:第三之二種住宅區。,10000,139,持分移轉,03120000
RPRNMLNLJHLGFEA67DA,文林段五小段,9.55,都市：其他:第三之二種住宅區。,10000,97,持分移轉,03120000
RPQNMLMJKHLGFFA47DA,龍泉段一小段,29.62,都市：其他:第三種住宅區。,100000,1382,持分移轉,11620000
RPQOMLNJKHLGFEA57DA,文林段五小段,17.24,都市：其他:第三之二種住宅區。,10000,175,持分移轉,03120000
RPOOMLNJKHLGFEA37DA,文林段五小段,17.04,都市：其他:第三之二種住宅區。,10000,173,持分移轉,03120000
RPOPMLMLJHLGFEA47DA,文林段五小段,13.69,都市：其他:第三之二種住宅區。,10000,139,持分移轉,03120000
RPQPMLMLJHLGFEA67DA,文林段五小段,13.79,都市：其他:第三之二種住宅區。,10000,140,持分移轉,03120000
RPPOMLNJKHLGFEA47DA,文林段五小段,17.04,都市：其他:第三之二種住宅區。,10000,173,持分移轉,03120000
RPPPMLMLJHLGFEA57DA,文林段五小段,13.79,都市：其他:第三之二種住宅區。,10000,140,持分移轉,03120000
RPSOMLSJJHLGFCA97DA,北安段三小段,2.03,都市：其他:第三種住宅區。,10000,98,持分移轉,09190000
RPSOMLSJJHLGFCA97DA,北安段三小段,.34,都市：其他:第三種住宅區。,10000,98,持分移轉,09190001
RPSOMLSJJHLGFCA97DA,北安段三小段,.81,都市：其他:第三種住宅區。,10000,98,持分移轉,09190002
RPSOMLSJJHLGFCA97DA,北安段三小段,15.99,都市：其他:第三之二種住宅區。,10000,98,持分移轉,09200000
RPSOMLSJJHLGFCA97DA,北安段三小段,.04,都市：其他:第三之二種住宅區。,10000,98,持分移轉,09200001
RPSOMLSJJHLGFCA97DA,北安段三小段,1.22,都市：其他:第三之二種住宅區。,10000,98,持分移轉,09200002
RPSOMLSJJHLGFCA97DA,北安段三小段,.01,都市：其他:第三之二種住宅區。,10000,98,持分移轉,09210000
RPTPMLMLJHLGFEA97DA,文林段五小段,13.79,都市：其他:第三之二種住宅區。,10000,140,持分移轉,03120000
RPVPMLMLJHLGFEA18DA,文林段五小段,13.69,都市：其他:第三之二種住宅區。,10000,139,持分移轉,03120000
RPRPMLMLJHLGFEA77DA,文林段五小段,13.79,都市：其他:第三之二種住宅區。,10000,140,持分移轉,03120000
RPSPMLMLJHLGFEA87DA,文林段五小段,17.24,都市：其他:第三之二種住宅區。,10000,175,持分移轉,03120000
RPURMLKKKHLGFBA77DA,臨沂段一小段,10.24,都市：其他:第三種住宅區。,1000000,4759,持分移轉,06580000
RPPNMLMKKHLGFFA47DA,龍泉段一小段,25.57,都市：其他:第三種住宅區。,100000,1193,持分移轉,11620000
RPXQMLKKKHLGFBA97DA,臨沂段一小段,17.53,都市：其他:第三種住宅區。,1000000,8149,持分移轉,06580000
RPWQMLKKKHLGFBA87DA,臨沂段一小段,11.49,都市：其他:第三種住宅區。,1000000,5340,持分移轉,06580000
RPSTMLPJJIKGFCA18DA,中山段一小段,13.71,都市：其他:第肆種商業區(依都市計畫說明書圖規定辦理，始得作第肆種商業區使用)(原屬第參種商業區)。,200000,2753,持分移轉,05330000
RPVNMLOKKHLGFEA18DA,文林段五小段,17.24,都市：其他:第三之二種住宅區。,10000,175,持分移轉,03120000
RPQNMLOKKHLGFEA67DA,文林段五小段,9.55,都市：其他:第三之二種住宅區。,10000,97,持分移轉,03120000
RPPNMLOKKHLGFEA57DA,文林段五小段,13.79,都市：其他:第三之二種住宅區。,10000,140,持分移轉,03120000
RPSNMLKKKHLGFBA17DA,迪化段一小段,14.96,都市：其他:第三種商業區,100000,1719,持分移轉,00480000
RPQOMLPJKIKGFFA87DA,龍泉段一小段,22.99,都市：其他:第三種住宅區。,100000,1073,持分移轉,11620000
RPVPMLQJJIKGFCA18DA,中山段一小段,5.96,都市：其他:第肆種商業區(依都市計畫說明書圖規定辦理，始得作第肆種商業區使用)(原屬第參種商業區)。,200000,1196,持分移轉,05330000
RPUNMLKKKHLGFBA37DA,迪化段一小段,14.96,都市：其他:第三種商業區,100000,1719,持分移轉,00480000
RPQOMLPKKIKGFBA57DA,臨沂段一小段,16.34,都市：其他:第三種住宅區。,1000000,7595,持分移轉,06580000
RPVNMLPKKIKGFBA97DA,臨沂段一小段,9.34,都市：其他:第三種住宅區。,1000000,4340,持分移轉,06580000
RPURMLQJJIKGFCA28DA,中山段一小段,12.76,都市：其他:第肆種商業區(依都市計畫說明書圖規定辦理，始得作第肆種商業區使用)(原屬第參種商業區)。,200000,2562,持分移轉,05330000
RPUNMLOKKHLGFEA08DA,文林段五小段,13.79,都市：其他:第三之二種住宅區。,10000,140,持分移轉,03120000
RPSNMLOKKHLGFEA87DA,文林段五小段,17.04,都市：其他:第三之二種住宅區。,10000,173,持分移轉,03120000
RPOPMLNKIIKGFCA17DA,北安段三小段,2.05,都市：其他:第三種住宅區。,20000,198,持分移轉,09190000
RPOPMLNKIIKGFCA17DA,北安段三小段,.35,都市：其他:第三種住宅區。,20000,198,持分移轉,09190001
RPVRMLQJJIKGFCA38DA,中山段一小段,5.99,都市：其他:第肆種商業區(依都市計畫說明書圖規定辦理，始得作第肆種商業區使用)(原屬第參種商業區)。,200000,1203,持分移轉,05330000
RPOPMLNKIIKGFCA17DA,北安段三小段,.82,都市：其他:第三種住宅區。,20000,198,持分移轉,09190002
RPOPMLNKIIKGFCA17DA,北安段三小段,16.15,都市：其他:第三之二種住宅區。,20000,198,持分移轉,09200000
RPOPMLNKIIKGFCA17DA,北安段三小段,.04,都市：其他:第三之二種住宅區。,20000,198,持分移轉,09200001
RPOPMLNKIIKGFCA17DA,北安段三小段,1.23,都市：其他:第三之二種住宅區。,20000,198,持分移轉,09200002
RPOPMLNKIIKGFCA17DA,北安段三小段,.01,都市：其他:第三之二種住宅區。,20000,198,持分移轉,09210000
RPTNMLOKKHLGFEA97DA,文林段五小段,17.04,都市：其他:第三之二種住宅區。,10000,173,持分移轉,03120000
RPOPMLRJJHLGFEA77DA,奇岩段二小段,19.93,都市：其他:第三種住宅區。,100000,5046,持分移轉,00320000
RPVNMLNKIIKGFCA67DA,北安段三小段,1.20,都市：其他:第三種住宅區。,10000,58,持分移轉,09190000
RPTNMLNKIIKGFCA47DA,北安段三小段,2.05,都市：其他:第三種住宅區。,10000,99,持分移轉,09190000
RPVNMLNKIIKGFCA67DA,北安段三小段,.20,都市：其他:第三種住宅區。,10000,58,持分移轉,09190001
RPVNMLNKIIKGFCA67DA,北安段三小段,.48,都市：其他:第三種住宅區。,10000,58,持分移轉,09190002
RPTNMLNKIIKGFCA47DA,北安段三小段,.35,都市：其他:第三種住宅區。,10000,99,持分移轉,09190001
RPVNMLNKIIKGFCA67DA,北安段三小段,9.46,都市：其他:第三之二種住宅區。,10000,58,持分移轉,09200000
RPVNMLNKIIKGFCA67DA,北安段三小段,.02,都市：其他:第三之二種住宅區。,10000,58,持分移轉,09200001
RPVNMLNKIIKGFCA67DA,北安段三小段,.72,都市：其他:第三之二種住宅區。,10000,58,持分移轉,09200002
RPTNMLNKIIKGFCA47DA,北安段三小段,.82,都市：其他:第三種住宅區。,10000,99,持分移轉,09190002
RPVNMLNKIIKGFCA67DA,北安段三小段,.00,都市：其他:第三之二種住宅區。,10000,58,持分移轉,09210000
RPTNMLNKIIKGFCA47DA,北安段三小段,16.15,都市：其他:第三之二種住宅區。,10000,99,持分移轉,09200000
RPTNMLNKIIKGFCA47DA,北安段三小段,.04,都市：其他:第三之二種住宅區。,10000,99,持分移轉,09200001
RPTNMLNKIIKGFCA47DA,北安段三小段,1.23,都市：其他:第三之二種住宅區。,10000,99,持分移轉,09200002
RPTNMLNKIIKGFCA47DA,北安段三小段,.01,都市：其他:第三之二種住宅區。,10000,99,持分移轉,09210000
RPTNMLMLJHLGFEA77DA,文林段五小段,13.69,都市：其他:第三之二種住宅區。,10000,139,持分移轉,03120000
RPOOMLMJKHLGFBA96DA,臨沂段一小段,10.30,都市：其他:第三種住宅區。,1000000,4789,持分移轉,06580000
RPWOMLLKKHLGFEA08DA,文林段五小段,17.24,都市：其他:第三之二種住宅區。,10000,175,持分移轉,03120000
RPUPMLMLJHLGFEA08DA,文林段五小段,9.55,都市：其他:第三之二種住宅區。,10000,97,持分移轉,03120000
RPPNMLLLJHLGFBA96DA,臨沂段一小段,11.49,都市：其他:第三種住宅區。,1000000,5340,持分移轉,06580000
RPQNMLLLJHLGFBA07DA,臨沂段一小段,11.37,都市：其他:第三種住宅區。,1000000,5285,持分移轉,06580000
SPVOMLKLJHLGFBA67DA,臨沂段一小段,9.22,都市：其他:第三種住宅區。,1000000,4285,持分移轉,06580000
RPVOMLKLJHLGFBA57DA,臨沂段一小段,9.34,都市：其他:第三種住宅區。,1000000,4340,持分移轉,06580000
RPQNMLKKKHLGFBA96DA,迪化段一小段,11.11,都市：其他:第三種商業區,100000,1277,持分移轉,00480000
RPSNMLMLKIKGFFA87DA,龍泉段一小段,25.57,都市：其他:第三種住宅區。,100000,1193,持分移轉,11620000
RPWNMLRKKIKGFFA68DA,龍泉段一小段,22.99,都市：其他:第三種住宅區。,100000,1073,持分移轉,11620000
RPPOMLKKKHLGFBA96DA,迪化段一小段,14.96,都市：其他:第三種商業區,100000,1719,持分移轉,00480000
RPROMLPJKIKGFFA97DA,龍泉段一小段,25.57,都市：其他:第三種住宅區。,100000,1193,持分移轉,11620000
RPROMLRJJHLGFEA97DA,奇岩段二小段,18.52,都市：其他:第三種住宅區。,100000,4689,持分移轉,00320000
RPVNMLKLJHLGFFA87DA,龍泉段一小段,19.65,都市：其他:第三種住宅區。,100000,917,持分移轉,11620000
RPRNMLKKKIKGFFA47DA,龍泉段一小段,29.19,都市：其他:第三種住宅區。,100000,1362,持分移轉,11620000
RPSNMLKKKIKGFFA57DA,龍泉段一小段,25.57,都市：其他:第三種住宅區。,100000,1193,持分移轉,11620000
RPTNMLKKKHLGFBA27DA,迪化段一小段,11.11,都市：其他:第三種商業區,100000,1277,持分移轉,00480000
RPWOMLKKKHLGFBA67DA,迪化段一小段,14.96,都市：其他:第三種商業區,100000,1719,持分移轉,00480000
RPSQMLOJKHLGFFA18DA,大安段一小段,.72,都市：其他:第三種住宅區。,10000,4,持分移轉,07240000
RPROMLMKJHLGFDA47DA,永春段二小段,.20,都市：其他:第三種住宅區。,100000,10,持分移轉,02840000
RPSNMLMJKHLGFFA67DA,龍泉段一小段,25.57,都市：其他:第三種住宅區。,100000,1193,持分移轉,11620000
RPRNMLMJKHLGFFA57DA,龍泉段一小段,25.57,都市：其他:第三種住宅區。,100000,1193,持分移轉,11620000
RPXNMLKKKHLGFBA67DA,迪化段一小段,11.11,都市：其他:第三種商業區,100000,1277,持分移轉,00480000
RPUPMLKKKHLGFBA57DA,迪化段一小段,14.96,都市：其他:第三種商業區,100000,1719,持分移轉,00480000
RPPOMLRJJHLGFEA77DA,奇岩段二小段,18.52,都市：其他:第三種住宅區。,100000,4689,持分移轉,00320000
RPUOMLRJJHLGFEA28DA,奇岩段二小段,19.93,都市：其他:第三種住宅區。,100000,5046,持分移轉,00320000
RPXOMLMLKIKGFDA28DA,永春段二小段,25.15,都市：其他:第三種住宅區。,100000,1230,持分移轉,02840000
RPQNMLKKKIKGFFA37DA,龍泉段一小段,22.57,都市：其他:第三種住宅區。,200000,2106,持分移轉,11620000
RPSOMLRJJHLGFEA08DA,奇岩段二小段,18.45,都市：其他:第三種住宅區。,100000,4671,持分移轉,00320000
RPXNMLNKIIKGFCA87DA,北安段三小段,2.03,都市：其他:第三種住宅區。,10000,98,持分移轉,09190000
RPVPMLOJKHLGFFA38DA,大安段一小段,.18,都市：其他:第三種住宅區。,10000,1,持分移轉,07240000
RPXNMLNKIIKGFCA87DA,北安段三小段,.34,都市：其他:第三種住宅區。,10000,98,持分移轉,09190001
RPXNMLNKIIKGFCA87DA,北安段三小段,.81,都市：其他:第三種住宅區。,10000,98,持分移轉,09190002
RPXNMLNKIIKGFCA87DA,北安段三小段,15.99,都市：其他:第三之二種住宅區。,10000,98,持分移轉,09200000
RPXNMLNKIIKGFCA87DA,北安段三小段,.04,都市：其他:第三之二種住宅區。,10000,98,持分移轉,09200001
RPXNMLNKIIKGFCA87DA,北安段三小段,1.22,都市：其他:第三之二種住宅區。,10000,98,持分移轉,09200002
RPXNMLNKIIKGFCA87DA,北安段三小段,.01,都市：其他:第三之二種住宅區。,10000,98,持分移轉,09210000
RPXPMLOJKHLGFFA58DA,大安段一小段,.18,都市：其他:第三種住宅區。,10000,1,持分移轉,07240000
RPWPMLOJKHLGFFA48DA,大安段一小段,.18,都市：其他:第三種住宅區。,10000,1,持分移轉,07240000
RPUPMLOJKHLGFFA28DA,大安段一小段,.18,都市：其他:第三種住宅區。,10000,1,持分移轉,07240000
RPSNMLSJKIKGFDA08DA,永春段二小段,23.29,都市：其他:第三種住宅區。,100000,1139,持分移轉,02840000
RPTNMLSJKIKGFDA18DA,永春段二小段,24.11,都市：其他:第三種住宅區。,100000,1179,持分移轉,02840000
RPTOMLLKKIKGFDA67DA,永春段二小段,23.72,都市：其他:第三種住宅區。,100000,1160,持分移轉,02840000
RPRNMLOJKHLGFFA77DA,大安段一小段,31.47,都市：其他:第三種住宅區。,10000,176,持分移轉,07240000
RPVNMLKKKHLGFBA47DA,迪化段一小段,14.96,都市：其他:第三種商業區,100000,1719,持分移轉,00480000
RPRQMLOJKHLGFFA08DA,大安段一小段,.36,都市：其他:第三種住宅區。,10000,2,持分移轉,07240000
RPPQMLOJKHLGFFA87DA,大安段一小段,.36,都市：其他:第三種住宅區。,10000,2,持分移轉,07240000
RPOOMLKKKHLGFBA86DA,迪化段一小段,11.11,都市：其他:第三種商業區,100000,1277,持分移轉,00480000
RPXNMLRJJHLGFEA48DA,奇岩段二小段,19.93,都市：其他:第三種住宅區。,100000,5046,持分移轉,00320000
RPWNMLRJJHLGFEA38DA,奇岩段二小段,19.93,都市：其他:第三種住宅區。,100000,5046,持分移轉,00320000
RPUNMLSJKIKGFDA28DA,永春段二小段,24.93,都市：其他:第三種住宅區。,100000,1219,持分移轉,02840000
RPUNMLSJKIKGFDA28DA,永春段二小段,.20,都市：其他:第三種住宅區。,100000,10,持分移轉,02840000
RPPNMLOJKHLGFFA57DA,大安段一小段,30.93,都市：其他:第三種住宅區。,10000,173,持分移轉,07240000
RPOOMLRJJHLGFEA67DA,奇岩段二小段,19.93,都市：其他:第三種住宅區。,100000,5046,持分移轉,00320000
RPQNMLOJKHLGFFA67DA,大安段一小段,31.65,都市：其他:第三種住宅區。,10000,177,持分移轉,07240000
RPSPMLKKKHLGFBA37DA,迪化段一小段,11.11,都市：其他:第三種商業區,100000,1277,持分移轉,00480000
RPSPMLOJKHLGFFA08DA,大安段一小段,.18,都市：其他:第三種住宅區。,10000,1,持分移轉,07240000
RPUOMLKKKHLGFBA47DA,迪化段一小段,14.96,都市：其他:第三種商業區,100000,1719,持分移轉,00480000
RPRPMLOJKHLGFFA97DA,大安段一小段,3.58,都市：其他:第三種住宅區。,10000,20,持分移轉,07240000
RPPPMLOJKHLGFFA77DA,大安段一小段,20.56,都市：其他:第三種住宅區。,10000,115,持分移轉,07240000
RPQPMLOJKHLGFFA87DA,大安段一小段,17.52,都市：其他:第三種住宅區。,10000,98,持分移轉,07240000
RPPNMLKKKHLGFBA86DA,迪化段一小段,11.11,都市：其他:第三種商業區,100000,1277,持分移轉,00480000
RPTPMLOJKHLGFFA18DA,大安段一小段,.36,都市：其他:第三種住宅區。,10000,2,持分移轉,07240000
RPVPMLKKKHLGFBA67DA,迪化段一小段,14.96,都市：其他:第三種商業區,100000,1719,持分移轉,00480000
RPQOMLKKKHLGFBA07DA,迪化段一小段,11.11,都市：其他:第三種商業區,100000,1277,持分移轉,00480000
RPWNMLKKKHLGFBA57DA,迪化段一小段,14.96,都市：其他:第三種商業區,100000,1719,持分移轉,00480000
RPRNMLKKKHLGFBA07DA,迪化段一小段,14.96,都市：其他:第三種商業區,100000,1719,持分移轉,00480000
RPXOMLOJKHLGFFA48DA,大安段一小段,17.52,都市：其他:第三種住宅區。,10000,98,持分移轉,07240000
RPVOMLKKKHLGFBA57DA,迪化段一小段,11.11,都市：其他:第三種商業區,100000,1277,持分移轉,00480000
RPXPMLKKKHLGFBA87DA,迪化段一小段,11.11,都市：其他:第三種商業區,100000,1277,持分移轉,00480000
RPTOMLKKKHLGFBA37DA,迪化段一小段,11.11,都市：其他:第三種商業區,100000,1277,持分移轉,00480000
RPXOMLKKKHLGFBA77DA,迪化段一小段,11.11,都市：其他:第三種商業區,100000,1277,持分移轉,00480000
RPROMLKKKHLGFBA17DA,迪化段一小段,11.11,都市：其他:第三種商業區,100000,1277,持分移轉,00480000
RPSOMLKKKHLGFBA27DA,迪化段一小段,11.11,都市：其他:第三種商業區,100000,1277,持分移轉,00480000
RPWOMLTLJHLGFDA78DA,永春段二小段,27.26,都市：其他:第三種住宅區。,100000,1333,持分移轉,02840000
RPPNMLNLKIKGFDA57EA,永春段二小段,27.53,都市：其他:第三種住宅區。,100000,1346,持分移轉,02840000
RPPPMLKKKHLGFBA07DA,迪化段一小段,14.96,都市：其他:第三種商業區,100000,1719,持分移轉,00480000
RPVNMLMLKIKGFDA97DA,永春段二小段,25.09,都市：其他:第三種住宅區。,100000,1227,持分移轉,02840000
RPOPMLKKKHLGFBA96DA,迪化段一小段,14.96,都市：其他:第三種商業區,100000,1719,持分移轉,00480000
RPWNMLMLKIKGFDA08DA,永春段二小段,26.22,都市：其他:第三種住宅區。,100000,1282,持分移轉,02840000
RPQPMLKKKHLGFBA17DA,迪化段一小段,14.96,都市：其他:第三種商業區,100000,1719,持分移轉,00480000
RPVNMLOJKHLGFFA18DA,大安段一小段,31.83,都市：其他:第三種住宅區。,10000,178,持分移轉,07240000
RPVOMLOJKHLGFFA28DA,大安段一小段,17.52,都市：其他:第三種住宅區。,10000,98,持分移轉,07240000
RPRPMLKKKHLGFBA27DA,迪化段一小段,11.11,都市：其他:第三種商業區,100000,1277,持分移轉,00480000
RPWPMLKKKHLGFBA77DA,迪化段一小段,11.11,都市：其他:第三種商業區,100000,1277,持分移轉,00480000
RPTNMLOJKHLGFFA97DA,大安段一小段,31.65,都市：其他:第三種住宅區。,10000,177,持分移轉,07240000
RPPOMLOJKHLGFFA67DA,大安段一小段,16.81,都市：其他:第三種住宅區。,10000,94,持分移轉,07240000
RPOPMLLKKIKGFDA27DA,永春段二小段,31.17,都市：其他:第三種住宅區。,100000,1524,持分移轉,02840000
RPQOMLOJKHLGFFA77DA,大安段一小段,17.52,都市：其他:第三種住宅區。,10000,98,持分移轉,07240000
RPWOMLOJKHLGFFA38DA,大安段一小段,17.52,都市：其他:第三種住宅區。,10000,98,持分移轉,07240000
RPOOMLOJKHLGFFA57DA,大安段一小段,19.49,都市：其他:第三種住宅區。,10000,109,持分移轉,07240000
RPSOMLLKKIKGFDA57DA,永春段二小段,23.31,都市：其他:第三種住宅區。,100000,1140,持分移轉,02840000
RPROMLOJKHLGFFA87DA,大安段一小段,17.52,都市：其他:第三種住宅區。,10000,98,持分移轉,07240000
RPSNMLOJKHLGFFA87DA,大安段一小段,31.47,都市：其他:第三種住宅區。,10000,176,持分移轉,07240000
TPXNMLOJKHLGFFA58DA,大安段一小段,31.83,都市：其他:第三種住宅區。,10000,178,持分移轉,07240000
RPSNMLPJJHLGFAA37DA,永昌段四小段,19.59,都市：其他:第三種住宅區。,100000,12356,持分移轉,06700000
RPVOMLTLJHLGFDA68DA,永春段二小段,.20,都市：其他:第三種住宅區。,100000,10,持分移轉,02840000
RPSOMLOJKHLGFFA97DA,大安段一小段,17.52,都市：其他:第三種住宅區。,10000,98,持分移轉,07240000
RPUNMLOJKHLGFFA08DA,大安段一小段,31.65,都市：其他:第三種住宅區。,20000,354,持分移轉,07240000
RPXNMLOJKHLGFFA38DA,大安段一小段,31.65,都市：其他:第三種住宅區。,10000,177,持分移轉,07240000
RPOPMLOJKHLGFFA67DA,大安段一小段,20.03,都市：其他:第三種住宅區。,10000,112,持分移轉,07240000
SPXNMLOJKHLGFFA48DA,大安段一小段,31.65,都市：其他:第三種住宅區。,10000,177,持分移轉,07240000
RPUOMLLKKIKGFDA77DA,永春段二小段,23.70,都市：其他:第三種住宅區。,100000,1159,持分移轉,02840000
RPTNMLMLKIKGFDA77DA,永春段二小段,26.24,都市：其他:第三種住宅區。,100000,1283,持分移轉,02840000
RPUNMLPJJHLGFAA57DA,永昌段四小段,8.54,都市：其他:第三種住宅區。,100000,1055,持分移轉,06680000
RPUNMLPJJHLGFAA57DA,永昌段四小段,12.16,都市：其他:第三之一種住宅區。,100000,1055,持分移轉,06690000
RPRNMLKLJIKGFFA47DA,懷生段二小段,.08,都市：其他:第參種商業區(依都市計畫說明書圖規定辦理，始得作第參種商業區使用)(原屬第貳種商業區)。,10000,1,持分移轉,05940000
RPRNMLKLJIKGFFA47DA,懷生段二小段,.02,都市：其他:第參種商業區(依都市計畫說明書圖規定辦理，始得作第參種商業區使用)(原屬第參種住宅區)。,10000,1,持分移轉,05950000
RPQNMLPJJHLGFAA17DA,永昌段四小段,10.20,都市：其他:第三種住宅區。,100000,1259,持分移轉,06680000
RPQNMLPJJHLGFAA17DA,永昌段四小段,14.51,都市：其他:第三之一種住宅區。,100000,1259,持分移轉,06690000
RPTQMLMKRHKGFBA38DA,直興段三小段,8.71,都市：其他:第肆種商業區(依都市計畫說明書圖規定辦理，始得作第肆種商業區使用)(原屬第參種商業區)。,100000,897,持分移轉,02000000
RPRQMLKKRHKGFBA97DA,直興段三小段,6.10,都市：其他:第肆種商業區(依都市計畫說明書圖規定辦理，始得作第肆種商業區使用)(原屬第參種商業區)。,100000,628,持分移轉,02000000
RPQPMLKKRHKGFBA77DA,直興段三小段,5.94,都市：其他:第肆種商業區(依都市計畫說明書圖規定辦理，始得作第肆種商業區使用)(原屬第參種商業區)。,100000,612,持分移轉,02000000
RPTPMLMKRHKGFBA28DA,直興段三小段,10.01,都市：其他:第肆種商業區(依都市計畫說明書圖規定辦理，始得作第肆種商業區使用)(原屬第參種商業區)。,100000,1031,持分移轉,02000000
RPTTMLLKRHKGFBA58DA,直興段三小段,6.98,都市：其他:第肆種商業區(依都市計畫說明書圖規定辦理，始得作第肆種商業區使用)(原屬第參種商業區)。,100000,719,持分移轉,02000000
RPVNMLMLKIKGFAA67DA,萬芳段二小段,548.25,都市：其他:第二種住宅區。,100000,2020,持分移轉,01000000
RPVNMLMLKIKGFAA67DA,萬芳段二小段,44.08,都市：其他:第三種住宅區。,100000,2020,持分移轉,01620000
RPTNMLLKRHKGFBA97DA,直興段三小段,9.35,都市：其他:第肆種商業區(依都市計畫說明書圖規定辦理，始得作第肆種商業區使用)(原屬第參種商業區)。,100000,963,持分移轉,02000000
RPPQMLLKRHKGFBA87DA,直興段三小段,4.62,都市：其他:第肆種商業區(依都市計畫說明書圖規定辦理，始得作第肆種商業區使用)(原屬第參種商業區)。,100000,476,持分移轉,02000000
RPTOMLKKRHKGFBA97DA,直興段三小段,6.02,都市：其他:第肆種商業區(依都市計畫說明書圖規定辦理，始得作第肆種商業區使用)(原屬第參種商業區)。,100000,620,持分移轉,02000000
RPUNMLTJRHKGFBA78DA,直興段三小段,10.00,都市：其他:第肆種商業區(依都市計畫說明書圖規定辦理，始得作第肆種商業區使用)(原屬第參種商業區)。,100000,1030,持分移轉,02000000
RPTNMLRKKIKGFAA87DA,景美段五小段,5.03,都市：其他:第三種商業區。,100000,514,持分移轉,05360000
RPVOMLRKJIKGFCA28DA,中山段一小段,6.01,都市：其他:第肆種商業區(依都市計畫說明書圖規定辦理，始得作第肆種商業區使用)(原屬第參種商業區)。,200000,1206,持分移轉,05330000
