編號,屋齡,建物移轉面積平方公尺,主要用途,主要建材,建築完成日期,總層數,建物分層,移轉情形
The serial number,room age,building shifting area square meter,the main use,main building materials,construction completes the date,total layer,building lamination,
RPWPMLLKJIKGFBB97CC,35,15.79,住家用,鋼筋混凝土造,80年4月15日,七層,,
RPWPMLLKJIKGFBB97CC,35,7.79,共有部份,鋼筋混凝土造,80年4月15日,七層,,
RPPNMLOKJIKGFAB27CC,51,90.46,住家用,見其他登記事項,63年6月28日,二層,,
RPQNMLMKJIKGFBB27CC,4,75.63,集合住宅,鋼筋混凝土造,111年1月12日,十五層,,
RPPNMLNJJIKGFAB07CC,32,84.58,住家用,鋼筋混凝土造,82年8月21日,七層,,
RPQNMLMKJIKGFBB27CC,4,61.77,本共有部分係依使用執照之建築概要表記載項目有：防空避難室兼停車空間，排煙室，樓梯間，昇降機間，雨汙水機房，消防機房，機械室，水箱，停車空間，緊急發電機室，電信室，景觀機房，梯廳，管理室，門廊，門廳，資源回收中心，管委會空間，水景機房，走廊，梯間，水錶箱室，電梯機房等２３項。,鋼筋混凝土造,111年1月12日,十五層,,
RPPNMLNJJIKGFAB07CC,32,28.38,共有部分,鋼筋混凝土造,82年8月21日,七層,,
RPRNMLMKJIKGFBB37CC,28,134.86,住家用,鋼筋混凝土造,86年6月28日,十五層,,
RPRNMLMKJIKGFBB37CC,28,42.47,共有部份,鋼筋混凝土造,86年6月28日,十五層,,
RPSNMLNKJIKGFAB47CC,37,138.93,住家用,鋼筋混凝土造,78年4月1日,三層,,
RPRNMLMKJIKGFBB37CC,28,14.93,共有部份,鋼筋混凝土造,86年6月28日,十五層,,
RPXNMLNKJIKGFBB08CC,31,19.16,住家用,鋼筋混凝土造,83年7月23日,六層,,
RPXNMLNKJIKGFBB08CC,31,8.14,共有部份,鋼筋混凝土造,83年7月23日,六層,,
RPQOMLPJJIKGFBB57CC,30,21.31,住家用,鋼筋混凝土造,84年11月24日,二十四層,,
RPVNMLNKJIKGFBB87CC,5,95.21,店舖、住宅,鋼筋混凝土造,109年12月11日,十五層,,
RPQOMLPJJIKGFBB57CC,30,14.36,防空避難室，停車空間，門廳，樓梯間，機械室，水箱,鋼筋混凝土造,84年11月24日,二十四層,,
RPVNMLNKJIKGFBB87CC,5,29.56,住宅,鋼筋混凝土造,109年12月11日,十五層,,
RPROMLNKJIKGFAB47CC,30,22.41,集合住宅,鋼骨鋼筋混凝土造,85年1月19日,二十二層,,
RPROMLNKJIKGFAB47CC,30,2.24,樓梯間．機房．蓄水池,鋼骨鋼筋混凝土造,85年1月19日,二十二層,,
RPROMLNKJIKGFAB47CC,30,2.49,樓梯間,鋼骨鋼筋混凝土造,85年1月19日,二十二層,,
RPPOMLNKJIKGFBB37CC,8,15.19,住宅、樓梯間、停車空間,鋼筋混凝土造,106年12月4日,五層,,
RPROMLNKJIKGFAB47CC,30,6.61,防空避難室兼停車空間．走道,鋼骨鋼筋混凝土造,85年1月19日,二十二層,,
RPQNMLNKJIKGFBB37CC,31,71.69,住家用,鋼筋混凝土造,83年7月7日,七層,,
RPROMLNKJIKGFAB47CC,30,8.17,走道,鋼骨鋼筋混凝土造,85年1月19日,二十二層,,
RPQNMLNKJIKGFBB37CC,31,28.14,共有部份,鋼筋混凝土造,83年7月7日,八層,,
RPPNMLMKJIKGFDB37CC,48,49.78,住家用,磚造,66年5月13日,一層,,
RPSNMLNKJIKGFDB77CC,16,42.80,辦公室,鋼筋混凝土造,99年2月5日,九層,,
RPSNMLNKJIKGFDB77CC,16,20.13,停車空間兼防空避難室、發電機室、台電變電室、電梯廳、電信機房、污水機房、消防機房、水箱、門廳兼中央管理室、梯廳、機房、樓梯間、機械間、梯間,鋼筋混凝土造,99年2月5日,九層,,
RPXOMLOKJIKGFAB18CC,31,23.56,住家用,鋼筋混凝土造,84年1月13日,十九層,,
RPXOMLOKJIKGFAB18CC,31,3.87,共有部份,鋼筋混凝土造,84年1月13日,十九層,,
RPXOMLOKJIKGFAB18CC,31,8.48,梯間．水箱．機械室,鋼筋混凝土造,84年1月13日,十九層,,
RPPNMLNKJIKGFKB28DC,10,15.57,住宅、停車空間、樓梯間,鋼筋混凝土造,104年7月20日,五層,,
RPXNMLOKJIKGFAB08CC,30,19.27,集合住宅,鋼筋混凝土造,85年5月6日,十八層,,
RPXNMLOKJIKGFAB08CC,30,3.30,共同使用,鋼筋混凝土造,85年5月6日,十八層,,
RPXNMLOKJIKGFAB08CC,30,3.72,共同使用,鋼筋混凝土造,85年5月6日,十八層,,
RPXNMLOKJIKGFAB08CC,30,.89,共同使用,鋼筋混凝土造,85年5月6日,十八層,,
RPXNMLOKJIKGFAB08CC,30,1.31,共同使用,鋼筋混凝土造,85年5月6日,十八層,,
RPROMLNKJIKGFCB67CC,44,107.52,住家用,鋼筋混凝土造,70年12月26日,四層,,
RPRNMLLKJIKGFJB08CC,32,93.62,集合住宅,鋼筋混凝土造,82年12月30日,七層,,
RPRNMLLKJIKGFJB08CC,32,18.31,共有部分,鋼筋混凝土造,82年12月30日,七層,,
RPWOMLNKJIKGFCB18CC,12,18.16,住宅、停車空間、樓梯間、機械室,鋼骨鋼筋混凝土造,103年1月23日,四層,,
RPOOMLOKJIKGFBB37CC,46,15.03,住商用,加強磚造,68年10月2日,二層,,
RPQOMLOKJIKGFBB57CC,46,15.03,住商用,加強磚造,68年10月2日,二層,,
RPPNMLOKJIKGFBB37CC,31,104.10,住家用,鋼筋混凝土造,83年9月30日,六層,,
RPPNMLOKJIKGFBB37CC,31,26.64,共有部份,鋼筋混凝土造,83年9月30日,六層,,
RPSPMLOKJIKGFAB77CC,38,106.15,住家用,鋼筋混凝土造,76年8月14日,五層,,
RPWNMLOKJIKGFBB08CC,4,86.73,集合住宅,鋼筋混凝土造,111年4月25日,十五層,,
RPSPMLOKJIKGFAB77CC,38,1.12,共有部份,鋼筋混凝土造,76年8月14日,五層,,
RPWNMLOKJIKGFBB08CC,4,67.34,本共有部分係依使用執照之建築概要表記載項目有：防空避難室兼停車空間、排煙室、樓梯間、昇降機間、消防機房、雨水機房、車道、水箱、停車空間、機械室、台電配電室、電信室、發電機房、門廳、走廊、頂蓋型開放空間、公共服務空間、資源回收中心、梯廳、梯間、水錶箱室、電梯機房等２２項。,鋼筋混凝土造,111年4月25日,十五層,,
RPROMLOKJIKGFBB67CC,58,46.32,住家用,磚造,56年8月31日,一層,,
RPRPMLOKJIKGFBB77CC,1,19.50,室內停車空間、住宅、樓梯間,鋼筋混凝土造,113年7月12日,五層,,
RPTNMLOKJIKGFJB58CC,3,51.66,集合住宅,鋼筋混凝土造,111年9月13日,十四層,,
RPTNMLOKJIKGFJB58CC,3,39.08,法定防空避難室兼停車空間、安全梯、排煙室、昇降機間、汙水機房、消防機房、水箱、車道、停車空間、電信室、台電配電室、發電機室、電錶箱,鋼筋混凝土造,111年9月13日,十四層,,
RPTNMLOKJIKGFJB58CC,3,16.38,安全梯、梯廳、排煙室、昇降機間、車道、管理室、郵務室、公共廁所、垃圾儲藏室、環保室、健身房、親子教室、交誼廳、會議室、排煙機房、屋頂水箱、電梯機房,鋼筋混凝土造,111年9月13日,十四層,,
RPPNMLPKJIKGFBB47CC,8,10.67,住宅、樓梯間、停車空間,鋼筋混凝土造,106年12月4日,五層,,
RPPNMLPKJIKGFAB37CC,15,20.79,人行道、店鋪、停車空間、辦公室、住宅、樓梯間,鋼筋混凝土造,99年12月30日,四層,,
RPQNMLRKJIKGFAB67CC,48,93.80,住家用,加強磚造,66年7月6日,二層,,
RPUNMLRKJIKGFBB18CC,1,53.89,集合住宅,鋼筋混凝土造,113年6月5日,十五層,,
RPUNMLRKJIKGFBB18CC,1,54.15,本共有部份係依使用執照之建築概要表記載項目有：防空避難室兼停車空間，水箱，排煙室，樓梯間，緊急昇降機，一般昇降機，消防機房，雨水機房，機房，緊急發電機室，停車空間，台電配電室，電信室，機車停車空間，梯廳，機電設備空間，頂蓋型開放空間，管委會使用空間，公共服務空間，走廊，資源回收中心，游泳池，梯間，電梯機房，水錶箱室等２５項,鋼筋混凝土造,113年6月5日,十五層,,
RPWNMLRKJIKGFBB38CC,28,64.99,住家用,鋼筋混凝土造,86年7月22日,十六層,,
RPTNMLRKJIKGFBB08CC,7,63.43,集合住宅,鋼筋混凝土造,108年5月13日,二十一層,,
RPWNMLRKJIKGFBB38CC,28,9.32,共有部份,鋼筋混凝土造,86年7月22日,十六層,,
RPTNMLRKJIKGFBB08CC,7,41.82,本共有部份係依使用執照之建築概要表記載項目有：防空避難室兼停車空間，消防機械室，雨污水機房，安全梯，機械室，停車空間，泳池水箱，消防中繼機房，電信室，景觀機房，發電機室，防災中心，垃圾儲藏室，台電配電室，門廳，管委會使用空間等１６項。,鋼筋混凝土造,108年5月13日,二十二層,,
RPWNMLRKJIKGFBB38CC,28,11.11,共有部份,鋼筋混凝土造,86年7月22日,十六層,,
RPTNMLRKJIKGFBB08CC,7,21.54,本共有部份係依使用執照之建築概要表記載項目有：水箱，緊急昇降機間排煙室，揚水機房，特別安全梯，排煙室，梯廳，安全梯，電梯間，噴灌機房，消防中繼機房，自來水水箱，消防水箱，機械室等１３項。,鋼筋混凝土造,108年5月13日,二十一層,,
RPQOMLRKJIKGFBB87CC,29,20.46,住家用,鋼筋混凝土造,85年7月15日,十四層,,
RPPOMLOKJIKGFCB57CC,31,21.95,住家用,鋼筋混凝土造,83年9月8日,十三層,,
RPQOMLRKJIKGFBB87CC,29,6.87,共有部份,鋼筋混凝土造,85年7月15日,十四層,,
RPPOMLOKJIKGFCB57CC,31,12.81,共用部份,鋼筋混凝土造,83年9月8日,十三層,,
RPQOMLRKJIKGFBB87CC,29,4.93,共有部份,鋼筋混凝土造,85年7月15日,十四層,,
RPPQMLOKJIKGFCB77CC,31,20.48,住家用,鋼筋混凝土造,83年6月10日,七層,,
RPPQMLOKJIKGFCB77CC,31,10.34,共用部份,鋼筋混凝土造,83年6月10日,七層,,
RPRQMLOKJIKGFCB97CC,33,89.49,住家用,鋼筋混凝土造,81年6月1日,七層,,
RPRQMLOKJIKGFCB97CC,33,13.93,共用部份,鋼筋混凝土造,81年6月1日,七層,,
RPUOMLRKJIKGFAB18CC,32,107.84,住家用,鋼筋混凝土造,83年2月3日,八層,,
RPUOMLRKJIKGFAB18CC,32,40.51,共有部份,鋼筋混凝土造,83年2月3日,八層,,
RPPOMLRKJIKGFAB67CC,33,125.43,住家用,鋼筋混凝土造,81年7月21日,十六層,,
RPPOMLRKJIKGFAB67CC,33,49.22,梯間、人行道、水塔、受電室、避難室、機械房,鋼筋混凝土造,81年7月21日,十六層,,
RPTOMLRKJIKGFAB08CC,46,58.38,住家用,鋼筋混凝土造,68年8月10日,五層,,
RPTOMLRKJIKGFAB08CC,46,5.37,共有部份,鋼筋混凝土造,68年8月10日,(空白),,
RPXPMLOKJIKGFCB48CC,30,60.57,住家用,鋼筋混凝土造,84年6月1日,十六層,,
RPXPMLOKJIKGFCB48CC,30,26.50,共用部份,鋼筋混凝土造,84年6月1日,十六層,,
RPUNMLOKJIKGFHB48CC,34,57.11,住家用,鋼筋混凝土造,80年9月16日,十層,,
RPUNMLOKJIKGFHB48CC,34,10.24,共用部份,鋼筋混凝土造,80年9月16日,十層,,
RPXNMLOKJIKGFHB78CC,26,80.37,住家用,鋼筋混凝土造,88年6月9日,十二層,,
RPXNMLOKJIKGFHB78CC,26,21.70,共用部份,鋼筋混凝土造,88年6月9日,十二層,,
RPXNMLOKJIKGFHB78CC,26,.00,共用部份,鋼筋混凝土造,88年6月9日,十二層,,
RPTNMLOKJIKGFHB38CC,1,89.60,集合住宅,鋼筋混凝土造,113年10月22日,十五層,,
RPTNMLOKJIKGFHB38CC,1,43.50,本共有部分之項目有：防空避難室兼停車空間、排煙室、安全梯、污水機房、消防幫浦室、昇降機、車道、停車空間、水箱、台電配電室、緊急發電機室、電信室、電錶室、過濾機房等十四項,鋼筋混凝土造,113年10月22日,十五層,,
RPTNMLOKJIKGFHB38CC,1,27.13,本共有部分之項目有管委會使用空間、公共服務空間、管道間、昇降機、車道、資源回收室、排煙室、安全梯、戶外安全梯、梯廳、水箱、梯間、水錶室、電梯機械室等十四項,鋼筋混凝土造,113年10月22日,十五層,,
RPQNMLRKJIKGFCB87CC,30,96.65,住家用,鋼筋混凝土造,84年5月19日,十六層,,
RPQNMLRKJIKGFCB87CC,30,25.87,共用部份,鋼筋混凝土造,84年5月19日,十六層,,
RPQNMLRKJIKGFCB87CC,30,14.22,共用部份,鋼筋混凝土造,84年5月19日,十六層,,
RPRNMLRKJIKGFCB97CC,28,175.70,住家用,鋼筋混凝土造,86年12月15日,四層,,
RPRNMLRKJIKGFCB97CC,28,14.08,共用部份,鋼筋混凝土造,86年12月15日,四層,,
RPSNMLOKJIKGFIB38CC,34,156.42,集合住宅,鋼筋混凝土造,81年3月16日,九層,,
RPPNMLOKJIKGFIB08CC,33,90.99,集合住宅,鋼筋混凝土造,81年6月30日,五層,,
RPSNMLOKJIKGFIB38CC,34,19.35,共有部份,鋼筋混凝土造,81年3月16日,,,
RPPNMLOKJIKGFIB08CC,33,6.31,共有部份,鋼筋混凝土造,81年6月30日,五層,,
RPSNMLOKJIKGFIB38CC,34,26.27,避難室、停車空間,鋼筋混凝土造,81年3月16日,,,
RPSNMLRKJIKGFCB08CC,25,52.88,住家用,鋼筋混凝土造,89年11月3日,九層,,
RPSNMLRKJIKGFCB08CC,25,19.51,共用部份,鋼筋混凝土造,89年11月3日,九層,,
RPSNMLRKJIKGFDB18CC,57,91.26,住家用,加強磚造,58年3月20日,二層,,
RPTNMLRKJIKGFDB28CC,2,23.31,集合住宅,鋼筋混凝土造,113年1月4日,七層,,
RPRNMLRKJIKGFDB08CC,22,103.23,住家用,鋼筋混凝土造,92年10月17日,九層,,
RPTNMLRKJIKGFDB28CC,2,20.62,本共有部分之項目有人行道、消防機房、機車停車、電信室、停車空間、梯間、電機機房等７項,鋼筋混凝土造,113年1月4日,七層,,
RPRNMLRKJIKGFDB08CC,22,56.03,共同使用部份,鋼筋混凝土造,92年10月17日,九層,,
RPRPMLRKJIKGFCB18CC,45,303.60,住商用,鋼筋混凝土造,69年6月12日,四層,,
RPSPMLRKJIKGFCB28CC,34,31.23,商業用,鋼筋混凝土造,80年12月18日,八層,,
RPSPMLRKJIKGFCB28CC,34,8.00,共用部份,鋼筋混凝土造,80年12月18日,八層,,
RPQQMLRKJIKGFCB18CC,11,63.80,住家用,鋼筋混凝土造,103年11月19日,二十一層,,
RPQQMLRKJIKGFCB18CC,11,32.51,本共有部份係依使用執照之建築概要表記載項目有：停車空間、污水處理機房、消防機械室、排煙室、水箱、樓梯間、昇降機、緊急昇降機、防空避難室兼停車空間、台電配電室、景觀水池機房、防災中心、緊急發電機室、電信室、門廳、公共服務空間、外廊、環保資源室、頂蓋型廣場式開放空間、頂蓋型沿街步道式開放空間、梯廳、游泳池、交誼廳、中繼水箱機房及機械室等２５項。,鋼筋混凝土造,103年11月19日,二十一層,,
RPWNMLOKJIKGFFB48CC,39,252.37,住商用,鋼筋混凝土造,75年11月4日,三層,,
RPUOMLRKJIKGFCB38CC,29,89.39,集合住宅,鋼筋混凝土造,85年9月23日,十二層,,
RPUOMLRKJIKGFCB38CC,29,48.90,共用部份,鋼筋混凝土造,85年9月23日,十二層,,
RPPNMLRKJIKGFFB08CC,1,51.84,集合住宅,鋼筋混凝土造,113年12月6日,十二層,,
RPWOMLRKJIKGFCB58CC,17,32.73,店舖、住房,鋼筋混凝土造,97年11月27日,二十二層,,
RPVNMLRKJIKGFCB38CC,45,109.43,集合住宅,鋼筋混凝土造,70年4月24日,四層,,
RPPNMLRKJIKGFFB08CC,1,52.97,防空避難室兼停車空間、安全梯、昇降機間、排煙室、消防機械室、污水機房、蓄水池、景觀噴水機房、台電配電室、發電機室、電信室、梯廳、戶外安全梯、機電設備空間、管理委員會使用空間、一般昇降機、垃圾集中貯存空間、車道、門廊、樓梯間、機械室、水錶室、電梯機械室、水箱,鋼筋混凝土造,113年12月6日,十二層,,
RPUPMLRKJIKGFCB48CC,32,11.00,住家用,鋼筋混凝土造,82年6月15日,十四層,,
RPOQMLRKJIKGFCB97CC,3,18.04,人行步道、店鋪、停車空間、樓梯間、機房、住宅,鋼筋混凝土造,111年10月6日,五層,,
RPROMLRKJIKGFCB08CC,31,97.83,住家用,鋼筋混凝土造,83年8月25日,十八層,,
RPROMLRKJIKGFCB08CC,31,24.37,共用部份,鋼筋混凝土造,83年8月25日,十八層,,
RPROMLRKJIKGFCB08CC,31,7.89,共用部份,鋼筋混凝土造,83年8月25日,二十九層,,
RPROMLRKJIKGFCB08CC,31,6.19,共用部份,鋼筋混凝土造,83年8月25日,二十九層,,
RPVOMLRKJIKGFCB48CC,27,48.36,住家用,鋼筋混凝土造,87年6月3日,十四層,,
RPVOMLRKJIKGFCB48CC,27,16.84,共用部份,鋼筋混凝土造,87年6月3日,十四層,,
RPPRMLRKJIKGFCB18CC,34,29.33,住家用,鋼筋混凝土造,80年12月6日,十二層,,
RPPRMLRKJIKGFCB18CC,34,19.44,共用部份,鋼筋混凝土造,80年12月6日,十二層,,
RPXQMLRKJIKGFCB88CC,31,77.27,住家用,鋼筋混凝土造,83年11月8日,十四層,,
RPXQMLRKJIKGFCB88CC,31,21.76,共用部份,鋼筋混凝土造,83年11月8日,十四層,,
RPPNMLRKJIKGFHB28CC,18,79.28,集合住宅,鋼筋混凝土造,97年2月25日,十四層,,
RPPNMLRKJIKGFHB28CC,18,19.98,人行道、門廳、管理室、門廊、交誼廳、儲藏室、梯間、水箱、機械室,鋼筋混凝土造,97年2月25日,十四層,,
RPPNMLRKJIKGFHB28CC,18,32.90,防空避難室兼停車空間、機械室、台電配電室、停車空間、水箱,鋼筋混凝土造,97年2月25日,十四層,,
RPSNMLRKJIKGFHB58CC,32,94.08,住家用,鋼筋混凝土造,83年1月5日,七層,,
RPSNMLRKJIKGFHB58CC,32,29.27,共用部份,鋼筋混凝土造,83年1月5日,七層,,
RPTNMLSKJIKGFAB08CC,24,92.96,集合住宅,鋼筋混凝土造,90年8月10日,十四層,,
RPTNMLSKJIKGFAB08CC,24,12.14,共有部份,鋼筋混凝土造,90年8月10日,十四層,,
RPQNMLRKJIKGFIB48CC,46,122.59,住商用,加強磚造,69年4月25日,二層,,
RPTNMLSKJIKGFAB08CC,24,39.34,共有部份,鋼筋混凝土造,90年8月10日,十四層,,
RPRNMLSKJIKGFAB87CC,28,48.32,集合住宅,鋼筋混凝土造,87年1月5日,七層,,
RPRNMLSKJIKGFAB87CC,28,22.73,共有部份,鋼筋混凝土造,87年1月5日,七層,,
RPTNMLRKJIKGFFB48CC,3,57.34,集合住宅,鋼筋混凝土造,111年10月6日,十五層,,
RPTNMLRKJIKGFFB48CC,3,11.39,消防機房、機房、水箱、雨水機房、污水機房、安全梯、排風管道、電信室、防空避難室兼停車空間、台電配電室、發電機房、管委會使用空間、水景機房、泳池機房、游泳池、梯廳、風除室、外廊、大廳、警衛室等２０項,鋼筋混凝土造,111年10月6日,十五層,,
RPVOMLRKJIKGFFB78CC,2,92.89,集合住宅,鋼筋混凝土造,113年4月11日,十四層,,
RPTNMLRKJIKGFFB48CC,3,16.72,排煙室、升降機、緊急升降機兼無障礙升降機、通風管道、特別安全梯、梯廳、走道、梯廳兼排煙室、電梯機房、水錶室、消防水箱、自來水箱等１２項,鋼筋混凝土造,111年10月6日,十五層,,
RPVOMLRKJIKGFFB78CC,2,67.47,防空避難室兼停車空間、排煙室、水箱、消防機械室、污水機房、緊急昇降機行動不便者、一般昇降機、安全梯、停車空間、消防中繼水箱、消防中繼機房、車道、台電配電室、電信室、發電機室、泳池機房、機車停車空間、特別安全梯、管委會使用空間、走廊、垃圾暫存室、防災中心、梯廳、水錶室、戶外安全梯、梯間、昇降機道、機械室等２８項。,鋼筋混凝土造,113年4月11日,二十四層,,
RPTNMLRKJIKGFFB48CC,3,32.71,停車空間、防空避難室兼停車空間等２項,鋼筋混凝土造,111年10月6日,十五層,,
RPXOMLRKJIKGFFB98CC,28,92.99,住家用,鋼筋混凝土造,86年6月12日,十層,,
RPQNMLSKJIKGFBB87CC,34,45.66,住家用,鋼筋混凝土造,80年8月5日,五層,,
RPXOMLRKJIKGFFB98CC,28,41.56,梯間、停車空間、機房、防空避難室、水塔、門廳,鋼筋混凝土造,86年6月12日,十層,,
RPQNMLSKJIKGFBB87CC,34,14.67,共有部份,鋼筋混凝土造,80年8月5日,五層,,
RPUNMLRKJIKGFFB58CC,3,55.87,集合住宅,鋼筋混凝土造,111年10月6日,十五層,,
RPUNMLRKJIKGFFB58CC,3,11.17,消防機房、機房、水箱、雨水機房、污水機房、安全梯、排風管道、電信室、防空避難室兼停車空間、台電配電室、發電機房、管委會使用空間、水景機房、泳池機房、游泳池、梯廳、風除室、外廊、大廳、警衛室等２０項,鋼筋混凝土造,111年10月6日,十五層,,
RPUNMLRKJIKGFFB58CC,3,15.18,排煙室、升降機、緊急升降機兼無障礙升降機、特別安全梯、梯廳、機房、電梯機房、水錶室、消防水箱、自來水箱等１０項,鋼筋混凝土造,111年10月6日,十五層,,
RPUNMLRKJIKGFFB58CC,3,32.71,停車空間、防空避難室兼停車空間等２項,鋼筋混凝土造,111年10月6日,十五層,,
RPSNMLRKJIKGFFB38CC,2,66.12,集合住宅,鋼筋混凝土造,112年11月20日,二十四層,,
RPSNMLRKJIKGFFB38CC,2,33.59,防空避難室兼停車空間、排煙室、水箱、車道、消防機械室、雨污水機房、緊急昇降機行動不便者、一般昇降機、安全梯、停車空間、消防中繼水箱、消防中繼機械室、台電配電室、電信室、發電機室、水景機房、泳池機房、機車停車空間、特別安全梯、管委會使用空間、走廊、垃圾暫存室、防災中心、梯廳、水錶室、消防中繼機房、機械室等２７項。,鋼筋混凝土造,112年11月20日,二十四層,,
RPRNMLSKJIKGFBB97CC,12,42.77,住家用,鋼筋混凝土造,102年7月25日,二十二層,,
RPRNMLSKJIKGFBB97CC,12,11.45,本共有部分係依使用執照之建築概要表記載項目有：管委會使用公共設施，垃圾處理室，梯間，梯廳，梯間（排煙室，昇降機間）梯間（梯廳，排煙室，昇降機間），走廊，中繼機械室（中繼水箱），機械室，水箱等１０項,鋼筋混凝土造,102年7月25日,二十二層,,
RPRNMLSKJIKGFBB97CC,12,9.21,本共有部分係依使用執照之建築概要表記載項目有：停車空間，車道，污水機房，清水池，消防機房，機房，梯間（梯廳，排煙室，昇降機間），防空避難室兼停車空間，發電機室，電信室，台電配電室，防災中心，公共設施等１３項,鋼筋混凝土造,102年7月25日,二十二層,,
RPSNMLSKJIKGFBB08CC,12,17.12,店舖、住宅、樓梯間、停車空間、人行道,鋼筋混凝土造,103年1月10日,五層,,
RPXNMLSKJIKGFAB48CC,3,53.20,集合住宅,鋼筋混凝土造,112年4月24日,十五層,,
RPUNMLSKJIKGFBB28CC,25,125.12,住家用,鋼筋混凝土造,89年11月24日,六層,,
RPTNMLSKJIKGFBB18CC,20,47.39,住家用,鋼筋混凝土造,94年12月8日,十八層,,
RPUNMLSKJIKGFBB28CC,25,71.36,共有部份,鋼筋混凝土造,89年11月24日,六層,,
RPTNMLSKJIKGFBB18CC,20,19.00,共有部份,鋼筋混凝土造,94年12月8日,十八層,,
RPXNMLSKJIKGFAB48CC,3,26.23,本共有部份係依使用執照之建築概要表記載項目有：防空避難室兼停車空間、排煙室、樓梯間、一般昇降機、緊急昇降機兼行動不便者使用、雨水機房、消防機房、水箱、車道、停車空間、受電箱區、緊急發電機室、台電配電室、電錶集中區、電信機房、機車停車區、梯廳、門廳、垃圾集中室、公共服務空間、管委會使用空間、走廊、機房、公用廁所、水錶機房、電梯機房等共計２６項。,鋼筋混凝土造,112年4月24日,十五層,,
RPPOMLSKJIKGFAB77CC,27,40.46,辦公室,鋼骨鋼筋混凝土造,87年5月28日,三十二層,,
RPTOMLSKJIKGFAB18CC,47,67.29,住家用,鋼筋混凝土造,68年1月22日,六層,,
RPWNMLSKJIKGFAB38CC,,62.56,集合住宅,鋼筋混凝土造,114年5月21日,二十八層,,
RPWNMLSKJIKGFAB38CC,,40.26,本共有部分係依使用執照之建築概要表記載項目有：防空避難室兼停車空間、排煙室、昇降機道、安全梯間、雨水機房、消防機房、揚水泵機房、水箱、電氣室、機房、停車空間、消防中繼機房、電信室、發電機房、台電配電室、水池機房、台電專用管道間等１７項。,鋼筋混凝土造,114年5月21日,二十八層,,
RPWNMLSKJIKGFAB38CC,,4.41,本共有部分係依使用執照之建築概要表記載項目有：梯廳、安全梯間、排煙室、走廊、昇降機道、特別安全梯、機車停車區、車道、泳池機房、管委會使用空間、防災中心、垃圾暫存室、機電設備空間、游泳池、門廳等１５項。,鋼筋混凝土造,114年5月21日,二十八層,,
RPVNMLRKJIKGFJB09CC,12,126.38,集合住宅,鋼筋混凝土造,102年12月30日,十五層,,
RPPOMLSKJIKGFAB77CC,27,3.29,本共有部份係依使用執照之建築概要表記載項目有：樓梯間、梯間、機房、水箱等４項,鋼骨鋼筋混凝土造,87年5月28日,三十二層,,
RPWNMLSKJIKGFAB38CC,,16.43,本共有部分係依使用執照之建築概要表記載項目有：梯廳、走廊、昇降機道、排煙室、特別安全梯、機電設備空間、機械室、樓梯間、水錶室、消防中繼機房、水箱等１１項。,鋼筋混凝土造,114年5月21日,二十八層,,
RPPOMLSKJIKGFAB77CC,27,12.94,共有部份,鋼骨鋼筋混凝土造,87年5月28日,三十二層,,
RPVNMLRKJIKGFJB09CC,12,91.30,停車空間、污水機房、消防機械室、排煙室、水箱、電梯間、車道、緊急昇降機間、停車空間兼防空避難室、電信室、錶箱區、台電配電室、樓梯間、管委會使用空間、資源回收室、門廳、機械室、發電機房、景觀機房,鋼筋混凝土造,102年12月30日,十五層,,
RPPOMLSKJIKGFAB77CC,27,5.35,共有部份,鋼骨鋼筋混凝土造,87年5月28日,三十二層,,
RPPOMLSKJIKGFBB87CC,9,48.64,集合住宅,鋼筋混凝土造,106年4月20日,二十八層,,
RPPOMLSKJIKGFBB87CC,9,16.95,本共有部分係依使用執照之建築概要表記載項目有：管委會使用空間、梯廳、排煙室、特別安全梯、電機室、梯間、機房、中繼機房、水箱、電梯機房等１０項,鋼筋混凝土造,106年4月20日,二十八層,,
RPPOMLSKJIKGFBB87CC,9,46.63,本共有部分係依使用執照之建築概要表記載項目有：停車空間、水箱室、消防機械室、排煙室、梯廳、地下室排氣機房、安全梯、機電設備空間、電信室、防空避難室兼停車空間、台電配電室、中繼機房、發電機室、防災中心、梯間等１５項,鋼筋混凝土造,106年4月20日,二十八層,,
RPVNMLSKJIKGFBB38CC,8,21.50,住宅、樓梯間、停車空間,鋼筋混凝土造,106年12月4日,五層,,
RPQOMLSKJIKGFAB87CC,57,116.17,員工宿舍,加強磚造,57年12月10日,二層,,
RPRNMLRKJIKGFJB68CC,3,80.36,集合住宅,鋼筋混凝土造,111年5月30日,十五層,,
RPRNMLRKJIKGFJB68CC,3,68.99,防空避難室兼停車空間、排煙室、樓梯間、一般昇降機、緊急昇降機、消防機房、污水處理機房、機房、水箱、停車空間、緊急發電機室、台電配電室、電信室、機車停車區、浴廁、無障礙廁所、梯廳、公共服務空間、管委會空間、門廳、走廊、垃圾集中室、梯間、水錶箱室、電梯機房等２５項。,鋼筋混凝土造,111年5月30日,十五層,,
RPTNMLRKJIKGFJB88CC,34,85.15,集合住宅,鋼筋混凝土造,80年6月20日,九層,,
RPTNMLRKJIKGFJB88CC,34,12.88,共有部分,鋼筋混凝土造,80年6月20日,九層,,
RPWNMLSKJIKGFBB48CC,41,92.89,集合住宅,鋼筋混凝土造,74年3月23日,十四層,,
RPTNMLRKJIKGFJB88CC,34,15.15,辦公室、停車空間,鋼筋混凝土造,80年6月20日,九層,,
RPWNMLRKJIKGFJB56CC,10,91.72,集合住宅,鋼筋混凝土造,104年9月15日,十四層,,
RPXNMLSKJIKGFBB58CC,32,25.68,住家用,鋼筋混凝土造,83年2月7日,十八層,,
RPXNMLSKJIKGFBB58CC,32,13.38,共有部份,鋼筋混凝土造,83年2月7日,十八層,,
RPWNMLRKJIKGFJB56CC,10,72.02,防空避難室兼停車空間、車道、梯廳、排煙室（昇降機間）、安全梯、水箱、污水機械室、消防機械室、停車空間、機車停車區、台電配電室、機械室、緊急發電機室、電信室、電錶箱室、人行道、公共服務空間、頂蓋型開放空間、門廳、垃圾處理室、管理室、戶外安全梯、管委會使用空間、樓梯間、緊急昇降機道、一般昇降機道、水錶箱室、梯間,鋼筋混凝土造,104年9月15日,十四層,,
RPQOMLSKJIKGFBB97CC,30,23.85,住家用,鋼筋混凝土造,84年11月24日,二十四層,,
RPSOMLSKJIKGFBB18CC,32,179.43,住家用,鋼筋混凝土造,83年4月30日,九層,,
RPSOMLSKJIKGFBB18CC,32,7.87,見其他登記事項,鋼筋混凝土造,83年4月30日,九層,,
RPQOMLSKJIKGFBB97CC,30,16.16,防空避難室，停車空間，門廳，樓梯間，機械室，水箱,鋼筋混凝土造,84年11月24日,二十四層,,
RPVOMLSKJIKGFBB48CC,31,29.75,商業用,鋼筋混凝土造,83年12月22日,十七層,,
RPVOMLSKJIKGFBB48CC,31,13.83,防空避難室、樓梯間、機械室、水塔、地下庭園、管理員辦公室,鋼筋混凝土造,83年12月22日,十七層,,
RPTOMLSKJIKGFBB28CC,1,86.09,集合住宅,鋼筋混凝土造,113年6月5日,十五層,,
RPTOMLSKJIKGFBB28CC,1,70.22,本共有部份係依使用執照之建築概要表記載項目有：防空避難室兼停車空間，水箱，排煙室，樓梯間，緊急昇降機，一般昇降機，消防機房，雨水機房，機房，緊急發電機室，停車空間，台電配電室，電信室，機車停車空間，梯廳，機電設備空間，頂蓋型開放空間，管委會使用空間，公共服務空間，走廊，資源回收中心，游泳池，梯間，電梯機房，水錶箱室等２５項,鋼筋混凝土造,113年6月5日,十五層,,
RPPNMLSKJIKGFCB87CC,29,89.39,集合住宅,鋼筋混凝土造,85年6月15日,十二層,,
RPPNMLSKJIKGFCB87CC,29,48.84,共同使用,鋼筋混凝土造,85年6月15日,十二層,,
RPVNMLSKJIKGFCB48CC,32,105.77,住家用,鋼筋混凝土造,82年12月14日,十四層,,
RPVNMLSKJIKGFCB48CC,32,30.09,共用部份,鋼筋混凝土造,82年12月14日,十四層,,
RPPNMLSKJIKGFHB38CC,32,101.04,住家用,鋼筋混凝土造,82年6月11日,十層,,
RPPNMLSKJIKGFHB38CC,32,28.53,共用部份,鋼筋混凝土造,82年6月11日,十層,,
RPQNMLSKJIKGFDB08CC,5,16.52,人行道、店舖、停車空間、住宅,鋼筋混凝土造,109年11月9日,四層,,
RPUNMLSKJIKGFCB38CC,31,73.58,住家用,鋼筋混凝土造,83年9月5日,十六層,,
RPWNMLSKJIKGFCB58CC,13,64.02,住家用,鋼筋混凝土造,101年9月26日,十四層,,
RPUNMLSKJIKGFCB38CC,31,30.31,共用部份,鋼筋混凝土造,83年9月5日,十六層,,
RPWNMLSKJIKGFCB58CC,13,28.28,本共有部分之項目有停車空間、排煙室、梯廳、梯間、水箱、污水機房、消防機房、防空避難室兼停車空間、台電配電室、緊急發電機室、電信室、人行道、門廳、管理員室、公共服務空間、穿廊、車道、垃圾集中處、電梯機房等十九項。,鋼筋混凝土造,101年9月26日,十四層,,
RPQNMLSKJIKGFHB48CC,30,109.89,住家用,鋼筋混凝土造,85年1月10日,十層,,
RPSNMLSKJIKGFFB48CC,19,15.75,住家用,鋼筋混凝土造,96年1月9日,五層,,
RPQNMLSKJIKGFHB48CC,30,13.05,共用部份,鋼筋混凝土造,85年1月10日,十層,,
RPSNMLSKJIKGFFB48CC,19,.62,梯間、水箱,鋼筋混凝土造,96年1月9日,五層,,
RPRNMLSKJIKGFHB58CC,40,284.84,農舍,加強磚造,74年12月7日,二層,,
RPQNMLSKJIKGFHB48CC,30,18.41,共用部份,鋼筋混凝土造,85年1月10日,十層,,
RPSNMLSKJIKGFFB48CC,19,4.63,住家用,鋼筋混凝土造,96年1月9日,五層,,
RPWOMLSKJIKGFBB58CC,11,76.70,住家用,鋼筋混凝土造,103年9月23日,十四層,,
RPWOMLSKJIKGFBB58CC,11,7.72,住家用,鋼筋混凝土造,103年9月23日,十四層,,
RPWOMLSKJIKGFBB58CC,11,39.99,本共有部分之項目有：樓梯間．消防機械室．污水機房．車道．停車空間．電力機械室．發電機室．水箱．機械室．排煙室．樓梯間．防空避難室兼停車空間．機車停車空間．台電配電室．電信室．電表箱區．受電箱區．人行道．沿街步道式開放空間．門廊．公共服務空間．垃圾集中室．梯廳．有頂蓋開放空間．水錶室等二十五項。,鋼筋混凝土造,103年9月23日,十四層,,
RPWOMLSKJIKGFBB58CC,11,18.14,本共有部分之項目有：梯廳．排煙室．樓梯間．電梯間等四項。,鋼筋混凝土造,103年9月23日,十四層,,
RPWOMLSKJIKGFBB58CC,11,3.27,住家用,鋼筋混凝土造,103年9月23日,十四層,,
RPUNMLSKJIKGFHB88CC,34,86.14,集合住宅　人行道　店舖,鋼筋混凝土造,80年6月27日,七層,,
RPUNMLSKJIKGFHB88CC,34,2.42,梯間　機械間　水塔等,鋼筋混凝土造,80年6月27日,七層,,
RPRNMLSKJIKGFIB68CC,4,75.65,集合住宅,鋼筋混凝土造,110年6月21日,十四層,,
RPRNMLSKJIKGFIB68CC,4,36.26,停車空間、雨水機房、消防機房、水箱、梯廳、排煙室、緊急昇降機、無障礙昇降機、樓梯間、電信機房、發電機房、防空避難室兼停車空間、台電配電場所、垃圾儲存空間、水景／噴灌機房、管委會使用空間、過廊、污水機房、電梯機房及一般昇降機等２０項。,鋼筋混凝土造,110年6月21日,十四層,,
RPTNMLSKJIKGFHB78CC,31,53.10,住家用,鋼筋混凝土造,83年6月10日,六層,,
RPTNMLSKJIKGFHB78CC,31,19.13,共用部份,鋼筋混凝土造,83年6月10日,六層,,
RPPNMLSKJIKGFIB48CC,46,84.33,住家用,鋼筋混凝土造,68年5月30日,四層,,
RPQNMLSKJIKGFIB58CC,,85.07,集合住宅,鋼筋混凝土造,114年7月24日,十三層,,
RPQNMLSKJIKGFIB58CC,,74.63,停車空間、排煙室、樓梯間、一般昇降機、緊急昇降機、汙水機房、消防機房、水箱、車道、機房、儲藏室、緊急發電機室、台電配電室、電信室、機車停車空間、梯廳、管委會使用空間、公共服務空間、垃圾集中室、門廳、水錶箱室、電梯機房等２２項。,鋼筋混凝土造,114年7月24日,十三層,,
RPWNMLSKJIKGFIB56CC,10,21.37,店舖、住宅、人行道、樓梯間,鋼筋混凝土造,105年1月27日,三層,,
RPUNMLSKJIKGFIB98CC,3,50.21,集合住宅,鋼筋混凝土造,111年8月5日,二十層,,
RPUNMLSKJIKGFIB98CC,3,35.64,停車空間、梯廳、昇降機、無障礙電梯、樓梯間、車道、機房、雨、污水機械室、消防機械室兼消防中繼機械室、水箱、機械室、公共水箱、泳池機房、水景機房、機房機械室、電信室、發電機房、垃圾貯存空間、台電配電場所、電錶區等２０項。,鋼筋混凝土造,111年8月5日,二十層,,
RPUNMLSKJIKGFIB98CC,3,16.45,管委會使用空間、梯廳、排煙室、緊急昇降機、昇降機、無障礙電梯、防災中心、警衛室、游泳池、樓梯間、水錶室、消防中繼機械室、消防水箱、設備空間、機械室、自來水箱等１６項。,鋼筋混凝土造,111年8月5日,二十層,,
RPSOMLSKJIKGFIB88CC,47,83.20,住商用,加強磚造,68年3月30日,二層,,
RPXNMLSKJIKGFIB66CC,10,19.38,集合住宅,鋼筋混凝土造,105年1月27日,九層,,
RPPOMLSKJIKGFIB58CC,31,112.85,集合住宅,鋼筋混凝土造,83年6月1日,十一層,,
RPXNMLSKJIKGFIB66CC,10,16.69,本共有部分之項目有防空避難室兼停車空間、停車空間（汽車升降機械道）、電信室、水箱、甲、乙安全梯、電梯梯廳、台電配電室、牌樓、消防機房兼發電機室、人行道、管委會空間、停車空間（含車道、汽車升降機）、走廊、樓梯間等１４項,鋼筋混凝土造,105年1月27日,九層,,
RPPOMLSKJIKGFIB58CC,31,17.41,共有部份,鋼筋混凝土造,83年6月1日,十一層,,
RPQOMLSKJIKGFIB68CC,31,80.62,集合住宅,鋼筋混凝土造,83年11月4日,十二層,,
RPQOMLSKJIKGFIB68CC,31,31.96,共有部份,鋼筋混凝土造,83年11月4日,十二層,,
RPTOMLSKJIKGFIB98CC,4,83.08,集合住宅,鋼筋混凝土造,110年7月20日,十五層,,
RPOPMLSKJIKGFCB97CC,34,22.74,住家用,鋼筋混凝土造,80年12月6日,十二層,,
RPOPMLSKJIKGFCB97CC,34,19.44,共用部份,鋼筋混凝土造,80年12月6日,十二層,,
RPTOMLSKJIKGFIB98CC,4,67.86,停車空間、排煙室、樓梯間、昇降機間、消防機房、污水機房、水箱、車道、機房、噴灌機房、電信室、緊急發電機室、台電配電室、垃圾集中室、頂蓋型廣場式開放空間、門廳、梯廳、社區設施、梯間、水錶箱室、電梯機房等２１項。,鋼筋混凝土造,110年7月20日,十五層,,
RPQNMLSKJIKGFJB68CC,1,73.08,集合住宅,鋼筋混凝土造,113年7月1日,十五層,,
RPQNMLSKJIKGFJB68CC,1,67.64,本共有部分之項目有防空避難室兼停車空間、消防機房、雨汙水機房、水箱、緊急昇降機間兼排煙室、室內安全梯、車道、停車空間、電信機房、室內安全梯、緊急發電機室、台電配電室、電錶室、景觀泳池機房、變電室、機械室、管委會空間、走廊、梯廳、垃圾貯存空間、公共服務空間、游泳池、門廳、戶外安全梯、水錶室等、電梯機房等２６項,鋼筋混凝土造,113年7月1日,十五層,,
RPOOMLSKJIKGFIB48CC,8,16.25,集合住宅,鋼筋混凝土造,107年1月19日,五層,,
RPOOMLSKJIKGFIB48CC,8,5.41,本共有部分之項目有防空避難室兼停車空間、電信室、水箱、台電配電室、安全梯、昇降機間、消防機房及發電機室、管道間、樓梯間、水箱間等１０項,鋼筋混凝土造,107年1月19日,五層,,
RPOOMLSKJIKGFIB48CC,8,7.57,本共有部分之項目有防空避難室兼停車空間、昇降機間、安全梯、陽台、汽車昇降機道、管理委員會使用空間、共用梯廳等７項。,鋼筋混凝土造,107年1月19日,五層,,
RPPNMLSKJIKGFJB58CC,31,70.88,集合住宅,鋼筋混凝土造,83年8月30日,十層,,
RPROMLSKJIKGFIB78CC,31,86.44,集合住宅,鋼筋混凝土造,83年11月25日,七層,,
RPPNMLSKJIKGFJB58CC,31,24.50,共有部分,鋼筋混凝土造,83年8月30日,十層,,
RPROMLSKJIKGFIB78CC,31,35.93,水箱、避難室、梯間、停車、機房,鋼筋混凝土造,83年11月25日,七層,,
RPSNMLSKJIKGFJB88CC,1,54.59,集合住宅,鋼筋混凝土造,113年7月1日,十五層,,
RPSNMLSKJIKGFJB88CC,1,56.97,本共有部分之項目有防空避難室兼停車空間、消防機房、雨汙水機房、水箱、緊急昇降機間兼排煙室、室內安全梯、車道、停車空間、電信機房、室內安全梯、緊急發電機室、台電配電室、電錶室、景觀泳池機房、變電室、機械室、管委會空間、走廊、梯廳、垃圾貯存空間、公共服務空間、游泳池、門廳、戶外安全梯、水錶室等、電梯機房等２６項,鋼筋混凝土造,113年7月1日,十五層,,
RPSNMLTKJIKGFAB08CC,31,82.43,住家用,鋼筋混凝土造,84年3月15日,二十二層,,
RPPNMLTKJIKGFAB77CC,26,249.09,店舖．人行道．辦公室,鋼筋混凝土造,88年6月24日,七層,,
RPPNMLTKJIKGFAB77CC,26,68.51,共同使用,鋼筋混凝土造,88年6月24日,七層,,
RPPNMLTKJIKGFAB77CC,26,6.33,共有部份,鋼筋混凝土造,88年6月24日,七層,,
RPSNMLTKJIKGFAB08CC,31,6.23,停車空間,鋼筋混凝土造,84年3月15日,二十二層,,
RPSNMLTKJIKGFAB08CC,31,28.48,防空避難室、人行道、樓梯間、水箱、機械室,鋼筋混凝土造,84年3月15日,二十二層,,
RPVNMLTKJIKGFAB38CC,32,94.29,住家用,鋼筋混凝土造,82年7月7日,七層,,
RPVNMLTKJIKGFAB38CC,32,18.58,共有部份,鋼筋混凝土造,82年7月7日,七層,,
RPRNMLTKJIKGFBB08CC,31,119.02,住家用,鋼筋混凝土造,83年8月18日,十一層,,
RPRNMLTKJIKGFBB08CC,31,22.32,共有部份,鋼筋混凝土造,83年8月18日,十一層,,
RPSNMLTKJIKGFBB18CC,31,105.79,住家用,鋼筋混凝土造,83年9月29日,七層,,
RPSNMLTKJIKGFBB18CC,31,36.53,共有部份,鋼筋混凝土造,83年9月29日,七層,,
RPPOMLTKJIKGFBB97CC,46,54.46,住家用,鋼筋混凝土造,68年9月27日,五層,,
RPTOMLTKJIKGFBB38CC,30,19.08,住家用,鋼筋混凝土造,84年6月7日,二十一層,,
RPROMLTKJIKGFBB18CC,42,98.33,住商用,鋼筋混凝土造,73年4月3日,五層,,
RPTOMLTKJIKGFBB38CC,30,12.03,共有部份,鋼筋混凝土造,84年6月7日,二十一層,,
RPPNMLTKJIKGFBB87CC,42,84.98,集合住宅,鋼筋混凝土造,72年11月25日,十二層,,
RPSOMLTKJIKGFAB18CC,46,268.34,住商用,鋼筋混凝土造,68年11月6日,四層,,
RPUPMLTKJIKGFAB48CC,29,27.60,住家用,鋼筋混凝土造,86年4月28日,十九層,,
RPOPMLTKJIKGFAB87CC,30,27.76,辦公室,鋼筋混凝土造,85年3月22日,七層,,
RPUPMLTKJIKGFAB48CC,29,1.47,共同使用,鋼筋混凝土造,86年4月28日,十九層,,
RPOPMLTKJIKGFAB87CC,30,13.49,梯間，防空避難室，停車空間，機械室，水箱，牌樓,鋼筋混凝土造,85年3月22日,七層,,
RPUPMLTKJIKGFAB48CC,29,8.52,共同使用,鋼筋混凝土造,86年4月28日,十九層,,
RPUPMLTKJIKGFAB48CC,29,5.43,共有部份,鋼筋混凝土造,86年4月28日,十九層,,
RPQNMLTKJIKGFBB97CC,47,79.43,集合住宅,鋼筋混凝土造,68年2月16日,五層,,
RPSOMLTKJIKGFBB28CC,13,11.37,住宅、梯間、停車空間,鋼筋混凝土造,102年5月16日,五層,,
RPWOMLTKJIKGFAB58CC,31,20.89,住家用,鋼筋混凝土造,84年1月13日,十九層,,
RPVPMLTKJIKGFAB58CC,29,25.30,住家用,鋼骨造,86年1月31日,二十八層,,
RPWOMLTKJIKGFAB58CC,31,3.23,共有部份,鋼筋混凝土造,84年1月13日,十九層,,
RPVPMLTKJIKGFAB58CC,29,.92,共同使用,鋼骨造,86年1月31日,二十八層,,
RPWOMLTKJIKGFAB58CC,31,7.91,梯間．水箱．機械室,鋼筋混凝土造,84年1月13日,十九層,,
RPVPMLTKJIKGFAB58CC,29,7.69,公共設施,鋼骨造,86年1月31日,二十八層,,
RPVPMLTKJIKGFAB58CC,29,3.48,共有部份,鋼骨造,86年1月31日,二十八層,,
RPQNMLTKJIKGFCB08CC,33,101.88,住家用,鋼筋混凝土造,82年4月19日,十三層,,
RPQNMLTKJIKGFCB08CC,33,62.55,共用部份,鋼筋混凝土造,82年4月19日,十三層,,
RPPNMLTKJIKGFCB97CC,33,80.92,住家用,鋼筋混凝土造,82年4月26日,八層,,
RPPNMLTKJIKGFCB97CC,33,23.19,共用部份,鋼筋混凝土造,82年4月26日,八層,,
RPRNMLTKJIKGFCB18CC,35,91.21,住家用,鋼筋混凝土造,79年10月18日,七層,,
RPTNMLTKJIKGFCB38CC,31,13.99,住家用,鋼筋混凝土造,83年9月30日,十二層,,
RPRNMLTKJIKGFCB18CC,35,44.19,共用部份,鋼筋混凝土造,79年10月18日,七層,,
RPTNMLTKJIKGFCB38CC,31,7.07,共用部份,鋼筋混凝土造,83年9月30日,十二層,,
RPSNMLTKJIKGFCB28CC,32,16.64,住家用,鋼筋混凝土造,82年10月14日,十二層,,
RPSNMLTKJIKGFCB28CC,32,10.29,共用部份,鋼筋混凝土造,82年10月14日,十二層,,
RPQOMLTKJIKGFCB18CC,29,120.15,店舖、人行道,鋼筋混凝土造,86年1月14日,十二層,,
RPWNMLTKJIKGFCB68CC,20,17.68,住家用,鋼筋混凝土造,94年12月20日,十層,,
RPQOMLTKJIKGFCB18CC,29,75.73,共用部份,鋼筋混凝土造,86年1月14日,十二層,,
RPWNMLTKJIKGFCB68CC,20,4.65,共用,鋼筋混凝土造,94年12月20日,十層,,
RPWNMLTKJIKGFCB68CC,20,5.26,共用,鋼筋混凝土造,94年12月20日,十層,,
RPXNMLTKJIKGFCB78CC,28,89.93,住家用,鋼筋混凝土造,86年6月21日,十四層,,
RPROMLTKJIKGFCB28CC,27,62.38,住家用,鋼筋混凝土造,88年4月7日,十三層,,
RPROMLTKJIKGFCB28CC,27,9.73,共用部份,鋼筋混凝土造,88年4月7日,十三層,,
RPROMLTKJIKGFCB28CC,27,10.43,共用部份,鋼筋混凝土造,88年4月7日,十三層,,
RPXNMLTKJIKGFCB78CC,28,35.25,共用部份,鋼筋混凝土造,86年6月21日,十四層,,
RPRNMLSKJIKGFKB88CC,1,74.94,集合住宅,鋼筋混凝土造,114年4月2日,七層,,
RPRNMLSKJIKGFKB88CC,1,51.04,防空避難室兼停車空間、梯廳、梯間、消防機械室兼發電機室、雨汙水機室、水箱、電信室、管委會服務空間、公共服務空間、機車停車空間、台電配電室、受電箱區、樓梯間、水錶室、機械室,鋼筋混凝土造,114年4月2日,七層,,
RPPNMLTKJIKGFHB48CC,25,45.98,住家用,鋼筋混凝土造,90年1月12日,十四層,,
RPQNMLSKJIKGFKB78CC,1,70.74,集合住宅,鋼筋混凝土造,114年4月2日,七層,,
RPPNMLTKJIKGFHB48CC,25,14.98,共用部份,鋼筋混凝土造,90年1月12日,十四層,,
RPQNMLSKJIKGFKB78CC,1,64.29,防空避難室兼停車空間、梯廳、梯間、消防機械室兼發電機室、雨汙水機室、水箱、電信室、管委會服務空間、公共服務空間、機車停車空間、台電配電室、受電箱區、樓梯間、水錶室、機械室,鋼筋混凝土造,114年4月2日,七層,,
RPSNMLTKJIKGFDB38CC,45,130.08,住商用,加強磚造,69年6月30日,二層,,
RPRNMLTKJIKGFIB78CC,6,37.99,集合住宅,鋼筋混凝土造,108年8月31日,九層,,
RPRNMLTKJIKGFIB78CC,6,24.33,防空避難室兼停車空間．消防機械室．雨污水機房．水箱．台電配電室．電信室．發電機室．管委會使用空間．梯廳．梯間．車道．樓梯間．水表區．電梯機房等１４項。,鋼筋混凝土造,108年8月31日,九層,,
RPPNMLTKJIKGFDB08CC,29,40.99,住商用,鋼筋混凝土造,86年4月9日,九層,,
RPQNMLTKJIKGFHB58CC,31,98.50,住家用,鋼筋混凝土造,83年9月26日,八層,,
RPPNMLTKJIKGFDB08CC,29,18.78,共同使用部份,鋼筋混凝土造,86年4月9日,九層,,
RPQNMLTKJIKGFHB58CC,31,34.24,共用部份,鋼筋混凝土造,83年9月26日,八層,,
RPSNMLTKJIKGFIB88CC,7,80.67,集合住宅,鋼筋混凝土造,107年10月22日,十三層,,
RPSNMLTKJIKGFIB88CC,7,83.83,停車空間、車道、樓電梯間、消防機房、污雨水機房、水箱、梯廳、防空避難室兼停車空間、電信機房、台電配電室、發電機室、機車停車區、門廳、公共服務空間、資源回收室、走廊、機械室等１７項,鋼筋混凝土造,107年10月22日,十三層,,
RPPNMLTKJIKGFJB68CC,50,79.80,住家用,加強磚造,64年6月30日,二層,,
RPVOMLTKJIKGFCB68CC,19,31.82,住家用,鋼筋混凝土造,95年11月24日,十四層,,
RPVOMLTKJIKGFCB68CC,19,14.32,共用,鋼筋混凝土造,95年11月24日,十四層,,
RPTOMLTKJIKGFCB48CC,3,20.98,寄宿舍,鋼筋混凝土造,111年7月28日,七層,,
RPSOMLTKJIKGFCB38CC,3,75.18,集合住宅,鋼筋混凝土造,111年6月2日,十五層,,
RPTOMLTKJIKGFCB48CC,3,14.31,本共有部分係依使用執照之建築概要表記載項目有：防空避難室兼停車空間、台電配電室、消防及發電機房、電信室、水箱、樓梯間、無障礙昇降機、梯廳、辦公室、管委會使用空間、親子廁所、無障礙廁所、資源回收空間、機房、機房＋管道間、走廊、車道、管道間等十八項。,鋼筋混凝土造,111年7月28日,七層,,
RPSOMLTKJIKGFCB38CC,3,44.94,本共有部份係依使用執照之建築概要表記載項目有：防空避難室兼停車空間、車道、安全梯、消防泵浦室、雨水機房、機房、污水機房、停車空間、水景機房、台電配電室、緊急發電機室、垃圾暫存室、電信室、電錶區、機車停車區、公共服務空間、宅配室、廁所、管委會使用空間、共同門廳、管委會辦公室等二十一項。,鋼筋混凝土造,111年6月2日,十五層,,
RPSOMLTKJIKGFCB38CC,3,20.41,本共有部分係依使用執照之建築概要表記載項目有：排煙室兼梯廳、一般昇降機、緊急昇降機、信箱區、水箱、戶外安全梯、梯廳、梯間、電梯機房等九項。,鋼筋混凝土造,111年6月2日,十五層,,
RPUOMLTKJIKGFCB58CC,42,91.45,住家用,鋼筋混凝土造,72年11月2日,五層,,
RPSNMLTKJIKGFJB98CC,30,91.76,集合住宅,鋼筋混凝土造,84年7月7日,十二層,,
RPQNMLTKJIKGFIB68CC,32,65.83,集合住宅,鋼筋混凝土造,82年8月16日,十二層,,
RPSNMLTKJIKGFJB98CC,30,15.92,共用部份,鋼筋混凝土造,84年7月7日,十二層,,
RPQNMLTKJIKGFIB68CC,32,193.76,共用部份,鋼筋混凝土造,82年8月16日,十二層,,
RPWOMLTKJIKGFCB78CC,28,18.26,住家用,鋼筋混凝土造,86年6月21日,十四層,,
RPWOMLTKJIKGFCB78CC,28,11.75,共用部份,鋼筋混凝土造,86年6月21日,十四層,,
RPUNMLTKJIKGFJB56CC,52,89.21,住家用,鐵筋加強磚造,62年12月10日,二層,,
RPQNMLTKJIKGFJB78CC,46,79.98,店舖、住宅,加強磚造,69年1月15日,二層,,
RPRNMLKLJIKGFAB17CC,31,23.63,住家用,鋼筋混凝土造,84年1月13日,十九層,,
RPQNMLTKJIKGFKB88CC,33,10.00,住家用,鋼筋混凝土造,82年3月17日,五層,,
RPRNMLKLJIKGFAB17CC,31,3.95,共有部份,鋼筋混凝土造,84年1月13日,十九層,,
RPRNMLKLJIKGFAB17CC,31,10.27,梯間．水箱．機械室,鋼筋混凝土造,84年1月13日,十九層,,
RPUNMLTKJIKGFKB66CC,30,58.34,住家用,鋼筋混凝土造,85年3月27日,八層,,
RPUNMLTKJIKGFKB66CC,30,18.55,梯間、機械房、水塔、防空避難室,鋼筋混凝土造,85年3月27日,八層,,
RPUNMLTKJIKGFKB66CC,30,6.77,停車空間,鋼筋混凝土造,85年3月27日,八層,,
RPUNMLKLJIKGFAB47CC,21,199.75,住宅．梯間,鋼筋混凝土造,93年12月8日,三層,,
RPVNMLKLJIKGFAB57CC,14,75.14,集合住宅,鋼筋混凝土造,100年11月30日,十五層,,
RPTNMLTKJIKGFKB56CC,30,80.12,住家用,鋼筋混凝土造,85年3月27日,八層,,
RPTNMLTKJIKGFKB56CC,30,25.89,梯間、機械房、水塔、防空避難室,鋼筋混凝土造,85年3月27日,八層,,
RPTNMLTKJIKGFKB56CC,30,6.69,停車空間,鋼筋混凝土造,85年3月27日,八層,,
RPTNMLKLJIKGFAB37CC,27,77.99,住家用,鋼筋混凝土造,87年5月28日,十四層,,
RPTNMLKLJIKGFAB37CC,27,10.45,共有部份,鋼筋混凝土造,87年5月28日,十四層,,
RPTNMLKLJIKGFAB37CC,27,14.43,共有部份,鋼筋混凝土造,87年5月28日,十四層,,
RPVNMLKLJIKGFAB57CC,14,15.17,本共有部分係依使用執照之建築概要表記載項目有：Ｂ梯、機械室、Ｂ水箱、排煙室、排煙設備空間等共５項。,鋼筋混凝土造,100年11月30日,十五層,,
RPVNMLKLJIKGFAB57CC,14,17.99,本共有部分係依使用執照之建築概要表記載項目有：防空避難室兼停車空間、Ａ梯、Ｂ梯、Ｃ梯、Ｄ梯、台電配電室Ａ、台電配電室Ｂ、電信室、停車空間、發電機室、Ａ水箱、Ｂ水箱、Ｃ水箱、Ｄ水箱、消防幫浦室、污水機房、管理委員會使用空間視廳室、管理委員會使用空間圖書室、管理委員會使用空間健身房、管理委員會使用空間交誼室、管理委員會使用空間大廳、管理委員會使用空間儲藏室、管理委員會使用空間會客室、垃圾收集室、頂蓋型廣場式開放空間、管理委員會使用空間交誼廳、管理委員會使用空間辦公室、排煙室、雨遮等共２９項。,鋼筋混凝土造,100年11月30日,十五層,,
RPXNMLTKJIKGFJB86CC,39,101.91,住家用,鋼筋混凝土造,75年6月23日,二層,,
RPRNMLKLJIKGFBB27CC,42,75.62,住家用,鋼筋混凝土造,73年1月30日,五層,,
RPRNMLKLJIKGFBB27CC,42,13.38,共有部份,鋼筋混凝土造,73年1月30日,五層,,
RPUOMLKLJIKGFBB67CC,46,86.43,住家用,鋼筋混凝土造,69年1月21日,七層,,
RPWNMLKLJIKGFBB77CC,7,28.36,本共有部分係依使用執照之建築概要表記載項目有：停車空間，一般安全梯，排煙室，緊急用昇降機，消防機房，污水機房，昇降機，水箱，機房，電信機房，防空避難室兼停車空間，台電配電室，緊急發電機室，戶外安全梯，管理員室，管委會使用空間，環保資源室，梯廳，梯間，機械室，水錶室等２１項,鋼筋混凝土造,107年11月30日,十五層,,
RPPPMLKLJIKGFBB27CC,20,49.46,住家用,鋼筋混凝土造,94年12月8日,十八層,,
RPPPMLKLJIKGFBB27CC,20,19.80,共有部份,鋼筋混凝土造,94年12月8日,十八層,,
RPUPMLKLJIKGFBB77CC,1,17.85,室內停車空間、住宅、樓梯間,鋼筋混凝土造,113年7月12日,五層,,
RPPOMLKLJIKGFBB17CC,43,75.39,住家用,鋼筋混凝土造,71年11月29日,五層,,
RPOOMLKLJIKGFBB07CC,32,19.89,住家用,鋼筋混凝土造,83年4月28日,七層,,
RPQOMLKLJIKGFBB27CC,19,46.59,住家用,鋼筋混凝土造,95年12月25日,十四層,,
RPQOMLKLJIKGFBB27CC,19,11.77,共有部份,鋼筋混凝土造,95年12月25日,十四層,,
RPQOMLKLJIKGFBB27CC,19,37.58,共有部份,鋼筋混凝土造,95年12月25日,十四層,,
RPVPMLKLJIKGFBB87CC,29,20.86,住家用,鋼筋混凝土造,85年8月29日,七層,,
RPPNMLKLJIKGFCB17CC,34,180.69,人行道、店舖、辦公室,ＲＣ造,81年1月15日,十一層,,
RPVPMLKLJIKGFBB87CC,29,9.27,共有部份,鋼筋混凝土造,85年8月29日,七層,,
RPPNMLKLJIKGFCB17CC,34,27.49,共用部份,鋼筋混凝土造,81年1月15日,十一層,,
RPPNMLKLJIKGFCB17CC,34,47.43,商業用,鋼筋混凝土造,81年1月15日,十一層,,
RPPNMLKLJIKGFCB17CC,34,1.20,共用部份,鋼筋混凝土造,81年1月15日,十一層,,
RPPOMLKLJIKGFAB07CC,36,32.23,住家用,鋼筋混凝土造,78年11月24日,七層,,
RPPOMLKLJIKGFAB07CC,36,12.57,避難室．人行道．走道．梯間．機械房．水箱,鋼筋混凝土造,78年11月24日,七層,,
RPQOMLKLJIKGFAB17CC,44,17.70,商業用,鋼筋混凝土造,70年8月15日,十三層,,
RPQOMLKLJIKGFAB17CC,44,6.85,梯間、避難室、餐廳、機房,鋼筋混凝土造,70年8月15日,十三層,,
RPXNMLKLJIKGFAB77CC,16,42.64,集合住宅,鋼筋混凝土造,98年8月4日,十一層,,
RPVNMLKLJIKGFCB77CC,33,74.47,住家用,鋼筋混凝土造,81年10月23日,六層,,
RPXNMLKLJIKGFAB77CC,16,9.37,共有,鋼筋混凝土造,98年8月4日,十一層,,
RPVNMLKLJIKGFCB77CC,33,11.29,共用部份,鋼筋混凝土造,81年10月23日,六層,,
RPXNMLKLJIKGFAB77CC,16,10.00,共有,鋼筋混凝土造,98年8月4日,十一層,,
RPOOMLKLJIKGFAB96CC,21,29.26,人行道，補習班，住房，機械室，停車空間，樓梯間，電梯間,鋼筋混凝土造,93年9月10日,五層,,
RPWNMLKLJIKGFAB67CC,57,68.01,宿舍,鐵筋加強磚造,58年5月2日,三層,,
RPWNMLKLJIKGFAB67CC,57,5.15,樓梯間,鐵筋加強磚造,58年5月2日,三層,,
RPWNMLKLJIKGFAB67CC,57,7.06,避難室,鐵筋加強磚造,58年5月2日,三層,,
RPUNMLKLJIKGFCB67CC,3,20.00,店鋪、住宅、機械室、樓梯間、水塔室,鋼筋混凝土造,111年5月25日,五層,,
RPRNMLKLJIKGFCB37CC,33,54.41,住家用,鋼筋混凝土造,81年8月10日,七層,,
RPRNMLKLJIKGFCB37CC,33,18.67,共用部份,鋼筋混凝土造,81年8月10日,七層,,
RPQNMLKLJIKGFCB27CC,32,68.22,住家用,鋼筋混凝土造,82年11月25日,六層,,
RPQNMLKLJIKGFCB27CC,32,35.89,共用部份,鋼筋混凝土造,82年11月25日,六層,,
RPSNMLKLJIKGFDB57CC,44,124.13,住商用,加強磚造,70年11月17日,二層,,
RPRNMLKLJIKGFDB47CC,5,65.92,集合住宅,鋼筋混凝土造,109年6月20日,七層,,
RPRNMLKLJIKGFDB47CC,5,35.46,本共有部份之項目有防空避難室兼停車空間、台電配電室、消防發電機室、水箱、汙水機房、電信室、人行道、管理委員會使用空間、梯廳、梯間、電梯機室等１１項,鋼筋混凝土造,109年6月20日,七層,,
RPUNMLKLJIKGFDB77CC,4,49.59,集合住宅,鋼筋混凝土造,110年10月4日,五層,,
RPUNMLKLJIKGFDB77CC,4,26.81,本共有部分之項目有停車空間、樓梯間、電梯廳、機械室、電梯機房等５項,鋼筋混凝土造,110年10月4日,五層,,
RPRNMLKLJIKGFJB08CC,34,54.93,集合住宅,鋼筋混凝土造,80年10月15日,六層,,
RPRNMLKLJIKGFJB08CC,34,21.79,共用部份,鋼筋混凝土造,80年10月15日,六層,,
RPPNMLKLJIKGFIB77CC,14,18.84,集合住宅,鋼筋混凝土造,101年1月19日,六層,,
RPPNMLKLJIKGFIB77CC,14,14.50,本共有部分之項目有防空避難室、停車空間、水箱、樓梯間、機械室、梯廳、走廊、昇降機道、台電受電室、電信室、儲藏室、消防機房、發電機室等１３項。,鋼筋混凝土造,101年1月19日,六層,,
RPQNMLKLJIKGFJB97CC,1,93.09,集合住宅,鋼筋混凝土造,113年8月1日,十五層,,
RPQNMLKLJIKGFJB97CC,1,72.12,本共有部分之項目有：防空避難室兼停車空間、排煙室、樓梯間、一般昇降機、緊急昇降機、污水處理機房、雨水處理機房、消防機房、水箱、車道、垃圾集中室、停車空間、機房、緊急發電機室、台電配電場所、電信室、機車停車、公共服務空間、儲藏室、無障礙廁所、梯廳兼門廳、梯廳、廁所、管委會空間、梯間、水錶箱室、電梯機房等２７項,鋼筋混凝土造,113年8月1日,十五層,,
RPQNMLLLJIKGFAB17CC,30,19.27,集合住宅,鋼筋混凝土造,85年5月6日,十八層,,
RPQNMLLLJIKGFAB17CC,30,3.30,共同使用,鋼筋混凝土造,85年5月6日,十八層,,
RPQNMLKLJIKGFHB77CC,45,86.14,住家用,鋼筋混凝土造,70年5月1日,五層,,
RPRNMLLLJIKGFAB27CC,30,20.04,集合住宅,鋼筋混凝土造,85年5月6日,十八層,,
RPQNMLLLJIKGFAB17CC,30,3.72,共同使用,鋼筋混凝土造,85年5月6日,十八層,,
RPQNMLKLJIKGFHB77CC,45,8.83,共用部份,鋼筋混凝土造,70年5月1日,五層,,
RPQNMLLLJIKGFAB17CC,30,.89,共同使用,鋼筋混凝土造,85年5月6日,十八層,,
RPQNMLLLJIKGFAB17CC,30,1.31,共同使用,鋼筋混凝土造,85年5月6日,十八層,,
RPRNMLLLJIKGFAB27CC,30,3.72,共同使用,鋼筋混凝土造,85年5月6日,十八層,,
RPRNMLLLJIKGFAB27CC,30,4.19,共同使用,鋼筋混凝土造,85年5月6日,十八層,,
RPRNMLLLJIKGFAB27CC,30,1.00,共同使用,鋼筋混凝土造,85年5月6日,十八層,,
RPRNMLLLJIKGFAB27CC,30,1.52,共同使用,鋼筋混凝土造,85年5月6日,十八層,,
RPSOMLKLJIKGFCB57CC,34,68.08,住家用,鋼筋混凝土造,80年10月30日,六層,,
RPSOMLKLJIKGFCB57CC,34,17.77,共用部份,鋼筋混凝土造,80年10月30日,六層,,
RPQOMLKLJIKGFCB37CC,3,19.84,寄宿舍,鋼筋混凝土造,111年7月28日,七層,,
RPWNMLKLJIKGFIB48CC,1,70.00,住宅,鋼筋混凝土造,113年8月9日,五層,,
RPWNMLKLJIKGFIB48CC,1,30.04,停車空間、門廊、樓梯間,鋼筋混凝土造,113年8月9日,五層,,
RPQOMLKLJIKGFCB37CC,3,13.54,本共有部分係依使用執照之建築概要表記載項目有：防空避難室兼停車空間、台電配電室、消防及發電機房、電信室、水箱、樓梯間、無障礙昇降機、梯廳、辦公室、管委會使用空間、親子廁所、無障礙廁所、資源回收空間、機房、機房＋管道間、走廊、車道、管道間等十八項。,鋼筋混凝土造,111年7月28日,七層,,
RPUOMLKLJIKGFCB77CC,28,38.97,辦公室,鋼筋混凝土造,86年12月16日,二十三層,,
RPUOMLKLJIKGFCB77CC,28,7.21,共用部份,鋼筋混凝土造,86年12月16日,二十三層,,
RPROMLKLJIKGFCB47CC,3,20.00,店鋪、住宅、機械室、樓梯間、水塔室,鋼筋混凝土造,111年5月25日,五層,,
RPUOMLKLJIKGFCB77CC,28,5.45,共用部份,鋼筋混凝土造,86年12月16日,二十三層,,
RPUOMLKLJIKGFCB77CC,28,6.85,共用部份,鋼筋混凝土造,86年12月16日,二十三層,,
RPTNMLLLJIKGFAB47CC,30,25.81,集合住宅,鋼筋混凝土造,84年12月7日,十二層,,
RPTNMLLLJIKGFAB47CC,30,10.07,防空避難室兼停車空間．人行道．梯間．機械室．水箱,鋼筋混凝土造,84年12月7日,十二層,,
RPPOMLKLJIKGFCB27CC,30,13.44,住家用,鋼筋混凝土造,84年11月23日,五層,,
RPVNMLKLJIKGFFB08CC,5,102.16,集合住宅,鋼筋混凝土造,109年7月24日,十五層,,
RPVNMLKLJIKGFFB08CC,5,31.69,停車空間，汽車坡道，防空避難室兼停車空間等３項。,鋼筋混凝土造,109年7月24日,十五層,,
RPVNMLKLJIKGFFB08CC,5,17.74,消防機房，水箱，梯間，污／雨水機房，進風機房，機械室，排風機房，公用水箱揚水機房，機械區，電信機房，公共水箱，台電配電室，發電機室，管委會使用空間，受電區，景觀機房，泳池機房，電表區，機車坡道，防空避難室兼停車空間，梯廳，警衛室，走廊，特別安全梯，游泳池，汽車坡道，大廳等２７項,鋼筋混凝土造,109年7月24日,十五層,,
RPVNMLKLJIKGFFB08CC,5,29.38,排煙室，梯廳兼排煙室，特別安全梯，梯廳，走道，機房，噴灌機房，梯間，電梯機房，消防水箱，水表室，機械室，水箱等１３項,鋼筋混凝土造,109年7月24日,十五層,,
RPRNMLKLJIKGFHB87CC,12,89.20,集合住宅,鋼筋混凝土造,102年8月8日,十四層,,
RPRNMLKLJIKGFHB87CC,12,29.56,緊急〈一般、無障礙〉昇降機、排煙室、安全梯、梯廳、樓梯間、水箱、機電空間等７項,鋼筋混凝土造,102年8月8日,十四層,,
RPRNMLKLJIKGFHB87CC,12,38.49,停車空間兼防空避難室、緊急〈一般、無障礙〉昇降機、發電機室、蓄水池、消防機房、污水機房、安全梯、排煙室、台電受電室、電信室、梯廳、資源回收室、停車空間、外廊、騎樓等１５項,鋼筋混凝土造,102年8月8日,十四層,,
RPUNMLLLJIKGFAB57CC,45,83.92,住家用,鋼筋混凝土造,70年1月29日,五層,,
RPWNMLKLJIKGFFB18CC,5,118.15,集合住宅,鋼筋混凝土造,109年7月24日,十五層,,
RPWNMLKLJIKGFFB18CC,5,63.37,停車空間，汽車坡道，防空避難室兼停車空間等３項。,鋼筋混凝土造,109年7月24日,十五層,,
RPWNMLKLJIKGFFB18CC,5,20.11,消防機房，水箱，梯間，污／雨水機房，進風機房，機械室，排風機房，公用水箱揚水機房，機械區，電信機房，公共水箱，台電配電室，發電機室，管委會使用空間，受電區，景觀機房，泳池機房，電表區，機車坡道，防空避難室兼停車空間，梯廳，警衛室，走廊，特別安全梯，游泳池，汽車坡道，大廳等２７項,鋼筋混凝土造,109年7月24日,十五層,,
RPWNMLKLJIKGFFB18CC,5,31.30,排煙室，梯廳兼排煙室，特別安全梯，梯廳，走道，機房，噴灌機房，梯間，電梯機房，消防水箱，水表室，機械室，水箱等１３項,鋼筋混凝土造,109年7月24日,十五層,,
RPOOMLLLJIKGFAB07CC,44,22.04,集合住宅,鋼筋混凝土造,71年2月16日,七層,,
RPOOMLLLJIKGFAB07CC,44,7.05,共有部份,鋼筋混凝土造,71年2月16日,七層,,
RPXNMLLLJIKGFAB87CC,41,65.69,住家用,鋼筋混凝土造,74年3月7日,十二層,,
RPXNMLLLJIKGFAB87CC,41,14.17,共有部份,鋼筋混凝土造,74年3月7日,十二層,,
RPPOMLLLJIKGFAB17CC,1,35.38,集合住宅,鋼筋混凝土造,113年12月9日,七層,,
RPWNMLLLJIKGFAB77CC,48,52.06,住家用,鋼筋混凝土造,67年3月6日,十二層,,
RPTNMLLLJIKGFBB57CC,30,24.44,住家用,鋼筋混凝土造,84年11月24日,二十四層,,
RPVNMLLLJIKGFBB77CC,1,62.08,集合住宅,鋼筋混凝土造,113年10月11日,十四層,,
RPUNMLLLJIKGFBB67CC,30,21.14,住家用,鋼筋混凝土造,84年11月24日,二十四層,,
RPTNMLLLJIKGFBB57CC,30,12.37,防空避難室，停車空間，門廳，樓梯間，機械室，水箱,鋼筋混凝土造,84年11月24日,二十四層,,
RPVNMLLLJIKGFBB77CC,1,32.95,本共有部分係依使用執照之建築概要表記載項目有：防空避難室兼停車空間、消防機房、雨汙水機房、發電機室、水箱、樓梯間、排煙室、昇降機間、車道、停車空間、台電配電室、錶箱室、電信室、水池機房、梯廳、梯廳兼排煙室、管委會使用空間、機房、水錶室、機械室等２０項。,鋼筋混凝土造,113年10月11日,十四層,,
RPUNMLLLJIKGFBB67CC,30,11.57,防空避難室，停車空間，門廳，樓梯間，機械室，水箱,鋼筋混凝土造,84年11月24日,二十四層,,
RPVOMLLLJIKGFAB77CC,29,9.91,住家用,鋼筋混凝土造,85年12月2日,三層,,
RPWOMLLLJIKGFAB87CC,16,25.13,集合住宅,鋼筋混凝土造,98年8月4日,十一層,,
RPSOMLLLJIKGFBB57CC,39,18.05,住家用,加強磚造,75年12月18日,二層,,
RPSNMLLLJIKGFBB47CC,43,83.62,住家用,鋼筋混凝土造,71年8月11日,五層,,
RPWOMLLLJIKGFAB87CC,16,5.58,共有,鋼筋混凝土造,98年8月4日,十一層,,
RPOPMLLLJIKGFAB17CC,34,35.34,住家用,鋼筋混凝土造,81年2月19日,五層,,
RPSNMLLLJIKGFBB47CC,43,5.74,共有部份,鋼筋混凝土造,71年8月11日,五層,,
RPWOMLLLJIKGFAB87CC,16,5.95,共有,鋼筋混凝土造,98年8月4日,十一層,,
RPQOMLLLJIKGFBB37CC,44,26.09,住家用,鋼筋混凝土造,70年8月6日,十三層,,
RPOPMLLLJIKGFAB17CC,34,15.80,水箱，機械室，避難室，梯間,鋼筋混凝土造,81年2月19日,五層,,
RPQOMLLLJIKGFBB37CC,44,10.93,共有部份,鋼筋混凝土造,70年8月6日,十三層,,
RPOOMLLLJIKGFBB17CC,42,79.60,住家用,鋼筋混凝土造,72年7月19日,五層,,
RPXOMLLLJIKGFAB97CC,31,3.57,共有部份,鋼筋混凝土造,84年1月13日,十九層,,
RPXOMLLLJIKGFAB97CC,31,9.27,梯間．水箱．機械室,鋼筋混凝土造,84年1月13日,十九層,,
RPXOMLLLJIKGFAB97CC,31,21.34,住家用,鋼筋混凝土造,84年1月13日,十九層,,
RPSOMLLLJIKGFAB47CC,54,19.50,住家用,見其他登記事項,61年2月1日,七層,,
RPQOMLLLJIKGFAB27CC,29,25.30,住家用,鋼骨造,86年1月31日,二十八層,,
RPQOMLLLJIKGFAB27CC,29,.92,共同使用,鋼骨造,86年1月31日,二十八層,,
RPQPMLLLJIKGFAB37CC,29,20.20,住家用,鋼筋混凝土造,86年3月11日,九層,,
RPQOMLLLJIKGFAB27CC,29,7.69,公共設施,鋼骨造,86年1月31日,二十八層,,
RPSPMLLLJIKGFAB57CC,34,90.80,住家用,鋼筋混凝土造,81年2月21日,十四層,,
RPQPMLLLJIKGFAB37CC,29,5.03,共同使用,鋼筋混凝土造,86年3月11日,九層,,
RPSPMLLLJIKGFAB57CC,34,28.53,梯間，人行道，機械室，水箱，避難室，停車空間，活動中心通道,鋼筋混凝土造,81年2月21日,十四層,,
RPQOMLLLJIKGFAB27CC,29,3.48,共有部份,鋼骨造,86年1月31日,二十八層,,
RPQPMLLLJIKGFAB37CC,29,5.68,共同使用,鋼筋混凝土造,86年3月11日,九層,,
RPUOMLLLJIKGFAB67CC,30,20.28,集合住宅,鋼骨鋼筋混凝土造,85年1月19日,二十二層,,
RPUOMLLLJIKGFAB67CC,30,2.27,樓梯間．機房．蓄水池,鋼骨鋼筋混凝土造,85年1月19日,二十二層,,
RPUOMLLLJIKGFAB67CC,30,2.53,樓梯間,鋼骨鋼筋混凝土造,85年1月19日,二十二層,,
RPUOMLLLJIKGFAB67CC,30,6.70,防空避難室兼停車空間．走道,鋼骨鋼筋混凝土造,85年1月19日,二十二層,,
RPUOMLLLJIKGFAB67CC,30,8.30,走道,鋼骨鋼筋混凝土造,85年1月19日,二十二層,,
RPWOMLLLJIKGFBB97CC,32,30.54,住家用,鋼筋混凝土造,83年2月8日,十三層,,
RPWOMLLLJIKGFBB97CC,32,10.31,共有部份,鋼筋混凝土造,83年2月8日,十三層,,
RPUOMLLLJIKGFBB77CC,29,78.28,住家用,鋼筋混凝土造,86年4月16日,二十四層,,
RPUOMLLLJIKGFBB77CC,29,6.33,共有部份,鋼筋混凝土造,86年4月16日,二十四層,,
RPUOMLLLJIKGFBB77CC,29,25.32,共有部份,鋼筋混凝土造,86年4月16日,二十四層,,
RPQNMLLLJIKGFCB37CC,6,135.92,店舖,鋼筋混凝土造,109年4月8日,十四層,,
RPQNMLLLJIKGFCB37CC,6,78.06,本共有部分係依使用執照之建築概要表記載項目有：防空避難室兼停車空間、水箱、消防機械室、一般安全梯、梯間、機械室、車道、緊急昇降機、一般昇降機、汙水機房兼雨水回收機房、停車空間、台電配電室、電信室、發電機室、機車停車空間、管委會使用空間、戶外安全梯、梯廳、外廊、走廊、樓梯間、水錶室、機械室、水箱室等共２４項。,鋼筋混凝土造,109年4月8日,十四層,,
RPUNMLLLJIKGFCB77CC,16,58.57,住家用,鋼筋混凝土造,98年8月13日,二十六層,,
RPUNMLLLJIKGFCB77CC,16,4.83,共有,鋼筋混凝土造,98年8月13日,二十六層,,
RPUNMLLLJIKGFCB77CC,16,23.14,共有,鋼筋混凝土造,98年8月13日,二十六層,,
RPSNMLLLJIKGFCB57CC,31,13.47,住家用,鋼筋混凝土造,83年9月8日,十三層,,
RPSNMLLLJIKGFCB57CC,31,7.68,共用部份,鋼筋混凝土造,83年9月8日,十三層,,
RPRNMLLLJIKGFCB47CC,31,13.00,住商用,鋼筋混凝土造,83年8月23日,六層,,
RPWNMLLLJIKGFCB97CC,28,92.23,住家用,鋼筋混凝土造,86年10月20日,十四層,,
RPWNMLLLJIKGFCB97CC,28,46.23,共用部份,鋼筋混凝土造,86年10月20日,十四層,,
RPTNMLLLJIKGFCB67CC,41,115.38,住家用,加強磚造,73年10月4日,二層,,
RPVNMLLLJIKGFFB18CC,2,68.35,集合住宅,鋼筋混凝土造,112年8月31日,十二層,,
RPWNMLLLJIKGFFB28CC,1,70.15,集合住宅,鋼筋混凝土造,113年12月16日,二十四層,,
RPVNMLLLJIKGFFB18CC,2,69.45,防空避難室兼停車空間，消防機械室，水箱，排煙室，一般安全梯，雨水汙水機房，緊急昇降機，一般昇降機，機械室，停車空間，台電配電室，電信室，發電機室，梯廳，戶外安全梯，走廊，垃圾貯存空間，管委會使用空間，機電設備空間，車道，機車停車空間，樓梯間，安全梯，水錶區,鋼筋混凝土造,112年8月31日,十二層,,
RPWNMLLLJIKGFFB28CC,1,33.64,防空避難室兼停車空間、排煙室、水箱、一般昇降機、消防機械室、汙雨水機械室、安全梯、緊急昇降機、車道、停車空間、台電配電室、機械室、發電機室、泳池機械室、電表區、消防中繼水箱、消防中繼機房、電信室、梯廳、門廳、垃圾暫存空間、管委會使用空間、機車停車區、特別安全梯、防災中心、走廊、水錶室、電梯機房等２８項。,鋼筋混凝土造,113年12月16日,二十四層,,
RPPNMLLLJIKGFFB57CC,1,60.77,集合住宅,鋼筋混凝土造,113年10月11日,二十二層,,
RPPNMLLLJIKGFFB57CC,1,55.84,防空避難室兼停車空間、排煙室、樓梯間、一般昇降機、緊急昇降機、消防機房、污水機房、雨水機房、Ａ梯水箱、Ｂ梯水箱、車道、梯廳、停車空間、機房、台電配電室、電信室、緊急發電機室、消防中繼機房、防災中心、管委會使用空間、外廊、資源回收室、門廳兼梯廳、無障礙廁所、機車停車區、水錶箱室、梯間、水箱、電梯機房等２９項。,鋼筋混凝土造,113年10月11日,二十二層,,
RPSNMLLLJIKGFJB28CC,31,67.77,集合住宅,鋼筋混凝土造,83年8月30日,十層,,
RPSNMLLLJIKGFJB28CC,31,14.19,共有部分,鋼筋混凝土造,83年8月30日,十層,,
RPXNMLLLJIKGFJB78CC,17,8.16,辦公室,鋼筋混凝土造,97年7月7日,四層,,
RPXNMLLLJIKGFJB78CC,17,4.72,緊急發電機、台電受電室、機械室、人行道、梯間、消防幫泵室、水箱,鋼筋混凝土造,97年7月7日,四層,,
RPUNMLLLJIKGFJB48CC,26,12.79,集合住宅,鋼筋混凝土造,88年9月9日,十層,,
RPUNMLLLJIKGFJB48CC,26,6.49,防空避難室兼停車空間、梯間、機械室、水箱,鋼筋混凝土造,88年9月9日,十層,,
RPRNMLLLJIKGFJB18CC,34,103.18,集合住宅,鋼筋混凝土造,81年4月5日,八層,,
RPRNMLLLJIKGFJB18CC,34,36.68,水箱、梯間、機械室、停車空間、防空避難室,鋼筋混凝土造,81年4月5日,八層,,
RPTNMLLLJIKGFJB38CC,26,12.45,住家用,鋼筋混凝土造,88年9月9日,十層,,
RPTNMLLLJIKGFJB38CC,26,6.49,防空避難室兼停車空間、梯間、機械室、水箱,鋼筋混凝土造,88年9月9日,十層,,
RPOOMLLLJIKGFJB97CC,31,20.04,住家用,鋼筋混凝土造,83年10月18日,十二層,,
RPOOMLLLJIKGFJB97CC,31,6.57,共用部份,鋼筋混凝土造,83年10月18日,十二層,,
RPPOMLLLJIKGFJB08CC,34,103.18,集合住宅,鋼筋混凝土造,81年4月5日,八層,,
RPPOMLLLJIKGFJB08CC,34,36.68,水箱、梯間、機械室、停車空間、防空避難室,鋼筋混凝土造,81年4月5日,八層,,
RPQOMLLLJIKGFJB18CC,17,9.09,辦公室,鋼筋混凝土造,97年7月7日,四層,,
RPQOMLLLJIKGFJB18CC,17,5.53,緊急發電機、台電受電室、機械室、人行道、梯間、消防幫泵室、水箱,鋼筋混凝土造,97年7月7日,四層,,
RPPNMLLLJIKGFKB08CC,32,17.79,住家用,鋼筋混凝土造,83年1月20日,四層,,
RPPNMLLLJIKGFKB08CC,32,4.00,梯間、走道、水箱,鋼筋混凝土造,83年1月20日,四層,,
RPPOMLLLJIKGFFB67CC,2,59.07,集合住宅,鋼筋混凝土造,112年11月4日,十五層,,
RPPOMLLLJIKGFFB67CC,2,47.55,防空避難室兼停車空間、排煙室、樓梯間、昇降機間、污水機房兼雨水回收設備機房、消防機房、水箱、車道、停車空間、電信室、緊急發電機室、台電配電室、機車停車區、機房、沿街步道式開放空間（等寬有頂蓋型）、梯廳、門廳、垃圾集中室、管委會使用空間、公設（游泳池）、梯間、安全梯、水錶箱室、電梯機房等２４項,鋼筋混凝土造,112年11月4日,十五層,,
RPPNMLMLJIKGFBB27CC,4,65.89,集合住宅,鋼筋混凝土造,111年4月25日,十五層,,
RPPNMLMLJIKGFBB27CC,4,57.97,本共有部分係依使用執照之建築概要表記載項目有：防空避難室兼停車空間、排煙室、樓梯間、昇降機間、消防機房、雨水機房、車道、水箱、停車空間、機械室、台電配電室、電信室、發電機房、門廳、走廊、頂蓋型開放空間、公共服務空間、資源回收中心、梯廳、梯間、水錶箱室、電梯機房等２２項。,鋼筋混凝土造,111年4月25日,十五層,,
RPWNMLLLJIKGFIB58CC,21,84.49,集合住宅,鋼筋混凝土造,93年6月11日,十四層,,
RPWNMLLLJIKGFIB58CC,21,10.67,共有部份,鋼筋混凝土造,93年6月11日,十四層,,
RPWNMLLLJIKGFIB58CC,21,40.70,共有部份,鋼筋混凝土造,93年6月11日,十四層,,
RPQNMLMLJIKGFBB37CC,9,69.84,集合住宅,鋼筋混凝土造,105年12月20日,十四層,,
RPQNMLMLJIKGFBB37CC,9,75.40,本共有部分係依使用執照之建築概要表記載項目有：防空避難室兼停車空間、消防機械室、污水機房、水箱、一般安全梯、緊急昇降機間、梯廳、停車空間、台電配電室、發電機房、排煙室、垃圾處理區（管委會空間）騎樓兼頂蓋型開放空間、門廳（管委會使用空間）、儲藏室、電信機房、戶外安全梯、樓梯間、水錶室、機房及電梯機房等２１項。,鋼筋混凝土造,105年12月20日,十四層,,
RPUNMLLLJIKGFIB38CC,52,63.52,住家用,磚造蓋瓦頂,62年11月30日,一層,,
RPQNMLLLJIKGFIB97CC,4,76.06,集合住宅,鋼筋混凝土造,110年6月21日,十四層,,
RPPNMLOLJIKGFAB37CC,39,410.83,住商用,鋼筋混凝土造,75年5月19日,四層,,
RPQNMLLLJIKGFIB97CC,4,74.26,停車空間、雨水機房、消防機房、水箱、梯廳、排煙室、緊急昇降機、無障礙昇降機、樓梯間、電信機房、發電機房、防空避難室兼停車空間、台電配電場所、垃圾儲存空間、水景／噴灌機房、管委會使用空間、過廊、污水機房、電梯機房及一般昇降機等２０項。,鋼筋混凝土造,110年6月21日,十四層,,
RPPNMLMLJIKGFIB97CC,46,86.22,住家用,鋼筋混凝土造,69年1月5日,五層,,
RPUNMLOLJIKGFAB87CC,39,15.84,住商用,鋼筋混凝土造,76年5月8日,三層,,
RPTNMLOLJIKGFAB77CC,43,109.79,住家用,鋼筋混凝土造,71年12月23日,五層,,
RPQNMLOLJIKGFBB57CC,34,153.63,住家用,鋼筋混凝土造,81年1月23日,六層,,
RPQNMLOLJIKGFBB57CC,34,1.99,共有部份,鋼筋混凝土造,81年1月23日,六層,,
RPPNMLOLJIKGFBB47CC,32,78.91,住家用,鋼筋混凝土造,82年8月6日,七層,,
RPPNMLOLJIKGFBB47CC,32,11.99,共有部分,鋼筋混凝土造,82年8月6日,七層,,
RPVNMLOLJIKGFBB08CC,20,48.54,住家用,鋼筋混凝土造,94年12月8日,十八層,,
RPVNMLOLJIKGFBB08CC,20,19.53,共有部份,鋼筋混凝土造,94年12月8日,十八層,,
RPWNMLOLJIKGFBB18CC,41,121.45,住家用,鋼筋混凝土造,73年12月18日,二層,,
RPSNMLOLJIKGFAB67CC,35,84.36,住商用,鋼筋混凝土造,79年11月14日,五層,,
RPXNMLOLJIKGFBB28CC,30,25.18,住家用,鋼筋混凝土造,84年11月24日,二十四層,,
RPXNMLOLJIKGFBB28CC,30,13.17,防空避難室，停車空間，門廳，樓梯間，機械室，水箱,鋼筋混凝土造,84年11月24日,二十四層,,
RPOOMLOLJIKGFBB47CC,2,22.19,人行道、停車空間、住宅、樓梯間、電梯間,鋼筋混凝土造,113年2月15日,五層,,
RPPNMLMLJIKGFCB37CC,36,17.70,辦公室,鋼筋混凝土造,79年4月30日,八層,,
RPPNMLMLJIKGFCB37CC,36,4.74,共用部份,鋼筋混凝土造,79年4月30日,八層,,
RPPNMLMLJIKGFCB37CC,36,2.43,本共有部份係依臺中市政府都市發展局中市都管變使字第００１９０號記載項目有：走廊等一項,鋼筋混凝土造,79年4月30日,八層,,
RPSOMLOLJIKGFBB87CC,39,76.33,商業用,鋼筋混凝土造,75年10月1日,五層,,
RPSOMLOLJIKGFBB87CC,39,15.70,共有部分,鋼筋混凝土造,75年10月1日,五層,,
RPTOMLOLJIKGFBB97CC,30,52.71,住家用,鋼筋混凝土造,84年11月18日,五層,,
RPTOMLOLJIKGFBB97CC,30,.84,共有部份,鋼筋混凝土造,84年11月18日,五層,,
RPUOMLOLJIKGFBB08CC,7,70.13,集合住宅,鋼筋混凝土造,108年5月13日,二十二層,,
RPPNMLLLJIKGFGB67CC,32,72.74,集合住宅,鋼筋混凝土造,82年11月15日,六層,,
RPUOMLOLJIKGFBB08CC,7,38.38,本共有部份係依使用執照之建築概要表記載項目有：防空避難室兼停車空間，消防機械室，雨污水機房，安全梯，機械室，停車空間，泳池水箱，消防中繼機房，電信室，景觀機房，發電機室，防災中心，垃圾儲藏室，台電配電室，門廳，管委會使用空間等１６項。,鋼筋混凝土造,108年5月13日,二十二層,,
RPPNMLLLJIKGFGB67CC,32,10.14,防空避難室、停車空間、梯間、機械房、水塔,鋼筋混凝土造,82年11月15日,六層,,
RPUOMLOLJIKGFBB08CC,7,22.33,本共有部份係依使用執照之建築概要表記載項目有：水箱，緊急昇降機間排煙室，揚水機房，特別安全梯，緊急昇降機間兼特別安全梯間排煙室，排煙室，梯廳，安全梯，電梯間，噴灌機房，消防中繼機房，自來水水箱，消防水箱，機械室等１４項。,鋼筋混凝土造,108年5月13日,二十二層,,
RPSNMLOLJIKGFCB87CC,31,18.33,住家用,鋼筋混凝土造,84年2月15日,十五層,,
RPOPMLOLJIKGFBB57CC,3,13.18,外廊、門廳、住宅、樓梯間,鋼筋混凝土造,111年12月7日,四層,,
RPSNMLOLJIKGFCB87CC,31,10.69,共用部份,鋼筋混凝土造,84年2月15日,十六層,,
RPVNMLOLJIKGFAB97CC,20,26.68,集合住宅,鋼筋混凝土造,94年12月19日,十二層,,
RPQNMLOLJIKGFCB67CC,15,67.51,住家用,鋼筋混凝土造,99年11月19日,二十四層,,
RPVNMLOLJIKGFAB97CC,20,30.69,共用部分,鋼筋混凝土造,94年12月19日,十二層,,
RPVNMLOLJIKGFAB97CC,20,6.12,共用部分,鋼筋混凝土造,94年12月19日,十二層,,
RPQNMLOLJIKGFCB67CC,15,52.94,本共有部分之項目有停車空間、消防機房、污水機房、揚水機房、水箱、排煙室、梯廳、樓梯間、昇降機間、防空避難室兼停車空間、防災中心、台電配電室、電信室、緊急發電機房、電錶箱室、門廳、管委會空間、中繼機房、屋頂平台、電梯機房、機房等二十一項,鋼筋混凝土造,99年11月19日,二十四層,,
RPWOMLOLJIKGFBB28CC,41,119.92,住家用,鋼筋混凝土造,74年2月16日,二層,,
RPRNMLOLJIKGFCB77CC,8,52.74,集合住宅,鋼筋混凝土造,106年7月31日,二十二層,,
RPRNMLOLJIKGFCB77CC,8,27.19,本共有部分係依使用執照之建築物概要表記載項目有：停車空間、安全梯間、梯廳、排煙室、消防機房、雨水回收機房、緊急升降機、升降機、車道、水箱、機房、防空避難室兼停車空間、台電配電室、機車停車空間、發電機室、電信室等１６項。,鋼筋混凝土造,106年7月31日,二十二層,,
RPRNMLOLJIKGFCB77CC,8,16.61,本共有部分係依使用執照之建築物概要表記載項目有：排煙室、梯廳、安全梯間、緊急升降機、升降機、門廳、外廊、管委會使用空間、垃圾集中室、管道間、防災中心、樓梯間、機械室、消防中繼機房、電梯機房、水箱等１６項。,鋼筋混凝土造,106年7月31日,二十二層,,
RPWNMLOLJIKGFCB28CC,23,24.96,人行道、辦公室、住房、店舖、停車空間、樓梯間,鋼筋混凝土造,91年5月23日,五層,,
RPPOMLOLJIKGFCB67CC,6,30.84,店鋪、樓梯間、停車空間、住宅、機電設備空間,鋼筋混凝土造,108年10月23日,五層,,
RPOOMLOLJIKGFCB57CC,16,35.91,共有,鋼筋混凝土造,98年8月13日,二十六層,,
RPQOMLOLJIKGFCB77CC,6,30.84,店鋪、樓梯間、停車空間、住宅、機電設備空間,鋼筋混凝土造,108年10月23日,五層,,
RPRNMLOLJIKGFFB08CC,5,9.22,集合住宅,鋼筋混凝土造,109年8月25日,五層,,
RPRNMLOLJIKGFFB08CC,5,5.11,梯廳、安全梯、升降機、管道間、走廊、安全梯間、升降機機械室、水箱、停車空間、電信室、消防機室、發電機室、台電配電室、安全梯Ａ,鋼筋混凝土造,109年8月25日,五層,,
RPUOMLOLJIKGFCB18CC,9,130.15,辦公室辦公事務所及工商服務業,鋼筋混凝土造,106年3月21日,二十八層,,
RPUOMLOLJIKGFCB18CC,9,107.41,本共有部份係依使用執照之建築概要表記載項目有：停車空間、車道、消防機房、雨水機房、安全梯、梯廳、昇降機、清水池、防空避難室兼停車空間、電信室、發電機室、機械室、昇降機坑、台電配電室、景觀噴灌機房、垃圾室、雨水回收池、緊急昇降機、排煙室、外廊、門廳、防災中心、特別安全梯、機電設備空間、管委會使用空間、廁所、中繼機械室、梯間、水箱等２９項,鋼筋混凝土造,106年3月21日,二十八層,,
RPPNMLOLJIKGFFB87CC,50,101.05,住家用,加強磚造,65年4月1日,二層,,
RPVOMLOLJIKGFCB28CC,27,97.94,辦公室,鋼筋混凝土造,87年7月17日,十四層,,
RPVOMLOLJIKGFCB28CC,27,55.15,共用部份,鋼筋混凝土造,87年7月17日,十四層,,
RPVOMLOLJIKGFCB28CC,27,6.60,共用部份,鋼筋混凝土造,87年7月17日,十四層,,
RPPNMLOLJIKGFHB08CC,4,18.23,集合住宅,鋼筋混凝土造,110年6月16日,五層,,
RPQNMLOLJIKGFIB28CC,31,62.13,集合住宅,鋼筋混凝土造,83年7月9日,八層,,
RPPNMLOLJIKGFHB08CC,4,6.66,本共有部分之項目有停車空間及樓梯間等２項,鋼筋混凝土造,110年6月16日,五層,,
RPQNMLOLJIKGFIB28CC,31,10.76,共同使用部份,鋼筋混凝土造,83年7月9日,八層,,
RPRNMLOLJIKGFIB38CC,13,182.00,住宅、停車空間,鋼筋混凝土造,101年10月14日,四層,,
RPRNMLOLJIKGFIB38CC,13,2.93,共有部份,鋼筋混凝土造,101年10月14日,四層,,
RPSNMLOLJIKGFIB48CC,4,45.89,集合住宅,鋼筋混凝土造,110年9月13日,十三層,,
RPSNMLOLJIKGFIB48CC,4,43.70,本共有部分之項目有停車空間、揚水泵、污水機房、游泳池水箱、消防機械室、汽機車坡道、樓梯間、雨水機房、汽車坡道、發電機室、垃圾貯存空間、台電配電室、受電箱區、噴灌機房、電信室、門廳、休憩區、公共服務空間、戶外安全梯、安全梯、管理委員會使用空間、游泳池機房及噴泉池機房、男廁、女廁、男更衣室、女更衣室等２６項。,鋼筋混凝土造,110年9月13日,十三層,,
RPSNMLOLJIKGFIB48CC,4,15.41,本共有部分之項目有一般昇降機、一般昇降機兼行動不便者使用、緊急昇降機、排煙室兼緊急昇降機間、水箱、戶外安全梯、樓梯間、梯廳、安全梯、消防水箱、錶箱室、機械室等１２項。,鋼筋混凝土造,110年9月13日,十三層,,
RPWOMLOLJIKGFCB38CC,32,23.20,住家用,鋼筋混凝土造,83年5月9日,十二層,,
RPTNMLOLJIKGFIB58CC,46,60.40,住家用,加強磚造,68年10月6日,二層,,
RPOPMLOLJIKGFCB67CC,3,63.13,集合住宅,鋼筋混凝土造,112年4月19日,二十四層,,
RPWOMLOLJIKGFCB38CC,32,8.90,共用部份,鋼筋混凝土造,83年5月9日,十二層,,
RPOPMLOLJIKGFCB67CC,3,33.86,本共有部分係依使用執照之建築概要表記載項目有：停車空間，安全梯，梯間，排煙室，緊急昇降機，昇降機，雨水機房，消防機房，水箱，機房，防空避難室兼停車空間，緊急發電機室，電信室，車道，機車停車空間，無障礙昇降機，台電配電室，電錶室，大廳，梯廳，樓梯，特別安全梯，防災中心，泳池機房，景觀亭，門廳，茶水間，管委會辦公室，管委會會議室，男女廁所，廊道，走廊，樓梯間，機械室，水錶室，消防中繼水箱，資源回收室，出入口緩衝空間，外廊，入口玄關，公共廁所等４１項。,鋼筋混凝土造,112年4月19日,二十四層,,
RPOPMLOLJIKGFCB67CC,3,13.59,本共有部分係依使用執照之建築概要表記載項目有：特別安全梯，梯廳，排煙室，緊急昇降機，昇降機，樓梯間等６項,鋼筋混凝土造,112年4月19日,二十四層,,
RPXOMLOLJIKGFCB48CC,40,22.05,住家用,鋼筋混凝土造,74年7月29日,七層,,
RPXOMLOLJIKGFCB48CC,40,4.62,共用部份,鋼筋混凝土造,74年7月29日,七層,,
RPWNMLOLJIKGFIB88CC,27,80.06,國民住宅,鋼筋混凝土造,87年12月21日,十層,,
RPVNMLOLJIKGFIB78CC,5,74.40,集合住宅,鋼筋混凝土造,109年6月22日,九層,,
RPWNMLOLJIKGFIB88CC,27,19.40,防空避難室，水箱，人行道，梯間，機械室，廣告塔,鋼筋混凝土造,87年12月21日,十層,,
RPVNMLOLJIKGFIB78CC,5,101.56,防空避難室兼停車空間、一般升降機、安全梯、緊急升降機、水箱、排煙室、發電機室、梯廳、消防機房、機械室、雨汙水機房、停車空間、電信室、台電配電室、垃圾處理室、管委會使用空間、戶外安全梯、昇降機道、梯間、機械室〈水錶室〉、電梯機房等２１項,鋼筋混凝土造,109年6月22日,九層,,
RPUNMLOLJIKGFIB68CC,4,27.89,人行道、住宅、樓梯間,鋼筋混凝土造,111年2月14日,三層,,
RPQNMLOLJIKGFKB48CC,33,17.14,住家用,鋼筋混凝土造,82年4月25日,六層,,
RPQNMLOLJIKGFKB48CC,33,4.40,住家用,鋼筋混凝土造,82年4月25日,六層,,
RPQNMLOLJIKGFKB48CC,33,2.78,住家用,鋼筋混凝土造,82年4月25日,六層,,
RPPNMLOLJIKGFDB67CC,52,58.32,住家用,加強磚造,63年5月10日,四層,,
RPTNMLOLJIKGFDB08CC,5,19.65,人行道、店舖、停車空間、住宅,鋼筋混凝土造,109年11月9日,四層,,
RPSNMLPLJIKGFAB77CC,36,22.11,住家用,鋼筋混凝土造,78年6月23日,十二層,,
RPSNMLPLJIKGFAB77CC,36,6.78,人行道、樓梯間、避難室、配電室,鋼筋混凝土造,78年6月23日,十二層,,
RPRNMLOLJIKGFDB87CC,3,32.84,住宅、外廊、樓梯間,鋼筋混凝土造,112年3月16日,三層,,
RPVNMLPLJIKGFAB08CC,33,71.15,住家用,鋼筋混凝土造,82年2月11日,七層,,
RPVNMLPLJIKGFAB08CC,33,18.36,防空避難室．梯間．受電室,鋼筋混凝土造,82年2月11日,七層,,
RPWNMLPLJIKGFAB18CC,54,102.58,住家用,見其他登記事項,61年5月3日,二層,,
RPSNMLPLJIKGFBB87CC,39,109.95,住家用,加強磚造,76年3月7日,二層,,
RPTNMLPLJIKGFAB87CC,28,153.17,住家用,鋼筋混凝土造,86年7月23日,十四層,,
RPTNMLPLJIKGFAB87CC,28,33.80,共同使用,鋼筋混凝土造,86年7月23日,十四層,,
RPUNMLPLJIKGFAB97CC,10,106.32,集合住宅,鋼筋混凝土造,105年3月18日,十三層,,
RPTNMLPLJIKGFAB87CC,28,15.00,共有部分,鋼筋混凝土造,86年7月23日,十四層,,
RPTNMLPLJIKGFAB87CC,28,14.39,共有部分,鋼筋混凝土造,86年7月23日,十四層,,
RPVNMLPLJIKGFBB18CC,36,28.94,住家用,鋼筋混凝土造,78年6月13日,八層,,
RPUNMLPLJIKGFAB97CC,10,23.86,本共有部分係依使用執照之建築物概要表記載項目有：防空避難室兼停車空間、車道、安全梯、昇降機間、梯廳、水箱、消防機械室、污水機房、停車空間、台電配電室、電信室、噴灌機房、機械室、發電機室、外廊、公共服務空間、辦公室（廳）、台電受電箱室等１８項。,鋼筋混凝土造,105年3月18日,十三層,,
RPVNMLPLJIKGFBB18CC,36,10.40,共有部份,鋼筋混凝土造,78年6月13日,八層,,
RPUNMLPLJIKGFAB97CC,10,24.41,本共有部分係依使用執照之建築物概要表記載項目有：室內安全梯、昇降機間、梯廳、安全梯、機械室、噴灌機房、樓梯間、水箱、電梯機房、水箱間、管道間、梯間等１２項。,鋼筋混凝土造,105年3月18日,十三層,,
RPTNMLPLJIKGFAB87CC,28,19.40,共有部分,鋼筋混凝土造,86年7月23日,十四層,,
RPVNMLOLJIKGFDB28CC,35,76.14,住家用,鋼筋混凝土造,79年11月27日,五層,,
RPVNMLOLJIKGFDB28CC,35,1.86,共同使用部份,鋼筋混凝土造,79年11月27日,五層,,
RPVNMLOLJIKGFDB28CC,35,7.78,共同使用部份,鋼筋混凝土造,79年11月27日,五層,,
RPVNMLOLJIKGFDB28CC,35,.61,共同使用部份,鋼筋混凝土造,79年11月27日,五層,,
RPWNMLPLJIKGFBB28CC,7,39.19,集合住宅,鋼筋混凝土造,107年11月30日,十五層,,
RPPOMLPLJIKGFBB67CC,1,57.00,集合住宅,鋼筋混凝土造,114年2月25日,十五層,,
RPTNMLPLJIKGFBB97CC,44,35.84,住家用,鋼筋混凝土造,70年8月14日,十一層,,
RPWNMLPLJIKGFBB28CC,7,22.04,本共有部分係依使用執照之建築概要表記載項目有：停車空間，一般安全梯，排煙室，緊急用昇降機，消防機房，污水機房，昇降機，水箱，機房，電信機房，防空避難室兼停車空間，台電配電室，緊急發電機室，戶外安全梯，管理員室，管委會使用空間，環保資源室，梯廳，梯間，機械室，水錶室等２１項,鋼筋混凝土造,107年11月30日,十五層,,
RPPOMLPLJIKGFBB67CC,1,63.89,本共有部分係依使用執照之建築概要表記載項目有：防空避難室兼停車空間、停車空間、梯間、消防機房、水箱、排煙室、昇降機間、雨水機房、車道、機房、電信機房、台電配電場所、發電機房、管委會空間、梯廳、公共服務空間、走廊、無障礙廁所、水表空間等１９項,鋼筋混凝土造,114年2月25日,十五層,,
RPSOMLPLJIKGFBB97CC,1,17.85,室內停車空間、住宅、樓梯間,鋼筋混凝土造,113年7月12日,五層,,
RPQOMLPLJIKGFAB67CC,,40.79,辦公室,鋼筋混凝土造,114年5月21日,二十八層,,
RPQOMLPLJIKGFAB67CC,,40.98,本共有部分係依使用執照之建築概要表記載項目有：防空避難室兼停車空間、排煙室、昇降機道、安全梯間、雨水機房、消防機房、揚水泵機房、水箱、機房、前室、停車空間、電信室、自來水過濾機房、發電機房、台電配電室、水池機房、台電專用管道間等１７項。,鋼筋混凝土造,114年5月21日,二十八層,,
RPQOMLPLJIKGFAB67CC,,3.37,本共有部分係依使用執照之建築概要表記載項目有：梯廳、安全梯間、排煙室、走廊、昇降機道、特別安全梯、車道、管委會使用空間、垃圾暫存室、消防中繼機房、機電設備空間、車道等１２項。,鋼筋混凝土造,114年5月21日,二十八層,,
RPQOMLPLJIKGFAB67CC,,10.43,本共有部分係依使用執照之建築概要表記載項目有：梯廳、走廊、昇降機道、排煙室、特別安全梯、機電設備空間、機械室、樓梯間、水錶室、消防中繼機房、水箱、廁所等１２項。,鋼筋混凝土造,114年5月21日,二十八層,,
RPQOMLPLJIKGFBB77CC,30,62.78,住家用,鋼筋混凝土造,84年8月14日,十六層,,
RPQOMLPLJIKGFBB77CC,30,10.11,共有部份,鋼筋混凝土造,84年8月14日,十六層,,
RPQOMLPLJIKGFBB77CC,30,.62,共有部份,鋼筋混凝土造,84年8月14日,十六層,,
RPQOMLPLJIKGFBB77CC,30,11.78,共有部份,鋼筋混凝土造,84年8月14日,十六層,,
RPVOMLPLJIKGFBB28CC,1,19.50,室內停車空間、住宅、樓梯間,鋼筋混凝土造,113年7月12日,五層,,
RPPNMLOLJIKGFHB18DC,30,42.59,集合住宅　人行道　梯間　水塔　店舖,鋼筋混凝土造,84年12月11日,四層,,
RPPPMLPLJIKGFBB77CC,1,19.50,室內停車空間、住宅、樓梯間,鋼筋混凝土造,113年7月12日,五層,,
RPWNMLPLJIKGFCB38CC,16,41.83,住家用,鋼筋混凝土造,98年8月13日,二十六層,,
RPWNMLPLJIKGFCB38CC,16,3.45,共有,鋼筋混凝土造,98年8月13日,二十六層,,
RPWNMLPLJIKGFCB38CC,16,16.44,共有,鋼筋混凝土造,98年8月13日,二十六層,,
RPRNMLPLJIKGFCB87CC,16,45.25,住家用,鋼筋混凝土造,98年8月13日,二十六層,,
RPVNMLPLJIKGFCB28CC,34,87.83,住家用,鋼筋混凝土造,81年2月14日,十一層,,
RPOOMLPLJIKGFCB67CC,34,73.63,住家用,鋼筋混凝土造,80年10月30日,六層,,
RPRNMLPLJIKGFCB87CC,16,41.60,共有,鋼筋混凝土造,98年8月13日,二十六層,,
RPVNMLPLJIKGFCB28CC,34,20.88,共用部份,鋼筋混凝土造,81年2月14日,十一層,,
RPOOMLPLJIKGFCB67CC,34,21.19,共用部份,鋼筋混凝土造,80年10月30日,六層,,
RPXNMLPLJIKGFCB48CC,27,83.20,住家用,鋼筋混凝土造,87年5月28日,九層,,
RPRNMLPLJIKGFCB87CC,16,17.80,共有,鋼筋混凝土造,98年8月13日,二十六層,,
RPXNMLPLJIKGFCB48CC,27,48.37,共用部份,鋼筋混凝土造,87年5月28日,九層,,
RPPOMLPLJIKGFCB77CC,34,22.74,住家用,鋼筋混凝土造,80年12月6日,十二層,,
RPPOMLPLJIKGFCB77CC,34,18.57,共用部份,鋼筋混凝土造,80年12月6日,十二層,,
RPOPMLPLJIKGFBB67CC,32,23.04,住家用,鋼筋混凝土造,82年12月14日,八層,,
RPOPMLPLJIKGFBB67CC,32,11.41,共有部分,鋼筋混凝土造,82年12月14日,八層,,
RPTOMLPLJIKGFCB18CC,31,19.60,住家用,鋼筋混凝土造,83年6月10日,七層,,
RPTOMLPLJIKGFCB18CC,31,8.67,共用部份,鋼筋混凝土造,83年6月10日,七層,,
RPTPMLPLJIKGFCB28CC,30,82.10,住家用,鋼筋混凝土造,84年10月8日,十五層,,
RPTPMLPLJIKGFCB28CC,30,26.14,共用部份,鋼筋混凝土造,84年10月8日,十五層,,
RPVOMLPLJIKGFCB38CC,2,93.61,店鋪,鋼筋混凝土造,112年11月9日,十五層,,
RPRPMLPLJIKGFCB08CC,46,88.10,住家用,鋼筋混凝土造,69年2月26日,五層,,
RPROMLPLJIKGFCB97CC,36,23.33,辦公室,鋼筋混凝土造,79年4月30日,八層,,
RPROMLPLJIKGFCB97CC,36,6.22,共用部份,鋼筋混凝土造,79年4月30日,八層,,
RPROMLPLJIKGFCB97CC,36,3.22,本共有部份係依臺中市政府都市發展局中市都管變使字第００１９０號記載項目有：走廊等一項,鋼筋混凝土造,79年4月30日,八層,,
RPVOMLPLJIKGFCB38CC,2,71.51,本共有部分係依使用執照之建築物概要表記載項目有：防空避難室兼停車空間、雨污水機房、消防機房、行動不便者安全梯、一般昇降機、梯廳、水箱、車道、停車空間、台電配電室、發電機室、電信室、公共服務空間、管委會使用空間、門廳、資源回收空間、排煙室兼緊急昇降機間、特別安全梯、排煙室、緊急昇降機、樓梯間、機房、電梯機房等２３項。,鋼筋混凝土造,112年11月9日,十五層,,
RPSPMLPLJIKGFCB18CC,32,18.05,住家用,鋼筋混凝土造,82年10月14日,十二層,,
RPSPMLPLJIKGFCB18CC,32,8.64,共有部份,鋼筋混凝土造,82年10月14日,十二層,,
RPUPMLPLJIKGFCB38CC,19,37.35,住家用,鋼筋混凝土造,95年11月24日,十四層,,
RPUPMLPLJIKGFCB38CC,19,16.77,共用,鋼筋混凝土造,95年11月24日,十四層,,
RPUOMLPLJIKGFCB28CC,32,98.30,住家用,鋼筋混凝土造,82年10月4日,十四層,,
RPUOMLPLJIKGFCB28CC,32,33.61,共用部份,鋼筋混凝土造,82年10月4日,十四層,,
RPQNMLPLJIKGFFB08CC,6,24.00,人行道、住宅、停車空間、梯間,鋼筋混凝土造,109年3月26日,三層,,
RPQPMLPLJIKGFCB97CC,29,22.00,住宅、樓梯間,鋼筋混凝土造,85年6月24日,五層,,
RPPNMLPLJIKGFFB97CC,,49.39,集合住宅,鋼筋混凝土造,114年6月6日,二十八層,,
RPPNMLPLJIKGFFB97CC,,13.59,排煙室、昇降機、無障礙安全梯、特別安全梯、無障礙樓梯、梯廳兼排煙室、梯廳、管委會空間、中繼機房、中繼水箱、電梯間、水錶室、樓梯間、電梯機房、機電空間、水箱、安全梯、水箱機房、消防水箱等１９項,鋼筋混凝土造,114年6月6日,二十八層,,
RPPNMLPLJIKGFDB77CC,5,82.33,集合住宅,鋼筋混凝土造,109年6月10日,十二層,,
RPPNMLPLJIKGFDB77CC,5,52.16,本共有部份之項目有防空避難室兼停車空間、排煙室、樓梯間、台電配電室、電信室、緊急發電機室、揚水泵機房、雨汙水機房、消防機械室、水箱、垃圾儲存空間、梯廳、門廳、管委會使用空間、車道、電梯機房等１６項,鋼筋混凝土造,109年6月10日,十二層,,
RPPNMLPLJIKGFFB97CC,,11.46,消防機房、雨水回收機房、車道、機房、水箱、停車空間、進風管道、公共水箱、防空避難室兼停車空間、台電配電室、發電機房、泳池水箱、公共電氣室、機車車道、管委會使用空間、昇降機、大廳、梯廳、警衛室、儲藏室、風除室、排風機房、防災中心、電信室、垃圾暫存室、附屬社區共用空間、附屬共用廚房、機電設備空間、電梯間、設備空間、泳池機房、景觀機房、游泳池、管委會空間、樓電梯間、機電空間、樓梯間等３７項,鋼筋混凝土造,114年6月6日,二十八層,,
RPQNMLPLJIKGFDB87CC,24,45.21,住家用,鋼筋混凝土造,90年10月18日,十四層,,
RPQNMLPLJIKGFDB87CC,24,16.20,共同使用部份,鋼筋混凝土造,90年10月18日,十四層,,
RPRNMLPLJIKGFFB18CC,1,93.74,集合住宅,鋼筋混凝土造,113年12月16日,二十四層,,
RPRNMLPLJIKGFFB18CC,1,71.50,防空避難室兼停車空間、排煙室、水箱、一般昇降機、消防機械室、汙雨水機械室、安全梯、緊急昇降機、車道、停車空間、台電配電室、機械室、發電機室、泳池機械室、電表區、消防中繼水箱、消防中繼機房、電信室、梯廳、門廳、垃圾暫存空間、管委會使用空間、機車停車區、特別安全梯、防災中心、走廊、水錶室、電梯機房等２８項。,鋼筋混凝土造,113年12月16日,二十四層,,
RPTNMLPLJIKGFFB38CC,3,105.14,集合住宅,鋼筋混凝土造,111年12月26日,十五層,,
RPTNMLPLJIKGFFB38CC,3,45.82,資源回收空間、管理委員會使用空間、入口梯廳（門廳）、電梯間、樓梯間、人行道、停車空間、台電配電室、車道、緊急發電機機房、管道機房、排氣管道間、防空避難室兼停車空間、機電設備空間、生活汙水機房、消防設備機房、蓄水池,鋼筋混凝土造,111年12月26日,十五層,,
RPTNMLPLJIKGFFB38CC,3,21.79,電梯間、樓梯間、梯廳、水錶置放區、昇降機機房、水塔,鋼筋混凝土造,111年12月26日,十五層,,
RPWNMLPLJIKGFFB68CC,1,69.31,集合住宅,鋼筋混凝土造,113年12月16日,二十四層,,
RPWNMLPLJIKGFFB68CC,1,59.17,防空避難室兼停車空間、排煙室、水箱、一般昇降機、消防機械室、汙雨水機械室、安全梯、緊急昇降機、車道、停車空間、台電配電室、機械室、發電機室、泳池機械室、電表區、消防中繼水箱、消防中繼機房、電信室、梯廳、門廳、垃圾暫存空間、管委會使用空間、機車停車區、特別安全梯、防災中心、走廊、水錶室、電梯機房等２８項。,鋼筋混凝土造,113年12月16日,二十四層,,
RPUNMLPLJIKGFFB48CC,1,59.06,集合住宅,鋼筋混凝土造,114年1月24日,十一層,,
RPUNMLPLJIKGFFB48CC,1,40.44,停車空間兼防空避難室、台電配電室、昇降機、緊急兼無障礙昇降機、排煙室、安全梯、消防機房、雨汙水機房、發電機室、電錶區、水箱、電信室、梯廳、戶外安全梯兼無障礙梯、管委會空間、管道間、車道、樓梯間、瓦斯錶區、水錶室、電梯機房等２１項。,鋼筋混凝土造,114年1月24日,十一層,,
RPPNMLPLJIKGFHB18CC,48,46.78,住家用,加強磚造,66年12月31日,一層,,
RPPNMLPLJIKGFGB08CC,46,159.49,住商用,結構造,69年1月12日,三層,,
RPSNMLPLJIKGFIB58CC,33,78.54,集合住宅,鋼筋混凝土造,82年3月15日,七層,,
RPSNMLPLJIKGFIB58CC,33,25.53,共有部份,鋼筋混凝土造,82年3月15日,七層,,
RPTNMLPLJIKGFIB68CC,31,118.88,集合住宅,鋼筋混凝土造,83年5月21日,十二層,,
RPQNMLPLJIKGFHB28CC,49,37.52,住家用,鋼筋混凝土造,66年4月15日,三層,,
RPTNMLPLJIKGFIB68CC,31,25.83,門廳、梯間,鋼筋混凝土造,83年5月21日,十二層,,
RPOOMLPLJIKGFIB28CC,46,81.62,住家用,加強磚造,69年3月29日,二層,,
RPQOMLPLJIKGFIB48CC,33,68.99,集合住宅,鋼筋混凝土造,81年10月7日,七層,,
RPVNMLPLJIKGFIB88CC,27,186.80,住宅．梯間,鋼筋混凝土造,87年6月12日,三層,,
RPQOMLPLJIKGFIB48CC,33,45.34,共同使用部份,鋼筋混凝土造,81年10月7日,七層,,
RPWNMLPLJIKGFIB98CC,1,96.24,集合住宅,鋼筋混凝土造,113年7月5日,二十四層,,
RPWNMLPLJIKGFIB98CC,1,84.28,本共有部分之項目有：防空避難室兼停車空間、水箱、消防機械室、雨汙水機房、安全梯、排煙室、緊急昇降機、一般昇降機、車道、消防水池、梯間、機械室、停車空間、台電配電室、緊急發電機室、防災中心、電信室、電錶室、消防中繼機房、台電通道、受電室、管委會使用空間、梯廳、門廳、外廊、特別安全梯、資源回收空間、辦公室、緩衝空間、排煙室兼梯廳、一般梯、水錶室、電梯機械室等３３項,鋼筋混凝土造,113年7月5日,二十四層,,
RPSNMLPLJIKGFJB68CC,1,53.81,集合住宅,鋼筋混凝土造,114年1月23日,十五層,,
RPSNMLPLJIKGFJB68CC,1,53.13,本共有部分之項目有停車空間兼防空避難室、一般昇降機、緊急昇降機兼無障礙昇降機、排煙室兼梯廳、水箱、無障礙兼特別安全梯、汽車車道、進風管道、排風管道、汙水機房、消防／雨水機房、停車空間、緊急發電機室、儲藏室、機車車道、台電配電室、電信室、電表室、戶外安全梯、無障礙兼戶外安全梯、資源回收室、公共服務空間、管委會空間、梯廳、排煙室、機械室、廁所、管道間、屋頂水箱、電梯機房、水箱機房,鋼筋混凝土造,114年1月23日,十五層,,
RPPNMLPLJIKGFIB28CC,,68.89,集合住宅,鋼筋混凝土造,114年7月24日,十三層,,
RPPNMLPLJIKGFIB28CC,,60.31,本共有部分之項目有：防空避難室兼停車空間、汙雨水機房、消防機房、水箱、車道、梯廳、安全梯、昇降機間、排煙室、停車空間、台電配電室、電信室、發電機室、電錶室、管委會使用空間、樓梯間、機械室、水錶室、機械設備室等１９項。,鋼筋混凝土造,114年7月24日,十三層,,
RPTNMLPLJIKGFJB78CC,33,81.34,集合住宅,鋼筋混凝土造,81年5月26日,十二層,,
RPTNMLPLJIKGFJB78CC,33,9.47,共用部份,鋼筋混凝土造,81年5月26日,十二層,,
RPTOMLPLJIKGFIB78CC,1,64.73,集合住宅,鋼筋混凝土造,113年9月4日,五層,,
RPTOMLPLJIKGFIB78CC,1,39.57,停車空間、機械室、台電配電室、梯廳、走廊、升降設備、安全梯、水箱等八項。,鋼筋混凝土造,113年9月4日,五層,,
RPPNMLPLJIKGFKB48CC,1,52.28,集合住宅,鋼筋混凝土造,114年4月2日,七層,,
RPPNMLPLJIKGFKB48CC,1,39.90,防空避難室兼停車空間、梯廳、梯間、消防機械室兼發電機室、雨汙水機室、水箱、電信室、管委會服務空間、公共服務空間、機車停車空間、台電配電室、受電箱區、樓梯間、水錶室、機械室,鋼筋混凝土造,114年4月2日,七層,,
RPQNMLPLJIKGFKB58CC,22,58.97,住家用,鋼筋混凝土造,93年3月23日,五層,,
RPQNMLPLJIKGFKB58CC,,21.22,門廳、停車空間、樓梯間、水箱室,鋼筋混凝土造,,五層,,
RPTNMLPLJIKGFKB88CC,46,126.42,住商用,加強磚造,69年1月15日,二層,,
RPROMLPLJIKGFIB58CC,4,84.42,集合住宅,鋼筋混凝土造,110年9月13日,十三層,,
RPROMLPLJIKGFIB58CC,4,48.50,本共有部分之項目有停車空間、揚水泵、污水機房、游泳池水箱、消防機械室、汽機車坡道、樓梯間、雨水機房、汽車坡道、發電機室、垃圾貯存空間、台電配電室、受電箱區、噴灌機房、電信室、門廳、休憩區、公共服務空間、戶外安全梯、安全梯、管理委員會使用空間、游泳池機房及噴泉池機房、男廁、女廁、男更衣室、女更衣室等２６項。,鋼筋混凝土造,110年9月13日,十三層,,
RPROMLPLJIKGFIB58CC,4,24.12,本共有部分之項目有一般昇降機兼行動不便者使用、緊急昇降機、排煙室兼緊急昇降機間、水箱、戶外安全梯、樓梯間、梯廳、安全梯、消防水箱、錶箱室、機械室等１１項。,鋼筋混凝土造,110年9月13日,十三層,,
RPOOMLPLJIKGFFB97CC,1,91.20,集合住宅,鋼筋混凝土造,113年12月16日,二十四層,,
RPOOMLPLJIKGFFB97CC,1,69.73,防空避難室兼停車空間、排煙室、水箱、一般昇降機、消防機械室、汙雨水機械室、安全梯、緊急昇降機、車道、停車空間、台電配電室、機械室、發電機室、泳池機械室、電表區、消防中繼水箱、消防中繼機房、電信室、梯廳、門廳、垃圾暫存空間、管委會使用空間、機車停車區、特別安全梯、防災中心、走廊、水錶室、電梯機房等２８項。,鋼筋混凝土造,113年12月16日,二十四層,,
RPRNMLQLJIKGFAB77CC,47,57.31,住家用,鋼筋混凝土造,67年11月6日,四層,,
RPUNMLPLJIKGFKB98CC,30,77.93,住家用,鋼筋混凝土造,84年12月6日,十三層,,
RPUNMLPLJIKGFKB98CC,30,24.30,停車空間、避難室、遊戲室、圖書室、交誼廳、車道,鋼筋混凝土造,84年12月6日,十三層,,
RPUNMLPLJIKGFKB98CC,30,9.21,樓梯間、梯間、水箱、機械室,鋼筋混凝土造,84年12月6日,十三層,,
RPTNMLQLJIKGFAB97CC,37,17.47,住家用,鋼筋混凝土造,78年5月11日,五層,,
RPTNMLQLJIKGFAB97CC,37,8.59,共有部份,鋼筋混凝土造,78年5月11日,五層,,
RPSNMLQLJIKGFAB87CC,32,27.90,住家用,鋼筋混凝土造,83年2月2日,八層,,
RPSNMLQLJIKGFAB87CC,32,28.23,人行道．梯間．防空避難室．機械室．水塔,鋼筋混凝土造,83年2月2日,八層,,
RPUNMLQLJIKGFAB08CC,31,98.60,住家用,鋼筋混凝土造,84年3月15日,二十二層,,
RPQNMLQLJIKGFBB77CC,32,86.82,住家用,鋼筋混凝土造,82年5月31日,八層,,
RPUNMLQLJIKGFAB08CC,31,6.23,停車空間,鋼筋混凝土造,84年3月15日,二十二層,,
RPQNMLQLJIKGFBB77CC,32,19.22,共有部份,鋼筋混凝土造,82年5月31日,八層,,
RPUNMLQLJIKGFAB08CC,31,29.54,防空避難室、人行道、樓梯間、水箱、機械室,鋼筋混凝土造,84年3月15日,二十二層,,
RPRNMLQLJIKGFBB87CC,47,112.27,住家用,鋼筋混凝土造,67年6月6日,五層,,
RPPNMLPLJIKGFFB08DC,31,172.86,住家用,鋼筋混凝土造,83年8月1日,三層,,
RPSNMLQLJIKGFBB97CC,54,17.94,住家用,鋼筋混凝土加強磚造,60年12月30日,五層,,
RPPNMLQLJIKGFBB67CC,11,137.27,集合住宅,鋼筋混凝土造,104年4月13日,十五層,,
RPPNMLQLJIKGFBB67CC,11,39.54,本共有部分係依使用執照之建築概要表記載項目有：人行道，門廳，公共服務空間，頂蓋型開放空間，外廊，管理員室，環保資源室，緊急昇降機，排煙室，戶外安全梯，梯廳，梯間，樓梯間，水錶室，水箱，機械室等１６項,鋼筋混凝土造,104年4月13日,十五層,,
RPPNMLQLJIKGFBB67CC,11,78.05,本共有部分係依使用執照之建築概要表記載項目有：停車空間，消防機房，污水機房，水箱，緊急昇降機，排煙室，一般安全梯，機房，防空避難室兼停車空間，台電配電室，緊急發電機房，電信機房，景觀機房等１３項,鋼筋混凝土造,104年4月13日,十五層,,
RPTNMLQLJIKGFBB08CC,2,81.71,集合住宅,鋼筋混凝土造,112年8月1日,十二層,,
RPTNMLQLJIKGFBB08CC,2,41.93,本共有部分係依使用執照之建築概要表記載項目有：停車空間，車道，水箱，機械室，消防機械室，樓梯間，昇降機間，梯廳，排煙室，防空避難室兼停車空間，機車停車空間，發電機室，電信室，台電配電室，走廊，門廳，公共服務空間（交誼廳），垃圾集中室等１８項,鋼筋混凝土造,112年8月1日,十二層,,
RPTNMLQLJIKGFBB08CC,2,17.32,本共有部分係依使用執照之建築概要表記載項目有：樓梯間，梯廳，排煙室，昇降機間，無障礙昇降機，緊急昇降機，管道間等７項,鋼筋混凝土造,112年8月1日,十二層,,
RPQNMLPLJIKGFFB18DC,51,99.60,住家用,加強磚造、水泥平頂、磨石地床,64年2月1日,二層,,
RPRNMLPLJIKGFJB68DC,34,21.83,集合住宅,鋼筋混凝土造,80年10月15日,六層,,
RPRNMLPLJIKGFJB68DC,34,8.71,共有部分,鋼筋混凝土造,80年10月15日,六層,,
RPVNMLQLJIKGFBB28CC,41,256.60,住商用,鋼筋混凝土造,74年3月27日,四層,,
RPXNMLQLJIKGFBB48CC,36,43.65,住家用,鋼筋混凝土造,79年3月17日,七層,,
RPXNMLQLJIKGFBB48CC,36,10.13,共有部份,鋼筋混凝土造,79年3月17日,七層,,
RPPOMLQLJIKGFBB77CC,20,27.90,共有部份,鋼筋混凝土造,94年12月8日,十八層,,
RPQOMLQLJIKGFBB87CC,29,119.86,共有部份,鋼筋混凝土造,85年6月6日,十四層,,
RPWNMLQLJIKGFBB38CC,29,61.60,住家用,鋼筋混凝土造,86年2月19日,五層,,
RPROMLQLJIKGFBB97CC,30,20.68,住家用,鋼筋混凝土造,85年5月24日,十六層,,
RPWNMLQLJIKGFBB38CC,29,12.88,共有部分,鋼筋混凝土造,86年2月19日,五層,,
RPROMLQLJIKGFBB97CC,,6.70,,,,,,
RPROMLQLJIKGFBB97CC,,4.56,,,,,,
RPUOMLQLJIKGFBB28CC,19,87.91,住家用,鋼筋混凝土造,95年11月24日,十四層,,
RPUOMLQLJIKGFBB28CC,19,4.74,共有部份,鋼筋混凝土造,95年11月24日,十四層,,
RPUOMLQLJIKGFBB28CC,19,12.62,共有部份,鋼筋混凝土造,95年11月24日,十四層,,
RPUOMLQLJIKGFBB28CC,19,15.03,共有部份,鋼筋混凝土造,95年11月24日,十四層,,
RPSOMLQLJIKGFBB08CC,2,63.92,集合住宅,鋼筋混凝土造,112年9月7日,十九層,,
RPSOMLQLJIKGFBB08CC,2,61.82,本共有部分係依使用執照之建築概要表記載項目有：防空避難室兼停車空間，一般安全梯，排煙室，梯廳，水箱，消防機房，污水機房，雨水機房，一般升降機，緊急升降機，停車空間，景觀機房，台電配電室，電信機房，電表區，緊急發電機室，中繼水箱，中繼機房，防災中心，受電箱區，管委會使用空間，特別安全梯，車道，集中式垃圾貯存空間，機械室，梯間，樓梯間等２７項。,鋼筋混凝土造,112年9月7日,十九層,,
RPQOMLQLJIKGFAB77CC,31,21.01,住家用,鋼筋混凝土造,83年7月14日,十三層,,
RPPNMLQLJIKGFCB77CC,33,48.76,住家用,鋼筋混凝土造,82年2月13日,十二層,,
RPTOMLQLJIKGFBB18CC,30,52.71,住家用,鋼筋混凝土造,84年11月18日,五層,,
RPQOMLQLJIKGFAB77CC,31,5.87,梯間,鋼筋混凝土造,83年7月14日,十三層,,
RPPNMLQLJIKGFCB77CC,33,7.11,共用部份,鋼筋混凝土造,82年2月13日,十六層,,
RPTOMLQLJIKGFBB18CC,30,.84,共有部分,鋼筋混凝土造,84年11月18日,五層,,
RPXNMLQLJIKGFAB38CC,37,80.02,住家用,鋼筋混凝土造,77年11月9日,五層,,
RPPNMLQLJIKGFCB77CC,33,7.89,共用部份,鋼筋混凝土造,82年2月13日,十六層,,
RPXNMLQLJIKGFAB38CC,37,5.50,共有部份,鋼筋混凝土造,77年11月9日,五層,,
RPQOMLQLJIKGFAB77CC,31,5.08,防空避難室兼停車空間．水箱．梯間．機房．停車場,鋼筋混凝土造,83年7月14日,十三層,,
RPSNMLQLJIKGFCB08CC,32,99.50,住家用,鋼筋混凝土造,82年8月17日,十四層,,
RPSNMLQLJIKGFCB08CC,32,15.90,共用部份,鋼筋混凝土造,82年8月17日,十四層,,
RPOOMLQLJIKGFAB57CC,,54.96,集合住宅,鋼筋混凝土造,114年7月9日,十五層,,
RPOOMLQLJIKGFAB57CC,,60.61,本共有部分係依使用執照之建築概要表記載項目有：防空避難室兼停車空間、車道、安全梯（丙）、消防機械室、機械室、機電設備空間、水箱、梯廳兼排煙室、緊急昇降機道、一般昇降機道、停車空間、台電配電室、電信室、緊急發電機室、電表區、梯廳、排煙室、戶外安全梯（甲）、戶外安全梯（乙）、管委會使用空間、垃圾貯存空間、走廊、梯間、安全梯（丁）、水錶室、機房、水箱（甲）、水箱（乙）等共計２８項。,鋼筋混凝土造,114年7月9日,十五層,,
RPSOMLQLJIKGFAB97CC,47,78.12,集合住宅,鋼筋混凝土造,67年8月1日,五層,,
RPVNMLQLJIKGFAB18CC,5,61.37,集合住宅,鋼筋混凝土造,109年11月25日,十五層,,
RPVNMLQLJIKGFAB18CC,5,40.64,本共有部分係依使用執照之建築概要表記載項目有：停車空間、緊急發電機室、消防機房、防空避難室兼停車空間、台電配電室、電錶區、受電箱區、備品室、管委會空間（商場附屬空間）管理、臨停車位區、交誼大廳等共１１項,鋼筋混凝土造,109年11月25日,十五層,,
RPVNMLQLJIKGFAB18CC,5,20.18,本共有部分係依使用執照之建築概要表記載項目有：排煙室、一般昇降機、緊急昇降機、污水機房、水箱、一般安全梯、電信室、景觀機房、特別安全梯、戶外安全梯、梯廳、排煙機房、消防水箱、升降機械室等共１４項。,鋼筋混凝土造,109年11月25日,十五層,,
RPTNMLQLJIKGFCB18CC,31,13.03,住家用,鋼筋混凝土造,84年2月20日,十三層,,
RPQNMLPLJIKGFCB97EC,50,63.14,住家用,加強磚造,64年8月6日,二層,,
RPPNMLPLJIKGFJB58EC,1,53.53,集合住宅,鋼筋混凝土造,113年11月19日,十三層,,
RPPNMLPLJIKGFJB58EC,1,68.79,本共有部分之項目有：防空避難室兼停車空間、台電配電室、車道、排煙室、緊急昇降機、無障礙電梯、無障礙安全梯（丙梯）、水箱、電錶室、電信室、消防機械室、緊急發電機室、雨汙水機房、梯廳、戶外無障礙安全梯、戶外安全梯、公共服務空間、管委會空間、管道間（發電機室排進管道）、樓梯間、水錶室、機械室等２２項,鋼筋混凝土造,113年11月19日,十三層,,
RPUNMLQLJIKGFCB28CC,31,119.73,集合住宅,鋼筋混凝土造,83年9月24日,十四層,,
RPVNMLQLJIKGFCB38CC,30,87.40,住家用,鋼筋混凝土造,84年9月19日,十六層,,
RPUNMLQLJIKGFCB28CC,31,42.91,共用部份,鋼筋混凝土造,83年9月24日,十四層,,
RPVNMLQLJIKGFCB38CC,30,31.01,共用部份,鋼筋混凝土造,84年9月19日,十六層,,
RPWNMLQLJIKGFCB48CC,28,122.43,集合住宅,鋼筋混凝土造,86年11月21日,二十一層,,
RPWNMLQLJIKGFCB48CC,28,52.86,共用部份,鋼筋混凝土造,86年11月21日,二十一層,,
RPXNMLQLJIKGFCB58CC,16,53.18,住家用,鋼筋混凝土造,99年1月12日,二十六層,,
RPXNMLQLJIKGFCB58CC,16,38.96,本共有部分之項目有防空避難室兼停車空間、停車空間、發電機室、門廳、消防機房、垃圾處理空間、昇降設備、梯間、水箱、機房、排煙室、梯廳、進氣管道、排氣管道、特別安全梯、車道、污水機房、電信管道、給水管道、弱電管道、電信室、蓄水池、機械室、台電配電室、泳池噴灌機房、社區游泳池、儲藏室、機坑、防災中心、走廊、中繼水箱、中繼機械室、避難平台等三十二項,鋼筋混凝土造,99年1月12日,二十六層,,
RPQOMLQLJIKGFCB97CC,29,25.35,住家用,鋼筋混凝土造,86年2月3日,十五層,,
RPQOMLQLJIKGFCB97CC,29,2.33,住家用,鋼筋混凝土造,86年2月3日,十五層,,
RPQOMLQLJIKGFCB97CC,29,13.47,共用部份,鋼筋混凝土造,86年2月3日,十五層,,
RPPNMLQLJIKGFFB08CC,3,75.91,集合住宅,鋼筋混凝土造,111年10月6日,十五層,,
RPPNMLQLJIKGFFB08CC,3,15.04,消防機房、機房、水箱、雨水機房、污水機房、安全梯、排風管道、電信室、防空避難室兼停車空間、台電配電室、發電機房、管委會使用空間、水景機房、泳池機房、游泳池、梯廳、風除室、外廊、大廳、警衛室等２０項,鋼筋混凝土造,111年10月6日,十五層,,
RPPNMLQLJIKGFFB08CC,3,21.94,排煙室、升降機、緊急升降機兼無障礙升降機、通風管道、特別安全梯、梯廳、梯廳兼排煙室、走道、電梯機房、水錶室、消防水箱、自來水箱等１２項,鋼筋混凝土造,111年10月6日,十五層,,
RPPNMLQLJIKGFHB28CC,9,57.55,人行道、住宅、停車空間、樓梯間,鋼筋混凝土造,105年7月12日,四層,,
RPRNMLQLJIKGFFB28CC,7,71.72,集合住宅,鋼筋混凝土造,107年9月26日,十五層,,
RPRNMLQLJIKGFFB28CC,7,10.33,梯廳、門廳〈風除室〉、門廊、管委會使用空間〈游泳池〉、電信機房、排風機房、泳池機房、進風機房、消防機房、緊急發電機房、機房、垃圾暫存室、泳池水箱、雨水及汙水機房、防空避難室兼停車空間、車道、機車停車空間。,鋼筋混凝土造,107年9月26日,十五層,,
RPRNMLQLJIKGFFB28CC,7,32.26,防空避難室兼停車空間、停車空間、車道,鋼筋混凝土造,107年9月26日,十五層,,
RPRNMLQLJIKGFFB28CC,7,.64,特別安全梯、台電配電室,鋼筋混凝土造,107年9月26日,十五層,,
RPRNMLQLJIKGFFB28CC,7,21.65,特別安全梯、排煙室、梯廳、水箱、電錶、水錶室、消防水箱、電梯機房、樓梯間,鋼筋混凝土造,107年9月26日,十五層,,
RPRNMLQLJIKGFIB58CC,43,115.29,住商用,加強磚造,72年5月20日,二層,,
RPQNMLQLJIKGFFB18CC,3,54.90,集合住宅,鋼筋混凝土造,111年10月6日,十五層,,
RPQNMLQLJIKGFFB18CC,3,11.17,消防機房、機房、水箱、雨水機房、污水機房、安全梯、排風管道、電信室、防空避難室兼停車空間、台電配電室、發電機房、管委會使用空間、水景機房、泳池機房、游泳池、梯廳、風除室、外廊、大廳、警衛室等２０項,鋼筋混凝土造,111年10月6日,十五層,,
RPQNMLQLJIKGFIB48CC,35,110.46,集合住宅,鋼筋混凝土造,79年11月2日,十層,,
RPQNMLQLJIKGFIB48CC,35,20.62,共有部份,鋼筋混凝土造,79年11月2日,十層,,
RPQNMLQLJIKGFFB18CC,3,14.92,排煙室、升降機、緊急升降機兼無障礙升降機、特別安全梯、梯廳、機房、電梯機房、水錶室、消防水箱、自來水箱等１０項,鋼筋混凝土造,111年10月6日,十五層,,
RPQNMLQLJIKGFFB18CC,3,32.71,停車空間、防空避難室兼停車空間等２項,鋼筋混凝土造,111年10月6日,十五層,,
RPSOMLQLJIKGFCB18CC,6,22.15,招待所（僅對特定對象提供臨時性住宿服務之招待所）,鋼筋混凝土造,109年4月30日,五層,,
RPQNMLQLJIKGFHB38CC,63,46.46,住家用,加強磚造,51年7月1日,一層,,
RPTOMLQLJIKGFCB28CC,6,26.45,招待所（僅對特定對象提供臨時性住宿服務之招待所）,鋼筋混凝土造,109年4月30日,五層,,
RPSNMLQLJIKGFFB38CC,4,65.99,集合住宅,鋼筋混凝土造,111年2月16日,十五層,,
RPSNMLQLJIKGFFB38CC,4,31.19,停車空間、防空避難室兼停車空間等２項。,鋼筋混凝土造,111年2月16日,十五層,,
RPSNMLQLJIKGFFB38CC,4,9.94,梯廳、管理委員會使用空間、大廳、外廊、風除室、廊道、車道、停車場排風管道、機車停車空間、台電配電室、電信室、電錶區、發電機房、水景機房、垃圾儲藏室、景觀機房、停車場進風管道、消防機房、雨水回收機房等１９項。,鋼筋混凝土造,111年2月16日,十五層,,
RPPNMLQLJIKGFIB38CC,30,66.89,集合住宅,鋼筋混凝土造,84年12月22日,十六層,,
RPSNMLQLJIKGFFB38CC,4,20.72,排煙室、昇降機、緊急昇降機、特別安全梯、水箱、梯廳、機械室（水錶室）、機房、電梯機房、消防水箱、屋突水箱、水箱室等１２項。,鋼筋混凝土造,111年2月16日,十五層,,
RPPNMLQLJIKGFIB38CC,30,31.82,共有部份,鋼筋混凝土造,84年12月22日,十六層,,
RPXOMLQLJIKGFCB68CC,29,82.49,集合住宅,鋼筋混凝土造,85年9月23日,十二層,,
RPUOMLQLJIKGFCB38CC,29,70.10,住家用,鋼筋混凝土造,85年6月12日,十八層,,
RPXOMLQLJIKGFCB68CC,29,48.90,共有部份,鋼筋混凝土造,85年9月23日,十二層,,
RPWNMLQLJIKGFIB09CC,1,58.84,集合住宅,鋼筋混凝土造,113年11月27日,十五層,,
RPUOMLQLJIKGFCB38CC,29,23.03,共用部份,鋼筋混凝土造,85年6月12日,十八層,,
RPVOMLQLJIKGFCB48CC,34,89.75,住家用,鋼筋混凝土造,80年7月10日,七層,,
RPWOMLQLJIKGFCB58CC,27,112.55,住家用,鋼筋混凝土造,87年10月9日,十四層,,
RPVOMLQLJIKGFCB48CC,34,32.30,共用部份,鋼筋混凝土造,80年7月10日,七層,,
RPWOMLQLJIKGFCB58CC,27,57.63,共用部份,鋼筋混凝土造,87年10月9日,十四層,,
RPWNMLQLJIKGFIB09CC,1,59.41,防空避難室兼停車空間、排煙室、樓梯間、一般昇降機、緊急昇降機、汙水機房、消防機房、雨水機房、水箱、車道、停車空間、機房、電信室、緊急發電機室、台電配電室、機車停車區、梯廳、門廳、管委會空間（垃圾集中室）、公共服務空間、水錶箱室、電梯機房等２２項。,鋼筋混凝土造,113年11月27日,十五層,,
RPTNMLQLJIKGFIB78CC,4,75.23,集合住宅,鋼筋混凝土造,111年2月23日,十五層,,
RPTNMLQLJIKGFIB78CC,4,71.20,防空避難室兼停車空間、台電配電室、車道、排煙室、昇降機間、樓梯間、水箱、電表區、發電機室、電信室、停車空間、機房、消防機房、外廊、管委會空間、梯廳、資源回收室、門廳、梯間、水錶室、機械室等２１項。,鋼筋混凝土造,111年2月23日,十五層,,
RPTNMLQLJIKGFIB78CC,4,.28,共有部分：雨／污水機械室、管委會空間、資源回收室等３項。,鋼筋混凝土造,111年2月23日,十五層,,
RPSNMLQLJIKGFIB68CC,44,86.10,住家用,鋼筋混凝土造,71年2月20日,五層,,
RPSNMLQLJIKGFIB68CC,44,10.68,共有部份,鋼筋混凝土造,71年2月20日,五層,,
RPSNMLQLJIKGFIB68CC,44,10.97,共有部份,鋼筋混凝土造,71年2月20日,五層,,
RPXNMLQLJIKGFIB56CC,6,43.01,集合住宅,鋼筋混凝土造,109年3月31日,十五層,,
RPXNMLQLJIKGFIB56CC,6,21.82,本共有部分之項目有梯間、樓梯間、機電空間、水箱、停車空間、管委會空間、防空避難室、門廳、梯廳等９項。,鋼筋混凝土造,109年3月31日,十五層,,
RPPNMLQLJIKGFKB58CC,33,10.00,住家用,鋼筋混凝土造,82年3月17日,五層,,
RPQNMLQLJIKGFKB68CC,34,10.00,儲藏室、住房,鋼筋混凝土造,81年2月10日,四層,,
RPSNMLQLJIKGFKB88CC,33,10.00,住家用,鋼筋混凝土造,81年12月29日,四層,,
RPRNMLQLJIKGFKB78CC,32,17.88,住家用,鋼筋混凝土造,82年7月31日,八層,,
RPRNMLQLJIKGFKB78CC,32,7.07,梯間、走道,鋼筋混凝土造,82年7月31日,八層,,
RPPNMLQLJIKGFJB48CC,4,20.78,住宅、停車空間、樓梯間,鋼筋混凝土造,111年1月25日,四層,,
RPRNMLQLJIKGFKB78CC,32,3.52,梯間、水塔、機械房、避難室,鋼筋混凝土造,82年7月31日,八層,,
RPTNMLQLJIKGFKB98CC,30,61.88,住家用,鋼筋混凝土造,85年3月27日,八層,,
RPTNMLQLJIKGFKB98CC,30,19.70,梯間、機械房、水塔、防空避難室,鋼筋混凝土造,85年3月27日,八層,,
RPTNMLQLJIKGFKB98CC,30,6.77,停車空間,鋼筋混凝土造,85年3月27日,八層,,
RPPNMLRLJIKGFAB67CC,43,25.88,住家用,鋼筋混凝土造,71年10月7日,五層,,
RPUNMLRLJIKGFAB18CC,29,24.38,住家用,鋼骨造,86年1月31日,二十八層,,
RPUNMLRLJIKGFAB18CC,29,1.17,共同使用,鋼骨造,86年1月31日,二十八層,,
RPXNMLRLJIKGFAB48CC,44,15.92,住家用,鋼筋混凝土造,70年8月15日,十三層,,
RPRNMLRLJIKGFAB87CC,34,29.16,集合住宅,鋼筋混凝土造,80年11月18日,十二層,,
RPUNMLRLJIKGFAB18CC,29,7.45,公共設施,鋼骨造,86年1月31日,二十八層,,
RPXNMLRLJIKGFAB48CC,44,5.66,梯間、避難室、餐廳、機房,鋼筋混凝土造,70年8月15日,十三層,,
RPUNMLRLJIKGFAB18CC,29,4.55,共有部分,鋼骨造,86年1月31日,二十八層,,
RPQNMLRLJIKGFAB77CC,32,30.87,住家用,鋼筋混凝土造,82年11月2日,十六層,,
RPOOMLRLJIKGFAB67CC,26,123.44,市場．人行道,鋼筋混凝土造,89年5月18日,十四層,,
RPQNMLRLJIKGFAB77CC,32,11.44,管理員辦公室、防空避難室、廣告塔、人行道、停車空間、交誼廳、水塔、機械房、梯間,鋼筋混凝土造,82年11月2日,十六層,,
RPOOMLRLJIKGFAB67CC,26,26.51,共有部分,鋼筋混凝土造,89年5月18日,十四層,,
RPWNMLRLJIKGFAB38CC,31,141.92,住家用,鋼筋混凝土造,83年9月27日,七層,,
RPWNMLRLJIKGFAB38CC,31,56.42,共有部份,鋼筋混凝土造,83年9月27日,七層,,
RPSNMLRLJIKGFAB97CC,30,22.41,集合住宅,鋼骨鋼筋混凝土造,85年1月19日,二十二層,,
RPSNMLRLJIKGFAB97CC,30,2.24,樓梯間．機房．蓄水池,鋼骨鋼筋混凝土造,85年1月19日,二十二層,,
RPSNMLRLJIKGFAB97CC,30,2.53,樓梯間,鋼骨鋼筋混凝土造,85年1月19日,二十二層,,
RPSNMLRLJIKGFAB97CC,30,6.52,防空避難室兼停車空間．走道,鋼骨鋼筋混凝土造,85年1月19日,二十二層,,
RPSNMLRLJIKGFAB97CC,30,8.17,走道,鋼筋混凝土造,85年1月19日,二十二層,,
RPQNMLRLJIKGFBB87CC,55,38.26,住家用,鋼筋混凝土加強磚造,59年8月10日,二層,,
RPRNMLRLJIKGFBB97CC,47,20.34,住商用,加強磚造,67年11月2日,二層,,
RPTNMLRLJIKGFBB18CC,32,75.94,住家用,鋼筋混凝土造,82年12月30日,五層,,
RPTNMLRLJIKGFBB18CC,32,22.41,共有部分,鋼筋混凝土造,82年12月30日,五層,,
RPTNMLRLJIKGFBB18CC,32,10.57,共有部分,鋼筋混凝土造,82年12月30日,五層,,
RPQNMLQLJIKGFIB58DC,52,94.94,住家用,加強磚造,62年12月20日,二層,,
RPSNMLRLJIKGFBB08CC,32,139.76,住家用,鋼筋混凝土造,82年8月18日,十二層,,
RPXNMLRLJIKGFBB58CC,20,47.70,住家用,鋼筋混凝土造,94年12月8日,十八層,,
RPSNMLRLJIKGFBB08CC,32,25.02,共有部份,鋼筋混凝土造,82年8月18日,十二層,,
RPXNMLRLJIKGFBB58CC,20,19.13,共有部分,鋼筋混凝土造,94年12月8日,十八層,,
RPOOMLRLJIKGFBB77CC,28,120.73,住家用,鋼筋混凝土造,86年7月22日,十六層,,
RPOOMLRLJIKGFBB77CC,28,15.68,共有部份,鋼筋混凝土造,86年7月22日,十六層,,
RPOOMLRLJIKGFBB77CC,28,.00,共有部份,鋼筋混凝土造,86年7月22日,十六層,,
RPOOMLRLJIKGFBB77CC,28,.00,共有部份,鋼筋混凝土造,86年7月22日,十六層,,
RPOOMLRLJIKGFBB77CC,28,.00,共有部份,鋼筋混凝土造,86年7月22日,十六層,,
RPOOMLRLJIKGFBB77CC,28,.00,共有部份,鋼筋混凝土造,86年7月22日,十六層,,
RPOOMLRLJIKGFBB77CC,28,.00,共有部份,鋼筋混凝土造,86年7月22日,十六層,,
RPOOMLRLJIKGFBB77CC,28,.00,共有部份,鋼筋混凝土造,86年7月22日,十六層,,
RPOOMLRLJIKGFBB77CC,28,31.25,共有部份,鋼筋混凝土造,86年7月22日,十六層,,
RPVNMLRLJIKGFBB38CC,41,106.91,集合住宅,鋼筋混凝土造,74年3月23日,十三層,,
RPVOMLRLJIKGFAB38CC,44,85.60,住家用,鋼筋混凝土造,71年2月25日,五層,,
RPQOMLRLJIKGFAB87CC,29,30.57,集合住宅,鋼筋混凝土造,85年8月29日,十四層,,
RPSOMLRLJIKGFAB08CC,28,109.69,住家用,鋼筋混凝土造,87年4月21日,八層,,
RPTOMLRLJIKGFAB18CC,31,29.34,住家用,鋼筋混凝土造,83年12月16日,七層,,
RPSOMLRLJIKGFAB08CC,28,40.59,共有部份,鋼筋混凝土造,87年4月21日,八層,,
RPQOMLRLJIKGFAB87CC,29,8.10,共同使用,鋼筋混凝土造,85年8月29日,十四層,,
RPTOMLRLJIKGFAB18CC,31,8.21,機械室．水箱．梯間,鋼筋混凝土造,83年12月16日,七層,,
RPQOMLRLJIKGFAB87CC,29,8.02,共同使用,鋼筋混凝土造,85年8月29日,十四層,,
RPTOMLRLJIKGFAB18CC,31,16.19,共有部份,鋼筋混凝土造,83年12月16日,七層,,
RPPOMLRLJIKGFAB77CC,41,70.36,住家用,鋼筋混凝土造,74年1月3日,七層,,
RPPOMLRLJIKGFAB77CC,41,19.51,梯間、人行道、避難室、陽台、屋頂突出物,鋼筋混凝土造,74年1月3日,七層,,
RPUNMLRLJIKGFBB28CC,30,23.39,住家用,鋼筋混凝土造,84年5月26日,十六層,,
RPUNMLRLJIKGFBB28CC,30,6.79,共有部份,鋼筋混凝土造,84年5月26日,十六層,,
RPUNMLRLJIKGFBB28CC,30,.00,共有部份,鋼筋混凝土造,84年5月26日,十六層,,
RPUNMLRLJIKGFBB28CC,30,8.53,共有部份,鋼筋混凝土造,84年5月26日,十六層,,
RPUNMLRLJIKGFBB28CC,30,.21,共有部份,鋼筋混凝土造,84年5月26日,十六層,,
RPUNMLRLJIKGFBB28CC,30,.00,共有部份,鋼筋混凝土造,84年5月26日,十六層,,
RPWNMLRLJIKGFBB48CC,11,88.70,住家用,鋼筋混凝土造,103年10月22日,十二層,,
RPWNMLRLJIKGFBB48CC,11,55.17,本共有部分係依使用執照之建築概要表記載項目有：停車空間，樓梯間，昇降機間，消防機房，污水機房，水箱，梯廳，防空避難室兼停車空間，台電配電室，緊急發電機室，垃圾集中室，電信室，公共服務空間，車道，門廳，頂蓋型開放空間，機車停車區，外廊等１８項。,鋼筋混凝土造,103年10月22日,十二層,,
RPWNMLRLJIKGFBB48CC,11,27.82,本共有部分係依使用執照之建築概要表記載項目有，昇降機間，梯廳，水箱，電梯機房，樓梯間，梯間等６項,鋼筋混凝土造,103年10月22日,十二層,,
RPUOMLRLJIKGFAB28CC,29,27.49,集合住宅,鋼筋混凝土造,85年6月27日,二十一層,,
RPUOMLRLJIKGFAB28CC,29,14.25,共同使用,鋼筋混凝土造,85年6月27日,二十一層,,
RPPOMLRLJIKGFBB87CC,29,20.46,住家用,鋼筋混凝土造,85年7月15日,十四層,,
RPPOMLRLJIKGFBB87CC,29,6.58,共有部分,鋼筋混凝土造,85年7月15日,十四層,,
RPPOMLRLJIKGFBB87CC,29,7.15,共有部分,鋼筋混凝土造,85年7月15日,十四層,,
RPPOMLRLJIKGFBB87CC,29,15.02,共有部分,鋼筋混凝土造,85年7月15日,十四層,,
RPVPMLRLJIKGFBB58CC,20,48.56,住家用,鋼筋混凝土造,94年12月8日,十八層,,
RPQQMLRLJIKGFBB18CC,41,92.89,集合住宅,鋼筋混凝土造,74年3月23日,十二層,,
RPVPMLRLJIKGFBB58CC,20,19.53,共有部份,鋼筋混凝土造,94年12月8日,十八層,,
RPWOMLRLJIKGFBB58CC,29,27.66,住家用,鋼筋混凝土造,85年5月24日,十六層,,
RPPNMLRLJIKGFCB87CC,32,74.37,住家用,鋼筋混凝土造,83年1月22日,五層,,
RPWOMLRLJIKGFBB58CC,29,8.62,共有部分,鋼筋混凝土造,85年5月24日,十六層,,
RPPNMLRLJIKGFCB87CC,32,19.30,共用部份,鋼筋混凝土造,83年1月22日,五層,,
RPWOMLRLJIKGFBB58CC,29,.00,共有部分,鋼筋混凝土造,85年5月24日,十六層,,
RPWOMLRLJIKGFBB58CC,29,5.91,共有部分,鋼筋混凝土造,85年5月24日,十六層,,
RPQNMLQLJIKGFCB97DC,22,59.05,店舖、人行道,ＲＣ造,92年12月30日,十四層,,
RPQNMLQLJIKGFCB97DC,22,32.56,共用,ＲＣ造,92年12月30日,十四層,,
RPXPMLRLJIKGFBB78CC,1,92.56,集合住宅,鋼筋混凝土造,113年12月28日,十四層,,
RPXPMLRLJIKGFBB78CC,1,36.40,本共有部份係依使用執照之建築概要表記載項目有：門廳、交誼廳、管委會使用空間、守衛室、走廊、外廊、車道、排煙室、緊急用昇降機、昇降機、戶外安全梯、安全梯、梯廳、進風管道、排風管道、梯間、水錶室、機械室、水箱等１９項。,鋼筋混凝土造,113年12月28日,十五層,,
RPXPMLRLJIKGFBB78CC,1,47.37,本共有部份係依使用執照之建築概要表記載項目有：停車空間、車道、排煙室、緊急用昇降機、昇降機、安全梯、消防機房、雨汙水機房、水箱、機房、地下室進風機機房、地下室排風機機房、防空避難室兼停車空間、台電配電室、緊急發電機房、電信機房、景觀機房、電錶區等１８項。,鋼筋混凝土造,113年12月28日,十五層,,
RPPQMLRLJIKGFBB08CC,5,59.53,集合住宅,鋼筋混凝土造,109年6月25日,十二層,,
RPPQMLRLJIKGFBB08CC,5,29.73,本共有部分係依使用執照之建築概要表記載項目有：停車空間，排煙室，樓梯間，昇降機間，消防機房，汙水機房，防空避難室兼停車空間，水箱，雨水機房，台電配電室，緊急發電機室，電信室，機房，梯廳，機車停車區，公設（健身房，交誼廳，宅配室，會議室），垃圾集中室，電梯機房，水錶箱室，無障礙廁所，梯間等２４項。,鋼筋混凝土造,109年6月25日,十二層,,
RPTOMLRLJIKGFBB28CC,29,20.18,住家用,鋼筋混凝土造,85年6月27日,二十四層,,
RPWPMLRLJIKGFBB68CC,50,16.52,住商用,鋼筋混凝土造,65年1月21日,三層,,
RPTOMLRLJIKGFBB28CC,29,1.62,共有部份,鋼筋混凝土造,85年6月27日,二十四層,,
RPTOMLRLJIKGFBB28CC,29,.60,共有部份,鋼筋混凝土造,85年6月27日,二十四層,,
RPTOMLRLJIKGFBB28CC,29,.00,共有部份,鋼筋混凝土造,85年6月27日,二十四層,,
RPUPMLRLJIKGFBB48CC,18,90.43,住家用,鋼筋混凝土造,96年9月29日,十二層,,
RPTOMLRLJIKGFBB28CC,29,7.07,共有部份,鋼筋混凝土造,85年6月27日,二十四層,,
RPUPMLRLJIKGFBB48CC,18,20.94,共有部份,鋼筋混凝土造,96年9月29日,十二層,,
RPTOMLRLJIKGFBB28CC,29,.00,共有部份,鋼筋混凝土造,85年6月27日,二十四層,,
RPUPMLRLJIKGFBB48CC,18,11.00,共有部份,鋼筋混凝土造,96年9月29日,十二層,,
RPTOMLRLJIKGFBB28CC,29,.92,共有部份,鋼筋混凝土造,85年6月27日,二十四層,,
RPSPMLRLJIKGFBB28CC,18,94.57,住家用,鋼筋混凝土造,97年1月22日,十五層,,
RPSPMLRLJIKGFBB28CC,18,29.02,共有部分,鋼筋混凝土造,97年1月22日,十五層,,
RPSPMLRLJIKGFBB28CC,18,20.91,共有部分,鋼筋混凝土造,97年1月22日,十五層,,
RPTPMLRLJIKGFBB38CC,40,85.33,住家用,鋼筋混凝土造,74年10月24日,十層,,
RPSQMLRLJIKGFBB38CC,35,48.82,住家用,鋼筋混凝土造,80年1月11日,五層,,
RPTPMLRLJIKGFBB38CC,40,12.27,人行道，避難室，樓梯間，受電室,鋼筋混凝土造,74年10月24日,十層,,
RPQOMLRLJIKGFBB97CC,28,86.19,住家用,鋼筋混凝土造,86年6月28日,十五層,,
RPSQMLRLJIKGFBB38CC,35,35.43,共有部份,鋼筋混凝土造,80年1月11日,五層,,
RPQOMLRLJIKGFBB97CC,28,21.23,共有部分,鋼筋混凝土造,86年6月28日,十五層,,
RPQOMLRLJIKGFBB97CC,28,10.61,共有部分,鋼筋混凝土造,86年6月28日,十五層,,
RPSOMLRLJIKGFBB18CC,31,83.80,住家用,鋼筋混凝土造,83年8月24日,十七層,,
RPSOMLRLJIKGFBB18CC,31,40.54,共有部分,鋼筋混凝土造,83年8月24日,十七層,,
RPQNMLRLJIKGFCB97CC,15,247.73,住家用,鋼筋混凝土造,99年10月21日,二十六層,,
RPUOMLRLJIKGFBB38CC,32,51.02,住家用,鋼筋混凝土造,83年4月30日,九層,,
RPQNMLRLJIKGFCB97CC,15,13.37,本共有部分係依使用執照之建築概要表記載項目有管委會使用空間、非營業用社區游泳池、梯廳、特別安全梯、緊急昇降梯間、排煙室、儲藏室、守衛室、門廳、公共服務空間、車道、防災中心、頂蓋型廣場式開放空間、中繼機房、緊急昇降機間、水錶箱、樓梯間、電梯機房、水箱等１９項。,鋼筋混凝土造,99年10月21日,二十八層,,
RPQNMLRLJIKGFCB97CC,15,56.45,本共有部分係依使用執照之建築概要表記載項目有管委會使用空間、梯廳、特別安全梯、排煙室、儲藏室、門廳、防災中心、頂蓋型廣場式開放空間、中繼機房、機房、緊急昇降機間、空調機房、水錶箱、樓梯間、電梯機房、水箱、公共陽台等１７項。,鋼筋混凝土造,99年10月21日,二十八層,,
RPQNMLRLJIKGFCB97CC,15,97.02,本共有部分係依使用執照之建築概要表記載項目有防空避難室兼停車空間、停車空間、電信機房、台電配電室、消防機房、管委會使用空間、電錶箱室、發電機室、水箱、梯廳、排煙室、特別安全梯、緊急昇降梯間、排氣室、機械室、環保室、儲藏室、污水機房等１８項。,鋼筋混凝土造,99年10月21日,二十八層,,
RPUOMLRLJIKGFBB38CC,32,13.12,見其他登記事項,鋼筋混凝土造,83年4月30日,九層,,
RPVOMLRLJIKGFBB48CC,20,60.12,住家用,鋼筋混凝土造,94年12月8日,十八層,,
RPVOMLRLJIKGFBB48CC,20,24.05,共有部份,鋼筋混凝土造,94年12月8日,十八層,,
RPPPMLRLJIKGFBB97CC,4,105.37,集合住宅,鋼筋混凝土造,111年1月22日,十四層,,
RPPPMLRLJIKGFBB97CC,4,50.86,本共有部分係依使用執照之建築概要表記載項目有：防空避難室兼停車空間，排煙室，樓梯間，昇降機間，水箱，消防機房，汙水機房，車道，停車空間，電信室，緊急發電機室，台電配電室，門廳，梯廳，管委會使用空間，垃圾集中室，梯間，水錶箱室，電梯機房等１９項。,鋼筋混凝土造,111年1月22日,十五層,,
RPOOMLRLJIKGFCB87CC,33,109.41,住家用,鋼筋混凝土造,82年4月26日,八層,,
RPOOMLRLJIKGFCB87CC,33,28.00,共用部份,鋼筋混凝土造,82年4月26日,八層,,
RPUNMLRLJIKGFCB38CC,27,209.24,人行道、停車空間、店舖、住宅、空調機房,鋼筋混凝土造,87年9月7日,四層,,
RPRNMLRLJIKGFFB38CC,2,66.12,集合住宅,鋼筋混凝土造,112年11月20日,二十四層,,
RPSNMLRLJIKGFCB18CC,28,38.47,住家用,鋼筋混凝土造,86年11月21日,十二層,,
RPUOMLRLJIKGFCB48CC,4,19.76,店鋪、住宅、機械室、樓梯間、水塔室,鋼筋混凝土造,111年5月25日,五層,,
RPRNMLRLJIKGFFB38CC,2,33.59,防空避難室兼停車空間、排煙室、水箱、車道、消防機械室、雨污水機房、緊急昇降機行動不便者、一般昇降機、安全梯、停車空間、消防中繼水箱、消防中繼機械室、台電配電室、電信室、發電機室、水景機房、泳池機房、機車停車空間、特別安全梯、管委會使用空間、走廊、垃圾暫存室、防災中心、梯廳、水錶室、消防中繼機房、機械室等２７項。,鋼筋混凝土造,112年11月20日,二十四層,,
RPSNMLRLJIKGFCB18CC,28,9.87,共有部份,鋼筋混凝土造,86年11月21日,十二層,,
RPSNMLRLJIKGFCB18CC,28,14.99,共有部份,鋼筋混凝土造,86年11月21日,十二層,,
RPSNMLRLJIKGFCB18CC,28,13.94,共有部份,鋼筋混凝土造,86年11月21日,十二層,,
RPPOMLRLJIKGFCB97CC,16,45.25,住家用,鋼筋混凝土造,98年8月13日,二十六層,,
RPTOMLRLJIKGFCB38CC,29,63.71,住家用,鋼筋混凝土造,85年12月14日,十四層,,
RPPOMLRLJIKGFCB97CC,16,3.80,共有,鋼筋混凝土造,98年8月13日,二十六層,,
RPTOMLRLJIKGFCB38CC,29,19.21,共用部份,鋼筋混凝土造,85年12月14日,十四層,,
RPPOMLRLJIKGFCB97CC,16,17.80,共有,鋼筋混凝土造,98年8月13日,二十六層,,
RPQNMLRLJIKGFDB08CC,40,248.05,住商用,鋼筋混凝土造,74年9月10日,三層,,
RPSOMLRLJIKGFCB28CC,34,45.48,住家用,鋼筋混凝土造,80年12月6日,十二層,,
RPSOMLRLJIKGFCB28CC,34,35.16,共有部份,鋼筋混凝土造,80年12月6日,十二層,,
RPPNMLRLJIKGFDB97CC,40,134.14,住家用,加強磚造,74年10月24日,二層,,
RPSNMLRLJIKGFFB48CC,1,89.13,集合住宅,鋼筋混凝土造,113年11月6日,十五層,,
RPSNMLRLJIKGFFB48CC,1,49.83,停車空間、防空避難室兼停車空間、管委會空間、梯廳、排煙室、垃圾貯藏室、戶外安全梯,鋼筋混凝土造,113年11月6日,十五層,,
RPSNMLRLJIKGFFB48CC,1,18.09,梯廳、排煙室、樓梯間、水錶室、消防水箱、電梯機房、水箱、戶外安全梯,鋼筋混凝土造,113年11月6日,十五層,,
RPPNMLRLJIKGFFB18CC,7,78.04,集合住宅,鋼筋混凝土造,107年9月26日,十五層,,
RPPNMLRLJIKGFFB18CC,7,11.10,梯廳、門廳〈風除室〉、門廊、管委會使用空間〈游泳池〉、電信機房、排風機房、泳池機房、進風機房、消防機房、緊急發電機房、機房、垃圾暫存室、泳池水箱、雨水及汙水機房、防空避難室兼停車空間、車道、機車停車空間。,鋼筋混凝土造,107年9月26日,十五層,,
RPPNMLRLJIKGFFB18CC,7,32.26,防空避難室兼停車空間、停車空間、車道,鋼筋混凝土造,107年9月26日,十五層,,
RPPNMLRLJIKGFFB18CC,7,.69,特別安全梯、台電配電室,鋼筋混凝土造,107年9月26日,十五層,,
RPPNMLRLJIKGFFB18CC,7,21.58,特別安全梯、排煙室、梯廳、水箱、電錶、消防水箱、電梯機房、樓梯間,鋼筋混凝土造,107年9月26日,十五層,,
RPQNMLRLJIKGFHB48CC,2,58.35,樓梯間、店舖、住宅,鋼筋混凝土造,113年1月26日,五層,,
RPWOMLRLJIKGFCB68CC,32,14.01,住家用,鋼筋混凝土造,82年8月28日,六層,,
RPWOMLRLJIKGFCB68CC,32,22.51,共有部份,鋼筋混凝土造,82年8月28日,六層,,
RPUNMLRLJIKGFIB98CC,12,90.03,集合住宅,鋼筋混凝土造,103年5月19日,十二層,,
RPTNMLRLJIKGFIB88CC,42,95.41,集合住宅、梯間,鋼筋混凝土造,72年12月9日,五層,,
RPUNMLRLJIKGFIB98CC,12,70.44,本共有部分之項目有：停車空間、梯廳、樓梯間、昇降機間、消防機房、污水機房、水箱、防空避難室兼停車空間、緊急發電機室、台電配電室、受電箱室、電信室、門廳、車道、外廊、公共服務空間、廣場型開放空間〈頂蓋型〉、梯間、電梯機房、機房、沿街步道型開放空間〈頂蓋型〉、垃圾集中處等２２項。,鋼筋混凝土造,103年5月19日,十二層,,
RPTNMLRLJIKGFIB88CC,42,1.33,共有部份,鋼筋混凝土造,72年12月9日,五層,,
RPPNMLRLJIKGFJB58CC,34,94.42,集合住宅,鋼筋混凝土造,80年12月5日,十層,,
RPUNMLRLJIKGFHB88CC,30,69.50,住家用,鋼筋混凝土造,84年11月28日,五層,,
RPPNMLRLJIKGFJB58CC,34,20.70,共用部份,鋼筋混凝土造,80年12月5日,十層,,
RPUNMLRLJIKGFHB88CC,30,10.69,共用部份,鋼筋混凝土造,84年11月28日,五層,,
RPPNMLRLJIKGFIB48CC,30,45.74,集合住宅,鋼筋混凝土造,84年12月22日,十六層,,
RPPNMLRLJIKGFIB48CC,30,32.95,共有部份,鋼筋混凝土造,84年12月22日,十六層,,
RPTPMLRLJIKGFIB09CC,16,55.70,集合住宅,鋼筋混凝土造,98年10月15日,十四層,,
RPTPMLRLJIKGFIB09CC,16,37.33,發電機室、消防機房、污水機房、蓄水池、台電受電室、電信室、防空避難室及停車空間、門廊、門廳、管理室、梯間、機械室、水箱、造型牆、社區公共空間等１５項,鋼筋混凝土造,98年10月15日,十四層,,
RPRNMLRLJIKGFHB58CC,2,58.35,樓梯間、店舖、住宅,鋼筋混凝土造,113年1月26日,五層,,
RPTNMLRLJIKGFHB78CC,30,79.69,住家用,鋼筋混凝土造,84年7月19日,七層,,
RPTNMLRLJIKGFHB78CC,30,26.03,共用部份,鋼筋混凝土造,84年7月19日,七層,,
RPRNMLRLJIKGFIB68CC,46,83.78,住家用,鋼筋混凝土造,68年12月13日,五層,,
RPXOMLRLJIKGFIB76CC,4,37.63,集合住宅,鋼筋混凝土造,110年6月21日,十四層,,
RPQNMLRLJIKGFJB68CC,1,54.59,集合住宅,鋼筋混凝土造,113年7月1日,十五層,,
RPQNMLRLJIKGFJB68CC,1,56.97,本共有部分之項目有防空避難室兼停車空間、消防機房、雨汙水機房、水箱、緊急昇降機間兼排煙室、室內安全梯、車道、停車空間、電信機房、室內安全梯、緊急發電機室、台電配電室、電錶室、景觀泳池機房、變電室、機械室、管委會空間、走廊、梯廳、垃圾貯存空間、公共服務空間、游泳池、門廳、戶外安全梯、水錶室等、電梯機房等２６項,鋼筋混凝土造,113年7月1日,十五層,,
RPXNMLRLJIKGFFB98CC,19,22.05,住家用,鋼筋混凝土造,96年1月9日,五層,,
RPUOMLRLJIKGFFB78CC,33,158.76,住家用,ＲＣ構架造,81年6月1日,三層,,
RPXNMLRLJIKGFFB98CC,19,.72,水箱、梯間,鋼筋混凝土造,96年1月9日,五層,,
RPXNMLRLJIKGFFB98CC,19,5.41,住家用,鋼筋混凝土造,96年1月9日,五層,,
RPPOMLRLJIKGFFB28CC,35,30.00,住家用,加強磚造,80年5月1日,二層,,
RPTOMLRLJIKGFFB68CC,43,84.82,住家用,鋼筋混凝土造,72年4月5日,五層,,
RPVOMLRLJIKGFFB88CC,16,26.16,住家用,Ｒ‧Ｃ鋼筋混凝土造,98年8月6日,九層,,
RPTOMLRLJIKGFFB68CC,43,6.61,梯間,鋼筋混凝土造,72年4月5日,五層,,
RPVOMLRLJIKGFFB88CC,16,14.55,人行道，防空避難室，停車空間，社區管理室，梯間，水箱,Ｒ‧Ｃ鋼筋混凝土造,98年8月6日,九層,,
RPTNMLRLJIKGFFB58CC,44,127.16,住商用,加強磚造,70年6月30日,二層,,
RPQNMLSLJIKGFAB87CC,46,35.19,住商用,鋼筋混凝土造,68年10月30日,五層,,
RPQOMLRLJIKGFFB38CC,6,89.71,集合住宅,鋼筋混凝土造,109年1月10日,十五層,,
RPQOMLRLJIKGFFB38CC,6,69.10,停車空間、樓梯間、昇降機間、排煙室、水箱、污水機房、消防機房、車道、機房、電信室、緊急發電機室、防空避難室兼停車空間、台電配電室、機車停車區、梯廳、垃圾集中室、管委會使用空間、門廳、外廊、電梯機房、梯間。,鋼筋混凝土造,109年1月10日,十五層,,
RPRNMLRLJIKGFJB78CC,33,87.36,集合住宅,鋼筋混凝土造,82年1月18日,十一層,,
RPRNMLRLJIKGFJB78CC,33,8.19,防空避難室、人行道、機械室、梯間、停車場、車道、水箱,鋼筋混凝土造,82年1月18日,十一層,,
RPPNMLRLJIKGFKB68CC,13,177.70,住宅、樓梯間,鋼筋混凝土造,102年3月26日,三層,,
RPTNMLSLJIKGFAB18CC,30,47.00,集合住宅,鋼筋混凝土造,84年12月11日,五層,,
RPTNMLSLJIKGFAB18CC,30,12.33,梯間，水塔,鋼筋混凝土造,84年12月11日,五層,,
RPQNMLSLJIKGFBB97CC,19,77.95,住家用,鋼筋混凝土造,96年1月29日,十三層,,
RPQNMLSLJIKGFBB97CC,19,28.99,共有部份,鋼筋混凝土造,96年1月29日,十三層,,
RPPNMLSLJIKGFBB87CC,10,80.20,集合住宅,鋼筋混凝土造,104年12月28日,十四層,,
RPPNMLSLJIKGFBB87CC,10,46.39,本共有部份係依使用執照之建築概要表記載項目有停車空間，一般安全梯，緊急昇降機，消防機房，機械室，太陽能設備室，防空避難室兼停車空間，台電配電室，緊急發電機室，電信機房，頂蓋型開放空間，門廳，公共服務空間，車道，景觀機房，管委會使用空間，梯廳，排煙室，水箱，泳池設備機房，電錶室，坡道，雨水回收機房，資源回收室，公共管道間：等２５項。,鋼筋混凝土造,104年12月28日,十四層,,
RPPNMLSLJIKGFBB87CC,10,16.15,本共有部份係依使用執照之建築概要表記載項目有：緊急昇降機，排煙室，梯廳，水箱，電梯機房，水錶室，太陽能設備室，一般安全梯等８項。,鋼筋混凝土造,104年12月28日,十四層,,
RPRNMLSLJIKGFAB97CC,46,110.67,店房，住房，人行道,加強磚造,68年8月9日,二層,,
RPSNMLSLJIKGFBB18CC,44,35.24,住家用,鋼筋混凝土造,70年8月14日,十一層,,
RPRNMLSLJIKGFBB08CC,30,18.29,住家用,鋼筋混凝土造,84年6月7日,二十一層,,
RPRNMLSLJIKGFBB08CC,30,11.54,共有部分,鋼筋混凝土造,84年6月7日,二十一層,,
RPPOMLSLJIKGFAB87CC,31,23.56,住家用,鋼筋混凝土造,84年1月13日,十九層,,
RPPOMLSLJIKGFAB87CC,31,3.84,共有部分,鋼筋混凝土造,84年1月13日,十九層,,
RPTNMLSLJIKGFBB28CC,31,23.68,住家用,鋼筋混凝土造,83年7月19日,四層,,
RPPOMLSLJIKGFAB87CC,31,8.42,梯間．水箱．機械室,鋼筋混凝土造,84年1月13日,十九層,,
RPOPMLSLJIKGFAB87CC,43,48.20,商業用,鋼筋混凝土造,72年5月9日,八層,,
RPTOMLSLJIKGFAB28CC,68,51.07,住家用,磚造,46年7月4日,一層,,
RPTPMLSLJIKGFAB38CC,28,114.70,住家用,鋼筋混凝土造,86年9月25日,十八層,,
RPTPMLSLJIKGFAB38CC,28,19.65,共同使用,鋼筋混凝土造,86年9月25日,十八層,,
RPQOMLSLJIKGFAB97CC,31,23.31,住家用,鋼筋混凝土造,84年1月13日,十九層,,
RPTPMLSLJIKGFAB38CC,28,11.53,共有部份,鋼筋混凝土造,86年9月25日,十八層,,
RPQOMLSLJIKGFAB97CC,31,3.84,共有部分,鋼筋混凝土造,84年1月13日,十九層,,
RPQOMLSLJIKGFAB97CC,31,8.40,梯間．水箱．機械室,鋼筋混凝土造,84年1月13日,十九層,,
RPOOMLSLJIKGFAB77CC,46,103.11,住家用,鋼筋混凝土造,68年9月7日,五層,,
RPUPMLSLJIKGFAB48CC,29,27.60,住家用,鋼筋混凝土造,86年4月28日,十九層,,
RPUPMLSLJIKGFAB48CC,29,1.47,共同使用,鋼筋混凝土造,86年4月28日,十九層,,
RPXNMLSLJIKGFAB58CC,29,25.30,住家用,鋼骨造,86年1月31日,二十八層,,
RPUPMLSLJIKGFAB48CC,29,8.52,共同使用,鋼筋混凝土造,86年4月28日,十九層,,
RPXNMLSLJIKGFAB58CC,29,.92,共同使用,鋼骨造,86年1月31日,二十八層,,
RPUPMLSLJIKGFAB48CC,29,5.43,共有部份,鋼筋混凝土造,86年4月28日,十九層,,
RPSOMLSLJIKGFAB18CC,21,29.26,人行道，補習班，住房，機械室，停車空間，樓梯間，電梯間,鋼筋混凝土造,93年9月10日,五層,,
RPXNMLSLJIKGFAB58CC,29,7.69,公共設施,鋼骨造,86年1月31日,二十八層,,
RPXNMLSLJIKGFAB58CC,29,3.48,共有部份,鋼骨造,86年1月31日,二十八層,,
RPWPMLSLJIKGFAB68CC,32,56.51,商業用,鋼筋混凝土造,82年8月27日,七層,,
RPWPMLSLJIKGFAB68CC,32,10.65,走道,鋼筋混凝土造,82年8月27日,七層,,
RPOOMLSLJIKGFBB87CC,1,82.84,集合住宅,鋼筋混凝土造,113年6月5日,十五層,,
RPWPMLSLJIKGFAB68CC,32,3.52,樓梯間，停車空間，防空避難室，機械室，機房，水箱,鋼筋混凝土造,82年8月27日,七層,,
RPOOMLSLJIKGFBB87CC,1,68.35,本共有部份係依使用執照之建築概要表記載項目有：防空避難室兼停車空間，水箱，排煙室，樓梯間，緊急昇降機，一般昇降機，消防機房，雨水機房，機房，緊急發電機室，停車空間，台電配電室，電信室，機車停車空間，梯廳，機電設備空間，頂蓋型開放空間，管委會使用空間，公共服務空間，走廊，資源回收中心，游泳池，梯間，電梯機房，水錶箱室等２５項,鋼筋混凝土造,113年6月5日,十五層,,
RPPOMLSLJIKGFBB97CC,10,81.50,集合住宅,鋼筋混凝土造、鋼骨造,104年12月24日,十二層,,
RPPOMLSLJIKGFBB97CC,10,55.07,本共有部分係依使用執照之建築概要表記載項目有：停車空間兼防空避難室．安全梯．台電配電室．車道．無障礙昇降機機道．昇降機間．雨污水機房．水箱．消防機房．電錶室．梯廳．發電機室．停車空間．管委會使用空間．電信室．戶外安全梯．水錶室．機械室等十八項。,鋼筋混凝土造，鋼骨造,104年12月24日,十二層,,
RPROMLSLJIKGFAB08CC,31,23.56,住家用,鋼筋混凝土造,84年1月13日,十九層,,
RPROMLSLJIKGFAB08CC,31,3.64,共有部分,鋼筋混凝土造,84年1月13日,十九層,,
RPUNMLSLJIKGFBB38CC,30,94.39,住家用,鋼筋混凝土造,84年11月20日,十四層,,
RPROMLSLJIKGFAB08CC,31,8.91,梯間．水箱．機械室,鋼筋混凝土造,84年1月13日,十九層,,
RPUNMLSLJIKGFBB38CC,30,22.54,共有部分,鋼筋混凝土造,84年11月20日,十四層,,
RPQOMLSLJIKGFBB08CC,34,38.67,住家用,鋼筋混凝土造,80年10月21日,七層,,
RPQOMLSLJIKGFBB08CC,34,.88,共有部分,鋼筋混凝土造,80年10月21日,七層,,
RPTOMLSLJIKGFBB38CC,10,81.50,集合住宅,鋼筋混凝土造、鋼骨造,104年12月24日,十二層,,
RPTOMLSLJIKGFBB38CC,10,55.07,本共有部分係依使用執照之建築概要表記載項目有：停車空間兼防空避難室．安全梯．台電配電室．車道．無障礙昇降機機道．昇降機間．雨污水機房．水箱．消防機房．電錶室．梯廳．發電機室．停車空間．管委會使用空間．電信室．戶外安全梯．水錶室．機械室等十八項。,鋼筋混凝土造，鋼骨造,104年12月24日,十二層,,
RPUOMLSLJIKGFBB48CC,3,59.66,集合住宅,鋼筋混凝土造,112年3月14日,十五層,,
RPUOMLSLJIKGFBB48CC,3,18.57,本共有部分係依使用執照之建築概要表記載項目有：管委會使用空間，門廳，戶外安全梯，梯廳，排煙室，昇降機道，垃圾集中貯存空間，走廊，水錶室，梯間，機械室，水箱等１２項。,鋼筋混凝土造,112年3月14日,十五層,,
RPPNMLSLJIKGFCB97CC,45,80.38,住家用,鋼筋混凝土造,70年4月1日,五層,,
RPUOMLSLJIKGFBB48CC,3,43.48,本共有部分係依使用執照之建築概要表記載項目有：防空避難室兼停車空間，車道，消防機械室，污水機械室，雨水機械室，水箱，梯廳，排煙室，昇降機道，安全梯，停車空間，台電配電室，電信室，發電機室，機械室，景觀機械室等１６項。,鋼筋混凝土造,112年3月14日,十五層,,
RPSNMLSLJIKGFCB28CC,18,194.26,店舖、人行道、辦公室,鋼筋混凝土造,96年9月27日,十三層,,
RPSNMLSLJIKGFCB28CC,18,46.32,共用,鋼筋混凝土造,96年9月27日,十三層,,
RPROMLSLJIKGFCB28CC,15,48.77,住家用,鋼筋混凝土造,99年11月19日,二十四層,,
RPWNMLSLJIKGFCB68CC,29,60.18,住家用,鋼筋混凝土造,85年9月26日,九層,,
RPROMLSLJIKGFCB28CC,15,35.90,本共有部分之項目有停車空間、消防機房、污水機房、揚水機房、水箱、排煙室、梯廳、樓梯間、昇降機間、防空避難室兼停車空間、防災中心、台電配電室、電信室、緊急發電機房、電錶箱室、門廳、管委會空間、中繼機房、屋頂平台、電梯機房、機房等二十一項,鋼筋混凝土造,99年11月19日,二十四層,,
RPWNMLSLJIKGFCB68CC,29,38.79,共有部份,鋼筋混凝土造,85年9月26日,九層,,
RPTNMLSLJIKGFCB38CC,13,41.89,住家用,鋼筋混凝土造,101年11月21日,十四層,,
RPTNMLSLJIKGFCB38CC,13,36.97,本共有部分係依使用執照之建築概要表記載項目有：防空避難室兼停車空間、停車空間、電信室、台電配電室、受電箱、梯間、車道、發電機室、消防機械室、水箱、公共服務空間、門廳、有頂蓋開放空間、門廊、中央管理室兼防災中心（守衛室）等１５項。,鋼筋混凝土造,101年11月21日,十四層,,
RPTNMLSLJIKGFCB38CC,13,17.47,本共有部分係依使用執照之建築概要表記載項目有：機械室、排煙室、梯廳、安全梯、走廊、水箱、樓梯間等７項。,鋼筋混凝土造,101年11月21日,十四層,,
RPUOMLSLJIKGFCB58CC,20,17.56,住家用,鋼筋混凝土造,94年12月20日,十層,,
RPUOMLSLJIKGFCB58CC,20,4.65,共用,鋼筋混凝土造,94年12月20日,十層,,
RPRNMLSLJIKGFCB18CC,19,11.00,住家用,鋼筋混凝土造,95年6月28日,十層,,
RPUOMLSLJIKGFCB58CC,20,5.10,共用,鋼筋混凝土造,94年12月20日,十層,,
RPVNMLSLJIKGFCB58CC,31,13.00,住商用,鋼筋混凝土造,83年8月23日,六層,,
RPXOMLSLJIKGFCB88CC,31,58.18,住家用,鋼筋混凝土造,83年12月27日,十四層,,
RPXOMLSLJIKGFCB88CC,31,9.41,共有部份,鋼筋混凝土造,83年12月27日,十四層,,
RPWOMLSLJIKGFCB78CC,32,67.61,住家用,鋼筋混凝土造,83年4月26日,十二層,,
RPWOMLSLJIKGFCB78CC,32,18.57,共用部份,鋼筋混凝土造,83年4月26日,十二層,,
RPPNMLSLJIKGFDB08CC,44,18.90,住商用,鋼筋混凝土造,70年5月25日,三層,,
RPQNMLSLJIKGFFB38CC,6,84.34,集合住宅,鋼筋混凝土造,108年12月10日,十層,,
RPQNMLSLJIKGFFB38CC,6,76.73,防空避難室兼停車空間、污雨水機械室、消防機械室、水箱、梯廳、排煙室、昇降機間、停車空間、台電配電室、機械室、電信室、發電機室、管委會使用空間、垃圾室、車道、走廊、梯間、水錶室,鋼筋混凝土造,108年12月10日,十層,,
RPRNMLSLJIKGFFB48CC,,56.99,集合住宅,鋼筋混凝土造,114年6月6日,二十八層,,
RPRNMLSLJIKGFFB48CC,,15.31,排煙室、昇降機、無障礙安全梯、特別安全梯、無障礙樓梯、梯廳兼排煙室、梯廳、管委會空間、中繼機房、中繼水箱、電梯間、水錶室、樓梯間、電梯機房、機電空間、水箱、安全梯、水箱機房、消防水箱等１９項,鋼筋混凝土造,114年6月6日,二十八層,,
RPRNMLSLJIKGFFB48CC,,37.90,消防機房、雨水回收機房、車道、機房、水箱、停車空間、進風管道、公共水箱、防空避難室兼停車空間、台電配電室、發電機房、泳池水箱、公共電氣室、機車車道、管委會使用空間、昇降機、大廳、梯廳、警衛室、儲藏室、風除室、排風機房、防災中心、電信室、垃圾暫存室、附屬社區共用空間、附屬共用廚房、機電設備空間、電梯間、設備空間、泳池機房、景觀機房、游泳池、管委會空間、樓電梯間、機電空間、樓梯間等３７項,鋼筋混凝土造,114年6月6日,二十八層,,
RPVPMLSLJIKGFCB78CC,38,51.60,住家用,鋼筋混凝土造,76年8月31日,五層,,
RPVPMLSLJIKGFCB78CC,38,11.13,共用部份,鋼筋混凝土造,76年8月31日,五層,,
RPOPMLSLJIKGFCB08CC,6,58.30,集合住宅,鋼筋混凝土造,108年6月11日,十一層,,
RPOPMLSLJIKGFCB08CC,6,30.04,本共有部分係依使用執照之建築概要表記仔項目有：停車空間、樓電梯間、梯廳、消防機房、水箱、防空避難室兼停車空間、台電配電室、發電機室、電信室、管委會空間、梯廳兼走廊、儲藏室、機械室、戶外安全梯等１４項。,鋼筋混凝土造,108年6月11日,十一層,,
RPPPMLSLJIKGFCB18CC,29,89.39,集合住宅,鋼筋混凝土造,85年9月23日,十二層,,
RPWPMLSLJIKGFCB88CC,38,51.60,住家用,鋼筋混凝土造,76年8月31日,五層,,
RPROMLSLJIKGFIB88CC,5,56.06,集合住宅,鋼筋混凝土造,109年7月13日,十五層,,
RPRNMLSLJIKGFIB78CC,16,83.50,集合住宅,鋼筋混凝土造,98年10月15日,十四層,,
RPPPMLSLJIKGFCB18CC,29,48.90,共用部份,鋼筋混凝土造,85年9月23日,十二層,,
RPWPMLSLJIKGFCB88CC,38,11.13,共用部份,鋼筋混凝土造,76年8月31日,五層,,
RPROMLSLJIKGFIB88CC,5,55.92,本共有部分之項目有停車空間、排煙室、樓梯間、昇降機間、梯廳、消防機房、汙水機房、水箱、機房、防空避難室兼停車空間、水錶箱室、緊急發電機室、台電配電室、電信室、門廳、管委會空間、車道、梯間、電梯機房、垃圾集中室、廣場式開放空間（頂蓋型）、公共使用空間等２２項。,鋼筋混凝土造,109年7月13日,十五層,,
RPRNMLSLJIKGFIB78CC,16,35.55,發電機室、消防機房、污水機房、蓄水池、台電受電室、電信室、防空避難室及停車空間、門廊、門廳、管理室、梯間、機械室、水箱、造型牆、社區公共空間等１５項,鋼筋混凝土造,98年10月15日,十四層,,
RPPNMLSLJIKGFJB68CC,13,90.95,集合住宅,鋼筋混凝土造,102年4月1日,十二層,,
RPPNMLSLJIKGFJB68CC,13,37.82,防空避難室兼停車空間、機房、水箱、台電配電室、停車空間、梯間、機械室、電信室、發電機室、開放空間、管理室、社區公共服務空間,鋼筋混凝土造,102年4月1日,十二層,,
RPPNMLSLJIKGFIB58CC,35,114.86,集合住宅,鋼筋混凝土造,80年3月31日,七層,,
RPPNMLSLJIKGFIB58CC,35,30.55,共有部份,鋼筋混凝土造,80年3月31日,七層,,
RPQNMLSLJIKGFIB68CC,1,33.65,集合住宅,鋼筋混凝土造,114年5月8日,七層,,
RPQNMLSLJIKGFIB68CC,1,20.28,本共有部分係依使用執照之建築概要表記載項目有：法定防空避難室、台電配電室、自來水箱間、電信機房、消防機房、污水機房、走廊、安全梯間、停車空間、管委會空間、梯廳、水錶室、水箱等１３項。,鋼筋混凝土造,114年5月8日,七層,,
RPQNMLSLJIKGFJB78CC,49,99.20,住商用,加強磚造,66年1月12日,二層,,
RPRNMLSLJIKGFJB88CC,17,9.09,辦公室,鋼筋混凝土造,97年7月7日,四層,,
RPRNMLSLJIKGFJB88CC,17,5.96,緊急發電機、台電受電室、機械室、人行道、梯間、消防幫泵室、水箱,鋼筋混凝土造,97年7月7日,四層,,
RPVNMLSLJIKGFJB66CC,12,66.80,集合住宅,鋼筋混凝土造,102年7月18日,十四層,,
RPVNMLSLJIKGFJB66CC,12,65.81,共有部分（停車空間、樓梯間、昇降機間、污水機房、消防機房、梯廳、車道、電信室、水箱、防空避難室兼停車空間、緊急發電機室、台電配電室、垃圾集中處、受電箱室、機房、門廳、門廊、基地內通路、開放空間、公共服務空間、環保室、機車停車區、游泳池、電梯機房）,鋼筋混凝土造,102年7月18日,十四層,,
RPPNMLSLJIKGFKB78CC,33,10.00,住家用,鋼筋混凝土造,81年12月29日,四層,,
RPSNMLSLJIKGFKB09CC,21,180.64,停車空間、住宅,鋼筋混凝土造,94年1月5日,四層,,
RPWNMLSLJIKGFJB76CC,32,85.16,集合住宅,鋼筋混凝土造,83年4月26日,十五層,,
RPWNMLSLJIKGFJB76CC,32,10.39,共用部份,鋼筋混凝土造,83年4月26日,十五層,,
RPTNMLSLJIKGFKB56CC,45,77.22,住家用,加強磚造,69年8月10日,四層,,
RPQNMLLJKIKGFAB07CC,29,27.49,集合住宅,鋼筋混凝土造,85年6月27日,二十一層,,
RPQNMLLJKIKGFAB07CC,29,14.25,共同使用,鋼筋混凝土造,85年6月27日,二十一層,,
RPWNMLSLJIKGFKB86CC,33,17.14,住家用,鋼筋混凝土造,82年4月25日,六層,,
RPXNMLSLJIKGFKB96CC,37,16.54,住家用,鋼筋混凝土造,77年9月10日,五層,,
RPOOMLSLJIKGFKB78CC,46,39.90,住商用,加強磚造,69年5月9日,三層,,
RPWNMLSLJIKGFKB86CC,33,4.40,住家用,鋼筋混凝土造,82年4月25日,六層,,
RPXNMLSLJIKGFKB96CC,37,3.03,梯間及走道,鋼筋混凝土造,77年9月10日,五層,,
RPPNMLTLJIKGFCB08CC,12,34.44,住宅、樓梯間,鋼筋混凝土造,102年7月23日,四層,,
RPWNMLSLJIKGFKB86CC,33,5.56,住家用,鋼筋混凝土造,82年4月25日,六層,,
RPPNMLLJKIKGFAB96CC,32,106.12,住家用,鋼筋混凝土造,83年4月20日,十五層,,
RPPNMLLJKIKGFAB96CC,32,33.63,防空避難室兼停車空間，人行道，開放空間，樓梯間，水箱，機械室,鋼筋混凝土造,83年4月20日,十五層,,
RPPNMLSLJIKGFEB18CC,37,130.33,住家用,加強磚造,77年10月27日,二層,,
RPRNMLLJKIKGFAB17CC,3,71.21,集合住宅,鋼筋混凝土造,112年5月22日,十二層,,
RPRNMLLJKIKGFAB17CC,3,66.45,本共有部份係依使用執照之建築概要表記載項目有：停車空間、雨汙水機房、消防機房、水箱、排煙室、安全梯、昇降機、機房、儲藏室、車道、防空避難室兼停車空間、電信機房、台電配電室、緊急發電室、景觀機房、管委會使用空間、梯廳、管道間、水錶室、走道及電梯機房等二十一項。,鋼筋混凝土造,112年5月22日,十二層,,
RPTNMLLJKIKGFAB37CC,44,21.60,住家用,鋼筋混凝土造,70年12月31日,十一層,,
RPTNMLLJKIKGFAB37CC,44,10.88,人行道，走道，電梯間，梯間，避難室，變電室，停車空間，機械室,鋼筋混凝土造,70年12月31日,十一層,,
RPUNMLLJKIKGFAB47CC,47,76.00,集合住宅,鋼筋混凝土造,67年8月8日,四層,,
RPXNMLLJKIKGFAB77CC,54,19.04,商業用,見其他登記事項,60年7月16日,四層,,
RPPOMLLJKIKGFAB07CC,54,23.31,商業用,見其他登記事項,60年7月16日,四層,,
RPVNMLLJKIKGFAB57CC,31,37.23,住家用,鋼筋混凝土造,83年9月24日,十三層,,
RPOOMLLJKIKGFAB96CC,47,81.67,住家用,鋼筋混凝土造,67年6月28日,五層,,
RPVNMLLJKIKGFAB57CC,31,12.18,防空避難室兼停車空間．水塔．樓梯間．機械室,鋼筋混凝土造,83年9月24日,十三層,,
RPTNMLSLJIKGFFB68CC,5,9.22,集合住宅,鋼筋混凝土造,109年8月25日,五層,,
RPTNMLSLJIKGFFB68CC,5,5.11,梯廳、安全梯、升降機、管道間、走廊、安全梯間、升降機機械室、水箱、停車空間、電信室、消防機室、發電機室、台電配電室、安全梯Ａ,鋼筋混凝土造,109年8月25日,五層,,
RPSOMLLJKIKGFAB37CC,36,18.34,住家用,鋼筋混凝土造,79年5月4日,十二層,,
RPSOMLLJKIKGFAB37CC,36,8.05,共有部分,鋼筋混凝土造,79年5月4日,十二層,,
RPSNMLSLJIKGFFB58CC,,56.99,集合住宅,鋼筋混凝土造,114年6月6日,二十八層,,
RPSOMLSLJIKGFFB68CC,,56.99,集合住宅,鋼筋混凝土造,114年6月6日,二十八層,,
RPXNMLSLJIKGFFB09CC,1,79.61,集合住宅,鋼筋混凝土造,114年2月21日,十層,,
RPSNMLSLJIKGFFB58CC,,15.43,排煙室、昇降機、無障礙安全梯、特別安全梯、無障礙樓梯、梯廳兼排煙室、梯廳、管委會空間、中繼機房、中繼水箱、電梯間、水錶室、樓梯間、電梯機房、機電空間、水箱、安全梯、水箱機房、消防水箱等１９項,鋼筋混凝土造,114年6月6日,二十八層,,
RPVNMLSLJIKGFFB88CC,1,78.60,集合住宅,鋼筋混凝土造,113年10月11日,二十二層,,
RPSOMLSLJIKGFFB68CC,,15.43,排煙室、昇降機、無障礙安全梯、特別安全梯、無障礙樓梯、梯廳兼排煙室、梯廳、管委會空間、中繼機房、中繼水箱、電梯間、水錶室、樓梯間、電梯機房、機電空間、水箱、安全梯、水箱機房、消防水箱等１９項,鋼筋混凝土造,114年6月6日,二十八層,,
RPXNMLSLJIKGFFB09CC,1,81.76,防空避難室兼停車空間、消防機械室、汙水機房、水箱、樓梯間、昇降機間、停車空間、發電機室、台電配電室、電信室、梯廳、管委會使用空間、資源回收室、水錶室、機械室等１５項,鋼筋混凝土造,114年2月21日,十層,,
RPSNMLSLJIKGFFB58CC,,37.90,消防機房、雨水回收機房、車道、機房、水箱、停車空間、進風管道、公共水箱、防空避難室兼停車空間、台電配電室、發電機房、泳池水箱、公共電氣室、機車車道、管委會使用空間、昇降機、大廳、梯廳、警衛室、儲藏室、風除室、排風機房、防災中心、電信室、垃圾暫存室、附屬社區共用空間、附屬共用廚房、機電設備空間、電梯間、設備空間、泳池機房、景觀機房、游泳池、管委會空間、樓電梯間、機電空間、樓梯間等３７項,鋼筋混凝土造,114年6月6日,二十八層,,
RPVNMLSLJIKGFFB88CC,1,64.85,防空避難室兼停車空間、排煙室、樓梯間、一般昇降機、緊急昇降機、消防機房、污水機房、雨水機房、Ａ梯水箱、Ｂ梯水箱、車道、梯廳、停車空間、機房、台電配電室、電信室、緊急發電機室、消防中繼機房、防災中心、管委會使用空間、外廊、資源回收室、門廳兼梯廳、無障礙廁所、機車停車區、水錶箱室、梯間、水箱、電梯機房等２９項。,鋼筋混凝土造,113年10月11日,二十二層,,
RPSOMLSLJIKGFFB68CC,,37.90,消防機房、雨水回收機房、車道、機房、水箱、停車空間、進風管道、公共水箱、防空避難室兼停車空間、台電配電室、發電機房、泳池水箱、公共電氣室、機車車道、管委會使用空間、昇降機、大廳、梯廳、警衛室、儲藏室、風除室、排風機房、防災中心、電信室、垃圾暫存室、附屬社區共用空間、附屬共用廚房、機電設備空間、電梯間、設備空間、泳池機房、景觀機房、游泳池、管委會空間、樓電梯間、機電空間、樓梯間等３７項,鋼筋混凝土造,114年6月6日,二十八層,,
RPUOMLLJKIKGFAB57CC,29,24.38,住家用,鋼骨造,86年1月31日,二十八層,,
RPUOMLLJKIKGFAB57CC,29,1.17,共同使用,鋼骨造,86年1月31日,二十八層,,
RPUOMLLJKIKGFAB57CC,29,7.45,公共設施,鋼骨造,86年1月31日,二十八層,,
RPUOMLLJKIKGFAB57CC,29,4.55,共有部分,鋼骨造,86年1月31日,二十八層,,
RPTOMLLJKIKGFAB47CC,26,46.41,住家用,鋼筋混凝土造,88年9月14日,七層,,
RPTOMLLJKIKGFAB47CC,26,17.80,共有部分,鋼筋混凝土造,88年9月14日,七層,,
RPUNMLSLJIKGFFB78CC,5,9.22,集合住宅,鋼筋混凝土造,109年8月25日,五層,,
RPUNMLSLJIKGFFB78CC,5,5.11,梯廳、安全梯、升降機、管道間、走廊、安全梯間、升降機機械室、水箱、停車空間、電信室、消防機室、發電機室、台電配電室、安全梯Ａ,鋼筋混凝土造,109年8月25日,五層,,
RPVOMLLJKIKGFAB67CC,5,60.82,集合住宅,鋼筋混凝土造,109年11月25日,十五層,,
RPVOMLLJKIKGFAB67CC,5,40.64,本共有部分係依使用執照之建築概要表記載項目有：停車空間、緊急發電機室、消防機房、防空避難室兼停車空間、台電配電室、電錶區、受電箱區、備品室、管委會空間（商場附屬空間）管理、臨停車位區、交誼大廳等共１１項,鋼筋混凝土造,109年11月25日,十五層,,
RPVOMLLJKIKGFAB67CC,5,20.10,本共有部分係依使用執照之建築概要表記載項目有：排煙室、一般昇降機、緊急昇降機、污水機房、水箱、一般安全梯、電信室、景觀機房、特別安全梯、戶外安全梯、梯廳、排煙機房、消防水箱、升降機械室等共１４項。,鋼筋混凝土造,109年11月25日,十五層,,
RPPNMLLJKIKGFBB07CC,17,19.83,住家用,鋼筋混凝土造,97年11月28日,十七層,,
RPQNMLLJKIKGFBB17CC,32,38.22,住家用,鋼筋混凝土造,83年2月7日,十八層,,
RPPNMLLJKIKGFBB07CC,17,4.13,共有部份,鋼筋混凝土造,97年11月28日,十七層,,
RPSNMLLJKIKGFBB37CC,36,145.39,住家用,鋼筋混凝土造,79年1月15日,五層,,
RPPNMLLJKIKGFBB07CC,17,8.37,共有部份,鋼筋混凝土造,97年11月28日,十七層,,
RPQNMLLJKIKGFBB17CC,32,14.60,共有部分,鋼筋混凝土造,83年2月7日,十八層,,
RPVNMLLJKIKGFBB67CC,41,111.01,住家用,鋼筋混凝土造,73年7月22日,五層,,
RPVNMLLJKIKGFBB67CC,41,9.06,共有部分,鋼筋混凝土造,73年7月22日,五層,,
RPXOMLLJKIKGFAB87CC,56,74.44,商業用,見其他登記事項,58年9月30日,二層,,
RPRNMLLJKIKGFBB27CC,26,66.71,住家用,鋼筋混凝土造,88年11月18日,九層,,
RPRNMLLJKIKGFBB27CC,26,26.07,共有部分,鋼筋混凝土造,88年11月18日,九層,,
RPTNMLLJKIKGFBB47CC,4,63.80,集合住宅,鋼筋混凝土造,111年5月18日,十三層,,
RPPOMLLJKIKGFBB17CC,37,107.60,住家用,鋼筋混凝土造,77年6月29日,五層,,
RPPOMLLJKIKGFBB17CC,37,7.91,共有部分,鋼筋混凝土造,77年6月29日,五層,,
RPTNMLLJKIKGFBB47CC,4,55.62,本共有部份係依使用執照之建築概要表記載項目有：防空避難室兼停車空間，樓梯間，昇降機間，梯廳，消防機房，污雨水機房，水箱，停車空間，電信機房，機房，緊急發電機室，台電配電室，管委會使用空間，車道，電梯機房等１５項。,鋼筋混凝土造,111年5月18日,十三層,,
RPOPMLLJKIKGFAB07CC,29,37.90,住家用,鋼筋混凝土造,86年4月28日,十九層,,
RPOPMLLJKIKGFAB07CC,29,1.98,共同使用,鋼筋混凝土造,86年4月28日,十九層,,
RPOPMLLJKIKGFAB07CC,29,11.32,共同使用,鋼筋混凝土造,86年4月28日,十九層,,
RPOQMLLJKIKGFAB17CC,9,43.09,集合住宅,鋼筋混凝土造,106年1月25日,七層,,
RPUPMLLJKIKGFAB67CC,41,69.29,住家用,鋼筋混凝土造,73年12月8日,五層,,
RPOPMLLJKIKGFAB07CC,29,7.23,共有部分,鋼筋混凝土造,86年4月28日,十九層,,
RPUPMLLJKIKGFAB67CC,41,9.37,共有部分,鋼筋混凝土造,73年12月8日,五層,,
RPOQMLLJKIKGFAB17CC,9,22.86,本共有部分係依使用執照之建築概要表記載項目有：防空避難室兼停車空間、梯廳、台電配電室、汙水機房、消防機房、機房、電信室、汽車昇降機、無障礙樓梯兼安全梯（Ａ梯、Ｂ梯）、無障礙昇降機、人行道、門廊、發電機室、無障礙樓梯兼安全梯（戶外Ａ梯；Ｂ梯）、機車停車區、機車車道、無障礙樓梯兼戶外安全梯、樓梯間、透空遮牆、水箱等２０項。,鋼筋混凝土造,106年1月25日,七層,,
RPROMLLJKIKGFBB37CC,44,19.57,住家用,鋼筋混凝土造,70年12月31日,五層,,
RPSPMLLJKIKGFAB47CC,3,73.22,集合住宅,鋼筋混凝土造,112年4月26日,二十四層,,
RPSPMLLJKIKGFAB47CC,3,40.95,本共有部分係依使用執照之建築物概要表記載項目有：防空避難室兼停車空間、一般升降機、緊急升降機、安全梯、梯廳、排煙室、水箱、機房、消防機房、雨水機房、停車空間、中繼機房、防災中心、台電配電室、緊急發電機房、電信室、受電箱區、電表區等１８項。,鋼筋混凝土造,112年4月26日,二十四層,,
RPQPMLLJKIKGFAB27CC,29,94.82,商業用,鋼筋混凝土造,86年1月7日,九層,,
RPSPMLLJKIKGFAB47CC,3,4.26,本共有部分係依使用執照之建築物概要表記載項目有：管委會使用空間、一般升降機、緊急升降機、安全梯、排煙室、梯廳、集中式垃圾貯存空間、警衛室、停車空間等９項。,鋼筋混凝土造,112年4月26日,二十四層,,
RPQPMLLJKIKGFAB27CC,29,20.58,共同使用,鋼筋混凝土造,86年1月7日,九層,,
RPSPMLLJKIKGFAB47CC,3,18.94,本共有部分係依使用執照之建築物概要表記載項目有：一般升降機、緊急升降機、安全梯、排煙室、梯廳、機械室、樓梯間、中繼機房、水錶室、水箱等１０項。,鋼筋混凝土造,112年4月26日,二十四層,,
RPQPMLLJKIKGFAB27CC,29,10.37,共有部份,鋼筋混凝土造,86年1月7日,九層,,
RPXPMLLJKIKGFAB97CC,9,90.25,集合住宅,鋼筋混凝土造,105年7月20日,十五層,,
RPQPMLLJKIKGFAB27CC,29,3.98,共有部份,鋼筋混凝土造,86年1月7日,九層,,
RPXPMLLJKIKGFAB97CC,9,49.00,本共有部分係依使用執照之建築概要表記載項目有：防空避難室兼停車空間、停車空間、排煙室、昇降機間、梯間、車道、水表室、汙水機房、消防機械室、水箱、電信室、發電機機械室、機械室、台電配電室、人行道、梯廳、垃圾處理室、管委會使用空間、電表區、頂蓋型開放空間、緊急昇降機道、安全梯間、戶外安全梯間、機車停車區、行動不便兼緊急昇降機等共２５項。,鋼筋混凝土造,105年7月20日,十五層,,
RPRPMLLJKIKGFAB37CC,29,24.74,住家用,鋼骨造,86年1月31日,二十八層,,
RPRPMLLJKIKGFAB37CC,29,1.01,共同使用,鋼骨造,86年1月31日,二十八層,,
RPRPMLLJKIKGFAB37CC,29,7.57,公共設施,鋼骨造,86年1月31日,二十八層,,
RPRPMLLJKIKGFAB37CC,29,4.01,共有部份,鋼骨造,86年1月31日,二十八層,,
RPPPMLLJKIKGFAB17CC,44,113.32,住家用,鋼筋混凝土造,70年12月26日,五層,,
RPWOMLLJKIKGFAB77CC,3,64.17,集合住宅,鋼筋混凝土造,112年4月26日,二十四層,,
RPWOMLLJKIKGFAB77CC,3,39.70,本共有部分係依使用執照之建築物概要表記載項目有：防空避難室兼停車空間、一般升降機、緊急升降機、安全梯、梯廳、排煙室、水箱、機房、消防機房、雨水機房、停車空間、中繼機房、防災中心、台電配電室、緊急發電機房、電信室、受電箱區、電表區等１８項。,鋼筋混凝土造,112年4月26日,二十四層,,
RPWOMLLJKIKGFAB77CC,3,3.76,本共有部分係依使用執照之建築物概要表記載項目有：管委會使用空間、一般升降機、緊急升降機、安全梯、排煙室、梯廳、集中式垃圾貯存空間、警衛室、停車空間等９項。,鋼筋混凝土造,112年4月26日,二十四層,,
RPWOMLLJKIKGFAB77CC,3,18.73,本共有部分係依使用執照之建築物概要表記載項目有：一般升降機、緊急升降機、安全梯、梯廳、梯廳兼排煙室、機械室、樓梯間、中繼機房、水錶室、水箱等１０項。,鋼筋混凝土造,112年4月26日,二十四層,,
RPTPMLLJKIKGFAB57CC,31,27.44,住家用,鋼筋混凝土造,83年6月25日,十二層,,
RPTPMLLJKIKGFAB57CC,31,10.09,共有部分,鋼筋混凝土造,83年6月25日,十二層,,
RPSOMLLJKIKGFBB47CC,2,15.47,人行道、停車空間、住宅、樓梯間、電梯間,鋼筋混凝土造,113年2月15日,五層,,
RPVOMLLJKIKGFBB77CC,4,63.64,集合住宅,鋼筋混凝土造,111年5月18日,十三層,,
RPTOMLLJKIKGFBB57CC,42,22.74,住家用,鋼筋混凝土造,72年11月28日,五層,,
RPUPMLLJKIKGFBB77CC,43,20.10,住家用,鋼筋混凝土造,72年2月10日,五層,,
RPUPMLLJKIKGFBB77CC,43,4.60,共有部分,鋼筋混凝土造,72年2月10日,五層,,
RPPPMLLJKIKGFBB27CC,29,43.99,住家用,鋼筋混凝土造,85年8月22日,五層,,
RPPPMLLJKIKGFBB27CC,29,11.48,共有部分,鋼筋混凝土造,85年8月22日,五層,,
RPUOMLLJKIKGFBB67CC,20,27.90,共有部份,鋼筋混凝土造,94年12月8日,十八層,,
RPRNMLLJKIKGFCB37CC,19,25.00,住家用,鋼筋混凝土造,95年6月28日,十層,,
RPRPMLLJKIKGFBB47CC,37,200.49,住家用,鋼筋混凝土造,78年3月23日,四層,,
RPXOMLLJKIKGFBB97CC,20,48.07,住家用,鋼筋混凝土造,94年12月8日,十八層,,
RPVPMLLJKIKGFBB87CC,34,102.59,住家用,鋼筋混凝土造,81年5月19日,五層,,
RPXOMLLJKIKGFBB97CC,20,19.26,共有部份,鋼筋混凝土造,94年12月8日,十八層,,
RPVPMLLJKIKGFBB87CC,34,24.34,共有部份,鋼筋混凝土造,81年5月19日,五層,,
RPTPMLLJKIKGFBB67CC,4,72.01,集合住宅,鋼筋混凝土造,110年7月27日,十八層,,
RPTPMLLJKIKGFBB67CC,4,49.42,本共有部分係依使用執照之建築概要表記載項目有：停車空間，排煙室，緊急昇降機，昇降機，特別安全梯，消防機械室兼消防中繼機械室，雨污水機械室，水箱，機械室，電信室，防空避難室兼停車空間，發電機室，台電配電室，受電箱區，電錶區，設備區等１６項。,鋼筋混凝土造,110年7月27日,十八層,,
RPXPMLLJKIKGFBB08CC,15,45.53,住家用,鋼筋混凝土造,99年9月9日,十七層,,
RPTPMLLJKIKGFBB67CC,4,30.93,本共有部分係依使用執照之建築概要表記載項目有：管委會使用空間，門廳，梯廳，排煙室，緊急昇降機，特別安全梯，宅配室，外廊，走廊，防災中心，環保資源室，昇降機，儲藏室，梯間，直通樓梯，中繼消防機械室，中繼消防水箱，水箱，機械室等１９項。,鋼筋混凝土造,110年7月27日,十八層,,
RPQPMLLJKIKGFBB37CC,10,83.58,集合住宅,鋼筋混凝土造,104年12月28日,十四層,,
RPXPMLLJKIKGFBB08CC,15,18.23,本共有部份係依使用執照之建築概要表記載項目有，人行道，管委會管理室，門廳，樓梯間，昇降機間，排煙室，梯廳，公設，透空遮牆，水箱，電梯機房，走廊，車道，外廊等１４項。,鋼筋混凝土造,99年9月9日,十七層,,
RPXPMLLJKIKGFBB08CC,15,.00,本共有部份係依使用執照之建築概要表記載項目有，停車空間，樓梯間，昇降機間，消防機房兼污水機房，排煙室，水箱，機車停車區，防空避難室兼停車空間，台電配電室，緊急發電機室，車道，電信室等１２項,鋼筋混凝土造,99年9月9日,十八層,,
RPQPMLLJKIKGFBB37CC,10,47.00,本共有部份係依使用執照之建築概要表記載項目有停車空間，一般安全梯，緊急昇降機，消防機房，機械室，太陽能設備室，防空避難室兼停車空間，台電配電室，緊急發電機室，電信機房，頂蓋型開放空間，門廳，公共服務空間，車道，景觀機房，管委會使用空間，梯廳，排煙室，水箱，泳池設備機房，電錶室，坡道，雨水回收機房，資源回收室，公共管道間：等２５項。,鋼筋混凝土造,104年12月28日,十四層,,
RPWPMLLJKIKGFBB97CC,32,106.95,住家用,鋼筋混凝土造,83年3月30日,九層,,
RPXPMLLJKIKGFBB08CC,15,.00,本共有部份係依使用執照之建築概要表記載項目有，人行道，管委會管理室，門廳，樓梯間，昇降機間，排煙室，透空遮牆，水箱，電梯機房，車道，機房，管委會使用空間，開放空間，外廊，管委會休憩室，管委會交誼廳，管委會閱覽室，垃圾集中處等１８項。,鋼筋混凝土造,99年9月9日,十八層,,
RPQPMLLJKIKGFBB37CC,10,16.77,本共有部份係依使用執照之建築概要表記載項目有：緊急昇降機，排煙室，梯廳，水箱，電梯機房，水錶室，太陽能設備室，一般安全梯等８項。,鋼筋混凝土造,104年12月28日,十四層,,
RPWPMLLJKIKGFBB97CC,32,23.13,共有部份,鋼筋混凝土造,83年3月30日,九層,,
RPQNMLLJKIKGFCB27CC,31,123.31,住家用,鋼筋混凝土造,84年1月26日,二十層,,
RPWPMLLJKIKGFBB97CC,32,14.92,停車空間,鋼筋混凝土造,83年3月30日,九層,,
RPQNMLLJKIKGFCB27CC,31,13.73,共有部份,鋼筋混凝土造,84年1月26日,二十一層,,
RPQNMLLJKIKGFCB27CC,31,8.46,共有部份,鋼筋混凝土造,84年1月26日,二十一層,,
RPSNMLLJKIKGFCB47CC,19,25.00,住家用,鋼筋混凝土造,95年6月28日,十層,,
RPWOMLLJKIKGFBB87CC,20,47.70,住家用,鋼筋混凝土造,94年12月8日,十八層,,
RPWOMLLJKIKGFBB87CC,20,19.13,共有部分,鋼筋混凝土造,94年12月8日,十八層,,
RPTNMLLJKIKGFCB57CC,31,13.00,住商用,鋼筋混凝土造,83年8月23日,六層,,
RPSPMLLJKIKGFBB57CC,18,42.31,住家用,鋼筋混凝土造,97年1月22日,十五層,,
RPSPMLLJKIKGFBB57CC,18,8.69,共有部分,鋼筋混凝土造,97年1月22日,十五層,,
RPSPMLLJKIKGFBB57CC,18,9.97,共有部分,鋼筋混凝土造,97年1月22日,十五層,,
RPOQMLLJKIKGFBB27CC,46,100.38,住家用,鋼筋混凝土造,69年3月21日,四層,,
RPUNMLLJKIKGFCB67CC,39,218.74,店舖、住房、人行道、避難室,鋼筋混凝土造,76年2月11日,四層,,
RPWNMLLJKIKGFCB87CC,34,21.29,住家用,鋼筋混凝土造,81年3月17日,六層,,
RPWNMLLJKIKGFCB87CC,34,7.76,共有部份,鋼筋混凝土造,81年3月17日,六層,,
RPPNMLLJKIKGFDB27CC,2,25.52,集合住宅,鋼筋混凝土造,112年6月13日,七層,,
RPPNMLLJKIKGFDB27CC,2,14.06,本共有部分之項目為電信室、消防機房、昇降機、人行道、安全梯、梯廳、機房、梯間、停車空間等九項。,鋼筋混凝土造,112年6月13日,七層,,
RPQNMLLJKIKGFDB37CC,2,24.33,集合住宅,鋼筋混凝土造,112年6月13日,七層,,
RPQNMLLJKIKGFDB37CC,2,14.06,本共有部分之項目為電信室、消防機房、昇降機、人行道、安全梯、梯廳、機房、梯間、停車空間等九項。,鋼筋混凝土造,112年6月13日,七層,,
RPRNMLLJKIKGFDB47CC,4,25.14,集合住宅,鋼筋混凝土造,110年10月4日,五層,,
RPSNMLLJKIKGFDB57CC,46,77.03,住家用,鋼筋混凝土造,68年6月30日,五層,,
RPRNMLLJKIKGFDB47CC,4,13.60,本共有部分之項目有停車空間、樓梯間、電梯廳、機械室、電梯機房等５項,鋼筋混凝土造,110年10月4日,五層,,
RPROMLLJKIKGFCB47CC,33,73.81,住家用,鋼筋混凝土造,81年7月28日,六層,,
RPUOMLLJKIKGFCB77CC,44,108.26,住家用,鋼筋混凝土造,70年12月26日,四層,,
RPPOMLLJKIKGFCB27CC,16,39.61,住家用,鋼筋混凝土造,98年8月13日,二十六層,,
RPPOMLLJKIKGFCB27CC,16,41.08,共有,鋼筋混凝土造,98年8月13日,二十六層,,
RPOOMLLJKIKGFCB17CC,18,82.34,住家用,鋼筋混凝土造,96年9月7日,十五層,,
RPPOMLLJKIKGFCB27CC,16,15.60,共有,鋼筋混凝土造,98年8月13日,二十六層,,
RPROMLLJKIKGFCB47CC,33,6.52,共有部份,鋼筋混凝土造,81年7月28日,六層,,
RPOOMLLJKIKGFCB17CC,18,56.38,共用,鋼筋混凝土造,96年9月7日,十五層,,
RPROMLLJKIKGFCB47CC,33,9.57,共有部份,鋼筋混凝土造,81年7月28日,六層,,
RPSOMLLJKIKGFCB57CC,33,63.53,住家用,鋼筋混凝土造,81年11月20日,十層,,
RPSOMLLJKIKGFCB57CC,33,18.57,共用部份,鋼筋混凝土造,81年11月20日,十層,,
RPXNMLLJKIKGFCB97CC,19,75.79,住家用,鋼筋混凝土造,95年12月19日,十五層,,
RPXNMLLJKIKGFCB97CC,19,54.52,共用,鋼筋混凝土造,95年12月19日,十五層,,
RPTOMLLJKIKGFCB67CC,31,117.06,住家用,鋼筋混凝土造,83年11月19日,九層,,
RPTOMLLJKIKGFCB67CC,31,65.60,共用部份,鋼筋混凝土造,83年11月19日,九層,,
RPQOMLLJKIKGFCB37CC,18,125.88,住家用,鋼筋混凝土造,96年6月25日,十四層,,
RPQOMLLJKIKGFCB37CC,18,81.59,共用,鋼筋混凝土造,96年6月25日,十四層,,
RPSNMLLJKIKGFFB77CC,1,91.61,集合住宅,鋼筋混凝土造,113年12月16日,二十四層,,
RPWNMLLJKIKGFFB18CC,1,82.35,集合住宅,鋼筋混凝土造,113年12月28日,十五層,,
RPSNMLLJKIKGFFB77CC,1,42.99,防空避難室兼停車空間、排煙室、水箱、一般昇降機、消防機械室、汙雨水機械室、安全梯、緊急昇降機、車道、停車空間、台電配電室、機械室、發電機室、泳池機械室、電表區、消防中繼水箱、消防中繼機房、電信室、梯廳、門廳、垃圾暫存空間、管委會使用空間、機車停車區、特別安全梯、防災中心、走廊、水錶室、電梯機房等２８項。,鋼筋混凝土造,113年12月16日,二十四層,,
RPWNMLLJKIKGFFB18CC,1,68.27,消防機房、雨水機房、汙水機房、水景機房、停車空間、車道、樓梯間、昇降機間、水箱、防空避難室兼停車空間、台電配電室、發電機房、電信機房、人行道、社區公共設施空間、資源回收室、梯廳、排煙室、管理委員會使用空間、門廳、機械室、水錶室等２２項。,鋼筋混凝土造,113年12月28日,十五層,,
RPOOMLLJKIKGFFB47CC,5,9.22,集合住宅,鋼筋混凝土造,109年8月25日,五層,,
RPPOMLLJKIKGFFB57CC,5,9.22,集合住宅,鋼筋混凝土造,109年8月25日,五層,,
RPOOMLLJKIKGFFB47CC,5,5.11,梯廳、安全梯、升降機、管道間、走廊、安全梯間、升降機機械室、水箱、停車空間、電信室、消防機室、發電機室、台電配電室、安全梯Ａ,鋼筋混凝土造,109年8月25日,五層,,
RPPOMLLJKIKGFFB57CC,5,5.11,梯廳、安全梯、升降機、管道間、走廊、安全梯間、升降機機械室、水箱、停車空間、電信室、消防機室、發電機室、台電配電室、安全梯Ａ,鋼筋混凝土造,109年8月25日,五層,,
RPUNMLLJKIKGFFB97CC,4,65.94,集合住宅,鋼筋混凝土造,111年2月16日,十五層,,
RPUNMLLJKIKGFFB97CC,4,31.19,停車空間、防空避難室兼停車空間等２項。,鋼筋混凝土造,111年2月16日,十五層,,
RPXNMLLJKIKGFFB28CC,3,55.87,集合住宅,鋼筋混凝土造,111年10月6日,十五層,,
RPUNMLLJKIKGFFB97CC,4,10.03,梯廳、管理委員會使用空間、大廳、外廊、風除室、廊道、車道、停車場排風管道、機車停車空間、台電配電室、電信室、電錶區、發電機房、水景機房、垃圾儲藏室、景觀機房、停車場進風管道、消防機房、雨水回收機房等１９項。,鋼筋混凝土造,111年2月16日,十五層,,
RPXNMLLJKIKGFFB28CC,3,11.17,消防機房、機房、水箱、雨水機房、污水機房、安全梯、排風管道、電信室、防空避難室兼停車空間、台電配電室、發電機房、管委會使用空間、水景機房、泳池機房、游泳池、梯廳、風除室、外廊、大廳、警衛室等２０項,鋼筋混凝土造,111年10月6日,十五層,,
RPUNMLLJKIKGFFB97CC,4,20.85,排煙室、昇降機、緊急昇降機、特別安全梯、水箱、梯廳、機械室（水錶室）、機房、電梯機房、消防水箱、屋突水箱、水箱室等１２項。,鋼筋混凝土造,111年2月16日,十五層,,
RPPNMLLJKIKGFFB47CC,3,53.67,集合住宅,鋼筋混凝土造,111年10月6日,十五層,,
RPXNMLLJKIKGFFB28CC,3,14.96,排煙室、升降機、緊急升降機兼無障礙升降機、特別安全梯、梯廳、機房、電梯機房、水錶室、消防水箱、自來水箱等１０項,鋼筋混凝土造,111年10月6日,十五層,,
RPQNMLLJKIKGFFB57CC,2,64.48,集合住宅,鋼筋混凝土造,112年11月20日,二十四層,,
RPPNMLLJKIKGFFB47CC,3,10.61,消防機房、機房、水箱、雨水機房、污水機房、安全梯、排風管道、電信室、防空避難室兼停車空間、台電配電室、發電機房、管委會使用空間、水景機房、泳池機房、游泳池、梯廳、風除室、外廊、大廳、警衛室等２０項,鋼筋混凝土造,111年10月6日,十五層,,
RPXNMLLJKIKGFFB28CC,3,32.71,停車空間、防空避難室兼停車空間等２項,鋼筋混凝土造,111年10月6日,十五層,,
RPQNMLLJKIKGFFB57CC,2,62.39,防空避難室兼停車空間、排煙室、水箱、車道、消防機械室、雨污水機房、緊急昇降機行動不便者、一般昇降機、安全梯、停車空間、消防中繼水箱、消防中繼機械室、台電配電室、電信室、發電機室、水景機房、泳池機房、機車停車空間、特別安全梯、管委會使用空間、走廊、垃圾暫存室、防災中心、梯廳、水錶室、消防中繼機房、機械室等２７項。,鋼筋混凝土造,112年11月20日,二十四層,,
RPPNMLLJKIKGFFB47CC,3,15.51,排煙室、升降機、緊急升降機兼無障礙升降機、通風管道、特別安全梯、梯廳、梯廳兼排煙室、走道、電梯機房、水錶室、消防水箱、自來水箱等１２項,鋼筋混凝土造,111年10月6日,十五層,,
RPPNMLLJKIKGFFB47CC,3,32.71,停車空間、防空避難室兼停車空間等２項,鋼筋混凝土造,111年10月6日,十五層,,
RPTNMLLJKIKGFFB87CC,4,75.25,集合住宅,鋼筋混凝土造,111年2月16日,十五層,,
RPRNMLLJKIKGFFB67CC,3,57.34,集合住宅,鋼筋混凝土造,111年10月6日,十五層,,
RPTNMLLJKIKGFFB87CC,4,31.19,停車空間、防空避難室兼停車空間等２項。,鋼筋混凝土造,111年2月16日,十五層,,
RPRNMLLJKIKGFFB67CC,3,11.39,消防機房、機房、水箱、雨水機房、污水機房、安全梯、排風管道、電信室、防空避難室兼停車空間、台電配電室、發電機房、管委會使用空間、水景機房、泳池機房、游泳池、梯廳、風除室、外廊、大廳、警衛室等２０項,鋼筋混凝土造,111年10月6日,十五層,,
RPTNMLLJKIKGFFB87CC,4,11.54,梯廳、管理委員會使用空間、大廳、外廊、風除室、廊道、車道、停車場排風管道、機車停車空間、台電配電室、電信室、電錶區、發電機房、水景機房、垃圾儲藏室、景觀機房、停車場進風管道、消防機房、雨水回收機房等１９項。,鋼筋混凝土造,111年2月16日,十五層,,
RPTNMLLJKIKGFFB87CC,4,24.93,排煙室、昇降機、緊急昇降機、特別安全梯、水箱、梯廳、廊道、機房、機械室（水錶室）、電梯機房、消防水箱、屋突水箱、水箱室等１３項。,鋼筋混凝土造,111年2月16日,十五層,,
RPRNMLLJKIKGFFB67CC,3,16.72,排煙室、升降機、緊急升降機兼無障礙升降機、通風管道、特別安全梯、梯廳、梯廳兼排煙室、走道、電梯機房、水錶室、消防水箱、自來水箱等１２項,鋼筋混凝土造,111年10月6日,十五層,,
RPRNMLLJKIKGFFB67CC,3,32.71,停車空間、防空避難室兼停車空間等２項,鋼筋混凝土造,111年10月6日,十五層,,
RPQNMLLJKIKGFHB77CC,5,41.26,店舖,鋼筋混凝土造,109年9月9日,十五層,,
RPQNMLLJKIKGFHB77CC,5,7.97,本共有部分之項目有管委會使用空間、公共服務空間、梯廳、排煙室、昇降機道、安全梯、汽機車道、戶外安全梯、機房、設備空間、廁所、樓梯間、水箱及機械室等十四項,鋼筋混凝土造,109年9月9日,十五層,,
RPQNMLLJKIKGFHB77CC,5,35.71,本共有部分之項目有停車空間、台電配電室、電錶室、電錶區、發電機房、垃圾處理室、排煙室、昇降機道、安全梯、電信室、機械室、防空避難室兼停車空間、消防機房、雨污水機房及蓄水池等十五項,鋼筋混凝土造,109年9月9日,十五層,,
RPQNMLLJKIKGFIB87CC,32,78.30,集合住宅,鋼筋混凝土造,83年4月6日,六層,,
RPQNMLLJKIKGFIB87CC,32,22.21,共有部份,鋼筋混凝土造,83年4月6日,六層,,
RPTNMLLJKIKGFHB08CC,24,161.96,人行道、停車空間、住宅、梯間,鋼筋混凝土造,91年4月4日,三層,,
RPSNMLLJKIKGFHB97CC,1,87.73,集合住宅,鋼筋混凝土造,113年7月10日,十五層,,
RPSNMLLJKIKGFHB97CC,1,45.34,本共有部分之項目有防空避難室兼停車空間、排煙室、安全梯、污水機房、消防機房、車道、昇降機、停車空間、水箱、機械房、台電配電室、緊急發電機室及電信室等１３項,鋼筋混凝土造,113年7月10日,十五層,,
RPSNMLLJKIKGFHB97CC,1,34.65,本共有部分之項目有管委會使用空間、公共服務空間、管道間、資源回收室、排煙室、安全梯、戶外安全梯、梯廳、機車停車區、車道、昇降機、廊道、梯間、水錶室、水箱及電梯機械室等１６項,鋼筋混凝土造,113年7月10日,十五層,,
RPPNMLLJKIKGFHB67CC,17,170.13,住宅、停車空間、梯間,鋼筋混凝土造,97年6月17日,三層,,
RPPNMLLJKIKGFIB77CC,32,78.30,集合住宅,鋼筋混凝土造,83年4月6日,六層,,
RPPNMLLJKIKGFIB77CC,32,22.21,共有部份,鋼筋混凝土造,83年4月6日,六層,,
RPTNMLLJKIKGFIB18CC,50,103.72,住家用,加強磚造,64年11月10日,二層,,
RPRNMLLJKIKGFHB87CC,31,58.41,住家用,鋼筋混凝土造,84年5月20日,十三層,,
RPRNMLLJKIKGFHB87CC,31,.00,共用部份,鋼筋混凝土造,84年5月20日,十三層,,
RPRNMLLJKIKGFHB87CC,31,19.57,共用部份,鋼筋混凝土造,84年5月20日,十三層,,
RPRNMLLJKIKGFIB97CC,32,74.45,集合住宅,鋼筋混凝土造,82年9月15日,十四層,,
RPRNMLLJKIKGFIB97CC,32,21.00,共有部份,鋼筋混凝土造,82年9月15日,十四層,,
RPPNMLLJKIKGFJB87CC,1,58.13,集合住宅,鋼筋混凝土造,114年4月14日,十五層,,
RPSOMLLJKIKGFFB87CC,,70.81,集合住宅,鋼筋混凝土造,114年6月6日,二十八層,,
RPROMLLJKIKGFFB77CC,5,9.10,集合住宅,鋼筋混凝土造,109年8月25日,五層,,
RPPNMLLJKIKGFJB87CC,1,56.52,本共有部分之項目有防空避難室兼停車空間、蓄水池、雨水機房、排煙室、安全梯、污水機房、消防機房、景觀機房、停車空間、機房、電表區、電信機房、發電機房、台電配電場所、管委會空間、公共服務空間、發電機進排氣管道間、梯廳、戶外安全梯、樓梯間、昇降機機房、水箱,鋼筋混凝土造,114年4月14日,十五層,,
RPSNMLLJKIKGFIB08CC,46,81.22,住家用,鋼筋混凝土造,69年1月5日,五層,,
RPSOMLLJKIKGFFB87CC,,19.17,排煙室、昇降機、無障礙安全梯、特別安全梯、無障礙樓梯、梯廳兼排煙室、梯廳、管委會空間、中繼機房、中繼水箱、電梯間、水錶室、樓梯間、電梯機房、機電空間、水箱、安全梯、水箱機房、消防水箱等１９項,鋼筋混凝土造,114年6月6日,二十八層,,
RPROMLLJKIKGFFB77CC,5,5.07,梯廳、安全梯、升降機、管道間、走廊、安全梯間、升降機機械室、水箱、停車空間、電信室、消防機室、發電機室、台電配電室、安全梯Ａ,鋼筋混凝土造,109年8月25日,五層,,
RPSOMLLJKIKGFFB87CC,,41.07,消防機房、雨水回收機房、車道、機房、水箱、停車空間、進風管道、公共水箱、防空避難室兼停車空間、台電配電室、發電機房、泳池水箱、公共電氣室、機車車道、管委會使用空間、昇降機、大廳、梯廳、警衛室、儲藏室、風除室、排風機房、防災中心、電信室、垃圾暫存室、附屬社區共用空間、附屬共用廚房、機電設備空間、電梯間、設備空間、泳池機房、景觀機房、游泳池、管委會空間、樓電梯間、機電空間、樓梯間等３７項,鋼筋混凝土造,114年6月6日,二十八層,,
RPUNMLLJKIKGFIB28CC,2,57.58,集合住宅,鋼筋混凝土造,112年8月22日,十五層,,
RPTOMLLJKIKGFFB97CC,33,165.76,住家用,鋼筋混凝土造,81年6月25日,三層,,
RPUNMLLJKIKGFIB28CC,2,37.53,停車空間、排煙室、安全梯、雨汙水機房、消防機械室、機械室、水箱、緊急升降機、一般升降機、無障礙樓梯、發電機室、台電配電室、電信室等１３項。,鋼筋混凝土造,112年8月22日,十五層,,
RPUNMLLJKIKGFIB28CC,2,9.83,管委會使用空間、游泳池、梯廳、戶外安全梯、安全梯、排煙室、走廊、車道、機車停車區、垃圾資源回收室、緊急升降機、一般升降機、門廳、升降機道、梯間、機械室、機械室（水錶室）、電梯機房、水箱等１９項。,鋼筋混凝土造,112年8月22日,十五層,,
RPUNMLLJKIKGFIB28CC,2,14.48,梯廳、一般升降機、緊急升降機、排煙室、戶外安全梯、機電設備空間等６項,鋼筋混凝土造,112年8月22日,十五層,,
RPSNMLLJKIKGFJB18CC,2,59.00,集合住宅,鋼筋混凝土造,112年11月4日,十五層,,
RPQOMLLJKIKGFFB67CC,5,9.22,集合住宅,鋼筋混凝土造,109年8月25日,五層,,
RPSNMLLJKIKGFJB18CC,2,58.48,停車空間、消防機房、污雨水機房、水箱、安全梯、昇降機、車道、電信機房、防空避難室兼停車空間、台電配電場所、發電機室、管理委員會使用空間、公共服務空間、社區公共空間、資源回收室、門廳、梯廳、機電設備空間、排煙室、樓梯間、機械室等２１項。,鋼筋混凝土造,112年11月4日,十五層,,
RPQOMLLJKIKGFFB67CC,5,5.11,梯廳、安全梯、升降機、管道間、走廊、安全梯間、升降機機械室、水箱、停車空間、電信室、消防機室、發電機室、台電配電室、安全梯Ａ,鋼筋混凝土造,109年8月25日,五層,,
RPRNMLLJKIKGFJB08CC,7,88.60,集合住宅,鋼筋混凝土造,107年8月31日,十五層,,
RPPNMLLJKIKGFHB77DC,30,29.47,集合住宅　人行道　梯間　水塔　店舖,鋼筋混凝土造,84年12月11日,四層,,
RPRNMLLJKIKGFJB08CC,7,73.88,停車空間、消防機房、污水雨水機房、水箱、樓梯間、排煙室、昇降機間、車道、電信機房、水景機房、台電配電室、發電機房、防空避難室停車空間、機械室、公共服務空間、管理委員會使用空間、門廳、資源回收室、梯廳、走廊等２０項,鋼筋混凝土造,107年8月31日,十五層,,
RPQNMLMJKIKGFBB27CC,55,74.77,住家用,鋼筋混凝土加強磚造,60年1月15日,二層,,
RPTNMLMJKIKGFBB57CC,31,102.98,住家用,鋼筋混凝土造,83年8月15日,十二層,,
RPTNMLMJKIKGFBB57CC,31,30.46,共有部分,鋼筋混凝土造,83年8月15日,十二層,,
RPRNMLMJKIKGFBB37CC,32,27.80,住家用,鋼筋混凝土造,82年10月14日,十三層,,
RPRNMLMJKIKGFBB37CC,32,22.16,共有部分,鋼筋混凝土造,82年10月14日,十三層,,
RPUNMLMJKIKGFBB67CC,27,69.75,住家用,鋼筋混凝土造,87年10月19日,十二層,,
RPUNMLMJKIKGFBB67CC,27,25.00,共有部分,鋼筋混凝土造,87年10月19日,十二層,,
RPUNMLMJKIKGFBB67CC,27,12.87,共有部分,鋼筋混凝土造,87年10月19日,十二層,,
RPUNMLMJKIKGFAB57CC,40,98.05,住家用,加強磚造,74年8月14日,五層,,
RPUNMLMJKIKGFAB57CC,40,14.63,共有部分,加強磚造,74年8月14日,五層,,
RPOOMLMJKIKGFAB07CC,41,131.55,住家用,鋼筋混凝土造,74年3月7日,十二層,,
RPOOMLMJKIKGFAB07CC,41,26.31,共有部份,鋼筋混凝土造,74年3月7日,十二層,,
RPXNMLMJKIKGFAB87CC,30,6.70,集合住宅,鋼筋混凝土造,84年8月23日,十八層,,
RPWNMLMJKIKGFAB77CC,32,75.52,住家用,鋼筋混凝土造,83年1月14日,十三層,,
RPWNMLMJKIKGFAB77CC,32,8.82,共有部分,鋼筋混凝土造,83年1月14日,十三層,,
RPWNMLMJKIKGFAB77CC,32,23.72,共有部分,鋼筋混凝土造,83年1月14日,十三層,,
RPPNMLMJKIKGFCB27CC,40,21.79,住家用,鋼筋混凝土造,74年7月29日,七層,,
RPXOMLMJKIKGFBB08CC,32,41.04,住家用,鋼筋混凝土造,83年2月7日,十八層,,
RPPNMLMJKIKGFCB27CC,40,4.37,共用部份,鋼筋混凝土造,74年7月29日,七層,,
RPXOMLMJKIKGFBB08CC,32,18.86,共有部分,鋼筋混凝土造,83年2月7日,十八層,,
RPPOMLMJKIKGFAB17CC,47,75.20,住家用,鋼筋混凝土造,67年11月6日,四層,,
RPOPMLMJKIKGFBB27CC,43,51.41,住家用,加強磚造,72年1月19日,二層,,
RPUOMLMJKIKGFBB77CC,35,19.47,住家用,鋼筋混凝土造,80年4月15日,七層,,
RPUOMLMJKIKGFBB77CC,35,9.20,共有部分,鋼筋混凝土造,80年4月15日,七層,,
RPVOMLMJKIKGFBB87CC,40,105.74,住家用,鋼筋混凝土造,74年10月24日,十層,,
RPVOMLMJKIKGFBB87CC,40,15.31,人行道，避難室，樓梯間，受電室,鋼筋混凝土造,74年10月24日,十層,,
RPWOMLMJKIKGFBB97CC,12,42.49,住家用,鋼筋混凝土造,102年7月25日,二十二層,,
RPQNMLMJKIKGFCB37CC,28,22.07,住家用,鋼筋混凝土造,87年2月27日,八層,,
RPWOMLMJKIKGFBB97CC,12,11.38,本共有部分係依使用執照之建築概要表記載項目有：管委會使用公共設施，垃圾處理室，梯間，梯廳，梯間（排煙室，昇降機間）梯間（梯廳，排煙室，昇降機間），走廊，中繼機械室（中繼水箱），機械室，水箱等１０項,鋼筋混凝土造,102年7月25日,二十二層,,
RPOOMLMJKIKGFBB17CC,20,31.88,共有部份,鋼筋混凝土造,94年12月8日,十八層,,
RPQNMLMJKIKGFCB37CC,28,8.80,共有部份,鋼筋混凝土造,87年2月27日,八層,,
RPWOMLMJKIKGFBB97CC,12,9.08,本共有部分係依使用執照之建築概要表記載項目有：停車空間，車道，污水機房，清水池，消防機房，機房，梯間（梯廳，排煙室，昇降機間），防空避難室兼停車空間，發電機室，電信室，台電配電室，防災中心，公共設施等１３項,鋼筋混凝土造,102年7月25日,二十二層,,
RPSOMLMJKIKGFBB57CC,39,72.20,住家用,鋼筋混凝土造,76年5月6日,四層,,
RPTOMLMJKIKGFBB67CC,31,79.11,住家用,鋼筋混凝土造,83年12月14日,十七層,,
RPTOMLMJKIKGFBB67CC,31,29.25,共有部分,鋼筋混凝土造,83年12月14日,十七層,,
RPRNMLMJKIKGFCB47CC,29,110.36,集合住宅,鋼筋混凝土造,85年11月18日,十二層,,
RPPOMLMJKIKGFBB27CC,44,80.97,住家用,鋼筋混凝土造,71年2月25日,五層,,
RPRNMLMJKIKGFCB47CC,29,61.77,共有部份,鋼筋混凝土造,85年11月18日,十二層,,
RPXNMLMJKIKGFBB97CC,12,62.26,住家用,鋼筋混凝土造,102年7月25日,二十二層,,
RPXNMLMJKIKGFBB97CC,12,16.71,本共有部分係依使用執照之建築概要表記載項目有：管委會使用公共設施，垃圾處理室，梯間，梯廳，梯間（排煙室，昇降機間）梯間（梯廳，排煙室，昇降機間），走廊，中繼機械室（中繼水箱），機械室，水箱等１０項,鋼筋混凝土造,102年7月25日,二十二層,,
RPXNMLMJKIKGFBB97CC,12,40.58,本共有部分係依使用執照之建築概要表記載項目有：停車空間，車道，污水機房，清水池，消防機房，機房，梯間（梯廳，排煙室，昇降機間），防空避難室兼停車空間，發電機室，電信室，台電配電室，防災中心，公共設施等１３項,鋼筋混凝土造,102年7月25日,二十二層,,
RPTNMLMJKIKGFAB47CC,32,19.24,住家用,鋼筋混凝土造,82年11月24日,八層,,
RPTNMLMJKIKGFAB47CC,32,9.53,梯間，走道，機械室，水箱，防空避難室，停車空間,鋼筋混凝土造,82年11月24日,八層,,
RPWNMLMJKIKGFBB87CC,30,71.21,住家用,鋼筋混凝土造,84年8月7日,十四層,,
RPWNMLMJKIKGFBB87CC,30,15.59,共有部分,鋼筋混凝土造,84年8月7日,十四層,,
RPVNMLMJKIKGFCB87CC,2,64.32,集合住宅,鋼筋混凝土造,113年3月21日,二十一層,,
RPVNMLMJKIKGFCB87CC,2,65.97,本共有部分係依使用執照之建築概要表記載項目有：停車空間，緊急昇降機，一般昇降機兼行動不便電梯，水箱，雨汙水處理機房，安全梯，排煙室，車道，消防機房，發電機室，電信室，防空避難室兼停車空間，台電配電室，一般昇降兼行動不便電梯，電錶室，防災中心，排風機房，機房，管委會使用空間，梯廳，垃圾＆資源回收空間，梯廳兼排煙室，特別安全梯，機電設備空間，梯間，水錶室，消防中繼機房，電梯機房等２８項,鋼筋混凝土造,113年3月21日,二十一層,,
RPUNMLMJKIKGFCB77CC,29,95.85,住家用,鋼筋混凝土造,85年11月23日,七層,,
RPOOMLMJKIKGFCB27CC,34,29.92,住家用,鋼筋混凝土造,80年12月11日,七層,,
RPTNMLMJKIKGFCB67CC,31,14.02,住家用,鋼筋混凝土造,83年9月8日,十三層,,
RPUNMLMJKIKGFCB77CC,29,45.38,共用部份,鋼筋混凝土造,85年11月23日,七層,,
RPOOMLMJKIKGFCB27CC,34,6.00,共有部份,鋼筋混凝土造,80年12月11日,七層,,
RPTNMLMJKIKGFCB67CC,31,7.68,共有部份,鋼筋混凝土造,83年9月8日,十三層,,
RPSNMLMJKIKGFCB57CC,31,109.85,住家用,鋼筋混凝土造,84年1月7日,二十四層,,
RPXNMLMJKIKGFCB08CC,7,56.70,店舖,鋼筋混凝土造,107年11月26日,十五層,,
RPSNMLMJKIKGFCB57CC,31,19.13,共用部份,鋼筋混凝土造,84年1月7日,二十四層,,
RPXNMLMJKIKGFCB08CC,7,44.05,本共有部分係依使用執照之建築概要表記載項目有：停車空間、車道、梯廳、一般安全梯、昇降機、進氣管道、排氣管道、消防機房、雨水機房、Ａ＋Ｂ梯水箱、電信機房、防空避難室兼停車空間、台電配電室、發電機室、洗衣間、管委會使用空間、門廳、排煙室、機車停車區、走廊等２０項。,鋼筋混凝土造,107年11月26日,十五層,,
RPSNMLMJKIKGFCB57CC,31,13.37,共用部份,鋼筋混凝土造,84年1月7日,二十四層,,
RPXNMLMJKIKGFCB08CC,7,13.77,本共有部分係依使用執照之建築概要表記載項目有：排煙室、梯廳、特別安全梯、昇降機、緊急升降機、走廊、戶外安全梯、樓梯間、機械室、水箱等１０項。,鋼筋混凝土造,107年11月26日,十五層,,
RPPOMLMJKIKGFCB37CC,32,17.91,商業用,鋼筋混凝土造,83年2月4日,六層,,
RPPOMLMJKIKGFCB37CC,32,3.45,共有部份,鋼筋混凝土造,83年2月4日,六層,,
RPWNMLMJKIKGFCB97CC,8,75.31,集合住宅,鋼筋混凝土造,107年5月16日,九層,,
RPWNMLMJKIKGFCB97CC,8,20.67,本共有部分係依使用執照之建築物概要表記載項目有：管理委員會使用空間、行動不便電梯、汽車車道、樓梯間、梯廳、電梯、機械室、水箱等８項,鋼筋混凝土造,107年5月16日,九層,,
RPWNMLMJKIKGFCB97CC,8,49.58,本共有部分係依使用執照之建築物概要表記載項目有：汽車車道、梯廳、樓梯間、行動不便電梯、停車空間、電梯、水箱、消防機械室、污水機械室、游泳池水箱、防空避難室兼停車空間、台電配電室、受電箱區、電錶室、機械室、發電機室、電信室等１７項。,鋼筋混凝土造,107年5月16日,九層,,
RPQOMLMJKIKGFCB47CC,37,55.82,集合住宅,鋼筋混凝土造,77年11月10日,五層,,
RPROMLMJKIKGFCB57CC,30,85.86,住家用,鋼筋混凝土造,85年2月8日,八層,,
RPQOMLMJKIKGFCB47CC,37,10.25,共有部份,鋼筋混凝土造,77年11月10日,五層,,
RPROMLMJKIKGFCB57CC,30,26.10,共有部份,鋼筋混凝土造,85年2月8日,八層,,
RPQOMLMJKIKGFCB47CC,37,3.08,本共有部分係依使用執照及竣工平面圖記載項目有：公用陽台。,鋼筋混凝土造,77年11月10日,五層,,
RPQNMLMJKIKGFDB47CC,2,24.69,集合住宅,鋼筋混凝土造,112年6月13日,七層,,
RPQNMLMJKIKGFDB47CC,2,14.06,本共有部分之項目為電信室、消防機房、昇降機、人行道、安全梯、梯廳、機房、梯間、停車空間等九項。,鋼筋混凝土造,112年6月13日,七層,,
RPPNMLMJKIKGFDB37CC,24,44.45,住家用,鋼筋混凝土造,90年10月18日,十四層,,
RPPNMLMJKIKGFDB37CC,24,15.75,共同使用部份,鋼筋混凝土造,90年10月18日,十四層,,
RPOPMLMJKIKGFCB37CC,30,16.84,住家用,鋼筋混凝土造,84年10月12日,十一層,,
RPOPMLMJKIKGFCB37CC,30,10.22,共有部份,鋼筋混凝土造,84年10月12日,十一層,,
RPSNMLMJKIKGFFB87CC,46,16.53,住商用,加強磚造,69年2月28日,二層,,
RPVOMLMJKIKGFCB97CC,1,23.64,集合住宅,鋼筋混凝土造,114年5月15日,十二層,,
RPVOMLMJKIKGFCB97CC,1,18.96,本共有部分係依使用執照之建築物概要表記載項目有：停車空間、汽車昇降機、機械室、消防幫浦室、梯廳、安全梯、昇降機間、防空避難室、電信室、台電配電場所、緊急發電機室、人行道、門廳、走道、管理委員會（會議室）、管理委員會（辦公室）、機房、樓梯間、電梯機房、水箱、蓄水池等２１項。,鋼筋混凝土造,114年5月15日,十二層,,
RPVNMLMJKIKGFFB18CC,2,118.45,集合住宅,鋼筋混凝土造,113年4月11日,二十四層,,
RPVNMLMJKIKGFFB18CC,2,107.13,防空避難室兼停車空間、排煙室、水箱、消防機械室、污水機房、緊急昇降機行動不便者、一般昇降機、安全梯、停車空間、消防中繼水箱、消防中繼機房、車道、台電配電室、電信室、發電機室、泳池機房、機車停車空間、特別安全梯、管委會使用空間、走廊、垃圾暫存室、防災中心、梯廳、水錶室、戶外安全梯、梯間、昇降機道、機械室等２８項。,鋼筋混凝土造,113年4月11日,二十四層,,
RPQNMLMJKIKGFFB67CC,12,204.02,住宅、停車空間、樓梯間,鋼筋混凝土造,102年12月10日,三層,,
RPTNMLMJKIKGFDB77CC,2,21.08,集合住宅,鋼筋混凝土造,112年6月13日,七層,,
RPTNMLMJKIKGFDB77CC,2,14.06,本共有部分之項目為電信室、消防機房、昇降機、人行道、安全梯、梯廳、機房、梯間、停車空間等九項。,鋼筋混凝土造,112年6月13日,七層,,
RPPNMLMJKIKGFHB77CC,1,72.75,集合住宅,鋼筋混凝土造,114年5月7日,十二層,,
RPPNMLMJKIKGFHB77CC,1,72.36,本共有部分之項目有防空避難室兼停車空間、排煙室、樓梯間、一般昇降機、緊急昇降機、水箱、雨汙水機房、消防機房、車道、機房、停車空間、緊急發電機室、台電配電室、電信室、機車停車區、梯廳、管委會空間、水錶室、公共服務空間、梯間、電梯機房等２１項,鋼筋混凝土造,114年5月7日,十二層,,
RPWOMLMJKIKGFCB08CC,1,22.24,集合住宅,鋼筋混凝土造,114年5月15日,十二層,,
RPWOMLMJKIKGFCB08CC,1,17.67,本共有部分係依使用執照之建築物概要表記載項目有：停車空間、汽車昇降機、機械室、消防幫浦室、梯廳、安全梯、昇降機間、防空避難室、電信室、台電配電場所、緊急發電機室、人行道、門廳、走道、管理委員會（會議室）、管理委員會（辦公室）、機房、樓梯間、電梯機房、水箱、蓄水池等２１項。,鋼筋混凝土造,114年5月15日,十二層,,
RPUNMLMJKIKGFFB08CC,8,85.18,集合住宅,鋼筋混凝土造,106年9月5日,十五層,,
RPUNMLMJKIKGFFB08CC,8,11.39,管委會使用空間〔蒸氣室，更衣室，交誼室兼閱讀室，兒童遊戲室，健身房，管理中心，儲藏室〕，廁所，門廳，儲藏室，通廊，信箱間，前廳〔風除室〕，門廊，管委會使用空間〔垃圾儲藏室〕，防空避難室兼停車空間，車道，游泳池機房，機房，垃圾車暫停車位，電信室，排風機房，機車停車空間，水箱機房，進風機房，發電機機房，公共水箱，消防泵浦室，雨水及汙水機房,鋼筋混凝土造,106年9月5日,十五層,,
RPUNMLMJKIKGFFB08CC,8,1.20,安全梯﹝無障礙樓梯﹞、台電配電室、電錶區、受電箱、甲梯安全梯,鋼筋混凝土造,106年9月5日,十五層,,
RPUNMLMJKIKGFFB08CC,8,24.89,排煙室、梯廳兼排煙室、特別安全梯、特別安全梯﹝無障礙樓梯﹞、樓梯間、水錶室、排煙機房、消防水箱、電梯機房、水箱機房、管道間,鋼筋混凝土造,106年9月5日,十五層,,
RPUNMLMJKIKGFFB08CC,8,34.35,防空避難室兼停車空間、車道、停車空間,鋼筋混凝土造,106年9月5日,十五層,,
RPWNMLMJKIKGFDB08CC,22,40.78,商業用,鋼筋混凝土造,93年3月11日,十四層,,
RPWNMLMJKIKGFDB08CC,22,5.17,共有部份,鋼筋混凝土造,93年3月11日,十四層,,
RPWNMLMJKIKGFDB08CC,22,24.60,共有部份,鋼筋混凝土造,93年3月11日,十四層,,
RPWNMLMJKIKGFDB08CC,22,11.47,共有部份,鋼筋混凝土造,93年3月11日,十四層,,
RPWNMLMJKIKGFFB28CC,3,99.57,集合住宅,鋼筋混凝土造,111年7月29日,七層,,
RPOOMLMJKIKGFFB57CC,11,74.39,集合住宅,鋼筋混凝土造,104年1月12日,七層,,
RPWNMLMJKIKGFFB28CC,3,98.79,停車空間、昇降機間、消防機房、汙水機房、水箱、車道、防空避難室兼停車空間、機車停車區、電信機房、受電箱區、水錶箱室、機房、台電配電室、緊急發電室、垃圾集中室、門廳、梯廳、外廊、公共服務空間、梯間、電梯機房、樓梯間等２２項,鋼筋混凝土造,111年7月29日,七層,,
RPPNMLMJKIKGFIB87CC,10,180.74,住家用,鋼筋混凝土造,104年9月18日,四層,,
RPOOMLMJKIKGFFB57CC,11,66.04,防空避難室兼停車空間、消防機械室、清水池、停車空間、發電機室、電信室、台電配電室、管委會使用空間、社區管理室、門廳、梯廳、游泳池、樓梯間、機械室、水箱,鋼筋混凝土造,104年1月12日,七層,,
RPUNMLMJKIKGFDB87CC,2,22.94,集合住宅,鋼筋混凝土造,112年6月13日,七層,,
RPUNMLMJKIKGFDB87CC,2,14.06,本共有部分之項目為電信室、消防機房、昇降機、人行道、安全梯、梯廳、機房、梯間、停車空間等九項。,鋼筋混凝土造,112年6月13日,七層,,
RPSNMLMJKIKGFDB67CC,3,17.62,住家用,鋼筋混凝土造,111年10月20日,四層,,
RPSNMLMJKIKGFDB67CC,3,13.46,本共有部分之項目有住宅、樓梯間等２項,鋼筋混凝土造,111年10月20日,四層,,
RPTNMLMJKIKGFFB97CC,18,203.86,人行道、停車空間、住宅,鋼筋混凝土造,96年7月25日,四層,,
RPPPMLMJKIKGFCB47CC,26,14.85,住家用,鋼筋混凝土造,88年5月29日,八層,,
RPPPMLMJKIKGFCB47CC,26,4.31,共有部份,鋼筋混凝土造,88年5月29日,八層,,
RPPPMLMJKIKGFCB47CC,26,5.28,共有部份,鋼筋混凝土造,88年5月29日,八層,,
RPQNMLMJKIKGFIB97CC,33,72.23,集合住宅,鋼筋混凝土造,81年8月23日,十三層,,
RPQNMLMJKIKGFIB97CC,33,14.36,共有部份,鋼筋混凝土造,81年8月23日,十三層,,
RPUOMLMJKIKGFCB87CC,1,22.24,集合住宅,鋼筋混凝土造,114年5月15日,十二層,,
RPUOMLMJKIKGFCB87CC,1,17.67,本共有部分係依使用執照之建築物概要表記載項目有：停車空間、汽車昇降機、機械室、消防幫浦室、梯廳、安全梯、昇降機間、防空避難室、電信室、台電配電場所、緊急發電機室、人行道、門廳、走道、管理委員會（會議室）、管理委員會（辦公室）、機房、樓梯間、電梯機房、水箱、蓄水池等２１項。,鋼筋混凝土造,114年5月15日,十二層,,
RPRNMLMJKIKGFDB57CC,2,21.08,集合住宅,鋼筋混凝土造,112年6月13日,七層,,
RPRNMLMJKIKGFDB57CC,2,14.06,本共有部分之項目為電信室、消防機房、昇降機、人行道、安全梯、梯廳、機房、梯間、停車空間等九項。,鋼筋混凝土造,112年6月13日,七層,,
RPSNMLMJKIKGFIB18CC,34,71.40,集合住宅,鋼筋混凝土造,81年4月30日,九層,,
RPSNMLMJKIKGFIB18CC,34,21.14,梯間、水塔、防空避難室、機房,鋼筋混凝土造,81年4月30日,九層,,
RPRNMLMJKIKGFIB08CC,8,64.57,集合住宅,鋼筋混凝土造,106年9月18日,十一層,,
RPRNMLMJKIKGFIB08CC,8,45.32,本共有部分之項目有：防空避難室兼停車空間、機房、污水機房、水箱、消防機房、緊急發電機室、電錶室、梯廳、排煙室、安全梯、緊急昇降機、管道間、行動不便者電梯、車道、台電配電室、電信室、門廊、門廳、管委會使用空間、戶外安全梯、資源回收室、排煙室兼梯廳、水錶機房、樓梯間、機械室、電梯機房等２６項,鋼筋混凝土造,106年9月18日,十二層,,
RPPNMLMJKIKGFKB08CC,37,16.54,住家用,鋼筋混凝土造,77年9月10日,五層,,
RPPNMLMJKIKGFKB08CC,37,3.03,梯間及走道,鋼筋混凝土造,77年9月10日,五層,,
RPQNMLMJKIKGFKB18CC,37,16.54,住家用,鋼筋混凝土造,77年9月10日,五層,,
RPQNMLMJKIKGFKB18CC,37,3.03,梯間及走道,鋼筋混凝土造,77年9月10日,五層,,
RPQNMLNJKIKGFAB27CC,3,85.00,集合住宅,鋼筋混凝土造,111年12月14日,十三層,,
RPQNMLNJKIKGFAB27CC,3,42.85,本共有部分係依使用執照之建築概要表記載項目有：防空避難室兼停車空間、雨／污水機房、梯廳兼排煙室、水箱、安全梯、消防機房兼發電機室、緊急昇降機、一般昇降機、停車空間、電信室、電錶室、台電配電室、受電箱室、機車停車空間、管理委員會空間、集中垃圾貯存空間、戶外安全梯、梯廳、車道、走廊、梯間、機械室、一般梯、水錶室等共計２４項。,鋼筋混凝土造,111年12月14日,十三層,,
RPRNMLNJKIKGFAB37CC,46,87.85,集合住宅,鋼筋混凝土造,68年12月8日,五層,,
RPSNMLNJKIKGFAB47CC,29,25.30,住家用,鋼骨造,86年1月31日,二十八層,,
RPSNMLNJKIKGFAB47CC,29,.92,共同使用,鋼骨造,86年1月31日,二十八層,,
RPSNMLNJKIKGFAB47CC,29,7.69,公共設施,鋼骨造,86年1月31日,二十八層,,
RPSNMLNJKIKGFAB47CC,29,3.48,共有部分,鋼骨造,86年1月31日,二十八層,,
RPTNMLNJKIKGFAB57CC,33,51.44,住家用,鋼筋混凝土造,81年11月20日,十四層,,
RPTNMLNJKIKGFAB57CC,33,3.02,共有部分,鋼筋混凝土造,81年11月20日,十四層,,
RPVNMLNJKIKGFAB77CC,31,80.98,住家用,鋼筋混凝土造,83年10月1日,八層,,
RPUNMLNJKIKGFAB67CC,15,176.12,店舖,鋼筋混凝土造,100年1月5日,十五層,,
RPVNMLNJKIKGFAB77CC,31,10.96,人行道、梯間,鋼筋混凝土造,83年10月1日,八層,,
RPUNMLNJKIKGFAB67CC,15,34.61,本共有部分之項目有Ａ～Ｈ梯梯間排煙室、Ａ～Ｈ水箱、機械室、Ａ～Ｈ梯梯間等四項。,鋼筋混凝土造,100年1月5日,十五層,,
RPVNMLNJKIKGFAB77CC,31,28.86,共有部分,鋼筋混凝土造,83年10月1日,八層,,
RPUNMLNJKIKGFAB67CC,15,35.50,本共有部分之項目有停車空間、Ａ～Ｈ水箱、污水機房、緊急發電室、Ａ～Ｈ梯梯間排煙室、防空避難室兼停車空間、台電配電室Ａ、消防幫浦室、台電配電室Ｂ、管理委員會使用空間（大廳、交誼室、遊戲室、資源回收室）、梯廳、基地內通路、雨遮、頂蓋型廣場式開放空間等十四項。,鋼筋混凝土造,100年1月5日,十五層,,
RPUNMLNJKIKGFAB67CC,15,.13,辦公室,鋼筋混凝土造,100年1月5日,十五層,,
RPUNMLNJKIKGFAB67CC,15,30.80,本共有部分之項目有停車空間、Ａ～Ｈ水箱、污水機房、緊急發電室、Ａ～Ｈ梯梯間排煙室、防空避難室兼停車空間、台電配電室Ａ、消防幫浦室、台電配電室Ｂ、管理委員會使用空間（大廳、交誼室、遊戲室、資源回收室）、梯廳、基地內通路、雨遮、頂蓋型廣場式開放空間等十四項。,鋼筋混凝土造,100年1月5日,十五層,,
RPQOMLNJKIKGFAB37CC,32,84.05,住家用,鋼筋混凝土造,82年8月21日,七層,,
RPQOMLNJKIKGFAB37CC,32,28.38,共有部分,鋼筋混凝土造,82年8月21日,七層,,
RPXNMLNJKIKGFAB97CC,29,22.08,集合住宅,鋼筋混凝土造,85年10月16日,十二層,,
RPXNMLNJKIKGFAB97CC,29,9.58,共同使用,鋼筋混凝土造,85年10月16日,十二層,,
RPXNMLNJKIKGFAB97CC,29,18.31,本共有部分之項目有人行道、門廳、梯間、走道、機械室、水箱、停車空間、防空避難室、花台、平台等１０項。,鋼筋混凝土造,85年10月16日,十二層,,
RPWNMLNJKIKGFAB87CC,49,22.56,住商用,鋼筋混凝土造,66年4月6日,三層,,
RPROMLNJKIKGFAB47CC,48,55.12,住家用,鋼筋混凝土造,66年7月19日,十一層,,
RPVOMLNJKIKGFAB87CC,3,53.20,集合住宅,鋼筋混凝土造,112年4月24日,十五層,,
RPPOMLNJKIKGFAB27CC,30,98.91,集合住宅,鋼筋混凝土造,84年11月21日,七層,,
RPUPMLNJKIKGFAB87CC,32,99.18,商業用,鋼筋混凝土造,83年4月20日,十三層,,
RPPOMLNJKIKGFAB27CC,30,39.45,防空避難室．停車空間．人行道．店舖．樓梯間．機械室．水塔,鋼筋混凝土造,84年11月21日,七層,,
RPUPMLNJKIKGFAB87CC,32,58.23,防空避難室、停車空間、人行道、機械室、水箱、梯間,鋼筋混凝土造,83年4月20日,十三層,,
RPVOMLNJKIKGFAB87CC,3,41.76,本共有部份係依使用執照之建築概要表記載項目有：防空避難室兼停車空間、排煙室、樓梯間、一般昇降機、緊急昇降機兼行動不便者使用、雨水機房、消防機房、水箱、車道、停車空間、受電箱區、緊急發電機室、台電配電室、電錶集中區、電信機房、機車停車區、梯廳、門廳、垃圾集中室、公共服務空間、管委會使用空間、走廊、機房、公用廁所、水錶機房、電梯機房等共計２６項。,鋼筋混凝土造,112年4月24日,十五層,,
RPVPMLNJKIKGFAB97CC,28,133.77,辦公室,鋼筋混凝土造,87年4月16日,十三層,,
RPVPMLNJKIKGFAB97CC,28,80.21,共有部分,鋼筋混凝土造,87年4月16日,十三層,,
RPVPMLNJKIKGFAB97CC,28,25.70,共有部分,鋼筋混凝土造,87年4月16日,十三層,,
RPUOMLNJKIKGFAB77CC,31,23.31,住家用,鋼筋混凝土造,84年1月13日,十九層,,
RPUOMLNJKIKGFAB77CC,31,3.84,共有部分,鋼筋混凝土造,84年1月13日,十九層,,
RPUOMLNJKIKGFAB77CC,31,8.40,梯間．水箱．機械室,鋼筋混凝土造,84年1月13日,十九層,,
RPXOMLNJKIKGFAB08CC,31,19.23,住家用,鋼筋混凝土造,84年1月13日,十九層,,
RPXOMLNJKIKGFAB08CC,31,3.22,共有部份,鋼筋混凝土造,84年1月13日,十九層,,
RPOPMLNJKIKGFAB27CC,40,13.22,住家用,鋼筋混凝土造,75年4月1日,五層,,
RPXOMLNJKIKGFAB08CC,31,8.36,梯間．水箱．機械室,鋼筋混凝土造,84年1月13日,十九層,,
RPXPMLNJKIKGFAB18CC,27,18.25,住家用,鋼筋混凝土造,87年5月20日,七層,,
RPXPMLNJKIKGFAB18CC,27,12.26,共有部份,鋼筋混凝土造,87年5月20日,七層,,
RPOOMLNJKIKGFAB17CC,32,81.58,住家用,鋼筋混凝土造,82年12月20日,十三層,,
RPOOMLNJKIKGFAB17CC,32,24.63,共有部分,鋼筋混凝土造,82年12月20日,十三層,,
RPPPMLNJKIKGFAB37CC,30,38.26,集合住宅,鋼筋混凝土造,84年9月11日,七層,,
RPPPMLNJKIKGFAB37CC,30,16.93,人行道、梯間、機械室、防空避難室、水箱,鋼筋混凝土造,84年9月11日,七層,,
RPQPMLNJKIKGFAB47CC,44,15.92,商業用,鋼筋混凝土造,70年8月15日,十三層,,
RPPPMLNJKIKGFAB37CC,30,7.35,停車空間,鋼筋混凝土造,84年9月11日,七層,,
RPQPMLNJKIKGFAB47CC,44,5.66,梯間、避難室、餐廳、機房,鋼筋混凝土造,70年8月15日,十三層,,
RPWPMLNJKIKGFAB08CC,27,15.08,住家用,鋼筋混凝土造,87年5月20日,七層,,
RPPNMLNJKIKGFBB27CC,9,140.12,集合住宅,鋼筋混凝土造,105年7月17日,二十八層,,
RPWPMLNJKIKGFAB08CC,27,9.22,共有部份,鋼筋混凝土造,87年5月20日,七層,,
RPPNMLNJKIKGFBB27CC,9,77.80,本共有部份係依使用執照之建築概要表記載項目有：停車空間，水箱，污水機房，消防機房，樓梯間，排煙室，昇降機間，防空避難室兼停車空間，電信室，台電配電室，發電機室，機房，人行道，頂蓋型開放空間（外廊），門廳，管理室，公共設施，防災中心，垃圾處理室，中繼機房，梯廳，中繼水箱，電梯機房等２３項,鋼筋混凝土造,105年7月17日,二十八層,,
RPWOMLNJKIKGFAB97CC,19,107.03,住宅．集合住宅．梯間,鋼筋混凝土造,95年8月1日,十五層,,
RPWOMLNJKIKGFAB97CC,19,49.67,共用,鋼筋混凝土造,95年8月1日,十五層,,
RPQNMLNJKIKGFBB37CC,23,64.96,住家用,鋼筋混凝土造,91年8月7日,二十四層,,
RPQNMLNJKIKGFBB37CC,23,49.17,共有部分,鋼筋混凝土造,91年8月7日,二十四層,,
RPRNMLNJKIKGFBB47CC,43,59.23,住家用,加強磚造,72年1月19日,二層,,
RPOQMLNJKIKGFAB37CC,43,22.43,住家用,鋼筋混凝土造,71年6月24日,八層,,
RPOQMLNJKIKGFAB37CC,43,6.66,共有部份,鋼筋混凝土造,71年6月24日,八層,,
RPPQMLNJKIKGFAB47CC,31,26.52,住家用,鋼筋混凝土造,83年6月25日,十二層,,
RPWNMLNJKIKGFBB97CC,48,93.83,住家用,鋼筋混凝土造,67年3月6日,四層,,
RPPQMLNJKIKGFAB47CC,31,9.30,共有部分,鋼筋混凝土造,83年6月25日,十二層,,
RPSNMLNJKIKGFBB57CC,31,21.79,住家用,鋼筋混凝土造,84年4月12日,十二層,,
RPWNMLNJKIKGFBB97CC,48,4.36,共有部分,鋼筋混凝土造,67年3月6日,四層,,
RPSNMLNJKIKGFBB57CC,31,8.46,共有部分,鋼筋混凝土造,84年4月12日,十二層,,
RPTNMLNJKIKGFBB67CC,33,125.25,住家用,鋼筋混凝土造,81年9月18日,十四層,,
RPUNMLNJKIKGFBB77CC,32,30.76,住家用,鋼筋混凝土造,83年2月7日,十八層,,
RPTNMLNJKIKGFBB67CC,33,10.83,共有部分,鋼筋混凝土造,81年9月18日,十四層,,
RPUNMLNJKIKGFBB77CC,32,19.68,共有部分,鋼筋混凝土造,83年2月7日,十八層,,
RPUNMLNJKIKGFBB77CC,32,15.82,共有部分,鋼筋混凝土造,83年2月7日,十八層,,
RPVNMLNJKIKGFBB87CC,10,100.53,集合住宅,鋼筋混凝土造,104年8月13日,十五層,,
RPVNMLNJKIKGFBB87CC,10,60.61,本共有部份係依使用執照之建築概要表記載項目有：停車空間，排煙室，樓梯間，昇降機間，水箱，污水機房，緊急發電機室，消防機房，電信室，防空避難室兼停車空間，外廊，水景機房，台電配電室，人行道，梯廳，門廳，垃圾集中處，沿街步道式開放空間（頂蓋型），管委會使用空間，管理室，車道，水錶箱室及電梯機房等２３項,鋼筋混凝土造,104年8月13日,十五層,,
RPXNMLNJKIKGFBB08CC,4,57.14,集合住宅,鋼筋混凝土造,111年4月25日,十五層,,
RPXNMLNJKIKGFBB08CC,4,53.28,本共有部分係依使用執照之建築概要表記載項目有：防空避難室兼停車空間、排煙室、樓梯間、昇降機間、消防機房、雨水機房、車道、水箱、停車空間、機械室、台電配電室、電信室、發電機房、門廳、走廊、頂蓋型開放空間、公共服務空間、資源回收中心、梯廳、梯間、水錶箱室、電梯機房等２２項。,鋼筋混凝土造,111年4月25日,十五層,,
RPPOMLNJKIKGFBB37CC,30,26.59,住家用,鋼筋混凝土造,84年11月24日,二十四層,,
RPPOMLNJKIKGFBB37CC,30,14.36,防空避難室，停車空間，門廳，樓梯間，機械室，水箱,鋼筋混凝土造,84年11月24日,二十四層,,
RPOOMLNJKIKGFBB27CC,42,87.01,集合住宅,鋼筋混凝土造,73年4月11日,七層,,
RPWOMLNJKIKGFBB08CC,31,29.75,商業用,鋼筋混凝土造,83年12月22日,十七層,,
RPXOMLNJKIKGFBB18CC,20,47.37,住家用,鋼筋混凝土造,94年12月8日,十八層,,
RPWOMLNJKIKGFBB08CC,31,13.83,防空避難室、樓梯間、機械室、水塔、地下庭園、管理員辦公室,鋼筋混凝土造,83年12月22日,十七層,,
RPQOMLNJKIKGFBB47CC,29,20.46,住家用,鋼筋混凝土造,85年7月15日,十四層,,
RPXOMLNJKIKGFBB18CC,20,19.00,共有部分,鋼筋混凝土造,94年12月8日,十八層,,
RPQOMLNJKIKGFBB47CC,29,6.58,共有部分,鋼筋混凝土造,85年7月15日,十四層,,
RPSOMLNJKIKGFBB67CC,30,33.63,住家用,鋼筋混凝土造,84年6月26日,二十四層,,
RPQOMLNJKIKGFBB47CC,29,4.93,共有部分,鋼筋混凝土造,85年7月15日,十四層,,
RPSOMLNJKIKGFBB67CC,30,10.30,共有部分,鋼筋混凝土造,84年6月26日,二十四層,,
RPSOMLNJKIKGFBB67CC,30,7.78,共有部分,鋼筋混凝土造,84年6月26日,二十四層,,
RPSOMLNJKIKGFBB67CC,30,.00,共有部分,鋼筋混凝土造,84年6月26日,二十四層,,
RPROMLNJKIKGFBB57CC,46,50.49,住家用,鋼筋混凝土造,69年2月14日,七層,,
RPUOMLNJKIKGFBB87CC,29,28.48,住家用,鋼筋混凝土造,85年7月15日,十四層,,
RPUOMLNJKIKGFBB87CC,29,8.66,共有部份,鋼筋混凝土造,85年7月15日,十四層,,
RPUOMLNJKIKGFBB87CC,29,6.59,共有部份,鋼筋混凝土造,85年7月15日,十四層,,
RPUOMLNJKIKGFBB87CC,29,.00,共有部份,鋼筋混凝土造,85年7月15日,十四層,,
RPVOMLNJKIKGFBB97CC,31,33.85,商業用,鋼筋混凝土造,83年12月22日,十七層,,
RPVOMLNJKIKGFBB97CC,31,15.71,防空避難室、樓梯間、機械室、水塔、地下庭園、管理員辦公室,鋼筋混凝土造,83年12月22日,十七層,,
RPOPMLNJKIKGFBB37CC,1,101.07,集合住宅,鋼筋混凝土造,114年1月16日,二十四層,,
RPOPMLNJKIKGFBB37CC,1,77.25,本共有部份係依使用執照之建築概要表記載項目有：防空避難室兼停車空間，排煙室，樓梯間，一般昇降機，緊急昇降機，汙水機械室，機械室，消防機房，水箱，車道，一般安全梯，停車空間，電信室，水景機械室，戲水池機房，緊急發電機室，台電配電室，消防蓄水池，電錶室，防災中心，消防中繼機房，梯廳，公設管委會使用空間，門廳，儲藏室，管理室，特別安全梯，梯間，消防水箱，水錶箱室，電梯機房等３２項。,鋼筋混凝土造,114年1月16日,二十四層,,
RPSPMLNJKIKGFBB77CC,32,97.11,住家用,鋼筋混凝土造,83年1月12日,七層,,
RPSPMLNJKIKGFBB77CC,32,11.47,共有部分,鋼筋混凝土造,83年1月12日,七層,,
RPUPMLNJKIKGFBB97CC,30,18.42,住家用,鋼筋混凝土造,84年6月7日,二十一層,,
RPUPMLNJKIKGFBB97CC,30,11.61,共有部份,鋼筋混凝土造,84年6月7日,二十一層,,
RPTPMLNJKIKGFBB87CC,1,85.52,集合住宅,鋼筋混凝土造,113年6月5日,十五層,,
RPPNMLNJKIKGFCB37CC,28,138.49,住家用,鋼筋混凝土造,86年7月18日,十四層,,
RPPNMLNJKIKGFCB37CC,28,43.76,共有部份,鋼筋混凝土造,86年7月18日,十四層,,
RPTPMLNJKIKGFBB87CC,1,69.87,本共有部份係依使用執照之建築概要表記載項目有：防空避難室兼停車空間，水箱，排煙室，樓梯間，緊急昇降機，一般昇降機，消防機房，雨水機房，機房，緊急發電機室，停車空間，台電配電室，電信室，機車停車空間，梯廳，機電設備空間，頂蓋型開放空間，管委會使用空間，公共服務空間，走廊，資源回收中心，游泳池，梯間，電梯機房，水錶箱室等２５項,鋼筋混凝土造,113年6月5日,十五層,,
RPPNMLNJKIKGFCB37CC,28,13.30,共有部份,鋼筋混凝土造,86年7月18日,十四層,,
RPQNMLNJKIKGFCB47CC,32,134.17,住家用,鋼筋混凝土造,83年5月9日,十二層,,
RPQNMLNJKIKGFCB47CC,32,49.03,共用部份,鋼筋混凝土造,83年5月9日,十二層,,
RPWPMLNJKIKGFBB18CC,17,18.50,住家用,鋼筋混凝土造,97年11月28日,十七層,,
RPWPMLNJKIKGFBB18CC,17,3.86,共有部分,鋼筋混凝土造,97年11月28日,十七層,,
RPWPMLNJKIKGFBB18CC,17,7.76,共有部分,鋼筋混凝土造,97年11月28日,十七層,,
RPTNMLNJKIKGFCB77CC,43,26.74,住商用,鋼筋混凝土造,72年3月23日,三層,,
RPQPMLNJKIKGFBB57CC,1,54.33,集合住宅,鋼筋混凝土造,113年6月5日,十五層,,
RPQPMLNJKIKGFBB57CC,1,54.38,本共有部份係依使用執照之建築概要表記載項目有：防空避難室兼停車空間，水箱，排煙室，樓梯間，緊急昇降機，一般昇降機，消防機房，雨水機房，機房，緊急發電機室，停車空間，台電配電室，電信室，機車停車空間，梯廳，機電設備空間，頂蓋型開放空間，管委會使用空間，公共服務空間，走廊，資源回收中心，游泳池，梯間，電梯機房，水錶箱室等２５項,鋼筋混凝土造,113年6月5日,十五層,,
RPUNMLNJKIKGFCB87CC,43,26.74,住商用,鋼筋混凝土造,72年3月23日,三層,,
RPVNMLNJKIKGFCB97CC,43,53.48,住商用,鋼筋混凝土造,72年3月23日,三層,,
RPVPMLNJKIKGFBB08CC,32,21.05,住家用,鋼筋混凝土造,83年1月26日,七層,,
RPVPMLNJKIKGFBB08CC,32,5.68,共有部份,鋼筋混凝土造,83年1月26日,七層,,
RPSNMLNJKIKGFCB67CC,19,11.00,住家用,鋼筋混凝土造,95年6月28日,十層,,
RPWNMLNJKIKGFCB08CC,23,89.54,住家用,鋼筋混凝土造,92年5月13日,十四層,,
RPXNMLNJKIKGFCB18CC,32,16.68,住家用,鋼筋混凝土造,83年1月20日,七層,,
RPWNMLNJKIKGFCB08CC,23,6.79,共用,鋼筋混凝土造,92年5月13日,十四層,,
RPWNMLNJKIKGFCB08CC,23,33.23,共用,鋼筋混凝土造,92年5月13日,十四層,,
RPXNMLNJKIKGFCB18CC,32,11.60,共有部份,鋼筋混凝土造,83年1月20日,七層,,
RPOOMLNJKIKGFCB37CC,30,165.18,住家用,鋼筋混凝土造,84年11月3日,十六層,,
RPOOMLNJKIKGFCB37CC,30,51.17,共有部份,鋼筋混凝土造,84年11月3日,十六層,,
RPPOMLNJKIKGFCB47CC,31,44.14,住宅、停車空間,鋼筋混凝土造,84年5月30日,四層,,
RPTOMLNJKIKGFCB87CC,40,21.97,住家用,鋼筋混凝土造,74年7月29日,七層,,
RPTOMLNJKIKGFCB87CC,40,4.13,共有部份,鋼筋混凝土造,74年7月29日,七層,,
RPQNMLNJKIKGFDB57CC,9,28.54,住家用,鋼筋混凝土造,105年7月19日,五層,,
RPRNMLNJKIKGFDB67CC,9,25.89,寄宿舍,鋼筋混凝土造,105年7月19日,五層,,
RPPNMLNJKIKGFFB67CC,9,47.93,集合住宅,鋼筋混凝土造,106年4月12日,七層,,
RPPNMLNJKIKGFFB67CC,9,16.03,防空避難室兼停車空間、台電配電室、電信室、發電機室兼消防機械室、梯廳、梯間、管委會使用空間、資源回收室、樓梯間、機械室、水箱,鋼筋混凝土造,106年4月12日,七層,,
RPQNMLNJKIKGFFB77CC,1,105.64,集合住宅,鋼筋混凝土造,113年8月5日,十五層,,
RPQNMLNJKIKGFFB77CC,1,78.75,停車空間、消防機房、污雨水機房、水箱、排煙室、樓梯間、電梯間、安全梯、防空避難室兼停車空間、資源回收室、台電配電室、發電機房、電信機房、管理委員會使用空間、社區公共設施空間、走廊、門廳、梯廳、車道、戶外安全梯／無障礙樓梯、特別安全梯、機械室等２２項。,鋼筋混凝土造,113年8月5日,十五層,,
RPRNMLNJKIKGFFB87CC,,62.85,集合住宅,鋼筋混凝土造,114年8月11日,十五層,,
RPRNMLNJKIKGFFB87CC,,59.38,防空避難室兼停車空間、排煙室、樓梯間、昇降機間、消防機房、污水機房、水箱、車道、停車空間、機房、電信室、緊急發電機室、台電配電室、門廳、梯廳、管委會空間、垃圾集中室、廁所、宅配室、設備空間、梯間、水錶箱室、電梯機房等２３項。,鋼筋混凝土造,114年8月11日,十五層,,
RPSNMLNJKIKGFFB97CC,1,52.12,集合住宅,鋼筋混凝土造,113年12月6日,十二層,,
RPSNMLNJKIKGFFB97CC,1,36.58,防空避難室兼停車空間、安全梯、昇降機間、排煙室、消防機械室、污水機房、蓄水池、景觀噴水機房、台電配電室、發電機室、電信室、梯廳、戶外安全梯、機電設備空間、管理委員會使用空間、一般昇降機、垃圾集中貯存空間、車道、門廊、樓梯間、機械室、水錶室、電梯機械室、水箱,鋼筋混凝土造,113年12月6日,十二層,,
RPTNMLNJKIKGFFB08CC,43,131.99,住家用,加強磚造,71年11月15日,二層,,
RPUNMLNJKIKGFFB18CC,19,22.05,住家用,鋼筋混凝土造,96年1月9日,五層,,
RPUNMLNJKIKGFFB18CC,19,.72,水箱、梯間,鋼筋混凝土造,96年1月9日,五層,,
RPUNMLNJKIKGFFB18CC,19,5.41,住家用,鋼筋混凝土造,96年1月9日,五層,,
RPVNMLNJKIKGFFB28CC,6,57.40,集合住宅,鋼筋混凝土造,108年12月10日,十層,,
RPVNMLNJKIKGFFB28CC,6,63.51,防空避難室兼停車空間、污雨水機械室、消防機械室、水箱、梯廳、排煙室、昇降機間、停車空間、台電配電室、機械室、電信室、發電機室、管委會使用空間、垃圾室、車道、走廊、梯間、水錶室,鋼筋混凝土造,108年12月10日,十層,,
RPWNMLNJKIKGFFB38CC,2,79.81,集合住宅,鋼筋混凝土造,112年11月4日,十五層,,
RPWNMLNJKIKGFFB38CC,2,64.11,防空避難室兼停車空間、排煙室、樓梯間、昇降機間、污水機房兼雨水回收設備機房、消防機房、水箱、車道、停車空間、電信室、緊急發電機室、台電配電室、機車停車區、機房、沿街步道式開放空間（等寬有頂蓋型）、梯廳、門廳、垃圾集中室、管委會使用空間、公設（游泳池）、梯間、安全梯、水錶箱室、電梯機房等２４項,鋼筋混凝土造,112年11月4日,十五層,,
RPPOMLNJKIKGFFB77CC,6,54.86,集合住宅,鋼筋混凝土造,108年7月30日,十二層,,
RPPOMLNJKIKGFFB77CC,6,58.42,防空避難設備兼停車空間、機房、自來水機房、消房機房、排煙室、緊急升降機、停車空間、發電機房、電表機房、電信機房、受電機房、台電配電室、進氣機房、排氣機房、戶外無障礙安全梯、垃圾回收室、管委會空間、門廳、樓梯間、電梯間、水箱,鋼筋混凝土造,108年7月30日,十二層,,
RPPNMLNJKIKGFHB87CC,32,104.31,集合住宅,鋼筋混凝土造,82年5月25日,十二層,,
RPPNMLNJKIKGFHB87CC,32,47.65,共用部份,鋼筋混凝土造,82年5月25日,十二層,,
RPQOMLNJKIKGFFB87CC,1,50.48,集合住宅,鋼筋混凝土造,113年10月24日,十五層,,
RPQOMLNJKIKGFFB87CC,1,57.43,防空避難室兼停車空間、一般昇降機、安全梯無障礙樓梯、緊急昇降機行動不便者、水箱、梯廳兼排煙室、機房、雨汙水機房、消防機房、停車空間、電信室、機械室、緊急發電機室、台電配電室、電錶區、梯廳、垃圾暫存室、車道、機車停車空間、戶外安全梯、管理委員會使用空間、戶外安全梯無障礙樓梯、排煙室、機電設備空間、室內安全梯無障礙樓梯、梯間、機械室（水錶室）、昇降機道、室內安全梯、電梯機房等３０項,鋼筋混凝土造,113年10月24日,十五層,,
RPROMLNJKIKGFFB97CC,1,93.03,集合住宅,鋼筋混凝土造,114年4月14日,十五層,,
RPROMLNJKIKGFFB97CC,1,70.79,防空避難室兼停車空間、排煙室、水箱、機房、消防機械室、污水機械室、雨水機械室、揚水泵機械室、安全梯、一般昇降機、緊急昇降機行動不便者、停車空間、台電配電室、發電機室、電信室、梯廳、垃圾暫存室、管委會使用空間、走廊、車道、機車停車區、戶外安全梯、機械室、水錶室、一般梯、梯間共計２６項。,鋼筋混凝土造,114年4月14日,十五層,,
RPPNMLNJKIKGFIB97CC,6,42.94,集合住宅,鋼筋混凝土造,108年12月16日,十二層,,
RPPNMLNJKIKGFIB97CC,6,23.69,本共有部分之項目有防空避難室兼停車空間．消防機房．污雨水機房．機房．水箱．排煙室．安全梯．緊急昇降機．一般昇降機．停車空間．台電配電室．機車停車區．發電機室．電信室．車道．梯廳．走廊．管委會使用空間．機電設備空間．戶外安全梯．外廊．公共服務空間．垃圾暫存室．機械室（水錶室）．昇降機道．梯間．機械室等２７項。,鋼筋混凝土造,108年12月16日,十二層,,
RPQNMLNJKIKGFHB97CC,30,145.24,住家用,鋼筋混凝土造,84年8月21日,三層,,
RPRNMLNJKIKGFHB08CC,18,193.98,停車空間、住宅、梯間,鋼筋混凝土造,96年9月12日,三層,,
RPRNMLNJKIKGFHB08CC,18,38.99,機械室、管理室,鋼筋混凝土造,96年9月12日,四層,,
RPQNMLNJKIKGFIB08CC,45,92.54,集合住宅,鋼筋混凝土造,70年1月30日,四層,,
RPRNMLNJKIKGFIB18CC,4,84.42,集合住宅,鋼筋混凝土造,110年9月13日,十三層,,
RPRNMLNJKIKGFIB18CC,4,48.50,本共有部分之項目有停車空間、揚水泵、污水機房、游泳池水箱、消防機械室、汽機車坡道、樓梯間、雨水機房、汽車坡道、發電機室、垃圾貯存空間、台電配電室、受電箱區、噴灌機房、電信室、門廳、休憩區、公共服務空間、戶外安全梯、安全梯、管理委員會使用空間、游泳池機房及噴泉池機房、男廁、女廁、男更衣室、女更衣室等２６項。,鋼筋混凝土造,110年9月13日,十三層,,
RPRNMLNJKIKGFIB18CC,4,24.12,本共有部分之項目有一般昇降機兼行動不便者使用、緊急昇降機、排煙室兼緊急昇降機間、水箱、戶外安全梯、樓梯間、梯廳、安全梯、消防水箱、錶箱室、機械室等１１項。,鋼筋混凝土造,110年9月13日,十三層,,
RPSNMLNJKIKGFIB28CC,40,103.93,住宅、梯間,加強磚造,74年8月25日,二層,,
RPVNMLNJKIKGFIB58CC,6,59.26,集合住宅,鋼筋混凝土造,108年5月30日,十二層,,
RPVNMLNJKIKGFIB58CC,6,62.80,防空避難室兼停車空間、梯廳、一般昇降機、緊急昇降機、污水機械室、水箱、排煙室、消防機械室、安全梯、停車空間、車道、電信室、發電機械室、台電配電室、公共服務空間、垃圾暫存室、機車停車空間、管委會使用空間、戶外安全梯、梯間、水錶室、走廊、機械室等２３項。,鋼筋混凝土造,108年5月30日,十二層,,
RPTNMLNJKIKGFIB38CC,35,124.90,集合住宅．店舖,鋼筋混凝土造,79年11月17日,八層,,
RPTNMLNJKIKGFIB38CC,35,31.92,共有部分,鋼筋混凝土造,79年11月17日,八層,,
RPUNMLNJKIKGFIB48CC,21,115.71,店舖．停車空間．人行道,鋼筋混凝土造,94年3月14日,十層,,
RPUNMLNJKIKGFIB48CC,21,35.07,共有部份,鋼筋混凝土造,94年3月14日,十層,,
RPWNMLNJKIKGFIB68CC,4,57.64,集合住宅,鋼筋混凝土造,110年7月20日,十五層,,
RPWNMLNJKIKGFIB68CC,4,56.18,停車空間、排煙室、樓梯間、昇降機間、消防機房、污水機房、水箱、車道、機房、噴灌機房、電信室、緊急發電機室、台電配電室、垃圾集中室、頂蓋型廣場式開放空間、門廳、梯廳、社區設施、梯間、水錶箱室、電梯機房等２１項。,鋼筋混凝土造,110年7月20日,十五層,,
RPXNMLNJKIKGFIB78CC,6,58.02,集合住宅,鋼筋混凝土造,109年3月31日,十五層,,
RPXNMLNJKIKGFIB78CC,6,55.54,本共有部分之項目有梯間、樓梯間、機電空間、水箱、停車空間、管委會空間、防空避難室、門廳、梯廳等９項。,鋼筋混凝土造,109年3月31日,十五層,,
RPOOMLNJKIKGFIB97CC,3,69.28,集合住宅,鋼筋混凝土造,111年8月5日,二十層,,
RPOOMLNJKIKGFIB97CC,3,38.66,停車空間、梯廳、昇降機、無障礙電梯、樓梯間、車道、機房、雨、污水機械室、消防機械室兼消防中繼機械室、水箱、機械室、公共水箱、泳池機房、水景機房、機房機械室、電信室、發電機房、垃圾貯存空間、台電配電場所、電錶區等２０項。,鋼筋混凝土造,111年8月5日,二十層,,
RPOOMLNJKIKGFIB97CC,3,22.90,管委會使用空間、梯廳、排煙室、緊急昇降機、昇降機、無障礙電梯、防災中心、警衛室、游泳池、樓梯間、水錶室、消防中繼機械室、消防水箱、設備空間、機械室、自來水箱等１６項。,鋼筋混凝土造,111年8月5日,二十層,,
RPPNMLNJKIKGFJB08CC,30,76.89,集合住宅,鋼筋混凝土造,85年2月16日,八層,,
RPPNMLNJKIKGFJB08CC,30,23.00,共有部份,鋼筋混凝土造,85年2月16日,八層,,
RPQNMLNJKIKGFJB18CC,53,91.98,住家用,加強磚造,62年5月12日,二層,,
RPRNMLNJKIKGFJB28CC,32,151.04,住家用,鋼筋混凝土造,82年9月4日,四層,,
RPSNMLNJKIKGFJB38CC,35,67.37,集合住宅,鋼筋混凝土造,79年7月18日,六層,,
RPSNMLNJKIKGFJB38CC,35,17.35,避難室、人行道、水塔、梯間、停車場、機械、廠房,鋼筋混凝土造,79年7月18日,六層,,
RPUNMLNJKIKGFJB58CC,27,154.14,店鋪，住宅，梯間,鋼筋混凝土造,88年3月3日,三層,,
RPTNMLNJKIKGFJB48CC,1,54.59,集合住宅,鋼筋混凝土造,113年7月1日,十五層,,
RPTNMLNJKIKGFJB48CC,1,56.97,本共有部分之項目有防空避難室兼停車空間、消防機房、雨汙水機房、水箱、緊急昇降機間兼排煙室、室內安全梯、車道、停車空間、電信機房、室內安全梯、緊急發電機室、台電配電室、電錶室、景觀泳池機房、變電室、機械室、管委會空間、走廊、梯廳、垃圾貯存空間、公共服務空間、游泳池、門廳、戶外安全梯、水錶室等、電梯機房等２６項,鋼筋混凝土造,113年7月1日,十五層,,
RPWNMLNJKIKGFJB78CC,2,52.76,集合住宅,鋼筋混凝土造,113年3月27日,十五層,,
RPWNMLNJKIKGFJB78CC,2,50.99,停車空間兼防空避難室、安全梯間、車道、停車空間、排煙室、台電配電室、污水機房、電錶室、水箱、消防機房、電信室、發電機房、一般昇降機、緊急昇降機、管道間、管理委員會使用空間（會客空間、資源回收室）、梯廳、排煙室兼梯廳、安全梯、儲藏室、機械室、水錶室、樓梯間、水箱、電梯機房等２５項。,鋼筋混凝土造,113年3月27日,十五層,,
RPVNMLNJKIKGFJB68CC,32,77.53,集合住宅,鋼筋混凝土造,82年6月19日,七層,,
RPVNMLNJKIKGFJB68CC,32,23.80,避難室、機房、水箱、梯間,鋼筋混凝土造,82年6月19日,七層,,
RPVNMLNJKIKGFJB68CC,32,14.88,停車空間,鋼筋混凝土造,82年6月19日,七層,,
RPXNMLNJKIKGFJB88CC,46,86.71,廠房、倉庫、宿舍、住宅,加強磚造,68年9月8日,二層,,
RPPNMLNJKIKGFKB18CC,38,16.53,住家用,鋼筋混凝土造,76年12月12日,五層,,
RPQNMLNJKIKGFKB28CC,22,58.97,住家用,鋼筋混凝土造,93年3月23日,五層,,
RPQNMLNJKIKGFKB28CC,,21.22,門廳、停車空間、樓梯間、水箱室,鋼筋混凝土造,,五層,,
RPTNMLNJKIKGFKB58CC,38,25.00,住家用,鋼筋混凝土造,77年5月20日,四層,,
RPQNMLOJKIKGFAB37CC,45,84.55,住家用,鋼筋混凝土造,70年2月27日,五層,,
RPPNMLOJKIKGFAB27CC,47,70.89,集合住宅,鋼筋混凝土造,68年5月22日,八層,,
RPRNMLOJKIKGFAB47CC,32,46.38,集合住宅,鋼筋混凝土造,83年5月26日,十三層,,
RPRNMLOJKIKGFAB47CC,32,10.69,樓梯間．人行道．水箱．機械房．防空避難室．停車空間,鋼筋混凝土造,83年5月26日,十三層,,
RPSNMLOJKIKGFAB57CC,27,85.86,住家用,鋼筋混凝土造,87年9月30日,十三層,,
RPSNMLOJKIKGFAB57CC,27,48.53,共有部份,鋼筋混凝土造,87年9月30日,十三層,,
RPTNMLOJKIKGFAB67CC,3,52.01,集合住宅,鋼筋混凝土造,111年10月29日,十五層,,
RPTNMLOJKIKGFAB67CC,3,13.65,本共有部份係依使用執照之建築概要表記載項目有：一般昇降機、戶外安全梯、機械室、電梯機械室、水箱等５項。,鋼筋混凝土造,111年10月29日,十五層,,
RPTNMLOJKIKGFAB67CC,3,48.12,本共有部份係依使用執照之建築概要表記載項目有：停車空間、電梯廳、一般昇降機、安全梯、Ｂ棟水箱、無障礙安全梯、消防機房、雨汙水機房、Ａ棟水箱、防空避難室兼停車空間、電信室、景觀機房、發電機室、台電配電場所、戶外安全梯、管委會空間等１６項。,鋼筋混凝土造,111年10月29日,十五層,,
RPXOMLNJKIKGFCB28CC,31,13.93,住家用,鋼筋混凝土造,83年9月8日,十三層,,
RPPPMLNJKIKGFCB57CC,28,18.26,住家用,鋼筋混凝土造,86年6月21日,十四層,,
RPXOMLNJKIKGFCB28CC,31,7.68,共有部份,鋼筋混凝土造,83年9月8日,十三層,,
RPPPMLNJKIKGFCB57CC,28,11.75,共有部份,鋼筋混凝土造,86年6月21日,十四層,,
RPOPMLNJKIKGFCB47CC,32,90.57,住家用,鋼筋混凝土造,83年3月25日,十三層,,
RPOPMLNJKIKGFCB47CC,32,17.08,共用部份,鋼筋混凝土造,83年3月25日,十三層,,
RPSPMLNJKIKGFCB87CC,24,15.48,住家用,鋼筋混凝土造,91年2月7日,七層,,
RPTQMLNJKIKGFCB08CC,4,48.46,集合住宅,鋼筋混凝土造,110年10月29日,二十四層,,
RPSPMLNJKIKGFCB87CC,24,12.33,共有部份,鋼筋混凝土造,91年2月7日,七層,,
RPSQMLNJKIKGFCB97CC,34,65.61,住家用,鋼筋混凝土造,80年11月27日,五層,,
RPSQMLNJKIKGFCB97CC,34,9.78,共用部份,鋼筋混凝土造,80年11月27日,五層,,
RPTQMLNJKIKGFCB08CC,4,11.05,本共有部分係依使用執照之建築物概要表記載項目有：梯廳（排煙室）、電梯、緊急昇降電梯（行動不便電梯）、停車空間、消防機房、污水機房、水箱、車道、樓梯間、管道間、泳池水箱、電信室、消防中繼機房、發電機室、機械室、消防中繼水箱、防空避難室兼汽．機停車空間、台電配電室、垃圾集中室、受電箱區、電錶位置等２１項。,鋼筋混凝土造,110年10月29日,二十四層,,
RPTQMLNJKIKGFCB08CC,4,14.98,本共有部分係依使用執照之建築物概要表記載項目有：開放空間（有頂蓋）、管道間、梯廳（排煙室）、樓梯間、緊急升降電梯（行動不便電梯）、門廳、車道、防災中心、管委會使用空間、電梯、廁所、中繼機房、機械室、機械室（水錶區）、電梯機房、子母水箱、消防水箱等１７項。,鋼筋混凝土造,110年10月29日,二十四層,,
RPQQMLNJKIKGFCB77CC,10,395.56,辦公室,鋼骨鋼筋混凝土造,104年8月7日,三十八層,,
RPQQMLNJKIKGFCB77CC,10,50.66,本共有部分係依使用執照之建築概要表記載項目有：停車空間、消防幫浦室、蓄水池、進風機位置、排風機位置、安全梯、排煙室、污水機房、電梯廳、幫浦室、機械房、防空避難室兼停車空間、緊急發電機房、消防中繼機房、電信機房、進風機房、機械室、機車停車空間、台電配電室、排風機房、電表箱、受電箱等２２項。,鋼骨鋼筋混凝土造,104年8月7日,三十八層,,
RPWPMLNJKIKGFCB28CC,34,146.23,商業用,鋼筋混凝土造,81年3月31日,十三層,,
RPUPMLNJKIKGFCB08CC,24,58.31,辦公室,鋼筋混凝土造,91年2月7日,七層,,
RPWPMLNJKIKGFCB28CC,34,86.55,共用部份,鋼筋混凝土造,81年3月31日,十三層,,
RPQQMLNJKIKGFCB77CC,10,232.69,本共有部分係依使用執照之建築概要表記載項目有：大廳、污物處理機房、汽車車道、女廁、男廁、防災中心、頂蓋型開放空間、特安梯、排煙室、梯廳、安全梯、熱水機房、走廊、管委會空間、電梯機房、女男廁、梯廳台電配電室污物處理機房中繼消防機房電表室、公共外廊、雨水過濾水槽、設備空間、昇降機間、雨水槽、中繼機房、蓄水池等２４項。,鋼骨鋼筋混凝土造,104年8月7日,三十八層,,
RPUPMLNJKIKGFCB08CC,24,46.07,共有部份,鋼筋混凝土造,91年2月7日,七層,,
RPTPMLNJKIKGFCB97CC,26,13.89,住家用,鋼筋混凝土造,88年5月29日,八層,,
RPTPMLNJKIKGFCB97CC,26,4.04,共有部份,鋼筋混凝土造,88年5月29日,八層,,
RPTPMLNJKIKGFCB97CC,26,4.94,共有部份,鋼筋混凝土造,88年5月29日,八層,,
RPUNMLOJKIKGFAB77CC,32,28.88,住家用,鋼筋混凝土造,83年2月2日,八層,,
RPUNMLOJKIKGFAB77CC,32,15.15,人行道．梯間．防空避難室．機械室．水塔,鋼筋混凝土造,83年2月2日,八層,,
RPPQMLNJKIKGFCB67CC,32,115.00,商業用,鋼筋混凝土造,83年1月20日,十三層,,
RPRPMLNJKIKGFCB77CC,35,116.56,商業用,鋼筋混凝土造,79年6月14日,十七層,,
RPPQMLNJKIKGFCB67CC,32,69.71,共有部份,鋼筋混凝土造,83年1月20日,十三層,,
RPVOMLNJKIKGFCB08CC,28,21.10,住家用,鋼筋混凝土造,86年6月21日,十四層,,
RPUOMLNJKIKGFCB97CC,3,63.28,集合住宅,鋼筋混凝土造,112年4月19日,二十四層,,
RPRPMLNJKIKGFCB77CC,35,24.64,共用部份,鋼筋混凝土造,79年6月14日,十七層,,
RPUOMLNJKIKGFCB97CC,3,33.86,本共有部分係依使用執照之建築概要表記載項目有：停車空間，安全梯，梯間，排煙室，緊急昇降機，昇降機，雨水機房，消防機房，水箱，機房，防空避難室兼停車空間，緊急發電機室，電信室，車道，機車停車空間，無障礙昇降機，台電配電室，電錶室，大廳，梯廳，樓梯，特別安全梯，防災中心，泳池機房，景觀亭，門廳，茶水間，管委會辦公室，管委會會議室，男女廁所，廊道，走廊，樓梯間，機械室，水錶室，消防中繼水箱，資源回收室，出入口緩衝空間，外廊，入口玄關，公共廁所等４１項。,鋼筋混凝土造,112年4月19日,二十四層,,
RPVOMLNJKIKGFCB08CC,28,12.66,共有部份,鋼筋混凝土造,86年6月21日,十四層,,
RPRPMLNJKIKGFCB77CC,35,24.09,共用部份,鋼筋混凝土造,79年6月14日,十七層,,
RPUOMLNJKIKGFCB97CC,3,13.59,本共有部分係依使用執照之建築概要表記載項目有：特別安全梯，梯廳，排煙室，緊急昇降機，昇降機，樓梯間等６項,鋼筋混凝土造,112年4月19日,二十四層,,
RPVPMLNJKIKGFCB18CC,27,84.77,住家用,鋼筋混凝土造,88年2月6日,十三層,,
RPVPMLNJKIKGFCB18CC,27,20.59,共有部份,鋼筋混凝土造,88年2月6日,十三層,,
RPVPMLNJKIKGFCB18CC,27,15.55,共有部份,鋼筋混凝土造,88年2月6日,十三層,,
RPQPMLNJKIKGFCB67CC,24,15.48,住家用,鋼筋混凝土造,91年2月7日,七層,,
RPQPMLNJKIKGFCB67CC,24,12.33,共有部份,鋼筋混凝土造,91年2月7日,七層,,
RPOQMLNJKIKGFCB57CC,13,115.52,辦公室〈第１２組〉、機械室,鋼骨鋼筋混凝土造,101年12月19日,二十九層,,
RPOQMLNJKIKGFCB57CC,13,94.35,本共有部分係依使用執照之建築概要表記載項目有：防空避難室兼停車空間、停車空間、電信室、台電配電室、雨水回收池、門廳、排煙室、機械室、水箱、污水機械室、消防機械室、梯廳、緊急發電機室、垃圾處理場、台電配電室專用管道間、梯間、管道間、車道、防災中心、機車停車空間、台電受電箱機房、中繼水箱、管委會使用、電梯機房、管委會、門廊、男廁、女廁、頂蓋型開放空間、造型牆等３０項。,鋼骨鋼筋混凝土造,101年12月19日,二十九層,,
RPVNMLOJKIKGFAB87CC,41,27.97,住家用,鋼筋混凝土造,74年5月21日,十二層,,
RPVNMLOJKIKGFAB87CC,41,5.48,共有部分,鋼筋混凝土造,74年5月21日,十二層,,
RPRNMLOJKIKGFBB57CC,42,29.75,住商用,鋼筋混凝土造,72年6月24日,三層,,
RPOOMLOJKIKGFAB27CC,29,25.54,集合住宅,鋼筋混凝土造,85年8月29日,十四層,,
RPOOMLOJKIKGFAB27CC,29,14.66,共同使用,鋼筋混凝土造,85年8月29日,十四層,,
RPPNMLOJKIKGFBB37CC,12,17.12,店舖、住宅、樓梯間、停車空間、人行道,鋼筋混凝土造,103年1月10日,五層,,
RPQNMLOJKIKGFBB47CC,30,16.43,住家用,鋼筋混凝土造,84年6月26日,二十四層,,
RPQNMLOJKIKGFBB47CC,30,4.53,共有部份,鋼筋混凝土造,84年6月26日,二十四層,,
RPSNMLOJKIKGFBB67CC,11,60.67,集合住宅,鋼筋混凝土造,104年4月23日,二十二層,,
RPQNMLOJKIKGFBB47CC,30,3.46,共有部份,鋼筋混凝土造,84年6月26日,二十四層,,
RPSNMLOJKIKGFBB67CC,11,26.37,本共有部分係依使用執照之建築概要表記載項目有：停車空間，消防機房，污水處理機房，水箱，排煙室，梯廳，昇降機間，樓梯間，電信室，緊急發電機室，防空避難室兼停車空間，台電配電室，機車停車區等１３項,鋼筋混凝土造,104年4月23日,二十二層,,
RPSNMLOJKIKGFBB67CC,11,14.37,本共有部分係依使用執照之建築概要表記載項目有：人行道，門廳，公共服務空間，排煙室，梯廳，外廊，樓梯間，昇降機間，垃圾集中室，走廊，中繼機房，梯間，電梯機房，水錶箱室，水箱等１５項,鋼筋混凝土造,104年4月23日,二十二層,,
RPVNMLOJKIKGFBB97CC,3,70.41,集合住宅,鋼筋混凝土造,111年7月28日,二十四層,,
RPTNMLOJKIKGFBB77CC,10,63.04,集合住宅,鋼筋混凝土造,105年2月4日,十一層,,
RPVNMLOJKIKGFBB97CC,3,66.52,本共有部份係依使用執照之建築概要表記載項目有：防空避難室兼停車空間，排煙室，樓梯間，緊急昇降機，一般昇降機，污、雨水機械室，消防機械室，水箱，車道，停車空間，機電空間，電信室，緊急發電機室、台電配電室，防災中心，消防中繼機房，機械室，電錶區，水箱室，機車停車區，門廳，廁所，管委會使用空間，走廊，垃圾集中室，公共服務空間，頂蓋型開放空間，儲藏室，信箱室，宅配室，中繼水塔，梯間，梯廳，電梯機房，水錶箱室等３５項．,鋼筋混凝土造,111年7月28日,二十四層,,
RPTNMLOJKIKGFBB77CC,10,52.98,本共有部份係依使用執照之建築概要表記載項目有：管理員室、公共服務空間、梯廳、樓梯間、昇降設備、資源回收室、水箱、車道、停車空間、防空避難室兼停車空間、消防機房、雨水回收、污水處理機房、台電配電室、發電機房、電信機房、梯間等１７項。,鋼筋混凝土造,105年2月4日,十二層,,
RPTNMLOJKIKGFBB77CC,10,11.63,本共有部份係依使用執照之建築概要表記載項目有：樓梯間，梯廳，昇降設備，水箱，機械室，梯間等６項。,鋼筋混凝土造,105年2月4日,十二層,,
RPQOMLOJKIKGFBB57CC,13,179.93,店舖．住宅．人行道,鋼筋混凝土造,102年5月2日,四層,,
RPUNMLOJKIKGFBB87CC,27,82.02,住家用,鋼筋混凝土造,87年12月4日,十四層,,
RPUNMLOJKIKGFBB87CC,27,26.56,共有部份,鋼筋混凝土造,87年12月4日,十四層,,
RPSOMLOJKIKGFBB77CC,22,207.96,停車空間，住宅，梯間,鋼筋混凝土造,92年9月18日,五層,,
RPUNMLOJKIKGFBB87CC,27,7.03,共有部份,鋼筋混凝土造,87年12月4日,十四層,,
RPROMLOJKIKGFBB67CC,3,80.09,店舖,鋼筋混凝土造,112年5月25日,十五層,,
RPROMLOJKIKGFBB67CC,3,44.40,本共有部份係依使用執照之建築概要表記載項目有：停車空間，車道，安全梯，排煙室，昇降機間，消防機房，水箱，機車停車空間，法定防空避難室兼停車空間，台電配電室，發電機室，電信室等１２項。,鋼筋混凝土造,112年5月25日,十五層,,
RPROMLOJKIKGFBB67CC,3,11.36,本共有部份係依使用執照之建築概要表記載項目有：安全梯，梯廳，昇降機間，排煙室，管理室，會議室，公共廁所，垃圾儲藏室，排風機房，水錶室，電梯機房，屋頂水箱等１２項。,鋼筋混凝土造,112年5月25日,十五層,,
RPWOMLOJKIKGFBB18CC,44,74.22,住家用,鋼筋混凝土造,70年10月16日,五層,,
RPWOMLOJKIKGFBB18CC,44,7.63,共有部分,鋼筋混凝土造,70年10月16日,五層,,
RPWNMLOJKIKGFBB08CC,7,39.31,集合住宅,鋼筋混凝土造,107年11月30日,十五層,,
RPUOMLOJKIKGFBB97CC,7,28.36,本共有部分係依使用執照之建築概要表記載項目有：停車空間，一般安全梯，排煙室，緊急用昇降機，消防機房，污水機房，昇降機，水箱，機房，電信機房，防空避難室兼停車空間，台電配電室，緊急發電機室，戶外安全梯，管理員室，管委會使用空間，環保資源室，梯廳，梯間，機械室，水錶室等２１項,鋼筋混凝土造,107年11月30日,十五層,,
RPWNMLOJKIKGFBB08CC,7,22.17,本共有部分係依使用執照之建築概要表記載項目有：停車空間，一般安全梯，排煙室，緊急用昇降機，消防機房，污水機房，昇降機，水箱，機房，電信機房，防空避難室兼停車空間，台電配電室，緊急發電機室，戶外安全梯，管理員室，管委會使用空間，環保資源室，梯廳，梯間，機械室，水錶室等２１項,鋼筋混凝土造,107年11月30日,十五層,,
RPTOMLOJKIKGFBB87CC,22,73.55,住家用,ＲＣ造,93年4月28日,五層,,
RPTOMLOJKIKGFBB87CC,43,4.80,共有部份,鋼筋混凝土造,71年8月30日,五層,,
RPVOMLOJKIKGFBB08CC,29,21.04,住家用,鋼筋混凝土造,85年6月27日,二十四層,,
RPTOMLOJKIKGFBB87CC,22,8.26,共有部份,ＲＣ造,93年4月28日,五層,,
RPVOMLOJKIKGFBB08CC,29,1.85,共有部分,鋼筋混凝土造,85年6月27日,二十四層,,
RPVOMLOJKIKGFBB08CC,29,.60,共有部分,鋼筋混凝土造,85年6月27日,二十四層,,
RPVOMLOJKIKGFBB08CC,29,.00,共有部分,鋼筋混凝土造,85年6月27日,二十四層,,
RPVOMLOJKIKGFBB08CC,29,7.31,共有部分,鋼筋混凝土造,85年6月27日,二十四層,,
RPVOMLOJKIKGFBB08CC,29,.00,共有部分,鋼筋混凝土造,85年6月27日,二十四層,,
RPVOMLOJKIKGFBB08CC,29,1.23,共有部分,鋼筋混凝土造,85年6月27日,二十四層,,
RPOOMLOJKIKGFBB37CC,41,113.53,住家用,鋼筋混凝土造,74年1月5日,二層,,
RPOPMLOJKIKGFBB47CC,31,62.08,商業用,鋼筋混凝土造,83年12月22日,十七層,,
RPPPMLOJKIKGFBB57CC,29,20.46,住家用,鋼筋混凝土造,85年7月15日,十四層,,
RPPPMLOJKIKGFBB57CC,29,6.58,共有部份,鋼筋混凝土造,85年7月15日,十四層,,
RPPPMLOJKIKGFBB57CC,29,4.93,共有部份,鋼筋混凝土造,85年7月15日,十四層,,
RPPPMLOJKIKGFBB57CC,29,.00,共有部份,鋼筋混凝土造,85年7月15日,十四層,,
RPPNMLOJKIKGFCB47CC,6,30.84,店鋪、樓梯間、停車空間、住宅、機電設備空間,鋼筋混凝土造,108年10月23日,五層,,
RPRPMLOJKIKGFBB77CC,4,56.78,集合住宅,鋼筋混凝土造,110年9月24日,十五層,,
RPRPMLOJKIKGFBB77CC,4,11.01,本共有部分係依使用執照之建築概要表記載項目有：梯廳（兼排煙室、緊急昇降機間），無障礙安全梯，緊急昇降機，一般昇降機，水箱，汙雨水、揚水機械室，消防機械室，機電設備，防空避難室兼停車空間，車道，停車空間，電信室，台電配電室，電錶室，發電機室，機車停車空間等１６項,鋼筋混凝土造,110年9月24日,十五層,,
RPRPMLOJKIKGFBB77CC,4,19.83,本共有部分係依使用執照之建築概要表記載項目有：騎樓兼頂蓋型開放空間，梯廳（排煙室），管委會使用空間，外廊，緊急昇降機，一般昇降機，公共服務空間，戶外安全梯，戶外無障礙梯，機電設備，車道，垃圾儲藏室，梯廳，戶外無障礙安全梯，機械室，水錶室，樓梯間，電梯機房，水箱等１９項,鋼筋混凝土造,110年9月24日,十五層,,
RPWNMLOJKIKGFCB18CC,16,18.99,共有,鋼筋混凝土造,98年8月13日,二十六層,,
RPRNMLOJKIKGFCB67CC,24,24.96,人行道、辦公室、住房、店舖、停車空間、樓梯間,鋼筋混凝土造,91年5月23日,五層,,
RPQNMLOJKIKGFCB57CC,27,43.95,店舖、住宅、停車空間、樓梯間、水箱,鋼筋混凝土造,87年8月5日,五層,,
RPSNMLOJKIKGFCB77CC,14,94.16,住家用,鋼筋混凝土造,101年4月27日,九層,,
RPSNMLOJKIKGFCB77CC,14,75.88,本共有部分之項目有停車空間、水箱、消防污水機房、車道、梯間、停車空間兼防空避難室、發電機室、台電配電室、電信室、機車停車區、管理室、門廳、公共服務空間（文康室）、公共服務空間（交誼廳）、資源回收室等十五項。,鋼筋混凝土造,101年4月27日,九層,,
RPSNMLOJKIKGFCB77CC,14,20.89,本共有部分之項目有梯廳、梯間、樓梯間、機械室、水箱等五項。,鋼筋混凝土造,101年4月27日,九層,,
RPOOMLOJKIKGFCB47CC,24,34.64,人行道、辦公室、住房、店舖、停車空間、樓梯間,鋼筋混凝土造,91年5月23日,五層,,
RPTNMLOJKIKGFCB87CC,29,81.43,集合住宅,鋼筋混凝土造,85年6月15日,十二層,,
RPTNMLOJKIKGFCB87CC,29,48.84,共有部分,鋼筋混凝土造,85年6月15日,十二層,,
RPVNMLOJKIKGFCB08CC,18,67.35,住家用,鋼筋混凝土造,96年9月29日,十三層,,
RPPOMLOJKIKGFCB57CC,30,142.21,住家用,鋼筋混凝土造,84年10月24日,二十五層,,
RPVNMLOJKIKGFCB08CC,18,16.44,共用,鋼筋混凝土造,96年9月29日,十三層,,
RPPOMLOJKIKGFCB57CC,30,40.58,共有部份,鋼筋混凝土造,84年10月24日,二十五層,,
RPVNMLOJKIKGFCB08CC,18,8.78,共用,鋼筋混凝土造,96年9月29日,十三層,,
RPPOMLOJKIKGFCB57CC,30,8.30,共有部份,鋼筋混凝土造,84年10月24日,二十五層,,
RPPOMLOJKIKGFCB57CC,30,2.12,共有部份,鋼筋混凝土造,84年10月24日,二十五層,,
RPPOMLOJKIKGFCB57CC,30,17.43,共有部份,鋼筋混凝土造,84年10月24日,二十五層,,
RPQOMLOJKIKGFCB67CC,19,101.34,住家用,鋼筋混凝土造,95年12月5日,十五層,,
RPSOMLOJKIKGFCB87CC,52,55.56,住家用,加強磚造,62年6月1日,一層,,
RPQOMLOJKIKGFCB67CC,19,21.24,共用,鋼筋混凝土造,95年12月5日,十五層,,
RPQOMLOJKIKGFCB67CC,19,15.78,共用,鋼筋混凝土造,95年12月5日,十五層,,
RPROMLOJKIKGFCB77CC,30,172.30,住商用,鋼筋混凝土造,84年7月12日,五層,,
RPROMLOJKIKGFCB77CC,30,36.38,共有部份,鋼筋混凝土造,84年7月12日,五層,,
RPRNMLOJKIKGFDB77CC,35,86.03,住商用,鋼筋混凝土造,79年12月15日,四層,,
RPUNMLOJKIKGFDB08CC,40,230.97,住宅、店舖、避難室,鋼筋混凝土造,75年4月4日,三層,,
RPVNMLOJKIKGFDB18CC,39,114.11,住家用,加強磚造,75年11月22日,二層,,
RPTNMLOJKIKGFFB18CC,3,78.33,集合住宅,鋼筋混凝土造,111年7月29日,七層,,
RPTNMLOJKIKGFFB18CC,3,65.50,停車空間、昇降機間、消防機房、汙水機房、水箱、車道、防空避難室兼停車空間、機車停車區、電信機房、受電箱區、水錶箱室、機房、台電配電室、緊急發電室、垃圾集中室、門廳、梯廳、外廊、公共服務空間、梯間、電梯機房、樓梯間等２２項,鋼筋混凝土造,111年7月29日,七層,,
RPPNMLOJKIKGFHB97CC,2,63.06,集合住宅,鋼筋混凝土造,113年2月26日,十五層,,
RPPNMLOJKIKGFFB77CC,43,106.72,住商用,鋼筋混凝土造,71年9月11日,四層,,
RPPNMLOJKIKGFHB97CC,2,7.32,本共有部分之項目有管委會使用空間、公共服務空間、管道間、廊道、資源回收室、排煙室、安全梯、戶外安全梯、梯廳、緊急昇降機、昇降機、梯間、機械室、水箱、水錶室、電梯機械室等十六項,鋼筋混凝土造,113年2月26日,十五層,,
RPPNMLOJKIKGFHB97CC,2,11.95,梯廳、排煙室、戶外安全梯、管道間、緊急昇降機、昇降機等六項,鋼筋混凝土造,113年2月26日,十五層,,
RPPNMLOJKIKGFHB97CC,2,11.78,本共有部分之項目有防空避難室兼停車空間、排煙室、安全梯、水箱、車道、台電配電室、緊急發電機室、電信室、緊急昇降機、昇降機、停車空間、消防機房、雨／污水機房、揚水泵機房等十四項,鋼筋混凝土造,113年2月26日,十五層,,
RPSNMLOJKIKGFFB08CC,2,70.56,集合住宅,鋼筋混凝土造,112年12月29日,十五層,,
RPSNMLOJKIKGFFB08CC,2,60.49,防空避難室兼停車空間、排煙室、安全梯、昇降機間、消防機房、污水機房、機房、水箱、車道、停車空間、電信室、緊急發電機室、台電配電室、門廳、排煙室（梯廳）、管委會空間、儲藏室、垃圾集中室、梯廳、梯間、水錶箱室、電梯機房等２２項。,鋼筋混凝土造,112年12月29日,十五層,,
RPTNMLOJKIKGFIB48CC,52,85.80,住家用,加強磚造,62年12月20日,二層,,
RPPNMLOJKIKGFIB08CC,7,57.62,集合住宅,鋼筋混凝土造,108年3月5日,十一層,,
RPQNMLOJKIKGFHB08CC,5,40.60,店舖,鋼筋混凝土造,109年9月9日,十五層,,
RPPNMLOJKIKGFIB08CC,7,66.46,本共有部分之項目有防空避難室兼停車空間．車道．水箱．消防機械室．雨汙水機房．梯廳．排煙室．安全梯．一般昇降機間．無障礙緊急昇降機間．停車空間．發電機室．機械室．電信室．台電配電室．電錶箱區．管委會使用空間．垃圾暫存室．外廊．戶外安全梯．無障礙廁所．陽台．走廊．機電設備空間．水錶室．昇降機道．梯間等２７項,鋼筋混凝土造,108年3月5日,十一層,,
RPQNMLOJKIKGFHB08CC,5,7.85,本共有部分之項目有管委會使用空間、公共服務空間、梯廳、排煙室、昇降機道、安全梯、汽機車道、戶外安全梯、機房、設備空間、廁所、樓梯間、水箱及機械室等十四項,鋼筋混凝土造,109年9月9日,十五層,,
RPQNMLOJKIKGFHB08CC,5,8.25,本共有部分之項目有停車空間、台電配電室、電錶室、電錶區、發電機房、垃圾處理室、排煙室、昇降機道、安全梯、電信室、機械室、防空避難室兼停車空間、消防機房、雨污水機房及蓄水池等十五項,鋼筋混凝土造,109年9月9日,十五層,,
RPSNMLOJKIKGFIB38CC,27,155.10,住宅　梯間,鋼筋混凝土造,87年10月14日,三層,,
RPUNMLOJKIKGFIB58CC,35,102.71,集合住宅,鋼筋混凝土造,80年2月10日,十二層,,
RPVNMLOJKIKGFIB68CC,50,167.06,住家用,加強磚造,64年11月7日,二層,,
RPUNMLOJKIKGFIB58CC,35,49.03,共有部份,鋼筋混凝土造,80年2月10日,十二層,,
RPPNMLOJKIKGFJB18CC,29,88.00,集合住宅,鋼筋混凝土造,86年4月26日,十五層,,
RPPNMLOJKIKGFJB18CC,29,37.82,防空避難室、梯間、水箱、停車空間、機械室,鋼筋混凝土造,86年4月26日,十五層,,
RPWNMLOJKIKGFIB78CC,20,94.06,集合住宅,鋼筋混凝土造,94年10月14日,十層,,
RPWNMLOJKIKGFIB78CC,20,29.57,共有部份,鋼筋混凝土造,94年10月14日,十層,,
RPRNMLOJKIKGFJB38CC,48,77.80,住家用,加強磚造,66年7月10日,二層,,
RPQNMLOJKIKGFJB28CC,32,152.73,住家用,鋼筋混凝土造,83年2月25日,四層,,
RPQNMLOJKIKGFJB28CC,32,33.04,共有部份,鋼筋混凝土造,83年2月25日,四層,,
RPVNMLOJKIKGFJB78CC,17,9.09,辦公室,鋼筋混凝土造,97年7月7日,四層,,
RPVNMLOJKIKGFJB78CC,17,5.26,緊急發電機、台電受電室、機械室、人行道、梯間、消防幫泵室、水箱,鋼筋混凝土造,97年7月7日,四層,,
RPTNMLOJKIKGFJB58CC,26,15.50,住家用,鋼筋混凝土造,88年9月9日,十層,,
RPTNMLOJKIKGFJB58CC,26,8.72,防空避難室兼停車空間、梯間、機械室、水箱,鋼筋混凝土造,88年9月9日,十層,,
RPSNMLOJKIKGFJB48CC,32,60.22,集合住宅,鋼筋混凝土造,82年11月24日,六層,,
RPSNMLOJKIKGFJB48CC,32,33.55,共同使用部份,鋼筋混凝土造,82年11月24日,六層,,
RPRNMLOJKIKGFKB48CC,32,15.20,住家用,鋼筋混凝土造,83年1月20日,四層,,
RPUNMLOJKIKGFJB68CC,17,8.27,辦公室,鋼筋混凝土造,97年7月7日,四層,,
RPPNMLOJKIKGFKB28CC,47,105.30,住商用,加強磚造,68年2月16日,二層,,
RPRNMLOJKIKGFKB48CC,32,3.40,梯間、走道、水箱,鋼筋混凝土造,83年1月20日,四層,,
RPUNMLOJKIKGFJB68CC,17,4.79,緊急發電機、台電受電室、機械室、人行道、梯間、消防幫泵室、水箱,鋼筋混凝土造,97年7月7日,四層,,
RPPNMLPJKIKGFAB37CC,33,93.36,住家用,鋼筋混凝土造,81年11月20日,十四層,,
RPPNMLPJKIKGFAB37CC,33,6.76,共有部份,鋼筋混凝土造,81年11月20日,十四層,,
RPTNMLPJKIKGFAB77CC,30,51.96,集合住宅,鋼骨鋼筋混凝土造,85年5月20日,十九層,,
RPTNMLPJKIKGFAB77CC,30,.58,共同使用,鋼骨鋼筋混凝土造,85年5月20日,十九層,,
RPTNMLPJKIKGFAB77CC,30,6.02,共同使用,鋼骨鋼筋混凝土造,85年5月20日,十九層,,
RPTNMLPJKIKGFAB77CC,30,.00,共同使用,鋼骨鋼筋混凝土造,85年5月20日,十九層,,
RPWNMLOJKIKGFJB88CC,28,103.67,住家用,鋼筋混凝土造,86年6月2日,四層,,
RPWNMLOJKIKGFJB88CC,28,8.53,共有部份,鋼筋混凝土造,86年6月2日,四層,,
RPQNMLPJKIKGFAB47CC,29,24.38,住家用,鋼骨造,86年1月31日,二十八層,,
RPQNMLPJKIKGFAB47CC,29,1.17,共同使用,鋼骨造,86年1月31日,二十八層,,
RPQNMLPJKIKGFAB47CC,29,7.45,公共設施,鋼骨造,86年1月31日,二十八層,,
RPQNMLPJKIKGFAB47CC,29,4.55,共有部分,鋼骨造,86年1月31日,二十八層,,
RPUNMLPJKIKGFAB87CC,30,11.57,集合住宅,鋼筋混凝土造,84年8月23日,十八層,,
RPQNMLOJKIKGFKB38CC,31,81.30,集合住宅,鋼筋混凝土造,84年3月10日,八層,,
RPQNMLOJKIKGFKB38CC,31,10.07,避難室、管理室,鋼筋混凝土造,84年3月10日,八層,,
RPQNMLOJKIKGFKB38CC,31,13.74,梯間、走道、機械房、水塔,鋼筋混凝土造,84年3月10日,八層,,
RPWNMLPJKIKGFAB08CC,29,24.38,住家用,鋼骨造,86年1月31日,二十八層,,
RPWNMLPJKIKGFAB08CC,29,1.17,共同使用,鋼骨造,86年1月31日,二十八層,,
RPWNMLPJKIKGFAB08CC,29,7.45,公共設施,鋼骨造,86年1月31日,二十八層,,
RPWNMLPJKIKGFAB08CC,29,4.55,共有部分,鋼骨造,86年1月31日,二十八層,,
RPPNMLPJKIKGFBB47CC,45,97.42,住家用,鋼筋混凝土造,70年3月23日,五層,,
RPQNMLPJKIKGFBB57CC,43,92.64,住家用,鋼筋混凝土造,71年12月9日,五層,,
RPPNMLPJKIKGFBB47CC,45,6.88,共有部分,鋼筋混凝土造,70年3月23日,(空白),,
RPQNMLPJKIKGFBB57CC,43,13.64,共有部分,鋼筋混凝土造,71年12月9日,五層,,
RPUNMLPJKIKGFBB97CC,11,55.61,集合住宅,鋼筋混凝土造,104年4月23日,二十二層,,
RPSNMLPJKIKGFBB77CC,34,85.89,住家用,鋼筋混凝土造,81年1月23日,六層,,
RPUNMLPJKIKGFBB97CC,11,12.85,本共有部分係依使用執照之建築概要表記載項目有：停車空間，消防機房，污水處理機房，水箱，排煙室，梯廳，昇降機間，樓梯間，電信室，緊急發電機室，防空避難室兼停車空間，台電配電室，機車停車區等１３項,鋼筋混凝土造,104年4月23日,二十二層,,
RPSNMLPJKIKGFBB77CC,34,25.83,共有部份,鋼筋混凝土造,81年1月23日,六層,,
RPVNMLPJKIKGFBB08CC,45,79.56,住家用,鋼筋混凝土造,70年3月23日,五層,,
RPUNMLPJKIKGFBB97CC,11,13.19,本共有部分係依使用執照之建築概要表記載項目有：人行道，門廳，公共服務空間，排煙室，梯廳，外廊，樓梯間，昇降機間，垃圾集中室，走廊，中繼機房，梯間，電梯機房，水錶箱室，水箱等１５項,鋼筋混凝土造,104年4月23日,二十二層,,
RPVNMLPJKIKGFBB08CC,45,5.59,共有部分,鋼筋混凝土造,70年3月23日,(空白),,
RPWNMLPJKIKGFBB18CC,13,49.58,住家用,鋼筋混凝土造,101年12月20日,七層,,
RPWNMLPJKIKGFBB18CC,13,17.80,本共有部份係依使用執照之建築概要表記載項目有：人行道，機械昇降道，管理委員會，梯廳，樓梯間，門廳，水箱，機房等８項,鋼筋混凝土造,101年12月20日,七層,,
RPWNMLPJKIKGFBB18CC,13,9.53,本共有部份係依使用執照之建築概要表記載項目有：停車空間兼防空避難室，台電配電室，發電機室，電信室，消防機械室，污水處理機房，樓梯間，梯廳等８項,鋼筋混凝土造,101年12月20日,七層,,
RPOOMLPJKIKGFBB47CC,30,21.30,住家用,鋼筋混凝土造,84年6月26日,二十四層,,
RPOOMLPJKIKGFBB47CC,30,6.13,共有部分,鋼筋混凝土造,84年6月26日,二十四層,,
RPOOMLPJKIKGFBB47CC,30,4.66,共有部分,鋼筋混凝土造,84年6月26日,二十四層,,
RPXNMLPJKIKGFBB28CC,40,70.73,住家用,鋼筋混凝土造,74年9月6日,五層,,
RPXNMLPJKIKGFBB28CC,40,13.32,共有部份,鋼筋混凝土造,74年9月6日,五層,,
RPOOMLPJKIKGFBB47CC,30,.00,共有部分,鋼筋混凝土造,84年6月26日,二十四層,,
RPUOMLOJKIKGFCB08CC,17,32.07,店舖、住房,鋼筋混凝土造,97年11月27日,二十二層,,
RPTOMLPJKIKGFBB97CC,31,27.46,住家用,鋼筋混凝土造,84年4月12日,十二層,,
RPQOMLPJKIKGFBB67CC,31,17.65,住家用,鋼筋混凝土造,83年11月14日,七層,,
RPTOMLPJKIKGFBB97CC,31,8.46,共有部分,鋼筋混凝土造,84年4月12日,十二層,,
RPQOMLPJKIKGFBB67CC,31,8.59,共有部分,鋼筋混凝土造,83年11月14日,七層,,
RPTOMLOJKIKGFCB97CC,28,31.98,住家用,鋼筋混凝土造,86年12月16日,二十三層,,
RPTOMLOJKIKGFCB97CC,28,5.31,共有部分,鋼筋混凝土造,86年12月16日,二十三層,,
RPROMLPJKIKGFBB77CC,29,41.56,集合住宅,鋼筋混凝土造,85年7月15日,十四層,,
RPTOMLOJKIKGFCB97CC,28,4.58,共有部分,鋼筋混凝土造,86年12月16日,二十三層,,
RPROMLPJKIKGFBB77CC,29,13.99,共有部份,鋼筋混凝土造,85年7月15日,十四層,,
RPTOMLOJKIKGFCB97CC,28,5.36,共有部分,鋼筋混凝土造,86年12月16日,二十三層,,
RPSOMLPJKIKGFBB87CC,10,110.09,集合住宅,鋼筋混凝土造,104年12月28日,十三層,,
RPSOMLPJKIKGFBB87CC,10,53.76,本共有部份係依使用執照之建築概要表記載項目有停車空間，一般安全梯，緊急昇降機，消防機房，機械室，太陽能設備室，防空避難室兼停車空間，台電配電室，緊急發電機室，電信機房，頂蓋型開放空間，門廳，公共服務空間，車道，景觀機房，管委會使用空間，梯廳，排煙室，水箱，泳池設備機房，電錶室，坡道，雨水回收機房，資源回收室，公共管道間：等２５項。,鋼筋混凝土造,104年12月28日,十四層,,
RPROMLPJKIKGFBB77CC,29,10.11,共有部份,鋼筋混凝土造,85年7月15日,十四層,,
RPSOMLPJKIKGFBB87CC,10,20.27,本共有部份係依使用執照之建築概要表記載項目有：緊急昇降機，排煙室，梯廳，水箱，電梯機房，水錶室，太陽能設備室，一般安全梯等８項。,鋼筋混凝土造,104年12月28日,十四層,,
RPROMLPJKIKGFBB77CC,29,.00,共有部份,鋼筋混凝土造,85年7月15日,十四層,,
RPWOMLOJKIKGFCB28CC,19,30.90,住家用,鋼筋混凝土造,95年11月24日,十四層,,
RPOOMLPJKIKGFAB37CC,29,24.23,集合住宅,鋼筋混凝土造,85年6月27日,二十一層,,
RPROMLPJKIKGFAB67CC,28,19.83,店舖，人行道，住宅，梯間,鋼筋混凝土造,86年9月26日,五層,,
RPPOMLPJKIKGFAB47CC,31,89.09,住家用,鋼筋混凝土造,83年7月18日,十二層,,
RPVOMLPJKIKGFAB08CC,5,61.50,集合住宅,鋼筋混凝土造,109年11月25日,十五層,,
RPWOMLOJKIKGFCB28CC,19,13.94,共用,鋼筋混凝土造,95年11月24日,十四層,,
RPOOMLPJKIKGFAB37CC,29,12.58,共同使用,鋼筋混凝土造,85年6月27日,二十一層,,
RPPOMLPJKIKGFAB47CC,31,31.75,防空避難室、開放空間、樓梯間、機械室、水塔,鋼筋混凝土造,83年7月18日,十二層,,
RPVOMLPJKIKGFAB08CC,5,40.74,本共有部分係依使用執照之建築概要表記載項目有：停車空間、緊急發電機室、消防機房、防空避難室兼停車空間、台電配電室、電錶區、受電箱區、備品室、管委會空間（商場附屬空間）管理、臨停車位區、交誼大廳等共１１項,鋼筋混凝土造,109年11月25日,十五層,,
RPVOMLPJKIKGFAB08CC,5,20.34,本共有部分係依使用執照之建築概要表記載項目有：排煙室、一般昇降機、緊急昇降機、污水機房、水箱、一般安全梯、電信室、景觀機房、特別安全梯、戶外安全梯、梯廳、排煙機房、消防水箱、升降機械室等共１４項。,鋼筋混凝土造,109年11月25日,十五層,,
RPXOMLPJKIKGFAB28CC,20,24.33,人行道，店舖，停車空間，住房，樓梯間,鋼筋混凝土造,94年8月3日,四層,,
RPSOMLPJKIKGFAB77CC,32,23.51,住家用,鋼筋混凝土造,82年11月24日,八層,,
RPXOMLOJKIKGFCB38CC,19,11.67,住家用,鋼筋混凝土造,95年7月11日,七層,,
RPSOMLPJKIKGFAB77CC,32,9.82,梯間，走道，機械室，水箱，防空避難室，停車空間,鋼筋混凝土造,82年11月24日,八層,,
RPXOMLOJKIKGFCB38CC,19,16.68,共用,鋼筋混凝土造,95年7月11日,七層,,
RPXOMLOJKIKGFCB38CC,19,2.70,住家用,鋼筋混凝土造,95年7月11日,七層,,
RPXNMLPJKIKGFAB18CC,30,23.89,集合住宅,鋼骨鋼筋混凝土造,85年1月19日,二十二層,,
RPXNMLPJKIKGFAB18CC,30,2.24,樓梯間．機房．蓄水池,鋼骨鋼筋混凝土造,85年1月19日,二十二層,,
RPXNMLPJKIKGFAB18CC,30,2.53,樓梯間,鋼骨鋼筋混凝土造,85年1月19日,二十二層,,
RPUOMLPJKIKGFAB97CC,41,126.01,集合住宅,鋼筋混凝土造,73年7月26日,十一層,,
RPXNMLPJKIKGFAB18CC,30,6.61,防空避難室兼停車空間．走道,鋼骨鋼筋混凝土造,85年1月19日,二十二層,,
RPUOMLPJKIKGFAB97CC,41,14.11,人行道．梯間．機房,鋼筋混凝土造,73年7月26日,十一層,,
RPVOMLOJKIKGFCB18CC,1,61.58,集合住宅,鋼筋混凝土造,113年7月4日,二十四層,,
RPXNMLPJKIKGFAB18CC,30,8.28,走道,鋼骨鋼筋混凝土造,85年1月19日,二十二層,,
RPUOMLPJKIKGFAB97CC,41,9.92,共用,鋼筋混凝土造,73年7月26日,十一層,,
RPVOMLOJKIKGFCB18CC,1,60.42,本共有部分係依使用執照之建築概要表記載項目有：防空避難室兼停車空間、排煙室、樓梯間、一般昇降機、緊急昇降機、污水機房、消防機房、水箱、車道、停車空間、緊急發電機室、防災中心、台電配電室、消防中繼機房、電信機房、機房、機車停車區、梯廳、梯間、廁所、電梯機房、垃圾集中室、公共服務空間、無障礙廁所等二十四項。,鋼筋混凝土造,113年7月4日,二十四層,,
RPWOMLPJKIKGFAB18CC,25,118.29,集合住宅,鋼筋混凝土造,89年8月15日,十六層,,
RPWOMLPJKIKGFAB18CC,25,24.26,共同使用,鋼筋混凝土造,89年8月15日,十六層,,
RPWOMLPJKIKGFAB18CC,25,20.81,共同使用,鋼筋混凝土造,89年8月15日,十六層,,
RPVOMLPJKIKGFBB18CC,2,49.58,集合住宅,鋼筋混凝土造,113年5月27日,十二層,,
RPVOMLPJKIKGFBB18CC,2,54.66,本共有部分係依使用執照之建築概要表記載項目有：防空避難室兼停車空間，排煙室，樓梯間，一般昇降機，緊急昇降機，水箱，消防機房，污水機房，車道，停車空間，緊急發電機室，台電配電室，電信室，景觀機房，機車停車區，梯廳，門廳，垃圾集中室，管委會空間，梯間，電梯機房等２１項。,鋼筋混凝土造,113年5月27日,十二層,,
RPUOMLPJKIKGFBB08CC,12,73.76,住家用,鋼筋混凝土造,102年7月25日,二十二層,,
RPUOMLPJKIKGFBB08CC,12,19.59,本共有部分係依使用執照之建築概要表記載項目有：管委會使用公共設施，垃圾處理室，梯間，梯廳，梯間（排煙室，昇降機間）梯間（梯廳，排煙室，昇降機間），走廊，中繼機械室（中繼水箱），機械室，水箱等１０項,鋼筋混凝土造,102年7月25日,二十二層,,
RPUOMLPJKIKGFBB08CC,12,56.73,本共有部分係依使用執照之建築概要表記載項目有：停車空間，車道，污水機房，清水池，消防機房，機房，梯間（梯廳，排煙室，昇降機間），防空避難室兼停車空間，發電機室，電信室，台電配電室，防災中心，公共設施等１３項,鋼筋混凝土造,102年7月25日,二十二層,,
RPPNMLPJKIKGFCB57CC,19,39.42,住家用,鋼筋混凝土造,95年11月24日,十四層,,
RPPNMLPJKIKGFCB57CC,19,17.69,共用,鋼筋混凝土造,95年11月24日,十四層,,
RPRNMLPJKIKGFCB77CC,30,127.01,住家用,鋼筋混凝土造,85年1月19日,十四層,,
RPRNMLPJKIKGFCB77CC,30,69.84,共有部份,鋼筋混凝土造,85年1月19日,十四層,,
RPQNMLPJKIKGFCB67CC,31,13.47,住家用,鋼筋混凝土造,83年9月8日,十三層,,
RPQNMLPJKIKGFCB67CC,31,7.17,共有部份,鋼筋混凝土造,83年9月8日,十三層,,
RPWNMLPJKIKGFCB28CC,22,125.20,住家用,ＲＣ造,92年11月4日,十四層,,
RPWNMLPJKIKGFCB28CC,22,76.24,共用,ＲＣ造,92年11月4日,十四層,,
RPVNMLPJKIKGFCB18CC,3,19.93,寄宿舍,鋼筋混凝土造,111年7月28日,七層,,
RPVNMLPJKIKGFCB18CC,3,13.60,本共有部分係依使用執照之建築概要表記載項目有：防空避難室兼停車空間、台電配電室、消防及發電機房、電信室、水箱、樓梯間、無障礙昇降機、梯廳、辦公室、管委會使用空間、親子廁所、無障礙廁所、資源回收空間、機房、機房＋管道間、走廊、車道、管道間等十八項。,鋼筋混凝土造,111年7月28日,七層,,
RPQOMLPJKIKGFCB77CC,32,15.97,住家用,鋼筋混凝土造,83年3月28日,七層,,
RPQOMLPJKIKGFCB77CC,32,8.56,共有部分,鋼筋混凝土造,83年3月28日,七層,,
RPUNMLPJKIKGFCB08CC,7,71.24,集合住宅,鋼筋混凝土造,107年7月24日,十一層,,
RPUNMLPJKIKGFCB08CC,7,19.93,本共有部分係依使用執照之建築概要表記載項目有：管委會使用空間、車道、機車道、資源回收室、電梯、行動不便電梯、樓梯間、梯廳、陽台、水錶區、梯間、電梯機房、水箱等１３項。,鋼筋混凝土造,107年7月24日,十一層,,
RPUNMLPJKIKGFCB08CC,7,41.42,本共有部分係依使用執照之建築概要表記載項目有：停車空間、蓄水池、公共蓄水池、發電機房、雨污水機房、消防泵浦室、行動不便電梯、樓梯間、梯廳、防空避難室兼停車空間、台電配電室、泳池兼景觀機房、電信機房、電錶區、儲藏室、錶箱區等１６項。,鋼筋混凝土造,107年7月24日,十一層,,
RPQNMLPJKIKGFDB77CC,1,69.03,集合住宅,鋼筋混凝土造,114年4月25日,五層,,
RPQNMLPJKIKGFDB77CC,1,13.55,本共有部分之項目有樓梯間、梯廳等２項,鋼筋混凝土造,114年4月25日,五層,,
RPRNMLPJKIKGFFB08CC,1,97.43,集合住宅,鋼筋混凝土造,113年10月24日,十五層,,
RPRNMLPJKIKGFFB08CC,1,81.62,防空避難室兼停車空間、消防機械室、污水機房、水箱、車道、機械室、排煙室兼梯廳、一般安全梯兼無障礙樓梯、停車空間、電信室、台電配電室、發電機室、管委會使用空間、門廳、緊急昇降機、戶外安全梯、一般昇降機、公共服務空間、垃圾處理室、管道間、梯廳、電梯管道間、樓梯間、水錶室、電梯機械室等２５項,鋼筋混凝土造,113年10月24日,十五層,,
RPUNMLPJKIKGFFB38CC,25,152.63,住家用,鋼筋混凝土造,89年8月21日,三層,,
RPUNMLPJKIKGFFB38CC,25,45.89,機械室、停車空間,鋼筋混凝土造,89年8月21日,三層,,
RPSNMLPJKIKGFDB97CC,2,61.53,集合住宅,鋼筋混凝土造,112年10月20日,十二層,,
RPSNMLPJKIKGFDB97CC,2,29.63,本共有部分之項目有防空避難室兼停車空間、排煙室、樓梯間、水箱、台電配電室、電信室、雨污水機房、消防機械室、緊急發電機室、車道、梯廳（入口門廳）、停車空間、管委會使用空間（垃圾集中室）、管委會使用空間（會客室）、管委會使用空間（管委辦公室兼會議室）、梯廳、水錶室、電梯機房等１８項。,鋼筋混凝土造,112年10月20日,十二層,,
RPTNMLPJKIKGFFB28CC,2,63.68,集合住宅,鋼筋混凝土造,112年9月28日,十五層,,
RPTNMLPJKIKGFFB28CC,2,50.13,停車空間、雨水機房、污水機房、消防機房、水箱、一般昇降機、防空避難室兼停車空間、電信機房、發電機室、台電配電室、門廳、資源回收室、緊急昇降機、管理委員會使用空間、社區公共設施空間、梯廳、排煙室、外廊、機械室等１９項,鋼筋混凝土造,112年9月28日,十五層,,
RPVNMLPJKIKGFFB48CC,1,52.12,集合住宅,鋼筋混凝土造,113年12月6日,十二層,,
RPVNMLPJKIKGFFB48CC,1,36.58,防空避難室兼停車空間、安全梯、昇降機間、排煙室、消防機械室、污水機房、蓄水池、景觀噴水機房、台電配電室、發電機室、電信室、梯廳、戶外安全梯、機電設備空間、管理委員會使用空間、一般昇降機、垃圾集中貯存空間、車道、門廊、樓梯間、機械室、水錶室、電梯機械室、水箱,鋼筋混凝土造,113年12月6日,十二層,,
RPPNMLPJKIKGFDB67CC,28,17.52,住家用,鋼筋混凝土造,86年6月2日,十三層,,
RPPNMLPJKIKGFDB67CC,28,9.56,共有部份,鋼筋混凝土造,86年6月2日,十三層,,
RPXNMLPJKIKGFCB38CC,31,74.04,住家用,鋼筋混凝土造,84年1月12日,十四層,,
RPXNMLPJKIKGFCB38CC,31,34.87,共有部份,鋼筋混凝土造,84年1月12日,十四層,,
RPOPMLPJKIKGFBB57CC,29,67.89,人行道．店住房,鋼筋混凝土造,85年7月29日,二層,,
RPPOMLPJKIKGFCB67CC,40,103.23,住家用,鋼筋混凝土造,75年5月24日,五層,,
RPOPMLPJKIKGFBB57CC,29,67.79,人行道．店住房,鋼筋混凝土造,85年7月29日,二層,,
RPPOMLPJKIKGFCB67CC,40,5.22,共有部份,鋼筋混凝土造,75年5月24日,五層,,
RPOOMLPJKIKGFCB57CC,31,13.53,住家用,鋼筋混凝土造,83年9月30日,十二層,,
RPOOMLPJKIKGFCB57CC,31,6.60,共有部份,鋼筋混凝土造,83年9月30日,十二層,,
RPRNMLPJKIKGFDB87CC,65,126.91,住家用,加強磚造,49年8月19日,二層,,
RPTNMLPJKIKGFCB97CC,8,46.53,集合住宅,鋼筋混凝土造,107年1月29日,十二層,,
RPXNMLPJKIKGFFB68CC,,84.22,集合住宅,鋼筋混凝土造,114年6月6日,二十八層,,
RPTNMLPJKIKGFCB97CC,8,14.96,本共有部份係依使用執照之建築概要表記載項目有：管委會使用空間、行動不便電梯、電梯、樓梯間、排煙室、梯廳、門廳、緊急升降電梯、外廊、管道間、水錶室、機械室、子母水箱等１３項。,鋼筋混凝土造,107年1月29日,十二層,,
RPXNMLPJKIKGFFB68CC,,22.63,排煙室、昇降機、無障礙安全梯、特別安全梯、無障礙樓梯、梯廳兼排煙室、梯廳、管委會空間、中繼機房、中繼水箱、電梯間、水錶室、樓梯間、電梯機房、機電空間、水箱、安全梯、水箱機房、消防水箱等１９項,鋼筋混凝土造,114年6月6日,二十八層,,
RPTNMLPJKIKGFCB97CC,8,39.77,本共有部份係依使用執照之建築概要表記載項目有：梯廳、停車空間、消防機房、樓梯間、行動不便電梯、電梯、雨水汙水機械室、水箱、車道、陸上型揚水泵、泳池水箱、機械室、電信室、機房、防空避難室兼停車空間、機車停車空間、垃圾集中室、台電配電室、電錶室、受電室、發電機室等２１項。,鋼筋混凝土造,107年1月29日,十二層,,
RPXNMLPJKIKGFFB68CC,,44.25,消防機房、雨水回收機房、車道、機房、水箱、停車空間、進風管道、公共水箱、防空避難室兼停車空間、台電配電室、發電機房、泳池水箱、公共電氣室、機車車道、管委會使用空間、昇降機、大廳、梯廳、警衛室、儲藏室、風除室、排風機房、防災中心、電信室、垃圾暫存室、附屬社區共用空間、附屬共用廚房、機電設備空間、電梯間、設備空間、泳池機房、景觀機房、游泳池、管委會空間、樓電梯間、機電空間、樓梯間等３７項,鋼筋混凝土造,114年6月6日,二十八層,,
RPQOMLPJKIKGFFB08CC,4,151.79,住宅、停車空間、外廊,鋼筋混凝土造,110年7月21日,四層,,
RPQOMLPJKIKGFFB08CC,4,.22,資源回收室,鋼筋混凝土造,110年7月21日,一層,,
RPPNMLPJKIKGFFB87CC,3,80.21,集合住宅,鋼筋混凝土造,112年1月6日,十五層,,
RPROMLPJKIKGFCB87CC,35,27.04,住家用,鋼筋混凝土造,80年4月25日,七層,,
RPPNMLPJKIKGFHB08CC,1,70.61,集合住宅,鋼筋混凝土造,114年4月21日,十二層,,
RPPNMLPJKIKGFFB87CC,3,66.23,防空避難室兼停車空間、車道、排煙室、一般昇降機道、緊急昇降機道、消防機房、機械室、污雨水機房、安全梯、機電設備空間、台電配電室、停車空間、發電機房、電信室、梯廳、戶外安全梯、管委會使用空間、垃圾處理室、走廊、樓梯間、水錶室、梯間、水箱、電梯機房,鋼筋混凝土造,112年1月6日,十五層,,
RPROMLPJKIKGFCB87CC,35,14.03,共有部份,鋼筋混凝土造,80年4月25日,七層,,
RPWNMLPJKIKGFFB58CC,8,85.18,集合住宅,鋼筋混凝土造,106年9月5日,十五層,,
RPPNMLPJKIKGFHB08CC,1,35.80,本共有部分之項目有防空避難室兼停車空間、消防機房、雨污水機房、蓄水池、緊急昇降機排煙室、緊急昇降機兼無障礙電梯、一般昇降機、管道間、無障礙安全梯、停車空間、台電配電室、發電機房、電信室、泳池機房、景觀水池機房、管委會使用空間、公共服務空間、戶外社區游泳池、共同梯廳、機車停車空間、室內安全梯、戶外安全梯、樓梯間、昇降機、水錶室、機械室、水箱等２７項,鋼筋混凝土造,114年4月21日,十二層,,
RPWNMLPJKIKGFFB58CC,8,11.39,管委會使用空間〔蒸氣室，更衣室，交誼室兼閱讀室，兒童遊戲室，健身房，管理中心，儲藏室〕，廁所，門廳，儲藏室，通廊，信箱間，前廳〔風除室〕，門廊，管委會使用空間〔垃圾儲藏室〕，防空避難室兼停車空間，車道，游泳池機房，機房，垃圾車暫停車位，電信室，排風機房，機車停車空間，水箱機房，進風機房，發電機機房，公共水箱，消防泵浦室，雨水及汙水機房,鋼筋混凝土造,106年9月5日,十五層,,
RPWNMLPJKIKGFFB58CC,8,1.13,乙梯安全梯﹝無障礙樓梯﹞、台電配電室、電錶區、受電箱,鋼筋混凝土造,106年9月5日,十五層,,
RPWNMLPJKIKGFFB58CC,8,24.59,排煙室、梯廳兼排煙室、特別安全梯、特別安全梯﹝無障礙樓梯﹞、樓梯間、水錶室、排煙機房、消防水箱、電梯機房、水箱機房、管道間,鋼筋混凝土造,106年9月5日,十五層,,
RPWNMLPJKIKGFFB58CC,8,34.35,防空避難室兼停車空間、車道、停車空間,鋼筋混凝土造,106年9月5日,十五層,,
RPOOMLPJKIKGFFB87CC,1,64.15,集合住宅,鋼筋混凝土造,113年8月5日,十五層,,
RPOOMLPJKIKGFFB87CC,1,52.44,停車空間、消防機房、污雨水機房、水箱、排煙室、樓梯間、電梯間、安全梯、防空避難室兼停車空間、資源回收室、台電配電室、發電機房、電信機房、管理委員會使用空間、社區公共設施空間、走廊、門廳、梯廳、車道、戶外安全梯／無障礙樓梯、特別安全梯、機械室等２２項。,鋼筋混凝土造,113年8月5日,十五層,,
RPSNMLPJKIKGFCB87CC,31,112.55,住家用,鋼筋混凝土造,83年9月6日,十二層,,
RPSNMLPJKIKGFCB87CC,31,23.50,共有部分,鋼筋混凝土造,83年9月6日,十二層,,
RPWOMLPJKIKGFBB28CC,29,57.34,住家用,鋼筋混凝土造,86年2月26日,十二層,,
RPWOMLPJKIKGFBB28CC,29,19.15,共有部分,鋼筋混凝土造,86年2月26日,十二層,,
RPPNMLPJKIKGFIB18CC,33,73.16,集合住宅,鋼筋混凝土造,81年8月23日,十三層,,
RPPNMLPJKIKGFIB18CC,33,18.17,共有部份,鋼筋混凝土造,81年8月23日,十三層,,
RPQNMLPJKIKGFHB18CC,31,185.64,住宅　梯間　水塔　儲藏室,鋼筋混凝土造,83年7月12日,三層,,
RPSNMLPJKIKGFHB38CC,32,95.91,住家用,鋼筋混凝土造,82年12月31日,十四層,,
RPSNMLPJKIKGFHB38CC,32,29.43,共用部份,鋼筋混凝土造,82年12月31日,十四層,,
RPRNMLPJKIKGFIB38CC,6,61.47,集合住宅,鋼筋混凝土造,109年1月20日,十三層,,
RPRNMLPJKIKGFIB38CC,6,63.32,停車空間、車道、樓電梯間、消防機房、污水機房、水箱、排風管道、排煙室、防空避難室兼停車空間、台電配電場所、台電專用管道間、發電機室、電信機房、水景機房、門廳、資源回收室、管理委員委會使用空間、公共服務空間、頂蓋型開放空間、梯廳、樓梯間、機械室等２２項,鋼筋混凝土造,109年1月20日,十三層,,
RPQNMLPJKIKGFIB28CC,11,67.67,集合住宅,鋼筋混凝土造,103年10月22日,二十六層,,
RPRNMLPJKIKGFHB28CC,25,90.75,住家用,鋼筋混凝土造,89年10月13日,七層,,
RPQNMLPJKIKGFIB28CC,11,44.65,本共有部分之項目有停車空間、梯間（梯廳、排煙室、昇降機間）、梯間、排煙室、消防機房、污水機房、水箱、防空避難室兼停車空間、清水池、電信室、台電配電室、發電機房、機車停車區、人行道、垃圾儲藏室、防災中心、中繼機房、車道及機車停車區、梯間（排煙區、昇降機間）、管委會使用空間、車道、門廳、梯廳及機械室等２４項,鋼筋混凝土造,103年10月22日,二十六層,,
RPRNMLPJKIKGFHB28CC,25,32.51,共用部份,鋼筋混凝土造,89年10月13日,七層,,
RPRNMLPJKIKGFHB28CC,25,14.35,停車空間,鋼筋混凝土造,89年10月13日,七層,,
RPSNMLPJKIKGFIB48CC,10,21.69,店舖、住宅、人行道、樓梯間,鋼筋混凝土造,105年1月27日,三層,,
RPTNMLPJKIKGFIB58CC,2,57.58,集合住宅,鋼筋混凝土造,112年8月22日,十五層,,
RPPNMLPJKIKGFJB28CC,2,16.71,集合住宅,鋼筋混凝土造,113年2月7日,五層,,
RPQNMLPJKIKGFJB38CC,1,58.25,集合住宅,鋼筋混凝土造,113年7月1日,十五層,,
RPWNMLPJKIKGFIB88CC,10,15.08,集合住宅,鋼筋混凝土造,105年1月27日,九層,,
RPTNMLPJKIKGFIB58CC,2,38.31,停車空間、排煙室、安全梯、雨汙水機房、消防機械室、機械室、水箱、緊急升降機、一般升降機、無障礙樓梯、發電機室、台電配電室、電信室等１３項。,鋼筋混凝土造,112年8月22日,十五層,,
RPPNMLPJKIKGFJB28CC,2,7.28,本共有部分之項目有安全梯、門廳、梯廳、昇降機、電信室、管道間、停車空間、走廊、外廊,鋼筋混凝土造,113年2月7日,五層,,
RPQNMLPJKIKGFJB38CC,1,60.06,本共有部分之項目有防空避難室兼停車空間、消防機房、雨汙水機房、水箱、緊急昇降機間兼排煙室、室內安全梯、車道、停車空間、電信機房、室內安全梯、緊急發電機室、台電配電室、電錶室、景觀泳池機房、變電室、機械室、管委會空間、走廊、梯廳、垃圾貯存空間、公共服務空間、游泳池、門廳、戶外安全梯、水錶室等、電梯機房等２６項,鋼筋混凝土造,113年7月1日,十五層,,
RPWNMLPJKIKGFIB88CC,10,16.44,本共有部分之項目有防空避難室兼停車空間、停車空間（汽車升降機械道）、電信室、水箱、甲、乙安全梯、電梯梯廳、台電配電室、牌樓、消防機房兼發電機室、人行道、管委會空間、停車空間（含車道、汽車升降機）、走廊、樓梯間等１４項,鋼筋混凝土造,105年1月27日,九層,,
RPWNMLPJKIKGFIB88CC,10,4.68,公共設施（設備空間）,鋼筋混凝土造,105年1月27日,九層,,
RPTNMLPJKIKGFIB58CC,2,9.83,管委會使用空間、游泳池、梯廳、戶外安全梯、安全梯、排煙室、走廊、車道、機車停車區、垃圾資源回收室、緊急升降機、一般升降機、門廳、升降機道、梯間、機械室、機械室（水錶室）、電梯機房、水箱等１９項。,鋼筋混凝土造,112年8月22日,十五層,,
RPTNMLPJKIKGFIB58CC,2,15.13,梯廳、一般升降機、緊急升降機、排煙室、戶外安全梯、機電設備空間等６項,鋼筋混凝土造,112年8月22日,十五層,,
RPUNMLPJKIKGFIB68CC,10,18.90,集合住宅,鋼筋混凝土造,105年1月27日,九層,,
RPUNMLPJKIKGFIB68CC,10,16.16,本共有部分之項目有防空避難室兼停車空間、停車空間（汽車升降機械道）、電信室、水箱、甲、乙安全梯、電梯梯廳、台電配電室、牌樓、消防機房兼發電機室、人行道、管委會空間、停車空間（含車道、汽車升降機）、走廊、樓梯間等１４項,鋼筋混凝土造,105年1月27日,九層,,
RPVNMLPJKIKGFIB78CC,10,18.85,集合住宅,鋼筋混凝土造,105年1月27日,九層,,
RPVNMLPJKIKGFIB78CC,10,16.21,本共有部分之項目有防空避難室兼停車空間、停車空間（汽車升降機械道）、電信室、水箱、甲、乙安全梯、電梯梯廳、台電配電室、牌樓、消防機房兼發電機室、人行道、管委會空間、停車空間（含車道、汽車升降機）、走廊、樓梯間等１４項,鋼筋混凝土造,105年1月27日,九層,,
RPXNMLPJKIKGFIB98CC,44,31.05,集合住宅,鋼筋混凝土造,70年12月1日,七層,,
RPXNMLPJKIKGFIB98CC,44,5.15,共有部份,鋼筋混凝土造,70年12月1日,七層,,
RPXNMLPJKIKGFIB98CC,44,3.82,共有部份,鋼筋混凝土造,70年12月1日,七層,,
RPRNMLPJKIKGFJB48CC,2,83.17,集合住宅,鋼筋混凝土造,113年3月20日,十四層,,
RPRNMLPJKIKGFJB48CC,2,66.81,本共有部分之項目有防空避難室兼停車空間、梯廳兼排煙室、機電設備空間、緊急昇降機道、一般昇降機道、安全梯、消防機械室兼緊急發電機室、雨水機房、台電配電室、電信室、機械室、水箱、停車空間、梯廳、排煙室、戶外安全梯、特別安全梯、車道、管委會使用空間、公共服務空間、走廊、外廊、電梯機房、水錶室及梯間等２５項,鋼筋混凝土造,113年3月20日,十四層,,
RPRNMLQJKIKGFBB77CC,30,22.07,住家用,鋼筋混凝土造,84年11月24日,二十四層,,
RPRNMLQJKIKGFBB77CC,30,14.96,防空避難室，停車空間，門廳，樓梯間，機械室，水箱,鋼筋混凝土造,84年11月24日,二十四層,,
RPPNMLQJKIKGFAB47CC,31,23.63,住家用,鋼筋混凝土造,84年1月13日,十九層,,
RPPNMLQJKIKGFAB47CC,31,3.95,共有部份,鋼筋混凝土造,84年1月13日,十九層,,
RPSNMLPJKIKGFJB58CC,34,99.34,集合住宅,鋼筋混凝土造,80年12月5日,五層,,
RPPNMLQJKIKGFAB47CC,31,10.27,梯間．水箱．機械室,鋼筋混凝土造,84年1月13日,十九層,,
RPSNMLPJKIKGFJB58CC,34,11.95,共有部份,鋼筋混凝土造,80年12月5日,五層,,
RPQNMLPJKIKGFKB48CC,1,52.28,集合住宅,鋼筋混凝土造,114年4月2日,七層,,
RPQNMLPJKIKGFKB48CC,1,39.90,防空避難室兼停車空間、梯廳、梯間、消防機械室兼發電機室、雨汙水機室、水箱、電信室、管委會服務空間、公共服務空間、機車停車空間、台電配電室、受電箱區、樓梯間、水錶室、機械室,鋼筋混凝土造,114年4月2日,七層,,
RPQNMLQJKIKGFAB57CC,27,78.59,住家用,鋼筋混凝土造,88年3月20日,九層,,
RPQNMLQJKIKGFAB57CC,27,9.19,共有部份,鋼筋混凝土造,88年3月20日,九層,,
RPPNMLQJKIKGFIB28CC,17,15.78,住宅、店舖,鋼筋混凝土造,97年11月6日,五層,,
RPQNMLQJKIKGFAB57CC,27,15.68,共有部份,鋼筋混凝土造,88年3月20日,九層,,
RPPNMLPJKIKGFKB38CC,37,16.41,住家用,鋼筋混凝土造,77年9月10日,五層,,
RPPNMLPJKIKGFKB38CC,37,.87,梯間及走道,鋼筋混凝土造,77年9月10日,五層,,
RPQNMLQJKIKGFBB67CC,30,17.49,住家用,鋼筋混凝土造,84年6月26日,二十四層,,
RPQNMLQJKIKGFBB67CC,30,4.89,共有部份,鋼筋混凝土造,84年6月26日,二十四層,,
RPQNMLQJKIKGFBB67CC,30,3.70,共有部份,鋼筋混凝土造,84年6月26日,二十四層,,
RPRNMLQJKIKGFIB48CC,12,19.18,集合住宅、機電設備空間,鋼筋混凝土造,103年3月17日,十層,,
RPQNMLQJKIKGFBB67CC,30,.00,共有部份,鋼筋混凝土造,84年6月26日,二十四層,,
RPPNMLQJKIKGFBB57CC,30,46.97,住家用,鋼筋混凝土造,84年9月13日,二十二層,,
RPRNMLQJKIKGFIB48CC,12,11.05,共同使用部份,鋼筋混凝土造,103年3月17日,十層,,
RPPNMLQJKIKGFBB57CC,30,.00,共有部分,鋼筋混凝土造,84年9月13日,二十二層,,
RPPNMLQJKIKGFBB57CC,30,18.46,共有部分,鋼筋混凝土造,84年9月13日,二十二層,,
RPQNMLQJKIKGFIB38CC,12,18.33,集合住宅、機電設備空間,鋼筋混凝土造,103年3月17日,十層,,
RPSNMLQJKIKGFIB58CC,12,18.33,集合住宅、機電設備空間,鋼筋混凝土造,103年3月17日,十層,,
RPQNMLQJKIKGFIB38CC,12,10.79,共同使用部份,鋼筋混凝土造,103年3月17日,十層,,
RPTNMLQJKIKGFIB68CC,12,19.18,集合住宅、機電設備空間,鋼筋混凝土造,103年3月17日,十層,,
RPSNMLQJKIKGFIB58CC,12,10.88,共同使用部份,鋼筋混凝土造,103年3月17日,十層,,
RPTNMLQJKIKGFIB68CC,12,11.05,共同使用部份,鋼筋混凝土造,103年3月17日,十層,,
RPUOMLPJKIKGFCB18CC,16,59.09,住家用,鋼筋混凝土造,98年8月13日,十八層,,
RPUOMLPJKIKGFCB18CC,16,4.83,共有,鋼筋混凝土造,98年8月13日,二十六層,,
RPUOMLPJKIKGFCB18CC,16,20.94,共有,鋼筋混凝土造,98年8月13日,二十六層,,
RPPNMLQJKIKGFCB67CC,29,58.04,住家用,鋼筋混凝土造,85年12月14日,十四層,,
RPPNMLQJKIKGFCB67CC,29,17.78,共有部份,鋼筋混凝土造,85年12月14日,十四層,,
RPTOMLPJKIKGFCB08CC,43,37.48,住商用,鋼筋混凝土造,72年3月23日,三層,,
RPUNMLQJKIKGFIB78CC,12,18.33,集合住宅,鋼筋混凝土造,103年3月17日,十層,,
RPUNMLQJKIKGFIB78CC,12,10.97,共同使用部份,鋼筋混凝土造,103年3月17日,十層,,
RPRNMLQJKIKGFCB87CC,31,107.93,住家用,鋼筋混凝土造,83年8月18日,十三層,,
RPSOMLPJKIKGFCB97CC,29,27.12,辦公室,鋼筋混凝土造,85年10月2日,八層,,
RPRNMLQJKIKGFCB87CC,31,28.39,共有部份,鋼筋混凝土造,83年8月18日,十五層,,
RPSOMLPJKIKGFCB97CC,29,14.52,共有部分,鋼筋混凝土造,85年10月2日,八層,,
RPVNMLQJKIKGFIB88CC,12,18.67,集合住宅、機電設備空間,鋼筋混凝土造,103年3月17日,十層,,
RPVNMLQJKIKGFIB88CC,12,11.14,共同使用部份,鋼筋混凝土造,103年3月17日,十層,,
RPQNMLQJKIKGFCB77CC,28,101.72,住家用,鋼筋混凝土造,86年10月20日,十四層,,
RPQNMLQJKIKGFCB77CC,28,36.20,共有部份,鋼筋混凝土造,86年10月20日,十四層,,
RPXNMLQJKIKGFIB09CC,12,18.33,集合住宅,鋼筋混凝土造,103年3月17日,十層,,
RPXNMLQJKIKGFIB09CC,12,10.88,共同使用部份,鋼筋混凝土造,103年3月17日,十層,,
RPQNMLQJKIKGFKB58CC,32,15.16,住家用,鋼筋混凝土造,83年1月20日,四層,,
RPQNMLQJKIKGFKB58CC,32,3.39,梯間、走道、水箱,鋼筋混凝土造,83年1月20日,四層,,
RPWNMLQJKIKGFIB98CC,12,18.97,集合住宅、機電設備空間,鋼筋混凝土造,103年3月17日,十層,,
RPWNMLQJKIKGFIB98CC,12,11.05,共同使用部份,鋼筋混凝土造,103年3月17日,十層,,
RPQNMLRJKIKGFBB77CC,30,21.26,住家用,鋼筋混凝土造,84年11月24日,二十四層,,
RPQNMLRJKIKGFBB77CC,30,11.77,防空避難室，停車空間，門廳，樓梯間，機械室，水箱,鋼筋混凝土造,84年11月24日,二十四層,,
RPQNMLRJKIKGFCB87CC,43,73.47,集合住宅,鋼筋混凝土造,72年3月3日,七層,,
RPQNMLQJKIKGFJB48CC,4,22.73,住宅、停車空間、樓梯間,鋼筋混凝土造,111年1月25日,四層,,
RPPNMLRJKIKGFBB67CC,47,60.76,住家用,鋼筋混凝土造,68年1月9日,八層,,
RPPNMLQJKIKGFKB48CC,32,17.79,住家用,鋼筋混凝土造,83年1月20日,四層,,
RPPNMLQJKIKGFKB48CC,32,4.00,梯間、走道、水箱,鋼筋混凝土造,83年1月20日,四層,,
RPRNMLRJKIKGFCB97CC,17,24.54,住家用,鋼筋混凝土造,97年12月12日,九層,,
RPRNMLRJKIKGFCB97CC,17,10.42,共用,鋼筋混凝土造,97年12月12日,九層,,
RPRNMLRJKIKGFCB97CC,17,6.75,共用,鋼筋混凝土造,97年12月12日,九層,,
RPSNMLRJKIKGFCB08CC,34,23.53,住家用,鋼筋混凝土造,80年12月6日,十二層,,
RPRNMLRJKIKGFBB87CC,2,238.56,店舖、停車空間,鋼骨造,113年2月16日,一層,,
RPSNMLRJKIKGFCB08CC,34,12.88,共用部份,鋼筋混凝土造,80年12月6日,十二層,,
RPPNMLSJKIKGFAB67CC,33,189.25,商業用,鋼筋混凝土造,81年7月1日,十四層,,
RPPNMLSJKIKGFAB67CC,33,129.08,梯間、人行道、水塔、通道、廣告塔、機械室、停車空間、避難室,鋼筋混凝土造,81年7月1日,十四層,,
RPTNMLRJKIKGFCB18CC,26,85.66,住家用,鋼筋混凝土造,88年9月18日,七層,,
RPPNMLSJKIKGFAB67CC,33,71.17,商業用,鋼筋混凝土造,81年7月1日,十四層,,
RPTNMLRJKIKGFCB18CC,26,45.92,共用部份,鋼筋混凝土造,88年9月18日,七層,,
RPQNMLSJKIKGFAB77CC,30,111.07,店舖，住宅,鋼筋混凝土造,84年11月17日,三層,,
RPRNMLSJKIKGFAB87CC,30,39.67,店舖，住宅,鋼筋混凝土造,84年11月17日,三層,,
RPUNMLSJKIKGFAB18CC,9,83.11,集合住宅,鋼筋混凝土造,105年11月7日,十二層,,
RPUNMLSJKIKGFAB18CC,9,61.05,本共有部份係依使用執照之建築概要表記載項目有：梯廳、消防機房、污雨水機房、停車空間、水箱、昇降機（間）、安全梯、車道、防空避難室兼停車空間、台電配電室、發電機房、電信室、人行道、管委會使用空間、辦公室（管委會）等１５項。,鋼筋混凝土造,105年11月7日,十二層,,
RPUNMLSJKIKGFAB18CC,9,16.45,本共有部份係依使用執照之建築概要表記載項目有：梯廳、電梯機房、安全梯、水錶室、水箱、昇降機（間）等６項。,鋼筋混凝土造,105年11月7日,十二層,,
RPSNMLSJKIKGFAB97CC,36,149.48,住家用,鋼筋混凝土造,79年1月25日,三層,,
RPTNMLSJKIKGFAB08CC,34,117.31,住家用,鋼筋混凝土造,80年11月1日,十二層,,
RPTNMLSJKIKGFAB08CC,34,3.11,共有部份,鋼筋混凝土造,80年11月1日,十二層,,
RPQNMLSJKIKGFBB87CC,46,107.62,住商用,鋼筋混凝土造,68年11月5日,五層,,
RPRNMLSJKIKGFBB97CC,2,15.47,人行道、停車空間、住宅、樓梯間、電梯間,鋼筋混凝土造,113年2月15日,五層,,
RPVNMLSJKIKGFAB28CC,38,110.30,住家用,鋼筋混凝土造,76年12月15日,五層,,
RPSNMLSJKIKGFBB08CC,31,66.72,住家用,鋼筋混凝土造,83年12月14日,十七層,,
RPTOMLSJKIKGFAB18CC,,74.73,住家用,見其他登記事項,,二層,,
RPSNMLSJKIKGFBB08CC,31,28.23,共有部分,鋼筋混凝土造,83年12月14日,十七層,,
RPTNMLSJKIKGFBB18CC,28,81.51,住家用,鋼筋混凝土造,87年4月17日,二十五層,,
RPTNMLSJKIKGFBB18CC,28,.00,共有部份,鋼筋混凝土造,87年4月17日,二十五層,,
RPOOMLSJKIKGFAB67CC,52,286.43,商業用,見其他登記事項,63年2月23日,四層,,
RPTNMLSJKIKGFBB18CC,28,.00,共有部份,鋼筋混凝土造,87年4月17日,二十五層,,
RPTNMLSJKIKGFBB18CC,28,.00,共有部份,鋼筋混凝土造,87年4月17日,二十五層,,
RPTNMLSJKIKGFBB18CC,28,.00,共有部份,鋼筋混凝土造,87年4月17日,二十五層,,
RPTNMLSJKIKGFBB18CC,28,.00,共有部份,鋼筋混凝土造,87年4月17日,二十五層,,
RPTNMLSJKIKGFBB18CC,28,.00,共有部份,鋼筋混凝土造,87年4月17日,二十五層,,
RPTNMLSJKIKGFBB18CC,28,16.53,共有部份,鋼筋混凝土造,87年4月17日,二十五層,,
RPTNMLSJKIKGFBB18CC,28,50.79,共有部份,鋼筋混凝土造,87年4月17日,二十五層,,
RPUNMLSJKIKGFBB28CC,7,67.41,集合住宅,鋼筋混凝土造,107年10月9日,十三層,,
RPUNMLSJKIKGFBB28CC,7,62.60,本共有部分係依使用執照之建築概要表記載項目有：停車空間，樓梯間，昇降機間，消防機房，污水處理機房，排煙室，水箱，車道，防空避難室兼停車空間，台電配電室，緊急發電機室，電信室，機車停車區，電錶室，門廳，梯廳，公共服務空間，資源回收室，無障礙廁所，梯間，電梯機房，水錶箱室等２２項,鋼筋混凝土造,107年10月9日,十三層,,
RPXNMLSJKIKGFAB48CC,35,18.17,住家用,鋼筋混凝土造,79年6月25日,十二層,,
RPXNMLSJKIKGFAB48CC,35,8.32,人行道．梯間．走道．停車空間．水箱．機械室．避難室,鋼筋混凝土造,79年6月25日,十二層,,
RPVNMLSJKIKGFBB38CC,3,83.40,集合住宅,鋼筋混凝土造,111年7月28日,二十四層,,
RPQOMLSJKIKGFAB87CC,43,37.03,辦公室,鋼筋混凝土造,72年4月18日,十二層,,
RPUOMLSJKIKGFAB28CC,31,23.15,住家用,鋼筋混凝土造,84年1月13日,十九層,,
RPVNMLSJKIKGFBB38CC,3,72.40,本共有部份係依使用執照之建築概要表記載項目有：防空避難室兼停車空間，排煙室，樓梯間，緊急昇降機，一般昇降機，污、雨水機械室，消防機械室，水箱，車道，停車空間，機電空間，電信室，緊急發電機室、台電配電室，防災中心，消防中繼機房，機械室，電錶區，水箱室，機車停車區，門廳，廁所，管委會使用空間，走廊，垃圾集中室，公共服務空間，頂蓋型開放空間，儲藏室，信箱室，宅配室，中繼水塔，梯間，梯廳，電梯機房，水錶箱室等３５項．,鋼筋混凝土造,111年7月28日,二十四層,,
RPUOMLSJKIKGFAB28CC,31,3.81,共有部份,鋼筋混凝土造,84年1月13日,十九層,,
RPUOMLSJKIKGFAB28CC,31,8.34,梯間．水箱．機械室,鋼筋混凝土造,84年1月13日,十九層,,
RPPOMLSJKIKGFAB77CC,27,111.71,集合住宅,鋼筋混凝土造,87年8月24日,七層,,
RPPOMLSJKIKGFAB77CC,27,52.94,共同使用,鋼筋混凝土造,87年8月24日,七層,,
RPSOMLSJKIKGFAB08CC,31,19.23,住家用,鋼筋混凝土造,84年1月13日,十九層,,
RPSOMLSJKIKGFAB08CC,31,3.22,共有部份,鋼筋混凝土造,84年1月13日,十九層,,
RPSOMLSJKIKGFAB08CC,31,8.36,梯間．水箱．機械室,鋼筋混凝土造,84年1月13日,十九層,,
RPXNMLSJKIKGFBB58CC,29,35.37,人行道．店住房,鋼筋混凝土造,85年7月29日,二層,,
RPXNMLSJKIKGFBB58CC,29,35.33,人行道．店住房,鋼筋混凝土造,85年7月29日,二層,,
RPWNMLSJKIKGFAB38CC,27,16.92,住家用,鋼筋混凝土造,87年5月20日,七層,,
RPWNMLSJKIKGFAB38CC,27,11.38,共有部份,鋼筋混凝土造,87年5月20日,七層,,
RPOOMLSJKIKGFBB77CC,39,107.70,住家用,鋼筋混凝土造,75年10月1日,五層,,
RPPOMLSJKIKGFBB87CC,5,95.71,集合住宅,鋼筋混凝土造,109年11月17日,十九層,,
RPPOMLSJKIKGFBB87CC,5,46.85,本共有部分係依使用執照之建築概要表記載項目有：停車空間，汙水機房，雨水機房，消防機房，安全梯，水箱，排煙室，機械室，梯廳，電梯間，電信室，消防中繼機房，防空避難室兼停車空間，台電配電室，緊急發電機室，消防中繼水箱室等１６項,鋼筋混凝土造,109年11月17日,十九層,,
RPPOMLSJKIKGFBB87CC,5,36.95,本共有部分係依使用執照之建築概要表記載項目有：車道，梯廳，特別安全梯，安全梯，管委會使用空間，防災中心，污物處理室，排煙室，電梯間，梯間，機械室，水錶室，中繼機房，水箱等１４項,鋼筋混凝土造,109年11月17日,十九層,,
RPQOMLSJKIKGFBB97CC,1,59.79,集合住宅,鋼筋混凝土造,113年6月5日,十五層,,
RPQOMLSJKIKGFBB97CC,1,57.17,本共有部份係依使用執照之建築概要表記載項目有：防空避難室兼停車空間，水箱，排煙室，樓梯間，緊急昇降機，一般昇降機，消防機房，雨水機房，機房，緊急發電機室，停車空間，台電配電室，電信室，機車停車空間，梯廳，機電設備空間，頂蓋型開放空間，管委會使用空間，公共服務空間，走廊，資源回收中心，游泳池，梯間，電梯機房，水錶箱室等２５項,鋼筋混凝土造,113年6月5日,十五層,,
RPSOMLSJKIKGFBB18CC,39,122.04,住家用,鋼筋混凝土造,76年2月17日,五層,,
RPSOMLSJKIKGFBB18CC,39,10.23,共有部分,鋼筋混凝土造,76年2月17日,五層,,
RPUOMLSJKIKGFBB38CC,13,62.95,店舖．住宅．人行道,鋼筋混凝土造,102年5月2日,四層,,
RPTOMLSJKIKGFBB28CC,52,20.00,住家用,鋼筋混凝土加強磚造,62年5月30日,三層,,
RPPNMLSJKIKGFCB87CC,3,80.77,集合住宅,鋼筋混凝土造,111年10月28日,二十四層,,
RPPNMLSJKIKGFCB87CC,3,75.34,本共有部份係依使用執照之建築概要表記載項目有：防空避難室兼停車空間、車道、排煙室、昇降機、安全梯、消防機房、雨水／污水機房、揚水泵機房、水箱、停車空間、台電配電室、發電機房、電信室、公共服務空間（文教．交誼．休閒）、防災中心、走廊、特別安全梯、戶外安全梯、梯廳、管委會使用空間、機車區、垃圾資源回收室、梯間、樓梯間、機房、水錶室、消防中繼機房等二十七項。,鋼筋混凝土造,111年10月28日,二十四層,,
RPROMLSJKIKGFBB08CC,40,72.01,商業用,鋼筋混凝土造,75年5月15日,七層,,
RPROMLSJKIKGFBB08CC,40,16.75,共有部份,鋼筋混凝土造,75年5月15日,七層,,
RPVOMLSJKIKGFBB48CC,36,108.09,住商用,鋼筋混凝土造,79年3月17日,七層,,
RPVOMLSJKIKGFBB48CC,36,14.06,共有部份,鋼筋混凝土造,79年3月17日,七層,,
RPPNMLSJKIKGFDB97CC,19,182.36,人行道、停車空間、店舖、住宅,鋼筋混凝土造,95年12月19日,四層,,
RPSNMLSJKIKGFCB18CC,3,19.93,寄宿舍,鋼筋混凝土造,111年7月28日,七層,,
RPQNMLSJKIKGFCB97CC,2,52.43,辦公室,鋼骨鋼筋混凝土造、鋼筋混凝土造,113年1月29日,三十一層,,
RPQNMLSJKIKGFCB97CC,2,19.86,本共有部分係依使用執照之建築物概要表記載項目有：梯廳、排煙室、機車汽車坡道、管委會使用空間、防災中心、公益設施、樓梯間、昇降機、緊急昇降機、無障礙昇降機、外廊、消防中繼機房、機械室、水箱等１４項。,鋼骨鋼筋混凝土造、鋼筋混凝土造,113年1月29日,三十一層,,
RPQNMLSJKIKGFCB97CC,2,38.25,本共有部分係依使用執照之建築物概要表記載項目有：停車空間、汽車坡道、水箱、汽車機車坡道、消防機械室、梯廳、樓梯間、排煙室、昇降機、緊急昇降機、無障礙昇降機、防空避難室兼停車空間、機械室、電信室、機車停車空間、電錶箱區、台電配電室、發電機室、受電箱區、垃圾集中室、消防中繼機房等２１項。,鋼骨鋼筋混凝土造、鋼筋混凝土造,113年1月29日,三十一層,,
RPSNMLSJKIKGFCB18CC,3,13.60,本共有部分係依使用執照之建築概要表記載項目有：防空避難室兼停車空間、台電配電室、消防及發電機房、電信室、水箱、樓梯間、無障礙昇降機、梯廳、辦公室、管委會使用空間、親子廁所、無障礙廁所、資源回收空間、機房、機房＋管道間、走廊、車道、管道間等十八項。,鋼筋混凝土造,111年7月28日,七層,,
RPWOMLSJKIKGFBB58CC,1,82.84,集合住宅,鋼筋混凝土造,113年6月5日,十五層,,
RPUNMLSJKIKGFCB38CC,29,82.49,集合住宅,鋼筋混凝土造,85年9月23日,十二層,,
RPVNMLSJKIKGFCB48CC,32,105.49,住家用,鋼筋混凝土造,83年1月31日,十二層,,
RPUNMLSJKIKGFCB38CC,29,48.90,共用部份,鋼筋混凝土造,85年9月23日,十二層,,
RPWOMLSJKIKGFBB58CC,1,68.35,本共有部份係依使用執照之建築概要表記載項目有：防空避難室兼停車空間，水箱，排煙室，樓梯間，緊急昇降機，一般昇降機，消防機房，雨水機房，機房，緊急發電機室，停車空間，台電配電室，電信室，機車停車空間，梯廳，機電設備空間，頂蓋型開放空間，管委會使用空間，公共服務空間，走廊，資源回收中心，游泳池，梯間，電梯機房，水錶箱室等２５項,鋼筋混凝土造,113年6月5日,十五層,,
RPVNMLSJKIKGFCB48CC,32,18.16,共有部分,鋼筋混凝土造,83年1月31日,十二層,,
RPVNMLSJKIKGFCB48CC,32,6.31,共有部分,鋼筋混凝土造,83年1月31日,十二層,,
RPTNMLSJKIKGFCB28CC,32,18.94,住家用,鋼筋混凝土造,83年3月16日,七層,,
RPTNMLSJKIKGFCB28CC,32,10.27,共用部份,鋼筋混凝土造,83年3月16日,七層,,
RPQNMLSJKIKGFDB08CC,24,47.61,住家用,鋼筋混凝土造,90年10月18日,十四層,,
RPXOMLSJKIKGFBB68CC,21,59.71,住家用,ＲＣ造,94年2月1日,十五層,,
RPXOMLSJKIKGFBB68CC,21,63.22,共有部份,ＲＣ造,94年2月1日,十五層,,
RPQNMLSJKIKGFDB08CC,24,16.65,共同使用部份,鋼筋混凝土造,90年10月18日,十四層,,
RPRNMLSJKIKGFDB18CC,24,65.08,住家用,鋼筋混凝土造,90年10月18日,十四層,,
RPRNMLSJKIKGFDB18CC,24,23.62,共有部份,鋼筋混凝土造,90年10月18日,十四層,,
RPTNMLSJKIKGFDB38CC,58,54.86,住家用,加強磚造,56年5月22日,二層,,
RPQNMLSJKIKGFFB28CC,9,57.68,集合住宅,鋼筋混凝土造,106年4月12日,七層,,
RPSNMLSJKIKGFDB28CC,58,31.62,住家用,加強磚造,56年5月22日,二層,,
RPQNMLSJKIKGFFB28CC,9,30.18,防空避難室兼停車空間、台電配電室、電信室、發電機室兼消防機械室、梯廳、梯間、管委會使用空間、資源回收室、樓梯間、機械室、水箱,鋼筋混凝土造,106年4月12日,七層,,
RPRNMLSJKIKGFFB38CC,18,72.83,住家用,鋼筋混凝土造,97年3月25日,九層,,
RPRNMLSJKIKGFFB38CC,18,54.36,防空避難室兼停車空間、台電受電室、管理中心、發電機室、電信室、消防機械室、機械室、梯間、水箱,鋼筋混凝土造,97年3月25日,九層,,
RPPNMLSJKIKGFFB18CC,1,89.13,集合住宅,鋼筋混凝土造,113年11月6日,十五層,,
RPPNMLSJKIKGFFB18CC,1,49.83,停車空間、防空避難室兼停車空間、管委會空間、梯廳、排煙室、垃圾貯藏室、戶外安全梯,鋼筋混凝土造,113年11月6日,十五層,,
RPPNMLSJKIKGFFB18CC,1,18.09,梯廳、排煙室、樓梯間、水錶室、消防水箱、電梯機房、水箱、戶外安全梯,鋼筋混凝土造,113年11月6日,十五層,,
RPSNMLSJKIKGFIB78CC,33,68.99,集合住宅,鋼筋混凝土造,81年10月7日,七層,,
RPUNMLSJKIKGFFB68CC,,49.44,集合住宅,鋼筋混凝土造,114年6月6日,二十八層,,
RPSNMLSJKIKGFIB78CC,33,54.41,共同使用部份,鋼筋混凝土造,81年10月7日,七層,,
RPUNMLSJKIKGFFB68CC,,13.38,排煙室、昇降機、無障礙安全梯、特別安全梯、無障礙樓梯、梯廳兼排煙室、梯廳、管委會空間、中繼機房、中繼水箱、電梯間、水錶室、樓梯間、電梯機房、機電空間、水箱、安全梯、水箱機房、消防水箱等１９項,鋼筋混凝土造,114年6月6日,二十八層,,
RPUNMLSJKIKGFFB68CC,,11.46,消防機房、雨水回收機房、車道、機房、水箱、停車空間、進風管道、公共水箱、防空避難室兼停車空間、台電配電室、發電機房、泳池水箱、公共電氣室、機車車道、管委會使用空間、昇降機、大廳、梯廳、警衛室、儲藏室、風除室、排風機房、防災中心、電信室、垃圾暫存室、附屬社區共用空間、附屬共用廚房、機電設備空間、電梯間、設備空間、泳池機房、景觀機房、游泳池、管委會空間、樓電梯間、機電空間、樓梯間等３７項,鋼筋混凝土造,114年6月6日,二十八層,,
RPQNMLSJKIKGFIB58CC,30,210.46,住家用,鋼筋混凝土造,84年11月22日,五層,,
RPQNMLSJKIKGFIB58CC,30,9.60,共有部份,鋼筋混凝土造,84年11月22日,七層,,
RPUNMLSJKIKGFIB98CC,17,48.26,住宅．停車空間．樓梯間．店舖,鋼筋混凝土造,97年12月2日,四層,,
RPPNMLTJKIKGFAB77CC,18,43.96,集合住宅,鋼筋混凝土造,97年1月21日,二十二層,,
RPPNMLTJKIKGFAB77CC,18,7.93,共用,鋼筋混凝土造,97年1月21日,二十二層,,
RPPNMLTJKIKGFAB77CC,18,2.81,共用,鋼筋混凝土造,97年1月21日,二十二層,,
RPPNMLTJKIKGFAB77CC,18,12.14,共用,鋼筋混凝土造,97年1月21日,二十二層,,
RPQNMLTJKIKGFAB87CC,13,120.64,集合住宅,鋼筋混凝土造,101年5月28日,十五層,,
RPQNMLTJKIKGFAB87CC,13,81.23,本共有部分係依使用執照之建築概要表記載項目有：停車空間、Ａ梯間、Ｂ梯間、Ｃ梯間、Ｄ梯間、水箱、污水機房、消防機房、發電機房、機房、電信室、人行道、大廳、資源回收處理室、垃圾冷藏室、多功能社區中心１及２、警衛室、管理室、閱覽室１及２、健身房、籃球場、外廊、防空避難室、台電受電室Ａ、台電受電室Ｂ、機械室、走廊、電梯機房、車道、屋頂裝飾物等共３２項。,鋼筋混凝土造,101年5月28日,十五層,,
RPRNMLTJKIKGFAB97CC,36,25.54,住家用,鋼筋混凝土造,78年5月15日,十二層,,
RPRNMLTJKIKGFAB97CC,36,5.96,人行道，梯間，電梯，走道，避雷針，水箱,鋼筋混凝土造,78年5月15日,十二層,,
RPVNMLTJKIKGFAB38CC,48,45.54,住家用,鋼筋混凝土造,66年9月19日,十一層,,
RPUNMLTJKIKGFAB28CC,43,112.01,住家用,鋼筋混凝土造,71年9月23日,五層,,
RPTNMLTJKIKGFAB18CC,14,74.78,集合住宅,鋼筋混凝土造,100年11月30日,十五層,,
RPTNMLTJKIKGFAB18CC,14,15.17,本共有部分係依使用執照之建築概要表記載項目有：Ｂ梯、機械室、Ｂ水箱、排煙室、排煙設備空間等共５項。,鋼筋混凝土造,100年11月30日,十五層,,
RPTNMLTJKIKGFAB18CC,14,17.99,本共有部分係依使用執照之建築概要表記載項目有：防空避難室兼停車空間、Ａ梯、Ｂ梯、Ｃ梯、Ｄ梯、台電配電室Ａ、台電配電室Ｂ、電信室、停車空間、發電機室、Ａ水箱、Ｂ水箱、Ｃ水箱、Ｄ水箱、消防幫浦室、污水機房、管理委員會使用空間視廳室、管理委員會使用空間圖書室、管理委員會使用空間健身房、管理委員會使用空間交誼室、管理委員會使用空間大廳、管理委員會使用空間儲藏室、管理委員會使用空間會客室、垃圾收集室、頂蓋型廣場式開放空間、管理委員會使用空間交誼廳、管理委員會使用空間辦公室、排煙室、雨遮等共２９項。,鋼筋混凝土造,100年11月30日,十五層,,
RPPNMLTJKIKGFBB87CC,33,51.75,住家用,鋼筋混凝土造,81年12月15日,七層,,
RPPNMLTJKIKGFBB87CC,33,18.07,共有部份,鋼筋混凝土造,81年12月15日,七層,,
RPQNMLTJKIKGFBB97CC,57,87.24,住家用,加強磚造,57年12月20日,二層,,
RPSNMLTJKIKGFBB18CC,7,70.13,集合住宅,鋼筋混凝土造,108年5月13日,二十二層,,
RPSNMLTJKIKGFBB18CC,7,42.39,本共有部份係依使用執照之建築概要表記載項目有：防空避難室兼停車空間，消防機械室，雨污水機房，安全梯，機械室，停車空間，泳池水箱，消防中繼機房，電信室，景觀機房，發電機室，防災中心，垃圾儲藏室，台電配電室，門廳，管委會使用空間等１６項。,鋼筋混凝土造,108年5月13日,二十二層,,
RPSNMLTJKIKGFBB18CC,7,22.33,本共有部份係依使用執照之建築概要表記載項目有：緊急昇降機間排煙室，水箱，揚水機房，特別安全梯，緊急昇降機間兼特別安全梯間排煙室，排煙室，梯廳，安全梯，電梯間，噴灌機房，消防中繼機房，自來水水箱，消防水箱，機械室等１４項。,鋼筋混凝土造,108年5月13日,二十二層,,
RPVNMLTJKIKGFBB48CC,34,32.96,住家用,鋼筋混凝土造,80年9月30日,七層,,
RPVNMLTJKIKGFBB48CC,34,10.99,共有部份,鋼筋混凝土造,80年9月30日,七層,,
RPWNMLTJKIKGFBB58CC,30,38.98,住家用,鋼筋混凝土造,84年6月26日,二十四層,,
RPXNMLTJKIKGFBB68CC,42,90.93,集合住宅,鋼筋混凝土造,72年11月25日,十二層,,
RPWNMLTJKIKGFBB58CC,30,10.20,共有部份,鋼筋混凝土造,84年6月26日,二十四層,,
RPOOMLTJKIKGFBB87CC,17,19.04,住家用,鋼筋混凝土造,97年11月28日,十七層,,
RPWNMLTJKIKGFBB58CC,30,7.74,共有部份,鋼筋混凝土造,84年6月26日,二十四層,,
RPOOMLTJKIKGFBB87CC,17,3.97,共有部份,鋼筋混凝土造,97年11月28日,十七層,,
RPOOMLTJKIKGFBB87CC,17,7.15,共有部份,鋼筋混凝土造,97年11月28日,十七層,,
RPWNMLTJKIKGFBB58CC,30,.00,共有部份,鋼筋混凝土造,84年6月26日,二十四層,,
RPROMLTJKIKGFBB18CC,5,261.76,住宅、停車空間、樓梯間,鋼筋混凝土造,110年2月20日,四層,,
RPPOMLTJKIKGFBB97CC,50,16.52,住商用,鋼筋混凝土造,65年1月21日,三層,,
RPOOMLSJKIKGFCB87CC,21,87.51,住家用,ＲＣ造,94年1月26日,十四層,,
RPOOMLSJKIKGFCB87CC,21,18.30,共用,ＲＣ造,94年1月26日,十四層,,
RPOOMLSJKIKGFCB87CC,21,12.07,共用,ＲＣ造,94年1月26日,十四層,,
RPXNMLSJKIKGFCB68CC,32,48.51,住家用,鋼筋混凝土造,82年11月20日,八層,,
RPRNMLSJKIKGFJB78CC,33,86.72,集合住宅,鋼筋混凝土造,82年1月18日,十一層,,
RPXNMLSJKIKGFCB68CC,32,19.92,共有部分,鋼筋混凝土造,82年11月20日,八層,,
RPRNMLSJKIKGFJB78CC,33,34.63,防空避難室、人行道、機械室、梯間、停車場、車道、水箱,鋼筋混凝土造,82年1月18日,十一層,,
RPWNMLSJKIKGFCB58CC,36,40.24,商業用,鋼筋混凝土造,78年6月26日,十二層,,
RPWNMLSJKIKGFCB58CC,36,11.07,共有部份,鋼筋混凝土造,78年6月26日,十二層,,
RPQOMLTJKIKGFBB08CC,30,16.41,住家用,鋼筋混凝土造,84年6月26日,二十四層,,
RPQOMLTJKIKGFBB08CC,30,4.48,共有部分,鋼筋混凝土造,84年6月26日,二十四層,,
RPQOMLTJKIKGFBB08CC,30,3.41,共有部分,鋼筋混凝土造,84年6月26日,二十四層,,
RPQOMLTJKIKGFBB08CC,30,.00,共有部分,鋼筋混凝土造,84年6月26日,二十四層,,
RPSNMLSJKIKGFJB88CC,17,9.09,辦公室,鋼筋混凝土造,97年7月7日,四層,,
RPSNMLSJKIKGFJB88CC,17,5.26,緊急發電機、台電受電室、機械室、人行道、梯間、消防幫泵室、水箱,鋼筋混凝土造,97年7月7日,四層,,
RPTNMLSJKIKGFJB98CC,17,9.20,辦公室,鋼筋混凝土造,97年7月7日,四層,,
RPTNMLSJKIKGFJB98CC,17,5.33,緊急發電機、台電受電室、機械室、人行道、梯間、消防幫泵室、水箱,鋼筋混凝土造,97年7月7日,四層,,
RPPNMLSJKIKGFEB08CC,47,94.16,住商用,鋼筋混凝土加強磚造,67年12月5日,二層,,
RPPNMLSJKIKGFJB58CC,17,9.81,辦公室,鋼筋混凝土造,97年7月7日,四層,,
RPVNMLSJKIKGFJB56CC,2,659.78,作業廠房、附屬設施（辦公室、休息室）、停車空間、作業廠房（水箱空間）,鋼骨造,113年3月18日,一層,,
RPPNMLSJKIKGFJB58CC,17,5.68,緊急發電機、台電受電室、機械室、人行道、梯間、消防幫泵室、水箱,鋼筋混凝土造,97年7月7日,四層,,
RPQNMLSJKIKGFJB68CC,17,9.20,辦公室,鋼筋混凝土造,97年7月7日,四層,,
RPWNMLSJKIKGFJB66CC,32,187.33,住宅、梯間、水箱、儲藏室,鋼筋混凝土造,82年12月31日,三層,,
RPTOMLTJKIKGFBB38CC,2,82.84,集合住宅,鋼筋混凝土造,112年11月4日,十五層,,
RPQNMLSJKIKGFJB68CC,17,5.33,緊急發電機、台電受電室、機械室、人行道、梯間、消防幫泵室、水箱,鋼筋混凝土造,97年7月7日,四層,,
RPTOMLTJKIKGFBB38CC,2,66.84,本共有部份係依使用執照之建築概要表記載項目有：防空避難室兼停車空間，一般安全梯，排煙室，一般昇降機，無障礙電梯兼緊急昇降機，消防機房，污水機房，水箱，車道，停車空間，機房，電信室，緊急發電機室，台電配電室，機車停車區，梯廳，樓梯間，大廳，管委會使用空間，垃圾集中室，公設（閱覽室），戶外安全梯，無障礙樓梯，水錶區，梯間，電梯機房等２６項。,鋼筋混凝土造,112年11月4日,十五層,,
RPUNMLSJKIKGFJB09CC,17,9.09,辦公室,鋼筋混凝土造,97年7月7日,四層,,
RPUNMLSJKIKGFJB09CC,17,5.98,緊急發電機、台電受電室、機械室、人行道、梯間、消防幫泵室、水箱,鋼筋混凝土造,97年7月7日,四層,,
RPSOMLTJKIKGFBB28CC,11,47.61,住家用,鋼筋混凝土造,103年9月15日,十一層,,
RPSOMLTJKIKGFBB28CC,11,4.25,本共有部分係依使用執照之建築概要表記載項目有：防空避難室兼停車空間，水箱，梯廳，梯間，台電配電室，電信室，發電機室，消防機房，污水機房等９項,鋼筋混凝土造,103年9月15日,十一層,,
RPSOMLTJKIKGFBB28CC,11,18.46,本共有部分係依使用執照之建築概要表記載項目有：公共服務空間，梯廳，梯間，資源回收區，外廊，電梯，樓梯間，電梯機房，水箱等９項,鋼筋混凝土造,103年9月15日,十一層,,
RPXOMLTJKIKGFBB78CC,31,104.10,住家用,鋼筋混凝土造,83年9月30日,六層,,
RPXOMLTJKIKGFBB78CC,31,26.64,共有部份,鋼筋混凝土造,83年9月30日,六層,,
RPWOMLTJKIKGFBB68CC,12,17.05,店舖、住宅、樓梯間、停車空間、人行道,鋼筋混凝土造,103年1月10日,五層,,
RPUOMLTJKIKGFBB48CC,33,54.53,住家用,鋼筋混凝土造,82年6月7日,七層,,
RPUOMLTJKIKGFBB48CC,33,13.87,共有部份,鋼筋混凝土造,82年6月7日,七層,,
RPPPMLTJKIKGFBB08CC,31,27.00,商業用,鋼筋混凝土造,83年12月20日,五層,,
RPQNMLTJKIKGFCB08CC,29,32.36,店舖、集合住宅、樓梯間,鋼筋混凝土造,85年9月17日,五層,,
RPOPMLTJKIKGFBB97CC,12,66.04,住家用,鋼筋混凝土造,102年7月25日,二十二層,,
RPOPMLTJKIKGFBB97CC,12,17.72,本共有部分係依使用執照之建築概要表記載項目有：管委會使用公共設施，垃圾處理室，梯間，梯廳，梯間（排煙室，昇降機間）梯間（梯廳，排煙室，昇降機間），走廊，中繼機械室（中繼水箱），機械室，水箱等１０項,鋼筋混凝土造,102年7月25日,二十二層,,
RPRNMLTJKIKGFCB18CC,27,240.67,集合住宅、梯間、機房,鋼筋混凝土造,87年9月3日,四層,,
RPRNMLTJKIKGFCB18CC,27,106.97,共用部份,鋼筋混凝土造,87年9月3日,四層,,
RPOPMLTJKIKGFBB97CC,12,14.15,本共有部分係依使用執照之建築概要表記載項目有：停車空間，車道，污水機房，清水池，消防機房，機房，梯間（梯廳，排煙室，昇降機間），防空避難室兼停車空間，發電機室，電信室，台電配電室，防災中心，公共設施等１３項,鋼筋混凝土造,102年7月25日,二十二層,,
RPTNMLTJKIKGFCB38CC,8,46.53,集合住宅,鋼筋混凝土造,107年1月29日,十二層,,
RPTNMLTJKIKGFCB38CC,8,14.96,本共有部份係依使用執照之建築概要表記載項目有：管委會使用空間、行動不便電梯、電梯、樓梯間、排煙室、梯廳、門廳、緊急升降電梯、外廊、管道間、水錶室、機械室、子母水箱等１３項。,鋼筋混凝土造,107年1月29日,十二層,,
RPTNMLTJKIKGFCB38CC,8,8.79,本共有部份係依使用執照之建築概要表記載項目有：梯廳、停車空間、消防機房、樓梯間、行動不便電梯、電梯、雨水汙水機械室、水箱、車道、陸上型揚水泵、泳池水箱、機械室、電信室、機房、防空避難室兼停車空間、機車停車空間、垃圾集中室、台電配電室、電錶室、受電室、發電機室等２１項。,鋼筋混凝土造,107年1月29日,十二層,,
RPSNMLTJKIKGFCB28CC,32,23.45,住家用,鋼筋混凝土造,82年11月20日,八層,,
RPUNMLTJKIKGFCB48CC,31,85.03,住家用,鋼筋混凝土造,83年10月26日,十四層,,
RPUNMLTJKIKGFCB48CC,31,22.39,共有部分,鋼筋混凝土造,83年10月26日,十四層,,
RPVNMLTJKIKGFCB58CC,30,78.62,住家用,鋼筋混凝土造,85年2月16日,九層,,
RPVNMLTJKIKGFCB58CC,30,39.90,共有部份,鋼筋混凝土造,85年2月16日,九層,,
RPPNMLTJKIKGFFB28CC,4,66.82,集合住宅,鋼筋混凝土造,111年2月16日,十五層,,
RPPNMLTJKIKGFFB28CC,4,31.19,停車空間、防空避難室兼停車空間等２項。,鋼筋混凝土造,111年2月16日,十五層,,
RPPNMLTJKIKGFFB28CC,4,10.11,梯廳、管理委員會使用空間、大廳、外廊、風除室、廊道、車道、停車場排風管道、機車停車空間、台電配電室、電信室、電錶區、發電機房、水景機房、垃圾儲藏室、景觀機房、停車場進風管道、消防機房、雨水回收機房等１９項。,鋼筋混凝土造,111年2月16日,十五層,,
RPPNMLTJKIKGFFB28CC,4,22.76,排煙室、昇降機、緊急昇降機、特別安全梯、水箱、梯廳、機械室（水錶室）、機房、電梯機房、消防水箱、屋突水箱、水箱室等１２項。,鋼筋混凝土造,111年2月16日,十五層,,
RPPNMLTJKIKGFGB38CC,2,59.13,集合住宅,鋼筋混凝土造,113年1月27日,十二層,,
RPOOMLTJKIKGFCB97CC,4,20.00,店鋪、住宅、機械室、樓梯間、水塔室,鋼筋混凝土造,111年5月25日,五層,,
RPSNMLTJKIKGFFB58CC,1,57.88,集合住宅,鋼筋混凝土造,114年4月14日,十五層,,
RPPNMLTJKIKGFGB38CC,2,60.12,停車空間、車道、梯廳兼排煙室、安全梯、水箱、雨汙水機房、消防機房、昇降機道、台電專用管道、排煙室、梯廳、台電配電室、發電機室、電信室、機車停車空間、管委會使用空間、垃圾貯存空間、戶外安全梯、一般昇降機、緊急昇降機、機電設備空間、走廊、機械室、樓梯間、電梯機房,鋼筋混凝土造,113年1月27日,十二層,,
RPSNMLTJKIKGFFB58CC,1,28.61,防空避難室兼停車空間、排煙室、水箱、機房、消防機械室、污水機械室、雨水機械室、揚水泵機械室、安全梯、一般昇降機、緊急昇降機行動不便者、停車空間、台電配電室、發電機室、電信室、梯廳、垃圾暫存室、管委會使用空間、走廊、車道、機車停車區、戶外安全梯、機械室、水錶室、一般梯、梯間共計２６項。,鋼筋混凝土造,114年4月14日,十五層,,
RPPNMLTJKIKGFDB08CC,5,19.65,人行道、店舖、停車空間、住宅,鋼筋混凝土造,109年11月9日,四層,,
RPWNMLTJKIKGFCB68CC,27,48.82,住家用,鋼筋混凝土造,88年4月7日,十三層,,
RPWNMLTJKIKGFCB68CC,27,7.62,共有部份,鋼筋混凝土造,88年4月7日,十三層,,
RPWNMLTJKIKGFCB68CC,27,8.16,共有部份,鋼筋混凝土造,88年4月7日,十三層,,
RPRNMLTJKIKGFFB48CC,4,51.93,集合住宅,鋼筋混凝土造,111年3月9日,十一層,,
RPRNMLTJKIKGFFB48CC,4,63.89,防空避難設備兼停車空間、機房、消防機房、樓梯間、電梯間、停車空間、發電機房、管委會空間、門廳、水箱等１０項,鋼筋混凝土造,111年3月9日,十一層,,
RPQNMLTJKIKGFFB38CC,7,64.11,集合住宅,鋼筋混凝土造,107年6月20日,七層,,
RPQNMLTJKIKGFFB38CC,7,68.72,停車空間、機械室、污水機房、消防機械室、梯間、梯廳、一般昇降機、發電機室、車道、水箱、法定防空避難室兼停車空間、機車停車空間、台電配電室、電錶室、電信室、一般安全梯、管委會使用空間、戶外安全梯、公共服務空間、水表室、樓梯間、昇降機道等２２項。,鋼筋混凝土造,107年6月20日,七層,,
RPTNMLTJKIKGFFB68CC,22,26.24,店舖、住宅、停車空間,鋼筋混凝土造,92年12月31日,四層,,
RPPNMLTJKIKGFIB58CC,34,118.12,集合住宅,鋼筋混凝土造,80年10月20日,十二層,,
RPPNMLTJKIKGFIB58CC,34,24.94,共有部份,鋼筋混凝土造,80年10月20日,十二層,,
RPPNMLTJKIKGFHB48CC,20,210.09,住宅、停車空間,鋼筋混凝土造,94年12月1日,四層,,
RPRNMLTJKIKGFIB78CC,37,89.79,集合住宅,鋼筋混凝土造,78年2月10日,五層,,
RPRNMLTJKIKGFIB78CC,37,8.16,共同使用部份,鋼筋混凝土造,78年2月10日,五層,,
RPQNMLTJKIKGFIB68CC,17,21.80,集合住宅,ＲＣ造、鋼骨造,98年1月20日,十三層,,
RPUNMLTJKIKGFIB09CC,42,92.86,集合住宅、梯間,鋼筋混凝土造,72年12月4日,四層,,
RPUNMLTJKIKGFIB09CC,42,1.65,共有部份,鋼筋混凝土造,72年12月4日,四層,,
RPTNMLTJKIKGFIB98CC,8,24.80,集合住宅,鋼筋混凝土造,107年1月19日,五層,,
RPTNMLTJKIKGFIB98CC,8,8.26,本共有部分之項目有防空避難室兼停車空間、電信室、水箱、台電配電室、安全梯、昇降機間、消防機房及發電機室、管道間、樓梯間、水箱間等１０項,鋼筋混凝土造,107年1月19日,五層,,
RPTNMLTJKIKGFIB98CC,8,6.97,本共有部分之項目有防空避難室兼停車空間、昇降機間、安全梯、陽台、汽車昇降機道、管理委員會使用空間、共用梯廳等７項。,鋼筋混凝土造,107年1月19日,五層,,
RPSNMLTJKIKGFIB88CC,3,74.99,集合住宅,鋼筋混凝土造,112年4月24日,十二層,,
RPSNMLTJKIKGFIB88CC,3,63.86,法定防空避難室兼停車空間、無障礙安全梯、安全梯、無障礙昇降機、緊急昇降機、排煙室、梯廳、雨．污水機房、水箱、消防機房、車道、停車空間、台電配電室、緊急發電機室、電信室、無障礙戶外安全梯、戶外安全梯、機械室、管委會使用空間（大廳、資源回收室、會議室、社區經理值班室、郵務室）等１９項。,鋼筋混凝土造,112年4月24日,十二層,,
RPVNMLTJKIKGFIB56CC,46,75.43,住家用,鋼筋混凝土造,68年8月2日,四層,,
RPVNMLTJKIKGFIB56CC,46,7.09,共有部分,鋼筋混凝土造,68年8月2日,四層,,
RPXNMLTJKIKGFIB76CC,13,85.57,集合住宅,鋼筋混凝土造,101年6月28日,十二層,,
RPXNMLTJKIKGFIB76CC,13,40.04,本共有部分之項目有停車空間、台電配電室、發電機房、水箱、電信室、防空避難室兼停車空間、消防機房及污水機房等８項，停車位共計９４位,鋼筋混凝土造,101年6月28日,十二層,,
RPXNMLTJKIKGFIB76CC,13,24.82,本共有部分之項目有人行道、管委會使用空間、梯廳、梯間、機械室、電梯機房及水箱等７項,鋼筋混凝土造,101年6月28日,十二層,,
RPSNMLTJKIKGFJB98CC,33,98.67,集合住宅,鋼筋混凝土造,81年12月31日,五層,,
RPSNMLTJKIKGFJB98CC,33,16.42,共有部分,鋼筋混凝土造,81年12月31日,五層,,
RPQNMLTJKIKGFKB88CC,22,177.48,住宅、梯間,鋼筋混凝土造,92年12月25日,三層,,
RPQNMLTJKIKGFJB78CC,34,69.08,集合住宅,鋼筋混凝土造,81年3月31日,八層,,
RPQNMLTJKIKGFJB78CC,34,12.25,水箱、梯間、突出物、機械房,鋼筋混凝土造,81年3月31日,八層,,
RPRNMLTJKIKGFKB98CC,1,178.03,住宅、停車空間,鋼筋混凝土造,114年1月7日,四層,,
RPPNMLKKKIKGFAB96CC,32,23.97,住家用,鋼筋混凝土造,83年5月4日,十二層,,
RPPNMLKKKIKGFAB96CC,32,10.18,防空避難室．停車空間．樓梯間．機械室．水塔,鋼筋混凝土造,83年5月4日,十二層,,
RPSNMLKKKIKGFAB27CC,19,79.47,集合住宅,鋼筋混凝土造,95年10月26日,三十二層,,
RPRNMLKKKIKGFAB17CC,35,25.25,集合住宅,鋼筋混凝土造,79年6月7日,五層,,
RPSNMLKKKIKGFAB27CC,19,13.56,共用,鋼筋混凝土造,95年6月22日,三十二層,,
RPPNMLTJKIKGFJB68CC,1,54.59,集合住宅,鋼筋混凝土造,113年7月1日,十五層,,
RPSNMLKKKIKGFAB27CC,19,33.23,共用,鋼筋混凝土造,95年10月26日,三十二層,,
RPPNMLTJKIKGFJB68CC,1,58.37,本共有部分之項目有防空避難室兼停車空間、消防機房、雨汙水機房、水箱、緊急昇降機間兼排煙室、室內安全梯、車道、停車空間、電信機房、室內安全梯、緊急發電機室、台電配電室、電錶室、景觀泳池機房、變電室、機械室、管委會空間、走廊、梯廳、垃圾貯存空間、公共服務空間、游泳池、門廳、戶外安全梯、水錶室等、電梯機房等２６項,鋼筋混凝土造,113年7月1日,十五層,,
RPRNMLTJKIKGFJB88CC,48,118.68,住家用,加強磚造,67年4月20日,二層,,
RPQNMLKKKIKGFAB07CC,29,56.37,集合住宅,鋼筋混凝土造,85年6月27日,二十一層,,
RPQNMLKKKIKGFAB07CC,29,30.18,共同使用,鋼筋混凝土造,85年6月27日,二十一層,,
RPQNMLKKKIKGFBB17CC,32,88.32,住家用,鋼筋混凝土造,83年3月30日,九層,,
RPQNMLKKKIKGFBB17CC,32,19.70,共有部份,鋼筋混凝土造,83年3月30日,九層,,
RPPNMLKKKIKGFBB07CC,42,82.79,住家用,鋼筋混凝土造,73年1月24日,五層,,
RPSNMLKKKIKGFBB37CC,29,32.56,住家用,鋼筋混凝土造,85年8月29日,七層,,
RPUNMLKKKIKGFBB57CC,31,25.87,住家用,鋼筋混凝土造,83年6月28日,十一層,,
RPSNMLKKKIKGFBB37CC,29,13.75,共有部份,鋼筋混凝土造,85年8月29日,七層,,
RPUNMLKKKIKGFBB57CC,31,8.33,共有部份,鋼筋混凝土造,83年6月28日,十一層,,
RPRNMLKKKIKGFBB27CC,33,91.85,住家用,鋼筋混凝土造,81年7月27日,六層,,
RPRNMLKKKIKGFBB27CC,33,12.64,共有部份,鋼筋混凝土造,81年7月27日,六層,,
RPTNMLKKKIKGFBB47CC,42,91.91,住家用,鋼筋混凝土造,72年10月5日,四層,,
RPXNMLKKKIKGFBB87CC,29,21.00,住家用,鋼筋混凝土造,85年7月16日,十四層,,
RPVNMLKKKIKGFBB67CC,11,55.61,集合住宅,鋼筋混凝土造,104年4月23日,二十二層,,
RPXNMLKKKIKGFBB87CC,29,12.44,共有部分,鋼筋混凝土造,85年7月16日,十四層,,
RPVNMLKKKIKGFBB67CC,11,12.85,本共有部分係依使用執照之建築概要表記載項目有：停車空間，消防機房，污水處理機房，水箱，排煙室，梯廳，昇降機間，樓梯間，電信室，緊急發電機室，防空避難室兼停車空間，台電配電室，機車停車區等１３項,鋼筋混凝土造,104年4月23日,二十二層,,
RPVNMLKKKIKGFBB67CC,11,13.19,本共有部分係依使用執照之建築概要表記載項目有：人行道，門廳，公共服務空間，排煙室，梯廳，外廊，樓梯間，昇降機間，垃圾集中室，走廊，中繼機房，梯間，電梯機房，水錶箱室，水箱等１５項,鋼筋混凝土造,104年4月23日,二十二層,,
RPWNMLKKKIKGFBB77CC,42,105.53,住家用,鋼筋混凝土造,73年4月17日,五層,,
RPROMLKKKIKGFAB27CC,15,27.82,集合住宅,鋼筋混凝土造,99年8月25日,八層,,
RPROMLKKKIKGFAB27CC,15,8.62,本共有部份係依使用執照之建築概要表記載項目有：人行道、門廳、車道、陽台、（Ａ）梯間、（Ｂ）梯間、（Ｃ）梯間、（Ｄ）梯間、、供行動不便者１０人份昇降機、８人份昇降機、室內通路走廊、機械室、儲藏室、水箱等１４項,鋼筋混凝土造,99年8月25日,八層,,
RPROMLKKKIKGFAB27CC,15,6.07,本共有部份係依使用執照之建築概要表記載項目有：防空避難室兼停車空間、台電受電室、蓄水池、電信機械室、發電機械室、儲藏室、（Ａ）梯間、（Ｄ）梯間、污水處理設施、污水機械室、消防機械室、供行動不便者１０人份昇降機、８人份昇降機、截水溝等１４項,鋼筋混凝土造,99年8月25日,八層,,
RPQOMLKKKIKGFAB17CC,42,22.16,辦公室,鋼筋混凝土造,72年10月1日,十二層,,
RPTNMLKKKIKGFAB37CC,41,81.29,住家用,鋼筋混凝土造,74年1月4日,五層,,
RPQOMLKKKIKGFAB17CC,42,3.76,共有部份,鋼筋混凝土造,72年10月1日,十二層,,
RPPOMLKKKIKGFAB07CC,33,107.07,住家用,鋼筋混凝土造,81年8月25日,十五層,,
RPPOMLKKKIKGFAB07CC,33,44.44,停車空間、避難室、梯間、停車場,鋼筋混凝土造,81年8月25日,十五層,,
RPUOMLKKKIKGFAB57CC,29,23.67,集合住宅,鋼骨鋼筋混凝土造,85年5月20日,十九層,,
RPUOMLKKKIKGFAB57CC,29,4.39,共同使用,鋼骨鋼筋混凝土造,85年5月20日,十九層,,
RPUOMLKKKIKGFAB57CC,29,6.02,共同使用,鋼骨鋼筋混凝土造,85年5月20日,十九層,,
RPUNMLKKKIKGFAB47CC,26,86.07,集合住宅,鋼筋混凝土造,88年5月19日,十六層,,
RPUNMLKKKIKGFAB47CC,26,45.42,共有部份,鋼筋混凝土造,88年5月19日,十六層,,
RPWNMLKKKIKGFAB67CC,33,70.28,住家用,鋼筋混凝土造,81年12月17日,七層,,
RPWNMLKKKIKGFAB67CC,33,8.25,共有部份,鋼筋混凝土造,81年12月17日,七層,,
RPXNMLKKKIKGFAB77CC,3,53.20,集合住宅,鋼筋混凝土造,112年4月24日,十五層,,
RPXNMLKKKIKGFAB77CC,3,41.76,本共有部份係依使用執照之建築概要表記載項目有：防空避難室兼停車空間、排煙室、樓梯間、一般昇降機、緊急昇降機兼行動不便者使用、雨水機房、消防機房、水箱、車道、停車空間、受電箱區、緊急發電機室、台電配電室、電錶集中區、電信機房、機車停車區、梯廳、門廳、垃圾集中室、公共服務空間、管委會使用空間、走廊、機房、公用廁所、水錶機房、電梯機房等共計２６項。,鋼筋混凝土造,112年4月24日,十五層,,
RPPOMLKKKIKGFBB17CC,12,42.77,住家用,鋼筋混凝土造,102年7月25日,二十二層,,
RPPOMLKKKIKGFBB17CC,12,11.45,本共有部分係依使用執照之建築概要表記載項目有：管委會使用公共設施，垃圾處理室，梯間，梯廳，梯間（排煙室，昇降機間）梯間（梯廳，排煙室，昇降機間），走廊，中繼機械室（中繼水箱），機械室，水箱等１０項,鋼筋混凝土造,102年7月25日,二十二層,,
RPPOMLKKKIKGFBB17CC,12,22.83,本共有部分係依使用執照之建築概要表記載項目有：停車空間，車道，污水機房，清水池，消防機房，機房，梯間（梯廳，排煙室，昇降機間），防空避難室兼停車空間，發電機室，電信室，台電配電室，防災中心，公共設施等１３項,鋼筋混凝土造,102年7月25日,二十二層,,
RPSOMLKKKIKGFAB37CC,30,20.84,集合住宅,鋼筋混凝土造,85年5月6日,十八層,,
RPSOMLKKKIKGFAB37CC,30,3.67,共同使用,鋼筋混凝土造,85年5月6日,十八層,,
RPSOMLKKKIKGFAB37CC,30,4.15,共同使用,鋼筋混凝土造,85年5月6日,十八層,,
RPSOMLKKKIKGFAB37CC,30,.99,共同使用,鋼筋混凝土造,85年5月6日,十八層,,
RPSOMLKKKIKGFAB37CC,30,1.46,共同使用,鋼筋混凝土造,85年5月6日,十八層,,
RPOOMLKKKIKGFBB07CC,30,19.68,住家用,鋼筋混凝土造,84年11月24日,二十四層,,
RPOOMLKKKIKGFBB07CC,30,10.77,防空避難室，停車空間，門廳，樓梯間，機械室，水箱,鋼筋混凝土造,84年11月24日,二十四層,,
RPTOMLKKKIKGFAB47CC,57,68.01,宿舍,鐵筋加強磚造,58年5月2日,三層,,
RPTOMLKKKIKGFAB47CC,57,5.15,樓梯間,鐵筋加強磚造,58年5月2日,三層,,
RPTOMLKKKIKGFAB47CC,57,7.06,避難室,鐵筋加強磚造,58年5月2日,三層,,
RPVNMLKKKIKGFAB57CC,,108.40,住家用,加強磚造,,二層,,
RPROMLKKKIKGFBB37CC,31,99.88,住家用,鋼筋混凝土造,83年7月6日,八層,,
RPQOMLKKKIKGFBB27CC,31,119.17,住家用,鋼筋混凝土造,83年6月22日,九層,,
RPQOMLKKKIKGFBB27CC,31,72.15,共有部份,鋼筋混凝土造,83年6月22日,九層,,
RPSOMLKKKIKGFBB47CC,28,90.22,住家用,鋼筋混凝土造,87年4月13日,九層,,
RPSOMLKKKIKGFBB47CC,28,50.02,共有部份,鋼筋混凝土造,87年4月13日,九層,,
RPROMLKKKIKGFBB37CC,31,41.59,共有部份,鋼筋混凝土造,83年7月6日,八層,,
RPROMLKKKIKGFBB37CC,31,9.76,共有部份,鋼筋混凝土造,83年7月6日,八層,,
RPUOMLKKKIKGFBB67CC,31,102.38,住家用,鋼筋混凝土造,83年12月14日,十七層,,
RPUOMLKKKIKGFBB67CC,31,35.40,共有部份,鋼筋混凝土造,83年12月14日,十七層,,
RPTOMLKKKIKGFBB57CC,1,63.24,集合住宅,鋼筋混凝土造,113年6月5日,十五層,,
RPTOMLKKKIKGFBB57CC,1,58.80,本共有部份係依使用執照之建築概要表記載項目有：防空避難室兼停車空間，水箱，排煙室，樓梯間，緊急昇降機，一般昇降機，消防機房，雨水機房，機房，緊急發電機室，停車空間，台電配電室，電信室，機車停車空間，梯廳，機電設備空間，頂蓋型開放空間，管委會使用空間，公共服務空間，走廊，資源回收中心，游泳池，梯間，電梯機房，水錶箱室等２５項,鋼筋混凝土造,113年6月5日,十五層,,
RPXOMLKKKIKGFBB97CC,2,97.29,集合住宅,鋼筋混凝土造,113年2月29日,十五層,,
RPXOMLKKKIKGFBB97CC,2,9.73,本共有部分係依使用執照之建築概要表記載項目有：樓梯間、梯廳、排煙室、門廳、機房、車道、管委會空間、水錶室、水箱等九項。,鋼筋混凝土造,113年2月29日,十五層,,
RPXOMLKKKIKGFBB97CC,2,17.85,本共有部分係依使用執照之建築概要表記載項目有：樓梯間、梯廳、排煙室等三項。,鋼筋混凝土造,113年2月29日,十五層,,
RPXOMLKKKIKGFBB97CC,2,45.95,本共有部分係依使用執照之建築概要表記載項目有：停車空間、樓梯間、梯廳、排煙室、台電配電室、發電機房、水池機房、水箱、電信室、機房、防空避難室兼停車空間、消防機房、雨污水機房等十三項。,鋼筋混凝土造,113年2月29日,十五層,,
RPPNMLKKKIKGFCB17CC,29,72.80,店舖、集合住宅、樓梯間,鋼筋混凝土造,85年9月17日,五層,,
RPQNMLKKKIKGFCB27CC,29,37.21,店舖、集合住宅、樓梯間,鋼筋混凝土造,85年9月17日,五層,,
RPSNMLKKKIKGFCB47CC,15,48.77,住家用,鋼筋混凝土造,99年11月19日,二十四層,,
RPSNMLKKKIKGFCB47CC,15,35.90,本共有部分之項目有停車空間、消防機房、污水機房、揚水機房、水箱、排煙室、梯廳、樓梯間、昇降機間、防空避難室兼停車空間、防災中心、台電配電室、電信室、緊急發電機房、電錶箱室、門廳、管委會空間、中繼機房、屋頂平台、電梯機房、機房等二十一項,鋼筋混凝土造,99年11月19日,二十四層,,
RPQNMLKKKIKGFDB37CC,2,22.91,集合住宅,鋼筋混凝土造,112年6月13日,七層,,
RPWOMLKKKIKGFBB87CC,3,169.83,店舖,鋼筋混凝土造,112年3月14日,十五層,,
RPWOMLKKKIKGFBB87CC,3,26.10,本共有部分係依使用執照之建築概要表記載項目有：管委會使用空間，門廳，戶外安全梯，梯廳，排煙室，昇降機道，垃圾集中貯存空間，走廊，水錶室，梯間，機械室，水箱等１２項。,鋼筋混凝土造,112年3月14日,十五層,,
RPWOMLKKKIKGFBB87CC,3,48.15,本共有部分係依使用執照之建築概要表記載項目有：防空避難室兼停車空間，車道，消防機械室，污水機械室，雨水機械室，水箱，梯廳，排煙室，昇降機道，安全梯，停車空間，台電配電室，電信室，發電機室，機械室，景觀機械室等１６項。,鋼筋混凝土造,112年3月14日,十五層,,
RPQNMLKKKIKGFDB37CC,2,14.06,本共有部分之項目為電信室、消防機房、昇降機、人行道、安全梯、梯廳、機房、梯間、停車空間等九項。,鋼筋混凝土造,112年6月13日,七層,,
RPUNMLKKKIKGFCB67CC,28,74.27,住家用,鋼筋混凝土造,86年11月21日,十二層,,
RPUNMLKKKIKGFCB67CC,28,13.28,共用部份,鋼筋混凝土造,86年11月21日,十二層,,
RPUNMLKKKIKGFCB67CC,28,19.05,共用部份,鋼筋混凝土造,86年11月21日,十二層,,
RPVNMLKKKIKGFCB77CC,31,76.54,住家用,鋼筋混凝土造,83年7月23日,十六層,,
RPVNMLKKKIKGFCB77CC,31,25.11,共有部分,鋼筋混凝土造,83年7月23日,十六層,,
RPTNMLKKKIKGFCB57CC,3,62.92,集合住宅,鋼筋混凝土造,111年10月28日,二十四層,,
RPRNMLKKKIKGFFB67CC,2,92.24,集合住宅,鋼筋混凝土造,113年4月11日,十四層,,
RPTNMLKKKIKGFCB57CC,3,66.19,本共有部份係依使用執照之建築概要表記載項目有：防空避難室兼停車空間、車道、排煙室、昇降機、安全梯、消防機房、雨水／污水機房、揚水泵機房、水箱、停車空間、台電配電室、發電機房、電信室、公共服務空間（文教．交誼．休閒）、防災中心、走廊、特別安全梯、戶外安全梯、梯廳、管委會使用空間、機車區、垃圾資源回收室、梯間、樓梯間、機房、水錶室、消防中繼機房等二十七項。,鋼筋混凝土造,111年10月28日,二十四層,,
RPRNMLKKKIKGFFB67CC,2,67.47,防空避難室兼停車空間、排煙室、水箱、消防機械室、污水機房、緊急昇降機行動不便者、一般昇降機、安全梯、停車空間、消防中繼水箱、消防中繼機房、車道、台電配電室、電信室、發電機室、泳池機房、機車停車空間、特別安全梯、管委會使用空間、走廊、垃圾暫存室、防災中心、梯廳、水錶室、戶外安全梯、梯間、昇降機道、機械室等２８項。,鋼筋混凝土造,113年4月11日,二十四層,,
RPQNMLKKKIKGFFB57CC,7,85.73,集合住宅,鋼筋混凝土造,107年7月25日,十五層,,
RPQNMLKKKIKGFFB57CC,7,62.85,停車空間，排煙室，樓梯間，一般昇降機，緊急昇降機，水箱，車道，污水處理機房，防空避難室兼停車空間，緊急發電機室，台電配電室，電信室，機房，門廳，梯廳，管理室，管委會空間，垃圾集中室，外廊，機車停車區，水錶箱室，電梯機房，消防機房，梯間,鋼筋混凝土造,107年7月25日,十五層,,
RPUNMLKKKIKGFDB77CC,36,28.25,避難室、店舖、住宅、梯間,鋼筋混凝土造,79年1月17日,六層,,
RPRNMLKKKIKGFDB47CC,36,28.25,避難室、店舖、住宅、梯間,鋼筋混凝土造,79年1月17日,六層,,
RPPNMLKKKIKGFFB47CC,33,175.53,住家用,鋼筋混凝土造,82年5月30日,四層,,
RPSNMLKKKIKGFFB77CC,4,65.99,集合住宅,鋼筋混凝土造,111年2月16日,十五層,,
RPSNMLKKKIKGFFB77CC,4,9.94,梯廳、管理委員會使用空間、大廳、外廊、風除室、廊道、車道、停車場排風管道、機車停車空間、台電配電室、電信室、電錶區、發電機房、水景機房、垃圾儲藏室、景觀機房、停車場進風管道、消防機房、雨水回收機房等１９項。,鋼筋混凝土造,111年2月16日,十五層,,
RPUNMLKKKIKGFFB97CC,7,63.98,集合住宅,鋼筋混凝土造,107年10月26日,十五層,,
RPSNMLKKKIKGFFB77CC,4,22.45,排煙室、昇降機、緊急昇降機、特別安全梯、水箱、梯廳、機械室（水錶室）、機房、電梯機房、消防水箱、屋突水箱、水箱室等１２項。,鋼筋混凝土造,111年2月16日,十五層,,
RPTNMLKKKIKGFFB87CC,1,67.67,集合住宅,鋼筋混凝土造,113年11月6日,十五層,,
RPUNMLKKKIKGFFB97CC,7,60.70,停車空間、樓梯間、昇降機間、排煙室、水箱、機房、消防機房、車道、污水處理機房、電信室、緊急發電機室、防空避難室兼停車空間、台電配電室、梯廳、頂蓋型開放空間、垃圾集中室、管委會空間、門廳、外廊、儲藏室、水錶箱室、電梯機房、梯間,鋼筋混凝土造,107年10月26日,十五層,,
RPTNMLKKKIKGFFB87CC,1,43.70,停車空間、防空避難室兼停車空間、管委會空間、梯廳、排煙室、垃圾貯藏室、戶外安全梯,鋼筋混凝土造,113年11月6日,十五層,,
RPTNMLKKKIKGFFB87CC,1,14.99,梯廳、排煙室、樓梯間、水錶室、消防水箱、電梯機房、水箱、戶外安全梯,鋼筋混凝土造,113年11月6日,十五層,,
RPWNMLKKKIKGFFB18CC,4,87.91,集合住宅,鋼筋混凝土造,111年2月16日,十五層,,
RPWNMLKKKIKGFFB18CC,4,31.19,停車空間、防空避難室兼停車空間等２項。,鋼筋混凝土造,111年2月16日,十五層,,
RPWNMLKKKIKGFFB18CC,4,13.72,梯廳、管理委員會使用空間、大廳、外廊、風除室、廊道、車道、停車場排風管道、機車停車空間、台電配電室、電信室、電錶區、發電機房、水景機房、垃圾儲藏室、景觀機房、停車場進風管道、消防機房、雨水回收機房等１９項。,鋼筋混凝土造,111年2月16日,十五層,,
RPWNMLKKKIKGFFB18CC,4,30.97,排煙室、昇降機、緊急昇降機、特別安全梯、水箱、梯廳、機械室（水錶室）、機房、電梯機房、消防水箱、屋突水箱、水箱室等１２項。,鋼筋混凝土造,111年2月16日,十五層,,
RPTOMLKKKIKGFFB97CC,19,22.05,住家用,鋼筋混凝土造,96年1月9日,五層,,
RPROMLKKKIKGFFB77CC,5,9.22,集合住宅,鋼筋混凝土造,109年8月25日,五層,,
RPROMLKKKIKGFFB77CC,5,5.11,梯廳、安全梯、升降機、管道間、走廊、安全梯間、升降機機械室、水箱、停車空間、電信室、消防機室、發電機室、台電配電室、安全梯Ａ,鋼筋混凝土造,109年8月25日,五層,,
RPTOMLKKKIKGFFB97CC,19,.72,水箱、梯間,鋼筋混凝土造,96年1月9日,五層,,
RPTOMLKKKIKGFFB97CC,19,5.41,住家用,鋼筋混凝土造,96年1月9日,五層,,
RPOOMLKKKIKGFFB47CC,8,85.18,集合住宅,鋼筋混凝土造,106年9月5日,十五層,,
RPOOMLKKKIKGFFB47CC,8,11.39,管委會使用空間〔蒸氣室，更衣室，交誼室兼閱讀室，兒童遊戲室，健身房，管理中心，儲藏室〕，廁所，門廳，儲藏室，通廊，信箱間，前廳〔風除室〕，門廊，管委會使用空間〔垃圾儲藏室〕，防空避難室兼停車空間，車道，游泳池機房，機房，垃圾車暫停車位，電信室，排風機房，機車停車空間，水箱機房，進風機房，發電機機房，公共水箱，消防泵浦室，雨水及汙水機房,鋼筋混凝土造,106年9月5日,十五層,,
RPUOMLKKKIKGFFB08CC,19,15.75,住家用,鋼筋混凝土造,96年1月9日,五層,,
RPOOMLKKKIKGFFB47CC,8,1.20,安全梯﹝無障礙樓梯﹞、台電配電室、電錶區、受電箱、甲梯安全梯,鋼筋混凝土造,106年9月5日,十五層,,
RPUOMLKKKIKGFFB08CC,19,.48,梯間、水箱,鋼筋混凝土造,96年1月9日,五層,,
RPOOMLKKKIKGFFB47CC,8,24.89,排煙室、梯廳兼排煙室、特別安全梯、特別安全梯﹝無障礙樓梯﹞、樓梯間、水錶室、排煙機房、消防水箱、電梯機房、水箱機房、管道間,鋼筋混凝土造,106年9月5日,十五層,,
RPUOMLKKKIKGFFB08CC,19,4.11,住家用,鋼筋混凝土造,96年1月9日,五層,,
RPOOMLKKKIKGFFB47CC,8,34.35,防空避難室兼停車空間、車道、停車空間,鋼筋混凝土造,106年9月5日,十五層,,
RPSOMLKKKIKGFFB87CC,5,9.22,集合住宅,鋼筋混凝土造,109年8月25日,五層,,
RPSOMLKKKIKGFFB87CC,5,5.11,梯廳、安全梯、升降機、管道間、走廊、安全梯間、升降機機械室、水箱、停車空間、電信室、消防機室、發電機室、台電配電室、安全梯Ａ,鋼筋混凝土造,109年8月25日,五層,,
RPUNMLKKKIKGFIB28CC,30,17.13,集合住宅,鋼筋混凝土造,85年1月19日,十四層,,
RPUNMLKKKIKGFIB28CC,30,6.62,共有部分,鋼筋混凝土造,85年1月19日,十四層,,
RPPNMLKKKIKGFHB67CC,32,63.66,住家用,鋼筋混凝土造,82年12月31日,十四層,,
RPVNMLKKKIKGFIB38CC,32,118.02,集合住宅,鋼筋混凝土造,83年5月21日,十二層,,
RPPNMLKKKIKGFHB67CC,32,19.50,共同使用部份,鋼筋混凝土造,82年12月31日,十四層,,
RPVNMLKKKIKGFIB38CC,32,25.83,門廳、梯間,鋼筋混凝土造,83年5月21日,十二層,,
RPPNMLKKKIKGFGB57CC,49,112.62,住家用,加強磚造,66年1月25日,二層,,
RPRNMLKKKIKGFJB08CC,34,87.22,集合住宅,鋼筋混凝土造,81年5月15日,十五層,,
RPRNMLKKKIKGFJB08CC,34,40.15,水箱、機械房、貯藏室、停車空間、防空避難室、梯間,鋼筋混凝土造,81年5月15日,十五層,,
RPPNMLLKKIKGFAB07CC,15,27.82,集合住宅,鋼筋混凝土造,99年8月25日,八層,,
RPPNMLLKKIKGFAB07CC,15,8.62,本共有部份係依使用執照之建築概要表記載項目有：人行道、門廳、車道、陽台、（Ａ）梯間、（Ｂ）梯間、（Ｃ）梯間、（Ｄ）梯間、、供行動不便者１０人份昇降機、８人份昇降機、室內通路走廊、機械室、儲藏室、水箱等１４項,鋼筋混凝土造,99年8月25日,八層,,
RPPNMLLKKIKGFAB07CC,15,6.07,本共有部份係依使用執照之建築概要表記載項目有：防空避難室兼停車空間、台電受電室、蓄水池、電信機械室、發電機械室、儲藏室、（Ａ）梯間、（Ｄ）梯間、污水處理設施、污水機械室、消防機械室、供行動不便者１０人份昇降機、８人份昇降機、截水溝等１４項,鋼筋混凝土造,99年8月25日,八層,,
RPPNMLKKKIKGFIB77CC,3,49.51,集合住宅,鋼筋混凝土造,111年8月5日,二十層,,
RPPNMLKKKIKGFIB77CC,3,10.27,停車空間、梯廳、昇降機、無障礙電梯、樓梯間、車道、機房、雨、污水機械室、消防機械室兼消防中繼機械室、水箱、機械室、公共水箱、泳池機房、水景機房、機房機械室、電信室、發電機房、垃圾貯存空間、台電配電場所、電錶區等２０項。,鋼筋混凝土造,111年8月5日,二十層,,
RPPNMLKKKIKGFIB77CC,3,16.13,管委會使用空間、梯廳、排煙室、緊急昇降機、昇降機、無障礙電梯、防災中心、警衛室、游泳池、樓梯間、水錶室、消防中繼機械室、消防水箱、設備空間、機械室、自來水箱等１６項。,鋼筋混凝土造,111年8月5日,二十層,,
RPSNMLKKKIKGFIB08CC,27,64.55,集合住宅,鋼筋混凝土造,87年9月14日,九層,,
RPSNMLKKKIKGFIB08CC,27,19.97,梯間．機房．水箱．防空避難室兼停車空間,鋼筋混凝土造,87年9月14日,九層,,
RPQNMLLKKIKGFAB17CC,15,27.82,集合住宅,鋼筋混凝土造,99年8月25日,八層,,
RPQNMLKKKIKGFJB97CC,34,46.94,集合住宅,鋼筋混凝土造,81年1月13日,五層,,
RPQNMLLKKIKGFAB17CC,15,8.62,本共有部份係依使用執照之建築概要表記載項目有：人行道、門廳、車道、陽台、（Ａ）梯間、（Ｂ）梯間、（Ｃ）梯間、（Ｄ）梯間、、供行動不便者１０人份昇降機、８人份昇降機、室內通路走廊、機械室、儲藏室、水箱等１４項,鋼筋混凝土造,99年8月25日,八層,,
RPQNMLKKKIKGFIB87CC,20,14.64,單身員工宿舍,鋼筋混凝土造,94年7月6日,五層,,
RPQNMLLKKIKGFAB17CC,15,6.07,本共有部份係依使用執照之建築概要表記載項目有：防空避難室兼停車空間、台電受電室、蓄水池、電信機械室、發電機械室、儲藏室、（Ａ）梯間、（Ｄ）梯間、污水處理設施、污水機械室、消防機械室、供行動不便者１０人份昇降機、８人份昇降機、截水溝等１４項,鋼筋混凝土造,99年8月25日,八層,,
RPQNMLKKKIKGFIB87CC,20,17.48,共有部份,鋼筋混凝土造,94年7月6日,五層,,
RPWNMLKKKIKGFIB48CC,27,64.55,集合住宅．機電設備空間,鋼筋混凝土造,87年9月14日,九層,,
RPWNMLKKKIKGFIB48CC,27,19.97,梯間．機房．水箱．防空避難室兼停車空間,鋼筋混凝土造,87年9月14日,九層,,
RPQNMLKKKIKGFJB97CC,34,5.27,共用部份,鋼筋混凝土造,81年1月13日,五層,,
RPSNMLKKKIKGFJB18CC,26,96.48,集合住宅、國民住宅,鋼筋混凝土造,88年6月11日,九層,,
RPSNMLKKKIKGFJB18CC,26,37.46,水塔、人行道、防空避難室、機械室、梯間,鋼筋混凝土造,88年6月11日,九層,,
RPRNMLKKKIKGFHB87CC,2,83.26,集合住宅,鋼筋混凝土造,112年12月28日,十二層,,
RPSNMLKKKIKGFJB18CC,26,15.01,停車空間,鋼筋混凝土造,88年6月11日,九層,,
RPRNMLKKKIKGFHB87CC,2,69.93,本共有部分之項目有停車空間、消防機房、機房、梯廳、安全梯、無障礙電梯、水箱、排煙室、防空避難室兼停車空間、台電配電室、發電機房、台電通道、電信機房、管委會使用空間、梯間、資源回收空間、電梯及電梯機房等１８項,鋼筋混凝土造,112年12月28日,十二層,,
RPSNMLLKKIKGFAB37CC,33,63.04,住家用,鋼筋混凝土造,81年8月25日,十五層,,
RPSNMLLKKIKGFAB37CC,33,45.29,停車空間、避難室、梯間、停車場,鋼筋混凝土造,81年8月25日,十五層,,
RPRNMLLKKIKGFBB37CC,31,27.80,住家用,鋼筋混凝土造,83年6月28日,十一層,,
RPRNMLLKKIKGFBB37CC,31,8.83,共有部分,鋼筋混凝土造,83年6月28日,十一層,,
RPUNMLLKKIKGFBB67CC,30,26.04,住家用,鋼筋混凝土造,85年1月22日,八層,,
RPUNMLLKKIKGFBB67CC,30,7.60,共有部分,鋼筋混凝土造,85年1月22日,八層,,
RPPNMLLKKIKGFBB17CC,36,62.64,住家用,鋼筋混凝土造,78年6月13日,八層,,
RPTNMLLKKIKGFBB57CC,46,85.98,住家用,鋼筋混凝土造,69年2月14日,七層,,
RPPNMLLKKIKGFBB17CC,36,20.92,共有部分,鋼筋混凝土造,78年6月13日,八層,,
RPWNMLLKKIKGFBB87CC,1,58.90,集合住宅,鋼筋混凝土造,113年5月21日,二十二層,,
RPWNMLLKKIKGFBB87CC,1,39.03,本共有部分係依使用執照之建築概要表記載項目有：防空避難室兼停車空間，排煙室，樓梯間，一般昇降機，緊急昇降機，消防機房，汙雨水機房，水箱，停車空間，中繼機房，機房，緊急發電機室，台電配電室，電信室，景觀機房等１５項。,鋼筋混凝土造,113年5月21日,二十二層,,
RPWNMLLKKIKGFBB87CC,1,21.09,本共有部分係依使用執照之建築概要表記載項目有：梯廳，排煙室，樓梯間，一般昇降機，緊急昇降機，管委會使用空間，門廳，垃圾集中室，守衛亭，防災中心，梯間，水錶箱室，機械室，消防中繼機房，電梯機房，水箱等１６項。,鋼筋混凝土造,113年5月21日,二十二層,,
RPVNMLLKKIKGFBB77CC,46,15.03,住商用,加強磚造,68年10月2日,二層,,
RPOOMLLKKIKGFBB17CC,42,77.95,住家用,鋼筋混凝土造,72年7月9日,五層,,
RPSNMLLKKIKGFBB47CC,31,21.57,住家用,鋼筋混凝土造,84年5月26日,十六層,,
RPSNMLLKKIKGFBB47CC,31,6.22,共有部分,鋼筋混凝土造,84年5月26日,十六層,,
RPSNMLLKKIKGFBB47CC,31,.00,共有部分,鋼筋混凝土造,84年5月26日,十六層,,
RPSNMLLKKIKGFBB47CC,31,7.75,共有部分,鋼筋混凝土造,84年5月26日,十六層,,
RPSNMLLKKIKGFBB47CC,31,.19,共有部分,鋼筋混凝土造,84年5月26日,十六層,,
RPSNMLLKKIKGFBB47CC,31,.00,共有部分,鋼筋混凝土造,84年5月26日,十六層,,
RPOPMLLKKIKGFBB27CC,2,285.96,店鋪、住宅、樓梯間,鋼骨造,113年3月18日,二層,,
RPOPMLLKKIKGFBB27CC,2,285.96,店鋪、住宅、樓梯間,鋼骨造,113年3月18日,二層,,
RPTOMLLKKIKGFBB67CC,38,77.57,住商用,鋼筋混凝土造,76年11月9日,五層,,
RPTOMLLKKIKGFBB67CC,38,28.70,住商用,鋼筋混凝土造,76年11月9日,五層,,
RPTOMLLKKIKGFBB67CC,38,110.66,住商用,鋼筋混凝土造,76年11月9日,五層,,
RPXOMLLKKIKGFBB08CC,37,32.82,住家用,鋼筋混凝土造,77年12月31日,八層,,
RPXOMLLKKIKGFBB08CC,37,14.77,共有部分,鋼筋混凝土造,77年12月31日,八層,,
RPSOMLLKKIKGFBB57CC,31,78.63,住家用,鋼筋混凝土造,83年6月30日,十層,,
RPSOMLLKKIKGFBB57CC,31,27.19,共有部分,鋼筋混凝土造,83年6月30日,十層,,
RPUOMLLKKIKGFBB77CC,30,17.49,住家用,鋼筋混凝土造,84年6月26日,二十四層,,
RPUOMLLKKIKGFBB77CC,30,4.89,共有部分,鋼筋混凝土造,84年6月26日,二十四層,,
RPRPMLLKKIKGFBB57CC,34,67.45,住家用,鋼筋混凝土造,81年5月20日,五層,,
RPUOMLLKKIKGFBB77CC,30,3.75,共有部分,鋼筋混凝土造,84年6月26日,二十四層,,
RPSPMLLKKIKGFBB67CC,53,88.00,住家用,鋼筋混凝土加強磚造,62年5月20日,二層,,
RPPPMLLKKIKGFBB37CC,20,31.88,共有部分,鋼筋混凝土造,94年12月8日,十八層,,
RPWNMLKKKIKGFCB87CC,3,20.98,寄宿舍,鋼筋混凝土造,111年7月28日,七層,,
RPWNMLKKKIKGFCB87CC,3,14.31,本共有部分係依使用執照之建築概要表記載項目有：防空避難室兼停車空間、台電配電室、消防及發電機房、電信室、水箱、樓梯間、無障礙昇降機、梯廳、辦公室、管委會使用空間、親子廁所、無障礙廁所、資源回收空間、機房、機房＋管道間、走廊、車道、管道間等十八項。,鋼筋混凝土造,111年7月28日,七層,,
RPVPMLLKKIKGFBB97CC,31,65.44,住家用,鋼筋混凝土造,84年1月9日,九層,,
RPVPMLLKKIKGFBB97CC,31,43.71,共有部分,鋼筋混凝土造,84年1月9日,九層,,
RPPQMLLKKIKGFBB47CC,4,70.18,集合住宅,鋼筋混凝土造,110年10月8日,十五層,,
RPPQMLLKKIKGFBB47CC,4,57.44,本共有部分係依使用執照之建築概要表記載項目有：停車空間、車道、消防機房、污水機房、機房、水箱、緊急昇降機、排煙室、行動不便電梯、安全梯、防空避難室兼停車空間、發電機房、台電配電室、電信機房、梯廳、管委會使用空間、戶外安全梯、垃圾貯集空間、走廊、梯間、電梯機房等２１項,鋼筋混凝土造,110年10月8日,十五層,,
RPQOMLLKKIKGFAB27CC,38,325.01,住商用,鋼筋混凝土造,76年12月15日,四層,,
RPUPMLLKKIKGFBB87CC,20,48.22,住家用,鋼筋混凝土造,94年12月8日,十八層,,
RPOQMLLKKIKGFBB37CC,27,65.50,住家用,鋼筋混凝土造,87年11月16日,九層,,
RPUPMLLKKIKGFBB87CC,20,19.40,共有部分,鋼筋混凝土造,94年12月8日,十八層,,
RPOQMLLKKIKGFBB37CC,27,14.98,停車空間,鋼筋混凝土造,87年11月16日,九層,,
RPWPMLLKKIKGFBB08CC,4,82.00,集合住宅,鋼筋混凝土造,111年4月25日,十五層,,
RPOQMLLKKIKGFBB37CC,27,7.65,共有部分,鋼筋混凝土造,87年11月16日,九層,,
RPOQMLLKKIKGFBB37CC,27,21.77,共有部分,鋼筋混凝土造,87年11月16日,九層,,
RPWPMLLKKIKGFBB08CC,4,66.17,本共有部分係依使用執照之建築概要表記載項目有：防空避難室兼停車空間、排煙室、樓梯間、昇降機間、消防機房、雨水機房、車道、水箱、停車空間、機械室、台電配電室、電信室、發電機房、門廳、走廊、頂蓋型開放空間、公共服務空間、資源回收中心、梯廳、梯間、水錶箱室、電梯機房等２２項。,鋼筋混凝土造,111年4月25日,十五層,,
RPXOMLLKKIKGFAB97CC,31,23.15,住家用,鋼筋混凝土造,84年1月13日,十九層,,
RPXOMLLKKIKGFAB97CC,31,3.81,共有部分,鋼筋混凝土造,84年1月13日,十九層,,
RPXOMLLKKIKGFAB97CC,31,8.34,梯間．水箱．機械室,鋼筋混凝土造,84年1月13日,十九層,,
RPRPMLLKKIKGFAB47CC,16,181.42,集合住宅,鋼筋混凝土造,98年7月23日,十二層,,
RPVNMLLKKIKGFAB67CC,15,18.07,集合住宅,鋼筋混凝土造,99年8月25日,八層,,
RPRPMLLKKIKGFAB47CC,16,31.50,共有,鋼筋混凝土造,98年7月23日,十二層,,
RPVNMLLKKIKGFAB67CC,15,5.65,本共有部份係依使用執照之建築概要表記載項目有：人行道、門廳、車道、陽台、（Ａ）梯間、（Ｂ）梯間、（Ｃ）梯間、（Ｄ）梯間、、供行動不便者１０人份昇降機、８人份昇降機、室內通路走廊、機械室、儲藏室、水箱等１４項,鋼筋混凝土造,99年8月25日,八層,,
RPRPMLLKKIKGFAB47CC,16,54.46,共有,鋼筋混凝土造,98年7月23日,十二層,,
RPVNMLLKKIKGFAB67CC,15,4.01,本共有部份係依使用執照之建築概要表記載項目有：防空避難室兼停車空間、台電受電室、蓄水池、電信機械室、發電機械室、儲藏室、（Ａ）梯間、（Ｄ）梯間、污水處理設施、污水機械室、消防機械室、供行動不便者１０人份昇降機、８人份昇降機、截水溝等１４項,鋼筋混凝土造,99年8月25日,八層,,
RPSPMLLKKIKGFAB57CC,42,82.23,住家用,鋼筋混凝土造,72年10月24日,七層,,
RPSPMLLKKIKGFAB57CC,42,11.94,共有部分,鋼筋混凝土造,72年10月24日,七層,,
RPOPMLLKKIKGFAB17CC,36,19.16,住家用,鋼筋混凝土造,78年6月9日,七層,,
RPOPMLLKKIKGFAB17CC,36,7.26,人行道，梯間，機械房，水箱，配電室，走道,,78年6月9日,七層,,
RPPPMLLKKIKGFAB27CC,53,75.24,住家用,見其他登記事項,62年6月2日,二層,,
RPQPMLLKKIKGFAB37CC,44,54.83,集合住宅,鋼筋混凝土造,70年12月26日,五層,,
RPQQMLLKKIKGFBB57CC,30,24.78,住家用,鋼筋混凝土造,84年6月14日,八層,,
RPQPMLLKKIKGFAB37CC,44,4.92,共有部分,鋼筋混凝土造,70年12月26日,五層,,
RPQQMLLKKIKGFBB57CC,30,9.29,共有部分,鋼筋混凝土造,84年6月14日,八層,,
RPTNMLLKKIKGFAB47CC,30,22.62,集合住宅,鋼骨鋼筋混凝土造,85年5月20日,十九層,,
RPTNMLLKKIKGFAB47CC,30,4.11,共同使用,鋼骨鋼筋混凝土造,85年5月20日,十九層,,
RPTNMLLKKIKGFAB47CC,30,6.02,共同使用,鋼骨鋼筋混凝土造,85年5月20日,十九層,,
RPRQMLLKKIKGFBB67CC,21,59.71,住家用,ＲＣ造,94年2月1日,十五層,,
RPRQMLLKKIKGFBB67CC,21,49.59,共有部分,ＲＣ造,94年2月1日,十五層,,
RPXNMLLKKIKGFAB87CC,31,19.09,住家用,鋼筋混凝土造,84年1月13日,十九層,,
RPXNMLLKKIKGFAB87CC,31,3.16,共有部分,鋼筋混凝土造,84年1月13日,十九層,,
RPXNMLLKKIKGFAB87CC,31,7.21,梯間．水箱．機械室,鋼筋混凝土造,84年1月13日,十九層,,
RPUNMLLKKIKGFAB57CC,34,25.88,住家用,鋼筋混凝土造,80年12月6日,七層,,
RPUNMLLKKIKGFAB57CC,34,9.25,人行道，梯間，受電室，機械室,鋼筋混凝土造,80年12月6日,七層,,
RPSQMLLKKIKGFBB77CC,31,23.62,住家用,鋼筋混凝土造,83年7月5日,七層,,
RPSQMLLKKIKGFBB77CC,31,10.39,共有部分,鋼筋混凝土造,83年7月5日,七層,,
RPSQMLLKKIKGFBB77CC,31,.00,共有部分,鋼筋混凝土造,83年7月5日,七層,,
RPPNMLLKKIKGFCB27CC,32,114.46,住家用,鋼筋混凝土造,83年2月4日,七層,,
RPPNMLLKKIKGFCB27CC,32,37.70,共有部分,鋼筋混凝土造,83年2月4日,七層,,
RPQNMLLKKIKGFCB37CC,16,37.23,住家用,鋼筋混凝土造,98年8月13日,二十六層,,
RPQNMLLKKIKGFCB37CC,16,22.10,共有,鋼筋混凝土造,98年8月13日,二十六層,,
RPQNMLLKKIKGFCB37CC,16,14.66,共有,鋼筋混凝土造,98年8月13日,二十六層,,
RPRNMLLKKIKGFCB47CC,2,65.30,集合住宅,鋼筋混凝土造,113年3月4日,二十四層,,
RPRNMLLKKIKGFCB47CC,2,67.16,本共有部份係依使用執照之建築概要表記載項目有：防空避難室兼停車空間、排煙室、昇降機道、安全梯、污水及雨水機械室、水箱、消防機械室、停車空間、昇降機間、消防中繼機械室、台電配電室、電信室、發電機械室、機械室、梯廳、車道、防災中心、特別安全梯、管委會使用空間、公共服務空間、垃圾資源回收室、走廊、梯間、水錶室等二十四項。,鋼筋混凝土造,113年3月4日,二十四層,,
RPWNMLLKKIKGFCB97CC,31,33.11,住家用,鋼筋混凝土造,83年6月4日,七層,,
RPTNMLLKKIKGFCB67CC,32,19.14,住家用,鋼筋混凝土造,83年3月18日,七層,,
RPWNMLLKKIKGFCB97CC,31,15.56,共有部分,鋼筋混凝土造,83年6月4日,七層,,
RPTNMLLKKIKGFCB67CC,32,8.31,共有部分,鋼筋混凝土造,83年3月18日,七層,,
RPVNMLLKKIKGFCB87CC,33,93.91,住家用,鋼筋混凝土造,82年4月26日,八層,,
RPVNMLLKKIKGFCB87CC,33,25.46,共有部分,鋼筋混凝土造,82年4月26日,八層,,
RPROMLLKKIKGFCB57CC,29,81.43,集合住宅,鋼筋混凝土造,85年6月15日,十二層,,
RPROMLLKKIKGFCB57CC,29,48.84,共有部分,鋼筋混凝土造,85年6月15日,十二層,,
RPXOMLLKKIKGFCB18CC,35,23.96,住家用,鋼筋混凝土造,79年9月8日,八層,,
RPXOMLLKKIKGFCB18CC,35,8.39,共有部分,鋼筋混凝土造,79年9月8日,八層,,
RPQOMLLKKIKGFCB47CC,22,63.00,住家用,鋼筋混凝土造,92年7月31日,十三層,,
RPOOMLLKKIKGFCB27CC,29,81.51,集合住宅,鋼筋混凝土造,85年9月23日,十二層,,
RPQOMLLKKIKGFCB47CC,22,58.89,共有部分,鋼筋混凝土造,92年7月31日,十三層,,
RPOOMLLKKIKGFCB27CC,29,48.90,共有部分,鋼筋混凝土造,85年9月23日,十二層,,
RPPOMLLKKIKGFCB37CC,29,83.89,住家用,鋼筋混凝土造,85年12月14日,十四層,,
RPPOMLLKKIKGFCB37CC,29,26.10,共有部分,鋼筋混凝土造,85年12月14日,十四層,,
RPPOMLLKKIKGFCB37CC,29,.05,守衛室,鋼筋混凝土造,85年12月14日,十四層,,
RPPOMLLKKIKGFCB37CC,29,14.25,共有部分,鋼筋混凝土造,85年12月14日,十四層,,
RPVOMLLKKIKGFCB97CC,31,17.11,住家用,鋼筋混凝土造,84年2月15日,十五層,,
RPVOMLLKKIKGFCB97CC,31,9.83,共有部分,鋼筋混凝土造,84年2月15日,十六層,,
RPUNMLLKKIKGFCB77CC,35,152.05,住商用,鋼筋混凝土造,79年12月21日,七層,,
RPPNMLLKKIKGFDB37CC,36,28.25,避難室、店舖、住宅、梯間,鋼筋混凝土造,79年1月17日,六層,,
RPUNMLLKKIKGFCB77CC,35,53.08,共有部分,鋼筋混凝土造,79年12月21日,七層,,
RPPPMLLKKIKGFCB47CC,31,19.60,住家用,鋼筋混凝土造,83年6月10日,七層,,
RPPPMLLKKIKGFCB47CC,31,8.67,共用部份,鋼筋混凝土造,83年6月10日,七層,,
RPPNMLLKKIKGFFB57CC,47,49.68,住家用,加強磚造,68年5月20日,一層,,
RPOPMLLKKIKGFCB37CC,33,164.85,住家用,鋼筋混凝土造,82年5月12日,十九層,,
RPOPMLLKKIKGFCB37CC,33,36.97,共有部分,鋼筋混凝土造,82年5月12日,十九層,,
RPUOMLLKKIKGFCB87CC,32,15.75,住家用,鋼筋混凝土造,82年10月14日,十二層,,
RPUOMLLKKIKGFCB87CC,32,9.74,共有部分,鋼筋混凝土造,82年10月14日,十二層,,
RPTNMLLKKIKGFFB97CC,1,91.77,集合住宅,鋼筋混凝土造,113年12月16日,二十四層,,
RPTNMLLKKIKGFFB97CC,1,69.49,防空避難室兼停車空間、排煙室、水箱、一般昇降機、消防機械室、汙雨水機械室、安全梯、緊急昇降機、車道、停車空間、台電配電室、機械室、發電機室、泳池機械室、電表區、消防中繼水箱、消防中繼機房、電信室、梯廳、門廳、垃圾暫存空間、管委會使用空間、機車停車區、特別安全梯、防災中心、走廊、水錶室、電梯機房等２８項。,鋼筋混凝土造,113年12月16日,二十四層,,
RPQNMLLKKIKGFFB67CC,33,171.10,住商用,鋼筋混凝土造,82年2月8日,三層,,
RPSNMLLKKIKGFFB87CC,1,69.31,集合住宅,鋼筋混凝土造,113年12月16日,二十四層,,
RPSNMLLKKIKGFFB87CC,1,59.17,防空避難室兼停車空間、排煙室、水箱、一般昇降機、消防機械室、汙雨水機械室、安全梯、緊急昇降機、車道、停車空間、台電配電室、機械室、發電機室、泳池機械室、電表區、消防中繼水箱、消防中繼機房、電信室、梯廳、門廳、垃圾暫存空間、管委會使用空間、機車停車區、特別安全梯、防災中心、走廊、水錶室、電梯機房等２８項。,鋼筋混凝土造,113年12月16日,二十四層,,
RPPNMLLKKIKGFHB77CC,51,95.40,住家用,加強磚造,63年11月25日,二層,,
RPUNMLLKKIKGFFB08CC,46,69.50,住家用,鋼筋混凝土造,68年12月28日,五層,,
RPQNMLLKKIKGFHB87CC,46,177.12,住商用,鋼筋混凝土造,69年1月19日,三層,,
RPQNMLLKKIKGFIB97CC,49,95.26,住商用,加強磚造,65年6月28日,二層,,
RPVNMLLKKIKGFFB18CC,2,37.95,集合住宅,鋼筋混凝土造,113年5月6日,十一層,,
RPVNMLLKKIKGFFB18CC,2,22.76,台電專用管道間、消防機房、電信室、清水池、昇降機道、梯廳、安全梯間、汽車昇降機道、防空避難室兼停車空間、資源回收空間、發電機房、台電配電場所、管理委員會使用空間、停車空間、樓梯間、水塔間等１６項。,鋼筋混凝土造,113年5月6日,十一層,,
RPPNMLLKKIKGFJB97CC,20,175.26,自用倉庫、停車空間、住房,鋼筋混凝土造,94年8月29日,四層,,
RPPNMLLKKIKGFJB97CC,20,18.45,機電設備室、自用倉庫,鋼筋混凝土造,94年8月29日,四層,,
RPXNMLLKKIKGFFB38CC,5,87.15,集合住宅,鋼筋混凝土造,109年7月24日,十五層,,
RPPNMLLKKIKGFIB87CC,33,69.64,集合住宅,鋼筋混凝土造,81年8月23日,十三層,,
RPXNMLLKKIKGFFB38CC,5,63.37,停車空間，汽車坡道，防空避難室兼停車空間等３項。,鋼筋混凝土造,109年7月24日,十五層,,
RPRNMLLKKIKGFIB08CC,31,110.15,集合住宅,鋼筋混凝土造,83年11月25日,七層,,
RPPNMLLKKIKGFIB87CC,33,30.81,共有部份,鋼筋混凝土造,81年8月23日,十三層,,
RPXNMLLKKIKGFFB38CC,5,15.18,消防機房，水箱，梯間，污／雨水機房，進風機房，機械室，排風機房，公用水箱揚水機房，機械區，電信機房，公共水箱，台電配電室，發電機室，管委會使用空間，受電區，景觀機房，泳池機房，電表區，機車坡道，防空避難室兼停車空間，梯廳，警衛室，走廊，特別安全梯，游泳池，汽車坡道，大廳等２７項,鋼筋混凝土造,109年7月24日,十五層,,
RPXNMLLKKIKGFFB38CC,5,24.77,排煙室，梯廳兼排煙室，特別安全梯，梯廳，走道，機房，噴灌機房，梯間，電梯機房，消防水箱，水表室，機械室，水箱等１３項,鋼筋混凝土造,109年7月24日,十五層,,
RPRNMLLKKIKGFIB08CC,31,47.86,避難室、水箱、梯間、停車、機房,鋼筋混凝土造,83年11月25日,七層,,
RPQNMLLKKIKGFJB08CC,46,9.92,住商用,加強磚造,68年5月20日,二層,,
RPRNMLLKKIKGFJB18CC,46,19.83,住商用,加強磚造,68年5月20日,二層,,
RPQNMLMKKIKGFAB27CC,,56.64,集合住宅,鋼筋混凝土造,114年6月20日,十五層,,
RPQNMLMKKIKGFAB27CC,,54.50,本共有部分係依使用執照之建築概要表記載項目有：停車空間兼防空避難室、排煙室、樓梯間、一般昇降機、緊急昇降機、雨水機房、消防機房、機房、水箱、車道、停車空間、景觀機房、緊急發電機室、台電配電室、電信室、梯廳、門廳、垃圾集中室、管委會空間、梯間、水錶箱室、電梯機房等２２項,鋼筋混凝土造,114年6月20日,十五層,,
RPQNMLLKKIKGFKB18CC,3,60.80,集合住宅,鋼筋混凝土造,111年11月7日,十二層,,
RPQNMLLKKIKGFKB18CC,3,29.87,本共有部分項目有：防空避難室兼停車空間、消防機房、水箱、安全梯、梯廳、排煙室、一般昇降機、緊急昇降機、機械室、車道、停車空間、電信機房、台電配電室、發電機室、管委會使用空間、公共服務空間、垃圾處理室、戶外安全梯、機車停車空間、外廊、走廊、梯間、水錶室等２３項。,鋼筋混凝土造,111年11月7日,十二層,,
RPPNMLLKKIKGFKB08CC,22,177.48,住宅、梯間,鋼筋混凝土造,92年12月25日,三層,,
RPPNMLMKKIKGFAB17CC,34,17.44,集合住宅,鋼筋混凝土造,80年11月18日,十二層,,
RPPNMLMKKIKGFAB17CC,34,5.91,共有部分,鋼筋混凝土造,80年11月18日,十二層,,
RPSNMLMKKIKGFAB47CC,31,17.05,住家用,鋼筋混凝土造,84年1月13日,十九層,,
RPSNMLMKKIKGFAB47CC,31,2.64,共有部分,鋼筋混凝土造,84年1月13日,十九層,,
RPSNMLMKKIKGFAB47CC,31,6.45,梯間．水箱．機械室,鋼筋混凝土造,84年1月13日,十九層,,
RPTNMLMKKIKGFAB57CC,29,24.38,住家用,鋼骨造,86年1月31日,二十八層,,
RPTNMLMKKIKGFAB57CC,29,1.17,共同使用,鋼骨造,86年1月31日,二十八層,,
RPTNMLMKKIKGFAB57CC,29,7.45,公共設施,鋼骨造,86年1月31日,二十八層,,
RPRNMLMKKIKGFAB37CC,39,94.08,住家用,鋼筋混凝土造,75年7月5日,五層,,
RPTNMLMKKIKGFAB57CC,29,4.55,共有部分,鋼骨造,86年1月31日,二十八層,,
RPRNMLMKKIKGFAB37CC,39,15.47,共有部分,鋼筋混凝土造,75年7月5日,五層,,
RPPNMLMKKIKGFBB27CC,12,90.91,住家用,鋼筋混凝土造,102年9月25日,十五層,,
RPPNMLMKKIKGFBB27CC,12,42.27,本共有部分係依使用執照之建築概要表記載項目有；停車空間，梯廳，昇降機間，消防機房，污水機房，排煙室，水箱，機車停車區，防空避難室兼停車空間，樓梯間，台電配電室，發電機房，電信室，車道，管理室，門廳，資源回收室等１７項,鋼筋混凝土造,102年9月25日,十五層,,
RPPNMLMKKIKGFBB27CC,12,18.92,本共有部分係依使用執照之建築概要表記載項目有，昇降機間，排煙室，梯廳，水箱，機械室，透空遮牆，樓梯間等７項。,鋼筋混凝土造,102年9月25日,十五層,,
RPRNMLMKKIKGFBB47CC,37,109.10,住家用,鋼筋混凝土造,77年8月22日,七層,,
RPTNMLMKKIKGFBB67CC,32,61.55,住家用,鋼筋混凝土造,83年5月5日,七層,,
RPRNMLMKKIKGFBB47CC,37,49.66,共有部分,鋼筋混凝土造,77年8月22日,七層,,
RPTNMLMKKIKGFBB67CC,32,13.44,共有部分,鋼筋混凝土造,83年5月5日,七層,,
RPUNMLMKKIKGFBB77CC,33,21.96,住家用,鋼筋混凝土造,81年10月22日,五層,,
RPUNMLMKKIKGFBB77CC,33,3.31,共有部分,鋼筋混凝土造,81年10月22日,五層,,
RPQOMLMKKIKGFBB47CC,2,57.75,集合住宅,鋼筋混凝土造,112年7月11日,十四層,,
RPQOMLMKKIKGFBB47CC,2,58.70,本共有部份係依使用執照之建築概要表記載項目有：防空避難室兼停車空間，水箱，排煙室，樓梯間，一般昇降機，緊急昇降機，消防機房，雨水處理機房，車道，緊急發電機室，停車空間，台電配電室，電信室，梯廳，門廳，無障礙廁所，管委會空間，公共服務空間，垃圾集中室，梯間，電梯機房，水錶箱室等２２項。,鋼筋混凝土造,112年7月11日,十五層,,
RPQNMLMKKIKGFBB37CC,29,40.35,住家用,鋼筋混凝土造,85年6月27日,二十四層,,
RPQNMLMKKIKGFBB37CC,29,3.48,共有部分,鋼筋混凝土造,85年6月27日,二十四層,,
RPQNMLMKKIKGFBB37CC,29,1.16,共有部分,鋼筋混凝土造,85年6月27日,二十四層,,
RPQNMLMKKIKGFBB37CC,29,.00,共有部分,鋼筋混凝土造,85年6月27日,二十四層,,
RPQNMLMKKIKGFBB37CC,29,14.14,共有部分,鋼筋混凝土造,85年6月27日,二十四層,,
RPQNMLMKKIKGFBB37CC,29,.00,共有部分,鋼筋混凝土造,85年6月27日,二十四層,,
RPQNMLMKKIKGFBB37CC,29,2.15,共有部分,鋼筋混凝土造,85年6月27日,二十四層,,
RPTOMLMKKIKGFBB77CC,30,33.63,住家用,鋼筋混凝土造,84年6月26日,二十四層,,
RPTOMLMKKIKGFBB77CC,30,10.30,共有部分,鋼筋混凝土造,84年6月26日,二十四層,,
RPTOMLMKKIKGFBB77CC,30,7.78,共有部分,鋼筋混凝土造,84年6月26日,二十四層,,
RPSOMLMKKIKGFBB67CC,30,19.86,住家用,鋼筋混凝土造,85年5月24日,十六層,,
RPTOMLMKKIKGFBB77CC,30,.00,共有部分,鋼筋混凝土造,84年6月26日,二十四層,,
RPOOMLMKKIKGFBB27CC,30,34.25,住家用,鋼筋混凝土造,84年6月26日,二十四層,,
RPSOMLMKKIKGFBB67CC,30,5.74,共有部分,鋼筋混凝土造,85年5月24日,十六層,,
RPROMLMKKIKGFBB57CC,29,20.86,住家用,鋼筋混凝土造,85年8月29日,七層,,
RPOOMLMKKIKGFBB27CC,30,10.46,共有部分,鋼筋混凝土造,84年6月26日,二十四層,,
RPSOMLMKKIKGFBB67CC,30,.00,共有部分,鋼筋混凝土造,85年5月24日,十六層,,
RPROMLMKKIKGFBB57CC,29,9.27,共有部分,鋼筋混凝土造,85年8月29日,七層,,
RPOOMLMKKIKGFBB27CC,30,8.03,共有部分,鋼筋混凝土造,84年6月26日,二十四層,,
RPSOMLMKKIKGFBB67CC,30,4.46,共有部分,鋼筋混凝土造,85年5月24日,十六層,,
RPPOMLMKKIKGFBB37CC,10,80.20,集合住宅,鋼筋混凝土造,104年12月28日,十四層,,
RPPOMLMKKIKGFBB37CC,10,46.39,本共有部份係依使用執照之建築概要表記載項目有停車空間，一般安全梯，緊急昇降機，消防機房，機械室，太陽能設備室，防空避難室兼停車空間，台電配電室，緊急發電機室，電信機房，頂蓋型開放空間，門廳，公共服務空間，車道，景觀機房，管委會使用空間，梯廳，排煙室，水箱，泳池設備機房，電錶室，坡道，雨水回收機房，資源回收室，公共管道間：等２５項。,鋼筋混凝土造,104年12月28日,十四層,,
RPPOMLMKKIKGFBB37CC,10,16.15,本共有部份係依使用執照之建築概要表記載項目有：緊急昇降機，排煙室，梯廳，水箱，電梯機房，水錶室，太陽能設備室，一般安全梯等８項。,鋼筋混凝土造,104年12月28日,十四層,,
RPUOMLMKKIKGFBB87CC,46,23.38,住家用,鋼筋混凝土造,69年2月14日,七層,,
RPXNMLMKKIKGFBB08CC,30,24.29,住家用,鋼筋混凝土造,84年8月14日,十六層,,
RPXNMLMKKIKGFBB08CC,30,.00,共有部分,鋼筋混凝土造,84年8月14日,十六層,,
RPXNMLMKKIKGFBB08CC,30,.00,共有部分,鋼筋混凝土造,84年8月14日,十六層,,
RPXNMLMKKIKGFBB08CC,30,.28,共有部分,鋼筋混凝土造,84年8月14日,十六層,,
RPXNMLMKKIKGFBB08CC,30,.00,共有部分,鋼筋混凝土造,84年8月14日,十六層,,
RPXNMLMKKIKGFBB08CC,30,.00,共有部分,鋼筋混凝土造,84年8月14日,十六層,,
RPXNMLMKKIKGFBB08CC,30,.00,共有部分,鋼筋混凝土造,84年8月14日,十六層,,
RPXNMLMKKIKGFBB08CC,30,.00,共有部分,鋼筋混凝土造,84年8月14日,十六層,,
RPXNMLMKKIKGFBB08CC,30,5.41,共有部分,鋼筋混凝土造,84年8月14日,十六層,,
RPXNMLMKKIKGFBB08CC,30,.00,共有部分,鋼筋混凝土造,84年8月14日,十六層,,
RPXNMLMKKIKGFBB08CC,30,.00,共有部分,鋼筋混凝土造,84年8月14日,十六層,,
RPXNMLMKKIKGFBB08CC,30,4.50,共有部分,鋼筋混凝土造,84年8月14日,十六層,,
RPXNMLMKKIKGFBB08CC,30,.00,共有部分,鋼筋混凝土造,84年8月14日,十六層,,
RPXNMLMKKIKGFBB08CC,30,.00,共有部分,鋼筋混凝土造,84年8月14日,十六層,,
RPWOMLMKKIKGFBB08CC,5,70.33,集合住宅,鋼筋混凝土造,109年12月25日,十五層,,
RPWOMLMKKIKGFBB08CC,5,38.64,本共有部份係依使用執照之建築概要表記載項目有：停車空間、安全梯、昇降機間、排煙室、消防機房、水箱、車道、法定防空避難室兼停車空間、配電室、發電機室、電信室等１１項。,鋼筋混凝土造,109年12月25日,十五層,,
RPWOMLMKKIKGFBB08CC,5,20.27,本共有部份係依使用執照之建築概要表記載項目有：安全梯、梯廳、排煙室、昇降機間、會客室、會議室、宅配室、公共廁所、垃圾儲藏室、排煙機房、電梯機房、屋頂水箱等１２項。,鋼筋混凝土造,109年12月25日,十五層,,
RPXOMLMKKIKGFBB18CC,18,53.84,辦公室,鋼筋混凝土造,97年1月30日,十四層,,
RPXOMLMKKIKGFBB18CC,18,37.23,共有部分,鋼筋混凝土造,97年1月30日,十四層,,
RPPNMLMKKIKGFCB37CC,38,86.99,住家用,鋼筋混凝土造,77年3月1日,五層,,
RPPNMLMKKIKGFCB37CC,38,15.50,共有部分,鋼筋混凝土造,77年3月1日,五層,,
RPOPMLMKKIKGFBB37CC,36,25.16,住家用,鋼筋混凝土造,79年3月12日,七層,,
RPOPMLMKKIKGFBB37CC,36,6.24,共有部分,鋼筋混凝土造,79年3月12日,七層,,
RPQNMLMKKIKGFCB47CC,31,86.04,住家用,鋼筋混凝土造,83年11月15日,十三層,,
RPQNMLMKKIKGFCB47CC,31,25.21,共有部分,鋼筋混凝土造,83年11月15日,十三層,,
RPPOMLMKKIKGFCB47CC,2,56.76,集合住宅,鋼筋混凝土造,113年3月4日,二十四層,,
RPPOMLMKKIKGFCB47CC,2,60.74,本共有部份係依使用執照之建築概要表記載項目有：防空避難室兼停車空間、排煙室、昇降機道、安全梯、污水及雨水機械室、水箱、消防機械室、停車空間、昇降機間、消防中繼機械室、台電配電室、電信室、發電機械室、機械室、梯廳、車道、防災中心、特別安全梯、管委會使用空間、公共服務空間、垃圾資源回收室、走廊、梯間、水錶室等二十四項。,鋼筋混凝土造,113年3月4日,二十四層,,
RPVNMLMKKIKGFAB77CC,24,76.30,集合住宅,鋼筋混凝土造,90年8月10日,十四層,,
RPQOMLMKKIKGFCB57CC,30,11.28,住家用,鋼筋混凝土造,84年11月23日,五層,,
RPVNMLMKKIKGFAB77CC,24,9.95,共有部分,鋼筋混凝土造,90年8月10日,十四層,,
RPVNMLMKKIKGFAB77CC,24,16.07,共有部分,鋼筋混凝土造,90年8月10日,十四層,,
RPRNMLMKKIKGFCB57CC,30,64.10,住家用,鋼筋混凝土造,84年10月8日,十五層,,
RPRNMLMKKIKGFCB57CC,30,23.44,共有部分,鋼筋混凝土造,84年10月8日,十五層,,
RPTNMLMKKIKGFCB77CC,18,20.58,住家用,鋼筋混凝土造,97年1月31日,七層,,
RPVNMLMKKIKGFCB97CC,16,39.61,住家用,鋼筋混凝土造,98年8月13日,二十六層,,
RPROMLMKKIKGFCB67CC,16,60.79,住家用,鋼筋混凝土造,99年2月1日,十二層,,
RPVNMLMKKIKGFCB97CC,16,3.28,共有,鋼筋混凝土造,98年8月13日,二十六層,,
RPROMLMKKIKGFCB67CC,16,22.39,本共有部份之項目有：人行道、門廳（Ａ）、外廊（Ａ）、外廊（Ｂ）、公共服務空間、電梯梯間Ａ、緊急昇降機、行動不便者昇降機、Ａ１梯、Ａ２梯、Ａ３梯、車道Ａ、陽台、門廊Ｂ、管理室（管委會使用空間）、廣場式頂蓋型開放空間、沿街步道式頂蓋型開放空間、垃圾處理場、梯廳Ｂ１、開放空間景觀水池、Ｂ１梯、Ｂ２梯、Ｂ３梯、車道Ｂ、緩衝空間、廊道Ａ、排煙室Ａ１電梯梯間、管道室、緊急昇降機、梯廳Ｂ、梯廳兼排煙室、排煙室Ｂ１、廊道Ｂ、電梯梯間排煙室Ａ１、梯間、Ａ１梯、Ａ２梯、Ｂ１梯、Ｂ２梯、機械室、水箱Ａ１、水箱Ａ２、水箱Ｂ１、水箱Ｂ２等四十四項。,鋼筋混凝土造,99年2月1日,十二層,,
RPVNMLMKKIKGFCB97CC,16,15.60,共有,鋼筋混凝土造,98年8月13日,二十六層,,
RPROMLMKKIKGFCB67CC,16,22.91,本共有部份之項目有：電表室、台電配電室Ａ、防空避難室兼停車空間、發電機室、過濾機房、行動不便者昇降機、Ａ３梯、台電配電室Ｂ、Ｂ３梯、Ｂ４梯、停車空間、電信室、儲藏室、汙水機房、水箱Ａ、機械室、水箱Ｂ、消防機房等十八項。,鋼筋混凝土造,99年2月1日,十二層,,
RPSNMLMKKIKGFCB67CC,13,64.65,住家用,鋼筋混凝土造,101年9月26日,十四層,,
RPTOMLMKKIKGFCB87CC,28,31.98,辦公室,鋼筋混凝土造,86年12月16日,二十三層,,
RPTNMLMKKIKGFCB77CC,18,6.38,共用,鋼筋混凝土造,97年1月31日,七層,,
RPTOMLMKKIKGFCB87CC,28,5.31,共有部分,鋼筋混凝土造,86年12月16日,二十三層,,
RPSNMLMKKIKGFCB67CC,13,42.87,本共有部分之項目有停車空間、排煙室、梯廳、梯間、水箱、污水機房、消防機房、防空避難室兼停車空間、台電配電室、緊急發電機室、電信室、人行道、門廳、管理員室、公共服務空間、穿廊、車道、垃圾集中處、電梯機房等十九項。,鋼筋混凝土造,101年9月26日,十四層,,
RPWNMLMKKIKGFAB87CC,30,23.89,集合住宅,鋼骨鋼筋混凝土造,85年1月19日,二十二層,,
RPTNMLMKKIKGFCB77CC,18,7.21,共用,鋼筋混凝土造,97年1月31日,七層,,
RPTOMLMKKIKGFCB87CC,28,4.58,共有部分,鋼筋混凝土造,86年12月16日,二十三層,,
RPWNMLMKKIKGFAB87CC,30,2.24,樓梯間．機房．蓄水池,鋼骨鋼筋混凝土造,85年1月19日,二十二層,,
RPTOMLMKKIKGFCB87CC,28,5.36,共有部分,鋼筋混凝土造,86年12月16日,二十三層,,
RPWNMLMKKIKGFAB87CC,30,2.53,樓梯間,鋼骨鋼筋混凝土造,85年1月19日,二十二層,,
RPWNMLMKKIKGFAB87CC,30,6.61,防空避難室兼停車空間．走道,鋼骨鋼筋混凝土造,85年1月19日,二十二層,,
RPWNMLMKKIKGFAB87CC,30,8.28,走道,鋼筋混凝土造,85年1月19日,二十二層,,
RPSOMLMKKIKGFCB77CC,5,58.82,集合住宅,鋼筋混凝土造,109年6月19日,十五層,,
RPSOMLMKKIKGFCB77CC,5,62.80,本共有部分係依使用執照之建築物概要表記載項目有：防空避難室兼停車空間、排煙室、樓梯間、一般昇降機、緊急昇降機、消防機房、污水處理機房、水箱、車道、停車空間、緊急發電機室、台電配電室、電信室、機房、機車停車區、頂蓋型開放空間、垃圾集中室、外廊、門廳、梯廳、公共服務空間、梯間、水錶箱室、電梯機房等２４項。,鋼筋混凝土造,109年6月19日,十五層,,
RPWNMLMKKIKGFCB08CC,31,77.56,集合住宅,鋼筋混凝土造,84年2月15日,十六層,,
RPWNMLMKKIKGFCB08CC,31,26.40,共有部分,鋼筋混凝土造,84年2月15日,十六層,,
RPXNMLMKKIKGFCB18CC,28,106.13,住家用,鋼筋混凝土造,86年11月21日,十二層,,
RPWNMLMKKIKGFCB08CC,31,16.89,共有部分,鋼筋混凝土造,84年2月15日,十六層,,
RPXNMLMKKIKGFCB18CC,28,16.89,共有部分,鋼筋混凝土造,86年11月21日,十二層,,
RPXNMLMKKIKGFCB18CC,28,31.28,共有部分,鋼筋混凝土造,86年11月21日,十二層,,
RPUOMLMKKIKGFCB97CC,31,20.55,住家用,鋼筋混凝土造,83年6月29日,十一層,,
RPUOMLMKKIKGFCB97CC,31,10.29,共有部分,鋼筋混凝土造,83年6月29日,十一層,,
RPOOMLMKKIKGFCB37CC,5,88.64,集合住宅,鋼筋混凝土造,109年6月19日,十五層,,
RPOOMLMKKIKGFCB37CC,5,74.44,本共有部分係依使用執照之建築物概要表記載項目有：防空避難室兼停車空間、排煙室、樓梯間、一般昇降機、緊急昇降機、消防機房、污水處理機房、水箱、車道、停車空間、緊急發電機室、台電配電室、電信室、機房、機車停車區、頂蓋型開放空間、垃圾集中室、外廊、門廳、梯廳、公共服務空間、梯間、水錶箱室、電梯機房等２４項。,鋼筋混凝土造,109年6月19日,十五層,,
RPPNMLMKKIKGFEB57CC,9,90.82,集合住宅,鋼筋混凝土造,105年8月26日,七層,,
RPPNMLMKKIKGFEB57CC,9,19.70,公共設施（梯廳、昇降機間、安全梯、樓梯間）,鋼筋混凝土造,105年8月26日,七層,,
RPPNMLMKKIKGFEB57CC,9,28.25,公共設施（台電配電室、消防機房、發電機房、電信室、防空避難室兼停車空間、車道、守衛室）,鋼筋混凝土造,105年8月26日,七層,,
RPUNMLLKKIKGFJB48CC,2,52.76,集合住宅,鋼筋混凝土造,113年3月27日,十五層,,
RPUNMLLKKIKGFJB48CC,2,50.99,停車空間兼防空避難室、安全梯間、車道、停車空間、排煙室、台電配電室、污水機房、電錶室、水箱、消防機房、電信室、發電機房、一般昇降機、緊急昇降機、管道間、管理委員會使用空間（會客空間、資源回收室）、梯廳、排煙室兼梯廳、安全梯、儲藏室、機械室、水錶室、樓梯間、水箱、電梯機房等２５項。,鋼筋混凝土造,113年3月27日,十五層,,
RPQNMLMKKIKGFEB67CC,4,51.01,集合住宅,鋼筋混凝土造,111年3月22日,十層,,
RPQNMLMKKIKGFEB67CC,4,30.46,共有部分（防空避難室兼停車空間、台電配電室、電信室、樓梯間、梯廳、發電機室兼消防機房、管委會使用空間、門廳、資源回收室、水箱、機械室等１１項）,鋼筋混凝土造,111年3月22日,十層,,
RPSNMLLKKIKGFJB28CC,1,59.80,集合住宅,鋼筋混凝土造,113年7月1日,十五層,,
RPSNMLLKKIKGFJB28CC,1,58.37,本共有部分之項目有防空避難室兼停車空間、消防機房、雨汙水機房、水箱、緊急昇降機間兼排煙室、室內安全梯、車道、停車空間、電信機房、室內安全梯、緊急發電機室、台電配電室、電錶室、景觀泳池機房、變電室、機械室、管委會空間、走廊、梯廳、垃圾貯存空間、公共服務空間、游泳池、門廳、戶外安全梯、水錶室等、電梯機房等２６項,鋼筋混凝土造,113年7月1日,十五層,,
RPVNMLMKKIKGFFB28CC,13,142.68,人行道、門廊、住宅、梯間,鋼筋混凝土造,101年7月27日,三層,,
RPQNMLMKKIKGFFB77CC,5,74.13,店舖,鋼筋混凝土造,109年7月24日,十五層,,
RPQNMLMKKIKGFFB77CC,5,63.37,停車空間，汽車坡道，防空避難室兼停車空間等３項。,鋼筋混凝土造,109年7月24日,十五層,,
RPQNMLMKKIKGFFB77CC,5,14.32,消防機房，水箱，梯間，污／雨水機房，進風機房，機械室，排風機房，公用水箱揚水機房，機械區，電信機房，公共水箱，台電配電室，發電機室，管委會使用空間，受電區，景觀機房，泳池機房，電表區，機車坡道，防空避難室兼停車空間，梯廳，警衛室，走廊，特別安全梯，游泳池，汽車坡道，大廳等２７項,鋼筋混凝土造,109年7月24日,十五層,,
RPQNMLMKKIKGFFB77CC,5,22.30,排煙室，梯廳兼排煙室，特別安全梯，梯廳，走道，機房，噴灌機房，梯間，電梯機房，消防水箱，水表室，機械室，水箱等１３項,鋼筋混凝土造,109年7月24日,十五層,,
RPQNMLMKKIKGFFB77CC,5,9.92,外廊１項,鋼筋混凝土造,109年7月24日,十五層,,
RPQOMLMKKIKGFFB87CC,25,42.90,儲藏室、停車空間、住宅,鋼筋混凝土造,90年3月30日,四層,,
RPPOMLMKKIKGFFB77CC,3,75.06,集合住宅,鋼筋混凝土造,111年10月6日,十五層,,
RPPNMLMKKIKGFFB67CC,57,68.88,住家用,加強磚造,58年6月1日,二層,,
RPPOMLMKKIKGFFB77CC,3,14.59,消防機房、機房、水箱、雨水機房、污水機房、安全梯、排風管道、電信室、防空避難室兼停車空間、台電配電室、發電機房、管委會使用空間、水景機房、泳池機房、游泳池、梯廳、風除室、外廊、大廳、警衛室等２０項,鋼筋混凝土造,111年10月6日,十五層,,
RPTNMLMKKIKGFFB08CC,1,73.44,集合住宅,鋼筋混凝土造,113年10月24日,十五層,,
RPPOMLMKKIKGFFB77CC,3,19.72,排煙室、升降機、緊急升降機兼無障礙升降機、特別安全梯、梯廳、機房、電梯機房、水錶室、消防水箱、自來水箱等１０項,鋼筋混凝土造,111年10月6日,十五層,,
RPTNMLMKKIKGFFB08CC,1,69.76,防空避難室兼停車空間、一般昇降機、安全梯無障礙樓梯、緊急昇降機行動不便者、水箱、梯廳兼排煙室、機房、雨汙水機房、消防機房、停車空間、電信室、機械室、緊急發電機室、台電配電室、電錶區、梯廳、垃圾暫存室、車道、機車停車空間、戶外安全梯、管理委員會使用空間、戶外安全梯無障礙樓梯、排煙室、機電設備空間、室內安全梯無障礙樓梯、梯間、機械室（水錶室）、昇降機道、室內安全梯、電梯機房等３０項,鋼筋混凝土造,113年10月24日,十五層,,
RPPOMLMKKIKGFFB77CC,3,32.71,停車空間、防空避難室兼停車空間等２項,鋼筋混凝土造,111年10月6日,十五層,,
RPROMLMKKIKGFFB97CC,19,196.14,辦公室、停車空間、住宅,鋼筋混凝土造,96年3月28日,四層,,
RPSNMLMKKIKGFFB97CC,1,50.48,集合住宅,鋼筋混凝土造,113年10月24日,十五層,,
RPSNMLMKKIKGFFB97CC,1,57.43,防空避難室兼停車空間、一般昇降機、安全梯無障礙樓梯、緊急昇降機行動不便者、水箱、梯廳兼排煙室、機房、雨汙水機房、消防機房、停車空間、電信室、機械室、緊急發電機室、台電配電室、電錶區、梯廳、垃圾暫存室、車道、機車停車空間、戶外安全梯、管理委員會使用空間、戶外安全梯無障礙樓梯、排煙室、機電設備空間、室內安全梯無障礙樓梯、梯間、機械室（水錶室）、昇降機道、室內安全梯、電梯機房等３０項,鋼筋混凝土造,113年10月24日,十五層,,
RPXNMLMKKIKGFFB48CC,4,66.15,集合住宅,鋼筋混凝土造,111年2月16日,十五層,,
RPXNMLMKKIKGFFB48CC,4,31.19,停車空間、防空避難室兼停車空間等２項。,鋼筋混凝土造,111年2月16日,十五層,,
RPSOMLMKKIKGFFB08CC,1,74.44,集合住宅,鋼筋混凝土造,113年12月16日,二十四層,,
RPXNMLMKKIKGFFB48CC,4,9.94,梯廳、管理委員會使用空間、大廳、外廊、風除室、廊道、車道、停車場排風管道、機車停車空間、台電配電室、電信室、電錶區、發電機房、水景機房、垃圾儲藏室、景觀機房、停車場進風管道、消防機房、雨水回收機房等１９項。,鋼筋混凝土造,111年2月16日,十五層,,
RPSOMLMKKIKGFFB08CC,1,61.85,防空避難室兼停車空間、排煙室、水箱、一般昇降機、消防機械室、汙雨水機械室、安全梯、緊急昇降機、車道、停車空間、台電配電室、機械室、發電機室、泳池機械室、電表區、消防中繼水箱、消防中繼機房、電信室、梯廳、門廳、垃圾暫存空間、管委會使用空間、機車停車區、特別安全梯、防災中心、走廊、水錶室、電梯機房等２８項。,鋼筋混凝土造,113年12月16日,二十四層,,
RPTOMLMKKIKGFFB18CC,19,15.75,住家用,鋼筋混凝土造,96年1月9日,五層,,
RPXNMLMKKIKGFFB48CC,4,22.45,排煙室、昇降機、緊急昇降機、特別安全梯、水箱、梯廳、機械室（水錶室）、機房、電梯機房、消防水箱、屋突水箱、水箱室等１２項。,鋼筋混凝土造,111年2月16日,十五層,,
RPTOMLMKKIKGFFB18CC,19,.62,梯間、水箱,鋼筋混凝土造,96年1月9日,五層,,
RPOOMLMKKIKGFFB67CC,1,49.44,集合住宅,鋼筋混凝土造,114年6月6日,二十八層,,
RPTOMLMKKIKGFFB18CC,19,4.63,住家用,鋼筋混凝土造,96年1月9日,五層,,
RPQNMLMKKIKGFHB97CC,10,52.16,辦公室,鋼筋混凝土造,104年10月27日,九層,,
RPOOMLMKKIKGFFB67CC,1,13.28,排煙室、昇降機、無障礙安全梯、特別安全梯、無障礙樓梯、梯廳兼排煙室、梯廳、管委會空間、中繼機房、中繼水箱、電梯間、水錶室、樓梯間、電梯機房、機電空間、水箱、安全梯、水箱機房、消防水箱等１９項,鋼筋混凝土造,114年6月6日,二十八層,,
RPQNMLMKKIKGFHB97CC,10,28.64,停車空間、機械室、樓梯間、電梯間、水箱室、防空避難室兼停車空間、臺電受電室、門廳、門廊、管理室、水箱,鋼筋混凝土造,104年10月27日,九層,,
RPOOMLMKKIKGFFB67CC,1,11.46,消防機房、雨水回收機房、車道、機房、水箱、停車空間、進風管道、公共水箱、防空避難室兼停車空間、台電配電室、發電機房、泳池水箱、公共電氣室、機車車道、管委會使用空間、昇降機、大廳、梯廳、警衛室、儲藏室、風除室、排風機房、防災中心、電信室、垃圾暫存室、附屬社區共用空間、附屬共用廚房、機電設備空間、電梯間、設備空間、泳池機房、景觀機房、游泳池、管委會空間、樓電梯間、機電空間、樓梯間等３７項,鋼筋混凝土造,114年6月6日,二十八層,,
RPPNMLMKKIKGFHB87CC,31,92.67,住家用,鋼筋混凝土造,84年1月13日,十六層,,
RPPNMLMKKIKGFHB87CC,31,43.30,共有部分,鋼筋混凝土造,84年1月13日,十六層,,
RPQNMLMKKIKGFIB08CC,37,136.76,住家用,鋼筋混凝土造,77年9月9日,三層,,
RPSNMLMKKIKGFIB28CC,47,67.55,住家用,鋼筋混凝土造,68年5月30日,四層,,
RPTNMLMKKIKGFIB38CC,30,168.43,住家用,鋼筋混凝土造,84年11月22日,四層,,
RPTNMLMKKIKGFIB38CC,30,8.00,共有部分,鋼筋混凝土造,84年11月22日,七層,,
RPWNMLMKKIKGFIB68CC,34,82.00,集合住宅,鋼筋混凝土造,80年6月25日,七層,,
RPWNMLMKKIKGFIB68CC,34,13.96,共有部分,鋼筋混凝土造,80年6月25日,七層,,
RPWNMLMKKIKGFIB68CC,34,16.27,共有部分,鋼筋混凝土造,80年6月25日,七層,,
RPUNMLMKKIKGFIB48CC,21,77.06,集合住宅,鋼筋混凝土造,93年9月6日,八層,,
RPUNMLMKKIKGFIB48CC,21,31.59,共有部分,鋼筋混凝土造,93年9月6日,八層,,
RPPNMLMKKIKGFKB18CC,5,53.40,集合住宅,鋼筋混凝土造,109年7月22日,五層,,
RPPNMLMKKIKGFKB18CC,5,20.74,人行道、資源回收室、管委會使用空間、梯廳、樓梯間、昇降機間,鋼筋混凝土造,109年7月22日,五層,,
RPVNMLMKKIKGFIB58CC,44,155.14,店住宅、人行道、梯間,鋼筋混凝土造,70年10月25日,三層,,
RPQNMLMKKIKGFJB18CC,4,23.00,住宅、停車空間、樓梯間,鋼筋混凝土造,111年1月25日,四層,,
RPPNMLMKKIKGFJB08CC,4,82.96,集合住宅,鋼筋混凝土造,110年12月20日,十五層,,
RPPNMLMKKIKGFJB08CC,4,70.82,水箱、防空避難室兼停車空間、消防機械室、汙水機房、車道、排煙室、一般昇降機、安全梯、機械室、緊急昇降機、電信室、台電配電室、發電機室、停車空間、管委會使用空間、梯廳、垃圾集中貯存空間、公共服務空間、外廊、戶外安全梯、頂蓋型開放空間、走廊、梯間、水錶室、昇降機,鋼筋混凝土造,110年12月20日,十五層,,
RPSNMLNKKIKGFFB08CC,45,120.19,住商用,加強磚造,69年11月15日,二層,,
RPPNMLPKKIKGFAB47CC,31,95.34,住家用,鋼筋混凝土造,83年12月28日,十五層,,
RPPNMLPKKIKGFAB47CC,31,38.21,共有部分,鋼筋混凝土造,83年12月28日,十五層,,
RPOOMLMKKIKGFIB97CC,44,78.62,集合住宅,鋼筋混凝土造,71年2月7日,五層,,
RPPNMLPKKIKGFAB47CC,31,8.26,共有部分,鋼筋混凝土造,83年12月28日,十五層,,
RPOOMLMKKIKGFIB97CC,44,7.99,共有部份,鋼筋混凝土造,71年2月7日,五層,,
RPPNMLMKKIKGFDB47CC,32,105.31,住家用,鋼筋混凝土造,82年9月2日,七層,,
RPPNMLOKKIKGFCB57CC,29,22.40,店舖、集合住宅、樓梯間,鋼筋混凝土造,85年9月17日,五層,,
RPQNMLNKKIKGFCB57CC,13,41.14,住家用,鋼筋混凝土造,101年11月21日,十四層,,
RPQNMLNKKIKGFCB57CC,13,38.96,本共有部分係依使用執照之建築概要表記載項目有：防空避難室兼停車空間、停車空間、電信室、台電配電室、受電箱、梯間、車道、發電機室、消防機械室、水箱、公共服務空間、門廳、有頂蓋開放空間、門廊、中央管理室兼防災中心（守衛室）等１５項。,鋼筋混凝土造,101年11月21日,十四層,,
RPQNMLNKKIKGFCB57CC,13,17.03,本共有部分係依使用執照之建築概要表記載項目有：機械室、排煙室、梯廳、安全梯、走廊、水箱、樓梯間等７項。,鋼筋混凝土造,101年11月21日,十四層,,
RPPNMLMKKIKGFDB47CC,32,18.47,共有部分,鋼筋混凝土造,82年9月2日,七層,,
RPRNMLPKKIKGFAB67CC,20,49.59,集合住宅,鋼筋混凝土造,94年12月19日,十二層,,
RPRNMLPKKIKGFAB67CC,20,16.85,共用部分,鋼筋混凝土造,94年12月19日,十二層,,
RPRNMLPKKIKGFAB67CC,20,11.34,共用部分,鋼筋混凝土造,94年12月19日,十二層,,
RPPNMLOKKIKGFAB37CC,56,20.00,住家用,見其他登記事項,58年10月28日,三層,,
RPQNMLPKKIKGFAB57CC,34,108.16,住家用,鋼筋混凝土造,80年8月3日,七層,,
RPQNMLPKKIKGFAB57CC,34,32.04,停車空間、梯間、避難室、車道、人行道,鋼筋混凝土造,80年8月3日,七層,,
RPPNMLNKKIKGFCB47CC,13,64.65,住家用,鋼筋混凝土造,101年9月26日,十四層,,
RPVOMLMKKIKGFCB08CC,32,97.11,住家用,鋼筋混凝土造,82年9月24日,七層,,
RPPNMLNKKIKGFCB47CC,13,50.69,本共有部分之項目有停車空間、排煙室、梯廳、梯間、水箱、污水機房、消防機房、防空避難室兼停車空間、台電配電室、緊急發電機室、電信室、人行道、門廳、管理員室、公共服務空間、穿廊、車道、垃圾集中處、電梯機房等十九項。,鋼筋混凝土造,101年9月26日,十四層,,
RPVOMLMKKIKGFCB08CC,32,32.28,共有部分,鋼筋混凝土造,82年9月24日,七層,,
RPQNMLNKKIKGFDB67CC,36,28.25,避難室、店舖、住宅、梯間,鋼筋混凝土造,79年1月17日,六層,,
RPOOMLPKKIKGFAB47CC,31,88.57,住家用,鋼筋混凝土造,83年8月25日,十二層,,
RPOOMLPKKIKGFAB47CC,31,38.94,共有部分,鋼筋混凝土造,83年8月25日,十二層,,
RPSNMLPKKIKGFAB77CC,30,41.44,集合住宅,鋼筋混凝土造,84年10月23日,八層,,
RPSNMLPKKIKGFAB77CC,30,11.10,防空避難室、人行道、梯間、水塔、機械室,鋼筋混凝土造,84年10月23日,八層,,
RPWNMLPKKIKGFAB18CC,43,21.48,住家用,鋼筋混凝土造,71年8月17日,六層,,
RPROMLPKKIKGFAB77CC,29,24.38,住家用,鋼骨造,86年1月31日,二十八層,,
RPROMLPKKIKGFAB77CC,29,1.17,共同使用,鋼骨造,86年1月31日,二十八層,,
RPUNMLPKKIKGFAB97CC,20,24.33,人行道，店舖，停車空間，住房，樓梯間,鋼筋混凝土造,94年8月3日,四層,,
RPROMLPKKIKGFAB77CC,29,7.45,公共設施,鋼骨造,86年1月31日,二十八層,,
RPROMLPKKIKGFAB77CC,29,4.55,共有部分,鋼骨造,86年1月31日,二十八層,,
RPRNMLPKKIKGFBB77CC,42,116.47,住家用,加強磚造,72年7月6日,二層,,
RPTOMLPKKIKGFAB97CC,29,25.30,住家用,鋼骨造,86年1月31日,二十八層,,
RPTOMLPKKIKGFAB97CC,29,.92,共同使用,鋼骨造,86年1月31日,二十八層,,
RPTOMLPKKIKGFAB97CC,29,7.69,公共設施,鋼骨造,86年1月31日,二十八層,,
RPTOMLPKKIKGFAB97CC,29,3.48,共有部分,鋼骨造,86年1月31日,二十八層,,
RPQNMLPKKIKGFBB67CC,4,65.19,集合住宅,鋼筋混凝土造,111年3月15日,十五層,,
RPQNMLPKKIKGFBB67CC,4,60.29,本共有部分係依使用執照之建築概要表記載項目有：防空避難室兼停車空間，排煙室，樓梯間，一般昇降機，緊急昇降機，消防機房，汙水機房，水箱，停車空間，緊急發電機室，電信室，台電配電室，梯廳，走廊，公共服務空間，管理室，資源回收室，頂蓋型開放空間，梯間，水錶箱室，電梯機房等２１項。,鋼筋混凝土造,111年3月15日,十五層,,
RPPOMLPKKIKGFAB57CC,28,64.08,住家用,鋼筋混凝土造,86年8月15日,十四層,,
RPPOMLPKKIKGFAB57CC,28,24.76,共有部分,鋼筋混凝土造,86年8月15日,十四層,,
RPVOMLPKKIKGFAB18CC,31,80.06,住家用,鋼筋混凝土造,83年7月14日,十三層,,
RPVOMLPKKIKGFAB18CC,31,17.04,防空避難室．水箱．樓梯間．機械室．停車空間．台電受電室,鋼筋混凝土造,83年7月14日,十三層,,
RPSNMLPKKIKGFBB87CC,42,67.23,住家用,鋼筋混凝土造,72年7月9日,五層,,
RPPNMLPKKIKGFBB57CC,30,146.95,住家用,鋼筋混凝土造,85年1月8日,三層,,
RPUNMLPKKIKGFBB08CC,42,88.66,集合住宅,鋼筋混凝土造,73年4月11日,七層,,
RPVNMLPKKIKGFBB18CC,29,20.46,住家用,鋼筋混凝土造,85年7月15日,十四層,,
RPVNMLPKKIKGFBB18CC,29,6.58,共有部分,鋼筋混凝土造,85年7月15日,十四層,,
RPVNMLPKKIKGFBB18CC,29,4.93,共有部分,鋼筋混凝土造,85年7月15日,十四層,,
RPVNMLPKKIKGFBB18CC,29,.00,共有部分,鋼筋混凝土造,85年7月15日,十四層,,
RPTNMLPKKIKGFBB97CC,3,59.59,集合住宅,鋼筋混凝土造,111年7月28日,二十四層,,
RPTNMLPKKIKGFBB97CC,3,61.22,本共有部份係依使用執照之建築概要表記載項目有：防空避難室兼停車空間，排煙室，樓梯間，緊急昇降機，一般昇降機，污、雨水機械室，消防機械室，水箱，車道，停車空間，機電空間，電信室，緊急發電機室、台電配電室，防災中心，消防中繼機房，機械室，電錶區，水箱室，機車停車區，門廳，廁所，管委會使用空間，走廊，垃圾集中室，公共服務空間，頂蓋型開放空間，儲藏室，信箱室，宅配室，中繼水塔，梯間，梯廳，電梯機房，水錶箱室等３５項．,鋼筋混凝土造,111年7月28日,二十四層,,
RPQOMLPKKIKGFBB77CC,36,25.16,住家用,鋼筋混凝土造,79年3月12日,七層,,
RPXNMLPKKIKGFBB38CC,42,71.73,住家用,鋼筋混凝土造,73年4月30日,五層,,
RPQOMLPKKIKGFBB77CC,36,6.24,共有部分,鋼筋混凝土造,79年3月12日,七層,,
RPXNMLPKKIKGFBB38CC,42,6.81,共有部份,鋼筋混凝土造,73年4月30日,五層,,
RPXNMLPKKIKGFBB38CC,42,3.23,共有部份,鋼筋混凝土造,73年4月30日,五層,,
RPPOMLPKKIKGFBB67CC,7,65.53,集合住宅,鋼筋混凝土造,108年5月13日,二十二層,,
RPPOMLPKKIKGFBB67CC,7,41.82,本共有部份係依使用執照之建築概要表記載項目有：防空避難室兼停車空間，消防機械室，雨污水機房，安全梯，機械室，停車空間，泳池水箱，消防中繼機房，電信室，景觀機房，發電機室，防災中心，垃圾儲藏室，台電配電室，門廳，管委會使用空間等１６項。,鋼筋混凝土造,108年5月13日,二十二層,,
RPPOMLPKKIKGFBB67CC,7,23.80,本共有部份係依使用執照之建築概要表記載項目有：水箱，緊急昇降機間排煙室，揚水機房，特別安全梯，排煙室，梯廳，安全梯，電梯間，噴灌機房，消防中繼機房，自來水水箱，消防水箱，機械室等１３項。,鋼筋混凝土造,108年5月13日,二十二層,,
RPWNMLPKKIKGFBB28CC,54,81.26,住家用,加強磚造,60年12月1日,一層,,
RPTOMLPKKIKGFBB08CC,1,21.81,室內停車空間、住宅、樓梯間,鋼筋混凝土造,113年7月12日,五層,,
RPROMLPKKIKGFBB87CC,30,45.55,住家用,鋼筋混凝土造,84年8月14日,十六層,,
RPROMLPKKIKGFBB87CC,30,.00,共有部分,鋼筋混凝土造,84年8月14日,十六層,,
RPROMLPKKIKGFBB87CC,30,.00,共有部分,鋼筋混凝土造,84年8月14日,十六層,,
RPROMLPKKIKGFBB87CC,30,.44,共有部分,鋼筋混凝土造,84年8月14日,十六層,,
RPROMLPKKIKGFBB87CC,30,.00,共有部分,鋼筋混凝土造,84年8月14日,十六層,,
RPSOMLPKKIKGFBB97CC,40,83.25,住家用,鋼筋混凝土造,75年5月8日,五層,,
RPROMLPKKIKGFBB87CC,30,.00,共有部分,鋼筋混凝土造,84年8月14日,十六層,,
RPROMLPKKIKGFBB87CC,30,.00,共有部分,鋼筋混凝土造,84年8月14日,十六層,,
RPROMLPKKIKGFBB87CC,30,.00,共有部分,鋼筋混凝土造,84年8月14日,十六層,,
RPOOMLPKKIKGFBB57CC,3,42.59,集合住宅,鋼筋混凝土造,111年11月16日,十五層,,
RPROMLPKKIKGFBB87CC,30,8.60,共有部分,鋼筋混凝土造,84年8月14日,十六層,,
RPXOMLPKKIKGFBB48CC,1,19.50,室內停車空間、住宅、樓梯間,鋼筋混凝土造,113年7月12日,五層,,
RPOOMLPKKIKGFBB57CC,3,45.78,本共有部份係依使用執照之建築概要表記載項目有：停車空間，水箱，排煙室，樓梯間，昇降機間，消防機房，污水機房，車道，緊急發電機室，防空避難室兼停車空間，台電配電室，電信室，梯廳，管委會使用空間，管道間，電梯機房，水箱間等１７項,鋼筋混凝土造,111年11月16日,十五層,,
RPSOMLPKKIKGFBB97CC,40,7.90,共有部分,鋼筋混凝土造,75年5月8日,五層,,
RPROMLPKKIKGFBB87CC,30,.00,共有部分,鋼筋混凝土造,84年8月14日,十六層,,
RPOOMLPKKIKGFBB57CC,3,.00,本共有部份係依使用執照之建築概要表記載項目有：梯廳１項,鋼筋混凝土造,111年11月16日,十五層,,
RPROMLPKKIKGFBB87CC,30,.00,共有部分,鋼筋混凝土造,84年8月14日,十六層,,
RPROMLPKKIKGFBB87CC,30,8.87,共有部分,鋼筋混凝土造,84年8月14日,十六層,,
RPROMLPKKIKGFBB87CC,30,.00,共有部分,鋼筋混凝土造,84年8月14日,十六層,,
RPROMLPKKIKGFBB87CC,30,.00,共有部分,鋼筋混凝土造,84年8月14日,十六層,,
RPWOMLPKKIKGFBB38CC,18,105.79,住家用,鋼筋混凝土造,96年9月29日,十二層,,
RPWOMLPKKIKGFBB38CC,18,42.65,共有部分,鋼筋混凝土造,96年9月29日,十二層,,
RPWOMLPKKIKGFBB38CC,18,16.07,共有部分,鋼筋混凝土造,96年9月29日,十二層,,
RPUOMLPKKIKGFBB18CC,45,104.13,住商用,鋼筋混凝土造,70年1月15日,二層,,
RPPPMLPKKIKGFBB77CC,45,90.58,集合住宅,鋼筋混凝土造,70年3月13日,五層,,
RPSPMLPKKIKGFBB08CC,1,19.50,室內停車空間、住宅、樓梯間,鋼筋混凝土造,113年7月12日,五層,,
RPOPMLPKKIKGFBB67CC,3,56.11,集合住宅,鋼筋混凝土造,112年2月23日,十八層,,
RPOPMLPKKIKGFBB67CC,3,20.25,本共有部分係依使用執照之建築概要表記載項目有：管理員室、管委會使用空間、排煙室、樓梯間、梯廳、儲藏空間、宅配空間、機房、噴灌機房、水錶區、水錶室、消防中繼機房、水箱、電梯機房、消防中繼水箱等１５項,鋼筋混凝土造,112年2月23日,十八層,,
RPOPMLPKKIKGFBB67CC,3,40.32,本共有部分係依使用執照之建築概要表記載項目有：防空避難室兼停車空間、機車停車空間、梯間、排煙室、梯廳、機房、台電配電室、防災中心、電信室、電表室、資源回收室、澆灌機房、發電機房、水箱、公共水箱、水池機房、停車空間、消防機械室、消防中繼機房、污水雨水機房等二十項,鋼筋混凝土造,112年2月23日,十八層,,
RPQPMLPKKIKGFBB87CC,7,54.71,集合住宅,鋼筋混凝土造,107年9月14日,十五層,,
RPQPMLPKKIKGFBB87CC,7,54.95,本共有部分係依使用執照之建築概要表記載項目有：停車空間，樓梯間，昇降機間，消防機房，污水機房，防空避難室兼停車空間，頂蓋型開放空間，外廊，台電配電室，緊急發電機室，電信室，車道，梯廳兼門廳，管委會空間，資源回收室，機車停車區，水箱，排煙室，水景機房，水錶箱室，電梯機房，門廳，梯廳，梯間等２４項。,鋼筋混凝土造,107年9月14日,十五層,,
RPTPMLPKKIKGFBB18CC,1,82.84,集合住宅,鋼筋混凝土造,113年6月5日,十五層,,
RPTPMLPKKIKGFBB18CC,1,68.35,本共有部份係依使用執照之建築概要表記載項目有：防空避難室兼停車空間，水箱，排煙室，樓梯間，緊急昇降機，一般昇降機，消防機房，雨水機房，機房，緊急發電機室，停車空間，台電配電室，電信室，機車停車空間，梯廳，機電設備空間，頂蓋型開放空間，管委會使用空間，公共服務空間，走廊，資源回收中心，游泳池，梯間，電梯機房，水錶箱室等２５項,鋼筋混凝土造,113年6月5日,十五層,,
RPUPMLPKKIKGFBB28CC,1,21.81,室內停車空間、住宅、樓梯間,鋼筋混凝土造,113年7月12日,五層,,
RPVPMLPKKIKGFBB38CC,34,27.82,住家用,鋼筋混凝土造,80年8月22日,六層,,
RPVPMLPKKIKGFBB38CC,34,14.48,共有部分,鋼筋混凝土造,80年8月22日,六層,,
RPRPMLPKKIKGFBB97CC,1,87.85,集合住宅,鋼筋混凝土造,114年1月16日,二十四層,,
RPRPMLPKKIKGFBB97CC,1,71.26,本共有部份係依使用執照之建築概要表記載項目有：防空避難室兼停車空間，排煙室，樓梯間，一般昇降機，緊急昇降機，汙水機械室，機械室，消防機房，水箱，車道，一般安全梯，停車空間，電信室，水景機械室，戲水池機房，緊急發電機室，台電配電室，消防蓄水池，電錶室，防災中心，消防中繼機房，梯廳，公設管委會使用空間，門廳，儲藏室，管理室，特別安全梯，梯間，消防水箱，水錶箱室，電梯機房等３２項。,鋼筋混凝土造,114年1月16日,二十四層,,
RPQNMLPKKIKGFCB77CC,31,19.00,住家用,鋼筋混凝土造,83年6月4日,七層,,
RPQNMLPKKIKGFCB77CC,31,8.93,共有部分,鋼筋混凝土造,83年6月4日,七層,,
RPPNMLPKKIKGFCB67CC,30,93.83,住家用,鋼筋混凝土造,84年10月24日,二十五層,,
RPPNMLPKKIKGFCB67CC,30,26.16,共有部分,鋼筋混凝土造,84年10月24日,二十五層,,
RPPNMLPKKIKGFCB67CC,30,5.45,共有部分,鋼筋混凝土造,84年10月24日,二十五層,,
RPPNMLPKKIKGFCB67CC,30,1.38,共有部分,鋼筋混凝土造,84年10月24日,二十五層,,
RPWNMLPKKIKGFCB38CC,31,13.98,住家用,鋼筋混凝土造,84年4月24日,七層,,
RPPNMLPKKIKGFCB67CC,30,14.49,共有部分,鋼筋混凝土造,84年10月24日,二十五層,,
RPWNMLPKKIKGFCB38CC,31,6.81,共有部分,鋼筋混凝土造,84年4月24日,七層,,
RPTNMLPKKIKGFCB08CC,31,104.60,住家用,鋼筋混凝土造,83年10月15日,九層,,
RPTNMLPKKIKGFCB08CC,31,44.50,共有部分,鋼筋混凝土造,83年10月15日,九層,,
RPRNMLPKKIKGFCB87CC,4,53.81,集合住宅,鋼筋混凝土造,110年10月29日,二十四層,,
RPRNMLPKKIKGFCB87CC,4,21.95,本共有部分係依使用執照之建築物概要表記載項目有：梯廳（排煙室）、電梯、緊急昇降電梯（行動不便電梯）、停車空間、消防機房、污水機房、水箱、車道、樓梯間、管道間、泳池水箱、電信室、消防中繼機房、發電機室、機械室、消防中繼水箱、防空避難室兼汽．機停車空間、台電配電室、垃圾集中室、受電箱區、電錶位置等２１項。,鋼筋混凝土造,110年10月29日,二十四層,,
RPRNMLPKKIKGFCB87CC,4,16.67,本共有部分係依使用執照之建築物概要表記載項目有：開放空間（有頂蓋）、管道間、梯廳（排煙室）、樓梯間、緊急升降電梯（行動不便電梯）、門廳、車道、防災中心、管委會使用空間、電梯、廁所、中繼機房、機械室、機械室（水錶區）、電梯機房、子母水箱、消防水箱等１７項。,鋼筋混凝土造,110年10月29日,二十四層,,
RPSNMLPKKIKGFCB97CC,19,11.00,住家用,鋼筋混凝土造,95年6月28日,十層,,
RPROMLPKKIKGFCB97CC,4,18.28,店鋪、住宅、機械室、樓梯間、水塔室,鋼筋混凝土造,111年5月25日,五層,,
RPXNMLPKKIKGFCB48CC,37,23.32,住商用,鋼筋混凝土造,77年8月26日,五層,,
RPOOMLPKKIKGFCB67CC,7,43.84,集合住宅,鋼筋混凝土造,107年11月26日,十五層,,
RPSOMLPKKIKGFCB08CC,31,70.45,住家用,鋼筋混凝土造,83年8月26日,十五層,,
RPOOMLPKKIKGFCB67CC,7,37.74,本共有部分係依使用執照之建築概要表記載項目有：停車空間、車道、梯廳、一般安全梯、昇降機、進氣管道、排氣管道、消防機房、雨水機房、Ａ＋Ｂ梯水箱、電信機房、防空避難室兼停車空間、台電配電室、發電機室、洗衣間、管委會使用空間、門廳、排煙室、機車停車區、走廊等２０項。,鋼筋混凝土造,107年11月26日,十五層,,
RPSOMLPKKIKGFCB08CC,31,13.63,共有部分,鋼筋混凝土造,83年8月26日,十五層,,
RPOOMLPKKIKGFCB67CC,7,10.51,本共有部分係依使用執照之建築概要表記載項目有：排煙室、梯廳、特別安全梯、昇降機、緊急升降機、走廊、戶外安全梯、樓梯間、機械室、水箱等１０項。,鋼筋混凝土造,107年11月26日,十五層,,
RPPOMLPKKIKGFCB77CC,31,19.60,住家用,鋼筋混凝土造,83年6月10日,七層,,
RPPOMLPKKIKGFCB77CC,31,8.67,共有部分,鋼筋混凝土造,83年6月10日,七層,,
RPUOMLPKKIKGFCB28CC,4,20.12,店鋪、住宅、機械室、樓梯間、水塔室,鋼筋混凝土造,111年5月25日,五層,,
RPTOMLPKKIKGFCB18CC,30,12.80,住家用,鋼筋混凝土造,84年11月23日,五層,,
RPPNMLPKKIKGFDB77CC,3,84.60,集合住宅,鋼筋混凝土造,111年6月24日,十五層,,
RPPNMLPKKIKGFDB77CC,3,71.26,本共有部分之項目有防空避難室兼停車空間、排煙室、樓梯間、一般昇降機、緊急昇降機、消防機房、雨污水機房、水箱、停車空間、機房、台電配電室、電信室、緊急發電機室、電錶區、梯廳、門廳、無障礙廁所、公共服務空間、走廊、垃圾集中室、車道、水錶箱室、梯間、電梯機房等２４項,鋼筋混凝土造,111年6月24日,十五層,,
RPSNMLPKKIKGFDB08CC,31,174.01,住商用,鋼筋混凝土造,84年1月4日,三層,,
RPQNMLPKKIKGFDB87CC,51,51.99,住家用,磚造,64年4月9日,一層,,
RPPNMLPKKIKGFFB97CC,39,132.14,住商用,鋼筋混凝土加強磚造,76年3月3日,二層,,
RPRNMLPKKIKGFFB18CC,1,70.33,集合住宅,鋼筋混凝土造,113年12月16日,二十四層,,
RPRNMLPKKIKGFFB18CC,1,59.72,防空避難室兼停車空間、排煙室、水箱、一般昇降機、消防機械室、汙雨水機械室、安全梯、緊急昇降機、車道、停車空間、台電配電室、機械室、發電機室、泳池機械室、電表區、消防中繼水箱、消防中繼機房、電信室、梯廳、門廳、垃圾暫存空間、管委會使用空間、機車停車區、特別安全梯、防災中心、走廊、水錶室、電梯機房等２８項。,鋼筋混凝土造,113年12月16日,二十四層,,
RPRNMLPKKIKGFDB97CC,43,485.85,住商用,鋼筋混凝土造,71年7月17日,五層,,
RPQNMLPKKIKGFFB08CC,2,64.63,集合住宅,鋼筋混凝土造,113年4月11日,十四層,,
RPQNMLPKKIKGFFB08CC,2,54.68,防空避難室兼停車空間、排煙室、水箱、消防機械室、污水機房、緊急昇降機行動不便者、一般昇降機、安全梯、停車空間、消防中繼水箱、消防中繼機房、車道、台電配電室、電信室、發電機室、泳池機房、機車停車空間、特別安全梯、管委會使用空間、走廊、垃圾暫存室、防災中心、梯廳、水錶室、戶外安全梯、梯間、昇降機道、機械室等２８項。,鋼筋混凝土造,113年4月11日,二十四層,,
RPSNMLPKKIKGFFB28CC,4,94.93,集合住宅,鋼筋混凝土造,110年7月17日,十五層,,
RPSNMLPKKIKGFFB28CC,4,74.58,本共有部分之項目有：防空避難室兼停車空間、梯廳、水箱、消防機械室、污水機械室、揚水泵機械室、安全梯、昇降機道、停車空間、台電配電室、發電機械室、電信室、機械室、排煙室、門廳、垃圾資源回收室、管委會使用空間、車道、機車停車空間、戶外安全梯、梯間、水錶室等２２項,鋼筋混凝土造,110年7月17日,十五層,,
RPUNMLPKKIKGFIB78CC,30,65.35,集合住宅,鋼筋混凝土造,84年12月22日,十六層,,
RPUNMLPKKIKGFIB78CC,30,32.95,共有部份,鋼筋混凝土造,84年12月22日,十六層,,
RPPNMLPKKIKGFIB28CC,3,49.93,集合住宅,鋼筋混凝土造,111年8月5日,二十層,,
RPPNMLPKKIKGFIB28CC,3,33.22,停車空間、梯廳、昇降機、無障礙電梯、樓梯間、車道、機房、雨、污水機械室、消防機械室兼消防中繼機械室、水箱、機械室、公共水箱、泳池機房、水景機房、機房機械室、電信室、發電機房、垃圾貯存空間、台電配電場所、電錶區等２０項。,鋼筋混凝土造,111年8月5日,二十層,,
RPPNMLPKKIKGFIB28CC,3,16.45,管委會使用空間、梯廳、排煙室、緊急昇降機、昇降機、無障礙電梯、防災中心、警衛室、游泳池、樓梯間、水錶室、消防中繼機械室、消防水箱、設備空間、機械室、自來水箱等１６項。,鋼筋混凝土造,111年8月5日,二十層,,
RPVNMLPKKIKGFIB88CC,32,83.74,集合住宅,鋼筋混凝土造,82年11月24日,七層,,
RPVNMLPKKIKGFIB88CC,32,24.89,共有部份,鋼筋混凝土造,82年11月24日,七層,,
RPQNMLPKKIKGFIB38CC,10,43.06,本共有部分之項目有梯廳〈排煙室、安全梯〉、緊急昇降機道、機電設備管道、防空避難設備兼停車空間、車道、蓄水池、機械室、發電機室、消防機械室、汙水機房、雨水機房、停車空間、電信室、電表室、台電配電室、受電箱區及水池機房等１７項。,鋼筋混凝土造,105年1月8日,十五層,,
RPRNMLPKKIKGFIB48CC,5,64.52,集合住宅,鋼筋混凝土造,109年7月13日,十五層,,
RPQNMLPKKIKGFIB38CC,10,26.58,本共有部分之項目有安全梯間、排煙室、緊急昇降機道、梯廳、門廊、垃圾處理室、公共服務空間、車道、機電設備管道、頂蓋型開放空間、管委會使用空間、走廊、梯間、儲藏室、水錶室、機械室、水箱及電梯機房等１８項,鋼筋混凝土造,105年1月8日,十五層,,
RPRNMLPKKIKGFIB48CC,5,61.75,本共有部分之項目有防空避難室兼停車空間．樓梯間．昇降機間．水箱．污水機房．消防機房．排煙室．車道．停車空間．電信室．緊急發電機室．台電配電室．機車停車區．梯廳．門廳．資源回收室．管理室．公共服務空間．梯間．水錶箱室．電梯機房等２１項。,鋼筋混凝土造,109年7月13日,十五層,,
RPQNMLPKKIKGFIB38CC,10,93.76,集合住宅,鋼筋混凝土造,105年1月8日,十五層,,
RPPNMLPKKIKGFJB38CC,6,226.83,騎樓、店舖、住宅,鋼筋混凝土造,109年3月25日,二層,,
RPQNMLPKKIKGFJB48CC,31,17.97,住家用,鋼筋混凝土造,83年10月18日,十二層,,
RPQNMLPKKIKGFJB48CC,31,7.03,共有部分,鋼筋混凝土造,83年10月18日,十二層,,
RPRNMLPKKIKGFJB58CC,31,68.70,集合住宅,鋼筋混凝土造,84年4月14日,七層,,
RPRNMLPKKIKGFJB58CC,31,25.58,共有部分,鋼筋混凝土造,84年4月14日,七層,,
RPVOMLPKKIKGFCB38CC,30,12.80,住家用,鋼筋混凝土造,84年11月23日,五層,,
RPOPMLPKKIKGFCB77CC,31,13.47,住家用,鋼筋混凝土造,83年9月8日,十三層,,
RPOPMLPKKIKGFCB77CC,31,7.17,共有部分,鋼筋混凝土造,83年9月8日,十三層,,
RPWOMLPKKIKGFCB48CC,3,33.05,店鋪、住宅、機械室、樓梯間、水塔室,鋼筋混凝土造,111年5月25日,五層,,
RPPPMLPKKIKGFCB87CC,36,18.00,住家用,鋼筋混凝土造,78年6月20日,五層,,
RPXOMLPKKIKGFCB58CC,5,50.71,集合住宅,鋼筋混凝土造,109年7月22日,二十四層,,
RPXOMLPKKIKGFCB58CC,5,14.84,本共有部分係依使用執照之建築物概要表記載項目有：管委會使用空間、梯廳、排煙室、樓梯間、行動不便電梯、緊急升降機電梯、電梯、機械室、泳池機房、消防中繼機房、水錶室、電梯機房、水箱、消防水箱等１４項。,鋼筋混凝土造,109年7月22日,二十四層,,
RPXOMLPKKIKGFCB58CC,5,40.39,本共有部分係依使用執照之建築物概要表記載項目有：停車空間、水箱、車道、消防機房、樓梯間、排煙室、機械室、行動不便電梯、緊急升降機電梯、防空避難室兼停車空間、台電配電室、發電機房、中繼機房、中繼水箱、防災中心、垃垃集中室、電錶室、電信室等１８項。,鋼筋混凝土造,109年7月22日,二十四層,,
RPTNMLPKKIKGFJB78CC,26,96.49,住家用,鋼筋混凝土造,88年6月11日,九層,,
RPTNMLPKKIKGFJB78CC,26,37.63,水塔、人行道、防空避難室、機械室、梯間,鋼筋混凝土造,88年6月11日,九層,,
RPTNMLPKKIKGFJB78CC,26,15.01,停車空間,鋼筋混凝土造,88年6月11日,九層,,
RPSNMLPKKIKGFJB68CC,38,123.47,瞭望台、住宅、梯間,鋼筋混凝土造,77年3月9日,二層,,
RPPNMLPKKIKGFKB48CC,1,85.35,集合住宅,鋼筋混凝土造,114年3月11日,十層,,
RPPNMLPKKIKGFKB48CC,1,76.37,本共有部分之項目有防空避難室兼停車空間、梯間、一般安全梯、無障礙梯、機電設備、水箱、消防機械室、雨汙水機械室、車道、揚水泵區、一般昇降機、無障礙昇降機、停車空間、電信室、發電機室、台電配電室、電錶室、受電箱區、戶外安全梯、無障礙廁所、梯廳、停車空間車道、管委會使用空間、垃圾集中貯留空間、外廊、機械室、水錶室等２７項。,鋼筋混凝土造,114年3月11日,十層,,
RPQNMLPKKIKGFKB58CC,46,74.19,住家用,加強磚造,69年4月1日,四層,,
RPRNMLPKKIKGFKB68CC,37,16.54,住家用,鋼筋混凝土造,77年9月10日,五層,,
RPRNMLPKKIKGFKB68CC,37,3.03,梯間及走道,鋼筋混凝土造,77年9月10日,五層,,
RPTNMLPKKIKGFKB88CC,22,12.25,住家用,鋼筋混凝土造,93年3月23日,五層,,
RPTNMLPKKIKGFKB88CC,,42.43,門廳、停車空間、樓梯間、水箱室,鋼筋混凝土造,,五層,,
RPUNMLPKKIKGFKB98CC,22,58.97,住家用,鋼筋混凝土造,93年3月23日,五層,,
RPUNMLPKKIKGFKB98CC,,21.22,門廳、停車空間、樓梯間、水箱室,鋼筋混凝土造,,五層,,
RPWNMLPKKIKGFKB56CC,45,40.95,住家用,鋼筋混凝土造,70年5月20日,四層,,
RPVNMLPKKIKGFKB09CC,22,72.91,住家用,鋼筋混凝土造,93年3月23日,五層,,
RPVNMLPKKIKGFKB09CC,,21.22,門廳、停車空間、樓梯間、水箱室,鋼筋混凝土造,,五層,,
RPXNMLPKKIKGFKB66CC,45,47.93,住家用,鋼筋混凝土造,70年5月20日,四層,,
RPOOMLPKKIKGFKB48CC,34,10.00,儲藏室、住房,鋼筋混凝土造,81年2月10日,四層,,
RPPOMLPKKIKGFKB58CC,34,10.00,儲藏室、住房,鋼筋混凝土造,81年2月10日,四層,,
RPRNMLQKKIKGFAB77CC,34,24.53,住家用,鋼筋混凝土造,81年2月19日,五層,,
RPRNMLQKKIKGFAB77CC,34,12.23,水箱，機械室，避難室，梯間,鋼筋混凝土造,81年2月19日,五層,,
RPQNMLQKKIKGFAB67CC,35,28.09,辦公室,鋼筋混凝土造,79年10月16日,十二層,,
RPPNMLQKKIKGFAB57CC,31,25.94,住家用,鋼筋混凝土造,83年11月24日,六層,,
RPQNMLQKKIKGFAB67CC,35,48.08,人行道、梯間、機械房、廣告板、避難室、停車空間、水塔,鋼筋混凝土造,79年10月16日,十二層,,
RPPNMLQKKIKGFAB57CC,31,5.61,共有部分,鋼筋混凝土造,83年11月24日,六層,,
RPSNMLQKKIKGFAB87CC,57,106.11,店舖,鐵筋加強磚造,58年4月28日,三層,,
RPUNMLPKKIKGFFB48CC,7,97.05,集合住宅,鋼筋混凝土造,107年9月26日,十五層,,
RPUNMLPKKIKGFFB48CC,7,13.79,梯廳、門廳〈風除室〉、門廊、管委會使用空間〈游泳池〉、電信機房、排風機房、泳池機房、進風機房、消防機房、緊急發電機房、機房、垃圾暫存室、泳池水箱、雨水及汙水機房、防空避難室兼停車空間、車道、機車停車空間。,鋼筋混凝土造,107年9月26日,十五層,,
RPUNMLPKKIKGFFB48CC,7,32.26,防空避難室兼停車空間、停車空間、車道,鋼筋混凝土造,107年9月26日,十五層,,
RPUNMLPKKIKGFFB48CC,7,1.01,特別安全梯、台電配電室,鋼筋混凝土造,107年9月26日,十五層,,
RPUNMLPKKIKGFFB48CC,7,27.50,特別安全梯、排煙室、梯廳、水箱、電錶、消防水箱、電梯機房、樓梯間,鋼筋混凝土造,107年9月26日,十五層,,
RPOOMLPKKIKGFFB97CC,28,90.02,集合住宅,鋼筋混凝土造,86年10月8日,五層,,
RPVNMLPKKIKGFFB58CC,1,69.31,集合住宅,鋼筋混凝土造,113年12月16日,二十四層,,
RPOOMLPKKIKGFFB97CC,28,8.45,梯間,鋼筋混凝土造,86年10月8日,五層,,
RPVNMLPKKIKGFFB58CC,1,59.17,防空避難室兼停車空間、排煙室、水箱、一般昇降機、消防機械室、汙雨水機械室、安全梯、緊急昇降機、車道、停車空間、台電配電室、機械室、發電機室、泳池機械室、電表區、消防中繼水箱、消防中繼機房、電信室、梯廳、門廳、垃圾暫存空間、管委會使用空間、機車停車區、特別安全梯、防災中心、走廊、水錶室、電梯機房等２８項。,鋼筋混凝土造,113年12月16日,二十四層,,
RPOOMLPKKIKGFFB97CC,28,33.55,避難室、停車空間　,鋼筋混凝土造,86年10月8日,五層,,
RPXNMLPKKIKGFFB78CC,1,98.08,集合住宅,鋼筋混凝土造,114年6月6日,二十八層,,
RPTNMLPKKIKGFFB38CC,1,91.20,集合住宅,鋼筋混凝土造,113年12月16日,二十四層,,
RPXNMLPKKIKGFFB78CC,1,26.35,排煙室、昇降機、無障礙安全梯、特別安全梯、無障礙樓梯、梯廳兼排煙室、梯廳、管委會空間、中繼機房、中繼水箱、電梯間、水錶室、樓梯間、電梯機房、機電空間、水箱、安全梯、水箱機房、消防水箱等１９項,鋼筋混凝土造,114年6月6日,二十八層,,
RPTNMLPKKIKGFFB38CC,1,69.73,防空避難室兼停車空間、排煙室、水箱、一般昇降機、消防機械室、汙雨水機械室、安全梯、緊急昇降機、車道、停車空間、台電配電室、機械室、發電機室、泳池機械室、電表區、消防中繼水箱、消防中繼機房、電信室、梯廳、門廳、垃圾暫存空間、管委會使用空間、機車停車區、特別安全梯、防災中心、走廊、水錶室、電梯機房等２８項。,鋼筋混凝土造,113年12月16日,二十四層,,
RPWNMLPKKIKGFFB68CC,5,9.22,集合住宅,鋼筋混凝土造,109年8月25日,五層,,
RPXNMLPKKIKGFFB78CC,1,47.43,消防機房、雨水回收機房、車道、機房、水箱、停車空間、進風管道、公共水箱、防空避難室兼停車空間、台電配電室、發電機房、泳池水箱、公共電氣室、機車車道、管委會使用空間、昇降機、大廳、梯廳、警衛室、儲藏室、風除室、排風機房、防災中心、電信室、垃圾暫存室、附屬社區共用空間、附屬共用廚房、機電設備空間、電梯間、設備空間、泳池機房、景觀機房、游泳池、管委會空間、樓電梯間、機電空間、樓梯間等３７項,鋼筋混凝土造,114年6月6日,二十八層,,
RPWNMLPKKIKGFFB68CC,5,5.11,梯廳、安全梯、升降機、管道間、走廊、安全梯間、升降機機械室、水箱、停車空間、電信室、消防機室、發電機室、台電配電室、安全梯Ａ,鋼筋混凝土造,109年8月25日,五層,,
RPPOMLPKKIKGFFB08CC,33,89.57,住家用,鋼筋混凝土造,82年1月15日,五層,,
RPPOMLPKKIKGFFB08CC,33,9.13,梯間,鋼筋混凝土造,82年1月15日,五層,,
RPPNMLQKKIKGFBB67CC,41,79.97,住家用,鋼筋混凝土造,73年12月18日,五層,,
RPUNMLQKKIKGFBB18CC,32,78.91,住家用,鋼筋混凝土造,82年8月6日,七層,,
RPUNMLQKKIKGFBB18CC,32,11.99,共有部分,鋼筋混凝土造,82年8月6日,七層,,
RPQNMLQKKIKGFBB77CC,30,16.43,住家用,鋼筋混凝土造,84年6月26日,二十四層,,
RPQNMLQKKIKGFBB77CC,30,4.53,共有部分,鋼筋混凝土造,84年6月26日,二十四層,,
RPSNMLQKKIKGFBB97CC,30,102.33,住家用,鋼筋混凝土造,84年6月5日,八層,,
RPQNMLQKKIKGFBB77CC,30,3.46,共有部分,鋼筋混凝土造,84年6月26日,二十四層,,
RPQNMLQKKIKGFBB77CC,30,.00,共有部分,鋼筋混凝土造,84年6月26日,二十四層,,
RPSNMLQKKIKGFBB97CC,30,36.93,共有部分,鋼筋混凝土造,84年6月5日,八層,,
RPVNMLQKKIKGFBB28CC,1,35.27,住宅、停車空間、樓梯間,鋼筋混凝土造,113年6月17日,五層,,
RPWNMLQKKIKGFBB38CC,30,19.18,住家用,鋼筋混凝土造,84年6月26日,二十四層,,
RPWNMLQKKIKGFBB38CC,30,5.41,共有部分,鋼筋混凝土造,84年6月26日,二十四層,,
RPWNMLQKKIKGFBB38CC,30,4.13,共有部分,鋼筋混凝土造,84年6月26日,二十四層,,
RPQOMLQKKIKGFBB87CC,30,33.02,住家用,鋼筋混凝土造,84年6月14日,八層,,
RPQOMLQKKIKGFBB87CC,30,10.74,共有部分,鋼筋混凝土造,84年6月14日,八層,,
RPSOMLQKKIKGFBB08CC,30,76.91,住家用,鋼筋混凝土造,85年1月22日,八層,,
RPSOMLQKKIKGFBB08CC,30,21.03,共有部分,鋼筋混凝土造,85年1月22日,八層,,
RPROMLQKKIKGFBB97CC,11,102.05,住家用,鋼筋混凝土造,103年11月6日,十五層,,
RPROMLQKKIKGFBB97CC,11,29.14,本共有部分係依使用執照之建築概要表記載項目有：門廳．公共服務空間．頂蓋型開放空間兼外廊．管理員室．資源環保室．緊急昇降機．排煙室．戶外安全梯．梯廳．電梯．梯間．樓梯間．水錶室．機械室．水箱等１５項。,鋼筋混凝土造,103年11月6日,十五層,,
RPROMLQKKIKGFBB97CC,11,44.95,本共有部分係依使用執照之建築概要表記載項目有：停車空間．消防機房．污水機房．雨水機房．緊急昇降機．排煙室．一般安全梯．水箱．景觀機房．揚水泵機房．防空避難室兼停車空間．台電配電室．緊急發電機房．電信機房等１４項。,鋼筋混凝土造,103年11月6日,十五層,,
RPPOMLQKKIKGFAB67CC,30,22.58,集合住宅,鋼筋混凝土造,84年9月11日,七層,,
RPPOMLQKKIKGFAB67CC,30,7.58,人行道、梯間、機械室、防空避難室、水箱,鋼筋混凝土造,84年9月11日,七層,,
RPROMLQKKIKGFAB87CC,28,19.15,住家用,鋼筋混凝土造,87年5月20日,七層,,
RPROMLQKKIKGFAB87CC,28,8.95,共有部分,鋼筋混凝土造,87年5月20日,七層,,
RPRPMLQKKIKGFAB97CC,38,110.30,住家用,鋼筋混凝土造,76年12月15日,五層,,
RPQOMLQKKIKGFAB77CC,28,107.50,國民住宅,鋼筋混凝土造,87年4月15日,十二層,,
RPQOMLQKKIKGFAB77CC,28,60.89,共有部分,鋼筋混凝土造,87年4月15日,十二層,,
RPOOMLQKKIKGFAB57CC,31,98.68,住家用,鋼筋混凝土造,83年11月18日,十七層,,
RPOOMLQKKIKGFAB57CC,31,21.23,共有部分,鋼筋混凝土造,83年11月18日,十七層,,
RPVNMLQKKIKGFAB18CC,32,84.76,住家用,鋼筋混凝土造,83年1月31日,七層,,
RPWOMLQKKIKGFAB38CC,32,38.29,集合住宅,鋼筋混凝土造,83年5月26日,十三層,,
RPVNMLQKKIKGFAB18CC,32,19.55,梯間、水塔、機械室,鋼筋混凝土造,83年1月31日,七層,,
RPWOMLQKKIKGFAB38CC,32,7.40,樓梯間．人行道．水箱．機械房．防空避難室．停車空間,鋼筋混凝土造,83年5月26日,十三層,,
RPVNMLQKKIKGFAB18CC,32,14.95,共有部分,鋼筋混凝土造,83年1月31日,七層,,
RPOPMLQKKIKGFAB67CC,32,33.13,住家用,鋼筋混凝土造,83年3月22日,十二層,,
RPOPMLQKKIKGFAB67CC,32,10.35,避難室．人行道．水箱．梯間．機械室．受電室,鋼筋混凝土造,83年3月22日,十二層,,
RPTOMLQKKIKGFAB08CC,34,36.29,住家用,鋼筋混凝土造,80年12月31日,七層,,
RPTOMLQKKIKGFAB08CC,34,14.95,共有部分,鋼筋混凝土造,80年12月31日,七層,,
RPXNMLQKKIKGFAB38CC,33,78.55,住家用,鋼筋混凝土造,81年5月27日,七層,,
RPWNMLQKKIKGFAB28CC,48,67.35,住家用,鋼筋混凝土造,66年8月3日,四層,,
RPXNMLQKKIKGFAB38CC,33,29.60,人行道、水塔、梯間、門廳、機械房、突出物,鋼筋混凝土造,81年5月27日,七層,,
RPSOMLQKKIKGFAB97CC,42,83.59,住家用,鋼筋混凝土造,72年6月23日,五層,,
RPQPMLQKKIKGFAB87CC,30,26.09,集合住宅,鋼骨鋼筋混凝土造,85年1月19日,二十二層,,
RPQPMLQKKIKGFAB87CC,30,2.48,樓梯間．機房．蓄水池,鋼骨鋼筋混凝土造,85年1月19日,二十二層,,
RPTOMLQKKIKGFBB18CC,41,111.06,住家用,加強磚造,73年11月14日,二層,,
RPQPMLQKKIKGFAB87CC,30,2.77,樓梯間,鋼骨鋼筋混凝土造,85年1月19日,二十二層,,
RPQPMLQKKIKGFAB87CC,30,7.32,防空避難室兼停車空間．走道,鋼骨鋼筋混凝土造,85年1月19日,二十二層,,
RPQPMLQKKIKGFAB87CC,30,9.03,走道,鋼骨鋼筋混凝土造,85年1月19日,二十二層,,
RPTNMLQKKIKGFAB97CC,45,29.10,集合住宅,鋼筋混凝土造,69年7月31日,七層,,
RPTNMLQKKIKGFAB97CC,45,4.07,共有部分,鋼筋混凝土造,69年7月31日,七層,,
RPPPMLQKKIKGFAB77CC,31,26.86,住家用,鋼筋混凝土造,83年6月25日,十二層,,
RPPPMLQKKIKGFAB77CC,31,10.29,共有部分,鋼筋混凝土造,83年6月25日,十二層,,
RPVOMLQKKIKGFBB38CC,30,24.78,住家用,鋼筋混凝土造,84年6月14日,八層,,
RPVOMLQKKIKGFBB38CC,30,9.29,共有部分,鋼筋混凝土造,84年6月14日,八層,,
RPUOMLQKKIKGFBB28CC,35,71.70,住家用,鋼筋混凝土造,79年12月28日,六層,,
RPUOMLQKKIKGFBB28CC,35,9.15,共有部分,鋼筋混凝土造,79年12月28日,六層,,
RPOPMLQKKIKGFBB77CC,40,92.35,住家用,鋼筋混凝土造,74年12月5日,五層,,
RPXOMLQKKIKGFBB58CC,42,88.66,集合住宅,鋼筋混凝土造,73年4月11日,七層,,
RPPPMLQKKIKGFBB87CC,37,20.16,住家用,鋼筋混凝土造,77年12月31日,八層,,
RPPPMLQKKIKGFBB87CC,37,10.90,共有部分,鋼筋混凝土造,77年12月31日,八層,,
RPSPMLQKKIKGFBB18CC,20,47.70,住家用,鋼筋混凝土造,94年12月8日,十八層,,
RPSPMLQKKIKGFBB18CC,20,19.13,共有部分,鋼筋混凝土造,94年12月8日,十八層,,
RPQPMLQKKIKGFBB97CC,30,18.37,住家用,鋼筋混凝土造,84年6月26日,二十四層,,
RPRPMLQKKIKGFBB08CC,1,60.69,集合住宅,鋼筋混凝土造,114年1月16日,二十四層,,
RPWOMLQKKIKGFBB48CC,30,61.14,住家用,鋼筋混凝土造,85年1月22日,八層,,
RPQPMLQKKIKGFBB97CC,30,5.15,共有部分,鋼筋混凝土造,84年6月26日,二十四層,,
RPRPMLQKKIKGFBB08CC,1,58.08,本共有部份係依使用執照之建築概要表記載項目有：防空避難室兼停車空間，排煙室，樓梯間，一般昇降機，緊急昇降機，汙水機械室，機械室，消防機房，水箱，車道，一般安全梯，停車空間，電信室，水景機械室，戲水池機房，緊急發電機室，台電配電室，消防蓄水池，電錶室，防災中心，消防中繼機房，梯廳，公設管委會使用空間，門廳，儲藏室，管理室，特別安全梯，梯間，消防水箱，水錶箱室，電梯機房等３２項。,鋼筋混凝土造,114年1月16日,二十四層,,
RPWOMLQKKIKGFBB48CC,30,26.86,共有部分,鋼筋混凝土造,85年1月22日,八層,,
RPQPMLQKKIKGFBB97CC,30,3.94,共有部分,鋼筋混凝土造,84年6月26日,二十四層,,
RPQPMLQKKIKGFBB97CC,30,.00,共有部分,鋼筋混凝土造,84年6月26日,二十四層,,
RPVPMLQKKIKGFBB48CC,30,54.47,住家用,鋼筋混凝土造,84年6月26日,二十四層,,
RPQQMLQKKIKGFBB08CC,33,75.62,住家用,鋼筋混凝土造,81年12月3日,十二層,,
RPVPMLQKKIKGFBB48CC,30,16.13,共有部份,鋼筋混凝土造,84年6月26日,二十四層,,
RPQQMLQKKIKGFBB08CC,33,7.86,共有部份,鋼筋混凝土造,81年12月3日,十二層,,
RPVPMLQKKIKGFBB48CC,30,12.25,共有部份,鋼筋混凝土造,84年6月26日,二十四層,,
RPWPMLQKKIKGFBB58CC,18,35.84,辦公室,鋼筋混凝土造,97年1月30日,十四層,,
RPWPMLQKKIKGFBB58CC,18,17.68,共有部份,鋼筋混凝土造,97年1月30日,十四層,,
RPRQMLQKKIKGFBB18CC,33,214.99,住商用,鋼筋混凝土造,81年12月29日,五層,,
RPUPMLQKKIKGFBB38CC,34,69.93,集合住宅,鋼筋混凝土造,80年6月25日,五層,,
RPUPMLQKKIKGFBB38CC,34,20.37,共有部份,鋼筋混凝土造,80年6月25日,五層,,
RPXPMLQKKIKGFBB68CC,43,70.79,集合住宅,鋼筋混凝土造,71年10月5日,五層,,
RPPNMLQKKIKGFCB77CC,19,11.00,住家用,鋼筋混凝土造,95年6月28日,十層,,
RPTPMLQKKIKGFBB28CC,25,100.02,住家用,鋼筋混凝土造,89年6月16日,十六層,,
RPTPMLQKKIKGFBB28CC,25,55.53,共有部份,鋼筋混凝土造,89年6月16日,十六層,,
RPSNMLQKKIKGFCB08CC,34,34.31,住家用,鋼筋混凝土造,80年9月27日,七層,,
RPSNMLQKKIKGFCB08CC,34,14.34,共有部分,鋼筋混凝土造,80年9月27日,七層,,
RPTNMLQKKIKGFCB18CC,30,66.75,住家用,ＲＣ造,84年6月23日,十二層,,
RPRNMLQKKIKGFCB97CC,8,64.43,店舖,鋼筋混凝土造,107年1月29日,十二層,,
RPTNMLQKKIKGFCB18CC,30,1.99,共同使用,鋼筋混凝土造,84年6月23日,十二層,,
RPQNMLQKKIKGFCB87CC,8,77.81,店舖,鋼筋混凝土造,107年1月29日,十二層,,
RPRNMLQKKIKGFCB97CC,8,15.75,本共有部份係依使用執照之建築概要表記載項目有：管委會使用空間、行動不便電梯、電梯、樓梯間、排煙室、梯廳、門廳、緊急升降電梯、外廊、管道間、水錶室、機械室、子母水箱等１３項。,鋼筋混凝土造,107年1月29日,十二層,,
RPTNMLQKKIKGFCB18CC,30,4.58,共同使用,鋼筋混凝土造,84年6月23日,十二層,,
RPQNMLQKKIKGFCB87CC,8,19.01,本共有部份係依使用執照之建築概要表記載項目有：管委會使用空間、行動不便電梯、電梯、樓梯間、排煙室、梯廳、門廳、緊急升降電梯、外廊、管道間、水錶室、機械室、子母水箱等１３項。,鋼筋混凝土造,107年1月29日,十二層,,
RPRNMLQKKIKGFCB97CC,8,40.62,本共有部份係依使用執照之建築概要表記載項目有：梯廳、停車空間、消防機房、樓梯間、行動不便電梯、電梯、雨水汙水機械室、水箱、車道、陸上型揚水泵、泳池水箱、機械室、電信室、機房、防空避難室兼停車空間、機車停車空間、垃圾集中室、台電配電室、電錶室、受電室、發電機室等２１項。,鋼筋混凝土造,107年1月29日,十二層,,
RPTNMLQKKIKGFCB18CC,30,4.00,共同使用,鋼筋混凝土造,84年6月23日,十二層,,
RPQNMLQKKIKGFCB87CC,8,73.46,本共有部份係依使用執照之建築概要表記載項目有：梯廳、停車空間、消防機房、樓梯間、行動不便電梯、電梯、雨水汙水機械室、水箱、車道、陸上型揚水泵、泳池水箱、機械室、電信室、機房、防空避難室兼停車空間、機車停車空間、垃圾集中室、台電配電室、電錶室、受電室、發電機室等２１項。,鋼筋混凝土造,107年1月29日,十二層,,
RPVNMLQKKIKGFCB38CC,31,21.98,住家用,鋼筋混凝土造,84年1月21日,十九層,,
RPVNMLQKKIKGFCB38CC,31,4.57,共有部分,鋼筋混凝土造,84年1月21日,十九層,,
RPVNMLQKKIKGFCB38CC,31,5.46,共有部分,鋼筋混凝土造,84年1月21日,十九層,,
RPWNMLQKKIKGFCB48CC,31,23.22,住家用,鋼筋混凝土造,84年1月21日,十九層,,
RPWNMLQKKIKGFCB48CC,31,4.57,共有部分,鋼筋混凝土造,84年1月21日,十九層,,
RPWNMLQKKIKGFCB48CC,31,5.71,共有部分,鋼筋混凝土造,84年1月21日,十九層,,
RPTOMLQKKIKGFCB28CC,6,84.86,集合住宅,鋼筋混凝土造,108年6月11日,十一層,,
RPTOMLQKKIKGFCB28CC,6,41.75,本共有部分係依使用執照之建築概要表記仔項目有：停車空間、樓電梯間、梯廳、消防機房、水箱、防空避難室兼停車空間、台電配電室、發電機室、電信室、管委會空間、梯廳兼走廊、儲藏室、機械室、戶外安全梯等１４項。,鋼筋混凝土造,108年6月11日,十一層,,
RPSOMLQKKIKGFCB18CC,18,88.28,住家用,鋼筋混凝土造,96年12月18日,十二層,,
RPSOMLQKKIKGFCB18CC,18,61.45,共用,鋼筋混凝土造,96年12月18日,十二層,,
RPOOMLQKKIKGFCB77CC,16,39.61,住家用,鋼筋混凝土造,98年8月13日,二十六層,,
RPOOMLQKKIKGFCB77CC,16,3.28,共有,鋼筋混凝土造,98年8月13日,二十六層,,
RPOOMLQKKIKGFCB77CC,16,15.60,共有,鋼筋混凝土造,98年8月13日,二十六層,,
RPQNMLQKKIKGFDB97CC,13,218.02,人行道、住宅、外廊,鋼筋混凝土造,102年1月18日,四層,,
RPRNMLQKKIKGFDB08CC,1,20.54,集合住宅,鋼筋混凝土造,113年10月25日,七層,,
RPTNMLQKKIKGFDB28CC,48,96.60,住家用,加強磚造,67年4月29日,二層,,
RPRNMLQKKIKGFDB08CC,1,16.65,本共有部分之項目有停車空間兼防空避難室、消防機房、發電機房、台電配電室、水箱、安全梯、升降機道、管委會使用空間、梯廳、停車空間、樓梯間、水箱室等１２項。,見其他登記事項,113年10月25日,七層,,
RPPNMLQKKIKGFEB97CC,46,134.19,住商用,鋼筋混凝土造,68年8月6日,二層,,
RPQNMLQKKIKGFFB18CC,7,38.08,人行道，店舖，停車空間，住宅，樓梯間,鋼筋混凝土造,107年6月25日,三層,,
RPRNMLQKKIKGFFB28CC,7,64.69,集合住宅,鋼筋混凝土造,107年7月25日,十五層,,
RPQNMLQKKIKGFEB08CC,25,84.40,住家用,鋼筋混凝土造,89年12月5日,五層,,
RPRNMLQKKIKGFFB28CC,7,56.08,停車空間，排煙室，樓梯間，一般昇降機，緊急昇降機，水箱，車道，污水處理機房，防空避難室兼停車空間，緊急發電機室，台電配電室，電信室，機房，門廳，梯廳，管理室，管委會空間，垃圾集中室，外廊，機車停車區，水錶箱室，電梯機房，消防機房，梯間,鋼筋混凝土造,107年7月25日,十五層,,
RPQNMLQKKIKGFEB08CC,25,10.48,共有部分,鋼筋混凝土造,89年12月5日,五層,,
RPPNMLQKKIKGFFB08CC,1,49.39,集合住宅,鋼筋混凝土造,114年6月6日,二十八層,,
RPSNMLQKKIKGFFB38CC,1,49.31,集合住宅,鋼筋混凝土造,113年12月6日,十二層,,
RPPNMLQKKIKGFFB08CC,1,13.59,排煙室、昇降機、無障礙安全梯、特別安全梯、無障礙樓梯、梯廳兼排煙室、梯廳、管委會空間、中繼機房、中繼水箱、電梯間、水錶室、樓梯間、電梯機房、機電空間、水箱、安全梯、水箱機房、消防水箱等１９項,鋼筋混凝土造,114年6月6日,二十八層,,
RPSNMLQKKIKGFFB38CC,1,35.44,防空避難室兼停車空間、安全梯、昇降機間、排煙室、消防機械室、污水機房、蓄水池、景觀噴水機房、台電配電室、發電機室、電信室、梯廳、戶外安全梯、機電設備空間、管理委員會使用空間、一般昇降機、垃圾集中貯存空間、車道、門廊、樓梯間、機械室、水錶室、電梯機械室、水箱,鋼筋混凝土造,113年12月6日,十二層,,
RPPNMLQKKIKGFFB08CC,1,11.46,消防機房、雨水回收機房、車道、機房、水箱、停車空間、進風管道、公共水箱、防空避難室兼停車空間、台電配電室、發電機房、泳池水箱、公共電氣室、機車車道、管委會使用空間、昇降機、大廳、梯廳、警衛室、儲藏室、風除室、排風機房、防災中心、電信室、垃圾暫存室、附屬社區共用空間、附屬共用廚房、機電設備空間、電梯間、設備空間、泳池機房、景觀機房、游泳池、管委會空間、樓電梯間、機電空間、樓梯間等３７項,鋼筋混凝土造,114年6月6日,二十八層,,
RPWNMLQKKIKGFFB78CC,5,9.22,集合住宅,鋼筋混凝土造,109年8月25日,五層,,
RPTNMLQKKIKGFFB48CC,47,78.00,住家用,加強磚造,68年2月23日,三層,,
RPUNMLQKKIKGFFB58CC,8,64.98,集合住宅,鋼筋混凝土造,106年10月27日,十五層,,
RPUNMLQKKIKGFFB58CC,8,11.28,梯廳〔風除室，門廳〕，車道，進風機，管委會使用空間，電信機房，排風機房，機房，機車停車位，電表區，台電配電室，發電機室，外廊，汙水機房，消防機房，管委會使用空間〔垃圾暫存空間〕,鋼筋混凝土造,106年10月27日,十五層,,
RPTNMLQKKIKGFFB48CC,47,5.64,梯間,加強磚造,68年2月23日,見使用執照,,
RPWNMLQKKIKGFFB78CC,5,5.11,梯廳、安全梯、升降機、管道間、走廊、安全梯間、升降機機械室、水箱、停車空間、電信室、消防機室、發電機室、台電配電室、安全梯Ａ,鋼筋混凝土造,109年8月25日,五層,,
RPUNMLQKKIKGFFB58CC,8,38.64,防空避難室兼停車空間、車道、停車空間、台電通道,鋼筋混凝土造,106年10月27日,十五層,,
RPUNMLQKKIKGFFB58CC,8,20.61,樓梯間、水錶室、梯廳兼排煙室、特別安全梯、排煙機房、消防水箱、水箱、機房、電梯機房,鋼筋混凝土造,106年10月27日,十五層,,
RPXNMLQKKIKGFFB88CC,5,9.22,集合住宅,鋼筋混凝土造,109年8月25日,五層,,
RPXNMLQKKIKGFFB88CC,5,5.11,梯廳、安全梯、升降機、管道間、走廊、安全梯間、升降機機械室、水箱、停車空間、電信室、消防機室、發電機室、台電配電室、安全梯Ａ,鋼筋混凝土造,109年8月25日,五層,,
RPVNMLQKKIKGFFB68CC,5,9.22,集合住宅,鋼筋混凝土造,109年8月25日,五層,,
RPOOMLQKKIKGFFB08CC,3,60.85,集合住宅,鋼筋混凝土造,112年2月22日,十五層,,
RPVNMLQKKIKGFFB68CC,5,5.11,梯廳、安全梯、升降機、管道間、走廊、安全梯間、升降機機械室、水箱、停車空間、電信室、消防機室、發電機室、台電配電室、安全梯Ａ,鋼筋混凝土造,109年8月25日,五層,,
RPOOMLQKKIKGFFB08CC,3,30.48,防空避難室兼停車空間、梯間、消防機房、蓄水池、車道、汙雨水機房、昇降機間、安全梯、排煙室、停車空間、電信機房、台電配電場所、發電機室、管委會空間、頂蓋型開放空間、門廊、機房、無障礙廁所、特別安全梯、梯廳、水錶室、水箱、昇降機機房等２３項,鋼筋混凝土造,112年2月22日,十五層,,
RPPNMLQKKIKGFHB28CC,32,46.43,住家用,鋼筋混凝土造,82年7月30日,十三層,,
RPPNMLQKKIKGFHB28CC,32,19.34,共有部分,鋼筋混凝土造,82年7月30日,十三層,,
RPPOMLQKKIKGFFB18CC,5,57.01,集合住宅,鋼筋混凝土造,109年8月5日,十二層,,
RPPOMLQKKIKGFFB18CC,5,26.75,防空避難室兼停車空間，車道，消防機械室，安全梯，污雨水機械室，梯廳（排煙室），水箱，機械室，緊急昇降機道，一般昇降機道，機電設備，停車空間，台電配電室，電信室，緊急發電機室，梯廳，戶外安全梯，走廊，入口雨遮，管委會使用空間，公共服務空間，資源回收室，梯間，水錶室,鋼筋混凝土造,109年8月5日,十二層,,
RPRNMLQKKIKGFIB58CC,51,58.96,住家用,加強磚造,63年12月2日,二層,,
RPQNMLQKKIKGFHB38CC,1,86.75,集合住宅,鋼筋混凝土造,113年10月22日,十五層,,
RPPNMLQKKIKGFIB38CC,32,83.60,集合住宅,鋼筋混凝土造,82年9月16日,十四層,,
RPQNMLQKKIKGFHB38CC,1,42.91,本共有部分之項目有：防空避難室兼停車空間、排煙室、安全梯、污水機房、消防幫浦室、昇降機、車道、停車空間、水箱、台電配電室、緊急發電機室、電信室、電錶室、過濾機房等十四項,鋼筋混凝土造,113年10月22日,十五層,,
RPPNMLQKKIKGFIB38CC,32,19.65,共有部份,鋼筋混凝土造,82年9月16日,十四層,,
RPQNMLQKKIKGFHB38CC,1,26.26,本共有部分之項目有管委會使用空間、公共服務空間、管道間、昇降機、車道、資源回收室、排煙室、安全梯、戶外安全梯、梯廳、水箱、梯間、水錶室、電梯機械室等十四項,鋼筋混凝土造,113年10月22日,十五層,,
RPUOMLQKKIKGFCB38CC,38,82.99,住家用,鋼筋混凝土造,76年12月17日,五層,,
RPUOMLQKKIKGFCB38CC,38,16.86,共有部分,鋼筋混凝土造,76年12月17日,五層,,
RPOPMLQKKIKGFCB87CC,31,22.97,住家用,鋼筋混凝土造,83年6月29日,十一層,,
RPXOMLQKKIKGFCB68CC,34,183.16,住家用,鋼筋混凝土造,80年12月18日,六層,,
RPOPMLQKKIKGFCB87CC,31,12.20,共有部分,鋼筋混凝土造,83年6月29日,十一層,,
RPXOMLQKKIKGFCB68CC,34,51.96,共有部分,鋼筋混凝土造,80年12月18日,六層,,
RPQNMLQKKIKGFIB48CC,45,80.90,集合住宅,鋼筋混凝土造,69年11月6日,四層,,
RPPPMLQKKIKGFCB97CC,27,116.04,住家用,鋼筋混凝土造,88年4月29日,十四層,,
RPPPMLQKKIKGFCB97CC,27,70.71,共有部分,鋼筋混凝土造,88年4月29日,十四層,,
RPSNMLQKKIKGFIB68CC,51,63.14,住家用,加強磚造,63年12月2日,二層,,
RPTNMLQKKIKGFIB78CC,48,69.36,住房,加強磚造,66年12月2日,二層,,
RPVOMLQKKIKGFCB48CC,16,41.81,住家用,鋼筋混凝土造,98年8月13日,二十六層,,
RPVOMLQKKIKGFCB48CC,16,3.45,共有,鋼筋混凝土造,98年8月13日,二十六層,,
RPVOMLQKKIKGFCB48CC,16,16.54,共有,鋼筋混凝土造,98年8月13日,二十六層,,
RPWOMLQKKIKGFCB58CC,18,46.12,住家用,鋼筋混凝土造,96年9月27日,十三層,,
RPWOMLQKKIKGFCB58CC,18,17.45,共用,鋼筋混凝土造,96年9月27日,十三層,,
RPQNMLQKKIKGFJB58CC,41,50.13,商業用,鋼筋混凝土造,73年5月30日,三層,,
RPUNMLQKKIKGFIB88CC,32,82.26,集合住宅,鋼筋混凝土造,83年3月30日,七層,,
RPUNMLQKKIKGFIB88CC,32,28.75,共有部份,鋼筋混凝土造,83年3月30日,七層,,
RPOOMLQKKIKGFIB38CC,33,73.16,集合住宅,鋼筋混凝土造,81年8月23日,十三層,,
RPOOMLQKKIKGFIB38CC,33,31.08,共有部份,鋼筋混凝土造,81年8月23日,十三層,,
RPWNMLQKKIKGFIB09CC,13,84.42,集合住宅,鋼筋混凝土造,101年6月28日,十二層,,
RPVNMLQKKIKGFIB98CC,31,81.73,集合住宅,鋼筋混凝土造,83年11月8日,十二層,,
RPWNMLQKKIKGFIB09CC,13,15.26,本共有部分之項目有停車空間、台電配電室、發電機房、水箱、電信室、防空避難室兼停車空間、消防機房及污水機房等８項，停車位共計９４位,鋼筋混凝土造,101年6月28日,十二層,,
RPWNMLQKKIKGFIB09CC,13,23.43,本共有部分之項目有人行道、管委會使用空間、梯廳、梯間、機械室、電梯機房及水箱等７項,鋼筋混凝土造,101年6月28日,十二層,,
RPXNMLQKKIKGFIB56CC,30,73.60,集合住宅,鋼筋混凝土造,84年12月1日,九層,,
RPXNMLQKKIKGFIB56CC,30,11.58,共有部份,鋼筋混凝土造,84年12月1日,九層,,
RPVNMLQKKIKGFIB98CC,31,23.02,共有部份,鋼筋混凝土造,83年11月8日,十二層,,
RPQNMLRKKIKGFAB77CC,48,78.80,住家用,加強磚造,67年2月28日,二層,,
RPPNMLQKKIKGFKB58CC,29,111.93,住家用,鋼筋混凝土造,85年12月5日,七層,,
RPPNMLQKKIKGFKB58CC,29,44.58,防空避難室兼停車空間、梯間、機房、水箱,鋼筋混凝土造,85年12月5日,七層,,
RPRNMLQKKIKGFKB78CC,33,17.41,住家用,鋼筋混凝土造,82年4月25日,六層,,
RPRNMLQKKIKGFKB78CC,33,4.40,住家用,鋼筋混凝土造,82年4月25日,六層,,
RPRNMLQKKIKGFKB78CC,33,3.47,住家用,鋼筋混凝土造,82年4月25日,六層,,
RPSNMLQKKIKGFKB88CC,2,51.87,集合住宅,鋼筋混凝土造,112年12月13日,十二層,,
RPTNMLRKKIKGFAB08CC,31,17.05,住家用,鋼筋混凝土造,84年1月13日,十九層,,
RPSNMLQKKIKGFKB88CC,2,49.06,防空避難室兼停車空間、消防機械室、水箱、安全梯間、梯廳、台電配電室、電信室、發電機房、管委會空間、外廊、梯間、水錶室、機械室,鋼筋混凝土造,112年12月13日,十二層,,
RPTNMLRKKIKGFAB08CC,31,2.64,共有部分,鋼筋混凝土造,84年1月13日,十九層,,
RPTNMLRKKIKGFAB08CC,31,6.45,梯間．水箱．機械室,鋼筋混凝土造,84年1月13日,十九層,,
RPQNMLQKKIKGFKB68CC,31,90.70,住家用,鋼筋混凝土造,84年4月1日,十二層,,
RPQNMLQKKIKGFKB68CC,31,13.75,避難室、停車空間,鋼筋混凝土造,84年4月1日,十二層,,
RPQNMLQKKIKGFKB68CC,31,14.54,梯間、走道、機械室、水箱,鋼筋混凝土造,84年4月1日,十二層,,
RPQNMLQKKIKGFKB68CC,31,.10,守衛室,鋼筋混凝土造,84年4月1日,十二層,,
RPSNMLRKKIKGFAB97CC,34,25.01,住家用,鋼筋混凝土造,80年11月18日,十二層,,
RPSNMLRKKIKGFAB97CC,34,5.91,共有部分,鋼筋混凝土造,80年11月18日,十二層,,
RPUNMLRKKIKGFAB18CC,31,18.98,住家用,鋼筋混凝土造,84年1月13日,十九層,,
RPUNMLRKKIKGFAB18CC,31,2.84,共有部分,鋼筋混凝土造,84年1月13日,十九層,,
RPUNMLRKKIKGFAB18CC,31,6.99,梯間．水箱．機械室,鋼筋混凝土造,84年1月13日,十九層,,
RPRNMLRKKIKGFAB87CC,7,58.65,集合住宅,鋼筋混凝土造,108年3月25日,十二層,,
RPRNMLRKKIKGFAB87CC,7,64.83,本共有部份係依使用執照之建築概要表記載項目有：防空避難室兼停車空間、一般安全梯、一般昇降機、緊急昇降機、汙水機房、消防機房、水箱、車道、梯廳（排煙室）、機電設備、停車空間、機車停車空間、台電配電室、發電機室、電信室、公共服務空間、管委會使用空間、梯廳、垃圾儲藏室、排煙室、戶外安全梯、走廊、水錶室、梯間、機械室等２５項。,鋼筋混凝土造,108年3月25日,十二層,,
RPWNMLRKKIKGFBB48CC,55,61.45,住家用,磚造,59年8月14日,一層,,
RPQNMLRKKIKGFBB87CC,32,96.70,住家用,鋼筋混凝土造,82年8月31日,十三層,,
RPQNMLRKKIKGFBB87CC,32,27.25,共有部分,鋼筋混凝土造,82年8月31日,十三層,,
RPQNMLRKKIKGFBB87CC,32,8.31,見其他登記事項,鋼筋混凝土造,82年8月31日,十三層,,
RPTNMLRKKIKGFBB18CC,31,20.45,住家用,鋼筋混凝土造,84年5月26日,十六層,,
RPTNMLRKKIKGFBB18CC,31,6.22,共有部分,鋼筋混凝土造,84年5月26日,十六層,,
RPTNMLRKKIKGFBB18CC,31,6.48,共有部分,鋼筋混凝土造,84年5月26日,十六層,,
RPTNMLRKKIKGFBB18CC,31,.19,共有部分,鋼筋混凝土造,84年5月26日,十六層,,
RPXNMLRKKIKGFBB58CC,32,15.68,住家用,鋼筋混凝土造,83年4月28日,七層,,
RPXNMLRKKIKGFBB58CC,32,11.66,共有部分,鋼筋混凝土造,83年4月28日,七層,,
RPSNMLRKKIKGFBB08CC,31,20.88,住家用,鋼筋混凝土造,84年4月12日,十二層,,
RPVNMLRKKIKGFBB38CC,43,105.74,住家用,鋼筋混凝土造,71年12月29日,五層,,
RPSNMLRKKIKGFBB08CC,31,7.75,共有部分,鋼筋混凝土造,84年4月12日,十二層,,
RPRNMLRKKIKGFBB97CC,33,63.12,住家用,鋼筋混凝土造,81年10月20日,十六層,,
RPRNMLRKKIKGFBB97CC,33,24.81,共有部份,鋼筋混凝土造,81年10月20日,十六層,,
RPPOMLRKKIKGFBB87CC,8,18.00,住宅，樓梯間，停車空間，機電室,鋼筋混凝土造,106年8月14日,五層,,
RPOOMLRKKIKGFBB77CC,21,84.87,住家用,ＲＣ造,93年9月3日,十四層,,
RPOOMLRKKIKGFBB77CC,21,51.76,共有部分,ＲＣ造,93年9月3日,十四層,,
RPTOMLRKKIKGFBB28CC,30,135.26,住家用,鋼筋混凝土造,84年12月15日,二十二層,,
RPQOMLRKKIKGFBB97CC,41,57.11,住家用,鋼筋混凝土造,73年10月6日,四層,,
RPTOMLRKKIKGFBB28CC,30,.00,共有部分,鋼筋混凝土造,84年12月15日,二十二層,,
RPROMLRKKIKGFBB08CC,10,75.12,集合住宅,鋼筋混凝土造、鋼骨造,104年12月24日,十二層,,
RPTOMLRKKIKGFBB28CC,30,.00,停車空間,鋼筋混凝土造,84年12月15日,二十二層,,
RPROMLRKKIKGFBB08CC,10,51.80,本共有部分係依使用執照之建築概要表記載項目有：停車空間兼防空避難室．安全梯．台電配電室．車道．無障礙昇降機機道．昇降機間．雨污水機房．水箱．消防機房．電錶室．梯廳．發電機室．停車空間．管委會使用空間．電信室．戶外安全梯．水錶室．機械室等十八項。,鋼筋混凝土造，鋼骨造,104年12月24日,十二層,,
RPTOMLRKKIKGFBB28CC,30,6.72,共有部分,鋼筋混凝土造,84年12月15日,二十二層,,
RPTOMLRKKIKGFBB28CC,30,64.15,共有部分,鋼筋混凝土造,84年12月15日,二十二層,,
RPSOMLRKKIKGFBB18CC,31,23.18,住家用,鋼筋混凝土造,84年3月8日,十三層,,
RPSOMLRKKIKGFBB18CC,31,3.41,共有部份,鋼筋混凝土造,84年3月8日,十四層,,
RPSOMLRKKIKGFBB18CC,31,.00,共有部份,鋼筋混凝土造,84年3月8日,十四層,,
RPSOMLRKKIKGFBB18CC,31,7.41,共有部份,鋼筋混凝土造,84年3月8日,十四層,,
RPVOMLRKKIKGFBB48CC,32,133.77,住家用,鋼筋混凝土造,82年12月30日,十三層,,
RPVOMLRKKIKGFBB48CC,32,13.21,共有部分,鋼筋混凝土造,82年12月30日,十三層,,
RPSNMLRKKIKGFCB18CC,30,18.41,住家用,鋼筋混凝土造,84年11月10日,六層,,
RPPNMLRKKIKGFCB87CC,40,21.66,住家用,鋼筋混凝土造,74年7月29日,七層,,
RPSNMLRKKIKGFCB18CC,30,5.61,共有部分,鋼筋混凝土造,84年11月10日,六層,,
RPPNMLRKKIKGFCB87CC,40,4.21,共有部分,鋼筋混凝土造,74年7月29日,七層,,
RPSNMLRKKIKGFCB18CC,30,1.08,共有部分,鋼筋混凝土造,84年11月10日,六層,,
RPSNMLRKKIKGFCB18CC,30,2.15,共有部分,鋼筋混凝土造,84年11月10日,六層,,
RPRNMLRKKIKGFCB08CC,40,23.15,住家用,鋼筋混凝土造,74年7月29日,七層,,
RPRNMLRKKIKGFCB08CC,40,4.29,共有部分,鋼筋混凝土造,74年7月29日,七層,,
RPWOMLRKKIKGFBB58CC,2,59.79,集合住宅,鋼筋混凝土造,113年6月5日,十五層,,
RPWOMLRKKIKGFBB58CC,2,57.17,本共有部份係依使用執照之建築概要表記載項目有：防空避難室兼停車空間，水箱，排煙室，樓梯間，緊急昇降機，一般昇降機，消防機房，雨水機房，機房，緊急發電機室，停車空間，台電配電室，電信室，機車停車空間，梯廳，機電設備空間，頂蓋型開放空間，管委會使用空間，公共服務空間，走廊，資源回收中心，游泳池，梯間，電梯機房，水錶箱室等２５項,鋼筋混凝土造,113年6月5日,十五層,,
RPUNMLRKKIKGFCB38CC,14,64.26,住家用,鋼筋混凝土造,101年2月24日,十二層,,
RPUNMLRKKIKGFCB38CC,14,18.98,本共有部分係依使用執照建築概要表記載項目有梯廳（昇降機間）、安全梯、管委會使用空間、公共服務空間、管理員室、垃圾處理室、儲藏室、車道、樓梯間（昇降機間）、樓梯間、機械室、水箱等十二項,鋼筋混凝土造,101年2月24日,十二層,,
RPUNMLRKKIKGFCB38CC,14,36.16,本共有部分係依使用執照建築概要表記載項目有停車空間、電信室、車道、電梯間（昇降機間）、安全梯、台電配電室、防空避難室兼停車空間、蓄水池、機械室等九項,鋼筋混凝土造,101年2月24日,十二層,,
RPQNMLRKKIKGFCB97CC,40,21.16,住家用,鋼筋混凝土造,74年7月29日,七層,,
RPQNMLRKKIKGFCB97CC,40,4.29,共有部分,鋼筋混凝土造,74年7月29日,七層,,
RPXOMLRKKIKGFBB68CC,32,102.42,住家用,鋼筋混凝土造,82年7月8日,七層,,
RPPOMLRKKIKGFCB97CC,30,11.40,住家用,鋼筋混凝土造,84年11月23日,五層,,
RPVNMLRKKIKGFCB48CC,31,80.43,住家用,鋼筋混凝土造,83年10月29日,六層,,
RPXOMLRKKIKGFBB68CC,32,.00,共有部分,鋼筋混凝土造,82年7月8日,七層,,
RPTNMLRKKIKGFCB28CC,15,66.17,住家用,鋼筋混凝土造,99年11月4日,十二層,,
RPVNMLRKKIKGFCB48CC,31,37.88,共有部分,鋼筋混凝土造,83年10月29日,六層,,
RPXOMLRKKIKGFBB68CC,32,.00,共有部分,鋼筋混凝土造,82年7月8日,七層,,
RPTNMLRKKIKGFCB28CC,15,48.63,共有部分之項目有停車空間、污水處理機房、消防機房、水箱、樓梯間、梯廳、昇降機間、防空避難室兼停車空間、台電配電室、電信室、緊急發電機室、門廳、管委會管理室、外廊、管委會交誼室、廣場式開放空間（頂蓋型）、車道、電梯機房等十八項,鋼筋混凝土造,99年11月4日,十二層,,
RPXOMLRKKIKGFBB68CC,32,15.52,共有部分,鋼筋混凝土造,82年7月8日,七層,,
RPWNMLRKKIKGFCB58CC,29,89.39,集合住宅,鋼筋混凝土造,85年6月15日,十二層,,
RPQOMLRKKIKGFCB08CC,34,58.87,商業用,鋼筋混凝土造,81年3月16日,七層,,
RPWNMLRKKIKGFCB58CC,29,48.84,共有部分,鋼筋混凝土造,85年6月15日,十二層,,
RPQOMLRKKIKGFCB08CC,34,27.98,共有部分,鋼筋混凝土造,81年3月16日,七層,,
RPSOMLRKKIKGFCB28CC,31,16.49,住家用,鋼筋混凝土造,84年2月20日,十三層,,
RPSOMLRKKIKGFCB28CC,31,3.70,住家用,鋼筋混凝土造,84年2月20日,十三層,,
RPSOMLRKKIKGFCB28CC,31,4.60,共同使用,鋼筋混凝土造,84年2月20日,十三層,,
RPTOMLRKKIKGFCB38CC,26,115.41,住家用,鋼筋混凝土造,88年12月22日,九層,,
RPRNMLRKKIKGFDB18CC,44,81.44,住家用,鋼筋混凝土造,70年12月15日,八層,,
RPTOMLRKKIKGFCB38CC,26,62.95,共有部分,鋼筋混凝土造,88年12月22日,九層,,
RPRNMLRKKIKGFDB18CC,44,15.38,共有部分,鋼筋混凝土造,70年12月15日,八層,,
RPPNMLRKKIKGFDB97CC,51,62.78,住家用,加強磚造,64年2月5日,一層,,
RPQNMLRKKIKGFDB08CC,4,85.16,集合住宅,鋼筋混凝土造,111年4月26日,十三層,,
RPQNMLRKKIKGFDB08CC,4,78.27,本共有部分之項目有防空避難室兼停車空間、排煙室、樓梯間、一般昇降機、昇降機間、水箱、汙水機房、消防機房、緊急昇降機、停車空間、機房、電信室、台電配電室、緊急發電機室、人行道、梯廳、門廳、垃圾集中室、管委會使用空間、梯間、水錶箱室、電梯機房等２２項。,鋼筋混凝土造,111年4月26日,十三層,,
RPWNMLRKKIKGFAB38CC,31,30.99,住家用,鋼筋混凝土造,84年2月20日,八層,,
RPWNMLRKKIKGFAB38CC,31,24.63,梯間．防空避難室．停車空間．機械室．水箱,鋼筋混凝土造,84年2月20日,八層,,
RPSOMLRKKIKGFAB08CC,35,77.98,住家用,鋼筋混凝土造,79年11月28日,六層,,
RPSOMLRKKIKGFAB08CC,35,17.40,梯間、水箱、機械房、配電室,鋼筋混凝土造,79年11月28日,六層,,
RPRNMLRKKIKGFFB38CC,1,55.42,集合住宅,鋼筋混凝土造,113年7月1日,十五層,,
RPQOMLRKKIKGFAB87CC,31,91.36,住家用,鋼筋混凝土造,83年12月28日,十五層,,
RPXNMLRKKIKGFAB48CC,40,94.50,住家用,鋼筋混凝土造,74年12月31日,五層,,
RPRNMLRKKIKGFFB38CC,1,27.26,防空避難室兼停車空間、消防機械室、機械室、水箱、排煙室、安全梯、停車空間、管委會使用空間、管理室、公共服務空間、梯廳、昇降機間、垃圾室、機電設備空間、戶外安全梯、梯間、一般安全梯、水錶室、電梯機房等１９項,鋼筋混凝土造,113年7月1日,十五層,,
RPQOMLRKKIKGFAB87CC,31,42.54,共有部分,鋼筋混凝土造,83年12月28日,十五層,,
RPQOMLRKKIKGFAB87CC,31,14.96,共有部分,鋼筋混凝土造,83年12月28日,十五層,,
RPTOMLRKKIKGFAB18CC,32,23.97,住家用,鋼筋混凝土造,83年5月4日,十二層,,
RPTOMLRKKIKGFAB18CC,32,10.18,防空避難室．停車空間．樓梯間．機械室．水塔,鋼筋混凝土造,83年5月4日,十二層,,
RPQNMLRKKIKGFFB28CC,2,65.56,集合住宅,鋼筋混凝土造,112年11月20日,二十四層,,
RPQNMLRKKIKGFFB28CC,2,62.79,防空避難室兼停車空間、排煙室、水箱、車道、消防機械室、雨污水機房、緊急昇降機行動不便者、一般昇降機、安全梯、停車空間、消防中繼水箱、消防中繼機械室、台電配電室、電信室、發電機室、水景機房、泳池機房、機車停車空間、特別安全梯、管委會使用空間、走廊、垃圾暫存室、防災中心、梯廳、水錶室、消防中繼機房、機械室等２７項。,鋼筋混凝土造,112年11月20日,二十四層,,
RPPNMLRKKIKGFFB18CC,43,84.82,住家用,鋼筋混凝土造,72年4月5日,五層,,
RPVNMLRKKIKGFAB28CC,47,67.60,住商用,鋼筋混凝土造,67年11月11日,四層,,
RPPNMLRKKIKGFFB18CC,43,6.61,梯間,鋼筋混凝土造,72年4月5日,五層,,
RPPOMLRKKIKGFAB77CC,4,67.52,集合住宅,鋼筋混凝土造,111年4月18日,十一層,,
RPPOMLRKKIKGFAB77CC,4,27.73,本共有部分係依使用執照之建築概要表記載項目有：停車空間、車道、基地內通路、外廊、梯廳、排煙室、乙丙梯（一般安全梯、行動不便）、甲丁梯（一般安全梯）、管委會空間、一般昇降機（行動不便電梯）、緊急昇降機、樓梯間、水錶室、水箱、機械室等１５項,鋼筋混凝土造,111年4月18日,十一層,,
RPPOMLRKKIKGFAB77CC,4,50.36,本共有部分係依使用執照之建築概要表記載項目有：消防機房、停車空間、車道、戊梯、排煙室、一般昇降機（行動不便電梯）、緊急昇降機、水箱、電信室、緊急發電室、台電配電室、電表區、防空避難室等１３項,鋼筋混凝土造,111年4月18日,十一層,,
RPSNMLRKKIKGFFB48CC,21,27.10,人行道、停車空間、店舖、住房,鋼筋混凝土造,94年1月31日,四層,,
RPTNMLRKKIKGFFB58CC,19,15.75,住家用,鋼筋混凝土造,96年1月9日,五層,,
RPTNMLRKKIKGFFB58CC,19,.62,梯間、水箱,鋼筋混凝土造,96年1月9日,五層,,
RPVNMLRKKIKGFFB78CC,21,27.68,人行道、停車空間、店舖、住房,鋼筋混凝土造,94年1月31日,四層,,
RPTNMLRKKIKGFFB58CC,19,4.63,住家用,鋼筋混凝土造,96年1月9日,五層,,
RPWNMLRKKIKGFFB88CC,21,27.68,人行道、停車空間、店舖、住房,鋼筋混凝土造,94年1月31日,四層,,
RPUOMLRKKIKGFCB48CC,3,103.88,店舖,鋼筋混凝土造,111年10月28日,二十四層,,
RPPNMLRKKIKGFHB38CC,32,97.66,住家用,鋼筋混凝土造,83年4月12日,八層,,
RPUOMLRKKIKGFCB48CC,3,69.24,本共有部份係依使用執照之建築概要表記載項目有：防空避難室兼停車空間、車道、排煙室、昇降機、安全梯、消防機房、雨水／污水機房、揚水泵機房、水箱、停車空間、台電配電室、發電機房、電信室、公共服務空間（文教．交誼．休閒）、防災中心、走廊、特別安全梯、戶外安全梯、梯廳、管委會使用空間、機車區、垃圾資源回收室、梯間、樓梯間、機房、水錶室、消防中繼機房等二十七項。,鋼筋混凝土造,111年10月28日,二十四層,,
RPPNMLRKKIKGFHB38CC,32,31.89,共有部分,鋼筋混凝土造,83年4月12日,八層,,
RPQNMLRKKIKGFHB48CC,4,60.69,集合住宅,鋼筋混凝土造,110年10月4日,十二層,,
RPQNMLRKKIKGFHB48CC,4,70.78,本共有部分之項目有停車空間、汙水機房、消防機房及發電機室、水箱、梯廳、無障礙昇降機、車道、一般昇降機、樓梯間、電信室、防空避難室兼停車空間、台電配電室、機房、管委會空間、門廳、垃圾處理室、無障礙廁所、水錶間、機械室等１９項,鋼筋混凝土造,110年10月4日,十二層,,
RPRNMLRKKIKGFHB58CC,27,99.56,住家用,鋼筋混凝土造,87年12月11日,十二層,,
RPWOMLRKKIKGFCB68CC,3,19.93,寄宿舍,鋼筋混凝土造,111年7月28日,七層,,
RPRNMLRKKIKGFHB58CC,27,.00,共有部分,鋼筋混凝土造,87年12月11日,十二層,,
RPRNMLRKKIKGFHB58CC,27,.00,共有部分,鋼筋混凝土造,87年12月11日,十二層,,
RPWOMLRKKIKGFCB68CC,3,13.60,本共有部分係依使用執照之建築概要表記載項目有：防空避難室兼停車空間、台電配電室、消防及發電機房、電信室、水箱、樓梯間、無障礙昇降機、梯廳、辦公室、管委會使用空間、親子廁所、無障礙廁所、資源回收空間、機房、機房＋管道間、走廊、車道、管道間等十八項。,鋼筋混凝土造,111年7月28日,七層,,
RPRNMLRKKIKGFHB58CC,27,.00,共有部分,鋼筋混凝土造,87年12月11日,十二層,,
RPRNMLRKKIKGFHB58CC,27,12.19,共有部分,鋼筋混凝土造,87年12月11日,十二層,,
RPRNMLRKKIKGFHB58CC,27,.00,共有部分,鋼筋混凝土造,87年12月11日,十二層,,
RPRNMLRKKIKGFHB58CC,27,.00,共有部分,鋼筋混凝土造,87年12月11日,十二層,,
RPRNMLRKKIKGFHB58CC,27,20.59,共有部分,鋼筋混凝土造,87年12月11日,十二層,,
RPRNMLRKKIKGFIB68CC,32,67.33,集合住宅,鋼筋混凝土造,83年5月6日,七層,,
RPOOMLRKKIKGFIB48CC,46,68.77,住家用,鋼筋混凝土造,68年12月13日,五層,,
RPRNMLRKKIKGFIB68CC,32,10.07,共有部分,鋼筋混凝土造,83年5月6日,七層,,
RPSNMLRKKIKGFIB78CC,20,181.46,儲藏室、停車空間、梯間．住宅,鋼筋混凝土造,94年11月1日,三層,,
RPXNMLRKKIKGFFB98CC,14,16.90,住宅、停車空間、機械室、水塔,鋼筋混凝土造,100年8月29日,四層,,
RPTNMLRKKIKGFIB88CC,14,158.72,店舖、住宅、停車空間、樓梯間,鋼筋混凝土造,100年8月9日,四層,,
RPXNMLRKKIKGFIB66CC,23,9.92,住房．店舖．梯間．停車空間．機電設備空間．門廊．儲藏室,鋼筋混凝土造,92年5月29日,四層,,
RPVNMLRKKIKGFIB09CC,26,28.52,集合住宅,鋼筋混凝土造,88年9月10日,五層,,
RPVNMLRKKIKGFIB09CC,26,15.76,防空避難室．機械室．水箱．店舖．台電配電室．梯間．門廳．管理中心．會客室,鋼筋混凝土造,88年9月10日,五層,,
RPQNMLRKKIKGFKB78CC,37,12.00,住家用,鋼筋混凝土造,77年9月30日,三層,,
RPPNMLRKKIKGFJB58CC,32,99.72,集合住宅,鋼筋混凝土造,82年10月1日,十一層,,
RPPNMLRKKIKGFJB58CC,32,34.82,共有部分,鋼筋混凝土造,82年10月1日,十一層,,
RPPNMLRKKIKGFKB68CC,35,13.50,住家用,鋼筋混凝土造,80年5月2日,五層,,
RPPOMLRKKIKGFIB58CC,6,75.48,集合住宅,鋼筋混凝土造,109年1月20日,十三層,,
RPPOMLRKKIKGFIB58CC,6,6.31,集合住宅,鋼筋混凝土造,109年1月20日,十三層,,
RPPOMLRKKIKGFIB58CC,6,73.44,停車空間、車道、樓電梯間、消防機房、污水機房、水箱、排風管道、排煙室、防空避難室兼停車空間、台電配電場所、台電專用管道間、發電機室、電信機房、水景機房、門廳、資源回收室、管理委員委會使用空間、公共服務空間、頂蓋型開放空間、梯廳、樓梯間、機械室等２２項,鋼筋混凝土造,109年1月20日,十三層,,
RPVNMLRKKIKGFCB58DC,34,56.20,辦公室,鋼筋混凝土造,81年4月10日,六層,,
RPSNMLRKKIKGFKB98CC,38,14.00,住家用,鋼筋混凝土造,76年12月8日,五層,,
RPRNMLRKKIKGFKB88CC,38,14.00,住家用,鋼筋混凝土造,76年12月8日,五層,,
RPVNMLRKKIKGFCB58DC,34,173.74,本共有部分係依使用執照之建築概要表記載項目有：防空避難室兼停車場、梯間、人行道、門廳、機械房、水塔等６項,鋼筋混凝土造,81年4月10日,六層,,
RPXNMLRKKIKGFCB78DC,34,18.18,辦公室,鋼筋混凝土造,81年4月10日,六層,,
RPXNMLRKKIKGFCB78DC,34,173.74,本共有部分係依使用執照之建築概要表記載項目有：防空避難室兼停車場、梯間、人行道、門廳、機械房、水塔等６項,鋼筋混凝土造,81年4月10日,六層,,
RPWNMLRKKIKGFCB68DC,34,20.83,辦公室,鋼筋混凝土造,81年4月10日,六層,,
RPWNMLRKKIKGFCB68DC,34,173.74,本共有部分係依使用執照之建築概要表記載項目有：防空避難室兼停車場、梯間、人行道、門廳、機械房、水塔等６項,鋼筋混凝土造,81年4月10日,六層,,
RPSNMLSKKIKGFAB08CC,30,15.20,辦公室,鋼筋混凝土造,85年3月22日,七層,,
RPSNMLSKKIKGFAB08CC,30,7.39,梯間，防空避難室，停車空間，機械室，水箱，牌樓,鋼筋混凝土造,85年3月22日,七層,,
RPQNMLSKKIKGFAB87CC,31,55.64,住家用,鋼筋混凝土造,83年8月25日,十六層,,
RPWNMLSKKIKGFAB48CC,45,28.69,住家用,鋼筋混凝土造,69年10月13日,七層,,
RPXNMLSKKIKGFAB58CC,31,22.70,住家用,鋼筋混凝土造,84年1月7日,十三層,,
RPQNMLSKKIKGFAB87CC,31,22.26,共有部分,鋼筋混凝土造,83年8月25日,十六層,,
RPXNMLSKKIKGFAB58CC,31,3.60,梯間、水箱、機房,鋼筋混凝土造,84年1月7日,十三層,,
RPTNMLSKKIKGFAB18CC,31,21.12,住家用,鋼筋混凝土造,83年7月14日,十三層,,
RPXNMLSKKIKGFAB58CC,31,2.48,共有部分,鋼筋混凝土造,84年1月7日,十三層,,
RPTNMLSKKIKGFAB18CC,31,5.90,梯間,鋼筋混凝土造,83年7月14日,十三層,,
RPTNMLSKKIKGFAB18CC,31,5.09,防空避難室兼停車空間．水箱．梯間．機房．停車場,鋼筋混凝土造,83年7月14日,十三層,,
RPPNMLSKKIKGFAB77CC,33,83.99,住家用,鋼筋混凝土造,82年3月11日,七層,,
RPPNMLSKKIKGFAB77CC,33,20.42,人行道．機械房．水塔．防空避難室．梯間,鋼筋混凝土造,82年3月11日,七層,,
RPXNMLSKKIKGFAB58CC,31,1.40,共有部分,鋼筋混凝土造,84年1月7日,十三層,,
RPRNMLSKKIKGFAB97CC,38,81.01,集合住宅,鋼筋混凝土造,76年11月25日,七層,,
RPRNMLSKKIKGFAB97CC,38,18.77,避難室，停車空間，水塔，機械房，梯間,鋼筋混凝土造,76年11月25日,七層,,
RPPNMLRKKIKGFFB28DC,31,138.70,住宅、梯間,鋼筋混凝土造,84年5月2日,三層,,
RPVNMLSKKIKGFAB38CC,5,98.85,集合住宅,鋼筋混凝土造,109年9月9日,十五層,,
RPPOMLSKKIKGFAB87CC,40,95.58,住家用,鋼筋混凝土造,74年12月31日,五層,,
RPOOMLSKKIKGFAB77CC,1,55.43,集合住宅,鋼筋混凝土造,114年2月28日,十一層,,
RPVNMLSKKIKGFAB38CC,5,111.20,本共有部份係依使用執照之建築概要表記載項目有：防空避難室兼停車空間、昇降機間（排煙室）、水箱、無障礙安全梯間、揚水機房、污水機房、消防機房、車道、一般昇降機道、無障礙緊急昇降機道、停車空間、安全梯間、電信室、發電機室、台電配電室、機車區、電錶箱區、公共服務空間、管委會使用空間、戶外安全梯間、梯廳、垃圾室、外廊、無障礙浴廁、無障礙戶外安全梯間、男廁、女廁、走道、造型框架（牌樓）、梯間、水錶室、機械室等三十二項。,鋼筋混凝土造,109年9月9日,十五層,,
RPOOMLSKKIKGFAB77CC,1,41.44,本共有部份係依使用執照之建物概要表記載項目有：停車空間、消防機房兼發電機室、水箱、機電設備空間、共用梯廳、一般兼無障礙升降機、電信室、防空避難室兼停車空間、台電配電室、樓梯間、管委會使用空間、升降機房等１２項。,鋼筋混凝土造,114年2月28日,十一層,,
RPSNMLSKKIKGFBB18CC,13,131.90,住家用,鋼筋混凝土造,101年6月30日,十五層,,
RPPNMLSKKIKGFBB87CC,29,20.86,住家用,鋼筋混凝土造,85年8月29日,七層,,
RPSNMLSKKIKGFBB18CC,13,86.60,本共有部份係依使用執照之建築概要表記載項目有：停車空間．排煙室．緊急昇降機．樓梯間．水箱．污水機房．消防機房．儲藏室．景觀水池機房．緊急發電機室．電信室．設備機房．防空避難室兼停車空間．台電配電室．電錶室等１５項。,鋼筋混凝土造,101年6月30日,十五層,,
RPPNMLSKKIKGFBB87CC,29,9.27,共有部分,鋼筋混凝土造,85年8月29日,七層,,
RPSNMLSKKIKGFBB18CC,13,38.54,本共有部份係依使用執照之建築概要表記載項目有：門廳．環保資源室．管理員室．緊急昇降機．信箱室．管委會空間．樓梯間．排煙室．開放空間．外廊．辦公室．會客室．梯廳．水錶室．機房．水箱等１６項。,鋼筋混凝土造,101年6月30日,十五層,,
RPQNMLSKKIKGFBB97CC,3,51.34,集合住宅,鋼筋混凝土造,112年5月25日,十五層,,
RPQNMLSKKIKGFBB97CC,3,36.55,本共有部份係依使用執照之建築概要表記載項目有：停車空間，車道，安全梯，排煙室，昇降機間，消防機房，水箱，機車停車空間，法定防空避難室兼停車空間，台電配電室，發電機室，電信室等１２項。,鋼筋混凝土造,112年5月25日,十五層,,
RPQNMLSKKIKGFBB97CC,3,15.45,本共有部份係依使用執照之建築概要表記載項目有：安全梯，梯廳，昇降機間，排煙室，管理室，會議室，公共廁所，垃圾儲藏室，排風機房，水錶室，電梯機房，屋頂水箱等１２項。,鋼筋混凝土造,112年5月25日,十五層,,
RPTNMLSKKIKGFBB28CC,36,20.19,住家用,鋼筋混凝土造,79年2月9日,七層,,
RPTNMLSKKIKGFBB28CC,36,6.62,共有部分,鋼筋混凝土造,79年2月9日,七層,,
RPUNMLSKKIKGFBB38CC,12,66.04,住家用,鋼筋混凝土造,102年7月25日,二十二層,,
RPUNMLSKKIKGFBB38CC,12,17.72,本共有部分係依使用執照之建築概要表記載項目有：管委會使用公共設施，垃圾處理室，梯間，梯廳，梯間（排煙室，昇降機間）梯間（梯廳，排煙室，昇降機間），走廊，中繼機械室（中繼水箱），機械室，水箱等１０項,鋼筋混凝土造,102年7月25日,二十二層,,
RPUNMLSKKIKGFBB38CC,12,27.77,本共有部分係依使用執照之建築概要表記載項目有：停車空間，車道，污水機房，清水池，消防機房，機房，梯間（梯廳，排煙室，昇降機間），防空避難室兼停車空間，發電機室，電信室，台電配電室，防災中心，公共設施等１３項,鋼筋混凝土造,102年7月25日,二十二層,,
RPVNMLSKKIKGFBB48CC,4,34.34,集合住宅,鋼筋混凝土造,110年10月22日,七層,,
RPVNMLSKKIKGFBB48CC,4,20.51,本共有部分係依使用執照之建築概要表記載項目有：台電配電室、電信室、水箱、法定防空避難室兼停車空間、消防機房兼緊急發電機機房、人行道、梯廳、停車空間、管委會空間、電梯機房、樓梯間、水箱間等１２項。,鋼筋混凝土造,110年10月22日,七層,,
RPWNMLSKKIKGFBB58CC,31,27.72,住家用,鋼筋混凝土造,83年12月14日,十六層,,
RPWNMLSKKIKGFBB58CC,31,10.68,共有部分,鋼筋混凝土造,83年12月14日,十七層,,
RPXNMLSKKIKGFBB68CC,26,57.79,住家用,鋼筋混凝土造,89年2月18日,十四層,,
RPROMLSKKIKGFBB18CC,31,20.52,住家用,鋼筋混凝土造,83年12月14日,十六層,,
RPXNMLSKKIKGFBB68CC,26,20.57,共有部份,鋼筋混凝土造,89年2月18日,十四層,,
RPROMLSKKIKGFBB18CC,31,8.92,共有部份,鋼筋混凝土造,83年12月14日,十七層,,
RPQOMLSKKIKGFBB08CC,31,73.17,住家用,鋼筋混凝土造,83年8月15日,十二層,,
RPQOMLSKKIKGFBB08CC,31,26.53,共有部分,鋼筋混凝土造,83年8月15日,十二層,,
RPPOMLSKKIKGFBB97CC,19,206.64,店舖、辦公室、人行道,鋼筋混凝土造,95年11月24日,十四層,,
RPPOMLSKKIKGFBB97CC,19,11.08,共有部份,鋼筋混凝土造,95年11月24日,十四層,,
RPPOMLSKKIKGFBB97CC,19,.00,共有部份,鋼筋混凝土造,95年11月24日,十四層,,
RPPOMLSKKIKGFBB97CC,19,61.78,共有部份,鋼筋混凝土造,95年11月24日,十四層,,
RPTOMLSKKIKGFBB38CC,31,20.94,住家用,鋼筋混凝土造,84年5月26日,十六層,,
RPSOMLSKKIKGFAB18CC,39,90.40,住家用,鋼筋混凝土造,75年10月9日,五層,,
RPTOMLSKKIKGFBB38CC,31,6.22,共有部分,鋼筋混凝土造,84年5月26日,十六層,,
RPTOMLSKKIKGFBB38CC,31,6.48,共有部分,鋼筋混凝土造,84年5月26日,十六層,,
RPVOMLSKKIKGFBB58CC,31,26.16,住家用,鋼筋混凝土造,84年1月13日,九層,,
RPTOMLSKKIKGFBB38CC,31,.19,共有部分,鋼筋混凝土造,84年5月26日,十六層,,
RPXOMLSKKIKGFBB78CC,37,25.00,住商用,鋼筋混凝土造,77年8月10日,四層,,
RPOOMLSKKIKGFBB87CC,7,82.47,集合住宅,鋼筋混凝土造,107年9月7日,十五層,,
RPVOMLSKKIKGFBB58CC,31,10.56,共有部分,鋼筋混凝土造,84年1月13日,九層,,
RPOOMLSKKIKGFBB87CC,7,15.49,本共有部份係依使用執照之建築概要表記載項目有：防空避難室兼停車空間，台電配電室，車道，發電機室，樓梯間，昇降機間，梯廳兼排煙室，停車空間，電信室，水箱，消防機房，污水機房，門廳，管委會使用空間，垃圾貯藏空間等１５項,鋼筋混凝土造,107年9月7日,十五層,,
RPOOMLSKKIKGFBB87CC,7,21.19,本共有部份係依使用執照之建築概要表記載項目有：樓梯間，昇降機間，梯廳兼排煙室，梯廳，水箱，機械室等６項,鋼筋混凝土造,107年9月7日,十五層,,
RPWOMLSKKIKGFBB68CC,37,25.00,住商用,鋼筋混凝土造,77年8月10日,四層,,
RPPNMLSKKIKGFCB97CC,11,89.58,住家用,鋼筋混凝土造,103年11月13日,二十一層,,
RPPNMLSKKIKGFCB97CC,11,85.95,本共有部分係依使用執照之建築物概要表記載項目有：停車空間、污水處理機房、消防機械室、排煙室、水箱、樓梯間、昇降機、緊急昇降機、防空避難室兼停車空間、台電配電室、景觀水池機房、防災中心、緊急發電機室、電信機房、門廳、公共服務空間、外廊、環保資源室、廣場式開放空間﹝有頂蓋﹞、沿街步道式開放空間﹝有頂蓋﹞兼外廊、游泳池、交誼廳、梯廳、中繼機房、機械室、管理室、地下室進排風管道、機車車道、游泳池空間、機房等３０項。,鋼筋混凝土造,103年11月13日,二十一層,,
RPUOMLSKKIKGFBB48CC,29,61.70,住家用,鋼筋混凝土造,86年4月16日,二十四層,,
RPUOMLSKKIKGFBB48CC,29,17.40,共有部分,鋼筋混凝土造,86年4月16日,二十四層,,
RPUOMLSKKIKGFBB48CC,29,1.89,共有部分,鋼筋混凝土造,86年4月16日,二十四層,,
RPOPMLSKKIKGFBB97CC,37,23.00,住商用,鋼筋混凝土造,77年8月10日,四層,,
RPQNMLSKKIKGFCB08CC,30,14.06,住家用,鋼筋混凝土造,84年10月12日,十一層,,
RPQOMLSKKIKGFAB97CC,13,51.23,集合住宅,鋼筋混凝土造,102年2月5日,十層,,
RPQNMLSKKIKGFCB08CC,30,6.01,共有部分,鋼筋混凝土造,84年10月12日,十一層,,
RPSNMLSKKIKGFCB28CC,31,21.49,住家用,鋼筋混凝土造,84年4月20日,十五層,,
RPQOMLSKKIKGFAB97CC,13,24.45,本共有部份係依使用執照之建築概要表記載項目有：台電受電室、防空避難室兼停車空間、管委會使用空間、公共遊憩設施空間、開放空間、門廳、梯間、水錶箱、機房、機械室及水箱、管委會健身室、頂蓋型廣場式開放空間、管理員室等１４項,鋼筋混凝土造,102年2月5日,十層,,
RPRNMLSKKIKGFCB18CC,30,16.84,住家用,鋼筋混凝土造,84年10月12日,十一層,,
RPSNMLSKKIKGFCB28CC,31,9.01,共有部分,鋼筋混凝土造,84年4月20日,十五層,,
RPQOMLSKKIKGFAB97CC,13,9.42,本共有部份係依使用執照之建築概要表記載項目有：梯廳及梯間等２項,鋼筋混凝土造,102年2月5日,十層,,
RPRNMLSKKIKGFCB18CC,30,9.40,共有部分,鋼筋混凝土造,84年10月12日,十一層,,
RPTNMLSKKIKGFCB38CC,28,30.94,辦公室,鋼筋混凝土造,86年12月16日,二十三層,,
RPTNMLSKKIKGFCB38CC,28,6.07,共有部分,鋼筋混凝土造,86年12月16日,二十三層,,
RPTNMLSKKIKGFCB38CC,28,4.58,共有部分,鋼筋混凝土造,86年12月16日,二十三層,,
RPTNMLSKKIKGFCB38CC,28,5.65,共有部分,鋼筋混凝土造,86年12月16日,二十三層,,
RPUNMLSKKIKGFCB48CC,2,97.86,集合住宅,鋼筋混凝土造,112年9月7日,十五層,,
RPUNMLSKKIKGFCB48CC,2,74.53,本共有部份係依使用執照之建築概要表記載項目有：停車空間、消防機房、污水機房、雨水回收機房、水箱、梯廳、排煙室、緊急昇降機間、室內安全梯、車道、一般昇降機、電信室、機械室、防空避難室兼停車空間、台電配電室、電錶室、景觀機房、緊急發電機室、機房、管委會使用空間、門廳、戶外安全梯、垃圾貯存空間、水錶室、電梯機房、樓梯間等二十六項。,鋼筋混凝土造,112年9月7日,十五層,,
RPVNMLSKKIKGFCB58CC,1,83.63,集合住宅,鋼筋混凝土造,113年7月4日,二十四層,,
RPVNMLSKKIKGFCB58CC,1,71.45,本共有部分係依使用執照之建築概要表記載項目有：防空避難室兼停車空間、排煙室、樓梯間、一般昇降機、緊急昇降機、污水機房、消防機房、水箱、車道、停車空間、緊急發電機室、防災中心、台電配電室、消防中繼機房、電信機房、機房、機車停車區、梯廳、梯間、廁所、電梯機房、垃圾集中室、公共服務空間、無障礙廁所等二十四項。,鋼筋混凝土造,113年7月4日,二十四層,,
RPQOMLSKKIKGFCB18CC,31,16.49,住家用,鋼筋混凝土造,84年2月20日,十三層,,
RPQOMLSKKIKGFCB18CC,31,3.93,共有部分,鋼筋混凝土造,84年2月20日,十三層,,
RPQOMLSKKIKGFCB18CC,31,3.27,共同使用,鋼筋混凝土造,84年2月20日,十三層,,
RPWNMLSKKIKGFCB68CC,30,12.42,住家用,鋼筋混凝土造,84年11月23日,五層,,
RPROMLSKKIKGFCB28CC,16,48.69,住家用,鋼筋混凝土造,98年8月13日,二十六層,,
RPROMLSKKIKGFCB28CC,16,3.97,共有,鋼筋混凝土造,98年8月13日,二十六層,,
RPROMLSKKIKGFCB28CC,16,19.16,共有,鋼筋混凝土造,98年8月13日,二十六層,,
RPRNMLSKKIKGFDB28CC,28,27.72,住家用,鋼筋混凝土造,86年12月3日,六層,,
RPSOMLSKKIKGFCB38CC,31,104.29,住家用,鋼筋混凝土造,83年6月27日,九層,,
RPRNMLSKKIKGFDB28CC,28,15.90,共有部分,鋼筋混凝土造,86年12月3日,六層,,
RPSOMLSKKIKGFCB38CC,31,44.24,共有部分,鋼筋混凝土造,83年6月27日,九層,,
RPTOMLSKKIKGFCB48CC,31,22.25,住家用,鋼筋混凝土造,84年1月21日,十九層,,
RPTOMLSKKIKGFCB48CC,31,4.57,共有部分,鋼筋混凝土造,84年1月21日,十九層,,
RPPOMLSKKIKGFCB08CC,18,111.61,人行道、店舖、集合住宅,鋼筋混凝土造,96年9月20日,十四層,,
RPTOMLSKKIKGFCB48CC,31,5.71,共有部分,鋼筋混凝土造,84年1月21日,十九層,,
RPPOMLSKKIKGFCB08CC,18,45.56,共用,鋼筋混凝土造,96年9月20日,十四層,,
RPRNMLSKKIKGFFB48CC,19,15.75,住家用,鋼筋混凝土造,96年1月9日,五層,,
RPRNMLSKKIKGFFB48CC,19,.48,梯間、水箱,鋼筋混凝土造,96年1月9日,五層,,
RPRNMLSKKIKGFFB48CC,19,4.11,住家用,鋼筋混凝土造,96年1月9日,五層,,
RPPNMLSKKIKGFFB28CC,2,66.12,集合住宅,鋼筋混凝土造,112年11月20日,二十四層,,
RPPNMLSKKIKGFFB28CC,2,63.19,防空避難室兼停車空間、排煙室、水箱、車道、消防機械室、雨污水機房、緊急昇降機行動不便者、一般昇降機、安全梯、停車空間、消防中繼水箱、消防中繼機械室、台電配電室、電信室、發電機室、水景機房、泳池機房、機車停車空間、特別安全梯、管委會使用空間、走廊、垃圾暫存室、防災中心、梯廳、水錶室、消防中繼機房、機械室等２７項。,鋼筋混凝土造,112年11月20日,二十四層,,
RPSNMLSKKIKGFFB58CC,40,146.09,住商用,鋼筋混凝土造,75年3月25日,三層,,
RPTNMLSKKIKGFFB68CC,45,122.16,住商用,加強磚造,69年11月26日,二層,,
RPQNMLSKKIKGFDB18CC,22,90.78,商業用,鋼筋混凝土造,93年3月11日,十四層,,
RPQNMLSKKIKGFDB18CC,22,11.64,共有部分,鋼筋混凝土造,93年3月11日,十四層,,
RPQNMLSKKIKGFDB18CC,22,54.11,共有部分,鋼筋混凝土造,93年3月11日,十四層,,
RPQNMLSKKIKGFDB18CC,22,25.52,共有部分,鋼筋混凝土造,93年3月11日,十四層,,
RPUNMLSKKIKGFFB78CC,25,165.35,店舖、住房、梯間,鋼筋混凝土造,90年4月13日,三層,,
RPQNMLSKKIKGFFB38CC,20,127.47,住家用,鋼筋混凝土造,94年9月27日,十四層,,
RPQNMLSKKIKGFFB38CC,20,76.65,社區活動室、水箱、電梯機房、防空避難室、停車空間、梯間,鋼筋混凝土造,94年9月27日,十四層,,
RPPNMLSKKIKGFDB08CC,32,23.47,住家用,鋼筋混凝土造,83年5月2日,十層,,
RPPNMLSKKIKGFDB08CC,32,7.27,共有部分,鋼筋混凝土造,83年5月2日,十層,,
RPPNMLSKKIKGFIB58CC,33,180.82,住家用,鋼筋混凝土造,81年11月16日,四層,,
RPQNMLSKKIKGFIB68CC,32,195.59,人行道、店舖、住房、梯間,鋼筋混凝土造,83年6月2日,三層,,
RPPNMLSKKIKGFJB68CC,36,76.40,集合住宅,鋼筋混凝土造,79年4月30日,五層,,
RPRNMLSKKIKGFIB78CC,30,19.67,集合住宅,鋼筋混凝土造,84年12月22日,十六層,,
RPRNMLSKKIKGFIB78CC,30,10.23,共有部份,鋼筋混凝土造,84年12月22日,十六層,,
RPRNMLSKKIKGFJB88CC,1,74.63,集合住宅,鋼筋混凝土造,113年12月28日,十二層,,
RPPNMLSKKIKGFJB68CC,36,35.99,共有部分,鋼筋混凝土造,79年4月30日,五層,,
RPRNMLSKKIKGFJB88CC,1,74.35,本共有部分之項目有停車空間、消防機房、進風機房、排風機房、排煙室兼用梯廳、雨汙水機房、水箱、梯間、防空避難室兼用停車空間、台電配電室、電錶室、排煙室、緊急發電機室、電信室、受電箱室、管委會使用空間會客空間、垃圾集中貯存空間、走廊、車道、儲藏室、梯廳、機房、水錶室、電梯機房、管委會使用空間儲藏空間,鋼筋混凝土造,113年12月28日,十二層,,
RPQNMLSKKIKGFJB78CC,1,74.63,集合住宅,鋼筋混凝土造,113年12月28日,十二層,,
RPQNMLSKKIKGFJB78CC,1,74.35,本共有部分之項目有停車空間、消防機房、進風機房、排風機房、排煙室兼用梯廳、雨汙水機房、水箱、梯間、防空避難室兼用停車空間、台電配電室、電錶室、排煙室、緊急發電機室、電信室、受電箱室、管委會使用空間會客空間、垃圾集中貯存空間、走廊、車道、儲藏室、梯廳、機房、水錶室、電梯機房、管委會使用空間儲藏空間,鋼筋混凝土造,113年12月28日,十二層,,
RPVOMLSKKIKGFCB68CC,36,13.00,住家用,鋼筋混凝土造,78年6月20日,五層,,
RPSNMLSKKIKGFIB88CC,9,93.35,集合住宅,鋼筋混凝土造,105年12月19日,十五層,,
RPRNMLSKKIKGFKB98CC,33,10.00,住家用,鋼筋混凝土造,82年3月17日,五層,,
RPSNMLSKKIKGFIB88CC,9,73.83,本共有部分之項目有停車空間．排煙室．緊急昇降機．電梯．樓梯間．水箱．消防機房．揚水泵機房．污／雨水機房．防空避難室兼停車空間．騎樓兼沿街步道式開放空間．台電配電室．緊急發電機房．電信機房．景觀機房．門廳．公共服務空間．外廊．環保資源室．水錶室．機械室．梯廳．梯間等２３項。,鋼筋混凝土造,105年12月19日,十五層,,
RPUNMLSKKIKGFKB66CC,33,10.00,住家用,鋼筋混凝土造,82年3月17日,五層,,
RPSNMLSKKIKGFKB09CC,33,10.00,住家用,鋼筋混凝土造,82年3月17日,五層,,
RPUOMLSKKIKGFCB58CC,33,121.31,住家用,鋼筋混凝土造,81年12月21日,十五層,,
RPUOMLSKKIKGFCB58CC,33,18.78,共有部分,鋼筋混凝土造,81年12月21日,十五層,,
RPUOMLSKKIKGFCB58CC,33,8.46,共有部分,鋼筋混凝土造,81年12月21日,十五層,,
RPPNMLSKKIKGFKB78CC,33,17.14,住家用,鋼筋混凝土造,82年4月25日,六層,,
RPTNMLSKKIKGFKB56CC,33,10.00,住家用,鋼筋混凝土造,82年3月17日,五層,,
RPPNMLSKKIKGFKB78CC,33,4.79,住家用,鋼筋混凝土造,82年4月25日,六層,,
RPSNMLSKKIKGFCB38DC,34,20.17,辦公室,鋼筋混凝土造,81年4月10日,六層,,
RPUNMLSKKIKGFCB58DC,34,18.18,辦公室,鋼筋混凝土造,81年4月10日,六層,,
RPPNMLSKKIKGFKB78CC,33,6.25,住家用,鋼筋混凝土造,82年4月25日,六層,,
RPSNMLSKKIKGFCB38DC,34,173.74,本共有部分係依使用執照之建築概要表記載項目有：防空避難室兼停車場、梯間、人行道、門廳、機械房、水塔等６項,鋼筋混凝土造,81年4月10日,六層,,
RPUNMLSKKIKGFCB58DC,34,173.74,本共有部分係依使用執照之建築概要表記載項目有：防空避難室兼停車場、梯間、人行道、門廳、機械房、水塔等６項,鋼筋混凝土造,81年4月10日,六層,,
RPTNMLSKKIKGFCB48DC,34,23.14,辦公室,鋼筋混凝土造,81年4月10日,六層,,
RPTNMLSKKIKGFCB48DC,34,173.74,本共有部分係依使用執照之建築概要表記載項目有：防空避難室兼停車場、梯間、人行道、門廳、機械房、水塔等６項,鋼筋混凝土造,81年4月10日,六層,,
RPXNMLSKKIKGFCB88DC,34,20.50,辦公室,鋼筋混凝土造,81年4月10日,六層,,
RPVNMLSKKIKGFCB68DC,34,33.06,辦公室,鋼筋混凝土造,81年4月10日,六層,,
RPXNMLSKKIKGFCB88DC,34,173.74,本共有部分係依使用執照之建築概要表記載項目有：防空避難室兼停車場、梯間、人行道、門廳、機械房、水塔等６項,鋼筋混凝土造,81年4月10日,六層,,
RPVNMLSKKIKGFCB68DC,34,173.74,本共有部分係依使用執照之建築概要表記載項目有：防空避難室兼停車場、梯間、人行道、門廳、機械房、水塔等６項,鋼筋混凝土造,81年4月10日,六層,,
RPWNMLSKKIKGFCB78DC,34,16.53,辦公室,鋼筋混凝土造,81年4月10日,六層,,
RPWNMLSKKIKGFCB78DC,34,173.74,本共有部分係依使用執照之建築概要表記載項目有：防空避難室兼停車場、梯間、人行道、門廳、機械房、水塔等６項,鋼筋混凝土造,81年4月10日,六層,,
RPOOMLSKKIKGFCB08DC,34,26.12,辦公室,鋼筋混凝土造,81年4月10日,六層,,
RPOOMLSKKIKGFCB08DC,34,173.74,本共有部分係依使用執照之建築概要表記載項目有：防空避難室兼停車場、梯間、人行道、門廳、機械房、水塔等６項,鋼筋混凝土造,81年4月10日,六層,,
RPROMLSKKIKGFCB38DC,34,19.83,辦公室,鋼筋混凝土造,81年4月10日,六層,,
RPROMLSKKIKGFCB38DC,34,173.74,本共有部分係依使用執照之建築概要表記載項目有：防空避難室兼停車場、梯間、人行道、門廳、機械房、水塔等６項,鋼筋混凝土造,81年4月10日,六層,,
RPPOMLSKKIKGFCB18DC,34,18.18,辦公室,鋼筋混凝土造,81年4月10日,六層,,
RPPOMLSKKIKGFCB18DC,34,173.74,本共有部分係依使用執照之建築概要表記載項目有：防空避難室兼停車場、梯間、人行道、門廳、機械房、水塔等６項,鋼筋混凝土造,81年4月10日,六層,,
RPWPMLSKKIKGFCB98DC,34,21.49,辦公室,鋼筋混凝土造,81年4月10日,六層,,
RPWPMLSKKIKGFCB98DC,34,173.74,本共有部分係依使用執照之建築概要表記載項目有：防空避難室兼停車場、梯間、人行道、門廳、機械房、水塔等６項,鋼筋混凝土造,81年4月10日,六層,,
RPVPMLSKKIKGFCB88DC,34,24.79,辦公室,鋼筋混凝土造,81年4月10日,六層,,
RPVPMLSKKIKGFCB88DC,34,173.74,本共有部分係依使用執照之建築概要表記載項目有：防空避難室兼停車場、梯間、人行道、門廳、機械房、水塔等６項,鋼筋混凝土造,81年4月10日,六層,,
RPQNMLSKKIKGFIB78DC,7,104.14,集合住宅,鋼筋混凝土造,107年10月29日,十五層,,
RPQNMLSKKIKGFIB78DC,7,45.64,防空避難空間兼停車空間、車道、水箱、污水機房、雨水機房、發電機房、消防機房、梯間〈梯廳、昇降機間、排煙室〉、停車空間、電信室、台電配電室、電錶室等１２項。,鋼筋混凝土造,107年10月29日,十五層,,
RPQNMLSKKIKGFIB78DC,7,30.70,管委會使用空間、垃圾處理室、車道、梯間〈梯廳、昇降機間、排煙室〉、戶外安全梯、機械室、梯間、水錶室、電梯機房、水箱等１０項,鋼筋混凝土造,107年10月29日,十五層,,
RPTNMLTKKIKGFAB28CC,31,98.60,住家用,鋼筋混凝土造,84年3月15日,二十二層,,
RPTNMLTKKIKGFAB28CC,31,30.21,防空避難室、人行道、樓梯間、水箱、機械室,鋼筋混凝土造,84年3月15日,二十二層,,
RPSNMLTKKIKGFAB18CC,32,28.35,住家用,鋼筋混凝土造,83年2月4日,五層,,
RPRNMLTKKIKGFAB08CC,32,28.35,住家用,鋼筋混凝土造,83年2月4日,五層,,
RPSNMLTKKIKGFAB18CC,32,19.01,共有部分,鋼筋混凝土造,83年2月4日,五層,,
RPRNMLTKKIKGFAB08CC,32,19.01,共有部分,鋼筋混凝土造,83年2月4日,五層,,
RPUNMLTKKIKGFAB38CC,2,160.87,店舖,鋼筋混凝土造,112年10月2日,十五層,,
RPUNMLTKKIKGFAB38CC,2,20.94,本共有部分係依使用執照之建築概要表記載項目有：門廳，梯廳，公共服務空間，資源環保室，車道，排煙室，緊急昇降機，昇降機，戶外安全梯，水錶室，水箱，機械室等１２項,鋼筋混凝土造,112年10月2日,十五層,,
RPUNMLTKKIKGFAB38CC,2,86.45,本共有部分係依使用執照之建築概要表記載項目有：停車空間，消防機房，污水機房，水箱，排煙室，緊急昇降機，昇降機，無障礙安全梯，防空避難室兼停車空間，台電配電室，緊急發電機房，電信室，景觀機房等１３項,鋼筋混凝土造,112年10月2日,十五層,,
RPUNMLTKKIKGFAB38CC,2,5.06,店舖,鋼筋混凝土造,112年10月2日,十五層,,
RPVNMLTKKIKGFAB48CC,44,19.39,集合住宅,鋼筋混凝土造,70年8月5日,五層,,
RPWNMLTKKIKGFAB58CC,25,106.54,集合住宅,鋼筋混凝土造,89年12月20日,十四層,,
RPWNMLTKKIKGFAB58CC,25,37.99,共有部分,鋼筋混凝土造,89年12月20日,十四層,,
RPPOMLTKKIKGFAB97CC,35,152.55,辦公室,鋼骨造,79年9月26日,三十二層,,
RPPOMLTKKIKGFAB97CC,35,54.93,人行道，樓梯間，停車空間，防空避難室，受電室，機械室，水塔，儲藏室，電梯,見其他登記事項,79年9月26日,三十二層,,
RPSOMLTKKIKGFAB28CC,56,124.43,商業用,見其他登記事項,58年10月9日,二層,,
RPOOMLTKKIKGFAB87CC,30,20.54,店舖,鋼筋混凝土造,85年5月6日,十八層,,
RPOOMLTKKIKGFAB87CC,30,6.78,共同使用,鋼筋混凝土造,85年5月6日,十八層,,
RPXNMLTKKIKGFAB68CC,27,51.85,住家用,鋼筋混凝土造,87年9月30日,十二層,,
RPOOMLTKKIKGFAB87CC,30,4.34,共同使用,鋼筋混凝土造,85年5月6日,十八層,,
RPXNMLTKKIKGFAB68CC,27,14.09,共有部分,鋼筋混凝土造,87年9月30日,十三層,,
RPOOMLTKKIKGFAB87CC,30,1.25,共同使用,鋼筋混凝土造,85年5月6日,十八層,,
RPOOMLTKKIKGFAB87CC,30,.47,共同使用,鋼筋混凝土造,85年5月6日,十八層,,
RPROMLTKKIKGFAB18CC,45,43.55,住家用,鋼筋混凝土造,69年10月18日,十層,,
RPROMLTKKIKGFAB18CC,45,4.45,共有部分,鋼筋混凝土造,69年10月18日,十層,,
RPROMLTKKIKGFAB18CC,45,9.09,梯間,鋼筋混凝土造,69年10月18日,十層,,
RPTOMLTKKIKGFAB38CC,33,26.64,住家用,鋼筋混凝土造,82年3月12日,七層,,
RPTOMLTKKIKGFAB38CC,33,8.52,共有部分,鋼筋混凝土造,82年3月12日,七層,,
RPWQMLSKKIKGFCB09DC,34,21.49,辦公室,鋼筋混凝土造,81年4月10日,六層,,
RPWQMLSKKIKGFCB09DC,34,173.74,本共有部分係依使用執照之建築概要表記載項目有：防空避難室兼停車場、梯間、人行道、門廳、機械房、水塔等６項,鋼筋混凝土造,81年4月10日,六層,,
RPRQMLSKKIKGFCB58DC,34,56.20,辦公室,鋼筋混凝土造,81年4月10日,六層,,
RPUOMLTKKIKGFAB48CC,35,8.15,商業用,鋼筋混凝土造,79年12月10日,十二層,,
RPRQMLSKKIKGFCB58DC,34,173.74,本共有部分係依使用執照之建築概要表記載項目有：防空避難室兼停車場、梯間、人行道、門廳、機械房、水塔等６項,鋼筋混凝土造,81年4月10日,六層,,
RPWOMLTKKIKGFAB68CC,30,22.84,集合住宅,鋼骨鋼筋混凝土造,85年5月20日,十九層,,
RPWOMLTKKIKGFAB68CC,30,4.89,共同使用,鋼骨鋼筋混凝土造,85年5月20日,十九層,,
RPWOMLTKKIKGFAB68CC,30,6.02,共同使用,鋼骨鋼筋混凝土造,85年5月20日,十九層,,
RPXQMLSKKIKGFCB56DC,34,18.18,辦公室,鋼筋混凝土造,81年4月10日,六層,,
RPXQMLSKKIKGFCB56DC,34,173.74,本共有部分係依使用執照之建築概要表記載項目有：防空避難室兼停車場、梯間、人行道、門廳、機械房、水塔等６項,鋼筋混凝土造,81年4月10日,六層,,
RPXPMLSKKIKGFCB09DC,34,19.83,辦公室,鋼筋混凝土造,81年4月10日,六層,,
RPPRMLSKKIKGFCB48DC,34,20.17,辦公室,鋼筋混凝土造,81年4月10日,六層,,
RPSQMLSKKIKGFCB68DC,34,18.18,辦公室,鋼筋混凝土造,81年4月10日,六層,,
RPXPMLSKKIKGFCB09DC,34,173.74,本共有部分係依使用執照之建築概要表記載項目有：防空避難室兼停車場、梯間、人行道、門廳、機械房、水塔等６項,鋼筋混凝土造,81年4月10日,六層,,
RPPRMLSKKIKGFCB48DC,34,173.74,本共有部分係依使用執照之建築概要表記載項目有：防空避難室兼停車場、梯間、人行道、門廳、機械房、水塔等６項,鋼筋混凝土造,81年4月10日,六層,,
RPSQMLSKKIKGFCB68DC,34,173.74,本共有部分係依使用執照之建築概要表記載項目有：防空避難室兼停車場、梯間、人行道、門廳、機械房、水塔等６項,鋼筋混凝土造,81年4月10日,六層,,
RPOQMLSKKIKGFCB28DC,34,20.50,辦公室,鋼筋混凝土造,81年4月10日,六層,,
RPORMLSKKIKGFCB38DC,34,24.79,辦公室,鋼筋混凝土造,81年4月10日,六層,,
RPOQMLSKKIKGFCB28DC,34,173.74,本共有部分係依使用執照之建築概要表記載項目有：防空避難室兼停車場、梯間、人行道、門廳、機械房、水塔等６項,鋼筋混凝土造,81年4月10日,六層,,
RPORMLSKKIKGFCB38DC,34,173.74,本共有部分係依使用執照之建築概要表記載項目有：防空避難室兼停車場、梯間、人行道、門廳、機械房、水塔等６項,鋼筋混凝土造,81年4月10日,六層,,
RPQQMLSKKIKGFCB48DC,34,26.12,辦公室,鋼筋混凝土造,81年4月10日,六層,,
RPQQMLSKKIKGFCB48DC,34,173.74,本共有部分係依使用執照之建築概要表記載項目有：防空避難室兼停車場、梯間、人行道、門廳、機械房、水塔等６項,鋼筋混凝土造,81年4月10日,六層,,
RPPQMLSKKIKGFCB38DC,34,18.18,辦公室,鋼筋混凝土造,81年4月10日,六層,,
RPPQMLSKKIKGFCB38DC,34,173.74,本共有部分係依使用執照之建築概要表記載項目有：防空避難室兼停車場、梯間、人行道、門廳、機械房、水塔等６項,鋼筋混凝土造,81年4月10日,六層,,
RPVQMLSKKIKGFCB98DC,34,16.53,辦公室,鋼筋混凝土造,81年4月10日,六層,,
RPVQMLSKKIKGFCB98DC,34,173.74,本共有部分係依使用執照之建築概要表記載項目有：防空避難室兼停車場、梯間、人行道、門廳、機械房、水塔等６項,鋼筋混凝土造,81年4月10日,六層,,
RPVOMLTKKIKGFAB58CC,24,59.63,集合住宅,鋼筋混凝土造,90年8月10日,十四層,,
RPTQMLSKKIKGFCB78DC,34,23.80,辦公室,鋼筋混凝土造,81年4月10日,六層,,
RPVOMLTKKIKGFAB58CC,24,7.76,共有部分,鋼筋混凝土造,90年8月10日,十四層,,
RPVOMLTKKIKGFAB58CC,24,12.57,共有部分,鋼筋混凝土造,90年8月10日,十四層,,
RPTQMLSKKIKGFCB78DC,34,173.74,本共有部分係依使用執照之建築概要表記載項目有：防空避難室兼停車場、梯間、人行道、門廳、機械房、水塔等６項,鋼筋混凝土造,81年4月10日,六層,,
RPUQMLSKKIKGFCB88DC,34,33.06,辦公室,鋼筋混凝土造,81年4月10日,六層,,
RPUQMLSKKIKGFCB88DC,34,173.74,本共有部分係依使用執照之建築概要表記載項目有：防空避難室兼停車場、梯間、人行道、門廳、機械房、水塔等６項,鋼筋混凝土造,81年4月10日,六層,,
RPQRMLSKKIKGFCB58DC,34,20.83,辦公室,鋼筋混凝土造,81年4月10日,六層,,
RPQRMLSKKIKGFCB58DC,34,173.74,本共有部分係依使用執照之建築概要表記載項目有：防空避難室兼停車場、梯間、人行道、門廳、機械房、水塔等６項,鋼筋混凝土造,81年4月10日,六層,,
RPXOMLTKKIKGFAB78CC,46,57.66,住家用,加強磚造,68年11月5日,四層,,
RPRPMLTKKIKGFAB28CC,19,81.21,集合住宅,鋼筋混凝土造,95年6月22日,三十二層,,
RPPPMLTKKIKGFAB08CC,46,81.66,住家用,鋼筋混凝土造,68年8月29日,五層,,
RPRPMLTKKIKGFAB28CC,19,13.15,共用,鋼筋混凝土造,95年6月22日,三十二層,,
RPSPMLTKKIKGFAB38CC,31,17.33,住家用,鋼筋混凝土造,84年1月13日,十九層,,
RPRPMLTKKIKGFAB28CC,19,22.13,共用,鋼筋混凝土造,95年6月22日,三十二層,,
RPTPMLTKKIKGFAB48CC,2,84.53,集合住宅,鋼筋混凝土造,112年8月10日,十五層,,
RPTPMLTKKIKGFAB48CC,2,70.88,本共有部分係依使用執照之建築物概要表記載項目有：防空避難室兼停車空間、排煙室、樓梯間、一般昇降機、緊急昇降機、雨水機房、污水機房、消防機房、水箱、車道、停車空間、機房、緊急發電機室、台電配電場所、電信室、機車區、電表、梯廳、公共服務空間、資源回收室、門廳、無障礙廁所、梯間、水錶箱室、電梯機房等共計２５項。,鋼筋混凝土造,112年8月10日,十五層,,
RPSPMLTKKIKGFAB38CC,31,2.84,共有部分,鋼筋混凝土造,84年1月13日,十九層,,
RPSPMLTKKIKGFAB38CC,31,6.24,梯間．水箱．機械室,鋼筋混凝土造,84年1月13日,十九層,,
RPSPMLTKKIKGFAB38CC,31,3.67,共有部分,鋼筋混凝土造,84年1月13日,十九層,,
RPPNMLTKKIKGFBB97CC,12,17.05,店舖、住宅、樓梯間、停車空間、人行道,鋼筋混凝土造,103年1月10日,五層,,
RPOPMLTKKIKGFAB97CC,44,63.56,住家用,鋼筋混凝土造,70年10月3日,五層,,
RPQPMLTKKIKGFAB18CC,30,31.37,集合住宅,鋼骨鋼筋混凝土造,85年5月20日,十九層,,
RPOPMLTKKIKGFAB97CC,44,4.49,共有部分,鋼筋混凝土造,70年10月3日,五層,,
RPQPMLTKKIKGFAB18CC,30,1.33,共同使用,鋼骨鋼筋混凝土造,85年5月20日,十九層,,
RPQPMLTKKIKGFAB18CC,30,6.02,共同使用,鋼骨鋼筋混凝土造,85年5月20日,十九層,,
RPVNMLTKKIKGFBB58CC,32,20.63,住家用,鋼筋混凝土造,83年2月7日,十八層,,
RPVNMLTKKIKGFBB58CC,32,9.13,共有部分,鋼筋混凝土造,83年2月7日,十八層,,
RPOOMLTKKIKGFBB97CC,16,54.96,住家用,鋼筋混凝土造,98年9月8日,十四層,,
RPOOMLTKKIKGFBB97CC,16,33.07,共有部份,鋼筋混凝土造,98年9月8日,十四層,,
RPTNMLTKKIKGFBB38CC,27,56.33,住家用,鋼筋混凝土造,88年1月19日,十三層,,
RPTNMLTKKIKGFBB38CC,27,8.44,共有部分,鋼筋混凝土造,88年1月19日,十三層,,
RPTNMLTKKIKGFBB38CC,27,8.95,共有部分,鋼筋混凝土造,88年1月19日,十三層,,
RPQOMLTKKIKGFBB18CC,,148.79,商業用,加強磚造,,二層,,
RPPOMLTKKIKGFBB08CC,25,89.46,集合住宅,鋼筋混凝土造,89年7月5日,十四層,,
RPPOMLTKKIKGFBB08CC,25,20.86,共有部份,鋼筋混凝土造,89年7月5日,十四層,,
RPPOMLTKKIKGFBB08CC,25,38.41,共有部份,鋼筋混凝土造,89年7月5日,十四層,,
RPQNMLTKKIKGFBB08CC,3,63.55,集合住宅,鋼筋混凝土造,111年9月7日,十四層,,
RPSOMLTKKIKGFBB38CC,29,169.81,停車空間、住宅、樓梯間、機械室、電信室,鋼筋混凝土造,86年4月8日,四層,,
RPQNMLTKKIKGFBB08CC,3,66.01,本共有部分係依使用執照之建築概要表記載項目有：防空避難室兼停車空間，消防機房，水箱，噴灌機房，排煙室，安全梯，昇降梯間，車道，停車空間，水表空間，梯間，機房，電信機房，台電配電室，發電機房，排風管道，管委會空間，公共服務空間，垃圾貯藏室，門廊，梯廳（門廳），梯廳等２２項,鋼筋混凝土造,111年9月7日,十四層,,
RPRNMLTKKIKGFBB18CC,30,20.41,住家用,鋼筋混凝土造,84年6月26日,二十四層,,
RPTOMLTKKIKGFBB48CC,46,103.01,住家用,鋼筋混凝土造,69年3月21日,五層,,
RPRNMLTKKIKGFBB18CC,30,5.41,共有部分,鋼筋混凝土造,84年6月26日,二十四層,,
RPSNMLTKKIKGFBB28CC,31,23.50,住家用,鋼筋混凝土造,84年3月8日,十三層,,
RPTOMLTKKIKGFBB48CC,46,5.69,共有部份,鋼筋混凝土造,69年3月21日,五層,,
RPRNMLTKKIKGFBB18CC,30,4.13,共有部分,鋼筋混凝土造,84年6月26日,二十四層,,
RPSNMLTKKIKGFBB28CC,31,3.67,共有部分,鋼筋混凝土造,84年3月8日,十四層,,
RPRNMLTKKIKGFBB18CC,30,.00,共有部分,鋼筋混凝土造,84年6月26日,二十四層,,
RPSNMLTKKIKGFBB28CC,31,.00,共有部分,鋼筋混凝土造,84年3月8日,十四層,,
RPSNMLTKKIKGFBB28CC,31,7.54,共有部分,鋼筋混凝土造,84年3月8日,十四層,,
RPROMLTKKIKGFBB28CC,4,73.35,集合住宅,鋼筋混凝土造,111年1月10日,十層,,
RPROMLTKKIKGFBB28CC,4,13.70,本共有部分係依使用執照之建築概要表記載項目有：管理委員會空間、一般昇降機、緊急昇降機、安全梯、排煙室（梯廳）、垃圾處理室、梯廳、車道、機車停車空間、戶外安全梯、梯間、機械室、樓梯間、水錶室、水箱等十五項。,鋼筋混凝土造,111年1月10日,十層,,
RPROMLTKKIKGFBB28CC,4,15.41,本共有部分係依使用執照之建築概要表記載項目有：排煙室（梯廳）、梯廳、一般昇降機、緊急昇降機、戶外安全梯等五項。,鋼筋混凝土造,111年1月10日,十層,,
RPROMLTKKIKGFBB28CC,4,25.41,本共有部分係依使用執照之建築概要表記載項目有：防空避難室兼停車空間、安全梯、消防機械室、雨／污水機械室、排煙室（梯廳）、一般昇降機、緊急昇降機、水箱、停車空間、台電配電室、發電機室、電信室兼智慧建築管理中心等十二項。,鋼筋混凝土造,111年1月10日,十層,,
RPUOMLTKKIKGFBB58CC,10,61.19,集合住宅,鋼筋混凝土造,104年12月28日,十三層,,
RPUOMLTKKIKGFBB58CC,10,27.65,本共有部份係依使用執照之建築概要表記載項目有停車空間，一般安全梯，緊急昇降機，消防機房，機械室，太陽能設備室，防空避難室兼停車空間，台電配電室，緊急發電機室，電信機房，頂蓋型開放空間，門廳，公共服務空間，車道，景觀機房，管委會使用空間，梯廳，排煙室，水箱，泳池設備機房，電錶室，坡道，雨水回收機房，資源回收室，公共管道間：等２５項。,鋼筋混凝土造,104年12月28日,十四層,,
RPUOMLTKKIKGFBB58CC,10,11.32,本共有部份係依使用執照之建築概要表記載項目有：緊急昇降機，排煙室，梯廳，水箱，電梯機房，水錶室，太陽能設備室，一般安全梯等８項。,鋼筋混凝土造,104年12月28日,十四層,,
RPWOMLTKKIKGFBB78CC,32,24.80,住家用,鋼筋混凝土造,83年2月7日,十八層,,
RPVOMLTKKIKGFBB68CC,36,27.20,住家用,鋼筋混凝土造,78年11月2日,十五層,,
RPWOMLTKKIKGFBB78CC,32,10.95,共有部份,鋼筋混凝土造,83年2月7日,十八層,,
RPVOMLTKKIKGFBB68CC,36,12.31,共有部分,鋼筋混凝土造,78年11月2日,十五層,,
RPXOMLTKKIKGFBB88CC,36,321.61,住商用,鋼筋混凝土造,78年9月18日,四層,,
RPOPMLTKKIKGFBB08CC,31,21.79,住家用,鋼筋混凝土造,84年4月12日,十二層,,
RPOPMLTKKIKGFBB08CC,31,8.46,共有部份,鋼筋混凝土造,84年4月12日,十二層,,
RPPPMLTKKIKGFBB18CC,1,59.95,集合住宅,鋼筋混凝土造,113年6月5日,十五層,,
RPPPMLTKKIKGFBB18CC,1,57.17,本共有部份係依使用執照之建築概要表記載項目有：防空避難室兼停車空間，水箱，排煙室，樓梯間，緊急昇降機，一般昇降機，消防機房，雨水機房，機房，緊急發電機室，停車空間，台電配電室，電信室，機車停車空間，梯廳，機電設備空間，頂蓋型開放空間，管委會使用空間，公共服務空間，走廊，資源回收中心，游泳池，梯間，電梯機房，水錶箱室等２５項,鋼筋混凝土造,113年6月5日,十五層,,
RPXPMLTKKIKGFBB98CC,31,101.94,住商用,鋼筋混凝土造,84年1月26日,五層,,
RPSPMLTKKIKGFBB48CC,20,47.70,住家用,鋼筋混凝土造,94年12月8日,十八層,,
RPSPMLTKKIKGFBB48CC,20,19.13,共有部分,鋼筋混凝土造,94年12月8日,十八層,,
RPTPMLTKKIKGFBB58CC,2,81.33,集合住宅,鋼筋混凝土造,112年10月5日,十五層,,
RPTPMLTKKIKGFBB58CC,2,50.18,本共有部分係依使用執照之建築概要表記載項目有：停車空間，電梯，無障礙電梯，緊急昇降機，排煙室，汙雨水處理機房，消防機械室，無障礙樓梯間，水箱，車道，電信室，防空避難室兼停車空間，機車停車區，台電配電室，緊急發電機室，管委會使用空間，資源回收室，樓梯間，梯廳，水錶室，機械室，子母水箱等２２項,鋼筋混凝土造,112年10月5日,十五層,,
RPTPMLTKKIKGFBB58CC,2,18.45,本共有部分係依使用執照之建築概要表記載項目有：樓梯間，電梯，梯廳，排煙室，無障礙電梯，緊急昇降機，無障礙樓梯間等７項,鋼筋混凝土造,112年10月5日,十五層,,
RPUPMLTKKIKGFBB68CC,4,84.41,集合住宅,鋼筋混凝土造,111年4月1日,十五層,,
RPQPMLTKKIKGFBB28CC,2,53.81,集合住宅,鋼筋混凝土造,113年5月21日,二十二層,,
RPUPMLTKKIKGFBB68CC,4,44.78,本共有部分係依使用執照之建築概要表記載項目有：防空避難室兼停車空間，樓梯間，昇降機間，排煙室，消防機房，污水機房，機房，水箱，車道，停車空間，電信室，緊急發電機室，台電配電室等１３項。,鋼筋混凝土造,111年4月1日,十五層,,
RPQPMLTKKIKGFBB28CC,2,38.50,本共有部分係依使用執照之建築概要表記載項目有：防空避難室兼停車空間，排煙室，樓梯間，一般昇降機，緊急昇降機，消防機房，汙雨水機房，水箱，停車空間，中繼機房，機房，緊急發電機室，台電配電室，電信室，景觀機房等１５項。,鋼筋混凝土造,113年5月21日,二十二層,,
RPRPMLTKKIKGFBB38CC,45,27.06,商業用,鋼骨混凝土造,69年10月21日,十層,,
RPUPMLTKKIKGFBB68CC,4,24.52,本共有部分係依使用執照之建築概要表記載項目有：門廳，梯廳，樓梯間，昇降機間，排煙室，資源回收室，管委會使用空間，走廊，車道，公共使用空間，梯間，水錶箱室，電梯機房，水箱等１４項。,鋼筋混凝土造,111年4月1日,十五層,,
RPOQMLTKKIKGFBB18CC,45,33.48,商業用,鋼筋混凝土造,69年10月21日,十層,,
RPQPMLTKKIKGFBB28CC,2,19.09,本共有部分係依使用執照之建築概要表記載項目有：梯廳，排煙室，樓梯間，一般昇降機，緊急昇降機，管委會使用空間，門廳，垃圾集中室，守衛亭，防災中心，梯間，水錶箱室，機械室，消防中繼機房，電梯機房，水箱等１６項。,鋼筋混凝土造,113年5月21日,二十二層,,
RPPQMLTKKIKGFBB28CC,31,148.51,住商用,鋼筋混凝土造,84年1月26日,五層,,
RPPNMLTKKIKGFCB08CC,31,14.85,住家用,鋼筋混凝土造,84年4月24日,七層,,
RPPNMLTKKIKGFCB08CC,31,8.06,共有部分,鋼筋混凝土造,84年4月24日,七層,,
RPUNMLTKKIKGFCB58CC,27,87.64,辦公室,鋼筋混凝土造,87年7月17日,十四層,,
RPUNMLTKKIKGFCB58CC,27,48.18,共有部分,鋼筋混凝土造,87年7月17日,十四層,,
RPVPMLTKKIKGFBB78CC,37,30.34,住家用,鋼筋混凝土造,78年4月19日,七層,,
RPRNMLTKKIKGFCB28CC,28,24.98,住家用,鋼筋混凝土造,86年6月21日,十四層,,
RPUNMLTKKIKGFCB58CC,27,6.60,共有部分,鋼筋混凝土造,87年7月17日,十四層,,
RPVPMLTKKIKGFBB78CC,37,11.74,共有部分,鋼筋混凝土造,78年4月19日,七層,,
RPRNMLTKKIKGFCB28CC,28,16.27,共有部分,鋼筋混凝土造,86年6月21日,十四層,,
RPTNMLTKKIKGFCB48CC,10,218.46,辦公事務所及工商服務業,鋼骨鋼筋混凝土造,104年9月24日,三十四層,,
RPTNMLTKKIKGFCB48CC,10,55.91,本共有部分係依使用執照之建築物概要表記載項目有：樓梯間、車道、門廳、梯廳、管委會使用空間、排煙室、防災中心、雨水回收水箱、電梯機房、中繼機房、機械室、水錶室等１２項,鋼骨鋼筋混凝土造,104年9月24日,三十四層,,
RPTNMLTKKIKGFCB48CC,10,85.24,本共有部分係依使用執照之建築物概要表記載項目有：停車空間、梯廳、水箱、排煙室、消防機房、污水機房、車道、樓梯間、機車停車空間、中繼機房、電信室、防空避難室兼（機車、汽車）停車空間、發電機室、垃圾回收區、台電配電室、電錶室等１６項,鋼骨鋼筋混凝土造,104年9月24日,三十四層,,
RPSNMLTKKIKGFCB38CC,33,72.90,住家用,鋼筋混凝土造,81年9月14日,七層,,
RPSNMLTKKIKGFCB38CC,33,13.89,共有部分,鋼筋混凝土造,81年9月14日,七層,,
RPQNMLTKKIKGFCB18CC,8,46.86,集合住宅,鋼筋混凝土造,107年1月29日,十二層,,
RPQNMLTKKIKGFCB18CC,8,15.09,本共有部份係依使用執照之建築概要表記載項目有：管委會使用空間、行動不便電梯、電梯、樓梯間、排煙室、梯廳、門廳、緊急升降電梯、外廊、管道間、水錶室、機械室、子母水箱等１３項。,鋼筋混凝土造,107年1月29日,十二層,,
RPQNMLTKKIKGFCB18CC,8,39.87,本共有部份係依使用執照之建築概要表記載項目有：梯廳、停車空間、消防機房、樓梯間、行動不便電梯、電梯、雨水汙水機械室、水箱、車道、陸上型揚水泵、泳池水箱、機械室、電信室、機房、防空避難室兼停車空間、機車停車空間、垃圾集中室、台電配電室、電錶室、受電室、發電機室等２１項。,鋼筋混凝土造,107年1月29日,十二層,,
RPXNMLTKKIKGFCB88CC,7,125.62,有頂蓋型沿街步道式開放空間兼騎樓，店舖,鋼筋混凝土造,108年1月19日,二十四層,,
RPXNMLTKKIKGFCB88CC,7,39.81,本共有部分係依使用執照之建築概要表記載項目有：停車空間、消防機房、水箱、污水機房、消防中繼機房、排煙室、電信室、發電機房配電室、停車空間兼防空避難室、台電配電室、發電機房、電錶室、受電箱室、昇降機道、有頂蓋型沿街步道式開放空間兼騎樓、門廳、垃圾儲存空間、防災中心、車道、梯廳、梯廳出入口、管委會空間、管委會多功能交誼廳、健身休閒、公廁、特別安全梯、昇降機、緊急昇降機、設備管道間、管委會門廳、信箱間、有頂蓋型沿街步道式開放空間、走道、管道間、梯間、昇降機道、緊急昇降機道、緊急用昇降機間、雨水貯留設備水箱、樓梯間、機械室、消防水箱、水錶室、電梯機房等４４項。,鋼筋混凝土造,108年1月19日,二十四層,,
RPWNMLTKKIKGFCB78CC,10,194.69,辦公事務所及工商服務業,鋼骨鋼筋混凝土造,104年9月24日,三十四層,,
RPWNMLTKKIKGFCB78CC,10,49.74,本共有部分係依使用執照之建築物概要表記載項目有：樓梯間、車道、門廳、梯廳、管委會使用空間、排煙室、防災中心、雨水回收水箱、電梯機房、中繼機房、機械室、水錶室等１２項,鋼骨鋼筋混凝土造,104年9月24日,三十四層,,
RPWNMLTKKIKGFCB78CC,10,86.07,本共有部分係依使用執照之建築物概要表記載項目有：停車空間、梯廳、水箱、排煙室、消防機房、污水機房、車道、樓梯間、機車停車空間、中繼機房、電信室、防空避難室兼（機車、汽車）停車空間、發電機室、垃圾回收區、台電配電室、電錶室等１６項,鋼骨鋼筋混凝土造,104年9月24日,三十四層,,
RPOOMLTKKIKGFCB08CC,16,177.14,辦公室,鋼骨造,99年6月4日,三十八層,,
RPOOMLTKKIKGFCB08CC,16,.02,辦公室,鋼骨造,99年6月4日,三十八層,,
RPOOMLTKKIKGFCB08CC,16,72.88,本共有部分之項目有排煙室、特別安全梯、垃圾儲藏室、台電配電室專用通道、台電配電室管道間、梯廳、安全梯、中繼自來水箱、消防中繼連結泵浦室、機械室、機械房、電梯機房、蓄水池、水表室、水箱、陽台、廁所、男廁、女廁、挑高大廳、消防泵浦室、台電配電室、管理辦公室、排煙室兼梯廳等二十四項。,鋼骨造,99年6月4日,三十八層,,
RPOOMLTKKIKGFCB08CC,16,83.31,本共有部分之項目有地下室排氣機房、地下室進氣管道、汽車車道、機車車道、排煙室、特別安全梯、網路ＵＰＳ機房、電梯機坑、安全梯、貨梯梯間、中庭水池機房、防空避難室兼地下停車空間、蓄水池、防災中心、電梯梯廳、緊急發電機室、台電配電室、電信機房、地下停車空間、汙廢水機房、消防機械室等二十一項。,鋼骨造,99年6月4日,三十八層,,
RPOOMLTKKIKGFCB08CC,16,28.27,本共有部分之項目有梯廳等１項。,鋼骨造,99年6月4日,三十八層,,
RPPNMLTKKIKGFDB18CC,30,81.23,住家用,鋼筋混凝土造,85年4月30日,七層,,
RPPNMLTKKIKGFDB18CC,30,35.99,共有部分,鋼筋混凝土造,85年4月30日,七層,,
RPRNMLTKKIKGFDB38CC,2,31.49,集合住宅,鋼筋混凝土造,113年1月4日,七層,,
RPRNMLTKKIKGFDB38CC,2,28.94,本共有部分之項目有人行道、消防機房、機車停車、電信室、停車空間、梯間、電機機房等７項,鋼筋混凝土造,113年1月4日,七層,,
RPRNMLTKKIKGFFB58CC,1,70.15,集合住宅,鋼筋混凝土造,113年12月16日,二十四層,,
RPRNMLTKKIKGFFB58CC,1,33.64,防空避難室兼停車空間、排煙室、水箱、一般昇降機、消防機械室、汙雨水機械室、安全梯、緊急昇降機、車道、停車空間、台電配電室、機械室、發電機室、泳池機械室、電表區、消防中繼水箱、消防中繼機房、電信室、梯廳、門廳、垃圾暫存空間、管委會使用空間、機車停車區、特別安全梯、防災中心、走廊、水錶室、電梯機房等２８項。,鋼筋混凝土造,113年12月16日,二十四層,,
RPQNMLTKKIKGFFB48CC,5,9.22,集合住宅,鋼筋混凝土造,109年8月25日,五層,,
RPQNMLTKKIKGFFB48CC,5,5.11,梯廳、安全梯、升降機、管道間、走廊、安全梯間、升降機機械室、水箱、停車空間、電信室、消防機室、發電機室、台電配電室、安全梯Ａ,鋼筋混凝土造,109年8月25日,五層,,
RPPNMLTKKIKGFFB38CC,3,54.36,集合住宅,鋼筋混凝土造,112年4月14日,十層,,
RPSNMLTKKIKGFFB68CC,1,71.30,集合住宅,鋼筋混凝土造,113年10月24日,十五層,,
RPPNMLTKKIKGFFB38CC,3,37.34,停車空間、消防機房、機房（雨水設備）、蓄水池、昇降機、無障礙昇降機、梯廳、安全梯、防空避難室兼停車空間、台電配電室、發電機室、電信室、機房、受電室電表箱等１４項。,鋼筋混凝土造,112年4月14日,十層,,
RPQNMLTKKIKGFDB28CC,48,86.80,住家用,加強磚造,67年1月30日,二層,,
RPSNMLTKKIKGFFB68CC,1,68.66,防空避難室兼停車空間、一般昇降機、安全梯無障礙樓梯、緊急昇降機行動不便者、水箱、梯廳兼排煙室、機房、雨汙水機房、消防機房、停車空間、電信室、機械室、緊急發電機室、台電配電室、電錶區、梯廳、垃圾暫存室、車道、機車停車空間、戶外安全梯、管理委員會使用空間、戶外安全梯無障礙樓梯、排煙室、機電設備空間、室內安全梯無障礙樓梯、梯間、機械室（水錶室）、昇降機道、室內安全梯、電梯機房等３０項,鋼筋混凝土造,113年10月24日,十五層,,
RPPNMLTKKIKGFFB38CC,3,14.48,管委會使用空間、昇降機、無障礙昇降機、梯廳、戶外安全梯、宅配室、排風管道、資源回收室、機械設備室、汽車車道、無障礙廁所、管道間、水錶室、機房、水箱、機械室等１６項。,鋼筋混凝土造,112年4月14日,十層,,
RPXOMLTKKIKGFCB98CC,28,25.32,住家用,鋼筋混凝土造,87年4月21日,五層,,
RPSOMLTKKIKGFCB48CC,28,15.26,住家用,鋼筋混凝土造,87年4月28日,十四層,,
RPVOMLTKKIKGFCB78CC,46,15.29,住家用,鋼筋混凝土造,68年7月24日,五層,,
RPXOMLTKKIKGFCB98CC,28,17.62,共有部分,鋼筋混凝土造,87年4月21日,五層,,
RPSOMLTKKIKGFCB48CC,28,8.92,共有部分,鋼筋混凝土造,87年4月28日,十四層,,
RPTNMLTKKIKGFFB78CC,3,129.46,集合住宅,鋼筋混凝土造,111年12月26日,十五層,,
RPTNMLTKKIKGFFB78CC,3,50.83,資源回收空間、管理委員會使用空間、入口梯廳（門廳）、電梯間、樓梯間、人行道、停車空間、台電配電室、車道、緊急發電機機房、管道機房、排氣管道間、防空避難室兼停車空間、機電設備空間、生活汙水機房、消防設備機房、蓄水池,鋼筋混凝土造,111年12月26日,十五層,,
RPTNMLTKKIKGFFB78CC,3,28.43,電梯間、樓梯間、梯廳、水錶置放區、昇降機機房、水塔,鋼筋混凝土造,111年12月26日,十五層,,
RPQOMLTKKIKGFCB28CC,31,193.98,商業用,鋼筋混凝土造,83年10月24日,十四層,,
RPQOMLTKKIKGFCB28CC,31,91.81,共有部分,鋼筋混凝土造,83年10月24日,十四層,,
RPOPMLTKKIKGFCB18CC,30,93.21,集合住宅,鋼筋混凝土造,85年6月15日,十二層,,
RPROMLTKKIKGFCB38CC,16,53.18,住家用,鋼筋混凝土造,99年1月12日,二十六層,,
RPOPMLTKKIKGFCB18CC,30,48.84,共同使用,鋼筋混凝土造,85年6月15日,十二層,,
RPROMLTKKIKGFCB38CC,16,25.10,本共有部分之項目有防空避難室兼停車空間、停車空間、發電機室、門廳、消防機房、垃圾處理空間、昇降設備、梯間、水箱、機房、排煙室、梯廳、進氣管道、排氣管道、特別安全梯、車道、污水機房、電信管道、給水管道、弱電管道、電信室、蓄水池、機械室、台電配電室、泳池噴灌機房、社區游泳池、儲藏室、機坑、防災中心、走廊、中繼水箱、中繼機械室、避難平台等三十二項,鋼筋混凝土造,99年1月12日,二十六層,,
RPTOMLTKKIKGFCB58CC,31,15.45,住家用,鋼筋混凝土造,84年4月20日,十五層,,
RPTOMLTKKIKGFCB58CC,31,7.05,共有部分,鋼筋混凝土造,84年4月20日,十五層,,
RPPNMLTKKIKGFGB48CC,6,33.06,集合住宅,鋼筋混凝土造,109年3月31日,七層,,
RPPOMLTKKIKGFCB18CC,8,143.93,辦公室〈辦公事務所及工商服務業〉,鋼骨鋼筋混凝土造,107年1月31日,三十五層,,
RPPNMLTKKIKGFGB48CC,6,23.57,停車空間‧消防機房‧台電配電室‧人行道‧梯間,鋼筋混凝土造,109年3月31日,七層,,
RPPOMLTKKIKGFCB18CC,8,50.54,本共有部分係依使用執照之建築物概要表記載項目有：機械室、門廳、外廊、電梯、電扶梯間、梯廳、排煙室、樓梯間、緊急升降機電梯、行動不便電梯、防災中心、水箱、中繼機房、儲藏室、管委會使用空間、電梯機房、水錶室１７項。,鋼骨鋼筋混凝土造,107年1月31日,三十五層,,
RPWOMLTKKIKGFCB88CC,32,48.67,住家用,鋼筋混凝土造,83年3月28日,十三層,,
RPWOMLTKKIKGFCB88CC,32,7.70,共有部分,鋼筋混凝土造,83年3月28日,十三層,,
RPPOMLTKKIKGFCB18CC,8,76.41,本共有部分係依使用執照之建築物概要表記載項目有：停車空間、消房機房、水箱、車道、梯廳、排煙室、樓梯間、緊急升降電梯、行動不便電梯、電信室、機械室、防空避難室兼停車空間、台電配電室、發電機房、電錶區、消防中繼機房、消防中繼水箱、垃圾集中處、緊急升降機電梯等１９項。,鋼骨鋼筋混凝土造,107年1月31日,三十五層,,
RPUOMLTKKIKGFCB68CC,35,132.13,住家用,鋼筋混凝土造,79年11月16日,十二層,,
RPUOMLTKKIKGFCB68CC,35,24.58,共有部分,鋼筋混凝土造,79年11月16日,十二層,,
RPQNMLTKKIKGFGB58CC,1,55.62,集合住宅,鋼筋混凝土造,114年4月17日,十四層,,
RPQNMLTKKIKGFGB58CC,1,26.83,停車空間、水箱、消防機房、梯廳兼排煙室、樓梯間、發電機室、台電受電室、電信室、梯廳、管委會使用空間、門廳、走廊、資源回收室、水錶室、電梯機房等１５項,鋼筋混凝土造,114年4月17日,十四層,,
RPPNMLTKKIKGFHB58CC,3,59.02,集合住宅,鋼筋混凝土造,111年11月17日,十層,,
RPPNMLTKKIKGFHB58CC,3,66.13,本共有部分之項目有排煙室、昇降機間、安全梯、消防機械室、雨／汙水機房、停車空間兼防空避難空間、電信室、水箱、發電機室、台電配電室、停車空間、戶外安全梯、梯廳、車道、管委會空間、梯間、機械室、水錶區等１８項,鋼筋混凝土造,111年11月17日,十層,,
RPQNMLTKKIKGFHB68CC,31,96.37,住家用,鋼筋混凝土造,83年8月24日,十七層,,
RPQNMLTKKIKGFHB68CC,31,36.95,共有部分,鋼筋混凝土造,83年8月24日,十七層,,
RPQNMLTKKIKGFIB78CC,4,39.66,集合住宅,鋼筋混凝土造,110年6月21日,十四層,,
RPQNMLTKKIKGFIB78CC,4,58.76,停車空間、雨水機房、消防機房、水箱、梯廳、排煙室、緊急昇降機、無障礙昇降機、樓梯間、電信機房、發電機房、防空避難室兼停車空間、台電配電場所、垃圾儲存空間、水景／噴灌機房、管委會使用空間、過廊、污水機房、電梯機房及一般昇降機等２０項。,鋼筋混凝土造,110年6月21日,十四層,,
RPPNMLTKKIKGFIB68CC,21,215.04,住家用,鋼筋混凝土造,94年1月13日,四層,,
RPTNMLTKKIKGFIB09CC,21,210.19,住家用,鋼筋混凝土造,94年1月13日,四層,,
RPRNMLTKKIKGFIB88CC,1,79.31,集合住宅,鋼筋混凝土造,113年7月5日,二十四層,,
RPRNMLTKKIKGFIB88CC,1,69.83,本共有部分之項目有：防空避難室兼停車空間、水箱、消防機械室、雨汙水機房、安全梯、排煙室、緊急昇降機、一般昇降機、車道、消防水池、梯間、機械室、停車空間、台電配電室、緊急發電機室、防災中心、電信室、電錶室、消防中繼機房、台電通道、受電室、管委會使用空間、梯廳、門廳、外廊、特別安全梯、資源回收空間、辦公室、緩衝空間、排煙室兼梯廳、一般梯、水錶室、電梯機械室等３３項,鋼筋混凝土造,113年7月5日,二十四層,,
RPVNMLTKKIKGFIB66CC,1,128.63,辦公室（廳）,鋼筋混凝土造,113年12月23日,二十二層,,
RPSNMLTKKIKGFIB98CC,12,19.47,店舖、停車空間、外廊、人行道,鋼筋混凝土造,103年3月17日,十層,,
RPSNMLTKKIKGFIB98CC,12,12.53,共有部分,鋼筋混凝土造,103年3月17日,十層,,
RPVNMLTKKIKGFIB66CC,1,64.19,本共有部分之項目有停車空間、蓄水池、消防機械室、雨污水機械室、樓梯間、電梯間、排煙室、梯廳、機械室、中繼水箱、中繼機械室、電信室、台電配電室、電錶室、發電機室等１５項。,鋼筋混凝土造,113年12月23日,二十二層,,
RPVNMLTKKIKGFIB66CC,1,50.00,本共有部分之項目有環保室、管理委員會使用空間、管理員室、樓梯間、電梯間、梯廳、排煙室、外廊、中繼機房、機械室、蓄水池等１１項。,鋼筋混凝土造,113年12月23日,二十二層,,
RPUNMLTKKIKGFIB56CC,12,18.65,集合住宅、機電設備空間,鋼筋混凝土造,103年3月17日,十層,,
RPUNMLTKKIKGFIB56CC,12,10.88,共有部分,鋼筋混凝土造,103年3月17日,十層,,
RPWNMLTKKIKGFIB76CC,12,18.53,集合住宅、機電設備空間,鋼筋混凝土造,103年3月17日,十層,,
RPROMLTKKIKGFIB98CC,12,18.37,集合住宅、機電設備空間,鋼筋混凝土造,103年3月17日,十層,,
RPWNMLTKKIKGFIB76CC,12,10.88,共有部分,鋼筋混凝土造,103年3月17日,十層,,
RPQOMLTKKIKGFIB88CC,12,18.33,集合住宅,鋼筋混凝土造,103年3月17日,十層,,
RPROMLTKKIKGFIB98CC,12,10.88,共有部分,鋼筋混凝土造,103年3月17日,十層,,
RPQOMLTKKIKGFIB88CC,12,10.88,共有部分,鋼筋混凝土造,103年3月17日,十層,,
RPOOMLTKKIKGFIB68CC,12,18.03,集合住宅、機電設備空間,鋼筋混凝土造,103年3月17日,十層,,
RPOOMLTKKIKGFIB68CC,12,12.01,共有部分,鋼筋混凝土造,103年3月17日,十層,,
RPPOMLTKKIKGFIB78CC,5,56.06,集合住宅,鋼筋混凝土造,109年7月13日,十五層,,
RPPOMLTKKIKGFIB78CC,5,55.92,本共有部分之項目有停車空間、排煙室、樓梯間、昇降機間、梯廳、消防機房、汙水機房、水箱、機房、防空避難室兼停車空間、水錶箱室、緊急發電機室、台電配電室、電信室、門廳、管委會空間、車道、梯間、電梯機房、垃圾集中室、廣場式開放空間（頂蓋型）、公共使用空間等２２項。,鋼筋混凝土造,109年7月13日,十五層,,
RPXNMLTKKIKGFIB86CC,31,76.09,集合住宅,鋼筋混凝土造,83年11月8日,十二層,,
RPUOMLTKKIKGFIB66CC,30,70.89,集合住宅,鋼筋混凝土造,84年10月27日,十層,,
RPXNMLTKKIKGFIB86CC,31,25.15,共有部份,鋼筋混凝土造,83年11月8日,十二層,,
RPUOMLTKKIKGFIB66CC,30,25.10,共有部份,鋼筋混凝土造,84年10月27日,十層,,
RPVOMLTKKIKGFIB76CC,12,18.37,集合住宅、機電設備空間,鋼筋混凝土造,103年3月17日,十層,,
RPVOMLTKKIKGFIB76CC,12,10.88,共有部分,鋼筋混凝土造,103年3月17日,十層,,
RPTOMLTKKIKGFIB56CC,12,18.56,集合住宅,鋼筋混凝土造,103年3月17日,十層,,
RPTOMLTKKIKGFIB56CC,12,10.79,共有部分,鋼筋混凝土造,103年3月17日,十層,,
RPWOMLTKKIKGFIB86CC,12,19.44,店舖、停車空間、外廊、人行道,鋼筋混凝土造,103年3月17日,十層,,
RPWOMLTKKIKGFIB86CC,12,12.53,共有部分,鋼筋混凝土造,103年3月17日,十層,,
RPSOMLTKKIKGFIB09CC,33,68.13,集合住宅,鋼筋混凝土造,81年8月29日,五層,,
RPXOMLTKKIKGFIB96CC,12,18.33,集合住宅、機電設備空間,鋼筋混凝土造,103年3月17日,十層,,
RPSOMLTKKIKGFIB09CC,33,16.55,共有部份,鋼筋混凝土造,81年8月29日,五層,,
RPXOMLTKKIKGFIB96CC,12,10.88,共有部分,鋼筋混凝土造,103年3月17日,十層,,
RPOPMLTKKIKGFIB78CC,12,18.37,集合住宅、機電設備空間,鋼筋混凝土造,103年3月17日,十層,,
RPOPMLTKKIKGFIB78CC,12,10.88,共有部分,鋼筋混凝土造,103年3月17日,十層,,
RPPPMLTKKIKGFIB88CC,12,18.33,集合住宅、機電設備空間,鋼筋混凝土造,103年3月17日,十層,,
RPPPMLTKKIKGFIB88CC,12,10.88,共有部分,鋼筋混凝土造,103年3月17日,十層,,
RPQPMLTKKIKGFIB98CC,28,118.57,集合住宅,鋼筋混凝土造,86年9月23日,十二層,,
RPQPMLTKKIKGFIB98CC,28,52.58,人行道．防空避難室．水箱．梯間．機械室．停車場,鋼筋混凝土造,86年9月23日,十二層,,
RPSPMLTKKIKGFIB56CC,32,90.47,集合住宅,鋼筋混凝土造,82年12月2日,七層,,
RPSPMLTKKIKGFIB56CC,32,35.84,共有部份,鋼筋混凝土造,82年12月2日,七層,,
RPTPMLTKKIKGFIB66CC,31,75.84,集合住宅,鋼筋混凝土造,83年11月8日,十二層,,
RPUPMLTKKIKGFIB76CC,10,15.08,集合住宅,鋼筋混凝土造,105年1月27日,九層,,
RPTPMLTKKIKGFIB66CC,31,25.97,共有部份,鋼筋混凝土造,83年11月8日,十二層,,
RPRPMLTKKIKGFIB09CC,6,53.21,集合住宅,鋼筋混凝土造,109年3月31日,十五層,,
RPUPMLTKKIKGFIB76CC,10,16.44,本共有部分之項目有防空避難室兼停車空間、停車空間（汽車升降機械道）、電信室、水箱、甲、乙安全梯、電梯梯廳、台電配電室、牌樓、消防機房兼發電機室、人行道、管委會空間、停車空間（含車道、汽車升降機）、走廊、樓梯間等１４項,鋼筋混凝土造,105年1月27日,九層,,
RPUPMLTKKIKGFIB76CC,10,4.68,公共設施（設備空間）,鋼筋混凝土造,105年1月27日,九層,,
RPRPMLTKKIKGFIB09CC,6,27.00,本共有部分之項目有梯間、樓梯間、機電空間、水箱、停車空間、管委會空間、防空避難室、門廳、梯廳等９項。,鋼筋混凝土造,109年3月31日,十五層,,
RPWPMLTKKIKGFIB96CC,10,16.92,集合住宅,鋼筋混凝土造,105年1月27日,九層,,
RPWPMLTKKIKGFIB96CC,10,15.22,本共有部分之項目有防空避難室兼停車空間、停車空間（汽車升降機械道）、電信室、水箱、甲、乙安全梯、電梯梯廳、台電配電室、牌樓、消防機房兼發電機室、人行道、管委會空間、停車空間（含車道、汽車升降機）、走廊、樓梯間等１４項,鋼筋混凝土造,105年1月27日,九層,,
RPVPMLTKKIKGFIB86CC,10,21.69,店舖、住宅、人行道、樓梯間,鋼筋混凝土造,105年1月27日,三層,,
RPQQMLTKKIKGFIB09CC,32,99.40,集合住宅,鋼筋混凝土造,82年8月16日,十二層,,
RPQQMLTKKIKGFIB09CC,32,15.67,共有部分,鋼筋混凝土造,82年8月16日,十二層,,
RPQNMLTKKIKGFJB88CC,17,9.20,辦公室,鋼筋混凝土造,97年7月7日,四層,,
RPQNMLTKKIKGFJB88CC,17,5.33,緊急發電機、台電受電室、機械室、人行道、梯間、消防幫泵室、水箱,鋼筋混凝土造,97年7月7日,四層,,
RPRNMLTKKIKGFJB98CC,47,86.10,住家用,鋼筋混凝土造,68年4月20日,三層,,
RPXPMLTKKIKGFIB07CC,44,86.14,住商用,加強磚造,70年12月20日,二層,,
RPPNMLTKKIKGFJB78CC,17,8.16,辦公室,鋼筋混凝土造,97年7月7日,四層,,
RPPNMLTKKIKGFJB78CC,17,4.72,緊急發電機、台電受電室、機械室、人行道、梯間、消防幫泵室、水箱,鋼筋混凝土造,97年7月7日,四層,,
RPTNMLTKKIKGFJB56CC,26,13.15,集合住宅,鋼筋混凝土造,88年9月9日,十層,,
RPSNMLTKKIKGFJB09CC,1,55.20,集合住宅,鋼筋混凝土造,114年3月21日,十五層,,
RPTNMLTKKIKGFJB56CC,26,7.21,防空避難室兼停車空間、梯間、機械室、水箱,鋼筋混凝土造,88年9月9日,十層,,
RPSNMLTKKIKGFJB09CC,1,29.52,本共有部分之項目有：停車空間、消防機房、汙水機房、雨水回收機房、水箱、梯廳、一般安全梯、一般升降機兼行動不便者、緊急升降機、儲藏室、機房、防空避難室兼停車空間、發電機室、台電配電場所、電信室、外廊、排煙室、公共服務空間、汙物處理區、宅配室、戶外安全梯、管理室、機械室等２３項,鋼筋混凝土造,114年3月21日,十五層,,
RPQNMLTKKIKGFKB98CC,33,14.54,住家用,鋼筋混凝土造,82年4月25日,六層,,
RPQNMLTKKIKGFKB98CC,33,4.79,住家用,鋼筋混凝土造,82年4月25日,六層,,
RPQNMLTKKIKGFKB98CC,33,6.25,住家用,鋼筋混凝土造,82年4月25日,六層,,
RPPNMLKLKIKGFBB17CC,27,224.55,住家用,鋼筋混凝土造,88年4月15日,四層,,
RPPNMLKLKIKGFKB08CC,38,9.92,住家用,鋼筋混凝土造,76年12月12日,五層,,
RPPNMLKLKIKGFBB17CC,27,.00,共有部份,鋼筋混凝土造,88年4月15日,四層,,
RPPNMLKLKIKGFBB17CC,27,73.63,共有部份,鋼筋混凝土造,88年4月15日,四層,,
RPPNMLTKKIKGFKB88CC,5,15.77,集合住宅,鋼筋混凝土造,109年11月11日,七層,,
RPPNMLKLKIKGFCB27CC,46,18.00,住家用,加強磚造,68年11月24日,二層,,
RPPNMLTKKIKGFKB88CC,5,15.69,本共有部分之項目有：防空避難室兼停車空間、緊急發電機室、電信室、消防機房、蓄水池、停車空間、管委會使用空間、梯廳、樓梯間、水箱、機械室等十一項。,鋼筋混凝土造,109年11月11日,七層,,
RPSNMLTKKIKGFKB56CC,7,145.56,住宅、停車空間、樓梯間,鋼筋混凝土造,107年12月11日,三層,,
RPPNMLKLKIKGFAB07CC,31,19.09,住家用,鋼筋混凝土造,84年1月13日,十九層,,
RPPNMLKLKIKGFAB07CC,31,3.14,共有部分,鋼筋混凝土造,84年1月13日,十九層,,
RPPNMLKLKIKGFAB07CC,31,6.87,梯間．水箱．機械室,鋼筋混凝土造,84年1月13日,十九層,,
RPPNMLLLKIKGFAB17CC,42,96.33,集合住宅,鋼筋混凝土造,72年11月30日,五層,,
RPPNMLLLKIKGFDB47CC,9,23.08,住家用,鋼筋混凝土造,105年7月19日,五層,,
RPQNMLLLKIKGFAB27CC,33,104.99,集合住宅,鋼筋混凝土造,82年3月31日,十三層,,
RPQNMLLLKIKGFAB27CC,33,7.24,人行道，梯間，機房，水箱，受電室，消防水箱，機械室，清水池,鋼筋混凝土造,82年3月31日,十三層,,
RPTNMLMLKIKGFAB67CC,59,93.74,住家用,見其他登記事項,56年1月12日,二層,,
RPPNMLMLKIKGFAB27CC,27,108.14,集合住宅,鋼筋混凝土造,88年5月19日,十六層,,
RPPNMLMLKIKGFAB27CC,27,53.95,共有部份,鋼筋混凝土造,88年5月19日,十六層,,
RPVNMLMLKIKGFAB87CC,45,25.28,住家用,鋼筋混凝土造,69年10月13日,七層,,
RPSNMLMLKIKGFAB57CC,36,18.29,住家用,鋼筋混凝土造,79年2月23日,五層,,
RPQNMLMLKIKGFAB37CC,28,88.48,住家用,鋼筋混凝土造,87年4月21日,八層,,
RPQNMLMLKIKGFAB37CC,28,32.77,共有部份,鋼筋混凝土造,87年4月21日,八層,,
RPUNMLMLKIKGFAB77CC,30,23.67,集合住宅,鋼骨鋼筋混凝土造,85年5月20日,十九層,,
RPUNMLMLKIKGFAB77CC,30,4.39,共同使用,鋼骨鋼筋混凝土造,85年5月20日,十九層,,
RPUNMLMLKIKGFAB77CC,30,6.02,共同使用,鋼骨鋼筋混凝土造,85年5月20日,十九層,,
RPPOMLMLKIKGFAB37CC,30,127.75,集合住宅,鋼筋混凝土造,85年3月12日,二十層,,
RPPOMLMLKIKGFAB37CC,30,67.49,停車空間，防空避難室，人行道，門廳，社區圖書室，樓梯間，機械室，水箱,鋼筋混凝土造,85年3月12日,二十層,,
RPRNMLMLKIKGFAB47CC,44,41.25,集合住宅,鋼筋混凝土造,70年8月5日,五層,,
RPQOMLMLKIKGFAB47CC,18,125.94,集合住宅,鋼筋混凝土造,97年1月21日,二十二層,,
RPQOMLMLKIKGFAB47CC,18,62.26,共用,鋼筋混凝土造,97年1月21日,二十二層,,
RPQOMLMLKIKGFAB47CC,18,6.43,共用,鋼筋混凝土造,97年1月21日,二十二層,,
RPQOMLMLKIKGFAB47CC,18,18.74,共用,鋼筋混凝土造,97年1月21日,二十二層,,
RPQNMLMLKIKGFBB47CC,25,207.39,住宅．梯間．停車空間,鋼筋混凝土造,90年3月5日,五層,,
RPPNMLMLKIKGFBB37CC,36,209.89,住家用,鋼筋混凝土造,78年6月27日,四層,,
RPQNMLMLKIKGFBB47CC,25,15.76,共有部份,鋼筋混凝土造,90年3月5日,五層,,
RPSNMLMLKIKGFBB67CC,3,74.52,集合住宅,鋼筋混凝土造,112年2月23日,十八層,,
RPSNMLMLKIKGFBB67CC,3,26.88,本共有部分係依使用執照之建築概要表記載項目有：管理員室、管委會使用空間、排煙室、樓梯間、梯廳、儲藏空間、宅配空間、機房、噴灌機房、水錶區、水錶室、消防中繼機房、水箱、電梯機房、消防中繼水箱等１５項,鋼筋混凝土造,112年2月23日,十八層,,
RPSNMLMLKIKGFBB67CC,3,42.76,本共有部分係依使用執照之建築概要表記載項目有：防空避難室兼停車空間、機車停車空間、梯間、排煙室、梯廳、機房、台電配電室、防災中心、電信室、電表室、資源回收室、澆灌機房、發電機房、水箱、公共水箱、水池機房、停車空間、消防機械室、消防中繼機房、污水雨水機房等二十項,鋼筋混凝土造,112年2月23日,十八層,,
RPUNMLMLKIKGFBB87CC,37,22.50,住家用,鋼筋混凝土造,78年3月4日,五層,,
RPUNMLMLKIKGFBB87CC,37,6.52,共有部份,鋼筋混凝土造,78年3月4日,五層,,
RPWNMLMLKIKGFBB08CC,12,16.76,店舖、住宅、樓梯間、停車空間、人行道,鋼筋混凝土造,103年1月10日,五層,,
RPXNMLMLKIKGFBB18CC,27,88.18,住家用,鋼筋混凝土造,88年6月16日,二十層,,
RPXNMLMLKIKGFBB18CC,27,46.28,共有部份,鋼筋混凝土造,88年6月16日,二十層,,
RPXNMLMLKIKGFBB18CC,27,2.17,共有部份,鋼筋混凝土造,88年6月16日,二十層,,
RPXNMLMLKIKGFBB18CC,27,20.20,共有部份,鋼筋混凝土造,88年6月16日,二十層,,
RPTNMLMLKIKGFBB77CC,27,85.31,集合住宅,鋼筋混凝土造,87年12月28日,十六層,,
RPTNMLMLKIKGFBB77CC,27,27.38,共有部份,鋼筋混凝土造,87年12月28日,十六層,,
RPTNMLMLKIKGFBB77CC,27,.00,共有部份,鋼筋混凝土造,87年12月28日,十六層,,
RPQOMLMLKIKGFBB57CC,9,48.64,集合住宅,鋼筋混凝土造,106年4月20日,二十八層,,
RPQOMLMLKIKGFBB57CC,9,16.95,本共有部分係依使用執照之建築概要表記載項目有：管委會使用空間、梯廳、排煙室、特別安全梯、電機室、梯間、機房、中繼機房、水箱、電梯機房等１０項,鋼筋混凝土造,106年4月20日,二十八層,,
RPQOMLMLKIKGFBB57CC,9,46.63,本共有部分係依使用執照之建築概要表記載項目有：停車空間、水箱室、消防機械室、排煙室、梯廳、地下室排氣機房、安全梯、機電設備空間、電信室、防空避難室兼停車空間、台電配電室、中繼機房、發電機室、防災中心、梯間等１５項,鋼筋混凝土造,106年4月20日,二十八層,,
RPPOMLMLKIKGFBB47CC,32,39.14,住家用,鋼筋混凝土造,83年4月19日,八層,,
RPPOMLMLKIKGFBB47CC,32,14.76,共有部份,鋼筋混凝土造,83年4月19日,八層,,
RPOOMLMLKIKGFBB37CC,24,82.36,住家用,鋼筋混凝土造,90年8月2日,八層,,
RPOOMLMLKIKGFBB37CC,24,46.16,共有部份,鋼筋混凝土造,90年8月2日,八層,,
RPOOMLMLKIKGFBB37CC,24,7.45,共有部份,鋼筋混凝土造,90年8月2日,八層,,
RPUOMLMLKIKGFAB87CC,36,127.57,住家用,鋼筋混凝土造,78年12月19日,七層,,
RPUOMLMLKIKGFAB87CC,36,35.77,共有部份,鋼筋混凝土造,78年12月19日,七層,,
RPWOMLMLKIKGFAB08CC,46,21.57,住商用,加強磚造,69年2月28日,二層,,
RPROMLMLKIKGFBB67CC,30,21.67,住家用,鋼筋混凝土造,85年6月1日,十三層,,
RPROMLMLKIKGFBB67CC,30,8.76,共有部分,鋼筋混凝土造,85年6月1日,十三層,,
RPROMLMLKIKGFAB57CC,1,62.34,集合住宅,鋼筋混凝土造,114年5月21日,二十八層,,
RPTOMLMLKIKGFAB77CC,42,74.84,集合住宅,鋼筋混凝土造,73年4月23日,七層,,
RPSOMLMLKIKGFBB77CC,28,21.28,住家用,鋼筋混凝土造,86年8月21日,十四層,,
RPROMLMLKIKGFAB57CC,1,40.26,本共有部分係依使用執照之建築概要表記載項目有：防空避難室兼停車空間、排煙室、昇降機道、安全梯間、雨水機房、消防機房、揚水泵機房、水箱、電氣室、機房、停車空間、消防中繼機房、電信室、發電機房、台電配電室、水池機房、台電專用管道間等１７項。,鋼筋混凝土造,114年5月21日,二十八層,,
RPSOMLMLKIKGFBB77CC,28,4.30,共有部分,鋼筋混凝土造,86年8月21日,十四層,,
RPROMLMLKIKGFAB57CC,1,4.37,本共有部分係依使用執照之建築概要表記載項目有：梯廳、安全梯間、排煙室、走廊、昇降機道、特別安全梯、機車停車區、車道、泳池機房、管委會使用空間、防災中心、垃圾暫存室、機電設備空間、游泳池、門廳等１５項。,鋼筋混凝土造,114年5月21日,二十八層,,
RPUNMLTKKIKGFJB66CC,3,57.58,集合住宅,鋼筋混凝土造,112年5月22日,十四層,,
RPUNMLTKKIKGFJB66CC,3,58.82,防空避難室兼停車空間、樓電梯間、消防設備機房、水箱、停車空間、台電配電室、水景機房、電信室、發電機械室、公共服務空間、管委會空間、汽機車道、陽台、梯廳、機械室、樓梯間、水錶室、電梯間、機房、雨水機房、污水機房。,鋼筋混凝土造,112年5月22日,十四層,,
RPSOMLMLKIKGFBB77CC,28,7.04,共有部分,鋼筋混凝土造,86年8月21日,十四層,,
RPSOMLMLKIKGFBB77CC,28,.00,共有部分,鋼筋混凝土造,86年8月21日,十四層,,
RPSOMLMLKIKGFBB77CC,28,.00,停車空間,鋼筋混凝土造,86年8月21日,十四層,,
RPROMLMLKIKGFAB57CC,1,19.28,本共有部分係依使用執照之建築概要表記載項目有：梯廳、走廊、昇降機道、排煙室、特別安全梯、機電設備空間、機械室、樓梯間、水錶室、消防中繼機房、水箱等１１項。,鋼筋混凝土造,114年5月21日,二十八層,,
RPPNMLLLKIKGFJB08CC,11,169.58,住宅、停車空間,鋼筋混凝土造,104年5月20日,四層,,
RPVNMLTKKIKGFJB76CC,4,53.75,集合住宅,鋼筋混凝土造,111年5月30日,十五層,,
RPPNMLLLKIKGFJB08CC,11,.30,電信室,鋼筋混凝土造,104年5月20日,一層,,
RPVNMLTKKIKGFJB76CC,4,56.48,防空避難室兼停車空間、排煙室、樓梯間、一般昇降機、緊急昇降機、消防機房、污水處理機房、機房、水箱、停車空間、緊急發電機室、台電配電室、電信室、機車停車區、浴廁、無障礙廁所、梯廳、公共服務空間、管委會空間、門廳、走廊、垃圾集中室、梯間、水錶箱室、電梯機房等２５項。,鋼筋混凝土造,111年5月30日,十五層,,
RPUOMLMLKIKGFBB97CC,43,93.95,住家用,鋼筋混凝土造,71年12月29日,五層,,
RPVOMLMLKIKGFBB08CC,54,91.00,住家用,鋼筋混凝土加強磚造,60年9月4日,二層,,
RPTOMLMLKIKGFBB87CC,4,94.08,集合住宅,鋼筋混凝土造,111年5月18日,十二層,,
RPTOMLMLKIKGFBB87CC,4,83.67,本共有部分係依使用執照之建築概要表記載項目有：停車空間，消防機房，污水機房，水箱，機械室，梯廳，樓梯間，電梯間，車道，防空避難室兼停車空間，台電配電室，發電機房，電信室，電錶室，外廊，垃圾集中室，管委會使用空間，門廳，電梯機房，水錶室等２０項。,鋼筋混凝土造,111年5月18日,十二層,,
RPRNMLMLKIKGFCB67CC,32,32.49,住家用,鋼筋混凝土造,83年3月18日,七層,,
RPRNMLMLKIKGFCB67CC,32,16.19,共有部分,鋼筋混凝土造,83年3月18日,七層,,
RPPNMLMLKIKGFCB47CC,35,25.12,住家用,鋼筋混凝土造,79年9月8日,八層,,
RPQNMLMLKIKGFCB57CC,31,13.93,住家用,鋼筋混凝土造,83年9月8日,十三層,,
RPPNMLMLKIKGFCB47CC,35,8.74,共有部份,鋼筋混凝土造,79年9月8日,八層,,
RPQNMLMLKIKGFCB57CC,31,7.68,共有部份,鋼筋混凝土造,83年9月8日,十三層,,
RPPPMLMLKIKGFBB57CC,2,55.69,集合住宅,鋼筋混凝土造,112年9月7日,十九層,,
RPPPMLMLKIKGFBB57CC,2,57.79,本共有部分係依使用執照之建築概要表記載項目有：防空避難室兼停車空間，一般安全梯，排煙室，梯廳，水箱，消防機房，污水機房，雨水機房，一般升降機，緊急升降機，停車空間，景觀機房，台電配電室，電信機房，電表區，緊急發電機室，中繼水箱，中繼機房，防災中心，受電箱區，管委會使用空間，特別安全梯，車道，集中式垃圾貯存空間，機械室，梯間，樓梯間等２７項。,鋼筋混凝土造,112年9月7日,十九層,,
RPWOMLMLKIKGFBB18CC,42,83.23,住家用,鋼筋混凝土造,73年3月1日,五層,,
RPOPMLMLKIKGFBB47CC,7,28.36,本共有部分係依使用執照之建築概要表記載項目有：停車空間，一般安全梯，排煙室，緊急用昇降機，消防機房，污水機房，昇降機，水箱，機房，電信機房，防空避難室兼停車空間，台電配電室，緊急發電機室，戶外安全梯，管理員室，管委會使用空間，環保資源室，梯廳，梯間，機械室，水錶室等２１項,鋼筋混凝土造,107年11月30日,十五層,,
RPTNMLMLKIKGFCB87CC,8,33.06,集合住宅,鋼筋混凝土造、鋼骨造,107年2月14日,九層,,
RPQPMLMLKIKGFBB67CC,4,23.14,住宅、停車空間、樓梯間,鋼筋混凝土造,110年10月8日,五層,,
RPSNMLMLKIKGFCB77CC,1,56.93,集合住宅,鋼筋混凝土造,113年7月4日,二十四層,,
RPSNMLMLKIKGFCB77CC,1,58.22,本共有部分係依使用執照之建築概要表記載項目有：防空避難室兼停車空間、排煙室、樓梯間、一般昇降機、緊急昇降機、污水機房、消防機房、水箱、車道、停車空間、緊急發電機室、防災中心、台電配電室、消防中繼機房、電信機房、機房、機車停車區、梯廳、梯間、廁所、電梯機房、垃圾集中室、公共服務空間、無障礙廁所等二十四項。,鋼筋混凝土造,113年7月4日,二十四層,,
RPVNMLMLKIKGFCB08CC,13,105.95,住家用,鋼筋混凝土造,101年11月27日,十五層,,
RPUNMLMLKIKGFCB97CC,35,26.58,住家用,鋼筋混凝土造,80年4月25日,七層,,
RPWNMLMLKIKGFCB18CC,8,33.06,集合住宅,鋼筋混凝土造、鋼骨造,107年2月14日,九層,,
RPVNMLMLKIKGFCB08CC,13,27.21,本共有部分係依使用執照之建築概要表記載項目有人行道、門廊、公共服務空間、車道、資源回收室、梯廳、梯間、排煙室、管道間、昇降機、門廳、機械室、水箱等十三項。,鋼筋混凝土造,101年11月27日,十五層,,
RPUNMLMLKIKGFCB97CC,35,11.88,共有部份,鋼筋混凝土造,80年4月25日,七層,,
RPVNMLMLKIKGFCB08CC,13,52.05,本共有部分係依使用執照之建築概要表記載項目有機械室、水箱、停車空間、梯間、排煙室、管道間、昇降機機房、台電配電室、防空避難室兼停車空間、發電機房、電信機房等十二項。,鋼筋混凝土造,101年11月27日,十五層,,
RPSOMLMLKIKGFCB87CC,31,85.47,住家用,鋼筋混凝土造,84年1月10日,十四層,,
RPSOMLMLKIKGFCB87CC,31,30.30,共有部份,鋼筋混凝土造,84年1月10日,十四層,,
RPUOMLMLKIKGFCB08CC,53,108.68,住家用,加強磚造,61年12月10日,二層,,
RPPNMLMLKIKGFDB57CC,2,31.63,集合住宅,鋼筋混凝土造,113年1月4日,七層,,
RPPPMLMLKIKGFCB67CC,31,35.89,住家用,鋼筋混凝土造,84年2月20日,十三層,,
RPPNMLMLKIKGFDB57CC,2,29.04,本共有部分之項目有人行道、消防機房、機車停車、電信室、停車空間、梯間、電機機房等７項,鋼筋混凝土造,113年1月4日,七層,,
RPPPMLMLKIKGFCB67CC,31,7.62,共有部份,鋼筋混凝土造,84年2月20日,十三層,,
RPQOMLMLKIKGFCB67CC,8,24.80,集合住宅,鋼筋混凝土造、鋼骨造,107年2月14日,九層,,
RPPPMLMLKIKGFCB67CC,31,10.31,共同使用,鋼筋混凝土造,84年2月20日,十三層,,
RPRPMLMLKIKGFCB87CC,17,80.35,住家用,鋼筋混凝土造,97年7月11日,十二層,,
RPRPMLMLKIKGFCB87CC,17,59.66,共用,鋼筋混凝土造,97年7月11日,十二層,,
RPTOMLMLKIKGFCB97CC,30,89.69,住家用,鋼筋混凝土造,85年3月2日,十四層,,
RPTOMLMLKIKGFCB97CC,30,35.56,共有部份,鋼筋混凝土造,85年3月2日,十四層,,
RPPNMLMLKIKGFFB77CC,1,81.53,集合住宅,鋼筋混凝土造,113年12月28日,十五層,,
RPPNMLMLKIKGFFB77CC,1,69.00,消防機房、雨水機房、汙水機房、水景機房、停車空間、車道、樓梯間、昇降機間、水箱、防空避難室兼停車空間、台電配電室、發電機房、電信機房、人行道、社區公共設施空間、資源回收室、梯廳、排煙室、管理委員會使用空間、門廳、機械室、水錶室等２２項。,鋼筋混凝土造,113年12月28日,十五層,,
RPOPMLMLKIKGFCB57CC,31,16.00,住商用,鋼筋混凝土造,83年8月23日,六層,,
RPXNMLMLKIKGFCB28CC,8,24.80,集合住宅,鋼筋混凝土造、鋼骨造,107年2月14日,九層,,
RPPOMLMLKIKGFCB57CC,8,33.06,集合住宅,鋼筋混凝土造、鋼骨造,107年2月14日,九層,,
RPQPMLMLKIKGFCB77CC,31,79.99,住家用,鋼筋混凝土造,83年11月8日,十四層,,
RPXOMLMLKIKGFCB38CC,32,17.10,住家用,鋼筋混凝土造,83年1月20日,七層,,
RPQPMLMLKIKGFCB77CC,31,21.76,共有部份,鋼筋混凝土造,83年11月8日,十四層,,
RPXOMLMLKIKGFCB38CC,32,20.00,共有部份,鋼筋混凝土造,83年1月20日,七層,,
RPVOMLMLKIKGFCB18CC,34,129.02,辦公室,鋼骨造,80年11月25日,十二層,,
RPVOMLMLKIKGFCB18CC,34,13.96,共有部份,鋼骨造,80年11月25日,十二層,,
RPVOMLMLKIKGFCB18CC,34,32.89,停車空間、避難室,鋼骨造,80年11月25日,十二層,,
RPOOMLMLKIKGFCB47CC,8,24.80,集合住宅,鋼筋混凝土造、鋼骨造,107年2月14日,九層,,
RPWOMLMLKIKGFCB28CC,33,252.69,辦公室,鋼骨造,81年7月1日,二十八層,,
RPWOMLMLKIKGFCB28CC,33,102.83,共有部份,鋼骨造,81年7月1日,二十八層,,
RPQNMLMLKIKGFFB87CC,2,52.56,集合住宅,鋼筋混凝土造,113年5月7日,五層,,
RPQNMLMLKIKGFFB87CC,2,24.11,樓梯、樓梯間、安全梯間、門廳、停車空間、電梯間、機械室,鋼筋混凝土造,113年5月7日,五層,,
RPSNMLMLKIKGFDB87CC,50,56.16,商業用,加強磚造,65年2月20日,二層,,
RPQNMLMLKIKGFDB67CC,24,76.54,店舖、人行道,鋼骨鋼筋混凝土造,90年10月17日,十四層,,
RPRNMLMLKIKGFDB77CC,32,39.21,住家用,鋼筋混凝土造,82年6月25日,五層,,
RPRNMLMLKIKGFDB77CC,32,12.78,共有部份,鋼筋混凝土造,82年6月25日,五層,,
RPUNMLMLKIKGFFB28CC,5,63.08,集合住宅,鋼筋混凝土造,109年10月14日,十五層,,
RPUNMLMLKIKGFFB28CC,5,61.42,停車空間、樓梯間、昇降機間、排煙室、消防機房、污水處理機房、水箱、機車停車區、防空避難室兼停車空間、機房、台電配電室、緊急發電機室、電信室、水錶箱室、垃圾集中室、門廳、梯廳、梯間、電梯機房、車道、管委會空間（儲藏室）、管委會空間（會議室）等２２項,鋼筋混凝土造,109年10月14日,十五層,,
RPQNMLMLKIKGFDB67CC,24,43.11,共有部分,鋼骨鋼筋混凝土造,90年10月17日,十四層,,
RPQNMLMLKIKGFDB67CC,24,75.40,店舖、人行道,鋼骨鋼筋混凝土造,90年10月17日,十四層,,
RPQNMLMLKIKGFDB67CC,24,25.46,共有部分,鋼骨鋼筋混凝土造,90年10月17日,十四層,,
RPSNMLMLKIKGFFB08CC,1,61.77,集合住宅,鋼筋混凝土造,114年1月6日,七層,,
RPSNMLMLKIKGFFB08CC,1,53.06,防空避難室兼停車空間、安全梯、梯廳、昇降機、消防機房兼發電機室、水箱、台電配電室、停車空間、管委會空間、電力間、機房、水塔間等１２項。,鋼筋混凝土造,114年1月6日,七層,,
RPWNMLMLKIKGFFB48CC,5,63.08,集合住宅,鋼筋混凝土造,109年10月14日,十五層,,
RPVNMLMLKIKGFFB38CC,18,96.24,住家用,鋼筋混凝土造,97年3月25日,八層,,
RPPOMLMLKIKGFFB87CC,45,68.67,住家用,鋼筋混凝土造,70年1月23日,五層,,
RPWNMLMLKIKGFFB48CC,5,61.42,停車空間、樓梯間、昇降機間、排煙室、消防機房、污水處理機房、水箱、機車停車區、防空避難室兼停車空間、機房、台電配電室、緊急發電機室、電信室、水錶箱室、垃圾集中室、門廳、梯廳、梯間、電梯機房、車道、管委會空間（儲藏室）、管委會空間（會議室）等２２項,鋼筋混凝土造,109年10月14日,十五層,,
RPVNMLMLKIKGFFB38CC,18,65.45,防空避難室兼停車空間、台電受電室、管理中心、發電機室、電信室、消防機械室、機械室、梯間、水箱,鋼筋混凝土造,97年3月25日,九層,,
RPSNMLMLKIKGFHB28CC,45,71.75,住家用,鋼筋混凝土造,69年10月9日,五層,,
RPPOMLMLKIKGFFB87CC,45,6.84,梯間,鋼筋混凝土造,70年1月23日,五層,,
RPQNMLMLKIKGFHB08CC,2,53.41,集合住宅,鋼筋混凝土造,113年1月26日,十二層,,
RPQNMLMLKIKGFHB08CC,2,13.57,本共有部分之項目有停車空間、消防機房、發電機室、梯間、水箱、室內安全梯、無障礙樓梯、一般昇降機、行動不便電梯、車道、防空避難室兼停車空間、電信室、台電配電室、電錶室、管理委員會使用空間、梯廳、無障礙廁所、戶外安全梯、水錶區、機房等２０項,鋼筋混凝土造,113年1月26日,十二層,,
RPQNMLMLKIKGFHB08CC,2,13.56,本共有部分之項目有戶外安全梯、無障礙樓梯、一般昇降機、行動不便電梯、梯廳等５項,鋼筋混凝土造,113年1月26日,十二層,,
RPRNMLMLKIKGFIB28CC,45,99.04,住商用,加強磚造,69年11月20日,二層,,
RPXNMLMLKIKGFFB58CC,1,78.60,集合住宅,鋼筋混凝土造,113年10月11日,二十二層,,
RPXNMLMLKIKGFFB58CC,1,39.55,防空避難室兼停車空間、排煙室、樓梯間、一般昇降機、緊急昇降機、消防機房、污水機房、雨水機房、Ａ梯水箱、Ｂ梯水箱、車道、梯廳、停車空間、機房、台電配電室、電信室、緊急發電機室、消防中繼機房、防災中心、管委會使用空間、外廊、資源回收室、門廳兼梯廳、無障礙廁所、機車停車區、水錶箱室、梯間、水箱、電梯機房等２９項。,鋼筋混凝土造,113年10月11日,二十二層,,
RPUNMLMLKIKGFIB58CC,30,54.86,集合住宅,鋼筋混凝土造,85年1月19日,十四層,,
RPTNMLMLKIKGFIB48CC,26,28.52,集合住宅,鋼筋混凝土造,88年9月10日,五層,,
RPUNMLMLKIKGFIB58CC,30,19.07,共有部份,鋼筋混凝土造,85年1月19日,十四層,,
RPTNMLMLKIKGFIB48CC,26,15.76,防空避難室．機械室．水箱．店舖．台電配電室．梯間．門廳．管理中心．會客室,鋼筋混凝土造,88年9月10日,五層,,
RPROMLMLKIKGFFB08CC,2,52.56,集合住宅,鋼筋混凝土造,113年5月7日,五層,,
RPROMLMLKIKGFFB08CC,2,24.11,樓梯、樓梯間、安全梯間、門廳、停車空間、電梯間、機械室,鋼筋混凝土造,113年5月7日,五層,,
RPQOMLMLKIKGFFB97CC,2,80.61,集合住宅,鋼筋混凝土造,112年11月4日,十五層,,
RPPNMLMLKIKGFIB08CC,17,21.80,集合住宅,ＲＣ造、鋼骨造,98年1月20日,十三層,,
RPSNMLMLKIKGFIB38CC,26,25.48,集合住宅,鋼筋混凝土造,88年9月10日,五層,,
RPSNMLMLKIKGFIB38CC,26,14.27,防空避難室．機械室．水箱．店舖．台電配電室．梯間．門廳．管理中心．會客室,鋼筋混凝土造,88年9月10日,五層,,
RPOOMLMLKIKGFFB77CC,1,48.72,集合住宅,鋼筋混凝土造,114年6月6日,二十八層,,
RPQOMLMLKIKGFFB97CC,2,64.53,防空避難室兼停車空間、排煙室、樓梯間、昇降機間、污水機房兼雨水回收設備機房、消防機房、水箱、車道、停車空間、電信室、緊急發電機室、台電配電室、機車停車區、機房、沿街步道式開放空間（等寬有頂蓋型）、梯廳、門廳、垃圾集中室、管委會使用空間、公設（游泳池）、梯間、安全梯、水錶箱室、電梯機房等２４項,鋼筋混凝土造,112年11月4日,十五層,,
RPOOMLMLKIKGFFB77CC,1,13.08,排煙室、昇降機、無障礙安全梯、特別安全梯、無障礙樓梯、梯廳兼排煙室、梯廳、管委會空間、中繼機房、中繼水箱、電梯間、水錶室、樓梯間、電梯機房、機電空間、水箱、安全梯、水箱機房、消防水箱等１９項,鋼筋混凝土造,114年6月6日,二十八層,,
RPOOMLMLKIKGFFB77CC,1,11.23,消防機房、雨水回收機房、車道、機房、水箱、停車空間、進風管道、公共水箱、防空避難室兼停車空間、台電配電室、發電機房、泳池水箱、公共電氣室、機車車道、管委會使用空間、昇降機、大廳、梯廳、警衛室、儲藏室、風除室、排風機房、防災中心、電信室、垃圾暫存室、附屬社區共用空間、附屬共用廚房、機電設備空間、電梯間、設備空間、泳池機房、景觀機房、游泳池、管委會空間、樓電梯間、機電空間、樓梯間等３７項,鋼筋混凝土造,114年6月6日,二十八層,,
RPVNMLMLKIKGFIB68CC,,79.60,集合住宅,鋼筋混凝土造,114年7月24日,十三層,,
RPVNMLMLKIKGFIB68CC,,65.69,本共有部分之項目有：防空避難室兼停車空間、汙雨水機房、消防機房、水箱、車道、梯廳、安全梯、昇降機間、排煙室、停車空間、台電配電室、電信室、發電機室、電錶室、管委會使用空間、樓梯間、機械室、水錶室、機械設備室等１９項。,鋼筋混凝土造,114年7月24日,十三層,,
RPQNMLMLKIKGFJB28CC,2,83.10,集合住宅,鋼筋混凝土造,112年6月7日,十五層,,
RPQNMLMLKIKGFJB28CC,2,64.93,防空避難室兼停車空間、排煙室、樓梯間、一般昇降機、緊急昇降機、消防機房、汙雨水處理機房、水箱、車道、停車空間、台電配電場所、緊急發電機室、電信室、機車停車區、門廳兼梯廳、管委會空間、無障礙廁所、梯間、垃圾集中室、梯廳、門廳、水錶箱室、電梯機房等２３項,鋼筋混凝土造,112年6月7日,十五層,,
RPWNMLMLKIKGFIB78CC,1,73.18,集合住宅,鋼筋混凝土造,113年11月27日,十五層,,
RPWNMLMLKIKGFIB78CC,1,66.70,防空避難室兼停車空間、排煙室、樓梯間、一般昇降機、緊急昇降機、汙水機房、消防機房、雨水機房、水箱、車道、停車空間、機房、電信室、緊急發電機室、台電配電室、機車停車區、梯廳、門廳、管委會空間（垃圾集中室）、公共服務空間、水錶箱室、電梯機房等２２項。,鋼筋混凝土造,113年11月27日,十五層,,
RPQNMLMLKIKGFKB38CC,22,58.97,住家用,鋼筋混凝土造,93年3月23日,五層,,
RPQNMLMLKIKGFKB38CC,,21.22,門廳、停車空間、樓梯間、水箱室,鋼筋混凝土造,,五層,,
RPPNMLMLKIKGFJB18CC,31,82.20,集合住宅,鋼筋混凝土造,83年9月21日,十一層,,
RPPNMLMLKIKGFKB28CC,32,15.16,住家用,鋼筋混凝土造,83年1月20日,四層,,
RPPNMLMLKIKGFJB18CC,31,33.14,共有部份,鋼筋混凝土造,83年9月21日,十一層,,
RPPNMLMLKIKGFKB28CC,32,3.39,梯間、走道、水箱,鋼筋混凝土造,83年1月20日,四層,,
RPVNMLNLKIKGFAB97CC,46,21.57,住商用,加強磚造,69年2月28日,二層,,
RPTNMLNLKIKGFAB77CC,12,83.55,集合住宅,鋼筋混凝土造,102年6月25日,十五層,,
RPTNMLNLKIKGFAB77CC,12,62.11,本共有部份之項目有：停車空間、排煙室、昇降機間、樓梯間、車道、污水處理機房、消防機房、水箱、電信室、防空避難室兼停車空間、緊急發電機室、機械室、台電配電室、人行道、門廳、梯廳、管理室、垃圾集中處、公共服務空間、外廊、儲藏室、開放空間、屋頂平台、水錶箱室、電梯機房等２５項,鋼筋混凝土造,102年6月25日,十五層,,
RPOOMLNLKIKGFAB37CC,29,63.54,住家用,鋼筋混凝土造,85年10月4日,十二層,,
RPPOMLNLKIKGFAB47CC,31,28.11,住家用,鋼筋混凝土造,83年12月16日,七層,,
RPUNMLNLKIKGFAB87CC,1,52.35,集合住宅,鋼筋混凝土造,113年10月9日,十五層,,
RPOOMLNLKIKGFAB37CC,29,3.85,共同使用,鋼筋混凝土造,85年10月4日,十四層,,
RPPOMLNLKIKGFAB47CC,31,5.57,機械室．水箱．梯間,鋼筋混凝土造,83年12月16日,七層,,
RPUNMLNLKIKGFAB87CC,1,54.33,本共有部分之項目有：防空避難室兼停車空間、安全梯、排煙室、梯廳、蓄水池、景觀雨水機房、消防機房、停車空間、機房、台電配電場所、電信機房、發電機房、特別安全梯、戶外安全梯、管委會空間、昇降機間、樓梯間、機械房、昇降機機房、水箱等二十項。,鋼筋混凝土造,113年10月9日,十五層,,
RPOOMLNLKIKGFAB37CC,29,7.72,共同使用,鋼筋混凝土造,85年10月4日,十二層,,
RPPOMLNLKIKGFAB47CC,31,1.58,共有部份,鋼筋混凝土造,83年12月16日,七層,,
RPSOMLNLKIKGFAB77CC,,90.74,住宅,鋼骨造,114年11月4日,二層,,
RPQNMLNLKIKGFAB47CC,27,77.53,集合住宅,鋼筋混凝土造,87年10月15日,十四層,,
RPQNMLNLKIKGFAB47CC,27,27.06,共有部份,鋼筋混凝土造,87年10月15日,十四層,,
RPSNMLNLKIKGFAB67CC,36,25.25,住家用,鋼筋混凝土造,79年6月7日,五層,,
RPPNMLNLKIKGFAB37CC,31,126.76,集合住宅,鋼筋混凝土造,84年3月23日,十七層,,
RPPNMLNLKIKGFAB37CC,31,50.40,防空避難室．台電受電室．停車空間．機械室．梯間．樓梯間．水塔,鋼筋混凝土造,84年3月23日,十七層,,
RPRNMLNLKIKGFAB57CC,27,62.81,住家用,鋼筋混凝土造,87年9月30日,十二層,,
RPRNMLNLKIKGFAB57CC,27,17.22,共有部份,鋼筋混凝土造,87年9月30日,十三層,,
RPQNMLNLKIKGFBB57CC,32,20.63,住家用,鋼筋混凝土造,83年2月7日,十八層,,
RPQNMLNLKIKGFBB57CC,32,9.13,共有部份,鋼筋混凝土造,83年2月7日,十八層,,
RPXNMLNLKIKGFAB18CC,2,84.74,集合住宅,鋼筋混凝土造,112年8月10日,十五層,,
RPXNMLNLKIKGFAB18CC,2,70.88,本共有部分係依使用執照之建築物概要表記載項目有：防空避難室兼停車空間、排煙室、樓梯間、一般昇降機、緊急昇降機、雨水機房、污水機房、消防機房、水箱、車道、停車空間、機房、緊急發電機室、台電配電場所、電信室、機車區、電表、梯廳、公共服務空間、資源回收室、門廳、無障礙廁所、梯間、水錶箱室、電梯機房等共計２５項。,鋼筋混凝土造,112年8月10日,十五層,,
RPROMLNLKIKGFAB67CC,20,87.73,集合住宅,鋼筋混凝土造,94年10月11日,十五層,,
RPSNMLNLKIKGFBB77CC,4,84.56,集合住宅,鋼筋混凝土造,111年4月25日,十五層,,
RPROMLNLKIKGFAB67CC,20,42.78,共用部分,鋼筋混凝土造,94年10月11日,十五層,,
RPSNMLNLKIKGFBB77CC,4,90.76,本共有部分係依使用執照之建築概要表記載項目有：防空避難室兼停車空間、排煙室、樓梯間、昇降機間、消防機房、雨水機房、車道、水箱、停車空間、機械室、台電配電室、電信室、發電機房、門廳、走廊、頂蓋型開放空間、公共服務空間、資源回收中心、梯廳、梯間、水錶箱室、電梯機房等２２項。,鋼筋混凝土造,111年4月25日,十五層,,
RPQOMLNLKIKGFAB57CC,31,23.15,住家用,鋼筋混凝土造,84年1月13日,十九層,,
RPQOMLNLKIKGFAB57CC,31,3.81,共有部份,鋼筋混凝土造,84年1月13日,十九層,,
RPQOMLNLKIKGFAB57CC,31,8.34,梯間．水箱．機械室,鋼筋混凝土造,84年1月13日,十九層,,
RPWNMLNLKIKGFBB18CC,34,59.29,住家用,鋼筋混凝土造,80年10月18日,五層,,
RPTNMLNLKIKGFBB87CC,24,46.42,住家用,鋼筋混凝土造,91年3月22日,十四層,,
RPTNMLNLKIKGFBB87CC,24,9.78,共有部份,鋼筋混凝土造,91年3月22日,十四層,,
RPTNMLNLKIKGFBB87CC,24,6.70,共有部份,鋼筋混凝土造,91年3月22日,十四層,,
RPTNMLNLKIKGFBB87CC,24,2.94,本建物係依使用執照之竣工平面圖記載項目為約定共用部分,鋼筋混凝土造,91年3月22日,十四層,,
RPUNMLNLKIKGFBB97CC,7,39.15,集合住宅,鋼筋混凝土造,107年11月30日,十五層,,
RPUNMLNLKIKGFBB97CC,7,22.04,本共有部分係依使用執照之建築概要表記載項目有：停車空間，一般安全梯，排煙室，緊急用昇降機，消防機房，污水機房，昇降機，水箱，機房，電信機房，防空避難室兼停車空間，台電配電室，緊急發電機室，戶外安全梯，管理員室，管委會使用空間，環保資源室，梯廳，梯間，機械室，水錶室等２１項,鋼筋混凝土造,107年11月30日,十五層,,
RPVNMLNLKIKGFBB08CC,31,90.10,住家用,鋼筋混凝土造,83年8月15日,十二層,,
RPVNMLNLKIKGFBB08CC,31,33.70,共有部份,鋼筋混凝土造,83年8月15日,十二層,,
RPSOMLNLKIKGFBB87CC,2,58.07,集合住宅,鋼筋混凝土造,113年6月5日,十五層,,
RPSOMLNLKIKGFBB87CC,2,56.24,本共有部份係依使用執照之建築概要表記載項目有：防空避難室兼停車空間，水箱，排煙室，樓梯間，緊急昇降機，一般昇降機，消防機房，雨水機房，機房，緊急發電機室，停車空間，台電配電室，電信室，機車停車空間，梯廳，機電設備空間，頂蓋型開放空間，管委會使用空間，公共服務空間，走廊，資源回收中心，游泳池，梯間，電梯機房，水錶箱室等２５項,鋼筋混凝土造,113年6月5日,十五層,,
RPPOMLNLKIKGFBB57CC,12,27.23,本共有部分係依使用執照之建築概要表記載項目有：停車空間，車道，污水機房，清水池，消防機房，機房，梯間（梯廳，排煙室，昇降機間），防空避難室兼停車空間，發電機室，電信室，台電配電室，防災中心，公共設施等１３項,鋼筋混凝土造,102年7月25日,二十二層,,
RPQOMLNLKIKGFBB67CC,31,94.11,住家用,鋼筋混凝土造,83年8月24日,十七層,,
RPVOMLNLKIKGFBB18CC,46,107.54,住家用,鋼筋混凝土造,69年5月30日,五層,,
RPQOMLNLKIKGFBB67CC,31,42.64,共有部分,鋼筋混凝土造,83年8月24日,十七層,,
RPROMLNLKIKGFBB77CC,20,15.94,共有部份,鋼筋混凝土造,94年12月8日,十八層,,
RPOOMLNLKIKGFBB47CC,12,42.49,住家用,鋼筋混凝土造,102年7月25日,二十二層,,
RPOOMLNLKIKGFBB47CC,12,11.38,本共有部分係依使用執照之建築概要表記載項目有：管委會使用公共設施，垃圾處理室，梯間，梯廳，梯間（排煙室，昇降機間）梯間（梯廳，排煙室，昇降機間），走廊，中繼機械室（中繼水箱），機械室，水箱等１０項,鋼筋混凝土造,102年7月25日,二十二層,,
RPOOMLNLKIKGFBB47CC,12,9.08,本共有部分係依使用執照之建築概要表記載項目有：停車空間，車道，污水機房，清水池，消防機房，機房，梯間（梯廳，排煙室，昇降機間），防空避難室兼停車空間，發電機室，電信室，台電配電室，防災中心，公共設施等１３項,鋼筋混凝土造,102年7月25日,二十二層,,
RPTOMLNLKIKGFBB97CC,30,107.51,住家用,鋼筋混凝土造,85年4月23日,十八層,,
RPTOMLNLKIKGFBB97CC,30,20.16,共有部份,鋼筋混凝土造,85年4月23日,十八層,,
RPUOMLNLKIKGFBB08CC,20,27.90,共有部份,鋼筋混凝土造,94年12月8日,十八層,,
RPTOMLNLKIKGFBB97CC,30,37.33,共有部份,鋼筋混凝土造,85年4月23日,十八層,,
RPOPMLNLKIKGFBB57CC,18,85.27,住家用,鋼筋混凝土造,97年1月22日,十五層,,
RPOPMLNLKIKGFBB57CC,18,17.79,共有部份,鋼筋混凝土造,97年1月22日,十五層,,
RPOPMLNLKIKGFBB57CC,18,18.91,共有部份,鋼筋混凝土造,97年1月22日,十五層,,
RPSPMLNLKIKGFBB97CC,32,87.78,住家用,鋼筋混凝土造,83年4月19日,十三層,,
RPSPMLNLKIKGFBB97CC,32,31.95,共有部份,鋼筋混凝土造,83年4月19日,十三層,,
RPRPMLNLKIKGFBB87CC,36,126.86,住家用,鋼筋混凝土造,79年2月20日,五層,,
RPQPMLNLKIKGFBB77CC,30,20.68,住家用,鋼筋混凝土造,85年5月24日,十六層,,
RPRPMLNLKIKGFBB87CC,36,35.61,共有部份,鋼筋混凝土造,79年2月20日,五層,,
RPQPMLNLKIKGFBB77CC,30,6.70,共有部份,鋼筋混凝土造,85年5月24日,十六層,,
RPQPMLNLKIKGFBB77CC,30,4.56,共有部份,鋼筋混凝土造,85年5月24日,十六層,,
RPPPMLNLKIKGFBB67CC,31,99.42,住家用,鋼筋混凝土造,83年11月8日,十七層,,
RPPPMLNLKIKGFBB67CC,31,14.50,共有部分,鋼筋混凝土造,83年11月8日,十七層,,
RPWOMLNLKIKGFBB28CC,20,27.90,共有部份,鋼筋混凝土造,94年12月8日,十八層,,
RPXOMLNLKIKGFBB38CC,4,84.19,集合住宅,鋼筋混凝土造,110年10月20日,二十二層,,
RPPPMLNLKIKGFBB67CC,31,.00,共有部分,鋼筋混凝土造,83年11月8日,十七層,,
RPPPMLNLKIKGFBB67CC,31,.00,共有部分,鋼筋混凝土造,83年11月8日,十七層,,
RPXOMLNLKIKGFBB38CC,4,7.79,本共有部份係依使用執照之建築概要表記載項目有：防空避難室兼停車空間，消防機械室，揚水泵機房，雨污水機房，安全梯，機械室，停車空間，水箱，消防中繼機房，電信室，發電機室，景觀機房，廁所，垃圾儲藏室，台電配電室，電錶區，受電箱區，機車道，門廳，防災中心，管委會使用空間，車道等２２項,鋼筋混凝土造,110年10月20日,二十二層,,
RPPPMLNLKIKGFBB67CC,31,13.55,共有部分,鋼筋混凝土造,83年11月8日,十七層,,
RPXOMLNLKIKGFBB38CC,4,28.25,本共有部份係依使用執照之建築概要表記載項目有：水箱，揚水泵機房，緊急昇降機間排煙室，緊急昇降機，一般昇降機，特別安全梯，排煙室，梯廳，電梯間，噴灌機房，機房，安全梯，消防中繼機房，消防中繼水箱，自來水箱，機械室，消防水箱等１７項,鋼筋混凝土造,110年10月20日,二十二層,,
RPTPMLNLKIKGFBB08CC,44,117.01,住家用,鋼筋混凝土造,70年10月21日,五層,,
RPWPMLNLKIKGFBB38CC,40,74.12,住家用,鋼筋混凝土造,74年9月26日,五層,,
RPWPMLNLKIKGFBB38CC,40,12.77,共有部份,鋼筋混凝土造,74年9月26日,五層,,
RPUPMLNLKIKGFBB18CC,20,31.88,共有部份,鋼筋混凝土造,94年12月8日,十八層,,
RPVPMLNLKIKGFBB28CC,28,80.61,集合住宅,鋼筋混凝土造,87年5月6日,十三層,,
RPVPMLNLKIKGFBB28CC,28,19.52,共有部份,鋼筋混凝土造,87年5月6日,十三層,,
RPVPMLNLKIKGFBB28CC,28,.00,共有部份,鋼筋混凝土造,87年5月6日,十三層,,
RPPNMLNLKIKGFCB57CC,32,57.14,住家用,鋼筋混凝土造,83年6月14日,六層,,
RPVNMLNLKIKGFCB18CC,45,20.92,住家用,鋼筋混凝土造,69年12月22日,五層,,
RPPNMLNLKIKGFCB57CC,32,17.70,共有部份,鋼筋混凝土造,83年6月14日,六層,,
RPQNMLNLKIKGFCB67CC,29,71.54,住家用,鋼筋混凝土造,85年9月23日,十二層,,
RPRNMLNLKIKGFCB77CC,15,214.71,住家用,鋼筋混凝土造,100年1月21日,三十五層,,
RPQNMLNLKIKGFCB67CC,29,23.71,共有部份,鋼筋混凝土造,85年9月23日,十二層,,
RPRNMLNLKIKGFCB77CC,15,61.89,本共有部份之項目有：開放空間、門廳、門廊、管委會使用空間、社區游泳池、防災中心、排煙室、樓梯間、機房、行動不便電梯、緊急升降機電梯、機車停車空間、車道、中繼機房、中繼水箱、電梯機房、透空遮牆、水箱、水錶室等十九項。,鋼筋混凝土造,100年1月21日,三十五層,,
RPRNMLNLKIKGFCB77CC,15,80.97,本共有部份之項目有：水箱、排煙室、樓梯間、停車空間、行動不便電梯、車道、梯廳、消防機房、污水機房、發電機房、電信室、機房、電錶室、垃圾集中室、油箱室、防空避難室兼停車空間、防空避難室、台電配電室等十八項。,鋼筋混凝土造,100年1月21日,三十五層,,
RPSNMLNLKIKGFCB87CC,16,46.56,住家用,鋼筋混凝土造,99年2月1日,十一層,,
RPTNMLNLKIKGFCB97CC,36,13.02,住家用,鋼筋混凝土造,78年12月6日,六層,,
RPTNMLNLKIKGFCB97CC,36,6.31,避難室、人行道、配電室、電樓梯間,鋼筋混凝土造,78年12月6日,六層,,
RPSNMLNLKIKGFCB87CC,16,17.18,本共有部份之項目有：人行道、門廳（Ａ）、外廊（Ａ）、外廊（Ｂ）、公共服務空間、電梯梯間Ａ、緊急昇降機、行動不便者昇降機、Ａ１梯、Ａ２梯、Ａ３梯、車道Ａ、陽台、門廊Ｂ、管理室（管委會使用空間）、廣場式頂蓋型開放空間、沿街步道式頂蓋型開放空間、垃圾處理場、梯廳Ｂ１、開放空間景觀水池、Ｂ１梯、Ｂ２梯、Ｂ３梯、車道Ｂ、緩衝空間、廊道Ａ、排煙室Ａ１電梯梯間、管道室、緊急昇降機、梯廳Ｂ、梯廳兼排煙室、排煙室Ｂ１、廊道Ｂ、電梯梯間排煙室Ａ１、梯間、Ａ１梯、Ａ２梯、Ｂ１梯、Ｂ２梯、機械室、水箱Ａ１、水箱Ａ２、水箱Ｂ１、水箱Ｂ２等四十四項。,鋼筋混凝土造,99年2月1日,十二層,,
RPOQMLNLKIKGFBB67CC,41,86.99,集合住宅,鋼筋混凝土造,74年3月23日,七層,,
RPSNMLNLKIKGFCB87CC,16,38.80,本共有部份之項目有：電表室、台電配電室Ａ、防空避難室兼停車空間、發電機室、過濾機房、行動不便者昇降機、Ａ３梯、台電配電室Ｂ、Ｂ３梯、Ｂ４梯、停車空間、電信室、儲藏室、汙水機房、水箱Ａ、機械室、水箱Ｂ、消防機房等十八項。,鋼筋混凝土造,99年2月1日,十二層,,
RPUNMLNLKIKGFCB08CC,45,20.92,住家用,鋼筋混凝土造,69年12月22日,五層,,
RPPOMLNLKIKGFCB67CC,42,57.39,住商用,鋼筋混凝土造,72年7月22日,四層,,
RPTOMLNLKIKGFCB08CC,7,82.63,集合住宅,鋼筋混凝土造,108年6月11日,十一層,,
RPROMLNLKIKGFCB87CC,32,48.33,商業用,鋼筋混凝土造,82年10月5日,十三層,,
RPTOMLNLKIKGFCB08CC,7,41.75,本共有部分係依使用執照之建築概要表記仔項目有：停車空間、樓電梯間、梯廳、消防機房、水箱、防空避難室兼停車空間、台電配電室、發電機室、電信室、管委會空間、梯廳兼走廊、儲藏室、機械室、戶外安全梯等１４項。,鋼筋混凝土造,108年6月11日,十一層,,
RPOOMLNLKIKGFCB57CC,20,22.13,住家用,鋼筋混凝土造,94年12月20日,十層,,
RPROMLNLKIKGFCB87CC,32,3.68,共有部份,鋼筋混凝土造,82年10月5日,十三層,,
RPOOMLNLKIKGFCB57CC,20,5.86,共用,鋼筋混凝土造,94年12月20日,十層,,
RPOOMLNLKIKGFCB57CC,20,6.50,共用,鋼筋混凝土造,94年12月20日,十層,,
RPQNMLNLKIKGFFB97CC,21,22.77,住宅、停車空間、樓梯間,鋼筋混凝土造,93年12月6日,三層,,
RPQOMLNLKIKGFCB77CC,34,419.00,住家用,鋼筋混凝土造,80年7月25日,十二層,,
RPWNMLNLKIKGFCB28CC,42,32.71,住商用,鋼筋混凝土造,72年7月22日,四層,,
RPPNMLNLKIKGFEB77CC,10,175.77,住宅,鋼筋混凝土造,104年10月30日,四層,,
RPPNMLNLKIKGFDB67CC,37,73.42,住家用,鋼筋混凝土造,77年11月15日,五層,,
RPQOMLNLKIKGFCB77CC,34,47.74,共有部份,鋼筋混凝土造,80年7月25日,十二層,,
RPPNMLNLKIKGFDB67CC,37,9.85,共有部分,鋼筋混凝土造,77年11月15日,五層,,
RPPNMLNLKIKGFDB67CC,37,1.31,共有部分,鋼筋混凝土造,77年11月15日,五層,,
RPVOMLNLKIKGFCB28CC,7,58.30,集合住宅,鋼筋混凝土造,108年6月11日,十一層,,
RPVOMLNLKIKGFCB28CC,7,30.04,本共有部分係依使用執照之建築概要表記仔項目有：停車空間、樓電梯間、梯廳、消防機房、水箱、防空避難室兼停車空間、台電配電室、發電機室、電信室、管委會空間、梯廳兼走廊、儲藏室、機械室、戶外安全梯等１４項。,鋼筋混凝土造,108年6月11日,十一層,,
RPRNMLNLKIKGFFB08CC,18,18.70,住家用,鋼筋混凝土造,96年7月20日,七層,,
RPRNMLNLKIKGFFB08CC,18,9.48,防空避難室兼停車空間、樓梯間、水箱、機械室、管委室,鋼筋混凝土造,96年7月20日,七層,,
RPSNMLNLKIKGFFB18CC,21,22.77,住宅、停車空間、樓梯間,鋼筋混凝土造,93年12月6日,三層,,
RPXOMLNLKIKGFCB48CC,4,39.35,集合住宅,鋼筋混凝土造,111年2月17日,十五層,,
RPXOMLNLKIKGFCB48CC,4,33.26,本共有部份係依使用執照之建築概要表記載項目有：防空避難室兼停車空間、安全梯、排煙室、消防機房、梯廳、雨水機房、污水機房、機房、緊急昇降機、昇降機、管道間、車道、水箱、停車空間、機車停車空間、台電配電室、緊急發電機室、電信室、管委會使用空間、資源回收室、戶外安全梯、樓梯間、水表室、消防水箱、電梯機房等二十五項。,鋼筋混凝土造,111年2月17日,十五層,,
RPTNMLNLKIKGFFB28CC,1,94.65,集合住宅,鋼筋混凝土造,113年12月16日,二十四層,,
RPPNMLNLKIKGFFB87CC,21,22.77,住宅、停車空間、樓梯間,鋼筋混凝土造,93年12月6日,三層,,
RPTNMLNLKIKGFFB28CC,1,72.17,防空避難室兼停車空間、排煙室、水箱、一般昇降機、消防機械室、汙雨水機械室、安全梯、緊急昇降機、車道、停車空間、台電配電室、機械室、發電機室、泳池機械室、電表區、消防中繼水箱、消防中繼機房、電信室、梯廳、門廳、垃圾暫存空間、管委會使用空間、機車停車區、特別安全梯、防災中心、走廊、水錶室、電梯機房等２８項。,鋼筋混凝土造,113年12月16日,二十四層,,
RPWOMLNLKIKGFCB38CC,32,100.23,商業用,鋼筋混凝土造,82年11月24日,九層,,
RPWOMLNLKIKGFCB38CC,32,41.71,共有部分,鋼筋混凝土造,82年11月24日,九層,,
RPVNMLNLKIKGFFB48CC,2,92.73,集合住宅,鋼筋混凝土造,112年11月20日,二十四層,,
RPVNMLNLKIKGFFB48CC,2,76.78,防空避難室兼停車空間、排煙室、水箱、車道、消防機械室、雨污水機房、緊急昇降機行動不便者、一般昇降機、安全梯、停車空間、消防中繼水箱、消防中繼機械室、台電配電室、電信室、發電機室、水景機房、泳池機房、機車停車空間、特別安全梯、管委會使用空間、走廊、垃圾暫存室、防災中心、梯廳、水錶室、消防中繼機房、機械室等２７項。,鋼筋混凝土造,112年11月20日,二十四層,,
RPSOMLNLKIKGFCB97CC,16,41.66,住家用,鋼筋混凝土造,98年8月13日,二十六層,,
RPSOMLNLKIKGFCB97CC,16,3.45,共有,鋼筋混凝土造,98年8月13日,二十六層,,
RPSOMLNLKIKGFCB97CC,16,16.44,共有,鋼筋混凝土造,98年8月13日,二十六層,,
RPUNMLNLKIKGFFB38CC,21,45.54,住宅、停車空間、樓梯間,鋼筋混凝土造,93年12月6日,三層,,
RPUOMLNLKIKGFCB18CC,7,58.30,集合住宅,鋼筋混凝土造,108年6月11日,十一層,,
RPUOMLNLKIKGFCB18CC,7,30.04,本共有部分係依使用執照之建築概要表記仔項目有：停車空間、樓電梯間、梯廳、消防機房、水箱、防空避難室兼停車空間、台電配電室、發電機室、電信室、管委會空間、梯廳兼走廊、儲藏室、機械室、戶外安全梯等１４項。,鋼筋混凝土造,108年6月11日,十一層,,
RPXNMLNLKIKGFFB68CC,2,81.95,集合住宅,鋼筋混凝土造,112年11月4日,十五層,,
RPXNMLNLKIKGFFB68CC,2,64.11,防空避難室兼停車空間、排煙室、樓梯間、昇降機間、污水機房兼雨水回收設備機房、消防機房、水箱、車道、停車空間、電信室、緊急發電機室、台電配電室、機車停車區、機房、沿街步道式開放空間（等寬有頂蓋型）、梯廳、門廳、垃圾集中室、管委會使用空間、公設（游泳池）、梯間、安全梯、水錶箱室、電梯機房等２４項,鋼筋混凝土造,112年11月4日,十五層,,
RPPOMLNLKIKGFFB97CC,2,61.55,集合住宅,鋼筋混凝土造,112年11月19日,十五層,,
RPPOMLNLKIKGFFB97CC,2,54.35,防空避難室兼停車空間、排煙室、樓梯間、昇降機間、車道、水箱、污水機房、消防機房、停車空間、機房、緊急發電機室、電信室、台電配電室、機車停車區、門廳、梯廳、公設（閱覽室）、公設（休閒室）、管委會使用空間、走廊、垃圾集中室、門廳兼梯廳、儲藏室、無障礙廁所、梯間、水錶箱室、電梯機房等２７項。,鋼筋混凝土造,112年11月19日,十五層,,
RPOOMLNLKIKGFFB87CC,5,9.22,集合住宅,鋼筋混凝土造,109年8月25日,五層,,
RPWNMLNLKIKGFFB58CC,,47.44,集合住宅,鋼筋混凝土造,114年6月26日,十二層,,
RPOOMLNLKIKGFFB87CC,5,5.11,梯廳、安全梯、升降機、管道間、走廊、安全梯間、升降機機械室、水箱、停車空間、電信室、消防機室、發電機室、台電配電室、安全梯Ａ,鋼筋混凝土造,109年8月25日,五層,,
RPWNMLNLKIKGFFB58CC,,18.43,消防機房、消防水池、水箱、昇降機、緊急昇降機、排煙室、安全梯兼無障礙梯、防空避難室兼停車空間、車道、機房、污水機房、台電配電室、停車空間、電信室、發電機室等１５項,鋼筋混凝土造,114年6月26日,十二層,,
RPWNMLNLKIKGFFB58CC,,16.70,管委會空間、機車停車區、車道、垃圾集中區、昇降機、緊急昇降機、排煙室、宅配室、安全梯兼無障礙梯、安全梯、梯廳、水箱、樓梯間、昇降機機房等１４項,鋼筋混凝土造,114年6月26日,十二層,,
RPQNMLNLKIKGFHB18CC,31,115.55,住家用,鋼筋混凝土造,83年9月5日,八層,,
RPQNMLNLKIKGFHB18CC,31,29.14,共同使用部份,鋼筋混凝土造,83年9月5日,八層,,
RPROMLNLKIKGFFB18CC,7,110.20,集合住宅,鋼筋混凝土造,107年6月22日,十五層,,
RPQOMLNLKIKGFFB08CC,2,61.55,集合住宅,鋼筋混凝土造,112年11月19日,十五層,,
RPQOMLNLKIKGFFB08CC,2,54.35,防空避難室兼停車空間、排煙室、樓梯間、昇降機間、車道、水箱、污水機房、消防機房、停車空間、機房、緊急發電機室、電信室、台電配電室、機車停車區、門廳、梯廳、公設（閱覽室）、公設（休閒室）、管委會使用空間、走廊、垃圾集中室、門廳兼梯廳、儲藏室、無障礙廁所、梯間、水錶箱室、電梯機房等２７項。,鋼筋混凝土造,112年11月19日,十五層,,
RPROMLNLKIKGFFB18CC,7,54.16,防空避難室兼停車空間、消防機房、發電機機房、台電配電室、管委會空間、昇降機間、電梯機房、水箱,鋼筋混凝土造,107年6月22日,十五層,,
RPPNMLNLKIKGFIB18CC,34,70.84,集合住宅,鋼筋混凝土造,81年4月30日,八層,,
RPQNMLNLKIKGFIB28CC,31,91.22,集合住宅,鋼筋混凝土造,83年7月8日,十六層,,
RPQNMLNLKIKGFIB28CC,31,34.52,共有部份,鋼筋混凝土造,83年7月8日,十六層,,
RPPNMLNLKIKGFIB18CC,34,21.14,梯間、水塔、防空避難室、機房,鋼筋混凝土造,81年4月30日,九層,,
RPQNMLNLKIKGFKB48CC,45,83.16,住商用,加強磚造,69年12月20日,二層,,
RPSNMLNLKIKGFJB58CC,43,47.42,住宅、梯間,加強磚造,72年1月27日,二層,,
RPPNMLNLKIKGFJB28CC,3,76.00,集合住宅,鋼筋混凝土造,112年5月22日,十四層,,
RPPNMLNLKIKGFJB28CC,3,65.42,防空避難室兼停車空間、樓電梯間、消防設備機房、水箱、停車空間、台電配電室、水景機房、電信室、發電機械室、公共服務空間、管委會空間、汽機車道、陽台、梯廳、機械室、樓梯間、水錶室、電梯間、機房、雨水機房、污水機房。,鋼筋混凝土造,112年5月22日,十四層,,
RPQNMLOLKIKGFAB57CC,31,21.81,集合住宅,鋼筋混凝土造,84年6月13日,五層,,
RPQNMLOLKIKGFAB57CC,31,8.29,停車空間、樓梯間、機械室、水塔,鋼筋混凝土造,84年6月13日,五層,,
RPTNMLNLKIKGFJB68CC,43,47.91,住宅、梯間,加強磚造,72年1月27日,二層,,
RPRNMLNLKIKGFHB28CC,18,83.85,集合住宅,鋼筋混凝土造,97年2月25日,十四層,,
RPQNMLNLKIKGFJB38CC,29,111.72,車庫、住房,鋼筋混凝土造,86年3月26日,四層,,
RPTNMLNLKIKGFJB68CC,43,5.43,住宅、梯間,加強磚造,72年1月27日,二層,,
RPPNMLNLKIKGFKB38CC,31,94.60,住家用,鋼筋混凝土造,84年4月1日,十二層,,
RPRNMLNLKIKGFHB28CC,18,22.04,人行道、門廳、管理室、門廊、交誼廳、儲藏室、梯間、水箱、機械室,鋼筋混凝土造,97年2月25日,十四層,,
RPTNMLNLKIKGFJB68CC,43,6.56,住宅、梯間,加強磚造,72年1月27日,二層,,
RPPNMLNLKIKGFKB38CC,31,14.39,避難室、停車空間,鋼筋混凝土造,84年4月1日,十二層,,
RPRNMLNLKIKGFHB28CC,18,22.42,防空避難室兼停車空間、機械室、台電配電室、停車空間、水箱,鋼筋混凝土造,97年2月25日,十四層,,
RPPNMLNLKIKGFKB38CC,31,15.08,梯間、走道、機械室、水箱,鋼筋混凝土造,84年4月1日,十二層,,
RPPNMLNLKIKGFKB38CC,31,.10,守衛室,鋼筋混凝土造,84年4月1日,十二層,,
RPPNMLOLKIKGFAB47CC,42,71.15,住家用,鋼筋混凝土造,72年8月19日,十五層,,
RPPNMLOLKIKGFAB47CC,42,34.15,共有部份,鋼筋混凝土造,72年8月19日,十五層,,
RPQOMLOLKIKGFAB67CC,30,24.29,集合住宅,鋼骨鋼筋混凝土造,85年5月20日,十九層,,
RPQOMLOLKIKGFAB67CC,30,8.40,共同使用,鋼骨鋼筋混凝土造,85年5月20日,十九層,,
RPQOMLOLKIKGFAB67CC,30,6.02,共同使用,鋼骨鋼筋混凝土造,85年5月20日,十九層,,
RPSNMLOLKIKGFAB77CC,28,135.25,住家用,鋼筋混凝土造,86年12月24日,十五層,,
RPSNMLOLKIKGFAB77CC,28,63.57,共有部份,鋼筋混凝土造,86年12月24日,十五層,,
RPTNMLOLKIKGFAB87CC,5,60.82,集合住宅,鋼筋混凝土造,109年11月25日,十五層,,
RPTNMLOLKIKGFAB87CC,5,40.64,本共有部分係依使用執照之建築概要表記載項目有：停車空間、緊急發電機室、消防機房、防空避難室兼停車空間、台電配電室、電錶區、受電箱區、備品室、管委會空間（商場附屬空間）管理、臨停車位區、交誼大廳等共１１項,鋼筋混凝土造,109年11月25日,十五層,,
RPOOMLOLKIKGFAB47CC,3,79.69,集合住宅,鋼筋混凝土造,111年8月29日,十二層,,
RPTNMLOLKIKGFAB87CC,5,20.10,本共有部分係依使用執照之建築概要表記載項目有：排煙室、一般昇降機、緊急昇降機、污水機房、水箱、一般安全梯、電信室、景觀機房、特別安全梯、戶外安全梯、梯廳、排煙機房、消防水箱、升降機械室等共１４項。,鋼筋混凝土造,109年11月25日,十五層,,
RPOOMLOLKIKGFAB47CC,3,79.64,本共有部分係依使用執照之建築概要表記載項目有：停車空間，車道，緊急發電機室＆消防機房，排煙室，丙梯，一般昇降機（無障礙），緊急昇降機，水箱，停車空間兼防空避難室，電信室，台電配電室，管委會空間，機車停車空間，梯廳，甲梯（戶外安全），乙梯（行動不便、戶外安全），甲梯（安全梯），乙梯（行動不便、安全梯），水錶室，樓梯間，機械室等２１項,鋼筋混凝土造,111年8月29日,十二層,,
RPSOMLOLKIKGFAB87CC,29,107.44,住家用,鋼筋混凝土造,86年1月7日,九層,,
RPSOMLOLKIKGFAB87CC,29,35.08,共同使用,鋼筋混凝土造,86年1月7日,九層,,
RPUOMLOLKIKGFAB08CC,25,116.27,集合住宅,鋼筋混凝土造,89年8月15日,十六層,,
RPVNMLOLKIKGFAB08CC,45,147.39,住家用,鋼筋混凝土造,70年1月10日,三層,,
RPROMLOLKIKGFAB77CC,29,17.94,集合住宅,鋼筋混凝土造,85年8月29日,十四層,,
RPUOMLOLKIKGFAB08CC,25,23.89,共同使用,鋼筋混凝土造,89年8月15日,十六層,,
RPROMLOLKIKGFAB77CC,29,14.41,共同使用,鋼筋混凝土造,85年8月29日,十四層,,
RPROMLOLKIKGFAB77CC,29,4.55,共同使用,鋼筋混凝土造,85年8月29日,十四層,,
RPUOMLOLKIKGFAB08CC,25,20.49,共同使用,鋼筋混凝土造,89年8月15日,十六層,,
RPTOMLOLKIKGFAB97CC,31,28.04,住家用,鋼筋混凝土造,83年11月24日,六層,,
RPTOMLOLKIKGFAB97CC,31,5.85,共有部分,鋼筋混凝土造,83年11月24日,六層,,
RPUNMLOLKIKGFAB97CC,29,25.30,住家用,鋼骨造,86年1月31日,二十八層,,
RPUNMLOLKIKGFAB97CC,29,.92,共同使用,鋼骨造,86年1月31日,二十八層,,
RPUNMLOLKIKGFAB97CC,29,7.69,公共設施,鋼骨造,86年1月31日,二十八層,,
RPUNMLOLKIKGFAB97CC,29,3.48,共有部份,鋼骨造,86年1月31日,二十八層,,
RPSNMLOLKIKGFBB87CC,31,85.32,住家用,鋼筋混凝土造,83年8月24日,十七層,,
RPSNMLOLKIKGFBB87CC,31,33.55,共有部份,鋼筋混凝土造,83年8月24日,十七層,,
RPWNMLOLKIKGFAB18CC,26,82.18,住家用,鋼筋混凝土造,88年7月1日,七層,,
RPWNMLOLKIKGFAB18CC,26,25.28,共有部份,鋼筋混凝土造,88年7月1日,七層,,
RPPOMLOLKIKGFAB57CC,31,20.65,住家用,鋼筋混凝土造,83年11月24日,六層,,
RPPOMLOLKIKGFAB57CC,31,5.01,共有部分,鋼筋混凝土造,83年11月24日,六層,,
RPVOMLOLKIKGFAB18CC,31,20.70,住家用,鋼筋混凝土造,83年11月24日,六層,,
RPRNMLOLKIKGFBB77CC,35,162.46,住商用,鋼筋混凝土造,79年12月12日,七層,,
RPVOMLOLKIKGFAB18CC,31,4.96,共有部分,鋼筋混凝土造,83年11月24日,六層,,
RPPNMLOLKIKGFBB57CC,31,20.94,住家用,鋼筋混凝土造,83年9月7日,八層,,
RPPNMLOLKIKGFBB57CC,31,.00,共有部份,鋼筋混凝土造,83年9月7日,八層,,
RPXNMLOLKIKGFAB28CC,30,24.42,集合住宅,鋼骨鋼筋混凝土造,85年1月19日,二十二層,,
RPPNMLOLKIKGFBB57CC,31,18.60,共有部份,鋼筋混凝土造,83年9月7日,八層,,
RPTNMLOLKIKGFBB97CC,30,42.33,住家用,鋼筋混凝土造,85年6月6日,十四層,,
RPXNMLOLKIKGFAB28CC,30,2.31,樓梯間．機房．蓄水池,鋼骨鋼筋混凝土造,85年1月19日,二十二層,,
RPTNMLOLKIKGFBB97CC,30,28.89,共有部份,鋼筋混凝土造,85年6月6日,十四層,,
RPQNMLOLKIKGFBB67CC,25,127.15,住家用,鋼筋混凝土造,89年11月24日,六層,,
RPXNMLOLKIKGFAB28CC,30,2.56,樓梯間,鋼骨鋼筋混凝土造,85年1月19日,二十二層,,
RPQNMLOLKIKGFBB67CC,25,72.24,共有部份,鋼筋混凝土造,89年11月24日,六層,,
RPXNMLOLKIKGFAB28CC,30,6.79,防空避難室兼停車空間．走道,鋼骨鋼筋混凝土造,85年1月19日,二十二層,,
RPXNMLOLKIKGFAB28CC,30,8.38,走道,鋼筋混凝土造,85年1月19日,二十二層,,
RPUNMLOLKIKGFBB08CC,15,58.00,住家用,鋼筋混凝土造,99年12月24日,十二層,,
RPUNMLOLKIKGFBB08CC,15,19.80,本共有部分係依使用執照之建築概要表記載項目有：公共服務空間、管委會管理室、戶外安全梯、門廳、梯廳、昇降機間、頂蓋型開放空間、梯間、機械室、水箱等１０項,鋼筋混凝土造,99年12月24日,十二層,,
RPWOMLOLKIKGFAB28CC,31,70.91,住家用,鋼筋混凝土造,83年12月7日,十五層,,
RPUNMLOLKIKGFBB08CC,15,41.69,本共有部分係依使用執照之建築概要表記載項目有：停車空間兼防空避難室、台電配電室、電信室、機車停車區、安全梯、梯間、昇降機間、停車空間、水箱、污水機房、消防機械室、緊急發電機室等１２項,鋼筋混凝土造,99年12月24日,十二層,,
RPWOMLOLKIKGFAB28CC,31,36.08,共有部份,鋼筋混凝土造,83年12月7日,十五層,,
RPWOMLOLKIKGFAB28CC,31,6.39,共有部份,鋼筋混凝土造,83年12月7日,十五層,,
RPXNMLOLKIKGFBB38CC,43,20.01,住家用,鋼筋混凝土造,72年2月10日,五層,,
RPXNMLOLKIKGFBB38CC,43,4.60,共有部份,鋼筋混凝土造,72年2月10日,五層,,
RPVNMLOLKIKGFBB18CC,34,55.46,住家用,鋼筋混凝土造,81年4月1日,十六層,,
RPVNMLOLKIKGFBB18CC,34,21.59,共有部份,鋼筋混凝土造,81年4月1日,十六層,,
RPUOMLOLKIKGFBB18CC,41,88.76,住家用,鋼筋混凝土造,74年4月17日,五層,,
RPOOMLOLKIKGFBB57CC,41,97.46,住家用,鋼筋混凝土造,74年3月27日,五層,,
RPWNMLOLKIKGFBB28CC,43,94.62,住家用,鋼筋混凝土造,72年4月20日,五層,,
RPWNMLOLKIKGFBB28CC,43,3.70,共有部份,鋼筋混凝土造,72年4月20日,五層,,
RPWNMLOLKIKGFBB28CC,43,2.86,共有部份,鋼筋混凝土造,72年4月20日,五層,,
RPOPMLOLKIKGFBB67CC,32,84.39,住家用,鋼筋混凝土造,83年3月30日,九層,,
RPOPMLOLKIKGFBB67CC,32,25.16,共有部份,鋼筋混凝土造,83年3月30日,九層,,
RPQOMLOLKIKGFBB77CC,1,17.52,室內停車空間、住宅、樓梯間,鋼筋混凝土造,113年7月12日,五層,,
RPXOMLOLKIKGFBB48CC,34,50.41,住家用,鋼筋混凝土造,80年10月24日,七層,,
RPOPMLOLKIKGFBB67CC,32,14.92,停車空間,鋼筋混凝土造,83年3月30日,九層,,
RPXOMLOLKIKGFBB48CC,34,6.28,共有部分,鋼筋混凝土造,80年10月24日,七層,,
RPXOMLOLKIKGFBB48CC,34,10.08,共有部分,鋼筋混凝土造,80年10月24日,七層,,
RPPOMLOLKIKGFBB67CC,30,18.57,住家用,鋼筋混凝土造,84年6月26日,二十四層,,
RPROMLOLKIKGFBB87CC,30,23.43,住家用,鋼筋混凝土造,84年11月24日,二十四層,,
RPPOMLOLKIKGFBB67CC,30,4.74,共有部份,鋼筋混凝土造,84年6月26日,二十四層,,
RPVOMLOLKIKGFBB28CC,31,108.39,住家用,鋼筋混凝土造,83年10月11日,十四層,,
RPROMLOLKIKGFBB87CC,30,11.77,防空避難室，停車空間，門廳，樓梯間，機械室，水箱,鋼筋混凝土造,84年11月24日,二十四層,,
RPPOMLOLKIKGFBB67CC,30,3.60,共有部份,鋼筋混凝土造,84年6月26日,二十四層,,
RPVOMLOLKIKGFBB28CC,31,42.02,共有部分,鋼筋混凝土造,83年10月11日,十四層,,
RPPOMLOLKIKGFBB67CC,30,.00,共有部份,鋼筋混凝土造,84年6月26日,二十四層,,
RPQPMLOLKIKGFBB87CC,11,87.89,住家用,鋼筋混凝土造,103年10月22日,十二層,,
RPQPMLOLKIKGFBB87CC,11,46.01,本共有部分係依使用執照之建築概要表記載項目有：停車空間，樓梯間，昇降機間，消防機房，污水機房，水箱，梯廳，防空避難室兼停車空間，台電配電室，緊急發電機室，垃圾集中室，電信室，公共服務空間，車道，門廳，頂蓋型開放空間，機車停車區，外廊等１８項。,鋼筋混凝土造,103年10月22日,十二層,,
RPQPMLOLKIKGFBB87CC,11,18.03,本共有部分係依使用執照之建築概要表記載項目有，昇降機間，梯廳，水箱，電梯機房，樓梯間，梯間等６項,鋼筋混凝土造,103年10月22日,十二層,,
RPTOMLOLKIKGFBB08CC,10,81.98,集合住宅,鋼筋混凝土造,104年6月15日,十四層,,
RPRPMLOLKIKGFBB97CC,,56.64,住家用,鐵筋加強磚造,,三層,,
RPTOMLOLKIKGFBB08CC,10,44.72,本共有部份係依使用執照之建築概要表記載項目有：停車空間．樓梯間．昇降機間．排煙室．消防機械室．污水機械室．水箱．機車停車空間．防空避難室兼停車空間．雨水機械室．台電配電室．緊急發電機室．電信室．電錶室．走廊．垃圾處理室．門廳．公共服務空間（交誼．文教．休閒．集會空間）．車道．景觀機房．資源回收室及管委會空間等２２項。,鋼筋混凝土造,104年6月15日,十四層,,
RPTOMLOLKIKGFBB08CC,10,16.78,本共有部份係依使用執照之建築概要表記載項目有：樓梯間．昇降機間．排煙室．梯廳．水箱．水錶室及電梯機房等７項。,鋼筋混凝土造,104年6月15日,十四層,,
RPSPMLOLKIKGFBB08CC,20,31.88,共有部份,鋼筋混凝土造,94年12月8日,十八層,,
RPWOMLOLKIKGFBB38CC,20,48.56,住家用,鋼筋混凝土造,94年12月8日,十八層,,
RPWOMLOLKIKGFBB38CC,20,19.53,共有部份,鋼筋混凝土造,94年12月8日,十八層,,
RPSOMLOLKIKGFBB97CC,41,90.66,住商用,鋼筋混凝土造,73年9月4日,十一層,,
RPSOMLOLKIKGFBB97CC,41,14.17,共有部分,鋼筋混凝土造,73年9月4日,十一層,,
RPTPMLOLKIKGFBB18CC,29,20.16,住家用,鋼筋混凝土造,85年7月15日,十四層,,
RPTPMLOLKIKGFBB18CC,29,5.64,共有部份,鋼筋混凝土造,85年7月15日,十四層,,
RPTPMLOLKIKGFBB18CC,29,4.71,共有部份,鋼筋混凝土造,85年7月15日,十四層,,
RPUPMLOLKIKGFBB28CC,12,42.95,住家用,鋼筋混凝土造,102年7月25日,二十二層,,
RPUPMLOLKIKGFBB28CC,12,11.52,本共有部分係依使用執照之建築概要表記載項目有：管委會使用公共設施，垃圾處理室，梯間，梯廳，梯間（排煙室，昇降機間）梯間（梯廳，排煙室，昇降機間），走廊，中繼機械室（中繼水箱），機械室，水箱等１０項,鋼筋混凝土造,102年7月25日,二十二層,,
RPUPMLOLKIKGFBB28CC,12,9.21,本共有部分係依使用執照之建築概要表記載項目有：停車空間，車道，污水機房，清水池，消防機房，機房，梯間（梯廳，排煙室，昇降機間），防空避難室兼停車空間，發電機室，電信室，台電配電室，防災中心，公共設施等１３項,鋼筋混凝土造,102年7月25日,二十二層,,
RPVPMLOLKIKGFBB38CC,39,40.00,住家用,石造,76年5月12日,五層,,
RPWPMLOLKIKGFBB48CC,53,22.00,住家用,鋼筋混凝土加強磚造,62年5月30日,三層,,
RPPQMLOLKIKGFBB87CC,53,25.00,住家用,鋼筋混凝土加強磚造,62年5月30日,三層,,
RPRQMLOLKIKGFBB08CC,12,13.62,本共有部分係依使用執照之建築概要表記載項目有：停車空間，車道，污水機房，清水池，消防機房，機房，梯間（梯廳，排煙室，昇降機間），防空避難室兼停車空間，發電機室，電信室，台電配電室，防災中心，公共設施等１３項,鋼筋混凝土造,102年7月25日,二十二層,,
RPQQMLOLKIKGFBB97CC,30,110.55,住家用,鋼筋混凝土造,84年12月5日,十層,,
RPQQMLOLKIKGFBB97CC,30,16.52,共有部分,鋼筋混凝土造,84年12月5日,十層,,
RPSQMLOLKIKGFBB18CC,12,42.95,住家用,鋼筋混凝土造,102年7月25日,二十二層,,
RPSQMLOLKIKGFBB18CC,12,11.52,本共有部分係依使用執照之建築概要表記載項目有：管委會使用公共設施，垃圾處理室，梯間，梯廳，梯間（排煙室，昇降機間）梯間（梯廳，排煙室，昇降機間），走廊，中繼機械室（中繼水箱），機械室，水箱等１０項,鋼筋混凝土造,102年7月25日,二十二層,,
RPSQMLOLKIKGFBB18CC,12,9.21,本共有部分係依使用執照之建築概要表記載項目有：停車空間，車道，污水機房，清水池，消防機房，機房，梯間（梯廳，排煙室，昇降機間），防空避難室兼停車空間，發電機室，電信室，台電配電室，防災中心，公共設施等１３項,鋼筋混凝土造,102年7月25日,二十二層,,
RPPNMLOLKIKGFCB67CC,32,35.90,住家用,鋼筋混凝土造,83年4月30日,七層,,
RPXPMLOLKIKGFBB58CC,30,16.41,住家用,鋼筋混凝土造,84年6月26日,二十四層,,
RPQNMLOLKIKGFCB77CC,7,53.72,集合住宅,鋼筋混凝土造,107年12月10日,二十九層,,
RPPNMLOLKIKGFCB67CC,32,18.15,共有部份,鋼筋混凝土造,83年4月30日,七層,,
RPXPMLOLKIKGFBB58CC,30,4.48,共有部份,鋼筋混凝土造,84年6月26日,二十四層,,
RPQNMLOLKIKGFCB77CC,7,18.91,本共有部分係依使用執照之建築物概要表記載項目有：管委會使用空間、有頂蓋開放空間、梯廳、排煙室、樓梯間、車道、行動不便電梯、緊急升降機電梯、防災中心、機車停車空間、中繼機房、中繼水箱、水箱、機械室、電梯機房、消防中繼機房等１６項。,鋼筋混凝土造,107年12月10日,二十九層,,
RPXPMLOLKIKGFBB58CC,30,3.41,共有部份,鋼筋混凝土造,84年6月26日,二十四層,,
RPQNMLOLKIKGFCB77CC,7,33.50,本共有部分係依使用執照之建築物概要表記載項目有：停車空間、消防機房、樓梯間、行動不便電梯、緊急升降機電梯、水箱、車道、機械室、排煙室、電信室、防空避難室兼停車空間、泳池機房、台電配電室、電錶室、發電機房、垃圾集中室等１６項。,鋼筋混凝土造,107年12月10日,二十九層,,
RPXPMLOLKIKGFBB58CC,30,.00,共有部份,鋼筋混凝土造,84年6月26日,二十四層,,
RPRNMLOLKIKGFCB87CC,34,34.44,住家用,鋼筋混凝土造,80年12月6日,十二層,,
RPRNMLOLKIKGFCB87CC,34,15.23,共有部份,鋼筋混凝土造,80年12月6日,十二層,,
RPSNMLOLKIKGFCB97CC,5,40.15,集合住宅,鋼筋混凝土造,109年7月31日,十二層,,
RPSNMLOLKIKGFCB97CC,5,25.80,本共有部分係依使用執照之建築概要表記載項目有：停車空間，車道，樓梯間，排煙室，機械室，梯廳，發電機室，水箱，緊急昇降機，行動不便電梯，消防機械室，防空避難室兼停車空間，機車停車區，電信室，台電配電室，垃圾集中室，管理室，電梯，管理委員會使用空間，門廳，水錶室等２１項,鋼筋混凝土造,109年7月31日,十二層,,
RPSNMLOLKIKGFCB97CC,5,10.29,本共有部分係依使用執照之建築概要表記載項目有：電梯，樓梯間，梯廳，排煙室，緊急昇降機，行動不便電梯，緊急昇降機電梯等７項,鋼筋混凝土造,109年7月31日,十二層,,
RPXNMLOLKIKGFCB48CC,31,13.53,住家用,鋼筋混凝土造,83年9月30日,十二層,,
RPXNMLOLKIKGFCB48CC,31,6.60,共有部份,鋼筋混凝土造,83年9月30日,十二層,,
RPQOMLOLKIKGFCB87CC,34,22.74,住家用,鋼筋混凝土造,80年12月6日,十二層,,
RPWNMLOLKIKGFCB38CC,15,44.65,住家用,鋼筋混凝土造,99年11月19日,二十四層,,
RPOOMLOLKIKGFCB67CC,31,76.75,住家用,鋼筋混凝土造,83年11月8日,十四層,,
RPQOMLOLKIKGFCB87CC,34,20.67,共有部份,鋼筋混凝土造,80年12月6日,十二層,,
RPOOMLOLKIKGFCB67CC,31,21.76,共有部份,鋼筋混凝土造,83年11月8日,十四層,,
RPWNMLOLKIKGFCB38CC,15,42.45,本共有部分之項目有停車空間、消防機房、污水機房、揚水機房、水箱、排煙室、梯廳、樓梯間、昇降機間、防空避難室兼停車空間、防災中心、台電配電室、電信室、緊急發電機房、電錶箱室、門廳、管委會空間、中繼機房、屋頂平台、電梯機房、機房等二十一項,鋼筋混凝土造,99年11月19日,二十四層,,
RPTNMLOLKIKGFCB08CC,27,75.32,住家用,鋼筋混凝土造,88年5月6日,十四層,,
RPROMLOLKIKGFCB97CC,3,18.04,人行步道、店鋪、停車空間、樓梯間、機房、住宅,鋼筋混凝土造,111年10月6日,五層,,
RPTNMLOLKIKGFCB08CC,27,23.34,共有部分,鋼筋混凝土造,88年5月6日,十四層,,
RPPOMLOLKIKGFCB77CC,32,18.22,住家用,鋼筋混凝土造,83年3月28日,八層,,
RPVNMLOLKIKGFCB28CC,31,21.98,住家用,鋼筋混凝土造,83年11月21日,八層,,
RPUNMLOLKIKGFCB18CC,37,21.32,住家用,鋼筋混凝土造,78年2月24日,五層,,
RPPOMLOLKIKGFCB77CC,32,7.61,共有部份,鋼筋混凝土造,83年3月28日,八層,,
RPVNMLOLKIKGFCB28CC,31,9.49,共有部份,鋼筋混凝土造,83年11月21日,八層,,
RPUNMLOLKIKGFCB18CC,37,9.11,共有部分,鋼筋混凝土造,78年2月24日,五層,,
RPSOMLOLKIKGFCB08CC,15,63.82,住家用,鋼筋混凝土造,100年4月28日,十二層,,
RPSOMLOLKIKGFCB08CC,15,50.21,本共有部分之項目有停車空間、污水處理機房、水箱、樓梯間、梯廳、昇降機間、車道、消防機房、機車停車區、防空避難室兼停車空間、噴灌機房、台電配電室、緊急發電機室、電信室、門廳、廣場式開放空間頂蓋型、管委會使用空間（管理室）、管委會使用空間（會議室）、垃圾集中處、電梯機房等二十項,鋼筋混凝土造,100年4月28日,十二層,,
RPTOMLOLKIKGFCB18CC,32,74.79,住家用,鋼筋混凝土造,82年8月30日,六層,,
RPTOMLOLKIKGFCB18CC,32,11.79,共有部分,鋼筋混凝土造,82年8月30日,六層,,
RPXOMLOLKIKGFCB58CC,31,17.10,住家用,鋼筋混凝土造,83年11月8日,八層,,
RPXOMLOLKIKGFCB58CC,31,20.65,共有部份,鋼筋混凝土造,83年11月8日,八層,,
RPUOMLOLKIKGFCB28CC,31,30.01,住家用,鋼筋混凝土造,84年2月20日,十三層,,
RPVOMLOLKIKGFCB38CC,16,73.96,住家用,鋼筋混凝土造,98年8月13日,十八層,,
RPUOMLOLKIKGFCB28CC,31,7.46,共有部分,鋼筋混凝土造,84年2月20日,十三層,,
RPVOMLOLKIKGFCB38CC,16,6.04,共有,鋼筋混凝土造,98年8月13日,二十六層,,
RPUOMLOLKIKGFCB28CC,31,6.24,共同使用,鋼筋混凝土造,84年2月20日,十三層,,
RPVOMLOLKIKGFCB38CC,16,26.07,共有,鋼筋混凝土造,98年8月13日,二十六層,,
RPOPMLOLKIKGFCB77CC,40,21.97,住家用,鋼筋混凝土造,74年7月29日,七層,,
RPRPMLOLKIKGFCB08CC,28,87.55,住家用,鋼筋混凝土造,86年10月21日,十層,,
RPOPMLOLKIKGFCB77CC,40,4.13,共有部份,鋼筋混凝土造,74年7月29日,七層,,
RPRPMLOLKIKGFCB08CC,28,31.88,共有部份,鋼筋混凝土造,86年10月21日,十層,,
RPRPMLOLKIKGFCB08CC,28,14.47,共有部份,鋼筋混凝土造,86年10月21日,十層,,
RPQPMLOLKIKGFCB97CC,40,21.16,住家用,鋼筋混凝土造,74年7月29日,七層,,
RPQPMLOLKIKGFCB97CC,40,4.29,共有部份,鋼筋混凝土造,74年7月29日,七層,,
RPPNMLOLKIKGFDB77CC,29,23.67,住家用,鋼筋混凝土造,86年6月2日,十三層,,
RPPNMLOLKIKGFDB77CC,29,13.39,共有部分,鋼筋混凝土造,86年6月2日,十三層,,
RPWOMLOLKIKGFCB48CC,6,45.09,集合住宅,鋼骨鋼筋混凝土造,109年4月10日,九層,,
RPQNMLOLKIKGFDB87CC,23,89.51,住家用,鋼筋混凝土造,91年12月9日,八層,,
RPWOMLOLKIKGFCB48CC,6,65.49,本共有部份係依使用執照之建築概要表記載項目有：防空避難室兼停車空間、停車空間、車道、安全梯、戶外安全梯間、消防機房、汙水機房、設備機房、梯廳、升降機間、台電配電室、電信室、發電機房、生活水箱、設備室、管委會使用空間、水箱、電梯機房、機械設備室、水箱室等二十項。,鋼骨鋼筋混凝土造,109年4月10日,九層,,
RPQNMLOLKIKGFDB87CC,23,16.02,共有部分,鋼筋混凝土造,91年12月9日,八層,,
RPQNMLOLKIKGFDB87CC,23,11.85,共有部分,鋼筋混凝土造,91年12月9日,八層,,
RPPNMLOLKIKGFFB97CC,5,9.22,集合住宅,鋼筋混凝土造,109年8月25日,五層,,
RPPNMLOLKIKGFFB97CC,5,5.11,梯廳、安全梯、升降機、管道間、走廊、安全梯間、升降機機械室、水箱、停車空間、電信室、消防機室、發電機室、台電配電室、安全梯Ａ,鋼筋混凝土造,109年8月25日,五層,,
RPRNMLOLKIKGFFB18CC,1,44.80,集合住宅,鋼筋混凝土造,113年12月6日,十二層,,
RPRNMLOLKIKGFFB18CC,1,33.77,防空避難室兼停車空間、安全梯、昇降機間、排煙室、消防機械室、污水機房、蓄水池、景觀噴水機房、台電配電室、發電機室、電信室、梯廳、戶外安全梯、機電設備空間、管理委員會使用空間、一般昇降機、垃圾集中貯存空間、車道、門廊、樓梯間、機械室、水錶室、電梯機械室、水箱,鋼筋混凝土造,113年12月6日,十二層,,
RPPNMLOLKIKGFHB18CC,33,78.20,住家用,鋼筋混凝土造,82年5月25日,十二層,,
RPRNMLOLKIKGFHB38CC,18,62.30,集合住宅,鋼筋混凝土造,97年2月25日,十四層,,
RPPNMLOLKIKGFHB18CC,33,20.85,共有部份,鋼筋混凝土造,82年5月25日,十二層,,
RPRNMLOLKIKGFHB38CC,18,15.69,人行道、門廳、管理室、門廊、交誼廳、儲藏室、梯間、水箱、機械室,鋼筋混凝土造,97年2月25日,十四層,,
RPSNMLOLKIKGFFB28CC,26,89.49,住家用,鋼筋混凝土造,88年8月12日,十層,,
RPSNMLOLKIKGFFB28CC,26,1.24,社區中心、會客室、管理員室,鋼筋混凝土造,88年8月12日,十層,,
RPSNMLOLKIKGFFB28CC,26,10.79,梯間,鋼筋混凝土造,88年8月12日,十層,,
RPRNMLOLKIKGFHB38CC,18,7.01,防空避難室兼停車空間、機械室、台電配電室、停車空間、水箱,鋼筋混凝土造,97年2月25日,十四層,,
RPSNMLOLKIKGFFB28CC,26,12.75,停車空間、防空避難室,鋼筋混凝土造,88年8月12日,十層,,
RPQNMLOLKIKGFHB28CC,31,58.49,住家用,鋼筋混凝土造,83年8月24日,十七層,,
RPQNMLOLKIKGFFB08CC,5,111.82,集合住宅,鋼筋混凝土造,109年7月24日,十五層,,
RPQNMLOLKIKGFHB28CC,31,14.15,共用部份,鋼筋混凝土造,83年8月24日,十七層,,
RPQNMLOLKIKGFFB08CC,5,31.69,停車空間，汽車坡道，防空避難室兼停車空間等３項。,鋼筋混凝土造,109年7月24日,十五層,,
RPTNMLOLKIKGFFB38CC,1,63.50,集合住宅,鋼筋混凝土造,113年12月28日,十五層,,
RPQNMLOLKIKGFFB08CC,5,19.16,消防機房，水箱，梯間，污／雨水機房，進風機房，機械室，排風機房，公用水箱揚水機房，機械區，電信機房，公共水箱，台電配電室，發電機室，管委會使用空間，受電區，景觀機房，泳池機房，電表區，機車坡道，防空避難室兼停車空間，梯廳，警衛室，走廊，特別安全梯，游泳池，汽車坡道，大廳等２７項,鋼筋混凝土造,109年7月24日,十五層,,
RPQNMLOLKIKGFFB08CC,5,35.36,排煙室，梯廳兼排煙室，特別安全梯，梯廳，走道，機房，噴灌機房，梯間，電梯機房，消防水箱，水表室，機械室，水箱等１３項,鋼筋混凝土造,109年7月24日,十五層,,
RPTNMLOLKIKGFFB38CC,1,53.34,消防機房、雨水機房、汙水機房、水景機房、停車空間、車道、樓梯間、昇降機間、水箱、防空避難室兼停車空間、台電配電室、發電機房、電信機房、人行道、社區公共設施空間、資源回收室、梯廳、排煙室、管理委員會使用空間、門廳、機械室、水錶室等２２項。,鋼筋混凝土造,113年12月28日,十五層,,
RPPNMLOLKIKGFJB38CC,50,126.84,住家用,加強磚造,65年5月5日,二層,,
RPQNMLOLKIKGFJB48CC,17,9.20,辦公室,鋼筋混凝土造,97年7月7日,四層,,
RPQNMLOLKIKGFJB48CC,17,5.33,緊急發電機、台電受電室、機械室、人行道、梯間、消防幫泵室、水箱,鋼筋混凝土造,97年7月7日,四層,,
RPQNMLOLKIKGFIB38CC,34,69.57,集合住宅,鋼筋混凝土造,81年4月30日,七層,,
RPVNMLOLKIKGFHB78CC,2,58.35,樓梯間、店舖、住宅,鋼筋混凝土造,113年1月26日,五層,,
RPSNMLOLKIKGFIB58CC,4,46.04,集合住宅,鋼筋混凝土造,110年9月13日,十三層,,
RPQNMLOLKIKGFIB38CC,34,21.76,梯間、水塔、防空避難室、機房,鋼筋混凝土造,81年4月30日,九層,,
RPPNMLOLKIKGFIB28CC,12,85.79,集合住宅,鋼筋混凝土造,102年11月18日,十二層,,
RPSNMLOLKIKGFIB58CC,4,5.72,本共有部分之項目有停車空間、揚水泵、污水機房、游泳池水箱、消防機械室、汽機車坡道、樓梯間、雨水機房、汽車坡道、發電機室、垃圾貯存空間、台電配電室、受電箱區、噴灌機房、電信室、門廳、休憩區、公共服務空間、戶外安全梯、安全梯、管理委員會使用空間、游泳池機房及噴泉池機房、男廁、女廁、男更衣室、女更衣室等２６項。,鋼筋混凝土造,110年9月13日,十三層,,
RPPNMLOLKIKGFIB28CC,12,69.27,本共有部分之項目有：停車空間．消防機房．汙水機房．水箱．梯廳．樓梯間．昇降機間．防空避難室兼停車空間．梯間．台電配電室．緊急發電機房．機房．電信室．機車停車區．公共服務空間．垃圾集中處．門廳．車道．水錶箱室．電梯機房等２０項。,鋼筋混凝土造,102年11月18日,十二層,,
RPSNMLOLKIKGFIB58CC,4,15.47,本共有部分之項目有一般昇降機、一般昇降機兼行動不便者使用、緊急昇降機、排煙室兼緊急昇降機間、水箱、戶外安全梯、樓梯間、梯廳、安全梯、消防水箱、錶箱室、機械室等１２項。,鋼筋混凝土造,110年9月13日,十三層,,
RPUNMLOLKIKGFIB78CC,32,93.09,集合住宅,鋼筋混凝土造,83年4月15日,十二層,,
RPUNMLOLKIKGFIB78CC,32,23.98,共有部份,鋼筋混凝土造,83年4月15日,十二層,,
RPRNMLOLKIKGFIB48CC,34,103.08,集合住宅,鋼筋混凝土造,80年10月20日,十二層,,
RPRNMLOLKIKGFIB48CC,34,33.09,共有部份,鋼筋混凝土造,80年10月20日,十二層,,
RPTNMLOLKIKGFJB78CC,5,170.53,人行道、住宅、停車空間、梯間,鋼筋混凝土造,109年7月3日,四層,,
RPRNMLOLKIKGFJB58CC,1,59.84,集合住宅,鋼筋混凝土造,113年10月17日,十四層,,
RPRNMLOLKIKGFJB58CC,1,55.10,本共有部分之項目有停車空間兼防空避難室、一般昇降梯、無障礙兼緊急昇降梯、排煙室兼梯廳、梯廳、一般安全梯兼無障礙安全梯、水箱、汽車車道、進風管道、排風管道、排煙管道、消防機房、機械室、緊急發電機室、機車車道、台電配電室、電表區、電信室、戶外安全梯兼無障礙安全梯、資源回收室、公共服務空間、管委會空間、電管道、無障礙廁所、開放空間、戶外安全梯、一般安全梯、樓梯間、水箱機房、電梯機房。,鋼筋混凝土造,113年10月17日,十四層,,
RPUNMLOLKIKGFJB88CC,2,113.15,人行道、店鋪、住宅,鋼骨造,112年11月1日,二層,,
RPTNMLOLKIKGFIB68CC,48,80.86,住家用,加強磚造,66年12月29日,二層,,
RPPNMLOLKIKGFKB48CC,32,13.05,住家用,鋼筋混凝土造,82年7月6日,五層,,
RPPNMLOLKIKGFKB48CC,32,4.53,樓梯間及走道、梯間,鋼筋混凝土造,82年7月6日,五層,,
RPPNMLPLKIKGFBB67CC,54,34.56,住家用,鋼筋混凝土加強磚造,60年8月19日,二層,,
RPPNMLOLKIKGFKB58DC,10,31.43,住宅、停車空間、樓梯間,鋼筋混凝土造,104年7月20日,五層,,
RPPNMLPLKIKGFAB57CC,37,26.10,集合住宅,鋼筋混凝土造,78年3月25日,十二層,,
RPPNMLPLKIKGFAB57CC,37,5.67,本共有部分項目有梯間、走廊等兩項。,鋼筋混凝土造,78年3月25日,十二層,,
RPPNMLPLKIKGFFB08CC,1,81.42,店舖,鋼筋混凝土造,114年6月6日,二十八層,,
RPQNMLPLKIKGFAB67CC,31,23.31,住家用,鋼筋混凝土造,84年1月13日,十九層,,
RPPNMLPLKIKGFFB08CC,1,22.03,排煙室、昇降機、無障礙安全梯、特別安全梯、無障礙樓梯、梯廳兼排煙室、梯廳、管委會空間、中繼機房、中繼水箱、電梯間、水錶室、樓梯間、電梯機房、機電空間、水箱、安全梯、水箱機房、消防水箱等１９項,鋼筋混凝土造,114年6月6日,二十八層,,
RPQNMLPLKIKGFAB67CC,31,3.84,共有部分,鋼筋混凝土造,84年1月13日,十九層,,
RPPNMLPLKIKGFFB08CC,1,18.84,消防機房、雨水回收機房、車道、機房、水箱、停車空間、進風管道、公共水箱、防空避難室兼停車空間、台電配電室、發電機房、泳池水箱、公共電氣室、機車車道、管委會使用空間、昇降機、大廳、梯廳、警衛室、儲藏室、風除室、排風機房、防災中心、電信室、垃圾暫存室、附屬社區共用空間、附屬共用廚房、機電設備空間、電梯間、設備空間、泳池機房、景觀機房、游泳池、管委會空間、樓電梯間、機電空間、樓梯間等３７項,鋼筋混凝土造,114年6月6日,二十八層,,
RPQNMLPLKIKGFAB67CC,31,8.40,梯間．水箱．機械室,鋼筋混凝土造,84年1月13日,十九層,,
RPQNMLPLKIKGFAB67CC,31,9.12,共有部分,鋼筋混凝土造,84年1月13日,十九層,,
RPSNMLQLKIKGFAB97CC,31,33.77,住家用,鋼筋混凝土造,83年11月24日,六層,,
RPRNMLPLKIKGFFB28CC,5,72.34,集合住宅,鋼筋混凝土造,109年7月24日,十五層,,
RPQNMLOLKIKGFHB38DC,36,38.26,住工用,鋼筋混凝土造,79年2月16日,三層,,
RPSNMLQLKIKGFAB97CC,31,7.10,共有部分,鋼筋混凝土造,83年11月24日,六層,,
RPRNMLPLKIKGFFB28CC,5,31.69,停車空間，汽車坡道，防空避難室兼停車空間等３項。,鋼筋混凝土造,109年7月24日,十五層,,
RPPNMLQLKIKGFAB67CC,30,23.89,集合住宅,鋼骨鋼筋混凝土造,85年1月19日,二十二層,,
RPQNMLQLKIKGFAB77CC,33,32.70,住家用,鋼筋混凝土造,81年12月7日,七層,,
RPPNMLQLKIKGFAB67CC,30,2.24,樓梯間．機房．蓄水池,鋼骨鋼筋混凝土造,85年1月19日,二十二層,,
RPRNMLPLKIKGFFB28CC,5,12.05,消防機房，水箱，梯間，污／雨水機房，進風機房，機械室，排風機房，公用水箱揚水機房，機械區，電信機房，公共水箱，台電配電室，發電機室，管委會使用空間，受電區，景觀機房，泳池機房，電表區，機車坡道，防空避難室兼停車空間，梯廳，警衛室，走廊，特別安全梯，游泳池，汽車坡道，大廳等２７項,鋼筋混凝土造,109年7月24日,十五層,,
RPQNMLQLKIKGFAB77CC,33,2.92,共有部份,鋼筋混凝土造,81年12月7日,七層,,
RPSNMLPLKIKGFFB38CC,3,78.13,集合住宅,鋼筋混凝土造,111年9月29日,七層,,
RPPNMLQLKIKGFAB67CC,30,2.53,樓梯間,鋼骨鋼筋混凝土造,85年1月19日,二十二層,,
RPRNMLPLKIKGFFB28CC,5,19.63,排煙室，梯廳兼排煙室，特別安全梯，梯廳，走道，機房，噴灌機房，梯間，電梯機房，消防水箱，水表室，機械室，水箱等１３項,鋼筋混凝土造,109年7月24日,十五層,,
RPQNMLPLKIKGFFB18CC,1,98.73,集合住宅,鋼筋混凝土造,114年6月6日,二十八層,,
RPSNMLPLKIKGFFB38CC,3,74.82,防空避難室兼停車空間、消防機房、污水機房、水箱、發電機室、景觀機房、機械室、台電配電室、電信室、車道、管委會空間、梯間、電梯機房,鋼筋混凝土造,111年9月29日,七層,,
RPQNMLPLKIKGFFB18CC,1,26.83,排煙室、昇降機、無障礙安全梯、特別安全梯、無障礙樓梯、梯廳兼排煙室、梯廳、管委會空間、中繼機房、中繼水箱、電梯間、水錶室、樓梯間、電梯機房、機電空間、水箱、安全梯、水箱機房、消防水箱等１９項,鋼筋混凝土造,114年6月6日,二十八層,,
RPQNMLPLKIKGFFB18CC,1,47.54,消防機房、雨水回收機房、車道、機房、水箱、停車空間、進風管道、公共水箱、防空避難室兼停車空間、台電配電室、發電機房、泳池水箱、公共電氣室、機車車道、管委會使用空間、昇降機、大廳、梯廳、警衛室、儲藏室、風除室、排風機房、防災中心、電信室、垃圾暫存室、附屬社區共用空間、附屬共用廚房、機電設備空間、電梯間、設備空間、泳池機房、景觀機房、游泳池、管委會空間、樓電梯間、機電空間、樓梯間等３７項,鋼筋混凝土造,114年6月6日,二十八層,,
RPPNMLQLKIKGFAB67CC,30,6.61,防空避難室兼停車空間．走道,鋼骨鋼筋混凝土造,85年1月19日,二十二層,,
RPPNMLQLKIKGFAB67CC,30,8.28,走道,鋼筋混凝土造,85年1月19日,二十二層,,
RPPNMLQLKIKGFBB77CC,11,112.55,住家用,鋼筋混凝土造,103年10月27日,十五層,,
RPVNMLQLKIKGFAB28CC,33,69.66,住家用,鋼筋混凝土造,82年2月11日,七層,,
RPPNMLQLKIKGFBB77CC,11,41.00,本共有部份係依使用執照之建築概要表記載項目有停車空間．昇降機間．消防機房．污水機房．水箱．防空避難室兼停車空間．樓梯間．台電配電室．發電機室．電信機房．管委會使用空間．車道．門廳．資源回收室．水景機房．機車停車區．頂蓋型開放空間．管委會管理室：等１８項。,鋼筋混凝土造,103年10月27日,十五層,,
RPVNMLQLKIKGFAB28CC,33,17.92,防空避難室．梯間．受電室,鋼筋混凝土造,82年2月11日,七層,,
RPXNMLQLKIKGFAB48CC,31,48.80,住家用,鋼筋混凝土造,83年9月6日,十二層,,
RPPNMLQLKIKGFBB77CC,11,17.47,本共有部份係依使用執照之建築概要表記載項目有，昇降機間，排煙室，梯廳，樓梯間，水箱，機械室等６項。,鋼筋混凝土造,103年10月27日,十五層,,
RPUNMLQLKIKGFAB18CC,45,73.12,住家用,鋼筋混凝土造,70年5月12日,四層,,
RPRNMLQLKIKGFAB87CC,16,26.51,集合住宅,鋼筋混凝土造,98年8月4日,十一層,,
RPVNMLQLKIKGFAB28CC,33,14.88,共有部份,鋼筋混凝土造,82年2月11日,七層,,
RPWNMLQLKIKGFAB38CC,13,64.28,集合住宅,鋼筋混凝土造,102年2月5日,十層,,
RPXNMLQLKIKGFAB48CC,31,30.14,防空避難室兼停車空間，人行道，樓梯間，機械室，水塔,鋼筋混凝土造,83年9月6日,十二層,,
RPTNMLQLKIKGFAB08CC,33,75.40,住家用,鋼筋混凝土造,82年1月8日,七層,,
RPRNMLQLKIKGFAB87CC,16,5.78,共有,鋼筋混凝土造,98年8月4日,十一層,,
RPTNMLQLKIKGFAB08CC,33,25.55,共有部份,鋼筋混凝土造,82年1月8日,七層,,
RPWNMLQLKIKGFAB38CC,13,27.75,本共有部份係依使用執照之建築概要表記載項目有：台電受電室、防空避難室兼停車空間、管委會使用空間、公共遊憩設施空間、開放空間、門廳、梯間、水錶箱、機房、機械室及水箱、管委會健身室、頂蓋型廣場式開放空間、管理員室等１４項,鋼筋混凝土造,102年2月5日,十層,,
RPRNMLQLKIKGFAB87CC,16,6.19,共有,鋼筋混凝土造,98年8月4日,十一層,,
RPWNMLQLKIKGFAB38CC,13,11.78,本共有部份係依使用執照之建築概要表記載項目有：梯廳及梯間等２項,鋼筋混凝土造,102年2月5日,十層,,
RPQNMLQLKIKGFBB87CC,32,48.78,住家用,鋼筋混凝土造,83年6月9日,八層,,
RPQNMLQLKIKGFBB87CC,32,11.67,共有部份,鋼筋混凝土造,83年6月9日,八層,,
RPUNMLQLKIKGFBB28CC,38,78.82,住家用,鋼筋混凝土造,77年1月9日,五層,,
RPRNMLQLKIKGFBB97CC,34,106.22,住家用,鋼筋混凝土造,80年9月12日,七層,,
RPUNMLQLKIKGFBB28CC,38,15.96,共有部份,鋼筋混凝土造,77年1月9日,五層,,
RPRNMLQLKIKGFBB97CC,34,24.12,共有部份,鋼筋混凝土造,80年9月12日,七層,,
RPVNMLQLKIKGFBB38CC,7,73.30,店鋪,鋼筋混凝土造,108年5月13日,二十二層,,
RPVNMLQLKIKGFBB38CC,7,8.02,本共有部份係依使用執照之建築概要表記載項目有：防空避難室兼停車空間，消防機械室，雨污水機房，安全梯，機械室，停車空間，泳池水箱，消防中繼機房，電信室，景觀機房，發電機室，防災中心，垃圾儲藏室，台電配電室，門廳，管委會使用空間等１６項。,鋼筋混凝土造,108年5月13日,二十二層,,
RPVNMLQLKIKGFBB38CC,7,26.70,本共有部份係依使用執照之建築概要表記載項目有：水箱，緊急昇降機間排煙室，揚水機房，特別安全梯，排煙室，梯廳，安全梯，電梯間，噴灌機房，消防中繼機房，自來水水箱，消防水箱，機械室等１３項。,鋼筋混凝土造,108年5月13日,二十二層,,
RPSNMLQLKIKGFBB08CC,30,36.45,住家用,鋼筋混凝土造,84年6月26日,二十四層,,
RPSNMLQLKIKGFBB08CC,30,10.25,共有部份,鋼筋混凝土造,84年6月26日,二十四層,,
RPTNMLQLKIKGFBB18CC,54,65.74,住家用,加強磚造,61年6月3日,三層,,
RPSNMLQLKIKGFBB08CC,30,7.74,共有部份,鋼筋混凝土造,84年6月26日,二十四層,,
RPSNMLQLKIKGFBB08CC,30,.00,共有部份,鋼筋混凝土造,84年6月26日,二十四層,,
RPWNMLQLKIKGFBB48CC,9,151.54,店舖,鋼骨造,105年7月13日,一層,,
RPXNMLQLKIKGFBB58CC,6,63.67,集合住宅,鋼筋混凝土造,108年11月8日,十一層,,
RPQOMLQLKIKGFBB97CC,30,19.89,住家用,鋼筋混凝土造,84年8月14日,十六層,,
RPSOMLQLKIKGFBB18CC,4,82.63,集合住宅,鋼筋混凝土造,111年1月20日,十五層,,
RPXNMLQLKIKGFBB58CC,6,28.14,本共有部份係依使用執照之建築概要表記載項目有：停車空間、梯廳、消防泵浦室、雨水機房、汙水機房、水箱、停車空間兼防空避難室、台電配電室、車道、電信機房、人行道、管委會使用空間、發電機室、戶外安全樓梯、樓梯間、機械室等１６項。,鋼筋混凝土造,108年11月8日,十一層,,
RPQOMLQLKIKGFBB97CC,30,.22,共有部分,鋼筋混凝土造,84年8月14日,十六層,,
RPOOMLQLKIKGFBB77CC,30,79.89,國民住宅,鋼筋混凝土造,85年6月18日,九層,,
RPQOMLQLKIKGFBB97CC,30,4.27,共有部分,鋼筋混凝土造,84年8月14日,十六層,,
RPOOMLQLKIKGFBB77CC,30,23.09,共有部份,鋼筋混凝土造,85年6月18日,九層,,
RPQOMLQLKIKGFBB97CC,30,5.26,共有部分,鋼筋混凝土造,84年8月14日,十六層,,
RPSOMLQLKIKGFBB18CC,4,63.97,本共有部份係依使用執照之建築概要表記載項目有：防空避難室兼停車空間，水箱，排煙室，樓梯間，昇降機間，消防機房，汙水機房，雨水機房，車道，緊急發電機室，停車空間，台電配電室，電信室，梯廳，大廳，管委會使用空間，管理室，資源回收中心，門廳，梯間，電梯機房，水錶箱室等２２項,鋼筋混凝土造,111年1月20日,十五層,,
RPROMLQLKIKGFBB08CC,1,57.00,集合住宅,鋼筋混凝土造,114年2月25日,十五層,,
RPROMLQLKIKGFBB08CC,1,63.89,本共有部分係依使用執照之建築概要表記載項目有：防空避難室兼停車空間、停車空間、梯間、消防機房、水箱、排煙室、昇降機間、雨水機房、車道、機房、電信機房、台電配電場所、發電機房、管委會空間、梯廳、公共服務空間、走廊、無障礙廁所、水表空間等１９項,鋼筋混凝土造,114年2月25日,十五層,,
RPQNMLQLKIKGFCB97CC,31,13.62,住家用,鋼筋混凝土造,83年9月30日,十二層,,
RPQNMLQLKIKGFCB97CC,31,6.60,共有部份,鋼筋混凝土造,83年9月30日,十二層,,
RPPNMLQLKIKGFCB87CC,34,111.55,集合住宅,鋼筋混凝土造,80年11月25日,五層,,
RPUOMLQLKIKGFBB38CC,40,23.25,住家用,鋼筋混凝土造,74年7月13日,十二層,,
RPUOMLQLKIKGFBB38CC,40,1.38,共有部份,鋼筋混凝土造,74年7月13日,十二層,,
RPSNMLQLKIKGFCB18CC,31,13.93,住家用,鋼筋混凝土造,83年9月8日,十三層,,
RPSNMLQLKIKGFCB18CC,31,7.68,共有部份,鋼筋混凝土造,83年9月8日,十三層,,
RPRNMLQLKIKGFCB08CC,31,13.47,住家用,鋼筋混凝土造,83年9月8日,十三層,,
RPRNMLQLKIKGFCB08CC,31,7.17,共有部分,鋼筋混凝土造,83年9月8日,十三層,,
RPXOMLQLKIKGFCB78CC,6,28.10,招待所（僅對特定對象提供臨時性住宿服務之招待所）,鋼筋混凝土造,109年4月30日,五層,,
RPTOMLQLKIKGFCB38CC,6,22.15,招待所（僅對特定對象提供臨時性住宿服務之招待所）,鋼筋混凝土造,109年4月30日,五層,,
RPVOMLQLKIKGFCB58CC,6,22.15,招待所（僅對特定對象提供臨時性住宿服務之招待所）,鋼筋混凝土造,109年4月30日,五層,,
RPWNMLQLKIKGFCB58CC,17,65.07,住家用,鋼筋混凝土造,97年11月27日,二十二層,,
RPTNMLQLKIKGFCB28CC,31,32.54,住家用,鋼筋混凝土造,83年8月25日,十五層,,
RPWNMLQLKIKGFCB58CC,17,42.00,共用,鋼筋混凝土造,97年11月27日,二十二層,,
RPTNMLQLKIKGFCB28CC,31,24.49,共有部份,鋼筋混凝土造,83年8月25日,十五層,,
RPSPMLQLKIKGFCB38CC,40,49.38,商業用,鋼筋混凝土造,75年3月19日,四層,,
RPOPMLQLKIKGFCB97CC,16,41.83,住家用,鋼筋混凝土造,98年8月13日,二十六層,,
RPOPMLQLKIKGFCB97CC,16,39.36,共有,鋼筋混凝土造,98年8月13日,二十六層,,
RPOPMLQLKIKGFCB97CC,16,16.44,共有,鋼筋混凝土造,98年8月13日,二十六層,,
RPUNMLQLKIKGFCB38CC,31,28.34,住家用,鋼筋混凝土造,83年8月25日,十五層,,
RPUNMLQLKIKGFCB38CC,31,24.49,共有部份,鋼筋混凝土造,83年8月25日,十五層,,
RPPOMLQLKIKGFCB97CC,6,22.15,招待所（僅對特定對象提供臨時性住宿服務之招待所）,鋼筋混凝土造,109年4月30日,五層,,
RPOOMLQLKIKGFCB87CC,32,106.91,住家用,鋼筋混凝土造,82年9月16日,十四層,,
RPOOMLQLKIKGFCB87CC,32,31.81,共有部份,鋼筋混凝土造,82年9月16日,十四層,,
RPQOMLQLKIKGFCB08CC,6,22.15,招待所（僅對特定對象提供臨時性住宿服務之招待所）,鋼筋混凝土造,109年4月30日,五層,,
RPUOMLQLKIKGFCB48CC,6,22.15,招待所（僅對特定對象提供臨時性住宿服務之招待所）,鋼筋混凝土造,109年4月30日,五層,,
RPSOMLQLKIKGFCB28CC,6,44.30,招待所（僅對特定對象提供臨時性住宿服務之招待所）,鋼筋混凝土造,109年4月30日,五層,,
RPRPMLQLKIKGFCB28CC,19,20.33,住家用,鋼筋混凝土造,96年5月22日,十五層,,
RPRPMLQLKIKGFCB28CC,19,16.25,共用,鋼筋混凝土造,96年5月22日,十五層,,
RPVNMLQLKIKGFCB48CC,31,25.55,住家用,鋼筋混凝土造,83年8月25日,十五層,,
RPVNMLQLKIKGFCB48CC,31,24.49,共有部份,鋼筋混凝土造,83年8月25日,十五層,,
RPPPMLQLKIKGFCB08CC,31,14.02,住家用,鋼筋混凝土造,83年9月8日,十三層,,
RPWOMLQLKIKGFCB68CC,6,22.15,招待所（僅對特定對象提供臨時性住宿服務之招待所）,鋼筋混凝土造,109年4月30日,五層,,
RPQPMLQLKIKGFCB18CC,30,67.95,住家用,鋼筋混凝土造,85年1月19日,十四層,,
RPPPMLQLKIKGFCB08CC,31,7.68,共有部分,鋼筋混凝土造,83年9月8日,十三層,,
RPQPMLQLKIKGFCB18CC,30,39.78,共有部分,鋼筋混凝土造,85年1月19日,十四層,,
RPTPMLQLKIKGFCB48CC,40,49.38,商業用,鋼筋混凝土造,75年3月19日,四層,,
RPRNMLQLKIKGFDB18CC,46,102.27,住家用,加強磚造,68年10月2日,二層,,
RPRNMLQLKIKGFFB38CC,50,50.31,住商用,加強磚造、水泥平頂、磨石地床,65年5月20日,二層,,
RPTNMLQLKIKGFDB38CC,31,154.98,商場、人行道、儲藏室、店舖,鋼筋混凝土造,83年9月27日,十二層,,
RPSNMLQLKIKGFFB48CC,1,88.72,集合住宅,鋼筋混凝土造,113年10月11日,二十二層,,
RPTNMLQLKIKGFDB38CC,31,18.82,水塔、人行道、梯間、避難室、停車場、機房,鋼筋混凝土造,83年9月27日,十二層,,
RPVNMLQLKIKGFDB58CC,32,85.91,住家用,鋼筋混凝土造,82年9月20日,六層,,
RPSNMLQLKIKGFFB48CC,1,70.09,防空避難室兼停車空間、排煙室、樓梯間、一般昇降機、緊急昇降機、消防機房、污水機房、雨水機房、Ａ梯水箱、Ｂ梯水箱、車道、梯廳、停車空間、機房、台電配電室、電信室、緊急發電機室、消防中繼機房、防災中心、管委會使用空間、外廊、資源回收室、門廳兼梯廳、無障礙廁所、機車停車區、水錶箱室、梯間、水箱、電梯機房等２９項。,鋼筋混凝土造,113年10月11日,二十二層,,
RPUNMLQLKIKGFDB48CC,6,53.60,集合住宅,鋼筋混凝土造,108年8月18日,十五層,,
RPVNMLQLKIKGFDB58CC,32,18.36,共有部分,鋼筋混凝土造,82年9月20日,六層,,
RPUNMLQLKIKGFDB48CC,6,45.44,本共有部分之項目有防空避難室兼停車空間、台電配電室、排煙室、昇降機間、樓梯間、梯廳、消防機房、污水機房、水箱、車道、停車空間、景觀機房、電信機房、緊急發電機室、機車停車區、公共服務空間、門廳、垃圾集中室、無障礙廁所、頂蓋型開放空間、水箱錶室、電梯機房、梯間等２３項,鋼筋混凝土造,108年8月18日,十五層,,
RPQNMLQLKIKGFHB48CC,7,87.11,集合住宅,鋼筋混凝土造,107年10月1日,十五層,,
RPQNMLQLKIKGFHB48CC,7,80.46,防空避難室兼停車空間、樓梯間、昇降機間、排煙室、水箱、消防機房、污水機房、揚水機房、停車空間、緊急發電機室、電表箱室、電信室、機車停車區、受電箱、台電配電室、門廳、梯廳、垃圾集中室、車道、頂蓋型開放空間、公共服務空間、梯間、水錶箱室、電梯機房等２４項,鋼筋混凝土造,107年10月1日,十五層,,
RPPNMLQLKIKGFFB18CC,45,121.02,住商用,加強磚造,69年7月20日,二層,,
RPVNMLQLKIKGFFB78CC,5,9.10,集合住宅,鋼筋混凝土造,109年8月25日,五層,,
RPVNMLQLKIKGFFB78CC,5,5.07,梯廳、安全梯、升降機、管道間、走廊、安全梯間、升降機機械室、水箱、停車空間、電信室、消防機室、發電機室、台電配電室、安全梯Ａ,鋼筋混凝土造,109年8月25日,五層,,
RPTNMLQLKIKGFFB58CC,1,65.91,集合住宅,鋼筋混凝土造,113年12月28日,十五層,,
RPTNMLQLKIKGFFB58CC,1,54.43,消防機房、雨水機房、汙水機房、水景機房、停車空間、車道、樓梯間、昇降機間、水箱、防空避難室兼停車空間、台電配電室、發電機房、電信機房、人行道、社區公共設施空間、資源回收室、梯廳、排煙室、管理委員會使用空間、門廳、機械室、水錶室等２２項。,鋼筋混凝土造,113年12月28日,十五層,,
RPQNMLQLKIKGFJB68CC,47,9.92,住商用,加強磚造,68年5月20日,二層,,
RPQNMLQLKIKGFIB58CC,45,120.36,住商用,加強磚造,70年4月20日,二層,,
RPWNMLQLKIKGFFB88CC,8,117.88,集合住宅,鋼筋混凝土造,106年9月5日,十五層,,
RPPNMLQLKIKGFHB38CC,2,89.60,集合住宅,鋼筋混凝土造,113年4月26日,十五層,,
RPWNMLQLKIKGFFB88CC,8,15.62,管委會使用空間〔蒸氣室，更衣室，交誼室兼閱讀室，兒童遊戲室，健身房，管理中心，儲藏室〕，廁所，門廳，儲藏室，通廊，信箱間，前廳〔風除室〕，門廊，管委會使用空間〔垃圾儲藏室〕，防空避難室兼停車空間，車道，游泳池機房，機房，垃圾車暫停車位，電信室，排風機房，機車停車空間，水箱機房，進風機房，發電機機房，公共水箱，消防泵浦室，雨水及汙水機房,鋼筋混凝土造,106年9月5日,十五層,,
RPPNMLQLKIKGFHB38CC,2,43.88,本共有部分之項目有防空避難室兼停車空間、排煙室、安全梯、水箱、雨污水機室、消防幫浦室、停車空間、車道、台電配電室、緊急發電機室、電信室、電表室、景觀機房等１３項,鋼筋混凝土造,113年4月26日,十五層,,
RPWNMLQLKIKGFFB88CC,8,1.65,安全梯﹝無障礙樓梯﹞、台電配電室、電錶區、受電箱、甲梯安全梯,鋼筋混凝土造,106年9月5日,十五層,,
RPPNMLQLKIKGFHB38CC,2,27.09,本共有部分之項目有：管委會使用空間、公共服務空間、管道、資源回收室、排煙室、安全梯、戶外安全梯、梯廳、梯間、水箱、水錶室、電梯機械室等１２項,鋼筋混凝土造,113年4月26日,十五層,,
RPWNMLQLKIKGFFB88CC,8,32.84,排煙室，梯廳兼排煙室，特別安全梯，特別安全梯〔無障礙樓梯〕，樓梯間，水錶室，排煙機房，消防水箱，電梯機房，水箱機房，管道間,鋼筋混凝土造,106年9月5日,十五層,,
RPWNMLQLKIKGFFB88CC,8,34.35,防空避難室兼停車空間、車道、停車空間,鋼筋混凝土造,106年9月5日,十五層,,
RPSNMLQLKIKGFIB78CC,,85.07,集合住宅,鋼筋混凝土造,114年7月24日,十三層,,
RPPNMLQLKIKGFIB48CC,49,70.32,住家用,加強磚造,65年7月10日,二層,,
RPRNMLQLKIKGFHB58CC,44,56.28,住商用,鋼筋混凝土造,70年9月8日,三層,,
RPSNMLQLKIKGFIB78CC,,42.84,停車空間、排煙室、樓梯間、一般昇降機、緊急昇降機、汙水機房、消防機房、水箱、車道、機房、儲藏室、緊急發電機室、台電配電室、電信室、機車停車空間、梯廳、管委會使用空間、公共服務空間、垃圾集中室、門廳、水錶箱室、電梯機房等２２項。,鋼筋混凝土造,114年7月24日,十三層,,
RPRNMLQLKIKGFIB68CC,32,117.79,集合住宅,鋼筋混凝土造,82年10月28日,十二層,,
RPRNMLQLKIKGFIB68CC,32,36.87,共有部份,鋼筋混凝土造,82年10月28日,十二層,,
RPPNMLQLKIKGFJB58CC,12,68.50,集合住宅,鋼筋混凝土造,102年12月30日,十五層,,
RPPNMLQLKIKGFJB58CC,12,58.44,停車空間、污水機房、消防機械室、排煙室、水箱、電梯間、車道、緊急昇降機間、停車空間兼防空避難室、電信室、錶箱區、台電配電室、樓梯間、管委會使用空間、資源回收室、門廳、機械室、發電機房、景觀機房,鋼筋混凝土造,102年12月30日,十五層,,
RPRNMLQLKIKGFJB78CC,33,134.58,集合住宅,鋼筋混凝土造,82年3月5日,七層,,
RPQNMLQLKIKGFKB78CC,45,129.86,住商用,加強磚造,69年7月20日,二層,,
RPPNMLQLKIKGFKB68CC,48,145.32,住商用,鋼筋混凝土造,67年2月10日,三層,,
RPTNMLQLKIKGFJB98CC,26,13.33,住家用,鋼筋混凝土造,88年9月9日,十層,,
RPSNMLQLKIKGFJB88CC,3,63.43,店舖,鋼筋混凝土造,111年9月13日,十四層,,
RPTNMLQLKIKGFJB98CC,26,7.70,防空避難室兼停車空間、梯間、機械室、水箱,鋼筋混凝土造,88年9月9日,十層,,
RPSNMLQLKIKGFJB88CC,3,38.95,法定防空避難室兼停車空間、安全梯、排煙室、昇降機間、汙水機房、消防機房、水箱、車道、停車空間、電信室、台電配電室、發電機室、電錶箱,鋼筋混凝土造,111年9月13日,十四層,,
RPSNMLQLKIKGFJB88CC,3,10.01,安全梯、梯廳、排煙室、昇降機間、車道、管理室、郵務室、公共廁所、垃圾儲藏室、環保室、健身房、親子教室、交誼廳、會議室、排煙機房、屋頂水箱、電梯機房,鋼筋混凝土造,111年9月13日,十四層,,
RPRNMLQLKIKGFKB88CC,46,78.39,住家用,鋼筋混凝土造,69年5月9日,四層,,
RPRNMLRLKIKGFAB97CC,14,16.51,集合住宅,鋼筋混凝土造,101年3月22日,十三層,,
RPRNMLRLKIKGFAB97CC,14,5.40,本共有部分係依使用執照之建築概要表記載項目有：梯間、警衛室、電信室、排煙室、水箱、發電機室、台電配電室、防空避難室兼停車空間、停車空間（法定停車位１８輛、獎勵停車位１０輛）、機械室、儲藏室、樓梯間、電梯間、電梯機房、消防水箱等１５項。,鋼筋混凝土造,101年3月22日,十三層,,
RPSNMLRLKIKGFAB08CC,14,22.16,集合住宅,鋼筋混凝土造,101年3月22日,十三層,,
RPQNMLRLKIKGFAB87CC,14,28.29,集合住宅,鋼筋混凝土造,101年3月22日,十三層,,
RPSNMLRLKIKGFAB08CC,14,7.23,本共有部分係依使用執照之建築概要表記載項目有：梯間、警衛室、電信室、排煙室、水箱、發電機室、台電配電室、防空避難室兼停車空間、停車空間（法定停車位１８輛、獎勵停車位１０輛）、機械室、儲藏室、樓梯間、電梯間、電梯機房、消防水箱等１５項。,鋼筋混凝土造,101年3月22日,十三層,,
RPQNMLRLKIKGFAB87CC,14,9.30,本共有部分係依使用執照之建築概要表記載項目有：梯間、警衛室、電信室、排煙室、水箱、發電機室、台電配電室、防空避難室兼停車空間、停車空間（法定停車位１８輛、獎勵停車位１０輛）、機械室、儲藏室、樓梯間、電梯間、電梯機房、消防水箱等１５項。,鋼筋混凝土造,101年3月22日,十三層,,
RPPNMLRLKIKGFAB77CC,20,81.26,集合住宅,鋼筋混凝土造,94年12月23日,二十七層,,
RPPNMLRLKIKGFAB77CC,20,58.42,共用,鋼筋混凝土造,94年12月23日,二十七層,,
RPPNMLRLKIKGFBB87CC,9,168.41,集合住宅，辦公室,鋼筋混凝土造,105年10月13日,十四層,,
RPPNMLRLKIKGFBB87CC,9,127.36,本共有部分係依使用執照之建築概要表記載項目有：停車空間、消防機械室、水箱、梯廳、電信室、發電機室、停車空間兼防空避難室、台電配電室、電錶室、廣場式開放空間（有頂蓋）、機電設備空間、沿街式開放空間（有頂蓋）、管委會空間Ａ、Ａ梯安全梯、Ｂ梯安全梯、梯廳兼排煙室、機械室、垃圾暫存室（資源回收室）、管委會空間、水錶室、梯間、水箱Ａ、水箱Ｂ、機房等２４項,鋼筋混凝土造,105年10月13日,十四層,,
RPPNMLRLKIKGFCB97CC,17,66.61,集合住宅、機械室,鋼筋混凝土造,97年12月25日,七層,,
RPPNMLRLKIKGFCB97CC,17,64.11,共用,鋼筋混凝土造,97年12月25日,七層,,
RPQNMLRLKIKGFCB08CC,31,76.76,住家用,鋼筋混凝土造,84年2月20日,十三層,,
RPQNMLRLKIKGFCB08CC,31,11.11,共有部份,鋼筋混凝土造,84年2月20日,十三層,,
RPQNMLRLKIKGFCB08CC,31,9.25,共有部份,鋼筋混凝土造,84年2月20日,十三層,,
RPPNMLRLKIKGFIB58CC,32,99.52,集合住宅,鋼筋混凝土造,82年12月2日,七層,,
RPPNMLRLKIKGFIB58CC,32,37.63,共有部份,鋼筋混凝土造,82年12月2日,七層,,
RPPNMLRLKIKGFFB28CC,33,157.39,住家用,鋼筋混凝土造,82年4月17日,三層,,
RPRNMLRLKIKGFCB18CC,3,50.16,集合住宅,鋼筋混凝土造,111年11月24日,九層,,
RPRNMLRLKIKGFCB18CC,3,61.72,本共有部分係依使用執照之建築物概要表記載項目有：防空避難室兼停車空間、排煙室、樓梯間、一般昇降機、緊急昇降機、雨水污水處理機房、消防機房、水箱、車道、停車空間、緊急發電機室、台電配電室、電信室、自行車停車區、門廳、社區家教教室、梯廳、管委會空間、無障礙廁所、垃圾集中室、水錶箱室、露天機電設備、電梯機房等２３項。,鋼筋混凝土造,111年11月24日,九層,,
RPPNMLSLKIKGFAB87CC,38,89.87,住家用,鋼筋混凝土造,76年7月1日,五層,,
RPWNMLRLKIKGFAB48CC,14,24.06,集合住宅,鋼筋混凝土造,101年3月22日,十三層,,
RPTNMLRLKIKGFAB18CC,14,28.29,集合住宅,鋼筋混凝土造,101年3月22日,十三層,,
RPVNMLRLKIKGFAB38CC,14,21.32,集合住宅,鋼筋混凝土造,101年3月22日,十三層,,
RPOOMLRLKIKGFAB77CC,14,41.89,集合住宅,鋼筋混凝土造,101年3月22日,十三層,,
RPQOMLRLKIKGFAB97CC,14,26.66,集合住宅,鋼筋混凝土造,101年3月22日,十三層,,
RPWNMLRLKIKGFAB48CC,14,7.92,本共有部分係依使用執照之建築概要表記載項目有：梯間、警衛室、電信室、排煙室、水箱、發電機室、台電配電室、防空避難室兼停車空間、停車空間（法定停車位１８輛、獎勵停車位１０輛）、機械室、儲藏室、樓梯間、電梯間、電梯機房、消防水箱等１５項。,鋼筋混凝土造,101年3月22日,十三層,,
RPTNMLRLKIKGFAB18CC,14,9.30,本共有部分係依使用執照之建築概要表記載項目有：梯間、警衛室、電信室、排煙室、水箱、發電機室、台電配電室、防空避難室兼停車空間、停車空間（法定停車位１８輛、獎勵停車位１０輛）、機械室、儲藏室、樓梯間、電梯間、電梯機房、消防水箱等１５項。,鋼筋混凝土造,101年3月22日,十三層,,
RPVNMLRLKIKGFAB38CC,14,7.00,本共有部分係依使用執照之建築概要表記載項目有：梯間、警衛室、電信室、排煙室、水箱、發電機室、台電配電室、防空避難室兼停車空間、停車空間（法定停車位１８輛、獎勵停車位１０輛）、機械室、儲藏室、樓梯間、電梯間、電梯機房、消防水箱等１５項。,鋼筋混凝土造,101年3月22日,十三層,,
RPOOMLRLKIKGFAB77CC,14,13.78,本共有部分係依使用執照之建築概要表記載項目有：梯間、警衛室、電信室、排煙室、水箱、發電機室、台電配電室、防空避難室兼停車空間、停車空間（法定停車位１８輛、獎勵停車位１０輛）、機械室、儲藏室、樓梯間、電梯間、電梯機房、消防水箱等１５項。,鋼筋混凝土造,101年3月22日,十三層,,
RPQOMLRLKIKGFAB97CC,14,8.72,本共有部分係依使用執照之建築概要表記載項目有：梯間、警衛室、電信室、排煙室、水箱、發電機室、台電配電室、防空避難室兼停車空間、停車空間（法定停車位１８輛、獎勵停車位１０輛）、機械室、儲藏室、樓梯間、電梯間、電梯機房、消防水箱等１５項。,鋼筋混凝土造,101年3月22日,十三層,,
RPPOMLRLKIKGFAB87CC,14,17.59,集合住宅,鋼筋混凝土造,101年3月22日,十三層,,
RPPOMLRLKIKGFAB87CC,14,5.74,本共有部分係依使用執照之建築概要表記載項目有：梯間、警衛室、電信室、排煙室、水箱、發電機室、台電配電室、防空避難室兼停車空間、停車空間（法定停車位１８輛、獎勵停車位１０輛）、機械室、儲藏室、樓梯間、電梯間、電梯機房、消防水箱等１５項。,鋼筋混凝土造,101年3月22日,十三層,,
RPSNMLSLKIKGFCB38CC,17,167.53,住家用,鋼筋混凝土造,97年6月30日,二十三層,,
RPTNMLSLKIKGFCB48CC,40,49.38,商業用,鋼筋混凝土造,75年3月19日,四層,,
RPSNMLSLKIKGFCB38CC,17,87.91,共用,鋼筋混凝土造,97年6月30日,二十三層,,
RPSNMLRLKIKGFCB28CC,34,22.74,住家用,鋼筋混凝土造,80年12月6日,十二層,,
RPSNMLRLKIKGFCB28CC,34,16.84,共有部份,鋼筋混凝土造,80年12月6日,十二層,,
RPUNMLRLKIKGFAB28CC,14,16.53,集合住宅,鋼筋混凝土造,101年3月22日,十三層,,
RPPNMLSLKIKGFCB08CC,1,74.10,集合住宅,鋼筋混凝土造,114年1月20日,二十三層,,
RPXNMLRLKIKGFAB58CC,14,29.49,集合住宅,鋼筋混凝土造,101年3月22日,十三層,,
RPPNMLSLKIKGFCB08CC,1,61.22,本共有部分係依使用執照之建築概要表記載項目有：防空避難室兼停車空間、消防機房及中繼機房、污水機房、水箱、安全梯、安全梯兼無障礙梯、昇降機間、排煙室、停車空間、台電配電室、發電機房、電信機房、電錶區、水池機房、戶外安全梯、特別安全梯、梯廳、公共服務空間、排煙室兼梯廳、無障礙廁所、車道、資源回收室、走廊、廁所、防災中心、特別安全梯兼無障礙梯、戶外安全梯兼無障礙梯、樓梯間、水錶室、機械室、中繼機房等三十一項。,鋼筋混凝土造,114年1月20日,二十三層,,
RPUNMLRLKIKGFAB28CC,14,5.40,本共有部分係依使用執照之建築概要表記載項目有：梯間、警衛室、電信室、排煙室、水箱、發電機室、台電配電室、防空避難室兼停車空間、停車空間（法定停車位１８輛、獎勵停車位１０輛）、機械室、儲藏室、樓梯間、電梯間、電梯機房、消防水箱等１５項。,鋼筋混凝土造,101年3月22日,十三層,,
RPXNMLRLKIKGFAB58CC,14,9.76,本共有部分係依使用執照之建築概要表記載項目有：梯間、警衛室、電信室、排煙室、水箱、發電機室、台電配電室、防空避難室兼停車空間、停車空間（法定停車位１８輛、獎勵停車位１０輛）、機械室、儲藏室、樓梯間、電梯間、電梯機房、消防水箱等１５項。,鋼筋混凝土造,101年3月22日,十三層,,
RPPNMLTLKIKGFAB97CC,2,28.43,集合住宅,鋼骨鋼筋混凝土造,113年5月27日,五層,,
RPRNMLSLKIKGFCB28CC,17,130.85,住家用,鋼筋混凝土造,97年6月30日,二十三層,,
RPRNMLSLKIKGFCB28CC,17,75.07,共用,鋼筋混凝土造,97年6月30日,二十三層,,
RPTNMLRLKIKGFCB38CC,35,64.61,住家用,鋼筋混凝土造,80年5月6日,七層,,
RPTNMLRLKIKGFCB38CC,35,14.72,共有部分,鋼筋混凝土造,80年5月6日,七層,,
RPQNMLTLKIKGFAB08CC,29,25.30,住家用,鋼骨造,86年1月31日,二十八層,,
RPQNMLTLKIKGFAB08CC,29,.92,共同使用,鋼骨造,86年1月31日,二十八層,,
RPQNMLTLKIKGFAB08CC,29,7.69,公共設施,鋼骨造,86年1月31日,二十八層,,
RPQNMLTLKIKGFAB08CC,29,3.48,共有部份,鋼骨造,86年1月31日,二十八層,,
RPSNMLTLKIKGFAB28CC,29,25.75,住家用,鋼骨造,86年1月31日,二十八層,,
RPRNMLTLKIKGFAB18CC,29,24.38,住家用,鋼骨造,86年1月31日,二十八層,,
RPSNMLTLKIKGFAB28CC,29,1.26,共同使用,鋼骨造,86年1月31日,二十八層,,
RPRNMLTLKIKGFAB18CC,29,1.17,共同使用,鋼骨造,86年1月31日,二十八層,,
RPSNMLTLKIKGFAB28CC,29,7.87,公共設施,鋼骨造,86年1月31日,二十八層,,
RPTNMLTLKIKGFAB38CC,32,30.27,住家用,鋼筋混凝土造,83年6月15日,十二層,,
RPRNMLTLKIKGFAB18CC,29,7.45,公共設施,鋼骨造,86年1月31日,二十八層,,
RPSNMLTLKIKGFAB28CC,29,4.73,共有部份,鋼骨造,86年1月31日,二十八層,,
RPTNMLTLKIKGFAB38CC,32,7.32,共有部分,鋼筋混凝土造,83年6月15日,十二層,,
RPRNMLTLKIKGFAB18CC,29,4.55,共有部份,鋼骨造,86年1月31日,二十八層,,
RPSNMLTLKIKGFBB38CC,26,176.04,住家用,鋼筋混凝土造,89年1月11日,十三層,,
RPQNMLTLKIKGFBB18CC,34,25.48,住家用,鋼筋混凝土造,80年9月30日,七層,,
RPVNMLTLKIKGFBB68CC,45,53.04,住家用,鋼筋混凝土造,70年3月12日,十層,,
RPQNMLTLKIKGFBB18CC,34,9.14,共有部分,鋼筋混凝土造,80年9月30日,七層,,
RPVNMLTLKIKGFBB68CC,45,9.03,共有部份,鋼筋混凝土造,70年3月12日,十層,,
RPUNMLTLKIKGFBB58CC,32,86.90,商業用,鋼筋混凝土造,82年10月21日,十八層,,
RPPNMLTLKIKGFBB08CC,4,45.09,集合住宅,鋼筋混凝土造,110年10月20日,二十二層,,
RPPNMLTLKIKGFBB08CC,4,39.47,本共有部份係依使用執照之建築概要表記載項目有：防空避難室兼停車空間，消防機械室，揚水泵機房，雨污水機房，安全梯，機械室，停車空間，水箱，消防中繼機房，電信室，發電機室，景觀機房，廁所，垃圾儲藏室，台電配電室，電錶區，受電箱區，機車道，門廳，防災中心，管委會使用空間，車道等２２項,鋼筋混凝土造,110年10月20日,二十二層,,
RPPNMLTLKIKGFBB08CC,4,18.93,本共有部份係依使用執照之建築概要表記載項目有：水箱，揚水泵機房，緊急昇降機間排煙室，緊急昇降機，一般昇降機，特別安全梯，排煙室，梯廳，電梯間，噴灌機房，機房，安全梯，消防中繼機房，消防中繼水箱，自來水箱，機械室，消防水箱等１７項,鋼筋混凝土造,110年10月20日,二十二層,,
RPRNMLTLKIKGFBB28CC,40,96.41,住家用,鋼筋混凝土造,74年10月19日,五層,,
RPWNMLTLKIKGFBB78CC,2,104.18,集合住宅,鋼筋混凝土造,113年5月21日,二十二層,,
RPWNMLTLKIKGFBB78CC,2,76.45,本共有部分係依使用執照之建築概要表記載項目有：防空避難室兼停車空間，排煙室，樓梯間，一般昇降機，緊急昇降機，消防機房，汙雨水機房，水箱，停車空間，中繼機房，機房，緊急發電機室，台電配電室，電信室，景觀機房等１５項。,鋼筋混凝土造,113年5月21日,二十二層,,
RPWNMLTLKIKGFBB78CC,2,36.92,本共有部分係依使用執照之建築概要表記載項目有：梯廳，排煙室，樓梯間，一般昇降機，緊急昇降機，管委會使用空間，門廳，垃圾集中室，守衛亭，防災中心，梯間，水錶箱室，機械室，消防中繼機房，電梯機房，水箱等１６項。,鋼筋混凝土造,113年5月21日,二十二層,,
RPPOMLTLKIKGFBB18CC,27,65.89,住家用,鋼筋混凝土造,88年1月8日,六層,,
RPPOMLTLKIKGFBB18CC,27,39.88,共有部份,鋼筋混凝土造,88年1月8日,六層,,
RPXNMLTLKIKGFBB88CC,31,56.33,住家用,鋼筋混凝土造,84年6月1日,十四層,,
RPXNMLTLKIKGFBB88CC,31,26.88,共有部分,鋼筋混凝土造,84年6月1日,十四層,,
RPROMLTLKIKGFBB38CC,3,82.83,集合住宅,鋼筋混凝土造,112年1月6日,十二層,,
RPROMLTLKIKGFBB38CC,3,72.90,本共有部分係依使用執照之建築概要表記載項目有：停車空間，安全梯，無障礙樓梯，車道，昇降機，供行動不便使用昇降機，排煙室，緊急昇降機，消防泵浦室，汙水機房，水箱，防空避難室兼停車空間，台電配電室，電信室，梯廳，發電機室，管委會使用空間，戶外安全梯，樓梯間，電梯機房等２０項。,鋼筋混凝土造,112年1月6日,十二層,,
RPVOMLTLKIKGFBB78CC,29,20.86,住家用,鋼筋混凝土造,85年8月29日,七層,,
RPVOMLTLKIKGFBB78CC,29,9.27,共有部分,鋼筋混凝土造,85年8月29日,七層,,
RPTOMLTLKIKGFBB58CC,25,72.83,住家用,鋼筋混凝土造,89年8月19日,八層,,
RPTOMLTLKIKGFBB58CC,25,46.46,共有部分,鋼筋混凝土造,89年8月19日,八層,,
RPSOMLTLKIKGFBB48CC,1,59.65,集合住宅,鋼筋混凝土造,113年6月27日,十五層,,
RPTOMLTLKIKGFBB58CC,25,6.90,共有部分,鋼筋混凝土造,89年8月19日,八層,,
RPSOMLTLKIKGFBB48CC,1,51.96,本共有部分係依使用執照之建築概要表記載項目有：停車空間，車道，電梯，無障礙電梯，緊急昇降機，排煙室，污水機房，雨水機房，水箱，消防機房，樓梯間，無障礙樓梯間，機械室，電信室，防空避難室兼停車空間，台電配電室，緊急發電機室，機車停車區，電錶區，受電箱區，管理委員會使用空間，資源回收室，梯廳，水錶室，等２４項,鋼筋混凝土造,113年6月27日,十五層,,
RPSOMLTLKIKGFBB48CC,1,15.01,本共有部分係依使用執照之建築概要表記載項目有：樓梯間，電梯，梯廳，排煙室，無障礙電梯，緊急昇降機，無障礙樓梯間等７項,鋼筋混凝土造,113年6月27日,十五層,,
RPUOMLTLKIKGFBB68CC,27,28.22,住家用,鋼筋混凝土造,88年6月16日,二十層,,
RPUOMLTLKIKGFBB68CC,27,4.21,共有部分,鋼筋混凝土造,88年6月16日,二十層,,
RPUOMLTLKIKGFBB68CC,27,1.03,共有部分,鋼筋混凝土造,88年6月16日,二十層,,
RPUOMLTLKIKGFBB68CC,27,8.84,共有部分,鋼筋混凝土造,88年6月16日,二十層,,
RPXOMLTLKIKGFBB98CC,57,48.23,商業用,鋼筋混凝土加強磚造,58年4月25日,二層,,
RPOPMLTLKIKGFBB18CC,20,31.88,共有部份,鋼筋混凝土造,94年12月8日,十八層,,
RPPOMLTLKIKGFAB08CC,42,82.16,集合住宅,鋼筋混凝土造,73年4月23日,七層,,
RPVNMLTLKIKGFAB58CC,43,96.48,住家用,鋼筋混凝土造,71年12月1日,五層,,
RPQOMLTLKIKGFAB18CC,30,203.01,集合住宅,鋼筋混凝土造,84年9月12日,七層,,
RPQOMLTLKIKGFAB18CC,30,39.04,停車空間、防空避難室,鋼筋混凝土造,84年9月12日,七層,,
RPQOMLTLKIKGFAB18CC,30,1.24,車道,鋼筋混凝土造,84年9月12日,七層,,
RPROMLTLKIKGFAB28CC,29,25.30,住家用,鋼骨造,86年1月31日,二十八層,,
RPQOMLTLKIKGFAB18CC,30,4.01,人行道、受電室,鋼筋混凝土造,84年9月12日,七層,,
RPROMLTLKIKGFAB28CC,29,.92,共同使用,鋼骨造,86年1月31日,二十八層,,
RPQOMLTLKIKGFAB18CC,30,21.74,樓梯間、走道,鋼筋混凝土造,84年9月12日,七層,,
RPROMLTLKIKGFAB28CC,29,7.69,公共設施,鋼骨造,86年1月31日,二十八層,,
RPQOMLTLKIKGFAB18CC,30,7.78,樓梯間、機械室、水箱,鋼筋混凝土造,84年9月12日,七層,,
RPROMLTLKIKGFAB28CC,29,3.48,共有部份,鋼骨造,86年1月31日,二十八層,,
RPUNMLTLKIKGFAB48CC,43,22.00,住家用,鋼筋混凝土造,71年8月20日,七層,,
RPUOMLTLKIKGFAB58CC,5,61.64,集合住宅,鋼筋混凝土造,109年11月25日,十五層,,
RPUNMLTLKIKGFAB48CC,43,.96,避難室,鋼筋混凝土造,71年8月20日,七層,,
RPUOMLTLKIKGFAB58CC,5,40.74,本共有部分係依使用執照之建築概要表記載項目有：停車空間、緊急發電機室、消防機房、防空避難室兼停車空間、台電配電室、電錶區、受電箱區、備品室、管委會空間（商場附屬空間）管理、臨停車位區、交誼大廳等共１１項,鋼筋混凝土造,109年11月25日,十五層,,
RPUNMLTLKIKGFAB48CC,43,2.36,共有部份,鋼筋混凝土造,71年8月20日,七層,,
RPUOMLTLKIKGFAB58CC,5,20.37,本共有部分係依使用執照之建築概要表記載項目有：排煙室、一般昇降機、緊急昇降機、污水機房、水箱、一般安全梯、電信室、景觀機房、特別安全梯、戶外安全梯、梯廳、排煙機房、消防水箱、升降機械室等共１４項。,鋼筋混凝土造,109年11月25日,十五層,,
RPSOMLTLKIKGFAB38CC,29,56.37,集合住宅,鋼筋混凝土造,85年6月27日,二十一層,,
RPSOMLTLKIKGFAB38CC,29,30.18,共同使用,鋼筋混凝土造,85年6月27日,二十一層,,
RPTOMLTLKIKGFAB48CC,31,71.41,住家用,鋼筋混凝土造,84年1月13日,十九層,,
RPTOMLTLKIKGFAB48CC,31,10.71,共有部分,鋼筋混凝土造,84年1月13日,十九層,,
RPTOMLTLKIKGFAB48CC,31,15.11,梯間．水箱．機械室,鋼筋混凝土造,84年1月13日,十九層,,
RPTOMLTLKIKGFAB48CC,31,9.15,共有部分,鋼筋混凝土造,84年1月13日,十九層,,
RPQPMLTLKIKGFBB38CC,4,17.32,本共有部份係依使用執照之建築概要表記載項目有：防空避難室兼停車空間，樓梯間，昇降機間，梯廳，消防機房，污雨水機房，水箱，停車空間，電信機房，機房，緊急發電機室，台電配電室，管委會使用空間，車道，電梯機房等１５項。,鋼筋混凝土造,111年5月18日,十三層,,
RPWNMLTLKIKGFAB68CC,29,25.30,住家用,鋼骨造,86年1月31日,二十八層,,
RPXNMLTLKIKGFAB78CC,29,25.30,住家用,鋼骨造,86年1月31日,二十八層,,
RPXNMLTLKIKGFAB78CC,29,.92,共同使用,鋼骨造,86年1月31日,二十八層,,
RPWNMLTLKIKGFAB68CC,29,.92,共同使用,鋼骨造,86年1月31日,二十八層,,
RPXNMLTLKIKGFAB78CC,29,7.75,公共設施,鋼骨造,86年1月31日,二十八層,,
RPWNMLTLKIKGFAB68CC,29,7.75,公共設施,鋼骨造,86年1月31日,二十八層,,
RPXNMLTLKIKGFAB78CC,29,3.48,共有部份,鋼骨造,86年1月31日,二十八層,,
RPWNMLTLKIKGFAB68CC,29,3.48,共有部份,鋼骨造,86年1月31日,二十八層,,
RPPPMLTLKIKGFBB28CC,29,20.46,住家用,鋼筋混凝土造,85年7月15日,十四層,,
RPPPMLTLKIKGFBB28CC,29,6.58,共有部分,鋼筋混凝土造,85年7月15日,十四層,,
RPPPMLTLKIKGFBB28CC,29,4.93,共有部分,鋼筋混凝土造,85年7月15日,十四層,,
RPPNMLTLKIKGFCB18CC,19,16.00,住家用,鋼筋混凝土造,95年6月28日,十層,,
RPRPMLTLKIKGFBB48CC,4,62.44,集合住宅,鋼筋混凝土造,111年4月25日,十五層,,
RPRPMLTLKIKGFBB48CC,4,55.63,本共有部分係依使用執照之建築概要表記載項目有：防空避難室兼停車空間、排煙室、樓梯間、昇降機間、消防機房、雨水機房、車道、水箱、停車空間、機械室、台電配電室、電信室、發電機房、門廳、走廊、頂蓋型開放空間、公共服務空間、資源回收中心、梯廳、梯間、水錶箱室、電梯機房等２２項。,鋼筋混凝土造,111年4月25日,十五層,,
RPSNMLTLKIKGFCB48CC,17,383.62,店舖、住宅、停車空間、樓梯間、水箱,鋼筋混凝土造,97年6月20日,五層,,
RPRNMLTLKIKGFCB38CC,31,13.00,住商用,鋼筋混凝土造,83年8月23日,六層,,
RPQNMLTLKIKGFCB28CC,20,11.00,住家用,鋼筋混凝土造,95年6月28日,十層,,
RPTNMLTLKIKGFCB58CC,33,52.11,住家用,鋼筋混凝土造,82年3月12日,七層,,
RPTNMLTLKIKGFCB58CC,33,22.17,共有部份,鋼筋混凝土造,82年3月12日,七層,,
RPUNMLTLKIKGFCB68CC,16,134.23,住家用,鋼筋混凝土造,99年2月9日,十四層,,
RPUNMLTLKIKGFCB68CC,16,118.41,共有部份之項目有：停車空間、梯廳、安全梯、緊急昇降機、排煙室、水箱、污水機房、消防機房、電信機房、發電機機房、防空避難室兼停車空間、台電配電室、水景機房、走廊、管委會空間、公共服務空間、陽台、車道、環保室、樓梯間、水錶室、電梯機械室等二十二項。,鋼筋混凝土造,99年2月9日,十四層,,
RPWNMLTLKIKGFCB88CC,37,23.32,住商用,鋼筋混凝土造,77年8月26日,五層,,
RPVNMLTLKIKGFCB78CC,20,59.60,住家用,鋼筋混凝土造,94年11月10日,二十三層,,
RPVNMLTLKIKGFCB78CC,20,28.11,共用,鋼筋混凝土造,94年11月10日,二十三層,,
RPXNMLTLKIKGFCB98CC,31,77.56,住家用,鋼筋混凝土造,84年2月15日,十六層,,
RPXNMLTLKIKGFCB98CC,31,26.40,共有部份,鋼筋混凝土造,84年2月15日,十六層,,
RPXNMLTLKIKGFCB98CC,31,16.89,共有部份,鋼筋混凝土造,84年2月15日,十六層,,
RPOOMLTLKIKGFCB18CC,37,23.32,住商用,鋼筋混凝土造,77年8月26日,五層,,
RPQOMLTLKIKGFCB38CC,30,19.05,住家用,鋼筋混凝土造,84年10月12日,十一層,,
RPROMLTLKIKGFCB48CC,17,101.03,住家用,鋼筋混凝土造,97年6月27日,十五層,,
RPQOMLTLKIKGFCB38CC,30,11.59,共有部份,鋼筋混凝土造,84年10月12日,十一層,,
RPROMLTLKIKGFCB48CC,17,46.92,共用,鋼筋混凝土造,97年6月27日,十五層,,
RPROMLTLKIKGFCB48CC,17,16.52,共用,鋼筋混凝土造,97年6月27日,十五層,,
RPSOMLTLKIKGFCB58CC,6,26.45,招待所（僅對特定對象提供臨時性住宿服務之招待所）,鋼筋混凝土造,109年4月30日,五層,,
RPWOMLTLKIKGFCB98CC,38,78.34,住家用,鋼筋混凝土造,77年2月5日,五層,,
RPPNMLTLKIKGFDB28CC,27,16.53,住家用,鋼筋混凝土造,87年9月29日,九層,,
RPTOMLTLKIKGFCB68CC,6,22.15,招待所（僅對特定對象提供臨時性住宿服務之招待所）,鋼筋混凝土造,109年4月30日,五層,,
RPQNMLTLKIKGFDB38CC,4,26.77,停車空間、住宅,鋼筋混凝土造,111年5月24日,五層,,
RPPOMLTLKIKGFCB28CC,16,53.18,住家用,鋼筋混凝土造,99年1月12日,二十六層,,
RPPOMLTLKIKGFCB28CC,16,25.10,本共有部分之項目有防空避難室兼停車空間、停車空間、發電機室、門廳、消防機房、垃圾處理空間、昇降設備、梯間、水箱、機房、排煙室、梯廳、進氣管道、排氣管道、特別安全梯、車道、污水機房、電信管道、給水管道、弱電管道、電信室、蓄水池、機械室、台電配電室、泳池噴灌機房、社區游泳池、儲藏室、機坑、防災中心、走廊、中繼水箱、中繼機械室、避難平台等三十二項,鋼筋混凝土造,99年1月12日,二十六層,,
RPRNMLTLKIKGFFB68CC,4,98.11,集合住宅,鋼筋混凝土造,111年2月16日,十五層,,
RPRNMLTLKIKGFFB68CC,4,31.19,停車空間、防空避難室兼停車空間等２項。,鋼筋混凝土造,111年2月16日,十五層,,
RPQNMLTLKIKGFFB58CC,,126.46,店舖,鋼筋混凝土造,114年6月6日,二十八層,,
RPSNMLTLKIKGFFB78CC,2,91.15,集合住宅,鋼筋混凝土造,112年11月19日,十五層,,
RPRNMLTLKIKGFFB68CC,4,15.48,梯廳、管理委員會使用空間、大廳、外廊、風除室、廊道、車道、停車場排風管道、機車停車空間、台電配電室、電信室、電錶區、發電機房、水景機房、垃圾儲藏室、景觀機房、停車場進風管道、消防機房、雨水回收機房等１９項。,鋼筋混凝土造,111年2月16日,十五層,,
RPQNMLTLKIKGFFB58CC,,34.23,排煙室、昇降機、無障礙安全梯、特別安全梯、無障礙樓梯、梯廳兼排煙室、梯廳、管委會空間、中繼機房、中繼水箱、電梯間、水錶室、樓梯間、電梯機房、機電空間、水箱、安全梯、水箱機房、消防水箱等１９項,鋼筋混凝土造,114年6月6日,二十八層,,
RPSNMLTLKIKGFFB78CC,2,69.87,防空避難室兼停車空間、排煙室、樓梯間、昇降機間、車道、水箱、污水機房、消防機房、停車空間、機房、緊急發電機室、電信室、台電配電室、機車停車區、門廳、梯廳、公設（閱覽室）、公設（休閒室）、管委會使用空間、走廊、垃圾集中室、門廳兼梯廳、儲藏室、無障礙廁所、梯間、水錶箱室、電梯機房等２７項。,鋼筋混凝土造,112年11月19日,十五層,,
RPRNMLTLKIKGFFB68CC,4,32.18,排煙室、昇降機、緊急昇降機、特別安全梯、水箱、梯廳、機械室（水錶室）、機房、電梯機房、消防水箱、屋突水箱、水箱室等１２項。,鋼筋混凝土造,111年2月16日,十五層,,
RPQNMLTLKIKGFFB58CC,,29.27,消防機房、雨水回收機房、車道、機房、水箱、停車空間、進風管道、公共水箱、防空避難室兼停車空間、台電配電室、發電機房、泳池水箱、公共電氣室、機車車道、管委會使用空間、昇降機、大廳、梯廳、警衛室、儲藏室、風除室、排風機房、防災中心、電信室、垃圾暫存室、附屬社區共用空間、附屬共用廚房、機電設備空間、電梯間、設備空間、泳池機房、景觀機房、游泳池、管委會空間、樓電梯間、機電空間、樓梯間等３７項,鋼筋混凝土造,114年6月6日,二十八層,,
RPPNMLTLKIKGFIB78CC,34,70.67,集合住宅,鋼筋混凝土造,81年5月30日,五層,,
RPPNMLTLKIKGFIB78CC,34,7.60,共有部份,鋼筋混凝土造,81年5月30日,五層,,
RPQNMLTLKIKGFIB88CC,6,43.01,集合住宅,鋼筋混凝土造,109年3月31日,十五層,,
RPQNMLTLKIKGFIB88CC,6,21.91,本共有部分之項目有梯間、樓梯間、機電空間、水箱、停車空間、管委會空間、防空避難室、門廳、梯廳等９項。,鋼筋混凝土造,109年3月31日,十五層,,
RPSNMLTLKIKGFIB09CC,6,112.66,店舖,鋼筋混凝土造,109年1月2日,十一層,,
RPSNMLTLKIKGFIB09CC,6,43.77,本共有部分之項目有防空避難室兼停車空間．機械室．污／雨水機房．排煙室．昇降機間．安全梯．消防機械室．水箱．停車空間．台電配電室．發電機室．電信室等１２項。,鋼筋混凝土造,109年1月2日,十一層,,
RPSNMLTLKIKGFIB09CC,6,30.62,本共有部分之項目有緊急昇降機．一般昇降機．排煙室．戶外安全梯．梯廳．車道．走廊．管委會使用空間．公共服務空間．垃圾處理室．梯間．昇降機間．水錶室．機械室．水箱．樓梯間等１６項。,鋼筋混凝土造,109年1月2日,十一層,,
RPUNMLTLKIKGFIB66CC,30,82.82,集合住宅,鋼筋混凝土造,84年12月22日,十六層,,
RPUNMLTLKIKGFIB66CC,30,38.64,共有部份,鋼筋混凝土造,84年12月22日,十六層,,
RPTNMLTLKIKGFIB56CC,35,214.69,住宅、避難室,鋼筋混凝土造,79年7月22日,四層,,
RPXOMLTLKIKGFCB09CC,16,39.61,住家用,鋼筋混凝土造,98年8月13日,二十六層,,
RPXOMLTLKIKGFCB09CC,16,22.27,共有,鋼筋混凝土造,98年8月13日,二十六層,,
RPXOMLTLKIKGFCB09CC,16,15.60,共有,鋼筋混凝土造,98年8月13日,二十六層,,
RPWNMLTLKIKGFIB86CC,3,56.07,集合住宅,鋼筋混凝土造,111年11月9日,十二層,,
RPPPMLTLKIKGFCB38CC,3,20.90,寄宿舍,鋼筋混凝土造,111年7月28日,七層,,
RPWNMLTLKIKGFIB86CC,3,47.63,停車空間、機械室、水箱、梯廳、升降機間、安全梯、防空避難室兼停車空間、台電配電室、發電機室等９項。,鋼筋混凝土造,111年11月9日,十二層,,
RPVNMLTLKIKGFIB76CC,20,17.24,單身員工宿舍,鋼筋混凝土造,94年7月6日,五層,,
RPVNMLTLKIKGFIB76CC,20,20.48,共有部份,鋼筋混凝土造,94年7月6日,五層,,
RPPPMLTLKIKGFCB38CC,3,14.24,本共有部分係依使用執照之建築概要表記載項目有：防空避難室兼停車空間、台電配電室、消防及發電機房、電信室、水箱、樓梯間、無障礙昇降機、梯廳、辦公室、管委會使用空間、親子廁所、無障礙廁所、資源回收空間、機房、機房＋管道間、走廊、車道、管道間等十八項。,鋼筋混凝土造,111年7月28日,七層,,
RPXNMLTLKIKGFIB96CC,3,54.16,集合住宅,鋼筋混凝土造,112年4月24日,十二層,,
RPXNMLTLKIKGFIB96CC,3,53.60,法定防空避難室兼停車空間、無障礙安全梯、安全梯、無障礙昇降機、緊急昇降機、排煙室、梯廳、雨．污水機房、水箱、消防機房、車道、停車空間、台電配電室、緊急發電機室、電信室、無障礙戶外安全梯、戶外安全梯、機械室、管委會使用空間（大廳、資源回收室、會議室、社區經理值班室、郵務室）等１９項。,鋼筋混凝土造,112年4月24日,十二層,,
RPRNMLTLKIKGFKB56CC,33,10.00,住家用,鋼筋混凝土造,81年12月29日,四層,,
RPQPMLTLKIKGFCB48CC,34,29.33,住家用,鋼筋混凝土造,80年12月6日,十二層,,
RPQPMLTLKIKGFCB48CC,34,20.67,共有部份,鋼筋混凝土造,80年12月6日,十二層,,
RPPNMLTLKIKGFKB98CC,37,16.54,住家用,鋼筋混凝土造,77年9月10日,五層,,
RPPNMLTLKIKGFKB98CC,37,3.03,梯間及走道,鋼筋混凝土造,77年9月10日,五層,,
RPQNMLTLKIKGFKB09CC,34,10.00,儲藏室、住房,鋼筋混凝土造,81年2月10日,四層,,
RPSNMLTLKIKGFKB66CC,45,118.34,住商用,加強磚造,69年12月1日,二層,,
RPPNMLTLKIKGFFB58DC,1,58.81,集合住宅,鋼筋混凝土造,113年10月11日,二十二層,,
RPPNMLTLKIKGFFB58DC,1,54.96,防空避難室兼停車空間、排煙室、樓梯間、一般昇降機、緊急昇降機、消防機房、污水機房、雨水機房、Ａ梯水箱、Ｂ梯水箱、車道、梯廳、停車空間、機房、台電配電室、電信室、緊急發電機室、消防中繼機房、防災中心、管委會使用空間、外廊、資源回收室、門廳兼梯廳、無障礙廁所、機車停車區、水錶箱室、梯間、水箱、電梯機房等２９項。,鋼筋混凝土造,113年10月11日,二十二層,,
RPPNMLKMKIKGFAB17CC,30,20.28,集合住宅,鋼骨鋼筋混凝土造,85年1月19日,二十二層,,
RPQNMLKMKIKGFAB27CC,,115.07,住家用,見其他登記事項,,二層,,
RPPNMLKMKIKGFAB17CC,30,2.28,樓梯間．機房．蓄水池,鋼骨鋼筋混凝土造,85年1月19日,二十二層,,
RPPNMLKMKIKGFAB17CC,30,2.53,樓梯間,鋼骨鋼筋混凝土造,85年1月19日,二十二層,,
RPPNMLKMKIKGFAB17CC,30,6.70,防空避難室兼停車空間．走道,鋼骨鋼筋混凝土造,85年1月19日,二十二層,,
RPPNMLKMKIKGFAB17CC,30,8.30,走道,鋼筋混凝土造,85年1月19日,二十二層,,
RPSNMLKMKIKGFAB47CC,40,47.77,住家用,鋼筋混凝土造,75年6月17日,五層,,
RPSNMLKMKIKGFAB47CC,40,6.72,梯間，人行道，貯水池,鋼筋混凝土造,75年6月17日,五層,,
RPRNMLKMKIKGFAB37CC,19,52.99,集合住宅,鋼筋混凝土造,95年10月26日,三十二層,,
RPRNMLKMKIKGFAB37CC,19,8.83,共用,鋼筋混凝土造,95年6月22日,三十二層,,
RPRNMLKMKIKGFAB37CC,19,22.15,共用,鋼筋混凝土造,95年10月26日,三十二層,,
RPPNMLKMKIKGFBB27CC,42,27.44,住商用,鋼筋混凝土造,72年6月24日,三層,,
RPRNMLKMKIKGFBB47CC,29,20.86,住家用,鋼筋混凝土造,85年8月29日,七層,,
RPRNMLKMKIKGFBB47CC,29,9.27,共有部分,鋼筋混凝土造,85年8月29日,七層,,
RPQNMLKMKIKGFBB37CC,37,79.30,住家用,鋼筋混凝土造,78年6月13日,八層,,
RPQNMLKMKIKGFBB37CC,37,27.89,共有部分,鋼筋混凝土造,78年6月13日,八層,,
RPSNMLKMKIKGFBB57CC,20,21.82,住房，店舖，機電設備空間，人行道，停車空間，梯間,鋼筋混凝土造,95年4月4日,四層,,
RPWNMLKMKIKGFAB87CC,43,83.86,住家用,鋼筋混凝土造,72年5月5日,五層,,
RPWNMLKMKIKGFAB87CC,43,6.57,共有部分,鋼筋混凝土造,72年5月5日,五層,,
RPTNMLKMKIKGFAB57CC,38,30.47,住家用,鋼筋混凝土造,76年11月16日,七層,,
RPTNMLKMKIKGFAB57CC,38,10.42,走道，梯間，人行道，配電室,鋼筋混凝土造,76年11月16日,七層,,
RPPOMLKMKIKGFAB27CC,58,106.00,住家用,鐵筋加強磚造,57年2月22日,二層,,
RPXNMLKMKIKGFAB97CC,31,20.89,住家用,鋼筋混凝土造,83年11月24日,六層,,
RPXNMLKMKIKGFAB97CC,31,3.75,共有部分,鋼筋混凝土造,83年11月24日,六層,,
RPOOMLKMKIKGFAB17CC,29,20.77,住家用,鋼筋混凝土造,86年3月11日,九層,,
RPVNMLKMKIKGFAB77CC,42,80.40,集合住宅,鋼筋混凝土造,73年4月23日,七層,,
RPOOMLKMKIKGFAB17CC,29,5.03,共同使用,鋼筋混凝土造,86年3月11日,九層,,
RPOOMLKMKIKGFAB17CC,29,5.68,共同使用,鋼筋混凝土造,86年3月11日,九層,,
RPUNMLKMKIKGFAB67CC,33,90.93,住家用,鋼筋混凝土造,81年10月23日,十四層,,
RPUNMLKMKIKGFAB67CC,33,22.00,梯間、人行道、水箱、停車空間、防空避難室、機械房、開放空間,鋼筋混凝土造,81年10月23日,十四層,,
RPTNMLKMKIKGFBB67CC,29,62.39,住家用,鋼筋混凝土造,85年8月27日,七層,,
RPTNMLKMKIKGFBB67CC,29,.00,共有部分,鋼筋混凝土造,85年8月27日,七層,,
RPTNMLKMKIKGFBB67CC,29,18.45,共有部分,鋼筋混凝土造,85年8月27日,七層,,
RPWNMLKMKIKGFBB97CC,20,47.70,住家用,鋼筋混凝土造,94年12月8日,十八層,,
RPWNMLKMKIKGFBB97CC,20,19.13,共有部份,鋼筋混凝土造,94年12月8日,十八層,,
RPVNMLKMKIKGFBB87CC,1,60.69,集合住宅,鋼筋混凝土造,114年1月16日,二十四層,,
RPVNMLKMKIKGFBB87CC,1,58.08,本共有部份係依使用執照之建築概要表記載項目有：防空避難室兼停車空間，排煙室，樓梯間，一般昇降機，緊急昇降機，汙水機械室，機械室，消防機房，水箱，車道，一般安全梯，停車空間，電信室，水景機械室，戲水池機房，緊急發電機室，台電配電室，消防蓄水池，電錶室，防災中心，消防中繼機房，梯廳，公設管委會使用空間，門廳，儲藏室，管理室，特別安全梯，梯間，消防水箱，水錶箱室，電梯機房等３２項。,鋼筋混凝土造,114年1月16日,二十四層,,
RPXNMLKMKIKGFBB08CC,32,45.03,住家用,鋼筋混凝土造,83年2月17日,六層,,
RPXNMLKMKIKGFBB08CC,32,21.00,共有部份,鋼筋混凝土造,83年2月17日,六層,,
RPOOMLKMKIKGFBB27CC,30,83.89,住家用,鋼筋混凝土造,85年6月18日,九層,,
RPOOMLKMKIKGFBB27CC,30,23.57,共有部分,鋼筋混凝土造,85年6月18日,九層,,
RPPOMLKMKIKGFBB37CC,32,84.53,集合住宅,鋼筋混凝土造,82年11月23日,七層,,
RPPOMLKMKIKGFBB37CC,32,15.45,共有部分,鋼筋混凝土造,82年11月23日,八層,,
RPPNMLTLKIKGFJB88CC,33,81.82,集合住宅,鋼筋混凝土造,81年7月15日,十一層,,
RPQNMLTLKIKGFJB98CC,39,252.76,店住宅、避難室,鋼筋混凝土造,75年10月16日,四層,,
RPQOMLKMKIKGFBB47CC,3,58.33,集合住宅,鋼筋混凝土造,112年3月14日,十五層,,
RPPNMLTLKIKGFJB88CC,33,7.91,防空避難室、梯間、水箱、機械室、車道、人行道、停車空間,鋼筋混凝土造,81年7月15日,十一層,,
RPSOMLKMKIKGFBB67CC,31,34.50,住家用,鋼筋混凝土造,84年6月7日,二十一層,,
RPSOMLKMKIKGFBB67CC,31,21.76,共有部分,鋼筋混凝土造,84年6月7日,二十一層,,
RPROMLKMKIKGFBB57CC,31,38.04,住家用,鋼筋混凝土造,84年6月7日,二十一層,,
RPQOMLKMKIKGFBB47CC,3,18.08,本共有部分係依使用執照之建築概要表記載項目有：管委會使用空間，門廳，戶外安全梯，梯廳，排煙室，昇降機道，垃圾集中貯存空間，走廊，水錶室，梯間，機械室，水箱等１２項。,鋼筋混凝土造,112年3月14日,十五層,,
RPROMLKMKIKGFBB57CC,31,23.99,共有部份,鋼筋混凝土造,84年6月7日,二十一層,,
RPQOMLKMKIKGFBB47CC,3,43.24,本共有部分係依使用執照之建築概要表記載項目有：防空避難室兼停車空間，車道，消防機械室，污水機械室，雨水機械室，水箱，梯廳，排煙室，昇降機道，安全梯，停車空間，台電配電室，電信室，發電機室，機械室，景觀機械室等１６項。,鋼筋混凝土造,112年3月14日,十五層,,
RPTOMLKMKIKGFBB77CC,27,19.92,寄宿舍,鋼筋混凝土造,88年6月23日,十三層,,
RPTOMLKMKIKGFBB77CC,27,6.57,共有部分,鋼筋混凝土造,88年6月23日,十三層,,
RPTOMLKMKIKGFBB77CC,27,4.37,共有部分,鋼筋混凝土造,88年6月23日,十三層,,
RPUOMLKMKIKGFBB87CC,7,39.19,集合住宅,鋼筋混凝土造,107年11月30日,十五層,,
RPPNMLKMKIKGFCB37CC,32,15.76,住家用,鋼筋混凝土造,83年6月10日,七層,,
RPUOMLKMKIKGFBB87CC,7,22.04,本共有部分係依使用執照之建築概要表記載項目有：停車空間，一般安全梯，排煙室，緊急用昇降機，消防機房，污水機房，昇降機，水箱，機房，電信機房，防空避難室兼停車空間，台電配電室，緊急發電機室，戶外安全梯，管理員室，管委會使用空間，環保資源室，梯廳，梯間，機械室，水錶室等２１項,鋼筋混凝土造,107年11月30日,十五層,,
RPPNMLKMKIKGFCB37CC,32,8.11,共有部份,鋼筋混凝土造,83年6月10日,七層,,
RPRNMLTLKIKGFJB09CC,33,186.89,住家用,鋼筋混凝土造,81年12月1日,四層,,
RPVOMLKMKIKGFBB97CC,30,24.44,住家用,鋼筋混凝土造,84年11月24日,二十四層,,
RPVOMLKMKIKGFBB97CC,30,13.17,防空避難室，停車空間，門廳，樓梯間，機械室，水箱,鋼筋混凝土造,84年11月24日,二十四層,,
RPPPMLKMKIKGFBB47CC,26,163.30,辦公室,鋼骨鋼筋混凝土造,89年6月3日,二十八層,,
RPPPMLKMKIKGFBB47CC,26,54.44,本共有部份係依使用執照之建築概要表記載項目有：停車空間，梯廳，排煙室，樓梯間，消防機房，水箱，車道，行動不便電梯，緊急升降機電梯，電梯，停車空間兼防空避難室，台電配電室，電錶室，機車停車空間，電信室，垃圾集中處，儲藏室等１７項。,鋼骨鋼筋混凝土造,89年6月3日,二十八層,,
RPPPMLKMKIKGFBB47CC,26,44.87,本共有部份係依使用執照之建築概要表記載項目有：門廳，門廊，排煙室，樓梯間，儲藏室，行動不便電梯，緊急升降機電梯，電梯，防災中心，發電機房，梯廳，消防中繼機房，管委會使用空間，電梯機房，水錶室，水箱等１６項。,鋼骨鋼筋混凝土造,89年6月3日,二十八層,,
RPQPMLKMKIKGFBB57CC,26,291.50,辦公室,鋼骨鋼筋混凝土造,89年6月3日,二十八層,,
RPOPMLKMKIKGFBB37CC,32,85.89,住家用,鋼筋混凝土造,83年2月3日,八層,,
RPOPMLKMKIKGFBB37CC,32,21.66,共有部份,鋼筋混凝土造,83年2月3日,八層,,
RPQPMLKMKIKGFBB57CC,26,94.56,本共有部份係依使用執照之建築概要表記載項目有：停車空間，梯廳，排煙室，樓梯間，消防機房，水箱，車道，行動不便電梯，緊急升降機電梯，電梯，停車空間兼防空避難室，台電配電室，電錶室，機車停車空間，電信室，垃圾集中處，儲藏室等１７項。,鋼骨鋼筋混凝土造,89年6月3日,二十八層,,
RPQPMLKMKIKGFBB57CC,26,80.01,本共有部份係依使用執照之建築概要表記載項目有：門廳，門廊，排煙室，樓梯間，儲藏室，行動不便電梯，緊急升降機電梯，電梯，防災中心，發電機房，梯廳，消防中繼機房，管委會使用空間，電梯機房，水錶室，水箱等１６項。,鋼骨鋼筋混凝土造,89年6月3日,二十八層,,
RPWOMLKMKIKGFBB08CC,20,15.94,共有部份,鋼筋混凝土造,94年12月8日,十八層,,
RPQNMLKMKIKGFCB47CC,19,377.46,住宅、梯間,鋼筋混凝土造,95年10月26日,五層,,
RPRNMLKMKIKGFCB57CC,33,94.51,住家用,鋼筋混凝土造,81年8月12日,七層,,
RPXOMLKMKIKGFBB18CC,47,18.56,住家用,鋼筋混凝土造,68年1月9日,八層,,
RPRNMLKMKIKGFCB57CC,33,15.48,共有部份,鋼筋混凝土造,81年8月12日,七層,,
RPTNMLKMKIKGFCB77CC,4,20.12,店鋪、住宅、機械室、樓梯間、水塔室,鋼筋混凝土造,111年5月25日,五層,,
RPSNMLKMKIKGFCB67CC,5,36.99,集合住宅,鋼筋混凝土造,109年8月31日,十九層,,
RPSNMLKMKIKGFCB67CC,5,23.06,本共有部份係依使用執照之建築概要表記載項目有：停車空間、梯廳、一般安全梯、排煙室、自來水箱、消防機械室、污水機房、機械室、一般升降機、緊急升降機、電信室、消防中繼機房、防空避難室兼停車空間、發電機室、消防中繼水箱、台電配電室、電表室、辦公室、管委會使用空間（辦公室）及（會議室）、垃圾集中處、出入口緩衝空間、外廊、防災中心、安全梯、特別安全梯、車道、管委會使用空間、走廊、機房、水表室、消防水箱等三十一項。,鋼筋混凝土造,109年8月31日,十九層,,
RPUNMLKMKIKGFCB87CC,30,85.53,住家用,鋼筋混凝土造,85年5月27日,十九層,,
RPUNMLKMKIKGFCB87CC,30,20.16,共有部份,鋼筋混凝土造,85年5月27日,十九層,,
RPUNMLKMKIKGFCB87CC,30,7.23,共有部份,鋼筋混凝土造,85年5月27日,十九層,,
RPVNMLKMKIKGFCB97CC,20,111.81,住家用,鋼筋混凝土造,94年7月4日,十三層,,
RPVNMLKMKIKGFCB97CC,20,66.75,共用,鋼筋混凝土造,94年7月4日,十七層,,
RPOOMLKMKIKGFCB37CC,34,132.08,住家用,鋼筋混凝土造,81年5月28日,二十二層,,
RPOOMLKMKIKGFCB37CC,34,27.85,共有部份,鋼筋混凝土造,81年5月28日,二十二層,,
RPWNMLKMKIKGFCB08CC,30,13.70,住家用,鋼筋混凝土造,84年10月12日,十一層,,
RPWNMLKMKIKGFCB08CC,30,6.40,共有部份,鋼筋混凝土造,84年10月12日,十一層,,
RPVOMLKMKIKGFCB08CC,34,59.46,住家用,鋼筋混凝土造,81年5月28日,七層,,
RPXNMLKMKIKGFCB18CC,32,16.74,住家用,鋼筋混凝土造,83年4月6日,六層,,
RPSOMLKMKIKGFCB77CC,15,48.77,住家用,鋼筋混凝土造,99年11月19日,二十四層,,
RPVOMLKMKIKGFCB08CC,34,19.99,共有部份,鋼筋混凝土造,81年5月28日,七層,,
RPXNMLKMKIKGFCB18CC,32,9.43,共有部份,鋼筋混凝土造,83年4月6日,六層,,
RPSOMLKMKIKGFCB77CC,15,22.01,本共有部分之項目有停車空間、消防機房、污水機房、揚水機房、水箱、排煙室、梯廳、樓梯間、昇降機間、防空避難室兼停車空間、防災中心、台電配電室、電信室、緊急發電機房、電錶箱室、門廳、管委會空間、中繼機房、屋頂平台、電梯機房、機房等二十一項,鋼筋混凝土造,99年11月19日,二十四層,,
RPPOMLKMKIKGFCB47CC,28,122.11,集合住宅,鋼筋混凝土造,86年11月21日,二十一層,,
RPPOMLKMKIKGFCB47CC,28,52.86,共用部份,鋼筋混凝土造,86年11月21日,二十一層,,
RPPNMLKMKIKGFDB47CC,44,71.50,住房、梯間,加強磚造,70年10月21日,二層,,
RPUOMLKMKIKGFCB97CC,32,88.41,住商用,鋼筋混凝土造,82年10月4日,二層,,
RPQNMLKMKIKGFEB67CC,31,109.71,集合住宅,鋼筋混凝土造,83年11月25日,七層,,
RPWOMLKMKIKGFCB18CC,55,69.30,住家用,加強磚造,59年12月15日,二層,,
RPQNMLKMKIKGFEB67CC,31,45.55,共用部份,鋼筋混凝土造,83年11月25日,七層,,
RPQNMLKMKIKGFDB57CC,4,46.01,集合住宅,鋼筋混凝土造,110年10月4日,五層,,
RPTOMLKMKIKGFCB87CC,30,23.44,住家用,鋼筋混凝土造,85年5月27日,十九層,,
RPQNMLKMKIKGFFB77CC,33,130.08,住家用,鋼筋混凝土造,81年10月30日,七層,,
RPQNMLKMKIKGFDB57CC,4,24.88,本共有部分之項目有停車空間、樓梯間、電梯廳、機械室、電梯機房等５項,鋼筋混凝土造,110年10月4日,五層,,
RPROMLKMKIKGFCB67CC,20,195.30,住家用,鋼筋混凝土造,94年8月25日,十四層,,
RPTOMLKMKIKGFCB87CC,30,6.70,共有部分,鋼筋混凝土造,85年5月27日,十九層,,
RPQNMLKMKIKGFFB77CC,33,6.06,走廊,鋼筋混凝土造,81年10月30日,七層,,
RPROMLKMKIKGFCB67CC,20,136.21,共用,鋼筋混凝土造,94年8月25日,十四層,,
RPQNMLKMKIKGFFB77CC,33,17.58,樓梯、電梯間及機械房,鋼筋混凝土造,81年10月30日,七層,,
RPTOMLKMKIKGFCB87CC,30,3.10,共有部分,鋼筋混凝土造,85年5月27日,十九層,,
RPQNMLKMKIKGFFB77CC,33,4.48,門廊前、水箱、配電室、消防機房、門廊,鋼筋混凝土造,81年10月30日,七層,,
RPSNMLKMKIKGFDB77CC,33,60.40,住家用,鋼筋混凝土造,82年2月8日,十六層,,
RPSNMLKMKIKGFDB77CC,34,6.04,共有部份,鋼筋混凝土造,81年2月8日,十六層,,
RPSNMLKMKIKGFDB77CC,33,10.58,共有部份,鋼筋混凝土造,82年2月8日,十六層,,
RPTNMLKMKIKGFDB87CC,4,49.59,集合住宅,鋼筋混凝土造,110年10月4日,五層,,
RPTNMLKMKIKGFDB87CC,4,26.81,本共有部分之項目有停車空間、樓梯間、電梯廳、機械室、電梯機房等５項,鋼筋混凝土造,110年10月4日,五層,,
RPQOMLKMKIKGFCB57CC,19,229.26,住家用,鋼筋混凝土造,95年8月1日,二十三層,,
RPQOMLKMKIKGFCB57CC,19,155.20,共用,鋼筋混凝土造,95年8月1日,二十三層,,
RPPNMLKMKIKGFFB67CC,1,58.09,集合住宅,鋼筋混凝土造,114年4月14日,十五層,,
RPPNMLKMKIKGFFB67CC,1,28.61,防空避難室兼停車空間、排煙室、水箱、機房、消防機械室、污水機械室、雨水機械室、揚水泵機械室、安全梯、一般昇降機、緊急昇降機行動不便者、停車空間、台電配電室、發電機室、電信室、梯廳、垃圾暫存室、管委會使用空間、走廊、車道、機車停車區、戶外安全梯、機械室、水錶室、一般梯、梯間共計２６項。,鋼筋混凝土造,114年4月14日,十五層,,
RPSNMLKMKIKGFFB97CC,29,177.93,住商用,鋼筋混凝土造,85年10月2日,四層,,
RPTNMLKMKIKGFFB08CC,43,85.23,集合住宅,鋼筋混凝土造,71年11月13日,五層,,
RPTNMLKMKIKGFFB08CC,43,1.40,梯間、國民住宅,鋼筋混凝土造,71年11月13日,五層,,
RPPNMLKMKIKGFHB87CC,5,60.59,集合住宅,鋼筋混凝土造,109年12月8日,十四層,,
RPRNMLKMKIKGFHB08CC,26,379.77,辦公室、補習班、住宅、梯間,鋼筋混凝土造,88年11月1日,四層,,
RPPNMLKMKIKGFGB77CC,28,96.88,住商用,鋼筋混凝土造,87年1月23日,四層,,
RPPNMLKMKIKGFHB87CC,5,65.31,本共有部分之項目有防空避難室兼停車空間、樓梯間、昇降機間、車道、污水機房、消防機房、景觀機房、水箱、機房、梯間、排煙室、停車空間、緊急發電機室、電信機房、台電配電室、機車停車區、梯廳、公共服務空間、垃圾集中室、門廳、水錶箱室、電梯機房及公設等２３項,鋼筋混凝土造,109年12月8日,十四層,,
RPQNMLKMKIKGFHB97CC,31,60.22,住家用,鋼筋混凝土造,83年9月15日,十層,,
RPPNMLKMKIKGFGB77CC,28,13.48,停車空間,鋼筋混凝土造,87年1月23日,四層,,
RPQNMLKMKIKGFHB97CC,31,25.35,共有部份,鋼筋混凝土造,83年9月15日,十層,,
RPPNMLKMKIKGFGB77CC,28,31.52,管理員室．人行道．梯間．水塔,鋼筋混凝土造,87年1月23日,四層,,
RPQNMLKMKIKGFIB08CC,35,56.34,集合住宅,鋼筋混凝土造,80年1月10日,七層,,
RPQNMLKMKIKGFIB08CC,,19.49,共有部份,鋼筋混凝土造,,七層,,
RPTNMLKMKIKGFIB38CC,5,66.78,集合住宅,鋼筋混凝土造,109年10月29日,十四層,,
RPTNMLKMKIKGFIB38CC,5,61.05,停車空間．排煙室．一般昇降機．緊急昇降機．消防機房．污水機房．水箱．緊急發電機室．台電配電室．電信室．門廳．公共服務空間．管理室．垃圾集中處．戶外安全梯．梯廳．梯間．水表箱室．電梯機房等１９項。,鋼筋混凝土造,109年10月29日,十四層,,
RPSNMLKMKIKGFHB18CC,40,100.32,住家用,加強磚造,75年6月4日,二層,,
RPSNMLKMKIKGFIB28CC,33,88.25,集合住宅,鋼筋混凝土造,81年11月19日,七層,,
RPTNMLKMKIKGFHB28CC,31,96.74,住家用,鋼筋混凝土造,83年8月6日,八層,,
RPSNMLKMKIKGFIB28CC,33,43.99,共用部份,鋼筋混凝土造,81年11月19日,七層,,
RPTNMLKMKIKGFHB28CC,31,36.51,共有部份,鋼筋混凝土造,83年8月6日,八層,,
RPVNMLKMKIKGFHB48CC,33,21.23,住家用,鋼筋混凝土造,82年5月11日,十三層,,
RPXNMLKMKIKGFIB78CC,23,8.93,住房．店舖．梯間．停車空間．機電設備空間．門廊．儲藏室,鋼筋混凝土造,92年5月29日,四層,,
RPVNMLKMKIKGFHB48CC,33,8.40,住家用,鋼筋混凝土造,82年5月11日,十三層,,
RPUNMLKMKIKGFHB38CC,33,66.53,住家用,鋼筋混凝土造,81年10月25日,八層,,
RPWNMLKMKIKGFIB68CC,23,11.57,住房．店舖．梯間．停車空間．機電設備空間．門廊．儲藏室,鋼筋混凝土造,92年5月29日,四層,,
RPVNMLKMKIKGFIB58CC,48,93.24,住商用,加強磚造,66年6月30日,二層,,
RPUNMLKMKIKGFHB38CC,33,17.05,共有部份,鋼筋混凝土造,81年10月25日,八層,,
RPPOMLKMKIKGFIB08CC,33,86.85,集合住宅,鋼筋混凝土造,82年6月3日,八層,,
RPUNMLKMKIKGFIB48CC,52,90.88,住家用,加強磚造,63年4月28日,二層,,
RPPOMLKMKIKGFIB08CC,33,40.02,共有部份,鋼筋混凝土造,82年6月3日,八層,,
RPOOMLKMKIKGFIB97CC,31,78.02,集合住宅,鋼筋混凝土造,84年5月9日,十三層,,
RPOOMLKMKIKGFIB97CC,31,13.55,共有部份,鋼筋混凝土造,84年5月9日,十三層,,
RPOOMLKMKIKGFIB97CC,31,8.58,共有部份,鋼筋混凝土造,84年5月9日,十三層,,
RPQOMLKMKIKGFIB18CC,23,13.55,住房．店舖．梯間．停車空間．機電設備空間．門廊．儲藏室,鋼筋混凝土造,92年5月29日,四層,,
RPQNMLKMKIKGFJB18CC,34,92.52,集合住宅,鋼筋混凝土造,80年12月5日,五層,,
RPQNMLKMKIKGFJB18CC,34,11.42,共有部份,鋼筋混凝土造,80年12月5日,五層,,
RPQNMLKMKIKGFHB08DC,5,68.97,集合住宅,鋼筋混凝土造,109年12月5日,十四層,,
RPPNMLKMKIKGFJB08CC,10,58.69,集合住宅,鋼筋混凝土造,104年10月7日,十二層,,
RPQNMLKMKIKGFHB08DC,5,62.94,本共有部分之項目有排煙室、緊急昇降機、無障礙昇降機、無障礙安全梯、停車空間、車道、消防機械室、汙水機械室、機械室、水箱、防空避難室兼停車空間、台電配電室、景觀機械室、電信室、發電機室、垃圾儲存空間、無障礙戶外安全梯、有頂蓋型開放空間、梯廳、昇降機、安全梯、管委會使用空間、梯間、水錶室、樓梯、電梯機械室及水箱室等２７項,鋼筋混凝土造,109年12月5日,十四層,,
RPPNMLKMKIKGFJB08CC,10,35.67,門廳、管委會使用空間、資源回收室、六米基地內通路、台電通道、水箱、車道、停車空間、防空避難室兼停車空間、梯間、梯廳、電信機室、台電配電室、發電機室、消防機房、污水機房等項,鋼筋混凝土造,104年10月7日,十二層,,
RPPNMLKMKIKGFKB18CC,2,86.00,集合住宅,鋼筋混凝土造,112年11月2日,十五層,,
RPPNMLKMKIKGFJB08CC,10,9.30,梯廳、梯間、機械室、水箱,鋼筋混凝土造,104年10月7日,十二層,,
RPPNMLKMKIKGFKB18CC,2,68.20,本共有部分之項目有防空避難室兼停車空間、一般安全梯、排煙室、梯廳、水箱、消防機房、雨汙水機房、一般升降機、緊急升降機、停車空間、台電配電室、台電通道、緊急發電機室、電信室、管委會使用空間、車道、戶外安全梯、機車停車空間、梯間、機械室、水錶室、電梯機房等２２項,鋼筋混凝土造,112年11月2日,十五層,,
RPQNMLLMKIKGFAB37CC,31,27.71,住家用,鋼筋混凝土造,83年8月25日,十六層,,
RPRNMLKMKIKGFKB38CC,33,10.00,住家用,鋼筋混凝土造,81年12月29日,四層,,
RPQNMLLMKIKGFAB37CC,31,11.36,共有部份,鋼筋混凝土造,83年8月25日,十六層,,
RPQNMLKMKIKGFKB28CC,32,85.67,住家用,鋼筋混凝土造,82年8月2日,八層,,
RPQNMLKMKIKGFKB28CC,32,27.30,防空避難室、梯間、停車空間、機械室、水箱、蓄水池、社區中心,鋼筋混凝土造,82年8月2日,十層,,
RPXNMLLMKIKGFAB08CC,29,23.93,集合住宅,鋼筋混凝土造,85年7月3日,七層,,
RPXNMLLMKIKGFAB08CC,29,12.80,共有部分,鋼筋混凝土造,85年7月3日,七層,,
RPSNMLLMKIKGFAB57CC,46,95.09,住商用,鋼筋混凝土造,68年7月9日,四層,,
RPVNMLLMKIKGFAB87CC,27,108.14,集合住宅,鋼筋混凝土造,88年5月19日,十六層,,
RPVNMLLMKIKGFAB87CC,27,53.95,共有部份,鋼筋混凝土造,88年5月19日,十六層,,
RPPNMLLMKIKGFAB27CC,47,63.65,住家用,鋼筋混凝土造,68年4月2日,七層,,
RPOOMLLMKIKGFAB27CC,46,113.44,住商用,鋼筋混凝土造,68年7月9日,四層,,
RPWNMLLMKIKGFAB97CC,42,40.88,住家用,鋼筋混凝土造,73年4月26日,十二層,,
RPWNMLLMKIKGFAB97CC,42,8.22,電梯，樓梯，通道，機械間，水塔，受電室,鋼筋混凝土造,73年4月26日,十二層,,
RPSNMLLMKIKGFBB67CC,2,58.91,集合住宅,鋼筋混凝土造,113年6月5日,十五層,,
RPPOMLLMKIKGFAB37CC,31,96.90,集合住宅,鋼筋混凝土造,83年8月25日,十二層,,
RPRNMLLMKIKGFAB47CC,31,80.98,住家用,鋼筋混凝土造,83年10月1日,八層,,
RPSNMLLMKIKGFBB67CC,2,56.71,本共有部份係依使用執照之建築概要表記載項目有：防空避難室兼停車空間，水箱，排煙室，樓梯間，緊急昇降機，一般昇降機，消防機房，雨水機房，機房，緊急發電機室，停車空間，台電配電室，電信室，機車停車空間，梯廳，機電設備空間，頂蓋型開放空間，管委會使用空間，公共服務空間，走廊，資源回收中心，游泳池，梯間，電梯機房，水錶箱室等２５項,鋼筋混凝土造,113年6月5日,十五層,,
RPPOMLLMKIKGFAB37CC,31,38.47,共有部分,鋼筋混凝土造,83年8月25日,十二層,,
RPRNMLLMKIKGFAB47CC,31,10.96,人行道、梯間,鋼筋混凝土造,83年10月1日,八層,,
RPRNMLLMKIKGFAB47CC,31,15.33,共有部分,鋼筋混凝土造,83年10月1日,八層,,
RPUNMLLMKIKGFAB77CC,5,90.71,集合住宅,鋼筋混凝土造,110年3月9日,十三層,,
RPUNMLLMKIKGFAB77CC,5,51.01,本共有部份係依使用執照之建築概要表記載項目有：防空避難室兼停車空間、車道、安全梯、一般昇降機、梯廳、排煙室、污水機房、發電機室、消防機械室、景觀機房、機械室、水箱、排煙室兼緊急昇降機間、台電配電室、機車車道、電信室、泳池機房、人行道、公共服務空間、門廳、外廊、垃圾貯存空間、游泳池等２３項。,鋼筋混凝土造,110年3月9日,十三層,,
RPUNMLLMKIKGFAB77CC,5,21.72,本共有部份係依使用執照之建築概要表記載項目有：一般昇降機、梯廳、安全梯、排煙室兼緊急昇降機間、戶外安全梯、樓梯間、水箱、水錶室、消防水箱、機械室等１０項。,鋼筋混凝土造,110年3月9日,十三層,,
RPQNMLLMKIKGFBB47CC,28,204.51,店舖、住宅、水塔,鋼筋混凝土造,86年6月28日,五層,,
RPQNMLLMKIKGFBB47CC,28,40.23,共有部份,鋼筋混凝土造,86年6月28日,十五層,,
RPQNMLLMKIKGFBB47CC,28,.00,共有部份,鋼筋混凝土造,86年6月28日,十五層,,
RPTNMLLMKIKGFBB77CC,29,19.62,住家用,鋼筋混凝土造,85年8月19日,十二層,,
RPTNMLLMKIKGFBB77CC,29,11.23,共有部分,鋼筋混凝土造,85年8月19日,十二層,,
RPPOMLLMKIKGFBB47CC,4,84.95,集合住宅,鋼筋混凝土造,110年10月8日,十五層,,
RPPOMLLMKIKGFBB47CC,4,66.46,本共有部分係依使用執照之建築概要表記載項目有：停車空間、車道、消防機房、污水機房、機房、水箱、緊急昇降機、排煙室、行動不便電梯、安全梯、防空避難室兼停車空間、發電機房、台電配電室、電信機房、梯廳、管委會使用空間、戶外安全梯、垃圾貯集空間、走廊、梯間、電梯機房等２１項,鋼筋混凝土造,110年10月8日,十五層,,
RPUNMLLMKIKGFBB87CC,41,92.89,集合住宅,鋼筋混凝土造,74年3月23日,十二層,,
RPTNMLLMKIKGFAB67CC,3,73.22,集合住宅,鋼筋混凝土造,112年4月26日,二十四層,,
RPVNMLLMKIKGFBB97CC,4,83.91,集合住宅,鋼筋混凝土造,111年4月25日,十五層,,
RPVNMLLMKIKGFBB97CC,4,66.17,本共有部分係依使用執照之建築概要表記載項目有：防空避難室兼停車空間、排煙室、樓梯間、昇降機間、消防機房、雨水機房、車道、水箱、停車空間、機械室、台電配電室、電信室、發電機房、門廳、走廊、頂蓋型開放空間、公共服務空間、資源回收中心、梯廳、梯間、水錶箱室、電梯機房等２２項。,鋼筋混凝土造,111年4月25日,十五層,,
RPWNMLLMKIKGFBB08CC,30,16.41,住家用,鋼筋混凝土造,84年6月26日,二十四層,,
RPWNMLLMKIKGFBB08CC,30,4.48,共有部份,鋼筋混凝土造,84年6月26日,二十四層,,
RPWNMLLMKIKGFBB08CC,30,3.41,共有部份,鋼筋混凝土造,84年6月26日,二十四層,,
RPTNMLLMKIKGFAB67CC,3,40.95,本共有部分係依使用執照之建築物概要表記載項目有：防空避難室兼停車空間、一般升降機、緊急升降機、安全梯、梯廳、排煙室、水箱、機房、消防機房、雨水機房、停車空間、中繼機房、防災中心、台電配電室、緊急發電機房、電信室、受電箱區、電表區等１８項。,鋼筋混凝土造,112年4月26日,二十四層,,
RPWNMLLMKIKGFBB08CC,30,.00,共有部份,鋼筋混凝土造,84年6月26日,二十四層,,
RPTNMLLMKIKGFAB67CC,3,4.26,本共有部分係依使用執照之建築物概要表記載項目有：管委會使用空間、一般升降機、緊急升降機、安全梯、排煙室、梯廳、集中式垃圾貯存空間、警衛室、停車空間等９項。,鋼筋混凝土造,112年4月26日,二十四層,,
RPTNMLLMKIKGFAB67CC,3,18.94,本共有部分係依使用執照之建築物概要表記載項目有：一般升降機、緊急升降機、安全梯、排煙室、梯廳、機械室、樓梯間、中繼機房、水錶室、水箱等１０項。,鋼筋混凝土造,112年4月26日,二十四層,,
RPQOMLLMKIKGFBB57CC,30,19.81,住家用,鋼筋混凝土造,84年6月7日,二十一層,,
RPSOMLLMKIKGFBB77CC,8,104.21,集合住宅,鋼筋混凝土造,106年11月23日,十五層,,
RPQOMLLMKIKGFBB57CC,30,12.50,共有部份,鋼筋混凝土造,84年6月7日,二十一層,,
RPSOMLLMKIKGFBB77CC,8,49.22,本共有部份係依使用執照之建築概要表記載項目有：停車空間．樓梯間．昇降機間．消防機房．污水機房．水箱．防空避難室兼停車空間．台電配電室．排煙室．機械室．緊急發電機室．電信室．資源回收中心．公共服務空間．車道．門廳兼梯廳．頂蓋型開放空間．機車停車區．人行道．管委會使用空間等２０項。,鋼筋混凝土造,106年11月23日,十五層,,
RPSOMLLMKIKGFBB77CC,8,20.41,本共有部份係依使用執照之建築概要表記載項目有：昇降機間．排煙室．梯廳．樓梯間．水箱．機械室．水錶室．梯間．電梯機房等９項。,鋼筋混凝土造,106年11月23日,十五層,,
RPOOMLLMKIKGFBB37CC,31,23.64,住家用,鋼筋混凝土造,84年5月26日,十六層,,
RPOOMLLMKIKGFBB37CC,31,7.35,共有部份,鋼筋混凝土造,84年5月26日,十六層,,
RPOOMLLMKIKGFBB37CC,31,9.05,共有部份,鋼筋混凝土造,84年5月26日,十六層,,
RPOOMLLMKIKGFBB37CC,31,.22,共有部份,鋼筋混凝土造,84年5月26日,十六層,,
RPOPMLLMKIKGFBB47CC,1,55.43,集合住宅,鋼筋混凝土造,114年1月16日,二十四層,,
RPOPMLLMKIKGFBB47CC,1,55.69,本共有部份係依使用執照之建築概要表記載項目有：防空避難室兼停車空間，排煙室，樓梯間，一般昇降機，緊急昇降機，汙水機械室，機械室，消防機房，水箱，車道，一般安全梯，停車空間，電信室，水景機械室，戲水池機房，緊急發電機室，台電配電室，消防蓄水池，電錶室，防災中心，消防中繼機房，梯廳，公設管委會使用空間，門廳，儲藏室，管理室，特別安全梯，梯間，消防水箱，水錶箱室，電梯機房等３２項。,鋼筋混凝土造,114年1月16日,二十四層,,
RPROMLLMKIKGFBB67CC,30,19.08,住家用,鋼筋混凝土造,84年6月7日,二十一層,,
RPTOMLLMKIKGFBB87CC,29,92.90,住家用,鋼筋混凝土造,86年4月16日,二十四層,,
RPROMLLMKIKGFBB67CC,30,12.03,共有部份,鋼筋混凝土造,84年6月7日,二十一層,,
RPTOMLLMKIKGFBB87CC,29,6.33,共有部份,鋼筋混凝土造,86年4月16日,二十四層,,
RPXOMLLMKIKGFBB28CC,30,19.18,住家用,鋼筋混凝土造,84年6月26日,二十四層,,
RPTOMLLMKIKGFBB87CC,29,31.45,共有部份,鋼筋混凝土造,86年4月16日,二十四層,,
RPXOMLLMKIKGFBB28CC,30,5.41,共有部份,鋼筋混凝土造,84年6月26日,二十四層,,
RPTOMLLMKIKGFBB87CC,29,2.55,共有部份,鋼筋混凝土造,86年4月16日,二十四層,,
RPXOMLLMKIKGFBB28CC,30,4.13,共有部份,鋼筋混凝土造,84年6月26日,二十四層,,
RPUOMLLMKIKGFBB97CC,31,36.96,住家用,鋼筋混凝土造,83年12月10日,十六層,,
RPUOMLLMKIKGFBB97CC,31,.00,共有部分,鋼筋混凝土造,83年12月10日,十六層,,
RPQPMLLMKIKGFBB67CC,31,21.48,住家用,鋼筋混凝土造,83年12月14日,十六層,,
RPUOMLLMKIKGFBB97CC,31,6.92,共有部分,鋼筋混凝土造,83年12月10日,十六層,,
RPPPMLLMKIKGFBB57CC,4,64.92,集合住宅,鋼筋混凝土造,111年5月18日,十三層,,
RPPPMLLMKIKGFBB57CC,4,32.03,本共有部份係依使用執照之建築概要表記載項目有：防空避難室兼停車空間，樓梯間，昇降機間，梯廳，消防機房，污雨水機房，水箱，停車空間，電信機房，機房，緊急發電機室，台電配電室，管委會使用空間，車道，電梯機房等１５項。,鋼筋混凝土造,111年5月18日,十三層,,
RPQPMLLMKIKGFBB67CC,31,8.34,共有部分,鋼筋混凝土造,83年12月14日,十七層,,
RPRPMLLMKIKGFBB77CC,48,190.77,住商用,鋼筋混凝土造,67年5月20日,四層,,
RPUOMLLMKIKGFBB97CC,31,.00,共有部分,鋼筋混凝土造,83年12月10日,十六層,,
RPUOMLLMKIKGFBB97CC,31,.00,共有部分,鋼筋混凝土造,83年12月10日,十六層,,
RPUOMLLMKIKGFBB97CC,31,.00,共有部分,鋼筋混凝土造,83年12月10日,十六層,,
RPTPMLLMKIKGFBB97CC,32,229.24,商業用,鋼筋混凝土造,82年10月4日,十三層,,
RPUOMLLMKIKGFBB97CC,31,.00,共有部分,鋼筋混凝土造,83年12月10日,十六層,,
RPTPMLLMKIKGFBB97CC,32,335.78,商業用,鋼筋混凝土造,82年10月4日,十三層,,
RPUOMLLMKIKGFBB97CC,31,.00,共有部分,鋼筋混凝土造,83年12月10日,十六層,,
RPTPMLLMKIKGFBB97CC,32,172.87,共有部份,鋼筋混凝土造,82年10月4日,十三層,,
RPUOMLLMKIKGFBB97CC,31,3.04,共有部分,鋼筋混凝土造,83年12月10日,十六層,,
RPUOMLLMKIKGFBB97CC,31,.00,共有部分,鋼筋混凝土造,83年12月10日,十六層,,
RPUOMLLMKIKGFBB97CC,31,.00,共有部分,鋼筋混凝土造,83年12月10日,十六層,,
RPSPMLLMKIKGFBB87CC,12,42.95,住家用,鋼筋混凝土造,102年7月25日,二十二層,,
RPSPMLLMKIKGFBB87CC,12,11.52,本共有部分係依使用執照之建築概要表記載項目有：管委會使用公共設施，垃圾處理室，梯間，梯廳，梯間（排煙室，昇降機間）梯間（梯廳，排煙室，昇降機間），走廊，中繼機械室（中繼水箱），機械室，水箱等１０項,鋼筋混凝土造,102年7月25日,二十二層,,
RPSPMLLMKIKGFBB87CC,12,9.21,本共有部分係依使用執照之建築概要表記載項目有：停車空間，車道，污水機房，清水池，消防機房，機房，梯間（梯廳，排煙室，昇降機間），防空避難室兼停車空間，發電機室，電信室，台電配電室，防災中心，公共設施等１３項,鋼筋混凝土造,102年7月25日,二十二層,,
RPPNMLLMKIKGFBB37CC,31,44.40,住家用,鋼筋混凝土造,84年6月7日,二十一層,,
RPPNMLLMKIKGFBB37CC,31,28.00,共有部份,鋼筋混凝土造,84年6月7日,二十一層,,
RPUPMLLMKIKGFBB08CC,2,57.30,集合住宅,鋼筋混凝土造,113年5月27日,十二層,,
RPUPMLLMKIKGFBB08CC,2,29.16,本共有部分係依使用執照之建築概要表記載項目有：防空避難室兼停車空間，排煙室，樓梯間，一般昇降機，緊急昇降機，水箱，消防機房，污水機房，車道，停車空間，緊急發電機室，台電配電室，電信室，景觀機房，機車停車區，梯廳，門廳，垃圾集中室，管委會空間，梯間，電梯機房等２１項。,鋼筋混凝土造,113年5月27日,十二層,,
RPRNMLLMKIKGFDB77CC,4,46.01,集合住宅,鋼筋混凝土造,110年10月4日,五層,,
RPRNMLLMKIKGFDB77CC,4,24.88,本共有部分之項目有停車空間、樓梯間、電梯廳、機械室、電梯機房等５項,鋼筋混凝土造,110年10月4日,五層,,
RPPNMLLMKIKGFDB57CC,5,16.52,人行道、店舖、停車空間、住宅,鋼筋混凝土造,109年11月9日,四層,,
RPOOMLLMKIKGFCB47CC,29,27.71,辦公室,鋼筋混凝土造,85年10月2日,八層,,
RPOOMLLMKIKGFCB47CC,29,14.51,共有部份,鋼筋混凝土造,85年10月2日,八層,,
RPRNMLLMKIKGFCB67CC,31,16.00,住商用,鋼筋混凝土造,83年8月23日,六層,,
RPOPMLLMKIKGFCB57CC,32,13.37,住家用,鋼筋混凝土造,82年9月20日,十二層,,
RPSOMLLMKIKGFCB87CC,31,91.05,住家用,鋼筋混凝土造,83年10月21日,十五層,,
RPOPMLLMKIKGFCB57CC,32,7.04,共用部份,鋼筋混凝土造,82年9月20日,十二層,,
RPVNMLLMKIKGFCB08CC,30,61.69,住家用,鋼筋混凝土造,85年6月13日,九層,,
RPSOMLLMKIKGFCB87CC,31,28.55,共有部分,鋼筋混凝土造,83年10月21日,十五層,,
RPVOMLLMKIKGFCB18CC,16,18.99,共有,鋼筋混凝土造,98年8月13日,二十六層,,
RPVNMLLMKIKGFCB08CC,30,25.49,共有部份,鋼筋混凝土造,85年6月13日,九層,,
RPUNMLLMKIKGFCB97CC,40,21.16,住家用,鋼筋混凝土造,74年7月29日,七層,,
RPUNMLLMKIKGFCB97CC,40,4.29,共有部份,鋼筋混凝土造,74年7月29日,七層,,
RPTOMLLMKIKGFCB97CC,18,139.84,住家用,鋼筋混凝土造,96年9月20日,十四層,,
RPTOMLLMKIKGFCB97CC,18,56.97,共用,鋼筋混凝土造,96年9月20日,十四層,,
RPSNMLLMKIKGFCB77CC,31,12.00,住商用,鋼筋混凝土造,83年8月23日,六層,,
RPUOMLLMKIKGFCB08CC,31,17.88,住家用,鋼筋混凝土造,84年1月12日,十四層,,
RPUOMLLMKIKGFCB08CC,31,7.48,共有部分,鋼筋混凝土造,84年1月12日,十四層,,
RPQOMLLMKIKGFCB67CC,29,89.39,集合住宅,鋼筋混凝土造,85年9月23日,十二層,,
RPQOMLLMKIKGFCB67CC,29,48.90,共用部份,鋼筋混凝土造,85年9月23日,十二層,,
RPQOMLLMKIKGFCB67CC,29,.05,共用部份,鋼筋混凝土造,85年9月23日,十二層,,
RPQOMLLMKIKGFCB67CC,29,.09,集合住宅,鋼筋混凝土造,85年9月23日,十二層,,
RPXOMLLMKIKGFCB38CC,16,45.25,住家用,鋼筋混凝土造,98年8月13日,二十六層,,
RPXOMLLMKIKGFCB38CC,16,3.80,共有,鋼筋混凝土造,98年8月13日,二十六層,,
RPXOMLLMKIKGFCB38CC,16,17.80,共有,鋼筋混凝土造,98年8月13日,二十六層,,
RPPPMLLMKIKGFCB67CC,3,132.24,店舖、停車空間,鋼骨造,111年12月14日,一層,,
RPQPMLLMKIKGFCB77CC,12,82.17,住家用,鋼筋混凝土造,102年11月5日,十二層,,
RPQPMLLMKIKGFCB77CC,12,53.27,本共有部份之項目有：停車空間、水箱、消防機房、梯廳、污水機房、一般升降機、發電機室、機械室、防空避難室兼停車空間、電信室、台電配電室、管理室、門廳、門廊、有頂蓋開放空間、資源回收區、公共服務空間、陽台等１８項,鋼筋混凝土造,102年11月5日,十二層,,
RPQPMLLMKIKGFCB77CC,12,15.15,本共有部份之項目有：梯廳、一般升降機、機械室、水箱、梯間等５項,鋼筋混凝土造,102年11月5日,十二層,,
RPROMLLMKIKGFCB77CC,8,46.86,集合住宅,鋼筋混凝土造,107年1月29日,十二層,,
RPWOMLLMKIKGFCB28CC,12,77.58,住家用,鋼筋混凝土造,102年11月5日,十二層,,
RPROMLLMKIKGFCB77CC,8,15.09,本共有部份係依使用執照之建築概要表記載項目有：管委會使用空間、行動不便電梯、電梯、樓梯間、排煙室、梯廳、門廳、緊急升降電梯、外廊、管道間、水錶室、機械室、子母水箱等１３項。,鋼筋混凝土造,107年1月29日,十二層,,
RPWOMLLMKIKGFCB28CC,12,90.51,本共有部份之項目有：停車空間、水箱、消防機房、梯廳、污水機房、一般升降機、發電機室、機械室、防空避難室兼停車空間、電信室、台電配電室、管理室、門廳、門廊、有頂蓋開放空間、資源回收區、公共服務空間、陽台等１８項,鋼筋混凝土造,102年11月5日,十二層,,
RPROMLLMKIKGFCB77CC,8,39.87,本共有部份係依使用執照之建築概要表記載項目有：梯廳、停車空間、消防機房、樓梯間、行動不便電梯、電梯、雨水汙水機械室、水箱、車道、陸上型揚水泵、泳池水箱、機械室、電信室、機房、防空避難室兼停車空間、機車停車空間、垃圾集中室、台電配電室、電錶室、受電室、發電機室等２１項。,鋼筋混凝土造,107年1月29日,十二層,,
RPWOMLLMKIKGFCB28CC,12,22.51,本共有部份之項目有：梯廳、一般升降機、機械室、水箱、梯間等５項,鋼筋混凝土造,102年11月5日,十二層,,
RPVNMLLMKIKGFDB18CC,6,280.48,住宅、樓梯間,鋼筋混凝土造,109年3月27日,三層,,
RPTNMLLMKIKGFCB87CC,31,112.45,住家用,鋼筋混凝土造,84年1月26日,二十層,,
RPTNMLLMKIKGFCB87CC,31,14.06,共有部份,鋼筋混凝土造,84年1月26日,二十一層,,
RPTNMLLMKIKGFCB87CC,31,8.83,共有部份,鋼筋混凝土造,84年1月26日,二十一層,,
RPTNMLLMKIKGFCB87CC,31,14.11,停車空間,鋼筋混凝土造,84年1月26日,二十一層,,
RPWNMLLMKIKGFDB28CC,12,71.08,人行道、店舖、住宅、樓梯間,鋼筋混凝土造,102年10月9日,四層,,
RPXNMLLMKIKGFDB38CC,46,99.77,住家用,加強磚造,69年3月6日,二層,,
RPRNMLLMKIKGFFB97CC,4,85.03,集合住宅,鋼筋混凝土造,111年3月9日,十一層,,
RPRNMLLMKIKGFFB97CC,4,78.55,防空避難設備兼停車空間、機房、消防機房、樓梯間、電梯間、停車空間、發電機房、管委會空間、門廳、水箱等１０項,鋼筋混凝土造,111年3月9日,十一層,,
RPPOMLLMKIKGFDB67CC,36,26.40,避難室、店舖、住宅、梯間,鋼筋混凝土造,79年1月17日,六層,,
RPQNMLLMKIKGFFB87CC,1,78.60,集合住宅,鋼筋混凝土造,113年10月11日,二十二層,,
RPQNMLLMKIKGFFB87CC,1,64.85,防空避難室兼停車空間、排煙室、樓梯間、一般昇降機、緊急昇降機、消防機房、污水機房、雨水機房、Ａ梯水箱、Ｂ梯水箱、車道、梯廳、停車空間、機房、台電配電室、電信室、緊急發電機室、消防中繼機房、防災中心、管委會使用空間、外廊、資源回收室、門廳兼梯廳、無障礙廁所、機車停車區、水錶箱室、梯間、水箱、電梯機房等２９項。,鋼筋混凝土造,113年10月11日,二十二層,,
RPWNMLLMKIKGFFB48CC,2,46.21,集合住宅,鋼筋混凝土造,112年7月19日,十三層,,
RPWNMLLMKIKGFFB48CC,2,56.53,停車空間兼防空避難室、車道、安全梯、緊急及行動不便昇降機、昇降機、排煙室、梯廳、消防及雨水機房、汙水機房、停車空間、水箱、台電配電室、電信室、發電機室、景觀設備機房、管委會使用空間、資源回收空間、戶外安全梯、樓梯間、水錶間、機械室等２１項,鋼筋混凝土造,112年7月19日,十三層,,
RPOOMLLMKIKGFDB57CC,2,62.62,集合住宅,鋼筋混凝土造,113年3月13日,七層,,
RPOOMLLMKIKGFDB57CC,2,25.52,本共有部分之項目有停車空間、消防機房兼發電室、台電配電室、電信室、水箱、梯廳、梯間、管委會使用空間、資源回收室、機電設備空間、樓梯間、電梯機房等１２項,鋼筋混凝土造,113年3月13日,七層,,
RPXNMLLMKIKGFFB58CC,27,154.31,住商用,鋼筋混凝土造,88年1月6日,三層,,
RPVNMLLMKIKGFFB38CC,4,78.61,集合住宅,鋼筋混凝土造,110年6月17日,十一層,,
RPSNMLLMKIKGFFB08CC,31,80.40,辦公室,鋼筋混凝土造,83年12月13日,十層,,
RPTNMLLMKIKGFFB18CC,3,55.87,集合住宅,鋼筋混凝土造,111年10月6日,十五層,,
RPUNMLLMKIKGFFB28CC,19,15.75,住家用,鋼筋混凝土造,96年1月9日,五層,,
RPPNMLLMKIKGFFB77CC,10,202.40,停車空間、住宅,鋼筋混凝土造,104年7月3日,四層,,
RPSNMLLMKIKGFFB08CC,31,6.17,避難室、停車空間、受電室,鋼筋混凝土造,83年12月13日,十層,,
RPVNMLLMKIKGFFB38CC,4,62.48,發電機房、消防機房、電信室、台電配電場所、梯廳、安全梯間、昇降機道、防空避難室兼停車空間、管理委員會使用空間、守衛室、門廊、樓梯間、電梯間、機房、水箱,鋼筋混凝土造,110年6月17日,十一層,,
RPUNMLLMKIKGFFB28CC,19,.48,梯間、水箱,鋼筋混凝土造,96年1月9日,五層,,
RPTNMLLMKIKGFFB18CC,3,11.17,消防機房、機房、水箱、雨水機房、污水機房、安全梯、排風管道、電信室、防空避難室兼停車空間、台電配電室、發電機房、管委會使用空間、水景機房、泳池機房、游泳池、梯廳、風除室、外廊、大廳、警衛室等２０項,鋼筋混凝土造,111年10月6日,十五層,,
RPSNMLLMKIKGFFB08CC,31,13.31,大廳、梯間、機房、水塔,鋼筋混凝土造,83年12月13日,十層,,
RPTNMLLMKIKGFFB18CC,3,15.17,排煙室、升降機、緊急升降機兼無障礙升降機、特別安全梯、梯廳、機房、電梯機房、水錶室、消防水箱、自來水箱等１０項,鋼筋混凝土造,111年10月6日,十五層,,
RPTNMLLMKIKGFFB18CC,3,32.71,停車空間、防空避難室兼停車空間等２項,鋼筋混凝土造,111年10月6日,十五層,,
RPSNMLLMKIKGFFB08CC,31,7.08,走道,鋼筋混凝土造,83年12月13日,十層,,
RPSNMLLMKIKGFFB08CC,31,.22,車道,鋼筋混凝土造,83年12月13日,,,
RPUNMLLMKIKGFFB28CC,19,4.11,住家用,鋼筋混凝土造,96年1月9日,五層,,
RPROMLLMKIKGFFB08CC,21,94.58,住家用,鋼筋混凝土造,93年9月9日,八層,,
RPROMLLMKIKGFFB08CC,21,26.90,樓梯間、機械室、水箱、防空避難室兼停車空間,鋼筋混凝土造,93年9月9日,八層,,
RPQNMLLMKIKGFHB08CC,34,141.16,住家用,鋼筋混凝土造,80年6月27日,七層,,
RPQNMLLMKIKGFHB08CC,34,25.09,梯間　機械間　水塔等,鋼筋混凝土造,80年6月27日,七層,,
RPOOMLLMKIKGFFB77CC,1,50.25,集合住宅,鋼筋混凝土造,113年12月6日,十二層,,
RPPOMLLMKIKGFFB87CC,2,154.19,住宅、停車空間,鋼筋混凝土造,113年2月20日,四層,,
RPOOMLLMKIKGFFB77CC,1,35.82,防空避難室兼停車空間、安全梯、昇降機間、排煙室、消防機械室、污水機房、蓄水池、景觀噴水機房、台電配電室、發電機室、電信室、梯廳、戶外安全梯、機電設備空間、管理委員會使用空間、一般昇降機、垃圾集中貯存空間、車道、門廊、樓梯間、機械室、水錶室、電梯機械室、水箱,鋼筋混凝土造,113年12月6日,十二層,,
RPPOMLLMKIKGFFB87CC,2,.12,資源室,鋼筋混凝土造,113年2月20日,一層,,
RPPNMLLMKIKGFHB97CC,32,75.02,住家用,鋼筋混凝土造,83年1月14日,七層,,
RPPNMLLMKIKGFHB97CC,32,37.64,共同使用部份,鋼筋混凝土造,83年1月14日,六層,,
RPRNMLLMKIKGFHB18CC,2,67.03,集合住宅,鋼筋混凝土造,112年12月28日,十二層,,
RPRNMLLMKIKGFHB18CC,2,62.27,本共有部分之項目有停車空間、消防機房、機房、梯廳、安全梯、無障礙電梯、水箱、排煙室、防空避難室兼停車空間、台電配電室、發電機房、台電通道、電信機房、管委會使用空間、梯間、資源回收空間、電梯及電梯機房等１８項,鋼筋混凝土造,112年12月28日,十二層,,
RPQNMLLMKIKGFIB18CC,2,81.26,集合住宅,鋼筋混凝土造,112年8月22日,十五層,,
RPQNMLLMKIKGFIB18CC,2,40.47,停車空間、排煙室、安全梯、雨汙水機房、消防機械室、機械室、水箱、緊急升降機、一般升降機、無障礙樓梯、發電機室、台電配電室、電信室等１３項。,鋼筋混凝土造,112年8月22日,十五層,,
RPQNMLLMKIKGFIB18CC,2,13.88,管委會使用空間、游泳池、梯廳、戶外安全梯、安全梯、排煙室、走廊、車道、機車停車區、垃圾資源回收室、緊急升降機、一般升降機、門廳、升降機道、梯間、機械室、機械室（水錶室）、電梯機房、水箱等１９項。,鋼筋混凝土造,112年8月22日,十五層,,
RPQNMLLMKIKGFIB18CC,2,20.58,梯廳、一般升降機、緊急升降機、排煙室、戶外安全梯、機電設備空間等６項,鋼筋混凝土造,112年8月22日,十五層,,
RPUNMLLMKIKGFIB58CC,34,70.78,集合住宅,鋼筋混凝土造,80年7月10日,六層,,
RPRNMLLMKIKGFIB28CC,32,10.96,店舖、梯間、住宅、騎樓,鋼筋混凝土造,83年2月3日,四層,,
RPUNMLLMKIKGFIB58CC,34,32.86,共有部份,鋼筋混凝土造,80年7月10日,六層,,
RPWNMLLMKIKGFIB78CC,30,175.03,店舖、住宅、人行道,鋼筋混凝土造,84年11月14日,四層,,
RPVNMLLMKIKGFIB68CC,45,87.07,集合住宅,鋼筋混凝土造,69年11月6日,五層,,
RPTNMLLMKIKGFIB48CC,4,57.64,集合住宅,鋼筋混凝土造,110年7月20日,十五層,,
RPTNMLLMKIKGFIB48CC,4,56.18,停車空間、排煙室、樓梯間、昇降機間、消防機房、污水機房、水箱、車道、機房、噴灌機房、電信室、緊急發電機室、台電配電室、垃圾集中室、頂蓋型廣場式開放空間、門廳、梯廳、社區設施、梯間、水錶箱室、電梯機房等２１項。,鋼筋混凝土造,110年7月20日,十五層,,
RPOOMLLMKIKGFIB08CC,9,93.35,集合住宅,鋼筋混凝土造,105年12月19日,十五層,,
RPOOMLLMKIKGFIB08CC,9,73.83,本共有部分之項目有停車空間．排煙室．緊急昇降機．電梯．樓梯間．水箱．消防機房．揚水泵機房．污／雨水機房．防空避難室兼停車空間．騎樓兼沿街步道式開放空間．台電配電室．緊急發電機房．電信機房．景觀機房．門廳．公共服務空間．外廊．環保資源室．水錶室．機械室．梯廳．梯間等２３項。,鋼筋混凝土造,105年12月19日,十五層,,
RPPNMLLMKIKGFKB28CC,4,34.11,集合住宅,鋼筋混凝土造,111年6月6日,六層,,
RPPNMLLMKIKGFKB28CC,4,16.32,防空避難室、樓梯間、機械室,鋼筋混凝土造,111年6月6日,六層,,
RPPNMLLMKIKGFJB18CC,34,127.65,避難室、人行道、店舖、停車空間,鋼筋混凝土造,80年12月27日,七層,,
RPRNMLLMKIKGFKB48CC,31,14.75,住家用,鋼筋混凝土造,83年8月15日,七層,,
RPPNMLLMKIKGFJB18CC,34,92.44,共有部份,鋼筋混凝土造,80年12月27日,七層,,
RPRNMLLMKIKGFKB48CC,31,4.37,配電室、防空避難室,鋼筋混凝土造,83年8月15日,七層,,
RPPOMLLMKIKGFIB18CC,9,81.79,集合住宅,鋼筋混凝土造,106年2月10日,十五層,,
RPPOMLLMKIKGFIB18CC,9,46.39,本共有部分之項目有防空避難空間兼停車空間、車道、排煙室（昇降機間）、安全梯、梯廳、消防機械室、污水機械室、水箱、停車空間、發電機室、台電配電室、電信室等１２項,鋼筋混凝土造,106年2月10日,十五層,,
RPPOMLLMKIKGFIB18CC,9,7.46,本共有部分之項目有公共服務空間（交誼、休閒）、梯廳、排煙室（昇降機間）、管委會使用空間、戶外安全梯、垃圾暫存室、車道等７項,鋼筋混凝土造,106年2月10日,十五層,,
RPPOMLLMKIKGFIB18CC,9,19.04,本共有部分之項目有梯廳、排煙室（昇降機間）、戶外安全梯、走廊、梯間、機械室、水錶室、水箱等８項,鋼筋混凝土造,106年2月10日,十五層,,
RPSNMLMJJHLGFAB27CC,28,81.07,集合住宅,鋼筋混凝土造,87年4月15日,十二層,,
RPSNMLMJJHLGFAB27CC,28,43.76,共有部分,鋼筋混凝土造,87年4月15日,十二層,,
RPRNMLMJJHLGFAB17CC,31,95.21,住家用,鋼筋混凝土造,83年7月2日,十三層,,
RPRNMLMJJHLGFAB17CC,31,21.26,防空避難室．停車空間．機械室．水塔．梯間．受電室,鋼筋混凝土造,83年7月2日,十三層,,
RPQNMLLJJHLGFAB96CC,36,896.41,住商用,鋼筋混凝土造,78年10月27日,五層,,
RPUNMLMJJHLGFAB47CC,29,25.54,住家用,鋼筋混凝土造,86年4月15日,七層,,
RPUNMLMJJHLGFAB47CC,29,12.27,共有部份,鋼筋混凝土造,86年4月15日,七層,,
RPTNMLMJJHLGFAB37CC,43,69.32,住家用,鋼筋混凝土造,72年2月21日,五層,,
RPQNMLMJJHLGFAB07CC,30,20.27,集合住宅,鋼筋混凝土造,85年5月6日,十八層,,
RPQNMLMJJHLGFAB07CC,30,3.78,共同使用,鋼筋混凝土造,85年5月6日,十八層,,
RPQNMLMJJHLGFAB07CC,30,4.24,共同使用,鋼筋混凝土造,85年5月6日,十八層,,
RPQNMLMJJHLGFAB07CC,30,1.01,共同使用,鋼筋混凝土造,85年5月6日,十八層,,
RPQNMLMJJHLGFAB07CC,30,1.51,共同使用,鋼筋混凝土造,85年5月6日,十八層,,
RPXNMLMJJHLGFAB77CC,48,35.73,住家用,鋼筋混凝土造,67年4月1日,七層,,
RPSOMLMJJHLGFAB37CC,57,93.20,住家用,見其他登記事項,58年4月10日,二層,,
RPQOMLMJJHLGFAB17CC,29,24.74,住家用,鋼骨造,86年1月31日,二十八層,,
RPRNMLLJJHLGFAB07CC,20,93.35,集合住宅,鋼筋混凝土造,95年6月22日,三十二層,,
RPQOMLMJJHLGFAB17CC,29,1.01,共同使用,鋼骨造,86年1月31日,二十八層,,
RPRNMLLJJHLGFAB07CC,20,15.09,共用,鋼筋混凝土造,95年6月22日,三十二層,,
RPQOMLMJJHLGFAB17CC,29,7.57,公共設施,鋼骨造,86年1月31日,二十八層,,
RPRNMLLJJHLGFAB07CC,20,17.65,共用,鋼筋混凝土造,95年6月22日,三十二層,,
RPQOMLMJJHLGFAB17CC,29,4.01,共有部份,鋼骨造,86年1月31日,二十八層,,
RPVNMLMJJHLGFAB57CC,30,27.51,集合住宅,鋼骨鋼筋混凝土造,85年5月20日,十九層,,
RPVNMLMJJHLGFAB57CC,30,4.19,共同使用,鋼骨鋼筋混凝土造,85年5月20日,十九層,,
RPVNMLMJJHLGFAB57CC,30,6.02,共同使用,鋼骨鋼筋混凝土造,85年5月20日,十九層,,
RPOOMLMJJHLGFAB96CC,31,22.70,住家用,鋼筋混凝土造,84年1月7日,十三層,,
RPOOMLMJJHLGFAB96CC,31,3.60,梯間、水箱、機房,鋼筋混凝土造,84年1月7日,十三層,,
RPOOMLMJJHLGFAB96CC,31,2.48,共有部份,鋼筋混凝土造,84年1月7日,十三層,,
RPOOMLMJJHLGFAB96CC,31,1.40,共有部份,鋼筋混凝土造,84年1月7日,十三層,,
RPWNMLMJJHLGFAB67CC,28,95.42,住家用,鋼筋混凝土造,87年5月20日,七層,,
RPPOMLMJJHLGFAB07CC,35,24.51,住家用,鋼筋混凝土造,79年6月25日,十二層,,
RPWNMLMJJHLGFAB67CC,28,64.18,共有部份,鋼筋混凝土造,87年5月20日,七層,,
RPTOMLMJJHLGFAB47CC,31,15.56,住家用,鋼筋混凝土造,84年1月13日,十九層,,
RPPOMLMJJHLGFAB07CC,35,10.79,人行道．梯間．走道．停車空間．水箱．機械室．避難室,鋼筋混凝土造,79年6月25日,十二層,,
RPTOMLMJJHLGFAB47CC,31,2.61,共有部份,鋼筋混凝土造,84年1月13日,十九層,,
RPTOMLMJJHLGFAB47CC,31,6.76,梯間．水箱．機械室,鋼筋混凝土造,84年1月13日,十九層,,
RPPNMLLJJHLGFAB86CC,5,90.71,集合住宅,鋼筋混凝土造,110年3月9日,十三層,,
RPPNMLLJJHLGFAB86CC,5,49.15,本共有部份係依使用執照之建築概要表記載項目有：防空避難室兼停車空間、車道、安全梯、一般昇降機、梯廳、排煙室、污水機房、發電機室、消防機械室、景觀機房、機械室、水箱、排煙室兼緊急昇降機間、台電配電室、機車車道、電信室、泳池機房、人行道、公共服務空間、門廳、外廊、垃圾貯存空間、游泳池等２３項。,鋼筋混凝土造,110年3月9日,十三層,,
RPPNMLLJJHLGFAB86CC,5,21.72,本共有部份係依使用執照之建築概要表記載項目有：一般昇降機、梯廳、安全梯、排煙室兼緊急昇降機間、戶外安全梯、樓梯間、水箱、水錶室、消防水箱、機械室等１０項。,鋼筋混凝土造,110年3月9日,十三層,,
RPPNMLMJJHLGFAB96CC,43,80.14,住家用,鋼筋混凝土造,72年6月23日,七層,,
RPRNMLMJJHLGFBB27CC,32,27.27,住家用,鋼筋混凝土造,83年5月31日,七層,,
RPRNMLMJJHLGFBB27CC,32,14.58,共有部分,鋼筋混凝土造,83年5月31日,七層,,
RPSNMLMJJHLGFBB37CC,9,67.20,集合住宅,鋼筋混凝土造,105年8月12日,十三層,,
RPPNMLMJJHLGFBB07CC,29,20.86,住家用,鋼筋混凝土造,85年8月29日,七層,,
RPSNMLMJJHLGFBB37CC,9,21.42,本共有部分係依使用執照之建築概要表記載項目有：消防機械室，污水機械室，停車空間，排煙室，車道，昇降機，丙梯水箱，樓梯間，行動不便電梯，緊急昇降機，機械室，電信室，甲梯水箱，乙梯水箱，防空避難室兼停車空間，機車停車空間，發電機室，受電箱區，台電配電室，人行道，沿街步道式有頂蓋開放空間，門廳，垃圾集中區，戶外安全梯，梯廳，公共服務空間，廣場式頂蓋開放空間，水錶室，水箱等２９項,鋼筋混凝土造,105年8月12日,十四層,,
RPTNMLMJJHLGFBB47CC,33,51.18,住家用,鋼筋混凝土造,81年10月12日,五層,,
RPPNMLMJJHLGFBB07CC,29,9.27,共有部分,鋼筋混凝土造,85年8月29日,七層,,
RPSNMLMJJHLGFBB37CC,9,12.31,本共有部分係依使用執照之建築概要表記載項目有：行動不便電梯，緊急昇降機，戶外安全梯，梯廳，排煙室，樓梯間，昇降機等７項,鋼筋混凝土造,105年8月12日,十四層,,
RPTNMLMJJHLGFBB47CC,33,14.36,共有部分,鋼筋混凝土造,81年10月12日,五層,,
RPTNMLMJJHLGFBB47CC,33,3.94,共有部分,鋼筋混凝土造,81年10月12日,五層,,
RPXNMLMJJHLGFBB87CC,21,253.18,人行道，停車空間，店舖，住房,ＲＣ造,93年10月21日,四層,,
RPOOMLMJJHLGFBB07CC,10,273.26,住宅、停車空間、機電設備室、樓梯間,鋼筋混凝土造,104年6月26日,三層,,
RPQNMLMJJHLGFBB17CC,31,20.52,住家用,鋼筋混凝土造,83年12月14日,十六層,,
RPOOMLMJJHLGFBB07CC,10,48.05,本共有部分係依使用執照之建築概要表記載項目有：台電配電室、管理員室、車道等三項。,鋼筋混凝土造,104年6月26日,四層,,
RPQNMLMJJHLGFBB17CC,31,8.92,共有部分,鋼筋混凝土造,83年12月14日,十七層,,
RPUNMLMJJHLGFBB57CC,2,61.26,集合住宅,鋼筋混凝土造,112年9月27日,九層,,
RPUNMLMJJHLGFBB57CC,2,58.09,本共有部分係依使用執照之建築概要表記載項目有：防空避難室兼停車空間，排煙室，樓梯間，昇降機間，消防機房，雨水機房，機房，水箱，車道，停車空間，緊急發電機室，電信室，台電配電室，泳池機房，景觀機房，水景機房，資源回收中心，門廳，梯廳，管委會使用空間，水錶室，電梯機房等２２項,鋼筋混凝土造,112年9月27日,九層,,
RPROMLMJJHLGFBB37CC,2,54.33,集合住宅,鋼筋混凝土造,113年6月5日,十五層,,
RPROMLMJJHLGFBB37CC,2,54.38,本共有部份係依使用執照之建築概要表記載項目有：防空避難室兼停車空間，水箱，排煙室，樓梯間，緊急昇降機，一般昇降機，消防機房，雨水機房，機房，緊急發電機室，停車空間，台電配電室，電信室，機車停車空間，梯廳，機電設備空間，頂蓋型開放空間，管委會使用空間，公共服務空間，走廊，資源回收中心，游泳池，梯間，電梯機房，水錶箱室等２５項,鋼筋混凝土造,113年6月5日,十五層,,
RPTOMLMJJHLGFBB57CC,1,90.06,集合住宅,鋼筋混凝土造,114年2月25日,十五層,,
RPTOMLMJJHLGFBB57CC,1,80.94,本共有部分係依使用執照之建築概要表記載項目有：防空避難室兼停車空間、停車空間、梯間、消防機房、水箱、排煙室、昇降機間、雨水機房、車道、機房、電信機房、台電配電場所、發電機房、管委會空間、梯廳、公共服務空間、走廊、無障礙廁所、水表空間等１９項,鋼筋混凝土造,114年2月25日,十五層,,
RPVNMLMJJHLGFBB67CC,28,52.94,人行道、集合住宅,鋼筋混凝土造,86年11月7日,五層,,
RPVNMLMJJHLGFBB67CC,28,17.57,共有部分,鋼筋混凝土造,86年11月7日,五層,,
RPPOMLMJJHLGFBB17CC,26,73.41,住家用,鋼筋混凝土造,88年7月13日,十四層,,
RPPOMLMJJHLGFBB17CC,26,33.61,共有部分,鋼筋混凝土造,88年7月13日,十四層,,
RPPOMLMJJHLGFBB17CC,26,7.35,共有部分,鋼筋混凝土造,88年7月13日,十四層,,
RPVOMLMJJHLGFBB77CC,30,33.63,住家用,鋼筋混凝土造,84年6月26日,二十四層,,
RPPOMLMJJHLGFBB17CC,26,.00,共有部分,鋼筋混凝土造,88年7月13日,十四層,,
RPVOMLMJJHLGFBB77CC,30,10.25,共有部份,鋼筋混凝土造,84年6月26日,二十四層,,
RPWOMLMJJHLGFBB87CC,2,58.91,集合住宅,鋼筋混凝土造,113年6月5日,十五層,,
RPSOMLMJJHLGFBB47CC,36,88.54,住家用,鋼筋混凝土造,79年4月12日,五層,,
RPVOMLMJJHLGFBB77CC,30,7.78,共有部份,鋼筋混凝土造,84年6月26日,二十四層,,
RPWOMLMJJHLGFBB87CC,2,56.71,本共有部份係依使用執照之建築概要表記載項目有：防空避難室兼停車空間，水箱，排煙室，樓梯間，緊急昇降機，一般昇降機，消防機房，雨水機房，機房，緊急發電機室，停車空間，台電配電室，電信室，機車停車空間，梯廳，機電設備空間，頂蓋型開放空間，管委會使用空間，公共服務空間，走廊，資源回收中心，游泳池，梯間，電梯機房，水錶箱室等２５項,鋼筋混凝土造,113年6月5日,十五層,,
RPSOMLMJJHLGFBB47CC,36,27.26,共有部份,鋼筋混凝土造,79年4月12日,五層,,
RPXOMLMJJHLGFBB97CC,43,84.97,住家用,鋼筋混凝土造,71年11月29日,五層,,
RPQPMLMJJHLGFBB37CC,17,18.59,住家用,鋼筋混凝土造,97年11月28日,十七層,,
RPQPMLMJJHLGFBB37CC,17,3.86,共有部份,鋼筋混凝土造,97年11月28日,十七層,,
RPQPMLMJJHLGFBB37CC,17,7.86,共有部份,鋼筋混凝土造,97年11月28日,十七層,,
RPOPMLMJJHLGFBB17CC,32,118.03,住家用,鋼筋混凝土造,83年4月19日,十三層,,
RPTPMLMJJHLGFBB67CC,31,74.20,住家用,鋼筋混凝土造,84年5月26日,十六層,,
RPOPMLMJJHLGFBB17CC,32,37.90,共有部份,鋼筋混凝土造,83年4月19日,十三層,,
RPRPMLMJJHLGFBB47CC,9,80.91,集合住宅,鋼筋混凝土造,106年4月20日,二十八層,,
RPTPMLMJJHLGFBB67CC,31,9.61,共有部分,鋼筋混凝土造,84年5月26日,十六層,,
RPTPMLMJJHLGFBB67CC,31,12.15,共有部分,鋼筋混凝土造,84年5月26日,十六層,,
RPRPMLMJJHLGFBB47CC,9,28.41,本共有部分係依使用執照之建築概要表記載項目有：管委會使用空間、梯廳、排煙室、特別安全梯、電機室、梯間、機房、中繼機房、水箱、電梯機房等１０項,鋼筋混凝土造,106年4月20日,二十八層,,
RPTPMLMJJHLGFBB67CC,31,.31,共有部分,鋼筋混凝土造,84年5月26日,十六層,,
RPRPMLMJJHLGFBB47CC,9,53.32,本共有部分係依使用執照之建築概要表記載項目有：停車空間、水箱室、消防機械室、排煙室、梯廳、地下室排氣機房、安全梯、機電設備空間、電信室、防空避難室兼停車空間、台電配電室、中繼機房、發電機室、防災中心、梯間等１５項,鋼筋混凝土造,106年4月20日,二十八層,,
RPVPMLMJJHLGFBB87CC,43,40.90,住家用,鋼筋混凝土造,71年11月10日,五層,,
RPVPMLMJJHLGFBB87CC,43,3.45,共有部分,鋼筋混凝土造,71年11月10日,五層,,
RPSPMLMJJHLGFBB57CC,6,77.80,集合住宅,鋼筋混凝土造,108年8月27日,十五層,,
RPSPMLMJJHLGFBB57CC,6,35.75,本共有部分係依使用執照之建築概要表記載項目有：防空避難室兼停車空間，排煙室，一般安全梯，一般昇降機，消防機房，污水機房，水箱，停車空間，機房，電信室，緊急發電機室，台電配電室，水景機房，梯廳，戶外安全梯，門廳，車道，管委會使用空間，廣場式頂蓋型開放空間，垃圾集中室，電梯機房等２１項,鋼筋混凝土造,108年8月27日,十五層,,
RPPPMLMJJHLGFBB27CC,30,17.49,住家用,鋼筋混凝土造,84年6月26日,二十四層,,
RPPPMLMJJHLGFBB27CC,30,4.89,共有部份,鋼筋混凝土造,84年6月26日,二十四層,,
RPPPMLMJJHLGFBB27CC,30,3.70,共有部份,鋼筋混凝土造,84年6月26日,二十四層,,
RPUPMLMJJHLGFBB77CC,37,27.73,住家用,鋼筋混凝土造,78年6月13日,八層,,
RPUPMLMJJHLGFBB77CC,37,11.26,共有部分,鋼筋混凝土造,78年6月13日,八層,,
RPXNMLMJJHLGFCB97CC,32,14.01,住家用,鋼筋混凝土造,82年8月28日,六層,,
RPXNMLMJJHLGFCB97CC,32,22.51,共用部份,鋼筋混凝土造,82年8月28日,六層,,
RPRNMLMJJHLGFCB37CC,28,30.77,住家用,鋼筋混凝土造,86年12月16日,二十三層,,
RPPNMLMJJHLGFCB17CC,29,22.79,住家用,鋼筋混凝土造,86年2月3日,十五層,,
RPRNMLMJJHLGFCB37CC,28,5.31,共有部份,鋼筋混凝土造,86年12月16日,二十三層,,
RPSNMLMJJHLGFCB47CC,4,49.54,集合住宅,鋼筋混凝土造,110年10月29日,二十四層,,
RPPNMLMJJHLGFCB17CC,29,12.50,共有部份,鋼筋混凝土造,86年2月3日,十五層,,
RPPOMLMJJHLGFCB27CC,31,13.48,住家用,鋼筋混凝土造,83年9月8日,十三層,,
RPRNMLMJJHLGFCB37CC,28,4.36,共有部份,鋼筋混凝土造,86年12月16日,二十三層,,
RPQNMLMJJHLGFCB27CC,8,57.63,集合住宅,鋼筋混凝土造,106年7月31日,二十二層,,
RPSNMLMJJHLGFCB47CC,4,39.23,本共有部分係依使用執照之建築物概要表記載項目有：梯廳（排煙室）、電梯、緊急昇降電梯（行動不便電梯）、停車空間、消防機房、污水機房、水箱、車道、樓梯間、管道間、泳池水箱、電信室、消防中繼機房、發電機室、機械室、消防中繼水箱、防空避難室兼汽．機停車空間、台電配電室、垃圾集中室、受電箱區、電錶位置等２１項。,鋼筋混凝土造,110年10月29日,二十四層,,
RPPOMLMJJHLGFCB27CC,31,7.17,共有部份,鋼筋混凝土造,83年9月8日,十三層,,
RPSNMLMJJHLGFCB47CC,4,15.35,本共有部分係依使用執照之建築物概要表記載項目有：開放空間（有頂蓋）、管道間、梯廳（排煙室）、樓梯間、緊急升降電梯（行動不便電梯）、門廳、車道、防災中心、管委會使用空間、電梯、廁所、中繼機房、機械室、機械室（水錶區）、電梯機房、子母水箱、消防水箱等１７項。,鋼筋混凝土造,110年10月29日,二十四層,,
RPQNMLMJJHLGFCB27CC,8,28.30,本共有部分係依使用執照之建築物概要表記載項目有：停車空間、安全梯間、梯廳、排煙室、消防機房、雨水回收機房、緊急升降機、升降機、車道、水箱、機房、防空避難室兼停車空間、台電配電室、機車停車空間、發電機室、電信室等１６項。,鋼筋混凝土造,106年7月31日,二十二層,,
RPQNMLMJJHLGFCB27CC,8,18.15,本共有部分係依使用執照之建築物概要表記載項目有：排煙室、梯廳、安全梯間、緊急升降機、升降機、門廳、外廊、管委會使用空間、垃圾集中室、管道間、防災中心、樓梯間、機械室、消防中繼機房、電梯機房、水箱等１６項。,鋼筋混凝土造,106年7月31日,二十二層,,
RPROMLMJJHLGFCB47CC,29,24.11,住家用,鋼筋混凝土造,86年2月3日,十五層,,
RPRNMLMJJHLGFCB37CC,28,5.36,共有部份,鋼筋混凝土造,86年12月16日,二十三層,,
RPROMLMJJHLGFCB47CC,29,12.87,共有部份,鋼筋混凝土造,86年2月3日,十五層,,
RPTOMLMJJHLGFCB67CC,21,64.80,住家用,鋼筋混凝土造,94年2月15日,十三層,,
RPTOMLMJJHLGFCB67CC,21,42.70,共用,鋼筋混凝土造,94年2月15日,十三層,,
RPSOMLMJJHLGFCB57CC,44,20.21,住家用,鋼筋混凝土造,71年6月2日,五層,,
RPVNMLMJJHLGFCB77CC,5,37.54,集合住宅,鋼筋混凝土造,109年8月31日,十九層,,
RPSOMLMJJHLGFCB57CC,44,3.60,共有部份,鋼筋混凝土造,71年6月2日,五層,,
RPVNMLMJJHLGFCB77CC,5,23.34,本共有部份係依使用執照之建築概要表記載項目有：停車空間、梯廳、一般安全梯、排煙室、自來水箱、消防機械室、污水機房、機械室、一般升降機、緊急升降機、電信室、消防中繼機房、防空避難室兼停車空間、發電機室、消防中繼水箱、台電配電室、電表室、辦公室、管委會使用空間（辦公室）及（會議室）、垃圾集中處、出入口緩衝空間、外廊、防災中心、安全梯、特別安全梯、車道、管委會使用空間、走廊、機房、水表室、消防水箱等三十一項。,鋼筋混凝土造,109年8月31日,十九層,,
RPWNMLMJJHLGFCB87CC,40,97.29,住家用,鋼筋混凝土造,74年11月11日,五層,,
RPWNMLMJJHLGFCB87CC,40,9.02,共用部份,鋼筋混凝土造,74年11月11日,五層,,
RPQOMLMJJHLGFCB37CC,28,31.90,住家用,鋼筋混凝土造,86年6月21日,十四層,,
RPQOMLMJJHLGFCB37CC,28,19.89,共有部份,鋼筋混凝土造,86年6月21日,十四層,,
RPUOMLMJJHLGFCB77CC,31,13.86,住家用,鋼筋混凝土造,84年4月24日,七層,,
RPOOMLMJJHLGFCB17CC,46,15.29,住家用,鋼筋混凝土造,68年7月24日,五層,,
RPUOMLMJJHLGFCB77CC,31,6.63,共有部份,鋼筋混凝土造,84年4月24日,七層,,
RPVOMLMJJHLGFCB87CC,39,185.61,店舖、住房、避難室,鋼筋混凝土造,76年1月22日,三層,,
RPUOMLMJJHLGFAB57CC,31,17.33,住家用,鋼筋混凝土造,84年1月13日,十九層,,
RPUOMLMJJHLGFAB57CC,31,2.84,共有部份,鋼筋混凝土造,84年1月13日,十九層,,
RPPPMLMJJHLGFAB17CC,45,40.97,住商用,鋼筋混凝土造,70年6月12日,三層,,
RPUOMLMJJHLGFAB57CC,31,6.24,梯間．水箱．機械室,鋼筋混凝土造,84年1月13日,十九層,,
RPWOMLMJJHLGFAB77CC,28,72.01,住家用,鋼筋混凝土造,86年12月24日,十五層,,
RPXOMLMJJHLGFAB87CC,34,110.19,住家用,鋼筋混凝土造,80年7月25日,十三層,,
RPWOMLMJJHLGFAB77CC,28,36.00,共有部份,鋼筋混凝土造,86年12月24日,十五層,,
RPXOMLMJJHLGFAB87CC,34,4.21,避難室．機械室．水箱．人行道,鋼筋混凝土造,80年7月25日,十三層,,
RPOPMLMJJHLGFAB07CC,46,15.11,住商用,加強磚造,69年2月28日,二層,,
RPWOMLMJJHLGFCB97CC,35,106.32,住家用,鋼筋混凝土造,79年10月26日,六層,,
RPWOMLMJJHLGFCB97CC,35,47.38,共用部份,鋼筋混凝土造,79年10月26日,六層,,
RPQNMLMJJHLGFFB57CC,43,65.05,集合住宅,鋼筋混凝土造,72年2月3日,五層,,
RPQNMLMJJHLGFFB57CC,43,1.40,梯間、國民住宅,鋼筋混凝土造,72年2月3日,五層,,
RPTNMLMJJHLGFFB87CC,3,57.30,集合住宅,鋼筋混凝土造,111年10月6日,十五層,,
RPTNMLMJJHLGFFB87CC,3,11.39,消防機房、機房、水箱、雨水機房、污水機房、安全梯、排風管道、電信室、防空避難室兼停車空間、台電配電室、發電機房、管委會使用空間、水景機房、泳池機房、游泳池、梯廳、風除室、外廊、大廳、警衛室等２０項,鋼筋混凝土造,111年10月6日,十五層,,
RPTNMLMJJHLGFFB87CC,3,16.72,排煙室、升降機、緊急升降機兼無障礙升降機、通風管道、特別安全梯、梯廳、走道、梯廳兼排煙室、電梯機房、水錶室、消防水箱、自來水箱等１２項,鋼筋混凝土造,111年10月6日,十五層,,
RPTNMLMJJHLGFFB87CC,3,32.71,停車空間、防空避難室兼停車空間等２項,鋼筋混凝土造,111年10月6日,十五層,,
RPRNMLMJJHLGFFB67CC,26,89.89,住家用,鋼筋混凝土造,88年8月12日,九層,,
RPUNMLMJJHLGFFB97CC,1,88.77,集合住宅,鋼筋混凝土造,113年12月16日,二十四層,,
RPRNMLMJJHLGFFB67CC,26,1.25,社區中心、會客室、管理員室,鋼筋混凝土造,88年8月12日,十層,,
RPRNMLMJJHLGFFB67CC,26,11.19,梯間,鋼筋混凝土造,88年8月12日,九層,,
RPSNMLMJJHLGFFB77CC,2,81.95,集合住宅,鋼筋混凝土造,112年11月4日,十五層,,
RPUNMLMJJHLGFFB97CC,1,70.95,防空避難室兼停車空間、排煙室、水箱、一般昇降機、消防機械室、汙雨水機械室、安全梯、緊急昇降機、車道、停車空間、台電配電室、機械室、發電機室、泳池機械室、電表區、消防中繼水箱、消防中繼機房、電信室、梯廳、門廳、垃圾暫存空間、管委會使用空間、機車停車區、特別安全梯、防災中心、走廊、水錶室、電梯機房等２８項。,鋼筋混凝土造,113年12月16日,二十四層,,
RPRNMLMJJHLGFFB67CC,26,12.82,停車空間、防空避難室,鋼筋混凝土造,88年8月12日,十層,,
RPSNMLMJJHLGFFB77CC,2,64.11,防空避難室兼停車空間、排煙室、樓梯間、昇降機間、污水機房兼雨水回收設備機房、消防機房、水箱、車道、停車空間、電信室、緊急發電機室、台電配電室、機車停車區、機房、沿街步道式開放空間（等寬有頂蓋型）、梯廳、門廳、垃圾集中室、管委會使用空間、公設（游泳池）、梯間、安全梯、水錶箱室、電梯機房等２４項,鋼筋混凝土造,112年11月4日,十五層,,
RPWNMLMJJHLGFFB18CC,28,110.70,住家用,鋼筋混凝土造,86年9月24日,三層,,
RPPNMLMJJHLGFFB47CC,9,80.65,集合住宅,鋼筋混凝土造,106年4月12日,七層,,
RPPNMLMJJHLGFFB47CC,9,27.18,防空避難室兼停車空間、台電配電室、電信室、發電機室兼消防機械室、梯廳、梯間、管委會使用空間、資源回收室、樓梯間、機械室、水箱,鋼筋混凝土造,106年4月12日,七層,,
RPXNMLMJJHLGFFB28CC,1,48.89,集合住宅,鋼筋混凝土造,114年6月6日,二十八層,,
RPXNMLMJJHLGFFB28CC,1,13.28,排煙室、昇降機、無障礙安全梯、特別安全梯、無障礙樓梯、梯廳兼排煙室、梯廳、管委會空間、中繼機房、中繼水箱、電梯間、水錶室、樓梯間、電梯機房、機電空間、水箱、安全梯、水箱機房、消防水箱等１９項,鋼筋混凝土造,114年6月6日,二十八層,,
RPXNMLMJJHLGFFB28CC,1,36.08,消防機房、雨水回收機房、車道、機房、水箱、停車空間、進風管道、公共水箱、防空避難室兼停車空間、台電配電室、發電機房、泳池水箱、公共電氣室、機車車道、管委會使用空間、昇降機、大廳、梯廳、警衛室、儲藏室、風除室、排風機房、防災中心、電信室、垃圾暫存室、附屬社區共用空間、附屬共用廚房、機電設備空間、電梯間、設備空間、泳池機房、景觀機房、游泳池、管委會空間、樓電梯間、機電空間、樓梯間等３７項,鋼筋混凝土造,114年6月6日,二十八層,,
RPVNMLMJJHLGFFB08CC,6,83.52,集合住宅,鋼筋混凝土造,108年7月30日,十二層,,
RPVNMLMJJHLGFFB08CC,6,70.61,防空避難設備兼停車空間、機房、自來水機房、消房機房、排煙室、緊急升降機、停車空間、發電機房、電表機房、電信機房、受電機房、台電配電室、進氣機房、排氣機房、戶外無障礙安全梯、垃圾回收室、管委會空間、門廳、樓梯間、電梯間、水箱,鋼筋混凝土造,108年7月30日,十二層,,
RPQNMLMJJHLGFHB77CC,31,58.49,住家用,鋼筋混凝土造,83年8月24日,十七層,,
RPQNMLMJJHLGFHB77CC,31,14.15,共有部份,鋼筋混凝土造,83年8月24日,十七層,,
RPPNMLMJJHLGFIB77CC,4,59.49,集合住宅,鋼筋混凝土造,110年6月21日,十四層,,
RPPNMLMJJHLGFIB77CC,4,67.27,停車空間、雨水機房、消防機房、水箱、梯廳、排煙室、緊急昇降機、無障礙昇降機、樓梯間、電信機房、發電機房、防空避難室兼停車空間、台電配電場所、垃圾儲存空間、水景／噴灌機房、管委會使用空間、過廊、污水機房、電梯機房及一般昇降機等２０項。,鋼筋混凝土造,110年6月21日,十四層,,
RPQNMLMJJHLGFIB87CC,33,62.57,集合住宅,鋼筋混凝土造,82年1月20日,五層,,
RPQNMLMJJHLGFIB87CC,33,5.98,共用部份,鋼筋混凝土造,82年1月20日,五層,,
RPOPMLMJJHLGFCB27CC,31,23.89,住家用,鋼筋混凝土造,83年8月17日,十四層,,
RPOPMLMJJHLGFCB27CC,31,12.50,共有部份,鋼筋混凝土造,83年8月17日,十四層,,
RPQNMLMJJHLGFDB37CC,29,22.91,住家用,鋼筋混凝土造,86年6月2日,十三層,,
RPTNMLMJJHLGFDB67CC,36,26.40,避難室、店舖、住宅、梯間,鋼筋混凝土造,79年1月17日,六層,,
RPQNMLMJJHLGFDB37CC,29,12.43,共用部份,鋼筋混凝土造,86年6月2日,十三層,,
RPXOMLMJJHLGFCB08CC,31,97.83,住家用,鋼筋混凝土造,83年8月25日,十八層,,
RPRNMLMJJHLGFDB47CC,56,26.47,商業用,加強磚造,58年9月10日,三層,,
RPXOMLMJJHLGFCB08CC,31,24.37,共有部分,鋼筋混凝土造,83年8月25日,十八層,,
RPXOMLMJJHLGFCB08CC,31,7.89,共有部分,鋼筋混凝土造,83年8月25日,二十九層,,
RPXOMLMJJHLGFCB08CC,31,6.60,共有部分,鋼筋混凝土造,83年8月25日,二十九層,,
RPSNMLMJJHLGFDB57CC,30,102.30,住家用,鋼筋混凝土造,85年2月2日,八層,,
RPSNMLMJJHLGFDB57CC,30,30.10,共有部分,鋼筋混凝土造,85年2月2日,八層,,
RPSNMLMJJHLGFDB57CC,30,19.90,共有部分,鋼筋混凝土造,85年2月2日,八層,,
RPPNMLMJJHLGFKB97CC,31,87.75,住家用,鋼筋混凝土造,83年7月25日,八層,,
RPRNMLMJJHLGFKB18CC,45,42.04,住家用,鋼筋混凝土造,70年5月20日,四層,,
RPPNMLMJJHLGFKB97CC,31,41.49,梯間、停車空間,鋼筋混凝土造,83年7月25日,八層,,
RPSNMLMJJHLGFKB28CC,45,44.00,住家用,鋼筋混凝土造,70年5月20日,四層,,
RPUNMLMJJHLGFKB48CC,46,83.61,住家用,鋼筋混凝土造,69年2月8日,見其他登記事項,,
RPPNMLNJJHLGFDB37CC,1,20.46,住家用,鋼筋混凝土造,113年8月27日,三層,,
RPQNMLMJJHLGFKB08CC,33,27.66,住家用,鋼筋混凝土造,81年10月30日,七層,,
RPQNMLMJJHLGFKB08CC,33,11.11,梯間、水塔、機械房、防空避難室、活動中心、受電室,鋼筋混凝土造,81年10月30日,七層,,
RPQNMLOJJHLGFBB37CC,24,20.00,停車空間．住宅．機械室,鋼筋混凝土造,91年4月17日,五層,,
RPPNMLNJJHLGFBB17CC,54,104.16,住家用,鋼筋混凝土加強磚造,61年4月15日,二層,,
RPPNMLOJJHLGFBB27CC,24,10.00,停車空間．住宅．機械室,鋼筋混凝土造,91年4月17日,五層,,
RPPNMLPJJHLGFAB27CC,33,45.79,住家用,鋼筋混凝土造,81年11月24日,七層,,
RPPNMLPJJHLGFAB27CC,33,20.64,人行道、樓梯間、機械房、水塔、防空避難室、停車場,鋼筋混凝土造,81年11月24日,七層,,
RPQNMLPJJHLGFAB37CC,31,23.15,住家用,鋼筋混凝土造,84年1月13日,十九層,,
RPQNMLPJJHLGFAB37CC,31,3.81,共有部分,鋼筋混凝土造,84年1月13日,十九層,,
RPQNMLPJJHLGFAB37CC,31,8.34,梯間．水箱．機械室,鋼筋混凝土造,84年1月13日,十九層,,
RPRNMLPJJHLGFAB47CC,44,72.57,住家用,鋼筋混凝土造,70年10月16日,五層,,
RPRNMLPJJHLGFAB47CC,44,3.23,共有部分,鋼筋混凝土造,70年10月16日,五層,,
RPSNMLMJJHLGFJB18CC,1,77.88,集合住宅,鋼筋混凝土造,114年3月21日,十五層,,
RPSNMLMJJHLGFJB18CC,1,70.45,本共有部分之項目有：停車空間、消防機房、汙水機房、雨水回收機房、水箱、梯廳、一般安全梯、一般升降機兼行動不便者、緊急升降機、儲藏室、機房、防空避難室兼停車空間、發電機室、台電配電場所、電信室、外廊、排煙室、公共服務空間、汙物處理區、宅配室、戶外安全梯、管理室、機械室等２３項,鋼筋混凝土造,114年3月21日,十五層,,
RPTNMLMJJHLGFJB28CC,4,118.31,集合住宅,鋼筋混凝土造,111年5月30日,十五層,,
RPTNMLMJJHLGFJB28CC,4,80.96,防空避難室兼停車空間、排煙室、樓梯間、一般昇降機、緊急昇降機、消防機房、污水處理機房、機房、水箱、停車空間、緊急發電機室、台電配電室、電信室、機車停車區、浴廁、無障礙廁所、梯廳、公共服務空間、管委會空間、門廳、走廊、垃圾集中室、梯間、水錶箱室、電梯機房等２５項。,鋼筋混凝土造,111年5月30日,十五層,,
RPRNMLMJJHLGFJB08CC,2,83.60,集合住宅,鋼筋混凝土造,112年11月4日,十五層,,
RPUNMLMJJHLGFJB38CC,45,122.95,住家用,加強磚造,70年4月10日,二層,,
RPRNMLMJJHLGFJB08CC,2,70.62,停車空間、消防機房、污雨水機房、水箱、安全梯、昇降機、車道、電信機房、防空避難室兼停車空間、台電配電場所、發電機室、管理委員會使用空間、公共服務空間、社區公共空間、資源回收室、門廳、梯廳、機電設備空間、排煙室、樓梯間、機械室等２１項。,鋼筋混凝土造,112年11月4日,十五層,,
RPQNMLOJJHLGFCB47CC,2,51.84,辦公室,鋼骨鋼筋混凝土造、鋼筋混凝土造,113年1月29日,三十一層,,
RPQNMLOJJHLGFCB47CC,2,19.74,本共有部分係依使用執照之建築物概要表記載項目有：梯廳、排煙室、機車汽車坡道、管委會使用空間、防災中心、公益設施、樓梯間、昇降機、緊急昇降機、無障礙昇降機、外廊、消防中繼機房、機械室、水箱等１４項。,鋼骨鋼筋混凝土造、鋼筋混凝土造,113年1月29日,三十一層,,
RPQNMLOJJHLGFCB47CC,2,40.38,本共有部分係依使用執照之建築物概要表記載項目有：停車空間、汽車坡道、水箱、汽車機車坡道、消防機械室、梯廳、樓梯間、排煙室、昇降機、緊急昇降機、無障礙昇降機、防空避難室兼停車空間、機械室、電信室、機車停車空間、電錶箱區、台電配電室、發電機室、受電箱區、垃圾集中室、消防中繼機房等２１項。,鋼骨鋼筋混凝土造、鋼筋混凝土造,113年1月29日,三十一層,,
RPRNMLOJJHLGFCB57CC,2,51.84,辦公室,鋼骨鋼筋混凝土造、鋼筋混凝土造,113年1月29日,三十一層,,
RPRNMLOJJHLGFCB57CC,2,19.74,本共有部分係依使用執照之建築物概要表記載項目有：梯廳、排煙室、機車汽車坡道、管委會使用空間、防災中心、公益設施、樓梯間、昇降機、緊急昇降機、無障礙昇降機、外廊、消防中繼機房、機械室、水箱等１４項。,鋼骨鋼筋混凝土造、鋼筋混凝土造,113年1月29日,三十一層,,
RPPNMLNJJHLGFCB27CC,16,141.78,住家用,鋼骨鋼筋混凝土造,99年2月11日,二十九層,,
RPRNMLOJJHLGFCB57CC,2,40.38,本共有部分係依使用執照之建築物概要表記載項目有：停車空間、汽車坡道、水箱、汽車機車坡道、消防機械室、梯廳、樓梯間、排煙室、昇降機、緊急昇降機、無障礙昇降機、防空避難室兼停車空間、機械室、電信室、機車停車空間、電錶箱區、台電配電室、發電機室、受電箱區、垃圾集中室、消防中繼機房等２１項。,鋼骨鋼筋混凝土造、鋼筋混凝土造,113年1月29日,三十一層,,
RPPNMLNJJHLGFCB27CC,16,83.19,本共有部分之項目有：防空避難室兼停車空間、人行道、騎樓、防災中心、管理室、梯廳、消防幫浦室、門廊、車道、水箱、機車停車空間、中繼水箱、機械室、梯間、一般安全梯、緊急昇降機間、昇降機間、排煙室、排煙管道、進風管道、排氣管道、進氣管道、緊急發電機室、電信室、台電專用管道、廣場式開放空間、汽車車道、垃圾處理場、特別安全梯、發電機室、機電空間、緩衝空間、行動不便者坡道、機車車道、排風管道、錶箱室、造型牆、樑柱、台電配電室、陽台、雨遮等四十一項。,鋼骨鋼筋混凝土造,99年2月11日,二十九層,,
RPRNMLPJJHLGFBB57CC,2,82.84,集合住宅,鋼筋混凝土造,113年6月5日,十五層,,
RPRNMLPJJHLGFBB57CC,2,68.70,本共有部份係依使用執照之建築概要表記載項目有：防空避難室兼停車空間，水箱，排煙室，樓梯間，緊急昇降機，一般昇降機，消防機房，雨水機房，機房，緊急發電機室，停車空間，台電配電室，電信室，機車停車空間，梯廳，機電設備空間，頂蓋型開放空間，管委會使用空間，公共服務空間，走廊，資源回收中心，游泳池，梯間，電梯機房，水錶箱室等２５項,鋼筋混凝土造,113年6月5日,十五層,,
RPPNMLPJJHLGFBB37CC,30,23.70,住家用,鋼筋混凝土造,84年11月24日,二十四層,,
RPPNMLPJJHLGFBB37CC,30,12.17,防空避難室，停車空間，門廳，樓梯間，機械室，水箱,鋼筋混凝土造,84年11月24日,二十四層,,
RPVNMLPJJHLGFAB87CC,30,26.09,集合住宅,鋼骨鋼筋混凝土造,85年1月19日,二十二層,,
RPVNMLPJJHLGFAB87CC,30,2.48,樓梯間．機房．蓄水池,鋼骨鋼筋混凝土造,85年1月19日,二十二層,,
RPVNMLPJJHLGFAB87CC,30,2.77,樓梯間,鋼骨鋼筋混凝土造,85年1月19日,二十二層,,
RPVNMLPJJHLGFAB87CC,30,7.32,防空避難室兼停車空間．走道,鋼骨鋼筋混凝土造,85年1月19日,二十二層,,
RPVNMLPJJHLGFAB87CC,30,9.03,走道,鋼骨鋼筋混凝土造,85年1月19日,二十二層,,
RPVNMLPJJHLGFBB97CC,30,45.55,住家用,鋼筋混凝土造,84年8月14日,十六層,,
RPUNMLPJJHLGFBB87CC,28,129.45,人行道、集合住宅,鋼筋混凝土造,86年11月7日,五層,,
RPVNMLPJJHLGFBB97CC,30,.00,共有部分,鋼筋混凝土造,84年8月14日,十六層,,
RPUNMLPJJHLGFBB87CC,28,7.19,共有部分,鋼筋混凝土造,86年11月7日,五層,,
RPVNMLPJJHLGFBB97CC,30,.00,共有部分,鋼筋混凝土造,84年8月14日,十六層,,
RPVNMLPJJHLGFBB97CC,30,.44,共有部分,鋼筋混凝土造,84年8月14日,十六層,,
RPVNMLPJJHLGFBB97CC,30,.00,共有部分,鋼筋混凝土造,84年8月14日,十六層,,
RPVNMLPJJHLGFBB97CC,30,8.76,共有部分,鋼筋混凝土造,84年8月14日,十六層,,
RPVNMLPJJHLGFBB97CC,30,.00,共有部分,鋼筋混凝土造,84年8月14日,十六層,,
RPVNMLPJJHLGFBB97CC,30,.00,共有部分,鋼筋混凝土造,84年8月14日,十六層,,
RPVNMLPJJHLGFBB97CC,30,.00,共有部分,鋼筋混凝土造,84年8月14日,十六層,,
RPVNMLPJJHLGFBB97CC,30,.00,共有部分,鋼筋混凝土造,84年8月14日,十六層,,
RPVNMLPJJHLGFBB97CC,30,.00,共有部分,鋼筋混凝土造,84年8月14日,十六層,,
RPVNMLPJJHLGFBB97CC,30,8.87,共有部分,鋼筋混凝土造,84年8月14日,十六層,,
RPVNMLPJJHLGFBB97CC,30,.00,共有部分,鋼筋混凝土造,84年8月14日,十六層,,
RPVNMLPJJHLGFBB97CC,30,.00,共有部分,鋼筋混凝土造,84年8月14日,十六層,,
RPSNMLPJJHLGFAB57CC,19,99.93,集合住宅,鋼筋混凝土造,95年12月22日,十五層,,
RPUNMLPJJHLGFAB77CC,31,99.09,集合住宅,鋼筋混凝土造,84年5月26日,十六層,,
RPSNMLPJJHLGFAB57CC,19,21.08,共用部分,鋼筋混凝土造,95年12月22日,十五層,,
RPUNMLPJJHLGFAB77CC,31,40.40,車道，梯間，防空避難室兼停車空間，機械室，水箱,鋼筋混凝土造,84年5月26日,十六層,,
RPSNMLPJJHLGFAB57CC,19,40.24,共用部分,鋼筋混凝土造,95年12月22日,十五層,,
RPWNMLPJJHLGFAB97CC,44,22.27,住家用,鋼筋混凝土造,70年12月29日,十二層,,
RPUNMLPJJHLGFAB77CC,31,11.34,梯間,鋼筋混凝土造,84年5月26日,十六層,,
RPWNMLPJJHLGFBB08CC,2,54.33,集合住宅,鋼筋混凝土造,113年6月5日,十五層,,
RPUNMLPJJHLGFAB77CC,31,3.10,集合住宅,鋼筋混凝土造,84年5月26日,十六層,,
RPWNMLPJJHLGFAB97CC,44,5.39,共有部分,鋼筋混凝土造,70年12月29日,十二層,,
RPUNMLPJJHLGFAB77CC,31,3.11,社區辦公室,鋼筋混凝土造,84年5月26日,十六層,,
RPWNMLPJJHLGFBB08CC,2,54.38,本共有部份係依使用執照之建築概要表記載項目有：防空避難室兼停車空間，水箱，排煙室，樓梯間，緊急昇降機，一般昇降機，消防機房，雨水機房，機房，緊急發電機室，停車空間，台電配電室，電信室，機車停車空間，梯廳，機電設備空間，頂蓋型開放空間，管委會使用空間，公共服務空間，走廊，資源回收中心，游泳池，梯間，電梯機房，水錶箱室等２５項,鋼筋混凝土造,113年6月5日,十五層,,
RPQNMLPJJHLGFBB47CC,45,76.70,住家用,鋼筋混凝土造,69年12月1日,五層,,
RPUNMLPJJHLGFAB77CC,31,14.46,停車空間,鋼筋混凝土造,84年5月26日,十六層,,
RPTNMLPJJHLGFAB67CC,30,23.85,集合住宅,鋼骨鋼筋混凝土造,85年1月19日,二十二層,,
RPTNMLPJJHLGFAB67CC,30,2.24,樓梯間．機房．蓄水池,鋼骨鋼筋混凝土造,85年1月19日,二十二層,,
RPTNMLPJJHLGFAB67CC,30,2.49,樓梯間,鋼骨鋼筋混凝土造,85年1月19日,二十二層,,
RPTNMLPJJHLGFAB67CC,30,6.61,防空避難室兼停車空間．走道,鋼骨鋼筋混凝土造,85年1月19日,二十二層,,
RPTNMLPJJHLGFAB67CC,30,8.17,走道,鋼骨鋼筋混凝土造,85年1月19日,二十二層,,
RPOOMLPJJHLGFAB27CC,,31.56,住家用,鋼筋混凝土造,,十二層,,
RPOOMLPJJHLGFAB27CC,43,8.87,共有部份,鋼筋混凝土造,71年11月16日,十二層,,
RPXNMLPJJHLGFBB18CC,47,59.75,住家用,鋼筋混凝土造,68年3月26日,五層,,
RPOOMLPJJHLGFBB37CC,11,90.11,集合住宅,鋼筋混凝土造,104年4月23日,二十二層,,
RPOOMLPJJHLGFBB37CC,11,45.61,本共有部分係依使用執照之建築概要表記載項目有：停車空間，消防機房，污水處理機房，水箱，排煙室，梯廳，昇降機間，樓梯間，電信室，緊急發電機室，防空避難室兼停車空間，台電配電室，機車停車區等１３項,鋼筋混凝土造,104年4月23日,二十二層,,
RPOOMLPJJHLGFBB37CC,11,21.36,本共有部分係依使用執照之建築概要表記載項目有：人行道，門廳，公共服務空間，排煙室，梯廳，外廊，樓梯間，昇降機間，垃圾集中室，走廊，中繼機房，梯間，電梯機房，水錶箱室，水箱等１５項,鋼筋混凝土造,104年4月23日,二十二層,,
RPQOMLPJJHLGFBB57CC,11,90.11,集合住宅,鋼筋混凝土造,104年4月23日,二十二層,,
RPQOMLPJJHLGFBB57CC,11,42.32,本共有部分係依使用執照之建築概要表記載項目有：停車空間，消防機房，污水處理機房，水箱，排煙室，梯廳，昇降機間，樓梯間，電信室，緊急發電機室，防空避難室兼停車空間，台電配電室，機車停車區等１３項,鋼筋混凝土造,104年4月23日,二十二層,,
RPTOMLPJJHLGFBB87CC,37,32.40,住商用,鋼筋混凝土造,78年4月4日,四層,,
RPQOMLPJJHLGFBB57CC,11,21.36,本共有部分係依使用執照之建築概要表記載項目有：人行道，門廳，公共服務空間，排煙室，梯廳，外廊，樓梯間，昇降機間，垃圾集中室，走廊，中繼機房，梯間，電梯機房，水錶箱室，水箱等１５項,鋼筋混凝土造,104年4月23日,二十二層,,
RPPOMLPJJHLGFBB47CC,42,39.45,住家用,鋼筋混凝土造,72年6月25日,五層,,
RPPOMLPJJHLGFBB47CC,42,3.00,共有部份,鋼筋混凝土造,72年6月25日,五層,,
RPVOMLPJJHLGFBB08CC,46,13.85,住家用,鋼筋混凝土造,69年1月11日,七層,,
RPVOMLPJJHLGFBB08CC,46,2.63,共有部分,鋼筋混凝土造,69年1月11日,七層,,
RPXOMLPJJHLGFBB28CC,11,57.98,住家用,鋼筋混凝土造,103年9月15日,十層,,
RPSOMLPJJHLGFBB77CC,30,21.28,住家用,鋼筋混凝土造,84年11月24日,二十四層,,
RPXOMLPJJHLGFBB28CC,11,5.23,本共有部分係依使用執照之建築概要表記載項目有：防空避難室兼停車空間，水箱，梯廳，梯間，台電配電室，電信室，發電機室，消防機房，污水機房等９項,鋼筋混凝土造,103年9月15日,十一層,,
RPSOMLPJJHLGFBB77CC,30,11.17,防空避難室，停車空間，門廳，樓梯間，機械室，水箱,鋼筋混凝土造,84年11月24日,二十四層,,
RPOPMLPJJHLGFBB47CC,1,84.24,集合住宅,鋼筋混凝土造,113年10月8日,七層,,
RPXOMLPJJHLGFBB28CC,11,22.52,本共有部分係依使用執照之建築概要表記載項目有：公共服務空間，梯廳，梯間，資源回收區，外廊，電梯，樓梯間，電梯機房，水箱等９項,鋼筋混凝土造,103年9月15日,十一層,,
RPROMLPJJHLGFBB67CC,30,28.28,住家用,鋼筋混凝土造,84年11月24日,二十四層,,
RPOPMLPJJHLGFBB47CC,1,71.36,本共有部分係依使用執照之建築概要表記載項目有：樓梯間，昇降機房，消防機房，機械室，機道，停車空間，電信機房，台電配電室，發電機房，防空避難室兼停車空間，梯廳，走廊，車道，電梯機房，水箱等十五項,鋼筋混凝土造,113年10月8日,七層,,
RPROMLPJJHLGFBB67CC,30,15.16,防空避難室，停車空間，門廳，樓梯間，機械室，水箱,鋼筋混凝土造,84年11月24日,二十四層,,
RPPPMLPJJHLGFBB57CC,45,91.09,住家用,鋼筋混凝土造,69年7月9日,五層,,
RPUOMLPJJHLGFBB97CC,46,13.85,住家用,鋼筋混凝土造,69年1月11日,七層,,
RPUOMLPJJHLGFBB97CC,46,2.63,共有部份,鋼筋混凝土造,69年1月11日,七層,,
RPWOMLPJJHLGFBB18CC,2,55.57,集合住宅,鋼筋混凝土造,113年6月27日,十五層,,
RPWOMLPJJHLGFBB18CC,2,50.92,本共有部分係依使用執照之建築概要表記載項目有：停車空間，車道，電梯，無障礙電梯，緊急昇降機，排煙室，污水機房，雨水機房，水箱，消防機房，樓梯間，無障礙樓梯間，機械室，電信室，防空避難室兼停車空間，台電配電室，緊急發電機室，機車停車區，電錶區，受電箱區，管理委員會使用空間，資源回收室，梯廳，水錶室，等２４項,鋼筋混凝土造,113年6月27日,十五層,,
RPWOMLPJJHLGFBB18CC,2,13.97,本共有部分係依使用執照之建築概要表記載項目有：樓梯間，電梯，梯廳，排煙室，無障礙電梯，緊急昇降機，無障礙樓梯間等７項,鋼筋混凝土造,113年6月27日,十五層,,
RPRPMLPJJHLGFBB77CC,48,97.46,住家用,鋼筋混凝土造,67年4月25日,四層,,
RPSNMLPJJHLGFCB77CC,39,97.52,住商用,鋼筋混凝土造,75年7月4日,三層,,
RPPNMLPJJHLGFCB47CC,11,157.72,住家用,鋼筋混凝土造,103年10月20日,二十五層,,
RPPNMLPJJHLGFCB47CC,11,50.51,本共有部分係依使用執照之建築概要表記載項目有：人行道、管委會使用空間、防災中心、管理員室、卸貨空間、門廳、沿街步道式開放空間、廣場式開放空間、環保室、外廊、排煙室、梯廳、特別安全梯、緊急升降機、行動不便者電梯、中繼機房、儲藏室、水錶室、水箱、機械室等二十項,鋼筋混凝土造,103年10月20日,二十五層,,
RPSPMLPJJHLGFBB87CC,37,25.00,住商用,鋼筋混凝土造,77年8月10日,四層,,
RPPNMLPJJHLGFCB47CC,11,88.96,本共有部分係依使用執照之建築概要表記載項目有：防空避難室兼停車空間、車道、電錶室、台電配電室、排煙室、電信室、梯廳、特別安全梯、緊急升降機、行動不便者電梯、停車空間、水箱、廢水回收池、雨水回收機房、機房、消防機械室等十六項,鋼筋混凝土造,103年10月20日,二十五層,,
RPQNMLPJJHLGFCB57CC,5,50.71,集合住宅,鋼筋混凝土造,109年7月22日,二十四層,,
RPRNMLPJJHLGFCB67CC,39,168.40,住商用,鋼筋混凝土造,75年7月4日,三層,,
RPQNMLPJJHLGFCB57CC,5,14.84,本共有部分係依使用執照之建築物概要表記載項目有：管委會使用空間、梯廳、排煙室、樓梯間、行動不便電梯、緊急升降機電梯、電梯、機械室、泳池機房、消防中繼機房、水錶室、電梯機房、水箱、消防水箱等１４項。,鋼筋混凝土造,109年7月22日,二十四層,,
RPQNMLPJJHLGFCB57CC,5,11.49,本共有部分係依使用執照之建築物概要表記載項目有：停車空間、水箱、車道、消防機房、樓梯間、排煙室、機械室、行動不便電梯、緊急升降機電梯、防空避難室兼停車空間、台電配電室、發電機房、中繼機房、中繼水箱、防災中心、垃垃集中室、電錶室、電信室等１８項。,鋼筋混凝土造,109年7月22日,二十四層,,
RPTNMLPJJHLGFCB87CC,3,303.72,辦公室,鋼骨鋼筋混凝土造、鋼筋混凝土造,112年3月27日,二十九層,,
RPVNMLPJJHLGFCB08CC,31,21.98,住家用,鋼筋混凝土造,83年11月21日,八層,,
RPTNMLPJJHLGFCB87CC,3,95.43,本共有部分係依使用執照之建築物概要表記載項目有：門廳、無障礙電梯、緊急升降機電梯、電梯、車道、雨遮、管委會使用空間、梯廳、排煙室、樓梯間、管道間、防災中心、外廊、消防中繼機房、機械室、水錶室、電梯機房、子母水箱等１８項。,鋼骨鋼筋混凝土造、鋼筋混凝土造,112年3月27日,二十九層,,
RPVNMLPJJHLGFCB08CC,31,10.14,共用部份,鋼筋混凝土造,83年11月21日,八層,,
RPTNMLPJJHLGFCB87CC,3,4.48,本共有部分係依使用執照之建築物概要表記載項目有：機電空間等１項。,鋼骨鋼筋混凝土造、鋼筋混凝土造,112年3月27日,二十九層,,
RPOOMLPJJHLGFCB47CC,38,112.80,商業用,鋼造,77年6月10日,一層,,
RPXNMLPJJHLGFCB28CC,33,121.24,商業用,鋼筋混凝土造,82年2月26日,二十三層,,
RPXNMLPJJHLGFCB28CC,33,60.16,共有部份,鋼筋混凝土造,82年2月26日,二十三層,,
RPPNMLPJJHLGFFB77CC,33,111.94,集合住宅,鋼筋混凝土造,81年8月11日,五層,,
RPPNMLPJJHLGFFB77CC,33,14.48,梯間、水箱,鋼筋混凝土造,81年8月11日,五層,,
RPRNMLPJJHLGFFB97CC,28,215.51,住商用,鋼筋混凝土造,87年5月20日,四層,,
RPPOMLPJJHLGFFB87CC,4,51.93,集合住宅,鋼筋混凝土造,111年3月9日,十一層,,
RPWNMLPJJHLGFFB48CC,1,49.44,集合住宅,鋼筋混凝土造,114年6月6日,二十八層,,
RPPOMLPJJHLGFFB87CC,4,63.89,防空避難設備兼停車空間、機房、消防機房、樓梯間、電梯間、停車空間、發電機房、管委會空間、門廳、水箱等１０項,鋼筋混凝土造,111年3月9日,十一層,,
RPWNMLPJJHLGFFB48CC,1,13.43,排煙室、昇降機、無障礙安全梯、特別安全梯、無障礙樓梯、梯廳兼排煙室、梯廳、管委會空間、中繼機房、中繼水箱、電梯間、水錶室、樓梯間、電梯機房、機電空間、水箱、安全梯、水箱機房、消防水箱等１９項,鋼筋混凝土造,114年6月6日,二十八層,,
RPWNMLPJJHLGFFB48CC,1,11.46,消防機房、雨水回收機房、車道、機房、水箱、停車空間、進風管道、公共水箱、防空避難室兼停車空間、台電配電室、發電機房、泳池水箱、公共電氣室、機車車道、管委會使用空間、昇降機、大廳、梯廳、警衛室、儲藏室、風除室、排風機房、防災中心、電信室、垃圾暫存室、附屬社區共用空間、附屬共用廚房、機電設備空間、電梯間、設備空間、泳池機房、景觀機房、游泳池、管委會空間、樓電梯間、機電空間、樓梯間等３７項,鋼筋混凝土造,114年6月6日,二十八層,,
RPQNMLPJJHLGFFB87CC,2,58.86,集合住宅,鋼筋混凝土造,112年11月4日,十五層,,
RPQNMLPJJHLGFFB87CC,2,54.13,防空避難室兼停車空間、排煙室、樓梯間、昇降機間、污水機房兼雨水回收設備機房、消防機房、水箱、車道、停車空間、電信室、緊急發電機室、台電配電室、機車停車區、機房、沿街步道式開放空間（等寬有頂蓋型）、梯廳、門廳、垃圾集中室、管委會使用空間、公設（游泳池）、梯間、安全梯、水錶箱室、電梯機房等２４項,鋼筋混凝土造,112年11月4日,十五層,,
RPXNMLPJJHLGFFB58CC,2,52.65,店鋪,鋼筋混凝土造,113年4月11日,二十四層,,
RPSNMLPJJHLGFFB08CC,6,48.97,集合住宅,鋼筋混凝土造,109年3月12日,七層,,
RPSNMLPJJHLGFFB08CC,6,56.92,停車空間，汙水機房，水箱，一般安全梯，消防機械室，發電機室，梯廳，防空避難室兼停車空間，機車停車區，台電配電室，電信室，電表室，受電箱區，車道，管委會使用空間，公共服務空間，樓梯間，水表室，機房等１９項,鋼筋混凝土造,109年3月12日,七層,,
RPROMLPJJHLGFFB08CC,1,64.12,集合住宅,鋼筋混凝土造,113年11月6日,十五層,,
RPROMLPJJHLGFFB08CC,1,42.68,停車空間、防空避難室兼停車空間、管委會空間、梯廳、排煙室、垃圾貯藏室、戶外安全梯,鋼筋混凝土造,113年11月6日,十五層,,
RPROMLPJJHLGFFB08CC,1,14.19,梯廳、排煙室、樓梯間、水錶室、消防水箱、電梯機房、水箱、戶外安全梯,鋼筋混凝土造,113年11月6日,十五層,,
RPSOMLPJJHLGFFB18CC,4,51.51,集合住宅,鋼筋混凝土造,111年3月14日,七層,,
RPSOMLPJJHLGFFB18CC,4,23.64,集合住宅、防空避難室兼停車空間、機房、人行道、門廳、管理委員會使用空間、店舖、梯間、水箱,鋼筋混凝土造,111年3月14日,七層,,
RPPNMLPJJHLGFHB97CC,45,91.02,住家用,加強磚造,70年2月15日,二層,,
RPPNMLPJJHLGFIB08CC,12,18.33,集合住宅,鋼筋混凝土造,103年3月17日,十層,,
RPPNMLPJJHLGFIB08CC,12,10.88,共有部分,鋼筋混凝土造,103年3月17日,十層,,
RPRNMLPJJHLGFIB28CC,11,43.05,人行道．店舖．住宅．停車空間．樓梯間,鋼筋混凝土造,104年7月3日,四層,,
RPRNMLPJJHLGFIB28CC,11,39.83,人行道．店舖．住宅．停車空間．樓梯間,鋼筋混凝土造,104年7月3日,四層,,
RPQNMLPJJHLGFIB18CC,21,92.88,集合住宅,鋼筋混凝土造,94年2月3日,十層,,
RPRNMLPJJHLGFIB28CC,11,39.83,人行道．店舖．住宅．停車空間．樓梯間,鋼筋混凝土造,104年7月3日,四層,,
RPQNMLPJJHLGFIB18CC,21,42.29,共有部份,鋼筋混凝土造,94年2月3日,十層,,
RPRNMLPJJHLGFIB28CC,11,6.04,人行道．店舖．住宅．停車空間．樓梯間,鋼筋混凝土造,104年7月3日,四層,,
RPSOMLPJJHLGFCB87CC,3,21.03,寄宿舍,鋼筋混凝土造,111年7月28日,七層,,
RPSOMLPJJHLGFCB87CC,3,14.34,本共有部分係依使用執照之建築概要表記載項目有：防空避難室兼停車空間、台電配電室、消防及發電機房、電信室、水箱、樓梯間、無障礙昇降機、梯廳、辦公室、管委會使用空間、親子廁所、無障礙廁所、資源回收空間、機房、機房＋管道間、走廊、車道、管道間等十八項。,鋼筋混凝土造,111年7月28日,七層,,
RPPOMLPJJHLGFCB57CC,31,19.40,住家用,鋼筋混凝土造,84年4月20日,十五層,,
RPPOMLPJJHLGFCB57CC,31,8.58,共用部份,鋼筋混凝土造,84年4月20日,十五層,,
RPTNMLPJJHLGFIB48CC,11,25.58,人行道．店舖．住宅．停車空間．樓梯間,鋼筋混凝土造,104年7月3日,四層,,
RPTNMLPJJHLGFIB48CC,11,17.50,人行道．店舖．住宅．停車空間．樓梯間,鋼筋混凝土造,104年7月3日,四層,,
RPRNMLPJJHLGFKB48CC,37,12.00,住家用,鋼筋混凝土造,77年9月30日,三層,,
RPROMLPJJHLGFCB77CC,32,14.94,住家用,鋼筋混凝土造,83年1月20日,七層,,
RPTOMLPJJHLGFCB97CC,28,59.72,住家用,鋼筋混凝土造,87年5月28日,九層,,
RPROMLPJJHLGFCB77CC,32,18.80,共有部份,鋼筋混凝土造,83年1月20日,七層,,
RPTOMLPJJHLGFCB97CC,28,22.08,共有部份,鋼筋混凝土造,87年5月28日,九層,,
RPPNMLPJJHLGFKB28CC,3,160.10,住宅、梯間,鋼筋混凝土造,112年1月30日,四層,,
RPUOMLPJJHLGFCB08CC,31,13.10,住家用,鋼筋混凝土造,84年4月26日,八層,,
RPUOMLPJJHLGFCB08CC,31,6.57,共有部份,鋼筋混凝土造,84年4月26日,八層,,
RPQNMLPJJHLGFJB28CC,36,144.28,集合住宅,鋼筋混凝土造,79年5月30日,五層,,
RPPNMLPJJHLGFKB28CC,3,.16,資源室,鋼筋混凝土造,112年1月30日,四層,,
RPQNMLPJJHLGFKB38CC,35,12.00,住家用,鋼筋混凝土造,80年5月2日,五層,,
RPSNMLPJJHLGFKB58CC,37,15.00,住家用,鋼筋混凝土造,77年9月30日,三層,,
RPTNMLPJJHLGFKB68CC,28,77.35,住家用,鋼筋混凝土造,87年6月26日,七層,,
RPPNMLQJJHLGFAB37CC,46,107.16,集合住宅,鋼筋混凝土造,68年9月7日,五層,,
RPTNMLPJJHLGFKB68CC,28,35.70,停車空間，管理員室，梯間，機房，防空避難室,鋼筋混凝土造,87年6月26日,七層,,
RPQNMLQJJHLGFAB47CC,14,19.83,人行道．住宅、樓梯間、機械室,鋼筋混凝土造,100年12月1日,五層,,
RPRNMLQJJHLGFAB57CC,,31.90,店舖,鐵筋加強磚造,,三層,,
RPWNMLQJJHLGFAB08CC,31,21.34,住家用,鋼筋混凝土造,84年1月13日,十九層,,
RPWNMLQJJHLGFAB08CC,31,3.57,共有部份,鋼筋混凝土造,84年1月13日,十九層,,
RPOOMLQJJHLGFAB37CC,32,24.13,集合住宅,鋼筋混凝土造,83年3月12日,四層,,
RPWNMLQJJHLGFAB08CC,31,9.27,梯間．水箱．機械室,鋼筋混凝土造,84年1月13日,十九層,,
RPTNMLQJJHLGFAB77CC,3,52.83,集合住宅,鋼筋混凝土造,111年10月29日,十五層,,
RPTNMLQJJHLGFAB77CC,3,13.20,本共有部份係依使用執照之建築概要表記載項目有：一般昇降機、戶外安全梯、機械室、電梯機械室、水箱等５項。,鋼筋混凝土造,111年10月29日,十五層,,
RPTNMLQJJHLGFAB77CC,3,48.97,本共有部份係依使用執照之建築概要表記載項目有：停車空間、電梯廳、一般昇降機、安全梯、Ｂ棟水箱、無障礙安全梯、消防機房、雨汙水機房、Ａ棟水箱、防空避難室兼停車空間、電信室、景觀機房、發電機室、台電配電場所、戶外安全梯、管委會空間等１６項。,鋼筋混凝土造,111年10月29日,十五層,,
RPXNMLQJJHLGFAB18CC,31,23.31,住家用,鋼筋混凝土造,84年1月13日,十九層,,
RPXNMLQJJHLGFAB18CC,31,3.60,共有部份,鋼筋混凝土造,84年1月13日,十九層,,
RPXNMLQJJHLGFAB18CC,31,8.82,梯間．水箱．機械室,鋼筋混凝土造,84年1月13日,十九層,,
RPPOMLQJJHLGFAB47CC,54,23.31,商業用,見其他登記事項,60年7月16日,四層,,
RPQOMLQJJHLGFAB57CC,32,19.83,集合住宅,鋼筋混凝土造,83年3月12日,四層,,
RPROMLQJJHLGFAB67CC,32,43.19,住家用,鋼筋混凝土造,83年1月24日,七層,,
RPROMLQJJHLGFAB67CC,32,11.67,人行道．梯間．防空避難室．受電室．機械室．水箱．水塔．機房,鋼筋混凝土造,83年1月24日,七層,,
RPQNMLQJJHLGFBB57CC,32,84.39,住家用,鋼筋混凝土造,83年3月30日,九層,,
RPQNMLQJJHLGFBB57CC,32,22.91,共有部份,鋼筋混凝土造,83年3月30日,九層,,
RPQNMLQJJHLGFBB57CC,32,14.92,停車空間,鋼筋混凝土造,83年3月30日,九層,,
RPXNMLQJJHLGFBB28CC,2,15.47,人行道、停車空間、住宅、樓梯間、電梯間,鋼筋混凝土造,113年2月15日,五層,,
RPRNMLQJJHLGFBB67CC,35,77.34,住家用,鋼筋混凝土造,79年8月17日,七層,,
RPRNMLQJJHLGFBB67CC,35,14.73,共有部份,鋼筋混凝土造,79年8月17日,七層,,
RPSNMLQJJHLGFBB77CC,30,27.00,住家用,鋼筋混凝土造,85年3月22日,七層,,
RPPNMLQJJHLGFBB47CC,28,61.59,住家用,鋼筋混凝土造,87年4月17日,二十五層,,
RPSNMLQJJHLGFBB77CC,30,10.60,共有部份,鋼筋混凝土造,85年3月22日,七層,,
RPPNMLQJJHLGFBB47CC,28,.00,共有部份,鋼筋混凝土造,87年4月17日,二十五層,,
RPSNMLQJJHLGFBB77CC,30,.00,共有部份,鋼筋混凝土造,85年3月22日,七層,,
RPPNMLQJJHLGFBB47CC,28,.00,共有部份,鋼筋混凝土造,87年4月17日,二十五層,,
RPPNMLQJJHLGFBB47CC,28,.00,共有部份,鋼筋混凝土造,87年4月17日,二十五層,,
RPPNMLQJJHLGFBB47CC,28,.00,共有部份,鋼筋混凝土造,87年4月17日,二十五層,,
RPPNMLQJJHLGFBB47CC,28,.00,共有部份,鋼筋混凝土造,87年4月17日,二十五層,,
RPPNMLQJJHLGFBB47CC,28,.00,共有部份,鋼筋混凝土造,87年4月17日,二十五層,,
RPPNMLQJJHLGFBB47CC,28,12.43,共有部份,鋼筋混凝土造,87年4月17日,二十五層,,
RPPNMLQJJHLGFBB47CC,28,11.95,共有部份,鋼筋混凝土造,87年4月17日,二十五層,,
RPTNMLQJJHLGFBB87CC,5,84.02,集合住宅,鋼筋混凝土造,109年8月20日,十五層,,
RPQPMLQJJHLGFAB67CC,35,18.89,住家用,鋼筋混凝土造,79年6月25日,十二層,,
RPVOMLQJJHLGFAB08CC,31,70.05,住家用,鋼筋混凝土造,83年7月28日,十六層,,
RPTNMLQJJHLGFBB87CC,5,89.08,本共有部分係依使用執照之建築概要表記載項目有：防空避難室兼停車空間，樓梯間，昇降機間，水箱，消防機房，排煙室，雨水機房，停車空間，梯廳，電信室，台電配電室，電錶室，車道，機械室，門廳，頂蓋型開放空間，走廊，水錶箱室，公共服務空間，資源回收中心，電梯機房，發電機房等２２項,鋼筋混凝土造,109年8月20日,十五層,,
RPVNMLQJJHLGFBB08CC,12,66.50,住家用,鋼筋混凝土造,102年10月11日,十四層,,
RPVOMLQJJHLGFAB08CC,31,22.83,梯間、人行道、機械室、防空避難室、水箱,鋼筋混凝土造,83年7月28日,十六層,,
RPQPMLQJJHLGFAB67CC,35,8.54,人行道．梯間．走道．停車空間．水箱．機械室．避難室,鋼筋混凝土造,79年6月25日,十二層,,
RPVNMLQJJHLGFBB08CC,12,34.02,本共有部分之項目有：樓梯間、消防機械室、污水機房、發電機室、停車空間、排煙室、電梯間、水箱、緊急升降機、車道、電信室、台電配電室、機械室、防空避難室兼停車空間、機車停車空間、人行道、梯廳、公共服務空間、門廊、垃圾集中區、水錶室、腳踏車停車區等二十二項,鋼筋混凝土造,102年10月11日,十四層,,
RPVNMLQJJHLGFBB08CC,12,13.11,本共有部分之項目有：梯廳、排煙室、電梯間、樓梯間、緊急升降機等五項,鋼筋混凝土造,102年10月11日,十四層,,
RPUNMLQJJHLGFBB97CC,34,71.80,住家用,鋼筋混凝土造,81年1月13日,六層,,
RPTOMLQJJHLGFAB87CC,31,22.72,住家用,鋼筋混凝土造,84年1月7日,十三層,,
RPUNMLQJJHLGFBB97CC,34,15.52,共有部份,鋼筋混凝土造,81年1月13日,六層,,
RPWOMLQJJHLGFAB18CC,31,23.31,住家用,鋼筋混凝土造,84年1月13日,十九層,,
RPTOMLQJJHLGFAB87CC,31,3.60,梯間、水箱、機房,鋼筋混凝土造,84年1月7日,十三層,,
RPWOMLQJJHLGFAB18CC,31,3.89,共有部份,鋼筋混凝土造,84年1月13日,十九層,,
RPTOMLQJJHLGFAB87CC,31,2.01,共有部分,鋼筋混凝土造,84年1月7日,十三層,,
RPOOMLQJJHLGFBB47CC,44,19.57,住家用,鋼筋混凝土造,70年12月31日,五層,,
RPWOMLQJJHLGFAB18CC,31,9.00,梯間．水箱．機械室,鋼筋混凝土造,84年1月13日,十九層,,
RPTOMLQJJHLGFAB87CC,31,1.40,共有部分,鋼筋混凝土造,84年1月7日,十三層,,
RPUOMLQJJHLGFAB97CC,36,18.34,住家用,鋼筋混凝土造,79年5月4日,十二層,,
RPUOMLQJJHLGFAB97CC,36,8.05,共有部分,鋼筋混凝土造,79年5月4日,十二層,,
RPPOMLQJJHLGFBB57CC,2,15.47,人行道、停車空間、住宅、樓梯間、電梯間,鋼筋混凝土造,113年2月15日,五層,,
RPOPMLQJJHLGFAB47CC,31,21.12,住家用,鋼筋混凝土造,83年7月14日,十三層,,
RPOPMLQJJHLGFAB47CC,31,5.89,梯間,鋼筋混凝土造,83年7月14日,十三層,,
RPOPMLQJJHLGFAB47CC,31,5.09,防空避難室兼停車空間．水箱．梯間．機房．停車場,鋼筋混凝土造,83年7月14日,十三層,,
RPPPMLQJJHLGFAB57CC,30,23.41,集合住宅,鋼骨鋼筋混凝土造,85年5月20日,十九層,,
RPPPMLQJJHLGFAB57CC,30,4.64,共同使用,鋼骨鋼筋混凝土造,85年5月20日,十九層,,
RPPPMLQJJHLGFAB57CC,30,6.02,共同使用,鋼骨鋼筋混凝土造,85年5月20日,十九層,,
RPQOMLQJJHLGFBB67CC,4,55.23,集合住宅,鋼筋混凝土造,110年10月20日,二十二層,,
RPQOMLQJJHLGFBB67CC,4,38.69,本共有部份係依使用執照之建築概要表記載項目有：防空避難室兼停車空間，消防機械室，揚水泵機房，雨污水機房，安全梯，機械室，停車空間，水箱，消防中繼機房，電信室，發電機室，景觀機房，廁所，垃圾儲藏室，台電配電室，電錶區，受電箱區，機車道，門廳，防災中心，管委會使用空間，車道等２２項,鋼筋混凝土造,110年10月20日,二十二層,,
RPQOMLQJJHLGFBB67CC,4,25.79,本共有部份係依使用執照之建築概要表記載項目有：水箱，揚水泵機房，緊急昇降機間排煙室，緊急昇降機，一般昇降機，特別安全梯，排煙室，梯廳，電梯間，噴灌機房，機房，安全梯，消防中繼機房，消防中繼水箱，自來水箱，機械室，消防水箱等１７項,鋼筋混凝土造,110年10月20日,二十二層,,
RPTOMLQJJHLGFBB97CC,31,87.62,住家用,鋼筋混凝土造,83年9月29日,七層,,
RPTOMLQJJHLGFBB97CC,31,28.54,共有部分,鋼筋混凝土造,83年9月29日,七層,,
RPUOMLQJJHLGFBB08CC,29,79.57,住家用,鋼筋混凝土造,85年7月15日,十四層,,
RPUOMLQJJHLGFBB08CC,29,12.00,共有部分,鋼筋混凝土造,85年7月15日,十四層,,
RPUOMLQJJHLGFBB08CC,29,9.15,共有部分,鋼筋混凝土造,85年7月15日,十四層,,
RPWOMLQJJHLGFBB28CC,57,4.67,商業用,鋼筋混凝土加強磚造,57年7月10日,三層,,
RPWOMLQJJHLGFBB28CC,57,6.25,商業用,鋼筋混凝土加強磚造,58年1月8日,三層,,
RPWOMLQJJHLGFBB28CC,58,6.74,商業用,鋼筋混凝土加強磚造,57年5月30日,三層,,
RPWOMLQJJHLGFBB28CC,58,4.00,住家用,鋼筋混凝土加強磚造,57年5月30日,三層,,
RPOPMLQJJHLGFBB57CC,31,83.01,住家用,鋼筋混凝土造,83年8月15日,十二層,,
RPOPMLQJJHLGFBB57CC,31,31.64,共有部分,鋼筋混凝土造,83年8月15日,十二層,,
RPQPMLQJJHLGFBB77CC,30,19.65,住家用,鋼筋混凝土造,84年11月24日,二十四層,,
RPSNMLQJJHLGFCB87CC,20,11.00,住家用,鋼筋混凝土造,95年6月28日,十層,,
RPPPMLQJJHLGFBB67CC,30,29.92,住家用,鋼筋混凝土造,85年3月8日,九層,,
RPRPMLQJJHLGFBB87CC,46,74.18,住家用,鋼筋混凝土造,68年7月25日,五層,,
RPRNMLQJJHLGFCB77CC,30,23.44,住家用,鋼筋混凝土造,85年5月27日,十九層,,
RPPPMLQJJHLGFBB67CC,30,11.09,共有部份,鋼筋混凝土造,85年3月8日,九層,,
RPRNMLQJJHLGFCB77CC,30,6.70,共有部份,鋼筋混凝土造,85年5月27日,十九層,,
RPRNMLQJJHLGFCB77CC,30,3.10,共有部份,鋼筋混凝土造,85年5月27日,十九層,,
RPQNMLQJJHLGFCB67CC,19,78.59,住家用,鋼筋混凝土造,95年8月16日,二十二層,,
RPSPMLQJJHLGFBB97CC,41,92.89,集合住宅,鋼筋混凝土造,74年3月23日,十四層,,
RPQNMLQJJHLGFCB67CC,19,49.08,共用,鋼筋混凝土造,95年8月16日,二十二層,,
RPPNMLQJJHLGFCB57CC,37,81.77,住家用,鋼筋混凝土造,77年11月28日,五層,,
RPPNMLQJJHLGFCB57CC,37,13.55,共有部份,鋼筋混凝土造,77年11月28日,五層,,
RPUNMLQJJHLGFCB08CC,26,126.30,一般辦公室,鋼筋混凝土造,89年1月31日,十九層,,
RPXNMLQJJHLGFCB38CC,36,318.05,商業用,鋼筋混凝土造,78年9月16日,十五層,,
RPUNMLQJJHLGFCB08CC,26,118.14,共有部份,鋼筋混凝土造,89年1月31日,十九層,,
RPXNMLQJJHLGFCB38CC,36,127.85,共有部份,鋼筋混凝土造,78年9月16日,十五層,,
RPSOMLQJJHLGFCB97CC,24,35.09,住家用,鋼筋混凝土造,91年2月19日,十三層,,
RPROMLQJJHLGFCB87CC,4,49.54,集合住宅,鋼筋混凝土造,110年10月29日,二十四層,,
RPSOMLQJJHLGFCB97CC,24,5.28,共用部份,鋼筋混凝土造,91年2月19日,十三層,,
RPTNMLQJJHLGFCB97CC,31,20.28,住家用,鋼筋混凝土造,83年8月19日,十二層,,
RPROMLQJJHLGFCB87CC,4,39.23,本共有部分係依使用執照之建築物概要表記載項目有：梯廳（排煙室）、電梯、緊急昇降電梯（行動不便電梯）、停車空間、消防機房、污水機房、水箱、車道、樓梯間、管道間、泳池水箱、電信室、消防中繼機房、發電機室、機械室、消防中繼水箱、防空避難室兼汽．機停車空間、台電配電室、垃圾集中室、受電箱區、電錶位置等２１項。,鋼筋混凝土造,110年10月29日,二十四層,,
RPSOMLQJJHLGFCB97CC,24,17.64,共用部份,鋼筋混凝土造,91年2月19日,十三層,,
RPTNMLQJJHLGFCB97CC,31,7.70,共有部份,鋼筋混凝土造,83年8月19日,十二層,,
RPROMLQJJHLGFCB87CC,4,15.35,本共有部分係依使用執照之建築物概要表記載項目有：開放空間（有頂蓋）、管道間、梯廳（排煙室）、樓梯間、緊急升降電梯（行動不便電梯）、門廳、車道、防災中心、管委會使用空間、電梯、廁所、中繼機房、機械室、機械室（水錶區）、電梯機房、子母水箱、消防水箱等１７項。,鋼筋混凝土造,110年10月29日,二十四層,,
RPQOMLQJJHLGFCB77CC,45,20.92,住家用,鋼筋混凝土造,69年12月22日,五層,,
RPUOMLQJJHLGFCB18CC,32,83.10,住家用,鋼筋混凝土造,83年5月21日,十二層,,
RPUOMLQJJHLGFCB18CC,32,12.36,共有部份,鋼筋混凝土造,83年5月21日,十二層,,
RPXOMLQJJHLGFCB48CC,33,88.20,住家用,鋼筋混凝土造,81年12月6日,六層,,
RPVOMLQJJHLGFCB28CC,15,162.24,金融機構、辦公室,鋼筋混凝土造,99年8月12日,二十一層,,
RPXOMLQJJHLGFCB48CC,33,14.68,共用部份,鋼筋混凝土造,81年12月6日,六層,,
RPVOMLQJJHLGFCB28CC,15,75.92,本共有部分係依使用執照之建築概要表記載項目有門廳、梯廳、特別安全梯、升降機、緊急升降機（行動不便者電梯）、樓梯間、污物處理室、卸貨空間、排煙室、機電空間、中繼水箱室、機房、茶水間、男廁、女廁、行動不便廁所、陽台、雨遮、機械室、水箱等２０項。,鋼筋混凝土造,99年8月12日,二十一層,,
RPVOMLQJJHLGFCB28CC,15,41.57,本共有部分係依使用執照之建築概要表記載項目有防空避難室兼停車空間、停車空間、電信機房、台電配電室、防災中心、車道、梯廳、排煙室、安全梯、升降機、緊急升降機（行動不便者電梯）、發電機房、水機房、變電室、機房、消防機房、鼓風機房等１７項。,鋼筋混凝土造,99年8月12日,二十一層,,
RPRNMLQJJHLGFDB87CC,2,23.31,集合住宅,鋼筋混凝土造,113年1月4日,七層,,
RPRNMLQJJHLGFDB87CC,2,20.62,本共有部分之項目有人行道、消防機房、機車停車、電信室、停車空間、梯間、電機機房等７項,鋼筋混凝土造,113年1月4日,七層,,
RPRNMLQJJHLGFFB08CC,2,54.33,集合住宅,鋼筋混凝土造,112年8月31日,十二層,,
RPQNMLQJJHLGFDB77CC,2,39.44,住宅、樓梯間,鋼筋混凝土造,113年6月26日,三層,,
RPRNMLQJJHLGFFB08CC,2,62.60,防空避難室兼停車空間，消防機械室，水箱，排煙室，一般安全梯，雨水汙水機房，緊急昇降機，一般昇降機，機械室，停車空間，台電配電室，電信室，發電機室，梯廳，戶外安全梯，走廊，垃圾貯存空間，管委會使用空間，機電設備空間，車道，機車停車空間，樓梯間，安全梯，水錶區,鋼筋混凝土造,112年8月31日,十二層,,
RPPNMLQJJHLGFDB67CC,32,84.38,住家用,鋼筋混凝土造,83年5月9日,六層,,
RPPNMLQJJHLGFDB67CC,32,18.87,共有部份,鋼筋混凝土造,83年5月9日,六層,,
RPSPMLQJJHLGFCB08CC,3,21.19,寄宿舍,鋼筋混凝土造,111年7月28日,七層,,
RPSPMLQJJHLGFCB08CC,3,14.44,本共有部分係依使用執照之建築概要表記載項目有：防空避難室兼停車空間、台電配電室、消防及發電機房、電信室、水箱、樓梯間、無障礙昇降機、梯廳、辦公室、管委會使用空間、親子廁所、無障礙廁所、資源回收空間、機房、機房＋管道間、走廊、車道、管道間等十八項。,鋼筋混凝土造,111年7月28日,七層,,
RPSNMLQJJHLGFDB97CC,2,57.84,集合住宅,鋼筋混凝土造,113年3月8日,七層,,
RPRNMLQJJHLGFHB28CC,32,61.04,住家用,鋼筋混凝土造,82年11月5日,五層,,
RPTNMLQJJHLGFDB08CC,22,25.66,住家用,鋼筋混凝土造,93年3月11日,十四層,,
RPSNMLQJJHLGFDB97CC,2,42.79,本共有部分之項目有無障礙昇降機、無障礙樓梯安全梯、梯廳、污水機房、防空避難室兼停車空間、台電配電室、電信室、消防兼發電機室、台電通道、蓄水池、車道、停車空間、人行坡道兼機車道、機電設備、管理委員會（垃圾間）、外廊、樓梯間、樓梯、電梯機械室、水箱Ａ、水箱Ｂ等２１項。,鋼筋混凝土造,113年3月8日,七層,,
RPRNMLQJJHLGFHB28CC,32,19.38,共有部份,鋼筋混凝土造,82年11月5日,五層,,
RPTNMLQJJHLGFDB08CC,22,3.82,共用部份,鋼筋混凝土造,93年3月11日,十四層,,
RPTNMLQJJHLGFDB08CC,22,8.94,共用部份,鋼筋混凝土造,93年3月11日,十四層,,
RPTNMLQJJHLGFFB28CC,46,81.00,住商用,加強磚造,69年5月5日,二層,,
RPQNMLQJJHLGFFB97CC,1,71.34,集合住宅,鋼筋混凝土造,113年11月6日,十五層,,
RPQNMLQJJHLGFFB97CC,1,44.72,停車空間、防空避難室兼停車空間、管委會空間、梯廳、排煙室、垃圾貯藏室、戶外安全梯,鋼筋混凝土造,113年11月6日,十五層,,
RPRPMLQJJHLGFCB97CC,36,423.46,商業用,鋼筋混凝土造,79年6月14日,十七層,,
RPPPMLQJJHLGFCB77CC,8,144.50,辦公室〈辦公事務所及工商服務業〉,鋼骨鋼筋混凝土造,107年1月31日,三十五層,,
RPQNMLQJJHLGFFB97CC,1,14.48,梯廳、排煙室、樓梯間、水錶室、消防水箱、電梯機房、水箱、戶外安全梯,鋼筋混凝土造,113年11月6日,十五層,,
RPRPMLQJJHLGFCB97CC,36,92.92,商業用,鋼筋混凝土造,79年6月14日,十七層,,
RPPPMLQJJHLGFCB77CC,8,127.40,辦公室〈辦公事務所及工商服務業〉,鋼骨鋼筋混凝土造,107年1月31日,三十五層,,
RPPNMLQJJHLGFHB08CC,45,56.82,住家用,鋼筋混凝土造,69年10月7日,五層,,
RPRPMLQJJHLGFCB97CC,36,70.49,共有部份,鋼筋混凝土造,79年6月14日,十七層,,
RPPPMLQJJHLGFCB77CC,8,95.60,本共有部分係依使用執照之建築物概要表記載項目有：機械室、門廳、外廊、電梯、電扶梯間、梯廳、排煙室、樓梯間、緊急升降機電梯、行動不便電梯、防災中心、水箱、中繼機房、儲藏室、管委會使用空間、電梯機房、水錶室１７項。,鋼骨鋼筋混凝土造,107年1月31日,三十五層,,
RPPPMLQJJHLGFCB77CC,8,147.98,本共有部分係依使用執照之建築物概要表記載項目有：停車空間、消房機房、水箱、車道、梯廳、排煙室、樓梯間、緊急升降電梯、行動不便電梯、電信室、機械室、防空避難室兼停車空間、台電配電室、發電機房、電錶區、消防中繼機房、消防中繼水箱、垃圾集中處、緊急升降機電梯等１９項。,鋼骨鋼筋混凝土造,107年1月31日,三十五層,,
RPQNMLQJJHLGFIB28CC,12,18.44,集合住宅、機電設備空間,鋼筋混凝土造,103年3月17日,十層,,
RPQNMLQJJHLGFHB18CC,32,108.32,住家用,鋼筋混凝土造,83年1月21日,七層,,
RPQNMLQJJHLGFIB28CC,12,10.88,共有部分,鋼筋混凝土造,103年3月17日,十層,,
RPUPMLQJJHLGFCB28CC,33,233.75,辦公室,鋼骨造,81年7月1日,二十八層,,
RPQNMLQJJHLGFHB18CC,32,37.84,共有部份,鋼筋混凝土造,83年1月21日,七層,,
RPUPMLQJJHLGFCB28CC,33,110.90,共有部份,鋼骨造,81年7月1日,二十八層,,
RPPNMLQJJHLGFIB18CC,12,18.33,集合住宅、機電設備空間,鋼筋混凝土造,103年3月17日,十層,,
RPPNMLQJJHLGFIB18CC,12,10.88,共有部分,鋼筋混凝土造,103年3月17日,十層,,
RPRNMLQJJHLGFIB38CC,12,18.33,集合住宅、機電設備空間,鋼筋混凝土造,103年3月17日,十層,,
RPSNMLQJJHLGFIB48CC,33,88.25,集合住宅,鋼筋混凝土造,81年11月19日,七層,,
RPRNMLQJJHLGFIB38CC,12,10.79,共有部分,鋼筋混凝土造,103年3月17日,十層,,
RPSNMLQJJHLGFIB48CC,33,43.99,共有部分,鋼筋混凝土造,81年11月19日,七層,,
RPTNMLQJJHLGFIB58CC,12,18.33,集合住宅,鋼筋混凝土造,103年3月17日,十層,,
RPTNMLQJJHLGFIB58CC,12,10.79,共有部分,鋼筋混凝土造,103年3月17日,十層,,
RPWNMLQJJHLGFIB88CC,12,18.03,集合住宅、機電設備空間,鋼筋混凝土造,103年3月17日,十層,,
RPWNMLQJJHLGFIB88CC,12,12.01,共有部分,鋼筋混凝土造,103年3月17日,十層,,
RPVNMLQJJHLGFIB78CC,12,18.33,集合住宅、機電設備空間,鋼筋混凝土造,103年3月17日,十層,,
RPUNMLQJJHLGFIB68CC,12,18.76,集合住宅、機電設備空間,鋼筋混凝土造,103年3月17日,十層,,
RPVNMLQJJHLGFIB78CC,12,10.88,共有部分,鋼筋混凝土造,103年3月17日,十層,,
RPUNMLQJJHLGFIB68CC,12,11.05,共有部分,鋼筋混凝土造,103年3月17日,十層,,
RPXNMLQJJHLGFIB98CC,12,18.37,集合住宅、機電設備空間,鋼筋混凝土造,103年3月17日,十層,,
RPXNMLQJJHLGFIB98CC,12,10.88,共有部分,鋼筋混凝土造,103年3月17日,十層,,
RPUOMLQJJHLGFIB78CC,12,18.76,集合住宅、機電設備空間,鋼筋混凝土造,103年3月17日,十層,,
RPQOMLQJJHLGFIB38CC,12,18.33,集合住宅、機電設備空間,鋼筋混凝土造,103年3月17日,十層,,
RPUOMLQJJHLGFIB78CC,12,11.05,共有部分,鋼筋混凝土造,103年3月17日,十層,,
RPSOMLQJJHLGFIB58CC,12,18.67,集合住宅、機電設備空間,鋼筋混凝土造,103年3月17日,十層,,
RPQOMLQJJHLGFIB38CC,12,10.88,共有部分,鋼筋混凝土造,103年3月17日,十層,,
RPPOMLQJJHLGFIB28CC,31,183.09,住商用,鋼筋混凝土造,83年7月15日,四層,,
RPSOMLQJJHLGFIB58CC,12,11.14,共有部分,鋼筋混凝土造,103年3月17日,十層,,
RPTOMLQJJHLGFIB68CC,12,18.33,集合住宅、機電設備空間,鋼筋混凝土造,103年3月17日,十層,,
RPTOMLQJJHLGFIB68CC,12,10.88,共有部分,鋼筋混凝土造,103年3月17日,十層,,
RPROMLQJJHLGFIB48CC,12,18.44,集合住宅、機電設備空間,鋼筋混凝土造,103年3月17日,十層,,
RPROMLQJJHLGFIB48CC,12,10.88,共有部分,鋼筋混凝土造,103年3月17日,十層,,
RPVOMLQJJHLGFIB88CC,12,18.37,集合住宅、機電設備空間,鋼筋混凝土造,103年3月17日,十層,,
RPXOMLQJJHLGFIB09CC,45,86.73,住家用,鋼筋混凝土造,70年1月20日,三層,,
RPVOMLQJJHLGFIB88CC,12,10.88,共有部分,鋼筋混凝土造,103年3月17日,十層,,
RPWOMLQJJHLGFIB98CC,51,57.91,住家用,磚造,63年7月5日,一層,,
RPOPMLQJJHLGFIB28CC,5,70.13,集合住宅,鋼筋混凝土造,110年4月26日,十五層,,
RPOPMLQJJHLGFIB28CC,5,34.23,本共有部分之項目有防空避難室兼停車空間．安全梯．消防機房．無障礙電梯．機房．梯廳．水箱．停車空間．電信機房．台電配電室．台電通道．發電機房．管委會使用空間．機車停車位．排煙室．垃圾暫存室．車道．梯間．門廊．機車停車空間等２０項。,鋼筋混凝土造,110年4月26日,十五層,,
RPVPMLQJJHLGFIB98CC,,90.67,住家用,加強磚造,,二層,,
RPRPMLQJJHLGFIB58CC,12,18.33,集合住宅,鋼筋混凝土造,103年3月17日,十層,,
RPPPMLQJJHLGFIB38CC,12,18.65,集合住宅、機電設備空間,鋼筋混凝土造,103年3月17日,十層,,
RPRPMLQJJHLGFIB58CC,12,10.88,共用部份,鋼筋混凝土造,103年3月17日,十層,,
RPQPMLQJJHLGFIB48CC,12,18.67,集合住宅、機電設備空間,鋼筋混凝土造,103年3月17日,十層,,
RPPPMLQJJHLGFIB38CC,12,10.88,共有部分,鋼筋混凝土造,103年3月17日,十層,,
RPQPMLQJJHLGFIB48CC,12,11.14,共用部份,鋼筋混凝土造,103年3月17日,十層,,
RPWPMLQJJHLGFIB09CC,34,71.40,集合住宅,鋼筋混凝土造,81年4月30日,七層,,
RPWPMLQJJHLGFIB09CC,34,21.14,梯間、水塔、防空避難室、機房,鋼筋混凝土造,81年4月30日,九層,,
RPUPMLQJJHLGFIB88CC,27,193.17,人行道．店舖．住宅．梯間．水箱,鋼筋混凝土造,87年7月1日,三層,,
RPTPMLQJJHLGFIB78CC,45,69.85,住家用,鋼筋混凝土造,70年1月10日,五層,,
RPTPMLQJJHLGFIB78CC,45,3.63,共有部份,鋼筋混凝土造,70年1月10日,五層,,
RPPNMLQJJHLGFJB28CC,44,81.19,集合住宅,鋼筋混凝土造,71年2月20日,五層,,
RPPNMLQJJHLGFJB28CC,44,9.64,共用部份,鋼筋混凝土造,71年2月20日,五層,,
RPQNMLQJJHLGFJB38CC,2,54.59,集合住宅,鋼筋混凝土造,113年7月1日,十五層,,
RPQNMLQJJHLGFJB38CC,2,56.97,本共有部分之項目有防空避難室兼停車空間、消防機房、雨汙水機房、水箱、緊急昇降機間兼排煙室、室內安全梯、車道、停車空間、電信機房、室內安全梯、緊急發電機室、台電配電室、電錶室、景觀泳池機房、變電室、機械室、管委會空間、走廊、梯廳、垃圾貯存空間、公共服務空間、游泳池、門廳、戶外安全梯、水錶室等、電梯機房等２６項,鋼筋混凝土造,113年7月1日,十五層,,
RPUNMLQJJHLGFJB78CC,36,115.47,集合住宅,鋼筋混凝土造,79年7月2日,五層,,
RPRNMLQJJHLGFJB48CC,10,60.02,集合住宅,鋼筋混凝土造,104年10月7日,十二層,,
RPUNMLQJJHLGFJB78CC,36,2.91,共用部份,鋼筋混凝土造,79年7月2日,五層,,
RPRNMLQJJHLGFJB48CC,10,26.35,門廳、管委會使用空間、資源回收室、六米基地內通路、台電通道、水箱、車道、停車空間、防空避難室兼停車空間、梯間、梯廳、電信機室、台電配電室、發電機室、消防機房、污水機房等項,鋼筋混凝土造,104年10月7日,十二層,,
RPRNMLQJJHLGFJB48CC,10,9.50,梯廳、梯間、機械室、水箱,鋼筋混凝土造,104年10月7日,十二層,,
RPQNMLQJJHLGFKB48CC,34,10.00,儲藏室、住房,鋼筋混凝土造,81年2月10日,四層,,
RPXNMLRJJHLGFAB28CC,32,65.20,住家用,鋼筋混凝土造,83年3月18日,十二層,,
RPRNMLQJJHLGFKB58CC,43,73.16,住家用,鋼筋混凝土造,71年8月15日,四層,,
RPXNMLRJJHLGFAB28CC,32,23.35,住商用,鋼筋混凝土造,83年3月18日,十二層,,
RPVNMLQJJHLGFJB88CC,,57.63,集合住宅,鋼筋混凝土造,114年9月11日,十三層,,
RPVNMLQJJHLGFJB88CC,,60.39,本共有部分之項目有停車空間、車道、水箱、安全梯、昇降機間、緊急昇降機間兼排煙室、機械室、防空避難室兼停車空間、消防機房、雨污水機房、發電機室、台電配電室、電信室、公共服務使用空間、門廳、垃圾處理室、梯廳、戶外安全梯、錶箱室、樓梯間、電梯機械室等２１項,鋼筋混凝土造,114年9月11日,十三層,,
RPPNMLQJJHLGFKB38CC,33,10.00,住家用,鋼筋混凝土造,81年12月29日,四層,,
RPVNMLRJJHLGFAB08CC,1,87.23,集合住宅,鋼筋混凝土造,114年5月21日,二十八層,,
RPVNMLRJJHLGFAB08CC,1,44.09,本共有部分係依使用執照之建築概要表記載項目有：防空避難室兼停車空間、排煙室、昇降機道、安全梯間、雨水機房、消防機房、揚水泵機房、水箱、電氣室、機房、停車空間、消防中繼機房、電信室、發電機房、台電配電室、水池機房、台電專用管道間等１７項。,鋼筋混凝土造,114年5月21日,二十八層,,
RPVNMLRJJHLGFAB08CC,1,6.29,本共有部分係依使用執照之建築概要表記載項目有：梯廳、安全梯間、排煙室、走廊、昇降機道、特別安全梯、機車停車區、車道、泳池機房、管委會使用空間、防災中心、垃圾暫存室、機電設備空間、游泳池、門廳等１５項。,鋼筋混凝土造,114年5月21日,二十八層,,
RPVNMLRJJHLGFAB08CC,1,27.57,本共有部分係依使用執照之建築概要表記載項目有：梯廳、走廊、昇降機道、排煙室、特別安全梯、機電設備空間、機械室、樓梯間、水錶室、消防中繼機房、水箱等１１項。,鋼筋混凝土造,114年5月21日,二十八層,,
RPSNMLQJJHLGFJB58CC,34,101.39,集合住宅,鋼筋混凝土造,80年12月5日,五層,,
RPSNMLQJJHLGFJB58CC,34,11.68,共用部份,鋼筋混凝土造,80年12月5日,五層,,
RPSNMLRJJHLGFAB77CC,30,27.49,集合住宅,鋼筋混凝土造,85年6月27日,二十一層,,
RPTNMLQJJHLGFJB68CC,4,20.78,住宅、停車空間、樓梯間,鋼筋混凝土造,111年1月25日,四層,,
RPSNMLRJJHLGFAB77CC,30,14.25,共同使用,鋼筋混凝土造,85年6月27日,二十一層,,
RPPOMLRJJHLGFAB57CC,19,52.99,集合住宅,鋼筋混凝土造,95年10月26日,三十二層,,
RPROMLRJJHLGFAB77CC,56,58.93,住家用,見其他登記事項,58年10月13日,四層,,
RPQOMLRJJHLGFAB67CC,29,27.60,住家用,鋼筋混凝土造,86年4月28日,十九層,,
RPPOMLRJJHLGFAB57CC,20,8.83,共用,鋼筋混凝土造,95年6月22日,三十二層,,
RPQOMLRJJHLGFAB67CC,29,1.47,共同使用,鋼筋混凝土造,86年4月28日,十九層,,
RPOOMLRJJHLGFAB47CC,8,74.37,集合住宅,鋼筋混凝土造,107年3月13日,五層,,
RPPOMLRJJHLGFAB57CC,19,22.15,共用,鋼筋混凝土造,95年10月26日,三十二層,,
RPQOMLRJJHLGFAB67CC,29,8.52,共同使用,鋼筋混凝土造,86年4月28日,十九層,,
RPOOMLRJJHLGFAB47CC,8,33.22,本共有部份係依使用執照之建築概要表記載項目有：停車空間、梯廳、生活污水處理設備、雨水儲集池、電梯、安全梯、梯間、水箱間共八項,鋼筋混凝土造,107年3月13日,五層,,
RPQOMLRJJHLGFAB67CC,29,5.43,共有部份,鋼筋混凝土造,86年4月28日,十九層,,
RPWNMLRJJHLGFAB18CC,,56.85,集合住宅,鋼筋混凝土造,114年7月9日,十五層,,
RPWNMLRJJHLGFAB18CC,,61.51,集合住宅,鋼筋混凝土造,114年7月9日,十五層,,
RPPNMLRJJHLGFBB57CC,17,19.83,住家用,鋼筋混凝土造,97年11月28日,十七層,,
RPPNMLRJJHLGFBB57CC,17,4.13,共有部分,鋼筋混凝土造,97年11月28日,十七層,,
RPSNMLRJJHLGFBB87CC,36,68.79,住家用,鋼筋混凝土造,79年5月17日,六層,,
RPPNMLRJJHLGFBB57CC,17,8.37,共有部分,鋼筋混凝土造,97年11月28日,十七層,,
RPSNMLRJJHLGFBB87CC,36,23.50,共有部分,鋼筋混凝土造,79年5月17日,六層,,
RPQNMLRJJHLGFBB67CC,31,36.68,住家用,鋼筋混凝土造,83年11月1日,五層,,
RPQNMLRJJHLGFBB67CC,31,13.86,共有部分,鋼筋混凝土造,83年11月1日,五層,,
RPOOMLQJJHLGFJB28CC,1,65.08,店舖,鋼筋混凝土造,113年7月10日,十五層,,
RPOOMLQJJHLGFJB28CC,1,47.29,本共有部分之項目有：防空避難室兼停車空間、排煙室、樓梯間、昇降機間、污水機房、消防機房、水箱、機房、車道、停車空間、電信機房、台電配電室、緊急發電機室、管委會使用空間（垃圾集中室）、梯廳、門廳、公共服務空間、管委會使用空間（辦公室）、水錶室、電梯機房、無障礙廁所等２１項,鋼筋混凝土造,113年7月10日,十五層,,
RPVNMLRJJHLGFBB18CC,1,17.52,室內停車空間、住宅、樓梯間,鋼筋混凝土造,113年7月12日,五層,,
RPWNMLRJJHLGFBB28CC,32,25.57,住家用,鋼筋混凝土造,82年12月11日,十三層,,
RPUNMLRJJHLGFBB08CC,2,86.09,集合住宅,鋼筋混凝土造,113年6月5日,十五層,,
RPWNMLRJJHLGFBB28CC,32,16.79,共有部份,鋼筋混凝土造,82年12月11日,十三層,,
RPWNMLRJJHLGFBB28CC,32,11.03,共有部份,鋼筋混凝土造,82年12月11日,十三層,,
RPUNMLRJJHLGFBB08CC,2,70.22,本共有部份係依使用執照之建築概要表記載項目有：防空避難室兼停車空間，水箱，排煙室，樓梯間，緊急昇降機，一般昇降機，消防機房，雨水機房，機房，緊急發電機室，停車空間，台電配電室，電信室，機車停車空間，梯廳，機電設備空間，頂蓋型開放空間，管委會使用空間，公共服務空間，走廊，資源回收中心，游泳池，梯間，電梯機房，水錶箱室等２５項,鋼筋混凝土造,113年6月5日,十五層,,
RPTNMLRJJHLGFBB97CC,35,42.62,住家用,鋼筋混凝土造,80年6月28日,六層,,
RPTNMLRJJHLGFBB97CC,35,17.90,共有部分,鋼筋混凝土造,80年6月28日,六層,,
RPPOMLRJJHLGFBB67CC,46,83.42,住家用,鋼筋混凝土造,69年5月30日,五層,,
RPQOMLRJJHLGFBB77CC,30,19.31,住家用,鋼筋混凝土造,84年11月27日,七層,,
RPQOMLRJJHLGFBB77CC,30,9.40,共有部分,鋼筋混凝土造,84年11月27日,七層,,
RPQOMLRJJHLGFBB77CC,30,.00,共有部分,鋼筋混凝土造,84年11月27日,七層,,
RPXNMLRJJHLGFBB38CC,2,63.24,集合住宅,鋼筋混凝土造,113年6月5日,十五層,,
RPXNMLRJJHLGFBB38CC,2,58.80,本共有部份係依使用執照之建築概要表記載項目有：防空避難室兼停車空間，水箱，排煙室，樓梯間，緊急昇降機，一般昇降機，消防機房，雨水機房，機房，緊急發電機室，停車空間，台電配電室，電信室，機車停車空間，梯廳，機電設備空間，頂蓋型開放空間，管委會使用空間，公共服務空間，走廊，資源回收中心，游泳池，梯間，電梯機房，水錶箱室等２５項,鋼筋混凝土造,113年6月5日,十五層,,
RPOOMLRJJHLGFBB57CC,32,22.06,住家用,鋼筋混凝土造,83年5月12日,十二層,,
RPOOMLRJJHLGFBB57CC,32,3.73,共有部分,鋼筋混凝土造,83年5月12日,十二層,,
RPTOMLRJJHLGFBB08CC,29,19.31,住家用,鋼筋混凝土造,85年8月19日,十二層,,
RPROMLRJJHLGFBB87CC,16,85.22,住家用,鋼筋混凝土造,98年10月30日,十層,,
RPOOMLRJJHLGFBB57CC,32,3.83,共有部分,鋼筋混凝土造,83年5月12日,十二層,,
RPTOMLRJJHLGFBB08CC,29,11.04,共有部份,鋼筋混凝土造,85年8月19日,十二層,,
RPROMLRJJHLGFBB87CC,16,57.62,共有部分,鋼筋混凝土造,98年10月30日,十層,,
RPTNMLRJJHLGFCB08CC,16,53.18,住家用,鋼筋混凝土造,99年1月12日,二十六層,,
RPVNMLRJJHLGFCB28CC,10,178.00,辦公室,鋼骨鋼筋混凝土造,104年8月7日,三十八層,,
RPTNMLRJJHLGFCB08CC,16,25.10,本共有部分之項目有防空避難室兼停車空間、停車空間、發電機室、門廳、消防機房、垃圾處理空間、昇降設備、梯間、水箱、機房、排煙室、梯廳、進氣管道、排氣管道、特別安全梯、車道、污水機房、電信管道、給水管道、弱電管道、電信室、蓄水池、機械室、台電配電室、泳池噴灌機房、社區游泳池、儲藏室、機坑、防災中心、走廊、中繼水箱、中繼機械室、避難平台等三十二項,鋼筋混凝土造,99年1月12日,二十六層,,
RPVNMLRJJHLGFCB28CC,10,219.31,辦公室,鋼骨鋼筋混凝土造,104年8月7日,三十八層,,
RPSOMLRJJHLGFBB97CC,30,23.43,住家用,鋼筋混凝土造,84年11月24日,二十四層,,
RPVNMLRJJHLGFCB28CC,10,50.86,本共有部分係依使用執照之建築概要表記載項目有：停車空間、消防幫浦室、蓄水池、進風機位置、排風機位置、安全梯、排煙室、污水機房、電梯廳、幫浦室、機械房、防空避難室兼停車空間、緊急發電機房、消防中繼機房、電信機房、進風機房、機械室、機車停車空間、台電配電室、排風機房、電表箱、受電箱等２２項。,鋼骨鋼筋混凝土造,104年8月7日,三十八層,,
RPSOMLRJJHLGFBB97CC,30,11.77,防空避難室，停車空間，門廳，樓梯間，機械室，水箱,鋼筋混凝土造,84年11月24日,二十四層,,
RPVNMLRJJHLGFCB28CC,10,233.73,本共有部分係依使用執照之建築概要表記載項目有：大廳、污物處理機房、汽車車道、女廁、男廁、防災中心、頂蓋型開放空間、特安梯、排煙室、梯廳、安全梯、熱水機房、走廊、管委會空間、電梯機房、女男廁、梯廳台電配電室污物處理機房中繼消防機房電表室、公共外廊、雨水過濾水槽、設備空間、昇降機間、雨水槽、中繼機房、蓄水池等２４項。,鋼骨鋼筋混凝土造,104年8月7日,三十八層,,
RPSNMLRJJHLGFCB97CC,46,87.57,住家用,鋼筋混凝土造,69年4月1日,五層,,
RPUNMLRJJHLGFCB18CC,16,196.22,辦公室,鋼骨造,99年6月4日,三十八層,,
RPWNMLRJJHLGFCB38CC,31,13.86,住家用,鋼筋混凝土造,84年4月24日,七層,,
RPPNMLRJJHLGFCB67CC,29,17.99,住家用,鋼筋混凝土造,86年6月21日,十四層,,
RPUNMLRJJHLGFCB18CC,16,.02,辦公室,鋼骨造,99年6月4日,三十八層,,
RPWNMLRJJHLGFCB38CC,31,6.63,共有部份,鋼筋混凝土造,84年4月24日,七層,,
RPUOMLRJJHLGFBB18CC,29,20.86,住家用,鋼筋混凝土造,85年8月29日,七層,,
RPPNMLRJJHLGFCB67CC,29,11.75,共有部份,鋼筋混凝土造,86年6月21日,十四層,,
RPUNMLRJJHLGFCB18CC,16,80.83,本共有部分之項目有排煙室、特別安全梯、垃圾儲藏室、台電配電室專用通道、台電配電室管道間、梯廳、安全梯、中繼自來水箱、消防中繼連結泵浦室、機械室、機械房、電梯機房、蓄水池、水表室、水箱、陽台、廁所、男廁、女廁、挑高大廳、消防泵浦室、台電配電室、管理辦公室、排煙室兼梯廳等二十四項。,鋼骨造,99年6月4日,三十八層,,
RPUOMLRJJHLGFBB18CC,29,9.27,共有部份,鋼筋混凝土造,85年8月29日,七層,,
RPUNMLRJJHLGFCB18CC,16,84.96,本共有部分之項目有地下室排氣機房、地下室進氣管道、汽車車道、機車車道、排煙室、特別安全梯、網路ＵＰＳ機房、電梯機坑、安全梯、貨梯梯間、中庭水池機房、防空避難室兼地下停車空間、蓄水池、防災中心、電梯梯廳、緊急發電機室、台電配電室、電信機房、地下停車空間、汙廢水機房、消防機械室等二十一項。,鋼骨造,99年6月4日,三十八層,,
RPXNMLRJJHLGFCB48CC,17,130.85,住家用,鋼筋混凝土造,97年6月30日,二十三層,,
RPUNMLRJJHLGFCB18CC,16,22.56,本共有部分之項目有梯廳等１項。,鋼骨造,99年6月4日,三十八層,,
RPXNMLRJJHLGFCB48CC,17,75.08,共用,鋼筋混凝土造,97年6月30日,二十三層,,
RPOOMLRJJHLGFCB67CC,17,167.53,住家用,鋼筋混凝土造,97年6月30日,二十三層,,
RPOOMLRJJHLGFCB67CC,17,84.12,共用,鋼筋混凝土造,97年6月30日,二十三層,,
RPPNMLRJJHLGFDB77CC,36,26.40,避難室、店舖、住宅、梯間,鋼筋混凝土造,79年1月17日,六層,,
RPPNMLRJJHLGFFB97CC,44,204.42,住商用,鋼筋混凝土造,70年10月12日,四層,,
RPQNMLRJJHLGFFB08CC,6,51.64,集合住宅,鋼筋混凝土造,109年3月12日,七層,,
RPQNMLRJJHLGFFB08CC,6,58.38,停車空間，汙水機房，水箱，一般安全梯，消防機械室，發電機室，梯廳，防空避難室兼停車空間，機車停車區，台電配電室，電信室，電表室，受電箱區，車道，管委會使用空間，公共服務空間，樓梯間，水表室，機房等１９項,鋼筋混凝土造,109年3月12日,七層,,
RPWNMLRJJHLGFDB48CC,5,56.78,集合住宅,鋼筋混凝土造,110年2月1日,九層,,
RPWNMLRJJHLGFDB48CC,5,45.12,本共有部分之項目有停車空間兼防空避難室、車道、梯廳、安全梯（甲梯）、一般昇降機間、台電配電室、消防機械室、雨污水機械室、機械室、管委會使用空間、戶外安全梯（乙梯）、走廊、機電設備空間、梯間、水錶室、水箱等十六項。,鋼筋混凝土造,110年2月1日,九層,,
RPTNMLRJJHLGFFB38CC,9,91.42,集合住宅,鋼筋混凝土造,105年11月30日,十二層,,
RPTNMLRJJHLGFFB38CC,9,39.01,防空避難室、停車空間、機房、消防機房、台電配電室、台電管道間、集合住宅管理室、辦公室、集合住宅管理管委會辦公室、集合住宅,鋼筋混凝土造,105年11月30日,十二層,,
RPPNMLRJJHLGFGB08CC,27,164.14,住家用,鋼筋混凝土造,88年3月24日,三層,,
RPTNMLRJJHLGFFB38CC,9,16.70,梯間、機房、水塔,鋼筋混凝土造,105年11月30日,十二層,,
RPVNMLRJJHLGFFB58CC,2,65.48,集合住宅,鋼筋混凝土造,112年11月20日,十五層,,
RPSNMLRJJHLGFFB28CC,21,27.68,人行道、停車空間、店舖、住房,鋼筋混凝土造,94年1月31日,四層,,
RPVNMLRJJHLGFFB58CC,2,62.79,防空避難室兼停車空間、排煙室、水箱、車道、消防機械室、雨污水機房、緊急昇降機行動不便者、一般昇降機、安全梯、停車空間、消防中繼水箱、消防中繼機械室、台電配電室、電信室、發電機室、水景機房、泳池機房、機車停車空間、特別安全梯、管委會使用空間、走廊、垃圾暫存室、防災中心、梯廳、水錶室、消防中繼機房、機械室等２７項。,鋼筋混凝土造,112年11月20日,二十四層,,
RPUNMLRJJHLGFFB48CC,3,56.14,集合住宅,鋼筋混凝土造,112年4月14日,十層,,
RPUNMLRJJHLGFFB48CC,3,37.94,停車空間、消防機房、機房（雨水設備）、蓄水池、昇降機、無障礙昇降機、梯廳、安全梯、防空避難室兼停車空間、台電配電室、發電機室、電信室、機房、受電室電表箱等１４項。,鋼筋混凝土造,112年4月14日,十層,,
RPUNMLRJJHLGFFB48CC,3,14.95,管委會使用空間、昇降機、無障礙昇降機、梯廳、戶外安全梯、宅配室、排風管道、資源回收室、機械設備室、汽車車道、無障礙廁所、管道間、水錶室、機房、水箱、機械室等１６項。,鋼筋混凝土造,112年4月14日,十層,,
RPTOMLRJJHLGFCB18CC,16,58.57,住家用,鋼筋混凝土造,98年8月13日,二十六層,,
RPXOMLRJJHLGFCB58CC,46,19.83,住家用,鋼筋混凝土造,68年12月5日,三層,,
RPTOMLRJJHLGFCB18CC,16,40.74,共有,鋼筋混凝土造,98年8月13日,二十六層,,
RPTOMLRJJHLGFCB18CC,16,23.14,共有,鋼筋混凝土造,98年8月13日,二十六層,,
RPRNMLRJJHLGFFB18CC,5,9.22,集合住宅,鋼筋混凝土造,109年8月25日,五層,,
RPRNMLRJJHLGFFB18CC,5,5.11,梯廳、安全梯、升降機、管道間、走廊、安全梯間、升降機機械室、水箱、停車空間、電信室、消防機室、發電機室、台電配電室、安全梯Ａ,鋼筋混凝土造,109年8月25日,五層,,
RPROMLRJJHLGFCB97CC,21,121.83,店舖、人行道、集合住宅,ＲＣ造,94年1月26日,十四層,,
RPROMLRJJHLGFCB97CC,21,25.67,共用,ＲＣ造,94年1月26日,十四層,,
RPWOMLRJJHLGFCB48CC,6,30.84,店鋪、樓梯間、停車空間、住宅、機電設備空間,鋼筋混凝土造,108年10月23日,五層,,
RPSOMLRJJHLGFCB08CC,27,148.46,住家用,鋼筋混凝土造,87年11月13日,二十二層,,
RPSOMLRJJHLGFCB08CC,27,69.86,共用部份,鋼筋混凝土造,87年11月13日,二十二層,,
RPVOMLRJJHLGFCB38CC,5,40.15,集合住宅,鋼筋混凝土造,109年7月31日,十二層,,
RPVOMLRJJHLGFCB38CC,5,24.82,本共有部分係依使用執照之建築概要表記載項目有：停車空間，車道，樓梯間，排煙室，機械室，梯廳，發電機室，水箱，緊急昇降機，行動不便電梯，消防機械室，防空避難室兼停車空間，機車停車區，電信室，台電配電室，垃圾集中室，管理室，電梯，管理委員會使用空間，門廳，水錶室等２１項,鋼筋混凝土造,109年7月31日,十二層,,
RPVOMLRJJHLGFCB38CC,5,10.29,本共有部分係依使用執照之建築概要表記載項目有：電梯，樓梯間，梯廳，排煙室，緊急昇降機，行動不便電梯，緊急昇降機電梯等７項,鋼筋混凝土造,109年7月31日,十二層,,
RPQOMLRJJHLGFCB87CC,31,77.56,集合住宅,鋼筋混凝土造,84年2月15日,十六層,,
RPQOMLRJJHLGFCB87CC,31,26.40,共有部份,鋼筋混凝土造,84年2月15日,十六層,,
RPQOMLRJJHLGFCB87CC,31,16.89,共有部份,鋼筋混凝土造,84年2月15日,十六層,,
RPPOMLRJJHLGFCB77CC,28,216.45,人行道、店舖、集合住宅,鋼筋混凝土造,86年8月15日,十二層,,
RPOPMLRJJHLGFCB77CC,29,17.73,住家用,鋼筋混凝土造,86年4月8日,十三層,,
RPOPMLRJJHLGFCB77CC,29,11.34,共有部份,鋼筋混凝土造,86年4月8日,十三層,,
RPUOMLRJJHLGFCB28CC,2,75.21,集合住宅,鋼筋混凝土造,112年11月23日,九層,,
RPUOMLRJJHLGFCB28CC,2,78.50,本共有部份係依使用執照之建築概要表記載項目有：停車空間、台電配電室、車道、發電機室、排氣機房、電錶室、機房、受電箱、防空避難室兼停車空間、電信室、排風機房、公共水箱機房、景觀機房、泳池機房、機電設備空間、消防機房、雨水機房、管委會使用空間、大廳、儲藏室、無障礙廁所、梯廳等二十二項。,鋼筋混凝土造,112年11月23日,九層,,
RPUOMLRJJHLGFCB28CC,2,28.56,本共有部份係依使用執照之建築概要表記載項目有：梯廳、梯廳兼排煙室、安全梯、昇降機、緊急昇降機、機房、樓梯間、水錶室、水箱、消防水箱等十項。,鋼筋混凝土造,112年11月23日,九層,,
RPQNMLRJJHLGFJB48CC,34,97.36,集合住宅,鋼筋混凝土造,80年12月27日,七層,,
RPQNMLRJJHLGFJB48CC,34,17.37,共用部份,鋼筋混凝土造,80年12月27日,七層,,
RPPNMLRJJHLGFIB28CC,,102.15,店舖,鋼筋混凝土造,114年7月24日,十三層,,
RPPNMLRJJHLGFIB28CC,,106.50,停車空間、排煙室、樓梯間、一般昇降機、緊急昇降機、汙水機房、消防機房、水箱、車道、機房、儲藏室、緊急發電機室、台電配電室、電信室、機車停車空間、梯廳、管委會使用空間、公共服務空間、垃圾集中室、門廳、水錶箱室、電梯機房等２２項。,鋼筋混凝土造,114年7月24日,十三層,,
RPRNMLRJJHLGFKB68CC,22,58.97,住家用,鋼筋混凝土造,93年3月23日,五層,,
RPRNMLRJJHLGFIB48CC,23,11.57,住房．店舖．梯間．停車空間．機電設備空間．門廊．儲藏室,鋼筋混凝土造,92年5月29日,四層,,
RPRNMLRJJHLGFKB68CC,,21.22,門廳、停車空間、樓梯間、水箱室,鋼筋混凝土造,,五層,,
RPSNMLRJJHLGFKB78CC,33,13.22,住房、儲藏室,鋼筋混凝土造,82年2月15日,五層,,
RPPNMLRJJHLGFHB18CC,48,137.25,住商用,加強磚造,67年4月30日,二層,,
RPQNMLRJJHLGFIB38CC,34,52.44,集合住宅,鋼筋混凝土造,80年10月20日,十二層,,
RPPNMLRJJHLGFJB38CC,34,67.48,集合住宅,鋼筋混凝土造,81年3月23日,七層,,
RPQNMLRJJHLGFIB38CC,34,15.35,共有部份,鋼筋混凝土造,80年10月20日,十二層,,
RPPNMLRJJHLGFJB38CC,34,42.30,共用部份,鋼筋混凝土造,81年3月23日,七層,,
RPTNMLRJJHLGFIB68CC,23,9.26,住房．店舖．梯間．停車空間．機電設備空間．門廊．儲藏室,鋼筋混凝土造,92年5月29日,四層,,
RPSNMLRJJHLGFIB58CC,23,10.25,住房．店舖．梯間．停車空間．機電設備空間．門廊．儲藏室,鋼筋混凝土造,92年5月29日,四層,,
RPQNMLSJJHLGFAB67CC,26,34.38,住家用,鋼筋混凝土造,89年5月5日,十四層,,
RPQNMLSJJHLGFAB67CC,26,14.92,共有部份,鋼筋混凝土造,89年5月5日,十四層,,
RPSNMLSJJHLGFBB97CC,31,93.39,住家用,鋼筋混凝土造,83年8月15日,十二層,,
RPSNMLSJJHLGFBB97CC,31,87.16,共有部分,鋼筋混凝土造,83年8月15日,十二層,,
RPXNMLSJJHLGFAB38CC,43,80.14,住家用,鋼筋混凝土造,72年6月23日,七層,,
RPUNMLSJJHLGFAB08CC,30,22.84,集合住宅,鋼骨鋼筋混凝土造,85年5月20日,十九層,,
RPPNMLSJJHLGFBB67CC,48,88.09,住家用,鋼筋混凝土造,66年10月27日,五層,,
RPTNMLSJJHLGFBB08CC,53,52.94,住家用,加強磚造,62年5月20日,一層,,
RPUNMLSJJHLGFAB08CC,30,4.89,共同使用,鋼骨鋼筋混凝土造,85年5月20日,十九層,,
RPRNMLSJJHLGFAB77CC,24,115.46,集合住宅,鋼筋混凝土造,90年12月25日,九層,,
RPUNMLSJJHLGFAB08CC,30,6.02,共同使用,鋼骨鋼筋混凝土造,85年5月20日,十九層,,
RPSNMLSJJHLGFAB87CC,2,165.93,店舖,鋼筋混凝土造,112年10月2日,十五層,,
RPRNMLSJJHLGFAB77CC,24,64.28,共有部份,鋼筋混凝土造,90年12月25日,九層,,
RPSNMLSJJHLGFAB87CC,2,20.94,本共有部分係依使用執照之建築概要表記載項目有：門廳，梯廳，公共服務空間，資源環保室，車道，排煙室，緊急昇降機，昇降機，戶外安全梯，水錶室，水箱，機械室等１２項,鋼筋混凝土造,112年10月2日,十五層,,
RPSNMLSJJHLGFAB87CC,2,61.41,本共有部分係依使用執照之建築概要表記載項目有：停車空間，消防機房，污水機房，水箱，排煙室，緊急昇降機，昇降機，無障礙安全梯，防空避難室兼停車空間，台電配電室，緊急發電機房，電信室，景觀機房等１３項,鋼筋混凝土造,112年10月2日,十五層,,
RPTNMLSJJHLGFAB97CC,16,26.38,集合住宅,鋼筋混凝土造,98年8月4日,十一層,,
RPTNMLSJJHLGFAB97CC,16,5.78,共有,鋼筋混凝土造,98年8月4日,十一層,,
RPTNMLSJJHLGFAB97CC,16,6.19,共有,鋼筋混凝土造,98年8月4日,十一層,,
RPQNMLSJJHLGFBB77CC,2,74.01,集合住宅,鋼筋混凝土造,112年9月27日,九層,,
RPQNMLSJJHLGFBB77CC,2,64.54,本共有部分係依使用執照之建築概要表記載項目有：防空避難室兼停車空間，排煙室，樓梯間，昇降機間，消防機房，雨水機房，機房，水箱，車道，停車空間，緊急發電機室，電信室，台電配電室，泳池機房，景觀機房，水景機房，資源回收中心，門廳，梯廳，管委會使用空間，水錶室，電梯機房等２２項,鋼筋混凝土造,112年9月27日,九層,,
RPROMLSJJHLGFAB87CC,32,92.55,住家用,鋼筋混凝土造,83年2月8日,八層,,
RPROMLSJJHLGFAB87CC,32,14.93,共有部份,鋼筋混凝土造,83年2月8日,八層,,
RPQOMLSJJHLGFAB77CC,37,21.02,住家用,鋼筋混凝土造,78年6月9日,七層,,
RPVNMLSJJHLGFBB28CC,34,19.83,住家用,鋼筋混凝土造,81年5月14日,四層,,
RPQOMLSJJHLGFAB77CC,37,7.74,人行道，梯間，機械房，水箱，配電室，走道,,78年6月9日,七層,,
RPRNMLSJJHLGFBB87CC,20,45.74,住家用,鋼筋混凝土造,94年12月8日,十八層,,
RPOOMLSJJHLGFAB57CC,37,20.52,住家用,鋼筋混凝土造,78年6月9日,七層,,
RPWNMLSJJHLGFBB38CC,30,23.92,住家用,鋼筋混凝土造,84年11月24日,二十四層,,
RPRNMLSJJHLGFBB87CC,20,18.33,共有部分,鋼筋混凝土造,94年12月8日,十八層,,
RPPOMLSJJHLGFAB67CC,45,28.69,住家用,鋼筋混凝土造,69年10月13日,七層,,
RPOOMLSJJHLGFAB57CC,37,7.74,人行道，梯間，機械房，水箱，配電室，走道,,78年6月9日,七層,,
RPWNMLSJJHLGFBB38CC,30,14.56,防空避難室，停車空間，門廳，樓梯間，機械室，水箱,鋼筋混凝土造,84年11月24日,二十四層,,
RPVNMLSJJHLGFAB18CC,40,133.72,住工用,加強磚造,74年10月3日,二層,,
RPOOMLSJJHLGFBB67CC,30,24.44,住家用,鋼筋混凝土造,84年11月24日,二十四層,,
RPOOMLSJJHLGFBB67CC,30,13.17,防空避難室，停車空間，門廳，樓梯間，機械室，水箱,鋼筋混凝土造,84年11月24日,二十四層,,
RPPOMLSJJHLGFBB77CC,3,26.47,集合住宅,鋼筋混凝土造,111年10月31日,五層,,
RPPOMLSJJHLGFBB77CC,3,6.95,本共有部分係依使用執照之建築概要表記載項目有：停車空間、安全梯、昇降機、梯廳、管委會使用空間、樓梯間、機房等七項。,鋼筋混凝土造,111年10月31日,五層,,
RPTOMLSJJHLGFBB18CC,44,19.76,住家用,鋼筋混凝土造,71年1月21日,十二層,,
RPSNMLSJJHLGFCB08CC,9,125.94,辦公室辦公事務所及工商服務業,鋼筋混凝土造,106年3月21日,二十八層,,
RPTOMLSJJHLGFBB18CC,44,7.80,共有部份,鋼筋混凝土造,71年1月21日,十二層,,
RPROMLSJJHLGFBB97CC,30,24.81,住家用,鋼筋混凝土造,84年11月24日,二十四層,,
RPSNMLSJJHLGFCB08CC,9,94.57,本共有部份係依使用執照之建築概要表記載項目有：停車空間、車道、消防機房、雨水機房、安全梯、梯廳、昇降機、清水池、防空避難室兼停車空間、電信室、發電機室、機械室、昇降機坑、台電配電室、景觀噴灌機房、垃圾室、雨水回收池、緊急昇降機、排煙室、外廊、門廳、防災中心、特別安全梯、機電設備空間、管委會使用空間、廁所、中繼機械室、梯間、水箱等２９項,鋼筋混凝土造,106年3月21日,二十八層,,
RPPNMLSJJHLGFCB77CC,20,11.00,住家用,鋼筋混凝土造,95年6月28日,十層,,
RPSOMLSJJHLGFBB08CC,10,81.76,集合住宅,鋼筋混凝土造,104年12月16日,十二層,,
RPROMLSJJHLGFBB97CC,30,16.76,防空避難室，停車空間，門廳，樓梯間，機械室，水箱,鋼筋混凝土造,84年11月24日,二十四層,,
RPUNMLSJJHLGFCB28CC,30,13.44,住家用,鋼筋混凝土造,84年11月23日,五層,,
RPSOMLSJJHLGFBB08CC,10,63.80,本共有部分係依使用執照之建築概要表記載項目有：停車空間．消防機房．緊急發電機室．清水池．梯廳．樓梯間．昇降機間．防空避難室兼停車空間．台電配電室．電信室．門廳．管理委員會使用空間．車道投影．機械室．水箱等１５項。,鋼筋混凝土造,104年12月16日,十二層,,
RPOOMLSJJHLGFCB77CC,30,25.00,住宅、樓梯間,鋼筋混凝土造,85年6月24日,五層,,
RPUOMLSJJHLGFBB28CC,2,68.94,集合住宅,鋼筋混凝土造,112年10月13日,十五層,,
RPQOMLSJJHLGFBB87CC,30,21.54,住家用,鋼筋混凝土造,84年11月24日,二十四層,,
RPQOMLSJJHLGFBB87CC,30,11.77,防空避難室，停車空間，門廳，樓梯間，機械室，水箱,鋼筋混凝土造,84年11月24日,二十四層,,
RPWNMLSJJHLGFCB48CC,16,46.55,住家用,鋼筋混凝土造,98年8月13日,二十六層,,
RPWNMLSJJHLGFCB48CC,16,3.80,共有,鋼筋混凝土造,98年8月13日,二十六層,,
RPUOMLSJJHLGFBB28CC,2,20.96,本共有部份係依使用執照之建築概要表記載項目有：管理委員會使用空間，門廳，走廊，守衛室，資源回收室，車道，排煙室，緊急用昇降機，昇降機，戶外安全梯，無障礙戶外安全梯，無障礙安全梯，梯廳，梯間，水錶室，機械室，水箱等１７項,鋼筋混凝土造,112年10月13日,十五層,,
RPWNMLSJJHLGFCB48CC,16,18.32,共有,鋼筋混凝土造,98年8月13日,二十六層,,
RPQNMLSJJHLGFCB87CC,24,24.17,人行道、辦公室、住房、店舖、停車空間、樓梯間,鋼筋混凝土造,91年5月23日,五層,,
RPRNMLSJJHLGFCB97CC,2,458.32,作業廠房、作業廠房附屬辦公室,鋼筋混凝土造,112年9月21日,四層,,
RPUOMLSJJHLGFBB28CC,2,14.33,本共有部份係依使用執照之建築概要表記載項目有：停車空間，車道，排煙室，緊急用昇降機，昇降機，水箱，無障礙安全梯，消防機房，雨汙水機房，機房，地下室進風機機房，地下室排風機機房，防空避難室兼停車空間，台電配電室，緊急發電機房，電信機房，景觀機房等１７項,鋼筋混凝土造,112年10月13日,十五層,,
RPRNMLSJJHLGFCB97CC,2,350.85,本共有部分係依使用執照之建築概要表記載項目有：台電配電場所、消防機房、濾水系統機房、無障礙兼安全梯、梯廳、昇降道、空調機房、機房、發電機機房、電梯機械房、樓梯間等十一項。,鋼筋混凝土造,112年9月21日,四層,,
RPXNMLSJJHLGFCB58CC,29,93.21,集合住宅,鋼筋混凝土造,85年9月23日,十二層,,
RPVNMLSJJHLGFCB38CC,46,11.58,住商用,鋼筋混凝土造,68年10月8日,三層,,
RPXNMLSJJHLGFCB58CC,29,48.90,共用部份,鋼筋混凝土造,85年9月23日,十二層,,
RPTNMLSJJHLGFCB18CC,30,11.40,住家用,鋼筋混凝土造,84年11月23日,五層,,
RPTNMLSJJHLGFDB28CC,6,80.77,集合住宅,鋼筋混凝土造,108年12月27日,十二層,,
RPSNMLSJJHLGFDB18CC,45,54.78,住家用,加強磚造,69年9月25日,二層,,
RPPOMLSJJHLGFCB87CC,24,24.50,住家用,鋼筋混凝土造,91年6月18日,八層,,
RPTNMLSJJHLGFDB28CC,6,79.55,本共有部分之項目有：消防機械室、發電機室、水箱、停車空間、防空避難室兼停車空間、電信室、台電配電室、公共服務空間、樓梯間、水錶室、機械室等１１項,鋼筋混凝土造,108年12月27日,十二層,,
RPRNMLSJJHLGFDB08CC,6,26.45,人行道、住宅、樓梯間,鋼筋混凝土造,108年12月24日,四層,,
RPVNMLSJJHLGFFB68CC,19,146.86,店舖、住宅、防空避難室兼停車空間,鋼筋混凝土造,96年5月24日,四層,,
RPVNMLSJJHLGFDB48CC,21,67.19,住家用,鋼筋混凝土造,94年4月29日,二十二層,,
RPSNMLSJJHLGFFB38CC,5,9.22,集合住宅,鋼筋混凝土造,109年8月25日,五層,,
RPPNMLSJJHLGFDB87CC,38,103.90,住家用,加強磚造,76年8月4日,二層,,
RPQNMLRJJHLGFAB67DC,11,148.64,店舖、辦公室、人行道、外廊,鋼筋混凝土造,104年2月17日,十四層,,
RPVNMLSJJHLGFDB48CC,21,13.68,共有部份,鋼筋混凝土造,94年4月29日,二十二層,,
RPSNMLSJJHLGFFB38CC,5,5.11,梯廳、安全梯、升降機、管道間、走廊、安全梯間、升降機機械室、水箱、停車空間、電信室、消防機室、發電機室、台電配電室、安全梯Ａ,鋼筋混凝土造,109年8月25日,五層,,
RPQNMLRJJHLGFAB67DC,11,78.06,共有：本共有部分係依使用執照之建築概要表記載項目有：防空避難室兼停車空間、台電配電室、停車空間、排煙室、緊急昇降機間、頂蓋型開放空間、戶外安全梯、管委會使用空間、門廳、人行道、垃圾貯存空間、公共服務空間、水箱機械室、昇降機機械室、一般安全梯、污水機房、消房機械室、水箱、緊急發電機室、梯廳、電信室等共２１項。,鋼筋混凝土造,104年2月17日,十四層,,
RPVNMLSJJHLGFDB48CC,21,15.16,共有部份,鋼筋混凝土造,94年4月29日,二十二層,,
RPUNMLSJJHLGFDB38CC,51,80.40,住家用,加強磚造,63年6月30日,二層,,
RPQNMLSJJHLGFFB18CC,9,126.78,集合住宅,鋼筋混凝土造,105年11月30日,十二層,,
RPWNMLSJJHLGFFB78CC,19,81.80,店舖、住宅、防空避難室兼停車空間,鋼筋混凝土造,96年5月24日,四層,,
RPQNMLSJJHLGFFB18CC,9,46.01,防空避難室、停車空間、機房、消防機房、台電配電室、台電管道間、集合住宅管理室、辦公室、集合住宅管理管委會辦公室、集合住宅,鋼筋混凝土造,105年11月30日,十二層,,
RPQNMLSJJHLGFFB18CC,9,24.32,梯間、機房、水塔,鋼筋混凝土造,105年11月30日,十二層,,
RPPNMLSJJHLGFFB08CC,3,78.45,集合住宅,鋼筋混凝土造,111年12月29日,十五層,,
RPPNMLSJJHLGFFB08CC,3,55.16,消防機房、污雨水機房、車道、停車空間、水箱、樓梯間、梯廳、昇降機間、發電機室、台電配電室、電信機房、防空避難室兼停車空間、管委會使用空間、社區娛樂室、排煙室、資源回收室、門廳、走廊、機械式、消防水箱等２０項,鋼筋混凝土造,111年12月29日,十五層,,
RPTNMLSJJHLGFFB48CC,3,105.05,集合住宅,鋼筋混凝土造,111年12月26日,十五層,,
RPTNMLSJJHLGFFB48CC,3,45.97,資源回收空間、管理委員會使用空間、入口梯廳（門廳）、電梯間、樓梯間、人行道、停車空間、台電配電室、車道、緊急發電機機房、管道機房、排氣管道間、防空避難室兼停車空間、機電設備空間、生活汙水機房、消防設備機房、蓄水池,鋼筋混凝土造,111年12月26日,十五層,,
RPTNMLSJJHLGFFB48CC,3,20.26,電梯間、樓梯間、梯廳、水錶置放區、昇降機機房、水塔,鋼筋混凝土造,111年12月26日,十五層,,
RPUNMLSJJHLGFFB58CC,5,72.34,集合住宅,鋼筋混凝土造,109年7月24日,十五層,,
RPUNMLSJJHLGFFB58CC,5,12.05,消防機房，水箱，梯間，污／雨水機房，進風機房，機械室，排風機房，公用水箱揚水機房，機械區，電信機房，公共水箱，台電配電室，發電機室，管委會使用空間，受電區，景觀機房，泳池機房，電表區，機車坡道，防空避難室兼停車空間，梯廳，警衛室，走廊，特別安全梯，游泳池，汽車坡道，大廳等２７項,鋼筋混凝土造,109年7月24日,十五層,,
RPUNMLSJJHLGFFB58CC,5,19.70,排煙室，梯廳兼排煙室，特別安全梯，梯廳，走道，機房，噴灌機房，梯間，電梯機房，消防水箱，水表室，機械室，水箱等１３項,鋼筋混凝土造,109年7月24日,十五層,,
RPQNMLSJJHLGFHB38CC,3,188.95,住宅、停車空間、樓梯間,鋼筋混凝土造,111年8月11日,四層,,
RPROMLSJJHLGFCB08CC,31,13.93,住家用,鋼筋混凝土造,83年9月8日,十三層,,
RPROMLSJJHLGFCB08CC,31,7.68,共有部份,鋼筋混凝土造,83年9月8日,十三層,,
RPTOMLSJJHLGFCB28CC,37,79.75,住家用,鋼筋混凝土造,77年11月18日,五層,,
RPPNMLSJJHLGFIB38CC,43,45.14,集合住宅,鋼筋混凝土造,72年5月5日,五層,,
RPTOMLSJJHLGFCB28CC,37,.48,共有部份,鋼筋混凝土造,77年11月18日,五層,,
RPXNMLSJJHLGFFB88CC,1,64.31,集合住宅,鋼筋混凝土造,114年3月10日,十五層,,
RPPNMLSJJHLGFIB38CC,43,8.70,共有部份,鋼筋混凝土造,72年5月5日,五層,,
RPQOMLSJJHLGFCB97CC,37,19.00,住商用,鋼筋混凝土造,77年7月29日,三層,,
RPXNMLSJJHLGFFB88CC,1,32.09,停車空間、車道、消防機房、水箱、汙水機房、排煙室、安全梯、緊急昇降機、行動不便電梯、雨水機房、防空避難室兼停車空間、台電配電場所、發電機房、電信室、儲藏室、梯廳、垃圾儲存空間、戶外安全梯、公共服務空間、管委會使用空間、外廊、梯間、機房、電梯機房等２４項。,鋼筋混凝土造,114年3月10日,十五層,,
RPSOMLSJJHLGFCB18CC,21,64.80,住家用,鋼筋混凝土造,94年2月15日,十三層,,
RPSOMLSJJHLGFCB18CC,21,23.43,共用,鋼筋混凝土造,94年2月15日,十三層,,
RPPNMLSJJHLGFKB58CC,37,16.54,住家用,鋼筋混凝土造,77年9月10日,五層,,
RPPNMLSJJHLGFKB58CC,37,3.03,梯間及走道,鋼筋混凝土造,77年9月10日,五層,,
RPVNMLSJJHLGFIB98CC,3,52.32,集合住宅,鋼筋混凝土造,111年8月31日,十一層,,
RPRNMLSJJHLGFIB58CC,14,18.92,集合住宅,鋼筋混凝土造,101年1月19日,六層,,
RPVNMLSJJHLGFIB98CC,3,23.16,本共有部分之項目有停車空間、台電受電室、消防機房、電信室、梯廳、樓梯、電梯、管理委員會空間、水塔間、昇降機房等十項。,鋼筋混凝土造,111年8月31日,十一層,,
RPRNMLSJJHLGFIB58CC,14,14.64,本共有部分之項目有防空避難室、停車空間、水箱、樓梯間、機械室、梯廳、走廊、昇降機道、台電受電室、電信室、儲藏室、消防機房、發電機室等１３項。,鋼筋混凝土造,101年1月19日,六層,,
RPPNMLRJJHLGFBB67DC,34,128.21,住家用,鋼筋混凝土造,80年12月26日,十五層,,
RPPNMLRJJHLGFBB67DC,34,13.04,共有部分,鋼筋混凝土造,80年12月26日,十五層,,
RPSNMLSJJHLGFIB68CC,32,168.77,住宅、梯間,鋼筋混凝土造,83年5月14日,三層,,
RPRNMLTJJHLGFAB87CC,30,23.89,集合住宅,鋼骨鋼筋混凝土造,85年1月19日,二十二層,,
RPQNMLSJJHLGFJB58CC,34,76.91,集合住宅,鋼筋混凝土造,80年10月7日,十三層,,
RPRNMLTJJHLGFAB87CC,30,2.24,樓梯間．機房．蓄水池,鋼骨鋼筋混凝土造,85年1月19日,二十二層,,
RPQNMLTJJHLGFAB77CC,31,66.98,住家用,鋼筋混凝土造,84年1月19日,十三層,,
RPPNMLSJJHLGFJB48CC,34,79.35,集合住宅,鋼筋混凝土造,80年10月20日,十二層,,
RPQNMLSJJHLGFJB58CC,34,8.29,水塔、梯間、避難室、機械室,鋼筋混凝土造,80年10月7日,十三層,,
RPQNMLTJJHLGFAB77CC,31,28.26,防空避難室．人行道．水箱．梯間．機械室,鋼筋混凝土造,84年1月19日,十三層,,
RPRNMLTJJHLGFAB87CC,30,2.53,樓梯間,鋼骨鋼筋混凝土造,85年1月19日,二十二層,,
RPPNMLTJJHLGFAB67CC,30,26.09,集合住宅,鋼骨鋼筋混凝土造,85年1月19日,二十二層,,
RPPNMLSJJHLGFJB48CC,34,21.84,避難室、機械室、梯間、水箱、頂蓋型開放空間、陽台、平台,鋼筋混凝土造,80年10月20日,十二層,,
RPTNMLSJJHLGFIB78CC,,79.60,集合住宅,鋼筋混凝土造,114年7月24日,十三層,,
RPQNMLTJJHLGFAB77CC,31,5.64,共有部分,鋼筋混凝土造,84年1月19日,十三層,,
RPRNMLTJJHLGFAB87CC,30,6.61,防空避難室兼停車空間．走道,鋼骨鋼筋混凝土造,85年1月19日,二十二層,,
RPPNMLTJJHLGFAB67CC,30,2.48,樓梯間．機房．蓄水池,鋼骨鋼筋混凝土造,85年1月19日,二十二層,,
RPRNMLTJJHLGFAB87CC,30,8.28,走道,鋼骨鋼筋混凝土造,85年1月19日,二十二層,,
RPPNMLTJJHLGFAB67CC,30,2.77,樓梯間,鋼骨鋼筋混凝土造,85年1月19日,二十二層,,
RPTNMLSJJHLGFIB78CC,,65.69,本共有部分之項目有：防空避難室兼停車空間、汙雨水機房、消防機房、水箱、車道、梯廳、安全梯、昇降機間、排煙室、停車空間、台電配電室、電信室、發電機室、電錶室、管委會使用空間、樓梯間、機械室、水錶室、機械設備室等１９項。,鋼筋混凝土造,114年7月24日,十三層,,
RPPNMLTJJHLGFAB67CC,30,7.32,防空避難室兼停車空間．走道,鋼骨鋼筋混凝土造,85年1月19日,二十二層,,
RPPNMLTJJHLGFAB67CC,30,9.03,走道,鋼筋混凝土造,85年1月19日,二十二層,,
RPSNMLTJJHLGFAB97CC,15,39.98,集合住宅,鋼筋混凝土造,99年8月25日,八層,,
RPSNMLTJJHLGFAB97CC,15,12.42,本共有部份係依使用執照之建築概要表記載項目有：人行道、門廳、車道、陽台、（Ａ）梯間、（Ｂ）梯間、（Ｃ）梯間、（Ｄ）梯間、、供行動不便者１０人份昇降機、８人份昇降機、室內通路走廊、機械室、儲藏室、水箱等１４項,鋼筋混凝土造,99年8月25日,八層,,
RPSNMLTJJHLGFAB97CC,15,8.82,本共有部份係依使用執照之建築概要表記載項目有：防空避難室兼停車空間、台電受電室、蓄水池、電信機械室、發電機械室、儲藏室、（Ａ）梯間、（Ｄ）梯間、污水處理設施、污水機械室、消防機械室、供行動不便者１０人份昇降機、８人份昇降機、截水溝等１４項,鋼筋混凝土造,99年8月25日,八層,,
RPPOMLTJJHLGFAB77CC,45,26.43,住家用,鋼筋混凝土造,69年10月13日,七層,,
RPROMLTJJHLGFAB97CC,29,19.26,集合住宅,鋼筋混凝土造,85年10月16日,十二層,,
RPTNMLTJJHLGFAB08CC,29,25.30,住家用,鋼骨造,86年1月31日,二十八層,,
RPROMLTJJHLGFAB97CC,29,9.42,本共有部分之項目有人行道、門廳、梯間、走道、機械室、水箱、停車空間、防空避難室、花台、平台等１０項。,鋼筋混凝土造,85年10月16日,十二層,,
RPSOMLTJJHLGFAB08CC,29,21.51,集合住宅,鋼筋混凝土造,85年10月16日,十二層,,
RPTNMLTJJHLGFAB08CC,29,.92,共同使用,鋼骨造,86年1月31日,二十八層,,
RPOOMLTJJHLGFAB67CC,31,19.23,住家用,鋼筋混凝土造,84年1月13日,十九層,,
RPSOMLTJJHLGFAB08CC,29,10.46,本共有部分之項目有人行道、門廳、梯間、走道、機械室、水箱、停車空間、防空避難室、花台、平台等１０項。,鋼筋混凝土造,85年10月16日,十二層,,
RPTNMLTJJHLGFAB08CC,29,7.75,公共設施,鋼骨造,86年1月31日,二十八層,,
RPXOMLTJJHLGFAB58CC,31,20.43,住家用,鋼筋混凝土造,84年1月13日,十九層,,
RPOOMLTJJHLGFAB67CC,31,3.23,共有部份,鋼筋混凝土造,84年1月13日,十九層,,
RPVOMLTJJHLGFAB38CC,29,20.13,住家用,鋼筋混凝土造,86年4月15日,七層,,
RPXOMLTJJHLGFAB58CC,31,4.43,共有部分,鋼筋混凝土造,84年1月13日,十九層,,
RPOOMLTJJHLGFAB67CC,31,8.39,梯間．水箱．機械室,鋼筋混凝土造,84年1月13日,十九層,,
RPTNMLTJJHLGFAB08CC,29,3.48,共有部分,鋼骨造,86年1月31日,二十八層,,
RPVOMLTJJHLGFAB38CC,29,10.30,共有部分,鋼筋混凝土造,86年4月15日,七層,,
RPXOMLTJJHLGFAB58CC,31,4.30,梯間．水箱．機械室,鋼筋混凝土造,84年1月13日,十九層,,
RPOPMLTJJHLGFAB77CC,48,47.50,住家用,鋼筋混凝土造,66年6月25日,六層,,
RPUNMLTJJHLGFAB18CC,32,26.51,住家用,鋼筋混凝土造,83年6月25日,十二層,,
RPUNMLTJJHLGFAB18CC,32,10.09,共有部分,鋼筋混凝土造,83年6月25日,十二層,,
RPWOMLTJJHLGFAB48CC,30,25.45,集合住宅,鋼骨鋼筋混凝土造,85年1月19日,二十二層,,
RPQOMLTJJHLGFAB87CC,15,27.82,集合住宅,鋼筋混凝土造,99年8月25日,八層,,
RPWOMLTJJHLGFAB48CC,30,2.42,樓梯間．機房．蓄水池,鋼骨鋼筋混凝土造,85年1月19日,二十二層,,
RPWOMLTJJHLGFAB48CC,30,2.70,樓梯間,鋼骨鋼筋混凝土造,85年1月19日,二十二層,,
RPQOMLTJJHLGFAB87CC,15,8.62,本共有部份係依使用執照之建築概要表記載項目有：人行道、門廳、車道、陽台、（Ａ）梯間、（Ｂ）梯間、（Ｃ）梯間、（Ｄ）梯間、、供行動不便者１０人份昇降機、８人份昇降機、室內通路走廊、機械室、儲藏室、水箱等１４項,鋼筋混凝土造,99年8月25日,八層,,
RPWOMLTJJHLGFAB48CC,30,7.14,防空避難室兼停車空間．走道,鋼骨鋼筋混凝土造,85年1月19日,二十二層,,
RPXNMLTJJHLGFAB48CC,30,19.17,集合住宅,鋼筋混凝土造,85年5月6日,十八層,,
RPVNMLTJJHLGFAB28CC,46,174.26,住商用,鋼筋混凝土造,69年5月30日,三層,,
RPWOMLTJJHLGFAB48CC,30,8.94,走道,鋼骨鋼筋混凝土造,85年1月19日,二十二層,,
RPQOMLTJJHLGFAB87CC,15,6.07,本共有部份係依使用執照之建築概要表記載項目有：防空避難室兼停車空間、台電受電室、蓄水池、電信機械室、發電機械室、儲藏室、（Ａ）梯間、（Ｄ）梯間、污水處理設施、污水機械室、消防機械室、供行動不便者１０人份昇降機、８人份昇降機、截水溝等１４項,鋼筋混凝土造,99年8月25日,八層,,
RPXNMLTJJHLGFAB48CC,30,3.30,共同使用,鋼筋混凝土造,85年5月6日,十八層,,
RPXNMLTJJHLGFAB48CC,30,3.72,共同使用,鋼筋混凝土造,85年5月6日,十八層,,
RPWNMLTJJHLGFAB38CC,15,18.07,集合住宅,鋼筋混凝土造,99年8月25日,八層,,
RPXNMLTJJHLGFAB48CC,30,.89,共同使用,鋼筋混凝土造,85年5月6日,十八層,,
RPWNMLTJJHLGFAB38CC,15,5.65,本共有部份係依使用執照之建築概要表記載項目有：人行道、門廳、車道、陽台、（Ａ）梯間、（Ｂ）梯間、（Ｃ）梯間、（Ｄ）梯間、、供行動不便者１０人份昇降機、８人份昇降機、室內通路走廊、機械室、儲藏室、水箱等１４項,鋼筋混凝土造,99年8月25日,八層,,
RPXNMLTJJHLGFAB48CC,30,1.46,共同使用,鋼筋混凝土造,85年5月6日,十八層,,
RPWNMLTJJHLGFAB38CC,15,4.01,本共有部份係依使用執照之建築概要表記載項目有：防空避難室兼停車空間、台電受電室、蓄水池、電信機械室、發電機械室、儲藏室、（Ａ）梯間、（Ｄ）梯間、污水處理設施、污水機械室、消防機械室、供行動不便者１０人份昇降機、８人份昇降機、截水溝等１４項,鋼筋混凝土造,99年8月25日,八層,,
RPPNMLTJJHLGFBB77CC,2,61.79,集合住宅,鋼筋混凝土造,113年5月21日,二十二層,,
RPPNMLTJJHLGFBB77CC,2,9.67,本共有部分係依使用執照之建築概要表記載項目有：防空避難室兼停車空間，排煙室，樓梯間，一般昇降機，緊急昇降機，消防機房，汙雨水機房，水箱，停車空間，中繼機房，機房，緊急發電機室，台電配電室，電信室，景觀機房等１５項。,鋼筋混凝土造,113年5月21日,二十二層,,
RPPNMLTJJHLGFBB77CC,2,21.91,本共有部分係依使用執照之建築概要表記載項目有：梯廳，排煙室，樓梯間，一般昇降機，緊急昇降機，管委會使用空間，門廳，垃圾集中室，守衛亭，防災中心，梯間，水錶箱室，機械室，消防中繼機房，電梯機房，水箱等１６項。,鋼筋混凝土造,113年5月21日,二十二層,,
RPSNMLTJJHLGFBB08CC,29,21.00,住家用,鋼筋混凝土造,85年7月16日,十四層,,
RPSNMLTJJHLGFBB08CC,29,12.44,共有部分,鋼筋混凝土造,85年7月16日,十四層,,
RPVNMLTJJHLGFBB38CC,34,51.78,住家用,鋼筋混凝土造,80年12月13日,七層,,
RPUNMLTJJHLGFBB28CC,36,104.11,住家用,鋼筋混凝土造,78年10月21日,七層,,
RPVNMLTJJHLGFBB38CC,34,17.85,共有部分,鋼筋混凝土造,80年12月13日,七層,,
RPXNMLTJJHLGFBB58CC,33,98.44,住家用,鋼筋混凝土造,81年8月17日,七層,,
RPUNMLTJJHLGFBB28CC,36,31.97,共有部分,鋼筋混凝土造,78年10月21日,七層,,
RPTNMLTJJHLGFBB18CC,35,162.46,住商用,鋼筋混凝土造,79年12月12日,七層,,
RPXNMLTJJHLGFBB58CC,33,18.13,共有部分,鋼筋混凝土造,81年8月17日,七層,,
RPWNMLTJJHLGFBB48CC,2,89.02,集合住宅,鋼筋混凝土造,112年10月13日,十五層,,
RPXNMLTJJHLGFBB58CC,33,19.11,共有部分,鋼筋混凝土造,81年8月17日,七層,,
RPWNMLTJJHLGFBB48CC,2,27.02,本共有部份係依使用執照之建築概要表記載項目有：管理委員會使用空間，門廳，走廊，守衛室，資源回收室，車道，排煙室，緊急用昇降機，昇降機，戶外安全梯，無障礙戶外安全梯，無障礙安全梯，梯廳，梯間，水錶室，機械室，水箱等１７項,鋼筋混凝土造,112年10月13日,十五層,,
RPWNMLTJJHLGFBB48CC,2,43.24,本共有部份係依使用執照之建築概要表記載項目有：停車空間，車道，排煙室，緊急用昇降機，昇降機，水箱，無障礙安全梯，消防機房，雨汙水機房，機房，地下室進風機機房，地下室排風機機房，防空避難室兼停車空間，台電配電室，緊急發電機房，電信機房，景觀機房等１７項,鋼筋混凝土造,112年10月13日,十五層,,
RPQNMLTJJHLGFBB87CC,57,43.89,住家用,鋼筋混凝土加強磚造,58年4月25日,二層,,
RPOOMLTJJHLGFBB77CC,30,21.83,住家用,鋼筋混凝土造,85年6月1日,十三層,,
RPOOMLTJJHLGFBB77CC,30,7.96,共有部分,鋼筋混凝土造,85年6月1日,十三層,,
RPPOMLTJJHLGFBB87CC,46,75.82,住家用,鋼筋混凝土造,69年3月4日,五層,,
RPRNMLTJJHLGFBB97CC,31,68.83,住家用,鋼筋混凝土造,84年3月3日,七層,,
RPRNMLTJJHLGFBB97CC,31,27.26,共有部分,鋼筋混凝土造,84年3月3日,七層,,
RPQOMLTJJHLGFBB97CC,1,33.21,集合住宅,鋼筋混凝土造,113年11月6日,十二層,,
RPQOMLTJJHLGFBB97CC,1,39.63,本共有部分係依使用執照之建築概要表記載項目有：停車空間、機房、消防機房、水箱、梯廳、安全梯、防空避難室兼停車空間、台電配電室、電信室、人行道、管委會使用空間、資源回收室、昇降機間、樓梯間、發電機室、昇降機房等１６項,鋼筋混凝土造,113年11月6日,十二層,,
RPQPMLTJJHLGFAB97CC,31,23.08,住家用,鋼筋混凝土造,83年12月7日,十五層,,
RPTPMLTJJHLGFAB28CC,36,22.04,住家用,鋼筋混凝土造,79年6月25日,十二層,,
RPPPMLTJJHLGFAB87CC,34,87.86,商業用,鋼筋混凝土造,80年7月25日,七層,,
RPSPMLTJJHLGFAB18CC,25,76.30,集合住宅,鋼筋混凝土造,89年9月30日,十四層,,
RPQPMLTJJHLGFAB97CC,31,10.31,共有部分,鋼筋混凝土造,83年12月7日,十五層,,
RPUPMLTJJHLGFAB38CC,1,47.91,集合住宅,鋼筋混凝土造,114年4月24日,七層,,
RPTPMLTJJHLGFAB28CC,36,8.65,人行道．梯間．走道．停車空間．水箱．機械室．避難室,鋼筋混凝土造,79年6月25日,十二層,,
RPPPMLTJJHLGFAB87CC,34,62.04,避難室．停車空間,鋼筋混凝土造,80年7月25日,七層,,
RPROMLTJJHLGFBB08CC,14,61.54,住家用,鋼筋混凝土造,100年12月21日,十二層,,
RPSPMLTJJHLGFAB18CC,25,17.04,共有部分,鋼筋混凝土造,89年9月30日,十四層,,
RPUPMLTJJHLGFAB38CC,1,41.10,本共有部份係依使用執照之建築概要表記載項目有：法定防空避難室兼停車空間、（汽車）昇降機間、梯廳、車道、安全梯、昇降機間、雨水機房、污水機房、消防機房、汽車昇降機機房、配電室、水箱、電信室、電錶區、人行道、管理室、宅配室、公共廁所、停車空間、廁所、緊急發電機室、屋頂水箱、消防水箱等共計２３項。,鋼筋混凝土造,114年4月24日,七層,,
RPPPMLTJJHLGFAB87CC,34,16.48,梯間．人行道．受電室．水箱．機械房,鋼筋混凝土造,80年7月25日,七層,,
RPSPMLTJJHLGFAB18CC,25,8.65,共有部分,鋼筋混凝土造,89年9月30日,十四層,,
RPROMLTJJHLGFBB08CC,14,57.40,本共有部份係依使用執照之建築概要表記載項目有：停車空間．水箱．機械室．防空避難室．梯間．電梯間．台電配電室．電信室．人行道．公共服務空間．梯廳等１１項。,鋼筋混凝土造,100年12月21日,十二層,,
RPRPMLTJJHLGFAB08CC,1,44.10,集合住宅,鋼筋混凝土造,114年1月8日,十四層,,
RPRPMLTJJHLGFAB08CC,1,39.84,本共有部分係依使用執照之建築概要表記載項目有：防空避難空間兼停車空間、消防機房、水箱、梯廳、樓梯間、昇降機間、停車空間、電信室、台電配電室、緊急發電機室、管委會空間、車道、緊急昇降機間、排煙室、機械房（昇降機房）等十五項,鋼筋混凝土造,114年1月8日,十四層,,
RPQNMLTJJHLGFCB97CC,17,80.35,住家用,鋼筋混凝土造,97年7月11日,十二層,,
RPPNMLTJJHLGFCB87CC,29,101.23,集合住宅,鋼筋混凝土造,86年1月18日,二十一層,,
RPQNMLTJJHLGFCB97CC,17,32.54,共用,鋼筋混凝土造,97年7月11日,十二層,,
RPPNMLTJJHLGFCB87CC,29,46.53,共有部份,鋼筋混凝土造,86年1月18日,二十一層,,
RPSNMLTJJHLGFCB18CC,34,26.59,住家用,鋼筋混凝土造,80年12月11日,七層,,
RPRNMLTJJHLGFCB08CC,29,70.08,住家用,鋼筋混凝土造,85年12月30日,五層,,
RPSNMLTJJHLGFCB18CC,34,7.85,共有部份,鋼筋混凝土造,80年12月11日,七層,,
RPRNMLTJJHLGFCB08CC,29,12.51,共用部份,鋼筋混凝土造,85年12月30日,五層,,
RPRNMLTJJHLGFCB08CC,29,5.78,共用部份,鋼筋混凝土造,85年12月30日,五層,,
RPWNMLTJJHLGFCB58CC,41,78.15,住家用,鋼筋混凝土造,73年12月31日,五層,,
RPXNMLTJJHLGFCB68CC,30,82.49,集合住宅,鋼筋混凝土造,85年6月15日,十二層,,
RPWNMLTJJHLGFCB58CC,41,6.57,共有部份,鋼筋混凝土造,73年12月31日,五層,,
RPVNMLTJJHLGFCB48CC,42,21.75,住家用,鋼筋混凝土造,73年3月15日,五層,,
RPXNMLTJJHLGFCB68CC,30,48.84,共同使用,鋼筋混凝土造,85年6月15日,十二層,,
RPTNMLTJJHLGFCB28CC,35,18.43,住家用,鋼筋混凝土造,80年5月24日,六層,,
RPTNMLTJJHLGFCB28CC,35,7.11,共有部分,鋼筋混凝土造,80年5月24日,六層,,
RPUNMLTJJHLGFCB38CC,24,86.96,住家用,鋼筋混凝土造,91年2月1日,十四層,,
RPUNMLTJJHLGFCB38CC,24,32.15,共有部份,鋼筋混凝土造,91年2月1日,十四層,,
RPSPMLTJJHLGFBB28CC,29,42.74,住家用,鋼筋混凝土造,85年8月19日,十二層,,
RPPPMLTJJHLGFBB97CC,30,94.92,住家用,鋼骨鋼筋混凝土造,84年12月8日,二十一層,,
RPSPMLTJJHLGFBB28CC,29,24.16,共有部份,鋼筋混凝土造,85年8月19日,十二層,,
RPTOMLTJJHLGFBB28CC,2,59.79,集合住宅,鋼筋混凝土造,113年6月5日,十五層,,
RPPPMLTJJHLGFBB97CC,30,9.92,共有部份,鋼骨鋼筋混凝土造,84年12月8日,二十一層,,
RPSOMLTJJHLGFBB18CC,4,65.89,集合住宅,鋼筋混凝土造,111年4月25日,十五層,,
RPPPMLTJJHLGFBB97CC,30,2.03,共有部份,鋼骨鋼筋混凝土造,84年12月8日,二十一層,,
RPTOMLTJJHLGFBB28CC,2,57.17,本共有部份係依使用執照之建築概要表記載項目有：防空避難室兼停車空間，水箱，排煙室，樓梯間，緊急昇降機，一般昇降機，消防機房，雨水機房，機房，緊急發電機室，停車空間，台電配電室，電信室，機車停車空間，梯廳，機電設備空間，頂蓋型開放空間，管委會使用空間，公共服務空間，走廊，資源回收中心，游泳池，梯間，電梯機房，水錶箱室等２５項,鋼筋混凝土造,113年6月5日,十五層,,
RPRPMLTJJHLGFBB18CC,30,20.68,住家用,鋼筋混凝土造,85年5月24日,十六層,,
RPSOMLTJJHLGFBB18CC,4,57.97,本共有部分係依使用執照之建築概要表記載項目有：防空避難室兼停車空間、排煙室、樓梯間、昇降機間、消防機房、雨水機房、車道、水箱、停車空間、機械室、台電配電室、電信室、發電機房、門廳、走廊、頂蓋型開放空間、公共服務空間、資源回收中心、梯廳、梯間、水錶箱室、電梯機房等２２項。,鋼筋混凝土造,111年4月25日,十五層,,
RPPPMLTJJHLGFBB97CC,30,29.95,共有部份,鋼骨鋼筋混凝土造,84年12月8日,二十一層,,
RPRPMLTJJHLGFBB18CC,30,6.70,共有部份,鋼筋混凝土造,85年5月24日,十六層,,
RPWOMLTJJHLGFBB58CC,4,57.14,集合住宅,鋼筋混凝土造,111年4月25日,十五層,,
RPRPMLTJJHLGFBB18CC,30,4.56,共有部份,鋼筋混凝土造,85年5月24日,十六層,,
RPWOMLTJJHLGFBB58CC,4,53.28,本共有部分係依使用執照之建築概要表記載項目有：防空避難室兼停車空間、排煙室、樓梯間、昇降機間、消防機房、雨水機房、車道、水箱、停車空間、機械室、台電配電室、電信室、發電機房、門廳、走廊、頂蓋型開放空間、公共服務空間、資源回收中心、梯廳、梯間、水錶箱室、電梯機房等２２項。,鋼筋混凝土造,111年4月25日,十五層,,
RPVOMLTJJHLGFBB48CC,2,54.33,集合住宅,鋼筋混凝土造,113年6月5日,十五層,,
RPXOMLTJJHLGFBB68CC,47,57.00,住家用,鋼筋混凝土造,68年3月27日,五層,,
RPVOMLTJJHLGFBB48CC,2,54.38,本共有部份係依使用執照之建築概要表記載項目有：防空避難室兼停車空間，水箱，排煙室，樓梯間，緊急昇降機，一般昇降機，消防機房，雨水機房，機房，緊急發電機室，停車空間，台電配電室，電信室，機車停車空間，梯廳，機電設備空間，頂蓋型開放空間，管委會使用空間，公共服務空間，走廊，資源回收中心，游泳池，梯間，電梯機房，水錶箱室等２５項,鋼筋混凝土造,113年6月5日,十五層,,
RPOPMLTJJHLGFBB87CC,47,72.90,住家用,鋼筋混凝土造,68年5月19日,五層,,
RPQPMLTJJHLGFBB08CC,29,29.37,住家用,鋼筋混凝土造,85年7月15日,十四層,,
RPQPMLTJJHLGFBB08CC,29,9.55,共有部分,鋼筋混凝土造,85年7月15日,十四層,,
RPQPMLTJJHLGFBB08CC,29,6.96,共有部分,鋼筋混凝土造,85年7月15日,十四層,,
RPQPMLTJJHLGFBB08CC,29,.00,共有部分,鋼筋混凝土造,85年7月15日,十四層,,
RPRPMLTJJHLGFCB28CC,31,69.34,住家用,鋼筋混凝土造,83年12月17日,八層,,
RPRPMLTJJHLGFCB28CC,31,4.18,共有部份,鋼筋混凝土造,83年12月17日,八層,,
RPRPMLTJJHLGFCB28CC,31,13.14,共有部份,鋼筋混凝土造,83年12月17日,八層,,
RPOQMLTJJHLGFCB08CC,31,13.86,住家用,鋼筋混凝土造,84年4月24日,七層,,
RPPOMLTJJHLGFCB97CC,32,15.97,住家用,鋼筋混凝土造,83年3月28日,七層,,
RPOQMLTJJHLGFCB08CC,31,6.63,共用部份,鋼筋混凝土造,84年4月24日,七層,,
RPPOMLTJJHLGFCB97CC,32,8.56,共有部份,鋼筋混凝土造,83年3月28日,七層,,
RPSOMLTJJHLGFCB28CC,13,64.31,住家用,鋼筋混凝土造,101年9月26日,十四層,,
RPXQMLTJJHLGFCB98CC,24,58.31,辦公室,鋼筋混凝土造,91年2月7日,七層,,
RPSOMLTJJHLGFCB28CC,13,28.15,本共有部分之項目有停車空間、排煙室、梯廳、梯間、水箱、污水機房、消防機房、防空避難室兼停車空間、台電配電室、緊急發電機室、電信室、人行道、門廳、管理員室、公共服務空間、穿廊、車道、垃圾集中處、電梯機房等十九項。,鋼筋混凝土造,101年9月26日,十四層,,
RPROMLTJJHLGFCB18CC,33,46.06,住家用,鋼筋混凝土造,81年11月20日,十層,,
RPXQMLTJJHLGFCB98CC,24,46.07,共用部份,鋼筋混凝土造,91年2月7日,七層,,
RPROMLTJJHLGFCB18CC,33,17.33,共用部份,鋼筋混凝土造,81年11月20日,十層,,
RPTQMLTJJHLGFCB58CC,33,205.11,店舖、人行道、集合住宅,鋼筋混凝土造,81年11月13日,十六層,,
RPTQMLTJJHLGFCB58CC,33,45.26,共有部份,鋼筋混凝土造,81年11月13日,十六層,,
RPQOMLTJJHLGFCB08CC,43,83.92,住家用,鋼筋混凝土造,72年5月6日,五層,,
RPSRMLTJJHLGFCB58CC,17,41.43,住家用,鋼筋混凝土造,97年11月27日,二十二層,,
RPSRMLTJJHLGFCB58CC,17,31.86,共用,鋼筋混凝土造,97年11月27日,二十二層,,
RPSPMLTJJHLGFCB38CC,31,66.33,住家用,鋼筋混凝土造,83年11月11日,七層,,
RPOOMLTJJHLGFCB87CC,20,110.19,住家用,鋼筋混凝土造,94年7月4日,十三層,,
RPSPMLTJJHLGFCB38CC,31,31.02,共有部份,鋼筋混凝土造,83年11月11日,七層,,
RPOOMLTJJHLGFCB87CC,20,65.81,共用,鋼筋混凝土造,94年7月4日,十七層,,
RPORMLTJJHLGFCB18CC,31,86.41,住家用,鋼筋混凝土造,84年5月25日,十二層,,
RPORMLTJJHLGFCB18CC,31,39.76,共用部份,鋼筋混凝土造,84年5月25日,十二層,,
RPRRMLTJJHLGFCB48CC,31,13.86,住家用,鋼筋混凝土造,84年4月24日,七層,,
RPRRMLTJJHLGFCB48CC,31,6.45,共有部份,鋼筋混凝土造,84年4月24日,七層,,
RPPRMLTJJHLGFCB28CC,31,16.55,住家用,鋼筋混凝土造,84年2月20日,十三層,,
RPPRMLTJJHLGFCB28CC,31,3.93,共有部份,鋼筋混凝土造,84年2月20日,十三層,,
RPPRMLTJJHLGFCB28CC,31,3.54,共同使用,鋼筋混凝土造,84年2月20日,十三層,,
RPVRMLTJJHLGFCB88CC,31,87.38,住家用,鋼筋混凝土造,83年7月13日,十六層,,
RPVRMLTJJHLGFCB88CC,31,33.49,共有部份,鋼筋混凝土造,83年7月13日,十六層,,
RPVRMLTJJHLGFCB88CC,31,21.68,共有部份,鋼筋混凝土造,83年7月13日,十六層,,
RPTRMLTJJHLGFCB68CC,16,53.18,住家用,鋼筋混凝土造,99年1月12日,二十六層,,
RPQRMLTJJHLGFCB38CC,17,65.07,住家用,鋼筋混凝土造,97年11月27日,二十二層,,
RPTRMLTJJHLGFCB68CC,16,38.96,本共有部分之項目有防空避難室兼停車空間、停車空間、發電機室、門廳、消防機房、垃圾處理空間、昇降設備、梯間、水箱、機房、排煙室、梯廳、進氣管道、排氣管道、特別安全梯、車道、污水機房、電信管道、給水管道、弱電管道、電信室、蓄水池、機械室、台電配電室、泳池噴灌機房、社區游泳池、儲藏室、機坑、防災中心、走廊、中繼水箱、中繼機械室、避難平台等三十二項,鋼筋混凝土造,99年1月12日,二十六層,,
RPQRMLTJJHLGFCB38CC,17,49.79,共用,鋼筋混凝土造,97年11月27日,二十二層,,
RPURMLTJJHLGFCB78CC,30,75.04,住家用,鋼筋混凝土造,85年1月19日,十四層,,
RPURMLTJJHLGFCB78CC,30,42.32,共用部份,鋼筋混凝土造,85年1月19日,十四層,,
RPWRMLTJJHLGFCB98CC,46,132.27,住商用,鋼筋混凝土造,69年3月7日,五層,,
RPQNMLTJJHLGFDB08CC,6,63.76,集合住宅,鋼筋混凝土造,108年12月27日,十二層,,
RPQNMLTJJHLGFDB08CC,6,69.49,本共有部分之項目有：消防機械室、發電機室、水箱、停車空間、防空避難室兼停車空間、電信室、台電配電室、公共服務空間、樓梯間、水錶室、機械室等１１項,鋼筋混凝土造,108年12月27日,十二層,,
RPVNMLTJJHLGFFB78CC,31,23.14,住家用,鋼筋混凝土造,84年5月18日,三層,,
RPQNMLTJJHLGFFB28CC,2,106.39,集合住宅,鋼筋混凝土造,112年12月29日,十五層,,
RPQNMLTJJHLGFFB28CC,2,77.82,防空避難室兼停車空間、排煙室、安全梯、昇降機間、消防機房、污水機房、機房、水箱、車道、停車空間、電信室、緊急發電機室、台電配電室、門廳、排煙室（梯廳）、管委會空間、儲藏室、垃圾集中室、梯廳、梯間、水錶箱室、電梯機房等２２項。,鋼筋混凝土造,112年12月29日,十五層,,
RPPNMLTJJHLGFEB08CC,32,104.55,住家用,鋼筋混凝土造,82年8月5日,七層,,
RPWNMLTJJHLGFFB88CC,2,57.65,集合住宅,鋼筋混凝土造,113年5月1日,十二層,,
RPPNMLTJJHLGFEB08CC,32,18.29,梯室、車道、門廳、水塔、避難室、機械室,鋼筋混凝土造,82年8月5日,七層,,
RPPNMLTJJHLGFFB18CC,3,101.49,集合住宅,鋼筋混凝土造,111年12月26日,十五層,,
RPWNMLTJJHLGFFB88CC,2,62.84,法定防空避難室兼停車空間、安全梯、梯廳、雨水機房、消防機房、汙水機房、車道、昇降機間、水箱、停車空間、緊急發電機室、電信室、台電配電室、管理室、文教室、會議室、資源回收室、交誼室、公共廁所、會客室、樓梯間、屋頂水箱、電梯機房等２３項,鋼筋混凝土造,113年5月1日,十二層,,
RPRNMLTJJHLGFFB38CC,44,495.00,廠房,加強磚造,70年8月19日,一層,,
RPPNMLTJJHLGFFB18CC,3,45.21,資源回收空間、管理委員會使用空間、入口梯廳（門廳）、電梯間、樓梯間、人行道、停車空間、台電配電室、車道、緊急發電機機房、管道機房、排氣管道間、防空避難室兼停車空間、機電設備空間、生活汙水機房、消防設備機房、蓄水池,鋼筋混凝土造,111年12月26日,十五層,,
RPPNMLTJJHLGFDB97CC,27,120.29,集合住宅,鋼筋混凝土造,88年3月26日,七層,,
RPPNMLTJJHLGFFB18CC,3,21.21,電梯間、樓梯間、梯廳、水錶置放區、昇降機機房、水塔,鋼筋混凝土造,111年12月26日,十五層,,
RPPNMLTJJHLGFDB97CC,27,64.52,共用部份,鋼筋混凝土造,88年3月26日,七層,,
RPXNMLTJJHLGFFB98CC,1,48.72,集合住宅,鋼筋混凝土造,114年6月6日,二十八層,,
RPXNMLTJJHLGFFB98CC,1,13.19,排煙室、昇降機、無障礙安全梯、特別安全梯、無障礙樓梯、梯廳兼排煙室、梯廳、管委會空間、中繼機房、中繼水箱、電梯間、水錶室、樓梯間、電梯機房、機電空間、水箱、安全梯、水箱機房、消防水箱等１９項,鋼筋混凝土造,114年6月6日,二十八層,,
RPXNMLTJJHLGFFB98CC,1,11.23,消防機房、雨水回收機房、車道、機房、水箱、停車空間、進風管道、公共水箱、防空避難室兼停車空間、台電配電室、發電機房、泳池水箱、公共電氣室、機車車道、管委會使用空間、昇降機、大廳、梯廳、警衛室、儲藏室、風除室、排風機房、防災中心、電信室、垃圾暫存室、附屬社區共用空間、附屬共用廚房、機電設備空間、電梯間、設備空間、泳池機房、景觀機房、游泳池、管委會空間、樓電梯間、機電空間、樓梯間等３７項,鋼筋混凝土造,114年6月6日,二十八層,,
RPSNMLTJJHLGFFB48CC,32,99.66,住家用,鋼筋混凝土造,82年6月27日,十三層,,
RPSNMLTJJHLGFFB48CC,32,20.99,地下室、機械室、水箱、梯間、走道,鋼筋混凝土造,82年6月27日,十三層,,
RPQNMLTJJHLGFHB48CC,32,94.14,住家用,鋼筋混凝土造,82年12月13日,七層,,
RPQNMLTJJHLGFHB48CC,32,25.56,共有部份,鋼筋混凝土造,82年12月13日,七層,,
RPRNMLTJJHLGFHB58CC,1,87.02,集合住宅,鋼筋混凝土造,114年6月4日,十五層,,
RPPNMLTJJHLGFIB48CC,15,307.00,人行道、停車空間、住宅、機電設備空間,ＲＣ鋼筋混凝土造,99年7月8日,四層,,
RPRNMLTJJHLGFHB58CC,1,44.54,本共有部分之項目有防空避難室兼停車空間、排煙室、安全梯、消防幫浦室、污水機房、昇降機、車道、停車空間、電信室、台電配電室、電錶室、緊急發電機室、水箱、景觀過濾機房等１４項,鋼筋混凝土造,114年6月4日,十五層,,
RPRNMLTJJHLGFHB58CC,1,27.07,本共有部分之項目有廊道、管委會使用空間、資源回收室、梯廳、排煙室、安全梯、戶外安全梯、管道、昇降機、車道、梯廳兼排煙室、梯間、機械房、水箱、水錶室、電梯機械室等１６項,鋼筋混凝土造,114年6月4日,十五層,,
RPPNMLTJJHLGFHB38CC,1,106.87,集合住宅,鋼筋混凝土造,114年6月4日,十五層,,
RPPNMLTJJHLGFHB38CC,1,48.30,本共有部分之項目有防空避難室兼停車空間、排煙室、安全梯、消防幫浦室、污水機房、昇降機、車道、停車空間、電信室、台電配電室、電錶室、緊急發電機室、水箱、景觀過濾機房等１４項,鋼筋混凝土造,114年6月4日,十五層,,
RPPNMLTJJHLGFHB38CC,1,33.18,本共有部分之項目有廊道、管委會使用空間、資源回收室、梯廳、排煙室、安全梯、戶外安全梯、管道、昇降機、車道、梯廳兼排煙室、梯間、機械房、水箱、水錶室、電梯機械室等１６項,鋼筋混凝土造,114年6月4日,十五層,,
RPQNMLTJJHLGFIB58CC,30,17.01,集合住宅,鋼筋混凝土造,85年1月19日,十四層,,
RPQNMLTJJHLGFIB58CC,30,6.62,共有部分,鋼筋混凝土造,85年1月19日,十四層,,
RPSNMLTJJHLGFIB78CC,7,44.63,集合住宅,鋼筋混凝土造,108年5月30日,十二層,,
RPRNMLTJJHLGFIB68CC,4,57.64,集合住宅,鋼筋混凝土造,110年7月20日,十五層,,
RPSNMLTJJHLGFIB78CC,7,54.67,防空避難室兼停車空間、梯廳、一般昇降機、緊急昇降機、污水機械室、水箱、排煙室、消防機械室、安全梯、停車空間、車道、電信室、發電機械室、台電配電室、公共服務空間、垃圾暫存室、機車停車空間、管委會使用空間、戶外安全梯、梯間、水錶室、走廊、機械室等２３項。,鋼筋混凝土造,108年5月30日,十二層,,
RPRNMLTJJHLGFIB68CC,4,56.18,停車空間、排煙室、樓梯間、昇降機間、消防機房、污水機房、水箱、車道、機房、噴灌機房、電信室、緊急發電機室、台電配電室、垃圾集中室、頂蓋型廣場式開放空間、門廳、梯廳、社區設施、梯間、水錶箱室、電梯機房等２１項。,鋼筋混凝土造,110年7月20日,十五層,,
RPXRMLTJJHLGFCB09CC,2,164.58,店舖,鋼筋混凝土造,113年3月4日,二十四層,,
RPXRMLTJJHLGFCB09CC,2,55.28,本共有部份係依使用執照之建築概要表記載項目有：防空避難室兼停車空間、排煙室、昇降機道、安全梯、污水及雨水機械室、水箱、消防機械室、停車空間、昇降機間、消防中繼機械室、台電配電室、電信室、發電機械室、機械室、梯廳、車道、防災中心、特別安全梯、管委會使用空間、公共服務空間、垃圾資源回收室、走廊、梯間、水錶室等二十四項。,鋼筋混凝土造,113年3月4日,二十四層,,
RPOSMLTJJHLGFCB28CC,16,46.11,住家用,鋼筋混凝土造,99年2月1日,十一層,,
RPOSMLTJJHLGFCB28CC,16,17.01,本共有部份之項目有：人行道、門廳（Ａ）、外廊（Ａ）、外廊（Ｂ）、公共服務空間、電梯梯間Ａ、緊急昇降機、行動不便者昇降機、Ａ１梯、Ａ２梯、Ａ３梯、車道Ａ、陽台、門廊Ｂ、管理室（管委會使用空間）、廣場式頂蓋型開放空間、沿街步道式頂蓋型開放空間、垃圾處理場、梯廳Ｂ１、開放空間景觀水池、Ｂ１梯、Ｂ２梯、Ｂ３梯、車道Ｂ、緩衝空間、廊道Ａ、排煙室Ａ１電梯梯間、管道室、緊急昇降機、梯廳Ｂ、梯廳兼排煙室、排煙室Ｂ１、廊道Ｂ、電梯梯間排煙室Ａ１、梯間、Ａ１梯、Ａ２梯、Ｂ１梯、Ｂ２梯、機械室、水箱Ａ１、水箱Ａ２、水箱Ｂ１、水箱Ｂ２等四十四項。,鋼筋混凝土造,99年2月1日,十二層,,
RPOSMLTJJHLGFCB28CC,16,6.30,本共有部份之項目有：電表室、台電配電室Ａ、防空避難室兼停車空間、發電機室、過濾機房、行動不便者昇降機、Ａ３梯、台電配電室Ｂ、Ｂ３梯、Ｂ４梯、停車空間、電信室、儲藏室、汙水機房、水箱Ａ、機械室、水箱Ｂ、消防機房等十八項。,鋼筋混凝土造,99年2月1日,十二層,,
RPTNMLTJJHLGFIB88CC,3,49.47,集合住宅,鋼筋混凝土造,111年8月5日,二十層,,
RPOOMLTJJHLGFIB48CC,51,58.08,住家用,加強磚造,63年7月5日,一層,,
RPPSMLTJJHLGFCB38CC,17,55.77,住家用,鋼筋混凝土造,98年3月5日,八層,,
RPUNMLTJJHLGFIB98CC,12,59.51,集合住宅,鋼筋混凝土造,102年11月18日,十五層,,
RPTNMLTJJHLGFIB88CC,3,35.03,停車空間、梯廳、昇降機、無障礙電梯、樓梯間、車道、機房、雨、污水機械室、消防機械室兼消防中繼機械室、水箱、機械室、公共水箱、泳池機房、水景機房、機房機械室、電信室、發電機房、垃圾貯存空間、台電配電場所、電錶區等２０項。,鋼筋混凝土造,111年8月5日,二十層,,
RPUNMLTJJHLGFIB98CC,12,51.24,本共有部分之項目有停車空間．安全梯間．昇降機間（排煙室）．發電機室．電信室．台電配電室．垃圾暫存室．機械室．防空避難室兼停車空間．消防機械室．水箱．汙水機房．電表區．人行道．車道．門廳．梯廳．戶外安全梯間．梯廳（排煙室）．昇降機間．梯間及外廊等２２項。,鋼筋混凝土造,102年11月18日,十五層,,
RPTNMLTJJHLGFIB88CC,3,16.13,管委會使用空間、梯廳、排煙室、緊急昇降機、昇降機、無障礙電梯、防災中心、警衛室、游泳池、樓梯間、水錶室、消防中繼機械室、消防水箱、設備空間、機械室、自來水箱等１６項。,鋼筋混凝土造,111年8月5日,二十層,,
RPVNMLTJJHLGFIB09CC,14,18.84,集合住宅,鋼筋混凝土造,101年1月19日,六層,,
RPSNMLTJJHLGFJB88CC,48,115.92,店舖、住宅,加強磚造,66年8月30日,二層,,
RPVNMLTJJHLGFIB09CC,14,14.50,本共有部分之項目有防空避難室、停車空間、水箱、樓梯間、機械室、梯廳、走廊、昇降機道、台電受電室、電信室、儲藏室、消防機房、發電機室等１３項。,鋼筋混凝土造,101年1月19日,六層,,
RPQSMLTJJHLGFCB48CC,31,33.05,住家用,鋼筋混凝土造,84年4月26日,八層,,
RPWNMLTJJHLGFIB56CC,9,87.10,集合住宅,鋼筋混凝土造,106年2月10日,十五層,,
RPQSMLTJJHLGFCB48CC,31,14.78,共有部份,鋼筋混凝土造,84年4月26日,八層,,
RPWNMLTJJHLGFIB56CC,9,47.42,本共有部分之項目有防空避難空間兼停車空間、車道、排煙室（昇降機間）、安全梯、梯廳、消防機械室、污水機械室、水箱、停車空間、發電機室、台電配電室、電信室等１２項,鋼筋混凝土造,106年2月10日,十五層,,
RPWNMLTJJHLGFIB56CC,9,7.94,本共有部分之項目有公共服務空間（交誼、休閒）、梯廳、排煙室（昇降機間）、管委會使用空間、戶外安全梯、垃圾暫存室、車道等７項,鋼筋混凝土造,106年2月10日,十五層,,
RPWNMLTJJHLGFIB56CC,9,19.61,本共有部分之項目有梯廳、排煙室（昇降機間）、戶外安全梯、走廊、梯間、機械室、水錶室、水箱等８項,鋼筋混凝土造,106年2月10日,十五層,,
RPQNMLTJJHLGFJB68CC,10,79.60,集合住宅,鋼筋混凝土造,104年10月7日,十二層,,
RPUNMLTJJHLGFJB09CC,32,77.75,集合住宅,鋼筋混凝土造,83年4月26日,十五層,,
RPQNMLTJJHLGFJB68CC,10,53.28,門廳、管委會使用空間、資源回收室、六米基地內通路、台電通道、水箱、車道、停車空間、防空避難室兼停車空間、梯間、梯廳、電信機室、台電配電室、發電機室、消防機房、污水機房等項,鋼筋混凝土造,104年10月7日,十二層,,
RPRNMLTJJHLGFJB78CC,3,45.99,集合住宅,鋼筋混凝土造,112年5月22日,十四層,,
RPUNMLTJJHLGFJB09CC,32,9.45,共有部份,鋼筋混凝土造,83年4月26日,十五層,,
RPQNMLTJJHLGFJB68CC,10,21.44,梯廳、梯間、機械室、水箱,鋼筋混凝土造,104年10月7日,十二層,,
RPRNMLTJJHLGFJB78CC,3,53.05,防空避難室兼停車空間、樓電梯間、消防設備機房、水箱、停車空間、台電配電室、水景機房、電信室、發電機械室、公共服務空間、管委會空間、汽機車道、陽台、梯廳、機械室、樓梯間、水錶室、電梯間、機房、雨水機房、污水機房。,鋼筋混凝土造,112年5月22日,十四層,,
RPVNMLTJJHLGFJB56CC,32,25.79,集合住宅,鋼筋混凝土造,82年12月31日,十二層,,
RPVNMLTJJHLGFJB56CC,32,11.03,共有部份,鋼筋混凝土造,82年12月31日,十二層,,
RPTNMLTJJHLGFJB98CC,50,63.68,住家用,加強磚造,64年10月29日,一層,,
RPPNMLTJJHLGFJB58CC,3,62.78,集合住宅,鋼筋混凝土造,112年5月22日,十四層,,
RPPNMLTJJHLGFJB58CC,3,61.29,防空避難室兼停車空間、樓電梯間、消防設備機房、水箱、停車空間、台電配電室、水景機房、電信室、發電機械室、公共服務空間、管委會空間、汽機車道、陽台、梯廳、機械室、樓梯間、水錶室、電梯間、機房、雨水機房、污水機房。,鋼筋混凝土造,112年5月22日,十四層,,
RPQNMLTJJHLGFKB78CC,4,75.64,集合住宅,鋼筋混凝土造,111年6月1日,八層,,
RPQNMLTJJHLGFKB78CC,4,67.29,停車空間、車道、消防機房、污水機房、水箱、安全梯、昇降設備、電信室、發電機室、台電配電室、管委會使用空間、梯廳、門廳、無障礙安全梯、樓梯間、屋頂平台、機電設備室,鋼筋混凝土造,111年6月1日,八層,,
RPRNMLTJJHLGFKB88CC,1,54.89,集合住宅,鋼筋混凝土造,114年3月11日,十層,,
RPRNMLTJJHLGFKB88CC,1,60.82,本共有部分之項目有防空避難室兼停車空間、梯間、一般安全梯、無障礙梯、機電設備、水箱、消防機械室、雨汙水機械室、車道、揚水泵區、一般昇降機、無障礙昇降機、停車空間、電信室、發電機室、台電配電室、電錶室、受電箱區、戶外安全梯、無障礙廁所、梯廳、停車空間車道、管委會使用空間、垃圾集中貯留空間、外廊、機械室、水錶室等２７項。,鋼筋混凝土造,114年3月11日,十層,,
RPSNMLTJJHLGFKB98CC,32,15.20,住家用,鋼筋混凝土造,83年1月20日,四層,,
RPSNMLTJJHLGFKB98CC,32,3.40,梯間、走道、水箱,鋼筋混凝土造,83年1月20日,四層,,
RPRNMLKKJHLGFAB07CC,27,91.82,住家用,鋼筋混凝土造,87年12月19日,九層,,
RPRNMLKKJHLGFAB07CC,27,12.35,共有部份,鋼筋混凝土造,87年12月19日,九層,,
RPRNMLKKJHLGFAB07CC,27,60.30,見其他登記事項,鋼筋混凝土造,87年12月19日,九層,,
RPSNMLKKJHLGFAB17CC,44,29.75,商業用,鋼筋混凝土造,71年2月16日,七層,,
RPSNMLKKJHLGFAB17CC,44,11.02,共有部份,鋼筋混凝土造,71年2月16日,七層,,
RPPNMLKKJHLGFAB86CC,43,69.98,住家用,鋼筋混凝土造,72年5月7日,五層,,
RPPNMLKKJHLGFAB86CC,43,.94,共有部分,鋼筋混凝土造,72年5月7日,五層,,
RPPNMLKKJHLGFAB86CC,43,6.99,共有部分,鋼筋混凝土造,72年5月7日,五層,,
RPQNMLKKJHLGFBB07CC,43,56.29,住家用,鋼筋混凝土造,71年12月3日,五層,,
RPQNMLKKJHLGFBB07CC,43,8.57,共有部份,鋼筋混凝土造,71年12月3日,五層,,
RPPNMLKKJHLGFCB07CC,31,103.26,住家用,鋼筋混凝土造,83年10月15日,九層,,
RPPNMLKKJHLGFDB17CC,6,63.76,集合住宅,鋼筋混凝土造,108年12月27日,十二層,,
RPPNMLKKJHLGFCB07CC,31,44.50,共有部份,鋼筋混凝土造,83年10月15日,九層,,
RPPNMLKKJHLGFDB17CC,6,69.49,本共有部分之項目有：消防機械室、發電機室、水箱、停車空間、防空避難室兼停車空間、電信室、台電配電室、公共服務空間、樓梯間、水錶室、機械室等１１項,鋼筋混凝土造,108年12月27日,十二層,,
RPPNMLKKJHLGFIB67CC,42,81.31,集合住宅,鋼筋混凝土造,73年2月10日,四層,,
RPPNMLKKJHLGFIB67CC,42,10.60,共用部份,鋼筋混凝土造,73年2月10日,四層,,
RPPNMLKKJHLGFBB96CC,5,18.00,集合住宅,鋼筋混凝土造,109年11月17日,十九層,,
RPPNMLKKJHLGFBB96CC,5,43.39,本共有部分係依使用執照之建築概要表記載項目有：停車空間，汙水機房，雨水機房，消防機房，安全梯，水箱，排煙室，機械室，梯廳，電梯間，電信室，消防中繼機房，防空避難室兼停車空間，台電配電室，緊急發電機室，消防中繼水箱室等１６項,鋼筋混凝土造,109年11月17日,十九層,,
RPPNMLKKJHLGFBB96CC,5,24.99,本共有部分係依使用執照之建築概要表記載項目有：車道，梯廳，特別安全梯，安全梯，管委會使用空間，防災中心，污物處理室，排煙室，電梯間，梯間，機械室，水錶室，中繼機房，水箱等１４項,鋼筋混凝土造,109年11月17日,十九層,,
RPPNMLLKJHLGFAB96CC,47,74.40,集合住宅,鋼筋混凝土造,67年11月6日,四層,,
RPSNMLLKJHLGFAB27CC,43,17.28,住家用,鋼筋混凝土造,71年12月9日,十二層,,
RPRNMLLKJHLGFAB17CC,21,79.23,集合住宅,鋼筋混凝土造,94年6月2日,十四層,,
RPSNMLLKJHLGFAB27CC,43,6.18,共有部份,鋼筋混凝土造,71年12月9日,十二層,,
RPRNMLLKJHLGFAB17CC,21,50.54,共用,鋼筋混凝土造,94年6月2日,十四層,,
RPPNMLKKJHLGFHB57CC,47,54.00,住家用,鋼筋混凝土造,68年5月5日,六層,,
RPQNMLLKJHLGFBB17CC,20,15.94,共有部分,鋼筋混凝土造,94年12月8日,十八層,,
RPPNMLLKJHLGFBB07CC,12,66.04,住家用,鋼筋混凝土造,102年7月25日,二十二層,,
RPPNMLLKJHLGFBB07CC,12,17.72,本共有部分係依使用執照之建築概要表記載項目有：管委會使用公共設施，垃圾處理室，梯間，梯廳，梯間（排煙室，昇降機間）梯間（梯廳，排煙室，昇降機間），走廊，中繼機械室（中繼水箱），機械室，水箱等１０項,鋼筋混凝土造,102年7月25日,二十二層,,
RPPNMLLKJHLGFBB07CC,12,14.15,本共有部分係依使用執照之建築概要表記載項目有：停車空間，車道，污水機房，清水池，消防機房，機房，梯間（梯廳，排煙室，昇降機間），防空避難室兼停車空間，發電機室，電信室，台電配電室，防災中心，公共設施等１３項,鋼筋混凝土造,102年7月25日,二十二層,,
RPQNMLLKJHLGFAB07CC,35,82.49,商業用,鋼筋混凝土造,79年11月28日,十二層,,
RPTNMLLKJHLGFBB47CC,44,87.50,住家用,鋼筋混凝土造,70年10月28日,五層,,
RPQNMLLKJHLGFAB07CC,35,24.12,避難室，梯間，人行道，配電室，水塔，機械房,鋼筋混凝土造,79年11月28日,十二層,,
RPTNMLLKJHLGFBB47CC,44,7.10,共有部分,鋼筋混凝土造,70年10月28日,五層,,
RPRNMLLKJHLGFBB27CC,20,15.94,共有部分,鋼筋混凝土造,94年12月8日,十八層,,
RPUNMLLKJHLGFBB57CC,29,18.99,住家用,鋼筋混凝土造,85年8月19日,十二層,,
RPUNMLLKJHLGFBB57CC,29,10.78,共有部份,鋼筋混凝土造,85年8月19日,十二層,,
RPSNMLLKJHLGFBB37CC,20,27.90,共有部分,鋼筋混凝土造,94年12月8日,十八層,,
RPVNMLLKJHLGFBB67CC,40,189.60,住家用,鋼筋混凝土造,74年10月4日,三層,,
RPPNMLLKJHLGFEB37CC,6,81.01,集合住宅,鋼筋混凝土造,108年8月31日,六層,,
RPQNMLLKJHLGFCB27CC,29,14.15,住家用,鋼筋混凝土造,86年4月8日,十三層,,
RPPNMLLKJHLGFEB37CC,6,55.49,本共有部份係依使用執照之建築概要表記載項目有防空避難室兼停車空間、台電配電室、消防機房兼發電機室、電信室、水塔室、樓梯間、梯廳、管理委員會使用空間、垃圾集中室、水錶室、電梯機房、水箱等１２項。,鋼筋混凝土造,108年8月31日,七層,,
RPQNMLLKJHLGFCB27CC,29,8.25,共有部份,鋼筋混凝土造,86年4月8日,十三層,,
RPWNMLLKJHLGFBB77CC,1,82.34,集合住宅,鋼筋混凝土造,113年7月10日,十五層,,
RPPNMLLKJHLGFIB77CC,12,87.04,集合住宅,鋼筋混凝土造,103年5月19日,十二層,,
RPQNMLLKJHLGFKB08CC,32,16.33,住家用,鋼筋混凝土造,82年7月6日,五層,,
RPWNMLLKJHLGFBB77CC,1,29.00,本共有部份係依使用執照之建築概要表記載項目有：門廳、公共服務空間、管委會使用空間、緊急昇降機、排煙室、昇降機、戶外安全梯、梯廳、外廊、風除室、資源回收室、樓梯間、水錶室、機械室、水箱等１５項。,鋼筋混凝土造,113年7月10日,十五層,,
RPPNMLLKJHLGFIB77CC,12,69.20,本共有部分之項目有：停車空間、梯廳、樓梯間、昇降機間、消防機房、污水機房、水箱、防空避難室兼停車空間、緊急發電機室、台電配電室、受電箱室、電信室、門廳、車道、外廊、公共服務空間、廣場型開放空間〈頂蓋型〉、梯間、電梯機房、機房、沿街步道型開放空間〈頂蓋型〉、垃圾集中處等２２項。,鋼筋混凝土造,103年5月19日,十二層,,
RPRNMLLKJHLGFCB37CC,31,21.97,住家用,鋼筋混凝土造,84年4月20日,十五層,,
RPQNMLLKJHLGFKB08CC,32,5.69,樓梯間及走道、梯間,鋼筋混凝土造,82年7月6日,五層,,
RPWNMLLKJHLGFBB77CC,1,45.06,本共有部份係依使用執照之建築概要表記載項目有：停車空間、水箱、揚水泵機房、雨污水機房、消防機房、緊急昇降機、排煙室、昇降機、安全梯、機房、防空避難室兼停車空間、台電配電室、緊急發電機室、電信機房、景觀機房等１５項。,鋼筋混凝土造,113年7月10日,十五層,,
RPPNMLLKJHLGFCB17CC,16,37.80,共有,鋼筋混凝土造,98年8月13日,二十六層,,
RPQNMLLKJHLGFFB57CC,1,63.43,集合住宅,鋼筋混凝土造,113年12月28日,十五層,,
RPRNMLLKJHLGFCB37CC,31,10.21,共有部份,鋼筋混凝土造,84年4月20日,十五層,,
RPQNMLLKJHLGFFB57CC,1,59.90,消防機房、雨水機房、汙水機房、水景機房、停車空間、車道、樓梯間、昇降機間、水箱、防空避難室兼停車空間、台電配電室、發電機房、電信機房、人行道、社區公共設施空間、資源回收室、梯廳、排煙室、管理委員會使用空間、門廳、機械室、水錶室等２２項。,鋼筋混凝土造,113年12月28日,十五層,,
RPPNMLLKJHLGFKB97CC,32,17.79,住家用,鋼筋混凝土造,83年1月20日,四層,,
RPPNMLLKJHLGFKB97CC,32,4.00,梯間、走道、水箱,鋼筋混凝土造,83年1月20日,四層,,
RPUNMLMKJHLGFAB57CC,30,19.18,集合住宅,鋼筋混凝土造,85年5月6日,十八層,,
RPUNMLMKJHLGFAB57CC,30,3.58,共同使用,鋼筋混凝土造,85年5月6日,十八層,,
RPRNMLMKJHLGFAB27CC,44,65.30,住家用,鋼筋混凝土造,70年12月3日,七層,,
RPUNMLMKJHLGFAB57CC,30,4.03,共同使用,鋼筋混凝土造,85年5月6日,十八層,,
RPUNMLMKJHLGFAB57CC,30,.96,共同使用,鋼筋混凝土造,85年5月6日,十八層,,
RPUNMLMKJHLGFAB57CC,30,1.63,共同使用,鋼筋混凝土造,85年5月6日,十八層,,
RPWNMLMKJHLGFAB77CC,42,95.10,住家用,鋼筋混凝土造,72年7月21日,五層,,
RPSNMLMKJHLGFAB37CC,34,22.96,住家用,鋼筋混凝土造,81年2月19日,五層,,
RPWNMLMKJHLGFAB77CC,42,2.21,共有部分,鋼筋混凝土造,72年7月21日,五層,,
RPSNMLMKJHLGFAB37CC,34,10.91,水箱，機械室，避難室，梯間,鋼筋混凝土造,81年2月19日,五層,,
RPPNMLLKJHLGFFB47CC,3,103.64,集合住宅,鋼筋混凝土造,111年12月26日,十五層,,
RPPNMLLKJHLGFFB47CC,3,45.67,資源回收空間、管理委員會使用空間、入口梯廳（門廳）、電梯間、樓梯間、人行道、停車空間、台電配電室、車道、緊急發電機機房、管道機房、排氣管道間、防空避難室兼停車空間、機電設備空間、生活汙水機房、消防設備機房、蓄水池,鋼筋混凝土造,111年12月26日,十五層,,
RPPNMLLKJHLGFFB47CC,3,19.99,電梯間、樓梯間、梯廳、水錶置放區、昇降機機房、水塔,鋼筋混凝土造,111年12月26日,十五層,,
RPTNMLMKJHLGFAB47CC,31,117.67,住家用,鋼筋混凝土造,83年12月29日,十二層,,
RPTNMLMKJHLGFAB47CC,31,26.80,防空避難室．樓梯間,鋼筋混凝土造,83年12月29日,十二層,,
RPTNMLMKJHLGFAB47CC,31,3.66,共有部分,鋼筋混凝土造,83年12月29日,十二層,,
RPROMLMKJHLGFAB37CC,29,34.77,集合住宅,鋼筋混凝土造,85年6月28日,五層,,
RPROMLMKJHLGFAB37CC,29,11.15,共同使用,鋼筋混凝土造,85年6月28日,五層,,
RPXOMLMKJHLGFAB97CC,44,37.53,住家用,鋼筋混凝土造,70年9月11日,七層,,
RPUOMLMKJHLGFAB67CC,31,22.65,住家用,鋼筋混凝土造,84年1月13日,十九層,,
RPUOMLMKJHLGFAB67CC,31,3.79,共有部分,鋼筋混凝土造,84年1月13日,十九層,,
RPUOMLMKJHLGFAB67CC,31,9.85,梯間．水箱．機械室,鋼筋混凝土造,84年1月13日,十九層,,
RPTOMLMKJHLGFAB57CC,27,81.53,住家用,鋼筋混凝土造,88年2月8日,十四層,,
RPTOMLMKJHLGFAB57CC,27,74.01,共有部分,鋼筋混凝土造,88年2月8日,十四層,,
RPWOMLMKJHLGFAB87CC,31,85.71,住家用,鋼筋混凝土造,84年1月9日,七層,,
RPWOMLMKJHLGFAB87CC,31,20.52,梯間、停車空間、水箱、防空避難室、機械室,鋼筋混凝土造,84年1月9日,七層,,
RPOOMLMKJHLGFAB07CC,31,22.65,住家用,鋼筋混凝土造,84年1月13日,十九層,,
RPOOMLMKJHLGFAB07CC,31,3.79,共有部分,鋼筋混凝土造,84年1月13日,十九層,,
RPOOMLMKJHLGFAB07CC,31,9.85,梯間．水箱．機械室,鋼筋混凝土造,84年1月13日,十九層,,
RPPPMLMKJHLGFAB27CC,43,90.02,住家用,鋼筋混凝土造,72年6月22日,五層,,
RPSOMLMKJHLGFAB47CC,44,85.68,住家用,鋼筋混凝土造,71年2月25日,五層,,
RPOPMLMKJHLGFAB17CC,30,22.84,集合住宅,鋼骨鋼筋混凝土造,85年5月20日,十九層,,
RPPOMLMKJHLGFAB17CC,57,13.14,住家用,見其他登記事項,57年12月4日,二層,,
RPOPMLMKJHLGFAB17CC,30,4.89,共同使用,鋼骨鋼筋混凝土造,85年5月20日,十九層,,
RPSNMLMKJHLGFBB47CC,5,77.55,集合住宅,鋼筋混凝土造,109年11月24日,十二層,,
RPOPMLMKJHLGFAB17CC,30,6.02,共同使用,鋼骨鋼筋混凝土造,85年5月20日,十九層,,
RPSNMLMKJHLGFBB47CC,5,83.20,本共有部分係依使用執照之建築概要表記載項目有：停車空間、消防機房、水箱、安全梯、昇降機道、車道、景觀機房、梯廳、機房、發電機房、防空避難室兼停車空間、台電配電室、電信室、管委會空間、資源回收室、樓梯間、電梯機房、水箱室等１８項。,鋼筋混凝土造,109年11月24日,十二層,,
RPXNMLMKJHLGFAB87CC,31,18.98,住家用,鋼筋混凝土造,84年1月13日,十九層,,
RPXNMLMKJHLGFAB87CC,31,2.93,共有部分,鋼筋混凝土造,84年1月13日,十九層,,
RPVOMLMKJHLGFAB77CC,15,23.21,人行道、店鋪、停車空間、辦公室、住宅、樓梯間,鋼筋混凝土造,99年12月30日,四層,,
RPXNMLMKJHLGFAB87CC,31,7.19,梯間．水箱．機械室,鋼筋混凝土造,84年1月13日,十九層,,
RPUPMLMKJHLGFAB77CC,30,19.15,集合住宅,鋼筋混凝土造,85年5月6日,十八層,,
RPQPMLMKJHLGFAB37CC,30,134.77,店舖．人行道．自用倉庫,鋼筋混凝土造,84年12月28日,十三層,,
RPRNMLMKJHLGFBB37CC,31,40.96,住家用,鋼筋混凝土造,83年8月15日,十二層,,
RPUPMLMKJHLGFAB77CC,30,3.92,共同使用,鋼筋混凝土造,85年5月6日,十八層,,
RPRNMLMKJHLGFBB37CC,31,24.37,共有部分,鋼筋混凝土造,83年8月15日,十二層,,
RPUPMLMKJHLGFAB77CC,30,4.42,共同使用,鋼筋混凝土造,85年5月6日,十八層,,
RPUPMLMKJHLGFAB77CC,30,1.06,共同使用,鋼筋混凝土造,85年5月6日,十八層,,
RPUPMLMKJHLGFAB77CC,30,1.66,共同使用,鋼筋混凝土造,85年5月6日,十八層,,
RPRPMLMKJHLGFAB47CC,32,21.81,住家用,鋼筋混凝土造,83年6月15日,五層,,
RPQNMLMKJHLGFBB27CC,31,36.96,住家用,鋼筋混凝土造,83年12月10日,十六層,,
RPRPMLMKJHLGFAB47CC,32,2.29,共有部份,鋼筋混凝土造,83年6月15日,五層,,
RPQNMLMKJHLGFBB27CC,31,.00,共有部分,鋼筋混凝土造,83年12月10日,十六層,,
RPQNMLMKJHLGFBB27CC,31,6.92,共有部分,鋼筋混凝土造,83年12月10日,十六層,,
RPQOMLMKJHLGFAB27CC,29,25.30,住家用,鋼骨造,86年1月31日,二十八層,,
RPQNMLMKJHLGFBB27CC,31,.00,共有部分,鋼筋混凝土造,83年12月10日,十六層,,
RPQOMLMKJHLGFAB27CC,29,.92,共同使用,鋼骨造,86年1月31日,二十八層,,
RPTPMLMKJHLGFAB67CC,9,87.21,集合住宅,鋼筋混凝土造,105年7月19日,十四層,,
RPQNMLMKJHLGFBB27CC,31,.00,共有部分,鋼筋混凝土造,83年12月10日,十六層,,
RPQOMLMKJHLGFAB27CC,29,7.69,公共設施,鋼骨造,86年1月31日,二十八層,,
RPQNMLMKJHLGFBB27CC,31,.00,共有部分,鋼筋混凝土造,83年12月10日,十六層,,
RPTPMLMKJHLGFAB67CC,9,27.59,本共有部分係依使用執照之建築概要表記載項目有：停車空間、消防機械室、車道、蓄水池、特別安全梯、緊急昇降機、行動不便者昇降機、水箱室、排煙室、樓梯、梯間、行動不便者樓梯、發電機室、戶外安全梯、機械室、台電配電室、防空避難室兼停車空間、電信室、垃圾儲存空間、梯廳、公共服務空間（大廳、閱覽室、健身房、會客區）等２１項。,鋼筋混凝土造,105年7月19日,十四層,,
RPQOMLMKJHLGFAB27CC,29,3.48,共有部分,鋼骨造,86年1月31日,二十八層,,
RPQNMLMKJHLGFBB27CC,31,.00,共有部分,鋼筋混凝土造,83年12月10日,十六層,,
RPTPMLMKJHLGFAB67CC,9,15.09,本共有部分係依使用執照之建築概要表記載項目有：行動不便者昇降機、緊急昇降機、排煙室、行動不便者樓梯、戶外安全梯、梯廳等６項。,鋼筋混凝土造,105年7月19日,十四層,,
RPQNMLMKJHLGFBB27CC,31,.00,共有部分,鋼筋混凝土造,83年12月10日,十六層,,
RPQNMLMKJHLGFBB27CC,31,3.04,共有部分,鋼筋混凝土造,83年12月10日,十六層,,
RPQNMLMKJHLGFBB27CC,31,.00,共有部分,鋼筋混凝土造,83年12月10日,十六層,,
RPQNMLMKJHLGFBB27CC,31,.00,共有部分,鋼筋混凝土造,83年12月10日,十六層,,
RPVNMLMKJHLGFBB77CC,2,32.80,集合住宅,鋼筋混凝土造,112年11月27日,七層,,
RPVNMLMKJHLGFBB77CC,2,19.35,本共有部分係依使用執照之建築概要表記載項目有：水箱間，台電配電室，消防機房，電信機房，受電箱室，防空避難室兼停車空間，安全梯間，無障礙電梯，人行道，梯廳，停車空間，管委會空間，儲藏室、水箱等１４項,鋼筋混凝土造,112年11月27日,七層,,
RPUNMLMKJHLGFBB67CC,5,86.84,集合住宅,鋼筋混凝土造,109年8月20日,十五層,,
RPUNMLMKJHLGFBB67CC,5,66.37,本共有部分係依使用執照之建築概要表記載項目有：防空避難室兼停車空間，樓梯間，昇降機間，水箱，消防機房，排煙室，雨水機房，停車空間，梯廳，電信室，台電配電室，電錶室，車道，機械室，門廳，頂蓋型開放空間，走廊，水錶箱室，公共服務空間，資源回收中心，電梯機房，發電機房等２２項,鋼筋混凝土造,109年8月20日,十五層,,
RPPNMLMKJHLGFCB27CC,30,81.51,集合住宅,鋼筋混凝土造,85年6月15日,十二層,,
RPPNMLMKJHLGFCB27CC,30,48.84,共同使用,鋼筋混凝土造,85年6月15日,十二層,,
RPXNMLMKJHLGFCB08CC,46,9.60,住商用,鋼筋混凝土造,68年10月8日,三層,,
RPVNMLMKJHLGFCB87CC,31,16.49,住家用,鋼筋混凝土造,84年2月20日,十三層,,
RPVNMLMKJHLGFCB87CC,31,3.70,住家用,鋼筋混凝土造,84年2月20日,十三層,,
RPVNMLMKJHLGFCB87CC,31,4.60,共同使用,鋼筋混凝土造,84年2月20日,十三層,,
RPRNMLMKJHLGFCB47CC,7,224.17,店舖、人行道,鋼骨鋼筋混凝土造,108年5月15日,三十二層,,
RPRNMLMKJHLGFCB47CC,7,215.12,本共有部分係依使用執照之建築概要表記載項目有：防空避難室兼停車空間、台電管道間、排煙室、電信機房、機電設備空間、排氣機房、梯廳、停車空間、進氣機房、電氣室、自來水過濾機房、消防泵浦室、生活水箱、雨水過濾設備機房、人行道、管理委員會使用空間、車道、防災中心、排煙室兼梯廳、台電配電室、發電機室、機車停車區、游泳池、中繼消防機房、樓電梯間、電梯機房、樓梯間、水錶室、排煙機房、消防水箱、送風機房、進風排煙機房、預留游泳池水箱、頂蓋型開放空間兼騎樓、走廊、游泳機房、屋頂水箱等三十七項。,鋼骨鋼筋混凝土造,108年5月15日,三十二層,,
RPQOMLMKJHLGFCB47CC,46,10.46,住商用,鋼筋混凝土造,68年10月8日,三層,,
RPSNMLMKJHLGFCB57CC,36,189.36,住商用,鋼筋混凝土造,78年8月24日,三層,,
RPTNMLMKJHLGFCB67CC,,51.01,集合住宅,鋼骨鋼筋混凝土造、鋼筋混凝土造,114年8月11日,二十九層,,
RPTNMLMKJHLGFBB57CC,12,63.45,住家用,鋼筋混凝土造,102年7月25日,二十二層,,
RPTNMLMKJHLGFCB67CC,,60.35,本共有部分係依使用執照之建築物概要表記載項目有：停車空間、消防機房、污水機房、水箱、車道、梯廳、排煙室、樓梯間、無障礙電梯、緊急昇降機電梯、電梯、消防中繼機房、電信室、防空避難室兼停車空間、防災中心、台電配電室、發電機房、垃圾集中室、管委會使用空間、外廊、機械室、電梯機房等２２項。,鋼骨鋼筋混凝土造、鋼筋混凝土造,114年8月11日,二十九層,,
RPTNMLMKJHLGFBB57CC,12,17.07,本共有部分係依使用執照之建築概要表記載項目有：管委會使用公共設施，垃圾處理室，梯間，梯廳，梯間（排煙室，昇降機間）梯間（梯廳，排煙室，昇降機間），走廊，中繼機械室（中繼水箱），機械室，水箱等１０項,鋼筋混凝土造,102年7月25日,二十二層,,
RPTNMLMKJHLGFBB57CC,12,13.62,本共有部分係依使用執照之建築概要表記載項目有：停車空間，車道，污水機房，清水池，消防機房，機房，梯間（梯廳，排煙室，昇降機間），防空避難室兼停車空間，發電機室，電信室，台電配電室，防災中心，公共設施等１３項,鋼筋混凝土造,102年7月25日,二十二層,,
RPQNMLMKJHLGFCB37CC,34,61.95,住家用,鋼筋混凝土造,81年1月29日,七層,,
RPQNMLMKJHLGFCB37CC,33,14.86,共有部份,鋼筋混凝土造,82年1月29日,七層,,
RPROMLMKJHLGFCB57CC,46,15.11,住商用,鋼筋混凝土造,68年10月8日,三層,,
RPPOMLMKJHLGFCB37CC,46,13.50,住商用,鋼筋混凝土造,68年10月8日,三層,,
RPSPMLMKJHLGFCB77CC,46,17.31,住商用,鋼筋混凝土造,68年10月8日,三層,,
RPTPMLMKJHLGFCB87CC,46,20.70,住商用,鋼筋混凝土造,68年10月8日,三層,,
RPPPMLMKJHLGFCB47CC,46,13.42,住商用,鋼筋混凝土造,68年10月8日,三層,,
RPUOMLMKJHLGFCB87CC,46,9.60,住商用,鋼筋混凝土造,68年10月8日,三層,,
RPOOMLMKJHLGFCB27CC,46,11.58,住商用,鋼筋混凝土造,68年10月8日,三層,,
RPOPMLMKJHLGFCB37CC,34,76.09,住家用,鋼筋混凝土造,81年1月28日,七層,,
RPOPMLMKJHLGFCB37CC,34,7.91,共有部分,鋼筋混凝土造,81年1月28日,七層,,
RPOPMLMKJHLGFCB37CC,34,7.72,共有部分,鋼筋混凝土造,81年1月28日,七層,,
RPTOMLMKJHLGFCB77CC,46,15.11,住商用,鋼筋混凝土造,68年10月8日,三層,,
RPUPMLMKJHLGFCB97CC,38,120.32,住家用,鋼筋混凝土造,77年1月17日,二層,,
RPQPMLMKJHLGFCB57CC,46,12.99,住商用,鋼筋混凝土造,68年10月8日,三層,,
RPRPMLMKJHLGFCB67CC,46,19.23,住商用,鋼筋混凝土造,68年10月8日,三層,,
RPWPMLMKJHLGFCB18CC,46,17.31,住商用,鋼筋混凝土造,68年10月8日,三層,,
RPVPMLMKJHLGFCB08CC,46,9.96,住商用,鋼筋混凝土造,68年10月8日,三層,,
RPXPMLMKJHLGFCB28CC,46,10.80,住商用,鋼筋混凝土造,68年10月8日,三層,,
RPOQMLMKJHLGFCB47CC,46,9.00,住商用,鋼筋混凝土造,68年10月8日,三層,,
RPPQMLMKJHLGFCB57CC,32,16.07,住家用,鋼筋混凝土造,83年6月4日,七層,,
RPPQMLMKJHLGFCB57CC,32,7.78,共有部份,鋼筋混凝土造,83年6月4日,七層,,
RPQQMLMKJHLGFCB67CC,8,51.00,集合住宅,鋼筋混凝土造,107年1月29日,十二層,,
RPSQMLMKJHLGFCB87CC,19,20.33,住家用,鋼筋混凝土造,96年5月22日,十五層,,
RPSQMLMKJHLGFCB87CC,19,16.25,共用,鋼筋混凝土造,96年5月22日,十五層,,
RPQQMLMKJHLGFCB67CC,8,16.41,本共有部份係依使用執照之建築概要表記載項目有：管委會使用空間、行動不便電梯、電梯、樓梯間、排煙室、梯廳、門廳、緊急升降電梯、外廊、管道間、水錶室、機械室、子母水箱等１３項。,鋼筋混凝土造,107年1月29日,十二層,,
RPQQMLMKJHLGFCB67CC,8,40.62,本共有部份係依使用執照之建築概要表記載項目有：梯廳、停車空間、消防機房、樓梯間、行動不便電梯、電梯、雨水汙水機械室、水箱、車道、陸上型揚水泵、泳池水箱、機械室、電信室、機房、防空避難室兼停車空間、機車停車空間、垃圾集中室、台電配電室、電錶室、受電室、發電機室等２１項。,鋼筋混凝土造,107年1月29日,十二層,,
RPRQMLMKJHLGFCB77CC,45,60.71,住家用,鋼筋混凝土造,70年3月17日,五層,,
RPQNMLMKJHLGFFB67CC,1,57.22,集合住宅,鋼筋混凝土造,114年3月2日,十一層,,
RPQNMLMKJHLGFFB67CC,1,12.32,電梯間、樓梯間、梯廳等３項,鋼筋混凝土造,114年3月2日,十一層,,
RPQNMLMKJHLGFFB67CC,1,56.73,停車空間、水箱、電梯間、樓梯間、消防機房、污水機房、排氣機房、發電機室、停車空間兼防空避難室、台電配電室、電信室、管委會空間、梯廳、水錶區、電梯機房等１５項,鋼筋混凝土造,114年3月2日,十一層,,
RPQNMLMKJHLGFDB47CC,36,95.42,住家用,鋼筋混凝土造,78年10月12日,二層,,
RPTNMLMKJHLGFFB97CC,20,26.44,停車空間、住宅,鋼筋混凝土造,95年3月20日,四層,,
RPPNMLMKJHLGFFB57CC,1,56.99,集合住宅,鋼筋混凝土造,114年6月6日,二十八層,,
RPPNMLMKJHLGFFB57CC,1,15.43,排煙室、昇降機、無障礙安全梯、特別安全梯、無障礙樓梯、梯廳兼排煙室、梯廳、管委會空間、中繼機房、中繼水箱、電梯間、水錶室、樓梯間、電梯機房、機電空間、水箱、安全梯、水箱機房、消防水箱等１９項,鋼筋混凝土造,114年6月6日,二十八層,,
RPPNMLMKJHLGFFB57CC,1,37.90,消防機房、雨水回收機房、車道、機房、水箱、停車空間、進風管道、公共水箱、防空避難室兼停車空間、台電配電室、發電機房、泳池水箱、公共電氣室、機車車道、管委會使用空間、昇降機、大廳、梯廳、警衛室、儲藏室、風除室、排風機房、防災中心、電信室、垃圾暫存室、附屬社區共用空間、附屬共用廚房、機電設備空間、電梯間、設備空間、泳池機房、景觀機房、游泳池、管委會空間、樓電梯間、機電空間、樓梯間等３７項,鋼筋混凝土造,114年6月6日,二十八層,,
RPWNMLMKJHLGFFB28CC,1,58.81,集合住宅,鋼筋混凝土造,113年10月11日,二十二層,,
RPRNMLMKJHLGFFB77CC,14,184.60,住宅、樓梯間,鋼筋混凝土造,100年8月2日,三層,,
RPWNMLMKJHLGFIB58CC,23,11.57,住房．店舖．梯間．停車空間．機電設備空間．門廊．儲藏室,鋼筋混凝土造,92年5月29日,四層,,
RPWNMLMKJHLGFFB28CC,1,54.96,防空避難室兼停車空間、排煙室、樓梯間、一般昇降機、緊急昇降機、消防機房、污水機房、雨水機房、Ａ梯水箱、Ｂ梯水箱、車道、梯廳、停車空間、機房、台電配電室、電信室、緊急發電機室、消防中繼機房、防災中心、管委會使用空間、外廊、資源回收室、門廳兼梯廳、無障礙廁所、機車停車區、水錶箱室、梯間、水箱、電梯機房等２９項。,鋼筋混凝土造,113年10月11日,二十二層,,
RPVNMLMKJHLGFFB18CC,1,69.28,集合住宅,鋼筋混凝土造,113年12月16日,二十四層,,
RPVNMLMKJHLGFFB18CC,1,59.17,防空避難室兼停車空間、排煙室、水箱、一般昇降機、消防機械室、汙雨水機械室、安全梯、緊急昇降機、車道、停車空間、台電配電室、機械室、發電機室、泳池機械室、電表區、消防中繼水箱、消防中繼機房、電信室、梯廳、門廳、垃圾暫存空間、管委會使用空間、機車停車區、特別安全梯、防災中心、走廊、水錶室、電梯機房等２８項。,鋼筋混凝土造,113年12月16日,二十四層,,
RPUNMLMKJHLGFIB38CC,17,25.94,集合住宅,ＲＣ造、鋼骨造,98年1月20日,十三層,,
RPOOMLMKJHLGFIB87CC,4,60.86,集合住宅,鋼筋混凝土造,111年2月23日,十五層,,
RPPNMLMKJHLGFIB87CC,34,156.27,住家用,鋼筋混凝土造,80年9月10日,四層,,
RPOOMLMKJHLGFIB87CC,4,29.33,防空避難室兼停車空間、台電配電室、車道、排煙室、昇降機間、樓梯間、水箱、電表區、發電機室、電信室、停車空間、機房、消防機房、外廊、管委會空間、梯廳、資源回收室、門廳、梯間、水錶室、機械室等２１項。,鋼筋混凝土造,111年2月23日,十五層,,
RPOOMLMKJHLGFIB87CC,4,.21,共有部分：雨／污水機械室、管委會空間、資源回收室等３項。,鋼筋混凝土造,111年2月23日,十五層,,
RPVNMLMKJHLGFIB48CC,23,11.90,住房．店舖．梯間．停車空間．機電設備空間．門廊．儲藏室,鋼筋混凝土造,92年5月29日,四層,,
RPXNMLMKJHLGFFB38CC,1,49.44,集合住宅,鋼筋混凝土造,114年6月6日,二十八層,,
RPXNMLMKJHLGFFB38CC,1,13.28,排煙室、昇降機、無障礙安全梯、特別安全梯、無障礙樓梯、梯廳兼排煙室、梯廳、管委會空間、中繼機房、中繼水箱、電梯間、水錶室、樓梯間、電梯機房、機電空間、水箱、安全梯、水箱機房、消防水箱等１９項,鋼筋混凝土造,114年6月6日,二十八層,,
RPQNMLMKJHLGFIB97CC,10,16.92,集合住宅,鋼筋混凝土造,105年1月27日,九層,,
RPRNMLMKJHLGFIB08CC,8,85.69,集合住宅,鋼筋混凝土造,106年12月25日,七層,,
RPXNMLMKJHLGFFB38CC,1,36.20,消防機房、雨水回收機房、車道、機房、水箱、停車空間、進風管道、公共水箱、防空避難室兼停車空間、台電配電室、發電機房、泳池水箱、公共電氣室、機車車道、管委會使用空間、昇降機、大廳、梯廳、警衛室、儲藏室、風除室、排風機房、防災中心、電信室、垃圾暫存室、附屬社區共用空間、附屬共用廚房、機電設備空間、電梯間、設備空間、泳池機房、景觀機房、游泳池、管委會空間、樓電梯間、機電空間、樓梯間等３７項,鋼筋混凝土造,114年6月6日,二十八層,,
RPQNMLMKJHLGFIB97CC,10,15.22,本共有部分之項目有防空避難室兼停車空間、停車空間（汽車升降機械道）、電信室、水箱、甲、乙安全梯、電梯梯廳、台電配電室、牌樓、消防機房兼發電機室、人行道、管委會空間、停車空間（含車道、汽車升降機）、走廊、樓梯間等１４項,鋼筋混凝土造,105年1月27日,九層,,
RPRNMLMKJHLGFIB08CC,8,68.16,本共有部分之項目有：防空避難室兼停車空間、水箱、消防機房、車道、污水池與滯洪池共用機房、機械室排氣機機房、昇降機間、樓梯間、梯廳、台電配電室、發電機室、電信機房、電錶室、機車停車間、管委會空間、門廳、梯間、機房等１８項,鋼筋混凝土造,106年12月25日,七層,,
RPSNMLMKJHLGFIB18CC,10,15.08,集合住宅,鋼筋混凝土造,105年1月27日,九層,,
RPSNMLMKJHLGFIB18CC,10,16.44,本共有部分之項目有防空避難室兼停車空間、停車空間（汽車升降機械道）、電信室、水箱、甲、乙安全梯、電梯梯廳、台電配電室、牌樓、消防機房兼發電機室、人行道、管委會空間、停車空間（含車道、汽車升降機）、走廊、樓梯間等１４項,鋼筋混凝土造,105年1月27日,九層,,
RPSNMLMKJHLGFIB18CC,10,4.68,公共設施（設備空間）,鋼筋混凝土造,105年1月27日,九層,,
RPQNMLMKJHLGFJB08CC,17,9.09,辦公室,鋼筋混凝土造,97年7月7日,四層,,
RPRNMLMKJHLGFJB18CC,12,88.03,集合住宅,鋼筋混凝土造,103年1月6日,十四層,,
RPQNMLMKJHLGFJB08CC,17,5.26,緊急發電機、台電受電室、機械室、人行道、梯間、消防幫泵室、水箱,鋼筋混凝土造,97年7月7日,四層,,
RPRNMLMKJHLGFJB18CC,12,74.51,停車空間、排煙室、樓梯間、昇降機間、消防機房、污水機房、梯廳、車道、電梯機房、水箱、防空避難室兼停車空間、台電配電室、電錶箱室、機房、公共服務空間、梯間、垃圾集中處、門廊、電信室、機車停車區、開放空間（頂蓋型）、陽台、緊急發電機室,鋼筋混凝土造,103年1月6日,十四層,,
RPPNMLMKJHLGFJB97CC,18,9.09,辦公室,鋼筋混凝土造,97年7月7日,四層,,
RPPNMLMKJHLGFJB97CC,18,5.26,緊急發電機、台電受電室、機械室、人行道、梯間、消防幫泵室、水箱,鋼筋混凝土造,97年7月7日,四層,,
RPRNMLMKJHLGFDB57CC,46,56.92,住商用,鋼筋混凝土造,68年12月15日,四層,,
RPSNMLMKJHLGFJB28CC,10,78.74,集合住宅,鋼筋混凝土造,104年10月7日,十二層,,
RPSNMLMKJHLGFJB28CC,10,31.59,門廳、管委會使用空間、資源回收室、六米基地內通路、台電通道、水箱、車道、停車空間、防空避難室兼停車空間、梯間、梯廳、電信機室、台電配電室、發電機室、消防機房、污水機房等項,鋼筋混凝土造,104年10月7日,十二層,,
RPSNMLMKJHLGFJB28CC,10,12.50,梯廳、梯間、機械室、水箱,鋼筋混凝土造,104年10月7日,十二層,,
RPTNMLMKJHLGFJB38CC,34,93.18,集合住宅,鋼筋混凝土造,80年12月5日,五層,,
RPTNMLMKJHLGFJB38CC,34,10.74,共用部份,鋼筋混凝土造,80年12月5日,五層,,
RPRNMLMKJHLGFKB28CC,5,14.40,集合住宅,鋼筋混凝土造,109年11月11日,七層,,
RPRNMLMKJHLGFKB28CC,5,14.11,本共有部分之項目有：防空避難室兼停車空間、緊急發電機室、電信室、消防機房、蓄水池、停車空間、管委會使用空間、梯廳、樓梯間、水箱、機械室等十一項。,鋼筋混凝土造,109年11月11日,七層,,
RPQNMLMKJHLGFKB18CC,7,66.59,集合住宅,鋼筋混凝土造,108年4月2日,八層,,
RPQNMLMKJHLGFKB18CC,7,63.01,本共有部分之項目有停車空間、樓梯間、昇降機間、梯廳、水箱、消防機房、污水機房、安全梯、防空避難室間停車空間、電信室、台電配電室、緊急發電機室、門廳、６米基地內通路、管理室、管委會使用空間、車道、梯間、電梯機房等１９項,鋼筋混凝土造,108年4月2日,八層,,
RPSNMLMKJHLGFKB38CC,19,150.32,停車空間、住宅,鋼筋混凝土造,95年11月15日,四層,,
RPQNMLNKJHLGFAB27CC,53,74.80,住家用,見其他登記事項,62年5月31日,二層,,
RPXOMLNKJHLGFAB08CC,47,34.70,集合住宅,鋼筋混凝土造,68年6月9日,七層,,
RPOPMLNKJHLGFAB27CC,39,23.57,住家用,鋼筋混凝土造,76年5月21日,五層,,
RPOPMLNKJHLGFAB27CC,39,1.92,樓梯．電梯．走廊．蓄水池,鋼筋混凝土造,76年5月21日,五層,,
RPWOMLNKJHLGFAB97CC,28,80.86,住家用,鋼筋混凝土造,86年9月18日,二十一層,,
RPWOMLNKJHLGFAB97CC,28,16.51,共同使用,鋼筋混凝土造,86年9月18日,二十一層,,
RPWOMLNKJHLGFAB97CC,28,34.27,共有部分,鋼筋混凝土造,86年9月18日,二十一層,,
RPPOMLNKJHLGFAB27CC,50,12.56,住家用,見其他登記事項,64年9月16日,二層,,
RPXNMLNKJHLGFAB97CC,14,13.22,人行道．住宅、樓梯間、機械室,鋼筋混凝土造,100年12月1日,五層,,
RPSNMLNKJHLGFAB47CC,31,17.28,住家用,鋼筋混凝土造,84年1月13日,十九層,,
RPSNMLNKJHLGFAB47CC,31,2.68,共有部分,鋼筋混凝土造,84年1月13日,十九層,,
RPRNMLNKJHLGFAB37CC,27,85.23,住家用,鋼筋混凝土造,87年9月30日,十三層,,
RPTOMLNKJHLGFAB67CC,44,86.93,住家用,鋼筋混凝土造,70年10月23日,五層,,
RPSNMLNKJHLGFAB47CC,31,6.57,梯間．水箱．機械室,鋼筋混凝土造,84年1月13日,十九層,,
RPRNMLNKJHLGFAB37CC,27,59.39,共有部份,鋼筋混凝土造,87年9月30日,十三層,,
RPRNMLNKJHLGFAB37CC,27,23.48,共有部份,鋼筋混凝土造,87年9月30日,十三層,,
RPQOMLNKJHLGFAB37CC,1,65.31,集合住宅,鋼筋混凝土造,114年1月21日,二十二層,,
RPQOMLNKJHLGFAB37CC,1,67.03,本共有部分係依使用執照之建築概要表記載項目有：停車空間、機房、水箱、梯廳兼排煙室、安全梯、汙水機房、消防機房、電信室、消防中繼機房、防空避難室兼停車空間、機車停車空間、台電配電室、緊急發電機室、門廳、管委會使用空間、社區中心、污物處理室、梯廳、排煙室、特別安全梯、防災中心、水錶室、中繼消防機房、機械室、梯間、外廊等２６項,鋼筋混凝土造,114年1月21日,二十二層,,
RPOOMLNKJHLGFAB17CC,33,22.57,住家用,鋼筋混凝土造,82年5月1日,七層,,
RPOOMLNKJHLGFAB17CC,33,10.94,共有部份,鋼筋混凝土造,82年5月1日,七層,,
RPUOMLNKJHLGFAB77CC,31,79.35,住家用,鋼筋混凝土造,83年7月2日,十三層,,
RPUOMLNKJHLGFAB77CC,31,18.53,防空避難室．停車空間．機械室．水塔．梯間．受電室,鋼筋混凝土造,83年7月2日,十三層,,
RPQPMLNKJHLGFAB47CC,47,29.87,集合住宅,鋼筋混凝土造,68年4月2日,七層,,
RPVOMLNKJHLGFAB87CC,27,83.03,住家用,鋼筋混凝土造,87年9月30日,十二層,,
RPTNMLNKJHLGFAB57CC,37,19.16,住家用,鋼筋混凝土造,78年6月9日,七層,,
RPVOMLNKJHLGFAB87CC,27,22.70,共有部份,鋼筋混凝土造,87年9月30日,十三層,,
RPTNMLNKJHLGFAB57CC,37,7.26,人行道，梯間，機械房，水箱，配電室，走道,,78年6月9日,七層,,
RPSOMLNKJHLGFAB57CC,44,86.93,住家用,鋼筋混凝土造,70年10月23日,五層,,
RPUNMLNKJHLGFAB67CC,43,106.52,住家用,鋼筋混凝土造,71年8月4日,五層,,
RPRPMLNKJHLGFAB57CC,30,220.50,集合住宅,鋼筋混凝土造,85年3月28日,七層,,
RPVNMLNKJHLGFAB77CC,32,30.87,住家用,鋼筋混凝土造,82年11月2日,十六層,,
RPVNMLNKJHLGFAB77CC,32,11.44,管理員辦公室、防空避難室、廣告塔、人行道、停車空間、交誼廳、水塔、機械房、梯間,鋼筋混凝土造,82年11月2日,十六層,,
RPWNMLNKJHLGFAB87CC,19,89.59,集合住宅,鋼筋混凝土造,95年12月22日,十五層,,
RPROMLNKJHLGFAB47CC,3,72.90,集合住宅,鋼筋混凝土造,112年4月26日,二十四層,,
RPWNMLNKJHLGFAB87CC,19,18.89,共用部分,鋼筋混凝土造,95年12月22日,十五層,,
RPROMLNKJHLGFAB47CC,3,40.58,本共有部分係依使用執照之建築物概要表記載項目有：防空避難室兼停車空間、一般升降機、緊急升降機、安全梯、梯廳、排煙室、水箱、機房、消防機房、雨水機房、停車空間、中繼機房、防災中心、台電配電室、緊急發電機房、電信室、受電箱區、電表區等１８項。,鋼筋混凝土造,112年4月26日,二十四層,,
RPWNMLNKJHLGFAB87CC,19,38.70,共用部分,鋼筋混凝土造,95年12月22日,十五層,,
RPROMLNKJHLGFAB47CC,3,4.26,本共有部分係依使用執照之建築物概要表記載項目有：管委會使用空間、一般升降機、緊急升降機、安全梯、排煙室、梯廳、集中式垃圾貯存空間、警衛室、停車空間等９項。,鋼筋混凝土造,112年4月26日,二十四層,,
RPROMLNKJHLGFAB47CC,3,21.22,本共有部分係依使用執照之建築物概要表記載項目有：一般升降機、緊急升降機、安全梯、梯廳、梯廳兼排煙室、機械室、樓梯間、中繼機房、水錶室、水箱等１０項。,鋼筋混凝土造,112年4月26日,二十四層,,
RPSPMLNKJHLGFAB67CC,30,220.50,集合住宅,鋼筋混凝土造,85年3月28日,七層,,
RPPNMLNKJHLGFBB27CC,30,42.55,集合住宅,鋼筋混凝土造,84年11月24日,二十四層,,
RPPNMLNKJHLGFBB27CC,30,23.34,防空避難室，停車空間，門廳，樓梯間，機械室，水箱,鋼筋混凝土造,84年11月24日,二十四層,,
RPSNMLNKJHLGFBB57CC,32,26.49,住家用,鋼筋混凝土造,83年2月7日,十八層,,
RPSNMLNKJHLGFBB57CC,32,13.38,共有部份,鋼筋混凝土造,83年2月7日,十八層,,
RPROMLNKJHLGFBB57CC,1,55.43,集合住宅,鋼筋混凝土造,114年1月16日,二十四層,,
RPOOMLNKJHLGFBB27CC,1,48.44,集合住宅,鋼筋混凝土造,113年7月18日,十八層,,
RPQNMLNKJHLGFBB37CC,32,55.75,住家用,鋼筋混凝土造,82年8月31日,十四層,,
RPOOMLNKJHLGFBB27CC,1,37.84,本共有部分係依使用執照之建築概要表記載項目有：停車空間，梯廳兼排煙室，安全梯，水箱，緊急昇降機，消防機房，車道，污水機房，無障礙電梯，防空避難室兼停車空間，台電配電室，受電室，電信室，水池機房，發電機室，特別安全梯兼無障礙樓梯，管委會使用空間，梯廳，排煙室，特別安全梯，防災中心，資源回收室，門廊，樓梯間，機房，水錶區，電梯機房等２７項。,鋼筋混凝土造,113年7月18日,十八層,,
RPQNMLNKJHLGFBB37CC,32,17.41,共有部分,鋼筋混凝土造,82年8月31日,十四層,,
RPRNMLNKJHLGFBB47CC,30,17.26,住家用,鋼筋混凝土造,84年6月26日,二十四層,,
RPROMLNKJHLGFBB57CC,1,54.49,本共有部份係依使用執照之建築概要表記載項目有：防空避難室兼停車空間，排煙室，樓梯間，一般昇降機，緊急昇降機，汙水機械室，機械室，消防機房，水箱，車道，一般安全梯，停車空間，電信室，水景機械室，戲水池機房，緊急發電機室，台電配電室，消防蓄水池，電錶室，防災中心，消防中繼機房，梯廳，公設管委會使用空間，門廳，儲藏室，管理室，特別安全梯，梯間，消防水箱，水錶箱室，電梯機房等３２項。,鋼筋混凝土造,114年1月16日,二十四層,,
RPRNMLNKJHLGFBB47CC,30,4.74,共有部份,鋼筋混凝土造,84年6月26日,二十四層,,
RPQOMLNKJHLGFBB47CC,1,87.85,集合住宅,鋼筋混凝土造,114年1月16日,二十四層,,
RPRNMLNKJHLGFBB47CC,30,3.60,共有部份,鋼筋混凝土造,84年6月26日,二十四層,,
RPSOMLNKJHLGFBB67CC,17,19.56,住家用,鋼筋混凝土造,97年11月28日,十七層,,
RPQOMLNKJHLGFBB47CC,1,71.26,本共有部份係依使用執照之建築概要表記載項目有：防空避難室兼停車空間，排煙室，樓梯間，一般昇降機，緊急昇降機，汙水機械室，機械室，消防機房，水箱，車道，一般安全梯，停車空間，電信室，水景機械室，戲水池機房，緊急發電機室，台電配電室，消防蓄水池，電錶室，防災中心，消防中繼機房，梯廳，公設管委會使用空間，門廳，儲藏室，管理室，特別安全梯，梯間，消防水箱，水錶箱室，電梯機房等３２項。,鋼筋混凝土造,114年1月16日,二十四層,,
RPSOMLNKJHLGFBB67CC,17,4.08,共有部分,鋼筋混凝土造,97年11月28日,十七層,,
RPSOMLNKJHLGFBB67CC,17,8.42,共有部分,鋼筋混凝土造,97年11月28日,十七層,,
RPTNMLNKJHLGFBB67CC,32,18.45,住家用,鋼筋混凝土造,83年4月28日,七層,,
RPTNMLNKJHLGFBB67CC,32,11.66,共有部分,鋼筋混凝土造,83年4月28日,七層,,
RPPOMLNKJHLGFBB37CC,25,70.34,住家用,鋼筋混凝土造,89年7月29日,七層,,
RPWOMLNKJHLGFBB08CC,43,47.87,住家用,鋼筋混凝土造,71年12月2日,五層,,
RPTOMLNKJHLGFBB77CC,1,84.45,集合住宅,鋼筋混凝土造,114年1月16日,二十四層,,
RPPOMLNKJHLGFBB37CC,25,20.83,共有部分,鋼筋混凝土造,89年7月29日,七層,,
RPVOMLNKJHLGFBB97CC,45,65.34,住家用,鋼筋混凝土造,69年7月30日,四層,,
RPWOMLNKJHLGFBB08CC,43,3.35,共有部分,鋼筋混凝土造,71年12月2日,五層,,
RPPOMLNKJHLGFBB37CC,25,4.24,共有部分,鋼筋混凝土造,89年7月29日,七層,,
RPTOMLNKJHLGFBB77CC,1,69.46,本共有部份係依使用執照之建築概要表記載項目有：防空避難室兼停車空間，排煙室，樓梯間，一般昇降機，緊急昇降機，汙水機械室，機械室，消防機房，水箱，車道，一般安全梯，停車空間，電信室，水景機械室，戲水池機房，緊急發電機室，台電配電室，消防蓄水池，電錶室，防災中心，消防中繼機房，梯廳，公設管委會使用空間，門廳，儲藏室，管理室，特別安全梯，梯間，消防水箱，水錶箱室，電梯機房等３２項。,鋼筋混凝土造,114年1月16日,二十四層,,
RPXNMLNKJHLGFBB08CC,29,128.77,辦公室，集合住宅,鋼筋混凝土造,86年1月27日,十二層,,
RPXNMLNKJHLGFBB08CC,29,.00,共有部分,鋼筋混凝土造,86年1月27日,十二層,,
RPXNMLNKJHLGFBB08CC,29,.00,共有部分,鋼筋混凝土造,86年1月27日,十二層,,
RPXNMLNKJHLGFBB08CC,29,.00,共有部分,鋼筋混凝土造,86年1月27日,十二層,,
RPVOMLNKJHLGFBB97CC,45,4.36,共有部分,鋼筋混凝土造,69年7月30日,四層,,
RPXNMLNKJHLGFBB08CC,29,.00,共有部分,鋼筋混凝土造,86年1月27日,十二層,,
RPXNMLNKJHLGFBB08CC,29,.00,共有部分,鋼筋混凝土造,86年1月27日,十二層,,
RPXNMLNKJHLGFBB08CC,29,.00,共有部分,鋼筋混凝土造,86年1月27日,十二層,,
RPXNMLNKJHLGFBB08CC,29,.00,共有部分,鋼筋混凝土造,86年1月27日,十二層,,
RPXNMLNKJHLGFBB08CC,29,.00,共有部分,鋼筋混凝土造,86年1月27日,十二層,,
RPUOMLNKJHLGFBB87CC,1,87.85,集合住宅,鋼筋混凝土造,114年1月16日,二十四層,,
RPXNMLNKJHLGFBB08CC,29,.00,共有部分,鋼筋混凝土造,86年1月27日,十二層,,
RPXNMLNKJHLGFBB08CC,29,6.98,共有部分,鋼筋混凝土造,86年1月27日,十二層,,
RPUOMLNKJHLGFBB87CC,1,100.00,本共有部份係依使用執照之建築概要表記載項目有：防空避難室兼停車空間，排煙室，樓梯間，一般昇降機，緊急昇降機，汙水機械室，機械室，消防機房，水箱，車道，一般安全梯，停車空間，電信室，水景機械室，戲水池機房，緊急發電機室，台電配電室，消防蓄水池，電錶室，防災中心，消防中繼機房，梯廳，公設管委會使用空間，門廳，儲藏室，管理室，特別安全梯，梯間，消防水箱，水錶箱室，電梯機房等３２項。,鋼筋混凝土造,114年1月16日,二十四層,,
RPXNMLNKJHLGFBB08CC,29,24.48,共有部分,鋼筋混凝土造,86年1月27日,十二層,,
RPUNMLNKJHLGFBB77CC,33,86.44,住家用,鋼筋混凝土造,82年6月19日,六層,,
RPUNMLNKJHLGFBB77CC,33,24.75,共有部份,鋼筋混凝土造,82年6月19日,六層,,
RPUPMLNKJHLGFAB87CC,43,18.18,住商用,鋼筋混凝土造,71年8月31日,三層,,
RPVNMLNKJHLGFBB87CC,1,64.99,集合住宅,鋼筋混凝土造,114年1月16日,二十四層,,
RPVNMLNKJHLGFBB87CC,1,59.88,本共有部份係依使用執照之建築概要表記載項目有：防空避難室兼停車空間，排煙室，樓梯間，一般昇降機，緊急昇降機，汙水機械室，機械室，消防機房，水箱，車道，一般安全梯，停車空間，電信室，水景機械室，戲水池機房，緊急發電機室，台電配電室，消防蓄水池，電錶室，防災中心，消防中繼機房，梯廳，公設管委會使用空間，門廳，儲藏室，管理室，特別安全梯，梯間，消防水箱，水錶箱室，電梯機房等３２項。,鋼筋混凝土造,114年1月16日,二十四層,,
RPTPMLNKJHLGFAB77CC,3,36.36,人行道、住宅、停車空間、樓梯間、電梯間,鋼筋混凝土造,111年12月12日,五層,,
RPOPMLNKJHLGFBB37CC,30,46.15,住家用,鋼筋混凝土造,84年8月14日,十六層,,
RPOPMLNKJHLGFBB37CC,30,.41,共有部份,鋼筋混凝土造,84年8月14日,十六層,,
RPOPMLNKJHLGFBB37CC,30,8.04,共有部份,鋼筋混凝土造,84年8月14日,十六層,,
RPOPMLNKJHLGFBB37CC,30,8.38,共有部份,鋼筋混凝土造,84年8月14日,十六層,,
RPRPMLNKJHLGFBB67CC,41,103.62,住家用,鋼筋混凝土造,74年3月12日,五層,,
RPPPMLNKJHLGFBB47CC,31,23.50,住家用,鋼筋混凝土造,84年3月8日,十三層,,
RPPPMLNKJHLGFBB47CC,31,3.67,共有部份,鋼筋混凝土造,84年3月8日,十四層,,
RPPPMLNKJHLGFBB47CC,31,7.54,共有部份,鋼筋混凝土造,84年3月8日,十四層,,
RPRNMLNKJHLGFCB57CC,30,82.49,集合住宅,鋼筋混凝土造,85年6月15日,十二層,,
RPRNMLNKJHLGFCB57CC,30,49.80,共用部份,鋼筋混凝土造,85年6月15日,十二層,,
RPPNMLNKJHLGFCB37CC,31,57.85,住家用,鋼筋混凝土造,84年5月1日,六層,,
RPVNMLNKJHLGFCB97CC,27,66.04,住家用,鋼筋混凝土造,87年11月30日,九層,,
RPPNMLNKJHLGFCB37CC,31,27.24,共用部份,鋼筋混凝土造,84年5月1日,六層,,
RPVNMLNKJHLGFCB97CC,27,43.91,共有部分,鋼筋混凝土造,87年11月30日,九層,,
RPVNMLNKJHLGFCB97CC,27,5.92,共有部分,鋼筋混凝土造,87年11月30日,九層,,
RPXNMLNKJHLGFCB18CC,8,123.88,住宅,鋼筋混凝土造，鋼骨造,106年10月12日,五層,,
RPQNMLNKJHLGFCB47CC,30,166.23,住家用,鋼筋混凝土造,85年1月19日,十四層,,
RPSNMLNKJHLGFCB67CC,31,13.99,住家用,鋼筋混凝土造,83年9月30日,十二層,,
RPWNMLNKJHLGFCB08CC,30,114.35,住家用,鋼筋混凝土造,84年8月21日,五層,,
RPQNMLNKJHLGFCB47CC,30,45.30,共有部分,鋼筋混凝土造,85年1月19日,十四層,,
RPSNMLNKJHLGFCB67CC,31,7.07,共有部分,鋼筋混凝土造,83年9月30日,十二層,,
RPWNMLNKJHLGFCB08CC,30,47.88,共有部份,鋼筋混凝土造,84年8月21日,五層,,
RPOOMLNKJHLGFCB37CC,19,31.77,住家用,鋼筋混凝土造,95年11月24日,十四層,,
RPOOMLNKJHLGFCB37CC,19,26.04,共用,鋼筋混凝土造,95年11月24日,十四層,,
RPUNMLNKJHLGFCB87CC,26,96.89,住家用,鋼筋混凝土造,88年12月22日,九層,,
RPUNMLNKJHLGFCB87CC,26,57.11,共有部分,鋼筋混凝土造,88年12月22日,九層,,
RPUOMLNKJHLGFCB97CC,33,108.03,住家用,鋼筋混凝土造,82年5月13日,十層,,
RPUOMLNKJHLGFCB97CC,33,34.46,共用部份,鋼筋混凝土造,82年5月13日,十層,,
RPROMLNKJHLGFCB67CC,46,9.30,住商用,鋼筋混凝土造,68年10月8日,三層,,
RPXOMLNKJHLGFCB28CC,28,25.32,住家用,鋼筋混凝土造,87年4月21日,五層,,
RPSOMLNKJHLGFCB77CC,46,13.42,住商用,鋼筋混凝土造,68年10月8日,三層,,
RPOPMLNKJHLGFCB47CC,4,34.04,店鋪、住宅、機械室、樓梯間、水塔室,鋼筋混凝土造,111年5月25日,五層,,
RPTOMLNKJHLGFCB87CC,46,16.80,住商用,鋼筋混凝土造,68年10月8日,三層,,
RPPOMLNKJHLGFCB47CC,46,12.30,住商用,鋼筋混凝土造,68年10月8日,三層,,
RPQOMLNKJHLGFCB57CC,46,16.40,住商用,鋼筋混凝土造,68年10月8日,三層,,
RPXOMLNKJHLGFCB28CC,28,17.62,共有部份,鋼筋混凝土造,87年4月21日,五層,,
RPPPMLNKJHLGFCB57CC,3,18.04,人行步道、店鋪、停車空間、樓梯間、機房、住宅,鋼筋混凝土造,111年10月6日,五層,,
RPWOMLNKJHLGFCB18CC,31,16.55,住家用,鋼筋混凝土造,84年2月20日,十三層,,
RPSPMLNKJHLGFCB87CC,4,21.48,店鋪、住宅、機械室、樓梯間、水塔室,鋼筋混凝土造,111年5月25日,五層,,
RPWOMLNKJHLGFCB18CC,31,3.70,住家用,鋼筋混凝土造,84年2月20日,十三層,,
RPWOMLNKJHLGFCB18CC,31,3.77,共同使用,鋼筋混凝土造,84年2月20日,十三層,,
RPRPMLNKJHLGFCB77CC,4,19.76,店鋪、住宅、機械室、樓梯間、水塔室,鋼筋混凝土造,111年5月25日,五層,,
RPQNMLNKJHLGFDB57CC,3,25.52,集合住宅,鋼筋混凝土造,112年6月13日,七層,,
RPTPMLNKJHLGFCB97CC,4,20.00,店鋪、住宅、機械室、樓梯間、水塔室,鋼筋混凝土造,111年5月25日,五層,,
RPQNMLNKJHLGFDB57CC,3,14.06,本共有部分之項目為電信室、消防機房、昇降機、人行道、安全梯、梯廳、機房、梯間、停車空間等九項。,鋼筋混凝土造,112年6月13日,七層,,
RPTNMLNKJHLGFDB87CC,36,26.40,避難室、店舖、住宅、梯間,鋼筋混凝土造,79年1月17日,六層,,
RPWNMLNKJHLGFDB18CC,24,36.97,住家用,鋼筋混凝土造,90年10月18日,十四層,,
RPWNMLNKJHLGFDB18CC,24,13.38,共有部分,鋼筋混凝土造,90年10月18日,十四層,,
RPPNMLNKJHLGFEB57CC,33,89.58,住家用,鋼筋混凝土造,81年11月1日,七層,,
RPPNMLNKJHLGFEB57CC,33,16.58,梯間、水塔、機械室、瞭望台、避難室,鋼筋混凝土造,81年11月1日,七層,,
RPVNMLNKJHLGFDB08CC,2,62.62,集合住宅,鋼筋混凝土造,113年3月13日,七層,,
RPVNMLNKJHLGFDB08CC,2,33.65,本共有部分之項目有停車空間、消防機房兼發電室、台電配電室、電信室、水箱、梯廳、梯間、管委會使用空間、資源回收室、機電設備空間、樓梯間、電梯機房等１２項,鋼筋混凝土造,113年3月13日,七層,,
RPRNMLNKJHLGFDB67CC,36,277.54,住家用,鋼筋混凝土造,78年11月23日,二層,,
RPSNMLNKJHLGFDB77CC,8,63.95,集合住宅,鋼筋混凝土造,106年9月20日,十二層,,
RPSNMLNKJHLGFDB77CC,8,68.15,本共有部分之項目有緊急昇降機兼無障礙昇降機、一般昇降機、安全梯間、排煙室、汙水機房、揚水幫機房、停車空間、消防機械室、水箱、樓梯間、防空避難室兼停車空間、台電配電室、電信室、緊急發電機房、景觀機房、門廳、管委會使用空間、公共服務空間、梯廳、戶外安全梯間、機械室、垃圾眝存空間、水錶箱室、昇降機械室,鋼筋混凝土造,106年9月20日,十二層,,
RPSNMLNKJHLGFFB97CC,4,66.40,集合住宅,鋼筋混凝土造,110年7月17日,十五層,,
RPPNMLNKJHLGFFB67CC,1,88.13,集合住宅,鋼筋混凝土造,113年8月5日,十五層,,
RPSNMLNKJHLGFFB97CC,4,60.45,本共有部分之項目有：防空避難室兼停車空間、梯廳、水箱、消防機械室、污水機械室、揚水泵機械室、安全梯、昇降機道、停車空間、台電配電室、發電機械室、電信室、機械室、排煙室、門廳、垃圾資源回收室、管委會使用空間、車道、機車停車空間、戶外安全梯、梯間、水錶室等２２項,鋼筋混凝土造,110年7月17日,十五層,,
RPRNMLNKJHLGFFB87CC,3,57.45,集合住宅,鋼筋混凝土造,112年1月6日,十五層,,
RPPNMLNKJHLGFFB67CC,1,70.64,停車空間、消防機房、污雨水機房、水箱、排煙室、樓梯間、電梯間、安全梯、防空避難室兼停車空間、資源回收室、台電配電室、發電機房、電信機房、管理委員會使用空間、社區公共設施空間、走廊、門廳、梯廳、車道、戶外安全梯／無障礙樓梯、特別安全梯、機械室等２２項。,鋼筋混凝土造,113年8月5日,十五層,,
RPRNMLNKJHLGFFB87CC,3,53.21,防空避難室兼停車空間、車道、排煙室、一般昇降機道、緊急昇降機道、消防機房、機械室、污雨水機房、安全梯、機電設備空間、台電配電室、停車空間、發電機房、電信室、梯廳、戶外安全梯、管委會使用空間、垃圾處理室、走廊、樓梯間、水錶室、梯間、水箱、電梯機房,鋼筋混凝土造,112年1月6日,十五層,,
RPWNMLNKJHLGFFB38CC,3,57.45,集合住宅,鋼筋混凝土造,112年1月6日,十五層,,
RPWNMLNKJHLGFFB38CC,3,53.21,防空避難室兼停車空間、車道、排煙室、一般昇降機道、緊急昇降機道、消防機房、機械室、污雨水機房、安全梯、機電設備空間、台電配電室、停車空間、發電機房、電信室、梯廳、戶外安全梯、管委會使用空間、垃圾處理室、走廊、樓梯間、水錶室、梯間、水箱、電梯機房,鋼筋混凝土造,112年1月6日,十五層,,
RPUNMLNKJHLGFIB48CC,33,86.09,集合住宅,鋼筋混凝土造,82年1月5日,七層,,
RPUNMLNKJHLGFFB18CC,22,171.96,人行道、店舖、住房,鋼筋混凝土造,93年4月21日,四層,,
RPRNMLNKJHLGFIB18CC,39,64.95,店舖、住宅、梯間、人行道,加強磚造,76年4月20日,二層,,
RPUNMLNKJHLGFIB48CC,33,25.68,共有部份,鋼筋混凝土造,82年1月5日,七層,,
RPQNMLNKJHLGFIB08CC,4,56.93,集合住宅,鋼筋混凝土造,110年12月28日,十二層,,
RPTNMLNKJHLGFIB38CC,30,208.46,住家用,鋼筋混凝土造,84年11月22日,五層,,
RPTNMLNKJHLGFFB08CC,49,69.00,住家用,鋼筋混凝土造,65年8月15日,四層,,
RPQNMLNKJHLGFIB08CC,4,63.84,本共有部分之項目有停車空間、一般安全梯、雨／污水機房、消防機房、水箱、防空避難室兼停車空間、台電配電室、電信室、緊急發電機室、公共服務空間、梯廳、管委會使用空間、樓梯間、梯間、機械室、機房等十六項。,鋼筋混凝土造,110年12月28日,十二層,,
RPTNMLNKJHLGFIB38CC,30,9.60,共有部份,鋼筋混凝土造,84年11月22日,七層,,
RPWNMLNKJHLGFIB68CC,30,76.87,集合住宅,鋼筋混凝土造,84年12月1日,九層,,
RPWNMLNKJHLGFIB68CC,30,6.59,停車空間,鋼筋混凝土造,84年12月1日,九層,,
RPWNMLNKJHLGFIB68CC,30,12.08,共有部份,鋼筋混凝土造,84年12月1日,九層,,
RPPNMLNKJHLGFJB08CC,34,94.28,集合住宅,鋼筋混凝土造,81年6月20日,六層,,
RPPNMLNKJHLGFHB87CC,35,88.07,住家用,鋼筋混凝土造,80年3月27日,五層,,
RPPNMLNKJHLGFJB08CC,34,22.28,人行道、梯間、機械室、水箱、防空避難室、停車空間,鋼筋混凝土造,81年6月20日,六層,,
RPPNMLNKJHLGFHB87CC,35,8.30,共有部份,鋼筋混凝土造,80年3月27日,五層,,
RPPNMLNKJHLGFKB18CC,37,15.77,住家用,鋼筋混凝土造,77年9月10日,五層,,
RPPNMLNKJHLGFKB18CC,37,2.60,梯間及走道,鋼筋混凝土造,77年9月10日,五層,,
RPSNMLNKJHLGFJB38CC,26,13.33,住家用,鋼筋混凝土造,88年9月9日,十層,,
RPVNMLNKJHLGFJB68CC,3,45.99,集合住宅,鋼筋混凝土造,112年5月22日,十四層,,
RPSNMLNKJHLGFJB38CC,26,7.70,防空避難室兼停車空間、梯間、機械室、水箱,鋼筋混凝土造,88年9月9日,十層,,
RPVNMLNKJHLGFJB68CC,3,53.05,防空避難室兼停車空間、樓電梯間、消防設備機房、水箱、停車空間、台電配電室、水景機房、電信室、發電機械室、公共服務空間、管委會空間、汽機車道、陽台、梯廳、機械室、樓梯間、水錶室、電梯間、機房、雨水機房、污水機房。,鋼筋混凝土造,112年5月22日,十四層,,
RPTNMLNKJHLGFJB48CC,4,118.31,集合住宅,鋼筋混凝土造,111年5月30日,十五層,,
RPTNMLNKJHLGFJB48CC,4,80.96,防空避難室兼停車空間、排煙室、樓梯間、一般昇降機、緊急昇降機、消防機房、污水處理機房、機房、水箱、停車空間、緊急發電機室、台電配電室、電信室、機車停車區、浴廁、無障礙廁所、梯廳、公共服務空間、管委會空間、門廳、走廊、垃圾集中室、梯間、水錶箱室、電梯機房等２５項。,鋼筋混凝土造,111年5月30日,十五層,,
RPTNMLNKJHLGFKB58CC,37,13.00,住家用,鋼筋混凝土造,77年9月30日,三層,,
RPXNMLNKJHLGFKB98CC,32,13.05,住家用,鋼筋混凝土造,82年7月6日,五層,,
RPXNMLNKJHLGFKB98CC,32,4.54,樓梯間及走道、梯間,鋼筋混凝土造,82年7月6日,五層,,
RPRNMLNKJHLGFKB38CC,45,45.50,住家用,鋼筋混凝土造,70年5月20日,四層,,
RPSNMLNKJHLGFKB48CC,46,104.92,店舖、住宅、騎樓,加強磚造、水泥平頂、磨石地床,69年4月14日,二層,,
RPRNMLNKJHLGFJB28CC,47,9.92,住商用,加強磚造,68年5月20日,二層,,
RPQNMLNKJHLGFKB28CC,33,22.58,住家用,鋼筋混凝土造,81年10月30日,七層,,
RPQNMLNKJHLGFKB28CC,33,11.11,梯間、水塔、機械房、防空避難室、活動中心、受電室,鋼筋混凝土造,81年10月30日,七層,,
RPUNMLNKJHLGFJB58CC,2,52.76,集合住宅,鋼筋混凝土造,113年3月27日,十五層,,
RPUNMLNKJHLGFJB58CC,2,76.09,停車空間兼防空避難室、安全梯間、車道、停車空間、排煙室、台電配電室、污水機房、電錶室、水箱、消防機房、電信室、發電機房、一般昇降機、緊急昇降機、管道間、管理委員會使用空間（會客空間、資源回收室）、梯廳、排煙室兼梯廳、安全梯、儲藏室、機械室、水錶室、樓梯間、水箱、電梯機房等２５項。,鋼筋混凝土造,113年3月27日,十五層,,
RPRNMLOKJHLGFAB47CC,35,41.54,商業用,鋼筋混凝土造,79年11月28日,十二層,,
RPQNMLNKJHLGFJB18CC,50,75.74,住家用,加強磚造,65年1月25日,二層,,
RPRNMLOKJHLGFAB47CC,35,17.51,避難室，梯間，人行道，配電室，水塔，機械房,鋼筋混凝土造,79年11月28日,十二層,,
RPQNMLOKJHLGFAB37CC,32,30.87,住家用,鋼筋混凝土造,82年11月2日,十六層,,
RPQNMLOKJHLGFAB37CC,32,11.44,管理員辦公室、防空避難室、廣告塔、人行道、停車空間、交誼廳、水塔、機械房、梯間,鋼筋混凝土造,82年11月2日,十六層,,
RPUNMLNKJHLGFKB68CC,38,14.00,住家用,鋼筋混凝土造,76年12月8日,五層,,
RPSNMLOKJHLGFAB57CC,20,91.11,集合住宅,鋼筋混凝土造,94年8月8日,十二層,,
RPSNMLOKJHLGFAB57CC,20,17.34,共用,鋼筋混凝土造,94年8月8日,十二層,,
RPVNMLOKJHLGFAB87CC,27,81.53,住家用,鋼筋混凝土造,88年2月8日,十四層,,
RPVNMLOKJHLGFAB87CC,27,48.87,共有部份,鋼筋混凝土造,88年2月8日,十四層,,
RPPNMLOKJHLGFAB27CC,42,27.26,住家用,鋼筋混凝土造,72年7月30日,七層,,
RPUNMLOKJHLGFAB77CC,29,25.92,集合住宅,鋼筋混凝土造,85年8月29日,十四層,,
RPUNMLOKJHLGFAB77CC,29,25.55,共同使用,鋼筋混凝土造,85年8月29日,十四層,,
RPOOMLOKJHLGFAB27CC,25,115.83,集合住宅,鋼筋混凝土造,89年8月15日,十六層,,
RPOOMLOKJHLGFAB27CC,25,23.76,共同使用,鋼筋混凝土造,89年8月15日,十六層,,
RPOOMLOKJHLGFAB27CC,25,20.61,共同使用,鋼筋混凝土造,89年8月15日,十六層,,
RPXNMLOKJHLGFAB08CC,30,64.74,集合住宅,鋼筋混凝土造,85年1月31日,二十一層,,
RPXNMLOKJHLGFAB08CC,30,21.56,水箱，台電受電室，機械室，樓梯間，防空避難室，停車空間，人行道,鋼筋混凝土造,85年1月31日,二十一層,,
RPROMLOKJHLGFAB57CC,29,85.02,住家用,鋼筋混凝土造,86年2月4日,十七層,,
RPROMLOKJHLGFAB57CC,29,53.68,共有部份,鋼筋混凝土造,86年2月4日,十七層,,
RPQOMLOKJHLGFAB47CC,32,46.54,集合住宅,鋼筋混凝土造,83年5月26日,十三層,,
RPTOMLOKJHLGFAB77CC,47,51.30,集合住宅,鋼筋混凝土造,67年8月12日,四層,,
RPQOMLOKJHLGFAB47CC,32,13.70,樓梯間．人行道．水箱．機械房．防空避難室．停車空間,鋼筋混凝土造,83年5月26日,十三層,,
RPWOMLOKJHLGFAB08CC,31,73.09,住家用,鋼筋混凝土造,83年7月2日,十三層,,
RPWOMLOKJHLGFAB08CC,31,16.40,防空避難室．停車空間．機械室．水塔．梯間．受電室,鋼筋混凝土造,83年7月2日,十三層,,
RPSOMLOKJHLGFAB67CC,6,41.43,集合住宅,鋼筋混凝土造,108年10月7日,十五層,,
RPXOMLOKJHLGFAB18CC,44,15.39,住家用,鋼筋混凝土造,70年8月15日,十三層,,
RPSOMLOKJHLGFAB67CC,6,53.70,本共有部份係依使用執照之建築概要表記載項目有停車空間、排煙室、樓梯間、一般昇降機、緊急昇降機、汙水處理機房、消防機房、機房、水箱、車道、防空避難室兼停車空間、緊急發電機室、台電配電室、電信室、機車停車區、梯廳、無障礙廁所、門廳、垃圾集中室、公共服務空間、外廊、梯間、水錶箱室、電梯機房等二十四項。,鋼筋混凝土造,108年10月7日,十五層,,
RPUOMLOKJHLGFAB87CC,27,91.34,集合住宅,鋼筋混凝土造,88年5月18日,十六層,,
RPVOMLOKJHLGFAB97CC,51,156.89,商業用,鐵筋加強磚造,64年3月8日,三層,,
RPUOMLOKJHLGFAB87CC,27,50.12,共用,鋼筋混凝土造,88年5月18日,十六層,,
RPOPMLOKJHLGFAB37CC,35,88.22,住家用,鋼筋混凝土造,80年1月15日,十一層,,
RPQPMLOKJHLGFAB57CC,41,33.06,住家用,鋼筋混凝土造,74年5月21日,十二層,,
RPRPMLOKJHLGFAB67CC,29,53.53,住商用,鋼筋混凝土造,85年10月4日,十四層,,
RPOPMLOKJHLGFAB37CC,35,33.41,避難室、停車空間、機械房、人行道、水塔、梯間,鋼筋混凝土造,80年1月15日,十一層,,
RPPPMLOKJHLGFAB47CC,31,43.25,住家用,鋼筋混凝土造,83年9月24日,十三層,,
RPSPMLOKJHLGFAB77CC,40,9.92,住家用,鋼筋混凝土造,75年4月1日,五層,,
RPRPMLOKJHLGFAB67CC,29,4.73,共同使用,鋼筋混凝土造,85年10月4日,十四層,,
RPPPMLOKJHLGFAB47CC,31,14.21,防空避難室兼停車空間．水塔．樓梯間．機械室,鋼筋混凝土造,83年9月24日,十三層,,
RPPNMLNKJHLGFDB57DC,30,66.04,住商用,鋼筋混凝土造,85年2月2日,八層,,
RPPNMLNKJHLGFDB57DC,30,14.09,共有部份,鋼筋混凝土造,85年2月2日,八層,,
RPPNMLNKJHLGFDB57DC,30,9.95,共有部份,鋼筋混凝土造,85年2月2日,八層,,
RPPNMLOKJHLGFBB37CC,31,17.26,住家用,鋼筋混凝土造,84年6月26日,二十四層,,
RPPNMLOKJHLGFBB37CC,31,4.74,共有部分,鋼筋混凝土造,84年6月26日,二十四層,,
RPPNMLOKJHLGFBB37CC,31,3.60,共有部分,鋼筋混凝土造,84年6月26日,二十四層,,
RPPNMLOKJHLGFBB37CC,31,.00,共有部分,鋼筋混凝土造,84年6月26日,二十四層,,
RPRNMLOKJHLGFBB57CC,37,243.36,住家用,鋼筋混凝土造,78年6月26日,四層,,
RPQNMLOKJHLGFBB47CC,44,78.19,住家用,鋼筋混凝土造,70年9月9日,五層,,
RPSNMLOKJHLGFBB67CC,30,19.68,住家用,鋼筋混凝土造,84年11月24日,二十四層,,
RPSNMLOKJHLGFBB67CC,30,10.77,防空避難室，停車空間，門廳，樓梯間，機械室，水箱,鋼筋混凝土造,84年11月24日,二十四層,,
RPWNMLOKJHLGFBB08CC,2,55.66,集合住宅,鋼筋混凝土造,113年5月13日,十五層,,
RPTNMLOKJHLGFBB77CC,32,134.31,住家用,鋼筋混凝土造,82年7月15日,八層,,
RPWNMLOKJHLGFBB08CC,2,27.43,本案建物之共有項目有：停車空間、消防機械室、梯廳、雨污水機房、水箱、一般安全梯兼無障礙樓梯、防空避難室兼停車空間、台電配電室、發電機房、電信室、垃圾儲藏空間、一般安全梯間無障礙樓梯、一般安全梯、管委會空間、門廳、排煙室、緊急昇降機間、外廊、戶外安全梯兼無障礙樓梯、戶外安全梯、特別安全梯兼無障礙樓梯、樓梯間、機械室、水錶室、電梯機械室等２５項,鋼筋混凝土造,113年5月13日,十五層,,
RPTNMLOKJHLGFBB77CC,32,36.02,共有部分,鋼筋混凝土造,82年7月15日,八層,,
RPOOMLOKJHLGFBB37CC,2,53.89,集合住宅,鋼筋混凝土造,113年6月5日,十五層,,
RPVNMLOKJHLGFBB97CC,2,59.79,集合住宅,鋼筋混凝土造,113年6月5日,十五層,,
RPXNMLOKJHLGFBB18CC,42,72.90,住家用,鋼筋混凝土造,72年8月24日,五層,,
RPOOMLOKJHLGFBB37CC,2,54.15,本共有部份係依使用執照之建築概要表記載項目有：防空避難室兼停車空間，水箱，排煙室，樓梯間，緊急昇降機，一般昇降機，消防機房，雨水機房，機房，緊急發電機室，停車空間，台電配電室，電信室，機車停車空間，梯廳，機電設備空間，頂蓋型開放空間，管委會使用空間，公共服務空間，走廊，資源回收中心，游泳池，梯間，電梯機房，水錶箱室等２５項,鋼筋混凝土造,113年6月5日,十五層,,
RPUNMLOKJHLGFBB87CC,41,85.43,住家用,鋼筋混凝土造,74年5月28日,五層,,
RPVNMLOKJHLGFBB97CC,2,57.17,本共有部份係依使用執照之建築概要表記載項目有：防空避難室兼停車空間，水箱，排煙室，樓梯間，緊急昇降機，一般昇降機，消防機房，雨水機房，機房，緊急發電機室，停車空間，台電配電室，電信室，機車停車空間，梯廳，機電設備空間，頂蓋型開放空間，管委會使用空間，公共服務空間，走廊，資源回收中心，游泳池，梯間，電梯機房，水錶箱室等２５項,鋼筋混凝土造,113年6月5日,十五層,,
RPUNMLOKJHLGFBB87CC,41,3.52,共有部分,鋼筋混凝土造,74年5月28日,五層,,
RPUNMLOKJHLGFCB97CC,32,79.71,住家用,鋼筋混凝土造,83年3月3日,八層,,
RPWNMLOKJHLGFCB18CC,14,9.92,住宅、停車空間、樓梯間、值夜室,鋼筋混凝土造,101年1月19日,五層,,
RPUNMLOKJHLGFCB97CC,32,29.76,共有部份,鋼筋混凝土造,83年3月3日,八層,,
RPSNMLOKJHLGFCB77CC,14,16.53,住宅、停車空間、樓梯間、值夜室,鋼筋混凝土造,101年1月19日,五層,,
RPPOMLOKJHLGFBB47CC,2,54.33,集合住宅,鋼筋混凝土造,113年6月5日,十五層,,
RPPOMLOKJHLGFBB47CC,2,54.38,本共有部份係依使用執照之建築概要表記載項目有：防空避難室兼停車空間，水箱，排煙室，樓梯間，緊急昇降機，一般昇降機，消防機房，雨水機房，機房，緊急發電機室，停車空間，台電配電室，電信室，機車停車空間，梯廳，機電設備空間，頂蓋型開放空間，管委會使用空間，公共服務空間，走廊，資源回收中心，游泳池，梯間，電梯機房，水錶箱室等２５項,鋼筋混凝土造,113年6月5日,十五層,,
RPQOMLOKJHLGFBB57CC,30,21.04,住家用,鋼筋混凝土造,85年6月27日,二十四層,,
RPQOMLOKJHLGFBB57CC,30,1.85,共有部分,鋼筋混凝土造,85年6月27日,二十四層,,
RPQOMLOKJHLGFBB57CC,30,.60,共有部分,鋼筋混凝土造,85年6月27日,二十四層,,
RPQOMLOKJHLGFBB57CC,30,.00,共有部分,鋼筋混凝土造,85年6月27日,二十四層,,
RPQOMLOKJHLGFBB57CC,30,7.31,共有部分,鋼筋混凝土造,85年6月27日,二十四層,,
RPROMLOKJHLGFBB67CC,3,74.52,集合住宅,鋼筋混凝土造,112年2月23日,十八層,,
RPQOMLOKJHLGFBB57CC,30,.00,共有部分,鋼筋混凝土造,85年6月27日,二十四層,,
RPQOMLOKJHLGFBB57CC,30,1.23,共有部分,鋼筋混凝土造,85年6月27日,二十四層,,
RPROMLOKJHLGFBB67CC,3,26.89,本共有部分係依使用執照之建築概要表記載項目有：管理員室、管委會使用空間、排煙室、樓梯間、梯廳、儲藏空間、宅配空間、機房、噴灌機房、水錶區、水錶室、消防中繼機房、水箱、電梯機房、消防中繼水箱等１５項,鋼筋混凝土造,112年2月23日,十八層,,
RPROMLOKJHLGFBB67CC,3,42.74,本共有部分係依使用執照之建築概要表記載項目有：防空避難室兼停車空間、機車停車空間、梯間、排煙室、梯廳、機房、台電配電室、防災中心、電信室、電表室、資源回收室、澆灌機房、發電機房、水箱、公共水箱、水池機房、停車空間、消防機械室、消防中繼機房、污水雨水機房等二十項,鋼筋混凝土造,112年2月23日,十八層,,
RPPNMLOKJHLGFCB47CC,20,18.93,住家用,鋼筋混凝土造,94年12月20日,十層,,
RPPNMLOKJHLGFCB47CC,20,5.00,共用,鋼筋混凝土造,94年12月20日,十層,,
RPPNMLOKJHLGFCB47CC,20,5.57,共用,鋼筋混凝土造,94年12月20日,十層,,
RPQNMLOKJHLGFCB57CC,36,21.32,住家用,鋼筋混凝土造,79年7月5日,十二層,,
RPQNMLOKJHLGFCB57CC,36,4.85,共有部分,鋼筋混凝土造,79年7月5日,十二層,,
RPQNMLOKJHLGFCB57CC,36,5.46,共有部分,鋼筋混凝土造,79年7月5日,十二層,,
RPRNMLOKJHLGFCB67CC,6,66.31,集合住宅,鋼骨鋼筋混凝土造,109年4月10日,九層,,
RPRNMLOKJHLGFCB67CC,6,76.47,本共有部份係依使用執照之建築概要表記載項目有：防空避難室兼停車空間、停車空間、車道、安全梯、戶外安全梯間、消防機房、汙水機房、設備機房、梯廳、升降機間、台電配電室、電信室、發電機房、生活水箱、設備室、管委會使用空間、水箱、電梯機房、機械設備室、水箱室等二十項。,鋼骨鋼筋混凝土造,109年4月10日,九層,,
RPOOMLOKJHLGFCB47CC,14,9.92,住宅、停車空間、樓梯間、值夜室,鋼筋混凝土造,101年1月19日,五層,,
RPXNMLOKJHLGFCB28CC,37,15.68,住家用,鋼筋混凝土造,78年5月24日,五層,,
RPXNMLOKJHLGFCB28CC,37,5.40,共有部份,鋼筋混凝土造,78年5月24日,五層,,
RPSOMLOKJHLGFCB87CC,19,20.10,住家用,鋼筋混凝土造,96年5月22日,十五層,,
RPQOMLOKJHLGFCB67CC,29,74.48,住家用,鋼筋混凝土造,85年12月30日,五層,,
RPPOMLOKJHLGFCB57CC,28,25.32,住家用,鋼筋混凝土造,87年4月21日,五層,,
RPSOMLOKJHLGFCB87CC,19,16.10,共用,鋼筋混凝土造,96年5月22日,十五層,,
RPQOMLOKJHLGFCB67CC,29,13.87,共有部份,鋼筋混凝土造,85年12月30日,五層,,
RPPOMLOKJHLGFCB57CC,28,17.62,共有部份,鋼筋混凝土造,87年4月21日,五層,,
RPQOMLOKJHLGFCB67CC,29,5.75,共有部份,鋼筋混凝土造,85年12月30日,五層,,
RPWPMLOKJHLGFCB38CC,18,53.69,住家用,鋼筋混凝土造,96年9月27日,十三層,,
RPWPMLOKJHLGFCB38CC,18,20.29,共用,鋼筋混凝土造,96年9月27日,十三層,,
RPPNMLOKJHLGFDB57CC,29,40.99,住家用,鋼筋混凝土造,86年4月9日,九層,,
RPPNMLOKJHLGFDB57CC,29,18.78,共有部分,鋼筋混凝土造,86年4月9日,九層,,
RPPNMLOKJHLGFEB67CC,8,60.07,集合住宅,鋼筋混凝土造,107年6月28日,五層,,
RPPNMLOKJHLGFEB67CC,8,18.84,人行道、停車空間、樓梯間、電梯間、水箱,鋼筋混凝土造,107年6月28日,五層,,
RPPPMLOKJHLGFCB67CC,34,22.74,住家用,鋼筋混凝土造,80年12月6日,十二層,,
RPOPMLOKJHLGFCB57CC,16,41.83,住家用,鋼筋混凝土造,98年8月13日,二十六層,,
RPPPMLOKJHLGFCB67CC,34,15.85,共有部分,鋼筋混凝土造,80年12月6日,十二層,,
RPOPMLOKJHLGFCB57CC,16,39.36,共有,鋼筋混凝土造,98年8月13日,二十六層,,
RPQPMLOKJHLGFCB77CC,17,29.28,住家用,鋼筋混凝土造,97年12月12日,九層,,
RPOPMLOKJHLGFCB57CC,16,16.44,共有,鋼筋混凝土造,98年8月13日,二十六層,,
RPUOMLOKJHLGFCB08CC,33,88.06,住家用,鋼筋混凝土造,82年3月12日,七層,,
RPPNMLOKJHLGFFB77CC,43,80.66,集合住宅,鋼筋混凝土造,72年2月3日,五層,,
RPQPMLOKJHLGFCB77CC,17,12.45,共用,鋼筋混凝土造,97年12月12日,九層,,
RPUOMLOKJHLGFCB08CC,33,38.81,共有部分,鋼筋混凝土造,82年3月12日,七層,,
RPQPMLOKJHLGFCB77CC,17,8.06,共用,鋼筋混凝土造,97年12月12日,九層,,
RPPNMLOKJHLGFFB77CC,43,1.40,梯間、國民住宅,鋼筋混凝土造,72年2月3日,五層,,
RPWOMLOKJHLGFCB28CC,33,70.23,住家用,鋼筋混凝土造,82年2月13日,十二層,,
RPWOMLOKJHLGFCB28CC,33,11.53,共有部份,鋼筋混凝土造,82年2月13日,十六層,,
RPWOMLOKJHLGFCB28CC,33,11.55,共有部份,鋼筋混凝土造,82年2月13日,十六層,,
RPVPMLOKJHLGFCB28CC,19,72.07,住家用,鋼筋混凝土造,96年3月27日,十二層,,
RPVPMLOKJHLGFCB28CC,19,24.89,共用,鋼筋混凝土造,96年3月27日,十二層,,
RPXPMLOKJHLGFCB48CC,31,13.47,住家用,鋼筋混凝土造,83年9月8日,十三層,,
RPTOMLOKJHLGFCB97CC,1,22.82,集合住宅,鋼筋混凝土造,114年5月15日,十二層,,
RPXPMLOKJHLGFCB48CC,31,7.17,共有部份,鋼筋混凝土造,83年9月8日,十三層,,
RPRPMLOKJHLGFCB87CC,17,87.28,住家用,鋼筋混凝土造,97年11月27日,二十二層,,
RPTOMLOKJHLGFCB97CC,1,18.32,本共有部分係依使用執照之建築物概要表記載項目有：停車空間、汽車昇降機、機械室、消防幫浦室、梯廳、安全梯、昇降機間、防空避難室、電信室、台電配電場所、緊急發電機室、人行道、門廳、走道、管理委員會（會議室）、管理委員會（辦公室）、機房、樓梯間、電梯機房、水箱、蓄水池等２１項。,鋼筋混凝土造,114年5月15日,十二層,,
RPTPMLOKJHLGFCB08CC,7,43.84,集合住宅,鋼筋混凝土造,107年11月26日,十五層,,
RPRPMLOKJHLGFCB87CC,17,59.23,共用,鋼筋混凝土造,97年11月27日,二十二層,,
RPTPMLOKJHLGFCB08CC,7,39.84,本共有部分係依使用執照之建築概要表記載項目有：停車空間、車道、梯廳、一般安全梯、昇降機、進氣管道、排氣管道、消防機房、雨水機房、Ａ＋Ｂ梯水箱、電信機房、防空避難室兼停車空間、台電配電室、發電機室、洗衣間、管委會使用空間、門廳、排煙室、機車停車區、走廊等２０項。,鋼筋混凝土造,107年11月26日,十五層,,
RPTPMLOKJHLGFCB08CC,7,10.51,本共有部分係依使用執照之建築概要表記載項目有：排煙室、梯廳、特別安全梯、昇降機、緊急升降機、走廊、戶外安全梯、樓梯間、機械室、水箱等１０項。,鋼筋混凝土造,107年11月26日,十五層,,
RPOQMLOKJHLGFCB67CC,37,141.93,商業用,鋼筋混凝土造,78年1月31日,五層,,
RPQNMLOKJHLGFFB87CC,1,69.34,集合住宅,鋼筋混凝土造,113年12月16日,二十四層,,
RPOQMLOKJHLGFCB67CC,37,5.94,共用部份,鋼筋混凝土造,78年1月31日,五層,,
RPQNMLOKJHLGFFB87CC,1,59.17,防空避難室兼停車空間、排煙室、水箱、一般昇降機、消防機械室、汙雨水機械室、安全梯、緊急昇降機、車道、停車空間、台電配電室、機械室、發電機室、泳池機械室、電表區、消防中繼水箱、消防中繼機房、電信室、梯廳、門廳、垃圾暫存空間、管委會使用空間、機車停車區、特別安全梯、防災中心、走廊、水錶室、電梯機房等２８項。,鋼筋混凝土造,113年12月16日,二十四層,,
RPTNMLOKJHLGFFB18CC,1,80.41,集合住宅,鋼筋混凝土造,114年3月10日,十五層,,
RPTNMLOKJHLGFFB18CC,1,64.65,停車空間、車道、消防機房、水箱、汙水機房、排煙室、安全梯、緊急昇降機、行動不便電梯、雨水機房、防空避難室兼停車空間、台電配電場所、發電機房、電信室、儲藏室、梯廳、垃圾儲存空間、戶外安全梯、公共服務空間、管委會使用空間、外廊、梯間、機房、電梯機房等２４項。,鋼筋混凝土造,114年3月10日,十五層,,
RPRNMLOKJHLGFFB97CC,1,79.61,集合住宅,鋼筋混凝土造,114年2月21日,十層,,
RPRNMLOKJHLGFFB97CC,1,81.76,防空避難室兼停車空間、消防機械室、汙水機房、水箱、樓梯間、昇降機間、停車空間、發電機室、台電配電室、電信室、梯廳、管委會使用空間、資源回收室、水錶室、機械室等１５項,鋼筋混凝土造,114年2月21日,十層,,
RPPQMLOKJHLGFCB77CC,9,61.49,集合住宅,鋼筋混凝土造,105年12月28日,十二層,,
RPPQMLOKJHLGFCB77CC,9,66.01,本共有部分係依使用執照之建築物概要表記載項目有：停車空間、樓梯間、昇降機間、梯間、污水處理機房、消防機房、水箱、防空避難室兼停車空間、台電配電室、電信室、緊急發電機室、機車停車區、梯廳、門廳兼梯廳、門廊、廣場式頂蓋型開放空間、管委會空間、公共服務空間、資源回收室、盥洗空間、水錶箱室、電梯機房、車道等２３項,鋼筋混凝土造,105年12月28日,十二層,,
RPSNMLOKJHLGFFB08CC,3,101.93,集合住宅,鋼筋混凝土造,111年12月26日,十五層,,
RPSNMLOKJHLGFFB08CC,3,45.36,資源回收空間、管理委員會使用空間、入口梯廳（門廳）、電梯間、樓梯間、人行道、停車空間、台電配電室、車道、緊急發電機機房、管道機房、排氣管道間、防空避難室兼停車空間、機電設備空間、生活汙水機房、消防設備機房、蓄水池,鋼筋混凝土造,111年12月26日,十五層,,
RPSNMLOKJHLGFFB08CC,3,22.37,電梯間、樓梯間、梯廳、水錶置放區、昇降機機房、水塔,鋼筋混凝土造,111年12月26日,十五層,,
RPVNMLOKJHLGFFB38CC,4,76.70,集合住宅,鋼筋混凝土造,111年2月16日,十五層,,
RPVNMLOKJHLGFFB38CC,4,31.19,停車空間、防空避難室兼停車空間等２項。,鋼筋混凝土造,111年2月16日,十五層,,
RPPNMLOKJHLGFIB08CC,27,189.62,停車空間　住宅　空調機房,鋼筋混凝土造,88年5月25日,四層,,
RPQNMLOKJHLGFIB18CC,,83.82,集合住宅,鋼筋混凝土造,114年7月24日,十三層,,
RPVNMLOKJHLGFFB38CC,4,11.50,梯廳、管理委員會使用空間、大廳、外廊、風除室、廊道、車道、停車場排風管道、機車停車空間、台電配電室、電信室、電錶區、發電機房、水景機房、垃圾儲藏室、景觀機房、停車場進風管道、消防機房、雨水回收機房等１９項。,鋼筋混凝土造,111年2月16日,十五層,,
RPQNMLOKJHLGFIB18CC,,73.98,停車空間、排煙室、樓梯間、一般昇降機、緊急昇降機、汙水機房、消防機房、水箱、車道、機房、儲藏室、緊急發電機室、台電配電室、電信室、機車停車空間、梯廳、管委會使用空間、公共服務空間、垃圾集中室、門廳、水錶箱室、電梯機房等２２項。,鋼筋混凝土造,114年7月24日,十三層,,
RPUNMLOKJHLGFFB28CC,3,74.86,集合住宅,鋼筋混凝土造,111年10月6日,十五層,,
RPVNMLOKJHLGFFB38CC,4,24.84,排煙室、昇降機、緊急昇降機、特別安全梯、水箱、梯廳、廊道、機房、機械室（水錶室）、電梯機房、消防水箱、屋突水箱、水箱室等１３項。,鋼筋混凝土造,111年2月16日,十五層,,
RPUNMLOKJHLGFFB28CC,3,14.48,消防機房、機房、水箱、雨水機房、污水機房、安全梯、排風管道、電信室、防空避難室兼停車空間、台電配電室、發電機房、管委會使用空間、水景機房、泳池機房、游泳池、梯廳、風除室、外廊、大廳、警衛室等２０項,鋼筋混凝土造,111年10月6日,十五層,,
RPUNMLOKJHLGFFB28CC,3,19.49,排煙室、升降機、緊急升降機兼無障礙升降機、特別安全梯、梯廳、機房、電梯機房、水錶室、消防水箱、自來水箱等１０項,鋼筋混凝土造,111年10月6日,十五層,,
RPUNMLOKJHLGFFB28CC,3,32.71,停車空間、防空避難室兼停車空間等２項,鋼筋混凝土造,111年10月6日,十五層,,
RPWNMLOKJHLGFFB48CC,,55.92,集合住宅,鋼筋混凝土造,114年9月11日,十五層,,
RPPNMLOKJHLGFHB97CC,33,123.22,住家用,鋼筋混凝土造,81年12月11日,五層,,
RPWNMLOKJHLGFFB48CC,,50.67,防空避難室兼停車空間、梯間、機房、蓄水池、停車空間、台電配電場所、管委會空間、公共服務空間、垃圾車暫存區、外廊、廊道、昇降機機房、水箱等１３項,鋼筋混凝土造,114年9月11日,十五層,,
RPPNMLOKJHLGFHB97CC,33,46.56,梯間　突出物,鋼筋混凝土造,81年12月11日,五層,,
RPXNMLOKJHLGFFB58CC,5,170.84,住宅、停車空間、樓梯間,鋼筋混凝土造,110年1月22日,四層,,
RPOOMLOKJHLGFFB77CC,2,48.32,集合住宅,鋼筋混凝土造,113年4月17日,五層,,
RPPOMLOKJHLGFFB87CC,1,69.36,集合住宅,鋼筋混凝土造,113年12月16日,二十四層,,
RPXNMLOKJHLGFFB58CC,5,.45,電信室等１項,鋼筋混凝土造,110年1月22日,四層,,
RPOOMLOKJHLGFFB77CC,2,34.32,外廊、梯廳、昇降機間、安全梯、停車空間、樓梯間等６項,鋼筋混凝土造,113年4月17日,五層,,
RPPOMLOKJHLGFFB87CC,1,59.17,防空避難室兼停車空間、排煙室、水箱、一般昇降機、消防機械室、汙雨水機械室、安全梯、緊急昇降機、車道、停車空間、台電配電室、機械室、發電機室、泳池機械室、電表區、消防中繼水箱、消防中繼機房、電信室、梯廳、門廳、垃圾暫存空間、管委會使用空間、機車停車區、特別安全梯、防災中心、走廊、水錶室、電梯機房等２８項。,鋼筋混凝土造,113年12月16日,二十四層,,
RPTNMLOKJHLGFIB48CC,20,13.00,住宅．停車空間．梯間,鋼筋混凝土造,94年8月5日,四層,,
RPSNMLOKJHLGFIB38CC,32,67.91,集合住宅．店舖,鋼筋混凝土造,83年6月1日,十一層,,
RPSNMLOKJHLGFIB38CC,32,12.19,共有部份,鋼筋混凝土造,83年6月1日,十一層,,
RPWNMLOKJHLGFIB78CC,32,112.85,集合住宅,鋼筋混凝土造,83年6月1日,十一層,,
RPRNMLOKJHLGFJB38CC,30,73.71,集合住宅,鋼筋混凝土造,85年2月16日,八層,,
RPWNMLOKJHLGFIB78CC,32,17.37,共有部份,鋼筋混凝土造,83年6月1日,十一層,,
RPPNMLOKJHLGFJB18CC,2,92.55,集合住宅,鋼筋混凝土造,113年3月20日,十四層,,
RPXNMLOKJHLGFIB88CC,28,138.32,集合住宅,鋼筋混凝土造,86年7月5日,十二層,,
RPRNMLOKJHLGFJB38CC,30,34.10,共有部份,鋼筋混凝土造,85年2月16日,八層,,
RPRNMLOKJHLGFIB28CC,50,72.12,住家用,加強磚造,65年5月30日,二層,,
RPPNMLOKJHLGFJB18CC,2,71.43,本共有部分之項目有防空避難室兼停車空間、梯廳兼排煙室、機電設備空間、緊急昇降機道、一般昇降機道、安全梯、消防機械室兼緊急發電機室、雨水機房、台電配電室、電信室、機械室、水箱、停車空間、梯廳、排煙室、戶外安全梯、特別安全梯、車道、管委會使用空間、公共服務空間、走廊、外廊、電梯機房、水錶室及梯間等２５項,鋼筋混凝土造,113年3月20日,十四層,,
RPXNMLOKJHLGFIB88CC,28,39.58,防空避難室兼停車空間．梯間．機械房．水塔,鋼筋混凝土造,86年7月5日,十二層,,
RPOOMLOKJHLGFIB08CC,29,138.32,集合住宅,鋼筋混凝土造,86年7月5日,十二層,,
RPOOMLOKJHLGFIB08CC,29,39.58,防空避難室兼停車空間．梯間．機械房．水塔,鋼筋混凝土造,86年7月5日,十二層,,
RPQNMLOKJHLGFJB28CC,36,121.20,住家用,鋼筋混凝土造,78年7月25日,五層,,
RPQNMLOKJHLGFJB28CC,36,2.05,共有部分,鋼筋混凝土造,78年7月25日,五層,,
RPVNMLOKJHLGFIB68CC,20,13.00,住宅．停車空間．梯間,鋼筋混凝土造,94年8月5日,四層,,
RPUNMLOKJHLGFIB58CC,23,98.71,人行道．店舖,鋼筋混凝土造,92年3月13日,11,,
RPUNMLOKJHLGFIB58CC,23,19.52,停車空間．人行道．社區辦公室．集合住宅．梯間．機械房．機房．水箱,鋼筋混凝土造,92年3月13日,十二層,,
RPPNMLOKJHLGFAB37DC,28,122.24,住商用,鋼筋混凝土造,87年7月2日,十三層,,
RPPNMLOKJHLGFAB37DC,28,25.49,共有部份,鋼筋混凝土造,87年7月2日,十三層,,
RPSNMLOKJHLGFJB48CC,1,59.09,集合住宅,鋼筋混凝土造,114年6月11日,十二層,,
RPUNMLOKJHLGFJB68CC,46,110.48,住家用,加強磚造,68年8月20日,二層,,
RPSNMLOKJHLGFJB48CC,1,45.78,本共有部分之項目有：停車空間、消房機房、污水機房、排煙室、緊急昇降機、一般昇降機、安全梯間、防空避難設備空間兼停車空間、台電配電室、電信室、緊急發電機室、機電室、門廳、管委會使用空間（管理室:中央監控室）、管委會使用空間（資源回收空間、廁所）、梯廳、管委會使用空間（會議室）、走廊、水錶室、昇降機機械室、水箱等二十一項,鋼筋混凝土造,114年6月11日,十二層,,
RPQNMLOKJHLGFKB38CC,45,47.93,住家用,鋼筋混凝土造,70年5月20日,四層,,
RPPNMLOKJHLGFKB28CC,45,47.93,住家用,鋼筋混凝土造,70年5月20日,四層,,
RPTNMLOKJHLGFJB58CC,17,9.09,辦公室,鋼筋混凝土造,97年7月7日,四層,,
RPTNMLOKJHLGFJB58CC,17,5.26,緊急發電機、台電受電室、機械室、人行道、梯間、消防幫泵室、水箱,鋼筋混凝土造,97年7月7日,四層,,
RPRNMLOKJHLGFKB48CC,45,49.13,住家用,鋼筋混凝土造,70年5月20日,四層,,
RPVNMLOKJHLGFJB78CC,30,81.03,集合住宅,鋼筋混凝土造,84年7月28日,十二層,,
RPSNMLOKJHLGFKB58CC,37,16.53,自用儲存室、集合住宅,鋼筋混凝土造,77年12月25日,四層,,
RPVNMLOKJHLGFJB78CC,30,16.18,避難室、人行道、梯間、機房、水箱,鋼筋混凝土造,84年7月28日,十二層,,
RPRNMLPKJHLGFAB57CC,31,74.93,住家用,鋼筋混凝土造,84年2月18日,十二層,,
RPUNMLPKJHLGFAB87CC,45,77.19,住家用,鋼筋混凝土造,69年10月18日,十層,,
RPSNMLPKJHLGFAB67CC,31,124.38,集合住宅,鋼筋混凝土造,84年4月29日,二十層,,
RPRNMLPKJHLGFAB57CC,31,23.37,停車空間，人行道，防空避難室兼停車空間，樓梯間，機械室，水塔,鋼筋混凝土造,84年2月18日,十二層,,
RPSNMLPKJHLGFAB67CC,31,24.24,梯間，機械室，水箱,鋼筋混凝土造,84年4月29日,二十層,,
RPXNMLPKJHLGFAB18CC,31,24.02,住家用,鋼筋混凝土造,84年1月13日,十九層,,
RPXPMLPKJHLGFAB38CC,30,26.45,集合住宅,鋼筋混凝土造,85年3月28日,七層,,
RPPNMLPKJHLGFAB37CC,31,70.80,住家用,鋼筋混凝土造,83年7月28日,十六層,,
RPSNMLPKJHLGFAB67CC,31,29.86,梯間，停車場，防空避難室,鋼筋混凝土造,84年4月29日,二十層,,
RPXNMLPKJHLGFAB18CC,31,3.71,共有部份,鋼筋混凝土造,84年1月13日,十九層,,
RPWNMLPKJHLGFAB08CC,1,36.50,集合住宅,鋼筋混凝土造,113年10月21日,十四層,,
RPSOMLPKJHLGFAB77CC,30,26.45,集合住宅,鋼筋混凝土造,85年3月28日,七層,,
RPUOMLPKJHLGFAB97CC,30,29.75,集合住宅,鋼筋混凝土造,85年3月28日,七層,,
RPPNMLPKJHLGFAB37CC,31,32.00,梯間、人行道、機械室、防空避難室、水箱,鋼筋混凝土造,83年7月28日,十六層,,
RPXNMLPKJHLGFAB18CC,31,9.08,梯間．水箱．機械室,鋼筋混凝土造,84年1月13日,十九層,,
RPWNMLPKJHLGFAB08CC,1,53.42,本共有部分係依使用執照之建築概要表記載項目有：停車空間、消防機房、水箱、無障礙昇降機、緊急昇降機、棑煙室、汙水機房、一般安全梯、車道、防空避難室兼信車空間、發電機房、電信室、噴灌機房、台電配電室、管委會使用空間、梯廳、戶外安全梯、管道間、樓梯間、電梯機房、水塔等二十一項。,鋼筋混凝土造,113年10月21日,十四層,,
RPPOMLPKJHLGFAB47CC,27,91.91,集合住宅,鋼筋混凝土造,88年5月19日,十六層,,
RPPOMLPKJHLGFAB47CC,27,45.42,共有部分,鋼筋混凝土造,88年5月19日,十六層,,
RPUNMLPKJHLGFAB87CC,45,4.45,走廊,鋼筋混凝土造,69年10月18日,十層,,
RPVNMLPKJHLGFAB97CC,27,87.69,住家用,鋼筋混凝土造,88年3月20日,九層,,
RPVNMLPKJHLGFAB97CC,27,8.28,共有部分,鋼筋混凝土造,88年3月20日,九層,,
RPVNMLPKJHLGFAB97CC,27,17.15,共有部分,鋼筋混凝土造,88年3月20日,九層,,
RPWOMLPKJHLGFAB18CC,30,39.67,集合住宅,鋼筋混凝土造,85年3月28日,七層,,
RPPPMLPKJHLGFAB57CC,30,49.59,集合住宅,鋼筋混凝土造,85年3月28日,七層,,
RPTOMLPKJHLGFAB87CC,32,28.39,住家用,鋼筋混凝土造,83年6月15日,十二層,,
RPTOMLPKJHLGFAB87CC,32,6.54,共有部份,鋼筋混凝土造,83年6月15日,十二層,,
RPQOMLPKJHLGFAB57CC,29,25.75,住家用,鋼骨造,86年1月31日,二十八層,,
RPQOMLPKJHLGFAB57CC,29,1.26,共同使用,鋼骨造,86年1月31日,二十八層,,
RPQNMLPKJHLGFAB47CC,4,51.31,集合住宅,鋼筋混凝土造,111年5月18日,十二層,,
RPVPMLPKJHLGFAB18CC,30,26.45,集合住宅,鋼筋混凝土造,85年3月28日,七層,,
RPQOMLPKJHLGFAB57CC,29,7.87,公共設施,鋼骨造,86年1月31日,二十八層,,
RPQNMLPKJHLGFAB47CC,4,48.67,本共有部分係依使用執照之建築概要表記載項目停車空間、消防機房、水箱、車道、丙梯、梯廳、一般昇降機、一般昇降機（行動不便）、停車空間兼防空避難室、台電配電室、發電機房、電信室、人行道、管委會空間、乙梯（安全梯）、甲梯（安全梯、行動不便）、甲梯、水錶室、機械室等十九項。,鋼筋混凝土造,111年5月18日,十二層,,
RPQOMLPKJHLGFAB57CC,29,4.73,共有部分,鋼骨造,86年1月31日,二十八層,,
RPOOMLPKJHLGFAB37CC,47,38.31,集合住宅,鋼筋混凝土造,68年4月2日,七層,,
RPOPMLPKJHLGFAB47CC,30,26.09,集合住宅,鋼骨鋼筋混凝土造,85年1月19日,二十二層,,
RPOPMLPKJHLGFAB47CC,30,2.48,樓梯間．機房．蓄水池,鋼骨鋼筋混凝土造,85年1月19日,二十二層,,
RPOPMLPKJHLGFAB47CC,30,2.77,樓梯間,鋼骨鋼筋混凝土造,85年1月19日,二十二層,,
RPOPMLPKJHLGFAB47CC,30,7.32,防空避難室兼停車空間．走道,鋼骨鋼筋混凝土造,85年1月19日,二十二層,,
RPOPMLPKJHLGFAB47CC,30,9.03,走道,鋼筋混凝土造,85年1月19日,二十二層,,
RPWPMLPKJHLGFAB28CC,30,26.45,集合住宅,鋼筋混凝土造,85年3月28日,七層,,
RPPNMLPKJHLGFBB47CC,31,32.32,住家用,鋼筋混凝土造,84年5月26日,十六層,,
RPPNMLPKJHLGFBB47CC,31,9.61,共有部分,鋼筋混凝土造,84年5月26日,十六層,,
RPPNMLPKJHLGFBB47CC,31,.00,共有部分,鋼筋混凝土造,84年5月26日,十六層,,
RPPNMLPKJHLGFBB47CC,31,12.15,共有部分,鋼筋混凝土造,84年5月26日,十六層,,
RPRNMLPKJHLGFBB67CC,53,96.50,住家用,鋼筋混凝土加強磚造,62年6月1日,二層,,
RPPNMLPKJHLGFBB47CC,31,.31,共有部分,鋼筋混凝土造,84年5月26日,十六層,,
RPPNMLPKJHLGFBB47CC,31,.00,共有部分,鋼筋混凝土造,84年5月26日,十六層,,
RPWNMLPKJHLGFBB18CC,29,170.53,停車空間，住宅，機械室，樓梯間,鋼筋混凝土造,85年11月9日,四層,,
RPWNMLPKJHLGFBB18CC,29,.00,共有部分,鋼筋混凝土造,85年11月9日,(空白),,
RPWNMLPKJHLGFBB18CC,29,.00,共有部分,鋼筋混凝土造,85年11月9日,(空白),,
RPUNMLPKJHLGFBB97CC,40,72.01,商業用,鋼筋混凝土造,75年5月15日,七層,,
RPUNMLPKJHLGFBB97CC,40,16.75,共有部分,鋼筋混凝土造,75年5月15日,七層,,
RPSOMLPKJHLGFBB87CC,31,20.52,住家用,鋼筋混凝土造,84年5月26日,十六層,,
RPOPMLPKJHLGFBB57CC,31,35.00,住家用,鋼筋混凝土造,84年6月7日,二十一層,,
RPSOMLPKJHLGFBB87CC,31,6.22,共有部分,鋼筋混凝土造,84年5月26日,十六層,,
RPOOMLPKJHLGFBB47CC,38,88.52,住家用,鋼筋混凝土造,77年2月10日,五層,,
RPOPMLPKJHLGFBB57CC,31,22.08,共有部分,鋼筋混凝土造,84年6月7日,二十一層,,
RPXOMLPKJHLGFBB38CC,40,87.30,住家用,鋼筋混凝土造,74年10月24日,十層,,
RPSOMLPKJHLGFBB87CC,31,7.75,共有部分,鋼筋混凝土造,84年5月26日,十六層,,
RPOOMLPKJHLGFBB47CC,38,14.40,共有部分,鋼筋混凝土造,77年2月10日,五層,,
RPXOMLPKJHLGFBB38CC,40,12.56,人行道，避難室，樓梯間，受電室,鋼筋混凝土造,74年10月24日,十層,,
RPSOMLPKJHLGFBB87CC,31,.19,共有部分,鋼筋混凝土造,84年5月26日,十六層,,
RPQNMLPKJHLGFBB57CC,6,77.93,集合住宅,鋼筋混凝土造,108年11月22日,十五層,,
RPQNMLPKJHLGFBB57CC,6,71.41,本共有部分係依使用執照之建築概要表記載項目有：防空避難室兼停車空間、消防機械室、機械室、水箱、排煙室、安全梯、停車空間、台電配電室、景觀機房、發電機室、電錶區、管委會使用空間、走廊、管理室、公共服務空間、頂蓋型開放空間、梯廳、昇降機間、垃圾室、機電設備空間、戶外安全梯、梯間、一般安全梯、水錶室等２４項。,鋼筋混凝土造,108年11月22日,十五層,,
RPOQMLPKJHLGFAB57CC,30,42.98,集合住宅,鋼筋混凝土造,85年3月28日,七層,,
RPSNMLPKJHLGFBB77CC,12,84.34,住家用,鋼筋混凝土造,103年6月13日,十五層,,
RPSNMLPKJHLGFBB77CC,12,55.53,本共有部份係依使用執照之建築概要表記載項目有停車空間．排煙室．昇降機間．樓梯間．污水機房．消防機房．水箱．電信室．緊急發電機室．防空避難室兼停車空間．台電配電室．機車停車區．人行道．門廳．梯廳．管理室．車道．公設．垃圾集中處．外廊．頂蓋型開放空間．梯間．水錶箱室及電梯機房等２４項。,鋼筋混凝土造,103年6月13日,十五層,,
RPXNMLPKJHLGFBB28CC,20,47.70,住家用,鋼筋混凝土造,94年12月8日,十八層,,
RPXNMLPKJHLGFBB28CC,20,19.13,共有部分,鋼筋混凝土造,94年12月8日,十八層,,
RPTNMLPKJHLGFBB87CC,34,30.01,住家用,鋼筋混凝土造,81年6月11日,七層,,
RPROMLPKJHLGFBB77CC,7,39.15,集合住宅,鋼筋混凝土造,107年11月30日,十五層,,
RPROMLPKJHLGFBB77CC,7,50.40,本共有部分係依使用執照之建築概要表記載項目有：停車空間，一般安全梯，排煙室，緊急用昇降機，消防機房，污水機房，昇降機，水箱，機房，電信機房，防空避難室兼停車空間，台電配電室，緊急發電機室，戶外安全梯，管理員室，管委會使用空間，環保資源室，梯廳，梯間，機械室，水錶室等２１項,鋼筋混凝土造,107年11月30日,十五層,,
RPQOMLPKJHLGFBB67CC,37,16.50,住家用,鋼筋混凝土造,77年11月18日,五層,,
RPVOMLPKJHLGFBB18CC,1,86.04,集合住宅,鋼筋混凝土造,113年8月15日,十二層,,
RPVOMLPKJHLGFBB18CC,1,114.97,本共有部份係依使用執照之建築概要表記載項目有：防空避難室兼停車空間，車道，水箱，消防機械室，污水機械室，排煙室，安全梯，一般昇降機道，緊急昇降機道，停車空間，電信室，機械室，發電機室，電錶區，台電配電室，管委會使用空間，梯廳，戶外安全梯，機電設備空間，安全梯間，水錶室等２１項。,鋼筋混凝土造,113年8月15日,十二層,,
RPUOMLPKJHLGFBB08CC,29,24.15,住家用,鋼筋混凝土造,85年7月16日,十四層,,
RPUOMLPKJHLGFBB08CC,29,13.63,共有部分,鋼筋混凝土造,85年7月16日,十四層,,
RPPOMLPKJHLGFBB57CC,45,16.53,住家用,鋼筋混凝土造,69年10月20日,五層,,
RPPPMLPKJHLGFBB67CC,42,100.48,住家用,鋼筋混凝土造,72年8月19日,五層,,
RPPPMLPKJHLGFBB67CC,42,5.95,共有部分,鋼筋混凝土造,72年8月19日,五層,,
RPQPMLPKJHLGFBB77CC,9,65.37,集合住宅,鋼筋混凝土造,105年12月20日,十四層,,
RPQPMLPKJHLGFBB77CC,9,34.59,本共有部分係依使用執照之建築概要表記載項目有：防空避難室兼停車空間、消防機械室、污水機房、水箱、一般安全梯、緊急昇降機間、梯廳、停車空間、台電配電室、發電機房、排煙室、垃圾處理區（管委會空間）騎樓兼頂蓋型開放空間、門廳（管委會使用空間）、儲藏室、電信機房、戶外安全梯、樓梯間、水錶室、機房及電梯機房等２１項。,鋼筋混凝土造,105年12月20日,十四層,,
RPUPMLPKJHLGFBB18CC,31,77.31,住家用,鋼筋混凝土造,83年12月9日,七層,,
RPUPMLPKJHLGFBB18CC,31,24.91,共有部分,鋼筋混凝土造,83年12月9日,七層,,
RPUPMLPKJHLGFBB18CC,31,4.10,共有部分,鋼筋混凝土造,83年12月9日,七層,,
RPTPMLPKJHLGFBB08CC,17,18.63,住家用,鋼筋混凝土造,97年11月28日,十七層,,
RPTPMLPKJHLGFBB08CC,17,3.86,共有部分,鋼筋混凝土造,97年11月28日,十七層,,
RPRPMLPKJHLGFBB87CC,18,343.65,住宅、停車空間、樓梯間、店舖、人行道,鋼筋混凝土造,97年5月30日,四層,,
RPTPMLPKJHLGFBB08CC,17,7.86,共有部分,鋼筋混凝土造,97年11月28日,十七層,,
RPRPMLPKJHLGFBB87CC,18,18.12,共有部分,鋼筋混凝土造,97年5月30日,五層,,
RPVPMLPKJHLGFBB28CC,18,189.69,人行道，店舖，辦公室,鋼筋混凝土造,97年1月30日,十四層,,
RPVPMLPKJHLGFBB28CC,18,45.88,共有部分,鋼筋混凝土造,97年1月30日,十四層,,
RPQQMLPKJHLGFBB87CC,9,54.17,集合住宅,鋼筋混凝土造,106年6月27日,九層,,
RPQQMLPKJHLGFBB87CC,9,27.46,本共有部分係依使用執照之建築概要表記載項目有：停車空間，車道，一般安全梯，梯廳，昇降機間，發電機房，消防機房，水箱，防空避難室兼停車空間，台電配電室，電信室，管理委員會使用空間，戶外安全梯，機房，樓梯間，電梯機房等１６項。,鋼筋混凝土造,106年6月27日,九層,,
RPPQMLPKJHLGFBB77CC,15,52.37,住家用,鋼筋混凝土造,99年9月9日,十七層,,
RPPQMLPKJHLGFBB77CC,15,11.61,本共有部份係依使用執照之建築概要表記載項目有，停車空間，樓梯間，昇降機間，消防機房兼污水機房，排煙室，水箱，機車停車區，防空避難室兼停車空間，車道，台電配電室，緊急發電機室，機房，電信室等１３項。,鋼筋混凝土造,99年9月9日,十七層,,
RPPQMLPKJHLGFBB77CC,15,18.42,本共有部份係依使用執照之建築概要表記載項目有，人行道，管委會管理室，門廳，樓梯間，昇降機間，排煙室，梯廳，公設，透空遮牆，水箱，電梯機房，走廊，車道，外廊等１４項。,鋼筋混凝土造,99年9月9日,十七層,,
RPPQMLPKJHLGFBB77CC,15,.00,本共有部份係依使用執照之建築概要表記載項目有，停車空間，樓梯間，昇降機間，消防機房兼污水機房，排煙室，水箱，機車停車區，防空避難室兼停車空間，台電配電室，緊急發電機室，車道，電信室等１２項,鋼筋混凝土造,99年9月9日,十八層,,
RPPNMLPKJHLGFCB57CC,33,128.89,住家用,鋼筋混凝土造,81年9月1日,七層,,
RPPQMLPKJHLGFBB77CC,15,.00,本共有部份係依使用執照之建築概要表記載項目有，人行道，管委會管理室，門廳，樓梯間，昇降機間，排煙室，透空遮牆，水箱，電梯機房，車道，機房，管委會使用空間，開放空間，外廊，管委會休憩室，管委會交誼廳，管委會閱覽室，垃圾集中處等１８項。,鋼筋混凝土造,99年9月9日,十八層,,
RPWPMLPKJHLGFBB38CC,45,23.52,商業用,鋼骨混凝土造,69年10月21日,十層,,
RPPNMLPKJHLGFCB57CC,33,34.11,共有部分,鋼筋混凝土造,81年9月1日,七層,,
RPTNMLPKJHLGFCB97CC,17,50.12,住家用,鋼筋混凝土造,98年1月21日,十層,,
RPOQMLPKJHLGFBB67CC,53,63.91,住家用,鋼筋混凝土加強磚造,62年2月11日,一層,,
RPTNMLPKJHLGFCB97CC,17,54.68,共用,鋼筋混凝土造,98年1月21日,十層,,
RPRNMLPKJHLGFCB77CC,37,118.00,住家用,鋼筋混凝土造,78年1月24日,五層,,
RPRNMLPKJHLGFCB77CC,37,21.76,共有部分,鋼筋混凝土造,78年1月24日,五層,,
RPQNMLPKJHLGFCB67CC,35,187.29,住家用,鋼筋混凝土造,79年11月20日,十五層,,
RPQNMLPKJHLGFCB67CC,35,35.43,共有部份,鋼筋混凝土造,79年11月20日,十五層,,
RPSNMLPKJHLGFCB87CC,29,33.95,住家用,鋼筋混凝土造,86年6月21日,十四層,,
RPSNMLPKJHLGFCB87CC,29,14.46,共用部份,鋼筋混凝土造,86年6月21日,十四層,,
RPXOMLPKJHLGFCB48CC,11,63.82,住家用,鋼筋混凝土造,103年11月13日,二十一層,,
RPXOMLPKJHLGFCB48CC,11,32.61,本共有部分係依使用執照之建築物概要表記載項目有：停車空間、污水處理機房、消防機械室、排煙室、水箱、樓梯間、昇降機、緊急昇降機、防空避難室兼停車空間、台電配電室、景觀水池機房、防災中心、緊急發電機室、電信機房、門廳、公共服務空間、外廊、環保資源室、廣場式開放空間﹝有頂蓋﹞、沿街步道式開放空間﹝有頂蓋﹞兼外廊、游泳池、交誼廳、梯廳、中繼機房、機械室、管理室、地下室進排風管道、機車車道、游泳池空間、機房等３０項。,鋼筋混凝土造,103年11月13日,二十一層,,
RPUNMLPKJHLGFCB08CC,33,36.30,住家用,鋼筋混凝土造,81年8月12日,五層,,
RPUNMLPKJHLGFCB08CC,33,1.74,共有部分,鋼筋混凝土造,81年8月12日,五層,,
RPTOMLPKJHLGFCB08CC,8,33.06,集合住宅,鋼筋混凝土造、鋼骨造,107年2月14日,九層,,
RPVNMLPKJHLGFCB18CC,31,29.56,住家用,鋼筋混凝土造,84年4月24日,七層,,
RPVNMLPKJHLGFCB18CC,31,16.48,共有部分,鋼筋混凝土造,84年4月24日,七層,,
RPXNMLPKJHLGFCB38CC,38,92.13,工業用,鋼筋混凝土造,76年9月21日,三層,,
RPPOMLPKJHLGFCB67CC,31,16.00,住商用,鋼筋混凝土造,83年8月23日,六層,,
RPQOMLPKJHLGFCB77CC,35,36.00,住家用,鋼筋混凝土造,80年6月22日,六層,,
RPSOMLPKJHLGFCB97CC,8,24.80,集合住宅,鋼筋混凝土造、鋼骨造,107年2月14日,九層,,
RPWOMLPKJHLGFCB38CC,8,24.80,集合住宅,鋼筋混凝土造、鋼骨造,107年2月14日,九層,,
RPWNMLPKJHLGFCB28CC,8,155.21,辦公室〈辦公事務所及工商服務業〉,鋼骨鋼筋混凝土造,107年1月31日,三十五層,,
RPWNMLPKJHLGFCB28CC,8,54.54,本共有部分係依使用執照之建築物概要表記載項目有：機械室、門廳、外廊、電梯、電扶梯間、梯廳、排煙室、樓梯間、緊急升降機電梯、行動不便電梯、防災中心、水箱、中繼機房、儲藏室、管委會使用空間、電梯機房、水錶室１７項。,鋼骨鋼筋混凝土造,107年1月31日,三十五層,,
RPOOMLPKJHLGFCB57CC,37,104.35,住家用,鋼筋混凝土造,78年6月9日,五層,,
RPOOMLPKJHLGFCB57CC,37,19.04,共有部份,鋼筋混凝土造,78年6月9日,五層,,
RPWNMLPKJHLGFCB28CC,8,79.98,本共有部分係依使用執照之建築物概要表記載項目有：停車空間、消房機房、水箱、車道、梯廳、排煙室、樓梯間、緊急升降電梯、行動不便電梯、電信室、機械室、防空避難室兼停車空間、台電配電室、發電機房、電錶區、消防中繼機房、消防中繼水箱、垃圾集中處、緊急升降機電梯等１９項。,鋼骨鋼筋混凝土造,107年1月31日,三十五層,,
RPQPMLPKJHLGFCB87CC,34,27.17,商業用,鋼筋混凝土造,80年12月11日,七層,,
RPQPMLPKJHLGFCB87CC,34,6.00,共有部份,鋼筋混凝土造,80年12月11日,七層,,
RPUOMLPKJHLGFCB18CC,28,31.98,住家用,鋼筋混凝土造,86年12月16日,二十三層,,
RPUOMLPKJHLGFCB18CC,28,5.31,共有部份,鋼筋混凝土造,86年12月16日,二十三層,,
RPUOMLPKJHLGFCB18CC,28,4.58,共有部份,鋼筋混凝土造,86年12月16日,二十三層,,
RPUOMLPKJHLGFCB18CC,28,5.36,共有部份,鋼筋混凝土造,86年12月16日,二十三層,,
RPPPMLPKJHLGFCB77CC,27,195.65,停車空間、住宅,鋼筋混凝土造,87年8月15日,四層,,
RPVPMLPKJHLGFCB38CC,39,151.18,住家用,鋼筋混凝土造,75年12月5日,二層,,
RPOPMLPKJHLGFCB67CC,8,24.80,集合住宅,鋼筋混凝土造、鋼骨造,107年2月14日,九層,,
RPVOMLPKJHLGFCB28CC,8,33.06,集合住宅,鋼筋混凝土造、鋼骨造,107年2月14日,九層,,
RPVOMLPKJHLGFCB28CC,8,27.78,本共有部份係依使用執照之建築概要表記載項目有：台電配電室、消防機械室、停車空間、乙梯（安全梯）、電梯、梯廳、電信室、車道、防空避難室兼停車空間、甲梯（安全梯）、門廳、廁所、走廊、甲梯、發電機室等１５項。,鋼筋混凝土造、鋼骨造,107年2月14日,九層,,
RPUPMLPKJHLGFCB28CC,33,97.51,住家用,鋼筋混凝土造,81年12月3日,七層,,
RPUPMLPKJHLGFCB28CC,33,18.22,共有部份,鋼筋混凝土造,81年12月3日,七層,,
RPROMLPKJHLGFCB87CC,32,72.55,住家用,鋼筋混凝土造,82年11月16日,七層,,
RPROMLPKJHLGFCB87CC,32,20.29,共有部分,鋼筋混凝土造,82年11月16日,七層,,
RPRPMLPKJHLGFCB97CC,31,25.32,住家用,鋼筋混凝土造,83年6月29日,十一層,,
RPRPMLPKJHLGFCB97CC,31,12.96,共有部份,鋼筋混凝土造,83年6月29日,十一層,,
RPPNMLPKJHLGFDB67CC,35,99.27,住家用,鋼筋混凝土造,80年1月1日,六層,,
RPPNMLPKJHLGFDB67CC,35,39.82,共有部分,鋼筋混凝土造,80年1月1日,六層,,
RPRNMLPKJHLGFFB08CC,2,100.78,集合住宅,鋼筋混凝土造,112年11月19日,十五層,,
RPRNMLPKJHLGFFB08CC,2,73.37,防空避難室兼停車空間、排煙室、樓梯間、昇降機間、車道、水箱、污水機房、消防機房、停車空間、機房、緊急發電機室、電信室、台電配電室、機車停車區、門廳、梯廳、公設（閱覽室）、公設（休閒室）、管委會使用空間、走廊、垃圾集中室、門廳兼梯廳、儲藏室、無障礙廁所、梯間、水錶箱室、電梯機房等２７項。,鋼筋混凝土造,112年11月19日,十五層,,
RPPNMLPKJHLGFFB87CC,2,68.08,集合住宅,鋼筋混凝土造,113年4月11日,二十四層,,
RPPNMLPKJHLGFFB87CC,2,57.88,防空避難室兼停車空間、排煙室、水箱、消防機械室、污水機房、緊急昇降機行動不便者、一般昇降機、安全梯、停車空間、消防中繼水箱、消防中繼機房、車道、台電配電室、電信室、發電機室、泳池機房、機車停車空間、特別安全梯、管委會使用空間、走廊、垃圾暫存室、防災中心、梯廳、水錶室、戶外安全梯、梯間、昇降機道、機械室等２８項。,鋼筋混凝土造,113年4月11日,二十四層,,
RPTNMLPKJHLGFFB28CC,19,16.59,住宅、停車場（塔、空間）,鋼筋混凝土造,95年10月25日,四層,,
RPSNMLPKJHLGFFB18CC,6,48.37,集合住宅,鋼筋混凝土造,108年8月30日,七層,,
RPVNMLPKJHLGFFB48CC,7,178.73,住宅、停車空間,鋼筋混凝土造,108年1月24日,四層,,
RPQNMLPKJHLGFFB97CC,1,60.10,集合住宅,鋼筋混凝土造,113年10月11日,二十二層,,
RPSNMLPKJHLGFFB18CC,6,52.46,停車空間、樓梯間、梯廳、緊急發電機室、蓄水池、消防機械室、汽車坡道、昇降機、防空避難室兼停車空間、台電配電室、電信室、門廳、管委會空間、機械室、電梯機房、水箱等１６項,鋼筋混凝土造,108年8月30日,七層,,
RPQNMLPKJHLGFFB97CC,1,55.55,防空避難室兼停車空間、排煙室、樓梯間、一般昇降機、緊急昇降機、消防機房、污水機房、雨水機房、Ａ梯水箱、Ｂ梯水箱、車道、梯廳、停車空間、機房、台電配電室、電信室、緊急發電機室、消防中繼機房、防災中心、管委會使用空間、外廊、資源回收室、門廳兼梯廳、無障礙廁所、機車停車區、水錶箱室、梯間、水箱、電梯機房等２９項。,鋼筋混凝土造,113年10月11日,二十二層,,
RPWNMLPKJHLGFFB58CC,43,84.82,集合住宅,鋼筋混凝土造,72年4月5日,五層,,
RPWNMLPKJHLGFFB58CC,43,6.61,梯間,鋼筋混凝土造,72年4月5日,五層,,
RPUNMLPKJHLGFIB68CC,52,49.89,住商用,磚造,62年7月20日,一層,,
RPUNMLPKJHLGFIB68CC,52,119.42,住家用,加強磚造,62年7月20日,三層,,
RPQNMLPKJHLGFIB28CC,34,82.86,店舖、住宅、梯間,鋼筋混凝土造,80年10月15日,三層,,
RPVNMLPKJHLGFIB78CC,38,109.28,廠房、梯間、單身員工宿舍,加強磚造,77年1月2日,二層,,
RPPOMLPKJHLGFIB28CC,12,86.22,集合住宅,鋼筋混凝土造,103年6月3日,十二層,,
RPPOMLPKJHLGFIB28CC,12,67.81,本共有部分之項目有：停車空間、樓梯間、梯廳、昇降機間、電信室、水箱、消防機房、機房、防空避難室兼停車空間、緊急發電機室、台電配電室、電信室、機車停車區、門廳、車道、廣場型開放空間（頂蓋型）、公共服務空間、外廊、垃圾集中處、儲藏室、梯間、電梯機房、污水機房等２３項,鋼筋混凝土造,103年6月3日,十二層,,
RPRNMLPKJHLGFIB38CC,17,21.80,集合住宅,ＲＣ造．鋼骨造,98年1月20日,十三層,,
RPOOMLPKJHLGFIB18CC,3,55.08,集合住宅,鋼筋混凝土造,112年4月24日,十二層,,
RPOOMLPKJHLGFIB18CC,3,51.87,法定防空避難室兼停車空間、無障礙安全梯、安全梯、無障礙昇降機、緊急昇降機、排煙室、梯廳、雨．污水機房、水箱、消防機房、車道、停車空間、台電配電室、緊急發電機室、電信室、無障礙戶外安全梯、戶外安全梯、機械室、管委會使用空間（大廳、資源回收室、會議室、社區經理值班室、郵務室）等１９項。,鋼筋混凝土造,112年4月24日,十二層,,
RPXNMLPKJHLGFIB98CC,25,63.72,住家用,鋼筋混凝土造,89年12月15日,一層,,
RPQNMLPKJHLGFHB18CC,1,61.84,集合住宅,鋼筋混凝土造,114年4月21日,十二層,,
RPQNMLPKJHLGFHB18CC,1,67.56,本共有部分之項目有防空避難室兼停車空間、消防機房、雨污水機房、蓄水池、緊急昇降機排煙室、緊急昇降機兼無障礙電梯、一般昇降機、管道間、無障礙安全梯、停車空間、台電配電室、發電機房、電信室、泳池機房、景觀水池機房、管委會使用空間、公共服務空間、戶外社區游泳池、共同梯廳、機車停車空間、室內安全梯、戶外安全梯、樓梯間、昇降機、水錶室、機械室、水箱等２７項,鋼筋混凝土造,114年4月21日,十二層,,
RPWNMLPKJHLGFIB88CC,29,97.84,集合住宅,鋼筋混凝土造,86年7月5日,十二層,,
RPWNMLPKJHLGFIB88CC,29,31.44,防空避難室兼停車空間．梯間．機械房．水塔,鋼筋混凝土造,86年7月5日,十二層,,
RPQOMLPKJHLGFIB38CC,49,120.12,住家用,加強磚造,66年4月4日,二層,,
RPPNMLPKJHLGFHB08CC,10,69.57,集合住宅,鋼筋混凝土造,104年12月9日,十二層,,
RPTNMLPKJHLGFIB58CC,3,50.25,集合住宅,鋼筋混凝土造,111年8月5日,二十層,,
RPPNMLPKJHLGFHB08CC,10,36.84,停車空間、消防機械室、污水機房兼雨水回收機房、機械室、梯間、梯廳、發電機室、法定防空避難室兼停車空間、電信室、機車停車空間、台電配電室、水箱、管委會使用空間〈社區管理室、廁所、社區垃圾集中處〉、車道、水錶室、門廊、走廊、樓梯間、公共服務空間等１９項,鋼筋混凝土造,104年12月9日,十二層,,
RPTNMLPKJHLGFIB58CC,3,33.22,停車空間、梯廳、昇降機、無障礙電梯、樓梯間、車道、機房、雨、污水機械室、消防機械室兼消防中繼機械室、水箱、機械室、公共水箱、泳池機房、水景機房、機房機械室、電信室、發電機房、垃圾貯存空間、台電配電場所、電錶區等２０項。,鋼筋混凝土造,111年8月5日,二十層,,
RPTNMLPKJHLGFIB58CC,3,16.45,管委會使用空間、梯廳、排煙室、緊急昇降機、昇降機、無障礙電梯、防災中心、警衛室、游泳池、樓梯間、水錶室、消防中繼機械室、消防水箱、設備空間、機械室、自來水箱等１６項。,鋼筋混凝土造,111年8月5日,二十層,,
RPPNMLPKJHLGFJB28CC,31,64.31,集合住宅,鋼筋混凝土造,83年8月30日,十層,,
RPPNMLPKJHLGFJB28CC,31,24.09,共用部份,鋼筋混凝土造,83年8月30日,十層,,
RPQNMLPKJHLGFJB38CC,34,146.05,住宅、梯間,鋼筋混凝土造,81年2月24日,三層,,
RPSNMLPKJHLGFJB58CC,3,149.96,店舖、住宅,鋼骨造,111年7月29日,二層,,
RPUNMLPKJHLGFJB78CC,46,104.02,住商用,鋼筋混凝土造,68年11月13日,三層,,
RPPNMLPKJHLGFKB38CC,33,10.00,住家用,鋼筋混凝土造,81年12月29日,四層,,
RPRNMLPKJHLGFJB48CC,32,74.92,集合住宅,鋼筋混凝土造,83年7月6日,七層,,
RPRNMLPKJHLGFJB48CC,32,16.13,人行道、店舖、防空避難室、梯間、水塔、機械室、停車空間,鋼筋混凝土造,83年7月6日,七層,,
RPQNMLPKJHLGFKB48CC,32,17.79,住家用,鋼筋混凝土造,83年1月20日,四層,,
RPQNMLPKJHLGFKB48CC,32,4.00,梯間、走道、水箱,鋼筋混凝土造,83年1月20日,四層,,
RPTNMLPKJHLGFJB68CC,46,52.00,住商用,鋼筋混凝土造,68年11月13日,三層,,
RPRNMLPKJHLGFKB58CC,33,10.00,住家用,鋼筋混凝土造,81年12月29日,四層,,
RPSNMLPKJHLGFKB68CC,33,10.00,住家用,鋼筋混凝土造,81年12月29日,四層,,
RPTNMLPKJHLGFKB78CC,33,10.00,住家用,鋼筋混凝土造,81年12月29日,四層,,
RPPNMLQKJHLGFAB47CC,1,85.37,集合住宅,鋼筋混凝土造,113年8月21日,十五層,,
RPPNMLQKJHLGFAB47CC,1,88.98,本共有部分係依使用執照之建築概要表記載項目有：梯廳兼排煙室、緊急昇降機、安全梯、水箱、機械室、消房機房、雨水機房、汙水機房、防空避難室兼停車空間、停車空間、發電機房、電信機房、台電配電室、梯廳、公共股務空間、環保室、走廊、排煙室、戶外安全梯、梯間、樓梯間、水錶室、電梯機房等共計２３項。,鋼筋混凝土造,113年8月21日,十五層,,
RPWNMLPKJHLGFKB09CC,32,16.53,住商用,鋼筋混凝土造,82年12月24日,四層,,
RPRNMLQKJHLGFAB67CC,32,124.39,住家用,鋼筋混凝土造,82年9月9日,十五層,,
RPRNMLQKJHLGFAB67CC,32,44.07,防空避難室兼停車空間．開放空間．樓梯間．機械室．電梯間．水箱,鋼筋混凝土造,82年9月9日,十五層,,
RPVNMLPKJHLGFKB98CC,43,73.16,住家用,鋼筋混凝土造,71年8月15日,四層,,
RPVNMLQKJHLGFAB08CC,40,100.63,住家用,鋼筋混凝土造,75年6月13日,五層,,
RPPOMLQKJHLGFAB57CC,30,29.75,集合住宅,鋼筋混凝土造,85年3月28日,七層,,
RPUNMLPKJHLGFKB88CC,33,10.00,住家用,鋼筋混凝土造,81年12月29日,四層,,
RPUNMLQKJHLGFAB97CC,72,66.29,住宅,木石磚造（磚石造）,42年11月1日,一層,,
RPOOMLQKJHLGFAB47CC,40,80.40,集合住宅,鋼筋混凝土造,74年12月14日,七層,,
RPQOMLQKJHLGFAB67CC,30,49.59,集合住宅,鋼筋混凝土造,85年3月28日,七層,,
RPWOMLQKJHLGFAB28CC,32,26.25,住家用,鋼筋混凝土造,83年6月15日,五層,,
RPPPMLQKJHLGFAB67CC,59,111.72,住家用,見其他登記事項,56年5月10日,二層,,
RPSOMLQKJHLGFAB87CC,30,26.45,集合住宅,鋼筋混凝土造,85年3月28日,七層,,
RPWOMLQKJHLGFAB28CC,32,2.86,共有部份,鋼筋混凝土造,83年6月15日,五層,,
RPSPMLQKJHLGFAB97CC,30,33.06,集合住宅,鋼筋混凝土造,85年3月28日,七層,,
RPROMLQKJHLGFAB77CC,30,130.74,店舖，住宅,鋼筋混凝土造,85年3月28日,七層,,
RPROMLQKJHLGFAB77CC,30,74.60,防空避難室，停車空間，人行道，樓梯間，機械室，水塔,鋼筋混凝土造,85年3月28日,七層,,
RPUPMLQKJHLGFAB18CC,29,25.30,住家用,鋼骨造,86年1月31日,二十八層,,
RPUPMLQKJHLGFAB18CC,29,.92,共同使用,鋼骨造,86年1月31日,二十八層,,
RPUPMLQKJHLGFAB18CC,29,7.75,公共設施,鋼骨造,86年1月31日,二十八層,,
RPVOMLQKJHLGFAB18CC,30,49.59,集合住宅,鋼筋混凝土造,85年3月28日,七層,,
RPRPMLQKJHLGFAB87CC,30,29.75,集合住宅,鋼筋混凝土造,85年3月28日,七層,,
RPUPMLQKJHLGFAB18CC,29,3.48,共有部分,鋼骨造,86年1月31日,二十八層,,
RPQPMLQKJHLGFAB77CC,31,21.34,住家用,鋼筋混凝土造,84年1月13日,十九層,,
RPQPMLQKJHLGFAB77CC,31,3.57,共有部份,鋼筋混凝土造,84年1月13日,十九層,,
RPQPMLQKJHLGFAB77CC,31,9.27,梯間．水箱．機械室,鋼筋混凝土造,84年1月13日,十九層,,
RPOPMLQKJHLGFAB57CC,30,29.75,集合住宅,鋼筋混凝土造,85年3月28日,七層,,
RPQNMLQKJHLGFBB67CC,44,35.07,住家用,鋼筋混凝土造,70年8月14日,十一層,,
RPPNMLQKJHLGFBB57CC,44,99.64,住家用,鋼筋混凝土造,70年11月26日,十一層,,
RPTPMLQKJHLGFAB08CC,30,33.06,集合住宅,鋼筋混凝土造,85年3月28日,七層,,
RPPNMLQKJHLGFBB57CC,44,20.69,共有部分,鋼筋混凝土造,70年11月26日,十一層,,
RPRNMLQKJHLGFBB77CC,34,30.96,住家用,鋼筋混凝土造,81年4月29日,七層,,
RPRNMLQKJHLGFBB77CC,34,13.45,共有部分,鋼筋混凝土造,81年4月29日,七層,,
RPSNMLQKJHLGFBB87CC,2,59.79,集合住宅,鋼筋混凝土造,113年6月5日,十五層,,
RPSNMLQKJHLGFBB87CC,2,57.17,本共有部份係依使用執照之建築概要表記載項目有：防空避難室兼停車空間，水箱，排煙室，樓梯間，緊急昇降機，一般昇降機，消防機房，雨水機房，機房，緊急發電機室，停車空間，台電配電室，電信室，機車停車空間，梯廳，機電設備空間，頂蓋型開放空間，管委會使用空間，公共服務空間，走廊，資源回收中心，游泳池，梯間，電梯機房，水錶箱室等２５項,鋼筋混凝土造,113年6月5日,十五層,,
RPUNMLQKJHLGFBB08CC,29,26.21,住家用,鋼筋混凝土造,85年10月21日,七層,,
RPUNMLQKJHLGFBB08CC,29,.01,共有部分,鋼筋混凝土造,85年10月21日,七層,,
RPUNMLQKJHLGFBB08CC,29,14.29,共有部分,鋼筋混凝土造,85年10月21日,七層,,
RPTNMLQKJHLGFBB97CC,31,38.04,住家用,鋼筋混凝土造,84年6月7日,二十一層,,
RPTNMLQKJHLGFBB97CC,31,23.99,共有部分,鋼筋混凝土造,84年6月7日,二十一層,,
RPVNMLQKJHLGFBB18CC,4,84.56,集合住宅,鋼筋混凝土造,111年4月25日,十五層,,
RPVNMLQKJHLGFBB18CC,4,66.17,本共有部分係依使用執照之建築概要表記載項目有：防空避難室兼停車空間、排煙室、樓梯間、昇降機間、消防機房、雨水機房、車道、水箱、停車空間、機械室、台電配電室、電信室、發電機房、門廳、走廊、頂蓋型開放空間、公共服務空間、資源回收中心、梯廳、梯間、水錶箱室、電梯機房等２２項。,鋼筋混凝土造,111年4月25日,十五層,,
RPWNMLQKJHLGFBB28CC,34,20.44,住家用,鋼筋混凝土造,81年4月29日,七層,,
RPWNMLQKJHLGFBB28CC,34,10.58,共有部分,鋼筋混凝土造,81年4月29日,七層,,
RPROMLQKJHLGFBB87CC,36,13.40,住家用,鋼筋混凝土造,79年4月30日,五層,,
RPXNMLQKJHLGFBB38CC,12,42.49,住家用,鋼筋混凝土造,102年7月25日,二十二層,,
RPXNMLQKJHLGFBB38CC,12,11.38,本共有部分係依使用執照之建築概要表記載項目有：管委會使用公共設施，垃圾處理室，梯間，梯廳，梯間（排煙室，昇降機間）梯間（梯廳，排煙室，昇降機間），走廊，中繼機械室（中繼水箱），機械室，水箱等１０項,鋼筋混凝土造,102年7月25日,二十二層,,
RPXNMLQKJHLGFBB38CC,12,22.69,本共有部分係依使用執照之建築概要表記載項目有：停車空間，車道，污水機房，清水池，消防機房，機房，梯間（梯廳，排煙室，昇降機間），防空避難室兼停車空間，發電機室，電信室，台電配電室，防災中心，公共設施等１３項,鋼筋混凝土造,102年7月25日,二十二層,,
RPTOMLQKJHLGFBB08CC,4,86.73,集合住宅,鋼筋混凝土造,111年4月25日,十五層,,
RPTOMLQKJHLGFBB08CC,4,67.34,本共有部分係依使用執照之建築概要表記載項目有：防空避難室兼停車空間、排煙室、樓梯間、昇降機間、消防機房、雨水機房、車道、水箱、停車空間、機械室、台電配電室、電信室、發電機房、門廳、走廊、頂蓋型開放空間、公共服務空間、資源回收中心、梯廳、梯間、水錶箱室、電梯機房等２２項。,鋼筋混凝土造,111年4月25日,十五層,,
RPUOMLQKJHLGFBB18CC,32,106.95,住家用,鋼筋混凝土造,83年3月30日,九層,,
RPUOMLQKJHLGFBB18CC,32,22.91,共有部分,鋼筋混凝土造,83年3月30日,九層,,
RPUOMLQKJHLGFBB18CC,32,14.92,停車空間,鋼筋混凝土造,83年3月30日,九層,,
RPSOMLQKJHLGFBB97CC,4,15.33,住宅、樓梯間、停車空間、人行道、電梯間,鋼筋混凝土造,110年8月24日,五層,,
RPVOMLQKJHLGFBB28CC,29,21.29,住家用,鋼筋混凝土造,85年10月21日,七層,,
RPOPMLQKJHLGFBB67CC,45,72.08,住家用,鋼筋混凝土造,70年5月13日,五層,,
RPVOMLQKJHLGFBB28CC,29,.01,共有部分,鋼筋混凝土造,85年10月21日,七層,,
RPVOMLQKJHLGFBB28CC,29,11.58,共有部分,鋼筋混凝土造,85年10月21日,七層,,
RPWOMLQKJHLGFBB38CC,36,22.49,住家用,鋼筋混凝土造,79年4月30日,五層,,
RPTPMLQKJHLGFBB18CC,32,31.31,住家用,鋼筋混凝土造,83年6月6日,八層,,
RPXOMLQKJHLGFBB48CC,36,18.22,住家用,鋼筋混凝土造,79年4月30日,五層,,
RPTPMLQKJHLGFBB18CC,32,11.69,共有部份,鋼筋混凝土造,83年6月6日,八層,,
RPPPMLQKJHLGFBB77CC,41,113.53,住商用,鋼筋混凝土造,73年10月2日,五層,,
RPTPMLQKJHLGFBB18CC,32,5.25,共有部份,鋼筋混凝土造,83年6月6日,八層,,
RPQPMLQKJHLGFBB87CC,33,27.82,住家用,鋼筋混凝土造,82年1月13日,五層,,
RPQPMLQKJHLGFBB87CC,33,6.83,共有部分,鋼筋混凝土造,82年1月13日,五層,,
RPSPMLQKJHLGFBB08CC,4,57.14,集合住宅,鋼筋混凝土造,111年4月25日,十五層,,
RPSPMLQKJHLGFBB08CC,4,53.28,本共有部分係依使用執照之建築概要表記載項目有：防空避難室兼停車空間、排煙室、樓梯間、昇降機間、消防機房、雨水機房、車道、水箱、停車空間、機械室、台電配電室、電信室、發電機房、門廳、走廊、頂蓋型開放空間、公共服務空間、資源回收中心、梯廳、梯間、水錶箱室、電梯機房等２２項。,鋼筋混凝土造,111年4月25日,十五層,,
RPUPMLQKJHLGFBB28CC,32,106.45,住家用,鋼筋混凝土造,83年5月7日,十二層,,
RPUPMLQKJHLGFBB28CC,32,14.08,共有部分,鋼筋混凝土造,83年5月7日,十二層,,
RPUPMLQKJHLGFBB28CC,32,6.61,共有部分,鋼筋混凝土造,83年5月7日,十二層,,
RPRPMLQKJHLGFBB97CC,2,84.89,集合住宅,鋼筋混凝土造,112年11月4日,十五層,,
RPRPMLQKJHLGFBB97CC,2,67.88,本共有部份係依使用執照之建築概要表記載項目有：防空避難室兼停車空間，一般安全梯，排煙室，一般昇降機，無障礙電梯兼緊急昇降機，消防機房，污水機房，水箱，車道，停車空間，機房，電信室，緊急發電機室，台電配電室，機車停車區，梯廳，樓梯間，大廳，管委會使用空間，垃圾集中室，公設（閱覽室），戶外安全梯，無障礙樓梯，水錶區，梯間，電梯機房等２６項。,鋼筋混凝土造,112年11月4日,十五層,,
RPVPMLQKJHLGFBB38CC,26,93.80,住家用,鋼筋混凝土造,88年6月24日,十三層,,
RPVPMLQKJHLGFBB38CC,26,33.92,共有部分,鋼筋混凝土造,88年6月24日,十三層,,
RPVPMLQKJHLGFBB38CC,26,7.59,共有部分,鋼筋混凝土造,88年6月24日,十三層,,
RPQNMLQKJHLGFCB77CC,33,36.30,住家用,鋼筋混凝土造,81年8月12日,五層,,
RPQNMLQKJHLGFCB77CC,33,1.74,共有部分,鋼筋混凝土造,81年8月12日,五層,,
RPPNMLQKJHLGFCB67CC,34,30.01,住家用,鋼筋混凝土造,81年1月15日,十一層,,
RPPNMLQKJHLGFCB67CC,34,9.26,共有部分,鋼筋混凝土造,81年1月15日,十一層,,
RPPNMLQKJHLGFDB77CC,31,109.87,商業用,鋼筋混凝土造,83年12月19日,九層,,
RPPNMLQKJHLGFDB77CC,31,21.20,共用部份,鋼筋混凝土造,83年12月19日,九層,,
RPRNMLQKJHLGFDB97CC,30,78.38,住家用,鋼筋混凝土造,85年4月27日,九層,,
RPRNMLQKJHLGFDB97CC,30,38.70,共有部分,鋼筋混凝土造,85年4月27日,九層,,
RPQNMLQKJHLGFDB87CC,11,106.15,人行道、店舖、住宅,鋼筋混凝土造,103年9月24日,四層,,
RPWNMLQKJHLGFDB48CC,46,139.40,店舖、住房、梯間,加強磚造,69年6月19日,二層,,
RPXNMLQKJHLGFDB58CC,45,92.40,住商用,加強磚造,69年10月30日,二層,,
RPVNMLQKJHLGFDB38CC,47,35.95,住商用,結構造,68年2月20日,四層,,
RPPNMLQKJHLGFFB97CC,30,138.12,住商用,鋼筋混凝土造,84年7月27日,十層,,
RPPNMLQKJHLGFFB97CC,30,15.34,停車空間、梯間、防空避難室、機械房、水塔,鋼筋混凝土造,84年7月27日,十層,,
RPQNMLQKJHLGFFB08CC,30,91.95,住家用,鋼筋混凝土造,84年10月3日,十一層,,
RPQNMLQKJHLGFFB08CC,30,20.83,走道、大廳、防空避難室、水塔、機械房、梯間,鋼筋混凝土造,84年10月3日,十一層,,
RPRNMLQKJHLGFFB18CC,1,49.44,集合住宅,鋼筋混凝土造,114年6月6日,二十八層,,
RPRNMLQKJHLGFFB18CC,1,13.28,排煙室、昇降機、無障礙安全梯、特別安全梯、無障礙樓梯、梯廳兼排煙室、梯廳、管委會空間、中繼機房、中繼水箱、電梯間、水錶室、樓梯間、電梯機房、機電空間、水箱、安全梯、水箱機房、消防水箱等１９項,鋼筋混凝土造,114年6月6日,二十八層,,
RPRNMLQKJHLGFFB18CC,1,11.46,消防機房、雨水回收機房、車道、機房、水箱、停車空間、進風管道、公共水箱、防空避難室兼停車空間、台電配電室、發電機房、泳池水箱、公共電氣室、機車車道、管委會使用空間、昇降機、大廳、梯廳、警衛室、儲藏室、風除室、排風機房、防災中心、電信室、垃圾暫存室、附屬社區共用空間、附屬共用廚房、機電設備空間、電梯間、設備空間、泳池機房、景觀機房、游泳池、管委會空間、樓電梯間、機電空間、樓梯間等３７項,鋼筋混凝土造,114年6月6日,二十八層,,
RPSNMLQKJHLGFFB28CC,45,169.42,住商用,加強磚造,69年8月5日,三層,,
RPQOMLQKJHLGFCB87CC,29,89.39,集合住宅,鋼筋混凝土造,85年9月23日,十二層,,
RPUNMLQKJHLGFFB48CC,5,9.10,集合住宅,鋼筋混凝土造,109年8月25日,五層,,
RPQOMLQKJHLGFCB87CC,29,48.90,共用部份,鋼筋混凝土造,85年9月23日,十二層,,
RPUNMLQKJHLGFFB48CC,5,5.07,梯廳、安全梯、升降機、管道間、走廊、安全梯間、升降機機械室、水箱、停車空間、電信室、消防機室、發電機室、台電配電室、安全梯Ａ,鋼筋混凝土造,109年8月25日,五層,,
RPQOMLQKJHLGFCB87CC,29,.14,集合住宅,鋼筋混凝土造,85年9月23日,十二層,,
RPSNMLQKJHLGFCB97CC,50,105.14,住家用,加強磚造,64年8月6日,二層,,
RPXNMLQKJHLGFCB48CC,31,89.18,住家用,鋼筋混凝土造,84年6月1日,十六層,,
RPXNMLQKJHLGFCB48CC,31,35.25,共有部份,鋼筋混凝土造,84年6月1日,十六層,,
RPVNMLQKJHLGFCB28CC,29,19.15,住家用,鋼筋混凝土造,86年4月8日,十三層,,
RPSOMLQKJHLGFCB08CC,3,19.19,寄宿舍,鋼筋混凝土造,111年7月28日,七層,,
RPVNMLQKJHLGFCB28CC,29,11.34,共有部分,鋼筋混凝土造,86年4月8日,十三層,,
RPTNMLQKJHLGFCB08CC,33,56.24,住家用,鋼筋混凝土造,81年8月12日,五層,,
RPROMLQKJHLGFCB97CC,30,12.40,住家用,鋼筋混凝土造,84年11月23日,五層,,
RPSOMLQKJHLGFCB08CC,3,13.09,本共有部分係依使用執照之建築概要表記載項目有：防空避難室兼停車空間、台電配電室、消防及發電機房、電信室、水箱、樓梯間、無障礙昇降機、梯廳、辦公室、管委會使用空間、親子廁所、無障礙廁所、資源回收空間、機房、機房＋管道間、走廊、車道、管道間等十八項。,鋼筋混凝土造,111年7月28日,七層,,
RPTNMLQKJHLGFCB08CC,33,1.78,共有部分,鋼筋混凝土造,81年8月12日,五層,,
RPRNMLQKJHLGFCB87CC,7,44.23,集合住宅,鋼筋混凝土造,107年11月26日,十五層,,
RPRNMLQKJHLGFCB87CC,7,40.13,本共有部分係依使用執照之建築概要表記載項目有：停車空間、車道、梯廳、一般安全梯、昇降機、進氣管道、排氣管道、消防機房、雨水機房、Ａ＋Ｂ梯水箱、電信機房、防空避難室兼停車空間、台電配電室、發電機室、洗衣間、管委會使用空間、門廳、排煙室、機車停車區、走廊等２０項。,鋼筋混凝土造,107年11月26日,十五層,,
RPRNMLQKJHLGFCB87CC,7,10.51,本共有部分係依使用執照之建築概要表記載項目有：排煙室、梯廳、特別安全梯、昇降機、緊急升降機、走廊、戶外安全梯、樓梯間、機械室、水箱等１０項。,鋼筋混凝土造,107年11月26日,十五層,,
RPPOMLQKJHLGFCB77CC,1,35.02,集合住宅,鋼筋混凝土造,114年5月15日,十二層,,
RPUOMLQKJHLGFCB28CC,31,145.14,店舖、辦公室,鋼筋混凝土造,83年8月26日,十五層,,
RPPOMLQKJHLGFCB77CC,1,27.96,本共有部分係依使用執照之建築物概要表記載項目有：停車空間、汽車昇降機、機械室、消防幫浦室、梯廳、安全梯、昇降機間、防空避難室、電信室、台電配電場所、緊急發電機室、人行道、門廳、走道、管理委員會（會議室）、管理委員會（辦公室）、機房、樓梯間、電梯機房、水箱、蓄水池等２１項。,鋼筋混凝土造,114年5月15日,十二層,,
RPUOMLQKJHLGFCB28CC,31,23.44,共有部份,鋼筋混凝土造,83年8月26日,十五層,,
RPTNMLQKJHLGFFB38CC,5,9.22,集合住宅,鋼筋混凝土造,109年8月25日,五層,,
RPTNMLQKJHLGFFB38CC,5,5.11,梯廳、安全梯、升降機、管道間、走廊、安全梯間、升降機機械室、水箱、停車空間、電信室、消防機室、發電機室、台電配電室、安全梯Ａ,鋼筋混凝土造,109年8月25日,五層,,
RPTOMLQKJHLGFCB18CC,27,138.40,住家用,鋼筋混凝土造,88年1月16日,十二層,,
RPTOMLQKJHLGFCB18CC,27,61.88,共有部份,鋼筋混凝土造,88年1月16日,十二層,,
RPWNMLQKJHLGFCB38CC,46,82.61,住家用,鋼筋混凝土造,68年9月7日,五層,,
RPVOMLQKJHLGFCB38CC,18,40.69,住家用,鋼筋混凝土造,97年4月18日,八層,,
RPVOMLQKJHLGFCB38CC,18,12.49,共用,鋼筋混凝土造,97年4月18日,八層,,
RPVOMLQKJHLGFCB38CC,18,8.28,共用,鋼筋混凝土造,97年4月18日,八層,,
RPOOMLQKJHLGFCB67CC,32,41.92,住家用,鋼筋混凝土造,83年4月8日,十四層,,
RPOOMLQKJHLGFCB67CC,32,15.79,共有部份,鋼筋混凝土造,83年4月8日,十四層,,
RPVNMLQKJHLGFFB58CC,1,49.44,集合住宅,鋼筋混凝土造,114年6月6日,二十八層,,
RPVNMLQKJHLGFFB58CC,1,13.38,排煙室、昇降機、無障礙安全梯、特別安全梯、無障礙樓梯、梯廳兼排煙室、梯廳、管委會空間、中繼機房、中繼水箱、電梯間、水錶室、樓梯間、電梯機房、機電空間、水箱、安全梯、水箱機房、消防水箱等１９項,鋼筋混凝土造,114年6月6日,二十八層,,
RPVNMLQKJHLGFFB58CC,1,36.20,消防機房、雨水回收機房、車道、機房、水箱、停車空間、進風管道、公共水箱、防空避難室兼停車空間、台電配電室、發電機房、泳池水箱、公共電氣室、機車車道、管委會使用空間、昇降機、大廳、梯廳、警衛室、儲藏室、風除室、排風機房、防災中心、電信室、垃圾暫存室、附屬社區共用空間、附屬共用廚房、機電設備空間、電梯間、設備空間、泳池機房、景觀機房、游泳池、管委會空間、樓電梯間、機電空間、樓梯間等３７項,鋼筋混凝土造,114年6月6日,二十八層,,
RPWNMLQKJHLGFFB68CC,1,98.08,集合住宅,鋼筋混凝土造,114年6月6日,二十八層,,
RPWNMLQKJHLGFFB68CC,1,26.55,排煙室、昇降機、無障礙安全梯、特別安全梯、無障礙樓梯、梯廳兼排煙室、梯廳、管委會空間、中繼機房、中繼水箱、電梯間、水錶室、樓梯間、電梯機房、機電空間、水箱、安全梯、水箱機房、消防水箱等１９項,鋼筋混凝土造,114年6月6日,二十八層,,
RPWNMLQKJHLGFFB68CC,1,47.43,消防機房、雨水回收機房、車道、機房、水箱、停車空間、進風管道、公共水箱、防空避難室兼停車空間、台電配電室、發電機房、泳池水箱、公共電氣室、機車車道、管委會使用空間、昇降機、大廳、梯廳、警衛室、儲藏室、風除室、排風機房、防災中心、電信室、垃圾暫存室、附屬社區共用空間、附屬共用廚房、機電設備空間、電梯間、設備空間、泳池機房、景觀機房、游泳池、管委會空間、樓電梯間、機電空間、樓梯間等３７項,鋼筋混凝土造,114年6月6日,二十八層,,
RPXNMLQKJHLGFFB78CC,3,53.99,集合住宅,鋼筋混凝土造,111年10月6日,十五層,,
RPOOMLQKJHLGFFB97CC,2,43.22,集合住宅,鋼筋混凝土造,113年5月6日,十一層,,
RPXNMLQKJHLGFFB78CC,3,11.17,消防機房、機房、水箱、雨水機房、污水機房、安全梯、排風管道、電信室、防空避難室兼停車空間、台電配電室、發電機房、管委會使用空間、水景機房、泳池機房、游泳池、梯廳、風除室、外廊、大廳、警衛室等２０項,鋼筋混凝土造,111年10月6日,十五層,,
RPXNMLQKJHLGFFB78CC,3,15.13,排煙室、升降機、緊急升降機兼無障礙升降機、特別安全梯、梯廳、機房、電梯機房、水錶室、消防水箱、自來水箱等１０項,鋼筋混凝土造,111年10月6日,十五層,,
RPPOMLQKJHLGFFB08CC,17,145.80,住宅、樓梯間、停車空間,鋼筋混凝土造,98年1月15日,三層,,
RPOOMLQKJHLGFFB97CC,2,38.75,台電專用管道間、消防機房、電信室、清水池、昇降機道、梯廳、安全梯間、汽車昇降機道、防空避難室兼停車空間、資源回收空間、發電機房、台電配電場所、管理委員會使用空間、停車空間、樓梯間、水塔間等１６項。,鋼筋混凝土造,113年5月6日,十一層,,
RPXNMLQKJHLGFFB78CC,3,32.71,停車空間、防空避難室兼停車空間等２項,鋼筋混凝土造,111年10月6日,十五層,,
RPPNMLQKJHLGFHB18CC,34,93.72,住家用,鋼筋混凝土造,80年8月28日,六層,,
RPPOMLQKJHLGFFB08CC,17,51.93,管委會辦公室、機械室、儲藏室,鋼筋混凝土造,98年1月15日,三層,,
RPPNMLQKJHLGFHB18CC,34,8.77,共有部份,鋼筋混凝土造,80年8月28日,六層,,
RPQNMLQKJHLGFHB28CC,30,82.97,住家用,鋼筋混凝土造,84年8月1日,十四層,,
RPPNMLQKJHLGFHB18CC,34,27.86,共有部份,鋼筋混凝土造,80年8月28日,六層,,
RPQNMLQKJHLGFHB28CC,30,23.19,共有部份,鋼筋混凝土造,84年8月1日,十四層,,
RPPNMLQKJHLGFIB28CC,33,84.61,集合住宅,鋼筋混凝土造,81年11月20日,十三層,,
RPPNMLQKJHLGFIB28CC,33,18.22,共有部份,鋼筋混凝土造,81年11月20日,十三層,,
RPUNMLQKJHLGFIB78CC,17,21.75,集合住宅,ＲＣ造、鋼骨造,98年1月20日,十三層,,
RPRNMLQKJHLGFIB48CC,17,21.72,集合住宅,ＲＣ造．鋼骨造,98年1月20日,十三層,,
RPTNMLQKJHLGFIB68CC,2,57.58,集合住宅,鋼筋混凝土造,112年8月22日,十五層,,
RPTNMLQKJHLGFIB68CC,2,38.31,停車空間、排煙室、安全梯、雨汙水機房、消防機械室、機械室、水箱、緊急升降機、一般升降機、無障礙樓梯、發電機室、台電配電室、電信室等１３項。,鋼筋混凝土造,112年8月22日,十五層,,
RPTNMLQKJHLGFIB68CC,2,9.83,管委會使用空間、游泳池、梯廳、戶外安全梯、安全梯、排煙室、走廊、車道、機車停車區、垃圾資源回收室、緊急升降機、一般升降機、門廳、升降機道、梯間、機械室、機械室（水錶室）、電梯機房、水箱等１９項。,鋼筋混凝土造,112年8月22日,十五層,,
RPTNMLQKJHLGFIB68CC,2,15.13,梯廳、一般升降機、緊急升降機、排煙室、戶外安全梯、機電設備空間等６項,鋼筋混凝土造,112年8月22日,十五層,,
RPXNMLQKJHLGFIB09CC,23,339.72,店舖、住宅、辦公室、停車空間、人行道、梯間,鋼筋混凝土造,92年5月22日,四層,,
RPVNMLQKJHLGFIB88CC,27,186.67,店舖　住宅　梯間,鋼筋混凝土造,87年11月27日,四層,,
RPPNMLQKJHLGFJB38CC,18,8.99,辦公室,鋼筋混凝土造,97年7月7日,四層,,
RPWNMLQKJHLGFIB98CC,23,339.72,店舖、住宅、辦公室、停車空間、人行道、梯間,鋼筋混凝土造,92年5月22日,四層,,
RPPNMLQKJHLGFJB38CC,18,5.21,緊急發電機、台電受電室、機械室、人行道、梯間、消防幫泵室、水箱,鋼筋混凝土造,97年7月7日,四層,,
RPSNMLQKJHLGFIB58CC,31,71.40,集合住宅,鋼筋混凝土造,83年11月4日,十二層,,
RPSNMLQKJHLGFIB58CC,31,9.66,停車空間,鋼筋混凝土造,83年11月4日,十二層,,
RPSNMLQKJHLGFIB58CC,31,29.54,共有部份,鋼筋混凝土造,83年11月4日,十二層,,
RPPNMLQKJHLGFKB48CC,1,55.81,集合住宅,鋼筋混凝土造,114年3月12日,七層,,
RPPNMLQKJHLGFKB48CC,1,35.85,本共有部分之項目有：防空避難室、台電配電室、消防機房兼緊急發電機房、機電空間、無障礙兼安全梯、梯廳、管委會使用空間、停車空間、樓梯間、水錶室、水塔等１１項。,鋼筋混凝土造,114年3月12日,七層,,
RPQNMLQKJHLGFKB58CC,33,17.14,住家用,鋼筋混凝土造,82年4月25日,六層,,
RPQNMLQKJHLGFKB58CC,33,4.79,住家用,鋼筋混凝土造,82年4月25日,六層,,
RPQNMLQKJHLGFKB58CC,33,6.25,住家用,鋼筋混凝土造,82年4月25日,六層,,
RPRNMLQKJHLGFKB68CC,30,180.89,住家用,鋼筋混凝土造,85年5月13日,三層,,
RPQNMLRKJHLGFAB67CC,14,16.51,集合住宅,鋼筋混凝土造,101年3月22日,十三層,,
RPQNMLRKJHLGFAB67CC,14,5.40,本共有部分係依使用執照之建築概要表記載項目有：梯間、警衛室、電信室、排煙室、水箱、發電機室、台電配電室、防空避難室兼停車空間、停車空間（法定停車位１８輛、獎勵停車位１０輛）、機械室、儲藏室、樓梯間、電梯間、電梯機房、消防水箱等１５項。,鋼筋混凝土造,101年3月22日,十三層,,
RPRNMLRKJHLGFAB77CC,14,16.53,集合住宅,鋼筋混凝土造,101年3月22日,十三層,,
RPRNMLRKJHLGFAB77CC,14,5.40,本共有部分係依使用執照之建築概要表記載項目有：梯間、警衛室、電信室、排煙室、水箱、發電機室、台電配電室、防空避難室兼停車空間、停車空間（法定停車位１８輛、獎勵停車位１０輛）、機械室、儲藏室、樓梯間、電梯間、電梯機房、消防水箱等１５項。,鋼筋混凝土造,101年3月22日,十三層,,
RPQNMLQKJHLGFJB48CC,1,61.69,集合住宅,鋼筋混凝土造,114年4月14日,十五層,,
RPPNMLRKJHLGFBB67CC,33,77.24,住家用,鋼筋混凝土造,82年2月12日,五層,,
RPQNMLQKJHLGFJB48CC,1,58.34,本共有部分之項目有防空避難室兼停車空間、蓄水池、雨水機房、排煙室、安全梯、污水機房、消防機房、景觀機房、停車空間、機房、電表區、電信機房、發電機房、台電配電場所、管委會空間、公共服務空間、發電機進排氣管道間、梯廳、戶外安全梯、樓梯間、昇降機機房、水箱,鋼筋混凝土造,114年4月14日,十五層,,
RPPNMLRKJHLGFBB67CC,33,26.65,共有部分,鋼筋混凝土造,82年2月12日,五層,,
RPRNMLQKJHLGFJB58CC,32,63.65,集合住宅,鋼筋混凝土造,82年10月26日,九層,,
RPPNMLRKJHLGFCB77CC,28,60.90,住家用,鋼筋混凝土造,87年5月5日,十四層,,
RPQNMLRKJHLGFCB87CC,29,118.34,店舖、人行道,鋼筋混凝土造,85年11月27日,八層,,
RPPNMLRKJHLGFAB57CC,14,16.52,集合住宅,鋼筋混凝土造,101年3月22日,十三層,,
RPQNMLRKJHLGFBB77CC,32,118.78,住家用,鋼筋混凝土造,83年3月31日,八層,,
RPQNMLRKJHLGFBB77CC,32,26.71,共有部分,鋼筋混凝土造,83年3月31日,八層,,
RPRNMLQKJHLGFJB58CC,32,15.84,避難室、停車空間、人行道、集合住宅、店舖、梯間、機械室、水箱,鋼筋混凝土造,82年10月26日,九層,,
RPPNMLRKJHLGFCB77CC,28,36.03,共有部份,鋼筋混凝土造,87年5月5日,十四層,,
RPSNMLRKJHLGFAB87CC,31,23.59,住家用,鋼筋混凝土造,84年2月20日,八層,,
RPQNMLRKJHLGFCB87CC,29,9.88,共有部分,鋼筋混凝土造,85年11月27日,八層,,
RPSNMLRKJHLGFAB87CC,31,18.79,梯間．防空避難室．停車空間．機械室．水箱,鋼筋混凝土造,84年2月20日,八層,,
RPQNMLRKJHLGFCB87CC,29,18.14,共有部分,鋼筋混凝土造,85年11月27日,八層,,
RPPNMLRKJHLGFAB57CC,14,5.40,本共有部分係依使用執照之建築概要表記載項目有：梯間、警衛室、電信室、排煙室、水箱、發電機室、台電配電室、防空避難室兼停車空間、停車空間（法定停車位１８輛、獎勵停車位１０輛）、機械室、儲藏室、樓梯間、電梯間、電梯機房、消防水箱等１５項。,鋼筋混凝土造,101年3月22日,十三層,,
RPQNMLSKJHLGFBB87CC,30,53.47,共有部分,鋼筋混凝土造,85年6月6日,十四層,,
RPSNMLQKJHLGFJB68CC,34,70.77,集合住宅,鋼筋混凝土造,81年2月29日,七層,,
RPSNMLQKJHLGFJB68CC,34,9.67,共有部份,鋼筋混凝土造,81年2月29日,七層,,
RPPNMLRKJHLGFDB87CC,27,81.04,住家用,鋼筋混凝土造,88年3月26日,七層,,
RPQNMLRKJHLGFDB97CC,27,66.10,住家用,鋼筋混凝土造,87年9月29日,九層,,
RPPNMLRKJHLGFDB87CC,27,51.28,共用部份,鋼筋混凝土造,88年3月26日,七層,,
RPQNMLRKJHLGFDB97CC,27,23.39,共有部分,鋼筋混凝土造,87年9月29日,九層,,
RPPNMLSKJHLGFBB77CC,31,110.06,住家用,鋼筋混凝土造,84年4月15日,十二層,,
RPPNMLSKJHLGFBB77CC,31,28.72,共有部分,鋼筋混凝土造,84年4月15日,十二層,,
RPPNMLSKJHLGFBB77CC,31,17.20,共有部分,鋼筋混凝土造,84年4月15日,十二層,,
RPPNMLRKJHLGFJB48CC,39,101.02,住宅、梯間,加強磚造,76年5月5日,二層,,
RPRNMLSKJHLGFBB97CC,20,50.55,住家用,鋼筋混凝土造,94年12月8日,十八層,,
RPRNMLSKJHLGFBB97CC,20,20.86,共有部分,鋼筋混凝土造,94年12月8日,十八層,,
RPTNMLSKJHLGFBB18CC,12,27.23,本共有部分係依使用執照之建築概要表記載項目有：停車空間，車道，污水機房，清水池，消防機房，機房，梯間（梯廳，排煙室，昇降機間），防空避難室兼停車空間，發電機室，電信室，台電配電室，防災中心，公共設施等１３項,鋼筋混凝土造,102年7月25日,二十二層,,
RPUNMLSKJHLGFBB28CC,37,30.00,住商用,鋼筋混凝土造,77年8月10日,四層,,
RPQNMLSKJHLGFCB97CC,32,52.83,住家用,鋼筋混凝土造,82年11月20日,八層,,
RPPNMLSKJHLGFCB87CC,16,39.89,住家用,鋼筋混凝土造,98年8月13日,二十六層,,
RPQNMLSKJHLGFCB97CC,32,21.70,共有部分,鋼筋混凝土造,82年11月20日,八層,,
RPRNMLSKJHLGFCB08CC,12,14.63,住宅、停車空間、樓梯間、機械室,鋼骨鋼筋混凝土造,103年1月23日,四層,,
RPPNMLSKJHLGFCB87CC,16,3.28,共有,鋼筋混凝土造,98年8月13日,二十六層,,
RPPNMLSKJHLGFCB87CC,16,15.81,共有,鋼筋混凝土造,98年8月13日,二十六層,,
RPPNMLSKJHLGFFB18CC,48,77.42,住家用,鋼筋混凝土造,66年10月26日,三層,,
RPPNMLSKJHLGFIB48CC,14,18.84,集合住宅,鋼筋混凝土造,101年1月19日,六層,,
RPQNMLSKJHLGFIB58CC,14,17.85,集合住宅、機電設備空間,鋼筋混凝土造,101年1月19日,六層,,
RPPNMLSKJHLGFIB48CC,14,14.50,本共有部分之項目有防空避難室、停車空間、水箱、樓梯間、機械室、梯廳、走廊、昇降機道、台電受電室、電信室、儲藏室、消防機房、發電機室等１３項。,鋼筋混凝土造,101年1月19日,六層,,
RPQNMLSKJHLGFIB58CC,14,13.63,本共有部分之項目有防空避難室、停車空間、水箱、樓梯間、機械室、梯廳、走廊、昇降機道、台電受電室、電信室、儲藏室、消防機房、發電機室等１３項。,鋼筋混凝土造,101年1月19日,六層,,
RPUNMLSKJHLGFCB38CC,46,18.40,住商用,鋼筋混凝土造,68年10月8日,三層,,
RPTNMLSKJHLGFCB28CC,46,17.31,住商用,鋼筋混凝土造,68年10月8日,三層,,
RPSNMLSKJHLGFCB18CC,46,14.17,住商用,鋼筋混凝土造,68年10月8日,三層,,
RPOOMLSKJHLGFCB87CC,16,39.66,住家用,鋼筋混凝土造,98年8月13日,二十六層,,
RPOOMLSKJHLGFCB87CC,16,3.28,共有,鋼筋混凝土造,98年8月13日,二十六層,,
RPVNMLSKJHLGFCB48CC,46,12.30,住商用,鋼筋混凝土造,68年10月8日,三層,,
RPOOMLSKJHLGFCB87CC,16,15.60,共有,鋼筋混凝土造,98年8月13日,二十六層,,
RPUNMLTKJHLGFAB28CC,19,81.06,集合住宅,鋼筋混凝土造,96年7月3日,十四層,,
RPUNMLTKJHLGFAB28CC,19,19.71,共用,鋼筋混凝土造,96年7月3日,十四層,,
RPUNMLTKJHLGFAB28CC,19,10.14,共用,鋼筋混凝土造,96年7月3日,十四層,,
RPWNMLSKJHLGFCB58CC,32,21.21,住家用,鋼筋混凝土造,83年1月20日,七層,,
RPWNMLSKJHLGFCB58CC,32,11.60,共有部份,鋼筋混凝土造,83年1月20日,七層,,
RPQNMLTKJHLGFAB87CC,17,164.37,集合住宅,鋼筋混凝土造,97年11月21日,十五層,,
RPQNMLTKJHLGFAB87CC,17,42.49,共用,鋼筋混凝土造,97年11月21日,十五層,,
RPQNMLTKJHLGFAB87CC,17,53.59,共用,鋼筋混凝土造,97年11月21日,十五層,,
RPXNMLSKJHLGFCB68CC,16,39.66,住家用,鋼筋混凝土造,98年8月13日,二十六層,,
RPXNMLSKJHLGFCB68CC,16,3.28,共有,鋼筋混凝土造,98年8月13日,二十六層,,
RPXNMLSKJHLGFCB68CC,16,15.60,共有,鋼筋混凝土造,98年8月13日,二十六層,,
RPPOMLSKJHLGFCB97CC,16,41.66,住家用,鋼筋混凝土造,98年8月13日,二十六層,,
RPPOMLSKJHLGFCB97CC,16,3.45,共有,鋼筋混凝土造,98年8月13日,二十六層,,
RPPOMLSKJHLGFCB97CC,16,16.44,共有,鋼筋混凝土造,98年8月13日,二十六層,,
RPTNMLTKJHLGFAB18CC,36,178.67,住家用,鋼筋混凝土造,79年4月4日,七層,,
RPRNMLTKJHLGFAB97CC,32,23.64,住家用,鋼筋混凝土造,83年2月4日,五層,,
RPTNMLTKJHLGFAB18CC,36,32.88,避難室，水塔，機械房，配電室，梯間,鋼筋混凝土造,79年4月4日,七層,,
RPWNMLTKJHLGFAB48CC,38,23.14,住商用,鋼筋混凝土造,76年12月24日,四層,,
RPRNMLTKJHLGFAB97CC,32,15.01,共有部分,鋼筋混凝土造,83年2月4日,五層,,
RPVNMLTKJHLGFAB38CC,29,24.38,住家用,鋼骨造,86年1月31日,二十八層,,
RPPOMLTKJHLGFAB87CC,31,22.77,住家用,鋼筋混凝土造,84年1月7日,十三層,,
RPQOMLTKJHLGFAB97CC,29,24.38,住家用,鋼骨造,86年1月31日,二十八層,,
RPVNMLTKJHLGFAB38CC,29,1.17,共同使用,鋼骨造,86年1月31日,二十八層,,
RPPOMLTKJHLGFAB87CC,31,3.51,梯間、水箱、機房,鋼筋混凝土造,84年1月7日,十三層,,
RPQOMLTKJHLGFAB97CC,29,1.17,共同使用,鋼骨造,86年1月31日,二十八層,,
RPVNMLTKJHLGFAB38CC,29,7.45,公共設施,鋼骨造,86年1月31日,二十八層,,
RPXNMLTKJHLGFAB58CC,43,39.61,住家用,鋼筋混凝土造,71年11月16日,十二層,,
RPPOMLTKJHLGFAB87CC,31,2.48,共有部份,鋼筋混凝土造,84年1月7日,十三層,,
RPQOMLTKJHLGFAB97CC,29,7.45,公共設施,鋼骨造,86年1月31日,二十八層,,
RPVNMLTKJHLGFAB38CC,29,4.55,共有部分,鋼骨造,86年1月31日,二十八層,,
RPXNMLTKJHLGFAB58CC,43,8.66,共有部份,鋼筋混凝土造,71年11月16日,十二層,,
RPPOMLTKJHLGFAB87CC,31,1.40,共有部份,鋼筋混凝土造,84年1月7日,十三層,,
RPQOMLTKJHLGFAB97CC,29,4.55,共有部分,鋼骨造,86年1月31日,二十八層,,
RPOOMLTKJHLGFAB77CC,30,23.67,集合住宅,鋼骨鋼筋混凝土造,85年5月20日,十九層,,
RPOOMLTKJHLGFAB77CC,30,4.39,共同使用,鋼骨鋼筋混凝土造,85年5月20日,十九層,,
RPOOMLTKJHLGFAB77CC,30,6.02,共同使用,鋼骨鋼筋混凝土造,85年5月20日,十九層,,
RPSNMLTKJHLGFAB08CC,46,89.57,住商用,鋼筋混凝土造,68年10月4日,十一層,,
RPROMLTKJHLGFAB08CC,30,24.42,集合住宅,鋼骨鋼筋混凝土造,85年1月19日,二十二層,,
RPROMLTKJHLGFAB08CC,30,2.31,樓梯間．機房．蓄水池,鋼骨鋼筋混凝土造,85年1月19日,二十二層,,
RPROMLTKJHLGFAB08CC,30,2.56,樓梯間,鋼骨鋼筋混凝土造,85年1月19日,二十二層,,
RPROMLTKJHLGFAB08CC,30,6.79,防空避難室兼停車空間．走道,鋼骨鋼筋混凝土造,85年1月19日,二十二層,,
RPROMLTKJHLGFAB08CC,30,8.38,走道,鋼骨鋼筋混凝土造,85年1月19日,二十二層,,
RPTOMLTKJHLGFAB28CC,2,63.92,集合住宅,鋼筋混凝土造,112年8月10日,十五層,,
RPUOMLTKJHLGFAB38CC,44,15.92,商業用,鋼筋混凝土造,70年8月15日,十三層,,
RPUOMLTKJHLGFAB38CC,44,5.66,梯間、避難室、餐廳、機房,鋼筋混凝土造,70年8月15日,十三層,,
RPTOMLTKJHLGFAB28CC,2,63.39,本共有部分係依使用執照之建築物概要表記載項目有：防空避難室兼停車空間、排煙室、樓梯間、一般昇降機、緊急昇降機、雨水機房、污水機房、消防機房、水箱、車道、停車空間、機房、緊急發電機室、台電配電場所、電信室、機車區、電表、梯廳、公共服務空間、資源回收室、門廳、無障礙廁所、梯間、水錶箱室、電梯機房等共計２５項。,鋼筋混凝土造,112年8月10日,十五層,,
RPSOMLTKJHLGFAB18CC,30,23.85,集合住宅,鋼骨鋼筋混凝土造,85年1月19日,二十二層,,
RPSOMLTKJHLGFAB18CC,30,2.24,樓梯間．機房．蓄水池,鋼骨鋼筋混凝土造,85年1月19日,二十二層,,
RPSOMLTKJHLGFAB18CC,30,2.53,樓梯間,鋼骨鋼筋混凝土造,85年1月19日,二十二層,,
RPSOMLTKJHLGFAB18CC,30,6.61,防空避難室兼停車空間．走道,鋼骨鋼筋混凝土造,85年1月19日,二十二層,,
RPSOMLTKJHLGFAB18CC,30,8.17,走道,鋼筋混凝土造,85年1月19日,二十二層,,
RPWNMLTKJHLGFBB58CC,34,110.00,住家用,鋼筋混凝土造,81年2月28日,十二層,,
RPWNMLTKJHLGFBB58CC,34,43.42,共有部分,鋼筋混凝土造,81年2月28日,十二層,,
RPTNMLTKJHLGFBB28CC,3,61.88,集合住宅,鋼筋混凝土造,111年9月7日,十四層,,
RPTNMLTKJHLGFBB28CC,3,29.41,本共有部分係依使用執照之建築概要表記載項目有：防空避難室兼停車空間，消防機房，水箱，噴灌機房，排煙室，安全梯，昇降梯間，車道，停車空間，水表空間，梯間，機房，電信機房，台電配電室，發電機房，排風管道，管委會空間，公共服務空間，垃圾貯藏室，門廊，梯廳（門廳），梯廳等２２項,鋼筋混凝土造,111年9月7日,十四層,,
RPOOMLTKJHLGFBB87CC,33,58.60,住家用,鋼筋混凝土造,81年10月23日,十二層,,
RPOOMLTKJHLGFBB87CC,33,13.91,共有部分,鋼筋混凝土造,81年10月23日,十二層,,
RPQNMLTKJHLGFBB97CC,37,12.97,住家用,鋼筋混凝土造,77年11月18日,五層,,
RPRNMLTKJHLGFBB08CC,30,25.18,住家用,鋼筋混凝土造,84年11月24日,二十四層,,
RPSNMLTKJHLGFBB18CC,30,24.79,住家用,鋼筋混凝土造,85年5月24日,十六層,,
RPRNMLTKJHLGFBB08CC,30,14.36,防空避難室，停車空間，門廳，樓梯間，機械室，水箱,鋼筋混凝土造,84年11月24日,二十四層,,
RPSNMLTKJHLGFBB18CC,30,7.66,共有部分,鋼筋混凝土造,85年5月24日,十六層,,
RPVNMLTKJHLGFBB48CC,44,35.20,住家用,鋼筋混凝土造,70年8月14日,十一層,,
RPSNMLTKJHLGFBB18CC,30,6.59,共有部分,鋼筋混凝土造,85年5月24日,十六層,,
RPPNMLTKJHLGFBB87CC,29,20.46,住家用,鋼筋混凝土造,85年7月15日,十四層,,
RPPNMLTKJHLGFBB87CC,29,6.58,共有部分,鋼筋混凝土造,85年7月15日,十四層,,
RPPNMLTKJHLGFBB87CC,29,4.93,共有部分,鋼筋混凝土造,85年7月15日,十四層,,
RPPNMLTKJHLGFBB87CC,29,.00,共有部分,鋼筋混凝土造,85年7月15日,十四層,,
RPUNMLTKJHLGFBB38CC,16,46.94,住家用,鋼筋混凝土造,98年9月2日,十二層,,
RPUNMLTKJHLGFBB38CC,16,42.15,共有部分,鋼筋混凝土造,98年9月2日,十二層,,
RPUNMLTKJHLGFBB38CC,16,12.73,共有部分,鋼筋混凝土造,98年9月2日,十二層,,
RPQPMLTKJHLGFAB08CC,54,71.40,住家用,見其他登記事項,61年4月24日,二層,,
RPSPMLTKJHLGFAB28CC,30,27.51,集合住宅,鋼骨鋼筋混凝土造,85年5月20日,十九層,,
RPSPMLTKJHLGFAB28CC,30,4.19,共同使用,鋼骨鋼筋混凝土造,85年5月20日,十九層,,
RPSPMLTKJHLGFAB28CC,30,6.02,共同使用,鋼骨鋼筋混凝土造,85年5月20日,十九層,,
RPOPMLTKJHLGFAB87CC,30,20.04,集合住宅,鋼筋混凝土造,85年5月6日,十八層,,
RPVOMLTKJHLGFAB48CC,31,100.41,住家用,鋼筋混凝土造,84年3月3日,十三層,,
RPOPMLTKJHLGFAB87CC,30,3.72,共同使用,鋼筋混凝土造,85年5月6日,十八層,,
RPVOMLTKJHLGFAB48CC,31,36.83,防空避難室、樓梯間、水箱、機械室,鋼筋混凝土造,84年3月3日,十三層,,
RPOPMLTKJHLGFAB87CC,30,4.19,共同使用,鋼筋混凝土造,85年5月6日,十八層,,
RPOPMLTKJHLGFAB87CC,30,1.00,共同使用,鋼筋混凝土造,85年5月6日,十八層,,
RPOPMLTKJHLGFAB87CC,30,1.52,共同使用,鋼筋混凝土造,85年5月6日,十八層,,
RPWOMLTKJHLGFAB58CC,33,23.63,住家用,鋼筋混凝土造,82年2月11日,七層,,
RPRPMLTKJHLGFAB18CC,33,123.54,集合住宅,鋼筋混凝土造,82年5月19日,十六層,,
RPWOMLTKJHLGFAB58CC,33,5.78,防空避難室．梯間．受電室,鋼筋混凝土造,82年2月11日,七層,,
RPRPMLTKJHLGFAB18CC,33,41.06,梯間、人行道、水塔、辦公室、機械房、守衛室,鋼筋混凝土造,82年5月19日,十六層,,
RPWOMLTKJHLGFAB58CC,33,5.26,共有部份,鋼筋混凝土造,82年2月11日,七層,,
RPXOMLTKJHLGFAB68CC,24,80.89,人行道，店舖,鋼骨造,90年12月17日,一層,,
RPQOMLTKJHLGFBB08CC,32,22.91,住家用,鋼筋混凝土造,82年9月3日,七層,,
RPPPMLTKJHLGFAB97CC,28,16.92,住家用,鋼筋混凝土造,87年5月20日,七層,,
RPQOMLTKJHLGFBB08CC,32,14.36,共有部分,鋼筋混凝土造,82年9月3日,七層,,
RPPPMLTKJHLGFAB97CC,28,11.38,共有部分,鋼筋混凝土造,87年5月20日,七層,,
RPPOMLTKJHLGFBB97CC,31,88.54,住家用,鋼筋混凝土造,84年4月15日,二十六層,,
RPPOMLTKJHLGFBB97CC,31,.00,共有部分,鋼骨鋼筋混凝土造,84年4月15日,二十六層,,
RPPOMLTKJHLGFBB97CC,31,.00,共有部分,鋼骨鋼筋混凝土造,84年4月15日,二十六層,,
RPPOMLTKJHLGFBB97CC,31,13.23,共有部分,鋼骨鋼筋混凝土造,84年4月15日,二十六層,,
RPPOMLTKJHLGFBB97CC,31,16.34,共有部分,鋼骨鋼筋混凝土造,84年4月15日,二十六層,,
RPROMLTKJHLGFBB18CC,28,90.52,住家用,鋼筋混凝土造,87年6月10日,十四層,,
RPROMLTKJHLGFBB18CC,28,42.08,共有部分,鋼筋混凝土造,87年6月10日,十四層,,
RPRNMLTKJHLGFCB18CC,35,89.74,住家用,鋼筋混凝土造,79年10月26日,六層,,
RPRNMLTKJHLGFCB18CC,35,47.38,共有部份,鋼筋混凝土造,79年10月26日,六層,,
RPPNMLTKJHLGFCB97CC,36,22.00,辦公室,鋼筋混凝土造,79年4月30日,八層,,
RPPNMLTKJHLGFCB97CC,36,5.89,共有部份,鋼筋混凝土造,79年4月30日,八層,,
RPPNMLTKJHLGFCB97CC,36,3.03,本共有部份係依臺中市政府都市發展局中市都管變使字第００１９０號記載項目有：走廊等一項,鋼筋混凝土造,79年4月30日,八層,,
RPTOMLTKJHLGFBB38CC,5,36.87,集合住宅,鋼筋混凝土造,109年10月22日,十四層,,
RPTOMLTKJHLGFBB38CC,5,22.29,本共有部分係依使用執照之建築概要表記載項目有：防空避難室兼停車空間，水箱，安全梯，排煙室，消防機房，雨污水機房，昇降機間，管道間，車道，停車空間，台電配電室，緊急發電機室，電信室，管委會使用空間，公共服務空間，資源回收室，戶外安全梯，機車停車空間，梯廳，機房，樓梯間，梯間，水錶機房，電梯機房等２４項,鋼筋混凝土造,109年10月22日,十四層,,
RPUNMLTKJHLGFCB48CC,29,17.35,住家用,鋼筋混凝土造,85年11月23日,七層,,
RPQNMLTKJHLGFCB08CC,40,89.97,住家用,鋼筋混凝土造,75年6月28日,五層,,
RPSNMLTKJHLGFCB28CC,2,65.30,集合住宅,鋼筋混凝土造,113年3月4日,二十四層,,
RPVNMLTKJHLGFCB58CC,34,64.57,住家用,鋼筋混凝土造,81年4月30日,七層,,
RPQNMLTKJHLGFCB08CC,40,15.31,共用部份,鋼筋混凝土造,75年6月28日,五層,,
RPVNMLTKJHLGFCB58CC,34,15.12,共有部份,鋼筋混凝土造,81年4月30日,七層,,
RPSNMLTKJHLGFCB28CC,2,33.44,本共有部份係依使用執照之建築概要表記載項目有：防空避難室兼停車空間、排煙室、昇降機道、安全梯、污水及雨水機械室、水箱、消防機械室、停車空間、昇降機間、消防中繼機械室、台電配電室、電信室、發電機械室、機械室、梯廳、車道、防災中心、特別安全梯、管委會使用空間、公共服務空間、垃圾資源回收室、走廊、梯間、水錶室等二十四項。,鋼筋混凝土造,113年3月4日,二十四層,,
RPWNMLTKJHLGFCB68CC,33,83.74,住家用,鋼筋混凝土造,82年4月20日,六層,,
RPWNMLTKJHLGFCB68CC,33,26.16,共有部份,鋼筋混凝土造,82年4月20日,六層,,
RPTNMLTKJHLGFCB38CC,31,97.90,住家用,鋼筋混凝土造,84年2月20日,十三層,,
RPTNMLTKJHLGFCB38CC,31,21.05,共有部份,鋼筋混凝土造,84年2月20日,十三層,,
RPTNMLTKJHLGFCB38CC,31,7.87,共有部份,鋼筋混凝土造,84年2月20日,十三層,,
RPOOMLTKJHLGFCB97CC,5,66.31,集合住宅,鋼筋混凝土造,109年8月14日,十五層,,
RPOOMLTKJHLGFCB97CC,5,46.65,本共有部份係依使用執照之建築概要表記載項目有：防空避難室兼停車空間、車道、安全梯、消防泵浦室、雨水機房、汙水機房、停車空間、台電配電室、廁所、緊急發電機室、垃圾暫存室、電信室、泳池機房、電錶室、梯廳、公共服務空間、盥洗室、游泳池、水池、發電機排風管道等二十項。,鋼筋混凝土造,109年8月14日,十五層,,
RPOOMLTKJHLGFCB97CC,5,24.60,本共有部分係依使用執照之建築概要表記載項目有：排煙室兼梯廳、水箱、戶外安全梯、安全梯、昇降設備、梯廳、電梯機房等七項。,鋼筋混凝土造,109年8月14日,十五層,,
RPXNMLTKJHLGFCB78CC,31,114.56,住家用,鋼筋混凝土造,84年2月8日,八層,,
RPXNMLTKJHLGFCB78CC,31,29.14,共有部分,鋼筋混凝土造,84年2月8日,八層,,
RPXNMLTKJHLGFCB78CC,31,11.86,共有部分,鋼筋混凝土造,84年2月8日,八層,,
RPUOMLTKJHLGFCB58CC,29,23.22,住家用,鋼筋混凝土造,86年2月3日,十五層,,
RPUOMLTKJHLGFCB58CC,29,12.35,共用部份,鋼筋混凝土造,86年2月3日,十五層,,
RPSOMLTKJHLGFCB38CC,28,23.93,辦公室,鋼筋混凝土造,86年12月16日,二十三層,,
RPXOMLTKJHLGFCB88CC,3,20.06,寄宿舍,鋼筋混凝土造,111年7月28日,七層,,
RPSOMLTKJHLGFCB38CC,28,4.17,共有部份,鋼筋混凝土造,86年12月16日,二十三層,,
RPQPMLTKJHLGFCB28CC,8,48.54,集合住宅,鋼筋混凝土造,107年1月29日,十二層,,
RPXOMLTKJHLGFCB88CC,3,13.67,本共有部分係依使用執照之建築概要表記載項目有：防空避難室兼停車空間、台電配電室、消防及發電機房、電信室、水箱、樓梯間、無障礙昇降機、梯廳、辦公室、管委會使用空間、親子廁所、無障礙廁所、資源回收空間、機房、機房＋管道間、走廊、車道、管道間等十八項。,鋼筋混凝土造,111年7月28日,七層,,
RPSOMLTKJHLGFCB38CC,28,3.49,共有部份,鋼筋混凝土造,86年12月16日,二十三層,,
RPPOMLTKJHLGFCB08CC,28,31.98,辦公室,鋼筋混凝土造,86年12月16日,二十三層,,
RPSOMLTKJHLGFCB38CC,28,4.46,共有部份,鋼筋混凝土造,86年12月16日,二十三層,,
RPQPMLTKJHLGFCB28CC,8,15.62,本共有部份係依使用執照之建築概要表記載項目有：管委會使用空間、行動不便電梯、電梯、樓梯間、排煙室、梯廳、門廳、緊急升降電梯、外廊、管道間、水錶室、機械室、子母水箱等１３項。,鋼筋混凝土造,107年1月29日,十二層,,
RPPOMLTKJHLGFCB08CC,28,5.31,共有部份,鋼筋混凝土造,86年12月16日,二十三層,,
RPVOMLTKJHLGFCB68CC,31,133.05,住商用,鋼筋混凝土造,83年9月12日,十三層,,
RPQPMLTKJHLGFCB28CC,8,40.15,本共有部份係依使用執照之建築概要表記載項目有：梯廳、停車空間、消防機房、樓梯間、行動不便電梯、電梯、雨水汙水機械室、水箱、車道、陸上型揚水泵、泳池水箱、機械室、電信室、機房、防空避難室兼停車空間、機車停車空間、垃圾集中室、台電配電室、電錶室、受電室、發電機室等２１項。,鋼筋混凝土造,107年1月29日,十二層,,
RPWOMLTKJHLGFCB78CC,3,20.90,寄宿舍,鋼筋混凝土造,111年7月28日,七層,,
RPPOMLTKJHLGFCB08CC,28,4.58,共有部份,鋼筋混凝土造,86年12月16日,二十三層,,
RPVOMLTKJHLGFCB68CC,31,34.78,住家用,鋼筋混凝土造,83年9月12日,十三層,,
RPPOMLTKJHLGFCB08CC,28,5.36,共有部份,鋼筋混凝土造,86年12月16日,二十三層,,
RPWOMLTKJHLGFCB78CC,3,14.24,本共有部分係依使用執照之建築概要表記載項目有：防空避難室兼停車空間、台電配電室、消防及發電機房、電信室、水箱、樓梯間、無障礙昇降機、梯廳、辦公室、管委會使用空間、親子廁所、無障礙廁所、資源回收空間、機房、機房＋管道間、走廊、車道、管道間等十八項。,鋼筋混凝土造,111年7月28日,七層,,
RPOPMLTKJHLGFCB08CC,3,19.70,寄宿舍,鋼筋混凝土造,111年7月28日,七層,,
RPOPMLTKJHLGFCB08CC,3,13.44,本共有部分係依使用執照之建築概要表記載項目有：防空避難室兼停車空間、台電配電室、消防及發電機房、電信室、水箱、樓梯間、無障礙昇降機、梯廳、辦公室、管委會使用空間、親子廁所、無障礙廁所、資源回收空間、機房、機房＋管道間、走廊、車道、管道間等十八項。,鋼筋混凝土造,111年7月28日,七層,,
RPROMLTKJHLGFCB28CC,28,30.77,辦公室,鋼筋混凝土造,86年12月16日,二十三層,,
RPROMLTKJHLGFCB28CC,28,5.31,共有部份,鋼筋混凝土造,86年12月16日,二十三層,,
RPROMLTKJHLGFCB28CC,28,4.36,共有部份,鋼筋混凝土造,86年12月16日,二十三層,,
RPROMLTKJHLGFCB28CC,28,5.36,共有部份,鋼筋混凝土造,86年12月16日,二十三層,,
RPRPMLTKJHLGFCB38CC,3,115.95,集合住宅,鋼筋混凝土造,112年2月15日,二十四層,,
RPRPMLTKJHLGFCB38CC,3,90.12,本共有部分係依使用執照之建築物概要表記載項目有：防空避難室兼停車空間、消防機房、污水機房、水箱、排煙室、梯廳、樓梯間、昇降機間、停車空間、電信室、台電配電室、緊急發電機室、防災中心、消防中繼機房、管委會使用空間、沿街步道式開放空間（有頂蓋型）、無障礙廁所、門廳、垃圾集中室、管理室、儲藏室、車道、梯間、水錶箱室、消防中繼水箱、電梯機房等２６項。,鋼筋混凝土造,112年2月15日,二十四層,,
RPQOMLTKJHLGFCB18CC,31,13.99,住家用,鋼筋混凝土造,83年9月30日,十二層,,
RPQOMLTKJHLGFCB18CC,31,7.07,共有部分,鋼筋混凝土造,83年9月30日,十二層,,
RPTOMLTKJHLGFCB48CC,5,52.80,集合住宅,鋼筋混凝土造,109年8月14日,十五層,,
RPTOMLTKJHLGFCB48CC,5,43.51,本共有部份係依使用執照之建築概要表記載項目有：防空避難室兼停車空間、車道、安全梯、消防泵浦室、雨水機房、汙水機房、停車空間、台電配電室、廁所、緊急發電機室、垃圾暫存室、電信室、泳池機房、電錶室、梯廳、公共服務空間、盥洗室、游泳池、水池、發電機排風管道等二十項。,鋼筋混凝土造,109年8月14日,十五層,,
RPPPMLTKJHLGFCB18CC,3,19.93,寄宿舍,鋼筋混凝土造,111年7月28日,七層,,
RPTOMLTKJHLGFCB48CC,5,19.61,本共有部分係依使用執照之建築概要表記載項目有：排煙室兼梯廳、水箱、戶外安全梯、安全梯、昇降設備、梯廳、電梯機房等七項。,鋼筋混凝土造,109年8月14日,十五層,,
RPPPMLTKJHLGFCB18CC,3,13.60,本共有部分係依使用執照之建築概要表記載項目有：防空避難室兼停車空間、台電配電室、消防及發電機房、電信室、水箱、樓梯間、無障礙昇降機、梯廳、辦公室、管委會使用空間、親子廁所、無障礙廁所、資源回收空間、機房、機房＋管道間、走廊、車道、管道間等十八項。,鋼筋混凝土造,111年7月28日,七層,,
RPQNMLTKJHLGFDB18CC,36,26.00,避難室、店舖、住宅、梯間,鋼筋混凝土造,79年1月17日,六層,,
RPRNMLTKJHLGFDB28CC,36,26.00,避難室、店舖、住宅、梯間,鋼筋混凝土造,79年1月17日,六層,,
RPVPMLTKJHLGFCB78CC,34,22.74,住家用,鋼筋混凝土造,80年12月6日,十二層,,
RPUPMLTKJHLGFCB68CC,31,25.40,住家用,鋼筋混凝土造,84年1月21日,十九層,,
RPVPMLTKJHLGFCB78CC,34,19.44,共有部份,鋼筋混凝土造,80年12月6日,十二層,,
RPUPMLTKJHLGFCB68CC,31,4.57,共有部份,鋼筋混凝土造,84年1月21日,十九層,,
RPUPMLTKJHLGFCB68CC,31,5.46,共有部份,鋼筋混凝土造,84年1月21日,十九層,,
RPQNMLTKJHLGFFB38CC,2,68.89,集合住宅,鋼筋混凝土造,113年4月11日,二十四層,,
RPQNMLTKJHLGFFB38CC,2,33.26,防空避難室兼停車空間、排煙室、水箱、消防機械室、污水機房、緊急昇降機行動不便者、一般昇降機、安全梯、停車空間、消防中繼水箱、消防中繼機房、車道、台電配電室、電信室、發電機室、泳池機房、機車停車空間、特別安全梯、管委會使用空間、走廊、垃圾暫存室、防災中心、梯廳、水錶室、戶外安全梯、梯間、昇降機道、機械室等２８項。,鋼筋混凝土造,113年4月11日,二十四層,,
RPSPMLTKJHLGFCB48CC,28,17.92,住家用,鋼筋混凝土造,87年4月28日,十四層,,
RPSPMLTKJHLGFCB48CC,28,11.15,共用部份,鋼筋混凝土造,87年4月28日,十四層,,
RPTPMLTKJHLGFCB58CC,28,31.98,辦公室,鋼筋混凝土造,86年12月16日,二十三層,,
RPTPMLTKJHLGFCB58CC,28,5.31,共有部份,鋼筋混凝土造,86年12月16日,二十三層,,
RPTPMLTKJHLGFCB58CC,28,4.58,共有部份,鋼筋混凝土造,86年12月16日,二十三層,,
RPTPMLTKJHLGFCB58CC,28,5.36,共有部份,鋼筋混凝土造,86年12月16日,二十三層,,
RPWPMLTKJHLGFCB88CC,34,23.53,住家用,鋼筋混凝土造,80年12月6日,十二層,,
RPUNMLTKJHLGFDB58CC,36,26.00,避難室、店舖、住宅、梯間,鋼筋混凝土造,79年1月17日,六層,,
RPWPMLTKJHLGFCB88CC,34,15.97,共有部份,鋼筋混凝土造,80年12月6日,十二層,,
RPVNMLTKJHLGFIB56CC,52,133.07,住家用,加強磚造,62年12月24日,一層,,
RPOOMLTKJHLGFFB28CC,1,65.62,集合住宅,鋼筋混凝土造,113年12月28日,十五層,,
RPOOMLTKJHLGFFB28CC,1,54.43,消防機房、雨水機房、汙水機房、水景機房、停車空間、車道、樓梯間、昇降機間、水箱、防空避難室兼停車空間、台電配電室、發電機房、電信機房、人行道、社區公共設施空間、資源回收室、梯廳、排煙室、管理委員會使用空間、門廳、機械室、水錶室等２２項。,鋼筋混凝土造,113年12月28日,十五層,,
RPRNMLTKJHLGFFB48CC,44,183.42,農舍、梯間,加強磚造,70年10月21日,二層,,
RPWNMLTKJHLGFFB98CC,6,55.56,集合住宅,鋼筋混凝土造,109年3月12日,七層,,
RPRNMLTKJHLGFIB78CC,23,339.72,店舖、住宅、辦公室、停車空間、人行道、梯間,鋼筋混凝土造,92年5月22日,四層,,
RPPNMLTKJHLGFHB48CC,37,98.70,住宅　梯間,加強磚造,77年10月20日,二層,,
RPTNMLTKJHLGFFB68CC,8,88.69,集合住宅,鋼筋混凝土造,106年10月27日,十五層,,
RPSNMLTKJHLGFIB88CC,23,339.72,店舖、住宅、辦公室、停車空間、人行道、梯間,鋼筋混凝土造,92年5月22日,四層,,
RPTNMLTKJHLGFFB68CC,8,14.97,梯廳〔風除室，門廳〕，車道，進風機，管委會使用空間，電信機房，排風機房，機房，機車停車位，電表區，台電配電室，發電機室，外廊，汙水機房，消防機房，管委會使用空間〔垃圾暫存空間〕,鋼筋混凝土造,106年10月27日,十五層,,
RPTNMLTKJHLGFFB68CC,8,38.64,防空避難室兼停車空間、車道、停車空間、台電通道,鋼筋混凝土造,106年10月27日,十五層,,
RPQNMLTKJHLGFIB68CC,3,72.81,集合住宅,鋼筋混凝土造,111年8月25日,五層,,
RPTNMLTKJHLGFFB68CC,8,28.23,樓梯間、水錶室、梯廳兼排煙室、特別安全梯、電梯機房、排煙機房、消防水箱、水箱、機房、水箱機房,鋼筋混凝土造,106年10月27日,十五層,,
RPWNMLTKJHLGFFB98CC,6,30.40,停車空間，汙水機房，水箱，一般安全梯，消防機械室，發電機室，梯廳，防空避難室兼停車空間，機車停車區，台電配電室，電信室，電表室，受電箱區，車道，管委會使用空間，公共服務空間，樓梯間，水表室，機房等１９項,鋼筋混凝土造,109年3月12日,七層,,
RPQNMLTKJHLGFIB68CC,3,25.03,本共有部分之項目有停車空間，機械設備空間，共同梯廳等３項。,鋼筋混凝土造,111年8月25日,五層,,
RPQNMLTKJHLGFIB68CC,3,19.58,本共有部分之項目有樓梯間，共同梯廳，水箱間等３項。,鋼筋混凝土造,111年8月25日,五層,,
RPTNMLTKJHLGFIB98CC,7,60.79,集合住宅,鋼筋混凝土造,107年10月19日,十一層,,
RPTNMLTKJHLGFIB98CC,7,30.63,本共有部分之項目有：停車空間、發電機室、消防、污水、嘖灌機房、水箱室、防空避難室兼停車空間、台電配電室、電信室及貯藏室、管委會使用空間、樓梯間、電梯間、水錶室、電梯機房、安全梯、梯廳等１６項,鋼筋混凝土造,107年10月19日,十一層,,
RPUNMLTKJHLGFIB09CC,3,50.64,集合住宅,鋼筋混凝土造,111年8月5日,二十層,,
RPUNMLTKJHLGFIB09CC,3,35.03,停車空間、梯廳、昇降機、無障礙電梯、樓梯間、車道、機房、雨、污水機械室、消防機械室兼消防中繼機械室、水箱、機械室、公共水箱、泳池機房、水景機房、機房機械室、電信室、發電機房、垃圾貯存空間、台電配電場所、電錶區等２０項。,鋼筋混凝土造,111年8月5日,二十層,,
RPUNMLTKJHLGFIB09CC,3,16.45,管委會使用空間、梯廳、排煙室、緊急昇降機、昇降機、無障礙電梯、防災中心、警衛室、游泳池、樓梯間、水錶室、消防中繼機械室、消防水箱、設備空間、機械室、自來水箱等１６項。,鋼筋混凝土造,111年8月5日,二十層,,
RPPNMLTKJHLGFFB28CC,3,74.16,集合住宅,鋼筋混凝土造,112年2月22日,十五層,,
RPPNMLTKJHLGFGB38CC,27,169.18,住房．停車空間,鋼筋混凝土造,87年8月21日,三層,,
RPPNMLTKJHLGFFB28CC,3,64.37,防空避難室兼停車空間、梯間、消防機房、蓄水池、車道、汙雨水機房、昇降機間、安全梯、排煙室、停車空間、電信機房、台電配電場所、發電機室、管委會空間、頂蓋型開放空間、門廊、機房、無障礙廁所、特別安全梯、梯廳、水錶室、水箱、昇降機機房等２３項,鋼筋混凝土造,112年2月22日,十五層,,
RPPOMLTKJHLGFIB68CC,41,86.54,集合住宅,鋼筋混凝土造,73年12月15日,五層,,
RPPOMLTKJHLGFIB68CC,41,3.58,共有部份,鋼筋混凝土造,73年12月15日,五層,,
RPXNMLTKJHLGFIB76CC,2,51.12,集合住宅,鋼筋混凝土造,113年5月17日,十二層,,
RPPOMLTKJHLGFIB68CC,41,5.60,共有部份,鋼筋混凝土造,73年12月15日,五層,,
RPXNMLTKJHLGFIB76CC,2,54.00,本共有部分之項目有防空避難室兼停車空間、升降機間、安全梯、無障礙樓梯、梯廳、水箱、發電兼消防機房、汙雨水機房兼景觀機房、停車空間、台電配電室、電信室、受電箱區、電錶區、管委會空間、戶外安全梯、一般升降機、梯間、水表室、電梯機房等１９項。,鋼筋混凝土造,113年5月17日,十二層,,
RPOOMLTKJHLGFIB58CC,21,221.32,住房．停車空間．自用倉庫．機電設備室,鋼筋混凝土造,94年4月28日,五層,,
RPWNMLTKJHLGFIB66CC,30,166.38,住宅、梯間,鋼筋混凝土造,85年1月17日,三層,,
RPPNMLTKJHLGFJB68CC,51,55.48,自用農舍,加強磚造,64年5月16日,二層,,
RPSNMLTKJHLGFJB98CC,31,95.30,集合住宅,鋼筋混凝土造,83年9月27日,七層,,
RPQNMLTKJHLGFJB78CC,26,13.15,集合住宅,鋼筋混凝土造,88年9月9日,十層,,
RPSNMLTKJHLGFJB98CC,31,21.21,集合住宅、水塔、店舖、梯間、防空避難室、機械所,鋼筋混凝土造,83年9月27日,七層,,
RPQNMLTKJHLGFKB88CC,2,61.19,集合住宅,鋼筋混凝土造,113年3月29日,五層,,
RPQNMLTKJHLGFJB78CC,26,7.21,防空避難室兼停車空間、梯間、機械室、水箱,鋼筋混凝土造,88年9月9日,十層,,
RPSNMLTKJHLGFJB98CC,31,9.75,停車空間,鋼筋混凝土造,83年9月27日,七層,,
RPRNMLTKJHLGFJB88CC,43,77.46,集合住宅、梯間,鋼筋混凝土造,71年12月31日,五層,,
RPQNMLTKJHLGFKB88CC,2,24.31,梯廳、安全梯兼無障礙樓梯、電信室、停車空間、樓梯間、水塔,鋼筋混凝土造,113年3月29日,五層,,
RPRNMLTKJHLGFJB88CC,43,2.68,梯間,鋼筋混凝土造,71年12月31日,五層,,
RPPNMLTKJHLGFKB78CC,22,72.91,住家用,鋼筋混凝土造,93年3月23日,五層,,
RPPNMLTKJHLGFKB78CC,,21.22,門廳、停車空間、樓梯間、水箱室,鋼筋混凝土造,,五層,,
RPRNMLTKJHLGFKB98CC,37,9.92,自用儲存室、集合住宅,鋼筋混凝土造,77年12月25日,四層,,
RPTNMLTKJHLGFJB09CC,3,86.49,集合住宅,鋼筋混凝土造,112年6月7日,十五層,,
RPTNMLTKJHLGFJB09CC,3,66.55,防空避難室兼停車空間、排煙室、樓梯間、一般昇降機、緊急昇降機、消防機房、汙雨水處理機房、水箱、車道、停車空間、台電配電場所、緊急發電機室、電信室、機車停車區、門廳兼梯廳、管委會空間、無障礙廁所、梯間、垃圾集中室、梯廳、門廳、水錶箱室、電梯機房等２３項,鋼筋混凝土造,112年6月7日,十五層,,
RPVNMLTKJHLGFJB66CC,7,90.98,集合住宅,鋼筋混凝土造,107年8月31日,十五層,,
RPVNMLTKJHLGFJB66CC,7,74.96,停車空間、消防機房、污水雨水機房、水箱、樓梯間、排煙室、昇降機間、車道、電信機房、水景機房、台電配電室、發電機房、防空避難室停車空間、機械室、公共服務空間、管理委員會使用空間、門廳、資源回收室、梯廳、走廊等２０項,鋼筋混凝土造,107年8月31日,十五層,,
RPPNMLKLJHLGFAB96CC,34,17.44,住家用,鋼筋混凝土造,80年11月18日,十二層,,
RPPNMLKLJHLGFAB96CC,34,5.91,共有部份,鋼筋混凝土造,80年11月18日,十二層,,
RPUNMLTKJHLGFJB56CC,11,87.81,集合住宅,鋼筋混凝土造,103年8月6日,十五層,,
RPUNMLTKJHLGFJB56CC,11,50.82,停車空間、梯廳、安全梯、水箱、發電機室、消防機械室、防空避難室兼停車空間、機械室、台電配電室、電信室,鋼筋混凝土造,103年8月6日,十五層,,
RPUNMLTKJHLGFJB56CC,11,26.65,公共服務空間、頂蓋型廣場式開放空間、梯廳、戶外安全梯,鋼筋混凝土造,103年8月6日,十五層,,
RPSNMLTKJHLGFKB09CC,46,115.92,住家用,加強磚造,68年7月9日,二層,,
RPSNMLKLJHLGFAB27CC,32,28.35,住家用,鋼筋混凝土造,83年2月4日,五層,,
RPRNMLKLJHLGFAB17CC,30,31.37,集合住宅,鋼骨鋼筋混凝土造,85年5月20日,十九層,,
RPTNMLTKJHLGFKB56CC,5,43.38,集合住宅,鋼筋混凝土造,109年10月15日,十二層,,
RPSNMLKLJHLGFAB27CC,32,19.01,共有部分,鋼筋混凝土造,83年2月4日,五層,,
RPRNMLKLJHLGFAB17CC,30,1.33,共同使用,鋼骨鋼筋混凝土造,85年5月20日,十九層,,
RPQNMLKLJHLGFAB07CC,3,88.05,集合住宅,鋼筋混凝土造,112年7月6日,十五層,,
RPTNMLTKJHLGFKB56CC,5,44.75,防空避難室兼停車空間、雨水機房、排煙室、水箱、汙水機房、消防發電機室、停車空間、台電配電室、電錶室、電信室、景觀機房、公共服務空間、管委會使用空間、梯廳兼排煙室、門廳、車道、梯廳、戶外安全梯、樓梯間、機械室、水錶室、電梯機室,鋼筋混凝土造,109年10月15日,,,
RPRNMLKLJHLGFAB17CC,30,6.02,共同使用,鋼骨鋼筋混凝土造,85年5月20日,十九層,,
RPQNMLKLJHLGFAB07CC,3,69.77,本共有部分係依使用執照之建築概要表記載項目有：停車空間、排煙室、緊急昇降機、昇降機、消防機房、雨水汙水機房、安全梯、水箱、行動不便安全梯、車道、電信機房、防空避難室兼停車空間、台電配電室、機械室、發電機房、水景機房、公共服務空間、管委會空間、環保室、門廳、外廊、梯廳、機房、戶外安全梯、走廊、行動不便戶外安全梯、梯間、水錶室、電梯機房等共計２９項。,鋼筋混凝土造,112年7月6日,十五層,,
RPTNMLKLJHLGFAB37CC,27,36.96,住家用,鋼筋混凝土造,87年8月12日,五層,,
RPTNMLKLJHLGFAB37CC,27,8.72,共有部份,鋼筋混凝土造,87年8月12日,五層,,
RPUNMLKLJHLGFAB47CC,27,62.81,住家用,鋼筋混凝土造,87年9月30日,十二層,,
RPUNMLKLJHLGFAB47CC,27,17.22,共有部分,鋼筋混凝土造,87年9月30日,十三層,,
RPVNMLKLJHLGFAB57CC,27,62.81,住家用,鋼筋混凝土造,87年9月30日,十二層,,
RPVNMLKLJHLGFAB57CC,27,17.22,共有部份,鋼筋混凝土造,87年9月30日,十三層,,
RPXNMLKLJHLGFAB77CC,30,20.04,集合住宅,鋼筋混凝土造,85年5月6日,十八層,,
RPXNMLKLJHLGFAB77CC,30,3.72,共同使用,鋼筋混凝土造,85年5月6日,十八層,,
RPWNMLKLJHLGFAB67CC,38,20.85,住商用,鋼筋混凝土造,76年12月24日,四層,,
RPXNMLKLJHLGFAB77CC,30,4.19,共同使用,鋼筋混凝土造,85年5月6日,十八層,,
RPXNMLKLJHLGFAB77CC,30,1.00,共同使用,鋼筋混凝土造,85年5月6日,十八層,,
RPXNMLKLJHLGFAB77CC,30,1.52,共同使用,鋼筋混凝土造,85年5月6日,十八層,,
RPOOMLKLJHLGFAB96CC,54,94.40,住家用,見其他登記事項,60年11月24日,二層,,
RPQNMLKLJHLGFBB17CC,5,84.02,集合住宅,鋼筋混凝土造,109年8月20日,十五層,,
RPQNMLKLJHLGFBB17CC,5,65.21,本共有部分係依使用執照之建築概要表記載項目有：防空避難室兼停車空間，樓梯間，昇降機間，水箱，消防機房，排煙室，雨水機房，停車空間，梯廳，電信室，台電配電室，電錶室，車道，機械室，門廳，頂蓋型開放空間，走廊，水錶箱室，公共服務空間，資源回收中心，電梯機房，發電機房等２２項,鋼筋混凝土造,109年8月20日,十五層,,
RPTNMLKLJHLGFBB47CC,31,19.86,住家用,鋼筋混凝土造,84年1月13日,九層,,
RPTNMLKLJHLGFBB47CC,31,7.77,共有部分,鋼筋混凝土造,84年1月13日,九層,,
RPVNMLKLJHLGFBB67CC,30,20.42,住家用,鋼筋混凝土造,84年11月24日,二十四層,,
RPVNMLKLJHLGFBB67CC,30,13.76,防空避難室，停車空間，門廳，樓梯間，機械室，水箱,鋼筋混凝土造,84年11月24日,二十四層,,
RPSNMLKLJHLGFBB37CC,33,99.95,住家用,鋼筋混凝土造,82年4月21日,七層,,
RPSNMLKLJHLGFBB37CC,33,23.25,共有部分,鋼筋混凝土造,82年4月21日,七層,,
RPSNMLKLJHLGFBB37CC,33,20.26,共有部分,鋼筋混凝土造,82年4月21日,七層,,
RPRNMLKLJHLGFBB27CC,7,63.43,集合住宅,鋼筋混凝土造,108年5月13日,二十一層,,
RPRNMLKLJHLGFBB27CC,7,41.82,本共有部份係依使用執照之建築概要表記載項目有：防空避難室兼停車空間，消防機械室，雨污水機房，安全梯，機械室，停車空間，泳池水箱，消防中繼機房，電信室，景觀機房，發電機室，防災中心，垃圾儲藏室，台電配電室，門廳，管委會使用空間等１６項。,鋼筋混凝土造,108年5月13日,二十二層,,
RPRNMLKLJHLGFBB27CC,7,21.54,本共有部份係依使用執照之建築概要表記載項目有：水箱，緊急昇降機間排煙室，揚水機房，特別安全梯，排煙室，梯廳，安全梯，電梯間，噴灌機房，消防中繼機房，自來水水箱，消防水箱，機械室等１３項。,鋼筋混凝土造,108年5月13日,二十一層,,
RPUNMLKLJHLGFBB57CC,27,24.48,住家用,鋼筋混凝土造,88年6月16日,二十層,,
RPUNMLKLJHLGFBB57CC,27,4.21,共有部分,鋼筋混凝土造,88年6月16日,二十層,,
RPUNMLKLJHLGFBB57CC,27,.84,共有部分,鋼筋混凝土造,88年6月16日,二十層,,
RPUNMLKLJHLGFBB57CC,27,7.48,共有部分,鋼筋混凝土造,88年6月16日,二十層,,
RPUOMLKLJHLGFAB57CC,32,23.64,住家用,鋼筋混凝土造,83年2月4日,五層,,
RPUOMLKLJHLGFAB57CC,32,15.01,共有部分,鋼筋混凝土造,83年2月4日,五層,,
RPWOMLKLJHLGFAB77CC,27,69.21,集合住宅,鋼筋混凝土造,87年9月18日,十四層,,
RPWOMLKLJHLGFAB77CC,27,38.90,共有部份,鋼筋混凝土造,87年9月18日,十四層,,
RPWOMLKLJHLGFAB77CC,27,9.11,共有部份,鋼筋混凝土造,87年9月18日,十四層,,
RPROMLKLJHLGFAB27CC,35,25.48,住家用,鋼筋混凝土造,79年11月16日,十二層,,
RPPOMLKLJHLGFAB07CC,31,23.15,住家用,鋼筋混凝土造,84年1月13日,十九層,,
RPROMLKLJHLGFAB27CC,35,7.10,共有部分,鋼筋混凝土造,79年11月16日,十二層,,
RPPOMLKLJHLGFAB07CC,31,3.81,共有部份,鋼筋混凝土造,84年1月13日,十九層,,
RPWNMLKLJHLGFBB77CC,6,79.31,集合住宅,鋼筋混凝土造,109年6月25日,十二層,,
RPWNMLKLJHLGFBB77CC,6,76.49,本共有部分係依使用執照之建築概要表記載項目有：停車空間，排煙室，樓梯間，昇降機間，消防機房，汙水機房，防空避難室兼停車空間，水箱，雨水機房，台電配電室，緊急發電機室，電信室，機房，梯廳，機車停車區，公設（健身房，交誼廳，宅配室，會議室），垃圾集中室，電梯機房，水錶箱室，無障礙廁所，梯間等２４項。,鋼筋混凝土造,109年6月25日,十二層,,
RPPOMLKLJHLGFAB07CC,31,8.34,梯間．水箱．機械室,鋼筋混凝土造,84年1月13日,十九層,,
RPQOMLKLJHLGFAB17CC,32,23.64,住家用,鋼筋混凝土造,83年2月4日,五層,,
RPQOMLKLJHLGFAB17CC,32,15.01,共有部分,鋼筋混凝土造,83年2月4日,五層,,
RPTOMLKLJHLGFAB47CC,31,20.35,住家用,鋼筋混凝土造,83年7月14日,十三層,,
RPTOMLKLJHLGFAB47CC,31,5.68,梯間,鋼筋混凝土造,83年7月14日,十三層,,
RPTOMLKLJHLGFAB47CC,31,4.90,防空避難室兼停車空間．水箱．梯間．機房．停車場,鋼筋混凝土造,83年7月14日,十三層,,
RPOPMLKLJHLGFAB07CC,3,82.39,集合住宅,鋼筋混凝土造,112年4月26日,二十四層,,
RPOPMLKLJHLGFAB07CC,3,42.33,本共有部分係依使用執照之建築物概要表記載項目有：防空避難室兼停車空間、一般升降機、緊急升降機、安全梯、梯廳、排煙室、水箱、機房、消防機房、雨水機房、停車空間、中繼機房、防災中心、台電配電室、緊急發電機房、電信室、受電箱區、電表區等１８項。,鋼筋混凝土造,112年4月26日,二十四層,,
RPOPMLKLJHLGFAB07CC,3,4.85,本共有部分係依使用執照之建築物概要表記載項目有：管委會使用空間、一般升降機、緊急升降機、安全梯、排煙室、梯廳、集中式垃圾貯存空間、警衛室、停車空間等９項。,鋼筋混凝土造,112年4月26日,二十四層,,
RPOPMLKLJHLGFAB07CC,3,24.03,本共有部分係依使用執照之建築物概要表記載項目有：一般升降機、緊急升降機、安全梯、梯廳、梯廳兼排煙室、機械室、樓梯間、中繼機房、水錶室、水箱等１０項。,鋼筋混凝土造,112年4月26日,二十四層,,
RPXNMLKLJHLGFBB87CC,2,21.81,室內停車空間、住宅、樓梯間,鋼筋混凝土造,113年7月12日,五層,,
RPOOMLKLJHLGFBB07CC,5,46.34,集合住宅,鋼筋混凝土造,109年8月20日,十五層,,
RPOOMLKLJHLGFBB07CC,5,47.74,本共有部分係依使用執照之建築概要表記載項目有：防空避難室兼停車空間，樓梯間，昇降機間，水箱，消防機房，排煙室，雨水機房，停車空間，梯廳，電信室，台電配電室，電錶室，車道，機械室，門廳，頂蓋型開放空間，走廊，水錶箱室，公共服務空間，資源回收中心，電梯機房，發電機房等２２項,鋼筋混凝土造,109年8月20日,十五層,,
RPPOMLKLJHLGFBB17CC,28,125.97,住家用,鋼筋混凝土造,86年11月7日,五層,,
RPPOMLKLJHLGFBB17CC,28,17.09,共有部分,鋼筋混凝土造,86年11月7日,五層,,
RPROMLKLJHLGFBB37CC,2,19.50,室內停車空間、住宅、樓梯間,鋼筋混凝土造,113年7月12日,五層,,
RPSOMLKLJHLGFAB37CC,2,56.57,集合住宅,鋼筋混凝土造,113年6月24日,十層,,
RPSOMLKLJHLGFAB37CC,2,49.53,本共有部分係依使用執照之建築概要表記載項目有：防空避難室兼停車空間、排煙室、機電設備空間、緊急昇降機道、一般昇降機道、安全梯、消防機械室、污雨水機械室、水箱、停車空間、台電配電室、發電機室、電信室、梯廳、戶外安全梯、車道、管委會使用空間、梯間、水錶室、機械室等２０項。,鋼筋混凝土造,113年6月24日,十層,,
RPTOMLKLJHLGFBB57CC,28,92.79,住家用,鋼筋混凝土造,87年6月10日,十四層,,
RPSOMLKLJHLGFBB47CC,30,25.69,住家用,鋼筋混凝土造,84年11月27日,七層,,
RPTOMLKLJHLGFBB57CC,28,39.93,共有部分,鋼筋混凝土造,87年6月10日,十四層,,
RPSOMLKLJHLGFBB47CC,30,12.67,共有部分,鋼筋混凝土造,84年11月27日,七層,,
RPUOMLKLJHLGFBB67CC,31,23.93,住家用,鋼筋混凝土造,84年3月8日,十三層,,
RPUOMLKLJHLGFBB67CC,31,3.67,共有部分,鋼筋混凝土造,84年3月8日,十四層,,
RPUOMLKLJHLGFBB67CC,31,7.67,共有部分,鋼筋混凝土造,84年3月8日,十四層,,
RPWOMLKLJHLGFBB87CC,26,95.37,住家用,鋼筋混凝土造,88年9月8日,十四層,,
RPWOMLKLJHLGFBB87CC,26,32.69,共有部分,鋼筋混凝土造,88年9月8日,十四層,,
RPXOMLKLJHLGFBB97CC,32,124.07,住家用,鋼筋混凝土造,82年7月16日,五層,,
RPXOMLKLJHLGFBB97CC,32,6.17,共有部分,鋼筋混凝土造,82年7月16日,五層,,
RPVOMLKLJHLGFBB77CC,12,69.75,住家用,鋼筋混凝土造,102年10月11日,十四層,,
RPOPMLKLJHLGFBB17CC,4,16.44,住宅、停車空間、樓梯間,鋼筋混凝土造,110年10月13日,五層,,
RPVOMLKLJHLGFBB77CC,12,35.77,本共有部分之項目有：樓梯間、消防機械室、污水機房、發電機室、停車空間、排煙室、電梯間、水箱、緊急升降機、車道、電信室、台電配電室、機械室、防空避難室兼停車空間、機車停車空間、人行道、梯廳、公共服務空間、門廊、垃圾集中區、水錶室、腳踏車停車區等二十二項,鋼筋混凝土造,102年10月11日,十四層,,
RPVOMLKLJHLGFBB77CC,12,13.75,本共有部分之項目有：梯廳、排煙室、電梯間、樓梯間、緊急升降機等五項,鋼筋混凝土造,102年10月11日,十四層,,
RPQPMLKLJHLGFBB37CC,30,25.48,住家用,鋼筋混凝土造,84年12月5日,七層,,
RPQPMLKLJHLGFBB37CC,30,13.45,共有部分,鋼筋混凝土造,84年12月5日,七層,,
RPPPMLKLJHLGFBB27CC,34,54.68,住家用,鋼筋混凝土造,80年12月13日,七層,,
RPPPMLKLJHLGFBB27CC,34,9.33,共有部分,鋼筋混凝土造,80年12月13日,七層,,
RPRPMLKLJHLGFBB47CC,26,81.52,住家用,鋼筋混凝土造,88年11月24日,十四層,,
RPRPMLKLJHLGFBB47CC,26,9.95,共有部分,鋼筋混凝土造,88年11月24日,十四層,,
RPRPMLKLJHLGFBB47CC,26,45.05,共有部分,鋼筋混凝土造,88年11月24日,十四層,,
RPSPMLKLJHLGFBB57CC,30,81.55,住家用,鋼筋混凝土造,85年6月6日,十四層,,
RPSPMLKLJHLGFBB57CC,30,48.15,共有部分,鋼筋混凝土造,85年6月6日,十四層,,
RPQNMLKLJHLGFCB27CC,19,20.10,住家用,鋼筋混凝土造,96年5月22日,十五層,,
RPUPMLKLJHLGFBB77CC,53,25.00,住家用,鋼筋混凝土加強磚造,62年5月30日,三層,,
RPQNMLKLJHLGFCB27CC,19,16.10,共用,鋼筋混凝土造,96年5月22日,十五層,,
RPTPMLKLJHLGFBB67CC,3,85.01,集合住宅,鋼筋混凝土造,112年3月7日,二十四層,,
RPVPMLKLJHLGFBB87CC,31,100.80,住家用,鋼筋混凝土造,84年4月15日,二十六層,,
RPTPMLKLJHLGFBB67CC,3,29.56,本共有部份係依使用執照之建築概要表記載項目有：門廳、交誼廳、防災中心、資源回收室、守衛室、排煙室、無障礙安全梯、特別安全梯、昇降機間、梯廳、無障礙特別安全梯、安全梯、機房、機械室（水錶室）、消防中繼機房、機械室、水箱等１７項。,鋼筋混凝土造,112年3月7日,二十四層,,
RPTPMLKLJHLGFBB67CC,3,41.81,本共有部份係依使用執照之建築概要表記載項目有：停車空間、消防機房暨中繼機房、污水機房、水箱、昇降機間、排煙室、無障礙安全梯、緊急發電機室、防空避難室兼停車空間、台電配電室、電信機房、景觀機房、景觀水池機房、機房等１４項。,鋼筋混凝土造,112年3月7日,二十四層,,
RPVPMLKLJHLGFBB87CC,31,.00,共有部分,鋼骨鋼筋混凝土造,84年4月15日,二十六層,,
RPVPMLKLJHLGFBB87CC,31,.00,共有部分,鋼骨鋼筋混凝土造,84年4月15日,二十六層,,
RPVPMLKLJHLGFBB87CC,31,13.23,共有部分,鋼骨鋼筋混凝土造,84年4月15日,二十六層,,
RPVPMLKLJHLGFBB87CC,31,20.31,共有部分,鋼骨鋼筋混凝土造,84年4月15日,二十六層,,
RPPNMLKLJHLGFCB17CC,32,20.69,住家用,鋼筋混凝土造,83年6月17日,七層,,
RPPNMLKLJHLGFCB17CC,32,8.82,共有部份,鋼筋混凝土造,83年6月17日,七層,,
RPRNMLKLJHLGFCB37CC,29,25.33,住家用,鋼筋混凝土造,86年3月21日,七層,,
RPRNMLKLJHLGFCB37CC,29,12.89,共有部份,鋼筋混凝土造,86年3月21日,七層,,
RPWNMLKLJHLGFCB87CC,46,65.12,住家用,鋼筋混凝土造,68年12月10日,五層,,
RPUNMLKLJHLGFCB67CC,44,48.55,住家用,鋼筋混凝土造,71年5月11日,五層,,
RPTNMLKLJHLGFCB57CC,33,240.66,住商用,鋼筋混凝土造,82年4月16日,四層,,
RPUNMLKLJHLGFCB67CC,44,7.80,共有部份,鋼筋混凝土造,71年5月11日,五層,,
RPSNMLKLJHLGFCB47CC,33,84.91,住家用,鋼筋混凝土造,82年5月13日,七層,,
RPTNMLKLJHLGFCB57CC,33,46.19,共用部份,鋼筋混凝土造,82年4月16日,四層,,
RPSNMLKLJHLGFCB47CC,33,41.35,共有部份,鋼筋混凝土造,82年5月13日,七層,,
RPVNMLKLJHLGFCB77CC,29,118.34,店舖、人行道,鋼筋混凝土造,85年11月27日,八層,,
RPVNMLKLJHLGFCB77CC,29,9.88,共用部份,鋼筋混凝土造,85年11月27日,八層,,
RPVNMLKLJHLGFCB77CC,29,18.14,共用部份,鋼筋混凝土造,85年11月27日,八層,,
RPXNMLKLJHLGFCB97CC,32,286.40,住家用,鋼筋混凝土造,82年11月15日,四層,,
RPXNMLKLJHLGFCB97CC,32,112.51,共用部份,鋼筋混凝土造,82年11月15日,四層,,
RPOOMLKLJHLGFCB17CC,32,21.50,住家用,鋼筋混凝土造,82年6月28日,八層,,
RPOOMLKLJHLGFCB17CC,32,6.22,共有部份,鋼筋混凝土造,82年6月28日,八層,,
RPSOMLKLJHLGFCB57CC,33,96.05,住家用,鋼筋混凝土造,82年1月20日,七層,,
RPROMLKLJHLGFCB47CC,31,17.92,住家用,鋼筋混凝土造,84年4月20日,十五層,,
RPSOMLKLJHLGFCB57CC,33,10.72,共有部份,鋼筋混凝土造,82年1月20日,七層,,
RPROMLKLJHLGFCB47CC,31,8.36,共有部份,鋼筋混凝土造,84年4月20日,十五層,,
RPPOMLKLJHLGFCB27CC,21,118.15,住家用,鋼筋混凝土造,94年7月4日,十五層,,
RPPOMLKLJHLGFCB27CC,21,71.45,共用,鋼筋混凝土造,94年7月4日,十七層,,
RPTOMLKLJHLGFCB67CC,3,20.90,寄宿舍,鋼筋混凝土造,111年7月28日,七層,,
RPTOMLKLJHLGFCB67CC,3,14.24,本共有部分係依使用執照之建築概要表記載項目有：防空避難室兼停車空間、台電配電室、消防及發電機房、電信室、水箱、樓梯間、無障礙昇降機、梯廳、辦公室、管委會使用空間、親子廁所、無障礙廁所、資源回收空間、機房、機房＋管道間、走廊、車道、管道間等十八項。,鋼筋混凝土造,111年7月28日,七層,,
RPTNMLKLJHLGFDB67CC,11,109.87,人行道、店舖、住宅,鋼筋混凝土造,103年9月24日,四層,,
RPSNMLKLJHLGFDB57CC,11,109.87,人行道、店舖、住宅,鋼筋混凝土造,103年9月24日,四層,,
RPPNMLKLJHLGFDB27CC,24,50.11,住家用,鋼筋混凝土造,90年10月18日,十四層,,
RPPNMLKLJHLGFDB27CC,24,17.54,共有部份,鋼筋混凝土造,90年10月18日,十四層,,
RPQNMLKLJHLGFDB37CC,29,25.14,住家用,鋼筋混凝土造,86年6月2日,十三層,,
RPQNMLKLJHLGFDB37CC,29,13.39,共用部份,鋼筋混凝土造,86年6月2日,十三層,,
RPPNMLKLJHLGFEB37CC,1,175.13,停車空間、住宅、樓梯間,鋼筋混凝土造,113年12月26日,三層,,
RPPNMLKLJHLGFFB47CC,1,85.14,集合住宅,鋼筋混凝土造,113年10月24日,十五層,,
RPPNMLKLJHLGFFB47CC,1,75.37,防空避難室兼停車空間、消防機械室、污水機房、水箱、車道、機械室、排煙室兼梯廳、一般安全梯兼無障礙樓梯、停車空間、電信室、台電配電室、發電機室、管委會使用空間、門廳、緊急昇降機、戶外安全梯、一般昇降機、公共服務空間、垃圾處理室、管道間、梯廳、電梯管道間、樓梯間、水錶室、電梯機械室等２５項,鋼筋混凝土造,113年10月24日,十五層,,
RPUOMLKLJHLGFCB77CC,3,19.93,寄宿舍,鋼筋混凝土造,111年7月28日,七層,,
RPUOMLKLJHLGFCB77CC,3,13.60,本共有部分係依使用執照之建築概要表記載項目有：防空避難室兼停車空間、台電配電室、消防及發電機房、電信室、水箱、樓梯間、無障礙昇降機、梯廳、辦公室、管委會使用空間、親子廁所、無障礙廁所、資源回收空間、機房、機房＋管道間、走廊、車道、管道間等十八項。,鋼筋混凝土造,111年7月28日,七層,,
RPQNMLKLJHLGFFB57CC,7,97.05,集合住宅,鋼筋混凝土造,107年9月26日,十五層,,
RPQNMLKLJHLGFFB57CC,7,13.79,梯廳、門廳〈風除室〉、門廊、管委會使用空間〈游泳池〉、電信機房、排風機房、泳池機房、進風機房、消防機房、緊急發電機房、機房、垃圾暫存室、泳池水箱、雨水及汙水機房、防空避難室兼停車空間、車道、機車停車空間。,鋼筋混凝土造,107年9月26日,十五層,,
RPQNMLKLJHLGFFB57CC,7,32.26,防空避難室兼停車空間、停車空間、車道,鋼筋混凝土造,107年9月26日,十五層,,
RPQNMLKLJHLGFFB57CC,7,1.01,特別安全梯、台電配電室,鋼筋混凝土造,107年9月26日,十五層,,
RPQNMLKLJHLGFFB57CC,7,27.50,特別安全梯、排煙室、梯廳、水箱、電錶、消防水箱、電梯機房、樓梯間,鋼筋混凝土造,107年9月26日,十五層,,
RPSNMLKLJHLGFFB77CC,3,54.50,集合住宅,鋼筋混凝土造,112年4月14日,十層,,
RPVNMLKLJHLGFFB08CC,1,49.44,集合住宅,鋼筋混凝土造,114年6月6日,二十八層,,
RPSNMLKLJHLGFFB77CC,3,12.15,停車空間、消防機房、機房（雨水設備）、蓄水池、昇降機、無障礙昇降機、梯廳、安全梯、防空避難室兼停車空間、台電配電室、發電機室、電信室、機房、受電室電表箱等１４項。,鋼筋混凝土造,112年4月14日,十層,,
RPVNMLKLJHLGFFB08CC,1,13.28,排煙室、昇降機、無障礙安全梯、特別安全梯、無障礙樓梯、梯廳兼排煙室、梯廳、管委會空間、中繼機房、中繼水箱、電梯間、水錶室、樓梯間、電梯機房、機電空間、水箱、安全梯、水箱機房、消防水箱等１９項,鋼筋混凝土造,114年6月6日,二十八層,,
RPSNMLKLJHLGFFB77CC,3,14.52,管委會使用空間、昇降機、無障礙昇降機、梯廳、戶外安全梯、宅配室、排風管道、資源回收室、機械設備室、汽車車道、無障礙廁所、管道間、水錶室、機房、水箱、機械室等１６項。,鋼筋混凝土造,112年4月14日,十層,,
RPRNMLKLJHLGFFB67CC,1,87.19,集合住宅,鋼筋混凝土造,113年11月6日,十五層,,
RPVNMLKLJHLGFFB08CC,1,36.20,消防機房、雨水回收機房、車道、機房、水箱、停車空間、進風管道、公共水箱、防空避難室兼停車空間、台電配電室、發電機房、泳池水箱、公共電氣室、機車車道、管委會使用空間、昇降機、大廳、梯廳、警衛室、儲藏室、風除室、排風機房、防災中心、電信室、垃圾暫存室、附屬社區共用空間、附屬共用廚房、機電設備空間、電梯間、設備空間、泳池機房、景觀機房、游泳池、管委會空間、樓電梯間、機電空間、樓梯間等３７項,鋼筋混凝土造,114年6月6日,二十八層,,
RPRNMLKLJHLGFFB67CC,1,24.52,停車空間、防空避難室兼停車空間、管委會空間、梯廳、排煙室、垃圾貯藏室、戶外安全梯,鋼筋混凝土造,113年11月6日,十五層,,
RPRNMLKLJHLGFFB67CC,1,19.62,梯廳、排煙室、樓梯間、水錶室、消防水箱、電梯機房、水箱、戶外安全梯,鋼筋混凝土造,113年11月6日,十五層,,
RPTNMLKLJHLGFFB87CC,1,48.72,集合住宅,鋼筋混凝土造,114年6月6日,二十八層,,
RPTNMLKLJHLGFFB87CC,1,13.19,排煙室、昇降機、無障礙安全梯、特別安全梯、無障礙樓梯、梯廳兼排煙室、梯廳、管委會空間、中繼機房、中繼水箱、電梯間、水錶室、樓梯間、電梯機房、機電空間、水箱、安全梯、水箱機房、消防水箱等１９項,鋼筋混凝土造,114年6月6日,二十八層,,
RPVOMLKLJHLGFCB87CC,53,95.20,住家用,鐵筋加強磚,62年3月2日,二層,,
RPTNMLKLJHLGFFB87CC,1,11.23,消防機房、雨水回收機房、車道、機房、水箱、停車空間、進風管道、公共水箱、防空避難室兼停車空間、台電配電室、發電機房、泳池水箱、公共電氣室、機車車道、管委會使用空間、昇降機、大廳、梯廳、警衛室、儲藏室、風除室、排風機房、防災中心、電信室、垃圾暫存室、附屬社區共用空間、附屬共用廚房、機電設備空間、電梯間、設備空間、泳池機房、景觀機房、游泳池、管委會空間、樓電梯間、機電空間、樓梯間等３７項,鋼筋混凝土造,114年6月6日,二十八層,,
RPWNMLKLJHLGFFB18CC,1,63.48,集合住宅,鋼筋混凝土造,113年12月28日,十五層,,
RPWNMLKLJHLGFFB18CC,1,59.90,消防機房、雨水機房、汙水機房、水景機房、停車空間、車道、樓梯間、昇降機間、水箱、防空避難室兼停車空間、台電配電室、發電機房、電信機房、人行道、社區公共設施空間、資源回收室、梯廳、排煙室、管理委員會使用空間、門廳、機械室、水錶室等２２項。,鋼筋混凝土造,113年12月28日,十五層,,
RPUNMLKLJHLGFDB77CC,11,109.87,人行道、店舖、住宅,鋼筋混凝土造,103年9月24日,四層,,
RPXNMLKLJHLGFFB28CC,2,79.45,集合住宅,鋼筋混凝土造,112年11月4日,十五層,,
RPXNMLKLJHLGFFB28CC,2,63.90,防空避難室兼停車空間、排煙室、樓梯間、昇降機間、污水機房兼雨水回收設備機房、消防機房、水箱、車道、停車空間、電信室、緊急發電機室、台電配電室、機車停車區、機房、沿街步道式開放空間（等寬有頂蓋型）、梯廳、門廳、垃圾集中室、管委會使用空間、公設（游泳池）、梯間、安全梯、水錶箱室、電梯機房等２４項,鋼筋混凝土造,112年11月4日,十五層,,
RPXNMLKLJHLGFDB08CC,38,183.56,住宅、避難室,鋼筋混凝土造,76年10月10日,三層,,
RPVNMLKLJHLGFDB87CC,32,81.89,住家用,鋼筋混凝土造,82年12月15日,五層,,
RPVNMLKLJHLGFDB87CC,32,38.96,共有部份,鋼筋混凝土造,82年12月15日,五層,,
RPPOMLKLJHLGFDB37CC,19,21.63,住家用,鋼筋混凝土造,96年1月23日,五層,,
RPPOMLKLJHLGFDB37CC,19,10.29,共有部分,鋼筋混凝土造,96年1月23日,五層,,
RPROMLKLJHLGFFB77CC,9,57.63,集合住宅,鋼筋混凝土造,106年3月3日,七層,,
RPROMLKLJHLGFFB77CC,9,21.88,防空避難室兼停車空間，安全梯，緊急發電機室，電信室，消防機房，台電配電室，水箱，排煙室，汙水機房，電錶，緊急昇降機〈行動不便〉，一般昇降機〈行動不便〉，樓梯間,鋼筋混凝土造,106年3月3日,七層,,
RPROMLKLJHLGFFB77CC,9,18.09,辦公室，一般昇降機〈行動不便〉，梯廳，管委會空間，戶外安全梯，行動不便樓梯，排煙室，緊急昇降機〈行動不便〉，外廊，樓梯間，水錶室，水箱，機械室,鋼筋混凝土造,106年3月3日,七層,,
RPQOMLKLJHLGFFB67CC,3,74.53,集合住宅,鋼筋混凝土造,111年10月6日,十五層,,
RPQOMLKLJHLGFFB67CC,3,14.59,消防機房、機房、水箱、雨水機房、污水機房、安全梯、排風管道、電信室、防空避難室兼停車空間、台電配電室、發電機房、管委會使用空間、水景機房、泳池機房、游泳池、梯廳、風除室、外廊、大廳、警衛室等２０項,鋼筋混凝土造,111年10月6日,十五層,,
RPQOMLKLJHLGFFB67CC,3,21.38,排煙室、升降機、緊急升降機兼無障礙升降機、通風管道、特別安全梯、梯廳、走道、梯廳兼排煙室、電梯機房、水錶室、消防水箱、自來水箱等１２項,鋼筋混凝土造,111年10月6日,十五層,,
RPQOMLKLJHLGFFB67CC,3,32.71,停車空間、防空避難室兼停車空間等２項,鋼筋混凝土造,111年10月6日,十五層,,
RPOOMLKLJHLGFFB47CC,1,56.99,集合住宅,鋼筋混凝土造,114年6月6日,二十八層,,
RPQOMLKLJHLGFDB47CC,27,172.59,集合住宅、停車空間,鋼筋混凝土造,87年11月9日,四層,,
RPQOMLKLJHLGFDB47CC,27,51.59,共用部份,鋼筋混凝土造,87年11月9日,,,
RPOOMLKLJHLGFFB47CC,1,15.68,排煙室、昇降機、無障礙安全梯、特別安全梯、無障礙樓梯、梯廳兼排煙室、梯廳、管委會空間、中繼機房、中繼水箱、電梯間、水錶室、樓梯間、電梯機房、機電空間、水箱、安全梯、水箱機房、消防水箱等１９項,鋼筋混凝土造,114年6月6日,二十八層,,
RPPOMLKLJHLGFFB57CC,2,77.98,集合住宅,鋼筋混凝土造,112年11月4日,十五層,,
RPOOMLKLJHLGFFB47CC,1,13.16,消防機房、雨水回收機房、車道、機房、水箱、停車空間、進風管道、公共水箱、防空避難室兼停車空間、台電配電室、發電機房、泳池水箱、公共電氣室、機車車道、管委會使用空間、昇降機、大廳、梯廳、警衛室、儲藏室、風除室、排風機房、防災中心、電信室、垃圾暫存室、附屬社區共用空間、附屬共用廚房、機電設備空間、電梯間、設備空間、泳池機房、景觀機房、游泳池、管委會空間、樓電梯間、機電空間、樓梯間等３７項,鋼筋混凝土造,114年6月6日,二十八層,,
RPPOMLKLJHLGFFB57CC,2,63.26,防空避難室兼停車空間、排煙室、樓梯間、昇降機間、污水機房兼雨水回收設備機房、消防機房、水箱、車道、停車空間、電信室、緊急發電機室、台電配電室、機車停車區、機房、沿街步道式開放空間（等寬有頂蓋型）、梯廳、門廳、垃圾集中室、管委會使用空間、公設（游泳池）、梯間、安全梯、水錶箱室、電梯機房等２４項,鋼筋混凝土造,112年11月4日,十五層,,
RPWNMLKLJHLGFDB97CC,24,36.97,住家用,鋼筋混凝土造,90年10月18日,十四層,,
RPWNMLKLJHLGFDB97CC,24,13.38,共有部份,鋼筋混凝土造,90年10月18日,十四層,,
RPOOMLKLJHLGFDB27CC,19,22.84,住家用,鋼筋混凝土造,96年1月23日,五層,,
RPOOMLKLJHLGFDB27CC,19,19.36,共有部分,鋼筋混凝土造,96年1月23日,五層,,
RPWOMLKLJHLGFFB28CC,,52.15,集合住宅,鋼筋混凝土造,114年8月11日,十五層,,
RPWOMLKLJHLGFFB28CC,,53.91,防空避難室兼停車空間、排煙室、樓梯間、昇降機間、消防機房、污水機房、水箱、車道、停車空間、機房、電信室、緊急發電機室、台電配電室、門廳、梯廳、管委會空間、垃圾集中室、廁所、宅配室、設備空間、梯間、水錶箱室、電梯機房等２３項。,鋼筋混凝土造,114年8月11日,十五層,,
RPSOMLKLJHLGFFB87CC,3,53.67,集合住宅,鋼筋混凝土造,111年10月6日,十五層,,
RPSOMLKLJHLGFFB87CC,3,10.61,消防機房、機房、水箱、雨水機房、污水機房、安全梯、排風管道、電信室、防空避難室兼停車空間、台電配電室、發電機房、管委會使用空間、水景機房、泳池機房、游泳池、梯廳、風除室、外廊、大廳、警衛室等２０項,鋼筋混凝土造,111年10月6日,十五層,,
RPSOMLKLJHLGFFB87CC,3,15.51,排煙室、升降機、緊急升降機兼無障礙升降機、通風管道、特別安全梯、梯廳、走道、梯廳兼排煙室、電梯機房、水錶室、消防水箱、自來水箱等１２項,鋼筋混凝土造,111年10月6日,十五層,,
RPSOMLKLJHLGFFB87CC,3,32.71,停車空間、防空避難室兼停車空間等２項,鋼筋混凝土造,111年10月6日,十五層,,
RPTNMLKLJHLGFHB08CC,46,144.26,住房、樓梯間,鋼筋混凝土造,68年9月22日,三層,,
RPQNMLKLJHLGFHB77CC,31,75.89,住家用,鋼筋混凝土造,83年12月15日,十一層,,
RPQNMLKLJHLGFHB77CC,31,22.03,共有部份,鋼筋混凝土造,83年12月15日,十一層,,
RPVOMLKLJHLGFFB18CC,47,184.48,農舍,加強磚造,67年11月20日,二層,,
RPPNMLKLJHLGFHB67CC,32,99.45,住家用,鋼筋混凝土造,83年4月26日,六層,,
RPPNMLKLJHLGFHB67CC,32,31.04,共有部份,鋼筋混凝土造,83年4月20日,六層,,
RPXOMLKLJHLGFFB38CC,2,59.89,集合住宅,鋼筋混凝土造,112年11月19日,十五層,,
RPXOMLKLJHLGFFB38CC,2,53.58,防空避難室兼停車空間、排煙室、樓梯間、昇降機間、車道、水箱、污水機房、消防機房、停車空間、機房、緊急發電機室、電信室、台電配電室、機車停車區、門廳、梯廳、公設（閱覽室）、公設（休閒室）、管委會使用空間、走廊、垃圾集中室、門廳兼梯廳、儲藏室、無障礙廁所、梯間、水錶箱室、電梯機房等２７項。,鋼筋混凝土造,112年11月19日,十五層,,
RPPNMLKLJHLGFIB77CC,35,82.33,集合住宅,鋼筋混凝土造,79年11月2日,十層,,
RPUOMLKLJHLGFFB08CC,1,56.16,集合住宅,鋼筋混凝土造,114年3月2日,十一層,,
RPPNMLKLJHLGFIB77CC,35,21.78,共有部份,鋼筋混凝土造,79年11月2日,十層,,
RPUOMLKLJHLGFFB08CC,1,12.10,電梯間、樓梯間、梯廳等３項,鋼筋混凝土造,114年3月2日,十一層,,
RPUOMLKLJHLGFFB08CC,1,56.40,停車空間、水箱、電梯間、樓梯間、消防機房、污水機房、排氣機房、發電機室、停車空間兼防空避難室、台電配電室、電信室、管委會空間、梯廳、水錶區、電梯機房等１５項,鋼筋混凝土造,114年3月2日,十一層,,
RPRNMLKLJHLGFIB97CC,30,19.67,集合住宅,鋼筋混凝土造,84年12月22日,十六層,,
RPRNMLKLJHLGFIB97CC,30,10.23,共有部份,鋼筋混凝土造,84年12月22日,十六層,,
RPRNMLKLJHLGFHB87CC,2,64.17,集合住宅,鋼筋混凝土造,112年12月28日,十二層,,
RPOPMLKLJHLGFFB57CC,8,85.18,集合住宅,鋼筋混凝土造,106年9月5日,十五層,,
RPRNMLKLJHLGFHB87CC,2,60.69,本共有部分之項目有停車空間、消防機房、機房、梯廳、安全梯、無障礙電梯、水箱、排煙室、防空避難室兼停車空間、台電配電室、發電機房、台電通道、電信機房、管委會使用空間、梯間、資源回收空間、電梯及電梯機房等１８項,鋼筋混凝土造,112年12月28日,十二層,,
RPOPMLKLJHLGFFB57CC,8,11.39,管委會使用空間〔蒸氣室，更衣室，交誼室兼閱讀室，兒童遊戲室，健身房，管理中心，儲藏室〕，廁所，門廳，儲藏室，通廊，信箱間，前廳〔風除室〕，門廊，管委會使用空間〔垃圾儲藏室〕，防空避難室兼停車空間，車道，游泳池機房，機房，垃圾車暫停車位，電信室，排風機房，機車停車空間，水箱機房，進風機房，發電機機房，公共水箱，消防泵浦室，雨水及汙水機房,鋼筋混凝土造,106年9月5日,十五層,,
RPTOMLKLJHLGFFB97CC,19,22.05,住家用,鋼筋混凝土造,96年1月9日,五層,,
RPOPMLKLJHLGFFB57CC,8,1.20,安全梯﹝無障礙樓梯﹞、台電配電室、電錶區、受電箱、甲梯安全梯,鋼筋混凝土造,106年9月5日,十五層,,
RPOPMLKLJHLGFFB57CC,8,24.89,排煙室、梯廳兼排煙室、特別安全梯、特別安全梯﹝無障礙樓梯﹞、樓梯間、水錶室、排煙機房、消防水箱、電梯機房、水箱機房、管道間,鋼筋混凝土造,106年9月5日,十五層,,
RPOPMLKLJHLGFFB57CC,8,34.35,防空避難室兼停車空間、車道、停車空間,鋼筋混凝土造,106年9月5日,十五層,,
RPTOMLKLJHLGFFB97CC,19,.88,梯間、水箱,鋼筋混凝土造,96年1月9日,五層,,
RPTOMLKLJHLGFFB97CC,19,5.81,住家用,鋼筋混凝土造,96年1月9日,五層,,
RPSNMLKLJHLGFIB08CC,7,60.40,集合住宅,鋼筋混凝土造,108年5月30日,十二層,,
RPSNMLKLJHLGFIB08CC,7,63.49,防空避難室兼停車空間、梯廳、一般昇降機、緊急昇降機、污水機械室、水箱、排煙室、消防機械室、安全梯、停車空間、車道、電信室、發電機械室、台電配電室、公共服務空間、垃圾暫存室、機車停車空間、管委會使用空間、戶外安全梯、梯間、水錶室、走廊、機械室等２３項。,鋼筋混凝土造,108年5月30日,十二層,,
RPTNMLKLJHLGFIB18CC,10,18.90,集合住宅,鋼筋混凝土造,105年1月27日,九層,,
RPTNMLKLJHLGFIB18CC,10,16.12,本共有部分之項目有防空避難室兼停車空間、停車空間（汽車升降機械道）、電信室、水箱、甲、乙安全梯、電梯梯廳、台電配電室、牌樓、消防機房兼發電機室、人行道、管委會空間、停車空間（含車道、汽車升降機）、走廊、樓梯間等１４項,鋼筋混凝土造,105年1月27日,九層,,
RPWNMLKLJHLGFIB48CC,10,16.92,集合住宅,鋼筋混凝土造,105年1月27日,九層,,
RPWNMLKLJHLGFIB48CC,10,15.19,本共有部分之項目有防空避難室兼停車空間、停車空間（汽車升降機械道）、電信室、水箱、甲、乙安全梯、電梯梯廳、台電配電室、牌樓、消防機房兼發電機室、人行道、管委會空間、停車空間（含車道、汽車升降機）、走廊、樓梯間等１４項,鋼筋混凝土造,105年1月27日,九層,,
RPUNMLKLJHLGFIB28CC,10,16.92,集合住宅,鋼筋混凝土造,105年1月27日,九層,,
RPUNMLKLJHLGFIB28CC,10,15.22,本共有部分之項目有防空避難室兼停車空間、停車空間（汽車升降機械道）、電信室、水箱、甲、乙安全梯、電梯梯廳、台電配電室、牌樓、消防機房兼發電機室、人行道、管委會空間、停車空間（含車道、汽車升降機）、走廊、樓梯間等１４項,鋼筋混凝土造,105年1月27日,九層,,
RPVNMLKLJHLGFIB38CC,10,18.87,集合住宅,鋼筋混凝土造,105年1月27日,九層,,
RPVNMLKLJHLGFIB38CC,10,16.19,本共有部分之項目有防空避難室兼停車空間、停車空間（汽車升降機械道）、電信室、水箱、甲、乙安全梯、電梯梯廳、台電配電室、牌樓、消防機房兼發電機室、人行道、管委會空間、停車空間（含車道、汽車升降機）、走廊、樓梯間等１４項,鋼筋混凝土造,105年1月27日,九層,,
RPROMLKLJHLGFIB08CC,30,85.39,集合住宅,鋼筋混凝土造,84年8月1日,十三層,,
RPROMLKLJHLGFIB08CC,30,31.43,共有部份,鋼筋混凝土造,84年8月1日,十三層,,
RPPNMLKLJHLGFJB87CC,30,73.71,集合住宅,鋼筋混凝土造,85年2月16日,八層,,
RPPNMLKLJHLGFJB87CC,30,34.10,共有部份,鋼筋混凝土造,85年2月16日,八層,,
RPXNMLKLJHLGFIB58CC,30,108.52,集合住宅,鋼筋混凝土造,84年8月1日,十三層,,
RPXNMLKLJHLGFIB58CC,30,36.15,共有部份,鋼筋混凝土造,84年8月1日,十三層,,
RPPOMLKLJHLGFIB87CC,30,87.03,集合住宅,鋼筋混凝土造,85年6月26日,九層,,
RPOOMLKLJHLGFIB77CC,5,77.36,集合住宅,鋼筋混凝土造,110年6月21日,十四層,,
RPQOMLKLJHLGFIB97CC,2,82.73,集合住宅,鋼筋混凝土造,113年3月25日,九層,,
RPPOMLKLJHLGFIB87CC,30,25.21,共有部分,鋼筋混凝土造,85年6月26日,九層,,
RPQOMLKLJHLGFIB97CC,2,59.71,本共有部分之項目有停車空間、台電配電室、消防機房、電信室、電梯、樓梯間、梯廳、管理委員會空間、水塔間、昇降機間等十項。,鋼筋混凝土造,113年3月25日,九層,,
RPOOMLKLJHLGFIB77CC,5,75.14,停車空間、雨水機房、消防機房、水箱、梯廳、排煙室、緊急昇降機、無障礙昇降機、樓梯間、電信機房、發電機房、防空避難室兼停車空間、台電配電場所、垃圾儲存空間、水景／噴灌機房、管委會使用空間、過廊、污水機房、電梯機房及一般昇降機等２０項。,鋼筋混凝土造,110年6月21日,十四層,,
RPPNMLKLJHLGFKB97CC,36,22.72,住家用,鋼筋混凝土造,78年10月30日,五層,,
RPPNMLKLJHLGFKB97CC,36,4.50,走道、梯間、水塔、瞭望台,鋼筋混凝土造,78年10月30日,五層,,
RPSNMLLLJHLGFAB37CC,48,33.00,住商用,鋼筋混凝土造,67年2月2日,三層,,
RPPNMLLLJHLGFAB07CC,32,23.64,住家用,鋼筋混凝土造,83年2月4日,五層,,
RPPNMLLLJHLGFAB07CC,32,15.05,共有部分,鋼筋混凝土造,83年2月4日,五層,,
RPRNMLLLJHLGFAB27CC,8,111.35,店舖　住宅,鋼筋混凝土造,106年11月1日,二十二層,,
RPRNMLLLJHLGFAB27CC,8,67.21,本共有部份係依使用執照之建築概要表記載項目有：防空避難室兼停車空間、昇降機間（排煙室）、安全梯、廣場式開放空間（有頂蓋）、公共服務空間、梯廳、水箱、車道、機械室、梯廳（排煙室）、消防機房、汙水機房、停車空間、排煙室、一般昇降機間、電錶箱區、梯間、水錶室、台電配電室、發電機室、電信室、防災中心、消防中繼機房、垃圾室、特別安全梯、陽台、走廊、管委會使用空間、無障礙廁所、機車區、無障礙緊急昇降機間等３１項。,鋼筋混凝土造,106年11月1日,二十二層,,
RPTNMLLLJHLGFAB47CC,15,98.23,集合住宅,鋼筋混凝土造,100年1月5日,十五層,,
RPTNMLLLJHLGFAB47CC,15,24.29,本共有部分之項目有Ａ～Ｈ梯梯間排煙室、Ａ～Ｈ水箱、機械室、Ａ～Ｈ梯梯間等四項。,鋼筋混凝土造,100年1月5日,十五層,,
RPTNMLLLJHLGFAB47CC,15,19.75,本共有部分之項目有停車空間、Ａ～Ｈ水箱、污水機房、緊急發電室、Ａ～Ｈ梯梯間排煙室、防空避難室兼停車空間、台電配電室Ａ、消防幫浦室、台電配電室Ｂ、管理委員會使用空間（大廳、交誼室、遊戲室、資源回收室）、梯廳、基地內通路、雨遮、頂蓋型廣場式開放空間等十四項。,鋼筋混凝土造,100年1月5日,十五層,,
RPQNMLLLJHLGFAB17CC,30,23.85,集合住宅,鋼骨鋼筋混凝土造,85年1月19日,二十二層,,
RPQNMLLLJHLGFAB17CC,30,2.24,樓梯間．機房．蓄水池,鋼骨鋼筋混凝土造,85年1月19日,二十二層,,
RPQNMLLLJHLGFAB17CC,30,2.53,樓梯間,鋼骨鋼筋混凝土造,85年1月19日,二十二層,,
RPQNMLLLJHLGFAB17CC,30,6.61,防空避難室兼停車空間．走道,鋼骨鋼筋混凝土造,85年1月19日,二十二層,,
RPQNMLLLJHLGFAB17CC,30,8.17,走道,鋼筋混凝土造,85年1月19日,二十二層,,
RPRNMLLLJHLGFBB37CC,45,86.30,住家用,鋼筋混凝土造,70年1月29日,五層,,
RPWOMLLLJHLGFAB87CC,30,23.28,集合住宅,鋼骨鋼筋混凝土造,85年5月20日,十九層,,
RPWOMLLLJHLGFAB87CC,30,5.12,共同使用,鋼骨鋼筋混凝土造,85年5月20日,十九層,,
RPWOMLLLJHLGFAB87CC,30,6.02,共同使用,鋼骨鋼筋混凝土造,85年5月20日,十九層,,
RPQOMLLLJHLGFAB27CC,27,85.47,集合住宅,鋼筋混凝土造,88年5月21日,七層,,
RPUOMLLLJHLGFAB67CC,30,23.85,集合住宅,鋼骨鋼筋混凝土造,85年1月19日,二十二層,,
RPXNMLLLJHLGFAB87CC,3,71.21,集合住宅,鋼筋混凝土造,112年5月22日,十二層,,
RPQOMLLLJHLGFAB27CC,27,15.81,共同使用,鋼筋混凝土造,88年5月21日,七層,,
RPUOMLLLJHLGFAB67CC,30,2.24,樓梯間．機房．蓄水池,鋼骨鋼筋混凝土造,85年1月19日,二十二層,,
RPPNMLLLJHLGFBB17CC,26,95.23,集合住宅,鋼筋混凝土造,89年6月16日,十六層,,
RPQOMLLLJHLGFAB27CC,27,22.19,共同使用,鋼筋混凝土造,88年5月21日,七層,,
RPUOMLLLJHLGFAB67CC,30,2.53,樓梯間,鋼骨鋼筋混凝土造,85年1月19日,二十二層,,
RPXNMLLLJHLGFAB87CC,3,67.50,本共有部份係依使用執照之建築概要表記載項目有：停車空間、雨汙水機房、消防機房、水箱、排煙室、安全梯、昇降機、機房、儲藏室、車道、防空避難室兼停車空間、電信機房、台電配電室、緊急發電室、景觀機房、管委會使用空間、梯廳、管道間、水錶室、走道及電梯機房等二十一項。,鋼筋混凝土造,112年5月22日,十二層,,
RPPNMLLLJHLGFBB17CC,26,52.14,共有部分,鋼筋混凝土造,89年6月16日,十六層,,
RPUOMLLLJHLGFAB67CC,30,6.52,防空避難室兼停車空間．走道,鋼骨鋼筋混凝土造,85年1月19日,二十二層,,
RPUOMLLLJHLGFAB67CC,30,8.17,走道,鋼筋混凝土造,85年1月19日,二十二層,,
RPQNMLLLJHLGFBB27CC,7,50.69,集合住宅,鋼筋混凝土造,108年5月13日,二十一層,,
RPQNMLLLJHLGFBB27CC,7,36.66,本共有部份係依使用執照之建築概要表記載項目有：防空避難室兼停車空間，消防機械室，雨污水機房，安全梯，機械室，停車空間，泳池水箱，消防中繼機房，電信室，景觀機房，發電機室，防災中心，垃圾儲藏室，台電配電室，門廳，管委會使用空間等１６項。,鋼筋混凝土造,108年5月13日,二十二層,,
RPQNMLLLJHLGFBB27CC,7,17.48,本共有部份係依使用執照之建築概要表記載項目有：水箱，緊急昇降機間排煙室，揚水機房，特別安全梯，排煙室，梯廳，安全梯，電梯間，噴灌機房，消防中繼機房，自來水水箱，消防水箱，機械室等１３項。,鋼筋混凝土造,108年5月13日,二十一層,,
RPOPMLLLJHLGFAB17CC,37,20.81,住家用,鋼筋混凝土造,78年6月9日,七層,,
RPVOMLLLJHLGFAB77CC,38,85.49,住家用,鋼筋混凝土造,76年7月1日,五層,,
RPOPMLLLJHLGFAB17CC,37,8.70,人行道，梯間，機械房，水箱，配電室，走道,,78年6月9日,七層,,
RPROMLLLJHLGFAB37CC,30,29.75,集合住宅,鋼筋混凝土造,85年3月28日,七層,,
RPPOMLLLJHLGFAB17CC,30,29.75,集合住宅,鋼筋混凝土造,85年3月28日,七層,,
RPSNMLLLJHLGFBB47CC,38,83.07,住家用,鋼筋混凝土造,76年9月9日,五層,,
RPSNMLLLJHLGFBB47CC,38,12.99,共有部分,鋼筋混凝土造,76年9月9日,五層,,
RPTNMLLLJHLGFBB57CC,31,69.11,住家用,鋼筋混凝土造,83年11月22日,十七層,,
RPSOMLLLJHLGFAB47CC,43,54.61,住家用,鋼筋混凝土造,72年6月7日,七層,,
RPTNMLLLJHLGFBB57CC,31,.00,共有部分,鋼筋混凝土造,83年11月22日,十七層,,
RPSOMLLLJHLGFAB47CC,43,13.28,梯間、走道、人行道、停車空間、避難室,鋼筋混凝土造,72年6月7日,七層,,
RPTNMLLLJHLGFBB57CC,31,15.54,共有部分,鋼筋混凝土造,83年11月22日,十七層,,
RPWNMLLLJHLGFAB77CC,30,23.41,集合住宅,鋼骨鋼筋混凝土造,85年5月20日,十九層,,
RPWNMLLLJHLGFAB77CC,30,4.64,共同使用,鋼骨鋼筋混凝土造,85年5月20日,十九層,,
RPWNMLLLJHLGFAB77CC,30,6.02,共同使用,鋼骨鋼筋混凝土造,85年5月20日,十九層,,
RPVNMLLLJHLGFBB77CC,45,80.66,住家用,鋼筋混凝土造,70年5月18日,五層,,
RPXOMLLLJHLGFAB97CC,21,66.36,集合住宅,鋼筋混凝土造,93年12月24日,十八層,,
RPXOMLLLJHLGFAB97CC,21,12.63,共用部分,鋼筋混凝土造,93年12月24日,十八層,,
RPTOMLLLJHLGFAB57CC,31,18.85,集合住宅,鋼筋混凝土造,84年1月27日,十三層,,
RPXOMLLLJHLGFAB97CC,21,23.86,共用部分,鋼筋混凝土造,93年12月24日,十八層,,
RPTOMLLLJHLGFAB57CC,31,5.37,梯間．受電室．機械室．防空避難室．水塔,鋼筋混凝土造,84年1月27日,十三層,,
RPUNMLLLJHLGFBB67CC,2,81.59,集合住宅,鋼筋混凝土造,113年1月29日,十三層,,
RPUNMLLLJHLGFBB67CC,2,66.71,本共有部分係依使用執照之建築概要表記載項目有：防空避難室兼停車空間、停車空間、排煙室、水箱、樓梯間、一般昇降機、緊急昇降機、消防機房、雨水污水處理機房、車道、揚水泵機房、緊急發電機室、台電配電室、電信室、機車停車區、管委會空間、垃圾集中室、梯廳、門廳、梯間、電梯機房、水錶箱室等２２項。,鋼筋混凝土造,113年1月29日,十三層,,
RPWNMLLLJHLGFBB87CC,4,80.07,集合住宅,鋼筋混凝土造,110年9月24日,十五層,,
RPWNMLLLJHLGFBB87CC,4,45.38,本共有部分係依使用執照之建築概要表記載項目有：梯廳（兼排煙室、緊急昇降機間），無障礙安全梯，緊急昇降機，一般昇降機，水箱，汙雨水、揚水機械室，消防機械室，機電設備，防空避難室兼停車空間，車道，停車空間，電信室，台電配電室，電錶室，發電機室，機車停車空間等１６項,鋼筋混凝土造,110年9月24日,十五層,,
RPWNMLLLJHLGFBB87CC,4,27.95,本共有部分係依使用執照之建築概要表記載項目有：騎樓兼頂蓋型開放空間，梯廳（排煙室），管委會使用空間，外廊，緊急昇降機，一般昇降機，公共服務空間，戶外安全梯，戶外無障礙梯，機電設備，車道，垃圾儲藏室，梯廳，戶外無障礙安全梯，機械室，水錶室，樓梯間，電梯機房，水箱等１９項,鋼筋混凝土造,110年9月24日,十五層,,
RPOOMLLLJHLGFBB17CC,41,90.70,國民住宅,鋼筋混凝土造,74年3月23日,十四層,,
RPXNMLLLJHLGFBB97CC,33,122.33,集合住宅,鋼筋混凝土造,82年5月3日,十二層,,
RPSOMLLLJHLGFBB57CC,35,20.95,住家用,鋼筋混凝土造,80年4月30日,七層,,
RPSOMLLLJHLGFBB57CC,35,8.03,共有部分,鋼筋混凝土造,80年4月30日,七層,,
RPROMLLLJHLGFBB47CC,32,37.69,住家用,鋼筋混凝土造,83年2月8日,十三層,,
RPROMLLLJHLGFBB47CC,32,12.19,共有部分,鋼筋混凝土造,83年2月8日,十三層,,
RPQOMLLLJHLGFBB37CC,39,95.88,住家用,鋼筋混凝土造,75年12月22日,五層,,
RPQOMLLLJHLGFBB37CC,39,20.89,共有部分,鋼筋混凝土造,75年12月22日,五層,,
RPPNMLLLJHLGFCB27CC,30,67.63,集合住宅,鋼筋混凝土造,85年6月15日,十二層,,
RPPNMLLLJHLGFCB27CC,30,48.84,共同使用,鋼筋混凝土造,85年6月15日,十二層,,
RPOPMLLLJHLGFBB27CC,53,49.00,住家用,鋼筋混凝土加強磚造,62年5月30日,三層,,
RPWOMLLLJHLGFBB97CC,34,206.83,商業用,鋼骨混凝土造,80年9月9日,三十三層,,
RPWOMLLLJHLGFBB97CC,34,35.90,共有部分,鋼骨混凝土造,80年9月9日,三十三層,,
RPPOMLLLJHLGFBB27CC,34,36.15,住家用,鋼筋混凝土造,80年9月30日,七層,,
RPPOMLLLJHLGFBB27CC,34,11.87,共有部分,鋼筋混凝土造,80年9月30日,七層,,
RPPPMLLLJHLGFBB37CC,53,49.00,住家用,鋼筋混凝土加強磚造,62年5月30日,三層,,
RPRPMLLLJHLGFBB57CC,43,44.02,住家用,鋼筋混凝土造,71年7月5日,四層,,
RPQNMLLLJHLGFCB37CC,31,14.15,住家用,鋼筋混凝土造,84年4月26日,八層,,
RPTOMLLLJHLGFBB67CC,20,94.20,住家用,鋼筋混凝土造,95年5月18日,十五層,,
RPTNMLLLJHLGFCB67CC,31,152.97,住家用,鋼筋混凝土造,84年6月9日,十二層,,
RPQNMLLLJHLGFCB37CC,31,6.57,共有部份,鋼筋混凝土造,84年4月26日,八層,,
RPTOMLLLJHLGFBB67CC,20,60.92,共有部分,鋼筋混凝土造,95年5月18日,十五層,,
RPTNMLLLJHLGFCB67CC,31,57.25,共有部份,鋼筋混凝土造,84年6月9日,十二層,,
RPXOMLLLJHLGFBB08CC,8,83.03,集合住宅,鋼筋混凝土造,106年12月25日,十一層,,
RPUOMLLLJHLGFBB77CC,47,112.65,住家用,鋼筋混凝土造,68年2月19日,五層,,
RPXOMLLLJHLGFBB08CC,8,76.68,本共有部分係依使用執照之建築概要表記載項目有停車空間，消防機械室，汙水機房，水箱，梯廳，樓梯間，昇降機間，車道，發電機室，電信室，防空避難室兼停車空間，台電配電室，門廳，管委會空間，管理室，機械室等１６項,鋼筋混凝土造,106年12月25日,十一層,,
RPRNMLLLJHLGFCB47CC,32,109.60,住家用,鋼筋混凝土造,83年1月18日,十二層,,
RPRNMLLLJHLGFCB47CC,32,23.85,共有部份,鋼筋混凝土造,83年1月18日,十二層,,
RPSNMLLLJHLGFCB57CC,22,70.48,住家用,ＲＣ造,92年12月30日,十四層,,
RPSNMLLLJHLGFCB57CC,22,24.25,共用,ＲＣ造,92年12月30日,十四層,,
RPQPMLLLJHLGFBB47CC,53,16.00,住家用,鋼筋混凝土加強磚造,62年5月30日,三層,,
RPVOMLLLJHLGFBB87CC,43,105.74,住家用,鋼筋混凝土造,71年12月29日,五層,,
RPUNMLLLJHLGFCB77CC,2,46.47,集合住宅,鋼筋混凝土造,112年11月23日,九層,,
RPUNMLLLJHLGFCB77CC,2,40.81,本共有部份係依使用執照之建築概要表記載項目有：停車空間、台電配電室、車道、發電機室、排氣機房、電錶室、機房、受電箱、防空避難室兼停車空間、電信室、排風機房、公共水箱機房、景觀機房、泳池機房、機電設備空間、消防機房、雨水機房、管委會使用空間、大廳、儲藏室、無障礙廁所、梯廳等二十二項。,鋼筋混凝土造,112年11月23日,九層,,
RPUNMLLLJHLGFCB77CC,2,17.63,本共有部份係依使用執照之建築概要表記載項目有：梯廳、梯廳兼排煙室、安全梯、昇降機、緊急昇降機、機房、樓梯間、水錶室、水箱、消防水箱等十項。,鋼筋混凝土造,112年11月23日,九層,,
RPXNMLLLJHLGFCB08CC,34,94.37,住家用,鋼筋混凝土造,81年7月1日,六層,,
RPXNMLLLJHLGFCB08CC,34,25.75,共有部份,鋼筋混凝土造,81年7月1日,六層,,
RPOOMLLLJHLGFCB27CC,11,63.82,住家用,鋼筋混凝土造,103年11月13日,二十一層,,
RPWNMLLLJHLGFCB97CC,32,16.25,住家用,鋼筋混凝土造,83年3月18日,七層,,
RPOOMLLLJHLGFCB27CC,11,72.87,本共有部分係依使用執照之建築物概要表記載項目有：停車空間、污水處理機房、消防機械室、排煙室、水箱、樓梯間、昇降機、緊急昇降機、防空避難室兼停車空間、台電配電室、景觀水池機房、防災中心、緊急發電機室、電信機房、門廳、公共服務空間、外廊、環保資源室、廣場式開放空間﹝有頂蓋﹞、沿街步道式開放空間﹝有頂蓋﹞兼外廊、游泳池、交誼廳、梯廳、中繼機房、機械室、管理室、地下室進排風管道、機車車道、游泳池空間、機房等３０項。,鋼筋混凝土造,103年11月13日,二十一層,,
RPWNMLLLJHLGFCB97CC,32,8.10,共有部份,鋼筋混凝土造,83年3月18日,七層,,
RPPOMLLLJHLGFCB37CC,40,48.03,住家用,鋼筋混凝土造,74年8月5日,五層,,
RPVNMLLLJHLGFCB87CC,32,16.74,住家用,鋼筋混凝土造,83年4月6日,六層,,
RPPOMLLLJHLGFCB37CC,40,14.50,共有部份,鋼筋混凝土造,74年8月5日,五層,,
RPVNMLLLJHLGFCB87CC,32,9.43,共有部份,鋼筋混凝土造,83年4月6日,六層,,
RPTOMLLLJHLGFCB77CC,34,173.20,辦公室,鋼骨造,81年7月1日,二十八層,,
RPSOMLLLJHLGFCB67CC,8,137.22,辦公室〈辦公事務所及工商服務業〉,鋼骨鋼筋混凝土造,107年1月31日,三十五層,,
RPTOMLLLJHLGFCB77CC,34,70.48,共有部分,鋼骨造,81年7月1日,二十八層,,
RPSOMLLLJHLGFCB67CC,8,48.17,本共有部分係依使用執照之建築物概要表記載項目有：機械室、門廳、外廊、電梯、電扶梯間、梯廳、排煙室、樓梯間、緊急升降機電梯、行動不便電梯、防災中心、水箱、中繼機房、儲藏室、管委會使用空間、電梯機房、水錶室１７項。,鋼骨鋼筋混凝土造,107年1月31日,三十五層,,
RPSOMLLLJHLGFCB67CC,8,85.84,本共有部分係依使用執照之建築物概要表記載項目有：停車空間、消房機房、水箱、車道、梯廳、排煙室、樓梯間、緊急升降電梯、行動不便電梯、電信室、機械室、防空避難室兼停車空間、台電配電室、發電機房、電錶區、消防中繼機房、消防中繼水箱、垃圾集中處、緊急升降機電梯等１９項。,鋼骨鋼筋混凝土造,107年1月31日,三十五層,,
RPPNMLLLJHLGFDB37CC,33,196.21,儲藏室、店舖、集合住宅,鋼筋混凝土造,82年2月25日,五層,,
RPPNMLLLJHLGFDB37CC,33,23.28,共用部份,鋼筋混凝土造,82年2月25日,五層,,
RPQNMLLLJHLGFDB47CC,19,19.44,住家用,鋼筋混凝土造,96年1月23日,五層,,
RPQNMLLLJHLGFDB47CC,19,12.23,共有部分,鋼筋混凝土造,96年1月23日,五層,,
RPQOMLLLJHLGFCB47CC,33,52.11,住家用,鋼筋混凝土造,81年11月13日,十六層,,
RPROMLLLJHLGFCB57CC,17,87.31,住家用,鋼筋混凝土造,97年11月27日,二十二層,,
RPQOMLLLJHLGFCB47CC,33,29.46,共有部份,鋼筋混凝土造,81年11月13日,十六層,,
RPROMLLLJHLGFCB57CC,17,51.44,共用,鋼筋混凝土造,97年11月27日,二十二層,,
RPSNMLLLJHLGFDB67CC,19,20.50,住家用,鋼筋混凝土造,96年1月23日,五層,,
RPUNMLLLJHLGFDB87CC,19,21.00,住家用,鋼筋混凝土造,96年1月23日,五層,,
RPSNMLLLJHLGFDB67CC,19,11.27,共有部分,鋼筋混凝土造,96年1月23日,五層,,
RPUNMLLLJHLGFDB87CC,19,17.80,共有部分,鋼筋混凝土造,96年1月23日,五層,,
RPTNMLLLJHLGFDB77CC,19,21.63,住家用,鋼筋混凝土造,96年1月23日,五層,,
RPRNMLLLJHLGFDB57CC,19,22.80,住家用,鋼筋混凝土造,96年1月23日,五層,,
RPTNMLLLJHLGFDB77CC,19,10.29,共有部分,鋼筋混凝土造,96年1月23日,五層,,
RPRNMLLLJHLGFDB57CC,19,19.32,共有部分,鋼筋混凝土造,96年1月23日,五層,,
RPPNMLLLJHLGFFB57CC,19,15.75,住家用,鋼筋混凝土造,96年1月9日,五層,,
RPPNMLLLJHLGFFB57CC,19,.42,梯間、水箱,鋼筋混凝土造,96年1月9日,五層,,
RPPNMLLLJHLGFFB57CC,19,3.84,住家用,鋼筋混凝土造,96年1月9日,五層,,
RPPNMLLLJHLGFHB77CC,31,88.45,集合住宅,鋼筋混凝土造,84年4月6日,十層,,
RPPNMLLLJHLGFHB77CC,31,28.79,共有部份,鋼筋混凝土造,84年4月6日,十層,,
RPVOMLLLJHLGFCB97CC,34,31.15,住家用,鋼筋混凝土造,81年1月15日,十一層,,
RPVOMLLLJHLGFCB97CC,34,8.14,共有部份,鋼筋混凝土造,81年1月15日,十一層,,
RPWOMLLLJHLGFCB08CC,19,31.77,住家用,鋼筋混凝土造,95年11月24日,十四層,,
RPRNMLLLJHLGFIB08CC,3,73.13,集合住宅,鋼筋混凝土造,111年8月25日,五層,,
RPWOMLLLJHLGFCB08CC,19,14.32,共用,鋼筋混凝土造,95年11月24日,十四層,,
RPRNMLLLJHLGFIB08CC,3,13.03,本共有部分之項目有停車空間，機械設備空間，共同梯廳等３項。,鋼筋混凝土造,111年8月25日,五層,,
RPRNMLLLJHLGFFB77CC,3,57.63,集合住宅,鋼筋混凝土造,112年1月6日,十五層,,
RPRNMLLLJHLGFIB08CC,3,19.50,本共有部分之項目有樓梯間，共同梯廳，水箱間等３項。,鋼筋混凝土造,111年8月25日,五層,,
RPRNMLLLJHLGFFB77CC,3,53.34,防空避難室兼停車空間、車道、排煙室、一般昇降機道、緊急昇降機道、消防機房、機械室、污雨水機房、安全梯、機電設備空間、台電配電室、停車空間、發電機房、電信室、梯廳、戶外安全梯、管委會使用空間、垃圾處理室、走廊、樓梯間、水錶室、梯間、水箱、電梯機房,鋼筋混凝土造,112年1月6日,十五層,,
RPUOMLLLJHLGFCB87CC,12,249.80,辦公事務所及工商服務業,鋼骨鋼筋混凝土造,103年4月3日,三十六層,,
RPUOMLLLJHLGFCB87CC,12,74.53,本共有部分之項目有：梯廳、排煙室、樓梯間、門廳、防災中心、管委會使用空間、汽車車道、發電機室、中繼機房、電梯機房、水錶室、機械室、子母水箱等１３項,鋼骨鋼筋混凝土造,103年4月3日,三十六層,,
RPUOMLLLJHLGFCB87CC,12,142.47,本共有部分之項目有：梯廳、停車空間、水箱、消防機房、污水機房、排煙室、樓梯間、汽車車道、車道、防空避難室兼機車停車空間、儲藏室、電錶室、機車停車空間、台電配電室、電信室、中繼機房、雨水回收水箱等１７項。,鋼骨鋼筋混凝土造,103年4月3日,三十六層,,
RPPNMLLLJHLGFIB87CC,3,54.23,集合住宅,鋼筋混凝土造,111年8月5日,二十層,,
RPQNMLLLJHLGFHB87CC,2,84.11,集合住宅,鋼筋混凝土造,112年12月28日,十二層,,
RPSNMLLLJHLGFIB18CC,1,100.94,辦公室（廳）,鋼筋混凝土造,113年12月23日,二十二層,,
RPQNMLLLJHLGFFB67CC,7,93.30,集合住宅,鋼筋混凝土造,107年7月25日,十五層,,
RPPNMLLLJHLGFIB87CC,3,10.87,停車空間、梯廳、昇降機、無障礙電梯、樓梯間、車道、機房、雨、污水機械室、消防機械室兼消防中繼機械室、水箱、機械室、公共水箱、泳池機房、水景機房、機房機械室、電信室、發電機房、垃圾貯存空間、台電配電場所、電錶區等２０項。,鋼筋混凝土造,111年8月5日,二十層,,
RPQNMLLLJHLGFFB67CC,7,66.17,停車空間，排煙室，樓梯間，一般昇降機，緊急昇降機，水箱，車道，污水處理機房，防空避難室兼停車空間，緊急發電機室，台電配電室，電信室，機房，門廳，梯廳，管理室，管委會空間，垃圾集中室，外廊，機車停車區，水錶箱室，電梯機房，消防機房，梯間,鋼筋混凝土造,107年7月25日,十五層,,
RPPPMLLLJHLGFCB47CC,31,13.63,住家用,鋼筋混凝土造,83年9月8日,十三層,,
RPQNMLLLJHLGFHB87CC,2,70.60,本共有部分之項目有停車空間、消防機房、機房、梯廳、安全梯、無障礙電梯、水箱、排煙室、防空避難室兼停車空間、台電配電室、發電機房、台電通道、電信機房、管委會使用空間、梯間、資源回收空間、電梯及電梯機房等１８項,鋼筋混凝土造,112年12月28日,十二層,,
RPSNMLLLJHLGFIB18CC,1,90.00,本共有部分之項目有停車空間、蓄水池、消防機械室、雨污水機械室、樓梯間、電梯間、排煙室、梯廳、機械室、中繼水箱、中繼機械室、電信室、台電配電室、電錶室、發電機室等１５項。,鋼筋混凝土造,113年12月23日,二十二層,,
RPPPMLLLJHLGFCB47CC,31,7.17,共有部份,鋼筋混凝土造,83年9月8日,十三層,,
RPSNMLLLJHLGFIB18CC,1,39.21,本共有部分之項目有環保室、管理委員會使用空間、管理員室、樓梯間、電梯間、梯廳、排煙室、外廊、中繼機房、機械室、蓄水池等１１項。,鋼筋混凝土造,113年12月23日,二十二層,,
RPUNMLLLJHLGFIB38CC,32,10.96,店舖、梯間、住宅、騎樓,鋼筋混凝土造,83年2月3日,四層,,
RPQNMLLLJHLGFJB08CC,25,186.08,住宅、停車空間、梯間,鋼筋混凝土造,90年4月2日,四層,,
RPVNMLLLJHLGFIB48CC,21,44.96,店舖,鋼骨造,94年5月20日,一層,,
RPQNMLLLJHLGFIB97CC,2,57.58,集合住宅,鋼筋混凝土造,112年8月22日,十五層,,
RPQNMLLLJHLGFIB97CC,2,38.31,停車空間、排煙室、安全梯、雨汙水機房、消防機械室、機械室、水箱、緊急升降機、一般升降機、無障礙樓梯、發電機室、台電配電室、電信室等１３項。,鋼筋混凝土造,112年8月22日,十五層,,
RPQNMLLLJHLGFIB97CC,2,9.83,管委會使用空間、游泳池、梯廳、戶外安全梯、安全梯、排煙室、走廊、車道、機車停車區、垃圾資源回收室、緊急升降機、一般升降機、門廳、升降機道、梯間、機械室、機械室（水錶室）、電梯機房、水箱等１９項。,鋼筋混凝土造,112年8月22日,十五層,,
RPTNMLLLJHLGFIB28CC,5,24.37,住宅、梯間、停車空間,鋼筋混凝土造,109年9月21日,四層,,
RPQNMLLLJHLGFIB97CC,2,14.48,梯廳、一般升降機、緊急升降機、排煙室、戶外安全梯、機電設備空間等６項,鋼筋混凝土造,112年8月22日,十五層,,
RPPNMLLLJHLGFIB87CC,3,17.74,管委會使用空間、梯廳、排煙室、緊急昇降機、昇降機、無障礙電梯、防災中心、警衛室、游泳池、樓梯間、水錶室、消防中繼機械室、消防水箱、設備空間、機械室、自來水箱等１６項。,鋼筋混凝土造,111年8月5日,二十層,,
RPRNMLLLJHLGFJB18CC,47,63.09,住家用,加強磚造,68年4月15日,一層,,
RPPNMLLLJHLGFJB97CC,25,219.61,住宅、停車空間、梯間,鋼筋混凝土造,90年4月2日,四層,,
RPPNMLLLJHLGFKB08CC,33,10.00,住家用,鋼筋混凝土造,82年3月17日,五層,,
RPQNMLLLJHLGFKB18CC,33,13.22,住房、儲藏室,鋼筋混凝土造,82年2月15日,五層,,
RPPNMLLLJHLGFAB17DC,52,112.40,商業用,見其他登記事項,63年3月21日,二層,,
RPRNMLLLJHLGFKB28CC,33,10.00,住家用,鋼筋混凝土造,81年12月29日,四層,,
RPTNMLMLJHLGFAB57CC,33,51.25,住家用,鋼筋混凝土造,81年11月26日,五層,,
RPRNMLMLJHLGFAB37CC,29,19.54,集合住宅,鋼筋混凝土造,85年10月16日,十二層,,
RPRNMLMLJHLGFAB37CC,29,9.52,本共有部分之項目有人行道、門廳、梯間、走道、機械室、水箱、停車空間、防空避難室、花台、平台等１０項。,鋼筋混凝土造,85年10月16日,十二層,,
RPTNMLMLJHLGFAB57CC,33,17.23,防空避難室．水塔．梯間．機械室,鋼筋混凝土造,81年11月26日,五層,,
RPRNMLMLJHLGFBB47CC,46,103.01,住家用,鋼筋混凝土造,69年3月21日,五層,,
RPRNMLMLJHLGFBB47CC,46,5.69,共有部分,鋼筋混凝土造,69年3月21日,五層,,
RPQNMLMLJHLGFBB37CC,11,55.61,集合住宅,鋼筋混凝土造,104年4月23日,二十二層,,
RPPNMLMLJHLGFBB27CC,45,78.08,住家用,鋼筋混凝土造,70年4月23日,五層,,
RPQNMLMLJHLGFBB37CC,11,12.85,本共有部分係依使用執照之建築概要表記載項目有：停車空間，消防機房，污水處理機房，水箱，排煙室，梯廳，昇降機間，樓梯間，電信室，緊急發電機室，防空避難室兼停車空間，台電配電室，機車停車區等１３項,鋼筋混凝土造,104年4月23日,二十二層,,
RPSNMLMLJHLGFAB47CC,30,22.76,集合住宅,鋼骨鋼筋混凝土造,85年5月20日,十九層,,
RPQNMLMLJHLGFBB37CC,11,13.19,本共有部分係依使用執照之建築概要表記載項目有：人行道，門廳，公共服務空間，排煙室，梯廳，外廊，樓梯間，昇降機間，垃圾集中室，走廊，中繼機房，梯間，電梯機房，水錶箱室，水箱等１５項,鋼筋混凝土造,104年4月23日,二十二層,,
RPSNMLMLJHLGFAB47CC,30,4.97,共同使用,鋼骨鋼筋混凝土造,85年5月20日,十九層,,
RPSNMLMLJHLGFAB47CC,30,6.02,共同使用,鋼骨鋼筋混凝土造,85年5月20日,十九層,,
RPSNMLMLJHLGFBB57CC,36,369.92,住商用,鋼筋混凝土造,79年5月12日,十二層,,
RPPOMLMLJHLGFBB37CC,20,31.88,共有部分,鋼筋混凝土造,94年12月8日,十八層,,
RPSNMLMLJHLGFBB57CC,36,53.51,共有部分,鋼筋混凝土造,79年5月12日,十二層,,
RPVNMLMLJHLGFBB87CC,2,81.33,集合住宅,鋼筋混凝土造,112年10月5日,十五層,,
RPXNMLMLJHLGFBB08CC,30,119.86,共有部分,鋼筋混凝土造,85年6月6日,十四層,,
RPROMLMLJHLGFBB57CC,30,26.61,共有部分,鋼筋混凝土造,85年6月6日,十四層,,
RPVNMLMLJHLGFBB87CC,2,50.18,本共有部分係依使用執照之建築概要表記載項目有：停車空間，電梯，無障礙電梯，緊急昇降機，排煙室，汙雨水處理機房，消防機械室，無障礙樓梯間，水箱，車道，電信室，防空避難室兼停車空間，機車停車區，台電配電室，緊急發電機室，管委會使用空間，資源回收室，樓梯間，梯廳，水錶室，機械室，子母水箱等２２項,鋼筋混凝土造,112年10月5日,十五層,,
RPVNMLMLJHLGFBB87CC,2,18.45,本共有部分係依使用執照之建築概要表記載項目有：樓梯間，電梯，梯廳，排煙室，無障礙電梯，緊急昇降機，無障礙樓梯間等７項,鋼筋混凝土造,112年10月5日,十五層,,
RPQOMLMLJHLGFBB47CC,20,15.94,共有部分,鋼筋混凝土造,94年12月8日,十八層,,
RPUNMLMLJHLGFBB77CC,42,78.14,住家用,鋼筋混凝土造,72年11月11日,五層,,
RPPNMLMLJHLGFCB37CC,20,11.00,住家用,鋼筋混凝土造,95年6月28日,十層,,
RPOOMLMLJHLGFBB27CC,46,169.92,集合住宅,ＲＣ造,69年3月5日,五層,,
RPSOMLMLJHLGFBB67CC,20,47.39,住家用,鋼筋混凝土造,94年12月8日,十八層,,
RPSOMLMLJHLGFBB67CC,20,19.00,共有部分,鋼筋混凝土造,94年12月8日,十八層,,
RPQNMLMLJHLGFCB47CC,31,13.86,住家用,鋼筋混凝土造,84年4月24日,七層,,
RPQNMLMLJHLGFCB47CC,31,6.45,共用部份,鋼筋混凝土造,84年4月24日,七層,,
RPTNMLMLJHLGFCB77CC,27,24.66,住宅、店舖、停車空間、樓梯間、水箱,鋼筋混凝土造,87年8月5日,五層,,
RPRNMLMLJHLGFCB57CC,24,34.64,人行道、辦公室、住房、店舖、停車空間、樓梯間,鋼筋混凝土造,91年5月23日,五層,,
RPWNMLMLJHLGFCB08CC,31,65.72,住家用,鋼筋混凝土造,83年8月25日,十八層,,
RPWNMLMLJHLGFCB08CC,31,16.83,共有部份,鋼筋混凝土造,83年8月25日,十八層,,
RPWNMLMLJHLGFCB08CC,31,5.57,共有部份,鋼筋混凝土造,83年8月25日,二十九層,,
RPWNMLMLJHLGFCB08CC,31,4.13,共有部份,鋼筋混凝土造,83年8月25日,二十九層,,
RPVNMLMLJHLGFCB97CC,34,26.75,商業用,鋼筋混凝土造,80年12月6日,十二層,,
RPSNMLMLJHLGFCB67CC,5,37.30,集合住宅,鋼筋混凝土造,109年8月31日,十九層,,
RPSNMLMLJHLGFCB67CC,5,23.34,本共有部份係依使用執照之建築概要表記載項目有：停車空間、梯廳、一般安全梯、排煙室、自來水箱、消防機械室、污水機房、機械室、一般升降機、緊急升降機、電信室、消防中繼機房、防空避難室兼停車空間、發電機室、消防中繼水箱、台電配電室、電表室、辦公室、管委會使用空間（辦公室）及（會議室）、垃圾集中處、出入口緩衝空間、外廊、防災中心、安全梯、特別安全梯、車道、管委會使用空間、走廊、機房、水表室、消防水箱等三十一項。,鋼筋混凝土造,109年8月31日,十九層,,
RPVNMLMLJHLGFCB97CC,34,9.16,共有部份,鋼筋混凝土造,80年12月6日,十二層,,
RPXNMLMLJHLGFCB18CC,41,95.82,住家用,鋼筋混凝土造,73年10月29日,五層,,
RPXNMLMLJHLGFCB18CC,41,8.58,共有部份,鋼筋混凝土造,73年10月29日,五層,,
RPUNMLMLJHLGFCB87CC,31,32.78,住家用,鋼筋混凝土造,84年4月26日,八層,,
RPUNMLMLJHLGFCB87CC,31,15.49,共有部份,鋼筋混凝土造,84年4月26日,八層,,
RPPOMLMLJHLGFCB47CC,31,13.53,住家用,鋼筋混凝土造,83年9月30日,十二層,,
RPTNMLMLJHLGFFB08CC,5,9.22,集合住宅,鋼筋混凝土造,109年8月25日,五層,,
RPPOMLMLJHLGFCB47CC,31,6.60,共有部份,鋼筋混凝土造,83年9月30日,十二層,,
RPTNMLMLJHLGFFB08CC,5,5.11,梯廳、安全梯、升降機、管道間、走廊、安全梯間、升降機機械室、水箱、停車空間、電信室、消防機室、發電機室、台電配電室、安全梯Ａ,鋼筋混凝土造,109年8月25日,五層,,
RPPNMLMLJHLGFFB67CC,5,9.22,集合住宅,鋼筋混凝土造,109年8月25日,五層,,
RPPNMLMLJHLGFFB67CC,5,5.11,梯廳、安全梯、升降機、管道間、走廊、安全梯間、升降機機械室、水箱、停車空間、電信室、消防機室、發電機室、台電配電室、安全梯Ａ,鋼筋混凝土造,109年8月25日,五層,,
RPWNMLMLJHLGFFB38CC,7,44.28,集合住宅,鋼筋混凝土造,108年3月27日,十五層,,
RPWNMLMLJHLGFFB38CC,7,6.91,排風機房、進風機房、消防機房、雨汙水機房、防空避難室兼停車空間、車道、機車停車空間、台電配電室、電信機房、管委會使用空間（垃圾儲藏空間）、緊急發電機室、門廳、管委會使用空間等１３項。,鋼筋混凝土造,108年3月27日,十五層,,
RPWNMLMLJHLGFFB38CC,7,13.78,排煙室、特別安全梯、水箱、電表室、梯廳兼排煙室、梯廳、樓梯間、水錶室、機房、消防水箱、電梯機房等１１項。,鋼筋混凝土造,108年3月27日,十五層,,
RPQOMLMLJHLGFFB87CC,52,113.19,店舖，住房,加強磚造,62年8月7日,二層,,
RPROMLMLJHLGFFB97CC,19,88.71,集合住宅兼停車空間,鋼筋混凝土造,95年12月13日,六層,,
RPVNMLMLJHLGFFB28CC,6,57.49,集合住宅,鋼筋混凝土造,108年12月10日,十層,,
RPROMLMLJHLGFFB97CC,19,40.78,防空避難室兼停車空間、集合住宅,鋼筋混凝土造,95年12月13日,六層,,
RPUOMLMLJHLGFFB28CC,2,58.45,集合住宅,鋼筋混凝土造,113年4月15日,十二層,,
RPVNMLMLJHLGFFB28CC,6,63.51,防空避難室兼停車空間、污雨水機械室、消防機械室、水箱、梯廳、排煙室、昇降機間、停車空間、台電配電室、機械室、電信室、發電機室、管委會使用空間、垃圾室、車道、走廊、梯間、水錶室,鋼筋混凝土造,108年12月10日,十層,,
RPUOMLMLJHLGFFB28CC,2,63.46,停車空間、車道、排煙室、丙梯、汙水機房、消防機房及發電機室、一般昇降機（行動不便）、緊急昇降機、電信室、水箱一、水箱二、防空避難室兼停車空間、台電配電室、電錶區、管委會空間、公共服務空間、梯廳、甲梯（戶外安全梯、無障礙）、乙梯（戶外安全梯、一般梯）、乙梯、水錶室、水箱、機械室,鋼筋混凝土造,113年4月15日,十二層,,
RPXNMLMLJHLGFFB48CC,3,13.00,人行道、住宅、停車空間,鋼筋混凝土造,111年12月26日,五層,,
RPVOMLMLJHLGFFB38CC,52,85.86,住商用,加強磚造、水泥平頂、水泥地床,62年12月15日,二層,,
RPSOMLMLJHLGFFB08CC,3,64.56,集合住宅,鋼筋混凝土造,111年12月29日,十五層,,
RPSOMLMLJHLGFFB08CC,3,49.15,消防機房、污雨水機房、車道、停車空間、水箱、樓梯間、梯廳、昇降機間、發電機室、台電配電室、電信機房、防空避難室兼停車空間、管委會使用空間、社區娛樂室、排煙室、資源回收室、門廳、走廊、機械式、消防水箱等２０項,鋼筋混凝土造,111年12月29日,十五層,,
RPOOMLMLJHLGFCB37CC,17,42.03,住家用,鋼筋混凝土造,97年11月27日,二十二層,,
RPOOMLMLJHLGFCB37CC,17,32.09,共用,鋼筋混凝土造,97年11月27日,二十二層,,
RPTOMLMLJHLGFFB18CC,1,56.99,集合住宅,鋼筋混凝土造,114年6月6日,二十八層,,
RPTOMLMLJHLGFFB18CC,1,15.43,排煙室、昇降機、無障礙安全梯、特別安全梯、無障礙樓梯、梯廳兼排煙室、梯廳、管委會空間、中繼機房、中繼水箱、電梯間、水錶室、樓梯間、電梯機房、機電空間、水箱、安全梯、水箱機房、消防水箱等１９項,鋼筋混凝土造,114年6月6日,二十八層,,
RPTOMLMLJHLGFFB18CC,1,37.90,消防機房、雨水回收機房、車道、機房、水箱、停車空間、進風管道、公共水箱、防空避難室兼停車空間、台電配電室、發電機房、泳池水箱、公共電氣室、機車車道、管委會使用空間、昇降機、大廳、梯廳、警衛室、儲藏室、風除室、排風機房、防災中心、電信室、垃圾暫存室、附屬社區共用空間、附屬共用廚房、機電設備空間、電梯間、設備空間、泳池機房、景觀機房、游泳池、管委會空間、樓電梯間、機電空間、樓梯間等３７項,鋼筋混凝土造,114年6月6日,二十八層,,
RPWOMLMLJHLGFFB48CC,1,59.82,集合住宅,鋼筋混凝土造,114年6月27日,十五層,,
RPWOMLMLJHLGFFB48CC,1,60.37,防空避難室兼停車空間、樓梯間、昇降機間、車道、雨汙水機房、消防機房、水箱、排煙室、停車空間、電信機房、機房、緊急發電機室、台電配電室、機車停車區、梯廳、社區交誼空間、垃圾集中室、門廳、管委會空間、管道間、梯間、水錶室、電梯機房等２３項。,鋼筋混凝土造,114年6月27日,十五層,,
RPQNMLMLJHLGFIB08CC,33,156.51,人行道、住宅、店舖,鋼筋混凝土造,82年1月20日,五層,,
RPVNMLMLJHLGFIB58CC,8,24.80,集合住宅,鋼筋混凝土造,107年1月19日,五層,,
RPQNMLMLJHLGFIB08CC,33,25.12,共有部份,鋼筋混凝土造,82年1月20日,五層,,
RPVNMLMLJHLGFIB58CC,8,8.26,本共有部分之項目有防空避難室兼停車空間、電信室、水箱、台電配電室、安全梯、昇降機間、消防機房及發電機室、管道間、樓梯間、水箱間等１０項,鋼筋混凝土造,107年1月19日,五層,,
RPVNMLMLJHLGFIB58CC,8,6.97,本共有部分之項目有防空避難室兼停車空間、昇降機間、安全梯、陽台、汽車昇降機道、管理委員會使用空間、共用梯廳等７項。,鋼筋混凝土造,107年1月19日,五層,,
RPPNMLMLJHLGFJB08CC,18,9.09,辦公室,鋼筋混凝土造,97年7月7日,四層,,
RPPNMLMLJHLGFJB08CC,18,5.26,緊急發電機、台電受電室、機械室、人行道、梯間、消防幫泵室、水箱,鋼筋混凝土造,97年7月7日,四層,,
RPQNMLMLJHLGFJB18CC,47,104.25,住家用,加強磚造,68年7月6日,二層,,
RPPNMLMLJHLGFKB18CC,33,10.00,住家用,鋼筋混凝土造,81年12月29日,四層,,
RPSNMLMLJHLGFJB38CC,1,66.18,集合住宅,鋼筋混凝土造,113年12月28日,十二層,,
RPSNMLMLJHLGFJB38CC,1,69.93,本共有部分之項目有停車空間、消防機房、進風機房、排風機房、排煙室兼用梯廳、雨汙水機房、水箱、梯間、防空避難室兼用停車空間、台電配電室、電錶室、排煙室、緊急發電機室、電信室、受電箱室、管委會使用空間會客空間、垃圾集中貯存空間、走廊、車道、儲藏室、梯廳、機房、水錶室、電梯機房、管委會使用空間儲藏空間,鋼筋混凝土造,113年12月28日,十二層,,
RPTNMLMLJHLGFJB48CC,32,62.39,集合住宅,鋼筋混凝土造,83年7月5日,四層,,
RPTNMLMLJHLGFJB48CC,32,10.68,梯間、水塔、集合住宅,鋼筋混凝土造,83年7月5日,四層,,
RPWNMLMLJHLGFIB68CC,17,18.72,住宅、店舖,鋼筋混凝土造,97年11月6日,五層,,
RPSNMLMLJHLGFIB28CC,35,272.57,住房、儲藏室,鋼筋混凝土造,80年4月30日,四層,,
RPPNMLMLJHLGFHB97DC,47,36.00,住商用,鋼筋混凝土造,67年12月13日,四層,,
RPPNMLMLJHLGFCB47DC,12,151.78,辦公事務所及工商服務業,鋼骨鋼筋混凝土造,103年4月3日,三十六層,,
RPPNMLMLJHLGFCB47DC,12,45.22,本共有部分之項目有：梯廳、排煙室、樓梯間、門廳、防災中心、管委會使用空間、汽車車道、發電機室、中繼機房、電梯機房、水錶室、機械室、子母水箱等１３項,鋼骨鋼筋混凝土造,103年4月3日,三十六層,,
RPPNMLMLJHLGFCB47DC,12,88.51,本共有部分之項目有：梯廳、停車空間、水箱、消防機房、污水機房、排煙室、樓梯間、汽車車道、車道、防空避難室兼機車停車空間、儲藏室、電錶室、機車停車空間、台電配電室、電信室、中繼機房、雨水回收水箱等１７項。,鋼骨鋼筋混凝土造,103年4月3日,三十六層,,
RPPNMLNLJHLGFAB27CC,31,25.31,住家用,鋼筋混凝土造,83年8月25日,十六層,,
RPPNMLNLJHLGFAB27CC,31,13.49,共有部份,鋼筋混凝土造,83年8月25日,十六層,,
RPQNMLNLJHLGFAB37CC,31,19.23,住家用,鋼筋混凝土造,84年1月13日,十九層,,
RPQNMLNLJHLGFAB37CC,31,3.22,共有部分,鋼筋混凝土造,84年1月13日,十九層,,
RPQNMLNLJHLGFAB37CC,31,8.36,梯間．水箱．機械室,鋼筋混凝土造,84年1月13日,十九層,,
RPPNMLNLJHLGFBB37CC,32,22.91,住家用,鋼筋混凝土造,83年7月5日,七層,,
RPPNMLNLJHLGFBB37CC,32,7.68,共有部分,鋼筋混凝土造,83年7月5日,七層,,
RPPNMLNLJHLGFBB37CC,32,.00,共有部分,鋼筋混凝土造,83年7月5日,七層,,
RPRNMLNLJHLGFBB57CC,41,73.65,住家用,鋼筋混凝土造,73年11月2日,五層,,
RPQNMLNLJHLGFBB47CC,16,70.51,住家用,鋼筋混凝土造,98年9月8日,十四層,,
RPQNMLNLJHLGFBB47CC,16,56.31,共有部分,鋼筋混凝土造,98年9月8日,十四層,,
RPTNMLNLJHLGFBB77CC,45,97.61,住家用,鋼筋混凝土造,70年4月2日,五層,,
RPUNMLNLJHLGFBB87CC,33,80.72,住家用,鋼筋混凝土造,82年2月12日,十一層,,
RPUNMLNLJHLGFBB87CC,33,9.99,共有部分,鋼筋混凝土造,82年2月12日,十一層,,
RPVNMLNLJHLGFBB97CC,31,39.07,住家用,鋼筋混凝土造,84年2月8日,八層,,
RPVNMLNLJHLGFBB97CC,31,12.29,共有部分,鋼筋混凝土造,84年2月8日,八層,,
RPSNMLNLJHLGFBB67CC,33,90.78,住家用,鋼筋混凝土造,82年5月21日,十五層,,
RPSNMLNLJHLGFBB67CC,33,15.14,共有部分,鋼筋混凝土造,82年5月21日,十五層,,
RPWNMLNLJHLGFBB08CC,46,41.61,住家用,鋼筋混凝土造,69年2月11日,五層,,
RPTNMLNLJHLGFAB67CC,41,72.81,住家用,鋼筋混凝土造,74年5月21日,十二層,,
RPTNMLNLJHLGFAB67CC,41,16.93,共有部份,鋼筋混凝土造,74年5月21日,十二層,,
RPPOMLNLJHLGFAB37CC,36,1692.87,住商用,鋼筋混凝土造,79年2月17日,七層,,
RPUNMLNLJHLGFAB77CC,30,38.57,集合住宅,鋼筋混凝土造,85年6月27日,二十一層,,
RPOPMLNLJHLGFAB37CC,30,23.28,集合住宅,鋼骨鋼筋混凝土造,85年5月20日,十九層,,
RPUNMLNLJHLGFAB77CC,30,20.96,共同使用,鋼筋混凝土造,85年6月27日,二十一層,,
RPOPMLNLJHLGFAB37CC,30,5.12,共同使用,鋼骨鋼筋混凝土造,85年5月20日,十九層,,
RPTOMLNLJHLGFAB77CC,3,51.76,集合住宅,鋼筋混凝土造,111年10月29日,十五層,,
RPOPMLNLJHLGFAB37CC,30,6.02,共同使用,鋼骨鋼筋混凝土造,85年5月20日,十九層,,
RPTOMLNLJHLGFAB77CC,3,13.57,本共有部份係依使用執照之建築概要表記載項目有：一般昇降機、戶外安全梯、機械室、電梯機械室、水箱等５項。,鋼筋混凝土造,111年10月29日,十五層,,
RPTOMLNLJHLGFAB77CC,3,48.07,本共有部份係依使用執照之建築概要表記載項目有：停車空間、電梯廳、一般昇降機、安全梯、Ｂ棟水箱、無障礙安全梯、消防機房、雨汙水機房、Ａ棟水箱、防空避難室兼停車空間、電信室、景觀機房、發電機室、台電配電場所、戶外安全梯、管委會空間等１６項。,鋼筋混凝土造,111年10月29日,十五層,,
RPVOMLNLJHLGFAB97CC,15,90.62,集合住宅,鋼筋混凝土造,100年1月5日,十五層,,
RPROMLNLJHLGFAB57CC,32,23.48,住家用,鋼筋混凝土造,82年11月24日,八層,,
RPVOMLNLJHLGFAB97CC,15,18.43,本共有部分之項目有Ａ～Ｈ梯梯間排煙室、Ａ～Ｈ水箱、機械室、Ａ～Ｈ梯梯間等四項。,鋼筋混凝土造,100年1月5日,十五層,,
RPROMLNLJHLGFAB57CC,32,13.64,梯間，走道，機械室，水箱，防空避難室，停車空間,鋼筋混凝土造,82年11月24日,八層,,
RPVOMLNLJHLGFAB97CC,15,18.22,本共有部分之項目有停車空間、Ａ～Ｈ水箱、污水機房、緊急發電室、Ａ～Ｈ梯梯間排煙室、防空避難室兼停車空間、台電配電室Ａ、消防幫浦室、台電配電室Ｂ、管理委員會使用空間（大廳、交誼室、遊戲室、資源回收室）、梯廳、基地內通路、雨遮、頂蓋型廣場式開放空間等十四項。,鋼筋混凝土造,100年1月5日,十五層,,
RPSNMLNLJHLGFAB57CC,36,22.90,住家用,鋼筋混凝土造,78年9月16日,六層,,
RPVNMLNLJHLGFAB87CC,18,280.98,補習班，人行道，辦公室，防空避難室，樓梯間，停車空間,鋼筋混凝土造,97年6月23日,五層,,
RPSOMLNLJHLGFAB67CC,18,521.96,補習班，人行道，辦公室，防空避難室，樓梯間，停車空間,鋼筋混凝土造,97年6月23日,五層,,
RPSNMLNLJHLGFAB57CC,36,6.39,共有部分,鋼筋混凝土造,78年9月16日,六層,,
RPPOMLNLJHLGFBB47CC,30,56.51,住家用,鋼筋混凝土造,85年7月5日,二十二層,,
RPPOMLNLJHLGFBB47CC,30,25.30,共有部分,鋼筋混凝土造,85年7月5日,二十二層,,
RPPOMLNLJHLGFBB47CC,30,2.16,共有部分,鋼筋混凝土造,85年7月5日,二十二層,,
RPPOMLNLJHLGFBB47CC,30,9.93,共有部分,鋼筋混凝土造,85年7月5日,二十二層,,
RPXNMLNLJHLGFBB18CC,9,124.30,集合住宅,鋼筋混凝土造,105年12月15日,二十四層,,
RPXNMLNLJHLGFBB18CC,9,98.28,本共有部分係依使用執照之建築概要表記載項目有：停車空間，梯廳，梯間，機械室，排煙室，消防機房，水箱，中繼機房，電信機房，防空避難室兼停車空間，台電配電室，緊急發電機房，電錶室，防災中心，社區中心，門廳，管委會空間，資源回收室，水錶室等１９項。,鋼筋混凝土造,105年12月15日,二十四層,,
RPXNMLNLJHLGFAB08CC,30,20.04,集合住宅,鋼筋混凝土造,85年5月6日,十八層,,
RPXNMLNLJHLGFAB08CC,30,3.72,共同使用,鋼筋混凝土造,85年5月6日,十八層,,
RPXNMLNLJHLGFAB08CC,30,4.19,共同使用,鋼筋混凝土造,85年5月6日,十八層,,
RPOOMLNLJHLGFBB37CC,32,81.69,住家用,鋼筋混凝土造,82年9月24日,十六層,,
RPXNMLNLJHLGFAB08CC,30,1.00,共同使用,鋼筋混凝土造,85年5月6日,十八層,,
RPQOMLNLJHLGFAB47CC,1,56.64,集合住宅,鋼筋混凝土造,114年6月20日,十五層,,
RPOOMLNLJHLGFBB37CC,32,11.86,共有部分,鋼筋混凝土造,82年9月24日,十六層,,
RPXNMLNLJHLGFAB08CC,30,1.69,共同使用,鋼筋混凝土造,85年5月6日,十八層,,
RPOOMLNLJHLGFBB37CC,32,.00,共有部分,鋼筋混凝土造,82年9月24日,十六層,,
RPQOMLNLJHLGFAB47CC,1,54.50,本共有部分係依使用執照之建築概要表記載項目有：停車空間兼防空避難室、排煙室、樓梯間、一般昇降機、緊急昇降機、雨水機房、消防機房、機房、水箱、車道、停車空間、景觀機房、緊急發電機室、台電配電室、電信室、梯廳、門廳、垃圾集中室、管委會空間、梯間、水錶箱室、電梯機房等２２項,鋼筋混凝土造,114年6月20日,十五層,,
RPROMLNLJHLGFBB67CC,46,71.11,住家用,鋼筋混凝土造,69年1月21日,七層,,
RPUOMLNLJHLGFBB97CC,46,72.03,住家用,鋼筋混凝土造,68年9月21日,五層,,
RPSOMLNLJHLGFBB77CC,16,184.65,住宅，停車空間，梯間,鋼筋混凝土造,99年2月6日,四層,,
RPXOMLNLJHLGFBB28CC,9,48.64,集合住宅,鋼筋混凝土造,106年4月20日,二十八層,,
RPXOMLNLJHLGFBB28CC,9,16.95,本共有部分係依使用執照之建築概要表記載項目有：管委會使用空間、梯廳、排煙室、特別安全梯、電機室、梯間、機房、中繼機房、水箱、電梯機房等１０項,鋼筋混凝土造,106年4月20日,二十八層,,
RPXOMLNLJHLGFBB28CC,9,46.63,本共有部分係依使用執照之建築概要表記載項目有：停車空間、水箱室、消防機械室、排煙室、梯廳、地下室排氣機房、安全梯、機電設備空間、電信室、防空避難室兼停車空間、台電配電室、中繼機房、發電機室、防災中心、梯間等１５項,鋼筋混凝土造,106年4月20日,二十八層,,
RPTOMLNLJHLGFBB87CC,31,29.75,商業用,鋼筋混凝土造,83年12月22日,十七層,,
RPTOMLNLJHLGFBB87CC,31,14.64,防空避難室、樓梯間、機械室、水塔、地下庭園、管理員辦公室,鋼筋混凝土造,83年12月22日,十七層,,
RPOPMLNLJHLGFBB47CC,3,70.41,集合住宅,鋼筋混凝土造,111年7月28日,二十四層,,
RPOPMLNLJHLGFBB47CC,3,66.52,本共有部份係依使用執照之建築概要表記載項目有：防空避難室兼停車空間，排煙室，樓梯間，緊急昇降機，一般昇降機，污、雨水機械室，消防機械室，水箱，車道，停車空間，機電空間，電信室，緊急發電機室、台電配電室，防災中心，消防中繼機房，機械室，電錶區，水箱室，機車停車區，門廳，廁所，管委會使用空間，走廊，垃圾集中室，公共服務空間，頂蓋型開放空間，儲藏室，信箱室，宅配室，中繼水塔，梯間，梯廳，電梯機房，水錶箱室等３５項．,鋼筋混凝土造,111年7月28日,二十四層,,
RPVOMLNLJHLGFBB08CC,17,65.32,住家用,鋼筋混凝土造,98年6月26日,十三層,,
RPPPMLNLJHLGFBB57CC,32,85.63,住家用,鋼筋混凝土造,83年5月12日,十五層,,
RPVOMLNLJHLGFBB08CC,17,29.39,共有部分,鋼筋混凝土造,98年6月26日,十五層,,
RPQNMLNLJHLGFCB57CC,2,118.47,集合住宅,鋼筋混凝土造,113年4月17日,二十一層,,
RPPPMLNLJHLGFBB57CC,32,25.52,共有部分,鋼筋混凝土造,83年5月12日,十五層,,
RPVOMLNLJHLGFBB08CC,17,13.18,共有部分,鋼筋混凝土造,98年6月26日,十五層,,
RPQNMLNLJHLGFCB57CC,2,123.83,本共有部份係依使用執照之建築概要表記載項目有：停車空間、梯間、排煙室、機房、水箱、消防機房、中繼機房、電信機房、緊急發電機房、防空避難室兼停車空間、台電配電室、電錶室、緊急昇降機、門廳、樓梯間、防災中心、垃圾資源回收室、管理室、管委會使用空間、機車停車區、水錶室、昇降機、梯廳、中繼水箱、昇降機機房等二十五項。,鋼筋混凝土造,113年4月17日,二十一層,,
RPQPMLNLJHLGFBB67CC,29,87.44,住家用,鋼筋混凝土造,85年10月29日,八層,,
RPQPMLNLJHLGFBB67CC,29,27.83,共有部分,鋼筋混凝土造,85年10月29日,八層,,
RPUNMLNLJHLGFCB97CC,32,28.66,住家用,鋼筋混凝土造,83年4月19日,十二層,,
RPUNMLNLJHLGFCB97CC,32,16.70,共有部份,鋼筋混凝土造,83年4月19日,十二層,,
RPSNMLNLJHLGFCB77CC,30,93.21,集合住宅,鋼筋混凝土造,85年6月15日,十二層,,
RPSNMLNLJHLGFCB77CC,30,49.80,共有部份,鋼筋混凝土造,85年6月15日,十二層,,
RPTNMLNLJHLGFCB87CC,31,87.42,住家用,鋼筋混凝土造,84年1月13日,十三層,,
RPTNMLNLJHLGFCB87CC,31,31.29,共有部份,鋼筋混凝土造,84年1月13日,十三層,,
RPPNMLNLJHLGFFB77CC,1,56.99,集合住宅,鋼筋混凝土造,114年6月6日,二十八層,,
RPPNMLNLJHLGFFB77CC,1,15.68,排煙室、昇降機、無障礙安全梯、特別安全梯、無障礙樓梯、梯廳兼排煙室、梯廳、管委會空間、中繼機房、中繼水箱、電梯間、水錶室、樓梯間、電梯機房、機電空間、水箱、安全梯、水箱機房、消防水箱等１９項,鋼筋混凝土造,114年6月6日,二十八層,,
RPPNMLNLJHLGFFB77CC,1,37.90,消防機房、雨水回收機房、車道、機房、水箱、停車空間、進風管道、公共水箱、防空避難室兼停車空間、台電配電室、發電機房、泳池水箱、公共電氣室、機車車道、管委會使用空間、昇降機、大廳、梯廳、警衛室、儲藏室、風除室、排風機房、防災中心、電信室、垃圾暫存室、附屬社區共用空間、附屬共用廚房、機電設備空間、電梯間、設備空間、泳池機房、景觀機房、游泳池、管委會空間、樓電梯間、機電空間、樓梯間等３７項,鋼筋混凝土造,114年6月6日,二十八層,,
RPSNMLNLJHLGFFB08CC,41,117.61,人行通道、店舖、住宅、梯間,加強磚造,73年10月1日,二層,,
RPPNMLNLJHLGFEB67CC,32,127.36,住家用,鋼筋混凝土造,83年3月25日,六層,,
RPPNMLNLJHLGFEB67CC,32,24.73,共用部份,鋼筋混凝土造,83年3月25日,六層,,
RPTNMLNLJHLGFFB18CC,1,63.50,集合住宅,鋼筋混凝土造,113年12月28日,十五層,,
RPTNMLNLJHLGFFB18CC,1,53.34,消防機房、雨水機房、汙水機房、水景機房、停車空間、車道、樓梯間、昇降機間、水箱、防空避難室兼停車空間、台電配電室、發電機房、電信機房、人行道、社區公共設施空間、資源回收室、梯廳、排煙室、管理委員會使用空間、門廳、機械室、水錶室等２２項。,鋼筋混凝土造,113年12月28日,十五層,,
RPUNMLNLJHLGFFB28CC,1,58.09,集合住宅,鋼筋混凝土造,114年4月14日,十五層,,
RPWNMLNLJHLGFFB48CC,2,106.39,集合住宅,鋼筋混凝土造,112年12月29日,十五層,,
RPUNMLNLJHLGFFB28CC,1,53.58,防空避難室兼停車空間、排煙室、水箱、機房、消防機械室、污水機械室、雨水機械室、揚水泵機械室、安全梯、一般昇降機、緊急昇降機行動不便者、停車空間、台電配電室、發電機室、電信室、梯廳、垃圾暫存室、管委會使用空間、走廊、車道、機車停車區、戶外安全梯、機械室、水錶室、一般梯、梯間共計２６項。,鋼筋混凝土造,114年4月14日,十五層,,
RPWNMLNLJHLGFFB48CC,2,77.82,防空避難室兼停車空間、排煙室、安全梯、昇降機間、消防機房、污水機房、機房、水箱、車道、停車空間、電信室、緊急發電機室、台電配電室、門廳、排煙室（梯廳）、管委會空間、儲藏室、垃圾集中室、梯廳、梯間、水錶箱室、電梯機房等２２項。,鋼筋混凝土造,112年12月29日,十五層,,
RPQNMLNLJHLGFFB87CC,8,83.38,集合住宅,鋼筋混凝土造,107年6月22日,十五層,,
RPQNMLNLJHLGFFB87CC,8,40.90,防空避難室兼停車空間、消防機房、發電機機房、台電配電室、管委會空間、昇降機間、電梯機房、水箱,鋼筋混凝土造,107年6月22日,十五層,,
RPVNMLNLJHLGFFB38CC,4,72.05,集合住宅,鋼筋混凝土造,110年7月29日,七層,,
RPVNMLNLJHLGFFB38CC,4,60.08,法定防空避難室兼停車空間，梯間，梯廳，一般昇降機，一般安全梯，車道，台電配電室，電信室，發電機室兼消防機械室，電錶室，汙水機房，水箱，管委會使用空間，戶外安全梯，外廊，水錶室，機械室等１７項。,鋼筋混凝土造,110年7月29日,七層,,
RPXNMLNLJHLGFFB58CC,2,93.18,集合住宅,鋼筋混凝土造,113年4月11日,二十四層,,
RPXNMLNLJHLGFFB58CC,2,70.03,防空避難室兼停車空間、排煙室、水箱、消防機械室、污水機房、緊急昇降機行動不便者、一般昇降機、安全梯、停車空間、消防中繼水箱、消防中繼機房、車道、台電配電室、電信室、發電機室、泳池機房、機車停車空間、特別安全梯、管委會使用空間、走廊、垃圾暫存室、防災中心、梯廳、水錶室、戶外安全梯、梯間、昇降機道、機械室等２８項。,鋼筋混凝土造,113年4月11日,二十四層,,
RPRNMLNLJHLGFFB97CC,5,9.22,集合住宅,鋼筋混凝土造,109年8月25日,五層,,
RPRNMLNLJHLGFFB97CC,5,5.11,梯廳、安全梯、升降機、管道間、走廊、安全梯間、升降機機械室、水箱、停車空間、電信室、消防機室、發電機室、台電配電室、安全梯Ａ,鋼筋混凝土造,109年8月25日,五層,,
RPWOMLNLJHLGFCB28CC,39,87.56,住家用,鋼筋混凝土造,76年6月29日,五層,,
RPWOMLNLJHLGFCB28CC,39,6.28,共有部分,鋼筋混凝土造,76年6月29日,五層,,
RPOOMLNLJHLGFCB47CC,30,26.11,住家用,鋼筋混凝土造,85年5月27日,十九層,,
RPOOMLNLJHLGFCB47CC,30,8.97,共有部份,鋼筋混凝土造,85年5月27日,十九層,,
RPOOMLNLJHLGFCB47CC,30,.59,共有部份,鋼筋混凝土造,85年5月27日,十九層,,
RPPNMLNLJHLGFHB97CC,1,87.03,集合住宅,鋼筋混凝土造,114年6月4日,十五層,,
RPPNMLNLJHLGFHB97CC,1,72.71,本共有部分之項目有防空避難室兼停車空間、排煙室、安全梯、消防幫浦室、污水機房、昇降機、車道、停車空間、電信室、台電配電室、電錶室、緊急發電機室、水箱、景觀過濾機房等１４項,鋼筋混凝土造,114年6月4日,十五層,,
RPPNMLNLJHLGFHB97CC,1,27.07,本共有部分之項目有廊道、管委會使用空間、資源回收室、梯廳、排煙室、安全梯、戶外安全梯、管道、昇降機、車道、梯廳兼排煙室、梯間、機械房、水箱、水錶室、電梯機械室等１６項,鋼筋混凝土造,114年6月4日,十五層,,
RPXNMLNLJHLGFCB28CC,1,55.33,集合住宅,鋼骨鋼筋混凝土造、鋼筋混凝土造,114年6月18日,三十一層,,
RPXNMLNLJHLGFCB28CC,1,61.96,本共有部分係依使用執照之建築物概要表記載項目有：停車空間、梯廳、梯廳（排煙室）、樓梯間、管道間、水箱、車道、無障礙樓梯間、緊急昇降機電梯、無障礙電梯、消防機房、雨污水機房、機車停車空間、電信室、防空避難室兼停車空間、防空避難室兼機車停車空間、垃圾集中室（管委會使用空間）、台電配電室、發電機室、中繼機房、電錶區、台電通道、受電箱區、管委會使用空間、防災中心、電梯、機械室、水錶室、消防中繼機房、電梯機房、子母水箱等３１項。,鋼骨鋼筋混凝土造、鋼筋混凝土造,114年6月18日,三十一層,,
RPROMLNLJHLGFCB77CC,10,20.13,人行道、店舖、停車空間、住宅、樓梯間,鋼筋混凝土造,105年5月12日,五層,,
RPSOMLNLJHLGFCB87CC,37,12.00,住家用,鋼筋混凝土造,78年6月20日,五層,,
RPQOMLNLJHLGFCB67CC,8,67.78,集合住宅,鋼筋混凝土造,106年10月3日,十二層,,
RPQOMLNLJHLGFCB67CC,8,62.11,本共有部分係依使用執照之建築概要表記載項目有：停車空間、清水池、緊急發電機室、消防機房、污水機房、梯廳、電梯、樓梯間、儲藏室、無障礙電梯、汽車車道、防空避難室兼停車空間、台電配電室、台電專用管道間、電信室、門廳、公共服務空間、環保室、廊道、管委會空間、水錶室、機械室、水箱等２３項。,鋼筋混凝土造,106年10月3日,十二層,,
RPXOMLNLJHLGFCB38CC,34,89.12,住家用,鋼筋混凝土造,81年1月15日,十一層,,
RPXOMLNLJHLGFCB38CC,34,24.64,共用部份,鋼筋混凝土造,81年1月15日,十一層,,
RPQNMLNLJHLGFHB08CC,44,185.30,住商用,鋼筋混凝土造,70年12月20日,三層,,
RPPOMLNLJHLGFCB57CC,28,60.18,住家用,鋼筋混凝土造,86年12月16日,二十三層,,
RPPNMLNLJHLGFIB08CC,17,18.72,住宅、店舖,鋼筋混凝土造,97年11月6日,五層,,
RPPOMLNLJHLGFCB57CC,28,10.24,共有部份,鋼筋混凝土造,86年12月16日,二十三層,,
RPPOMLNLJHLGFCB57CC,28,13.49,共有部份,鋼筋混凝土造,86年12月16日,二十三層,,
RPPOMLNLJHLGFCB57CC,28,8.51,共有部份,鋼筋混凝土造,86年12月16日,二十三層,,
RPPOMLNLJHLGFCB57CC,28,10.42,共有部份,鋼筋混凝土造,86年12月16日,二十三層,,
RPTOMLNLJHLGFCB97CC,3,26.11,寄宿舍,鋼筋混凝土造,111年7月28日,七層,,
RPTOMLNLJHLGFCB97CC,3,17.80,本共有部分係依使用執照之建築概要表記載項目有：防空避難室兼停車空間、台電配電室、消防及發電機房、電信室、水箱、樓梯間、無障礙昇降機、梯廳、辦公室、管委會使用空間、親子廁所、無障礙廁所、資源回收空間、機房、機房＋管道間、走廊、車道、管道間等十八項。,鋼筋混凝土造,111年7月28日,七層,,
RPVOMLNLJHLGFCB18CC,12,14.60,住宅、停車空間、樓梯間、機械室,鋼骨鋼筋混凝土造,103年1月23日,四層,,
RPTNMLNLJHLGFIB48CC,23,11.24,住房．店舖．梯間．停車空間．機電設備空間．門廊．儲藏室,鋼筋混凝土造,92年5月29日,四層,,
RPSNMLNLJHLGFIB38CC,47,11.58,住家用,鋼筋混凝土造,67年12月1日,四層,,
RPVNMLNLJHLGFIB68CC,49,116.29,住家用,加強磚造,65年8月2日,二層,,
RPPOMLNLJHLGFIB18CC,33,60.47,集合住宅．店舖,鋼筋混凝土造,81年8月23日,十三層,,
RPPOMLNLJHLGFIB18CC,33,32.71,共有部份,鋼筋混凝土造,81年8月23日,十三層,,
RPQOMLNLJHLGFIB28CC,12,27.32,店舖、停車空間、人行道,鋼筋混凝土造,103年3月17日,十層,,
RPQOMLNLJHLGFIB28CC,12,16.71,共有部分,鋼筋混凝土造,103年3月17日,十層,,
RPTOMLNLJHLGFIB58CC,12,18.37,集合住宅、機電設備空間,鋼筋混凝土造,103年3月17日,十層,,
RPTOMLNLJHLGFIB58CC,12,10.88,共有部分,鋼筋混凝土造,103年3月17日,十層,,
RPSOMLNLJHLGFIB48CC,12,18.33,集合住宅、機電設備空間,鋼筋混凝土造,103年3月17日,十層,,
RPSOMLNLJHLGFIB48CC,12,10.79,共有部份,鋼筋混凝土造,103年3月17日,十層,,
RPXOMLNLJHLGFIB98CC,12,18.74,集合住宅、機電設備空間,鋼筋混凝土造,103年3月17日,十層,,
RPXOMLNLJHLGFIB98CC,12,10.79,共有部分,鋼筋混凝土造,103年3月17日,十層,,
RPVOMLNLJHLGFIB78CC,11,60.13,集合住宅,鋼筋混凝土造,103年12月27日,十二層,,
RPVOMLNLJHLGFIB78CC,11,58.53,本共有部分之項目有停車空間、排煙室、樓梯間、昇降機間、消防機房、污水機房、水箱、防空避難室兼停車空間、電信室、台電配電室、緊急發電機室、公共服務空間、車道、門廳、梯廳、開放空間、水錶箱室、電梯機房、機房、電錶區、機車停車區、外廊、垃圾集中處、管理室及梯間等２５項。,鋼筋混凝土造,103年12月27日,十二層,,
RPQPMLNLJHLGFIB38CC,12,18.33,集合住宅,鋼筋混凝土造,103年3月17日,十層,,
RPQPMLNLJHLGFIB38CC,12,10.88,共有部份,鋼筋混凝土造,103年3月17日,十層,,
RPOPMLNLJHLGFIB18CC,12,18.44,集合住宅、機電設備空間,鋼筋混凝土造,103年3月17日,十層,,
RPOPMLNLJHLGFIB18CC,12,10.88,共有部分,鋼筋混凝土造,103年3月17日,十層,,
RPWOMLNLJHLGFIB88CC,1,43.34,集合住宅,鋼筋混凝土造,113年12月13日,七層,,
RPWOMLNLJHLGFIB88CC,1,18.03,本共有部分之項目有：停車空間、梯廳、門廳、一般昇降機道、安全梯、機電設備空間、走廊、機械室、梯間、水錶室、水箱等十一項,鋼筋混凝土造,113年12月13日,七層,,
RPPPMLNLJHLGFIB28CC,12,18.74,集合住宅,鋼筋混凝土造,103年3月17日,十層,,
RPWOMLNLJHLGFIB88CC,1,8.54,本共有部分之項目有：人行道、台電配電室、電信室、機房、消防機房、走道、水箱、發電機室、安全梯等九項,鋼筋混凝土造,113年12月13日,七層,,
RPPPMLNLJHLGFIB28CC,12,10.97,共有部分,鋼筋混凝土造,103年3月17日,十層,,
RPRPMLNLJHLGFIB48CC,12,19.18,集合住宅、機電設備空間,鋼筋混凝土造,103年3月17日,十層,,
RPRPMLNLJHLGFIB48CC,12,11.05,共有部份,鋼筋混凝土造,103年3月17日,十層,,
RPUPMLNLJHLGFIB78CC,12,18.03,集合住宅、機電設備空間,鋼筋混凝土造,103年3月17日,十層,,
RPUPMLNLJHLGFIB78CC,12,12.01,共有部份,鋼筋混凝土造,103年3月17日,十層,,
RPXPMLNLJHLGFIB09CC,48,80.86,住家用,加強磚造,66年12月29日,二層,,
RPPQMLNLJHLGFIB38CC,20,84.52,集合住宅,鋼筋混凝土造,94年9月6日,十層,,
RPOQMLNLJHLGFIB28CC,40,79.52,集合住宅,鋼筋混凝土造,74年12月25日,五層,,
RPPQMLNLJHLGFIB38CC,20,29.13,共有部份,鋼筋混凝土造,94年9月6日,十層,,
RPSPMLNLJHLGFIB58CC,12,18.86,集合住宅、機電設備空間,鋼筋混凝土造,103年3月17日,十層,,
RPTPMLNLJHLGFIB68CC,12,18.33,集合住宅,鋼筋混凝土造,103年3月17日,十層,,
RPVPMLNLJHLGFIB88CC,46,86.22,住家用,鋼筋混凝土造,69年1月5日,五層,,
RPSPMLNLJHLGFIB58CC,12,10.88,共有部分,鋼筋混凝土造,103年3月17日,十層,,
RPTPMLNLJHLGFIB68CC,12,10.88,共有部分,鋼筋混凝土造,103年3月17日,十層,,
RPRNMLNLJHLGFJB38CC,32,23.40,集合住宅,鋼筋混凝土造,82年12月16日,十二層,,
RPOQMLNLJHLGFIB28CC,40,5.75,共有部分,鋼筋混凝土造,74年12月25日,五層,,
RPRNMLNLJHLGFJB38CC,32,6.81,人行道、梯間、避難室、水箱、停車空間、機械室、辦公室、走廊,鋼筋混凝土造,82年12月16日,十二層,,
RPPNMLNLJHLGFJB18CC,34,78.75,集合住宅,鋼筋混凝土造,81年2月29日,七層,,
RPPNMLNLJHLGFJB18CC,34,18.71,共用部份,鋼筋混凝土造,81年2月29日,七層,,
RPWPMLNLJHLGFIB98CC,46,95.68,住家用,鋼筋混凝土造,68年10月12日,五層,,
RPQNMLNLJHLGFKB38CC,33,18.86,住家用,鋼筋混凝土造,82年4月25日,六層,,
RPQNMLNLJHLGFKB38CC,33,4.40,住家用,鋼筋混凝土造,82年4月25日,六層,,
RPQNMLNLJHLGFKB38CC,33,6.25,住家用,鋼筋混凝土造,82年4月25日,六層,,
RPRNMLNLJHLGFKB48CC,37,16.54,住家用,鋼筋混凝土造,77年9月10日,五層,,
RPRNMLNLJHLGFKB48CC,37,3.03,梯間及走道,鋼筋混凝土造,77年9月10日,五層,,
RPPNMLNLJHLGFKB28CC,38,113.28,住家用,鐵架、石棉瓦頂,77年1月1日,二層,,
RPPNMLOLJHLGFDB67CC,54,117.78,住家用,加強磚造,61年7月10日,三層,,
RPPNMLNLJHLGFJB28DC,33,21.31,集合住宅,鋼筋混凝土造,82年2月15日,七層,,
RPPNMLNLJHLGFJB28DC,33,6.61,共用部份,鋼筋混凝土造,82年2月15日,七層,,
RPQNMLOLJHLGFBB57CC,40,95.28,住家用,鋼筋混凝土造,75年4月23日,五層,,
RPQNMLOLJHLGFBB57CC,40,7.53,共有部分,鋼筋混凝土造,75年4月12日,五層,,
RPUNMLNLJHLGFJB68CC,1,74.63,集合住宅,鋼筋混凝土造,113年12月28日,十二層,,
RPSNMLNLJHLGFJB48CC,33,63.74,集合住宅,鋼筋混凝土造,81年10月27日,五層,,
RPQNMLPLJHLGFBB67CC,20,64.97,住家用,鋼筋混凝土造,94年12月8日,十八層,,
RPUNMLNLJHLGFJB68CC,1,74.35,本共有部分之項目有停車空間、消防機房、進風機房、排風機房、排煙室兼用梯廳、雨汙水機房、水箱、梯間、防空避難室兼用停車空間、台電配電室、電錶室、排煙室、緊急發電機室、電信室、受電箱室、管委會使用空間會客空間、垃圾集中貯存空間、走廊、車道、儲藏室、梯廳、機房、水錶室、電梯機房、管委會使用空間儲藏空間,鋼筋混凝土造,113年12月28日,十二層,,
RPTNMLPLJHLGFBB97CC,20,48.56,住家用,鋼筋混凝土造,94年12月8日,十八層,,
RPSNMLNLJHLGFJB48CC,33,9.79,共用部份,鋼筋混凝土造,81年10月27日,五層,,
RPQNMLPLJHLGFBB67CC,20,26.04,共有部分,鋼筋混凝土造,94年12月8日,十八層,,
RPTNMLPLJHLGFBB97CC,20,19.53,共有部分,鋼筋混凝土造,94年12月8日,十八層,,
RPUNMLPLJHLGFBB08CC,7,39.31,集合住宅,鋼筋混凝土造,107年11月30日,十五層,,
RPTNMLNLJHLGFJB58CC,2,78.19,集合住宅,鋼筋混凝土造,113年7月1日,十五層,,
RPUNMLPLJHLGFBB08CC,7,22.17,本共有部分係依使用執照之建築概要表記載項目有：停車空間，一般安全梯，排煙室，緊急用昇降機，消防機房，污水機房，昇降機，水箱，機房，電信機房，防空避難室兼停車空間，台電配電室，緊急發電機室，戶外安全梯，管理員室，管委會使用空間，環保資源室，梯廳，梯間，機械室，水錶室等２１項,鋼筋混凝土造,107年11月30日,十五層,,
RPTNMLNLJHLGFJB58CC,2,67.07,本共有部分之項目有防空避難室兼停車空間、消防機房、雨汙水機房、水箱、緊急昇降機間兼排煙室、室內安全梯、車道、停車空間、電信機房、室內安全梯、緊急發電機室、台電配電室、電錶室、景觀泳池機房、變電室、機械室、管委會空間、走廊、梯廳、垃圾貯存空間、公共服務空間、游泳池、門廳、戶外安全梯、水錶室等、電梯機房等２６項,鋼筋混凝土造,113年7月1日,十五層,,
RPSNMLNLJHLGFKB58CC,22,1125.60,廠房,鋼骨造,92年9月5日,一層,,
RPPNMLPLJHLGFBB57CC,33,59.95,住家用,鋼筋混凝土造,81年10月9日,七層,,
RPWNMLPLJHLGFBB28CC,5,62.24,集合住宅,鋼筋混凝土造,109年8月20日,十五層,,
RPPNMLPLJHLGFBB57CC,33,10.19,共有部分,鋼筋混凝土造,81年10月9日,七層,,
RPWNMLPLJHLGFBB28CC,5,30.86,本共有部分係依使用執照之建築概要表記載項目有：防空避難室兼停車空間，樓梯間，昇降機間，水箱，消防機房，排煙室，雨水機房，停車空間，梯廳，電信室，台電配電室，電錶室，車道，機械室，門廳，頂蓋型開放空間，走廊，水錶箱室，公共服務空間，資源回收中心，電梯機房，發電機房等２２項,鋼筋混凝土造,109年8月20日,十五層,,
RPPNMLPLJHLGFCB67CC,37,52.66,集合住宅,鋼筋混凝土造,77年11月10日,五層,,
RPSNMLPLJHLGFBB87CC,20,48.56,住家用,鋼筋混凝土造,94年12月8日,十八層,,
RPPNMLPLJHLGFCB67CC,37,9.71,共有部份,鋼筋混凝土造,77年11月10日,五層,,
RPSNMLPLJHLGFBB87CC,20,19.53,共有部分,鋼筋混凝土造,94年12月8日,十八層,,
RPPNMLPLJHLGFCB67CC,37,2.92,本共有部分係依使用執照及竣工平面圖記載項目有：公用陽台。,鋼筋混凝土造,77年11月10日,五層,,
RPRNMLPLJHLGFBB77CC,46,69.36,住家用,鋼筋混凝土造,68年12月11日,五層,,
RPVNMLNLJHLGFJB78CC,33,73.15,集合住宅,鋼筋混凝土造,81年8月12日,十二層,,
RPVNMLNLJHLGFJB78CC,33,29.55,人行道、梯間、避難室、水箱、機械室、停車空間,鋼筋混凝土造,81年8月12日,十二層,,
RPVNMLPLJHLGFBB18CC,30,20.18,住家用,鋼筋混凝土造,85年6月27日,二十四層,,
RPVNMLPLJHLGFBB18CC,30,1.62,共有部分,鋼筋混凝土造,85年6月27日,二十四層,,
RPVNMLPLJHLGFBB18CC,30,.60,共有部分,鋼筋混凝土造,85年6月27日,二十四層,,
RPVNMLPLJHLGFBB18CC,30,.00,共有部分,鋼筋混凝土造,85年6月27日,二十四層,,
RPVNMLPLJHLGFBB18CC,30,7.07,共有部分,鋼筋混凝土造,85年6月27日,二十四層,,
RPVNMLPLJHLGFBB18CC,30,.00,共有部分,鋼筋混凝土造,85年6月27日,二十四層,,
RPVNMLPLJHLGFBB18CC,30,.92,共有部分,鋼筋混凝土造,85年6月27日,二十四層,,
RPRNMLQLJHLGFAB77CC,47,14.85,商業用,鋼筋混凝土造,67年12月15日,三層,,
RPPNMLQLJHLGFAB57CC,29,24.38,住家用,鋼骨造,86年1月31日,二十八層,,
RPPNMLQLJHLGFAB57CC,29,1.17,共同使用,鋼骨造,86年1月31日,二十八層,,
RPPNMLQLJHLGFAB57CC,29,7.45,公共設施,鋼骨造,86年1月31日,二十八層,,
RPPNMLQLJHLGFAB57CC,29,4.55,共有部份,鋼骨造,86年1月31日,二十八層,,
RPTNMLQLJHLGFAB97CC,46,27.83,住商用,鋼筋混凝土造,68年10月30日,五層,,
RPQNMLQLJHLGFAB67CC,45,92.43,住家用,鋼筋混凝土造,69年12月16日,七層,,
RPQNMLQLJHLGFAB67CC,45,17.80,走廊，梯間，機電室，人行道,鋼筋混凝土造,69年12月16日,七層,,
RPQNMLPLJHLGFCB77CC,31,30.47,住家用,鋼筋混凝土造,84年4月26日,八層,,
RPQNMLPLJHLGFCB77CC,31,16.43,共有部份,鋼筋混凝土造,84年4月26日,八層,,
RPQNMLQLJHLGFBB77CC,30,50.26,住家用,鋼筋混凝土造,84年7月14日,七層,,
RPQNMLQLJHLGFBB77CC,30,17.39,共有部分,鋼筋混凝土造,84年7月14日,七層,,
RPRNMLQLJHLGFBB87CC,42,93.24,住商用,鋼筋混凝土造,72年8月19日,五層,,
RPRNMLQLJHLGFBB87CC,42,5.95,共有部分,鋼筋混凝土造,72年8月19日,五層,,
RPPNMLQLJHLGFBB67CC,38,64.26,住家用,鋼筋混凝土造,77年1月12日,五層,,
RPTNMLQLJHLGFBB08CC,39,28.77,住家用,石造,76年5月12日,五層,,
RPUNMLQLJHLGFBB18CC,36,20.00,住家用,鋼筋混凝土造,79年3月24日,五層,,
RPVNMLQLJHLGFBB28CC,31,26.52,住家用,鋼筋混凝土造,84年6月14日,八層,,
RPVNMLQLJHLGFBB28CC,31,12.18,共有部分,鋼筋混凝土造,84年6月14日,八層,,
RPPOMLQLJHLGFBB77CC,44,88.67,住家用,鋼筋混凝土造,71年2月22日,四層,,
RPPOMLQLJHLGFBB77CC,44,5.84,共有部分,鋼筋混凝土造,71年2月22日,四層,,
RPQOMLQLJHLGFBB87CC,11,63.33,集合住宅,鋼筋混凝土造,104年2月5日,十二層,,
RPQOMLQLJHLGFBB87CC,11,43.60,本共有部分之項目有：停車空間、樓梯間、梯廳、昇降機間、消防機房、污水機房、水箱、法定防空避難室兼停車空間、台電配電室、分戶電錶室、緊急發電機室、電信室、排煙室、資源回收室、閱覽室、入口大廳、社區教室、健身房、廣場式有頂蓋開放空間、沿街步道式有頂蓋開放空間、機械室、車道等二十二項。,鋼筋混凝土造,104年2月5日,十二層,,
RPQOMLQLJHLGFBB87CC,11,9.29,本共有部分之項目有：樓梯間、梯廳、昇降機間、排煙室等四項,鋼筋混凝土造,104年2月5日,十二層,,
RPWNMLQLJHLGFAB28CC,27,80.52,集合住宅,鋼筋混凝土造,88年5月18日,十六層,,
RPWNMLQLJHLGFAB28CC,27,44.01,共用,鋼筋混凝土造,88年5月18日,十六層,,
RPSOMLQLJHLGFBB08CC,4,57.13,集合住宅,鋼筋混凝土造,111年4月25日,十五層,,
RPOOMLQLJHLGFAB57CC,50,81.16,住房,鋼筋混凝土造,64年9月8日,四層,,
RPSOMLQLJHLGFBB08CC,4,53.28,本共有部分係依使用執照之建築概要表記載項目有：防空避難室兼停車空間、排煙室、樓梯間、昇降機間、消防機房、雨水機房、車道、水箱、停車空間、機械室、台電配電室、電信室、發電機房、門廳、走廊、頂蓋型開放空間、公共服務空間、資源回收中心、梯廳、梯間、水錶箱室、電梯機房等２２項。,鋼筋混凝土造,111年4月25日,十五層,,
RPSOMLQLJHLGFAB97CC,56,20.00,住家用,見其他登記事項,58年10月28日,三層,,
RPROMLQLJHLGFAB87CC,56,20.00,住家用,見其他登記事項,58年10月28日,三層,,
RPPNMLQLJHLGFCB77CC,16,46.56,住家用,鋼筋混凝土造,99年2月1日,十一層,,
RPPOMLQLJHLGFAB67CC,32,46.54,集合住宅,鋼筋混凝土造,83年5月26日,十三層,,
RPTOMLQLJHLGFAB08CC,43,79.00,住家用,鋼筋混凝土造,71年7月16日,五層,,
RPPOMLQLJHLGFAB67CC,32,13.98,樓梯間．人行道．水箱．機械房．防空避難室．停車空間,鋼筋混凝土造,83年5月26日,十三層,,
RPPNMLQLJHLGFCB77CC,16,17.18,本共有部份之項目有：人行道、門廳（Ａ）、外廊（Ａ）、外廊（Ｂ）、公共服務空間、電梯梯間Ａ、緊急昇降機、行動不便者昇降機、Ａ１梯、Ａ２梯、Ａ３梯、車道Ａ、陽台、門廊Ｂ、管理室（管委會使用空間）、廣場式頂蓋型開放空間、沿街步道式頂蓋型開放空間、垃圾處理場、梯廳Ｂ１、開放空間景觀水池、Ｂ１梯、Ｂ２梯、Ｂ３梯、車道Ｂ、緩衝空間、廊道Ａ、排煙室Ａ１電梯梯間、管道室、緊急昇降機、梯廳Ｂ、梯廳兼排煙室、排煙室Ｂ１、廊道Ｂ、電梯梯間排煙室Ａ１、梯間、Ａ１梯、Ａ２梯、Ｂ１梯、Ｂ２梯、機械室、水箱Ａ１、水箱Ａ２、水箱Ｂ１、水箱Ｂ２等四十四項。,鋼筋混凝土造,99年2月1日,十二層,,
RPTOMLQLJHLGFAB08CC,43,2.02,共有部分,鋼筋混凝土造,71年7月16日,五層,,
RPPNMLQLJHLGFCB77CC,16,6.37,本共有部份之項目有：電表室、台電配電室Ａ、防空避難室兼停車空間、發電機室、過濾機房、行動不便者昇降機、Ａ３梯、台電配電室Ｂ、Ｂ３梯、Ｂ４梯、停車空間、電信室、儲藏室、汙水機房、水箱Ａ、機械室、水箱Ｂ、消防機房等十八項。,鋼筋混凝土造,99年2月1日,十二層,,
RPXNMLQLJHLGFAB38CC,28,25.73,住家用,鋼筋混凝土造,87年5月7日,十四層,,
RPXNMLQLJHLGFAB38CC,28,15.25,共有部份,鋼筋混凝土造,87年5月7日,十四層,,
RPQOMLQLJHLGFAB77CC,36,801.42,住商用,鋼筋混凝土造,78年11月9日,四層,,
RPROMLQLJHLGFBB97CC,27,69.61,住家用,鋼筋混凝土造,88年1月19日,十三層,,
RPUNMLQLJHLGFAB08CC,30,64.07,集合住宅,鋼筋混凝土造,85年5月6日,十八層,,
RPROMLQLJHLGFBB97CC,27,10.40,共有部分,鋼筋混凝土造,88年1月19日,十三層,,
RPUNMLQLJHLGFAB08CC,30,11.96,共同使用,鋼筋混凝土造,85年5月6日,十八層,,
RPVNMLQLJHLGFAB18CC,40,81.50,商業用,鋼筋混凝土造,75年7月3日,五層,,
RPROMLQLJHLGFBB97CC,27,23.23,共有部分,鋼筋混凝土造,88年1月19日,十三層,,
RPUNMLQLJHLGFAB08CC,30,3.74,共同使用,鋼筋混凝土造,85年5月6日,十八層,,
RPVNMLQLJHLGFAB18CC,40,7.25,避難室,鋼筋混凝土造,75年7月3日,五層,,
RPUNMLQLJHLGFAB08CC,30,3.23,共同使用,鋼筋混凝土造,85年5月6日,十八層,,
RPUNMLQLJHLGFAB08CC,30,4.76,共同使用,鋼筋混凝土造,85年5月6日,十八層,,
RPQNMLQLJHLGFCB87CC,25,63.85,住家用,鋼筋混凝土造,89年11月4日,十四層,,
RPQNMLQLJHLGFCB87CC,25,41.51,共有部份,鋼筋混凝土造,89年11月4日,十四層,,
RPPNMLQLJHLGFFB08CC,2,55.51,集合住宅,鋼筋混凝土造,112年8月31日,十二層,,
RPPNMLQLJHLGFFB08CC,2,27.39,防空避難室兼停車空間，消防機械室，水箱，排煙室，一般安全梯，雨水汙水機房，緊急昇降機，一般昇降機，機械室，停車空間，台電配電室，電信室，發電機室，梯廳，戶外安全梯，走廊，垃圾貯存空間，管委會使用空間，機電設備空間，車道，機車停車空間，樓梯間，安全梯，水錶區,鋼筋混凝土造,112年8月31日,十二層,,
RPRNMLQLJHLGFFB28CC,5,9.22,集合住宅,鋼筋混凝土造,109年8月25日,五層,,
RPRNMLQLJHLGFFB28CC,5,5.11,梯廳、安全梯、升降機、管道間、走廊、安全梯間、升降機機械室、水箱、停車空間、電信室、消防機室、發電機室、台電配電室、安全梯Ａ,鋼筋混凝土造,109年8月25日,五層,,
RPRNMLQLJHLGFDB08CC,29,21.46,住商用,鋼筋混凝土造,86年4月9日,九層,,
RPTNMLQLJHLGFFB48CC,1,56.99,集合住宅,鋼筋混凝土造,114年6月6日,二十八層,,
RPRNMLQLJHLGFDB08CC,29,27.22,共用部份,鋼筋混凝土造,86年4月9日,九層,,
RPTNMLQLJHLGFFB48CC,1,15.43,排煙室、昇降機、無障礙安全梯、特別安全梯、無障礙樓梯、梯廳兼排煙室、梯廳、管委會空間、中繼機房、中繼水箱、電梯間、水錶室、樓梯間、電梯機房、機電空間、水箱、安全梯、水箱機房、消防水箱等１９項,鋼筋混凝土造,114年6月6日,二十八層,,
RPTNMLQLJHLGFFB48CC,1,37.90,消防機房、雨水回收機房、車道、機房、水箱、停車空間、進風管道、公共水箱、防空避難室兼停車空間、台電配電室、發電機房、泳池水箱、公共電氣室、機車車道、管委會使用空間、昇降機、大廳、梯廳、警衛室、儲藏室、風除室、排風機房、防災中心、電信室、垃圾暫存室、附屬社區共用空間、附屬共用廚房、機電設備空間、電梯間、設備空間、泳池機房、景觀機房、游泳池、管委會空間、樓電梯間、機電空間、樓梯間等３７項,鋼筋混凝土造,114年6月6日,二十八層,,
RPPNMLQLJHLGFDB87CC,4,25.14,集合住宅,鋼筋混凝土造,110年10月4日,五層,,
RPPNMLQLJHLGFDB87CC,4,13.60,本共有部分之項目有停車空間、樓梯間、電梯廳、機械室、電梯機房等５項,鋼筋混凝土造,110年10月4日,五層,,
RPSNMLQLJHLGFFB38CC,1,97.71,集合住宅,鋼筋混凝土造,114年6月6日,二十八層,,
RPSNMLQLJHLGFFB38CC,1,26.45,排煙室、昇降機、無障礙安全梯、特別安全梯、無障礙樓梯、梯廳兼排煙室、梯廳、管委會空間、中繼機房、中繼水箱、電梯間、水錶室、樓梯間、電梯機房、機電空間、水箱、安全梯、水箱機房、消防水箱等１９項,鋼筋混凝土造,114年6月6日,二十八層,,
RPSNMLQLJHLGFFB38CC,1,47.31,消防機房、雨水回收機房、車道、機房、水箱、停車空間、進風管道、公共水箱、防空避難室兼停車空間、台電配電室、發電機房、泳池水箱、公共電氣室、機車車道、管委會使用空間、昇降機、大廳、梯廳、警衛室、儲藏室、風除室、排風機房、防災中心、電信室、垃圾暫存室、附屬社區共用空間、附屬共用廚房、機電設備空間、電梯間、設備空間、泳池機房、景觀機房、游泳池、管委會空間、樓電梯間、機電空間、樓梯間等３７項,鋼筋混凝土造,114年6月6日,二十八層,,
RPQNMLQLJHLGFFB18CC,5,9.22,集合住宅,鋼筋混凝土造,109年8月25日,五層,,
RPQNMLQLJHLGFFB18CC,5,5.11,梯廳、安全梯、升降機、管道間、走廊、安全梯間、升降機機械室、水箱、停車空間、電信室、消防機室、發電機室、台電配電室、安全梯Ａ,鋼筋混凝土造,109年8月25日,五層,,
RPSNMLQLJHLGFCB08CC,20,11.00,住家用,鋼筋混凝土造,95年6月28日,十層,,
RPQNMLQLJHLGFIB48CC,37,174.94,店住宅、人行道、梯間,鋼筋混凝土造,77年9月28日,三層,,
RPPNMLQLJHLGFHB28CC,40,104.81,住家用,鋼筋混凝土造,75年6月9日,三層,,
RPTOMLQLJHLGFCB28CC,39,146.94,住家用,加強磚造,76年1月6日,二層,,
RPPOMLQLJHLGFCB87CC,31,13.91,住家用,鋼筋混凝土造,83年9月8日,十三層,,
RPRNMLQLJHLGFCB97CC,10,106.14,集合住宅,鋼筋混凝土造,104年12月24日,十四層,,
RPPOMLQLJHLGFCB87CC,31,7.68,共用部份,鋼筋混凝土造,83年9月8日,十三層,,
RPRNMLQLJHLGFCB97CC,10,60.26,本共有部分係依使用執照之建築概要表記載項目有：防空避難室兼停車空間、水箱、消防機械室、發電機械室、污水機房、機房、梯廳、排煙室、一般昇降機、緊急昇降機、停車空間、機械室、機車區、泳池機房、電信室、台電配電室、管委會使用空間、公共服務空間、電錶室、開放空間（頂蓋型）、垃圾處理室、車道、更衣室、戶外安全梯等２４項。,鋼筋混凝土造,104年12月24日,十四層,,
RPRNMLQLJHLGFCB97CC,10,19.95,本共有部分係依使用執照之建築概要表記載項目有：戶外安全梯、梯廳、排煙室、一般昇降機、緊急昇降機、廊道、機電空間、梯間、水錶箱室、機械室、水箱等１１項。,鋼筋混凝土造,104年12月24日,十四層,,
RPRNMLQLJHLGFCB97CC,10,.69,辦公室,鋼筋混凝土造,104年12月24日,十四層,,
RPRNMLQLJHLGFHB48CC,37,98.70,住宅　梯間,加強磚造,77年10月20日,二層,,
RPVNMLQLJHLGFCB38CC,33,15.60,商業用,鋼筋混凝土造,82年5月31日,九層,,
RPVNMLQLJHLGFCB38CC,33,7.08,共有部份,鋼筋混凝土造,82年5月31日,九層,,
RPROMLQLJHLGFCB08CC,31,13.93,住家用,鋼筋混凝土造,83年9月8日,十三層,,
RPXNMLQLJHLGFCB58CC,29,81.43,集合住宅,鋼筋混凝土造,85年9月23日,十二層,,
RPROMLQLJHLGFCB08CC,31,7.68,共用部份,鋼筋混凝土造,83年9月8日,十三層,,
RPSOMLQLJHLGFCB18CC,31,13.99,住家用,鋼筋混凝土造,83年9月30日,十二層,,
RPWNMLQLJHLGFCB48CC,3,25.70,寄宿舍,鋼筋混凝土造,111年7月28日,七層,,
RPXNMLQLJHLGFCB58CC,29,48.90,共有部份,鋼筋混凝土造,85年9月23日,十二層,,
RPSOMLQLJHLGFCB18CC,31,7.07,共有部份,鋼筋混凝土造,83年9月30日,十二層,,
RPWNMLQLJHLGFCB48CC,3,17.52,本共有部分係依使用執照之建築概要表記載項目有：防空避難室兼停車空間、台電配電室、消防及發電機房、電信室、水箱、樓梯間、無障礙昇降機、梯廳、辦公室、管委會使用空間、親子廁所、無障礙廁所、資源回收空間、機房、機房＋管道間、走廊、車道、管道間等十八項。,鋼筋混凝土造,111年7月28日,七層,,
RPTNMLQLJHLGFCB18CC,14,57.87,住家用,鋼筋混凝土造,100年7月28日,十二層,,
RPOOMLQLJHLGFCB77CC,31,17.94,住家用,鋼筋混凝土造,84年4月20日,十五層,,
RPTNMLQLJHLGFCB18CC,14,15.53,本共有部份係依使用執照建築概要表記載項目有電梯間﹝昇降機間﹞、安全梯、管委會使用空間、外廊、公共服務空間﹝閱覽室、兒童遊憩區、健身休閒房、交誼廳、書報間、閱讀區﹞、垃圾處理室、儲藏室、車道、梯廳﹝昇降機間﹞、機械室、水箱等十一項。,鋼筋混凝土造,100年7月28日,十二層,,
RPOOMLQLJHLGFCB77CC,31,7.92,共用部份,鋼筋混凝土造,84年4月20日,十五層,,
RPTNMLQLJHLGFCB18CC,14,33.40,本共有部份係依使用執照建築概要表記載項目有停車空間、電信室、車道、電梯間﹝昇降機間﹞、安全梯、台電配電室、電信箱防空避難室兼停車空間、蓄水池、機械室等十項。,鋼筋混凝土造,100年7月28日,十二層,,
RPRNMLQLJHLGFIB58CC,35,43.59,集合住宅,鋼筋混凝土造,80年5月15日,七層,,
RPRNMLQLJHLGFIB58CC,35,18.99,共有部份,鋼筋混凝土造,80年5月15日,七層,,
RPRNMLQLJHLGFIB58CC,35,8.88,共有部份,鋼筋混凝土造,80年5月15日,七層,,
RPQOMLQLJHLGFCB97CC,31,13.93,住家用,鋼筋混凝土造,83年9月8日,十三層,,
RPQOMLQLJHLGFCB97CC,31,7.68,共有部份,鋼筋混凝土造,83年9月8日,十三層,,
RPVNMLQLJHLGFFB68CC,1,63.79,集合住宅,鋼筋混凝土造,114年4月14日,十五層,,
RPWNMLQLJHLGFFB78CC,33,58.92,住家用,鋼筋混凝土造,82年6月27日,十三層,,
RPVNMLQLJHLGFFB68CC,1,31.52,防空避難室兼停車空間、排煙室、水箱、機房、消防機械室、污水機械室、雨水機械室、揚水泵機械室、安全梯、一般昇降機、緊急昇降機行動不便者、停車空間、台電配電室、發電機室、電信室、梯廳、垃圾暫存室、管委會使用空間、走廊、車道、機車停車區、戶外安全梯、機械室、水錶室、一般梯、梯間共計２６項。,鋼筋混凝土造,114年4月14日,十五層,,
RPUNMLQLJHLGFFB58CC,8,74.02,集合住宅,鋼筋混凝土造,106年9月5日,十五層,,
RPWNMLQLJHLGFFB78CC,33,14.85,地下室、機械室、水箱、梯間、走道,鋼筋混凝土造,82年6月27日,十三層,,
RPUNMLQLJHLGFFB58CC,8,9.62,管委會使用空間〔蒸氣室，更衣室，交誼室兼閱讀室，兒童遊戲室，健身房，管理中心，儲藏室〕，廁所，門廳，儲藏室，通廊，信箱間，前廳〔風除室〕，門廊，管委會使用空間〔垃圾儲藏室〕，防空避難室兼停車空間，車道，游泳池機房，機房，垃圾車暫停車位，電信室，排風機房，機車停車空間，水箱機房，進風機房，發電機機房，公共水箱，消防泵浦室，雨水及汙水機房,鋼筋混凝土造,106年9月5日,十五層,,
RPUNMLQLJHLGFFB58CC,8,1.02,安全梯﹝無障礙樓梯﹞、台電配電室、電錶區、受電箱、甲梯安全梯,鋼筋混凝土造,106年9月5日,十五層,,
RPUNMLQLJHLGFFB58CC,8,20.24,排煙室，梯廳兼排煙室，特別安全梯，特別安全梯〔無障礙樓梯〕，樓梯間，水錶室，排煙機房，消防水箱，電梯機房，水箱機房，管道間,鋼筋混凝土造,106年9月5日,十五層,,
RPUNMLQLJHLGFFB58CC,8,34.35,防空避難室兼停車空間、車道、停車空間,鋼筋混凝土造,106年9月5日,十五層,,
RPPNMLQLJHLGFIB38CC,43,95.15,住宅、梯間,鋼筋混凝土造,71年10月16日,二層,,
RPPNMLQLJHLGFJB48CC,31,83.97,集合住宅,鋼筋混凝土造,83年12月10日,七層,,
RPPNMLQLJHLGFJB48CC,31,25.75,共用部份,鋼筋混凝土造,83年12月10日,七層,,
RPTNMLQLJHLGFJB88CC,33,112.86,集合住宅、人行道、店舖,鋼筋混凝土造,81年9月13日,五層,,
RPTNMLQLJHLGFJB88CC,33,8.30,共用部份,鋼筋混凝土造,81年9月13日,五層,,
RPUNMLQLJHLGFJB98CC,33,110.03,集合住宅,鋼筋混凝土造,81年9月13日,五層,,
RPUNMLQLJHLGFJB98CC,33,15.48,共用部份,鋼筋混凝土造,81年9月13日,五層,,
RPSNMLQLJHLGFJB78CC,17,9.09,辦公室,鋼筋混凝土造,97年7月7日,四層,,
RPSNMLQLJHLGFJB78CC,17,5.26,緊急發電機、台電受電室、機械室、人行道、梯間、消防幫泵室、水箱,鋼筋混凝土造,97年7月7日,四層,,
RPQNMLQLJHLGFKB68CC,3,61.60,集合住宅,鋼筋混凝土造,111年11月7日,十二層,,
RPRNMLQLJHLGFKB78CC,22,12.25,住家用,鋼筋混凝土造,93年3月23日,五層,,
RPSNMLRLJHLGFAB97CC,42,85.26,商業用,鋼筋混凝土造,72年8月19日,十五層,,
RPRNMLQLJHLGFKB78CC,,42.43,門廳、停車空間、樓梯間、水箱室,鋼筋混凝土造,,五層,,
RPQNMLQLJHLGFKB68CC,3,60.33,本共有部分項目有：防空避難室兼停車空間、消防機房、水箱、安全梯、梯廳、排煙室、一般昇降機、緊急昇降機、機械室、車道、停車空間、電信機房、台電配電室、發電機室、管委會使用空間、公共服務空間、垃圾處理室、戶外安全梯、機車停車空間、外廊、走廊、梯間、水錶室等２３項。,鋼筋混凝土造,111年11月7日,十二層,,
RPQNMLQLJHLGFJB58CC,47,106.40,住宅、店舖,加強磚造,68年4月25日,二層,,
RPSNMLRLJHLGFAB97CC,42,8.36,共有部份,鋼筋混凝土造,72年8月19日,十五層,,
RPPNMLQLJHLGFKB58CC,45,192.00,住商用,鋼筋混凝土造,69年11月30日,三層,,
RPQNMLRLJHLGFAB77CC,33,124.40,住商用,鋼筋混凝土造,81年12月17日,七層,,
RPQNMLRLJHLGFAB77CC,33,7.65,共有部分,鋼筋混凝土造,81年12月17日,七層,,
RPPNMLRLJHLGFAB67CC,33,40.45,住家用,鋼筋混凝土造,82年5月19日,十六層,,
RPPNMLRLJHLGFAB67CC,33,14.91,梯間、人行道、水塔、辦公室、機械房、守衛室,鋼筋混凝土造,82年5月19日,十六層,,
RPQNMLQLJHLGFJB78EC,1,152.06,集合住宅,鋼筋混凝土造,114年1月23日,十五層,,
RPPNMLQLJHLGFJB68EC,1,152.06,集合住宅,鋼筋混凝土造,114年1月23日,十五層,,
RPTNMLRLJHLGFAB08CC,43,84.62,住家用,鋼筋混凝土造,72年6月23日,七層,,
RPUOMLRLJHLGFAB28CC,42,80.40,集合住宅,鋼筋混凝土造,73年4月23日,七層,,
RPWNMLRLJHLGFAB38CC,24,123.03,店舖．辦公室,鋼筋混凝土造,91年4月4日,六層,,
RPWNMLRLJHLGFAB38CC,24,100.74,共用,鋼筋混凝土造,91年4月4日,六層,,
RPRNMLRLJHLGFAB87CC,33,25.96,商業用,鋼筋混凝土造,82年1月20日,十二層,,
RPXNMLRLJHLGFAB48CC,29,25.30,住家用,鋼骨造,86年1月31日,二十八層,,
RPRNMLRLJHLGFAB87CC,33,9.09,梯間、走廊、機械室、水塔、人行道,鋼筋混凝土造,82年1月20日,十二層,,
RPXNMLRLJHLGFAB48CC,29,.92,共同使用,鋼骨造,86年1月31日,二十八層,,
RPXNMLRLJHLGFAB48CC,29,7.99,公共設施,鋼骨造,86年1月31日,二十八層,,
RPXNMLRLJHLGFAB48CC,29,3.57,共有部分,鋼骨造,86年1月31日,二十八層,,
RPVNMLRLJHLGFAB28CC,29,27.60,住家用,鋼筋混凝土造,86年4月28日,十九層,,
RPOOMLRLJHLGFAB67CC,27,132.45,住家用,鋼筋混凝土造,87年7月27日,五層,,
RPVNMLRLJHLGFAB28CC,29,1.47,共同使用,鋼筋混凝土造,86年4月28日,十九層,,
RPOOMLRLJHLGFAB67CC,27,11.35,共有部分,鋼筋混凝土造,87年7月27日,五層,,
RPVNMLRLJHLGFAB28CC,29,8.52,共同使用,鋼筋混凝土造,86年4月28日,十九層,,
RPVNMLRLJHLGFAB28CC,29,5.43,共有部分,鋼筋混凝土造,86年4月28日,十九層,,
RPVOMLRLJHLGFAB38CC,24,61.71,集合住宅,鋼筋混凝土造,90年11月26日,十四層,,
RPVOMLRLJHLGFAB38CC,24,19.82,共有部份,鋼筋混凝土造,90年11月26日,十四層,,
RPQNMLRLJHLGFBB87CC,44,35.07,住家用,鋼筋混凝土造,70年8月14日,十一層,,
RPPNMLRLJHLGFBB77CC,44,97.43,住家用,鋼筋混凝土造,71年2月22日,四層,,
RPPNMLRLJHLGFBB77CC,44,5.38,共有部分,鋼筋混凝土造,71年2月22日,四層,,
RPRNMLRLJHLGFBB97CC,1,91.75,集合住宅,鋼筋混凝土造,114年1月16日,二十四層,,
RPRNMLRLJHLGFBB97CC,1,73.05,本共有部份係依使用執照之建築概要表記載項目有：防空避難室兼停車空間，排煙室，樓梯間，一般昇降機，緊急昇降機，汙水機械室，機械室，消防機房，水箱，車道，一般安全梯，停車空間，電信室，水景機械室，戲水池機房，緊急發電機室，台電配電室，消防蓄水池，電錶室，防災中心，消防中繼機房，梯廳，公設管委會使用空間，門廳，儲藏室，管理室，特別安全梯，梯間，消防水箱，水錶箱室，電梯機房等３２項。,鋼筋混凝土造,114年1月16日,二十四層,,
RPTNMLRLJHLGFBB18CC,36,24.92,住家用,鋼筋混凝土造,79年3月12日,七層,,
RPSNMLRLJHLGFBB08CC,33,26.81,住家用,鋼筋混凝土造,81年10月22日,五層,,
RPTNMLRLJHLGFBB18CC,36,6.24,共有部分,鋼筋混凝土造,79年3月12日,七層,,
RPSNMLRLJHLGFBB08CC,33,8.80,共有部分,鋼筋混凝土造,81年10月22日,五層,,
RPUNMLRLJHLGFBB28CC,41,97.16,住家用,加強磚造,73年12月20日,二層,,
RPVNMLRLJHLGFBB38CC,31,62.48,住家用,鋼筋混凝土造,83年11月3日,十三層,,
RPVNMLRLJHLGFBB38CC,31,34.12,共有部分,鋼筋混凝土造,83年11月3日,十三層,,
RPWNMLRLJHLGFBB48CC,15,36.06,住家用,鋼筋混凝土造,99年9月9日,十七層,,
RPPOMLRLJHLGFBB87CC,44,65.16,住家用,鋼筋混凝土造,71年2月26日,五層,,
RPXNMLRLJHLGFBB58CC,31,17.26,住家用,鋼筋混凝土造,84年6月26日,二十四層,,
RPWNMLRLJHLGFBB48CC,15,7.97,本共有部份係依使用執照之建築概要表記載項目有，停車空間，樓梯間，昇降機間，消防機房兼污水機房，排煙室，水箱，機車停車區，防空避難室兼停車空間，車道，台電配電室，緊急發電機室，機房，電信室等１３項。,鋼筋混凝土造,99年9月9日,十七層,,
RPWNMLRLJHLGFBB48CC,15,12.73,本共有部份係依使用執照之建築概要表記載項目有，人行道，管委會管理室，門廳，樓梯間，昇降機間，排煙室，梯廳，公設，透空遮牆，水箱，電梯機房，走廊，車道，外廊等１４項。,鋼筋混凝土造,99年9月9日,十七層,,
RPWNMLRLJHLGFBB48CC,15,.00,本共有部份係依使用執照之建築概要表記載項目有，停車空間，樓梯間，昇降機間，消防機房兼污水機房，排煙室，水箱，機車停車區，防空避難室兼停車空間，台電配電室，緊急發電機室，車道，電信室等１２項,鋼筋混凝土造,99年9月9日,十八層,,
RPWNMLRLJHLGFBB48CC,15,.00,本共有部份係依使用執照之建築概要表記載項目有，人行道，管委會管理室，門廳，樓梯間，昇降機間，排煙室，透空遮牆，水箱，電梯機房，車道，機房，管委會使用空間，開放空間，外廊，管委會休憩室，管委會交誼廳，管委會閱覽室，垃圾集中處等１８項。,鋼筋混凝土造,99年9月9日,十八層,,
RPXNMLRLJHLGFBB58CC,31,4.74,共有部分,鋼筋混凝土造,84年6月26日,二十四層,,
RPXNMLRLJHLGFBB58CC,31,3.60,共有部分,鋼筋混凝土造,84年6月26日,二十四層,,
RPVQMLRLJHLGFAB58CC,21,29.26,人行道，補習班，住房，機械室，停車空間，樓梯間，電梯間,鋼筋混凝土造,93年9月10日,五層,,
RPOOMLRLJHLGFBB77CC,7,50.35,集合住宅,鋼筋混凝土造,108年5月13日,二十一層,,
RPOOMLRLJHLGFBB77CC,7,40.10,本共有部份係依使用執照之建築概要表記載項目有：防空避難室兼停車空間，消防機械室，雨污水機房，安全梯，機械室，停車空間，泳池水箱，消防中繼機房，電信室，景觀機房，發電機室，防災中心，垃圾儲藏室，台電配電室，門廳，管委會使用空間等１６項。,鋼筋混凝土造,108年5月13日,二十二層,,
RPOOMLRLJHLGFBB77CC,7,17.07,本共有部份係依使用執照之建築概要表記載項目有：水箱，緊急昇降機間排煙室，揚水機房，特別安全梯，排煙室，梯廳，安全梯，電梯間，噴灌機房，消防中繼機房，自來水水箱，消防水箱，機械室等１３項。,鋼筋混凝土造,108年5月13日,二十一層,,
RPVPMLRLJHLGFAB48CC,21,29.26,人行道，補習班，住房，機械室，停車空間，樓梯間，電梯間,鋼筋混凝土造,93年9月10日,五層,,
RPWPMLRLJHLGFAB58CC,21,29.26,人行道，補習班，住房，機械室，停車空間，樓梯間，電梯間,鋼筋混凝土造,93年9月10日,五層,,
RPOQMLRLJHLGFAB87CC,21,29.26,人行道，補習班，住房，機械室，停車空間，樓梯間，電梯間,鋼筋混凝土造,93年9月10日,五層,,
RPSRMLRLJHLGFAB38CC,21,29.26,人行道，補習班，住房，機械室，停車空間，樓梯間，電梯間,鋼筋混凝土造,93年9月10日,五層,,
RPRRMLRLJHLGFAB28CC,21,29.26,人行道，補習班，住房，機械室，停車空間，樓梯間，電梯間,鋼筋混凝土造,93年9月10日,五層,,
RPQRMLRLJHLGFAB18CC,21,29.26,人行道，補習班，住房，機械室，停車空間，樓梯間，電梯間,鋼筋混凝土造,93年9月10日,五層,,
RPRQMLRLJHLGFAB18CC,21,29.26,人行道，補習班，住房，機械室，停車空間，樓梯間，電梯間,鋼筋混凝土造,93年9月10日,五層,,
RPSQMLRLJHLGFAB28CC,21,29.26,人行道，補習班，住房，機械室，停車空間，樓梯間，電梯間,鋼筋混凝土造,93年9月10日,五層,,
RPTOMLRLJHLGFBB28CC,36,124.26,住家用,鋼筋混凝土造,79年2月22日,七層,,
RPTOMLRLJHLGFBB28CC,36,24.25,共有部分,鋼筋混凝土造,79年2月22日,七層,,
RPWQMLRLJHLGFAB68CC,21,29.26,人行道，補習班，住房，機械室，停車空間，樓梯間，電梯間,鋼筋混凝土造,93年9月10日,五層,,
RPROMLRLJHLGFBB08CC,31,50.25,商業用,鋼骨混凝土造,84年2月14日,七層,,
RPROMLRLJHLGFBB08CC,31,13.05,共有部分,鋼骨混凝土造,84年2月14日,七層,,
RPROMLRLJHLGFBB08CC,31,169.36,共有部分,鋼骨混凝土造,84年2月14日,七層,,
RPSOMLRLJHLGFBB18CC,32,19.24,住家用,鋼筋混凝土造,83年6月14日,七層,,
RPSOMLRLJHLGFBB18CC,32,10.56,共有部分,鋼筋混凝土造,83年6月14日,七層,,
RPPRMLRLJHLGFAB08CC,21,29.26,人行道，補習班，住房，機械室，停車空間，樓梯間，電梯間,鋼筋混凝土造,93年9月10日,五層,,
RPXPMLRLJHLGFAB68CC,21,29.26,人行道，補習班，住房，機械室，停車空間，樓梯間，電梯間,鋼筋混凝土造,93年9月10日,五層,,
RPXOMLRLJHLGFAB58CC,31,20.81,住家用,鋼筋混凝土造,83年7月14日,十三層,,
RPXOMLRLJHLGFAB58CC,31,5.81,梯間,鋼筋混凝土造,83年7月14日,十三層,,
RPXOMLRLJHLGFAB58CC,31,5.02,防空避難室兼停車空間．水箱．梯間．機房．停車場,鋼筋混凝土造,83年7月14日,十三層,,
RPWOMLRLJHLGFBB58CC,43,86.38,集合住宅,鋼筋混凝土造,71年10月5日,五層,,
RPUOMLRLJHLGFBB38CC,33,47.83,住家用,鋼筋混凝土造,81年8月5日,七層,,
RPUOMLRLJHLGFBB38CC,33,11.30,機械室、水塔、梯間、門廳,鋼筋混凝土造,81年8月5日,七層,,
RPXOMLRLJHLGFBB68CC,33,81.98,商業用,鋼筋混凝土造,81年11月10日,十九層,,
RPOPMLRLJHLGFBB87CC,32,79.94,住家用,鋼筋混凝土造,82年8月6日,七層,,
RPOPMLRLJHLGFBB87CC,32,29.54,共有部分,鋼筋混凝土造,82年8月6日,七層,,
RPVOMLRLJHLGFBB48CC,31,44.43,住家用,鋼筋混凝土造,83年12月14日,十六層,,
RPVOMLRLJHLGFBB48CC,31,18.43,共有部分,鋼筋混凝土造,83年12月14日,十七層,,
RPQPMLRLJHLGFBB08CC,12,63.45,住家用,鋼筋混凝土造,102年7月25日,二十二層,,
RPQPMLRLJHLGFBB08CC,12,17.07,本共有部分係依使用執照之建築概要表記載項目有：管委會使用公共設施，垃圾處理室，梯間，梯廳，梯間（排煙室，昇降機間）梯間（梯廳，排煙室，昇降機間），走廊，中繼機械室（中繼水箱），機械室，水箱等１０項,鋼筋混凝土造,102年7月25日,二十二層,,
RPQPMLRLJHLGFBB08CC,12,13.62,本共有部分係依使用執照之建築概要表記載項目有：停車空間，車道，污水機房，清水池，消防機房，機房，梯間（梯廳，排煙室，昇降機間），防空避難室兼停車空間，發電機室，電信室，台電配電室，防災中心，公共設施等１３項,鋼筋混凝土造,102年7月25日,二十二層,,
RPPPMLRLJHLGFBB97CC,12,42.49,住家用,鋼筋混凝土造,102年7月25日,二十二層,,
RPRPMLRLJHLGFBB18CC,32,82.24,住家用,鋼筋混凝土造,83年4月15日,十六層,,
RPRPMLRLJHLGFBB18CC,32,7.22,共有部分,鋼筋混凝土造,83年4月15日,十六層,,
RPPPMLRLJHLGFBB97CC,12,11.38,本共有部分係依使用執照之建築概要表記載項目有：管委會使用公共設施，垃圾處理室，梯間，梯廳，梯間（排煙室，昇降機間）梯間（梯廳，排煙室，昇降機間），走廊，中繼機械室（中繼水箱），機械室，水箱等１０項,鋼筋混凝土造,102年7月25日,二十二層,,
RPRPMLRLJHLGFBB18CC,32,22.14,共有部分,鋼筋混凝土造,83年4月15日,十六層,,
RPPPMLRLJHLGFBB97CC,12,9.08,本共有部分係依使用執照之建築概要表記載項目有：停車空間，車道，污水機房，清水池，消防機房，機房，梯間（梯廳，排煙室，昇降機間），防空避難室兼停車空間，發電機室，電信室，台電配電室，防災中心，公共設施等１３項,鋼筋混凝土造,102年7月25日,二十二層,,
RPSPMLRLJHLGFBB28CC,30,20.42,住家用,鋼筋混凝土造,84年11月24日,二十四層,,
RPSPMLRLJHLGFBB28CC,30,15.16,防空避難室，停車空間，門廳，樓梯間，機械室，水箱,鋼筋混凝土造,84年11月24日,二十四層,,
RPUPMLRLJHLGFBB48CC,31,34.79,住家用,鋼筋混凝土造,83年11月1日,五層,,
RPUPMLRLJHLGFBB48CC,31,13.16,共有部分,鋼筋混凝土造,83年11月1日,五層,,
RPRQMLRLJHLGFBB28CC,15,84.83,住家用,鋼筋混凝土造,99年12月3日,十二層,,
RPRQMLRLJHLGFBB28CC,15,51.03,本共有部份係依使用執照之建築概要表記載項目有停車空間，樓梯間，昇降機間，消防機房，污水機房，水箱，機車停車區，防空避難室兼停車空間，台電配電室，緊急發電機室，機械室，電信室，社區大廳，外廊，儲藏室，垃圾集中處，門廳，梯廳，社區交誼廳，社區閱謮室，社區管理室，車道：等２２項。,鋼筋混凝土造,99年12月3日,十二層,,
RPOQMLRLJHLGFBB97CC,26,112.97,住家用,鋼筋混凝土造,89年2月18日,十四層,,
RPRQMLRLJHLGFBB28CC,15,18.11,本共有部份係依使用執照之建築概要表記載項目有梯廳，，樓梯間，昇降機間，梯間，水箱，機械房，儲藏室，透空遮牆等８項。,鋼筋混凝土造,99年12月3日,十二層,,
RPOQMLRLJHLGFBB97CC,26,50.33,共有部分,鋼筋混凝土造,89年2月18日,十四層,,
RPUQMLRLJHLGFBB58CC,37,19.70,住家用,鋼筋混凝土造,77年12月31日,八層,,
RPVPMLRLJHLGFBB58CC,32,82.24,住家用,鋼筋混凝土造,83年4月15日,十六層,,
RPUQMLRLJHLGFBB58CC,37,6.46,共有部分,鋼筋混凝土造,77年12月31日,八層,,
RPVPMLRLJHLGFBB58CC,32,7.30,共有部分,鋼筋混凝土造,83年4月15日,十六層,,
RPTPMLRLJHLGFBB38CC,3,59.45,集合住宅,鋼筋混凝土造,111年7月28日,二十四層,,
RPVPMLRLJHLGFBB58CC,32,22.14,共有部分,鋼筋混凝土造,83年4月15日,十六層,,
RPTPMLRLJHLGFBB38CC,3,61.22,本共有部份係依使用執照之建築概要表記載項目有：防空避難室兼停車空間，排煙室，樓梯間，緊急昇降機，一般昇降機，污、雨水機械室，消防機械室，水箱，車道，停車空間，機電空間，電信室，緊急發電機室、台電配電室，防災中心，消防中繼機房，機械室，電錶區，水箱室，機車停車區，門廳，廁所，管委會使用空間，走廊，垃圾集中室，公共服務空間，頂蓋型開放空間，儲藏室，信箱室，宅配室，中繼水塔，梯間，梯廳，電梯機房，水錶箱室等３５項．,鋼筋混凝土造,111年7月28日,二十四層,,
RPWPMLRLJHLGFBB68CC,39,88.07,住商用,鋼筋混凝土造,76年1月16日,三層,,
RPXPMLRLJHLGFBB78CC,30,24.48,住家用,鋼筋混凝土造,84年11月24日,二十四層,,
RPXPMLRLJHLGFBB78CC,30,16.56,防空避難室，停車空間，門廳，樓梯間，機械室，水箱,鋼筋混凝土造,84年11月24日,二十四層,,
RPPNMLRLJHLGFCB87CC,31,13.98,住家用,鋼筋混凝土造,84年4月24日,七層,,
RPQQMLRLJHLGFBB18CC,30,21.60,住家用,鋼筋混凝土造,85年6月1日,十三層,,
RPPNMLRLJHLGFCB87CC,31,6.81,共有部分,鋼筋混凝土造,84年4月24日,七層,,
RPQQMLRLJHLGFBB18CC,30,7.96,共有部分,鋼筋混凝土造,85年6月1日,十三層,,
RPPQMLRLJHLGFBB08CC,54,89.56,住家用,鋼筋混凝土加強磚造,60年8月12日,二層,,
RPQNMLRLJHLGFCB97CC,20,11.00,住家用,鋼筋混凝土造,95年6月28日,十層,,
RPSNMLRLJHLGFCB18CC,27,14.21,住家用,鋼筋混凝土造,88年5月29日,八層,,
RPSNMLRLJHLGFCB18CC,27,4.12,共有部份,鋼筋混凝土造,88年5月29日,八層,,
RPSNMLRLJHLGFCB18CC,27,5.06,共有部份,鋼筋混凝土造,88年5月29日,八層,,
RPTNMLRLJHLGFCB28CC,20,11.00,住家用,鋼筋混凝土造,95年6月28日,十層,,
RPRNMLRLJHLGFCB08CC,32,58.78,住家用,鋼筋混凝土造,82年12月2日,七層,,
RPRNMLRLJHLGFCB08CC,32,37.81,共有部份,鋼筋混凝土造,82年12月2日,七層,,
RPUNMLRLJHLGFCB38CC,16,39.61,住家用,鋼筋混凝土造,98年8月13日,二十六層,,
RPUNMLRLJHLGFCB38CC,16,3.28,共有,鋼筋混凝土造,98年8月13日,二十六層,,
RPUNMLRLJHLGFCB38CC,16,15.60,共有,鋼筋混凝土造,98年8月13日,二十六層,,
RPWNMLRLJHLGFCB58CC,34,21.11,住家用,鋼筋混凝土造,80年9月11日,十二層,,
RPWNMLRLJHLGFCB58CC,34,9.25,共有部份,鋼筋混凝土造,80年9月11日,十二層,,
RPVNMLRLJHLGFCB48CC,18,65.39,住家用,鋼筋混凝土造,96年11月13日,八層,,
RPVNMLRLJHLGFCB48CC,18,33.96,共用,鋼筋混凝土造,96年11月13日,八層,,
RPRNMLRLJHLGFFB38CC,3,159.91,人行道、住宅、梯間,鋼筋混凝土造,112年4月13日,三層,,
RPPNMLRLJHLGFDB97CC,33,106.85,住家用,鋼筋混凝土造,82年2月8日,十六層,,
RPPNMLRLJHLGFDB97CC,33,12.40,共有部份,鋼筋混凝土造,82年2月8日,十六層,,
RPPNMLRLJHLGFDB97CC,34,10.74,共有部份,鋼筋混凝土造,81年2月8日,十六層,,
RPPNMLRLJHLGFFB18CC,5,9.22,集合住宅,鋼筋混凝土造,109年8月25日,五層,,
RPPNMLRLJHLGFFB18CC,5,5.11,梯廳、安全梯、升降機、管道間、走廊、安全梯間、升降機機械室、水箱、停車空間、電信室、消防機室、發電機室、台電配電室、安全梯Ａ,鋼筋混凝土造,109年8月25日,五層,,
RPVNMLRLJHLGFFB78CC,6,59.31,集合住宅,鋼筋混凝土造,109年1月10日,十五層,,
RPVNMLRLJHLGFFB78CC,6,60.54,停車空間、樓梯間、昇降機間、排煙室、水箱、污水機房、消防機房、車道、機房、電信室、緊急發電機室、防空避難室兼停車空間、台電配電室、機車停車區、梯廳、垃圾集中室、管委會使用空間、門廳、外廊、電梯機房、梯間。,鋼筋混凝土造,109年1月10日,十五層,,
RPQNMLRLJHLGFFB28CC,5,9.32,集合住宅,鋼筋混凝土造,109年8月25日,五層,,
RPQNMLRLJHLGFFB28CC,5,5.18,梯廳、安全梯、升降機、管道間、走廊、安全梯間、升降機機械室、水箱、停車空間、電信室、消防機室、發電機室、台電配電室、安全梯Ａ,鋼筋混凝土造,109年8月25日,五層,,
RPSNMLRLJHLGFFB48CC,9,61.87,集合住宅,鋼筋混凝土造,106年3月3日,七層,,
RPSNMLRLJHLGFFB48CC,9,7.43,防空避難室兼停車空間，安全梯，緊急發電機室，電信室，消防機房，台電配電室，水箱，排煙室，汙水機房，電錶，緊急昇降機〈行動不便〉，一般昇降機〈行動不便〉，樓梯間,鋼筋混凝土造,106年3月3日,七層,,
RPSNMLRLJHLGFFB48CC,9,18.22,辦公室，一般昇降機〈行動不便〉，梯廳，管委會空間，戶外安全梯，行動不便樓梯，排煙室，緊急昇降機〈行動不便〉，外廊，樓梯間，水錶室，水箱，機械室,鋼筋混凝土造,106年3月3日,七層,,
RPTNMLRLJHLGFFB58CC,3,88.88,集合住宅,鋼筋混凝土造,112年2月22日,十五層,,
RPTNMLRLJHLGFFB58CC,3,71.75,防空避難室兼停車空間、梯間、消防機房、蓄水池、車道、汙雨水機房、昇降機間、安全梯、排煙室、停車空間、電信機房、台電配電場所、發電機室、管委會空間、頂蓋型開放空間、門廊、機房、無障礙廁所、特別安全梯、梯廳、水錶室、水箱、昇降機機房等２３項,鋼筋混凝土造,112年2月22日,十五層,,
RPQNMLRLJHLGFHB48CC,1,89.60,集合住宅,鋼筋混凝土造,114年6月4日,十五層,,
RPQNMLRLJHLGFHB48CC,1,45.07,本共有部分之項目有防空避難室兼停車空間、排煙室、安全梯、消防幫浦室、污水機房、昇降機、車道、停車空間、電信室、台電配電室、電錶室、緊急發電機室、水箱、景觀過濾機房等１４項,鋼筋混凝土造,114年6月4日,十五層,,
RPQNMLRLJHLGFHB48CC,1,27.88,本共有部分之項目有廊道、管委會使用空間、資源回收室、梯廳、排煙室、安全梯、戶外安全梯、管道、昇降機、車道、梯廳兼排煙室、梯間、機械房、水箱、水錶室、電梯機械室等１６項,鋼筋混凝土造,114年6月4日,十五層,,
RPQNMLRLJHLGFIB58CC,31,83.56,集合住宅,鋼筋混凝土造,84年5月9日,八層,,
RPPNMLRLJHLGFIB48CC,30,168.43,住家用,鋼筋混凝土造,84年11月22日,四層,,
RPQNMLRLJHLGFIB58CC,31,33.66,共有部份,鋼筋混凝土造,84年5月9日,八層,,
RPPNMLRLJHLGFIB48CC,30,8.00,共有部分,鋼筋混凝土造,84年11月22日,七層,,
RPRNMLRLJHLGFIB68CC,21,14.64,單身員工宿舍,鋼筋混凝土造,94年7月6日,五層,,
RPPOMLRLJHLGFFB28CC,8,118.06,集合住宅,鋼筋混凝土造,106年9月5日,十五層,,
RPRNMLRLJHLGFIB68CC,21,17.48,共有部份,鋼筋混凝土造,94年7月6日,五層,,
RPPOMLRLJHLGFFB28CC,8,15.62,管委會使用空間〔蒸氣室，更衣室，交誼室兼閱讀室，兒童遊戲室，健身房，管理中心，儲藏室〕，廁所，門廳，儲藏室，通廊，信箱間，前廳〔風除室〕，門廊，管委會使用空間〔垃圾儲藏室〕，防空避難室兼停車空間，車道，游泳池機房，機房，垃圾車暫停車位，電信室，排風機房，機車停車空間，水箱機房，進風機房，發電機機房，公共水箱，消防泵浦室，雨水及汙水機房,鋼筋混凝土造,106年9月5日,十五層,,
RPPOMLRLJHLGFFB28CC,8,1.65,安全梯﹝無障礙樓梯﹞、台電配電室、電錶區、受電箱、甲梯安全梯,鋼筋混凝土造,106年9月5日,十五層,,
RPPOMLRLJHLGFFB28CC,8,32.86,排煙室，梯廳兼排煙室，特別安全梯，特別安全梯〔無障礙樓梯〕，樓梯間，水錶室，排煙機房，消防水箱，電梯機房，水箱機房，管道間,鋼筋混凝土造,106年9月5日,十五層,,
RPPOMLRLJHLGFFB28CC,8,34.35,防空避難室兼停車空間、車道、停車空間,鋼筋混凝土造,106年9月5日,十五層,,
RPROMLRLJHLGFCB18CC,31,16.99,住家用,鋼筋混凝土造,84年4月24日,七層,,
RPOOMLRLJHLGFCB87CC,32,41.63,商業用,鋼筋混凝土造,83年1月20日,七層,,
RPROMLRLJHLGFCB18CC,31,8.78,共有部分,鋼筋混凝土造,84年4月24日,七層,,
RPOOMLRLJHLGFCB87CC,32,37.60,共有部分,鋼筋混凝土造,83年1月20日,七層,,
RPTNMLRLJHLGFIB88CC,33,61.01,集合住宅,鋼筋混凝土造,81年9月9日,十五層,,
RPSNMLRLJHLGFIB78CC,30,93.57,集合住宅,鋼筋混凝土造,84年12月1日,九層,,
RPQOMLRLJHLGFCB08CC,11,87.68,住家用,鋼筋混凝土造,103年10月9日,十二層,,
RPTNMLRLJHLGFIB88CC,33,23.78,共有部份,鋼筋混凝土造,81年9月9日,十五層,,
RPVOMLRLJHLGFCB58CC,34,22.74,住家用,鋼筋混凝土造,80年12月6日,十二層,,
RPSNMLRLJHLGFIB78CC,30,6.59,停車空間,鋼筋混凝土造,84年12月1日,九層,,
RPSNMLRLJHLGFIB78CC,30,14.89,共有部份,鋼筋混凝土造,84年12月1日,九層,,
RPVOMLRLJHLGFCB58CC,34,18.57,共有部份,鋼筋混凝土造,80年12月6日,十二層,,
RPQOMLRLJHLGFCB08CC,11,76.04,本共有部份係依使用執照之建築概要表記載項目有：停車空間、樓梯間、昇降機間、梯廳、汙水機房、消防機房、水景機房、機車停車區、外廊、梯間、水箱、電信室、防空避難室兼停車空間、緊急發電機室、台電配電室、管委會使用空間（垃圾集中室）、門廊、公共服務空間、沿街步道式開放空間、車道、水錶箱室、電梯機房等２２項。,鋼筋混凝土造,103年10月9日,十二層,,
RPQPMLRLJHLGFCB18CC,28,38.97,住家用,鋼筋混凝土造,86年12月16日,二十三層,,
RPSOMLRLJHLGFCB28CC,32,38.31,住家用,鋼筋混凝土造,83年5月17日,十五層,,
RPQPMLRLJHLGFCB18CC,28,14.04,共有部份,鋼筋混凝土造,86年12月16日,二十三層,,
RPSOMLRLJHLGFCB28CC,32,2.06,共有部份,鋼筋混凝土造,83年5月17日,十五層,,
RPQPMLRLJHLGFCB18CC,28,13.49,共有部份,鋼筋混凝土造,86年12月16日,二十三層,,
RPQPMLRLJHLGFCB18CC,28,5.45,共有部份,鋼筋混凝土造,86年12月16日,二十三層,,
RPQPMLRLJHLGFCB18CC,28,6.85,共有部份,鋼筋混凝土造,86年12月16日,二十三層,,
RPUNMLRLJHLGFIB98CC,33,72.23,集合住宅,鋼筋混凝土造,81年8月23日,十三層,,
RPUNMLRLJHLGFIB98CC,33,30.17,共有部份,鋼筋混凝土造,81年8月23日,十三層,,
RPWNMLRLJHLGFIB56CC,46,81.22,住家用,鋼筋混凝土造,69年1月5日,五層,,
RPQNMLRLJHLGFKB78CC,17,50.26,住家用,鋼筋混凝土造,98年3月3日,七層,,
RPQNMLRLJHLGFKB78CC,17,9.32,防空避難室、停車空間、台電受電室、消防機械室,鋼筋混凝土造,98年3月3日,七層,,
RPQNMLRLJHLGFKB78CC,17,13.52,梯間、水箱、机械室,鋼筋混凝土造,98年3月3日,七層,,
RPPNMLRLJHLGFKB68CC,31,86.95,住家用,鋼筋混凝土造,84年4月1日,十二層,,
RPPNMLRLJHLGFKB68CC,31,12.91,避難室、停車空間,鋼筋混凝土造,84年4月1日,十二層,,
RPPNMLRLJHLGFKB68CC,31,14.35,梯間、機械室、水箱,鋼筋混凝土造,84年4月1日,十二層,,
RPPNMLRLJHLGFKB68CC,31,.09,守衛室,鋼筋混凝土造,84年4月1日,十二層,,
RPPNMLRLJHLGFJB58CC,32,79.24,集合住宅,鋼筋混凝土造,82年9月15日,十四層,,
RPPNMLRLJHLGFJB58CC,32,26.96,停車空間、避難室、梯間、水箱、機械房,鋼筋混凝土造,82年9月15日,十四層,,
RPRNMLRLJHLGFKB88CC,10,23.52,集合住宅,鋼筋混凝土造,104年12月22日,九層,,
RPRNMLRLJHLGFKB88CC,10,48.32,水塔、機械室、樓梯間、停車空間、防空避難室、消防機房,鋼筋混凝土造,104年12月22日,九層,,
RPVNMLSLJHLGFAB38CC,32,28.43,住家用,鋼筋混凝土造,83年2月2日,八層,,
RPWNMLSLJHLGFAB48CC,30,20.93,集合住宅,鋼筋混凝土造,85年3月28日,七層,,
RPRNMLSLJHLGFAB97CC,31,20.16,住家用,鋼筋混凝土造,83年12月7日,十五層,,
RPVNMLSLJHLGFAB38CC,32,15.38,人行道．梯間．防空避難室．機械室．水塔,鋼筋混凝土造,83年2月2日,八層,,
RPRNMLSLJHLGFAB97CC,31,10.31,共有部份,鋼筋混凝土造,83年12月7日,十五層,,
RPVNMLSLJHLGFAB38CC,32,28.47,住家用,鋼筋混凝土造,83年2月2日,八層,,
RPVNMLSLJHLGFAB38CC,32,15.38,人行道．梯間．防空避難室．機械室．水塔,鋼筋混凝土造,83年2月2日,八層,,
RPOOMLSLJHLGFAB77CC,33,123.14,住商用,鋼筋混凝土造,81年11月20日,十四層,,
RPOOMLSLJHLGFAB77CC,33,11.34,共有部份,鋼筋混凝土造,81年11月20日,十四層,,
RPXNMLSLJHLGFAB58CC,31,90.82,住家用,鋼筋混凝土造,83年12月28日,十五層,,
RPXNMLSLJHLGFAB58CC,31,36.05,共有部份,鋼筋混凝土造,83年12月28日,十五層,,
RPXNMLSLJHLGFAB58CC,31,8.26,共有部份,鋼筋混凝土造,83年12月28日,十五層,,
RPOPMLSLJHLGFAB87CC,42,27.38,住商用,鋼筋混凝土造,73年4月26日,十二層,,
RPOPMLSLJHLGFAB87CC,42,5.02,電梯，樓梯，通道，機械間，水塔，受電室,鋼筋混凝土造,73年4月26日,十二層,,
RPWOMLSLJHLGFAB58CC,29,20.41,住家用,鋼筋混凝土造,86年2月5日,十二層,,
RPUOMLSLJHLGFAB38CC,31,23.76,辦公室,鋼筋混凝土造,84年6月28日,十三層,,
RPWOMLSLJHLGFAB58CC,29,11.17,共同使用,鋼筋混凝土造,86年2月5日,十二層,,
RPUOMLSLJHLGFAB38CC,31,4.16,會議室,鋼筋混凝土造,84年6月28日,十三層,,
RPUOMLSLJHLGFAB38CC,31,24.05,防空避難室兼停車空間．水箱．梯間．機械室．人行道．停車空間．走道,鋼筋混凝土造,84年6月28日,十三層,,
RPVOMLSLJHLGFAB48CC,47,88.37,住家用,鋼筋混凝土造,68年2月21日,五層,,
RPXOMLSLJHLGFAB68CC,42,80.40,集合住宅,鋼筋混凝土造,73年4月23日,七層,,
RPQOMLSLJHLGFAB97CC,44,101.47,住商用,鋼筋混凝土造,71年3月15日,五層,,
RPPNMLSLJHLGFBB87CC,44,194.71,住商用,鋼筋混凝土造,70年8月5日,三層,,
RPQOMLSLJHLGFAB97CC,44,20.34,共有部份,鋼筋混凝土造,71年3月15日,五層,,
RPQNMLSLJHLGFBB97CC,40,1.00,商業用,鋼筋混凝土造,74年8月13日,五層,,
RPSNMLSLJHLGFBB18CC,30,26.98,住家用,鋼筋混凝土造,85年3月22日,七層,,
RPSNMLSLJHLGFBB18CC,30,10.60,共有部分,鋼筋混凝土造,85年3月22日,七層,,
RPSNMLSLJHLGFBB18CC,30,.00,共有部分,鋼筋混凝土造,85年3月22日,七層,,
RPUNMLSLJHLGFBB38CC,21,159.52,住家用,ＲＣ造,93年10月4日,七層,,
RPUNMLSLJHLGFBB38CC,21,76.07,共有部分,ＲＣ造,93年10月4日,七層,,
RPWNMLSLJHLGFBB58CC,1,101.07,集合住宅,鋼筋混凝土造,114年1月16日,二十四層,,
RPWNMLSLJHLGFBB58CC,1,77.25,本共有部份係依使用執照之建築概要表記載項目有：防空避難室兼停車空間，排煙室，樓梯間，一般昇降機，緊急昇降機，汙水機械室，機械室，消防機房，水箱，車道，一般安全梯，停車空間，電信室，水景機械室，戲水池機房，緊急發電機室，台電配電室，消防蓄水池，電錶室，防災中心，消防中繼機房，梯廳，公設管委會使用空間，門廳，儲藏室，管理室，特別安全梯，梯間，消防水箱，水錶箱室，電梯機房等３２項。,鋼筋混凝土造,114年1月16日,二十四層,,
RPTNMLSLJHLGFBB28CC,26,106.03,住家用,鋼筋混凝土造,89年3月2日,十四層,,
RPTNMLSLJHLGFBB28CC,26,12.70,共有部分,鋼筋混凝土造,89年3月2日,十四層,,
RPTNMLSLJHLGFBB28CC,26,37.51,共有部分,鋼筋混凝土造,89年3月2日,十四層,,
RPPOMLSLJHLGFBB97CC,39,83.64,住家用,鋼筋混凝土造,76年5月29日,五層,,
RPPOMLSLJHLGFBB97CC,39,15.78,共有部分,鋼筋混凝土造,76年5月29日,五層,,
RPTOMLSLJHLGFBB38CC,31,91.24,住家用,鋼筋混凝土造,84年6月5日,八層,,
RPTOMLSLJHLGFBB38CC,31,32.71,共有部分,鋼筋混凝土造,84年6月5日,八層,,
RPUOMLSLJHLGFBB48CC,20,173.40,人行道．停車空間．住宅,鋼筋混凝土造,94年11月30日,四層,,
RPQOMLSLJHLGFBB08CC,3,59.45,集合住宅,鋼筋混凝土造,111年7月28日,二十四層,,
RPSOMLSLJHLGFBB28CC,46,49.59,住商用,鋼筋混凝土造,68年9月3日,四層,,
RPQOMLSLJHLGFBB08CC,3,60.63,本共有部份係依使用執照之建築概要表記載項目有：防空避難室兼停車空間，排煙室，樓梯間，緊急昇降機，一般昇降機，污、雨水機械室，消防機械室，水箱，車道，停車空間，機電空間，電信室，緊急發電機室、台電配電室，防災中心，消防中繼機房，機械室，電錶區，水箱室，機車停車區，門廳，廁所，管委會使用空間，走廊，垃圾集中室，公共服務空間，頂蓋型開放空間，儲藏室，信箱室，宅配室，中繼水塔，梯間，梯廳，電梯機房，水錶箱室等３５項．,鋼筋混凝土造,111年7月28日,二十四層,,
RPWOMLSLJHLGFBB68CC,33,165.98,商業用,鋼筋混凝土造,81年8月31日,十三層,,
RPWOMLSLJHLGFBB68CC,33,108.56,共有部分,鋼筋混凝土造,81年8月31日,十三層,,
RPROMLSLJHLGFBB18CC,26,108.86,集合住宅,鋼筋混凝土造,89年7月5日,十四層,,
RPPPMLSLJHLGFBB08CC,44,19.68,商業用,鋼筋混凝土造,71年4月19日,五層,,
RPROMLSLJHLGFBB18CC,26,25.70,共有部分,鋼筋混凝土造,89年7月5日,十四層,,
RPPPMLSLJHLGFBB08CC,44,2.27,共有部分,鋼筋混凝土造,71年4月19日,五層,,
RPROMLSLJHLGFBB18CC,26,47.31,共有部分,鋼筋混凝土造,89年7月5日,十四層,,
RPOOMLSLJHLGFBB87CC,43,81.06,住家用,鋼筋混凝土造,72年1月21日,五層,,
RPVOMLSLJHLGFBB58CC,31,19.81,住家用,鋼筋混凝土造,84年6月7日,二十一層,,
RPQPMLSLJHLGFBB18CC,30,21.31,住家用,鋼筋混凝土造,84年11月24日,二十四層,,
RPVOMLSLJHLGFBB58CC,31,12.50,共有部分,鋼筋混凝土造,84年6月7日,二十一層,,
RPQPMLSLJHLGFBB18CC,30,14.36,防空避難室，停車空間，門廳，樓梯間，機械室，水箱,鋼筋混凝土造,84年11月24日,二十四層,,
RPOPMLSLJHLGFBB97CC,30,140.25,住家用,鋼筋混凝土造,84年12月5日,十層,,
RPOPMLSLJHLGFBB97CC,30,29.73,共有部分,鋼筋混凝土造,84年12月5日,十層,,
RPXNMLSLJHLGFBB68CC,2,59.95,集合住宅,鋼筋混凝土造,113年6月5日,十五層,,
RPRPMLSLJHLGFBB28CC,2,85.52,集合住宅,鋼筋混凝土造,113年6月5日,十五層,,
RPXNMLSLJHLGFBB68CC,2,57.17,本共有部份係依使用執照之建築概要表記載項目有：防空避難室兼停車空間，水箱，排煙室，樓梯間，緊急昇降機，一般昇降機，消防機房，雨水機房，機房，緊急發電機室，停車空間，台電配電室，電信室，機車停車空間，梯廳，機電設備空間，頂蓋型開放空間，管委會使用空間，公共服務空間，走廊，資源回收中心，游泳池，梯間，電梯機房，水錶箱室等２５項,鋼筋混凝土造,113年6月5日,十五層,,
RPRPMLSLJHLGFBB28CC,2,97.46,本共有部份係依使用執照之建築概要表記載項目有：防空避難室兼停車空間，水箱，排煙室，樓梯間，緊急昇降機，一般昇降機，消防機房，雨水機房，機房，緊急發電機室，停車空間，台電配電室，電信室，機車停車空間，梯廳，機電設備空間，頂蓋型開放空間，管委會使用空間，公共服務空間，走廊，資源回收中心，游泳池，梯間，電梯機房，水錶箱室等２５項,鋼筋混凝土造,113年6月5日,十五層,,
RPXOMLSLJHLGFBB78CC,35,41.57,住家用,鋼筋混凝土造,80年2月1日,七層,,
RPXOMLSLJHLGFBB78CC,35,17.78,共有部分,鋼筋混凝土造,80年2月1日,七層,,
RPSPMLSLJHLGFBB38CC,18,47.03,住家用,鋼筋混凝土造,96年12月31日,十四層,,
RPSPMLSLJHLGFBB38CC,18,22.06,共有部分,鋼筋混凝土造,96年12月31日,十四層,,
RPRNMLSLJHLGFCB18CC,6,22.15,招待所（僅對特定對象提供臨時性住宿服務之招待所）,鋼筋混凝土造,109年4月30日,五層,,
RPPPMLSLJHLGFAB97CC,42,25.30,住商用,鋼筋混凝土造,73年4月26日,十二層,,
RPPPMLSLJHLGFAB97CC,42,5.02,電梯，樓梯，通道，機械間，水塔，受電室,鋼筋混凝土造,73年4月26日,十二層,,
RPPNMLSLJHLGFCB97CC,31,16.55,住家用,鋼筋混凝土造,84年2月20日,十三層,,
RPPNMLSLJHLGFCB97CC,31,3.70,住家用,鋼筋混凝土造,84年2月20日,十三層,,
RPPNMLSLJHLGFCB97CC,31,3.77,共同使用,鋼筋混凝土造,84年2月20日,十三層,,
RPSNMLSLJHLGFCB28CC,6,22.15,招待所（僅對特定對象提供臨時性住宿服務之招待所）,鋼筋混凝土造,109年4月30日,五層,,
RPXNMLSLJHLGFCB78CC,6,26.45,招待所（僅對特定對象提供臨時性住宿服務之招待所）,鋼筋混凝土造,109年4月30日,五層,,
RPPOMLSLJHLGFCB08CC,20,22.96,住家用,鋼筋混凝土造,94年12月20日,十層,,
RPPOMLSLJHLGFCB08CC,20,6.20,共用,鋼筋混凝土造,94年12月20日,十層,,
RPPOMLSLJHLGFCB08CC,20,6.81,共用,鋼筋混凝土造,94年12月20日,十層,,
RPWNMLSLJHLGFCB68CC,6,26.45,招待所（僅對特定對象提供臨時性住宿服務之招待所）,鋼筋混凝土造,109年4月30日,五層,,
RPOOMLSLJHLGFCB97CC,6,44.30,招待所（僅對特定對象提供臨時性住宿服務之招待所）,鋼筋混凝土造,109年4月30日,五層,,
RPQOMLSLJHLGFCB18CC,1,58.23,集合住宅,鋼筋混凝土造,113年8月24日,九層,,
RPTOMLSLJHLGFCB48CC,5,41.21,集合住宅,鋼筋混凝土造,109年7月31日,十二層,,
RPQOMLSLJHLGFCB18CC,1,53.70,本共有部份係依使用執照之建築概要表記載項目有：管委會使用空間、門廳、防空避難室兼停車空間、車道、安全梯、一般昇降機、台電配電室、受電箱區、發電機室、電信室、電表區、垃圾貯存空間、停車空間、消防機械室、水箱等十五項。,鋼筋混凝土造,113年8月24日,九層,,
RPTOMLSLJHLGFCB48CC,5,25.11,本共有部分係依使用執照之建築概要表記載項目有：停車空間，車道，樓梯間，排煙室，機械室，梯廳，發電機室，水箱，緊急昇降機，行動不便電梯，消防機械室，防空避難室兼停車空間，機車停車區，電信室，台電配電室，垃圾集中室，管理室，電梯，管理委員會使用空間，門廳，水錶室等２１項,鋼筋混凝土造,109年7月31日,十二層,,
RPQOMLSLJHLGFCB18CC,1,14.18,本共有部份係依使用執照之建築概要表記載項目有：一般昇降機、梯廳、安全梯、樓梯間、水錶室、機械室、水箱等七項。,鋼筋混凝土造,113年8月24日,九層,,
RPTOMLSLJHLGFCB48CC,5,10.54,本共有部分係依使用執照之建築概要表記載項目有：電梯，樓梯間，梯廳，排煙室，緊急昇降機，行動不便電梯，緊急昇降機電梯等７項,鋼筋混凝土造,109年7月31日,十二層,,
RPROMLSLJHLGFCB28CC,9,57.21,集合住宅,鋼筋混凝土造,105年10月17日,十二層,,
RPROMLSLJHLGFCB28CC,9,60.53,本共有部分係依使用執照之建築物概要表記載項目有：停車空間、污水機房、雨水機房、車道、消防機房、行動不便者電梯、昇降電梯、水箱、機房、電信室、防空避難室兼停車空間、台電配電室、發電機室、門廳、門廊、梯廳、管理委員會使用空間、梯間、機械室等１９項,鋼筋混凝土造,105年10月17日,十二層,,
RPVNMLSLJHLGFCB58CC,6,28.10,招待所（僅對特定對象提供臨時性住宿服務之招待所）,鋼筋混凝土造,109年4月30日,五層,,
RPQPMLSLJHLGFCB28CC,31,53.27,住商用,鋼筋混凝土造,83年8月17日,十四層,,
RPVOMLSLJHLGFCB68CC,20,11.00,住家用,鋼筋混凝土造,95年6月28日,十層,,
RPOPMLSLJHLGFCB08CC,7,15.75,集合住宅,鋼筋混凝土造,108年2月26日,五層,,
RPOPMLSLJHLGFCB08CC,7,14.55,本共有部份係依使用執照之建築概要表記載項目有：人行道、電信室、梯廳、直通樓梯、停車空間、管道間、管委會空間、樓梯間、機械室等九項。,鋼筋混凝土造,108年2月26日,五層,,
RPUOMLSLJHLGFCB58CC,33,24.86,住家用,鋼筋混凝土造,82年6月28日,八層,,
RPUOMLSLJHLGFCB58CC,33,6.78,共有部分,鋼筋混凝土造,82年6月28日,八層,,
RPRPMLSLJHLGFCB38CC,3,124.29,集合住宅,鋼筋混凝土造,112年7月6日,二十四層,,
RPRPMLSLJHLGFCB38CC,3,21.34,本共有部分係依使用執照之建築物概要表記載項目有：防空避難室兼停車空間、車道、消防機械室、揚水機械室、雨水機械室、水箱、梯廳、排煙室、昇降機道、安全梯、停車空間、消防中繼機械室、消防中繼水箱、台電配電室、發電機室、電信室、機車停車區、電錶區、受電箱區等１９項。,鋼筋混凝土造,112年7月6日,二十四層,,
RPRPMLSLJHLGFCB38CC,3,44.26,本共有部分係依使用執照之建築物概要表記載項目有：防災中心、管委會使用空間、頂蓋型開放空間、門廊、車道、梯廳、排煙室、昇降機道、垃圾處理室、特別安全梯、安全梯、一般安全梯、機械室、梯間、消防中繼機械室、水錶機械室、水箱等１７項。,鋼筋混凝土造,112年7月6日,二十四層,,
RPQNMLSLJHLGFDB18CC,36,26.00,避難室、店舖、住宅、梯間,鋼筋混凝土造,79年1月17日,六層,,
RPPNMLSLJHLGFEB18CC,7,23.80,住宅,鋼筋混凝土造,108年3月8日,四層,,
RPTNMLSLJHLGFDB48CC,16,219.18,店舖、住宅、停車空間,鋼筋混凝土造,98年10月2日,四層,,
RPSPMLSLJHLGFCB48CC,3,61.30,本共有部分係依使用執照之建築物概要表記載項目有：防空避難室兼停車空間、車道、消防機械室、揚水機械室、雨水機械室、水箱、梯廳、排煙室、昇降機道、安全梯、停車空間、消防中繼機械室、消防中繼水箱、台電配電室、發電機室、電信室、機車停車區、電錶區、受電箱區等１９項。,鋼筋混凝土造,112年7月6日,二十四層,,
RPPPMLSLJHLGFCB18CC,21,60.85,店舖、人行道、辦公室,ＲＣ造,94年1月17日,十四層,,
RPSNMLSLJHLGFDB38CC,37,89.08,住家用,鋼筋混凝土造,77年11月15日,五層,,
RPSNMLSLJHLGFDB38CC,37,9.85,共用部份,鋼筋混凝土造,77年11月15日,五層,,
RPSNMLSLJHLGFDB38CC,37,1.31,共用部份,鋼筋混凝土造,77年11月15日,五層,,
RPWOMLSLJHLGFCB78CC,28,29.93,住家用,鋼筋混凝土造,86年12月16日,二十三層,,
RPWOMLSLJHLGFCB78CC,28,4.17,共有部份,鋼筋混凝土造,86年12月16日,二十三層,,
RPWOMLSLJHLGFCB78CC,28,3.49,共有部份,鋼筋混凝土造,86年12月16日,二十三層,,
RPXPMLSLJHLGFCB98CC,32,100.45,住家用,鋼筋混凝土造,82年10月5日,十三層,,
RPWOMLSLJHLGFCB78CC,28,4.46,共有部份,鋼筋混凝土造,86年12月16日,二十三層,,
RPXPMLSLJHLGFCB98CC,32,22.05,共有部份,鋼筋混凝土造,82年10月5日,十三層,,
RPWPMLSLJHLGFCB88CC,10,245.31,辦公室,鋼骨鋼筋混凝土造,104年8月7日,三十八層,,
RPUPMLSLJHLGFCB68CC,16,189.75,住家用,鋼筋混凝土造,98年8月4日,二十四層,,
RPRNMLSLJHLGFDB28CC,36,26.00,避難室、店舖、住宅、梯間,鋼筋混凝土造,79年1月17日,六層,,
RPWPMLSLJHLGFCB88CC,10,31.43,本共有部分係依使用執照之建築概要表記載項目有：停車空間、消防幫浦室、蓄水池、進風機位置、排風機位置、安全梯、排煙室、污水機房、電梯廳、幫浦室、機械房、防空避難室兼停車空間、緊急發電機房、消防中繼機房、電信機房、進風機房、機械室、機車停車空間、台電配電室、排風機房、電表箱、受電箱等２２項。,鋼骨鋼筋混凝土造,104年8月7日,三十八層,,
RPUPMLSLJHLGFCB68CC,16,134.56,共有,鋼筋混凝土造,98年8月4日,二十四層,,
RPWPMLSLJHLGFCB88CC,10,144.30,本共有部分係依使用執照之建築概要表記載項目有：大廳、污物處理機房、汽車車道、女廁、男廁、防災中心、頂蓋型開放空間、特安梯、排煙室、梯廳、安全梯、熱水機房、走廊、管委會空間、電梯機房、女男廁、梯廳台電配電室污物處理機房中繼消防機房電表室、公共外廊、雨水過濾水槽、設備空間、昇降機間、雨水槽、中繼機房、蓄水池等２４項。,鋼骨鋼筋混凝土造,104年8月7日,三十八層,,
RPTPMLSLJHLGFCB58CC,34,28.53,住家用,鋼筋混凝土造,80年12月18日,八層,,
RPTPMLSLJHLGFCB58CC,34,7.39,共有部份,鋼筋混凝土造,80年12月18日,八層,,
RPXOMLSLJHLGFCB88CC,5,58.56,集合住宅,鋼筋混凝土造,109年8月31日,十四層,,
RPXOMLSLJHLGFCB88CC,5,62.18,本共有部份係依使用執照之建築概要表記載項目有：防空避難設備兼停車空間、車道、梯廳兼排煙室、消防機械室、污雨水機械室、蓄水池、安全梯、緊急昇降機道、一般昇降機道、機電設備空間、停車空間、台電配電室、電信室、緊急發電機室、梯廳、排煙室、戶外安全梯、垃圾處理室、管委會使用空間、公共服務空間、走廊、梯間、昇降機道、機械室、電梯機房及水箱等二十六項。,鋼筋混凝土造,109年8月31日,十四層,,
RPVPMLSLJHLGFCB78CC,3,244.35,辦公室,鋼骨鋼筋混凝土造、鋼筋混凝土造,112年3月27日,二十九層,,
RPVPMLSLJHLGFCB78CC,3,75.59,本共有部分係依使用執照之建築物概要表記載項目有：門廳、無障礙電梯、緊急升降機電梯、電梯、車道、雨遮、管委會使用空間、梯廳、排煙室、樓梯間、管道間、防災中心、外廊、消防中繼機房、機械室、水錶室、電梯機房、子母水箱等１８項。,鋼骨鋼筋混凝土造、鋼筋混凝土造,112年3月27日,二十九層,,
RPVPMLSLJHLGFCB78CC,3,4.71,本共有部分係依使用執照之建築物概要表記載項目有：機電空間等１項。,鋼骨鋼筋混凝土造、鋼筋混凝土造,112年3月27日,二十九層,,
RPVPMLSLJHLGFCB78CC,3,137.26,本共有部分係依使用執照之建築物概要表記載項目有：停車空間、排煙室、梯廳、樓梯間、消防機房、車道、無障礙電梯、緊急升降機電梯、電梯、水箱、管道間、雨污水機房、電信室、防空避難室兼停車空間、消防中繼機房、台電配電室、發電機房、電錶位置、受電箱區、垃圾回收區等２０項。,鋼骨鋼筋混凝土造、鋼筋混凝土造,112年3月27日,二十九層,,
RPPNMLSLJHLGFFB28CC,5,9.22,集合住宅,鋼筋混凝土造,109年8月25日,五層,,
RPPNMLSLJHLGFFB28CC,5,5.11,梯廳、安全梯、升降機、管道間、走廊、安全梯間、升降機機械室、水箱、停車空間、電信室、消防機室、發電機室、台電配電室、安全梯Ａ,鋼筋混凝土造,109年8月25日,五層,,
RPOQMLSLJHLGFCB18CC,28,109.37,辦公室,鋼筋混凝土造,87年7月17日,十四層,,
RPOQMLSLJHLGFCB18CC,28,59.66,共有部份,鋼筋混凝土造,87年7月17日,十四層,,
RPUNMLSLJHLGFFB78CC,19,189.73,住宅、梯間,鋼筋混凝土造,96年5月31日,三層,,
RPOQMLSLJHLGFCB18CC,28,6.60,共有部份,鋼筋混凝土造,87年7月17日,十四層,,
RPTNMLSLJHLGFFB68CC,1,70.15,集合住宅,鋼筋混凝土造,113年12月16日,二十四層,,
RPTNMLSLJHLGFFB68CC,1,59.78,防空避難室兼停車空間、排煙室、水箱、一般昇降機、消防機械室、汙雨水機械室、安全梯、緊急昇降機、車道、停車空間、台電配電室、機械室、發電機室、泳池機械室、電表區、消防中繼水箱、消防中繼機房、電信室、梯廳、門廳、垃圾暫存空間、管委會使用空間、機車停車區、特別安全梯、防災中心、走廊、水錶室、電梯機房等２８項。,鋼筋混凝土造,113年12月16日,二十四層,,
RPQNMLSLJHLGFFB38CC,6,56.16,集合住宅,鋼筋混凝土造,109年3月12日,七層,,
RPQNMLSLJHLGFFB38CC,6,30.73,停車空間，汙水機房，水箱，一般安全梯，消防機械室，發電機室，梯廳，防空避難室兼停車空間，機車停車區，台電配電室，電信室，電表室，受電箱區，車道，管委會使用空間，公共服務空間，樓梯間，水表室，機房等１９項,鋼筋混凝土造,109年3月12日,七層,,
RPPNMLSLJHLGFIB58CC,52,114.35,住家用,加強磚造水泥頂,62年12月10日,二層,,
RPVNMLSLJHLGFFB88CC,1,98.08,集合住宅,鋼筋混凝土造,114年6月6日,二十八層,,
RPVNMLSLJHLGFFB88CC,1,26.35,排煙室、昇降機、無障礙安全梯、特別安全梯、無障礙樓梯、梯廳兼排煙室、梯廳、管委會空間、中繼機房、中繼水箱、電梯間、水錶室、樓梯間、電梯機房、機電空間、水箱、安全梯、水箱機房、消防水箱等１９項,鋼筋混凝土造,114年6月6日,二十八層,,
RPVNMLSLJHLGFFB88CC,1,47.43,消防機房、雨水回收機房、車道、機房、水箱、停車空間、進風管道、公共水箱、防空避難室兼停車空間、台電配電室、發電機房、泳池水箱、公共電氣室、機車車道、管委會使用空間、昇降機、大廳、梯廳、警衛室、儲藏室、風除室、排風機房、防災中心、電信室、垃圾暫存室、附屬社區共用空間、附屬共用廚房、機電設備空間、電梯間、設備空間、泳池機房、景觀機房、游泳池、管委會空間、樓電梯間、機電空間、樓梯間等３７項,鋼筋混凝土造,114年6月6日,二十八層,,
RPQNMLSLJHLGFHB58CC,1,89.60,集合住宅,鋼筋混凝土造,113年10月22日,十五層,,
RPQNMLSLJHLGFHB58CC,1,43.50,本共有部分之項目有：防空避難室兼停車空間、排煙室、安全梯、污水機房、消防幫浦室、昇降機、車道、停車空間、水箱、台電配電室、緊急發電機室、電信室、電錶室、過濾機房等十四項,鋼筋混凝土造,113年10月22日,十五層,,
RPSNMLSLJHLGFHB78CC,31,19.58,住家用,鋼筋混凝土造,83年8月25日,八層,,
RPSNMLSLJHLGFIB88CC,5,67.14,集合住宅,鋼筋混凝土造,110年6月21日,十四層,,
RPQNMLSLJHLGFHB58CC,1,27.13,本共有部分之項目有管委會使用空間、公共服務空間、管道間、昇降機、車道、資源回收室、排煙室、安全梯、戶外安全梯、梯廳、水箱、梯間、水錶室、電梯機械室等十四項,鋼筋混凝土造,113年10月22日,十五層,,
RPSNMLSLJHLGFHB78CC,31,6.69,共有部分,鋼筋混凝土造,83年8月25日,八層,,
RPSNMLSLJHLGFIB88CC,5,71.20,停車空間、雨水機房、消防機房、水箱、梯廳、排煙室、緊急昇降機、無障礙昇降機、樓梯間、電信機房、發電機房、防空避難室兼停車空間、台電配電場所、垃圾儲存空間、水景／噴灌機房、管委會使用空間、過廊、污水機房、電梯機房及一般昇降機等２０項。,鋼筋混凝土造,110年6月21日,十四層,,
RPPNMLSLJHLGFHB48CC,34,114.86,住家用,鋼筋混凝土造,80年11月29日,十二層,,
RPPNMLSLJHLGFHB48CC,34,19.00,共有部份,鋼筋混凝土造,80年11月29日,十二層,,
RPQNMLSLJHLGFIB68CC,3,50.21,集合住宅,鋼筋混凝土造,111年8月5日,二十層,,
RPPNMLSLJHLGFJB68CC,32,85.56,集合住宅,鋼筋混凝土造,83年2月3日,七層,,
RPQNMLSLJHLGFIB68CC,3,35.03,停車空間、梯廳、昇降機、無障礙電梯、樓梯間、車道、機房、雨、污水機械室、消防機械室兼消防中繼機械室、水箱、機械室、公共水箱、泳池機房、水景機房、機房機械室、電信室、發電機房、垃圾貯存空間、台電配電場所、電錶區等２０項。,鋼筋混凝土造,111年8月5日,二十層,,
RPRNMLSLJHLGFHB68CC,31,26.32,住家用,鋼筋混凝土造,83年8月25日,八層,,
RPPNMLSLJHLGFJB68CC,32,36.19,共有部份,鋼筋混凝土造,83年2月3日,七層,,
RPQNMLSLJHLGFIB68CC,3,16.45,管委會使用空間、梯廳、排煙室、緊急昇降機、昇降機、無障礙電梯、防災中心、警衛室、游泳池、樓梯間、水錶室、消防中繼機械室、消防水箱、設備空間、機械室、自來水箱等１６項。,鋼筋混凝土造,111年8月5日,二十層,,
RPRNMLSLJHLGFHB68CC,31,9.14,共有部分,鋼筋混凝土造,83年8月25日,八層,,
RPRNMLSLJHLGFIB78CC,5,37.64,集合住宅,鋼筋混凝土造,110年6月21日,十四層,,
RPRNMLSLJHLGFIB78CC,5,18.46,停車空間、雨水機房、消防機房、水箱、梯廳、排煙室、緊急昇降機、無障礙昇降機、樓梯間、電信機房、發電機房、防空避難室兼停車空間、台電配電場所、垃圾儲存空間、水景／噴灌機房、管委會使用空間、過廊、污水機房、電梯機房及一般昇降機等２０項。,鋼筋混凝土造,110年6月21日,十四層,,
RPQNMLSLJHLGFJB78CC,36,102.70,集合住宅,鋼筋混凝土造,79年7月2日,五層,,
RPQNMLSLJHLGFJB78CC,36,2.73,共有部份,鋼筋混凝土造,79年7月2日,五層,,
RPUNMLSLJHLGFIB09CC,32,109.10,集合住宅,鋼筋混凝土造,83年5月21日,十二層,,
RPUNMLSLJHLGFIB09CC,32,24.18,門廳、梯間,鋼筋混凝土造,83年5月21日,十二層,,
RPSNMLSLJHLGFJB98CC,1,61.69,集合住宅,鋼筋混凝土造,114年4月14日,十五層,,
RPRNMLSLJHLGFJB88CC,32,159.48,住宅、梯間,鋼筋混凝土造,82年12月24日,三層,,
RPSNMLSLJHLGFJB98CC,1,58.34,本共有部分之項目有防空避難室兼停車空間、蓄水池、雨水機房、排煙室、安全梯、污水機房、消防機房、景觀機房、停車空間、機房、電表區、電信機房、發電機房、台電配電場所、管委會空間、公共服務空間、發電機進排氣管道間、梯廳、戶外安全梯、樓梯間、昇降機機房、水箱,鋼筋混凝土造,114年4月14日,十五層,,
RPPNMLSLJHLGFKB78CC,6,53.65,集合住宅,鋼筋混凝土造,108年11月28日,五層,,
RPPNMLSLJHLGFKB78CC,6,20.49,停車空間、梯間、升降機間、梯廳,鋼筋混凝土造,108年11月28日,五層,,
RPPNMLSLJHLGFCB08DC,38,18.00,店房、住房、人行道、避難室,鋼筋混凝土造,76年10月14日,三層,,
RPPNMLTLJHLGFAB87CC,46,98.58,住家用,加強磚造,69年7月25日,二層,,
RPQNMLSLJHLGFFB48DC,19,140.68,住家用,鋼筋混凝土造,95年8月9日,四層,,
RPRNMLTLJHLGFAB08CC,47,18.51,住家用,鋼筋混凝土造,68年7月14日,十層,,
RPQNMLSLJHLGFCB18DC,38,13.00,店房、住房、人行道、避難室,鋼筋混凝土造,76年10月14日,三層,,
RPTNMLTLJHLGFAB28CC,33,73.11,住家用,鋼筋混凝土造,81年12月17日,七層,,
RPQNMLTLJHLGFAB97CC,2,87.07,集合住宅,鋼筋混凝土造,112年10月2日,十五層,,
RPSNMLTLJHLGFAB18CC,35,281.60,住商用,鋼筋混凝土造,79年11月9日,四層,,
RPROMLTLJHLGFAB18CC,28,23.14,店舖，人行道，住宅，梯間,鋼筋混凝土造,86年9月26日,五層,,
RPQNMLTLJHLGFAB97CC,2,11.01,本共有部分係依使用執照之建築概要表記載項目有：門廳，梯廳，公共服務空間，資源環保室，車道，排煙室，緊急昇降機，昇降機，戶外安全梯，水錶室，水箱，機械室等１２項,鋼筋混凝土造,112年10月2日,十五層,,
RPQNMLTLJHLGFAB97CC,2,16.23,本共有部分係依使用執照之建築概要表記載項目有：梯廳，排煙室，緊急昇降機，昇降機，戶外安全梯，管委會使用空間等６項,鋼筋混凝土造,112年10月2日,十五層,,
RPUNMLTLJHLGFAB38CC,6,91.65,集合住宅,鋼筋混凝土造,109年5月3日,十五層,,
RPQNMLTLJHLGFAB97CC,2,44.35,本共有部分係依使用執照之建築概要表記載項目有：停車空間，消防機房，污水機房，水箱，排煙室，緊急昇降機，昇降機，無障礙安全梯，防空避難室兼停車空間，台電配電室，緊急發電機房，電信室，景觀機房等１３項,鋼筋混凝土造,112年10月2日,十五層,,
RPUNMLTLJHLGFAB38CC,6,77.70,本共有部份係依使用執照之建築概要表記載項目有：停車空間、車道、水箱、消防機房、雨水機房、緊急發電機室、昇降機間、安全梯、排煙室、機房、防空避難室兼停車空間、景觀機房、電信室、台電配電場所、管委會空間、門廊、梯廳兼排煙室、公共服務空間、梯廳、水錶區、昇降機機械室等２１項。,鋼筋混凝土造,109年5月3日,十五層,,
RPTNMLTLJHLGFAB28CC,33,11.22,共有部份,鋼筋混凝土造,81年12月17日,七層,,
RPPNMLSLJHLGFFB38DC,33,144.32,住商用,鋼筋混凝土造,82年4月2日,四層,,
RPVOMLTLJHLGFAB58CC,38,37.60,住商用,鋼筋混凝土造,76年9月23日,二層,,
RPPOMLTLJHLGFAB97CC,47,50.84,住家用,鋼筋混凝土造,68年1月16日,五層,,
RPQNMLTLJHLGFBB08CC,5,84.02,集合住宅,鋼筋混凝土造,109年8月20日,十五層,,
RPQNMLTLJHLGFBB08CC,5,65.21,本共有部分係依使用執照之建築概要表記載項目有：防空避難室兼停車空間，樓梯間，昇降機間，水箱，消防機房，排煙室，雨水機房，停車空間，梯廳，電信室，台電配電室，電錶室，車道，機械室，門廳，頂蓋型開放空間，走廊，水錶箱室，公共服務空間，資源回收中心，電梯機房，發電機房等２２項,鋼筋混凝土造,109年8月20日,十五層,,
RPPNMLTLJHLGFBB97CC,43,77.01,住家用,鋼筋混凝土造,71年12月29日,五層,,
RPTOMLTLJHLGFAB38CC,29,191.90,住家用,鋼筋混凝土造,86年3月31日,四層,,
RPRNMLTLJHLGFBB18CC,33,61.09,住家用,鋼筋混凝土造,81年10月20日,十六層,,
RPRNMLTLJHLGFBB18CC,33,28.73,共有部分,鋼筋混凝土造,81年10月20日,十六層,,
RPQOMLTLJHLGFAB08CC,29,125.57,住家用,鋼筋混凝土造,85年11月1日,十五層,,
RPQOMLTLJHLGFAB08CC,29,21.89,共有部份,鋼筋混凝土造,85年11月1日,十五層,,
RPQOMLTLJHLGFAB08CC,29,.93,共有部份,鋼筋混凝土造,85年11月1日,十五層,,
RPQOMLTLJHLGFAB08CC,29,2.78,共有部份,鋼筋混凝土造,85年11月1日,十五層,,
RPSOMLTLJHLGFAB28CC,35,422.61,商業用,鋼筋混凝土造,80年5月27日,二十七層,,
RPQOMLTLJHLGFAB08CC,29,.89,共同使用,鋼筋混凝土造,85年11月1日,十五層,,
RPSOMLTLJHLGFAB28CC,35,181.19,門廳，梯間，水箱，機房，瞭望台，排煙室，電梯間，避難室,鋼筋混凝土造,80年5月27日,二十七層,,
RPQOMLTLJHLGFAB08CC,29,17.59,共有部份,鋼筋混凝土造,85年11月1日,十五層,,
RPSNMLTLJHLGFBB28CC,5,63.99,集合住宅,鋼筋混凝土造,110年4月16日,十三層,,
RPSNMLTLJHLGFBB28CC,5,59.76,本共有部份係依使用執照之建築概要表記載項目有：防空避難室兼停車空間、水箱、排煙室、樓梯間、昇降機間、消防機房、污水機房、車道、緊急發電機室、停車空間、台電配電室、電信機房、機車停車區、梯廳、門廳、管委會空間、垃圾集中室、梯間、電梯機房、水錶室、無障礙廁所等２１項。,鋼筋混凝土造,110年4月16日,十三層,,
RPUNMLTLJHLGFBB48CC,17,12.07,店舖，住宅，樓梯間,鋼筋混凝土造,98年4月20日,三層,,
RPPOMLTLJHLGFBB08CC,10,85.48,集合住宅,鋼筋混凝土造,105年3月4日,十二層,,
RPPOMLTLJHLGFBB08CC,10,41.18,本共有部分係依使用執照之建築概要表記載項目有：停車空間，安全梯，梯廳，昇降機間，消防機房兼污水機房，防空避難室兼停車空間，台電配電室，門廊，發電機室，電信室，水箱，分戶電錶室，機車停車空間，管委會使用空間（管理室，會客室，廁所，資源回收室），公共服務空間（交誼廳，健身室，社區教室），機械室等１６項,鋼筋混凝土造,105年3月4日,十二層,,
RPSOMLTLJHLGFBB38CC,34,149.84,住家用,鋼筋混凝土造,81年6月27日,十四層,,
RPTNMLTLJHLGFBB38CC,34,21.42,住家用,鋼筋混凝土造,81年6月17日,七層,,
RPSOMLTLJHLGFBB38CC,34,13.40,共有部分,鋼筋混凝土造,81年6月27日,十四層,,
RPTNMLTLJHLGFBB38CC,34,6.82,共有部分,鋼筋混凝土造,81年6月17日,七層,,
RPQOMLTLJHLGFBB18CC,34,22.80,住家用,鋼筋混凝土造,80年11月14日,七層,,
RPQOMLTLJHLGFBB18CC,34,9.06,共有部分,鋼筋混凝土造,80年11月14日,七層,,
RPVNMLTLJHLGFBB58CC,26,57.93,住家用,鋼筋混凝土造,88年11月18日,九層,,
RPVNMLTLJHLGFBB58CC,26,21.99,共有部分,鋼筋混凝土造,88年11月18日,九層,,
RPOOMLTLJHLGFBB97CC,8,91.21,集合住宅,鋼筋混凝土造,107年4月27日,十二層,,
RPTOMLTLJHLGFBB48CC,20,48.56,住家用,鋼筋混凝土造,94年12月8日,十八層,,
RPOOMLTLJHLGFBB97CC,8,27.65,本共有部分係依使用執照之建築概要表記載項目有：公共服務空間、垃圾處理室、門廳、梯廳、戶外安全梯、排煙室、車道、一般昇降機間、緊急昇降機間、樓梯間、水箱、安全梯、機械室等１３項。,鋼筋混凝土造,107年4月27日,十二層,,
RPTOMLTLJHLGFBB48CC,20,19.53,共有部分,鋼筋混凝土造,94年12月8日,十八層,,
RPOOMLTLJHLGFBB97CC,8,57.98,本共有部分係依使用執照之建築概要表記載項目有：停車空間、消防機械室、汙水機房、水箱、排煙室、安全梯、一般昇降機間、緊急昇降機間、緊急發電機室、電信室、停車空間兼防空避難室、台電配電室、電錶室等１３項。,鋼筋混凝土造,107年4月27日,十二層,,
RPWOMLTLJHLGFBB78CC,20,47.37,住家用,鋼筋混凝土造,94年12月8日,十八層,,
RPVOMLTLJHLGFBB68CC,33,82.60,商業用,鋼筋混凝土造,81年11月10日,十九層,,
RPWOMLTLJHLGFBB78CC,20,19.00,共有部分,鋼筋混凝土造,94年12月8日,十八層,,
RPPNMLTLJHLGFCB08CC,32,96.97,住家用,鋼筋混凝土造,82年10月20日,八層,,
RPPNMLTLJHLGFCB08CC,32,11.24,共有部份,鋼筋混凝土造,82年10月20日,八層,,
RPUOMLTLJHLGFBB58CC,4,65.95,集合住宅,鋼筋混凝土造,111年5月18日,十三層,,
RPROMLTLJHLGFBB28CC,34,58.07,住家用,鋼筋混凝土造,81年6月27日,十四層,,
RPUOMLTLJHLGFBB58CC,4,49.81,本共有部份係依使用執照之建築概要表記載項目有：防空避難室兼停車空間，樓梯間，昇降機間，梯廳，消防機房，污雨水機房，水箱，停車空間，電信機房，機房，緊急發電機室，台電配電室，管委會使用空間，車道，電梯機房等１５項。,鋼筋混凝土造,111年5月18日,十三層,,
RPROMLTLJHLGFBB28CC,34,7.82,共有部分,鋼筋混凝土造,81年6月27日,十四層,,
RPXOMLTLJHLGFBB88CC,11,99.25,住家用,鋼筋混凝土造,103年10月6日,十四層,,
RPXOMLTLJHLGFBB88CC,11,81.56,本共有部份係依使用執照之建築概要表記載項目有：防空避難室兼停車空間、停車空間、排煙室、污水機房、水箱、電信室、台電配電室、發電機室、進排風機械室、管委會使用空間、管理員室、垃圾處理室、外廊、梯廳、水錶區、機械室、樓梯間、消防機房、機車停車空間、門廳、交誼廳、廣場式有頂蓋開放空間，沿街步道式開放空間、電梯間等２４項。,鋼筋混凝土造,103年10月6日,十四層,,
RPXOMLTLJHLGFBB88CC,11,.48,辦公室,鋼筋混凝土造,103年10月6日,十四層,,
RPRNMLTLJHLGFCB28CC,2,55.91,店舖,鋼筋混凝土造,113年3月4日,二十四層,,
RPRNMLTLJHLGFCB28CC,2,35.60,本共有部份係依使用執照之建築概要表記載項目有：防空避難室兼停車空間、排煙室、昇降機道、安全梯、污水及雨水機械室、水箱、消防機械室、停車空間、昇降機間、消防中繼機械室、台電配電室、電信室、發電機械室、機械室、梯廳、車道、防災中心、特別安全梯、管委會使用空間、公共服務空間、垃圾資源回收室、走廊、梯間、水錶室等二十四項。,鋼筋混凝土造,113年3月4日,二十四層,,
RPUNMLTLJHLGFCB58CC,28,246.57,辦公室,鋼筋混凝土造,86年11月21日,二十一層,,
RPUNMLTLJHLGFCB58CC,28,117.90,共有部份,鋼筋混凝土造,86年11月21日,二十一層,,
RPQNMLTLJHLGFCB18CC,32,82.62,住家用,鋼筋混凝土造,83年4月25日,十三層,,
RPQNMLTLJHLGFCB18CC,32,24.84,共有部份,鋼筋混凝土造,83年4月25日,十三層,,
RPVNMLTLJHLGFCB68CC,,449.25,店舖,鋼骨造,114年8月18日,一層,,
RPWNMLTLJHLGFCB78CC,30,89.39,集合住宅,鋼筋混凝土造,85年6月15日,十二層,,
RPWNMLTLJHLGFCB78CC,30,49.80,共有部份,鋼筋混凝土造,85年6月15日,十二層,,
RPVNMLTLJHLGFCB68CC,,449.25,店舖,鋼骨造,114年8月18日,一層,,
RPPOMLTLJHLGFCB18CC,29,16.00,住家用,鋼筋混凝土造,85年11月23日,七層,,
RPSNMLTLJHLGFCB38CC,2,54.78,店舖,鋼筋混凝土造,113年3月4日,二十四層,,
RPSNMLTLJHLGFCB38CC,2,35.59,本共有部份係依使用執照之建築概要表記載項目有：防空避難室兼停車空間、排煙室、昇降機道、安全梯、污水及雨水機械室、水箱、消防機械室、停車空間、昇降機間、消防中繼機械室、台電配電室、電信室、發電機械室、機械室、梯廳、車道、防災中心、特別安全梯、管委會使用空間、公共服務空間、垃圾資源回收室、走廊、梯間、水錶室等二十四項。,鋼筋混凝土造,113年3月4日,二十四層,,
RPROMLTLJHLGFCB38CC,31,13.00,住商用,鋼筋混凝土造,83年8月23日,六層,,
RPOOMLTLJHLGFCB08CC,10,37.63,集合住宅,鋼筋混凝土造,105年7月12日,七層,,
RPOOMLTLJHLGFCB08CC,10,33.83,本共有部分係依使用執照之建築概要表記載項目有：停車空間兼防空避難室、台電配電室、消防機械室兼汙水機房、緊急發電機室、電信室、昇降機間、汽車昇降機、梯廳、室內安全梯、管委會使用空間、一般昇降機、梯間、水錶室、機械室、水箱Ａ、水箱Ｂ等十六項。,鋼筋混凝土造,105年7月12日,七層,,
RPOPMLTLJHLGFCB18CC,45,80.38,住家用,鋼筋混凝土造,70年4月1日,五層,,
RPTPMLTLJHLGFCB68CC,46,12.30,住商用,鋼筋混凝土造,68年10月8日,三層,,
RPUOMLTLJHLGFCB68CC,30,87.43,住家用,鋼筋混凝土造,84年11月11日,八層,,
RPUOMLTLJHLGFCB68CC,30,40.29,共有部份,鋼筋混凝土造,84年11月11日,八層,,
RPQPMLTLJHLGFCB38CC,31,33.47,住家用,鋼筋混凝土造,84年4月24日,七層,,
RPQPMLTLJHLGFCB38CC,31,18.81,共有部份,鋼筋混凝土造,84年4月24日,七層,,
RPQOMLTLJHLGFCB28CC,31,13.00,住商用,鋼筋混凝土造,83年8月23日,六層,,
RPSPMLTLJHLGFCB58CC,46,9.90,住商用,鋼筋混凝土造,68年10月8日,三層,,
RPRPMLTLJHLGFCB48CC,16,48.69,住家用,鋼筋混凝土造,98年8月13日,二十六層,,
RPWOMLTLJHLGFCB88CC,16,39.61,住家用,鋼筋混凝土造,98年8月13日,二十六層,,
RPRPMLTLJHLGFCB48CC,16,3.97,共有,鋼筋混凝土造,98年8月13日,二十六層,,
RPVOMLTLJHLGFCB78CC,32,65.74,住商用,鋼筋混凝土造,83年4月6日,十六層,,
RPWOMLTLJHLGFCB88CC,16,3.28,共有,鋼筋混凝土造,98年8月13日,二十六層,,
RPRPMLTLJHLGFCB48CC,16,19.16,共有,鋼筋混凝土造,98年8月13日,二十六層,,
RPWOMLTLJHLGFCB88CC,16,15.71,共有,鋼筋混凝土造,98年8月13日,二十六層,,
RPXOMLTLJHLGFCB98CC,4,64.99,集合住宅,鋼筋混凝土造,111年6月2日,十五層,,
RPXOMLTLJHLGFCB98CC,4,12.21,本共有部份係依使用執照之建築概要表記載項目有：防空避難室兼停車空間、車道、安全梯、消防泵浦室、雨水機房、機房、污水機房、停車空間、水景機房、台電配電室、緊急發電機室、垃圾暫存室、電信室、電錶區、機車停車區、公共服務空間、宅配室、廁所、管委會使用空間、共同門廳、管委會辦公室等二十一項。,鋼筋混凝土造,111年6月2日,十五層,,
RPXOMLTLJHLGFCB98CC,4,18.56,本共有部分係依使用執照之建築概要表記載項目有：排煙室兼梯廳、一般昇降機、緊急昇降機、信箱區、水箱、戶外安全梯、梯廳、梯間、電梯機房等九項。,鋼筋混凝土造,111年6月2日,十五層,,
RPPNMLTLJHLGFDB18CC,44,65.10,住商用,鋼筋混凝土造,70年8月28日,三層,,
RPRNMLTLJHLGFFB58CC,5,56.82,集合住宅,鋼筋混凝土造,109年8月5日,十二層,,
RPRNMLTLJHLGFFB58CC,5,47.65,防空避難室兼停車空間，車道，消防機械室，安全梯，污雨水機械室，梯廳（排煙室），水箱，機械室，緊急昇降機道，一般昇降機道，機電設備，停車空間，台電配電室，電信室，緊急發電機室，梯廳，戶外安全梯，走廊，入口雨遮，管委會使用空間，公共服務空間，資源回收室，梯間，水錶室,鋼筋混凝土造,109年8月5日,十二層,,
RPSNMLTLJHLGFFB68CC,2,57.78,集合住宅,鋼筋混凝土造,112年11月4日,十五層,,
RPSNMLTLJHLGFFB68CC,2,53.71,防空避難室兼停車空間、排煙室、樓梯間、昇降機間、污水機房兼雨水回收設備機房、消防機房、水箱、車道、停車空間、電信室、緊急發電機室、台電配電室、機車停車區、機房、沿街步道式開放空間（等寬有頂蓋型）、梯廳、門廳、垃圾集中室、管委會使用空間、公設（游泳池）、梯間、安全梯、水錶箱室、電梯機房等２４項,鋼筋混凝土造,112年11月4日,十五層,,
RPQNMLTLJHLGFFB48CC,19,22.05,住家用,鋼筋混凝土造,96年1月9日,五層,,
RPPNMLTLJHLGFFB38CC,28,65.54,住家用,鋼筋混凝土造,87年6月26日,十一層,,
RPQNMLTLJHLGFFB48CC,19,.88,梯間、水箱,鋼筋混凝土造,96年1月9日,五層,,
RPPNMLTLJHLGFFB38CC,28,18.35,集合住宅、停車空間、梯間、避難室、水箱、機械房,鋼筋混凝土造,87年6月26日,十一層,,
RPTNMLTLJHLGFFB78CC,1,93.60,集合住宅,鋼筋混凝土造,113年12月16日,二十四層,,
RPQNMLTLJHLGFFB48CC,19,5.81,住家用,鋼筋混凝土造,96年1月9日,五層,,
RPTNMLTLJHLGFFB78CC,1,70.95,防空避難室兼停車空間、排煙室、水箱、一般昇降機、消防機械室、汙雨水機械室、安全梯、緊急昇降機、車道、停車空間、台電配電室、機械室、發電機室、泳池機械室、電表區、消防中繼水箱、消防中繼機房、電信室、梯廳、門廳、垃圾暫存空間、管委會使用空間、機車停車區、特別安全梯、防災中心、走廊、水錶室、電梯機房等２８項。,鋼筋混凝土造,113年12月16日,二十四層,,
RPPNMLTLJHLGFHB58CC,19,194.02,住家用,鋼筋混凝土造,96年5月2日,四層,,
RPVNMLTLJHLGFFB98CC,1,69.66,集合住宅,鋼筋混凝土造,113年12月16日,二十四層,,
RPVNMLTLJHLGFFB98CC,1,59.72,防空避難室兼停車空間、排煙室、水箱、一般昇降機、消防機械室、汙雨水機械室、安全梯、緊急昇降機、車道、停車空間、台電配電室、機械室、發電機室、泳池機械室、電表區、消防中繼水箱、消防中繼機房、電信室、梯廳、門廳、垃圾暫存空間、管委會使用空間、機車停車區、特別安全梯、防災中心、走廊、水錶室、電梯機房等２８項。,鋼筋混凝土造,113年12月16日,二十四層,,
RPUNMLTLJHLGFFB88CC,1,94.65,集合住宅,鋼筋混凝土造,113年12月16日,二十四層,,
RPUNMLTLJHLGFFB88CC,1,72.17,防空避難室兼停車空間、排煙室、水箱、一般昇降機、消防機械室、汙雨水機械室、安全梯、緊急昇降機、車道、停車空間、台電配電室、機械室、發電機室、泳池機械室、電表區、消防中繼水箱、消防中繼機房、電信室、梯廳、門廳、垃圾暫存空間、管委會使用空間、機車停車區、特別安全梯、防災中心、走廊、水錶室、電梯機房等２８項。,鋼筋混凝土造,113年12月16日,二十四層,,
RPWNMLTLJHLGFFB09CC,1,91.20,集合住宅,鋼筋混凝土造,113年12月16日,二十四層,,
RPWNMLTLJHLGFFB09CC,1,69.73,防空避難室兼停車空間、排煙室、水箱、一般昇降機、消防機械室、汙雨水機械室、安全梯、緊急昇降機、車道、停車空間、台電配電室、機械室、發電機室、泳池機械室、電表區、消防中繼水箱、消防中繼機房、電信室、梯廳、門廳、垃圾暫存空間、管委會使用空間、機車停車區、特別安全梯、防災中心、走廊、水錶室、電梯機房等２８項。,鋼筋混凝土造,113年12月16日,二十四層,,
RPQNMLTLJHLGFIB78CC,7,60.11,集合住宅,鋼筋混凝土造,108年3月5日,十一層,,
RPQNMLTLJHLGFIB78CC,7,67.63,本共有部分之項目有防空避難室兼停車空間．車道．水箱．消防機械室．雨汙水機房．梯廳．排煙室．安全梯．一般昇降機間．無障礙緊急昇降機間．停車空間．發電機室．機械室．電信室．台電配電室．電錶箱區．管委會使用空間．垃圾暫存室．外廊．戶外安全梯．無障礙廁所．陽台．走廊．機電設備空間．水錶室．昇降機道．梯間等２７項,鋼筋混凝土造,108年3月5日,十一層,,
RPXNMLTLJHLGFFB56CC,19,22.05,住家用,鋼筋混凝土造,96年1月9日,五層,,
RPXNMLTLJHLGFFB56CC,19,.88,梯間、水箱,鋼筋混凝土造,96年1月9日,五層,,
RPPNMLTLJHLGFIB68CC,22,45.27,集合住宅、機電設備空間,鋼筋混凝土造,92年11月24日,十二層,,
RPXNMLTLJHLGFFB56CC,19,5.81,住家用,鋼筋混凝土造,96年1月9日,五層,,
RPPNMLTLJHLGFIB68CC,22,15.30,梯間、電梯機房、水箱、防空避難室兼停車空間、機車停車空間、停車空間、台電配電室、蓄水池、發電機室,鋼筋混凝土造,92年11月24日,十二層,,
RPTNMLTLJHLGFIB09CC,34,46.97,集合住宅,鋼筋混凝土造,81年4月30日,六層,,
RPVPMLTLJHLGFCB88CC,16,37.80,共有,鋼筋混凝土造,98年8月13日,二十六層,,
RPTNMLTLJHLGFIB09CC,34,17.41,梯間、水塔、防空避難室、機房,鋼筋混凝土造,81年4月30日,九層,,
RPXPMLTLJHLGFCB09CC,4,23.14,店鋪、住宅、機械室、樓梯間、水塔室,鋼筋混凝土造,111年5月25日,五層,,
RPSNMLTLJHLGFIB98CC,32,110.78,集合住宅,鋼筋混凝土造,83年7月8日,十六層,,
RPSNMLTLJHLGFIB98CC,32,42.75,共有部份,鋼筋混凝土造,83年7月8日,十六層,,
RPXNMLTLJHLGFIB86CC,22,99.01,集合住宅,鋼筋混凝土造,93年3月1日,十三層,,
RPVNMLTLJHLGFIB66CC,38,103.32,梯間、住宅,鋼筋混凝土造,76年9月7日,二層,,
RPXNMLTLJHLGFIB86CC,22,46.35,共有部分,鋼筋混凝土造,93年3月1日,十三層,,
RPOQMLTLJHLGFCB28CC,28,78.85,市場,鋼筋混凝土造,87年6月3日,十四層,,
RPOQMLTLJHLGFCB28CC,28,24.40,共有部分,鋼筋混凝土造,87年6月3日,十四層,,
RPPQMLTLJHLGFCB38CC,31,94.32,住家用,鋼筋混凝土造,84年1月7日,二十四層,,
RPPQMLTLJHLGFCB38CC,31,16.00,共用部份,鋼筋混凝土造,84年1月7日,二十四層,,
RPPQMLTLJHLGFCB38CC,31,11.31,共用部份,鋼筋混凝土造,84年1月7日,二十四層,,
RPRNMLTLJHLGFJB98CC,32,89.98,集合住宅,鋼筋混凝土造,83年3月24日,十一層,,
RPRNMLTLJHLGFJB98CC,32,12.28,共用部份,鋼筋混凝土造,83年3月24日,十一層,,
RPPNMLTLJHLGFJB78CC,27,62.13,集合住宅,鋼筋混凝土造,88年6月11日,九層,,
RPPNMLTLJHLGFJB78CC,27,23.51,水塔、人行道、防空避難室、機械室、梯間,鋼筋混凝土造,88年6月11日,九層,,
RPQNMLTLJHLGFKB98CC,33,10.00,住家用,鋼筋混凝土造,82年3月17日,五層,,
RPPNMLTLJHLGFJB78CC,27,15.01,停車空間,鋼筋混凝土造,88年6月11日,九層,,
RPQNMLKMJHLGFAB17CC,43,56.09,住家用,鋼筋混凝土造,71年9月3日,五層,,
RPRNMLTLJHLGFKB09CC,31,56.41,住家用,鋼筋混凝土造,83年9月20日,五層,,
RPQNMLKMJHLGFAB17CC,43,7.28,共有部份,鋼筋混凝土造,71年9月3日,五層,,
RPRNMLTLJHLGFKB09CC,31,28.24,梯間、走道,鋼筋混凝土造,83年9月20日,五層,,
RPPNMLKMJHLGFAB07CC,33,24.07,住家用,鋼筋混凝土造,82年6月22日,五層,,
RPPNMLKMJHLGFAB07CC,33,9.51,避難室、梯間走道、機械室、水箱,鋼筋混凝土造,82年6月22日,五層,,
RPRNMLKMJHLGFAB27CC,31,31.25,集合住宅,鋼筋混凝土造,84年1月27日,十三層,,
RPRNMLKMJHLGFAB27CC,31,8.95,梯間．受電室．機械室．防空避難室．水塔,鋼筋混凝土造,84年1月27日,十三層,,
RPTNMLKMJHLGFAB47CC,54,91.14,住家用,見其他登記事項,60年11月24日,二層,,
RPSNMLKMJHLGFAB37CC,,242.65,商業用,見其他登記事項,,三十二層,,
RPSNMLKMJHLGFAB37CC,35,86.98,人行道，樓梯間，停車空間，防空避難室，受電室，機械室，水塔，儲藏室，電梯,見其他登記事項,79年9月26日,三十二層,,
RPPNMLTLJHLGFKB88CC,33,161.56,住家用,鋼筋混凝土造,81年11月20日,三層,,
RPOPMLKMJHLGFAB17CC,38,96.66,住家用,鋼筋混凝土造,77年6月16日,五層,,
RPUOMLKMJHLGFAB67CC,55,90.72,住家用,見其他登記事項,59年10月20日,二層,,
RPOPMLKMJHLGFAB17CC,38,12.78,共有部份,鋼筋混凝土造,77年6月16日,五層,,
RPOOMLKMJHLGFAB07CC,39,90.81,住家用,鋼筋混凝土造,76年2月23日,五層,,
RPOOMLKMJHLGFAB07CC,39,4.40,受電室，梯間,鋼筋混凝土造,76年2月23日,五層,,
RPXPMLKMJHLGFAB08CC,21,29.26,人行道，補習班，住房，機械室，停車空間，樓梯間，電梯間,鋼筋混凝土造,93年9月10日,五層,,
RPXNMLKMJHLGFAB87CC,36,18.29,住家用,鋼筋混凝土造,79年2月23日,五層,,
RPWPMLKMJHLGFAB97CC,21,29.26,人行道，補習班，住房，機械室，停車空間，樓梯間，電梯間,鋼筋混凝土造,93年9月10日,五層,,
RPVNMLKMJHLGFAB67CC,8,73.64,集合住宅,鋼筋混凝土造,107年2月23日,十二層,,
RPOQMLKMJHLGFAB27CC,21,29.26,人行道，補習班，住房，機械室，停車空間，樓梯間，電梯間,鋼筋混凝土造,93年9月10日,五層,,
RPWNMLKMJHLGFAB77CC,2,96.10,集合住宅,鋼筋混凝土造,112年10月2日,十五層,,
RPVNMLKMJHLGFAB67CC,8,62.62,本共有部份係依使用執照之建築概要表記載項目有：停車空間兼防空避難室、安全梯、消防機械室、污水機械室、雨水機房、水箱、戶外安全梯間、緊急昇降機、一般昇降機、機電設備、停車空間、台電配電室、電信室、公共服務空間、發電機室、管委會使用空間、梯間、排煙室、安全梯間、垃圾暫存區、車道、梯廳、走廊、戶外安全梯、機械室、水錶室、機車停車區、造型頂蓋等２８項。,鋼筋混凝土造,107年2月23日,十二層,,
RPWNMLKMJHLGFAB77CC,2,12.14,本共有部分係依使用執照之建築概要表記載項目有：門廳，梯廳，公共服務空間，資源環保室，車道，排煙室，緊急昇降機，昇降機，戶外安全梯，水錶室，水箱，機械室等１２項,鋼筋混凝土造,112年10月2日,十五層,,
RPXOMLKMJHLGFAB97CC,30,107.38,集合住宅,鋼筋混凝土造,85年1月31日,二十一層,,
RPXOMLKMJHLGFAB97CC,30,44.35,水箱，台電受電室，機械室，樓梯間，防空避難室，停車空間，人行道,鋼筋混凝土造,85年1月31日,二十一層,,
RPWNMLKMJHLGFAB77CC,2,17.94,本共有部分係依使用執照之建築概要表記載項目有：梯廳，排煙室，緊急昇降機，昇降機，戶外安全梯，管委會使用空間等６項,鋼筋混凝土造,112年10月2日,十五層,,
RPWNMLKMJHLGFAB77CC,2,46.17,本共有部分係依使用執照之建築概要表記載項目有：停車空間，消防機房，污水機房，水箱，排煙室，緊急昇降機，昇降機，無障礙安全梯，防空避難室兼停車空間，台電配電室，緊急發電機房，電信室，景觀機房等１３項,鋼筋混凝土造,112年10月2日,十五層,,
RPUPMLKMJHLGFAB77CC,21,39.01,人行道，補習班，住房，機械室，停車空間，樓梯間，電梯間,鋼筋混凝土造,93年9月10日,五層,,
RPQPMLKMJHLGFAB37CC,29,25.30,住家用,鋼骨造,86年1月31日,二十八層,,
RPQPMLKMJHLGFAB37CC,29,.92,共同使用,鋼骨造,86年1月31日,二十八層,,
RPRPMLKMJHLGFAB47CC,36,23.49,住家用,鋼筋混凝土造,79年6月25日,十二層,,
RPQPMLKMJHLGFAB37CC,29,7.75,公共設施,鋼骨造,86年1月31日,二十八層,,
RPRPMLKMJHLGFAB47CC,36,10.34,人行道．梯間．走道．停車空間．水箱．機械室．避難室,鋼筋混凝土造,79年6月25日,十二層,,
RPQPMLKMJHLGFAB37CC,29,3.48,共有部分,鋼骨造,86年1月31日,二十八層,,
RPSOMLKMJHLGFAB47CC,31,18.07,住家用,鋼筋混凝土造,83年12月7日,十五層,,
RPSOMLKMJHLGFAB47CC,31,18.04,共有部份,鋼筋混凝土造,83年12月7日,十五層,,
RPSOMLKMJHLGFAB47CC,31,6.39,共有部份,鋼筋混凝土造,83年12月7日,十五層,,
RPVPMLKMJHLGFAB87CC,21,29.26,人行道，補習班，住房，機械室，停車空間，樓梯間，電梯間,鋼筋混凝土造,93年9月10日,五層,,
RPTPMLKMJHLGFAB67CC,21,39.01,人行道，補習班，住房，機械室，停車空間，樓梯間，電梯間,鋼筋混凝土造,93年9月10日,五層,,
RPSPMLKMJHLGFAB57CC,21,118.95,人行道，補習班，住房，機械室，停車空間，樓梯間，電梯間,鋼筋混凝土造,93年9月10日,五層,,
RPPOMLKMJHLGFAB17CC,44,59.83,住家用,鋼筋混凝土造,70年12月31日,五層,,
RPROMLKMJHLGFAB37CC,18,150.23,人行道，店舖，住宅，樓梯間,鋼筋混凝土造,97年3月20日,二層,,
RPPPMLKMJHLGFAB27CC,31,23.63,住家用,鋼筋混凝土造,84年1月13日,十九層,,
RPPPMLKMJHLGFAB27CC,31,3.95,共有部分,鋼筋混凝土造,84年1月13日,十九層,,
RPPPMLKMJHLGFAB27CC,31,10.27,梯間．水箱．機械室,鋼筋混凝土造,84年1月13日,十九層,,
RPPQMLKMJHLGFAB37CC,21,29.26,人行道，補習班，住房，機械室，停車空間，樓梯間，電梯間,鋼筋混凝土造,93年9月10日,五層,,
RPQQMLKMJHLGFAB47CC,21,29.26,人行道，補習班，住房，機械室，停車空間，樓梯間，電梯間,鋼筋混凝土造,93年9月10日,五層,,
RPTQMLKMJHLGFAB77CC,21,29.26,人行道，補習班，住房，機械室，停車空間，樓梯間，電梯間,鋼筋混凝土造,93年9月10日,五層,,
RPPNMLKMJHLGFBB17CC,44,53.66,集合住宅,ＲＣ造,70年12月31日,五層,,
RPSQMLKMJHLGFAB67CC,21,29.26,人行道，補習班，住房，機械室，停車空間，樓梯間，電梯間,鋼筋混凝土造,93年9月10日,五層,,
RPVOMLKMJHLGFBB87CC,2,80.67,集合住宅,鋼筋混凝土造,112年8月28日,二十三層,,
RPVOMLKMJHLGFBB87CC,2,68.08,本共有部份係依使用執照之建築概要表記載項目有：停車空間，水箱，一般昇降機，梯廳，消防機房，污水機房，雨水機房，防空避難室兼停車空間，電信機房，中繼機房，台電配電室，發電機室，防災中心，管理委員會使用空間，門廳，排煙室，緊急昇降機，資源回收室，特別安全梯，中繼水箱，水錶室，機械室等２２項。,鋼筋混凝土造,112年8月28日,二十三層,,
RPTNMLKMJHLGFBB57CC,9,65.32,集合住宅,鋼筋混凝土造,106年4月20日,二十八層,,
RPTNMLKMJHLGFBB57CC,9,22.92,本共有部分係依使用執照之建築概要表記載項目有：管委會使用空間、梯廳、排煙室、特別安全梯、電機室、梯間、機房、中繼機房、水箱、電梯機房等１０項,鋼筋混凝土造,106年4月20日,二十八層,,
RPTNMLKMJHLGFBB57CC,9,50.07,本共有部分係依使用執照之建築概要表記載項目有：停車空間、水箱室、消防機械室、排煙室、梯廳、地下室排氣機房、安全梯、機電設備空間、電信室、防空避難室兼停車空間、台電配電室、中繼機房、發電機室、防災中心、梯間等１５項,鋼筋混凝土造,106年4月20日,二十八層,,
RPWOMLKMJHLGFBB97CC,33,107.47,住家用,鋼筋混凝土造,82年2月12日,十四層,,
RPROMLKMJHLGFBB47CC,31,20.52,住家用,鋼筋混凝土造,84年5月26日,十六層,,
RPWOMLKMJHLGFBB97CC,33,21.22,共有部分,鋼筋混凝土造,82年2月12日,十四層,,
RPROMLKMJHLGFBB47CC,31,6.22,共有部分,鋼筋混凝土造,84年5月26日,十六層,,
RPROMLKMJHLGFBB47CC,31,8.01,共有部分,鋼筋混凝土造,84年5月26日,十六層,,
RPPOMLKMJHLGFBB27CC,10,83.58,集合住宅,鋼筋混凝土造,104年12月28日,十四層,,
RPPOMLKMJHLGFBB27CC,10,47.00,本共有部份係依使用執照之建築概要表記載項目有停車空間，一般安全梯，緊急昇降機，消防機房，機械室，太陽能設備室，防空避難室兼停車空間，台電配電室，緊急發電機室，電信機房，頂蓋型開放空間，門廳，公共服務空間，車道，景觀機房，管委會使用空間，梯廳，排煙室，水箱，泳池設備機房，電錶室，坡道，雨水回收機房，資源回收室，公共管道間：等２５項。,鋼筋混凝土造,104年12月28日,十四層,,
RPRNMLKMJHLGFBB37CC,4,55.87,集合住宅,鋼筋混凝土造,110年10月20日,二十二層,,
RPRNMLKMJHLGFBB37CC,4,5.19,本共有部份係依使用執照之建築概要表記載項目有：防空避難室兼停車空間，消防機械室，揚水泵機房，雨污水機房，安全梯，機械室，停車空間，水箱，消防中繼機房，電信室，發電機室，景觀機房，廁所，垃圾儲藏室，台電配電室，電錶區，受電箱區，機車道，門廳，防災中心，管委會使用空間，車道等２２項,鋼筋混凝土造,110年10月20日,二十二層,,
RPSNMLKMJHLGFBB47CC,3,65.73,集合住宅,鋼筋混凝土造,111年11月16日,十五層,,
RPROMLKMJHLGFBB47CC,31,.19,共有部分,鋼筋混凝土造,84年5月26日,十六層,,
RPRNMLKMJHLGFBB37CC,4,26.11,本共有部份係依使用執照之建築概要表記載項目有：水箱，揚水泵機房，緊急昇降機間排煙室，緊急昇降機，一般昇降機，特別安全梯，排煙室，梯廳，電梯間，噴灌機房，機房，安全梯，消防中繼機房，消防中繼水箱，自來水箱，機械室，消防水箱等１７項,鋼筋混凝土造,110年10月20日,二十二層,,
RPPOMLKMJHLGFBB27CC,10,16.77,本共有部份係依使用執照之建築概要表記載項目有：緊急昇降機，排煙室，梯廳，水箱，電梯機房，水錶室，太陽能設備室，一般安全梯等８項。,鋼筋混凝土造,104年12月28日,十四層,,
RPUNMLKMJHLGFBB67CC,9,91.93,集合住宅,鋼筋混凝土造,106年4月20日,二十八層,,
RPSNMLKMJHLGFBB47CC,3,55.14,本共有部份係依使用執照之建築概要表記載項目有：停車空間，水箱，排煙室，樓梯間，昇降機間，消防機房，污水機房，車道，緊急發電機室，防空避難室兼停車空間，台電配電室，電信室，梯廳，管委會使用空間，管道間，電梯機房，水箱間等１７項,鋼筋混凝土造,111年11月16日,十五層,,
RPUNMLKMJHLGFBB67CC,9,32.20,本共有部分係依使用執照之建築概要表記載項目有：管委會使用空間、梯廳、排煙室、特別安全梯、電機室、梯間、機房、中繼機房、水箱、電梯機房等１０項,鋼筋混凝土造,106年4月20日,二十八層,,
RPSNMLKMJHLGFBB47CC,3,.00,本共有部份係依使用執照之建築概要表記載項目有：梯廳１項,鋼筋混凝土造,111年11月16日,十五層,,
RPUNMLKMJHLGFBB67CC,9,55.67,本共有部分係依使用執照之建築概要表記載項目有：停車空間、水箱室、消防機械室、排煙室、梯廳、地下室排氣機房、安全梯、機電設備空間、電信室、防空避難室兼停車空間、台電配電室、中繼機房、發電機室、防災中心、梯間等１５項,鋼筋混凝土造,106年4月20日,二十八層,,
RPXNMLKMJHLGFBB97CC,33,93.15,住家用,鋼筋混凝土造,81年11月27日,五層,,
RPXNMLKMJHLGFBB97CC,33,11.59,共有部分,鋼筋混凝土造,81年11月27日,五層,,
RPQOMLKMJHLGFBB37CC,10,117.81,集合住宅,鋼筋混凝土造,105年7月17日,二十八層,,
RPQNMLKMJHLGFBB27CC,2,76.29,集合住宅,鋼筋混凝土造,113年5月27日,十二層,,
RPQOMLKMJHLGFBB37CC,10,50.66,本共有部份係依使用執照之建築概要表記載項目有：停車空間，水箱，污水機房，消防機房，樓梯間，排煙室，昇降機間，防空避難室兼停車空間，電信室，台電配電室，發電機室，機房，人行道，頂蓋型開放空間（外廊），門廳，管理室，公共設施，防災中心，垃圾處理室，中繼機房，梯廳，中繼水箱，電梯機房等２３項,鋼筋混凝土造,105年7月17日,二十八層,,
RPQNMLKMJHLGFBB27CC,2,39.08,本共有部分係依使用執照之建築概要表記載項目有：防空避難室兼停車空間，排煙室，樓梯間，一般昇降機，緊急昇降機，水箱，消防機房，污水機房，車道，停車空間，緊急發電機室，台電配電室，電信室，景觀機房，機車停車區，梯廳，門廳，垃圾集中室，管委會空間，梯間，電梯機房等２１項。,鋼筋混凝土造,113年5月27日,十二層,,
RPUQMLKMJHLGFAB87CC,21,29.26,人行道，補習班，住房，機械室，停車空間，樓梯間，電梯間,鋼筋混凝土造,93年9月10日,五層,,
RPVQMLKMJHLGFAB97CC,21,29.26,人行道，補習班，住房，機械室，停車空間，樓梯間，電梯間,鋼筋混凝土造,93年9月10日,五層,,
RPWQMLKMJHLGFAB08CC,21,29.26,人行道，補習班，住房，機械室，停車空間，樓梯間，電梯間,鋼筋混凝土造,93年9月10日,五層,,
RPWNMLKMJHLGFBB87CC,8,88.20,集合住宅,鋼筋混凝土造,107年5月31日,十五層,,
RPWNMLKMJHLGFBB87CC,8,82.11,本共有部份係依使用執照之建築概要表記載項目有：停車空間，樓梯間，昇降機間，消防機房，污水機房，水箱，緊急發電機室，排煙室，電信室，防空避難室兼停車空間，台電配電室，機車停車區，水景機房，人行道，門廳，梯廳，車道，垃圾集中室，社區大廳，管理室，社區交誼室，沿街步道式開放空間（有頂蓋型），梯間，水錶箱室及電梯機房等２５項。,鋼筋混凝土造,107年5月31日,十五層,,
RPXOMLKMJHLGFBB08CC,4,56.33,集合住宅,鋼筋混凝土造,110年10月20日,二十二層,,
RPXOMLKMJHLGFBB08CC,4,40.50,本共有部份係依使用執照之建築概要表記載項目有：防空避難室兼停車空間，消防機械室，揚水泵機房，雨污水機房，安全梯，機械室，停車空間，水箱，消防中繼機房，電信室，發電機室，景觀機房，廁所，垃圾儲藏室，台電配電室，電錶區，受電箱區，機車道，門廳，防災中心，管委會使用空間，車道等２２項,鋼筋混凝土造,110年10月20日,二十二層,,
RPXOMLKMJHLGFBB08CC,4,26.31,本共有部份係依使用執照之建築概要表記載項目有：水箱，揚水泵機房，緊急昇降機間排煙室，緊急昇降機，一般昇降機，特別安全梯，排煙室，梯廳，電梯間，噴灌機房，機房，安全梯，消防中繼機房，消防中繼水箱，自來水箱，機械室，消防水箱等１７項,鋼筋混凝土造,110年10月20日,二十二層,,
RPPNMLKMJHLGFCB27CC,34,31.15,住家用,鋼筋混凝土造,81年1月15日,十一層,,
RPPNMLKMJHLGFCB27CC,34,8.14,共有部份,鋼筋混凝土造,81年1月15日,十一層,,
RPSNMLKMJHLGFCB57CC,33,32.48,住家用,鋼筋混凝土造,82年2月12日,七層,,
RPSNMLKMJHLGFCB57CC,33,7.16,共有部份,鋼筋混凝土造,82年2月12日,七層,,
RPRNMLKMJHLGFCB47CC,28,23.64,住家用,鋼筋混凝土造,86年11月21日,十二層,,
RPRNMLKMJHLGFCB47CC,28,5.94,共有部份,鋼筋混凝土造,86年11月21日,十二層,,
RPRNMLKMJHLGFCB47CC,28,6.19,共有部份,鋼筋混凝土造,86年11月21日,十二層,,
RPQNMLKMJHLGFCB37CC,31,76.59,商業用,鋼筋混凝土造,83年9月23日,十七層,,
RPQNMLKMJHLGFCB37CC,31,20.09,共有部份,鋼筋混凝土造,83年9月23日,十七層,,
RPTNMLKMJHLGFCB67CC,39,319.28,住商用,鋼筋混凝土造,76年3月16日,四層,,
RPUNMLKMJHLGFCB77CC,4,20.98,寄宿舍,鋼筋混凝土造,111年7月28日,七層,,
RPWNMLKMJHLGFCB97CC,32,26.72,商業用,鋼筋混凝土造,82年12月21日,十二層,,
RPUNMLKMJHLGFCB77CC,4,14.31,本共有部分係依使用執照之建築概要表記載項目有：防空避難室兼停車空間、台電配電室、消防及發電機房、電信室、水箱、樓梯間、無障礙昇降機、梯廳、辦公室、管委會使用空間、親子廁所、無障礙廁所、資源回收空間、機房、機房＋管道間、走廊、車道、管道間等十八項。,鋼筋混凝土造,111年7月28日,七層,,
RPWNMLKMJHLGFCB97CC,32,7.86,共有部份,鋼筋混凝土造,82年12月21日,十二層,,
RPVNMLKMJHLGFCB87CC,4,21.17,寄宿舍,鋼筋混凝土造,111年7月28日,七層,,
RPPOMLKMJHLGFCB37CC,16,45.25,住家用,鋼筋混凝土造,98年8月13日,二十六層,,
RPQOMLKMJHLGFCB47CC,31,13.53,住家用,鋼筋混凝土造,83年9月30日,十二層,,
RPVNMLKMJHLGFCB87CC,4,14.44,本共有部分係依使用執照之建築概要表記載項目有：防空避難室兼停車空間、台電配電室、消防及發電機房、電信室、水箱、樓梯間、無障礙昇降機、梯廳、辦公室、管委會使用空間、親子廁所、無障礙廁所、資源回收空間、機房、機房＋管道間、走廊、車道、管道間等十八項。,鋼筋混凝土造,111年7月28日,七層,,
RPPOMLKMJHLGFCB37CC,16,3.80,共有,鋼筋混凝土造,98年8月13日,二十六層,,
RPPOMLKMJHLGFCB37CC,16,17.80,共有,鋼筋混凝土造,98年8月13日,二十六層,,
RPQOMLKMJHLGFCB47CC,31,6.60,共有部份,鋼筋混凝土造,83年9月30日,十二層,,
RPROMLKMJHLGFCB57CC,16,37.23,住家用,鋼筋混凝土造,98年8月13日,二十六層,,
RPROMLKMJHLGFCB57CC,16,3.11,共有,鋼筋混凝土造,98年8月13日,二十六層,,
RPROMLKMJHLGFCB57CC,16,14.66,共有,鋼筋混凝土造,98年8月13日,二十六層,,
RPSOMLKMJHLGFCB67CC,4,75.56,集合住宅,鋼筋混凝土造,111年6月2日,十五層,,
RPSOMLKMJHLGFCB67CC,4,44.94,本共有部份係依使用執照之建築概要表記載項目有：防空避難室兼停車空間、車道、安全梯、消防泵浦室、雨水機房、機房、污水機房、停車空間、水景機房、台電配電室、緊急發電機室、垃圾暫存室、電信室、電錶區、機車停車區、公共服務空間、宅配室、廁所、管委會使用空間、共同門廳、管委會辦公室等二十一項。,鋼筋混凝土造,111年6月2日,十五層,,
RPUOMLKMJHLGFCB87CC,46,18.00,住家用,加強磚造,68年11月24日,二層,,
RPTOMLKMJHLGFCB77CC,46,20.00,住家用,加強磚造,68年11月24日,二層,,
RPSOMLKMJHLGFCB67CC,4,22.26,本共有部分係依使用執照之建築概要表記載項目有：排煙室兼梯廳、一般昇降機、緊急昇降機、信箱區、水箱、戶外安全梯、梯廳、梯間、電梯機房等九項。,鋼筋混凝土造,111年6月2日,十五層,,
RPVOMLKMJHLGFCB97CC,46,20.00,住家用,加強磚造,68年11月24日,二層,,
RPWOMLKMJHLGFCB08CC,46,18.00,住家用,加強磚造,68年11月24日,二層,,
RPPNMLKMJHLGFDB37CC,4,49.59,集合住宅,鋼筋混凝土造,110年10月4日,五層,,
RPPNMLKMJHLGFDB37CC,4,26.81,本共有部分之項目有停車空間、樓梯間、電梯廳、機械室、電梯機房等５項,鋼筋混凝土造,110年10月4日,五層,,
RPRNMLKMJHLGFFB77CC,5,56.66,集合住宅,鋼筋混凝土造,110年7月17日,十五層,,
RPRNMLKMJHLGFFB77CC,5,28.00,本共有部分之項目有：防空避難室兼停車空間、梯廳、水箱、消防機械室、污水機械室、揚水泵機械室、安全梯、昇降機道、停車空間、台電配電室、發電機械室、電信室、機械室、排煙室、門廳、垃圾資源回收室、管委會使用空間、車道、機車停車空間、戶外安全梯、梯間、水錶室等２２項,鋼筋混凝土造,110年7月17日,十五層,,
RPQNMLKMJHLGFFB67CC,1,85.19,集合住宅,鋼筋混凝土造,114年6月6日,二十八層,,
RPQNMLKMJHLGFFB67CC,1,23.07,排煙室、昇降機、無障礙安全梯、特別安全梯、無障礙樓梯、梯廳兼排煙室、梯廳、管委會空間、中繼機房、中繼水箱、電梯間、水錶室、樓梯間、電梯機房、機電空間、水箱、安全梯、水箱機房、消防水箱等１９項,鋼筋混凝土造,114年6月6日,二十八層,,
RPQNMLKMJHLGFFB67CC,1,44.48,消防機房、雨水回收機房、車道、機房、水箱、停車空間、進風管道、公共水箱、防空避難室兼停車空間、台電配電室、發電機房、泳池水箱、公共電氣室、機車車道、管委會使用空間、昇降機、大廳、梯廳、警衛室、儲藏室、風除室、排風機房、防災中心、電信室、垃圾暫存室、附屬社區共用空間、附屬共用廚房、機電設備空間、電梯間、設備空間、泳池機房、景觀機房、游泳池、管委會空間、樓電梯間、機電空間、樓梯間等３７項,鋼筋混凝土造,114年6月6日,二十八層,,
RPUNMLKMJHLGFDB87CC,41,49.65,住家用,鋼筋混凝土造,73年11月10日,五層,,
RPUNMLKMJHLGFDB87CC,41,4.74,共用部份,鋼筋混凝土造,73年11月10日,五層,,
RPQNMLKMJHLGFDB47CC,22,36.95,住家用,鋼筋混凝土造,93年3月11日,十四層,,
RPVNMLKMJHLGFDB97CC,15,148.98,人行道、店舖、住宅、停車空間、樓梯間,ＲＣ鋼筋混凝土造,99年9月15日,四層,,
RPUNMLKMJHLGFDB87CC,41,7.47,共用部份,鋼筋混凝土造,73年11月10日,五層,,
RPQNMLKMJHLGFDB47CC,22,5.54,共用部份,鋼筋混凝土造,93年3月11日,十四層,,
RPQNMLKMJHLGFDB47CC,22,12.87,共用部份,鋼筋混凝土造,93年3月11日,十四層,,
RPPNMLKMJHLGFFB57CC,6,51.36,集合住宅,鋼筋混凝土造,109年7月24日,十五層,,
RPPNMLKMJHLGFFB57CC,6,31.69,停車空間，汽車坡道，防空避難室兼停車空間等３項。,鋼筋混凝土造,109年7月24日,十五層,,
RPPNMLKMJHLGFFB57CC,6,8.92,消防機房，水箱，梯間，污／雨水機房，進風機房，機械室，排風機房，公用水箱揚水機房，機械區，電信機房，公共水箱，台電配電室，發電機室，管委會使用空間，受電區，景觀機房，泳池機房，電表區，機車坡道，防空避難室兼停車空間，梯廳，警衛室，走廊，特別安全梯，游泳池，汽車坡道，大廳等２７項,鋼筋混凝土造,109年7月24日,十五層,,
RPPNMLKMJHLGFFB57CC,6,16.39,排煙室，梯廳兼排煙室，特別安全梯，梯廳，走道，機房，噴灌機房，梯間，電梯機房，消防水箱，水表室，機械室，水箱等１３項,鋼筋混凝土造,109年7月24日,十五層,,
RPUNMLKMJHLGFFB08CC,5,9.22,集合住宅,鋼筋混凝土造,109年8月25日,五層,,
RPSNMLKMJHLGFFB87CC,5,9.22,集合住宅,鋼筋混凝土造,109年8月25日,五層,,
RPUNMLKMJHLGFFB08CC,5,5.11,梯廳、安全梯、升降機、管道間、走廊、安全梯間、升降機機械室、水箱、停車空間、電信室、消防機室、發電機室、台電配電室、安全梯Ａ,鋼筋混凝土造,109年8月25日,五層,,
RPSNMLKMJHLGFFB87CC,5,5.11,梯廳、安全梯、升降機、管道間、走廊、安全梯間、升降機機械室、水箱、停車空間、電信室、消防機室、發電機室、台電配電室、安全梯Ａ,鋼筋混凝土造,109年8月25日,五層,,
RPTNMLKMJHLGFDB77CC,31,129.16,住家用,鋼筋混凝土造,83年9月1日,十六層,,
RPWNMLKMJHLGFFB28CC,2,65.52,集合住宅,鋼筋混凝土造,112年11月19日,十五層,,
RPWNMLKMJHLGFFB28CC,2,55.11,防空避難室兼停車空間、排煙室、樓梯間、昇降機間、車道、水箱、污水機房、消防機房、停車空間、機房、緊急發電機室、電信室、台電配電室、機車停車區、門廳、梯廳、公設（閱覽室）、公設（休閒室）、管委會使用空間、走廊、垃圾集中室、門廳兼梯廳、儲藏室、無障礙廁所、梯間、水錶箱室、電梯機房等２７項。,鋼筋混凝土造,112年11月19日,十五層,,
RPTNMLKMJHLGFDB77CC,31,35.74,共用部份,鋼筋混凝土造,83年9月1日,十六層,,
RPXNMLKMJHLGFFB38CC,1,85.19,集合住宅,鋼筋混凝土造,114年6月6日,二十八層,,
RPTNMLKMJHLGFFB97CC,5,9.22,集合住宅,鋼筋混凝土造,109年8月25日,五層,,
RPTNMLKMJHLGFFB97CC,5,5.11,梯廳、安全梯、升降機、管道間、走廊、安全梯間、升降機機械室、水箱、停車空間、電信室、消防機室、發電機室、台電配電室、安全梯Ａ,鋼筋混凝土造,109年8月25日,五層,,
RPXNMLKMJHLGFFB38CC,1,23.07,排煙室、昇降機、無障礙安全梯、特別安全梯、無障礙樓梯、梯廳兼排煙室、梯廳、管委會空間、中繼機房、中繼水箱、電梯間、水錶室、樓梯間、電梯機房、機電空間、水箱、安全梯、水箱機房、消防水箱等１９項,鋼筋混凝土造,114年6月6日,二十八層,,
RPXNMLKMJHLGFFB38CC,1,44.48,消防機房、雨水回收機房、車道、機房、水箱、停車空間、進風管道、公共水箱、防空避難室兼停車空間、台電配電室、發電機房、泳池水箱、公共電氣室、機車車道、管委會使用空間、昇降機、大廳、梯廳、警衛室、儲藏室、風除室、排風機房、防災中心、電信室、垃圾暫存室、附屬社區共用空間、附屬共用廚房、機電設備空間、電梯間、設備空間、泳池機房、景觀機房、游泳池、管委會空間、樓電梯間、機電空間、樓梯間等３７項,鋼筋混凝土造,114年6月6日,二十八層,,
RPTOMLKMJHLGFFB08CC,1,69.37,集合住宅,鋼筋混凝土造,114年3月10日,十五層,,
RPTOMLKMJHLGFFB08CC,1,59.23,停車空間、車道、消防機房、水箱、汙水機房、排煙室、安全梯、緊急昇降機、行動不便電梯、雨水機房、防空避難室兼停車空間、台電配電場所、發電機房、電信室、儲藏室、梯廳、垃圾儲存空間、戶外安全梯、公共服務空間、管委會使用空間、外廊、梯間、機房、電梯機房等２４項。,鋼筋混凝土造,114年3月10日,十五層,,
RPUOMLKMJHLGFFB18CC,21,22.77,住宅、停車空間、樓梯間,鋼筋混凝土造,93年12月6日,三層,,
RPRNMLKMJHLGFDB57CC,32,75.92,住家用,鋼筋混凝土造,82年9月20日,六層,,
RPRNMLKMJHLGFDB57CC,32,66.78,共用部份,鋼筋混凝土造,82年9月20日,六層,,
RPQOMLKMJHLGFFB77CC,5,182.27,住宅、停車空間,鋼筋混凝土造,110年6月30日,四層,,
RPSNMLKMJHLGFDB67CC,1,56.09,集合住宅,鋼筋混凝土造,114年2月11日,七層,,
RPSNMLKMJHLGFDB67CC,1,18.69,本共有部分之項目有安全梯、台電配電室、緊急發電機室電信室、管委會使用空間Ａ、停車空間、升降機道、管道間、梯廳、水錶室、機械式、水箱等十一項。,鋼筋混凝土造,114年2月11日,七層,,
RPPNMLKMJHLGFHB77CC,18,62.18,集合住宅,鋼筋混凝土造,97年2月25日,十四層,,
RPPNMLKMJHLGFHB77CC,18,15.69,人行道、門廳、管理室、門廊、交誼廳、儲藏室、梯間、水箱、機械室,鋼筋混凝土造,97年2月25日,十四層,,
RPPNMLKMJHLGFHB77CC,18,7.01,防空避難室兼停車空間、機械室、台電配電室、停車空間、水箱,鋼筋混凝土造,97年2月25日,十四層,,
RPOOMLKMJHLGFFB57CC,3,74.53,集合住宅,鋼筋混凝土造,111年10月6日,十五層,,
RPOOMLKMJHLGFFB57CC,3,14.59,消防機房、機房、水箱、雨水機房、污水機房、安全梯、排風管道、電信室、防空避難室兼停車空間、台電配電室、發電機房、管委會使用空間、水景機房、泳池機房、游泳池、梯廳、風除室、外廊、大廳、警衛室等２０項,鋼筋混凝土造,111年10月6日,十五層,,
RPOOMLKMJHLGFFB57CC,3,21.38,排煙室、升降機、緊急升降機兼無障礙升降機、通風管道、特別安全梯、梯廳、走道、梯廳兼排煙室、電梯機房、水錶室、消防水箱、自來水箱等１２項,鋼筋混凝土造,111年10月6日,十五層,,
RPOOMLKMJHLGFFB57CC,3,32.71,停車空間、防空避難室兼停車空間等２項,鋼筋混凝土造,111年10月6日,十五層,,
RPPNMLKMJHLGFIB87CC,35,23.10,人行道、店舖、集合住宅,鋼筋混凝土造,80年2月8日,六層,,
RPRNMLKMJHLGFIB08CC,32,154.44,住宅、梯間,鋼筋混凝土造,83年2月3日,三層,,
RPQNMLKMJHLGFIB97CC,35,20.46,人行道、店舖、集合住宅,鋼筋混凝土造,80年2月8日,六層,,
RPSNMLKMJHLGFIB18CC,18,129.30,集合住宅,鋼筋混凝土造,97年7月17日,七層,,
RPSNMLKMJHLGFIB18CC,18,49.45,共有部份,鋼筋混凝土造,97年7月17日,七層,,
RPQOMLKMJHLGFIB08CC,35,22.77,人行道、店舖、集合住宅,鋼筋混凝土造,80年2月8日,六層,,
RPUOMLKMJHLGFIB48CC,35,18.81,人行道、店舖、集合住宅,鋼筋混凝土造,80年2月8日,六層,,
RPTNMLKMJHLGFIB28CC,32,175.92,店舖、住宅、梯間、人行道,鋼筋混凝土造,83年1月24日,三層,,
RPXNMLKMJHLGFIB68CC,35,14.85,人行道、店舖、集合住宅,鋼筋混凝土造,80年2月8日,六層,,
RPUNMLKMJHLGFIB38CC,50,102.49,住家用,加強磚造,65年2月1日,二層,,
RPSOMLKMJHLGFIB28CC,35,26.40,人行道、店舖、集合住宅,鋼筋混凝土造,80年2月8日,六層,,
RPSPMLKMJHLGFIB38CC,35,29.70,人行道、店舖、集合住宅,鋼筋混凝土造,80年2月8日,六層,,
RPTPMLKMJHLGFIB48CC,35,112.67,集合住宅,鋼筋混凝土造,80年3月30日,九層,,
RPTPMLKMJHLGFIB48CC,35,24.62,共有部份,鋼筋混凝土造,80年3月30日,九層,,
RPPNMLKMJHLGFJB97CC,1,74.48,店鋪,鋼筋混凝土造,114年4月14日,十五層,,
RPOPMLKMJHLGFIB97CC,35,17.16,人行道、店舖、集合住宅,鋼筋混凝土造,80年2月8日,六層,,
RPPNMLKMJHLGFJB97CC,1,64.68,本共有部分之項目有防空避難室兼停車空間、蓄水池、雨水機房、排煙室、安全梯、污水機房、消防機房、景觀機房、停車空間、機房、電表區、電信機房、發電機房、台電配電場所、管委會空間、公共服務空間、發電機進排氣管道間、梯廳、戶外安全梯、樓梯間、昇降機機房、水箱,鋼筋混凝土造,114年4月14日,十五層,,
RPXOMLKMJHLGFIB78CC,35,23.10,人行道、店舖、集合住宅,鋼筋混凝土造,80年2月8日,六層,,
RPRPMLKMJHLGFIB28CC,35,21.45,人行道、店舖、集合住宅,鋼筋混凝土造,80年2月8日,六層,,
RPPOMLKMJHLGFIB97CC,35,23.10,人行道、店舖、集合住宅,鋼筋混凝土造,80年2月8日,六層,,
RPPPMLKMJHLGFIB08CC,35,24.09,人行道、店舖、集合住宅,鋼筋混凝土造,80年2月8日,六層,,
RPQNMLKMJHLGFJB08CC,10,117.84,集合住宅,鋼筋混凝土造,104年9月1日,十五層,,
RPQNMLKMJHLGFJB08CC,10,50.49,停車空間、樓梯間、昇降機間、水箱、污水機房、消防機房、梯廳、排煙室、機房、電信室、防空避難室兼停車空間、緊急發電機室、台電配電室、機車停車區、台電通道等１５項,鋼筋混凝土造,104年9月1日,十五層,,
RPQNMLKMJHLGFJB08CC,10,25.85,人行道、梯廳、樓梯間、昇降機間、門廳、垃圾集中處、車道、台電通道、排煙室、頂蓋型開放空間、管委會使用空間（會議、休閒室）、梯間、水錶箱室、水箱、電梯機房等１５項,鋼筋混凝土造,104年9月1日,十五層,,
RPPNMLKMJHLGFKB08CC,37,16.41,住家用,鋼筋混凝土造,77年9月10日,五層,,
RPPNMLKMJHLGFKB08CC,37,4.11,梯間及走道,鋼筋混凝土造,77年9月10日,五層,,
RPQNMLKMJHLGFKB18CC,17,163.79,住宅、樓梯間,鋼筋混凝土造,97年11月20日,三層,,
RPRNMLLMJHLGFAB37CC,34,21.26,住家用,鋼筋混凝土造,80年12月6日,七層,,
RPRNMLKMJHLGFKB28CC,10,60.79,住宅、人行道、店舖、停車空間、樓梯間,鋼筋混凝土造,104年11月9日,三層,,
RPQNMLLMJHLGFAB27CC,32,35.53,住家用,鋼筋混凝土造,83年4月6日,七層,,
RPRNMLLMJHLGFAB37CC,34,8.56,共有部份,,80年12月6日,七層,,
RPQNMLLMJHLGFAB27CC,32,12.19,避難室，機械室，水塔，停車空間，梯間，瞭望台,鋼筋混凝土造,83年4月6日,七層,,
RPPNMLKMJHLGFCB47EC,39,406.56,店舖,加強磚造,75年12月24日,一層,,
RPPNMLKMJHLGFAB17DC,46,581.56,住工用,加強磚造,68年12月31日,二層,,
RPPNMLLMJHLGFAB17CC,30,101.26,集合住宅,鋼筋混凝土造,84年11月21日,七層,,
RPPNMLLMJHLGFAB17CC,30,39.45,防空避難室．停車空間．人行道．店舖．樓梯間．機械室．水塔,鋼筋混凝土造,84年11月21日,七層,,
RPQNMLLMJHLGFBB37CC,2,61.49,集合住宅,鋼筋混凝土造,112年8月28日,二十三層,,
RPQNMLLMJHLGFBB37CC,2,51.37,本共有部份係依使用執照之建築概要表記載項目有：停車空間，水箱，一般昇降機，梯廳，消防機房，污水機房，雨水機房，防空避難室兼停車空間，電信機房，中繼機房，台電配電室，發電機室，防災中心，管理委員會使用空間，門廳，排煙室，緊急昇降機，資源回收室，特別安全梯，中繼水箱，水錶室，機械室等２２項。,鋼筋混凝土造,112年8月28日,二十三層,,
RPPNMLLMJHLGFBB27CC,30,21.93,住家用,鋼筋混凝土造,84年11月24日,二十四層,,
RPPNMLLMJHLGFBB27CC,30,14.96,防空避難室，停車空間，門廳，樓梯間，機械室，水箱,鋼筋混凝土造,84年11月24日,二十四層,,
RPRNMLLMJHLGFBB47CC,32,144.63,商業用,鋼筋混凝土造,82年10月21日,十八層,,
RPSNMLLMJHLGFAB47CC,29,25.30,住家用,鋼骨造,86年1月31日,二十八層,,
RPSNMLLMJHLGFAB47CC,29,.92,共同使用,鋼骨造,86年1月31日,二十八層,,
RPSNMLLMJHLGFAB47CC,29,7.69,公共設施,鋼骨造,86年1月31日,二十八層,,
RPSNMLLMJHLGFBB57CC,9,62.97,集合住宅,鋼筋混凝土造,106年4月20日,二十八層,,
RPSNMLLMJHLGFAB47CC,29,3.48,共有部份,鋼骨造,86年1月31日,二十八層,,
RPSNMLLMJHLGFBB57CC,9,22.11,本共有部分係依使用執照之建築概要表記載項目有：管委會使用空間、梯廳、排煙室、特別安全梯、電機室、梯間、機房、中繼機房、水箱、電梯機房等１０項,鋼筋混凝土造,106年4月20日,二十八層,,
RPWNMLLMJHLGFBB97CC,5,79.07,集合住宅,鋼筋混凝土造,109年10月30日,十二層,,
RPWNMLLMJHLGFBB97CC,5,86.58,本共有部分係依使用執照之建築概要表記載項目有：法定防空避難室兼停車空間，安全梯，昇降機間，水箱，排煙室，消防機房，停車空間，配電室，發電機室，電信室，電錶箱，梯廳，基地內通路，門廳，交誼廳，會議室，文教室，郵務室，親子教室，守衛室，資源回收室，電梯機房，屋頂水箱等２３項,鋼筋混凝土造,109年10月30日,十二層,,
RPSNMLLMJHLGFBB57CC,9,49.52,本共有部分係依使用執照之建築概要表記載項目有：停車空間、水箱室、消防機械室、排煙室、梯廳、地下室排氣機房、安全梯、機電設備空間、電信室、防空避難室兼停車空間、台電配電室、中繼機房、發電機室、防災中心、梯間等１５項,鋼筋混凝土造,106年4月20日,二十八層,,
RPUNMLLMJHLGFBB77CC,31,27.00,商業用,鋼筋混凝土造,83年12月20日,五層,,
RPTNMLLMJHLGFBB67CC,7,39.19,集合住宅,鋼筋混凝土造,107年11月30日,十五層,,
RPTNMLLMJHLGFBB67CC,7,36.09,本共有部分係依使用執照之建築概要表記載項目有：停車空間，一般安全梯，排煙室，緊急用昇降機，消防機房，污水機房，昇降機，水箱，機房，電信機房，防空避難室兼停車空間，台電配電室，緊急發電機室，戶外安全梯，管理員室，管委會使用空間，環保資源室，梯廳，梯間，機械室，水錶室等２１項,鋼筋混凝土造,107年11月30日,十五層,,
RPRNMLKMJHLGFJB18CC,5,59.67,集合住宅,鋼筋混凝土造,110年7月21日,十五層,,
RPRNMLKMJHLGFJB18CC,5,27.90,防空避難室兼停車空間、排煙室、樓梯間、一般昇降機、緊急昇降機、消防機房、污水處理機房、雨水機房、水箱、車道、緊急發電機室、台電配電室、電信室、機房、機車停車區、梯廳、公共服務空間、管委會空間、門廳、無障礙廁所、梯間、停車空間、水錶箱室、電梯機房等２４項,鋼筋混凝土造,110年7月21日,十五層,,
RPVNMLLMJHLGFBB87CC,31,21.27,住家用,鋼筋混凝土造,83年12月14日,十六層,,
RPVNMLLMJHLGFBB87CC,31,8.78,共有部分,鋼筋混凝土造,83年12月14日,十七層,,
RPSNMLKMJHLGFJB28CC,1,84.22,集合住宅,鋼筋混凝土造,113年8月1日,十五層,,
RPSNMLKMJHLGFJB28CC,1,67.57,本共有部分之項目有：防空避難室兼停車空間、排煙室、樓梯間、一般昇降機、緊急昇降機、污水處理機房、雨水處理機房、消防機房、水箱、車道、垃圾集中室、停車空間、機房、緊急發電機室、台電配電場所、電信室、機車停車、公共服務空間、儲藏室、無障礙廁所、梯廳兼門廳、梯廳、廁所、管委會空間、梯間、水錶箱室、電梯機房等２７項,鋼筋混凝土造,113年8月1日,十五層,,
RPPNMLLMJHLGFFB67CC,19,15.75,住家用,鋼筋混凝土造,96年1月9日,五層,,
RPPNMLLMJHLGFFB67CC,19,.62,梯間、水箱,鋼筋混凝土造,96年1月9日,五層,,
RPPNMLLMJHLGFFB67CC,19,4.63,住家用,鋼筋混凝土造,96年1月9日,五層,,
RPQNMLLMJHLGFKB28CC,28,80.92,集合住宅,鋼筋混凝土造,87年6月26日,七層,,
RPQNMLLMJHLGFKB28CC,28,35.00,停車空間，管理員室，梯間，機房，防空避難室,鋼筋混凝土造,87年6月26日,七層,,
RPPNMLLMJHLGFHB87CC,1,87.02,集合住宅,鋼筋混凝土造,114年6月4日,十五層,,
RPPNMLLMJHLGFHB87CC,1,44.54,本共有部分之項目有防空避難室兼停車空間、排煙室、安全梯、消防幫浦室、污水機房、昇降機、車道、停車空間、電信室、台電配電室、電錶室、緊急發電機室、水箱、景觀過濾機房等１４項,鋼筋混凝土造,114年6月4日,十五層,,
RPPNMLLMJHLGFHB87CC,1,27.02,本共有部分之項目有廊道、管委會使用空間、資源回收室、梯廳、排煙室、安全梯、戶外安全梯、管道、昇降機、車道、梯廳兼排煙室、梯間、機械房、水箱、水錶室、電梯機械室等１６項,鋼筋混凝土造,114年6月4日,十五層,,
RPQNMLLMJHLGFHB97CC,3,84.13,集合住宅,鋼筋混凝土造,111年10月12日,十二層,,
RPQNMLLMJHLGFHB97CC,3,111.29,本共有部分之項目有停車空間、樓梯間、昇降機間、消防機房、污雨水機房、防空避難室兼停車空間、水箱、水景機房、電信機房、台電配電室、發電機房、資源回收室、車道、排煙室、梯廳、管委會使用空間、社區使用空間、走廊、機械室及梯間等２０項,鋼筋混凝土造,111年10月12日,十二層,,
RPQNMLLJKHLGFBB17CC,38,79.43,住家用,鋼筋混凝土造,76年10月2日,五層,,
RPPNMLLMJHLGFKB18CC,10,176.87,住宅、人行道、店舖、停車空間、樓梯間,鋼筋混凝土造,104年11月9日,三層,,
RPQNMLLJKHLGFBB17CC,38,10.07,住家用,鋼筋混凝土造,76年10月2日,五層,,
RPPNMLLJKHLGFBB07CC,53,38.20,住家用,加強磚造,62年6月1日,一層,,
RPPNMLLJKHLGFFB47CC,,57.89,集合住宅,鋼筋混凝土造,114年7月30日,十四層,,
RPPNMLLJKHLGFFB47CC,,43.52,停車空間兼防空避難室、排煙室、樓梯間、一般昇降機、緊急昇降機、水箱、污水機房、消防機房、車道、停車空間、緊急發電機室、台電配電室、電信室、機車停車區、無障礙樓梯、戶外安全梯、梯廳、門廳、垃圾集中室、公共服務空間、梯間、水錶箱室、電梯機房等２３項,鋼筋混凝土造,114年7月30日,十四層,,
RPRNMLMJKHLGFAB27CC,33,89.78,住家用,鋼筋混凝土造,82年5月19日,十六層,,
RPRNMLMJKHLGFAB27CC,33,30.68,梯間、人行道、水塔、辦公室、機械房、守衛室,鋼筋混凝土造,82年5月19日,十六層,,
RPPNMLLJKHLGFKB97CC,32,15.20,住家用,鋼筋混凝土造,83年1月20日,四層,,
RPPNMLLJKHLGFKB97CC,32,3.40,梯間、走道、水箱,鋼筋混凝土造,83年1月20日,四層,,
RPPNMLMJKHLGFAB07CC,2,82.92,集合住宅,鋼筋混凝土造,112年8月10日,十五層,,
RPPNMLMJKHLGFAB07CC,2,69.94,本共有部分係依使用執照之建築物概要表記載項目有：防空避難室兼停車空間、排煙室、樓梯間、一般昇降機、緊急昇降機、雨水機房、污水機房、消防機房、水箱、車道、停車空間、機房、緊急發電機室、台電配電場所、電信室、機車區、電表、梯廳、公共服務空間、資源回收室、門廳、無障礙廁所、梯間、水錶箱室、電梯機房等共計２５項。,鋼筋混凝土造,112年8月10日,十五層,,
RPQNMLLJKHLGFKB08CC,31,16.73,住家用,鋼筋混凝土造,83年8月15日,七層,,
RPQNMLLJKHLGFKB08CC,31,4.37,配電室、防空避難室,鋼筋混凝土造,83年8月15日,七層,,
RPQNMLLJKHLGFFB57CC,4,75.35,集合住宅,鋼筋混凝土造,111年2月16日,十五層,,
RPQNMLLJKHLGFFB57CC,4,31.19,停車空間、防空避難室兼停車空間等２項。,鋼筋混凝土造,111年2月16日,十五層,,
RPQNMLLJKHLGFFB57CC,4,11.58,梯廳、管理委員會使用空間、大廳、外廊、風除室、廊道、車道、停車場排風管道、機車停車空間、台電配電室、電信室、電錶區、發電機房、水景機房、垃圾儲藏室、景觀機房、停車場進風管道、消防機房、雨水回收機房等１９項。,鋼筋混凝土造,111年2月16日,十五層,,
RPQNMLMJKHLGFAB17CC,29,25.30,住家用,鋼骨造,86年1月31日,二十八層,,
RPQNMLLJKHLGFFB57CC,4,24.93,排煙室、昇降機、緊急昇降機、特別安全梯、水箱、梯廳、廊道、機房、機械室（水錶室）、電梯機房、消防水箱、屋突水箱、水箱室等１３項。,鋼筋混凝土造,111年2月16日,十五層,,
RPQNMLMJKHLGFAB17CC,29,.92,共同使用,鋼骨造,86年1月31日,二十八層,,
RPQNMLMJKHLGFAB17CC,29,7.69,公共設施,鋼骨造,86年1月31日,二十八層,,
RPQNMLMJKHLGFAB17CC,29,3.48,共有部份,鋼骨造,86年1月31日,二十八層,,
RPSNMLMJKHLGFAB37CC,33,66.65,住家用,鋼筋混凝土造,82年3月18日,五層,,
RPSNMLMJKHLGFAB37CC,33,4.33,共有部份,鋼筋混凝土造,82年3月18日,五層,,
RPTNMLMJKHLGFAB47CC,48,75.03,住家用,鋼筋混凝土造,67年1月21日,四層,,
RPWNMLMJKHLGFAB77CC,25,122.66,集合住宅,鋼筋混凝土造,90年3月21日,二十層,,
RPWNMLMJKHLGFAB77CC,25,14.43,共有部份,鋼筋混凝土造,90年3月21日,二十層,,
RPWNMLMJKHLGFAB77CC,25,53.94,共有部份,鋼筋混凝土造,90年3月21日,二十層,,
RPOOMLMJKHLGFAB07CC,39,112.72,住家用,鋼筋混凝土造,75年11月26日,五層,,
RPVNMLMJKHLGFAB67CC,43,29.41,商業用,鋼筋混凝土造,72年4月27日,十一層,,
RPVNMLMJKHLGFAB67CC,43,6.04,共有部份,鋼筋混凝土造,72年4月27日,十一層,,
RPROMLMJKHLGFAB37CC,38,25.33,住家用,鋼筋混凝土造,76年8月26日,七層,,
RPROMLMJKHLGFAB37CC,38,14.21,梯間，走道，人行道,鋼筋混凝土造,76年8月26日,七層,,
RPSOMLMJKHLGFAB47CC,37,40.83,住家用,鋼筋混凝土造,77年12月24日,五層,,
RPQOMLMJKHLGFAB27CC,1,57.69,集合住宅,鋼筋混凝土造,114年5月21日,二十八層,,
RPSOMLMJKHLGFAB47CC,37,10.51,走道、梯間、門廳、避難室、樓梯,鋼筋混凝土造,77年12月24日,五層,,
RPQOMLMJKHLGFAB27CC,1,39.30,本共有部分係依使用執照之建築概要表記載項目有：防空避難室兼停車空間、排煙室、昇降機道、安全梯間、雨水機房、消防機房、揚水泵機房、水箱、電氣室、機房、停車空間、消防中繼機房、電信室、發電機房、台電配電室、水池機房、台電專用管道間等１７項。,鋼筋混凝土造,114年5月21日,二十八層,,
RPQOMLMJKHLGFAB27CC,1,4.00,本共有部分係依使用執照之建築概要表記載項目有：梯廳、安全梯間、排煙室、走廊、昇降機道、特別安全梯、機車停車區、車道、泳池機房、管委會使用空間、防災中心、垃圾暫存室、機電設備空間、游泳池、門廳等１５項。,鋼筋混凝土造,114年5月21日,二十八層,,
RPQOMLMJKHLGFAB27CC,1,18.24,本共有部分係依使用執照之建築概要表記載項目有：梯廳、走廊、昇降機道、排煙室、特別安全梯、機電設備空間、機械室、樓梯間、水錶室、消防中繼機房、水箱等１１項。,鋼筋混凝土造,114年5月21日,二十八層,,
RPRNMLLMJHLGFCB57CC,17,25.79,店舖、住房,鋼筋混凝土造,97年11月27日,二十二層,,
RPPNMLLJKHLGFCB17CC,16,35.91,共有,鋼筋混凝土造,98年8月13日,二十六層,,
RPQNMLLJKHLGFCB27CC,27,14.21,住家用,鋼筋混凝土造,88年5月29日,八層,,
RPQNMLLJKHLGFCB27CC,27,4.15,共有部份,鋼筋混凝土造,88年5月29日,八層,,
RPPNMLLMJHLGFCB37CC,5,66.61,集合住宅,鋼筋混凝土造,109年8月31日,十四層,,
RPQNMLLJKHLGFCB27CC,27,5.06,共有部份,鋼筋混凝土造,88年5月29日,八層,,
RPPNMLLMJHLGFCB37CC,5,66.09,本共有部份係依使用執照之建築概要表記載項目有：防空避難設備兼停車空間、車道、梯廳兼排煙室、消防機械室、污雨水機械室、蓄水池、安全梯、緊急昇降機道、一般昇降機道、機電設備空間、停車空間、台電配電室、電信室、緊急發電機室、梯廳、排煙室、戶外安全梯、垃圾處理室、管委會使用空間、公共服務空間、走廊、梯間、昇降機道、機械室、電梯機房及水箱等二十六項。,鋼筋混凝土造,109年8月31日,十四層,,
RPRNMLLJKHLGFCB37CC,27,14.21,住家用,鋼筋混凝土造,88年5月29日,八層,,
RPRNMLLJKHLGFCB37CC,27,4.12,共有部份,鋼筋混凝土造,88年5月29日,八層,,
RPRNMLLJKHLGFCB37CC,27,5.06,共有部份,鋼筋混凝土造,88年5月29日,八層,,
RPRPMLMJKHLGFAB47CC,47,75.20,住家用,鋼筋混凝土造,67年11月6日,四層,,
RPXOMLMJKHLGFAB97CC,32,21.19,住家用,鋼筋混凝土造,83年7月14日,十三層,,
RPTOMLMJKHLGFAB57CC,26,94.27,集合住宅,鋼筋混凝土造,89年3月14日,十二層,,
RPRNMLMJKHLGFBB37CC,45,102.42,住家用,鋼筋混凝土造,70年1月30日,五層,,
RPSNMLMJKHLGFBB47CC,39,91.70,住家用,鋼筋混凝土造,76年1月22日,五層,,
RPTOMLMJKHLGFAB57CC,26,12.73,共同使用,鋼筋混凝土造,89年3月14日,十二層,,
RPPNMLMJKHLGFBB17CC,29,103.15,住家用,鋼筋混凝土造,85年8月27日,七層,,
RPSNMLMJKHLGFBB47CC,39,5.92,共有部份,鋼筋混凝土造,76年1月22日,五層,,
RPPNMLMJKHLGFBB17CC,29,4.23,共有部分,鋼筋混凝土造,85年8月27日,七層,,
RPTOMLMJKHLGFAB57CC,26,18.08,共同使用,鋼筋混凝土造,89年3月14日,十二層,,
RPPNMLMJKHLGFBB17CC,29,44.57,共有部分,鋼筋混凝土造,85年8月27日,七層,,
RPXOMLMJKHLGFAB97CC,32,5.91,梯間,鋼筋混凝土造,83年7月14日,十三層,,
RPXOMLMJKHLGFAB97CC,32,5.11,防空避難室兼停車空間．水箱．梯間．機房．停車場,鋼筋混凝土造,83年7月14日,十三層,,
RPUOMLMJKHLGFAB67CC,33,23.11,商業用,鋼筋混凝土造,81年9月14日,十二層,,
RPUOMLMJKHLGFAB67CC,33,.51,電梯間，機械室，水塔,鋼筋混凝土造,81年9月14日,十二層,,
RPUOMLMJKHLGFAB67CC,33,7.80,商業用,鋼筋混凝土造,81年9月14日,十二層,,
RPWOMLMJKHLGFAB87CC,3,59.63,集合住宅,鋼筋混凝土造,112年7月6日,十五層,,
RPSPMLMJKHLGFAB57CC,20,23.41,集合住宅,鋼筋混凝土造,94年12月19日,十二層,,
RPQNMLMJKHLGFBB27CC,38,95.49,住家用,鋼筋混凝土造,77年7月11日,五層,,
RPSPMLMJKHLGFAB57CC,20,7.82,共用部分,鋼筋混凝土造,94年12月19日,十二層,,
RPWOMLMJKHLGFAB87CC,3,58.08,本共有部分係依使用執照之建築概要表記載項目有：停車空間、排煙室、緊急昇降機、昇降機、消防機房、雨水汙水機房、安全梯、水箱、行動不便安全梯、車道、電信機房、防空避難室兼停車空間、台電配電室、機械室、發電機房、水景機房、公共服務空間、管委會空間、環保室、門廳、外廊、梯廳、機房、戶外安全梯、走廊、行動不便戶外安全梯、梯間、水錶室、電梯機房等共計２９項。,鋼筋混凝土造,112年7月6日,十五層,,
RPSPMLMJKHLGFAB57CC,20,5.40,共用部分,鋼筋混凝土造,94年12月19日,十二層,,
RPQNMLMJKHLGFBB27CC,38,5.66,共有部分,鋼筋混凝土造,77年7月11日,五層,,
RPWPMLMJKHLGFAB97CC,31,58.65,住家用,鋼筋混凝土造,84年1月13日,十九層,,
RPVPMLMJKHLGFAB87CC,32,102.56,住家用,鋼筋混凝土造,83年3月17日,十三層,,
RPTPMLMJKHLGFAB67CC,31,23.75,集合住宅,鋼筋混凝土造,84年6月27日,七層,,
RPUNMLMJKHLGFBB67CC,1,101.07,集合住宅,鋼筋混凝土造,114年1月16日,二十四層,,
RPWPMLMJKHLGFAB97CC,31,13.72,共有部分,鋼筋混凝土造,84年1月13日,十九層,,
RPVPMLMJKHLGFAB87CC,32,20.20,防空避難室．水箱．停車空間．梯間．機房,鋼筋混凝土造,83年3月17日,十三層,,
RPTPMLMJKHLGFAB67CC,31,10.08,防空避難室．人行道．水塔．樓梯間．機械室,鋼筋混凝土造,84年6月27日,七層,,
RPUNMLMJKHLGFBB67CC,1,77.25,本共有部份係依使用執照之建築概要表記載項目有：防空避難室兼停車空間，排煙室，樓梯間，一般昇降機，緊急昇降機，汙水機械室，機械室，消防機房，水箱，車道，一般安全梯，停車空間，電信室，水景機械室，戲水池機房，緊急發電機室，台電配電室，消防蓄水池，電錶室，防災中心，消防中繼機房，梯廳，公設管委會使用空間，門廳，儲藏室，管理室，特別安全梯，梯間，消防水箱，水錶箱室，電梯機房等３２項。,鋼筋混凝土造,114年1月16日,二十四層,,
RPWPMLMJKHLGFAB97CC,31,12.36,梯間．水箱．機械室,鋼筋混凝土造,84年1月13日,十九層,,
RPVOMLMJKHLGFAB77CC,35,84.36,住商用,鋼筋混凝土造,79年11月14日,五層,,
RPTNMLMJKHLGFBB57CC,10,61.19,集合住宅,鋼筋混凝土造,104年12月28日,十三層,,
RPOOMLMJKHLGFBB17CC,31,27.72,住家用,鋼筋混凝土造,83年12月14日,十六層,,
RPTNMLMJKHLGFBB57CC,10,27.65,本共有部份係依使用執照之建築概要表記載項目有停車空間，一般安全梯，緊急昇降機，消防機房，機械室，太陽能設備室，防空避難室兼停車空間，台電配電室，緊急發電機室，電信機房，頂蓋型開放空間，門廳，公共服務空間，車道，景觀機房，管委會使用空間，梯廳，排煙室，水箱，泳池設備機房，電錶室，坡道，雨水回收機房，資源回收室，公共管道間：等２５項。,鋼筋混凝土造,104年12月28日,十四層,,
RPOOMLMJKHLGFBB17CC,31,10.68,共有部份,鋼筋混凝土造,83年12月14日,十七層,,
RPTNMLMJKHLGFBB57CC,10,11.32,本共有部份係依使用執照之建築概要表記載項目有：緊急昇降機，排煙室，梯廳，水箱，電梯機房，水錶室，太陽能設備室，一般安全梯等８項。,鋼筋混凝土造,104年12月28日,十四層,,
RPVNMLMJKHLGFBB77CC,32,181.23,住商用,鋼筋混凝土造,82年8月16日,四層,,
RPWNMLMJKHLGFBB87CC,2,76.78,集合住宅,鋼筋混凝土造,113年6月5日,十五層,,
RPWNMLMJKHLGFBB87CC,2,65.56,本共有部份係依使用執照之建築概要表記載項目有：防空避難室兼停車空間，水箱，排煙室，樓梯間，緊急昇降機，一般昇降機，消防機房，雨水機房，機房，緊急發電機室，停車空間，台電配電室，電信室，機車停車空間，梯廳，機電設備空間，頂蓋型開放空間，管委會使用空間，公共服務空間，走廊，資源回收中心，游泳池，梯間，電梯機房，水錶箱室等２５項,鋼筋混凝土造,113年6月5日,十五層,,
RPXNMLMJKHLGFBB97CC,30,109.98,住家用,鋼筋混凝土造,84年11月14日,九層,,
RPXNMLMJKHLGFBB97CC,30,46.67,共有部分,鋼筋混凝土造,84年11月14日,九層,,
RPPOMLMJKHLGFBB27CC,30,24.51,住家用,鋼筋混凝土造,84年11月24日,二十四層,,
RPROMLMJKHLGFBB47CC,37,202.10,住商用,鋼筋混凝土造,77年11月24日,四層,,
RPPOMLMJKHLGFBB27CC,30,16.56,防空避難室，停車空間，門廳，樓梯間，機械室，水箱,鋼筋混凝土造,84年11月24日,二十四層,,
RPSOMLMJKHLGFBB57CC,40,52.28,住家用,鋼筋混凝土造,75年5月8日,五層,,
RPSOMLMJKHLGFBB57CC,40,12.92,共有部分,鋼筋混凝土造,75年5月8日,五層,,
RPUOMLMJKHLGFBB77CC,45,33.55,商業用,鋼骨混凝土造,69年10月21日,十層,,
RPWOMLMJKHLGFBB97CC,30,23.85,住家用,鋼筋混凝土造,84年11月24日,二十四層,,
RPTOMLMJKHLGFBB67CC,30,23.46,住家用,鋼筋混凝土造,85年5月24日,十六層,,
RPWOMLMJKHLGFBB97CC,30,15.36,防空避難室，停車空間，門廳，樓梯間，機械室，水箱,鋼筋混凝土造,84年11月24日,二十四層,,
RPTOMLMJKHLGFBB67CC,30,7.66,共有部分,鋼筋混凝土造,85年5月24日,十六層,,
RPTOMLMJKHLGFBB67CC,30,5.53,共有部分,鋼筋混凝土造,85年5月24日,十六層,,
RPQOMLMJKHLGFBB37CC,34,19.08,住家用,鋼筋混凝土造,80年12月28日,十二層,,
RPQOMLMJKHLGFBB37CC,34,9.09,共有部分,鋼筋混凝土造,80年12月28日,十二層,,
RPQOMLMJKHLGFBB37CC,34,3.55,共有部分,鋼筋混凝土造,80年12月28日,十二層,,
RPRPMLMJKHLGFBB57CC,37,27.66,住家用,鋼筋混凝土造,78年6月13日,八層,,
RPRPMLMJKHLGFBB57CC,37,16.09,共有部分,鋼筋混凝土造,78年6月13日,八層,,
RPOPMLMJKHLGFBB27CC,13,257.05,店舖．住宅．人行道,鋼筋混凝土造,102年5月2日,四層,,
RPPPMLMJKHLGFBB37CC,32,105.43,住家用,鋼筋混凝土造,82年12月24日,七層,,
RPPPMLMJKHLGFBB37CC,32,32.11,共有部分,鋼筋混凝土造,82年12月24日,七層,,
RPSPMLMJKHLGFBB67CC,27,63.59,住家用,鋼筋混凝土造,88年6月24日,十二層,,
RPVOMLMJKHLGFBB87CC,4,86.73,集合住宅,鋼筋混凝土造,111年4月25日,十五層,,
RPSPMLMJKHLGFBB67CC,27,21.04,共有部分,鋼筋混凝土造,88年6月24日,十二層,,
RPVOMLMJKHLGFBB87CC,4,67.34,本共有部分係依使用執照之建築概要表記載項目有：防空避難室兼停車空間、排煙室、樓梯間、昇降機間、消防機房、雨水機房、車道、水箱、停車空間、機械室、台電配電室、電信室、發電機房、門廳、走廊、頂蓋型開放空間、公共服務空間、資源回收中心、梯廳、梯間、水錶箱室、電梯機房等２２項。,鋼筋混凝土造,111年4月25日,十五層,,
RPSPMLMJKHLGFBB67CC,27,6.65,共有部分,鋼筋混凝土造,88年6月24日,十二層,,
RPSPMLMJKHLGFBB67CC,27,15.00,共有部分,鋼筋混凝土造,88年6月24日,十二層,,
RPTPMLMJKHLGFBB77CC,3,60.66,集合住宅,鋼筋混凝土造,112年7月11日,十四層,,
RPXOMLMJKHLGFBB08CC,6,78.30,集合住宅,鋼筋混凝土造,108年11月22日,十五層,,
RPUPMLMJKHLGFBB87CC,11,81.59,集合住宅,鋼筋混凝土造,104年4月23日,二十二層,,
RPTPMLMJKHLGFBB77CC,3,60.38,本共有部份係依使用執照之建築概要表記載項目有：防空避難室兼停車空間，水箱，排煙室，樓梯間，一般昇降機，緊急昇降機，消防機房，雨水處理機房，車道，緊急發電機室，停車空間，台電配電室，電信室，梯廳，門廳，無障礙廁所，管委會空間，公共服務空間，垃圾集中室，梯間，電梯機房，水錶箱室等２２項。,鋼筋混凝土造,112年7月11日,十五層,,
RPXOMLMJKHLGFBB08CC,6,71.56,本共有部分係依使用執照之建築概要表記載項目有：防空避難室兼停車空間、消防機械室、機械室、水箱、排煙室、安全梯、停車空間、台電配電室、景觀機房、發電機室、電錶區、管委會使用空間、走廊、管理室、公共服務空間、頂蓋型開放空間、梯廳、昇降機間、垃圾室、機電設備空間、戶外安全梯、梯間、一般安全梯、水錶室等２４項。,鋼筋混凝土造,108年11月22日,十五層,,
RPUPMLMJKHLGFBB87CC,11,43.66,本共有部分係依使用執照之建築概要表記載項目有：停車空間，消防機房，污水處理機房，水箱，排煙室，梯廳，昇降機間，樓梯間，電信室，緊急發電機室，防空避難室兼停車空間，台電配電室，機車停車區等１３項,鋼筋混凝土造,104年4月23日,二十二層,,
RPUPMLMJKHLGFBB87CC,11,19.35,本共有部分係依使用執照之建築概要表記載項目有：人行道，門廳，公共服務空間，排煙室，梯廳，外廊，樓梯間，昇降機間，垃圾集中室，走廊，中繼機房，梯間，電梯機房，水錶箱室，水箱等１５項,鋼筋混凝土造,104年4月23日,二十二層,,
RPQPMLMJKHLGFBB47CC,33,104.71,住家用,鋼筋混凝土造,82年5月11日,十二層,,
RPVPMLMJKHLGFBB97CC,36,20.69,集合住宅,鋼筋混凝土造,79年2月9日,七層,,
RPQPMLMJKHLGFBB47CC,33,24.26,共有部分,鋼筋混凝土造,82年5月11日,十二層,,
RPVPMLMJKHLGFBB97CC,36,6.60,共有部分,鋼筋混凝土造,79年2月9日,七層,,
RPRNMLMJKHLGFCB47CC,20,25.00,住家用,鋼筋混凝土造,95年6月28日,十層,,
RPWPMLMJKHLGFBB08CC,18,44.39,住家用,鋼筋混凝土造,96年12月31日,十四層,,
RPWPMLMJKHLGFBB08CC,18,20.82,共有部分,鋼筋混凝土造,96年12月31日,十四層,,
RPTNMLMJKHLGFCB67CC,20,25.00,住家用,鋼筋混凝土造,95年6月28日,十層,,
RPQNMLMJKHLGFCB37CC,7,45.74,集合住宅,鋼筋混凝土造,107年11月26日,十五層,,
RPQNMLMJKHLGFCB37CC,7,13.06,本共有部分係依使用執照之建築概要表記載項目有：停車空間、車道、梯廳、一般安全梯、昇降機、進氣管道、排氣管道、消防機房、雨水機房、Ａ＋Ｂ梯水箱、電信機房、防空避難室兼停車空間、台電配電室、發電機室、洗衣間、管委會使用空間、門廳、排煙室、機車停車區、走廊等２０項。,鋼筋混凝土造,107年11月26日,十五層,,
RPQNMLMJKHLGFCB37CC,7,11.02,本共有部分係依使用執照之建築概要表記載項目有：排煙室、梯廳、特別安全梯、昇降機、緊急升降機、走廊、戶外安全梯、樓梯間、機械室、水箱等１０項。,鋼筋混凝土造,107年11月26日,十五層,,
RPUNMLMJKHLGFCB77CC,20,11.00,住家用,鋼筋混凝土造,95年6月28日,十層,,
RPVNMLMJKHLGFCB87CC,33,305.50,住商用,鋼筋混凝土造,82年6月12日,三層,,
RPWNMLMJKHLGFCB97CC,31,114.00,住家用,鋼筋混凝土造,84年1月16日,十七層,,
RPWNMLMJKHLGFCB97CC,31,55.18,共有部份,鋼筋混凝土造,84年1月16日,十七層,,
RPXNMLMJKHLGFCB08CC,51,92.10,住家用,鐵筋加強磚造,64年5月16日,二層,,
RPQOMLMJKHLGFCB47CC,35,164.86,住家用,鋼筋混凝土造,79年11月20日,十五層,,
RPQOMLMJKHLGFCB47CC,35,23.03,共有部份,鋼筋混凝土造,79年11月20日,十五層,,
RPWOMLMJKHLGFCB08CC,31,66.33,住家用,鋼筋混凝土造,83年11月11日,七層,,
RPWOMLMJKHLGFCB08CC,31,31.02,共有部分,鋼筋混凝土造,83年11月11日,七層,,
RPROMLMJKHLGFCB57CC,29,14.15,住家用,鋼筋混凝土造,86年4月8日,十三層,,
RPOOMLMJKHLGFCB27CC,30,24.38,住家用,鋼筋混凝土造,85年1月19日,十四層,,
RPROMLMJKHLGFCB57CC,29,8.25,共有部份,鋼筋混凝土造,86年4月8日,十三層,,
RPOOMLMJKHLGFCB27CC,30,22.01,共有部份,鋼筋混凝土造,85年1月19日,十四層,,
RPPOMLMJKHLGFCB37CC,34,133.77,住家用,鋼筋混凝土造,80年12月11日,十六層,,
RPPOMLMJKHLGFCB37CC,34,21.22,共有部份,鋼筋混凝土造,80年12月11日,十六層,,
RPSOMLMJKHLGFCB67CC,19,38.61,住家用,鋼筋混凝土造,95年11月24日,十四層,,
RPSOMLMJKHLGFCB67CC,19,29.10,共用,鋼筋混凝土造,95年11月24日,十四層,,
RPPPMLMJKHLGFCB47CC,46,15.24,住商用,鋼筋混凝土造,68年10月8日,三層,,
RPVOMLMJKHLGFCB97CC,2,133.24,集合住宅,鋼骨造,112年9月23日,三十五層,,
RPVOMLMJKHLGFCB97CC,2,133.22,本共有部分係依使用執照之建築概要表記載項目有：停車空間，汽車車道，消防機房及雨水機房，機房，安全梯，緊急昇降機，昇降機，排煙室兼梯廳，梯廳，特別安全梯，進風機房，排風機房，水箱，泵浦室，電信室，防空避難室兼停車空間，機車停車空間，台電配電場所，電錶室，防災中心，台電通道，管委會使用空間，車道，門廳，環保室，警衛室，排煙室，發電機室，消防中繼機房，消防中繼水箱，走廊，中繼機房，機械室，梯間，消防屋頂水箱，自來水水箱等３６項,鋼骨造,112年9月23日,三十五層,,
RPXOMLMJKHLGFCB18CC,31,108.08,住家用,鋼筋混凝土造,83年11月11日,八層,,
RPXOMLMJKHLGFCB18CC,31,46.08,共有部份,鋼筋混凝土造,83年11月11日,八層,,
RPQPMLMJKHLGFCB57CC,30,27.20,住家用,鋼筋混凝土造,85年5月27日,十九層,,
RPQPMLMJKHLGFCB57CC,30,7.18,共有部份,鋼筋混凝土造,85年5月27日,十九層,,
RPQPMLMJKHLGFCB57CC,30,4.28,共有部份,鋼筋混凝土造,85年5月27日,十九層,,
RPWPMLMJKHLGFCB18CC,15,113.94,住家用,鋼筋混凝土造,100年4月28日,十二層,,
RPWPMLMJKHLGFCB18CC,15,71.36,本共有部分之項目有停車空間、污水處理機房、水箱、樓梯間、梯廳、昇降機間、車道、消防機房、機車停車區、防空避難室兼停車空間、噴灌機房、台電配電室、緊急發電機室、電信室、門廳、廣場式開放空間頂蓋型、管委會使用空間（管理室）、管委會使用空間（會議室）、垃圾集中處、電梯機房等二十項,鋼筋混凝土造,100年4月28日,十二層,,
RPSPMLMJKHLGFCB77CC,3,19.93,寄宿舍,鋼筋混凝土造,111年7月28日,七層,,
RPSPMLMJKHLGFCB77CC,3,13.60,本共有部分係依使用執照之建築概要表記載項目有：防空避難室兼停車空間、台電配電室、消防及發電機房、電信室、水箱、樓梯間、無障礙昇降機、梯廳、辦公室、管委會使用空間、親子廁所、無障礙廁所、資源回收空間、機房、機房＋管道間、走廊、車道、管道間等十八項。,鋼筋混凝土造,111年7月28日,七層,,
RPTPMLMJKHLGFCB87CC,3,27.54,寄宿舍,鋼筋混凝土造,111年7月28日,七層,,
RPTPMLMJKHLGFCB87CC,3,18.77,本共有部分係依使用執照之建築概要表記載項目有：防空避難室兼停車空間、台電配電室、消防及發電機房、電信室、水箱、樓梯間、無障礙昇降機、梯廳、辦公室、管委會使用空間、親子廁所、無障礙廁所、資源回收空間、機房、機房＋管道間、走廊、車道、管道間等十八項。,鋼筋混凝土造,111年7月28日,七層,,
RPPNMLMJKHLGFDB37CC,29,125.72,商業用,鋼筋混凝土造,86年6月2日,十三層,,
RPPNMLMJKHLGFDB37CC,29,68.84,共用部份,鋼筋混凝土造,86年6月2日,十三層,,
RPPNMLMJKHLGFEB47CC,48,197.18,住家用,加強磚造,67年7月15日,三層,,
RPQNMLMJKHLGFDB47CC,30,60.20,住家用,鋼筋混凝土造,85年7月17日,二十層,,
RPQNMLMJKHLGFDB47CC,30,22.87,共用部份,鋼筋混凝土造,85年7月17日,二十層,,
RPQNMLMJKHLGFDB47CC,30,6.07,停車空間,鋼筋混凝土造,85年7月17日,二十層,,
RPRPMLMJKHLGFCB67CC,30,15.81,住家用,鋼筋混凝土造,84年11月10日,六層,,
RPVPMLMJKHLGFCB08CC,33,41.50,住家用,鋼筋混凝土造,81年11月13日,十六層,,
RPRPMLMJKHLGFCB67CC,30,4.82,共有部份,鋼筋混凝土造,84年11月10日,六層,,
RPVPMLMJKHLGFCB08CC,33,23.55,共有部分,鋼筋混凝土造,81年11月13日,十六層,,
RPRPMLMJKHLGFCB67CC,30,.93,共有部份,鋼筋混凝土造,84年11月10日,六層,,
RPRPMLMJKHLGFCB67CC,30,1.84,共有部份,鋼筋混凝土造,84年11月10日,六層,,
RPPNMLMJKHLGFFB57CC,3,53.65,集合住宅,鋼筋混凝土造,111年10月6日,十五層,,
RPPNMLMJKHLGFFB57CC,3,11.17,消防機房、機房、水箱、雨水機房、污水機房、安全梯、排風管道、電信室、防空避難室兼停車空間、台電配電室、發電機房、管委會使用空間、水景機房、泳池機房、游泳池、梯廳、風除室、外廊、大廳、警衛室等２０項,鋼筋混凝土造,111年10月6日,十五層,,
RPUPMLMJKHLGFCB97CC,30,89.97,住家用,鋼筋混凝土造,84年8月17日,十六層,,
RPPNMLMJKHLGFFB57CC,3,14.96,排煙室、升降機、緊急升降機兼無障礙升降機、特別安全梯、梯廳、機房、電梯機房、水錶室、消防水箱、自來水箱等１０項,鋼筋混凝土造,111年10月6日,十五層,,
RPUPMLMJKHLGFCB97CC,30,29.67,共有部份,鋼筋混凝土造,84年8月17日,十六層,,
RPPNMLMJKHLGFFB57CC,3,32.71,停車空間、防空避難室兼停車空間等２項,鋼筋混凝土造,111年10月6日,十五層,,
RPUPMLMJKHLGFCB97CC,30,14.10,共有部份,鋼筋混凝土造,84年8月17日,十六層,,
RPQNMLMJKHLGFFB67CC,1,59.82,集合住宅,鋼筋混凝土造,114年6月27日,十五層,,
RPQNMLMJKHLGFFB67CC,1,60.37,防空避難室兼停車空間、樓梯間、昇降機間、車道、雨汙水機房、消防機房、水箱、排煙室、停車空間、電信機房、機房、緊急發電機室、台電配電室、機車停車區、梯廳、社區交誼空間、垃圾集中室、門廳、管委會空間、管道間、梯間、水錶室、電梯機房等２３項。,鋼筋混凝土造,114年6月27日,十五層,,
RPXNMLMJKHLGFFB38CC,14,66.03,住家用,鋼筋混凝土造,101年3月12日,九層,,
RPXNMLMJKHLGFFB38CC,14,39.70,防空避難室兼停車空間、車道、安全梯電梯間〔昇降機間〕、机械室、蓄水池、管理員室、台電配電室、梯廳、電信室、門廊、外廊、管委會使用、空間〔社區活動中心〕,鋼筋混凝土造,101年3月12日,九層,,
RPXNMLMJKHLGFFB38CC,14,14.20,安全梯〔昇降機間〕、機械室、樓梯間、水箱,鋼筋混凝土造,101年3月12日,九層,,
RPSNMLMJKHLGFFB87CC,8,74.02,集合住宅,鋼筋混凝土造,106年9月5日,十五層,,
RPVNMLMJKHLGFFB18CC,2,65.49,集合住宅,鋼筋混凝土造,112年11月20日,二十四層,,
RPSNMLMJKHLGFFB87CC,8,9.62,管委會使用空間〔蒸氣室，更衣室，交誼室兼閱讀室，兒童遊戲室，健身房，管理中心，儲藏室〕，廁所，門廳，儲藏室，通廊，信箱間，前廳〔風除室〕，門廊，管委會使用空間〔垃圾儲藏室〕，防空避難室兼停車空間，車道，游泳池機房，機房，垃圾車暫停車位，電信室，排風機房，機車停車空間，水箱機房，進風機房，發電機機房，公共水箱，消防泵浦室，雨水及汙水機房,鋼筋混凝土造,106年9月5日,十五層,,
RPSNMLMJKHLGFFB87CC,8,1.02,安全梯﹝無障礙樓梯﹞、台電配電室、電錶區、受電箱、甲梯安全梯,鋼筋混凝土造,106年9月5日,十五層,,
RPVNMLMJKHLGFFB18CC,2,62.79,防空避難室兼停車空間、排煙室、水箱、車道、消防機械室、雨污水機房、緊急昇降機行動不便者、一般昇降機、安全梯、停車空間、消防中繼水箱、消防中繼機械室、台電配電室、電信室、發電機室、水景機房、泳池機房、機車停車空間、特別安全梯、管委會使用空間、走廊、垃圾暫存室、防災中心、梯廳、水錶室、消防中繼機房、機械室等２７項。,鋼筋混凝土造,112年11月20日,二十四層,,
RPSNMLMJKHLGFFB87CC,8,20.24,排煙室，梯廳兼排煙室，特別安全梯，特別安全梯〔無障礙樓梯〕，樓梯間，水錶室，排煙機房，消防水箱，電梯機房，水箱機房，管道間,鋼筋混凝土造,106年9月5日,十五層,,
RPRNMLMJKHLGFFB77CC,6,51.10,集合住宅,鋼筋混凝土造,109年7月24日,十五層,,
RPTNMLMJKHLGFFB97CC,3,57.30,集合住宅,鋼筋混凝土造,111年10月6日,十五層,,
RPSNMLMJKHLGFFB87CC,8,34.35,防空避難室兼停車空間、車道、停車空間,鋼筋混凝土造,106年9月5日,十五層,,
RPRNMLMJKHLGFFB77CC,6,31.69,停車空間，汽車坡道，防空避難室兼停車空間等３項。,鋼筋混凝土造,109年7月24日,十五層,,
RPTNMLMJKHLGFFB97CC,3,11.39,消防機房、機房、水箱、雨水機房、污水機房、安全梯、排風管道、電信室、防空避難室兼停車空間、台電配電室、發電機房、管委會使用空間、水景機房、泳池機房、游泳池、梯廳、風除室、外廊、大廳、警衛室等２０項,鋼筋混凝土造,111年10月6日,十五層,,
RPTNMLMJKHLGFFB97CC,3,16.72,排煙室、升降機、緊急升降機兼無障礙升降機、通風管道、特別安全梯、梯廳、走道、梯廳兼排煙室、電梯機房、水錶室、消防水箱、自來水箱等１２項,鋼筋混凝土造,111年10月6日,十五層,,
RPRNMLMJKHLGFFB77CC,6,8.92,消防機房，水箱，梯間，污／雨水機房，進風機房，機械室，排風機房，公用水箱揚水機房，機械區，電信機房，公共水箱，台電配電室，發電機室，管委會使用空間，受電區，景觀機房，泳池機房，電表區，機車坡道，防空避難室兼停車空間，梯廳，警衛室，走廊，特別安全梯，游泳池，汽車坡道，大廳等２７項,鋼筋混凝土造,109年7月24日,十五層,,
RPTNMLMJKHLGFFB97CC,3,32.71,停車空間、防空避難室兼停車空間等２項,鋼筋混凝土造,111年10月6日,十五層,,
RPRNMLMJKHLGFFB77CC,6,14.70,排煙室，梯廳兼排煙室，特別安全梯，梯廳，走道，機房，噴灌機房，梯間，電梯機房，消防水箱，水表室，機械室，水箱等１３項,鋼筋混凝土造,109年7月24日,十五層,,
RPRNMLMJKHLGFHB97CC,28,90.94,住家用,鋼筋混凝土造,87年5月1日,八層,,
RPRNMLMJKHLGFHB97CC,28,5.10,共用部份,鋼筋混凝土造,87年5月1日,八層,,
RPRNMLMJKHLGFHB97CC,28,36.53,共用部份,鋼筋混凝土造,87年5月1日,八層,,
RPPOMLMJKHLGFFB67CC,2,70.67,集合住宅,鋼筋混凝土造,113年7月1日,十三層,,
RPPOMLMJKHLGFFB67CC,2,63.09,停車空間、昇降設備、安全梯、排煙室兼緊急昇降機間、水箱、雨污水機房、消防機械室、車道、台電配電場所、緊急發電機室、電信室、防空避難室兼停車空間、公共服務空間、管委會空間、梯廳、門廳、戶外安全梯、管委會空間（垃圾集中貯存空間）、樓梯間、電梯機房等共計２０項。,鋼筋混凝土造,113年7月1日,十三層,,
RPSNMLMJKHLGFHB08CC,32,91.18,住家用,鋼筋混凝土造,82年11月6日,七層,,
RPSNMLMJKHLGFHB08CC,32,31.25,共有部分,鋼筋混凝土造,82年11月6日,七層,,
RPPNMLMJKHLGFIB87CC,47,84.19,住家用,鋼筋混凝土造,67年8月1日,四層,,
RPPNMLMJKHLGFIB87CC,47,12.07,共有部份,鋼筋混凝土造,67年8月1日,四層,,
RPUNMLMJKHLGFIB38CC,30,88.34,集合住宅,鋼筋混凝土造,84年10月3日,十層,,
RPUNMLMJKHLGFIB38CC,30,27.55,共有部分,鋼筋混凝土造,84年10月3日,十層,,
RPQNMLMJKHLGFJB08CC,32,95.57,集合住宅,鋼筋混凝土造,82年9月1日,八層,,
RPQNMLMJKHLGFJB08CC,32,12.04,共有部份,鋼筋混凝土造,82年9月1日,八層,,
RPRNMLMJKHLGFIB08CC,55,85.60,住家用,鐵筋加強磚造蓋瓦頂,59年10月1日,二層,,
RPPNMLMJKHLGFJB97CC,33,40.57,集合住宅,鋼筋混凝土造,82年4月15日,七層,,
RPSNMLMJKHLGFIB18CC,4,77.57,集合住宅,鋼筋混凝土造,110年12月28日,十二層,,
RPPNMLMJKHLGFJB97CC,33,18.69,共有部份,鋼筋混凝土造,82年4月15日,七層,,
RPTNMLMJKHLGFHB18CC,25,153.32,住宅、梯間,鋼筋混凝土造,89年10月18日,三層,,
RPTNMLMJKHLGFIB28CC,34,91.72,集合住宅,鋼筋混凝土造,80年9月1日,七層,,
RPSNMLMJKHLGFIB18CC,4,80.16,本共有部分之項目有停車空間、一般安全梯、雨／污水機房、消防機房、水箱、防空避難室兼停車空間、台電配電室、電信室、緊急發電機室、公共服務空間、梯廳、管委會使用空間、樓梯間、梯間、機械室、機房等十六項。,鋼筋混凝土造,110年12月28日,十二層,,
RPTNMLMJKHLGFIB28CC,34,36.63,共有部份,鋼筋混凝土造,80年9月1日,七層,,
RPVNMLMJKHLGFIB48CC,35,89.10,集合住宅,鋼筋混凝土造,80年4月15日,六層,,
RPVNMLMJKHLGFIB48CC,35,28.03,共有部份,鋼筋混凝土造,80年4月15日,六層,,
RPRNMLMJKHLGFJB18CC,30,180.73,人行道、店住宅、梯間,鋼筋混凝土造,84年9月11日,三層,,
RPSNMLMJKHLGFJB28CC,43,79.15,住宅、梯間,鋼筋混凝土造,71年12月15日,五層,,
RPSNMLMJKHLGFJB28CC,43,1.63,防空避難室,鋼筋混凝土造,71年12月15日,,,
RPSNMLMJKHLGFJB28CC,43,1.20,共有部份,鋼筋混凝土造,71年12月15日,五層,,
RPQNMLMJKHLGFIB97CC,3,49.47,集合住宅,鋼筋混凝土造,111年8月5日,二十層,,
RPQNMLMJKHLGFIB97CC,3,33.22,停車空間、梯廳、昇降機、無障礙電梯、樓梯間、車道、機房、雨、污水機械室、消防機械室兼消防中繼機械室、水箱、機械室、公共水箱、泳池機房、水景機房、機房機械室、電信室、發電機房、垃圾貯存空間、台電配電場所、電錶區等２０項。,鋼筋混凝土造,111年8月5日,二十層,,
RPQNMLMJKHLGFIB97CC,3,16.13,管委會使用空間、梯廳、排煙室、緊急昇降機、昇降機、無障礙電梯、防災中心、警衛室、游泳池、樓梯間、水錶室、消防中繼機械室、消防水箱、設備空間、機械室、自來水箱等１６項。,鋼筋混凝土造,111年8月5日,二十層,,
RPUNMLMJKHLGFJB48CC,13,174.32,人行道、店舖、住宅,鋼筋混凝土造,102年1月24日,四層,,
RPRNMLNJKHLGFAB37CC,35,92.89,住家用,鋼筋混凝土造,80年7月3日,七層,,
RPTNMLMJKHLGFJB38CC,26,14.00,住家用,鋼筋混凝土造,88年9月9日,十層,,
RPRNMLNJKHLGFAB37CC,35,6.37,梯間、水塔、機械房,鋼筋混凝土造,80年7月3日,七層,,
RPTNMLMJKHLGFJB38CC,26,7.03,防空避難室兼停車空間、梯間、機械室、水箱,鋼筋混凝土造,88年9月9日,十層,,
RPRNMLMJKHLGFKB28CC,1,52.28,集合住宅,鋼筋混凝土造,114年4月2日,七層,,
RPQNMLMJKHLGFKB18CC,33,10.00,住家用,鋼筋混凝土造,82年3月17日,五層,,
RPRNMLMJKHLGFKB28CC,1,39.90,防空避難室兼停車空間、梯廳、梯間、消防機械室兼發電機室、雨汙水機室、水箱、電信室、管委會服務空間、公共服務空間、機車停車空間、台電配電室、受電箱區、樓梯間、水錶室、機械室,鋼筋混凝土造,114年4月2日,七層,,
RPPNMLMJKHLGFKB08CC,24,190.82,水箱、住宅,鋼筋混凝土造,90年9月26日,四層,,
RPPNMLNJKHLGFAB17CC,34,29.16,住家用,鋼筋混凝土造,80年11月18日,十二層,,
RPPNMLNJKHLGFAB17CC,34,5.91,共有部分,鋼筋混凝土造,80年11月18日,十二層,,
RPTNMLNJKHLGFAB57CC,21,76.68,集合住宅,鋼筋混凝土造,94年6月2日,十四層,,
RPSNMLNJKHLGFAB47CC,36,25.25,住家用,鋼筋混凝土造,79年6月7日,五層,,
RPTNMLNJKHLGFAB57CC,21,30.56,共用,鋼筋混凝土造,94年6月2日,十四層,,
RPUNMLNJKHLGFAB67CC,36,25.25,住家用,鋼筋混凝土造,79年6月7日,五層,,
RPWNMLNJKHLGFAB87CC,30,27.90,集合住宅,鋼筋混凝土造,84年12月7日,十二層,,
RPWNMLNJKHLGFAB87CC,30,10.68,防空避難室兼停車空間．人行道．梯間．機械室．水箱,鋼筋混凝土造,84年12月7日,十二層,,
RPVNMLNJKHLGFAB77CC,29,32.62,集合住宅,鋼筋混凝土造,85年8月12日,八層,,
RPVNMLNJKHLGFAB77CC,29,2.53,共同使用,鋼筋混凝土造,85年8月12日,八層,,
RPVNMLNJKHLGFAB77CC,29,13.52,共同使用,鋼筋混凝土造,85年8月12日,八層,,
RPXNMLNJKHLGFAB97CC,44,97.92,住家用,鋼筋混凝土造,70年12月31日,五層,,
RPOOMLNJKHLGFAB17CC,29,24.38,住家用,鋼骨造,86年1月31日,二十八層,,
RPOOMLNJKHLGFAB17CC,29,1.17,共同使用,鋼骨造,86年1月31日,二十八層,,
RPOOMLNJKHLGFAB17CC,29,7.45,公共設施,鋼骨造,86年1月31日,二十八層,,
RPOOMLNJKHLGFAB17CC,29,4.55,共有部分,鋼骨造,86年1月31日,二十八層,,
RPQNMLNJKHLGFBB37CC,41,99.51,住家用,鋼筋混凝土造,73年8月16日,五層,,
RPPNMLNJKHLGFBB27CC,44,70.31,住家用,鋼筋混凝土造,70年10月30日,三層,,
RPROMLNJKHLGFAB47CC,30,33.06,集合住宅,鋼筋混凝土造,85年3月28日,七層,,
RPOPMLNJKHLGFAB27CC,32,21.12,住家用,鋼筋混凝土造,83年7月14日,十三層,,
RPOPMLNJKHLGFAB27CC,32,5.89,梯間,鋼筋混凝土造,83年7月14日,十三層,,
RPOPMLNJKHLGFAB27CC,32,5.09,防空避難室兼停車空間．水箱．梯間．機房．停車場,鋼筋混凝土造,83年7月14日,十三層,,
RPRNMLNJKHLGFBB47CC,2,49.58,集合住宅,鋼筋混凝土造,113年5月27日,十二層,,
RPPPMLNJKHLGFAB37CC,31,113.84,集合住宅,鋼筋混凝土造,83年11月8日,九層,,
RPRNMLNJKHLGFBB47CC,2,54.66,本共有部分係依使用執照之建築概要表記載項目有：防空避難室兼停車空間，排煙室，樓梯間，一般昇降機，緊急昇降機，水箱，消防機房，污水機房，車道，停車空間，緊急發電機室，台電配電室，電信室，景觀機房，機車停車區，梯廳，門廳，垃圾集中室，管委會空間，梯間，電梯機房等２１項。,鋼筋混凝土造,113年5月27日,十二層,,
RPPPMLNJKHLGFAB37CC,31,6.83,停車空間,鋼筋混凝土造,83年11月8日,九層,,
RPPPMLNJKHLGFAB37CC,31,22.42,水塔．樓梯間，機械室，防空避難室,鋼筋混凝土造,83年11月8日,九層,,
RPSOMLNJKHLGFAB57CC,31,87.10,住家用,鋼筋混凝土造,83年9月12日,十六層,,
RPTOMLNJKHLGFAB67CC,31,90.05,集合住宅,鋼筋混凝土造,84年5月25日,十六層,,
RPSOMLNJKHLGFAB57CC,31,30.41,防空避難室、停車空間、人行道、水塔、樓梯間、機械室,鋼筋混凝土造,83年9月12日,十六層,,
RPTOMLNJKHLGFAB67CC,31,32.50,防空避難室，停車空間，受電室，人行道，樓梯間，機械室，水塔，辦公室，機電室,鋼筋混凝土造,84年5月25日,十六層,,
RPSNMLNJKHLGFBB57CC,12,16.76,店舖、住宅、樓梯間、停車空間、人行道,鋼筋混凝土造,103年1月10日,五層,,
RPQOMLNJKHLGFAB37CC,30,23.54,集合住宅,鋼筋混凝土造,85年3月28日,七層,,
RPXOMLNJKHLGFAB08CC,21,74.49,人行道，店舖，住宅，樓梯間,鋼筋混凝土造,94年1月31日,四層,,
RPWOMLNJKHLGFAB97CC,44,76.31,住家用,鋼筋混凝土造,70年11月30日,五層,,
RPWOMLNJKHLGFAB97CC,44,5.84,共有部份,鋼筋混凝土造,70年11月30日,五層,,
RPPOMLNJKHLGFAB27CC,29,24.38,住家用,鋼骨造,86年1月31日,二十八層,,
RPPOMLNJKHLGFAB27CC,29,1.17,共同使用,鋼骨造,86年1月31日,二十八層,,
RPPOMLNJKHLGFAB27CC,29,7.45,公共設施,鋼骨造,86年1月31日,二十八層,,
RPPOMLNJKHLGFAB27CC,29,4.55,共有部分,鋼骨造,86年1月31日,二十八層,,
RPUOMLNJKHLGFAB77CC,15,40.98,辦公室,鋼筋混凝土造,100年6月3日,十層,,
RPVNMLNJKHLGFBB87CC,27,24.77,住家用,鋼筋混凝土造,88年6月16日,二十層,,
RPUOMLNJKHLGFAB77CC,15,15.56,本共有部分係依使用執照之建築概要表記載項目有：梯廳、管委會使用空間、停車空間、行動不便者電梯、甲安全梯、乙戶外安全梯、丙戶外安全梯、丁安全梯、機車車道、汽車車道、頂蓋廣場開放空間、門廳、人行道、垃圾集中＆資源分類室、電梯機房、梯間、機房、給水水箱、屋頂裝飾物等共１９項,鋼筋混凝土造,100年6月3日,十層,,
RPTNMLNJKHLGFBB67CC,30,23.85,住家用,鋼筋混凝土造,84年11月24日,二十四層,,
RPVNMLNJKHLGFBB87CC,27,4.21,共有部分,鋼筋混凝土造,88年6月16日,二十層,,
RPUOMLNJKHLGFAB77CC,15,7.80,本共有部分係依使用執照之建築概要表記載項目有：台電配電室、受電箱、電錶箱、甲安全梯、丁安全梯、防空避難室兼停車空間、發電機室、電信室、汽車車道、電錶區、消防機房、污水機房、停車空間、蓄水池、行動不便者電梯等共１５項,鋼筋混凝土造,100年6月3日,十層,,
RPTNMLNJKHLGFBB67CC,30,16.16,防空避難室，停車空間，門廳，樓梯間，機械室，水箱,鋼筋混凝土造,84年11月24日,二十四層,,
RPVNMLNJKHLGFBB87CC,27,.87,共有部分,鋼筋混凝土造,88年6月16日,二十層,,
RPVNMLNJKHLGFBB87CC,27,7.82,共有部分,鋼筋混凝土造,88年6月16日,二十層,,
RPQPMLNJKHLGFAB47CC,33,71.99,住家用,鋼筋混凝土造,81年12月17日,七層,,
RPQPMLNJKHLGFAB47CC,33,8.25,共有部分,鋼筋混凝土造,81年12月17日,七層,,
RPOOMLNJKHLGFBB27CC,22,127.06,住家用,ＲＣ造,92年12月4日,四層,,
RPXNMLNJKHLGFBB08CC,29,82.07,住家用,鋼筋混凝土造,86年4月16日,二十四層,,
RPPOMLNJKHLGFBB37CC,30,23.70,住家用,鋼筋混凝土造,84年11月24日,二十四層,,
RPXNMLNJKHLGFBB08CC,29,.00,共有部份,鋼筋混凝土造,86年4月16日,二十四層,,
RPPOMLNJKHLGFBB37CC,30,13.76,防空避難室，停車空間，門廳，樓梯間，機械室，水箱,鋼筋混凝土造,84年11月24日,二十四層,,
RPXNMLNJKHLGFBB08CC,29,23.14,共有部份,鋼筋混凝土造,86年4月16日,二十四層,,
RPXNMLNJKHLGFBB08CC,29,.00,共有部份,鋼筋混凝土造,86年4月16日,二十四層,,
RPXNMLNJKHLGFBB08CC,29,.00,共有部份,鋼筋混凝土造,86年4月16日,二十四層,,
RPQOMLNJKHLGFBB47CC,22,45.54,住家用,ＲＣ造,92年12月4日,四層,,
RPROMLNJKHLGFBB57CC,34,98.76,住家用,鋼筋混凝土造,80年9月12日,七層,,
RPSOMLNJKHLGFBB67CC,32,75.82,住家用,鋼筋混凝土造,83年1月13日,七層,,
RPROMLNJKHLGFBB57CC,34,26.79,共有部分,鋼筋混凝土造,80年9月12日,七層,,
RPSOMLNJKHLGFBB67CC,32,29.91,共有部分,鋼筋混凝土造,83年1月13日,七層,,
RPSPMLNJKHLGFBB77CC,32,20.63,住家用,鋼筋混凝土造,83年2月7日,十八層,,
RPSPMLNJKHLGFBB77CC,32,9.13,共有部份,鋼筋混凝土造,83年2月7日,十八層,,
RPUOMLNJKHLGFBB87CC,56,120.40,商業用,鋼筋混凝土加強磚造,59年5月11日,二層,,
RPRPMLNJKHLGFBB67CC,30,21.26,住家用,鋼筋混凝土造,84年11月24日,二十四層,,
RPRPMLNJKHLGFBB67CC,30,11.57,防空避難室，停車空間，門廳，樓梯間，機械室，水箱,鋼筋混凝土造,84年11月24日,二十四層,,
RPQPMLNJKHLGFBB57CC,27,162.27,住宅．停車空間,鋼筋混凝土造,88年3月10日,四層,,
RPVOMLNJKHLGFBB97CC,2,59.79,集合住宅,鋼筋混凝土造,113年6月5日,十五層,,
RPWOMLNJKHLGFBB08CC,5,76.74,集合住宅,鋼筋混凝土造,109年11月24日,十二層,,
RPVOMLNJKHLGFBB97CC,2,57.17,本共有部份係依使用執照之建築概要表記載項目有：防空避難室兼停車空間，水箱，排煙室，樓梯間，緊急昇降機，一般昇降機，消防機房，雨水機房，機房，緊急發電機室，停車空間，台電配電室，電信室，機車停車空間，梯廳，機電設備空間，頂蓋型開放空間，管委會使用空間，公共服務空間，走廊，資源回收中心，游泳池，梯間，電梯機房，水錶箱室等２５項,鋼筋混凝土造,113年6月5日,十五層,,
RPWOMLNJKHLGFBB08CC,5,82.77,本共有部分係依使用執照之建築概要表記載項目有：停車空間、消防機房、水箱、安全梯、昇降機道、車道、景觀機房、梯廳、機房、發電機房、防空避難室兼停車空間、台電配電室、電信室、管委會空間、資源回收室、樓梯間、電梯機房、水箱室等１８項。,鋼筋混凝土造,109年11月24日,十二層,,
RPTOMLNJKHLGFBB77CC,39,93.91,住家用,鋼筋混凝土造,76年6月25日,五層,,
RPQNMLNJKHLGFCB47CC,19,77.30,住家用,鋼筋混凝土造,96年2月8日,十二層,,
RPUPMLNJKHLGFBB97CC,45,22.26,商業用,鋼骨混凝土造,69年10月21日,十層,,
RPQNMLNJKHLGFCB47CC,19,17.89,共用,鋼筋混凝土造,96年2月8日,十二層,,
RPQNMLNJKHLGFCB47CC,19,10.07,共用,鋼筋混凝土造,96年2月8日,十二層,,
RPXOMLNJKHLGFBB18CC,12,16.76,店舖、住宅、樓梯間、停車空間、人行道,鋼筋混凝土造,103年1月10日,五層,,
RPTPMLNJKHLGFBB87CC,,94.61,集合住宅,鋼筋混凝土造,114年7月28日,十四層,,
RPPPMLNJKHLGFBB47CC,30,21.28,住家用,鋼筋混凝土造,84年11月24日,二十四層,,
RPTPMLNJKHLGFBB87CC,,31.15,本共有部分係依使用執照之建築概要表記載項目有：管委會空間，梯廳兼排煙室，梯廳，一般昇降機間，緊急昇降機間，戶外安全梯，無障礙戶外安全梯，無障礙室內安全梯，健身房，車道，外廊，廁所，一般安全梯，水錶室，機械室，水箱等十六項,鋼筋混凝土造,114年7月28日,十四層,,
RPPPMLNJKHLGFBB47CC,30,11.77,防空避難室，停車空間，門廳，樓梯間，機械室，水箱,鋼筋混凝土造,84年11月24日,二十四層,,
RPTPMLNJKHLGFBB87CC,,56.95,本共有部分係依使用執照之建築概要表記載項目有：停車空間，水箱，一般昇降機間，緊急昇降機間，梯廳兼排煙室，無障礙室內安全梯，自來水進水過濾室，緊急發電機室，電錶室，台電配電室，電信室，車道，防空避難室兼停車空間，消防機械室，揚水機房等十五項,鋼筋混凝土造,114年7月28日,十四層,,
RPVPMLNJKHLGFBB08CC,40,86.31,住家用,鋼筋混凝土造,74年11月1日,五層,,
RPVPMLNJKHLGFBB08CC,40,11.75,共有部分,鋼筋混凝土造,74年11月1日,五層,,
RPWNMLNJKHLGFCB08CC,30,103.69,住商用,鋼筋混凝土造,84年11月7日,四層,,
RPTNMLNJKHLGFCB77CC,15,44.65,住家用,鋼筋混凝土造,99年11月19日,二十四層,,
RPTNMLNJKHLGFCB77CC,15,34.07,本共有部分之項目有停車空間、消防機房、污水機房、揚水機房、水箱、排煙室、梯廳、樓梯間、昇降機間、防空避難室兼停車空間、防災中心、台電配電室、電信室、緊急發電機房、電錶箱室、門廳、管委會空間、中繼機房、屋頂平台、電梯機房、機房等二十一項,鋼筋混凝土造,99年11月19日,二十四層,,
RPUNMLNJKHLGFCB87CC,36,16.37,辦公室,鋼筋混凝土造,79年4月30日,八層,,
RPUNMLNJKHLGFCB87CC,36,4.41,共有部份,鋼筋混凝土造,79年4月30日,八層,,
RPUNMLNJKHLGFCB87CC,36,2.26,本共有部份係依臺中市政府都市發展局中市都管變使字第００１９０號記載項目有：走廊等一項,鋼筋混凝土造,79年4月30日,八層,,
RPVNMLNJKHLGFCB97CC,30,135.26,住商用,鋼筋混凝土造,84年11月7日,四層,,
RPRNMLNJKHLGFCB57CC,21,116.49,住家用,鋼筋混凝土造,94年7月4日,十七層,,
RPRNMLNJKHLGFCB57CC,21,70.51,共用,鋼筋混凝土造,94年7月4日,十七層,,
RPPOMLNJKHLGFCB47CC,30,89.97,住家用,鋼筋混凝土造,84年8月17日,十六層,,
RPPOMLNJKHLGFCB47CC,30,29.67,共有部份,鋼筋混凝土造,84年8月17日,十六層,,
RPPOMLNJKHLGFCB47CC,30,14.10,共有部份,鋼筋混凝土造,84年8月17日,十六層,,
RPOOMLNJKHLGFCB37CC,25,85.16,住家用,鋼筋混凝土造,90年7月4日,十三層,,
RPOOMLNJKHLGFCB37CC,25,29.24,共有部份,鋼筋混凝土造,90年7月4日,十三層,,
RPQOMLNJKHLGFCB57CC,35,393.40,商業用,鋼筋混凝土造,80年1月14日,七層,,
RPQOMLNJKHLGFCB57CC,35,152.07,共有部份,鋼筋混凝土造,80年1月14日,七層,,
RPPNMLNJKHLGFDB47CC,29,23.67,住家用,鋼筋混凝土造,86年6月2日,十三層,,
RPPNMLNJKHLGFDB47CC,29,12.43,共有部份,鋼筋混凝土造,86年6月2日,十三層,,
RPQPMLNJKHLGFCB67CC,3,13.46,集合住宅,鋼筋混凝土造,111年9月5日,五層,,
RPQPMLNJKHLGFCB67CC,3,6.03,本共有部分係依使用執照之建築概要表記載項目有：人行道、安全梯、梯廳、一般昇降機、電信室、管委會使用空間（交誼廳、門廳）、機械室等七項。,鋼筋混凝土造,111年9月5日,五層,,
RPWOMLNJKHLGFCB18CC,42,69.03,住家用,鋼筋混凝土造,72年10月1日,五層,,
RPQNMLNJKHLGFDB57CC,53,104.42,住家用,加強磚造,62年5月5日,二層,,
RPUOMLNJKHLGFCB97CC,31,27.59,住家用,鋼筋混凝土造,84年4月26日,八層,,
RPUOMLNJKHLGFCB97CC,31,13.84,共有部份,鋼筋混凝土造,84年4月26日,八層,,
RPRNMLNJKHLGFDB67CC,48,92.38,住家用,加強磚造,67年1月5日,二層,,
RPRPMLNJKHLGFCB77CC,32,17.64,商業用,鋼筋混凝土造,83年2月4日,六層,,
RPRPMLNJKHLGFCB77CC,32,2.60,共有部份,鋼筋混凝土造,83年2月4日,六層,,
RPROMLNJKHLGFCB67CC,28,35.00,住家用,鋼筋混凝土造,86年11月4日,九層,,
RPROMLNJKHLGFCB67CC,28,33.06,共有部份,鋼筋混凝土造,86年11月4日,九層,,
RPXOMLNJKHLGFCB28CC,31,20.52,住家用,鋼筋混凝土造,83年8月19日,十二層,,
RPOPMLNJKHLGFCB47CC,31,16.08,住家用,鋼筋混凝土造,84年2月20日,十三層,,
RPXOMLNJKHLGFCB28CC,31,7.53,共有部份,鋼筋混凝土造,83年8月19日,十二層,,
RPOPMLNJKHLGFCB47CC,31,3.79,共有部分,鋼筋混凝土造,84年2月20日,十三層,,
RPPPMLNJKHLGFCB57CC,31,20.28,住家用,鋼筋混凝土造,83年8月19日,十二層,,
RPPNMLNJKHLGFEB57CC,32,90.99,住家用,鋼筋混凝土造,82年7月16日,六層,,
RPOPMLNJKHLGFCB47CC,31,3.80,共同使用,鋼筋混凝土造,84年2月20日,十三層,,
RPVOMLNJKHLGFCB08CC,8,46.53,集合住宅,鋼筋混凝土造,107年1月29日,十二層,,
RPPPMLNJKHLGFCB57CC,31,7.70,共用部份,鋼筋混凝土造,83年8月19日,十二層,,
RPPNMLNJKHLGFEB57CC,32,17.12,避難室、門廳、車道、機械室、梯室、水塔,鋼筋混凝土造,82年7月16日,六層,,
RPVOMLNJKHLGFCB08CC,8,14.96,本共有部份係依使用執照之建築概要表記載項目有：管委會使用空間、行動不便電梯、電梯、樓梯間、排煙室、梯廳、門廳、緊急升降電梯、外廊、管道間、水錶室、機械室、子母水箱等１３項。,鋼筋混凝土造,107年1月29日,十二層,,
RPVOMLNJKHLGFCB08CC,8,20.59,本共有部份係依使用執照之建築概要表記載項目有：梯廳、停車空間、消防機房、樓梯間、行動不便電梯、電梯、雨水汙水機械室、水箱、車道、陸上型揚水泵、泳池水箱、機械室、電信室、機房、防空避難室兼停車空間、機車停車空間、垃圾集中室、台電配電室、電錶室、受電室、發電機室等２１項。,鋼筋混凝土造,107年1月29日,十二層,,
RPQNMLNJKHLGFFB77CC,1,69.20,集合住宅,鋼筋混凝土造,113年12月19日,十二層,,
RPQNMLNJKHLGFFB77CC,1,60.05,法定防空避難室兼停車空間、梯廳、一般昇降機、一般安全梯、車道、台電配電室、電信室、發電機室、消防機械室、污水機房、水箱、管委會使用空間、公共服務空間、機車停車空間、戶外安全梯、樓梯間、水錶室、電梯機房等１８項。,鋼筋混凝土造,113年12月19日,十二層,,
RPSNMLNJKHLGFDB77CC,29,23.15,住家用,鋼筋混凝土造,86年6月2日,十三層,,
RPTNMLNJKHLGFDB87CC,48,99.00,住家用,加強磚造,66年7月18日,二層,,
RPSNMLNJKHLGFDB77CC,29,12.43,共有部份,鋼筋混凝土造,86年6月2日,十三層,,
RPSOMLNJKHLGFCB77CC,31,74.44,住家用,鋼筋混凝土造,84年5月19日,十六層,,
RPSOMLNJKHLGFCB77CC,31,20.65,共有部份,鋼筋混凝土造,84年5月19日,十六層,,
RPSOMLNJKHLGFCB77CC,31,11.01,共有部份,鋼筋混凝土造,84年5月19日,十六層,,
RPRNMLNJKHLGFFB87CC,1,51.84,集合住宅,鋼筋混凝土造,113年12月6日,十二層,,
RPRNMLNJKHLGFFB87CC,1,36.42,防空避難室兼停車空間、安全梯、昇降機間、排煙室、消防機械室、污水機房、蓄水池、景觀噴水機房、台電配電室、發電機室、電信室、梯廳、戶外安全梯、機電設備空間、管理委員會使用空間、一般昇降機、垃圾集中貯存空間、車道、門廊、樓梯間、機械室、水錶室、電梯機械室、水箱,鋼筋混凝土造,113年12月6日,十二層,,
RPTOMLNJKHLGFCB87CC,2,40.13,集合住宅,鋼筋混凝土造,112年11月23日,九層,,
RPTOMLNJKHLGFCB87CC,2,39.65,本共有部份係依使用執照之建築概要表記載項目有：停車空間、台電配電室、車道、發電機室、排氣機房、電錶室、機房、受電箱、防空避難室兼停車空間、電信室、排風機房、公共水箱機房、景觀機房、泳池機房、機電設備空間、消防機房、雨水機房、管委會使用空間、大廳、儲藏室、無障礙廁所、梯廳等二十二項。,鋼筋混凝土造,112年11月23日,九層,,
RPTOMLNJKHLGFCB87CC,2,15.24,本共有部份係依使用執照之建築概要表記載項目有：梯廳、梯廳兼排煙室、安全梯、昇降機、緊急昇降機、機房、樓梯間、水錶室、水箱、消防水箱等十項。,鋼筋混凝土造,112年11月23日,九層,,
RPSNMLNJKHLGFFB97CC,1,82.35,集合住宅,鋼筋混凝土造,113年12月28日,十五層,,
RPSNMLNJKHLGFFB97CC,1,69.36,消防機房、雨水機房、汙水機房、水景機房、停車空間、車道、樓梯間、昇降機間、水箱、防空避難室兼停車空間、台電配電室、發電機房、電信機房、人行道、社區公共設施空間、資源回收室、梯廳、排煙室、管理委員會使用空間、門廳、機械室、水錶室等２２項。,鋼筋混凝土造,113年12月28日,十五層,,
RPTNMLNJKHLGFFB08CC,,63.85,集合住宅,鋼筋混凝土造,114年10月2日,十五層,,
RPTNMLNJKHLGFFB08CC,,56.90,防空避難室兼停車空間、梯廳、排煙室、樓梯間、昇降機間、Ａ梯水箱—２、Ｄ梯水箱—３、污水處理機房、消防機房、車道、停車空間、Ｂ梯水箱—２、Ｄ梯水箱—２、電信室、Ａ梯水箱—１、Ｄ梯水箱—１、台電配電室、緊急發電機室、水景機房、機械室、Ｃ梯水箱—１、Ｂ梯水箱—１、門廳、垃圾集中室、管委會空間、外廊、水錶室、電梯機房、水箱、梯間等３０項。,鋼筋混凝土造,114年10月2日,十五層,,
RPSNMLNJKHLGFHB18CC,31,78.11,住家用,鋼筋混凝土造,84年5月18日,七層,,
RPQNMLNJKHLGFHB97CC,2,95.94,人行道、停車空間、住宅、樓梯間,鋼筋混凝土造,112年9月15日,五層,,
RPSNMLNJKHLGFHB18CC,31,31.94,共用部份,鋼筋混凝土造,84年5月18日,七層,,
RPOOMLNJKHLGFFB67CC,2,59.89,集合住宅,鋼筋混凝土造,112年11月19日,十五層,,
RPWNMLNJKHLGFIB68CC,26,16.17,集合住宅,鋼筋混凝土造,88年9月10日,五層,,
RPUNMLNJKHLGFFB18CC,4,60.23,集合住宅,鋼筋混凝土造,111年7月29日,七層,,
RPOOMLNJKHLGFFB67CC,2,53.58,防空避難室兼停車空間、排煙室、樓梯間、昇降機間、車道、水箱、污水機房、消防機房、停車空間、機房、緊急發電機室、電信室、台電配電室、機車停車區、門廳、梯廳、公設（閱覽室）、公設（休閒室）、管委會使用空間、走廊、垃圾集中室、門廳兼梯廳、儲藏室、無障礙廁所、梯間、水錶箱室、電梯機房等２７項。,鋼筋混凝土造,112年11月19日,十五層,,
RPWNMLNJKHLGFIB68CC,26,8.92,防空避難室．機械室．水箱．店舖．台電配電室．梯間．門廳．管理中心．會客室,鋼筋混凝土造,88年9月10日,五層,,
RPPNMLNJKHLGFHB87CC,2,58.35,樓梯間、店舖、住宅,鋼筋混凝土造,113年1月26日,五層,,
RPUNMLNJKHLGFFB18CC,4,56.97,停車空間、昇降機間、消防機房、汙水機房、水箱、車道、防空避難室兼停車空間、機車停車區、電信機房、受電箱區、水錶箱室、機房、台電配電室、緊急發電室、垃圾集中室、門廳、梯廳、外廊、公共服務空間、梯間、電梯機房、樓梯間等２２項,鋼筋混凝土造,111年7月29日,七層,,
RPUNMLNJKHLGFIB48CC,46,71.75,住家用,鋼筋混凝土造,68年12月13日,五層,,
RPTNMLNJKHLGFIB38CC,,52.99,集合住宅,鋼筋混凝土造,114年7月24日,十三層,,
RPTNMLNJKHLGFIB38CC,,52.42,本共有部分之項目有：防空避難室兼停車空間、汙雨水機房、消防機房、水箱、車道、梯廳、安全梯、昇降機間、排煙室、停車空間、台電配電室、電信室、發電機室、電錶室、管委會使用空間、樓梯間、機械室、水錶室、機械設備室等１９項。,鋼筋混凝土造,114年7月24日,十三層,,
RPPNMLNJKHLGFIB97CC,33,75.49,集合住宅,鋼筋混凝土造,81年8月23日,十三層,,
RPWNMLNJKHLGFFB38CC,21,22.77,住宅、停車空間、樓梯間,鋼筋混凝土造,93年12月6日,三層,,
RPPNMLNJKHLGFIB97CC,33,16.18,共有部份,鋼筋混凝土造,81年8月23日,十三層,,
RPRNMLNJKHLGFIB18CC,53,143.18,住家用,鐵筋磚造水泥頂,62年2月1日,二層,,
RPPOMLNJKHLGFIB08CC,26,91.06,集合住宅,鋼筋混凝土造,89年1月15日,九層,,
RPSNMLNJKHLGFIB28CC,26,28.52,集合住宅,鋼筋混凝土造,88年9月10日,五層,,
RPQNMLNJKHLGFIB08CC,32,75.97,集合住宅,鋼筋混凝土造,82年9月10日,七層,,
RPPOMLNJKHLGFIB08CC,26,41.99,防空避難室．停車空間．梯間．機械室．水塔,鋼筋混凝土造,89年1月15日,九層,,
RPXNMLNJKHLGFIB78CC,46,79.10,住家用,鋼筋混凝土造,68年10月12日,五層,,
RPSNMLNJKHLGFIB28CC,26,15.76,防空避難室．機械室．水箱．店舖．台電配電室．梯間．門廳．管理中心．會客室,鋼筋混凝土造,88年9月10日,五層,,
RPQNMLNJKHLGFJB18CC,36,88.39,人行道、店住宅、梯間,鋼筋混凝土造,79年6月15日,四層,,
RPQNMLNJKHLGFIB08CC,32,24.53,共有部分,鋼筋混凝土造,82年9月10日,七層,,
RPPNMLNJKHLGFJB08CC,18,8.99,辦公室,鋼筋混凝土造,97年7月7日,四層,,
RPPNMLNJKHLGFJB08CC,18,5.21,緊急發電機、台電受電室、機械室、人行道、梯間、消防幫泵室、水箱,鋼筋混凝土造,97年7月7日,四層,,
RPOOMLNJKHLGFIB97CC,1,52.99,集合住宅,鋼筋混凝土造,114年7月24日,十三層,,
RPOOMLNJKHLGFIB97CC,1,52.42,本共有部分之項目有：防空避難室兼停車空間、汙雨水機房、消防機房、水箱、車道、梯廳、安全梯、昇降機間、排煙室、停車空間、台電配電室、電信室、發電機室、電錶室、管委會使用空間、樓梯間、機械室、水錶室、機械設備室等１９項。,鋼筋混凝土造,114年7月24日,十三層,,
RPVNMLNJKHLGFIB58CC,3,72.33,集合住宅,鋼筋混凝土造,111年11月9日,十二層,,
RPTNMLNJKHLGFJB48CC,34,127.65,避難室、人行道、店舖、停車空間,鋼筋混凝土造,80年12月27日,七層,,
RPTNMLNJKHLGFJB48CC,34,92.44,共有部分,鋼筋混凝土造,80年12月27日,七層,,
RPRNMLNJKHLGFJB28CC,13,90.44,集合住宅,鋼筋混凝土造,102年7月18日,十四層,,
RPRNMLNJKHLGFJB28CC,13,74.60,共有部分（停車空間、樓梯間、昇降機間、污水機房、消防機房、梯廳、車道、電信室、水箱、防空避難室兼停車空間、緊急發電機室、台電配電室、垃圾集中處、受電箱室、機房、門廳、門廊、基地內通路、開放空間、公共服務空間、環保室、機車停車區、游泳池、電梯機房）,鋼筋混凝土造,102年7月18日,十四層,,
RPSNMLNJKHLGFJB38CC,,55.31,集合住宅,鋼筋混凝土造,114年9月11日,十三層,,
RPPNMLNJKHLGFFB77DC,28,150.04,廠房,鋼造,87年5月11日,一層,,
RPSNMLNJKHLGFJB38CC,,60.09,本共有部分之項目有停車空間、車道、水箱、安全梯、昇降機間、緊急昇降機間兼排煙室、機械室、防空避難室兼停車空間、消防機房、雨污水機房、發電機室、台電配電室、電信室、公共服務使用空間、門廳、垃圾處理室、梯廳、戶外安全梯、錶箱室、樓梯間、電梯機械室等２１項,鋼筋混凝土造,114年9月11日,十三層,,
RPSNMLOJKHLGFAB57CC,46,62.65,住家用,鋼筋混凝土造,69年6月14日,五層,,
RPRNMLOJKHLGFAB47CC,29,85.55,住家用,鋼筋混凝土造,85年10月4日,十四層,,
RPQNMLOJKHLGFAB37CC,43,132.29,住家用,鋼筋混凝土造,71年11月11日,七層,,
RPRNMLOJKHLGFAB47CC,29,16.54,共同使用,鋼筋混凝土造,85年10月4日,十四層,,
RPPNMLNJKHLGFKB18CC,33,186.03,住商用,鋼筋混凝土造,82年4月25日,六層,,
RPUNMLNJKHLGFJB58CC,13,66.80,集合住宅,鋼筋混凝土造,102年7月18日,十四層,,
RPPNMLNJKHLGFKB18CC,33,4.40,住家用,鋼筋混凝土造,82年4月25日,六層,,
RPUNMLNJKHLGFJB58CC,13,65.81,共有部分（停車空間、樓梯間、昇降機間、污水機房、消防機房、梯廳、車道、電信室、水箱、防空避難室兼停車空間、緊急發電機室、台電配電室、垃圾集中處、受電箱室、機房、門廳、門廊、基地內通路、開放空間、公共服務空間、環保室、機車停車區、游泳池、電梯機房）,鋼筋混凝土造,102年7月18日,十四層,,
RPPNMLOJKHLGFAB27CC,31,80.03,住家用,鋼筋混凝土造,83年10月1日,七層,,
RPPNMLOJKHLGFAB27CC,31,26.47,共有部份,鋼筋混凝土造,83年10月1日,七層,,
RPQNMLNJKHLGFKB28CC,32,96.79,住家用,鋼筋混凝土造,83年6月1日,八層,,
RPQNMLOJKHLGFAB37CC,43,16.40,共有部份,鋼筋混凝土造,71年11月11日,七層,,
RPQNMLNJKHLGFKB28CC,32,18.08,門廳、防空避難室、停車空間,鋼筋混凝土造,83年6月1日,八層,,
RPQNMLNJKHLGFKB28CC,32,7.96,梯間、水箱、機房,鋼筋混凝土造,83年6月1日,八層,,
RPUNMLOJKHLGFAB77CC,30,19.29,集合住宅,鋼筋混凝土造,85年5月6日,十八層,,
RPUNMLOJKHLGFAB77CC,30,3.55,共同使用,鋼筋混凝土造,85年5月6日,十八層,,
RPUNMLOJKHLGFAB77CC,30,3.99,共同使用,鋼筋混凝土造,85年5月6日,十八層,,
RPUNMLOJKHLGFAB77CC,30,.95,共同使用,鋼筋混凝土造,85年5月6日,十八層,,
RPQNMLOJKHLGFBB47CC,44,39.27,住家用,鋼筋混凝土造,70年8月14日,十一層,,
RPUNMLOJKHLGFAB77CC,30,1.42,共同使用,鋼筋混凝土造,85年5月6日,十八層,,
RPWNMLOJKHLGFAB97CC,33,22.70,商業用,鋼筋混凝土造,82年1月20日,十二層,,
RPWNMLOJKHLGFAB97CC,33,7.95,梯間、走廊、機械室、水塔、人行道,鋼筋混凝土造,82年1月20日,十二層,,
RPVNMLOJKHLGFAB87CC,31,71.30,集合住宅,鋼筋混凝土造,83年8月25日,十二層,,
RPTNMLOJKHLGFBB77CC,10,84.24,集合住宅,鋼筋混凝土造,105年3月4日,十二層,,
RPVNMLOJKHLGFAB87CC,31,34.18,共有部份,鋼筋混凝土造,83年8月25日,十二層,,
RPTNMLOJKHLGFBB77CC,10,63.94,本共有部分係依使用執照之建築概要表記載項目有：停車空間，安全梯，梯廳，昇降機間，消防機房兼污水機房，防空避難室兼停車空間，台電配電室，門廊，發電機室，電信室，水箱，分戶電錶室，機車停車空間，管委會使用空間（管理室，會客室，廁所，資源回收室），公共服務空間（交誼廳，健身室，社區教室），機械室等１６項,鋼筋混凝土造,105年3月4日,十二層,,
RPVNMLNJKHLGFJB68CC,2,28.81,集合住宅,鋼筋混凝土造,113年2月7日,五層,,
RPVNMLNJKHLGFJB68CC,2,7.31,本共有部分之項目有安全梯、門廳、梯廳、昇降機、電信室、管道間、停車空間、走廊、外廊,鋼筋混凝土造,113年2月7日,五層,,
RPSNMLOJKHLGFBB67CC,4,56.86,集合住宅,鋼筋混凝土造,110年9月24日,十五層,,
RPSNMLOJKHLGFBB67CC,4,40.89,本共有部分係依使用執照之建築概要表記載項目有：梯廳（兼排煙室、緊急昇降機間），無障礙安全梯，緊急昇降機，一般昇降機，水箱，汙雨水、揚水機械室，消防機械室，機電設備，防空避難室兼停車空間，車道，停車空間，電信室，台電配電室，電錶室，發電機室，機車停車空間等１６項,鋼筋混凝土造,110年9月24日,十五層,,
RPSNMLOJKHLGFBB67CC,4,19.83,本共有部分係依使用執照之建築概要表記載項目有：騎樓兼頂蓋型開放空間，梯廳（排煙室），管委會使用空間，外廊，緊急昇降機，一般昇降機，公共服務空間，戶外安全梯，戶外無障礙梯，機電設備，車道，垃圾儲藏室，梯廳，戶外無障礙安全梯，機械室，水錶室，樓梯間，電梯機房，水箱等１９項,鋼筋混凝土造,110年9月24日,十五層,,
RPVNMLOJKHLGFBB97CC,33,106.59,住家用,鋼筋混凝土造,81年10月20日,五層,,
RPVNMLOJKHLGFBB97CC,33,2.57,共有部分,鋼筋混凝土造,81年10月20日,五層,,
RPUNMLOJKHLGFBB87CC,31,64.57,住家用,鋼筋混凝土造,84年6月9日,十四層,,
RPUNMLOJKHLGFBB87CC,31,36.12,共有部分,鋼筋混凝土造,84年6月9日,十四層,,
RPUNMLOJKHLGFBB87CC,31,.00,共有部分,鋼筋混凝土造,84年6月9日,十四層,,
RPOOMLOJKHLGFAB27CC,57,44.52,住家用,鋼筋混凝土造,58年2月11日,十層,,
RPOOMLOJKHLGFBB37CC,30,24.44,住家用,鋼筋混凝土造,84年11月24日,二十四層,,
RPOOMLOJKHLGFBB37CC,30,13.17,防空避難室，停車空間，門廳，樓梯間，機械室，水箱,鋼筋混凝土造,84年11月24日,二十四層,,
RPXNMLOJKHLGFAB08CC,20,74.19,集合住宅,鋼筋混凝土造,94年8月8日,十二層,,
RPXNMLOJKHLGFAB08CC,20,23.58,共用,鋼筋混凝土造,94年8月8日,十二層,,
RPXNMLOJKHLGFAB08CC,20,14.13,共用,鋼筋混凝土造,94年8月8日,十二層,,
RPUOMLOJKHLGFBB97CC,19,77.95,住家用,鋼筋混凝土造,96年1月29日,十三層,,
RPXNMLOJKHLGFBB18CC,40,103.90,住家用,鋼筋混凝土造,74年8月10日,五層,,
RPUOMLOJKHLGFBB97CC,19,28.99,共有部份,鋼筋混凝土造,96年1月29日,十三層,,
RPWNMLOJKHLGFBB08CC,32,85.63,住家用,鋼筋混凝土造,83年5月12日,十五層,,
RPWNMLOJKHLGFBB08CC,32,33.81,共有部分,鋼筋混凝土造,83年5月12日,十五層,,
RPSOMLOJKHLGFBB77CC,33,51.18,住家用,鋼筋混凝土造,81年10月12日,五層,,
RPVOMLOJKHLGFBB08CC,13,27.23,本共有部分係依使用執照之建築概要表記載項目有：停車空間，車道，污水機房，清水池，消防機房，機房，梯間（梯廳，排煙室，昇降機間），防空避難室兼停車空間，發電機室，電信室，台電配電室，防災中心，公共設施等１３項,鋼筋混凝土造,102年7月25日,二十二層,,
RPSOMLOJKHLGFBB77CC,33,14.36,共有部分,鋼筋混凝土造,81年10月12日,五層,,
RPTOMLOJKHLGFBB87CC,45,51.17,住商用,加強磚造,70年1月19日,二層,,
RPSOMLOJKHLGFBB77CC,33,3.94,共有部分,鋼筋混凝土造,81年10月12日,五層,,
RPROMLOJKHLGFBB67CC,4,48.84,集合住宅,鋼筋混凝土造,111年1月10日,十層,,
RPROMLOJKHLGFBB67CC,4,9.12,本共有部分係依使用執照之建築概要表記載項目有：管理委員會空間、一般昇降機、緊急昇降機、安全梯、排煙室（梯廳）、垃圾處理室、梯廳、車道、機車停車空間、戶外安全梯、梯間、機械室、樓梯間、水錶室、水箱等十五項。,鋼筋混凝土造,111年1月10日,十層,,
RPPOMLOJKHLGFBB47CC,52,57.40,商業用,鋼筋混凝土加強磚造,63年6月6日,二層,,
RPQOMLOJKHLGFBB57CC,31,66.77,住家用,鋼筋混凝土造,84年6月7日,二十一層,,
RPXOMLOJKHLGFBB28CC,43,21.18,住家用,鋼筋混凝土造,72年2月10日,五層,,
RPROMLOJKHLGFBB67CC,4,10.27,本共有部分係依使用執照之建築概要表記載項目有：排煙室（梯廳）、梯廳、一般昇降機、緊急昇降機、戶外安全梯等五項。,鋼筋混凝土造,111年1月10日,十層,,
RPXOMLOJKHLGFBB28CC,43,5.69,共有部分,鋼筋混凝土造,72年2月10日,五層,,
RPQOMLOJKHLGFBB57CC,31,39.33,共有部分,鋼筋混凝土造,84年6月7日,二十一層,,
RPPPMLOJKHLGFBB57CC,20,47.39,住家用,鋼筋混凝土造,94年12月8日,十八層,,
RPROMLOJKHLGFBB67CC,4,5.68,本共有部分係依使用執照之建築概要表記載項目有：防空避難室兼停車空間、安全梯、消防機械室、雨／污水機械室、排煙室（梯廳）、一般昇降機、緊急昇降機、水箱、停車空間、台電配電室、發電機室、電信室兼智慧建築管理中心等十二項。,鋼筋混凝土造,111年1月10日,十層,,
RPPPMLOJKHLGFBB57CC,20,19.00,共有部份,鋼筋混凝土造,94年12月8日,十八層,,
RPWOMLOJKHLGFBB18CC,37,83.20,住家用,鋼筋混凝土造,78年1月26日,五層,,
RPWOMLOJKHLGFBB18CC,37,18.48,共有部分,鋼筋混凝土造,78年1月26日,五層,,
RPQPMLOJKHLGFBB67CC,20,47.70,住家用,鋼筋混凝土造,94年12月8日,十八層,,
RPQPMLOJKHLGFBB67CC,20,19.13,共有部份,鋼筋混凝土造,94年12月8日,十八層,,
RPOPMLOJKHLGFBB47CC,31,20.52,住家用,鋼筋混凝土造,83年12月14日,十六層,,
RPOPMLOJKHLGFBB47CC,31,8.92,共有部分,鋼筋混凝土造,83年12月14日,十七層,,
RPSPMLOJKHLGFBB87CC,29,183.26,辦公室,鋼筋混凝土造,86年6月25日,十四層,,
RPSPMLOJKHLGFBB87CC,29,94.17,共有部份,鋼筋混凝土造,86年6月25日,十四層,,
RPTPMLOJKHLGFBB97CC,30,30.05,住家用,鋼筋混凝土造,84年11月24日,二十四層,,
RPTPMLOJKHLGFBB97CC,30,18.35,防空避難室，停車空間，門廳，樓梯間，機械室，水箱,鋼筋混凝土造,84年11月24日,二十四層,,
RPVPMLOJKHLGFBB18CC,40,76.76,住家用,鋼筋混凝土造,75年3月8日,五層,,
RPVPMLOJKHLGFBB18CC,40,14.19,共有部分,鋼筋混凝土造,75年3月8日,五層,,
RPWPMLOJKHLGFBB28CC,46,89.05,住商用,鋼筋混凝土造,69年3月21日,四層,,
RPPQMLOJKHLGFBB67CC,37,36.11,住家用,鋼筋混凝土造,78年4月19日,七層,,
RPXPMLOJKHLGFBB38CC,31,36.96,住家用,鋼筋混凝土造,83年12月10日,十六層,,
RPPQMLOJKHLGFBB67CC,37,11.54,共有部份,鋼筋混凝土造,78年4月19日,七層,,
RPXPMLOJKHLGFBB38CC,31,6.92,共有部分,鋼筋混凝土造,83年12月10日,十六層,,
RPUPMLOJKHLGFBB08CC,2,83.61,集合住宅,鋼筋混凝土造,113年6月27日,十五層,,
RPXPMLOJKHLGFBB38CC,31,3.04,共有部分,鋼筋混凝土造,83年12月10日,十六層,,
RPUPMLOJKHLGFBB08CC,2,58.64,本共有部分係依使用執照之建築概要表記載項目有：停車空間，車道，電梯，無障礙電梯，緊急昇降機，排煙室，污水機房，雨水機房，水箱，消防機房，樓梯間，無障礙樓梯間，機械室，電信室，防空避難室兼停車空間，台電配電室，緊急發電機室，機車停車區，電錶區，受電箱區，管理委員會使用空間，資源回收室，梯廳，水錶室，等２４項,鋼筋混凝土造,113年6月27日,十五層,,
RPUPMLOJKHLGFBB08CC,2,21.07,本共有部分係依使用執照之建築概要表記載項目有：樓梯間，電梯，梯廳，排煙室，無障礙電梯，緊急昇降機，無障礙樓梯間等７項,鋼筋混凝土造,113年6月27日,十五層,,
RPRQMLOJKHLGFBB87CC,47,77.69,住家用,鋼筋混凝土造,68年4月9日,五層,,
RPQQMLOJKHLGFBB77CC,5,102.20,集合住宅,鋼筋混凝土造,109年9月16日,十五層,,
RPQQMLOJKHLGFBB77CC,5,76.76,本共有部份係依使用執照之建築概要表記載項目有：防空避難室兼停車空間，車道，污水機房，消防機房，水箱，機房，排煙室，昇降機間，樓梯間，停車空間，機車停車空間，緊急發電機室，台電配電室，電信機房，噴灌機房，人行道，管委會使用空間，垃圾集中室，門廳，頂蓋型開放空間，梯廳，梯間，水錶箱室，電梯機房等２４項。,鋼筋混凝土造,109年9月16日,十五層,,
RPVQMLOJKHLGFBB28CC,32,79.43,住家用,鋼筋混凝土造,82年10月18日,七層,,
RPVQMLOJKHLGFBB28CC,32,25.88,共有部份,鋼筋混凝土造,82年10月18日,七層,,
RPSQMLOJKHLGFBB97CC,20,48.22,住家用,鋼筋混凝土造,94年12月8日,十八層,,
RPSQMLOJKHLGFBB97CC,20,47.30,共有部份,鋼筋混凝土造,94年12月8日,十八層,,
RPOQMLOJKHLGFBB57CC,31,107.86,住家用,鋼筋混凝土造,84年5月18日,七層,,
RPOQMLOJKHLGFBB57CC,31,35.03,共有部份,鋼筋混凝土造,84年5月18日,七層,,
RPWQMLOJKHLGFBB38CC,20,47.70,住家用,鋼筋混凝土造,94年12月8日,十八層,,
RPWQMLOJKHLGFBB38CC,20,19.13,共有部分,鋼筋混凝土造,94年12月8日,十八層,,
RPXQMLOJKHLGFBB48CC,27,42.90,住家用,鋼筋混凝土造,88年6月16日,二十層,,
RPXQMLOJKHLGFBB48CC,27,6.31,共有部分,鋼筋混凝土造,88年6月16日,二十層,,
RPUQMLOJKHLGFBB18CC,34,95.12,住商用,鋼筋混凝土造,80年10月24日,七層,,
RPXQMLOJKHLGFBB48CC,27,1.48,共有部分,鋼筋混凝土造,88年6月16日,二十層,,
RPUQMLOJKHLGFBB18CC,34,10.79,共有部分,鋼筋混凝土造,80年10月24日,七層,,
RPXQMLOJKHLGFBB48CC,27,13.26,共有部分,鋼筋混凝土造,88年6月16日,二十層,,
RPTQMLOJKHLGFBB08CC,11,110.75,住家用,鋼筋混凝土造,103年10月27日,十五層,,
RPTQMLOJKHLGFBB08CC,11,50.19,本共有部份係依使用執照之建築概要表記載項目有停車空間．昇降機間．消防機房．污水機房．水箱．防空避難室兼停車空間．樓梯間．台電配電室．發電機室．電信機房．管委會使用空間．車道．門廳．資源回收室．水景機房．機車停車區．頂蓋型開放空間．管委會管理室：等１８項。,鋼筋混凝土造,103年10月27日,十五層,,
RPTQMLOJKHLGFBB08CC,11,17.32,本共有部份係依使用執照之建築概要表記載項目有，昇降機間，排煙室，梯廳，樓梯間，水箱，機械室等６項。,鋼筋混凝土造,103年10月27日,十五層,,
RPORMLOJKHLGFBB67CC,35,93.99,住家用,鋼筋混凝土造,79年12月29日,六層,,
RPORMLOJKHLGFBB67CC,35,19.67,共有部分,鋼筋混凝土造,79年12月29日,六層,,
RPPRMLOJKHLGFBB77CC,43,20.97,住家用,鋼筋混凝土造,72年2月10日,五層,,
RPPRMLOJKHLGFBB77CC,43,5.69,共有部分,鋼筋混凝土造,72年2月10日,五層,,
RPPNMLOJKHLGFCB47CC,31,14.02,住家用,鋼筋混凝土造,83年9月8日,十三層,,
RPPNMLOJKHLGFCB47CC,31,8.20,共有部份,鋼筋混凝土造,83年9月8日,十三層,,
RPQNMLOJKHLGFCB57CC,19,72.10,住家用,鋼筋混凝土造,96年3月27日,十二層,,
RPQNMLOJKHLGFCB57CC,19,35.36,共用,鋼筋混凝土造,96年3月27日,十二層,,
RPRNMLOJKHLGFCB67CC,33,43.74,住家用,鋼筋混凝土造,82年1月12日,十六層,,
RPRNMLOJKHLGFCB67CC,33,19.16,共有部分,鋼筋混凝土造,82年1月12日,十六層,,
RPSNMLOJKHLGFCB77CC,16,63.03,住家用,鋼筋混凝土造,98年9月14日,二十四層,,
RPSNMLOJKHLGFCB77CC,16,44.14,共用,鋼筋混凝土造,98年9月14日,二十四層,,
RPSNMLOJKHLGFCB77CC,16,.40,共用,鋼筋混凝土造,98年9月14日,二十四層,,
RPTNMLOJKHLGFCB87CC,32,93.11,住家用,鋼筋混凝土造,83年3月3日,八層,,
RPTNMLOJKHLGFCB87CC,32,33.09,共有部份,鋼筋混凝土造,83年3月3日,八層,,
RPQNMLOJKHLGFDB67CC,19,22.80,住家用,鋼筋混凝土造,96年1月23日,五層,,
RPQNMLOJKHLGFDB67CC,19,19.32,共有部分,鋼筋混凝土造,96年1月23日,五層,,
RPPNMLOJKHLGFDB57CC,30,17.00,住家用,鋼筋混凝土造,84年10月20日,十層,,
RPPNMLOJKHLGFDB57CC,30,10.58,共有部份,鋼筋混凝土造,84年10月20日,十層,,
RPXNMLOJKHLGFCB28CC,33,42.15,住家用,鋼筋混凝土造,81年11月13日,十六層,,
RPXNMLOJKHLGFCB28CC,33,23.82,共有部份,鋼筋混凝土造,81年11月13日,十六層,,
RPUNMLOJKHLGFCB97CC,4,87.49,集合住宅,鋼筋混凝土造,110年10月27日,十九層,,
RPUNMLOJKHLGFCB97CC,4,57.45,本共有部分係依使用執照之建築物概要表記載項目有：停車空間、消防機房、水箱、污雨水機房、緊急昇降機、梯廳、排煙室、電信機房、防空避難室、垃圾車臨停空間、資源回收室、發電機室、防災中心、台電配電室、管理委員會使用空間、公共服務空間（文康室）、門廳、機電空間、安全梯等１９項。,鋼筋混凝土造,110年10月27日,十九層,,
RPUNMLOJKHLGFCB97CC,4,23.91,本共有部分係依使用執照之建築物概要表記載項目有：緊急昇降機、梯廳、排煙室、機電空間、特別安全梯、走廊、樓梯間、幫浦機房、中繼水箱、機械室、水箱等１１項。,鋼筋混凝土造,110年10月27日,十九層,,
RPSNMLOJKHLGFDB87CC,6,80.77,集合住宅,鋼筋混凝土造,108年12月27日,十二層,,
RPSNMLOJKHLGFDB87CC,6,47.87,本共有部分之項目有：消防機械室、發電機室、水箱、停車空間、防空避難室兼停車空間、電信室、台電配電室、公共服務空間、樓梯間、水錶室、機械室等１１項,鋼筋混凝土造,108年12月27日,十二層,,
RPVNMLOJKHLGFCB08CC,19,423.37,住家用,鋼骨鋼筋混凝土造,96年5月23日,二十六層,,
RPVNMLOJKHLGFCB08CC,19,179.44,共用,鋼骨鋼筋混凝土造,96年5月23日,二十六層,,
RPVNMLOJKHLGFCB08CC,19,164.62,共用,鋼骨鋼筋混凝土造,96年5月23日,二十六層,,
RPRNMLOJKHLGFDB77CC,3,186.81,停車空間、住宅、樓梯間、水箱間,鋼筋混凝土造,111年10月12日,四層,,
RPPNMLOJKHLGFFB77CC,1,49.44,集合住宅,鋼筋混凝土造,114年6月6日,二十八層,,
RPTNMLOJKHLGFDB97CC,8,102.16,集合住宅,鋼筋混凝土造,106年11月24日,十五層,,
RPPNMLOJKHLGFFB77CC,1,13.38,排煙室、昇降機、無障礙安全梯、特別安全梯、無障礙樓梯、梯廳兼排煙室、梯廳、管委會空間、中繼機房、中繼水箱、電梯間、水錶室、樓梯間、電梯機房、機電空間、水箱、安全梯、水箱機房、消防水箱等１９項,鋼筋混凝土造,114年6月6日,二十八層,,
RPTNMLOJKHLGFDB97CC,8,80.83,本共有部份之項目有：防空避難室兼停車空間、台電配電場所、受電室、機房、電錶室、梯&#24304;、排煙室、梯間、緊急發電機室、停車空間、電信室、水箱、消防機房、汙水及雨水回收機房、公共服務空間、污物處理室、管委會使用空間、頂蓋型開放空間、機械室等１９項,鋼筋混凝土造,106年11月24日,十五層,,
RPPNMLOJKHLGFFB77CC,1,36.20,消防機房、雨水回收機房、車道、機房、水箱、停車空間、進風管道、公共水箱、防空避難室兼停車空間、台電配電室、發電機房、泳池水箱、公共電氣室、機車車道、管委會使用空間、昇降機、大廳、梯廳、警衛室、儲藏室、風除室、排風機房、防災中心、電信室、垃圾暫存室、附屬社區共用空間、附屬共用廚房、機電設備空間、電梯間、設備空間、泳池機房、景觀機房、游泳池、管委會空間、樓電梯間、機電空間、樓梯間等３７項,鋼筋混凝土造,114年6月6日,二十八層,,
RPQNMLOJKHLGFFB87CC,1,86.65,集合住宅,鋼筋混凝土造,114年6月6日,二十八層,,
RPQNMLOJKHLGFFB87CC,1,23.55,排煙室、昇降機、無障礙安全梯、特別安全梯、無障礙樓梯、梯廳兼排煙室、梯廳、管委會空間、中繼機房、中繼水箱、電梯間、水錶室、樓梯間、電梯機房、機電空間、水箱、安全梯、水箱機房、消防水箱等１９項,鋼筋混凝土造,114年6月6日,二十八層,,
RPQNMLOJKHLGFFB87CC,1,44.82,消防機房、雨水回收機房、車道、機房、水箱、停車空間、進風管道、公共水箱、防空避難室兼停車空間、台電配電室、發電機房、泳池水箱、公共電氣室、機車車道、管委會使用空間、昇降機、大廳、梯廳、警衛室、儲藏室、風除室、排風機房、防災中心、電信室、垃圾暫存室、附屬社區共用空間、附屬共用廚房、機電設備空間、電梯間、設備空間、泳池機房、景觀機房、游泳池、管委會空間、樓電梯間、機電空間、樓梯間等３７項,鋼筋混凝土造,114年6月6日,二十八層,,
RPRNMLOJKHLGFFB97CC,6,87.19,集合住宅,鋼筋混凝土造,109年7月24日,十五層,,
RPRNMLOJKHLGFFB97CC,6,31.69,停車空間，汽車坡道，防空避難室兼停車空間等３項。,鋼筋混凝土造,109年7月24日,十五層,,
RPRNMLOJKHLGFFB97CC,6,15.18,消防機房，水箱，梯間，污／雨水機房，進風機房，機械室，排風機房，公用水箱揚水機房，機械區，電信機房，公共水箱，台電配電室，發電機室，管委會使用空間，受電區，景觀機房，泳池機房，電表區，機車坡道，防空避難室兼停車空間，梯廳，警衛室，走廊，特別安全梯，游泳池，汽車坡道，大廳等２７項,鋼筋混凝土造,109年7月24日,十五層,,
RPRNMLOJKHLGFFB97CC,6,23.60,排煙室，梯廳兼排煙室，特別安全梯，梯廳，走道，機房，噴灌機房，梯間，電梯機房，消防水箱，水表室，機械室，水箱等１３項,鋼筋混凝土造,109年7月24日,十五層,,
RPSNMLOJKHLGFFB08CC,2,71.72,集合住宅,鋼筋混凝土造,113年7月1日,十五層,,
RPSNMLOJKHLGFFB08CC,2,70.20,防空避難室兼停車空間、消防機械室、機械室、水箱、排煙室、安全梯、停車空間、管委會使用空間、管理室、公共服務空間、梯廳、昇降機間、垃圾室、機電設備空間、戶外安全梯、梯間、一般安全梯、水錶室、電梯機房等１９項,鋼筋混凝土造,113年7月1日,十五層,,
RPWOMLOJKHLGFCB28CC,19,217.65,住家用,鋼筋混凝土造,96年7月2日,十九層,,
RPWOMLOJKHLGFCB28CC,19,155.59,共用,鋼筋混凝土造,96年7月2日,十九層,,
RPUOMLOJKHLGFCB08CC,6,30.84,店鋪、樓梯間、停車空間、住宅、機電設備空間,鋼筋混凝土造,108年10月23日,五層,,
RPPOMLOJKHLGFCB57CC,12,70.87,住家用,鋼筋混凝土造,103年7月4日,十二層,,
RPOPMLOJKHLGFCB57CC,32,27.96,住家用,鋼筋混凝土造,83年5月9日,十二層,,
RPOPMLOJKHLGFCB57CC,32,10.66,共有部分,鋼筋混凝土造,83年5月9日,十二層,,
RPPOMLOJKHLGFCB57CC,12,63.84,本共有部分之項目有：停車空間、水箱、消防機械室、排煙室、梯廳、汙水機房、一般升降機、特別安全梯、發電機室、機房、防空避難室兼停車空間、電信室、台電配電室、管理室、門廳、有頂蓋開放空間、資源回收室、公共服務空間、門廊、戶外咖啡區等２０項,鋼筋混凝土造,103年7月4日,十二層,,
RPTOMLOJKHLGFCB97CC,6,30.84,店鋪、樓梯間、停車空間、住宅、機電設備空間,鋼筋混凝土造,108年10月23日,五層,,
RPVOMLOJKHLGFCB18CC,12,156.85,辦公事務所及工商服務業,鋼骨鋼筋混凝土造,103年4月3日,三十六層,,
RPPOMLOJKHLGFCB57CC,12,20.66,本共有部分之項目有：梯廳、機械室、梯間、水箱、一般升降機等５項,鋼筋混凝土造,103年7月4日,十二層,,
RPVOMLOJKHLGFCB18CC,12,46.71,本共有部分之項目有：梯廳、排煙室、樓梯間、門廳、防災中心、管委會使用空間、汽車車道、發電機室、中繼機房、電梯機房、水錶室、機械室、子母水箱等１３項,鋼骨鋼筋混凝土造,103年4月3日,三十六層,,
RPVOMLOJKHLGFCB18CC,12,90.28,本共有部分之項目有：梯廳、停車空間、水箱、消防機房、污水機房、排煙室、樓梯間、汽車車道、車道、防空避難室兼機車停車空間、儲藏室、電錶室、機車停車空間、台電配電室、電信室、中繼機房、雨水回收水箱等１７項。,鋼骨鋼筋混凝土造,103年4月3日,三十六層,,
RPTNMLOJKHLGFFB18CC,4,167.73,停車空間，住宅,鋼筋混凝土造,110年10月4日,四層,,
RPXOMLOJKHLGFCB38CC,3,156.91,辦公室,鋼骨鋼筋混凝土造、鋼筋混凝土造,112年3月27日,二十九層,,
RPXOMLOJKHLGFCB38CC,3,47.27,本共有部分係依使用執照之建築物概要表記載項目有：門廳、無障礙電梯、緊急升降機電梯、電梯、車道、雨遮、管委會使用空間、梯廳、排煙室、樓梯間、管道間、防災中心、外廊、消防中繼機房、機械室、水錶室、電梯機房、子母水箱等１８項。,鋼骨鋼筋混凝土造、鋼筋混凝土造,112年3月27日,二十九層,,
RPXOMLOJKHLGFCB38CC,3,4.29,本共有部分係依使用執照之建築物概要表記載項目有：機電空間等１項。,鋼骨鋼筋混凝土造、鋼筋混凝土造,112年3月27日,二十九層,,
RPXOMLOJKHLGFCB38CC,3,109.91,本共有部分係依使用執照之建築物概要表記載項目有：停車空間、排煙室、梯廳、樓梯間、消防機房、車道、無障礙電梯、緊急升降機電梯、電梯、水箱、管道間、雨污水機房、電信室、防空避難室兼停車空間、消防中繼機房、台電配電室、發電機房、電錶位置、受電箱區、垃圾回收區等２０項。,鋼骨鋼筋混凝土造、鋼筋混凝土造,112年3月27日,二十九層,,
RPSOMLOJKHLGFCB87CC,33,25.90,住家用,鋼筋混凝土造,82年6月28日,八層,,
RPSOMLOJKHLGFCB87CC,33,6.97,共有部份,鋼筋混凝土造,82年6月28日,八層,,
RPWNMLOJKHLGFFB48CC,2,155.05,住宅、停車空間,鋼筋混凝土造,113年2月20日,四層,,
RPROMLOJKHLGFCB77CC,13,36.34,店舖,鋼筋混凝土造,101年9月25日,四層,,
RPWNMLOJKHLGFFB48CC,2,.12,資源室,鋼筋混凝土造,113年2月20日,一層,,
RPROMLOJKHLGFCB77CC,13,205.97,本共有部份係依使用執照之建築概要表記載項目有：機電空間、樓梯間、管道間、人行道、外廊等五項。,鋼筋混凝土造,101年9月25日,四層,,
RPVNMLOJKHLGFFB38CC,9,80.65,集合住宅,鋼筋混凝土造,106年4月12日,七層,,
RPROMLOJKHLGFCB77CC,13,73.87,補習班(非供學童使用),鋼筋混凝土造,101年9月25日,四層,,
RPROMLOJKHLGFCB77CC,13,73.87,辦公室,鋼筋混凝土造,101年9月25日,四層,,
RPVNMLOJKHLGFFB38CC,9,38.02,防空避難室兼停車空間、台電配電室、電信室、發電機室兼消防機械室、梯廳、梯間、管委會使用空間、資源回收室、樓梯間、機械室、水箱,鋼筋混凝土造,106年4月12日,七層,,
RPUNMLOJKHLGFFB28CC,5,9.22,集合住宅,鋼筋混凝土造,109年8月25日,五層,,
RPUNMLOJKHLGFFB28CC,5,5.11,梯廳、安全梯、升降機、管道間、走廊、安全梯間、升降機機械室、水箱、停車空間、電信室、消防機室、發電機室、台電配電室、安全梯Ａ,鋼筋混凝土造,109年8月25日,五層,,
RPOOMLOJKHLGFFB77CC,2,79.81,集合住宅,鋼筋混凝土造,112年11月4日,十五層,,
RPOOMLOJKHLGFFB77CC,2,64.11,防空避難室兼停車空間、排煙室、樓梯間、昇降機間、污水機房兼雨水回收設備機房、消防機房、水箱、車道、停車空間、電信室、緊急發電機室、台電配電室、機車停車區、機房、沿街步道式開放空間（等寬有頂蓋型）、梯廳、門廳、垃圾集中室、管委會使用空間、公設（游泳池）、梯間、安全梯、水錶箱室、電梯機房等２４項,鋼筋混凝土造,112年11月4日,十五層,,
RPQOMLOJKHLGFFB97CC,29,150.88,住商用,鋼筋混凝土造,86年1月21日,四層,,
RPPOMLOJKHLGFFB87CC,1,71.26,集合住宅,鋼筋混凝土造,114年6月6日,二十八層,,
RPPOMLOJKHLGFFB87CC,1,19.28,排煙室、昇降機、無障礙安全梯、特別安全梯、無障礙樓梯、梯廳兼排煙室、梯廳、管委會空間、中繼機房、中繼水箱、電梯間、水錶室、樓梯間、電梯機房、機電空間、水箱、安全梯、水箱機房、消防水箱等１９項,鋼筋混凝土造,114年6月6日,二十八層,,
RPPOMLOJKHLGFFB87CC,1,41.19,消防機房、雨水回收機房、車道、機房、水箱、停車空間、進風管道、公共水箱、防空避難室兼停車空間、台電配電室、發電機房、泳池水箱、公共電氣室、機車車道、管委會使用空間、昇降機、大廳、梯廳、警衛室、儲藏室、風除室、排風機房、防災中心、電信室、垃圾暫存室、附屬社區共用空間、附屬共用廚房、機電設備空間、電梯間、設備空間、泳池機房、景觀機房、游泳池、管委會空間、樓電梯間、機電空間、樓梯間等３７項,鋼筋混凝土造,114年6月6日,二十八層,,
RPROMLOJKHLGFFB08CC,2,49.91,集合住宅,鋼筋混凝土造,112年9月28日,十五層,,
RPROMLOJKHLGFFB08CC,2,43.70,停車空間、雨水機房、污水機房、消防機房、水箱、一般昇降機、防空避難室兼停車空間、電信機房、發電機室、台電配電室、門廳、資源回收室、緊急昇降機、管理委員會使用空間、社區公共設施空間、梯廳、排煙室、外廊、機械室等１９項,鋼筋混凝土造,112年9月28日,十五層,,
RPPNMLOJKHLGFHB97CC,27,48.52,住家用,鋼筋混凝土造,88年7月2日,八層,,
RPPNMLOJKHLGFHB97CC,27,15.53,共有部份,鋼筋混凝土造,88年7月2日,八層,,
RPPNMLOJKHLGFHB97CC,27,.00,共有部份,鋼筋混凝土造,88年7月2日,八層,,
RPUOMLOJKHLGFFB38CC,1,47.08,集合住宅,鋼筋混凝土造,114年6月26日,十二層,,
RPSOMLOJKHLGFFB18CC,6,51.10,集合住宅,鋼筋混凝土造,109年7月24日,十五層,,
RPUOMLOJKHLGFFB38CC,1,18.36,消防機房、消防水池、水箱、昇降機、緊急昇降機、排煙室、安全梯兼無障礙梯、防空避難室兼停車空間、車道、機房、污水機房、台電配電室、停車空間、電信室、發電機室等１５項,鋼筋混凝土造,114年6月26日,十二層,,
RPSOMLOJKHLGFFB18CC,6,31.69,停車空間，汽車坡道，防空避難室兼停車空間等３項。,鋼筋混凝土造,109年7月24日,十五層,,
RPSOMLOJKHLGFFB18CC,6,8.92,消防機房，水箱，梯間，污／雨水機房，進風機房，機械室，排風機房，公用水箱揚水機房，機械區，電信機房，公共水箱，台電配電室，發電機室，管委會使用空間，受電區，景觀機房，泳池機房，電表區，機車坡道，防空避難室兼停車空間，梯廳，警衛室，走廊，特別安全梯，游泳池，汽車坡道，大廳等２７項,鋼筋混凝土造,109年7月24日,十五層,,
RPWNMLOJKHLGFCB18CC,30,16.36,住家用,鋼筋混凝土造,84年10月30日,十三層,,
RPSOMLOJKHLGFFB18CC,6,14.70,排煙室，梯廳兼排煙室，特別安全梯，梯廳，走道，機房，噴灌機房，梯間，電梯機房，消防水箱，水表室，機械室，水箱等１３項,鋼筋混凝土造,109年7月24日,十五層,,
RPWNMLOJKHLGFCB18CC,30,9.46,共有部份,鋼筋混凝土造,84年10月30日,十三層,,
RPUOMLOJKHLGFFB38CC,1,16.73,管委會空間、機車停車區、車道、垃圾集中區、昇降機、緊急昇降機、排煙室、宅配室、安全梯兼無障礙梯、安全梯、梯廳、水箱、樓梯間、昇降機機房等１４項,鋼筋混凝土造,114年6月26日,十二層,,
RPQNMLOJKHLGFHB08CC,20,203.33,住宅、停車空間,鋼筋混凝土造,94年11月18日,五層,,
RPRNMLOJKHLGFIB28CC,44,72.74,集合住宅,鋼筋混凝土造,71年2月7日,五層,,
RPRNMLOJKHLGFIB28CC,44,7.99,共有部份,鋼筋混凝土造,71年2月7日,五層,,
RPRNMLOJKHLGFHB18CC,34,86.84,住家用,鋼筋混凝土造,80年12月26日,十層,,
RPRNMLOJKHLGFHB18CC,34,34.85,共有部份,鋼筋混凝土造,80年12月26日,十層,,
RPVNMLOJKHLGFHB58CC,2,84.11,集合住宅,鋼筋混凝土造,112年12月28日,十二層,,
RPQNMLOJKHLGFIB18CC,5,59.25,集合住宅,鋼筋混凝土造,109年10月29日,十四層,,
RPVNMLOJKHLGFHB58CC,2,70.60,本共有部分之項目有停車空間、消防機房、機房、梯廳、安全梯、無障礙電梯、水箱、排煙室、防空避難室兼停車空間、台電配電室、發電機房、台電通道、電信機房、管委會使用空間、梯間、資源回收空間、電梯及電梯機房等１８項,鋼筋混凝土造,112年12月28日,十二層,,
RPPNMLOJKHLGFIB08CC,7,78.10,集合住宅,鋼筋混凝土造,108年3月5日,十一層,,
RPQNMLOJKHLGFIB18CC,5,58.07,停車空間．排煙室．一般昇降機．緊急昇降機．消防機房．污水機房．水箱．緊急發電機室．台電配電室．電信室．門廳．公共服務空間．管理室．垃圾集中處．戶外安全梯．梯廳．梯間．水表箱室．電梯機房等１９項。,鋼筋混凝土造,109年10月29日,十四層,,
RPSNMLOJKHLGFIB38CC,35,29.70,人行道、店舖、集合住宅,鋼筋混凝土造,80年2月8日,六層,,
RPVNMLOJKHLGFIB68CC,35,20.46,人行道、店舖、集合住宅,鋼筋混凝土造,80年2月8日,六層,,
RPWNMLOJKHLGFHB68CC,1,61.95,集合住宅,鋼筋混凝土造,114年4月21日,十二層,,
RPTOMLOJKHLGFFB28CC,1,49.44,集合住宅,鋼筋混凝土造,114年6月6日,二十八層,,
RPPNMLOJKHLGFIB08CC,7,77.04,本共有部分之項目有防空避難室兼停車空間．車道．水箱．消防機械室．雨汙水機房．梯廳．排煙室．安全梯．一般昇降機間．無障礙緊急昇降機間．停車空間．發電機室．機械室．電信室．台電配電室．電錶箱區．管委會使用空間．垃圾暫存室．外廊．戶外安全梯．無障礙廁所．陽台．走廊．機電設備空間．水錶室．昇降機道．梯間等２７項,鋼筋混凝土造,108年3月5日,十一層,,
RPWNMLOJKHLGFHB68CC,1,100.68,本共有部分之項目有防空避難室兼停車空間、消防機房、雨污水機房、蓄水池、緊急昇降機排煙室、緊急昇降機兼無障礙電梯、一般昇降機、管道間、無障礙安全梯、停車空間、台電配電室、發電機房、電信室、泳池機房、景觀水池機房、管委會使用空間、公共服務空間、戶外社區游泳池、共同梯廳、機車停車空間、室內安全梯、戶外安全梯、樓梯間、昇降機、水錶室、機械室、水箱等２７項,鋼筋混凝土造,114年4月21日,十二層,,
RPTOMLOJKHLGFFB28CC,1,13.38,排煙室、昇降機、無障礙安全梯、特別安全梯、無障礙樓梯、梯廳兼排煙室、梯廳、管委會空間、中繼機房、中繼水箱、電梯間、水錶室、樓梯間、電梯機房、機電空間、水箱、安全梯、水箱機房、消防水箱等１９項,鋼筋混凝土造,114年6月6日,二十八層,,
RPUNMLOJKHLGFIB58CC,35,21.45,人行道、店舖、集合住宅,鋼筋混凝土造,80年2月8日,六層,,
RPTOMLOJKHLGFFB28CC,1,36.20,消防機房、雨水回收機房、車道、機房、水箱、停車空間、進風管道、公共水箱、防空避難室兼停車空間、台電配電室、發電機房、泳池水箱、公共電氣室、機車車道、管委會使用空間、昇降機、大廳、梯廳、警衛室、儲藏室、風除室、排風機房、防災中心、電信室、垃圾暫存室、附屬社區共用空間、附屬共用廚房、機電設備空間、電梯間、設備空間、泳池機房、景觀機房、游泳池、管委會空間、樓電梯間、機電空間、樓梯間等３７項,鋼筋混凝土造,114年6月6日,二十八層,,
RPTNMLOJKHLGFIB48CC,32,79.43,集合住宅,鋼筋混凝土造,82年9月16日,十四層,,
RPTNMLOJKHLGFIB48CC,32,20.90,共有部份,鋼筋混凝土造,82年9月16日,十四層,,
RPWNMLOJKHLGFIB78CC,35,19.80,人行道、店舖、集合住宅,鋼筋混凝土造,80年2月8日,六層,,
RPXNMLOJKHLGFFB58CC,1,87.86,集合住宅,鋼筋混凝土造,113年11月6日,十五層,,
RPXNMLOJKHLGFFB58CC,1,73.10,停車空間、防空避難室兼停車空間、管委會空間、梯廳、排煙室、垃圾貯藏室、戶外安全梯,鋼筋混凝土造,113年11月6日,十五層,,
RPXNMLOJKHLGFFB58CC,1,19.80,梯廳、排煙室、樓梯間、水錶室、消防水箱、電梯機房、水箱、戶外安全梯,鋼筋混凝土造,113年11月6日,十五層,,
RPOOMLOJKHLGFIB08CC,35,22.77,人行道、店舖、集合住宅,鋼筋混凝土造,80年2月8日,六層,,
RPVOMLOJKHLGFIB78CC,14,18.92,集合住宅,鋼筋混凝土造,101年1月19日,六層,,
RPVOMLOJKHLGFIB78CC,14,14.64,本共有部分之項目有防空避難室、停車空間、水箱、樓梯間、機械室、梯廳、走廊、昇降機道、台電受電室、電信室、儲藏室、消防機房、發電機室等１３項。,鋼筋混凝土造,101年1月19日,六層,,
RPXNMLOJKHLGFIB88CC,47,213.06,住家用,加強磚造,67年10月10日,三層,,
RPROMLOJKHLGFIB38CC,31,92.76,集合住宅,鋼筋混凝土造,83年9月17日,十三層,,
RPROMLOJKHLGFIB38CC,31,14.24,共有部份,鋼筋混凝土造,83年9月17日,十三層,,
RPUOMLOJKHLGFIB68CC,8,65.18,集合住宅,鋼筋混凝土造,106年12月1日,十二層,,
RPUOMLOJKHLGFIB68CC,8,57.21,本共有部分之項目有停車空間、車道、消防機房、污水機房、水箱、安全梯、昇降設備、緊急昇降機間排煙室、防空避難室兼停車空間、電信室、發電機室、台電配電室、垃圾儲藏室、公共服務使用空間、管委會使用空間、梯廳、門廳、戶外安全梯、緊急昇降機間、排煙室、屋頂平台、電梯機械室、樓梯間等２３項。,鋼筋混凝土造,106年12月1日,十二層,,
RPQOMLOJKHLGFIB28CC,4,93.65,店舖,鋼筋混凝土造,110年9月13日,十三層,,
RPQOMLOJKHLGFIB28CC,4,49.19,本共有部分之項目有停車空間、揚水泵、污水機房、游泳池水箱、消防機械室、汽機車坡道、樓梯間、雨水機房、汽車坡道、發電機室、垃圾貯存空間、台電配電室、受電箱區、噴灌機房、電信室、門廳、休憩區、公共服務空間、戶外安全梯、安全梯、管理委員會使用空間、游泳池機房及噴泉池機房、男廁、女廁、男更衣室、女更衣室等２６項。,鋼筋混凝土造,110年9月13日,十三層,,
RPQOMLOJKHLGFIB28CC,4,26.78,本共有部分之項目有一般昇降機兼行動不便者使用、緊急昇降機、排煙室兼緊急昇降機間、水箱、戶外安全梯、樓梯間、梯廳、安全梯、消防水箱、錶箱室、機械室等１１項。,鋼筋混凝土造,110年9月13日,十三層,,
RPTOMLOJKHLGFIB58CC,14,17.85,集合住宅、機電設備空間,鋼筋混凝土造,101年1月19日,六層,,
RPPOMLOJKHLGFIB18CC,41,513.42,辦公室、倉庫、廠房、員工宿舍、梯間、避難室,加強磚造、ＲＣ造、鐵架造,74年3月10日,二層,,
RPTOMLOJKHLGFIB58CC,14,13.63,本共有部分之項目有防空避難室、停車空間、水箱、樓梯間、機械室、梯廳、走廊、昇降機道、台電受電室、電信室、儲藏室、消防機房、發電機室等１３項。,鋼筋混凝土造,101年1月19日,六層,,
RPPOMLOJKHLGFIB18CC,41,513.42,辦公室、倉庫、廠房、員工宿舍、梯間、避難室,加強磚造、ＲＣ造、鐵架造,74年3月10日,二層,,
RPSOMLOJKHLGFIB48CC,2,57.58,集合住宅,鋼筋混凝土造,112年8月22日,十五層,,
RPSOMLOJKHLGFIB48CC,2,38.31,停車空間、排煙室、安全梯、雨汙水機房、消防機械室、機械室、水箱、緊急升降機、一般升降機、無障礙樓梯、發電機室、台電配電室、電信室等１３項。,鋼筋混凝土造,112年8月22日,十五層,,
RPSOMLOJKHLGFIB48CC,2,9.83,管委會使用空間、游泳池、梯廳、戶外安全梯、安全梯、排煙室、走廊、車道、機車停車區、垃圾資源回收室、緊急升降機、一般升降機、門廳、升降機道、梯間、機械室、機械室（水錶室）、電梯機房、水箱等１９項。,鋼筋混凝土造,112年8月22日,十五層,,
RPSOMLOJKHLGFIB48CC,2,14.48,梯廳、一般升降機、緊急升降機、排煙室、戶外安全梯、機電設備空間等６項,鋼筋混凝土造,112年8月22日,十五層,,
RPWOMLOJKHLGFIB88CC,23,11.24,住房．店舖．梯間．停車空間．機電設備空間．門廊．儲藏室,鋼筋混凝土造,92年5月29日,四層,,
RPXOMLOJKHLGFIB98CC,10,18.85,集合住宅,鋼筋混凝土造,105年1月27日,九層,,
RPXOMLOJKHLGFIB98CC,10,16.21,本共有部分之項目有防空避難室兼停車空間、停車空間（汽車升降機械道）、電信室、水箱、甲、乙安全梯、電梯梯廳、台電配電室、牌樓、消防機房兼發電機室、人行道、管委會空間、停車空間（含車道、汽車升降機）、走廊、樓梯間等１４項,鋼筋混凝土造,105年1月27日,九層,,
RPOPMLOJKHLGFIB18CC,10,18.87,集合住宅,鋼筋混凝土造,105年1月27日,九層,,
RPOPMLOJKHLGFIB18CC,10,16.19,本共有部分之項目有防空避難室兼停車空間、停車空間（汽車升降機械道）、電信室、水箱、甲、乙安全梯、電梯梯廳、台電配電室、牌樓、消防機房兼發電機室、人行道、管委會空間、停車空間（含車道、汽車升降機）、走廊、樓梯間等１４項,鋼筋混凝土造,105年1月27日,九層,,
RPRPMLOJKHLGFIB48CC,10,18.85,集合住宅,鋼筋混凝土造,105年1月27日,九層,,
RPRPMLOJKHLGFIB48CC,10,16.21,本共有部分之項目有防空避難室兼停車空間、停車空間（汽車升降機械道）、電信室、水箱、甲、乙安全梯、電梯梯廳、台電配電室、牌樓、消防機房兼發電機室、人行道、管委會空間、停車空間（含車道、汽車升降機）、走廊、樓梯間等１４項,鋼筋混凝土造,105年1月27日,九層,,
RPPPMLOJKHLGFIB28CC,10,16.92,集合住宅,鋼筋混凝土造,105年1月27日,九層,,
RPSPMLOJKHLGFIB58CC,10,18.74,集合住宅,鋼筋混凝土造,105年1月27日,九層,,
RPPPMLOJKHLGFIB28CC,10,15.22,本共有部分之項目有防空避難室兼停車空間、停車空間（汽車升降機械道）、電信室、水箱、甲、乙安全梯、電梯梯廳、台電配電室、牌樓、消防機房兼發電機室、人行道、管委會空間、停車空間（含車道、汽車升降機）、走廊、樓梯間等１４項,鋼筋混凝土造,105年1月27日,九層,,
RPSPMLOJKHLGFIB58CC,10,17.69,本共有部分之項目有防空避難室兼停車空間、停車空間（汽車升降機械道）、電信室、水箱、甲、乙安全梯、電梯梯廳、台電配電室、牌樓、消防機房兼發電機室、人行道、管委會空間、停車空間（含車道、汽車升降機）、走廊、樓梯間等１４項,鋼筋混凝土造,105年1月27日,九層,,
RPTPMLOJKHLGFIB68CC,10,16.92,集合住宅,鋼筋混凝土造,105年1月27日,九層,,
RPPNMLOJKHLGFJB18CC,18,9.09,辦公室,鋼筋混凝土造,97年7月7日,四層,,
RPTPMLOJKHLGFIB68CC,10,15.22,本共有部分之項目有防空避難室兼停車空間、停車空間（汽車升降機械道）、電信室、水箱、甲、乙安全梯、電梯梯廳、台電配電室、牌樓、消防機房兼發電機室、人行道、管委會空間、停車空間（含車道、汽車升降機）、走廊、樓梯間等１４項,鋼筋混凝土造,105年1月27日,九層,,
RPPNMLOJKHLGFJB18CC,18,5.26,緊急發電機、台電受電室、機械室、人行道、梯間、消防幫泵室、水箱,鋼筋混凝土造,97年7月7日,四層,,
RPQPMLOJKHLGFIB38CC,10,18.87,集合住宅,鋼筋混凝土造,105年1月27日,九層,,
RPQPMLOJKHLGFIB38CC,10,16.19,本共有部分之項目有防空避難室兼停車空間、停車空間（汽車升降機械道）、電信室、水箱、甲、乙安全梯、電梯梯廳、台電配電室、牌樓、消防機房兼發電機室、人行道、管委會空間、停車空間（含車道、汽車升降機）、走廊、樓梯間等１４項,鋼筋混凝土造,105年1月27日,九層,,
RPQNMLOJKHLGFJB28CC,,80.54,集合住宅,鋼筋混凝土造,114年9月11日,十二層,,
RPQNMLOJKHLGFJB28CC,,67.94,本共有部分之項目有：停車空間、水箱、消防機械室、緊急發電機室、安全梯、電信室、電梯、防空避難室兼停車空間、台電配電室、人行道、管委會空間、梯廳、樓梯間、昇降機間、機械室等１５項,鋼筋混凝土造,114年9月11日,十二層,,
RPQNMLOJKHLGFKB38CC,1,16.02,集合住宅,鋼筋混凝土造,113年9月16日,八層,,
RPRNMLOJKHLGFKB48CC,32,20.35,住家用,鋼筋混凝土造,83年1月20日,四層,,
RPQNMLOJKHLGFKB38CC,1,34.00,本共有部分之項目有：防空避難室兼停車空間、緊急發電機室及消防機房、汙水機房、安全梯、梯廳、電梯、清水池、台電配電室、電信室、汽車車道、管委會使用空間、垃圾處理室、停車空間、宅配室、樓梯間、水箱、機械室等十七項。,鋼筋混凝土造,113年9月16日,八層,,
RPRNMLOJKHLGFKB48CC,32,4.69,梯間、走道、水箱,鋼筋混凝土造,83年1月20日,四層,,
RPPNMLOJKHLGFKB28CC,37,14.85,住家用,鋼筋混凝土造,77年8月1日,五層,,
RPPNMLOJKHLGFKB28CC,37,2.68,走廊,鋼筋混凝土造,77年8月1日,五層,,
RPPNMLOJKHLGFKB28CC,37,2.45,突出物、梯間、人行道、避難室,鋼筋混凝土造,77年8月1日,五層,,
RPPNMLPJKHLGFAB37CC,30,20.27,集合住宅,鋼筋混凝土造,85年5月6日,十八層,,
RPSNMLPJKHLGFAB67CC,38,94.00,集合住宅,鋼筋混凝土造,77年6月27日,五層,,
RPPNMLPJKHLGFAB37CC,30,3.78,共同使用,鋼筋混凝土造,85年5月6日,十八層,,
RPPNMLPJKHLGFAB37CC,30,4.24,共同使用,鋼筋混凝土造,85年5月6日,十八層,,
RPPNMLPJKHLGFAB37CC,30,1.01,共同使用,鋼筋混凝土造,85年5月6日,十八層,,
RPPNMLPJKHLGFAB37CC,30,1.51,共同使用,鋼筋混凝土造,85年5月6日,十八層,,
RPROMLPJKHLGFAB67CC,37,26.35,住家用,鋼筋混凝土造,78年5月15日,十二層,,
RPROMLPJKHLGFAB67CC,37,6.31,人行道，梯間，電梯，走道，避雷針，水箱,鋼筋混凝土造,78年5月15日,十二層,,
RPRNMLPJKHLGFAB57CC,19,52.80,集合住宅,鋼筋混凝土造,95年9月22日,十五層,,
RPWNMLPJKHLGFAB08CC,44,23.01,住家用,鋼筋混凝土造,70年12月30日,五層,,
RPRNMLPJKHLGFAB57CC,19,8.24,共用,鋼筋混凝土造,95年9月22日,十五層,,
RPRNMLPJKHLGFAB57CC,19,11.91,共用,鋼筋混凝土造,95年9月22日,十五層,,
RPTNMLPJKHLGFAB77CC,32,223.95,住商用,見其他登記事項,83年3月4日,二層,,
RPUNMLPJKHLGFAB87CC,43,28.61,住商用,鋼筋混凝土造,71年11月16日,十二層,,
RPUNMLPJKHLGFAB87CC,43,7.84,共有部份,鋼筋混凝土造,71年11月16日,十二層,,
RPQOMLPJKHLGFAB57CC,42,22.69,住商用,鋼筋混凝土造,73年4月26日,十二層,,
RPQOMLPJKHLGFAB57CC,42,4.52,電梯，樓梯，通道，機械間，水塔，受電室,鋼筋混凝土造,73年4月26日,十二層,,
RPPOMLPJKHLGFAB47CC,15,45.94,辦公室,鋼筋混凝土造,100年6月3日,十層,,
RPPOMLPJKHLGFAB47CC,15,17.46,本共有部分係依使用執照之建築概要表記載項目有：梯廳、管委會使用空間、停車空間、行動不便者電梯、甲安全梯、乙戶外安全梯、丙戶外安全梯、丁安全梯、機車車道、汽車車道、頂蓋廣場開放空間、門廳、人行道、垃圾集中＆資源分類室、電梯機房、梯間、機房、給水水箱、屋頂裝飾物等共１９項,鋼筋混凝土造,100年6月3日,十層,,
RPOOMLPJKHLGFAB37CC,11,56.64,人行道、店鋪、辦公室,鋼筋混凝土造,103年10月1日,八層,,
RPPOMLPJKHLGFAB47CC,15,36.85,本共有部分係依使用執照之建築概要表記載項目有：台電配電室、受電箱、電錶箱、甲安全梯、丁安全梯、防空避難室兼停車空間、發電機室、電信室、汽車車道、電錶區、消防機房、污水機房、停車空間、蓄水池、行動不便者電梯等共１５項,鋼筋混凝土造,100年6月3日,十層,,
RPXNMLPJKHLGFAB18CC,30,22.84,集合住宅,鋼骨鋼筋混凝土造,85年5月20日,十九層,,
RPXNMLPJKHLGFAB18CC,30,4.89,共同使用,鋼骨鋼筋混凝土造,85年5月20日,十九層,,
RPXNMLPJKHLGFAB18CC,30,6.02,共同使用,鋼骨鋼筋混凝土造,85年5月20日,十九層,,
RPWOMLPJKHLGFAB18CC,6,89.26,集合住宅,鋼筋混凝土造,109年5月3日,十五層,,
RPVOMLPJKHLGFAB08CC,36,17.77,住家用,鋼筋混凝土造,79年5月4日,十二層,,
RPWOMLPJKHLGFAB18CC,6,76.69,本共有部份係依使用執照之建築概要表記載項目有：停車空間、車道、水箱、消防機房、雨水機房、緊急發電機室、昇降機間、安全梯、排煙室、機房、防空避難室兼停車空間、景觀機房、電信室、台電配電場所、管委會空間、門廊、梯廳兼排煙室、公共服務空間、梯廳、水錶區、昇降機機械室等２１項。,鋼筋混凝土造,109年5月3日,十五層,,
RPVOMLPJKHLGFAB08CC,36,6.32,共有部份,鋼筋混凝土造,79年5月4日,十二層,,
RPTOMLPJKHLGFAB87CC,19,79.47,集合住宅,鋼筋混凝土造,95年10月26日,三十二層,,
RPTOMLPJKHLGFAB87CC,20,19.95,共用,鋼筋混凝土造,95年6月22日,三十二層,,
RPTOMLPJKHLGFAB87CC,19,33.30,共用,鋼筋混凝土造,95年10月26日,三十二層,,
RPSOMLPJKHLGFAB77CC,44,21.52,住家用,鋼筋混凝土造,70年12月31日,十一層,,
RPSOMLPJKHLGFAB77CC,44,9.45,人行道，走道，電梯間，梯間，避難室，變電室，停車空間，機械室,鋼筋混凝土造,70年12月31日,十一層,,
RPUOMLPJKHLGFAB97CC,30,81.01,集合住宅,鋼筋混凝土造,84年11月30日,十七層,,
RPUOMLPJKHLGFAB97CC,30,32.33,開放空間，梯間，防空避難室，停車空間，機械室，水箱,鋼筋混凝土造,84年11月30日,十七層,,
RPQNMLPJKHLGFBB57CC,44,35.68,商業用,鋼筋混凝土造,70年8月14日,十一層,,
RPWNMLPJKHLGFBB18CC,36,95.13,住家用,鋼筋混凝土造,78年10月19日,十六層,,
RPWNMLPJKHLGFBB18CC,36,17.55,共有部分,鋼筋混凝土造,78年10月19日,十六層,,
RPUNMLPJKHLGFBB97CC,43,21.18,住家用,鋼筋混凝土造,72年2月10日,五層,,
RPUNMLPJKHLGFBB97CC,43,5.69,共有部分,鋼筋混凝土造,72年2月10日,五層,,
RPVNMLPJKHLGFBB08CC,34,45.48,住家用,鋼筋混凝土造,81年7月3日,五層,,
RPRNMLPJKHLGFBB67CC,31,109.10,住家用,鋼筋混凝土造,83年10月20日,十四層,,
RPVNMLPJKHLGFBB08CC,34,6.24,梯間、走道、機械室、水箱,鋼筋混凝土造,81年7月3日,五層,,
RPRNMLPJKHLGFBB67CC,31,22.32,共有部份,鋼筋混凝土造,83年10月20日,十四層,,
RPQOMLPJKHLGFBB67CC,30,20.42,住家用,鋼筋混凝土造,84年11月24日,二十四層,,
RPPNMLPJKHLGFBB47CC,44,35.03,住家用,鋼筋混凝土造,70年8月14日,十一層,,
RPQOMLPJKHLGFBB67CC,30,13.76,防空避難室，停車空間，門廳，樓梯間，機械室，水箱,鋼筋混凝土造,84年11月24日,二十四層,,
RPSNMLPJKHLGFBB77CC,28,28.92,住家用,鋼筋混凝土造,86年8月4日,十二層,,
RPSNMLPJKHLGFBB77CC,28,10.21,共有部分,鋼筋混凝土造,86年8月4日,十二層,,
RPXNMLPJKHLGFBB28CC,31,24.78,住家用,鋼筋混凝土造,84年6月14日,八層,,
RPSNMLPJKHLGFBB77CC,30,.00,共有部分,鋼筋混凝土造,84年8月4日,十二層,,
RPXNMLPJKHLGFBB28CC,31,9.29,共有部分,鋼筋混凝土造,84年6月14日,八層,,
RPSNMLPJKHLGFBB77CC,30,.00,共有部分,鋼筋混凝土造,84年8月4日,十二層,,
RPXOMLPJKHLGFAB28CC,17,37.77,集合住宅,鋼筋混凝土造,98年8月4日,十一層,,
RPXOMLPJKHLGFAB28CC,17,7.37,共有,鋼筋混凝土造,98年8月4日,十一層,,
RPXOMLPJKHLGFAB28CC,17,8.93,共有,鋼筋混凝土造,98年8月4日,十一層,,
RPPOMLPJKHLGFBB57CC,46,67.06,住家用,鋼筋混凝土造,68年9月26日,五層,,
RPUOMLPJKHLGFBB08CC,43,90.77,住家用,鋼筋混凝土造,71年8月20日,五層,,
RPTNMLPJKHLGFBB87CC,43,20.08,住家用,鋼筋混凝土造,72年2月10日,五層,,
RPTNMLPJKHLGFBB87CC,43,4.60,共有部分,鋼筋混凝土造,72年2月10日,五層,,
RPOPMLPJKHLGFAB47CC,43,77.28,集合住宅,鋼筋混凝土造,72年5月7日,五層,,
RPOPMLPJKHLGFAB47CC,43,1.10,共有部份,鋼筋混凝土造,72年5月7日,五層,,
RPOPMLPJKHLGFAB47CC,43,5.51,共有部份,鋼筋混凝土造,72年5月7日,五層,,
RPOOMLPJKHLGFBB47CC,30,19.86,住家用,鋼筋混凝土造,85年5月24日,十六層,,
RPOOMLPJKHLGFBB47CC,,5.74,,,,,,
RPOOMLPJKHLGFBB47CC,,4.46,,,,,,
RPSOMLPJKHLGFBB87CC,37,117.94,住家用,鋼筋混凝土造,78年4月13日,七層,,
RPSOMLPJKHLGFBB87CC,37,17.10,共有部份,鋼筋混凝土造,78年4月13日,七層,,
RPROMLPJKHLGFBB77CC,38,88.82,住家用,鋼筋混凝土造,76年9月24日,五層,,
RPROMLPJKHLGFBB77CC,38,11.01,共有部份,鋼筋混凝土造,76年9月24日,五層,,
RPXOMLPJKHLGFBB38CC,20,48.22,住家用,鋼筋混凝土造,94年12月8日,十八層,,
RPXOMLPJKHLGFBB38CC,20,19.40,共有部分,鋼筋混凝土造,94年12月8日,十八層,,
RPWOMLPJKHLGFBB28CC,27,82.02,住家用,鋼筋混凝土造,87年12月4日,十四層,,
RPWOMLPJKHLGFBB28CC,27,27.69,共有部分,鋼筋混凝土造,87年12月4日,十四層,,
RPWOMLPJKHLGFBB28CC,27,14.06,共有部分,鋼筋混凝土造,87年12月4日,十四層,,
RPOPMLPJKHLGFBB57CC,44,19.68,商業用,鋼筋混凝土造,71年4月19日,五層,,
RPOPMLPJKHLGFBB57CC,44,2.27,共有部分,鋼筋混凝土造,71年4月19日,五層,,
RPQPMLPJKHLGFBB77CC,31,16.43,住家用,鋼筋混凝土造,84年6月26日,二十四層,,
RPPPMLPJKHLGFBB67CC,35,47.64,住家用,鋼筋混凝土造,80年5月28日,七層,,
RPQPMLPJKHLGFBB77CC,31,4.53,共有部分,鋼筋混凝土造,84年6月26日,二十四層,,
RPPPMLPJKHLGFBB67CC,35,10.81,共有部分,鋼筋混凝土造,80年5月28日,七層,,
RPQPMLPJKHLGFBB77CC,31,3.46,共有部分,鋼筋混凝土造,84年6月26日,二十四層,,
RPQPMLPJKHLGFBB77CC,31,.00,共有部分,鋼筋混凝土造,84年6月26日,二十四層,,
RPSPMLPJKHLGFBB97CC,1,91.75,集合住宅,鋼筋混凝土造,114年1月16日,二十四層,,
RPQNMLPJKHLGFCB67CC,10,22.43,人行道、店舖、停車空間、住宅、樓梯間,鋼筋混凝土造,105年5月12日,五層,,
RPSPMLPJKHLGFBB97CC,1,74.25,本共有部份係依使用執照之建築概要表記載項目有：防空避難室兼停車空間，排煙室，樓梯間，一般昇降機，緊急昇降機，汙水機械室，機械室，消防機房，水箱，車道，一般安全梯，停車空間，電信室，水景機械室，戲水池機房，緊急發電機室，台電配電室，消防蓄水池，電錶室，防災中心，消防中繼機房，梯廳，公設管委會使用空間，門廳，儲藏室，管理室，特別安全梯，梯間，消防水箱，水錶箱室，電梯機房等３２項。,鋼筋混凝土造,114年1月16日,二十四層,,
RPUPMLPJKHLGFBB18CC,1,55.43,集合住宅,鋼筋混凝土造,114年1月16日,二十四層,,
RPTPMLPJKHLGFBB08CC,47,81.19,住家用,鋼筋混凝土造,68年1月9日,八層,,
RPUPMLPJKHLGFBB18CC,1,55.69,本共有部份係依使用執照之建築概要表記載項目有：防空避難室兼停車空間，排煙室，樓梯間，一般昇降機，緊急昇降機，汙水機械室，機械室，消防機房，水箱，車道，一般安全梯，停車空間，電信室，水景機械室，戲水池機房，緊急發電機室，台電配電室，消防蓄水池，電錶室，防災中心，消防中繼機房，梯廳，公設管委會使用空間，門廳，儲藏室，管理室，特別安全梯，梯間，消防水箱，水錶箱室，電梯機房等３２項。,鋼筋混凝土造,114年1月16日,二十四層,,
RPXPMLPJKHLGFBB48CC,42,92.49,住家用,鋼筋混凝土造,73年3月1日,五層,,
RPPNMLPJKHLGFCB57CC,33,32.48,住家用,鋼筋混凝土造,82年2月12日,七層,,
RPRPMLPJKHLGFBB87CC,33,97.13,住家用,鋼筋混凝土造,81年11月20日,八層,,
RPWPMLPJKHLGFBB38CC,1,60.69,集合住宅,鋼筋混凝土造,114年1月16日,二十四層,,
RPPNMLPJKHLGFCB57CC,33,7.16,共有部份,鋼筋混凝土造,82年2月12日,七層,,
RPWPMLPJKHLGFBB38CC,1,58.08,本共有部份係依使用執照之建築概要表記載項目有：防空避難室兼停車空間，排煙室，樓梯間，一般昇降機，緊急昇降機，汙水機械室，機械室，消防機房，水箱，車道，一般安全梯，停車空間，電信室，水景機械室，戲水池機房，緊急發電機室，台電配電室，消防蓄水池，電錶室，防災中心，消防中繼機房，梯廳，公設管委會使用空間，門廳，儲藏室，管理室，特別安全梯，梯間，消防水箱，水錶箱室，電梯機房等３２項。,鋼筋混凝土造,114年1月16日,二十四層,,
RPRPMLPJKHLGFBB87CC,33,8.89,共有部分,鋼筋混凝土造,81年11月20日,八層,,
RPUNMLPJKHLGFCB08CC,27,99.31,住家用,鋼筋混凝土造,87年11月3日,十三層,,
RPTNMLPJKHLGFCB97CC,31,76.73,住商用,鋼筋混凝土造,83年10月26日,十四層,,
RPUNMLPJKHLGFCB08CC,27,31.10,共有部份,鋼筋混凝土造,87年11月3日,十三層,,
RPTNMLPJKHLGFCB97CC,31,22.39,共有部分,鋼筋混凝土造,83年10月26日,十四層,,
RPVOMLPJKHLGFCB28CC,31,13.99,住家用,鋼筋混凝土造,83年9月30日,十二層,,
RPVOMLPJKHLGFCB28CC,31,7.07,共有部份,鋼筋混凝土造,83年9月30日,十二層,,
RPSOMLPJKHLGFCB97CC,4,27.54,寄宿舍,鋼筋混凝土造,111年7月28日,七層,,
RPSOMLPJKHLGFCB97CC,4,18.77,本共有部分係依使用執照之建築概要表記載項目有：防空避難室兼停車空間、台電配電室、消防及發電機房、電信室、水箱、樓梯間、無障礙昇降機、梯廳、辦公室、管委會使用空間、親子廁所、無障礙廁所、資源回收空間、機房、機房＋管道間、走廊、車道、管道間等十八項。,鋼筋混凝土造,111年7月28日,七層,,
RPTOMLPJKHLGFCB08CC,33,115.57,住家用,鋼筋混凝土造,81年11月5日,十層,,
RPTOMLPJKHLGFCB08CC,33,31.70,共有部分,鋼筋混凝土造,81年11月5日,十層,,
RPVNMLPJKHLGFCB18CC,24,34.64,人行道、辦公室、住房、店舖、停車空間、樓梯間,鋼筋混凝土造,91年5月23日,五層,,
RPOOMLPJKHLGFCB57CC,33,47.90,住家用,鋼筋混凝土造,81年11月20日,十層,,
RPSNMLPJKHLGFCB87CC,16,37.80,共有,鋼筋混凝土造,98年8月13日,二十六層,,
RPOOMLPJKHLGFCB57CC,33,15.90,共有部份,鋼筋混凝土造,81年11月20日,十層,,
RPPNMLPJKHLGFDB67CC,47,54.34,住商用,結構造,68年2月20日,四層,,
RPRNMLPJKHLGFDB87CC,36,26.40,避難室、店舖、住宅、梯間,鋼筋混凝土造,79年1月17日,六層,,
RPRNMLPJKHLGFCB77CC,31,21.98,住家用,鋼筋混凝土造,83年11月21日,八層,,
RPRNMLPJKHLGFCB77CC,31,10.14,共有部份,鋼筋混凝土造,83年11月21日,八層,,
RPVNMLPJKHLGFDB28CC,10,23.08,寄宿舍,鋼筋混凝土造,105年7月19日,五層,,
RPXNMLPJKHLGFCB38CC,13,223.68,住家用,鋼筋混凝土造,102年1月25日,二十六層,,
RPXNMLPJKHLGFCB38CC,13,54.80,本共有部分係依使用執照之建築概要表記載項目有機械室、水箱、梯廳、管理室、排煙室、門廳、電梯間、安全梯、特別安全梯、人行道、管委會使用空間等十一項。,鋼筋混凝土造,102年1月25日,二十六層,,
RPUOMLPJKHLGFCB18CC,33,79.55,住家用,鋼筋混凝土造,81年8月7日,十二層,,
RPXNMLPJKHLGFCB38CC,13,71.02,本共有部分係依使用執照之建築概要表記載項目有停車空間、消防機房、機械室、梯廳、安全梯、水箱、排煙室、電信室、台電配電室、發電機室、鼓風機室、停車空間兼防空避難室、儲藏室、電錶室等十四項。,鋼筋混凝土造,102年1月25日,二十六層,,
RPUOMLPJKHLGFCB18CC,33,33.38,共有部份,鋼筋混凝土造,81年8月7日,十二層,,
RPUNMLPJKHLGFDB18CC,9,20.00,寄宿舍,鋼筋混凝土造,105年7月19日,五層,,
RPTNMLPJKHLGFDB08CC,47,68.53,住商用,鋼筋混凝土造,67年9月29日,八層,,
RPQNMLPJKHLGFDB77CC,27,33.52,住家用,鋼筋混凝土造,87年9月30日,八層,,
RPQNMLPJKHLGFDB77CC,27,17.05,共有部份,鋼筋混凝土造,87年9月30日,八層,,
RPROMLPJKHLGFCB87CC,15,63.82,住家用,鋼筋混凝土造,100年4月28日,十二層,,
RPROMLPJKHLGFCB87CC,15,50.21,本共有部分之項目有停車空間、污水處理機房、水箱、樓梯間、梯廳、昇降機間、車道、消防機房、機車停車區、防空避難室兼停車空間、噴灌機房、台電配電室、緊急發電機室、電信室、門廳、廣場式開放空間頂蓋型、管委會使用空間（管理室）、管委會使用空間（會議室）、垃圾集中處、電梯機房等二十項,鋼筋混凝土造,100年4月28日,十二層,,
RPWNMLPJKHLGFDB38CC,10,20.00,寄宿舍,鋼筋混凝土造,105年7月19日,五層,,
RPWNMLPJKHLGFCB28CC,34,28.53,住家用,鋼筋混凝土造,80年12月18日,八層,,
RPWNMLPJKHLGFCB28CC,34,7.39,共有部份,鋼筋混凝土造,80年12月18日,八層,,
RPTNMLPJKHLGFFB28CC,12,238.83,人行道、住宅、樓梯間,鋼筋混凝土造,103年4月18日,四層,,
RPUNMLPJKHLGFFB38CC,2,79.45,集合住宅,鋼筋混凝土造,112年11月4日,十五層,,
RPUNMLPJKHLGFFB38CC,2,63.90,防空避難室兼停車空間、排煙室、樓梯間、昇降機間、污水機房兼雨水回收設備機房、消防機房、水箱、車道、停車空間、電信室、緊急發電機室、台電配電室、機車停車區、機房、沿街步道式開放空間（等寬有頂蓋型）、梯廳、門廳、垃圾集中室、管委會使用空間、公設（游泳池）、梯間、安全梯、水錶箱室、電梯機房等２４項,鋼筋混凝土造,112年11月4日,十五層,,
RPRNMLPJKHLGFFB08CC,3,113.13,集合住宅,鋼筋混凝土造,111年10月6日,十五層,,
RPRNMLPJKHLGFFB08CC,3,22.22,消防機房、機房、水箱、雨水機房、污水機房、安全梯、排風管道、電信室、防空避難室兼停車空間、台電配電室、發電機房、管委會使用空間、水景機房、泳池機房、游泳池、梯廳、風除室、外廊、大廳、警衛室等２０項,鋼筋混凝土造,111年10月6日,十五層,,
RPRNMLPJKHLGFFB08CC,3,29.72,排煙室、升降機、緊急升降機兼無障礙升降機、特別安全梯、梯廳、機房、電梯機房、水錶室、消防水箱、自來水箱等１０項,鋼筋混凝土造,111年10月6日,十五層,,
RPRNMLPJKHLGFFB08CC,3,65.41,停車空間、防空避難室兼停車空間等２項,鋼筋混凝土造,111年10月6日,十五層,,
RPVNMLPJKHLGFFB48CC,4,86.43,集合住宅,鋼筋混凝土造,111年2月16日,十五層,,
RPVNMLPJKHLGFFB48CC,4,31.19,停車空間、防空避難室兼停車空間等２項。,鋼筋混凝土造,111年2月16日,十五層,,
RPSNMLPJKHLGFFB18CC,51,108.65,住商用,鋼筋混凝土造,63年8月10日,二層,,
RPVNMLPJKHLGFFB48CC,4,13.43,梯廳、管理委員會使用空間、大廳、外廊、風除室、廊道、車道、停車場排風管道、機車停車空間、台電配電室、電信室、電錶區、發電機房、水景機房、垃圾儲藏室、景觀機房、停車場進風管道、消防機房、雨水回收機房等１９項。,鋼筋混凝土造,111年2月16日,十五層,,
RPVNMLPJKHLGFFB48CC,4,28.90,排煙室、昇降機、緊急昇降機、特別安全梯、水箱、梯廳、廊道、機房、機械室（水錶室）、電梯機房、消防水箱、屋突水箱、水箱室等１３項。,鋼筋混凝土造,111年2月16日,十五層,,
RPPNMLPJKHLGFEB77CC,7,20.50,住宅,鋼筋混凝土造,108年3月8日,四層,,
RPQNMLPJKHLGFFB97CC,6,51.11,集合住宅,鋼筋混凝土造,109年7月24日,十五層,,
RPQNMLPJKHLGFFB97CC,6,31.69,停車空間，汽車坡道，防空避難室兼停車空間等３項。,鋼筋混凝土造,109年7月24日,十五層,,
RPQNMLPJKHLGFFB97CC,6,8.82,消防機房，水箱，梯間，污／雨水機房，進風機房，機械室，排風機房，公用水箱揚水機房，機械區，電信機房，公共水箱，台電配電室，發電機室，管委會使用空間，受電區，景觀機房，泳池機房，電表區，機車坡道，防空避難室兼停車空間，梯廳，警衛室，走廊，特別安全梯，游泳池，汽車坡道，大廳等２７項,鋼筋混凝土造,109年7月24日,十五層,,
RPQNMLPJKHLGFFB97CC,6,14.75,排煙室，梯廳兼排煙室，特別安全梯，梯廳，走道，機房，噴灌機房，梯間，電梯機房，消防水箱，水表室，機械室，水箱等１３項,鋼筋混凝土造,109年7月24日,十五層,,
RPOOMLPJKHLGFFB87CC,3,70.29,集合住宅,鋼筋混凝土造,111年8月29日,十四層,,
RPOOMLPJKHLGFFB87CC,3,68.09,停車空間兼防空避難室、樓梯間、昇降機間、水箱、消防機房、停車空間、設備機房、公共服務空間、發電機室、台電配電室、管委會使用空間、梯廳、資源回收空間、電梯機房、水錶間。,鋼筋混凝土造,111年8月29日,十四層,,
RPWNMLPJKHLGFFB58CC,3,57.30,集合住宅,鋼筋混凝土造,111年10月6日,十五層,,
RPWNMLPJKHLGFFB58CC,3,11.39,消防機房、機房、水箱、雨水機房、污水機房、安全梯、排風管道、電信室、防空避難室兼停車空間、台電配電室、發電機房、管委會使用空間、水景機房、泳池機房、游泳池、梯廳、風除室、外廊、大廳、警衛室等２０項,鋼筋混凝土造,111年10月6日,十五層,,
RPWNMLPJKHLGFFB58CC,3,16.72,排煙室、升降機、緊急升降機兼無障礙升降機、通風管道、特別安全梯、梯廳、走道、梯廳兼排煙室、電梯機房、水錶室、消防水箱、自來水箱等１２項,鋼筋混凝土造,111年10月6日,十五層,,
RPWNMLPJKHLGFFB58CC,3,32.71,停車空間、防空避難室兼停車空間等２項,鋼筋混凝土造,111年10月6日,十五層,,
RPPNMLPJKHLGFHB08CC,5,68.97,集合住宅,鋼筋混凝土造,109年12月5日,十四層,,
RPXNMLPJKHLGFFB68CC,27,73.22,集合住宅,鋼筋混凝土造,87年9月16日,十二層,,
RPPNMLPJKHLGFHB08CC,5,62.94,本共有部分之項目有排煙室、緊急昇降機、無障礙昇降機、無障礙安全梯、停車空間、車道、消防機械室、汙水機械室、機械室、水箱、防空避難室兼停車空間、台電配電室、景觀機械室、電信室、發電機室、垃圾儲存空間、無障礙戶外安全梯、有頂蓋型開放空間、梯廳、昇降機、安全梯、管委會使用空間、梯間、水錶室、樓梯、電梯機械室及水箱室等２７項,鋼筋混凝土造,109年12月5日,十四層,,
RPRNMLPJKHLGFHB28CC,32,82.13,住家用,鋼筋混凝土造,82年12月13日,七層,,
RPRNMLPJKHLGFHB28CC,32,43.76,共有部份,鋼筋混凝土造,82年12月13日,七層,,
RPTNMLPJKHLGFIB58CC,41,68.85,住家用,加強磚造,73年12月24日,一層,,
RPSNMLPJKHLGFIB48CC,23,13.55,住房．店舖．梯間．停車空間．機電設備空間．門廊．儲藏室,鋼筋混凝土造,92年5月29日,四層,,
RPSNMLPJKHLGFHB38CC,3,75.32,集合住宅,鋼筋混凝土造,112年6月2日,五層,,
RPPNMLPJKHLGFIB18CC,32,90.80,集合住宅,鋼筋混凝土造,83年7月8日,十六層,,
RPSNMLPJKHLGFHB38CC,3,46.80,本共有部分之項目有停車空間、台電配電室、電信室、梯廳、昇降機間、樓梯間、管理委員會使用空間、機電管道、機械室、水錶室、電梯機房及水塔等１２項,鋼筋混凝土造,112年6月2日,五層,,
RPPNMLPJKHLGFIB18CC,32,35.39,共有部份,鋼筋混凝土造,83年7月8日,十六層,,
RPRNMLPJKHLGFIB38CC,23,10.24,住房．店舖．梯間．停車空間．機電設備空間．門廊．儲藏室,鋼筋混凝土造,92年5月29日,四層,,
RPWNMLPJKHLGFIB88CC,7,47.35,住宅．停車空間,鋼筋混凝土造,107年8月2日,五層,,
RPPOMLPJKHLGFFB97CC,25,21.45,儲藏室、停車空間、住宅,鋼筋混凝土造,90年3月30日,四層,,
RPUNMLPJKHLGFIB68CC,51,87.24,住家用,加強磚造,63年8月1日,二層,,
RPXNMLPJKHLGFIB98CC,7,43.10,住宅．停車空間,鋼筋混凝土造,107年8月2日,五層,,
RPTOMLPJKHLGFIB68CC,6,49.63,集合住宅,鋼筋混凝土造,108年8月26日,七層,,
RPTOMLPJKHLGFIB68CC,6,62.60,本共有部分之項目有停車空間．安全梯．昇降機．梯間．梯廳．機房．馬達室．汙水機房．水箱．消防＋發電機房．防空避難室兼停車空間．台電配電室．電信機房．集中表箱．管委會空間等１５項。,鋼筋混凝土造,108年8月26日,七層,,
RPSOMLPJKHLGFIB58CC,11,92.54,集合住宅,鋼筋混凝土造,103年9月3日,十二層,,
RPSOMLPJKHLGFIB58CC,11,55.59,本共有部分之項目有：防空避難室兼停車空間、消防機房、汙水機房、清水池、樓梯間、電梯間、台電配電室、台電管道間、發電機室、電信室、門廳、管委會使用空間、水箱、機械室等十四項,鋼筋混凝土造,103年9月3日,十二層,,
RPROMLPJKHLGFIB48CC,49,101.48,住商用,加強磚造,65年12月10日,二層,,
RPOOMLPJKHLGFIB18CC,7,43.10,住宅．停車空間,鋼筋混凝土造,107年8月2日,五層,,
RPPNMLPJKHLGFKB38CC,2,42.12,集合住宅,鋼筋混凝土造,113年5月13日,九層,,
RPPNMLPJKHLGFKB38CC,2,40.49,本共有部分之項目有防空避難室兼停車空間、緊急發電機室兼消防機械室、機械室、水箱、汙水機房、梯廳、安全梯、台電配電室、電信室、管委會使用空間、汙物處理室、水錶室等項。,鋼筋混凝土造,113年5月13日,九層,,
RPPOMLPJKHLGFIB28CC,6,54.79,集合住宅,鋼筋混凝土造,108年12月26日,十一層,,
RPPOMLPJKHLGFIB28CC,6,39.67,本共有部分之項目有防空避難室兼停車空間．排煙室．升降機間．安全梯．機械室．水箱．消防機械室．污水機械室．停車空間．台電配電室．發電機室．電信室．機電設備空間等１３項。,鋼筋混凝土造,108年12月26日,十一層,,
RPPOMLPJKHLGFIB28CC,6,21.25,本共有部分之項目有排煙室．升降機間．戶外安全梯．梯廳．公共服務空間．垃圾處理室．外廊．梯間．水錶室．機械室．水箱等１１項。,鋼筋混凝土造,108年12月26日,十一層,,
RPQNMLQJKHLGFAB57CC,57,106.11,店舖,鐵筋加強磚造,58年4月28日,三層,,
RPPNMLPJKHLGFHB18DC,39,398.54,廠房　成品陳列室　辦公室　員工宿舍　住房,加強磚造,76年5月7日,二層,,
RPRNMLQJKHLGFAB67CC,30,83.19,集合住宅,鋼筋混凝土造,85年3月12日,二十層,,
RPRNMLQJKHLGFAB67CC,30,41.80,停車空間，防空避難室，人行道，門廳，社區圖書室，樓梯間，機械室，水箱,鋼筋混凝土造,85年3月12日,二十層,,
RPPNMLQJKHLGFAB47CC,1,56.64,集合住宅,鋼筋混凝土造,114年6月20日,十五層,,
RPPNMLQJKHLGFAB47CC,1,54.50,本共有部分係依使用執照之建築概要表記載項目有：停車空間兼防空避難室、排煙室、樓梯間、一般昇降機、緊急昇降機、雨水機房、消防機房、機房、水箱、車道、停車空間、景觀機房、緊急發電機室、台電配電室、電信室、梯廳、門廳、垃圾集中室、管委會空間、梯間、水錶箱室、電梯機房等２２項,鋼筋混凝土造,114年6月20日,十五層,,
RPUNMLQJKHLGFAB97CC,41,92.79,住家用,鋼筋混凝土造,74年3月13日,五層,,
RPTNMLQJKHLGFAB87CC,31,22.70,住家用,鋼筋混凝土造,84年1月7日,十三層,,
RPTNMLQJKHLGFAB87CC,31,3.60,梯間、水箱、機房,鋼筋混凝土造,84年1月7日,十三層,,
RPTNMLQJKHLGFAB87CC,31,2.48,共有部分,鋼筋混凝土造,84年1月7日,十三層,,
RPSNMLQJKHLGFAB77CC,1,55.43,集合住宅,鋼筋混凝土造,114年2月28日,十一層,,
RPTNMLQJKHLGFAB87CC,31,9.00,共有部分,鋼筋混凝土造,84年1月7日,十三層,,
RPSNMLQJKHLGFAB77CC,1,62.73,本共有部份係依使用執照之建物概要表記載項目有：停車空間、消防機房兼發電機室、水箱、機電設備空間、共用梯廳、一般兼無障礙升降機、電信室、防空避難室兼停車空間、台電配電室、樓梯間、管委會使用空間、升降機房等１２項。,鋼筋混凝土造,114年2月28日,十一層,,
RPVNMLQJKHLGFAB08CC,30,23.85,集合住宅,鋼骨鋼筋混凝土造,85年1月19日,二十二層,,
RPVNMLQJKHLGFAB08CC,30,2.24,樓梯間．機房．蓄水池,鋼骨鋼筋混凝土造,85年1月19日,二十二層,,
RPVNMLQJKHLGFAB08CC,30,2.53,樓梯間,鋼骨鋼筋混凝土造,85年1月19日,二十二層,,
RPVNMLQJKHLGFAB08CC,30,6.61,防空避難室兼停車空間．走道,鋼骨鋼筋混凝土造,85年1月19日,二十二層,,
RPVNMLQJKHLGFAB08CC,30,8.17,走道,鋼筋混凝土造,85年1月19日,二十二層,,
RPOOMLQJKHLGFAB47CC,31,27.64,住家用,鋼筋混凝土造,84年2月20日,八層,,
RPOOMLQJKHLGFAB47CC,31,19.15,梯間．防空避難室．停車空間．機械室．水箱,鋼筋混凝土造,84年2月20日,八層,,
RPPNMLQJKHLGFBB57CC,43,87.54,住家用,鋼筋混凝土造,71年12月2日,五層,,
RPPNMLQJKHLGFBB57CC,43,6.70,共有部份,鋼筋混凝土造,71年12月2日,五層,,
RPQNMLQJKHLGFBB67CC,4,84.56,集合住宅,鋼筋混凝土造,111年4月25日,十五層,,
RPQNMLQJKHLGFBB67CC,4,66.17,本共有部分係依使用執照之建築概要表記載項目有：防空避難室兼停車空間、排煙室、樓梯間、昇降機間、消防機房、雨水機房、車道、水箱、停車空間、機械室、台電配電室、電信室、發電機房、門廳、走廊、頂蓋型開放空間、公共服務空間、資源回收中心、梯廳、梯間、水錶箱室、電梯機房等２２項。,鋼筋混凝土造,111年4月25日,十五層,,
RPPOMLQJKHLGFBB67CC,18,238.05,店舖．住宅．樓梯間．停車空間．人行道．補習班．水箱,鋼筋混凝土造,97年4月28日,五層,,
RPSNMLQJKHLGFBB87CC,28,26.41,住家用,鋼筋混凝土造,86年8月4日,十二層,,
RPRNMLQJKHLGFBB77CC,5,42.77,集合住宅,鋼筋混凝土造,109年10月22日,十四層,,
RPSNMLQJKHLGFBB87CC,28,9.16,共有部份,鋼筋混凝土造,86年8月4日,十二層,,
RPSNMLQJKHLGFBB87CC,30,.00,共有部份,鋼筋混凝土造,84年8月4日,十二層,,
RPRNMLQJKHLGFBB77CC,5,47.10,本共有部分係依使用執照之建築概要表記載項目有：防空避難室兼停車空間，水箱，安全梯，排煙室，消防機房，雨污水機房，昇降機間，管道間，車道，停車空間，台電配電室，緊急發電機室，電信室，管委會使用空間，公共服務空間，資源回收室，戶外安全梯，機車停車空間，梯廳，機房，樓梯間，梯間，水錶機房，電梯機房等２４項,鋼筋混凝土造,109年10月22日,十四層,,
RPSNMLQJKHLGFBB87CC,30,.00,共有部份,鋼筋混凝土造,84年8月4日,十二層,,
RPVNMLQJKHLGFBB18CC,6,48.07,集合住宅,鋼筋混凝土造,109年6月30日,十二層,,
RPWNMLQJKHLGFBB28CC,4,15.33,住宅、樓梯間、停車空間、人行道、電梯間,鋼筋混凝土造,110年8月24日,五層,,
RPVNMLQJKHLGFBB18CC,6,26.39,本共有部分係依使用執照之建築概要表記載項目有：防空避難室兼停車空間，汙水機房，消防機械室，水箱，安全梯，昇降機間，車道，停車空間，台電配電室，發電機室，梯廳，機車停車空間，電信室，樓梯間，電梯機械室等１５項,鋼筋混凝土造,109年6月30日,十二層,,
RPROMLQJKHLGFBB87CC,36,102.96,住家用,鋼筋混凝土造,78年9月26日,五層,,
RPROMLQJKHLGFBB87CC,36,9.92,共有部份,鋼筋混凝土造,78年9月26日,五層,,
RPPPMLQJKHLGFBB77CC,34,33.89,住家用,鋼筋混凝土造,80年10月21日,七層,,
RPPPMLQJKHLGFBB77CC,34,5.29,共有部分,鋼筋混凝土造,80年10月21日,七層,,
RPWOMLQJKHLGFBB38CC,34,33.89,住家用,鋼筋混凝土造,80年10月21日,七層,,
RPTOMLQJKHLGFBB08CC,33,67.59,商業用,鋼筋混凝土造,81年9月3日,十層,,
RPWOMLQJKHLGFBB38CC,34,5.29,共有部分,鋼筋混凝土造,80年10月21日,七層,,
RPTOMLQJKHLGFBB08CC,33,52.06,共有部份,鋼筋混凝土造,81年9月3日,十層,,
RPXOMLQJKHLGFBB48CC,34,33.89,住家用,鋼筋混凝土造,80年10月21日,七層,,
RPXOMLQJKHLGFBB48CC,34,5.29,共有部分,鋼筋混凝土造,80年10月21日,七層,,
RPSOMLQJKHLGFBB97CC,45,81.48,住家用,鋼筋混凝土造,70年1月13日,四層,,
RPQNMLPJKHLGFJB38CC,47,98.46,住家用,加強磚造,68年4月15日,二層,,
RPRNMLPJKHLGFJB48CC,47,65.35,住家用,加強磚造,67年12月18日,一層,,
RPQOMLQJKHLGFBB77CC,44,35.03,住家用,鋼筋混凝土造,70年8月14日,十一層,,
RPOPMLQJKHLGFBB67CC,34,67.78,住家用,鋼筋混凝土造,80年10月21日,七層,,
RPOPMLQJKHLGFBB67CC,34,5.29,共有部分,鋼筋混凝土造,80年10月21日,七層,,
RPQNMLQJKHLGFCB77CC,30,65.55,住家用,鋼筋混凝土造,84年10月24日,二十五層,,
RPQNMLQJKHLGFCB77CC,30,8.08,共有部份,鋼筋混凝土造,84年10月24日,二十五層,,
RPQNMLQJKHLGFCB77CC,30,3.81,共有部份,鋼筋混凝土造,84年10月24日,二十五層,,
RPQNMLQJKHLGFCB77CC,30,.97,共有部份,鋼筋混凝土造,84年10月24日,二十五層,,
RPPNMLPJKHLGFJB28CC,8,111.97,店舖、外廊,鋼筋混凝土造,107年6月25日,十五層,,
RPQNMLQJKHLGFCB77CC,30,11.51,共有部份,鋼筋混凝土造,84年10月24日,二十五層,,
RPPNMLPJKHLGFJB28CC,8,13.35,門廳、沿街步道式開放空間（頂蓋型）、資源回收室、管委會使用空間、梯廳、排煙室兼梯廳、安全梯、戶外安全梯、車道、緊急昇降機（行動不便者電梯）、昇降機、管道間、噴灌機房、水錶室、電梯間、電梯機械室、水箱等十七項,鋼筋混凝土造,107年6月25日,十五層,,
RPPNMLPJKHLGFJB28CC,8,25.70,防空避難室兼停車空間、排煙室、安全梯、台電配電室、緊急發電機室、電錶室、機房、水箱、緊急昇降機（行動不便者電梯）、昇降機、停車空間、電信室、消防機房、汙水機房、揚水機房等十五項,鋼筋混凝土造,107年6月25日,十五層,,
RPQPMLQJKHLGFBB87CC,34,33.89,住家用,鋼筋混凝土造,80年10月21日,七層,,
RPQPMLQJKHLGFBB87CC,34,5.29,共有部分,鋼筋混凝土造,80年10月21日,七層,,
RPTNMLQJKHLGFCB08CC,31,15.45,住家用,鋼筋混凝土造,83年9月8日,十三層,,
RPRNMLQJKHLGFCB87CC,36,103.10,住家用,鋼筋混凝土造,79年7月16日,七層,,
RPPNMLQJKHLGFCB67CC,30,82.49,集合住宅,鋼筋混凝土造,85年6月15日,十二層,,
RPTNMLQJKHLGFCB08CC,31,9.22,共有部份,鋼筋混凝土造,83年9月8日,十三層,,
RPRNMLQJKHLGFCB87CC,36,16.52,共有部份,鋼筋混凝土造,79年7月16日,七層,,
RPPNMLQJKHLGFCB67CC,30,48.84,共同使用,鋼筋混凝土造,85年6月15日,十二層,,
RPSNMLQJKHLGFCB97CC,5,66.61,集合住宅,鋼筋混凝土造,109年8月31日,十四層,,
RPSNMLQJKHLGFCB97CC,5,66.09,本共有部份係依使用執照之建築概要表記載項目有：防空避難設備兼停車空間、車道、梯廳兼排煙室、消防機械室、污雨水機械室、蓄水池、安全梯、緊急昇降機道、一般昇降機道、機電設備空間、停車空間、台電配電室、電信室、緊急發電機室、梯廳、排煙室、戶外安全梯、垃圾處理室、管委會使用空間、公共服務空間、走廊、梯間、昇降機道、機械室、電梯機房及水箱等二十六項。,鋼筋混凝土造,109年8月31日,十四層,,
RPRNMLQJKHLGFFB18CC,4,52.02,集合住宅,鋼筋混凝土造,110年10月22日,十五層,,
RPRNMLQJKHLGFFB18CC,4,38.64,停車空間兼防空避難室、停車空間、樓梯間、昇降機間、水箱、消防機房、污水機房、電信室、緊急發電機室、台電受電室、機房、門廳、梯廳、公共服務空間、垃圾集中室、車道、排煙室、水錶箱室、電梯機房,鋼筋混凝土造,110年10月22日,十五層,,
RPSNMLQJKHLGFFB28CC,1,53.51,集合住宅,鋼筋混凝土造,114年5月2日,十二層,,
RPSNMLQJKHLGFFB28CC,1,71.51,防空避難室兼停車空間、樓梯間、昇降機間、Ａ梯（排煙室）、Ｂ梯（排煙室）、消防機房、污雨水機房、Ａ梯水箱、Ｂ梯水箱、車道、停車空間、機房、緊急發電機室、台電配電室、電信室、Ａ梯電錶區、Ｂ梯電錶區、門廳、梯廳、排煙室、公共服務空間、垃圾集中室、無障礙廁所、梯間、水錶箱室、電梯機房、水箱等２７項,鋼筋混凝土造,114年5月2日,十二層,,
RPVNMLQJKHLGFCB28CC,4,18.34,店鋪、住宅、機械室、樓梯間、水塔室,鋼筋混凝土造,111年5月25日,五層,,
RPPNMLQJKHLGFIB28CC,12,63.07,集合住宅,鋼筋混凝土造,102年11月18日,十二層,,
RPPNMLQJKHLGFIB28CC,12,56.13,本共有部分之項目有：停車空間．消防機房．汙水機房．水箱．梯廳．樓梯間．昇降機間．防空避難室兼停車空間．梯間．台電配電室．緊急發電機房．機房．電信室．機車停車區．公共服務空間．垃圾集中處．門廳．車道．水錶箱室．電梯機房等２０項。,鋼筋混凝土造,102年11月18日,十二層,,
RPRNMLQJKHLGFIB48CC,31,80.03,集合住宅,鋼筋混凝土造,83年11月18日,八層,,
RPRNMLQJKHLGFIB48CC,31,27.94,共有部份,鋼筋混凝土造,83年11月18日,八層,,
RPQNMLQJKHLGFFB08CC,3,52.71,集合住宅,鋼筋混凝土造,112年4月14日,十層,,
RPOOMLQJKHLGFCB67CC,14,115.14,店舖、住宅,鋼筋混凝土造,101年1月13日,十四層,,
RPQNMLQJKHLGFFB08CC,3,11.75,停車空間、消防機房、機房（雨水設備）、蓄水池、昇降機、無障礙昇降機、梯廳、安全梯、防空避難室兼停車空間、台電配電室、發電機室、電信室、機房、受電室電表箱等１４項。,鋼筋混凝土造,112年4月14日,十層,,
RPUNMLQJKHLGFIB78CC,34,50.12,集合住宅,鋼筋混凝土造,81年8月1日,六層,,
RPOOMLQJKHLGFCB67CC,14,91.07,本共有部分係依使用執照之建築概要表記載項目有：停車空間、梯廳、排煙室、安全梯、緊急昇降機、水箱、消防機房、污水機房、水景機房、電信室、發電機室、防空避難室兼停車空間、台電配電室、人行道、公共服務空間、車道、環保室、走廊、機械室、樓梯間、水錶室、電梯機械室等二十二項,鋼筋混凝土造,101年1月13日,十四層,,
RPUNMLQJKHLGFIB78CC,34,19.88,共有部份,鋼筋混凝土造,81年8月1日,六層,,
RPQNMLQJKHLGFFB08CC,3,14.04,管委會使用空間、昇降機、無障礙昇降機、梯廳、戶外安全梯、宅配室、排風管道、資源回收室、機械設備室、汽車車道、無障礙廁所、管道間、水錶室、機房、水箱、機械室等１６項。,鋼筋混凝土造,112年4月14日,十層,,
RPROMLQJKHLGFCB97CC,30,26.44,住家用,鋼筋混凝土造,85年5月27日,十九層,,
RPROMLQJKHLGFCB97CC,30,9.03,共有部份,鋼筋混凝土造,85年5月27日,十九層,,
RPROMLQJKHLGFCB97CC,30,.74,共有部份,鋼筋混凝土造,85年5月27日,十九層,,
RPUNMLQJKHLGFCB18CC,4,26.11,寄宿舍,鋼筋混凝土造,111年7月28日,七層,,
RPUNMLQJKHLGFCB18CC,4,17.80,本共有部分係依使用執照之建築概要表記載項目有：防空避難室兼停車空間、台電配電室、消防及發電機房、電信室、水箱、樓梯間、無障礙昇降機、梯廳、辦公室、管委會使用空間、親子廁所、無障礙廁所、資源回收空間、機房、機房＋管道間、走廊、車道、管道間等十八項。,鋼筋混凝土造,111年7月28日,七層,,
RPWNMLQJKHLGFCB38CC,3,58.12,集合住宅,鋼筋混凝土造,112年5月11日,十二層,,
RPWNMLQJKHLGFCB38CC,3,65.50,本共有部份係依使用執照之建築概要表記載項目有：停車空間、消防機房、（雨）污水機房、梯廳、一般安全梯、一般升降機兼行動不便者、電信室、儲藏室、防空避難室兼停車空間、發電機室、台電配電場所、門廊、車道、管委會空間、資源回收室、戶外安全梯、電表箱空間、一般升降機、機械室、水箱等二十項。,鋼筋混凝土造,112年5月11日,十二層,,
RPVNMLQJKHLGFIB88CC,12,18.53,集合住宅、機電設備空間,鋼筋混凝土造,103年3月17日,十層,,
RPPNMLQJKHLGFHB18CC,28,163.77,住商用,鋼筋混凝土造,87年3月10日,四層,,
RPVNMLQJKHLGFIB88CC,12,10.88,共有部份,鋼筋混凝土造,103年3月17日,十層,,
RPPOMLQJKHLGFCB77CC,1,35.02,集合住宅,鋼筋混凝土造,114年5月15日,十二層,,
RPPOMLQJKHLGFCB77CC,1,27.96,本共有部分係依使用執照之建築物概要表記載項目有：停車空間、汽車昇降機、機械室、消防幫浦室、梯廳、安全梯、昇降機間、防空避難室、電信室、台電配電場所、緊急發電機室、人行道、門廳、走道、管理委員會（會議室）、管理委員會（辦公室）、機房、樓梯間、電梯機房、水箱、蓄水池等２１項。,鋼筋混凝土造,114年5月15日,十二層,,
RPWNMLQJKHLGFIB98CC,12,18.33,集合住宅、機電設備空間,鋼筋混凝土造,103年3月17日,十層,,
RPWNMLQJKHLGFIB98CC,12,10.88,共有部份,鋼筋混凝土造,103年3月17日,十層,,
RPOOMLQJKHLGFIB28CC,12,18.65,集合住宅、機電設備空間,鋼筋混凝土造,103年3月17日,十層,,
RPOOMLQJKHLGFIB28CC,12,10.88,共有部份,鋼筋混凝土造,103年3月17日,十層,,
RPQOMLQJKHLGFCB87CC,16,150.31,店舖、辦公室,鋼筋混凝土造,99年5月13日,十一層,,
RPQOMLQJKHLGFCB87CC,16,7.08,本共有部分之項目有：門廳、梯廳、儲藏室、電機機房、樓梯間、水箱、機房等七項,鋼筋混凝土造,99年5月13日,十一層,,
RPQOMLQJKHLGFCB87CC,16,105.17,本共有部分之項目有：防空避難室兼停車空間、梯廳、電機機房、消防機房、停車空間、電信室、水塔間、台電配電室等八項,鋼筋混凝土造,99年5月13日,十一層,,
RPXNMLQJKHLGFIB09CC,12,18.63,集合住宅,鋼筋混凝土造,103年3月17日,十層,,
RPXNMLQJKHLGFIB09CC,12,11.05,共有部份,鋼筋混凝土造,103年3月17日,十層,,
RPSNMLRJKHLGFAB87CC,,31.09,店舖,鐵筋加強磚造,,三層,,
RPPNMLQJKHLGFJB38CC,18,9.09,辦公室,鋼筋混凝土造,97年7月7日,四層,,
RPQNMLRJKHLGFAB67CC,,28.00,店舖,鐵筋加強磚造,,三層,,
RPUOMLQJKHLGFIB88CC,12,18.33,集合住宅,鋼筋混凝土造,103年3月17日,十層,,
RPPNMLQJKHLGFJB38CC,18,5.96,緊急發電機、台電受電室、機械室、人行道、梯間、消防幫泵室、水箱,鋼筋混凝土造,97年7月7日,四層,,
RPUOMLQJKHLGFIB88CC,12,10.97,共有部分,鋼筋混凝土造,103年3月17日,十層,,
RPPOMLQJKHLGFIB38CC,1,81.49,集合住宅,鋼筋混凝土造,113年9月3日,十五層,,
RPPOMLQJKHLGFIB38CC,1,79.39,本共有部分之項目有：防空避難室兼停車空間、安全梯、水箱、排煙室、昇降機間、汙．雨水機房、消防機房、車道、停車空間、電信室、噴灌機房、配電室（台電配電室）、緊急發電機室、梯廳、管理室、會客室、儲藏室、公共廁所、會議室、垃圾儲藏室、水錶室、屋頂水箱、電梯機房等２３項,鋼筋混凝土造,113年9月3日,十五層,,
RPPOMLQJKHLGFIB38CC,1,14.53,本共有部分之項目有：安全梯、排煙室、昇降機間、梯廳等四項,鋼筋混凝土造,113年9月3日,十五層,,
RPTOMLQJKHLGFIB78CC,12,18.37,集合住宅、機電設備空間,鋼筋混凝土造,103年3月17日,十層,,
RPTOMLQJKHLGFIB78CC,12,10.88,共有部分,鋼筋混凝土造,103年3月17日,十層,,
RPSOMLQJKHLGFIB68CC,12,18.33,集合住宅、機電設備空間,鋼筋混凝土造,103年3月17日,十層,,
RPSOMLQJKHLGFIB68CC,12,10.88,共有部分,鋼筋混凝土造,103年3月17日,十層,,
RPTNMLRJKHLGFAB97CC,,31.90,店舖,鐵筋加強磚造,,三層,,
RPPNMLRJKHLGFBB67CC,34,39.55,住家用,鋼筋混凝土造,80年10月21日,七層,,
RPPNMLRJKHLGFBB67CC,34,5.29,共有部分,鋼筋混凝土造,80年10月21日,七層,,
RPVNMLRJKHLGFAB18CC,,26.40,店舖,鐵筋加強磚造,,三層,,
RPQNMLRJKHLGFBB77CC,34,39.55,住家用,鋼筋混凝土造,80年10月21日,七層,,
RPQNMLRJKHLGFBB77CC,34,5.29,共有部分,鋼筋混凝土造,80年10月21日,七層,,
RPWNMLRJKHLGFAB28CC,29,21.41,住家用,鋼筋混凝土造,86年3月11日,九層,,
RPWNMLRJKHLGFAB28CC,29,44.79,共同使用,鋼筋混凝土造,86年3月11日,九層,,
RPWNMLRJKHLGFAB28CC,29,5.86,共同使用,鋼筋混凝土造,86年3月11日,九層,,
RPOOMLRJKHLGFBB67CC,34,39.55,住家用,鋼筋混凝土造,80年10月21日,七層,,
RPOOMLRJKHLGFBB67CC,34,5.29,共有部分,鋼筋混凝土造,80年10月21日,七層,,
RPUNMLRJKHLGFBB18CC,34,39.55,住家用,鋼筋混凝土造,80年10月21日,七層,,
RPUNMLRJKHLGFBB18CC,34,5.29,共有部分,鋼筋混凝土造,80年10月21日,七層,,
RPRNMLRJKHLGFBB87CC,34,39.55,住家用,鋼筋混凝土造,80年10月21日,七層,,
RPRNMLRJKHLGFBB87CC,34,5.29,共有部分,鋼筋混凝土造,80年10月21日,七層,,
RPSNMLRJKHLGFBB97CC,34,39.55,住家用,鋼筋混凝土造,80年10月21日,七層,,
RPSNMLRJKHLGFBB97CC,34,5.29,共有部分,鋼筋混凝土造,80年10月21日,七層,,
RPWNMLRJKHLGFBB38CC,34,39.55,住家用,鋼筋混凝土造,80年10月21日,七層,,
RPWNMLRJKHLGFBB38CC,34,5.29,共有部分,鋼筋混凝土造,80年10月21日,七層,,
RPXNMLRJKHLGFBB48CC,34,39.55,住家用,鋼筋混凝土造,80年10月21日,七層,,
RPTNMLRJKHLGFBB08CC,34,39.55,住家用,鋼筋混凝土造,80年10月21日,七層,,
RPXNMLRJKHLGFBB48CC,34,5.29,共有部分,鋼筋混凝土造,80年10月21日,七層,,
RPTNMLRJKHLGFBB08CC,34,5.29,共有部分,鋼筋混凝土造,80年10月21日,七層,,
RPPOMLRJKHLGFBB77CC,34,39.55,住家用,鋼筋混凝土造,80年10月21日,七層,,
RPPOMLRJKHLGFBB77CC,34,5.29,共有部分,鋼筋混凝土造,80年10月21日,七層,,
RPROMLRJKHLGFBB97CC,34,47.46,住家用,鋼筋混凝土造,80年10月21日,七層,,
RPROMLRJKHLGFBB97CC,34,5.29,共有部分,鋼筋混凝土造,80年10月21日,七層,,
RPWOMLRJKHLGFBB48CC,34,47.46,住家用,鋼筋混凝土造,80年10月21日,七層,,
RPWOMLRJKHLGFBB48CC,34,5.29,共有部分,鋼筋混凝土造,80年10月21日,七層,,
RPUOMLRJKHLGFBB28CC,34,47.46,住家用,鋼筋混凝土造,80年10月21日,七層,,
RPPPMLRJKHLGFBB87CC,34,47.46,住家用,鋼筋混凝土造,80年10月21日,七層,,
RPPPMLRJKHLGFBB87CC,34,5.29,共有部分,鋼筋混凝土造,80年10月21日,七層,,
RPQOMLRJKHLGFBB87CC,34,39.55,住家用,鋼筋混凝土造,80年10月21日,七層,,
RPVOMLRJKHLGFBB38CC,34,47.46,住家用,鋼筋混凝土造,80年10月21日,七層,,
RPQOMLRJKHLGFBB87CC,34,5.29,共有部分,鋼筋混凝土造,80年10月21日,七層,,
RPVOMLRJKHLGFBB38CC,34,5.29,共有部分,鋼筋混凝土造,80年10月21日,七層,,
RPUOMLRJKHLGFBB28CC,34,5.29,共有部分,鋼筋混凝土造,80年10月21日,七層,,
RPSOMLRJKHLGFBB08CC,34,47.46,住家用,鋼筋混凝土造,80年10月21日,七層,,
RPSOMLRJKHLGFBB08CC,34,5.29,共有部分,鋼筋混凝土造,80年10月21日,七層,,
RPQPMLRJKHLGFBB97CC,34,47.46,住家用,鋼筋混凝土造,80年10月21日,七層,,
RPQPMLRJKHLGFBB97CC,34,5.29,共有部分,鋼筋混凝土造,80年10月21日,七層,,
RPTOMLRJKHLGFBB18CC,34,47.46,住家用,鋼筋混凝土造,80年10月21日,七層,,
RPTOMLRJKHLGFBB18CC,34,5.29,共有部分,鋼筋混凝土造,80年10月21日,七層,,
RPXOMLRJKHLGFBB58CC,34,47.46,住家用,鋼筋混凝土造,80年10月21日,七層,,
RPXOMLRJKHLGFBB58CC,34,5.29,共有部分,鋼筋混凝土造,80年10月21日,七層,,
RPSPMLRJKHLGFBB18CC,34,47.46,住家用,鋼筋混凝土造,80年10月21日,七層,,
RPSPMLRJKHLGFBB18CC,34,5.29,共有部分,鋼筋混凝土造,80年10月21日,七層,,
RPTPMLRJKHLGFBB28CC,34,47.46,住家用,鋼筋混凝土造,80年10月21日,七層,,
RPTPMLRJKHLGFBB28CC,34,5.29,共有部分,鋼筋混凝土造,80年10月21日,七層,,
RPRPMLRJKHLGFBB08CC,34,47.46,住家用,鋼筋混凝土造,80年10月21日,七層,,
RPRPMLRJKHLGFBB08CC,34,5.29,共有部分,鋼筋混凝土造,80年10月21日,七層,,
RPWPMLRJKHLGFBB58CC,2,54.33,集合住宅,鋼筋混凝土造,113年6月5日,十五層,,
RPWPMLRJKHLGFBB58CC,2,54.38,本共有部份係依使用執照之建築概要表記載項目有：防空避難室兼停車空間，水箱，排煙室，樓梯間，緊急昇降機，一般昇降機，消防機房，雨水機房，機房，緊急發電機室，停車空間，台電配電室，電信室，機車停車空間，梯廳，機電設備空間，頂蓋型開放空間，管委會使用空間，公共服務空間，走廊，資源回收中心，游泳池，梯間，電梯機房，水錶箱室等２５項,鋼筋混凝土造,113年6月5日,十五層,,
RPPNMLRJKHLGFCB77CC,48,38.54,住商用,鋼筋混凝土造,66年12月16日,三層,,
RPUPMLRJKHLGFBB38CC,1,62.60,集合住宅,鋼筋混凝土造,114年1月16日,二十四層,,
RPUPMLRJKHLGFBB38CC,1,57.49,本共有部份係依使用執照之建築概要表記載項目有：防空避難室兼停車空間，排煙室，樓梯間，一般昇降機，緊急昇降機，汙水機械室，機械室，消防機房，水箱，車道，一般安全梯，停車空間，電信室，水景機械室，戲水池機房，緊急發電機室，台電配電室，消防蓄水池，電錶室，防災中心，消防中繼機房，梯廳，公設管委會使用空間，門廳，儲藏室，管理室，特別安全梯，梯間，消防水箱，水錶箱室，電梯機房等３２項。,鋼筋混凝土造,114年1月16日,二十四層,,
RPQNMLRJKHLGFCB87CC,48,25.00,住商用,鋼筋混凝土造,66年12月16日,三層,,
RPVPMLRJKHLGFBB48CC,31,34.50,住家用,鋼筋混凝土造,84年6月7日,二十一層,,
RPVPMLRJKHLGFBB48CC,31,21.76,共有部分,鋼筋混凝土造,84年6月7日,二十一層,,
RPOQMLRJKHLGFBB87CC,31,20.41,住家用,鋼筋混凝土造,84年6月26日,二十四層,,
RPOQMLRJKHLGFBB87CC,31,5.41,共有部分,鋼筋混凝土造,84年6月26日,二十四層,,
RPOQMLRJKHLGFBB87CC,31,4.13,共有部分,鋼筋混凝土造,84年6月26日,二十四層,,
RPPQMLRJKHLGFBB97CC,2,54.33,集合住宅,鋼筋混凝土造,113年6月5日,十五層,,
RPPQMLRJKHLGFBB97CC,2,54.38,本共有部份係依使用執照之建築概要表記載項目有：防空避難室兼停車空間，水箱，排煙室，樓梯間，緊急昇降機，一般昇降機，消防機房，雨水機房，機房，緊急發電機室，停車空間，台電配電室，電信室，機車停車空間，梯廳，機電設備空間，頂蓋型開放空間，管委會使用空間，公共服務空間，走廊，資源回收中心，游泳池，梯間，電梯機房，水錶箱室等２５項,鋼筋混凝土造,113年6月5日,十五層,,
RPXPMLRJKHLGFBB68CC,9,48.64,集合住宅,鋼筋混凝土造,106年4月20日,二十八層,,
RPXPMLRJKHLGFBB68CC,9,16.95,本共有部分係依使用執照之建築概要表記載項目有：管委會使用空間、梯廳、排煙室、特別安全梯、電機室、梯間、機房、中繼機房、水箱、電梯機房等１０項,鋼筋混凝土造,106年4月20日,二十八層,,
RPRNMLRJKHLGFCB97CC,48,30.04,住商用,鋼筋混凝土造,66年12月16日,三層,,
RPXPMLRJKHLGFBB68CC,9,46.63,本共有部分係依使用執照之建築概要表記載項目有：停車空間、水箱室、消防機械室、排煙室、梯廳、地下室排氣機房、安全梯、機電設備空間、電信室、防空避難室兼停車空間、台電配電室、中繼機房、發電機室、防災中心、梯間等１５項,鋼筋混凝土造,106年4月20日,二十八層,,
RPPNMLRJKHLGFEB97CC,50,76.26,住家用,鋼筋混凝土加強磚造,65年4月8日,二層,,
RPSNMLRJKHLGFCB08CC,48,30.04,住商用,鋼筋混凝土造,66年12月16日,三層,,
RPTNMLRJKHLGFCB18CC,48,30.04,住商用,鋼筋混凝土造,66年12月16日,三層,,
RPPNMLRJKHLGFHB28CC,32,61.07,住家用,鋼筋混凝土造,83年4月12日,八層,,
RPPNMLRJKHLGFHB28CC,32,24.75,共有部份,鋼筋混凝土造,83年4月12日,八層,,
RPPNMLRJKHLGFFB08CC,3,77.93,集合住宅,鋼筋混凝土造,111年12月29日,十五層,,
RPPNMLRJKHLGFGB18CC,50,53.58,住家用,加強磚造,65年6月30日,一層,,
RPPNMLRJKHLGFFB08CC,3,64.51,消防機房、污雨水機房、車道、停車空間、水箱、樓梯間、梯廳、昇降機間、發電機室、台電配電室、電信機房、防空避難室兼停車空間、管委會使用空間、社區娛樂室、排煙室、資源回收室、門廳、走廊、機械式、消防水箱等２０項,鋼筋混凝土造,111年12月29日,十五層,,
RPPNMLRJKHLGFIB38CC,32,85.68,集合住宅,鋼筋混凝土造,83年6月8日,七層,,
RPPNMLSJKHLGFAB67CC,44,32.33,住家用,鋼筋混凝土造,70年12月31日,十一層,,
RPQNMLSJKHLGFAB77CC,31,21.34,住家用,鋼筋混凝土造,84年1月13日,十九層,,
RPPNMLSJKHLGFAB67CC,44,15.51,人行道，走道，電梯間，梯間，避難室，變電室，停車空間，機械室,鋼筋混凝土造,70年12月31日,十一層,,
RPPNMLRJKHLGFIB38CC,32,24.04,共有部份,鋼筋混凝土造,83年6月8日,七層,,
RPQNMLSJKHLGFAB77CC,31,3.57,共有部份,鋼筋混凝土造,84年1月13日,十九層,,
RPQNMLSJKHLGFAB77CC,31,9.27,梯間．水箱．機械室,鋼筋混凝土造,84年1月13日,十九層,,
RPRNMLSJKHLGFAB87CC,31,20.89,住家用,鋼筋混凝土造,84年1月13日,十九層,,
RPRNMLSJKHLGFAB87CC,31,3.23,共有部份,鋼筋混凝土造,84年1月13日,十九層,,
RPRNMLRJKHLGFDB08CC,2,50.98,住家用,鋼筋混凝土造,113年2月19日,五層,,
RPRNMLSJKHLGFAB87CC,31,7.91,梯間．水箱．機械室,鋼筋混凝土造,84年1月13日,十九層,,
RPRNMLRJKHLGFDB08CC,2,29.92,本共有部分之項目有人行道、門廳、梯廳、水塔室、電信室、管委會空間、無障礙昇降梯、安全梯、停車空間等９項。,鋼筋混凝土造,113年2月19日,五層,,
RPQNMLRJKHLGFDB97CC,22,31.11,住家用,鋼筋混凝土造,93年3月11日,十四層,,
RPQNMLRJKHLGFDB97CC,22,4.66,共有部份,鋼筋混凝土造,93年3月11日,十四層,,
RPQNMLRJKHLGFDB97CC,22,12.18,共有部份,鋼筋混凝土造,93年3月11日,十四層,,
RPTNMLSJKHLGFBB18CC,2,54.33,集合住宅,鋼筋混凝土造,113年6月5日,十五層,,
RPTNMLSJKHLGFBB18CC,2,54.38,本共有部份係依使用執照之建築概要表記載項目有：防空避難室兼停車空間，水箱，排煙室，樓梯間，緊急昇降機，一般昇降機，消防機房，雨水機房，機房，緊急發電機室，停車空間，台電配電室，電信室，機車停車空間，梯廳，機電設備空間，頂蓋型開放空間，管委會使用空間，公共服務空間，走廊，資源回收中心，游泳池，梯間，電梯機房，水錶箱室等２５項,鋼筋混凝土造,113年6月5日,十五層,,
RPSNMLSJKHLGFBB08CC,2,54.33,集合住宅,鋼筋混凝土造,113年6月5日,十五層,,
RPSNMLSJKHLGFBB08CC,2,54.38,本共有部份係依使用執照之建築概要表記載項目有：防空避難室兼停車空間，水箱，排煙室，樓梯間，緊急昇降機，一般昇降機，消防機房，雨水機房，機房，緊急發電機室，停車空間，台電配電室，電信室，機車停車空間，梯廳，機電設備空間，頂蓋型開放空間，管委會使用空間，公共服務空間，走廊，資源回收中心，游泳池，梯間，電梯機房，水錶箱室等２５項,鋼筋混凝土造,113年6月5日,十五層,,
RPRNMLSJKHLGFBB97CC,36,13.53,集合住宅,鋼筋混凝土造,79年2月9日,七層,,
RPRNMLSJKHLGFBB97CC,36,4.32,共有部分,鋼筋混凝土造,79年2月9日,七層,,
RPPNMLSJKHLGFBB77CC,1,55.43,集合住宅,鋼筋混凝土造,114年1月16日,二十四層,,
RPPNMLSJKHLGFBB77CC,1,55.69,本共有部份係依使用執照之建築概要表記載項目有：防空避難室兼停車空間，排煙室，樓梯間，一般昇降機，緊急昇降機，汙水機械室，機械室，消防機房，水箱，車道，一般安全梯，停車空間，電信室，水景機械室，戲水池機房，緊急發電機室，台電配電室，消防蓄水池，電錶室，防災中心，消防中繼機房，梯廳，公設管委會使用空間，門廳，儲藏室，管理室，特別安全梯，梯間，消防水箱，水錶箱室，電梯機房等３２項。,鋼筋混凝土造,114年1月16日,二十四層,,
RPQNMLSJKHLGFCB97CC,31,84.05,住家用,鋼筋混凝土造,83年8月25日,十五層,,
RPPNMLSJKHLGFCB87CC,46,18.40,住商用,鋼筋混凝土造,68年10月8日,三層,,
RPQNMLSJKHLGFCB97CC,31,23.64,共有部份,鋼筋混凝土造,83年8月25日,十五層,,
RPUNMLSJKHLGFBB28CC,2,59.95,集合住宅,鋼筋混凝土造,113年6月5日,十五層,,
RPUNMLSJKHLGFBB28CC,2,57.17,本共有部份係依使用執照之建築概要表記載項目有：防空避難室兼停車空間，水箱，排煙室，樓梯間，緊急昇降機，一般昇降機，消防機房，雨水機房，機房，緊急發電機室，停車空間，台電配電室，電信室，機車停車空間，梯廳，機電設備空間，頂蓋型開放空間，管委會使用空間，公共服務空間，走廊，資源回收中心，游泳池，梯間，電梯機房，水錶箱室等２５項,鋼筋混凝土造,113年6月5日,十五層,,
RPTNMLSJKHLGFCB28CC,31,109.85,住家用,鋼筋混凝土造,84年1月7日,二十四層,,
RPTNMLSJKHLGFCB28CC,31,19.13,共有部份,鋼筋混凝土造,84年1月7日,二十四層,,
RPSNMLSJKHLGFCB18CC,31,23.22,住家用,鋼筋混凝土造,84年1月21日,十九層,,
RPTNMLSJKHLGFCB28CC,31,13.37,共有部份,鋼筋混凝土造,84年1月7日,二十四層,,
RPSNMLSJKHLGFCB18CC,31,4.57,共有部份,鋼筋混凝土造,84年1月21日,十九層,,
RPSNMLSJKHLGFCB18CC,31,5.71,共有部份,鋼筋混凝土造,84年1月21日,十九層,,
RPQNMLSJKHLGFBB87CC,36,21.29,集合住宅,鋼筋混凝土造,79年2月9日,七層,,
RPQNMLSJKHLGFBB87CC,36,6.79,共有部分,鋼筋混凝土造,79年2月9日,七層,,
RPQNMLSJKHLGFDB08CC,27,23.14,住家用,鋼筋混凝土造,87年9月29日,九層,,
RPUNMLSJKHLGFAB18CC,30,69.38,集合住宅,鋼筋混凝土造,85年2月10日,五層,,
RPUNMLSJKHLGFAB18CC,30,31.06,梯間，機械室，水箱，停車空間,鋼筋混凝土造,85年2月10日,五層,,
RPPNMLSJKHLGFDB97CC,27,16.53,住家用,鋼筋混凝土造,87年9月29日,九層,,
RPPNMLSJKHLGFFB18CC,1,49.44,集合住宅,鋼筋混凝土造,114年6月6日,二十八層,,
RPRNMLSJKHLGFDB18CC,7,81.63,集合住宅,鋼筋混凝土造,107年11月8日,十二層,,
RPSNMLSJKHLGFAB97CC,33,20.39,住家用,鋼筋混凝土造,82年6月11日,七層,,
RPPNMLSJKHLGFFB18CC,1,13.60,排煙室、昇降機、無障礙安全梯、特別安全梯、無障礙樓梯、梯廳兼排煙室、梯廳、管委會空間、中繼機房、中繼水箱、電梯間、水錶室、樓梯間、電梯機房、機電空間、水箱、安全梯、水箱機房、消防水箱等１９項,鋼筋混凝土造,114年6月6日,二十八層,,
RPRNMLSJKHLGFDB18CC,7,55.25,本共有部分之項目有停車空間，安全梯，梯廳，昇降機，車道，水箱，消防機房兼雨汙水機房，電信室，機車停車空間，法定防空避難室兼停車空間，發電機室，台電配電室，基地內通路，管委會使用空間，門廳，圖書區，社教區，會議區，兒童遊戲區，宅配室，管理室，資源回收室，機械室等２３項。,鋼筋混凝土造,107年11月8日,十二層,,
RPSNMLSJKHLGFAB97CC,33,9.45,共有部份,鋼筋混凝土造,82年6月11日,七層,,
RPPNMLSJKHLGFFB18CC,1,36.20,消防機房、雨水回收機房、車道、機房、水箱、停車空間、進風管道、公共水箱、防空避難室兼停車空間、台電配電室、發電機房、泳池水箱、公共電氣室、機車車道、管委會使用空間、昇降機、大廳、梯廳、警衛室、儲藏室、風除室、排風機房、防災中心、電信室、垃圾暫存室、附屬社區共用空間、附屬共用廚房、機電設備空間、電梯間、設備空間、泳池機房、景觀機房、游泳池、管委會空間、樓電梯間、機電空間、樓梯間等３７項,鋼筋混凝土造,114年6月6日,二十八層,,
RPRNMLSJKHLGFDB18CC,7,12.12,本共有部分之項目有安全梯、梯廳、昇降機等３項。,鋼筋混凝土造,107年11月8日,十二層,,
RPUNMLSJKHLGFCB38CC,31,23.22,住家用,鋼筋混凝土造,84年1月21日,十九層,,
RPUNMLSJKHLGFCB38CC,31,4.57,共有部份,鋼筋混凝土造,84年1月21日,十九層,,
RPUNMLSJKHLGFCB38CC,31,5.71,共有部份,鋼筋混凝土造,84年1月21日,十九層,,
RPRNMLSJKHLGFCB08CC,31,81.10,住家用,鋼筋混凝土造,83年7月29日,十三層,,
RPRNMLSJKHLGFCB08CC,31,27.72,共有部份,鋼筋混凝土造,83年7月29日,十三層,,
RPPNMLSJKHLGFHB38CC,45,28.88,住家用,鋼筋混凝土造,69年10月9日,五層,,
RPTNMLSJKHLGFAB08CC,29,21.51,集合住宅,鋼筋混凝土造,85年10月16日,十二層,,
RPTNMLSJKHLGFAB08CC,29,10.46,本共有部分之項目有人行道、門廳、梯間、走道、機械室、水箱、停車空間、防空避難室、花台、平台等１０項。,鋼筋混凝土造,85年10月16日,十二層,,
RPQNMLSJKHLGFFB28CC,5,61.21,集合住宅,鋼筋混凝土造,109年10月14日,十五層,,
RPQNMLSJKHLGFFB28CC,5,59.49,停車空間、樓梯間、昇降機間、排煙室、消防機房、污水處理機房、水箱、機車停車區、防空避難室兼停車空間、機房、台電配電室、緊急發電機室、電信室、水錶箱室、垃圾集中室、門廳、梯廳、梯間、電梯機房、車道、管委會空間（儲藏室）、管委會空間（會議室）等２２項,鋼筋混凝土造,109年10月14日,十五層,,
RPPNMLSJKHLGFGB28CC,2,79.31,集合住宅,鋼筋混凝土造,113年1月27日,十二層,,
RPPNMLSJKHLGFGB28CC,2,70.54,停車空間、車道、梯廳兼排煙室、安全梯、水箱、雨汙水機房、消防機房、昇降機道、台電專用管道、排煙室、梯廳、台電配電室、發電機室、電信室、機車停車空間、管委會使用空間、垃圾貯存空間、戶外安全梯、一般昇降機、緊急昇降機、機電設備空間、走廊、機械室、樓梯間、電梯機房,鋼筋混凝土造,113年1月27日,十二層,,
RPRNMLSJKHLGFHB58CC,33,16.19,住家用,鋼筋混凝土造,82年5月11日,十三層,,
RPRNMLSJKHLGFHB58CC,33,5.60,住家用,鋼筋混凝土造,82年5月11日,十三層,,
RPQNMLSJKHLGFHB48CC,52,66.75,住家用,加強磚造,62年8月1日,一層,,
RPPNMLSJKHLGFJB58CC,29,164.56,住家用,鋼筋混凝土造,86年2月3日,四層,,
RPRNMLTJKHLGFAB97CC,,30.53,店舖,鐵筋加強磚造,,三層,,
RPPNMLTJKHLGFAB77CC,30,45.07,集合住宅,鋼筋混凝土造,85年6月27日,二十一層,,
RPPNMLTJKHLGFAB77CC,30,23.48,共同使用,鋼筋混凝土造,85年6月27日,二十一層,,
RPSNMLTJKHLGFAB08CC,,26.00,店舖,鐵筋加強磚造,,三層,,
RPQNMLTJKHLGFAB87CC,33,32.96,住家用,鋼筋混凝土造,82年7月13日,七層,,
RPQNMLTJKHLGFAB87CC,33,19.12,防空避難室，停車空間，人行道，梯間，機械室，機房，蓄水池,鋼筋混凝土造,82年7月13日,七層,,
RPTNMLTJKHLGFAB18CC,21,29.26,人行道，補習班，住房，機械室，停車空間，樓梯間，電梯間,鋼筋混凝土造,93年9月10日,五層,,
RPPNMLSJKHLGFIB48CC,43,43.41,住家用,鋼筋混凝土造,71年10月30日,五層,,
RPPNMLSJKHLGFIB48CC,43,9.05,共有部份,鋼筋混凝土造,71年10月30日,五層,,
RPUNMLTJKHLGFAB28CC,31,84.99,住家用,鋼筋混凝土造,84年1月19日,十三層,,
RPUNMLTJKHLGFAB28CC,31,30.60,防空避難室．人行道．水箱．梯間．機械室,鋼筋混凝土造,84年1月19日,十三層,,
RPVNMLTJKHLGFAB38CC,45,63.54,住家用,鋼筋混凝土造,69年12月24日,八層,,
RPUNMLTJKHLGFAB28CC,31,12.11,共有部份,鋼筋混凝土造,84年1月19日,十三層,,
RPPOMLTJKHLGFAB87CC,35,88.22,住家用,鋼筋混凝土造,80年1月15日,十一層,,
RPWNMLTJKHLGFAB48CC,35,31.70,住家用,鋼筋混凝土造,79年11月16日,十二層,,
RPROMLTJKHLGFAB08CC,30,20.23,集合住宅,鋼筋混凝土造,85年3月28日,七層,,
RPPOMLTJKHLGFAB87CC,35,33.41,避難室、停車空間、機械房、人行道、水塔、梯間,鋼筋混凝土造,80年1月15日,十一層,,
RPOOMLTJKHLGFAB77CC,33,76.04,集合住宅,鋼筋混凝土造,81年12月17日,七層,,
RPOOMLTJKHLGFAB77CC,33,9.38,共有部分,鋼筋混凝土造,81年12月17日,七層,,
RPQOMLTJKHLGFAB97CC,30,23.40,集合住宅,鋼筋混凝土造,85年3月28日,七層,,
RPXNMLTJKHLGFAB58CC,34,181.80,住家用,鋼筋混凝土造,81年2月21日,十四層,,
RPXNMLTJKHLGFAB58CC,34,37.30,梯間，人行道，機械室，水箱，避難室，停車空間，活動中心通道,鋼筋混凝土造,81年2月21日,十四層,,
RPTOMLTJKHLGFAB28CC,10,65.36,集合住宅,鋼筋混凝土造,104年10月30日,十層,,
RPVOMLTJKHLGFAB48CC,34,64.94,住家用,鋼筋混凝土造,80年9月30日,七層,,
RPSOMLTJKHLGFAB18CC,33,83.95,集合住宅,鋼筋混凝土造,82年2月26日,五層,,
RPTOMLTJKHLGFAB28CC,10,65.61,本共有部份係依使用執照之建築概要表記載項目有：防空避難室兼停車空間、停車空間、水箱、污水機房、發電機房、消防機房、安全梯、梯廳、車道、昇降機、台電配電室、電信室、機車區、電錶箱區、外廊、公共服務空間、宅配室、機械室、垃圾處理室、廊道、梯間共２１項。,鋼筋混凝土造,104年10月30日,十層,,
RPVOMLTJKHLGFAB48CC,34,23.67,住商用,鋼筋混凝土造,80年9月30日,七層,,
RPOPMLTJKHLGFAB87CC,19,104.04,集合住宅,鋼筋混凝土造,95年8月10日,十五層,,
RPOPMLTJKHLGFAB87CC,19,39.74,共用,鋼筋混凝土造,95年8月10日,十五層,,
RPOPMLTJKHLGFAB87CC,19,18.29,共用,鋼筋混凝土造,95年8月10日,十五層,,
RPWOMLTJKHLGFAB58CC,32,21.15,住家用,鋼筋混凝土造,83年7月14日,十三層,,
RPWOMLTJKHLGFAB58CC,32,5.90,梯間,鋼筋混凝土造,83年7月14日,十三層,,
RPWOMLTJKHLGFAB58CC,32,5.08,防空避難室兼停車空間．水箱．梯間．機房．停車場,鋼筋混凝土造,83年7月14日,十三層,,
RPUOMLTJKHLGFAB38CC,31,19.48,集合住宅,鋼筋混凝土造,84年6月13日,五層,,
RPUOMLTJKHLGFAB38CC,31,7.23,停車空間、樓梯間、機械室、水塔,鋼筋混凝土造,84年6月13日,五層,,
RPXOMLTJKHLGFAB68CC,30,99.78,集合住宅,鋼筋混凝土造,85年8月2日,十四層,,
RPXOMLTJKHLGFAB68CC,30,9.97,停車空間,鋼筋混凝土造,85年8月2日,十四層,,
RPXOMLTJKHLGFAB68CC,30,33.06,共同使用,鋼筋混凝土造,85年8月2日,十四層,,
RPXOMLTJKHLGFAB68CC,30,5.34,共同使用,鋼筋混凝土造,85年8月2日,十四層,,
RPPPMLTJKHLGFAB97CC,29,37.90,住家用,鋼筋混凝土造,86年4月28日,十九層,,
RPPPMLTJKHLGFAB97CC,29,1.98,共同使用,鋼筋混凝土造,86年4月28日,十九層,,
RPPPMLTJKHLGFAB97CC,29,11.32,共同使用,鋼筋混凝土造,86年4月28日,十九層,,
RPPPMLTJKHLGFAB97CC,29,7.23,共有部分,鋼筋混凝土造,86年4月28日,十九層,,
RPQPMLTJKHLGFAB08CC,39,91.97,住家用,鋼筋混凝土造,75年11月22日,五層,,
RPSPMLTJKHLGFAB28CC,30,22.84,集合住宅,鋼骨鋼筋混凝土造,85年5月20日,十九層,,
RPSNMLTJKHLGFBB18CC,3,60.66,集合住宅,鋼筋混凝土造,112年7月11日,十四層,,
RPSPMLTJKHLGFAB28CC,30,4.89,共同使用,鋼骨鋼筋混凝土造,85年5月20日,十九層,,
RPSNMLTJKHLGFBB18CC,3,60.38,本共有部份係依使用執照之建築概要表記載項目有：防空避難室兼停車空間，水箱，排煙室，樓梯間，一般昇降機，緊急昇降機，消防機房，雨水處理機房，車道，緊急發電機室，停車空間，台電配電室，電信室，梯廳，門廳，無障礙廁所，管委會空間，公共服務空間，垃圾集中室，梯間，電梯機房，水錶箱室等２２項。,鋼筋混凝土造,112年7月11日,十五層,,
RPSPMLTJKHLGFAB28CC,30,6.02,共同使用,鋼骨鋼筋混凝土造,85年5月20日,十九層,,
RPXNMLTJKHLGFBB68CC,31,20.58,住家用,鋼筋混凝土造,84年1月27日,八層,,
RPXNMLTJKHLGFBB68CC,31,8.22,共有部份,鋼筋混凝土造,84年1月27日,八層,,
RPWNMLTJKHLGFBB58CC,5,57.19,集合住宅,鋼筋混凝土造,109年8月20日,十五層,,
RPWNMLTJKHLGFBB58CC,5,52.98,本共有部分係依使用執照之建築概要表記載項目有：防空避難室兼停車空間，樓梯間，昇降機間，水箱，消防機房，排煙室，雨水機房，停車空間，梯廳，電信室，台電配電室，電錶室，車道，機械室，門廳，頂蓋型開放空間，走廊，水錶箱室，公共服務空間，資源回收中心，電梯機房，發電機房等２２項,鋼筋混凝土造,109年8月20日,十五層,,
RPRNMLTJKHLGFBB08CC,29,24.38,住家用,鋼筋混凝土造,85年10月21日,七層,,
RPRNMLTJKHLGFBB08CC,29,.01,共有部分,鋼筋混凝土造,85年10月21日,七層,,
RPRNMLTJKHLGFBB08CC,29,13.27,共有部分,鋼筋混凝土造,85年10月21日,七層,,
RPQNMLTJKHLGFBB97CC,44,39.27,住家用,鋼筋混凝土造,70年8月14日,十一層,,
RPPNMLTJKHLGFBB87CC,29,25.10,住家用,鋼筋混凝土造,85年10月21日,七層,,
RPUNMLTJKHLGFBB38CC,43,31.85,商業用,鋼筋混凝土造,71年12月11日,十二層,,
RPTNMLTJKHLGFBB28CC,43,32.72,商業用,鋼筋混凝土造,71年12月11日,十二層,,
RPUNMLTJKHLGFBB38CC,43,8.92,共有部份,鋼筋混凝土造,71年12月11日,十二層,,
RPPNMLTJKHLGFBB87CC,29,.01,共有部分,鋼筋混凝土造,85年10月21日,七層,,
RPTNMLTJKHLGFBB28CC,43,8.92,共有部份,鋼筋混凝土造,71年12月11日,十二層,,
RPPNMLTJKHLGFBB87CC,29,13.67,共有部分,鋼筋混凝土造,85年10月21日,七層,,
RPVNMLTJKHLGFBB48CC,5,62.24,集合住宅,鋼筋混凝土造,109年8月20日,十五層,,
RPVNMLTJKHLGFBB48CC,5,30.86,本共有部分係依使用執照之建築概要表記載項目有：防空避難室兼停車空間，樓梯間，昇降機間，水箱，消防機房，排煙室，雨水機房，停車空間，梯廳，電信室，台電配電室，電錶室，車道，機械室，門廳，頂蓋型開放空間，走廊，水錶箱室，公共服務空間，資源回收中心，電梯機房，發電機房等２２項,鋼筋混凝土造,109年8月20日,十五層,,
RPOOMLTJKHLGFBB87CC,34,33.89,住家用,鋼筋混凝土造,80年10月21日,七層,,
RPOOMLTJKHLGFBB87CC,34,5.29,共有部分,鋼筋混凝土造,80年10月21日,七層,,
RPROMLTJKHLGFBB18CC,45,58.52,住家用,鋼筋混凝土造,70年2月12日,四層,,
RPPOMLTJKHLGFBB97CC,34,47.46,住家用,鋼筋混凝土造,80年10月21日,七層,,
RPPOMLTJKHLGFBB97CC,34,5.29,共有部分,鋼筋混凝土造,80年10月21日,七層,,
RPQOMLTJKHLGFBB08CC,1,64.99,集合住宅,鋼筋混凝土造,114年1月16日,二十四層,,
RPQOMLTJKHLGFBB08CC,1,59.88,本共有部份係依使用執照之建築概要表記載項目有：防空避難室兼停車空間，排煙室，樓梯間，一般昇降機，緊急昇降機，汙水機械室，機械室，消防機房，水箱，車道，一般安全梯，停車空間，電信室，水景機械室，戲水池機房，緊急發電機室，台電配電室，消防蓄水池，電錶室，防災中心，消防中繼機房，梯廳，公設管委會使用空間，門廳，儲藏室，管理室，特別安全梯，梯間，消防水箱，水錶箱室，電梯機房等３２項。,鋼筋混凝土造,114年1月16日,二十四層,,
RPTOMLTJKHLGFBB38CC,30,23.39,住家用,鋼筋混凝土造,84年11月24日,二十四層,,
RPTOMLTJKHLGFBB38CC,30,13.17,防空避難室，停車空間，門廳，樓梯間，機械室，水箱,鋼筋混凝土造,84年11月24日,二十四層,,
RPSOMLTJKHLGFBB28CC,31,91.24,住家用,鋼筋混凝土造,84年6月5日,八層,,
RPSOMLTJKHLGFBB28CC,31,32.71,共有部分,鋼筋混凝土造,84年6月5日,八層,,
RPVOMLTJKHLGFBB58CC,43,20.10,住家用,鋼筋混凝土造,72年2月10日,五層,,
RPVOMLTJKHLGFBB58CC,43,4.60,共有部份,鋼筋混凝土造,72年2月10日,五層,,
RPUOMLTJKHLGFBB48CC,9,110.55,集合住宅,鋼筋混凝土造,106年3月8日,十五層,,
RPUOMLTJKHLGFBB48CC,9,75.88,本共有部分係依使用執照之建築概要表記載項目有：停車空間、樓梯間、消防機房、梯廳、揚水機房、昇降機間、梯廳兼排煙室、水箱、污水機房、水池機房、防空避難室兼停車空間、發電機房、台電配電室、機房、電信機房、電錶、公共服務空間（交誼廳）（集會室）、車道、垃圾室、無障礙廁所、管委會使用空間、梯間及水箱等２３項,鋼筋混凝土造,106年3月8日,十五層,,
RPWOMLTJKHLGFBB68CC,26,106.53,集合住宅,鋼筋混凝土造,89年7月5日,十四層,,
RPXOMLTJKHLGFBB78CC,36,99.45,住家用,鋼筋混凝土造,79年2月28日,七層,,
RPWOMLTJKHLGFBB68CC,26,25.70,共有部分,鋼筋混凝土造,89年7月5日,十四層,,
RPXOMLTJKHLGFBB78CC,36,17.29,電梯間，受電室，走道，停車空間，避難室,鋼筋混凝土造,79年2月28日,七層,,
RPWOMLTJKHLGFBB68CC,26,47.31,共有部分,鋼筋混凝土造,89年7月5日,十四層,,
RPOPMLTJKHLGFBB97CC,19,93.43,住家用,鋼筋混凝土造,95年10月17日,十三層,,
RPOPMLTJKHLGFBB97CC,19,10.45,共有部分,鋼筋混凝土造,95年10月17日,十三層,,
RPOPMLTJKHLGFBB97CC,19,19.32,共有部分,鋼筋混凝土造,95年10月17日,十三層,,
RPUPMLTJKHLGFBB58CC,46,59.73,住家用,鋼筋混凝土造,69年7月9日,五層,,
RPRPMLTJKHLGFBB28CC,40,75.35,住家用,鋼筋混凝土造,74年10月24日,七層,,
RPQPMLTJKHLGFBB18CC,4,56.71,集合住宅,鋼筋混凝土造,111年1月10日,十層,,
RPQPMLTJKHLGFBB18CC,4,10.59,本共有部分係依使用執照之建築概要表記載項目有：管理委員會空間、一般昇降機、緊急昇降機、安全梯、排煙室（梯廳）、垃圾處理室、梯廳、車道、機車停車空間、戶外安全梯、梯間、機械室、樓梯間、水錶室、水箱等十五項。,鋼筋混凝土造,111年1月10日,十層,,
RPTPMLTJKHLGFBB48CC,31,21.84,住家用,鋼筋混凝土造,83年7月25日,七層,,
RPPPMLTJKHLGFBB08CC,44,92.54,住家用,鋼筋混凝土造,70年12月29日,五層,,
RPTPMLTJKHLGFBB48CC,31,7.96,共有部分,鋼筋混凝土造,83年7月25日,七層,,
RPQPMLTJKHLGFBB18CC,4,11.92,本共有部分係依使用執照之建築概要表記載項目有：排煙室（梯廳）、梯廳、一般昇降機、緊急昇降機、戶外安全梯等五項。,鋼筋混凝土造,111年1月10日,十層,,
RPQPMLTJKHLGFBB18CC,4,23.47,本共有部分係依使用執照之建築概要表記載項目有：防空避難室兼停車空間、安全梯、消防機械室、雨／污水機械室、排煙室（梯廳）、一般昇降機、緊急昇降機、水箱、停車空間、台電配電室、發電機室、電信室兼智慧建築管理中心等十二項。,鋼筋混凝土造,111年1月10日,十層,,
RPVPMLTJKHLGFBB68CC,20,50.55,住家用,鋼筋混凝土造,94年12月8日,十八層,,
RPVPMLTJKHLGFBB68CC,20,20.99,共有部份,鋼筋混凝土造,94年12月8日,十八層,,
RPWPMLTJKHLGFBB78CC,20,48.14,住家用,鋼筋混凝土造,94年12月8日,十八層,,
RPPNMLTJKHLGFCB97CC,24,63.21,住家用,鋼筋混凝土造,91年1月4日,十三層,,
RPWPMLTJKHLGFBB78CC,20,19.26,共有部份,鋼筋混凝土造,94年12月8日,十八層,,
RPPNMLTJKHLGFCB97CC,24,22.16,共有部份,鋼筋混凝土造,91年1月4日,十三層,,
RPRNMLTJKHLGFCB18CC,8,33.06,集合住宅,鋼筋混凝土造、鋼骨造,107年2月14日,九層,,
RPRNMLTJKHLGFCB18CC,8,27.78,本共有部份係依使用執照之建築概要表記載項目有：台電配電室、消防機械室、停車空間、乙梯（安全梯）、電梯、梯廳、電信室、車道、防空避難室兼停車空間、甲梯（安全梯）、門廳、廁所、走廊、甲梯、發電機室等１５項。,鋼筋混凝土造、鋼骨造,107年2月14日,九層,,
RPQOMLTJKHLGFCB18CC,32,15.80,住家用,鋼筋混凝土造,83年3月18日,七層,,
RPQOMLTJKHLGFCB18CC,32,10.36,共有部份,鋼筋混凝土造,83年3月18日,七層,,
RPPOMLTJKHLGFCB08CC,5,39.15,集合住宅,鋼筋混凝土造,109年8月31日,十九層,,
RPSOMLTJKHLGFCB38CC,27,95.90,住家用,鋼筋混凝土造,88年4月29日,十四層,,
RPUOMLTJKHLGFCB58CC,6,53.03,集合住宅,鋼筋混凝土造,109年7月22日,二十四層,,
RPPOMLTJKHLGFCB08CC,5,24.42,本共有部份係依使用執照之建築概要表記載項目有：停車空間、梯廳、一般安全梯、排煙室、自來水箱、消防機械室、污水機房、機械室、一般升降機、緊急升降機、電信室、消防中繼機房、防空避難室兼停車空間、發電機室、消防中繼水箱、台電配電室、電表室、辦公室、管委會使用空間（辦公室）及（會議室）、垃圾集中處、出入口緩衝空間、外廊、防災中心、安全梯、特別安全梯、車道、管委會使用空間、走廊、機房、水表室、消防水箱等三十一項。,鋼筋混凝土造,109年8月31日,十九層,,
RPSOMLTJKHLGFCB38CC,27,39.94,共有部份,鋼筋混凝土造,88年4月29日,十四層,,
RPUOMLTJKHLGFCB58CC,6,15.53,本共有部分係依使用執照之建築物概要表記載項目有：管委會使用空間、梯廳、排煙室、樓梯間、行動不便電梯、緊急升降機電梯、電梯、機械室、泳池機房、消防中繼機房、水錶室、電梯機房、水箱、消防水箱等１４項。,鋼筋混凝土造,109年7月22日,二十四層,,
RPUOMLTJKHLGFCB58CC,6,40.91,本共有部分係依使用執照之建築物概要表記載項目有：停車空間、水箱、車道、消防機房、樓梯間、排煙室、機械室、行動不便電梯、緊急升降機電梯、防空避難室兼停車空間、台電配電室、發電機房、中繼機房、中繼水箱、防災中心、垃垃集中室、電錶室、電信室等１８項。,鋼筋混凝土造,109年7月22日,二十四層,,
RPTOMLTJKHLGFCB48CC,33,83.81,住家用,鋼筋混凝土造,82年1月8日,七層,,
RPVOMLTJKHLGFCB68CC,31,16.14,住家用,鋼筋混凝土造,84年4月20日,十五層,,
RPTOMLTJKHLGFCB48CC,33,23.32,共有部份,鋼筋混凝土造,82年1月8日,七層,,
RPQNMLTJKHLGFCB08CC,15,67.10,住家用,鋼筋混凝土造,99年11月19日,二十四層,,
RPXNMLTJKHLGFCB78CC,3,61.42,集合住宅,鋼筋混凝土造,111年10月28日,二十四層,,
RPQNMLTJKHLGFCB08CC,15,30.40,本共有部分之項目有停車空間、消防機房、污水機房、揚水機房、水箱、排煙室、梯廳、樓梯間、昇降機間、防空避難室兼停車空間、防災中心、台電配電室、電信室、緊急發電機房、電錶箱室、門廳、管委會空間、中繼機房、屋頂平台、電梯機房、機房等二十一項,鋼筋混凝土造,99年11月19日,二十四層,,
RPVOMLTJKHLGFCB68CC,31,7.81,共有部份,鋼筋混凝土造,84年4月20日,十五層,,
RPXNMLTJKHLGFCB78CC,3,65.32,本共有部份係依使用執照之建築概要表記載項目有：防空避難室兼停車空間、車道、排煙室、昇降機、安全梯、消防機房、雨水／污水機房、揚水泵機房、水箱、停車空間、台電配電室、發電機房、電信室、公共服務空間（文教．交誼．休閒）、防災中心、走廊、特別安全梯、戶外安全梯、梯廳、管委會使用空間、機車區、垃圾資源回收室、梯間、樓梯間、機房、水錶室、消防中繼機房等二十七項。,鋼筋混凝土造,111年10月28日,二十四層,,
RPSNMLTJKHLGFCB28CC,8,24.08,集合住宅,鋼筋混凝土造、鋼骨造,107年2月14日,九層,,
RPSNMLTJKHLGFCB28CC,8,27.78,本共有部份係依使用執照之建築概要表記載項目有：台電配電室、消防機械室、停車空間、乙梯（安全梯）、電梯、梯廳、電信室、車道、防空避難室兼停車空間、甲梯（安全梯）、門廳、廁所、走廊、甲梯、發電機室等１５項。,鋼筋混凝土造、鋼骨造,107年2月14日,九層,,
RPOOMLTJKHLGFCB97CC,22,91.70,住家用,ＲＣ造,92年12月30日,十四層,,
RPOOMLTJKHLGFCB97CC,22,31.56,共用,ＲＣ造,92年12月30日,十四層,,
RPVNMLTJKHLGFCB58CC,8,33.06,集合住宅,鋼筋混凝土造、鋼骨造,107年2月14日,九層,,
RPROMLTJKHLGFCB28CC,31,114.56,住家用,鋼筋混凝土造,83年9月3日,二十層,,
RPROMLTJKHLGFCB28CC,31,21.29,共有部份,鋼筋混凝土造,83年9月3日,二十層,,
RPVNMLTJKHLGFCB58CC,8,27.78,本共有部份係依使用執照之建築概要表記載項目有：台電配電室、消防機械室、停車空間、乙梯（安全梯）、電梯、梯廳、電信室、車道、防空避難室兼停車空間、甲梯（安全梯）、門廳、廁所、走廊、甲梯、發電機室等１５項。,鋼筋混凝土造、鋼骨造,107年2月14日,九層,,
RPROMLTJKHLGFCB28CC,31,6.62,共有部份,鋼筋混凝土造,83年9月3日,二十四層,,
RPROMLTJKHLGFCB28CC,31,6.75,共有部份,鋼筋混凝土造,83年9月3日,二十四層,,
RPROMLTJKHLGFCB28CC,31,6.39,共有部份,鋼筋混凝土造,83年9月3日,二十四層,,
RPWNMLTJKHLGFCB68CC,43,79.77,集合住宅,鋼筋混凝土造,72年3月3日,七層,,
RPTNMLTJKHLGFCB38CC,8,24.80,集合住宅,鋼筋混凝土造、鋼骨造,107年2月14日,九層,,
RPPNMLTJKHLGFDB08CC,29,23.67,住家用,鋼筋混凝土造,86年6月2日,十三層,,
RPPNMLTJKHLGFDB08CC,29,12.43,共有部分,鋼筋混凝土造,86年6月2日,十三層,,
RPQNMLTJKHLGFDB18CC,32,71.13,住家用,鋼筋混凝土造,82年7月23日,七層,,
RPQNMLTJKHLGFDB18CC,32,20.42,共用部份,鋼筋混凝土造,82年7月23日,七層,,
RPPNMLTJKHLGFFB28CC,1,58.81,集合住宅,鋼筋混凝土造,113年10月11日,二十二層,,
RPPNMLTJKHLGFFB28CC,1,29.66,防空避難室兼停車空間、排煙室、樓梯間、一般昇降機、緊急昇降機、消防機房、污水機房、雨水機房、Ａ梯水箱、Ｂ梯水箱、車道、梯廳、停車空間、機房、台電配電室、電信室、緊急發電機室、消防中繼機房、防災中心、管委會使用空間、外廊、資源回收室、門廳兼梯廳、無障礙廁所、機車停車區、水錶箱室、梯間、水箱、電梯機房等２９項。,鋼筋混凝土造,113年10月11日,二十二層,,
RPRNMLTJKHLGFFB48CC,3,53.82,集合住宅,鋼筋混凝土造,112年6月3日,十二層,,
RPRNMLTJKHLGFFB48CC,3,62.72,防空避難室兼停車空間、電信室、消防機械室、雨汙水機房、水箱、排煙室、安全梯、停車空間、台電配電室、發電機室、管委會使用空間、公共服務空間、梯廳、昇降機間、垃圾室、機電設備空間、梯間、戶外安全梯、機械室、水錶室。,鋼筋混凝土造,112年6月3日,十二層,,
RPSNMLTJKHLGFFB58CC,2,69.73,集合住宅,鋼筋混凝土造,113年7月1日,十五層,,
RPSNMLTJKHLGFFB58CC,2,69.24,防空避難室兼停車空間、消防機械室、機械室、水箱、排煙室、安全梯、停車空間、管委會使用空間、管理室、公共服務空間、梯廳、昇降機間、垃圾室、機電設備空間、戶外安全梯、梯間、一般安全梯、水錶室、電梯機房等１９項,鋼筋混凝土造,113年7月1日,十五層,,
RPTNMLTJKHLGFFB68CC,5,9.22,集合住宅,鋼筋混凝土造,109年8月25日,五層,,
RPUOMLTJKHLGFFB88CC,2,97.05,集合住宅,鋼筋混凝土造,112年11月20日,二十四層,,
RPTNMLTJKHLGFFB68CC,5,5.11,梯廳、安全梯、升降機、管道間、走廊、安全梯間、升降機機械室、水箱、停車空間、電信室、消防機室、發電機室、台電配電室、安全梯Ａ,鋼筋混凝土造,109年8月25日,五層,,
RPQNMLTJKHLGFFB38CC,2,60.07,集合住宅,鋼筋混凝土造,112年10月21日,九層,,
RPQNMLTJKHLGFFB38CC,2,69.21,停車空間、一般昇降梯、無障礙昇降梯、梯廳、一般安全梯、水箱、揚水泵機房、緊急發電機及消防設備室、雨／污水機房、防空避難室兼停車空間、台電配電室、電表區、電信室、管委會使用空間、資源回收室、戶外安全梯、大廳、過廊、門廊、樓梯間、水錶室、水箱,鋼筋混凝土造,112年10月21日,九層,,
RPXNMLTJKHLGFFB09CC,5,9.10,集合住宅,鋼筋混凝土造,109年8月25日,五層,,
RPXNMLTJKHLGFFB09CC,5,5.07,梯廳、安全梯、升降機、管道間、走廊、安全梯間、升降機機械室、水箱、停車空間、電信室、消防機室、發電機室、台電配電室、安全梯Ａ,鋼筋混凝土造,109年8月25日,五層,,
RPUOMLTJKHLGFFB88CC,2,78.78,防空避難室兼停車空間、排煙室、水箱、車道、消防機械室、雨污水機房、緊急昇降機行動不便者、一般昇降機、安全梯、停車空間、消防中繼水箱、消防中繼機械室、台電配電室、電信室、發電機室、水景機房、泳池機房、機車停車空間、特別安全梯、管委會使用空間、走廊、垃圾暫存室、防災中心、梯廳、水錶室、消防中繼機房、機械室等２７項。,鋼筋混凝土造,112年11月20日,二十四層,,
RPSOMLTJKHLGFFB68CC,2,62.00,集合住宅,鋼筋混凝土造,112年11月4日,十五層,,
RPPOMLTJKHLGFFB38CC,1,88.72,集合住宅,鋼筋混凝土造,113年10月11日,二十二層,,
RPSOMLTJKHLGFFB68CC,2,55.83,防空避難室兼停車空間、排煙室、樓梯間、昇降機間、污水機房兼雨水回收設備機房、消防機房、水箱、車道、停車空間、電信室、緊急發電機室、台電配電室、機車停車區、機房、沿街步道式開放空間（等寬有頂蓋型）、梯廳、門廳、垃圾集中室、管委會使用空間、公設（游泳池）、梯間、安全梯、水錶箱室、電梯機房等２４項,鋼筋混凝土造,112年11月4日,十五層,,
RPPOMLTJKHLGFFB38CC,1,70.09,防空避難室兼停車空間、排煙室、樓梯間、一般昇降機、緊急昇降機、消防機房、污水機房、雨水機房、Ａ梯水箱、Ｂ梯水箱、車道、梯廳、停車空間、機房、台電配電室、電信室、緊急發電機室、消防中繼機房、防災中心、管委會使用空間、外廊、資源回收室、門廳兼梯廳、無障礙廁所、機車停車區、水錶箱室、梯間、水箱、電梯機房等２９項。,鋼筋混凝土造,113年10月11日,二十二層,,
RPROMLTJKHLGFFB58CC,25,21.45,儲藏室、停車空間、住宅,鋼筋混凝土造,90年3月30日,四層,,
RPUNMLTJKHLGFFB78CC,5,9.22,集合住宅,鋼筋混凝土造,109年8月25日,五層,,
RPVOMLTJKHLGFFB98CC,8,74.02,集合住宅,鋼筋混凝土造,106年9月5日,十五層,,
RPVOMLTJKHLGFFB98CC,8,9.62,管委會使用空間〔蒸氣室，更衣室，交誼室兼閱讀室，兒童遊戲室，健身房，管理中心，儲藏室〕，廁所，門廳，儲藏室，通廊，信箱間，前廳〔風除室〕，門廊，管委會使用空間〔垃圾儲藏室〕，防空避難室兼停車空間，車道，游泳池機房，機房，垃圾車暫停車位，電信室，排風機房，機車停車空間，水箱機房，進風機房，發電機機房，公共水箱，消防泵浦室，雨水及汙水機房,鋼筋混凝土造,106年9月5日,十五層,,
RPVOMLTJKHLGFFB98CC,8,1.02,安全梯﹝無障礙樓梯﹞、台電配電室、電錶區、受電箱、甲梯安全梯,鋼筋混凝土造,106年9月5日,十五層,,
RPUNMLTJKHLGFFB78CC,5,5.11,梯廳、安全梯、升降機、管道間、走廊、安全梯間、升降機機械室、水箱、停車空間、電信室、消防機室、發電機室、台電配電室、安全梯Ａ,鋼筋混凝土造,109年8月25日,五層,,
RPQOMLTJKHLGFFB48CC,1,66.28,集合住宅,鋼筋混凝土造,114年4月14日,十五層,,
RPVOMLTJKHLGFFB98CC,8,20.24,排煙室，梯廳兼排煙室，特別安全梯，特別安全梯〔無障礙樓梯〕，樓梯間，水錶室，排煙機房，消防水箱，電梯機房，水箱機房，管道間,鋼筋混凝土造,106年9月5日,十五層,,
RPQOMLTJKHLGFFB48CC,1,57.70,防空避難室兼停車空間、排煙室、水箱、機房、消防機械室、污水機械室、雨水機械室、揚水泵機械室、安全梯、一般昇降機、緊急昇降機行動不便者、停車空間、台電配電室、發電機室、電信室、梯廳、垃圾暫存室、管委會使用空間、走廊、車道、機車停車區、戶外安全梯、機械室、水錶室、一般梯、梯間共計２６項。,鋼筋混凝土造,114年4月14日,十五層,,
RPWOMLTJKHLGFCB78CC,20,67.20,住家用,鋼筋混凝土造,94年11月10日,二十三層,,
RPWOMLTJKHLGFCB78CC,20,30.38,共用,鋼筋混凝土造,94年11月10日,二十三層,,
RPQPMLTJKHLGFCB28CC,18,126.52,住家用,鋼筋混凝土造,96年9月20日,十四層,,
RPOPMLTJKHLGFCB08CC,32,31.96,住家用,鋼筋混凝土造,83年3月28日,七層,,
RPQPMLTJKHLGFCB28CC,18,66.56,共用,鋼筋混凝土造,96年9月20日,十四層,,
RPOPMLTJKHLGFCB08CC,32,17.13,共有部份,鋼筋混凝土造,83年3月28日,七層,,
RPXOMLTJKHLGFCB88CC,31,27.27,住家用,鋼筋混凝土造,84年6月26日,七層,,
RPPPMLTJKHLGFCB18CC,43,82.21,住家用,鋼筋混凝土造,72年7月19日,五層,,
RPXOMLTJKHLGFCB88CC,31,17.03,共有部份,鋼筋混凝土造,84年6月26日,七層,,
RPPPMLTJKHLGFCB18CC,43,12.27,共有部份,鋼筋混凝土造,72年7月19日,五層,,
RPPPMLTJKHLGFFB48CC,3,55.65,集合住宅,鋼筋混凝土造,112年4月14日,十層,,
RPWOMLTJKHLGFFB09CC,2,55.40,集合住宅,鋼筋混凝土造,112年10月21日,九層,,
RPPPMLTJKHLGFFB48CC,3,37.82,停車空間、消防機房、機房（雨水設備）、蓄水池、昇降機、無障礙昇降機、梯廳、安全梯、防空避難室兼停車空間、台電配電室、發電機室、電信室、機房、受電室電表箱等１４項。,鋼筋混凝土造,112年4月14日,十層,,
RPWOMLTJKHLGFFB09CC,2,48.21,停車空間、一般昇降梯、無障礙昇降梯、梯廳、一般安全梯、水箱、揚水泵機房、緊急發電機及消防設備室、雨／污水機房、防空避難室兼停車空間、台電配電室、電表區、電信室、管委會使用空間、資源回收室、戶外安全梯、大廳、過廊、門廊、樓梯間、水錶室、水箱,鋼筋混凝土造,112年10月21日,九層,,
RPPPMLTJKHLGFFB48CC,3,14.82,管委會使用空間、昇降機、無障礙昇降機、梯廳、戶外安全梯、宅配室、排風管道、資源回收室、機械設備室、汽車車道、無障礙廁所、管道間、水錶室、機房、水箱、機械室等１６項。,鋼筋混凝土造,112年4月14日,十層,,
RPOPMLTJKHLGFFB38CC,3,52.52,集合住宅,鋼筋混凝土造,112年4月14日,十層,,
RPOPMLTJKHLGFFB38CC,3,36.94,停車空間、消防機房、機房（雨水設備）、蓄水池、昇降機、無障礙昇降機、梯廳、安全梯、防空避難室兼停車空間、台電配電室、發電機室、電信室、機房、受電室電表箱等１４項。,鋼筋混凝土造,112年4月14日,十層,,
RPOPMLTJKHLGFFB38CC,3,13.99,管委會使用空間、昇降機、無障礙昇降機、梯廳、戶外安全梯、宅配室、排風管道、資源回收室、機械設備室、汽車車道、無障礙廁所、管道間、水錶室、機房、水箱、機械室等１６項。,鋼筋混凝土造,112年4月14日,十層,,
RPPNMLTJKHLGFHB48CC,30,95.20,住家用,鋼筋混凝土造,84年9月8日,八層,,
RPPNMLTJKHLGFHB48CC,30,28.87,共有部份,鋼筋混凝土造,84年9月8日,八層,,
RPRNMLTJKHLGFHB68CC,30,160.90,住家用,鋼筋混凝土造,85年1月9日,三層,,
RPQNMLTJKHLGFHB58CC,1,53.68,集合住宅,鋼筋混凝土造,114年4月21日,十二層,,
RPQNMLTJKHLGFHB58CC,1,63.42,本共有部分之項目有防空避難室兼停車空間、消防機房、雨污水機房、蓄水池、緊急昇降機排煙室、緊急昇降機兼無障礙電梯、一般昇降機、管道間、無障礙安全梯、停車空間、台電配電室、發電機房、電信室、泳池機房、景觀水池機房、管委會使用空間、公共服務空間、戶外社區游泳池、共同梯廳、機車停車空間、室內安全梯、戶外安全梯、樓梯間、昇降機、水錶室、機械室、水箱等２７項,鋼筋混凝土造,114年4月21日,十二層,,
RPUNMLTJKHLGFHB98CC,2,51.35,集合住宅,鋼筋混凝土造,113年7月3日,十層,,
RPTNMLTJKHLGFHB88CC,29,68.69,住家用,鋼筋混凝土造,85年8月13日,九層,,
RPUNMLTJKHLGFHB98CC,2,24.28,本共有部分之項目有停車空間、梯廳、安全梯梯間、發電機房、消防機房、汙水機房、防空避難室兼停車空間、電信室、台電配電室、集中電錶區、管委會空間（會客空間）、垃圾集中室、外廊、進氣管道、排氣管道、電梯機房、給水水箱等１７項,鋼筋混凝土造,113年7月3日,十層,,
RPTNMLTJKHLGFHB88CC,29,32.89,共有部份,鋼筋混凝土造,85年8月13日,九層,,
RPPNMLTJKHLGFIB58CC,35,59.74,集合住宅,鋼筋混凝土造,79年11月17日,八層,,
RPWNMLTJKHLGFIB66CC,18,206.00,住宅、辦公室,鋼筋混凝土造,97年5月22日,四層,,
RPPNMLTJKHLGFIB58CC,35,15.19,共有部份,鋼筋混凝土造,79年11月17日,八層,,
RPSNMLTJKHLGFHB78CC,8,81.78,集合住宅,鋼筋混凝土造,107年8月1日,十三層,,
RPSNMLTJKHLGFHB78CC,8,80.10,防空避難室兼停車空間、停車空間、排煙室、車道、緊急發電機室、污水機房、水箱、一般昇降機、緊急昇降機、消防機房、樓梯間、梯廳、門廳、梯間、台電配電室、電信室、垃圾集中室、公共服務空間（會客室、交誼室）、頂蓋型開放空間、儲藏室、水錶箱室、電梯機房等２２項,鋼筋混凝土造,107年8月1日,十三層,,
RPSNMLTJKHLGFIB88CC,1,146.53,辦公室（廳）,鋼筋混凝土造,113年12月23日,二十二層,,
RPSNMLTJKHLGFIB88CC,1,101.22,本共有部分之項目有停車空間、蓄水池、消防機械室、雨污水機械室、樓梯間、電梯間、排煙室、梯廳、機械室、中繼水箱、中繼機械室、電信室、台電配電室、電錶室、發電機室等１５項。,鋼筋混凝土造,113年12月23日,二十二層,,
RPSNMLTJKHLGFIB88CC,1,56.96,本共有部分之項目有環保室、管理委員會使用空間、管理員室、樓梯間、電梯間、梯廳、排煙室、外廊、中繼機房、機械室、蓄水池等１１項。,鋼筋混凝土造,113年12月23日,二十二層,,
RPOOMLTJKHLGFIB58CC,14,18.84,集合住宅,鋼筋混凝土造,101年1月19日,六層,,
RPXNMLTJKHLGFIB76CC,1,64.73,集合住宅,鋼筋混凝土造,113年9月4日,五層,,
RPOOMLTJKHLGFIB58CC,14,14.50,本共有部分之項目有防空避難室、停車空間、水箱、樓梯間、機械室、梯廳、走廊、昇降機道、台電受電室、電信室、儲藏室、消防機房、發電機室等１３項。,鋼筋混凝土造,101年1月19日,六層,,
RPRNMLTJKHLGFIB78CC,46,73.08,集合住宅,鋼筋混凝土造,68年10月12日,五層,,
RPXNMLTJKHLGFIB76CC,1,39.57,停車空間、機械室、台電配電室、梯廳、走廊、升降設備、安全梯、水箱等八項。,鋼筋混凝土造,113年9月4日,五層,,
RPUNMLTJKHLGFIB09CC,5,41.15,集合住宅,鋼筋混凝土造,110年6月21日,十四層,,
RPPOMLTJKHLGFIB68CC,14,17.85,集合住宅、機電設備空間,鋼筋混凝土造,101年1月19日,六層,,
RPPOMLTJKHLGFIB68CC,14,13.63,本共有部分之項目有防空避難室、停車空間、水箱、樓梯間、機械室、梯廳、走廊、昇降機道、台電受電室、電信室、儲藏室、消防機房、發電機室等１３項。,鋼筋混凝土造,101年1月19日,六層,,
RPROMLTJKHLGFIB88CC,14,18.84,集合住宅,鋼筋混凝土造,101年1月19日,六層,,
RPROMLTJKHLGFIB88CC,14,14.50,本共有部分之項目有防空避難室、停車空間、水箱、樓梯間、機械室、梯廳、走廊、昇降機道、台電受電室、電信室、儲藏室、消防機房、發電機室等１３項。,鋼筋混凝土造,101年1月19日,六層,,
RPQNMLKKKHLGFAB07CC,29,81.92,集合住宅,鋼筋混凝土造,85年10月5日,十八層,,
RPQNMLKKKHLGFAB07CC,29,13.91,共同使用,鋼筋混凝土造,85年10月5日,十八層,,
RPQNMLKKKHLGFAB07CC,29,20.34,共同使用,鋼筋混凝土造,85年10月5日,十八層,,
RPPNMLTJKHLGFJB68CC,34,81.34,集合住宅,鋼筋混凝土造,81年5月26日,十二層,,
RPQNMLTJKHLGFHB68DC,31,146.29,人行道　店舖　集合住宅,鋼筋混凝土造,84年7月15日,十二層,,
RPPNMLTJKHLGFHB58DC,47,29.25,住商用,鋼筋混凝土造,67年12月13日,四層,,
RPPNMLTJKHLGFJB68CC,34,10.01,共有部份,鋼筋混凝土造,81年5月26日,十二層,,
RPQNMLTJKHLGFHB68DC,31,37.74,共有部份,鋼筋混凝土造,84年7月15日,十二層,,
RPQNMLTJKHLGFJB78CC,32,93.14,集合住宅,鋼筋混凝土造,83年6月27日,十六層,,
RPQNMLTJKHLGFHB68DC,31,13.46,共有部份,鋼筋混凝土造,84年7月15日,十二層,,
RPQNMLTJKHLGFJB78CC,32,31.07,防空避難室、梯間、水箱、停車空間、机械室,鋼筋混凝土造,83年6月27日,十六層,,
RPPNMLKKKHLGFAB96CC,31,23.56,住家用,鋼筋混凝土造,84年1月13日,十九層,,
RPPNMLKKKHLGFAB96CC,31,3.87,共有部分,鋼筋混凝土造,84年1月13日,十九層,,
RPPNMLKKKHLGFAB96CC,31,8.48,梯間．水箱．機械室,鋼筋混凝土造,84年1月13日,十九層,,
RPRNMLKKKHLGFAB17CC,35,131.78,商業用,鋼筋混凝土造,79年12月19日,七層,,
RPRNMLKKKHLGFAB17CC,35,3.75,共有部份,鋼筋混凝土造,79年12月19日,七層,,
RPSNMLKKKHLGFAB27CC,50,12.69,住家用,見其他登記事項,64年9月16日,二層,,
RPUNMLKKKHLGFAB47CC,19,52.99,集合住宅,鋼筋混凝土造,95年10月26日,三十二層,,
RPUNMLKKKHLGFAB47CC,20,8.83,共用,鋼筋混凝土造,95年6月22日,三十二層,,
RPTNMLKKKHLGFAB37CC,30,24.42,集合住宅,鋼骨鋼筋混凝土造,85年1月19日,二十二層,,
RPUNMLKKKHLGFAB47CC,19,22.15,共用,鋼筋混凝土造,95年10月26日,三十二層,,
RPVNMLKKKHLGFAB57CC,33,29.74,住家用,鋼筋混凝土造,82年5月1日,七層,,
RPTNMLKKKHLGFAB37CC,30,2.31,樓梯間．機房．蓄水池,鋼骨鋼筋混凝土造,85年1月19日,二十二層,,
RPVNMLKKKHLGFAB57CC,33,13.64,共有部分,鋼筋混凝土造,82年5月1日,七層,,
RPTNMLKKKHLGFAB37CC,30,2.56,樓梯間,鋼骨鋼筋混凝土造,85年1月19日,二十二層,,
RPTNMLKKKHLGFAB37CC,30,6.79,防空避難室兼停車空間．走道,鋼骨鋼筋混凝土造,85年1月19日,二十二層,,
RPTNMLKKKHLGFAB37CC,30,8.38,走道,鋼筋混凝土造,85年1月19日,二十二層,,
RPWNMLKKKHLGFAB67CC,44,80.95,住家用,鋼筋混凝土造,71年7月16日,五層,,
RPWNMLKKKHLGFAB67CC,44,2.02,共有部分,鋼筋混凝土造,71年7月16日,五層,,
RPXNMLKKKHLGFAB77CC,30,38.57,集合住宅,鋼筋混凝土造,85年6月27日,二十一層,,
RPXNMLKKKHLGFAB77CC,30,20.96,共同使用,鋼筋混凝土造,85年6月27日,二十一層,,
RPQOMLKKKHLGFAB17CC,29,31.51,集合住宅,鋼筋混凝土造,85年8月29日,十四層,,
RPQOMLKKKHLGFAB17CC,29,8.10,共同使用,鋼筋混凝土造,85年8月29日,十四層,,
RPQOMLKKKHLGFAB17CC,29,8.56,共同使用,鋼筋混凝土造,85年8月29日,十四層,,
RPROMLKKKHLGFAB27CC,32,45.13,住家用,鋼筋混凝土造,82年11月25日,十二層,,
RPOOMLKKKHLGFAB96CC,36,26.69,住家用,鋼筋混凝土造,78年11月29日,十二層,,
RPROMLKKKHLGFAB27CC,32,8.62,防空避難室．門廳．人行道．水箱．停車空間．機械室．梯間．受電室,鋼筋混凝土造,82年11月25日,十二層,,
RPOOMLKKKHLGFAB96CC,36,12.57,受電室．走道．避難室．梯間．機械室．停車空間．走廊．公共貯藏室．電梯間,鋼筋混凝土造,78年11月29日,十二層,,
RPPNMLKKKHLGFBB07CC,28,16.57,住家用,鋼筋混凝土造,87年7月4日,十二層,,
RPPNMLKKKHLGFBB07CC,28,.00,共有部分,鋼筋混凝土造,87年7月4日,十二層,,
RPPNMLKKKHLGFBB07CC,28,5.01,共有部分,鋼筋混凝土造,87年7月4日,十二層,,
RPSNMLKKKHLGFBB37CC,32,43.39,住家用,鋼筋混凝土造,82年11月16日,六層,,
RPSNMLKKKHLGFBB37CC,32,20.70,共有部分,鋼筋混凝土造,82年11月16日,六層,,
RPQNMLKKKHLGFBB17CC,47,100.65,住家用,鋼筋混凝土造,68年3月12日,五層,,
RPTNMLKKKHLGFBB47CC,32,26.81,住家用,鋼筋混凝土造,83年2月7日,七層,,
RPTNMLKKKHLGFBB47CC,32,12.56,共有部份,鋼筋混凝土造,83年2月7日,七層,,
RPUNMLKKKHLGFBB57CC,34,166.24,住家用,鋼筋混凝土造,81年5月8日,十四層,,
RPUNMLKKKHLGFBB57CC,34,24.40,共有部分,鋼筋混凝土造,81年5月8日,十四層,,
RPXOMLKKKHLGFAB87CC,32,21.81,住家用,鋼筋混凝土造,83年6月15日,五層,,
RPXOMLKKKHLGFAB87CC,32,2.29,共有部分,鋼筋混凝土造,83年6月15日,五層,,
RPVNMLKKKHLGFBB67CC,2,63.24,集合住宅,鋼筋混凝土造,113年6月5日,十五層,,
RPOPMLKKKHLGFAB07CC,53,48.90,住家用,鋼筋混凝土加強磚造,62年6月14日,二層,,
RPXNMLKKKHLGFBB87CC,31,68.86,住家用,鋼筋混凝土造,84年3月31日,十三層,,
RPVNMLKKKHLGFBB67CC,2,58.80,本共有部份係依使用執照之建築概要表記載項目有：防空避難室兼停車空間，水箱，排煙室，樓梯間，緊急昇降機，一般昇降機，消防機房，雨水機房，機房，緊急發電機室，停車空間，台電配電室，電信室，機車停車空間，梯廳，機電設備空間，頂蓋型開放空間，管委會使用空間，公共服務空間，走廊，資源回收中心，游泳池，梯間，電梯機房，水錶箱室等２５項,鋼筋混凝土造,113年6月5日,十五層,,
RPWNMLKKKHLGFBB77CC,31,20.45,住家用,鋼筋混凝土造,84年5月26日,十六層,,
RPXNMLKKKHLGFBB87CC,31,24.74,共有部分,鋼筋混凝土造,84年3月31日,十三層,,
RPWNMLKKKHLGFBB77CC,31,6.22,共有部分,鋼筋混凝土造,84年5月26日,十六層,,
RPWOMLKKKHLGFAB77CC,29,22.92,住家用,鋼筋混凝土造,86年3月11日,九層,,
RPWNMLKKKHLGFBB77CC,31,6.48,共有部分,鋼筋混凝土造,84年5月26日,十六層,,
RPWOMLKKKHLGFAB77CC,29,5.48,共同使用,鋼筋混凝土造,86年3月11日,九層,,
RPWNMLKKKHLGFBB77CC,31,.19,共有部分,鋼筋混凝土造,84年5月26日,十六層,,
RPWOMLKKKHLGFAB77CC,29,6.39,共同使用,鋼筋混凝土造,86年3月11日,九層,,
RPTOMLKKKHLGFAB47CC,30,20.04,集合住宅,鋼筋混凝土造,85年5月6日,十八層,,
RPVOMLKKKHLGFAB67CC,44,19.47,住家用,鋼筋混凝土造,70年12月31日,十一層,,
RPTOMLKKKHLGFAB47CC,30,3.72,共同使用,鋼筋混凝土造,85年5月6日,十八層,,
RPTOMLKKKHLGFAB47CC,30,4.19,共同使用,鋼筋混凝土造,85年5月6日,十八層,,
RPVOMLKKKHLGFAB67CC,44,9.81,人行道，走道，電梯間，梯間，避難室，變電室，停車空間，機械室,鋼筋混凝土造,70年12月31日,十一層,,
RPUOMLKKKHLGFAB57CC,16,25.80,集合住宅,鋼筋混凝土造,98年8月4日,十一層,,
RPOOMLKKKHLGFBB07CC,8,92.83,集合住宅,鋼筋混凝土造,106年12月8日,十二層,,
RPTOMLKKKHLGFAB47CC,30,1.00,共同使用,鋼筋混凝土造,85年5月6日,十八層,,
RPSOMLKKKHLGFAB37CC,36,25.54,住家用,鋼筋混凝土造,78年11月29日,十二層,,
RPUOMLKKKHLGFAB57CC,16,5.58,共有,鋼筋混凝土造,98年8月4日,十一層,,
RPTOMLKKKHLGFAB47CC,30,1.69,共同使用,鋼筋混凝土造,85年5月6日,十八層,,
RPOOMLKKKHLGFBB07CC,8,78.76,本共有部分係依使用執照之建築概要表記載項目有：停車空間兼防空避難室，污水處理機房，發電機消防機房，梯廳兼排煙室，安全梯，停車空間，水箱，資源回收室，台電配電室，電錶室，電信室，管委會空間，車道，公共服務空間，梯廳，排煙室，水錶室，樓梯間，機械室，機房等２０項,鋼筋混凝土造,106年12月8日,十二層,,
RPSOMLKKKHLGFAB37CC,36,10.65,受電室．走道．避難室．梯間．機械室．停車空間．走廊．公共貯藏室．電梯間,鋼筋混凝土造,78年11月29日,十二層,,
RPUOMLKKKHLGFAB57CC,16,6.07,共有,鋼筋混凝土造,98年8月4日,十一層,,
RPPOMLKKKHLGFBB17CC,30,21.28,住家用,鋼筋混凝土造,84年11月24日,二十四層,,
RPPOMLKKKHLGFBB17CC,30,12.77,防空避難室，停車空間，門廳，樓梯間，機械室，水箱,鋼筋混凝土造,84年11月24日,二十四層,,
RPPPMLKKKHLGFAB17CC,33,90.36,住家用,鋼筋混凝土造,82年3月11日,七層,,
RPPPMLKKKHLGFAB17CC,33,16.72,共有部份,鋼筋混凝土造,82年3月11日,七層,,
RPPPMLKKKHLGFAB17CC,33,20.64,人行道．機械房．水塔．防空避難室．梯間,鋼筋混凝土造,82年3月11日,七層,,
RPQOMLKKKHLGFBB27CC,4,68.83,集合住宅,鋼筋混凝土造,111年5月18日,十三層,,
RPQOMLKKKHLGFBB27CC,4,51.17,本共有部份係依使用執照之建築概要表記載項目有：防空避難室兼停車空間，樓梯間，昇降機間，梯廳，消防機房，污雨水機房，水箱，停車空間，電信機房，機房，緊急發電機室，台電配電室，管委會使用空間，車道，電梯機房等１５項。,鋼筋混凝土造,111年5月18日,十三層,,
RPROMLKKKHLGFBB37CC,4,15.33,住宅、樓梯間、停車空間、人行道、電梯間,鋼筋混凝土造,110年8月24日,五層,,
RPTOMLKKKHLGFBB57CC,34,25.42,住家用,鋼筋混凝土造,81年5月29日,十四層,,
RPTOMLKKKHLGFBB57CC,34,6.72,共有部分,鋼筋混凝土造,81年5月29日,十四層,,
RPVOMLKKKHLGFBB77CC,27,86.04,住家用,鋼筋混凝土造,87年9月14日,十二層,,
RPSOMLKKKHLGFBB47CC,4,64.36,集合住宅,鋼筋混凝土造,110年10月8日,十五層,,
RPVOMLKKKHLGFBB77CC,27,19.74,共有部份,鋼筋混凝土造,87年9月14日,十二層,,
RPSOMLKKKHLGFBB47CC,4,54.16,本共有部分係依使用執照之建築概要表記載項目有：停車空間、車道、消防機房、污水機房、機房、水箱、緊急昇降機、排煙室、行動不便電梯、安全梯、防空避難室兼停車空間、發電機房、台電配電室、電信機房、梯廳、管委會使用空間、戶外安全梯、垃圾貯集空間、走廊、梯間、電梯機房等２１項,鋼筋混凝土造,110年10月8日,十五層,,
RPVOMLKKKHLGFBB77CC,27,.00,共有部份,鋼筋混凝土造,87年9月14日,十二層,,
RPUOMLKKKHLGFBB67CC,2,61.49,集合住宅,鋼筋混凝土造,112年8月28日,二十三層,,
RPUOMLKKKHLGFBB67CC,2,51.37,本共有部份係依使用執照之建築概要表記載項目有：停車空間，水箱，一般昇降機，梯廳，消防機房，污水機房，雨水機房，防空避難室兼停車空間，電信機房，中繼機房，台電配電室，發電機室，防災中心，管理委員會使用空間，門廳，排煙室，緊急昇降機，資源回收室，特別安全梯，中繼水箱，水錶室，機械室等２２項。,鋼筋混凝土造,112年8月28日,二十三層,,
RPWOMLKKKHLGFBB87CC,2,83.61,集合住宅,鋼筋混凝土造,113年6月27日,十五層,,
RPWOMLKKKHLGFBB87CC,2,94.27,本共有部分係依使用執照之建築概要表記載項目有：停車空間，車道，電梯，無障礙電梯，緊急昇降機，排煙室，污水機房，雨水機房，水箱，消防機房，樓梯間，無障礙樓梯間，機械室，電信室，防空避難室兼停車空間，台電配電室，緊急發電機室，機車停車區，電錶區，受電箱區，管理委員會使用空間，資源回收室，梯廳，水錶室，等２４項,鋼筋混凝土造,113年6月27日,十五層,,
RPWOMLKKKHLGFBB87CC,2,21.07,本共有部分係依使用執照之建築概要表記載項目有：樓梯間，電梯，梯廳，排煙室，無障礙電梯，緊急昇降機，無障礙樓梯間等７項,鋼筋混凝土造,113年6月27日,十五層,,
RPRPMLKKKHLGFBB47CC,43,108.32,住家用,鋼筋混凝土造,72年6月24日,五層,,
RPXOMLKKKHLGFBB97CC,31,19.08,住家用,鋼筋混凝土造,84年6月7日,二十一層,,
RPPPMLKKKHLGFBB27CC,2,84.70,集合住宅,鋼筋混凝土造,113年6月5日,十五層,,
RPXOMLKKKHLGFBB97CC,31,12.03,共有部分,鋼筋混凝土造,84年6月7日,二十一層,,
RPPPMLKKKHLGFBB27CC,2,69.40,本共有部份係依使用執照之建築概要表記載項目有：防空避難室兼停車空間，水箱，排煙室，樓梯間，緊急昇降機，一般昇降機，消防機房，雨水機房，機房，緊急發電機室，停車空間，台電配電室，電信室，機車停車空間，梯廳，機電設備空間，頂蓋型開放空間，管委會使用空間，公共服務空間，走廊，資源回收中心，游泳池，梯間，電梯機房，水錶箱室等２５項,鋼筋混凝土造,113年6月5日,十五層,,
RPSPMLKKKHLGFBB57CC,44,92.01,住家用,鋼筋混凝土造,70年12月4日,五層,,
RPWPMLKKKHLGFBB97CC,13,62.26,住家用,鋼筋混凝土造,102年7月25日,二十二層,,
RPWPMLKKKHLGFBB97CC,13,16.71,本共有部分係依使用執照之建築概要表記載項目有：管委會使用公共設施，垃圾處理室，梯間，梯廳，梯間（排煙室，昇降機間）梯間（梯廳，排煙室，昇降機間），走廊，中繼機械室（中繼水箱），機械室，水箱等１０項,鋼筋混凝土造,102年7月25日,二十二層,,
RPTPMLKKKHLGFBB67CC,4,46.39,集合住宅,鋼筋混凝土造,111年4月25日,十五層,,
RPWPMLKKKHLGFBB97CC,13,26.96,本共有部分係依使用執照之建築概要表記載項目有：停車空間，車道，污水機房，清水池，消防機房，機房，梯間（梯廳，排煙室，昇降機間），防空避難室兼停車空間，發電機室，電信室，台電配電室，防災中心，公共設施等１３項,鋼筋混凝土造,102年7月25日,二十二層,,
RPVPMLKKKHLGFBB87CC,30,21.17,住家用,鋼筋混凝土造,85年7月16日,十四層,,
RPUPMLKKKHLGFBB77CC,29,21.00,住家用,鋼筋混凝土造,85年7月16日,十四層,,
RPVPMLKKKHLGFBB87CC,30,12.15,共有部分,鋼筋混凝土造,85年7月16日,十四層,,
RPQPMLKKKHLGFBB37CC,20,59.92,住家用,鋼筋混凝土造,94年12月8日,十八層,,
RPOPMLKKKHLGFBB17CC,38,104.57,住家用,加強磚造,76年9月5日,二層,,
RPUPMLKKKHLGFBB77CC,29,12.44,共有部分,鋼筋混凝土造,85年7月16日,十四層,,
RPQPMLKKKHLGFBB37CC,20,24.05,共有部份,鋼筋混凝土造,94年12月8日,十八層,,
RPTPMLKKKHLGFBB67CC,4,48.01,本共有部分係依使用執照之建築概要表記載項目有：防空避難室兼停車空間、排煙室、樓梯間、昇降機間、消防機房、雨水機房、車道、水箱、停車空間、機械室、台電配電室、電信室、發電機房、門廳、走廊、頂蓋型開放空間、公共服務空間、資源回收中心、梯廳、梯間、水錶箱室、電梯機房等２２項。,鋼筋混凝土造,111年4月25日,十五層,,
RPXPMLKKKHLGFBB08CC,47,88.14,住家用,鋼筋混凝土造,68年1月9日,八層,,
RPOQMLKKKHLGFBB27CC,47,82.44,商業用,鋼筋混凝土造,68年7月18日,五層,,
RPPQMLKKKHLGFBB37CC,30,21.00,住家用,鋼筋混凝土造,85年7月16日,十四層,,
RPPQMLKKKHLGFBB37CC,30,12.44,共有部分,鋼筋混凝土造,85年7月16日,十四層,,
RPRQMLKKKHLGFBB57CC,35,77.35,住家用,鋼筋混凝土造,80年1月11日,五層,,
RPRQMLKKKHLGFBB57CC,35,32.21,共有部分,鋼筋混凝土造,80年1月11日,五層,,
RPQQMLKKKHLGFBB47CC,31,97.96,住家用,鋼筋混凝土造,83年12月10日,十六層,,
RPQQMLKKKHLGFBB47CC,31,17.00,共有部分,鋼筋混凝土造,83年12月10日,十六層,,
RPQQMLKKKHLGFBB47CC,31,.00,共有部分,鋼筋混凝土造,83年12月10日,十六層,,
RPQQMLKKKHLGFBB47CC,31,.00,共有部分,鋼筋混凝土造,83年12月10日,十六層,,
RPQQMLKKKHLGFBB47CC,31,.00,共有部分,鋼筋混凝土造,83年12月10日,十六層,,
RPQQMLKKKHLGFBB47CC,31,.00,共有部分,鋼筋混凝土造,83年12月10日,十六層,,
RPQQMLKKKHLGFBB47CC,31,.00,共有部分,鋼筋混凝土造,83年12月10日,十六層,,
RPQQMLKKKHLGFBB47CC,31,.00,共有部分,鋼筋混凝土造,83年12月10日,十六層,,
RPQQMLKKKHLGFBB47CC,31,8.52,共有部分,鋼筋混凝土造,83年12月10日,十六層,,
RPQQMLKKKHLGFBB47CC,31,.00,共有部分,鋼筋混凝土造,83年12月10日,十六層,,
RPQQMLKKKHLGFBB47CC,31,.00,共有部分,鋼筋混凝土造,83年12月10日,十六層,,
RPPRMLKKKHLGFBB47CC,40,73.66,住家用,鋼筋混凝土造,74年12月11日,五層,,
RPPRMLKKKHLGFBB47CC,40,10.12,共有部分,鋼筋混凝土造,74年12月11日,五層,,
RPUQMLKKKHLGFBB87CC,28,76.88,集合住宅,鋼筋混凝土造,87年5月6日,十三層,,
RPUQMLKKKHLGFBB87CC,28,18.86,共有部分,鋼筋混凝土造,87年5月6日,十三層,,
RPUQMLKKKHLGFBB87CC,28,.00,共有部分,鋼筋混凝土造,87年5月6日,十三層,,
RPUQMLKKKHLGFBB87CC,28,9.04,管理室,鋼筋混凝土造,87年5月6日,十三層,,
RPXQMLKKKHLGFBB18CC,54,30.89,住家用,鐵筋加強磚造,60年10月10日,六層,,
RPWQMLKKKHLGFBB08CC,30,94.33,住家用,鋼筋混凝土造,85年2月6日,九層,,
RPWQMLKKKHLGFBB08CC,30,43.21,共有部份,鋼筋混凝土造,85年2月6日,九層,,
RPSQMLKKKHLGFBB67CC,34,122.24,住家用,鋼筋混凝土造,81年6月27日,十四層,,
RPSQMLKKKHLGFBB67CC,34,14.52,共有部分,鋼筋混凝土造,81年6月27日,十四層,,
RPTQMLKKKHLGFBB77CC,20,48.14,住家用,鋼筋混凝土造,94年12月8日,十八層,,
RPTQMLKKKHLGFBB77CC,20,19.26,共有部份,鋼筋混凝土造,94年12月8日,十八層,,
RPVQMLKKKHLGFBB97CC,54,103.95,商業用,鋼筋混凝土加強磚造,61年5月1日,二層,,
RPORMLKKKHLGFBB37CC,32,94.01,住家用,鋼筋混凝土造,82年8月18日,十二層,,
RPORMLKKKHLGFBB37CC,32,11.97,共有部分,鋼筋混凝土造,82年8月18日,十二層,,
RPQNMLKKKHLGFCB27CC,46,92.81,住家用,鋼筋混凝土造,69年6月27日,五層,,
RPSNMLKKKHLGFCB47CC,32,126.04,住家用,鋼筋混凝土造,82年12月4日,八層,,
RPVNMLKKKHLGFCB77CC,30,62.46,住家用,鋼筋混凝土造,84年10月24日,二十五層,,
RPXNMLKKKHLGFCB97CC,34,86.74,住家用,鋼筋混凝土造,80年11月20日,七層,,
RPSNMLKKKHLGFCB47CC,32,37.93,共有部份,鋼筋混凝土造,82年12月4日,八層,,
RPVNMLKKKHLGFCB77CC,30,8.24,共有部份,鋼筋混凝土造,84年10月24日,二十五層,,
RPXNMLKKKHLGFCB97CC,34,25.21,共有部份,鋼筋混凝土造,80年11月20日,七層,,
RPVNMLKKKHLGFCB77CC,30,3.81,共有部份,鋼筋混凝土造,84年10月24日,二十五層,,
RPVNMLKKKHLGFCB77CC,30,.97,共有部份,鋼筋混凝土造,84年10月24日,二十五層,,
RPVNMLKKKHLGFCB77CC,30,11.54,共有部份,鋼筋混凝土造,84年10月24日,二十五層,,
RPTNMLKKKHLGFCB57CC,31,68.61,住家用,鋼筋混凝土造,84年7月14日,十層,,
RPTNMLKKKHLGFCB57CC,31,21.90,共有部份,鋼筋混凝土造,84年7月14日,十層,,
RPPOMLKKKHLGFCB27CC,29,26.63,辦公室,鋼筋混凝土造,85年10月2日,八層,,
RPOOMLKKKHLGFCB17CC,31,49.86,住家用,鋼筋混凝土造,84年4月1日,十五層,,
RPPOMLKKKHLGFCB27CC,29,13.62,共有部份,鋼筋混凝土造,85年10月2日,八層,,
RPOOMLKKKHLGFCB17CC,31,14.98,共有部份,鋼筋混凝土造,84年4月1日,十五層,,
RPWNMLKKKHLGFCB87CC,27,32.91,辦公室,鋼筋混凝土造,87年11月3日,十四層,,
RPWNMLKKKHLGFCB87CC,27,6.70,共有部份,鋼筋混凝土造,87年11月3日,十四層,,
RPWNMLKKKHLGFCB87CC,27,11.62,共有部份,鋼筋混凝土造,87年11月3日,十四層,,
RPUNMLKKKHLGFCB67CC,37,16.60,住家用,鋼筋混凝土造,78年5月24日,五層,,
RPQOMLKKKHLGFCB37CC,19,117.79,住家用,鋼筋混凝土造,95年12月19日,十五層,,
RPROMLKKKHLGFCB47CC,5,63.96,集合住宅,鋼筋混凝土造,109年8月14日,十五層,,
RPUNMLKKKHLGFCB67CC,37,5.40,共有部份,鋼筋混凝土造,78年5月24日,五層,,
RPQOMLKKKHLGFCB37CC,19,47.85,共用,鋼筋混凝土造,95年12月19日,十五層,,
RPROMLKKKHLGFCB47CC,5,44.99,本共有部份係依使用執照之建築概要表記載項目有：防空避難室兼停車空間、車道、安全梯、消防泵浦室、雨水機房、汙水機房、停車空間、台電配電室、廁所、緊急發電機室、垃圾暫存室、電信室、泳池機房、電錶室、梯廳、公共服務空間、盥洗室、游泳池、水池、發電機排風管道等二十項。,鋼筋混凝土造,109年8月14日,十五層,,
RPROMLKKKHLGFCB47CC,5,22.80,本共有部分係依使用執照之建築概要表記載項目有：排煙室兼梯廳、水箱、戶外安全梯、安全梯、昇降設備、梯廳、電梯機房等七項。,鋼筋混凝土造,109年8月14日,十五層,,
RPRNMLKKKHLGFCB37CC,30,19.88,住家用,鋼筋混凝土造,84年11月10日,六層,,
RPRNMLKKKHLGFCB37CC,30,6.07,共有部份,鋼筋混凝土造,84年11月10日,六層,,
RPRNMLKKKHLGFCB37CC,30,1.16,共有部份,鋼筋混凝土造,84年11月10日,六層,,
RPRNMLKKKHLGFCB37CC,30,2.32,共有部份,鋼筋混凝土造,84年11月10日,六層,,
RPSOMLKKKHLGFCB57CC,16,39.61,住家用,鋼筋混凝土造,98年8月13日,二十六層,,
RPSOMLKKKHLGFCB57CC,16,22.27,共有,鋼筋混凝土造,98年8月13日,二十六層,,
RPSOMLKKKHLGFCB57CC,16,15.60,共有,鋼筋混凝土造,98年8月13日,二十六層,,
RPPNMLKKKHLGFDB27CC,29,26.29,住家用,鋼筋混凝土造,86年6月2日,十三層,,
RPPNMLKKKHLGFDB27CC,29,30.60,共有部份,鋼筋混凝土造,86年6月2日,十三層,,
RPPNMLKKKHLGFFB47CC,2,105.64,集合住宅,鋼筋混凝土造,113年8月5日,十五層,,
RPPNMLKKKHLGFFB47CC,2,77.67,停車空間、消防機房、污雨水機房、水箱、排煙室、樓梯間、電梯間、安全梯、防空避難室兼停車空間、資源回收室、台電配電室、發電機房、電信機房、管理委員會使用空間、社區公共設施空間、走廊、門廳、梯廳、車道、戶外安全梯／無障礙樓梯、特別安全梯、機械室等２２項。,鋼筋混凝土造,113年8月5日,十五層,,
RPQNMLKKKHLGFDB37CC,6,40.69,集合住宅,鋼筋混凝土造,108年8月18日,十五層,,
RPSNMLKKKHLGFFB77CC,1,70.84,集合住宅,鋼筋混凝土造,114年6月6日,二十八層,,
RPQNMLKKKHLGFDB37CC,6,57.25,本共有部分之項目有防空避難室兼停車空間、台電配電室、排煙室、昇降機間、樓梯間、梯廳、消防機房、污水機房、水箱、車道、停車空間、景觀機房、電信機房、緊急發電機室、機車停車區、公共服務空間、門廳、垃圾集中室、無障礙廁所、頂蓋型開放空間、水箱錶室、電梯機房、梯間等２３項,鋼筋混凝土造,108年8月18日,十五層,,
RPSNMLKKKHLGFFB77CC,1,19.49,排煙室、昇降機、無障礙安全梯、特別安全梯、無障礙樓梯、梯廳兼排煙室、梯廳、管委會空間、中繼機房、中繼水箱、電梯間、水錶室、樓梯間、電梯機房、機電空間、水箱、安全梯、水箱機房、消防水箱等１９項,鋼筋混凝土造,114年6月6日,二十八層,,
RPSNMLKKKHLGFFB77CC,1,41.19,消防機房、雨水回收機房、車道、機房、水箱、停車空間、進風管道、公共水箱、防空避難室兼停車空間、台電配電室、發電機房、泳池水箱、公共電氣室、機車車道、管委會使用空間、昇降機、大廳、梯廳、警衛室、儲藏室、風除室、排風機房、防災中心、電信室、垃圾暫存室、附屬社區共用空間、附屬共用廚房、機電設備空間、電梯間、設備空間、泳池機房、景觀機房、游泳池、管委會空間、樓電梯間、機電空間、樓梯間等３７項,鋼筋混凝土造,114年6月6日,二十八層,,
RPRNMLKKKHLGFFB67CC,2,58.86,集合住宅,鋼筋混凝土造,112年11月4日,十五層,,
RPUNMLKKKHLGFFB97CC,2,100.78,集合住宅,鋼筋混凝土造,112年11月19日,十五層,,
RPRNMLKKKHLGFFB67CC,2,54.13,防空避難室兼停車空間、排煙室、樓梯間、昇降機間、污水機房兼雨水回收設備機房、消防機房、水箱、車道、停車空間、電信室、緊急發電機室、台電配電室、機車停車區、機房、沿街步道式開放空間（等寬有頂蓋型）、梯廳、門廳、垃圾集中室、管委會使用空間、公設（游泳池）、梯間、安全梯、水錶箱室、電梯機房等２４項,鋼筋混凝土造,112年11月4日,十五層,,
RPTNMLKKKHLGFFB87CC,2,14.35,集合住宅,鋼筋混凝土造,113年5月20日,五層,,
RPQNMLKKKHLGFFB57CC,1,67.67,集合住宅,鋼筋混凝土造,113年11月6日,十五層,,
RPTNMLKKKHLGFFB87CC,2,6.83,停車空間、樓梯間、梯廳、昇降機間、電梯機房等五項,鋼筋混凝土造,113年5月20日,五層,,
RPQNMLKKKHLGFFB57CC,1,43.70,停車空間、防空避難室兼停車空間、管委會空間、梯廳、排煙室、垃圾貯藏室、戶外安全梯,鋼筋混凝土造,113年11月6日,十五層,,
RPQNMLKKKHLGFFB57CC,1,14.99,梯廳、排煙室、樓梯間、水錶室、消防水箱、電梯機房、水箱、戶外安全梯,鋼筋混凝土造,113年11月6日,十五層,,
RPUNMLKKKHLGFFB97CC,2,73.37,防空避難室兼停車空間、排煙室、樓梯間、昇降機間、車道、水箱、污水機房、消防機房、停車空間、機房、緊急發電機室、電信室、台電配電室、機車停車區、門廳、梯廳、公設（閱覽室）、公設（休閒室）、管委會使用空間、走廊、垃圾集中室、門廳兼梯廳、儲藏室、無障礙廁所、梯間、水錶箱室、電梯機房等２７項。,鋼筋混凝土造,112年11月19日,十五層,,
RPUPMLKKKHLGFCB87CC,33,74.99,住家用,鋼筋混凝土造,81年8月7日,十二層,,
RPUPMLKKKHLGFCB87CC,33,32.10,共有部份,鋼筋混凝土造,81年8月7日,十二層,,
RPXOMLKKKHLGFCB08CC,32,104.00,住家用,鋼筋混凝土造,83年6月22日,十三層,,
RPXOMLKKKHLGFCB08CC,32,34.38,共有部份,鋼筋混凝土造,83年6月22日,十三層,,
RPQPMLKKKHLGFCB47CC,32,104.00,住家用,鋼筋混凝土造,83年6月22日,十三層,,
RPQPMLKKKHLGFCB47CC,32,34.25,共有部份,鋼筋混凝土造,83年6月22日,十三層,,
RPRPMLKKKHLGFCB57CC,28,82.79,住家用,鋼筋混凝土造,87年5月27日,九層,,
RPVOMLKKKHLGFCB87CC,12,69.89,住家用,鋼筋混凝土造,102年10月17日,十四層,,
RPRPMLKKKHLGFCB57CC,28,34.32,共有部份,鋼筋混凝土造,87年5月27日,九層,,
RPVOMLKKKHLGFCB87CC,12,30.57,本共有部分之項目有停車空間、污水機房、消防機房、梯廳、樓梯間、排煙室、水箱、電信室、防空避難室兼停車空間、台電配電室、緊急發電機室、人行道、門廳、梯間、外廊、車道、電梯機房、垃圾儲藏室、儲藏室、休閒室、遊戲室、會議室等二十二項。,鋼筋混凝土造,102年10月17日,十四層,,
RPPNMLKKKHLGFGB57CC,29,141.84,住家用,鋼筋混凝土造,86年1月28日,三層,,
RPTPMLKKKHLGFCB77CC,28,85.20,住家用,鋼筋混凝土造,86年11月15日,九層,,
RPSPMLKKKHLGFCB67CC,34,28.53,住家用,鋼筋混凝土造,80年12月18日,八層,,
RPWOMLKKKHLGFCB97CC,27,75.32,住家用,鋼筋混凝土造,88年5月6日,十四層,,
RPQNMLKKKHLGFHB77CC,30,146.85,住家用,鋼筋混凝土造,84年11月20日,四層,,
RPOPMLKKKHLGFCB27CC,30,145.67,住家用,鋼筋混凝土造,85年1月19日,十四層,,
RPTPMLKKKHLGFCB77CC,28,52.77,共有部份,鋼筋混凝土造,86年11月15日,九層,,
RPSPMLKKKHLGFCB67CC,34,7.19,共有部份,鋼筋混凝土造,80年12月18日,八層,,
RPOPMLKKKHLGFCB27CC,30,44.36,共有部份,鋼筋混凝土造,85年1月19日,十四層,,
RPWOMLKKKHLGFCB97CC,27,23.34,共有部份,鋼筋混凝土造,88年5月6日,十四層,,
RPPPMLKKKHLGFCB37CC,44,189.49,住商用,鋼筋混凝土造,71年6月2日,三層,,
RPUOMLKKKHLGFCB77CC,27,16.23,住家用,鋼筋混凝土造,88年5月29日,八層,,
RPUOMLKKKHLGFCB77CC,27,4.71,共有部份,鋼筋混凝土造,88年5月29日,八層,,
RPUOMLKKKHLGFCB77CC,27,5.77,共有部份,鋼筋混凝土造,88年5月29日,八層,,
RPVNMLKKKHLGFIB38CC,4,49.47,集合住宅,鋼筋混凝土造,111年8月5日,二十層,,
RPVNMLKKKHLGFIB38CC,4,35.03,停車空間、梯廳、昇降機、無障礙電梯、樓梯間、車道、機房、雨、污水機械室、消防機械室兼消防中繼機械室、水箱、機械室、公共水箱、泳池機房、水景機房、機房機械室、電信室、發電機房、垃圾貯存空間、台電配電場所、電錶區等２０項。,鋼筋混凝土造,111年8月5日,二十層,,
RPVNMLKKKHLGFIB38CC,4,16.13,管委會使用空間、梯廳、排煙室、緊急昇降機、昇降機、無障礙電梯、防災中心、警衛室、游泳池、樓梯間、水錶室、消防中繼機械室、消防水箱、設備空間、機械室、自來水箱等１６項。,鋼筋混凝土造,111年8月5日,二十層,,
RPWNMLKKKHLGFIB48CC,10,88.87,集合住宅,鋼筋混凝土造,105年1月8日,十五層,,
RPWNMLKKKHLGFIB48CC,10,42.05,本共有部分之項目有梯廳〈排煙室、安全梯〉、緊急昇降機道、機電設備管道、防空避難設備兼停車空間、車道、蓄水池、機械室、發電機室、消防機械室、汙水機房、雨水機房、停車空間、電信室、電表室、台電配電室、受電箱區及水池機房等１７項。,鋼筋混凝土造,105年1月8日,十五層,,
RPSNMLKKKHLGFIB08CC,18,105.27,集合住宅,鋼筋混凝土造,97年7月17日,七層,,
RPSNMLKKKHLGFIB08CC,18,45.48,共有部份,鋼筋混凝土造,97年7月17日,七層,,
RPWNMLKKKHLGFIB48CC,10,25.20,本共有部分之項目有安全梯間、排煙室、緊急昇降機道、梯廳、門廊、垃圾處理室、公共服務空間、車道、機電設備管道、頂蓋型開放空間、管委會使用空間、走廊、梯間、儲藏室、水錶室、機械室、水箱及電梯機房等１８項,鋼筋混凝土造,105年1月8日,十五層,,
RPTOMLKKKHLGFIB28CC,31,99.39,辦公室,鋼筋混凝土造,83年10月11日,八層,,
RPVOMLKKKHLGFIB48CC,3,55.89,集合住宅,鋼筋混凝土造,112年4月24日,十二層,,
RPTOMLKKKHLGFIB28CC,31,49.39,共有部份,鋼筋混凝土造,83年10月11日,八層,,
RPVOMLKKKHLGFIB48CC,3,54.50,法定防空避難室兼停車空間、無障礙安全梯、安全梯、無障礙昇降機、緊急昇降機、排煙室、梯廳、雨．污水機房、水箱、消防機房、車道、停車空間、台電配電室、緊急發電機室、電信室、無障礙戶外安全梯、戶外安全梯、機械室、管委會使用空間（大廳、資源回收室、會議室、社區經理值班室、郵務室）等１９項。,鋼筋混凝土造,112年4月24日,十二層,,
RPQOMLKKKHLGFIB97CC,36,95.36,集合住宅、人行道、店舖,鋼筋混凝土造,78年11月10日,五層,,
RPQOMLKKKHLGFIB97CC,36,10.21,共有部份,鋼筋混凝土造,78年11月10日,五層,,
RPPNMLKKKHLGFJB87CC,,57.63,集合住宅,鋼筋混凝土造,114年9月11日,十三層,,
RPQNMLKKKHLGFJB97CC,47,248.74,倉庫,鋼造,67年12月13日,一層,,
RPPNMLKKKHLGFJB87CC,,61.28,本共有部分之項目有停車空間、車道、水箱、安全梯、昇降機間、緊急昇降機間兼排煙室、機械室、防空避難室兼停車空間、消防機房、雨污水機房、發電機室、台電配電室、電信室、公共服務使用空間、門廳、垃圾處理室、梯廳、戶外安全梯、錶箱室、樓梯間、電梯機械室等２１項,鋼筋混凝土造,114年9月11日,十三層,,
RPUNMLKKKHLGFIB28CC,4,49.80,集合住宅,鋼筋混凝土造,111年8月5日,二十層,,
RPUNMLKKKHLGFIB28CC,4,37.45,停車空間、梯廳、昇降機、無障礙電梯、樓梯間、車道、機房、雨、污水機械室、消防機械室兼消防中繼機械室、水箱、機械室、公共水箱、泳池機房、水景機房、機房機械室、電信室、發電機房、垃圾貯存空間、台電配電場所、電錶區等２０項。,鋼筋混凝土造,111年8月5日,二十層,,
RPUNMLKKKHLGFIB28CC,4,16.45,管委會使用空間、梯廳、排煙室、緊急昇降機、昇降機、無障礙電梯、防災中心、警衛室、游泳池、樓梯間、水錶室、消防中繼機械室、消防水箱、設備空間、機械室、自來水箱等１６項。,鋼筋混凝土造,111年8月5日,二十層,,
RPROMLKKKHLGFIB08CC,10,114.43,集合住宅,鋼筋混凝土造,104年11月2日,十二層,,
RPROMLKKKHLGFIB08CC,10,113.36,本共有部分之項目有停車空間、樓梯間、升降機間、梯廳、緊急發電機室、污水機房、水箱、消防機房、車道、防空避難室兼停車空間、台電配電室、機車停車區、電信室、儲藏室、門廳、垃圾集中處、外廊、沿街步道式開放空間(頂蓋型)、公共服務空間(休閒室、閱讀室、交誼室)、水錶箱室、電梯機房、梯間等２２項。,鋼筋混凝土造,104年11月2日,十二層,,
RPRNMLKKKHLGFHB87CC,36,40.12,住家用,鋼筋混凝土造,79年3月15日,五層,,
RPXNMLKKKHLGFIB58CC,35,85.66,集合住宅,鋼筋混凝土造,79年11月2日,十層,,
RPXNMLKKKHLGFIB58CC,35,20.62,共有部份,鋼筋混凝土造,79年11月2日,十層,,
RPPNMLKKKHLGFIB77CC,52,64.78,住家用,加強磚造,62年10月15日,一層,,
RPRNMLKKKHLGFJB08CC,4,24.07,住宅、停車空間、樓梯間,鋼筋混凝土造,111年1月25日,四層,,
RPSNMLKKKHLGFBB47DC,29,15.86,住宅．機械房,鋼筋混凝土造,86年2月15日,五層,,
RPPNMLKKKHLGFKB97CC,32,85.67,集合住宅,鋼筋混凝土造,82年8月2日,八層,,
RPPNMLKKKHLGFKB97CC,32,27.30,防空避難室、梯間、停車空間、機械室、水箱、蓄水池、社區中心,鋼筋混凝土造,82年8月2日,十層,,
RPVNMLKKKHLGFJB48CC,47,69.58,住家用,加強磚造,68年6月20日,一層,,
RPUNMLKKKHLGFJB38CC,33,79.08,集合住宅,鋼筋混凝土造,81年8月12日,十二層,,
RPUNMLKKKHLGFBB67DC,29,14.87,住宅．機械房,鋼筋混凝土造,86年2月15日,五層,,
RPUNMLKKKHLGFJB38CC,33,28.00,人行道、梯間、避難室、水箱、機械室、停車空間,鋼筋混凝土造,81年8月12日,十二層,,
RPTNMLKKKHLGFJB28CC,35,89.41,集合住宅,鋼筋混凝土造,80年7月10日,五層,,
RPTNMLKKKHLGFJB28CC,35,7.98,共有部份,鋼筋混凝土造,80年7月10日,五層,,
RPSNMLKKKHLGFJB18CC,32,107.97,集合住宅,鋼筋混凝土造,82年12月30日,七層,,
RPTNMLKKKHLGFBB57DC,29,10.92,住宅．機械房,鋼筋混凝土造,86年2月15日,五層,,
RPSNMLKKKHLGFJB18CC,32,21.97,共有部份,鋼筋混凝土造,82年12月30日,七層,,
RPQNMLLKKHLGFAB17CC,43,74.95,集合住宅,鋼筋混凝土造,72年6月23日,五層,,
RPQNMLKKKHLGFJB18EC,34,316.73,辦公室、梯間、單身員工宿舍、廠房,鋼筋混凝土造,81年2月6日,三層,,
RPRNMLLKKHLGFAB27CC,31,23.14,住家用,鋼筋混凝土造,84年1月13日,十九層,,
RPRNMLLKKHLGFAB27CC,31,3.57,共有部分,鋼筋混凝土造,84年1月13日,十九層,,
RPRNMLLKKHLGFAB27CC,31,8.76,梯間．水箱．機械室,鋼筋混凝土造,84年1月13日,十九層,,
RPSNMLLKKHLGFAB37CC,34,20.71,住家用,鋼筋混凝土造,80年12月6日,七層,,
RPSNMLLKKHLGFAB37CC,34,7.08,共有部份,,80年12月6日,七層,,
RPWNMLLKKHLGFAB77CC,1,70.71,集合住宅,鋼筋混凝土造,114年1月21日,二十二層,,
RPWNMLLKKHLGFAB77CC,1,35.00,本共有部分係依使用執照之建築概要表記載項目有：停車空間、機房、水箱、梯廳兼排煙室、安全梯、汙水機房、消防機房、電信室、消防中繼機房、防空避難室兼停車空間、機車停車空間、台電配電室、緊急發電機室、門廳、管委會使用空間、社區中心、污物處理室、梯廳、排煙室、特別安全梯、防災中心、水錶室、中繼消防機房、機械室、梯間、外廊等２６項,鋼筋混凝土造,114年1月21日,二十二層,,
RPTNMLLKKHLGFAB47CC,31,17.33,住家用,鋼筋混凝土造,84年1月13日,十九層,,
RPTNMLLKKHLGFAB47CC,31,2.86,共有部份,鋼筋混凝土造,84年1月13日,十九層,,
RPVNMLLKKHLGFAB67CC,43,70.08,住家用,鋼筋混凝土造,71年9月7日,五層,,
RPOOMLLKKHLGFAB07CC,27,62.81,住家用,鋼筋混凝土造,87年9月30日,十二層,,
RPTNMLLKKHLGFAB47CC,31,6.27,梯間．水箱．機械室,鋼筋混凝土造,84年1月13日,十九層,,
RPOOMLLKKHLGFAB07CC,27,29.75,共有部分,鋼筋混凝土造,87年9月30日,十三層,,
RPVNMLLKKHLGFAB67CC,43,2.70,樓梯間,鋼筋混凝土造,71年9月7日,五層,,
RPVNMLLKKHLGFAB67CC,43,3.91,避難室,鋼筋混凝土造,71年9月7日,五層,,
RPXNMLLKKHLGFAB87CC,31,18.17,住家用,鋼筋混凝土造,83年12月7日,十五層,,
RPXNMLLKKHLGFAB87CC,31,8.38,共有部分,鋼筋混凝土造,83年12月7日,十五層,,
RPQNMLLKKHLGFBB27CC,19,46.59,住家用,鋼筋混凝土造,95年12月25日,十四層,,
RPQNMLLKKHLGFBB27CC,19,11.77,共有部分,鋼筋混凝土造,95年12月25日,十四層,,
RPSNMLLKKHLGFBB47CC,48,90.86,住家用,鋼筋混凝土造,67年7月6日,五層,,
RPQNMLLKKHLGFBB27CC,19,7.24,共有部分,鋼筋混凝土造,95年12月25日,十四層,,
RPQOMLLKKHLGFAB27CC,30,23.67,集合住宅　,鋼骨鋼筋混凝土造,85年5月20日,十九層,,
RPQOMLLKKHLGFAB27CC,30,4.39,共同使用,鋼骨鋼筋混凝土造,85年5月20日,十九層,,
RPQOMLLKKHLGFAB27CC,30,6.02,共同使用,鋼骨鋼筋混凝土造,85年5月20日,十九層,,
RPWOMLLKKHLGFAB87CC,39,105.73,住家用,鋼筋混凝土造,76年5月12日,五層,,
RPWOMLLKKHLGFAB87CC,39,26.60,共有部分,鋼筋混凝土造,76年5月12日,五層,,
RPXNMLLKKHLGFBB97CC,40,106.14,住家用,鋼筋混凝土造,75年5月21日,七層,,
RPUOMLLKKHLGFAB67CC,49,42.00,住家用,鋼筋混凝土造,66年6月25日,六層,,
RPPOMLLKKHLGFAB17CC,29,25.30,住家用,鋼骨造,86年1月31日,二十八層,,
RPUNMLLKKHLGFBB67CC,41,66.83,住家用,鋼筋混凝土造,73年10月18日,五層,,
RPPOMLLKKHLGFAB17CC,29,.92,共同使用,鋼骨造,86年1月31日,二十八層,,
RPUNMLLKKHLGFBB67CC,41,2.34,共有部分,鋼筋混凝土造,73年10月18日,五層,,
RPPOMLLKKHLGFAB17CC,29,7.99,公共設施,鋼骨造,86年1月31日,二十八層,,
RPPOMLLKKHLGFAB17CC,29,3.57,共有部分,鋼骨造,86年1月31日,二十八層,,
RPSOMLLKKHLGFAB47CC,19,79.47,集合住宅,鋼筋混凝土造,95年10月26日,三十二層,,
RPSOMLLKKHLGFAB47CC,20,13.43,共用,鋼筋混凝土造,95年6月22日,三十二層,,
RPSPMLLKKHLGFAB57CC,21,143.34,集合住宅,鋼筋混凝土造,94年1月10日,五層,,
RPSOMLLKKHLGFAB47CC,19,33.30,共用,鋼筋混凝土造,95年10月26日,三十二層,,
RPSPMLLKKHLGFAB57CC,21,36.14,共用,鋼筋混凝土造,94年1月10日,五層,,
RPRNMLLKKHLGFBB37CC,44,84.83,住家用,鋼筋混凝土造,70年12月31日,五層,,
RPTOMLLKKHLGFAB57CC,33,93.36,住家用,鋼筋混凝土造,81年11月20日,十四層,,
RPTOMLLKKHLGFAB57CC,33,9.41,共有部分,鋼筋混凝土造,81年11月20日,十四層,,
RPVOMLLKKHLGFAB77CC,34,27.38,住家用,鋼筋混凝土造,80年11月18日,十二層,,
RPOPMLLKKHLGFAB17CC,29,61.68,集合住宅,鋼筋混凝土造,85年8月29日,十四層,,
RPOPMLLKKHLGFAB17CC,29,27.46,共同使用,鋼筋混凝土造,85年8月29日,十四層,,
RPVOMLLKKHLGFAB77CC,34,5.91,共有部分,鋼筋混凝土造,80年11月18日,十二層,,
RPOPMLLKKHLGFAB17CC,29,17.38,共同使用,鋼筋混凝土造,85年8月29日,十四層,,
RPROMLLKKHLGFAB37CC,43,27.10,住家用,鋼筋混凝土造,72年3月1日,七層,,
RPROMLLKKHLGFAB37CC,43,4.40,共有部份,鋼筋混凝土造,72年3月1日,七層,,
RPTNMLLKKHLGFBB57CC,29,26.21,住家用,鋼筋混凝土造,85年10月21日,七層,,
RPPPMLLKKHLGFAB27CC,38,72.42,住家用,鋼筋混凝土造,76年11月30日,七層,,
RPTNMLLKKHLGFBB57CC,29,.01,共有部分,鋼筋混凝土造,85年10月21日,七層,,
RPPPMLLKKHLGFAB27CC,38,6.29,共有部分,鋼筋混凝土造,76年11月30日,七層,,
RPTNMLLKKHLGFBB57CC,29,14.29,共有部分,鋼筋混凝土造,85年10月21日,七層,,
RPPPMLLKKHLGFAB27CC,38,10.93,共有部分,鋼筋混凝土造,76年11月30日,七層,,
RPWNMLLKKHLGFBB87CC,38,74.90,住家用,鋼筋混凝土造,77年6月17日,五層,,
RPWNMLLKKHLGFBB87CC,38,1.05,共有部分,鋼筋混凝土造,77年6月17日,五層,,
RPVNMLLKKHLGFBB77CC,1,103.33,集合住宅,鋼筋混凝土造,114年6月6日,十五層,,
RPVNMLLKKHLGFBB77CC,1,86.81,本共有部分係依使用執照之建築概要表記載項目有：防空避難室兼停車空間，排煙室，樓梯間，一般昇降機，緊急昇降機，污水處理機房，消防機房，機房，水箱，車道，停車空間，垃圾集中室，緊急發電機室，台電配電室，受電箱空間，電信室，機車停車區，電錶空間，梯廳，門廳，管委會使用空間，更衣室，機械室，梯間，水錶箱室，消防水箱室，電梯機房等２７項,鋼筋混凝土造,114年6月6日,十五層,,
RPVNMLLKKHLGFBB77CC,1,19.23,本共有部分係依使用執照之建築概要表記載項目有：梯廳，排煙室，樓梯間，一般昇降機，緊急昇降機等５項,鋼筋混凝土造,114年6月6日,十五層,,
RPVPMLLKKHLGFAB87CC,,75.70,,,,,,
RPVPMLLKKHLGFAB87CC,2,7.74,集合住宅,鋼筋混凝土造,112年10月2日,十五層,,
RPVPMLLKKHLGFAB87CC,2,10.55,本共有部分係依使用執照之建築概要表記載項目有：門廳，梯廳，公共服務空間，資源環保室，車道，排煙室，緊急昇降機，昇降機，戶外安全梯，水錶室，水箱，機械室等１２項,鋼筋混凝土造,112年10月2日,十五層,,
RPVPMLLKKHLGFAB87CC,2,15.57,本共有部分係依使用執照之建築概要表記載項目有：梯廳，排煙室，緊急昇降機，昇降機，戶外安全梯，管委會使用空間等６項,鋼筋混凝土造,112年10月2日,十五層,,
RPVPMLLKKHLGFAB87CC,2,43.65,本共有部分係依使用執照之建築概要表記載項目有：停車空間，消防機房，污水機房，水箱，排煙室，緊急昇降機，昇降機，無障礙安全梯，防空避難室兼停車空間，台電配電室，緊急發電機房，電信室，景觀機房等１３項,鋼筋混凝土造,112年10月2日,十五層,,
RPQOMLLKKHLGFBB37CC,32,96.78,住家用,鋼筋混凝土造,82年12月14日,十三層,,
RPQOMLLKKHLGFBB37CC,32,11.77,共有部分,鋼筋混凝土造,82年12月14日,十三層,,
RPPQMLLKKHLGFBB47CC,46,78.68,集合住宅,鋼筋混凝土造,68年8月13日,五層,,
RPVPMLLKKHLGFBB97CC,30,21.00,住家用,鋼筋混凝土造,85年7月16日,十四層,,
RPQPMLLKKHLGFBB47CC,30,21.00,住家用,鋼筋混凝土造,85年7月16日,十四層,,
RPVPMLLKKHLGFBB97CC,30,12.44,共有部份,鋼筋混凝土造,85年7月16日,十四層,,
RPQPMLLKKHLGFBB47CC,30,12.44,共有部份,鋼筋混凝土造,85年7月16日,十四層,,
RPSQMLLKKHLGFBB77CC,40,94.78,住家用,鋼筋混凝土造,75年1月13日,五層,,
RPOQMLLKKHLGFBB37CC,31,20.94,住家用,鋼筋混凝土造,84年5月26日,十六層,,
RPOQMLLKKHLGFBB37CC,31,6.22,共有部份,鋼筋混凝土造,84年5月26日,十六層,,
RPSQMLLKKHLGFBB77CC,40,7.29,共有部份,鋼筋混凝土造,75年1月13日,五層,,
RPUPMLLKKHLGFBB87CC,30,24.48,住家用,鋼筋混凝土造,84年11月24日,二十四層,,
RPOQMLLKKHLGFBB37CC,31,6.48,共有部份,鋼筋混凝土造,84年5月26日,十六層,,
RPTOMLLKKHLGFBB67CC,7,38.07,集合住宅,鋼筋混凝土造,107年9月14日,十五層,,
RPUPMLLKKHLGFBB87CC,30,15.76,防空避難室，停車空間，門廳，樓梯間，機械室，水箱,鋼筋混凝土造,84年11月24日,二十四層,,
RPOQMLLKKHLGFBB37CC,31,.00,共有部份,鋼筋混凝土造,84年5月26日,十六層,,
RPSPMLLKKHLGFBB67CC,48,195.17,住商用,鋼筋混凝土造,67年4月6日,三層,,
RPRPMLLKKHLGFBB57CC,30,19.50,住家用,鋼筋混凝土造,85年7月16日,十四層,,
RPTOMLLKKHLGFBB67CC,7,44.35,本共有部分係依使用執照之建築概要表記載項目有：停車空間，樓梯間，昇降機間，消防機房，污水機房，防空避難室兼停車空間，頂蓋型開放空間，外廊，台電配電室，緊急發電機室，電信室，車道，梯廳兼門廳，管委會空間，資源回收室，機車停車區，水箱，排煙室，水景機房，水錶箱室，電梯機房，門廳，梯廳，梯間等２４項。,鋼筋混凝土造,107年9月14日,十五層,,
RPTPMLLKKHLGFBB77CC,30,22.25,住家用,鋼筋混凝土造,85年6月1日,十三層,,
RPOQMLLKKHLGFBB37CC,31,.19,共有部份,鋼筋混凝土造,84年5月26日,十六層,,
RPRPMLLKKHLGFBB57CC,30,11.56,共有部份,鋼筋混凝土造,85年7月16日,十四層,,
RPTPMLLKKHLGFBB77CC,30,8.36,共有部分,鋼筋混凝土造,85年6月1日,十三層,,
RPOQMLLKKHLGFBB37CC,31,.00,共有部份,鋼筋混凝土造,84年5月26日,十六層,,
RPRQMLLKKHLGFBB67CC,30,24.12,住家用,鋼筋混凝土造,85年7月16日,十四層,,
RPRQMLLKKHLGFBB67CC,30,14.52,共有部份,鋼筋混凝土造,85年7月16日,十四層,,
RPWOMLLKKHLGFBB97CC,30,21.00,住家用,鋼筋混凝土造,85年7月16日,十四層,,
RPWOMLLKKHLGFBB97CC,30,12.44,共有部份,鋼筋混凝土造,85年7月16日,十四層,,
RPPPMLLKKHLGFBB37CC,30,21.00,住家用,鋼筋混凝土造,85年7月16日,十四層,,
RPPPMLLKKHLGFBB37CC,30,12.44,共有部份,鋼筋混凝土造,85年7月16日,十四層,,
RPTQMLLKKHLGFBB87CC,30,18.33,住家用,鋼筋混凝土造,85年7月16日,十四層,,
RPTQMLLKKHLGFBB87CC,30,10.37,共有部分,鋼筋混凝土造,85年7月16日,十四層,,
RPOPMLLKKHLGFBB27CC,5,62.24,集合住宅,鋼筋混凝土造,109年8月20日,十五層,,
RPUQMLLKKHLGFBB97CC,4,44.20,集合住宅,鋼筋混凝土造,110年10月20日,二十二層,,
RPWPMLLKKHLGFBB08CC,42,79.17,集合住宅,鋼筋混凝土造,72年11月25日,七層,,
RPOPMLLKKHLGFBB27CC,5,54.73,本共有部分係依使用執照之建築概要表記載項目有：防空避難室兼停車空間，樓梯間，昇降機間，水箱，消防機房，排煙室，雨水機房，停車空間，梯廳，電信室，台電配電室，電錶室，車道，機械室，門廳，頂蓋型開放空間，走廊，水錶箱室，公共服務空間，資源回收中心，電梯機房，發電機房等２２項,鋼筋混凝土造,109年8月20日,十五層,,
RPUQMLLKKHLGFBB97CC,4,39.21,本共有部份係依使用執照之建築概要表記載項目有：防空避難室兼停車空間，消防機械室，揚水泵機房，雨污水機房，安全梯，機械室，停車空間，水箱，消防中繼機房，電信室，發電機室，景觀機房，廁所，垃圾儲藏室，台電配電室，電錶區，受電箱區，機車道，門廳，防災中心，管委會使用空間，車道等２２項,鋼筋混凝土造,110年10月20日,二十二層,,
RPUQMLLKKHLGFBB97CC,4,18.58,本共有部份係依使用執照之建築概要表記載項目有：水箱，揚水泵機房，緊急昇降機間排煙室，緊急昇降機，一般昇降機，特別安全梯，排煙室，梯廳，電梯間，噴灌機房，機房，安全梯，消防中繼機房，消防中繼水箱，自來水箱，機械室，消防水箱等１７項,鋼筋混凝土造,110年10月20日,二十二層,,
RPXPMLLKKHLGFBB18CC,31,20.94,住家用,鋼筋混凝土造,84年5月26日,十六層,,
RPVOMLLKKHLGFBB87CC,44,77.71,住家用,鋼筋混凝土造,71年2月26日,五層,,
RPXPMLLKKHLGFBB18CC,31,6.22,共有部份,鋼筋混凝土造,84年5月26日,十六層,,
RPXPMLLKKHLGFBB18CC,31,6.48,共有部份,鋼筋混凝土造,84年5月26日,十六層,,
RPXPMLLKKHLGFBB18CC,31,.00,共有部份,鋼筋混凝土造,84年5月26日,十六層,,
RPXPMLLKKHLGFBB18CC,31,.19,共有部份,鋼筋混凝土造,84年5月26日,十六層,,
RPXPMLLKKHLGFBB18CC,31,.00,共有部份,鋼筋混凝土造,84年5月26日,十六層,,
RPPNMLLKKHLGFCB27CC,41,81.84,住家用,鋼筋混凝土造,74年3月7日,五層,,
RPTNMLLKKHLGFCB67CC,44,89.14,住家用,鋼筋混凝土造,71年7月5日,五層,,
RPPNMLLKKHLGFCB27CC,41,3.58,共有部份,鋼筋混凝土造,74年3月7日,五層,,
RPVQMLLKKHLGFBB08CC,20,142.62,人行道，店舖，辦公室,鋼筋混凝土造,95年4月13日,十四層,,
RPVQMLLKKHLGFBB08CC,20,56.50,共有部分,鋼筋混凝土造,95年4月13日,十四層,,
RPWNMLLKKHLGFCB97CC,43,122.14,住商用,加強磚造,71年9月21日,二層,,
RPXNMLLKKHLGFCB08CC,19,294.64,人行道、停車空間、店舖、住宅,鋼筋混凝土造,95年12月22日,五層,,
RPQOMLLKKHLGFCB47CC,1,35.02,集合住宅,鋼筋混凝土造,114年5月15日,十二層,,
RPRNMLLKKHLGFCB47CC,31,133.18,住家用,鋼筋混凝土造,84年1月16日,十七層,,
RPQOMLLKKHLGFCB47CC,1,27.96,本共有部分係依使用執照之建築物概要表記載項目有：停車空間、汽車昇降機、機械室、消防幫浦室、梯廳、安全梯、昇降機間、防空避難室、電信室、台電配電場所、緊急發電機室、人行道、門廳、走道、管理委員會（會議室）、管理委員會（辦公室）、機房、樓梯間、電梯機房、水箱、蓄水池等２１項。,鋼筋混凝土造,114年5月15日,十二層,,
RPRNMLLKKHLGFCB47CC,31,61.97,共有部份,鋼筋混凝土造,84年1月16日,十七層,,
RPPOMLLKKHLGFCB37CC,51,61.60,住家用,加強磚造,64年8月6日,二層,,
RPQNMLLKKHLGFCB37CC,33,21.45,住家用,鋼筋混凝土造,82年2月13日,十二層,,
RPQNMLLKKHLGFCB37CC,33,2.98,共有部份,鋼筋混凝土造,82年2月13日,十六層,,
RPPNMLLKKHLGFDB37CC,12,23.69,人行道、店舖、住宅、樓梯間,鋼筋混凝土造,102年10月9日,四層,,
RPQNMLLKKHLGFCB37CC,33,3.45,共有部份,鋼筋混凝土造,82年2月13日,十六層,,
RPVNMLLKKHLGFCB87CC,32,19.30,住家用,鋼筋混凝土造,82年10月14日,十二層,,
RPVNMLLKKHLGFCB87CC,32,8.98,共有部份,鋼筋混凝土造,82年10月14日,十二層,,
RPOOMLLKKHLGFCB27CC,31,13.47,住家用,鋼筋混凝土造,83年9月8日,十三層,,
RPOOMLLKKHLGFCB27CC,31,7.17,共有部份,鋼筋混凝土造,83年9月8日,十三層,,
RPRNMLLKKHLGFFB77CC,5,9.22,集合住宅,鋼筋混凝土造,109年8月25日,五層,,
RPRNMLLKKHLGFFB77CC,5,5.11,梯廳、安全梯、升降機、管道間、走廊、安全梯間、升降機機械室、水箱、停車空間、電信室、消防機室、發電機室、台電配電室、安全梯Ａ,鋼筋混凝土造,109年8月25日,五層,,
RPQNMLLKKHLGFFB67CC,5,9.22,集合住宅,鋼筋混凝土造,109年8月25日,五層,,
RPQNMLLKKHLGFFB67CC,5,5.11,梯廳、安全梯、升降機、管道間、走廊、安全梯間、升降機機械室、水箱、停車空間、電信室、消防機室、發電機室、台電配電室、安全梯Ａ,鋼筋混凝土造,109年8月25日,五層,,
RPPNMLLKKHLGFFB57CC,1,52.41,集合住宅,鋼筋混凝土造,114年7月30日,十四層,,
RPPNMLLKKHLGFFB57CC,1,55.75,停車空間兼防空避難室、排煙室、樓梯間、一般昇降機、緊急昇降機、水箱、污水機房、消防機房、車道、停車空間、緊急發電機室、台電配電室、電信室、機車停車區、無障礙樓梯、戶外安全梯、梯廳、門廳、垃圾集中室、公共服務空間、梯間、水錶箱室、電梯機房等２３項,鋼筋混凝土造,114年7月30日,十四層,,
RPTOMLLKKHLGFCB77CC,3,37.21,集合住宅,鋼筋混凝土造,112年3月15日,十三層,,
RPXOMLLKKHLGFCB18CC,2,64.22,集合住宅,鋼筋混凝土造,113年7月4日,二十四層,,
RPUOMLLKKHLGFCB87CC,40,86.87,住家用,鋼筋混凝土造,75年4月4日,五層,,
RPTOMLLKKHLGFCB77CC,3,22.25,本共有部份係依使用執照之建築概要表記載項目有：水箱、停車空間兼防空避難室、排煙室、安全梯、昇降機、消防機房、雨水污水機房、停車空間、機械室、台電配電室、緊急發電機室、電信室、管委會使用空間、排煙室兼梯廳、車道、戶外安全梯、梯廳、管道間、水表室、消防水箱、電梯機械室等二十一項。,鋼筋混凝土造,112年3月15日,十三層,,
RPUOMLLKKHLGFCB87CC,40,10.49,共有部份,鋼筋混凝土造,75年4月4日,五層,,
RPXOMLLKKHLGFCB18CC,2,61.74,本共有部分係依使用執照之建築概要表記載項目有：防空避難室兼停車空間、排煙室、樓梯間、一般昇降機、緊急昇降機、污水機房、消防機房、水箱、車道、停車空間、緊急發電機室、防災中心、台電配電室、消防中繼機房、電信機房、機房、機車停車區、梯廳、梯間、廁所、電梯機房、垃圾集中室、公共服務空間、無障礙廁所等二十四項。,鋼筋混凝土造,113年7月4日,二十四層,,
RPUNMLLKKHLGFFB08CC,5,9.22,集合住宅,鋼筋混凝土造,109年8月25日,五層,,
RPWOMLLKKHLGFCB08CC,19,55.47,住家用,鋼筋混凝土造,95年11月24日,十四層,,
RPUNMLLKKHLGFFB08CC,5,5.11,梯廳、安全梯、升降機、管道間、走廊、安全梯間、升降機機械室、水箱、停車空間、電信室、消防機室、發電機室、台電配電室、安全梯Ａ,鋼筋混凝土造,109年8月25日,五層,,
RPWOMLLKKHLGFCB08CC,19,24.89,共用,鋼筋混凝土造,95年11月24日,十四層,,
RPROMLLKKHLGFCB57CC,30,26.44,住家用,鋼筋混凝土造,85年5月27日,十九層,,
RPPPMLLKKHLGFCB47CC,2,55.64,集合住宅,鋼筋混凝土造,113年7月4日,二十四層,,
RPVOMLLKKHLGFCB97CC,30,13.87,住家用,鋼筋混凝土造,84年11月10日,六層,,
RPROMLLKKHLGFCB57CC,30,9.03,共有部份,鋼筋混凝土造,85年5月27日,十九層,,
RPPPMLLKKHLGFCB47CC,2,28.23,本共有部分係依使用執照之建築概要表記載項目有：防空避難室兼停車空間、排煙室、樓梯間、一般昇降機、緊急昇降機、污水機房、消防機房、水箱、車道、停車空間、緊急發電機室、防災中心、台電配電室、消防中繼機房、電信機房、機房、機車停車區、梯廳、梯間、廁所、電梯機房、垃圾集中室、公共服務空間、無障礙廁所等二十四項。,鋼筋混凝土造,113年7月4日,二十四層,,
RPVOMLLKKHLGFCB97CC,30,4.80,共有部份,鋼筋混凝土造,84年11月10日,六層,,
RPROMLLKKHLGFCB57CC,30,.74,共有部份,鋼筋混凝土造,85年5月27日,十九層,,
RPVOMLLKKHLGFCB97CC,30,.84,共有部份,鋼筋混凝土造,84年11月10日,六層,,
RPVOMLLKKHLGFCB97CC,30,1.67,共有部份,鋼筋混凝土造,84年11月10日,六層,,
RPOOMLLKKHLGFFB57CC,3,62.56,集合住宅,鋼筋混凝土造,111年9月20日,五層,,
RPPOMLLKKHLGFFB67CC,25,185.31,住宅、梯間,鋼筋混凝土造,90年5月14日,三層,,
RPOOMLLKKHLGFFB57CC,3,14.99,停車空間、發電機室、電信室、集中電錶室、梯廳、樓梯間、電梯間、電梯機房等８項,鋼筋混凝土造,111年9月20日,五層,,
RPTNMLLKKHLGFFB97CC,5,9.22,集合住宅,鋼筋混凝土造,109年8月25日,五層,,
RPTNMLLKKHLGFFB97CC,5,5.11,梯廳、安全梯、升降機、管道間、走廊、安全梯間、升降機機械室、水箱、停車空間、電信室、消防機室、發電機室、台電配電室、安全梯Ａ,鋼筋混凝土造,109年8月25日,五層,,
RPXNMLLKKHLGFFB38CC,1,56.77,集合住宅,鋼筋混凝土造,114年3月10日,十五層,,
RPOPMLLKKHLGFCB37CC,32,18.49,住家用,鋼筋混凝土造,83年3月16日,七層,,
RPOPMLLKKHLGFCB37CC,32,10.08,共有部份,鋼筋混凝土造,83年3月16日,七層,,
RPXNMLLKKHLGFFB38CC,1,51.91,停車空間、車道、消防機房、水箱、汙水機房、排煙室、安全梯、緊急昇降機、行動不便電梯、雨水機房、防空避難室兼停車空間、台電配電場所、發電機房、電信室、儲藏室、梯廳、垃圾儲存空間、戶外安全梯、公共服務空間、管委會使用空間、外廊、梯間、機房、電梯機房等２４項。,鋼筋混凝土造,114年3月10日,十五層,,
RPVNMLLKKHLGFFB18CC,19,155.90,住宅、停車場﹝塔、空間﹞、樓梯間,鋼筋混凝土造,95年10月25日,三層,,
RPQOMLLKKHLGFFB77CC,1,49.90,集合住宅,鋼筋混凝土造,114年6月6日,二十八層,,
RPQOMLLKKHLGFFB77CC,1,13.53,排煙室、昇降機、無障礙安全梯、特別安全梯、無障礙樓梯、梯廳兼排煙室、梯廳、管委會空間、中繼機房、中繼水箱、電梯間、水錶室、樓梯間、電梯機房、機電空間、水箱、安全梯、水箱機房、消防水箱等１９項,鋼筋混凝土造,114年6月6日,二十八層,,
RPSNMLLKKHLGFFB87CC,5,9.22,集合住宅,鋼筋混凝土造,109年8月25日,五層,,
RPQOMLLKKHLGFFB77CC,1,11.57,消防機房、雨水回收機房、車道、機房、水箱、停車空間、進風管道、公共水箱、防空避難室兼停車空間、台電配電室、發電機房、泳池水箱、公共電氣室、機車車道、管委會使用空間、昇降機、大廳、梯廳、警衛室、儲藏室、風除室、排風機房、防災中心、電信室、垃圾暫存室、附屬社區共用空間、附屬共用廚房、機電設備空間、電梯間、設備空間、泳池機房、景觀機房、游泳池、管委會空間、樓電梯間、機電空間、樓梯間等３７項,鋼筋混凝土造,114年6月6日,二十八層,,
RPSNMLLKKHLGFFB87CC,5,5.11,梯廳、安全梯、升降機、管道間、走廊、安全梯間、升降機機械室、水箱、停車空間、電信室、消防機室、發電機室、台電配電室、安全梯Ａ,鋼筋混凝土造,109年8月25日,五層,,
RPSOMLLKKHLGFFB97CC,52,109.67,住商用,加強磚造、磨石地床、水泥平頂,62年12月29日,二層,,
RPPNMLLKKHLGFGB67CC,4,86.34,集合住宅,鋼筋混凝土造,111年3月16日,10,,
RPPNMLLKKHLGFGB67CC,4,63.40,發電及消防機房、電信室、台電配電室、梯廳、安全梯間、昇降機道、清水池、防空避難室兼停車空間、人行道、管理委員會使用空間、門廳、外廊、樓梯間、電梯間、機房、水箱等,鋼筋混凝土造,111年3月16日,10,,
RPROMLLKKHLGFFB87CC,3,111.66,集合住宅,鋼筋混凝土造,111年10月6日,十五層,,
RPROMLLKKHLGFFB87CC,3,22.00,消防機房、機房、水箱、雨水機房、污水機房、安全梯、排風管道、電信室、防空避難室兼停車空間、台電配電室、發電機房、管委會使用空間、水景機房、泳池機房、游泳池、梯廳、風除室、外廊、大廳、警衛室等２０項,鋼筋混凝土造,111年10月6日,十五層,,
RPROMLLKKHLGFFB87CC,3,32.26,排煙室、升降機、緊急升降機兼無障礙升降機、通風管道、特別安全梯、梯廳、梯廳兼排煙室、走道、電梯機房、水錶室、消防水箱、自來水箱等１２項,鋼筋混凝土造,111年10月6日,十五層,,
RPROMLLKKHLGFFB87CC,3,65.41,停車空間、防空避難室兼停車空間等２項,鋼筋混凝土造,111年10月6日,十五層,,
RPUOMLLKKHLGFFB18CC,4,78.33,集合住宅,鋼筋混凝土造,111年7月29日,七層,,
RPUOMLLKKHLGFFB18CC,4,65.50,停車空間、昇降機間、消防機房、汙水機房、水箱、車道、防空避難室兼停車空間、機車停車區、電信機房、受電箱區、水錶箱室、機房、台電配電室、緊急發電室、垃圾集中室、門廳、梯廳、外廊、公共服務空間、梯間、電梯機房、樓梯間等２２項,鋼筋混凝土造,111年7月29日,七層,,
RPPNMLLKKHLGFHB77CC,31,93.34,住家用,鋼筋混凝土造,84年1月17日,十二層,,
RPPNMLLKKHLGFHB77CC,31,17.25,共有部份,鋼筋混凝土造,84年1月17日,十二層,,
RPWNMLLKKHLGFIB58CC,17,23.09,集合住宅,ＲＣ造、鋼骨造,98年1月20日,十三層,,
RPQNMLLKKHLGFHB87CC,17,191.09,住宅、店舖,鋼筋混凝土造,97年11月23日,三層,,
RPSOMLLKKHLGFIB28CC,41,92.44,集合住宅,鋼筋混凝土造,73年11月5日,五層,,
RPVNMLLKKHLGFIB48CC,26,17.84,集合住宅,鋼筋混凝土造,88年9月10日,五層,,
RPSNMLLKKHLGFJB28CC,47,106.08,住家用,加強磚造,68年6月10日,二層,,
RPVNMLLKKHLGFIB48CC,26,9.81,防空避難室．機械室．水箱．店舖．台電配電室．梯間．門廳．管理中心．會客室,鋼筋混凝土造,88年9月10日,五層,,
RPROMLLKKHLGFIB18CC,8,16.25,集合住宅,鋼筋混凝土造,107年1月19日,五層,,
RPROMLLKKHLGFIB18CC,8,5.41,本共有部分之項目有防空避難室兼停車空間、電信室、水箱、台電配電室、安全梯、昇降機間、消防機房及發電機室、管道間、樓梯間、水箱間等１０項,鋼筋混凝土造,107年1月19日,五層,,
RPTOMLLKKHLGFFB08CC,1,71.09,集合住宅,鋼筋混凝土造,114年6月6日,二十八層,,
RPROMLLKKHLGFIB18CC,8,7.57,本共有部分之項目有防空避難室兼停車空間、昇降機間、安全梯、陽台、汽車昇降機道、管理委員會使用空間、共用梯廳等７項。,鋼筋混凝土造,107年1月19日,五層,,
RPTOMLLKKHLGFFB08CC,1,19.24,排煙室、昇降機、無障礙安全梯、特別安全梯、無障礙樓梯、梯廳兼排煙室、梯廳、管委會空間、中繼機房、中繼水箱、電梯間、水錶室、樓梯間、電梯機房、機電空間、水箱、安全梯、水箱機房、消防水箱等１９項,鋼筋混凝土造,114年6月6日,二十八層,,
RPTOMLLKKHLGFFB08CC,1,41.19,消防機房、雨水回收機房、車道、機房、水箱、停車空間、進風管道、公共水箱、防空避難室兼停車空間、台電配電室、發電機房、泳池水箱、公共電氣室、機車車道、管委會使用空間、昇降機、大廳、梯廳、警衛室、儲藏室、風除室、排風機房、防災中心、電信室、垃圾暫存室、附屬社區共用空間、附屬共用廚房、機電設備空間、電梯間、設備空間、泳池機房、景觀機房、游泳池、管委會空間、樓電梯間、機電空間、樓梯間等３７項,鋼筋混凝土造,114年6月6日,二十八層,,
RPSNMLLKKHLGFAB47DC,29,14.66,共同使用,鋼筋混凝土造,85年8月29日,十四層,,
RPSNMLLKKHLGFAB47DC,29,25.27,集合住宅,鋼筋混凝土造,85年8月29日,十四層,,
RPTNMLLKKHLGFJB38CC,33,70.66,店舖、人行道、集合住宅,加強磚造,81年12月1日,五層,,
RPPNMLLKKHLGFJB97CC,18,9.09,辦公室,鋼筋混凝土造,97年7月7日,四層,,
RPTNMLLKKHLGFJB38CC,33,7.11,共有部份,鋼筋混凝土造,81年12月1日,五層,,
RPPNMLLKKHLGFJB97CC,18,5.53,緊急發電機、台電受電室、機械室、人行道、梯間、消防幫泵室、水箱,鋼筋混凝土造,97年7月7日,四層,,
RPXNMLLKKHLGFIB68CC,44,112.05,集合住宅,鋼筋混凝土造,71年2月5日,五層,,
RPRNMLLKKHLGFAB37DC,30,145.75,集合住宅,鋼筋混凝土造,85年3月12日,二十層,,
RPXNMLLKKHLGFIB68CC,44,6.81,共有部份,鋼筋混凝土造,71年2月5日,五層,,
RPUNMLLKKHLGFJB48CC,44,132.48,廠房、倉庫、辦公室、廚餐、浴廁,鋼筋混凝土造,70年8月1日,三層,,
RPRNMLLKKHLGFAB37DC,30,73.79,停車空間，防空避難室，人行道，門廳，社區圖書室，樓梯間，機械室，水箱,鋼筋混凝土造,85年3月12日,二十層,,
RPRNMLLKKHLGFJB18CC,,55.31,集合住宅,鋼筋混凝土造,114年9月11日,十三層,,
RPPNMLLKKHLGFKB08CC,1,55.35,集合住宅,鋼筋混凝土造,114年4月2日,七層,,
RPRNMLLKKHLGFJB18CC,,60.09,本共有部分之項目有停車空間、車道、水箱、安全梯、昇降機間、緊急昇降機間兼排煙室、機械室、防空避難室兼停車空間、消防機房、雨污水機房、發電機室、台電配電室、電信室、公共服務使用空間、門廳、垃圾處理室、梯廳、戶外安全梯、錶箱室、樓梯間、電梯機械室等２１項,鋼筋混凝土造,114年9月11日,十三層,,
RPPNMLLKKHLGFKB08CC,1,41.45,防空避難室兼停車空間、梯廳、梯間、消防機械室兼發電機室、雨汙水機室、水箱、電信室、管委會服務空間、公共服務空間、機車停車空間、台電配電室、受電箱區、樓梯間、水錶室、機械室,鋼筋混凝土造,114年4月2日,七層,,
RPRNMLMKKHLGFAB37CC,32,26.88,住家用,鋼筋混凝土造,83年3月22日,十二層,,
RPRNMLMKKHLGFAB37CC,32,7.93,避難室．人行道．水箱．梯間．機械室．受電室,鋼筋混凝土造,83年3月22日,十二層,,
RPPNMLLKKHLGFCB37DC,10,245.79,集合住宅,鋼骨鋼筋混凝土造,105年1月27日,三十五層,,
RPPNMLLKKHLGFCB37DC,10,52.68,本共有部分係依使用執照之建築物概要表記載項目有：管委會使用空間、門廳、防災中心、有頂蓋開放空間、排煙室、樓梯間、行動不便電梯、緊急升降機電梯、電梯、車道、水箱、梯廳、機械室、消防中繼機房、電梯機房等１５項,鋼骨鋼筋混凝土造,105年1月27日,三十五層,,
RPPNMLLKKHLGFCB37DC,10,103.11,本共有部分係依使用執照之建築物概要表記載項目有：停車空間、消防機房、污水機房、機械室、車道、排煙室、樓梯間、行動不便電梯、水箱、緊急升降機電梯、電梯、防空避難室兼停車空間、梯廳、電錶室、台電配電室、發電機房、垃圾集中室、電信室、受電箱室等１９項,鋼骨鋼筋混凝土造,105年1月27日,三十五層,,
RPSNMLMKKHLGFAB47CC,29,70.65,集合住宅,鋼筋混凝土造,85年10月5日,十八層,,
RPSNMLMKKHLGFAB47CC,29,12.92,共同使用,鋼筋混凝土造,85年10月5日,十八層,,
RPSNMLMKKHLGFAB47CC,29,9.21,共同使用,鋼筋混凝土造,85年10月5日,十八層,,
RPRNMLMKKHLGFBB47CC,17,51.90,住家用,鋼筋混凝土造,98年8月5日,十八層,,
RPRNMLMKKHLGFBB47CC,17,7.46,共有部份,鋼筋混凝土造,98年8月5日,十八層,,
RPRNMLMKKHLGFBB47CC,17,13.49,共有部份,鋼筋混凝土造,98年8月5日,十八層,,
RPQNMLMKKHLGFBB37CC,26,91.88,集合住宅,鋼筋混凝土造,88年11月1日,十四層,,
RPQOMLMKKHLGFAB37CC,10,88.54,集合住宅,鋼筋混凝土造,104年10月30日,十層,,
RPQNMLMKKHLGFBB37CC,26,31.26,共有部分,鋼筋混凝土造,88年11月1日,十四層,,
RPQNMLMKKHLGFBB37CC,26,15.17,共有部分,鋼筋混凝土造,88年11月1日,十四層,,
RPQOMLMKKHLGFAB37CC,10,77.20,本共有部份係依使用執照之建築概要表記載項目有：防空避難室兼停車空間、停車空間、水箱、污水機房、發電機房、消防機房、安全梯、梯廳、車道、昇降機、台電配電室、電信室、機車區、電錶箱區、外廊、公共服務空間、宅配室、機械室、垃圾處理室、廊道、梯間共２１項。,鋼筋混凝土造,104年10月30日,十層,,
RPQNMLMKKHLGFBB37CC,26,.00,共有部分,鋼筋混凝土造,88年11月1日,十四層,,
RPTPMLMKKHLGFAB77CC,31,21.36,集合住宅,鋼筋混凝土造,84年6月13日,五層,,
RPTPMLMKKHLGFAB77CC,31,7.95,停車空間、樓梯間、機械室、水塔,鋼筋混凝土造,84年6月13日,五層,,
RPPPMLMKKHLGFAB37CC,9,79.01,店舖,鋼筋混凝土造,105年12月15日,一層,,
RPUNMLMKKHLGFAB67CC,19,82.44,集合住宅,鋼筋混凝土造,95年12月22日,十五層,,
RPUNMLMKKHLGFAB67CC,19,17.39,共用部分,鋼筋混凝土造,95年12月22日,十五層,,
RPUNMLMKKHLGFAB67CC,19,26.41,共用部分,鋼筋混凝土造,95年12月22日,十五層,,
RPRPMLMKKHLGFAB57CC,31,23.56,住家用,鋼筋混凝土造,84年1月13日,十九層,,
RPRPMLMKKHLGFAB57CC,31,3.96,共有部份,鋼筋混凝土造,84年1月13日,十九層,,
RPVOMLMKKHLGFAB87CC,7,74.76,集合住宅,鋼筋混凝土造,108年3月25日,十二層,,
RPRPMLMKKHLGFAB57CC,31,8.68,梯間．水箱．機械室,鋼筋混凝土造,84年1月13日,十九層,,
RPVOMLMKKHLGFAB87CC,7,72.81,本共有部份係依使用執照之建築概要表記載項目有：防空避難室兼停車空間、一般安全梯、一般昇降機、緊急昇降機、汙水機房、消防機房、水箱、車道、梯廳（排煙室）、機電設備、停車空間、機車停車空間、台電配電室、發電機室、電信室、公共服務空間、管委會使用空間、梯廳、垃圾儲藏室、排煙室、戶外安全梯、走廊、水錶室、梯間、機械室等２５項。,鋼筋混凝土造,108年3月25日,十二層,,
RPWNMLMKKHLGFAB87CC,32,45.08,住家用,鋼筋混凝土造,82年11月2日,十六層,,
RPSNMLMKKHLGFBB57CC,45,66.39,住家用,鋼筋混凝土造,69年12月1日,五層,,
RPWNMLMKKHLGFAB87CC,32,19.18,管理員辦公室、防空避難室、廣告塔、人行道、停車空間、交誼廳、水塔、機械房、梯間,鋼筋混凝土造,82年11月2日,十六層,,
RPUOMLMKKHLGFAB77CC,11,62.65,集合住宅,鋼筋混凝土造,104年4月13日,十五層,,
RPUOMLMKKHLGFAB77CC,11,43.11,本共有部份係依使用執照之建築概要表記載項目有：防空避難室兼停車空間、設備空間、梯間、梯廳、排煙室、發電機室、消防機房、機電設備、戶外安全梯、停車空間、台電配電室、電信室、門廳、水箱、安全梯、緊急升降機、一般升降機、垃圾暫存室、走廊、管委會使用空間（集會室）、機房等２１項。,鋼筋混凝土造,104年4月13日,十五層,,
RPVNMLMKKHLGFAB77CC,19,112.94,集合住宅,鋼筋混凝土造,95年12月22日,十五層,,
RPVNMLMKKHLGFAB77CC,19,23.82,共用部分,鋼筋混凝土造,95年12月22日,十五層,,
RPTOMLMKKHLGFAB67CC,44,20.21,商業用,鋼筋混凝土造,70年12月29日,十二層,,
RPVNMLMKKHLGFAB77CC,19,42.19,共用部分,鋼筋混凝土造,95年12月22日,十五層,,
RPTOMLMKKHLGFAB67CC,44,6.08,共有部份,鋼筋混凝土造,70年12月29日,十二層,,
RPWOMLMKKHLGFAB97CC,1,83.05,集合住宅,鋼筋混凝土造,114年6月20日,十五層,,
RPTNMLMKKHLGFAB57CC,32,23.31,住家用,鋼筋混凝土造,83年3月22日,十二層,,
RPWOMLMKKHLGFAB97CC,1,68.23,本共有部分係依使用執照之建築概要表記載項目有：停車空間兼防空避難室、排煙室、樓梯間、一般昇降機、緊急昇降機、雨水機房、消防機房、機房、水箱、車道、停車空間、景觀機房、緊急發電機室、台電配電室、電信室、梯廳、門廳、垃圾集中室、管委會空間、梯間、水錶箱室、電梯機房等２２項,鋼筋混凝土造,114年6月20日,十五層,,
RPTNMLMKKHLGFAB57CC,32,7.24,避難室．人行道．水箱．梯間．機械室．受電室,鋼筋混凝土造,83年3月22日,十二層,,
RPTNMLMKKHLGFBB67CC,40,63.86,商業用,鋼筋混凝土造,75年5月15日,七層,,
RPTNMLMKKHLGFBB67CC,40,16.75,共有部分,鋼筋混凝土造,75年5月15日,七層,,
RPQPMLMKKHLGFAB47CC,45,28.09,住商用,鋼筋混凝土造,70年6月12日,三層,,
RPXOMLMKKHLGFAB08CC,32,19.78,住家用,鋼筋混凝土造,83年6月6日,八層,,
RPXOMLMKKHLGFAB08CC,32,10.16,防空避難室．停車空間．水箱．樓梯間．機械室．人行道,鋼筋混凝土造,83年6月6日,八層,,
RPUNMLMKKHLGFBB77CC,43,96.69,住家用,鋼筋混凝土造,72年4月20日,五層,,
RPUNMLMKKHLGFBB77CC,43,3.70,共有部分,鋼筋混凝土造,72年4月20日,五層,,
RPUNMLMKKHLGFBB77CC,43,2.86,共有部分,鋼筋混凝土造,72年4月20日,五層,,
RPWNMLMKKHLGFBB97CC,21,101.76,住家用,ＲＣ造,93年11月10日,二十層,,
RPWNMLMKKHLGFBB97CC,21,67.02,共有部分,ＲＣ造,93年11月10日,二十層,,
RPXNMLMKKHLGFBB08CC,18,59.17,住家用,鋼筋混凝土造,96年12月31日,十四層,,
RPXNMLMKKHLGFBB08CC,18,47.82,共有部分,鋼筋混凝土造,96年12月31日,十四層,,
RPQOMLMKKHLGFBB47CC,4,83.07,集合住宅,鋼筋混凝土造,111年7月28日,二十四層,,
RPQOMLMKKHLGFBB47CC,4,73.58,本共有部份係依使用執照之建築概要表記載項目有：防空避難室兼停車空間，排煙室，樓梯間，緊急昇降機，一般昇降機，污、雨水機械室，消防機械室，水箱，車道，停車空間，機電空間，電信室，緊急發電機室、台電配電室，防災中心，消防中繼機房，機械室，電錶區，水箱室，機車停車區，門廳，廁所，管委會使用空間，走廊，垃圾集中室，公共服務空間，頂蓋型開放空間，儲藏室，信箱室，宅配室，中繼水塔，梯間，梯廳，電梯機房，水錶箱室等３５項．,鋼筋混凝土造,111年7月28日,二十四層,,
RPPOMLMKKHLGFBB37CC,11,90.11,集合住宅,鋼筋混凝土造,104年4月23日,二十二層,,
RPPOMLMKKHLGFBB37CC,11,45.61,本共有部分係依使用執照之建築概要表記載項目有：停車空間，消防機房，污水處理機房，水箱，排煙室，梯廳，昇降機間，樓梯間，電信室，緊急發電機室，防空避難室兼停車空間，台電配電室，機車停車區等１３項,鋼筋混凝土造,104年4月23日,二十二層,,
RPPOMLMKKHLGFBB37CC,11,21.36,本共有部分係依使用執照之建築概要表記載項目有：人行道，門廳，公共服務空間，排煙室，梯廳，外廊，樓梯間，昇降機間，垃圾集中室，走廊，中繼機房，梯間，電梯機房，水錶箱室，水箱等１５項,鋼筋混凝土造,104年4月23日,二十二層,,
RPWOMLMKKHLGFBB08CC,4,278.19,住宅、店舖、梯間,鋼筋混凝土造,111年3月4日,三層,,
RPROMLMKKHLGFBB57CC,36,21.00,住家用,鋼筋混凝土造,79年3月24日,五層,,
RPRPMLMKKHLGFBB67CC,33,19.83,商業用,鋼骨混凝土造,82年1月12日,二十六層,,
RPXOMLMKKHLGFBB18CC,33,80.64,住家用,鋼筋混凝土造,82年5月18日,八層,,
RPXOMLMKKHLGFBB18CC,33,27.48,共有部分,鋼筋混凝土造,82年5月18日,八層,,
RPSPMLMKKHLGFBB77CC,33,33.06,商業用,鋼骨混凝土造,82年1月12日,二十六層,,
RPUPMLMKKHLGFBB97CC,7,39.42,集合住宅,鋼筋混凝土造,107年11月30日,十五層,,
RPUPMLMKKHLGFBB97CC,7,36.22,本共有部分係依使用執照之建築概要表記載項目有：停車空間，一般安全梯，排煙室，緊急用昇降機，消防機房，污水機房，昇降機，水箱，機房，電信機房，防空避難室兼停車空間，台電配電室，緊急發電機室，戶外安全梯，管理員室，管委會使用空間，環保資源室，梯廳，梯間，機械室，水錶室等２１項,鋼筋混凝土造,107年11月30日,十五層,,
RPQNMLMKKHLGFCB47CC,3,44.58,集合住宅,鋼筋混凝土造,111年11月24日,九層,,
RPQNMLMKKHLGFCB47CC,3,58.67,本共有部分係依使用執照之建築物概要表記載項目有：防空避難室兼停車空間、排煙室、樓梯間、一般昇降機、緊急昇降機、雨水污水處理機房、消防機房、水箱、車道、停車空間、緊急發電機室、台電配電室、電信室、自行車停車區、門廳、社區家教教室、梯廳、管委會空間、無障礙廁所、垃圾集中室、水錶箱室、露天機電設備、電梯機房等２３項。,鋼筋混凝土造,111年11月24日,九層,,
RPVPMLMKKHLGFBB08CC,53,78.40,住家用,鋼筋混凝土加強磚造,62年5月7日,二層,,
RPPNMLMKKHLGFCB37CC,33,105.10,住家用,鋼筋混凝土造,81年8月10日,七層,,
RPOQMLMKKHLGFBB47CC,4,91.64,集合住宅,鋼筋混凝土造,111年1月22日,十四層,,
RPPNMLMKKHLGFCB37CC,33,42.75,共有部份,鋼筋混凝土造,81年8月10日,七層,,
RPOQMLMKKHLGFBB47CC,4,70.93,本共有部分係依使用執照之建築概要表記載項目有：防空避難室兼停車空間，排煙室，樓梯間，昇降機間，水箱，消防機房，汙水機房，車道，停車空間，電信室，緊急發電機室，台電配電室，門廳，梯廳，管委會使用空間，垃圾集中室，梯間，水錶箱室，電梯機房等１９項。,鋼筋混凝土造,111年1月22日,十五層,,
RPTNMLMKKHLGFCB77CC,30,75.99,店舖,鋼筋混凝土造,85年6月15日,十二層,,
RPTNMLMKKHLGFCB77CC,30,49.80,共有部份,鋼筋混凝土造,85年6月15日,十二層,,
RPWPMLMKKHLGFBB18CC,30,21.00,住家用,鋼筋混凝土造,84年11月24日,二十四層,,
RPWPMLMKKHLGFBB18CC,30,11.57,防空避難室，停車空間，門廳，樓梯間，機械室，水箱,鋼筋混凝土造,84年11月24日,二十四層,,
RPSNMLMKKHLGFCB67CC,16,39.61,住家用,鋼筋混凝土造,98年8月13日,二十六層,,
RPRNMLMKKHLGFCB57CC,16,147.62,住家用,鋼筋混凝土造,98年9月4日,十五層,,
RPSNMLMKKHLGFCB67CC,16,3.28,共有,鋼筋混凝土造,98年8月13日,二十六層,,
RPRNMLMKKHLGFCB57CC,16,83.76,共有,鋼筋混凝土造,98年9月4日,十五層,,
RPSNMLMKKHLGFCB67CC,16,15.60,共有,鋼筋混凝土造,98年8月13日,二十六層,,
RPVNMLMKKHLGFCB97CC,1,57.14,集合住宅,鋼骨鋼筋混凝土造、鋼筋混凝土造,114年6月18日,三十一層,,
RPUNMLMKKHLGFCB87CC,28,107.88,住家用,鋼筋混凝土造,86年10月20日,十四層,,
RPVNMLMKKHLGFCB97CC,1,62.81,本共有部分係依使用執照之建築物概要表記載項目有：停車空間、梯廳、梯廳（排煙室）、樓梯間、管道間、水箱、車道、無障礙樓梯間、緊急昇降機電梯、無障礙電梯、消防機房、雨污水機房、機車停車空間、電信室、防空避難室兼停車空間、防空避難室兼機車停車空間、垃圾集中室（管委會使用空間）、台電配電室、發電機室、中繼機房、電錶區、台電通道、受電箱區、管委會使用空間、防災中心、電梯、機械室、水錶室、消防中繼機房、電梯機房、子母水箱等３１項。,鋼骨鋼筋混凝土造、鋼筋混凝土造,114年6月18日,三十一層,,
RPUNMLMKKHLGFCB87CC,28,59.54,共有部份,鋼筋混凝土造,86年10月20日,十四層,,
RPWNMLMKKHLGFCB08CC,16,45.25,住家用,鋼筋混凝土造,98年8月13日,二十六層,,
RPWNMLMKKHLGFCB08CC,16,3.80,共有,鋼筋混凝土造,98年8月13日,二十六層,,
RPWNMLMKKHLGFCB08CC,16,17.80,共有,鋼筋混凝土造,98年8月13日,二十六層,,
RPQNMLMKKHLGFDB57CC,2,19.83,集合住宅,鋼筋混凝土造,112年8月29日,七層,,
RPQNMLMKKHLGFDB57CC,2,7.70,本共有部分之項目有門廳、管委會使用空間、走廊、外廊、機電設備空間、電信室、廁所、安全梯、電梯、梯廳、樓梯間、電梯間、機械室、水塔等十四項。,鋼筋混凝土造,112年8月29日,七層,,
RPVNMLMKKHLGFDB08CC,36,26.45,避難室、店舖、住宅、梯間,鋼筋混凝土造,79年1月17日,六層,,
RPPOMLMKKHLGFDB57CC,36,26.45,避難室、店舖、住宅、梯間,鋼筋混凝土造,79年1月17日,六層,,
RPSNMLMKKHLGFDB77CC,36,20.83,避難室、店舖、住宅、梯間,鋼筋混凝土造,79年1月17日,六層,,
RPPNMLMKKHLGFFB67CC,1,52.48,集合住宅,鋼筋混凝土造,113年12月19日,十二層,,
RPPNMLMKKHLGFFB67CC,1,38.84,法定防空避難室兼停車空間、梯廳、一般昇降機、一般安全梯、車道、台電配電室、電信室、發電機室、消防機械室、污水機房、水箱、管委會使用空間、公共服務空間、機車停車空間、戶外安全梯、樓梯間、水錶室、電梯機房等１８項。,鋼筋混凝土造,113年12月19日,十二層,,
RPWNMLMKKHLGFDB18CC,36,23.21,避難室、店舖、住宅、梯間,鋼筋混凝土造,79年1月17日,六層,,
RPRNMLMKKHLGFFB87CC,20,227.99,住宅、停車空間,鋼筋混凝土造,94年10月21日,四層,,
RPSNMLMKKHLGFFB97CC,3,64.56,集合住宅,鋼筋混凝土造,111年12月29日,十五層,,
RPSNMLMKKHLGFFB97CC,3,49.15,消防機房、污雨水機房、車道、停車空間、水箱、樓梯間、梯廳、昇降機間、發電機室、台電配電室、電信機房、防空避難室兼停車空間、管委會使用空間、社區娛樂室、排煙室、資源回收室、門廳、走廊、機械式、消防水箱等２０項,鋼筋混凝土造,111年12月29日,十五層,,
RPQNMLMKKHLGFEB67CC,30,90.36,住家用,鋼筋混凝土造,84年12月12日,十二層,,
RPQNMLMKKHLGFEB67CC,30,21.46,共有部份,鋼筋混凝土造,84年12月12日,十二層,,
RPUNMLMKKHLGFFB18CC,1,70.33,集合住宅,鋼筋混凝土造,113年12月16日,二十四層,,
RPPNMLMKKHLGFEB57CC,30,104.62,商業用,鋼筋混凝土造,85年4月29日,七層,,
RPVOMLMKKHLGFCB08CC,3,16.16,人行步道、店鋪、停車空間、樓梯間、機房、住宅,鋼筋混凝土造,111年10月6日,五層,,
RPUNMLMKKHLGFFB18CC,1,59.72,防空避難室兼停車空間、排煙室、水箱、一般昇降機、消防機械室、汙雨水機械室、安全梯、緊急昇降機、車道、停車空間、台電配電室、機械室、發電機室、泳池機械室、電表區、消防中繼水箱、消防中繼機房、電信室、梯廳、門廳、垃圾暫存空間、管委會使用空間、機車停車區、特別安全梯、防災中心、走廊、水錶室、電梯機房等２８項。,鋼筋混凝土造,113年12月16日,二十四層,,
RPPNMLMKKHLGFEB57CC,30,16.79,共有部份,鋼筋混凝土造,85年4月29日,七層,,
RPTNMLMKKHLGFFB08CC,1,70.84,集合住宅,鋼筋混凝土造,114年6月6日,二十八層,,
RPTNMLMKKHLGFFB08CC,1,19.18,排煙室、昇降機、無障礙安全梯、特別安全梯、無障礙樓梯、梯廳兼排煙室、梯廳、管委會空間、中繼機房、中繼水箱、電梯間、水錶室、樓梯間、電梯機房、機電空間、水箱、安全梯、水箱機房、消防水箱等１９項,鋼筋混凝土造,114年6月6日,二十八層,,
RPTNMLMKKHLGFFB08CC,1,41.19,消防機房、雨水回收機房、車道、機房、水箱、停車空間、進風管道、公共水箱、防空避難室兼停車空間、台電配電室、發電機房、泳池水箱、公共電氣室、機車車道、管委會使用空間、昇降機、大廳、梯廳、警衛室、儲藏室、風除室、排風機房、防災中心、電信室、垃圾暫存室、附屬社區共用空間、附屬共用廚房、機電設備空間、電梯間、設備空間、泳池機房、景觀機房、游泳池、管委會空間、樓電梯間、機電空間、樓梯間等３７項,鋼筋混凝土造,114年6月6日,二十八層,,
RPROMLMKKHLGFCB67CC,29,88.77,住家用,鋼筋混凝土造,86年6月27日,九層,,
RPSOMLMKKHLGFCB77CC,4,27.96,寄宿舍,鋼筋混凝土造,111年7月28日,七層,,
RPTOMLMKKHLGFCB87CC,4,20.90,寄宿舍,鋼筋混凝土造,111年7月28日,七層,,
RPROMLMKKHLGFCB67CC,29,24.40,共有部份,鋼筋混凝土造,86年6月27日,九層,,
RPSOMLMKKHLGFCB77CC,4,19.06,本共有部分係依使用執照之建築概要表記載項目有：防空避難室兼停車空間、台電配電室、消防及發電機房、電信室、水箱、樓梯間、無障礙昇降機、梯廳、辦公室、管委會使用空間、親子廁所、無障礙廁所、資源回收空間、機房、機房＋管道間、走廊、車道、管道間等十八項。,鋼筋混凝土造,111年7月28日,七層,,
RPROMLMKKHLGFCB67CC,29,10.17,共有部份,鋼筋混凝土造,86年6月27日,九層,,
RPTOMLMKKHLGFCB87CC,4,14.24,本共有部分係依使用執照之建築概要表記載項目有：防空避難室兼停車空間、台電配電室、消防及發電機房、電信室、水箱、樓梯間、無障礙昇降機、梯廳、辦公室、管委會使用空間、親子廁所、無障礙廁所、資源回收空間、機房、機房＋管道間、走廊、車道、管道間等十八項。,鋼筋混凝土造,111年7月28日,七層,,
RPROMLMKKHLGFCB67CC,29,12.92,共有部份,鋼筋混凝土造,86年6月27日,九層,,
RPVNMLMKKHLGFFB28CC,1,69.28,集合住宅,鋼筋混凝土造,113年12月16日,二十四層,,
RPVNMLMKKHLGFFB28CC,1,59.17,防空避難室兼停車空間、排煙室、水箱、一般昇降機、消防機械室、汙雨水機械室、安全梯、緊急昇降機、車道、停車空間、台電配電室、機械室、發電機室、泳池機械室、電表區、消防中繼水箱、消防中繼機房、電信室、梯廳、門廳、垃圾暫存空間、管委會使用空間、機車停車區、特別安全梯、防災中心、走廊、水錶室、電梯機房等２８項。,鋼筋混凝土造,113年12月16日,二十四層,,
RPWNMLMKKHLGFFB38CC,8,74.02,集合住宅,鋼筋混凝土造,106年9月5日,十五層,,
RPWNMLMKKHLGFFB38CC,8,9.62,管委會使用空間〔蒸氣室，更衣室，交誼室兼閱讀室，兒童遊戲室，健身房，管理中心，儲藏室〕，廁所，門廳，儲藏室，通廊，信箱間，前廳〔風除室〕，門廊，管委會使用空間〔垃圾儲藏室〕，防空避難室兼停車空間，車道，游泳池機房，機房，垃圾車暫停車位，電信室，排風機房，機車停車空間，水箱機房，進風機房，發電機機房，公共水箱，消防泵浦室，雨水及汙水機房,鋼筋混凝土造,106年9月5日,十五層,,
RPWNMLMKKHLGFFB38CC,8,.96,乙梯安全梯﹝無障礙樓梯﹞、台電配電室、電錶區、受電箱,鋼筋混凝土造,106年9月5日,十五層,,
RPWNMLMKKHLGFFB38CC,8,19.99,排煙室、梯廳兼排煙室、特別安全梯、特別安全梯〈無障礙樓梯〉、樓梯間、水錶室、排煙機房、消防水箱、電梯機房、水箱機房、管道間,鋼筋混凝土造,106年9月5日,十五層,,
RPWNMLMKKHLGFFB38CC,8,34.35,防空避難室兼停車空間、車道、停車空間,鋼筋混凝土造,106年9月5日,十五層,,
RPOOMLMKKHLGFFB67CC,21,99.90,住家用,鋼筋混凝土造,93年9月9日,八層,,
RPOOMLMKKHLGFFB67CC,21,43.95,樓梯間、機械室、水箱、防空避難室兼停車空間,鋼筋混凝土造,93年9月9日,八層,,
RPPNMLMKKHLGFHB87CC,31,105.54,住家用,鋼筋混凝土造,83年8月12日,十四層,,
RPPNMLMKKHLGFHB87CC,31,.00,共有部份,鋼筋混凝土造,83年8月12日,十四層,,
RPPNMLMKKHLGFHB87CC,31,19.39,共有部份,鋼筋混凝土造,83年8月12日,十四層,,
RPQNMLMKKHLGFHB97CC,4,64.14,集合住宅,鋼筋混凝土造,111年1月13日,九層,,
RPQNMLMKKHLGFHB97CC,4,30.65,本共有部分之項目有消防兼發電機房、台電配電室、機房、水箱、防空避難室兼停車空間、樓梯間、電梯間、共同梯廳、機械室等９項,鋼筋混凝土造,111年1月13日,九層,,
RPQOMLMKKHLGFFB87CC,2,185.94,住宅、停車空間,鋼筋混凝土造,113年1月3日,四層,,
RPPNMLMKKHLGFIB97CC,3,72.33,集合住宅,鋼筋混凝土造,111年11月9日,十二層,,
RPSNMLMKKHLGFHB18CC,31,112.30,住家用,鋼筋混凝土造,84年1月17日,十二層,,
RPSNMLMKKHLGFHB18CC,31,16.17,共有部份,鋼筋混凝土造,84年1月17日,十二層,,
RPWNMLMKKHLGFIB68CC,12,18.33,集合住宅、機電設備空間,鋼筋混凝土造,103年3月17日,十層,,
RPSNMLMKKHLGFIB28CC,5,67.22,集合住宅,鋼筋混凝土造,110年6月21日,十四層,,
RPWNMLMKKHLGFIB68CC,12,10.88,共有部分,鋼筋混凝土造,103年3月17日,十層,,
RPSNMLMKKHLGFIB28CC,5,72.30,停車空間、雨水機房、消防機房、水箱、梯廳、排煙室、緊急昇降機、無障礙昇降機、樓梯間、電信機房、發電機房、防空避難室兼停車空間、台電配電場所、垃圾儲存空間、水景／噴灌機房、管委會使用空間、過廊、污水機房、電梯機房及一般昇降機等２０項。,鋼筋混凝土造,110年6月21日,十四層,,
RPVNMLMKKHLGFIB58CC,3,69.39,集合住宅,鋼筋混凝土造,111年11月9日,十二層,,
RPTNMLMKKHLGFIB38CC,3,56.07,集合住宅,鋼筋混凝土造,111年11月9日,十二層,,
RPROMLMKKHLGFIB28CC,12,19.18,集合住宅、機電設備空間,鋼筋混凝土造,103年3月17日,十層,,
RPTNMLMKKHLGFIB38CC,3,47.63,停車空間、機械室、水箱、梯廳、升降機間、安全梯、防空避難室兼停車空間、台電配電室、發電機室等９項。,鋼筋混凝土造,111年11月9日,十二層,,
RPPNMLMKKHLGFJB08CC,2,54.59,集合住宅,鋼筋混凝土造,113年7月1日,十五層,,
RPROMLMKKHLGFIB28CC,12,11.05,共有部分,鋼筋混凝土造,103年3月17日,十層,,
RPPNMLMKKHLGFJB08CC,2,58.37,本共有部分之項目有防空避難室兼停車空間、消防機房、雨汙水機房、水箱、緊急昇降機間兼排煙室、室內安全梯、車道、停車空間、電信機房、室內安全梯、緊急發電機室、台電配電室、電錶室、景觀泳池機房、變電室、機械室、管委會空間、走廊、梯廳、垃圾貯存空間、公共服務空間、游泳池、門廳、戶外安全梯、水錶室等、電梯機房等２６項,鋼筋混凝土造,113年7月1日,十五層,,
RPXNMLMKKHLGFIB78CC,12,18.33,集合住宅、機電設備空間,鋼筋混凝土造,103年3月17日,十層,,
RPXNMLMKKHLGFIB78CC,12,10.88,共有部分,鋼筋混凝土造,103年3月17日,十層,,
RPUNMLMKKHLGFIB48CC,3,56.07,集合住宅,鋼筋混凝土造,111年11月9日,十二層,,
RPOOMLMKKHLGFIB97CC,12,18.56,集合住宅,鋼筋混凝土造,103年3月17日,十層,,
RPOOMLMKKHLGFIB97CC,12,10.79,共有部分,鋼筋混凝土造,103年3月17日,十層,,
RPQOMLMKKHLGFIB18CC,12,19.18,集合住宅、機電設備空間,鋼筋混凝土造,103年3月17日,十層,,
RPSOMLMKKHLGFIB38CC,12,19.18,集合住宅、機電設備空間,鋼筋混凝土造,103年3月17日,十層,,
RPQOMLMKKHLGFIB18CC,12,11.05,共有部分,鋼筋混凝土造,103年3月17日,十層,,
RPSOMLMKKHLGFIB38CC,12,11.05,共有部分,鋼筋混凝土造,103年3月17日,十層,,
RPQNMLMKKHLGFJB18CC,13,90.44,集合住宅,鋼筋混凝土造,102年7月18日,十四層,,
RPUOMLMKKHLGFIB58CC,12,18.33,集合住宅、機電設備空間,鋼筋混凝土造,103年3月17日,十層,,
RPUOMLMKKHLGFIB58CC,12,10.97,共有部分,鋼筋混凝土造,103年3月17日,十層,,
RPQNMLMKKHLGFJB18CC,13,71.87,共有部分（停車空間、樓梯間、昇降機間、污水機房、消防機房、梯廳、車道、電信室、水箱、防空避難室兼停車空間、緊急發電機室、台電配電室、垃圾集中處、受電箱室、機房、門廳、門廊、基地內通路、開放空間、公共服務空間、環保室、機車停車區、游泳池、電梯機房）,鋼筋混凝土造,102年7月18日,十四層,,
RPRNMLMKKHLGFJB28CC,34,112.24,人行道、店住宅,鋼筋混凝土造,80年12月5日,五層,,
RPRNMLMKKHLGFJB28CC,34,18.53,共用部份,鋼筋混凝土造,80年12月5日,五層,,
RPQNMLMKKHLGFKB28CC,12,60.00,住宅、停車空間,鋼筋混凝土造,102年10月17日,四層,,
RPVNMLMKKHLGFKB78CC,38,11.00,住家用,鋼筋混凝土造,77年5月20日,四層,,
RPSNMLMKKHLGFKB48CC,38,15.00,住家用,鋼筋混凝土造,76年12月12日,五層,,
RPUNMLMKKHLGFKB68CC,38,15.00,住家用,鋼筋混凝土造,77年5月20日,四層,,
RPTNMLMKKHLGFKB58CC,38,13.32,住家用,鋼筋混凝土造,77年5月20日,四層,,
RPPNMLMKKHLGFCB47DC,3,37.21,集合住宅,鋼筋混凝土造,112年3月15日,十三層,,
RPPNMLMKKHLGFCB47DC,3,22.25,本共有部份係依使用執照之建築概要表記載項目有：水箱、停車空間兼防空避難室、排煙室、安全梯、昇降機、消防機房、雨水污水機房、停車空間、機械室、台電配電室、緊急發電機室、電信室、管委會使用空間、排煙室兼梯廳、車道、戶外安全梯、梯廳、管道間、水表室、消防水箱、電梯機械室等二十一項。,鋼筋混凝土造,112年3月15日,十三層,,
RPWNMLMKKHLGFKB88CC,38,13.22,住家用,鋼筋混凝土造,77年5月20日,四層,,
RPXNMLMKKHLGFKB98CC,39,159.84,農業用,鋼造,75年11月30日,一層,,
RPRNMLNKKHLGFAB47CC,43,45.93,辦公室,鋼筋混凝土造,72年4月18日,十二層,,
RPXNMLNKKHLGFAB08CC,31,27.07,集合住宅,鋼筋混凝土造,84年7月6日,十二層,,
RPXNMLNKKHLGFAB08CC,31,5.83,防空避難室、停車空間、人行道、梯間、機械房、水箱,鋼筋混凝土造,84年7月6日,十二層,,
RPTNMLMKKHLGFJB48CC,12,28.24,人行道、店舖、住宅、停車空間、梯間,鋼筋混凝土造,102年11月13日,四層,,
RPVOMLNKKHLGFAB97CC,6,59.52,集合住宅,鋼筋混凝土造,109年7月14日,十二層,,
RPPNMLNKKHLGFBB37CC,31,21.79,住家用,鋼筋混凝土造,84年4月12日,十二層,,
RPPNMLNKKHLGFBB37CC,31,8.46,共有部分,鋼筋混凝土造,84年4月12日,十二層,,
RPVOMLNKKHLGFAB97CC,6,60.34,本共有部份係依使用執照之建築概要表記載項目有：人行道、梯廳、管委會空間、乙梯(安全梯、行動不便樓梯)、排煙室、一般昇降機(行動不便電梯)、緊急昇降機、甲梯(安全梯)、車道、六米基地內通路、停車空間、防空避難室兼停車空間、甲梯、台電配電室、電信室、電錶室、消防機房、水箱、緊急發電機室、樓梯間、水錶室、機械室等２２項。,鋼筋混凝土造,109年7月14日,十二層,,
RPQNMLNKKHLGFBB47CC,22,113.86,住家用,ＲＣ造,93年3月22日,八層,,
RPQNMLNKKHLGFBB47CC,22,33.98,共有部份,ＲＣ造,93年3月22日,八層,,
RPRNMLNKKHLGFBB57CC,27,40.93,住家用,鋼筋混凝土造,88年6月24日,十二層,,
RPTOMLNKKHLGFAB77CC,35,91.42,商業用,鋼筋混凝土造,79年11月28日,十二層,,
RPRNMLNKKHLGFBB57CC,27,10.89,共有部份,鋼筋混凝土造,88年6月24日,十二層,,
RPTOMLNKKHLGFAB77CC,35,26.65,避難室，梯間，人行道，配電室，水塔，機械房,鋼筋混凝土造,79年11月28日,十二層,,
RPUOMLNKKHLGFAB87CC,45,73.12,集合住宅,鋼筋混凝土造,70年5月12日,四層,,
RPROMLNKKHLGFAB57CC,37,19.60,住家用,鋼筋混凝土造,78年6月9日,七層,,
RPROMLNKKHLGFAB57CC,37,7.46,人行道，梯間，機械房，水箱，配電室，走道,,78年6月9日,七層,,
RPTNMLNKKHLGFAB67CC,33,76.50,住家用,鋼筋混凝土造,82年6月10日,五層,,
RPTNMLNKKHLGFAB67CC,33,21.17,共有部份,鋼筋混凝土造,82年6月10日,五層,,
RPRNMLNKKHLGFBB57CC,27,4.36,共有部份,鋼筋混凝土造,88年6月24日,十二層,,
RPRNMLNKKHLGFBB57CC,27,.00,共有部份,鋼筋混凝土造,88年6月24日,十二層,,
RPWNMLNKKHLGFAB97CC,31,91.36,住家用,鋼筋混凝土造,83年12月28日,十五層,,
RPQNMLNKKHLGFAB37CC,27,86.80,住家用,鋼筋混凝土造,88年7月2日,十四層,,
RPSNMLMKKHLGFJB38CC,1,77.88,集合住宅,鋼筋混凝土造,114年3月21日,十五層,,
RPWNMLNKKHLGFAB97CC,31,42.54,共有部分,鋼筋混凝土造,83年12月28日,十五層,,
RPQNMLNKKHLGFAB37CC,27,24.25,共同使用,鋼筋混凝土造,88年7月2日,十四層,,
RPWNMLNKKHLGFAB97CC,31,14.96,共有部分,鋼筋混凝土造,83年12月28日,十五層,,
RPSNMLMKKHLGFJB38CC,1,70.45,本共有部分之項目有：停車空間、消防機房、汙水機房、雨水回收機房、水箱、梯廳、一般安全梯、一般升降機兼行動不便者、緊急升降機、儲藏室、機房、防空避難室兼停車空間、發電機室、台電配電場所、電信室、外廊、排煙室、公共服務空間、汙物處理區、宅配室、戶外安全梯、管理室、機械室等２３項,鋼筋混凝土造,114年3月21日,十五層,,
RPTNMLNKKHLGFBB77CC,32,89.47,住家用,鋼筋混凝土造,82年10月21日,六層,,
RPTNMLNKKHLGFBB77CC,32,19.68,共有部分,鋼筋混凝土造,82年10月21日,六層,,
RPOOMLNKKHLGFAB27CC,31,27.07,集合住宅,鋼筋混凝土造,84年7月6日,十二層,,
RPOOMLNKKHLGFAB27CC,31,5.83,防空避難室、停車空間、人行道、梯間、機械房、水箱,鋼筋混凝土造,84年7月6日,十二層,,
RPWNMLNKKHLGFBB08CC,20,63.68,住家用,鋼筋混凝土造,94年12月8日,十八層,,
RPOOMLNKKHLGFBB37CC,31,62.36,住家用,鋼筋混凝土造,83年12月14日,十七層,,
RPWNMLNKKHLGFBB08CC,20,25.51,共有部份,鋼筋混凝土造,94年12月8日,十八層,,
RPSNMLNKKHLGFAB57CC,19,141.61,集合住宅,鋼筋混凝土造,95年10月26日,十三層,,
RPOOMLNKKHLGFBB37CC,31,26.33,共有部分,鋼筋混凝土造,83年12月14日,十七層,,
RPSNMLNKKHLGFAB57CC,19,66.87,共用,鋼筋混凝土造,95年10月26日,十三層,,
RPXNMLNKKHLGFBB18CC,4,71.06,集合住宅,鋼筋混凝土造,111年1月12日,十五層,,
RPXNMLNKKHLGFBB18CC,4,35.34,本共有部分係依使用執照之建築概要表記載項目有：防空避難室兼停車空間，排煙室，樓梯間，昇降機間，雨汙水機房，消防機房，機械室，水箱，停車空間，緊急發電機室，電信室，景觀機房，梯廳，管理室，門廊，門廳，資源回收中心，管委會空間，水景機房，走廊，梯間，水錶箱室，電梯機房等２３項。,鋼筋混凝土造,111年1月12日,十五層,,
RPPOMLNKKHLGFBB47CC,5,53.92,店舖、住宅、停車空間,鋼筋混凝土造,109年9月21日,五層,,
RPSOMLNKKHLGFBB77CC,40,102.22,住家用,鋼筋混凝土造,74年10月16日,五層,,
RPQOMLNKKHLGFBB57CC,4,26.45,住宅、停車空間、樓梯間,鋼筋混凝土造,110年10月8日,五層,,
RPTOMLNKKHLGFBB87CC,32,26.29,住家用,鋼筋混凝土造,82年12月11日,十三層,,
RPTOMLNKKHLGFBB87CC,32,10.25,共有部份,鋼筋混凝土造,82年12月11日,十三層,,
RPROMLNKKHLGFBB67CC,9,68.61,集合住宅,鋼筋混凝土造,106年3月10日,十二層,,
RPROMLNKKHLGFBB67CC,9,33.24,本共有部份係依使用執照之建築概要表記載項目有：停車空間、昇降機間、排風管道、車道、消防機房、污雨水機房、水箱、防空避難室兼停車空間、門廳、樓梯間、機械室、梯間、台電配電室、梯廳、機車停車區、發電機室、電信機室、資源回收室、管理委員會使用空間、公共服務空間、健身房、交誼廳等２２項。,鋼筋混凝土造,106年3月10日,十二層,,
RPOPMLNKKHLGFBB47CC,17,18.50,住家用,鋼筋混凝土造,97年11月28日,十七層,,
RPOPMLNKKHLGFBB47CC,17,3.86,共有部分,鋼筋混凝土造,97年11月28日,十七層,,
RPOPMLNKKHLGFBB47CC,17,7.76,共有部分,鋼筋混凝土造,97年11月28日,十七層,,
RPVOMLNKKHLGFBB08CC,35,52.71,住家用,鋼筋混凝土造,79年10月15日,七層,,
RPPPMLNKKHLGFBB57CC,44,42.94,住商用,鋼筋混凝土造,71年5月27日,三層,,
RPSPMLNKKHLGFBB87CC,8,35.58,集合住宅,鋼筋混凝土造,107年4月27日,十二層,,
RPVOMLNKKHLGFBB08CC,35,10.49,共有部份,鋼筋混凝土造,79年10月15日,七層,,
RPPPMLNKKHLGFBB57CC,44,14.07,住商用,鋼筋混凝土造,71年5月27日,三層,,
RPSPMLNKKHLGFBB87CC,8,10.79,本共有部分係依使用執照之建築概要表記載項目有：公共服務空間、垃圾處理室、門廳、梯廳、戶外安全梯、排煙室、車道、一般昇降機間、緊急昇降機間、樓梯間、水箱、安全梯、機械室等１３項。,鋼筋混凝土造,107年4月27日,十二層,,
RPSPMLNKKHLGFBB87CC,8,27.15,本共有部分係依使用執照之建築概要表記載項目有：停車空間、消防機械室、汙水機房、水箱、排煙室、安全梯、一般昇降機間、緊急昇降機間、緊急發電機室、電信室、停車空間兼防空避難室、台電配電室、電錶室等１３項。,鋼筋混凝土造,107年4月27日,十二層,,
RPXOMLNKKHLGFBB28CC,38,32.02,住家用,加強磚造,76年12月23日,二層,,
RPVPMLNKKHLGFBB18CC,33,68.25,住家用,鋼筋混凝土造,82年4月28日,五層,,
RPVPMLNKKHLGFBB18CC,33,14.29,共有部分,鋼筋混凝土造,82年4月28日,五層,,
RPUOMLNKKHLGFBB97CC,31,26.77,住家用,鋼筋混凝土造,84年1月13日,九層,,
RPUOMLNKKHLGFBB97CC,31,10.56,共有部分,鋼筋混凝土造,84年1月13日,九層,,
RPRNMLNKKHLGFCB67CC,32,36.73,辦公室,鋼筋混凝土造,83年7月13日,十六層,,
RPRPMLNKKHLGFBB77CC,37,16.80,住家用,鋼筋混凝土造,77年11月14日,五層,,
RPTPMLNKKHLGFBB97CC,31,88.10,住家用,鋼筋混凝土造,83年12月10日,十六層,,
RPRNMLNKKHLGFCB67CC,32,4.28,共有部份,鋼筋混凝土造,83年7月13日,十六層,,
RPRPMLNKKHLGFBB77CC,37,5.73,共有部分,鋼筋混凝土造,77年11月14日,五層,,
RPTPMLNKKHLGFBB97CC,31,14.38,共有部分,鋼筋混凝土造,83年12月10日,十六層,,
RPWPMLNKKHLGFBB28CC,22,58.53,住家用,ＲＣ造,92年12月18日,十三層,,
RPRNMLNKKHLGFCB67CC,32,10.74,共有部份,鋼筋混凝土造,83年7月13日,十六層,,
RPTPMLNKKHLGFBB97CC,31,7.91,共有部分,鋼筋混凝土造,83年12月10日,十六層,,
RPWPMLNKKHLGFBB28CC,22,48.80,共有部分,ＲＣ造,92年12月18日,十三層,,
RPTNMLNKKHLGFCB87CC,27,88.23,住家用,鋼筋混凝土造,88年5月26日,十四層,,
RPTNMLNKKHLGFCB87CC,27,40.34,共有部份,鋼筋混凝土造,88年5月26日,十四層,,
RPPNMLNKKHLGFCB47CC,31,17.61,住家用,鋼筋混凝土造,84年2月20日,十三層,,
RPPNMLNKKHLGFCB47CC,31,3.98,住家用,鋼筋混凝土造,84年2月20日,十三層,,
RPPNMLNKKHLGFCB47CC,31,2.30,共同使用,鋼筋混凝土造,84年2月20日,十三層,,
RPUPMLNKKHLGFBB08CC,20,15.94,共有部份,鋼筋混凝土造,94年12月8日,十八層,,
RPVNMLNKKHLGFCB08CC,31,13.53,住家用,鋼筋混凝土造,84年4月24日,七層,,
RPVNMLNKKHLGFCB08CC,31,6.27,共有部份,鋼筋混凝土造,84年4月24日,七層,,
RPWNMLNKKHLGFCB18CC,2,54.29,辦公室,鋼骨鋼筋混凝土造、鋼筋混凝土造,113年1月29日,三十一層,,
RPWNMLNKKHLGFCB18CC,2,20.61,本共有部分係依使用執照之建築物概要表記載項目有：梯廳、排煙室、機車汽車坡道、管委會使用空間、防災中心、公益設施、樓梯間、昇降機、緊急昇降機、無障礙昇降機、外廊、消防中繼機房、機械室、水箱等１４項。,鋼骨鋼筋混凝土造、鋼筋混凝土造,113年1月29日,三十一層,,
RPWNMLNKKHLGFCB18CC,2,40.81,本共有部分係依使用執照之建築物概要表記載項目有：停車空間、汽車坡道、水箱、汽車機車坡道、消防機械室、梯廳、樓梯間、排煙室、昇降機、緊急昇降機、無障礙昇降機、防空避難室兼停車空間、機械室、電信室、機車停車空間、電錶箱區、台電配電室、發電機室、受電箱區、垃圾集中室、消防中繼機房等２１項。,鋼骨鋼筋混凝土造、鋼筋混凝土造,113年1月29日,三十一層,,
RPRNMLNKKHLGFDB77CC,4,26.64,集合住宅,鋼筋混凝土造,110年10月4日,五層,,
RPPNMLNKKHLGFDB57CC,6,63.32,集合住宅,鋼筋混凝土造,108年12月27日,十二層,,
RPTNMLNKKHLGFDB97CC,4,49.59,集合住宅,鋼筋混凝土造,110年10月4日,五層,,
RPRNMLNKKHLGFDB77CC,4,14.40,本共有部分之項目有停車空間、樓梯間、電梯廳、機械室、電梯機房等５項,鋼筋混凝土造,110年10月4日,五層,,
RPTNMLNKKHLGFDB97CC,4,26.81,本共有部分之項目有停車空間、樓梯間、電梯廳、機械室、電梯機房等５項,鋼筋混凝土造,110年10月4日,五層,,
RPPNMLNKKHLGFDB57CC,6,37.53,本共有部分之項目有：消防機械室、發電機室、水箱、停車空間、防空避難室兼停車空間、電信室、台電配電室、公共服務空間、樓梯間、水錶室、機械室等１１項,鋼筋混凝土造,108年12月27日,十二層,,
RPRNMLNKKHLGFFB97CC,5,38.63,辦公室,鋼筋混凝土造,110年3月2日,九層,,
RPRNMLNKKHLGFFB97CC,5,69.52,防空避難兼停車空間、台電受電室、電信室、發電機房、消防機械室、汙水機房、水箱、昇降機梯間、公共服務空間、門廳、垃圾集中處、管理委員會使用空間、樓梯間、水錶間、機械室、水箱間,鋼筋混凝土造,110年3月2日,九層,,
RPVOMLNKKHLGFCB18CC,31,89.98,住家用,鋼筋混凝土造,83年11月28日,十二層,,
RPPOMLNKKHLGFCB57CC,31,57.76,住家用,鋼筋混凝土造,84年1月21日,十九層,,
RPXOMLNKKHLGFCB38CC,36,24.35,住家用,鋼筋混凝土造,79年7月5日,十二層,,
RPPOMLNKKHLGFCB57CC,31,10.66,共有部分,鋼筋混凝土造,84年1月21日,十九層,,
RPVOMLNKKHLGFCB18CC,31,26.31,共有部份,鋼筋混凝土造,83年11月28日,十二層,,
RPXOMLNKKHLGFCB38CC,36,4.03,共有部份,鋼筋混凝土造,79年7月5日,十二層,,
RPPNMLNKKHLGFFB77CC,6,59.81,集合住宅,鋼筋混凝土造,108年12月10日,十層,,
RPPOMLNKKHLGFCB57CC,31,10.81,共有部分,鋼筋混凝土造,84年1月21日,十九層,,
RPXOMLNKKHLGFCB38CC,36,4.55,共有部份,鋼筋混凝土造,79年7月5日,十二層,,
RPSNMLNKKHLGFFB08CC,19,15.75,住家用,鋼筋混凝土造,96年1月9日,五層,,
RPPNMLNKKHLGFFB77CC,6,64.65,防空避難室兼停車空間、污雨水機械室、消防機械室、水箱、梯廳、排煙室、昇降機間、停車空間、台電配電室、機械室、電信室、發電機室、管委會使用空間、垃圾室、車道、走廊、梯間、水錶室,鋼筋混凝土造,108年12月10日,十層,,
RPSNMLNKKHLGFFB08CC,19,.48,梯間、水箱,鋼筋混凝土造,96年1月9日,五層,,
RPSNMLNKKHLGFFB08CC,19,4.11,住家用,鋼筋混凝土造,96年1月9日,五層,,
RPROMLNKKHLGFCB77CC,17,131.59,店舖、住房,鋼筋混凝土造,97年11月27日,二十二層,,
RPWOMLNKKHLGFCB28CC,30,17.91,商業用,鋼筋混凝土造,85年5月9日,十四層,,
RPROMLNKKHLGFCB77CC,17,36.81,共用,鋼筋混凝土造,97年11月27日,二十二層,,
RPWOMLNKKHLGFCB28CC,30,10.71,共有部份,鋼筋混凝土造,85年5月9日,十四層,,
RPOPMLNKKHLGFCB57CC,34,65.20,住家用,鋼筋混凝土造,80年11月27日,五層,,
RPOPMLNKKHLGFCB57CC,34,9.78,共有部份,鋼筋混凝土造,80年11月27日,五層,,
RPSNMLNKKHLGFDB87CC,30,71.20,住家用,鋼筋混凝土造,85年2月2日,八層,,
RPUOMLNKKHLGFCB08CC,27,108.53,住家用,鋼筋混凝土造,88年2月6日,十三層,,
RPSNMLNKKHLGFDB87CC,30,24.34,共有部份,鋼筋混凝土造,85年2月2日,八層,,
RPUOMLNKKHLGFCB08CC,27,27.11,共有部份,鋼筋混凝土造,88年2月6日,十三層,,
RPOOMLNKKHLGFCB47CC,28,48.16,住家用,鋼筋混凝土造,87年6月3日,十四層,,
RPOOMLNKKHLGFCB47CC,28,28.61,共有部份,鋼筋混凝土造,87年6月3日,十四層,,
RPXNMLNKKHLGFCB28CC,20,105.67,住家用,鋼筋混凝土造,94年8月24日,十層,,
RPXNMLNKKHLGFCB28CC,20,16.04,共用,鋼筋混凝土造,94年8月24日,十層,,
RPXNMLNKKHLGFCB28CC,20,19.51,共用,鋼筋混凝土造,94年8月24日,十層,,
RPXNMLNKKHLGFCB28CC,20,34.26,共用,鋼筋混凝土造,94年8月24日,十層,,
RPTOMLNKKHLGFCB97CC,35,103.91,住家用,鋼筋混凝土造,80年2月9日,九層,,
RPTOMLNKKHLGFCB97CC,35,12.06,共有部份,鋼筋混凝土造,80年2月9日,九層,,
RPSOMLNKKHLGFCB87CC,3,56.86,集合住宅,鋼筋混凝土造,112年4月5日,十層,,
RPSOMLNKKHLGFCB87CC,3,44.76,本共有部份係依使用執照之建築概要表記載項目有：停車空間、緊急發電機室、消防機械室、水箱、一般昇降機、梯廳、防空避難室兼停車空間、電信室、台電配電室、管委會空間、安全梯、戶外安全梯、管道間、樓梯間、電梯機房、水箱間等十六項。,鋼筋混凝土造,112年4月5日,十層,,
RPUNMLNKKHLGFDB08CC,34,190.57,人行道　店舖　住宅　梯間,鋼筋混凝土造,81年1月22日,三層,,
RPTNMLNKKHLGFFB18CC,19,15.75,住家用,鋼筋混凝土造,96年1月9日,五層,,
RPTNMLNKKHLGFFB18CC,19,.42,梯間、水箱,鋼筋混凝土造,96年1月9日,五層,,
RPTNMLNKKHLGFFB18CC,19,3.84,住家用,鋼筋混凝土造,96年1月9日,五層,,
RPPOMLNKKHLGFFB87CC,7,78.08,集合住宅,鋼筋混凝土造,107年9月26日,十五層,,
RPPOMLNKKHLGFFB87CC,7,11.10,梯廳、門廳〈風除室〉、門廊、管委會使用空間〈游泳池〉、電信機房、排風機房、泳池機房、進風機房、消防機房、緊急發電機房、機房、垃圾暫存室、泳池水箱、雨水及汙水機房、防空避難室兼停車空間、車道、機車停車空間。,鋼筋混凝土造,107年9月26日,十五層,,
RPPOMLNKKHLGFFB87CC,7,32.26,防空避難室兼停車空間、停車空間、車道,鋼筋混凝土造,107年9月26日,十五層,,
RPPOMLNKKHLGFFB87CC,7,.81,特別安全梯、台電配電室,鋼筋混凝土造,107年9月26日,十五層,,
RPPOMLNKKHLGFFB87CC,7,22.16,特別安全梯、排煙室、梯廳、水箱、電錶、消防水箱、電梯機房、樓梯間,鋼筋混凝土造,107年9月26日,十五層,,
RPVNMLNKKHLGFFB38CC,3,58.82,集合住宅,鋼筋混凝土造,111年9月29日,七層,,
RPVNMLNKKHLGFFB38CC,3,65.87,防空避難室兼停車空間、消防機房、污水機房、水箱、發電機室、景觀機房、機械室、台電配電室、電信室、車道、管委會空間、梯間、電梯機房,鋼筋混凝土造,111年9月29日,七層,,
RPUNMLNKKHLGFFB28CC,3,53.67,集合住宅,鋼筋混凝土造,111年10月6日,十五層,,
RPSOMLNKKHLGFFB18CC,4,60.23,集合住宅,鋼筋混凝土造,111年7月29日,七層,,
RPUNMLNKKHLGFFB28CC,3,10.61,消防機房、機房、水箱、雨水機房、污水機房、安全梯、排風管道、電信室、防空避難室兼停車空間、台電配電室、發電機房、管委會使用空間、水景機房、泳池機房、游泳池、梯廳、風除室、外廊、大廳、警衛室等２０項,鋼筋混凝土造,111年10月6日,十五層,,
RPSOMLNKKHLGFFB18CC,4,56.97,停車空間、昇降機間、消防機房、汙水機房、水箱、車道、防空避難室兼停車空間、機車停車區、電信機房、受電箱區、水錶箱室、機房、台電配電室、緊急發電室、垃圾集中室、門廳、梯廳、外廊、公共服務空間、梯間、電梯機房、樓梯間等２２項,鋼筋混凝土造,111年7月29日,七層,,
RPUNMLNKKHLGFFB28CC,3,15.51,排煙室、升降機、緊急升降機兼無障礙升降機、通風管道、特別安全梯、梯廳、梯廳兼排煙室、走道、電梯機房、水錶室、消防水箱、自來水箱等１２項,鋼筋混凝土造,111年10月6日,十五層,,
RPUNMLNKKHLGFFB28CC,3,32.71,停車空間、防空避難室兼停車空間等２項,鋼筋混凝土造,111年10月6日,十五層,,
RPTNMLNKKHLGFHB38CC,44,79.76,住家用,鋼筋混凝土造,70年9月1日,五層,,
RPTNMLNKKHLGFHB38CC,44,1.04,共有部份,鋼筋混凝土造,70年9月1日,五層,,
RPPNMLNKKHLGFHB97CC,30,234.87,住宅　人行道　停車空間,鋼筋混凝土造,84年11月15日,四層,,
RPPNMLNKKHLGFJB18CC,31,188.07,店舖、梯間、住房、瞭望台,鋼筋混凝土造,84年6月19日,四層,,
RPPNMLNKKHLGFIB08CC,11,85.24,集合住宅,鋼筋混凝土造,103年12月27日,十二層,,
RPPNMLNKKHLGFIB08CC,11,39.19,本共有部分之項目有停車空間、排煙室、樓梯間、昇降機間、消防機房、污水機房、水箱、防空避難室兼停車空間、電信室、台電配電室、緊急發電機室、公共服務空間、車道、門廳、梯廳、開放空間、水錶箱室、電梯機房、機房、電錶區、機車停車區、外廊、垃圾集中處、管理室及梯間等２５項。,鋼筋混凝土造,103年12月27日,十二層,,
RPRNMLNKKHLGFIB28CC,47,142.38,住家用,加強磚造,67年10月10日,二層,,
RPSNMLNKKHLGFHB28CC,8,19.84,住宅、停車空間,鋼筋混凝土造,107年6月7日,四層,,
RPPNMLNKKHLGFGB87CC,6,33.06,集合住宅,鋼筋混凝土造,109年3月31日,七層,,
RPTOMLNKKHLGFFB28CC,3,56.02,集合住宅,鋼筋混凝土造,111年10月6日,十五層,,
RPPNMLNKKHLGFGB87CC,6,23.57,停車空間‧消防機房‧台電配電室‧人行道‧梯間,鋼筋混凝土造,109年3月31日,七層,,
RPRNMLNKKHLGFJB38CC,18,8.16,辦公室,鋼筋混凝土造,97年7月7日,四層,,
RPTOMLNKKHLGFFB28CC,3,11.28,消防機房、機房、水箱、雨水機房、污水機房、安全梯、排風管道、電信室、防空避難室兼停車空間、台電配電室、發電機房、管委會使用空間、水景機房、泳池機房、游泳池、梯廳、風除室、外廊、大廳、警衛室等２０項,鋼筋混凝土造,111年10月6日,十五層,,
RPTNMLNKKHLGFJB58CC,32,104.86,集合住宅,鋼筋混凝土造,82年12月30日,七層,,
RPRNMLNKKHLGFJB38CC,18,4.72,緊急發電機、台電受電室、機械室、人行道、梯間、消防幫泵室、水箱,鋼筋混凝土造,97年7月7日,四層,,
RPTOMLNKKHLGFFB28CC,3,15.22,排煙室、升降機、緊急升降機兼無障礙升降機、特別安全梯、梯廳、機房、電梯機房、水錶室、消防水箱、自來水箱等１０項,鋼筋混凝土造,111年10月6日,十五層,,
RPTNMLNKKHLGFJB58CC,32,21.97,共有部份,鋼筋混凝土造,82年12月30日,七層,,
RPTOMLNKKHLGFFB28CC,3,32.71,停車空間、防空避難室兼停車空間等２項,鋼筋混凝土造,111年10月6日,十五層,,
RPQNMLNKKHLGFJB28CC,4,92.95,集合住宅,鋼筋混凝土造,111年5月30日,十五層,,
RPQNMLNKKHLGFJB28CC,4,70.42,防空避難室兼停車空間、排煙室、樓梯間、一般昇降機、緊急昇降機、消防機房、污水處理機房、機房、水箱、停車空間、緊急發電機室、台電配電室、電信室、機車停車區、浴廁、無障礙廁所、梯廳、公共服務空間、管委會空間、門廳、走廊、垃圾集中室、梯間、水錶箱室、電梯機房等２５項。,鋼筋混凝土造,111年5月30日,十五層,,
RPVNMLNKKHLGFJB78CC,29,153.32,住宅、梯間,鋼筋混凝土造,86年5月14日,四層,,
RPUNMLNKKHLGFJB68CC,32,212.67,人行道、店鋪、住宅,鋼筋混凝土造,82年12月29日,四層,,
RPPNMLNKKHLGFKB28CC,21,164.58,住宅、停車空間,鋼筋混凝土造,94年4月8日,四層,,
RPSNMLNKKHLGFKB58CC,33,13.05,住家用,鋼筋混凝土造,82年7月6日,五層,,
RPSNMLNKKHLGFKB58CC,33,4.54,樓梯間及走道、梯間,鋼筋混凝土造,82年7月6日,五層,,
RPWNMLNKKHLGFIB78CC,25,202.77,住宅,ＲＣ造,90年1月21日,三層,,
RPVNMLNKKHLGFIB68CC,3,70.75,集合住宅,鋼筋混凝土造,111年8月25日,五層,,
RPVNMLNKKHLGFIB68CC,3,24.99,本共有部分之項目有停車空間，機械設備空間，共同梯廳等３項。,鋼筋混凝土造,111年8月25日,五層,,
RPVNMLNKKHLGFIB68CC,3,15.59,本共有部分之項目有樓梯間，共同梯廳，水箱間等３項。,鋼筋混凝土造,111年8月25日,五層,,
RPXNMLNKKHLGFIB88CC,33,160.97,儲藏室、住房、梯間,鋼筋混凝土造,82年8月10日,三層,,
RPTNMLNKKHLGFKB68CC,33,16.33,住家用,鋼筋混凝土造,82年7月6日,五層,,
RPQNMLTKKHLGFCB18CC,40,49.38,商業用,鋼筋混凝土造,75年3月19日,四層,,
RPQNMLNKKHLGFKB38CC,32,15.18,住家用,鋼筋混凝土造,83年1月25日,四層,,
RPPNMLMLKHLGFAB27CC,5,37.85,集合住宅,鋼筋混凝土造,109年10月6日,十五層,,
RPTNMLNKKHLGFKB68CC,33,5.69,樓梯間及走道、梯間,鋼筋混凝土造,82年7月6日,五層,,
RPRNMLLLKHLGFBB47CC,8,60.55,集合住宅,鋼筋混凝土造,107年4月27日,十二層,,
RPQNMLNKKHLGFKB38CC,32,3.12,突出物、走道、水箱,鋼筋混凝土造,83年1月25日,四層,,
RPPNMLMLKHLGFAB27CC,5,17.92,本共有部份係依使用執照之建築概要表記載項目有：防空避難室兼停車空間、排煙室、樓梯間、一般昇降機、緊急昇降機、消防機房、水箱、車道、雨水機房、雨水回收池、消防水池、停車空間、緊急發電機室、台電配電室、電信室、機車區、無障礙廁所、門廳兼梯廳、資源回收室、管委會使用空間、公共服務空間、梯廳、梯間、水表箱室、電梯機房等共計２５項。,鋼筋混凝土造,109年10月6日,十五層,,
RPRNMLLLKHLGFBB47CC,8,18.35,本共有部分係依使用執照之建築概要表記載項目有：公共服務空間、垃圾處理室、門廳、梯廳、戶外安全梯、排煙室、車道、一般昇降機間、緊急昇降機間、樓梯間、水箱、安全梯、機械室等１３項。,鋼筋混凝土造,107年4月27日,十二層,,
RPRNMLLLKHLGFBB47CC,8,11.08,本共有部分係依使用執照之建築概要表記載項目有：停車空間、消防機械室、汙水機房、水箱、排煙室、安全梯、一般昇降機間、緊急昇降機間、緊急發電機室、電信室、停車空間兼防空避難室、台電配電室、電錶室等１３項。,鋼筋混凝土造,107年4月27日,十二層,,
RPPNMLMLKHLGFBB37CC,32,84.39,住家用,鋼筋混凝土造,83年3月30日,九層,,
RPQNMLLLKHLGFAB27CC,51,115.92,商業用,見其他登記事項,63年9月13日,二層,,
RPPNMLMLKHLGFBB37CC,32,25.16,共有部分,鋼筋混凝土造,83年3月30日,九層,,
RPRNMLLLKHLGFAB37CC,34,21.79,住家用,鋼筋混凝土造,81年3月26日,七層,,
RPSNMLMLKHLGFBB67CC,30,91.83,住家用,鋼筋混凝土造,85年6月6日,十四層,,
RPRNMLLLKHLGFAB37CC,34,7.40,共有部分,鋼筋混凝土造,81年3月26日,七層,,
RPPNMLTKKHLGFCB08CC,47,27.23,住家用,加強磚造,67年12月14日,二層,,
RPQNMLMLKHLGFBB47CC,32,27.63,住家用,鋼筋混凝土造,82年10月14日,十三層,,
RPQNMLMLKHLGFBB47CC,32,19.36,共有部分,鋼筋混凝土造,82年10月14日,十三層,,
RPSNMLMLKHLGFBB67CC,30,34.46,共有部份,鋼筋混凝土造,85年6月6日,十四層,,
RPRNMLMLKHLGFBB57CC,30,28.89,共有部份,鋼筋混凝土造,85年6月6日,十四層,,
RPPNMLOKKHLGFAB37CC,43,66.61,集合住宅,鋼筋混凝土造,72年1月31日,五層,,
RPPNMLLLKHLGFAB17CC,31,26.86,住家用,鋼筋混凝土造,83年8月25日,十六層,,
RPPNMLLLKHLGFAB17CC,31,11.74,共有部分,鋼筋混凝土造,83年8月25日,十六層,,
RPPNMLOKKHLGFAB37CC,43,8.69,樓梯間,鋼筋混凝土造,72年1月31日,五層,,
RPTNMLMLKHLGFBB77CC,13,27.23,本共有部分係依使用執照之建築概要表記載項目有：停車空間，車道，污水機房，清水池，消防機房，機房，梯間（梯廳，排煙室，昇降機間），防空避難室兼停車空間，發電機室，電信室，台電配電室，防災中心，公共設施等１３項,鋼筋混凝土造,102年7月25日,二十二層,,
RPPNMLMLKHLGFCB47CC,31,96.67,住家用,鋼筋混凝土造,83年10月15日,九層,,
RPPNMLMLKHLGFCB47CC,31,41.38,共有部份,鋼筋混凝土造,83年10月15日,九層,,
RPPNMLMLKHLGFEB67CC,45,75.36,住家用,鋼筋混凝土加強磚造,69年8月12日,二層,,
RPVNMLMLKHLGFBB97CC,4,60.53,集合住宅,鋼筋混凝土造,111年7月28日,二十四層,,
RPUNMLMLKHLGFBB87CC,7,39.31,集合住宅,鋼筋混凝土造,107年11月30日,十五層,,
RPVNMLMLKHLGFBB97CC,4,29.43,本共有部份係依使用執照之建築概要表記載項目有：防空避難室兼停車空間，排煙室，樓梯間，緊急昇降機，一般昇降機，污、雨水機械室，消防機械室，水箱，車道，停車空間，機電空間，電信室，緊急發電機室、台電配電室，防災中心，消防中繼機房，機械室，電錶區，水箱室，機車停車區，門廳，廁所，管委會使用空間，走廊，垃圾集中室，公共服務空間，頂蓋型開放空間，儲藏室，信箱室，宅配室，中繼水塔，梯間，梯廳，電梯機房，水錶箱室等３５項．,鋼筋混凝土造,111年7月28日,二十四層,,
RPUNMLMLKHLGFBB87CC,7,22.17,本共有部分係依使用執照之建築概要表記載項目有：停車空間，一般安全梯，排煙室，緊急用昇降機，消防機房，污水機房，昇降機，水箱，機房，電信機房，防空避難室兼停車空間，台電配電室，緊急發電機室，戶外安全梯，管理員室，管委會使用空間，環保資源室，梯廳，梯間，機械室，水錶室等２１項,鋼筋混凝土造,107年11月30日,十五層,,
RPPNMLMLKHLGFDB57CC,1,23.13,集合住宅,鋼筋混凝土造,113年9月30日,五層,,
RPPNMLMLKHLGFDB57CC,1,10.31,本共有部份之項目有人行道、停車空間、梯廳、安全梯、外廊、水箱室、電信室、電梯、機電設備空間、管委會使用空間、走廊、樓梯間、機械室、水塔等１４項,鋼筋混凝土造,113年9月30日,五層,,
RPTNMLNLKHLGFBB87CC,1,64.03,集合住宅,鋼筋混凝土造,114年1月16日,二十四層,,
RPTNMLNLKHLGFBB87CC,1,59.88,本共有部份係依使用執照之建築概要表記載項目有：防空避難室兼停車空間，排煙室，樓梯間，一般昇降機，緊急昇降機，汙水機械室，機械室，消防機房，水箱，車道，一般安全梯，停車空間，電信室，水景機械室，戲水池機房，緊急發電機室，台電配電室，消防蓄水池，電錶室，防災中心，消防中繼機房，梯廳，公設管委會使用空間，門廳，儲藏室，管理室，特別安全梯，梯間，消防水箱，水錶箱室，電梯機房等３２項。,鋼筋混凝土造,114年1月16日,二十四層,,
RPQNMLNLKHLGFBB57CC,33,22.93,住家用,鋼筋混凝土造,81年10月22日,五層,,
RPQNMLNLKHLGFBB57CC,33,4.33,共有部份,鋼筋混凝土造,81年10月22日,五層,,
RPRNMLNLKHLGFBB67CC,31,26.94,住家用,鋼筋混凝土造,84年5月26日,十六層,,
RPRNMLNLKHLGFBB67CC,31,8.48,共有部份,鋼筋混凝土造,84年5月26日,十六層,,
RPRNMLNLKHLGFBB67CC,31,8.72,共有部份,鋼筋混凝土造,84年5月26日,十六層,,
RPRNMLNLKHLGFBB67CC,31,.26,共有部份,鋼筋混凝土造,84年5月26日,十六層,,
RPQNMLNLKHLGFAB47CC,36,17.98,住家用,鋼筋混凝土造,79年5月4日,十二層,,
RPQNMLNLKHLGFAB47CC,36,6.32,共有部份,鋼筋混凝土造,79年5月4日,十二層,,
RPPOMLNLKHLGFBB57CC,44,35.07,住家用,鋼筋混凝土造,70年8月14日,十一層,,
RPVNMLNLKHLGFAB97CC,29,88.67,住家用,鋼筋混凝土造,86年2月4日,十七層,,
RPVNMLNLKHLGFAB97CC,29,52.56,共有部分,鋼筋混凝土造,86年2月4日,十七層,,
RPRNMLNLKHLGFAB57CC,30,27.90,集合住宅,鋼筋混凝土造,84年12月7日,十二層,,
RPRNMLNLKHLGFAB57CC,30,10.68,防空避難室兼停車空間．人行道．梯間．機械室．水箱,鋼筋混凝土造,84年12月7日,十二層,,
RPPNMLNLKHLGFAB37CC,30,103.92,集合住宅,鋼筋混凝土造,85年7月15日,十二層,,
RPPNMLNLKHLGFAB37CC,30,43.45,共同使用,鋼筋混凝土造,85年7月15日,十二層,,
RPUOMLNLKHLGFBB08CC,20,59.92,住家用,鋼筋混凝土造,94年12月8日,十八層,,
RPUNMLNLKHLGFAB87CC,7,96.52,集合住宅,鋼筋混凝土造,107年10月14日,十二層,,
RPWNMLNLKHLGFAB08CC,29,38.41,集合住宅,鋼筋混凝土造,85年10月5日,十八層,,
RPWNMLNLKHLGFAB08CC,29,6.16,共同使用,鋼筋混凝土造,85年10月5日,十八層,,
RPUNMLNLKHLGFAB87CC,7,32.20,本共有部分係依使用執照之建築概要表記載項目有：停車空間、昇降機（道）、消防機房、機房、水箱、車道、排煙室、安全梯、停車空間兼防空避難室、台電配電室、發電機房、電信機房、管委會使用空間、梯廳、管道間、門廊、人行道、儲藏室、樓梯間等１９項,鋼筋混凝土造,107年10月14日,十二層,,
RPUOMLNLKHLGFBB08CC,20,24.05,共有部分,鋼筋混凝土造,94年12月8日,十八層,,
RPWNMLNLKHLGFAB08CC,29,11.50,共同使用,鋼筋混凝土造,85年11月5日,十八層,,
RPUNMLNLKHLGFAB87CC,7,15.23,本共有部分係依使用執照之建築概要表記載項目有：昇降機（道）、排煙室、梯廳、安全梯等４項,鋼筋混凝土造,107年10月14日,十二層,,
RPROMLNLKHLGFBB77CC,5,62.62,集合住宅,鋼筋混凝土造,109年11月17日,十九層,,
RPROMLNLKHLGFBB77CC,5,43.19,本共有部分係依使用執照之建築概要表記載項目有：停車空間，汙水機房，雨水機房，消防機房，安全梯，水箱，排煙室，機械室，梯廳，電梯間，電信室，消防中繼機房，防空避難室兼停車空間，台電配電室，緊急發電機室，消防中繼水箱室等１６項,鋼筋混凝土造,109年11月17日,十九層,,
RPROMLNLKHLGFBB77CC,5,24.19,本共有部分係依使用執照之建築概要表記載項目有：車道，梯廳，特別安全梯，安全梯，管委會使用空間，防災中心，污物處理室，排煙室，電梯間，梯間，機械室，水錶室，中繼機房，水箱等１４項,鋼筋混凝土造,109年11月17日,十九層,,
RPTOMLNLKHLGFBB97CC,4,70.55,集合住宅,鋼筋混凝土造,111年6月12日,十五層,,
RPTOMLNLKHLGFBB97CC,4,7.96,本共有部分係依使用執照之建築概要表記載項目有：樓梯間、梯廳、管委會使用空間、環保室、門廳、排煙室、昇降機間、水箱、機械室等９項,鋼筋混凝土造,111年6月12日,十五層,,
RPTOMLNLKHLGFBB97CC,4,15.60,本共有部分係依使用執照之建築概要表記載項目有：樓梯間、梯廳、排煙室、昇降機間等四項,鋼筋混凝土造,111年6月12日,十五層,,
RPTOMLNLKHLGFBB97CC,4,47.95,本共有部分係依使用執照之建築概要表記載項目有：防空避難室兼停車空間、車道、台電配電室、緊急發電機室、樓梯間、排煙室、昇降機間停車空間、機械室、電信室、消防機房、污水機房、水箱、機電空間等十四項,鋼筋混凝土造,111年6月12日,十五層,,
RPQOMLNLKHLGFBB67CC,31,22.84,住家用,鋼筋混凝土造,83年9月7日,八層,,
RPQOMLNLKHLGFBB67CC,31,19.99,共有部份,鋼筋混凝土造,83年9月7日,八層,,
RPQPMLNLKHLGFBB77CC,43,63.53,住家用,鋼筋混凝土造,72年6月16日,五層,,
RPSOMLNLKHLGFAB77CC,43,45.93,辦公室,鋼筋混凝土造,72年4月18日,十二層,,
RPXNMLNLKHLGFAB18CC,30,27.51,集合住宅,鋼骨鋼筋混凝土造,85年5月20日,十九層,,
RPXNMLNLKHLGFAB18CC,30,4.19,共同使用,鋼骨鋼筋混凝土造,85年5月20日,十九層,,
RPXNMLNLKHLGFAB18CC,30,6.02,共同使用,鋼骨鋼筋混凝土造,85年5月20日,十九層,,
RPQOMLNLKHLGFAB57CC,31,22.70,住家用,鋼筋混凝土造,84年1月7日,十三層,,
RPQOMLNLKHLGFAB57CC,31,3.51,梯間、水箱、機房,鋼筋混凝土造,84年1月7日,十三層,,
RPQOMLNLKHLGFAB57CC,31,2.17,共有部分,鋼筋混凝土造,84年1月7日,十三層,,
RPTPMLNLKHLGFBB08CC,32,24.16,住家用,鋼筋混凝土造,83年5月12日,十二層,,
RPTOMLNLKHLGFAB87CC,30,20.14,集合住宅,鋼筋混凝土造,85年2月1日,十二層,,
RPQOMLNLKHLGFAB57CC,31,1.40,共有部分,鋼筋混凝土造,84年1月7日,十三層,,
RPOOMLNLKHLGFAB37CC,38,20.85,住商用,鋼筋混凝土造,76年12月24日,四層,,
RPUOMLNLKHLGFAB97CC,14,25.73,集合住宅,鋼筋混凝土造,101年3月22日,十三層,,
RPTPMLNLKHLGFBB08CC,32,7.00,共有部份,鋼筋混凝土造,83年5月12日,十二層,,
RPTOMLNLKHLGFAB87CC,30,7.71,防空避難室、停車空間、樓梯間、水箱、機械室,鋼筋混凝土造,85年2月1日,十二層,,
RPUOMLNLKHLGFAB97CC,14,8.38,本共有部分係依使用執照之建築概要表記載項目有：梯間、警衛室、電信室、排煙室、水箱、發電機室、台電配電室、防空避難室兼停車空間、停車空間（法定停車位１８輛、獎勵停車位１０輛）、機械室、儲藏室、樓梯間、電梯間、電梯機房、消防水箱等１５項。,鋼筋混凝土造,101年3月22日,十三層,,
RPTPMLNLKHLGFBB08CC,32,4.07,共有部份,鋼筋混凝土造,83年5月12日,十二層,,
RPRNMLNLKHLGFCB77CC,32,103.19,住家用,鋼筋混凝土造,83年1月18日,十二層,,
RPRNMLNLKHLGFCB77CC,32,20.41,共有部分,鋼筋混凝土造,83年1月18日,十二層,,
RPUPMLNLKHLGFBB18CC,32,24.16,住家用,鋼筋混凝土造,83年5月12日,十二層,,
RPUPMLNLKHLGFBB18CC,32,7.00,共有部份,鋼筋混凝土造,83年5月12日,十二層,,
RPSPMLNLKHLGFBB97CC,20,23.14,（農業區）住宅、梯間,鋼筋混凝土造,94年12月16日,三層,,
RPUPMLNLKHLGFBB18CC,32,4.07,共有部份,鋼筋混凝土造,83年5月12日,十二層,,
RPPNMLNLKHLGFCB57CC,13,279.67,住家用,鋼骨造，鋼筋混凝土造,101年12月28日,二十九層,,
RPPNMLNLKHLGFCB57CC,13,73.97,本共有部份之項目有：門梯廳、梯廳兼排煙室、排煙室、游泳池、機車車道、特別安全梯、管委會使用空間、汽車車道、機電設備空間、防災中心、梯廳、機車停車空間、機電設備空間（電信室）、走道、樓梯間、消防機房、水錶區、電梯機房、消防水箱、水箱等２０項,鋼骨造，鋼筋混凝土造,101年12月28日,二十九層,,
RPPNMLNLKHLGFCB57CC,13,105.69,本共有部份之項目有：停車空間、梯廳、安全梯、機電設備空間（污水機房、消防機房）、水箱、機電設備空間、防空避難室兼停車空間、機電設備空間（發電機房、消防機房）、台電配電室、電錶室、垃圾室等１１項,鋼骨造，鋼筋混凝土造,101年12月28日,二十九層,,
RPTNMLNLKHLGFCB97CC,31,17.88,住家用,鋼筋混凝土造,84年2月20日,十三層,,
RPQNMLNLKHLGFCB67CC,14,265.57,人行道、店舖、停車空間、住宅、水箱,鋼筋混凝土造,101年2月7日,四層,,
RPQNMLNLKHLGFFB97CC,1,73.03,集合住宅,鋼筋混凝土造,114年7月30日,十四層,,
RPQNMLNLKHLGFFB97CC,1,65.93,停車空間兼防空避難室、排煙室、樓梯間、一般昇降機、緊急昇降機、水箱、污水機房、消防機房、車道、停車空間、緊急發電機室、台電配電室、電信室、機車停車區、無障礙樓梯、戶外安全梯、梯廳、門廳、垃圾集中室、公共服務空間、梯間、水錶箱室、電梯機房等２３項,鋼筋混凝土造,114年7月30日,十四層,,
RPSNMLNLKHLGFFB18CC,6,190.33,住宅、停車空間,鋼筋混凝土造,109年4月13日,四層,,
RPQNMLNLKHLGFHB18CC,45,63.80,住家用,鋼筋混凝土造,70年1月25日,五層,,
RPPOMLNLKHLGFCB67CC,31,13.00,住商用,鋼筋混凝土造,83年8月23日,六層,,
RPVNMLNLKHLGFCB18CC,31,16.00,住商用,鋼筋混凝土造,83年8月23日,六層,,
RPRNMLNLKHLGFIB38CC,10,82.12,店舖,鋼筋混凝土造,104年8月10日,九層,,
RPRNMLNLKHLGFIB38CC,10,59.57,本共有部份之項目有：防空避難室兼停車空間、車道、消防機械室、蓄水池、梯間（梯廳、昇降機間）、停車空間、電信室、台電配電室、發電機室、公共服務空間、管委會使用空間、垃圾處理室、梯間（昇降機間）、水錶區、機械室及水箱等１６項,鋼筋混凝土造,104年8月10日,九層,,
RPQNMLNLKHLGFDB77CC,45,122.82,住商用,加強磚造,70年3月5日,二層,,
RPSOMLNLKHLGFCB97CC,31,13.00,住商用,鋼筋混凝土造,83年8月23日,六層,,
RPPNMLNLKHLGFHB08CC,1,106.87,集合住宅,鋼筋混凝土造,114年6月4日,十五層,,
RPWNMLNLKHLGFIB88CC,35,84.85,集合住宅,鋼筋混凝土造,79年10月10日,五層,,
RPWNMLNLKHLGFIB88CC,35,23.04,共有部份,鋼筋混凝土造,79年10月10日,五層,,
RPPNMLNLKHLGFHB08CC,1,48.30,本共有部分之項目有防空避難室兼停車空間、排煙室、安全梯、消防幫浦室、污水機房、昇降機、車道、停車空間、電信室、台電配電室、電錶室、緊急發電機室、水箱、景觀過濾機房等１４項,鋼筋混凝土造,114年6月4日,十五層,,
RPPNMLNLKHLGFHB08CC,1,33.24,本共有部分之項目有廊道、管委會使用空間、資源回收室、梯廳、排煙室、安全梯、戶外安全梯、管道、昇降機、車道、梯廳兼排煙室、梯間、機械房、水箱、水錶室、電梯機械室等１６項,鋼筋混凝土造,114年6月4日,十五層,,
RPWOMLNLKHLGFCB38CC,22,125.20,住家用,ＲＣ造,92年11月4日,十四層,,
RPWOMLNLKHLGFCB38CC,22,76.24,共用,ＲＣ造,92年11月4日,十四層,,
RPPPMLNLKHLGFCB77CC,27,32.91,辦公室,鋼筋混凝土造,87年11月3日,十四層,,
RPTPMLNLKHLGFCB18CC,31,13.56,住家用,鋼筋混凝土造,83年9月8日,十三層,,
RPPPMLNLKHLGFCB77CC,27,6.70,共有部份,鋼筋混凝土造,87年11月3日,十四層,,
RPVOMLNLKHLGFCB28CC,31,13.56,住家用,鋼筋混凝土造,83年9月8日,十三層,,
RPTPMLNLKHLGFCB18CC,31,7.17,共有部份,鋼筋混凝土造,83年9月8日,十三層,,
RPPPMLNLKHLGFCB77CC,27,11.62,共有部份,鋼筋混凝土造,87年11月3日,十四層,,
RPVOMLNLKHLGFCB28CC,31,8.20,共有部分,鋼筋混凝土造,83年9月8日,十三層,,
RPUPMLNLKHLGFCB28CC,32,18.64,住家用,鋼筋混凝土造,83年3月16日,七層,,
RPSPMLNLKHLGFCB08CC,31,13.56,住家用,鋼筋混凝土造,83年9月8日,十三層,,
RPUPMLNLKHLGFCB28CC,32,10.08,共有部份,鋼筋混凝土造,83年3月16日,七層,,
RPSPMLNLKHLGFCB08CC,31,7.17,共有部份,鋼筋混凝土造,83年9月8日,十三層,,
RPQNMLNLKHLGFJB38CC,45,88.20,店舖、住宅,加強磚造,69年10月25日,二層,,
RPOPMLNLKHLGFCB67CC,55,52.92,住家用,加強磚造,60年6月12日,二層,,
RPQPMLNLKHLGFCB87CC,21,118.06,住家用,鋼筋混凝土造,94年6月2日,十四層,,
RPQPMLNLKHLGFCB87CC,21,60.62,共用,鋼筋混凝土造,94年6月2日,十四層,,
RPRNMLNLKHLGFKB58CC,33,10.00,住家用,鋼筋混凝土造,82年3月17日,五層,,
RPQNMLOLKHLGFBB67CC,32,25.06,住家用,鋼筋混凝土造,82年12月11日,十三層,,
RPQNMLOLKHLGFBB67CC,32,12.19,共有部份,鋼筋混凝土造,82年12月11日,十三層,,
RPVNMLOLKHLGFBB18CC,57,10.00,住家用,鋼筋混凝土加強磚造,58年5月17日,二層,,
RPRNMLOLKHLGFBB77CC,57,10.00,住家用,鋼筋混凝土加強磚造,58年5月17日,二層,,
RPQOMLOLKHLGFBB77CC,30,28.48,住家用,鋼筋混凝土造,85年7月15日,十四層,,
RPQOMLOLKHLGFBB77CC,30,8.66,共有部份,鋼筋混凝土造,85年7月15日,十四層,,
RPQOMLOLKHLGFBB77CC,30,6.59,共有部份,鋼筋混凝土造,85年7月15日,十四層,,
RPQOMLOLKHLGFBB77CC,30,.00,共有部份,鋼筋混凝土造,85年7月15日,十四層,,
RPXNMLOLKHLGFBB38CC,32,93.13,住家用,鋼筋混凝土造,82年11月26日,十一層,,
RPXNMLOLKHLGFBB38CC,32,28.17,共有部份,鋼筋混凝土造,82年11月26日,十一層,,
RPSNMLNLKHLGFJB58CC,47,106.08,住家用,加強磚造,68年6月20日,二層,,
RPRNMLNLKHLGFJB48CC,34,33.97,集合住宅,鋼筋混凝土造,81年5月26日,十四層,,
RPRNMLNLKHLGFJB48CC,34,20.60,梯間、避難室、機械室、水箱,鋼筋混凝土造,81年5月26日,十四層,,
RPOPMLOLKHLGFAB57CC,3,69.47,集合住宅,鋼筋混凝土造,112年7月6日,十五層,,
RPOPMLOLKHLGFAB57CC,3,62.92,本共有部分係依使用執照之建築概要表記載項目有：停車空間、排煙室、緊急昇降機、昇降機、消防機房、雨水汙水機房、安全梯、水箱、行動不便安全梯、車道、電信機房、防空避難室兼停車空間、台電配電室、機械室、發電機房、水景機房、公共服務空間、管委會空間、環保室、門廳、外廊、梯廳、機房、戶外安全梯、走廊、行動不便戶外安全梯、梯間、水錶室、電梯機房等共計２９項。,鋼筋混凝土造,112年7月6日,十五層,,
RPQPMLOLKHLGFAB77CC,28,18.25,住家用,鋼筋混凝土造,87年5月20日,七層,,
RPQPMLOLKHLGFAB77CC,28,12.26,共有部份,鋼筋混凝土造,87年5月20日,七層,,
RPTNMLOLKHLGFAB87CC,29,35.42,住家用,鋼筋混凝土造,85年10月19日,五層,,
RPPOMLOLKHLGFAB57CC,3,52.83,集合住宅,鋼筋混凝土造,111年10月29日,十五層,,
RPTNMLOLKHLGFAB87CC,29,4.62,住家用,鋼筋混凝土造,85年10月19日,五層,,
RPPOMLOLKHLGFAB57CC,3,13.20,本共有部份係依使用執照之建築概要表記載項目有：一般昇降機、戶外安全梯、機械室、電梯機械室、水箱等５項。,鋼筋混凝土造,111年10月29日,十五層,,
RPVNMLOLKHLGFAB08CC,57,13.14,住家用,見其他登記事項,57年12月4日,二層,,
RPTNMLOLKHLGFAB87CC,29,11.73,共有部份,鋼筋混凝土造,85年10月19日,五層,,
RPPOMLOLKHLGFAB57CC,3,48.97,本共有部份係依使用執照之建築概要表記載項目有：停車空間、電梯廳、一般昇降機、安全梯、Ｂ棟水箱、無障礙安全梯、消防機房、雨汙水機房、Ａ棟水箱、防空避難室兼停車空間、電信室、景觀機房、發電機室、台電配電場所、戶外安全梯、管委會空間等１６項。,鋼筋混凝土造,111年10月29日,十五層,,
RPPPMLOLKHLGFAB67CC,52,159.91,住家用,見其他登記事項,63年4月3日,三層,,
RPOOMLOLKHLGFAB47CC,33,31.11,住家用,鋼筋混凝土造,81年12月7日,七層,,
RPWNMLOLKHLGFAB18CC,29,26.18,住家用,鋼骨造,86年1月31日,二十八層,,
RPWOMLOLKHLGFAB28CC,27,76.37,住家用,鋼筋混凝土造,88年7月1日,七層,,
RPOOMLOLKHLGFAB47CC,33,1.72,共有部分,鋼筋混凝土造,81年12月7日,七層,,
RPWNMLOLKHLGFAB18CC,29,1.30,共同使用,鋼骨造,86年1月31日,二十八層,,
RPWOMLOLKHLGFAB28CC,27,24.79,共有部份,鋼筋混凝土造,88年7月1日,七層,,
RPWNMLOLKHLGFAB18CC,29,7.99,公共設施,鋼骨造,86年1月31日,二十八層,,
RPWNMLOLKHLGFAB18CC,29,4.82,共有部分,鋼骨造,86年1月31日,二十八層,,
RPRPMLOLKHLGFAB87CC,42,107.26,集合住宅,鋼筋混凝土造,72年9月16日,五層,,
RPROMLOLKHLGFAB77CC,28,102.14,住家用,鋼筋混凝土造,86年9月18日,二十一層,,
RPROMLOLKHLGFAB77CC,28,37.28,共有部分,鋼筋混凝土造,86年9月18日,二十一層,,
RPROMLOLKHLGFAB77CC,28,23.53,共同使用,鋼筋混凝土造,86年9月18日,二十一層,,
RPROMLOLKHLGFBB87CC,30,23.79,住家用,鋼筋混凝土造,85年6月1日,十三層,,
RPROMLOLKHLGFBB87CC,30,9.56,共有部份,鋼筋混凝土造,85年6月1日,十三層,,
RPRNMLOLKHLGFAB67CC,3,69.47,集合住宅,鋼筋混凝土造,112年7月6日,十五層,,
RPRNMLOLKHLGFAB67CC,3,62.92,本共有部分係依使用執照之建築概要表記載項目有：停車空間、排煙室、緊急昇降機、昇降機、消防機房、雨水汙水機房、安全梯、水箱、行動不便安全梯、車道、電信機房、防空避難室兼停車空間、台電配電室、機械室、發電機房、水景機房、公共服務空間、管委會空間、環保室、門廳、外廊、梯廳、機房、戶外安全梯、走廊、行動不便戶外安全梯、梯間、水錶室、電梯機房等共計２９項。,鋼筋混凝土造,112年7月6日,十五層,,
RPWOMLOLKHLGFBB38CC,20,63.68,住家用,鋼筋混凝土造,94年12月8日,十八層,,
RPWOMLOLKHLGFBB38CC,20,25.51,共有部份,鋼筋混凝土造,94年12月8日,十八層,,
RPUOMLOLKHLGFBB18CC,36,21.11,住家用,鋼筋混凝土造,79年2月9日,七層,,
RPUOMLOLKHLGFBB18CC,36,6.87,共有部分,鋼筋混凝土造,79年2月9日,七層,,
RPOPMLOLKHLGFBB67CC,4,56.05,集合住宅,鋼筋混凝土造,111年5月18日,十二層,,
RPOPMLOLKHLGFBB67CC,4,64.12,本共有部分係依使用執照之建築概要表記載項目有：停車空間，消防機房，污水機房，水箱，機械室，梯廳，樓梯間，電梯間，車道，防空避難室兼停車空間，台電配電室，發電機房，電信室，電錶室，外廊，垃圾集中室，管委會使用空間，門廳，電梯機房，水錶室等２０項。,鋼筋混凝土造,111年5月18日,十二層,,
RPXOMLOLKHLGFBB48CC,1,90.89,集合住宅,鋼筋混凝土造,114年6月11日,十五層,,
RPXOMLOLKHLGFBB48CC,1,9.40,本共有部分係依使用執照之建築概要表記載項目有：梯廳、排煙室、樓梯間、一般昇降機、緊急昇降機、門廳、資源回收室、管委會使用空間、車道、梯間、戶外機電設備、機房、水表箱室、水箱、電梯機房等十五項,鋼筋混凝土造,114年6月11日,十五層,,
RPPNMLOLKHLGFCB67CC,28,23.64,住家用,鋼筋混凝土造,86年11月21日,十二層,,
RPXOMLOLKHLGFBB48CC,1,14.10,本共有部分係依使用執照之建築概要表記載項目有：梯廳、排煙室、樓梯間、一般昇降機、緊急昇降機等五項,鋼筋混凝土造,114年6月11日,十五層,,
RPPNMLOLKHLGFCB67CC,28,5.94,共有部份,鋼筋混凝土造,86年11月21日,十二層,,
RPXOMLOLKHLGFBB48CC,1,47.17,本共有部分係依使用執照之建築概要表記載項目有：防空避難室兼停車空間、排煙室、樓梯間、一般昇降機、緊急昇降機、雨污水機房、消防機房、水箱、車道、停車空間、緊急發電機室、台電配電室、機車停車區、電信室、水景機房等十五項,鋼筋混凝土造,114年6月11日,十五層,,
RPPNMLOLKHLGFCB67CC,28,6.19,共有部份,鋼筋混凝土造,86年11月21日,十二層,,
RPPPMLOLKHLGFBB77CC,2,59.79,集合住宅,鋼筋混凝土造,113年6月5日,十五層,,
RPPPMLOLKHLGFBB77CC,2,57.17,本共有部份係依使用執照之建築概要表記載項目有：防空避難室兼停車空間，水箱，排煙室，樓梯間，緊急昇降機，一般昇降機，消防機房，雨水機房，機房，緊急發電機室，停車空間，台電配電室，電信室，機車停車空間，梯廳，機電設備空間，頂蓋型開放空間，管委會使用空間，公共服務空間，走廊，資源回收中心，游泳池，梯間，電梯機房，水錶箱室等２５項,鋼筋混凝土造,113年6月5日,十五層,,
RPTNMLOLKHLGFDB18CC,29,21.27,住商用,鋼筋混凝土造,86年4月9日,九層,,
RPTNMLOLKHLGFDB18CC,29,12.09,共有部份,鋼筋混凝土造,86年4月9日,九層,,
RPUOMLOLKHLGFCB28CC,31,16.12,住家用,鋼筋混凝土造,84年4月20日,十五層,,
RPUOMLOLKHLGFCB28CC,31,6.61,共有部份,鋼筋混凝土造,84年4月20日,十五層,,
RPQNMLOLKHLGFDB87CC,2,101.91,集合住宅,鋼筋混凝土造,112年10月1日,十五層,,
RPWNMLOLKHLGFCB38CC,53,115.92,店舖,鐵筋加強磚造,62年6月1日,二層,,
RPQNMLOLKHLGFDB87CC,2,73.08,本共有部分之項目有防空避難室兼停車空間、特別安全梯、消防機房、昇降機間、無障礙兼安全梯、污水機房、梯廳兼排煙室、水箱、停車空間、台電配電室、電信機房、電錶室、水池機房、發電機房、公共服務空間、梯廳、管委會使用空間、車道、社區門廊、戶外安全梯、無障礙兼戶外安全梯、梯間、消防水箱、水錶室、電梯機房等二十五項,鋼筋混凝土造,112年10月1日,十五層,,
RPPOMLOLKHLGFCB77CC,7,84.86,集合住宅,鋼筋混凝土造,108年6月11日,十一層,,
RPPOMLOLKHLGFCB77CC,7,41.75,本共有部分係依使用執照之建築概要表記仔項目有：停車空間、樓電梯間、梯廳、消防機房、水箱、防空避難室兼停車空間、台電配電室、發電機室、電信室、管委會空間、梯廳兼走廊、儲藏室、機械室、戶外安全梯等１４項。,鋼筋混凝土造,108年6月11日,十一層,,
RPVNMLOLKHLGFCB28CC,31,32.21,住家用,鋼筋混凝土造,84年4月24日,七層,,
RPPNMLOLKHLGFFB97CC,1,78.60,集合住宅,鋼筋混凝土造,113年10月11日,二十二層,,
RPROMLOLKHLGFCB97CC,7,58.30,集合住宅,鋼筋混凝土造,108年6月11日,十一層,,
RPVNMLOLKHLGFCB28CC,31,18.09,共有部份,鋼筋混凝土造,84年4月24日,七層,,
RPROMLOLKHLGFCB97CC,7,30.04,本共有部分係依使用執照之建築概要表記仔項目有：停車空間、樓電梯間、梯廳、消防機房、水箱、防空避難室兼停車空間、台電配電室、發電機室、電信室、管委會空間、梯廳兼走廊、儲藏室、機械室、戶外安全梯等１４項。,鋼筋混凝土造,108年6月11日,十一層,,
RPPNMLOLKHLGFFB97CC,1,39.55,防空避難室兼停車空間、排煙室、樓梯間、一般昇降機、緊急昇降機、消防機房、污水機房、雨水機房、Ａ梯水箱、Ｂ梯水箱、車道、梯廳、停車空間、機房、台電配電室、電信室、緊急發電機室、消防中繼機房、防災中心、管委會使用空間、外廊、資源回收室、門廳兼梯廳、無障礙廁所、機車停車區、水錶箱室、梯間、水箱、電梯機房等２９項。,鋼筋混凝土造,113年10月11日,二十二層,,
RPQOMLOLKHLGFCB87CC,7,84.86,集合住宅,鋼筋混凝土造,108年6月11日,十一層,,
RPQOMLOLKHLGFCB87CC,7,41.75,本共有部分係依使用執照之建築概要表記仔項目有：停車空間、樓電梯間、梯廳、消防機房、水箱、防空避難室兼停車空間、台電配電室、發電機室、電信室、管委會空間、梯廳兼走廊、儲藏室、機械室、戶外安全梯等１４項。,鋼筋混凝土造,108年6月11日,十一層,,
RPQNMLOLKHLGFFB08CC,1,50.48,集合住宅,鋼筋混凝土造,113年10月24日,十五層,,
RPQNMLOLKHLGFFB08CC,1,57.43,防空避難室兼停車空間、一般昇降機、安全梯無障礙樓梯、緊急昇降機行動不便者、水箱、梯廳兼排煙室、機房、雨汙水機房、消防機房、停車空間、電信室、機械室、緊急發電機室、台電配電室、電錶區、梯廳、垃圾暫存室、車道、機車停車空間、戶外安全梯、管理委員會使用空間、戶外安全梯無障礙樓梯、排煙室、機電設備空間、室內安全梯無障礙樓梯、梯間、機械室（水錶室）、昇降機道、室內安全梯、電梯機房等３０項,鋼筋混凝土造,113年10月24日,十五層,,
RPTNMLOLKHLGFFB38CC,5,9.10,集合住宅,鋼筋混凝土造,109年8月25日,五層,,
RPTNMLOLKHLGFFB38CC,5,5.07,梯廳、安全梯、升降機、管道間、走廊、安全梯間、升降機機械室、水箱、停車空間、電信室、消防機室、發電機室、台電配電室、安全梯Ａ,鋼筋混凝土造,109年8月25日,五層,,
RPSNMLOLKHLGFFB28CC,1,56.99,集合住宅,鋼筋混凝土造,114年6月6日,二十八層,,
RPSNMLOLKHLGFFB28CC,1,15.43,排煙室、昇降機、無障礙安全梯、特別安全梯、無障礙樓梯、梯廳兼排煙室、梯廳、管委會空間、中繼機房、中繼水箱、電梯間、水錶室、樓梯間、電梯機房、機電空間、水箱、安全梯、水箱機房、消防水箱等１９項,鋼筋混凝土造,114年6月6日,二十八層,,
RPSNMLOLKHLGFFB28CC,1,37.90,消防機房、雨水回收機房、車道、機房、水箱、停車空間、進風管道、公共水箱、防空避難室兼停車空間、台電配電室、發電機房、泳池水箱、公共電氣室、機車車道、管委會使用空間、昇降機、大廳、梯廳、警衛室、儲藏室、風除室、排風機房、防災中心、電信室、垃圾暫存室、附屬社區共用空間、附屬共用廚房、機電設備空間、電梯間、設備空間、泳池機房、景觀機房、游泳池、管委會空間、樓電梯間、機電空間、樓梯間等３７項,鋼筋混凝土造,114年6月6日,二十八層,,
RPXNMLOLKHLGFFB78CC,5,9.22,集合住宅,鋼筋混凝土造,109年8月25日,五層,,
RPXNMLOLKHLGFFB78CC,5,5.11,梯廳、安全梯、升降機、管道間、走廊、安全梯間、升降機機械室、水箱、停車空間、電信室、消防機室、發電機室、台電配電室、安全梯Ａ,鋼筋混凝土造,109年8月25日,五層,,
RPPOMLOLKHLGFFB08CC,5,9.22,集合住宅,鋼筋混凝土造,109年8月25日,五層,,
RPPOMLOLKHLGFFB08CC,5,5.11,梯廳、安全梯、升降機、管道間、走廊、安全梯間、升降機機械室、水箱、停車空間、電信室、消防機室、發電機室、台電配電室、安全梯Ａ,鋼筋混凝土造,109年8月25日,五層,,
RPSOMLOLKHLGFFB38CC,5,9.32,集合住宅,鋼筋混凝土造,109年8月25日,五層,,
RPSOMLOLKHLGFFB38CC,5,5.18,梯廳、安全梯、升降機、管道間、走廊、安全梯間、升降機機械室、水箱、停車空間、電信室、消防機室、發電機室、台電配電室、安全梯Ａ,鋼筋混凝土造,109年8月25日,五層,,
RPQOMLOLKHLGFFB18CC,5,9.32,集合住宅,鋼筋混凝土造,109年8月25日,五層,,
RPQOMLOLKHLGFFB18CC,5,5.18,梯廳、安全梯、升降機、管道間、走廊、安全梯間、升降機機械室、水箱、停車空間、電信室、消防機室、發電機室、台電配電室、安全梯Ａ,鋼筋混凝土造,109年8月25日,五層,,
RPQPMLOLKHLGFFB28CC,7,63.98,集合住宅,鋼筋混凝土造,107年10月26日,十五層,,
RPQPMLOLKHLGFFB28CC,7,60.70,停車空間、樓梯間、昇降機間、排煙室、水箱、機房、消防機房、車道、污水處理機房、電信室、緊急發電機室、防空避難室兼停車空間、台電配電室、梯廳、頂蓋型開放空間、垃圾集中室、管委會空間、門廳、外廊、儲藏室、水錶箱室、電梯機房、梯間,鋼筋混凝土造,107年10月26日,十五層,,
RPVPMLOLKHLGFFB78CC,7,44.28,集合住宅,鋼筋混凝土造,108年3月27日,十五層,,
RPXPMLOLKHLGFFB98CC,1,79.75,集合住宅,鋼筋混凝土造,113年10月21日,十五層,,
RPVPMLOLKHLGFFB78CC,7,6.91,排風機房、進風機房、消防機房、雨汙水機房、防空避難室兼停車空間、車道、機車停車空間、台電配電室、電信機房、管委會使用空間（垃圾儲藏空間）、緊急發電機室、門廳、管委會使用空間等１３項。,鋼筋混凝土造,108年3月27日,十五層,,
RPWPMLOLKHLGFFB88CC,33,86.20,住家用,鋼筋混凝土造,81年10月30日,七層,,
RPXPMLOLKHLGFFB98CC,1,71.94,停車空間、梯廳、雨污水機房、消防機房、水箱、樓梯間、電梯、電信機房、發電機房、防空避難室兼停車空間、噴灌機房、機房、台電配電室、公共服務空間、管委會使用空間、梯廳兼排煙室、電梯機房等１７項,鋼筋混凝土造,113年10月21日,十五層,,
RPVPMLOLKHLGFFB78CC,7,13.78,排煙室、特別安全梯、水箱、電表室、梯廳兼排煙室、梯廳、樓梯間、水錶室、機房、消防水箱、電梯機房等１１項。,鋼筋混凝土造,108年3月27日,十五層,,
RPWPMLOLKHLGFFB88CC,33,7.66,走廊,鋼筋混凝土造,81年10月30日,七層,,
RPWPMLOLKHLGFFB88CC,33,11.72,樓梯、電梯間及機械房,鋼筋混凝土造,81年10月30日,七層,,
RPVOMLOLKHLGFFB68CC,46,69.50,集合住宅,鋼筋混凝土造,68年12月28日,五層,,
RPWPMLOLKHLGFFB88CC,33,2.99,門廊前、水箱、配電室、消防機房、門廊,鋼筋混凝土造,81年10月30日,七層,,
RPWOMLOLKHLGFCB48CC,12,98.47,住家用,鋼筋混凝土造,102年10月17日,十四層,,
RPWOMLOLKHLGFCB48CC,12,70.54,本共有部分之項目有停車空間、污水機房、消防機房、梯廳、樓梯間、排煙室、水箱、電信室、防空避難室兼停車空間、台電配電室、緊急發電機室、人行道、門廳、梯間、外廊、車道、電梯機房、垃圾儲藏室、儲藏室、休閒室、遊戲室、會議室等二十二項。,鋼筋混凝土造,102年10月17日,十四層,,
RPWOMLOLKHLGFCB48CC,12,12.82,住家用,鋼筋混凝土造,102年10月17日,十四層,,
RPUPMLOLKHLGFFB68CC,3,53.67,集合住宅,鋼筋混凝土造,111年10月6日,十五層,,
RPUPMLOLKHLGFFB68CC,3,10.61,消防機房、機房、水箱、雨水機房、污水機房、安全梯、排風管道、電信室、防空避難室兼停車空間、台電配電室、發電機房、管委會使用空間、水景機房、泳池機房、游泳池、梯廳、風除室、外廊、大廳、警衛室等２０項,鋼筋混凝土造,111年10月6日,十五層,,
RPUPMLOLKHLGFFB68CC,3,15.51,排煙室、升降機、緊急升降機兼無障礙升降機、通風管道、特別安全梯、梯廳、梯廳兼排煙室、走道、電梯機房、水錶室、消防水箱、自來水箱等１２項,鋼筋混凝土造,111年10月6日,十五層,,
RPOQMLOLKHLGFFB18CC,43,80.66,國民住宅,鋼筋混凝土造,72年2月3日,五層,,
RPOQMLOLKHLGFFB18CC,43,1.40,梯間、國民住宅,鋼筋混凝土造,72年2月3日,五層,,
RPUNMLOLKHLGFIB78CC,10,19.38,集合住宅,鋼筋混凝土造,105年1月27日,九層,,
RPUNMLOLKHLGFIB78CC,10,16.69,本共有部分之項目有防空避難室兼停車空間、停車空間（汽車升降機械道）、電信室、水箱、甲、乙安全梯、電梯梯廳、台電配電室、牌樓、消防機房兼發電機室、人行道、管委會空間、停車空間（含車道、汽車升降機）、走廊、樓梯間等１４項,鋼筋混凝土造,105年1月27日,九層,,
RPOPMLOLKHLGFCB77CC,26,89.51,住家用,鋼筋混凝土造,88年12月24日,九層,,
RPXOMLOLKHLGFCB58CC,,1011.89,一般零售場所、外廊、發電機房兼消防泵浦室,鋼骨造,114年9月24日,二層,,
RPQPMLOLKHLGFCB97CC,29,14.85,住家用,鋼筋混凝土造,86年4月8日,十三層,,
RPRPMLOLKHLGFCB08CC,28,68.24,住家用,鋼筋混凝土造,86年8月15日,十二層,,
RPXOMLOLKHLGFCB58CC,,180.26,店鋪、外廊,鋼骨造,114年9月24日,二層,,
RPQPMLOLKHLGFCB97CC,29,9.28,共有部份,鋼筋混凝土造,86年4月8日,十三層,,
RPRPMLOLKHLGFCB08CC,28,20.87,共有部份,鋼筋混凝土造,86年8月15日,十二層,,
RPOPMLOLKHLGFCB77CC,26,25.21,共有部份,鋼筋混凝土造,88年12月24日,九層,,
RPOPMLOLKHLGFCB77CC,26,8.15,共有部份,鋼筋混凝土造,88年12月24日,九層,,
RPPPMLOLKHLGFCB87CC,34,112.87,住家用,鋼筋混凝土造,81年1月25日,七層,,
RPPPMLOLKHLGFCB87CC,34,14.76,共有部份,鋼筋混凝土造,81年1月25日,七層,,
RPPPMLOLKHLGFCB87CC,34,12.43,共有部份,鋼筋混凝土造,81年1月25日,七層,,
RPWNMLOLKHLGFIB98CC,10,15.08,集合住宅,鋼筋混凝土造,105年1月27日,九層,,
RPWNMLOLKHLGFIB98CC,10,16.44,本共有部分之項目有防空避難室兼停車空間、停車空間（汽車升降機械道）、電信室、水箱、甲、乙安全梯、電梯梯廳、台電配電室、牌樓、消防機房兼發電機室、人行道、管委會空間、停車空間（含車道、汽車升降機）、走廊、樓梯間等１４項,鋼筋混凝土造,105年1月27日,九層,,
RPPOMLOLKHLGFIB38CC,3,49.47,集合住宅,鋼筋混凝土造,111年8月5日,二十層,,
RPWNMLOLKHLGFIB98CC,10,4.68,公共設施（設備空間）,鋼筋混凝土造,105年1月27日,九層,,
RPPOMLOLKHLGFIB38CC,3,33.22,停車空間、梯廳、昇降機、無障礙電梯、樓梯間、車道、機房、雨、污水機械室、消防機械室兼消防中繼機械室、水箱、機械室、公共水箱、泳池機房、水景機房、機房機械室、電信室、發電機房、垃圾貯存空間、台電配電場所、電錶區等２０項。,鋼筋混凝土造,111年8月5日,二十層,,
RPPOMLOLKHLGFIB38CC,3,16.13,管委會使用空間、梯廳、排煙室、緊急昇降機、昇降機、無障礙電梯、防災中心、警衛室、游泳池、樓梯間、水錶室、消防中繼機械室、消防水箱、設備空間、機械室、自來水箱等１６項。,鋼筋混凝土造,111年8月5日,二十層,,
RPQOMLOLKHLGFIB48CC,9,90.92,集合住宅,鋼筋混凝土造,106年2月10日,十五層,,
RPQOMLOLKHLGFIB48CC,9,48.17,本共有部分之項目有防空避難空間兼停車空間、車道、排煙室（昇降機間）、安全梯、梯廳、消防機械室、污水機械室、水箱、停車空間、發電機室、台電配電室、電信室等１２項,鋼筋混凝土造,106年2月10日,十五層,,
RPRNMLOLKHLGFJB58CC,34,76.91,集合住宅,鋼筋混凝土造,80年10月7日,十三層,,
RPQOMLOLKHLGFIB48CC,9,8.28,本共有部分之項目有公共服務空間（交誼、休閒）、梯廳、排煙室（昇降機間）、管委會使用空間、戶外安全梯、垃圾暫存室、車道等７項,鋼筋混凝土造,106年2月10日,十五層,,
RPRNMLOLKHLGFJB58CC,34,8.29,水塔、梯間、避難室、機械室,鋼筋混凝土造,80年10月7日,十三層,,
RPQOMLOLKHLGFIB48CC,9,20.47,本共有部分之項目有梯廳、排煙室（昇降機間）、戶外安全梯、走廊、梯間、機械室、水錶室、水箱等８項,鋼筋混凝土造,106年2月10日,十五層,,
RPSOMLOLKHLGFIB68CC,6,62.48,集合住宅,鋼筋混凝土造,109年3月31日,十五層,,
RPSOMLOLKHLGFIB68CC,6,57.81,本共有部分之項目有梯間、樓梯間、機電空間、水箱、停車空間、管委會空間、防空避難室、門廳、梯廳等９項。,鋼筋混凝土造,109年3月31日,十五層,,
RPTNMLOLKHLGFJB78CC,2,52.76,集合住宅,鋼筋混凝土造,113年3月27日,十五層,,
RPTNMLOLKHLGFJB78CC,2,50.99,停車空間兼防空避難室、安全梯間、車道、停車空間、排煙室、台電配電室、污水機房、電錶室、水箱、消防機房、電信室、發電機房、一般昇降機、緊急昇降機、管道間、管理委員會使用空間（會客空間、資源回收室）、梯廳、排煙室兼梯廳、安全梯、儲藏室、機械室、水錶室、樓梯間、水箱、電梯機房等２５項。,鋼筋混凝土造,113年3月27日,十五層,,
RPSNMLOLKHLGFJB68CC,30,89.42,集合住宅,鋼筋混凝土造,85年2月9日,七層,,
RPSNMLOLKHLGFJB68CC,30,26.89,共有部份,鋼筋混凝土造,85年2月9日,七層,,
RPXNMLOLKHLGFKB66CC,31,93.62,住家用,鋼筋混凝土造,84年4月1日,十二層,,
RPXNMLOLKHLGFKB66CC,31,13.96,避難室、停車空間,鋼筋混凝土造,84年4月1日,十二層,,
RPQNMLOLKHLGFKB58CC,33,17.14,住家用,鋼筋混凝土造,82年4月25日,六層,,
RPXNMLOLKHLGFKB66CC,31,14.64,梯間、走道、機械室、水箱,鋼筋混凝土造,84年4月1日,十二層,,
RPQNMLOLKHLGFKB58CC,33,4.40,住家用,鋼筋混凝土造,82年4月25日,六層,,
RPXNMLOLKHLGFKB66CC,31,.10,守衛室,鋼筋混凝土造,84年4月1日,十二層,,
RPQNMLOLKHLGFKB58CC,33,5.56,住家用,鋼筋混凝土造,82年4月25日,六層,,
RPUNMLOLKHLGFKB98CC,46,52.08,住家用,鋼筋混凝土造,69年5月28日,四層,,
RPSNMLOLKHLGFKB78CC,33,10.00,住家用,鋼筋混凝土造,82年3月17日,五層,,
RPUNMLOLKHLGFKB98CC,46,52.08,住家用,鋼筋混凝土造,69年5月28日,四層,,
RPSPMLOLKHLGFCB18CC,33,35.54,住家用,鋼筋混凝土造,82年1月18日,十五層,,
RPSPMLOLKHLGFCB18CC,33,12.48,共有部份,鋼筋混凝土造,82年1月18日,十五層,,
RPPOMLPLKHLGFBB77CC,33,71.33,住家用,鋼筋混凝土造,81年11月10日,七層,,
RPPOMLPLKHLGFBB77CC,33,12.29,共有部分,鋼筋混凝土造,81年11月10日,七層,,
RPROMLPLKHLGFBB97CC,2,82.84,集合住宅,鋼筋混凝土造,113年6月5日,十五層,,
RPROMLPLKHLGFBB97CC,2,68.35,本共有部份係依使用執照之建築概要表記載項目有：防空避難室兼停車空間，水箱，排煙室，樓梯間，緊急昇降機，一般昇降機，消防機房，雨水機房，機房，緊急發電機室，停車空間，台電配電室，電信室，機車停車空間，梯廳，機電設備空間，頂蓋型開放空間，管委會使用空間，公共服務空間，走廊，資源回收中心，游泳池，梯間，電梯機房，水錶箱室等２５項,鋼筋混凝土造,113年6月5日,十五層,,
RPQOMLPLKHLGFBB87CC,4,86.73,集合住宅,鋼筋混凝土造,111年4月25日,十五層,,
RPQOMLPLKHLGFBB87CC,4,67.34,本共有部分係依使用執照之建築概要表記載項目有：防空避難室兼停車空間、排煙室、樓梯間、昇降機間、消防機房、雨水機房、車道、水箱、停車空間、機械室、台電配電室、電信室、發電機房、門廳、走廊、頂蓋型開放空間、公共服務空間、資源回收中心、梯廳、梯間、水錶箱室、電梯機房等２２項。,鋼筋混凝土造,111年4月25日,十五層,,
RPSOMLPLKHLGFBB08CC,19,47.76,住家用,鋼筋混凝土造,95年12月25日,十四層,,
RPSOMLPLKHLGFBB08CC,19,12.06,共有部份,鋼筋混凝土造,95年12月25日,十四層,,
RPSOMLPLKHLGFBB08CC,19,7.42,共有部份,鋼筋混凝土造,95年12月25日,十四層,,
RPQNMLPLKHLGFCB87CC,10,707.87,店舖、停車空間、住宅,鋼骨造,104年11月11日,三層,,
RPTNMLPLKHLGFCB18CC,6,26.45,招待所（僅對特定對象提供臨時性住宿服務之招待所）,鋼筋混凝土造,109年4月30日,五層,,
RPUNMLPLKHLGFCB28CC,6,22.15,招待所（僅對特定對象提供臨時性住宿服務之招待所）,鋼筋混凝土造,109年4月30日,五層,,
RPVNMLPLKHLGFAB18CC,11,85.82,集合住宅,鋼筋混凝土造,103年8月22日,十五層,,
RPVNMLPLKHLGFAB18CC,11,49.09,本共有部分係依使用執照之建築概要表記載項目有：停車空間、（梯廳）排煙室、梯間、汙水機房、水箱、電信室、防空避難室兼停車空間、發電機機械室、消防機械室、人行道、垃圾處理室、管委會使用空間、梯廳、車道、機車停車區、戶外安全梯、安全梯、昇降機間、機械室、水錶室、台電配電室、梯間（排煙室）等共２２項,鋼筋混凝土造,103年8月22日,十五層,,
RPPOMLPLKHLGFAB67CC,33,18.68,住家用,鋼筋混凝土造,82年2月3日,七層,,
RPPOMLPLKHLGFAB67CC,33,10.42,防空避難室，儲藏室，水箱，梯間,鋼筋混凝土造,82年2月3日,七層,,
RPXNMLPLKHLGFAB38CC,30,23.67,集合住宅,鋼骨鋼筋混凝土造,85年5月20日,十九層,,
RPXNMLPLKHLGFAB38CC,30,4.39,共同使用,鋼骨鋼筋混凝土造,85年5月20日,十九層,,
RPXNMLPLKHLGFAB38CC,30,6.02,共同使用,鋼骨鋼筋混凝土造,85年5月20日,十九層,,
RPRNMLPLKHLGFFB28CC,1,49.44,集合住宅,鋼筋混凝土造,114年6月6日,二十八層,,
RPSNMLPLKHLGFAB87CC,29,142.68,住商用,鋼筋混凝土造,86年6月25日,八層,,
RPSNMLPLKHLGFAB87CC,29,2.98,共有部分,鋼筋混凝土造,86年6月25日,八層,,
RPSNMLPLKHLGFAB87CC,29,7.05,共有部分,鋼筋混凝土造,86年6月25日,八層,,
RPSNMLPLKHLGFAB87CC,29,45.49,共有部分,鋼筋混凝土造,86年6月25日,八層,,
RPRNMLPLKHLGFFB28CC,1,13.28,排煙室、昇降機、無障礙安全梯、特別安全梯、無障礙樓梯、梯廳兼排煙室、梯廳、管委會空間、中繼機房、中繼水箱、電梯間、水錶室、樓梯間、電梯機房、機電空間、水箱、安全梯、水箱機房、消防水箱等１９項,鋼筋混凝土造,114年6月6日,二十八層,,
RPRNMLPLKHLGFFB28CC,1,11.46,消防機房、雨水回收機房、車道、機房、水箱、停車空間、進風管道、公共水箱、防空避難室兼停車空間、台電配電室、發電機房、泳池水箱、公共電氣室、機車車道、管委會使用空間、昇降機、大廳、梯廳、警衛室、儲藏室、風除室、排風機房、防災中心、電信室、垃圾暫存室、附屬社區共用空間、附屬共用廚房、機電設備空間、電梯間、設備空間、泳池機房、景觀機房、游泳池、管委會空間、樓電梯間、機電空間、樓梯間等３７項,鋼筋混凝土造,114年6月6日,二十八層,,
RPSNMLPLKHLGFFB38CC,7,96.43,集合住宅,鋼筋混凝土造,108年3月27日,十五層,,
RPSNMLPLKHLGFFB38CC,7,14.82,排風機房、進風機房、消防機房、雨汙水機房、防空避難室兼停車空間、車道、機車停車空間、台電配電室、電信機房、管委會使用空間（垃圾儲藏空間）、緊急發電機室、門廳、管委會使用空間等１３項。,鋼筋混凝土造,108年3月27日,十五層,,
RPSNMLPLKHLGFFB38CC,7,33.76,停車空間、車道、防空避難室兼停車空間等３項。,鋼筋混凝土造,108年3月27日,十五層,,
RPSNMLPLKHLGFFB38CC,7,29.48,排煙室、特別安全梯、水箱、電表室、梯廳兼排煙室、梯廳、樓梯間、水錶室、機房、消防水箱、電梯機房等１１項。,鋼筋混凝土造,108年3月27日,十五層,,
RPWNMLPLKHLGFFB78CC,,63.85,集合住宅,鋼筋混凝土造,114年10月2日,十五層,,
RPWNMLPLKHLGFFB78CC,,56.01,防空避難室兼停車空間、梯廳、排煙室、樓梯間、昇降機間、Ａ梯水箱—２、Ｄ梯水箱—３、污水處理機房、消防機房、車道、停車空間、Ｂ梯水箱—２、Ｄ梯水箱—２、電信室、Ａ梯水箱—１、Ｄ梯水箱—１、台電配電室、緊急發電機室、水景機房、機械室、Ｃ梯水箱—１、Ｂ梯水箱—１、門廳、垃圾集中室、管委會空間、外廊、水錶室、電梯機房、水箱、梯間等３０項。,鋼筋混凝土造,114年10月2日,十五層,,
RPROMLPLKHLGFCB08CC,30,29.98,住家用,鋼筋混凝土造,85年5月27日,十九層,,
RPROMLPLKHLGFCB08CC,30,6.16,共有部分,鋼筋混凝土造,85年5月27日,十九層,,
RPROMLPLKHLGFCB08CC,30,19.02,共有部分,鋼筋混凝土造,85年5月27日,十九層,,
RPVNMLPLKHLGFFB68CC,1,49.44,集合住宅,鋼筋混凝土造,114年6月6日,二十八層,,
RPUOMLPLKHLGFCB38CC,31,21.87,住家用,鋼筋混凝土造,83年8月19日,十二層,,
RPVNMLPLKHLGFFB68CC,1,13.38,排煙室、昇降機、無障礙安全梯、特別安全梯、無障礙樓梯、梯廳兼排煙室、梯廳、管委會空間、中繼機房、中繼水箱、電梯間、水錶室、樓梯間、電梯機房、機電空間、水箱、安全梯、水箱機房、消防水箱等１９項,鋼筋混凝土造,114年6月6日,二十八層,,
RPUOMLPLKHLGFCB38CC,31,7.36,共有部份,鋼筋混凝土造,83年8月19日,十二層,,
RPTOMLPLKHLGFCB28CC,4,56.60,集合住宅,鋼筋混凝土造,110年12月3日,十二層,,
RPVNMLPLKHLGFFB68CC,1,11.46,消防機房、雨水回收機房、車道、機房、水箱、停車空間、進風管道、公共水箱、防空避難室兼停車空間、台電配電室、發電機房、泳池水箱、公共電氣室、機車車道、管委會使用空間、昇降機、大廳、梯廳、警衛室、儲藏室、風除室、排風機房、防災中心、電信室、垃圾暫存室、附屬社區共用空間、附屬共用廚房、機電設備空間、電梯間、設備空間、泳池機房、景觀機房、游泳池、管委會空間、樓電梯間、機電空間、樓梯間等３７項,鋼筋混凝土造,114年6月6日,二十八層,,
RPVOMLPLKHLGFCB48CC,31,22.90,住家用,鋼筋混凝土造,83年11月22日,七層,,
RPTOMLPLKHLGFCB28CC,4,62.45,本共有部分係依使用執照之建築物概要表記載項目有：停車空間兼防空避難室、消防機械室、雨／汙水機房、水箱、梯廳兼排煙室、一般昇降機、緊急昇降機、車道、停車空間、緊急發電機室、台電配電室、電錶室、電信室、管委會行政區、管委會會議區、管委會回收室、梯廳、戶外安全梯甲、戶外安全梯乙、安全梯、樓梯間、排煙室、昇降機機械室等２３項。,鋼筋混凝土造,110年12月3日,十二層,,
RPPOMLPLKHLGFCB87CC,17,512.57,補習班、樓梯間,鋼筋混凝土造,97年8月27日,四層,,
RPVOMLPLKHLGFCB48CC,31,10.07,共有部份,鋼筋混凝土造,83年11月22日,七層,,
RPPPMLPLKHLGFCB97CC,28,38.97,辦公室,鋼筋混凝土造,86年12月16日,二十三層,,
RPPPMLPLKHLGFCB97CC,28,7.21,共有部份,鋼筋混凝土造,86年12月16日,二十三層,,
RPQOMLPLKHLGFCB97CC,30,32.84,住家用,鋼筋混凝土造,85年5月27日,十九層,,
RPPPMLPLKHLGFCB97CC,28,5.45,共有部份,鋼筋混凝土造,86年12月16日,二十三層,,
RPPPMLPLKHLGFCB97CC,28,6.85,共有部份,鋼筋混凝土造,86年12月16日,二十三層,,
RPQOMLPLKHLGFCB97CC,30,8.43,共有部分,鋼筋混凝土造,85年5月27日,十九層,,
RPQOMLPLKHLGFCB97CC,30,17.99,共有部分,鋼筋混凝土造,85年5月27日,十九層,,
RPOPMLPLKHLGFCB87CC,32,91.35,住家用,鋼筋混凝土造,83年7月13日,十六層,,
RPQPMLPLKHLGFCB08CC,15,242.94,集合住宅、機電設備室,鋼骨鋼筋混凝土造,99年10月13日,三十二層,,
RPOPMLPLKHLGFCB87CC,32,31.99,共有部份,鋼筋混凝土造,83年7月13日,十六層,,
RPQPMLPLKHLGFCB08CC,15,102.74,共有部份之項目有：停車空間、消防、污水設備室、梯廳、梯間、防空避難室兼停車空間、泳池清水池、清水池、台電專用管道、揚水設備區、機電設備室、門廳、發電機室、防災中心、管理室、外廊、台電配電室Ａ、電信室、社區資源回收室、排煙室、守衛室、門廊、車道、廣場式開放空間（有頂蓋）兼外廊、清潔儲藏室、電錶設備區、社區自用游泳池、社區多功能運動中心、台電配電室Ｂ、社區交誼廳、社區健身韻律中心、儲藏室、消防中繼機房、水箱、機械室等三十四項。,鋼骨鋼筋混凝土造,99年10月13日,三十二層,,
RPOPMLPLKHLGFCB87CC,32,14.11,共有部份,鋼筋混凝土造,83年7月13日,十六層,,
RPPNMLPLKHLGFHB28CC,1,59.59,集合住宅,鋼筋混凝土造,113年10月25日,九層,,
RPPNMLPLKHLGFIB38CC,3,56.07,金融機構,鋼筋混凝土造,111年11月9日,十二層,,
RPPNMLPLKHLGFIB38CC,3,47.63,停車空間、機械室、水箱、梯廳、升降機間、安全梯、防空避難室兼停車空間、台電配電室、發電機室等９項。,鋼筋混凝土造,111年11月9日,十二層,,
RPRNMLPLKHLGFKB78CC,46,92.56,住家用,加強磚造,68年9月19日,二層,,
RPPNMLPLKHLGFHB28CC,1,43.82,本共有部分之項目有：戊梯（一般安全、行動不便）、電信室、電錶區、排煙室、台電配電室、台電專用管道間、水箱、污水機房、防空避難室兼停車空間、消防機房兼緊急發電機室、甲、丙、戊梯（一般安全、行動不便）、梯廳、一般昇降機、緊急昇降機、停車空間、乙、丁梯（一般安全）、管委會空間、資源回收室、甲、丙梯（一般安全、行動不便）、樓梯間、水錶室、機械室等二十二項,鋼筋混凝土造,113年10月25日,九層,,
RPQNMLPLKHLGFFB18CC,,86.81,集合住宅,鋼筋混凝土造,114年9月11日,十五層,,
RPQNMLPLKHLGFFB18CC,,65.11,防空避難室兼停車空間、梯間、機房、蓄水池、停車空間、台電配電場所、管委會空間、公共服務空間、垃圾車暫存區、外廊、廊道、昇降機機房、水箱等１３項,鋼筋混凝土造,114年9月11日,十五層,,
RPOOMLPLKHLGFAB57CC,39,90.49,住家用,鋼筋混凝土造,76年7月1日,五層,,
RPRNMLQLKHLGFBB97CC,30,24.44,住家用,鋼筋混凝土造,84年11月24日,二十四層,,
RPTOMLQLKHLGFBB28CC,4,57.14,集合住宅,鋼筋混凝土造,111年4月25日,十五層,,
RPRNMLQLKHLGFBB97CC,30,13.17,防空避難室，停車空間，門廳，樓梯間，機械室，水箱,鋼筋混凝土造,84年11月24日,二十四層,,
RPTOMLQLKHLGFBB28CC,4,53.28,本共有部分係依使用執照之建築概要表記載項目有：防空避難室兼停車空間、排煙室、樓梯間、昇降機間、消防機房、雨水機房、車道、水箱、停車空間、機械室、台電配電室、電信室、發電機房、門廳、走廊、頂蓋型開放空間、公共服務空間、資源回收中心、梯廳、梯間、水錶箱室、電梯機房等２２項。,鋼筋混凝土造,111年4月25日,十五層,,
RPPOMLQLKHLGFBB87CC,4,60.66,集合住宅,鋼筋混凝土造,111年7月28日,二十四層,,
RPPOMLQLKHLGFBB87CC,4,61.81,本共有部份係依使用執照之建築概要表記載項目有：防空避難室兼停車空間，排煙室，樓梯間，緊急昇降機，一般昇降機，污、雨水機械室，消防機械室，水箱，車道，停車空間，機電空間，電信室，緊急發電機室、台電配電室，防災中心，消防中繼機房，機械室，電錶區，水箱室，機車停車區，門廳，廁所，管委會使用空間，走廊，垃圾集中室，公共服務空間，頂蓋型開放空間，儲藏室，信箱室，宅配室，中繼水塔，梯間，梯廳，電梯機房，水錶箱室等３５項．,鋼筋混凝土造,111年7月28日,二十四層,,
RPROMLQLKHLGFBB08CC,12,173.79,住家用,鋼筋混凝土造,102年9月18日,二十層,,
RPROMLQLKHLGFBB08CC,12,36.52,本共有部份係依使用執照之建築概要表記載項目有：梯廳，梯間，排煙室，水錶室，消防機房，機房，水箱等７項,鋼筋混凝土造,102年9月18日,二十層,,
RPROMLQLKHLGFBB08CC,12,16.90,本共有部份係依使用執照之建築概要表記載項目有：人行道，梯廳，排煙室，公共服務空間，社區游泳池，開放空間，管委會使用空間，污物處理室，防災中心等９項,鋼筋混凝土造,102年9月18日,二十層,,
RPROMLQLKHLGFBB08CC,12,59.07,本共有部份係依使用執照之建築概要表記載項目有：停車空間，梯廳，排煙室，機房，水箱，停車空間兼防空避難室，台電配電室，電錶室，機車停車空間，電信室等１０項,鋼筋混凝土造,102年9月18日,二十層,,
RPPPMLQLKHLGFBB97CC,11,70.35,集合住宅,鋼筋混凝土造,104年4月16日,十四層,,
RPOPMLQLKHLGFBB87CC,37,34.64,住家用,鋼筋混凝土造,78年6月13日,八層,,
RPPPMLQLKHLGFBB97CC,11,36.19,本共有部分之項目有：停車空間、消防機械室、污水機房、發電機室、水箱、樓梯間、排煙室、行動不便電梯、緊急升降機、車道、防空避難室兼停車空間、機械室、電信室、台電配電室、機車停車空間、有頂蓋式開放空間兼騎樓、有頂蓋沿街步道式開放空間、公共服務空間、梯廳、門廳、垃圾集中區、電梯間、水錶室等二十三項。,鋼筋混凝土造,104年4月16日,十四層,,
RPOPMLQLKHLGFBB87CC,37,21.99,共有部份,鋼筋混凝土造,78年6月13日,八層,,
RPPPMLQLKHLGFBB97CC,11,15.68,本共有部分之項目有：梯廳、樓梯間、排煙室、行動不便電梯、緊急升降機等五項,鋼筋混凝土造,104年4月16日,十四層,,
RPWOMLQLKHLGFBB58CC,32,18.04,住家用,鋼筋混凝土造,82年11月9日,七層,,
RPWOMLQLKHLGFBB58CC,32,7.99,共有部份,鋼筋混凝土造,82年11月9日,七層,,
RPRPMLQLKHLGFBB18CC,2,54.60,集合住宅,鋼筋混凝土造,113年6月5日,十五層,,
RPRPMLQLKHLGFBB18CC,2,54.61,本共有部份係依使用執照之建築概要表記載項目有：防空避難室兼停車空間，水箱，排煙室，樓梯間，緊急昇降機，一般昇降機，消防機房，雨水機房，機房，緊急發電機室，停車空間，台電配電室，電信室，機車停車空間，梯廳，機電設備空間，頂蓋型開放空間，管委會使用空間，公共服務空間，走廊，資源回收中心，游泳池，梯間，電梯機房，水錶箱室等２５項,鋼筋混凝土造,113年6月5日,十五層,,
RPVOMLQLKHLGFBB48CC,30,19.50,住家用,鋼筋混凝土造,85年7月16日,十四層,,
RPVOMLQLKHLGFBB48CC,30,11.56,共有部份,鋼筋混凝土造,85年7月16日,十四層,,
RPRNMLQLKHLGFAB87CC,36,20.60,住家用,鋼筋混凝土造,78年9月9日,十二層,,
RPOOMLQLKHLGFAB67CC,31,23.15,住家用,鋼筋混凝土造,84年1月13日,十九層,,
RPVNMLQLKHLGFAB28CC,29,25.30,住家用,鋼骨造,86年1月31日,二十八層,,
RPOOMLQLKHLGFAB67CC,31,3.81,共有部分,鋼筋混凝土造,84年1月13日,十九層,,
RPSNMLQLKHLGFAB97CC,29,25.30,住家用,鋼骨造,86年1月31日,二十八層,,
RPOOMLQLKHLGFAB67CC,31,8.34,梯間．水箱．機械室,鋼筋混凝土造,84年1月13日,十九層,,
RPSNMLQLKHLGFAB97CC,29,.92,共同使用,鋼骨造,86年1月31日,二十八層,,
RPSNMLQLKHLGFAB97CC,29,7.69,公共設施,鋼骨造,86年1月31日,二十八層,,
RPVNMLQLKHLGFAB28CC,29,.92,共同使用,鋼骨造,86年1月31日,二十八層,,
RPSNMLQLKHLGFAB97CC,29,3.48,共有部分,鋼骨造,86年1月31日,二十八層,,
RPVNMLQLKHLGFAB28CC,29,7.69,公共設施,鋼骨造,86年1月31日,二十八層,,
RPTNMLQLKHLGFAB08CC,29,24.38,住家用,鋼骨造,86年1月31日,二十八層,,
RPVNMLQLKHLGFAB28CC,29,3.48,共有部分,鋼骨造,86年1月31日,二十八層,,
RPTNMLQLKHLGFAB08CC,29,1.17,共同使用,鋼骨造,86年1月31日,二十八層,,
RPTNMLQLKHLGFAB08CC,29,7.45,公共設施,鋼骨造,86年1月31日,二十八層,,
RPTNMLQLKHLGFAB08CC,29,4.55,共有部分,鋼骨造,86年1月31日,二十八層,,
RPSPMLQLKHLGFBB28CC,2,63.24,集合住宅,鋼筋混凝土造,113年6月5日,十五層,,
RPSPMLQLKHLGFBB28CC,2,58.80,本共有部份係依使用執照之建築概要表記載項目有：防空避難室兼停車空間，水箱，排煙室，樓梯間，緊急昇降機，一般昇降機，消防機房，雨水機房，機房，緊急發電機室，停車空間，台電配電室，電信室，機車停車空間，梯廳，機電設備空間，頂蓋型開放空間，管委會使用空間，公共服務空間，走廊，資源回收中心，游泳池，梯間，電梯機房，水錶箱室等２５項,鋼筋混凝土造,113年6月5日,十五層,,
RPTPMLQLKHLGFBB38CC,46,104.89,住家用,鋼筋混凝土造,69年7月9日,五層,,
RPUPMLQLKHLGFBB48CC,4,51.49,集合住宅,鋼筋混凝土造,111年1月12日,十五層,,
RPUPMLQLKHLGFBB48CC,4,49.48,本共有部分係依使用執照之建築概要表記載項目有：防空避難室兼停車空間，排煙室，樓梯間，昇降機間，雨汙水機房，消防機房，機械室，水箱，停車空間，緊急發電機室，電信室，景觀機房，梯廳，管理室，門廊，門廳，資源回收中心，管委會空間，水景機房，走廊，梯間，水錶箱室，電梯機房等２３項。,鋼筋混凝土造,111年1月12日,十五層,,
RPOQMLQLKHLGFBB97CC,28,115.82,住家用,鋼筋混凝土造,86年12月31日,十四層,,
RPOQMLQLKHLGFBB97CC,28,54.36,共有部份,鋼筋混凝土造,86年12月31日,十四層,,
RPVPMLQLKHLGFBB58CC,40,39.67,住家用,鋼筋混凝土造,75年4月22日,五層,,
RPPQMLQLKHLGFBB08CC,11,63.33,集合住宅,鋼筋混凝土造,104年2月5日,十二層,,
RPPQMLQLKHLGFBB08CC,11,43.60,本共有部分之項目有：停車空間、樓梯間、梯廳、昇降機間、消防機房、污水機房、水箱、法定防空避難室兼停車空間、台電配電室、分戶電錶室、緊急發電機室、電信室、排煙室、資源回收室、閱覽室、入口大廳、社區教室、健身房、廣場式有頂蓋開放空間、沿街步道式有頂蓋開放空間、機械室、車道等二十二項。,鋼筋混凝土造,104年2月5日,十二層,,
RPPQMLQLKHLGFBB08CC,11,9.29,本共有部分之項目有：樓梯間、梯廳、昇降機間、排煙室等四項,鋼筋混凝土造,104年2月5日,十二層,,
RPXPMLQLKHLGFBB78CC,31,78.98,住家用,鋼筋混凝土造,83年12月14日,十七層,,
RPXPMLQLKHLGFBB78CC,31,29.11,共有部份,鋼筋混凝土造,83年12月14日,十七層,,
RPWPMLQLKHLGFBB68CC,1,64.99,集合住宅,鋼筋混凝土造,114年1月16日,二十四層,,
RPWPMLQLKHLGFBB68CC,1,31.14,本共有部份係依使用執照之建築概要表記載項目有：防空避難室兼停車空間，排煙室，樓梯間，一般昇降機，緊急昇降機，汙水機械室，機械室，消防機房，水箱，車道，一般安全梯，停車空間，電信室，水景機械室，戲水池機房，緊急發電機室，台電配電室，消防蓄水池，電錶室，防災中心，消防中繼機房，梯廳，公設管委會使用空間，門廳，儲藏室，管理室，特別安全梯，梯間，消防水箱，水錶箱室，電梯機房等３２項。,鋼筋混凝土造,114年1月16日,二十四層,,
RPQQMLQLKHLGFBB18CC,31,78.50,住家用,鋼筋混凝土造,83年12月14日,十七層,,
RPQQMLQLKHLGFBB18CC,31,28.81,共有部份,鋼筋混凝土造,83年12月14日,十七層,,
RPRQMLQLKHLGFBB28CC,32,34.85,住家用,鋼筋混凝土造,82年12月14日,八層,,
RPRQMLQLKHLGFBB28CC,32,17.40,共有部分,鋼筋混凝土造,82年12月14日,八層,,
RPTNMLQLKHLGFCB28CC,31,16.93,住家用,鋼筋混凝土造,84年4月26日,八層,,
RPTNMLQLKHLGFCB28CC,31,9.15,共有部份,鋼筋混凝土造,84年4月26日,八層,,
RPQNMLQLKHLGFCB97CC,31,85.13,住家用,鋼筋混凝土造,83年11月8日,十四層,,
RPQNMLQLKHLGFCB97CC,31,24.10,共有部份,鋼筋混凝土造,83年11月8日,十四層,,
RPSNMLQLKHLGFCB18CC,22,96.20,集合住宅、機械室,ＲＣ造,93年7月5日,十四層,,
RPSNMLQLKHLGFCB18CC,22,59.82,共用,ＲＣ造,93年7月5日,十四層,,
RPRNMLQLKHLGFCB08CC,5,91.34,集合住宅,鋼筋混凝土造,110年7月22日,二十三層,,
RPRNMLQLKHLGFCB08CC,5,28.31,本共有部分係依使用執照之建築概要表記載項目有：防空避難室兼停車空間、一般昇降機間、緊急昇降機間、梯廳、排煙室、水箱、泵浦室、雨污水機房、消防機房、安全梯、車道、停車空間、發電機室、電信室、配電室、景觀水池機房、泳池機房、消防設備空間、機車停車空間、特別安全梯、機電設備空間、管委會使用空間、緩衝空間、防災中心、垃圾暫存室、機械室、消防中繼水箱、水錶室、電梯機房等２９項。,鋼筋混凝土造,110年7月22日,二十三層,,
RPRNMLQLKHLGFCB08CC,5,19.36,本共有部分係依使用執照之建築概要表記載項目有：梯廳、排煙室、機電設備空間、一般昇降機間、緊急昇降機間、特別安全梯、走廊等７項。,鋼筋混凝土造,110年7月22日,二十三層,,
RPPNMLQLKHLGFDB97CC,33,198.98,住家用,鋼筋混凝土造,81年9月15日,四層,,
RPRNMLQLKHLGFDB18CC,63,69.19,住家用,磚造,52年1月16日,二層,,
RPQNMLQLKHLGFDB08CC,32,89.42,住家用,鋼筋混凝土造,82年11月15日,十一層,,
RPQNMLQLKHLGFDB08CC,32,44.68,共有部份,鋼筋混凝土造,82年11月15日,十一層,,
RPOQMLQLKHLGFCB08CC,34,46.97,住家用,鋼筋混凝土造,81年1月22日,六層,,
RPOQMLQLKHLGFCB08CC,34,16.67,共有部份,鋼筋混凝土造,81年1月22日,六層,,
RPUPMLQLKHLGFCB58CC,44,107.52,住家用,鋼筋混凝土造,70年12月26日,四層,,
RPTNMLQLKHLGFFB58CC,5,102.12,集合住宅,鋼筋混凝土造,109年10月14日,十五層,,
RPTNMLQLKHLGFFB58CC,5,79.36,停車空間、樓梯間、昇降機間、排煙室、消防機房、污水處理機房、水箱、機車停車區、防空避難室兼停車空間、機房、台電配電室、緊急發電機室、電信室、水錶箱室、垃圾集中室、門廳、梯廳、梯間、電梯機房、車道、管委會空間（儲藏室）、管委會空間（會議室）等２２項,鋼筋混凝土造,109年10月14日,十五層,,
RPUNMLQLKHLGFFB68CC,1,71.07,集合住宅,鋼筋混凝土造,114年6月6日,二十八層,,
RPQPMLQLKHLGFCB18CC,2,61.58,集合住宅,鋼筋混凝土造,113年7月4日,二十四層,,
RPRNMLQLKHLGFFB38CC,,60.24,集合住宅,鋼筋混凝土造,114年8月11日,十五層,,
RPUNMLQLKHLGFFB68CC,1,19.27,排煙室、昇降機、無障礙安全梯、特別安全梯、無障礙樓梯、梯廳兼排煙室、梯廳、管委會空間、中繼機房、中繼水箱、電梯間、水錶室、樓梯間、電梯機房、機電空間、水箱、安全梯、水箱機房、消防水箱等１９項,鋼筋混凝土造,114年6月6日,二十八層,,
RPRNMLQLKHLGFFB38CC,,57.97,防空避難室兼停車空間、排煙室、樓梯間、昇降機間、消防機房、污水機房、水箱、車道、停車空間、機房、電信室、緊急發電機室、台電配電室、門廳、梯廳、管委會空間、垃圾集中室、廁所、宅配室、設備空間、梯間、水錶箱室、電梯機房等２３項。,鋼筋混凝土造,114年8月11日,十五層,,
RPRPMLQLKHLGFCB28CC,12,90.70,住家用,鋼筋混凝土造,102年10月17日,十四層,,
RPSPMLQLKHLGFCB38CC,27,108.60,住家用,鋼筋混凝土造,87年11月30日,九層,,
RPSPMLQLKHLGFCB38CC,27,55.45,共有部份,鋼筋混凝土造,87年11月30日,九層,,
RPRPMLQLKHLGFCB28CC,12,61.14,本共有部分之項目有停車空間、污水機房、消防機房、梯廳、樓梯間、排煙室、水箱、電信室、防空避難室兼停車空間、台電配電室、緊急發電機室、人行道、門廳、梯間、外廊、車道、電梯機房、垃圾儲藏室、儲藏室、休閒室、遊戲室、會議室等二十二項。,鋼筋混凝土造,102年10月17日,十四層,,
RPSPMLQLKHLGFCB38CC,27,9.73,共有部份,鋼筋混凝土造,87年11月30日,九層,,
RPQPMLQLKHLGFCB18CC,2,59.98,本共有部分係依使用執照之建築概要表記載項目有：防空避難室兼停車空間、排煙室、樓梯間、一般昇降機、緊急昇降機、污水機房、消防機房、水箱、車道、停車空間、緊急發電機室、防災中心、台電配電室、消防中繼機房、電信機房、機房、機車停車區、梯廳、梯間、廁所、電梯機房、垃圾集中室、公共服務空間、無障礙廁所等二十四項。,鋼筋混凝土造,113年7月4日,二十四層,,
RPOPMLQLKHLGFCB97CC,25,66.65,住家用,鋼筋混凝土造,89年11月4日,十四層,,
RPUNMLQLKHLGFFB68CC,1,41.19,消防機房、雨水回收機房、車道、機房、水箱、停車空間、進風管道、公共水箱、防空避難室兼停車空間、台電配電室、發電機房、泳池水箱、公共電氣室、機車車道、管委會使用空間、昇降機、大廳、梯廳、警衛室、儲藏室、風除室、排風機房、防災中心、電信室、垃圾暫存室、附屬社區共用空間、附屬共用廚房、機電設備空間、電梯間、設備空間、泳池機房、景觀機房、游泳池、管委會空間、樓電梯間、機電空間、樓梯間等３７項,鋼筋混凝土造,114年6月6日,二十八層,,
RPOPMLQLKHLGFCB97CC,25,42.57,共有部份,鋼筋混凝土造,89年11月4日,十四層,,
RPPPMLQLKHLGFCB08CC,28,23.14,住家用,鋼筋混凝土造,87年4月21日,五層,,
RPPPMLQLKHLGFCB08CC,28,14.41,共有部份,鋼筋混凝土造,87年4月21日,五層,,
RPPNMLQLKHLGFHB38CC,56,43.68,住家用,加強磚造,59年1月1日,二層,,
RPQNMLQLKHLGFHB48CC,26,84.03,住家用,鋼筋混凝土造,88年9月15日,十三層,,
RPQNMLQLKHLGFHB48CC,26,30.23,共有部分,鋼筋混凝土造,88年9月15日,十三層,,
RPQNMLQLKHLGFHB48CC,26,13.04,共有部分,鋼筋混凝土造,88年9月15日,十三層,,
RPVNMLQLKHLGFIB09CC,2,80.25,集合住宅,鋼筋混凝土造,113年3月25日,九層,,
RPVNMLQLKHLGFIB09CC,2,58.62,本共有部分之項目有停車空間、台電配電室、消防機房、電信室、電梯、樓梯間、梯廳、管理委員會空間、水塔間、昇降機間等十項。,鋼筋混凝土造,113年3月25日,九層,,
RPRNMLQLKHLGFHB58CC,28,92.29,住家用,鋼筋混凝土造,87年3月10日,八層,,
RPRNMLQLKHLGFHB58CC,28,31.46,共有部分,鋼筋混凝土造,87年3月10日,八層,,
RPRNMLQLKHLGFHB58CC,28,6.69,共有部分,鋼筋混凝土造,87年3月10日,八層,,
RPRNMLQLKHLGFIB68CC,46,109.18,住房．梯間,加強磚造,69年6月25日,二層,,
RPWNMLQLKHLGFIB56CC,34,91.42,集合住宅,鋼筋混凝土造,81年5月12日,十三層,,
RPWNMLQLKHLGFIB56CC,34,29.83,共有部份,鋼筋混凝土造,81年5月12日,十三層,,
RPTNMLQLKHLGFJB98CC,47,96.44,住宅、店舖,加強磚造,68年4月15日,二層,,
RPQNMLQLKHLGFKB78CC,3,56.14,集合住宅,鋼筋混凝土造,111年11月7日,十二層,,
RPQNMLQLKHLGFKB78CC,3,57.66,本共有部分項目有：防空避難室兼停車空間、消防機房、水箱、安全梯、梯廳、排煙室、一般昇降機、緊急昇降機、機械室、車道、停車空間、電信機房、台電配電室、發電機室、管委會使用空間、公共服務空間、垃圾處理室、戶外安全梯、機車停車空間、外廊、走廊、梯間、水錶室等２３項。,鋼筋混凝土造,111年11月7日,十二層,,
RPTNMLQLKHLGFKB09CC,3,62.35,集合住宅,鋼筋混凝土造,111年8月10日,五層,,
RPTNMLQLKHLGFKB09CC,3,20.36,停車空間、管委會辦公室、管理室、電信室、水箱間、樓梯間,鋼筋混凝土造,111年8月10日,五層,,
RPXNMLRLKHLGFCB78CC,18,139.04,住家用,鋼筋混凝土造,97年6月30日,二十三層,,
RPXNMLRLKHLGFCB78CC,18,78.65,共用,鋼筋混凝土造,97年6月30日,二十三層,,
RPRNMLQLKHLGFKB88CC,29,138.58,住家用,加強磚造,85年9月17日,二層,,
RPQNMLRLKHLGFIB68CC,2,79.31,集合住宅,鋼筋混凝土造,113年7月5日,二十四層,,
RPQNMLRLKHLGFIB68CC,2,69.83,本共有部分之項目有：防空避難室兼停車空間、水箱、消防機械室、雨汙水機房、安全梯、排煙室、緊急昇降機、一般昇降機、車道、消防水池、梯間、機械室、停車空間、台電配電室、緊急發電機室、防災中心、電信室、電錶室、消防中繼機房、台電通道、受電室、管委會使用空間、梯廳、門廳、外廊、特別安全梯、資源回收空間、辦公室、緩衝空間、排煙室兼梯廳、一般梯、水錶室、電梯機械室等３３項,鋼筋混凝土造,113年7月5日,二十四層,,
RPRNMLSLKHLGFBB18CC,37,20.00,住商用,鋼筋混凝土造,77年8月10日,四層,,
RPTNMLSLKHLGFAB28CC,40,9.92,住家用,鋼筋混凝土造,75年4月1日,五層,,
RPUNMLMJLHLGFAB67CC,30,20.27,集合住宅,鋼筋混凝土造,85年5月6日,十八層,,
RPUNMLMJLHLGFAB67CC,30,3.78,共同使用,鋼筋混凝土造,85年5月6日,十八層,,
RPUNMLMJLHLGFAB67CC,30,4.24,共同使用,鋼筋混凝土造,85年5月6日,十八層,,
RPSNMLSLKHLGFAB18CC,40,26.45,住家用,鋼筋混凝土造,75年4月1日,五層,,
RPUNMLMJLHLGFAB67CC,30,1.01,共同使用,鋼筋混凝土造,85年5月6日,十八層,,
RPQNMLMJLHLGFAB27CC,29,25.91,集合住宅,鋼筋混凝土造,85年8月29日,十四層,,
RPUNMLMJLHLGFAB67CC,30,1.51,共同使用,鋼筋混凝土造,85年5月6日,十八層,,
RPVNMLMJLHLGFAB77CC,44,25.73,住家用,鋼筋混凝土造,70年12月31日,十一層,,
RPRNMLSLKHLGFAB08CC,40,25.00,住家用,鋼筋混凝土造,75年4月1日,五層,,
RPQNMLMJLHLGFAB27CC,29,7.20,共同使用,鋼筋混凝土造,85年8月29日,十四層,,
RPVNMLMJLHLGFAB77CC,44,12.96,人行道，走道，電梯間，梯間，避難室，變電室，停車空間，機械室,鋼筋混凝土造,70年12月31日,十一層,,
RPQNMLMJLHLGFAB27CC,29,7.49,共同使用,鋼筋混凝土造,85年8月29日,十四層,,
RPRNMLMJLHLGFAB37CC,30,23.67,集合住宅,鋼骨鋼筋混凝土造,85年5月20日,十九層,,
RPWNMLMJLHLGFAB87CC,20,23.41,集合住宅,鋼筋混凝土造,94年12月19日,十二層,,
RPRNMLMJLHLGFAB37CC,30,4.39,共同使用,鋼骨鋼筋混凝土造,85年5月20日,十九層,,
RPWNMLMJLHLGFAB87CC,20,7.82,共用部分,鋼筋混凝土造,94年12月19日,十二層,,
RPRNMLMJLHLGFAB37CC,30,6.02,共同使用,鋼骨鋼筋混凝土造,85年5月20日,十九層,,
RPWNMLMJLHLGFAB87CC,20,5.40,共用部分,鋼筋混凝土造,94年12月19日,十二層,,
RPROMLMJLHLGFBB57CC,30,20.83,住家用,鋼筋混凝土造,84年11月24日,二十四層,,
RPROMLMJLHLGFBB57CC,30,15.36,防空避難室，停車空間，門廳，樓梯間，機械室，水箱,鋼筋混凝土造,84年11月24日,二十四層,,
RPVNMLMJLHLGFBB87CC,15,58.00,住家用,鋼筋混凝土造,99年12月24日,十二層,,
RPUNMLMJLHLGFBB77CC,31,21.30,住家用,鋼筋混凝土造,84年6月26日,二十四層,,
RPUNMLMJLHLGFBB77CC,31,6.13,共有部份,鋼筋混凝土造,84年6月26日,二十四層,,
RPVNMLMJLHLGFBB87CC,15,19.80,本共有部分係依使用執照之建築概要表記載項目有：公共服務空間、管委會管理室、戶外安全梯、門廳、梯廳、昇降機間、頂蓋型開放空間、梯間、機械室、水箱等１０項,鋼筋混凝土造,99年12月24日,十二層,,
RPUNMLMJLHLGFBB77CC,31,4.66,共有部份,鋼筋混凝土造,84年6月26日,二十四層,,
RPVNMLMJLHLGFBB87CC,15,24.61,本共有部分係依使用執照之建築概要表記載項目有：停車空間兼防空避難室、台電配電室、電信室、機車停車區、安全梯、梯間、昇降機間、停車空間、水箱、污水機房、消防機械室、緊急發電機室等１２項,鋼筋混凝土造,99年12月24日,十二層,,
RPXOMLMJLHLGFBB18CC,34,103.80,住家用,鋼筋混凝土造,80年12月13日,十二層,,
RPXOMLMJLHLGFBB18CC,34,4.57,共有部分,鋼筋混凝土造,80年12月13日,十二層,,
RPOPMLMJLHLGFBB37CC,31,20.46,住家用,鋼筋混凝土造,84年6月26日,二十四層,,
RPUOMLMJLHLGFBB87CC,2,54.33,集合住宅,鋼筋混凝土造,113年6月5日,十五層,,
RPOPMLMJLHLGFBB37CC,31,5.77,共有部份,鋼筋混凝土造,84年6月26日,二十四層,,
RPUOMLMJLHLGFBB87CC,2,54.38,本共有部份係依使用執照之建築概要表記載項目有：防空避難室兼停車空間，水箱，排煙室，樓梯間，緊急昇降機，一般昇降機，消防機房，雨水機房，機房，緊急發電機室，停車空間，台電配電室，電信室，機車停車空間，梯廳，機電設備空間，頂蓋型開放空間，管委會使用空間，公共服務空間，走廊，資源回收中心，游泳池，梯間，電梯機房，水錶箱室等２５項,鋼筋混凝土造,113年6月5日,十五層,,
RPOPMLMJLHLGFBB37CC,31,4.42,共有部份,鋼筋混凝土造,84年6月26日,二十四層,,
RPPPMLMJLHLGFBB47CC,4,60.53,集合住宅,鋼筋混凝土造,111年7月28日,二十四層,,
RPPPMLMJLHLGFBB47CC,4,61.22,本共有部份係依使用執照之建築概要表記載項目有：防空避難室兼停車空間，排煙室，樓梯間，緊急昇降機，一般昇降機，污、雨水機械室，消防機械室，水箱，車道，停車空間，機電空間，電信室，緊急發電機室、台電配電室，防災中心，消防中繼機房，機械室，電錶區，水箱室，機車停車區，門廳，廁所，管委會使用空間，走廊，垃圾集中室，公共服務空間，頂蓋型開放空間，儲藏室，信箱室，宅配室，中繼水塔，梯間，梯廳，電梯機房，水錶箱室等３５項．,鋼筋混凝土造,111年7月28日,二十四層,,
RPQPMLMJLHLGFBB57CC,41,112.12,住商用,鋼筋混凝土造,73年9月4日,十一層,,
RPQPMLMJLHLGFBB57CC,41,17.60,共有部份,鋼筋混凝土造,73年9月4日,十一層,,
RPRPMLMJLHLGFBB67CC,34,20.40,住家用,鋼筋混凝土造,80年11月14日,七層,,
RPRPMLMJLHLGFBB67CC,34,8.22,共有部份,鋼筋混凝土造,80年11月14日,七層,,
RPSPMLMJLHLGFBB77CC,30,19.68,住家用,鋼筋混凝土造,84年11月24日,二十四層,,
RPSPMLMJLHLGFBB77CC,30,11.97,防空避難室，停車空間，門廳，樓梯間，機械室，水箱,鋼筋混凝土造,84年11月24日,二十四層,,
RPUPMLMJLHLGFBB97CC,47,71.29,住家用,鋼筋混凝土造,68年3月16日,五層,,
RPVPMLMJLHLGFBB08CC,48,83.15,住家用,鋼筋混凝土造,66年10月24日,五層,,
RPWPMLMJLHLGFBB18CC,34,25.33,住家用,鋼筋混凝土造,81年6月22日,七層,,
RPWPMLMJLHLGFBB18CC,34,8.00,共有部分,鋼筋混凝土造,81年6月22日,七層,,
RPOQMLMJLHLGFBB47CC,27,88.62,住家用,鋼筋混凝土造,87年11月6日,十四層,,
RPOQMLMJLHLGFBB47CC,27,56.07,共有部份,鋼筋混凝土造,87年11月6日,十四層,,
RPUNMLMJLHLGFCB87CC,34,22.74,住家用,鋼筋混凝土造,80年12月6日,十二層,,
RPUNMLMJLHLGFCB87CC,34,15.85,共有部份,鋼筋混凝土造,80年12月6日,十二層,,
RPXNMLMJLHLGFCB18CC,31,66.40,住家用,鋼筋混凝土造,84年4月1日,十四層,,
RPXNMLMJLHLGFCB18CC,31,18.61,共有部份,鋼筋混凝土造,84年4月1日,十四層,,
RPOOMLMJLHLGFCB37CC,32,23.69,住家用,鋼筋混凝土造,83年5月9日,十二層,,
RPOOMLMJLHLGFCB37CC,32,8.98,共有部份,鋼筋混凝土造,83年5月9日,十二層,,
RPQOMLMJLHLGFCB57CC,33,71.99,住家用,鋼筋混凝土造,81年9月20日,七層,,
RPQOMLMJLHLGFCB57CC,33,14.06,共有部份,鋼筋混凝土造,81年9月20日,七層,,
RPPOMLMJLHLGFCB47CC,47,15.29,住家用,鋼筋混凝土造,68年7月24日,五層,,
RPQPMLMJLHLGFCB67CC,29,34.30,住家用,鋼筋混凝土造,86年2月3日,十五層,,
RPQPMLMJLHLGFCB67CC,29,34.35,共有部份,鋼筋混凝土造,86年2月3日,十五層,,
RPPNMLMJLHLGFFB67CC,3,115.89,集合住宅,鋼筋混凝土造,111年12月26日,十五層,,
RPPNMLMJLHLGFFB67CC,3,48.10,資源回收空間、管理委員會使用空間、入口梯廳（門廳）、電梯間、樓梯間、人行道、停車空間、台電配電室、車道、緊急發電機機房、管道機房、排氣管道間、防空避難室兼停車空間、機電設備空間、生活汙水機房、消防設備機房、蓄水池,鋼筋混凝土造,111年12月26日,十五層,,
RPPNMLMJLHLGFFB67CC,3,25.28,電梯間、樓梯間、梯廳、水錶置放區、昇降機機房、水塔,鋼筋混凝土造,111年12月26日,十五層,,
RPSNMLMJLHLGFFB97CC,8,39.10,集合住宅,鋼筋混凝土造,107年6月20日,七層,,
RPSNMLMJLHLGFFB97CC,8,56.25,停車空間、機械室、污水機房、消防機械室、梯間、梯廳、一般昇降機、發電機室、車道、水箱、法定防空避難室兼停車空間、機車停車空間、台電配電室、電錶室、電信室、一般安全梯、管委會使用空間、戶外安全梯、公共服務空間、水表室、樓梯間、昇降機道等２２項。,鋼筋混凝土造,107年6月20日,七層,,
RPPNMLMJLHLGFHB87CC,31,75.89,住家用,鋼筋混凝土造,83年12月15日,十一層,,
RPPNMLMJLHLGFHB87CC,31,22.03,共有部份,鋼筋混凝土造,83年12月15日,十一層,,
RPRNMLMJLHLGFJB28CC,31,62.06,集合住宅,鋼筋混凝土造,83年8月30日,十層,,
RPRNMLMJLHLGFJB28CC,31,13.37,共有部份,鋼筋混凝土造,83年8月30日,十層,,
RPQNMLMJLHLGFDB57CC,24,71.87,住家用,鋼筋混凝土造,90年10月18日,十四層,,
RPQNMLMJLHLGFDB57CC,24,46.90,共有部份,鋼筋混凝土造,90年10月18日,十四層,,
RPSNMLMJLHLGFJB38CC,46,112.30,店舖、住宅,加強磚造,69年3月4日,二層,,
RPTNMLMJLHLGFJB48CC,22,24.63,店舖，牌樓,鋼筋混凝土造,93年6月21日,一層,,
RPPNMLMJLHLGFKB18CC,1,74.94,集合住宅,鋼筋混凝土造,114年4月2日,七層,,
RPPNMLMJLHLGFKB18CC,1,51.04,防空避難室兼停車空間、梯廳、梯間、消防機械室兼發電機室、雨汙水機室、水箱、電信室、管委會服務空間、公共服務空間、機車停車空間、台電配電室、受電箱區、樓梯間、水錶室、機械室,鋼筋混凝土造,114年4月2日,七層,,
RPSOMLMJLHLGFAB57CC,20,43.43,集合住宅,鋼筋混凝土造,94年12月19日,十二層,,
RPSOMLMJLHLGFAB57CC,20,14.44,共用部分,鋼筋混凝土造,94年12月19日,十二層,,
RPSOMLMJLHLGFAB57CC,20,9.90,共用部分,鋼筋混凝土造,94年12月19日,十二層,,
RPSOMLQLKHLGFAB08CC,21,60.63,集合住宅,鋼筋混凝土造,93年12月24日,十八層,,
RPSOMLQLKHLGFAB08CC,21,11.55,共用部分,鋼筋混凝土造,93年12月24日,十八層,,
RPSOMLQLKHLGFAB08CC,21,22.75,共用部分,鋼筋混凝土造,93年12月24日,十八層,,
RPTNMLNJLHLGFAB67CC,45,70.50,住商用,鋼筋混凝土造,70年5月29日,七層,,
RPTNMLNJLHLGFAB67CC,45,13.96,共有部分,鋼筋混凝土造,70年5月29日,,,
RPVOMLMJLHLGFAB87CC,14,94.00,集合住宅,鋼筋混凝土造,100年11月30日,十五層,,
RPUOMLMJLHLGFAB77CC,20,26.68,集合住宅,鋼筋混凝土造,94年12月19日,十二層,,
RPTOMLQLKHLGFAB18CC,42,181.05,住工用,鋼筋混凝土造,72年9月26日,三層,,
RPROMLMJLHLGFAB47CC,20,26.68,集合住宅,鋼筋混凝土造,94年12月19日,十二層,,
RPVOMLMJLHLGFAB87CC,14,24.80,本共有部分係依使用執照之建築概要表記載項目有：Ｃ梯、機械室、Ｃ水箱、排煙室等共４項。,鋼筋混凝土造,100年11月30日,十五層,,
RPUOMLMJLHLGFAB77CC,20,9.03,共用部分,鋼筋混凝土造,94年12月19日,十二層,,
RPROMLMJLHLGFAB47CC,20,9.03,共用部分,鋼筋混凝土造,94年12月19日,十二層,,
RPUOMLMJLHLGFAB77CC,20,6.12,共用部分,鋼筋混凝土造,94年12月19日,十二層,,
RPVOMLMJLHLGFAB87CC,14,21.97,本共有部分係依使用執照之建築概要表記載項目有：防空避難室兼停車空間、Ａ梯、Ｂ梯、Ｃ梯、Ｄ梯、台電配電室Ａ、台電配電室Ｂ、電信室、停車空間、發電機室、Ａ水箱、Ｂ水箱、Ｃ水箱、Ｄ水箱、消防幫浦室、污水機房、管理委員會使用空間視廳室、管理委員會使用空間圖書室、管理委員會使用空間健身房、管理委員會使用空間交誼室、管理委員會使用空間大廳、管理委員會使用空間儲藏室、管理委員會使用空間會客室、垃圾收集室、頂蓋型廣場式開放空間、管理委員會使用空間交誼廳、管理委員會使用空間辦公室、排煙室、雨遮等共２９項。,鋼筋混凝土造,100年11月30日,十五層,,
RPROMLMJLHLGFAB47CC,20,6.12,共用部分,鋼筋混凝土造,94年12月19日,十二層,,
RPXOMLQLKHLGFAB58CC,32,18.59,住家用,鋼筋混凝土造,83年6月6日,八層,,
RPXOMLQLKHLGFAB58CC,32,32.51,防空避難室．停車空間．水箱．樓梯間．機械室．人行道,鋼筋混凝土造,83年6月6日,八層,,
RPQOMLQLKHLGFAB87CC,21,60.69,集合住宅,鋼筋混凝土造,94年6月2日,十四層,,
RPUOMLQLKHLGFAB28CC,31,21.79,集合住宅,鋼筋混凝土造,84年6月1日,十二層,,
RPOOMLMJLHLGFAB17CC,31,20.89,住家用,鋼筋混凝土造,84年1月13日,十九層,,
RPOOMLMJLHLGFAB17CC,31,3.23,共有部分,鋼筋混凝土造,84年1月13日,十九層,,
RPWOMLMJLHLGFAB97CC,42,118.83,住家用,鋼筋混凝土造,72年8月19日,十五層,,
RPOOMLMJLHLGFAB17CC,31,7.91,梯間．水箱．機械室,鋼筋混凝土造,84年1月13日,十九層,,
RPWOMLMJLHLGFAB97CC,42,9.76,共有部分,鋼筋混凝土造,72年8月19日,十五層,,
RPUOMLQLKHLGFAB28CC,31,8.31,梯間．人行道．防空避難室．停車空間．機械室．水箱,鋼筋混凝土造,84年6月1日,十二層,,
RPQOMLQLKHLGFAB87CC,21,43.26,共用,鋼筋混凝土造,94年6月2日,十四層,,
RPVNMLNJLHLGFAB87CC,37,27.23,住家用,鋼筋混凝土造,78年5月15日,十二層,,
RPVNMLNJLHLGFAB87CC,37,5.43,人行道，梯間，電梯，走道，避雷針，水箱,鋼筋混凝土造,78年5月15日,十二層,,
RPRPMLMJLHLGFAB57CC,32,20.35,寄宿舍,鋼筋混凝土造,83年7月14日,十三層,,
RPPOMLMJLHLGFAB27CC,20,21.68,集合住宅,鋼筋混凝土造,94年12月19日,十二層,,
RPRPMLMJLHLGFAB57CC,32,5.68,梯間,鋼筋混凝土造,83年7月14日,十三層,,
RPPOMLMJLHLGFAB27CC,20,7.22,共用部分,鋼筋混凝土造,94年12月19日,十二層,,
RPRPMLMJLHLGFAB57CC,32,4.90,防空避難室兼停車空間．水箱．梯間．機房．停車場,鋼筋混凝土造,83年7月14日,十三層,,
RPPOMLMJLHLGFAB27CC,20,5.04,共用部分,鋼筋混凝土造,94年12月19日,十二層,,
RPSPMLMJLHLGFAB67CC,33,71.10,住家用,鋼筋混凝土造,81年11月24日,七層,,
RPSPMLMJLHLGFAB67CC,33,25.80,人行道、樓梯間、機械房、水塔、防空避難室、停車場,鋼筋混凝土造,81年11月24日,七層,,
RPSNMLNJLHLGFAB57CC,28,27.82,辦公室,鋼骨鋼筋混凝土造,87年5月28日,三十二層,,
RPSNMLNJLHLGFAB57CC,28,2.15,本共有部份係依使用執照之建築概要表記載項目有：樓梯間、梯間、機房、水箱等４項,鋼骨鋼筋混凝土造,87年5月28日,三十二層,,
RPSNMLNJLHLGFAB57CC,28,8.50,共有部分,鋼骨鋼筋混凝土造,87年5月28日,三十二層,,
RPSNMLNJLHLGFAB57CC,28,3.52,共有部分,鋼骨鋼筋混凝土造,87年5月28日,三十二層,,
RPQOMLMJLHLGFAB37CC,20,26.68,集合住宅,鋼筋混凝土造,94年12月19日,十二層,,
RPXNMLMJLHLGFAB97CC,18,44.12,集合住宅,鋼筋混凝土造,97年1月21日,二十二層,,
RPXNMLMJLHLGFAB97CC,18,7.93,共用,鋼筋混凝土造,97年1月21日,二十二層,,
RPQPMLQLKHLGFAB97CC,31,66.06,住家用,鋼筋混凝土造,84年1月13日,十九層,,
RPQOMLMJLHLGFAB37CC,20,9.03,共用部分,鋼筋混凝土造,94年12月19日,十二層,,
RPXNMLMJLHLGFAB97CC,18,2.82,共用,鋼筋混凝土造,97年1月21日,二十二層,,
RPQOMLMJLHLGFAB37CC,20,6.12,共用部分,鋼筋混凝土造,94年12月19日,十二層,,
RPXNMLMJLHLGFAB97CC,18,12.16,共用,鋼筋混凝土造,97年1月21日,二十二層,,
RPQPMLQLKHLGFAB97CC,31,15.45,共有部份,鋼筋混凝土造,84年1月13日,十九層,,
RPQPMLQLKHLGFAB97CC,31,13.92,梯間．水箱．機械室,鋼筋混凝土造,84年1月13日,十九層,,
RPQPMLQLKHLGFAB97CC,31,9.12,共有部份,鋼筋混凝土造,84年1月13日,十九層,,
RPRPMLNJLHLGFBB77CC,31,78.50,住家用,鋼筋混凝土造,83年12月14日,十七層,,
RPRPMLNJLHLGFBB77CC,31,28.81,共有部份,鋼筋混凝土造,83年12月14日,十七層,,
RPRNMLNJLHLGFBB57CC,4,46.39,集合住宅,鋼筋混凝土造,111年4月25日,十五層,,
RPRNMLNJLHLGFBB57CC,4,48.01,本共有部分係依使用執照之建築概要表記載項目有：防空避難室兼停車空間、排煙室、樓梯間、昇降機間、消防機房、雨水機房、車道、水箱、停車空間、機械室、台電配電室、電信室、發電機房、門廳、走廊、頂蓋型開放空間、公共服務空間、資源回收中心、梯廳、梯間、水錶箱室、電梯機房等２２項。,鋼筋混凝土造,111年4月25日,十五層,,
RPOPMLNJLHLGFBB47CC,4,86.73,集合住宅,鋼筋混凝土造,111年4月25日,十五層,,
RPVOMLNJLHLGFBB08CC,30,19.89,住家用,鋼筋混凝土造,84年8月14日,十六層,,
RPUOMLNJLHLGFBB97CC,53,60.80,住家用,加強磚造,62年5月1日,一層,,
RPOPMLNJLHLGFBB47CC,4,67.34,本共有部分係依使用執照之建築概要表記載項目有：防空避難室兼停車空間、排煙室、樓梯間、昇降機間、消防機房、雨水機房、車道、水箱、停車空間、機械室、台電配電室、電信室、發電機房、門廳、走廊、頂蓋型開放空間、公共服務空間、資源回收中心、梯廳、梯間、水錶箱室、電梯機房等２２項。,鋼筋混凝土造,111年4月25日,十五層,,
RPVOMLNJLHLGFBB08CC,30,.22,共有部分,鋼筋混凝土造,84年8月14日,十六層,,
RPVOMLNJLHLGFBB08CC,30,4.27,共有部分,鋼筋混凝土造,84年8月14日,十六層,,
RPVOMLNJLHLGFBB08CC,30,5.26,共有部分,鋼筋混凝土造,84年8月14日,十六層,,
RPVPMLNJLHLGFBB18CC,55,88.40,店住房,ＲＣ磚造,60年7月23日,二層,,
RPXOMLNJLHLGFBB28CC,30,26.38,住家用,鋼筋混凝土造,85年6月14日,七層,,
RPXOMLNJLHLGFBB28CC,30,5.04,共有部份,鋼筋混凝土造,85年6月14日,七層,,
RPSPMLNJLHLGFBB87CC,33,86.88,住家用,鋼筋混凝土造,82年5月27日,十二層,,
RPXOMLNJLHLGFBB28CC,30,3.01,共有部份,鋼筋混凝土造,85年6月14日,七層,,
RPSPMLNJLHLGFBB87CC,33,13.59,共有部份,鋼筋混凝土造,82年5月27日,十二層,,
RPTPMLNJLHLGFBB97CC,33,97.98,住家用,鋼筋混凝土造,82年2月12日,十一層,,
RPTPMLNJLHLGFBB97CC,33,16.42,共有部分,鋼筋混凝土造,82年2月12日,十一層,,
RPWOMLNJLHLGFBB18CC,11,60.34,集合住宅,鋼筋混凝土造,104年4月23日,二十二層,,
RPWOMLNJLHLGFBB18CC,11,13.93,本共有部分係依使用執照之建築概要表記載項目有：停車空間，消防機房，污水處理機房，水箱，排煙室，梯廳，昇降機間，樓梯間，電信室，緊急發電機室，防空避難室兼停車空間，台電配電室，機車停車區等１３項,鋼筋混凝土造,104年4月23日,二十二層,,
RPWOMLNJLHLGFBB18CC,11,14.30,本共有部分係依使用執照之建築概要表記載項目有：人行道，門廳，公共服務空間，排煙室，梯廳，外廊，樓梯間，昇降機間，垃圾集中室，走廊，中繼機房，梯間，電梯機房，水錶箱室，水箱等１５項,鋼筋混凝土造,104年4月23日,二十二層,,
RPTOMLNJLHLGFAB77CC,31,89.14,集合住宅,鋼筋混凝土造,84年7月6日,十二層,,
RPTOMLNJLHLGFAB77CC,31,22.17,防空避難室、停車空間、人行道、梯間、機械房、水箱,鋼筋混凝土造,84年7月6日,十二層,,
RPQOMLNJLHLGFAB47CC,3,58.04,集合住宅,鋼筋混凝土造,111年10月24日,十四層,,
RPQOMLNJLHLGFAB47CC,3,53.44,本共有部分係依使用執照之建築概要表記載項目有：防空避難室兼停車空間、排煙室、樓梯間、一般昇降機、緊急昇降機、消防機房、雨水機房、水箱、停車空間、台電配電室、電信室、緊急發電機室、機房、門廳兼梯廳、無障礙廁所、梯廳、管委會使用空間、門廳、垃圾集中室、車道、外廊、梯間、水錶箱室、機械室、電梯機房等共計２５項。,鋼筋混凝土造,111年10月24日,十四層,,
RPWOMLNJLHLGFAB08CC,32,123.93,集合住宅,鋼筋混凝土造,83年7月18日,十二層,,
RPQNMLNJLHLGFDB67CC,3,65.87,集合住宅,鋼筋混凝土造,112年5月15日,九層,,
RPWOMLNJLHLGFAB08CC,32,38.22,防空避難室、開放空間、樓梯間、機械室、水塔,鋼筋混凝土造,83年7月18日,十二層,,
RPQNMLNJLHLGFDB67CC,3,44.95,本共有部分之項目有機房、電信室、水箱、停車空間、安全梯、梯廳、升降機間、樓梯間、機械式等９項,鋼筋混凝土造,112年5月15日,九層,,
RPPNMLNJLHLGFGB87CC,1,55.62,集合住宅,鋼筋混凝土造,114年4月17日,十四層,,
RPTNMLNJLHLGFFB18CC,26,98.25,住家用,鋼筋混凝土造,88年8月12日,十層,,
RPPNMLNJLHLGFGB87CC,1,59.06,停車空間、水箱、消防機房、梯廳兼排煙室、樓梯間、發電機室、台電受電室、電信室、梯廳、管委會使用空間、門廳、走廊、資源回收室、水錶室、電梯機房等１５項,鋼筋混凝土造,114年4月17日,十四層,,
RPTNMLNJLHLGFFB18CC,26,1.36,社區中心、會客室、管理員室,鋼筋混凝土造,88年8月12日,十層,,
RPTNMLNJLHLGFFB18CC,26,9.20,梯間,鋼筋混凝土造,88年8月12日,十層,,
RPTNMLNJLHLGFFB18CC,26,14.02,停車空間、防空避難室,鋼筋混凝土造,88年8月12日,十層,,
RPRPMLNJLHLGFCB87CC,29,92.44,住家用,鋼筋混凝土造,86年2月3日,十五層,,
RPRPMLNJLHLGFCB87CC,29,57.86,共有部份,鋼筋混凝土造,86年2月3日,十五層,,
RPRNMLNJLHLGFGB08CC,2,189.91,停車空間、住宅,鋼筋混凝土造,113年1月30日,四層,,
RPRNMLNJLHLGFGB08CC,2,.51,電信室,鋼筋混凝土造,113年1月30日,一層,,
RPUPMLNJLHLGFCB18CC,31,105.77,住家用,鋼筋混凝土造,83年9月26日,十六層,,
RPPNMLOJLHLGFAB37CC,5,63.59,集合住宅,鋼筋混凝土造,109年10月6日,十五層,,
RPTPMLNJLHLGFCB08CC,19,120.98,住家用,鋼筋混凝土造,96年6月12日,二十三層,,
RPPNMLOJLHLGFAB37CC,5,57.51,本共有部份係依使用執照之建築概要表記載項目有：防空避難室兼停車空間、排煙室、樓梯間、一般昇降機、緊急昇降機、消防機房、水箱、車道、雨水機房、雨水回收池、消防水池、停車空間、緊急發電機室、台電配電室、電信室、機車區、無障礙廁所、門廳兼梯廳、資源回收室、管委會使用空間、公共服務空間、梯廳、梯間、水表箱室、電梯機房等共計２５項。,鋼筋混凝土造,109年10月6日,十五層,,
RPTPMLNJLHLGFCB08CC,19,60.38,共用,鋼筋混凝土造,96年6月12日,二十三層,,
RPUPMLNJLHLGFCB18CC,31,13.54,共有部份,鋼筋混凝土造,83年9月26日,十六層,,
RPVNMLNJLHLGFFB38CC,21,87.53,住家用,鋼筋混凝土造,94年1月3日,七層,,
RPVNMLNJLHLGFFB38CC,21,46.20,防空避難室兼停車空間、樓梯間、機械室、水箱,鋼筋混凝土造,94年1月3日,八層,,
RPPNMLNJLHLGFHB97CC,31,82.90,住家用,鋼筋混凝土造,84年8月1日,十四層,,
RPPOMLNJLHLGFCB57CC,31,112.27,商業用,鋼筋混凝土造,83年8月25日,二十九層,,
RPPNMLNJLHLGFHB97CC,31,38.78,共有部分,鋼筋混凝土造,84年8月1日,十四層,,
RPPOMLNJLHLGFCB57CC,31,44.40,共有部份,鋼筋混凝土造,83年8月25日,二十九層,,
RPPOMLNJLHLGFCB57CC,31,12.52,共有部份,鋼筋混凝土造,83年8月25日,二十九層,,
RPPOMLNJLHLGFCB57CC,31,9.91,共有部份,鋼筋混凝土造,83年8月25日,二十九層,,
RPPOMLNJLHLGFCB57CC,31,37.10,商業用,鋼筋混凝土造,83年8月25日,二十九層,,
RPQPMLNJLHLGFCB77CC,31,27.71,住家用,鋼筋混凝土造,84年4月24日,七層,,
RPQPMLNJLHLGFCB77CC,31,13.26,共有部份,鋼筋混凝土造,84年4月24日,七層,,
RPSPMLNJLHLGFCB97CC,54,53.66,住家用,鐵筋加強磚造,61年1月11日,二層,,
RPQNMLNJLHLGFJB28CC,4,64.15,集合住宅,鋼筋混凝土造,111年5月30日,十五層,,
RPQNMLNJLHLGFJB28CC,4,61.30,防空避難室兼停車空間、排煙室、樓梯間、一般昇降機、緊急昇降機、消防機房、污水處理機房、機房、水箱、停車空間、緊急發電機室、台電配電室、電信室、機車停車區、浴廁、無障礙廁所、梯廳、公共服務空間、管委會空間、門廳、走廊、垃圾集中室、梯間、水錶箱室、電梯機房等２５項。,鋼筋混凝土造,111年5月30日,十五層,,
RPPQMLNJLHLGFCB77CC,27,17.33,住家用,鋼筋混凝土造,88年5月29日,八層,,
RPPQMLNJLHLGFCB77CC,27,5.04,共有部分,鋼筋混凝土造,88年5月29日,八層,,
RPPQMLNJLHLGFCB77CC,27,6.15,共有部分,鋼筋混凝土造,88年5月29日,八層,,
RPQNMLOJLHLGFBB57CC,36,31.11,住家用,鋼筋混凝土造,78年11月2日,十五層,,
RPQNMLOJLHLGFBB57CC,36,13.34,共有部份,鋼筋混凝土造,78年11月2日,十五層,,
RPQPMLOJLHLGFBB77CC,29,20.86,住家用,鋼筋混凝土造,85年8月29日,七層,,
RPQPMLOJLHLGFBB77CC,29,9.27,共有部分,鋼筋混凝土造,85年8月29日,七層,,
RPOOMLOJLHLGFBB47CC,28,195.46,住宅，停車空間，樓梯間,鋼筋混凝土造,87年5月12日,四層,,
RPOQMLOJLHLGFBB67CC,1,60.69,集合住宅,鋼筋混凝土造,114年1月16日,二十四層,,
RPSNMLOJLHLGFBB77CC,22,58.53,住家用,ＲＣ造,92年12月18日,十三層,,
RPOQMLOJLHLGFBB67CC,1,50.90,本共有部份係依使用執照之建築概要表記載項目有：防空避難室兼停車空間，排煙室，樓梯間，一般昇降機，緊急昇降機，汙水機械室，機械室，消防機房，水箱，車道，一般安全梯，停車空間，電信室，水景機械室，戲水池機房，緊急發電機室，台電配電室，消防蓄水池，電錶室，防災中心，消防中繼機房，梯廳，公設管委會使用空間，門廳，儲藏室，管理室，特別安全梯，梯間，消防水箱，水錶箱室，電梯機房等３２項。,鋼筋混凝土造,114年1月16日,二十四層,,
RPSNMLOJLHLGFBB77CC,22,34.57,共有部份,ＲＣ造,92年12月18日,十三層,,
RPQNMLOJLHLGFDB77CC,42,75.17,住家用,加強磚造,73年3月3日,二層,,
RPSPMLOJLHLGFBB97CC,2,57.48,集合住宅,鋼筋混凝土造,112年9月7日,十九層,,
RPSPMLOJLHLGFBB97CC,2,89.05,本共有部分係依使用執照之建築概要表記載項目有：防空避難室兼停車空間，一般安全梯，排煙室，梯廳，水箱，消防機房，污水機房，雨水機房，一般升降機，緊急升降機，停車空間，景觀機房，台電配電室，電信機房，電表區，緊急發電機室，中繼水箱，中繼機房，防災中心，受電箱區，管委會使用空間，特別安全梯，車道，集中式垃圾貯存空間，機械室，梯間，樓梯間等２７項。,鋼筋混凝土造,112年9月7日,十九層,,
RPPNMLOJLHLGFDB67CC,35,73.50,住家用,鋼筋混凝土造,79年8月10日,五層,,
RPPNMLOJLHLGFDB67CC,35,10.74,共有部份,鋼筋混凝土造,79年8月10日,五層,,
RPXOMLOJLHLGFAB28CC,45,90.73,住家用,鋼筋混凝土造,69年10月24日,五層,,
RPQPMLOJLHLGFAB67CC,57,98.48,店房．住宅．人行道,加強磚造,58年4月22日,二層,,
RPVNMLOJLHLGFAB97CC,29,37.90,住家用,鋼筋混凝土造,86年4月28日,十九層,,
RPVNMLOJLHLGFAB97CC,29,1.98,共同使用,鋼筋混凝土造,86年4月28日,十九層,,
RPVNMLOJLHLGFAB97CC,29,11.32,共同使用,鋼筋混凝土造,86年4月28日,十九層,,
RPVNMLOJLHLGFAB97CC,29,7.23,共有部分,鋼筋混凝土造,86年4月28日,十九層,,
RPPPMLOJLHLGFAB57CC,45,118.59,住家用,鋼筋混凝土造,69年10月24日,五層,,
RPOPMLOJLHLGFAB47CC,27,87.83,住家用,鋼筋混凝土造,87年9月30日,十二層,,
RPOOMLOJLHLGFAB37CC,33,125.43,住家用,鋼筋混凝土造,81年10月5日,九層,,
RPOPMLOJLHLGFAB47CC,27,23.87,共有部分,鋼筋混凝土造,87年9月30日,十三層,,
RPOOMLOJLHLGFAB37CC,33,48.46,共有部分,鋼筋混凝土造,81年10月5日,九層,,
RPTNMLOJLHLGFAB77CC,31,19.09,住家用,鋼筋混凝土造,84年1月13日,十九層,,
RPROMLOJLHLGFAB67CC,32,75.52,住家用,鋼筋混凝土造,83年1月14日,十三層,,
RPTNMLOJLHLGFAB77CC,31,3.14,共有部分,鋼筋混凝土造,84年1月13日,十九層,,
RPTNMLOJLHLGFAB77CC,31,6.87,梯間．水箱．機械室,鋼筋混凝土造,84年1月13日,十九層,,
RPROMLOJLHLGFAB67CC,32,8.82,共有部分,鋼筋混凝土造,83年1月14日,十三層,,
RPROMLOJLHLGFAB67CC,32,23.72,共有部分,鋼筋混凝土造,83年1月14日,十三層,,
RPTNMLOJLHLGFCB97CC,18,61.32,住家用,鋼筋混凝土造,96年9月7日,十五層,,
RPTNMLOJLHLGFCB97CC,18,26.34,共用,鋼筋混凝土造,96年9月7日,十五層,,
RPVNMLOJLHLGFFB48CC,2,65.52,集合住宅,鋼筋混凝土造,112年11月19日,十五層,,
RPVNMLOJLHLGFFB48CC,2,56.17,防空避難室兼停車空間、排煙室、樓梯間、昇降機間、車道、水箱、污水機房、消防機房、停車空間、機房、緊急發電機室、電信室、台電配電室、機車停車區、門廳、梯廳、公設（閱覽室）、公設（休閒室）、管委會使用空間、走廊、垃圾集中室、門廳兼梯廳、儲藏室、無障礙廁所、梯間、水錶箱室、電梯機房等２７項。,鋼筋混凝土造,112年11月19日,十五層,,
RPTOMLOJLHLGFCB08CC,29,135.95,辦公室,鋼筋混凝土造,86年4月22日,七層,,
RPTOMLOJLHLGFCB08CC,29,137.91,辦公室,鋼筋混凝土造,86年4月22日,七層,,
RPTOMLOJLHLGFCB08CC,29,102.89,共有部份,鋼筋混凝土造,86年4月22日,七層,,
RPTNMLOJLHLGFFB28CC,1,70.81,集合住宅,鋼筋混凝土造,114年6月6日,二十八層,,
RPTNMLOJLHLGFFB28CC,1,19.01,排煙室、昇降機、無障礙安全梯、特別安全梯、無障礙樓梯、梯廳兼排煙室、梯廳、管委會空間、中繼機房、中繼水箱、電梯間、水錶室、樓梯間、電梯機房、機電空間、水箱、安全梯、水箱機房、消防水箱等１９項,鋼筋混凝土造,114年6月6日,二十八層,,
RPTNMLOJLHLGFFB28CC,1,41.07,消防機房、雨水回收機房、車道、機房、水箱、停車空間、進風管道、公共水箱、防空避難室兼停車空間、台電配電室、發電機房、泳池水箱、公共電氣室、機車車道、管委會使用空間、昇降機、大廳、梯廳、警衛室、儲藏室、風除室、排風機房、防災中心、電信室、垃圾暫存室、附屬社區共用空間、附屬共用廚房、機電設備空間、電梯間、設備空間、泳池機房、景觀機房、游泳池、管委會空間、樓電梯間、機電空間、樓梯間等３７項,鋼筋混凝土造,114年6月6日,二十八層,,
RPRNMLOJLHLGFCB77CC,18,43.36,住家用,鋼筋混凝土造,96年11月22日,十二層,,
RPRNMLOJLHLGFCB77CC,18,43.66,共用,鋼筋混凝土造,96年11月22日,十二層,,
RPROMLOJLHLGFIB48CC,13,82.32,集合住宅,鋼筋混凝土造,102年5月27日,十二層,,
RPROMLOJLHLGFIB48CC,13,64.64,本共有部分之項目有防空避難室兼停車空間、停車空間、樓梯間、昇降機間、梯廳、車道、污水機房、水箱、消防機房、排煙室、機房、台電受電室、電信室、緊急發電機室、梯間、門廳、廣場式開放空間（頂蓋型）、頂蓋型廣場式開放空間兒童遊憩區、外廊、管理室、垃圾集中處、公共服務空間、電梯機房等２３項。,鋼筋混凝土造,102年5月27日,十二層,,
RPQNMLPJLHLGFAB57CC,42,80.40,集合住宅,鋼筋混凝土造,73年4月23日,七層,,
RPUNMLPJLHLGFAB97CC,14,49.96,集合住宅,鋼筋混凝土造,101年5月28日,十五層,,
RPUNMLPJLHLGFAB97CC,14,51.18,本共有部分係依使用執照之建築概要表記載項目有：停車空間、Ａ梯間、Ｂ梯間、Ｃ梯間、Ｄ梯間、水箱、污水機房、消防機房、發電機房、機房、電信室、人行道、大廳、資源回收處理室、垃圾冷藏室、多功能社區中心１及２、警衛室、管理室、閱覽室１及２、健身房、籃球場、外廊、防空避難室、台電受電室Ａ、台電受電室Ｂ、機械室、走廊、電梯機房、車道、屋頂裝飾物等共３２項。,鋼筋混凝土造,101年5月28日,十五層,,
RPXOMLOJLHLGFFB78CC,1,57.88,集合住宅,鋼筋混凝土造,114年4月14日,十五層,,
RPXOMLOJLHLGFFB78CC,1,52.37,防空避難室兼停車空間、排煙室、水箱、機房、消防機械室、污水機械室、雨水機械室、揚水泵機械室、安全梯、一般昇降機、緊急昇降機行動不便者、停車空間、台電配電室、發電機室、電信室、梯廳、垃圾暫存室、管委會使用空間、走廊、車道、機車停車區、戶外安全梯、機械室、水錶室、一般梯、梯間共計２６項。,鋼筋混凝土造,114年4月14日,十五層,,
RPQOMLOJLHLGFFB08CC,1,84.22,集合住宅,鋼筋混凝土造,114年6月6日,二十八層,,
RPWNMLOJLHLGFFB58CC,2,66.57,集合住宅,鋼筋混凝土造,112年11月20日,二十四層,,
RPQOMLOJLHLGFFB08CC,1,22.80,排煙室、昇降機、無障礙安全梯、特別安全梯、無障礙樓梯、梯廳兼排煙室、梯廳、管委會空間、中繼機房、中繼水箱、電梯間、水錶室、樓梯間、電梯機房、機電空間、水箱、安全梯、水箱機房、消防水箱等１９項,鋼筋混凝土造,114年6月6日,二十八層,,
RPWNMLOJLHLGFFB58CC,2,63.59,防空避難室兼停車空間、排煙室、水箱、車道、消防機械室、雨污水機房、緊急昇降機行動不便者、一般昇降機、安全梯、停車空間、消防中繼水箱、消防中繼機械室、台電配電室、電信室、發電機室、水景機房、泳池機房、機車停車空間、特別安全梯、管委會使用空間、走廊、垃圾暫存室、防災中心、梯廳、水錶室、消防中繼機房、機械室等２７項。,鋼筋混凝土造,112年11月20日,二十四層,,
RPQOMLOJLHLGFFB08CC,1,44.25,消防機房、雨水回收機房、車道、機房、水箱、停車空間、進風管道、公共水箱、防空避難室兼停車空間、台電配電室、發電機房、泳池水箱、公共電氣室、機車車道、管委會使用空間、昇降機、大廳、梯廳、警衛室、儲藏室、風除室、排風機房、防災中心、電信室、垃圾暫存室、附屬社區共用空間、附屬共用廚房、機電設備空間、電梯間、設備空間、泳池機房、景觀機房、游泳池、管委會空間、樓電梯間、機電空間、樓梯間等３７項,鋼筋混凝土造,114年6月6日,二十八層,,
RPXNMLOJLHLGFFB68CC,43,236.63,住商用,鋼筋混凝土造,71年9月11日,三層,,
RPUOMLOJLHLGFFB48CC,,57.68,集合住宅,鋼筋混凝土造,114年9月11日,十五層,,
RPUOMLOJLHLGFFB48CC,,51.61,防空避難室兼停車空間、梯間、機房、蓄水池、停車空間、台電配電場所、管委會空間、公共服務空間、垃圾車暫存區、外廊、廊道、昇降機機房、水箱等１３項,鋼筋混凝土造,114年9月11日,十五層,,
RPROMLOJLHLGFFB18CC,2,65.49,集合住宅,鋼筋混凝土造,112年11月20日,二十四層,,
RPROMLOJLHLGFFB18CC,2,62.79,防空避難室兼停車空間、排煙室、水箱、車道、消防機械室、雨污水機房、緊急昇降機行動不便者、一般昇降機、安全梯、停車空間、消防中繼水箱、消防中繼機械室、台電配電室、電信室、發電機室、水景機房、泳池機房、機車停車空間、特別安全梯、管委會使用空間、走廊、垃圾暫存室、防災中心、梯廳、水錶室、消防中繼機房、機械室等２７項。,鋼筋混凝土造,112年11月20日,二十四層,,
RPSOMLOJLHLGFFB28CC,2,56.60,集合住宅,鋼筋混凝土造,112年8月31日,十二層,,
RPSOMLOJLHLGFFB28CC,2,60.56,防空避難室兼停車空間，消防機械室，水箱，排煙室，一般安全梯，雨水汙水機房，緊急昇降機，一般昇降機，機械室，停車空間，台電配電室，電信室，發電機室，梯廳，戶外安全梯，走廊，垃圾貯存空間，管委會使用空間，機電設備空間，車道，機車停車空間，樓梯間，安全梯，水錶區,鋼筋混凝土造,112年8月31日,十二層,,
RPWOMLOJLHLGFFB68CC,1,70.81,集合住宅,鋼筋混凝土造,114年6月6日,二十八層,,
RPWOMLOJLHLGFFB68CC,1,19.01,排煙室、昇降機、無障礙安全梯、特別安全梯、無障礙樓梯、梯廳兼排煙室、梯廳、管委會空間、中繼機房、中繼水箱、電梯間、水錶室、樓梯間、電梯機房、機電空間、水箱、安全梯、水箱機房、消防水箱等１９項,鋼筋混凝土造,114年6月6日,二十八層,,
RPWOMLOJLHLGFFB68CC,1,41.07,消防機房、雨水回收機房、車道、機房、水箱、停車空間、進風管道、公共水箱、防空避難室兼停車空間、台電配電室、發電機房、泳池水箱、公共電氣室、機車車道、管委會使用空間、昇降機、大廳、梯廳、警衛室、儲藏室、風除室、排風機房、防災中心、電信室、垃圾暫存室、附屬社區共用空間、附屬共用廚房、機電設備空間、電梯間、設備空間、泳池機房、景觀機房、游泳池、管委會空間、樓電梯間、機電空間、樓梯間等３７項,鋼筋混凝土造,114年6月6日,二十八層,,
RPOOMLOJLHLGFFB87CC,1,85.19,集合住宅,鋼筋混凝土造,114年6月6日,二十八層,,
RPOOMLOJLHLGFFB87CC,1,23.10,排煙室、昇降機、無障礙安全梯、特別安全梯、無障礙樓梯、梯廳兼排煙室、梯廳、管委會空間、中繼機房、中繼水箱、電梯間、水錶室、樓梯間、電梯機房、機電空間、水箱、安全梯、水箱機房、消防水箱等１９項,鋼筋混凝土造,114年6月6日,二十八層,,
RPPOMLOJLHLGFFB97CC,1,71.26,集合住宅,鋼筋混凝土造,114年6月6日,二十八層,,
RPOOMLOJLHLGFFB87CC,1,44.48,消防機房、雨水回收機房、車道、機房、水箱、停車空間、進風管道、公共水箱、防空避難室兼停車空間、台電配電室、發電機房、泳池水箱、公共電氣室、機車車道、管委會使用空間、昇降機、大廳、梯廳、警衛室、儲藏室、風除室、排風機房、防災中心、電信室、垃圾暫存室、附屬社區共用空間、附屬共用廚房、機電設備空間、電梯間、設備空間、泳池機房、景觀機房、游泳池、管委會空間、樓電梯間、機電空間、樓梯間等３７項,鋼筋混凝土造,114年6月6日,二十八層,,
RPPOMLOJLHLGFFB97CC,1,19.15,排煙室、昇降機、無障礙安全梯、特別安全梯、無障礙樓梯、梯廳兼排煙室、梯廳、管委會空間、中繼機房、中繼水箱、電梯間、水錶室、樓梯間、電梯機房、機電空間、水箱、安全梯、水箱機房、消防水箱等１９項,鋼筋混凝土造,114年6月6日,二十八層,,
RPPOMLOJLHLGFFB97CC,1,41.19,消防機房、雨水回收機房、車道、機房、水箱、停車空間、進風管道、公共水箱、防空避難室兼停車空間、台電配電室、發電機房、泳池水箱、公共電氣室、機車車道、管委會使用空間、昇降機、大廳、梯廳、警衛室、儲藏室、風除室、排風機房、防災中心、電信室、垃圾暫存室、附屬社區共用空間、附屬共用廚房、機電設備空間、電梯間、設備空間、泳池機房、景觀機房、游泳池、管委會空間、樓電梯間、機電空間、樓梯間等３７項,鋼筋混凝土造,114年6月6日,二十八層,,
RPTNMLOJLHLGFJB68CC,,65.63,集合住宅,鋼筋混凝土造,114年9月11日,十三層,,
RPTNMLOJLHLGFJB68CC,,65.42,本共有部分之項目有停車空間、車道、水箱、安全梯、昇降機間、緊急昇降機間兼排煙室、機械室、防空避難室兼停車空間、消防機房、雨污水機房、發電機室、台電配電室、電信室、公共服務使用空間、門廳、垃圾處理室、梯廳、戶外安全梯、錶箱室、樓梯間、電梯機械室等２１項,鋼筋混凝土造,114年9月11日,十三層,,
RPSNMLOJLHLGFJB58CC,3,45.99,集合住宅,鋼筋混凝土造,112年5月22日,十四層,,
RPSNMLOJLHLGFJB58CC,3,53.05,防空避難室兼停車空間、樓電梯間、消防設備機房、水箱、停車空間、台電配電室、水景機房、電信室、發電機械室、公共服務空間、管委會空間、汽機車道、陽台、梯廳、機械室、樓梯間、水錶室、電梯間、機房、雨水機房、污水機房。,鋼筋混凝土造,112年5月22日,十四層,,
RPQNMLPJLHLGFBB67CC,42,25.70,住家用,鋼筋混凝土造,72年12月30日,十二層,,
RPQNMLOJLHLGFJB38CC,32,18.06,集合住宅,鋼筋混凝土造,82年12月31日,十二層,,
RPQNMLOJLHLGFJB38CC,32,8.08,共有部份,鋼筋混凝土造,82年12月31日,十二層,,
RPVNMLPJLHLGFAB08CC,28,77.38,住家用,鋼筋混凝土造,86年9月25日,十八層,,
RPVNMLPJLHLGFAB08CC,28,21.78,共同使用,鋼筋混凝土造,86年9月25日,十八層,,
RPVNMLPJLHLGFAB08CC,28,12.99,共有部分,鋼筋混凝土造,86年9月25日,十八層,,
RPWNMLPJLHLGFAB18CC,35,92.89,住家用,鋼筋混凝土造,80年7月3日,七層,,
RPWNMLPJLHLGFAB18CC,35,6.37,梯間、水塔、機械房,鋼筋混凝土造,80年7月3日,七層,,
RPVOMLPJLHLGFBB28CC,32,115.80,住家用,鋼筋混凝土造,83年5月2日,四層,,
RPTOMLPJLHLGFBB08CC,11,82.54,集合住宅,鋼筋混凝土造,104年4月23日,二十二層,,
RPTOMLPJLHLGFBB08CC,11,40.57,本共有部分係依使用執照之建築概要表記載項目有：停車空間，消防機房，污水處理機房，水箱，排煙室，梯廳，昇降機間，樓梯間，電信室，緊急發電機室，防空避難室兼停車空間，台電配電室，機車停車區等１３項,鋼筋混凝土造,104年4月23日,二十二層,,
RPTOMLPJLHLGFBB08CC,11,19.57,本共有部分係依使用執照之建築概要表記載項目有：人行道，門廳，公共服務空間，排煙室，梯廳，外廊，樓梯間，昇降機間，垃圾集中室，走廊，中繼機房，梯間，電梯機房，水錶箱室，水箱等１５項,鋼筋混凝土造,104年4月23日,二十二層,,
RPUOMLPJLHLGFAB08CC,27,62.81,住家用,鋼筋混凝土造,87年9月30日,十二層,,
RPUOMLPJLHLGFAB08CC,27,17.22,共有部分,鋼筋混凝土造,87年9月30日,十三層,,
RPUOMLPJLHLGFBB18CC,7,36.01,集合住宅,鋼筋混凝土造,107年11月30日,十五層,,
RPUOMLPJLHLGFBB18CC,7,34.29,本共有部分係依使用執照之建築概要表記載項目有：停車空間，一般安全梯，排煙室，緊急用昇降機，消防機房，污水機房，昇降機，水箱，機房，電信機房，防空避難室兼停車空間，台電配電室，緊急發電機室，戶外安全梯，管理員室，管委會使用空間，環保資源室，梯廳，梯間，機械室，水錶室等２１項,鋼筋混凝土造,107年11月30日,十五層,,
RPWOMLPJLHLGFBB38CC,37,19.54,住家用,鋼筋混凝土造,77年12月31日,八層,,
RPOPMLPJLHLGFAB57CC,53,36.14,住家用,見其他登記事項,61年10月18日,四層,,
RPWOMLPJLHLGFBB38CC,37,5.54,共有部份,鋼筋混凝土造,77年12月31日,八層,,
RPPPMLPJLHLGFBB77CC,57,71.40,住家用,鋼筋混凝土加強磚造,58年6月20日,四層,,
RPSOMLPJLHLGFAB87CC,46,28.64,集合住宅,鋼筋混凝土造,69年7月31日,七層,,
RPSOMLPJLHLGFAB87CC,46,4.07,共有部分,鋼筋混凝土造,69年7月31日,七層,,
RPROMLPJLHLGFAB77CC,31,19.23,住家用,鋼筋混凝土造,84年1月13日,十九層,,
RPROMLPJLHLGFAB77CC,31,3.22,共有部分,鋼筋混凝土造,84年1月13日,十九層,,
RPROMLPJLHLGFAB77CC,31,8.36,梯間．水箱．機械室,鋼筋混凝土造,84年1月13日,十九層,,
RPXOMLPJLHLGFBB48CC,17,18.63,住家用,鋼筋混凝土造,97年11月28日,十七層,,
RPXOMLPJLHLGFBB48CC,17,3.86,共有部分,鋼筋混凝土造,97年11月28日,十七層,,
RPUPMLPJLHLGFBB28CC,36,67.12,住家用,鋼筋混凝土造,79年6月9日,十一層,,
RPXOMLPJLHLGFBB48CC,17,7.86,共有部分,鋼筋混凝土造,97年11月28日,十七層,,
RPUPMLPJLHLGFBB28CC,36,24.63,共有部份,鋼筋混凝土造,79年6月9日,十一層,,
RPSOMLPJLHLGFBB97CC,31,17.72,住家用,鋼筋混凝土造,84年6月26日,二十四層,,
RPSOMLPJLHLGFBB97CC,31,4.48,共有部份,鋼筋混凝土造,84年6月26日,二十四層,,
RPSOMLPJLHLGFBB97CC,31,3.41,共有部份,鋼筋混凝土造,84年6月26日,二十四層,,
RPSPMLPJLHLGFBB08CC,2,54.33,集合住宅,鋼筋混凝土造,113年6月5日,十五層,,
RPRNMLPJLHLGFDB97CC,35,70.43,住家用,鋼筋混凝土造,79年8月10日,五層,,
RPSPMLPJLHLGFBB08CC,2,54.38,本共有部份係依使用執照之建築概要表記載項目有：防空避難室兼停車空間，水箱，排煙室，樓梯間，緊急昇降機，一般昇降機，消防機房，雨水機房，機房，緊急發電機室，停車空間，台電配電室，電信室，機車停車空間，梯廳，機電設備空間，頂蓋型開放空間，管委會使用空間，公共服務空間，走廊，資源回收中心，游泳池，梯間，電梯機房，水錶箱室等２５項,鋼筋混凝土造,113年6月5日,十五層,,
RPRNMLPJLHLGFDB97CC,35,10.74,共有部份,鋼筋混凝土造,79年8月10日,五層,,
RPTPMLPJLHLGFBB18CC,27,68.01,住家用,鋼筋混凝土造,87年10月19日,十二層,,
RPTPMLPJLHLGFBB18CC,27,23.96,共有部分,鋼筋混凝土造,87年10月19日,十二層,,
RPROMLPJLHLGFBB87CC,26,96.49,集合住宅,鋼筋混凝土造,89年7月5日,十四層,,
RPTPMLPJLHLGFBB18CC,27,15.04,共有部分,鋼筋混凝土造,87年10月19日,十二層,,
RPROMLPJLHLGFBB87CC,26,22.88,共有部份,鋼筋混凝土造,89年7月5日,十四層,,
RPROMLPJLHLGFBB87CC,26,42.12,共有部份,鋼筋混凝土造,89年7月5日,十四層,,
RPRNMLPJLHLGFFB18CC,9,59.51,集合住宅,鋼筋混凝土造,106年3月3日,七層,,
RPRNMLPJLHLGFFB18CC,9,22.06,防空避難室兼停車空間，安全梯，緊急發電機室，電信室，消防機房，台電配電室，水箱，排煙室，汙水機房，電錶，緊急昇降機〈行動不便〉，一般昇降機〈行動不便〉，樓梯間,鋼筋混凝土造,106年3月3日,七層,,
RPRNMLPJLHLGFFB18CC,9,18.10,辦公室，一般昇降機〈行動不便〉，梯廳，管委會空間，戶外安全梯，行動不便樓梯，排煙室，緊急昇降機〈行動不便〉，外廊，樓梯間，水錶室，水箱，機械室,鋼筋混凝土造,106年3月3日,七層,,
RPQNMLPJLHLGFDB87CC,3,21.08,集合住宅,鋼筋混凝土造,112年6月13日,七層,,
RPQNMLPJLHLGFDB87CC,3,14.06,本共有部分之項目為電信室、消防機房、昇降機、人行道、安全梯、梯廳、機房、梯間、停車空間等九項。,鋼筋混凝土造,112年6月13日,七層,,
RPTNMLPJLHLGFFB38CC,3,53.67,集合住宅,鋼筋混凝土造,111年10月6日,十五層,,
RPTNMLPJLHLGFFB38CC,3,10.61,消防機房、機房、水箱、雨水機房、污水機房、安全梯、排風管道、電信室、防空避難室兼停車空間、台電配電室、發電機房、管委會使用空間、水景機房、泳池機房、游泳池、梯廳、風除室、外廊、大廳、警衛室等２０項,鋼筋混凝土造,111年10月6日,十五層,,
RPTNMLPJLHLGFFB38CC,3,15.51,排煙室、升降機、緊急升降機兼無障礙升降機、通風管道、特別安全梯、梯廳、梯廳兼排煙室、走道、電梯機房、水錶室、消防水箱、自來水箱等１２項,鋼筋混凝土造,111年10月6日,十五層,,
RPTNMLPJLHLGFFB38CC,3,32.71,停車空間、防空避難室兼停車空間等２項,鋼筋混凝土造,111年10月6日,十五層,,
RPPOMLPJLHLGFJB48CC,,69.01,集合住宅,鋼筋混凝土造,114年9月11日,十三層,,
RPPOMLPJLHLGFJB48CC,,67.20,本共有部分之項目有停車空間、車道、水箱、安全梯、昇降機間、緊急昇降機間兼排煙室、機械室、防空避難室兼停車空間、消防機房、雨污水機房、發電機室、台電配電室、電信室、公共服務使用空間、門廳、垃圾處理室、梯廳、戶外安全梯、錶箱室、樓梯間、電梯機械室等２１項,鋼筋混凝土造,114年9月11日,十三層,,
RPRNMLQJLHLGFBB87CC,30,24.44,住家用,鋼筋混凝土造,84年11月24日,二十四層,,
RPRNMLQJLHLGFBB87CC,30,13.17,防空避難室，停車空間，門廳，樓梯間，機械室，水箱,鋼筋混凝土造,84年11月24日,二十四層,,
RPWNMLQJLHLGFBB38CC,18,34.57,辦公室,鋼筋混凝土造,97年1月30日,十四層,,
RPWNMLQJLHLGFBB38CC,18,40.24,共有部份,鋼筋混凝土造,97年1月30日,十四層,,
RPWOMLQJLHLGFBB48CC,15,67.27,住家用,鋼筋混凝土造,99年9月27日,十二層,,
RPWOMLQJLHLGFBB48CC,15,60.25,本共有部份係依使用執照之建築概要表記載項目有：停車空間．污水機房．消防機房．緊急發電機室．梯廳．樓梯間．昇降機間．水箱．機車停車空間．機房．停車空間兼防空避難室．電信室．台電配電室．門廳．管委會管理室．廣場式頂蓋開放空間．車道．垃圾集中處．梯間．水錶箱室及機械室等２１項。,鋼筋混凝土造,99年9月27日,十二層,,
RPQNMLPJLHLGFJB48CC,41,110.34,住家用,鋼筋混凝土造,73年11月14日,二層,,
RPUNMLPJLHLGFFB48CC,6,54.92,集合住宅,鋼筋混凝土造,109年7月24日,十五層,,
RPUNMLPJLHLGFFB48CC,6,9.58,消防機房，水箱，梯間，污／雨水機房，進風機房，機械室，排風機房，公用水箱揚水機房，機械區，電信機房，公共水箱，台電配電室，發電機室，管委會使用空間，受電區，景觀機房，泳池機房，電表區，機車坡道，防空避難室兼停車空間，梯廳，警衛室，走廊，特別安全梯，游泳池，汽車坡道，大廳等２７項,鋼筋混凝土造,109年7月24日,十五層,,
RPUNMLPJLHLGFFB48CC,6,14.95,排煙室，梯廳兼排煙室，特別安全梯，梯廳，走道，機房，噴灌機房，梯間，電梯機房，消防水箱，水表室，機械室，水箱等１３項,鋼筋混凝土造,109年7月24日,十五層,,
RPPNMLSJLHLGFBB87CC,34,103.24,住商用,鋼筋混凝土造,81年3月24日,十六層,,
RPPNMLSJLHLGFBB87CC,34,45.66,停車空間、避難室,鋼筋混凝土造,81年3月24日,十六層,,
RPPNMLSJLHLGFBB87CC,34,23.88,共有部分,鋼筋混凝土造,81年3月24日,十六層,,
RPQNMLQJLHLGFFB18CC,1,70.81,集合住宅,鋼筋混凝土造,114年6月6日,二十八層,,
RPQNMLQJLHLGFFB18CC,1,19.01,排煙室、昇降機、無障礙安全梯、特別安全梯、無障礙樓梯、梯廳兼排煙室、梯廳、管委會空間、中繼機房、中繼水箱、電梯間、水錶室、樓梯間、電梯機房、機電空間、水箱、安全梯、水箱機房、消防水箱等１９項,鋼筋混凝土造,114年6月6日,二十八層,,
RPQNMLQJLHLGFFB18CC,1,41.07,消防機房、雨水回收機房、車道、機房、水箱、停車空間、進風管道、公共水箱、防空避難室兼停車空間、台電配電室、發電機房、泳池水箱、公共電氣室、機車車道、管委會使用空間、昇降機、大廳、梯廳、警衛室、儲藏室、風除室、排風機房、防災中心、電信室、垃圾暫存室、附屬社區共用空間、附屬共用廚房、機電設備空間、電梯間、設備空間、泳池機房、景觀機房、游泳池、管委會空間、樓電梯間、機電空間、樓梯間等３７項,鋼筋混凝土造,114年6月6日,二十八層,,
RPPNMLQJLHLGFFB08CC,2,59.36,集合住宅,鋼筋混凝土造,112年12月28日,十二層,,
RPPNMLQJLHLGFFB08CC,2,71.16,停車空間、消防機房、機房、樓梯間、電梯間、防空避難設備兼停車空間、台電受電室、管委會使用空間、車道、水箱等１０項,鋼筋混凝土造,112年12月28日,十二層,,
RPXNMLTJLHLGFBB78CC,31,18.00,商業用,鋼筋混凝土造,83年12月20日,五層,,
RPQNMLSJLHLGFCB08CC,33,119.93,共有部份,鋼筋混凝土造,81年7月30日,十三層,,
RPRNMLSJLHLGFCB18CC,33,119.93,共有部份,鋼筋混凝土造,81年7月30日,十三層,,
RPPNMLQJLHLGFCB77CC,28,29.11,住家用,鋼筋混凝土造,86年11月21日,十二層,,
RPSNMLQJLHLGFCB08CC,32,23.83,住家用,鋼筋混凝土造,83年4月6日,六層,,
RPPNMLQJLHLGFCB77CC,28,7.47,共有部份,鋼筋混凝土造,86年11月21日,十二層,,
RPPNMLQJLHLGFCB77CC,28,7.74,共有部份,鋼筋混凝土造,86年11月21日,十二層,,
RPSNMLQJLHLGFCB08CC,32,14.22,共有部份,鋼筋混凝土造,83年4月6日,六層,,
