編號,屋齡,建物移轉面積平方公尺,主要用途,主要建材,建築完成日期,總層數,建物分層,移轉情形
The serial number,room age,building shifting area square meter,the main use,main building materials,construction completes the date,total layer,building lamination,
RPPNMLOKJIKGFBD57CC,32,435.87,住商用,鋼筋混凝土造,82年8月25日,三層,,
RPUNMLNKJIKGFKD88CC,33,24.00,住家用,鋼筋混凝土造,82年4月28日,三層,,
RPVNMLLKJIKGFKD78CC,2,66.75,工場（廠）,鋼骨造有牆,112年6月6日,一層,,
RPPNMLMKJIKGFBD37CC,4,170.50,停車空間、住宅,鋼筋混凝土造,110年6月28日,四層,,
RPOOMLOKJIKGFKD48CC,12,16.53,住宅，停車空間,鋼筋混凝土構造,102年8月21日,四層,,
RPPOMLOKJIKGFAD57CC,42,26.45,避難室、住宅,鋼筋混凝土造,73年4月20日,三層,,
RPUNMLRKJIKGFAD28CC,28,96.64,集合住宅,鋼筋混凝土造,87年5月12日,八層,,
RPUNMLRKJIKGFAD28CC,28,25.99,共有部分,鋼筋混凝土造,87年5月12日,八層,,
RPUNMLRKJIKGFAD28CC,28,16.56,共有部分,鋼筋混凝土造,87年5月12日,八層,,
RPSNMLOKJIKGFAD77CC,1,52.83,集合住宅,鋼骨鋼筋混凝土造、鋼筋混凝土造,114年4月15日,三十四層,,
RPSNMLOKJIKGFAD77CC,1,56.25,本共有部分之項目有管委會使用空間、門廳、機電設備空間、防災中心、儲藏室、樓梯間、消防水箱、防空避難室兼停車空間、車道、停車空間、自來水箱、梯廳、陽台、電信機房等１４項。,鋼骨鋼筋混凝土造、鋼筋混凝土造,114年4月15日,三十四層,,
RPVNMLOKJIKGFAD08CC,48,23.29,住家用,鋼筋混凝土造,66年10月3日,四層,,
RPQOMLRKJIKGFAD97CC,4,42.16,集合住宅,鋼筋混凝土構造,110年10月26日,四層,,
RPPNMLRKJIKGFAD77CC,33,34.42,住家用,鋼筋混凝土造,81年12月22日,六層,,
RPPNMLRKJIKGFAD77CC,33,6.64,共有部分,鋼筋混凝土造,81年12月22日,六層,,
RPPNMLRKJIKGFAD77CC,33,8.14,共有部分,鋼筋混凝土造,81年12月22日,六層,,
RPRNMLRKJIKGFAD97CC,50,69.30,住家用,鋼筋混凝土造,64年6月8日,四層,,
RPTOMLRKJIKGFAD28CC,31,13.87,住家用,鋼筋混凝土造,83年6月24日,四層,,
RPPNMLRKJIKGFBD87CC,4,54.26,集合住宅,鋼筋混凝土造,111年3月4日,十七層,,
RPPNMLRKJIKGFBD87CC,4,56.90,本共有部分之項目有停車空間、防空避難室兼停車空間、管委會使用空間、門廊、車道、垃圾暫存室、防災中心、梯間、陽台、樓梯間、機械室、水箱等１２項。,鋼筋混凝土造,111年3月4日,十七層,,
RPSOMLRKJIKGFAD18CC,29,59.03,住家用,鋼筋混凝土造,85年12月2日,十九層,,
RPSOMLRKJIKGFAD18CC,29,45.44,共有部分,鋼筋混凝土造,85年12月2日,十九層,,
RPSOMLRKJIKGFAD18CC,29,8.71,共有部分,鋼筋混凝土造,85年12月2日,十九層,,
RPROMLRKJIKGFAD08CC,8,202.21,集合住宅,鋼筋混凝土構造,107年2月14日,二十四層,,
RPROMLRKJIKGFAD08CC,8,159.47,本共有部分之項目有：門廊、門廳、車道、公共空間、管理委員會空間、防災中心、樓梯間、中繼機房、機電空間、電梯機房、水塔、防空避難室兼停車空間、停車空間、陽台、頂蓋型開放空間、梯廳、管道間,鋼筋混凝土構造,107年2月14日,二十四層,,
RPSNMLRKJIKGFBD18CC,27,65.78,住家用,鋼筋混凝土造,87年8月14日,十二層,,
RPSNMLRKJIKGFBD18CC,27,17.96,共有部分,鋼筋混凝土造,87年8月14日,十二層,,
RPUNMLRKJIKGFBD38CC,1,51.21,集合住宅,鋼筋混凝土造,114年4月2日,十四層,,
RPUNMLRKJIKGFBD38CC,1,11.29,共同使用部份,鋼筋混凝土造,114年4月2日,十四層,,
RPUNMLRKJIKGFBD38CC,1,42.05,共同使用部份,鋼筋混凝土造,114年4月2日,十四層,,
RPTNMLRKJIKGFBD28CC,1,86.10,集合住宅,鋼筋混凝土造,114年4月25日,十四層,,
RPTNMLRKJIKGFBD28CC,1,43.49,本共有部分之項目有防空避難室兼停車空間、停車空間、管委會使用空間、電信室、門廊、安全梯空間、車道、樓梯間、排煙室、水箱、昇降機房、昇降機空間、梯廳等１３項,鋼筋混凝土造,114年4月25日,十四層,,
RPQNMLRKJIKGFKD88CC,20,9.68,辦公室,鋼筋混凝土造,94年7月8日,六層,,
RPQNMLRKJIKGFKD88CC,20,9.05,共同使用部份,鋼筋混凝土造,94年7月8日,六層,,
RPPNMLRKJIKGFGD38CC,36,30.00,住商用,鋼筋混凝土造,78年11月6日,五層,,
RPTNMLRKJIKGFKD56CC,32,80.92,住家用,鋼筋混凝土造,83年5月4日,十五層,,
RPTNMLRKJIKGFKD56CC,32,21.13,共同使用部份,鋼筋混凝土造,83年5月4日,十六層,,
RPTNMLRKJIKGFKD56CC,32,10.80,共同使用部份,鋼筋混凝土造,83年5月4日,十五層,,
RPUNMLRKJIKGFKD66CC,41,66.46,住家用,鋼筋混凝土造,73年10月29日,五層,,
RPUNMLRKJIKGFKD66CC,41,4.14,共同使用部份,鋼筋混凝土造,73年10月29日,五層,,
RPRNMLSKJIKGFAD08CC,21,87.41,集合住宅,鋼筋混凝土造,93年8月18日,十層,,
RPRNMLSKJIKGFAD08CC,21,15.08,共有部分,鋼筋混凝土造,93年8月18日,十層,,
RPRNMLSKJIKGFAD08CC,21,10.66,共有部分,鋼筋混凝土造,93年8月18日,十層,,
RPTNMLSKJIKGFAD28CC,46,66.22,住家用,鋼筋混凝土造,69年5月2日,四層,,
RPTNMLSKJIKGFAD28CC,46,12.77,共有部分,鋼筋混凝土造,69年5月2日,四層,,
RPUNMLSKJIKGFAD38CC,33,19.72,住家用,鋼筋混凝土造,81年12月9日,八層,,
RPUNMLSKJIKGFAD38CC,33,2.67,共有部分,鋼筋混凝土造,81年12月9日,八層,,
RPUNMLSKJIKGFAD38CC,33,2.72,共有部分,鋼筋混凝土造,81年12月9日,八層,,
RPUNMLSKJIKGFAD38CC,33,1.65,共有部分,鋼筋混凝土造,81年12月9日,八層,,
RPVNMLSKJIKGFAD48CC,46,53.12,住家用,鋼筋混凝土造,69年5月2日,四層,,
RPVNMLSKJIKGFAD48CC,46,12.77,共有部分,鋼筋混凝土造,69年5月2日,四層,,
RPQOMLSKJIKGFAD08CC,4,26.45,集合住宅,鋼筋混凝土構造,111年5月6日,五層,,
RPSNMLSKJIKGFBD28CC,42,145.07,住商用,加強磚造,72年11月25日,二層,,
RPTNMLSKJIKGFBD38CC,22,281.19,住宅，停車空間,鋼筋混凝土造,93年3月16日,四層,,
RPUNMLSKJIKGFBD48CC,1,83.67,集合住宅,鋼筋混凝土造,114年5月1日,五層,,
RPUNMLSKJIKGFBD48CC,1,29.14,共同使用部份,鋼筋混凝土造,114年5月1日,五層,,
RPVNMLSKJIKGFBD58CC,25,157.79,住家用,鋼筋混凝土造,89年7月5日,三層,,
RPPNMLOKJIKGFCD67CC,42,13.22,住家用,鋼筋混凝土造,72年12月14日,五層,,
RPUNMLRKJIKGFCD48CC,46,84.99,住商用,鋼筋混凝土造,68年5月17日,五層,,
RPUNMLRKJIKGFCD48CC,46,70.44,避難室,鋼筋混凝土造,68年5月17日,五層,,
RPXNMLRKJIKGFCD78CC,1,56.82,集合住宅,鋼筋混凝土造,114年1月24日,十五層,,
RPXNMLRKJIKGFCD78CC,1,30.66,本共有部分之項目有：防空避難室兼停車空間、停車空間、車道、一般昇降機、梯廳、機電設備空間、排煙機房、樓梯間等共８項。,鋼筋混凝土造,114年1月24日,十五層,,
RPOOMLRKJIKGFCD97CC,18,50.37,住家用,鋼筋混凝土造,97年2月29日,十四層,,
RPTNMLRKJIKGFCD38CC,47,71.85,住家用,鋼筋混凝土造,67年9月6日,四層,,
RPOOMLRKJIKGFCD97CC,18,12.37,共有部分,鋼筋混凝土造,97年2月29日,十四層,,
RPXNMLNKJIKGFCD38CC,2,28.28,集合住宅,鋼筋混凝土造,113年4月1日,五層,,
RPTNMLRKJIKGFCD38CC,47,5.69,共有部分,鋼筋混凝土造,67年9月6日,四層,,
RPOOMLRKJIKGFCD97CC,18,14.93,共有部分,鋼筋混凝土造,97年2月29日,十四層,,
RPTNMLRKJIKGFCD38CC,47,7.18,共有部分,鋼筋混凝土造,67年9月6日,四層,,
RPUNMLSKJIKGFCD58CC,22,74.30,住家用,鋼筋混凝土造,92年7月3日,六層,,
RPTNMLSKJIKGFCD48CC,47,20.40,住家用,鋼筋混凝土造,68年3月24日,四層,,
RPUNMLSKJIKGFCD58CC,22,16.96,共有部分,鋼筋混凝土造,92年7月3日,六層,,
RPUNMLSKJIKGFCD58CC,22,8.70,共有部分,鋼筋混凝土造,92年7月3日,六層,,
RPROMLOKJIKGFCD97CC,43,87.02,集合住宅,鋼筋混凝土造,71年12月10日,五層,,
RPROMLOKJIKGFCD97CC,43,6.23,共有部分,鋼筋混凝土造,71年12月10日,五層,,
RPSOMLRKJIKGFCD38CC,46,16.53,住家用,加強磚造,68年10月3日,二層,,
RPXNMLOKJIKGFCD48CC,54,74.34,住家用,加強磚造,61年2月11日,二層,,
RPUOMLRKJIKGFCD58CC,44,69.39,住商用,鋼筋混凝土造,70年8月26日,四層,,
RPUOMLRKJIKGFCD58CC,44,6.44,共有部分,鋼筋混凝土造,70年8月26日,四層,,
RPPNMLSKJIKGFGD48CC,1,79.88,集合住宅,鋼筋混凝土造,113年10月16日,十層,,
RPOOMLSKJIKGFCD08CC,30,64.66,住家用,鋼筋混凝土造,84年11月6日,二十層,,
RPXNMLSKJIKGFCD88CC,54,16.53,住家用,加強磚造,61年3月9日,三層,,
RPPNMLSKJIKGFGD48CC,1,62.11,防空避難室兼停車空間、樓電梯間、梯廳、電信室、車道、停車空間、管理委員會空間、水箱等８項,鋼筋混凝土造,113年10月16日,十層,,
RPOOMLSKJIKGFCD08CC,30,12.54,共有部分,鋼筋混凝土造,84年11月6日,二十層,,
RPOOMLSKJIKGFCD08CC,30,15.80,共有部分,鋼筋混凝土造,84年11月6日,二十層,,
RPPOMLSKJIKGFCD18CC,52,77.14,住家用,加強磚造,62年8月5日,二層,,
RPQNMLSKJIKGFGD58CC,44,554.37,廠房、陽台、防空避難,鋼筋混凝土造,70年11月17日,二層,,
RPQOMLSKJIKGFCD28CC,27,86.83,住家用,鋼筋混凝土造,87年12月18日,十四層,,
RPQOMLSKJIKGFCD28CC,27,18.62,共有部分,鋼筋混凝土造,87年12月18日,十四層,,
RPQOMLSKJIKGFCD28CC,27,1.85,共有部分,鋼筋混凝土造,87年12月18日,十四層,,
RPQOMLSKJIKGFCD28CC,27,9.40,共有部分,鋼筋混凝土造,87年12月18日,十四層,,
RPOOMLSKJIKGFKD88CC,32,18.40,住家用,鋼筋混凝土造,83年2月22日,七層,,
RPOOMLSKJIKGFKD88CC,32,9.38,共同使用部份,鋼筋混凝土造,83年2月22日,七層,,
RPOOMLSKJIKGFKD88CC,32,15.54,住家用,鋼筋混凝土造,83年2月22日,七層,,
RPOOMLSKJIKGFKD88CC,32,6.59,共同使用部份,鋼筋混凝土造,83年2月22日,七層,,
RPQOMLSKJIKGFKD09CC,32,24.04,住家用,鋼筋混凝土造,82年12月28日,七層,,
RPQOMLSKJIKGFKD09CC,32,8.21,共同使用部份,鋼筋混凝土造,82年12月28日,七層,,
RPWNMLSKJIKGFKD96CC,28,106.59,住家用,鋼筋混凝土造,86年8月23日,八層,,
RPWNMLSKJIKGFKD96CC,28,22.61,共同使用部份,鋼筋混凝土造,86年8月23日,八層,,
RPWNMLSKJIKGFKD96CC,28,10.84,共同使用部份,鋼筋混凝土造,86年8月23日,八層,,
RPUNMLSKJIKGFKD76CC,21,11.57,住家用,ＳＲＣ造,94年3月3日,二層,,
RPSOMLSKJIKGFKD66CC,8,13.10,住家用,鋼筋混凝土構造,107年4月2日,五層,,
RPSOMLSKJIKGFKD66CC,8,5.84,本共有部分之項目有：電梯間，樓梯間及水箱等３項,鋼筋混凝土構造,107年4月2日,五層,,
RPROMLSKJIKGFKD56CC,19,9.11,辦公室,鋼筋混凝土造,95年9月18日,八層,,
RPROMLSKJIKGFKD56CC,19,9.06,共同使用部份,鋼筋混凝土造,95年9月18日,八層,,
RPWOMLSKJIKGFKD07CC,23,15.00,住家用,鋼筋混凝土造,91年5月17日,四層,,
RPQPMLSKJIKGFKD56CC,30,69.30,住家用,鋼筋混凝土造,84年9月8日,十九層,,
RPQPMLSKJIKGFKD56CC,30,59.38,共同使用部份,鋼筋混凝土造,84年9月8日,十九層,,
RPQNMLTKJIKGFAD08CC,9,86.39,集合住宅,鋼筋混凝土構造,106年1月24日,二十六層,,
RPQNMLTKJIKGFAD08CC,9,41.87,本共有部分之項目：防空避難室、停車空間、機房、樓梯間、機械房、水箱、門廳、梯間、管委會使用空間、水池、防災中心等。,鋼筋混凝土構造,106年1月24日,二十六層,,
RPRNMLTKJIKGFAD18CC,45,80.10,住家用,鋼筋混凝土造,69年10月3日,四層,,
RPRNMLTKJIKGFAD18CC,45,19.06,共有部分,鋼筋混凝土造,69年10月3日,四層,,
RPPNMLSKJIKGFBD08DC,17,192.36,店舖，住宅，停車空間,鋼筋混凝土造,98年1月14日,四層,,
RPSNMLTKJIKGFAD28CC,36,31.14,住家用,鋼筋混凝土造,79年4月30日,十二層,,
RPSNMLTKJIKGFAD28CC,36,.39,共有部分,鋼筋混凝土造,79年4月30日,十二層,,
RPSNMLTKJIKGFAD28CC,36,9.38,共有部分,鋼筋混凝土造,79年4月30日,十二層,,
RPTNMLTKJIKGFAD38CC,58,82.16,住家用,加強磚造,56年9月4日,二層,,
RPUOMLSKJIKGFKD86CC,8,9.41,住家用,鋼筋混凝土構造,107年4月2日,五層,,
RPUOMLSKJIKGFKD86CC,8,4.19,本共有部分之項目有：電梯間，樓梯間及水箱等３項,鋼筋混凝土構造,107年4月2日,五層,,
RPROMLTKJIKGFAD28CC,,27.50,住家用,加強磚造,,三層,,
RPUNMLTKJIKGFAD48CC,42,26.45,避難室、住宅,鋼筋混凝土造,73年4月20日,三層,,
RPTNMLRKJIKGFHD88CC,29,15.00,住商用,鋼筋混凝土造,85年6月21日,四層,,
RPRNMLRKJIKGFHD68CC,4,58.01,集合住宅,鋼筋混凝土造,110年7月8日,七層,,
RPWNMLOKJIKGFHD88CC,30,161.77,住家用,鋼筋混凝土造,84年6月8日,四層,,
RPRNMLRKJIKGFHD68CC,4,21.54,本共有部分之項目有停車空間、垃圾儲存空間、樓梯間、管理維護空間、電信室、水箱等６項,鋼筋混凝土造,110年7月8日,七層,,
RPQNMLSKJIKGFHD68CC,3,161.10,廠房,鋼骨構造,111年12月20日,一層,,
RPOOMLSKJIKGFHD58CC,10,26.45,住家用,鋼筋混凝土造,104年10月15日,四層,,
RPVNMLOKJIKGFHD78CC,33,13.28,辦公室、加工所、倉庫、員工宿舍,鋼筋混凝土造,81年11月9日,三層,,
RPPNMLSKJIKGFHD58CC,1,87.40,集合住宅,鋼筋混凝土造,114年1月23日,五層,,
RPPNMLSKJIKGFHD58CC,1,36.87,本共有部分之項目有管理委員會使用空間、門廊、梯廳、昇降機道、安全梯間、停車空間、機電設備空間、廁所、機電設備空間（管道間）、樓梯間等１０項。,鋼筋混凝土造,114年1月23日,五層,,
RPQNMLTKJIKGFBD18CC,44,93.56,集合住宅,鋼筋混凝土造,70年9月7日,四層,,
RPQNMLTKJIKGFBD18CC,44,3.22,避難室,鋼筋混凝土造,70年9月7日,四層,,
RPQNMLTKJIKGFBD18CC,44,7.81,共同使用部份,鋼筋混凝土造,70年9月7日,四層,,
RPVNMLSKJIKGFHD56CC,48,25.00,住家用,鋼筋混凝土造,66年8月25日,三層,,
RPRNMLTKJIKGFCD38CC,33,59.94,住家用,鋼筋混凝土造,82年3月8日,七層,,
RPRNMLTKJIKGFCD38CC,33,37.16,共有部分,鋼筋混凝土造,82年3月8日,七層,,
RPPNMLTKJIKGFCD18CC,37,20.00,住商用,鋼筋混凝土造,77年9月2日,四層,,
RPPNMLTKJIKGFDD28CC,32,117.88,住家用,鋼筋混凝土造,83年1月19日,十四層,,
RPPNMLTKJIKGFDD28CC,32,25.15,共有部分,鋼筋混凝土造,83年1月19日,十四層,,
RPTNMLTKJIKGFCD58CC,32,37.40,住家用,鋼筋混凝土造,82年6月22日,四層,,
RPTNMLTKJIKGFCD58CC,32,11.03,共有部分,鋼筋混凝土造,82年6月22日,四層,,
RPVNMLTKJIKGFCD78CC,43,69.35,住家用,鋼筋混凝土造,72年1月19日,五層,,
RPVNMLTKJIKGFCD78CC,43,8.94,共有部分,鋼筋混凝土造,72年1月19日,五層,,
RPPNMLTKJIKGFGD58CC,3,56.89,Ｇ３店舖、Ｈ２住宅,鋼筋混凝土造,112年1月5日,四層,,
RPUNMLTKJIKGFCD68CC,40,65.36,住家用,鋼筋混凝土造,75年2月6日,五層,,
RPUNMLTKJIKGFCD68CC,40,10.59,共有部分,鋼筋混凝土造,75年2月6日,五層,,
RPSOMLTKJIKGFCD58CC,55,39.50,住家用,補強磚造,59年12月12日,四層,,
RPQNMLTKJIKGFKD09CC,30,18.20,住家用,鋼筋混凝土造,85年1月30日,七層,,
RPQNMLTKJIKGFKD09CC,30,9.81,共同使用部份,鋼筋混凝土造,85年1月30日,七層,,
RPPNMLTKJIKGFKD98CC,34,13.43,住家用,鋼筋混凝土造,80年10月22日,八層,,
RPPNMLTKJIKGFKD98CC,34,8.19,共同使用部份,鋼筋混凝土造,80年10月22日,八層,,
RPSNMLTKJIKGFKD66CC,32,49.31,住家用,鋼筋混凝土造,82年12月22日,五層,,
RPSNMLTKJIKGFKD66CC,32,11.48,共同使用部份,鋼筋混凝土造,82年12月22日,五層,,
RPSNMLTKJIKGFKD66CC,32,7.29,共同使用部份,鋼筋混凝土造,82年12月22日,五層,,
RPVNMLTKJIKGFKD96CC,32,157.18,住家用,鋼筋混凝土造,82年12月30日,七層,,
RPTNMLTKJIKGFKD76CC,32,27.00,住家用,鋼筋混凝土造,82年8月27日,十五層,,
RPTNMLTKJIKGFKD76CC,32,6.33,共同使用部份,鋼筋混凝土造,82年8月27日,十五層,,
RPTNMLTKJIKGFKD76CC,32,3.83,避難室兼停車空間、梯間、清水池、配電室、門廊、消防泵浦間、交誼廳、乒乓球室。,鋼筋混凝土造,82年8月27日,十六層,,
RPOOMLTKJIKGFKD98CC,19,8.64,辦公室,鋼筋混凝土造,95年9月18日,八層,,
RPOOMLTKJIKGFKD98CC,19,8.62,共同使用部份,鋼筋混凝土造,95年9月18日,八層,,
RPQNMLKLJIKGFAD27CC,35,15.90,住家用,鋼筋混凝土造,79年6月15日,六層,,
RPQNMLKLJIKGFAD27CC,35,4.80,共有部分,鋼筋混凝土造,79年6月15日,六層,,
RPQNMLKLJIKGFAD27CC,35,3.95,共有部分,鋼筋混凝土造,79年6月15日,六層,,
RPVNMLKLJIKGFAD77CC,9,60.20,集合住宅,鋼筋混凝土構造,106年1月24日,二十三層,,
RPQNMLKLJIKGFBD37CC,24,16.53,住宅．法定停車空間,鋼筋混凝土造,91年5月6日,四層,,
RPVNMLKLJIKGFAD77CC,9,29.16,本共有部分之項目：防空避難室、停車空間、機房、樓梯間、機械房、水箱、門廳、梯間、管委會使用空間、水池、防災中心等。,鋼筋混凝土構造,106年1月24日,二十六層,,
RPTNMLKLJIKGFBD67CC,53,57.28,住家用,加強磚造,62年2月1日,二層,,
RPQNMLKLJIKGFCD47CC,39,61.69,住家用,鋼筋混凝土造,75年7月28日,五層,,
RPQNMLKLJIKGFCD47CC,39,10.30,共有部分,鋼筋混凝土造,75年7月28日,五層,,
RPRNMLKLJIKGFCD57CC,40,80.90,住家用,鋼筋混凝土造,74年6月12日,五層,,
RPRNMLKLJIKGFCD57CC,40,14.45,共有部分,鋼筋混凝土造,74年6月12日,五層,,
RPWNMLKLJIKGFAD87CC,42,11.57,住家用,鋼筋混凝土造,73年1月6日,四層,,
RPROMLKLJIKGFCD67CC,42,87.81,住家用,鋼筋混凝土造,72年7月18日,五層,,
RPROMLKLJIKGFCD67CC,42,11.92,共有部分,鋼筋混凝土造,72年7月18日,五層,,
RPROMLKLJIKGFCD67CC,42,5.89,共有部分,鋼筋混凝土造,72年7月18日,五層,,
RPQNMLKLJIKGFGD87CC,31,39.24,住家用,鋼筋混凝土造,84年5月1日,六層,,
RPQNMLKLJIKGFGD87CC,31,9.60,共有部分,鋼筋混凝土造,84年5月1日,六層,,
RPPNMLKLJIKGFCD37CC,26,96.22,集合住宅,鋼筋混凝土造,88年10月21日,十三層,,
RPPNMLKLJIKGFCD37CC,26,18.95,共有部分,鋼筋混凝土造,88年10月21日,十三層,,
RPPNMLKLJIKGFCD37CC,26,33.67,共有部分,鋼筋混凝土造,88年10月21日,十三層,,
RPPNMLKLJIKGFGD77CC,2,59.31,集合住宅,鋼筋混凝土造,112年6月20日,五層,,
RPPNMLKLJIKGFGD77CC,2,18.44,本共有之項目有：資源回收區、台電配電場所、電信室、管道間、安全梯、管委會空間、昇降機、直通樓梯、梯廳、樓梯間、停車空間、門廊共１２項,鋼筋混凝土造,112年6月20日,五層,,
RPTNMLKLJIKGFCD77CC,44,79.24,住家用,鋼筋混凝土造,70年6月24日,四層,,
RPTNMLKLJIKGFCD77CC,44,13.95,共有部分,鋼筋混凝土造,70年6月24日,四層,,
RPSOMLKLJIKGFCD77CC,44,120.81,住家用,鋼筋混凝土造,70年9月4日,五層,,
RPSOMLKLJIKGFCD77CC,44,15.37,共有部分,鋼筋混凝土造,70年9月4日,五層,,
RPSNMLKLJIKGFCD67CC,7,50.21,集合住宅,鋼筋混凝土構造,108年2月26日,七層,,
RPSNMLKLJIKGFCD67CC,7,23.24,本共有部分之項目有：防空避難室兼停車空間、停車空間、管理維護空間、電信室、安全梯、樓梯間、梯廳、昇降機、機械室、水箱共１０項。,鋼筋混凝土構造,108年2月26日,七層,,
RPXNMLKLJIKGFHD68CC,3,72.71,集合住宅,鋼筋混凝土造,112年1月9日,六層,,
RPXNMLKLJIKGFHD68CC,3,40.47,共有部分：消防泵浦室＋發電機室、樓梯間、停車空間、管理維護空間、電信室、機械室、水箱。,鋼筋混凝土造,112年1月9日,六層,,
RPPNMLKLJIKGFKD18CC,31,44.83,辦公室。,鋼筋混凝土造,84年3月31日,十五層,,
RPPNMLKLJIKGFKD18CC,31,9.75,共同使用部份,鋼筋混凝土造,84年3月31日,十五層,,
RPPOMLKLJIKGFHD97CC,31,166.20,住家用,鋼筋混凝土造,83年5月28日,三層,,
RPQOMLKLJIKGFKD38CC,28,67.20,住家用,鋼筋混凝土造,86年9月26日,十一層,,
RPQOMLKLJIKGFKD38CC,28,16.66,共同使用部份,鋼筋混凝土造,86年9月26日,十一層,,
RPQOMLKLJIKGFKD38CC,28,6.71,共同使用部份,鋼筋混凝土造,86年9月26日,十一層,,
RPPOMLKLJIKGFKD28CC,4,55.29,集合住宅,鋼筋混凝土構造,110年11月10日,五層,,
RPPOMLKLJIKGFKD28CC,4,25.14,本共有部分之項目有：電信室、管理維護空間、停車空間、甲＋乙梯＋管道間＋昇降機道、樓梯間、梯廳等９項,鋼筋混凝土構造,110年11月10日,五層,,
RPUNMLKLJIKGFKD68CC,32,20.96,住家用,鋼筋混凝土造,82年8月27日,十五層,,
RPUNMLKLJIKGFKD68CC,32,5.38,共同使用部份,鋼筋混凝土造,82年8月27日,十五層,,
RPUNMLKLJIKGFKD68CC,32,2.95,避難室兼停車空間、梯間、清水池、配電室、門廊、消防泵浦間、交誼廳、乒乓球室。,鋼筋混凝土造,82年8月27日,十六層,,
RPSOMLKLJIKGFKD58CC,20,8.55,辦公室,鋼筋混凝土造,94年7月8日,六層,,
RPSOMLKLJIKGFKD58CC,20,8.09,共同使用部份,鋼筋混凝土造,94年7月8日,六層,,
RPTOMLKLJIKGFKD68CC,20,9.50,辦公室,鋼筋混凝土造,94年7月8日,六層,,
RPTOMLKLJIKGFKD68CC,20,8.09,共同使用部份,鋼筋混凝土造,94年7月8日,六層,,
RPUOMLKLJIKGFKD78CC,20,13.20,辦公室,鋼筋混凝土造,94年7月8日,六層,,
RPUOMLKLJIKGFKD78CC,20,11.55,共同使用部份,鋼筋混凝土造,94年7月8日,六層,,
RPPNMLLLJIKGFAD27CC,31,22.51,住家用,鋼筋混凝土造,84年1月4日,十二層,,
RPPNMLLLJIKGFAD27CC,31,8.61,共有部分,鋼筋混凝土造,84年1月4日,十二層,,
RPQNMLLLJIKGFAD37CC,33,87.12,住家用,鋼筋混凝土造,81年5月29日,十二層,,
RPQNMLLLJIKGFAD37CC,33,2.04,共同使用部份,鋼筋混凝土造,81年5月29日,十二層,,
RPQNMLLLJIKGFAD37CC,33,12.27,共同使用部份,鋼筋混凝土造,81年5月29日,十二層,,
RPRNMLLLJIKGFAD47CC,43,24.24,住家用,鋼筋混凝土造,71年10月15日,十層,,
RPRNMLLLJIKGFAD47CC,43,2.04,共有部分,鋼筋混凝土造,71年10月15日,十層,,
RPRNMLLLJIKGFAD47CC,43,6.09,共有部分,,71年10月15日,十層,,
RPTNMLLLJIKGFAD67CC,28,53.10,集合住宅,鋼筋混凝土造,87年4月20日,十四層,,
RPTNMLLLJIKGFAD67CC,28,7.04,共有部分,鋼筋混凝土造,87年4月20日,十四層,,
RPTNMLLLJIKGFAD67CC,28,6.82,共有部分,鋼筋混凝土造,87年4月20日,十四層,,
RPVNMLLLJIKGFAD87CC,32,88.18,住家用,鋼筋混凝土造,83年3月19日,七層,,
RPVNMLLLJIKGFAD87CC,32,19.34,共有部分,鋼筋混凝土造,83年3月19日,七層,,
RPWNMLLLJIKGFAD97CC,27,66.01,住家用,鋼筋混凝土造,88年4月1日,十四層,,
RPVNMLLLJIKGFAD87CC,32,11.82,共有部分,鋼筋混凝土造,83年3月19日,七層,,
RPWNMLLLJIKGFAD97CC,27,5.99,共同使用部份,鋼筋混凝土造,88年4月1日,十四層,,
RPWNMLLLJIKGFAD97CC,27,9.25,共同使用部份,鋼筋混凝土造,88年4月1日,十四層,,
RPPOMLLLJIKGFAD37CC,53,26.26,住家用,加強磚造,61年10月17日,三層,,
RPSNMLLLJIKGFBD67CC,1,76.19,集合住宅,鋼筋混凝土造,114年4月2日,十四層,,
RPSNMLLLJIKGFBD67CC,1,16.80,共同使用部份,鋼筋混凝土造,114年4月2日,十四層,,
RPSNMLLLJIKGFBD67CC,1,23.04,共同使用部份,鋼筋混凝土造,114年4月2日,十四層,,
RPROMLLLJIKGFAD57CC,28,76.69,住家用,鋼筋混凝土造,87年2月12日,七層,,
RPROMLLLJIKGFAD57CC,28,33.37,防空避難室兼停車空間、共同使用,鋼筋混凝土造,87年2月12日,七層,,
RPTNMLLLJIKGFBD77CC,1,77.95,集合住宅,鋼筋混凝土造,114年4月2日,十四層,,
RPTNMLLLJIKGFBD77CC,1,17.18,共同使用部份,鋼筋混凝土造,114年4月2日,十四層,,
RPTNMLLLJIKGFBD77CC,1,23.56,共同使用部份,鋼筋混凝土造,114年4月2日,十四層,,
RPUNMLLLJIKGFBD87CC,1,73.03,集合住宅,鋼筋混凝土造,114年3月3日,十三層,,
RPUNMLLLJIKGFBD87CC,1,42.36,本共有部分之項目有門廊、車道、陽台、停車空間、管委會使用空間、昇降機、升降機及排煙室、安全梯、梯廳、樓梯間、機電管道、樓梯間及水箱、安全梯及管委會使用空間等１３項,鋼筋混凝土造,114年3月3日,十三層,,
RPVNMLLLJIKGFBD97CC,4,53.12,集合住宅,鋼筋混凝土造,111年4月15日,十五層,,
RPVNMLLLJIKGFBD97CC,4,45.91,本共有部份為：停車空間、電信室、管委會、門廊、梯廳、梯間、發電機室、水箱、汽車車道、機車車道、安全梯、一般升降機、公共服務空間、緊急升降機排煙室、資源回收區、管道間、配電室、緊急升降機、台電配電場所、工具間、水景機房、雨水機房、消防機房、電錶室等２４項。,鋼筋混凝土造,111年4月15日,十五層,,
RPVNMLLLJIKGFBD97CC,4,15.26,本共有部分為：緊急昇降機、安全梯、緊急昇降機排煙室、一般昇降機、水錶室、水箱、梯廳、電梯機房等８項。,鋼筋混凝土造,111年4月15日,十五層,,
RPSNMLLLJIKGFCD77CC,49,159.63,住家用,鋼筋混凝土造,66年2月3日,四層,,
RPRNMLLLJIKGFCD67CC,26,89.46,集合住宅,鋼筋混凝土造,88年10月21日,十三層,,
RPRNMLLLJIKGFCD67CC,26,17.49,共有部分,鋼筋混凝土造,88年10月21日,十三層,,
RPWNMLLLJIKGFBD08CC,4,53.43,集合住宅,鋼筋混凝土造,110年8月13日,九層,,
RPRNMLLLJIKGFCD67CC,26,31.08,共有部分,鋼筋混凝土造,88年10月21日,十三層,,
RPPNMLLLJIKGFCD47CC,49,129.93,住家用,鐵筋混凝土　　鐵骨石棉瓦,66年2月3日,四層,,
RPWNMLLLJIKGFBD08CC,4,58.31,本共有部分之項目有：停車空間、管理維護空間、車道、梯間、蓄水池、機械室、安全梯、梯廳、機電設備、昇降機、台電配電場所、發電機室、電信室等１３項。,鋼筋混凝土造,110年8月13日,九層,,
RPOOMLLLJIKGFCD47CC,5,57.56,集合住宅,鋼筋混凝土構造,110年1月14日,十五層,,
RPOOMLLLJIKGFCD47CC,5,62.72,本共有部份之項目有：防空避難室兼停車空間、管委會使用空間、樓梯間、梯廳、門廳、機械室、水箱、公共服務空間、陽台、車道、樓電梯間、沿街步道頂蓋型開放空間共十二項。,鋼筋混凝土構造,110年1月14日,十五層,,
RPQOMLLLJIKGFCD67CC,21,46.34,住家用,ＲＣ造,93年7月12日,十四層,,
RPQOMLLLJIKGFCD67CC,21,10.04,共有部分,ＲＣ造,93年7月12日,十四層,,
RPQOMLLLJIKGFCD67CC,21,32.97,共有部分,ＲＣ造,93年7月12日,十四層,,
RPWNMLLLJIKGFCD18CC,35,16.71,住家用,鋼筋混凝土造,79年12月1日,五層,,
RPXNMLLLJIKGFCD28CC,27,67.47,住家用,鋼筋混凝土造,87年12月18日,十四層,,
RPWNMLLLJIKGFCD18CC,35,3.10,共有部分,鋼筋混凝土造,79年12月1日,五層,,
RPVNMLLLJIKGFCD08CC,27,61.07,住家用,鋼筋混凝土造,87年9月19日,十二層,,
RPXNMLLLJIKGFCD28CC,27,6.81,共有部分,鋼筋混凝土造,87年12月18日,十四層,,
RPVNMLLLJIKGFCD08CC,27,9.22,共有部分,鋼筋混凝土造,87年9月19日,十二層,,
RPXNMLLLJIKGFCD28CC,27,1.43,共有部分,鋼筋混凝土造,87年12月18日,十四層,,
RPVNMLLLJIKGFCD08CC,27,6.15,共有部分,鋼筋混凝土造,87年9月19日,十二層,,
RPXNMLLLJIKGFCD28CC,27,7.31,共有部分,鋼筋混凝土造,87年12月18日,十四層,,
RPUNMLLLJIKGFCD97CC,45,62.10,集合住宅,鋼筋混凝土造,69年5月22日,七層,,
RPUNMLLLJIKGFCD97CC,45,9.84,共有部分,鋼筋混凝土造,69年5月22日,七層,,
RPROMLLLJIKGFCD77CC,43,87.84,集合住宅,鋼筋混凝土造,71年11月29日,五層,,
RPROMLLLJIKGFCD77CC,43,6.23,共有部分,鋼筋混凝土造,71年11月29日,五層,,
RPQNMLLLJIKGFGD97CC,3,36.91,Ｇ３店舖、Ｈ２住宅,鋼筋混凝土造,112年1月5日,四層,,
RPPNMLLLJIKGFGD87CC,2,91.40,集合住宅,鋼筋混凝土造,113年2月2日,五層,,
RPPNMLLLJIKGFGD87CC,2,43.07,本共有部分之項目有停車空間、樓梯間、電梯間、電信室、垃圾集中處理室、資源回收處、管理委員會使用空間等７項,鋼筋混凝土造,113年2月2日,五層,,
RPPNMLLLJIKGFDD57CC,48,112.05,住家用,加強磚造,66年9月5日,三層,,
RPSNMLLLJIKGFHD28CC,13,25.64,店舖、停車空間、住宅,鋼筋混凝土造,102年1月15日,四層,,
RPQNMLLLJIKGFHD08CC,33,13.28,辦公室、加工所、倉庫、員工宿舍,鋼筋混凝土造,81年11月9日,三層,,
RPUNMLLLJIKGFHD48CC,3,81.39,集合住宅,鋼筋混凝土造,112年1月12日,六層,,
RPUNMLLLJIKGFHD48CC,3,41.46,本共有部份之項目有：停車空間、管委會空間、樓梯間、水箱、門廊、公共空間共６項。,鋼筋混凝土造,112年1月12日,六層,,
RPVNMLLLJIKGFHD58CC,2,57.22,出租宿舍（商務住宅）,鋼筋混凝土造,112年10月3日,十四層,,
RPVNMLLLJIKGFHD58CC,2,55.18,共有部份之項目有：停車空間、門廊、樓梯間、排煙室、管理維護空間、資源回收專區、公共服務空間、停車空間（車道）、梯廳、水塔、機械室。,鋼筋混凝土造,112年10月3日,十四層,,
RPXNMLLLJIKGFID88CC,2,44.93,集合住宅,鋼筋混凝土造,112年8月8日,十五層,,
RPXNMLLLJIKGFID88CC,2,36.73,本共有部分之項目有停車空間、管委會使用空間、梯間、車道、前廊、陽台、樓梯間、機械室、水箱等９項,鋼筋混凝土造,112年8月8日,十五層,,
RPSNMLRKJIKGFID88CC,19,23.00,住商用,鋼筋混凝土造,96年4月20日,四層,,
RPSNMLSKJIKGFID98CC,18,8.04,辦公室,鋼筋混凝土造,96年9月20日,四層,,
RPSNMLSKJIKGFID98CC,18,4.74,共有部分,鋼筋混凝土造,96年9月20日,四層,,
RPWNMLLLJIKGFHD68CC,4,186.27,商務住宅,鋼筋混凝土造,111年1月6日,四層,,
RPTNMLKLJIKGFID38CC,18,11.35,辦公室,鋼筋混凝土造,96年9月20日,四層,,
RPWNMLLLJIKGFHD68CC,4,.02,管理維護空間,鋼筋混凝土造,111年1月6日,一層,,
RPTNMLKLJIKGFID38CC,18,1.01,共有部分,鋼筋混凝土造,96年9月20日,四層,,
RPTNMLKLJIKGFID38CC,18,2.13,共有部分,鋼筋混凝土造,96年9月20日,四層,,
RPQNMLTKJIKGFID88CC,18,8.04,辦公室,鋼筋混凝土造,96年9月20日,四層,,
RPUNMLOKJIKGFID78CC,7,56.00,集合住宅,鋼筋混凝土構造,107年6月28日,十二層,,
RPQNMLTKJIKGFID88CC,18,1.01,共有部分,鋼筋混凝土造,96年9月20日,四層,,
RPUNMLOKJIKGFID78CC,7,54.90,本共有部分之項目有防空避難室兼停車空間、停車空間、安全梯、樓梯間、機械室、水箱、機電空間、排煙室、昇降機、電梯、梯廳等,鋼筋混凝土構造,107年6月28日,十二層,,
RPQNMLTKJIKGFID88CC,18,5.10,共有部分,鋼筋混凝土造,96年9月20日,四層,,
RPUNMLOKJIKGFID78CC,7,12.22,本共有部分之項目有樓梯間,鋼筋混凝土構造,107年6月28日,十二層,,
RPOOMLSKJIKGFID68CC,5,14.80,住家用,鋼筋混凝土構造,110年1月12日,三層,,
RPVNMLKLJIKGFID58CC,,102.00,住家用,加強磚造,,二層,,
RPPOMLSKJIKGFID78CC,2,76.24,集合住宅,鋼筋混凝土造,113年4月12日,十五層,,
RPPOMLSKJIKGFID78CC,2,38.30,本共有部分之項目有停車空間、管委會空間、公共服務空間、台電配電場所、電梯間、樓梯間、水箱、機械室等８項,鋼筋混凝土造,113年4月12日,十五層,,
RPQNMLLLJIKGFID18CC,5,14.80,住家用,鋼筋混凝土構造,110年1月12日,三層,,
RPOOMLLLJIKGFID08CC,19,23.10,住家用,鋼筋混凝土造,96年4月20日,三層,,
RPQNMLLLJIKGFKD38CC,31,35.88,住家用,鋼筋混凝土造,83年5月24日,十二層,,
RPPNMLRKJIKGFID58CC,3,50.35,集合住宅,鋼筋混凝土構造,112年1月13日,十三層,,
RPQNMLLLJIKGFKD38CC,31,8.10,共同使用部份,鋼筋混凝土造,83年5月24日,十二層,,
RPQNMLLLJIKGFKD38CC,31,6.85,共同使用部份,鋼筋混凝土造,83年5月24日,十二層,,
RPPNMLLLJIKGFID08CC,2,44.93,集合住宅,鋼筋混凝土造,112年8月8日,十五層,,
RPPNMLLLJIKGFID08CC,2,36.73,本共有部分之項目有停車空間、管委會使用空間、梯間、車道、前廊、陽台、樓梯間、機械室、水箱等９項,鋼筋混凝土造,112年8月8日,十五層,,
RPPNMLRKJIKGFID58CC,3,47.34,本共有部分之項目有停車空間、公共空間、管委會使用空間、車道、樓梯間、機房、水箱等７項,鋼筋混凝土構造,112年1月13日,十三層,,
RPTNMLLLJIKGFKD68CC,35,18.25,住家用,鋼筋混凝土造,80年1月30日,七層,,
RPTNMLLLJIKGFKD68CC,35,6.97,共同使用部份,鋼筋混凝土造,80年1月30日,七層,,
RPUNMLSKJIKGFID56CC,32,96.15,住家用,鋼筋混凝土造,83年2月25日,七層,,
RPUNMLSKJIKGFID56CC,32,29.53,共有部分,鋼筋混凝土造,83年2月25日,七層,,
RPRNMLKLJIKGFID18CC,5,80.87,集合住宅,鋼筋混凝土構造,110年3月15日,二十四層,,
RPRNMLKLJIKGFID18CC,5,57.98,本共有部分之項目有管委會使用空間、停車空間、機電設備空間、防空避難室兼停車空間、台電配電場所、自來水箱、車道、門廳、儲藏室、機房、樓梯間、消防水箱等１２項,鋼筋混凝土構造,110年3月15日,二十四層,,
RPQOMLLLJIKGFKD48CC,11,14.00,住家用,鋼筋混凝土構造,103年7月15日,四層,,
RPPPMLLLJIKGFKD48CC,29,26.92,住家用,鋼筋混凝土造,86年1月28日,十九層,,
RPUOMLLLJIKGFKD88CC,8,9.42,住家用,鋼筋混凝土構造,107年4月2日,五層,,
RPPPMLLLJIKGFKD48CC,29,3.31,共同使用部份,鋼筋混凝土造,86年1月28日,十九層,,
RPUOMLLLJIKGFKD88CC,8,4.19,本共有部分之項目有：電梯間，樓梯間及水箱等３項,鋼筋混凝土構造,107年4月2日,五層,,
RPPPMLLLJIKGFKD48CC,29,5.05,共同使用部份,鋼筋混凝土造,86年1月28日,十九層,,
RPROMLLLJIKGFKD58CC,12,19.83,住宅，停車空間,鋼筋混凝土構造,102年8月21日,四層,,
RPVNMLLLJIKGFKD88CC,9,77.10,住家用,鋼筋混凝土構造,105年8月1日,六層,,
RPVNMLLLJIKGFKD88CC,9,38.18,本共有部分之項目有防空避難室兼停車空間，管理維護空間，樓梯間，機械室及水塔等５項,鋼筋混凝土構造,105年8月1日,六層,,
RPPNMLMLJIKGFCD57CC,27,67.45,住家用,鋼筋混凝土造,87年12月18日,十四層,,
RPPNMLMLJIKGFCD57CC,27,6.81,共有部分,鋼筋混凝土造,87年12月18日,十四層,,
RPPNMLMLJIKGFCD57CC,27,1.43,共有部分,鋼筋混凝土造,87年12月18日,十四層,,
RPPNMLMLJIKGFCD57CC,27,7.27,共有部分,鋼筋混凝土造,87年12月18日,十四層,,
RPPNMLMLJIKGFKD38CC,25,36.47,住家用,鋼筋混凝土造,90年1月10日,十一層,,
RPPNMLMLJIKGFKD38CC,25,8.33,共同使用部份,鋼筋混凝土造,90年1月10日,十一層,,
RPPNMLMLJIKGFKD38CC,25,5.38,共同使用部份,鋼筋混凝土造,90年1月10日,十一層,,
RPOPMLLLJIKGFKD38CC,7,47.34,住家用,鋼筋混凝土構造,108年1月31日,十層,,
RPOPMLLLJIKGFKD38CC,7,34.41,本共有部分之項目有：防空避難室兼停車空間、停車空間、樓梯間、升降機間、梯間、機械室及水箱等８項,鋼筋混凝土構造,108年1月31日,十層,,
RPOOMLLLJIKGFKD28CC,26,25.71,住家用,鋼筋混凝土造,88年8月24日,十四層,,
RPOOMLLLJIKGFKD28CC,26,.64,共同使用部份,鋼筋混凝土造,88年8月24日,十四層,,
RPOOMLLLJIKGFKD28CC,26,1.21,共同使用部份,鋼筋混凝土造,88年8月24日,十四層,,
RPOOMLLLJIKGFKD28CC,26,6.97,共同使用部份,鋼筋混凝土造,88年8月24日,十四層,,
RPQPMLLLJIKGFKD58CC,33,93.51,住家用,鋼筋混凝土造,81年8月24日,七層,,
RPXOMLLLJIKGFKD56CC,31,86.89,住家用,鋼筋混凝土造,83年8月3日,十六層,,
RPQPMLLLJIKGFKD58CC,33,51.89,共同使用部份,鋼筋混凝土造,81年8月24日,七層,,
RPXOMLLLJIKGFKD56CC,31,46.95,共同使用部份,鋼筋混凝土造,83年8月3日,十六層,,
RPQNMLNLJIKGFAD57CC,9,60.20,集合住宅,鋼筋混凝土構造,106年1月24日,二十三層,,
RPQNMLNLJIKGFAD57CC,9,55.71,本共有部分之項目：防空避難室、停車空間、機房、樓梯間、機械房、水箱、門廳、梯間、管委會使用空間、水池、防災中心等。,鋼筋混凝土構造,106年1月24日,二十六層,,
RPSOMLLLJIKGFKD68CC,8,9.42,住家用,鋼筋混凝土構造,107年4月2日,五層,,
RPSOMLLLJIKGFKD68CC,8,4.19,本共有部分之項目有：電梯間，樓梯間及水箱等３項,鋼筋混凝土構造,107年4月2日,五層,,
RPXNMLLLJIKGFKD09CC,30,87.49,住家用,鋼筋混凝土造,85年4月8日,十四層,,
RPXNMLLLJIKGFKD09CC,30,17.66,共同使用部份,鋼筋混凝土造,85年4月8日,十四層,,
RPXNMLLLJIKGFKD09CC,30,26.65,共同使用部份,鋼筋混凝土造,85年4月8日,十四層,,
RPTOMLLLJIKGFKD78CC,8,13.10,住家用,鋼筋混凝土構造,107年4月2日,五層,,
RPSNMLNLJIKGFAD77CC,35,17.86,住家用,鋼筋混凝土造,79年9月20日,七層,,
RPPNMLNLJIKGFAD47CC,44,145.65,住家用,鋼筋混凝土造,71年2月19日,三層,,
RPSNMLNLJIKGFAD77CC,35,2.69,共有部分,鋼筋混凝土造,79年9月20日,七層,,
RPPNMLMLJIKGFAD37CC,74,522.29,住商用,磚造,41年1月1日,三層,,
RPRNMLNLJIKGFAD67CC,44,85.61,住家用,鋼筋混凝土造,70年7月3日,五層,,
RPTOMLLLJIKGFKD78CC,8,5.84,本共有部分之項目有：電梯間，樓梯間及水箱等３項,鋼筋混凝土構造,107年4月2日,五層,,
RPRNMLNLJIKGFAD67CC,44,15.46,共有部分,鋼筋混凝土造,70年7月3日,五層,,
RPPNMLMLJIKGFGD97CC,35,89.77,住家用,加強磚造,79年10月12日,一層,,
RPQNMLNLJIKGFBD67CC,45,91.80,住家用,加強磚造,69年10月20日,二層,,
RPUNMLOLJIKGFAD08CC,31,93.61,住家用,鋼筋混凝土造,83年7月14日,六層,,
RPUNMLOLJIKGFAD08CC,31,45.13,共有部分,鋼筋混凝土造,83年7月14日,六層,,
RPVNMLNLJIKGFAD08CC,31,29.54,住家用,鋼筋混凝土造,84年3月7日,十二層,,
RPVNMLNLJIKGFAD08CC,31,3.75,共有部分,鋼筋混凝土造,84年3月7日,十二層,,
RPVNMLNLJIKGFAD08CC,31,6.09,共有部分,鋼筋混凝土造,84年3月7日,十二層,,
RPQOMLOLJIKGFAD77CC,33,19.29,住家用,鋼筋混凝土造,82年3月27日,六層,,
RPQOMLOLJIKGFAD77CC,33,6.30,共有部分,鋼筋混凝土造,82年3月27日,六層,,
RPPOMLOLJIKGFAD67CC,33,17.25,商業用,鋼筋混凝土造,82年3月27日,六層,,
RPPOMLOLJIKGFAD67CC,33,7.80,共有部分,鋼筋混凝土造,82年3月27日,六層,,
RPPNMLNLJIKGFBD57CC,4,160.12,集合住宅,鋼筋混凝土造,110年7月14日,三層,,
RPPNMLNLJIKGFKD48CC,26,24.50,住家用,鋼筋混凝土造,88年8月24日,十四層,,
RPPNMLNLJIKGFKD48CC,26,.60,共同使用部份,鋼筋混凝土造,88年8月24日,十四層,,
RPPNMLNLJIKGFKD48CC,26,1.04,共同使用部份,鋼筋混凝土造,88年8月24日,十四層,,
RPPNMLNLJIKGFKD48CC,26,6.49,共同使用部份,鋼筋混凝土造,88年8月24日,十四層,,
RPUNMLNLJIKGFAD97CC,31,39.13,住家用,鋼筋混凝土造,84年2月7日,十二層,,
RPUNMLNLJIKGFAD97CC,31,15.53,共有部分,鋼筋混凝土造,84年2月7日,十二層,,
RPQNMLNLJIKGFKD58CC,34,116.29,住家用,鋼筋混凝土造,81年2月17日,五層,,
RPQNMLNLJIKGFKD58CC,34,11.96,共同使用部份,鋼筋混凝土造,81年2月17日,五層,,
RPWNMLOLJIKGFAD28CC,34,17.74,住家用,鋼筋混凝土造,80年7月29日,七層,,
RPSOMLOLJIKGFAD97CC,39,33.06,住商用,鋼筋混凝土造,76年3月28日,四層,,
RPWNMLOLJIKGFAD28CC,34,2.69,共有部分,鋼筋混凝土造,80年7月29日,七層,,
RPWNMLOLJIKGFAD28CC,34,4.80,共有部分,鋼筋混凝土造,80年7月29日,七層,,
RPWNMLOLJIKGFAD28CC,34,1.78,共有部分,鋼筋混凝土造,80年7月29日,七層,,
RPXNMLOLJIKGFAD38CC,33,118.06,住家用,鋼筋混凝土造,82年4月28日,七層,,
RPXNMLOLJIKGFAD38CC,33,9.65,共有部分,鋼筋混凝土造,82年4月28日,七層,,
RPQNMLNLJIKGFID38CC,1,86.47,集合住宅,鋼筋混凝土造,114年1月16日,八層,,
RPXNMLOLJIKGFAD38CC,33,35.90,共有部分,鋼筋混凝土造,82年4月28日,七層,,
RPQNMLNLJIKGFID38CC,1,44.55,本共有部分之項目有停車空間、管委會空間、一般升降機、安全梯、梯間、門廊、水箱、資源回收專區、電信室、發電機室等１０項,鋼筋混凝土造,114年1月16日,八層,,
RPTOMLOLJIKGFAD08CC,35,22.48,住家用,鋼筋混凝土造,79年5月31日,四層,,
RPTOMLOLJIKGFAD08CC,35,1.17,共同使用部份,鋼筋混凝土造,79年5月31日,四層,,
RPTOMLOLJIKGFAD08CC,35,5.27,共同使用部份,鋼筋混凝土造,79年5月31日,四層,,
RPOOMLOLJIKGFAD57CC,33,19.13,住家用,鋼筋混凝土造,82年3月27日,六層,,
RPOOMLOLJIKGFAD57CC,33,6.15,共有部分,鋼筋混凝土造,82年3月27日,六層,,
RPQPMLOLJIKGFAD87CC,12,33.06,店舖、住宅,鋼骨構造,102年11月6日,四層,,
RPPNMLOLJIKGFBD67CC,2,121.71,集合住宅,鋼筋混凝土造,113年1月16日,二十七層,,
RPPNMLOLJIKGFBD67CC,2,89.84,防空避難室兼停車空間、停車空間、管理委員會使用空間、安全梯、樓梯間、梯廳、管道間、一般昇降機、緊急昇降機、機械室、水箱、排煙室、陽台、雨遮、中繼機房、車道、門廊等１７項。,鋼筋混凝土造,113年1月16日,二十七層,,
RPUOMLOLJIKGFAD18CC,28,55.65,住家用,鋼筋混凝土造,86年10月22日,二十四層,,
RPUOMLOLJIKGFAD18CC,28,9.35,共有部分,鋼筋混凝土造,86年10月22日,二十四層,,
RPUOMLOLJIKGFAD18CC,28,9.52,共有部分,鋼筋混凝土造,86年10月22日,二十四層,,
RPWOMLOLJIKGFAD38CC,32,19.99,住家用,鋼筋混凝土造,82年12月28日,五層,,
RPWOMLOLJIKGFAD38CC,32,1.80,共有部分,鋼筋混凝土造,82年12月28日,五層,,
RPWOMLOLJIKGFAD38CC,32,3.29,共有部分,鋼筋混凝土造,82年12月28日,五層,,
RPWOMLOLJIKGFAD38CC,32,2.16,共有部分,鋼筋混凝土造,82年12月28日,五層,,
RPVOMLOLJIKGFAD28CC,32,82.59,住家用,鋼筋混凝土造,83年3月30日,九層,,
RPVOMLOLJIKGFAD28CC,32,44.63,共有部分,鋼筋混凝土造,83年3月30日,九層,,
RPQNMLOLJIKGFCD87CC,,32.59,住家用,鋼筋造,,一層,,
RPRNMLOLJIKGFBD87CC,3,57.57,集合住宅,鋼筋混凝土造,112年1月10日,十三層,,
RPRNMLOLJIKGFBD87CC,3,58.39,本共有部分之項目有防空避難室兼停車空間、停車空間、水箱、消防機房、進氣管道、排煙室、一般昇降梯、緊急昇降梯、機電管道、安全梯、緊急發電機室、電信室、台電配電場所、資源回收區、管委會空間、梯廳、門廊、戶外安全梯、機房、車道等２０項。,鋼筋混凝土造,112年1月10日,十三層,,
RPWNMLOLJIKGFCD48CC,30,44.43,住家用,鋼筋混凝土造,84年12月9日,六層,,
RPRNMLOLJIKGFCD97CC,37,12.12,住家用,鋼筋混凝土造,78年4月25日,七層,,
RPWNMLOLJIKGFCD48CC,30,22.00,共有部分,鋼筋混凝土造,84年12月9日,六層,,
RPRNMLOLJIKGFCD97CC,37,7.38,共有部分,鋼筋混凝土造,78年4月25日,七層,,
RPPNMLOLJIKGFCD77CC,58,85.09,住家用,加強磚造,57年3月30日,二層,,
RPTNMLOLJIKGFCD18CC,26,235.42,住家用,鋼筋混凝土造,88年7月6日,九層,,
RPTNMLOLJIKGFCD18CC,26,61.65,共有部分,鋼筋混凝土造,88年7月6日,九層,,
RPSNMLOLJIKGFHD58CC,12,18.00,住家用,鋼筋混凝土造,102年12月2日,三層,,
RPPNMLOLJIKGFHD28CC,2,60.26,集合住宅,鋼筋混凝土造,112年9月22日,七層,,
RPPNMLOLJIKGFHD28CC,2,31.82,本共有部分之項目有停車空間、門廊、機電設備等公共設施、樓梯間、電梯機械室、水塔等６項,鋼筋混凝土造,112年9月22日,七層,,
RPPNMLOLJIKGFID38CC,43,226.65,住商用,鋼筋混凝土造,71年5月21日,三層,,
RPTNMLOLJIKGFHD68CC,28,151.71,住家用,鋼筋混凝土造,86年11月11日,三層,,
RPTNMLOLJIKGFID78CC,21,50.29,資材室,鋼骨造,93年12月13日,一層,,
RPPNMLOLJIKGFED97CC,39,106.57,住家用,加強磚造,75年12月10日,二層,,
RPSNMLOLJIKGFID68CC,18,8.32,辦公室,鋼筋混凝土造,96年9月20日,四層,,
RPSNMLOLJIKGFID68CC,18,5.66,共有部分,鋼筋混凝土造,96年9月20日,四層,,
RPPNMLOLJIKGFJD48CC,44,166.18,住家用,加強磚造,71年3月22日,二層,,
RPUNMLOLJIKGFID88CC,18,8.04,辦公室,鋼筋混凝土造,96年9月20日,四層,,
RPUNMLOLJIKGFID88CC,18,1.01,共有部分,鋼筋混凝土造,96年9月20日,四層,,
RPUNMLOLJIKGFID88CC,18,5.10,共有部分,鋼筋混凝土造,96年9月20日,四層,,
RPUNMLPLJIKGFAD18CC,1,49.93,集合住宅,鋼骨鋼筋混凝土造、鋼筋混凝土造,114年4月15日,三十四層,,
RPUNMLPLJIKGFAD18CC,1,26.67,本共有部分之項目有管委會使用空間、門廳、機電設備空間、防災中心、儲藏室、樓梯間、消防水箱、防空避難室兼停車空間、車道、停車空間、自來水箱、梯廳、陽台、電信機房等１４項。,鋼骨鋼筋混凝土造、鋼筋混凝土造,114年4月15日,三十四層,,
RPQNMLPLJIKGFAD77CC,36,37.73,住家用,鋼筋混凝土造,78年10月2日,十二層,,
RPQNMLPLJIKGFAD77CC,36,9.13,共同使用部份,鋼筋混凝土造,78年10月2日,十二層,,
RPRNMLOLJIKGFKD78CC,8,57.71,住家用,鋼筋混凝土構造,106年11月14日,十六層,,
RPRNMLOLJIKGFKD78CC,8,52.00,本共有部分之項目計有防空避難室，停車空間，機房，梯廳，梯間，防災中心，管理員室，公共服務空間，管委會使用空間，儲藏室等１０項,鋼筋混凝土構造,106年11月14日,十六層,,
RPQOMLOLJIKGFKD78CC,32,17.07,住家用,鋼筋混凝土造,83年1月13日,六層,,
RPQOMLOLJIKGFKD78CC,32,10.83,共同使用部份,鋼筋混凝土造,83年1月13日,六層,,
RPPOMLOLJIKGFKD68CC,9,69.16,住家用,鋼筋混凝土構造,105年10月20日,十四層,,
RPSNMLOLJIKGFKD88CC,15,182.56,停車空間，住宅,鋼筋混凝土構造,100年5月13日,四層,,
RPPOMLOLJIKGFKD68CC,9,51.75,本共有部分之項目有：垃圾暫存間、台電配電場所、發電機室、門&#24304;、門廊、機車停車區、防空避難室、停車空間、汽車坡道、管委會使用空間、電樓梯間、水箱、機械室等１３項,鋼筋混凝土構造,105年10月20日,十四層,,
RPPOMLOLJIKGFKD68CC,9,14.76,共有部分（電樓梯間）,鋼筋混凝土構造,105年10月20日,十四層,,
RPOOMLOLJIKGFKD58CC,26,72.34,住家用,鋼筋混凝土造,88年8月24日,十四層,,
RPOOMLOLJIKGFKD58CC,26,1.77,共同使用部份,鋼筋混凝土造,88年8月24日,十四層,,
RPOOMLOLJIKGFKD58CC,26,16.42,共同使用部份,鋼筋混凝土造,88年8月24日,十四層,,
RPOOMLOLJIKGFKD58CC,26,14.18,共同使用部份,鋼筋混凝土造,88年8月24日,十四層,,
RPVNMLPLJIKGFAD28CC,43,69.01,住家用,鋼筋混凝土造,71年9月30日,五層,,
RPVNMLPLJIKGFAD28CC,43,17.46,共有部分,鋼筋混凝土造,71年9月30日,五層,,
RPOOMLPLJIKGFAD67CC,31,22.47,住家用,鋼筋混凝土造,84年3月7日,十二層,,
RPOOMLPLJIKGFAD67CC,31,2.91,共同使用部份,鋼筋混凝土造,84年3月7日,十二層,,
RPOOMLPLJIKGFAD67CC,31,4.70,共同使用部份,鋼筋混凝土造,84年3月7日,十二層,,
RPSOMLOLJIKGFCD18CC,31,73.50,住家用,鋼筋混凝土造,84年3月25日,十四層,,
RPSOMLOLJIKGFCD18CC,31,8.83,共同使用部份,鋼筋混凝土造,84年3月25日,十四層,,
RPSOMLOLJIKGFCD18CC,31,31.23,共同使用部份,鋼筋混凝土造,84年3月25日,十四層,,
RPWNMLPLJIKGFAD38CC,36,17.14,住家用,鋼筋混凝土造,79年1月13日,五層,,
RPWNMLPLJIKGFAD38CC,36,8.44,共有部分,鋼筋混凝土造,79年1月13日,五層,,
RPROMLOLJIKGFCD08CC,36,15.56,住家用,鋼筋混凝土造,78年12月20日,五層,,
RPROMLOLJIKGFCD08CC,36,5.83,共有部分,鋼筋混凝土造,78年12月20日,五層,,
RPVOMLOLJIKGFCD48CC,25,219.58,住宅　停車空間,鋼筋混凝土造,89年12月21日,四層,,
RPUOMLOLJIKGFCD38CC,32,52.57,住家用,鋼筋混凝土造,83年1月17日,七層,,
RPUOMLOLJIKGFCD38CC,32,13.59,共有部分,鋼筋混凝土造,83年1月17日,七層,,
RPTOMLPLJIKGFAD18CC,50,95.00,住家用,鋼筋混凝土造,65年2月3日,三層,,
RPXOMLOLJIKGFCD68CC,36,16.24,住家用,鋼筋混凝土造,78年12月20日,五層,,
RPXOMLOLJIKGFCD68CC,36,7.38,共有部分,鋼筋混凝土造,78年12月20日,五層,,
RPQOMLPLJIKGFAD87CC,31,13.87,住家用,鋼筋混凝土造,83年6月24日,四層,,
RPQPMLOLJIKGFCD08CC,45,24.48,辦公室,鋼筋混凝土造,70年1月16日,七層,,
RPQPMLOLJIKGFCD08CC,45,5.25,共有部分,鋼筋混凝土造,70年1月16日,七層,,
RPPOMLPLJIKGFAD77CC,43,18.00,住家用,加強磚造,71年8月11日,二層,,
RPOPMLOLJIKGFCD87CC,36,16.14,住家用,鋼筋混凝土造,78年12月20日,五層,,
RPOPMLOLJIKGFCD87CC,36,5.98,共有部分,鋼筋混凝土造,78年12月20日,五層,,
RPWOMLPLJIKGFAD48CC,35,61.45,住商用,鋼筋混凝土造,79年11月9日,四層,,
RPVOMLPLJIKGFAD38CC,44,51.50,住家用,鋼筋混凝土造,70年12月28日,十二層,,
RPVOMLPLJIKGFAD38CC,44,9.12,共同使用部份,鋼筋混凝土造,70年12月28日,十二層,,
RPUOMLPLJIKGFAD28CC,45,173.21,住商用,鋼筋混凝土造,69年8月1日,四層,,
RPRNMLPLJIKGFBD97CC,43,169.84,住商用,鋼筋混凝土造,71年12月14日,三層,,
RPQNMLPLJIKGFBD87CC,5,60.06,集合住宅,鋼筋混凝土造,110年3月24日,十五層,,
RPQNMLPLJIKGFBD87CC,5,60.96,本共有部分之項目有停車空間、防空避難室兼停車空間、管委會使用空間、門廳、車道、梯間、樓梯間、機械房、水箱等９項,鋼筋混凝土造,110年3月24日,十五層,,
RPXOMLPLJIKGFAD58CC,35,217.61,住商用,鋼筋混凝土造,79年11月9日,四層,,
RPSNMLPLJIKGFBD08CC,4,174.68,店鋪，住宅,鋼筋混凝土造,111年2月14日,三層,,
RPQNMLPLJIKGFCD97CC,44,19.83,住家用,鋼筋混凝土造,70年9月30日,四層,,
RPTNMLPLJIKGFCD28CC,27,95.85,住家用,鋼筋混凝土造,87年9月14日,九層,,
RPTNMLPLJIKGFCD28CC,27,9.16,共有部分,鋼筋混凝土造,87年9月14日,九層,,
RPTNMLPLJIKGFCD28CC,27,19.38,共有部分,鋼筋混凝土造,87年9月14日,九層,,
RPVNMLPLJIKGFCD48CC,35,13.95,住家用,鋼筋混凝土造,80年1月22日,九層,,
RPVNMLPLJIKGFCD48CC,35,8.25,共同使用部份,鋼筋混凝土造,80年1月22日,九層,,
RPPNMLPLJIKGFCD87CC,30,95.27,住家用,鋼筋混凝土造,84年8月10日,九層,,
RPPNMLPLJIKGFCD87CC,30,9.53,共有部分,鋼筋混凝土造,84年8月10日,九層,,
RPPNMLPLJIKGFCD87CC,30,13.08,共有部分,鋼筋混凝土造,84年8月10日,九層,,
RPSNMLPLJIKGFHD68CC,1,82.66,集合住宅,鋼筋混凝土造,113年11月25日,十四層,,
RPSNMLPLJIKGFHD68CC,1,71.80,本共有部分之項目有停車空間、管委會、樓梯間、門廊等４項,鋼筋混凝土造,113年11月25日,十四層,,
RPRNMLPLJIKGFHD58CC,12,19.44,住家用,鋼筋混凝土造,102年11月11日,四層,,
RPPNMLPLJIKGFED08CC,44,301.22,農舍,加強磚造,71年1月19日,三層,,
RPWNMLPLJIKGFHD09CC,18,14.57,住宅，樓梯間,鋼筋混凝土造,96年9月19日,四層,,
RPSOMLPLJIKGFCD28CC,44,72.61,住商用,鋼筋混凝土造,71年2月18日,三層,,
RPWOMLPLJIKGFCD68CC,36,25.74,住家用,鋼筋混凝土造,78年11月14日,五層,,
RPWOMLPLJIKGFCD68CC,36,7.03,共同使用部份,鋼筋混凝土造,78年11月14日,五層,,
RPTOMLPLJIKGFCD38CC,31,67.60,住家用,鋼筋混凝土造,83年7月7日,七層,,
RPTOMLPLJIKGFCD38CC,31,27.97,共同使用部份,鋼筋混凝土造,83年7月7日,七層,,
RPUNMLPLJIKGFHD88CC,8,50.55,集合住宅,鋼筋混凝土造,106年9月8日,十一層,,
RPUNMLPLJIKGFHD88CC,8,23.70,停車空間、昇降機間、樓梯間、排煙室＋昇降機間、梯廳、電信室、管理維護空間、機械室、水塔。,鋼筋混凝土造,106年9月8日,十一層,,
RPUOMLPLJIKGFCD48CC,35,94.09,住家用,鋼筋混凝土造,79年7月2日,七層,,
RPUOMLPLJIKGFCD48CC,35,10.73,共同使用部份,鋼筋混凝土造,79年7月2日,七層,,
RPUOMLPLJIKGFCD48CC,35,15.06,共同使用部份,鋼筋混凝土造,79年7月2日,七層,,
RPVNMLPLJIKGFHD98CC,4,66.09,集合住宅,鋼筋混凝土造,110年10月4日,五層,,
RPVNMLPLJIKGFHD98CC,4,18.17,本共有部分之項目有門廊、停車空間、管理委員會使用空間、梯廳、樓梯、昇降機、電信室等７項,鋼筋混凝土造,110年10月4日,五層,,
RPVOMLPLJIKGFCD58CC,1,92.87,集合住宅,鋼筋混凝土造,113年7月17日,十五層,,
RPVOMLPLJIKGFCD58CC,1,82.61,共有部分項目有：防空避難室兼停車空間、停車空間、車道、門廊、梯間、管委會空間、樓梯間、水錶室、水箱、機械房等１０項。,鋼筋混凝土造,113年7月17日,十五層,,
RPQNMLPLJIKGFKD78CC,26,24.50,住家用,鋼筋混凝土造,88年8月24日,十四層,,
RPQNMLPLJIKGFKD78CC,26,.60,共同使用部份,鋼筋混凝土造,88年8月24日,十四層,,
RPQNMLPLJIKGFKD78CC,26,1.04,共同使用部份,鋼筋混凝土造,88年8月24日,十四層,,
RPQNMLPLJIKGFKD78CC,26,6.49,共同使用部份,鋼筋混凝土造,88年8月24日,十四層,,
RPROMLPLJIKGFCD18CC,3,21.65,集合住宅,鋼筋混凝土構造,111年6月1日,六層,,
RPROMLPLJIKGFCD18CC,3,13.11,本共有部分之項目有：防空避難室兼停車空間、梯廳、安全梯、台電配電室、緊急發電機、電信室、消防機房、汙水機房、雨水機房、水箱、管理委員會空間、中央監控室、戶外安全梯、機房、管委會空間（走廊）、管委會空間等十六項。,鋼筋混凝土構造,111年6月1日,六層,,
RPSNMLPLJIKGFKD98CC,25,57.21,住家用,鋼筋混凝土造,90年1月10日,十一層,,
RPSNMLPLJIKGFKD98CC,25,41.03,共同使用部份,鋼筋混凝土造,90年1月10日,十一層,,
RPSNMLPLJIKGFKD98CC,25,8.40,共同使用部份,鋼筋混凝土造,90年1月10日,十一層,,
RPPNMLPLJIKGFKD68CC,42,142.33,住商用,加強磚造,72年11月29日,二層,,
RPVNMLPLJIKGFID09CC,22,18.18,住家用,鋼筋混凝土造,92年9月10日,十層,,
RPPOMLPLJIKGFKD78CC,8,9.42,住家用,鋼筋混凝土構造,107年4月2日,五層,,
RPPOMLPLJIKGFKD78CC,8,4.19,本共有部分之項目有：電梯間，樓梯間及水箱等３項,鋼筋混凝土構造,107年4月2日,五層,,
RPOOMLPLJIKGFKD68CC,8,9.68,住家用,鋼筋混凝土構造,107年4月2日,五層,,
RPOOMLPLJIKGFKD68CC,8,4.31,本共有部分之項目有：電梯間，樓梯間及水箱等３項,鋼筋混凝土構造,107年4月2日,五層,,
RPRNMLPLJIKGFKD88CC,36,174.03,集合住宅、防空避難室,鋼筋混凝土造,79年4月16日,四層,,
RPWNMLPLJIKGFID56CC,22,14.88,住家用,鋼筋混凝土造,92年9月10日,十層,,
RPQOMLPLJIKGFKD88CC,26,23.19,住家用,鋼筋混凝土造,88年8月24日,十四層,,
RPQOMLPLJIKGFKD88CC,26,.57,共同使用部份,鋼筋混凝土造,88年8月24日,十四層,,
RPOOMLPLJIKGFID48CC,53,83.52,住家用,加強磚造,62年1月1日,二層,,
RPQOMLPLJIKGFKD88CC,26,1.04,共同使用部份,鋼筋混凝土造,88年8月24日,十四層,,
RPQOMLPLJIKGFKD88CC,26,6.20,共同使用部份,鋼筋混凝土造,88年8月24日,十四層,,
RPTNMLQLJIKGFAD18CC,36,39.40,住家用,鋼筋混凝土造,78年8月3日,十層,,
RPTNMLQLJIKGFAD18CC,36,6.38,共有部分,鋼筋混凝土造,78年8月3日,十層,,
RPWNMLQLJIKGFAD48CC,41,81.03,住家用,鋼筋混凝土造,73年7月9日,五層,,
RPTNMLQLJIKGFAD18CC,36,.91,共有部分,鋼筋混凝土造,78年8月3日,十層,,
RPWNMLQLJIKGFAD48CC,41,17.93,共有部分,鋼筋混凝土造,73年7月9日,五層,,
RPRNMLPLJIKGFID68CC,1,60.30,集合住宅,鋼筋混凝土造,114年1月24日,十四層,,
RPRNMLPLJIKGFID68CC,1,44.11,本共有部分之項目有停車空間、管委會使用空間、車道、環保室、昇降機、梯廳、機電設備空間、安全梯、緊急昇降機、門廊等１０項,鋼筋混凝土造,114年1月24日,十四層,,
RPRNMLPLJIKGFID68CC,1,15.89,本共有部分之項目有昇降機、梯廳、機電設備空間、安全梯、緊急昇降機、電樓梯間、機房、機械房、水箱等９項,鋼筋混凝土造,114年1月24日,十四層,,
RPVNMLQLJIKGFAD38CC,1,50.65,集合住宅,鋼骨鋼筋混凝土造、鋼筋混凝土造,114年4月15日,三十四層,,
RPVNMLQLJIKGFAD38CC,1,27.09,本共有部分之項目有管委會使用空間、門廳、機電設備空間、防災中心、儲藏室、樓梯間、消防水箱、防空避難室兼停車空間、車道、停車空間、自來水箱、梯廳、陽台、電信機房等１４項。,鋼骨鋼筋混凝土造、鋼筋混凝土造,114年4月15日,三十四層,,
RPXNMLPLJIKGFID66CC,22,14.88,住家用,鋼筋混凝土造,92年9月10日,十層,,
RPROMLPLJIKGFKD98CC,36,178.06,住家用,鋼筋混凝土造,78年8月4日,四層,,
RPUNMLQLJIKGFAD28CC,35,19.72,住家用,鋼筋混凝土造,79年9月20日,七層,,
RPOOMLQLJIKGFAD77CC,36,134.16,住家用,加強磚造,78年10月21日,二層,,
RPUNMLQLJIKGFAD28CC,35,8.67,共有部分,鋼筋混凝土造,79年9月20日,七層,,
RPQNMLPLJIKGFID58CC,5,58.23,集合住宅,鋼筋混凝土構造,110年3月15日,二十四層,,
RPQNMLPLJIKGFID58CC,5,47.29,本共有部分之項目有管委會使用空間、停車空間、機電設備空間、防空避難室兼停車空間、台電配電場所、自來水箱、車道、門廳、儲藏室、機房、樓梯間、消防水箱等１２項,鋼筋混凝土構造,110年3月15日,二十四層,,
RPPOMLQLJIKGFAD87CC,34,23.80,住家用,鋼筋混凝土造,80年11月13日,三層,,
RPPOMLQLJIKGFAD87CC,34,3.86,共同使用部份,鋼筋混凝土造,80年11月13日,三層,,
RPQOMLQLJIKGFAD97CC,34,75.03,住家用,鋼筋混凝土造,80年11月13日,三層,,
RPQOMLQLJIKGFAD97CC,34,3.86,共同使用部份,鋼筋混凝土造,80年11月13日,三層,,
RPXNMLQLJIKGFAD58CC,40,69.96,住家用,鋼筋混凝土造,74年8月16日,五層,,
RPXNMLQLJIKGFAD58CC,40,4.75,共同使用部份,鋼筋混凝土造,74年8月16日,五層,,
RPXNMLQLJIKGFAD58CC,40,5.89,共同使用部份,鋼筋混凝土造,74年8月16日,五層,,
RPROMLQLJIKGFAD08CC,40,235.24,住商用,鋼筋混凝土造,74年5月20日,四層,,
RPSOMLQLJIKGFAD18CC,60,73.48,住家用,加強磚造,55年1月1日,二層,,
RPSPMLQLJIKGFAD28CC,2,48.22,集合住宅,鋼筋混凝土造,112年11月8日,二十二層,,
RPUOMLQLJIKGFAD38CC,34,26.20,住家用,鋼筋混凝土造,80年11月13日,三層,,
RPSPMLQLJIKGFAD28CC,2,25.96,本共有部分之項目有防空避難室兼停車空間、停車空間、管委會使用空間、梯間、門廳兼梯廳、樓梯間、機械室、水箱、門廊、車道、排煙室、管道間等１２項,鋼筋混凝土造,112年11月8日,二十二層,,
RPUOMLQLJIKGFAD38CC,34,3.86,共同使用部份,鋼筋混凝土造,80年11月13日,三層,,
RPOPMLQLJIKGFAD87CC,42,144.01,住家用,鋼筋混凝土造,72年12月10日,七層,,
RPWOMLQLJIKGFAD58CC,19,65.66,集合住宅,ＲＣ造,95年10月1日,十四層,,
RPOPMLQLJIKGFAD87CC,42,20.71,共同使用部份,鋼筋混凝土造,72年12月10日,七層,,
RPWOMLQLJIKGFAD58CC,19,12.43,共同使用部份,ＲＣ造,95年10月1日,十四層,,
RPWOMLQLJIKGFAD58CC,19,15.91,共同使用部份,ＲＣ造,95年10月1日,十四層,,
RPTOMLQLJIKGFAD28CC,3,57.04,集合住宅,鋼筋混凝土構造,112年3月23日,二十二層,,
RPTOMLQLJIKGFAD28CC,3,12.21,本共有部分之項目有車道、防空避難室兼停車空間、停車空間、電信室、公共服務空間、梯廳、防災中心、機房等８項。,鋼筋混凝土構造,112年3月23日,二十二層,,
RPTOMLQLJIKGFAD28CC,3,18.30,本共有部分之項目有管道間、梯廳、機房、水箱、樓梯間等５項。,鋼筋混凝土構造,112年3月23日,二十二層,,
RPUPMLQLJIKGFAD48CC,49,16.05,住家用,加強磚造,65年6月29日,二層,,
RPTOMLQLJIKGFAD28CC,3,27.08,本共有部分之項目有停車空間、防空避難室兼停車空間等２項。,鋼筋混凝土構造,112年3月23日,二十二層,,
RPTNMLQLJIKGFBD28CC,35,157.88,住家用,加強磚造,79年7月9日,二層,,
RPRNMLQLJIKGFBD08CC,2,78.06,集合住宅,鋼筋混凝土造,112年12月27日,五層,,
RPRNMLQLJIKGFBD08CC,2,45.00,本共有部份之項目有：停車空間、管委會、電信室、戶外安全梯、機電空間、梯廳、一般升降機、機械室、水箱、水表室、垃圾資源回收區、台電配電場所、行動不便者使用一般升降機、戶外安全梯兼無障礙樓梯共１４項。,鋼筋混凝土造,112年12月27日,五層,,
RPXPMLQLJIKGFAD78CC,31,14.53,住家用,鋼筋混凝土造,83年6月24日,四層,,
RPVNMLQLJIKGFCD58CC,30,65.26,住家用,鋼筋混凝土造,84年11月6日,二十層,,
RPVNMLQLJIKGFCD58CC,30,13.65,共有部分,鋼筋混凝土造,84年11月6日,二十層,,
RPVNMLQLJIKGFCD58CC,30,35.43,共有部分,鋼筋混凝土造,84年11月6日,二十層,,
RPUNMLQLJIKGFCD48CC,44,78.68,住家用,鋼筋混凝土造,70年8月19日,五層,,
RPUNMLQLJIKGFCD48CC,44,21.94,共有部分,鋼筋混凝土造,70年8月19日,五層,,
RPSQMLQLJIKGFAD38CC,30,24.23,住家用,鋼筋混凝土造,84年11月21日,十二層,,
RPSQMLQLJIKGFAD38CC,30,8.76,共有部分,鋼筋混凝土造,84年11月21日,十二層,,
RPWPMLQLJIKGFAD68CC,19,93.39,集合住宅,ＲＣ造,96年1月11日,十四層,,
RPWPMLQLJIKGFAD68CC,19,13.04,共有部分,ＲＣ造,96年1月11日,14,,
RPWPMLQLJIKGFAD68CC,19,44.84,共有部分,ＲＣ造,96年1月11日,十四層,,
RPXNMLQLJIKGFCD78CC,36,18.75,住家用,鋼筋混凝土造,79年1月2日,七層,,
RPXNMLQLJIKGFCD78CC,36,11.09,共有部分,鋼筋混凝土造,79年1月2日,七層,,
RPWNMLQLJIKGFCD68CC,35,26.07,住家用,鋼筋混凝土造,80年1月11日,二十二層,,
RPWNMLQLJIKGFCD68CC,35,6.19,共有部分,鋼筋混凝土造,80年1月11日,二十二層,,
RPWNMLQLJIKGFCD68CC,35,1.24,共有部分,鋼筋混凝土造,80年1月11日,二十二層,,
RPPPMLQLJIKGFAD97CC,49,16.05,住家用,加強磚造,65年6月29日,二層,,
RPOOMLQLJIKGFCD97CC,43,87.02,集合住宅,鋼筋混凝土造,71年11月25日,五層,,
RPOOMLQLJIKGFCD97CC,43,6.23,共有部分,鋼筋混凝土造,71年11月25日,五層,,
RPTPMLQLJIKGFAD38CC,30,29.39,住家用,鋼筋混凝土造,84年7月4日,十八層,,
RPTPMLQLJIKGFAD38CC,30,48.11,共有部分,鋼筋混凝土造,84年7月4日,十八層,,
RPPNMLQLJIKGFDD08CC,25,180.96,自用農舍,磚木造,90年5月1日,一層,,
RPVPMLQLJIKGFCD78CC,46,33.00,住商用,鋼筋混凝土造,69年2月11日,四層,,
RPQNMLQLJIKGFFD38CC,31,286.89,住家用,鋼筋混凝土造,83年6月14日,四層,,
RPSOMLQLJIKGFCD38CC,26,95.72,集合住宅,鋼筋混凝土造,88年10月21日,十三層,,
RPPNMLQLJIKGFGD38CC,3,16.52,Ｇ３店舖（＜５００㎡）、Ｈ２住宅,鋼筋混凝土造,112年2月24日,三層,,
RPSOMLQLJIKGFCD38CC,26,19.57,共同使用部份,鋼筋混凝土造,88年10月21日,十三層,,
RPSOMLQLJIKGFCD38CC,26,33.68,共同使用部份,鋼筋混凝土造,88年10月21日,十三層,,
RPRPMLQLJIKGFCD38CC,46,70.33,集合住宅,鋼筋混凝土造,69年5月22日,四層,,
RPRPMLQLJIKGFCD38CC,46,8.83,共同使用部份,鋼筋混凝土造,69年5月22日,四層,,
RPPOMLQLJIKGFCD08CC,50,85.05,住家用,鐵筋、水泥、磚,64年9月22日,二層,,
RPPPMLQLJIKGFCD18CC,1,57.30,集合住宅,鋼筋混凝土造,114年2月5日,十三層,,
RPXOMLQLJIKGFCD88CC,35,33.74,商業用,鋼筋混凝土造,79年6月27日,八層,,
RPPPMLQLJIKGFCD18CC,1,48.35,本共有部分之項目有：防空避難室兼停車空間、停車空間、樓梯間、電梯間、水箱等５項。,鋼筋混凝土造,114年2月5日,十三層,,
RPTOMLQLJIKGFCD48CC,48,62.19,住家用,鋼筋混凝土造,67年5月9日,四層,,
RPQPMLQLJIKGFCD28CC,28,117.33,住家用,鋼筋混凝土造,86年7月29日,八層,,
RPQPMLQLJIKGFCD28CC,28,16.39,共同使用部份,鋼筋混凝土造,86年7月29日,八層,,
RPQPMLQLJIKGFCD28CC,28,25.79,共同使用部份,鋼筋混凝土造,86年7月29日,八層,,
RPPNMLQLJIKGFHD48CC,3,52.61,集合住宅,鋼筋混凝土造,112年5月25日,七層,,
RPPNMLQLJIKGFHD48CC,3,27.36,本共有部分之項目有門廊、停車空間、機電設備空間、消防設備機房、梯間、水箱、機械室、升降機（電梯）、資源回收室等９項,鋼筋混凝土造,112年5月25日,七層,,
RPPQMLQLJIKGFCD28CC,48,75.67,住家用,鋼筋混凝土造,67年5月9日,四層,,
RPROMLQLJIKGFCD28CC,41,84.09,住家用,鋼筋混凝土造,74年5月10日,五層,,
RPQNMLQLJIKGFGD48CC,43,81.12,住家用,加強磚造,71年10月28日,二層,,
RPSNMLQLJIKGFID88CC,30,320.61,工商用,鋼造,84年9月21日,二層,,
RPROMLQLJIKGFCD28CC,41,11.34,共同使用部份,鋼筋混凝土造,74年5月10日,五層,,
RPUOMLQLJIKGFCD58CC,18,26.49,住家用,鋼筋混凝土造,97年2月29日,十四層,,
RPUOMLQLJIKGFCD58CC,18,6.54,共有部分,鋼筋混凝土造,97年2月29日,十四層,,
RPUOMLQLJIKGFCD58CC,18,7.83,共有部分,鋼筋混凝土造,97年2月29日,十四層,,
RPRNMLQLJIKGFID78CC,2,58.49,集合住宅,鋼筋混凝土造,112年8月8日,十五層,,
RPRNMLQLJIKGFID78CC,2,31.66,本共有部分之項目有停車空間、管委會使用空間、梯間、車道、前廊、陽台、樓梯間、機械室、水箱等９項,鋼筋混凝土造,112年8月8日,十五層,,
RPTNMLQLJIKGFID98CC,45,107.02,住商用,加強磚造,70年3月14日,二層,,
RPUNMLQLJIKGFID09CC,3,78.63,集合住宅,鋼筋混凝土構造,112年2月15日,九層,,
RPUNMLQLJIKGFID09CC,3,57.09,本共有部分之項目有停車空間、管理維護空間、樓梯間、機械設備空間、機電設備空間、水箱等６項,鋼筋混凝土構造,112年2月15日,九層,,
RPPNMLRLJIKGFAD87CC,39,19.83,住家用,鋼筋混凝土造,75年6月23日,四層,,
RPRNMLQLJIKGFKD98CC,27,165.40,住宅，停車空間,鋼筋混凝土造,88年4月16日,四層,,
RPQNMLRLJIKGFAD97CC,44,86.93,住商用,鋼筋混凝土造,70年11月7日,四層,,
RPQNMLQLJIKGFKD88CC,34,13.71,住家用,鋼筋混凝土造,80年10月22日,八層,,
RPQNMLRLJIKGFAD97CC,12,50.09,店舖、住宅,鋼骨構造,102年11月6日,四層,,
RPWNMLQLJIKGFKD86CC,18,210.57,住家用,鋼筋混凝土造,97年5月5日,四層,,
RPSOMLQLJIKGFKD56CC,31,44.16,住家用,鋼筋混凝土造,84年3月31日,十五層,,
RPQNMLQLJIKGFKD88CC,34,8.30,共同使用部份,鋼筋混凝土造,80年10月22日,八層,,
RPSOMLQLJIKGFKD56CC,31,23.04,共同使用部份,鋼筋混凝土造,84年3月31日,十五層,,
RPSOMLQLJIKGFKD56CC,31,2.19,共同使用部份,鋼筋混凝土造,84年3月31日,十五層,,
RPSOMLQLJIKGFKD56CC,31,6.97,本共有部分之項目有走廊，電錶室等２項,鋼筋混凝土造,84年3月31日,十五層,,
RPVNMLQLJIKGFKD76CC,33,39.50,住家用,鋼筋混凝土造,82年1月28日,七層,,
RPVNMLQLJIKGFID56CC,48,13.27,住商用,加強磚造,66年8月19日,二層,,
RPVNMLQLJIKGFKD76CC,33,14.86,共同使用部份,鋼筋混凝土造,82年1月28日,七層,,
RPTOMLQLJIKGFKD66CC,25,34.55,住家用,鋼筋混凝土造,90年1月10日,十一層,,
RPTOMLQLJIKGFKD66CC,25,7.82,共同使用部份,鋼筋混凝土造,90年1月10日,十一層,,
RPTOMLQLJIKGFKD66CC,25,5.09,共同使用部份,鋼筋混凝土造,90年1月10日,十一層,,
RPUNMLQLJIKGFKD66CC,10,24.50,店舖，住宅,鋼筋混凝土構造,104年12月2日,五層,,
RPTNMLRLJIKGFAD28CC,17,58.11,集合住宅,鋼筋混凝土造,98年1月9日,十四層,,
RPPOMLQLJIKGFKD88CC,3,129.03,住家用,鋼筋混凝土構造,111年6月7日,三層,,
RPTNMLRLJIKGFAD28CC,17,21.91,共同使用部份,鋼筋混凝土造,98年1月9日,十四層,,
RPVNMLRLJIKGFAD48CC,23,475.60,飲食店、住宅、店舖,鋼骨造,91年9月16日,二層,,
RPUNMLRLJIKGFAD38CC,26,159.08,店舖、集合住宅,鋼筋混凝土造,88年6月22日,十四層,,
RPSNMLRLJIKGFAD18CC,43,18.40,商業用,鋼筋混凝土造,71年11月19日,七層,,
RPUNMLRLJIKGFAD38CC,26,22.46,共同使用部份,鋼筋混凝土造,88年6月22日,十四層,,
RPUOMLQLJIKGFKD76CC,25,37.81,住家用,鋼筋混凝土造,90年1月10日,十一層,,
RPUOMLQLJIKGFKD76CC,25,8.74,共同使用部份,鋼筋混凝土造,90年1月10日,十一層,,
RPUOMLQLJIKGFKD76CC,25,5.51,共同使用部份,鋼筋混凝土造,90年1月10日,十一層,,
RPRNMLRLJIKGFBD18CC,4,86.02,集合住宅,鋼筋混凝土造,110年5月26日,十九層,,
RPRNMLRLJIKGFBD18CC,4,72.52,本共有部份之項目有：防空避難室兼停車空間、停車空間、樓梯間、機械房、水箱、管委會使用空間、中繼馬達設備室、門廊、外廊、防災中心、車道、梯間、昇降機間等１３項。,鋼筋混凝土造,110年5月26日,十九層,,
RPQNMLRLJIKGFBD08CC,2,183.65,店舖、住宅,鋼筋混凝土造,112年10月26日,四層,,
RPQNMLRLJIKGFCD18CC,2,59.42,集合住宅,鋼筋混凝土造,112年10月13日,十層,,
RPQNMLRLJIKGFCD18CC,2,65.35,本共有部份之項目有：防空避難室兼停車空間、停車空間、台電配電場所、公共服務空間、管委會空間、陽台、梯間、水錶室、樓梯間、水箱、機械室等共１１項。,鋼筋混凝土造,112年10月13日,十層,,
RPPNMLRLJIKGFCD08CC,2,80.89,集合住宅,鋼筋混凝土造,113年2月5日,十五層,,
RPPNMLRLJIKGFCD08CC,2,64.26,本共有部份之項目有：防空避難室兼停車空間、停車空間、樓梯間、機械室、水箱、公共空間、走道、排煙室共８項。,鋼筋混凝土造,113年2月5日,十五層,,
RPSNMLRLJIKGFCD38CC,31,97.54,住家用,鋼筋混凝土造,83年12月6日,八層,,
RPSNMLRLJIKGFCD38CC,31,12.51,共同使用部份,鋼筋混凝土造,83年12月6日,八層,,
RPSNMLRLJIKGFCD38CC,31,15.96,共同使用部份,鋼筋混凝土造,83年12月6日,八層,,
RPTNMLRLJIKGFBD38CC,13,222.04,住宅，停車空間,鋼筋混凝土造,101年12月5日,四層,,
RPTNMLRLJIKGFBD38CC,13,.11,本共有部分之項目有管理維護空間等乙項,鋼筋混凝土造,101年12月5日,一層,,
RPSNMLRLJIKGFBD28CC,5,97.06,集合住宅,鋼筋混凝土造,110年3月24日,十五層,,
RPSNMLRLJIKGFBD28CC,5,79.21,本共有部分之項目有停車空間、防空避難室兼停車空間、管委會使用空間、門廳、車道、梯間、樓梯間、機械房、水箱等９項,鋼筋混凝土造,110年3月24日,十五層,,
RPPNMLRLJIKGFDD18CC,13,171.41,住家用,鋼筋混凝土造,101年10月31日,四層,,
RPPNMLRLJIKGFHD58CC,4,69.62,集合住宅,鋼筋混凝土造,111年4月20日,七層,,
RPPNMLRLJIKGFHD58CC,4,47.59,本共有部分之項目有停車空間、一般昇降機道、梯廳、公共服務空間、管理維護空間、安全梯間、機電空間、樓電梯間、水箱、機房等１０項,鋼筋混凝土造,111年4月20日,七層,,
RPPNMLRLJIKGFFD38CC,30,141.47,住家用,鋼筋混凝土造,84年6月8日,三層,,
RPQOMLRLJIKGFCD28CC,38,73.85,住家用,鋼筋混凝土造,76年6月20日,四層,,
RPQOMLRLJIKGFCD28CC,38,27.41,共有部分,鋼筋混凝土造,76年6月20日,四層,,
RPXOMLRLJIKGFCD98CC,35,14.87,住家用,鋼筋混凝土造,79年12月18日,五層,,
RPUNMLRLJIKGFCD58CC,46,43.73,住家用,鋼筋混凝土造,68年10月13日,四層,,
RPUOMLRLJIKGFCD68CC,35,39.48,商業用,鋼筋混凝土造,79年12月26日,六層,,
RPUOMLRLJIKGFCD68CC,35,13.31,共有部分,鋼筋混凝土造,79年12月26日,六層,,
RPQNMLRLJIKGFID78CC,48,14.34,住商用,加強磚造,66年8月19日,二層,,
RPTNMLRLJIKGFCD48CC,46,21.87,住家用,鋼筋混凝土造,68年10月13日,四層,,
RPOOMLRLJIKGFCD08CC,33,110.47,住家用,鋼筋混凝土造,82年5月12日,十四層,,
RPOOMLRLJIKGFCD08CC,33,17.72,共同使用部份,鋼筋混凝土造,82年5月12日,十四層,,
RPOOMLRLJIKGFCD08CC,33,6.75,共同使用部份,鋼筋混凝土造,82年5月12日,十四層,,
RPOOMLRLJIKGFCD08CC,33,25.57,共同使用部份,鋼筋混凝土造,82年5月12日,十四層,,
RPPOMLRLJIKGFCD18CC,51,242.49,住商用,加強磚造,63年8月26日,四層,,
RPXNMLRLJIKGFCD88CC,47,69.79,住家用,鋼筋混凝土造,68年5月17日,五層,,
RPWNMLRLJIKGFCD78CC,44,66.55,住商用,鋼筋混凝土造,70年9月21日,五層,,
RPXNMLRLJIKGFCD88CC,47,4.35,共同使用部份,鋼筋混凝土造,68年5月17日,五層,,
RPWNMLRLJIKGFCD78CC,44,7.44,共同使用部份,鋼筋混凝土造,70年9月21日,五層,,
RPWNMLRLJIKGFCD78CC,44,6.06,共同使用部份,鋼筋混凝土造,70年9月21日,五層,,
RPSOMLRLJIKGFCD48CC,46,71.64,住家用,鋼筋混凝土造,69年1月16日,四層,,
RPSOMLRLJIKGFCD48CC,46,11.41,共同使用部份,鋼筋混凝土造,69年1月16日,四層,,
RPVOMLRLJIKGFCD78CC,42,74.12,住家用,鋼筋混凝土造,73年1月31日,五層,,
RPVOMLRLJIKGFCD78CC,42,11.21,共同使用部份,鋼筋混凝土造,73年1月31日,五層,,
RPXNMLRLJIKGFKD07CC,24,14.00,住家用,鋼筋混凝土造,91年5月17日,四層,,
RPWNMLRLJIKGFKD96CC,18,35.69,住商用,鋼筋混凝土造,97年5月2日,四層,,
RPPOMLRLJIKGFKD98CC,42,156.59,住商用,鋼筋混凝土造,73年1月28日,四層,,
RPTNMLRLJIKGFKD66CC,1,67.37,集合住宅,鋼筋混凝土造,113年9月10日,十四層,,
RPTNMLRLJIKGFKD66CC,1,61.98,本共有部分之項目有：停車空間、水箱、機房、防空避難室兼停車空間、台電變電室、樓梯間及電梯機房等７項,鋼筋混凝土造,113年9月10日,十四層,,
RPROMLRLJIKGFKD56CC,36,38.10,住家用,鋼筋混凝土造,79年2月1日,二層,,
RPTNMLSLJIKGFAD38CC,31,13.32,住家用,鋼筋混凝土造,83年6月24日,四層,,
RPSOMLRLJIKGFKD66CC,36,64.89,住家用,鋼筋混凝土造,79年2月1日,二層,,
RPUOMLRLJIKGFKD86CC,45,103.20,住商用,加強磚造,70年3月18日,二層,,
RPSNMLSLJIKGFAD28CC,37,50.56,住商用,鋼筋混凝土造,77年8月27日,三層,,
RPTOMLRLJIKGFKD76CC,36,64.89,住家用,鋼筋混凝土造,79年2月1日,二層,,
RPPNMLSLJIKGFCD18CC,58,76.69,住家用,加強磚造,56年8月16日,二層,,
RPOOMLSLJIKGFAD97CC,49,98.40,住家用,鋼筋混凝土造,66年2月9日,三層,,
RPVNMLSLJIKGFAD58CC,2,47.91,集合住宅,鋼筋混凝土造,112年11月8日,二十二層,,
RPVNMLSLJIKGFAD58CC,2,44.50,本共有部分之項目有防空避難室兼停車空間、停車空間、管委會使用空間、梯間、門廳兼梯廳、樓梯間、機械室、水箱、門廊、車道、排煙室、管道間等１２項,鋼筋混凝土造,112年11月8日,二十二層,,
RPQNMLSLJIKGFCD28CC,55,101.36,住家用,加強磚造,60年4月1日,三層,,
RPXNMLSLJIKGFAD78CC,2,47.77,集合住宅,鋼筋混凝土造,112年11月8日,二十二層,,
RPTNMLSLJIKGFCD58CC,32,57.86,住商用,鋼筋混凝土造,82年11月22日,八層,,
RPXNMLSLJIKGFAD78CC,2,44.09,本共有部分之項目有防空避難室兼停車空間、停車空間、管委會使用空間、梯間、門廳兼梯廳、樓梯間、機械室、水箱、門廊、車道、排煙室、管道間等１２項,鋼筋混凝土造,112年11月8日,二十二層,,
RPTNMLSLJIKGFCD58CC,32,40.02,共同使用部份,鋼筋混凝土造,82年11月22日,八層,,
RPOOMLRLJIKGFKD88CC,42,32.16,住商用,鋼筋混凝土造,73年1月28日,四層,,
RPRNMLSLJIKGFCD38CC,50,72.26,住家用,鋼筋混凝土造,64年7月10日,三層,,
RPRNMLSLJIKGFCD38CC,50,17.39,共有部分,鋼筋混凝土造,64年7月10日,三層,,
RPRNMLSLJIKGFAD18CC,39,33.06,住商用,鋼筋混凝土造,76年3月28日,四層,,
RPPOMLSLJIKGFAD08CC,31,14.53,住家用,鋼筋混凝土造,83年6月24日,四層,,
RPWNMLSLJIKGFCD88CC,6,67.00,集合住宅,鋼筋混凝土構造,108年8月23日,十三層,,
RPWNMLSLJIKGFCD88CC,6,63.82,本共有部份之項目有：防空避難室兼停車空間、停車空間、管委會空間、車道、樓梯間、機械室、水箱、公共服務空間、管理室、門廳、升降機、排煙室、安全梯、管道間、污物處理區、梯廳共十六項。,鋼筋混凝土構造,108年8月23日,十三層,,
RPTOMLSLJIKGFCD68CC,3,43.36,集合住宅,鋼筋混凝土構造、鋼骨造,112年3月29日,十四層,,
RPQOMLSLJIKGFCD38CC,6,378.52,住家用,鋼筋混凝土構造,109年1月9日,五層,,
RPUOMLSLJIKGFCD78CC,47,89.59,住家用,加強磚造,67年8月7日,二層,,
RPPOMLSLJIKGFCD28CC,2,59.42,集合住宅,鋼筋混凝土造,112年10月13日,十層,,
RPPOMLSLJIKGFCD28CC,2,65.35,本共有部份之項目有：防空避難室兼停車空間、停車空間、台電配電場所、公共服務空間、管委會空間、陽台、梯間、水錶室、樓梯間、水箱、機械室等共１１項。,鋼筋混凝土造,112年10月13日,十層,,
RPOOMLSLJIKGFCD18CC,9,61.37,集合住宅,鋼筋混凝土造,105年12月1日,七層,,
RPOOMLSLJIKGFCD18CC,9,60.35,共有部分包括：門廊、門廳、管理委員會使用空間、公共服務空間、樓梯間、防空避難室兼停車空間、停車空間、陽台。,鋼筋混凝土造,105年12月1日,七層,,
RPPNMLSLJIKGFHD68CC,1,78.47,集合住宅,鋼筋混凝土造,114年5月19日,十層,,
RPPNMLSLJIKGFHD68CC,1,35.85,本共有部分之項目有停車空間、管理維護空間、樓梯間、樓梯間及梯廳、電信室、昇降機間、昇降機道、水箱等８項,鋼筋混凝土造,114年5月19日,十層,,
RPSOMLSLJIKGFCD58CC,35,13.46,住商用,鋼筋混凝土造,80年1月22日,九層,,
RPXNMLSLJIKGFCD98CC,39,138.90,住家用,鋼筋混凝土造,75年12月27日,二層,,
RPSOMLSLJIKGFCD58CC,35,8.25,共同使用部份,鋼筋混凝土造,80年1月22日,九層,,
RPRNMLSLJIKGFHD88CC,33,13.28,辦公室、加工所、倉庫、員工宿舍,鋼筋混凝土造,81年11月9日,三層,,
RPSNMLSLJIKGFHD98CC,10,23.58,住家用,鋼筋混凝土造,105年3月4日,四層,,
RPQNMLSLJIKGFHD78CC,13,20.01,住宅、門廊,鋼筋混凝土造,101年12月5日,四層,,
RPTNMLSLJIKGFHD09CC,11,21.49,店舖，停車空間，住宅,鋼筋混凝土造,104年5月18日,四層,,
RPVNMLSLJIKGFHD66CC,12,18.00,住家用,鋼筋混凝土造,102年12月2日,五層,,
RPUNMLSLJIKGFHD56CC,6,63.94,集合住宅,鋼筋混凝土造,109年3月12日,九層,,
RPUNMLSLJIKGFHD56CC,6,50.27,停車空間、機電設備、管理委員會管理空間、樓梯間、水箱,鋼筋混凝土造,109年3月12日,九層,,
RPXNMLSLJIKGFHD86CC,12,18.00,住家用,鋼筋混凝土造,102年12月2日,五層,,
RPWNMLSLJIKGFHD76CC,12,18.00,住家用,鋼筋混凝土造,102年12月2日,五層,,
RPVOMLSLJIKGFCD88CC,21,43.97,住家用,ＲＣ造,93年7月12日,十四層,,
RPVOMLSLJIKGFCD88CC,21,9.38,共有部分,ＲＣ造,93年7月12日,十四層,,
RPVOMLSLJIKGFCD88CC,21,5.32,共有部分,ＲＣ造,93年7月12日,十四層,,
RPOOMLSLJIKGFHD68CC,12,18.00,住家用,鋼筋混凝土造,102年12月2日,五層,,
RPPOMLSLJIKGFHD78CC,12,18.00,住家用,鋼筋混凝土造,102年12月2日,五層,,
RPROMLSLJIKGFHD98CC,18,60.55,住家用,鋼筋混凝土造,96年9月27日,十二層,,
RPROMLSLJIKGFHD98CC,18,8.21,水箱，樓梯間，機械室,鋼筋混凝土造,96年9月27日,十二層,,
RPROMLSLJIKGFHD98CC,18,33.54,防空避難室兼停車空間、管理室、門廊,鋼筋混凝土造,96年9月27日,一層,,
RPPNMLSLJIKGFKD98CC,30,24.33,住家用,鋼筋混凝土造,85年1月30日,七層,,
RPPNMLSLJIKGFKD98CC,30,13.03,共同使用部份,鋼筋混凝土造,85年1月30日,七層,,
RPQNMLSLJIKGFKD09CC,9,61.08,住家用,鋼筋混凝土構造,105年8月29日,十五層,,
RPQNMLSLJIKGFKD09CC,9,26.14,本共有部分之項目有停車空間兼防空避難室，停車空間，門廊，門廳，守衛室門廊，管委使用空間，守衛室，大樓樓梯間，電梯機械室，戶外梯，水箱等１１項,鋼筋混凝土構造,105年8月29日,十五層,,
RPUNMLSLJIKGFKD86CC,20,10.89,辦公室,鋼筋混凝土造,94年7月8日,六層,,
RPRNMLSLJIKGFKD56CC,32,50.20,住家用,鋼筋混凝土造,82年8月27日,十五層,,
RPUNMLSLJIKGFKD86CC,20,9.82,共同使用部份,鋼筋混凝土造,94年7月8日,六層,,
RPRNMLSLJIKGFKD56CC,32,6.96,共同使用部份,鋼筋混凝土造,82年8月27日,十五層,,
RPRNMLSLJIKGFKD56CC,32,7.08,避難室兼停車空間、梯間、清水池、配電室、門廊、消防泵浦間、交誼廳、乒乓球室。,鋼筋混凝土造,82年8月27日,十六層,,
RPWNMLSLJIKGFKD07CC,20,9.13,辦公室,鋼筋混凝土造,94年7月8日,六層,,
RPWNMLSLJIKGFKD07CC,20,8.47,共同使用部份,鋼筋混凝土造,94年7月8日,六層,,
RPTNMLSLJIKGFKD76CC,30,54.52,住家用,鋼筋混凝土造,84年9月8日,十九層,,
RPXNMLSLJIKGFKD17CC,12,16.53,住宅，停車空間,鋼筋混凝土構造,102年8月21日,四層,,
RPTNMLSLJIKGFKD76CC,30,54.56,共同使用部份,鋼筋混凝土造,84年9月8日,十九層,,
RPOOMLSLJIKGFKD98CC,15,21.49,住宅，停車空間,鋼筋混凝土造,100年1月5日,四層,,
RPQOMLSLJIKGFHD88CC,1,68.61,集合住宅,鋼筋混凝土造,113年7月5日,十層,,
RPQOMLSLJIKGFHD88CC,1,69.72,共有部分之項目有停車空間、管委會使用空間、門廊、車道、樓梯間、管道間、水箱等７項。,鋼筋混凝土造,113年7月5日,十層,,
RPQOMLSLJIKGFKD56CC,31,35.60,辦公室。,鋼筋混凝土造,84年3月31日,十五層,,
RPQOMLSLJIKGFKD56CC,31,7.98,共同使用部份,鋼筋混凝土造,84年3月31日,十五層,,
RPPOMLSLJIKGFKD09CC,13,18.18,住家用,鋼筋混凝土構造,102年4月17日,四層,,
RPVNMLSLJIKGFKD96CC,13,13.22,住家用,鋼筋混凝土構造,102年4月17日,四層,,
RPPNMLSLJIKGFID78CC,16,46.81,住家用,鋼筋混凝土造,99年4月22日,十層,,
RPPNMLSLJIKGFID78CC,16,27.86,本共有部分之項目有管委會使用空間、防空避難室兼停車空間、梯間、機械室、水箱、突出物１、２層。,鋼筋混凝土造,99年4月22日,十四層,,
RPTOMLSLJIKGFKD86CC,25,34.55,住家用,鋼筋混凝土造,90年1月10日,十一層,,
RPTOMLSLJIKGFKD86CC,25,7.82,共同使用部份,鋼筋混凝土造,90年1月10日,十一層,,
RPTOMLSLJIKGFKD86CC,25,5.09,共同使用部份,鋼筋混凝土造,90年1月10日,十一層,,
RPPNMLTLJIKGFAD08CC,6,48.07,集合住宅,鋼筋混凝土構造,108年12月17日,二十三層,,
RPPNMLTLJIKGFAD08CC,6,52.04,本共有部分之項目有門廊、門廳、車道、公共服務空間、防災中心、樓梯間、機械室、昇降機間兼排煙室、水箱、防空避難室兼停車空間、停車空間。,鋼筋混凝土構造,108年12月17日,二十三層,,
RPPNMLLJKIKGFAD17CC,2,107.80,集合住宅,鋼筋混凝土造,113年1月23日,十五層,,
RPPNMLLJKIKGFAD17CC,2,65.04,本共有部分之項目有停車空間、防空避難室兼停車空間、公共服務空間、管委會空間、車道、機房、水箱、梯間等８項,鋼筋混凝土造,113年1月23日,十五層,,
RPPNMLLJKIKGFAD17CC,2,16.63,本共有部分之項目有梯間等１項,鋼筋混凝土造,113年1月23日,十五層,,
RPRNMLLJKIKGFAD37CC,31,13.87,住家用,鋼筋混凝土造,83年6月24日,四層,,
RPPNMLKMJIKGFCD47CC,33,63.45,住家用,鋼筋混凝土造,81年12月22日,九層,,
RPPNMLKMJIKGFCD47CC,33,8.40,共有部分,鋼筋混凝土造,81年12月22日,九層,,
RPSNMLLJKIKGFAD47CC,36,27.49,住家用,鋼筋混凝土造,78年8月3日,十層,,
RPSNMLLJKIKGFAD47CC,36,4.17,共同使用部份,鋼筋混凝土造,78年8月3日,十層,,
RPSNMLLJKIKGFAD47CC,36,.58,共同使用部份,鋼筋混凝土造,78年8月3日,十層,,
RPTNMLLJKIKGFAD57CC,36,41.63,住家用,鋼筋混凝土造,78年10月2日,十二層,,
RPTNMLLJKIKGFAD57CC,36,9.53,共有部分,鋼筋混凝土造,78年10月2日,十二層,,
RPUNMLLJKIKGFAD67CC,32,96.10,住家用,鋼筋混凝土造,82年11月25日,六層,,
RPUNMLLJKIKGFAD67CC,32,25.27,共有部分,鋼筋混凝土造,82年11月25日,六層,,
RPWNMLLJKIKGFAD87CC,98,74.78,住家用,磚造,17年1月1日,二層,,
RPVNMLLJKIKGFAD77CC,32,45.43,住家用,鋼筋混凝土造,82年6月12日,十二層,,
RPVNMLLJKIKGFAD77CC,32,10.09,共有部分,鋼筋混凝土造,82年6月12日,十二層,,
RPSOMLSLJIKGFKD76CC,36,212.25,員工宿舍、廠房、辦公室。,加強磚造,78年6月24日,二層,,
RPPNMLKMJIKGFKD28CC,39,112.24,住家用,鋼筋混凝土造,76年4月16日,二層,,
RPXNMLLJKIKGFAD97CC,28,25.67,集合住宅,鋼筋混凝土造,87年2月19日,二十一層,,
RPXNMLLJKIKGFAD97CC,28,9.48,共同使用部份,鋼筋混凝土造,87年2月19日,二十一層,,
RPQOMLLJKIKGFAD37CC,44,72.56,住家用,加強磚造,71年3月5日,二層,,
RPPOMLLJKIKGFAD27CC,35,20.22,住家用,鋼筋混凝土造,80年4月26日,八層,,
RPPOMLLJKIKGFAD27CC,35,11.92,共有部分,鋼筋混凝土造,80年4月26日,八層,,
RPPNMLLJKIKGFCD37CC,1,49.91,集合住宅,鋼筋混凝土造,113年8月16日,十五層,,
RPPNMLLJKIKGFCD37CC,1,26.94,本共有部份之項目有：防空避難室兼停車空間、停車空間、管委會使用空間、樓梯間、昇降機間、機械室、水箱、梯間、門廊、車道共１０項。,鋼筋混凝土造,113年8月16日,十五層,,
RPROMLLJKIKGFAD47CC,44,85.56,住家用,鋼筋混凝土造,70年10月17日,五層,,
RPSOMLLJKIKGFAD57CC,22,97.02,集合住宅,鋼筋混凝土造,93年3月29日,十層,,
RPROMLLJKIKGFAD47CC,44,12.87,共有部分,鋼筋混凝土造,70年10月17日,五層,,
RPSOMLLJKIKGFAD57CC,22,51.56,共同使用部份,鋼筋混凝土造,93年3月29日,十一層,,
RPQNMLLJKIKGFCD47CC,58,81.71,商業用,補強磚造,57年1月1日,四層,,
RPUNMLLJKIKGFCD87CC,8,59.64,集合住宅,鋼筋混凝土造,107年3月2日,五層,,
RPUNMLLJKIKGFCD87CC,8,35.45,共有部分,鋼筋混凝土造,107年3月2日,五層,,
RPTNMLLJKIKGFCD77CC,27,102.97,住商用,鋼筋混凝土造,87年9月14日,九層,,
RPTNMLLJKIKGFCD77CC,27,7.59,共有部分,鋼筋混凝土造,87年9月14日,九層,,
RPTNMLLJKIKGFCD77CC,27,46.00,共有部分,鋼筋混凝土造,87年9月14日,九層,,
RPVNMLLJKIKGFCD97CC,36,69.41,住家用,鋼筋混凝土造,78年7月13日,五層,,
RPVNMLLJKIKGFCD97CC,36,17.84,共同使用部份,鋼筋混凝土造,78年7月13日,五層,,
RPPNMLLJKIKGFHD87CC,20,16.53,店舖，住宅，梯廳，車庫，梯間，機械室,鋼筋混凝土造,94年12月20日,四層,,
RPXNMLLJKIKGFCD18CC,18,25.46,住家用,鋼筋混凝土造,97年2月29日,十四層,,
RPXNMLLJKIKGFCD18CC,18,6.27,共有部分,鋼筋混凝土造,97年2月29日,十四層,,
RPXNMLLJKIKGFCD18CC,18,8.25,共有部分,鋼筋混凝土造,97年2月29日,十四層,,
RPROMLLJKIKGFCD67CC,31,27.49,住家用,鋼筋混凝土造,83年9月1日,八層,,
RPROMLLJKIKGFCD67CC,31,3.18,共同使用部份,鋼筋混凝土造,83年9月1日,八層,,
RPROMLLJKIKGFCD67CC,31,11.38,共同使用部份,鋼筋混凝土造,83年9月1日,八層,,
RPPNMLLJKIKGFKD18CC,31,27.90,住家用,鋼筋混凝土造,83年7月22日,七層,,
RPPNMLLJKIKGFKD18CC,31,11.64,共同使用部份,鋼筋混凝土造,83年7月22日,七層,,
RPOOMLLJKIKGFCD37CC,44,75.56,住家用,鋼筋混凝土造,70年12月24日,五層,,
RPOOMLLJKIKGFCD37CC,44,9.17,共同使用部份,鋼筋混凝土造,70年12月24日,五層,,
RPRNMLLJKIKGFID18CC,22,18.18,住家用,鋼筋混凝土造,92年9月10日,十層,,
RPSNMLLJKIKGFKD48CC,19,8.54,辦公室,鋼筋混凝土造,95年9月18日,八層,,
RPSNMLLJKIKGFKD48CC,19,8.54,共同使用部份,鋼筋混凝土造,95年9月18日,八層,,
RPVNMLLJKIKGFKD78CC,8,9.68,住家用,鋼筋混凝土構造,107年4月2日,五層,,
RPRNMLLJKIKGFHD08CC,2,37.26,集合住宅,鋼骨鋼筋混凝土造,112年9月27日,二十六層,,
RPVNMLLJKIKGFKD78CC,8,4.31,本共有部分之項目有：電梯間，樓梯間及水箱等３項,鋼筋混凝土構造,107年4月2日,五層,,
RPRNMLLJKIKGFHD08CC,2,59.25,本共有部分之項目有停車空間、樓梯間、機械室、水箱、儲藏室、陽台、公共空間、管委會使用空間等８項,鋼骨鋼筋混凝土造,112年9月27日,二十六層,,
RPVNMLLJKIKGFID58CC,38,107.01,住家用,鋼筋混凝土造,77年3月10日,二層,,
RPTNMLLJKIKGFKD58CC,8,9.42,住家用,鋼筋混凝土構造,107年4月2日,五層,,
RPTNMLLJKIKGFKD58CC,8,4.19,本共有部分之項目有：電梯間，樓梯間及水箱等３項,鋼筋混凝土構造,107年4月2日,五層,,
RPQOMLLJKIKGFKD38CC,31,89.72,住家用,鋼筋混凝土造,83年10月1日,八層,,
RPTNMLLJKIKGFID38CC,22,14.88,住家用,鋼筋混凝土造,92年9月10日,十層,,
RPQOMLLJKIKGFKD38CC,31,28.29,共同使用部份,鋼筋混凝土造,83年11月1日,八層,,
RPPOMLLJKIKGFCD47CC,43,74.15,住家用,鋼筋混凝土造,71年11月11日,五層,,
RPOOMLLJKIKGFKD18CC,33,178.42,住家用,鋼筋混凝土造,82年2月9日,四層,,
RPPOMLLJKIKGFCD47CC,43,10.75,共同使用部份,鋼筋混凝土造,71年11月11日,五層,,
RPUOMLLJKIKGFKD78CC,26,69.18,住家用,鋼造,88年6月23日,一層,,
RPXNMLLJKIKGFKD98CC,21,11.57,住家用,ＳＲＣ造,94年3月3日,二層,,
RPXOMLLJKIKGFKD09CC,26,24.50,住家用,鋼筋混凝土造,88年8月24日,十四層,,
RPXOMLLJKIKGFKD09CC,26,.60,共同使用部份,鋼筋混凝土造,88年8月24日,十四層,,
RPXOMLLJKIKGFKD09CC,26,1.04,共同使用部份,鋼筋混凝土造,88年8月24日,十四層,,
RPXOMLLJKIKGFKD09CC,26,6.49,共同使用部份,鋼筋混凝土造,88年8月24日,十四層,,
RPVOMLLJKIKGFKD88CC,43,85.74,住家用,鋼筋混凝土造,72年2月24日,五層,,
RPVOMLLJKIKGFKD88CC,43,.35,防空避難室。,鋼筋混凝土造,72年2月24日,地下層,,
RPVOMLLJKIKGFKD88CC,43,.35,防空避難室。,鋼筋混凝土造,72年2月24日,地下層,,
RPVOMLLJKIKGFKD88CC,43,.35,防空避難室。,鋼筋混凝土造,72年2月24日,地下層,,
RPVOMLLJKIKGFKD88CC,43,.35,防空避難室。,鋼筋混凝土造,72年2月24日,地下層,,
RPVOMLLJKIKGFKD88CC,43,.35,共同使用部份,鋼筋混凝土造,72年2月24日,,,
RPQNMLMJKIKGFAD37CC,43,113.86,住家用,鋼筋混凝土造,71年12月7日,五層,,
RPVOMLLJKIKGFKD88CC,43,.18,國民住宅,鋼筋混凝土造,72年2月24日,五層,,
RPQNMLMJKIKGFAD37CC,43,6.47,共有部分,鋼筋混凝土造,71年12月7日,五層,,
RPVOMLLJKIKGFKD88CC,43,.35,共同使用部份,鋼筋混凝土造,72年2月24日,,,
RPQNMLMJKIKGFAD37CC,,9.22,共有部分,鋼筋混凝土造,,四層,,
RPVOMLLJKIKGFKD88CC,43,6.07,共同使用部份,鋼筋混凝土造,72年2月24日,,,
RPWNMLMJKIKGFAD97CC,34,18.93,商業用,鋼筋混凝土造,80年9月6日,七層,,
RPWNMLMJKIKGFAD97CC,34,8.19,共同使用部份,鋼筋混凝土造,80年9月6日,七層,,
RPUNMLMJKIKGFAD77CC,2,91.76,集合住宅,鋼筋混凝土造,112年10月17日,二十九層,,
RPOOMLMJKIKGFAD27CC,23,88.36,集合住宅,鋼筋混凝土造,91年11月15日,十一層,,
RPUNMLMJKIKGFAD77CC,2,51.12,本共有部分之項目有防空避難室兼停車空間、停車空間、公共服務空間、梯間、車道、門廊、門廳、防災中心、陽台、中繼水箱、樓梯間、昇降機間（排煙室）、機械室、水箱、雨遮等１５項。,鋼筋混凝土造,112年10月17日,二十九層,,
RPOOMLMJKIKGFAD27CC,23,40.72,共同使用部份,鋼筋混凝土造,91年11月15日,十一層,,
RPPNMLMJKIKGFAD27CC,34,18.05,住家用,鋼筋混凝土造,80年9月6日,七層,,
RPPNMLMJKIKGFAD27CC,34,7.85,共有部分,鋼筋混凝土造,80年9月6日,七層,,
RPPOMLMJKIKGFAD37CC,31,15.74,住家用,鋼筋混凝土造,83年12月16日,十三層,,
RPPOMLMJKIKGFAD37CC,31,5.48,共同使用部份,鋼筋混凝土造,83年12月16日,十三層,,
RPRNMLMJKIKGFAD47CC,42,89.89,住家用,鋼筋混凝土造,72年7月26日,五層,,
RPRNMLMJKIKGFAD47CC,42,16.05,共同使用部份,鋼筋混凝土造,72年7月26日,五層,,
RPWOMLLJKIKGFKD98CC,31,49.47,住家用,鋼筋混凝土造,83年12月24日,八層,,
RPSOMLMJKIKGFAD67CC,40,18.60,住家用,鋼筋混凝土造,74年5月29日,五層,,
RPWOMLLJKIKGFKD98CC,31,29.61,共同使用部份,鋼筋混凝土造,83年12月24日,八層,,
RPROMLMJKIKGFAD57CC,31,14.53,住家用,鋼筋混凝土造,83年6月24日,四層,,
RPUOMLMJKIKGFAD87CC,28,62.57,集合住宅,鋼筋混凝土造,87年4月20日,十四層,,
RPUOMLMJKIKGFAD87CC,28,18.79,共同使用部份,鋼筋混凝土造,87年4月20日,十四層,,
RPUOMLMJKIKGFAD87CC,28,8.20,共同使用部份,鋼筋混凝土造,87年4月20日,十四層,,
RPTNMLMJKIKGFAD67CC,40,261.52,住商用,鋼筋混凝土造,75年4月28日,四層,,
RPQNMLMJKIKGFCD57CC,46,70.08,集合住宅,鋼筋混凝土造,69年5月22日,七層,,
RPQNMLMJKIKGFCD57CC,46,9.84,共同使用部份,鋼筋混凝土造,69年5月22日,七層,,
RPQNMLMJKIKGFCD57CC,46,3.00,集合住宅、避難室,鋼筋混凝土造,69年5月22日,四層,,
RPSNMLMJKIKGFCD77CC,25,77.67,住家用,鋼筋混凝土造,89年10月5日,九層,,
RPRNMLMJKIKGFCD67CC,47,12.00,住家用,鋼筋混凝土造,68年3月24日,四層,,
RPSNMLMJKIKGFCD77CC,25,24.54,共同使用部份,鋼筋混凝土造,89年10月5日,九層,,
RPUNMLMJKIKGFCD97CC,62,48.37,住家用,磚造,52年6月30日,一層,,
RPPNMLMJKIKGFCD47CC,42,37.72,住家用,鋼筋混凝土造,72年10月22日,七層,,
RPVOMLMJKIKGFAD97CC,31,13.32,住家用,鋼筋混凝土造,83年6月24日,四層,,
RPPNMLMJKIKGFCD47CC,42,10.08,共有部分,鋼筋混凝土造,72年10月22日,七層,,
RPWOMLMJKIKGFAD08CC,19,123.31,集合住宅,ＲＣ造,96年1月11日,十四層,,
RPWOMLMJKIKGFAD08CC,19,17.14,共有部分,ＲＣ造,96年1月11日,14,,
RPWOMLMJKIKGFAD08CC,19,55.56,共有部分,ＲＣ造,96年1月11日,十四層,,
RPVNMLMJKIKGFCD08CC,35,21.49,住家用,鋼筋混凝土造,80年1月17日,七層,,
RPVNMLMJKIKGFCD08CC,35,7.18,共同使用部份,鋼筋混凝土造,80年1月17日,七層,,
RPOOMLMJKIKGFCD47CC,37,93.82,住家用,鋼筋混凝土造,78年5月12日,五層,,
RPOOMLMJKIKGFCD47CC,37,25.97,共同使用部份,鋼筋混凝土造,78年5月12日,五層,,
RPXNMLMJKIKGFCD28CC,36,23.59,住家用,鋼筋混凝土造,78年11月14日,五層,,
RPXNMLMJKIKGFCD28CC,36,6.74,共同使用部份,鋼筋混凝土造,78年11月14日,五層,,
RPQNMLMJKIKGFDD67CC,,44.02,店舖、地下層、旅社,鋼筋混凝土造,,十層,,
RPPOMLMJKIKGFCD57CC,36,16.50,住家用,鋼筋混凝土造,78年12月20日,五層,,
RPPOMLMJKIKGFCD57CC,36,6.09,共有部分,鋼筋混凝土造,78年12月20日,五層,,
RPRNMLMJKIKGFDD77CC,,44.00,店舖、地下層、旅社,鋼筋混凝土造,,十層,,
RPPNMLMJKIKGFDD57CC,30,164.07,住商用,鋼筋混凝土造,84年6月8日,三層,,
RPUNMLMJKIKGFDD08CC,41,221.40,住商用,鐵骨造,73年8月22日,一層,,
RPPNMLMJKIKGFED67CC,43,11.70,住商用,鋼筋混凝土造,72年3月5日,三層,,
RPQNMLMJKIKGFED77CC,43,14.87,住商用,鋼筋混凝土造,72年3月5日,三層,,
RPSOMLMJKIKGFCD87CC,46,209.40,住商用,鋼筋混凝土造,69年3月8日,三層,,
RPRNMLMJKIKGFHD18CC,42,113.65,住家用,加強磚造,72年12月28日,二層,,
RPPNMLMJKIKGFHD97CC,11,148.50,住家用,鋼筋混凝土造,103年12月16日,三層,,
RPVOMLMJKIKGFCD18CC,32,34.50,住家用,鋼筋混凝土造,82年9月11日,六層,,
RPPNMLMJKIKGFKD28CC,32,111.04,住家用,鋼筋混凝土造,83年1月4日,八層,,
RPPNMLMJKIKGFKD28CC,32,42.59,共同使用部份,鋼筋混凝土造,83年1月4日,八層,,
RPRNMLMJKIKGFID28CC,2,82.07,集合住宅,鋼筋混凝土造,112年11月22日,五層,,
RPTOMLMJKIKGFCD97CC,22,70.05,住家用,鋼筋混凝土造,92年7月3日,六層,,
RPTOMLMJKIKGFCD97CC,22,16.60,共同使用部份,鋼筋混凝土造,92年7月3日,六層,,
RPRNMLMJKIKGFID28CC,2,40.13,本共有部分之項目有騎樓、停車空間、公共空間、梯間等４項,鋼筋混凝土造,112年11月22日,五層,,
RPTOMLMJKIKGFCD97CC,22,8.43,共同使用部份,鋼筋混凝土造,92年7月3日,六層,,
RPRNMLMJKIKGFKD48CC,20,22.84,住商用,鋼筋混凝土造,95年4月3日,五層,,
RPUNMLMJKIKGFKD78CC,46,91.20,住商用,加強磚造,69年2月7日,二層,,
RPSNMLMJKIKGFID38CC,22,18.18,住家用,鋼筋混凝土造,92年9月10日,十層,,
RPRNMLMJKIKGFED87CC,43,10.28,住商用,鋼筋混凝土造,72年3月5日,三層,,
RPPNMLMJKIKGFFD77CC,28,162.58,住家用,鋼筋混凝土造,86年7月24日,三層,,
RPVNMLMJKIKGFKD88CC,32,86.38,住家用,鋼筋混凝土造,83年4月26日,七層,,
RPVNMLMJKIKGFKD88CC,32,46.08,共同使用部份,鋼筋混凝土造,83年4月26日,七層,,
RPOOMLMJKIKGFKD28CC,34,141.01,住家用,鋼筋混凝土造,81年1月30日,三層,,
RPSNMLMJKIKGFKD58CC,43,63.32,住家用,鋼筋混凝土造,72年4月15日,五層,,
RPSNMLMJKIKGFKD58CC,43,6.76,共同使用部份,鋼筋混凝土造,72年4月15日,五層,,
RPSNMLMJKIKGFKD58CC,43,3.55,共同使用部份,鋼筋混凝土造,72年4月15日,五層,,
RPSNMLMJKIKGFKD58CC,43,3.91,共同使用部份,鋼筋混凝土造,72年4月15日,五層,,
RPXNMLMJKIKGFKD09CC,26,66.77,住家用,鋼筋混凝土造,89年5月4日,十八層,,
RPXNMLMJKIKGFKD09CC,26,12.47,共同使用部份,鋼筋混凝土造,89年5月4日,十八層,,
RPXNMLMJKIKGFKD09CC,26,6.67,共同使用部份,鋼筋混凝土造,89年5月4日,十八層,,
RPPOMLMJKIKGFKD38CC,36,24.32,住家用,鋼筋混凝土造,78年9月18日,二層,,
RPROMLMJKIKGFKD58CC,28,60.87,住家用,鋼筋混凝土造,86年9月26日,十一層,,
RPROMLMJKIKGFKD58CC,28,15.33,共同使用部份,鋼筋混凝土造,86年9月26日,十一層,,
RPROMLMJKIKGFKD58CC,28,6.31,共同使用部份,鋼筋混凝土造,86年9月26日,十一層,,
RPPNMLNJKIKGFAD37CC,12,42.23,集合住宅,鋼筋混凝土構造,102年11月25日,十四層,,
RPPNMLNJKIKGFAD37CC,12,42.41,本共有部分之項目有門廳、守衛室、停車空間、防空避難室、管理維護空間。,鋼筋混凝土構造,102年11月25日,十四層,,
RPPNMLNJKIKGFAD37CC,12,9.28,本共有部分之項目有電樓梯間、電梯機房、水箱。,鋼筋混凝土構造,102年11月25日,十四層,,
RPSNMLNJKIKGFAD67CC,29,78.72,住家用,鋼筋混凝土造,85年9月5日,十二層,,
RPSNMLNJKIKGFAD67CC,29,14.31,共有部分,鋼筋混凝土造,85年9月5日,十二層,,
RPSNMLNJKIKGFAD67CC,29,13.38,避難室、停車空間,鋼筋混凝土造,85年9月5日,十二層,,
RPRNMLNJKIKGFAD57CC,30,39.72,住家用,鋼筋混凝土造,84年7月4日,十八層,,
RPRNMLNJKIKGFAD57CC,30,18.90,共同使用部份,鋼筋混凝土造,84年7月4日,十八層,,
RPQNMLNJKIKGFAD47CC,40,65.86,住家用,鋼筋混凝土造,74年10月17日,五層,,
RPQNMLNJKIKGFAD47CC,40,9.54,共有部分,鋼筋混凝土造,74年10月17日,五層,,
RPSNMLNJKIKGFBD77CC,3,40.46,店舖、住宅、停車空間,鋼筋混凝土造,112年5月8日,三層,,
RPPNMLNJKIKGFBD47CC,4,56.78,集合住宅,鋼筋混凝土造,110年11月3日,十三層,,
RPUNMLNJKIKGFAD87CC,29,26.78,住家用,鋼筋混凝土造,86年1月27日,二十層,,
RPUNMLNJKIKGFAD87CC,29,5.11,共有部分,鋼筋混凝土造,86年1月27日,二十層,,
RPUNMLNJKIKGFAD87CC,29,3.88,共有部分,鋼筋混凝土造,86年1月27日,二十層,,
RPUNMLNJKIKGFAD87CC,29,2.24,共有部分,鋼筋混凝土造,86年1月27日,二十層,,
RPPNMLNJKIKGFBD47CC,4,27.79,本共有部分之項目有管委會空間、公共服務空間、梯間、水錶室、機械室、水箱、停車空間、機房（台電配電場所）、機房、防空避難室兼停車空間及垃圾暫停車位等１１項。,鋼筋混凝土造,110年11月3日,十三層,,
RPPNMLNJKIKGFCD57CC,30,119.76,集合住宅,鋼筋混凝土造,85年3月21日,十六層,,
RPPNMLNJKIKGFCD57CC,30,43.29,共有部分,鋼筋混凝土造,85年3月21日,十六層,,
RPPNMLNJKIKGFCD57CC,30,20.85,共有部分,鋼筋混凝土造,85年3月21日,十六層,,
RPQNMLNJKIKGFCD67CC,3,21.65,集合住宅,鋼筋混凝土構造,111年6月1日,六層,,
RPSNMLNJKIKGFCD87CC,26,25.99,住家用,鋼筋混凝土造,88年8月5日,十二層,,
RPSNMLNJKIKGFCD87CC,26,4.93,共同使用部份,鋼筋混凝土造,88年8月5日,十二層,,
RPSNMLNJKIKGFCD87CC,26,6.00,共同使用部份,鋼筋混凝土造,88年8月5日,十二層,,
RPQNMLNJKIKGFCD67CC,3,13.11,本共有部分之項目有：防空避難室兼停車空間、梯廳、安全梯、台電配電室、緊急發電機、電信室、消防機房、汙水機房、雨水機房、水箱、管理委員會空間、中央監控室、戶外安全梯、機房、管委會空間（走廊）、管委會空間等十六項。,鋼筋混凝土構造,111年6月1日,六層,,
RPPNMLNJKIKGFDD67CC,34,116.54,住家用,鋼筋混凝土造,80年7月24日,五層,,
RPRNMLNJKIKGFCD77CC,3,27.74,集合住宅,鋼筋混凝土構造,111年6月1日,六層,,
RPPNMLNJKIKGFDD67CC,34,27.91,共同使用部份,鋼筋混凝土造,80年7月24日,五層,,
RPPNMLNJKIKGFDD67CC,34,15.65,共同使用部份,鋼筋混凝土造,80年7月24日,五層,,
RPRNMLNJKIKGFCD77CC,3,16.78,本共有部分之項目有：防空避難室兼停車空間、梯廳、安全梯、台電配電室、緊急發電機、電信室、消防機房、汙水機房、雨水機房、水箱、管理委員會空間、中央監控室、戶外安全梯、機房、管委會空間（走廊）、管委會空間等十六項。,鋼筋混凝土構造,111年6月1日,六層,,
RPWNMLMJKIKGFKD98CC,43,111.75,住家用,加強磚造,71年12月29日,二層,,
RPPNMLNJKIKGFHD08CC,4,60.10,集合住宅,鋼筋混凝土造,111年6月2日,十一層,,
RPPNMLNJKIKGFHD08CC,4,49.19,本共有部分之項目有停車空間、樓梯間、電梯間、電梯機械室、水箱等５項,鋼筋混凝土造,111年6月2日,十一層,,
RPQNMLNJKIKGFDD77CC,31,70.05,住家用,鋼筋混凝土造,83年12月27日,十四層,,
RPQNMLNJKIKGFDD77CC,31,27.72,共同使用部份,鋼筋混凝土造,83年12月27日,十四層,,
RPXNMLNJKIKGFCD38CC,32,22.80,住家用,鋼筋混凝土造,83年2月8日,八層,,
RPXNMLNJKIKGFCD38CC,32,4.68,共有部分,鋼筋混凝土造,83年2月8日,八層,,
RPXNMLNJKIKGFCD38CC,32,5.42,共有部分,鋼筋混凝土造,83年2月8日,八層,,
RPQNMLNJKIKGFHD18CC,18,95.25,住家用,鋼筋混凝土造,96年9月27日,十二層,,
RPQNMLNJKIKGFHD18CC,18,13.09,水箱，樓梯間，機械室,鋼筋混凝土造,96年9月27日,十二層,,
RPQNMLNJKIKGFHD18CC,18,15.70,防空避難室兼停車空間、管理室、門廊,鋼筋混凝土造,96年9月27日,一層,,
RPRNMLNJKIKGFHD28CC,3,80.06,集合住宅,鋼筋混凝土構造,112年4月18日,七層,,
RPRNMLNJKIKGFHD28CC,3,34.57,本共有部分之項目有：管理維護空間、門廊、停車空間、樓梯間、發電機室、水箱等６項,鋼筋混凝土構造,112年4月18日,七層,,
RPSNMLNJKIKGFHD38CC,1,59.84,集合住宅,鋼筋混凝土造,113年8月20日,七層,,
RPSNMLNJKIKGFHD38CC,1,32.54,本共有部分之項目有停車空間、門廊、樓梯間、梯間、水箱及機械室等６項,鋼筋混凝土造,113年8月20日,七層,,
RPTNMLNJKIKGFHD48CC,29,17.72,住家用,鋼筋混凝土造,85年5月22日,九層,,
RPTNMLNJKIKGFHD48CC,29,9.53,門廊、走廊、梯間、機械室、水箱、防空避難室、停車空間、騎樓,鋼筋混凝土造,85年5月22日,九層,,
RPPNMLOJKIKGFAD47CC,41,83.14,住家用,鋼筋混凝土造,73年11月28日,五層,,
RPPNMLOJKIKGFAD47CC,41,12.59,共有部分,鋼筋混凝土造,73年11月28日,五層,,
RPQNMLNJKIKGFKD48CC,42,78.46,住家用,鋼筋混凝土造,72年7月25日,五層,,
RPTNMLNJKIKGFKD78CC,31,40.48,辦公室。,鋼筋混凝土造,84年3月31日,十五層,,
RPQNMLNJKIKGFKD48CC,42,13.39,共同使用部份,鋼筋混凝土造,72年7月25日,五層,,
RPTNMLNJKIKGFKD78CC,31,8.86,共同使用部份,鋼筋混凝土造,84年3月31日,十五層,,
RPUNMLNJKIKGFKD88CC,31,19.83,法定停車位、住宅、店舖。,鋼筋混凝土造,84年5月6日,四層,,
RPSNMLOJKIKGFAD77CC,1,72.49,集合住宅,鋼筋混凝土造,113年10月4日,十三層,,
RPSNMLOJKIKGFAD77CC,1,65.17,本共有部分之項目有停車空間、防空避難室兼停車空間、公共空間、樓梯間、水箱、陽台、機械室等７項,鋼筋混凝土造,113年10月4日,十三層,,
RPSNMLNJKIKGFKD68CC,31,23.14,法定停車位、住宅、店舖。,鋼筋混凝土造,84年5月6日,四層,,
RPRNMLOJKIKGFAD67CC,31,20.60,住家用,鋼筋混凝土造,83年12月16日,十三層,,
RPRNMLOJKIKGFAD67CC,31,7.20,共同使用部份,鋼筋混凝土造,83年12月16日,十三層,,
RPUNMLOJKIKGFAD97CC,38,84.17,住商用,鋼筋混凝土造,76年8月25日,四層,,
RPTNMLOJKIKGFAD87CC,34,18.56,住家用,鋼筋混凝土造,80年6月27日,七層,,
RPTNMLOJKIKGFAD87CC,34,5.74,共同使用部份,鋼筋混凝土造,80年6月27日,七層,,
RPRNMLNJKIKGFID38CC,2,49.82,集合住宅,鋼筋混凝土造,112年8月8日,十五層,,
RPRNMLNJKIKGFID38CC,2,39.42,本共有部分之項目有停車空間、管委會使用空間、梯間、車道、前廊、陽台、樓梯間、機械室、水箱等９項,鋼筋混凝土造,112年8月8日,十五層,,
RPQNMLOJKIKGFAD57CC,10,86.82,集合住宅,鋼筋混凝土構造,104年11月5日,二十四層,,
RPQNMLOJKIKGFAD57CC,10,37.38,本共有部分之項目：有樓梯間、門廊、門廳、管委會使用空間、防災中心、停車空間、防空避難室、車道、游泳池、機房自來水池等項,鋼筋混凝土構造,104年11月5日,二十四層,,
RPVNMLOJKIKGFAD08CC,35,23.96,住家用,鋼筋混凝土造,80年1月19日,六層,,
RPVNMLOJKIKGFAD08CC,35,5.98,共有部分,鋼筋混凝土造,80年1月19日,六層,,
RPVNMLOJKIKGFAD08CC,35,2.15,共有部分,鋼筋混凝土造,80年1月19日,六層,,
RPUNMLNJKIKGFID68CC,9,57.56,集合住宅,鋼筋混凝土構造,105年12月1日,五層,,
RPSNMLNJKIKGFID48CC,18,8.04,辦公室,鋼筋混凝土造,96年9月20日,四層,,
RPSNMLNJKIKGFID48CC,18,1.01,共同使用部份,鋼筋混凝土造,96年9月20日,四層,,
RPUNMLNJKIKGFID68CC,9,11.67,本共有部分之項目有管理維護使用空間、電梯、停車空間、機電設備空間、樓梯、樓梯間,鋼筋混凝土構造,105年12月1日,五層,,
RPSNMLNJKIKGFID48CC,18,5.10,共同使用部份,鋼筋混凝土造,96年9月20日,四層,,
RPUNMLNJKIKGFID68CC,9,9.79,本共有部分之項目有電梯、樓梯間、機電設備空間,鋼筋混凝土構造,105年12月1日,五層,,
RPWNMLOJKIKGFAD18CC,33,17.25,商業用,鋼筋混凝土造,82年3月27日,六層,,
RPWNMLOJKIKGFAD18CC,33,7.80,共有部分,鋼筋混凝土造,82年3月27日,六層,,
RPVNMLNJKIKGFID78CC,31,88.88,住家用,鋼筋混凝土造,84年1月6日,八層,,
RPVNMLNJKIKGFID78CC,31,13.11,共同使用部份,鋼筋混凝土造,84年1月6日,八層,,
RPVNMLNJKIKGFID78CC,31,8.12,共同使用部份,鋼筋混凝土造,84年1月6日,八層,,
RPXNMLOJKIKGFAD28CC,22,109.72,集合住宅,鋼筋混凝土造,92年9月16日,十四層,,
RPQNMLNJKIKGFID28CC,18,8.04,辦公室,鋼筋混凝土造,96年9月20日,四層,,
RPXNMLOJKIKGFAD28CC,22,38.25,管理室等,鋼筋混凝土造,92年9月16日,十四層,,
RPQNMLNJKIKGFID28CC,18,1.01,共同使用部份,鋼筋混凝土造,96年9月20日,四層,,
RPXNMLOJKIKGFAD28CC,22,20.80,公共設施,鋼筋混凝土造,92年9月16日,十四層,,
RPQNMLNJKIKGFID28CC,18,5.10,共同使用部份,鋼筋混凝土造,96年9月20日,四層,,
RPOOMLOJKIKGFAD47CC,16,219.25,住宅、停車空間,鋼筋混凝土構造,99年4月6日,四層,,
RPPOMLOJKIKGFAD57CC,30,29.39,住家用,鋼筋混凝土造,84年7月4日,十八層,,
RPPOMLOJKIKGFAD57CC,30,13.74,共同使用部份,鋼筋混凝土造,84年7月4日,十八層,,
RPQOMLOJKIKGFAD67CC,35,12.96,辦公室,鋼筋混凝土造,79年11月13日,五層,,
RPQOMLOJKIKGFAD67CC,35,7.28,共同使用部份,鋼筋混凝土造,79年11月13日,五層,,
RPSNMLOJKIKGFBD87CC,44,92.30,集合住宅,鋼筋混凝土造,70年9月7日,四層,,
RPTNMLOJKIKGFBD97CC,2,60.03,集合住宅,鋼筋混凝土造,113年1月16日,二十七層,,
RPPNMLOJKIKGFBD57CC,44,91.74,集合住宅,鋼筋混凝土造,70年9月7日,四層,,
RPPNMLOJKIKGFBD57CC,44,3.13,避難室,鋼筋混凝土造,70年9月7日,四層,,
RPTNMLOJKIKGFBD97CC,2,52.64,防空避難室兼停車空間、停車空間、管理委員會使用空間、安全梯、樓梯間、梯廳、管道間、一般昇降機、緊急昇降機、機械室、水箱、排煙室、陽台、雨遮、中繼機房、車道、門廊等１７項。,鋼筋混凝土造,113年1月16日,二十七層,,
RPSNMLOJKIKGFBD87CC,44,3.60,共同使用部份,鋼筋混凝土造,70年9月7日,四層,,
RPPNMLOJKIKGFBD57CC,44,7.81,共同使用部份,鋼筋混凝土造,70年9月7日,四層,,
RPSNMLOJKIKGFBD87CC,44,7.81,共同使用部份,鋼筋混凝土造,70年9月7日,四層,,
RPWNMLOJKIKGFBD28CC,46,94.26,住家用,加強磚造,69年1月4日,二層,,
RPQNMLOJKIKGFBD67CC,1,28.85,店舖、住宅、停車空間,鋼筋混凝土造,113年12月27日,三層,,
RPXNMLOJKIKGFBD38CC,4,53.25,集合住宅,鋼筋混凝土造,110年11月26日,五層,,
RPXNMLOJKIKGFBD38CC,4,19.34,共有部分項目有：停車空間、戶外安全梯、梯廳、昇降機道、昇降機間、管委會空間、電信室等７項。,鋼筋混凝土造,110年11月26日,五層,,
RPPNMLOJKIKGFCD67CC,30,101.83,住家用,鋼筋混凝土造,84年8月12日,十五層,,
RPPNMLOJKIKGFCD67CC,30,8.84,共同使用部份,鋼筋混凝土造,84年8月12日,十五層,,
RPPNMLOJKIKGFCD67CC,30,14.33,共同使用部份,鋼筋混凝土造,84年8月12日,十五層,,
RPRNMLOJKIKGFCD87CC,42,90.41,住家用,鋼筋混凝土造,72年11月21日,五層,,
RPPNMLOJKIKGFCD67CC,30,35.81,共同使用部份,鋼筋混凝土造,84年8月12日,十五層,,
RPSNMLOJKIKGFCD97CC,35,16.67,住家用,鋼筋混凝土造,80年5月18日,十一層,,
RPSNMLOJKIKGFCD97CC,35,1.43,共同使用部份,鋼筋混凝土造,80年5月18日,十一層,,
RPSNMLOJKIKGFCD97CC,35,5.04,共同使用部份,鋼筋混凝土造,80年5月18日,十一層,,
RPRNMLOJKIKGFCD87CC,42,10.72,共同使用部份,鋼筋混凝土造,72年11月21日,五層,,
RPPNMLOJKIKGFDD77CC,56,100.86,住家用,鋼筋混凝土造,,三層,,
RPUNMLOJKIKGFCD18CC,50,72.48,住家用,補強磚造,64年7月16日,二層,,
RPPNMLOJKIKGFGD08CC,43,100.94,住商用,加強磚造,71年11月29日,二層,,
RPQNMLOJKIKGFHD28CC,10,23.14,住家用,鋼筋混凝土造,104年10月15日,四層,,
RPSNMLOJKIKGFHD48CC,5,55.38,集合住宅,鋼筋混凝土造,109年9月16日,十二層,,
RPRNMLOJKIKGFHD38CC,11,21.92,住宅、停車空間,鋼筋混凝土造,103年9月11日,四層,,
RPSNMLOJKIKGFHD48CC,5,27.13,本共有部分之項目有停車空間、門廳、管理空間、機械室、蓄水池等５項,鋼筋混凝土造,109年9月16日,十二層,,
RPPNMLOJKIKGFHD18CC,3,59.88,集合住宅,鋼筋混凝土造,111年6月2日,十一層,,
RPPNMLOJKIKGFHD18CC,3,47.47,本共有部分之項目有停車空間、樓梯間、電梯間、電梯機械室、水箱等５項,鋼筋混凝土造,111年6月2日,十一層,,
RPQNMLOJKIKGFID38CC,30,75.82,住商用,鋼筋混凝土造,84年11月27日,八層,,
RPQNMLOJKIKGFID38CC,30,92.60,住商用,鋼筋混凝土造,84年11月27日,八層,,
RPQNMLOJKIKGFKD58CC,31,51.88,辦公室。,鋼筋混凝土造,84年3月31日,十五層,,
RPPNMLOJKIKGFID28CC,49,83.84,住家用,加強磚造,65年10月1日,二層,,
RPQNMLOJKIKGFID38CC,30,17.07,住商用,鋼筋混凝土造,84年11月27日,八層,,
RPQNMLOJKIKGFKD58CC,31,8.86,共同使用部份,鋼筋混凝土造,84年3月31日,十五層,,
RPQNMLOJKIKGFID38CC,30,13.42,住商用,鋼筋混凝土造,84年11月27日,八層,,
RPQNMLOJKIKGFID38CC,30,5.76,住商用,鋼筋混凝土造,84年11月27日,八層,,
RPQNMLOJKIKGFID38CC,30,69.11,共同使用部份,鋼筋混凝土造,84年11月27日,八層,,
RPQNMLOJKIKGFID38CC,30,36.51,共同使用部份,鋼筋混凝土造,84年11月27日,八層,,
RPRNMLOJKIKGFID48CC,1,49.03,集合住宅,鋼筋混凝土造,114年1月24日,十四層,,
RPSNMLOJKIKGFKD78CC,25,34.55,住家用,鋼筋混凝土造,90年1月10日,十一層,,
RPRNMLOJKIKGFID48CC,1,41.11,本共有部分之項目有停車空間、管委會使用空間、車道、環保室、昇降機、梯廳、機電設備空間、安全梯、緊急昇降機、門廊等１０項,鋼筋混凝土造,114年1月24日,十四層,,
RPRNMLOJKIKGFID48CC,1,13.04,本共有部分之項目有昇降機、梯廳、機電設備空間、安全梯、緊急昇降機、電樓梯間、機房、機械房、水箱等９項,鋼筋混凝土造,114年1月24日,十四層,,
RPSNMLOJKIKGFKD78CC,25,7.82,共同使用部份,鋼筋混凝土造,90年1月10日,十一層,,
RPSNMLOJKIKGFKD78CC,25,5.09,共同使用部份,鋼筋混凝土造,90年1月10日,十一層,,
RPSNMLOJKIKGFID58CC,48,159.76,住商用,鋼筋混凝土造,66年12月12日,三層,,
RPTNMLPJKIKGFAD97CC,36,51.35,住家用,鋼筋混凝土造,79年4月9日,五層,,
RPTNMLPJKIKGFAD97CC,36,13.97,共同使用部份,鋼筋混凝土造,79年4月9日,五層,,
RPPNMLPJKIKGFAD57CC,31,22.06,住家用,鋼筋混凝土造,83年8月2日,六層,,
RPPNMLOJKIKGFKD48CC,18,126.15,住家用,鋼筋混凝土造,96年9月20日,十三層,,
RPPNMLPJKIKGFAD57CC,31,7.50,共同使用部份,鋼筋混凝土造,83年8月2日,六層,,
RPPNMLOJKIKGFKD48CC,18,72.67,共同使用部份,鋼筋混凝土造,96年9月20日,十三層,,
RPPNMLPJKIKGFAD57CC,31,3.90,共同使用部份,鋼筋混凝土造,83年8月2日,六層,,
RPOOMLOJKIKGFCD67CC,32,73.79,住家用,鋼筋混凝土造,83年4月12日,七層,,
RPOOMLOJKIKGFCD67CC,32,13.28,共同使用部份,鋼筋混凝土造,83年4月12日,七層,,
RPRNMLOJKIKGFKD68CC,31,73.28,住家用,鋼筋混凝土造,83年11月8日,十七層,,
RPOOMLOJKIKGFCD67CC,32,4.79,共同使用部份,鋼筋混凝土造,83年4月12日,七層,,
RPRNMLOJKIKGFKD68CC,31,11.05,共同使用部份,鋼筋混凝土造,83年11月8日,十七層,,
RPRNMLOJKIKGFKD68CC,31,14.39,共同使用部份,鋼筋混凝土造,83年11月8日,十七層,,
RPWNMLOJKIKGFCD38CC,26,101.72,住家用,鋼筋混凝土造,89年3月8日,七層,,
RPWNMLOJKIKGFCD38CC,26,10.33,共有部分,鋼筋混凝土造,89年3月8日,七層,,
RPRNMLPJKIKGFAD77CC,9,60.80,集合住宅,鋼筋混凝土構造,106年1月24日,二十層,,
RPWNMLOJKIKGFCD38CC,26,20.58,共有部分,鋼筋混凝土造,89年3月8日,七層,,
RPWNMLOJKIKGFCD38CC,26,20.16,共有部分,鋼筋混凝土造,89年3月8日,七層,,
RPRNMLPJKIKGFAD77CC,9,29.54,本共有部分之項目：防空避難室、停車空間、機房、樓梯間、機械房、水箱、門廳、梯間、管委會使用空間、水池、防災中心等。,鋼筋混凝土構造,106年1月24日,二十六層,,
RPQNMLPJKIKGFAD67CC,19,26.69,集合住宅,ＲＣ造,95年7月13日,十一層,,
RPSNMLPJKIKGFAD87CC,31,13.87,住家用,鋼筋混凝土造,83年6月24日,四層,,
RPQNMLPJKIKGFAD67CC,19,4.30,共同使用部份,ＲＣ造,95年7月13日,十一層,,
RPQNMLPJKIKGFAD67CC,19,7.13,共同使用部份,ＲＣ造,95年7月13日,十一層,,
RPVNMLPJKIKGFAD18CC,34,58.66,住家用,鋼筋混凝土造,80年5月31日,十二層,,
RPVNMLPJKIKGFAD18CC,34,11.94,共同使用部份,鋼筋混凝土造,80年5月31日,十二層,,
RPQNMLPJKIKGFAD67CC,19,.01,共同使用部份,ＲＣ造,95年7月13日,十一層,,
RPXNMLPJKIKGFAD38CC,32,96.10,住家用,鋼筋混凝土造,82年11月25日,六層,,
RPXNMLPJKIKGFAD38CC,32,25.39,共同使用部份,鋼筋混凝土造,82年11月25日,六層,,
RPWNMLPJKIKGFAD28CC,32,16.71,住家用,鋼筋混凝土造,83年3月1日,六層,,
RPWNMLPJKIKGFAD28CC,32,5.52,共同使用部份,鋼筋混凝土造,83年3月1日,六層,,
RPWNMLPJKIKGFAD28CC,32,2.23,共同使用部份,鋼筋混凝土造,83年3月1日,六層,,
RPPOMLPJKIKGFAD67CC,35,32.66,住家用,鋼筋混凝土造,79年6月5日,十一層,,
RPPOMLPJKIKGFAD67CC,35,9.31,共有部分,鋼筋混凝土造,79年6月5日,十一層,,
RPQOMLPJKIKGFAD77CC,44,77.12,住家用,鋼筋混凝土造,70年10月17日,五層,,
RPQOMLPJKIKGFAD77CC,44,12.03,共有部分,鋼筋混凝土造,70年10月17日,五層,,
RPSOMLPJKIKGFAD97CC,10,58.73,集合住宅,鋼筋混凝土構造,104年11月5日,二十四層,,
RPSOMLPJKIKGFAD97CC,10,57.87,本共有部分之項目：有樓梯間、門廊、門廳、管委會使用空間、防災中心、停車空間、防空避難室、車道、游泳池、機房自來水池等項,鋼筋混凝土構造,104年11月5日,二十四層,,
RPTOMLPJKIKGFAD08CC,22,96.49,集合住宅,鋼筋混凝土造,93年3月29日,十層,,
RPTOMLPJKIKGFAD08CC,22,51.56,共同使用部份,鋼筋混凝土造,93年3月29日,十一層,,
RPUNMLPJKIKGFBD18CC,37,205.28,工業用,鐵造,77年6月20日,一層,,
RPRNMLPJKIKGFCD97CC,30,49.97,住家用,鋼筋混凝土造,84年11月6日,二十層,,
RPRNMLPJKIKGFCD97CC,30,10.45,共同使用部份,鋼筋混凝土造,84年11月6日,二十層,,
RPRNMLPJKIKGFBD87CC,29,112.93,住家用,鋼筋混凝土造,85年8月16日,十七層,,
RPRNMLPJKIKGFCD97CC,30,13.17,共同使用部份,鋼筋混凝土造,84年11月6日,二十層,,
RPRNMLPJKIKGFBD87CC,29,10.65,機械室、避難室、停車空間,鋼筋混凝土造,85年8月16日,十七層,,
RPVOMLPJKIKGFAD28CC,2,84.46,集合住宅,鋼筋混凝土造,112年10月17日,二十九層,,
RPPNMLPJKIKGFCD77CC,34,13.93,住家用,鋼筋混凝土造,80年12月31日,四層,,
RPTNMLPJKIKGFBD08CC,15,153.06,住家用,鋼筋混凝土造,99年9月24日,四層,,
RPVOMLPJKIKGFAD28CC,2,77.44,本共有部分之項目有防空避難室兼停車空間、停車空間、公共服務空間、梯間、車道、門廊、門廳、防災中心、陽台、中繼水箱、樓梯間、昇降機間（排煙室）、機械室、水箱、雨遮等１５項。,鋼筋混凝土造,112年10月17日,二十九層,,
RPRNMLPJKIKGFBD87CC,29,18.64,樓梯間、機械房、水塔,鋼筋混凝土造,85年8月16日,十七層,,
RPPNMLPJKIKGFCD77CC,34,14.50,共同使用部份,鋼筋混凝土造,80年12月31日,四層,,
RPSNMLPJKIKGFBD97CC,43,121.46,住商用,加強磚造,71年7月16日,二層,,
RPWOMLPJKIKGFAD38CC,9,59.17,集合住宅,鋼筋混凝土構造,106年1月24日,二十層,,
RPWOMLPJKIKGFAD38CC,9,59.44,本共有部分之項目：防空避難室、停車空間、機房、樓梯間、機械房、水箱、門廳、梯間、管委會使用空間、水池、防災中心等。,鋼筋混凝土構造,106年1月24日,二十六層,,
RPQNMLPJKIKGFCD87CC,3,66.31,集合住宅,鋼筋混凝土構造、鋼骨造,112年3月29日,十四層,,
RPSNMLPJKIKGFCD08CC,44,63.02,住家用,鋼筋混凝土造,70年12月29日,五層,,
RPQNMLPJKIKGFCD87CC,3,53.07,本共有部份之項目有：防空避難室兼停車空間、停車空間、管委會空間、樓梯間、機械室、公共空間、門廊共７項。,鋼筋混凝土加強磚造,112年3月29日,十四層,,
RPSNMLPJKIKGFCD08CC,44,4.80,共同使用部份,鋼筋混凝土造,70年12月29日,五層,,
RPSNMLPJKIKGFCD08CC,44,1.08,共同使用部份,鋼筋混凝土造,70年12月29日,五層,,
RPVNMLPJKIKGFCD38CC,51,122.48,住家用,鋼筋混凝土造,64年5月8日,四層,,
RPUOMLPJKIKGFAD18CC,43,209.15,住商用,鋼筋混凝土造,71年7月20日,三層,,
RPXNMLPJKIKGFCD58CC,43,86.12,集合住宅,鋼筋混凝土造,71年11月29日,五層,,
RPXNMLPJKIKGFCD58CC,43,6.30,共同使用部份,鋼筋混凝土造,71年11月29日,五層,,
RPPNMLPJKIKGFBD67CC,40,129.90,住家用,加強磚造,75年1月4日,二層,,
RPUOMLPJKIKGFCD38CC,27,86.85,住家用,鋼筋混凝土造,87年12月18日,十四層,,
RPUOMLPJKIKGFCD38CC,27,18.62,共同使用部份,鋼筋混凝土造,87年12月18日,十四層,,
RPUOMLPJKIKGFCD38CC,27,1.85,共同使用部份,鋼筋混凝土造,87年12月18日,十四層,,
RPUOMLPJKIKGFCD38CC,27,9.40,共同使用部份,鋼筋混凝土造,87年12月18日,十四層,,
RPOPMLPJKIKGFCD87CC,45,90.39,住家用,鋼筋混凝土造,70年3月4日,五層,,
RPOPMLPJKIKGFCD87CC,45,7.93,共有部分,鋼筋混凝土造,70年3月4日,五層,,
RPWOMLPJKIKGFCD58CC,38,68.83,住家用,鋼筋混凝土造,76年7月3日,五層,,
RPWOMLPJKIKGFCD58CC,38,13.70,共同使用部份,鋼筋混凝土造,76年7月3日,五層,,
RPRPMLPJKIKGFCD18CC,33,57.35,住家用,鋼筋混凝土造,81年10月22日,七層,,
RPRPMLPJKIKGFCD18CC,33,19.21,共有部分,鋼筋混凝土造,81年10月22日,七層,,
RPXOMLPJKIKGFCD68CC,30,56.66,住家用,鋼筋混凝土造,85年2月3日,十六層,,
RPPPMLPJKIKGFCD97CC,31,82.16,住家用,鋼筋混凝土造,83年9月16日,十五層,,
RPXOMLPJKIKGFCD68CC,30,10.21,共有部分,鋼筋混凝土造,85年2月3日,十六層,,
RPPPMLPJKIKGFCD97CC,31,7.55,共同使用部份,鋼筋混凝土造,83年9月16日,十五層,,
RPXOMLPJKIKGFCD68CC,30,8.81,共有部分,鋼筋混凝土造,85年2月3日,十六層,,
RPPPMLPJKIKGFCD97CC,31,12.56,共同使用部份,鋼筋混凝土造,83年9月16日,十五層,,
RPQPMLPJKIKGFCD08CC,35,15.55,住家用,鋼筋混凝土造,80年5月18日,十一層,,
RPQPMLPJKIKGFCD08CC,35,1.33,共同使用部份,鋼筋混凝土造,80年5月18日,十一層,,
RPSPMLPJKIKGFCD28CC,36,17.47,住家用,鋼筋混凝土造,79年1月2日,七層,,
RPQPMLPJKIKGFCD08CC,35,4.69,共同使用部份,鋼筋混凝土造,80年5月18日,十一層,,
RPSPMLPJKIKGFCD28CC,36,10.36,共有部分,鋼筋混凝土造,79年1月2日,七層,,
RPPNMLPJKIKGFHD28CC,1,60.15,集合住宅,鋼筋混凝土造,113年6月19日,六層,,
RPPNMLPJKIKGFHD28CC,1,31.45,本共有部分之項目有昇降機道、戶外安全梯、管委會空間、機電設備空間、停車空間、樓梯間、水塔等７項,鋼筋混凝土造,113年6月19日,六層,,
RPSNMLPJKIKGFHD58CC,11,176.61,住家用,鋼筋混凝土造,103年6月23日,三層,,
RPPNMLPJKIKGFDD87CC,30,164.07,住商用,鋼筋混凝土造,84年6月8日,三層,,
RPRNMLPJKIKGFHD48CC,34,206.02,住商用,鋼筋混凝土造,80年5月31日,四層,,
RPPNMLPJKIKGFFD08CC,33,234.21,住商用,鋼筋混凝土造,81年10月30日,四層,,
RPTNMLPJKIKGFHD68CC,10,18.67,住家用,鋼筋混凝土造,104年10月15日,四層,,
RPRNMLPJKIKGFHD48CC,34,21.05,住商用,鋼筋混凝土造,80年5月31日,四層,,
RPQNMLPJKIKGFID48CC,5,58.22,集合住宅,鋼筋混凝土構造,110年3月15日,二十四層,,
RPQNMLPJKIKGFID48CC,5,29.83,本共有部分之項目有管委會使用空間、停車空間、機電設備空間、防空避難室兼停車空間、台電配電場所、自來水箱、車道、門廳、儲藏室、機房、樓梯間、消防水箱等１２項,鋼筋混凝土構造,110年3月15日,二十四層,,
RPPNMLPJKIKGFGD18CC,30,63.78,住家用,鋼筋混凝土造,84年6月22日,十二層,,
RPPNMLPJKIKGFGD18CC,30,20.09,共同使用部份,鋼筋混凝土造,84年6月22日,十二層,,
RPPNMLPJKIKGFID38CC,45,89.90,住家用,加強磚造,69年7月22日,二層,,
RPVNMLPJKIKGFHD88CC,5,18.00,店舖、住宅,鋼筋混凝土造,109年6月9日,四層,,
RPQNMLPJKIKGFKD68CC,44,76.28,住家用,鋼筋混凝土造,70年12月2日,五層,,
RPQNMLPJKIKGFKD68CC,44,10.49,共同使用部份,鋼筋混凝土造,70年12月2日,五層,,
RPQNMLPJKIKGFKD68CC,44,5.50,共同使用部份,鋼筋混凝土造,70年12月2日,五層,,
RPRNMLPJKIKGFKD78CC,3,88.83,集合住宅,鋼筋混凝土構造,111年10月7日,十四層,,
RPRNMLPJKIKGFKD78CC,3,78.03,本共有部分之項目有：停車空間、防空避難室兼停車空間、公共服務空間、管委會空間、樓梯間、機械室、水箱、陽台等８項,鋼筋混凝土構造,111年10月7日,十四層,,
RPOOMLPJKIKGFKD58CC,30,18.20,住家用,鋼筋混凝土造,85年1月30日,七層,,
RPOOMLPJKIKGFKD58CC,30,9.81,共同使用部份,鋼筋混凝土造,85年1月30日,七層,,
RPQOMLPJKIKGFKD78CC,5,111.24,集合住宅,鋼筋混凝土構造,110年2月4日,二十一層,,
RPQOMLPJKIKGFKD78CC,5,75.16,共有部分之項目：有門廊，樓梯間，陽台，機械室，水箱，防空避難室兼停車空間，停車空間等７項,鋼筋混凝土構造,110年2月4日,二十一層,,
RPWNMLPJKIKGFKD66CC,32,36.20,住家用,鋼筋混凝土造,82年12月30日,九層,,
RPWNMLPJKIKGFKD66CC,32,12.75,共同使用部份,鋼筋混凝土造,82年12月30日,九層,,
RPTNMLPJKIKGFKD98CC,30,80.62,住家用,鋼筋混凝土造,84年10月9日,十五層,,
RPTNMLPJKIKGFKD98CC,30,27.32,共同使用部份,鋼筋混凝土造,84年10月9日,十五層,,
RPSOMLPJKIKGFKD98CC,14,21.00,住商用,鋼筋混凝土構造,100年7月20日,四層,,
RPSNMLPJKIKGFKD88CC,31,20.87,住家用,鋼筋混凝土造,83年12月24日,八層,,
RPSNMLPJKIKGFKD88CC,31,8.80,共同使用部份,鋼筋混凝土造,83年12月24日,八層,,
RPUOMLPJKIKGFKD56CC,7,50.62,住家用,鋼筋混凝土構造,107年12月14日,十八層,,
RPTOMLPJKIKGFKD09CC,37,24.00,住商用,鋼筋混凝土造,77年8月6日,三層,,
RPUOMLPJKIKGFKD56CC,7,27.36,本共有部分之項目有停車空間、台電配電室、防空避難室兼停車空間、梯間、公共服務空間、車道、防災中心、緩衝空間、頂蓋型沿街步道式開放空間、頂蓋型廣場式開放空間、樓梯間、水箱及機房等１３項,鋼筋混凝土構造,107年12月14日,十八層,,
RPUNMLQJKIKGFAD18CC,3,50.25,集合住宅,鋼筋混凝土構造,111年10月14日,十三層,,
RPUNMLQJKIKGFAD18CC,3,44.91,本共有部分之項目有停車空間、防空避難室兼停車空間、樓梯間、機械室、水箱、管委會使用空間、梯廳、門廊、機車停車空間、安全梯、環保室等１１項,鋼筋混凝土構造,111年10月14日,十三層,,
RPQNMLQJKIKGFFD28CC,33,202.30,廠房、員工宿舍、員工休息室,鋼筋混凝土造,82年5月25日,四層,,
RPPNMLQJKIKGFHD38CC,29,20.00,住商用,鋼筋混凝土造,85年6月21日,四層,,
RPPNMLQJKIKGFFD18CC,33,72.60,廠房、員工宿舍、員工休息室,鋼筋混凝土造,82年5月25日,四層,,
RPQNMLQJKIKGFAD77CC,7,102.63,集合住宅,鋼筋混凝土構造,107年9月21日,二十九層,,
RPQNMLQJKIKGFAD77CC,7,69.54,本共有部分之項目有門廊、門廳、垃圾暫存空間、防災中心、管委會使用空間、樓梯間、車道、出入口緩衝空間、外廊、機械室、水箱、停車空間、防空避難室兼停車空間,鋼筋混凝土構造,107年9月21日,二十九層,,
RPRNMLQJKIKGFAD87CC,4,49.16,集合住宅,鋼筋混凝土構造,110年7月27日,十九層,,
RPTNMLQJKIKGFAD08CC,2,64.67,集合住宅,鋼筋混凝土造,112年11月8日,二十二層,,
RPQNMLQJKIKGFKD78CC,33,22.00,住家用,鋼筋混凝土造,81年6月17日,四層,,
RPQNMLQJKIKGFHD48CC,29,19.00,住商用,鋼筋混凝土造,85年6月21日,四層,,
RPRNMLQJKIKGFAD87CC,4,53.59,共有部分之項目有防災中心、公共服務空間、管委會、中繼室、門廊、車道、管道間、垃圾暫存空間、梯間、樓梯間、昇降機間、機械室、水箱、停車空間、防空避難室兼停車空間,鋼筋混凝土構造,110年7月27日,十九層,,
RPPNMLQJKIKGFAD67CC,31,75.33,住家用,鋼筋混凝土造,83年10月19日,十三層,,
RPRNMLQJKIKGFHD58CC,29,20.00,住商用,鋼筋混凝土造,85年6月21日,四層,,
RPPNMLQJKIKGFAD67CC,31,6.81,共同使用部份,鋼筋混凝土造,83年10月19日,十三層,,
RPPNMLQJKIKGFAD67CC,31,13.23,共同使用部份,鋼筋混凝土造,83年10月19日,十三層,,
RPTNMLQJKIKGFAD08CC,2,60.98,本共有部分之項目有防空避難室兼停車空間、停車空間、管委會使用空間、梯間、門廳兼梯廳、樓梯間、機械室、水箱、門廊、車道、排煙室、管道間等１２項,鋼筋混凝土造,112年11月8日,二十二層,,
RPPNMLRJKIKGFAD77CC,18,20.69,集合住宅,鋼筋混凝土構造,96年8月24日,十四層,,
RPPNMLRJKIKGFAD77CC,18,2.75,共同使用部份,鋼筋混凝土構造,96年8月24日,十四層,,
RPPNMLRJKIKGFAD77CC,18,5.22,共同使用部份,鋼筋混凝土構造,96年8月24日,十四層,,
RPQNMLRJKIKGFAD87CC,44,61.07,住家用,鋼筋混凝土造,70年7月3日,五層,,
RPQNMLRJKIKGFAD87CC,44,11.03,共同使用部份,鋼筋混凝土造,70年7月3日,五層,,
RPSNMLRJKIKGFAD08CC,36,16.14,住家用,鋼筋混凝土造,79年4月10日,五層,,
RPPNMLRJKIKGFBD87CC,50,84.82,住家用,加強磚造,64年12月10日,二層,,
RPSNMLRJKIKGFAD08CC,36,5.48,共同使用部份,鋼筋混凝土造,79年4月10日,五層,,
RPPNMLSJKIKGFAD87CC,26,136.95,住商用,鋼筋混凝土造,89年3月31日,四層,,
RPTNMLRJKIKGFKD56CC,32,19.70,住家用,鋼筋混凝土造,82年8月27日,十五層,,
RPTNMLRJKIKGFKD56CC,32,5.22,共同使用部份,鋼筋混凝土造,82年8月27日,十五層,,
RPTNMLRJKIKGFKD56CC,32,2.95,避難室兼停車空間、梯間、清水池、配電室、門廊、消防泵浦間、交誼廳、乒乓球室。,鋼筋混凝土造,82年8月27日,十六層,,
RPTNMLSJKIKGFAD28CC,10,72.63,集合住宅,鋼筋混凝土構造,104年11月5日,二十四層,,
RPXNMLSJKIKGFAD68CC,10,72.67,集合住宅,鋼筋混凝土構造,104年11月5日,二十四層,,
RPXNMLSJKIKGFAD68CC,10,30.74,本共有部分之項目：有樓梯間、門廊、門廳、管委會使用空間、防災中心、停車空間、防空避難室、車道、游泳池、機房自來水池等項,鋼筋混凝土構造,104年11月5日,二十四層,,
RPTNMLSJKIKGFAD28CC,10,30.74,本共有部分之項目：有樓梯間、門廊、門廳、管委會使用空間、防災中心、停車空間、防空避難室、車道、游泳池、機房自來水池等項,鋼筋混凝土構造,104年11月5日,二十四層,,
RPPNMLPJKIKGFKD68DC,18,96.58,住家用,鋼筋混凝土造,96年9月20日,十四層,,
RPPNMLPJKIKGFKD68DC,18,59.63,共同使用部份,鋼筋混凝土造,96年9月20日,十四層,,
RPRNMLRJKIKGFKD98CC,33,72.85,住家用,鋼筋混凝土造,81年7月10日,五層,,
RPRNMLRJKIKGFKD98CC,33,9.36,共同使用部份,鋼筋混凝土造,81年7月10日,五層,,
RPOOMLSJKIKGFAD87CC,53,99.94,住家用,加強磚造,61年8月17日,二層,,
RPQNMLRJKIKGFCD08CC,42,29.75,住家用,鋼筋混凝土造,72年9月8日,七層,,
RPSNMLSJKIKGFAD18CC,28,59.42,住家用,鋼筋混凝土造,86年10月22日,六層,,
RPQNMLRJKIKGFCD08CC,42,11.54,共同使用部份,鋼筋混凝土造,72年9月8日,七層,,
RPSNMLSJKIKGFAD18CC,28,2.87,共同使用部份,鋼筋混凝土造,86年10月22日,六層,,
RPQNMLSJKIKGFAD97CC,23,91.13,集合住宅,鋼筋混凝土造,91年11月15日,十一層,,
RPSNMLSJKIKGFAD18CC,28,10.24,共同使用部份,鋼筋混凝土造,86年10月22日,六層,,
RPQNMLSJKIKGFAD97CC,23,42.28,共同使用部份,鋼筋混凝土造,91年11月15日,十一層,,
RPRNMLRJKIKGFCD18CC,41,79.48,住家用,鋼筋混凝土造,74年1月12日,五層,,
RPSNMLSJKIKGFAD18CC,28,7.71,共同使用（停車空間）,鋼筋混凝土造,86年10月22日,六層,,
RPRNMLRJKIKGFCD18CC,41,18.06,共同使用部份,鋼筋混凝土造,74年1月12日,五層,,
RPPOMLSJKIKGFAD97CC,26,94.73,一般事務所,鋼筋混凝土造,88年8月16日,十四層,,
RPPOMLSJKIKGFAD97CC,26,15.32,共同使用部份,鋼筋混凝土造,88年8月16日,十四層,,
RPPNMLRJKIKGFKD78CC,33,28.00,住家用,鋼筋混凝土造,81年6月17日,四層,,
RPPOMLSJKIKGFAD97CC,26,13.38,共同使用部份,鋼筋混凝土造,88年8月16日,十四層,,
RPSNMLRJKIKGFCD28CC,34,32.66,住家用,鋼筋混凝土造,81年3月19日,八層,,
RPSNMLRJKIKGFCD28CC,34,10.34,共同使用部份,鋼筋混凝土造,81年3月19日,八層,,
RPTNMLRJKIKGFCD38CC,43,86.12,集合住宅,鋼筋混凝土造,71年11月29日,五層,,
RPTNMLRJKIKGFCD38CC,43,6.30,共同使用部份,鋼筋混凝土造,71年11月29日,五層,,
RPQOMLSJKIKGFAD08CC,5,53.78,集合住宅,鋼筋混凝土構造,110年5月3日,十八層,,
RPQOMLSJKIKGFAD08CC,5,27.57,本共有部分之項目有防災中心、停車空間、機電設備空間、防空避難室兼停車空間、台電配電場所、自來水箱、車道、門廳、儲藏室、樓梯間、梯廳、昇降梯、屋頂平台等１３項。,鋼筋混凝土構造,110年5月3日,十八層,,
RPSOMLSJKIKGFAD28CC,22,97.36,集合住宅,鋼筋混凝土造,92年9月16日,十四層,,
RPSOMLSJKIKGFAD28CC,22,33.38,管理室等,鋼筋混凝土造,92年9月16日,十四層,,
RPSOMLSJKIKGFAD28CC,22,18.16,公共設施,鋼筋混凝土造,92年9月16日,十四層,,
RPROMLSJKIKGFAD18CC,34,28.60,住家用,鋼筋混凝土造,80年11月13日,三層,,
RPROMLSJKIKGFAD18CC,34,3.86,共同使用部份,鋼筋混凝土造,80年11月13日,三層,,
RPWOMLSJKIKGFAD68CC,28,67.00,停車空間、店舖、住宅、補習班,鋼筋混凝土造,86年10月15日,六層,,
RPTOMLSJKIKGFAD38CC,5,56.18,集合住宅,鋼筋混凝土構造,110年5月3日,十八層,,
RPTOMLSJKIKGFAD38CC,5,40.14,本共有部分之項目有防災中心、停車空間、機電設備空間、防空避難室兼停車空間、台電配電場所、自來水箱、車道、門廳、儲藏室、樓梯間、梯廳、昇降梯、屋頂平台等１３項。,鋼筋混凝土構造,110年5月3日,十八層,,
RPPNMLSJKIKGFBD97CC,45,103.40,住家用,加強磚造,69年6月20日,二層,,
RPRNMLSJKIKGFBD18CC,44,93.56,集合住宅,鋼筋混凝土造,70年9月7日,四層,,
RPTNMLSJKIKGFBD38CC,11,15.31,住宅，停車空間,鋼筋混凝土造,103年7月4日,四層,,
RPRNMLSJKIKGFBD18CC,44,3.22,避難室,鋼筋混凝土造,70年9月7日,四層,,
RPRNMLSJKIKGFBD18CC,44,7.81,共同使用部份,鋼筋混凝土造,70年9月7日,四層,,
RPUOMLSJKIKGFAD48CC,50,86.28,住家用,加強磚造,65年3月10日,二層,,
RPQNMLSJKIKGFBD08CC,33,70.40,住商用,鋼筋混凝土造,81年11月14日,五層,,
RPVOMLSJKIKGFAD58CC,28,26.70,住家用,鋼筋混凝土造,87年2月19日,二十一層,,
RPVOMLSJKIKGFAD58CC,28,9.48,共有部分,鋼筋混凝土造,87年2月19日,二十一層,,
RPRNMLSJKIKGFCD28CC,33,46.91,住家用,鋼筋混凝土造,81年6月10日,七層,,
RPRNMLSJKIKGFCD28CC,33,4.12,共同使用部份,鋼筋混凝土造,81年6月10日,七層,,
RPRNMLSJKIKGFCD28CC,33,15.94,共同使用部份,鋼筋混凝土造,81年6月10日,七層,,
RPUNMLSJKIKGFBD48CC,27,67.81,住家用,鋼筋混凝土造,87年8月14日,十二層,,
RPUNMLSJKIKGFBD48CC,27,20.53,共同使用部份,鋼筋混凝土造,87年8月14日,十二層,,
RPSNMLRJKIKGFKD09CC,30,33.76,住家用,鋼筋混凝土造,85年4月26日,十層,,
RPSNMLRJKIKGFKD09CC,30,9.15,共同使用部份,鋼筋混凝土造,85年4月26日,十層,,
RPSNMLRJKIKGFKD09CC,30,5.79,共同使用部份,鋼筋混凝土造,85年4月26日,十層,,
RPUNMLSJKIKGFBD48CC,27,15.16,法定停車空間,鋼筋混凝土造,87年8月14日,十二層,,
RPTNMLSJKIKGFCD48CC,31,76.94,住家用,鋼筋混凝土造,84年1月7日,二十四層,,
RPTNMLSJKIKGFCD48CC,31,14.95,共同使用部份,鋼筋混凝土造,84年1月7日,二十四層,,
RPTNMLSJKIKGFCD48CC,31,2.71,共同使用部份,鋼筋混凝土造,84年1月7日,二十四層,,
RPVNMLSJKIKGFBD58CC,11,20.79,住宅，停車空間,鋼筋混凝土造,103年7月4日,四層,,
RPPNMLSJKIKGFCD08CC,30,82.99,住家用,鋼筋混凝土造,85年2月3日,十六層,,
RPPNMLSJKIKGFCD08CC,30,13.92,共同使用部份,鋼筋混凝土造,85年2月3日,十六層,,
RPPNMLSJKIKGFCD08CC,30,12.40,共同使用部份,鋼筋混凝土造,85年2月3日,十六層,,
RPSNMLSJKIKGFCD38CC,43,88.51,住家用,鋼筋混凝土造,71年12月10日,二層,,
RPXNMLSJKIKGFCD88CC,31,47.55,住家用,鋼筋混凝土造,84年3月25日,十四層,,
RPXNMLSJKIKGFCD88CC,31,4.68,共同使用部份,鋼筋混凝土造,84年3月25日,十四層,,
RPVNMLSJKIKGFCD68CC,35,13.89,住家用,鋼筋混凝土造,80年1月21日,七層,,
RPXNMLSJKIKGFCD88CC,31,9.32,共同使用部份,鋼筋混凝土造,84年3月25日,十四層,,
RPVNMLSJKIKGFCD68CC,35,7.21,共同使用部份,鋼筋混凝土造,80年1月21日,七層,,
RPQNMLSJKIKGFCD18CC,32,76.34,住家用,鋼筋混凝土造,82年10月5日,七層,,
RPQNMLSJKIKGFCD18CC,32,15.93,共同使用部份,鋼筋混凝土造,82年10月5日,七層,,
RPQNMLSJKIKGFCD18CC,32,7.38,共同使用部份,鋼筋混凝土造,82年10月5日,七層,,
RPWNMLSJKIKGFAD58CC,70,70.51,住家用,鋼筋造,45年1月1日,二層,,
RPOOMLSJKIKGFCD08CC,39,93.67,住家用,鋼筋混凝土造,75年6月28日,五層,,
RPOOMLSJKIKGFCD08CC,39,7.91,共同使用部份,鋼筋混凝土造,75年6月28日,五層,,
RPOOMLSJKIKGFCD08CC,39,18.57,共同使用部份,鋼筋混凝土造,75年6月28日,五層,,
RPROMLSJKIKGFCD38CC,7,91.73,集合住宅,鋼筋混凝土構造,107年11月14日,七層,,
RPROMLSJKIKGFCD38CC,7,29.84,本共有部份之項目有：門廊、門廳、管理室、車道、污物處理區管委會空間、樓梯間、水箱、停車空間、防空避難室兼停車空間。,鋼筋混凝土構造,107年11月14日,七層,,
RPROMLSJKIKGFCD38CC,7,16.85,本共有部分之項目有：樓梯間,鋼筋混凝土構造,107年11月14日,七層,,
RPTOMLSJKIKGFCD58CC,32,81.41,住家用,鋼筋混凝土造,82年7月9日,五層,,
RPUOMLSJKIKGFCD68CC,32,54.96,住家用,鋼筋混凝土造,82年6月22日,五層,,
RPSOMLSJKIKGFCD48CC,41,53.75,住家用,鋼筋混凝土造,74年3月20日,七層,,
RPTOMLSJKIKGFCD58CC,32,19.43,共同使用部份,鋼筋混凝土造,82年7月9日,五層,,
RPPOMLSJKIKGFCD18CC,26,104.50,住商用,鋼筋混凝土造,88年10月21日,十三層,,
RPUOMLSJKIKGFCD68CC,32,8.26,共同使用部份,鋼筋混凝土造,82年6月22日,五層,,
RPSOMLSJKIKGFCD48CC,41,13.96,共同使用部份,鋼筋混凝土造,74年3月20日,七層,,
RPPOMLSJKIKGFCD18CC,26,1.24,共同使用部份,鋼筋混凝土造,88年10月21日,十三層,,
RPPOMLSJKIKGFCD18CC,26,2.31,共同使用部份,鋼筋混凝土造,88年10月21日,十三層,,
RPQOMLSJKIKGFCD28CC,42,80.95,住家用,鋼筋混凝土造,73年1月18日,十二層,,
RPQOMLSJKIKGFCD28CC,42,11.99,共同使用部份,鋼筋混凝土造,73年1月18日,十二層,,
RPRNMLSJKIKGFDD38CC,2,53.31,集合住宅,鋼筋混凝土造,113年4月16日,五層,,
RPRNMLSJKIKGFDD38CC,2,34.37,本共有部分之項目有停車空間、安全梯、昇降機道、維護管理空間、資源回收專區、門廊、電信室、梯廳、樓梯間、機房、水箱等１１項。,鋼筋混凝土造,113年4月16日,五層,,
RPQNMLSJKIKGFGD58CC,26,101.03,住家用,鋼筋混凝土造,88年9月17日,十層,,
RPQNMLSJKIKGFGD58CC,26,29.79,共同使用部份,鋼筋混凝土造,88年9月17日,十層,,
RPQNMLSJKIKGFGD58CC,26,15.29,共同使用部份,鋼筋混凝土造,88年9月17日,十層,,
RPPNMLSJKIKGFGD48CC,30,28.16,住家用,鋼筋混凝土造,84年6月22日,十二層,,
RPPNMLSJKIKGFGD48CC,30,7.98,共同使用部份,鋼筋混凝土造,84年6月22日,十二層,,
RPRNMLSJKIKGFGD68CC,4,78.78,集合住宅,鋼筋混凝土造,110年6月8日,五層,,
RPRNMLSJKIKGFGD68CC,4,45.58,共有部分包含：一般昇降機、梯廳、電信室、配電場、管道間、騎樓、管委會空間、安全梯、戶外安全梯、停車空間、外廊、樓梯間等１２項,鋼筋混凝土造,110年6月8日,五層,,
RPPNMLSJKIKGFDD18CC,40,96.21,住家用,鋼筋混凝土造,74年11月7日,四層,,
RPPNMLSJKIKGFDD18CC,40,15.23,共同使用部份,鋼筋混凝土造,74年11月7日,四層,,
RPQNMLSJKIKGFDD28CC,26,96.51,集合住宅,鋼筋混凝土造,89年4月7日,十四層,,
RPQNMLSJKIKGFDD28CC,26,43.75,共同使用部份,鋼筋混凝土造,89年4月7日,十四層,,
RPPNMLSJKIKGFFD38CC,39,77.10,住家用,加強磚造,75年11月4日,二層,,
RPQPMLSJKIKGFCD38CC,42,51.69,住家用,鋼筋混凝土造,72年6月2日,5,,
RPQPMLSJKIKGFCD38CC,42,3.37,共同使用部份,鋼筋混凝土造,72年6月2日,五層,,
RPVOMLSJKIKGFCD78CC,27,122.75,住家用,鋼筋混凝土造,87年6月22日,十二層,,
RPWOMLSJKIKGFCD88CC,44,93.08,住家用,鋼筋混凝土造,70年12月21日,五層,,
RPVOMLSJKIKGFCD78CC,27,59.14,共同使用部份,鋼筋混凝土造,87年6月22日,十二層,,
RPWOMLSJKIKGFCD88CC,44,10.35,共同使用部份,鋼筋混凝土造,70年12月21日,五層,,
RPXOMLSJKIKGFCD98CC,45,36.73,住商用,鋼筋混凝土造,70年1月5日,三層,,
RPTNMLSJKIKGFHD98CC,9,54.23,集合住宅,鋼筋混凝土造,106年1月5日,五層,,
RPTNMLSJKIKGFHD98CC,9,21.86,電信室、管理維護空間、停車空間、樓梯間、水塔放置空間,鋼筋混凝土造,106年1月5日,五層,,
RPPNMLSJKIKGFID68CC,32,161.15,住商用,鋼筋混凝土造,82年10月26日,三層,,
RPPNMLSJKIKGFHD58CC,17,26.45,住商用,鋼筋混凝土造,97年12月16日,四層,,
RPQNMLSJKIKGFHD68CC,12,19.44,住家用,鋼筋混凝土造,102年11月11日,四層,,
RPSNMLSJKIKGFHD88CC,18,14.12,住宅，樓梯間,鋼筋混凝土造,96年9月19日,四層,,
RPVNMLSJKIKGFHD56CC,10,23.14,住家用,鋼筋混凝土造,104年10月15日,四層,,
RPOPMLSJKIKGFCD18CC,45,40.52,住家用,鋼筋混凝土造,70年3月3日,五層,,
RPOPMLSJKIKGFCD18CC,45,6.13,共同使用部份,鋼筋混凝土造,70年3月3日,五層,,
RPUNMLSJKIKGFHD09CC,18,18.10,住宅，樓梯間,鋼筋混凝土造,96年9月19日,四層,,
RPQNMLSJKIKGFID78CC,5,55.34,集合住宅,鋼筋混凝土構造,110年3月15日,二十四層,,
RPQNMLSJKIKGFID78CC,5,28.15,本共有部分之項目有管委會使用空間、停車空間、機電設備空間、防空避難室兼停車空間、台電配電場所、自來水箱、車道、門廳、儲藏室、機房、樓梯間、消防水箱等１２項,鋼筋混凝土構造,110年3月15日,二十四層,,
RPRNMLSJKIKGFID88CC,22,18.18,住家用,鋼筋混凝土造,92年9月10日,十層,,
RPSNMLSJKIKGFID98CC,22,14.88,住家用,鋼筋混凝土造,92年9月10日,十層,,
RPTNMLSJKIKGFID09CC,22,14.88,住家用,鋼筋混凝土造,92年9月10日,十層,,
RPUNMLSJKIKGFID56CC,22,14.88,住家用,鋼筋混凝土造,92年9月10日,十層,,
RPRNMLSJKIKGFKD09CC,8,57.71,住家用,鋼筋混凝土構造,106年11月14日,十六層,,
RPRNMLSJKIKGFKD09CC,8,52.00,本共有部分之項目計有防空避難室，停車空間，機房，梯廳，梯間，防災中心，管理員室，公共服務空間，管委會使用空間，儲藏室等１０項,鋼筋混凝土構造,106年11月14日,十六層,,
RPTNMLSJKIKGFKD66CC,35,16.53,住商用,鋼筋混凝土造,80年5月4日,四層,,
RPSNMLSJKIKGFKD56CC,12,82.17,住家用,鋼筋混凝土構造,102年6月18日,七層,,
RPPNMLSJKIKGFKD88CC,34,80.07,住家用,鋼筋混凝土造,81年4月2日,五層,,
RPSNMLSJKIKGFKD56CC,12,39.21,本建物係７層建物，共有部分包括：地下一層（防空避難室兼停車空間，台電配電所，電信室發電機室，污水處理機房，蓄水池，消防水池），第一層（車道，管理室）,鋼筋混凝土構造,102年6月18日,七層,,
RPUNMLSJKIKGFKD76CC,31,90.89,住家用,鋼筋混凝土造,83年9月22日,五層,,
RPPNMLSJKIKGFKD88CC,34,9.90,共同使用部份,鋼筋混凝土造,81年4月2日,五層,,
RPSNMLSJKIKGFKD56CC,12,15.83,本建物係７層建物，共有部分包括：第一層至第七層（樓梯間，梯廳）及屋頂突出物一層（樓梯間），突二層（機械室，水箱）,鋼筋混凝土構造,102年6月18日,七層,,
RPUNMLSJKIKGFKD76CC,31,17.85,共同使用部份,鋼筋混凝土造,83年9月22日,五層,,
RPOOMLSJKIKGFKD88CC,35,19.84,住商用,鋼筋混凝土造,80年5月4日,四層,,
RPVNMLSJKIKGFKD86CC,35,26.45,住商用,鋼筋混凝土造,80年5月4日,四層,,
RPXNMLSJKIKGFKD07CC,45,64.80,住商用,鋼筋混凝土造,69年11月6日,二層,,
RPROMLSJKIKGFKD56CC,35,26.45,住商用,鋼筋混凝土造,80年5月4日,四層,,
RPPOMLSJKIKGFKD98CC,35,26.45,住商用,鋼筋混凝土造,80年5月4日,四層,,
RPWNMLSJKIKGFKD96CC,35,23.15,住商用,鋼筋混凝土造,80年5月4日,四層,,
RPSOMLSJKIKGFKD66CC,32,25.56,住家用,鋼筋混凝土造,82年12月30日,九層,,
RPSOMLSJKIKGFKD66CC,32,13.24,共同使用部份,鋼筋混凝土造,82年12月30日,九層,,
RPQOMLSJKIKGFKD09CC,35,26.45,住商用,鋼筋混凝土造,80年5月4日,四層,,
RPUOMLSJKIKGFKD86CC,30,87.06,住家用,鋼筋混凝土造,85年2月16日,十三層,,
RPUOMLSJKIKGFKD86CC,30,13.35,共同使用部份,,85年2月16日,十三層,,
RPUOMLSJKIKGFKD86CC,30,4.57,共同使用部份,鋼筋混凝土造,85年2月16日,十三層,,
RPTOMLSJKIKGFKD76CC,33,88.24,住家用,鋼筋混凝土造,81年11月6日,十層,,
RPTOMLSJKIKGFKD76CC,33,26.44,共同使用部份,鋼筋混凝土造,81年11月6日,十層,,
RPVOMLSJKIKGFKD96CC,19,23.14,住家用,鋼筋混凝土造,96年1月19日,四層,,
RPWNMLSJKIKGFID76CC,8,17.26,住宅、停車空間,鋼筋混凝土構造,106年9月30日,五層,,
RPWOMLSJKIKGFKD07CC,32,73.96,住家用,鋼筋混凝土造,83年3月22日,十一層,,
RPWOMLSJKIKGFKD07CC,32,21.47,共同使用部份,鋼筋混凝土造,83年3月22日,十一層,,
RPOPMLSJKIKGFKD98CC,45,18.00,店舖、住宅、避難室。,鋼筋混凝土造,69年9月1日,四層,,
RPPPMLSJKIKGFKD09CC,21,22.13,住家用,鋼筋混凝土造,93年7月27日,四層,,
RPXOMLSJKIKGFKD17CC,19,19.83,住家用,鋼筋混凝土造,96年1月19日,四層,,
RPSPMLSJKIKGFKD76CC,21,22.13,住家用,鋼筋混凝土造,93年7月27日,四層,,
RPUPMLSJKIKGFKD96CC,12,24.74,住家用,鋼筋混凝土構造,102年9月25日,四層,,
RPTPMLSJKIKGFKD86CC,2,60.55,集合住宅,鋼筋混凝土造,112年9月20日,十五層,,
RPTPMLSJKIKGFKD86CC,2,71.44,本共有部份之項目有：防空避難室，停車空間，樓梯間，機械設備空間，水箱，機械室等共６項,鋼筋混凝土造,112年9月20日,十五層,,
RPVPMLSJKIKGFKD07CC,27,41.31,住家用,鋼筋混凝土造,88年3月17日,十一層,,
RPXNMLSJKIKGFID86CC,13,203.86,住家用,鋼筋混凝土造,102年4月23日,四層,,
RPVPMLSJKIKGFKD07CC,27,17.58,共同使用部份,鋼筋混凝土造,88年3月17日,十一層,,
RPVPMLSJKIKGFKD07CC,27,7.07,共同使用部份,鋼筋混凝土造,88年3月17日,十一層,,
RPQNMLTJKIKGFAD08CC,44,78.29,住家用,鋼筋混凝土造,70年10月17日,五層,,
RPPNMLTJKIKGFAD97CC,31,13.32,住家用,鋼筋混凝土造,83年6月24日,四層,,
RPQNMLTJKIKGFAD08CC,44,12.99,共有部分,鋼筋混凝土造,70年10月17日,五層,,
RPWPMLSJKIKGFKD17CC,33,19.50,住家用,鋼筋混凝土造,81年6月17日,四層,,
RPQPMLSJKIKGFKD56CC,24,60.90,見使用執照,鋼造,90年9月19日,一層,,
RPVNMLSJKIKGFID66CC,44,14.46,住商用,加強磚造,71年2月25日,二層,,
RPSNMLTJKIKGFAD28CC,29,26.97,住家用,鋼筋混凝土造,86年1月27日,二十層,,
RPRNMLTJKIKGFAD18CC,26,122.49,集合住宅,鋼筋混凝土造,88年6月22日,十四層,,
RPSNMLTJKIKGFAD28CC,29,5.42,共有部分,鋼筋混凝土造,86年1月27日,二十層,,
RPSNMLTJKIKGFAD28CC,29,4.11,共有部分,鋼筋混凝土造,86年1月27日,二十層,,
RPRNMLTJKIKGFAD18CC,26,33.69,共同使用部份,鋼筋混凝土造,88年6月22日,十四層,,
RPUNMLTJKIKGFAD48CC,48,28.19,住家用,鋼筋混凝土造,66年12月2日,七層,,
RPSNMLTJKIKGFAD28CC,29,2.37,共有部分,鋼筋混凝土造,86年1月27日,二十層,,
RPUNMLTJKIKGFAD48CC,48,6.15,共有部分,鋼筋混凝土造,66年12月2日,七層,,
RPVNMLTJKIKGFAD58CC,40,95.43,住家用,鋼筋混凝土造,74年5月29日,五層,,
RPVNMLTJKIKGFAD58CC,40,14.62,共有部分,鋼筋混凝土造,74年5月29日,五層,,
RPOOMLTJKIKGFAD97CC,1,50.65,集合住宅,鋼骨鋼筋混凝土造、鋼筋混凝土造,114年4月15日,三十四層,,
RPOOMLTJKIKGFAD97CC,1,39.59,本共有部分之項目有管委會使用空間、門廳、機電設備空間、防災中心、儲藏室、樓梯間、消防水箱、防空避難室兼停車空間、車道、停車空間、自來水箱、梯廳、陽台、電信機房等１４項。,鋼骨鋼筋混凝土造、鋼筋混凝土造,114年4月15日,三十四層,,
RPXNMLTJKIKGFAD78CC,31,40.69,住家用,鋼筋混凝土造,83年12月22日,二十一層,,
RPXNMLTJKIKGFAD78CC,31,7.30,共有部分,鋼筋混凝土造,83年12月22日,二十一層,,
RPXNMLTJKIKGFAD78CC,31,4.58,共有部分,鋼筋混凝土造,83年12月22日,二十一層,,
RPROMLTJKIKGFAD28CC,45,106.71,住商用,鋼筋混凝土造,69年9月9日,三層,,
RPQOMLTJKIKGFAD18CC,20,65.16,集合住宅,ＲＣ造,94年9月17日,七層,,
RPPOMLTJKIKGFAD08CC,44,84.40,住家用,鋼筋混凝土造,70年9月23日,八層,,
RPQOMLTJKIKGFAD18CC,20,20.56,共有部分,ＲＣ造,94年9月17日,七層,,
RPQOMLTJKIKGFAD18CC,20,7.77,共有部分,ＲＣ造,94年9月17日,七層,,
RPPOMLTJKIKGFAD08CC,44,24.26,共同使用部份,鋼筋混凝土造,70年9月23日,八層,,
RPTOMLTJKIKGFAD48CC,30,33.07,住家用,鋼筋混凝土造,84年7月4日,十八層,,
RPTOMLTJKIKGFAD48CC,30,15.46,共同使用部份,鋼筋混凝土造,84年7月4日,十八層,,
RPSOMLTJKIKGFAD38CC,27,89.71,集合住宅,鋼筋混凝土造,88年2月23日,十四層,,
RPPNMLTJKIKGFBD08CC,30,60.96,住家用,鋼筋混凝土造,84年11月10日,九層,,
RPSOMLTJKIKGFAD38CC,27,28.69,共同使用部份,鋼筋混凝土造,88年2月23日,十四層,,
RPQNMLTJKIKGFBD18CC,2,84.80,集合住宅,鋼筋混凝土造,113年1月16日,二十七層,,
RPPNMLTJKIKGFBD08CC,30,9.36,避難室、辦公室,鋼筋混凝土造,84年11月10日,九層,,
RPQNMLTJKIKGFBD18CC,2,70.95,防空避難室兼停車空間、停車空間、管理委員會使用空間、安全梯、樓梯間、梯廳、管道間、一般昇降機、緊急昇降機、機械室、水箱、排煙室、陽台、雨遮、中繼機房、車道、門廊等１７項。,鋼筋混凝土造,113年1月16日,二十七層,,
RPPNMLTJKIKGFBD08CC,30,7.83,樓梯間、機械房、水箱,鋼筋混凝土造,84年11月10日,九層,,
RPPNMLTJKIKGFBD08CC,30,29.19,停車空間,鋼筋混凝土造,84年11月10日,九層,,
RPSNMLTJKIKGFCD48CC,5,51.46,集合住宅,鋼筋混凝土構造,110年1月14日,十五層,,
RPWNMLTJKIKGFCD88CC,36,15.91,住家用,鋼筋混凝土造,78年12月20日,五層,,
RPSNMLTJKIKGFCD48CC,5,27.24,本共有部份之項目有：防空避難室兼停車空間、管委會使用空間、樓梯間、梯廳、門廳、機械室、水箱、公共服務空間、陽台、車道、樓電梯間、沿街步道頂蓋型開放空間共十二項。,鋼筋混凝土構造,110年1月14日,十五層,,
RPWNMLTJKIKGFCD88CC,36,7.46,共同使用部份,鋼筋混凝土造,78年12月20日,五層,,
RPPNMLTJKIKGFCD18CC,32,48.49,住商用,鋼筋混凝土造,82年11月22日,八層,,
RPPNMLTJKIKGFCD18CC,32,40.02,共同使用部份,鋼筋混凝土造,82年11月22日,八層,,
RPVNMLTJKIKGFCD78CC,36,16.32,住家用,鋼筋混凝土造,78年12月20日,五層,,
RPXNMLTJKIKGFCD98CC,41,96.55,住家用,鋼筋混凝土造,73年10月11日,五層,,
RPVNMLTJKIKGFCD78CC,36,7.46,共有部分,鋼筋混凝土造,78年12月20日,五層,,
RPXNMLTJKIKGFCD98CC,41,26.96,共同使用部份,鋼筋混凝土造,73年10月11日,五層,,
RPUNMLTJKIKGFCD68CC,8,49.88,集合住宅,鋼筋混凝土造,106年11月1日,十四層,,
RPUNMLTJKIKGFCD68CC,8,26.84,本共有部分之項目有：防空避難室兼停車空間、車道、梯廳、樓梯間、門廳、水箱、機械室、公共服務空間、管道間、排煙室、安全梯、昇降機、儲藏室、廁所、停車空間等１５項。,鋼筋混凝土造,106年11月1日,十四層,,
RPRNMLTJKIKGFCD38CC,3,68.29,集合住宅,鋼筋混凝土構造、鋼骨造,112年3月29日,十四層,,
RPRNMLTJKIKGFCD38CC,3,54.52,本共有部份之項目有：防空避難室兼停車空間、停車空間、管委會空間、樓梯間、機械室、公共空間、門廊共７項。,鋼筋混凝土加強磚造,112年3月29日,十四層,,
RPPNMLTJKIKGFGD58CC,31,47.59,住家用,鋼筋混凝土造,84年5月1日,六層,,
RPPNMLTJKIKGFGD58CC,31,9.87,共同使用部份,鋼筋混凝土造,84年5月1日,六層,,
RPOOMLTJKIKGFCD18CC,31,192.18,住商用,鋼筋混凝土造,83年9月16日,十五層,,
RPOOMLTJKIKGFCD18CC,31,11.95,共同使用部份,鋼筋混凝土造,83年9月16日,十五層,,
RPPOMLTJKIKGFCD28CC,45,81.83,住家用,鋼筋混凝土造,70年3月25日,五層,,
RPPNMLTJKIKGFHD68CC,10,23.14,住家用,鋼筋混凝土造,104年10月15日,四層,,
RPPOMLTJKIKGFCD28CC,45,8.27,共同使用部份,鋼筋混凝土造,70年3月25日,五層,,
RPQNMLTJKIKGFGD68CC,30,44.59,住家用,鋼筋混凝土造,84年6月22日,十二層,,
RPQNMLTJKIKGFGD68CC,30,12.70,共同使用部份,鋼筋混凝土造,84年6月22日,十二層,,
RPQNMLTJKIKGFHD78CC,10,23.14,住家用,鋼筋混凝土造,104年10月15日,四層,,
RPRNMLTJKIKGFHD88CC,4,59.88,集合住宅,鋼筋混凝土造,111年6月2日,十一層,,
RPRNMLTJKIKGFHD88CC,4,49.19,本共有部分之項目有停車空間、樓梯間、電梯間、電梯機械室、水箱等５項,鋼筋混凝土造,111年6月2日,十一層,,
RPPNMLTJKIKGFKD98CC,19,23.58,住家用,鋼筋混凝土造,95年11月28日,四層,,
RPQNMLTJKIKGFID88CC,41,111.18,住家用,加強磚造,73年8月11日,二層,,
RPSNMLTJKIKGFHD98CC,30,17.72,住家用,鋼筋混凝土造,85年5月22日,九層,,
RPSNMLTJKIKGFHD98CC,30,9.53,門廊、走廊、梯間、機械室、水箱、防空避難室、停車空間、騎樓,鋼筋混凝土造,85年5月22日,九層,,
RPTNMLTJKIKGFKD76CC,20,8.55,辦公室,鋼筋混凝土造,94年7月8日,六層,,
RPTNMLTJKIKGFKD76CC,20,8.09,共同使用部份,鋼筋混凝土造,94年7月8日,六層,,
RPVNMLTJKIKGFKD96CC,8,9.42,住家用,鋼筋混凝土構造,107年4月2日,五層,,
RPSNMLTJKIKGFKD66CC,8,51.25,住家用,鋼筋混凝土構造,106年6月23日,十五層,,
RPVNMLTJKIKGFKD96CC,8,4.19,本共有部分之項目有：電梯間，樓梯間及水箱等３項,鋼筋混凝土構造,107年4月2日,五層,,
RPSNMLTJKIKGFKD66CC,8,35.51,本共有部分之項目有：樓梯間、公共服務空間、管理委員會空間、停車空間（車道）、垃圾分類儲存空間、電梯間、水箱、防空避難室兼停車空間及停車空間等９項,鋼筋混凝土構造,106年6月23日,十五層,,
RPSNMLTJKIKGFKD66CC,8,11.22,本共有部分之項目有：樓梯間，機電設備空間等,鋼筋混凝土構造,106年6月23日,十五層,,
RPPNMLTJKIKGFID78CC,32,136.23,住家用,鋼筋混凝土造,82年9月21日,三層,,
RPUNMLTJKIKGFKD86CC,8,9.68,住家用,鋼筋混凝土構造,107年4月2日,五層,,
RPUNMLTJKIKGFKD86CC,8,4.31,本共有部分之項目有：電梯間，樓梯間及水箱等３項,鋼筋混凝土構造,107年4月2日,五層,,
RPOOMLTJKIKGFKD98CC,8,9.68,住家用,鋼筋混凝土構造,107年4月2日,五層,,
RPOOMLTJKIKGFKD98CC,8,4.31,本共有部分之項目有：電梯間，樓梯間及水箱等３項,鋼筋混凝土構造,107年4月2日,五層,,
RPWNMLTJKIKGFKD07CC,31,89.14,住家用,鋼筋混凝土造,84年3月21日,八層,,
RPRNMLTJKIKGFKD56CC,27,57.01,住家用,鋼筋混凝土造,87年10月26日,十一層,,
RPWNMLTJKIKGFKD07CC,31,20.19,共同使用部份,鋼筋混凝土造,84年3月21日,八層,,
RPRNMLTJKIKGFKD56CC,27,7.68,共同使用部份,鋼筋混凝土造,87年10月26日,十一層,,
RPRNMLTJKIKGFKD56CC,27,18.32,共同使用部份,鋼筋混凝土造,87年10月26日,十一層,,
RPPOMLTJKIKGFKD09CC,8,13.49,住家用,鋼筋混凝土構造,107年4月2日,五層,,
RPQOMLTJKIKGFKD56CC,26,83.11,住家用,鋼筋混凝土造,88年7月1日,十三層,,
RPQOMLTJKIKGFKD56CC,26,25.77,共同使用部份,鋼筋混凝土造,88年7月1日,十三層,,
RPPOMLTJKIKGFKD09CC,8,6.01,本共有部分之項目有：電梯間，樓梯間及水箱等３項,鋼筋混凝土構造,107年4月2日,五層,,
RPSOMLTJKIKGFKD76CC,33,126.39,住家用,鋼筋混凝土造,81年10月16日,十七層,,
RPSOMLTJKIKGFKD76CC,33,9.85,共同使用部份,鋼筋混凝土造,81年10月16日,十七層,,
RPSOMLTJKIKGFKD76CC,33,15.73,共同使用部份,鋼筋混凝土造,81年10月16日,十六層,,
RPTOMLTJKIKGFKD86CC,31,91.67,住家用,鋼筋混凝土造,83年10月6日,十二層,,
RPTOMLTJKIKGFKD86CC,31,28.37,共同使用部份,鋼筋混凝土造,83年10月6日,十二層,,
RPRNMLKKKIKGFAD37CC,43,41.90,住家用,鋼筋混凝土造,71年10月15日,十層,,
RPRNMLKKKIKGFAD37CC,43,2.99,共有部分,鋼筋混凝土造,71年10月15日,十層,,
RPXOMLTJKIKGFKD27CC,31,85.62,住家用,鋼筋混凝土造,83年10月6日,十二層,,
RPPNMLTJKIKGFAD08DC,95,110.19,工業用,磚造,20年1月1日,一層,,
RPRNMLKKKIKGFAD37CC,43,8.77,共有部分,,71年10月15日,十層,,
RPXOMLTJKIKGFKD27CC,31,25.29,共同使用部份,鋼筋混凝土造,83年10月20日,十二層,,
RPVOMLTJKIKGFKD07CC,8,51.25,住家用,鋼筋混凝土構造,106年6月23日,十五層,,
RPPNMLKKKIKGFAD17CC,19,36.12,集合住宅,ＲＣ造,95年10月1日,十四層,,
RPVOMLTJKIKGFKD07CC,8,11.22,本共有部分之項目有：樓梯間、公共服務空間、管理委員會空間、停車空間（車道）、垃圾分類儲存空間、電梯間、水箱、防空避難室兼停車空間及停車空間等９項,鋼筋混凝土構造,106年6月23日,十五層,,
RPPNMLKKKIKGFAD17CC,19,6.58,共同使用部份,ＲＣ造,95年10月1日,十四層,,
RPVOMLTJKIKGFKD07CC,8,11.22,本共有部分之項目有：樓梯間，機電設備空間等,鋼筋混凝土構造,106年6月23日,十五層,,
RPPNMLKKKIKGFAD17CC,19,8.78,共同使用部份,ＲＣ造,95年10月1日,十四層,,
RPWOMLTJKIKGFKD17CC,27,33.13,一般事務所,鋼筋混凝土造,88年4月26日,十二層,,
RPWOMLTJKIKGFKD17CC,27,3.79,共同使用部份,鋼筋混凝土造,88年4月26日,十二層,,
RPRNMLTJKIKGFCD48DC,33,54.80,住家用,鋼筋混凝土造,82年5月15日,六層,,
RPWOMLTJKIKGFKD17CC,27,8.99,共同使用部份,鋼筋混凝土造,88年4月26日,十二層,,
RPRNMLTJKIKGFCD48DC,33,17.02,共同使用部份,鋼筋混凝土造,82年5月15日,六層,,
RPWNMLKKKIKGFAD87CC,53,66.22,住家用,加強磚造,62年3月14日,二層,,
RPQNMLKKKIKGFAD27CC,45,143.33,住商用,加強磚造,70年3月24日,二層,,
RPOOMLKKKIKGFAD17CC,32,95.30,住家用,鋼筋混凝土造,83年3月19日,七層,,
RPOOMLKKKIKGFAD17CC,32,22.31,共同使用部份,鋼筋混凝土造,83年3月19日,七層,,
RPOOMLKKKIKGFAD17CC,32,14.67,共同使用部份,鋼筋混凝土造,83年3月19日,七層,,
RPXNMLKKKIKGFAD97CC,35,11.70,住家用,鋼筋混凝土造,79年6月9日,五層,,
RPXNMLKKKIKGFAD97CC,35,7.13,共同使用部份,鋼筋混凝土造,79年6月9日,五層,,
RPSNMLKKKIKGFAD47CC,31,13.87,住家用,鋼筋混凝土造,83年6月24日,四層,,
RPPOMLKKKIKGFAD27CC,33,33.58,住商用,鋼筋混凝土造,82年4月21日,四層,,
RPSOMLKKKIKGFAD57CC,33,57.76,住家用,鋼筋混凝土造,81年12月22日,六層,,
RPQOMLKKKIKGFAD37CC,25,25.66,集合住宅,鋼筋混凝土造,89年11月20日,十四層,,
RPSOMLKKKIKGFAD57CC,33,11.22,共同使用部份,鋼筋混凝土造,81年12月22日,六層,,
RPQOMLKKKIKGFAD37CC,25,7.45,共同使用部份,鋼筋混凝土造,89年11月20日,十四層,,
RPSOMLKKKIKGFAD57CC,33,13.63,共同使用部份,鋼筋混凝土造,81年12月22日,六層,,
RPTNMLKKKIKGFAD57CC,12,365.55,住宅、店舖,鋼筋混凝土構造,102年11月13日,四層,,
RPTOMLKKKIKGFAD67CC,30,23.14,住家用,鋼筋混凝土造,84年8月8日,三層,,
RPUOMLKKKIKGFAD77CC,31,13.87,住家用,鋼筋混凝土造,83年6月24日,四層,,
RPROMLKKKIKGFAD47CC,34,19.53,商業用,鋼筋混凝土造,80年6月27日,七層,,
RPROMLKKKIKGFAD47CC,34,5.84,共同使用部份,鋼筋混凝土造,80年6月27日,七層,,
RPSNMLKKKIKGFBD57CC,44,20.11,住商用,鋼筋混凝土造,70年9月4日,三層,,
RPPNMLKKKIKGFBD27CC,1,65.20,店舖,鋼筋混凝土造,113年9月30日,十二層,,
RPVOMLKKKIKGFAD87CC,2,55.01,集合住宅,鋼筋混凝土造,112年10月17日,二十九層,,
RPVOMLKKKIKGFAD87CC,2,62.32,本共有部分之項目有防空避難室兼停車空間、停車空間、公共服務空間、梯間、車道、門廊、門廳、防災中心、陽台、中繼水箱、樓梯間、昇降機間（排煙室）、機械室、水箱、雨遮等１５項。,鋼筋混凝土造,112年10月17日,二十九層,,
RPPNMLKKKIKGFBD27CC,1,33.68,本共有部分之項目有：防空避難室兼停車空間、樓電梯間、電錶室、台電配電室、發電機房、電信室、垃圾分類室、垃圾冷藏室、垃圾車位、水箱、機房、消防機房、雨水景觀機房、汙水機房、門廊、交誼廳、管委會使用空間、宅配室、多功能才藝教室、健身房、機械室、梯間、停車空間等２３項。,鋼筋混凝土造,113年9月30日,十二層,,
RPQNMLKKKIKGFCD47CC,32,34.60,住家用,鋼筋混凝土造,82年7月27日,六層,,
RPPNMLKKKIKGFCD37CC,30,87.88,住家用,鋼筋混凝土造,84年11月15日,二十三層,,
RPPNMLKKKIKGFCD37CC,30,2.71,共同使用部份,鋼筋混凝土造,84年11月15日,二十三層,,
RPQNMLKKKIKGFCD47CC,32,12.49,共同使用部份,鋼筋混凝土造,82年7月27日,六層,,
RPPNMLKKKIKGFCD37CC,30,22.48,共同使用部份,鋼筋混凝土造,84年11月15日,二十三層,,
RPRNMLKKKIKGFBD47CC,44,22.29,住商用,鋼筋混凝土造,70年9月4日,三層,,
RPXNMLKKKIKGFCD18CC,33,20.91,住家用,鋼筋混凝土造,81年8月13日,十二層,,
RPRNMLKKKIKGFCD57CC,32,87.20,住家用,鋼筋混凝土造,83年4月19日,八層,,
RPXNMLKKKIKGFCD18CC,33,5.66,共有部分,鋼筋混凝土造,81年8月13日,十二層,,
RPRNMLKKKIKGFCD57CC,32,36.90,共同使用部份,鋼筋混凝土造,83年4月19日,八層,,
RPXNMLKKKIKGFCD18CC,33,1.75,共有部分,鋼筋混凝土造,81年8月13日,十二層,,
RPUNMLKKKIKGFCD87CC,43,87.23,集合住宅,鋼筋混凝土造,71年11月29日,五層,,
RPUNMLKKKIKGFCD87CC,43,6.30,共有部分,鋼筋混凝土造,71年11月29日,五層,,
RPVNMLKKKIKGFCD97CC,7,184.06,住家用,鋼筋混凝土構造,108年4月26日,四層,,
RPXNMLKKKIKGFHD68CC,5,19.69,集合住宅,鋼筋混凝土造,109年10月20日,五層,,
RPPOMLKKKIKGFHD97CC,5,14.59,集合住宅,鋼筋混凝土造,109年10月20日,五層,,
RPSNMLKKKIKGFHD18CC,3,161.48,廠房,鋼骨構造,111年12月20日,一層,,
RPQOMLKKKIKGFHD08CC,32,28.57,防空避難室、店舖住宅、停車空間,鋼筋混凝土造,82年7月8日,四層,,
RPVNMLKKKIKGFID58CC,5,79.41,集合住宅,鋼筋混凝土構造,110年3月15日,二十四層,,
RPVNMLKKKIKGFID58CC,5,57.98,本共有部分之項目有管委會使用空間、停車空間、機電設備空間、防空避難室兼停車空間、台電配電場所、自來水箱、車道、門廳、儲藏室、機房、樓梯間、消防水箱等１２項,鋼筋混凝土構造,110年3月15日,二十四層,,
RPSNMLKKKIKGFID28CC,22,14.88,住家用,鋼筋混凝土造,92年9月10日,十層,,
RPTNMLKKKIKGFID38CC,12,191.91,住家用,鋼筋混凝土造,103年1月22日,四層,,
RPVOMLKKKIKGFCD08CC,52,87.19,住家用,加強磚造,63年3月26日,二層,,
RPPNMLKKKIKGFDD47CC,27,69.94,住家用,鋼筋混凝土造,88年5月13日,七層,,
RPPNMLKKKIKGFDD47CC,27,19.66,共同使用部份,鋼筋混凝土造,88年5月13日,七層,,
RPOOMLKKKIKGFHD87CC,5,14.59,集合住宅,鋼筋混凝土造,109年10月20日,五層,,
RPROMLKKKIKGFCD67CC,32,102.79,住商用,鋼筋混凝土造,83年5月19日,八層,,
RPROMLKKKIKGFCD67CC,32,8.80,共同使用部份,鋼筋混凝土造,83年5月19日,八層,,
RPWOMLKKKIKGFCD18CC,53,70.50,住家用,加強磚造,62年5月26日,二層,,
RPQNMLKKKIKGFHD97CC,11,29.30,住宅、停車空間,鋼筋混凝土造,103年10月7日,四層,,
RPOOMLKKKIKGFCD37CC,18,50.37,住家用,鋼筋混凝土造,97年2月29日,十四層,,
RPOOMLKKKIKGFCD37CC,18,12.37,共同使用部份,鋼筋混凝土造,97年2月29日,十四層,,
RPOOMLKKKIKGFCD37CC,18,14.93,共同使用部份,鋼筋混凝土造,97年2月29日,十四層,,
RPWNMLKKKIKGFHD58CC,13,17.30,住宅、門廊,鋼筋混凝土造,101年12月5日,四層,,
RPTOMLKKKIKGFCD87CC,38,101.29,住家用,鋼筋混凝土造,76年6月8日,五層,,
RPTOMLKKKIKGFCD87CC,38,20.17,共有部分,鋼筋混凝土造,76年6月8日,五層,,
RPPOMLKKKIKGFCD47CC,8,59.95,集合住宅,鋼筋混凝土造,107年1月12日,五層,,
RPPOMLKKKIKGFCD47CC,8,8.31,共同使用部份,鋼筋混凝土造,107年1月12日,五層,,
RPPOMLKKKIKGFCD47CC,8,14.15,本共有部分之項目有：樓梯間、水箱、電梯機械室共三項。,鋼筋混凝土造,107年1月12日,五層,,
RPXOMLKKKIKGFCD28CC,34,80.32,住家用,鋼筋混凝土造,81年5月15日,八層,,
RPXOMLKKKIKGFCD28CC,34,11.49,共同使用部份,鋼筋混凝土造,81年5月15日,八層,,
RPXOMLKKKIKGFCD28CC,34,9.41,共同使用部份,鋼筋混凝土造,81年5月15日,八層,,
RPQOMLKKKIKGFCD57CC,7,56.43,集合住宅,鋼筋混凝土構造,107年6月19日,十五層,,
RPQOMLKKKIKGFCD57CC,7,52.51,本共有部份之項目有：防空避難室兼停車空間、停車空間、管委會使用空間、電梯、樓梯間、機械室、水箱、公共服務空間、梯廳、排煙室、安全梯、昇降機、機電設備、環保垃圾貯存室、發電機進風管道、避難通路共十六項。,見其他登記事項,107年6月19日,十五層,,
RPUNMLKKKIKGFID48CC,22,14.88,住家用,鋼筋混凝土造,92年9月10日,十層,,
RPOOMLKKKIKGFID97CC,22,14.88,住家用,鋼筋混凝土造,92年9月10日,十層,,
RPXNMLKKKIKGFID78CC,22,18.18,住家用,鋼筋混凝土造,92年9月10日,十層,,
RPSOMLKKKIKGFID38CC,18,8.04,辦公室,鋼筋混凝土造,96年9月20日,四層,,
RPSOMLKKKIKGFID38CC,18,5.59,共同使用部份,鋼筋混凝土造,96年9月20日,四層,,
RPQOMLKKKIKGFID18CC,27,93.28,住家用,鋼筋混凝土造,87年8月13日,十四層,,
RPQOMLKKKIKGFID18CC,27,24.79,辦公室．防空避難室兼停車空間。,鋼筋混凝土造,87年8月13日,十四層,,
RPQOMLKKKIKGFID18CC,27,17.04,電（樓）梯間．機械室．水箱．會議室。,鋼筋混凝土造,87年8月13日,十四層,,
RPWNMLKKKIKGFID68CC,22,18.18,住家用,鋼筋混凝土造,92年9月10日,十層,,
RPROMLKKKIKGFID28CC,5,58.35,集合住宅,鋼筋混凝土構造,110年3月15日,二十四層,,
RPROMLKKKIKGFID28CC,5,46.72,本共有部分之項目有管委會使用空間、停車空間、機電設備空間、防空避難室兼停車空間、台電配電場所、自來水箱、車道、門廳、儲藏室、機房、樓梯間、消防水箱等１２項,鋼筋混凝土構造,110年3月15日,二十四層,,
RPPPMLKKKIKGFID18CC,22,17.41,住家用,鋼筋混凝土造,93年4月24日,二層,,
RPXOMLKKKIKGFID88CC,22,17.41,住家用,鋼筋混凝土造,93年4月24日,二層,,
RPTOMLKKKIKGFID48CC,18,8.04,辦公室,鋼筋混凝土造,96年9月20日,四層,,
RPTOMLKKKIKGFID48CC,18,1.01,共同使用部份,鋼筋混凝土造,96年9月20日,四層,,
RPVOMLKKKIKGFID68CC,22,17.41,住家用,鋼筋混凝土造,93年4月24日,二層,,
RPTOMLKKKIKGFID48CC,18,5.10,共同使用部份,鋼筋混凝土造,96年9月20日,四層,,
RPQPMLKKKIKGFID28CC,22,17.41,住家用,鋼筋混凝土造,93年4月24日,二層,,
RPRPMLKKKIKGFID38CC,22,17.41,住家用,鋼筋混凝土造,93年4月24日,二層,,
RPOPMLKKKIKGFID08CC,22,17.41,住家用,鋼筋混凝土造,93年4月24日,二層,,
RPWPMLKKKIKGFID88CC,22,17.41,住家用,鋼筋混凝土造,93年4月24日,二層,,
RPQNMLKKKIKGFKD28CC,51,61.33,住家用,磚造,63年6月10日,一層,,
RPUPMLKKKIKGFID68CC,22,17.41,住家用,鋼筋混凝土造,93年4月24日,二層,,
RPSPMLKKKIKGFID48CC,22,17.41,住家用,鋼筋混凝土造,93年4月24日,二層,,
RPUNMLKKKIKGFKD68CC,31,87.06,住家用,鋼筋混凝土造,84年4月17日,八層,,
RPRNMLKKKIKGFKD38CC,21,11.57,住家用,ＳＲＣ造,94年3月3日,二層,,
RPTNMLKKKIKGFKD58CC,36,64.39,住家用,鋼筋混凝土造,78年10月30日,六層,,
RPUNMLKKKIKGFKD68CC,31,76.05,共同使用部份,鋼筋混凝土造,84年4月17日,八層,,
RPTNMLKKKIKGFKD58CC,36,13.68,共同使用部份,鋼筋混凝土造,78年10月30日,六層,,
RPVNMLKKKIKGFKD78CC,30,18.77,住家用,鋼筋混凝土造,85年1月30日,七層,,
RPVNMLKKKIKGFKD78CC,30,10.12,共同使用部份,鋼筋混凝土造,85年1月30日,七層,,
RPRNMLLKKIKGFAD47CC,32,20.73,住家用,鋼筋混凝土造,83年5月28日,九層,,
RPRNMLLKKIKGFAD47CC,32,2.71,共同使用部份,鋼筋混凝土造,83年5月28日,九層,,
RPRNMLLKKIKGFAD47CC,32,3.44,共同使用部份,鋼筋混凝土造,83年5月28日,九層,,
RPPNMLLKKIKGFAD27CC,30,23.30,住家用,鋼筋混凝土造,84年8月19日,十六層,,
RPQNMLLKKIKGFAD37CC,10,86.68,集合住宅,鋼筋混凝土構造,104年11月5日,二十四層,,
RPPNMLLKKIKGFAD27CC,30,3.44,共同使用部份,鋼筋混凝土造,84年8月19日,十六層,,
RPSNMLLKKIKGFAD57CC,31,117.08,住家用,鋼筋混凝土造,84年5月30日,二十四層,,
RPSNMLLKKIKGFAD57CC,31,27.51,共同使用部份,鋼筋混凝土造,84年5月30日,二十四層,,
RPPNMLLKKIKGFAD27CC,30,4.83,共同使用部份,鋼筋混凝土造,84年8月19日,十六層,,
RPQNMLLKKIKGFAD37CC,10,36.77,本共有部分之項目：有樓梯間、門廊、門廳、管委會使用空間、防災中心、停車空間、防空避難室、車道、游泳池、機房自來水池等項,鋼筋混凝土構造,104年11月5日,二十四層,,
RPWNMLKKKIKGFKD88CC,33,90.79,住家用,鋼筋混凝土造,81年7月23日,十七層,,
RPOOMLLKKIKGFAD27CC,36,53.69,住家用,鋼筋混凝土造,79年4月9日,五層,,
RPTNMLLKKIKGFAD67CC,47,90.07,住家用,鋼筋混凝土造,67年10月12日,四層,,
RPOOMLLKKIKGFAD27CC,36,13.97,共有部分,鋼筋混凝土造,79年4月9日,五層,,
RPWNMLKKKIKGFKD88CC,33,19.76,共同使用部份,鋼筋混凝土造,81年7月23日,十七層,,
RPTNMLLKKIKGFAD67CC,47,11.12,,鋼筋混凝土造,67年10月12日,四層,,
RPWNMLKKKIKGFKD88CC,33,2.14,共同使用部份,鋼筋混凝土造,81年7月23日,十九層,,
RPTNMLLKKIKGFAD67CC,47,15.04,共同使用部份,鋼筋混凝土造,67年10月12日,四層,,
RPWNMLKKKIKGFKD88CC,33,4.73,共同使用部份,鋼筋混凝土造,81年7月23日,十九層,,
RPWNMLLKKIKGFAD97CC,20,57.84,集合住宅,ＲＣ造,94年12月13日,十層,,
RPWNMLLKKIKGFAD97CC,20,28.86,共同使用部份,ＲＣ造,94年12月13日,十層,,
RPWNMLLKKIKGFAD97CC,20,8.78,共同使用部份,ＲＣ造,94年12月13日,十層,,
RPXNMLLKKIKGFAD08CC,1,50.92,集合住宅,鋼筋混凝土造,113年10月4日,十三層,,
RPXNMLLKKIKGFAD08CC,1,52.78,本共有部分之項目有停車空間、防空避難室兼停車空間、公共空間、樓梯間、水箱、陽台、機械室等７項,鋼筋混凝土造,113年10月4日,十三層,,
RPPNMLLKKIKGFCD47CC,41,92.83,住家用,鋼筋混凝土造,73年10月11日,五層,,
RPPOMLLKKIKGFAD37CC,31,18.82,住家用,鋼筋混凝土造,83年11月7日,九層,,
RPPNMLLKKIKGFCD47CC,41,26.96,共同使用部份,鋼筋混凝土造,73年10月11日,五層,,
RPPOMLLKKIKGFAD37CC,31,6.07,共有部分,鋼筋混凝土造,83年11月7日,九層,,
RPQOMLLKKIKGFAD47CC,37,34.22,住家用,鋼筋混凝土造,77年8月4日,五層,,
RPQOMLLKKIKGFAD47CC,37,15.32,共同使用部份,鋼筋混凝土造,77年8月4日,五層,,
RPRNMLLKKIKGFCD67CC,35,24.77,住家用,鋼筋混凝土造,79年9月26日,十二層,,
RPRNMLLKKIKGFCD67CC,35,13.06,共同使用部份,鋼筋混凝土造,79年9月26日,十二層,,
RPQNMLLKKIKGFBD47CC,13,271.69,住宅，停車空間,鋼筋混凝土造,102年4月11日,四層,,
RPTNMLLKKIKGFCD87CC,31,18.60,住家用,鋼筋混凝土造,83年6月27日,五層,,
RPTNMLLKKIKGFCD87CC,31,6.48,共同使用部份,鋼筋混凝土造,83年6月27日,五層,,
RPSNMLLKKIKGFCD77CC,46,21.87,住家用,鋼筋混凝土造,68年10月13日,四層,,
RPQNMLLKKIKGFCD57CC,31,72.27,住家用,鋼筋混凝土造,84年2月23日,八層,,
RPQNMLLKKIKGFCD57CC,31,22.01,共同使用部份,鋼筋混凝土造,84年2月23日,八層,,
RPROMLLKKIKGFAD57CC,34,18.77,住家用,鋼筋混凝土造,80年7月29日,七層,,
RPROMLLKKIKGFAD57CC,34,2.86,共同使用部份,鋼筋混凝土造,80年7月29日,七層,,
RPROMLLKKIKGFAD57CC,34,3.90,共同使用部份,鋼筋混凝土造,80年7月29日,七層,,
RPROMLLKKIKGFAD57CC,34,1.43,共同使用部份,鋼筋混凝土造,80年7月29日,七層,,
RPVNMLLKKIKGFCD08CC,42,12.00,住家用,鋼筋混凝土造,72年12月14日,五層,,
RPWNMLLKKIKGFCD18CC,42,11.00,住家用,鋼筋混凝土造,72年12月14日,五層,,
RPPNMLLKKIKGFBD37CC,44,107.48,住商用,加強磚造,70年9月22日,二層,,
RPQOMLLKKIKGFCD67CC,1,55.99,集合住宅,鋼筋混凝土造,113年8月16日,十五層,,
RPQOMLLKKIKGFCD67CC,1,56.26,本共有部份之項目有：防空避難室兼停車空間、停車空間、管委會使用空間、樓梯間、昇降機間、機械室、水箱、梯間、門廊、車道共１０項。,鋼筋混凝土造,113年8月16日,十五層,,
RPOOMLLKKIKGFCD47CC,31,23.37,住商用,鋼筋混凝土造,84年1月4日,五層,,
RPPNMLLKKIKGFDD57CC,43,86.98,住家用,鋼筋混凝土造,71年9月13日,五層,,
RPSOMLLKKIKGFCD87CC,41,70.45,住家用,鋼筋混凝土造,73年6月29日,五層,,
RPSOMLLKKIKGFCD87CC,41,10.05,共同使用部份,鋼筋混凝土造,73年6月29日,五層,,
RPQNMLLKKIKGFFD87CC,5,379.50,廠房,鋼骨構造,109年10月19日,一層,,
RPPNMLLKKIKGFHD97CC,5,175.10,住家用,鋼筋混凝土造,109年9月2日,三層,,
RPSNMLLKKIKGFHD28CC,5,14.59,集合住宅,鋼筋混凝土造,109年10月20日,五層,,
RPRNMLLKKIKGFHD18CC,33,210.65,住家用,鋼筋混凝土造,81年11月6日,四層,,
RPRNMLLKKIKGFHD18CC,33,18.99,住家用,鋼筋混凝土造,81年11月6日,四層,,
RPUNMLLKKIKGFHD48CC,32,37.50,住商用,鋼筋混凝土造,83年3月26日,四層,,
RPVNMLLKKIKGFHD58CC,32,26.82,住商用,鋼筋混凝土造,83年3月26日,四層,,
RPTNMLLKKIKGFHD38CC,28,194.70,住商用,鋼筋混凝土造,86年11月5日,三層,,
RPTNMLLKKIKGFID48CC,22,17.41,住家用,鋼筋混凝土造,93年4月24日,二層,,
RPQNMLLKKIKGFID18CC,22,17.41,住家用,鋼筋混凝土造,93年4月24日,二層,,
RPSNMLLKKIKGFID38CC,22,17.41,住家用,鋼筋混凝土造,93年4月24日,二層,,
RPRNMLLKKIKGFID28CC,22,17.41,住家用,鋼筋混凝土造,93年4月24日,二層,,
RPXNMLLKKIKGFID88CC,32,164.82,住商用,鋼筋混凝土造,82年11月4日,四層,,
RPWNMLLKKIKGFID78CC,22,17.41,住家用,鋼筋混凝土造,93年4月24日,二層,,
RPVNMLLKKIKGFID68CC,2,67.62,集合住宅,鋼筋混凝土造,113年2月6日,六層,,
RPVNMLLKKIKGFID68CC,2,57.62,本共有部分之項目有停車空間、維護管理空間、資源回收專區、一般昇降機道、機電設備空間、梯廳、安全梯、樓梯間、電梯間、發電機室、水箱等１１項,鋼筋混凝土造,113年2月6日,六層,,
RPUNMLLKKIKGFKD78CC,20,8.55,辦公室,鋼筋混凝土造,94年7月8日,六層,,
RPVNMLLKKIKGFKD88CC,20,8.64,辦公室,鋼筋混凝土造,94年7月8日,六層,,
RPUNMLLKKIKGFKD78CC,20,8.09,共同使用部份,鋼筋混凝土造,94年7月8日,六層,,
RPVNMLLKKIKGFKD88CC,20,8.09,共同使用部份,鋼筋混凝土造,94年7月8日,六層,,
RPWNMLLKKIKGFKD98CC,20,8.77,辦公室,鋼筋混凝土造,94年7月8日,六層,,
RPWNMLLKKIKGFKD98CC,20,8.28,共同使用部份,鋼筋混凝土造,94年7月8日,六層,,
RPQNMLLKKIKGFKD38CC,43,49.37,住家用,加強磚造,72年1月26日,二層,,
RPXNMLLKKIKGFKD09CC,19,8.54,辦公室,鋼筋混凝土造,95年9月18日,八層,,
RPQNMLLKKIKGFKD38CC,43,5.09,共同使用部份,加強磚造,72年1月26日,二層,,
RPXNMLLKKIKGFKD09CC,19,8.54,共同使用部份,鋼筋混凝土造,95年9月18日,八層,,
RPRNMLLKKIKGFKD48CC,32,24.88,住家用,鋼筋混凝土造,83年3月16日,七層,,
RPRNMLLKKIKGFKD48CC,32,10.90,共同使用部份,鋼筋混凝土造,83年3月16日,七層,,
RPOOMLLKKIKGFKD28CC,30,75.71,住家用,鋼造,85年1月12日,二層,,
RPQOMLLKKIKGFKD48CC,8,9.41,住家用,鋼筋混凝土構造,107年4月2日,五層,,
RPQOMLLKKIKGFKD48CC,8,4.19,本共有部分之項目有：電梯間，樓梯間及水箱等３項,鋼筋混凝土構造,107年4月2日,五層,,
RPTOMLLKKIKGFKD78CC,8,9.42,住家用,鋼筋混凝土構造,107年4月2日,五層,,
RPTOMLLKKIKGFKD78CC,8,4.19,本共有部分之項目有：電梯間，樓梯間及水箱等３項,鋼筋混凝土構造,107年4月2日,五層,,
RPSOMLLKKIKGFKD68CC,8,9.46,住家用,鋼筋混凝土構造,107年4月2日,五層,,
RPSOMLLKKIKGFKD68CC,8,4.21,本共有部分之項目有：電梯間，樓梯間及水箱等３項,鋼筋混凝土構造,107年4月2日,五層,,
RPROMLLKKIKGFKD58CC,8,9.68,住家用,鋼筋混凝土構造,107年4月2日,五層,,
RPROMLLKKIKGFKD58CC,8,4.31,本共有部分之項目有：電梯間，樓梯間及水箱等３項,鋼筋混凝土構造,107年4月2日,五層,,
RPVOMLLKKIKGFKD98CC,31,40.48,辦公室。,鋼筋混凝土造,84年3月31日,十五層,,
RPVOMLLKKIKGFKD98CC,31,8.86,共同使用部份,鋼筋混凝土造,84年3月31日,十五層,,
RPUOMLLKKIKGFKD88CC,8,9.68,住家用,鋼筋混凝土構造,107年4月2日,五層,,
RPUOMLLKKIKGFKD88CC,8,4.31,本共有部分之項目有：電梯間，樓梯間及水箱等３項,鋼筋混凝土構造,107年4月2日,五層,,
RPWOMLLKKIKGFKD09CC,44,62.78,住家用,鋼筋混凝土造,70年6月4日,五層,,
RPWOMLLKKIKGFKD09CC,44,10.74,共同使用部份,鋼筋混凝土造,70年6月4日,五層,,
RPPPMLLKKIKGFKD48CC,31,23.00,住家用,鋼筋混凝土造,83年7月22日,七層,,
RPOPMLLKKIKGFKD38CC,35,29.37,辦公室。,鋼筋混凝土造,80年3月15日,七層,,
RPPPMLLKKIKGFKD48CC,31,10.22,共同使用部份,鋼筋混凝土造,83年7月22日,七層,,
RPOPMLLKKIKGFKD38CC,35,11.70,共同使用部份,鋼筋混凝土造,80年3月15日,七層,,
RPXOMLLKKIKGFKD56CC,32,17.13,住家用,鋼筋混凝土造,83年4月13日,七層,,
RPXOMLLKKIKGFKD56CC,32,6.12,共同使用部份,鋼筋混凝土造,83年4月13日,七層,,
RPQPMLLKKIKGFKD58CC,25,36.47,住家用,鋼筋混凝土造,90年1月10日,十一層,,
RPQPMLLKKIKGFKD58CC,25,8.33,共同使用部份,鋼筋混凝土造,90年1月10日,十一層,,
RPQPMLLKKIKGFKD58CC,25,5.38,共同使用部份,鋼筋混凝土造,90年1月10日,十一層,,
RPRNMLMKKIKGFAD57CC,51,92.95,住商用,加強磚造,63年9月4日,二層,,
RPPNMLMKKIKGFAD37CC,29,26.78,住家用,鋼筋混凝土造,86年1月27日,二十層,,
RPPNMLMKKIKGFAD37CC,29,5.11,共同使用部份,鋼筋混凝土造,86年1月27日,二十層,,
RPPNMLMKKIKGFAD37CC,29,3.88,共同使用部份,鋼筋混凝土造,86年1月27日,二十層,,
RPPNMLMKKIKGFAD37CC,29,2.24,共同使用部份,鋼筋混凝土造,86年1月27日,二十層,,
RPTOMLLKKIKGFID58CC,22,18.18,住家用,鋼筋混凝土造,92年9月10日,十層,,
RPSOMLLKKIKGFID48CC,22,14.88,住家用,鋼筋混凝土造,92年9月10日,十層,,
RPVOMLLKKIKGFID78CC,2,57.56,集合住宅,鋼筋混凝土造,112年8月8日,十五層,,
RPOOMLLKKIKGFID08CC,5,79.68,集合住宅,鋼筋混凝土構造,110年6月4日,五層,,
RPWOMLLKKIKGFID88CC,44,91.88,住商用,加強磚造,70年12月31日,二層,,
RPVOMLLKKIKGFID78CC,2,51.96,本共有部分之項目有停車空間、管委會使用空間、梯間、車道、前廊、陽台、樓梯間、機械室、水箱等９項,鋼筋混凝土造,112年8月8日,十五層,,
RPVNMLMKKIKGFAD97CC,9,53.94,集合住宅,鋼筋混凝土構造,106年1月24日,二十六層,,
RPSNMLMKKIKGFAD67CC,41,125.70,住家用,鋼筋混凝土造,73年12月24日,五層,,
RPVNMLMKKIKGFAD97CC,9,26.17,本共有部分之項目：防空避難室、停車空間、機房、樓梯間、機械房、水箱、門廳、梯間、管委會使用空間、水池、防災中心等。,鋼筋混凝土構造,106年1月24日,二十六層,,
RPSNMLMKKIKGFAD67CC,41,19.21,共同使用部份,鋼筋混凝土造,73年12月24日,五層,,
RPXOMLLKKIKGFID98CC,28,32.00,住家用,鋼筋混凝土造,86年7月21日,六層,,
RPXOMLLKKIKGFID98CC,28,14.57,共有部分,鋼筋混凝土造,86年7月21日,六層,,
RPTNMLMKKIKGFAD77CC,41,74.67,住家用,鋼筋混凝土造,74年3月9日,五層,,
RPTNMLMKKIKGFAD77CC,41,11.71,共同使用部份,鋼筋混凝土造,74年3月9日,五層,,
RPROMLLKKIKGFID38CC,39,182.36,工業用,鋼筋混凝土加強磚造,76年5月30日,二層,,
RPWNMLMKKIKGFAD08CC,28,53.10,國民住宅,鋼筋混凝土造,87年4月20日,十四層,,
RPWNMLMKKIKGFAD08CC,28,17.40,共同使用部份,鋼筋混凝土造,87年4月20日,十四層,,
RPUNMLMKKIKGFAD87CC,30,142.54,住家用,鋼筋混凝土造,84年7月7日,七層,,
RPUNMLMKKIKGFAD87CC,30,53.53,共同使用部份,鋼筋混凝土造,84年7月7日,七層,,
RPQOMLLKKIKGFID28CC,45,508.37,工業用,加強磚造,69年8月1日,一層,,
RPWNMLMKKIKGFAD08CC,28,6.82,共同使用部份,鋼筋混凝土造,87年4月20日,十四層,,
RPQOMLLKKIKGFID28CC,35,614.64,廠房。,鋼鐵造。,79年6月22日,一層,,
RPOOMLLKKIKGFID08CC,5,33.91,本共有部分之項目有停車空間、安全梯、樓梯間、梯廳、機電設備空間、一般昇降機道、電梯間、水箱、儲藏室、守衛室、門廊、垃圾集中處等１２項,鋼筋混凝土構造,110年6月4日,五層,,
RPOOMLMKKIKGFAD37CC,19,223.13,住宅、停車空間,ＲＣ造,95年7月24日,四層,,
RPPOMLMKKIKGFAD47CC,1,51.39,集合住宅,鋼骨鋼筋混凝土造、鋼筋混凝土造,114年4月15日,三十四層,,
RPPOMLMKKIKGFAD47CC,1,55.42,本共有部分之項目有管委會使用空間、門廳、機電設備空間、防災中心、儲藏室、樓梯間、消防水箱、防空避難室兼停車空間、車道、停車空間、自來水箱、梯廳、陽台、電信機房等１４項。,鋼骨鋼筋混凝土造、鋼筋混凝土造,114年4月15日,三十四層,,
RPTOMLMKKIKGFAD87CC,36,27.84,住家用,鋼筋混凝土造,79年4月30日,十二層,,
RPTOMLMKKIKGFAD87CC,36,.37,共同使用部份,鋼筋混凝土造,79年4月30日,十二層,,
RPTOMLMKKIKGFAD87CC,36,9.02,共同使用部份,鋼筋混凝土造,79年4月30日,十二層,,
RPQNMLMKKIKGFCD67CC,25,224.39,住宅、停車空間,鋼筋混凝土造,90年3月30日,四層,,
RPRNMLMKKIKGFBD67CC,2,85.44,集合住宅,鋼筋混凝土造,112年9月11日,十五層,,
RPRNMLMKKIKGFBD67CC,2,74.76,共有部分包括：梯廳、梯間、管委會使用空間、公共服務空間、水錶箱室、電梯機房、水箱、電信室、台電配電室、水景機房、緊急發電機室、雨水機房、停車空間、防空避難室兼停車空間、污水機房、消防機房、垃圾集中室、資源回收中心、外廊、車道、樓梯間、安全梯、無障礙樓梯、機房等２４項。,鋼筋混凝土造,112年9月11日,十五層,,
RPSOMLMKKIKGFAD77CC,22,98.76,集合住宅,鋼筋混凝土造,92年9月16日,十三層,,
RPSOMLMKKIKGFAD77CC,22,24.81,公共設施,鋼筋混凝土造,92年9月16日,十三層,,
RPSOMLMKKIKGFAD77CC,22,36.60,公共設施,鋼筋混凝土造,92年9月16日,十三層,,
RPSNMLMKKIKGFCD87CC,33,105.11,住家用,鋼筋混凝土造,82年4月24日,六層,,
RPSNMLMKKIKGFCD87CC,33,41.91,共同使用部份,鋼筋混凝土造,82年4月24日,六層,,
RPVNMLMKKIKGFCD18CC,32,39.77,住家用,鋼筋混凝土造,83年5月21日,十三層,,
RPVNMLMKKIKGFCD18CC,32,9.51,共同使用部份,鋼筋混凝土造,83年5月21日,十三層,,
RPVNMLMKKIKGFCD18CC,32,2.66,共同使用部份,鋼筋混凝土造,83年5月21日,十三層,,
RPTNMLMKKIKGFCD97CC,12,22.68,店舖,鋼筋混凝土造,102年10月23日,十二層,,
RPQNMLMKKIKGFBD57CC,48,102.24,住家用,加強磚造,66年9月3日,二層,,
RPQOMLMKKIKGFAD57CC,1,52.12,集合住宅,鋼骨鋼筋混凝土造、鋼筋混凝土造,114年4月15日,三十四層,,
RPQOMLMKKIKGFAD57CC,1,27.92,本共有部分之項目有管委會使用空間、門廳、機電設備空間、防災中心、儲藏室、樓梯間、消防水箱、防空避難室兼停車空間、車道、停車空間、自來水箱、梯廳、陽台、電信機房等１４項。,鋼骨鋼筋混凝土造、鋼筋混凝土造,114年4月15日,三十四層,,
RPXNMLMKKIKGFAD18CC,32,21.47,住家用,鋼筋混凝土造,82年12月28日,五層,,
RPXNMLMKKIKGFAD18CC,32,1.96,共同使用部份,鋼筋混凝土造,82年12月28日,五層,,
RPXNMLMKKIKGFAD18CC,32,3.59,共同使用部份,鋼筋混凝土造,82年12月28日,五層,,
RPXNMLMKKIKGFAD18CC,32,2.16,共同使用部份,鋼筋混凝土造,82年12月28日,五層,,
RPTNMLMKKIKGFHD48CC,10,17.28,住家用,鋼筋混凝土造,104年10月15日,四層,,
RPRNMLMKKIKGFHD28CC,11,14.95,住家用,鋼筋混凝土造,103年9月15日,四層,,
RPWNMLMKKIKGFHD78CC,11,26.74,住宅、停車空間,鋼筋混凝土造,103年10月7日,四層,,
RPOOMLMKKIKGFCD57CC,36,17.40,住家用,鋼筋混凝土造,78年11月24日,五層,,
RPOOMLMKKIKGFCD57CC,36,8.08,共同使用部份,鋼筋混凝土造,78年11月24日,五層,,
RPVNMLMKKIKGFHD68CC,13,20.01,住宅、門廊,鋼筋混凝土造,101年12月5日,四層,,
RPPNMLMKKIKGFHD08CC,13,18.22,住宅、門廊,鋼筋混凝土造,101年12月5日,四層,,
RPPNMLMKKIKGFDD67CC,,47.64,店舖、地下層、旅社,鋼筋混凝土造,,十層,,
RPRNMLMKKIKGFCD77CC,30,176.48,住家用,鋼筋混凝土造,84年11月16日,四層,,
RPXNMLMKKIKGFCD38CC,1,75.75,集合住宅,鋼筋混凝土造,114年1月24日,十五層,,
RPWNMLMKKIKGFCD28CC,40,57.09,住家用,鋼筋混凝土造,74年12月14日,五層,,
RPXNMLMKKIKGFCD38CC,1,40.88,本共有部分之項目有：防空避難室兼停車空間、停車空間、車道、一般昇降機、梯廳、機電設備空間、排煙機房、樓梯間等共８項。,鋼筋混凝土造,114年1月24日,十五層,,
RPWNMLMKKIKGFCD28CC,40,17.33,共同使用部份,鋼筋混凝土造,74年12月14日,五層,,
RPPNMLMKKIKGFID18CC,5,57.99,集合住宅,鋼筋混凝土構造,110年3月15日,二十四層,,
RPPNMLMKKIKGFID18CC,5,47.29,本共有部分之項目有管委會使用空間、停車空間、機電設備空間、防空避難室兼停車空間、台電配電場所、自來水箱、車道、門廳、儲藏室、機房、樓梯間、消防水箱等１２項,鋼筋混凝土構造,110年3月15日,二十四層,,
RPQNMLMKKIKGFHD18CC,12,18.00,住家用,鋼筋混凝土造,102年12月2日,五層,,
RPUNMLMKKIKGFCD08CC,25,169.05,飲食店,鋼骨造,89年10月9日,二層,,
RPSNMLMKKIKGFHD38CC,6,181.55,住家用,鋼筋混凝土造,109年1月22日,三層,,
RPPOMLMKKIKGFCD67CC,55,67.00,住家用,補強磚造,60年5月20日,二層,,
RPQOMLMKKIKGFCD77CC,1,209.83,店舖,鋼骨造有牆,114年5月7日,一層,,
RPPNMLMKKIKGFKD38CC,46,22.28,住家用,加強磚造,69年5月29日,二層,,
RPQNMLMKKIKGFKD48CC,34,25.10,住家用,鋼筋混凝土造,80年6月19日,七層,,
RPQNMLMKKIKGFKD48CC,34,6.14,共同使用部份,鋼筋混凝土造,80年6月19日,七層,,
RPQNMLMKKIKGFKD48CC,34,3.39,共同使用部份,鋼筋混凝土造,80年6月19日,七層,,
RPSNMLMKKIKGFKD68CC,13,18.18,住家用,鋼筋混凝土構造,102年4月17日,四層,,
RPQNMLNKKIKGFAD57CC,34,28.60,住家用,鋼筋混凝土造,80年11月13日,三層,,
RPQNMLNKKIKGFAD57CC,34,3.86,共同使用部份,鋼筋混凝土造,80年11月13日,三層,,
RPRNMLMKKIKGFKD58CC,4,85.14,集合住宅,鋼筋混凝土構造,110年9月15日,十三層,,
RPWNMLMKKIKGFKD09CC,44,59.41,住家用,鋼筋混凝土造,70年9月29日,五層,,
RPRNMLMKKIKGFKD58CC,4,71.23,本共有部分之項目有停車空間，防空避難室兼停車空間，門廊，梯間，管委會使用空間，儲藏室，樓梯間，水箱等８項,鋼筋混凝土構造,110年9月15日,十三層,,
RPWNMLMKKIKGFKD09CC,44,9.38,共同使用部份,鋼筋混凝土造,70年9月29日,五層,,
RPPNMLNKKIKGFAD47CC,38,51.34,住家用,鋼筋混凝土造,77年2月22日,五層,,
RPPNMLNKKIKGFAD47CC,38,11.18,共同使用部份,鋼筋混凝土造,77年2月22日,五層,,
RPRNMLNKKIKGFAD67CC,29,22.13,住家用,鋼筋混凝土造,86年1月18日,十二層,,
RPRNMLNKKIKGFAD67CC,29,3.35,共有部分,鋼筋混凝土造,86年1月18日,十二層,,
RPRNMLNKKIKGFAD67CC,29,3.75,共有部分,鋼筋混凝土造,86年1月18日,十二層,,
RPTNMLMKKIKGFKD78CC,9,29.75,店舖，住宅,鋼筋混凝土構造,106年1月18日,三層,,
RPUNMLMKKIKGFKD88CC,37,16.50,住商用,鋼筋混凝土造,77年8月6日,三層,,
RPPNMLNKKIKGFID28CC,7,52.18,集合住宅,鋼筋混凝土構造,107年10月4日,十二層,,
RPRNMLNKKIKGFCD87CC,51,77.44,住家用,加強磚造,63年11月13日,二層,,
RPPNMLNKKIKGFID28CC,7,25.70,本共有部分之項目有防空避難室兼停車空間、停車空間、門廊、樓梯間、機械室、水塔、蓄水池、公共服務空間、管委會使用空間、機電空間、昇降機、車道、垃圾集中室、資源回收專區、排煙室等１５項,鋼筋混凝土構造,107年10月4日,十二層,,
RPPNMLNKKIKGFHD18CC,31,161.13,住家用,鋼筋混凝土造,83年11月29日,四層,,
RPPNMLNKKIKGFCD67CC,43,98.34,集合住宅,鋼筋混凝土造,71年12月10日,五層,,
RPPNMLNKKIKGFCD67CC,43,6.38,共同使用部份,鋼筋混凝土造,71年12月10日,五層,,
RPRNMLNKKIKGFKD68CC,32,79.96,住家用,鋼筋混凝土造,83年5月13日,七層,,
RPRNMLNKKIKGFKD68CC,32,24.17,共同使用部份,鋼筋混凝土造,83年5月13日,七層,,
RPPNMLNKKIKGFKD48CC,32,86.45,住家用,鋼筋混凝土造,83年2月24日,五層,,
RPPNMLNKKIKGFKD48CC,32,10.52,共同使用部份,鋼筋混凝土造,83年2月24日,五層,,
RPSNMLNKKIKGFKD78CC,31,35.55,住家用,鋼筋混凝土造,83年5月24日,十二層,,
RPTNMLNKKIKGFKD88CC,32,28.47,住家用,鋼筋混凝土造,82年12月30日,九層,,
RPSNMLNKKIKGFKD78CC,31,7.98,共同使用部份,鋼筋混凝土造,83年5月24日,十二層,,
RPTNMLNKKIKGFKD88CC,32,16.67,共同使用部份,鋼筋混凝土造,82年12月30日,九層,,
RPSNMLNKKIKGFKD78CC,31,6.73,共同使用部份,鋼筋混凝土造,83年5月24日,十二層,,
RPSNMLNKKIKGFCD97CC,9,57.99,集合住宅,鋼筋混凝土造,105年5月27日,十五層,,
RPSNMLNKKIKGFCD97CC,9,43.35,本共有部分之項目計有停車空間，防空避難室兼停車空間，公共服務空間，管委會使用空間，門廳，污物處理空間，車道，梯間，水箱，機械室等１０項。,鋼筋混凝土造,105年5月27日,十五層,,
RPQNMLNKKIKGFKD58CC,31,44.16,住家用,鋼筋混凝土造,84年3月31日,十五層,,
RPQNMLNKKIKGFKD58CC,31,23.04,共同使用部份,鋼筋混凝土造,84年3月31日,十五層,,
RPQNMLNKKIKGFKD58CC,31,2.19,共同使用部份,鋼筋混凝土造,84年3月31日,十五層,,
RPTNMLNKKIKGFCD08CC,37,79.40,住家用,鋼筋混凝土造,78年5月12日,五層,,
RPQNMLNKKIKGFKD58CC,31,6.97,本共有部分之項目有走廊，電錶室等２項,鋼筋混凝土造,84年3月31日,十五層,,
RPTNMLNKKIKGFCD08CC,37,24.10,共有部分,鋼筋混凝土造,78年5月12日,五層,,
RPPNMLOKKIKGFAD57CC,29,21.30,住家用,鋼筋混凝土造,85年11月27日,十一層,,
RPPNMLOKKIKGFAD57CC,29,5.55,共同使用部份,鋼筋混凝土造,85年11月27日,十一層,,
RPPNMLOKKIKGFAD57CC,29,2.53,共同使用部份,鋼筋混凝土造,85年11月27日,十一層,,
RPTNMLOKKIKGFCD18CC,37,15.41,住家用,鋼筋混凝土造,78年4月25日,七層,,
RPTNMLOKKIKGFCD18CC,37,9.23,共同使用部份,鋼筋混凝土造,78年4月25日,七層,,
RPQNMLOKKIKGFBD77CC,31,102.44,住家用,鋼筋混凝土造,84年2月15日,五層,,
RPQNMLOKKIKGFBD77CC,31,39.71,共同使用部份,鋼筋混凝土造,84年2月15日,一層,,
RPRNMLOKKIKGFAD77CC,59,42.52,住宅,加強磚造,55年6月30日,一層,,
RPRNMLOKKIKGFCD97CC,47,88.10,住家用,鋼筋混凝土造,68年5月17日,五層,,
RPQNMLOKKIKGFAD67CC,35,17.35,住家用,鋼筋混凝土造,79年9月20日,七層,,
RPRNMLOKKIKGFCD97CC,47,4.32,共同使用部份,鋼筋混凝土造,68年5月17日,五層,,
RPQNMLOKKIKGFAD67CC,35,2.96,共同使用部份,鋼筋混凝土造,79年9月20日,七層,,
RPPNMLOKKIKGFBD67CC,42,106.40,住商用,加強磚造,72年11月25日,二層,,
RPUNMLOKKIKGFCD28CC,48,75.67,住家用,鋼筋混凝土造,67年5月9日,四層,,
RPPNMLOKKIKGFKD58CC,32,25.61,住家用,鋼筋混凝土造,82年12月30日,九層,,
RPVNMLOKKIKGFCD38CC,26,28.45,住家用,鋼筋混凝土造,88年8月5日,十二層,,
RPPNMLOKKIKGFKD58CC,32,12.26,共同使用部份,鋼筋混凝土造,82年12月30日,九層,,
RPVNMLOKKIKGFCD38CC,26,5.12,共同使用部份,鋼筋混凝土造,88年8月5日,十二層,,
RPVNMLOKKIKGFCD38CC,26,6.32,共同使用部份,鋼筋混凝土造,88年8月5日,十二層,,
RPRNMLOKKIKGFKD78CC,30,53.73,住家用,鋼筋混凝土造,84年8月12日,八層,,
RPPNMLOKKIKGFID38CC,35,98.68,住家用,鋼筋混凝土造,79年9月27日,五層,,
RPRNMLOKKIKGFKD78CC,30,15.60,共同使用部份,鋼筋混凝土造,84年8月12日,八層,,
RPPNMLOKKIKGFID38CC,35,7.09,共同使用部份,鋼筋混凝土造,79年9月27日,五層,,
RPXNMLOKKIKGFCD58CC,26,90.39,集合住宅,鋼筋混凝土造,88年10月21日,十三層,,
RPXNMLOKKIKGFCD58CC,26,16.42,共同使用部份,鋼筋混凝土造,88年10月21日,十三層,,
RPXNMLOKKIKGFCD58CC,26,31.51,共同使用部份,鋼筋混凝土造,88年10月21日,十三層,,
RPSNMLOKKIKGFKD88CC,32,78.92,住家用,鋼筋混凝土造,82年11月29日,九層,,
RPTNMLOKKIKGFKD98CC,18,96.58,住家用,鋼筋混凝土造,96年9月20日,十四層,,
RPSNMLOKKIKGFKD88CC,32,43.37,共同使用部份,鋼筋混凝土造,82年11月29日,九層,,
RPTNMLOKKIKGFKD98CC,18,59.63,共同使用部份,鋼筋混凝土造,96年9月20日,十四層,,
RPQNMLOKKIKGFCD87CC,32,84.55,住家用,鋼筋混凝土造,83年2月1日,十三層,,
RPQNMLOKKIKGFCD87CC,32,35.01,共同使用部份,鋼筋混凝土造,83年2月1日,十三層,,
RPQNMLOKKIKGFCD87CC,32,8.77,共同使用部份,鋼筋混凝土造,83年2月1日,十三層,,
RPRNMLPKKIKGFAD87CC,,10.70,住家用,木造,,一層,,
RPPNMLPKKIKGFAD67CC,47,119.52,住商用,鋼筋混凝土造,68年3月1日,四層,,
RPUNMLOKKIKGFKD09CC,3,65.15,集合住宅,鋼筋混凝土構造,112年5月18日,十三層,,
RPUNMLOKKIKGFKD09CC,3,35.47,本共有部分之項目有：防空避難室兼停車空間，停車空間，門廊，機電設備空間，樓梯間，梯廳兼走廊，昇降機，管委會使用空間，水箱，梯廳，機械房等１１項,筋混凝土構造,112年5月18日,十三層,,
RPSNMLPKKIKGFAD97CC,27,90.09,集合住宅,鋼筋混凝土造,88年4月1日,十四層,,
RPSNMLPKKIKGFAD97CC,27,20.36,共同使用部份,鋼筋混凝土造,88年4月1日,十四層,,
RPSNMLPKKIKGFAD97CC,27,12.64,共同使用部份,鋼筋混凝土造,88年4月1日,十四層,,
RPWNMLPKKIKGFAD38CC,42,125.86,住家用,鋼筋混凝土造,72年11月30日,五層,,
RPWNMLPKKIKGFAD38CC,42,20.48,共同使用部份,鋼筋混凝土造,72年11月30日,五層,,
RPTNMLPKKIKGFAD08CC,10,86.42,集合住宅,鋼筋混凝土構造,104年11月5日,二十四層,,
RPXNMLPKKIKGFAD48CC,10,89.17,集合住宅,鋼筋混凝土構造,104年11月5日,二十四層,,
RPXNMLPKKIKGFAD48CC,10,37.98,本共有部分之項目：有樓梯間、門廊、門廳、管委會使用空間、防災中心、停車空間、防空避難室、車道、游泳池、機房自來水池等項,鋼筋混凝土構造,104年11月5日,二十四層,,
RPTNMLPKKIKGFAD08CC,10,68.12,本共有部分之項目：有樓梯間、門廊、門廳、管委會使用空間、防災中心、停車空間、防空避難室、車道、游泳池、機房自來水池等項,鋼筋混凝土構造,104年11月5日,二十四層,,
RPQNMLPKKIKGFAD77CC,1,51.82,集合住宅,鋼骨鋼筋混凝土造、鋼筋混凝土造,114年4月15日,三十四層,,
RPQNMLPKKIKGFAD77CC,1,55.84,本共有部分之項目有管委會使用空間、門廳、機電設備空間、防災中心、儲藏室、樓梯間、消防水箱、防空避難室兼停車空間、車道、停車空間、自來水箱、梯廳、陽台、電信機房等１４項。,鋼骨鋼筋混凝土造、鋼筋混凝土造,114年4月15日,三十四層,,
RPVNMLPKKIKGFAD28CC,19,65.66,集合住宅,ＲＣ造,95年10月1日,十四層,,
RPVNMLPKKIKGFAD28CC,19,12.43,共同使用部份,ＲＣ造,95年10月1日,十四層,,
RPVNMLPKKIKGFAD28CC,19,15.91,共同使用部份,ＲＣ造,95年10月1日,十四層,,
RPUNMLPKKIKGFAD18CC,28,53.10,集合住宅,鋼筋混凝土造,87年4月20日,十四層,,
RPUNMLPKKIKGFAD18CC,28,7.04,共同使用部份,鋼筋混凝土造,87年4月20日,十四層,,
RPUNMLPKKIKGFAD18CC,28,6.82,共同使用部份,鋼筋混凝土造,87年4月20日,十四層,,
RPOOMLPKKIKGFAD67CC,10,57.10,集合住宅,鋼筋混凝土構造,104年11月5日,二十四層,,
RPOOMLPKKIKGFAD67CC,10,24.11,本共有部分之項目：有樓梯間、門廊、門廳、管委會使用空間、防災中心、停車空間、防空避難室、車道、游泳池、機房自來水池等項,鋼筋混凝土構造,104年11月5日,二十四層,,
RPPOMLPKKIKGFAD77CC,56,74.99,住家用,加強磚造,58年10月1日,二層,,
RPRNMLPKKIKGFBD97CC,8,201.27,住商用,鋼筋混凝土造,107年1月3日,四層,,
RPQOMLPKKIKGFAD87CC,35,19.32,住家用,鋼筋混凝土造,79年9月20日,七層,,
RPQOMLPKKIKGFAD87CC,35,7.12,共同使用部份,鋼筋混凝土造,79年9月20日,七層,,
RPPNMLPKKIKGFBD77CC,30,91.79,住家用,鋼筋混凝土造,84年8月16日,五層,,
RPPNMLPKKIKGFBD77CC,30,32.56,停車空間、住宅、守衛室、台電室、蓄水池、機械室、梯間,鋼筋混凝土造,84年8月16日,一層,,
RPQNMLPKKIKGFBD87CC,1,91.26,集合住宅,鋼筋混凝土造,114年4月25日,十四層,,
RPQNMLPKKIKGFBD87CC,1,68.33,本共有部分之項目有防空避難室兼停車空間、停車空間、管委會使用空間、電信室、門廊、安全梯空間、車道、樓梯間、排煙室、水箱、昇降機房、昇降機空間、梯廳等１３項,鋼筋混凝土造,114年4月25日,十四層,,
RPSNMLPKKIKGFBD08CC,44,91.74,集合住宅,鋼筋混凝土造,70年9月7日,四層,,
RPTOMLPKKIKGFAD18CC,28,25.75,住家用,鋼筋混凝土造,87年2月19日,二十一層,,
RPSNMLPKKIKGFBD08CC,44,3.13,避難室,鋼筋混凝土造,70年9月7日,四層,,
RPTOMLPKKIKGFAD18CC,28,9.48,共有部分,鋼筋混凝土造,87年2月19日,二十一層,,
RPSNMLPKKIKGFBD08CC,44,7.81,共同使用部份,鋼筋混凝土造,70年9月7日,四層,,
RPROMLPKKIKGFAD97CC,29,21.60,住家用,鋼筋混凝土造,86年1月18日,十二層,,
RPROMLPKKIKGFAD97CC,29,3.35,共有部分,鋼筋混凝土造,86年1月18日,十二層,,
RPROMLPKKIKGFAD97CC,29,3.75,共有部分,鋼筋混凝土造,86年1月18日,十二層,,
RPTNMLPKKIKGFBD18CC,2,60.06,集合住宅,鋼筋混凝土造,112年9月11日,十五層,,
RPTNMLPKKIKGFBD18CC,2,31.48,共有部分包括：梯廳、梯間、管委會使用空間、公共服務空間、水錶箱室、電梯機房、水箱、電信室、台電配電室、水景機房、緊急發電機室、雨水機房、停車空間、防空避難室兼停車空間、污水機房、消防機房、垃圾集中室、資源回收中心、外廊、車道、樓梯間、安全梯、無障礙樓梯、機房等２４項。,鋼筋混凝土造,112年9月11日,十五層,,
RPQNMLPKKIKGFCD97CC,34,84.78,住家用,鋼筋混凝土造,80年7月8日,十二層,,
RPQNMLPKKIKGFCD97CC,34,42.59,共同使用部份,鋼筋混凝土造,80年7月8日,十二層,,
RPPNMLPKKIKGFCD87CC,14,67.61,住商用,鋼筋混凝土造,101年3月12日,五層,,
RPRNMLPKKIKGFCD08CC,26,25.98,住家用,鋼筋混凝土造,88年8月5日,十二層,,
RPRNMLPKKIKGFCD08CC,26,4.93,共同使用部份,鋼筋混凝土造,88年8月5日,十二層,,
RPSOMLPKKIKGFAD08CC,28,30.69,住家用,鋼筋混凝土造,87年2月19日,二十一層,,
RPRNMLPKKIKGFCD08CC,26,6.00,共同使用部份,鋼筋混凝土造,88年8月5日,十二層,,
RPSOMLPKKIKGFAD08CC,28,21.07,共有部分,鋼筋混凝土造,87年2月19日,二十一層,,
RPTNMLPKKIKGFCD28CC,2,80.04,集合住宅,鋼筋混凝土造,113年2月29日,十五層,,
RPTNMLPKKIKGFCD28CC,2,80.81,本共有部份之項目有：防空避難室兼停車空間、停車空間、管委會空間、梯間、機電設備空間、機房、水箱、公共服務空間、車道共９項。,鋼筋混凝土造,113年2月29日,十五層,,
RPPNMLPKKIKGFFD18CC,30,138.41,農舍,鐵骨造,84年7月11日,一層,,
RPPNMLPKKIKGFED08CC,44,89.25,住商用,加強磚造,70年8月10日,二層,,
RPTNMLPKKIKGFID88CC,5,79.60,集合住宅,鋼筋混凝土構造,110年3月15日,二十四層,,
RPSNMLPKKIKGFCD18CC,26,25.99,住家用,鋼筋混凝土造,88年8月5日,十二層,,
RPTNMLPKKIKGFID88CC,5,57.98,本共有部分之項目有管委會使用空間、停車空間、機電設備空間、防空避難室兼停車空間、台電配電場所、自來水箱、車道、門廳、儲藏室、機房、樓梯間、消防水箱等１２項,鋼筋混凝土構造,110年3月15日,二十四層,,
RPWNMLPKKIKGFCD58CC,35,100.73,住家用,鋼筋混凝土造,79年6月25日,五層,,
RPQNMLPKKIKGFKD78CC,31,25.00,住商用,鋼筋混凝土造,83年9月26日,十四層,,
RPSNMLPKKIKGFCD18CC,26,4.93,共同使用部份,鋼筋混凝土造,88年8月5日,十二層,,
RPSNMLPKKIKGFCD18CC,26,6.00,共同使用部份,鋼筋混凝土造,88年8月5日,十二層,,
RPPNMLPKKIKGFDD97CC,33,89.60,住家用,鋼筋混凝土造,82年3月31日,五層,,
RPPNMLPKKIKGFDD97CC,33,13.44,共同使用部份,鋼筋混凝土造,82年3月31日,五層,,
RPWNMLPKKIKGFCD58CC,35,8.09,共同使用部份,鋼筋混凝土造,79年6月25日,五層,,
RPWNMLPKKIKGFCD58CC,35,5.00,共同使用部份,鋼筋混凝土造,79年6月25日,五層,,
RPPNMLPKKIKGFID48CC,28,33.80,住家用,鋼筋混凝土造,86年7月21日,六層,,
RPPNMLPKKIKGFID48CC,28,15.16,共同使用部份,鋼筋混凝土造,86年7月21日,六層,,
RPPNMLPKKIKGFHD38CC,5,68.82,集合住宅,鋼筋混凝土造,109年10月21日,十四層,,
RPPNMLPKKIKGFHD38CC,5,19.41,本共有部分之項目有停車空間、公共空間、樓電梯間、梯廳、梯間、水錶間、水箱等７項,鋼筋混凝土造,109年10月21日,十四層,,
RPUNMLPKKIKGFID98CC,5,79.50,集合住宅,鋼筋混凝土構造,110年3月15日,二十四層,,
RPPNMLPKKIKGFHD38CC,5,16.14,本共有部分之項目有樓梯間等１項,鋼筋混凝土造,109年10月21日,十四層,,
RPUNMLPKKIKGFID98CC,5,57.98,本共有部分之項目有管委會使用空間、停車空間、機電設備空間、防空避難室兼停車空間、台電配電場所、自來水箱、車道、門廳、儲藏室、機房、樓梯間、消防水箱等１２項,鋼筋混凝土構造,110年3月15日,二十四層,,
RPRNMLPKKIKGFKD88CC,31,35.60,辦公室。,鋼筋混凝土造,84年3月31日,十五層,,
RPRNMLPKKIKGFKD88CC,31,7.98,共同使用部份,鋼筋混凝土造,84年3月31日,十五層,,
RPQNMLPKKIKGFID58CC,5,58.19,集合住宅,鋼筋混凝土構造,110年3月15日,二十四層,,
RPQNMLPKKIKGFID58CC,5,47.29,本共有部分之項目有管委會使用空間、停車空間、機電設備空間、防空避難室兼停車空間、台電配電場所、自來水箱、車道、門廳、儲藏室、機房、樓梯間、消防水箱等１２項,鋼筋混凝土構造,110年3月15日,二十四層,,
RPUNMLPKKIKGFKD56CC,30,48.55,住商用,鋼筋混凝土造,85年1月29日,十七層,,
RPSNMLPKKIKGFKD98CC,34,133.82,店舖、辦公室。,鋼筋混凝土造,81年5月19日,二十層,,
RPSNMLPKKIKGFKD98CC,34,8.37,共同使用部份,鋼筋混凝土造,81年5月19日,二十二層,,
RPSNMLPKKIKGFKD98CC,34,2.27,共同使用部份,鋼筋混凝土造,81年5月19日,二十層,,
RPXNMLPKKIKGFCD68CC,36,17.47,住家用,鋼筋混凝土造,79年1月2日,七層,,
RPXNMLPKKIKGFCD68CC,36,10.36,共同使用部份,鋼筋混凝土造,79年1月2日,七層,,
RPWNMLPKKIKGFKD76CC,18,109.87,住家用,鋼筋混凝土造,96年9月20日,十四層,,
RPWNMLPKKIKGFKD76CC,18,67.84,共同使用部份,鋼筋混凝土造,96年9月20日,十四層,,
RPTNMLPKKIKGFKD09CC,32,75.82,住家用,鋼筋混凝土造,82年7月31日,六層,,
RPTNMLPKKIKGFKD09CC,32,24.00,共同使用部份,鋼筋混凝土造,82年7月31日,六層,,
RPVNMLPKKIKGFKD66CC,27,35.44,住家用,鋼筋混凝土造,88年5月19日,十一層,,
RPVNMLPKKIKGFKD66CC,27,10.73,共同使用部份,鋼筋混凝土造,88年5月19日,十四層,,
RPVNMLPKKIKGFKD66CC,27,4.06,共同使用部份,鋼筋混凝土造,88年5月19日,十四層,,
RPQNMLQKKIKGFAD87CC,26,70.09,集合住宅,鋼筋混凝土造,88年6月22日,十四層,,
RPQNMLQKKIKGFAD87CC,26,20.21,共同使用部份,鋼筋混凝土造,88年6月22日,十四層,,
RPWNMLQKKIKGFAD48CC,31,23.34,住家用,鋼筋混凝土造,83年8月2日,六層,,
RPXNMLQKKIKGFAD58CC,49,71.50,住家用,鋼筋混凝土造,66年3月17日,四層,,
RPWNMLQKKIKGFAD48CC,31,7.78,共同使用部份,鋼筋混凝土造,83年8月2日,六層,,
RPOOMLQKKIKGFAD77CC,3,57.24,集合住宅,鋼筋混凝土構造,111年6月23日,十四層,,
RPWNMLQKKIKGFAD48CC,31,4.04,共同使用部份,鋼筋混凝土造,83年8月2日,六層,,
RPOOMLQKKIKGFAD77CC,3,69.36,本共有部分之項目有防空避難室兼停車空間、停車空間、管委會空間、安全梯、樓梯間、梯廳、管道間、昇降機、機械室、水箱、門廳、車道、排煙室等１３項。,鋼筋混凝土構造,111年6月23日,十四層,,
RPROMLQKKIKGFAD08CC,33,18.84,住家用,鋼筋混凝土造,82年3月27日,六層,,
RPROMLQKKIKGFAD08CC,33,6.15,共有部分,鋼筋混凝土造,82年3月27日,六層,,
RPPOMLQKKIKGFAD87CC,31,77.93,住家用,鋼筋混凝土造,83年10月13日,八層,,
RPPOMLQKKIKGFAD87CC,31,9.80,共同使用部份,鋼筋混凝土造,83年10月13日,八層,,
RPPOMLQKKIKGFAD87CC,31,33.80,共同使用部份,鋼筋混凝土造,83年10月13日,八層,,
RPSOMLQKKIKGFAD18CC,23,88.60,集合住宅,鋼筋混凝土造,91年11月15日,十二層,,
RPSOMLQKKIKGFAD18CC,23,42.14,共同使用部份,鋼筋混凝土造,91年11月15日,十二層,,
RPUNMLQKKIKGFAD28CC,44,96.03,住家用,鋼筋混凝土造,70年6月17日,四層,,
RPUNMLQKKIKGFAD28CC,44,10.18,共同使用部份,鋼筋混凝土造,70年6月17日,四層,,
RPRNMLQKKIKGFAD97CC,30,23.54,住家用,鋼筋混凝土造,84年8月19日,十六層,,
RPRNMLQKKIKGFAD97CC,30,21.26,共同使用部份,鋼筋混凝土造,84年8月19日,十六層,,
RPVNMLQKKIKGFAD38CC,36,22.05,住家用,鋼筋混凝土造,79年6月15日,六層,,
RPRNMLQKKIKGFAD97CC,30,4.83,共同使用部份,鋼筋混凝土造,84年8月19日,十六層,,
RPVNMLQKKIKGFAD38CC,36,5.05,共同使用部份,鋼筋混凝土造,79年6月15日,六層,,
RPVNMLQKKIKGFAD38CC,36,5.33,共同使用部份,鋼筋混凝土造,79年6月15日,六層,,
RPTNMLQKKIKGFAD18CC,34,23.80,住家用,鋼筋混凝土造,80年11月13日,三層,,
RPSNMLQKKIKGFAD08CC,32,71.63,住家用,鋼筋混凝土造,82年11月25日,六層,,
RPTNMLQKKIKGFAD18CC,34,3.86,共同使用部份,鋼筋混凝土造,80年11月13日,三層,,
RPSNMLQKKIKGFAD08CC,32,18.22,共同使用部份,鋼筋混凝土造,82年11月25日,六層,,
RPUOMLQKKIKGFAD38CC,35,22.68,住家用,鋼筋混凝土造,79年6月19日,六層,,
RPUOMLQKKIKGFAD38CC,35,10.74,共同使用部份,鋼筋混凝土造,79年6月19日,六層,,
RPTOMLQKKIKGFAD28CC,29,44.87,住家用,鋼筋混凝土造,86年1月18日,十二層,,
RPTOMLQKKIKGFAD28CC,29,7.45,共同使用部份,鋼筋混凝土造,86年1月18日,十二層,,
RPTOMLQKKIKGFAD28CC,29,8.33,共同使用部份,鋼筋混凝土造,86年1月18日,十二層,,
RPVOMLQKKIKGFAD48CC,1,51.39,集合住宅,鋼骨鋼筋混凝土造、鋼筋混凝土造,114年4月15日,三十四層,,
RPVOMLQKKIKGFAD48CC,1,27.50,本共有部分之項目有管委會使用空間、門廳、機電設備空間、防災中心、儲藏室、樓梯間、消防水箱、防空避難室兼停車空間、車道、停車空間、自來水箱、梯廳、陽台、電信機房等１４項。,鋼骨鋼筋混凝土造、鋼筋混凝土造,114年4月15日,三十四層,,
RPXOMLQKKIKGFAD68CC,37,77.87,住家用,鋼筋混凝土造,77年8月25日,七層,,
RPXOMLQKKIKGFAD68CC,37,26.04,共同使用部份,鋼筋混凝土造,77年8月25日,七層,,
RPOPMLQKKIKGFAD87CC,42,132.85,住商用,鋼筋混凝土造,72年12月10日,七層,,
RPQPMLQKKIKGFAD08CC,31,13.87,住家用,鋼筋混凝土造,83年6月24日,四層,,
RPPPMLQKKIKGFAD97CC,12,208.74,住宅、停車空間,鋼筋混凝土構造,103年4月1日,四層,,
RPPPMLQKKIKGFAD97CC,12,.32,本共有部分之項目有：管理維護空間。,鋼筋混凝土構造,103年4月1日,四層,,
RPRPMLQKKIKGFAD18CC,27,75.10,集合住宅,鋼筋混凝土造,88年4月1日,十四層,,
RPRPMLQKKIKGFAD18CC,27,5.99,共同使用部份,鋼筋混凝土造,88年4月1日,十四層,,
RPRPMLQKKIKGFAD18CC,27,9.87,共同使用部份,鋼筋混凝土造,88年4月1日,十四層,,
RPUPMLQKKIKGFAD48CC,9,85.48,集合住宅,鋼筋混凝土構造,105年11月9日,二十七層,,
RPUPMLQKKIKGFAD48CC,9,73.37,本共有部分之項目有：樓梯間、機房、水箱、特別安全梯、梯廳、排煙管道、排煙室、行動不便電梯、緊急升降機、管道間、進風管道、防空避難室、停車空間、管委會使用空間,鋼筋混凝土構造,105年11月9日,二十七層,,
RPSPMLQKKIKGFAD28CC,32,21.91,住家用,鋼筋混凝土造,82年12月28日,五層,,
RPSPMLQKKIKGFAD28CC,32,1.98,共同使用部份,鋼筋混凝土造,82年12月28日,五層,,
RPSPMLQKKIKGFAD28CC,32,3.63,共同使用部份,鋼筋混凝土造,82年12月28日,五層,,
RPSPMLQKKIKGFAD28CC,32,2.16,共同使用部份,鋼筋混凝土造,82年12月28日,五層,,
RPSNMLQKKIKGFBD18CC,31,125.27,住商用,鋼筋混凝土造,83年8月31日,四層,,
RPTPMLQKKIKGFAD38CC,1,51.82,集合住宅,鋼骨鋼筋混凝土造、鋼筋混凝土造,114年4月15日,三十四層,,
RPTPMLQKKIKGFAD38CC,1,55.84,本共有部分之項目有管委會使用空間、門廳、機電設備空間、防災中心、儲藏室、樓梯間、消防水箱、防空避難室兼停車空間、車道、停車空間、自來水箱、梯廳、陽台、電信機房等１４項。,鋼骨鋼筋混凝土造、鋼筋混凝土造,114年4月15日,三十四層,,
RPUNMLQKKIKGFBD38CC,4,52.97,集合住宅,鋼筋混凝土造,110年12月30日,十五層,,
RPUNMLQKKIKGFBD38CC,4,39.67,本共有部份之項目有：防空避難室兼停車空間、清水池、停車空間、管委會空間、機車停車空間、安全梯、梯廳、管道間、昇降機、汽車車道、公共服務空間、發電機室、消防機房、台電配電場所、電信室、電錶室、廁所、排煙室、機車車道、資源回收室共２０項,鋼筋混凝土造,110年12月30日,十五層,,
RPUNMLQKKIKGFBD38CC,4,12.79,本共有部分之項目有：樓梯間、水錶室、機房、水箱共４項。,鋼筋混凝土造,110年12月30日,十五層,,
RPVPMLQKKIKGFAD58CC,23,97.72,集合住宅,鋼筋混凝土造,91年12月27日,十三層,,
RPVPMLQKKIKGFAD58CC,23,45.36,共同使用部份,鋼筋混凝土造,91年12月27日,十三層,,
RPVNMLQKKIKGFBD48CC,4,49.64,集合住宅,鋼筋混凝土造,111年4月15日,十五層,,
RPVNMLQKKIKGFBD48CC,4,10.22,本共有部份為：停車空間、電信室、管委會、門廊、梯廳、梯間、發電機室、水箱、汽車車道、機車車道、安全梯、一般升降機、公共服務空間、緊急升降機排煙室、資源回收區、管道間、配電室、緊急升降機、台電配電場所、工具間、水景機房、雨水機房、消防機房、電錶室等２４項。,鋼筋混凝土造,111年4月15日,十五層,,
RPVNMLQKKIKGFBD48CC,4,14.45,本共有部份為：緊急昇降機、安全梯、緊急昇降機排煙室、一般昇降機、水錶室、水箱、梯廳、電梯機房等８項,鋼筋混凝土造,111年4月15日,十五層,,
RPXNMLQKKIKGFBD68CC,19,203.53,住家用,鋼筋混凝土造,96年3月2日,四層,,
RPWPMLQKKIKGFAD68CC,39,80.69,住家用,鋼筋混凝土造,75年9月15日,五層,,
RPWPMLQKKIKGFAD68CC,39,13.66,共同使用部份,鋼筋混凝土造,75年9月15日,五層,,
RPOOMLQKKIKGFBD87CC,49,130.66,住家用,加強磚造,66年1月24日,二層,,
RPRNMLQKKIKGFBD08CC,2,58.26,集合住宅,鋼筋混凝土造,112年11月9日,六層,,
RPRNMLQKKIKGFBD08CC,2,46.07,本共有部分之項目有：停車空間、消防設備空間、管理室、無障礙安全梯、梯廳、升降機道、電信室、管道間、戶外安全梯、樓梯間等共１０項。,鋼筋混凝土造,112年11月9日,六層,,
RPWNMLQKKIKGFBD58CC,32,284.43,住商用,鋼筋混凝土造,83年4月27日,四層,,
RPPOMLQKKIKGFBD97CC,3,60.18,集合住宅,鋼筋混凝土造,111年10月19日,十層,,
RPPOMLQKKIKGFBD97CC,3,60.34,共有項目有：室內安全梯、車道、梯廳、管理委員會使用空間、緊急發電機室、消防泵浦室、台電配電場所、電信室、蓄水池、停車空間、防空避難室兼停車空間、樓梯間、機械室、水箱、昇降機、昇降機間、陽台等１７項,鋼筋混凝土造,111年10月19日,十層,,
RPPNMLQKKIKGFCD97CC,58,87.08,住家用,加強磚造,56年7月1日,二層,,
RPRNMLQKKIKGFCD18CC,36,24.20,住商用,鋼筋混凝土造,79年1月15日,四層,,
RPQOMLQKKIKGFCD18CC,42,15.94,住家用,鋼筋混凝土造,72年8月26日,三層,,
RPQNMLQKKIKGFCD08CC,53,30.40,住家用,加強磚造,61年11月14日,三層,,
RPVNMLQKKIKGFCD58CC,56,21.62,住家用,加強磚造,59年2月10日,二層,,
RPOOMLQKKIKGFCD97CC,43,93.55,住家用,鋼筋混凝土造,71年12月30日,五層,,
RPOOMLQKKIKGFCD97CC,43,8.48,共同使用部份,鋼筋混凝土造,71年12月30日,五層,,
RPSNMLQKKIKGFCD28CC,57,30.60,住家用,加強磚造,57年12月4日,二層,,
RPPOMLQKKIKGFCD08CC,26,89.46,集合住宅,鋼筋混凝土造,88年10月21日,十三層,,
RPWNMLQKKIKGFCD68CC,54,37.40,住商用,鋼筋混凝土造,60年12月12日,四層,,
RPXNMLQKKIKGFCD78CC,18,31.23,住家用,鋼筋混凝土造,97年2月29日,十四層,,
RPPOMLQKKIKGFCD08CC,26,18.07,共同使用部份,鋼筋混凝土造,88年10月21日,十三層,,
RPWNMLQKKIKGFCD68CC,54,1.75,共有部分,鋼筋混凝土造,60年12月12日,四層,,
RPXNMLQKKIKGFCD78CC,18,33.57,共有部分,鋼筋混凝土造,97年2月29日,十四層,,
RPPOMLQKKIKGFCD08CC,26,31.08,共同使用部份,鋼筋混凝土造,88年10月21日,十三層,,
RPXNMLQKKIKGFCD78CC,18,9.22,共有部分,鋼筋混凝土造,97年2月29日,十四層,,
RPROMLQKKIKGFCD28CC,30,102.90,住家用,鋼筋混凝土造,84年12月21日,十四層,,
RPROMLQKKIKGFCD28CC,30,39.92,共同使用部份,鋼筋混凝土造,84年12月21日,十四層,,
RPVOMLQKKIKGFCD68CC,44,105.14,住家用,鋼筋混凝土造,70年11月21日,四層,,
RPVOMLQKKIKGFCD68CC,44,13.14,共同使用部份,鋼筋混凝土造,70年11月21日,四層,,
RPTOMLQKKIKGFCD48CC,21,46.34,住家用,ＲＣ造,93年7月12日,十四層,,
RPTOMLQKKIKGFCD48CC,21,10.04,共同使用部份,ＲＣ造,93年7月12日,十四層,,
RPTOMLQKKIKGFCD48CC,21,5.58,共同使用部份,ＲＣ造,93年7月12日,十四層,,
RPSOMLQKKIKGFCD38CC,65,55.01,住家用,磚瓦造,50年1月1日,二層,,
RPPNMLQKKIKGFDD08CC,46,95.03,住商用,加強磚造,68年7月16日,二層,,
RPWOMLQKKIKGFCD78CC,42,70.49,集合住宅,鋼筋混凝土造,72年8月20日,五層,,
RPWOMLQKKIKGFCD78CC,42,5.79,共同使用部份,鋼筋混凝土造,72年8月20日,五層,,
RPXOMLQKKIKGFCD88CC,43,87.84,集合住宅,鋼筋混凝土造,72年4月22日,五層,,
RPPNMLQKKIKGFGD38CC,46,131.96,住商用,鋼筋混凝土造,68年10月2日,三層,,
RPXOMLQKKIKGFCD88CC,43,6.23,共同使用部份,鋼筋混凝土造,72年4月22日,五層,,
RPPNMLQKKIKGFFD28CC,44,104.86,住家用,加強磚造,70年11月1日,二層,,
RPOPMLQKKIKGFCD08CC,35,15.21,住家用,鋼筋混凝土造,80年1月22日,九層,,
RPOPMLQKKIKGFCD08CC,35,8.25,共同使用部份,鋼筋混凝土造,80年1月22日,九層,,
RPQNMLQKKIKGFGD48CC,30,119.99,住家用,鋼筋混凝土造,84年6月22日,十二層,,
RPQNMLQKKIKGFGD48CC,30,36.93,共同使用部份,鋼筋混凝土造,84年6月22日,十二層,,
RPPPMLQKKIKGFCD18CC,44,91.75,住家用,鋼筋混凝土造,70年11月21日,四層,,
RPPPMLQKKIKGFCD18CC,44,13.14,共同使用部份,鋼筋混凝土造,70年11月21日,四層,,
RPTNMLQKKIKGFHD88CC,15,193.31,住宅，停車空間,鋼筋混凝土造,100年1月12日,四層,,
RPPNMLQKKIKGFHD48CC,7,61.08,集合住宅,鋼筋混凝土造,108年1月21日,五層,,
RPPNMLQKKIKGFHD48CC,7,35.29,停車空間，樓梯間,鋼筋混凝土造,108年1月21日,五層,,
RPRNMLQKKIKGFHD68CC,31,92.06,國民住宅,鋼筋混凝土造,83年9月23日,八層,,
RPRNMLQKKIKGFHD68CC,31,13.69,梯間，機械室，水箱,鋼筋混凝土造,83年9月23日,八層,,
RPRNMLQKKIKGFHD68CC,31,12.29,,鋼筋混凝土造,83年9月23日,八層,,
RPRNMLQKKIKGFGD58CC,30,94.84,住家用,鋼筋混凝土造,84年6月22日,十二層,,
RPVNMLQKKIKGFHD09CC,10,54.33,集合住宅,鋼筋混凝土造,105年5月11日,七層,,
RPRNMLQKKIKGFGD58CC,30,27.47,共同使用部份,鋼筋混凝土造,84年6月22日,十二層,,
RPVNMLQKKIKGFHD09CC,10,28.87,停車空間，梯間，門廳，管委會使用空間，樓梯間，水箱，機械室,鋼筋混凝土造,105年5月11日,七層,,
RPQNMLQKKIKGFHD58CC,7,85.99,集合住宅,鋼筋混凝土造,107年11月22日,十三層,,
RPQNMLQKKIKGFHD58CC,7,75.21,停車空間、公共空間、公共服務空間、門廊、樓梯間、排煙室、機械室、水箱,鋼筋混凝土造,107年11月22日,十三層,,
RPWNMLQKKIKGFHD56CC,18,72.06,住家用,鋼筋混凝土造,96年9月27日,十二層,,
RPPNMLQKKIKGFID58CC,19,16.50,住家用,鋼筋混凝土造,96年4月20日,三層,,
RPWNMLQKKIKGFHD56CC,18,9.75,水箱，樓梯間，機械室,鋼筋混凝土造,96年9月27日,十二層,,
RPUNMLQKKIKGFHD98CC,44,113.12,住家用,加強磚造,70年12月5日,二層,,
RPWNMLQKKIKGFHD56CC,18,31.40,防空避難室兼停車空間、管理室、門廊,鋼筋混凝土造,96年9月27日,一層,,
RPTNMLQKKIKGFID98CC,30,81.08,住商用,鋼筋混凝土造,84年8月21日,四層,,
RPQNMLQKKIKGFID68CC,16,105.65,住家用,鋼筋混凝土造,99年4月22日,十四層,,
RPPNMLQKKIKGFKD78CC,31,61.06,住家用,鋼筋混凝土造,84年3月31日,十五層,,
RPSNMLQKKIKGFID88CC,22,14.88,住家用,鋼筋混凝土造,92年9月10日,十層,,
RPPNMLQKKIKGFKD78CC,31,24.81,共同使用部份,鋼筋混凝土造,84年3月31日,十五層,,
RPQNMLQKKIKGFID68CC,16,62.92,本共有部分之項目有管委會使用空間、防空避難室兼停車空間、梯間、機械室、水箱、突出物１、２層。,鋼筋混凝土造,99年4月22日,十四層,,
RPPNMLQKKIKGFKD78CC,31,2.22,共同使用部份,鋼筋混凝土造,84年3月31日,十五層,,
RPPNMLQKKIKGFKD78CC,31,6.97,本共有部分之項目有走廊，電錶室等２項,鋼筋混凝土造,84年3月31日,十五層,,
RPRNMLQKKIKGFKD98CC,26,93.11,住家用,鋼筋混凝土造,88年8月24日,十四層,,
RPRNMLQKKIKGFKD98CC,26,2.48,共同使用部份,鋼筋混凝土造,88年8月24日,十四層,,
RPUNMLQKKIKGFID09CC,18,8.04,辦公室,鋼筋混凝土造,96年9月20日,四層,,
RPRNMLQKKIKGFKD98CC,26,4.84,共同使用部份,鋼筋混凝土造,88年8月24日,十四層,,
RPUNMLQKKIKGFID09CC,18,1.01,共同使用部份,鋼筋混凝土造,96年9月20日,四層,,
RPRNMLQKKIKGFKD98CC,26,18.07,共同使用部份,鋼筋混凝土造,88年8月24日,十四層,,
RPUNMLQKKIKGFID09CC,18,5.10,共同使用部份,鋼筋混凝土造,96年9月20日,四層,,
RPQNMLQKKIKGFKD88CC,41,71.29,住家用,鋼筋混凝土造,73年10月1日,四層,,
RPQNMLQKKIKGFKD88CC,41,21.51,共同使用部份,鋼筋混凝土造,73年10月1日,四層,,
RPVNMLQKKIKGFKD76CC,11,19.34,住家用,鋼筋混凝土構造,104年5月18日,三層,,
RPQNMLQKKIKGFKD88CC,41,6.50,共同使用部份,鋼筋混凝土造,73年10月1日,四層,,
RPSNMLQKKIKGFKD09CC,32,75.69,住家用,鋼筋混凝土造,82年8月27日,十六層,,
RPSNMLQKKIKGFKD09CC,32,15.18,樓梯、電梯、走道。,鋼筋混凝土造,82年8月27日,十六層,,
RPUNMLQKKIKGFKD66CC,11,26.89,住家用,鋼筋混凝土構造,104年5月18日,三層,,
RPSNMLQKKIKGFKD09CC,32,10.02,避難室兼停車空間、梯間、清水池、配電室、門廊、消防泵浦間、交誼廳、乒乓球室。,鋼筋混凝土造,82年8月27日,十六層,,
RPTNMLQKKIKGFKD56CC,30,70.23,住家用,鋼筋混凝土造,84年9月8日,十九層,,
RPTNMLQKKIKGFKD56CC,30,24.07,共同使用部份,鋼筋混凝土造,84年9月8日,十九層,,
RPXNMLQKKIKGFKD96CC,8,9.41,住家用,鋼筋混凝土構造,107年4月2日,五層,,
RPXNMLQKKIKGFKD96CC,8,4.19,本共有部分之項目有：電梯間，樓梯間及水箱等３項,鋼筋混凝土構造,107年4月2日,五層,,
RPOOMLQKKIKGFKD78CC,17,45.02,住商用,鋼筋混凝土造,97年10月30日,四層,,
RPQOMLQKKIKGFKD98CC,8,9.42,住家用,鋼筋混凝土構造,107年4月2日,五層,,
RPWNMLQKKIKGFKD86CC,8,9.42,住家用,鋼筋混凝土構造,107年4月2日,五層,,
RPQOMLQKKIKGFKD98CC,8,4.19,本共有部分之項目有：電梯間，樓梯間及水箱等３項,鋼筋混凝土構造,107年4月2日,五層,,
RPWNMLQKKIKGFKD86CC,8,4.19,本共有部分之項目有：電梯間，樓梯間及水箱等３項,鋼筋混凝土構造,107年4月2日,五層,,
RPPOMLQKKIKGFKD88CC,8,9.42,住家用,鋼筋混凝土構造,107年4月2日,五層,,
RPPOMLQKKIKGFKD88CC,8,4.19,本共有部分之項目有：電梯間，樓梯間及水箱等３項,鋼筋混凝土構造,107年4月2日,五層,,
RPSOMLQKKIKGFKD56CC,31,86.61,住家用,鋼筋混凝土造,83年11月8日,十七層,,
RPROMLQKKIKGFKD09CC,33,168.80,住家用,鋼筋混凝土造,81年11月17日,四層,,
RPSOMLQKKIKGFKD56CC,31,12.75,共同使用部份,鋼筋混凝土造,83年11月8日,十七層,,
RPSOMLQKKIKGFKD56CC,31,17.19,共同使用部份,鋼筋混凝土造,83年11月8日,十七層,,
RPTOMLQKKIKGFKD66CC,17,15.97,住商用,鋼筋混凝土造,97年10月30日,四層,,
RPVOMLQKKIKGFKD86CC,33,63.46,住家用,鋼筋混凝土造,81年11月30日,九層,,
RPVOMLQKKIKGFKD86CC,33,23.19,共同使用部份,鋼筋混凝土造,81年11月30日,九層,,
RPUOMLQKKIKGFKD76CC,44,69.44,住家用,鋼筋混凝土造,71年2月22日,五層,,
RPUOMLQKKIKGFKD76CC,44,2.51,共同使用部份,鋼筋混凝土造,71年2月22日,五層,,
RPUOMLQKKIKGFKD76CC,44,1.68,共同使用部份,鋼筋混凝土造,71年2月22日,五層,,
RPUOMLQKKIKGFKD76CC,44,1.40,共同使用部份,鋼筋混凝土造,71年2月22日,五層,,
RPUOMLQKKIKGFKD76CC,44,2.29,共同使用部份,鋼筋混凝土造,71年2月22日,五層,,
RPUOMLQKKIKGFKD76CC,44,.58,共同使用部份,鋼筋混凝土造,71年2月22日,五層,,
RPUOMLQKKIKGFKD76CC,44,4.38,共同使用部份,鋼筋混凝土造,71年2月22日,五層,,
RPQNMLRKKIKGFAD97CC,19,26.69,集合住宅,ＲＣ造,95年7月13日,十一層,,
RPQNMLRKKIKGFAD97CC,19,4.30,共同使用部份,ＲＣ造,95年7月13日,十一層,,
RPQNMLRKKIKGFAD97CC,19,7.13,共同使用部份,ＲＣ造,95年7月13日,十一層,,
RPQNMLRKKIKGFAD97CC,19,.01,共同使用部份,ＲＣ造,95年7月13日,十一層,,
RPPNMLQKKIKGFKD88DC,9,52.78,店舖，住宅,鋼筋混凝土構造,105年8月29日,十五層,,
RPRNMLRKKIKGFAD08CC,1,62.68,集合住宅,鋼筋混凝土造,114年3月7日,十層,,
RPRNMLRKKIKGFAD08CC,1,46.23,本共有部分之項目有防空避難室兼停車空間、停車空間、管理維護使用空間、梯間、水塔等五項。,鋼筋混凝土造,114年3月7日,十層,,
RPVNMLRKKIKGFAD48CC,23,97.02,集合住宅,鋼筋混凝土造,91年12月27日,十三層,,
RPXNMLRKKIKGFAD68CC,20,254.79,住宅、停車空間,ＲＣ造,94年7月18日,五層,,
RPVNMLRKKIKGFAD48CC,23,45.36,共同使用部份,鋼筋混凝土造,91年12月27日,十三層,,
RPSNMLRKKIKGFAD18CC,30,108.50,住家用,鋼筋混凝土造,84年8月19日,十六層,,
RPSNMLRKKIKGFAD18CC,30,14.70,共同使用部份,鋼筋混凝土造,84年8月19日,十六層,,
RPSNMLRKKIKGFAD18CC,30,14.50,共同使用部份,鋼筋混凝土造,84年8月19日,十六層,,
RPTNMLRKKIKGFAD28CC,41,25.74,住家用,鋼筋混凝土造,73年6月13日,五層,,
RPTNMLRKKIKGFAD28CC,41,9.05,共同使用部份,鋼筋混凝土造,73年6月13日,五層,,
RPWNMLRKKIKGFAD58CC,20,58.56,住宅、停車空間,ＲＣ造,94年7月18日,五層,,
RPUNMLRKKIKGFAD38CC,25,25.66,集合住宅,鋼筋混凝土造,89年11月20日,十四層,,
RPUNMLRKKIKGFAD38CC,25,7.45,共同使用部份,鋼筋混凝土造,89年11月20日,十四層,,
RPQOMLRKKIKGFAD08CC,30,233.88,住商用,鋼筋混凝土造,84年7月22日,五層,,
RPROMLRKKIKGFAD18CC,11,17.77,住家用,鋼筋混凝土構造,104年3月31日,三層,,
RPWOMLQKKIKGFKD96CC,7,58.19,住家用,鋼筋混凝土構造,107年12月14日,十八層,,
RPWOMLQKKIKGFKD96CC,7,69.52,本共有部分之項目有停車空間、台電配電室、防空避難室兼停車空間、梯間、公共服務空間、車道、防災中心、緩衝空間、頂蓋型沿街步道式開放空間、頂蓋型廣場式開放空間、樓梯間、水箱及機房等１３項,鋼筋混凝土構造,107年12月14日,十八層,,
RPSOMLRKKIKGFAD28CC,31,13.32,住家用,鋼筋混凝土造,83年6月24日,四層,,
RPPOMLRKKIKGFAD97CC,44,81.53,住家用,鋼筋混凝土造,70年10月17日,五層,,
RPQNMLRKKIKGFBD08CC,44,91.74,集合住宅,鋼筋混凝土造,70年9月7日,四層,,
RPPOMLRKKIKGFAD97CC,44,12.56,共同使用部份,鋼筋混凝土造,70年10月17日,五層,,
RPQNMLRKKIKGFBD08CC,44,3.13,避難室,鋼筋混凝土造,70年9月7日,四層,,
RPQNMLRKKIKGFBD08CC,44,7.81,共同使用部份,鋼筋混凝土造,70年9月7日,四層,,
RPPNMLRKKIKGFCD08CC,10,59.43,集合住宅,鋼筋混凝土造,105年3月28日,五層,,
RPPNMLRKKIKGFCD08CC,10,6.08,本共有部分之項目有停車空間、管理委員會使用空間等２項,鋼筋混凝土造,105年3月28日,五層,,
RPPNMLRKKIKGFCD08CC,10,19.25,本共有部分之項目有走廊、樓梯間、梯廳、昇降機、機械室、水箱等６項,鋼筋混凝土造,105年3月28日,五層,,
RPRNMLRKKIKGFCD28CC,31,76.95,住家用,鋼筋混凝土造,83年7月23日,九層,,
RPSNMLRKKIKGFCD38CC,42,69.66,集合住宅,鋼筋混凝土造,72年7月18日,五層,,
RPRNMLRKKIKGFCD28CC,31,52.03,共同使用部份,鋼筋混凝土造,83年7月23日,九層,,
RPSNMLRKKIKGFCD38CC,42,5.79,共同使用部份,鋼筋混凝土造,72年7月18日,五層,,
RPQNMLRKKIKGFCD18CC,32,46.16,住家用,鋼筋混凝土造,83年2月7日,六層,,
RPQNMLRKKIKGFCD18CC,32,19.36,共同使用部份,鋼筋混凝土造,83年2月7日,六層,,
RPPNMLRKKIKGFHD58CC,15,79.92,住家用,鋼筋混凝土造,100年4月7日,一層,,
RPSNMLRKKIKGFHD88CC,12,18.00,住家用,鋼筋混凝土造,102年12月2日,五層,,
RPQNMLRKKIKGFHD68CC,11,18.00,停車空間，住宅,鋼筋混凝土造,104年3月3日,四層,,
RPVNMLRKKIKGFHD56CC,3,113.51,住家用,鋼筋混凝土造,111年6月29日,三層,,
RPRNMLRKKIKGFHD78CC,4,57.22,集合住宅,鋼筋混凝土造,110年9月1日,十五層,,
RPTNMLRKKIKGFHD98CC,10,18.00,住家用,鋼筋混凝土造,104年11月10日,四層,,
RPRNMLRKKIKGFHD78CC,4,26.98,停車空間、門廊、管理維護空間、垃圾儲存空間、資源回收專區、樓梯間、昇降機間、機械室、水塔,鋼筋混凝土造,110年9月1日,十五層,,
RPUNMLRKKIKGFHD09CC,31,89.15,住家用,鋼筋混凝土造,84年5月31日,八層,,
RPUNMLRKKIKGFHD09CC,31,24.57,防空避難室、受電室、停車空間、廣場、機械室、水箱，梯間,鋼筋混凝土造,84年5月31日,八層,,
RPQNMLRKKIKGFKD98CC,9,69.58,住家用,鋼筋混凝土構造,105年10月26日,二十三層,,
RPQNMLRKKIKGFKD98CC,9,39.55,本共有部分之項目有防空避難室兼停車空間，門廳，門廊，管理委員會使用空間，防災中心，車道，梯間，設備空間，樓梯間，機械房，水箱等１１項,鋼筋混凝土構造,105年10月26日,二十三層,,
RPPNMLRKKIKGFKD88CC,32,19.70,住家用,鋼筋混凝土造,82年8月27日,十五層,,
RPPNMLRKKIKGFKD88CC,32,5.22,共同使用部份,鋼筋混凝土造,82年8月27日,十五層,,
RPPNMLRKKIKGFKD88CC,32,2.95,避難室兼停車空間、梯間、清水池、配電室、門廊、消防泵浦間、交誼廳、乒乓球室。,鋼筋混凝土造,82年8月27日,十六層,,
RPSNMLRKKIKGFKD56CC,32,25.56,住家用,鋼筋混凝土造,82年12月30日,九層,,
RPSNMLRKKIKGFKD56CC,32,13.24,共同使用部份,鋼筋混凝土造,82年12月30日,九層,,
RPRNMLRKKIKGFKD09CC,32,28.20,住家用,鋼筋混凝土造,82年7月16日,七層,,
RPRNMLRKKIKGFKD09CC,32,2.31,共同使用部份,鋼筋混凝土造,82年7月16日,七層,,
RPRNMLRKKIKGFKD09CC,32,6.24,共同使用部份,鋼筋混凝土造,82年7月16日,七層,,
RPTNMLRKKIKGFKD66CC,5,69.66,集合住宅,鋼筋混凝土構造,110年2月4日,二十一層,,
RPTNMLRKKIKGFKD66CC,5,56.12,共有部分之項目：有門廊，樓梯間，陽台，機械室，水箱，防空避難室兼停車空間，停車空間等７項,鋼筋混凝土構造,110年2月4日,二十一層,,
RPVNMLRKKIKGFCD68CC,44,79.36,住家用,加強磚造,70年7月16日,二層,,
RPQNMLRKKIKGFID78CC,5,58.01,集合住宅,鋼筋混凝土構造,110年3月15日,二十四層,,
RPQNMLRKKIKGFID78CC,5,46.72,本共有部分之項目有管委會使用空間、停車空間、機電設備空間、防空避難室兼停車空間、台電配電場所、自來水箱、車道、門廳、儲藏室、機房、樓梯間、消防水箱等１２項,鋼筋混凝土構造,110年3月15日,二十四層,,
RPTNMLRKKIKGFCD48CC,40,38.05,住商用,鋼筋混凝土造,74年12月27日,四層,,
RPVNMLRKKIKGFKD86CC,3,59.17,集合住宅,鋼筋混凝土構造,112年3月9日,十五層,,
RPVNMLRKKIKGFKD86CC,3,63.17,本共有部分之項目有：防空避難室兼停車空間，停車空間，垃圾車暫停區，無障礙廁所，公共服務空間，垃圾儲藏室，車道，門廊，梯間，管委會空間，樓電梯間，樓梯間，水箱，昇降機機房等１４項,鋼筋混凝土構造,112年3月9日,十五層,,
RPXNMLRKKIKGFCD88CC,33,79.20,住家用,鋼筋混凝土造,81年6月13日,六層,,
RPXNMLRKKIKGFKD07CC,30,63.44,住家用,鋼筋混凝土造,85年5月22日,十一層,,
RPXNMLRKKIKGFKD07CC,30,33.69,共同使用部份,鋼筋混凝土造,85年5月22日,十六層,,
RPRNMLRKKIKGFID88CC,16,125.92,住家用,鋼筋混凝土造,99年1月27日,十三層,,
RPXNMLRKKIKGFCD88CC,33,22.14,共同使用部份,鋼筋混凝土造,81年6月13日,六層,,
RPRNMLRKKIKGFID88CC,16,71.41,本共有部分之項目有防空避難室兼停車空間、管委會使用空間、突出物１、２層、梯間、機械室、水箱。,鋼筋混凝土造,99年1月27日,十三層,,
RPWNMLRKKIKGFCD78CC,32,85.33,住家用,鋼筋混凝土造,82年11月25日,八層,,
RPWNMLRKKIKGFCD78CC,32,29.84,共同使用部份,鋼筋混凝土造,82年11月25日,八層,,
RPOOMLRKKIKGFCD08CC,35,78.15,住家用,鋼筋混凝土造,80年5月18日,十一層,,
RPOOMLRKKIKGFCD08CC,35,7.87,共同使用部份,鋼筋混凝土造,80年5月18日,十一層,,
RPOOMLRKKIKGFCD08CC,35,18.48,共同使用部份,鋼筋混凝土造,80年5月18日,十一層,,
RPOOMLRKKIKGFCD08CC,35,22.99,共同使用部份,鋼筋混凝土造,80年5月18日,十一層,,
RPOOMLRKKIKGFCD08CC,35,.72,共同使用部份,鋼筋混凝土造,80年5月18日,十一層,,
RPPNMLSKKIKGFAD97CC,21,33.05,店舖、住宅,鋼筋混凝土造,93年11月8日,五層,,
RPPNMLRKKIKGFAD97DC,26,87.59,集合住宅,鋼筋混凝土造,88年11月6日,十四層,,
RPPNMLRKKIKGFAD97DC,26,43.33,共同使用部份,鋼筋混凝土造,88年11月6日,十四層,,
RPUNMLRKKIKGFCD58CC,30,65.26,住家用,鋼筋混凝土造,84年11月6日,二十層,,
RPPNMLRKKIKGFAD97DC,26,2.79,共同使用部份,鋼筋混凝土造,88年11月6日,十四層,,
RPUNMLRKKIKGFCD58CC,30,13.69,共同使用部份,鋼筋混凝土造,84年11月6日,二十層,,
RPUNMLRKKIKGFCD58CC,30,35.43,共同使用部份,鋼筋混凝土造,84年11月6日,二十層,,
RPSNMLSKKIKGFAD28CC,22,95.50,集合住宅,鋼筋混凝土造,93年3月29日,十層,,
RPRNMLSKKIKGFAD18CC,35,91.01,住家用,鋼筋混凝土造,80年2月9日,九層,,
RPRNMLSKKIKGFAD18CC,35,36.30,共同使用部份,鋼筋混凝土造,80年2月9日,九層,,
RPSNMLSKKIKGFAD28CC,22,48.53,共同使用部份,鋼筋混凝土造,93年3月29日,十一層,,
RPQNMLSKKIKGFAD08CC,5,55.85,集合住宅,鋼筋混凝土構造,110年5月3日,十八層,,
RPQNMLSKKIKGFAD08CC,5,28.62,本共有部分之項目有防災中心、停車空間、機電設備空間、防空避難室兼停車空間、台電配電場所、自來水箱、車道、門廳、儲藏室、樓梯間、梯廳、昇降梯、屋頂平台等１３項。,鋼筋混凝土構造,110年5月3日,十八層,,
RPTNMLSKKIKGFAD38CC,22,97.36,集合住宅,鋼筋混凝土造,92年9月16日,十四層,,
RPUNMLSKKIKGFAD48CC,28,95.12,住家用,鋼筋混凝土造,87年1月5日,二十六層,,
RPTNMLSKKIKGFAD38CC,22,33.38,管理室等,鋼筋混凝土造,92年9月16日,十四層,,
RPPNMLRKKIKGFHD68DC,7,166.12,集合住宅、停車空間,鋼筋混凝土造,107年9月27日,四層,,
RPUNMLSKKIKGFAD48CC,28,28.36,共同使用部份,鋼筋混凝土造,87年1月5日,二十六層,,
RPUNMLSKKIKGFAD48CC,28,19.31,共同使用部份,鋼筋混凝土造,87年1月5日,二十六層,,
RPPNMLRKKIKGFHD68DC,7,.67,管委會使用空間、環保室,鋼筋混凝土造,107年9月27日,一層,,
RPTNMLSKKIKGFAD38CC,22,18.16,公共設施,鋼筋混凝土造,92年9月16日,十四層,,
RPWNMLSKKIKGFAD68CC,51,61.23,住家用,加強磚造,64年6月12日,二層,,
RPVNMLSKKIKGFAD58CC,18,49.85,集合住宅,鋼筋混凝土造,96年7月19日,十四層,,
RPVNMLSKKIKGFAD58CC,18,9.83,共同使用部份,鋼筋混凝土造,96年7月19日,十四層,,
RPVNMLSKKIKGFAD58CC,18,11.43,共同使用部份,鋼筋混凝土造,96年7月19日,十四層,,
RPXNMLSKKIKGFAD78CC,30,60.41,住家用,鋼筋混凝土造,84年9月12日,十八層,,
RPXNMLSKKIKGFAD78CC,30,10.04,共同使用部份,鋼筋混凝土造,84年9月12日,十八層,,
RPXNMLSKKIKGFAD78CC,30,8.25,共同使用部份,鋼筋混凝土造,84年9月12日,十八層,,
RPOOMLSKKIKGFAD97CC,18,26.60,集合住宅,鋼筋混凝土構造,96年8月24日,十四層,,
RPOOMLSKKIKGFAD97CC,18,3.58,共同使用部份,鋼筋混凝土構造,96年8月24日,十四層,,
RPOOMLSKKIKGFAD97CC,18,6.87,共同使用部份,鋼筋混凝土構造,96年8月24日,十四層,,
RPUNMLSKKIKGFBD58CC,44,184.85,住商用,鋼筋混凝土造,70年8月22日,三層,,
RPQOMLSKKIKGFAD18CC,21,62.12,集合住宅,鋼筋混凝土造,93年8月30日,十層,,
RPPOMLSKKIKGFAD08CC,9,66.79,集合住宅,鋼筋混凝土構造,105年11月8日,十三層,,
RPQOMLSKKIKGFAD18CC,21,7.42,共同使用部份,鋼筋混凝土造,93年8月30日,十層,,
RPQOMLSKKIKGFAD18CC,21,10.41,共同使用部份,鋼筋混凝土造,93年8月30日,十層,,
RPQNMLSKKIKGFBD18CC,44,89.67,集合住宅,鋼筋混凝土造,70年9月7日,四層,,
RPPOMLSKKIKGFAD08CC,9,47.74,本共有部分之項目有：防空避難室兼停車空間、停車空間、門廊、樓梯間、梯廳、管理維護空間、機械室、水塔等８項。,鋼筋混凝土構造,105年11月8日,十三層,,
RPQNMLSKKIKGFBD18CC,44,3.50,共同使用部份,鋼筋混凝土造,70年9月7日,四層,,
RPQNMLSKKIKGFBD18CC,44,8.08,共同使用部份,鋼筋混凝土造,70年9月7日,四層,,
RPPNMLSKKIKGFBD08CC,31,56.25,住家用,鋼筋混凝土造,83年6月29日,十一層,,
RPPNMLSKKIKGFBD08CC,31,13.10,屋頂突出物、防空避難室、停車空間、貯藏室、樓梯間,鋼筋混凝土造,83年6月29日,十一層,,
RPTNMLSKKIKGFCD58CC,25,77.08,住家用,鋼筋混凝土造,89年10月5日,九層,,
RPTNMLSKKIKGFCD58CC,25,47.94,共同使用部份,鋼筋混凝土造,89年10月5日,九層,,
RPQNMLSKKIKGFCD28CC,46,56.23,住家用,鋼筋混凝土造,68年12月14日,五層,,
RPQNMLSKKIKGFCD28CC,46,11.71,共同使用部份,鋼筋混凝土造,68年12月14日,五層,,
RPSNMLSKKIKGFCD48CC,42,80.56,住家用,鋼筋混凝土造,72年12月14日,七層,,
RPSNMLSKKIKGFCD48CC,42,31.45,共同使用部份,鋼筋混凝土造,72年12月14日,七層,,
RPPNMLSKKIKGFCD18CC,44,88.61,住家用,鋼筋混凝土造,71年2月23日,五層,,
RPPNMLSKKIKGFCD18CC,44,12.06,共同使用部份,鋼筋混凝土造,71年2月23日,五層,,
RPUNMLSKKIKGFCD68CC,64,139.74,住家用,加強磚造,50年12月10日,二層,,
RPRNMLSKKIKGFBD28CC,30,137.55,住家用,鋼筋混凝土造,84年9月1日,三層,,
RPPOMLSKKIKGFCD28CC,46,90.13,住家用,加強磚造,69年1月10日,二層,,
RPVNMLSKKIKGFCD78CC,30,28.33,住家用,鋼筋混凝土造,85年2月3日,十六層,,
RPVNMLSKKIKGFCD78CC,30,4.64,共同使用部份,鋼筋混凝土造,85年2月3日,十六層,,
RPVNMLSKKIKGFCD78CC,30,4.24,共同使用部份,鋼筋混凝土造,85年2月3日,十六層,,
RPRNMLSKKIKGFCD38CC,30,90.16,住家用,鋼筋混凝土造,85年2月16日,八層,,
RPRNMLSKKIKGFCD38CC,30,27.79,共同使用部份,鋼筋混凝土造,85年2月16日,八層,,
RPQOMLSKKIKGFCD38CC,43,146.00,住商用,鋼筋混凝土造,72年5月20日,三層,,
RPOOMLSKKIKGFCD18CC,26,25.72,住家用,鋼筋混凝土造,88年8月5日,十二層,,
RPOOMLSKKIKGFCD18CC,26,4.93,共同使用部份,鋼筋混凝土造,88年8月5日,十二層,,
RPOOMLSKKIKGFCD18CC,26,5.90,共同使用部份,鋼筋混凝土造,88年8月5日,十二層,,
RPWNMLSKKIKGFCD88CC,47,19.85,住商用,鋼筋混凝土造,68年4月26日,三層,,
RPXNMLSKKIKGFCD98CC,30,77.43,住家用,鋼筋混凝土造,84年8月10日,九層,,
RPXNMLSKKIKGFCD98CC,30,7.56,共同使用部份,鋼筋混凝土造,84年8月10日,九層,,
RPXNMLSKKIKGFCD98CC,30,10.31,共同使用部份,鋼筋混凝土造,84年8月10日,九層,,
RPQNMLSKKIKGFID88CC,33,92.40,住家用,鋼筋混凝土造,82年2月19日,七層,,
RPQNMLSKKIKGFID88CC,33,19.37,共同使用部份,鋼筋混凝土造,82年2月19日,七層,,
RPQNMLSKKIKGFID88CC,33,3.11,共同使用部份,鋼筋混凝土造,82年2月19日,七層,,
RPQNMLSKKIKGFID88CC,33,4.22,共同使用部份,鋼筋混凝土造,82年2月19日,七層,,
RPQNMLSKKIKGFID88CC,33,3.28,共同使用部份,鋼筋混凝土造,82年2月19日,七層,,
RPQNMLSKKIKGFID88CC,33,3.29,共同使用部份,鋼筋混凝土造,82年2月19日,七層,,
RPQNMLSKKIKGFID88CC,33,2.96,共同使用部份,鋼筋混凝土造,82年2月19日,七層,,
RPQNMLSKKIKGFID88CC,33,2.64,共同使用部份,鋼筋混凝土造,82年2月19日,七層,,
RPWNMLSKKIKGFID86CC,8,25.00,住宅、停車空間,鋼筋混凝土構造,106年7月25日,四層,,
RPXNMLSKKIKGFID96CC,8,20.00,住宅、停車空間,鋼筋混凝土構造,106年7月25日,四層,,
RPQNMLSKKIKGFKD09CC,33,94.79,住家用,鋼筋混凝土造,82年3月10日,十一層,,
RPRNMLSKKIKGFID98CC,16,105.65,住家用,鋼筋混凝土造,99年4月22日,十四層,,
RPRNMLSKKIKGFID98CC,16,62.92,本共有部分之項目有管委會使用空間、防空避難室兼停車空間、梯間、機械室、水箱、突出物１、２層。,鋼筋混凝土造,99年4月22日,十四層,,
RPQNMLSKKIKGFKD09CC,33,18.69,共同使用部份,鋼筋混凝土造,82年3月10日,十一層,,
RPQNMLSKKIKGFKD09CC,33,12.06,共同使用部份,鋼筋混凝土造,82年3月10日,十一層,,
RPPNMLSKKIKGFHD68CC,40,64.31,住家用,加強磚造,74年10月16日,二層,,
RPTNMLSKKIKGFKD76CC,50,93.50,住商用,加強磚造,64年8月12日,二層,,
RPRNMLSKKIKGFKD56CC,26,23.54,住家用,鋼筋混凝土造,88年8月24日,十四層,,
RPRNMLSKKIKGFKD56CC,26,.57,共同使用部份,鋼筋混凝土造,88年8月24日,十四層,,
RPRNMLSKKIKGFKD56CC,26,1.04,共同使用部份,鋼筋混凝土造,88年8月24日,十四層,,
RPRNMLSKKIKGFKD56CC,26,6.20,共同使用部份,鋼筋混凝土造,88年8月24日,十四層,,
RPPNMLTKKIKGFAD08CC,37,27.95,住家用,鋼筋混凝土造,78年1月12日,五層,,
RPSNMLSKKIKGFKD66CC,29,69.27,住家用,鋼筋混凝土造,85年11月22日,十三層,,
RPPNMLTKKIKGFAD08CC,37,5.07,共同使用部份,鋼筋混凝土造,78年1月12日,五層,,
RPSNMLSKKIKGFKD66CC,29,20.34,共同使用部份,鋼筋混凝土造,85年11月22日,十三層,,
RPQNMLTKKIKGFAD18CC,3,57.58,集合住宅,鋼筋混凝土構造,111年10月13日,十五層,,
RPQNMLTKKIKGFAD18CC,3,63.22,本共有部分之項目有停車空間、台電配電場所、防空避難室兼停車空間、梯廳、管委會空間、公共服務空間、水箱、樓梯間、機房、門廊、車道、陽台等１２項,鋼筋混凝土構造,111年10月13日,十五層,,
RPWNMLSKKIKGFKD07CC,44,69.44,住家用,鋼筋混凝土造,71年2月22日,五層,,
RPUNMLSKKIKGFKD86CC,31,40.48,辦公室。,鋼筋混凝土造,84年3月31日,十五層,,
RPWNMLSKKIKGFKD07CC,44,2.51,共同使用部份,鋼筋混凝土造,71年2月22日,五層,,
RPWNMLSKKIKGFKD07CC,44,1.68,共同使用部份,鋼筋混凝土造,71年2月22日,五層,,
RPUNMLSKKIKGFKD86CC,31,8.86,共同使用部份,鋼筋混凝土造,84年3月31日,十五層,,
RPWNMLSKKIKGFKD07CC,44,1.40,共同使用部份,鋼筋混凝土造,71年2月22日,五層,,
RPWNMLSKKIKGFKD07CC,44,2.29,共同使用部份,鋼筋混凝土造,71年2月22日,五層,,
RPWNMLSKKIKGFKD07CC,44,.58,共同使用部份,鋼筋混凝土造,71年2月22日,五層,,
RPWNMLSKKIKGFKD07CC,44,4.38,共同使用部份,鋼筋混凝土造,71年2月22日,五層,,
RPSNMLTKKIKGFAD38CC,9,58.14,集合住宅,鋼筋混凝土構造,105年11月9日,二十七層,,
RPSNMLTKKIKGFAD38CC,9,60.07,本共有部分之項目有：樓梯間、機房、水箱、特別安全梯、梯廳、排煙管道、排煙室、行動不便電梯、緊急升降機、管道間、進風管道、防空避難室、停車空間、管委會使用空間,鋼筋混凝土構造,105年11月9日,二十七層,,
RPUNMLTKKIKGFAD58CC,33,107.26,集合住宅,鋼筋混凝土造,82年2月2日,五層,,
RPUNMLTKKIKGFAD58CC,33,7.46,共同使用部份,鋼筋混凝土造,82年2月2日,五層,,
RPRNMLTKKIKGFAD28CC,1,95.61,集合住宅,鋼筋混凝土造,114年3月13日,二十四層,,
RPTNMLTKKIKGFAD48CC,41,138.04,住家用,加強磚造,73年12月22日,二層,,
RPRNMLTKKIKGFAD28CC,1,78.30,本共有部分之項目有停車空間、台電配電室、垃圾處理室、消房中繼機房、防空避難室兼停車空間、消防機械室、梯間、水箱、機械室等９項,鋼筋混凝土造,114年3月13日,二十四層,,
RPVNMLTKKIKGFAD68CC,17,14.61,住宅、停車空間,鋼筋混凝土造,97年7月22日,四層,,
RPOOMLTKKIKGFAD08CC,30,29.77,住家用,鋼筋混凝土造,84年7月4日,十八層,,
RPOOMLTKKIKGFAD08CC,30,36.94,共同使用部份,鋼筋混凝土造,84年7月4日,十八層,,
RPPOMLTKKIKGFAD18CC,1,51.65,集合住宅,鋼骨鋼筋混凝土造、鋼筋混凝土造,114年4月15日,三十四層,,
RPPOMLTKKIKGFAD18CC,1,57.92,本共有部分之項目有管委會使用空間、門廳、機電設備空間、防災中心、儲藏室、樓梯間、消防水箱、防空避難室兼停車空間、車道、停車空間、自來水箱、梯廳、陽台、電信機房等１４項。,鋼骨鋼筋混凝土造、鋼筋混凝土造,114年4月15日,三十四層,,
RPQOMLTKKIKGFAD28CC,34,36.51,住家用,鋼筋混凝土造,80年9月6日,七層,,
RPQOMLTKKIKGFAD28CC,34,16.90,共同使用部份,鋼筋混凝土造,80年9月6日,七層,,
RPPNMLTKKIKGFBD18CC,44,86.86,住商用,鋼筋混凝土造,70年8月22日,三層,,
RPSNMLTKKIKGFBD48CC,44,91.72,集合住宅,鋼筋混凝土造,70年9月7日,四層,,
RPROMLTKKIKGFAD38CC,31,16.09,住家用,鋼筋混凝土造,83年12月16日,十三層,,
RPUOMLTKKIKGFAD68CC,30,112.73,住家用,鋼筋混凝土造,85年2月13日,二十七層,,
RPSNMLTKKIKGFBD48CC,44,3.58,共同使用部份,鋼筋混凝土造,70年9月7日,四層,,
RPUOMLTKKIKGFAD68CC,30,35.05,共同使用部份,鋼筋混凝土造,85年2月13日,二十七層,,
RPSNMLTKKIKGFBD48CC,44,8.08,共同使用部份,鋼筋混凝土造,70年9月7日,四層,,
RPSOMLTKKIKGFAD48CC,30,75.50,集合住宅,鋼筋混凝土造,84年7月11日,七層,,
RPTOMLTKKIKGFAD58CC,35,25.21,住家用,鋼筋混凝土造,79年9月17日,六層,,
RPSOMLTKKIKGFAD48CC,30,38.70,共同使用部份,鋼筋混凝土造,84年7月11日,七層,,
RPTOMLTKKIKGFAD58CC,35,7.72,共同使用部份,鋼筋混凝土造,79年9月17日,六層,,
RPROMLTKKIKGFAD38CC,31,5.58,共同使用部份,鋼筋混凝土造,83年12月16日,十三層,,
RPQNMLTKKIKGFBD28CC,6,56.59,集合住宅,鋼筋混凝土造,109年1月14日,十四層,,
RPQNMLTKKIKGFBD28CC,6,50.92,本共有部份之項目有：防空避難室兼停車空間、停車空間、管理維護空間、樓梯間、機械室、水塔、門廊、停車空間（車道）、排煙室、垃圾冷凍儲存空間、門廳共１１項。,鋼筋混凝土造,109年1月14日,十四層,,
RPQNMLTKKIKGFCD38CC,56,69.66,住家用,加強磚造,58年8月30日,二層,,
RPXNMLTKKIKGFAD88CC,44,44.82,住家用,鋼筋混凝土造,70年12月2日,六層,,
RPXNMLTKKIKGFAD88CC,44,9.99,共同使用部份,鋼筋混凝土造,70年12月2日,六層,,
RPXNMLTKKIKGFAD88CC,44,7.79,共同使用部份,鋼筋混凝土造,70年12月2日,,,
RPRNMLTKKIKGFBD38CC,4,58.69,集合住宅,鋼筋混凝土造,110年12月7日,十五層,,
RPRNMLTKKIKGFBD38CC,4,58.30,本共有部份之項目有：防空避難室兼停車空間、樓梯間、梯廳、排煙管道、機械室、水箱、公共服務空間、車道、管委會空間、資源回收區、陽台、停車空間共１２項,鋼筋混凝土造,110年12月7日,十五層,,
RPRNMLTKKIKGFCD48CC,30,86.33,住家用,鋼筋混凝土造,84年8月10日,九層,,
RPRNMLTKKIKGFCD48CC,30,8.70,共同使用部份,鋼筋混凝土造,84年8月10日,九層,,
RPRNMLTKKIKGFCD48CC,30,9.64,共同使用部份,鋼筋混凝土造,84年8月10日,九層,,
RPPNMLTKKIKGFID88CC,27,196.52,住商用,鋼造,88年1月21日,二層,,
RPSNMLTKKIKGFID56CC,35,174.56,住家用,鋼筋混凝土造,79年10月1日,四層,,
RPPNMLTKKIKGFHD78CC,1,65.38,集合住宅,鋼筋混凝土造,114年1月24日,六層,,
RPQNMLTKKIKGFID98CC,22,18.18,住家用,鋼筋混凝土造,92年9月10日,十層,,
RPPNMLTKKIKGFHD78CC,1,40.38,本共有部分之項目有停車空間、昇降機道、安全梯、梯廳、門廊、管理維護使用空間、消防機室、電信室、樓梯間等９項,鋼筋混凝土造,114年1月24日,六層,,
RPRNMLTKKIKGFID09CC,22,14.88,住家用,鋼筋混凝土造,92年9月10日,十層,,
RPTNMLTKKIKGFKD86CC,,85.12,集合住宅,鋼筋混凝土造,114年6月5日,十八層,,
RPTNMLTKKIKGFKD86CC,,68.45,本共有部分之項目有：停車空間，防空避難室兼停車空間，公共服務空間，門廊，頂蓋型開放空間，升降機，梯廳，機電設備空間，管委會使用空間，防災中心，車道，緊急升降梯，電樓梯間，機房，水箱等１５項,鋼筋混凝土造,114年6月5日,十八層,,
RPPNMLTKKIKGFKD09CC,20,9.13,辦公室,鋼筋混凝土造,94年7月8日,六層,,
RPPNMLTKKIKGFKD09CC,20,8.47,共同使用部份,鋼筋混凝土造,94年7月8日,六層,,
RPXOMLTKKIKGFCD56CC,31,113.56,住家用,鋼筋混凝土造,83年12月24日,四層,,
RPQNMLTKKIKGFKD56CC,8,13.49,住家用,鋼筋混凝土構造,107年4月2日,五層,,
RPXOMLTKKIKGFCD56CC,31,57.14,共同使用部份,鋼筋混凝土造,83年12月24日,四層,,
RPQNMLTKKIKGFKD56CC,8,6.01,本共有部分之項目有：電梯間，樓梯間及水箱等３項,鋼筋混凝土構造,107年4月2日,五層,,
RPXNMLTKKIKGFCD09CC,42,96.43,住家用,鋼筋混凝土造,72年12月16日,五層,,
RPXNMLTKKIKGFCD09CC,42,13.44,共同使用部份,鋼筋混凝土造,72年12月16日,五層,,
RPTNMLTKKIKGFID66CC,18,23.14,住家用,鋼筋混凝土造,97年3月10日,三層,,
RPROMLTKKIKGFCD58CC,44,85.82,集合住宅,鋼筋混凝土造,71年5月28日,五層,,
RPROMLTKKIKGFCD58CC,44,6.52,共同使用部份,鋼筋混凝土造,71年5月28日,五層,,
RPWOMLTKKIKGFCD09CC,42,75.25,住家用,鋼筋混凝土造,72年12月12日,五層,,
RPPOMLTKKIKGFCD38CC,18,23.20,住家用,鋼筋混凝土造,97年2月29日,十四層,,
RPWOMLTKKIKGFCD09CC,42,13.03,共同使用部份,鋼筋混凝土造,72年12月12日,五層,,
RPPOMLTKKIKGFCD38CC,18,33.57,共同使用部份,鋼筋混凝土造,97年2月29日,十四層,,
RPWNMLTKKIKGFCD98CC,3,24.57,集合住宅,鋼筋混凝土構造,111年6月1日,六層,,
RPSOMLTKKIKGFCD68CC,4,21.65,集合住宅,鋼筋混凝土構造,111年6月1日,六層,,
RPVOMLTKKIKGFCD98CC,5,219.68,住家用,鋼筋混凝土構造,109年7月23日,四層,,
RPPOMLTKKIKGFCD38CC,18,7.56,共同使用部份,鋼筋混凝土造,97年2月29日,十四層,,
RPTNMLTKKIKGFCD68CC,41,72.86,住家用,鋼筋混凝土造,73年12月21日,七層,,
RPWNMLTKKIKGFCD98CC,3,14.86,本共有部分之項目有：防空避難室兼停車空間、梯廳、安全梯、台電配電室、緊急發電機、電信室、消防機房、汙水機房、雨水機房、水箱、管理委員會空間、中央監控室、戶外安全梯、機房、管委會空間（走廊）、管委會空間等十六項。,鋼筋混凝土構造,111年6月1日,六層,,
RPOOMLTKKIKGFCD28CC,4,21.65,集合住宅,鋼筋混凝土構造,111年6月1日,六層,,
RPSOMLTKKIKGFCD68CC,4,13.11,本共有部分之項目有：防空避難室兼停車空間、梯廳、安全梯、台電配電室、緊急發電機、電信室、消防機房、汙水機房、雨水機房、水箱、管理委員會空間、中央監控室、戶外安全梯、機房、管委會空間（走廊）、管委會空間等十六項。,鋼筋混凝土構造,111年6月1日,六層,,
RPTNMLTKKIKGFCD68CC,41,15.61,共同使用部份,鋼筋混凝土造,73年12月21日,七層,,
RPOOMLTKKIKGFCD28CC,4,13.11,本共有部分之項目有：防空避難室兼停車空間、梯廳、安全梯、台電配電室、緊急發電機、電信室、消防機房、汙水機房、雨水機房、水箱、管理委員會空間、中央監控室、戶外安全梯、機房、管委會空間（走廊）、管委會空間等十六項。,鋼筋混凝土構造,111年6月1日,六層,,
RPVNMLTKKIKGFCD88CC,35,11.08,住家用,鋼筋混凝土造,80年1月21日,七層,,
RPVNMLTKKIKGFCD88CC,35,6.94,共同使用部份,鋼筋混凝土造,80年1月21日,七層,,
RPTOMLTKKIKGFCD78CC,6,107.98,集合住宅,鋼筋混凝土構造,108年8月23日,十三層,,
RPTOMLTKKIKGFCD78CC,6,84.30,本共有部份之項目有：防空避難室兼停車空間、停車空間、管委會空間、車道、樓梯間、機械室、水箱、公共服務空間、管理室、門廳、升降機、排煙室、安全梯、管道間、污物處理區、梯廳共十六項。,鋼筋混凝土構造,108年8月23日,十三層,,
RPRNMLTKKIKGFKD66CC,8,9.42,住家用,鋼筋混凝土構造,107年4月2日,五層,,
RPQOMLTKKIKGFCD48CC,21,28.60,住家用,ＲＣ造,93年7月12日,十四層,,
RPRNMLTKKIKGFKD66CC,8,4.19,本共有部分之項目有：電梯間，樓梯間及水箱等３項,鋼筋混凝土構造,107年4月2日,五層,,
RPQOMLTKKIKGFCD48CC,21,6.09,共同使用部份,ＲＣ造,93年7月12日,十四層,,
RPQOMLTKKIKGFCD48CC,21,3.42,共同使用部份,ＲＣ造,93年7月12日,十四層,,
RPUNMLTKKIKGFCD78CC,25,81.33,住商用,鋼筋混凝土造,89年11月28日,二十層,,
RPSNMLTKKIKGFCD58CC,32,112.27,住家用,鋼筋混凝土造,83年3月9日,七層,,
RPSNMLTKKIKGFCD58CC,32,1.25,共同使用部份,鋼筋混凝土造,83年3月9日,七層,,
RPSNMLTKKIKGFCD58CC,32,34.85,共同使用部份,鋼筋混凝土造,83年3月9日,七層,,
RPUNMLTKKIKGFKD96CC,51,75.98,住家用,加強磚造,64年4月21日,二層,,
RPVNMLTKKIKGFKD07CC,43,45.41,住家用,鋼筋混凝土造,71年9月24日,五層,,
RPVNMLTKKIKGFKD07CC,43,4.55,共同使用部份,鋼筋混凝土造,71年9月24日,見其他登記事項,,
RPVNMLTKKIKGFKD07CC,43,3.58,共同使用部份,鋼筋混凝土造,71年9月24日,五層,,
RPQOMLTKKIKGFKD66CC,18,103.94,住家用,鋼筋混凝土造,96年9月20日,十四層,,
RPQOMLTKKIKGFKD66CC,18,64.19,共同使用部份,鋼筋混凝土造,96年9月20日,十四層,,
RPPOMLTKKIKGFKD56CC,1,55.78,集合住宅,鋼筋混凝土造,114年6月5日,十八層,,
RPPOMLTKKIKGFKD56CC,1,49.93,本共有部分之項目有：停車空間，防空避難室兼停車空間，公共服務空間，門廊，頂蓋型開放空間，升降機，梯廳，機電設備空間，管委會使用空間，防災中心，車道，緊急升降梯，電樓梯間，機房，水箱等１５項,鋼筋混凝土造,114年6月5日,十八層,,
RPXNMLTKKIKGFKD27CC,33,60.80,住家用,鋼筋混凝土造,81年11月14日,六層,,
RPXNMLTKKIKGFKD27CC,33,21.38,共同使用部份,鋼筋混凝土造,81年11月14日,六層,,
RPQNMLLLKIKGFCD67CC,44,82.92,住家用,鋼筋混凝土造,71年2月1日,五層,,
RPXNMLTKKIKGFKD27CC,33,5.51,住家用,鋼筋混凝土造,81年11月14日,六層,,
RPQNMLLLKIKGFCD67CC,44,16.29,共同使用部份,鋼筋混凝土造,71年2月1日,五層,,
RPWNMLTKKIKGFKD17CC,33,65.06,住家用,鋼筋混凝土造,81年10月3日,十層,,
RPWNMLTKKIKGFKD17CC,33,5.91,共同使用部份,鋼筋混凝土造,81年10月3日,十層,,
RPWNMLTKKIKGFKD17CC,33,25.12,共同使用部份,鋼筋混凝土造,81年10月3日,十層,,
RPWNMLTKKIKGFKD17CC,33,6.12,共同使用部份,鋼筋混凝土造,81年10月3日,十層,,
RPOOMLTKKIKGFKD09CC,43,51.59,住家用,鋼筋混凝土造,71年10月12日,五層,,
RPOOMLTKKIKGFKD09CC,43,3.65,共同使用部份,鋼筋混凝土造,71年10月12日,五層,,
RPOOMLTKKIKGFKD09CC,43,3.90,共同使用部份,鋼筋混凝土造,71年10月12日,五層,,
RPROMLTKKIKGFKD76CC,8,9.42,住家用,鋼筋混凝土構造,107年4月2日,五層,,
RPROMLTKKIKGFKD76CC,8,4.19,本共有部分之項目有：電梯間，樓梯間及水箱等３項,鋼筋混凝土構造,107年4月2日,五層,,
RPSOMLTKKIKGFKD86CC,45,140.82,住商用,加強磚造,70年3月6日,二層,,
RPPNMLKLKIKGFAD27CC,47,79.89,住商用,鋼筋混凝土造,67年10月26日,十二層,,
RPPNMLKLKIKGFAD27CC,47,12.23,共同使用部份,鋼筋混凝土造,67年10月26日,十二層,,
RPPNMLLLKIKGFGD97CC,31,31.45,住家用,鋼筋混凝土造,84年5月1日,六層,,
RPQNMLKLKIKGFAD37CC,47,54.90,住商用,鋼筋混凝土造,67年10月26日,十二層,,
RPQNMLKLKIKGFAD37CC,47,10.64,共同使用部份,鋼筋混凝土造,67年10月26日,十二層,,
RPPNMLLLKIKGFCD57CC,44,51.72,住家用,鋼筋混凝土造,70年12月29日,四層,,
RPPNMLLLKIKGFGD97CC,31,7.75,共同使用部份,鋼筋混凝土造,84年5月1日,六層,,
RPPNMLLLKIKGFCD57CC,44,15.59,共同使用部份,鋼筋混凝土造,70年12月29日,四層,,
RPTOMLTKKIKGFKD96CC,37,90.00,工業用,鋼造,78年4月3日,一層,,
RPPNMLLLKIKGFKD38CC,30,84.45,住家用,鋼筋混凝土造,84年12月22日,十一層,,
RPUOMLTKKIKGFKD07CC,36,238.88,店舖、住宅、避難室。,鋼筋混凝土造,78年10月9日,三層,,
RPPNMLLLKIKGFKD38CC,30,21.88,共同使用部份,鋼筋混凝土造,84年12月22日,十一層,,
RPQNMLLLKIKGFID28CC,5,57.84,集合住宅,鋼筋混凝土構造,110年3月15日,二十四層,,
RPQNMLLLKIKGFID28CC,5,29.83,本共有部分之項目有管委會使用空間、停車空間、機電設備空間、防空避難室兼停車空間、台電配電場所、自來水箱、車道、門廳、儲藏室、機房、樓梯間、消防水箱等１２項,鋼筋混凝土構造,110年3月15日,二十四層,,
RPQNMLLLKIKGFKD48CC,44,109.15,住家用,鋼筋混凝土造,71年2月22日,五層,,
RPQNMLLLKIKGFKD48CC,44,3.44,共同使用部份,鋼筋混凝土造,71年2月22日,五層,,
RPQNMLLLKIKGFKD48CC,44,2.31,共同使用部份,鋼筋混凝土造,71年2月22日,五層,,
RPQNMLLLKIKGFKD48CC,44,1.91,共同使用部份,鋼筋混凝土造,71年2月22日,五層,,
RPQNMLLLKIKGFKD48CC,44,3.13,共同使用部份,鋼筋混凝土造,71年2月22日,五層,,
RPQNMLLLKIKGFKD48CC,44,.80,共同使用部份,鋼筋混凝土造,71年2月22日,五層,,
RPQNMLLLKIKGFKD48CC,44,5.99,共同使用部份,鋼筋混凝土造,71年2月22日,五層,,
RPSNMLLLKIKGFKD68CC,45,68.75,住家用,鋼筋混凝土造,70年3月11日,五層,,
RPSNMLLLKIKGFKD68CC,45,8.50,共同使用部份,鋼筋混凝土造,70年3月11日,五層,,
RPSNMLLLKIKGFKD68CC,45,6.89,共同使用部份,,70年3月11日,五層,,
RPSNMLLLKIKGFKD68CC,45,1.55,共同使用部份,,70年3月11日,五層,,
RPPNMLMLKIKGFAD47CC,34,26.20,住家用,鋼筋混凝土造,80年11月13日,三層,,
RPPNMLMLKIKGFAD47CC,34,3.86,共同使用部份,鋼筋混凝土造,80年11月13日,三層,,
RPRNMLMLKIKGFAD67CC,42,35.69,商業用,鋼筋混凝土造,73年1月6日,九層,,
RPRNMLMLKIKGFAD67CC,42,7.76,共同使用部份,鋼筋混凝土造,73年1月6日,九層,,
RPRNMLMLKIKGFAD67CC,42,4.89,共同使用部份,鋼筋混凝土造,73年1月6日,九層,,
RPTNMLMLKIKGFAD87CC,57,65.70,住家用,加強磚造,58年4月15日,二層,,
RPVNMLMLKIKGFAD08CC,47,79.86,住家用,加強磚造,67年12月30日,二層,,
RPQNMLMLKIKGFAD57CC,34,23.80,住家用,鋼筋混凝土造,80年11月13日,三層,,
RPQNMLMLKIKGFAD57CC,34,3.86,共同使用部份,鋼筋混凝土造,80年11月13日,三層,,
RPOOMLMLKIKGFAD47CC,12,187.49,住宅、停車空間,鋼筋混凝土構造,103年3月14日,四層,,
RPOOMLMLKIKGFAD47CC,12,.19,本共有部分之項目有：管理維護空間,鋼筋混凝土構造,103年3月14日,四層,,
RPWOMLMLKIKGFAD28CC,1,49.93,集合住宅,鋼骨鋼筋混凝土造、鋼筋混凝土造,114年4月15日,三十四層,,
RPUOMLMLKIKGFAD08CC,33,219.45,住商用,鋼筋混凝土造,82年1月9日,四層,,
RPWOMLMLKIKGFAD28CC,1,26.67,本共有部分之項目有管委會使用空間、門廳、機電設備空間、防災中心、儲藏室、樓梯間、消防水箱、防空避難室兼停車空間、車道、停車空間、自來水箱、梯廳、陽台、電信機房等１４項。,鋼骨鋼筋混凝土造、鋼筋混凝土造,114年4月15日,三十四層,,
RPVOMLMLKIKGFAD18CC,1,51.39,集合住宅,鋼骨鋼筋混凝土造、鋼筋混凝土造,114年4月15日,三十四層,,
RPVOMLMLKIKGFAD18CC,1,40.00,本共有部分之項目有管委會使用空間、門廳、機電設備空間、防災中心、儲藏室、樓梯間、消防水箱、防空避難室兼停車空間、車道、停車空間、自來水箱、梯廳、陽台、電信機房等１４項。,鋼骨鋼筋混凝土造、鋼筋混凝土造,114年4月15日,三十四層,,
RPUNMLMLKIKGFAD97CC,28,370.16,住宅、店舖、辦公室,鋼筋混凝土造,86年12月2日,二層,,
RPSOMLMLKIKGFAD87CC,12,248.60,店舖、住宅、停車空間,鋼筋混凝土構造,102年8月21日,四層,,
RPROMLMLKIKGFAD77CC,22,95.50,集合住宅,鋼筋混凝土造,93年5月21日,十一層,,
RPROMLMLKIKGFAD77CC,22,48.26,共同使用部份,鋼筋混凝土造,93年5月21日,十一層,,
RPTNMLLLKIKGFKD78CC,32,28.92,住家用,鋼筋混凝土造,82年12月30日,九層,,
RPTNMLLLKIKGFKD78CC,32,15.50,共同使用部份,鋼筋混凝土造,82年12月30日,九層,,
RPXOMLMLKIKGFAD38CC,33,249.27,住家用,鋼筋混凝土造,82年3月26日,四層,,
RPPNMLMLKIKGFBD57CC,44,91.72,集合住宅,鋼筋混凝土造,70年9月7日,四層,,
RPSNMLMLKIKGFAD77CC,30,64.33,住家用,鋼筋混凝土造,85年4月27日,十二層,,
RPPNMLMLKIKGFBD57CC,44,3.58,共同使用部份,鋼筋混凝土造,70年9月7日,四層,,
RPSNMLMLKIKGFAD77CC,30,19.05,共同使用部份,鋼筋混凝土造,85年4月27日,十二層,,
RPPNMLMLKIKGFBD57CC,44,8.08,共同使用部份,鋼筋混凝土造,70年9月7日,四層,,
RPSNMLMLKIKGFAD77CC,30,3.35,共同使用部份,鋼筋混凝土造,85年4月27日,十二層,,
RPOPMLMLKIKGFAD57CC,1,86.59,集合住宅,鋼筋混凝土造,114年3月13日,二十四層,,
RPOPMLMLKIKGFAD57CC,1,48.36,本共有部分之項目有停車空間、台電配電室、垃圾處理室、消房中繼機房、防空避難室兼停車空間、消防機械室、梯間、水箱、機械室等９項,鋼筋混凝土造,114年3月13日,二十四層,,
RPSNMLMLKIKGFBD87CC,45,89.25,住商用,加強磚造,69年12月17日,二層,,
RPPNMLMLKIKGFCD67CC,35,13.89,住家用,鋼筋混凝土造,80年1月21日,七層,,
RPPNMLMLKIKGFCD67CC,35,7.21,共同使用部份,鋼筋混凝土造,80年1月21日,七層,,
RPQNMLMLKIKGFBD67CC,1,89.39,集合住宅,鋼筋混凝土造,114年4月25日,十四層,,
RPQNMLMLKIKGFBD67CC,1,67.44,本共有部分之項目有防空避難室兼停車空間、停車空間、管委會使用空間、電信室、門廊、安全梯空間、車道、樓梯間、排煙室、水箱、昇降機房、昇降機空間、梯廳等１３項,鋼筋混凝土造,114年4月25日,十四層,,
RPQNMLMLKIKGFCD77CC,25,99.97,住家用,鋼筋混凝土造,89年6月21日,十二層,,
RPQNMLMLKIKGFCD77CC,25,13.30,共同使用部份,鋼筋混凝土造,89年6月21日,十二層,,
RPPNMLMLKIKGFFD97CC,5,161.78,住家用,鋼筋混凝土構造,109年7月28日,三層,,
RPQNMLMLKIKGFCD77CC,25,11.45,共同使用部份,鋼筋混凝土造,89年6月21日,十二層,,
RPPNMLMLKIKGFGD08CC,35,38.35,住商用,鋼筋混凝土造,80年1月4日,三層,,
RPSNMLMLKIKGFHD48CC,30,19.06,住家用,鋼筋混凝土造,85年5月22日,九層,,
RPSNMLMLKIKGFHD48CC,30,9.29,門廊、走廊、梯間、機械室、水箱、防空避難室、停車空間、騎樓,鋼筋混凝土造,85年5月22日,九層,,
RPQNMLMLKIKGFHD28CC,30,19.06,住家用,鋼筋混凝土造,85年5月22日,九層,,
RPQNMLMLKIKGFHD28CC,30,9.29,門廊、走廊、梯間、機械室、水箱、防空避難室、停車空間、騎樓,鋼筋混凝土造,85年5月22日,九層,,
RPPNMLMLKIKGFHD18CC,17,23.14,住商用,鋼筋混凝土造,97年12月16日,四層,,
RPVNMLMLKIKGFHD78CC,12,18.00,住家用,鋼筋混凝土造,102年12月2日,五層,,
RPOOMLMLKIKGFCD67CC,41,72.61,住家用,鋼筋混凝土造,74年4月12日,五層,,
RPRNMLMLKIKGFHD38CC,7,173.48,住家用,鋼筋混凝土造,108年3月22日,四層,,
RPOOMLMLKIKGFCD67CC,41,10.54,共同使用部份,鋼筋混凝土造,74年4月12日,五層,,
RPUNMLMLKIKGFCD18CC,7,57.82,集合住宅,鋼筋混凝土構造,107年6月19日,十五層,,
RPWNMLMLKIKGFCD38CC,32,22.16,住家用,鋼筋混凝土造,82年8月28日,四層,,
RPUNMLMLKIKGFCD18CC,7,53.27,本共有部份之項目有：防空避難室兼停車空間、停車空間、管委會使用空間、電梯、樓梯間、機械室、水箱、公共服務空間、梯廳、排煙室、安全梯、昇降機、機電設備、環保垃圾貯存室、發電機進風管道、避難通路共十六項。,見其他登記事項,107年6月19日,十五層,,
RPWNMLMLKIKGFCD38CC,32,5.20,共同使用部份,鋼筋混凝土造,82年8月28日,四層,,
RPPNMLMLKIKGFID28CC,3,84.69,集合住宅,鋼筋混凝土構造,112年4月26日,二十三層,,
RPPOMLMLKIKGFCD77CC,36,16.29,住家用,鋼筋混凝土造,78年12月20日,五層,,
RPPNMLMLKIKGFID28CC,3,75.52,本共有部分之項目有停車空間、防空避難室兼停車空間、大廳、安全梯、資源回收、管委會、車道、門廊、樓梯間、機械室、水箱等１１項,鋼筋混凝土構造,112年4月26日,二十三層,,
RPPOMLMLKIKGFCD77CC,36,5.93,共同使用部份,鋼筋混凝土造,78年12月20日,五層,,
RPQOMLMLKIKGFCD87CC,38,86.02,棧房,鋼鐵造,77年5月30日,一層,,
RPUNMLMLKIKGFHD68CC,6,18.00,店舖、住宅,鋼筋混凝土造,109年6月9日,四層,,
RPVNMLMLKIKGFCD28CC,41,84.47,住家用,鋼筋混凝土造,74年5月31日,五層,,
RPVNMLMLKIKGFCD28CC,41,11.61,共同使用部份,鋼筋混凝土造,74年5月31日,五層,,
RPRNMLMLKIKGFID48CC,34,236.10,住家用,鋼筋混凝土造,81年5月27日,三層,,
RPXNMLMLKIKGFCD48CC,8,62.19,集合住宅,鋼筋混凝土造,106年9月5日,十五層,,
RPSNMLMLKIKGFCD97CC,5,67.42,集合住宅,鋼筋混凝土構造,109年11月23日,十五層,,
RPXNMLMLKIKGFCD48CC,8,31.01,本共有部分之項目有：停車空間兼防空避難室、停車空間、走道、樓梯間、管理員室、水箱、公共服務空間、垃圾儲存空間、排煙室、梯廳、安全梯、管道間、電梯機房十三項。,鋼筋混凝土造,106年9月5日,十五層,,
RPSNMLMLKIKGFCD97CC,5,65.75,本共有部份之項目有：防空避難室兼停車空間、停車空間、管委會空間、樓梯間、梯廳、管理室、門廊、梯間、機械室、水箱等共十項。,鋼筋混凝土構造,109年11月23日,十五層,,
RPQNMLMLKIKGFID38CC,50,120.10,住家用,木石磚造（磚石造）,65年1月1日,一層,,
RPSNMLMLKIKGFID58CC,49,70.40,住家用,加強磚造,66年4月21日,二層,,
RPRNMLMLKIKGFKD68CC,15,18.18,住家用,鋼筋混凝土造,99年12月23日,四層,,
RPQNMLMLKIKGFKD58CC,13,26.45,店舖，住宅,鋼筋混凝土構造,101年10月12日,四層,,
RPTNMLMLKIKGFKD88CC,17,22.66,住家用,鋼筋混凝土造,97年10月30日,四層,,
RPVNMLMLKIKGFKD09CC,32,181.61,住宅、梯間。,鋼筋混凝土造,82年10月14日,五層,,
RPSNMLMLKIKGFKD78CC,14,12.00,住商用,鋼筋混凝土構造,100年7月20日,四層,,
RPTNMLNLKIKGFAD97CC,46,15.00,,加強磚造,68年6月14日,二層,,
RPPNMLNLKIKGFAD57CC,14,19.27,住家用,鋼筋混凝土構造,101年6月4日,五層,,
RPRNMLNLKIKGFAD77CC,34,35.68,住家用,鋼筋混凝土造,80年8月30日,五層,,
RPUNMLMLKIKGFKD98CC,,58.86,集合住宅,鋼筋混凝土造,114年8月5日,十二層,,
RPRNMLNLKIKGFAD77CC,34,16.49,共同使用部份,鋼筋混凝土造,80年8月30日,五層,,
RPUNMLMLKIKGFKD98CC,,46.73,本共有部分之項目有：防空避難室兼停車空間、停車空間、管理維護空間、樓梯間、安全梯、昇降機、機電空間、水塔空間等８項,鋼筋混凝土造,114年8月5日,十二層,,
RPSNMLNLKIKGFAD87CC,46,10.00,,加強磚造,68年6月14日,二層,,
RPUNMLNLKIKGFAD08CC,30,37.64,住家用,鋼筋混凝土造,84年7月29日,十七層,,
RPPOMLMLKIKGFKD58CC,33,70.47,住家用,鋼筋混凝土造,82年4月28日,七層,,
RPUNMLNLKIKGFAD08CC,30,10.27,共同使用部份,鋼筋混凝土造,84年7月29日,十七層,,
RPPOMLMLKIKGFKD58CC,33,33.05,共同使用部份,鋼筋混凝土造,82年4月28日,七層,,
RPOOMLMLKIKGFKD48CC,30,56.98,住家用,鋼筋混凝土造,84年9月8日,十九層,,
RPWNMLMLKIKGFKD56CC,8,57.71,住家用,鋼筋混凝土構造,106年11月14日,十六層,,
RPOOMLMLKIKGFKD48CC,30,56.17,共同使用部份,鋼筋混凝土造,84年9月8日,十九層,,
RPXNMLMLKIKGFKD66CC,25,57.21,住家用,鋼筋混凝土造,90年1月10日,十一層,,
RPXNMLMLKIKGFKD66CC,25,12.96,共同使用部份,鋼筋混凝土造,90年1月10日,十一層,,
RPQOMLMLKIKGFKD68CC,4,55.29,集合住宅,鋼筋混凝土構造,110年11月10日,五層,,
RPWNMLMLKIKGFKD56CC,8,52.00,本共有部分之項目計有防空避難室，停車空間，機房，梯廳，梯間，防災中心，管理員室，公共服務空間，管委會使用空間，儲藏室等１０項,鋼筋混凝土構造,106年11月14日,十六層,,
RPXNMLMLKIKGFKD66CC,25,8.40,共同使用部份,鋼筋混凝土造,90年1月10日,十一層,,
RPQOMLMLKIKGFKD68CC,4,25.14,本共有部分之項目有：電信室、管理維護空間、停車空間、甲＋乙梯＋管道間＋昇降機道、樓梯間、梯廳等９項,鋼筋混凝土構造,110年11月10日,五層,,
RPVNMLNLKIKGFAD18CC,28,83.60,國民住宅,鋼筋混凝土造,87年4月20日,十四層,,
RPVNMLNLKIKGFAD18CC,28,21.81,共同使用部份,鋼筋混凝土造,87年4月20日,十四層,,
RPVNMLNLKIKGFAD18CC,28,11.11,共同使用部份,鋼筋混凝土造,87年4月20日,十四層,,
RPWNMLNLKIKGFAD28CC,30,23.04,住家用,鋼筋混凝土造,84年9月12日,十八層,,
RPWNMLNLKIKGFAD28CC,30,7.09,共同使用部份,鋼筋混凝土造,84年9月12日,十八層,,
RPWNMLNLKIKGFAD28CC,30,3.75,共同使用部份,鋼筋混凝土造,84年9月12日,十八層,,
RPXNMLNLKIKGFAD38CC,53,16.52,住家用,加強磚造,61年7月3日,二層,,
RPQOMLNLKIKGFAD77CC,23,88.36,集合住宅,鋼筋混凝土造,91年11月15日,十一層,,
RPQOMLNLKIKGFAD77CC,23,40.72,共同使用部份,鋼筋混凝土造,91年11月15日,十一層,,
RPOOMLNLKIKGFAD57CC,36,54.11,住家用,鋼筋混凝土造,78年8月3日,十層,,
RPOOMLNLKIKGFAD57CC,36,8.34,共同使用部份,鋼筋混凝土造,78年8月3日,十層,,
RPOOMLNLKIKGFAD57CC,36,1.16,共同使用部份,鋼筋混凝土造,78年8月3日,十層,,
RPPOMLNLKIKGFAD67CC,4,23.14,店舖、住宅,鋼筋混凝土構造,111年4月29日,四層,,
RPROMLNLKIKGFAD87CC,46,19.92,住家用,加強磚造,68年7月3日,二層,,
RPSOMLNLKIKGFAD97CC,9,58.92,集合住宅,鋼筋混凝土構造,106年1月24日,二十三層,,
RPSOMLNLKIKGFAD97CC,9,28.41,本共有部分之項目：防空避難室、停車空間、機房、樓梯間、機械房、水箱、門廳、梯間、管委會使用空間、水池、防災中心等。,鋼筋混凝土構造,106年1月24日,二十六層,,
RPUOMLNLKIKGFAD18CC,31,13.87,住家用,鋼筋混凝土造,83年6月24日,四層,,
RPPPMLNLKIKGFAD77CC,52,79.10,住家用,加強磚造,62年9月26日,二層,,
RPXOMLNLKIKGFAD48CC,2,71.35,集合住宅,鋼筋混凝土造,112年11月8日,二十二層,,
RPXOMLNLKIKGFAD48CC,2,64.27,本共有部分之項目有防空避難室兼停車空間、停車空間、管委會使用空間、梯間、門廳兼梯廳、樓梯間、機械室、水箱、門廊、車道、排煙室、管道間等１２項,鋼筋混凝土造,112年11月8日,二十二層,,
RPTOMLNLKIKGFAD08CC,12,37.85,集合住宅,鋼筋混凝土構造,102年12月25日,十四層,,
RPTOMLNLKIKGFAD08CC,12,41.33,本共有部分之項目有門廳、守衛室、停車空間、防空避難室、管理維護空間。,鋼筋混凝土構造,102年11月25日,十四層,,
RPTOMLNLKIKGFAD08CC,12,8.79,本共有部分之項目有電樓梯間、電梯機房、水箱。,鋼筋混凝土構造,102年11月25日,十四層,,
RPOPMLNLKIKGFAD67CC,31,16.02,住家用,鋼筋混凝土造,83年12月16日,十三層,,
RPQNMLNLKIKGFBD77CC,36,128.53,住家用,加強磚造,78年12月23日,二層,,
RPOPMLNLKIKGFAD67CC,31,5.58,共同使用部份,鋼筋混凝土造,83年12月16日,十三層,,
RPWOMLNLKIKGFAD38CC,31,33.36,住家用,鋼筋混凝土造,84年3月7日,十二層,,
RPWOMLNLKIKGFAD38CC,31,4.14,共同使用部份,鋼筋混凝土造,84年3月7日,十二層,,
RPWOMLNLKIKGFAD38CC,31,6.74,共同使用部份,鋼筋混凝土造,84年3月7日,十二層,,
RPRNMLNLKIKGFBD87CC,21,169.75,住宅、停車空間,鋼筋混凝土造,93年11月23日,四層,,
RPPNMLNLKIKGFBD67CC,4,76.84,集合住宅,鋼筋混凝土造,110年8月13日,九層,,
RPPNMLNLKIKGFBD67CC,4,68.94,本共有部分之項目有：停車空間、管理維護空間、車道、梯間、蓄水池、機械室、安全梯、梯廳、機電設備、昇降機、台電配電場所、發電機室、電信室等１３項。,鋼筋混凝土造,110年8月13日,九層,,
RPVNMLNLKIKGFBD28CC,52,16.53,住家用,加強磚造,62年10月20日,二層,,
RPUNMLNLKIKGFBD18CC,4,77.77,集合住宅,鋼筋混凝土造,111年4月15日,十五層,,
RPUNMLNLKIKGFBD18CC,4,50.82,本共有部份為：停車空間、電信室、管委會、門廊、梯廳、梯間、發電機室、水箱、汽車車道、機車車道、安全梯、一般升降機、公共服務空間、緊急升降機排煙室、資源回收區、管道間、配電室、緊急升降機、台電配電場所、工具間、水景機房、雨水機房、消防機房、電錶室等２４項。,鋼筋混凝土造,111年4月15日,十五層,,
RPUNMLNLKIKGFBD18CC,4,22.68,本共有部份為：緊急昇降機、安全梯、緊急昇降機排煙室、一般昇降機、水錶室、水箱、梯廳、電梯機房等８項,鋼筋混凝土造,111年4月15日,十五層,,
RPWNMLNLKIKGFBD38CC,52,16.53,住家用,加強磚造,62年10月20日,二層,,
RPSNMLNLKIKGFBD97CC,4,49.64,集合住宅,鋼筋混凝土造,111年4月15日,十五層,,
RPSNMLNLKIKGFBD97CC,4,10.22,本共有部份為：停車空間、電信室、管委會、門廊、梯廳、梯間、發電機室、水箱、汽車車道、機車車道、安全梯、一般升降機、公共服務空間、緊急升降機排煙室、資源回收區、管道間、配電室、緊急升降機、台電配電場所、工具間、水景機房、雨水機房、消防機房、電錶室等２４項。,鋼筋混凝土造,111年4月15日,十五層,,
RPSNMLNLKIKGFBD97CC,4,14.45,本共有部份為：緊急昇降機、安全梯、緊急昇降機排煙室、一般昇降機、水錶室、水箱、梯廳、電梯機房等８項,鋼筋混凝土造,111年4月15日,十五層,,
RPTNMLNLKIKGFBD08CC,1,77.95,集合住宅,鋼筋混凝土造,114年4月2日,十四層,,
RPTNMLNLKIKGFBD08CC,1,17.18,共同使用部份,鋼筋混凝土造,114年4月2日,十四層,,
RPTNMLNLKIKGFBD08CC,1,49.99,共同使用部份,鋼筋混凝土造,114年4月2日,十四層,,
RPRNMLNLKIKGFCD97CC,33,83.37,住家用,鋼筋混凝土造,82年5月26日,六層,,
RPRNMLNLKIKGFCD97CC,33,33.59,共同使用部份,鋼筋混凝土造,82年5月26日,六層,,
RPOOMLNLKIKGFBD67CC,5,84.64,集合住宅,鋼筋混凝土造,110年1月14日,十五層,,
RPOOMLNLKIKGFBD67CC,5,38.29,本共有部份之項目有：防空避難室兼停車空間、停車空間、樓梯間、梯廳、水箱、排煙室、昇降機間、消防機房、雨水機房、台電配電室、緊急發電機室、電信室、電梯機房、管委會使用空間、車道、門廳、太陽能機房、資源回收中心、外廊共１９項。,鋼筋混凝土造,110年1月14日,十五層,,
RPSNMLNLKIKGFCD08CC,29,78.92,住家用,鋼筋混凝土造,85年12月31日,七層,,
RPXNMLNLKIKGFBD48CC,1,66.13,集合住宅,鋼筋混凝土造,113年9月30日,十二層,,
RPXNMLNLKIKGFBD48CC,1,71.28,本共有部分之項目有：防空避難室兼停車空間、樓電梯間、電錶室、台電配電室、發電機房、電信室、垃圾分類室、垃圾冷藏室、垃圾車位、水箱、機房、消防機房、雨水景觀機房、汙水機房、門廊、交誼廳、管委會使用空間、宅配室、多功能才藝教室、健身房、機械室、梯間、停車空間等２３項。,鋼筋混凝土造,113年9月30日,十二層,,
RPPOMLNLKIKGFBD77CC,4,65.33,集合住宅,鋼筋混凝土造,110年11月26日,五層,,
RPPOMLNLKIKGFBD77CC,4,38.55,共有部分項目有：停車空間、戶外安全梯、梯廳、昇降機道、昇降機間、管委會空間、電信室等７項。,鋼筋混凝土造,110年11月26日,五層,,
RPTNMLNLKIKGFCD18CC,47,20.00,住商用,加強磚造,68年3月8日,二層,,
RPWNMLNLKIKGFCD48CC,7,53.73,集合住宅,鋼筋混凝土構造,108年2月26日,七層,,
RPVNMLNLKIKGFCD38CC,31,78.36,住家用,鋼筋混凝土造,83年12月16日,十六層,,
RPVNMLNLKIKGFCD38CC,31,23.72,共同使用部份,鋼筋混凝土造,83年12月16日,十六層,,
RPVNMLNLKIKGFCD38CC,31,15.52,共同使用部份,鋼筋混凝土造,83年12月16日,十六層,,
RPWNMLNLKIKGFCD48CC,7,22.18,本共有部分之項目有：防空避難室兼停車空間、停車空間、管理維護空間、電信室、安全梯、樓梯間、梯廳、昇降機、機械室、水箱共１０項。,鋼筋混凝土構造,108年2月26日,七層,,
RPROMLNLKIKGFCD08CC,42,84.71,住家用,鋼筋混凝土造,72年11月18日,五層,,
RPROMLNLKIKGFCD08CC,42,10.46,共同使用部份,鋼筋混凝土造,72年11月18日,七層,,
RPXNMLNLKIKGFCD58CC,53,30.40,住家用,加強磚造,61年11月14日,三層,,
RPOOMLNLKIKGFCD77CC,33,59.97,住家用,鋼筋混凝土造,81年9月14日,八層,,
RPOOMLNLKIKGFCD77CC,33,14.60,共同使用部份,鋼筋混凝土造,81年9月14日,八層,,
RPSOMLNLKIKGFCD18CC,37,134.94,住家用,鋼筋混凝土造,77年8月30日,四層,,
RPSOMLNLKIKGFCD18CC,37,64.99,共同使用部份,鋼筋混凝土造,77年8月30日,四層,,
RPTOMLNLKIKGFCD28CC,10,47.78,集合住宅,鋼筋混凝土造,105年5月27日,十五層,,
RPPOMLNLKIKGFCD87CC,35,26.07,住家用,鋼筋混凝土造,80年1月11日,二十二層,,
RPPOMLNLKIKGFCD87CC,35,6.19,共同使用部份,鋼筋混凝土造,80年1月11日,二十二層,,
RPTOMLNLKIKGFCD28CC,10,24.22,本共有部分之項目計有停車空間，防空避難室兼停車空間，公共服務空間，管委會使用空間，門廳，污物處理空間，車道，梯間，水箱，機械室等１０項。,鋼筋混凝土造,105年5月27日,十五層,,
RPPOMLNLKIKGFCD87CC,35,1.24,共同使用部份,鋼筋混凝土造,80年1月11日,二十二層,,
RPQOMLNLKIKGFCD97CC,29,36.22,住家用,鋼筋混凝土造,85年9月30日,十層,,
RPQOMLNLKIKGFCD97CC,29,2.86,共同使用部份,鋼筋混凝土造,85年9月30日,十層,,
RPQOMLNLKIKGFCD97CC,29,10.60,共同使用部份,鋼筋混凝土造,85年9月30日,十層,,
RPPNMLNLKIKGFFD08CC,31,26.45,住家用,鋼筋混凝土造,84年1月27日,三層,,
RPPNMLNLKIKGFDD87CC,44,81.06,住家用,鋼筋混凝土造,71年6月1日,五層,,
RPQNMLNLKIKGFFD18CC,39,134.91,住家用,加強磚造,75年9月27日,二層,,
RPWOMLNLKIKGFCD58CC,35,14.80,住家用,鋼筋混凝土造,80年5月18日,十一層,,
RPWOMLNLKIKGFCD58CC,35,1.26,共同使用部份,鋼筋混凝土造,80年5月18日,十一層,,
RPPNMLNLKIKGFGD18CC,1,66.31,集合住宅,鋼筋混凝土造,113年12月31日,五層,,
RPWOMLNLKIKGFCD58CC,35,4.16,共同使用部份,鋼筋混凝土造,80年5月18日,十一層,,
RPPNMLNLKIKGFGD18CC,1,42.12,本共有部分之項目有停車空間、電信室、樓梯間、管理委員會使用空間等４項,鋼筋混凝土造,113年12月31日,五層,,
RPQNMLNLKIKGFID48CC,18,8.04,辦公室,鋼筋混凝土造,96年9月20日,四層,,
RPQNMLNLKIKGFID48CC,18,1.01,共同使用部份,鋼筋混凝土造,96年9月20日,四層,,
RPOPMLNLKIKGFCD87CC,50,100.16,住家用,加強磚造,65年5月13日,二層,,
RPPNMLNLKIKGFID38CC,18,8.04,辦公室,鋼筋混凝土造,96年9月20日,四層,,
RPQNMLNLKIKGFID48CC,18,5.10,共同使用部份,鋼筋混凝土造,96年9月20日,四層,,
RPPNMLNLKIKGFID38CC,18,1.01,共同使用部份,鋼筋混凝土造,96年9月20日,四層,,
RPPNMLNLKIKGFID38CC,18,5.10,共同使用部份,鋼筋混凝土造,96年9月20日,四層,,
RPQNMLNLKIKGFGD28CC,41,162.12,住商用,鋼筋混凝土造,74年3月4日,四層,,
RPPNMLNLKIKGFHD28CC,32,174.60,住家用,鋼筋混凝土造,83年4月29日,三層,,
RPVOMLNLKIKGFCD48CC,31,88.33,住家用,鋼筋混凝土造,84年1月7日,二十四層,,
RPRNMLNLKIKGFID58CC,18,8.04,辦公室,鋼筋混凝土造,96年9月20日,四層,,
RPVOMLNLKIKGFCD48CC,31,16.97,共同使用部份,鋼筋混凝土造,84年1月7日,二十四層,,
RPRNMLNLKIKGFID58CC,18,5.12,共同使用部份,鋼筋混凝土造,96年9月20日,四層,,
RPVOMLNLKIKGFCD48CC,31,3.16,共同使用部份,鋼筋混凝土造,84年1月7日,二十四層,,
RPPPMLNLKIKGFCD97CC,19,18.02,店舖、住宅、停車空間,鋼筋混凝土造,96年4月27日,五層,,
RPUNMLNLKIKGFID88CC,31,106.79,住家用,鋼筋混凝土造,83年7月20日,七層,,
RPQPMLNLKIKGFCD08CC,44,146.21,店舖　集合住宅　　騎樓,鋼筋混凝土造,70年11月26日,五層,,
RPTNMLNLKIKGFID78CC,28,99.77,農舍,鋼骨造,86年6月25日,一層,,
RPUNMLNLKIKGFID88CC,31,42.80,共同使用部份,鋼筋混凝土造,83年7月20日,七層,,
RPRNMLNLKIKGFKD78CC,20,8.55,辦公室,鋼筋混凝土造,94年7月8日,六層,,
RPRNMLNLKIKGFKD78CC,20,11.48,共同使用部份,鋼筋混凝土造,94年7月8日,六層,,
RPRNMLNLKIKGFKD78CC,20,11.74,共同使用部份,鋼筋混凝土造,94年7月8日,六層,,
RPXOMLNLKIKGFCD68CC,36,18.60,住商用,鋼筋混凝土造,79年1月15日,四層,,
RPSNMLNLKIKGFKD88CC,19,8.64,辦公室,鋼筋混凝土造,95年9月18日,八層,,
RPSNMLNLKIKGFKD88CC,19,8.62,共同使用部份,鋼筋混凝土造,95年9月18日,八層,,
RPTNMLNLKIKGFKD98CC,19,9.08,辦公室,鋼筋混凝土造,95年9月18日,八層,,
RPTNMLNLKIKGFKD98CC,19,9.09,共同使用部份,鋼筋混凝土造,95年9月18日,八層,,
RPUNMLNLKIKGFKD09CC,33,72.50,住家用,鋼筋混凝土造,82年3月10日,十一層,,
RPVNMLNLKIKGFKD56CC,1,84.48,集合住宅,鋼筋混凝土造,113年9月10日,十四層,,
RPUNMLNLKIKGFKD09CC,33,18.69,共同使用部份,鋼筋混凝土造,82年3月10日,十一層,,
RPOOMLNLKIKGFKD58CC,8,9.42,住家用,鋼筋混凝土構造,107年4月2日,五層,,
RPUNMLNLKIKGFKD09CC,33,11.95,共同使用部份,鋼筋混凝土造,82年3月10日,十一層,,
RPOOMLNLKIKGFKD58CC,8,4.19,本共有部分之項目有：電梯間，樓梯間及水箱等３項,鋼筋混凝土構造,107年4月2日,五層,,
RPUNMLNLKIKGFKD09CC,33,20.09,共同使用部份,鋼筋混凝土造,82年3月10日,十一層,,
RPVNMLNLKIKGFKD56CC,1,70.81,本共有部分之項目有：停車空間、水箱、機房、防空避難室兼停車空間、台電變電室、樓梯間及電梯機房等７項,鋼筋混凝土造,113年9月10日,十四層,,
RPWNMLNLKIKGFKD66CC,8,9.68,住家用,鋼筋混凝土構造,107年4月2日,五層,,
RPROMLNLKIKGFKD88CC,8,9.42,住家用,鋼筋混凝土構造,107年4月2日,五層,,
RPWNMLNLKIKGFKD66CC,8,4.31,本共有部分之項目有：電梯間，樓梯間及水箱等３項,鋼筋混凝土構造,107年4月2日,五層,,
RPROMLNLKIKGFKD88CC,8,4.19,本共有部分之項目有：電梯間，樓梯間及水箱等３項,鋼筋混凝土構造,107年4月2日,五層,,
RPWOMLNLKIKGFKD76CC,35,19.19,住家用,鋼筋混凝土造,79年12月3日,七層,,
RPWOMLNLKIKGFKD76CC,35,6.96,共同使用部份,鋼筋混凝土造,79年12月3日,七層,,
RPQOMLNLKIKGFKD78CC,8,9.68,住家用,鋼筋混凝土構造,107年4月2日,五層,,
RPQOMLNLKIKGFKD78CC,8,4.31,本共有部分之項目有：電梯間，樓梯間及水箱等３項,鋼筋混凝土構造,107年4月2日,五層,,
RPXNMLNLKIKGFKD76CC,8,9.42,住家用,鋼筋混凝土構造,107年4月2日,五層,,
RPTOMLNLKIKGFKD09CC,32,37.38,住家用,鋼筋混凝土造,82年12月30日,九層,,
RPXNMLNLKIKGFKD76CC,8,4.19,本共有部分之項目有：電梯間，樓梯間及水箱等３項,鋼筋混凝土構造,107年4月2日,五層,,
RPTOMLNLKIKGFKD09CC,32,21.18,共同使用部份,鋼筋混凝土造,82年12月30日,九層,,
RPVOMLNLKIKGFKD66CC,7,61.93,住家用,鋼筋混凝土構造,108年3月15日,十五層,,
RPSPMLNLKIKGFKD09CC,38,122.10,住家用,鋼筋混凝土造,77年4月25日,二層,,
RPVOMLNLKIKGFKD66CC,7,28.68,本共有部分之項目有：門廊，車道，公共服務空間，管理維護空間，垃圾儲存空間，樓梯間，水塔，防空避難室兼停車空間，停車空間及梯廳等１０項,鋼筋混凝土構造,108年3月15日,十五層,,
RPTPMLNLKIKGFKD56CC,31,103.68,集合住宅,鋼筋混凝土造,83年10月6日,十二層,,
RPUOMLNLKIKGFKD56CC,31,44.16,住家用,鋼筋混凝土造,84年3月31日,十五層,,
RPTPMLNLKIKGFKD56CC,31,34.69,共同使用部份,鋼筋混凝土造,83年10月20日,十二層,,
RPUOMLNLKIKGFKD56CC,31,23.04,共同使用部份,鋼筋混凝土造,84年3月31日,十五層,,
RPPOMLNLKIKGFKD68CC,32,20.41,住家用,鋼筋混凝土造,82年8月27日,十五層,,
RPPPMLNLKIKGFKD78CC,26,23.19,住家用,鋼筋混凝土造,88年8月24日,十四層,,
RPUOMLNLKIKGFKD56CC,31,2.19,共同使用部份,鋼筋混凝土造,84年3月31日,十五層,,
RPPOMLNLKIKGFKD68CC,32,5.22,共同使用部份,鋼筋混凝土造,82年8月27日,十五層,,
RPPPMLNLKIKGFKD78CC,26,.57,共同使用部份,鋼筋混凝土造,88年8月24日,十四層,,
RPUOMLNLKIKGFKD56CC,31,6.97,本共有部分之項目有走廊，電錶室等２項,鋼筋混凝土造,84年3月31日,十五層,,
RPPOMLNLKIKGFKD68CC,32,2.95,避難室兼停車空間、梯間、清水池、配電室、門廊、消防泵浦間、交誼廳、乒乓球室。,鋼筋混凝土造,82年8月27日,十六層,,
RPPPMLNLKIKGFKD78CC,26,1.04,共同使用部份,鋼筋混凝土造,88年8月24日,十四層,,
RPPPMLNLKIKGFKD78CC,26,6.20,共同使用部份,鋼筋混凝土造,88年8月24日,十四層,,
RPUPMLNLKIKGFKD66CC,17,24.34,住商用,鋼筋混凝土造,97年10月30日,四層,,
RPVPMLNLKIKGFKD76CC,41,101.64,住家用,鋼筋混凝土造,74年3月7日,二層,,
RPWPMLNLKIKGFKD86CC,31,103.92,住家用,鋼筋混凝土造,83年8月3日,十六層,,
RPWPMLNLKIKGFKD86CC,31,74.17,共同使用部份,鋼筋混凝土造,83年8月3日,十六層,,
RPOPMLNLKIKGFKD68CC,26,23.19,住家用,鋼筋混凝土造,88年8月24日,十四層,,
RPOPMLNLKIKGFKD68CC,26,.57,共同使用部份,鋼筋混凝土造,88年8月24日,十四層,,
RPOPMLNLKIKGFKD68CC,26,1.04,共同使用部份,鋼筋混凝土造,88年8月24日,十四層,,
RPOPMLNLKIKGFKD68CC,26,6.20,共同使用部份,鋼筋混凝土造,88年8月24日,十四層,,
RPPNMLNLKIKGFHD38DC,1,71.91,集合住宅,鋼筋混凝土造,114年1月24日,五層,,
RPPNMLNLKIKGFHD38DC,1,67.30,本建物係五層建物，本件僅測量共有部分，項目包括：停車空間、梯廳、管委會使用空間、車道、一般升降機、安全梯、公共管道間、樓梯間、消防水箱、機械室、太陽能機房、電梯機房、水箱等共１３項。,鋼筋混凝土造,114年1月24日,五層,,
RPPNMLOLKIKGFAD67CC,12,61.86,集合住宅,鋼筋混凝土構造,102年11月25日,十四層,,
RPXNMLOLKIKGFAD48CC,39,90.39,住家用,鋼筋混凝土造,75年9月15日,五層,,
RPPNMLOLKIKGFAD67CC,12,47.14,本共有部分之項目有門廳、守衛室、停車空間、防空避難室、管理維護空間。,鋼筋混凝土構造,102年11月25日,十四層,,
RPROMLOLKIKGFAD97CC,27,79.40,集合住宅,鋼筋混凝土造,88年4月14日,八層,,
RPXNMLOLKIKGFAD48CC,39,16.14,共同使用部份,鋼筋混凝土造,75年9月15日,五層,,
RPPNMLOLKIKGFAD67CC,12,14.01,本共有部分之項目有電樓梯間、電梯機房、水箱。,鋼筋混凝土構造,102年11月25日,十四層,,
RPROMLOLKIKGFAD97CC,27,26.51,共同使用部份,鋼筋混凝土造,88年4月14日,八層,,
RPSNMLOLKIKGFAD97CC,41,22.98,住家用,鋼筋混凝土造,73年12月28日,十四層,,
RPSNMLOLKIKGFAD97CC,41,7.65,共同使用部份,鋼筋混凝土造,73年12月28日,十四層,,
RPTNMLOLKIKGFAD08CC,1,51.82,集合住宅,鋼骨鋼筋混凝土造、鋼筋混凝土造,114年4月15日,三十四層,,
RPTNMLOLKIKGFAD08CC,1,40.42,本共有部分之項目有管委會使用空間、門廳、機電設備空間、防災中心、儲藏室、樓梯間、消防水箱、防空避難室兼停車空間、車道、停車空間、自來水箱、梯廳、陽台、電信機房等１４項。,鋼骨鋼筋混凝土造、鋼筋混凝土造,114年4月15日,三十四層,,
RPVNMLOLKIKGFAD28CC,51,36.16,住家用,加強磚造,63年12月3日,二層,,
RPUNMLOLKIKGFAD18CC,46,203.92,住商用,鋼筋混凝土造,69年3月8日,三層,,
RPQOMLOLKIKGFAD87CC,33,15.74,商業用,鋼筋混凝土造,82年3月27日,六層,,
RPQOMLOLKIKGFAD87CC,33,7.00,共同使用部份,鋼筋混凝土造,82年3月27日,六層,,
RPSOMLOLKIKGFAD08CC,33,26.91,住家用,鋼筋混凝土造,81年12月22日,六層,,
RPSOMLOLKIKGFAD08CC,33,5.34,共同使用部份,鋼筋混凝土造,81年12月22日,六層,,
RPSOMLOLKIKGFAD08CC,33,6.44,共同使用部份,鋼筋混凝土造,81年12月22日,六層,,
RPPOMLOLKIKGFAD77CC,37,28.73,住家用,鋼筋混凝土造,78年4月10日,五層,,
RPPOMLOLKIKGFAD77CC,37,5.51,共同使用部份,鋼筋混凝土造,78年4月10日,五層,,
RPRNMLOLKIKGFAD87CC,32,32.98,住家用,鋼筋混凝土造,82年12月13日,十三層,,
RPRNMLOLKIKGFAD87CC,32,14.92,共同使用部份,鋼筋混凝土造,82年12月13日,十三層,,
RPWNMLOLKIKGFAD38CC,20,465.45,店舖、住宅、停車空間,鋼骨造,95年3月13日,二層,,
RPVOMLOLKIKGFAD38CC,34,26.20,住家用,鋼筋混凝土造,80年11月13日,三層,,
RPVOMLOLKIKGFAD38CC,34,3.86,共同使用部份,鋼筋混凝土造,80年11月13日,三層,,
RPUOMLOLKIKGFAD28CC,27,94.00,集合住宅,鋼筋混凝土造,88年2月11日,二十四層,,
RPTOMLOLKIKGFAD18CC,42,22.79,住家用,鋼筋混凝土造,73年6月13日,五層,,
RPUOMLOLKIKGFAD28CC,27,10.88,共同使用部份,鋼筋混凝土造,88年2月11日,二十四層,,
RPTOMLOLKIKGFAD18CC,42,7.93,共同使用部份,鋼筋混凝土造,73年6月13日,五層,,
RPUOMLOLKIKGFAD28CC,27,18.75,共同使用部份,鋼筋混凝土造,88年2月11日,二十四層,,
RPUOMLOLKIKGFAD28CC,27,4.13,共同使用部份,鋼筋混凝土造,88年2月11日,二十四層,,
RPXOMLOLKIKGFAD58CC,43,35.90,住家用,鋼筋混凝土造,71年10月12日,十二層,,
RPXOMLOLKIKGFAD58CC,43,12.24,共同使用部份,鋼筋混凝土造,71年10月12日,十二層,,
RPOOMLOLKIKGFAD67CC,31,83.03,住家用,鋼筋混凝土造,84年3月7日,十二層,,
RPOOMLOLKIKGFAD67CC,31,10.60,共同使用部份,鋼筋混凝土造,84年3月7日,十二層,,
RPOOMLOLKIKGFAD67CC,31,17.26,共同使用部份,鋼筋混凝土造,84年3月7日,十二層,,
RPQNMLOLKIKGFAD77CC,30,28.45,住家用,鋼筋混凝土造,84年7月4日,十八層,,
RPQNMLOLKIKGFAD77CC,30,47.25,共同使用部份,鋼筋混凝土造,84年7月4日,十八層,,
RPOPMLOLKIKGFAD77CC,58,74.90,住家用,加強磚造,56年12月30日,二層,,
RPPPMLOLKIKGFAD87CC,41,35.18,住家用,鋼筋混凝土造,73年12月28日,十四層,,
RPPPMLOLKIKGFAD87CC,41,11.63,共同使用部份,鋼筋混凝土造,73年12月28日,十四層,,
RPPNMLOLKIKGFBD77CC,1,68.13,店舖、儲藏室,鋼筋混凝土造,114年4月2日,十四層,,
RPXPMLOLKIKGFAD68CC,36,22.72,住家用,鋼筋混凝土造,79年5月18日,五層,,
RPXPMLOLKIKGFAD68CC,36,5.10,共同使用部份,鋼筋混凝土造,79年5月18日,五層,,
RPTPMLOLKIKGFAD28CC,32,80.71,住家用,鋼筋混凝土造,82年8月10日,十層,,
RPTPMLOLKIKGFAD28CC,32,25.75,共同使用部份,鋼筋混凝土造,82年8月10日,十層,,
RPWNMLOLKIKGFBD48CC,7,155.97,集合住宅、停車空間,鋼筋混凝土造,108年1月14日,三層,,
RPSNMLOLKIKGFBD08CC,46,119.49,住家用,鋼筋混凝土造,69年4月15日,三層,,
RPVNMLOLKIKGFBD38CC,1,73.07,集合住宅,鋼筋混凝土造,114年4月2日,十四層,,
RPVNMLOLKIKGFBD38CC,1,15.83,共同使用部份,鋼筋混凝土造,114年4月2日,十四層,,
RPVNMLOLKIKGFBD38CC,1,22.00,共同使用部份,鋼筋混凝土造,114年4月2日,十四層,,
RPWOMLOLKIKGFAD48CC,30,39.72,住家用,鋼筋混凝土造,84年7月4日,十八層,,
RPWOMLOLKIKGFAD48CC,30,18.90,共同使用部份,鋼筋混凝土造,84年7月4日,十八層,,
RPTNMLOLKIKGFBD18CC,13,280.25,停車空間，住宅,鋼筋混凝土造,101年12月5日,四層,,
RPTNMLOLKIKGFBD18CC,13,.11,本共有部分之項目有管理維護空間等乙項,鋼筋混凝土造,101年12月5日,一層,,
RPQNMLOLKIKGFCD97CC,1,51.83,集合住宅,鋼筋混凝土造,114年1月24日,十五層,,
RPQNMLOLKIKGFCD97CC,1,49.60,本共有部分之項目有：防空避難室兼停車空間、停車空間、車道、一般昇降機、梯廳、機電設備空間、排煙機房、樓梯間等共８項。,鋼筋混凝土造,114年1月24日,十五層,,
RPRQMLOLKIKGFAD18CC,46,29.75,住商用,鋼筋混凝土造,68年8月17日,四層,,
RPRPMLOLKIKGFAD08CC,39,169.27,住商用,鋼筋混凝土造,75年9月22日,三層,,
RPRNMLOLKIKGFCD08CC,31,78.76,住家用,鋼筋混凝土造,83年12月16日,十六層,,
RPRNMLOLKIKGFCD08CC,31,22.16,共同使用部份,鋼筋混凝土造,83年12月16日,十六層,,
RPRNMLOLKIKGFCD08CC,31,15.52,共同使用部份,鋼筋混凝土造,83年12月16日,十六層,,
RPVPMLOLKIKGFAD48CC,30,29.39,住家用,鋼筋混凝土造,84年7月4日,十八層,,
RPVPMLOLKIKGFAD48CC,30,13.74,共同使用部份,鋼筋混凝土造,84年7月4日,十八層,,
RPWPMLOLKIKGFAD58CC,36,122.49,住家用,鋼筋混凝土造,78年8月24日,十層,,
RPQPMLOLKIKGFAD97CC,46,50.23,住家用,鋼筋混凝土造,68年12月19日,五層,,
RPTNMLOLKIKGFCD28CC,33,83.44,住家用,鋼筋混凝土造,82年1月7日,七層,,
RPWPMLOLKIKGFAD58CC,36,26.70,共同使用部份,鋼筋混凝土造,78年8月24日,十層,,
RPTNMLOLKIKGFCD28CC,33,15.02,共同使用部份,鋼筋混凝土造,82年1月7日,七層,,
RPTNMLOLKIKGFCD28CC,33,6.42,共同使用部份,鋼筋混凝土造,82年1月7日,七層,,
RPTNMLOLKIKGFCD28CC,33,26.77,辦公室　避難室　車庫,鋼筋混凝土造,82年1月7日,七層,,
RPQPMLOLKIKGFAD97CC,46,7.66,共同使用部份,鋼筋混凝土造,68年12月19日,五層,,
RPXNMLOLKIKGFCD68CC,44,40.75,住家用,鋼筋混凝土造,71年2月26日,五層,,
RPXNMLOLKIKGFCD68CC,44,6.04,共同使用部份,鋼筋混凝土造,71年2月26日,三層,,
RPWNMLOLKIKGFCD58CC,43,87.23,集合住宅,鋼筋混凝土造,71年11月29日,五層,,
RPWNMLOLKIKGFCD58CC,43,6.30,共同使用部份,鋼筋混凝土造,71年11月29日,五層,,
RPPQMLOLKIKGFAD97CC,46,29.75,住商用,鋼筋混凝土造,68年8月17日,四層,,
RPOOMLOLKIKGFCD87CC,43,87.02,集合住宅,鋼筋混凝土造,71年11月25日,五層,,
RPOOMLOLKIKGFCD87CC,43,6.23,共同使用部份,鋼筋混凝土造,71年11月25日,五層,,
RPSPMLOLKIKGFAD18CC,19,26.69,集合住宅,ＲＣ造,95年7月13日,十一層,,
RPSPMLOLKIKGFAD18CC,19,4.30,共同使用部份,ＲＣ造,95年7月13日,十一層,,
RPSPMLOLKIKGFAD18CC,19,7.13,共同使用部份,ＲＣ造,95年7月13日,十一層,,
RPSPMLOLKIKGFAD18CC,19,.01,共同使用部份,ＲＣ造,95年7月13日,十一層,,
RPQOMLOLKIKGFCD08CC,44,74.86,住家用,鋼筋混凝土造,70年9月21日,五層,,
RPQOMLOLKIKGFCD08CC,44,7.49,共同使用部份,鋼筋混凝土造,70年9月21日,五層,,
RPQOMLOLKIKGFCD08CC,44,6.06,共同使用部份,鋼筋混凝土造,70年9月21日,五層,,
RPTOMLOLKIKGFCD38CC,44,87.30,住家用,鋼筋混凝土造,71年2月26日,五層,,
RPTOMLOLKIKGFCD38CC,44,12.96,共同使用部份,鋼筋混凝土造,71年2月26日,五層,,
RPROMLOLKIKGFCD18CC,35,16.54,住家用,鋼筋混凝土造,80年1月24日,六層,,
RPROMLOLKIKGFCD18CC,35,5.50,共同使用部份,鋼筋混凝土造,80年1月24日,六層,,
RPPOMLOLKIKGFCD97CC,26,91.94,集合住宅,鋼筋混凝土造,88年11月16日,十二層,,
RPPOMLOLKIKGFCD97CC,26,.24,共有部分,鋼筋混凝土造,88年11月16日,十二層,,
RPPOMLOLKIKGFCD97CC,26,21.57,共同使用部份,鋼筋混凝土造,88年11月16日,十二層,,
RPPOMLOLKIKGFCD97CC,26,15.88,共同使用部份,鋼筋混凝土造,88年11月16日,十二層,,
RPPNMLOLKIKGFFD18CC,43,69.91,住家用,磚造,72年1月25日,一層,,
RPSNMLOLKIKGFCD18CC,48,92.48,住家用,鋼筋混凝土造,67年4月12日,四層,,
RPSNMLOLKIKGFCD18CC,48,4.98,共同使用部份,鋼筋混凝土造,67年4月12日,四層,,
RPSNMLOLKIKGFCD18CC,48,4.13,共同使用部份,鋼筋混凝土造,67年4月12日,四層,,
RPSOMLOLKIKGFCD28CC,27,57.20,住家用,鋼筋混凝土造,87年12月18日,十四層,,
RPSOMLOLKIKGFCD28CC,27,5.60,共同使用部份,鋼筋混凝土造,87年12月18日,十四層,,
RPSOMLOLKIKGFCD28CC,27,1.19,共同使用部份,鋼筋混凝土造,87年12月18日,十四層,,
RPSOMLOLKIKGFCD28CC,27,6.03,共同使用部份,鋼筋混凝土造,87年12月18日,十四層,,
RPPNMLOLKIKGFCD87CC,21,152.55,停車空間、住宅、店舖,鋼筋混凝土造,93年9月17日,四層,,
RPQNMLOLKIKGFHD48CC,33,88.81,住家用,鋼筋混凝土造,81年8月5日,七層,,
RPQNMLOLKIKGFHD48CC,33,27.71,住家用,鋼筋混凝土造,81年8月5日,七層,,
RPQNMLOLKIKGFBD87CC,1,64.99,集合住宅,鋼筋混凝土造,114年4月25日,十四層,,
RPQNMLOLKIKGFBD87CC,1,54.89,本共有部分之項目有防空避難室兼停車空間、停車空間、管委會使用空間、電信室、門廊、安全梯空間、車道、樓梯間、排煙室、水箱、昇降機房、昇降機空間、梯廳等１３項,鋼筋混凝土造,114年4月25日,十四層,,
RPRNMLOLKIKGFHD58CC,3,160.16,工場（廠）,鋼骨構造有牆,112年3月24日,一層,,
RPSQMLOLKIKGFAD28CC,18,85.10,集合住宅,鋼筋混凝土造,96年7月19日,十四層,,
RPSQMLOLKIKGFAD28CC,18,45.70,共同使用部份,鋼筋混凝土造,96年7月19日,十四層,,
RPSQMLOLKIKGFAD28CC,18,14.85,共同使用部份,鋼筋混凝土造,96年7月19日,十四層,,
RPRNMLOLKIKGFFD38CC,2,101.49,集合住宅,鋼筋混凝土造,112年9月27日,十層,,
RPSNMLOLKIKGFHD68CC,2,58.69,集合住宅,鋼筋混凝土造,113年6月3日,六層,,
RPRNMLOLKIKGFFD38CC,2,77.61,本共有部分之項目有電機設備、台電配電場所、一般昇降機、梯廳、一般安全梯、停車空間、機電設備、公共服務空間、垃圾處理場、廁所、門廊、管理維護空間、樓梯間及水箱等１４項,鋼筋混凝土造,112年9月27日,十層,,
RPSNMLOLKIKGFHD68CC,2,22.76,共有部份：安全梯間、梯廳、無障礙電梯、機電設備空間、停車空間、門廊、管理維護使用空間、樓梯間、水塔等９項。,鋼筋混凝土造,113年6月3日,六層,,
RPUOMLOLKIKGFCD48CC,26,90.39,集合住宅,鋼筋混凝土造,88年10月21日,十三層,,
RPUOMLOLKIKGFCD48CC,26,17.73,共同使用部份,鋼筋混凝土造,88年10月21日,十三層,,
RPUOMLOLKIKGFCD48CC,26,31.51,共同使用部份,鋼筋混凝土造,88年10月21日,十三層,,
RPWOMLOLKIKGFCD68CC,15,26.45,宿舍、停車空間,鋼筋混凝土造,99年9月15日,三層,,
RPUNMLOLKIKGFHD88CC,4,63.60,集合住宅,鋼筋混凝土造,110年10月4日,五層,,
RPUNMLOLKIKGFHD88CC,4,17.38,本共有部分之項目有門廊、停車空間、管理委員會使用空間、梯廳、樓梯、昇降機、電信室等７項,鋼筋混凝土造,110年10月4日,五層,,
RPVOMLOLKIKGFCD58CC,18,21.70,住家用,鋼筋混凝土造,97年2月29日,十四層,,
RPVOMLOLKIKGFCD58CC,18,5.39,共同使用部份,鋼筋混凝土造,97年2月29日,十四層,,
RPVOMLOLKIKGFCD58CC,18,7.11,共同使用部份,鋼筋混凝土造,97年2月29日,十四層,,
RPUNMLOLKIKGFKD56CC,8,9.42,住家用,鋼筋混凝土構造,107年4月2日,五層,,
RPUNMLOLKIKGFKD56CC,8,4.19,本共有部分之項目有：電梯間，樓梯間及水箱等３項,鋼筋混凝土構造,107年4月2日,五層,,
RPPNMLOLKIKGFKD68CC,19,8.54,辦公室,鋼筋混凝土造,95年9月18日,八層,,
RPPNMLOLKIKGFKD68CC,19,8.54,共同使用部份,鋼筋混凝土造,95年9月18日,八層,,
RPTNMLOLKIKGFKD09CC,8,9.42,住家用,鋼筋混凝土構造,107年4月2日,五層,,
RPTNMLOLKIKGFKD09CC,8,4.19,本共有部分之項目有：電梯間，樓梯間及水箱等３項,鋼筋混凝土構造,107年4月2日,五層,,
RPTNMLOLKIKGFID88CC,22,14.88,住家用,鋼筋混凝土造,92年9月10日,十層,,
RPSNMLOLKIKGFKD98CC,19,8.64,辦公室,鋼筋混凝土造,95年9月18日,八層,,
RPSNMLOLKIKGFKD98CC,19,8.62,共同使用部份,鋼筋混凝土造,95年9月18日,八層,,
RPRNMLOLKIKGFID68CC,22,14.88,住家用,鋼筋混凝土造,92年9月10日,十層,,
RPUNMLOLKIKGFID98CC,1,84.38,集合住宅,鋼筋混凝土造,113年6月24日,十四層,,
RPUNMLOLKIKGFID98CC,1,19.29,本共有部分之項目有梯廳、管委會使用空間、停車空間等３項,鋼筋混凝土造,113年6月24日,十四層,,
RPXNMLOLKIKGFID66CC,47,97.46,住家用,加強磚造,67年12月9日,二層,,
RPUNMLOLKIKGFID98CC,1,25.02,本共有部分之項目有停車空間等１項,鋼筋混凝土造,113年6月24日,十四層,,
RPUNMLOLKIKGFID98CC,1,22.64,本共有部分之項目有機電設備空間、進風機房、梯廳兼排煙室、樓電梯間、水錶機房、消防水箱、樓梯間、電梯機房、水箱等９項,鋼筋混凝土造,113年6月24日,十四層,,
RPRNMLOLKIKGFKD88CC,19,8.64,辦公室,鋼筋混凝土造,95年9月18日,八層,,
RPRNMLOLKIKGFKD88CC,19,10.68,共同使用部份,鋼筋混凝土造,95年9月18日,八層,,
RPRNMLOLKIKGFKD88CC,19,2.92,共同使用部份,鋼筋混凝土造,95年9月18日,八層,,
RPQNMLOLKIKGFKD78CC,20,22.84,住商用,鋼筋混凝土造,95年4月3日,五層,,
RPVNMLOLKIKGFID09CC,3,68.44,集合住宅,鋼筋混凝土造,112年5月10日,五層,,
RPWNMLOLKIKGFKD76CC,8,9.42,住家用,鋼筋混凝土構造,107年4月2日,五層,,
RPVNMLOLKIKGFID09CC,3,22.73,本共有部分之項目有門廊、管委會使用空間、停車空間、安全梯、昇降機、機電等空間、樓梯間等７項,鋼筋混凝土造,112年5月10日,五層,,
RPWNMLOLKIKGFKD76CC,8,4.19,本共有部分之項目有：電梯間，樓梯間及水箱等３項,鋼筋混凝土構造,107年4月2日,五層,,
RPSNMLOLKIKGFID78CC,22,14.88,住家用,鋼筋混凝土造,92年9月10日,十層,,
RPPOMLOLKIKGFID58CC,3,50.35,集合住宅,鋼筋混凝土構造,112年1月13日,十三層,,
RPPOMLOLKIKGFID58CC,3,47.34,本共有部分之項目有停車空間、公共空間、管委會使用空間、車道、樓梯間、機房、水箱等７項,鋼筋混凝土構造,112年1月13日,十三層,,
RPWNMLOLKIKGFID56CC,33,89.87,住家用,鋼筋混凝土造,82年2月19日,七層,,
RPXNMLOLKIKGFKD86CC,8,9.42,住家用,鋼筋混凝土構造,107年4月2日,五層,,
RPWNMLOLKIKGFID56CC,33,21.17,共同使用部份,鋼筋混凝土造,82年2月19日,七層,,
RPXNMLOLKIKGFKD86CC,8,4.19,本共有部分之項目有：電梯間，樓梯間及水箱等３項,鋼筋混凝土構造,107年4月2日,五層,,
RPVNMLOLKIKGFKD66CC,8,9.68,住家用,鋼筋混凝土構造,107年4月2日,五層,,
RPWNMLOLKIKGFID56CC,33,3.40,共同使用部份,鋼筋混凝土造,82年2月19日,七層,,
RPVNMLOLKIKGFKD66CC,8,4.31,本共有部分之項目有：電梯間，樓梯間及水箱等３項,鋼筋混凝土構造,107年4月2日,五層,,
RPWNMLOLKIKGFID56CC,33,4.62,共同使用部份,鋼筋混凝土造,82年2月19日,七層,,
RPWNMLOLKIKGFID56CC,33,3.58,共同使用部份,鋼筋混凝土造,82年2月19日,七層,,
RPWNMLOLKIKGFID56CC,33,3.60,共同使用部份,鋼筋混凝土造,82年2月19日,七層,,
RPWNMLOLKIKGFID56CC,33,3.24,共同使用部份,鋼筋混凝土造,82年2月19日,七層,,
RPWNMLOLKIKGFID56CC,33,2.89,共同使用部份,鋼筋混凝土造,82年2月19日,七層,,
RPPOMLOLKIKGFKD78CC,33,90.79,住家用,鋼筋混凝土造,81年7月23日,十七層,,
RPPOMLOLKIKGFKD78CC,33,19.76,共同使用部份,鋼筋混凝土造,81年7月23日,十七層,,
RPPOMLOLKIKGFKD78CC,33,2.14,共同使用部份,鋼筋混凝土造,81年7月23日,十九層,,
RPPOMLOLKIKGFKD78CC,33,4.73,共同使用部份,鋼筋混凝土造,81年7月23日,十九層,,
RPOOMLOLKIKGFKD68CC,20,22.84,住商用,鋼筋混凝土造,95年4月3日,五層,,
RPQOMLOLKIKGFKD88CC,15,26.02,住家用,鋼筋混凝土造,99年12月23日,四層,,
RPROMLOLKIKGFKD98CC,30,246.45,住商用,鋼筋混凝土造,85年2月16日,十三層,,
RPROMLOLKIKGFKD98CC,30,30.00,共同使用部份,,85年2月16日,十三層,,
RPROMLOLKIKGFKD98CC,30,10.36,共同使用部份,鋼筋混凝土造,85年2月16日,十三層,,
RPVOMLOLKIKGFKD76CC,30,84.26,住家用,鋼筋混凝土造,85年2月16日,十三層,,
RPVOMLOLKIKGFKD76CC,30,10.46,共同使用部份,,85年2月16日,十三層,,
RPVOMLOLKIKGFKD76CC,30,3.63,共同使用部份,鋼筋混凝土造,85年2月16日,十三層,,
RPXOMLOLKIKGFKD96CC,43,79.08,住家用,加強磚造,72年6月20日,二層,,
RPPPMLOLKIKGFKD88CC,43,101.84,住家用,加強磚造,72年5月18日,二層,,
RPUOMLOLKIKGFKD66CC,31,270.53,住家用,鋼筋混凝土造,83年7月9日,四層,,
RPOPMLOLKIKGFKD78CC,25,36.32,住家用,鋼筋混凝土造,90年1月10日,十一層,,
RPOPMLOLKIKGFKD78CC,25,8.23,共同使用部份,鋼筋混凝土造,90年1月10日,十一層,,
RPOPMLOLKIKGFKD78CC,25,5.34,共同使用部份,鋼筋混凝土造,90年1月10日,十一層,,
RPTOMLOLKIKGFKD56CC,32,35.55,住家用,鋼筋混凝土造,83年5月24日,十二層,,
RPQNMLPLKIKGFAD87CC,31,67.27,商業用,鋼筋混凝土造,83年12月22日,二十一層,,
RPTOMLOLKIKGFKD56CC,32,7.98,共同使用部份,鋼筋混凝土造,83年5月24日,十二層,,
RPQNMLPLKIKGFAD87CC,31,11.69,共同使用部份,鋼筋混凝土造,83年12月22日,二十一層,,
RPTOMLOLKIKGFKD56CC,32,6.73,共同使用部份,鋼筋混凝土造,83年5月24日,十二層,,
RPQNMLPLKIKGFAD87CC,31,10.44,共同使用部份,鋼筋混凝土造,83年12月22日,二十一層,,
RPRNMLPLKIKGFID78CC,1,55.55,集合住宅,鋼筋混凝土造,114年1月7日,六層,,
RPWOMLOLKIKGFKD86CC,31,72.29,國民住宅,鋼筋混凝土造,83年10月6日,十二層,,
RPRNMLPLKIKGFID78CC,1,51.14,本共有部分之項目有停車空間、公共空間、樓梯間等３項,鋼筋混凝土造,114年1月7日,六層,,
RPWOMLOLKIKGFKD86CC,31,25.22,共同使用部份,鋼筋混凝土造,83年10月6日,十二層,,
RPQNMLQLKIKGFAD97CC,45,70.92,住商用,鋼筋混凝土造,70年3月9日,三層,,
RPPNMLPLKIKGFBD87CC,2,84.68,集合住宅,鋼筋混凝土造,113年4月30日,五層,,
RPPNMLPLKIKGFBD87CC,2,35.75,本共有之項目有：管理委員會使用空間、梯廳、昇降機道、梯間、電信室、停車空間、電梯間、門廊、機電設備空間、樓梯間共１０項,鋼筋混凝土造,113年4月30日,五層,,
RPPNMLQLKIKGFAD87CC,43,75.57,商業用,鋼筋混凝土造,71年10月15日,十層,,
RPPNMLQLKIKGFAD87CC,43,7.22,共同使用部份,鋼筋混凝土造,71年10月15日,十層,,
RPPNMLQLKIKGFAD87CC,43,19.16,共同使用部份,,71年10月15日,十層,,
RPPNMLPLKIKGFAD77CC,35,23.57,住家用,鋼筋混凝土造,80年6月7日,五層,,
RPPNMLPLKIKGFAD77CC,35,3.31,共同使用部份,鋼筋混凝土造,80年6月7日,五層,,
RPSNMLQLKIKGFAD18CC,38,56.44,住家用,鋼筋混凝土造,77年4月5日,五層,,
RPSNMLQLKIKGFAD18CC,38,11.84,共同使用部份,鋼筋混凝土造,77年4月5日,五層,,
RPQNMLPLKIKGFKD88CC,32,20.59,住家用,鋼筋混凝土造,82年12月30日,九層,,
RPQNMLPLKIKGFKD88CC,32,16.01,共同使用部份,鋼筋混凝土造,82年12月30日,九層,,
RPTNMLQLKIKGFAD28CC,27,85.62,住家用,鋼筋混凝土造,87年12月3日,十四層,,
RPVNMLQLKIKGFAD48CC,1,49.93,集合住宅,鋼骨鋼筋混凝土造、鋼筋混凝土造,114年4月15日,三十四層,,
RPVNMLQLKIKGFAD48CC,1,39.17,本共有部分之項目有管委會使用空間、門廳、機電設備空間、防災中心、儲藏室、樓梯間、消防水箱、防空避難室兼停車空間、車道、停車空間、自來水箱、梯廳、陽台、電信機房等１４項。,鋼骨鋼筋混凝土造、鋼筋混凝土造,114年4月15日,三十四層,,
RPTNMLQLKIKGFAD28CC,27,23.42,共同使用部份,鋼筋混凝土造,87年12月3日,十四層,,
RPRNMLQLKIKGFAD08CC,32,41.06,住家用,鋼筋混凝土造,83年1月8日,六層,,
RPUNMLQLKIKGFAD38CC,34,18.77,住家用,鋼筋混凝土造,80年7月29日,七層,,
RPRNMLQLKIKGFAD08CC,32,12.52,共同使用部份,鋼筋混凝土造,83年1月8日,六層,,
RPUNMLQLKIKGFAD38CC,34,2.86,共同使用部份,鋼筋混凝土造,80年7月29日,七層,,
RPUNMLQLKIKGFAD38CC,34,3.90,共同使用部份,鋼筋混凝土造,80年7月29日,七層,,
RPUNMLQLKIKGFAD38CC,34,1.43,共同使用部份,鋼筋混凝土造,80年7月29日,七層,,
RPXNMLQLKIKGFAD68CC,2,48.19,集合住宅,鋼筋混凝土造,112年11月8日,二十二層,,
RPXNMLQLKIKGFAD68CC,2,44.50,本共有部分之項目有防空避難室兼停車空間、停車空間、管委會使用空間、梯間、門廳兼梯廳、樓梯間、機械室、水箱、門廊、車道、排煙室、管道間等１２項,鋼筋混凝土造,112年11月8日,二十二層,,
RPWNMLQLKIKGFAD58CC,33,19.13,住家用,鋼筋混凝土造,82年3月27日,六層,,
RPWNMLQLKIKGFAD58CC,33,5.50,共同使用部份,鋼筋混凝土造,82年3月27日,六層,,
RPOOMLQLKIKGFAD87CC,36,194.71,住商用,鋼筋混凝土造,79年3月27日,三層,,
RPPNMLQLKIKGFBD97CC,49,93.36,住家用,加強磚造,65年9月17日,二層,,
RPOOMLQLKIKGFAD87CC,36,42.89,共同使用部份,鋼筋混凝土造,79年3月27日,三層,,
RPPOMLQLKIKGFAD97CC,10,72.58,集合住宅,鋼筋混凝土構造,104年11月5日,二十四層,,
RPPOMLQLKIKGFAD97CC,10,30.74,本共有部分之項目：有樓梯間、門廊、門廳、管委會使用空間、防災中心、停車空間、防空避難室、車道、游泳池、機房自來水池等項,鋼筋混凝土構造,104年11月5日,二十四層,,
RPRNMLQLKIKGFBD18CC,49,88.65,住家用,鋼筋混凝土造,66年3月11日,三層,,
RPRNMLQLKIKGFCD28CC,36,16.01,住家用,鋼筋混凝土造,78年12月20日,五層,,
RPRNMLQLKIKGFCD28CC,36,6.09,共同使用部份,鋼筋混凝土造,78年12月20日,五層,,
RPQNMLQLKIKGFBD08CC,2,83.64,集合住宅,鋼筋混凝土造,113年2月29日,七層,,
RPQNMLQLKIKGFBD08CC,2,43.24,本共有部分之項目有：防空避難室兼停車空間、停車空間、樓梯間、梯廳、升降機道、機械室、水箱、管委會使用空間、機電設備空間、車道、機械設備空間、門廊共１２項。,鋼筋混凝土造,113年2月29日,七層,,
RPQNMLQLKIKGFCD18CC,44,103.93,住家用,鋼筋混凝土造,71年5月3日,五層,,
RPQNMLQLKIKGFCD18CC,44,14.43,共同使用部份,鋼筋混凝土造,71年5月3日,五層,,
RPTNMLQLKIKGFCD48CC,25,101.76,住家用,鋼筋混凝土造,89年11月28日,二十層,,
RPTNMLQLKIKGFCD48CC,25,11.19,共同使用部份,鋼筋混凝土造,89年11月28日,二十層,,
RPTNMLQLKIKGFCD48CC,25,16.79,共同使用部份,鋼筋混凝土造,89年11月28日,二十層,,
RPTNMLQLKIKGFCD48CC,25,14.25,共同使用部份,鋼筋混凝土造,89年11月28日,二十層,,
RPWNMLQLKIKGFCD78CC,26,89.46,集合住宅,鋼筋混凝土造,88年10月21日,十三層,,
RPWNMLQLKIKGFCD78CC,26,18.21,共同使用部份,鋼筋混凝土造,88年10月21日,十三層,,
RPWNMLQLKIKGFCD78CC,26,31.08,共同使用部份,鋼筋混凝土造,88年10月21日,十三層,,
RPVNMLQLKIKGFCD68CC,42,69.66,集合住宅,鋼筋混凝土造,72年7月18日,五層,,
RPPNMLQLKIKGFCD08CC,35,16.38,住家用,鋼筋混凝土造,79年12月1日,五層,,
RPUNMLQLKIKGFCD58CC,43,71.02,住家用,鋼筋混凝土造,72年2月4日,七層,,
RPPNMLQLKIKGFCD08CC,35,13.51,共同使用部份,鋼筋混凝土造,79年12月1日,五層,,
RPVNMLQLKIKGFCD68CC,42,5.79,共同使用部份,鋼筋混凝土造,72年7月18日,五層,,
RPUNMLQLKIKGFCD58CC,43,25.84,共同使用部份,鋼筋混凝土造,72年2月4日,七層,,
RPXNMLQLKIKGFCD88CC,7,67.39,集合住宅,鋼筋混凝土構造,108年2月13日,七層,,
RPXNMLQLKIKGFCD88CC,7,35.61,本共有部分之項目有防空避難室兼停車空間、停車空間、管理委員會室、排風設備、電梯、梯廳、安全梯梯間等７項。,鋼筋混凝土構造,108年2月13日,七層,,
RPXNMLQLKIKGFCD88CC,7,13.77,本共有部分之項目有防空避難室兼停車空間、停車空間等２項。,鋼筋混凝土構造,108年2月13日,七層,,
RPOOMLQLKIKGFCD08CC,32,30.96,住家用,鋼筋混凝土造,82年7月14日,六層,,
RPPNMLQLKIKGFDD18CC,,53.93,店舖、地下層、旅社,鋼筋混凝土造,,十層,,
RPQOMLQLKIKGFCD28CC,35,20.07,住家用,鋼筋混凝土造,80年5月18日,十一層,,
RPQOMLQLKIKGFCD28CC,35,1.82,共同使用部份,鋼筋混凝土造,80年5月18日,十一層,,
RPQOMLQLKIKGFCD28CC,35,6.28,共同使用部份,鋼筋混凝土造,80年5月18日,十一層,,
RPOOMLQLKIKGFCD08CC,32,10.19,共同使用部份,鋼筋混凝土造,82年7月14日,六層,,
RPQNMLQLKIKGFDD28CC,,44.00,店舖、地下層、旅社,鋼筋混凝土造,,十層,,
RPPOMLQLKIKGFCD18CC,41,84.20,住家用,鋼筋混凝土造,74年4月27日,七層,,
RPPOMLQLKIKGFCD18CC,41,26.90,共同使用部份,鋼筋混凝土造,74年4月27日,七層,,
RPRNMLQLKIKGFDD38CC,33,23.52,住家用,鋼筋混凝土造,82年4月1日,四層,,
RPRNMLQLKIKGFDD38CC,33,10.66,共同使用部份,鋼筋混凝土造,82年4月14日,四層,,
RPPNMLQLKIKGFHD58CC,32,158.59,住家用,鋼筋混凝土造,82年12月23日,三層,,
RPTNMLQLKIKGFHD98CC,5,50.66,集合住宅,鋼筋混凝土造,109年10月21日,十四層,,
RPPNMLQLKIKGFID68CC,16,13.25,住家用,鋼筋混凝土造,99年1月14日,三層,,
RPPNMLQLKIKGFFD38CC,4,215.77,住家用,鋼筋混凝土構造,110年7月7日,三層,,
RPQNMLQLKIKGFGD58CC,,69.64,集合住宅,鋼筋混凝土造,114年7月31日,五層,,
RPTNMLQLKIKGFHD98CC,5,13.92,本共有部分之項目有停車空間、公共空間、樓電梯間、梯廳、梯間、水錶間、水箱等７項,鋼筋混凝土造,109年10月21日,十四層,,
RPQNMLQLKIKGFGD58CC,,34.50,共同使用部份,鋼筋混凝土造,114年7月31日,五層,,
RPTNMLQLKIKGFHD98CC,5,11.60,本共有部分之項目有樓梯間等１項,鋼筋混凝土造,109年10月21日,十四層,,
RPSNMLQLKIKGFDD48CC,,44.02,店舖、地下層、旅社,鋼筋混凝土造,,十層,,
RPRNMLQLKIKGFHD78CC,9,62.68,集合住宅,鋼筋混凝土造,106年5月5日,七層,,
RPRNMLQLKIKGFHD78CC,9,16.47,集合住宅，停車空間，管委會空間,鋼筋混凝土造,106年5月5日,七層,,
RPQNMLQLKIKGFHD68CC,35,190.66,門廊住宅,鋼筋混凝土造,80年6月18日,三層,,
RPRNMLQLKIKGFHD78CC,9,10.42,樓梯間，機房，水箱,鋼筋混凝土造,106年5月5日,七層,,
RPQNMLQLKIKGFID78CC,5,57.99,集合住宅,鋼筋混凝土構造,110年3月15日,二十四層,,
RPQNMLQLKIKGFID78CC,5,29.83,本共有部分之項目有管委會使用空間、停車空間、機電設備空間、防空避難室兼停車空間、台電配電場所、自來水箱、車道、門廳、儲藏室、機房、樓梯間、消防水箱等１２項,鋼筋混凝土構造,110年3月15日,二十四層,,
RPRNMLQLKIKGFID88CC,32,97.14,住家用,鋼筋混凝土造,82年12月24日,十層,,
RPRNMLQLKIKGFID88CC,32,36.64,共同使用部份,鋼筋混凝土造,82年12月24日,十層,,
RPUNMLQLKIKGFID56CC,16,112.14,住家用,鋼筋混凝土造,99年4月22日,十四層,,
RPSNMLQLKIKGFID98CC,16,112.14,住家用,鋼筋混凝土造,99年4月22日,十四層,,
RPUNMLQLKIKGFID56CC,16,62.01,本共有部分之項目有防空避難室兼停車空間、管委會使用空間、突出物１、２層、梯間、機械室、水箱。,鋼筋混凝土造,99年4月22日,十四層,,
RPSNMLQLKIKGFID98CC,16,62.01,本共有部分之項目有防空避難室兼停車空間、管委會使用空間、突出物１、２層、梯間、機械室、水箱。,鋼筋混凝土造,99年4月22日,十四層,,
RPVNMLQLKIKGFKD86CC,30,70.55,住家用,鋼筋混凝土造,84年9月8日,十九層,,
RPVNMLQLKIKGFKD86CC,30,25.68,共同使用部份,鋼筋混凝土造,84年9月8日,十九層,,
RPUNMLQLKIKGFKD76CC,32,54.12,住家用,鋼筋混凝土造,82年9月10日,八層,,
RPUNMLQLKIKGFKD76CC,32,28.47,共同使用部份,鋼筋混凝土造,82年9月10日,八層,,
RPTNMLQLKIKGFKD66CC,31,44.83,辦公室。,鋼筋混凝土造,84年3月31日,十五層,,
RPSNMLQLKIKGFKD56CC,32,25.22,住家用,鋼筋混凝土造,82年8月27日,十五層,,
RPTNMLQLKIKGFKD66CC,31,9.75,共同使用部份,鋼筋混凝土造,84年3月31日,十五層,,
RPTNMLQLKIKGFKD66CC,31,37.44,共同使用部份,鋼筋混凝土造,84年3月31日,十五層,,
RPSNMLQLKIKGFKD56CC,32,6.80,共同使用部份,鋼筋混凝土造,82年8月27日,十五層,,
RPSNMLQLKIKGFKD56CC,32,3.83,避難室兼停車空間、梯間、清水池、配電室、門廊、消防泵浦間、交誼廳、乒乓球室。,鋼筋混凝土造,82年8月27日,十六層,,
RPXNMLQLKIKGFKD07CC,44,96.80,住家用,加強磚造,70年8月8日,二層,,
RPPNMLQLKIKGFKD88CC,31,23.14,法定停車位、住宅、店舖。,鋼筋混凝土造,84年5月6日,四層,,
RPQNMLQLKIKGFKD98CC,31,34.12,住家用,鋼筋混凝土造,84年1月9日,八層,,
RPQNMLQLKIKGFKD98CC,31,3.74,共同使用部份,鋼筋混凝土造,84年1月9日,八層,,
RPQNMLQLKIKGFKD98CC,31,4.69,共同使用部份,鋼筋混凝土造,84年1月9日,八層,,
RPTNMLQLKIKGFID09CC,18,8.04,辦公室,鋼筋混凝土造,96年9月20日,四層,,
RPTNMLQLKIKGFID09CC,18,5.59,共同使用部份,鋼筋混凝土造,96年9月20日,四層,,
RPWNMLQLKIKGFKD96CC,10,26.21,店舖，住宅,鋼筋混凝土構造,104年12月2日,四層,,
RPROMLQLKIKGFKD56CC,31,35.60,辦公室。,鋼筋混凝土造,84年3月31日,十五層,,
RPROMLQLKIKGFKD56CC,31,7.98,共同使用部份,鋼筋混凝土造,84年3月31日,十五層,,
RPPOMLQLKIKGFKD98CC,30,57.48,住家用,鋼筋混凝土造,85年1月29日,十六層,,
RPPOMLQLKIKGFKD98CC,30,6.85,共同使用部份,鋼筋混凝土造,85年1月29日,十七層,,
RPPOMLQLKIKGFKD98CC,30,3.30,共同使用部份,鋼筋混凝土造,85年1月29日,十六層,,
RPUOMLQLKIKGFKD86CC,18,96.61,住家用,鋼筋混凝土造,96年9月20日,十四層,,
RPUOMLQLKIKGFKD86CC,18,59.63,共同使用部份,鋼筋混凝土造,96年9月20日,十四層,,
RPSOMLQLKIKGFKD66CC,45,70.22,住家用,鋼筋混凝土造,70年6月4日,五層,,
RPVOMLQLKIKGFKD96CC,20,13.38,辦公室,鋼筋混凝土造,94年7月8日,六層,,
RPSOMLQLKIKGFKD66CC,45,15.30,共同使用部份,鋼筋混凝土造,70年6月4日,五層,,
RPVOMLQLKIKGFKD96CC,20,11.74,共同使用部份,鋼筋混凝土造,94年7月8日,六層,,
RPTOMLQLKIKGFKD76CC,20,8.55,辦公室,鋼筋混凝土造,94年7月8日,六層,,
RPTOMLQLKIKGFKD76CC,20,8.09,共同使用部份,鋼筋混凝土造,94年7月8日,六層,,
RPOOMLQLKIKGFKD88CC,32,20.41,住家用,鋼筋混凝土造,82年8月27日,十五層,,
RPOOMLQLKIKGFKD88CC,32,5.22,共同使用部份,鋼筋混凝土造,82年8月27日,十五層,,
RPOOMLQLKIKGFKD88CC,32,2.95,避難室兼停車空間、梯間、清水池、配電室、門廊、消防泵浦間、交誼廳、乒乓球室。,鋼筋混凝土造,82年8月27日,十六層,,
RPQOMLQLKIKGFKD09CC,32,17.13,住家用,鋼筋混凝土造,83年4月13日,七層,,
RPQOMLQLKIKGFKD09CC,32,6.12,共同使用部份,鋼筋混凝土造,83年4月13日,七層,,
RPWOMLQLKIKGFKD07CC,20,8.64,辦公室,鋼筋混凝土造,94年7月8日,六層,,
RPWOMLQLKIKGFKD07CC,20,8.09,共同使用部份,鋼筋混凝土造,94年7月8日,六層,,
RPXOMLQLKIKGFKD17CC,2,87.29,集合住宅,鋼筋混凝土構造,112年8月18日,十五層,,
RPRNMLRLKIKGFCD38CC,42,96.43,住家用,鋼筋混凝土造,72年12月16日,五層,,
RPXOMLQLKIKGFKD17CC,2,16.23,本共有部分之項目有：停車空間，防空避難室兼停車空間，公共空間，專用汙水處理設施，消防蓄水池，管委會，梯廳，環保室，車道，無障礙廁所，門廊等１１項,鋼筋混凝土構造,112年8月18日,十五層,,
RPRNMLRLKIKGFCD38CC,42,13.44,共同使用部份,鋼筋混凝土造,72年12月16日,五層,,
RPXOMLQLKIKGFKD17CC,2,.01,店舖,鋼筋混凝土構造,112年8月18日,十五層,,
RPXOMLQLKIKGFKD17CC,2,34.40,本共有部分之項目有：停車空間，防空避難室兼停車空間，公共空間，專用汙水處理設施，消防蓄水池，管委會，梯廳，環保室，車道，無障礙廁所，門廊等１１項,鋼筋混凝土構造,112年8月18日,十五層,,
RPXOMLQLKIKGFKD17CC,2,20.63,本共有部分之項目有：安全梯，戶外安全梯，機電空間，排煙室，梯廳，緊急升降機，電梯，管道間，電梯機械室，水箱等１０項,鋼筋混凝土構造,112年8月18日,十五層,,
RPOPMLQLKIKGFKD98CC,44,59.40,住家用,鋼筋混凝土造,71年2月22日,五層,,
RPOPMLQLKIKGFKD98CC,44,10.37,共同使用部份,鋼筋混凝土造,71年2月22日,五層,,
RPQNMLRLKIKGFCD28CC,29,126.65,集合住宅,鋼筋混凝土造,85年6月29日,十二層,,
RPQNMLRLKIKGFCD28CC,29,42.93,共同使用部份,鋼筋混凝土造,85年6月29日,十二層,,
RPQNMLRLKIKGFCD28CC,29,21.49,共同使用部份,鋼筋混凝土造,85年6月29日,十二層,,
RPPNMLRLKIKGFAD97CC,44,52.69,住家用,鋼筋混凝土造,70年12月24日,六層,,
RPPNMLRLKIKGFAD97CC,44,12.15,共同使用部份,鋼筋混凝土造,70年12月24日,六層,,
RPPNMLRLKIKGFAD97CC,44,4.41,共同使用部份,鋼筋混凝土造,70年12月24日,六層,,
RPSNMLRLKIKGFCD48CC,26,96.49,集合住宅,鋼筋混凝土造,88年10月21日,十三層,,
RPPNMLRLKIKGFGD58CC,3,153.88,Ｈ２：住宅,鋼筋混凝土造,111年7月7日,三層,,
RPSNMLRLKIKGFCD48CC,26,18.31,共同使用部份,鋼筋混凝土造,88年10月21日,十三層,,
RPSNMLRLKIKGFCD48CC,26,33.73,共同使用部份,鋼筋混凝土造,88年10月21日,十三層,,
RPPNMLRLKIKGFKD98CC,30,14.49,住家用,鋼筋混凝土造,85年1月30日,七層,,
RPPNMLRLKIKGFKD98CC,30,7.66,共同使用部份,鋼筋混凝土造,85年1月30日,七層,,
RPPNMLRLKIKGFID78CC,5,56.94,集合住宅,鋼筋混凝土構造,110年3月15日,二十四層,,
RPPNMLRLKIKGFID78CC,5,46.72,本共有部分之項目有管委會使用空間、停車空間、機電設備空間、防空避難室兼停車空間、台電配電場所、自來水箱、車道、門廳、儲藏室、機房、樓梯間、消防水箱等１２項,鋼筋混凝土構造,110年3月15日,二十四層,,
RPSNMLRLKIKGFKD66CC,29,34.99,住家用,鋼筋混凝土造,86年5月29日,二十層,,
RPSNMLRLKIKGFKD66CC,29,371.47,共同使用部份,鋼筋混凝土造,86年5月29日,二十層,,
RPSNMLRLKIKGFKD66CC,29,6.38,共同使用部份,鋼筋混凝土造,86年5月29日,二十層,,
RPQNMLRLKIKGFKD09CC,30,85.09,住家用,鋼筋混凝土造,84年8月12日,八層,,
RPQNMLRLKIKGFKD09CC,30,36.21,共同使用部份,鋼筋混凝土造,84年8月12日,八層,,
RPTNMLTLKIKGFAD58CC,43,18.40,商業用,鋼筋混凝土造,71年11月19日,七層,,
RPPNMLTLKIKGFAD18CC,17,58.11,集合住宅,鋼筋混凝土造,98年1月9日,十四層,,
RPPNMLTLKIKGFAD18CC,17,21.91,共同使用部份,鋼筋混凝土造,98年1月9日,十四層,,
RPPNMLRLKIKGFHD68CC,28,108.65,住家用,鋼筋混凝土造,86年8月25日,八層,,
RPPNMLRLKIKGFHD68CC,28,33.55,停車空間，消防機房，配電室，避難室，發電機房,鋼筋混凝土造,86年8月25日,八層,,
RPPNMLRLKIKGFHD68CC,28,13.45,水塔樓梯間機械房,鋼筋混凝土造,86年8月25日,八層,,
RPQNMLTLKIKGFAD28CC,31,24.70,住商用,鋼筋混凝土造,83年7月2日,五層,,
RPVNMLTLKIKGFAD78CC,43,28.70,商業用,鋼筋混凝土造,71年10月12日,十二層,,
RPVNMLTLKIKGFAD78CC,43,9.89,共同使用部份,鋼筋混凝土造,71年10月12日,十二層,,
RPRNMLTLKIKGFAD38CC,43,18.40,商業用,鋼筋混凝土造,71年11月19日,七層,,
RPUNMLTLKIKGFAD68CC,30,29.77,住家用,鋼筋混凝土造,84年7月4日,十八層,,
RPUNMLTLKIKGFAD68CC,30,13.74,共同使用部份,鋼筋混凝土造,84年7月4日,十八層,,
RPWNMLTLKIKGFAD88CC,35,22.11,住家用,鋼筋混凝土造,80年2月2日,六層,,
RPWNMLTLKIKGFAD88CC,35,4.46,共同使用部份,鋼筋混凝土造,80年2月2日,六層,,
RPWNMLTLKIKGFAD88CC,35,3.44,共同使用部份,鋼筋混凝土造,80年2月2日,六層,,
RPWNMLTLKIKGFAD88CC,35,4.26,共同使用部份,鋼筋混凝土造,80年2月2日,六層,,
RPSNMLTLKIKGFAD48CC,1,49.93,集合住宅,鋼骨鋼筋混凝土造、鋼筋混凝土造,114年4月15日,三十四層,,
RPSNMLTLKIKGFAD48CC,1,52.09,本共有部分之項目有管委會使用空間、門廳、機電設備空間、防災中心、儲藏室、樓梯間、消防水箱、防空避難室兼停車空間、車道、停車空間、自來水箱、梯廳、陽台、電信機房等１４項。,鋼骨鋼筋混凝土造、鋼筋混凝土造,114年4月15日,三十四層,,
RPPOMLTLKIKGFAD28CC,31,20.41,住家用,鋼筋混凝土造,84年3月7日,十二層,,
RPPOMLTLKIKGFAD28CC,31,2.63,共同使用部份,鋼筋混凝土造,84年3月7日,十二層,,
RPPOMLTLKIKGFAD28CC,31,4.32,共同使用部份,鋼筋混凝土造,84年3月7日,十二層,,
RPOOMLTLKIKGFAD18CC,42,84.02,住家用,鋼筋混凝土造,72年8月17日,五層,,
RPOOMLTLKIKGFAD18CC,42,6.11,共同使用部份,鋼筋混凝土造,72年8月17日,五層,,
RPOOMLTLKIKGFAD18CC,42,7.99,共同使用部份,鋼筋混凝土造,72年8月17日,五層,,
RPPNMLTLKIKGFBD28CC,19,200.72,住家用,鋼筋混凝土造,95年9月15日,四層,,
RPQNMLTLKIKGFBD38CC,43,94.60,住家用,加強磚造,72年2月21日,二層,,
RPRNMLTLKIKGFBD48CC,1,67.53,集合住宅,鋼筋混凝土造,114年4月25日,十四層,,
RPRNMLTLKIKGFBD48CC,1,56.11,本共有部分之項目有防空避難室兼停車空間、停車空間、管委會使用空間、電信室、門廊、安全梯空間、車道、樓梯間、排煙室、水箱、昇降機房、昇降機空間、梯廳等１３項,鋼筋混凝土造,114年4月25日,十四層,,
RPQNMLTLKIKGFDD58CC,30,32.86,住商用,鋼筋混凝土造,84年11月3日,四層,,
RPSNMLTLKIKGFHD56CC,7,28.00,店舖，住宅,鋼筋混凝土造,107年12月14日,四層,,
RPPNMLTLKIKGFFD68CC,46,149.54,住家用,加強磚造,69年3月26日,二層,,
RPQNMLTLKIKGFHD98CC,21,224.69,住家用,鋼筋混凝土造,94年2月24日,四層,,
RPPNMLTLKIKGFGD78CC,32,187.78,住商用,鋼筋混凝土造,82年7月31日,五層,,
RPRNMLTLKIKGFHD09CC,3,166.46,廠房,鋼骨構造,111年12月20日,一層,,
RPPNMLTLKIKGFCD38CC,26,89.46,國民住宅,鋼筋混凝土造,88年10月21日,十三層,,
RPPNMLTLKIKGFCD38CC,26,14.61,共同使用部份,鋼筋混凝土造,88年10月21日,十三層,,
RPPNMLTLKIKGFCD38CC,26,31.08,共同使用部份,鋼筋混凝土造,88年10月21日,十三層,,
RPXNMLTLKIKGFCD56CC,32,25.21,住家用,鋼筋混凝土造,83年2月8日,八層,,
RPXNMLTLKIKGFCD56CC,32,5.46,共同使用部份,鋼筋混凝土造,83年2月8日,八層,,
RPXNMLTLKIKGFCD56CC,32,6.33,共同使用部份,鋼筋混凝土造,83年2月8日,八層,,
RPUNMLTLKIKGFCD88CC,11,200.89,住家用,鋼筋混凝土造,104年5月7日,四層,,
RPQNMLTLKIKGFID09CC,22,18.18,住家用,鋼筋混凝土造,92年9月10日,十層,,
RPSNMLTLKIKGFCD68CC,26,96.25,集合住宅,鋼筋混凝土造,88年10月21日,十三層,,
RPSNMLTLKIKGFCD68CC,26,19.72,共同使用部份,鋼筋混凝土造,88年10月21日,十三層,,
RPPNMLTLKIKGFHD88CC,1,53.11,集合住宅,鋼筋混凝土造,114年2月11日,六層,,
RPSNMLTLKIKGFCD68CC,26,33.92,共同使用部份,鋼筋混凝土造,88年10月21日,十三層,,
RPPNMLTLKIKGFHD88CC,1,17.33,本共有部分之項目有停車空間、梯廳、樓梯間、機房、管委會使用空間及門廊等６項。,鋼筋混凝土造,114年2月11日,六層,,
RPQNMLTLKIKGFCD48CC,41,96.25,住家用,鋼筋混凝土造,74年6月12日,五層,,
RPQNMLTLKIKGFCD48CC,41,14.45,共同使用部份,鋼筋混凝土造,74年6月12日,五層,,
RPWNMLTLKIKGFCD09CC,52,69.26,住家用,加強磚造,62年11月8日,二層,,
RPQNMLTLKIKGFJD56CC,34,22.00,住家用,ＲＣ造,81年5月29日,三層,,
RPRNMLTLKIKGFKD76CC,31,89.80,住家用,鋼筋混凝土造,83年11月18日,四層,,
RPUNMLTLKIKGFID86CC,1,58.09,集合住宅,鋼筋混凝土造,114年1月24日,十四層,,
RPUNMLTLKIKGFID86CC,1,45.94,本共有部分之項目有停車空間、管委會使用空間、車道、環保室、昇降機、梯廳、機電設備空間、安全梯、緊急昇降機、門廊等１０項,鋼筋混凝土造,114年1月24日,十四層,,
RPUNMLTLKIKGFID86CC,1,15.18,本共有部分之項目有昇降機、梯廳、機電設備空間、安全梯、緊急昇降機、電樓梯間、機房、機械房、水箱等９項,鋼筋混凝土造,114年1月24日,十四層,,
RPWNMLTLKIKGFID07CC,46,133.34,住商用,鋼筋混凝土造,69年1月1日,三層,,
RPSNMLTLKIKGFID66CC,1,49.03,集合住宅,鋼筋混凝土造,114年1月24日,十四層,,
RPSNMLTLKIKGFID66CC,1,41.11,本共有部分之項目有停車空間、管委會使用空間、車道、環保室、昇降機、梯廳、機電設備空間、安全梯、緊急昇降機、門廊等１０項,鋼筋混凝土造,114年1月24日,十四層,,
RPSNMLTLKIKGFID66CC,1,12.93,本共有部分之項目有昇降機、梯廳、機電設備空間、安全梯、緊急昇降機、電樓梯間、機房、機械房、水箱等９項,鋼筋混凝土造,114年1月24日,十四層,,
RPSNMLTLKIKGFKD86CC,32,100.12,住家用,鋼筋混凝土造,82年6月14日,十二層,,
RPSNMLTLKIKGFKD86CC,32,29.83,共同使用部份,鋼筋混凝土造,82年6月14日,十二層,,
RPWNMLTLKIKGFKD27CC,33,187.06,住家用,鋼筋混凝土造,82年6月28日,四層,,
RPRNMLTLKIKGFID56CC,5,58.19,集合住宅,鋼筋混凝土構造,110年3月15日,二十四層,,
RPUNMLTLKIKGFKD07CC,30,221.77,住商用,鋼筋混凝土造,85年2月27日,四層,,
RPRNMLTLKIKGFID56CC,5,47.29,本共有部分之項目有管委會使用空間、停車空間、機電設備空間、防空避難室兼停車空間、台電配電場所、自來水箱、車道、門廳、儲藏室、機房、樓梯間、消防水箱等１２項,鋼筋混凝土構造,110年3月15日,二十四層,,
RPTNMLTLKIKGFKD96CC,7,61.93,住家用,鋼筋混凝土構造,108年3月15日,十五層,,
RPTNMLTLKIKGFKD96CC,7,54.27,本共有部分之項目有：門廊，車道，公共服務空間，管理維護空間，垃圾儲存空間，樓梯間，水塔，防空避難室兼停車空間，停車空間及梯廳等１０項,鋼筋混凝土構造,108年3月15日,十五層,,
RPVNMLTLKIKGFKD17CC,3,58.23,集合住宅,鋼筋混凝土構造,111年10月7日,十四層,,
RPPNMLTLKIKGFKD56CC,34,12.96,住家用,鋼筋混凝土造,80年10月22日,八層,,
RPVNMLTLKIKGFKD17CC,3,63.61,本共有部分之項目有：停車空間、防空避難室兼停車空間、公共服務空間、管委會空間、樓梯間、機械室、水箱、陽台等８項,鋼筋混凝土構造,111年10月7日,十四層,,
RPPNMLTLKIKGFKD56CC,34,7.92,共同使用部份,鋼筋混凝土造,80年10月22日,八層,,
RPTNMLTLKIKGFID76CC,28,92.61,住家用,鋼筋混凝土造,87年4月21日,十四層,,
RPTNMLTLKIKGFID76CC,28,9.43,防空避難室．停車空間．消防機械室．台電受電室發電室．蓄水池．門廊,鋼筋混凝土造,87年4月21日,十四層,,
RPTNMLTLKIKGFID76CC,28,16.18,門廳．梯間．機械室．管理中心,鋼筋混凝土造,87年4月21日,十四層,,
RPPOMLTLKIKGFID09CC,10,47.04,住家用,鋼筋混凝土造,104年8月17日,四層,,
RPXNMLTLKIKGFID17CC,1,53.84,集合住宅,鋼筋混凝土造,113年6月24日,十四層,,
RPXNMLTLKIKGFID17CC,1,12.31,本共有部分之項目有梯廳、管委會使用空間、停車空間等３項,鋼筋混凝土造,113年6月24日,十四層,,
RPXNMLTLKIKGFID17CC,1,25.02,本共有部分之項目有停車空間等１項,鋼筋混凝土造,113年6月24日,十四層,,
RPXNMLTLKIKGFID17CC,1,14.45,本共有部分之項目有機電設備空間、進風機房、梯廳兼排煙室、樓電梯間、水錶機房、消防水箱、樓梯間、電梯機房、水箱等９項,鋼筋混凝土造,113年6月24日,十四層,,
RPQNMLTLKIKGFKD66CC,31,80.90,住家用,鋼筋混凝土造,83年11月18日,四層,,
RPVNMLTLKIKGFID96CC,2,55.62,集合住宅,鋼筋混凝土造,112年12月8日,十五層,,
RPVNMLTLKIKGFID96CC,2,53.75,本共有部分之項目有停車空間、管委會空間、公共服務空間、梯間、樓電梯間、樓梯間、水箱、機械室等８項,鋼筋混凝土造,112年12月8日,十五層,,
RPPOMLTLKIKGFKD66CC,8,9.68,住家用,鋼筋混凝土構造,107年4月2日,五層,,
RPPOMLTLKIKGFKD66CC,8,4.31,本共有部分之項目有：電梯間，樓梯間及水箱等３項,鋼筋混凝土構造,107年4月2日,五層,,
RPOOMLTLKIKGFKD56CC,8,9.68,住家用,鋼筋混凝土構造,107年4月2日,五層,,
RPOOMLTLKIKGFKD56CC,8,4.31,本共有部分之項目有：電梯間，樓梯間及水箱等３項,鋼筋混凝土構造,107年4月2日,五層,,
RPXNMLTLKIKGFKD37CC,26,163.80,住家用,鋼筋混凝土造,88年7月5日,三層,,
RPQOMLTLKIKGFKD76CC,4,58.38,集合住宅,鋼筋混凝土構造,111年5月24日,十三層,,
RPQOMLTLKIKGFKD76CC,4,32.99,本共有部分項目有：梯間，車道，門廊，門廳，污物處理區，管委會空間，公共服務空間，機械室，水箱，停車空間，防空避難室兼停車空間，管理室，管道間，廁所，陽台，梯廳等１６項,鋼筋混凝土構造,111年5月24日,十三層,,
RPPNMLTLKIKGFBD38DC,3,247.78,店舖、住宅、停車空間,鋼筋混凝土造,111年9月29日,四層,,
RPUNMLKMKIKGFAD87CC,1,52.12,集合住宅,鋼骨鋼筋混凝土造、鋼筋混凝土造,114年4月15日,三十四層,,
RPUNMLKMKIKGFAD87CC,1,55.84,本共有部分之項目有管委會使用空間、門廳、機電設備空間、防災中心、儲藏室、樓梯間、消防水箱、防空避難室兼停車空間、車道、停車空間、自來水箱、梯廳、陽台、電信機房等１４項。,鋼骨鋼筋混凝土造、鋼筋混凝土造,114年4月15日,三十四層,,
RPSNMLKMKIKGFAD67CC,31,13.87,住家用,鋼筋混凝土造,83年6月24日,四層,,
RPPNMLKMKIKGFAD37CC,14,21.49,住家用,鋼筋混凝土構造,101年6月4日,五層,,
RPRNMLKMKIKGFAD57CC,13,19.27,住家用,鋼筋混凝土構造,101年6月4日,五層,,
RPXNMLKMKIKGFAD18CC,4,87.13,集合住宅,鋼筋混凝土構造,110年9月30日,十五層,,
RPVNMLKMKIKGFAD97CC,18,29.35,集合住宅,鋼筋混凝土構造,96年8月24日,十四層,,
RPPOMLKMKIKGFAD47CC,42,88.23,住商用,鋼筋混凝土造,72年11月8日,四層,,
RPVNMLKMKIKGFAD97CC,18,3.96,共同使用部份,鋼筋混凝土構造,96年8月24日,十四層,,
RPXNMLKMKIKGFAD18CC,4,80.44,本共有部分之項目有停車空間、防空避難室兼停車空間、管委會空間、門廊、梯廳、公共服務空間、梯間、機械室、水箱、車道、汙物處理區。,鋼筋混凝土構造,110年9月30日,十五層,,
RPVNMLKMKIKGFAD97CC,18,7.53,共同使用部份,鋼筋混凝土構造,96年8月24日,十四層,,
RPQNMLKMKIKGFAD47CC,46,97.79,住家用,鋼筋混凝土造,69年4月11日,四層,,
RPQNMLKMKIKGFAD47CC,46,27.16,共同使用部份,鋼筋混凝土造,69年4月11日,四層,,
RPTOMLKMKIKGFAD87CC,34,56.59,住家用,鋼筋混凝土造,80年12月13日,五層,,
RPOOMLKMKIKGFAD37CC,28,71.00,停車空間、店舖、住宅、補習班,鋼筋混凝土造,86年10月15日,六層,,
RPTOMLKMKIKGFAD87CC,34,18.74,共同使用部份,鋼筋混凝土造,80年12月13日,五層,,
RPROMLTLKIKGFKD86CC,5,87.43,集合住宅,鋼筋混凝土構造,109年9月9日,十四層,,
RPROMLTLKIKGFKD86CC,5,70.20,本建物共有部分之項目有：停車空間、防空避難室、管委會、門廊、樓梯間、水箱、機械室共７項,鋼筋混凝土構造,109年9月9日,十四層,,
RPSOMLKMKIKGFAD77CC,9,60.20,集合住宅,鋼筋混凝土構造,106年1月24日,二十層,,
RPSOMLKMKIKGFAD77CC,9,59.82,本共有部分之項目：防空避難室、停車空間、機房、樓梯間、機械房、水箱、門廳、梯間、管委會使用空間、水池、防災中心等。,鋼筋混凝土構造,106年1月24日,二十六層,,
RPWNMLKMKIKGFAD08CC,5,53.79,集合住宅,鋼筋混凝土構造,110年5月3日,十八層,,
RPUOMLKMKIKGFAD97CC,46,26.45,住商用,鋼筋混凝土造,68年8月17日,四層,,
RPWNMLKMKIKGFAD08CC,5,27.57,本共有部分之項目有防災中心、停車空間、機電設備空間、防空避難室兼停車空間、台電配電場所、自來水箱、車道、門廳、儲藏室、樓梯間、梯廳、昇降梯、屋頂平台等１３項。,鋼筋混凝土構造,110年5月3日,十八層,,
RPROMLKMKIKGFAD67CC,33,35.17,住家用,鋼筋混凝土造,81年12月22日,六層,,
RPQOMLKMKIKGFAD57CC,47,50.40,工商用,鋼筋混凝土造,67年10月12日,四層,,
RPROMLKMKIKGFAD67CC,33,6.32,共同使用部份,鋼筋混凝土造,81年12月22日,六層,,
RPROMLKMKIKGFAD67CC,33,7.53,共同使用部份,鋼筋混凝土造,81年12月22日,六層,,
RPVOMLKMKIKGFAD08CC,1,52.96,集合住宅,鋼骨鋼筋混凝土造、鋼筋混凝土造,114年4月15日,三十四層,,
RPVOMLKMKIKGFAD08CC,1,61.67,本共有部分之項目有管委會使用空間、門廳、機電設備空間、防災中心、儲藏室、樓梯間、消防水箱、防空避難室兼停車空間、車道、停車空間、自來水箱、梯廳、陽台、電信機房等１４項。,鋼骨鋼筋混凝土造、鋼筋混凝土造,114年4月15日,三十四層,,
RPXOMLKMKIKGFAD28CC,31,59.97,住家用,鋼筋混凝土造,84年1月4日,二十五層,,
RPXOMLKMKIKGFAD28CC,31,10.17,共同使用部份,鋼筋混凝土造,84年1月4日,二十四層,,
RPXOMLKMKIKGFAD28CC,31,7.55,共同使用部份,鋼筋混凝土造,84年1月4日,二十四層,,
RPWOMLKMKIKGFAD18CC,31,18.82,住家用,鋼筋混凝土造,83年11月7日,九層,,
RPWOMLKMKIKGFAD18CC,31,6.07,共同使用部份,鋼筋混凝土造,83年11月7日,九層,,
RPPNMLKMKIKGFBD47CC,4,61.07,集合住宅,鋼筋混凝土造,111年6月8日,五層,,
RPPNMLKMKIKGFBD47CC,4,25.03,本共有部分之項目有：停車空間、管理委員會空間、樓梯間、昇降機間、機電設備等５項。,鋼筋混凝土造,111年6月8日,五層,,
RPRNMLKMKIKGFCD77CC,30,21.81,住家用,鋼筋混凝土造,84年8月11日,五層,,
RPRNMLKMKIKGFCD77CC,30,8.03,共同使用部份,鋼筋混凝土造,84年8月11日,五層,,
RPPNMLKMKIKGFCD57CC,30,17.19,住家用,鋼筋混凝土造,85年2月2日,三層,,
RPPNMLKMKIKGFCD57CC,30,3.86,共同使用部份,鋼筋混凝土造,85年2月2日,三層,,
RPUNMLKMKIKGFCD08CC,26,16.53,住商用,鋼筋混凝土造,88年6月17日,五層,,
RPTNMLKMKIKGFCD97CC,27,97.62,住家用,鋼筋混凝土造,87年12月18日,十四層,,
RPTNMLKMKIKGFCD97CC,27,19.83,共同使用部份,鋼筋混凝土造,87年12月18日,十四層,,
RPTNMLKMKIKGFCD97CC,27,2.11,共同使用部份,鋼筋混凝土造,87年12月18日,十四層,,
RPTNMLKMKIKGFCD97CC,27,10.68,共同使用部份,鋼筋混凝土造,87年12月18日,十四層,,
RPQNMLKMKIKGFBD57CC,3,174.85,集合住宅,鋼筋混凝土造,112年1月17日,三層,,
RPQNMLKMKIKGFBD57CC,3,.05,本共有部分之項目有管理員室等乙項,鋼筋混凝土造,112年1月17日,一層,,
RPSOMLKMKIKGFCD97CC,35,16.91,商業用,鋼筋混凝土造,79年9月26日,十二層,,
RPQOMLKMKIKGFCD77CC,42,85.77,住家用,鋼筋混凝土造,72年11月18日,七層,,
RPSOMLKMKIKGFCD97CC,35,8.86,共同使用部份,鋼筋混凝土造,79年9月26日,十二層,,
RPQOMLKMKIKGFCD77CC,42,10.46,共同使用部份,鋼筋混凝土造,72年11月18日,七層,,
RPVNMLKMKIKGFCD18CC,31,89.25,住家用,鋼筋混凝土造,83年10月21日,八層,,
RPVNMLKMKIKGFCD18CC,31,14.73,共同使用部份,鋼筋混凝土造,83年10月21日,八層,,
RPVNMLKMKIKGFCD18CC,31,27.01,共同使用部份,鋼筋混凝土造,83年10月21日,八層,,
RPWNMLKMKIKGFCD28CC,44,16.53,住家用,鋼筋混凝土造,70年9月30日,四層,,
RPXNMLKMKIKGFCD38CC,41,49.69,住家用,鋼筋混凝土造,73年8月17日,七層,,
RPXNMLKMKIKGFCD38CC,41,17.25,共同使用部份,鋼筋混凝土造,73年8月17日,七層,,
RPOOMLKMKIKGFCD57CC,42,69.66,集合住宅,鋼筋混凝土造,72年8月20日,五層,,
RPOOMLKMKIKGFCD57CC,42,5.79,共同使用部份,鋼筋混凝土造,72年8月20日,五層,,
RPROMLKMKIKGFCD87CC,35,17.02,商業用,鋼筋混凝土造,79年9月26日,十二層,,
RPROMLKMKIKGFCD87CC,35,8.71,共同使用部份,鋼筋混凝土造,79年9月26日,十二層,,
RPQNMLKMKIKGFCD67CC,52,60.70,住家用,加強磚造,62年10月30日,二層,,
RPTOMLKMKIKGFCD08CC,1,66.70,集合住宅,鋼筋混凝土造,114年1月24日,十五層,,
RPTOMLKMKIKGFCD08CC,1,57.83,本共有部分之項目有：防空避難室兼停車空間、停車空間、車道、一般昇降機、梯廳、機電設備空間、排煙機房、樓梯間等共８項。,鋼筋混凝土造,114年1月24日,十五層,,
RPPOMLKMKIKGFCD67CC,43,87.84,集合住宅,鋼筋混凝土造,71年11月29日,五層,,
RPPOMLKMKIKGFCD67CC,43,6.23,共同使用部份,鋼筋混凝土造,71年11月29日,五層,,
RPTNMLKMKIKGFGD38CC,2,93.51,集合住宅,鋼筋混凝土造,112年12月28日,五層,,
RPTNMLKMKIKGFGD38CC,2,49.37,本共有部分之項目有停車空間、樓梯間、管理委員維護空間、電信室等４項,鋼筋混凝土造,112年12月28日,五層,,
RPSNMLKMKIKGFGD28CC,1,79.38,住家用,鋼筋混凝土造,113年7月4日,三層,,
RPRNMLKMKIKGFGD18CC,1,21.76,住家用,鋼筋混凝土造,113年7月4日,三層,,
RPUNMLKMKIKGFGD48CC,4,161.78,集合住宅,鋼筋混凝土造,110年12月8日,三層,,
RPPNMLKMKIKGFGD97CC,31,142.60,住家用,鋼筋混凝土造,84年3月13日,三層,,
RPPNMLKMKIKGFHD08CC,12,18.00,住家用,鋼筋混凝土造,102年12月2日,五層,,
RPPNMLKMKIKGFID18CC,2,77.97,集合住宅,鋼筋混凝土造,112年8月8日,十五層,,
RPPNMLKMKIKGFID18CC,2,42.41,本共有部分之項目有停車空間、管委會使用空間、梯間、車道、前廊、陽台、樓梯間、機械室、水箱等９項,鋼筋混凝土造,112年8月8日,十五層,,
RPQNMLKMKIKGFHD18CC,6,69.90,集合住宅,鋼筋混凝土造,108年11月20日,二十二層,,
RPQNMLKMKIKGFHD18CC,6,39.15,停車空間、電樓梯間、走廊、管委會使用空間、無障礙廁所、中繼設備空間、水箱、防災中心、門廳、機械室,鋼筋混凝土造,108年11月20日,二十二層,,
RPRNMLKMKIKGFID38CC,1,72.70,集合住宅,鋼筋混凝土造,113年6月24日,十四層,,
RPRNMLKMKIKGFID38CC,1,16.68,本共有部分之項目有梯廳、管委會使用空間、停車空間等３項,鋼筋混凝土造,113年6月24日,十四層,,
RPRNMLKMKIKGFID38CC,1,25.02,本共有部分之項目有停車空間等１項,鋼筋混凝土造,113年6月24日,十四層,,
RPRNMLKMKIKGFID38CC,1,19.42,本共有部分之項目有機電設備空間、進風機房、梯廳兼排煙室、樓電梯間、水錶機房、消防水箱、樓梯間、電梯機房、水箱等９項,鋼筋混凝土造,113年6月24日,十四層,,
RPOPMLKMKIKGFCD67CC,23,19.80,住宅、停車空間,鋼筋混凝土造,92年4月28日,五層,,
RPPNMLKMKIKGFKD38CC,31,19.83,法定停車位、住宅、店舖。,鋼筋混凝土造,84年5月6日,四層,,
RPUOMLKMKIKGFCD18CC,32,9.51,共同使用部份,鋼筋混凝土造,83年5月21日,十三層,,
RPUOMLKMKIKGFCD18CC,32,2.66,共同使用部份,鋼筋混凝土造,83年5月21日,十三層,,
RPUOMLKMKIKGFCD18CC,32,39.77,住家用,鋼筋混凝土造,83年5月21日,十三層,,
RPSNMLKMKIKGFID48CC,1,71.00,集合住宅,鋼筋混凝土造,113年6月24日,十四層,,
RPSNMLKMKIKGFID48CC,1,16.26,本共有部分之項目有梯廳、管委會使用空間、停車空間等３項,鋼筋混凝土造,113年6月24日,十四層,,
RPSNMLKMKIKGFID48CC,1,25.02,本共有部分之項目有停車空間等１項,鋼筋混凝土造,113年6月24日,十四層,,
RPSNMLKMKIKGFID48CC,1,18.96,本共有部分之項目有機電設備空間、進風機房、梯廳兼排煙室、樓電梯間、水錶機房、消防水箱、樓梯間、電梯機房、水箱等９項,鋼筋混凝土造,113年6月24日,十四層,,
RPWOMLKMKIKGFCD38CC,35,19.83,住家用,鋼筋混凝土造,79年8月27日,六層,,
RPWOMLKMKIKGFCD38CC,35,80.26,共同使用部份,鋼筋混凝土造,79年8月27日,六層,,
RPVOMLKMKIKGFCD28CC,47,59.42,住家用,鋼筋混凝土造,68年1月11日,五層,,
RPVOMLKMKIKGFCD28CC,47,2.27,共同使用部份,鋼筋混凝土造,68年1月11日,五層,,
RPVOMLKMKIKGFCD28CC,47,6.67,共同使用部份,鋼筋混凝土造,68年1月11日,五層,,
RPXOMLKMKIKGFCD48CC,26,193.72,住宅、停車空間,鋼筋混凝土造,88年11月17日,四層,,
RPQNMLKMKIKGFKD48CC,31,116.82,住家用,鋼筋混凝土造,83年8月3日,十六層,,
RPQNMLKMKIKGFKD48CC,31,46.95,共同使用部份,鋼筋混凝土造,83年8月3日,十六層,,
RPRNMLKMKIKGFKD58CC,8,59.55,住家用,鋼筋混凝土構造,107年3月5日,九層,,
RPRNMLKMKIKGFKD58CC,8,69.33,本共有部分包括：管理維護空間，樓梯間，門廊，停車空間，車道，機電空間，安全梯梯間，梯廳，一般昇降機，防空避難設備兼停車空間，蓄水池等１１項,鋼筋混凝土構造,107年3月5日,九層,,
RPPNMLLMKIKGFAD47CC,32,18.00,住家用,鋼筋混凝土造,82年12月9日,八層,,
RPTNMLKMKIKGFKD78CC,43,90.45,住商用,加強磚造,71年7月8日,二層,,
RPSNMLKMKIKGFKD68CC,43,92.96,住家用,加強磚造,71年12月9日,二層,,
RPQNMLLMKIKGFAD57CC,29,30.22,住家用,鋼筋混凝土造,85年11月27日,十一層,,
RPQNMLLMKIKGFAD57CC,29,7.77,共同使用部份,鋼筋混凝土造,85年11月27日,十一層,,
RPUNMLKMKIKGFKD88CC,35,28.30,住家用,鋼筋混凝土造,79年6月19日,六層,,
RPQNMLLMKIKGFAD57CC,29,3.55,共同使用部份,鋼筋混凝土造,85年11月27日,十一層,,
RPUNMLKMKIKGFKD88CC,35,10.93,共同使用部份,鋼筋混凝土造,79年6月19日,六層,,
RPUNMLKMKIKGFKD88CC,35,3.36,共同使用部份,鋼筋混凝土造,79年6月19日,六層,,
RPUNMLKMKIKGFID68CC,7,81.01,集合住宅,鋼筋混凝土構造,107年10月4日,十二層,,
RPUNMLKMKIKGFID68CC,7,81.89,本共有部分之項目有防空避難室兼停車空間、停車空間、門廊、樓梯間、機械室、水塔、蓄水池、公共服務空間、管委會使用空間、機電空間、昇降機、車道、垃圾集中室、資源回收專區、排煙室等１５項,鋼筋混凝土構造,107年10月4日,十二層,,
RPRNMLLMKIKGFAD67CC,18,53.34,集合住宅,鋼筋混凝土構造,96年8月24日,十四層,,
RPTNMLKMKIKGFID58CC,1,84.38,集合住宅,鋼筋混凝土造,113年6月24日,十四層,,
RPVNMLKMKIKGFID78CC,8,53.85,集合住宅,鋼筋混凝土構造,106年9月30日,五層,,
RPVNMLKMKIKGFID78CC,8,37.93,本共有部分之項目有集合住宅、管理維護空間、停車空間、電氣室、樓梯間、水箱、結構性過樑、資源回收專區等,鋼筋混凝土構造,106年9月30日,五層,,
RPTNMLKMKIKGFID58CC,1,19.35,本共有部分之項目有梯廳、管委會使用空間、停車空間等３項,鋼筋混凝土造,113年6月24日,十四層,,
RPTNMLKMKIKGFID58CC,1,25.02,本共有部分之項目有停車空間等１項,鋼筋混凝土造,113年6月24日,十四層,,
RPTNMLLMKIKGFAD87CC,36,15.90,住家用,鋼筋混凝土造,79年6月15日,六層,,
RPTNMLLMKIKGFAD87CC,36,4.80,共同使用部份,鋼筋混凝土造,79年6月15日,六層,,
RPTNMLKMKIKGFID58CC,1,20.93,本共有部分之項目有機電設備空間、進風機房、梯廳兼排煙室、樓電梯間、水錶機房、消防水箱、樓梯間、電梯機房、水箱等９項,鋼筋混凝土造,113年6月24日,十四層,,
RPTNMLLMKIKGFAD87CC,36,3.95,共同使用部份,鋼筋混凝土造,79年6月15日,六層,,
RPRNMLLMKIKGFAD67CC,18,15.49,共同使用部份,鋼筋混凝土構造,96年8月24日,十四層,,
RPRNMLLMKIKGFAD67CC,18,11.34,共同使用部份,鋼筋混凝土構造,96年8月24日,十四層,,
RPVNMLKMKIKGFKD98CC,33,126.39,住家用,鋼筋混凝土造,81年9月19日,二十層,,
RPVNMLKMKIKGFKD98CC,33,7.51,共同使用部份,鋼筋混凝土造,81年9月19日,二十層,,
RPVNMLKMKIKGFKD98CC,33,15.73,共同使用部份,鋼筋混凝土造,81年9月19日,二十層,,
RPUNMLLMKIKGFAD97CC,36,25.07,住家用,鋼筋混凝土造,79年5月18日,五層,,
RPUNMLLMKIKGFAD97CC,36,.01,共同使用部份,鋼筋混凝土造,79年5月18日,五層,,
RPSNMLLMKIKGFAD77CC,36,17.73,住家用,鋼筋混凝土造,79年6月15日,六層,,
RPWNMLLMKIKGFAD18CC,29,20.75,住家用,鋼筋混凝土造,85年11月27日,十一層,,
RPSNMLLMKIKGFAD77CC,36,4.80,共同使用部份,鋼筋混凝土造,79年6月15日,六層,,
RPWNMLLMKIKGFAD18CC,29,5.43,共同使用部份,鋼筋混凝土造,85年11月27日,十一層,,
RPWNMLLMKIKGFAD18CC,29,2.53,共同使用部份,鋼筋混凝土造,85年11月27日,十一層,,
RPSNMLLMKIKGFAD77CC,36,4.41,共同使用部份,鋼筋混凝土造,79年6月15日,六層,,
RPVNMLLMKIKGFAD08CC,37,161.98,商業用,鋼筋混凝土造,77年12月1日,四層,,
RPOOMLLMKIKGFAD47CC,34,24.22,住家用,鋼筋混凝土造,80年6月27日,七層,,
RPOOMLLMKIKGFAD47CC,34,5.79,共同使用部份,鋼筋混凝土造,80年6月27日,七層,,
RPPOMLLMKIKGFAD57CC,34,40.96,住家用,鋼筋混凝土造,80年12月13日,五層,,
RPXNMLLMKIKGFAD28CC,33,69.78,住家用,鋼筋混凝土造,82年6月3日,八層,,
RPPOMLLMKIKGFAD57CC,34,13.72,共同使用部份,鋼筋混凝土造,80年12月13日,五層,,
RPXNMLLMKIKGFAD28CC,33,20.32,共同使用部份,鋼筋混凝土造,82年6月3日,八層,,
RPSOMLLMKIKGFAD87CC,46,16.00,,加強磚造,68年6月14日,二層,,
RPTOMLLMKIKGFAD97CC,54,95.59,住家用,加強磚造,60年12月2日,二層,,
RPQOMLLMKIKGFAD67CC,12,23.00,店舖、住宅,鋼筋混凝土構造,102年11月21日,四層,,
RPROMLLMKIKGFAD77CC,46,13.00,,加強磚造,68年6月14日,二層,,
RPVOMLLMKIKGFAD18CC,37,27.76,住家用,鋼筋混凝土造,78年1月12日,五層,,
RPVOMLLMKIKGFAD18CC,39,6.72,共同使用部份,鋼筋混凝土造,76年1月12日,五層,,
RPPPMLLMKIKGFAD67CC,31,14.53,住家用,鋼筋混凝土造,83年6月24日,四層,,
RPUOMLLMKIKGFAD08CC,46,129.15,住家用,鋼筋混凝土造,68年12月21日,三層,,
RPOPMLLMKIKGFAD57CC,18,49.85,集合住宅,鋼筋混凝土造,96年7月19日,十四層,,
RPOPMLLMKIKGFAD57CC,18,9.83,共同使用部份,鋼筋混凝土造,96年7月19日,十四層,,
RPTNMLLMKIKGFBD97CC,,82.17,集合住宅,鋼筋混凝土造,114年7月22日,十九層,,
RPOPMLLMKIKGFAD57CC,18,11.43,共同使用部份,鋼筋混凝土造,96年7月19日,十四層,,
RPTNMLLMKIKGFBD97CC,,47.78,本共有部分之項目有防空避難室兼停車空間、停車空間、公共空間、樓梯間、水箱、機械室、門廊等７項,鋼筋混凝土造,114年7月22日,十九層,,
RPQNMLLMKIKGFBD67CC,1,51.21,集合住宅,鋼筋混凝土造,114年4月2日,十四層,,
RPQNMLLMKIKGFBD67CC,1,11.10,共同使用部份,鋼筋混凝土造,114年4月2日,十四層,,
RPQNMLLMKIKGFBD67CC,1,42.05,共同使用部份,鋼筋混凝土造,114年4月2日,十四層,,
RPSNMLLMKIKGFBD87CC,32,17.40,住家用,鋼筋混凝土造,83年4月16日,四層,,
RPUNMLLMKIKGFBD08CC,1,89.39,集合住宅,鋼筋混凝土造,114年4月25日,十四層,,
RPUNMLLMKIKGFBD08CC,1,67.35,本共有部分之項目有防空避難室兼停車空間、停車空間、管委會使用空間、電信室、門廊、安全梯空間、車道、樓梯間、排煙室、水箱、昇降機房、昇降機空間、梯廳等１３項,鋼筋混凝土造,114年4月25日,十四層,,
RPWOMLLMKIKGFAD28CC,35,58.66,住家用,鋼筋混凝土造,80年5月31日,十二層,,
RPWOMLLMKIKGFAD28CC,35,11.94,共同使用部份,鋼筋混凝土造,80年5月31日,十二層,,
RPQNMLLMKIKGFCD77CC,35,13.28,商業用,鋼筋混凝土造,80年2月4日,六層,,
RPQNMLLMKIKGFCD77CC,35,7.26,共同使用部份,鋼筋混凝土造,80年2月4日,六層,,
RPSNMLLMKIKGFCD97CC,44,19.55,住家用,鋼筋混凝土造,70年12月29日,五層,,
RPXOMLLMKIKGFAD38CC,45,78.39,住家用,鋼筋混凝土造,69年10月22日,四層,,
RPXOMLLMKIKGFAD38CC,45,13.94,共同使用部份,鋼筋混凝土造,69年10月22日,四層,,
RPPNMLLMKIKGFCD67CC,2,61.42,集合住宅,鋼筋混凝土造,113年1月8日,十五層,,
RPPNMLLMKIKGFCD67CC,2,66.46,本共有部份之項目有：防空避難室兼停車空間、停車空間、公共服務空間、管委會空間、門廳、梯廳、梯間、管道間、昇降機、車道、排煙室、污物處理區、機械室、水箱共１４項。,鋼筋混凝土造,113年1月8日,十五層,,
RPQNMLKMKIKGFID28CC,1,71.00,集合住宅,鋼筋混凝土造,113年6月24日,十四層,,
RPQNMLKMKIKGFID28CC,1,16.26,本共有部分之項目有梯廳、管委會使用空間、停車空間等３項,鋼筋混凝土造,113年6月24日,十四層,,
RPWNMLLMKIKGFBD28CC,27,114.21,住家用,鋼筋混凝土造,87年8月14日,十二層,,
RPQNMLKMKIKGFID28CC,1,25.02,本共有部分之項目有停車空間等１項,鋼筋混凝土造,113年6月24日,十四層,,
RPWNMLLMKIKGFBD28CC,27,34.22,共同使用部份,鋼筋混凝土造,87年8月14日,十二層,,
RPQNMLKMKIKGFID28CC,1,17.60,本共有部分之項目有機電設備空間、進風機房、梯廳兼排煙室、樓電梯間、水錶機房、消防水箱、樓梯間、電梯機房、水箱等９項,鋼筋混凝土造,113年6月24日,十四層,,
RPXNMLLMKIKGFCD48CC,45,174.10,住家用,鋼筋混凝土造,70年6月12日,三層,,
RPWNMLLMKIKGFCD38CC,48,98.37,住商用,鋼筋混凝土造,66年12月24日,四層,,
RPOOMLLMKIKGFCD67CC,43,87.23,集合住宅,鋼筋混凝土造,71年11月29日,五層,,
RPOOMLLMKIKGFCD67CC,43,6.30,共同使用部份,鋼筋混凝土造,71年11月29日,五層,,
RPRNMLLMKIKGFCD87CC,43,104.25,住家用,鋼筋混凝土造,72年2月10日,四層,,
RPRNMLLMKIKGFCD87CC,43,6.39,共同使用部份,鋼筋混凝土造,72年2月10日,四層,,
RPRNMLLMKIKGFCD87CC,43,8.72,共同使用部份,鋼筋混凝土造,72年2月10日,四層,,
RPPOMLLMKIKGFCD77CC,42,117.12,住家用,鋼筋混凝土造,72年8月17日,五層,,
RPPOMLLMKIKGFCD77CC,42,19.06,共同使用部份,鋼筋混凝土造,72年8月17日,五層,,
RPQOMLLMKIKGFCD87CC,23,133.16,店舖、住宅、停車空間,鋼筋混凝土造,92年5月7日,三層,,
RPQOMLLMKIKGFCD87CC,23,133.16,店舖、住宅、停車空間,鋼筋混凝土造,92年5月7日,三層,,
RPTNMLLMKIKGFCD08CC,23,187.49,住宅、停車空間,鋼筋混凝土造,92年3月31日,四層,,
RPSOMLLMKIKGFCD08CC,30,60.47,住家用,鋼筋混凝土造,84年11月6日,二十層,,
RPSOMLLMKIKGFCD08CC,30,12.74,共同使用部份,鋼筋混凝土造,84年11月6日,二十層,,
RPVOMLLMKIKGFCD38CC,30,65.26,住家用,鋼筋混凝土造,84年11月6日,二十層,,
RPSOMLLMKIKGFCD08CC,30,33.99,共同使用部份,鋼筋混凝土造,84年11月6日,二十層,,
RPVOMLLMKIKGFCD38CC,30,13.69,共同使用部份,鋼筋混凝土造,84年11月6日,二十層,,
RPVOMLLMKIKGFCD38CC,30,18.67,共同使用部份,鋼筋混凝土造,84年11月6日,二十層,,
RPUOMLLMKIKGFCD28CC,30,28.33,住家用,鋼筋混凝土造,85年2月3日,十六層,,
RPUOMLLMKIKGFCD28CC,30,4.64,共同使用部份,鋼筋混凝土造,85年2月3日,十六層,,
RPUOMLLMKIKGFCD28CC,30,4.24,共同使用部份,鋼筋混凝土造,85年2月3日,十六層,,
RPROMLLMKIKGFCD97CC,51,74.06,住家用,加強磚造,63年9月27日,二層,,
RPWOMLLMKIKGFCD48CC,30,65.26,住家用,鋼筋混凝土造,84年11月6日,二十層,,
RPXOMLLMKIKGFCD58CC,44,115.95,集合住宅,鋼筋混凝土造,70年11月26日,五層,,
RPWOMLLMKIKGFCD48CC,30,13.69,共同使用部份,鋼筋混凝土造,84年11月6日,二十層,,
RPXOMLLMKIKGFCD58CC,44,10.55,共同使用部份,鋼筋混凝土造,70年11月26日,五層,,
RPWOMLLMKIKGFCD48CC,30,18.67,共同使用部份,鋼筋混凝土造,84年11月6日,二十層,,
RPOPMLLMKIKGFCD77CC,40,157.17,住商用,鋼筋混凝土造,75年4月24日,三層,,
RPQNMLLMKIKGFDD87CC,9,173.47,自用農舍,鋼骨構造有牆,105年9月30日,一層,,
RPPNMLLMKIKGFDD77CC,39,788.32,辦公室．圖書館．禮堂,鋼筋混凝土造,76年1月23日,三層,,
RPRNMLLMKIKGFDD97CC,30,149.26,住商用,鋼筋混凝土造,84年11月3日,四層,,
RPPNMLLMKIKGFGD08CC,31,71.13,住家用,鋼筋混凝土造,83年8月13日,六層,,
RPPNMLLMKIKGFGD08CC,31,19.42,共同使用部份,鋼筋混凝土造,83年8月13日,六層,,
RPPNMLLMKIKGFFD97CC,28,80.28,集合住宅,鋼筋混凝土造,87年6月12日,十一層,,
RPPNMLLMKIKGFFD97CC,28,8.65,共同使用部份,鋼筋混凝土造,87年6月12日,十一層,,
RPPNMLLMKIKGFFD97CC,28,12.86,共同使用部份,鋼筋混凝土造,87年6月12日,十一層,,
RPSNMLLMKIKGFHD48CC,1,82.66,集合住宅,鋼筋混凝土造,113年11月25日,十四層,,
RPSNMLLMKIKGFHD48CC,1,69.56,本共有部分之項目有停車空間、管委會、樓梯間、門廊等４項,鋼筋混凝土造,113年11月25日,十四層,,
RPSPMLLMKIKGFCD18CC,42,79.88,住家用,鋼筋混凝土造,72年12月14日,七層,,
RPSPMLLMKIKGFCD18CC,42,31.45,共同使用部份,鋼筋混凝土造,72年12月14日,七層,,
RPRNMLLMKIKGFHD38CC,19,130.99,住家用,鋼筋混凝土造,96年3月5日,三層,,
RPVNMLLMKIKGFHD78CC,49,159.60,住商用,加強磚造,65年7月2日,二層,,
RPRNMLLMKIKGFHD38CC,19,79.46,防空避難室兼停車空間，消防泵室，發電機室，管理室，管理委員會空間，電信室,鋼筋混凝土造,96年3月5日,八層,,
RPTPMLLMKIKGFCD28CC,34,19.54,住家用,鋼筋混凝土造,80年11月2日,七層,,
RPTPMLLMKIKGFCD28CC,34,8.36,共同使用部份,鋼筋混凝土造,80年11月2日,七層,,
RPQNMLLMKIKGFHD28CC,3,84.23,集合住宅,鋼筋混凝土造,112年5月1日,七層,,
RPQNMLLMKIKGFHD28CC,3,45.96,本共有部分之項目有停車空間、電梯間、樓梯間、水箱等４項,鋼筋混凝土造,112年5月1日,七層,,
RPPPMLLMKIKGFCD87CC,18,31.23,住家用,鋼筋混凝土造,97年2月29日,十四層,,
RPUNMLLMKIKGFHD68CC,3,72.89,集合住宅,鋼筋混凝土造,112年1月9日,六層,,
RPUNMLLMKIKGFHD68CC,3,40.54,共有部分：消防泵浦室＋發電機室、樓梯間、停車空間、管理維護空間、電信室、機械室、水箱。,鋼筋混凝土造,112年1月9日,六層,,
RPPPMLLMKIKGFCD87CC,18,7.77,共同使用部份,鋼筋混凝土造,97年2月29日,十四層,,
RPPPMLLMKIKGFCD87CC,18,9.22,共同使用部份,鋼筋混凝土造,97年2月29日,十四層,,
RPRPMLLMKIKGFCD08CC,34,14.58,商業用,鋼筋混凝土造,80年11月2日,七層,,
RPRPMLLMKIKGFCD08CC,34,4.07,共同使用部份,鋼筋混凝土造,80年11月2日,七層,,
RPQNMLLMKIKGFID38CC,18,8.04,辦公室,鋼筋混凝土造,96年9月20日,四層,,
RPQNMLLMKIKGFID38CC,18,5.59,共同使用部份,鋼筋混凝土造,96年9月20日,四層,,
RPTNMLLMKIKGFHD58CC,1,71.83,集合住宅,鋼筋混凝土造,113年7月5日,六層,,
RPTNMLLMKIKGFHD58CC,1,33.34,本共有部分之項目有門廊、停車空間、集合住宅（含公共設施）、電信室、樓梯間、電梯機械室及水箱等７項。,鋼筋混凝土造,113年7月5日,六層,,
RPRNMLLMKIKGFID48CC,18,8.28,辦公室,鋼筋混凝土造,96年9月20日,四層,,
RPRNMLLMKIKGFID48CC,18,1.01,共同使用部份,鋼筋混凝土造,96年9月20日,四層,,
RPSNMLLMKIKGFID58CC,42,114.19,住家用,加強磚造,73年5月24日,二層,,
RPRNMLLMKIKGFID48CC,18,4.86,共同使用部份,鋼筋混凝土造,96年9月20日,四層,,
RPPNMLLMKIKGFID28CC,18,11.52,辦公室,鋼筋混凝土造,96年9月20日,四層,,
RPPNMLLMKIKGFID28CC,18,7.77,共同使用部份,鋼筋混凝土造,96年9月20日,四層,,
RPUNMLLMKIKGFID78CC,49,75.46,住家用,加強磚造,65年10月1日,二層,,
RPTNMLLMKIKGFID68CC,2,58.49,集合住宅,鋼筋混凝土造,112年8月8日,十五層,,
RPTNMLLMKIKGFID68CC,2,52.26,本共有部分之項目有停車空間、管委會使用空間、梯間、車道、前廊、陽台、樓梯間、機械室、水箱等９項,鋼筋混凝土造,112年8月8日,十五層,,
RPPNMLLMKIKGFKD48CC,18,109.85,住家用,鋼筋混凝土造,96年9月20日,十四層,,
RPPNMLLMKIKGFKD48CC,18,67.84,共同使用部份,鋼筋混凝土造,96年9月20日,十四層,,
RPTNMLLMKIKGFKD88CC,8,9.41,住家用,鋼筋混凝土構造,107年4月2日,五層,,
RPTNMLLMKIKGFKD88CC,8,4.19,本共有部分之項目有：電梯間，樓梯間及水箱等３項,鋼筋混凝土構造,107年4月2日,五層,,
RPQNMLLMKIKGFKD58CC,26,24.50,住家用,鋼筋混凝土造,88年8月24日,十四層,,
RPPNMLLJJHLGFAD07CC,32,23.00,住商用,鋼筋混凝土造,82年10月4日,五層,,
RPQNMLLMKIKGFKD58CC,26,.60,共同使用部份,鋼筋混凝土造,88年8月24日,十四層,,
RPSNMLLMKIKGFKD78CC,8,9.42,住家用,鋼筋混凝土構造,107年4月2日,五層,,
RPQNMLLMKIKGFKD58CC,26,1.04,共同使用部份,鋼筋混凝土造,88年8月24日,十四層,,
RPRNMLLMKIKGFKD68CC,26,23.19,住家用,鋼筋混凝土造,88年8月24日,十四層,,
RPQNMLLMKIKGFKD58CC,26,6.49,共同使用部份,鋼筋混凝土造,88年8月24日,十四層,,
RPSNMLLMKIKGFKD78CC,8,4.19,本共有部分之項目有：電梯間，樓梯間及水箱等３項,鋼筋混凝土構造,107年4月2日,五層,,
RPRNMLLMKIKGFKD68CC,26,.57,共同使用部份,鋼筋混凝土造,88年8月24日,十四層,,
RPUNMLLMKIKGFKD98CC,8,9.41,住家用,鋼筋混凝土構造,107年4月2日,五層,,
RPUNMLLMKIKGFKD98CC,8,4.19,本共有部分之項目有：電梯間，樓梯間及水箱等３項,鋼筋混凝土構造,107年4月2日,五層,,
RPRNMLLMKIKGFKD68CC,26,1.04,共同使用部份,鋼筋混凝土造,88年8月24日,十四層,,
RPRNMLLMKIKGFKD68CC,26,6.20,共同使用部份,鋼筋混凝土造,88年8月24日,十四層,,
RPVNMLLMKIKGFKD09CC,8,9.42,住家用,鋼筋混凝土構造,107年4月2日,五層,,
RPVNMLLMKIKGFKD09CC,8,4.19,本共有部分之項目有：電梯間，樓梯間及水箱等３項,鋼筋混凝土構造,107年4月2日,五層,,
RPWNMLLMKIKGFKD56CC,6,59.40,住家用,鋼筋混凝土構造,109年5月13日,五層,,
RPWNMLLMKIKGFKD56CC,6,30.19,本共有部分之項目有：門廊，停車空間，管理維護空間，梯間，水塔等５項,鋼筋混凝土構造,109年5月13日,五層,,
RPPNMLMJJHLGFAD17CC,27,70.02,集合住宅,鋼筋混凝土造,88年1月13日,十三層,,
RPTNMLMJJHLGFAD57CC,49,110.46,住家用,加強磚造,65年12月11日,二層,,
RPXNMLLMKIKGFKD66CC,57,83.62,住商用,加強磚造,58年4月1日,二層,,
RPPNMLMJJHLGFAD17CC,27,9.30,共同使用部份,鋼筋混凝土造,88年1月13日,十三層,,
RPPNMLMJJHLGFAD17CC,27,10.41,共同使用部份,鋼筋混凝土造,88年1月13日,十三層,,
RPQNMLMJJHLGFAD27CC,21,50.89,集合住宅,鋼筋混凝土造,93年12月3日,八層,,
RPOOMLLMKIKGFKD48CC,28,93.98,住商用,鋼筋混凝土造,87年3月31日,八層,,
RPQNMLMJJHLGFAD27CC,21,7.30,共同使用部份,鋼筋混凝土造,93年12月3日,八層,,
RPOOMLLMKIKGFKD48CC,28,16.11,共同使用部份,鋼筋混凝土造,87年3月31日,八層,,
RPQNMLMJJHLGFAD27CC,21,9.77,共同使用部份,鋼筋混凝土造,93年12月3日,八層,,
RPUNMLMJJHLGFAD67CC,35,31.00,住商用,鋼筋混凝土造,79年12月28日,六層,,
RPSNMLMJJHLGFAD47CC,19,26.69,集合住宅,ＲＣ造,95年7月13日,十一層,,
RPSNMLMJJHLGFAD47CC,19,4.30,共同使用部份,ＲＣ造,95年7月13日,十一層,,
RPSNMLMJJHLGFAD47CC,19,7.13,共同使用部份,ＲＣ造,95年7月13日,十一層,,
RPSNMLMJJHLGFAD47CC,19,.01,共同使用部份,ＲＣ造,95年7月13日,十一層,,
RPVNMLMJJHLGFAD77CC,35,31.00,住商用,鋼筋混凝土造,79年12月28日,六層,,
RPRNMLMJJHLGFAD37CC,45,45.19,住商用,鋼筋混凝土造,69年7月30日,二層,,
RPPNMLMJJHLGFBD27CC,34,119.77,住家用,鋼筋混凝土造,80年7月18日,二層,,
RPTNMLMJJHLGFBD67CC,2,84.38,集合住宅,鋼筋混凝土造,113年1月16日,二十七層,,
RPTNMLMJJHLGFBD67CC,2,69.52,防空避難室兼停車空間、停車空間、管理委員會使用空間、安全梯、樓梯間、梯廳、管道間、一般昇降機、緊急昇降機、機械室、水箱、排煙室、陽台、雨遮、中繼機房、車道、門廊等１７項。,鋼筋混凝土造,113年1月16日,二十七層,,
RPPNMLMJJHLGFCD37CC,26,84.42,住家用,鋼筋混凝土造,89年3月6日,七層,,
RPPNMLMJJHLGFCD37CC,26,5.94,共同使用部份,鋼筋混凝土造,89年3月6日,七層,,
RPPNMLMJJHLGFCD37CC,26,18.19,共同使用部份,鋼筋混凝土造,89年3月6日,七層,,
RPRNMLMJJHLGFBD47CC,2,56.96,集合住宅,鋼筋混凝土造,112年9月13日,十四層,,
RPRNMLMJJHLGFBD47CC,2,59.89,本共有部分之項目有停車空間、梯間、台電配電場所、垃圾儲藏室、垃圾暫停車位、發電機房、樓電梯間、水箱、儲藏室、雨水機房、防空避難室兼停車空間、公共服務空間、無障礙廁所、宅配室、迴廊、門廳、管委會使用空間、車道、樓梯間、水錶室、機房、機械室、消防水箱等２３項。,鋼筋混凝土造,112年9月13日,十四層,,
RPUNMLMJJHLGFBD77CC,22,182.84,住宅、停車空間,鋼筋混凝土造,93年3月31日,四層,,
RPUNMLMJJHLGFCD87CC,42,85.26,住家用,鋼筋混凝土造,72年12月14日,七層,,
RPOOMLMJJHLGFCD37CC,43,62.63,住家用,鋼筋混凝土造,72年2月4日,七層,,
RPUNMLMJJHLGFCD87CC,42,24.87,共同使用部份,鋼筋混凝土造,72年12月14日,七層,,
RPOOMLMJJHLGFCD37CC,43,21.54,共同使用部份,鋼筋混凝土造,72年2月4日,七層,,
RPQNMLMJJHLGFCD47CC,34,73.28,住家用,鋼筋混凝土造,80年10月4日,六層,,
RPQOMLMJJHLGFCD57CC,37,22.00,住商用,鋼筋混凝土造,77年9月2日,四層,,
RPQNMLMJJHLGFCD47CC,34,13.38,共同使用部份,鋼筋混凝土造,80年10月4日,六層,,
RPQNMLMJJHLGFCD47CC,34,11.48,共同使用部份,鋼筋混凝土造,80年10月4日,六層,,
RPSNMLMJJHLGFBD57CC,1,25.64,店舖、住宅、停車空間,鋼筋混凝土造,113年12月27日,三層,,
RPPOMLMJJHLGFCD47CC,57,70.01,住商用,加強磚造,58年1月27日,二層,,
RPSNMLMJJHLGFCD67CC,18,20.14,住家用,鋼筋混凝土造,97年2月29日,十四層,,
RPSNMLMJJHLGFCD67CC,18,5.03,共同使用部份,鋼筋混凝土造,97年2月29日,十四層,,
RPSNMLMJJHLGFCD67CC,18,6.58,共同使用部份,鋼筋混凝土造,97年2月29日,十四層,,
RPPNMLMJJHLGFDD47CC,10,67.01,住商用,鋼筋混凝土造,105年3月31日,四層,,
RPTNMLMJJHLGFCD77CC,53,25.00,住商用,加強磚造,62年2月20日,三層,,
RPWNMLMJJHLGFCD08CC,18,25.48,住家用,鋼筋混凝土造,97年2月29日,十四層,,
RPWNMLMJJHLGFCD08CC,18,32.15,共同使用部份,鋼筋混凝土造,97年2月29日,十四層,,
RPWNMLMJJHLGFCD08CC,18,8.32,共同使用部份,鋼筋混凝土造,97年2月29日,十四層,,
RPVNMLMJJHLGFCD97CC,38,122.04,住家用,加強磚造,76年12月9日,二層,,
RPRNMLMJJHLGFCD57CC,44,123.69,住商用,加強磚造,70年12月23日,二層,,
RPPNMLMJJHLGFGD77CC,5,63.07,集合住宅,鋼筋混凝土造,109年9月14日,五層,,
RPPNMLMJJHLGFGD77CC,5,19.91,本共有部分之項目有：安全梯梯間、管理委員會管理空間、一般昇降機、停車空間、梯廳、樓梯間等６項,鋼筋混凝土造,109年9月14日,五層,,
RPQNMLMJJHLGFHD97CC,9,226.93,店舖、出租宿舍、停車空間,鋼筋混凝土造,106年5月5日,四層,,
RPPNMLMJJHLGFHD87CC,2,47.13,集合住宅,鋼骨鋼筋混凝土造,112年9月27日,二十六層,,
RPPNMLMJJHLGFHD87CC,2,64.61,本共有部分之項目有停車空間、樓梯間、機械室、水箱、儲藏室、陽台、公共空間、管委會使用空間等８項,鋼骨鋼筋混凝土造,112年9月27日,二十六層,,
RPPNMLMJJHLGFID97CC,4,59.62,集合住宅,鋼筋混凝土構造,110年7月1日,五層,,
RPRNMLMJJHLGFHD08CC,5,160.43,工廠,鋼骨構造有牆,109年9月8日,一層,,
RPPNMLMJJHLGFID97CC,4,21.22,本共有部分之項目有門廊、管委會空間、公共空間、停車空間、樓梯間、水箱等６項,鋼筋混凝土構造,110年7月1日,五層,,
RPSNMLMJJHLGFID28CC,18,18.18,住宅、管理維護空間、門廊、樓梯間、機械室。,鋼筋混凝土造,96年9月14日,五層,,
RPTNMLMJJHLGFKD58CC,16,16.75,住家用,鋼筋混凝土造,99年1月20日,五層,,
RPQNMLMJJHLGFID08CC,44,99.46,住商用,加強磚造,70年12月19日,二層,,
RPRNMLMJJHLGFID18CC,31,76.82,住家用,鋼筋混凝土造,83年9月6日,六層,,
RPPNMLMJJHLGFKD18CC,26,27.48,住家用,鋼筋混凝土造,88年8月24日,十四層,,
RPRNMLMJJHLGFID18CC,31,28.13,共同使用部份,鋼筋混凝土造,83年9月6日,六層,,
RPPNMLMJJHLGFKD18CC,26,.67,共同使用部份,鋼筋混凝土造,88年8月24日,十四層,,
RPPNMLMJJHLGFKD18CC,26,1.21,共同使用部份,鋼筋混凝土造,88年8月24日,十四層,,
RPPNMLMJJHLGFKD18CC,26,7.42,共同使用部份,鋼筋混凝土造,88年8月24日,十四層,,
RPQNMLMJJHLGFKD28CC,33,268.29,住家用,鋼筋混凝土造,82年2月22日,四層,,
RPSNMLMJJHLGFKD48CC,26,27.48,住家用,鋼筋混凝土造,88年8月24日,十四層,,
RPSNMLMJJHLGFKD48CC,26,.67,共同使用部份,鋼筋混凝土造,88年8月24日,十四層,,
RPSNMLMJJHLGFKD48CC,26,1.21,共同使用部份,鋼筋混凝土造,88年8月24日,十四層,,
RPSNMLMJJHLGFKD48CC,26,7.42,共同使用部份,鋼筋混凝土造,88年8月24日,十四層,,
RPPNMLNJJHLGFAD27CC,1,52.12,集合住宅,鋼骨鋼筋混凝土造、鋼筋混凝土造,114年4月15日,三十四層,,
RPPNMLNJJHLGFAD27CC,1,55.84,本共有部分之項目有管委會使用空間、門廳、機電設備空間、防災中心、儲藏室、樓梯間、消防水箱、防空避難室兼停車空間、車道、停車空間、自來水箱、梯廳、陽台、電信機房等１４項。,鋼骨鋼筋混凝土造、鋼筋混凝土造,114年4月15日,三十四層,,
RPUNMLMJJHLGFKD68CC,32,81.33,住家用,鋼筋混凝土造,83年3月11日,十四層,,
RPUNMLMJJHLGFKD68CC,32,26.50,共同使用部份,鋼筋混凝土造,83年3月11日,十四層,,
RPPNMLNJJHLGFBD37CC,13,176.83,住宅，停車空間,鋼筋混凝土造,101年9月7日,四層,,
RPQNMLNJJHLGFCD57CC,26,89.46,集合住宅,鋼筋混凝土造,88年10月21日,十三層,,
RPQNMLNJJHLGFCD57CC,26,18.07,共同使用部份,鋼筋混凝土造,88年10月21日,十三層,,
RPQNMLNJJHLGFCD57CC,26,31.08,共同使用部份,鋼筋混凝土造,88年10月21日,十三層,,
RPVNMLMJJHLGFKD78CC,21,154.98,工業用,見其他登記事項,93年12月3日,一層,,
RPRNMLMJJHLGFKD38CC,26,23.19,住家用,鋼筋混凝土造,88年8月24日,十四層,,
RPPNMLNJJHLGFID08CC,5,79.50,集合住宅,鋼筋混凝土構造,110年3月15日,二十四層,,
RPRNMLMJJHLGFKD38CC,26,.57,共同使用部份,鋼筋混凝土造,88年8月24日,十四層,,
RPPNMLNJJHLGFID08CC,5,57.98,本共有部分之項目有管委會使用空間、停車空間、機電設備空間、防空避難室兼停車空間、台電配電場所、自來水箱、車道、門廳、儲藏室、機房、樓梯間、消防水箱等１２項,鋼筋混凝土構造,110年3月15日,二十四層,,
RPRNMLMJJHLGFKD38CC,26,1.04,共同使用部份,鋼筋混凝土造,88年8月24日,十四層,,
RPRNMLMJJHLGFKD38CC,26,6.20,共同使用部份,鋼筋混凝土造,88年8月24日,十四層,,
RPPNMLNJJHLGFCD47CC,7,69.85,集合住宅,鋼筋混凝土構造,107年6月25日,五層,,
RPPNMLNJJHLGFCD47CC,7,25.34,本共有部分之項目有：停車空間、管理維護空間、電信室、安全梯、樓梯間、梯廳、昇降機、電梯間等８項。,鋼筋混凝土構造,107年6月25日,五層,,
RPPNMLNJJHLGFCD47CC,7,9.77,本共有部分之項目有：樓梯間,鋼筋混凝土構造,107年6月25日,五層,,
RPQNMLOJJHLGFAD47CC,18,234.98,住宅、停車空間,鋼筋混凝土造,96年10月2日,四層,,
RPPNMLOJJHLGFAD37CC,54,28.40,住家用,加強磚造,61年4月22日,二層,,
RPPNMLNJJHLGFKD28CC,27,59.42,商業用,鋼筋混凝土造,88年5月19日,十一層,,
RPPNMLNJJHLGFKD28CC,27,17.89,共同使用部份,鋼筋混凝土造,88年5月19日,十四層,,
RPPNMLNJJHLGFKD28CC,27,6.67,共同使用部份,鋼筋混凝土造,88年5月19日,十四層,,
RPSNMLOJJHLGFAD67CC,31,15.76,住家用,鋼筋混凝土造,83年12月16日,十三層,,
RPRNMLOJJHLGFAD57CC,28,84.83,集合住宅,鋼筋混凝土造,87年1月5日,二十六層,,
RPRNMLOJJHLGFAD57CC,28,5.48,共同使用部份,鋼筋混凝土造,87年1月5日,二十六層,,
RPRNMLOJJHLGFAD57CC,28,17.08,共同使用部份,鋼筋混凝土造,87年1月5日,二十六層,,
RPSNMLOJJHLGFAD67CC,31,5.58,共同使用部份,鋼筋混凝土造,83年12月16日,十三層,,
RPTNMLOJJHLGFAD77CC,29,92.86,住家用,鋼筋混凝土造,85年9月7日,十七層,,
RPTNMLOJJHLGFAD77CC,29,59.02,共同使用部份,鋼筋混凝土造,85年9月7日,十七層,,
RPTNMLOJJHLGFCD97CC,27,95.37,住商用,鋼筋混凝土造,88年2月1日,八層,,
RPTNMLOJJHLGFCD97CC,27,42.39,共同使用部份,鋼筋混凝土造,88年2月1日,八層,,
RPRNMLOJJHLGFCD77CC,44,85.82,集合住宅,鋼筋混凝土造,71年6月14日,五層,,
RPPNMLOJJHLGFCD57CC,53,30.40,住家用,加強磚造,61年11月14日,三層,,
RPRNMLOJJHLGFCD77CC,44,6.52,共同使用部份,鋼筋混凝土造,71年6月14日,五層,,
RPQNMLOJJHLGFCD67CC,47,30.40,住商用,加強磚造,68年3月8日,二層,,
RPUNMLOJJHLGFAD87CC,44,67.54,住家用,鋼筋混凝土造,71年5月21日,十層,,
RPVNMLOJJHLGFAD97CC,10,55.02,集合住宅,鋼筋混凝土構造,104年11月5日,二十四層,,
RPUNMLOJJHLGFAD87CC,44,16.19,共同使用部份,鋼筋混凝土造,71年5月21日,十層,,
RPVNMLOJJHLGFAD97CC,10,23.51,本共有部分之項目：有樓梯間、門廊、門廳、管委會使用空間、防災中心、停車空間、防空避難室、車道、游泳池、機房自來水池等項,鋼筋混凝土構造,104年11月5日,二十四層,,
RPPNMLOJJHLGFID18CC,5,80.29,集合住宅,鋼筋混凝土構造,110年3月15日,二十四層,,
RPPNMLOJJHLGFID18CC,5,57.98,本共有部分之項目有管委會使用空間、停車空間、機電設備空間、防空避難室兼停車空間、台電配電場所、自來水箱、車道、門廳、儲藏室、機房、樓梯間、消防水箱等１２項,鋼筋混凝土構造,110年3月15日,二十四層,,
RPQNMLOJJHLGFID28CC,33,49.67,住家用,鋼筋混凝土造,82年3月31日,八層,,
RPQNMLOJJHLGFID28CC,33,9.41,共同使用部份,鋼筋混凝土造,82年3月31日,八層,,
RPQNMLOJJHLGFID28CC,33,1.79,共同使用部份,鋼筋混凝土造,82年3月31日,八層,,
RPQNMLOJJHLGFID28CC,33,1.47,共同使用部份,鋼筋混凝土造,82年3月31日,八層,,
RPQNMLOJJHLGFID28CC,33,1.55,共同使用部份,鋼筋混凝土造,82年3月31日,八層,,
RPPNMLOJJHLGFHD08CC,18,14.50,住宅，樓梯間,鋼筋混凝土造,96年9月19日,四層,,
RPQNMLOJJHLGFID28CC,33,1.66,共同使用部份,鋼筋混凝土造,82年3月31日,八層,,
RPQNMLOJJHLGFID28CC,33,1.85,共同使用部份,鋼筋混凝土造,82年3月31日,八層,,
RPRNMLOJJHLGFID38CC,35,124.13,住家用,鋼筋混凝土造,79年10月4日,三層,,
RPQNMLOJJHLGFKD48CC,36,26.49,住家用,鋼筋混凝土造,79年6月19日,六層,,
RPQNMLOJJHLGFKD48CC,36,10.31,共同使用部份,鋼筋混凝土造,79年6月19日,六層,,
RPQNMLOJJHLGFKD48CC,36,3.17,共同使用部份,鋼筋混凝土造,79年6月19日,六層,,
RPPNMLPJJHLGFAD47CC,54,16.00,住家用,加強磚造,61年7月3日,二層,,
RPPNMLOJJHLGFKD38CC,45,103.77,住家用,加強磚造,70年2月25日,二層,,
RPQNMLPJJHLGFAD57CC,31,15.80,住家用,鋼筋混凝土造,83年12月16日,十三層,,
RPQNMLPJJHLGFAD57CC,31,5.58,共同使用部份,鋼筋混凝土造,83年12月16日,十三層,,
RPRNMLPJJHLGFAD67CC,34,75.03,住家用,鋼筋混凝土造,80年11月13日,三層,,
RPRNMLPJJHLGFAD67CC,34,3.86,共同使用部份,鋼筋混凝土造,80年11月13日,三層,,
RPRNMLOJJHLGFKD58CC,26,27.48,住家用,鋼筋混凝土造,88年8月24日,十四層,,
RPRNMLOJJHLGFKD58CC,26,.67,共同使用部份,鋼筋混凝土造,88年8月24日,十四層,,
RPRNMLOJJHLGFKD58CC,26,1.21,共同使用部份,鋼筋混凝土造,88年8月24日,十四層,,
RPRNMLOJJHLGFKD58CC,26,7.42,共同使用部份,鋼筋混凝土造,88年8月24日,十四層,,
RPOOMLPJJHLGFAD47CC,31,22.51,住家用,鋼筋混凝土造,84年1月4日,十二層,,
RPOOMLPJJHLGFAD47CC,31,8.61,共同使用部份,鋼筋混凝土造,84年1月4日,十二層,,
RPXNMLPJJHLGFAD28CC,48,88.82,住家用,加強磚造,66年12月9日,二層,,
RPSNMLPJJHLGFAD77CC,34,28.60,住家用,鋼筋混凝土造,80年11月13日,三層,,
RPSNMLPJJHLGFAD77CC,34,3.86,共同使用部份,鋼筋混凝土造,80年11月13日,三層,,
RPWNMLPJJHLGFAD18CC,1,52.12,集合住宅,鋼骨鋼筋混凝土造、鋼筋混凝土造,114年4月15日,三十四層,,
RPWNMLPJJHLGFAD18CC,1,27.92,本共有部分之項目有管委會使用空間、門廳、機電設備空間、防災中心、儲藏室、樓梯間、消防水箱、防空避難室兼停車空間、車道、停車空間、自來水箱、梯廳、陽台、電信機房等１４項。,鋼骨鋼筋混凝土造、鋼筋混凝土造,114年4月15日,三十四層,,
RPVNMLPJJHLGFAD08CC,36,16.14,住家用,鋼筋混凝土造,79年4月10日,五層,,
RPVNMLPJJHLGFAD08CC,36,8.70,共同使用部份,鋼筋混凝土造,79年4月10日,五層,,
RPTNMLPJJHLGFAD87CC,34,28.60,住家用,鋼筋混凝土造,80年11月13日,三層,,
RPTNMLPJJHLGFAD87CC,34,3.86,共同使用部份,鋼筋混凝土造,80年11月13日,三層,,
RPUNMLOJJHLGFCD08CC,32,79.62,住家用,鋼筋混凝土造,82年11月22日,五層,,
RPXNMLOJJHLGFCD38CC,36,95.40,住家用,鋼筋混凝土造,78年12月8日,五層,,
RPUNMLOJJHLGFCD08CC,32,25.65,共同使用部份,鋼筋混凝土造,82年11月22日,五層,,
RPXNMLOJJHLGFCD38CC,36,28.86,共同使用部份,鋼筋混凝土造,78年12月8日,五層,,
RPVNMLOJJHLGFCD18CC,33,17.00,住家用,鋼筋混凝土造,81年8月13日,十二層,,
RPVNMLOJJHLGFCD18CC,33,5.33,共同使用部份,鋼筋混凝土造,81年8月13日,十二層,,
RPVNMLOJJHLGFCD18CC,33,1.68,共同使用部份,鋼筋混凝土造,81年8月13日,十二層,,
RPWNMLOJJHLGFCD28CC,32,79.62,住家用,鋼筋混凝土造,82年11月22日,五層,,
RPWNMLOJJHLGFCD28CC,32,25.65,共同使用部份,鋼筋混凝土造,82年11月22日,五層,,
RPPOMLPJJHLGFAD57CC,35,12.96,辦公室,鋼筋混凝土造,79年11月13日,五層,,
RPPOMLPJJHLGFAD57CC,35,7.64,共同使用部份,鋼筋混凝土造,79年11月13日,五層,,
RPROMLPJJHLGFAD77CC,34,15.20,住家用,鋼筋混凝土造,80年9月6日,七層,,
RPROMLPJJHLGFAD77CC,34,8.23,共同使用部份,鋼筋混凝土造,80年9月6日,七層,,
RPQOMLPJJHLGFAD67CC,28,53.99,集合住宅,鋼筋混凝土造,87年4月20日,十四層,,
RPRNMLPJJHLGFCD87CC,35,23.40,商業用,鋼筋混凝土造,79年6月27日,八層,,
RPQOMLPJJHLGFAD67CC,28,17.71,共同使用部份,鋼筋混凝土造,87年4月20日,十四層,,
RPQOMLPJJHLGFAD67CC,28,7.08,共同使用部份,鋼筋混凝土造,87年4月20日,十四層,,
RPQNMLPJJHLGFCD77CC,45,35.35,住商用,鋼筋混凝土造,70年5月25日,三層,,
RPUNMLPJJHLGFCD18CC,32,97.20,住家用,鋼筋混凝土造,82年9月11日,六層,,
RPVNMLPJJHLGFCD28CC,54,16.53,住家用,加強磚造,61年3月9日,三層,,
RPUNMLPJJHLGFCD18CC,32,23.03,共同使用部份,鋼筋混凝土造,82年9月11日,六層,,
RPUNMLPJJHLGFCD18CC,32,13.74,共同使用部份,鋼筋混凝土造,82年9月11日,六層,,
RPPOMLPJJHLGFCD77CC,4,29.30,集合住宅,鋼筋混凝土構造,111年6月1日,六層,,
RPPOMLPJJHLGFCD77CC,4,17.72,本共有部分之項目有：防空避難室兼停車空間、梯廳、安全梯、台電配電室、緊急發電機、電信室、消防機房、汙水機房、雨水機房、水箱、管理委員會空間、中央監控室、戶外安全梯、機房、管委會空間（走廊）、管委會空間等十六項。,鋼筋混凝土構造,111年6月1日,六層,,
RPSOMLPJJHLGFCD08CC,4,21.65,集合住宅,鋼筋混凝土構造,111年6月1日,六層,,
RPWOMLPJJHLGFCD48CC,4,31.16,集合住宅,鋼筋混凝土構造,111年6月1日,六層,,
RPROMLPJJHLGFCD97CC,4,21.65,集合住宅,鋼筋混凝土構造,111年6月1日,六層,,
RPSOMLPJJHLGFCD08CC,4,13.11,本共有部分之項目有：防空避難室兼停車空間、梯廳、安全梯、台電配電室、緊急發電機、電信室、消防機房、汙水機房、雨水機房、水箱、管理委員會空間、中央監控室、戶外安全梯、機房、管委會空間（走廊）、管委會空間等十六項。,鋼筋混凝土構造,111年6月1日,六層,,
RPWOMLPJJHLGFCD48CC,4,18.86,本共有部分之項目有：防空避難室兼停車空間、梯廳、安全梯、台電配電室、緊急發電機、電信室、消防機房、汙水機房、雨水機房、水箱、管理委員會空間、中央監控室、戶外安全梯、機房、管委會空間（走廊）、管委會空間等十六項。,鋼筋混凝土構造,111年6月1日,六層,,
RPROMLPJJHLGFCD97CC,4,13.11,本共有部分之項目有：防空避難室兼停車空間、梯廳、安全梯、台電配電室、緊急發電機、電信室、消防機房、汙水機房、雨水機房、水箱、管理委員會空間、中央監控室、戶外安全梯、機房、管委會空間（走廊）、管委會空間等十六項。,鋼筋混凝土構造,111年6月1日,六層,,
RPVOMLPJJHLGFCD38CC,4,21.65,集合住宅,鋼筋混凝土構造,111年6月1日,六層,,
RPVOMLPJJHLGFCD38CC,4,13.11,本共有部分之項目有：防空避難室兼停車空間、梯廳、安全梯、台電配電室、緊急發電機、電信室、消防機房、汙水機房、雨水機房、水箱、管理委員會空間、中央監控室、戶外安全梯、機房、管委會空間（走廊）、管委會空間等十六項。,鋼筋混凝土構造,111年6月1日,六層,,
RPUOMLPJJHLGFCD28CC,26,89.46,集合住宅,鋼筋混凝土造,88年10月21日,十三層,,
RPUOMLPJJHLGFCD28CC,26,14.61,共同使用部份,鋼筋混凝土造,88年10月21日,十三層,,
RPUOMLPJJHLGFCD28CC,26,31.08,共同使用部份,鋼筋混凝土造,88年10月21日,十三層,,
RPXNMLPJJHLGFCD48CC,4,27.74,集合住宅,鋼筋混凝土構造,111年6月1日,六層,,
RPXNMLPJJHLGFCD48CC,4,16.78,本共有部分之項目有：防空避難室兼停車空間、梯廳、安全梯、台電配電室、緊急發電機、電信室、消防機房、汙水機房、雨水機房、水箱、管理委員會空間、中央監控室、戶外安全梯、機房、管委會空間（走廊）、管委會空間等十六項。,鋼筋混凝土構造,111年6月1日,六層,,
RPQOMLPJJHLGFCD87CC,4,21.65,集合住宅,鋼筋混凝土構造,111年6月1日,六層,,
RPQOMLPJJHLGFCD87CC,4,13.11,本共有部分之項目有：防空避難室兼停車空間、梯廳、安全梯、台電配電室、緊急發電機、電信室、消防機房、汙水機房、雨水機房、水箱、管理委員會空間、中央監控室、戶外安全梯、機房、管委會空間（走廊）、管委會空間等十六項。,鋼筋混凝土構造,111年6月1日,六層,,
RPTOMLPJJHLGFCD18CC,4,21.65,集合住宅,鋼筋混凝土構造,111年6月1日,六層,,
RPTOMLPJJHLGFCD18CC,4,13.11,本共有部分之項目有：防空避難室兼停車空間、梯廳、安全梯、台電配電室、緊急發電機、電信室、消防機房、汙水機房、雨水機房、水箱、管理委員會空間、中央監控室、戶外安全梯、機房、管委會空間（走廊）、管委會空間等十六項。,鋼筋混凝土構造,111年6月1日,六層,,
RPSNMLPJJHLGFHD48CC,33,192.78,住商用,鋼筋混凝土造,82年6月22日,四層,,
RPPNMLPJJHLGFGD08CC,31,27.61,住商用,鋼筋混凝土造,83年9月10日,四層,,
RPPNMLPJJHLGFHD18CC,2,71.98,集合住宅,鋼骨鋼筋混凝土造,112年9月27日,二十六層,,
RPPNMLPJJHLGFHD18CC,2,76.52,本共有部分之項目有停車空間、樓梯間、機械室、水箱、儲藏室、陽台、公共空間、管委會使用空間等８項,鋼骨鋼筋混凝土造,112年9月27日,二十六層,,
RPQNMLPJJHLGFHD28CC,18,14.57,住宅，樓梯間,鋼筋混凝土造,96年9月19日,四層,,
RPTNMLPJJHLGFHD58CC,1,72.68,集合住宅,鋼筋混凝土造,114年3月18日,十層,,
RPTNMLPJJHLGFHD58CC,1,30.54,本共有之項目有：停車空間、管理室、樓梯間、電梯機房、水箱共５項。,鋼筋混凝土造,114年3月18日,十層,,
RPSPMLPJJHLGFCD18CC,1,45.28,集合住宅,鋼筋混凝土造,113年8月16日,十五層,,
RPSPMLPJJHLGFCD18CC,1,24.21,本共有部份之項目有：防空避難室兼停車空間、停車空間、管委會使用空間、樓梯間、昇降機間、機械室、水箱、梯間、門廊、車道共１０項。,鋼筋混凝土造,113年8月16日,十五層,,
RPXOMLPJJHLGFCD58CC,4,27.74,集合住宅,鋼筋混凝土構造,111年6月1日,六層,,
RPXOMLPJJHLGFCD58CC,4,16.78,本共有部分之項目有：防空避難室兼停車空間、梯廳、安全梯、台電配電室、緊急發電機、電信室、消防機房、汙水機房、雨水機房、水箱、管理委員會空間、中央監控室、戶外安全梯、機房、管委會空間（走廊）、管委會空間等十六項。,鋼筋混凝土構造,111年6月1日,六層,,
RPRPMLPJJHLGFCD08CC,30,73.18,住家用,鋼筋混凝土造,84年11月6日,二十層,,
RPRPMLPJJHLGFCD08CC,30,11.41,共同使用部份,鋼筋混凝土造,84年11月6日,二十層,,
RPRPMLPJJHLGFCD08CC,30,14.36,共同使用部份,鋼筋混凝土造,84年11月6日,二十層,,
RPOPMLPJJHLGFCD77CC,42,87.02,集合住宅,鋼筋混凝土造,72年8月3日,五層,,
RPOPMLPJJHLGFCD77CC,42,6.23,共同使用部份,鋼筋混凝土造,72年8月3日,五層,,
RPQPMLPJJHLGFCD97CC,7,84.56,集合住宅,鋼筋混凝土構造,107年11月8日,十三層,,
RPPNMLPJJHLGFKD48CC,45,26.55,店舖、住宅、避難室。,鋼筋混凝土造,69年9月1日,四層,,
RPQPMLPJJHLGFCD97CC,7,44.77,本共有部份之項目有：防空避難室兼停車空間、停車空間共２項,鋼筋混凝土構造,107年11月8日,十三層,,
RPQPMLPJJHLGFCD97CC,7,5.87,本共有部份之項目有：安全梯、梯廳、管道間、昇降機、公共服務空間、門廊、車道‧排煙室、電梯共９項。,鋼筋混凝土構造,107年11月8日,十三層,,
RPQPMLPJJHLGFCD97CC,7,19.26,本共有部份之項目有：樓梯間、機械室、水箱、電梯共４項。,鋼筋混凝土構造,107年11月8日,十三層,,
RPQNMLPJJHLGFKD58CC,31,18.91,住家用,鋼筋混凝土造,83年11月23日,六層,,
RPQNMLPJJHLGFKD58CC,31,10.19,共同使用部份,鋼筋混凝土造,83年11月23日,六層,,
RPRNMLPJJHLGFKD68CC,32,26.93,住家用,鋼筋混凝土造,83年5月24日,十二層,,
RPRNMLPJJHLGFKD68CC,32,5.99,共同使用部份,鋼筋混凝土造,83年5月24日,十二層,,
RPRNMLPJJHLGFKD68CC,32,5.02,共同使用部份,鋼筋混凝土造,83年5月24日,十二層,,
RPSNMLPJJHLGFKD78CC,27,32.00,商業用,鋼筋混凝土造,88年5月19日,十一層,,
RPSNMLPJJHLGFKD78CC,27,9.54,共同使用部份,鋼筋混凝土造,88年5月19日,十四層,,
RPSNMLPJJHLGFKD78CC,27,3.48,共同使用部份,鋼筋混凝土造,88年5月19日,十四層,,
RPUNMLPJJHLGFKD98CC,51,72.28,住家用,加強磚造,63年11月1日,二層,,
RPQNMLQJJHLGFAD67CC,20,39.18,集合住宅,ＲＣ造,95年4月6日,十四層,,
RPQNMLQJJHLGFAD67CC,20,7.36,共同使用部份,ＲＣ造,95年4月6日,十四層,,
RPTNMLPJJHLGFID68CC,22,14.88,住家用,鋼筋混凝土造,92年9月10日,十層,,
RPQNMLQJJHLGFAD67CC,20,6.13,共同使用部份,ＲＣ造,95年4月6日,十四層,,
RPPNMLPJJHLGFID28CC,18,8.04,辦公室,鋼筋混凝土造,96年9月20日,四層,,
RPWNMLPJJHLGFID98CC,31,83.38,住家用,鋼筋混凝土造,84年1月6日,八層,,
RPPNMLPJJHLGFID28CC,18,5.59,共同使用部份,鋼筋混凝土造,96年9月20日,四層,,
RPWNMLPJJHLGFID98CC,31,12.24,共同使用部份,鋼筋混凝土造,84年1月6日,八層,,
RPWNMLPJJHLGFID98CC,31,7.55,共同使用部份,鋼筋混凝土造,84年1月6日,八層,,
RPSNMLPJJHLGFID58CC,22,14.88,住家用,鋼筋混凝土造,92年9月10日,十層,,
RPSNMLQJJHLGFAD87CC,41,37.22,住家用,鋼筋混凝土造,73年12月28日,十四層,,
RPUNMLPJJHLGFID78CC,1,84.38,集合住宅,鋼筋混凝土造,113年6月24日,十四層,,
RPSNMLQJJHLGFAD87CC,41,12.15,共同使用部份,鋼筋混凝土造,73年12月28日,十四層,,
RPUNMLPJJHLGFID78CC,1,19.29,本共有部分之項目有梯廳、管委會使用空間、停車空間等３項,鋼筋混凝土造,113年6月24日,十四層,,
RPVNMLPJJHLGFKD09CC,30,18.61,住家用,鋼筋混凝土造,84年9月21日,七層,,
RPUNMLPJJHLGFID78CC,1,22.64,本共有部分之項目有機電設備空間、進風機房、梯廳兼排煙室、樓電梯間、水錶機房、消防水箱、樓梯間、電梯機房、水箱等９項,鋼筋混凝土造,113年6月24日,十四層,,
RPVNMLPJJHLGFKD09CC,30,6.75,共同使用部份,鋼筋混凝土造,84年9月21日,七層,,
RPVNMLPJJHLGFKD09CC,30,3.88,共同使用部份,鋼筋混凝土造,84年9月21日,七層,,
RPUNMLQJJHLGFAD08CC,9,55.51,集合住宅,鋼筋混凝土構造,106年1月24日,二十三層,,
RPTNMLQJJHLGFAD97CC,46,142.94,商業用,鋼筋混凝土造,68年10月13日,五層,,
RPWNMLQJJHLGFAD28CC,35,18.75,商業用,鋼筋混凝土造,80年2月9日,九層,,
RPUNMLQJJHLGFAD08CC,9,26.92,本共有部分之項目：防空避難室、停車空間、機房、樓梯間、機械房、水箱、門廳、梯間、管委會使用空間、水池、防災中心等。,鋼筋混凝土構造,106年1月24日,二十六層,,
RPPNMLQJJHLGFAD57CC,35,62.53,住家用,鋼筋混凝土造,80年4月22日,七層,,
RPTNMLQJJHLGFAD97CC,46,9.85,共同使用部份,鋼筋混凝土造,68年10月13日,五層,,
RPVNMLQJJHLGFAD18CC,41,14.04,商業用,鋼筋混凝土造,73年12月28日,十四層,,
RPPNMLQJJHLGFAD57CC,35,20.30,共同使用部份,鋼筋混凝土造,80年4月22日,七層,,
RPWNMLQJJHLGFAD28CC,35,9.15,共同使用部份,鋼筋混凝土造,80年2月9日,九層,,
RPVNMLQJJHLGFAD18CC,41,13.62,共同使用部份,鋼筋混凝土造,73年12月28日,十四層,,
RPTNMLQJJHLGFAD97CC,46,94.20,避難室,鋼筋混凝土造,68年10月13日,,,
RPTNMLQJJHLGFAD97CC,46,6.54,共同使用部份,鋼筋混凝土造,68年10月13日,五層,,
RPXNMLQJJHLGFAD38CC,30,132.29,店舖、停車空間、集合住宅,鋼筋混凝土造,85年4月27日,十二層,,
RPXNMLQJJHLGFAD38CC,30,52.40,共同使用部份,鋼筋混凝土造,85年4月27日,十二層,,
RPROMLQJJHLGFAD87CC,38,96.51,住家用,鋼筋混凝土造,77年2月29日,五層,,
RPROMLQJJHLGFAD87CC,38,17.76,共同使用部份,鋼筋混凝土造,77年2月29日,五層,,
RPQOMLQJJHLGFAD77CC,35,15.35,住家用,鋼筋混凝土造,79年12月1日,五層,,
RPQOMLQJJHLGFAD77CC,35,.70,共同使用部份,鋼筋混凝土造,79年12月1日,五層,,
RPQOMLQJJHLGFAD77CC,35,5.68,共同使用部份,鋼筋混凝土造,79年12月1日,五層,,
RPPOMLQJJHLGFAD67CC,31,166.12,住家用,鋼筋混凝土造,83年10月7日,三層,,
RPSOMLQJJHLGFAD97CC,41,53.82,住家用,鋼筋混凝土造,73年12月28日,十四層,,
RPSOMLQJJHLGFAD97CC,41,18.12,共同使用部份,鋼筋混凝土造,73年12月28日,十四層,,
RPTOMLQJJHLGFAD08CC,45,34.45,住家用,鋼筋混凝土造,69年12月3日,十層,,
RPTOMLQJJHLGFAD08CC,45,9.08,共同使用部份,鋼筋混凝土造,69年12月3日,十層,,
RPRNMLQJJHLGFBD87CC,11,166.16,住家用,鋼筋混凝土造,104年2月11日,四層,,
RPPNMLQJJHLGFBD67CC,3,48.42,住家用,鋼筋混凝土造,112年2月2日,四層,,
RPPNMLQJJHLGFCD77CC,42,18.29,住家用,鋼筋混凝土造,72年8月26日,三層,,
RPSNMLQJJHLGFBD97CC,44,90.97,集合住宅,鋼筋混凝土造,70年9月7日,四層,,
RPSNMLQJJHLGFBD97CC,44,3.55,共同使用部份,鋼筋混凝土造,70年9月7日,四層,,
RPSNMLQJJHLGFCD08CC,60,102.54,住家用,補強磚造,55年1月1日,二層,,
RPSNMLQJJHLGFBD97CC,44,7.81,共同使用部份,鋼筋混凝土造,70年9月7日,四層,,
RPSNMLQJJHLGFCD08CC,60,102.54,住家用,補強磚造,55年1月1日,二層,,
RPRNMLQJJHLGFCD97CC,30,53.08,住家用,鋼筋混凝土造,84年7月13日,五層,,
RPQNMLQJJHLGFBD77CC,,55.40,集合住宅,鋼筋混凝土造,114年8月26日,十五層,,
RPQNMLQJJHLGFBD77CC,,28.50,本共有部分之項目有防空避難室兼停車空間、停車空間、梯間、管委會使用空間、梯廳兼門廳、車道、樓梯間、昇降機間、水箱、機械室等１０項,鋼筋混凝土造,114年8月26日,十五層,,
RPOOMLQJJHLGFCD77CC,18,22.74,住家用,鋼筋混凝土造,97年2月29日,十四層,,
RPUNMLQJJHLGFCD28CC,43,87.02,集合住宅,鋼筋混凝土造,71年11月29日,五層,,
RPOOMLQJJHLGFCD77CC,18,5.65,共同使用部份,鋼筋混凝土造,97年2月29日,十四層,,
RPUNMLQJJHLGFCD28CC,43,6.23,共同使用部份,鋼筋混凝土造,71年11月29日,五層,,
RPOOMLQJJHLGFCD77CC,18,6.73,共同使用部份,鋼筋混凝土造,97年2月29日,十四層,,
RPWNMLQJJHLGFCD48CC,26,89.46,集合住宅,鋼筋混凝土造,88年10月21日,十三層,,
RPPOMLQJJHLGFCD87CC,36,14.52,住家用,鋼筋混凝土造,79年1月2日,七層,,
RPWNMLQJJHLGFCD48CC,26,15.75,共同使用部份,鋼筋混凝土造,88年10月21日,十三層,,
RPPOMLQJJHLGFCD87CC,36,8.47,共同使用部份,鋼筋混凝土造,79年1月2日,七層,,
RPWNMLQJJHLGFCD48CC,26,31.08,共同使用部份,鋼筋混凝土造,88年10月21日,十三層,,
RPQOMLQJJHLGFCD97CC,46,71.54,集合住宅,鋼筋混凝土造,69年5月22日,四層,,
RPQOMLQJJHLGFCD97CC,46,8.83,共同使用部份,鋼筋混凝土造,69年5月22日,四層,,
RPTNMLQJJHLGFCD18CC,7,85.10,集合住宅,鋼筋混凝土構造,107年6月25日,五層,,
RPTNMLQJJHLGFCD18CC,7,27.72,本共有部分之項目有：停車空間、管理維護空間、電信室、安全梯、樓梯間、梯廳、昇降機、電梯間等８項。,鋼筋混凝土構造,107年6月25日,五層,,
RPVNMLQJJHLGFCD38CC,29,44.28,住家用,鋼筋混凝土造,86年3月8日,十四層,,
RPTNMLQJJHLGFCD18CC,7,15.78,本共有部份之項目有：樓梯間。,鋼筋混凝土構造,107年6月25日,五層,,
RPVNMLQJJHLGFCD38CC,29,10.14,共同使用部份,鋼筋混凝土造,86年3月8日,十四層,,
RPXNMLQJJHLGFCD58CC,29,94.24,住家用,鋼筋混凝土造,86年3月26日,九層,,
RPVNMLQJJHLGFCD38CC,29,5.54,共同使用部份,鋼筋混凝土造,86年3月8日,十四層,,
RPXNMLQJJHLGFCD58CC,29,37.34,共同使用部份,鋼筋混凝土造,86年3月26日,九層,,
RPXNMLQJJHLGFCD58CC,29,12.13,共同使用部份,鋼筋混凝土造,86年3月26日,九層,,
RPQNMLQJJHLGFGD28CC,22,60.00,住家用,鋼筋混凝土造,93年4月5日,一層,,
RPPNMLQJJHLGFGD18CC,49,104.22,住家用,加強磚造,65年12月31日,二層,,
RPSNMLQJJHLGFGD48CC,31,34.16,住家用,鋼筋混凝土造,84年6月22日,十二層,,
RPSNMLQJJHLGFGD48CC,31,8.57,共同使用部份,鋼筋混凝土造,84年6月22日,十二層,,
RPRNMLQJJHLGFGD38CC,4,201.95,Ｈ２住宅,鋼筋混凝土造,110年12月15日,一層,,
RPQNMLQJJHLGFHD38CC,9,36.31,住家用,鋼筋混凝土造,105年8月18日,七層,,
RPQNMLQJJHLGFHD38CC,9,24.11,停車空間、防空避難室、樓梯間、水箱,鋼筋混凝土造,105年8月18日,七層,,
RPTNMLQJJHLGFGD58CC,31,44.59,住家用,鋼筋混凝土造,84年6月22日,十二層,,
RPTNMLQJJHLGFGD58CC,31,12.70,共同使用部份,鋼筋混凝土造,84年6月22日,十二層,,
RPRNMLQJJHLGFHD48CC,3,72.68,集合住宅,鋼筋混凝土造,111年7月15日,六層,,
RPRNMLQJJHLGFHD48CC,3,31.37,本共有部分之項目有門廊、停車空間、管理維護空間等公共設施、電信室等公共設施、樓梯間、電梯機械室、水塔等７項,鋼筋混凝土造,111年7月15日,六層,,
RPQNMLQJJHLGFID48CC,33,82.51,住家用,鋼筋混凝土造,82年3月30日,六層,,
RPQNMLQJJHLGFID48CC,33,25.87,共同使用部份,鋼筋混凝土造,82年3月30日,六層,,
RPPNMLQJJHLGFID38CC,2,73.66,集合住宅,鋼筋混凝土造,112年12月8日,十五層,,
RPPNMLQJJHLGFID38CC,2,62.71,本共有部分之項目有停車空間、管委會空間、公共服務空間、梯間、樓電梯間、樓梯間、水箱、機械室等８項,鋼筋混凝土造,112年12月8日,十五層,,
RPUOMLQJJHLGFCD38CC,21,43.97,住家用,ＲＣ造,93年7月12日,十四層,,
RPRNMLQJJHLGFKD78CC,19,23.28,住家用,鋼筋混凝土造,95年11月28日,四層,,
RPUOMLQJJHLGFCD38CC,21,9.38,共同使用部份,ＲＣ造,93年7月12日,十四層,,
RPUOMLQJJHLGFCD38CC,21,5.32,共同使用部份,ＲＣ造,93年7月12日,十四層,,
RPSNMLQJJHLGFKD88CC,19,31.90,住家用,鋼筋混凝土造,96年1月19日,四層,,
RPTOMLQJJHLGFCD28CC,31,109.48,住家用,鋼筋混凝土造,84年5月2日,六層,,
RPTNMLQJJHLGFKD98CC,32,19.02,住商用,鋼筋混凝土造,83年2月28日,四層,,
RPTOMLQJJHLGFCD28CC,31,45.89,共同使用部份,鋼筋混凝土造,84年5月2日,六層,,
RPQNMLQJJHLGFKD68CC,41,16.53,住家用,鋼筋混凝土造,74年4月17日,三層,,
RPSOMLQJJHLGFCD18CC,30,83.58,住家用,鋼筋混凝土造,85年2月3日,十六層,,
RPSOMLQJJHLGFCD18CC,30,41.76,共同使用部份,鋼筋混凝土造,85年2月3日,十六層,,
RPSOMLQJJHLGFCD18CC,30,12.40,共同使用部份,鋼筋混凝土造,85年2月3日,十六層,,
RPPNMLQJJHLGFHD28CC,1,77.31,集合住宅,鋼筋混凝土造,113年8月23日,七層,,
RPPNMLQJJHLGFHD28CC,1,40.73,本共有部分之項目有門廊、停車空間、管理維護空間等公共設施、樓梯間、電梯機械室、水箱等６項,鋼筋混凝土造,113年8月23日,七層,,
RPWNMLQJJHLGFKD66CC,54,291.67,工埸。,磚造、鋼架、石棉瓦。,60年9月1日,一層,,
RPVNMLQJJHLGFKD56CC,26,24.50,住家用,鋼筋混凝土造,88年8月24日,十四層,,
RPVNMLQJJHLGFKD56CC,26,.60,共同使用部份,鋼筋混凝土造,88年8月24日,十四層,,
RPVNMLQJJHLGFKD56CC,26,1.04,共同使用部份,鋼筋混凝土造,88年8月24日,十四層,,
RPVNMLQJJHLGFKD56CC,26,6.49,共同使用部份,鋼筋混凝土造,88年8月24日,十四層,,
RPUNMLQJJHLGFKD09CC,26,23.31,住家用,鋼筋混凝土造,88年8月24日,十四層,,
RPUNMLQJJHLGFKD09CC,26,.57,共同使用部份,鋼筋混凝土造,88年8月24日,十四層,,
RPUNMLQJJHLGFKD09CC,26,1.04,共同使用部份,鋼筋混凝土造,88年8月24日,十四層,,
RPUNMLQJJHLGFKD09CC,26,6.24,共同使用部份,鋼筋混凝土造,88年8月24日,十四層,,
RPQOMLQJJHLGFKD78CC,46,79.67,住家用,加強磚造,69年6月1日,二層,,
RPOOMLQJJHLGFKD58CC,2,71.73,集合住宅,鋼筋混凝土造,112年9月20日,十五層,,
RPOOMLQJJHLGFKD58CC,2,77.19,本共有部份之項目有：防空避難室，停車空間，樓梯間，機械設備空間，水箱，機械室等共６項,鋼筋混凝土造,112年9月20日,十五層,,
RPSOMLQJJHLGFKD98CC,30,29.84,辦公室。,鋼筋混凝土造,85年1月29日,十七層,,
RPSOMLQJJHLGFKD98CC,30,3.56,共同使用部份,鋼筋混凝土造,85年1月29日,十七層,,
RPSOMLQJJHLGFKD98CC,30,2.37,共同使用部份,鋼筋混凝土造,85年1月29日,十七層,,
RPXNMLQJJHLGFKD76CC,28,60.85,住家用,鋼筋混凝土造,86年9月26日,十一層,,
RPXNMLQJJHLGFKD76CC,28,15.33,共同使用部份,鋼筋混凝土造,86年9月26日,十一層,,
RPXNMLQJJHLGFKD76CC,28,6.31,共同使用部份,鋼筋混凝土造,86年9月26日,十一層,,
RPROMLQJJHLGFKD88CC,27,33.13,一般事務所,鋼筋混凝土造,88年4月26日,十二層,,
RPPOMLQJJHLGFKD68CC,18,181.44,農業用,鋼骨造有牆,97年4月14日,一層,,
RPROMLQJJHLGFKD88CC,27,3.79,共同使用部份,鋼筋混凝土造,88年4月26日,十二層,,
RPROMLQJJHLGFKD88CC,27,8.99,共同使用部份,鋼筋混凝土造,88年4月26日,十二層,,
RPWOMLQJJHLGFKD76CC,30,115.06,辦公室。,鋼筋混凝土造,84年12月4日,十五層,,
RPRNMLRJJHLGFAD87CC,9,60.20,集合住宅,鋼筋混凝土構造,106年1月24日,二十三層,,
RPWOMLQJJHLGFKD76CC,30,19.87,共同使用部份,鋼筋混凝土造,84年12月4日,十五層,,
RPRNMLRJJHLGFAD87CC,9,55.71,本共有部分之項目：防空避難室、停車空間、機房、樓梯間、機械房、水箱、門廳、梯間、管委會使用空間、水池、防災中心等。,鋼筋混凝土構造,106年1月24日,二十六層,,
RPSNMLRJJHLGFAD97CC,60,87.51,住家用,加強磚造,55年5月30日,二層,,
RPVOMLQJJHLGFKD66CC,2,86.71,集合住宅,鋼筋混凝土造,113年4月1日,二十層,,
RPVOMLQJJHLGFKD66CC,2,79.51,本共有部分之項目有：防空避難室兼停車空間、停車空間、大廳、安全梯、資源回收等、管委會使用空間、門廊、樓梯間、機械室、水箱、陽台等共１１項,鋼筋混凝土造,113年4月1日,二十層,,
RPTOMLQJJHLGFKD09CC,7,50.03,住家用,鋼筋混凝土構造,107年12月14日,十八層,,
RPPNMLRJJHLGFAD67CC,57,69.20,住商用,加強磚造,57年12月17日,四層,,
RPTOMLQJJHLGFKD09CC,7,44.00,本共有部分之項目有停車空間、台電配電室、防空避難室兼停車空間、梯間、公共服務空間、車道、防災中心、緩衝空間、頂蓋型沿街步道式開放空間、頂蓋型廣場式開放空間、樓梯間、水箱及機房等１３項,鋼筋混凝土構造,107年12月14日,十八層,,
RPUNMLRJJHLGFAD18CC,19,97.16,集合住宅,ＲＣ造,95年8月22日,十四層,,
RPUNMLRJJHLGFAD18CC,19,49.85,共同使用部份,ＲＣ造,95年8月22日,十四層,,
RPUNMLRJJHLGFAD18CC,19,17.21,共同使用部份,ＲＣ造,95年8月22日,十四層,,
RPQNMLRJJHLGFAD77CC,30,60.41,住家用,鋼筋混凝土造,84年9月12日,十八層,,
RPQNMLRJJHLGFAD77CC,30,10.04,共同使用部份,鋼筋混凝土造,84年9月12日,十八層,,
RPUOMLQJJHLGFKD56CC,26,82.11,住家用,鋼筋混凝土造,89年5月4日,十八層,,
RPQNMLRJJHLGFAD77CC,30,8.25,共同使用部份,鋼筋混凝土造,84年9月12日,十八層,,
RPUOMLQJJHLGFKD56CC,26,16.21,共同使用部份,鋼筋混凝土造,89年5月4日,十八層,,
RPUOMLQJJHLGFKD56CC,26,8.28,共同使用部份,鋼筋混凝土造,89年5月4日,十八層,,
RPVNMLRJJHLGFAD28CC,59,48.69,住家用,加強磚造,56年5月22日,二層,,
RPTNMLRJJHLGFAD08CC,2,46.59,集合住宅,鋼筋混凝土造,112年10月17日,二十九層,,
RPTNMLRJJHLGFAD08CC,2,39.93,本共有部分之項目有防空避難室兼停車空間、停車空間、公共服務空間、梯間、車道、門廊、門廳、防災中心、陽台、中繼水箱、樓梯間、昇降機間（排煙室）、機械室、水箱、雨遮等１５項。,鋼筋混凝土造,112年10月17日,二十九層,,
RPWNMLRJJHLGFAD38CC,41,31.09,住家用,鋼筋混凝土造,73年12月28日,十四層,,
RPWNMLRJJHLGFAD38CC,41,10.37,共同使用部份,鋼筋混凝土造,73年12月28日,十四層,,
RPOOMLRJJHLGFAD67CC,36,145.41,住家用,鋼筋混凝土造,78年11月17日,二層,,
RPROMLRJJHLGFAD97CC,43,18.00,商業用,鋼筋混凝土造,71年11月19日,七層,,
RPXNMLRJJHLGFAD48CC,29,25.41,住家用,鋼筋混凝土造,86年1月27日,二十層,,
RPXNMLRJJHLGFAD48CC,29,5.42,共同使用部份,鋼筋混凝土造,86年1月27日,二十層,,
RPXNMLRJJHLGFAD48CC,29,4.11,共同使用部份,鋼筋混凝土造,86年1月27日,二十層,,
RPXNMLRJJHLGFAD48CC,29,2.37,共同使用部份,鋼筋混凝土造,86年1月27日,二十層,,
RPQOMLRJJHLGFAD87CC,9,87.67,集合住宅,鋼筋混凝土構造,105年11月9日,二十七層,,
RPQOMLRJJHLGFAD87CC,9,74.35,本共有部分之項目有：樓梯間、機房、水箱、特別安全梯、梯廳、排煙管道、排煙室、行動不便電梯、緊急升降機、管道間、進風管道、防空避難室、停車空間、管委會使用空間,鋼筋混凝土構造,105年11月9日,二十七層,,
RPXNMLRJJHLGFBD58CC,11,18.45,住宅，停車空間,鋼筋混凝土造,103年7月4日,四層,,
RPRNMLRJJHLGFBD97CC,37,1547.87,住工用,加強磚造,78年2月1日,二層,,
RPQNMLRJJHLGFBD87CC,44,26.60,住商用,鋼筋混凝土造,70年9月4日,三層,,
RPSNMLRJJHLGFBD08CC,31,248.50,住家用,鋼筋混凝土造,83年9月10日,四層,,
RPPNMLRJJHLGFBD77CC,45,113.86,住商用,加強磚造,70年4月20日,二層,,
RPSOMLRJJHLGFAD08CC,32,115.36,住家用,鋼筋混凝土造,82年7月23日,六層,,
RPTOMLRJJHLGFAD18CC,22,56.64,集合住宅,ＲＣ造,93年3月29日,十二層,,
RPRNMLRJJHLGFCD08CC,36,20.37,住家用,鋼筋混凝土造,78年6月20日,九層,,
RPOOMLRJJHLGFBD77CC,12,20.79,住宅，停車空間,鋼筋混凝土造,103年7月4日,四層,,
RPSNMLRJJHLGFCD18CC,38,119.08,住商用,鋼筋混凝土造,76年8月26日,四層,,
RPSOMLRJJHLGFAD08CC,32,20.43,共同使用部份,鋼筋混凝土造,82年7月23日,六層,,
RPRNMLRJJHLGFCD08CC,36,7.22,共同使用部份,鋼筋混凝土造,78年6月20日,九層,,
RPTOMLRJJHLGFAD18CC,22,31.92,共同使用部份,ＲＣ造,93年3月29日,十二層,,
RPSOMLRJJHLGFAD08CC,32,22.28,共同使用部份,鋼筋混凝土造,82年7月23日,六層,,
RPUNMLRJJHLGFBD28CC,11,20.79,住宅，停車空間,鋼筋混凝土造,103年7月4日,四層,,
RPPNMLRJJHLGFCD87CC,46,62.63,集合住宅,鋼筋混凝土造,69年5月22日,七層,,
RPPNMLRJJHLGFCD87CC,46,9.84,共同使用部份,鋼筋混凝土造,69年5月22日,七層,,
RPUNMLRJJHLGFCD38CC,48,62.19,住家用,鋼筋混凝土造,67年5月9日,四層,,
RPTNMLRJJHLGFCD28CC,45,94.99,住家用,加強磚造,70年2月20日,二層,,
RPVNMLRJJHLGFCD48CC,43,86.12,集合住宅,鋼筋混凝土造,71年11月29日,五層,,
RPVNMLRJJHLGFCD48CC,43,6.30,共同使用部份,鋼筋混凝土造,71年11月29日,五層,,
RPWNMLRJJHLGFCD58CC,44,32.00,店舖、住宅,鋼筋混凝土造,70年7月15日,四層,,
RPOOMLRJJHLGFCD87CC,31,88.38,住家用,鋼筋混凝土造,84年1月7日,二十四層,,
RPOOMLRJJHLGFCD87CC,31,16.56,共同使用部份,鋼筋混凝土造,84年1月7日,二十四層,,
RPOOMLRJJHLGFCD87CC,31,2.93,共同使用部份,鋼筋混凝土造,84年1月7日,二十四層,,
RPPOMLRJJHLGFCD97CC,42,70.49,集合住宅,鋼筋混凝土造,72年7月18日,五層,,
RPPOMLRJJHLGFCD97CC,42,5.79,共同使用部份,鋼筋混凝土造,72年7月18日,五層,,
RPXOMLRJJHLGFCD78CC,37,133.65,住家用,鋼筋混凝土造,77年12月24日,五層,,
RPXOMLRJJHLGFCD78CC,37,22.70,共同使用部份,鋼筋混凝土造,77年12月24日,五層,,
RPQOMLRJJHLGFCD08CC,38,76.42,避難室、廠房、住宅,鋼筋混凝土造,76年10月14日,五層,,
RPXNMLRJJHLGFCD68CC,27,91.60,住家用,鋼筋混凝土造,87年9月19日,十二層,,
RPXNMLRJJHLGFCD68CC,27,9.34,共同使用部份,鋼筋混凝土造,87年9月19日,十二層,,
RPXNMLRJJHLGFCD68CC,27,13.48,共同使用部份,鋼筋混凝土造,87年9月19日,十二層,,
RPVOMLRJJHLGFCD58CC,30,53.08,住家用,鋼筋混凝土造,84年7月13日,五層,,
RPROMLRJJHLGFCD18CC,30,59.43,住家用,鋼筋混凝土造,84年11月6日,二十層,,
RPROMLRJJHLGFCD18CC,30,12.38,共同使用部份,鋼筋混凝土造,84年11月6日,二十層,,
RPROMLRJJHLGFCD18CC,30,33.51,共同使用部份,鋼筋混凝土造,84年11月6日,二十層,,
RPOPMLRJJHLGFCD97CC,30,17.97,住家用,鋼筋混凝土造,85年2月2日,三層,,
RPOPMLRJJHLGFCD97CC,30,4.58,共同使用部份,鋼筋混凝土造,85年2月2日,三層,,
RPWOMLRJJHLGFCD68CC,18,29.77,住家用,鋼筋混凝土造,97年2月29日,十四層,,
RPWOMLRJJHLGFCD68CC,18,7.42,共同使用部份,鋼筋混凝土造,97年2月29日,十四層,,
RPPNMLRJJHLGFGD28CC,31,28.16,住家用,鋼筋混凝土造,84年6月22日,十二層,,
RPWOMLRJJHLGFCD68CC,18,8.86,共同使用部份,鋼筋混凝土造,97年2月29日,十四層,,
RPPNMLRJJHLGFGD28CC,31,7.98,共同使用部份,鋼筋混凝土造,84年6月22日,十二層,,
RPPPMLRJJHLGFCD08CC,48,63.00,住家用,鋼筋混凝土造,67年5月9日,四層,,
RPPNMLRJJHLGFHD38CC,10,53.79,集合住宅,鋼筋混凝土造,105年5月11日,七層,,
RPPNMLRJJHLGFHD38CC,10,28.64,停車空間，梯間，門廳，管委會使用空間，樓梯間，水箱，機械室,鋼筋混凝土造,105年5月11日,七層,,
RPTOMLRJJHLGFCD38CC,42,15.94,住家用,鋼筋混凝土造,72年8月26日,三層,,
RPPNMLRJJHLGFDD97CC,,14.00,住商用,加強磚造,,三層,,
RPQNMLRJJHLGFDD08CC,27,98.37,集合住宅,鋼筋混凝土造,88年3月17日,六層,,
RPQNMLRJJHLGFDD08CC,27,45.65,共同使用部份,鋼筋混凝土造,88年3月17日,六層,,
RPQNMLRJJHLGFHD48CC,6,18.00,店舖、住宅,鋼筋混凝土造,109年6月9日,四層,,
RPQNMLRJJHLGFGD38CC,31,34.98,住家用,鋼筋混凝土造,84年6月22日,十二層,,
RPQNMLRJJHLGFGD38CC,31,8.57,共同使用部份,鋼筋混凝土造,84年6月22日,十二層,,
RPRPMLRJJHLGFCD28CC,46,110.88,住家用,加強磚造,69年4月22日,二層,,
RPQPMLRJJHLGFCD18CC,30,70.98,住家用,鋼筋混凝土造,84年8月10日,九層,,
RPQPMLRJJHLGFCD18CC,30,7.36,共同使用部份,鋼筋混凝土造,84年8月10日,九層,,
RPQPMLRJJHLGFCD18CC,30,8.66,共同使用部份,鋼筋混凝土造,84年8月10日,九層,,
RPQNMLRJJHLGFID58CC,45,101.60,住商用,加強磚造,70年5月9日,二層,,
RPRNMLRJJHLGFHD58CC,2,47.59,集合住宅,鋼筋混凝土造,113年7月5日,十層,,
RPRNMLRJJHLGFHD58CC,2,21.86,共有部分之項目有停車空間、管委會使用空間、門廊、車道、樓梯間、管道間、水箱等７項。,鋼筋混凝土造,113年7月5日,十層,,
RPTNMLRJJHLGFHD78CC,4,69.41,集合住宅,鋼筋混凝土造,110年9月1日,十五層,,
RPTNMLRJJHLGFHD78CC,4,32.25,停車空間、門廊、管理維護空間、垃圾儲存空間、資源回收專區、樓梯間、昇降機間、機械室、水塔,鋼筋混凝土造,110年9月1日,十五層,,
RPSNMLRJJHLGFID78CC,31,60.77,住家用,鋼筋混凝土造,84年3月31日,十一層,,
RPRNMLRJJHLGFKD88CC,33,22.00,住家用,鋼筋混凝土造,82年4月28日,三層,,
RPSNMLRJJHLGFID78CC,31,15.90,住家用,鋼筋混凝土造,84年3月31日,十一層,,
RPPNMLRJJHLGFKD68CC,20,8.77,辦公室,鋼筋混凝土造,94年7月8日,六層,,
RPSNMLRJJHLGFID78CC,31,8.37,共同使用部份,鋼筋混凝土造,84年3月31日,十一層,,
RPPNMLRJJHLGFKD68CC,20,8.28,共同使用部份,鋼筋混凝土造,94年7月8日,六層,,
RPQNMLRJJHLGFKD78CC,8,9.42,住家用,鋼筋混凝土構造,107年4月2日,五層,,
RPQNMLRJJHLGFKD78CC,8,4.19,本共有部分之項目有：電梯間，樓梯間及水箱等３項,鋼筋混凝土構造,107年4月2日,五層,,
RPSNMLRJJHLGFHD68CC,2,56.82,集合住宅,鋼筋混凝土造,113年6月26日,八層,,
RPSNMLRJJHLGFHD68CC,2,30.34,共有部分項目有：停車空間、機電設備空間、昇降機道、安全梯、管理員室、乙梯戶外安全梯、甲梯安全梯兼無障礙梯、昇降機道兼梯廳、機械設備空間、樓梯間等１０項。,鋼筋混凝土造,113年6月26日,八層,,
RPPNMLRJJHLGFID48CC,2,80.42,集合住宅,鋼筋混凝土造,112年12月8日,十五層,,
RPPNMLRJJHLGFID48CC,2,40.45,本共有部分之項目有停車空間、管委會空間、公共服務空間、梯間、樓電梯間、樓梯間、水箱、機械室等８項,鋼筋混凝土造,112年12月8日,十五層,,
RPUNMLRJJHLGFKD56CC,34,12.96,住家用,鋼筋混凝土造,80年10月22日,八層,,
RPUNMLRJJHLGFKD56CC,34,7.92,共同使用部份,鋼筋混凝土造,80年10月22日,八層,,
RPWNMLRJJHLGFKD76CC,33,56.89,住家用,鋼筋混凝土造,82年5月11日,五層,,
RPWNMLRJJHLGFKD76CC,33,26.68,共同使用部份,鋼筋混凝土造,82年5月11日,五層,,
RPVNMLRJJHLGFKD66CC,21,24.46,住商用,鋼筋混凝土造,93年8月10日,四層,,
RPTNMLRJJHLGFKD09CC,11,10.99,住家用,鋼筋混凝土構造,104年5月18日,三層,,
RPOOMLRJJHLGFKD68CC,32,68.88,住家用,鋼筋混凝土造,82年12月22日,九層,,
RPOOMLRJJHLGFKD68CC,32,22.89,共同使用部份,鋼筋混凝土造,82年12月22日,九層,,
RPXNMLRJJHLGFKD86CC,21,19.88,住家用,鋼筋混凝土造,93年7月27日,四層,,
RPPOMLRJJHLGFKD78CC,42,157.86,住家用,加強磚造,72年9月5日,二層,,
RPUNMLSJJHLGFAD28CC,47,106.98,住家用,加強磚造,67年9月12日,二層,,
RPPNMLSJJHLGFAD77CC,29,23.14,辦公室、店舖、住宅,鋼筋混凝土造,85年12月16日,三層,,
RPXNMLSJJHLGFAD58CC,17,14.61,住宅、停車空間,鋼筋混凝土造,97年7月22日,四層,,
RPTOMLSJJHLGFAD28CC,33,80.85,住家用,鋼筋混凝土造,82年6月11日,七層,,
RPTOMLSJJHLGFAD28CC,33,29.13,共同使用部份,鋼筋混凝土造,82年6月11日,七層,,
RPOOMLSJJHLGFAD77CC,9,87.67,集合住宅,鋼筋混凝土構造,105年11月9日,二十七層,,
RPWNMLSJJHLGFAD48CC,46,26.45,住商用,鋼筋混凝土造,68年8月17日,四層,,
RPOOMLSJJHLGFAD77CC,9,74.35,本共有部分之項目有：樓梯間、機房、水箱、特別安全梯、梯廳、排煙管道、排煙室、行動不便電梯、緊急升降機、管道間、進風管道、防空避難室、停車空間、管委會使用空間,鋼筋混凝土構造,105年11月9日,二十七層,,
RPSOMLSJJHLGFAD18CC,28,25.67,住家用,鋼筋混凝土造,87年2月19日,二十一層,,
RPTNMLSJJHLGFAD18CC,1,62.68,集合住宅,鋼筋混凝土造,114年3月7日,十層,,
RPSOMLSJJHLGFAD18CC,28,9.48,共同使用部份,鋼筋混凝土造,87年2月19日,二十一層,,
RPTNMLSJJHLGFAD18CC,1,46.22,本共有部分之項目有防空避難室兼停車空間、停車空間、管理維護使用空間、梯間、水塔等五項。,鋼筋混凝土造,114年3月7日,十層,,
RPOPMLSJJHLGFAD87CC,31,180.72,住家用,鋼筋混凝土造,84年5月17日,四層,,
RPUOMLSJJHLGFAD38CC,27,72.75,集合住宅,鋼筋混凝土造,88年4月1日,十四層,,
RPUOMLSJJHLGFAD38CC,27,19.16,共同使用部份,鋼筋混凝土造,88年4月1日,十四層,,
RPUOMLSJJHLGFAD38CC,27,10.17,共同使用部份,鋼筋混凝土造,88年4月1日,十四層,,
RPPNMLSJJHLGFBD87CC,5,27.88,住家用,鋼筋混凝土造,109年7月20日,三層,,
RPWOMLSJJHLGFAD58CC,44,88.62,住家用,鋼筋混凝土造,70年10月17日,五層,,
RPWOMLSJJHLGFAD58CC,44,12.43,共同使用部份,鋼筋混凝土造,70年10月17日,五層,,
RPVOMLSJJHLGFAD48CC,44,71.54,住家用,鋼筋混凝土造,70年12月22日,五層,,
RPXOMLSJJHLGFAD68CC,1,62.68,集合住宅,鋼筋混凝土造,114年3月7日,十層,,
RPPOMLSJJHLGFAD87CC,59,69.07,住家用,加強磚造,56年3月20日,二層,,
RPROMLSJJHLGFAD08CC,17,57.06,集合住宅,鋼筋混凝土造,97年12月19日,十四層,,
RPXOMLSJJHLGFAD68CC,1,46.23,本共有部分之項目有防空避難室兼停車空間、停車空間、管理維護使用空間、梯間、水塔等五項。,鋼筋混凝土造,114年3月7日,十層,,
RPROMLSJJHLGFAD08CC,17,22.24,共同使用部份,鋼筋混凝土造,97年12月19日,十四層,,
RPVOMLSJJHLGFAD48CC,44,11.04,共同使用部份,鋼筋混凝土造,70年12月12日,五層,,
RPROMLSJJHLGFAD08CC,17,11.12,共同使用部份,鋼筋混凝土造,97年12月19日,十四層,,
RPQNMLSJJHLGFBD97CC,11,12.97,住宅，停車空間,鋼筋混凝土造,103年7月4日,四層,,
RPPNMLSJJHLGFCD97CC,36,126.53,住家用,鋼筋混凝土造,78年8月31日,三層,,
RPRNMLSJJHLGFBD08CC,2,74.17,集合住宅,鋼筋混凝土造,113年1月16日,二十七層,,
RPRNMLSJJHLGFBD08CC,2,42.92,防空避難室兼停車空間、停車空間、管理委員會使用空間、安全梯、樓梯間、梯廳、管道間、一般昇降機、緊急昇降機、機械室、水箱、排煙室、陽台、雨遮、中繼機房、車道、門廊等１７項。,鋼筋混凝土造,113年1月16日,二十七層,,
RPTNMLSJJHLGFCD38CC,43,87.02,集合住宅,鋼筋混凝土造,72年4月22日,五層,,
RPTNMLSJJHLGFCD38CC,43,6.23,共同使用部份,鋼筋混凝土造,72年4月22日,五層,,
RPSNMLSJJHLGFCD28CC,18,64.76,住家用,鋼筋混凝土造,96年9月6日,十四層,,
RPSNMLSJJHLGFCD28CC,18,13.44,共同使用部份,鋼筋混凝土造,96年9月6日,十四層,,
RPSNMLSJJHLGFCD28CC,18,11.09,共同使用部份,鋼筋混凝土造,96年9月6日,十四層,,
RPRNMLSJJHLGFCD18CC,30,53.08,住家用,鋼筋混凝土造,84年7月13日,五層,,
RPQOMLSJJHLGFCD18CC,3,65.58,集合住宅,鋼筋混凝土構造、鋼骨造,112年3月29日,十四層,,
RPQOMLSJJHLGFCD18CC,3,52.86,本共有部份之項目有：防空避難室兼停車空間、停車空間、管委會空間、樓梯間、機械室、公共空間、門廊共７項。,鋼筋混凝土加強磚造,112年3月29日,十四層,,
RPOOMLSJJHLGFCD97CC,4,21.65,集合住宅,鋼筋混凝土構造,111年6月1日,六層,,
RPPOMLSJJHLGFCD08CC,43,87.02,集合住宅,鋼筋混凝土造,71年11月25日,五層,,
RPOOMLSJJHLGFCD97CC,4,13.11,本共有部分之項目有：防空避難室兼停車空間、梯廳、安全梯、台電配電室、緊急發電機、電信室、消防機房、汙水機房、雨水機房、水箱、管理委員會空間、中央監控室、戶外安全梯、機房、管委會空間（走廊）、管委會空間等十六項。,鋼筋混凝土構造,111年6月1日,六層,,
RPPOMLSJJHLGFCD08CC,43,6.23,共同使用部份,鋼筋混凝土造,71年11月25日,五層,,
RPSOMLSJJHLGFCD38CC,44,107.16,住家用,加強磚造,70年12月17日,二層,,
RPUOMLSJJHLGFCD58CC,43,87.84,集合住宅,鋼筋混凝土造,71年11月29日,五層,,
RPXNMLSJJHLGFCD78CC,51,14.13,住商用,加強磚造,64年2月4日,三層,,
RPUOMLSJJHLGFCD58CC,43,6.23,共同使用部份,鋼筋混凝土造,71年11月29日,五層,,
RPROMLSJJHLGFCD28CC,53,96.56,住家用,加強磚造,61年7月10日,二層,,
RPWNMLSJJHLGFCD68CC,4,27.74,集合住宅,鋼筋混凝土構造,111年6月1日,六層,,
RPWNMLSJJHLGFCD68CC,4,16.78,本共有部分之項目有：防空避難室兼停車空間、梯廳、安全梯、台電配電室、緊急發電機、電信室、消防機房、汙水機房、雨水機房、水箱、管理委員會空間、中央監控室、戶外安全梯、機房、管委會空間（走廊）、管委會空間等十六項。,鋼筋混凝土構造,111年6月1日,六層,,
RPQNMLSJJHLGFFD38CC,6,191.32,住家用,鋼筋混凝土構造,108年12月19日,三層,,
RPPNMLSJJHLGFHD48CC,12,26.40,店舖，集合住宅，停車空間,鋼筋混凝土造,102年9月17日,五層,,
RPTNMLSJJHLGFHD88CC,4,19.11,商務住宅,鋼筋混凝土造,111年1月6日,四層,,
RPPNMLSJJHLGFFD28CC,2,68.68,集合住宅,鋼筋混凝土造,113年1月18日,六層,,
RPPNMLSJJHLGFFD28CC,2,51.45,本共有部分之項目有：停車空間、樓梯間、電梯間、消防機械室、電信室、管理委員會使用空間、安全梯、梯廳共八項。,鋼筋混凝土造,113年1月18日,六層,,
RPVNMLSJJHLGFHD09CC,46,74.79,住商用,加強磚造,69年4月10日,二層,,
RPSNMLSJJHLGFHD78CC,7,61.27,集合住宅,鋼筋混凝土造,107年6月28日,七層,,
RPSNMLSJJHLGFHD78CC,7,19.96,門廊、管理維護空間、樓梯間、電梯間、水塔、停車空間、電信室,鋼筋混凝土造,107年6月28日,七層,,
RPQNMLSJJHLGFID68CC,18,8.04,辦公室,鋼筋混凝土造,96年9月20日,四層,,
RPQNMLSJJHLGFID68CC,18,5.59,共同使用部份,鋼筋混凝土造,96年9月20日,四層,,
RPUNMLSJJHLGFHD98CC,,68.49,集合住宅,鋼筋混凝土造,114年8月22日,十二層,,
RPUNMLSJJHLGFHD98CC,,67.36,本共有部分之項目有停車空間、公共空間、樓梯間、排煙室、水箱、機械室等６項,鋼筋混凝土造,114年8月22日,十二層,,
RPRNMLSJJHLGFID78CC,18,8.04,辦公室,鋼筋混凝土造,96年9月20日,四層,,
RPTNMLSJJHLGFID98CC,3,58.50,集合住宅,鋼筋混凝土構造,112年2月15日,九層,,
RPTNMLSJJHLGFID98CC,3,50.75,本共有部分之項目有停車空間、管理維護空間、樓梯間、機械設備空間、機電設備空間、水箱等６項,鋼筋混凝土構造,112年2月15日,九層,,
RPRNMLSJJHLGFID78CC,18,5.59,共同使用部份,鋼筋混凝土造,96年9月20日,四層,,
RPVNMLSJJHLGFID56CC,5,58.16,集合住宅,鋼筋混凝土構造,110年3月15日,二十四層,,
RPVNMLSJJHLGFID56CC,5,29.83,本共有部分之項目有管委會使用空間、停車空間、機電設備空間、防空避難室兼停車空間、台電配電場所、自來水箱、車道、門廳、儲藏室、機房、樓梯間、消防水箱等１２項,鋼筋混凝土構造,110年3月15日,二十四層,,
RPWNMLSJJHLGFID66CC,32,70.85,住家用,鋼筋混凝土造,83年5月26日,四層,,
RPUNMLSJJHLGFID09CC,2,83.91,集合住宅,鋼筋混凝土造,112年12月8日,十五層,,
RPUNMLSJJHLGFID09CC,2,67.87,本共有部分之項目有停車空間、管委會空間、公共服務空間、梯間、樓電梯間、樓梯間、水箱、機械室等８項,鋼筋混凝土造,112年12月8日,十五層,,
RPSNMLSJJHLGFKD09CC,13,28.57,店舖，住宅,鋼筋混凝土造,102年2月5日,四層,,
RPRNMLSJJHLGFKD98CC,11,25.81,住家用,鋼筋混凝土構造,104年5月18日,三層,,
RPTNMLSJJHLGFKD56CC,37,19.83,店舖、住宅、防空避難室。,鋼筋混凝土造,77年10月3日,四層,,
RPUNMLSJJHLGFKD66CC,15,193.13,住家用,鋼筋混凝土造,99年11月26日,四層,,
RPPNMLSJJHLGFKD78CC,4,6.30,店舖,鋼筋混凝土構造,111年6月27日,五層,,
RPPNMLSJJHLGFKD78CC,4,25.04,本共有部分之項目有：管理維護空間，停車空間，騎樓，樓梯間等４項,鋼筋混凝土構造,111年6月27日,五層,,
RPQNMLSJJHLGFKD88CC,5,75.90,集合住宅,鋼筋混凝土構造,110年2月4日,二十一層,,
RPQNMLSJJHLGFKD88CC,5,59.12,共有部分之項目：有門廊，樓梯間，陽台，機械室，水箱，防空避難室兼停車空間，停車空間等７項,鋼筋混凝土構造,110年2月4日,二十一層,,
RPOOMLSJJHLGFKD78CC,20,15.50,住商用,鋼筋混凝土造,95年3月31日,四層,,
RPXNMLSJJHLGFKD96CC,51,97.50,住家用,加強磚造,63年10月1日,二層,,
RPVNMLSJJHLGFKD76CC,30,22.29,住家用,鋼筋混凝土造,85年3月5日,六層,,
RPVNMLSJJHLGFKD76CC,30,4.64,共同使用部份,鋼筋混凝土造,85年3月5日,六層,,
RPWNMLSJJHLGFKD86CC,20,23.65,住商用,鋼筋混凝土造,94年10月11日,四層,,
RPVNMLSJJHLGFKD76CC,30,5.50,共同使用部份,鋼筋混凝土造,85年3月5日,六層,,
RPROMLSJJHLGFKD09CC,33,65.09,住家用,鋼筋混凝土造,82年4月27日,七層,,
RPROMLSJJHLGFKD09CC,33,30.69,共同使用部份,鋼筋混凝土造,82年4月27日,七層,,
RPQNMLSJJHLGFAD97DC,22,332.18,店舖,鋼骨造，加強磚造,93年2月26日,一層,,
RPUOMLSJJHLGFKD76CC,26,24.50,住家用,鋼筋混凝土造,88年8月24日,十四層,,
RPUOMLSJJHLGFKD76CC,26,.60,共同使用部份,鋼筋混凝土造,88年8月24日,十四層,,
RPUOMLSJJHLGFKD76CC,26,1.04,共同使用部份,鋼筋混凝土造,88年8月24日,十四層,,
RPUOMLSJJHLGFKD76CC,26,6.49,共同使用部份,鋼筋混凝土造,88年8月24日,十四層,,
RPSOMLSJJHLGFKD56CC,31,85.69,住家用,鋼筋混凝土造,84年5月23日,十六層,,
RPSOMLSJJHLGFKD56CC,31,17.73,共同使用部份,鋼筋混凝土造,84年5月23日,十六層,,
RPVOMLSJJHLGFKD86CC,34,127.37,住家用,鋼筋混凝土造,80年10月24日,十一層,,
RPVOMLSJJHLGFKD86CC,34,30.07,共同使用部份,鋼筋混凝土造,80年10月24日,十一層,,
RPPNMLTJJHLGFAD87CC,44,19.83,住家用,鋼筋混凝土造,70年12月23日,五層,,
RPRNMLTJJHLGFAD08CC,70,119.34,住家用,磚造,45年1月1日,三層,,
RPQOMLSJJHLGFKD98CC,35,83.49,住家用,鋼筋混凝土造,80年5月13日,十層,,
RPQOMLSJJHLGFKD98CC,35,20.39,共同使用部份,鋼筋混凝土造,80年5月13日,十層,,
RPTNMLTJJHLGFAD28CC,50,39.00,住家用,加強磚造,64年8月16日,二層,,
RPSNMLTJJHLGFAD18CC,41,43.30,住商用,加強磚造,73年12月24日,二層,,
RPQNMLTJJHLGFAD97CC,36,30.04,住家用,鋼筋混凝土造,78年10月2日,十二層,,
RPPOMLSJJHLGFKD88CC,25,34.55,住家用,鋼筋混凝土造,90年1月10日,十一層,,
RPQNMLTJJHLGFAD97CC,36,7.34,共同使用部份,鋼筋混凝土造,78年10月2日,十二層,,
RPUNMLTJJHLGFAD38CC,30,51.32,住家用,鋼筋混凝土造,84年7月3日,八層,,
RPUNMLTJJHLGFAD38CC,30,16.24,共同使用部份,鋼筋混凝土造,84年7月3日,八層,,
RPPOMLSJJHLGFKD88CC,25,7.82,共同使用部份,鋼筋混凝土造,90年1月10日,十一層,,
RPUNMLTJJHLGFAD38CC,30,13.33,共同使用部份,鋼筋混凝土造,84年7月3日,八層,,
RPPOMLSJJHLGFKD88CC,25,5.09,共同使用部份,鋼筋混凝土造,90年1月10日,十一層,,
RPWNMLTJJHLGFAD58CC,2,46.54,集合住宅,鋼筋混凝土造,112年10月17日,二十九層,,
RPWNMLTJJHLGFAD58CC,2,27.83,本共有部分之項目有防空避難室兼停車空間、停車空間、公共服務空間、梯間、車道、門廊、門廳、防災中心、陽台、中繼水箱、樓梯間、昇降機間（排煙室）、機械室、水箱、雨遮等１５項。,鋼筋混凝土造,112年10月17日,二十九層,,
RPOOMLTJJHLGFAD87CC,36,33.18,住家用,鋼筋混凝土造,78年10月2日,十二層,,
RPOOMLTJJHLGFAD87CC,36,7.74,共同使用部份,鋼筋混凝土造,78年10月2日,十二層,,
RPQNMLTJJHLGFBD08CC,37,409.03,工業用,鋼造,77年11月8日,一層,,
RPPNMLTJJHLGFBD97CC,40,131.79,住家用,加強磚造,75年3月13日,二層,,
RPSNMLTJJHLGFCD38CC,37,25.00,住商用,鋼筋混凝土造,77年9月2日,四層,,
RPUNMLTJJHLGFCD58CC,4,76.90,集合住宅,鋼筋混凝土構造,111年6月1日,六層,,
RPUNMLTJJHLGFCD58CC,4,46.49,本共有部分之項目有：防空避難室兼停車空間、梯廳、安全梯、台電配電室、緊急發電機、電信室、消防機房、汙水機房、雨水機房、水箱、管理委員會空間、中央監控室、戶外安全梯、機房、管委會空間（走廊）、管委會空間等十六項。,鋼筋混凝土構造,111年6月1日,六層,,
RPRNMLTJJHLGFBD18CC,5,62.75,集合住宅,鋼筋混凝土造,110年1月14日,十五層,,
RPRNMLTJJHLGFBD18CC,5,54.00,本共有部份之項目有：防空避難室兼停車空間、停車空間、樓梯間、梯廳、水箱、排煙室、昇降機間、消防機房、雨水機房、台電配電室、緊急發電機室、電信室、電梯機房、管委會使用空間、車道、門廳、太陽能機房、資源回收中心、外廊共１９項。,鋼筋混凝土造,110年1月14日,十五層,,
RPPNMLTJJHLGFCD08CC,33,67.82,住家用,鋼筋混凝土造,82年5月6日,七層,,
RPVNMLTJJHLGFCD68CC,4,21.65,集合住宅,鋼筋混凝土構造,111年6月1日,六層,,
RPPNMLTJJHLGFCD08CC,33,20.84,共同使用部份,鋼筋混凝土造,82年5月6日,七層,,
RPVNMLTJJHLGFCD68CC,4,13.11,本共有部分之項目有：防空避難室兼停車空間、梯廳、安全梯、台電配電室、緊急發電機、電信室、消防機房、汙水機房、雨水機房、水箱、管理委員會空間、中央監控室、戶外安全梯、機房、管委會空間（走廊）、管委會空間等十六項。,鋼筋混凝土構造,111年6月1日,六層,,
RPWNMLTJJHLGFCD78CC,4,24.77,集合住宅,鋼筋混凝土構造,111年6月1日,六層,,
RPWNMLTJJHLGFCD78CC,4,14.96,本共有部分之項目有：防空避難室兼停車空間、梯廳、安全梯、台電配電室、緊急發電機、電信室、消防機房、汙水機房、雨水機房、水箱、管理委員會空間、中央監控室、戶外安全梯、機房、管委會空間（走廊）、管委會空間等十六項。,鋼筋混凝土構造,111年6月1日,六層,,
RPXNMLTJJHLGFCD88CC,4,30.51,集合住宅,鋼筋混凝土構造,111年6月1日,六層,,
RPXNMLTJJHLGFCD88CC,4,18.46,本共有部分之項目有：防空避難室兼停車空間、梯廳、安全梯、台電配電室、緊急發電機、電信室、消防機房、汙水機房、雨水機房、水箱、管理委員會空間、中央監控室、戶外安全梯、機房、管委會空間（走廊）、管委會空間等十六項。,鋼筋混凝土構造,111年6月1日,六層,,
RPPNMLTJJHLGFDD18CC,49,93.28,住宅、儲藏室,加強磚造,,二層,,
RPQNMLTJJHLGFFD48CC,44,116.68,住商用,鋼筋混凝土加強磚造,71年1月18日,二層,,
RPPNMLTJJHLGFGD48CC,34,116.41,住家用,磚木造,80年7月11日,一層,,
RPRNMLTJJHLGFHD78CC,11,14.71,店舖，停車空間，住宅,鋼筋混凝土造,104年5月18日,四層,,
RPPNMLTJJHLGFHD58CC,11,12.60,住家用,鋼筋混凝土造,103年9月15日,三層,,
RPQNMLTJJHLGFHD68CC,13,20.01,住宅、門廊,鋼筋混凝土造,101年12月5日,四層,,
RPPNMLTJJHLGFID68CC,20,162.06,住家用,鋼筋混凝土造,95年2月8日,四層,,
RPSNMLTJJHLGFHD88CC,10,22.00,住家用,鋼筋混凝土造,104年11月10日,四層,,
RPSNMLTJJHLGFID98CC,5,54.46,集合住宅,鋼筋混凝土構造,110年3月15日,二十四層,,
RPSNMLTJJHLGFID98CC,5,27.58,本共有部分之項目有管委會使用空間、停車空間、機電設備空間、防空避難室兼停車空間、台電配電場所、自來水箱、車道、門廳、儲藏室、機房、樓梯間、消防水箱等１２項,鋼筋混凝土構造,110年3月15日,二十四層,,
RPPOMLTJJHLGFCD18CC,46,267.78,住商用,鋼筋混凝土造,68年12月7日,四層,,
RPPNMLTJJHLGFKD88CC,4,83.51,集合住宅,鋼筋混凝土構造,110年8月20日,十一層,,
RPQOMLTJJHLGFCD28CC,26,90.39,集合住宅,鋼筋混凝土造,88年10月21日,十三層,,
RPPNMLTJJHLGFKD88CC,4,84.49,本共有部分之項目有：樓梯間、車道、門廊、門廳、宅配室、污物處理區、管理室、管委會空間、公共服務空間、機械室、梯廳、水箱、停車空間、防空避難室兼停車空間等１４項,鋼筋混凝土構造,110年8月20日,十一層,,
RPQOMLTJJHLGFCD28CC,26,18.46,共同使用部份,鋼筋混凝土造,88年10月21日,十三層,,
RPQOMLTJJHLGFCD28CC,26,31.51,共同使用部份,鋼筋混凝土造,88年10月21日,十三層,,
RPROMLTJJHLGFCD38CC,44,75.56,住家用,鋼筋混凝土造,70年12月24日,五層,,
RPROMLTJJHLGFCD38CC,44,9.73,共同使用部份,鋼筋混凝土造,70年12月24日,五層,,
RPSNMLTJJHLGFKD56CC,26,22.85,住家用,鋼筋混凝土造,88年8月24日,十四層,,
RPSNMLTJJHLGFKD56CC,26,.53,共同使用部份,鋼筋混凝土造,88年8月24日,十四層,,
RPSNMLTJJHLGFKD56CC,26,1.04,共同使用部份,鋼筋混凝土造,88年8月24日,十四層,,
RPSNMLTJJHLGFKD56CC,26,5.92,共同使用部份,鋼筋混凝土造,88年8月24日,十四層,,
RPTNMLTJJHLGFKD66CC,32,57.37,住家用,鋼筋混凝土造,82年12月22日,五層,,
RPTNMLTJJHLGFKD66CC,32,11.23,共同使用部份,鋼筋混凝土造,82年12月22日,五層,,
RPTNMLTJJHLGFKD66CC,32,8.22,共同使用部份,鋼筋混凝土造,82年12月22日,五層,,
RPOOMLTJJHLGFCD08CC,46,210.85,住家用,鋼筋混凝土造,69年6月5日,三層,,
RPRNMLTJJHLGFKD09CC,9,51.25,住家用,鋼筋混凝土構造,106年6月23日,十五層,,
RPRNMLTJJHLGFKD09CC,9,11.22,本共有部分之項目有：樓梯間、公共服務空間、管理委員會空間、停車空間（車道）、垃圾分類儲存空間、電梯間、水箱、防空避難室兼停車空間及停車空間等９項,鋼筋混凝土構造,106年6月23日,十五層,,
RPQNMLTJJHLGFKD98CC,44,202.66,住商用,加強磚造,70年11月11日,二層,,
RPRNMLTJJHLGFKD09CC,9,11.22,本共有部分之項目有：樓梯間，機電設備空間等,鋼筋混凝土構造,106年6月23日,十五層,,
RPUNMLTJJHLGFKD76CC,32,73.59,住家用,鋼筋混凝土造,82年9月13日,七層,,
RPUNMLTJJHLGFKD76CC,32,29.48,共同使用部份,鋼筋混凝土造,82年9月13日,七層,,
RPVNMLTJJHLGFKD86CC,34,90.11,住家用,鋼筋混凝土造,81年1月6日,十層,,
RPVNMLTJJHLGFKD86CC,34,25.58,共同使用部份,鋼筋混凝土造,81年1月6日,十層,,
RPOOMLTJJHLGFKD88CC,34,16.53,住家用,鋼筋混凝土造,80年12月26日,五層,,
RPPOMLTJJHLGFKD98CC,14,21.00,住商用,鋼筋混凝土構造,100年7月20日,四層,,
RPQOMLTJJHLGFKD09CC,12,16.53,住宅，停車空間,鋼筋混凝土構造,102年8月21日,四層,,
RPRNMLKKJHLGFAD27CC,19,36.12,集合住宅,ＲＣ造,95年10月1日,十四層,,
RPXNMLTJJHLGFKD07CC,12,19.83,住宅，停車空間,鋼筋混凝土構造,102年8月21日,四層,,
RPRNMLKKJHLGFAD27CC,19,6.58,共同使用部份,ＲＣ造,95年10月1日,十四層,,
RPRNMLKKJHLGFAD27CC,19,8.78,共同使用部份,ＲＣ造,95年10月1日,十四層,,
RPROMLTJJHLGFKD56CC,34,95.33,住家用,鋼筋混凝土造,81年6月4日,七層,,
RPROMLTJJHLGFKD56CC,34,11.24,共同使用部份,鋼筋混凝土造,81年6月4日,七層,,
RPROMLTJJHLGFKD56CC,34,36.13,共同使用部份,鋼筋混凝土造,81年6月4日,七層,,
RPWNMLTJJHLGFKD96CC,13,18.18,住家用,鋼筋混凝土構造,102年4月17日,四層,,
RPPNMLKKJHLGFKD08CC,30,142.68,住商用,鋼筋混凝土造,84年7月27日,三層,,
RPTNMLTJJHLGFID09CC,18,8.04,辦公室,鋼筋混凝土造,96年9月20日,四層,,
RPQNMLLKJHLGFAD27CC,31,33.36,住家用,鋼筋混凝土造,84年3月7日,十二層,,
RPTNMLTJJHLGFID09CC,18,1.01,共同使用部份,鋼筋混凝土造,96年9月20日,四層,,
RPQNMLLKJHLGFAD27CC,31,4.14,共同使用部份,鋼筋混凝土造,84年3月7日,十二層,,
RPTNMLTJJHLGFID09CC,18,5.10,共同使用部份,鋼筋混凝土造,96年9月20日,四層,,
RPQNMLLKJHLGFAD27CC,31,6.74,共同使用部份,鋼筋混凝土造,84年3月7日,十二層,,
RPQNMLLKJHLGFCD47CC,42,30.95,住家用,鋼筋混凝土造,72年9月8日,七層,,
RPQNMLLKJHLGFCD47CC,42,10.67,共同使用部份,鋼筋混凝土造,72年9月8日,七層,,
RPPNMLLKJHLGFAD17CC,18,18.82,集合住宅,鋼筋混凝土構造,96年8月24日,十四層,,
RPPNMLLKJHLGFAD17CC,18,2.51,共同使用部份,鋼筋混凝土構造,96年8月24日,十四層,,
RPPNMLLKJHLGFAD17CC,18,4.80,共同使用部份,鋼筋混凝土構造,96年8月24日,十四層,,
RPPNMLLKJHLGFDD47CC,33,23.02,住家用,鋼筋混凝土造,82年4月1日,四層,,
RPPNMLLKJHLGFDD47CC,33,7.26,共同使用部份,鋼筋混凝土造,82年4月14日,四層,,
RPRNMLLKJHLGFCD57CC,42,29.03,住家用,鋼筋混凝土造,72年9月8日,七層,,
RPRNMLLKJHLGFCD57CC,42,11.75,共同使用部份,鋼筋混凝土造,72年9月8日,七層,,
RPPNMLLKJHLGFGD77CC,2,78.81,集合住宅,鋼筋混凝土造,113年2月7日,五層,,
RPPNMLLKJHLGFGD77CC,2,44.31,本共有部分之項目有停車空間、管理維護空間、昇降機道、梯廳、安全梯間、樓梯間、水箱、電信室等８項,鋼筋混凝土造,113年2月7日,五層,,
RPPNMLMKJHLGFAD27CC,33,17.22,住家用,鋼筋混凝土造,82年3月27日,六層,,
RPSNMLMKJHLGFAD57CC,31,29.54,住家用,鋼筋混凝土造,84年3月7日,十二層,,
RPPNMLMKJHLGFAD27CC,33,7.70,共同使用部份,鋼筋混凝土造,82年3月27日,六層,,
RPQNMLMKJHLGFAD37CC,28,25.67,集合住宅,鋼筋混凝土造,87年2月19日,二十一層,,
RPSNMLMKJHLGFAD57CC,31,3.75,共同使用部份,鋼筋混凝土造,84年3月7日,十二層,,
RPSNMLMKJHLGFAD57CC,31,6.09,共同使用部份,鋼筋混凝土造,84年3月7日,十二層,,
RPQNMLMKJHLGFAD37CC,28,9.48,共同使用部份,鋼筋混凝土造,87年2月19日,二十一層,,
RPTNMLMKJHLGFAD67CC,33,18.84,住家用,鋼筋混凝土造,82年3月27日,六層,,
RPTNMLMKJHLGFAD67CC,33,6.15,共同使用部份,鋼筋混凝土造,82年3月27日,六層,,
RPSNMLLKJHLGFAD47CC,44,105.95,住家用,鋼筋混凝土造,70年12月23日,五層,,
RPSNMLLKJHLGFAD47CC,44,9.27,共同使用部份,鋼筋混凝土造,70年12月23日,五層,,
RPSNMLLKJHLGFAD47CC,44,6.86,共同使用部份,鋼筋混凝土造,70年12月23日,五層,,
RPRNMLMKJHLGFAD47CC,31,99.12,住家用,鋼筋混凝土造,83年11月8日,十二層,,
RPRNMLMKJHLGFAD47CC,31,10.55,共同使用部份,鋼筋混凝土造,83年11月8日,十二層,,
RPRNMLMKJHLGFAD47CC,31,11.89,共同使用部份,鋼筋混凝土造,83年11月8日,十二層,,
RPVNMLMKJHLGFAD87CC,30,33.07,住家用,鋼筋混凝土造,84年7月4日,十八層,,
RPVNMLMKJHLGFAD87CC,30,15.46,共同使用部份,鋼筋混凝土造,84年7月4日,十八層,,
RPXNMLMKJHLGFAD08CC,48,15.52,住家用,鋼筋混凝土造,66年10月3日,四層,,
RPOOMLMKJHLGFAD27CC,44,96.77,住家用,鋼筋混凝土造,70年12月23日,五層,,
RPOOMLMKJHLGFAD27CC,44,8.68,共同使用部份,鋼筋混凝土造,70年12月23日,五層,,
RPWNMLMKJHLGFAD97CC,2,47.76,集合住宅,鋼筋混凝土造,112年11月8日,二十二層,,
RPOOMLMKJHLGFAD27CC,44,6.11,共同使用部份,鋼筋混凝土造,70年12月23日,五層,,
RPWNMLMKJHLGFAD97CC,2,44.09,本共有部分之項目有防空避難室兼停車空間、停車空間、管委會使用空間、梯間、門廳兼梯廳、樓梯間、機械室、水箱、門廊、車道、排煙室、管道間等１２項,鋼筋混凝土造,112年11月8日,二十二層,,
RPQOMLMKJHLGFAD47CC,2,48.22,集合住宅,鋼筋混凝土造,112年11月8日,二十二層,,
RPQOMLMKJHLGFAD47CC,2,44.50,本共有部分之項目有防空避難室兼停車空間、停車空間、管委會使用空間、梯間、門廳兼梯廳、樓梯間、機械室、水箱、門廊、車道、排煙室、管道間等１２項,鋼筋混凝土造,112年11月8日,二十二層,,
RPUNMLMKJHLGFAD77CC,5,55.94,集合住宅,鋼筋混凝土構造,110年5月3日,十八層,,
RPROMLMKJHLGFAD57CC,3,55.03,集合住宅,鋼筋混凝土構造,111年10月13日,十五層,,
RPROMLMKJHLGFAD57CC,3,62.07,本共有部分之項目有停車空間、台電配電場所、防空避難室兼停車空間、梯廳、管委會空間、公共服務空間、水箱、樓梯間、機房、門廊、車道、陽台等１２項,鋼筋混凝土構造,111年10月13日,十五層,,
RPUNMLMKJHLGFAD77CC,5,61.95,本共有部分之項目有防災中心、停車空間、機電設備空間、防空避難室兼停車空間、台電配電場所、自來水箱、車道、門廳、儲藏室、樓梯間、梯廳、昇降梯、屋頂平台等１３項。,鋼筋混凝土構造,110年5月3日,十八層,,
RPSOMLMKJHLGFAD67CC,4,48.27,集合住宅,鋼筋混凝土構造,110年12月13日,二十二層,,
RPSOMLMKJHLGFAD67CC,4,48.32,本共有部分之項目有管委會使用空間、公共服務空間、樓梯間、電梯間、機械室、水箱、停車空間、防空避難室兼停車空間、中繼機房、外廊、防災中心、車道。,鋼筋混凝土構造,110年12月13日,二十二層,,
RPUOMLMKJHLGFAD87CC,12,62.52,集合住宅,鋼筋混凝土構造,102年11月25日,十四層,,
RPUOMLMKJHLGFAD87CC,12,47.25,本共有部分之項目有門廳、守衛室、停車空間、防空避難室、管理維護空間。,鋼筋混凝土構造,102年11月25日,十四層,,
RPUOMLMKJHLGFAD87CC,12,13.75,本共有部分之項目有電樓梯間、電梯機房、水箱。,鋼筋混凝土構造,102年11月25日,十四層,,
RPVOMLMKJHLGFAD97CC,2,47.50,集合住宅,鋼筋混凝土造,112年11月8日,二十二層,,
RPVOMLMKJHLGFAD97CC,2,44.09,本共有部分之項目有防空避難室兼停車空間、停車空間、管委會使用空間、梯間、門廳兼梯廳、樓梯間、機械室、水箱、門廊、車道、排煙室、管道間等１２項,鋼筋混凝土造,112年11月8日,二十二層,,
RPOPMLMKJHLGFAD37CC,40,106.40,住商用,鋼筋混凝土造,74年10月23日,二層,,
RPWOMLMKJHLGFAD08CC,5,55.29,集合住宅,鋼筋混凝土構造,110年5月3日,十八層,,
RPWOMLMKJHLGFAD08CC,5,56.02,本共有部分之項目有防災中心、停車空間、機電設備空間、防空避難室兼停車空間、台電配電場所、自來水箱、車道、門廳、儲藏室、樓梯間、梯廳、昇降梯、屋頂平台等１３項。,鋼筋混凝土構造,110年5月3日,十八層,,
RPRNMLMKJHLGFBD57CC,38,205.28,工業用,鐵造,77年6月20日,一層,,
RPSNMLMKJHLGFBD67CC,22,1412.02,廠房，辦公室，守衛室,鋼筋混凝土造,92年6月20日,四層,,
RPTNMLMKJHLGFCD87CC,8,80.19,集合住宅,鋼筋混凝土構造,107年6月19日,十五層,,
RPTNMLMKJHLGFCD87CC,8,64.18,本共有部份之項目有：防空避難室兼停車空間、停車空間、管委會使用空間、電梯、樓梯間、機械室、水箱、公共服務空間、梯廳、排煙室、安全梯、昇降機、機電設備、環保垃圾貯存室、發電機進風管道、避難通路共十六項。,見其他登記事項,107年6月19日,十五層,,
RPPNMLMKJHLGFBD37CC,2,85.42,集合住宅,鋼筋混凝土造,112年9月11日,十五層,,
RPXOMLMKJHLGFAD18CC,5,55.83,集合住宅,鋼筋混凝土構造,110年5月3日,十八層,,
RPUNMLMKJHLGFBD87CC,2,121.71,集合住宅,鋼筋混凝土造,113年1月16日,二十七層,,
RPPNMLMKJHLGFBD37CC,2,103.81,共有部分包括：梯廳、梯間、管委會使用空間、公共服務空間、水錶箱室、電梯機房、水箱、電信室、台電配電室、水景機房、緊急發電機室、雨水機房、停車空間、防空避難室兼停車空間、污水機房、消防機房、垃圾集中室、資源回收中心、外廊、車道、樓梯間、安全梯、無障礙樓梯、機房等２４項。,鋼筋混凝土造,112年9月11日,十五層,,
RPXOMLMKJHLGFAD18CC,5,56.37,本共有部分之項目有防災中心、停車空間、機電設備空間、防空避難室兼停車空間、台電配電場所、自來水箱、車道、門廳、儲藏室、樓梯間、梯廳、昇降梯、屋頂平台等１３項。,鋼筋混凝土構造,110年5月3日,十八層,,
RPUNMLMKJHLGFCD97CC,52,16.50,住家用,加強磚造,63年4月25日,二層,,
RPUNMLMKJHLGFBD87CC,2,89.84,防空避難室兼停車空間、停車空間、管理委員會使用空間、安全梯、樓梯間、梯廳、管道間、一般昇降機、緊急昇降機、機械室、水箱、排煙室、陽台、雨遮、中繼機房、車道、門廊等１７項。,鋼筋混凝土造,113年1月16日,二十七層,,
RPVNMLMKJHLGFCD08CC,47,20.40,住商用,加強磚造,68年3月8日,二層,,
RPOOMLMKJHLGFCD47CC,35,26.50,住家用,鋼筋混凝土造,79年8月27日,六層,,
RPOOMLMKJHLGFCD47CC,35,12.84,共同使用部份,鋼筋混凝土造,79年8月27日,六層,,
RPQOMLMKJHLGFCD67CC,43,84.67,住家用,鋼筋混凝土造,72年4月30日,五層,,
RPQOMLMKJHLGFCD67CC,42,15.26,共同使用部份,鋼筋混凝土造,73年4月30日,五層,,
RPTOMLMKJHLGFCD97CC,37,13.42,住家用,鋼筋混凝土造,78年4月25日,七層,,
RPSOMLMKJHLGFCD87CC,53,23.14,住家用,加強磚造,62年1月22日,二層,,
RPTOMLMKJHLGFCD97CC,37,8.22,共同使用部份,鋼筋混凝土造,78年4月25日,七層,,
RPXNMLMKJHLGFCD28CC,1,45.28,集合住宅,鋼筋混凝土造,113年8月16日,十五層,,
RPXNMLMKJHLGFCD28CC,1,38.87,本共有部份之項目有：防空避難室兼停車空間、停車空間、管委會使用空間、樓梯間、昇降機間、機械室、水箱、梯間、門廊、車道共１０項。,鋼筋混凝土造,113年8月16日,十五層,,
RPWNMLMKJHLGFCD18CC,2,85.96,集合住宅,鋼筋混凝土造,113年1月23日,十五層,,
RPWNMLMKJHLGFCD18CC,2,68.80,共有部分包括有：車道、管委會空間、公共服務空間、門廊、梯間、梯廳、排煙室、機械室、水箱、防空避難室兼停車空間、停車空間等１１項。,鋼筋混凝土造,113年1月23日,十五層,,
RPVOMLMKJHLGFCD18CC,39,146.80,住家用,鋼筋混凝土造,76年3月2日,二層,,
RPXOMLMKJHLGFCD38CC,66,33.28,住家用,加強磚造,48年7月30日,一層,,
RPUOMLMKJHLGFCD08CC,31,239.60,住宅、停車空間,鋼筋混凝土造,84年2月9日,五層,,
RPPNMLMKJHLGFGD87CC,31,48.28,住家用,鋼筋混凝土造,84年5月1日,六層,,
RPPNMLMKJHLGFGD87CC,31,9.87,共同使用部份,鋼筋混凝土造,84年5月1日,六層,,
RPWOMLMKJHLGFCD28CC,41,559.13,廠房　辦公室　倉庫,鐵骨造,74年5月7日,一層,,
RPROMLMKJHLGFCD77CC,30,80.89,住家用,鋼筋混凝土造,84年8月10日,九層,,
RPROMLMKJHLGFCD77CC,30,28.11,共同使用部份,鋼筋混凝土造,84年8月10日,九層,,
RPQNMLMKJHLGFHD08CC,32,263.84,住家用,鋼筋混凝土造,83年6月25日,四層,,
RPROMLMKJHLGFCD77CC,30,7.20,共同使用部份,鋼筋混凝土造,84年8月10日,九層,,
RPROMLMKJHLGFCD77CC,30,.04,停車管理室,鋼筋混凝土造,84年8月10日,九層,,
RPQNMLMKJHLGFGD97CC,31,71.13,住家用,鋼筋混凝土造,83年8月13日,六層,,
RPVNMLMKJHLGFHD58CC,32,45.41,店舖、集合住宅,鋼筋混凝土造,82年8月4日,七層,,
RPTNMLMKJHLGFHD38CC,4,59.94,集合住宅,鋼筋混凝土造,111年6月2日,十一層,,
RPTNMLMKJHLGFHD38CC,4,47.47,本共有部分之項目有停車空間、樓梯間、電梯間、電梯機械室、水箱等５項,鋼筋混凝土造,111年6月2日,十一層,,
RPUNMLMKJHLGFHD48CC,31,86.42,住家用,鋼筋混凝土造,83年9月23日,八層,,
RPUNMLMKJHLGFHD48CC,31,12.78,梯間，機械室，水箱,鋼筋混凝土造,83年9月23日,八層,,
RPUNMLMKJHLGFHD48CC,31,11.02,停車空間．防空避難室,鋼筋混凝土造,83年9月23日,八層,,
RPPNMLMKJHLGFHD97CC,29,198.78,幼稚園,鋼筋混凝土造,86年6月7日,一層,,
RPWNMLMKJHLGFHD68CC,5,710.13,廠房,鋼骨構造,109年12月8日,一層,,
RPPNMLMKJHLGFID08CC,35,20.21,住家用,鋼筋混凝土造,79年11月2日,五層,,
RPRNMLMKJHLGFHD18CC,4,67.83,集合住宅,鋼筋混凝土造,110年10月28日,六層,,
RPPNMLMKJHLGFID08CC,35,2.23,共同使用部份,鋼筋混凝土造,79年11月2日,五層,,
RPRNMLMKJHLGFHD18CC,4,17.44,本共有部分之項目有停車空間、管理維護空間、樓梯間、蓄水池、發電機室等５項,鋼筋混凝土造,110年10月28日,六層,,
RPXNMLMKJHLGFHD78CC,4,69.47,集合住宅,鋼筋混凝土造,110年9月1日,十五層,,
RPXNMLMKJHLGFHD78CC,4,60.13,停車空間、門廊、管理維護空間、垃圾儲存空間、資源回收專區、樓梯間、昇降機間、機械室、水塔,鋼筋混凝土造,110年9月1日,十五層,,
RPTNMLMKJHLGFID48CC,33,111.06,住商用,鋼筋混凝土造,82年5月6日,八層,,
RPTNMLMKJHLGFID48CC,33,24.25,防空避難室、停車空間、機械室、樓梯間、電梯、水塔、受電室,鋼筋混凝土造,82年5月6日,八層,,
RPUNMLMKJHLGFID58CC,45,115.06,住商用,加強磚造,69年7月11日,二層,,
RPVNMLMKJHLGFID68CC,3,58.30,集合住宅,鋼筋混凝土構造,112年1月13日,十三層,,
RPVNMLMKJHLGFID68CC,3,51.55,本共有部分之項目有停車空間、公共空間、管委會使用空間、車道、樓梯間、機房、水箱等７項,鋼筋混凝土構造,112年1月13日,十三層,,
RPSNMLMKJHLGFKD58CC,35,16.82,住家用,鋼筋混凝土造,80年6月19日,七層,,
RPSNMLMKJHLGFKD58CC,35,3.54,共同使用部份,鋼筋混凝土造,80年6月19日,七層,,
RPWNMLMKJHLGFID78CC,48,81.18,住家用,加強磚造,66年10月17日,二層,,
RPSNMLMKJHLGFKD58CC,35,5.97,共同使用部份,鋼筋混凝土造,80年6月19日,七層,,
RPWNMLMKJHLGFKD98CC,31,40.48,辦公室。,鋼筋混凝土造,84年3月31日,十五層,,
RPWNMLMKJHLGFKD98CC,31,8.86,共同使用部份,鋼筋混凝土造,84年3月31日,十五層,,
RPTNMLMKJHLGFKD68CC,32,78.49,住家用,鋼筋混凝土造,83年4月30日,七層,,
RPQNMLMKJHLGFID18CC,22,14.88,住家用,鋼筋混凝土造,92年9月10日,十層,,
RPTNMLMKJHLGFKD68CC,32,11.34,共同使用部份,鋼筋混凝土造,83年4月30日,七層,,
RPTNMLMKJHLGFKD68CC,32,36.33,共同使用部份,鋼筋混凝土造,83年4月30日,七層,,
RPUNMLMKJHLGFKD78CC,36,30.20,住商用,鋼筋混凝土造,78年7月20日,三層,,
RPQNMLMKJHLGFKD38CC,35,65.60,住工用,加強磚造、鐵骨造。,79年11月9日,一層,,
RPXNMLMKJHLGFID88CC,34,95.66,住家用,鋼筋混凝土造,81年7月2日,五層,,
RPXNMLMKJHLGFID88CC,34,17.65,共同使用部份,鋼筋混凝土造,81年7月2日,五層,,
RPPOMLMKJHLGFKD38CC,35,15.27,住家用,鋼筋混凝土造,80年1月30日,七層,,
RPPOMLMKJHLGFKD38CC,35,5.93,共同使用部份,鋼筋混凝土造,80年1月30日,七層,,
RPWOMLMKJHLGFKD09CC,27,37.22,住家用,鋼筋混凝土造,88年5月19日,十一層,,
RPTOMLMKJHLGFKD78CC,27,57.09,住家用,鋼筋混凝土造,88年5月19日,十一層,,
RPWOMLMKJHLGFKD09CC,27,11.92,共同使用部份,鋼筋混凝土造,88年5月19日,十四層,,
RPTOMLMKJHLGFKD78CC,27,17.89,共同使用部份,鋼筋混凝土造,88年5月19日,十四層,,
RPWOMLMKJHLGFKD09CC,27,4.64,共同使用部份,鋼筋混凝土造,88年5月19日,十四層,,
RPXNMLMKJHLGFKD09CC,35,17.85,住家用,鋼筋混凝土造,80年1月30日,七層,,
RPTOMLMKJHLGFKD78CC,27,6.38,共同使用部份,鋼筋混凝土造,88年5月19日,十四層,,
RPXNMLMKJHLGFKD09CC,35,6.86,共同使用部份,鋼筋混凝土造,80年1月30日,七層,,
RPOOMLMKJHLGFKD28CC,36,340.56,工業用,加強磚造,79年3月28日,一層,,
RPUOMLMKJHLGFKD88CC,30,68.16,住家用,鋼筋混凝土造,84年9月8日,十九層,,
RPUOMLMKJHLGFKD88CC,30,24.07,共同使用部份,鋼筋混凝土造,84年9月8日,十九層,,
RPROMLMKJHLGFKD58CC,31,82.83,住家用,鋼筋混凝土造,84年4月7日,十七層,,
RPROMLMKJHLGFKD58CC,32,32.81,共同使用部份,鋼筋混凝土造,83年2月21日,十七層,,
RPVOMLMKJHLGFKD98CC,30,77.07,國民住宅,鋼筋混凝土造,85年1月9日,八層,,
RPVOMLMKJHLGFKD98CC,30,20.83,共同使用部份,鋼筋混凝土造,85年1月9日,八層,,
RPSOMLMKJHLGFKD68CC,35,206.85,住家用,鋼筋混凝土造,80年1月18日,四層,,
RPXOMLMKJHLGFKD56CC,30,83.15,住家用,鋼筋混凝土造,85年4月15日,十二層,,
RPXOMLMKJHLGFKD56CC,30,10.68,共同使用部份,鋼筋混凝土造,85年4月15日,十二層,,
RPXOMLMKJHLGFKD56CC,30,35.35,共同使用部份,鋼筋混凝土造,85年4月15日,十二層,,
RPOPMLMKJHLGFKD38CC,33,51.57,住家用,鋼筋混凝土造,81年8月24日,七層,,
RPOPMLMKJHLGFKD38CC,33,14.85,共同使用部份,鋼筋混凝土造,81年8月24日,七層,,
RPPNMLNKJHLGFAD37CC,28,83.60,集合住宅,鋼筋混凝土造,87年4月20日,十四層,,
RPPNMLNKJHLGFAD37CC,28,21.81,共同使用部份,鋼筋混凝土造,87年4月20日,十四層,,
RPPNMLNKJHLGFAD37CC,28,11.11,共同使用部份,鋼筋混凝土造,87年4月20日,十四層,,
RPRNMLNKJHLGFAD57CC,30,29.77,住家用,鋼筋混凝土造,84年7月4日,十八層,,
RPRNMLNKJHLGFAD57CC,30,36.94,共同使用部份,鋼筋混凝土造,84年7月4日,十八層,,
RPQNMLNKJHLGFAD47CC,4,73.49,集合住宅,鋼筋混凝土構造,110年7月27日,十九層,,
RPQNMLNKJHLGFAD47CC,4,65.58,共有部分之項目有防災中心、公共服務空間、管委會、中繼室、門廊、車道、管道間、垃圾暫存空間、梯間、樓梯間、昇降機間、機械室、水箱、停車空間、防空避難室兼停車空間,鋼筋混凝土構造,110年7月27日,十九層,,
RPSNMLNKJHLGFAD67CC,32,139.16,住商用,鋼筋混凝土造,83年3月1日,三層,,
RPUNMLNKJHLGFAD87CC,33,38.36,住家用,鋼筋混凝土造,82年3月27日,六層,,
RPUNMLNKJHLGFAD87CC,33,12.50,共同使用部份,鋼筋混凝土造,82年3月27日,六層,,
RPWNMLNKJHLGFAD08CC,41,69.90,住家用,鋼筋混凝土造,73年12月28日,十四層,,
RPWNMLNKJHLGFAD08CC,41,23.36,共同使用部份,鋼筋混凝土造,73年12月28日,十四層,,
RPXNMLNKJHLGFAD18CC,31,24.44,住家用,鋼筋混凝土造,83年12月16日,十三層,,
RPXNMLNKJHLGFAD18CC,31,6.49,共同使用部份,鋼筋混凝土造,83年12月16日,十三層,,
RPTNMLNKJHLGFAD77CC,42,55.06,住家用,鋼筋混凝土造,72年8月18日,八層,,
RPTNMLNKJHLGFAD77CC,42,10.83,共同使用部份,鋼筋混凝土造,72年8月18日,八層,,
RPOOMLNKJHLGFAD37CC,45,18.81,住家用,鋼筋混凝土造,70年6月5日,七層,,
RPSOMLNKJHLGFAD77CC,28,62.57,集合住宅,鋼筋混凝土造,87年4月20日,十四層,,
RPSOMLNKJHLGFAD77CC,28,8.43,共同使用部份,鋼筋混凝土造,87年4月20日,十四層,,
RPOOMLNKJHLGFAD37CC,45,2.93,共同使用部份,鋼筋混凝土造,70年6月5日,七層,,
RPPOMLNKJHLGFAD47CC,26,87.46,集合住宅,鋼筋混凝土造,88年11月6日,十四層,,
RPOOMLNKJHLGFAD37CC,45,2.18,共同使用部份,鋼筋混凝土造,70年6月5日,七層,,
RPSOMLNKJHLGFAD77CC,28,8.20,共同使用部份,鋼筋混凝土造,87年4月20日,十四層,,
RPPOMLNKJHLGFAD47CC,26,26.16,共同使用部份,鋼筋混凝土造,88年11月6日,十四層,,
RPPOMLNKJHLGFAD47CC,26,3.39,共同使用部份,鋼筋混凝土造,88年11月6日,十四層,,
RPVOMLNKJHLGFAD08CC,34,19.23,住家用,鋼筋混凝土造,80年7月29日,七層,,
RPVOMLNKJHLGFAD08CC,34,2.33,共同使用部份,鋼筋混凝土造,80年7月29日,七層,,
RPVOMLNKJHLGFAD08CC,34,4.20,共同使用部份,鋼筋混凝土造,80年7月29日,七層,,
RPVOMLNKJHLGFAD08CC,34,1.78,共同使用部份,鋼筋混凝土造,80年7月29日,七層,,
RPUOMLNKJHLGFAD97CC,45,29.76,住商用,鋼筋混凝土造,69年7月30日,二層,,
RPQOMLNKJHLGFAD57CC,30,28.71,住家用,鋼筋混凝土造,84年10月24日,十三層,,
RPTOMLNKJHLGFAD87CC,32,69.81,住家用,鋼筋混凝土造,82年12月18日,七層,,
RPQOMLNKJHLGFAD57CC,30,8.48,共同使用部份,鋼筋混凝土造,84年10月24日,十三層,,
RPTOMLNKJHLGFAD87CC,32,22.21,共同使用部份,鋼筋混凝土造,82年12月18日,七層,,
RPROMLNKJHLGFAD67CC,29,76.59,住家用,鋼筋混凝土造,86年1月18日,十二層,,
RPROMLNKJHLGFAD67CC,29,12.78,共同使用部份,鋼筋混凝土造,86年1月18日,十二層,,
RPXOMLNKJHLGFAD28CC,29,97.58,住家用,鋼筋混凝土造,85年7月16日,八層,,
RPROMLNKJHLGFAD67CC,29,29.25,共同使用部份,鋼筋混凝土造,86年1月18日,十二層,,
RPXOMLNKJHLGFAD28CC,29,16.29,共同使用部份,鋼筋混凝土造,85年7月16日,八層,,
RPXOMLNKJHLGFAD28CC,29,11.85,共同使用部份,鋼筋混凝土造,85年7月16日,八層,,
RPPPMLNKJHLGFAD57CC,26,125.49,集合住宅,鋼筋混凝土造,89年4月6日,二十三層,,
RPPPMLNKJHLGFAD57CC,26,23.10,共同使用部份,鋼筋混凝土造,89年4月6日,二十三層,,
RPPPMLNKJHLGFAD57CC,26,46.87,共同使用部份,鋼筋混凝土造,89年4月6日,二十三層,,
RPWOMLNKJHLGFAD18CC,19,27.83,停車空間、店舖、住宅,鋼筋混凝土造,96年2月13日,五層,,
RPQNMLNKJHLGFBD57CC,37,138.80,住商用,加強磚造,77年10月24日,二層,,
RPQPMLNKJHLGFAD67CC,26,125.46,集合住宅,鋼筋混凝土造,89年4月6日,二十三層,,
RPQPMLNKJHLGFAD67CC,26,23.27,共同使用部份,鋼筋混凝土造,89年4月6日,二十三層,,
RPOPMLNKJHLGFAD47CC,36,60.20,住家用,鋼筋混凝土造,79年5月18日,五層,,
RPOPMLNKJHLGFAD47CC,36,44.22,共同使用部份,鋼筋混凝土造,79年5月18日,五層,,
RPPNMLNKJHLGFBD47CC,31,257.02,住宅、停車空間,鋼筋混凝土造,84年1月26日,四層,,
RPQPMLNKJHLGFAD67CC,26,53.17,共同使用部份,鋼筋混凝土造,89年4月6日,二十三層,,
RPRNMLNKJHLGFBD67CC,32,177.60,住商用,鋼筋混凝土造,82年9月25日,三層,,
RPSNMLNKJHLGFBD77CC,5,59.68,集合住宅,鋼筋混凝土造,110年1月14日,十五層,,
RPSNMLNKJHLGFBD77CC,5,52.49,本共有部份之項目有：防空避難室兼停車空間、停車空間、樓梯間、梯廳、水箱、排煙室、昇降機間、消防機房、雨水機房、台電配電室、緊急發電機室、電信室、電梯機房、管委會使用空間、車道、門廳、太陽能機房、資源回收中心、外廊共１９項。,鋼筋混凝土造,110年1月14日,十五層,,
RPPNMLNKJHLGFCD57CC,45,77.27,住家用,鋼筋混凝土造,70年2月2日,五層,,
RPPNMLNKJHLGFCD57CC,45,.00,共同使用部份,鋼筋混凝土造,70年2月2日,五層,,
RPQNMLNKJHLGFCD67CC,37,12.12,住家用,鋼筋混凝土造,78年4月25日,七層,,
RPQNMLNKJHLGFCD67CC,37,7.38,共同使用部份,鋼筋混凝土造,78年4月25日,七層,,
RPPNMLNKJHLGFID18CC,33,79.46,住家用,鋼筋混凝土造,81年11月27日,六層,,
RPPNMLNKJHLGFDD67CC,30,81.53,住家用,鋼筋混凝土造,84年8月24日,五層,,
RPPNMLNKJHLGFID18CC,33,17.78,共同使用部份,鋼筋混凝土造,81年11月27日,六層,,
RPPNMLNKJHLGFDD67CC,30,38.21,共同使用部份,鋼筋混凝土造,84年8月24日,五層,,
RPQNMLNKJHLGFDD77CC,45,102.77,住商用,加強磚造,70年3月11日,二層,,
RPQNMLNKJHLGFID28CC,18,7.65,辦公室,鋼筋混凝土造,96年9月20日,四層,,
RPQNMLNKJHLGFID28CC,18,5.57,共同使用部份,鋼筋混凝土造,96年9月20日,四層,,
RPPNMLNKJHLGFHD08CC,31,86.42,集合住宅,鋼筋混凝土造,83年9月23日,八層,,
RPPNMLNKJHLGFHD08CC,31,12.78,梯間，機械室，水箱,鋼筋混凝土造,83年9月23日,八層,,
RPPNMLNKJHLGFHD08CC,31,26.37,,鋼筋混凝土造,83年9月23日,八層,,
RPPNMLNKJHLGFFD87CC,3,36.70,店舖,鋼骨構造,111年9月19日,一層,,
RPSNMLNKJHLGFID48CC,1,53.77,集合住宅,鋼筋混凝土造,114年1月7日,六層,,
RPSNMLNKJHLGFID48CC,1,50.44,本共有部分之項目有停車空間、公共空間、樓梯間等３項,鋼筋混凝土造,114年1月7日,六層,,
RPQOMLNKJHLGFCD77CC,47,19.46,住家用,鋼筋混凝土造,67年11月8日,四層,,
RPROMLNKJHLGFCD87CC,33,73.84,住家用,鋼筋混凝土造,82年4月24日,五層,,
RPRNMLNKJHLGFCD77CC,31,113.28,住家用,鋼筋混凝土造,83年8月25日,十五層,,
RPRNMLNKJHLGFCD77CC,31,6.12,共同使用部份,鋼筋混凝土造,83年8月25日,十五層,,
RPROMLNKJHLGFCD87CC,33,35.98,共同使用部份,鋼筋混凝土造,82年4月24日,五層,,
RPUNMLNKJHLGFCD08CC,2,18.68,集合住宅,鋼筋混凝土造,113年4月1日,五層,,
RPRNMLNKJHLGFCD77CC,31,8.29,共同使用部份,鋼筋混凝土造,83年8月25日,十五層,,
RPRNMLNKJHLGFCD77CC,31,17.95,共同使用部份,鋼筋混凝土造,83年8月25日,十五層,,
RPRNMLNKJHLGFCD77CC,31,20.96,共同使用部份,鋼筋混凝土造,83年8月25日,十五層,,
RPRNMLNKJHLGFID38CC,6,56.31,集合住宅,鋼筋混凝土構造,108年7月24日,六層,,
RPRNMLNKJHLGFID38CC,6,41.77,本共有部分之項目有停車空間、管理維護空間、電信室、安全梯、樓梯間、梯廳、管道間、昇降機、發電機室、消防泵浦室、門廊等１１項,鋼筋混凝土構造,108年7月24日,六層,,
RPPNMLNKJHLGFKD38CC,8,13.10,住家用,鋼筋混凝土構造,107年4月2日,五層,,
RPWNMLNKJHLGFCD28CC,32,84.37,住家用,鋼筋混凝土造,83年3月2日,九層,,
RPPNMLNKJHLGFKD38CC,8,5.84,本共有部分之項目有：電梯間，樓梯間及水箱等３項,鋼筋混凝土構造,107年4月2日,五層,,
RPWNMLNKJHLGFCD28CC,32,25.39,共同使用部份,鋼筋混凝土造,83年3月2日,九層,,
RPTNMLNKJHLGFID58CC,2,44.97,集合住宅,鋼筋混凝土造,112年8月8日,十五層,,
RPTNMLNKJHLGFID58CC,2,36.73,本共有部分之項目有停車空間、管委會使用空間、梯間、車道、前廊、陽台、樓梯間、機械室、水箱等９項,鋼筋混凝土造,112年8月8日,十五層,,
RPTNMLNKJHLGFCD97CC,2,18.57,集合住宅,鋼筋混凝土造,113年4月1日,五層,,
RPPNMLNKJHLGFED77CC,30,138.51,住宅、門廊、停車空間,鋼筋混凝土造,85年1月11日,四層,,
RPSNMLNKJHLGFCD87CC,30,59.43,住家用,鋼筋混凝土造,84年11月6日,二十層,,
RPSNMLNKJHLGFCD87CC,30,12.40,共同使用部份,鋼筋混凝土造,84年11月6日,二十層,,
RPUNMLNKJHLGFID68CC,2,44.97,集合住宅,鋼筋混凝土造,112年8月8日,十五層,,
RPSNMLNKJHLGFCD87CC,30,33.51,共同使用部份,鋼筋混凝土造,84年11月6日,二十層,,
RPUNMLNKJHLGFID68CC,2,36.73,本共有部分之項目有停車空間、管委會使用空間、梯間、車道、前廊、陽台、樓梯間、機械室、水箱等９項,鋼筋混凝土造,112年8月8日,十五層,,
RPQNMLNKJHLGFKD48CC,8,9.68,住家用,鋼筋混凝土構造,107年4月2日,五層,,
RPQNMLNKJHLGFKD48CC,8,4.31,本共有部分之項目有：電梯間，樓梯間及水箱等３項,鋼筋混凝土構造,107年4月2日,五層,,
RPTNMLNKJHLGFKD78CC,9,84.30,住家用,鋼筋混凝土構造,105年10月26日,二十三層,,
RPTNMLNKJHLGFKD78CC,9,73.23,本共有部分之項目有防空避難室兼停車空間，門廳，門廊，管理委員會使用空間，防災中心，車道，梯間，設備空間，樓梯間，機械房，水箱等１１項,鋼筋混凝土構造,105年10月26日,二十三層,,
RPWNMLNKJHLGFKD09CC,38,166.72,工業用,鋼造,77年4月29日,一層,,
RPXNMLNKJHLGFCD38CC,2,18.68,集合住宅,鋼筋混凝土造,113年4月1日,五層,,
RPXNMLNKJHLGFKD56CC,26,22.85,住家用,鋼筋混凝土造,88年8月24日,十四層,,
RPXNMLNKJHLGFKD56CC,26,.53,共同使用部份,鋼筋混凝土造,88年8月24日,十四層,,
RPXNMLNKJHLGFKD56CC,26,1.04,共同使用部份,鋼筋混凝土造,88年8月24日,十四層,,
RPXNMLNKJHLGFKD56CC,26,5.92,共同使用部份,鋼筋混凝土造,88年8月24日,十四層,,
RPRNMLNKJHLGFKD58CC,2,70.42,集合住宅,鋼筋混凝土構造,112年8月18日,十五層,,
RPOOMLNKJHLGFKD38CC,46,91.70,住家用,加強磚造,69年1月16日,二層,,
RPRNMLNKJHLGFKD58CC,2,14.03,本共有部分之項目有：停車空間，防空避難室兼停車空間，公共空間，專用汙水處理設施，消防蓄水池，管委會，梯廳，環保室，車道，無障礙廁所，門廊等１１項,鋼筋混凝土構造,112年8月18日,十五層,,
RPOOMLNKJHLGFCD57CC,26,96.22,集合住宅,鋼筋混凝土造,88年10月21日,十三層,,
RPRNMLNKJHLGFKD58CC,2,16.23,本共有部分之項目有安全梯、戶外安全梯、機電空間、排煙室、梯廳、緊急升降機、電梯、管道間、電梯機械室、水箱等１０項,鋼筋混凝土構造,112年8月18日,十五層,,
RPOOMLNKJHLGFCD57CC,26,15.82,共同使用部份,鋼筋混凝土造,88年10月21日,十三層,,
RPOOMLNKJHLGFCD57CC,26,33.67,共同使用部份,鋼筋混凝土造,88年10月21日,十三層,,
RPSOMLNKJHLGFKD78CC,32,195.79,住商用,鋼筋混凝土造,83年3月17日,四層,,
RPSOMLNKJHLGFKD78CC,32,47.04,共同使用部份,鋼筋混凝土造,83年3月17日,見其他登記事項,,
RPSNMLOKJHLGFAD77CC,54,16.53,住商用,鋼筋混凝土造,60年10月19日,四層,,
RPTOMLNKJHLGFKD88CC,32,55.13,住商用,鋼筋混凝土造,83年3月17日,四層,,
RPROMLNKJHLGFKD68CC,42,74.18,住家用,鋼筋混凝土造,72年8月10日,四層,,
RPQNMLOKJHLGFAD57CC,10,66.68,集合住宅,鋼筋混凝土構造,104年11月5日,二十四層,,
RPRNMLOKJHLGFAD67CC,19,26.69,集合住宅,ＲＣ造,95年7月13日,九層,,
RPROMLNKJHLGFKD68CC,42,3.71,共同使用部份,鋼筋混凝土造,72年8月10日,,,
RPQNMLOKJHLGFAD57CC,10,28.33,本共有部分之項目：有樓梯間、門廊、門廳、管委會使用空間、防災中心、停車空間、防空避難室、車道、游泳池、機房自來水池等項,鋼筋混凝土構造,104年11月5日,二十四層,,
RPRNMLOKJHLGFAD67CC,19,4.30,共同使用部份,ＲＣ造,95年7月13日,十一層,,
RPRNMLOKJHLGFAD67CC,19,8.63,共同使用部份,ＲＣ造,95年7月13日,九層,,
RPRNMLOKJHLGFAD67CC,19,.01,共同使用部份,ＲＣ造,95年7月13日,十一層,,
RPROMLNKJHLGFKD68CC,42,6.65,共同使用部份,鋼筋混凝土造,72年8月10日,,,
RPTNMLOKJHLGFAD87CC,31,21.87,住家用,鋼筋混凝土造,83年8月2日,六層,,
RPPNMLNKJHLGFAD47DC,66,169.20,住家用,磚造,49年1月1日,二層,,
RPTNMLOKJHLGFAD87CC,31,7.23,共同使用部份,鋼筋混凝土造,83年8月2日,六層,,
RPUNMLOKJHLGFAD97CC,45,22.40,商業用,鋼筋混凝土造,69年12月3日,十層,,
RPTNMLOKJHLGFAD87CC,31,3.75,共同使用部份,鋼筋混凝土造,83年8月2日,六層,,
RPUNMLOKJHLGFAD97CC,45,6.29,共同使用部份,鋼筋混凝土造,69年12月3日,十層,,
RPVNMLOKJHLGFAD08CC,29,23.14,辦公室、店舖、住宅,鋼筋混凝土造,85年12月16日,三層,,
RPWNMLOKJHLGFAD18CC,4,33.06,店舖、住宅,鋼筋混凝土構造,111年4月29日,四層,,
RPXNMLOKJHLGFAD28CC,29,26.44,辦公室、店舖、住宅,鋼筋混凝土造,85年12月16日,三層,,
RPPOMLOKJHLGFAD57CC,10,89.06,集合住宅,鋼筋混凝土構造,104年11月5日,二十四層,,
RPPOMLOKJHLGFAD57CC,10,70.53,本共有部分之項目：有樓梯間、門廊、門廳、管委會使用空間、防災中心、停車空間、防空避難室、車道、游泳池、機房自來水池等項,鋼筋混凝土構造,104年11月5日,二十四層,,
RPOOMLOKJHLGFAD47CC,29,26.44,辦公室、店舖、住宅,鋼筋混凝土造,85年12月16日,三層,,
RPROMLOKJHLGFAD77CC,29,23.14,辦公室、店舖、住宅,鋼筋混凝土造,85年12月16日,三層,,
RPQOMLOKJHLGFAD67CC,29,23.14,辦公室、店舖、住宅,鋼筋混凝土造,85年12月16日,三層,,
RPWOMLOKJHLGFAD28CC,49,92.17,住商用,鋼筋混凝土造,65年9月29日,三層,,
RPTOMLOKJHLGFAD97CC,45,52.48,住家用,鋼筋混凝土造,70年2月17日,五層,,
RPTOMLOKJHLGFAD97CC,45,15.85,共同使用部份,鋼筋混凝土造,70年2月17日,五層,,
RPSOMLOKJHLGFAD87CC,10,93.82,集合住宅,鋼筋混凝土構造,104年11月5日,二十四層,,
RPXOMLOKJHLGFAD38CC,9,93.96,集合住宅,鋼筋混凝土構造,106年1月19日,十四層,,
RPSOMLOKJHLGFAD87CC,10,71.74,本共有部分之項目：有樓梯間、門廊、門廳、管委會使用空間、防災中心、停車空間、防空避難室、車道、游泳池、機房自來水池等項,鋼筋混凝土構造,104年11月5日,二十四層,,
RPUOMLOKJHLGFAD08CC,29,23.14,辦公室、店舖、住宅,鋼筋混凝土造,85年12月16日,三層,,
RPXOMLOKJHLGFAD38CC,9,44.86,本共有部分之項目有：防空避難室兼停車空間、停車空間、車道、外廊、管委會使用空間、梯廳、排煙室、樓梯間、垃圾暫存空間、機械室、水箱、門廊、昇降梯間、陽台等。,鋼筋混凝土構造,106年1月19日,十四層,,
RPPPMLOKJHLGFAD67CC,36,30.85,住家用,鋼筋混凝土造,78年8月3日,十層,,
RPQPMLOKJHLGFAD77CC,1,49.93,集合住宅,鋼骨鋼筋混凝土造、鋼筋混凝土造,114年4月15日,三十四層,,
RPPPMLOKJHLGFAD67CC,36,4.78,共同使用部份,鋼筋混凝土造,78年8月3日,十層,,
RPQPMLOKJHLGFAD77CC,1,39.17,本共有部分之項目有管委會使用空間、門廳、機電設備空間、防災中心、儲藏室、樓梯間、消防水箱、防空避難室兼停車空間、車道、停車空間、自來水箱、梯廳、陽台、電信機房等１４項。,鋼骨鋼筋混凝土造、鋼筋混凝土造,114年4月15日,三十四層,,
RPPPMLOKJHLGFAD67CC,36,.68,共同使用部份,鋼筋混凝土造,78年8月3日,十層,,
RPOPMLOKJHLGFAD57CC,50,18.65,住家用,加強磚造,65年6月29日,二層,,
RPRPMLOKJHLGFAD87CC,34,187.93,住商用,鋼筋混凝土造,81年7月1日,三層,,
RPUPMLOKJHLGFAD18CC,36,22.05,住家用,鋼筋混凝土造,79年6月15日,六層,,
RPVPMLOKJHLGFAD28CC,56,79.44,住家用,加強磚造,59年5月30日,二層,,
RPUPMLOKJHLGFAD18CC,36,5.05,共同使用部份,鋼筋混凝土造,79年6月15日,六層,,
RPSPMLOKJHLGFAD97CC,61,61.20,住家用,加強磚造,53年10月31日,二層,,
RPUPMLOKJHLGFAD18CC,36,5.33,共同使用部份,鋼筋混凝土造,79年6月15日,六層,,
RPWPMLOKJHLGFAD38CC,19,91.98,集合住宅,ＲＣ造,95年11月29日,十三層,,
RPWPMLOKJHLGFAD38CC,19,13.56,共同使用部份,ＲＣ造,95年11月29日,十三層,,
RPWPMLOKJHLGFAD38CC,19,37.85,共同使用部份,ＲＣ造,95年11月29日,十三層,,
RPXPMLOKJHLGFAD48CC,29,59.99,住家用,鋼筋混凝土造,85年12月4日,七層,,
RPXPMLOKJHLGFAD48CC,29,20.82,共同使用部份,鋼筋混凝土造,85年12月4日,七層,,
RPQNMLOKJHLGFCD77CC,37,179.98,住商用,鋼筋混凝土造,78年3月27日,三層,,
RPQNMLOKJHLGFBD67CC,45,89.62,住商用,加強磚造,69年9月13日,二層,,
RPOQMLOKJHLGFAD67CC,48,27.63,住家用,鋼筋混凝土造,66年12月2日,七層,,
RPOQMLOKJHLGFAD67CC,48,6.15,共同使用部份,鋼筋混凝土造,66年12月2日,七層,,
RPPNMLOKJHLGFCD67CC,26,95.72,集合住宅,鋼筋混凝土造,88年10月21日,十三層,,
RPPNMLOKJHLGFCD67CC,26,17.06,共同使用部份,鋼筋混凝土造,88年10月21日,十三層,,
RPPNMLOKJHLGFCD67CC,26,33.68,共同使用部份,鋼筋混凝土造,88年10月21日,十三層,,
RPTNMLOKJHLGFCD08CC,4,21.65,集合住宅,鋼筋混凝土構造,111年6月1日,六層,,
RPTNMLOKJHLGFCD08CC,4,13.11,本共有部分之項目有：防空避難室兼停車空間、梯廳、安全梯、台電配電室、緊急發電機、電信室、消防機房、汙水機房、雨水機房、水箱、管理委員會空間、中央監控室、戶外安全梯、機房、管委會空間（走廊）、管委會空間等十六項。,鋼筋混凝土構造,111年6月1日,六層,,
RPPNMLOKJHLGFBD57CC,6,65.77,集合住宅,鋼筋混凝土造,108年9月24日,五層,,
RPPNMLOKJHLGFBD57CC,6,45.71,本共有部分之項目有機電設備，管理維護空間，停車空間，安全梯梯間，梯廳，一般昇降機，梯間，蓄水池等８項。,鋼筋混凝土造,108年9月24日,五層,,
RPXNMLOKJHLGFCD48CC,55,59.50,住家用,加強磚造,59年10月24日,二層,,
RPOOMLOKJHLGFCD67CC,35,24.65,住家用,鋼筋混凝土造,79年8月27日,六層,,
RPOOMLOKJHLGFCD67CC,35,13.64,共同使用部份,鋼筋混凝土造,79年8月27日,六層,,
RPWNMLOKJHLGFCD38CC,26,96.25,集合住宅,鋼筋混凝土造,88年10月21日,十三層,,
RPWNMLOKJHLGFCD38CC,26,17.68,共同使用部份,鋼筋混凝土造,88年10月21日,十三層,,
RPWNMLOKJHLGFCD38CC,26,33.92,共同使用部份,鋼筋混凝土造,88年10月21日,十三層,,
RPUNMLOKJHLGFCD18CC,45,35.35,住商用,鋼筋混凝土造,70年5月25日,三層,,
RPSOMLOKJHLGFCD08CC,50,70.18,住商用,加強磚造,65年1月23日,二層,,
RPROMLOKJHLGFCD97CC,42,15.00,住家用,鋼筋混凝土造,72年8月29日,三層,,
RPPNMLOKJHLGFHD18CC,12,19.44,住家用,鋼筋混凝土造,102年11月11日,四層,,
RPRNMLOKJHLGFID48CC,8,160.95,店舖、住宅,鋼筋混凝土構造,107年2月8日,三層,,
RPRNMLOKJHLGFHD38CC,6,63.23,Ｈ２－集合住宅,鋼筋混凝土造,108年12月31日,六層,,
RPQNMLOKJHLGFID38CC,5,80.77,集合住宅,鋼筋混凝土構造,110年3月15日,二十四層,,
RPRNMLOKJHLGFHD38CC,6,45.43,停車空間、安全梯、電梯機械式（樓梯間）、水箱（樓梯間）,鋼筋混凝土造,108年12月31日,六層,,
RPQNMLOKJHLGFID38CC,5,58.54,本共有部分之項目有管委會使用空間、停車空間、機電設備空間、防空避難室兼停車空間、台電配電場所、自來水箱、車道、門廳、儲藏室、機房、樓梯間、消防水箱等１２項,鋼筋混凝土構造,110年3月15日,二十四層,,
RPQOMLOKJHLGFCD87CC,42,18.00,住家用,鋼筋混凝土造,72年8月29日,三層,,
RPPNMLOKJHLGFID28CC,2,44.97,集合住宅,鋼筋混凝土造,112年8月8日,十五層,,
RPPNMLOKJHLGFID28CC,2,24.49,本共有部分之項目有停車空間、管委會使用空間、梯間、車道、前廊、陽台、樓梯間、機械室、水箱等９項,鋼筋混凝土造,112年8月8日,十五層,,
RPPNMLOKJHLGFKD48CC,27,32.21,商業用,鋼筋混凝土造,88年5月19日,十一層,,
RPPNMLOKJHLGFKD48CC,27,9.54,共同使用部份,鋼筋混凝土造,88年5月19日,十四層,,
RPPNMLOKJHLGFKD48CC,27,3.77,共同使用部份,鋼筋混凝土造,88年5月19日,十四層,,
RPQNMLOKJHLGFKD58CC,3,8.65,店鋪,鋼骨構造,111年7月28日,一層,,
RPQNMLOKJHLGFKD58CC,3,243.87,住家用,鋼骨構造,111年7月28日,一層,,
RPTNMLOKJHLGFKD88CC,1,55.78,集合住宅,鋼筋混凝土造,114年6月5日,十八層,,
RPTNMLOKJHLGFKD88CC,1,52.84,本共有部分之項目有：停車空間，防空避難室兼停車空間，公共服務空間，門廊，頂蓋型開放空間，升降機，梯廳，機電設備空間，管委會使用空間，防災中心，車道，緊急升降梯，電樓梯間，機房，水箱等１５項,鋼筋混凝土造,114年6月5日,十八層,,
RPUNMLOKJHLGFKD98CC,30,67.27,住家用,鋼筋混凝土造,84年9月8日,十九層,,
RPUNMLOKJHLGFKD98CC,30,24.07,共同使用部份,鋼筋混凝土造,84年9月8日,十九層,,
RPWNMLOKJHLGFKD56CC,3,58.28,集合住宅,鋼筋混凝土構造,112年2月8日,七層,,
RPWNMLOKJHLGFKD56CC,3,43.81,本共有部分之項目有：防空避難室兼停車空間、停車空間、昇降機道、昇降機間、樓梯間、昇降機械室、水箱等７項,鋼筋混凝土構造,112年2月8日,七層,,
RPOOMLOKJHLGFKD48CC,30,91.59,國民住宅,鋼筋混凝土造,84年10月9日,十五層,,
RPOOMLOKJHLGFKD48CC,30,29.15,共同使用部份,鋼筋混凝土造,84年10月9日,十五層,,
RPPOMLOKJHLGFKD58CC,42,88.19,住家用,加強磚造,73年5月17日,二層,,
RPVNMLOKJHLGFKD09CC,32,20.04,住家用,鋼筋混凝土造,82年12月30日,九層,,
RPVNMLOKJHLGFKD09CC,32,15.50,共同使用部份,鋼筋混凝土造,82年12月30日,九層,,
RPROMLOKJHLGFKD78CC,20,13.38,辦公室,鋼筋混凝土造,94年7月8日,六層,,
RPSOMLOKJHLGFKD88CC,3,60.64,集合住宅,鋼筋混凝土構造,112年3月9日,十五層,,
RPSOMLOKJHLGFKD88CC,3,30.42,本共有部分之項目有：防空避難室兼停車空間，停車空間，垃圾車暫停區，無障礙廁所，公共服務空間，垃圾儲藏室，車道，門廊，梯間，管委會空間，樓電梯間，樓梯間，水箱，昇降機機房等１４項,鋼筋混凝土構造,112年3月9日,十五層,,
RPROMLOKJHLGFKD78CC,20,11.74,共同使用部份,鋼筋混凝土造,94年7月8日,六層,,
RPUOMLOKJHLGFKD09CC,27,62.17,商業用,鋼筋混凝土造,88年5月19日,十一層,,
RPPNMLOKJHLGFCD77DC,44,234.37,住商用,鋼筋混凝土造,71年2月19日,三層,,
RPUOMLOKJHLGFKD09CC,27,19.08,共同使用部份,鋼筋混凝土造,88年5月19日,十四層,,
RPTOMLOKJHLGFKD98CC,30,83.38,住家用,鋼筋混凝土造,84年12月22日,十一層,,
RPUOMLOKJHLGFKD09CC,27,6.96,共同使用部份,鋼筋混凝土造,88年5月19日,十四層,,
RPTOMLOKJHLGFKD98CC,30,27.89,共同使用部份,鋼筋混凝土造,84年12月22日,十一層,,
RPVOMLOKJHLGFKD56CC,37,113.89,住家用,鋼筋混凝土造,78年5月11日,二層,,
RPUNMLPKJHLGFAD08CC,31,29.77,住家用,鋼筋混凝土造,84年7月4日,十八層,,
RPUNMLPKJHLGFAD08CC,31,36.94,共同使用部份,鋼筋混凝土造,84年7月4日,十八層,,
RPRNMLPKJHLGFAD77CC,21,39.56,集合住宅,鋼筋混凝土造,93年12月3日,八層,,
RPRNMLPKJHLGFAD77CC,21,5.67,共同使用部份,鋼筋混凝土造,93年12月3日,八層,,
RPRNMLPKJHLGFAD77CC,21,37.35,共同使用部份,鋼筋混凝土造,93年12月3日,八層,,
RPVNMLPKJHLGFAD18CC,44,62.14,住家用,鋼筋混凝土造,70年12月17日,七層,,
RPSNMLPKJHLGFAD87CC,29,26.78,住家用,鋼筋混凝土造,86年1月27日,二十層,,
RPVNMLPKJHLGFAD18CC,44,7.28,共同使用部份,鋼筋混凝土造,70年12月17日,七層,,
RPSNMLPKJHLGFAD87CC,29,5.11,共同使用部份,鋼筋混凝土造,86年1月27日,二十層,,
RPSNMLPKJHLGFAD87CC,29,3.88,共同使用部份,鋼筋混凝土造,86年1月27日,二十層,,
RPSNMLPKJHLGFAD87CC,29,2.24,共同使用部份,鋼筋混凝土造,86年1月27日,二十層,,
RPQOMLPKJHLGFAD77CC,36,22.48,住家用,鋼筋混凝土造,79年5月31日,四層,,
RPQOMLPKJHLGFAD77CC,36,3.89,共同使用部份,鋼筋混凝土造,79年5月31日,四層,,
RPQOMLPKJHLGFAD77CC,36,6.85,共同使用部份,鋼筋混凝土造,79年5月31日,四層,,
RPWNMLPKJHLGFAD28CC,28,23.71,集合住宅,鋼筋混凝土造,87年7月6日,五層,,
RPWNMLPKJHLGFAD28CC,28,8.80,共同使用部份,鋼筋混凝土造,87年7月6日,五層,,
RPXNMLPKJHLGFAD38CC,55,78.04,住家用,加強磚造,60年2月5日,二層,,
RPOOMLPKJHLGFAD57CC,28,24.10,集合住宅,鋼筋混凝土造,87年7月6日,五層,,
RPOOMLPKJHLGFAD57CC,28,8.84,共同使用部份,鋼筋混凝土造,87年7月6日,五層,,
RPSOMLPKJHLGFAD97CC,28,23.63,集合住宅,鋼筋混凝土造,87年7月6日,五層,,
RPSOMLPKJHLGFAD97CC,28,8.67,共同使用部份,鋼筋混凝土造,87年7月6日,五層,,
RPROMLPKJHLGFAD87CC,28,24.10,集合住宅,鋼筋混凝土造,87年7月6日,五層,,
RPROMLPKJHLGFAD87CC,28,8.84,共同使用部份,鋼筋混凝土造,87年7月6日,五層,,
RPUOMLPKJHLGFAD18CC,3,57.58,集合住宅,鋼筋混凝土構造,111年10月13日,十五層,,
RPUOMLPKJHLGFAD18CC,3,27.88,本共有部分之項目有停車空間、台電配電場所、防空避難室兼停車空間、梯廳、管委會空間、公共服務空間、水箱、樓梯間、機房、門廊、車道、陽台等１２項,鋼筋混凝土構造,111年10月13日,十五層,,
RPQNMLPKJHLGFAD67CC,28,24.60,住家用,鋼筋混凝土造,87年7月6日,五層,,
RPQNMLPKJHLGFAD67CC,28,8.84,共同使用部份,鋼筋混凝土造,87年7月6日,五層,,
RPTOMLPKJHLGFAD08CC,63,82.46,住家用,磚造,52年1月1日,二層,,
RPVOMLPKJHLGFAD28CC,18,51.18,集合住宅,鋼筋混凝土造,96年7月19日,十四層,,
RPVOMLPKJHLGFAD28CC,18,39.33,共同使用部份,鋼筋混凝土造,96年7月19日,十四層,,
RPVOMLPKJHLGFAD28CC,18,12.32,共同使用部份,鋼筋混凝土造,96年7月19日,十四層,,
RPQNMLPKJHLGFBD77CC,1,51.21,集合住宅,鋼筋混凝土造,114年4月2日,十四層,,
RPRNMLPKJHLGFBD87CC,1,67.53,集合住宅,鋼筋混凝土造,114年4月25日,十四層,,
RPQNMLPKJHLGFBD77CC,1,11.10,共同使用部份,鋼筋混凝土造,114年4月2日,十四層,,
RPQNMLPKJHLGFBD77CC,1,42.05,共同使用部份,鋼筋混凝土造,114年4月2日,十四層,,
RPRNMLPKJHLGFBD87CC,1,56.11,本共有部分之項目有防空避難室兼停車空間、停車空間、管委會使用空間、電信室、門廊、安全梯空間、車道、樓梯間、排煙室、水箱、昇降機房、昇降機空間、梯廳等１３項,鋼筋混凝土造,114年4月25日,十四層,,
RPTNMLPKJHLGFBD08CC,4,54.68,集合住宅,鋼筋混凝土造,111年4月15日,十五層,,
RPTNMLPKJHLGFBD08CC,4,46.22,本共有部份為：停車空間、電信室、管委會、門廊、梯廳、梯間、發電機室、水箱、汽車車道、機車車道、安全梯、一般升降機、公共服務空間、緊急升降機排煙室、資源回收區、管道間、配電室、緊急升降機、台電配電場所、工具間、水景機房、雨水機房、消防機房、電錶室等２４項。,鋼筋混凝土造,111年4月15日,十五層,,
RPTNMLPKJHLGFBD08CC,4,15.69,本共有部分為：緊急昇降機、安全梯、緊急昇降機排煙室、一般昇降機、水錶室、水箱、梯廳、電梯機房等８項。,鋼筋混凝土造,111年4月15日,十五層,,
RPWOMLPKJHLGFAD38CC,44,48.45,住家用,鋼筋混凝土造,71年1月20日,五層,,
RPWOMLPKJHLGFAD38CC,44,14.61,共同使用部份,鋼筋混凝土造,70年10月27日,五層,,
RPPPMLPKJHLGFAD77CC,32,186.68,住商用,鋼筋混凝土造,82年12月17日,三層,,
RPUNMLPKJHLGFBD18CC,1,91.26,集合住宅,鋼筋混凝土造,114年4月25日,十四層,,
RPQPMLPKJHLGFAD87CC,42,84.02,住家用,鋼筋混凝土造,72年8月17日,五層,,
RPUNMLPKJHLGFBD18CC,1,68.33,本共有部分之項目有防空避難室兼停車空間、停車空間、管委會使用空間、電信室、門廊、安全梯空間、車道、樓梯間、排煙室、水箱、昇降機房、昇降機空間、梯廳等１３項,鋼筋混凝土造,114年4月25日,十四層,,
RPQPMLPKJHLGFAD87CC,42,6.11,共同使用部份,鋼筋混凝土造,72年8月17日,五層,,
RPQNMLPKJHLGFCD87CC,44,70.87,住家用,鋼筋混凝土造,70年11月3日,五層,,
RPQPMLPKJHLGFAD87CC,42,7.99,共同使用部份,鋼筋混凝土造,72年8月17日,五層,,
RPQNMLPKJHLGFCD87CC,44,8.77,共同使用部份,鋼筋混凝土造,70年11月3日,五層,,
RPPNMLPKJHLGFCD77CC,25,59.16,住家用,鋼筋混凝土造,89年8月29日,十四層,,
RPPNMLPKJHLGFCD77CC,25,20.15,共同使用部份,鋼筋混凝土造,89年8月29日,十四層,,
RPQNMLPKJHLGFDD97CC,33,63.34,住家用,鋼筋混凝土造,82年3月25日,七層,,
RPPNMLPKJHLGFDD87CC,50,106.96,住家用,鋼筋混凝土造,65年2月24日,二層,,
RPPNMLPKJHLGFHD28CC,12,216.47,住家用,鋼筋混凝土造,102年11月15日,四層,,
RPPNMLPKJHLGFGD18CC,34,116.87,住家用,加強磚造,80年11月27日,二層,,
RPRNMLPKJHLGFHD48CC,1,82.81,店舖、集合住宅,鋼筋混凝土造,113年7月18日,十五層,,
RPPNMLPKJHLGFID38CC,8,18.22,住宅、停車空間,鋼筋混凝土構造,106年9月30日,五層,,
RPRNMLPKJHLGFHD48CC,1,42.32,本共有部分之項目有停車空間、雨水貯留利用及汙水機房、消防機械室、發電機室、排煙室、樓梯間、一般昇降機、緊急昇降機、安全梯、無障礙樓梯、水箱、台電配電室、電信室、管委會使用空間、梯廳、門廊、管道間、水表室、電梯機房等１９項,鋼筋混凝土造,113年7月18日,十五層,,
RPQNMLPKJHLGFID48CC,25,58.84,國民住宅,鋼筋混凝土造,89年11月7日,八層,,
RPQNMLPKJHLGFID48CC,25,19.17,共同使用部份,鋼筋混凝土造,89年11月7日,八層,,
RPTNMLPKJHLGFCD18CC,42,13.25,住家用,鋼筋混凝土造,72年12月14日,五層,,
RPROMLPKJHLGFCD08CC,42,86.75,住家用,鋼筋混凝土造,73年1月18日,十二層,,
RPROMLPKJHLGFCD08CC,42,12.03,共同使用部份,鋼筋混凝土造,73年1月18日,十二層,,
RPVNMLPKJHLGFCD38CC,30,51.28,住家用,鋼筋混凝土造,84年11月6日,二十層,,
RPVNMLPKJHLGFCD38CC,30,10.85,共同使用部份,鋼筋混凝土造,84年11月6日,二十層,,
RPSNMLPKJHLGFCD08CC,30,14.22,住家用,鋼筋混凝土造,85年2月2日,三層,,
RPUNMLPKJHLGFCD28CC,30,16.41,住家用,鋼筋混凝土造,85年2月2日,三層,,
RPVNMLPKJHLGFCD38CC,30,29.68,共同使用部份,鋼筋混凝土造,84年11月6日,二十層,,
RPSNMLPKJHLGFCD08CC,30,3.77,共同使用部份,鋼筋混凝土造,85年2月2日,三層,,
RPUNMLPKJHLGFCD28CC,30,3.34,共同使用部份,鋼筋混凝土造,85年2月2日,三層,,
RPSOMLPKJHLGFCD18CC,43,18.20,住商用,鋼筋混凝土造,71年11月23日,五層,,
RPWNMLPKJHLGFCD48CC,5,56.47,集合住宅,鋼筋混凝土構造,110年1月14日,十五層,,
RPPOMLPKJHLGFCD87CC,32,110.12,住家用,鋼筋混凝土造,83年1月10日,四層,,
RPXNMLPKJHLGFCD58CC,46,112.68,住家用,加強磚造,69年4月23日,二層,,
RPWNMLPKJHLGFCD48CC,5,30.11,本共有部份之項目有：防空避難室兼停車空間、管委會使用空間、樓梯間、梯廳、門廳、機械室、水箱、公共服務空間、陽台、車道、樓電梯間、沿街步道頂蓋型開放空間共十二項。,鋼筋混凝土構造,110年1月14日,十五層,,
RPQOMLPKJHLGFCD97CC,42,69.66,集合住宅,鋼筋混凝土造,72年8月20日,五層,,
RPPOMLPKJHLGFCD87CC,32,19.20,共同使用部份,鋼筋混凝土造,83年1月10日,四層,,
RPQOMLPKJHLGFCD97CC,42,5.79,共同使用部份,鋼筋混凝土造,72年8月20日,五層,,
RPUOMLPKJHLGFCD38CC,45,21.48,住家用,鋼筋混凝土造,69年7月26日,五層,,
RPPOMLPKJHLGFCD87CC,32,41.67,共同使用部份,鋼筋混凝土造,83年1月10日,四層,,
RPOOMLPKJHLGFCD77CC,38,81.87,住家用,鋼筋混凝土造,77年4月6日,五層,,
RPOOMLPKJHLGFCD77CC,38,9.41,共同使用部份,鋼筋混凝土造,77年4月6日,五層,,
RPRNMLPKJHLGFKD78CC,32,132.54,住家用,鋼筋混凝土造,82年8月27日,十五層,,
RPRNMLPKJHLGFKD78CC,32,18.04,共同使用部份,鋼筋混凝土造,82年8月27日,十五層,,
RPSNMLPKJHLGFKD88CC,32,83.10,住家用,鋼筋混凝土造,83年2月1日,八層,,
RPRNMLPKJHLGFKD78CC,32,18.57,避難室兼停車空間、梯間、清水池、配電室、門廊、消防泵浦間、交誼廳、乒乓球室。,鋼筋混凝土造,82年8月27日,十六層,,
RPSNMLPKJHLGFKD88CC,32,44.96,共同使用部份,鋼筋混凝土造,83年2月1日,八層,,
RPRNMLPKJHLGFID58CC,9,13.22,店舖、住宅,鋼筋混凝土構造,105年11月1日,四層,,
RPTNMLPKJHLGFKD98CC,26,70.87,住家用,鋼筋混凝土造,88年8月24日,十四層,,
RPTNMLPKJHLGFKD98CC,26,1.81,共同使用部份,鋼筋混凝土造,88年8月24日,十四層,,
RPTNMLPKJHLGFKD98CC,26,3.28,共同使用部份,鋼筋混凝土造,88年8月24日,十四層,,
RPTNMLPKJHLGFKD98CC,26,14.38,共同使用部份,鋼筋混凝土造,88年8月24日,十四層,,
RPUNMLPKJHLGFKD09CC,20,8.55,辦公室,鋼筋混凝土造,94年7月8日,六層,,
RPQNMLPKJHLGFKD68CC,32,24.62,住家用,鋼筋混凝土造,82年12月30日,九層,,
RPUNMLPKJHLGFKD09CC,20,8.09,共同使用部份,鋼筋混凝土造,94年7月8日,六層,,
RPQNMLPKJHLGFKD68CC,32,16.01,共同使用部份,鋼筋混凝土造,82年12月30日,九層,,
RPPNMLPKJHLGFKD58CC,35,18.25,住家用,鋼筋混凝土造,80年1月30日,七層,,
RPPNMLPKJHLGFKD58CC,35,6.97,共同使用部份,鋼筋混凝土造,80年1月30日,七層,,
RPVNMLPKJHLGFKD56CC,8,9.42,住家用,鋼筋混凝土構造,107年4月2日,五層,,
RPVNMLPKJHLGFKD56CC,8,4.19,本共有部分之項目有：電梯間，樓梯間及水箱等３項,鋼筋混凝土構造,107年4月2日,五層,,
RPOOMLPKJHLGFKD58CC,24,15.00,住家用,鋼筋混凝土造,91年5月17日,四層,,
RPPOMLPKJHLGFKD68CC,26,23.19,住家用,鋼筋混凝土造,88年8月24日,十四層,,
RPXNMLPKJHLGFKD76CC,8,9.42,住家用,鋼筋混凝土構造,107年4月2日,五層,,
RPSOMLPKJHLGFKD98CC,32,25.19,住家用,鋼筋混凝土造,82年7月16日,七層,,
RPSOMLPKJHLGFKD98CC,32,1.95,共同使用部份,鋼筋混凝土造,82年7月16日,七層,,
RPPOMLPKJHLGFKD68CC,26,.57,共同使用部份,鋼筋混凝土造,88年8月24日,十四層,,
RPSOMLPKJHLGFKD98CC,32,5.42,共同使用部份,鋼筋混凝土造,82年7月16日,七層,,
RPPOMLPKJHLGFKD68CC,26,1.04,共同使用部份,鋼筋混凝土造,88年8月24日,十四層,,
RPPOMLPKJHLGFKD68CC,26,6.20,共同使用部份,鋼筋混凝土造,88年8月24日,十四層,,
RPWNMLPKJHLGFKD66CC,8,9.42,住家用,鋼筋混凝土構造,107年4月2日,五層,,
RPWNMLPKJHLGFKD66CC,8,4.19,本共有部分之項目有：電梯間，樓梯間及水箱等３項,鋼筋混凝土構造,107年4月2日,五層,,
RPXNMLPKJHLGFKD76CC,8,4.19,本共有部分之項目有：電梯間，樓梯間及水箱等３項,鋼筋混凝土構造,107年4月2日,五層,,
RPTOMLPKJHLGFKD09CC,30,86.72,住家用,鋼筋混凝土造,85年5月22日,十六層,,
RPTOMLPKJHLGFKD09CC,30,37.44,共同使用部份,鋼筋混凝土造,85年5月22日,十六層,,
RPPNMLQKJHLGFAD67CC,3,92.97,集合住宅,鋼筋混凝土構造,112年5月1日,十五層,,
RPPNMLQKJHLGFAD67CC,3,46.38,共有部分包括：門廊、梯廳、管委會使用空間、機車停車空間、樓梯間、水錶室、機械室、水箱、停車空間、防空避難室兼停車空間。,鋼筋混凝土構造,112年5月1日,十五層,,
RPQOMLPKJHLGFKD78CC,26,24.50,住家用,鋼筋混凝土造,88年8月24日,十四層,,
RPQOMLPKJHLGFKD78CC,26,.60,共同使用部份,鋼筋混凝土造,88年8月24日,十四層,,
RPQNMLQKJHLGFAD77CC,30,34.95,住家用,鋼筋混凝土造,84年10月24日,十三層,,
RPQNMLQKJHLGFAD77CC,30,9.36,共同使用部份,鋼筋混凝土造,84年10月24日,十三層,,
RPQOMLPKJHLGFKD78CC,26,1.04,共同使用部份,鋼筋混凝土造,88年8月24日,十四層,,
RPROMLPKJHLGFKD88CC,31,51.71,辦公室。,鋼筋混凝土造,84年3月31日,十五層,,
RPQOMLPKJHLGFKD78CC,26,6.49,共同使用部份,鋼筋混凝土造,88年8月24日,十四層,,
RPROMLPKJHLGFKD88CC,31,11.52,共同使用部份,鋼筋混凝土造,84年3月31日,十五層,,
RPSNMLQKJHLGFAD97CC,41,28.51,住家用,鋼筋混凝土造,73年12月28日,十四層,,
RPSNMLQKJHLGFAD97CC,41,10.16,共同使用部份,鋼筋混凝土造,73年12月28日,十四層,,
RPVOMLPKJHLGFKD66CC,36,26.44,住商用,鋼筋混凝土造,79年5月28日,三層,,
RPUNMLQKJHLGFAD18CC,2,71.12,集合住宅,鋼筋混凝土造,112年11月8日,二十二層,,
RPUNMLQKJHLGFAD18CC,2,38.32,本共有部分之項目有防空避難室兼停車空間、停車空間、管委會使用空間、梯間、門廳兼梯廳、樓梯間、機械室、水箱、門廊、車道、排煙室、管道間等１２項,鋼筋混凝土造,112年11月8日,二十二層,,
RPTNMLQKJHLGFAD08CC,1,53.21,集合住宅,鋼筋混凝土造,114年3月7日,十層,,
RPTNMLQKJHLGFAD08CC,1,41.01,本共有部分之項目有防空避難室兼停車空間、停車空間、管理維護使用空間、梯間、水塔等五項。,鋼筋混凝土造,114年3月7日,十層,,
RPXNMLQKJHLGFAD48CC,32,17.94,住家用,鋼筋混凝土造,83年3月1日,六層,,
RPXNMLQKJHLGFAD48CC,32,5.80,共同使用部份,鋼筋混凝土造,83年3月1日,六層,,
RPXNMLQKJHLGFAD48CC,32,2.40,共同使用部份,鋼筋混凝土造,83年3月1日,六層,,
RPWNMLQKJHLGFAD38CC,45,24.35,住家用,鋼筋混凝土造,70年6月2日,七層,,
RPWNMLQKJHLGFAD38CC,45,9.14,共同使用部份,鋼筋混凝土造,70年6月2日,七層,,
RPPOMLQKJHLGFAD77CC,50,137.25,住家用,鋼筋混凝土造,64年7月14日,三層,,
RPQOMLQKJHLGFAD87CC,9,60.20,集合住宅,鋼筋混凝土構造,106年1月24日,二十層,,
RPOOMLQKJHLGFAD67CC,44,95.34,住家用,鋼筋混凝土造,70年12月23日,五層,,
RPQOMLQKJHLGFAD87CC,9,29.16,本共有部分之項目：防空避難室、停車空間、機房、樓梯間、機械房、水箱、門廳、梯間、管委會使用空間、水池、防災中心等。,鋼筋混凝土構造,106年1月24日,二十六層,,
RPOOMLQKJHLGFAD67CC,44,10.86,共同使用部份,鋼筋混凝土造,70年12月23日,五層,,
RPOOMLQKJHLGFAD67CC,44,6.56,共同使用部份,鋼筋混凝土造,70年12月23日,五層,,
RPROMLQKJHLGFAD97CC,9,85.48,集合住宅,鋼筋混凝土構造,105年11月9日,二十七層,,
RPROMLQKJHLGFAD97CC,9,73.37,本共有部分之項目有：樓梯間、機房、水箱、特別安全梯、梯廳、排煙管道、排煙室、行動不便電梯、緊急升降機、管道間、進風管道、防空避難室、停車空間、管委會使用空間,鋼筋混凝土構造,105年11月9日,二十七層,,
RPRNMLQKJHLGFBD97CC,30,242.58,住商用,鋼筋混凝土造,85年5月6日,四層,,
RPUNMLQKJHLGFCD38CC,36,16.78,住家用,鋼筋混凝土造,78年12月20日,五層,,
RPPNMLQKJHLGFBD77CC,1,816.87,店舖、住宅,鋼筋混凝土造,113年10月29日,四層,,
RPUNMLQKJHLGFCD38CC,36,6.18,共同使用部份,鋼筋混凝土造,78年12月20日,五層,,
RPRNMLQKJHLGFCD08CC,36,77.80,店舖、住宅、防空避難室,鋼筋混凝土造,79年6月27日,六層,,
RPRNMLQKJHLGFCD08CC,36,77.80,店舖、住宅、防空避難室,鋼筋混凝土造,79年6月27日,六層,,
RPQNMLQKJHLGFBD87CC,4,60.80,集合住宅,鋼筋混凝土造,111年6月1日,五層,,
RPQNMLQKJHLGFBD87CC,4,20.31,本共有部分之項目有：停車空間、梯廳、昇降機、門廊、管理委員會使用空間、電信室、安全梯、樓梯間共８項,鋼筋混凝土造,111年6月1日,五層,,
RPSNMLQKJHLGFBD08CC,21,183.43,店舖，住宅，停車空間，瞭望台,鋼筋混凝土造,93年9月2日,四層,,
RPSOMLQKJHLGFAD08CC,44,37.36,住家用,鋼筋混凝土造,70年9月23日,八層,,
RPSOMLQKJHLGFAD08CC,44,11.42,共同使用部份,鋼筋混凝土造,70年9月23日,八層,,
RPTNMLQKJHLGFCD28CC,1,45.19,集合住宅,鋼筋混凝土造,113年8月16日,十五層,,
RPTNMLQKJHLGFCD28CC,1,38.87,本共有部份之項目有：防空避難室兼停車空間、停車空間、管委會使用空間、樓梯間、昇降機間、機械室、水箱、梯間、門廊、車道共１０項。,鋼筋混凝土造,113年8月16日,十五層,,
RPSNMLQKJHLGFCD18CC,37,14.49,住家用,鋼筋混凝土造,78年4月25日,七層,,
RPSNMLQKJHLGFCD18CC,37,9.40,共同使用部份,鋼筋混凝土造,78年4月25日,七層,,
RPWNMLQKJHLGFBD48CC,13,182.21,住宅，停車空間,鋼筋混凝土造,101年12月7日,四層,,
RPVNMLQKJHLGFBD38CC,49,187.71,住家用,鋼筋混凝土造,66年6月3日,三層,,
RPQNMLQKJHLGFCD97CC,3,65.72,集合住宅,鋼筋混凝土構造、鋼骨造,112年3月29日,十四層,,
RPQNMLQKJHLGFCD97CC,3,38.35,本共有部份之項目有：防空避難室兼停車空間、停車空間、管委會空間、樓梯間、機械室、公共空間、門廊共７項。,鋼筋混凝土加強磚造,112年3月29日,十四層,,
RPPNMLQKJHLGFCD87CC,32,20.23,住家用,鋼筋混凝土造,83年2月8日,八層,,
RPPNMLQKJHLGFCD87CC,32,4.16,共同使用部份,鋼筋混凝土造,83年2月8日,八層,,
RPXNMLQKJHLGFBD58CC,2,56.89,集合住宅,鋼筋混凝土造,113年1月16日,二十七層,,
RPPNMLQKJHLGFCD87CC,32,4.82,共同使用部份,鋼筋混凝土造,83年2月8日,八層,,
RPXNMLQKJHLGFBD58CC,2,34.05,防空避難室兼停車空間、停車空間、管理委員會使用空間、安全梯、樓梯間、梯廳、管道間、一般昇降機、緊急昇降機、機械室、水箱、排煙室、陽台、雨遮、中繼機房、車道、門廊等１７項。,鋼筋混凝土造,113年1月16日,二十七層,,
RPTNMLQKJHLGFBD18CC,2,84.68,集合住宅,鋼筋混凝土造,113年4月30日,五層,,
RPTNMLQKJHLGFBD18CC,2,35.75,本共有之項目有：管理委員會使用空間、梯廳、昇降機道、梯間、電信室、停車空間、電梯間、門廊、機電設備空間、樓梯間共１０項,鋼筋混凝土造,113年4月30日,五層,,
RPPOMLQKJHLGFCD97CC,6,107.98,集合住宅,鋼筋混凝土構造,108年8月23日,十三層,,
RPPOMLQKJHLGFCD97CC,6,84.30,本共有部份之項目有：防空避難室兼停車空間、停車空間、管委會空間、車道、樓梯間、機械室、水箱、公共服務空間、管理室、門廳、升降機、排煙室、安全梯、管道間、污物處理區、梯廳共十六項。,鋼筋混凝土構造,108年8月23日,十三層,,
RPXNMLQKJHLGFCD68CC,36,22.16,住家用,鋼筋混凝土造,78年11月24日,五層,,
RPXNMLQKJHLGFCD68CC,36,12.15,共同使用部份,鋼筋混凝土造,78年11月24日,五層,,
RPQOMLQKJHLGFCD08CC,44,85.32,住家用,鋼筋混凝土造,71年4月15日,五層,,
RPQOMLQKJHLGFCD08CC,44,26.81,共同使用部份,鋼筋混凝土造,71年4月15日,五層,,
RPPNMLQKJHLGFGD28CC,31,33.91,住家用,鋼筋混凝土造,84年5月1日,六層,,
RPPNMLQKJHLGFGD28CC,31,8.46,共同使用部份,鋼筋混凝土造,84年5月1日,六層,,
RPPNMLQKJHLGFID48CC,30,50.21,住家用,鋼筋混凝土造,84年10月9日,七層,,
RPPNMLQKJHLGFID48CC,30,20.41,共同使用部份,鋼筋混凝土造,84年10月9日,七層,,
RPRNMLQKJHLGFID68CC,32,101.04,住商用,鋼筋混凝土造,83年3月3日,七層,,
RPPNMLQKJHLGFKD68CC,6,107.07,住家用,鋼筋混凝土構造,109年2月6日,五層,,
RPQNMLQKJHLGFID58CC,16,112.14,住家用,鋼筋混凝土造,99年4月22日,十四層,,
RPRNMLQKJHLGFID68CC,32,29.53,共同使用部份,鋼筋混凝土造,83年3月3日,七層,,
RPPNMLQKJHLGFKD68CC,6,49.69,本共有部分之項目有昇降機道、安全梯間、梯廳、管委會、門廊、停車空間、機電空間、樓梯間等８項,鋼筋混凝土構造,109年2月6日,五層,,
RPQNMLQKJHLGFID58CC,16,62.01,本共有部分之項目有防空避難室兼停車空間、管委會使用空間、突出物１、２層、梯間、機械室、水箱。,鋼筋混凝土造,99年4月22日,十四層,,
RPSNMLQKJHLGFKD98CC,19,8.64,辦公室,鋼筋混凝土造,95年9月18日,八層,,
RPSNMLQKJHLGFKD98CC,19,10.68,共同使用部份,鋼筋混凝土造,95年9月18日,八層,,
RPSNMLQKJHLGFKD98CC,19,2.91,共同使用部份,鋼筋混凝土造,95年9月18日,八層,,
RPPNMLQKJHLGFHD38CC,4,64.85,集合住宅,鋼筋混凝土造,111年6月21日,六層,,
RPPNMLQKJHLGFHD38CC,4,18.84,本共有部分之項目有停車空間、門廊、樓梯間等３項。,鋼筋混凝土造,111年6月21日,六層,,
RPRNMLQKJHLGFKD88CC,19,12.11,辦公室,鋼筋混凝土造,95年9月18日,八層,,
RPUNMLQKJHLGFKD56CC,3,69.17,集合住宅,鋼筋混凝土構造,111年10月6日,五層,,
RPUNMLQKJHLGFKD56CC,3,27.22,本共有部分之項目有：停車空間、門廊、安全梯、電梯機械室、水箱等５項,鋼筋混凝土構造,111年10月6日,五層,,
RPQNMLQKJHLGFKD78CC,35,172.48,住家用,鋼筋混凝土造,79年12月21日,四層,,
RPRNMLQKJHLGFKD88CC,19,11.71,共同使用部份,鋼筋混凝土造,95年9月18日,八層,,
RPXOMLQKJHLGFCD78CC,46,47.84,住家用,鋼筋混凝土造,68年12月14日,五層,,
RPVOMLQKJHLGFCD58CC,50,119.69,住家用,鋼筋混凝土造,64年7月28日,四層,,
RPXOMLQKJHLGFCD78CC,46,11.71,共同使用部份,鋼筋混凝土造,68年12月14日,五層,,
RPTOMLQKJHLGFCD38CC,45,28.00,店舖、住宅,鋼筋混凝土造,70年7月15日,四層,,
RPUOMLQKJHLGFCD48CC,26,96.22,集合住宅,鋼筋混凝土造,88年10月21日,十三層,,
RPUOMLQKJHLGFCD48CC,26,20.13,共同使用部份,鋼筋混凝土造,88年10月21日,十三層,,
RPUOMLQKJHLGFCD48CC,26,33.67,共同使用部份,鋼筋混凝土造,88年10月21日,十三層,,
RPWOMLQKJHLGFCD68CC,18,21.70,住家用,鋼筋混凝土造,97年2月29日,十四層,,
RPSOMLQKJHLGFCD28CC,1,45.19,集合住宅,鋼筋混凝土造,113年8月16日,十五層,,
RPWOMLQKJHLGFCD68CC,18,5.39,共同使用部份,鋼筋混凝土造,97年2月29日,十四層,,
RPSOMLQKJHLGFCD28CC,1,24.21,本共有部份之項目有：防空避難室兼停車空間、停車空間、管委會使用空間、樓梯間、昇降機間、機械室、水箱、梯間、門廊、車道共１０項。,鋼筋混凝土造,113年8月16日,十五層,,
RPWOMLQKJHLGFCD68CC,18,7.11,共同使用部份,鋼筋混凝土造,97年2月29日,十四層,,
RPVNMLQKJHLGFKD66CC,45,73.36,住家用,鋼筋混凝土造,70年6月4日,五層,,
RPVNMLQKJHLGFKD66CC,45,17.78,共同使用部份,鋼筋混凝土造,70年6月4日,五層,,
RPOPMLQKJHLGFCD97CC,27,86.83,住家用,鋼筋混凝土造,87年12月18日,十四層,,
RPOPMLQKJHLGFCD97CC,27,18.62,共同使用部份,鋼筋混凝土造,87年12月18日,十四層,,
RPOPMLQKJHLGFCD97CC,27,1.85,共同使用部份,鋼筋混凝土造,87年12月18日,十四層,,
RPOPMLQKJHLGFCD97CC,27,9.40,共同使用部份,鋼筋混凝土造,87年12月18日,十四層,,
RPWNMLQKJHLGFKD76CC,32,75.33,住家用,鋼筋混凝土造,83年5月31日,五層,,
RPWNMLQKJHLGFKD76CC,32,27.11,共同使用部份,鋼筋混凝土造,83年5月31日,五層,,
RPXNMLQKJHLGFKD86CC,32,51.14,住家用,鋼筋混凝土造,83年3月22日,十一層,,
RPXNMLQKJHLGFKD86CC,32,17.67,共同使用部份,鋼筋混凝土造,83年3月22日,十一層,,
RPSOMLQKJHLGFKD09CC,31,17.63,住家用,鋼筋混凝土造,84年4月17日,八層,,
RPOOMLQKJHLGFKD68CC,29,34.41,住家用,鋼筋混凝土造,85年11月22日,十三層,,
RPSOMLQKJHLGFKD09CC,31,2.31,共同使用部份,鋼筋混凝土造,84年4月17日,八層,,
RPOOMLQKJHLGFKD68CC,29,10.17,共同使用部份,鋼筋混凝土造,85年11月22日,十三層,,
RPSOMLQKJHLGFKD09CC,31,7.06,共同使用部份,鋼筋混凝土造,84年4月17日,八層,,
RPSNMLRKJHLGFAD08CC,27,66.01,集合住宅,鋼筋混凝土造,88年4月1日,十四層,,
RPSNMLRKJHLGFAD08CC,27,19.16,共同使用部份,鋼筋混凝土造,88年4月1日,十四層,,
RPSNMLRKJHLGFAD08CC,27,9.25,共同使用部份,鋼筋混凝土造,88年4月1日,十四層,,
RPPOMLQKJHLGFKD78CC,2,78.33,集合住宅,鋼筋混凝土造,112年10月17日,五層,,
RPRNMLRKJHLGFCD18CC,42,15.00,住家用,鋼筋混凝土造,72年8月29日,三層,,
RPPOMLQKJHLGFKD78CC,2,23.93,本共有部分之項目有停車空間、管理員室、門廊、樓梯間、電梯間等５項,鋼筋混凝土造,112年10月17日,五層,,
RPQOMLQKJHLGFKD88CC,26,23.19,住家用,鋼筋混凝土造,88年8月24日,十四層,,
RPQOMLQKJHLGFKD88CC,26,.57,共同使用部份,鋼筋混凝土造,88年8月24日,十四層,,
RPRNMLRKJHLGFAD97CC,4,60.04,集合住宅,鋼筋混凝土構造,110年12月13日,二十二層,,
RPQOMLQKJHLGFKD88CC,26,1.04,共同使用部份,鋼筋混凝土造,88年8月24日,十四層,,
RPRNMLRKJHLGFAD97CC,4,62.01,本共有部分之項目有管委會使用空間、公共服務空間、樓梯間、電梯間、機械室、水箱、停車空間、防空避難室兼停車空間、中繼機房、外廊、防災中心、車道。,鋼筋混凝土構造,110年12月13日,二十二層,,
RPQOMLQKJHLGFKD88CC,26,6.20,共同使用部份,鋼筋混凝土造,88年8月24日,十四層,,
RPPNMLRKJHLGFAD77CC,22,97.44,集合住宅,鋼筋混凝土造,92年9月16日,十四層,,
RPPNMLRKJHLGFCD97CC,35,111.14,住家用,鋼筋混凝土造,79年12月18日,五層,,
RPPNMLRKJHLGFAD77CC,22,33.35,管理室等,鋼筋混凝土造,92年9月16日,十四層,,
RPPNMLRKJHLGFCD97CC,35,23.44,共同使用部份,鋼筋混凝土造,79年12月18日,五層,,
RPPNMLRKJHLGFAD77CC,22,18.14,公共設施,鋼筋混凝土造,92年9月16日,十四層,,
RPPNMLRKJHLGFFD28CC,17,958.33,廠房,鋼骨造（有牆）、ＲＣ造,98年2月10日,一層,,
RPPNMLRKJHLGFFD28CC,17,18.33,發電機室、消防幫浦室,鋼骨造（有牆）、ＲＣ造,98年2月10日,一層,,
RPPNMLSKJHLGFAD87CC,30,24.31,住家用,鋼筋混凝土造,84年11月21日,十二層,,
RPPNMLSKJHLGFAD87CC,30,8.76,共同使用部份,鋼筋混凝土造,84年11月21日,十二層,,
RPQNMLRKJHLGFCD08CC,43,82.33,集合住宅,鋼筋混凝土造,71年11月29日,五層,,
RPQNMLRKJHLGFCD08CC,43,7.20,共同使用部份,鋼筋混凝土造,71年11月29日,五層,,
RPQNMLRKJHLGFID68CC,18,18.18,住宅、管理維護空間、門廊、樓梯間、機械室。,鋼筋混凝土造,96年9月14日,五層,,
RPPNMLRKJHLGFID58CC,50,82.74,住家用,加強磚造,65年1月1日,二層,,
RPPNMLRKJHLGFDD08CC,31,86.60,住家用,鋼筋混凝土造,84年5月3日,六層,,
RPPNMLRKJHLGFDD08CC,31,35.44,共同使用部份,鋼筋混凝土造,84年5月3日,六層,,
RPTNMLSKJHLGFAD28CC,44,92.67,住家用,鋼筋混凝土造,70年12月23日,五層,,
RPTNMLSKJHLGFAD28CC,44,9.27,共同使用部份,鋼筋混凝土造,70年12月23日,五層,,
RPTNMLSKJHLGFAD28CC,44,6.86,共同使用部份,鋼筋混凝土造,70年12月23日,五層,,
RPSNMLSKJHLGFAD18CC,35,73.85,住家用,鋼筋混凝土造,80年5月31日,十二層,,
RPRNMLSKJHLGFAD08CC,31,102.42,住家用,鋼筋混凝土造,83年9月14日,十二層,,
RPSNMLSKJHLGFAD18CC,35,15.14,共同使用部份,鋼筋混凝土造,80年5月31日,十二層,,
RPRNMLSKJHLGFAD08CC,31,9.83,共同使用部份,鋼筋混凝土造,83年9月14日,十二層,,
RPRNMLSKJHLGFBD18CC,5,59.00,集合住宅,鋼筋混凝土造,110年5月27日,十層,,
RPRNMLSKJHLGFAD08CC,31,5.68,共同使用部份,鋼筋混凝土造,83年9月14日,十二層,,
RPRNMLSKJHLGFBD18CC,5,53.20,本共有部份之項目有：停車空間、自來水機房、消防機房、雨水機房、安全梯兼無障礙樓梯、一般升降機、無障礙電梯、管道間、梯廳、防空避難室兼停車空間、陽台、台電配電場所、發電機室、公共服務空間、管委會使用空間、電信室／空調主機室、安全梯、樓梯間、水錶室、電梯機房、水箱機房、水箱等２２項,鋼筋混凝土造,110年5月27日,十層,,
RPRNMLSKJHLGFAD08CC,31,14.91,共同使用部份,鋼筋混凝土造,83年9月14日,十二層,,
RPUNMLSKJHLGFAD38CC,30,54.75,住家用,鋼筋混凝土造,84年7月29日,十七層,,
RPQNMLSKJHLGFCD18CC,26,26.68,住家用,鋼筋混凝土造,88年8月5日,十二層,,
RPQNMLSKJHLGFBD08CC,1,77.95,集合住宅,鋼筋混凝土造,114年4月2日,十四層,,
RPUNMLSKJHLGFAD38CC,30,14.48,共同使用部份,鋼筋混凝土造,84年7月29日,十七層,,
RPQNMLSKJHLGFCD18CC,26,5.12,共同使用部份,鋼筋混凝土造,88年8月5日,十二層,,
RPQNMLSKJHLGFBD08CC,1,17.18,共同使用部份,鋼筋混凝土造,114年4月2日,十四層,,
RPQNMLSKJHLGFCD18CC,26,6.11,共同使用部份,鋼筋混凝土造,88年8月5日,十二層,,
RPQNMLSKJHLGFBD08CC,1,49.99,共同使用部份,鋼筋混凝土造,114年4月2日,十四層,,
RPTNMLTKJHLGFAD38CC,37,96.75,住商用,鋼筋混凝土造,78年3月30日,七層,,
RPPNMLSKJHLGFID68CC,18,18.18,住宅、管理維護空間、門廊、樓梯間、機械室。,鋼筋混凝土造,96年9月14日,五層,,
RPPNMLSKJHLGFCD08CC,42,29.03,住家用,鋼筋混凝土造,72年9月8日,七層,,
RPPNMLSKJHLGFCD08CC,42,11.75,共同使用部份,鋼筋混凝土造,72年9月8日,七層,,
RPSNMLTKJHLGFAD28CC,2,109.63,集合住宅,鋼筋混凝土造,112年10月17日,二十九層,,
RPSNMLTKJHLGFAD28CC,2,91.06,本共有部分之項目有防空避難室兼停車空間、停車空間、公共服務空間、梯間、車道、門廊、門廳、防災中心、陽台、中繼水箱、樓梯間、昇降機間（排煙室）、機械室、水箱、雨遮等１５項。,鋼筋混凝土造,112年10月17日,二十九層,,
RPPNMLTKJHLGFAD97CC,10,55.02,集合住宅,鋼筋混凝土構造,104年11月5日,二十四層,,
RPPNMLTKJHLGFAD97CC,10,23.51,本共有部分之項目：有樓梯間、門廊、門廳、管委會使用空間、防災中心、停車空間、防空避難室、車道、游泳池、機房自來水池等項,鋼筋混凝土構造,104年11月5日,二十四層,,
RPQNMLSKJHLGFID78CC,18,18.18,住宅、管理維護空間、門廊、樓梯間、機械室。,鋼筋混凝土造,96年9月14日,五層,,
RPUNMLTKJHLGFAD48CC,33,89.59,住家用,鋼筋混凝土造,82年6月3日,八層,,
RPUNMLTKJHLGFAD48CC,33,17.37,共同使用部份,鋼筋混凝土造,82年6月3日,八層,,
RPQNMLTKJHLGFAD08CC,10,155.37,集合住宅,鋼筋混凝土構造,105年6月4日,二十七層,,
RPUNMLTKJHLGFAD48CC,33,25.55,共同使用部份,鋼筋混凝土造,82年6月3日,八層,,
RPQNMLTKJHLGFAD08CC,10,63.30,共有部分包括：樓梯間、門廳、公共服務空間、管理委員會使用空間、機械室、水箱、防空避難設備兼停車空間、停車空間。,鋼筋混凝土構造,105年6月4日,二十七層,,
RPQNMLTKJHLGFAD08CC,10,40.37,共有部分包括：樓梯間、梯廳,鋼筋混凝土構造,105年6月4日,二十七層,,
RPRNMLTKJHLGFAD18CC,9,83.19,集合住宅,鋼筋混凝土構造,106年1月24日,二十六層,,
RPRNMLTKJHLGFAD18CC,9,66.92,本共有部分之項目：防空避難室、停車空間、機房、樓梯間、機械房、水箱、門廳、梯間、管委會使用空間、水池、防災中心等。,鋼筋混凝土構造,106年1月24日,二十六層,,
RPWNMLTKJHLGFAD68CC,60,62.34,住家用,加強磚造,55年1月1日,二層,,
RPOOMLTKJHLGFAD97CC,42,75.28,住家用,鋼筋混凝土造,72年12月7日,五層,,
RPOOMLTKJHLGFAD97CC,42,13.87,共同使用部份,鋼筋混凝土造,72年12月7日,五層,,
RPVNMLTKJHLGFAD58CC,65,101.08,住商用,磚造,50年1月1日,二層,,
RPQOMLTKJHLGFAD18CC,33,19.13,住家用,鋼筋混凝土造,82年3月27日,六層,,
RPQOMLTKJHLGFAD18CC,33,6.15,共同使用部份,鋼筋混凝土造,82年3月27日,六層,,
RPPOMLTKJHLGFAD08CC,28,24.10,集合住宅,鋼筋混凝土造,87年7月6日,五層,,
RPPOMLTKJHLGFAD08CC,28,8.84,共同使用部份,鋼筋混凝土造,87年7月6日,五層,,
RPROMLTKJHLGFAD28CC,21,54.29,住宅、停車空間,ＲＣ造,93年12月30日,五層,,
RPSOMLTKJHLGFAD38CC,43,115.22,住家用,鋼筋混凝土造,71年12月7日,四層,,
RPSOMLTKJHLGFAD38CC,43,14.60,共同使用部份,鋼筋混凝土造,71年12月7日,四層,,
RPRNMLTKJHLGFBD28CC,30,144.65,廠房,鋼造,84年8月23日,一層,,
RPRNMLTKJHLGFBD28CC,30,468.35,廠房,鋼骨造,84年12月27日,一層,,
RPQNMLTKJHLGFBD18CC,29,148.49,住宅．停車空間,鋼筋混凝土造,85年11月30日,四層,,
RPTNMLTKJHLGFBD48CC,6,58.74,住家用,鋼骨構造,108年12月18日,一層,,
RPSNMLTKJHLGFBD38CC,6,69.45,住家用,鋼骨構造,108年12月18日,一層,,
RPRNMLTKJHLGFCD38CC,22,363.76,店舖、住宅、停車空間,鋼筋混凝土造,93年4月20日,四層,,
RPQNMLTKJHLGFCD28CC,42,19.06,住家用,鋼筋混凝土造,72年7月29日,四層,,
RPTNMLTKJHLGFCD58CC,36,23.40,商業用,鋼筋混凝土造,79年6月27日,八層,,
RPSNMLTKJHLGFCD48CC,32,87.58,住家用,鋼筋混凝土造,82年7月27日,六層,,
RPVNMLTKJHLGFCD78CC,1,45.19,集合住宅,鋼筋混凝土造,113年8月16日,十五層,,
RPUNMLTKJHLGFCD68CC,16,70.95,住家用,鋼筋混凝土造,99年5月7日,十四層,,
RPSNMLTKJHLGFCD48CC,32,10.03,共同使用部份,鋼筋混凝土造,82年7月27日,六層,,
RPWNMLTKJHLGFCD88CC,47,90.92,住家用,鋼筋混凝土造,68年5月15日,五層,,
RPVNMLTKJHLGFCD78CC,1,38.87,本共有部份之項目有：防空避難室兼停車空間、停車空間、管委會使用空間、樓梯間、昇降機間、機械室、水箱、梯間、門廊、車道共１０項。,鋼筋混凝土造,113年8月16日,十五層,,
RPSNMLTKJHLGFCD48CC,32,13.23,共同使用部份,鋼筋混凝土造,82年7月27日,六層,,
RPUNMLTKJHLGFCD68CC,16,29.53,本共有部分之項目有地下一、二、三層全部、有頂蓋式開放空間、門廊、一至十四層梯間、屋突等。,鋼筋混凝土造,99年5月7日,十四層,,
RPWNMLTKJHLGFCD88CC,47,7.00,共同使用部份,鋼筋混凝土造,68年5月15日,五層,,
RPWNMLTKJHLGFCD88CC,47,5.37,共同使用部份,鋼筋混凝土造,68年5月15日,五層,,
RPRNMLTKJHLGFHD88CC,9,62.68,集合住宅,鋼筋混凝土造,106年5月5日,七層,,
RPRNMLTKJHLGFHD88CC,9,16.47,集合住宅，停車空間，管委會空間,鋼筋混凝土造,106年5月5日,七層,,
RPQNMLTKJHLGFDD38CC,13,322.79,住商用,鋼筋混凝土造,101年11月28日,四層,,
RPRNMLTKJHLGFHD88CC,9,10.42,樓梯間，機房，水箱,鋼筋混凝土造,106年5月5日,七層,,
RPPNMLTKJHLGFHD68CC,1,70.32,集合住宅,鋼筋混凝土造,114年6月25日,九層,,
RPPNMLTKJHLGFHD68CC,1,53.82,本共有部分之項目有停車空間、門廊、管理維護空間、安全梯間、昇降機間、梯廳、樓梯間等７項,鋼筋混凝土造,114年6月25日,九層,,
RPTNMLTKJHLGFHD09CC,54,107.11,住家用,木石磚造（磚石造）、加強磚造,61年7月1日,三層,,
RPSNMLTKJHLGFHD98CC,12,19.94,住家用,鋼筋混凝土造,102年11月11日,四層,,
RPQNMLTKJHLGFID88CC,5,58.16,集合住宅,鋼筋混凝土構造,110年3月15日,二十四層,,
RPQNMLTKJHLGFID88CC,5,46.72,本共有部分之項目有管委會使用空間、停車空間、機電設備空間、防空避難室兼停車空間、台電配電場所、自來水箱、車道、門廳、儲藏室、機房、樓梯間、消防水箱等１２項,鋼筋混凝土構造,110年3月15日,二十四層,,
RPUNMLTKJHLGFHD56CC,1,66.18,集合住宅,鋼筋混凝土造,114年1月10日,七層,,
RPPNMLTKJHLGFID78CC,5,57.91,集合住宅,鋼筋混凝土構造,110年3月15日,二十四層,,
RPUNMLTKJHLGFHD56CC,1,45.14,本共有部分之項目有停車空間、樓梯間、水錶室及水箱等４項。,鋼筋混凝土造,114年1月10日,七層,,
RPPNMLTKJHLGFID78CC,5,47.29,本共有部分之項目有管委會使用空間、停車空間、機電設備空間、防空避難室兼停車空間、台電配電場所、自來水箱、車道、門廳、儲藏室、機房、樓梯間、消防水箱等１２項,鋼筋混凝土構造,110年3月15日,二十四層,,
RPRNMLTKJHLGFID98CC,1,82.17,集合住宅,鋼筋混凝土造,114年1月13日,十三層,,
RPRNMLTKJHLGFID98CC,1,63.09,本共有部分之項目有停車空間、公共空間、管委會使用空間、車道、樓梯間、機房、水箱等７項,鋼筋混凝土造,114年1月13日,十三層,,
RPVNMLTKJHLGFID76CC,32,206.76,住商用,鋼筋混凝土造,82年12月3日,四層,,
RPTNMLTKJHLGFID56CC,48,13.27,住商用,加強磚造,66年8月19日,二層,,
RPTNMLTKJHLGFKD76CC,32,85.72,住家用,鋼筋混凝土造,83年4月26日,七層,,
RPTNMLTKJHLGFKD76CC,32,38.86,共同使用部份,鋼筋混凝土造,83年4月26日,七層,,
RPQOMLTKJHLGFKD56CC,32,42.13,住家用,鋼筋混凝土造,82年8月17日,七層,,
RPQOMLTKJHLGFKD56CC,32,15.54,共同使用部份,鋼筋混凝土造,82年8月17日,七層,,
RPPOMLTKJHLGFKD09CC,32,83.69,住家用,鋼筋混凝土造,83年1月4日,八層,,
RPPOMLTKJHLGFKD09CC,32,29.61,共同使用部份,鋼筋混凝土造,83年1月4日,八層,,
RPSNMLTKJHLGFKD66CC,26,25.71,住家用,鋼筋混凝土造,88年8月24日,十四層,,
RPSNMLTKJHLGFKD66CC,26,.64,共同使用部份,鋼筋混凝土造,88年8月24日,十四層,,
RPSNMLTKJHLGFKD66CC,26,1.21,共同使用部份,鋼筋混凝土造,88年8月24日,十四層,,
RPSNMLTKJHLGFKD66CC,26,6.97,共同使用部份,鋼筋混凝土造,88年8月24日,十四層,,
RPOOMLTKJHLGFKD98CC,42,88.59,住商用,加強磚造,72年12月13日,二層,,
RPQNMLKLJHLGFAD27CC,32,14.53,住家用,鋼筋混凝土造,83年6月24日,四層,,
RPUNMLTKJHLGFKD86CC,31,50.58,辦公室。,鋼筋混凝土造,84年3月31日,十五層,,
RPUNMLTKJHLGFKD86CC,31,10.63,共同使用部份,鋼筋混凝土造,84年3月31日,十五層,,
RPWNMLTKJHLGFKD07CC,43,85.74,集合住宅,鋼筋混凝土造,72年2月24日,五層,,
RPWNMLTKJHLGFKD07CC,43,.35,防空避難室。,鋼筋混凝土造,72年2月24日,地下層,,
RPWNMLTKJHLGFKD07CC,43,.35,防空避難室。,鋼筋混凝土造,72年2月24日,地下層,,
RPWNMLTKJHLGFKD07CC,43,.35,防空避難室。,鋼筋混凝土造,72年2月24日,地下層,,
RPXNMLTKJHLGFKD17CC,8,58.09,住家用,鋼筋混凝土構造,106年11月14日,十六層,,
RPWNMLTKJHLGFKD07CC,43,.35,防空避難室。,鋼筋混凝土造,72年2月24日,地下層,,
RPXNMLTKJHLGFKD17CC,8,29.60,本共有部分之項目計有防空避難室，停車空間，機房，梯廳，梯間，防災中心，管理員室，公共服務空間，管委會使用空間，儲藏室等１０項,鋼筋混凝土構造,106年11月14日,十六層,,
RPWNMLTKJHLGFKD07CC,43,.35,共同使用部份,鋼筋混凝土造,72年2月24日,,,
RPWNMLTKJHLGFKD07CC,43,.18,國民住宅,鋼筋混凝土造,72年2月24日,五層,,
RPWNMLTKJHLGFKD07CC,43,.35,共同使用部份,鋼筋混凝土造,72年2月24日,,,
RPWNMLTKJHLGFKD07CC,43,6.07,共同使用部份,鋼筋混凝土造,72年2月24日,,,
RPSNMLKLJHLGFAD47CC,53,59.23,住商用,加強磚造,62年1月10日,三層,,
RPTNMLKLJHLGFAD57CC,53,26.45,住家用,加強磚造,62年1月27日,二層,,
RPRNMLKLJHLGFAD37CC,45,86.45,住家用,加強磚造,70年5月13日,二層,,
RPUNMLKLJHLGFAD67CC,32,91.07,住家用,鋼筋混凝土造,83年5月12日,十一層,,
RPUNMLKLJHLGFAD67CC,32,8.68,共同使用部份,鋼筋混凝土造,83年5月12日,十一層,,
RPUNMLKLJHLGFAD67CC,32,20.15,共同使用部份,鋼筋混凝土造,83年5月12日,十一層,,
RPUNMLKLJHLGFAD67CC,32,18.02,共同使用部份,鋼筋混凝土造,83年5月12日,十一層,,
RPWNMLKLJHLGFAD87CC,36,51.35,住家用,鋼筋混凝土造,79年4月9日,五層,,
RPWNMLKLJHLGFAD87CC,36,13.97,共同使用部份,鋼筋混凝土造,79年4月9日,五層,,
RPVNMLKLJHLGFAD77CC,31,29.77,住家用,鋼筋混凝土造,84年7月4日,十八層,,
RPVNMLKLJHLGFAD77CC,31,13.74,共同使用部份,鋼筋混凝土造,84年7月4日,十八層,,
RPOOMLKLJHLGFAD17CC,8,61.76,集合住宅,鋼筋混凝土構造,107年5月31日,十層,,
RPQOMLKLJHLGFAD37CC,31,29.77,住家用,鋼筋混凝土造,84年7月4日,十八層,,
RPQOMLKLJHLGFAD37CC,31,53.26,共同使用部份,鋼筋混凝土造,84年7月4日,十八層,,
RPOOMLKLJHLGFAD17CC,8,59.30,本共有部分之項目有：門廊、門廳、有頂蓋廣場式開放空間、管委會空間、防災中心、樓梯間、車道、公共服務空間、機械室、水箱、防空避難室兼停車空間、停車空間。,鋼筋混凝土構造,107年5月31日,二十層,,
RPPOMLKLJHLGFAD27CC,50,149.46,住商用,鋼筋混凝土造,64年8月19日,三層,,
RPXNMLKLJHLGFAD97CC,31,26.38,住家用,鋼筋混凝土造,84年7月4日,十八層,,
RPXNMLKLJHLGFAD97CC,31,46.39,共同使用部份,鋼筋混凝土造,84年7月4日,十八層,,
RPROMLKLJHLGFAD47CC,66,22.75,商業用,磚造,49年1月1日,三層,,
RPVOMLKLJHLGFAD87CC,22,94.45,集合住宅,鋼筋混凝土造,93年3月29日,十層,,
RPUOMLKLJHLGFAD77CC,31,117.88,住家用,鋼筋混凝土造,84年1月4日,二十五層,,
RPUOMLKLJHLGFAD77CC,31,20.34,共同使用部份,鋼筋混凝土造,84年1月4日,二十四層,,
RPUOMLKLJHLGFAD77CC,31,15.09,共同使用部份,鋼筋混凝土造,84年1月4日,二十四層,,
RPVOMLKLJHLGFAD87CC,22,48.53,共同使用部份,鋼筋混凝土造,93年3月29日,十一層,,
RPXOMLKLJHLGFAD08CC,13,114.51,集合住宅,鋼筋混凝土構造,102年6月20日,十五層,,
RPXOMLKLJHLGFAD08CC,13,53.12,本共有部分之項目有防空避難室、停車空間、門廊、車道、門廳、管理維護空間、公共服務空間。,鋼筋混凝土構造,102年6月20日,十五層,,
RPXOMLKLJHLGFAD08CC,13,22.50,本共有部分之項目有樓梯間,鋼筋混凝土構造,102年6月20日,十五層,,
RPQNMLKLJHLGFBD37CC,44,23.14,住家用,鋼筋混凝土造,70年9月10日,三層,,
RPPNMLKLJHLGFBD27CC,4,79.19,集合住宅,鋼筋混凝土造,111年4月15日,十五層,,
RPPNMLKLJHLGFBD27CC,4,51.33,本共有部份為：停車空間、電信室、管委會、門廊、梯廳、梯間、發電機室、水箱、汽車車道、機車車道、安全梯、一般升降機、公共服務空間、緊急升降機排煙室、資源回收區、管道間、配電室、緊急升降機、台電配電場所、工具間、水景機房、雨水機房、消防機房、電錶室等２４項。,鋼筋混凝土造,111年4月15日,十五層,,
RPPNMLKLJHLGFBD27CC,4,22.73,本共有部分為：緊急昇降機、安全梯、緊急昇降機排煙室、一般昇降機、水錶室、水箱、梯廳、電梯機房等８項。,鋼筋混凝土造,111年4月15日,十五層,,
RPWOMLKLJHLGFAD97CC,33,55.04,住商用,鋼筋混凝土造,82年3月27日,四層,,
RPQOMLOKJHLGFKD68CC,33,77.86,住家用,鋼筋混凝土造,82年4月21日,七層,,
RPQOMLOKJHLGFKD68CC,33,39.46,共同使用部份,鋼筋混凝土造,82年4月21日,七層,,
RPPNMLKLJHLGFGD77CC,31,44.59,住家用,鋼筋混凝土造,84年6月22日,十二層,,
RPPNMLKLJHLGFGD77CC,31,12.70,共同使用部份,鋼筋混凝土造,84年6月22日,十二層,,
RPQNMLKLJHLGFDD57CC,,94.41,住家用,加強磚造,,二層,,
RPQNMLKLJHLGFGD87CC,39,25.46,住商用,鋼筋混凝土造,76年7月7日,三層,,
RPRNMLKLJHLGFDD67CC,1,65.12,集合住宅,鋼筋混凝土造、鋼骨造,114年6月25日,十四層,,
RPRNMLKLJHLGFDD67CC,1,28.61,本共有部分之項目有停車空間、梯廳、樓梯間、管理維護空間、升降梯間、水塔及機械室等七項,鋼筋混凝土造、鋼骨造,114年6月25日,十四層,,
RPRNMLKLJHLGFCD57CC,53,253.50,住家用,加強磚造,61年8月1日,二層,,
RPRNMLKLJHLGFCD57CC,53,133.92,商業用,加強磚造,62年5月20日,一層,,
RPQOMLKLJHLGFCD57CC,3,43.78,集合住宅,鋼筋混凝土構造、鋼骨造,112年3月29日,十四層,,
RPQOMLKLJHLGFCD57CC,3,40.22,本共有部份之項目有：防空避難室兼停車空間、停車空間、管委會空間、樓梯間、機械室、公共空間、門廊共７項。,鋼筋混凝土加強磚造,112年3月29日,十四層,,
RPTNMLKLJHLGFCD77CC,48,75.67,住家用,鋼筋混凝土造,67年5月9日,四層,,
RPPNMLKLJHLGFCD37CC,26,96.22,集合住宅,鋼筋混凝土造,88年10月21日,十三層,,
RPPNMLKLJHLGFHD87CC,1,69.18,集合住宅,鋼筋混凝土造,113年12月11日,七層,,
RPPNMLKLJHLGFCD37CC,26,19.57,共同使用部份,鋼筋混凝土造,88年10月21日,十三層,,
RPPNMLKLJHLGFCD37CC,26,33.67,共同使用部份,鋼筋混凝土造,88年10月21日,十三層,,
RPPNMLKLJHLGFHD87CC,1,36.09,本共有部分之項目有停車空間、門廊、樓梯間、機械室及水箱等５項,鋼筋混凝土造,113年12月11日,七層,,
RPSNMLKLJHLGFCD67CC,36,66.59,住家用,鋼筋混凝土造,79年7月7日,十四層,,
RPQNMLKLJHLGFCD47CC,31,64.64,住家用,鋼筋混凝土造,83年12月16日,十六層,,
RPSNMLKLJHLGFCD67CC,36,5.58,共同使用部份,鋼筋混凝土造,79年7月7日,十四層,,
RPQNMLKLJHLGFCD47CC,31,18.49,共同使用部份,鋼筋混凝土造,83年12月16日,十六層,,
RPQNMLKLJHLGFCD47CC,31,13.41,共同使用部份,鋼筋混凝土造,83年12月16日,十六層,,
RPWNMLKLJHLGFCD08CC,44,80.63,住家用,鋼筋混凝土造,70年10月29日,五層,,
RPWNMLKLJHLGFCD08CC,44,6.51,共同使用部份,鋼筋混凝土造,70年10月29日,五層,,
RPQNMLKLJHLGFID08CC,49,128.90,住家用,加強磚造,66年2月1日,二層,,
RPSNMLKLJHLGFCD67CC,36,11.97,共同使用部份,鋼筋混凝土造,79年7月7日,十四層,,
RPOOMLKLJHLGFCD37CC,44,90.51,住家用,鋼筋混凝土造,70年9月21日,五層,,
RPOOMLKLJHLGFCD37CC,44,7.44,共同使用部份,鋼筋混凝土造,70年9月21日,五層,,
RPOOMLKLJHLGFCD37CC,44,6.06,共同使用部份,鋼筋混凝土造,70年9月21日,五層,,
RPXNMLKLJHLGFCD18CC,18,23.30,住家用,鋼筋混凝土造,97年2月29日,十四層,,
RPXNMLKLJHLGFCD18CC,18,31.53,共同使用部份,鋼筋混凝土造,97年2月29日,十四層,,
RPROMLKLJHLGFCD67CC,36,68.91,住家用,鋼筋混凝土造,78年11月14日,五層,,
RPXNMLKLJHLGFCD18CC,18,6.88,共同使用部份,鋼筋混凝土造,97年2月29日,十四層,,
RPROMLKLJHLGFCD67CC,36,19.93,共同使用部份,鋼筋混凝土造,78年11月14日,五層,,
RPPOMLKLJHLGFCD47CC,23,215.92,住家用,Ｒ．Ｃ造,92年5月27日,四層,,
RPRNMLKLJHLGFID18CC,52,40.57,住家用,磚造,62年12月24日,一層,,
RPVNMLKLJHLGFCD97CC,34,54.19,住家用,鋼筋混凝土造,81年1月24日,五層,,
RPVNMLKLJHLGFCD97CC,34,15.98,共同使用部份,鋼筋混凝土造,81年1月24日,五層,,
RPTNMLKLJHLGFID38CC,8,18.37,住宅、停車空間,鋼筋混凝土構造,106年9月30日,五層,,
RPVNMLKLJHLGFID58CC,22,14.88,住家用,鋼筋混凝土造,92年9月10日,十層,,
RPOOMLKLJHLGFID97CC,41,124.83,住家用,鋼筋混凝土造,73年12月28日,二層,,
RPXNMLKLJHLGFID78CC,5,58.16,集合住宅,鋼筋混凝土構造,110年3月15日,二十四層,,
RPXNMLKLJHLGFID78CC,5,47.29,本共有部分之項目有管委會使用空間、停車空間、機電設備空間、防空避難室兼停車空間、台電配電場所、自來水箱、車道、門廳、儲藏室、機房、樓梯間、消防水箱等１２項,鋼筋混凝土構造,110年3月15日,二十四層,,
RPPNMLKLJHLGFKD18CC,30,34.72,住家用,鋼筋混凝土造,84年12月4日,十五層,,
RPPNMLKLJHLGFKD18CC,30,24.46,共同使用部份,鋼筋混凝土造,84年12月4日,十五層,,
RPQNMLKLJHLGFKD28CC,21,11.57,住家用,ＳＲＣ造,94年3月3日,二層,,
RPTNMLKLJHLGFKD58CC,31,15.27,住家用,鋼筋混凝土造,83年11月23日,六層,,
RPTNMLKLJHLGFKD58CC,31,8.44,共同使用部份,鋼筋混凝土造,83年11月23日,六層,,
RPRNMLKLJHLGFKD38CC,33,217.15,住家用,鋼筋混凝土造,81年12月2日,四層,,
RPPNMLKLJHLGFJD08CC,47,96.90,住家用,加強磚造,67年7月19日,二層,,
RPQOMLKLJHLGFKD38CC,,81.04,店舖,鋼骨造有牆,114年9月3日,一層,,
RPOOMLKLJHLGFKD18CC,19,21.49,住家用,鋼筋混凝土造,95年11月28日,四層,,
RPVNMLKLJHLGFKD78CC,31,69.26,住家用,鋼筋混凝土造,83年11月8日,十七層,,
RPVNMLKLJHLGFKD78CC,31,44.19,共同使用部份,鋼筋混凝土造,83年11月8日,十七層,,
RPVNMLKLJHLGFKD78CC,31,13.59,共同使用部份,鋼筋混凝土造,83年11月8日,十七層,,
RPTOMLKLJHLGFKD68CC,12,16.53,住家用,鋼筋混凝土構造,102年9月25日,四層,,
RPROMLKLJHLGFKD48CC,7,50.62,住家用,鋼筋混凝土構造,107年12月14日,十八層,,
RPROMLKLJHLGFKD48CC,7,46.59,本共有部分之項目有停車空間、台電配電室、防空避難室兼停車空間、梯間、公共服務空間、車道、防災中心、緩衝空間、頂蓋型沿街步道式開放空間、頂蓋型廣場式開放空間、樓梯間、水箱及機房等１３項,鋼筋混凝土構造,107年12月14日,十八層,,
RPVOMLKLJHLGFKD88CC,43,90.12,住家用,鋼筋混凝土造,72年4月15日,五層,,
RPVOMLKLJHLGFKD88CC,43,6.76,共同使用部份,鋼筋混凝土造,72年4月15日,五層,,
RPVOMLKLJHLGFKD88CC,43,3.55,共同使用部份,鋼筋混凝土造,72年4月15日,五層,,
RPUOMLKLJHLGFKD78CC,12,23.14,住家用,鋼筋混凝土構造,102年9月25日,四層,,
RPVOMLKLJHLGFKD88CC,43,3.91,共同使用部份,鋼筋混凝土造,72年4月15日,五層,,
RPWNMLKLJHLGFKD88CC,35,30.88,店舖、住宅、防空避難室。,鋼筋混凝土造,79年8月24日,四層,,
RPPOMLKLJHLGFKD28CC,37,16.50,住商用,鋼筋混凝土造,77年8月6日,三層,,
RPOPMLKLJHLGFKD28CC,12,16.53,住宅，停車空間,鋼筋混凝土構造,102年8月21日,四層,,
RPXOMLKLJHLGFKD09CC,12,29.75,住宅，停車空間,鋼筋混凝土構造,102年8月21日,四層,,
RPQPMLKLJHLGFKD48CC,12,19.83,住宅，停車空間,鋼筋混凝土構造,102年8月21日,四層,,
RPUPMLKLJHLGFKD88CC,12,19.83,住宅，停車空間,鋼筋混凝土構造,102年8月21日,四層,,
RPPPMLKLJHLGFKD38CC,12,13.22,住宅，停車空間,鋼筋混凝土構造,102年8月21日,四層,,
RPXPMLKLJHLGFKD56CC,12,19.83,住宅，停車空間,鋼筋混凝土構造,102年8月21日,四層,,
RPWPMLKLJHLGFKD09CC,34,124.66,住家用,鋼筋混凝土造,80年10月11日,三層,,
RPWOMLKLJHLGFKD98CC,12,16.53,住宅，停車空間,鋼筋混凝土構造,102年8月21日,四層,,
RPPNMLLLJHLGFAD27CC,9,51.72,集合住宅,鋼筋混凝土構造,105年11月8日,十三層,,
RPPNMLLLJHLGFAD27CC,9,40.58,本共有部分之項目有：防空避難室兼停車空間、停車空間、門廊、樓梯間、梯廳、管理維護空間、機械室、水塔等８項。,鋼筋混凝土構造,105年11月8日,十三層,,
RPQNMLLLJHLGFAD37CC,32,32.79,住家用,鋼筋混凝土造,82年11月25日,七層,,
RPOQMLKLJHLGFKD38CC,32,34.18,住家用,鋼筋混凝土造,83年4月23日,七層,,
RPOQMLKLJHLGFKD38CC,32,10.68,共同使用部份,鋼筋混凝土造,83年4月23日,七層,,
RPQNMLLLJHLGFAD37CC,32,13.06,共同使用部份,鋼筋混凝土造,82年11月25日,七層,,
RPTNMLLLJHLGFAD67CC,18,94.61,集合住宅,鋼筋混凝土造,96年12月27日,十九層,,
RPTPMLKLJHLGFKD78CC,12,13.22,住宅，停車空間,鋼筋混凝土構造,102年8月21日,四層,,
RPRPMLKLJHLGFKD58CC,12,19.83,住宅，停車空間,鋼筋混凝土構造,102年8月21日,四層,,
RPTNMLLLJHLGFAD67CC,18,63.57,共同使用部份,鋼筋混凝土造,96年12月27日,十九層,,
RPVNMLLLJHLGFAD87CC,10,62.75,集合住宅,鋼筋混凝土構造,104年11月5日,二十四層,,
RPVNMLLLJHLGFAD87CC,10,26.53,本共有部分之項目：有樓梯間、門廊、門廳、管委會使用空間、防災中心、停車空間、防空避難室、車道、游泳池、機房自來水池等項,鋼筋混凝土構造,104年11月5日,二十四層,,
RPXNMLLLJHLGFAD08CC,30,90.40,住家用,鋼筋混凝土造,84年9月13日,九層,,
RPXNMLLLJHLGFAD08CC,30,12.02,共同使用部份,鋼筋混凝土造,84年9月13日,十八層,,
RPXNMLLLJHLGFAD08CC,30,2.72,共同使用部份,鋼筋混凝土造,84年9月13日,九層,,
RPWNMLLLJHLGFAD97CC,3,84.45,集合住宅,鋼筋混凝土構造,111年10月13日,十五層,,
RPWNMLLLJHLGFAD97CC,3,76.30,本共有部分之項目有停車空間、台電配電場所、防空避難室兼停車空間、梯廳、管委會空間、公共服務空間、水箱、樓梯間、機房、門廊、車道、陽台等１２項,鋼筋混凝土構造,111年10月13日,十五層,,
RPUNMLLLJHLGFAD77CC,3,88.81,集合住宅,鋼筋混凝土構造,112年4月11日,十五層,,
RPUNMLLLJHLGFAD77CC,3,22.81,本共有部分之項目有排煙室、昇降機、安全梯、機房、管道間、梯廳、水表室、電梯機房等８項。,鋼筋混凝土構造,112年4月11日,十五層,,
RPPOMLLLJHLGFAD37CC,33,84.94,住家用,鋼筋混凝土造,81年11月2日,六層,,
RPUNMLLLJHLGFAD77CC,3,22.94,本共有部分之項目有防空避難室兼停車空間、停車空間、電信室、公共服務空間、梯廳、防災中心、機房等７項。,鋼筋混凝土構造,112年4月11日,十五層,,
RPPOMLLLJHLGFAD37CC,33,34.34,共同使用部份,鋼筋混凝土造,81年11月2日,六層,,
RPUNMLLLJHLGFAD77CC,3,19.79,本共有部分之項目有防空避難室兼停車空間、停車空間、電信室、公共服務空間、梯廳、防災中心、機房等７項。,鋼筋混凝土構造,112年4月11日,十五層,,
RPPOMLLLJHLGFAD37CC,33,7.59,共同使用部份,鋼筋混凝土造,81年11月2日,六層,,
RPOOMLLLJHLGFAD27CC,26,87.59,集合住宅,鋼筋混凝土造,88年11月6日,十四層,,
RPOOMLLLJHLGFAD27CC,26,43.33,共同使用部份,鋼筋混凝土造,88年11月6日,十四層,,
RPOOMLLLJHLGFAD27CC,26,2.79,共同使用部份,鋼筋混凝土造,88年11月6日,十四層,,
RPQOMLLLJHLGFAD47CC,31,51.14,住家用,鋼筋混凝土造,84年5月6日,七層,,
RPQOMLLLJHLGFAD47CC,31,23.25,共同使用部份,鋼筋混凝土造,84年5月6日,七層,,
RPROMLLLJHLGFAD57CC,30,24.22,住家用,鋼筋混凝土造,84年8月19日,十六層,,
RPROMLLLJHLGFAD57CC,30,5.94,共同使用部份,鋼筋混凝土造,84年8月19日,十六層,,
RPROMLLLJHLGFAD57CC,30,4.37,共同使用部份,鋼筋混凝土造,84年8月19日,十六層,,
RPWOMLLLJHLGFAD08CC,31,93.39,住家用,鋼筋混凝土造,83年7月22日,八層,,
RPWOMLLLJHLGFAD08CC,31,44.42,共同使用部份,鋼筋混凝土造,83年7月22日,八層,,
RPVOMLLLJHLGFAD97CC,34,24.58,住家用,鋼筋混凝土造,80年9月3日,六層,,
RPVOMLLLJHLGFAD97CC,34,5.93,共同使用部份,鋼筋混凝土造,80年9月3日,六層,,
RPXOMLLLJHLGFAD18CC,32,77.55,住家用,鋼筋混凝土造,83年3月30日,九層,,
RPXOMLLLJHLGFAD18CC,32,42.66,共同使用部份,鋼筋混凝土造,83年3月30日,九層,,
RPOPMLLLJHLGFAD37CC,40,65.86,住家用,鋼筋混凝土造,74年10月17日,五層,,
RPOPMLLLJHLGFAD37CC,40,9.54,共同使用部份,鋼筋混凝土造,74年10月17日,五層,,
RPRNMLLLJHLGFBD57CC,44,115.33,住家用,加強磚造,70年8月26日,二層,,
RPSPMLLLJHLGFAD77CC,19,51.89,集合住宅,ＲＣ造,95年7月13日,九層,,
RPSPMLLLJHLGFAD77CC,19,8.54,共同使用部份,ＲＣ造,95年7月13日,十一層,,
RPSPMLLLJHLGFAD77CC,19,17.02,共同使用部份,ＲＣ造,95年7月13日,九層,,
RPSPMLLLJHLGFAD77CC,19,.02,共同使用部份,ＲＣ造,95年7月13日,十一層,,
RPPNMLLLJHLGFCD47CC,7,50.21,集合住宅,鋼筋混凝土構造,108年2月26日,七層,,
RPPNMLLLJHLGFCD47CC,7,23.24,本共有部分之項目有：防空避難室兼停車空間、停車空間、管理維護空間、電信室、安全梯、樓梯間、梯廳、昇降機、機械室、水箱共１０項。,鋼筋混凝土構造,108年2月26日,七層,,
RPSOMLLLJHLGFAD67CC,47,19.92,住家用,加強磚造,68年7月3日,二層,,
RPPPMLLLJHLGFAD47CC,53,66.22,住家用,加強磚造,62年3月14日,二層,,
RPPNMLLLJHLGFBD37CC,51,98.16,住家用,加強磚造,64年2月10日,二層,,
RPQPMLLLJHLGFAD57CC,43,35.57,住家用,鋼筋混凝土造,71年10月12日,十二層,,
RPSNMLLLJHLGFBD67CC,29,147.52,住家用,鋼筋混凝土造,86年6月3日,三層,,
RPQPMLLLJHLGFAD57CC,43,11.40,共同使用部份,鋼筋混凝土造,71年10月12日,十二層,,
RPUNMLLLJHLGFBD87CC,44,93.56,集合住宅,鋼筋混凝土造,70年9月7日,四層,,
RPUNMLLLJHLGFBD87CC,44,3.22,避難室,鋼筋混凝土造,70年9月7日,四層,,
RPUNMLLLJHLGFBD87CC,44,7.81,共同使用部份,鋼筋混凝土造,70年9月7日,四層,,
RPXNMLLLJHLGFCD28CC,1,57.69,集合住宅,鋼筋混凝土造,113年8月16日,十五層,,
RPXNMLLLJHLGFCD28CC,1,57.28,本共有部份之項目有：防空避難室兼停車空間、停車空間、管委會使用空間、樓梯間、昇降機間、機械室、水箱、梯間、門廊、車道共１０項。,鋼筋混凝土造,113年8月16日,十五層,,
RPVNMLLLJHLGFCD08CC,44,134.95,住家用,鋼筋混凝土造,71年5月20日,五層,,
RPVNMLLLJHLGFCD08CC,44,34.93,共同使用部份,鋼筋混凝土造,71年5月20日,五層,,
RPSNMLLLJHLGFCD77CC,42,18.00,住家用,鋼筋混凝土造,72年8月29日,三層,,
RPOOMLLLJHLGFCD47CC,42,18.00,住家用,鋼筋混凝土造,72年8月29日,三層,,
RPTNMLLLJHLGFCD87CC,33,55.39,住家用,鋼筋混凝土造,82年6月9日,十六層,,
RPTNMLLLJHLGFCD87CC,33,15.22,共同使用部份,鋼筋混凝土造,82年6月9日,十六層,,
RPTNMLLLJHLGFCD87CC,33,7.32,共同使用部份,鋼筋混凝土造,82年6月9日,十六層,,
RPPNMLLLJHLGFDD57CC,34,27.05,住家用,鋼筋混凝土造,81年5月23日,五層,,
RPPNMLLLJHLGFDD57CC,34,6.22,共同使用部份,鋼筋混凝土造,81年5月23日,五層,,
RPUNMLLLJHLGFCD97CC,44,114.79,集合住宅,鋼筋混凝土造,70年11月26日,五層,,
RPUNMLLLJHLGFCD97CC,44,10.55,共同使用部份,鋼筋混凝土造,70年11月26日,五層,,
RPQNMLLLJHLGFDD67CC,45,82.38,住家用,加強磚造,69年9月9日,二層,,
RPQNMLLLJHLGFCD57CC,45,81.51,住家用,鋼筋混凝土造,70年2月2日,五層,,
RPQNMLLLJHLGFCD57CC,45,12.81,共同使用部份,鋼筋混凝土造,70年2月2日,五層,,
RPTNMLLLJHLGFDD97CC,1,59.46,集合住宅,鋼筋混凝土造,114年4月14日,五層,,
RPTNMLLLJHLGFDD97CC,1,18.19,本共有部分之項目有停車空間、門廊及樓梯間等３項,鋼筋混凝土造,114年4月14日,五層,,
RPSNMLLLJHLGFDD87CC,43,153.97,住家用,加強磚造,71年8月30日,二層,,
RPRNMLLLJHLGFDD77CC,31,89.77,住家用,鋼筋混凝土造,83年12月27日,十四層,,
RPRNMLLLJHLGFDD77CC,31,26.70,共同使用部份,鋼筋混凝土造,83年12月27日,十四層,,
RPRNMLLLJHLGFFD97CC,,54.10,住家用,鋼筋混凝土加強磚造,,二層,,
RPQNMLLLJHLGFGD97CC,32,94.30,住家用,鋼筋混凝土造,83年4月29日,十二層,,
RPQNMLLLJHLGFGD97CC,32,25.27,共同使用部份,鋼筋混凝土造,83年4月29日,十二層,,
RPSNMLLLJHLGFFD08CC,,59.73,住家用,鋼筋混凝土加強磚造,,二層,,
RPTNMLLLJHLGFGD28CC,46,176.23,住商用,鋼筋混凝土造,69年4月25日,三層,,
RPVNMLLLJHLGFGD48CC,4,55.17,住家用,鋼筋混凝土造,111年7月13日,四層,,
RPSNMLLLJHLGFGD18CC,30,106.57,住家用,鋼筋混凝土造,85年2月15日,十二層,,
RPUNMLLLJHLGFGD38CC,31,69.29,住家用,鋼筋混凝土造,84年4月27日,六層,,
RPSNMLLLJHLGFGD18CC,30,19.49,共同使用部份,鋼筋混凝土造,85年2月15日,十二層,,
RPUNMLLLJHLGFGD38CC,31,12.45,共同使用部份,鋼筋混凝土造,84年4月27日,六層,,
RPSNMLLLJHLGFGD18CC,30,18.95,共同使用部份,鋼筋混凝土造,85年2月15日,十二層,,
RPWNMLLLJHLGFGD58CC,31,33.91,住家用,鋼筋混凝土造,84年5月1日,六層,,
RPPOMLLLJHLGFCD57CC,29,70.62,住家用,鋼筋混凝土造,85年8月10日,九層,,
RPWNMLLLJHLGFGD58CC,31,8.46,共同使用部份,鋼筋混凝土造,84年5月1日,六層,,
RPPOMLLLJHLGFCD57CC,29,31.44,共同使用部份,鋼筋混凝土造,85年8月10日,九層,,
RPSNMLLLJHLGFID38CC,19,19.80,住家用,鋼筋混凝土造,96年4月20日,三層,,
RPPNMLLLJHLGFHD97CC,13,26.52,店舖、停車空間、住宅,鋼筋混凝土造,102年1月15日,四層,,
RPQNMLLLJHLGFID18CC,6,57.84,集合住宅,鋼筋混凝土構造,108年8月22日,五層,,
RPQNMLLLJHLGFID18CC,6,20.19,本共有部分之項目有管理維護使用空間、停車空間、安全梯、梯間、昇降機道、昇降機間、電信室、梯廳、昇降機機房等９項,鋼筋混凝土構造,108年8月22日,五層,,
RPRNMLLLJHLGFID28CC,18,8.04,辦公室,鋼筋混凝土造,96年9月20日,四層,,
RPVNMLLLJHLGFID68CC,2,82.72,集合住宅,鋼筋混凝土造,113年4月12日,十五層,,
RPRNMLLLJHLGFID28CC,18,5.59,共同使用部份,鋼筋混凝土造,96年9月20日,四層,,
RPVNMLLLJHLGFID68CC,2,67.80,本共有部分之項目有停車空間、管委會空間、公共服務空間、台電配電場所、電梯間、樓梯間、水箱、機械室等８項,鋼筋混凝土造,113年4月12日,十五層,,
RPRNMLLLJHLGFHD18CC,34,153.20,住家用,鋼筋混凝土造,80年9月19日,三層,,
RPPNMLLLJHLGFID08CC,18,8.04,辦公室,鋼筋混凝土造,96年9月20日,四層,,
RPUNMLLLJHLGFID58CC,2,84.38,集合住宅,鋼筋混凝土造,113年6月24日,十四層,,
RPPNMLLLJHLGFID08CC,18,5.59,共同使用部份,鋼筋混凝土造,96年9月20日,四層,,
RPUNMLLLJHLGFID58CC,2,19.35,本共有部分之項目有梯廳、管委會使用空間、停車空間等３項,鋼筋混凝土造,113年6月24日,十四層,,
RPQNMLLLJHLGFKD38CC,22,17.00,停車空間，住宅,鋼筋混凝土造,92年12月26日,四層,,
RPUNMLLLJHLGFID58CC,2,25.02,本共有部分之項目有停車空間等１項,鋼筋混凝土造,113年6月24日,十四層,,
RPSNMLLLJHLGFKD58CC,19,10.27,辦公室,鋼筋混凝土造,95年9月18日,八層,,
RPUNMLLLJHLGFID58CC,2,20.93,本共有部分之項目有機電設備空間、進風機房、梯廳兼排煙室、樓電梯間、水錶機房、消防水箱、樓梯間、電梯機房、水箱等９項,鋼筋混凝土造,113年6月24日,十四層,,
RPPNMLLLJHLGFKD28CC,22,18.00,停車空間，住宅,鋼筋混凝土造,92年12月26日,四層,,
RPSNMLLLJHLGFKD58CC,19,10.12,共同使用部份,鋼筋混凝土造,95年9月18日,八層,,
RPQNMLLLJHLGFHD08CC,10,22.80,住家用,鋼筋混凝土造,105年3月4日,四層,,
RPWNMLLLJHLGFID78CC,,61.74,集合住宅,鋼筋混凝土造,114年10月13日,十二層,,
RPWNMLLLJHLGFID78CC,,62.74,本共有部分之項目有停車空間、設備空間、管委會使用空間、無障礙廁所、資源回收專區、車道、梯廳、昇降機道、儲藏室、機電設備、安全梯、緊急昇降機道、樓梯間、機械室、水箱等共１５項,鋼筋混凝土造,114年10月13日,十二層,,
RPRNMLLLJHLGFKD48CC,31,178.40,住家用,鋼筋混凝土造,83年10月6日,十二層,,
RPRNMLLLJHLGFKD48CC,31,27.46,共同使用部份,鋼筋混凝土造,83年10月20日,十二層,,
RPTNMLLLJHLGFKD68CC,19,8.54,辦公室,鋼筋混凝土造,95年9月18日,八層,,
RPTNMLLLJHLGFKD68CC,19,8.54,共同使用部份,鋼筋混凝土造,95年9月18日,八層,,
RPXNMLLLJHLGFKD09CC,8,9.42,住家用,鋼筋混凝土構造,107年4月2日,五層,,
RPXNMLLLJHLGFKD09CC,8,4.19,本共有部分之項目有：電梯間，樓梯間及水箱等３項,鋼筋混凝土構造,107年4月2日,五層,,
RPVNMLLLJHLGFKD88CC,8,9.41,住家用,鋼筋混凝土構造,107年4月2日,五層,,
RPVNMLLLJHLGFKD88CC,8,4.19,本共有部分之項目有：電梯間，樓梯間及水箱等３項,鋼筋混凝土構造,107年4月2日,五層,,
RPWNMLLLJHLGFKD98CC,8,9.42,住家用,鋼筋混凝土構造,107年4月2日,五層,,
RPWNMLLLJHLGFKD98CC,8,4.19,本共有部分之項目有：電梯間，樓梯間及水箱等３項,鋼筋混凝土構造,107年4月2日,五層,,
RPUNMLLLJHLGFKD78CC,8,9.38,住家用,鋼筋混凝土構造,107年4月2日,五層,,
RPUNMLLLJHLGFKD78CC,8,4.17,本共有部分之項目有：電梯間，樓梯間及水箱等３項,鋼筋混凝土構造,107年4月2日,五層,,
RPPOMLLLJHLGFKD38CC,4,52.77,集合住宅,鋼筋混凝土構造,110年12月29日,二十六層,,
RPPOMLLLJHLGFKD38CC,4,47.90,本共有之項目有：防空避難室兼停車空間，廁所，防災中心，管委，門廊，停車空間，車道，資源回收區，梯間共９項,鋼筋混凝土構造,110年12月29日,二十六層,,
RPPOMLLLJHLGFKD38CC,4,15.39,本共有部分之項目有：樓梯間，水箱，機房共３項,鋼筋混凝土構造,110年12月29日,二十六層,,
RPOOMLLLJHLGFKD28CC,2,82.21,集合住宅,鋼筋混凝土造,113年1月12日,十四層,,
RPOOMLLLJHLGFKD28CC,2,71.09,本共有部分之項目有：防空避難室兼停車空間、停車空間、管委會使用空間、樓梯間、梯廳兼走廊、昇降機、機械室、水箱、機電設備空間、門廊共１０項,鋼筋混凝土造,113年1月12日,十四層,,
RPQOMLLLJHLGFKD48CC,32,86.82,住家用,鋼筋混凝土造,83年4月8日,十三層,,
RPQOMLLLJHLGFKD48CC,32,58.44,共同使用部份,鋼筋混凝土造,83年4月8日,十三層,,
RPSOMLLLJHLGFKD68CC,44,113.63,住商用,加強磚造,71年2月26日,二層,,
RPXOMLLLJHLGFKD56CC,30,57.21,住家用,鋼筋混凝土造,85年4月26日,六層,,
RPWOMLLLJHLGFKD09CC,12,14.88,住宅，停車空間,鋼筋混凝土構造,102年8月21日,四層,,
RPXOMLLLJHLGFKD56CC,30,5.28,共同使用部份,鋼筋混凝土造,85年4月26日,六層,,
RPUOMLLLJHLGFKD88CC,25,37.81,住家用,鋼筋混凝土造,90年1月10日,十一層,,
RPXOMLLLJHLGFKD56CC,30,18.59,共同使用部份,鋼筋混凝土造,85年4月26日,六層,,
RPUOMLLLJHLGFKD88CC,25,8.74,共同使用部份,鋼筋混凝土造,90年1月10日,十一層,,
RPUOMLLLJHLGFKD88CC,25,5.51,共同使用部份,鋼筋混凝土造,90年1月10日,十一層,,
RPPPMLLLJHLGFKD48CC,12,23.14,住宅，停車空間,鋼筋混凝土構造,102年8月21日,四層,,
RPVOMLLLJHLGFKD98CC,32,65.30,住家用,鋼筋混凝土造,83年4月26日,七層,,
RPVOMLLLJHLGFKD98CC,32,19.59,共同使用部份,鋼筋混凝土造,83年4月26日,七層,,
RPROMLLLJHLGFKD58CC,30,86.74,住家用,鋼筋混凝土造,85年1月29日,十六層,,
RPTPMLLLJHLGFKD88CC,39,40.00,避難室，店舖，住宅,鋼筋混凝土造,76年1月19日,四層,,
RPROMLLLJHLGFKD58CC,30,10.37,共同使用部份,鋼筋混凝土造,85年1月29日,十七層,,
RPROMLLLJHLGFKD58CC,30,4.76,共同使用部份,鋼筋混凝土造,85年1月29日,十六層,,
RPSPMLLLJHLGFKD78CC,12,14.00,住家用,鋼筋混凝土構造,103年7月15日,四層,,
RPRPMLLLJHLGFKD68CC,15,21.49,住宅，停車空間,鋼筋混凝土造,100年1月5日,四層,,
RPUPMLLLJHLGFKD98CC,4,55.47,店舖,鋼筋混凝土構造,111年5月24日,十三層,,
RPUPMLLLJHLGFKD98CC,4,31.38,本共有部分項目有：梯間，車道，門廊，門廳，污物處理區，管委會空間，公共服務空間，機械室，水箱，停車空間，防空避難室兼停車空間，管理室，管道間，廁所，陽台，梯廳等１６項,鋼筋混凝土構造,111年5月24日,十三層,,
RPOPMLLLJHLGFKD38CC,25,37.27,住家用,鋼筋混凝土造,90年1月10日,十一層,,
RPOPMLLLJHLGFKD38CC,25,8.54,共同使用部份,鋼筋混凝土造,90年1月10日,十一層,,
RPOPMLLLJHLGFKD38CC,25,5.51,共同使用部份,鋼筋混凝土造,90年1月10日,十一層,,
RPVPMLLLJHLGFKD09CC,30,48.61,住家用,鋼筋混凝土造,85年2月16日,十三層,,
RPVPMLLLJHLGFKD09CC,30,6.33,共同使用部份,,85年2月16日,十三層,,
RPVPMLLLJHLGFKD09CC,30,2.02,共同使用部份,鋼筋混凝土造,85年2月16日,十三層,,
RPOQMLLLJHLGFKD48CC,30,49.60,住家用,鋼筋混凝土造,84年10月9日,十五層,,
RPXPMLLLJHLGFKD66CC,31,22.96,住家用,鋼筋混凝土造,84年5月11日,十四層,,
RPOQMLLLJHLGFKD48CC,30,25.49,共同使用部份,鋼筋混凝土造,84年10月9日,十五層,,
RPXPMLLLJHLGFKD66CC,31,4.79,共同使用部份,鋼筋混凝土造,84年5月11日,十四層,,
RPXPMLLLJHLGFKD66CC,31,5.16,共同使用部份,鋼筋混凝土造,84年5月11日,十四層,,
RPQNMLMLJHLGFAD47CC,30,23.41,住家用,鋼筋混凝土造,84年9月12日,十八層,,
RPQNMLMLJHLGFAD47CC,30,7.68,共同使用部份,鋼筋混凝土造,84年9月12日,十八層,,
RPQNMLMLJHLGFAD47CC,30,3.75,共同使用部份,鋼筋混凝土造,84年9月12日,十八層,,
RPPNMLMLJHLGFAD37CC,31,209.47,住商用,鋼筋混凝土造,83年12月2日,三層,,
RPSNMLMLJHLGFAD67CC,63,31.05,住家用,磚造,52年1月1日,一層,,
RPRNMLMLJHLGFAD57CC,55,70.77,住家用,加強磚造,60年7月9日,二層,,
RPUNMLMLJHLGFAD87CC,32,21.45,住家用,鋼筋混凝土造,83年5月28日,九層,,
RPUNMLMLJHLGFAD87CC,32,2.91,共同使用部份,鋼筋混凝土造,83年5月28日,九層,,
RPUNMLMLJHLGFAD87CC,32,3.63,共同使用部份,鋼筋混凝土造,83年5月28日,九層,,
RPTNMLMLJHLGFAD77CC,9,60.20,集合住宅,鋼筋混凝土構造,106年1月24日,二十層,,
RPVNMLMLJHLGFAD97CC,32,46.82,住家用,鋼筋混凝土造,83年5月12日,十一層,,
RPTNMLMLJHLGFAD77CC,9,59.82,本共有部分之項目：防空避難室、停車空間、機房、樓梯間、機械房、水箱、門廳、梯間、管委會使用空間、水池、防災中心等。,鋼筋混凝土構造,106年1月24日,二十六層,,
RPVNMLMLJHLGFAD97CC,32,3.47,共同使用部份,鋼筋混凝土造,83年5月12日,十一層,,
RPVNMLMLJHLGFAD97CC,32,10.61,共同使用部份,鋼筋混凝土造,83年5月12日,十一層,,
RPXNMLMLJHLGFAD18CC,42,16.53,住家用,鋼筋混凝土造,73年6月29日,五層,,
RPROMLMLJHLGFAD67CC,32,13.32,住家用,鋼筋混凝土造,83年6月24日,四層,,
RPSOMLMLJHLGFAD77CC,32,13.87,住家用,鋼筋混凝土造,83年6月24日,四層,,
RPQOMLMLJHLGFAD57CC,31,26.18,住家用,鋼筋混凝土造,84年7月4日,十八層,,
RPQOMLMLJHLGFAD57CC,31,49.82,共同使用部份,鋼筋混凝土造,84年7月4日,十八層,,
RPPOMLMLJHLGFAD47CC,44,23.14,商業用,鋼筋混凝土造,71年2月23日,五層,,
RPOOMLMLJHLGFAD37CC,42,79.02,住家用,鋼筋混凝土造,72年11月30日,五層,,
RPPNMLMLJHLGFBD47CC,4,181.55,集合住宅,鋼筋混凝土造,110年10月6日,六層,,
RPOOMLMLJHLGFAD37CC,42,16.87,共同使用部份,鋼筋混凝土造,72年11月30日,五層,,
RPPNMLMLJHLGFBD47CC,4,124.81,本共有部分之項目有停車空間兼防空避難室、管委會空間、安全梯、資源回收區、門廊、停車空間、樓梯間、水箱、緊急發電機消防機械室、電信室、台電配電場、安全梯兼無障礙梯、梯廳、管道間、設備空間、無障礙電梯等１６項。,鋼筋混凝土造,110年10月6日,六層,,
RPPNMLMLJHLGFCD57CC,38,135.11,住商用,鋼筋混凝土造,77年1月20日,二層,,
RPRNMLMLJHLGFCD77CC,39,93.31,住家用,鋼筋混凝土造,76年3月27日,五層,,
RPRNMLMLJHLGFCD77CC,39,7.16,共同使用部份,鋼筋混凝土造,76年3月27日,五層,,
RPQNMLMLJHLGFCD67CC,32,98.54,住家用,鋼筋混凝土造,83年4月1日,十四層,,
RPQNMLMLJHLGFCD67CC,32,25.06,共同使用部份,鋼筋混凝土造,83年4月1日,十四層,,
RPPNMLMLJHLGFHD08CC,6,166.99,住家用,鋼筋混凝土造,108年10月22日,四層,,
RPPNMLMLJHLGFFD87CC,27,238.32,自用農舍,鋼鐵造,87年11月24日,一層,,
RPPNMLMLJHLGFGD97CC,31,101.85,住家用,鋼筋混凝土造,84年6月22日,十二層,,
RPPNMLMLJHLGFGD97CC,31,27.77,共同使用部份,鋼筋混凝土造,84年6月22日,十二層,,
RPSNMLMLJHLGFCD87CC,26,96.22,集合住宅,鋼筋混凝土造,88年10月21日,十三層,,
RPSNMLMLJHLGFCD87CC,26,18.95,共同使用部份,鋼筋混凝土造,88年10月21日,十三層,,
RPQNMLMLJHLGFHD18CC,26,232.21,住家用,鋼筋混凝土造,89年6月20日,三層,,
RPSNMLMLJHLGFCD87CC,26,33.67,共同使用部份,鋼筋混凝土造,88年10月21日,十三層,,
RPTNMLMLJHLGFCD97CC,35,91.08,住家用,鋼筋混凝土造,80年4月9日,七層,,
RPTNMLMLJHLGFCD97CC,35,30.96,共同使用部份,鋼筋混凝土造,80年4月9日,七層,,
RPRNMLMLJHLGFKD58CC,21,8.64,辦公室,鋼筋混凝土造,94年7月8日,六層,,
RPRNMLMLJHLGFKD58CC,21,8.09,共同使用部份,鋼筋混凝土造,94年7月8日,六層,,
RPTNMLMLJHLGFKD78CC,31,14.79,住家用,鋼筋混凝土造,84年4月17日,八層,,
RPTNMLMLJHLGFKD78CC,31,2.01,共同使用部份,鋼筋混凝土造,84年4月17日,八層,,
RPPNMLMLJHLGFID18CC,1,57.98,集合住宅,鋼筋混凝土造,114年1月24日,十四層,,
RPTNMLMLJHLGFKD78CC,31,8.34,共同使用部份,鋼筋混凝土造,84年4月17日,八層,,
RPQNMLMLJHLGFKD48CC,35,88.53,住家用,鋼筋混凝土造,79年8月10日,十層,,
RPPNMLMLJHLGFID18CC,1,43.46,本共有部分之項目有停車空間、管委會使用空間、車道、環保室、昇降機、梯廳、機電設備空間、安全梯、緊急昇降機、門廊等１０項,鋼筋混凝土造,114年1月24日,十四層,,
RPPNMLMLJHLGFID18CC,1,15.29,本共有部分之項目有昇降機、梯廳、機電設備空間、安全梯、緊急昇降機、電樓梯間、機房、機械房、水箱等９項,鋼筋混凝土造,114年1月24日,十四層,,
RPQNMLMLJHLGFKD48CC,35,3.37,共同使用部份,鋼筋混凝土造,79年8月10日,十層,,
RPQNMLMLJHLGFKD48CC,35,13.89,共同使用部份,鋼筋混凝土造,79年8月10日,,,
RPSNMLMLJHLGFKD68CC,8,9.42,住家用,鋼筋混凝土構造,107年4月2日,五層,,
RPSNMLMLJHLGFKD68CC,8,4.19,本共有部分之項目有：電梯間，樓梯間及水箱等３項,鋼筋混凝土構造,107年4月2日,五層,,
RPVNMLMLJHLGFKD98CC,32,36.92,住家用,鋼筋混凝土造,82年12月30日,九層,,
RPVNMLMLJHLGFKD98CC,32,22.21,共同使用部份,鋼筋混凝土造,82年12月30日,九層,,
RPWNMLMLJHLGFKD09CC,41,106.85,住家用,加強磚造,74年3月18日,二層,,
RPXNMLMLJHLGFKD56CC,30,83.18,住家用,鋼筋混凝土造,84年11月2日,八層,,
RPQNMLNLJHLGFAD57CC,5,55.22,集合住宅,鋼筋混凝土構造,110年5月3日,十八層,,
RPXNMLMLJHLGFKD56CC,30,28.45,共同使用部份,鋼筋混凝土造,84年11月2日,八層,,
RPRNMLNLJHLGFAD67CC,18,60.50,集合住宅,鋼筋混凝土造,96年12月27日,十九層,,
RPQNMLNLJHLGFAD57CC,5,39.44,本共有部分之項目有防災中心、停車空間、機電設備空間、防空避難室兼停車空間、台電配電場所、自來水箱、車道、門廳、儲藏室、樓梯間、梯廳、昇降梯、屋頂平台等１３項。,鋼筋混凝土構造,110年5月3日,十八層,,
RPRNMLNLJHLGFAD67CC,18,41.40,共同使用部份,鋼筋混凝土造,96年12月27日,十九層,,
RPPNMLNLJHLGFAD47CC,27,87.75,集合住宅,鋼筋混凝土造,88年1月13日,十三層,,
RPPNMLNLJHLGFAD47CC,27,42.50,共同使用部份,鋼筋混凝土造,88年1月13日,十三層,,
RPPNMLNLJHLGFAD47CC,27,10.76,共同使用部份,鋼筋混凝土造,88年1月13日,十三層,,
RPPOMLMLJHLGFKD48CC,11,39.67,住家用,鋼筋混凝土構造,104年7月3日,五層,,
RPTNMLNLJHLGFAD87CC,32,18.01,住家用,鋼筋混凝土造,83年3月1日,六層,,
RPTNMLNLJHLGFAD87CC,32,5.84,共同使用部份,鋼筋混凝土造,83年3月1日,六層,,
RPTNMLNLJHLGFAD87CC,32,2.26,共同使用部份,鋼筋混凝土造,83年3月1日,六層,,
RPUNMLNLJHLGFAD97CC,9,75.58,集合住宅,鋼筋混凝土構造,106年1月24日,二十層,,
RPUNMLNLJHLGFAD97CC,9,36.64,本共有部分之項目：防空避難室、停車空間、機房、樓梯間、機械房、水箱、門廳、梯間、管委會使用空間、水池、防災中心等。,鋼筋混凝土構造,106年1月24日,二十六層,,
RPXNMLNLJHLGFAD28CC,40,75.52,住商用,鋼筋混凝土造,74年8月22日,四層,,
RPPOMLNLJHLGFAD57CC,52,79.43,住家用,加強磚造,63年7月5日,二層,,
RPVNMLNLJHLGFAD08CC,53,118.70,,加強磚造,62年6月2日,二層,,
RPWNMLNLJHLGFAD18CC,47,79.89,住商用,鋼筋混凝土造,67年10月26日,十二層,,
RPWNMLNLJHLGFAD18CC,47,12.23,共同使用部份,鋼筋混凝土造,67年10月26日,十二層,,
RPOOMLNLJHLGFAD47CC,34,42.39,住家用,鋼筋混凝土造,80年12月13日,五層,,
RPOOMLNLJHLGFAD47CC,34,13.77,共同使用部份,鋼筋混凝土造,80年12月13日,五層,,
RPQOMLNLJHLGFAD67CC,34,16.85,住家用,鋼筋混凝土造,80年7月29日,七層,,
RPQOMLNLJHLGFAD67CC,34,1.97,共同使用部份,鋼筋混凝土造,80年7月29日,七層,,
RPSOMLNLJHLGFAD87CC,36,146.32,住家用,加強磚造,79年2月15日,二層,,
RPQOMLNLJHLGFAD67CC,34,3.60,共同使用部份,鋼筋混凝土造,80年7月29日,七層,,
RPQOMLNLJHLGFAD67CC,34,1.28,共同使用部份,鋼筋混凝土造,80年7月29日,七層,,
RPROMLNLJHLGFAD77CC,1,49.93,集合住宅,鋼骨鋼筋混凝土造、鋼筋混凝土造,114年4月15日,三十四層,,
RPTOMLNLJHLGFAD97CC,34,48.84,住家用,鋼筋混凝土造,81年1月30日,七層,,
RPROMLNLJHLGFAD77CC,1,26.67,本共有部分之項目有管委會使用空間、門廳、機電設備空間、防災中心、儲藏室、樓梯間、消防水箱、防空避難室兼停車空間、車道、停車空間、自來水箱、梯廳、陽台、電信機房等１４項。,鋼骨鋼筋混凝土造、鋼筋混凝土造,114年4月15日,三十四層,,
RPTOMLNLJHLGFAD97CC,34,10.51,共同使用部份,鋼筋混凝土造,81年1月30日,七層,,
RPWOMLNLJHLGFAD28CC,45,34.34,住家用,鋼筋混凝土造,69年12月3日,十層,,
RPWOMLNLJHLGFAD28CC,45,8.10,共同使用部份,鋼筋混凝土造,69年12月3日,十層,,
RPQPMLNLJHLGFAD77CC,28,93.57,住家用,鋼筋混凝土造,87年1月5日,二十六層,,
RPXOMLNLJHLGFAD38CC,53,77.62,住家用,加強磚造,61年9月15日,二層,,
RPQPMLNLJHLGFAD77CC,28,6.22,共同使用部份,鋼筋混凝土造,87年1月5日,二十六層,,
RPUOMLNLJHLGFAD08CC,29,80.13,住家用,鋼筋混凝土造,85年9月7日,十七層,,
RPQPMLNLJHLGFAD77CC,28,18.74,共同使用部份,鋼筋混凝土造,87年1月5日,二十六層,,
RPOPMLNLJHLGFAD57CC,21,375.90,住家用,ＲＣ造,93年8月30日,五層,,
RPUOMLNLJHLGFAD08CC,29,25.29,共同使用部份,鋼筋混凝土造,85年9月7日,十七層,,
RPQNMLNLJHLGFBD67CC,24,16.53,住宅．法定停車空間,鋼筋混凝土造,91年5月6日,四層,,
RPPPMLNLJHLGFAD67CC,45,84.46,住家用,加強磚造,70年4月28日,二層,,
RPRNMLNLJHLGFBD77CC,42,87.36,住家用,加強磚造,73年2月18日,二層,,
RPPNMLNLJHLGFCD67CC,30,65.26,住家用,鋼筋混凝土造,84年11月6日,二十層,,
RPPNMLNLJHLGFCD67CC,30,13.65,共同使用部份,鋼筋混凝土造,84年11月6日,二十層,,
RPPNMLNLJHLGFCD67CC,30,35.43,共同使用部份,鋼筋混凝土造,84年11月6日,二十層,,
RPPOMLNLJHLGFCD77CC,36,18.86,住家用,鋼筋混凝土造,78年11月24日,五層,,
RPPOMLNLJHLGFCD77CC,36,10.03,共同使用部份,鋼筋混凝土造,78年11月24日,五層,,
RPTOMLNLJHLGFCD18CC,47,88.10,住家用,加強磚造,68年1月11日,二層,,
RPRNMLNLJHLGFCD87CC,34,65.12,住家用,鋼筋混凝土造,80年10月4日,六層,,
RPRNMLNLJHLGFCD87CC,34,11.47,共同使用部份,鋼筋混凝土造,80年10月4日,六層,,
RPRNMLNLJHLGFCD87CC,34,9.76,共同使用部份,鋼筋混凝土造,80年10月4日,六層,,
RPQNMLNLJHLGFGD18CC,31,28.16,住家用,鋼筋混凝土造,84年6月22日,十二層,,
RPPNMLNLJHLGFGD08CC,31,53.10,住家用,鋼筋混凝土造,84年6月22日,十二層,,
RPPNMLNLJHLGFGD08CC,31,17.13,共同使用部份,鋼筋混凝土造,84年6月22日,十二層,,
RPQNMLNLJHLGFGD18CC,31,7.98,共同使用部份,鋼筋混凝土造,84年6月22日,十二層,,
RPRNMLNLJHLGFGD28CC,2,91.40,集合住宅,鋼筋混凝土造,113年2月2日,五層,,
RPRNMLNLJHLGFGD28CC,2,43.07,本共有部分之項目有停車空間、樓梯間、電梯間、電信室、垃圾集中處理室、資源回收處、管理委員會使用空間等７項,鋼筋混凝土造,113年2月2日,五層,,
RPQNMLNLJHLGFHD28CC,20,16.53,店舖，住宅，梯廳，車庫，梯間，機械室,鋼筋混凝土造,94年12月20日,四層,,
RPSNMLNLJHLGFHD48CC,1,77.40,集合住宅,鋼筋混凝土造,113年11月27日,八層,,
RPSNMLNLJHLGFHD48CC,1,36.57,本共有部分之項目有停車空間、台電配電室、發電機房、電信室、消防機房、水箱、污水機房、樓梯間、管委會使用空間、管理維護空間、垃圾室、車道、梯廳、水錶室及機械室等１５項,鋼筋混凝土造,113年11月27日,八層,,
RPPNMLNLJHLGFID28CC,18,8.04,辦公室,鋼筋混凝土造,96年9月20日,四層,,
RPPNMLNLJHLGFHD18CC,20,16.53,店舖，住宅，梯廳，車庫，梯間，機械室,鋼筋混凝土造,94年12月20日,四層,,
RPPNMLNLJHLGFID28CC,18,1.01,共同使用部份,鋼筋混凝土造,96年9月20日,四層,,
RPPNMLNLJHLGFID28CC,18,5.10,共同使用部份,鋼筋混凝土造,96年9月20日,四層,,
RPQNMLNLJHLGFID38CC,47,101.17,住家用,加強磚造,68年7月11日,二層,,
RPRNMLNLJHLGFHD38CC,2,63.28,集合住宅,鋼筋混凝土造,112年10月27日,六層,,
RPRNMLNLJHLGFHD38CC,2,39.31,本共有部分之項目有：安全梯、昇降機、機電設備、梯廳、停車空間、管理維護空間、樓梯間等７項。,鋼筋混凝土造,112年10月27日,六層,,
RPSNMLNLJHLGFKD78CC,46,15.00,住商用,鋼筋混凝土造,69年3月22日,三層,,
RPPNMLNLJHLGFKD48CC,20,12.24,辦公室,鋼筋混凝土造,94年7月8日,六層,,
RPPNMLNLJHLGFKD48CC,20,10.97,共同使用部份,鋼筋混凝土造,94年7月8日,六層,,
RPRNMLNLJHLGFID48CC,2,75.04,集合住宅,鋼筋混凝土造,112年9月15日,五層,,
RPQNMLNLJHLGFKD58CC,21,8.52,辦公室,鋼筋混凝土造,94年7月8日,六層,,
RPRNMLNLJHLGFID48CC,2,25.66,本共有部分之項目有管委空間管理室、停車空間、樓梯間、電信室、機械室等５項,鋼筋混凝土造,112年9月15日,五層,,
RPQNMLNLJHLGFKD58CC,21,8.09,共同使用部份,鋼筋混凝土造,94年7月8日,六層,,
RPRNMLNLJHLGFKD68CC,32,19.55,住家用,鋼筋混凝土造,83年4月13日,七層,,
RPUNMLNLJHLGFKD98CC,46,27.00,住商用,鋼筋混凝土造,69年3月22日,三層,,
RPRNMLNLJHLGFKD68CC,32,6.60,共同使用部份,鋼筋混凝土造,83年4月13日,七層,,
RPTNMLNLJHLGFKD88CC,46,27.00,住商用,鋼筋混凝土造,69年3月22日,三層,,
RPVNMLNLJHLGFKD09CC,31,69.26,住家用,鋼筋混凝土造,83年11月8日,十七層,,
RPVNMLNLJHLGFKD09CC,31,10.20,共同使用部份,鋼筋混凝土造,83年11月8日,十七層,,
RPVNMLNLJHLGFKD09CC,31,13.59,共同使用部份,鋼筋混凝土造,83年11月8日,十七層,,
RPWNMLNLJHLGFKD56CC,34,65.69,住家用,鋼筋混凝土造,81年6月23日,六層,,
RPWNMLNLJHLGFKD56CC,34,26.71,共同使用部份,鋼筋混凝土造,81年6月23日,六層,,
RPPOMLNLJHLGFKD58CC,30,58.86,住家用,鋼筋混凝土造,84年11月2日,八層,,
RPPNMLOLJHLGFAD57CC,34,18.39,住家用,鋼筋混凝土造,80年7月29日,七層,,
RPPOMLNLJHLGFKD58CC,30,24.66,共同使用部份,鋼筋混凝土造,84年11月2日,八層,,
RPPNMLOLJHLGFAD57CC,34,2.86,共同使用部份,鋼筋混凝土造,80年7月29日,七層,,
RPPNMLOLJHLGFAD57CC,34,3.90,共同使用部份,鋼筋混凝土造,80年7月29日,七層,,
RPPNMLOLJHLGFAD57CC,34,1.66,共同使用部份,鋼筋混凝土造,80年7月29日,七層,,
RPRNMLOLJHLGFCD97CC,3,80.43,集合住宅,鋼筋混凝土構造,111年11月7日,十五層,,
RPRNMLOLJHLGFCD97CC,3,70.15,本共有部分之項目有：防空避難室兼停車空間、停車空間、樓梯間、門廳、昇降機間、機械室、水箱、公共服務空間、門廊、走廊、梯間共１１項,鋼筋混凝土構造,111年11月7日,十五層,,
RPOOMLNLJHLGFKD48CC,18,125.98,住家用,鋼筋混凝土造,96年9月20日,十四層,,
RPOOMLNLJHLGFKD48CC,18,78.18,共同使用部份,鋼筋混凝土造,96年9月20日,十四層,,
RPPNMLOLJHLGFHD28CC,9,58.06,集合住宅,鋼筋混凝土造,106年1月11日,八層,,
RPRNMLOLJHLGFAD77CC,29,92.80,住家用,鋼筋混凝土造,85年9月7日,十七層,,
RPPNMLOLJHLGFHD28CC,9,5.80,停車空間兼防空避難室,鋼筋混凝土造,106年1月11日,八層,,
RPRNMLOLJHLGFAD77CC,29,59.02,共同使用部份,鋼筋混凝土造,85年9月7日,十七層,,
RPQNMLOLJHLGFHD38CC,2,71.02,集合住宅,鋼筋混凝土造,113年7月18日,十五層,,
RPPNMLOLJHLGFHD28CC,9,20.09,公共服務空間、水箱、機械室、樓梯間、資源回收及垃圾處理、汽車車道、安全梯、梯廳、走道,鋼筋混凝土造,106年1月11日,八層,,
RPQNMLOLJHLGFHD38CC,2,36.22,本共有部分之項目有停車空間、雨水貯留利用及汙水機房、消防機械室、發電機室、排煙室、樓梯間、一般昇降機、緊急昇降機、安全梯、無障礙樓梯、水箱、台電配電室、電信室、管委會使用空間、梯廳、門廊、管道間、水表室、電梯機房等１９項,鋼筋混凝土造,113年7月18日,十五層,,
RPPNMLPLJHLGFAD67CC,31,66.69,住家用,鋼筋混凝土造,84年6月30日,六層,,
RPPNMLPLJHLGFAD67CC,31,24.91,共同使用部份,鋼筋混凝土造,84年6月30日,六層,,
RPQNMLPLJHLGFAD77CC,44,18.79,住家用,鋼筋混凝土造,71年2月23日,七層,,
RPPNMLPLJHLGFAD67CC,31,4.98,共同使用部份,鋼筋混凝土造,84年6月30日,六層,,
RPQNMLPLJHLGFAD77CC,44,6.28,共同使用部份,鋼筋混凝土造,71年2月23日,七層,,
RPQNMLPLJHLGFAD77CC,44,.00,共同使用部份,鋼筋混凝土造,71年2月23日,七層,,
RPPNMLPLJHLGFCD87CC,36,19.53,住家用,鋼筋混凝土造,79年5月7日,五層,,
RPPNMLPLJHLGFCD87CC,36,7.91,共同使用部份,鋼筋混凝土造,79年5月7日,五層,,
RPPNMLPLJHLGFBD77CC,27,65.75,住家用,鋼筋混凝土造,87年8月14日,十二層,,
RPPNMLPLJHLGFBD77CC,27,16.25,共同使用部份,鋼筋混凝土造,87年8月14日,十二層,,
RPPNMLPLJHLGFBD77CC,27,15.16,法定停車空間,鋼筋混凝土造,87年8月14日,十二層,,
RPRNMLPLJHLGFAD87CC,36,18.94,商業用,鋼筋混凝土造,79年2月26日,七層,,
RPRNMLPLJHLGFAD87CC,36,5.13,共同使用部份,鋼筋混凝土造,79年2月26日,七層,,
RPQNMLPLJHLGFCD97CC,33,54.83,住家用,鋼筋混凝土造,81年10月12日,六層,,
RPSNMLPLJHLGFCD18CC,18,26.49,住家用,鋼筋混凝土造,97年2月29日,十四層,,
RPQNMLPLJHLGFCD97CC,33,21.74,共同使用部份,鋼筋混凝土造,81年10月12日,六層,,
RPSNMLPLJHLGFCD18CC,18,6.54,共同使用部份,鋼筋混凝土造,97年2月29日,十四層,,
RPSNMLPLJHLGFCD18CC,18,7.83,共同使用部份,鋼筋混凝土造,97年2月29日,十四層,,
RPUNMLPLJHLGFCD38CC,1,57.36,集合住宅,鋼筋混凝土造,114年1月24日,十五層,,
RPXNMLPLJHLGFCD68CC,38,124.30,住家用,鋼筋混凝土造,76年12月14日,二層,,
RPUNMLPLJHLGFCD38CC,1,52.60,本共有部分之項目有：防空避難室兼停車空間、停車空間、車道、一般昇降機、梯廳、機電設備空間、排煙機房、樓梯間等共８項。,鋼筋混凝土造,114年1月24日,十五層,,
RPVNMLPLJHLGFCD48CC,40,99.49,住家用,鋼筋混凝土造,75年1月13日,五層,,
RPVNMLPLJHLGFCD48CC,40,16.35,共同使用部份,鋼筋混凝土造,75年1月13日,五層,,
RPOOMLPLJHLGFCD87CC,30,82.78,住家用,鋼筋混凝土造,84年11月15日,二十三層,,
RPOOMLPLJHLGFCD87CC,30,2.57,共同使用部份,鋼筋混凝土造,84年11月15日,二十三層,,
RPOOMLPLJHLGFCD87CC,30,21.05,共同使用部份,鋼筋混凝土造,84年11月15日,二十三層,,
RPPNMLPLJHLGFHD38CC,1,164.99,集合住宅、停車空間,鋼筋混凝土造,114年4月15日,三層,,
RPPNMLPLJHLGFDD97CC,35,32.44,住家用,鋼筋混凝土造,80年5月30日,五層,,
RPPNMLPLJHLGFDD97CC,35,9.03,共同使用部份,鋼筋混凝土造,80年5月30日,五層,,
RPQNMLPLJHLGFHD48CC,9,62.68,集合住宅,鋼筋混凝土造,106年5月5日,七層,,
RPQNMLPLJHLGFHD48CC,9,16.47,集合住宅，停車空間，管委會空間,鋼筋混凝土造,106年5月5日,七層,,
RPQNMLPLJHLGFHD48CC,9,10.42,樓梯間，機房，水箱,鋼筋混凝土造,106年5月5日,七層,,
RPPNMLPLJHLGFID48CC,33,77.90,住家用,鋼筋混凝土造,82年6月2日,十三層,,
RPPNMLPLJHLGFID48CC,33,21.59,共同使用部份,鋼筋混凝土造,82年6月2日,十三層,,
RPPNMLPLJHLGFID48CC,33,12.11,共同使用部份,鋼筋混凝土造,82年6月2日,十三層,,
RPSNMLQLJHLGFAD08CC,31,28.45,住家用,鋼筋混凝土造,84年7月4日,十八層,,
RPSNMLQLJHLGFAD08CC,31,12.89,共同使用部份,鋼筋混凝土造,84年7月4日,十八層,,
RPQNMLQLJHLGFAD87CC,29,62.69,住家用,鋼筋混凝土造,86年1月27日,二十層,,
RPQNMLPLJHLGFKD78CC,32,44.66,住家用,鋼筋混凝土造,83年1月13日,六層,,
RPQNMLPLJHLGFKD78CC,32,25.39,共同使用部份,鋼筋混凝土造,83年1月13日,六層,,
RPQNMLQLJHLGFAD87CC,29,12.98,共同使用部份,鋼筋混凝土造,86年1月27日,二十層,,
RPQNMLQLJHLGFAD87CC,29,9.79,共同使用部份,鋼筋混凝土造,86年1月27日,二十層,,
RPQNMLQLJHLGFAD87CC,29,5.65,共同使用部份,鋼筋混凝土造,86年1月27日,二十層,,
RPRNMLQLJHLGFAD97CC,31,16.02,住家用,鋼筋混凝土造,83年12月16日,十三層,,
RPRNMLQLJHLGFAD97CC,31,5.58,共同使用部份,鋼筋混凝土造,83年12月16日,十三層,,
RPRNMLPLJHLGFKD88CC,31,24.78,住家用,鋼筋混凝土造,84年5月22日,七層,,
RPTNMLQLJHLGFAD18CC,1,51.07,集合住宅,鋼骨鋼筋混凝土造、鋼筋混凝土造,114年4月15日,三十四層,,
RPRNMLPLJHLGFKD88CC,31,5.41,共同使用部份,鋼筋混凝土造,84年5月22日,七層,,
RPTNMLQLJHLGFAD18CC,1,55.42,本共有部分之項目有管委會使用空間、門廳、機電設備空間、防災中心、儲藏室、樓梯間、消防水箱、防空避難室兼停車空間、車道、停車空間、自來水箱、梯廳、陽台、電信機房等１４項。,鋼骨鋼筋混凝土造、鋼筋混凝土造,114年4月15日,三十四層,,
RPRNMLPLJHLGFKD88CC,31,3.43,共同使用部份,鋼筋混凝土造,84年5月22日,七層,,
RPOOMLQLJHLGFAD77CC,34,39.50,住家用,鋼筋混凝土造,80年12月28日,五層,,
RPUNMLQLJHLGFAD28CC,29,29.40,辦公室,鋼筋混凝土造,85年8月21日,十三層,,
RPOOMLQLJHLGFAD77CC,34,4.86,共同使用部份,鋼筋混凝土造,80年12月28日,五層,,
RPUNMLQLJHLGFAD28CC,29,6.79,共同使用部份,鋼筋混凝土造,85年8月21日,十三層,,
RPUNMLQLJHLGFAD28CC,29,4.90,共同使用部份,鋼筋混凝土造,85年8月21日,十三層,,
RPQOMLQLJHLGFAD97CC,41,37.51,住家用,鋼筋混凝土造,73年12月28日,十四層,,
RPROMLQLJHLGFAD08CC,1,62.68,集合住宅,鋼筋混凝土造,114年3月7日,十層,,
RPQOMLQLJHLGFAD97CC,41,15.19,共同使用部份,鋼筋混凝土造,73年12月28日,十四層,,
RPROMLQLJHLGFAD08CC,1,46.22,本共有部分之項目有防空避難室兼停車空間、停車空間、管理維護使用空間、梯間、水塔等五項。,鋼筋混凝土造,114年3月7日,十層,,
RPXNMLQLJHLGFAD58CC,4,59.30,店舖、住宅,鋼筋混凝土構造,111年5月13日,四層,,
RPPNMLQLJHLGFBD87CC,4,60.04,集合住宅,鋼筋混凝土造,111年6月1日,五層,,
RPPNMLQLJHLGFBD87CC,4,20.13,本共有部分之項目有：停車空間、梯廳、昇降機、門廊、管理委員會使用空間、電信室、安全梯、樓梯間共８項,鋼筋混凝土造,111年6月1日,五層,,
RPPOMLQLJHLGFAD87CC,2,47.88,集合住宅,鋼筋混凝土造,112年11月8日,二十二層,,
RPWNMLKLJHLGFID68CC,2,44.97,集合住宅,鋼筋混凝土造,112年8月8日,十五層,,
RPPOMLQLJHLGFAD87CC,2,44.50,本共有部分之項目有防空避難室兼停車空間、停車空間、管委會使用空間、梯間、門廳兼梯廳、樓梯間、機械室、水箱、門廊、車道、排煙室、管道間等１２項,鋼筋混凝土造,112年11月8日,二十二層,,
RPWNMLKLJHLGFID68CC,2,36.73,本共有部分之項目有停車空間、管委會使用空間、梯間、車道、前廊、陽台、樓梯間、機械室、水箱等９項,鋼筋混凝土造,112年8月8日,十五層,,
RPVNMLQLJHLGFAD38CC,22,97.02,集合住宅,鋼筋混凝土造,93年5月21日,十一層,,
RPVNMLQLJHLGFAD38CC,22,48.26,共同使用部份,鋼筋混凝土造,93年5月21日,十一層,,
RPPNMLQLJHLGFCD97CC,44,101.14,廠房,鋼骨造,71年5月28日,一層,,
RPWNMLQLJHLGFAD48CC,32,18.76,住家用,鋼筋混凝土造,83年3月1日,六層,,
RPWNMLQLJHLGFAD48CC,32,6.48,共同使用部份,鋼筋混凝土造,83年3月1日,六層,,
RPWNMLQLJHLGFAD48CC,32,5.19,共同使用部份,鋼筋混凝土造,83年3月1日,六層,,
RPQNMLQLJHLGFCD08CC,37,10.73,住家用,鋼筋混凝土造,78年4月25日,七層,,
RPQNMLQLJHLGFCD08CC,37,7.22,共同使用部份,鋼筋混凝土造,78年4月25日,七層,,
RPSNMLQLJHLGFBD18CC,1,87.29,集合住宅,鋼筋混凝土造,113年9月30日,十二層,,
RPSNMLQLJHLGFBD18CC,1,74.93,本共有部分之項目有：防空避難室兼停車空間、樓電梯間、電錶室、台電配電室、發電機房、電信室、垃圾分類室、垃圾冷藏室、垃圾車位、水箱、機房、消防機房、雨水景觀機房、汙水機房、門廊、交誼廳、管委會使用空間、宅配室、多功能才藝教室、健身房、機械室、梯間、停車空間等２３項。,鋼筋混凝土造,113年9月30日,十二層,,
RPRNMLQLJHLGFBD08CC,1,55.50,集合住宅,鋼筋混凝土造,113年9月30日,十二層,,
RPRNMLQLJHLGFBD08CC,1,58.57,本共有部分之項目有：防空避難室兼停車空間、樓電梯間、電錶室、台電配電室、發電機房、電信室、垃圾分類室、垃圾冷藏室、垃圾車位、水箱、機房、消防機房、雨水景觀機房、汙水機房、門廊、交誼廳、管委會使用空間、宅配室、多功能才藝教室、健身房、機械室、梯間、停車空間等２３項。,鋼筋混凝土造,113年9月30日,十二層,,
RPPNMLQLJHLGFGD38CC,30,158.86,住家用,鋼筋混凝土造,84年11月15日,三層,,
RPPNMLQLJHLGFDD08CC,28,120.87,住家用,鋼筋混凝土造,86年7月21日,十九層,,
RPPNMLQLJHLGFDD08CC,28,35.83,共同使用部份,鋼筋混凝土造,86年7月21日,十九層,,
RPQNMLQLJHLGFHD58CC,29,420.36,補習班，住宅,鋼筋混凝土造,85年12月4日,四層,,
RPTNMLQLJHLGFHD88CC,18,114.55,住家用,鋼筋混凝土造,96年9月27日,十二層,,
RPTNMLQLJHLGFHD88CC,18,15.66,水箱，樓梯間，機械室,鋼筋混凝土造,96年9月27日,十二層,,
RPTNMLQLJHLGFHD88CC,18,44.25,防空避難室兼停車空間、管理室、門廊,鋼筋混凝土造,96年9月27日,一層,,
RPOOMLQLJHLGFCD97CC,32,67.60,住家用,鋼筋混凝土造,83年7月7日,七層,,
RPOOMLQLJHLGFCD97CC,32,27.97,共同使用部份,鋼筋混凝土造,83年7月7日,七層,,
RPSNMLQLJHLGFCD28CC,18,32.48,住家用,鋼筋混凝土造,97年2月29日,14,,
RPSNMLQLJHLGFCD28CC,18,35.86,共同使用部份,鋼筋混凝土造,97年2月29日,十四層,,
RPSNMLQLJHLGFCD28CC,18,9.60,共同使用部份,鋼筋混凝土造,97年2月29日,十四層,,
RPVNMLQLJHLGFCD58CC,42,84.71,住家用,鋼筋混凝土造,72年11月18日,五層,,
RPXNMLQLJHLGFCD78CC,35,20.43,住家用,鋼筋混凝土造,80年5月23日,五層,,
RPUNMLQLJHLGFCD48CC,40,103.25,住家用,鋼筋混凝土造,74年7月29日,二層,,
RPVNMLQLJHLGFCD58CC,42,10.46,共同使用部份,鋼筋混凝土造,72年11月18日,七層,,
RPXNMLQLJHLGFCD78CC,35,5.13,共同使用部份,鋼筋混凝土造,80年5月23日,五層,,
RPPOMLQLJHLGFCD08CC,40,65.36,住家用,鋼筋混凝土造,75年2月6日,五層,,
RPPOMLQLJHLGFCD08CC,40,10.59,共同使用部份,鋼筋混凝土造,75年2月6日,五層,,
RPPNMLQLJHLGFID58CC,5,54.62,集合住宅,鋼筋混凝土構造,110年3月15日,二十四層,,
RPQOMLQLJHLGFCD18CC,2,81.16,集合住宅,鋼筋混凝土造,113年1月23日,十五層,,
RPPNMLQLJHLGFID58CC,5,28.15,本共有部分之項目有管委會使用空間、停車空間、機電設備空間、防空避難室兼停車空間、台電配電場所、自來水箱、車道、門廳、儲藏室、機房、樓梯間、消防水箱等１２項,鋼筋混凝土構造,110年3月15日,二十四層,,
RPQOMLQLJHLGFCD18CC,2,66.29,共有部分包括有：車道、管委會空間、公共服務空間、門廊、梯間、梯廳、排煙室、機械室、水箱、防空避難室兼停車空間、停車空間等１１項。,鋼筋混凝土造,113年1月23日,十五層,,
RPSNMLQLJHLGFID88CC,1,80.77,集合住宅,鋼筋混凝土造,113年9月5日,六層,,
RPRNMLQLJHLGFCD18CC,30,23.22,住家用,鋼筋混凝土造,84年11月6日,二十層,,
RPSNMLQLJHLGFID88CC,1,33.96,本共有部分之項目有停車空間、消防機械室、電信室、電梯升降道、安全梯、梯廳、廁所、管理使用空間、樓梯間等９項,鋼筋混凝土造,113年9月5日,六層,,
RPRNMLQLJHLGFCD18CC,30,4.89,共同使用部份,鋼筋混凝土造,84年11月6日,二十層,,
RPRNMLQLJHLGFCD18CC,30,6.22,共同使用部份,鋼筋混凝土造,84年11月6日,二十層,,
RPUNMLQLJHLGFID09CC,2,80.42,集合住宅,鋼筋混凝土造,112年12月8日,十五層,,
RPPNMLQLJHLGFKD78CC,8,9.42,住家用,鋼筋混凝土構造,107年4月2日,五層,,
RPUNMLQLJHLGFID09CC,2,66.24,本共有部分之項目有停車空間、管委會空間、公共服務空間、梯間、樓電梯間、樓梯間、水箱、機械室等８項,鋼筋混凝土造,112年12月8日,十五層,,
RPPNMLQLJHLGFKD78CC,8,4.19,本共有部分之項目有：電梯間，樓梯間及水箱等３項,鋼筋混凝土構造,107年4月2日,五層,,
RPQNMLQLJHLGFKD88CC,31,17.43,住家用,鋼筋混凝土造,83年7月22日,七層,,
RPQNMLQLJHLGFKD88CC,31,7.55,共同使用部份,鋼筋混凝土造,83年7月22日,七層,,
RPUNMLQLJHLGFKD66CC,27,41.31,住家用,鋼筋混凝土造,88年3月17日,十一層,,
RPUNMLQLJHLGFKD66CC,27,17.23,共同使用部份,鋼筋混凝土造,88年3月17日,十一層,,
RPUNMLQLJHLGFKD66CC,27,7.07,共同使用部份,鋼筋混凝土造,88年3月17日,十一層,,
RPVNMLQLJHLGFKD76CC,30,91.59,集合住宅,鋼筋混凝土造,84年10月9日,十五層,,
RPVNMLQLJHLGFKD76CC,30,35.39,共同使用部份,鋼筋混凝土造,84年10月9日,十五層,,
RPRNMLQLJHLGFKD98CC,19,27.66,住家用,鋼筋混凝土造,96年1月19日,四層,,
RPSNMLQLJHLGFKD09CC,19,32.09,住家用,鋼筋混凝土造,96年1月19日,四層,,
RPOOMLQLJHLGFKD78CC,17,25.56,住商用,鋼筋混凝土造,97年10月30日,四層,,
RPWOMLQLJHLGFKD96CC,21,23.85,住商用,鋼筋混凝土造,94年5月27日,四層,,
RPSOMLQLJHLGFKD56CC,58,24.99,旅社。,加強磚造,57年1月13日,三層,,
RPXNMLQLJHLGFKD96CC,17,22.95,住家用,鋼筋混凝土造,97年10月30日,四層,,
RPPOMLQLJHLGFKD88CC,22,204.52,門廊，停車空間，住宅,鋼筋混凝土造,92年12月17日,四層,,
RPRNMLQLJHLGFHD68CC,12,22.77,店舖，集合住宅，停車空間,鋼筋混凝土造,102年9月17日,五層,,
RPVOMLQLJHLGFKD86CC,1,51.21,集合住宅,鋼筋混凝土造,114年6月5日,十八層,,
RPVOMLQLJHLGFKD86CC,1,47.35,本共有部分之項目有：停車空間，防空避難室兼停車空間，公共服務空間，門廊，頂蓋型開放空間，升降機，梯廳，機電設備空間，管委會使用空間，防災中心，車道，緊急升降梯，電樓梯間，機房，水箱等１５項,鋼筋混凝土造,114年6月5日,十八層,,
RPRNMLQLJHLGFID78CC,22,14.88,住家用,鋼筋混凝土造,92年9月10日,十層,,
RPTOMLQLJHLGFKD66CC,36,30.01,住家用,鋼筋混凝土造,79年6月19日,六層,,
RPTOMLQLJHLGFKD66CC,36,11.98,共同使用部份,鋼筋混凝土造,79年6月19日,六層,,
RPTOMLQLJHLGFKD66CC,36,3.68,共同使用部份,鋼筋混凝土造,79年6月19日,六層,,
RPPNMLRLJHLGFAD87CC,30,18.64,住家用,鋼筋混凝土造,84年11月21日,十二層,,
RPROMLQLJHLGFKD09CC,13,25.45,住家用,鋼筋混凝土造,102年2月5日,四層,,
RPPNMLRLJHLGFAD87CC,30,6.81,共同使用部份,鋼筋混凝土造,84年11月21日,十二層,,
RPRNMLRLJHLGFAD08CC,31,15.80,住家用,鋼筋混凝土造,83年12月16日,十三層,,
RPRNMLRLJHLGFAD08CC,31,5.58,共同使用部份,鋼筋混凝土造,83年12月16日,十三層,,
RPSNMLRLJHLGFAD18CC,28,23.63,集合住宅,鋼筋混凝土造,87年7月6日,五層,,
RPQNMLRLJHLGFAD97CC,33,17.22,商業用,鋼筋混凝土造,82年3月27日,六層,,
RPSNMLRLJHLGFAD18CC,28,8.67,共同使用部份,鋼筋混凝土造,87年7月6日,五層,,
RPQNMLRLJHLGFAD97CC,33,7.70,共同使用部份,鋼筋混凝土造,82年3月27日,六層,,
RPTNMLRLJHLGFAD28CC,21,33.06,店舖、住宅,鋼筋混凝土造,93年11月8日,五層,,
RPUNMLRLJHLGFAD38CC,1,51.07,集合住宅,鋼骨鋼筋混凝土造、鋼筋混凝土造,114年4月15日,三十四層,,
RPUNMLRLJHLGFAD38CC,1,55.42,本共有部分之項目有管委會使用空間、門廳、機電設備空間、防災中心、儲藏室、樓梯間、消防水箱、防空避難室兼停車空間、車道、停車空間、自來水箱、梯廳、陽台、電信機房等１４項。,鋼骨鋼筋混凝土造、鋼筋混凝土造,114年4月15日,三十四層,,
RPWNMLRLJHLGFAD58CC,22,97.36,集合住宅,鋼筋混凝土造,92年9月16日,十四層,,
RPWNMLRLJHLGFAD58CC,22,33.38,管理室等,鋼筋混凝土造,92年9月16日,十四層,,
RPWNMLRLJHLGFAD58CC,22,18.16,公共設施,鋼筋混凝土造,92年9月16日,十四層,,
RPOOMLRLJHLGFAD87CC,35,56.48,住商用,鋼筋混凝土造,79年11月8日,四層,,
RPPOMLRLJHLGFAD97CC,18,167.37,集合住宅,鋼筋混凝土造,96年9月21日,十九層,,
RPXNMLRLJHLGFAD68CC,40,95.84,住家用,鋼筋混凝土造,75年7月10日,五層,,
RPPOMLRLJHLGFAD97CC,18,84.08,共同使用部份,鋼筋混凝土造,96年9月21日,十九層,,
RPXNMLRLJHLGFAD68CC,40,17.71,共同使用部份,鋼筋混凝土造,75年7月10日,五層,,
RPPOMLRLJHLGFAD97CC,18,25.54,共同使用部份,鋼筋混凝土造,96年9月21日,十九層,,
RPUOMLRLJHLGFAD48CC,31,59.25,住家用,鋼筋混凝土造,83年10月15日,十三層,,
RPQOMLRLJHLGFAD08CC,35,128.34,住商用,鋼筋混凝土造,79年11月8日,四層,,
RPSOMLRLJHLGFAD28CC,27,67.65,住家用,鋼筋混凝土造,87年9月5日,九層,,
RPPNMLRLJHLGFBD97CC,45,18.88,住家用,加強磚造,69年9月13日,二層,,
RPSOMLRLJHLGFAD28CC,27,20.14,共同使用部份,鋼筋混凝土造,87年9月5日,九層,,
RPUOMLRLJHLGFAD48CC,31,1.59,共同使用部份,鋼筋混凝土造,83年10月15日,十三層,,
RPUOMLRLJHLGFAD48CC,31,21.38,共同使用部份,鋼筋混凝土造,83年10月15日,十三層,,
RPROMLRLJHLGFAD18CC,67,93.80,住商用,磚造,48年1月1日,四層,,
RPWOMLRLJHLGFAD68CC,57,165.48,店舖、住宅,加強磚造,58年2月19日,三層,,
RPXOMLRLJHLGFAD78CC,34,26.45,住商用,鋼筋混凝土造,81年7月16日,五層,,
RPVOMLRLJHLGFAD58CC,42,42.32,住商用,鋼筋混凝土造,72年11月8日,四層,,
RPPNMLRLJHLGFCD08CC,35,27.93,住家用,鋼筋混凝土造,80年1月11日,二十二層,,
RPPNMLRLJHLGFCD08CC,35,7.07,共同使用部份,鋼筋混凝土造,80年1月11日,二十二層,,
RPPNMLRLJHLGFCD08CC,35,1.35,共同使用部份,鋼筋混凝土造,80年1月11日,二十二層,,
RPSNMLRLJHLGFCD38CC,7,26.60,集合住宅,鋼筋混凝土構造,108年1月30日,五層,,
RPSNMLRLJHLGFCD38CC,7,11.10,本共有部分之項目有：管理員室、機電、外廊、停車空間、樓梯間。,鋼筋混凝土構造,108年1月30日,五層,,
RPQNMLRLJHLGFCD18CC,31,112.38,住家用,鋼筋混凝土造,83年8月25日,十五層,,
RPQNMLRLJHLGFCD18CC,31,6.12,共同使用部份,鋼筋混凝土造,83年8月25日,十五層,,
RPQNMLRLJHLGFCD18CC,31,8.29,共同使用部份,鋼筋混凝土造,83年8月25日,十五層,,
RPQNMLRLJHLGFCD18CC,31,17.95,共同使用部份,鋼筋混凝土造,83年8月25日,十五層,,
RPVNMLRLJHLGFCD68CC,30,31.00,住家用,鋼筋混凝土造,84年11月6日,二十層,,
RPVNMLRLJHLGFCD68CC,30,6.56,共同使用部份,鋼筋混凝土造,84年11月6日,二十層,,
RPVNMLRLJHLGFCD68CC,30,25.37,共同使用部份,鋼筋混凝土造,84年11月6日,二十層,,
RPTNMLRLJHLGFCD48CC,35,42.09,住家用,鋼筋混凝土造,79年12月26日,六層,,
RPTNMLRLJHLGFCD48CC,35,14.07,共同使用部份,鋼筋混凝土造,79年12月26日,六層,,
RPUNMLRLJHLGFCD58CC,30,51.28,住家用,鋼筋混凝土造,84年11月6日,二十層,,
RPUNMLRLJHLGFCD58CC,30,10.85,共同使用部份,鋼筋混凝土造,84年11月6日,二十層,,
RPUNMLRLJHLGFCD58CC,30,12.93,共同使用部份,鋼筋混凝土造,84年11月6日,二十層,,
RPWNMLRLJHLGFCD78CC,36,19.52,住家用,鋼筋混凝土造,79年5月7日,五層,,
RPWNMLRLJHLGFCD78CC,36,8.17,共同使用部份,鋼筋混凝土造,79年5月7日,五層,,
RPXNMLRLJHLGFCD88CC,33,26.25,住商用,鋼筋混凝土造,82年5月24日,五層,,
RPOOMLRLJHLGFCD08CC,36,16.09,住家用,鋼筋混凝土造,78年12月20日,五層,,
RPOOMLRLJHLGFCD08CC,36,6.54,共同使用部份,鋼筋混凝土造,78年12月20日,五層,,
RPPNMLRLJHLGFDD18CC,37,25.65,住商用,鋼筋混凝土造,78年3月20日,四層,,
RPPOMLRLJHLGFCD18CC,66,81.19,住家用,磚造,49年1月1日,二層,,
RPQNMLRLJHLGFHD68CC,2,86.46,集合住宅,鋼骨鋼筋混凝土造,112年9月27日,二十六層,,
RPQNMLRLJHLGFHD68CC,2,83.97,本共有部分之項目有停車空間、樓梯間、機械室、水箱、儲藏室、陽台、公共空間、管委會使用空間等８項,鋼骨鋼筋混凝土造,112年9月27日,二十六層,,
RPQOMLRLJHLGFCD28CC,44,55.58,住家用,鋼筋混凝土造,70年12月22日,五層,,
RPQOMLRLJHLGFCD28CC,44,10.01,共同使用部份,鋼筋混凝土造,70年12月22日,五層,,
RPPNMLRLJHLGFHD58CC,17,26.45,住商用,鋼筋混凝土造,97年12月16日,四層,,
RPWNMLRLJHLGFHD66CC,3,45.11,店鋪,鋼骨構造,111年10月11日,一層,,
RPWNMLRLJHLGFHD66CC,3,37.82,店鋪,鋼骨構造,111年10月11日,一層,,
RPQNMLRLJHLGFID78CC,31,73.79,住家用,鋼筋混凝土造,84年3月24日,六層,,
RPQNMLRLJHLGFID78CC,31,21.04,共同使用部份,鋼筋混凝土造,84年3月24日,六層,,
RPRNMLRLJHLGFDD38CC,45,80.00,住商用,加強磚造,70年2月24日,二層,,
RPSNMLRLJHLGFID98CC,5,58.16,集合住宅,鋼筋混凝土構造,110年3月15日,二十四層,,
RPSNMLRLJHLGFID98CC,5,52.91,本共有部分之項目有管委會使用空間、停車空間、機電設備空間、防空避難室兼停車空間、台電配電場所、自來水箱、車道、門廳、儲藏室、機房、樓梯間、消防水箱等１２項,鋼筋混凝土構造,110年3月15日,二十四層,,
RPUNMLRLJHLGFHD09CC,,68.49,集合住宅,鋼筋混凝土造,114年8月22日,十二層,,
RPUNMLRLJHLGFHD09CC,,67.36,本共有部分之項目有停車空間、公共空間、樓梯間、排煙室、水箱、機械室等６項,鋼筋混凝土造,114年8月22日,十二層,,
RPQNMLRLJHLGFID78CC,31,9.70,共同使用部份,鋼筋混凝土造,84年3月24日,六層,,
RPRNMLRLJHLGFID88CC,4,73.32,集合住宅,鋼筋混凝土構造,111年4月7日,八層,,
RPRNMLRLJHLGFID88CC,4,75.84,本共有部分之項目有防空避難室兼停車空間、梯廳、一般昇降機道、安全梯、機電設備空間、停車空間、樓梯間、守衛室、儲藏室、無障礙廁所、電梯間、水箱等１２項,鋼筋混凝土構造,111年4月7日,八層,,
RPRNMLRLJHLGFHD78CC,12,19.44,住家用,鋼筋混凝土造,102年11月11日,四層,,
RPPNMLRLJHLGFKD88CC,17,24.34,住商用,鋼筋混凝土造,97年10月30日,四層,,
RPRNMLRLJHLGFKD09CC,33,45.06,住家用,鋼筋混凝土造,81年11月18日,六層,,
RPRNMLRLJHLGFKD09CC,33,19.74,共同使用部份,鋼筋混凝土造,81年11月18日,六層,,
RPWNMLRLJHLGFKD96CC,29,57.24,住家用,鋼筋混凝土造,86年5月23日,八層,,
RPWNMLRLJHLGFKD96CC,29,19.88,共同使用部份,鋼筋混凝土造,86年5月23日,八層,,
RPSNMLRLJHLGFKD56CC,25,57.20,住家用,鋼筋混凝土造,90年1月10日,十一層,,
RPSNMLRLJHLGFKD56CC,25,41.03,共同使用部份,鋼筋混凝土造,90年1月10日,十一層,,
RPVNMLRLJHLGFKD86CC,26,93.51,住家用,鋼筋混凝土造,88年8月24日,十四層,,
RPSNMLRLJHLGFKD56CC,25,8.40,共同使用部份,鋼筋混凝土造,90年1月10日,十一層,,
RPVNMLRLJHLGFKD86CC,26,2.37,共同使用部份,鋼筋混凝土造,88年8月24日,十四層,,
RPVNMLRLJHLGFKD86CC,26,17.46,共同使用部份,鋼筋混凝土造,88年8月24日,十四層,,
RPVNMLRLJHLGFKD86CC,26,18.77,共同使用部份,鋼筋混凝土造,88年8月24日,十四層,,
RPROMLRLJHLGFCD38CC,40,93.95,住家用,鋼筋混凝土造,75年6月12日,三層,,
RPUNMLRLJHLGFKD76CC,46,21.00,住商用,鋼筋混凝土造,69年3月22日,三層,,
RPROMLRLJHLGFCD38CC,40,54.38,共同使用部份,鋼筋混凝土造,75年6月12日,三層,,
RPXNMLRLJHLGFKD07CC,32,58.89,住家用,鋼筋混凝土造,82年8月17日,七層,,
RPXNMLRLJHLGFKD07CC,32,27.23,共同使用部份,鋼筋混凝土造,82年8月17日,七層,,
RPPOMLRLJHLGFKD98CC,19,105.69,住家用,鋼筋混凝土造,95年12月15日,十二層,,
RPPOMLRLJHLGFKD98CC,19,59.50,共同使用部份,鋼筋混凝土造,95年12月15日,十四層,,
RPQNMLSLJHLGFAD08CC,50,21.30,住家用,加強磚造,64年8月16日,二層,,
RPPNMLSLJHLGFAD97CC,1,52.19,集合住宅,鋼骨鋼筋混凝土造、鋼筋混凝土造,114年4月15日,三十四層,,
RPPNMLSLJHLGFAD97CC,1,40.42,本共有部分之項目有管委會使用空間、門廳、機電設備空間、防災中心、儲藏室、樓梯間、消防水箱、防空避難室兼停車空間、車道、停車空間、自來水箱、梯廳、陽台、電信機房等１４項。,鋼骨鋼筋混凝土造、鋼筋混凝土造,114年4月15日,三十四層,,
RPPNMLRLJHLGFHD68DC,1,61.81,集合住宅,鋼筋混凝土造,113年8月29日,六層,,
RPPNMLRLJHLGFHD68DC,1,26.60,本共有部分之項目有安全梯間、梯廳、機電空間、停車空間、昇降機道、升降機、安全梯、樓梯間、機械室、管委空間等１０項,鋼筋混凝土造,113年8月29日,六層,,
RPRNMLSLJHLGFAD18CC,30,54.75,住家用,鋼筋混凝土造,84年7月29日,十七層,,
RPRNMLSLJHLGFAD18CC,30,14.48,共同使用部份,鋼筋混凝土造,84年7月29日,十七層,,
RPTNMLSLJHLGFAD38CC,5,55.29,集合住宅,鋼筋混凝土構造,110年5月3日,十八層,,
RPROMLRLJHLGFKD56CC,31,84.84,住家用,鋼筋混凝土造,84年5月20日,十一層,,
RPTNMLSLJHLGFAD38CC,5,39.44,本共有部分之項目有防災中心、停車空間、機電設備空間、防空避難室兼停車空間、台電配電場所、自來水箱、車道、門廳、儲藏室、樓梯間、梯廳、昇降梯、屋頂平台等１３項。,鋼筋混凝土構造,110年5月3日,十八層,,
RPROMLRLJHLGFKD56CC,31,31.91,共同使用部份,鋼筋混凝土造,84年5月20日,十一層,,
RPXNMLSLJHLGFAD78CC,48,44.39,住商用,鋼筋混凝土造,67年1月28日,四層,,
RPSNMLSLJHLGFAD28CC,31,27.27,住家用,鋼筋混凝土造,84年7月4日,十八層,,
RPSNMLSLJHLGFAD28CC,31,35.22,共同使用部份,鋼筋混凝土造,84年7月4日,十八層,,
RPWNMLSLJHLGFAD68CC,50,21.30,住家用,加強磚造,64年8月16日,二層,,
RPVNMLSLJHLGFAD58CC,1,71.56,集合住宅,鋼骨鋼筋混凝土造、鋼筋混凝土造,114年4月15日,三十四層,,
RPVNMLSLJHLGFAD58CC,1,66.25,本共有部分之項目有管委會使用空間、門廳、機電設備空間、防災中心、儲藏室、樓梯間、消防水箱、防空避難室兼停車空間、車道、停車空間、自來水箱、梯廳、陽台、電信機房等１４項。,鋼骨鋼筋混凝土造、鋼筋混凝土造,114年4月15日,三十四層,,
RPUNMLSLJHLGFAD48CC,19,59.29,店舖、住宅、停車空間,ＲＣ造,95年11月17日,五層,,
RPPNMLSLJHLGFBD08CC,4,52.97,集合住宅,鋼筋混凝土造,110年12月30日,十五層,,
RPPNMLSLJHLGFBD08CC,4,37.67,本共有部份之項目有：防空避難室兼停車空間、清水池、停車空間、管委會空間、機車停車空間、安全梯、梯廳、管道間、昇降機、汽車車道、公共服務空間、發電機室、消防機房、台電配電場所、電信室、電錶室、廁所、排煙室、機車車道、資源回收室共２０項,鋼筋混凝土造,110年12月30日,十五層,,
RPPNMLSLJHLGFBD08CC,4,12.85,本共有部份之項目有：樓梯間、水錶室、機房、水箱共４項,鋼筋混凝土造,110年12月30日,十五層,,
RPWNMLSLJHLGFBD78CC,44,92.51,集合住宅,鋼筋混凝土造,70年9月7日,四層,,
RPWNMLSLJHLGFBD78CC,44,3.61,共同使用部份,鋼筋混凝土造,70年9月7日,四層,,
RPWNMLSLJHLGFBD78CC,44,7.81,共同使用部份,鋼筋混凝土造,70年9月7日,四層,,
RPQNMLSLJHLGFBD18CC,30,177.95,住家用,鋼筋混凝土造,84年9月1日,三層,,
RPXNMLSLJHLGFBD88CC,1,73.03,集合住宅,鋼筋混凝土造,114年3月3日,十三層,,
RPXNMLSLJHLGFBD88CC,1,66.65,本共有部分之項目有門廊、車道、陽台、停車空間、管委會使用空間、昇降機、升降機及排煙室、安全梯、梯廳、樓梯間、機電管道、樓梯間及水箱、安全梯及管委會使用空間等１３項,鋼筋混凝土造,114年3月3日,十三層,,
RPRNMLSLJHLGFBD28CC,31,229.65,店住、停車空間,鋼筋混凝土造,84年3月10日,三層,,
RPSNMLSLJHLGFCD48CC,1,30.21,集合住宅,鋼筋混凝土造,114年1月24日,十五層,,
RPQNMLSLJHLGFCD28CC,33,72.05,住家用,鋼筋混凝土造,81年12月10日,八層,,
RPSNMLSLJHLGFCD48CC,1,15.33,本共有部分之項目有：防空避難室兼停車空間、停車空間、車道、一般昇降機、梯廳、機電設備空間、排煙機房、樓梯間等共８項。,鋼筋混凝土造,114年1月24日,十五層,,
RPQNMLSLJHLGFCD28CC,33,21.88,共同使用部份,鋼筋混凝土造,81年12月10日,八層,,
RPTNMLSLJHLGFBD48CC,45,37.75,住家用,加強磚造,69年9月13日,二層,,
RPPNMLSLJHLGFCD18CC,31,69.65,住家用,鋼筋混凝土造,83年9月9日,七層,,
RPUNMLSLJHLGFBD58CC,11,69.92,集合住宅,鋼筋混凝土造,103年11月5日,七層,,
RPPNMLSLJHLGFCD18CC,31,8.08,共同使用部份,鋼筋混凝土造,83年9月9日,七層,,
RPRNMLSLJHLGFCD38CC,1,26.61,集合住宅,鋼筋混凝土造,114年1月24日,十五層,,
RPPNMLSLJHLGFCD18CC,31,13.01,共同使用部份,鋼筋混凝土造,83年9月9日,七層,,
RPUNMLSLJHLGFBD58CC,11,48.20,本共有部分之項目有防空避難室兼停車空間、車道、門廊、停車空間、梯廳、樓梯間、管理維護空間、電信室、機械室、水塔等十項,鋼筋混凝土造,103年11月5日,七層,,
RPRNMLSLJHLGFCD38CC,1,15.33,本共有部分之項目有：防空避難室兼停車空間、停車空間、車道、一般昇降機、梯廳、機電設備空間、排煙機房、樓梯間等共８項。,鋼筋混凝土造,114年1月24日,十五層,,
RPVNMLSLJHLGFCD78CC,54,13.22,住家用,加強磚造,61年6月12日,二層,,
RPPNMLSLJHLGFDD28CC,33,28.89,住家用,鋼筋混凝土造,82年4月1日,四層,,
RPPNMLSLJHLGFDD28CC,33,10.59,共同使用部份,鋼筋混凝土造,82年4月14日,四層,,
RPTNMLSLJHLGFCD58CC,16,83.64,住家用,鋼筋混凝土造,99年5月7日,十四層,,
RPTNMLSLJHLGFCD58CC,16,34.81,本共有部分之項目有地下一、二、三層全部、有頂蓋式開放空間、門廊、一至十四層梯間、屋突等。,鋼筋混凝土造,99年5月7日,十四層,,
RPRNMLSLJHLGFHD88CC,28,107.79,住家用,鋼筋混凝土造,86年8月25日,八層,,
RPTNMLSLJHLGFHD09CC,49,39.66,住商用,加強磚造,66年3月1日,三層,,
RPRNMLSLJHLGFHD88CC,28,33.55,停車空間，消防機房，配電室，避難室，發電機房,鋼筋混凝土造,86年8月25日,八層,,
RPRNMLSLJHLGFHD88CC,28,13.45,水塔樓梯間機械房,鋼筋混凝土造,86年8月25日,八層,,
RPPNMLSLJHLGFHD68CC,49,88.61,住商用,加強磚造,65年11月3日,二層,,
RPUNMLSLJHLGFHD56CC,49,39.66,住商用,加強磚造,66年3月1日,四層,,
RPUNMLSLJHLGFCD68CC,51,47.42,住商用,加強磚造,63年8月26日,三層,,
RPSNMLSLJHLGFHD98CC,30,16.53,住家用,鋼筋混凝土造,85年1月3日,四層,,
RPRNMLSLJHLGFID98CC,1,68.83,集合住宅,鋼筋混凝土造,114年1月24日,十四層,,
RPWNMLSLJHLGFHD76CC,30,19.00,住商用,鋼筋混凝土造,85年6月21日,四層,,
RPRNMLSLJHLGFID98CC,1,18.79,本共有部分之項目有停車空間、管委會使用空間、車道、環保室、昇降機、梯廳、機電設備空間、安全梯、緊急昇降機、門廊等１０項,鋼筋混凝土造,114年1月24日,十四層,,
RPRNMLSLJHLGFID98CC,1,18.15,本共有部分之項目有昇降機、梯廳、機電設備空間、安全梯、緊急昇降機、電樓梯間、機房、機械房、水箱等９項,鋼筋混凝土造,114年1月24日,十四層,,
RPSNMLSLJHLGFID09CC,22,14.88,住家用,鋼筋混凝土造,92年9月10日,十層,,
RPTNMLSLJHLGFID56CC,22,14.88,住家用,鋼筋混凝土造,92年9月10日,十層,,
RPXNMLSLJHLGFHD86CC,30,21.00,住商用,鋼筋混凝土造,85年6月21日,四層,,
RPQNMLSLJHLGFID88CC,22,18.18,住家用,鋼筋混凝土造,92年9月10日,十層,,
RPVNMLSLJHLGFID76CC,44,118.40,住商用,加強磚造,70年12月30日,二層,,
RPWNMLSLJHLGFID86CC,52,49.35,住家用,磚造,62年12月1日,一層,,
RPUNMLSLJHLGFID66CC,22,14.88,住家用,鋼筋混凝土造,92年9月10日,十層,,
RPTNMLSLJHLGFKD76CC,26,23.31,住家用,鋼筋混凝土造,88年8月24日,十四層,,
RPPNMLSLJHLGFKD98CC,21,11.57,住家用,ＳＲＣ造,94年3月3日,二層,,
RPTNMLSLJHLGFKD76CC,26,.57,共同使用部份,鋼筋混凝土造,88年8月24日,十四層,,
RPXNMLSLJHLGFID96CC,23,16.52,住家用,鋼骨造,91年8月8日,四層,,
RPVNMLSLJHLGFHD66CC,6,59.77,集合住宅,鋼筋混凝土造,109年1月14日,十二層,,
RPVNMLSLJHLGFHD66CC,6,51.28,停車空間、門廳、管理空間、機械室、蓄水池,鋼筋混凝土造,109年1月14日,十二層,,
RPTNMLSLJHLGFKD76CC,26,10.89,共同使用部份,鋼筋混凝土造,88年8月24日,十四層,,
RPQNMLSLJHLGFKD09CC,30,52.80,住家用,鋼筋混凝土造,85年5月22日,十六層,,
RPTNMLSLJHLGFKD76CC,26,6.24,共同使用部份,鋼筋混凝土造,88年8月24日,十四層,,
RPQNMLSLJHLGFKD09CC,30,24.33,共同使用部份,鋼筋混凝土造,85年5月22日,十六層,,
RPSNMLSLJHLGFKD66CC,2,50.98,集合住宅,鋼筋混凝土造,113年1月12日,十四層,,
RPSNMLSLJHLGFKD66CC,2,54.02,本共有部分之項目有：防空避難室兼停車空間、停車空間、管委會使用空間、樓梯間、梯廳兼走廊、昇降機、機械室、水箱、機電設備空間、門廊共１０項,鋼筋混凝土造,113年1月12日,十四層,,
RPRNMLSLJHLGFKD56CC,35,109.91,辦公室。,鋼骨造,79年12月5日,二十四層,,
RPRNMLSLJHLGFKD56CC,35,4.22,共同使用部份,鋼造,79年12月5日,二十四層,,
RPRNMLSLJHLGFKD56CC,35,7.84,共同使用部份,鋼造,79年12月5日,二十四層,,
RPPNMLSLJHLGFID88DC,38,199.66,住商用,鐵造,77年6月30日,一層,,
RPRNMLSLJHLGFKD56CC,35,6.97,共同使用部份,鋼造,79年12月5日,二十四層,,
RPRNMLSLJHLGFKD56CC,35,20.31,共同使用部份,鋼造,79年12月5日,二十四層,,
RPPNMLTLJHLGFAD08CC,52,85.01,住商用,加強磚造,62年12月2日,三層,,
RPPNMLSLJHLGFKD09DC,9,51.96,店舖，住宅,鋼筋混凝土構造,105年8月29日,十五層,,
RPVNMLSLJHLGFKD96CC,35,156.20,住家用,鋼筋混凝土造,80年6月20日,三層,,
RPSNMLTLJHLGFAD38CC,42,26.44,住家用,鋼筋混凝土造,72年12月29日,五層,,
RPTOMLTLJHLGFAD58CC,32,13.87,住家用,鋼筋混凝土造,83年6月24日,四層,,
RPUNMLTLJHLGFAD58CC,51,100.99,住家用,鋼筋混凝土造,64年6月8日,四層,,
RPUOMLTLJHLGFAD68CC,9,24.79,住宅、停車空間,鋼筋混凝土構造,106年3月8日,五層,,
RPQOMLTLJHLGFAD28CC,33,158.60,住商用,鋼筋混凝土造,82年7月3日,六層,,
RPQOMLTLJHLGFAD28CC,33,34.65,共同使用部份,鋼筋混凝土造,82年7月3日,六層,,
RPSOMLTLJHLGFAD48CC,9,24.79,住宅、停車空間,鋼筋混凝土構造,106年3月8日,五層,,
RPQNMLTLJHLGFAD18CC,1,51.39,集合住宅,鋼骨鋼筋混凝土造、鋼筋混凝土造,114年4月15日,三十四層,,
RPQNMLTLJHLGFAD18CC,1,52.92,本共有部分之項目有管委會使用空間、門廳、機電設備空間、防災中心、儲藏室、樓梯間、消防水箱、防空避難室兼停車空間、車道、停車空間、自來水箱、梯廳、陽台、電信機房等１４項。,鋼骨鋼筋混凝土造、鋼筋混凝土造,114年4月15日,三十四層,,
RPOOMLTLJHLGFAD08CC,41,26.13,住家用,鋼筋混凝土造,74年5月15日,五層,,
RPOOMLTLJHLGFAD08CC,41,7.55,共同使用部份,鋼筋混凝土造,74年5月15日,五層,,
RPWOMLTLJHLGFAD88CC,9,66.79,集合住宅,鋼筋混凝土構造,105年11月8日,十三層,,
RPXNMLTLJHLGFAD88CC,12,76.29,集合住宅,鋼筋混凝土構造,102年12月25日,十四層,,
RPWOMLTLJHLGFAD88CC,9,30.63,本共有部分之項目有：防空避難室兼停車空間、停車空間、門廊、樓梯間、梯廳、管理維護空間、機械室、水塔等８項。,鋼筋混凝土構造,105年11月8日,十三層,,
RPXNMLTLJHLGFAD88CC,12,20.45,本共有部分之項目有門廳、守衛室、停車空間、防空避難室、管理維護空間。,鋼筋混凝土構造,102年11月25日,十四層,,
RPXNMLTLJHLGFAD88CC,12,17.29,本共有部分之項目有電樓梯間、電梯機房、水箱。,鋼筋混凝土構造,102年11月25日,十四層,,
RPROMLTLJHLGFAD38CC,9,24.79,住宅、停車空間,鋼筋混凝土構造,106年3月8日,五層,,
RPTNMLTLJHLGFAD48CC,22,97.36,集合住宅,鋼筋混凝土造,92年9月16日,十四層,,
RPTNMLTLJHLGFAD48CC,22,33.38,管理室等,鋼筋混凝土造,92年9月16日,十四層,,
RPPOMLTLJHLGFAD18CC,28,26.02,集合住宅,鋼筋混凝土造,87年2月19日,二十一層,,
RPTNMLTLJHLGFAD48CC,22,18.16,公共設施,鋼筋混凝土造,92年9月16日,十四層,,
RPPOMLTLJHLGFAD18CC,28,10.01,共同使用部份,鋼筋混凝土造,87年2月19日,二十一層,,
RPVOMLTLJHLGFAD78CC,44,41.14,住家用,鋼筋混凝土造,70年10月27日,五層,,
RPVOMLTLJHLGFAD78CC,,14.44,共同使用部份,鋼筋混凝土造,,五層,,
RPVNMLTLJHLGFAD68CC,43,31.94,住家用,鋼筋混凝土造,72年5月2日,五層,,
RPVNMLTLJHLGFAD68CC,43,13.80,共同使用部份,鋼筋混凝土造,72年5月2日,五層,,
RPRNMLTLJHLGFAD28CC,33,19.72,住家用,鋼筋混凝土造,81年12月9日,八層,,
RPRNMLTLJHLGFAD28CC,33,2.67,共同使用部份,鋼筋混凝土造,81年12月9日,八層,,
RPRNMLTLJHLGFAD28CC,33,2.72,共同使用部份,鋼筋混凝土造,81年12月9日,八層,,
RPRNMLTLJHLGFAD28CC,33,1.65,共同使用部份,鋼筋混凝土造,81年12月9日,八層,,
RPPNMLTLJHLGFBD18CC,31,95.70,住家用,鋼筋混凝土造,83年11月15日,十一層,,
RPPNMLTLJHLGFBD18CC,31,39.04,共同使用部份,鋼筋混凝土造,83年11月15日,十一層,,
RPTNMLTLJHLGFBD58CC,3,57.57,集合住宅,鋼筋混凝土造,112年1月10日,十三層,,
RPXOMLTLJHLGFAD98CC,32,19.83,住商用,鋼筋混凝土造,83年4月6日,四層,,
RPTNMLTLJHLGFBD58CC,3,31.52,本共有部分之項目有防空避難室兼停車空間、停車空間、水箱、消防機房、進氣管道、排煙室、一般昇降梯、緊急昇降梯、機電管道、安全梯、緊急發電機室、電信室、台電配電場所、資源回收區、管委會空間、梯廳、門廊、戶外安全梯、機房、車道等２０項。,鋼筋混凝土造,112年1月10日,十三層,,
RPOPMLTLJHLGFAD18CC,48,27.63,住家用,鋼筋混凝土造,66年12月2日,七層,,
RPOPMLTLJHLGFAD18CC,48,6.15,共同使用部份,鋼筋混凝土造,66年12月2日,七層,,
RPSNMLTLJHLGFCD58CC,30,102.96,住商用,鋼筋混凝土造,84年9月7日,二層,,
RPQPMLTLJHLGFAD38CC,31,28.45,住家用,鋼筋混凝土造,84年7月4日,十八層,,
RPQPMLTLJHLGFAD38CC,31,12.89,共同使用部份,鋼筋混凝土造,84年7月4日,十八層,,
RPPOMLTLJHLGFCD38CC,36,16.14,住家用,鋼筋混凝土造,78年12月20日,五層,,
RPPOMLTLJHLGFCD38CC,36,5.98,共同使用部份,鋼筋混凝土造,78年12月20日,五層,,
RPTOMLTLJHLGFCD78CC,33,40.49,住家用,鋼筋混凝土造,81年12月22日,九層,,
RPTOMLTLJHLGFCD78CC,33,5.75,共同使用部份,鋼筋混凝土造,81年12月22日,九層,,
RPRNMLTLJHLGFCD48CC,33,73.26,住家用,鋼筋混凝土造,82年7月19日,六層,,
RPOOMLTLJHLGFCD28CC,45,82.00,住家用,鋼筋混凝土造,69年7月26日,五層,,
RPRNMLTLJHLGFCD48CC,33,28.09,共同使用部份,鋼筋混凝土造,82年7月19日,六層,,
RPOOMLTLJHLGFCD28CC,45,12.60,共同使用部份,鋼筋混凝土造,69年7月26日,五層,,
RPSNMLTLJHLGFBD48CC,1,51.21,集合住宅,鋼筋混凝土造,114年4月2日,十四層,,
RPSNMLTLJHLGFBD48CC,1,11.29,共同使用部份,鋼筋混凝土造,114年4月2日,十四層,,
RPSNMLTLJHLGFBD48CC,1,42.05,共同使用部份,鋼筋混凝土造,114年4月2日,十四層,,
RPUNMLTLJHLGFCD78CC,44,85.27,集合住宅,鋼筋混凝土造,71年6月14日,五層,,
RPQOMLTLJHLGFCD48CC,44,65.01,住家用,鋼筋混凝土造,70年10月13日,四層,,
RPUNMLTLJHLGFCD78CC,44,6.52,共同使用部份,鋼筋混凝土造,71年6月14日,五層,,
RPQOMLTLJHLGFCD48CC,44,24.40,共同使用部份,鋼筋混凝土造,70年10月13日,四層,,
RPXNMLTLJHLGFCD09CC,31,24.04,住家用,鋼筋混凝土造,83年9月1日,八層,,
RPXNMLTLJHLGFCD09CC,31,3.18,共同使用部份,鋼筋混凝土造,83年9月1日,八層,,
RPXNMLTLJHLGFCD09CC,31,5.98,共同使用部份,鋼筋混凝土造,83年9月1日,八層,,
RPVNMLTLJHLGFCD88CC,43,86.12,集合住宅,鋼筋混凝土造,71年11月29日,五層,,
RPVNMLTLJHLGFCD88CC,43,6.30,共同使用部份,鋼筋混凝土造,71年11月29日,五層,,
RPROMLTLJHLGFCD58CC,36,15.56,住家用,鋼筋混凝土造,78年12月20日,五層,,
RPROMLTLJHLGFCD58CC,36,6.18,共同使用部份,鋼筋混凝土造,78年12月20日,五層,,
RPUOMLTLJHLGFCD88CC,31,27.20,住家用,鋼筋混凝土造,84年4月10日,六層,,
RPUOMLTLJHLGFCD88CC,31,3.70,共同使用部份,鋼筋混凝土造,84年4月10日,六層,,
RPUOMLTLJHLGFCD88CC,31,3.13,共同使用部份,鋼筋混凝土造,84年4月10日,六層,,
RPSOMLTLJHLGFCD68CC,32,57.68,住家用,鋼筋混凝土造,82年8月9日,十五層,,
RPSOMLTLJHLGFCD68CC,32,4.12,共同使用部份,鋼筋混凝土造,82年8月9日,十五層,,
RPSOMLTLJHLGFCD68CC,32,13.26,共同使用部份,鋼筋混凝土造,82年8月9日,十五層,,
RPQNMLTLJHLGFDD48CC,27,86.29,住家用,鋼筋混凝土造,87年8月28日,十三層,,
RPQNMLTLJHLGFDD48CC,27,54.18,共同使用部份,鋼筋混凝土造,87年8月28日,十三層,,
RPTNMLTLJHLGFFD98CC,20,192.54,住家用,鋼筋混凝土造,95年6月13日,四層,,
RPRNMLTLJHLGFDD58CC,26,77.76,住家用,鋼筋混凝土造,88年11月9日,六層,,
RPRNMLTLJHLGFDD58CC,26,29.60,共同使用部份,鋼筋混凝土造,88年11月9日,六層,,
RPSNMLTLJHLGFFD88CC,1,62.34,集合住宅,鋼筋混凝土造,113年9月10日,五層,,
RPSNMLTLJHLGFFD88CC,1,36.99,本案共有部分項目有停車空間、升降機、安全梯（乙梯）、安全梯（甲梯）、梯廳、管委會、資源回收區（管委會）、電信室、梯間、電梯間、機械室、水箱等１２項。,鋼筋混凝土造,113年9月10日,五層,,
RPPNMLTLJHLGFHD78CC,20,164.16,住家用,鋼筋混凝土造,95年3月24日,四層,,
RPPNMLTLJHLGFFD58CC,2,58.88,集合住宅,鋼筋混凝土造,113年6月24日,六層,,
RPPNMLTLJHLGFFD58CC,2,30.90,本共有部分之項目有：停車空間、管理維護空間、電信室、無障礙安全梯、樓梯間、梯廳、升降機、水箱、消防機械室共９項。,鋼筋混凝土造,113年6月24日,六層,,
RPQNMLTLJHLGFHD88CC,2,67.02,集合住宅,鋼筋混凝土造,112年12月26日,七層,,
RPQNMLTLJHLGFHD88CC,2,20.78,共有部份：樓梯間、機電設備空間、台電配電場所、安全梯、昇降梯、梯廳、門廊、停車空間、機械室、水箱等１０項。,鋼筋混凝土造,112年12月26日,七層,,
RPSNMLTLJHLGFDD68CC,33,22.02,住家用,鋼筋混凝土造,82年4月1日,四層,,
RPSNMLTLJHLGFDD68CC,33,9.85,共同使用部份,鋼筋混凝土造,82年4月14日,四層,,
RPRNMLTLJHLGFHD98CC,1,75.33,集合住宅,鋼筋混凝土造,114年7月15日,七層,,
RPRNMLTLJHLGFHD98CC,1,24.74,本共有部分之項目有停車空間、樓梯間及水箱等３項,鋼筋混凝土造,114年7月15日,七層,,
RPVNMLTLJHLGFID86CC,5,58.17,集合住宅,鋼筋混凝土構造,110年3月15日,二十四層,,
RPVNMLTLJHLGFID86CC,5,47.29,本共有部分之項目有管委會使用空間、停車空間、機電設備空間、防空避難室兼停車空間、台電配電場所、自來水箱、車道、門廳、儲藏室、機房、樓梯間、消防水箱等１２項,鋼筋混凝土構造,110年3月15日,二十四層,,
RPRNMLTLJHLGFID09CC,5,57.84,集合住宅,鋼筋混凝土構造,110年3月15日,二十四層,,
RPXNMLTLJHLGFID07CC,5,78.51,集合住宅,鋼筋混凝土構造,110年7月9日,六層,,
RPRNMLTLJHLGFID09CC,5,46.72,本共有部分之項目有管委會使用空間、停車空間、機電設備空間、防空避難室兼停車空間、台電配電場所、自來水箱、車道、門廳、儲藏室、機房、樓梯間、消防水箱等１２項,鋼筋混凝土構造,110年3月15日,二十四層,,
RPXNMLTLJHLGFID07CC,5,43.87,本共有部分之項目有停車空間、管委使用空間、安全梯、走廊、梯廳、設備空間、一般昇降機道等７項,鋼筋混凝土構造,110年7月9日,六層,,
RPSNMLTLJHLGFHD09CC,2,59.57,集合住宅,鋼筋混凝土造,112年7月24日,七層,,
RPSNMLTLJHLGFHD09CC,2,19.10,本共有部分之項目有機電空間、管委會使用空間、門廊、樓梯間、停車空間及水箱等６項。,鋼筋混凝土造,112年7月24日,七層,,
RPTNMLTLJHLGFID66CC,2,77.59,集合住宅,鋼筋混凝土造,112年8月8日,十五層,,
RPTNMLTLJHLGFID66CC,2,42.41,本共有部分之項目有停車空間、管委會使用空間、梯間、車道、前廊、陽台、樓梯間、機械室、水箱等９項,鋼筋混凝土造,112年8月8日,十五層,,
RPOOMLTLJHLGFID88CC,32,140.09,住商用,鋼筋混凝土造,83年3月2日,七層,,
RPWNMLTLJHLGFID96CC,2,84.38,集合住宅,鋼筋混凝土造,113年6月24日,十四層,,
RPOOMLTLJHLGFID88CC,32,30.62,共同使用部份,鋼筋混凝土造,83年3月2日,七層,,
RPWNMLTLJHLGFID96CC,2,19.29,本共有部分之項目有梯廳、管委會使用空間、停車空間等３項,鋼筋混凝土造,113年6月24日,十四層,,
RPWNMLTLJHLGFID96CC,2,25.02,本共有部分之項目有停車空間等１項,鋼筋混凝土造,113年6月24日,十四層,,
RPWNMLTLJHLGFID96CC,2,22.52,本共有部分之項目有機電設備空間、進風機房、梯廳兼排煙室、樓電梯間、水錶機房、消防水箱、樓梯間、電梯機房、水箱等９項,鋼筋混凝土造,113年6月24日,十四層,,
RPUNMLTLJHLGFID76CC,2,69.98,集合住宅,鋼筋混凝土造,113年4月1日,六層,,
RPPNMLTLJHLGFKD09CC,21,8.64,辦公室,鋼筋混凝土造,94年7月8日,六層,,
RPUNMLTLJHLGFID76CC,2,24.51,本共有部分之項目有管委空間、消防機械室、發電機室、電信室、停車空間、安全樓梯間、昇降機、梯廳、門廊、走廊、樓梯間、機械室等１２項,鋼筋混凝土造,113年4月1日,六層,,
RPPNMLTLJHLGFKD09CC,21,8.09,共同使用部份,鋼筋混凝土造,94年7月8日,六層,,
RPQNMLTLJHLGFID98CC,18,8.04,辦公室,鋼筋混凝土造,96年9月20日,四層,,
RPPNMLTLJHLGFID88CC,18,8.04,辦公室,鋼筋混凝土造,96年9月20日,四層,,
RPQNMLTLJHLGFID98CC,18,1.01,共同使用部份,鋼筋混凝土造,96年9月20日,四層,,
RPPNMLTLJHLGFID88CC,18,1.01,共同使用部份,鋼筋混凝土造,96年9月20日,四層,,
RPQNMLTLJHLGFID98CC,18,5.10,共同使用部份,鋼筋混凝土造,96年9月20日,四層,,
RPPNMLTLJHLGFID88CC,18,5.10,共同使用部份,鋼筋混凝土造,96年9月20日,四層,,
RPQNMLTLJHLGFKD56CC,27,69.18,住家用,鋼造,88年6月23日,一層,,
RPSNMLTLJHLGFKD76CC,26,23.19,住家用,鋼筋混凝土造,88年8月24日,十四層,,
RPSNMLTLJHLGFKD76CC,26,.57,共同使用部份,鋼筋混凝土造,88年8月24日,十四層,,
RPSNMLTLJHLGFKD76CC,26,1.04,共同使用部份,鋼筋混凝土造,88年8月24日,十四層,,
RPVNMLTLJHLGFKD07CC,21,29.24,住商用,鋼筋混凝土造,94年5月27日,四層,,
RPSNMLTLJHLGFKD76CC,26,6.20,共同使用部份,鋼筋混凝土造,88年8月24日,十四層,,
RPTNMLTLJHLGFKD86CC,35,172.45,住家用,鋼筋混凝土造,80年3月6日,三層,,
RPQOMLTLJHLGFKD66CC,32,79.69,住家用,鋼筋混凝土造,82年7月31日,六層,,
RPQOMLTLJHLGFKD66CC,32,24.69,共同使用部份,鋼筋混凝土造,82年7月31日,六層,,
RPOOMLTLJHLGFKD09CC,39,171.99,住家用,鋼筋混凝土造,76年2月18日,二層,,
RPPNMLKMJHLGFAD27CC,21,61.57,集合住宅,鋼筋混凝土造,93年12月3日,八層,,
RPUNMLTLJHLGFKD96CC,26,22.67,住家用,鋼筋混凝土造,88年8月24日,十四層,,
RPPNMLKMJHLGFAD27CC,21,12.67,共同使用部份,鋼筋混凝土造,93年12月3日,八層,,
RPUNMLTLJHLGFKD96CC,26,.57,共同使用部份,鋼筋混凝土造,88年8月24日,十四層,,
RPWNMLTLJHLGFKD17CC,33,18.39,住家用,鋼筋混凝土造,82年7月16日,七層,,
RPPNMLKMJHLGFAD27CC,21,41.57,共同使用部份,鋼筋混凝土造,93年12月3日,八層,,
RPUNMLTLJHLGFKD96CC,26,1.04,共同使用部份,鋼筋混凝土造,88年8月24日,十四層,,
RPWNMLTLJHLGFKD17CC,33,1.86,共同使用部份,鋼筋混凝土造,82年7月16日,七層,,
RPUNMLTLJHLGFKD96CC,26,6.04,共同使用部份,鋼筋混凝土造,88年8月24日,十四層,,
RPWNMLTLJHLGFKD17CC,33,4.26,共同使用部份,鋼筋混凝土造,82年7月16日,七層,,
RPQNMLKMJHLGFAD37CC,,63.99,住家用,加強磚造,,二層,,
RPPNMLKMJHLGFBD37CC,2,74.79,集合住宅,鋼筋混凝土造,112年9月13日,十四層,,
RPPNMLKMJHLGFBD37CC,2,69.22,本共有部分之項目有停車空間、梯間、台電配電場所、垃圾儲藏室、垃圾暫停車位、發電機房、樓電梯間、水箱、儲藏室、雨水機房、防空避難室兼停車空間、公共服務空間、無障礙廁所、宅配室、迴廊、門廳、管委會使用空間、車道、樓梯間、水錶室、機房、機械室、消防水箱等２３項。,鋼筋混凝土造,112年9月13日,十四層,,
RPSNMLKMJHLGFBD67CC,1,88.54,集合住宅,鋼筋混凝土造,114年4月25日,十四層,,
RPSNMLKMJHLGFBD67CC,1,66.86,本共有部分之項目有防空避難室兼停車空間、停車空間、管委會使用空間、電信室、門廊、安全梯空間、車道、樓梯間、排煙室、水箱、昇降機房、昇降機空間、梯廳等１３項,鋼筋混凝土造,114年4月25日,十四層,,
RPRNMLKMJHLGFAD47CC,52,75.00,住家用,加強磚造,63年4月1日,二層,,
RPTNMLKMJHLGFAD67CC,10,88.76,集合住宅,鋼筋混凝土構造,104年11月5日,二十四層,,
RPTNMLKMJHLGFBD77CC,4,288.17,店舖、集合住宅、停車空間,鋼筋混凝土造,110年9月14日,五層,,
RPSNMLKMJHLGFAD57CC,25,25.66,集合住宅,鋼筋混凝土造,89年11月20日,十四層,,
RPTNMLKMJHLGFAD67CC,10,59.08,本共有部分之項目：有樓梯間、門廊、門廳、管委會使用空間、防災中心、停車空間、防空避難室、車道、游泳池、機房自來水池等項,鋼筋混凝土構造,104年11月5日,二十四層,,
RPSNMLKMJHLGFAD57CC,25,7.45,共同使用部份,鋼筋混凝土造,89年11月20日,十四層,,
RPRNMLKMJHLGFBD57CC,1,92.76,集合住宅,鋼筋混凝土造,113年11月25日,十二層,,
RPRNMLKMJHLGFBD57CC,1,66.54,本共有部分之項目有：防空避難室兼停車空間、停車空間、管理委員會空間、安全梯之梯間、梯廳、昇降機之機道、機電設備、水箱、門廊共９項,鋼筋混凝土造,113年11月25日,十二層,,
RPQNMLKMJHLGFCD57CC,56,103.00,住家用,加強磚造,59年4月21日,四層,,
RPROMLKMJHLGFCD77CC,41,70.45,住家用,鋼筋混凝土造,73年11月13日,五層,,
RPROMLKMJHLGFCD77CC,41,15.36,共同使用部份,鋼筋混凝土造,73年11月13日,五層,,
RPQNMLKMJHLGFDD67CC,31,20.40,住家用,鋼筋混凝土造,84年7月10日,六層,,
RPPNMLKMJHLGFGD87CC,30,145.03,住商用,鋼筋混凝土造,84年10月30日,三層,,
RPQNMLKMJHLGFDD67CC,31,4.46,共同使用部份,鋼筋混凝土造,84年7月10日,六層,,
RPQNMLKMJHLGFDD67CC,31,5.74,共同使用部份,鋼筋混凝土造,84年7月10日,六層,,
RPPOMLKMJHLGFCD57CC,18,20.14,住家用,鋼筋混凝土造,97年2月29日,十四層,,
RPUNMLKMJHLGFCD97CC,30,82.83,住家用,鋼筋混凝土造,85年2月3日,十六層,,
RPTNMLKMJHLGFCD87CC,39,90.46,住商用,鋼筋混凝土造,76年3月28日,五層,,
RPPOMLKMJHLGFCD57CC,18,5.03,共同使用部份,鋼筋混凝土造,97年2月29日,十四層,,
RPUNMLKMJHLGFCD97CC,30,27.84,共同使用部份,鋼筋混凝土造,85年2月3日,十六層,,
RPQNMLKMJHLGFKD38CC,8,9.42,住家用,鋼筋混凝土構造,107年4月2日,五層,,
RPPOMLKMJHLGFCD57CC,18,6.58,共同使用部份,鋼筋混凝土造,97年2月29日,十四層,,
RPUNMLKMJHLGFCD97CC,30,12.40,共同使用部份,鋼筋混凝土造,85年2月3日,十六層,,
RPQNMLKMJHLGFKD38CC,8,4.19,本共有部分之項目有：電梯間，樓梯間及水箱等３項,鋼筋混凝土構造,107年4月2日,五層,,
RPRNMLKMJHLGFCD67CC,44,90.32,住家用,鋼筋混凝土造,71年1月8日,五層,,
RPRNMLKMJHLGFCD67CC,44,14.10,共同使用部份,鋼筋混凝土造,71年1月8日,五層,,
RPXNMLKMJHLGFCD28CC,19,72.67,住家用,鋼筋混凝土造,95年12月7日,十層,,
RPXNMLKMJHLGFCD28CC,19,55.93,共同使用部份,鋼筋混凝土造,95年12月7日,十層,,
RPXNMLKMJHLGFCD28CC,19,7.81,共同使用部份,鋼筋混凝土造,95年12月7日,十層,,
RPVNMLKMJHLGFCD08CC,29,19.83,店舖　　住宅　　停車空間辦公室,鋼筋混凝土造,86年3月6日,五層,,
RPPNMLKMJHLGFKD28CC,31,40.48,辦公室。,鋼筋混凝土造,84年3月31日,十五層,,
RPPNMLKMJHLGFKD28CC,31,8.86,共同使用部份,鋼筋混凝土造,84年3月31日,十五層,,
RPPNMLKMJHLGFID08CC,56,108.50,住家用,加強磚造,,二層,,
RPSNMLKMJHLGFID38CC,10,81.43,集合住宅。,鋼筋混凝土造,104年11月30日,十二層,,
RPSNMLKMJHLGFID38CC,10,22.33,本共有部分之項目有防空避難室兼停車空間、電信室、管理維護使用空間、停車空間、管理員室、門廊、樓梯及電梯間、水塔。,鋼筋混凝土造,104年11月30日,十二層,,
RPRNMLKMJHLGFID28CC,5,56.94,集合住宅,鋼筋混凝土構造,110年3月15日,二十四層,,
RPSNMLKMJHLGFID38CC,10,15.25,本共有部分之項目有公共梯間。,鋼筋混凝土造,104年11月30日,十二層,,
RPRNMLKMJHLGFDD77CC,32,178.97,住商用,鋼筋混凝土造,83年6月9日,四層,,
RPRNMLKMJHLGFID28CC,5,46.72,本共有部分之項目有管委會使用空間、停車空間、機電設備空間、防空避難室兼停車空間、台電配電場所、自來水箱、車道、門廳、儲藏室、機房、樓梯間、消防水箱等１２項,鋼筋混凝土構造,110年3月15日,二十四層,,
RPPNMLQLJHLGFHD48CC,31,92.06,住家用,鋼筋混凝土造,83年9月23日,八層,,
RPPNMLQLJHLGFHD48CC,31,13.69,梯間，機械室，水箱,鋼筋混凝土造,83年9月23日,八層,,
RPRNMLKMJHLGFKD48CC,37,82.17,住商用,鋼筋混凝土造,77年11月21日,二層,,
RPPNMLQLJHLGFHD48CC,31,12.29,,鋼筋混凝土造,83年9月23日,八層,,
RPTNMLKMJHLGFKD68CC,46,21.00,住商用,鋼筋混凝土造,69年3月22日,三層,,
RPQOMLKMJHLGFCD67CC,35,21.89,住家用,鋼筋混凝土造,80年5月25日,六層,,
RPQOMLKMJHLGFCD67CC,35,9.01,共同使用部份,鋼筋混凝土造,80年5月25日,六層,,
RPUNMLKMJHLGFKD78CC,46,21.00,住商用,鋼筋混凝土造,69年3月22日,三層,,
RPOOMLKMJHLGFKD28CC,32,39.37,住家用,鋼筋混凝土造,82年12月30日,九層,,
RPOOMLKMJHLGFKD28CC,32,21.09,共同使用部份,鋼筋混凝土造,82年12月30日,九層,,
RPXNMLKMJHLGFKD09CC,30,47.24,住家用,鋼筋混凝土造,85年1月30日,七層,,
RPVNMLKMJHLGFKD88CC,19,127.13,住家用,鋼筋混凝土造,95年10月31日,十三層,,
RPXNMLKMJHLGFKD09CC,30,25.29,共同使用部份,鋼筋混凝土造,85年1月30日,七層,,
RPVNMLKMJHLGFKD88CC,19,69.24,共同使用部份,鋼筋混凝土造,95年10月31日,十三層,,
RPPNMLLMJHLGFCD57CC,56,70.61,住家用,補強磚造,59年5月30日,二層,,
RPQNMLLMJHLGFCD67CC,30,17.60,住家用,鋼筋混凝土造,85年2月2日,三層,,
RPQNMLLMJHLGFCD67CC,30,4.58,共同使用部份,鋼筋混凝土造,85年2月2日,三層,,
RPRNMLLJKHLGFAD37CC,44,75.94,住家用,鋼筋混凝土造,71年6月3日,五層,,
RPPNMLLMJHLGFKD38CC,31,101.96,住家用,鋼筋混凝土造,84年5月23日,十六層,,
RPWNMLKMJHLGFKD98CC,27,58.42,住家用,鋼筋混凝土造,88年4月26日,十二層,,
RPPNMLLMJHLGFKD38CC,31,23.09,共同使用部份,鋼筋混凝土造,84年5月23日,十六層,,
RPRNMLLJKHLGFAD37CC,44,15.83,共同使用部份,鋼筋混凝土造,71年6月3日,五層,,
RPWNMLKMJHLGFKD98CC,27,6.77,共同使用部份,鋼筋混凝土造,88年4月26日,十二層,,
RPWNMLKMJHLGFKD98CC,27,15.99,共同使用部份,鋼筋混凝土造,88年4月26日,十二層,,
RPQNMLLJKHLGFBD37CC,4,61.07,集合住宅,鋼筋混凝土造,111年6月8日,五層,,
RPQNMLLJKHLGFCD47CC,26,96.49,集合住宅,鋼筋混凝土造,88年10月21日,十三層,,
RPPNMLLMJHLGFBD47CC,2,82.97,集合住宅,鋼筋混凝土造,112年9月13日,十四層,,
RPQNMLLJKHLGFCD47CC,26,18.31,共同使用部份,鋼筋混凝土造,88年10月21日,十三層,,
RPQNMLLJKHLGFCD47CC,26,33.73,共同使用部份,鋼筋混凝土造,88年10月21日,十三層,,
RPPNMLLMJHLGFBD47CC,2,43.76,本共有部分之項目有停車空間、梯間、台電配電場所、垃圾儲藏室、垃圾暫停車位、發電機房、樓電梯間、水箱、儲藏室、雨水機房、防空避難室兼停車空間、公共服務空間、無障礙廁所、宅配室、迴廊、門廳、管委會使用空間、車道、樓梯間、水錶室、機房、機械室、消防水箱等２３項。,鋼筋混凝土造,112年9月13日,十四層,,
RPQNMLLJKHLGFBD37CC,4,25.03,本共有部分之項目有：停車空間、管理委員會空間、樓梯間、昇降機間、機電設備等５項。,鋼筋混凝土造,111年6月8日,五層,,
RPUNMLLJKHLGFCD87CC,35,21.40,住家用,鋼筋混凝土造,79年12月26日,七層,,
RPQNMLLJKHLGFAD27CC,44,44.25,住家用,鋼筋混凝土造,70年12月24日,六層,,
RPUNMLLJKHLGFCD87CC,35,8.43,共同使用部份,鋼筋混凝土造,79年12月26日,七層,,
RPSNMLLJKHLGFCD67CC,36,17.23,住家用,鋼筋混凝土造,79年4月12日,六層,,
RPQNMLLJKHLGFAD27CC,44,10.33,共同使用部份,鋼筋混凝土造,70年12月24日,六層,,
RPPNMLLJKHLGFAD17CC,31,22.47,住家用,鋼筋混凝土造,84年3月7日,十二層,,
RPSNMLLJKHLGFCD67CC,36,6.03,共同使用部份,鋼筋混凝土造,79年4月12日,六層,,
RPPNMLLJKHLGFAD17CC,31,2.91,共同使用部份,鋼筋混凝土造,84年3月7日,十二層,,
RPQNMLLJKHLGFAD27CC,44,4.72,共同使用部份,鋼筋混凝土造,70年12月24日,六層,,
RPPNMLLJKHLGFAD17CC,31,4.70,共同使用部份,鋼筋混凝土造,84年3月7日,十二層,,
RPPNMLLJKHLGFCD37CC,36,123.86,住商用,鋼筋混凝土造,78年11月14日,五層,,
RPPNMLLJKHLGFCD37CC,36,44.54,共同使用部份,鋼筋混凝土造,78年11月14日,五層,,
RPTNMLLJKHLGFAD57CC,25,25.66,集合住宅,鋼筋混凝土造,89年11月20日,十四層,,
RPTNMLLJKHLGFAD57CC,25,7.45,共同使用部份,鋼筋混凝土造,89年11月20日,十四層,,
RPUNMLLJKHLGFAD67CC,36,18.42,住家用,鋼筋混凝土造,79年7月5日,六層,,
RPUNMLLJKHLGFAD67CC,36,7.45,共同使用部份,鋼筋混凝土造,79年7月5日,六層,,
RPSNMLLJKHLGFAD47CC,38,92.25,住家用,鋼筋混凝土造,77年4月5日,五層,,
RPSNMLLJKHLGFAD47CC,38,4.33,共同使用部份,鋼筋混凝土造,77年4月5日,五層,,
RPPOMLLJKHLGFCD47CC,44,58.09,住家用,鋼筋混凝土造,70年12月3日,五層,,
RPPOMLLJKHLGFCD47CC,44,8.43,共同使用部份,鋼筋混凝土造,70年12月3日,五層,,
RPPNMLLJKHLGFGD77CC,2,55.04,集合住宅,鋼筋混凝土造,112年10月24日,九層,,
RPXNMLLJKHLGFCD18CC,28,26.59,住家用,鋼筋混凝土造,86年9月2日,十五層,,
RPPNMLLJKHLGFGD77CC,2,21.22,本共有部分之項目有：防空避難室兼停車空間、停車空間、昇降機間、門廊、機電設備空間（管道間）、梯廳、安全梯間、管理維護使用空間、走廊等共９項,鋼筋混凝土造,112年10月24日,九層,,
RPXNMLLJKHLGFCD18CC,28,7.10,共同使用部份,鋼筋混凝土造,86年9月2日,十五層,,
RPQOMLLJKHLGFCD57CC,35,18.27,住家用,鋼筋混凝土造,80年5月30日,五層,,
RPQOMLLJKHLGFCD57CC,35,5.95,共同使用部份,鋼筋混凝土造,80年5月30日,五層,,
RPQOMLLJKHLGFCD57CC,35,.94,共同使用部份,鋼筋混凝土造,80年5月30日,五層,,
RPQNMLLJKHLGFHD97CC,1,53.23,集合住宅,鋼筋混凝土造,114年6月25日,九層,,
RPQOMLLJKHLGFCD57CC,35,1.16,共同使用部份,鋼筋混凝土造,80年5月30日,五層,,
RPQNMLLJKHLGFGD87CC,4,156.81,Ｈ２：住宅,鋼筋混凝土造,111年7月7日,三層,,
RPQNMLLJKHLGFHD97CC,1,46.19,本共有部分之項目有停車空間、門廊、管理維護空間、安全梯間、昇降機間、梯廳、樓梯間等７項,鋼筋混凝土造,114年6月25日,九層,,
RPROMLLJKHLGFCD67CC,31,76.44,住家用,鋼筋混凝土造,84年1月7日,二十四層,,
RPROMLLJKHLGFCD67CC,31,14.54,共同使用部份,鋼筋混凝土造,84年1月7日,二十四層,,
RPROMLLJKHLGFCD67CC,31,2.71,共同使用部份,鋼筋混凝土造,84年1月7日,二十四層,,
RPPNMLMJKHLGFAD27CC,48,23.29,住家用,鋼筋混凝土造,66年10月3日,四層,,
RPUNMLMJKHLGFAD77CC,10,58.47,集合住宅,鋼筋混凝土構造,104年11月5日,二十四層,,
RPUNMLMJKHLGFAD77CC,10,24.72,本共有部分之項目：有樓梯間、門廊、門廳、管委會使用空間、防災中心、停車空間、防空避難室、車道、游泳池、機房自來水池等項,鋼筋混凝土構造,104年11月5日,二十四層,,
RPRNMLMJKHLGFAD47CC,14,21.49,住家用,鋼筋混凝土構造,101年6月4日,五層,,
RPVNMLMJKHLGFAD87CC,10,72.63,集合住宅,鋼筋混凝土構造,104年11月5日,二十四層,,
RPPNMLLJKHLGFKD18CC,35,55.70,住家用,鋼筋混凝土造,80年1月23日,五層,,
RPVNMLMJKHLGFAD87CC,10,30.74,本共有部分之項目：有樓梯間、門廊、門廳、管委會使用空間、防災中心、停車空間、防空避難室、車道、游泳池、機房自來水池等項,鋼筋混凝土構造,104年11月5日,二十四層,,
RPPNMLLJKHLGFKD18CC,35,7.74,共同使用部份,鋼筋混凝土造,80年1月23日,五層,,
RPPNMLLJKHLGFKD18CC,35,22.89,共同使用部份,鋼筋混凝土造,80年1月23日,,,
RPQOMLMJKHLGFAD47CC,41,101.26,住家用,鋼筋混凝土造,74年4月16日,七層,,
RPQOMLMJKHLGFAD47CC,41,19.70,共同使用部份,鋼筋混凝土造,74年4月16日,七層,,
RPWNMLMJKHLGFAD97CC,10,55.02,集合住宅,鋼筋混凝土構造,104年11月5日,二十四層,,
RPWNMLMJKHLGFAD97CC,10,23.51,本共有部分之項目：有樓梯間、門廊、門廳、管委會使用空間、防災中心、停車空間、防空避難室、車道、游泳池、機房自來水池等項,鋼筋混凝土構造,104年11月5日,二十四層,,
RPSNMLMJKHLGFAD57CC,10,81.71,集合住宅,鋼筋混凝土構造,104年11月5日,二十四層,,
RPPNMLLJKHLGFID97CC,18,8.04,辦公室,鋼筋混凝土造,96年9月20日,四層,,
RPPNMLLJKHLGFID97CC,18,1.01,共同使用部份,鋼筋混凝土造,96年9月20日,四層,,
RPSNMLMJKHLGFAD57CC,10,67.52,本共有部分之項目：有樓梯間、門廊、門廳、管委會使用空間、防災中心、停車空間、防空避難室、車道、游泳池、機房自來水池等項,鋼筋混凝土構造,104年11月5日,二十四層,,
RPPNMLLJKHLGFID97CC,18,5.10,共同使用部份,鋼筋混凝土造,96年9月20日,四層,,
RPTNMLMJKHLGFAD67CC,40,23.19,住家用,鋼筋混凝土造,75年7月22日,七層,,
RPTNMLMJKHLGFAD67CC,40,7.40,共同使用部份,鋼筋混凝土造,75年7月22日,七層,,
RPOOMLMJKHLGFAD27CC,10,89.06,集合住宅,鋼筋混凝土構造,104年11月5日,二十四層,,
RPOOMLMJKHLGFAD27CC,10,37.98,本共有部分之項目：有樓梯間、門廊、門廳、管委會使用空間、防災中心、停車空間、防空避難室、車道、游泳池、機房自來水池等項,鋼筋混凝土構造,104年11月5日,二十四層,,
RPXNMLMJKHLGFAD08CC,31,78.66,住家用,鋼筋混凝土造,83年10月24日,六層,,
RPXNMLMJKHLGFAD08CC,31,43.51,共同使用部份,鋼筋混凝土造,83年10月24日,六層,,
RPSOMLMJKHLGFAD67CC,8,77.89,集合住宅,鋼筋混凝土構造,107年5月31日,二十層,,
RPSOMLMJKHLGFAD67CC,8,76.94,本共有部分之項目有：門廊、門廳、有頂蓋廣場式開放空間、管委會空間、防災中心、樓梯間、車道、公共服務空間、機械室、水箱、防空避難室兼停車空間、停車空間。,鋼筋混凝土構造,107年5月31日,二十層,,
RPVOMLMJKHLGFAD97CC,1,49.93,集合住宅,鋼骨鋼筋混凝土造、鋼筋混凝土造,114年4月15日,三十四層,,
RPVOMLMJKHLGFAD97CC,1,54.59,本共有部分之項目有管委會使用空間、門廳、機電設備空間、防災中心、儲藏室、樓梯間、消防水箱、防空避難室兼停車空間、車道、停車空間、自來水箱、梯廳、陽台、電信機房等１４項。,鋼骨鋼筋混凝土造、鋼筋混凝土造,114年4月15日,三十四層,,
RPTOMLMJKHLGFAD77CC,1,51.39,集合住宅,鋼骨鋼筋混凝土造、鋼筋混凝土造,114年4月15日,三十四層,,
RPTOMLMJKHLGFAD77CC,1,55.42,本共有部分之項目有管委會使用空間、門廳、機電設備空間、防災中心、儲藏室、樓梯間、消防水箱、防空避難室兼停車空間、車道、停車空間、自來水箱、梯廳、陽台、電信機房等１４項。,鋼骨鋼筋混凝土造、鋼筋混凝土造,114年4月15日,三十四層,,
RPUOMLMJKHLGFAD87CC,28,98.29,住家用,鋼筋混凝土造,86年10月21日,二十二層,,
RPUOMLMJKHLGFAD87CC,28,29.97,共同使用部份,鋼筋混凝土造,86年10月21日,二十二層,,
RPPNMLMJKHLGFBD37CC,31,100.93,住商用,鋼筋混凝土造,83年10月19日,二層,,
RPOPMLMJKHLGFAD37CC,30,189.97,店舖、住宅,鋼筋混凝土造,85年3月16日,三層,,
RPPPMLMJKHLGFAD47CC,25,91.96,集合住宅,鋼筋混凝土造,89年8月22日,十四層,,
RPXOMLMJKHLGFAD18CC,30,82.93,店舖、住宅,鋼筋混凝土造,85年3月16日,三層,,
RPPPMLMJKHLGFAD47CC,25,25.01,共同使用部份,鋼筋混凝土造,89年8月22日,十四層,,
RPWOMLMJKHLGFAD08CC,41,145.90,住家用,加強磚造,74年1月11日,二層,,
RPRNMLMJKHLGFBD57CC,2,57.42,集合住宅,鋼筋混凝土造,113年7月23日,五層,,
RPRNMLMJKHLGFBD57CC,2,16.65,本共有部分之項目有戶外安全梯、管委會空間、電信室、門廊、停車空間、升降機間、梯廳、梯間等８項,鋼筋混凝土造,113年7月23日,五層,,
RPPNMLMJKHLGFHD97CC,18,14.57,住宅，樓梯間,鋼筋混凝土造,96年9月19日,四層,,
RPQNMLMJKHLGFHD08CC,2,97.79,集合住宅,鋼骨鋼筋混凝土造,112年9月27日,二十六層,,
RPQNMLMJKHLGFHD08CC,2,89.33,本共有部分之項目有停車空間、樓梯間、機械室、水箱、儲藏室、陽台、公共空間、管委會使用空間等８項,鋼骨鋼筋混凝土造,112年9月27日,二十六層,,
RPPNMLMJKHLGFGD87CC,34,53.48,住家用,鋼筋混凝土造,80年11月29日,五層,,
RPPNMLMJKHLGFGD87CC,34,13.83,共同使用部份,鋼筋混凝土造,80年11月29日,五層,,
RPPNMLMJKHLGFGD87CC,34,9.66,共同使用部份,鋼筋混凝土造,80年11月29日,五層,,
RPSNMLMJKHLGFHD28CC,2,53.35,集合住宅,鋼筋混凝土造,113年6月3日,六層,,
RPSNMLMJKHLGFHD28CC,2,20.80,共有部份：安全梯間、梯廳、無障礙電梯、機電設備空間、停車空間、門廊、管理維護使用空間、樓梯間、水塔等９項。,鋼筋混凝土造,113年6月3日,六層,,
RPRNMLMJKHLGFHD18CC,8,66.76,集合住宅,鋼筋混凝土造,106年10月3日,五層,,
RPRNMLMJKHLGFHD18CC,8,26.10,管理維護空間、資源回收專區、停車空間、樓梯間、水箱,鋼筋混凝土造,106年10月3日,五層,,
RPPNMLMJKHLGFKD28CC,32,28.84,住家用,鋼筋混凝土造,82年8月27日,十五層,,
RPRNMLMJKHLGFID28CC,29,87.59,住家用,鋼筋混凝土造,85年7月31日,十三層,,
RPPNMLMJKHLGFKD28CC,32,6.01,共同使用部份,鋼筋混凝土造,82年8月27日,十五層,,
RPRNMLMJKHLGFID28CC,29,29.67,共同使用部份,鋼筋混凝土造,85年7月31日,十三層,,
RPPNMLMJKHLGFKD28CC,32,3.83,避難室兼停車空間、梯間、清水池、配電室、門廊、消防泵浦間、交誼廳、乒乓球室。,鋼筋混凝土造,82年8月27日,十六層,,
RPQNMLMJKHLGFID18CC,2,44.97,集合住宅,鋼筋混凝土造,112年8月8日,十五層,,
RPQNMLMJKHLGFID18CC,2,36.73,本共有部分之項目有停車空間、管委會使用空間、梯間、車道、前廊、陽台、樓梯間、機械室、水箱等９項,鋼筋混凝土造,112年8月8日,十五層,,
RPPNMLMJKHLGFID08CC,2,155.52,集合住宅,鋼筋混凝土造,113年3月21日,三層,,
RPWNMLMJKHLGFCD18CC,33,96.77,住家用,鋼筋混凝土造,81年10月7日,十三層,,
RPWNMLMJKHLGFCD18CC,33,15.49,共同使用部份,鋼筋混凝土造,81年10月7日,十五層,,
RPWNMLMJKHLGFCD18CC,33,.61,共同使用部份,鋼筋混凝土造,81年10月7日,十五層,,
RPUNMLMJKHLGFCD97CC,3,43.78,集合住宅,鋼筋混凝土構造、鋼骨造,112年3月29日,十四層,,
RPWNMLMJKHLGFCD18CC,33,4.42,共同使用部份,鋼筋混凝土造,81年10月7日,十五層,,
RPUNMLMJKHLGFCD97CC,3,40.42,本共有部份之項目有：防空避難室兼停車空間、停車空間、管委會空間、樓梯間、機械室、公共空間、門廊共７項。,鋼筋混凝土加強磚造,112年3月29日,十四層,,
RPRNMLMJKHLGFKD48CC,8,9.42,住家用,鋼筋混凝土構造,107年4月2日,五層,,
RPRNMLMJKHLGFKD48CC,8,4.19,本共有部分之項目有：電梯間，樓梯間及水箱等３項,鋼筋混凝土構造,107年4月2日,五層,,
RPSNMLMJKHLGFID38CC,31,76.82,住家用,鋼筋混凝土造,83年9月6日,六層,,
RPSNMLMJKHLGFID38CC,31,28.13,共同使用部份,鋼筋混凝土造,83年9月6日,六層,,
RPQNMLMJKHLGFCD57CC,18,21.70,住家用,鋼筋混凝土造,97年2月29日,十四層,,
RPQNMLMJKHLGFCD57CC,18,5.39,共同使用部份,鋼筋混凝土造,97年2月29日,十四層,,
RPXNMLMJKHLGFCD28CC,42,20.42,住家用,鋼筋混凝土造,72年8月29日,三層,,
RPQNMLMJKHLGFCD57CC,18,7.11,共同使用部份,鋼筋混凝土造,97年2月29日,十四層,,
RPRNMLMJKHLGFCD67CC,45,35.35,住商用,鋼筋混凝土造,70年5月25日,三層,,
RPTNMLMJKHLGFCD87CC,33,20.92,住商用,鋼筋混凝土造,82年5月24日,五層,,
RPQNMLMJKHLGFKD38CC,31,103.70,住家用,鋼筋混凝土造,84年5月23日,十六層,,
RPQNMLMJKHLGFKD38CC,31,23.50,共同使用部份,鋼筋混凝土造,84年5月23日,十六層,,
RPSNMLMJKHLGFKD58CC,34,27.68,住家用,鋼筋混凝土造,81年7月23日,十七層,,
RPOOMLMJKHLGFCD47CC,7,126.20,集合住宅,鋼筋混凝土構造,107年12月5日,十五層,,
RPSNMLMJKHLGFKD58CC,34,5.50,共同使用部份,鋼筋混凝土造,81年7月23日,十七層,,
RPOOMLMJKHLGFCD47CC,7,76.37,本共有部份之項目有：停車空間、防空避難室兼停車空間、門廊、公共服務空間、管理委員會使用空間、樓梯間、水箱。,鋼筋混凝土構造,107年12月5日,十五層,,
RPSNMLMJKHLGFKD58CC,34,15.60,共同使用部份,鋼筋混凝土造,81年7月23日,十九層,,
RPOOMLMJKHLGFCD47CC,7,25.52,本共有部份之項目有：樓梯間。,鋼筋混凝土構造,107年12月5日,十五層,,
RPSNMLMJKHLGFKD58CC,34,.75,共同使用部份,鋼筋混凝土造,81年7月23日,十九層,,
RPSNMLMJKHLGFKD58CC,34,1.66,共同使用部份,鋼筋混凝土造,81年7月23日,十九層,,
RPTNMLMJKHLGFKD68CC,32,36.20,住家用,鋼筋混凝土造,82年12月30日,九層,,
RPTNMLMJKHLGFKD68CC,32,12.75,共同使用部份,鋼筋混凝土造,82年12月30日,九層,,
RPXNMLMJKHLGFKD09CC,13,13.68,住家用,鋼筋混凝土構造,102年6月11日,四層,,
RPROMLMJKHLGFKD58CC,25,90.63,住家用,鋼筋混凝土造,89年8月16日,十層,,
RPROMLMJKHLGFKD58CC,25,20.12,共同使用部份,鋼筋混凝土造,89年8月16日,十層,,
RPROMLMJKHLGFKD58CC,25,12.29,共同使用部份,鋼筋混凝土造,89年8月16日,十層,,
RPUOMLMJKHLGFKD88CC,31,82.40,住家用,鋼筋混凝土造,83年9月22日,十四層,,
RPQOMLMJKHLGFKD48CC,26,24.50,住家用,鋼筋混凝土造,88年8月24日,十四層,,
RPUOMLMJKHLGFKD88CC,31,15.87,避難室、停車空間。,鋼筋混凝土造,83年9月22日,十四層,,
RPQOMLMJKHLGFKD48CC,26,.60,共同使用部份,鋼筋混凝土造,88年8月24日,十四層,,
RPUOMLMJKHLGFKD88CC,31,14.31,共同使用部份,鋼筋混凝土造,83年9月22日,十四層,,
RPQOMLMJKHLGFKD48CC,26,1.04,共同使用部份,鋼筋混凝土造,88年8月24日,十四層,,
RPQOMLMJKHLGFKD48CC,26,6.49,共同使用部份,鋼筋混凝土造,88年8月24日,十四層,,
RPRNMLNJKHLGFAD57CC,45,15.96,住家用,鋼筋混凝土造,70年6月5日,七層,,
RPQNMLNJKHLGFAD47CC,44,78.11,住家用,鋼筋混凝土造,70年10月27日,五層,,
RPQNMLNJKHLGFAD47CC,,28.70,共同使用部份,鋼筋混凝土造,,五層,,
RPRNMLNJKHLGFAD57CC,45,4.83,共同使用部份,鋼筋混凝土造,70年6月5日,七層,,
RPRNMLNJKHLGFAD57CC,45,1.80,共同使用部份,鋼筋混凝土造,70年6月5日,七層,,
RPPNMLNJKHLGFAD37CC,32,86.30,住家用,鋼筋混凝土造,83年3月23日,七層,,
RPTNMLNJKHLGFAD77CC,38,64.89,住家用,鋼筋混凝土造,76年10月13日,七層,,
RPOOMLMJKHLGFKD28CC,33,96.60,住家用,鋼筋混凝土造,82年6月9日,七層,,
RPTNMLNJKHLGFAD77CC,38,14.37,共同使用部份,鋼筋混凝土造,76年10月13日,七層,,
RPOOMLMJKHLGFKD28CC,33,12.46,共同使用部份,鋼筋混凝土造,82年6月9日,七層,,
RPPNMLNJKHLGFAD37CC,32,9.84,共同使用部份,鋼筋混凝土造,83年3月23日,七層,,
RPTNMLNJKHLGFAD77CC,38,2.21,共同使用部份,鋼筋混凝土造,76年10月13日,七層,,
RPOOMLMJKHLGFKD28CC,33,3.33,共同使用部份,鋼筋混凝土造,82年6月9日,七層,,
RPPNMLNJKHLGFAD37CC,32,6.38,共同使用部份,鋼筋混凝土造,83年3月23日,七層,,
RPOOMLMJKHLGFKD28CC,33,17.48,共同使用部份,鋼筋混凝土造,82年6月9日,七層,,
RPOOMLMJKHLGFKD28CC,33,10.23,共同使用部份,鋼筋混凝土造,82年6月9日,七層,,
RPVOMLMJKHLGFKD98CC,27,45.29,一般事務所。,鋼筋混凝土造,87年10月26日,十一層,,
RPVOMLMJKHLGFKD98CC,27,5.97,共同使用部份,鋼筋混凝土造,87年10月26日,十一層,,
RPVOMLMJKHLGFKD98CC,27,14.30,共同使用部份,鋼筋混凝土造,87年10月26日,十一層,,
RPVNMLNJKHLGFAD97CC,36,38.71,住家用,鋼筋混凝土造,78年10月2日,十二層,,
RPVNMLNJKHLGFAD97CC,36,9.13,共同使用部份,鋼筋混凝土造,78年10月2日,十二層,,
RPSNMLNJKHLGFAD67CC,34,16.75,住家用,鋼筋混凝土造,80年9月6日,七層,,
RPOOMLNJKHLGFAD37CC,31,29.54,住家用,鋼筋混凝土造,84年3月7日,十二層,,
RPSNMLNJKHLGFAD67CC,34,8.53,共同使用部份,鋼筋混凝土造,80年9月6日,七層,,
RPOOMLNJKHLGFAD37CC,31,3.75,共同使用部份,鋼筋混凝土造,84年3月7日,十二層,,
RPWNMLNJKHLGFAD08CC,10,81.86,集合住宅,鋼筋混凝土構造,104年11月5日,二十四層,,
RPOOMLNJKHLGFAD37CC,31,6.09,共同使用部份,鋼筋混凝土造,84年3月7日,十二層,,
RPWNMLNJKHLGFAD08CC,10,67.52,本共有部分之項目：有樓梯間、門廊、門廳、管委會使用空間、防災中心、停車空間、防空避難室、車道、游泳池、機房自來水池等項,鋼筋混凝土構造,104年11月5日,二十四層,,
RPUNMLNJKHLGFAD87CC,19,234.44,住宅、停車空間,ＲＣ造,95年8月22日,四層,,
RPPOMLNJKHLGFAD47CC,22,109.72,集合住宅,鋼筋混凝土造,92年9月16日,十四層,,
RPPOMLNJKHLGFAD47CC,22,38.25,管理室等,鋼筋混凝土造,92年9月16日,十四層,,
RPPOMLNJKHLGFAD47CC,22,20.80,公共設施,鋼筋混凝土造,92年9月16日,十四層,,
RPXNMLNJKHLGFAD18CC,36,90.29,住家用,鋼筋混凝土造,78年8月24日,十層,,
RPXNMLNJKHLGFAD18CC,36,20.99,共同使用部份,鋼筋混凝土造,78年8月24日,十層,,
RPTOMLNJKHLGFAD87CC,30,38.88,住家用,鋼筋混凝土造,84年10月24日,十三層,,
RPQOMLNJKHLGFAD57CC,38,128.21,住家用,鋼筋混凝土造,77年2月15日,四層,,
RPTOMLNJKHLGFAD87CC,30,11.11,共同使用部份,鋼筋混凝土造,84年10月24日,十三層,,
RPQOMLNJKHLGFAD57CC,38,14.45,共同使用部份,鋼筋混凝土造,77年2月15日,四層,,
RPROMLNJKHLGFAD67CC,9,58.32,集合住宅,鋼筋混凝土構造,106年1月19日,十四層,,
RPROMLNJKHLGFAD67CC,9,51.54,本共有部分之項目有：防空避難室兼停車空間、停車空間、車道、外廊、管委會使用空間、梯廳、排煙室、樓梯間、垃圾暫存空間、機械室、水箱、門廊、昇降梯間、陽台等。,鋼筋混凝土構造,106年1月19日,十四層,,
RPWOMLNJKHLGFAD18CC,15,287.02,店舖、住宅,鋼筋混凝土構造,100年6月27日,四層,,
RPUOMLNJKHLGFAD97CC,18,60.12,集合住宅,鋼筋混凝土造,96年12月27日,十九層,,
RPUOMLNJKHLGFAD97CC,18,24.91,共同使用部份,鋼筋混凝土造,96年12月27日,十九層,,
RPSPMLNJKHLGFAD87CC,27,72.75,國民住宅,鋼筋混凝土造,88年4月1日,十四層,,
RPSPMLNJKHLGFAD87CC,27,5.99,共同使用部份,鋼筋混凝土造,88年4月1日,十四層,,
RPSPMLNJKHLGFAD87CC,27,10.17,共同使用部份,鋼筋混凝土造,88年4月1日,十四層,,
RPXOMLNJKHLGFAD28CC,2,47.86,集合住宅,鋼筋混凝土造,112年10月17日,二十九層,,
RPXOMLNJKHLGFAD28CC,2,40.54,本共有部分之項目有防空避難室兼停車空間、停車空間、公共服務空間、梯間、車道、門廊、門廳、防災中心、陽台、中繼水箱、樓梯間、昇降機間（排煙室）、機械室、水箱、雨遮等１５項。,鋼筋混凝土造,112年10月17日,二十九層,,
RPPNMLNJKHLGFBD47CC,29,80.70,住家用,鋼筋混凝土造,85年8月16日,十七層,,
RPPNMLNJKHLGFBD47CC,29,4.63,機械室、避難室、停車空間,鋼筋混凝土造,85年8月16日,十七層,,
RPPNMLNJKHLGFBD47CC,29,14.05,樓梯間．機械房．水塔,鋼筋混凝土造,85年8月16日,十六層,,
RPRPMLNJKHLGFAD77CC,10,58.47,集合住宅,鋼筋混凝土構造,104年11月5日,二十四層,,
RPRPMLNJKHLGFAD77CC,10,57.27,本共有部分之項目：有樓梯間、門廊、門廳、管委會使用空間、防災中心、停車空間、防空避難室、車道、游泳池、機房自來水池等項,鋼筋混凝土構造,104年11月5日,二十四層,,
RPTPMLNJKHLGFAD97CC,12,62.59,集合住宅,鋼筋混凝土構造,102年11月25日,十四層,,
RPTPMLNJKHLGFAD97CC,12,47.36,本共有部分之項目有門廳、守衛室、停車空間、防空避難室、管理維護空間。,鋼筋混凝土構造,102年11月25日,十四層,,
RPTPMLNJKHLGFAD97CC,12,13.75,本共有部分之項目有電樓梯間、電梯機房、水箱。,鋼筋混凝土構造,102年11月25日,十四層,,
RPPPMLNJKHLGFAD57CC,32,53.55,住家用,鋼筋混凝土造,83年5月12日,十一層,,
RPPPMLNJKHLGFAD57CC,32,5.21,共同使用部份,鋼筋混凝土造,83年5月12日,十一層,,
RPQPMLNJKHLGFAD67CC,9,60.20,集合住宅,鋼筋混凝土構造,106年1月24日,二十三層,,
RPPPMLNJKHLGFAD57CC,32,12.73,共同使用部份,鋼筋混凝土造,83年5月12日,十一層,,
RPQPMLNJKHLGFAD67CC,9,55.71,本共有部分之項目：防空避難室、停車空間、機房、樓梯間、機械房、水箱、門廳、梯間、管委會使用空間、水池、防災中心等。,鋼筋混凝土構造,106年1月24日,二十六層,,
RPUPMLNJKHLGFAD08CC,27,125.09,集合住宅,鋼筋混凝土造,88年6月22日,十四層,,
RPUPMLNJKHLGFAD08CC,27,33.69,共同使用部份,鋼筋混凝土造,88年6月22日,十四層,,
RPTNMLNJKHLGFBD87CC,2,59.42,集合住宅,鋼筋混凝土造,113年7月5日,七層,,
RPTNMLNJKHLGFBD87CC,2,57.73,本共有部分之項目有：防空避難室兼停車空間、停車空間、管理維護空間、停車空間（車道）、水箱、昇降機道、梯廳、室內安全梯、消防機房、發電機室、電信室、台電配電場所、垃圾分類貯存空間、安全梯間、機電設備等１５項。,鋼筋混凝土造,113年7月5日,七層,,
RPRNMLNJKHLGFBD67CC,2,81.55,集合住宅,鋼筋混凝土造,113年7月5日,七層,,
RPRNMLNJKHLGFBD67CC,2,69.65,本共有部分之項目有：防空避難室兼停車空間、停車空間、管理維護空間、停車空間（車道）、水箱、昇降機道、梯廳、室內安全梯、消防機房、發電機室、電信室、台電配電場所、垃圾分類貯存空間、安全梯間、機電設備等１５項。,鋼筋混凝土造,113年7月5日,七層,,
RPUNMLNJKHLGFBD97CC,4,60.04,集合住宅,鋼筋混凝土造,111年6月1日,五層,,
RPQNMLNJKHLGFBD57CC,4,69.19,集合住宅,鋼筋混凝土造,111年6月8日,五層,,
RPQNMLNJKHLGFBD57CC,4,45.45,本共有部分之項目有：停車空間、管理委員會空間、樓梯間、昇降機間、機電設備等５項。,鋼筋混凝土造,111年6月8日,五層,,
RPUNMLNJKHLGFBD97CC,4,35.25,本共有部分之項目有：停車空間、梯廳、昇降機、門廊、管理委員會使用空間、電信室、安全梯、樓梯間共８項,鋼筋混凝土造,111年6月1日,五層,,
RPPNMLNJKHLGFCD57CC,35,16.38,住家用,鋼筋混凝土造,79年12月1日,五層,,
RPPNMLNJKHLGFCD57CC,35,3.20,共同使用部份,鋼筋混凝土造,79年12月1日,五層,,
RPQNMLNJKHLGFCD67CC,43,84.01,住家用,鋼筋混凝土造,71年9月4日,五層,,
RPQNMLNJKHLGFCD67CC,43,9.69,共同使用部份,鋼筋混凝土造,71年9月4日,五層,,
RPSNMLNJKHLGFCD87CC,26,91.47,集合住宅,鋼筋混凝土造,88年11月16日,十二層,,
RPSNMLNJKHLGFCD87CC,26,.23,共有部分,鋼筋混凝土造,88年11月16日,十二層,,
RPSNMLNJKHLGFCD87CC,26,21.56,共同使用部份,鋼筋混凝土造,88年11月16日,十二層,,
RPSNMLNJKHLGFCD87CC,26,15.88,共同使用部份,鋼筋混凝土造,88年11月16日,十二層,,
RPTNMLNJKHLGFCD97CC,10,69.12,店舖、住宅,鋼筋混凝土造,104年8月27日,四層,,
RPPNMLNJKHLGFDD67CC,50,100.41,住家用,加強磚造,65年2月24日,二層,,
RPVNMLNJKHLGFCD18CC,45,70.23,住家用,鋼筋混凝土造,70年2月3日,五層,,
RPVNMLNJKHLGFCD18CC,45,10.98,共同使用部份,鋼筋混凝土造,70年2月3日,五層,,
RPUNMLNJKHLGFCD08CC,26,96.22,集合住宅,鋼筋混凝土造,88年10月21日,十三層,,
RPUNMLNJKHLGFCD08CC,26,19.57,共同使用部份,鋼筋混凝土造,88年10月21日,十三層,,
RPUNMLNJKHLGFCD08CC,26,33.67,共同使用部份,鋼筋混凝土造,88年10月21日,十三層,,
RPOOMLNJKHLGFCD57CC,35,33.31,住家用,鋼筋混凝土造,79年12月29日,六層,,
RPOOMLNJKHLGFCD57CC,35,13.67,共同使用部份,鋼筋混凝土造,79年12月29日,六層,,
RPXNMLNJKHLGFCD38CC,32,123.29,住家用,鋼筋混凝土造,82年11月9日,六層,,
RPXNMLNJKHLGFCD38CC,32,24.78,共同使用部份,鋼筋混凝土造,82年11月9日,六層,,
RPQNMLNJKHLGFHD18CC,30,16.53,住家用,鋼筋混凝土造,85年1月3日,四層,,
RPPNMLNJKHLGFGD97CC,32,279.39,住商用,鋼筋混凝土造,82年8月2日,五層,,
RPUNMLNJKHLGFHD58CC,4,63.40,集合住宅,鋼筋混凝土造,110年10月4日,五層,,
RPUNMLNJKHLGFHD58CC,4,17.42,本共有部分之項目有門廊、停車空間、管理委員會使用空間、梯廳、樓梯、昇降機、電信室等７項,鋼筋混凝土造,110年10月4日,五層,,
RPUNMLNJKHLGFID68CC,22,14.88,住家用,鋼筋混凝土造,92年9月10日,十層,,
RPPNMLNJKHLGFED77CC,41,89.02,住家用,加強磚造,74年1月9日,二層,,
RPPNMLNJKHLGFED77CC,41,6.40,住家用,加強磚造,74年1月9日,二層,,
RPTNMLNJKHLGFID58CC,22,14.88,住家用,鋼筋混凝土造,92年9月10日,十層,,
RPSNMLNJKHLGFHD38CC,26,86.68,住家用,鋼筋混凝土造,88年10月4日,八層,,
RPSNMLNJKHLGFHD38CC,26,14.47,防空避難室、停車空間,鋼筋混凝土造,88年10月4日,八層,,
RPSNMLNJKHLGFHD38CC,26,13.02,梯間,鋼筋混凝土造,88年10月4日,八層,,
RPPNMLNJKHLGFHD08CC,3,71.09,集合住宅,鋼筋混凝土造,112年1月12日,六層,,
RPPNMLNJKHLGFHD08CC,3,37.73,本共有部份之項目有：停車空間、管委會空間、樓梯間、水箱、門廊、公共空間共６項。,鋼筋混凝土造,112年1月12日,六層,,
RPRNMLNJKHLGFHD28CC,30,142.53,住家用,鋼筋混凝土造,84年10月17日,八層,,
RPRNMLNJKHLGFHD28CC,30,3.45,台電受電室、發電機室、蓄水池、車道、梯間、水塔、機械室,鋼筋混凝土造,84年10月17日,八層,,
RPRNMLNJKHLGFHD28CC,30,3.59,防空避難室、停車空間,鋼筋混凝土造,84年10月17日,八層,,
RPWNMLNJKHLGFID88CC,22,18.18,住家用,鋼筋混凝土造,92年9月10日,十層,,
RPXNMLNJKHLGFID98CC,2,49.82,集合住宅,鋼筋混凝土造,112年8月8日,十五層,,
RPXNMLNJKHLGFID98CC,2,38.82,本共有部分之項目有停車空間、管委會使用空間、梯間、車道、前廊、陽台、樓梯間、機械室、水箱等９項,鋼筋混凝土造,112年8月8日,十五層,,
RPOOMLNJKHLGFID18CC,5,80.77,集合住宅,鋼筋混凝土構造,110年3月15日,二十四層,,
RPOOMLNJKHLGFID18CC,5,58.54,本共有部分之項目有管委會使用空間、停車空間、機電設備空間、防空避難室兼停車空間、台電配電場所、自來水箱、車道、門廳、儲藏室、機房、樓梯間、消防水箱等１２項,鋼筋混凝土構造,110年3月15日,二十四層,,
RPPOMLNJKHLGFID28CC,6,72.99,集合住宅,鋼筋混凝土構造,108年12月12日,五層,,
RPPOMLNJKHLGFID28CC,6,38.19,本共有部分之項目有門廊、安全梯、停車空間、管理室、樓梯間、梯廳、昇降機間、電信室等８項,鋼筋混凝土構造,108年12月12日,五層,,
RPRNMLNJKHLGFKD58CC,8,9.42,住家用,鋼筋混凝土構造,107年4月2日,五層,,
RPRNMLNJKHLGFKD58CC,8,4.19,本共有部分之項目有：電梯間，樓梯間及水箱等３項,鋼筋混凝土構造,107年4月2日,五層,,
RPPNMLNJKHLGFKD38CC,32,20.23,住家用,鋼筋混凝土造,82年8月27日,十五層,,
RPPNMLNJKHLGFKD38CC,32,5.38,共同使用部份,鋼筋混凝土造,82年8月27日,十五層,,
RPPNMLNJKHLGFKD38CC,32,2.95,避難室兼停車空間、梯間、清水池、配電室、門廊、消防泵浦間、交誼廳、乒乓球室。,鋼筋混凝土造,82年8月27日,十六層,,
RPUNMLNJKHLGFKD88CC,,58.86,集合住宅,鋼筋混凝土造,114年8月5日,十二層,,
RPUNMLNJKHLGFKD88CC,,46.73,本共有部分之項目有：防空避難室兼停車空間、停車空間、管理維護空間、樓梯間、安全梯、昇降機、機電空間、水塔空間等８項,鋼筋混凝土造,114年8月5日,十二層,,
RPTNMLNJKHLGFKD78CC,20,80.75,住家用,鋼筋混凝土造,95年1月26日,六層,,
RPUOMLNJKHLGFKD98CC,29,100.00,辦公室。,鋼筋混凝土造,86年1月28日,十九層,,
RPTNMLNJKHLGFKD78CC,20,27.38,共同使用部份,鋼筋混凝土造,95年1月26日,六層,,
RPTNMLNJKHLGFKD78CC,20,15.29,共同使用部份,鋼筋混凝土造,95年1月26日,六層,,
RPXNMLNJKHLGFKD56CC,30,93.14,儲藏室、停車空間、店舖。,鋼筋混凝土造,85年3月5日,六層,,
RPWNMLNJKHLGFKD09CC,27,41.31,住家用,鋼筋混凝土造,88年3月17日,十一層,,
RPVOMLNJKHLGFKD09CC,32,469.32,住家用,鋼筋混凝土造,82年12月21日,五層,,
RPXNMLNJKHLGFKD56CC,30,19.39,共同使用部份,鋼筋混凝土造,85年3月5日,六層,,
RPVNMLNJKHLGFKD98CC,44,80.04,住家用,鋼筋混凝土造,70年11月5日,四層,,
RPWNMLNJKHLGFKD09CC,27,17.58,共同使用部份,鋼筋混凝土造,88年3月17日,十一層,,
RPWOMLNJKHLGFKD56CC,4,29.75,住家用,鋼筋混凝土構造,111年1月18日,四層,,
RPWNMLNJKHLGFKD09CC,27,7.07,共同使用部份,鋼筋混凝土造,88年3月17日,十一層,,
RPVNMLNJKHLGFKD98CC,44,14.22,共同使用部份,鋼筋混凝土造,70年11月5日,四層,,
RPOOMLNJKHLGFKD38CC,19,125.00,住家用,鋼筋混凝土造,95年12月15日,十層,,
RPOOMLNJKHLGFKD38CC,19,70.34,共同使用部份,鋼筋混凝土造,95年12月15日,十四層,,
RPTOMLNJKHLGFKD88CC,45,46.65,住商用,加強磚造,70年2月24日,二層,,
RPQOMLNJKHLGFKD58CC,7,50.62,住家用,鋼筋混凝土構造,107年12月14日,十八層,,
RPQOMLNJKHLGFKD58CC,7,44.37,本共有部分之項目有停車空間、台電配電室、防空避難室兼停車空間、梯間、公共服務空間、車道、防災中心、緩衝空間、頂蓋型沿街步道式開放空間、頂蓋型廣場式開放空間、樓梯間、水箱及機房等１３項,鋼筋混凝土構造,107年12月14日,十八層,,
RPPOMLNJKHLGFKD48CC,4,52.77,集合住宅,鋼筋混凝土構造,110年12月29日,二十六層,,
RPPOMLNJKHLGFKD48CC,4,15.39,本共有部分之項目有：樓梯間，水箱，機房共３項,鋼筋混凝土構造,110年12月29日,二十六層,,
RPPOMLNJKHLGFKD48CC,4,47.90,本共有之項目有：防空避難室兼停車空間，廁所，防災中心，管委，門廊，停車空間，車道，資源回收區，梯間共９項,鋼筋混凝土構造,110年12月29日,二十六層,,
RPSOMLNJKHLGFKD78CC,45,40.03,住商用,加強磚造,70年2月24日,二層,,
RPOPMLNJKHLGFKD48CC,5,69.66,集合住宅,鋼筋混凝土構造,110年2月4日,二十一層,,
RPOPMLNJKHLGFKD48CC,5,34.07,共有部分之項目：有門廊，樓梯間，陽台，機械室，水箱，防空避難室兼停車空間，停車空間等７項,鋼筋混凝土構造,110年2月4日,二十一層,,
RPXOMLNJKHLGFKD66CC,31,50.58,辦公室。,鋼筋混凝土造,84年3月31日,十五層,,
RPXOMLNJKHLGFKD66CC,31,10.63,共同使用部份,鋼筋混凝土造,84年3月31日,十五層,,
RPXOMLNJKHLGFKD66CC,31,37.44,共同使用部份,鋼筋混凝土造,84年3月31日,十五層,,
RPRPMLNJKHLGFKD78CC,28,66.81,住家用,鋼筋混凝土造,86年9月26日,十一層,,
RPRPMLNJKHLGFKD78CC,28,17.33,共同使用部份,鋼筋混凝土造,86年9月26日,十一層,,
RPPPMLNJKHLGFKD58CC,32,27.00,住家用,鋼筋混凝土造,82年8月27日,十五層,,
RPRPMLNJKHLGFKD78CC,28,6.65,共同使用部份,鋼筋混凝土造,86年9月26日,十一層,,
RPPPMLNJKHLGFKD58CC,32,6.33,共同使用部份,鋼筋混凝土造,82年8月27日,十五層,,
RPPPMLNJKHLGFKD58CC,32,3.83,避難室兼停車空間、梯間、清水池、配電室、門廊、消防泵浦間、交誼廳、乒乓球室。,鋼筋混凝土造,82年8月27日,十六層,,
RPSPMLNJKHLGFKD88CC,31,87.03,住家用,鋼筋混凝土造,84年1月24日,六層,,
RPSPMLNJKHLGFKD88CC,31,41.94,共同使用部份,鋼筋混凝土造,84年1月24日,六層,,
RPTPMLNJKHLGFKD98CC,8,59.04,住家用,鋼筋混凝土構造,107年2月2日,十六層,,
RPTPMLNJKHLGFKD98CC,8,2.87,本共有部分之項目有：管委會使用空間、門廊、機電設備及其他、汽車坡道及停車空間,鋼筋混凝土構造,107年2月2日,十六層,,
RPTNMLOJKHLGFAD87CC,5,55.62,集合住宅,鋼筋混凝土構造,110年5月3日,十八層,,
RPTPMLNJKHLGFKD98CC,8,68.41,共有部分之項目有：防空避難室兼停車空間，停車空間,鋼筋混凝土構造,107年2月2日,十六層,,
RPTNMLOJKHLGFAD87CC,5,28.45,本共有部分之項目有防災中心、停車空間、機電設備空間、防空避難室兼停車空間、台電配電場所、自來水箱、車道、門廳、儲藏室、樓梯間、梯廳、昇降梯、屋頂平台等１３項。,鋼筋混凝土構造,110年5月3日,十八層,,
RPXPMLNJKHLGFKD76CC,38,129.69,住家用,鋼筋混凝土造,76年8月20日,二層,,
RPTPMLNJKHLGFKD98CC,8,15.01,本共有部分之項目有：Ａ棟第２～１６層樓梯間、屋頂突出物第一層樓梯間、過樑投影面積、屋頂突出物第二層機械室、水箱部份,鋼筋混凝土構造,107年2月2日,十六層,,
RPWPMLNJKHLGFKD66CC,27,50.68,一般事務所。,鋼筋混凝土造,87年10月26日,十一層,,
RPWPMLNJKHLGFKD66CC,27,6.69,共同使用部份,鋼筋混凝土造,87年10月26日,十一層,,
RPRNMLOJKHLGFAD67CC,30,60.41,住家用,鋼筋混凝土造,84年9月12日,十八層,,
RPWPMLNJKHLGFKD66CC,27,16.09,共同使用部份,鋼筋混凝土造,87年10月26日,十一層,,
RPVPMLNJKHLGFKD56CC,32,26.93,住家用,鋼筋混凝土造,83年5月24日,十二層,,
RPRNMLOJKHLGFAD67CC,30,10.04,共同使用部份,鋼筋混凝土造,84年9月12日,十八層,,
RPVPMLNJKHLGFKD56CC,32,5.99,共同使用部份,鋼筋混凝土造,83年5月24日,十二層,,
RPRNMLOJKHLGFAD67CC,30,8.25,共同使用部份,鋼筋混凝土造,84年9月12日,十八層,,
RPVPMLNJKHLGFKD56CC,32,5.02,共同使用部份,鋼筋混凝土造,83年5月24日,十二層,,
RPQOMLOJKHLGFAD67CC,4,61.74,集合住宅,鋼筋混凝土構造,110年12月13日,二十二層,,
RPXNMLOJKHLGFAD28CC,1,51.82,集合住宅,鋼骨鋼筋混凝土造、鋼筋混凝土造,114年4月15日,三十四層,,
RPQOMLOJKHLGFAD67CC,4,54.90,本共有部分之項目有管委會使用空間、公共服務空間、樓梯間、電梯間、機械室、水箱、停車空間、防空避難室兼停車空間、中繼機房、外廊、防災中心、車道。,鋼筋混凝土構造,110年12月13日,二十二層,,
RPXNMLOJKHLGFAD28CC,1,55.84,本共有部分之項目有管委會使用空間、門廳、機電設備空間、防災中心、儲藏室、樓梯間、消防水箱、防空避難室兼停車空間、車道、停車空間、自來水箱、梯廳、陽台、電信機房等１４項。,鋼骨鋼筋混凝土造、鋼筋混凝土造,114年4月15日,三十四層,,
RPPNMLOJKHLGFAD47CC,38,58.73,住家用,鋼筋混凝土造,77年2月22日,五層,,
RPPNMLOJKHLGFAD47CC,38,12.87,共同使用部份,鋼筋混凝土造,77年2月22日,五層,,
RPWNMLOJKHLGFAD18CC,27,61.09,集合住宅,鋼筋混凝土造,88年1月13日,十三層,,
RPWNMLOJKHLGFAD18CC,27,37.85,共同使用部份,鋼筋混凝土造,88年1月13日,十三層,,
RPWNMLOJKHLGFAD18CC,27,8.93,共同使用部份,鋼筋混凝土造,88年1月13日,十三層,,
RPVNMLOJKHLGFAD08CC,2,71.33,集合住宅,鋼筋混凝土造,112年11月8日,二十二層,,
RPUNMLOJKHLGFAD97CC,29,62.69,住家用,鋼筋混凝土造,86年1月27日,二十層,,
RPVNMLOJKHLGFAD08CC,2,64.27,本共有部分之項目有防空避難室兼停車空間、停車空間、管委會使用空間、梯間、門廳兼梯廳、樓梯間、機械室、水箱、門廊、車道、排煙室、管道間等１２項,鋼筋混凝土造,112年11月8日,二十二層,,
RPUNMLOJKHLGFAD97CC,29,12.98,共同使用部份,鋼筋混凝土造,86年1月27日,二十層,,
RPUNMLOJKHLGFAD97CC,29,9.79,共同使用部份,鋼筋混凝土造,86年1月27日,二十層,,
RPPOMLOJKHLGFAD57CC,31,89.76,住家用,鋼筋混凝土造,84年5月16日,二十二層,,
RPUNMLOJKHLGFAD97CC,29,5.65,共同使用部份,鋼筋混凝土造,86年1月27日,二十層,,
RPPOMLOJKHLGFAD57CC,31,45.84,共同使用部份,鋼筋混凝土造,84年5月16日,二十二層,,
RPPOMLOJKHLGFAD57CC,31,13.64,共同使用部份,鋼筋混凝土造,84年5月16日,二十二層,,
RPSOMLOJKHLGFAD87CC,31,74.12,住家用,鋼筋混凝土造,84年1月4日,二十五層,,
RPSOMLOJKHLGFAD87CC,31,12.71,共同使用部份,鋼筋混凝土造,84年1月4日,二十四層,,
RPSOMLOJKHLGFAD87CC,31,9.60,共同使用部份,鋼筋混凝土造,84年1月4日,二十四層,,
RPROMLOJKHLGFAD77CC,28,83.60,集合住宅,鋼筋混凝土造,87年4月20日,十四層,,
RPOOMLOJKHLGFAD47CC,43,23.17,住家用,鋼筋混凝土造,71年10月12日,十二層,,
RPROMLOJKHLGFAD77CC,28,11.45,共同使用部份,鋼筋混凝土造,87年4月20日,十四層,,
RPOOMLOJKHLGFAD47CC,43,8.05,共同使用部份,鋼筋混凝土造,71年10月12日,十二層,,
RPROMLOJKHLGFAD77CC,28,11.11,共同使用部份,鋼筋混凝土造,87年4月20日,十四層,,
RPUOMLOJKHLGFAD08CC,44,71.54,住家用,鋼筋混凝土造,70年12月22日,五層,,
RPUOMLOJKHLGFAD08CC,44,11.04,共同使用部份,鋼筋混凝土造,70年12月12日,五層,,
RPVOMLOJKHLGFAD18CC,2,58.10,集合住宅,鋼筋混凝土造,112年10月17日,二十九層,,
RPVOMLOJKHLGFAD18CC,2,45.68,本共有部分之項目有防空避難室兼停車空間、停車空間、公共服務空間、梯間、車道、門廊、門廳、防災中心、陽台、中繼水箱、樓梯間、昇降機間（排煙室）、機械室、水箱、雨遮等１５項。,鋼筋混凝土造,112年10月17日,二十九層,,
RPTOMLOJKHLGFAD97CC,46,36.29,住家用,鋼筋混凝土造,69年5月3日,六層,,
RPTOMLOJKHLGFAD97CC,46,.00,共同使用部份,鋼筋混凝土造,69年5月3日,六層,,
RPTOMLOJKHLGFAD97CC,46,3.29,共同使用部份,鋼筋混凝土造,69年5月3日,六層,,
RPRNMLOJKHLGFBD77CC,4,61.29,集合住宅,鋼筋混凝土造,111年6月1日,五層,,
RPRNMLOJKHLGFBD77CC,4,20.62,本共有部分之項目有：停車空間、梯廳、昇降機、門廊、管理委員會使用空間、電信室、安全梯、樓梯間共８項,鋼筋混凝土造,111年6月1日,五層,,
RPPNMLOJKHLGFBD57CC,24,35.00,住家用,鋼筋混凝土造,91年7月10日,四層,,
RPOOMLOJKHLGFBD57CC,46,104.29,住家用,鋼筋混凝土造,69年5月5日,二層,,
RPUNMLOJKHLGFBD08CC,44,85.58,集合住宅,鋼筋混凝土造,70年9月7日,四層,,
RPVNMLOJKHLGFBD18CC,31,171.47,住家用,鋼筋混凝土造,84年5月16日,四層,,
RPUNMLOJKHLGFBD08CC,44,2.92,避難室,鋼筋混凝土造,70年9月7日,四層,,
RPTNMLOJKHLGFBD97CC,3,230.63,店舖、集合住宅、停車空間,鋼筋混凝土造,112年5月3日,四層,,
RPUNMLOJKHLGFBD08CC,44,8.08,共同使用部份,鋼筋混凝土造,70年9月7日,四層,,
RPQOMLOJKHLGFBD77CC,23,204.12,住家用,鋼筋混凝土造,91年11月21日,三層,,
RPWNMLOJKHLGFBD28CC,46,77.00,住家用,加強磚造,69年6月3日,二層,,
RPQNMLOJKHLGFBD67CC,42,87.02,住商用,加強磚造,72年11月25日,二層,,
RPSNMLOJKHLGFBD87CC,4,60.80,集合住宅,鋼筋混凝土造,111年6月1日,五層,,
RPSNMLOJKHLGFBD87CC,4,20.31,本共有部分之項目有：停車空間、梯廳、昇降機、門廊、管理委員會使用空間、電信室、安全梯、樓梯間共８項,鋼筋混凝土造,111年6月1日,五層,,
RPRNMLOJKHLGFCD87CC,26,89.46,集合住宅,鋼筋混凝土造,88年10月21日,十三層,,
RPRNMLOJKHLGFCD87CC,26,15.75,共同使用部份,鋼筋混凝土造,88年10月21日,十三層,,
RPRNMLOJKHLGFCD87CC,26,31.08,共同使用部份,鋼筋混凝土造,88年10月21日,十三層,,
RPTNMLOJKHLGFCD08CC,48,76.48,住家用,鋼筋混凝土造,67年5月9日,四層,,
RPUNMLOJKHLGFCD18CC,45,24.48,辦公室,鋼筋混凝土造,70年1月16日,七層,,
RPUNMLOJKHLGFCD18CC,45,5.12,共同使用部份,鋼筋混凝土造,70年1月16日,七層,,
RPSNMLOJKHLGFCD97CC,37,88.20,住家用,鋼筋混凝土造,77年8月11日,五層,,
RPSNMLOJKHLGFCD97CC,37,15.15,共同使用部份,鋼筋混凝土造,77年8月11日,五層,,
RPVNMLOJKHLGFCD28CC,1,45.28,集合住宅,鋼筋混凝土造,113年8月16日,十五層,,
RPVNMLOJKHLGFCD28CC,1,38.87,本共有部份之項目有：防空避難室兼停車空間、停車空間、管委會使用空間、樓梯間、昇降機間、機械室、水箱、梯間、門廊、車道共１０項。,鋼筋混凝土造,113年8月16日,十五層,,
RPQNMLOJKHLGFHD28CC,6,61.00,集合住宅,鋼筋混凝土造,109年4月24日,七層,,
RPUOMLOJKHLGFCD28CC,31,66.82,住家用,鋼筋混凝土造,83年11月2日,七層,,
RPQNMLOJKHLGFHD28CC,6,29.12,管理維護空間、停車空間、門廊、樓梯間、機械室、蓄水池,鋼筋混凝土造,109年4月24日,七層,,
RPUOMLOJKHLGFCD28CC,31,24.28,共同使用部份,鋼筋混凝土造,83年11月2日,七層,,
RPSOMLOJKHLGFCD08CC,42,97.95,住家用,鋼筋混凝土造,73年1月18日,十二層,,
RPSOMLOJKHLGFCD08CC,42,16.34,共同使用部份,鋼筋混凝土造,73年1月18日,十二層,,
RPPNMLOJKHLGFGD08CC,49,85.01,住家用,加強磚造,66年7月9日,二層,,
RPRNMLOJKHLGFHD38CC,43,1830.84,工業用,鐵造,71年10月27日,一層,,
RPWNMLOJKHLGFCD38CC,30,17.45,住家用,鋼筋混凝土造,85年2月2日,三層,,
RPQOMLOJKHLGFCD87CC,28,150.85,住商用,鋼筋混凝土造,86年7月29日,八層,,
RPWNMLOJKHLGFCD38CC,30,4.49,共同使用部份,鋼筋混凝土造,85年2月2日,三層,,
RPQOMLOJKHLGFCD87CC,28,28.83,共同使用部份,鋼筋混凝土造,86年7月29日,八層,,
RPTOMLOJKHLGFCD18CC,51,72.48,住家用,補強磚造,64年7月16日,二層,,
RPRNMLOJKHLGFID48CC,13,185.30,住家用,鋼筋混凝土造,102年7月19日,四層,,
RPSNMLOJKHLGFHD48CC,2,74.89,出租宿舍（商務住宅）,鋼筋混凝土造,112年10月3日,十四層,,
RPXNMLOJKHLGFCD48CC,30,17.09,住家用,鋼筋混凝土造,85年2月2日,三層,,
RPXNMLOJKHLGFCD48CC,30,4.58,共同使用部份,鋼筋混凝土造,85年2月2日,三層,,
RPSNMLOJKHLGFHD48CC,2,63.80,共有部份之項目有：停車空間、門廊、樓梯間、排煙室、管理維護空間、資源回收專區、公共服務空間、停車空間（車道）、梯廳、水塔、機械室。,鋼筋混凝土造,112年10月3日,十四層,,
RPPNMLOJKHLGFID28CC,30,65.36,住家用,鋼筋混凝土造,84年8月29日,九層,,
RPPNMLOJKHLGFID28CC,30,19.04,共同使用部份,鋼筋混凝土造,84年8月29日,九層,,
RPPNMLOJKHLGFED87CC,43,400.32,工業用,鋼筋混凝土造鋼鐵造,72年3月21日,一層,,
RPOOMLOJKHLGFCD67CC,35,18.09,住家用,鋼筋混凝土造,79年9月22日,七層,,
RPOOMLOJKHLGFCD67CC,35,7.03,共同使用部份,鋼筋混凝土造,79年9月22日,七層,,
RPVOMLOJKHLGFCD38CC,35,15.02,商業用,鋼筋混凝土造,79年9月26日,十二層,,
RPPNMLOJKHLGFHD18CC,2,71.02,集合住宅,鋼筋混凝土造,113年7月18日,十五層,,
RPVOMLOJKHLGFCD38CC,35,7.62,共同使用部份,鋼筋混凝土造,79年9月26日,十二層,,
RPPNMLOJKHLGFHD18CC,2,36.22,本共有部分之項目有停車空間、雨水貯留利用及汙水機房、消防機械室、發電機室、排煙室、樓梯間、一般昇降機、緊急昇降機、安全梯、無障礙樓梯、水箱、台電配電室、電信室、管委會使用空間、梯廳、門廊、管道間、水表室、電梯機房等１９項,鋼筋混凝土造,113年7月18日,十五層,,
RPQNMLOJKHLGFID38CC,23,190.40,住家用,鋼筋混凝土造,91年12月6日,四層,,
RPVNMLOJKHLGFID88CC,27,88.51,住家用,鋼筋混凝土造,88年3月12日,十三層,,
RPVNMLOJKHLGFID88CC,27,35.08,共同使用部份,鋼筋混凝土造,88年3月12日,十三層,,
RPVNMLOJKHLGFID88CC,27,13.31,共同使用部份,鋼筋混凝土造,88年3月12日,十三層,,
RPTNMLOJKHLGFID68CC,22,14.88,住家用,鋼筋混凝土造,92年9月10日,十層,,
RPQNMLOJKHLGFKD58CC,43,125.40,住商用,加強磚造,72年6月27日,二層,,
RPUNMLOJKHLGFKD98CC,35,107.16,辦公室。,鋼骨造,79年12月5日,二十四層,,
RPUNMLOJKHLGFKD98CC,35,4.06,共同使用部份,鋼造,79年12月5日,二十四層,,
RPUNMLOJKHLGFKD98CC,35,7.55,共同使用部份,鋼造,79年12月5日,二十四層,,
RPUNMLOJKHLGFKD98CC,35,6.79,共同使用部份,鋼造,79年12月5日,二十四層,,
RPUNMLOJKHLGFKD98CC,35,18.94,共同使用部份,鋼造,79年12月5日,二十四層,,
RPROMLOJKHLGFKD78CC,38,143.65,住家用,鋼筋混凝土造,76年8月13日,二層,,
RPQOMLOJKHLGFKD68CC,30,63.31,住家用,鋼筋混凝土造,85年2月15日,九層,,
RPQOMLOJKHLGFKD68CC,30,35.98,共同使用部份,鋼筋混凝土造,85年2月15日,九層,,
RPQOMLOJKHLGFKD68CC,30,9.17,共同使用部份,鋼筋混凝土造,85年2月15日,九層,,
RPSOMLOJKHLGFKD88CC,37,104.18,避難室．廠房。,鋼筋混凝土造,77年8月10日,二層,,
RPSOMLOJKHLGFKD88CC,37,1539.49,工業用,鐵造,77年8月10日,一層,,
RPPOMLOJKHLGFKD58CC,31,35.60,辦公室。,鋼筋混凝土造,84年3月31日,十五層,,
RPSOMLOJKHLGFKD88CC,37,15.90,廁所。,加強磚造,77年8月10日,,,
RPPOMLOJKHLGFKD58CC,31,7.98,共同使用部份,鋼筋混凝土造,84年3月31日,十五層,,
RPXNMLOJKHLGFKD66CC,33,68.59,住家用,鋼筋混凝土造,82年3月10日,十層,,
RPPNMLOJKHLGFKD48CC,28,52.70,住家用,鋼筋混凝土造,86年9月26日,十一層,,
RPPOMLOJKHLGFKD58CC,31,37.44,共同使用部份,鋼筋混凝土造,84年3月31日,十五層,,
RPXNMLOJKHLGFKD66CC,33,19.29,共同使用部份,鋼筋混凝土造,82年3月10日,十一層,,
RPPNMLOJKHLGFKD48CC,28,13.33,共同使用部份,鋼筋混凝土造,86年9月26日,十一層,,
RPXNMLOJKHLGFKD66CC,33,14.74,共同使用部份,鋼筋混凝土造,82年3月10日,十一層,,
RPPNMLOJKHLGFKD48CC,28,6.99,共同使用部份,鋼筋混凝土造,86年9月26日,十一層,,
RPSNMLOJKHLGFKD78CC,13,59.35,集合住宅,鋼筋混凝土構造,101年8月17日,十九層,,
RPTNMLOJKHLGFKD88CC,13,59.35,集合住宅,鋼筋混凝土構造,101年8月17日,十九層,,
RPTNMLOJKHLGFKD88CC,13,30.55,防空避難室兼停車空間，機電設備，社區文康室，社區運動室，梯廳，機械室，水箱,鋼筋混凝土構造,101年8月17日,十九層,,
RPSNMLOJKHLGFKD78CC,13,30.55,防空避難室兼停車空間，機電設備，社區文康室，社區運動室，梯廳，機械室，水箱,鋼筋混凝土構造,101年8月17日,十九層,,
RPOOMLOJKHLGFKD48CC,12,19.83,住宅，停車空間,鋼筋混凝土構造,102年8月21日,四層,,
RPXOMLOJKHLGFKD76CC,30,70.23,住家用,鋼筋混凝土造,84年9月8日,十九層,,
RPXOMLOJKHLGFKD76CC,30,24.07,共同使用部份,鋼筋混凝土造,84年9月8日,十九層,,
RPTOMLOJKHLGFKD98CC,45,69.55,住商用,加強磚造,69年10月6日,二層,,
RPOPMLOJKHLGFKD58CC,26,23.19,住家用,鋼筋混凝土造,88年8月24日,十四層,,
RPRNMLOJKHLGFKD68CC,2,57.71,集合住宅,鋼筋混凝土構造,112年8月18日,十五層,,
RPOPMLOJKHLGFKD58CC,26,.57,共同使用部份,鋼筋混凝土造,88年8月24日,十四層,,
RPOPMLOJKHLGFKD58CC,26,1.04,共同使用部份,鋼筋混凝土造,88年8月24日,十四層,,
RPVOMLOJKHLGFKD56CC,33,45.69,住家用,鋼筋混凝土造,82年3月10日,十層,,
RPOPMLOJKHLGFKD58CC,26,6.20,共同使用部份,鋼筋混凝土造,88年8月24日,十四層,,
RPVOMLOJKHLGFKD56CC,33,13.32,共同使用部份,鋼筋混凝土造,82年3月10日,十一層,,
RPRNMLOJKHLGFKD68CC,2,12.72,本共有部分之項目有：停車空間，防空避難室兼停車空間，公共空間，專用汙水處理設施，消防蓄水池，管委會，梯廳，環保室，車道，無障礙廁所，門廊等１１項,鋼筋混凝土構造,112年8月18日,十五層,,
RPVOMLOJKHLGFKD56CC,33,5.70,共同使用部份,鋼筋混凝土造,82年3月10日,十一層,,
RPRNMLOJKHLGFKD68CC,2,11.81,本共有部分之項目有安全梯，戶外安全梯，機電空間，排煙室，梯廳，緊急升降機，電梯，管道間，電梯機械室，水箱，門廊等１１項,鋼筋混凝土構造,112年8月18日,十五層,,
RPWNMLOJKHLGFKD56CC,31,21.96,住家用,鋼筋混凝土造,83年12月24日,八層,,
RPWNMLOJKHLGFKD56CC,31,9.14,共同使用部份,鋼筋混凝土造,83年12月24日,八層,,
RPWOMLOJKHLGFKD66CC,29,86.24,住家用,鋼筋混凝土造,86年5月29日,二十層,,
RPUOMLOJKHLGFKD09CC,45,68.75,住家用,鋼筋混凝土造,70年3月11日,五層,,
RPWOMLOJKHLGFKD66CC,29,12.68,共同使用部份,鋼筋混凝土造,86年5月29日,二十層,,
RPUOMLOJKHLGFKD09CC,45,8.50,共同使用部份,鋼筋混凝土造,70年3月11日,五層,,
RPWOMLOJKHLGFKD66CC,29,12.60,共同使用部份,鋼筋混凝土造,86年5月29日,二十層,,
RPUOMLOJKHLGFKD09CC,45,6.89,共同使用部份,,70年3月11日,五層,,
RPUOMLOJKHLGFKD09CC,45,1.55,共同使用部份,,70年3月11日,五層,,
RPVNMLLJKHLGFCD97CC,18,28.92,住家用,鋼筋混凝土造,97年2月29日,十四層,,
RPVNMLLJKHLGFCD97CC,18,32.95,共同使用部份,鋼筋混凝土造,97年2月29日,十四層,,
RPVNMLLJKHLGFCD97CC,18,9.41,共同使用部份,鋼筋混凝土造,97年2月29日,十四層,,
RPPNMLPJKHLGFAD57CC,14,261.44,店舖、住宅,鋼筋混凝土構造,100年11月15日,三層,,
RPSNMLPJKHLGFAD87CC,1,52.19,集合住宅,鋼骨鋼筋混凝土造、鋼筋混凝土造,114年4月15日,三十四層,,
RPTNMLPJKHLGFAD97CC,42,134.47,住家用,鋼筋混凝土造,73年6月11日,五層,,
RPSNMLPJKHLGFAD87CC,1,58.34,本共有部分之項目有管委會使用空間、門廳、機電設備空間、防災中心、儲藏室、樓梯間、消防水箱、防空避難室兼停車空間、車道、停車空間、自來水箱、梯廳、陽台、電信機房等１４項。,鋼骨鋼筋混凝土造、鋼筋混凝土造,114年4月15日,三十四層,,
RPPNMLPJKHLGFCD77CC,30,83.58,住家用,鋼筋混凝土造,85年2月3日,十六層,,
RPQNMLPJKHLGFAD67CC,54,36.61,住家用,加強磚造,61年4月22日,二層,,
RPPNMLPJKHLGFCD77CC,30,41.76,共同使用部份,鋼筋混凝土造,85年2月3日,十六層,,
RPPNMLPJKHLGFCD77CC,30,12.40,共同使用部份,鋼筋混凝土造,85年2月3日,十六層,,
RPVNMLPJKHLGFAD18CC,32,110.14,住家用,鋼筋混凝土造,82年8月4日,八層,,
RPVNMLPJKHLGFAD18CC,32,22.22,共同使用部份,鋼筋混凝土造,82年8月4日,八層,,
RPVNMLPJKHLGFAD18CC,32,19.45,共同使用部份,鋼筋混凝土造,82年8月4日,八層,,
RPRNMLPJKHLGFBD87CC,1,57.12,集合住宅,鋼筋混凝土造,114年1月23日,十三層,,
RPRNMLPJKHLGFBD87CC,1,51.19,本共有部分之項目有防空避難室兼停車空間、停車空間、管委會空間、公共服務空間、門廊、梯間、樓梯間、機械室、水箱等９項。,鋼筋混凝土造,114年1月23日,十三層,,
RPUNMLPJKHLGFAD08CC,47,29.07,住商用,鋼筋混凝土造,67年10月26日,十二層,,
RPUNMLPJKHLGFAD08CC,47,6.60,共同使用部份,鋼筋混凝土造,67年10月26日,十二層,,
RPWNMLPJKHLGFAD28CC,35,18.75,商業用,鋼筋混凝土造,80年2月9日,九層,,
RPWNMLPJKHLGFAD28CC,35,9.15,共同使用部份,鋼筋混凝土造,80年2月9日,九層,,
RPPNMLPJKHLGFBD67CC,20,196.69,住宅、停車空間,鋼筋混凝土造,95年4月6日,四層,,
RPXNMLPJKHLGFAD38CC,32,133.14,住家用,鋼筋混凝土造,82年12月13日,五層,,
RPXNMLPJKHLGFAD38CC,32,13.68,共同使用部份,鋼筋混凝土造,82年12月13日,五層,,
RPXNMLPJKHLGFAD38CC,32,13.85,共同使用部份,鋼筋混凝土造,82年12月13日,五層,,
RPOOMLPJKHLGFAD57CC,28,24.10,集合住宅,鋼筋混凝土造,87年7月6日,五層,,
RPOOMLPJKHLGFAD57CC,28,8.84,共同使用部份,鋼筋混凝土造,87年7月6日,五層,,
RPQNMLPJKHLGFCD87CC,37,35.52,住家用,鋼筋混凝土造,78年2月4日,五層,,
RPQNMLPJKHLGFCD87CC,37,10.40,共同使用部份,鋼筋混凝土造,78年2月4日,五層,,
RPPOMLPJKHLGFAD67CC,41,22.98,住家用,鋼筋混凝土造,73年12月28日,十四層,,
RPPOMLPJKHLGFAD67CC,41,7.75,共同使用部份,鋼筋混凝土造,73年12月28日,十四層,,
RPSNMLPJKHLGFCD08CC,4,27.74,集合住宅,鋼筋混凝土構造,111年6月1日,六層,,
RPSNMLPJKHLGFCD08CC,4,16.78,本共有部分之項目有：防空避難室兼停車空間、梯廳、安全梯、台電配電室、緊急發電機、電信室、消防機房、汙水機房、雨水機房、水箱、管理委員會空間、中央監控室、戶外安全梯、機房、管委會空間（走廊）、管委會空間等十六項。,鋼筋混凝土構造,111年6月1日,六層,,
RPUNMLPJKHLGFCD28CC,55,80.92,住家用,補強磚造,59年12月10日,二層,,
RPRNMLPJKHLGFCD97CC,4,27.74,集合住宅,鋼筋混凝土構造,111年6月1日,六層,,
RPRNMLPJKHLGFCD97CC,4,16.78,本共有部分之項目有：防空避難室兼停車空間、梯廳、安全梯、台電配電室、緊急發電機、電信室、消防機房、汙水機房、雨水機房、水箱、管理委員會空間、中央監控室、戶外安全梯、機房、管委會空間（走廊）、管委會空間等十六項。,鋼筋混凝土構造,111年6月1日,六層,,
RPTNMLPJKHLGFCD18CC,4,24.88,集合住宅,鋼筋混凝土構造,111年6月1日,六層,,
RPTNMLPJKHLGFCD18CC,4,15.03,本共有部分之項目有：防空避難室兼停車空間、梯廳、安全梯、台電配電室、緊急發電機、電信室、消防機房、汙水機房、雨水機房、水箱、管理委員會空間、中央監控室、戶外安全梯、機房、管委會空間（走廊）、管委會空間等十六項。,鋼筋混凝土構造,111年6月1日,六層,,
RPPNMLPJKHLGFDD87CC,31,166.67,住商用,鋼筋混凝土造,84年6月8日,三層,,
RPQNMLPJKHLGFDD97CC,33,87.85,住商用,鋼筋混凝土造,81年12月30日,五層,,
RPQNMLPJKHLGFDD97CC,33,20.85,共同使用部份,鋼筋混凝土造,81年12月30日,五層,,
RPUNMLPJKHLGFHD78CC,49,245.60,住商用,鋼筋混凝土造,66年6月3日,四層,,
RPUNMLPJKHLGFHD78CC,22,229.37,住商用,鋼骨造,93年4月19日,一層,,
RPQNMLPJKHLGFKD68CC,32,35.47,住家用,鋼筋混凝土造,82年12月30日,九層,,
RPQNMLPJKHLGFKD68CC,32,18.64,共同使用部份,鋼筋混凝土造,82年12月30日,九層,,
RPQNMLPJKHLGFHD38CC,5,264.45,汽車運輸業辦公室,鋼骨構造,109年11月18日,一層,,
RPUNMLPJKHLGFKD09CC,31,26.48,住家用,鋼筋混凝土造,84年5月22日,七層,,
RPSNMLPJKHLGFKD88CC,30,81.96,住家用,鋼筋混凝土造,84年8月12日,八層,,
RPRNMLPJKHLGFHD48CC,2,71.17,出租宿舍（商務住宅）,鋼筋混凝土造,112年10月3日,十四層,,
RPSNMLPJKHLGFKD88CC,30,36.02,共同使用部份,鋼筋混凝土造,84年8月12日,八層,,
RPUNMLPJKHLGFKD09CC,31,5.41,共同使用部份,鋼筋混凝土造,84年5月22日,七層,,
RPRNMLPJKHLGFHD48CC,2,61.59,共有部份之項目有：停車空間、門廊、樓梯間、排煙室、管理維護空間、資源回收專區、公共服務空間、停車空間（車道）、梯廳、水塔、機械室。,鋼筋混凝土造,112年10月3日,十四層,,
RPUNMLPJKHLGFKD09CC,31,3.66,共同使用部份,鋼筋混凝土造,84年5月22日,七層,,
RPSNMLQJKHLGFAD97CC,50,83.36,住家用,加強磚造,64年12月3日,二層,,
RPUNMLQJKHLGFAD18CC,31,21.52,住家用,鋼筋混凝土造,83年12月16日,十三層,,
RPUNMLQJKHLGFAD18CC,31,7.61,共同使用部份,鋼筋混凝土造,83年12月16日,十三層,,
RPVNMLQJKHLGFAD28CC,15,125.27,店舖、住宅,鋼筋混凝土構造,99年11月15日,三層,,
RPVNMLPJKHLGFKD56CC,30,57.21,住家用,鋼筋混凝土造,85年4月26日,六層,,
RPVNMLPJKHLGFKD56CC,30,5.28,共同使用部份,鋼筋混凝土造,85年4月26日,六層,,
RPQNMLPJKHLGFID48CC,47,88.80,住家用,加強磚造,68年7月28日,二層,,
RPVNMLPJKHLGFKD56CC,30,18.75,共同使用部份,鋼筋混凝土造,85年4月26日,六層,,
RPSNMLPJKHLGFHD58CC,1,73.67,集合住宅,鋼筋混凝土造,114年3月10日,六層,,
RPSNMLPJKHLGFHD58CC,1,43.17,本共有部分之項目有停車空間、發電機房兼消防機房、電信室、安全梯、管道間、升降機井、管委會空間、電梯間、樓梯間、升降機間及電梯機房等１１項。,鋼筋混凝土造,114年3月10日,六層,,
RPPNMLQJKHLGFAD67CC,1,51.39,集合住宅,鋼骨鋼筋混凝土造、鋼筋混凝土造,114年4月15日,三十四層,,
RPPNMLQJKHLGFAD67CC,1,27.50,本共有部分之項目有管委會使用空間、門廳、機電設備空間、防災中心、儲藏室、樓梯間、消防水箱、防空避難室兼停車空間、車道、停車空間、自來水箱、梯廳、陽台、電信機房等１４項。,鋼骨鋼筋混凝土造、鋼筋混凝土造,114年4月15日,三十四層,,
RPTNMLQJKHLGFAD08CC,30,92.87,住家用,鋼筋混凝土造,84年9月13日,九層,,
RPTNMLQJKHLGFAD08CC,30,11.89,共同使用部份,鋼筋混凝土造,84年9月13日,九層,,
RPTNMLQJKHLGFAD08CC,30,2.72,共同使用部份,鋼筋混凝土造,84年9月13日,九層,,
RPWNMLQJKHLGFAD38CC,31,19.47,住家用,鋼筋混凝土造,84年5月6日,七層,,
RPWNMLQJKHLGFAD38CC,31,13.44,共同使用部份,鋼筋混凝土造,84年5月6日,七層,,
RPOOMLQJKHLGFAD67CC,44,19.83,商業用,鋼筋混凝土造,71年2月23日,五層,,
RPPOMLQJKHLGFAD77CC,44,60.67,住家用,鋼筋混凝土造,70年12月19日,七層,,
RPPOMLQJKHLGFAD77CC,44,3.92,共同使用部份,鋼筋混凝土造,70年12月19日,七層,,
RPPOMLQJKHLGFAD77CC,44,3.02,共同使用部份,鋼筋混凝土造,70年12月19日,七層,,
RPQOMLQJKHLGFAD87CC,20,580.75,住宅、停車空間,ＲＣ造,94年8月8日,五層,,
RPWOMLQJKHLGFAD48CC,33,221.20,住商用,鋼筋混凝土造,82年4月24日,四層,,
RPTOMLQJKHLGFAD18CC,35,19.04,商業用,鋼筋混凝土造,80年2月9日,九層,,
RPTOMLQJKHLGFAD18CC,35,8.84,共同使用部份,鋼筋混凝土造,80年2月9日,九層,,
RPPPMLQJKHLGFAD87CC,31,83.11,住家用,鋼筋混凝土造,84年3月11日,十二層,,
RPPPMLQJKHLGFAD87CC,31,11.72,共同使用部份,鋼筋混凝土造,84年3月11日,十二層,,
RPXOMLQJKHLGFAD58CC,25,223.93,住宅、停車空間,鋼筋混凝土造,90年3月29日,四層,,
RPPPMLQJKHLGFAD87CC,31,13.10,共同使用部份,鋼筋混凝土造,84年3月11日,十二層,,
RPPPMLQJKHLGFAD87CC,31,3.08,共同使用部份,鋼筋混凝土造,84年3月11日,十二層,,
RPVOMLQJKHLGFAD38CC,33,122.76,住家用,鋼筋混凝土造,82年1月12日,六層,,
RPVOMLQJKHLGFAD38CC,33,18.57,共同使用部份,鋼筋混凝土造,82年1月12日,六層,,
RPOPMLQJKHLGFAD77CC,51,73.80,住家用,加強磚造,63年11月6日,二層,,
RPVOMLQJKHLGFAD38CC,33,9.70,共同使用部份,鋼筋混凝土造,82年1月12日,六層,,
RPROMLQJKHLGFAD97CC,26,85.67,集合住宅,鋼筋混凝土造,89年4月6日,二十三層,,
RPPNMLQJKHLGFBD77CC,17,270.81,集合住宅,鋼筋混凝土造,97年11月28日,四層,,
RPROMLQJKHLGFAD97CC,26,15.70,共同使用部份,鋼筋混凝土造,89年4月6日,二十三層,,
RPPNMLQJKHLGFBD77CC,17,.24,共同使用部份,鋼筋混凝土造,97年11月28日,一層,,
RPROMLQJKHLGFAD97CC,26,5.29,共同使用部份,鋼筋混凝土造,89年4月6日,二十三層,,
RPQPMLQJKHLGFAD97CC,22,98.76,集合住宅,鋼筋混凝土造,92年9月16日,十三層,,
RPQPMLQJKHLGFAD97CC,22,24.81,公共設施,鋼筋混凝土造,92年9月16日,十三層,,
RPQPMLQJKHLGFAD97CC,22,36.60,公共設施,鋼筋混凝土造,92年9月16日,十三層,,
RPQNMLQJKHLGFCD97CC,33,44.60,住家用,鋼筋混凝土造,82年3月4日,七層,,
RPQNMLQJKHLGFCD97CC,32,26.99,共同使用部份,鋼筋混凝土造,83年3月4日,七層,,
RPUNMLQJKHLGFCD38CC,30,194.82,住家用,鋼筋混凝土造,84年11月6日,二十層,,
RPUNMLQJKHLGFCD38CC,30,13.54,共同使用部份,鋼筋混凝土造,84年11月6日,二十層,,
RPUNMLQJKHLGFCD38CC,30,33.75,共同使用部份,鋼筋混凝土造,84年11月6日,二十層,,
RPUOMLQJKHLGFAD28CC,44,79.44,住家用,鋼筋混凝土造,70年12月31日,七層,,
RPPNMLQJKHLGFCD87CC,31,54.72,住家用,鋼筋混凝土造,84年5月2日,六層,,
RPUOMLQJKHLGFAD28CC,44,29.36,共同使用部份,鋼筋混凝土造,70年12月31日,七層,,
RPPNMLQJKHLGFCD87CC,31,19.42,共同使用部份,鋼筋混凝土造,84年5月2日,六層,,
RPRPMLQJKHLGFAD08CC,41,115.72,住家用,鋼筋混凝土造,73年11月30日,五層,,
RPRPMLQJKHLGFAD08CC,41,19.63,共同使用部份,鋼筋混凝土造,73年11月30日,五層,,
RPRNMLQJKHLGFCD08CC,33,20.10,住商用,鋼筋混凝土造,82年5月24日,五層,,
RPSNMLQJKHLGFCD18CC,1,70.84,集合住宅,鋼筋混凝土造,113年8月16日,十五層,,
RPSNMLQJKHLGFCD18CC,1,52.85,本共有部份之項目有：防空避難室兼停車空間、停車空間、管委會使用空間、樓梯間、昇降機間、機械室、水箱、梯間、門廊、車道共１０項。,鋼筋混凝土造,113年8月16日,十五層,,
RPSOMLQJKHLGFCD28CC,42,26.45,住商用,鋼筋混凝土造,73年2月20日,四層,,
RPPNMLQJKHLGFDD97CC,26,100.73,國民住宅,鋼筋混凝土造,89年3月17日,十三層,,
RPVNMLQJKHLGFCD48CC,12,107.48,集合住宅,鋼筋混凝土造,102年10月23日,十二層,,
RPPNMLQJKHLGFDD97CC,26,47.81,共同使用部份,鋼筋混凝土造,89年3月17日,十三層,,
RPVNMLQJKHLGFCD48CC,12,81.22,本共有部份之項目有：停車空間、水箱、污水機房、消防機房、排煙室、樓梯間、防空避難室兼停車空間、台電配電室、電信機房、緊急發電機房、景觀水池機房、門廳、公共服務空間、梯廳、頂蓋型開放空間、垃圾處理室、管委會使用空間、梯間、機械室等項。,鋼筋混凝土造,102年10月23日,十二層,,
RPWNMLQJKHLGFCD58CC,43,99.72,住家用,鋼筋混凝土造,72年2月4日,七層,,
RPTOMLQJKHLGFCD38CC,33,83.71,住家用,鋼筋混凝土造,82年7月3日,五層,,
RPWNMLQJKHLGFCD58CC,43,25.01,共同使用部份,鋼筋混凝土造,72年2月4日,七層,,
RPTOMLQJKHLGFCD38CC,33,14.27,共同使用部份,鋼筋混凝土造,82年7月3日,五層,,
RPPOMLQJKHLGFCD97CC,32,110.72,住家用,鋼筋混凝土造,83年1月10日,四層,,
RPPNMLQJKHLGFHD38CC,10,23.14,住家用,鋼筋混凝土造,104年10月15日,四層,,
RPPOMLQJKHLGFCD97CC,32,8.96,共同使用部份,鋼筋混凝土造,83年1月10日,四層,,
RPVOMLQJKHLGFCD58CC,37,330.44,住商用,鋼筋混凝土造,78年4月10日,四層,,
RPPOMLQJKHLGFCD97CC,32,41.67,共同使用部份,鋼筋混凝土造,83年1月10日,四層,,
RPUOMLQJKHLGFCD48CC,30,78.68,住家用,鋼筋混凝土造,85年2月5日,八層,,
RPQNMLQJKHLGFDD08CC,,44.00,店舖、地下層、旅社,鋼筋混凝土造,,十層,,
RPUOMLQJKHLGFCD48CC,30,30.68,共同使用部份,鋼筋混凝土造,85年2月5日,八層,,
RPPNMLQJKHLGFGD28CC,5,23.14,店舖（Ｇ３）、住宅（Ｈ２）,鋼筋混凝土造,110年6月8日,四層,,
RPXNMLQJKHLGFCD68CC,41,49.69,住家用,鋼筋混凝土造,73年8月17日,七層,,
RPRNMLQJKHLGFHD58CC,31,164.67,住家用,鋼筋混凝土造,83年12月23日,三層,,
RPXNMLQJKHLGFCD68CC,41,17.25,共同使用部份,鋼筋混凝土造,73年8月17日,七層,,
RPQNMLQJKHLGFID58CC,18,8.04,辦公室,鋼筋混凝土造,96年9月20日,四層,,
RPQNMLQJKHLGFID58CC,18,5.12,共同使用部份,鋼筋混凝土造,96年9月20日,四層,,
RPROMLQJKHLGFCD18CC,29,92.15,住商用,鋼筋混凝土造,85年9月30日,十層,,
RPROMLQJKHLGFCD18CC,29,20.67,共同使用部份,鋼筋混凝土造,85年9月30日,十層,,
RPROMLQJKHLGFCD18CC,29,15.43,共同使用部份,鋼筋混凝土造,85年9月30日,十層,,
RPTNMLQJKHLGFHD78CC,10,22.00,住家用,鋼筋混凝土造,104年11月10日,四層,,
RPSNMLQJKHLGFHD68CC,33,13.28,辦公室、加工所、倉庫、員工宿舍,鋼筋混凝土造,81年11月9日,三層,,
RPPNMLQJKHLGFID48CC,2,76.63,集合住宅,鋼筋混凝土造,112年8月8日,十五層,,
RPPNMLQJKHLGFID48CC,2,41.81,本共有部分之項目有停車空間、管委會使用空間、梯間、車道、前廊、陽台、樓梯間、機械室、水箱等９項,鋼筋混凝土造,112年8月8日,十五層,,
RPRNMLQJKHLGFID68CC,32,60.01,住家用,鋼筋混凝土造,83年6月25日,五層,,
RPRNMLQJKHLGFID68CC,32,8.89,本共有部分之項目有防空避難室及停車空間二項。,鋼筋混凝土造,83年6月25日,五層,,
RPRNMLQJKHLGFID68CC,32,8.40,共同使用部份,鋼筋混凝土造,83年6月25日,五層,,
RPSNMLQJKHLGFID78CC,22,14.88,住家用,鋼筋混凝土造,92年9月10日,十層,,
RPVNMLQJKHLGFID09CC,22,14.88,住家用,鋼筋混凝土造,92年9月10日,十層,,
RPTNMLQJKHLGFKD09CC,21,8.55,辦公室,鋼筋混凝土造,94年7月8日,六層,,
RPPOMLQJKHLGFID58CC,31,73.84,住家用,鋼筋混凝土造,83年9月6日,六層,,
RPTNMLQJKHLGFKD09CC,21,8.09,共同使用部份,鋼筋混凝土造,94年7月8日,六層,,
RPPOMLQJKHLGFID58CC,31,28.76,共同使用部份,鋼筋混凝土造,83年9月6日,六層,,
RPRNMLQJKHLGFKD88CC,31,16.64,住商用,鋼筋混凝土造,84年2月9日,四層,,
RPQNMLQJKHLGFKD78CC,5,58.87,集合住宅,鋼筋混凝土構造,110年3月31日,九層,,
RPQNMLQJKHLGFKD78CC,5,8.97,共有部分之項目有：停車空間，防空避難室兼停車空間，公共空間，車道等四項,鋼筋混凝土構造,110年3月31日,九層,,
RPWNMLQJKHLGFKD76CC,33,40.00,住家用,鋼筋混凝土造,82年4月28日,三層,,
RPQNMLQJKHLGFKD78CC,5,16.21,本共有部分之項目有：梯廳及梯間，機械室，水箱等４項,鋼筋混凝土構造,110年3月31日,九層,,
RPUNMLQJKHLGFKD56CC,1,51.21,集合住宅,鋼筋混凝土造,114年6月5日,十八層,,
RPUNMLQJKHLGFKD56CC,1,47.35,本共有部分之項目有：停車空間，防空避難室兼停車空間，公共服務空間，門廊，頂蓋型開放空間，升降機，梯廳，機電設備空間，管委會使用空間，防災中心，車道，緊急升降梯，電樓梯間，機房，水箱等１５項,鋼筋混凝土造,114年6月5日,十八層,,
RPOOMLQJKHLGFID48CC,2,71.00,集合住宅,鋼筋混凝土造,113年6月24日,十四層,,
RPOOMLQJKHLGFID48CC,2,16.26,本共有部分之項目有梯廳、管委會使用空間、停車空間等３項,鋼筋混凝土造,113年6月24日,十四層,,
RPOOMLQJKHLGFID48CC,2,25.02,本共有部分之項目有停車空間等１項,鋼筋混凝土造,113年6月24日,十四層,,
RPOOMLQJKHLGFID48CC,2,17.60,本共有部分之項目有機電設備空間、進風機房、梯廳兼排煙室、樓電梯間、水錶機房、消防水箱、樓梯間、電梯機房、水箱等９項,鋼筋混凝土造,113年6月24日,十四層,,
RPPOMLQJKHLGFKD78CC,8,291.73,店舖，住宅,鋼筋混凝土構造,106年10月11日,四層,,
RPSNMLQJKHLGFKD98CC,21,10.89,辦公室,鋼筋混凝土造,94年7月8日,六層,,
RPSNMLQJKHLGFKD98CC,21,9.82,共同使用部份,鋼筋混凝土造,94年7月8日,六層,,
RPQOMLQJKHLGFKD88CC,31,74.68,住家用,鋼筋混凝土造,83年10月6日,八層,,
RPQOMLQJKHLGFKD88CC,31,36.97,共同使用部份,鋼筋混凝土造,83年10月6日,八層,,
RPOOMLQJKHLGFKD68CC,32,85.68,住家用,鋼筋混凝土造,82年8月27日,十六層,,
RPXNMLQJKHLGFID66CC,2,84.38,集合住宅,鋼筋混凝土造,113年6月24日,十四層,,
RPOOMLQJKHLGFKD68CC,32,15.18,樓梯、電梯、走道。,鋼筋混凝土造,82年8月27日,十六層,,
RPXNMLQJKHLGFID66CC,2,19.35,本共有部分之項目有梯廳、管委會使用空間、停車空間等３項,鋼筋混凝土造,113年6月24日,十四層,,
RPXNMLQJKHLGFID66CC,2,25.02,本共有部分之項目有停車空間等１項,鋼筋混凝土造,113年6月24日,十四層,,
RPOOMLQJKHLGFKD68CC,32,11.20,避難室兼停車空間、梯間、清水池、配電室、門廊、消防泵浦間、交誼廳、乒乓球室。,鋼筋混凝土造,82年8月27日,十六層,,
RPXNMLQJKHLGFID66CC,2,20.93,本共有部分之項目有機電設備空間、進風機房、梯廳兼排煙室、樓電梯間、水錶機房、消防水箱、樓梯間、電梯機房、水箱等９項,鋼筋混凝土造,113年6月24日,十四層,,
RPROMLQJKHLGFKD98CC,12,16.53,住宅，停車空間,鋼筋混凝土構造,102年8月21日,四層,,
RPSOMLQJKHLGFKD09CC,15,21.49,住宅，停車空間,鋼筋混凝土造,100年1月5日,四層,,
RPPNMLQJKHLGFKD68CC,34,27.68,住家用,鋼筋混凝土造,81年7月23日,十七層,,
RPPNMLQJKHLGFKD68CC,34,5.50,共同使用部份,鋼筋混凝土造,81年7月23日,十七層,,
RPPNMLQJKHLGFKD68CC,34,.70,共同使用部份,鋼筋混凝土造,81年7月23日,十九層,,
RPPNMLQJKHLGFKD68CC,34,1.53,共同使用部份,鋼筋混凝土造,81年7月23日,十九層,,
RPXNMLQJKHLGFKD86CC,45,85.26,住家用,鋼筋混凝土造,69年11月6日,二層,,
RPTOMLQJKHLGFKD56CC,37,24.00,住商用,鋼筋混凝土造,77年8月6日,三層,,
RPWOMLQJKHLGFKD86CC,12,19.83,住家用,鋼筋混凝土構造,102年9月25日,四層,,
RPVOMLQJKHLGFKD76CC,15,18.18,住家用,鋼筋混凝土造,99年12月23日,四層,,
RPQNMLRJKHLGFAD87CC,45,110.41,住家用,鋼筋混凝土造,70年6月5日,七層,,
RPPNMLRJKHLGFAD77CC,67,65.12,住商用,加強磚造,47年12月15日,三層,,
RPQNMLRJKHLGFAD87CC,45,36.93,共同使用部份,鋼筋混凝土造,70年6月5日,七層,,
RPQNMLRJKHLGFAD87CC,45,12.79,共同使用部份,鋼筋混凝土造,70年6月5日,七層,,
RPSNMLRJKHLGFAD08CC,30,27.85,住家用,鋼筋混凝土造,84年10月24日,十三層,,
RPRNMLRJKHLGFCD18CC,36,218.66,住商用,鋼筋混凝土造,78年12月11日,三層,,
RPSNMLRJKHLGFAD08CC,30,8.19,共同使用部份,鋼筋混凝土造,84年10月24日,十三層,,
RPQNMLRJKHLGFCD08CC,47,122.51,住家用,鋼筋混凝土造,68年5月26日,三層,,
RPPNMLRJKHLGFCD97CC,28,26.59,住家用,鋼筋混凝土造,86年9月2日,十五層,,
RPPNMLRJKHLGFCD97CC,28,7.10,共同使用部份,鋼筋混凝土造,86年9月2日,十五層,,
RPPNMLRJKHLGFCD97CC,28,45.63,共同使用部份,鋼筋混凝土造,86年9月2日,十五層,,
RPPNMLRJKHLGFKD78CC,29,107.36,住家用,鋼筋混凝土造,86年1月28日,十九層,,
RPPNMLRJKHLGFKD78CC,29,31.32,共同使用部份,鋼筋混凝土造,86年1月28日,十九層,,
RPPNMLRJKHLGFKD78CC,29,20.63,共同使用部份,鋼筋混凝土造,86年1月28日,十九層,,
RPQNMLSJKHLGFAD97CC,28,93.57,住家用,鋼筋混凝土造,87年1月5日,二十六層,,
RPSNMLRJKHLGFCD28CC,31,71.00,住家用,鋼筋混凝土造,84年3月22日,十二層,,
RPQNMLRJKHLGFHD58CC,6,201.87,店舖、住宅,鋼筋混凝土造,109年6月9日,四層,,
RPRNMLRJKHLGFHD68CC,12,18.00,住家用,鋼筋混凝土造,102年12月2日,三層,,
RPQNMLSJKHLGFAD97CC,28,29.41,共同使用部份,鋼筋混凝土造,87年1月5日,二十六層,,
RPSNMLRJKHLGFCD28CC,31,16.68,共同使用部份,鋼筋混凝土造,84年3月22日,十二層,,
RPQNMLRJKHLGFHD58CC,6,7.01,電梯、梯間、共用梯廳、消防電信機房、台電受電室、機電設備空間、停車空間、機械室、警衛室（管委會使用空間）,鋼筋混凝土造,109年6月9日,七層,,
RPQNMLSJKHLGFAD97CC,28,18.74,共同使用部份,鋼筋混凝土造,87年1月5日,二十六層,,
RPSNMLRJKHLGFCD28CC,31,22.51,共同使用部份,鋼筋混凝土造,84年3月22日,十二層,,
RPSNMLRJKHLGFHD78CC,4,59.88,集合住宅,鋼筋混凝土造,111年6月2日,十一層,,
RPSNMLRJKHLGFHD78CC,4,31.24,本共有部分之項目有停車空間、樓梯間、電梯間、電梯機械室、水箱等５項,鋼筋混凝土造,111年6月2日,十一層,,
RPRNMLSJKHLGFBD18CC,46,86.10,住家用,加強磚造,68年8月21日,二層,,
RPRNMLRJKHLGFKD98CC,9,64.37,住家用,鋼筋混凝土構造,106年6月23日,十五層,,
RPRNMLRJKHLGFKD98CC,9,38.32,本共有部分之項目有：樓梯間、公共服務空間、管理委員會空間、停車空間（車道）、垃圾分類儲存空間、電梯間、水箱、防空避難室兼停車空間及停車空間等９項,鋼筋混凝土構造,106年6月23日,十五層,,
RPRNMLRJKHLGFKD98CC,9,14.05,本共有部分之項目有：樓梯間，機電設備空間等,鋼筋混凝土構造,106年6月23日,十五層,,
RPPNMLSJKHLGFCD08CC,3,66.31,集合住宅,鋼筋混凝土構造、鋼骨造,112年3月29日,十四層,,
RPRNMLSJKHLGFCD28CC,44,100.52,住家用,鋼筋混凝土造,70年12月14日,五層,,
RPPNMLSJKHLGFCD08CC,3,53.07,本共有部份之項目有：防空避難室兼停車空間、停車空間、管委會空間、樓梯間、機械室、公共空間、門廊共７項。,鋼筋混凝土加強磚造,112年3月29日,十四層,,
RPRNMLSJKHLGFCD28CC,44,13.11,共同使用部份,鋼筋混凝土造,70年12月14日,五層,,
RPPNMLSJKHLGFKD88CC,32,35.88,住家用,鋼筋混凝土造,83年5月24日,十二層,,
RPPNMLSJKHLGFGD48CC,7,177.37,住家用,鋼骨構造、鋼筋混凝土構造,107年12月14日,一層,,
RPPNMLSJKHLGFKD88CC,32,8.10,共同使用部份,鋼筋混凝土造,83年5月24日,十二層,,
RPPNMLSJKHLGFKD88CC,32,6.85,共同使用部份,鋼筋混凝土造,83年5月24日,十二層,,
RPRNMLSJKHLGFKD09CC,45,104.58,住商用,加強磚造,69年8月12日,二層,,
RPPNMLTJKHLGFAD97CC,22,88.38,國民住宅,鋼筋混凝土造,93年3月30日,十一層,,
RPQNMLSJKHLGFKD98CC,13,206.34,住家用,鋼筋混凝土構造,102年1月22日,四層,,
RPPNMLTJKHLGFAD97CC,22,45.96,共同使用部份,鋼筋混凝土造,93年3月30日,十一層,,
RPQNMLSJKHLGFCD18CC,42,29.03,住家用,鋼筋混凝土造,72年9月8日,七層,,
RPQNMLSJKHLGFCD18CC,42,8.71,共同使用部份,鋼筋混凝土造,72年9月8日,七層,,
RPPNMLSJKHLGFDD18CC,29,99.88,住家用,鋼筋混凝土造,86年7月21日,十九層,,
RPSNMLSJKHLGFKD56CC,14,106.22,集合住宅,鋼筋混凝土構造,101年3月20日,十四層,,
RPPNMLSJKHLGFDD18CC,29,29.93,共同使用部份,鋼筋混凝土造,86年7月21日,十九層,,
RPSNMLTJKHLGFAD28CC,6,47.91,集合住宅,鋼筋混凝土構造,108年12月17日,二十三層,,
RPSNMLSJKHLGFKD56CC,14,65.57,防空避難室兼停車空間，警衛亭，樓梯間，管委會辦公室，台電配電室，蓄水池，污水機房，電信機房，消房幫浦室，發電機室，機械室，水箱，透空開放空間，過樑，公共（門廳及梯廳），陽台，走廊，社區圖書館，社區集會空間,鋼筋混凝土構造,101年3月20日,十四層,,
RPPNMLSJKHLGFHD58CC,3,78.50,集合住宅,鋼筋混凝土造,112年1月12日,六層,,
RPSNMLTJKHLGFAD28CC,6,51.94,本共有部分之項目有門廊、門廳、車道、公共服務空間、防災中心、樓梯間、機械室、昇降機間兼排煙室、水箱、防空避難室兼停車空間、停車空間。,鋼筋混凝土構造,108年12月17日,二十三層,,
RPPNMLSJKHLGFHD58CC,3,27.50,本共有部份之項目有：停車空間、管委會空間、樓梯間、水箱、門廊、公共空間共６項。,鋼筋混凝土造,112年1月12日,六層,,
RPTNMLSJKHLGFKD66CC,53,51.20,住家用,加強磚造、水泥瓦。,61年10月26日,一層,,
RPUNMLTJKHLGFAD48CC,,79.70,商業用,磚造,,一層,,
RPRNMLTJKHLGFAD18CC,30,25.57,住家用,鋼筋混凝土造,84年10月24日,十三層,,
RPWNMLTJKHLGFAD68CC,1,90.61,集合住宅,鋼筋混凝土造,114年3月26日,十九層,,
RPRNMLTJKHLGFAD18CC,30,7.02,共同使用部份,鋼筋混凝土造,84年10月24日,十三層,,
RPWNMLTJKHLGFAD68CC,1,81.03,本共有部分之項目有防空避難室兼停車空間、停車空間、管委會使用空間、防災中心、門廊、梯廳、出入口緩衝空間、車道、梯間等９項,鋼筋混凝土造,114年3月26日,十九層,,
RPVNMLTJKHLGFAD58CC,50,26.45,住家用,加強磚造,64年8月4日,二層,,
RPXNMLTJKHLGFAD78CC,1,51.82,集合住宅,鋼骨鋼筋混凝土造、鋼筋混凝土造,114年4月15日,三十四層,,
RPQNMLTJKHLGFAD08CC,41,23.14,住家用,鋼筋混凝土造,73年9月21日,十二層,,
RPXNMLTJKHLGFAD78CC,1,58.34,本共有部分之項目有管委會使用空間、門廳、機電設備空間、防災中心、儲藏室、樓梯間、消防水箱、防空避難室兼停車空間、車道、停車空間、自來水箱、梯廳、陽台、電信機房等１４項。,鋼骨鋼筋混凝土造、鋼筋混凝土造,114年4月15日,三十四層,,
RPPOMLTJKHLGFAD08CC,1,95.19,集合住宅,鋼筋混凝土造,114年7月22日,二十六層,,
RPPOMLTJKHLGFAD08CC,1,76.25,本共有部分之項目有防空避難室兼停車空間、停車空間、門廳、車道、門廊、管道間、梯廳兼門廳、梯廳、陽臺、防災中心、管委會使用空間、中繼設備、樓梯間、昇降機間、機械室及水箱等１６項,鋼筋混凝土造,114年7月22日,二十六層,,
RPOOMLTJKHLGFAD97CC,17,56.24,集合住宅,鋼筋混凝土造,97年12月19日,十四層,,
RPOOMLTJKHLGFAD97CC,17,10.50,共同使用部份,鋼筋混凝土造,97年12月19日,十四層,,
RPOOMLTJKHLGFAD97CC,17,10.26,共同使用部份,鋼筋混凝土造,97年12月19日,十四層,,
RPSOMLTJKHLGFAD38CC,9,58.34,集合住宅,鋼筋混凝土構造,106年1月24日,二十層,,
RPROMLTJKHLGFAD28CC,22,94.45,集合住宅,鋼筋混凝土造,93年3月29日,十層,,
RPWNMLTJKHLGFBD78CC,1,55.50,集合住宅,鋼筋混凝土造,113年9月30日,十二層,,
RPSOMLTJKHLGFAD38CC,9,58.70,本共有部分之項目：防空避難室、停車空間、機房、樓梯間、機械房、水箱、門廳、梯間、管委會使用空間、水池、防災中心等。,鋼筋混凝土構造,106年1月24日,二十六層,,
RPROMLTJKHLGFAD28CC,22,48.53,共同使用部份,鋼筋混凝土造,93年3月29日,十一層,,
RPWNMLTJKHLGFBD78CC,1,58.57,本共有部分之項目有：防空避難室兼停車空間、樓電梯間、電錶室、台電配電室、發電機房、電信室、垃圾分類室、垃圾冷藏室、垃圾車位、水箱、機房、消防機房、雨水景觀機房、汙水機房、門廊、交誼廳、管委會使用空間、宅配室、多功能才藝教室、健身房、機械室、梯間、停車空間等２３項。,鋼筋混凝土造,113年9月30日,十二層,,
RPPNMLTJKHLGFBD08CC,4,49.64,集合住宅,鋼筋混凝土造,111年4月15日,十五層,,
RPRNMLTJKHLGFBD28CC,44,91.74,集合住宅,鋼筋混凝土造,70年9月7日,四層,,
RPPNMLTJKHLGFBD08CC,4,45.09,本共有部份為：停車空間、電信室、管委會、門廊、梯廳、梯間、發電機室、水箱、汽車車道、機車車道、安全梯、一般升降機、公共服務空間、緊急升降機排煙室、資源回收區、管道間、配電室、緊急升降機、台電配電場所、工具間、水景機房、雨水機房、消防機房、電錶室等２４項。,鋼筋混凝土造,111年4月15日,十五層,,
RPRNMLTJKHLGFBD28CC,44,3.13,避難室,鋼筋混凝土造,70年9月7日,四層,,
RPRNMLTJKHLGFBD28CC,44,7.81,共同使用部份,鋼筋混凝土造,70年9月7日,四層,,
RPPNMLTJKHLGFBD08CC,4,14.45,本共有部份為：緊急昇降機、安全梯、緊急昇降機排煙室、一般昇降機、水錶室、水箱、梯廳、電梯機房等８項,鋼筋混凝土造,111年4月15日,十五層,,
RPXNMLTJKHLGFBD88CC,44,90.97,集合住宅,鋼筋混凝土造,70年9月7日,四層,,
RPXNMLTJKHLGFBD88CC,44,3.55,共同使用部份,鋼筋混凝土造,70年9月7日,四層,,
RPQOMLTJKHLGFBD28CC,2,51.77,集合住宅,鋼筋混凝土造,113年2月29日,七層,,
RPXNMLTJKHLGFBD88CC,44,7.81,共同使用部份,鋼筋混凝土造,70年9月7日,四層,,
RPUNMLTJKHLGFBD58CC,5,80.83,集合住宅,鋼筋混凝土造,110年5月26日,十九層,,
RPQOMLTJKHLGFBD28CC,2,49.44,本共有部分之項目有：防空避難室兼停車空間、停車空間、樓梯間、梯廳、升降機道、機械室、水箱、管委會使用空間、機電設備空間、車道、機械設備空間、門廊共１２項。,鋼筋混凝土造,113年2月29日,七層,,
RPTOMLTJKHLGFAD48CC,2,47.77,集合住宅,鋼筋混凝土造,112年11月8日,二十二層,,
RPUNMLTJKHLGFBD58CC,5,69.84,本共有部份之項目有：防空避難室兼停車空間、停車空間、樓梯間、機械房、水箱、管委會使用空間、中繼馬達設備室、門廊、外廊、防災中心、車道、梯間、昇降機間等１３項。,鋼筋混凝土造,110年5月26日,十九層,,
RPTOMLTJKHLGFAD48CC,2,44.09,本共有部分之項目有防空避難室兼停車空間、停車空間、管委會使用空間、梯間、門廳兼梯廳、樓梯間、機械室、水箱、門廊、車道、排煙室、管道間等１２項,鋼筋混凝土造,112年11月8日,二十二層,,
RPUOMLTJKHLGFAD58CC,34,67.56,住家用,鋼筋混凝土造,81年3月12日,六層,,
RPUOMLTJKHLGFAD58CC,34,17.11,共同使用部份,鋼筋混凝土造,81年3月12日,六層,,
RPOOMLTJKHLGFBD08CC,5,59.68,集合住宅,鋼筋混凝土造,110年1月14日,十五層,,
RPOOMLTJKHLGFBD08CC,5,52.49,本共有部份之項目有：防空避難室兼停車空間、停車空間、樓梯間、梯廳、水箱、排煙室、昇降機間、消防機房、雨水機房、台電配電室、緊急發電機室、電信室、電梯機房、管委會使用空間、車道、門廳、太陽能機房、資源回收中心、外廊共１９項。,鋼筋混凝土造,110年1月14日,十五層,,
RPQOMLTJKHLGFAD18CC,1,51.39,集合住宅,鋼骨鋼筋混凝土造、鋼筋混凝土造,114年4月15日,三十四層,,
RPQOMLTJKHLGFAD18CC,1,57.92,本共有部分之項目有管委會使用空間、門廳、機電設備空間、防災中心、儲藏室、樓梯間、消防水箱、防空避難室兼停車空間、車道、停車空間、自來水箱、梯廳、陽台、電信機房等１４項。,鋼骨鋼筋混凝土造、鋼筋混凝土造,114年4月15日,三十四層,,
RPSNMLTJKHLGFCD48CC,24,112.03,集合住宅,鋼筋混凝土造,91年1月2日,九層,,
RPROMLTJKHLGFBD38CC,44,115.54,住家用,加強磚造,70年12月28日,二層,,
RPSNMLTJKHLGFCD48CC,24,22.50,共同使用部份,鋼筋混凝土造,91年1月2日,九層,,
RPPOMLTJKHLGFBD18CC,2,59.41,集合住宅,鋼筋混凝土造,112年9月11日,十五層,,
RPSNMLTJKHLGFCD48CC,24,46.30,共同使用部份,鋼筋混凝土造,91年1月2日,九層,,
RPPOMLTJKHLGFBD18CC,2,91.25,共有部分包括：梯廳、梯間、管委會使用空間、公共服務空間、水錶箱室、電梯機房、水箱、電信室、台電配電室、水景機房、緊急發電機室、雨水機房、停車空間、防空避難室兼停車空間、污水機房、消防機房、垃圾集中室、資源回收中心、外廊、車道、樓梯間、安全梯、無障礙樓梯、機房等２４項。,鋼筋混凝土造,112年9月11日,十五層,,
RPQNMLTJKHLGFCD28CC,41,61.33,住家用,鋼筋混凝土造,74年4月12日,五層,,
RPQNMLTJKHLGFCD28CC,41,7.97,共同使用部份,鋼筋混凝土造,74年4月12日,五層,,
RPRNMLTJKHLGFCD38CC,43,77.02,住家用,鋼筋混凝土造,71年8月24日,五層,,
RPRNMLTJKHLGFCD38CC,43,19.27,共同使用部份,鋼筋混凝土造,71年8月24日,五層,,
RPTNMLTJKHLGFCD58CC,44,80.38,住家用,鋼筋混凝土造,70年12月30日,五層,,
RPTNMLTJKHLGFCD58CC,44,3.99,共同使用部份,鋼筋混凝土造,70年12月30日,五層,,
RPUNMLTJKHLGFCD68CC,8,59.95,集合住宅,鋼筋混凝土造,107年1月12日,五層,,
RPUNMLTJKHLGFCD68CC,8,24.81,共同使用部份,鋼筋混凝土造,107年1月12日,五層,,
RPUNMLTJKHLGFCD68CC,8,14.15,本共有部分之項目有：樓梯間、電梯機械室、水箱共三項。,鋼筋混凝土造,107年1月12日,五層,,
RPPNMLTJKHLGFDD28CC,32,150.24,住家用,鋼筋混凝土造,82年10月12日,十七層,,
RPPNMLTJKHLGFDD28CC,32,57.16,共同使用部份,鋼筋混凝土造,82年10月12日,十七層,,
RPQNMLTJKHLGFID88CC,22,18.18,住家用,鋼筋混凝土造,92年9月10日,十層,,
RPQNMLTJKHLGFGD68CC,5,23.14,店舖（Ｇ３）、住宅（Ｈ２）,鋼筋混凝土造,110年6月8日,四層,,
RPRNMLTJKHLGFHD88CC,3,76.15,集合住宅,鋼筋混凝土造,112年7月24日,七層,,
RPRNMLTJKHLGFHD88CC,3,44.83,本共有部分之項目有機電空間、管委會使用空間、門廊、樓梯間、停車空間及水箱等６項。,鋼筋混凝土造,112年7月24日,七層,,
RPPNMLTJKHLGFGD58CC,45,71.94,住商用,加強磚造,70年7月22日,二層,,
RPOOMLTJKHLGFID78CC,22,18.18,住家用,鋼筋混凝土造,92年9月10日,十層,,
RPWNMLTJKHLGFID86CC,22,14.88,住家用,鋼筋混凝土造,92年9月10日,十層,,
RPPNMLTJKHLGFID78CC,2,58.49,集合住宅,鋼筋混凝土造,112年8月8日,十五層,,
RPPNMLTJKHLGFID78CC,2,43.30,本共有部分之項目有停車空間、管委會使用空間、梯間、車道、前廊、陽台、樓梯間、機械室、水箱等９項,鋼筋混凝土造,112年8月8日,十五層,,
RPSNMLTJKHLGFID09CC,33,474.19,住家用,鋼骨鋼筋混凝土造,81年11月26日,二層,,
RPXNMLTJKHLGFCD98CC,35,14.69,住家用,鋼筋混凝土造,80年1月22日,九層,,
RPXNMLTJKHLGFCD98CC,35,8.25,共同使用部份,鋼筋混凝土造,80年1月22日,九層,,
RPRNMLTJKHLGFID98CC,1,81.39,集合住宅,鋼筋混凝土造,113年10月15日,十四層,,
RPRNMLTJKHLGFID98CC,1,48.41,本共有部分之項目有車道Ａ、車道Ｂ、管委會Ｇ、管委會Ｌ、Ｋ棟乙安全梯、Ｈ棟乙安全梯、Ｊ棟門廊、停車空間等８項,鋼筋混凝土造,113年10月15日,十四層,,
RPRNMLTJKHLGFID98CC,1,17.04,本共有部分之項目有甲安全梯、乙安全梯、梯廳、排煙室、電梯、機械房、水箱、消防水箱區、梯間等９項,鋼筋混凝土造,113年10月15日,十四層,,
RPRNMLTJKHLGFID98CC,1,3.11,本共有部分之項目有門廊、管委會空間、機電設備空間、梯廳等４項,鋼筋混凝土造,113年10月15日,十四層,,
RPXNMLTJKHLGFID96CC,22,18.18,住家用,鋼筋混凝土造,92年9月10日,十層,,
RPQOMLTJKHLGFCD38CC,30,87.88,住家用,鋼筋混凝土造,84年11月15日,二十三層,,
RPPOMLTJKHLGFCD28CC,46,127.05,住商用,鋼筋混凝土造,69年5月13日,三層,,
RPQOMLTJKHLGFCD38CC,30,2.71,共同使用部份,鋼筋混凝土造,84年11月15日,二十三層,,
RPQOMLTJKHLGFCD38CC,30,22.48,共同使用部份,鋼筋混凝土造,84年11月15日,二十三層,,
RPPOMLTJKHLGFID88CC,1,53.77,集合住宅,鋼筋混凝土造,114年1月7日,六層,,
RPTOMLTJKHLGFCD68CC,42,82.28,住家用,鋼筋混凝土造,73年1月10日,五層,,
RPTOMLTJKHLGFCD68CC,42,8.77,共同使用部份,鋼筋混凝土造,73年1月11日,五層,,
RPPOMLTJKHLGFID88CC,1,48.33,本共有部分之項目有停車空間、公共空間、樓梯間等３項,鋼筋混凝土造,114年1月7日,六層,,
RPTOMLTJKHLGFCD68CC,42,8.99,共同使用部份,鋼筋混凝土造,73年1月11日,五層,,
RPSOMLTJKHLGFCD58CC,1,66.70,集合住宅,鋼筋混凝土造,114年1月24日,十五層,,
RPSOMLTJKHLGFCD58CC,1,57.83,本共有部分之項目有：防空避難室兼停車空間、停車空間、車道、一般昇降機、梯廳、機電設備空間、排煙機房、樓梯間等共８項。,鋼筋混凝土造,114年1月24日,十五層,,
RPQOMLTJKHLGFID98CC,32,160.18,住家用,鋼筋混凝土造,83年4月7日,三層,,
RPROMLTJKHLGFCD48CC,26,96.25,集合住宅,鋼筋混凝土造,88年10月21日,十三層,,
RPROMLTJKHLGFCD48CC,26,17.68,共同使用部份,鋼筋混凝土造,88年10月21日,十三層,,
RPROMLTJKHLGFCD48CC,26,33.92,共同使用部份,鋼筋混凝土造,88年10月21日,十三層,,
RPROMLTJKHLGFID09CC,1,56.56,集合住宅,鋼筋混凝土造,114年1月7日,六層,,
RPROMLTJKHLGFID09CC,1,23.82,本共有部分之項目有停車空間、公共空間、樓梯間等３項,鋼筋混凝土造,114年1月7日,六層,,
RPRNMLTJKHLGFKD56CC,32,28.75,住家用,鋼筋混凝土造,82年12月30日,九層,,
RPRNMLTJKHLGFKD56CC,32,18.59,共同使用部份,鋼筋混凝土造,82年12月30日,九層,,
RPTNMLTJKHLGFKD76CC,41,115.94,住家用,鋼筋混凝土造,74年3月11日,二層,,
RPSNMLTJKHLGFKD66CC,36,199.05,住家用,加強磚造,79年5月24日,二層,,
RPPNMLKKKHLGFAD17CC,47,49.15,住家用,鋼筋混凝土造,68年4月6日,七層,,
RPPNMLKKKHLGFAD17CC,47,.20,共同使用部份,鋼筋混凝土造,68年4月6日,七層,,
RPPNMLKKKHLGFAD17CC,47,9.61,共同使用部份,鋼筋混凝土造,68年4月6日,七層,,
RPPNMLTJKHLGFKD98CC,32,26.26,住家用,鋼筋混凝土造,82年12月30日,九層,,
RPPNMLTJKHLGFKD98CC,32,13.73,共同使用部份,鋼筋混凝土造,82年12月30日,九層,,
RPRNMLKKKHLGFAD37CC,25,86.07,集合住宅,鋼筋混凝土造,89年8月22日,十四層,,
RPRNMLKKKHLGFAD37CC,25,40.24,共同使用部份,鋼筋混凝土造,89年8月22日,十四層,,
RPVNMLTJKHLGFKD96CC,37,118.51,住家用,鋼筋混凝土造,77年11月15日,二層,,
RPUNMLTJKHLGFKD86CC,44,104.77,住家用,鋼筋混凝土造,71年3月25日,五層,,
RPVNMLKKKHLGFAD77CC,21,62.01,集合住宅,鋼筋混凝土造,93年8月18日,十層,,
RPTNMLKKKHLGFAD57CC,27,60.96,集合住宅,鋼筋混凝土造,88年1月13日,十三層,,
RPVNMLKKKHLGFAD77CC,21,10.47,共同使用部份,鋼筋混凝土造,93年8月18日,十層,,
RPUNMLKKKHLGFAD67CC,27,100.99,集合住宅,鋼筋混凝土造,88年7月30日,十層,,
RPTNMLKKKHLGFAD57CC,27,37.85,共同使用部份,鋼筋混凝土造,88年1月13日,十三層,,
RPVNMLKKKHLGFAD77CC,21,31.23,共同使用部份,鋼筋混凝土造,93年8月18日,十層,,
RPUNMLKKKHLGFAD67CC,27,13.36,共同使用部份,鋼筋混凝土造,88年7月30日,十層,,
RPUNMLKKKHLGFAD67CC,27,15.00,共同使用部份,鋼筋混凝土造,88年7月30日,十層,,
RPUNMLKKKHLGFAD67CC,27,9.74,共同使用部份,鋼筋混凝土造,88年7月30日,十層,,
RPTNMLKKKHLGFAD57CC,27,8.84,共同使用部份,鋼筋混凝土造,88年1月13日,十三層,,
RPWNMLKKKHLGFAD87CC,32,19.99,住家用,鋼筋混凝土造,82年12月28日,五層,,
RPSNMLKKKHLGFAD47CC,3,57.04,集合住宅,鋼筋混凝土構造,112年3月23日,二十二層,,
RPWNMLKKKHLGFAD87CC,32,1.80,共同使用部份,鋼筋混凝土造,82年12月28日,五層,,
RPSNMLKKKHLGFAD47CC,3,12.21,本共有部分之項目有車道、防空避難室兼停車空間、停車空間、電信室、公共服務空間、梯廳、防災中心、機房等８項。,鋼筋混凝土構造,112年3月23日,二十二層,,
RPWNMLKKKHLGFAD87CC,32,3.29,共同使用部份,鋼筋混凝土造,82年12月28日,五層,,
RPSNMLKKKHLGFAD47CC,3,18.30,本共有部分之項目有管道間、梯廳、機房、水箱、樓梯間等５項。,鋼筋混凝土構造,112年3月23日,二十二層,,
RPWNMLKKKHLGFAD87CC,32,2.16,共同使用部份,鋼筋混凝土造,82年12月28日,五層,,
RPSNMLKKKHLGFAD47CC,3,27.08,本共有部分之項目有停車空間、防空避難室兼停車空間等２項。,鋼筋混凝土構造,112年3月23日,二十二層,,
RPOOMLKKKHLGFAD17CC,10,55.09,集合住宅,鋼筋混凝土構造,104年11月5日,二十四層,,
RPOOMLKKKHLGFAD17CC,10,23.51,本共有部分之項目：有樓梯間、門廊、門廳、管委會使用空間、防災中心、停車空間、防空避難室、車道、游泳池、機房自來水池等項,鋼筋混凝土構造,104年11月5日,二十四層,,
RPXNMLKKKHLGFAD97CC,32,22.95,住家用,鋼筋混凝土造,82年9月11日,七層,,
RPXNMLKKKHLGFAD97CC,32,14.57,共同使用部份,鋼筋混凝土造,82年9月11日,七層,,
RPXNMLKKKHLGFAD97CC,32,8.28,共同使用部份,鋼筋混凝土造,82年9月11日,七層,,
RPQOMLKKKHLGFAD37CC,15,66.12,店舖、住宅,鋼筋混凝土造,99年11月24日,四層,,
RPPOMLKKKHLGFAD27CC,4,61.74,集合住宅,鋼筋混凝土構造,110年12月13日,二十二層,,
RPPOMLKKKHLGFAD27CC,4,54.90,本共有部分之項目有管委會使用空間、公共服務空間、樓梯間、電梯間、機械室、水箱、停車空間、防空避難室兼停車空間、中繼機房、外廊、防災中心、車道。,鋼筋混凝土構造,110年12月13日,二十二層,,
RPSOMLKKKHLGFAD57CC,54,28.40,住家用,加強磚造,61年4月22日,二層,,
RPUOMLKKKHLGFAD77CC,43,20.14,商業用,鋼筋混凝土造,71年11月19日,七層,,
RPVOMLKKKHLGFAD87CC,36,30.45,集合住宅,鋼筋混凝土造,78年10月2日,十二層,,
RPVOMLKKKHLGFAD87CC,36,7.15,共同使用部份,鋼筋混凝土造,78年10月2日,十二層,,
RPROMLKKKHLGFAD47CC,47,100.89,,鋼筋混凝土造,68年3月19日,四層,,
RPROMLKKKHLGFAD47CC,47,4.79,共同使用部份,鋼筋混凝土造,68年3月19日,四層,,
RPROMLKKKHLGFAD47CC,47,5.92,共同使用部份,鋼筋混凝土造,68年3月19日,四層,,
RPTOMLKKKHLGFAD67CC,45,36.54,住家用,鋼筋混凝土造,69年12月3日,十層,,
RPTOMLKKKHLGFAD67CC,45,10.62,共同使用部份,鋼筋混凝土造,69年12月3日,十層,,
RPXOMLKKKHLGFAD08CC,31,32.46,住家用,鋼筋混凝土造,84年7月4日,十八層,,
RPXOMLKKKHLGFAD08CC,31,15.46,共同使用部份,鋼筋混凝土造,84年7月4日,十八層,,
RPPPMLKKKHLGFAD37CC,42,79.45,住家用,鋼筋混凝土造,73年5月23日,五層,,
RPPPMLKKKHLGFAD37CC,42,15.57,共同使用部份,鋼筋混凝土造,73年5月23日,五層,,
RPWOMLKKKHLGFAD97CC,44,20.40,住商用,鋼筋混凝土造,70年9月10日,三層,,
RPOPMLKKKHLGFAD27CC,18,116.20,集合住宅,鋼筋混凝土造,96年8月15日,二十一層,,
RPOPMLKKKHLGFAD27CC,18,53.72,共同使用部份,鋼筋混凝土造,96年8月15日,二十一層,,
RPOPMLKKKHLGFAD27CC,18,17.63,共同使用部份,鋼筋混凝土造,96年8月15日,二十一層,,
RPQPMLKKKHLGFAD47CC,27,120.12,集合住宅,鋼筋混凝土造,88年7月16日,十三層,,
RPQPMLKKKHLGFAD47CC,27,18.10,共同使用部份,鋼筋混凝土造,88年7月16日,十三層,,
RPQPMLKKKHLGFAD47CC,27,45.01,共同使用部份,鋼筋混凝土造,88年7月16日,十三層,,
RPPNMLKKKHLGFCD37CC,33,79.87,住家用,鋼筋混凝土造,82年4月24日,五層,,
RPPNMLKKKHLGFCD37CC,33,33.83,共同使用部份,鋼筋混凝土造,82年4月24日,五層,,
RPSNMLKKKHLGFBD57CC,45,28.00,住商用,加強磚造,70年7月3日,二層,,
RPRNMLKKKHLGFBD47CC,3,57.57,集合住宅,鋼筋混凝土造,112年1月10日,十三層,,
RPRNMLKKKHLGFBD47CC,3,57.29,本共有部分之項目有防空避難室兼停車空間、停車空間、水箱、消防機房、進氣管道、排煙室、一般昇降梯、緊急昇降梯、機電管道、安全梯、緊急發電機室、電信室、台電配電場所、資源回收區、管委會空間、梯廳、門廊、戶外安全梯、機房、車道等２０項。,鋼筋混凝土造,112年1月10日,十三層,,
RPRPMLKKKHLGFAD57CC,20,26.69,集合住宅,ＲＣ造,95年7月13日,十一層,,
RPRPMLKKKHLGFAD57CC,20,4.30,共同使用部份,ＲＣ造,95年7月13日,十一層,,
RPQNMLKKKHLGFBD37CC,13,218.99,住宅，停車空間,鋼筋混凝土造,101年9月5日,四層,,
RPRPMLKKKHLGFAD57CC,20,7.13,共同使用部份,ＲＣ造,95年7月13日,十一層,,
RPRPMLKKKHLGFAD57CC,20,.01,共同使用部份,ＲＣ造,95年7月13日,十一層,,
RPPNMLKKKHLGFBD27CC,44,107.75,住商用,加強磚造,70年11月14日,二層,,
RPSNMLKKKHLGFCD67CC,34,80.99,住家用,鋼筋混凝土造,80年10月2日,八層,,
RPSNMLKKKHLGFCD67CC,34,20.51,共同使用部份,鋼筋混凝土造,80年10月2日,八層,,
RPTNMLKKKHLGFCD77CC,43,69.66,集合住宅,鋼筋混凝土造,72年7月18日,五層,,
RPXNMLKKKHLGFCD18CC,18,27.58,住家用,鋼筋混凝土造,97年2月29日,十四層,,
RPQNMLKKKHLGFCD47CC,35,21.32,商業用,鋼筋混凝土造,79年12月26日,六層,,
RPTNMLKKKHLGFCD77CC,43,5.79,共同使用部份,鋼筋混凝土造,72年7月18日,五層,,
RPXNMLKKKHLGFCD18CC,18,6.80,共同使用部份,鋼筋混凝土造,97年2月29日,十四層,,
RPQNMLKKKHLGFCD47CC,35,6.95,共同使用部份,鋼筋混凝土造,79年12月26日,六層,,
RPWNMLKKKHLGFCD08CC,58,81.76,住家用,加強磚造,57年2月10日,二層,,
RPXNMLKKKHLGFCD18CC,18,9.00,共同使用部份,鋼筋混凝土造,97年2月29日,十四層,,
RPPOMLKKKHLGFCD47CC,6,52.20,集合住宅,鋼筋混凝土構造,108年8月7日,六層,,
RPPOMLKKKHLGFCD47CC,6,32.55,本共有部分之項目有：防空避難室兼停車空間、停車空間、管理維護空間、電信室、安全梯、樓梯間、昇降機、機械室、水箱、門廊、車道、發電機室共１２項。,鋼筋混凝土構造,108年8月7日,六層,,
RPRNMLKKKHLGFCD57CC,41,49.69,住家用,鋼筋混凝土造,73年8月17日,七層,,
RPRNMLKKKHLGFCD57CC,41,17.25,共同使用部份,鋼筋混凝土造,73年8月17日,七層,,
RPSOMLKKKHLGFCD77CC,,52.45,集合住宅,鋼筋混凝土造,114年8月14日,十五層,,
RPPNMLKKKHLGFHD87CC,10,23.14,住家用,鋼筋混凝土造,104年10月15日,四層,,
RPSOMLKKKHLGFCD77CC,,46.22,本共有部分之項目有停車空間、防空避難室兼停車空間、車道、管理維護空間、樓梯間＋梯廳、門廊、陽台、樓梯間、升降機間及水箱等１０項。,鋼筋混凝土造,114年8月14日,十五層,,
RPQOMLKKKHLGFCD57CC,4,60.81,集合住宅,鋼筋混凝土構造,111年3月24日,十四層,,
RPPNMLKKKHLGFGD77CC,30,42.26,住商用,鋼筋混凝土造,85年3月4日,四層,,
RPQOMLKKKHLGFCD57CC,4,57.03,本共有部份之項目有：防空避難室兼停車空間、停車空間、管理委員會空間、安全梯、樓梯間、梯廳、管道間、昇降機、水箱、公共服務空間、門廊、車道、排煙室、門廳共十四項。,鋼筋混凝土構造,111年3月24日,十四層,,
RPROMLKKKHLGFCD67CC,52,24.82,住家用,加強磚造,63年6月13日,二層,,
RPTNMLKKKHLGFHD28CC,12,180.56,住家用,鋼筋混凝土造,103年5月12日,三層,,
RPSNMLKKKHLGFHD18CC,50,18.00,市場攤位,加強磚造,65年1月1日,三層,,
RPPNMLKKKHLGFID97CC,18,8.04,辦公室,鋼筋混凝土造,96年9月20日,四層,,
RPPNMLKKKHLGFID97CC,18,1.01,共同使用部份,鋼筋混凝土造,96年9月20日,四層,,
RPPNMLKKKHLGFID97CC,18,5.10,共同使用部份,鋼筋混凝土造,96年9月20日,四層,,
RPQNMLKKKHLGFHD97CC,50,18.00,市場攤位,加強磚造,65年1月1日,三層,,
RPUNMLKKKHLGFHD38CC,1,38.08,店舖,鋼筋混凝土造,113年12月4日,六層,,
RPQNMLKKKHLGFGD87CC,30,118.60,住商用,鋼筋混凝土造,85年3月4日,四層,,
RPRNMLKKKHLGFHD08CC,3,77.58,集合住宅,鋼筋混凝土造,112年6月28日,七層,,
RPRNMLKKKHLGFHD08CC,3,38.18,本共有部分之項目有管理維護空間、電信室、消防機械室、停車空間、門廊、昇降機道、安全梯間、梯廳、水箱、其他、樓梯間等１１項,鋼筋混凝土造,112年6月28日,七層,,
RPUNMLKKKHLGFHD38CC,1,35.16,本共有部分之項目有停車空間、管委會使用空間、電信室、安全梯、樓梯間、梯廳、管道、電梯升降道、機械室、水箱、消防幫浦室、無障礙廁所、電梯、門廊等１４項,鋼筋混凝土造,113年12月4日,六層,,
RPUNMLKKKHLGFKD68CC,20,12.02,住商用,鋼筋混凝土造,95年4月3日,五層,,
RPVNMLKKKHLGFKD78CC,30,24.18,住家用,鋼筋混凝土造,85年1月30日,七層,,
RPTNMLKKKHLGFKD58CC,27,78.32,住家用,鋼筋混凝土造,88年5月19日,十四層,,
RPVNMLKKKHLGFKD78CC,30,12.88,共同使用部份,鋼筋混凝土造,85年1月30日,七層,,
RPTNMLKKKHLGFKD58CC,27,23.85,共同使用部份,鋼筋混凝土造,88年5月19日,十四層,,
RPTNMLKKKHLGFKD58CC,27,8.70,共同使用部份,鋼筋混凝土造,88年5月19日,十四層,,
RPRNMLKKKHLGFKD38CC,18,13.22,住商用,鋼筋混凝土造,96年8月21日,三層,,
RPPOMLKKKHLGFKD28CC,20,23.65,住商用,鋼筋混凝土造,94年10月11日,四層,,
RPPNMLKKKHLGFKD18CC,31,59.96,住家用,鋼筋混凝土造,84年3月21日,八層,,
RPPNMLPJKHLGFGD18CC,4,195.90,住家用,鋼筋混凝土造,110年12月30日,四層,,
RPPNMLKKKHLGFKD18CC,31,17.51,共同使用部份,鋼筋混凝土造,84年3月21日,八層,,
RPUOMLKKKHLGFKD78CC,33,56.63,住家用,鋼筋混凝土造,81年8月24日,七層,,
RPUOMLKKKHLGFKD78CC,33,16.50,共同使用部份,鋼筋混凝土造,81年8月24日,七層,,
RPQOMLKKKHLGFKD38CC,26,107.70,住家用,鋼筋混凝土造,89年5月4日,十八層,,
RPQOMLKKKHLGFKD38CC,26,20.36,共同使用部份,鋼筋混凝土造,89年5月4日,十八層,,
RPTOMLKKKHLGFKD68CC,26,70.48,住家用,鋼筋混凝土造,88年8月24日,十四層,,
RPQOMLKKKHLGFKD38CC,26,10.80,共同使用部份,鋼筋混凝土造,89年5月4日,十八層,,
RPTOMLKKKHLGFKD68CC,26,1.81,共同使用部份,鋼筋混凝土造,88年8月24日,十四層,,
RPWOMLKKKHLGFKD98CC,30,30.57,辦公室。,鋼筋混凝土造,85年1月29日,十七層,,
RPTOMLKKKHLGFKD68CC,26,16.42,共同使用部份,鋼筋混凝土造,88年8月24日,十四層,,
RPWOMLKKKHLGFKD98CC,30,3.18,共同使用部份,鋼筋混凝土造,85年1月29日,十七層,,
RPTOMLKKKHLGFKD68CC,26,14.46,共同使用部份,鋼筋混凝土造,88年8月24日,十四層,,
RPWOMLKKKHLGFKD98CC,30,2.33,共同使用部份,鋼筋混凝土造,85年1月29日,十七層,,
RPVOMLKKKHLGFKD88CC,2,87.29,集合住宅,鋼筋混凝土構造,112年8月18日,十五層,,
RPVOMLKKKHLGFKD88CC,2,16.66,本共有部分之項目有：停車空間，防空避難室兼停車空間，公共空間，專用汙水處理設施，消防蓄水池，管委會，梯廳，環保室，車道，無障礙廁所，門廊等１１項,鋼筋混凝土構造,112年8月18日,十五層,,
RPVOMLKKKHLGFKD88CC,2,20.18,本共有部分之項目有安全梯、戶外安全梯、機電空間、排煙室、梯廳、緊急升降機、電梯、管道間、電梯機械室、水箱等１０項,鋼筋混凝土構造,112年8月18日,十五層,,
RPRNMLLKKHLGFAD47CC,20,26.69,集合住宅,ＲＣ造,95年7月13日,十一層,,
RPRNMLLKKHLGFAD47CC,20,4.30,共同使用部份,ＲＣ造,95年7月13日,十一層,,
RPRNMLLKKHLGFAD47CC,20,7.13,共同使用部份,ＲＣ造,95年7月13日,十一層,,
RPRNMLLKKHLGFAD47CC,20,.01,共同使用部份,ＲＣ造,95年7月13日,十一層,,
RPOPMLKKKHLGFKD28CC,31,86.25,住家用,鋼筋混凝土造,84年5月20日,十一層,,
RPOPMLKKKHLGFKD28CC,31,28.67,共同使用部份,鋼筋混凝土造,84年5月20日,十一層,,
RPVNMLLKKHLGFAD87CC,34,24.38,住家用,鋼筋混凝土造,81年6月11日,七層,,
RPWNMLLKKHLGFAD97CC,32,24.21,住家用,鋼筋混凝土造,83年5月28日,九層,,
RPVNMLLKKHLGFAD87CC,34,13.85,共同使用部份,鋼筋混凝土造,81年6月11日,七層,,
RPWNMLLKKHLGFAD97CC,32,3.49,共同使用部份,鋼筋混凝土造,83年5月28日,九層,,
RPWNMLLKKHLGFAD97CC,32,4.52,共同使用部份,鋼筋混凝土造,83年5月28日,九層,,
RPPNMLLKKHLGFAD27CC,47,33.21,店舖、住宅,鋼筋混凝土造,68年8月9日,三層,,
RPPNMLLKKHLGFAD27CC,47,36.58,避難室,鋼筋混凝土造,68年8月9日,三層,,
RPQNMLLKKHLGFBD47CC,1,86.44,集合住宅,鋼筋混凝土造,114年4月25日,十四層,,
RPQNMLLKKHLGFBD47CC,1,87.96,本共有部分之項目有防空避難室兼停車空間、停車空間、管委會使用空間、電信室、門廊、安全梯空間、車道、樓梯間、排煙室、水箱、昇降機房、昇降機空間、梯廳等１３項,鋼筋混凝土造,114年4月25日,十四層,,
RPSNMLLKKHLGFAD57CC,31,29.77,住家用,鋼筋混凝土造,84年7月4日,十八層,,
RPSNMLLKKHLGFAD57CC,31,36.94,共同使用部份,鋼筋混凝土造,84年7月4日,十八層,,
RPXNMLLKKHLGFAD08CC,54,84.04,住家用,加強磚造,60年12月14日,二層,,
RPSNMLLKKHLGFBD67CC,3,79.75,集合住宅,鋼筋混凝土造,112年1月10日,十三層,,
RPSNMLLKKHLGFBD67CC,3,70.53,本共有部分之項目有防空避難室兼停車空間、停車空間、水箱、消防機房、進氣管道、排煙室、一般昇降梯、緊急昇降梯、機電管道、安全梯、緊急發電機室、電信室、台電配電場所、資源回收區、管委會空間、梯廳、門廊、戶外安全梯、機房、車道等２０項。,鋼筋混凝土造,112年1月10日,十三層,,
RPRNMLLKKHLGFBD57CC,7,2691.46,廠房、倉庫,鋼骨構造,108年3月7日,二層,,
RPWNMLLKKHLGFBD08CC,43,112.05,住商用,加強磚造,71年10月22日,二層,,
RPQNMLLKKHLGFAD37CC,29,24.48,住家用,鋼筋混凝土造,85年7月25日,十二層,,
RPUNMLLKKHLGFBD87CC,3,53.20,集合住宅,鋼筋混凝土造,111年8月24日,五層,,
RPQNMLLKKHLGFAD37CC,29,5.03,共同使用部份,鋼筋混凝土造,85年7月25日,十二層,,
RPUNMLLKKHLGFBD87CC,3,29.55,本共有部分之項目有共同管理維護空間、停車空間、梯廳、電信室、昇降機道、門廊、梯間、機電設備空間、樓梯間、甲安全梯、乙安全梯等１１項,鋼筋混凝土造,111年8月24日,五層,,
RPQNMLLKKHLGFAD37CC,29,6.48,共同使用部份,鋼筋混凝土造,85年7月25日,十二層,,
RPVNMLLKKHLGFBD97CC,43,110.37,住家用,加強磚造,72年7月14日,二層,,
RPPOMLLKKHLGFBD47CC,32,141.66,住家用,鋼筋混凝土造,83年7月6日,三層,,
RPTNMLLKKHLGFBD77CC,2,81.78,集合住宅,鋼筋混凝土造,112年9月13日,十四層,,
RPTNMLLKKHLGFBD77CC,2,5.39,集合住宅,鋼筋混凝土造,112年9月13日,十四層,,
RPPNMLLKKHLGFCD47CC,29,23.14,店舖　　住宅　　停車空間辦公室,鋼筋混凝土造,86年3月6日,五層,,
RPTNMLLKKHLGFBD77CC,2,75.77,本共有部分之項目有停車空間、梯間、台電配電場所、垃圾儲藏室、垃圾暫停車位、發電機房、樓電梯間、水箱、儲藏室、雨水機房、防空避難室兼停車空間、公共服務空間、無障礙廁所、宅配室、迴廊、門廳、管委會使用空間、車道、樓梯間、水錶室、機房、機械室、消防水箱等２３項。,鋼筋混凝土造,112年9月13日,十四層,,
RPOOMLLKKHLGFBD37CC,31,224.12,住商用,鋼筋混凝土造,83年10月20日,四層,,
RPRNMLLKKHLGFCD67CC,4,21.65,集合住宅,鋼筋混凝土構造,111年6月1日,六層,,
RPRNMLLKKHLGFCD67CC,4,13.11,本共有部分之項目有：防空避難室兼停車空間、梯廳、安全梯、台電配電室、緊急發電機、電信室、消防機房、汙水機房、雨水機房、水箱、管理委員會空間、中央監控室、戶外安全梯、機房、管委會空間（走廊）、管委會空間等十六項。,鋼筋混凝土構造,111年6月1日,六層,,
RPUNMLLKKHLGFCD97CC,4,77.49,集合住宅,鋼筋混凝土構造,111年6月1日,六層,,
RPUNMLLKKHLGFCD97CC,4,46.83,本共有部分之項目有：防空避難室兼停車空間、梯廳、安全梯、台電配電室、緊急發電機、電信室、消防機房、汙水機房、雨水機房、水箱、管理委員會空間、中央監控室、戶外安全梯、機房、管委會空間（走廊）、管委會空間等十六項。,鋼筋混凝土構造,111年6月1日,六層,,
RPQPMLLKKHLGFCD77CC,32,114.33,商業用,鋼筋混凝土造,83年3月31日,七層,,
RPUOMLLKKHLGFCD08CC,49,103.61,住家用,加強磚造,65年9月20日,二層,,
RPQPMLLKKHLGFCD77CC,32,8.91,共同使用部份,鋼筋混凝土造,83年3月31日,七層,,
RPOOMLLKKHLGFCD47CC,4,21.86,集合住宅,鋼筋混凝土構造,111年6月1日,六層,,
RPQOMLLKKHLGFCD67CC,29,75.53,住家用,鋼筋混凝土造,86年4月19日,七層,,
RPOOMLLKKHLGFCD47CC,4,13.18,本共有部分之項目有：防空避難室兼停車空間、梯廳、安全梯、台電配電室、緊急發電機、電信室、消防機房、汙水機房、雨水機房、水箱、管理委員會空間、中央監控室、戶外安全梯、機房、管委會空間（走廊）、管委會空間等十六項。,鋼筋混凝土構造,111年6月1日,六層,,
RPQOMLLKKHLGFCD67CC,29,10.14,共同使用部份,鋼筋混凝土造,86年4月19日,七層,,
RPOPMLLKKHLGFCD57CC,32,63.71,住家用,鋼筋混凝土造,83年1月10日,三層,,
RPQOMLLKKHLGFCD67CC,29,20.56,共同使用部份,鋼筋混凝土造,86年4月19日,七層,,
RPOPMLLKKHLGFCD57CC,32,6.94,共同使用部份,鋼筋混凝土造,83年1月10日,三層,,
RPWNMLLKKHLGFCD18CC,4,24.57,集合住宅,鋼筋混凝土構造,111年6月1日,六層,,
RPTNMLLKKHLGFCD87CC,4,27.74,集合住宅,鋼筋混凝土構造,111年6月1日,六層,,
RPWNMLLKKHLGFCD18CC,4,14.86,本共有部分之項目有：防空避難室兼停車空間、梯廳、安全梯、台電配電室、緊急發電機、電信室、消防機房、汙水機房、雨水機房、水箱、管理委員會空間、中央監控室、戶外安全梯、機房、管委會空間（走廊）、管委會空間等十六項。,鋼筋混凝土構造,111年6月1日,六層,,
RPTNMLLKKHLGFCD87CC,4,16.78,本共有部分之項目有：防空避難室兼停車空間、梯廳、安全梯、台電配電室、緊急發電機、電信室、消防機房、汙水機房、雨水機房、水箱、管理委員會空間、中央監控室、戶外安全梯、機房、管委會空間（走廊）、管委會空間等十六項。,鋼筋混凝土構造,111年6月1日,六層,,
RPTOMLLKKHLGFCD97CC,53,10.00,住家用,加強磚造,62年1月22日,二層,,
RPPPMLLKKHLGFCD67CC,36,15.42,住家用,鋼筋混凝土造,79年4月17日,五層,,
RPPPMLLKKHLGFCD67CC,36,5.66,共同使用部份,鋼筋混凝土造,79年4月17日,五層,,
RPXOMLLKKHLGFCD38CC,34,89.82,住家用,鋼筋混凝土造,81年5月8日,六層,,
RPXOMLLKKHLGFCD38CC,34,25.12,共同使用部份,鋼筋混凝土造,81年5月8日,六層,,
RPXNMLLKKHLGFCD28CC,4,21.86,集合住宅,鋼筋混凝土構造,111年6月1日,六層,,
RPXNMLLKKHLGFCD28CC,4,13.18,本共有部分之項目有：防空避難室兼停車空間、梯廳、安全梯、台電配電室、緊急發電機、電信室、消防機房、汙水機房、雨水機房、水箱、管理委員會空間、中央監控室、戶外安全梯、機房、管委會空間（走廊）、管委會空間等十六項。,鋼筋混凝土構造,111年6月1日,六層,,
RPSNMLLKKHLGFCD77CC,4,21.65,集合住宅,鋼筋混凝土構造,111年6月1日,六層,,
RPSOMLLKKHLGFCD87CC,4,27.74,集合住宅,鋼筋混凝土構造,111年6月1日,六層,,
RPSNMLLKKHLGFCD77CC,4,13.11,本共有部分之項目有：防空避難室兼停車空間、梯廳、安全梯、台電配電室、緊急發電機、電信室、消防機房、汙水機房、雨水機房、水箱、管理委員會空間、中央監控室、戶外安全梯、機房、管委會空間（走廊）、管委會空間等十六項。,鋼筋混凝土構造,111年6月1日,六層,,
RPSOMLLKKHLGFCD87CC,4,16.78,本共有部分之項目有：防空避難室兼停車空間、梯廳、安全梯、台電配電室、緊急發電機、電信室、消防機房、汙水機房、雨水機房、水箱、管理委員會空間、中央監控室、戶外安全梯、機房、管委會空間（走廊）、管委會空間等十六項。,鋼筋混凝土構造,111年6月1日,六層,,
RPQNMLLKKHLGFCD57CC,36,23.59,住家用,鋼筋混凝土造,78年11月14日,五層,,
RPQNMLLKKHLGFCD57CC,36,6.74,共同使用部份,鋼筋混凝土造,78年11月14日,五層,,
RPRPMLLKKHLGFCD87CC,48,63.00,住家用,鋼筋混凝土造,67年5月9日,四層,,
RPSPMLLKKHLGFCD97CC,1,71.48,集合住宅,鋼筋混凝土造,113年8月16日,十五層,,
RPSPMLLKKHLGFCD97CC,1,64.78,本共有部份之項目有：防空避難室兼停車空間、停車空間、管委會使用空間、樓梯間、昇降機間、機械室、水箱、梯間、門廊、車道共１０項。,鋼筋混凝土造,113年8月16日,十五層,,
RPTPMLLKKHLGFCD08CC,43,47.21,住家用,鋼筋混凝土造,72年2月4日,七層,,
RPTPMLLKKHLGFCD08CC,43,22.30,共同使用部份,鋼筋混凝土造,72年2月4日,七層,,
RPUPMLLKKHLGFCD18CC,39,139.00,住家用,鋼筋混凝土造,75年10月27日,二層,,
RPXPMLLKKHLGFCD48CC,30,54.64,住家用,鋼筋混凝土造,84年11月6日,二十層,,
RPOQMLLKKHLGFCD67CC,2,15.35,集合住宅,鋼筋混凝土造,113年4月1日,五層,,
RPXPMLLKKHLGFCD48CC,30,11.45,共同使用部份,鋼筋混凝土造,84年11月6日,二十層,,
RPXPMLLKKHLGFCD48CC,30,31.36,共同使用部份,鋼筋混凝土造,84年11月6日,二十層,,
RPWPMLLKKHLGFCD38CC,30,51.28,住家用,鋼筋混凝土造,84年11月6日,二十層,,
RPWPMLLKKHLGFCD38CC,30,10.79,共同使用部份,鋼筋混凝土造,84年11月6日,二十層,,
RPWPMLLKKHLGFCD38CC,30,12.93,共同使用部份,鋼筋混凝土造,84年11月6日,二十層,,
RPRQMLLKKHLGFCD97CC,31,49.95,住家用,鋼筋混凝土造,83年11月3日,五層,,
RPUQMLLKKHLGFCD28CC,4,65.62,集合住宅,鋼筋混凝土構造,111年5月25日,五層,,
RPRQMLLKKHLGFCD97CC,31,19.28,共同使用部份,鋼筋混凝土造,83年11月3日,五層,,
RPTNMLLKKHLGFFD18CC,29,85.12,住家用,鋼筋混凝土造,86年6月7日,十二層,,
RPTNMLLKKHLGFFD18CC,29,7.02,共同使用部份,鋼筋混凝土造,86年6月7日,十二層,,
RPPQMLLKKHLGFCD77CC,2,28.16,集合住宅,鋼筋混凝土造,113年4月1日,五層,,
RPTNMLLKKHLGFFD18CC,29,8.60,共同使用部份,鋼筋混凝土造,86年6月7日,十二層,,
RPUQMLLKKHLGFCD28CC,4,22.37,本共有部分之項目有電梯、樓梯間、梯廳、機電設備空間、電信室、門廊、管理維護使用空間、停車空間等８項。,鋼筋混凝土構造,111年5月25日,五層,,
RPPNMLLKKHLGFHD97CC,30,166.62,住家用,鋼筋混凝土造,84年10月22日,三層,,
RPPNMLLKKHLGFGD87CC,31,63.78,住家用,鋼筋混凝土造,84年6月22日,十二層,,
RPPNMLLKKHLGFGD87CC,31,20.09,共同使用部份,鋼筋混凝土造,84年6月22日,十二層,,
RPVQMLLKKHLGFCD38CC,55,23.14,住家用,加強磚造,59年10月24日,二層,,
RPQNMLLKKHLGFGD97CC,31,71.15,住家用,鋼筋混凝土造,84年6月22日,十二層,,
RPQQMLLKKHLGFCD87CC,38,140.99,住家用,鋼筋混凝土造,77年5月24日,二層,,
RPQNMLLKKHLGFGD97CC,31,21.27,共同使用部份,鋼筋混凝土造,84年6月22日,十二層,,
RPSNMLLKKHLGFGD18CC,33,67.62,住家用,鋼筋混凝土造,82年3月26日,五層,,
RPSNMLLKKHLGFGD18CC,33,6.79,共同使用部份,鋼筋混凝土造,82年3月26日,五層,,
RPTNMLLKKHLGFHD38CC,47,162.80,住商用,鋼筋混凝土造,68年7月9日,三層,,
RPSNMLLKKHLGFGD18CC,33,6.59,共同使用部份,鋼筋混凝土造,82年3月26日,五層,,
RPSNMLLKKHLGFHD28CC,20,16.53,店舖，住宅，梯廳，車庫，梯間，機械室,鋼筋混凝土造,94年12月20日,四層,,
RPUNMLLKKHLGFHD48CC,7,72.71,集合住宅,鋼筋混凝土造,107年8月30日,十三層,,
RPUNMLLKKHLGFHD48CC,7,53.69,停車空間、有頂蓋式開放空間、集合住宅、樓梯間、電梯間、機房、水箱,鋼筋混凝土造,107年8月30日,十三層,,
RPUNMLLKKHLGFHD48CC,7,18.49,梯廳、梯廳（排煙室）、安全梯,鋼筋混凝土造,107年8月30日,十三層,,
RPPNMLLKKHLGFID08CC,18,8.04,辦公室,鋼筋混凝土造,96年9月20日,四層,,
RPPNMLLKKHLGFID08CC,18,5.59,共同使用部份,鋼筋混凝土造,96年9月20日,四層,,
RPSNMLLKKHLGFID38CC,2,80.31,集合住宅,鋼筋混凝土造,112年11月30日,五層,,
RPSNMLLKKHLGFID38CC,2,44.71,本共有部分之項目有管委會使用空間、門廊、（安全梯，昇降機，機電等空間）、停車空間、樓梯間等５項,鋼筋混凝土造,112年11月30日,五層,,
RPVNMLLKKHLGFID68CC,32,58.73,住家用,鋼筋混凝土造,83年2月25日,七層,,
RPVNMLLKKHLGFID68CC,32,19.16,共同使用部份,鋼筋混凝土造,83年2月25日,七層,,
RPQNMLLKKHLGFID18CC,28,30.97,住家用,鋼筋混凝土造,86年7月21日,六層,,
RPQNMLLKKHLGFID18CC,28,12.67,共同使用部份,鋼筋混凝土造,86年7月21日,六層,,
RPWNMLLKKHLGFID78CC,1,73.02,集合住宅,鋼筋混凝土造,113年9月30日,十四層,,
RPWNMLLKKHLGFID78CC,1,46.58,本共有部分之項目有停車空間、門廊、管委會空間、樓電梯間、梯廳、電信室、垃圾分類室、樓梯間、排煙室、電梯間、水箱、陽台等１２項,鋼筋混凝土造,113年9月30日,十四層,,
RPXNMLLKKHLGFID88CC,31,101.75,住家用,鋼筋混凝土造,83年11月17日,六層,,
RPXNMLLKKHLGFID88CC,31,16.92,共同使用部份,鋼筋混凝土造,83年11月17日,六層,,
RPRNMLLKKHLGFKD48CC,38,140.49,住家用,鋼筋混凝土造,77年6月21日,二層,,
RPTNMLLKKHLGFKD68CC,26,27.48,住家用,鋼筋混凝土造,88年8月24日,十四層,,
RPPNMLLKKHLGFKD28CC,29,90.39,住商用,鋼筋混凝土造,86年1月28日,十九層,,
RPVNMLLKKHLGFKD88CC,31,96.06,住家用,鋼筋混凝土造,84年1月24日,六層,,
RPTNMLLKKHLGFKD68CC,26,.67,共同使用部份,鋼筋混凝土造,88年8月24日,十四層,,
RPPNMLLKKHLGFKD28CC,29,18.20,共同使用部份,鋼筋混凝土造,86年1月28日,十九層,,
RPVNMLLKKHLGFKD88CC,31,23.08,共同使用部份,鋼筋混凝土造,84年1月24日,六層,,
RPTNMLLKKHLGFKD68CC,26,1.21,共同使用部份,鋼筋混凝土造,88年8月24日,十四層,,
RPPNMLLKKHLGFKD28CC,29,3.37,共同使用部份,鋼筋混凝土造,86年1月28日,十九層,,
RPQNMLLKKHLGFKD38CC,50,12.49,住家用,加強磚造,64年12月9日,二層,,
RPTNMLLKKHLGFKD68CC,26,7.42,共同使用部份,鋼筋混凝土造,88年8月24日,十四層,,
RPSNMLLKKHLGFKD58CC,18,187.32,住家用,鋼筋混凝土造,96年10月25日,四層,,
RPUNMLLKKHLGFKD78CC,26,21.44,住家用,鋼筋混凝土造,88年8月24日,十四層,,
RPXNMLLKKHLGFKD09CC,37,13.00,避難室、店舖、住宅。,鋼筋混凝土造,77年11月1日,四層,,
RPUNMLLKKHLGFKD78CC,26,.53,共同使用部份,鋼筋混凝土造,88年8月24日,十四層,,
RPUNMLLKKHLGFKD78CC,26,.86,共同使用部份,鋼筋混凝土造,88年8月24日,十四層,,
RPOOMLLKKHLGFKD28CC,32,96.37,住家用,鋼筋混凝土造,83年5月20日,七層,,
RPUNMLLKKHLGFKD78CC,26,5.72,共同使用部份,鋼筋混凝土造,88年8月24日,十四層,,
RPOOMLLKKHLGFKD28CC,32,20.40,共同使用部份,鋼筋混凝土造,83年5月20日,七層,,
RPPNMLLKKHLGFBD47DC,32,144.24,自用倉庫,鐵骨造,82年10月21日,一層,,
RPPOMLLKKHLGFKD38CC,44,70.74,住家用,鋼筋混凝土造,70年12月7日,五層,,
RPPOMLLKKHLGFKD38CC,44,12.17,共同使用部份,鋼筋混凝土造,70年12月7日,五層,,
RPQOMLLKKHLGFKD48CC,26,24.50,住家用,鋼筋混凝土造,88年8月24日,十四層,,
RPQOMLLKKHLGFKD48CC,26,.60,共同使用部份,鋼筋混凝土造,88年8月24日,十四層,,
RPQOMLLKKHLGFKD48CC,26,1.04,共同使用部份,鋼筋混凝土造,88年8月24日,十四層,,
RPQOMLLKKHLGFKD48CC,26,6.49,共同使用部份,鋼筋混凝土造,88年8月24日,十四層,,
RPPNMLMKKHLGFAD37CC,25,22.65,集合住宅,鋼筋混凝土造,89年11月20日,十四層,,
RPPNMLMKKHLGFAD37CC,25,6.38,共同使用部份,鋼筋混凝土造,89年11月20日,十四層,,
RPTNMLMKKHLGFAD77CC,31,29.39,住家用,鋼筋混凝土造,84年7月4日,十八層,,
RPTNMLMKKHLGFAD77CC,31,36.94,共同使用部份,鋼筋混凝土造,84年7月4日,十八層,,
RPSNMLMKKHLGFAD67CC,28,124.18,住家用,鋼筋混凝土造,86年10月21日,二十二層,,
RPSNMLMKKHLGFAD67CC,28,61.45,共同使用部份,鋼筋混凝土造,86年10月21日,二十二層,,
RPWNMLMKKHLGFAD08CC,4,33.06,店舖、住宅,鋼筋混凝土構造,111年4月29日,四層,,
RPUNMLMKKHLGFAD87CC,31,88.69,住家用,鋼筋混凝土造,83年10月11日,十七層,,
RPVNMLMKKHLGFAD97CC,29,25.84,住家用,鋼筋混凝土造,85年9月11日,七層,,
RPQNMLMKKHLGFAD47CC,2,496.90,店舖、住宅,鋼筋混凝土造,113年2月20日,三層,,
RPUNMLMKKHLGFAD87CC,31,36.43,共同使用部份,鋼筋混凝土造,83年10月11日,十七層,,
RPUNMLMKKHLGFAD87CC,31,12.82,共同使用部份,鋼筋混凝土造,83年10月11日,十七層,,
RPVNMLMKKHLGFAD97CC,29,5.15,共同使用部份,鋼筋混凝土造,85年9月11日,七層,,
RPVNMLMKKHLGFAD97CC,29,4.97,共同使用部份,鋼筋混凝土造,85年9月11日,七層,,
RPXNMLMKKHLGFAD18CC,28,25.67,住家用,鋼筋混凝土造,87年2月19日,二十一層,,
RPXNMLMKKHLGFAD18CC,28,9.48,共同使用部份,鋼筋混凝土造,87年2月19日,二十一層,,
RPOOMLMKKHLGFAD37CC,31,37.64,住家用,鋼筋混凝土造,84年7月29日,十七層,,
RPOOMLMKKHLGFAD37CC,31,10.27,共同使用部份,鋼筋混凝土造,84年7月29日,十七層,,
RPWOMLMKKHLGFAD18CC,31,29.39,住家用,鋼筋混凝土造,84年7月4日,十八層,,
RPTOMLMKKHLGFAD87CC,20,248.03,店舖、住宅,ＲＣ造,95年3月24日,四層,,
RPPNMLMKKHLGFBD47CC,12,12.97,住宅，停車空間,鋼筋混凝土造,103年7月4日,四層,,
RPPOMLMKKHLGFAD47CC,33,528.94,遊藝場、停車空間,鐵骨造,82年3月26日,二層,,
RPPOMLMKKHLGFAD47CC,33,260.82,商業用,鐵骨造,82年3月26日,二層,,
RPWOMLMKKHLGFAD18CC,31,13.74,共同使用部份,鋼筋混凝土造,84年7月4日,十八層,,
RPUOMLMKKHLGFAD97CC,35,27.41,住家用,鋼筋混凝土造,80年4月26日,八層,,
RPUOMLMKKHLGFAD97CC,35,9.80,共同使用部份,鋼筋混凝土造,80年4月26日,八層,,
RPVOMLMKKHLGFAD08CC,5,53.78,集合住宅,鋼筋混凝土構造,110年5月3日,十八層,,
RPVOMLMKKHLGFAD08CC,5,38.74,本共有部分之項目有防災中心、停車空間、機電設備空間、防空避難室兼停車空間、台電配電場所、自來水箱、車道、門廳、儲藏室、樓梯間、梯廳、昇降梯、屋頂平台等１３項。,鋼筋混凝土構造,110年5月3日,十八層,,
RPSOMLMKKHLGFAD77CC,40,102.47,住家用,鋼筋混凝土造,75年6月23日,四層,,
RPSNMLMKKHLGFBD77CC,1,83.67,集合住宅,鋼筋混凝土造,114年5月1日,五層,,
RPQNMLMKKHLGFBD57CC,31,29.92,住商用,鋼筋混凝土造,83年9月27日,三層,,
RPSNMLMKKHLGFBD77CC,1,49.16,共同使用部份,鋼筋混凝土造,114年5月1日,五層,,
RPTNMLMKKHLGFBD87CC,45,106.15,住家用,加強磚造,70年4月13日,二層,,
RPUNMLMKKHLGFBD97CC,2,56.96,集合住宅,鋼筋混凝土造,112年9月13日,十四層,,
RPUNMLMKKHLGFBD97CC,2,30.06,本共有部分之項目有停車空間、梯間、台電配電場所、垃圾儲藏室、垃圾暫停車位、發電機房、樓電梯間、水箱、儲藏室、雨水機房、防空避難室兼停車空間、公共服務空間、無障礙廁所、宅配室、迴廊、門廳、管委會使用空間、車道、樓梯間、水錶室、機房、機械室、消防水箱等２３項。,鋼筋混凝土造,112年9月13日,十四層,,
RPVNMLMKKHLGFBD08CC,31,50.62,住家用,鋼筋混凝土造,83年10月27日,五層,,
RPVNMLMKKHLGFBD08CC,31,33.42,共同使用部份,鋼筋混凝土造,83年10月27日,五層,,
RPSNMLMKKHLGFCD87CC,43,87.02,集合住宅,鋼筋混凝土造,72年8月3日,五層,,
RPSNMLMKKHLGFCD87CC,43,6.23,共同使用部份,鋼筋混凝土造,72年8月3日,五層,,
RPXNMLMKKHLGFBD28CC,12,18.45,住宅，停車空間,鋼筋混凝土造,103年7月4日,四層,,
RPPNMLMKKHLGFCD57CC,34,82.01,住家用,鋼筋混凝土造,80年10月7日,七層,,
RPPNMLMKKHLGFCD57CC,34,24.23,共同使用部份,鋼筋混凝土造,80年10月7日,七層,,
RPQNMLMKKHLGFCD67CC,42,83.60,住家用,鋼筋混凝土造,73年1月9日,五層,,
RPQNMLMKKHLGFCD67CC,42,6.28,共同使用部份,鋼筋混凝土造,73年1月9日,五層,,
RPVNMLMKKHLGFCD18CC,40,112.97,住家用,鋼筋混凝土造,74年8月16日,二層,,
RPOOMLMKKHLGFCD57CC,37,57.96,住家用,鋼筋混凝土造,77年11月7日,五層,,
RPTNMLMKKHLGFCD97CC,31,71.93,住家用,鋼筋混凝土造,83年12月16日,十六層,,
RPOOMLMKKHLGFCD57CC,37,6.08,共同使用部份,鋼筋混凝土造,77年11月7日,五層,,
RPTNMLMKKHLGFCD97CC,31,17.61,共同使用部份,鋼筋混凝土造,83年12月16日,十六層,,
RPTNMLMKKHLGFCD97CC,31,13.41,共同使用部份,鋼筋混凝土造,83年12月16日,十六層,,
RPPNMLMKKHLGFFD87CC,4,54.19,集合住宅,鋼筋混凝土構造,111年7月8日,五層,,
RPPOMLMKKHLGFCD67CC,33,73.26,住家用,鋼筋混凝土造,82年7月19日,六層,,
RPXNMLMKKHLGFCD38CC,42,56.60,住商用,鋼筋混凝土造,72年8月29日,三層,,
RPRNMLMKKHLGFCD77CC,31,100.42,住家用,鋼筋混凝土造,83年10月21日,八層,,
RPPOMLMKKHLGFCD67CC,33,28.09,共同使用部份,鋼筋混凝土造,82年7月19日,六層,,
RPPNMLMKKHLGFFD87CC,4,22.66,本共有部分之項目有：停車空間、安全樓梯間、昇降機、梯廳、水箱、機械室、電信室、管委會共八項。,鋼筋混凝土構造,111年7月8日,五層,,
RPRNMLMKKHLGFCD77CC,31,11.88,共同使用部份,鋼筋混凝土造,83年10月21日,八層,,
RPRNMLMKKHLGFCD77CC,31,23.24,共同使用部份,鋼筋混凝土造,83年10月21日,八層,,
RPWNMLMKKHLGFCD28CC,42,81.00,住家用,鋼筋混凝土造,72年12月14日,七層,,
RPWNMLMKKHLGFCD28CC,42,24.87,共同使用部份,鋼筋混凝土造,72年12月14日,七層,,
RPPNMLMKKHLGFGD97CC,26,125.78,住家用,鋼筋混凝土造,88年9月17日,三層,,
RPPNMLMKKHLGFGD97CC,26,66.95,共同使用部份,鋼筋混凝土造,88年9月17日,十層,,
RPPNMLMKKHLGFDD67CC,37,116.24,住家用,鋼筋混凝土造,78年3月24日,五層,,
RPPNMLMKKHLGFDD67CC,37,8.43,共同使用部份,鋼筋混凝土造,78年3月24日,五層,,
RPRNMLMKKHLGFGD18CC,1,158.32,Ｈ２住宅、門廊,鋼筋混凝土造,114年6月16日,三層,,
RPPNMLMKKHLGFHD08CC,18,14.57,住宅，樓梯間,鋼筋混凝土造,96年9月19日,四層,,
RPRNMLMKKHLGFHD28CC,5,61.74,集合住宅,鋼筋混凝土造,109年10月19日,六層,,
RPRNMLMKKHLGFHD28CC,5,36.47,本共有部分之項目有停車空間、樓梯間、電梯機械室＋水箱等４項,鋼筋混凝土造,109年10月19日,六層,,
RPSNMLMKKHLGFHD38CC,3,66.10,集合住宅,鋼筋混凝土造,111年12月16日,十五層,,
RPSNMLMKKHLGFHD38CC,3,27.95,共有部份之項目有：停車空間、公共空間、樓梯間、排煙室、走道、水箱、電梯機房共７項。,鋼筋混凝土造,111年12月16日,十五層,,
RPXNMLMKKHLGFHD88CC,9,196.48,住家用,鋼筋混凝土造,106年5月16日,四層,,
RPOOMLMKKHLGFHD08CC,32,77.95,住家用,鋼筋混凝土造,82年12月7日,十二層,,
RPWNMLMKKHLGFHD78CC,31,65.16,住家用,鋼筋混凝土造,84年6月15日,八層,,
RPOOMLMKKHLGFHD08CC,32,9.20,梯間，電梯間,鋼筋混凝土造,82年12月7日,十二層,,
RPOOMLMKKHLGFHD08CC,32,21.98,守衛室、防空避難室、車道、門廊、屋頂突出物,鋼筋混凝土造,82年12月7日,十二層,,
RPWNMLMKKHLGFHD78CC,31,30.30,防空避難室．昇降機室，車道，門廊梯間，機械室，水箱,鋼筋混凝土造,84年6月15日,八層,,
RPTNMLMKKHLGFHD48CC,50,20.00,住商用,加強磚造,65年3月5日,二層,,
RPUNMLMKKHLGFHD58CC,3,58.47,集合住宅,鋼筋混凝土造,112年5月25日,七層,,
RPUNMLMKKHLGFHD58CC,3,29.21,本共有部分之項目有門廊、停車空間、機電設備空間、消防設備機房、梯間、水箱、機械室、升降機（電梯）、資源回收室等９項,鋼筋混凝土造,112年5月25日,七層,,
RPSNMLMKKHLGFID48CC,41,11.24,住商用,鋼筋混凝土造,73年12月28日,三層,,
RPRNMLMKKHLGFID38CC,31,81.33,住家用,鋼筋混凝土造,83年11月18日,七層,,
RPRNMLMKKHLGFID38CC,31,12.14,共同使用部份,鋼筋混凝土造,83年11月18日,七層,,
RPRNMLMKKHLGFID38CC,31,20.34,共同使用部份,鋼筋混凝土造,83年11月18日,七層,,
RPQOMLMKKHLGFHD28CC,2,71.98,集合住宅,鋼骨鋼筋混凝土造,112年9月27日,二十六層,,
RPQOMLMKKHLGFHD28CC,2,76.52,本共有部分之項目有停車空間、樓梯間、機械室、水箱、儲藏室、陽台、公共空間、管委會使用空間等８項,鋼骨鋼筋混凝土造,112年9月27日,二十六層,,
RPPOMLMKKHLGFHD18CC,10,53.79,集合住宅,鋼筋混凝土造,105年5月11日,七層,,
RPPOMLMKKHLGFHD18CC,10,28.64,停車空間，梯間，門廳，管委會使用空間，樓梯間，水箱，機械室,鋼筋混凝土造,105年5月11日,七層,,
RPPNMLMKKHLGFID18CC,2,72.70,集合住宅,鋼筋混凝土造,113年6月24日,十四層,,
RPTNMLMKKHLGFID58CC,41,30.41,住商用,鋼筋混凝土造,73年12月28日,三層,,
RPPNMLMKKHLGFID18CC,2,16.68,本共有部分之項目有梯廳、管委會使用空間、停車空間等３項,鋼筋混凝土造,113年6月24日,十四層,,
RPPNMLMKKHLGFID18CC,2,18.03,本共有部分之項目有機電設備空間、進風機房、梯廳兼排煙室、樓電梯間、水錶機房、消防水箱、樓梯間、電梯機房、水箱等９項,鋼筋混凝土造,113年6月24日,十四層,,
RPWNMLMKKHLGFID88CC,41,17.52,住商用,鋼筋混凝土造,73年12月28日,三層,,
RPTOMLMKKHLGFID68CC,1,77.11,集合住宅,鋼筋混凝土造,114年1月7日,六層,,
RPTOMLMKKHLGFID68CC,1,59.89,本共有部分之項目有停車空間、公共空間、樓梯間等３項,鋼筋混凝土造,114年1月7日,六層,,
RPROMLMKKHLGFID48CC,2,57.49,集合住宅,鋼筋混凝土造,112年8月8日,十五層,,
RPROMLMKKHLGFID48CC,2,43.00,本共有部分之項目有停車空間、管委會使用空間、梯間、車道、前廊、陽台、樓梯間、機械室、水箱等９項,鋼筋混凝土造,112年8月8日,十五層,,
RPQOMLMKKHLGFCD77CC,30,14.68,住家用,鋼筋混凝土造,85年2月2日,三層,,
RPQOMLMKKHLGFCD77CC,30,3.61,共同使用部份,鋼筋混凝土造,85年2月2日,三層,,
RPSOMLMKKHLGFCD97CC,15,98.84,住家用,鋼筋混凝土造,99年12月13日,十四層,,
RPSOMLMKKHLGFCD97CC,15,21.94,本共有部分之項目有：樓梯間、機械室、水箱等３項。,鋼筋混凝土造,99年12月13日,十四層,,
RPSOMLMKKHLGFCD97CC,15,61.67,本共有部分之項目有：防空避難室兼停車空間、停車空間、車道、門廊、公共服務空間等５項。,鋼筋混凝土造,99年12月13日,十四層,,
RPTOMLMKKHLGFCD08CC,37,155.47,住家用,鋼筋混凝土造,78年8月1日,二層,,
RPPOMLMKKHLGFID28CC,41,17.52,住商用,鋼筋混凝土造,73年12月28日,三層,,
RPUOMLMKKHLGFID78CC,1,58.28,集合住宅,鋼筋混凝土造,114年1月13日,十三層,,
RPVOMLMKKHLGFID88CC,2,76.63,集合住宅,鋼筋混凝土造,112年8月8日,十五層,,
RPUOMLMKKHLGFID78CC,1,50.38,本共有部分之項目有停車空間、公共空間、管委會使用空間、車道、樓梯間、機房、水箱等７項,鋼筋混凝土造,114年1月13日,十三層,,
RPVOMLMKKHLGFID88CC,2,62.42,本共有部分之項目有停車空間、管委會使用空間、梯間、車道、前廊、陽台、樓梯間、機械室、水箱等９項,鋼筋混凝土造,112年8月8日,十五層,,
RPPNMLMKKHLGFKD38CC,4,83.51,集合住宅,鋼筋混凝土構造,110年8月20日,十一層,,
RPPNMLMKKHLGFKD38CC,4,84.49,本共有部分之項目有：樓梯間、車道、門廊、門廳、宅配室、污物處理區、管理室、管委會空間、公共服務空間、機械室、梯廳、水箱、停車空間、防空避難室兼停車空間等１４項,鋼筋混凝土構造,110年8月20日,十一層,,
RPVNMLMKKHLGFKD98CC,17,25.56,住商用,鋼筋混凝土造,97年10月30日,四層,,
RPTNMLMKKHLGFKD78CC,19,8.54,辦公室,鋼筋混凝土造,95年9月18日,八層,,
RPTNMLMKKHLGFKD78CC,19,8.54,共同使用部份,鋼筋混凝土造,95年9月18日,八層,,
RPWNMLMKKHLGFKD09CC,19,26.69,住家用,鋼筋混凝土造,96年1月19日,四層,,
RPQNMLMKKHLGFKD48CC,30,14.49,住家用,鋼筋混凝土造,85年1月30日,七層,,
RPSOMLMKKHLGFKD78CC,11,12.79,住家用,鋼筋混凝土構造,104年5月18日,三層,,
RPQNMLMKKHLGFKD48CC,30,7.66,共同使用部份,鋼筋混凝土造,85年1月30日,七層,,
RPPOMLMKKHLGFKD48CC,22,234.30,住宅，停車空間,鋼筋混凝土造,92年9月29日,五層,,
RPXNMLMKKHLGFKD56CC,13,20.95,住家用,鋼筋混凝土造,102年2月5日,四層,,
RPRNMLMKKHLGFKD58CC,30,14.49,住家用,鋼筋混凝土造,85年1月30日,七層,,
RPRNMLMKKHLGFKD58CC,30,7.66,共同使用部份,鋼筋混凝土造,85年1月30日,七層,,
RPQOMLMKKHLGFKD58CC,32,68.32,住家用,鋼筋混凝土造,83年4月13日,七層,,
RPQOMLMKKHLGFKD58CC,32,14.19,共同使用部份,鋼筋混凝土造,83年4月13日,七層,,
RPVOMLMKKHLGFKD09CC,35,19.96,住家用,鋼筋混凝土造,80年6月5日,七層,,
RPVOMLMKKHLGFKD09CC,35,9.13,共同使用部份,鋼筋混凝土造,80年6月5日,七層,,
RPUOMLMKKHLGFKD98CC,33,28.20,住家用,鋼筋混凝土造,82年7月16日,七層,,
RPUOMLMKKHLGFKD98CC,33,2.31,共同使用部份,鋼筋混凝土造,82年7月16日,七層,,
RPUOMLMKKHLGFKD98CC,33,6.24,共同使用部份,鋼筋混凝土造,82年7月16日,七層,,
RPWOMLMKKHLGFKD56CC,33,26.65,住家用,鋼筋混凝土造,82年7月16日,七層,,
RPPPMLMKKHLGFKD58CC,19,26.69,住家用,鋼筋混凝土造,96年1月19日,四層,,
RPWOMLMKKHLGFKD56CC,33,2.07,共同使用部份,鋼筋混凝土造,82年7月16日,七層,,
RPWOMLMKKHLGFKD56CC,33,5.72,共同使用部份,鋼筋混凝土造,82年7月16日,七層,,
RPXOMLMKKHLGFKD66CC,31,26.48,住家用,鋼筋混凝土造,84年5月22日,七層,,
RPXOMLMKKHLGFKD66CC,31,4.12,共同使用部份,鋼筋混凝土造,84年5月22日,七層,,
RPXOMLMKKHLGFKD66CC,31,3.66,共同使用部份,鋼筋混凝土造,84年5月22日,七層,,
RPUNMLNKKHLGFAD97CC,26,95.96,一般事務所,鋼筋混凝土造,88年8月16日,十四層,,
RPUNMLNKKHLGFAD97CC,26,27.10,共同使用部份,鋼筋混凝土造,88年8月16日,十四層,,
RPUNMLNKKHLGFAD97CC,26,13.58,共同使用部份,鋼筋混凝土造,88年8月16日,十四層,,
RPQNMLNKKHLGFAD57CC,38,24.90,住家用,鋼筋混凝土造,76年10月13日,七層,,
RPQNMLNKKHLGFAD57CC,38,6.03,共同使用部份,鋼筋混凝土造,76年10月13日,七層,,
RPQNMLNKKHLGFAD57CC,38,.80,共同使用部份,鋼筋混凝土造,76年10月13日,七層,,
RPTNMLNKKHLGFAD87CC,5,56.05,集合住宅,鋼筋混凝土構造,110年5月3日,十八層,,
RPTNMLNKKHLGFAD87CC,5,56.54,本共有部分之項目有防災中心、停車空間、機電設備空間、防空避難室兼停車空間、台電配電場所、自來水箱、車道、門廳、儲藏室、樓梯間、梯廳、昇降梯、屋頂平台等１３項。,鋼筋混凝土構造,110年5月3日,十八層,,
RPRNMLNKKHLGFAD67CC,31,22.51,住家用,鋼筋混凝土造,84年1月4日,十二層,,
RPSNMLNKKHLGFAD77CC,47,54.90,住商用,鋼筋混凝土造,67年10月26日,十二層,,
RPRNMLNKKHLGFAD67CC,31,8.61,共同使用部份,鋼筋混凝土造,84年1月4日,十二層,,
RPSNMLNKKHLGFAD77CC,47,10.64,共同使用部份,鋼筋混凝土造,67年10月26日,十二層,,
RPWNMLNKKHLGFAD18CC,20,14.58,住宅、停車空間,ＲＣ造,95年1月24日,五層,,
RPVNMLNKKHLGFAD08CC,34,18.36,住家用,鋼筋混凝土造,80年11月30日,十二層,,
RPVNMLNKKHLGFAD08CC,34,7.94,共同使用部份,鋼筋混凝土造,80年11月30日,十二層,,
RPXNMLNKKHLGFAD28CC,52,59.12,住商用,加強磚造,63年5月2日,三層,,
RPQOMLNKKHLGFAD67CC,41,35.85,住家用,鋼筋混凝土造,73年12月28日,十四層,,
RPTOMLNKKHLGFAD97CC,9,84.33,集合住宅,鋼筋混凝土構造,106年1月24日,二十六層,,
RPQOMLNKKHLGFAD67CC,41,12.15,共同使用部份,鋼筋混凝土造,73年12月28日,十四層,,
RPSOMLNKKHLGFAD87CC,34,343.67,商業用,鋼筋混凝土造,80年9月30日,七層,,
RPTOMLNKKHLGFAD97CC,9,71.41,本共有部分之項目：防空避難室、停車空間、機房、樓梯間、機械房、水箱、門廳、梯間、管委會使用空間、水池、防災中心等。,鋼筋混凝土構造,106年1月24日,二十六層,,
RPSOMLNKKHLGFAD87CC,34,28.97,共同使用部份,鋼筋混凝土造,80年9月30日,七層,,
RPVOMLNKKHLGFAD18CC,60,31.82,住商用,加強磚造,54年12月12日,三層,,
RPPOMLNKKHLGFAD57CC,42,81.96,住家用,鋼筋混凝土造,73年2月8日,四層,,
RPPOMLNKKHLGFAD57CC,42,11.81,共同使用部份,鋼筋混凝土造,73年2月8日,四層,,
RPROMLNKKHLGFAD77CC,31,29.77,住家用,鋼筋混凝土造,84年7月4日,十八層,,
RPROMLNKKHLGFAD77CC,31,48.11,共同使用部份,鋼筋混凝土造,84年7月4日,十八層,,
RPUOMLNKKHLGFAD08CC,45,516.56,商業用,鋼筋混凝土造,70年7月25日,六層,,
RPPNMLNKKHLGFBD57CC,28,153.41,住宅．停車空間,鋼筋混凝土造,86年9月20日,四層,,
RPSNMLNKKHLGFBD87CC,3,53.57,集合住宅,鋼筋混凝土造,111年8月24日,五層,,
RPSNMLNKKHLGFBD87CC,3,29.55,本共有部分之項目有共同管理維護空間、停車空間、梯廳、電信室、昇降機道、門廊、梯間、機電設備空間、樓梯間、甲安全梯、乙安全梯等１１項,鋼筋混凝土造,111年8月24日,五層,,
RPUNMLNKKHLGFCD18CC,47,76.66,住家用,鋼筋混凝土造,68年5月17日,五層,,
RPQNMLNKKHLGFBD67CC,45,96.28,住家用,加強磚造,70年6月3日,二層,,
RPUNMLNKKHLGFCD18CC,47,4.84,共同使用部份,鋼筋混凝土造,68年5月17日,五層,,
RPUNMLNKKHLGFBD08CC,17,249.65,集合住宅,鋼筋混凝土造,97年11月28日,四層,,
RPQNMLNKKHLGFCD77CC,2,52.81,集合住宅,鋼筋混凝土造,113年2月5日,十五層,,
RPPNMLNKKHLGFCD67CC,44,101.99,住家用,鋼筋混凝土造,70年9月11日,五層,,
RPUNMLNKKHLGFBD08CC,17,.24,共同使用部份,鋼筋混凝土造,97年11月28日,一層,,
RPVNMLNKKHLGFBD18CC,3,53.23,集合住宅,鋼筋混凝土造,111年8月24日,五層,,
RPQNMLNKKHLGFCD77CC,2,27.36,本共有部份之項目有：防空避難室兼停車空間、停車空間、樓梯間、機械室、水箱、公共空間、走道、排煙室共８項。,鋼筋混凝土造,113年2月5日,十五層,,
RPVNMLNKKHLGFBD18CC,3,29.55,本共有部分之項目有共同管理維護空間、停車空間、梯廳、電信室、昇降機道、門廊、梯間、機電設備空間、樓梯間、甲安全梯、乙安全梯等１１項,鋼筋混凝土造,111年8月24日,五層,,
RPXNMLNKKHLGFCD48CC,31,53.08,住家用,鋼筋混凝土造,84年7月13日,五層,,
RPVNMLNKKHLGFCD28CC,37,26.42,住家用,鋼筋混凝土造,78年2月4日,五層,,
RPVNMLNKKHLGFCD28CC,37,7.47,共同使用部份,鋼筋混凝土造,78年2月4日,五層,,
RPUOMLNKKHLGFCD28CC,22,29.59,住家用,ＲＣ造,93年7月12日,十四層,,
RPUOMLNKKHLGFCD28CC,22,6.09,共同使用部份,ＲＣ造,93年7月12日,十四層,,
RPUOMLNKKHLGFCD28CC,22,44.52,共同使用部份,ＲＣ造,93年7月12日,十四層,,
RPVOMLNKKHLGFCD38CC,40,254.78,住商用,鋼筋混凝土造,74年12月27日,四層,,
RPVOMLNKKHLGFCD38CC,40,11.30,住商用,鋼筋混凝土造,74年12月27日,四層,,
RPROMLNKKHLGFCD97CC,35,175.03,住家用,鋼筋混凝土造,80年6月20日,二十層,,
RPROMLNKKHLGFCD97CC,35,.80,共同使用部份,鋼筋混凝土造,80年6月20日,二十一層,,
RPROMLNKKHLGFCD97CC,35,23.42,共同使用部份,鋼筋混凝土造,80年6月20日,二十一層,,
RPROMLNKKHLGFCD97CC,35,16.06,共同使用部份,鋼筋混凝土造,80年6月20日,二十一層,,
RPOOMLNKKHLGFCD67CC,31,85.22,住家用,鋼筋混凝土造,84年7月7日,七層,,
RPOOMLNKKHLGFCD67CC,31,13.25,共同使用部份,鋼筋混凝土造,84年7月7日,七層,,
RPOOMLNKKHLGFCD67CC,31,8.72,共同使用部份,鋼筋混凝土造,84年7月7日,七層,,
RPOOMLNKKHLGFCD67CC,31,10.23,共同使用部份,鋼筋混凝土造,84年7月7日,七層,,
RPQNMLNKKHLGFDD87CC,31,35.00,住家用,鋼筋混凝土造,83年8月30日,七層,,
RPOPMLNKKHLGFCD77CC,26,25.72,住家用,鋼筋混凝土造,88年8月5日,十二層,,
RPQNMLNKKHLGFDD87CC,31,15.22,共同使用部份,鋼筋混凝土造,83年8月30日,七層,,
RPOPMLNKKHLGFCD77CC,26,4.93,共同使用部份,鋼筋混凝土造,88年8月5日,十二層,,
RPOPMLNKKHLGFCD77CC,26,5.90,共同使用部份,鋼筋混凝土造,88年8月5日,十二層,,
RPPNMLNKKHLGFDD77CC,34,51.69,住家用,鋼筋混凝土造,80年10月22日,六層,,
RPPNMLNKKHLGFDD77CC,34,13.03,共同使用部份,鋼筋混凝土造,80年10月22日,六層,,
RPXOMLNKKHLGFCD58CC,43,84.84,住家用,鋼筋混凝土造,71年10月29日,五層,,
RPPNMLNKKHLGFGD08CC,46,96.23,住家用,加強磚造,68年10月1日,二層,,
RPXOMLNKKHLGFCD58CC,43,17.13,共同使用部份,鋼筋混凝土造,71年10月29日,五層,,
RPRNMLNKKHLGFHD38CC,10,18.22,住家用,鋼筋混凝土造,105年3月4日,四層,,
RPQNMLNKKHLGFFD08CC,1,44.00,Ｇ３店舖、Ｈ２住宅,鋼筋混凝土造,113年12月24日,四層,,
RPSNMLNKKHLGFHD48CC,13,18.22,住宅、門廊,鋼筋混凝土造,101年12月5日,四層,,
RPPNMLNKKHLGFHD18CC,31,71.66,住家用,鋼筋混凝土造,83年9月23日,八層,,
RPPNMLNKKHLGFHD18CC,31,9.98,梯間、機械室、水箱,鋼筋混凝土造,83年9月23日,八層,,
RPPPMLNKKHLGFCD87CC,35,15.21,住家用,鋼筋混凝土造,80年1月22日,九層,,
RPQNMLNKKHLGFID38CC,3,44.06,集合住宅,鋼筋混凝土造,112年8月8日,十五層,,
RPPNMLNKKHLGFHD18CC,31,9.39,停車空間、防空避難室,鋼筋混凝土造,83年9月23日,八層,,
RPPPMLNKKHLGFCD87CC,35,8.25,共同使用部份,鋼筋混凝土造,80年1月22日,九層,,
RPQNMLNKKHLGFID38CC,3,36.14,本共有部分之項目有停車空間、管委會使用空間、梯間、車道、前廊、陽台、樓梯間、機械室、水箱等９項,鋼筋混凝土造,112年8月8日,十五層,,
RPPNMLNKKHLGFID28CC,2,58.09,集合住宅,鋼筋混凝土造,112年8月8日,十五層,,
RPRNMLNKKHLGFDD97CC,34,56.43,住家用,鋼筋混凝土造,80年10月22日,六層,,
RPRNMLNKKHLGFDD97CC,34,22.18,共同使用部份,鋼筋混凝土造,80年10月22日,六層,,
RPPNMLNKKHLGFID28CC,2,52.26,本共有部分之項目有停車空間、管委會使用空間、梯間、車道、前廊、陽台、樓梯間、機械室、水箱等９項,鋼筋混凝土造,112年8月8日,十五層,,
RPUNMLNKKHLGFID78CC,5,58.17,集合住宅,鋼筋混凝土構造,110年3月15日,二十四層,,
RPUNMLNKKHLGFID78CC,5,47.29,本共有部分之項目有管委會使用空間、停車空間、機電設備空間、防空避難室兼停車空間、台電配電場所、自來水箱、車道、門廳、儲藏室、機房、樓梯間、消防水箱等１２項,鋼筋混凝土構造,110年3月15日,二十四層,,
RPRNMLNKKHLGFID48CC,1,49.03,集合住宅,鋼筋混凝土造,114年1月24日,十四層,,
RPRNMLNKKHLGFID48CC,1,41.11,本共有部分之項目有停車空間、管委會使用空間、車道、環保室、昇降機、梯廳、機電設備空間、安全梯、緊急昇降機、門廊等１０項,鋼筋混凝土造,114年1月24日,十四層,,
RPRNMLNKKHLGFID48CC,1,12.82,本共有部分之項目有昇降機、梯廳、機電設備空間、安全梯、緊急昇降機、電樓梯間、機房、機械房、水箱等９項,鋼筋混凝土造,114年1月24日,十四層,,
RPRNMLNKKHLGFGD28CC,31,97.40,住家用,鋼筋混凝土造,84年6月22日,十二層,,
RPRNMLNKKHLGFGD28CC,31,30.72,共同使用部份,鋼筋混凝土造,84年6月22日,十二層,,
RPSNMLNKKHLGFID58CC,1,53.92,集合住宅,鋼筋混凝土造,114年1月16日,六層,,
RPSNMLNKKHLGFID58CC,1,14.82,本共有部分之項目有停車空間、梯間、門廊、管理委員會使用空間、電信室、消防幫浦室、樓梯間、梯廳等８項,鋼筋混凝土造,114年1月16日,六層,,
RPTNMLNKKHLGFID68CC,5,58.35,集合住宅,鋼筋混凝土構造,110年3月15日,二十四層,,
RPTNMLNKKHLGFID68CC,5,46.72,本共有部分之項目有管委會使用空間、停車空間、機電設備空間、防空避難室兼停車空間、台電配電場所、自來水箱、車道、門廳、儲藏室、機房、樓梯間、消防水箱等１２項,鋼筋混凝土構造,110年3月15日,二十四層,,
RPPNMLNKKHLGFJD38CC,35,125.39,住家用,ＲＣ造,79年10月2日,三層,,
RPPNMLNKKHLGFKD48CC,26,25.71,住家用,鋼筋混凝土造,88年8月24日,十四層,,
RPPNMLNKKHLGFKD48CC,26,.64,共同使用部份,鋼筋混凝土造,88年8月24日,十四層,,
RPPNMLNKKHLGFKD48CC,26,1.21,共同使用部份,鋼筋混凝土造,88年8月24日,十四層,,
RPPNMLNKKHLGFKD48CC,26,6.97,共同使用部份,鋼筋混凝土造,88年8月24日,十四層,,
RPUNMLNKKHLGFKD98CC,19,21.07,住商用,鋼筋混凝土造,96年6月4日,四層,,
RPRNMLNKKHLGFKD68CC,21,12.52,辦公室,鋼筋混凝土造,94年7月8日,六層,,
RPRNMLNKKHLGFKD68CC,21,11.17,共同使用部份,鋼筋混凝土造,94年7月8日,六層,,
RPSNMLNKKHLGFKD78CC,21,8.52,辦公室,鋼筋混凝土造,94年7月8日,六層,,
RPSNMLNKKHLGFKD78CC,21,8.09,共同使用部份,鋼筋混凝土造,94年7月8日,六層,,
RPVNMLNKKHLGFKD09CC,13,26.45,店舖，住宅,鋼筋混凝土構造,101年10月12日,四層,,
RPOOMLNKKHLGFKD48CC,21,23.47,住商用,鋼筋混凝土造,94年5月27日,四層,,
RPROMLNKKHLGFKD78CC,31,20.87,住家用,鋼筋混凝土造,83年12月24日,八層,,
RPXNMLNKKHLGFKD66CC,2,60.55,集合住宅,鋼筋混凝土造,112年9月20日,十五層,,
RPROMLNKKHLGFKD78CC,31,8.80,共同使用部份,鋼筋混凝土造,83年12月24日,八層,,
RPXNMLNKKHLGFKD66CC,2,71.44,本共有部份之項目有：防空避難室，停車空間，樓梯間，機械設備空間，水箱，機械室等共６項,鋼筋混凝土造,112年9月20日,十五層,,
RPPOMLNKKHLGFKD58CC,27,94.02,集合住宅,鋼筋混凝土造,88年7月1日,十三層,,
RPPOMLNKKHLGFKD58CC,27,53.70,共同使用部份,鋼筋混凝土造,88年7月1日,十三層,,
RPPPMLNKKHLGFKD68CC,12,21.49,住宅，停車空間,鋼筋混凝土構造,102年8月21日,四層,,
RPUOMLNKKHLGFKD09CC,34,12.96,住家用,鋼筋混凝土造,80年10月22日,八層,,
RPTOMLNKKHLGFKD98CC,2,58.72,集合住宅,鋼筋混凝土造,112年9月28日,五層,,
RPUOMLNKKHLGFKD09CC,34,7.92,共同使用部份,鋼筋混凝土造,80年10月22日,八層,,
RPTOMLNKKHLGFKD98CC,2,28.08,本共有部分之項目有門廊，電信室，管委會使用空間，梯廳，一般昇降機道，安全梯，停車空間，管道間及樓梯間等９項,鋼筋混凝土造,112年9月28日,五層,,
RPOPMLNKKHLGFKD58CC,32,71.33,住家用,鋼筋混凝土造,82年8月24日,十六層,,
RPOPMLNKKHLGFKD58CC,32,13.71,共同使用部份,鋼筋混凝土造,82年8月24日,十六層,,
RPOPMLNKKHLGFKD58CC,32,30.98,共同使用部份,鋼筋混凝土造,82年8月24日,見其他登記事項,,
RPXOMLNKKHLGFKD76CC,32,17.43,住家用,鋼筋混凝土造,83年7月22日,七層,,
RPXOMLNKKHLGFKD76CC,32,7.55,共同使用部份,鋼筋混凝土造,83年7月22日,七層,,
RPVOMLNKKHLGFKD56CC,1,55.78,集合住宅,鋼筋混凝土造,114年6月5日,十八層,,
RPVOMLNKKHLGFKD56CC,1,52.84,本共有部分之項目有：停車空間，防空避難室兼停車空間，公共服務空間，門廊，頂蓋型開放空間，升降機，梯廳，機電設備空間，管委會使用空間，防災中心，車道，緊急升降梯，電樓梯間，機房，水箱等１５項,鋼筋混凝土造,114年6月5日,十八層,,
RPRPMLNKKHLGFKD88CC,32,75.59,住家用,鋼筋混凝土造,82年12月21日,九層,,
RPRPMLNKKHLGFKD88CC,32,20.93,共同使用部份,鋼筋混凝土造,82年12月21日,九層,,
RPRPMLNKKHLGFKD88CC,32,9.46,共同使用部份,鋼筋混凝土造,82年12月21日,九層,,
RPQPMLNKKHLGFKD78CC,19,26.69,住家用,鋼筋混凝土造,96年1月19日,四層,,
RPUPMLNKKHLGFKD56CC,34,114.75,住家用,鋼筋混凝土造,80年8月12日,十七層,,
RPUPMLNKKHLGFKD56CC,34,27.16,共同使用部份,鋼筋混凝土造,80年8月12日,十八層,,
RPSPMLNKKHLGFKD98CC,12,19.83,住宅，停車空間,鋼筋混凝土構造,102年8月21日,四層,,
RPVPMLNKKHLGFKD66CC,7,50.62,住家用,鋼筋混凝土構造,107年12月14日,十八層,,
RPPQMLNKKHLGFKD78CC,28,49.91,住家用,鋼筋混凝土造,86年9月26日,十一層,,
RPVPMLNKKHLGFKD66CC,7,27.36,本共有部分之項目有停車空間、台電配電室、防空避難室兼停車空間、梯間、公共服務空間、車道、防災中心、緩衝空間、頂蓋型沿街步道式開放空間、頂蓋型廣場式開放空間、樓梯間、水箱及機房等１３項,鋼筋混凝土構造,107年12月14日,十八層,,
RPPQMLNKKHLGFKD78CC,28,12.66,共同使用部份,鋼筋混凝土造,86年9月26日,十一層,,
RPPQMLNKKHLGFKD78CC,28,4.89,共同使用部份,鋼筋混凝土造,86年9月26日,十一層,,
RPQOMLNKKHLGFKD68CC,12,16.53,住宅，停車空間,鋼筋混凝土構造,102年8月21日,四層,,
RPSNMLNKKHLGFCD08DC,39,28.00,住商用,鋼筋混凝土造,75年12月18日,三層,,
RPQQMLNKKHLGFKD88CC,52,152.89,住家用,加強磚造,,二層,,
RPQNMLNKKHLGFKD58CC,31,81.42,住家用,鋼筋混凝土造,83年10月6日,十二層,,
RPXNMLLKKHLGFBD18CC,1,51.21,集合住宅,鋼筋混凝土造,114年4月2日,十四層,,
RPXNMLLKKHLGFBD18CC,1,11.10,共同使用部份,鋼筋混凝土造,114年4月2日,十四層,,
RPQNMLNKKHLGFKD58CC,31,25.85,共同使用部份,鋼筋混凝土造,83年10月6日,十二層,,
RPXNMLLKKHLGFBD18CC,1,42.05,共同使用部份,鋼筋混凝土造,114年4月2日,十四層,,
RPSNMLOKKHLGFCD08CC,18,21.70,住家用,鋼筋混凝土造,97年2月29日,十四層,,
RPRQMLNKKHLGFKD98CC,31,23.00,住家用,鋼筋混凝土造,84年5月11日,十四層,,
RPSNMLOKKHLGFCD08CC,18,5.39,共同使用部份,鋼筋混凝土造,97年2月29日,十四層,,
RPRQMLNKKHLGFKD98CC,31,4.79,共同使用部份,鋼筋混凝土造,84年5月11日,十四層,,
RPSNMLOKKHLGFCD08CC,18,7.11,共同使用部份,鋼筋混凝土造,97年2月29日,十四層,,
RPRQMLNKKHLGFKD98CC,31,5.16,共同使用部份,鋼筋混凝土造,84年5月11日,十四層,,
RPQNMLOKKHLGFDD97CC,2,77.02,集合住宅,鋼筋混凝土造,113年7月5日,七層,,
RPQNMLOKKHLGFDD97CC,2,30.25,本共有部分之項目有安全梯、機電空間、電梯、防空避難室兼停車空間、管委會、梯廳、電梯機房、多功能室、水箱及門廊等１０項。,鋼筋混凝土造,113年7月5日,七層,,
RPQNMLOKKHLGFAD67CC,31,23.34,住家用,鋼筋混凝土造,83年8月2日,六層,,
RPPNMLOKKHLGFDD87CC,26,101.73,集合住宅,鋼筋混凝土造,89年3月17日,十三層,,
RPQNMLOKKHLGFAD67CC,31,7.78,共同使用部份,鋼筋混凝土造,83年8月2日,六層,,
RPQNMLOKKHLGFHD38CC,30,15.00,住商用,鋼筋混凝土造,85年6月21日,四層,,
RPPNMLOKKHLGFHD28CC,30,15.00,住商用,鋼筋混凝土造,85年6月21日,四層,,
RPPNMLPKKHLGFAD67CC,43,104.81,住家用,鋼筋混凝土造,71年11月19日,七層,,
RPQNMLOKKHLGFAD67CC,31,4.04,共同使用部份,鋼筋混凝土造,83年8月2日,六層,,
RPPNMLOKKHLGFDD87CC,26,49.29,共同使用部份,鋼筋混凝土造,89年3月17日,十三層,,
RPPNMLPKKHLGFAD67CC,43,41.82,共同使用部份,鋼筋混凝土造,71年11月19日,七層,,
RPRNMLOKKHLGFHD48CC,30,15.00,住商用,鋼筋混凝土造,85年6月21日,四層,,
RPQNMLPKKHLGFAD77CC,30,21.74,住家用,鋼筋混凝土造,84年8月19日,十六層,,
RPQNMLPKKHLGFAD77CC,30,3.13,共同使用部份,鋼筋混凝土造,84年8月19日,十六層,,
RPQNMLPKKHLGFAD77CC,30,3.91,共同使用部份,鋼筋混凝土造,84年8月19日,十六層,,
RPQNMLPKKHLGFBD87CC,44,89.67,集合住宅,鋼筋混凝土造,70年9月7日,四層,,
RPQNMLPKKHLGFBD87CC,44,3.50,共同使用部份,鋼筋混凝土造,70年9月7日,四層,,
RPQNMLPKKHLGFBD87CC,44,8.08,共同使用部份,鋼筋混凝土造,70年9月7日,四層,,
RPPNMLPKKHLGFBD77CC,46,116.39,住商用,加強磚造,69年1月25日,二層,,
RPRNMLPKKHLGFBD97CC,2,51.77,集合住宅,鋼筋混凝土造,113年2月29日,七層,,
RPRNMLPKKHLGFBD97CC,2,54.16,本共有部分之項目有：防空避難室兼停車空間、停車空間、樓梯間、梯廳、升降機道、機械室、水箱、管委會使用空間、機電設備空間、車道、機械設備空間、門廊共１２項。,鋼筋混凝土造,113年2月29日,七層,,
RPRNMLPKKHLGFKD88CC,31,52.99,住家用,鋼筋混凝土造,84年1月9日,八層,,
RPQNMLPKKHLGFID58CC,30,170.12,住家用,鋼筋混凝土造,84年11月22日,三層,,
RPRNMLPKKHLGFKD88CC,31,6.15,共同使用部份,鋼筋混凝土造,84年1月9日,八層,,
RPRNMLPKKHLGFKD88CC,31,7.81,共同使用部份,鋼筋混凝土造,84年1月9日,八層,,
RPPNMLPKKHLGFKD68CC,34,42.99,住家用,鋼筋混凝土造,81年7月23日,十七層,,
RPQNMLPKKHLGFKD78CC,30,60.65,住家用,鋼筋混凝土造,84年8月12日,八層,,
RPPNMLPKKHLGFKD68CC,34,7.56,共同使用部份,鋼筋混凝土造,81年7月23日,十七層,,
RPQNMLPKKHLGFKD78CC,30,15.60,共同使用部份,鋼筋混凝土造,84年8月12日,八層,,
RPPNMLPKKHLGFKD68CC,34,.98,共同使用部份,鋼筋混凝土造,81年7月23日,十九層,,
RPQNMLNLKHLGFAD67CC,19,59.05,停車空間、店舖、住宅,鋼筋混凝土造,96年4月13日,五層,,
RPPNMLPKKHLGFKD68CC,34,2.17,共同使用部份,鋼筋混凝土造,81年7月23日,十九層,,
RPROMLNLKHLGFAD87CC,52,79.10,住家用,加強磚造,62年9月26日,二層,,
RPPNMLLLKHLGFAD37CC,35,47.61,住家用,鋼筋混凝土造,79年9月17日,六層,,
RPPNMLLLKHLGFAD37CC,35,17.09,共同使用部份,鋼筋混凝土造,79年9月17日,六層,,
RPPNMLPKKHLGFID48CC,4,75.72,集合住宅,鋼筋混凝土構造,111年1月4日,五層,,
RPVNMLNLKHLGFAD18CC,4,78.66,集合住宅,鋼筋混凝土構造,110年12月13日,二十二層,,
RPVNMLNLKHLGFAD18CC,4,71.19,本共有部分之項目有管委會使用空間、公共服務空間、樓梯間、電梯間、機械室、水箱、停車空間、防空避難室兼停車空間、中繼機房、外廊、防災中心、車道。,鋼筋混凝土構造,110年12月13日,二十二層,,
RPPNMLMLKHLGFID28CC,3,58.28,集合住宅,鋼筋混凝土構造,112年1月13日,十三層,,
RPPNMLMLKHLGFID28CC,3,51.73,本共有部分之項目有停車空間、公共空間、管委會使用空間、車道、樓梯間、機房、水箱等７項,鋼筋混凝土構造,112年1月13日,十三層,,
RPPNMLPKKHLGFID48CC,4,44.61,本共有部分之項目有集合住宅、停車空間、樓梯間、機械室、水箱、垃圾堆置場等６項,鋼筋混凝土構造,111年1月4日,五層,,
RPPNMLNLKHLGFBD67CC,44,89.67,集合住宅,鋼筋混凝土造,70年9月7日,四層,,
RPWOMLNLKHLGFAD38CC,31,27.37,住家用,鋼筋混凝土造,84年7月4日,十八層,,
RPPNMLNLKHLGFBD67CC,44,3.07,避難室,鋼筋混凝土造,70年9月7日,四層,,
RPWOMLNLKHLGFAD38CC,31,46.39,共同使用部份,鋼筋混凝土造,84年7月4日,十八層,,
RPPNMLNLKHLGFBD67CC,44,8.08,共同使用部份,鋼筋混凝土造,70年9月7日,四層,,
RPOOMLNLKHLGFAD57CC,30,87.20,住家用,鋼筋混凝土造,85年2月13日,二十七層,,
RPOOMLNLKHLGFAD57CC,30,47.32,共同使用部份,鋼筋混凝土造,85年2月13日,二十七層,,
RPSNMLNLKHLGFBD97CC,5,62.43,集合住宅,鋼筋混凝土造,110年1月14日,十五層,,
RPQOMLNLKHLGFAD77CC,33,109.08,住家用,鋼筋混凝土造,82年6月12日,十二層,,
RPSNMLNLKHLGFBD97CC,5,53.78,本共有部份之項目有：防空避難室兼停車空間、停車空間、樓梯間、梯廳、水箱、排煙室、昇降機間、消防機房、雨水機房、台電配電室、緊急發電機室、電信室、電梯機房、管委會使用空間、車道、門廳、太陽能機房、資源回收中心、外廊共１９項。,鋼筋混凝土造,110年1月14日,十五層,,
RPQOMLNLKHLGFAD77CC,33,26.72,共同使用部份,鋼筋混凝土造,82年6月12日,十二層,,
RPQPMLNLKHLGFAD87CC,5,55.07,集合住宅,鋼筋混凝土構造,110年5月3日,十八層,,
RPQPMLNLKHLGFAD87CC,5,28.10,本共有部分之項目有防災中心、停車空間、機電設備空間、防空避難室兼停車空間、台電配電場所、自來水箱、車道、門廳、儲藏室、樓梯間、梯廳、昇降梯、屋頂平台等１３項。,鋼筋混凝土構造,110年5月3日,十八層,,
RPSNMLNLKHLGFCD08CC,56,66.80,住商用,加強磚造,59年7月20日,二層,,
RPOOMLNLKHLGFCD77CC,39,122.07,住家用,鋼筋混凝土造,75年8月12日,二層,,
RPQNMLNLKHLGFDD97CC,6,154.44,住家用,鋼筋混凝土造,108年12月10日,三層,,
RPRNMLNLKHLGFDD08CC,33,52.59,住家用,鋼筋混凝土造,82年3月25日,七層,,
RPROMLNLKHLGFCD08CC,31,85.45,住家用,鋼筋混凝土造,84年1月6日,二十五層,,
RPROMLNLKHLGFCD08CC,31,20.31,共同使用部份,鋼筋混凝土造,84年1月6日,二十五層,,
RPRNMLNLKHLGFDD08CC,33,29.25,共同使用部份,鋼筋混凝土造,82年3月25日,七層,,
RPRNMLNLKHLGFHD48CC,1,57.69,集合住宅,鋼筋混凝土造,113年11月27日,八層,,
RPRNMLNLKHLGFHD48CC,1,27.22,本共有部分之項目有停車空間、台電配電室、發電機房、電信室、消防機房、水箱、污水機房、樓梯間、管委會使用空間、管理維護空間、垃圾室、車道、梯廳、水錶室及機械室等１５項,鋼筋混凝土造,113年11月27日,八層,,
RPQNMLNLKHLGFGD28CC,10,123.36,住家用,加強磚構造，鋼骨構造有牆,105年5月13日,二層,,
RPQNMLNLKHLGFHD38CC,3,80.66,集合住宅,鋼筋混凝土造,112年1月12日,六層,,
RPQNMLNLKHLGFHD38CC,3,41.21,本共有部份之項目有：停車空間、管委會空間、樓梯間、水箱、門廊、公共空間共６項。,鋼筋混凝土造,112年1月12日,六層,,
RPSNMLNLKHLGFID68CC,2,71.00,集合住宅,鋼筋混凝土造,113年6月24日,十四層,,
RPSNMLNLKHLGFID68CC,2,16.26,本共有部分之項目有梯廳、管委會使用空間、停車空間等３項,鋼筋混凝土造,113年6月24日,十四層,,
RPSNMLNLKHLGFID68CC,2,25.02,本共有部分之項目有停車空間等１項,鋼筋混凝土造,113年6月24日,十四層,,
RPSNMLNLKHLGFID68CC,2,18.96,本共有部分之項目有機電設備空間、進風機房、梯廳兼排煙室、樓電梯間、水錶機房、消防水箱、樓梯間、電梯機房、水箱等９項,鋼筋混凝土造,113年6月24日,十四層,,
RPTNMLNLKHLGFID78CC,48,84.34,住商用,加強磚造,66年9月24日,二層,,
RPROMLNLKHLGFID68CC,18,13.22,住宅、管理維護空間、門廊、樓梯間、機械室。,鋼筋混凝土造,96年9月14日,五層,,
RPOOMLNLKHLGFID38CC,49,45.96,住家用,加強磚造,66年7月4日,一層,,
RPTOMLNLKHLGFKD09CC,32,24.00,住家用,鋼筋混凝土造,82年12月30日,九層,,
RPSOMLNLKHLGFKD98CC,14,23.68,集合住宅,鋼筋混凝土造,100年12月19日,十一層,,
RPTOMLNLKHLGFKD09CC,32,31.51,共同使用部份,鋼筋混凝土造,82年12月30日,九層,,
RPSOMLNLKHLGFKD98CC,14,5.86,停車空間，防空避難室，梯間，公共服務空間，管理委員會空間，梯廳,鋼筋混凝土造,100年12月19日,十一層,,
RPSOMLNLKHLGFKD98CC,14,4.95,梯間，梯廳，走廊,鋼筋混凝土造,100年12月19日,十一層,,
RPTNMLOLKHLGFAD08CC,22,97.29,集合住宅,鋼筋混凝土造,92年9月16日,十四層,,
RPXNMLNLKHLGFKD76CC,32,71.23,住家用,鋼筋混凝土造,82年8月24日,十六層,,
RPTNMLOLKHLGFAD08CC,22,33.38,管理室等,鋼筋混凝土造,92年9月16日,十四層,,
RPXNMLNLKHLGFKD76CC,32,13.55,共同使用部份,鋼筋混凝土造,82年8月24日,十六層,,
RPTNMLOLKHLGFAD08CC,22,18.16,公共設施,鋼筋混凝土造,92年9月16日,十四層,,
RPXNMLNLKHLGFKD76CC,32,1.55,共同使用部份,鋼筋混凝土造,82年8月24日,見其他登記事項,,
RPUNMLNLKHLGFID88CC,18,8.04,辦公室,鋼筋混凝土造,96年9月20日,四層,,
RPVNMLNLKHLGFKD56CC,30,49.60,住家用,鋼筋混凝土造,84年10月9日,十五層,,
RPVNMLNLKHLGFKD56CC,30,19.25,共同使用部份,鋼筋混凝土造,84年10月9日,十五層,,
RPUNMLNLKHLGFID88CC,18,1.01,共同使用部份,鋼筋混凝土造,96年9月20日,四層,,
RPUNMLNLKHLGFID88CC,18,5.10,共同使用部份,鋼筋混凝土造,96年9月20日,四層,,
RPUNMLOLKHLGFAD18CC,28,25.67,住家用,鋼筋混凝土造,87年2月19日,二十一層,,
RPUNMLOLKHLGFAD18CC,28,9.48,共同使用部份,鋼筋混凝土造,87年2月19日,二十一層,,
RPPOMLOLKHLGFAD77CC,30,23.41,住家用,鋼筋混凝土造,84年9月12日,十八層,,
RPPOMLOLKHLGFAD77CC,30,7.68,共同使用部份,鋼筋混凝土造,84年9月12日,十八層,,
RPPOMLOLKHLGFAD77CC,30,3.75,共同使用部份,鋼筋混凝土造,84年9月12日,十八層,,
RPWOMLOLKHLGFAD48CC,44,19.83,商業用,鋼筋混凝土造,71年2月23日,五層,,
RPOOMLOLKHLGFAD67CC,28,26.56,住家用,鋼筋混凝土造,87年2月19日,二十一層,,
RPOOMLOLKHLGFAD67CC,28,9.48,共同使用部份,鋼筋混凝土造,87年2月19日,二十一層,,
RPUNMLOLKHLGFBD28CC,4,77.77,集合住宅,鋼筋混凝土造,111年4月15日,十五層,,
RPUOMLOLKHLGFAD28CC,1,86.59,集合住宅,鋼筋混凝土造,114年3月13日,二十四層,,
RPUOMLOLKHLGFAD28CC,1,74.90,本共有部分之項目有停車空間、台電配電室、垃圾處理室、消房中繼機房、防空避難室兼停車空間、消防機械室、梯間、水箱、機械室等９項,鋼筋混凝土造,114年3月13日,二十四層,,
RPUNMLOLKHLGFBD28CC,4,50.82,本共有部份為：停車空間、電信室、管委會、門廊、梯廳、梯間、發電機室、水箱、汽車車道、機車車道、安全梯、一般升降機、公共服務空間、緊急升降機排煙室、資源回收區、管道間、配電室、緊急升降機、台電配電場所、工具間、水景機房、雨水機房、消防機房、電錶室等２４項。,鋼筋混凝土造,111年4月15日,十五層,,
RPUNMLOLKHLGFBD28CC,4,22.68,本共有部份為：緊急昇降機、安全梯、緊急昇降機排煙室、一般昇降機、水錶室、水箱、梯廳、電梯機房等８項,鋼筋混凝土造,111年4月15日,十五層,,
RPSNMLOLKHLGFBD08CC,45,56.97,住家用,加強磚造,69年12月22日,二層,,
RPQOMLOLKHLGFAD87CC,44,68.83,住家用,鋼筋混凝土造,70年12月22日,五層,,
RPQOMLOLKHLGFAD87CC,44,11.04,共同使用部份,鋼筋混凝土造,70年12月12日,五層,,
RPSOMLOLKHLGFAD08CC,30,23.41,住家用,鋼筋混凝土造,84年9月12日,十八層,,
RPSOMLOLKHLGFAD08CC,30,7.68,共同使用部份,鋼筋混凝土造,84年9月12日,十八層,,
RPSOMLOLKHLGFAD08CC,30,3.75,共同使用部份,鋼筋混凝土造,84年9月12日,十八層,,
RPPNMLOLKHLGFCD87CC,46,76.31,集合住宅,鋼筋混凝土造,69年5月22日,七層,,
RPPNMLOLKHLGFCD87CC,46,9.47,共同使用部份,鋼筋混凝土造,69年5月22日,七層,,
RPQNMLOLKHLGFCD97CC,42,85.49,住家用,鋼筋混凝土造,72年11月18日,五層,,
RPUOMLNLKHLGFCD38CC,54,14.00,住家用,加強磚造,61年6月12日,二層,,
RPTOMLNLKHLGFCD28CC,54,13.23,住家用,加強磚造,61年6月12日,二層,,
RPQNMLOLKHLGFCD97CC,42,10.46,共同使用部份,鋼筋混凝土造,72年11月18日,七層,,
RPRNMLOLKHLGFCD08CC,36,16.61,住家用,鋼筋混凝土造,78年12月20日,五層,,
RPTNMLOLKHLGFCD28CC,36,27.61,商業用,鋼鐵造,78年8月7日,一層,,
RPRNMLOLKHLGFCD08CC,36,5.89,共同使用部份,鋼筋混凝土造,78年12月20日,五層,,
RPTNMLOLKHLGFCD28CC,36,34.63,商業用,鋼鐵造,78年8月7日,一層,,
RPPNMLOLKHLGFED08CC,44,138.15,住商用,加強磚造,70年11月26日,二層,,
RPVNMLOLKHLGFCD48CC,18,50.37,住家用,鋼筋混凝土造,97年2月29日,十四層,,
RPVNMLOLKHLGFCD48CC,18,40.19,共同使用部份,鋼筋混凝土造,97年2月29日,十四層,,
RPVNMLOLKHLGFCD48CC,18,14.93,共同使用部份,鋼筋混凝土造,97年2月29日,十四層,,
RPWNMLOLKHLGFCD58CC,46,62.63,集合住宅,鋼筋混凝土造,69年5月22日,七層,,
RPWNMLOLKHLGFCD58CC,46,9.84,共同使用部份,鋼筋混凝土造,69年5月22日,七層,,
RPSNMLOLKHLGFFD48CC,1,40.50,Ｇ３店舖、Ｈ２住宅,鋼筋混凝土造,113年12月24日,四層,,
RPTNMLOLKHLGFFD58CC,1,31.30,Ｇ３店舖、Ｈ２住宅,鋼筋混凝土造,113年12月24日,四層,,
RPUNMLOLKHLGFFD68CC,1,44.00,Ｇ３店舖、Ｈ２住宅,鋼筋混凝土造,113年12月24日,四層,,
RPVNMLOLKHLGFFD78CC,1,31.30,Ｇ３店舖、Ｈ２住宅,鋼筋混凝土造,113年12月24日,四層,,
RPXNMLOLKHLGFFD98CC,1,40.50,Ｇ３店舖、Ｈ２住宅,鋼筋混凝土造,113年12月24日,四層,,
RPQNMLOLKHLGFHD48CC,4,71.12,集合住宅,鋼筋混凝土造,111年5月17日,七層,,
RPQNMLOLKHLGFKD78CC,21,12.24,辦公室,鋼筋混凝土造,94年7月8日,六層,,
RPOOMLOLKHLGFID48CC,31,85.84,住家用,鋼筋混凝土造,83年11月17日,六層,,
RPQNMLOLKHLGFHD48CC,4,22.64,本共有部分之項目有停車空間、消防機房兼緊急發電機室、電信室、樓梯間、梯廳、機械室、水塔間、管委會等８項,鋼筋混凝土造,111年5月17日,七層,,
RPQNMLOLKHLGFKD78CC,21,10.97,共同使用部份,鋼筋混凝土造,94年7月8日,六層,,
RPOOMLOLKHLGFID48CC,31,14.37,共同使用部份,鋼筋混凝土造,83年11月17日,六層,,
RPVNMLOLKHLGFKD66CC,30,55.47,住家用,鋼筋混凝土造,85年5月22日,十六層,,
RPVNMLOLKHLGFKD66CC,30,13.10,共同使用部份,鋼筋混凝土造,85年5月22日,十六層,,
RPTOMLOLKHLGFCD38CC,35,15.15,住家用,鋼筋混凝土造,80年2月4日,六層,,
RPQOMLOLKHLGFCD08CC,26,98.32,集合住宅,鋼筋混凝土造,88年10月21日,十三層,,
RPTOMLOLKHLGFCD38CC,35,8.50,共同使用部份,鋼筋混凝土造,80年2月4日,六層,,
RPPNMLOLKHLGFHD38CC,13,214.31,住宅、門廊,鋼筋混凝土造,101年12月12日,四層,,
RPQOMLOLKHLGFCD08CC,26,19.34,共同使用部份,鋼筋混凝土造,88年10月21日,十三層,,
RPQOMLOLKHLGFCD08CC,26,34.36,共同使用部份,鋼筋混凝土造,88年10月21日,十三層,,
RPRNMLOLKHLGFHD58CC,4,69.47,集合住宅,鋼筋混凝土造,110年9月1日,十五層,,
RPSNMLOLKHLGFKD98CC,29,25.20,住家用,鋼筋混凝土造,85年11月22日,十三層,,
RPRNMLOLKHLGFHD58CC,4,60.13,停車空間、門廊、管理維護空間、垃圾儲存空間、資源回收專區、樓梯間、昇降機間、機械室、水塔,鋼筋混凝土造,110年9月1日,十五層,,
RPSNMLOLKHLGFKD98CC,29,6.78,共同使用部份,鋼筋混凝土造,85年11月22日,十三層,,
RPPOMLOLKHLGFKD78CC,26,28.76,住家用,鋼筋混凝土造,88年8月24日,十四層,,
RPPOMLOLKHLGFKD78CC,26,.71,共同使用部份,鋼筋混凝土造,88年8月24日,十四層,,
RPPOMLOLKHLGFKD78CC,26,1.38,共同使用部份,鋼筋混凝土造,88年8月24日,十四層,,
RPXNMLPLKHLGFAD58CC,29,21.30,住家用,鋼筋混凝土造,85年11月27日,十一層,,
RPPOMLOLKHLGFKD78CC,26,7.80,共同使用部份,鋼筋混凝土造,88年8月24日,十四層,,
RPXNMLPLKHLGFAD58CC,29,5.55,共同使用部份,鋼筋混凝土造,85年11月27日,十一層,,
RPTOMLOLKHLGFKD56CC,32,20.04,住家用,鋼筋混凝土造,82年12月30日,九層,,
RPXNMLPLKHLGFAD58CC,29,2.53,共同使用部份,鋼筋混凝土造,85年11月27日,十一層,,
RPTOMLOLKHLGFKD56CC,32,15.50,共同使用部份,鋼筋混凝土造,82年12月30日,九層,,
RPOOMLPLKHLGFAD77CC,45,110.97,住商用,鋼筋混凝土造,69年9月24日,四層,,
RPQNMLPLKHLGFAD87CC,36,22.04,住家用,鋼筋混凝土造,78年10月21日,四層,,
RPQNMLPLKHLGFAD87CC,36,6.22,共同使用部份,鋼筋混凝土造,78年10月21日,四層,,
RPWNMLPLKHLGFCD68CC,4,23.65,集合住宅,鋼筋混凝土構造,111年6月1日,六層,,
RPWNMLPLKHLGFCD68CC,4,14.29,本共有部分之項目有：防空避難室兼停車空間、梯廳、安全梯、台電配電室、緊急發電機、電信室、消防機房、汙水機房、雨水機房、水箱、管理委員會空間、中央監控室、戶外安全梯、機房、管委會空間（走廊）、管委會空間等十六項。,鋼筋混凝土構造,111年6月1日,六層,,
RPSOMLPLKHLGFCD38CC,36,28.10,商業用,鋼筋混凝土造,79年6月27日,八層,,
RPVOMLQLKHLGFAD58CC,3,25.93,住宅、停車空間,鋼筋混凝土構造,111年8月31日,五層,,
RPUOMLPLKHLGFCD58CC,50,13.22,住商用,鋼筋混凝土造,64年9月10日,三層,,
RPXOMLPLKHLGFCD88CC,33,18.00,住家用,鋼筋混凝土造,81年10月15日,五層,,
RPOPMLPLKHLGFCD08CC,18,20.14,住家用,鋼筋混凝土造,97年2月29日,十四層,,
RPOPMLPLKHLGFCD08CC,18,5.03,共同使用部份,鋼筋混凝土造,97年2月29日,十四層,,
RPOPMLPLKHLGFCD08CC,18,6.58,共同使用部份,鋼筋混凝土造,97年2月29日,十四層,,
RPQNMLQLKHLGFAD97CC,31,31.40,住家用,鋼筋混凝土造,84年7月4日,十八層,,
RPVPMLQLKHLGFAD68CC,39,122.88,住家用,鋼筋混凝土造,76年8月6日,二層,,
RPQNMLQLKHLGFAD97CC,31,15.46,共同使用部份,鋼筋混凝土造,84年7月4日,十八層,,
RPPNMLQLKHLGFBD97CC,44,92.22,集合住宅,鋼筋混凝土造,70年9月7日,四層,,
RPSNMLQLKHLGFAD18CC,28,26.02,集合住宅,鋼筋混凝土造,87年2月19日,二十一層,,
RPSNMLPLKHLGFCD28CC,27,115.09,住家用,鋼筋混凝土造,88年7月6日,九層,,
RPPNMLQLKHLGFBD97CC,44,3.16,避難室,鋼筋混凝土造,70年9月7日,四層,,
RPSNMLQLKHLGFAD18CC,28,10.01,共同使用部份,鋼筋混凝土造,87年2月19日,二十一層,,
RPSNMLPLKHLGFCD28CC,27,69.24,共同使用部份,鋼筋混凝土造,88年7月6日,九層,,
RPPNMLQLKHLGFBD97CC,44,16.59,共同使用部份,鋼筋混凝土造,70年9月7日,四層,,
RPTOMLQLKHLGFAD38CC,10,58.01,集合住宅,鋼筋混凝土構造,104年11月5日,二十四層,,
RPTOMLQLKHLGFAD38CC,10,24.11,本共有部分之項目：有樓梯間、門廊、門廳、管委會使用空間、防災中心、停車空間、防空避難室、車道、游泳池、機房自來水池等項,鋼筋混凝土構造,104年11月5日,二十四層,,
RPUOMLQLKHLGFAD48CC,10,58.47,集合住宅,鋼筋混凝土構造,104年11月5日,二十四層,,
RPUOMLQLKHLGFAD48CC,10,24.72,本共有部分之項目：有樓梯間、門廊、門廳、管委會使用空間、防災中心、停車空間、防空避難室、車道、游泳池、機房自來水池等項,鋼筋混凝土構造,104年11月5日,二十四層,,
RPSOMLQLKHLGFAD28CC,10,93.82,集合住宅,鋼筋混凝土構造,104年11月5日,二十四層,,
RPSOMLQLKHLGFAD28CC,10,71.74,本共有部分之項目：有樓梯間、門廊、門廳、管委會使用空間、防災中心、停車空間、防空避難室、車道、游泳池、機房自來水池等項,鋼筋混凝土構造,104年11月5日,二十四層,,
RPQNMLQLKHLGFCD18CC,16,70.95,住家用,鋼筋混凝土造,99年5月7日,十四層,,
RPQNMLQLKHLGFCD18CC,16,29.53,本共有部分之項目有地下一、二、三層全部、有頂蓋式開放空間、門廊、一至十四層梯間、屋突等。,鋼筋混凝土造,99年5月7日,十四層,,
RPQNMLQLKHLGFCD18CC,16,.04,辦公室。,鋼筋混凝土造,99年5月7日,十四層,,
RPQNMLQLKHLGFCD18CC,16,28.07,本共有部分之項目有地下一、二、三層全部、有頂蓋式開放空間、門廊、一至十四層梯間、屋突等。,鋼筋混凝土造,99年5月7日,十四層,,
RPTNMLQLKHLGFBD38CC,5,85.18,集合住宅,鋼筋混凝土造,110年1月14日,十五層,,
RPTNMLQLKHLGFBD38CC,5,64.11,本共有部份之項目有：防空避難室兼停車空間、停車空間、樓梯間、梯廳、水箱、排煙室、昇降機間、消防機房、雨水機房、台電配電室、緊急發電機室、電信室、電梯機房、管委會使用空間、車道、門廳、太陽能機房、資源回收中心、外廊共１９項。,鋼筋混凝土造,110年1月14日,十五層,,
RPPOMLQLKHLGFCD18CC,31,62.91,住家用,鋼筋混凝土造,83年12月16日,十六層,,
RPUNMLQLKHLGFBD48CC,5,73.64,集合住宅,鋼筋混凝土造,110年5月11日,五層,,
RPPOMLQLKHLGFCD18CC,31,16.81,共同使用部份,鋼筋混凝土造,83年12月16日,十六層,,
RPUNMLQLKHLGFBD48CC,5,40.04,本共有部分之項目有門廊、電信室、管理維護使用空間、停車空間、梯廳、昇降機道、梯間等７項,鋼筋混凝土造,110年5月11日,五層,,
RPVNMLQLKHLGFBD58CC,34,108.31,住商用,加強磚造,81年1月13日,二層,,
RPPOMLQLKHLGFCD18CC,31,12.70,共同使用部份,鋼筋混凝土造,83年12月16日,十六層,,
RPQOMLQLKHLGFCD28CC,30,16.98,住家用,鋼筋混凝土造,85年2月2日,三層,,
RPQOMLQLKHLGFCD28CC,30,3.85,共同使用部份,鋼筋混凝土造,85年2月2日,三層,,
RPQNMLQLKHLGFDD28CC,32,151.94,住家用,鋼筋混凝土造,82年10月12日,十七層,,
RPQNMLQLKHLGFDD28CC,32,42.87,共同使用部份,鋼筋混凝土造,82年10月12日,十七層,,
RPPNMLQLKHLGFID68CC,2,71.00,集合住宅,鋼筋混凝土造,113年6月24日,十四層,,
RPPNMLQLKHLGFID68CC,2,16.26,本共有部分之項目有梯廳、管委會使用空間、停車空間等３項,鋼筋混凝土造,113年6月24日,十四層,,
RPQNMLQLKHLGFHD68CC,2,76.94,集合住宅,鋼筋混凝土造,113年7月18日,十五層,,
RPTNMLQLKHLGFKD66CC,28,66.81,住家用,鋼筋混凝土造,86年9月26日,十一層,,
RPQNMLQLKHLGFHD68CC,2,64.63,本共有部分之項目有停車空間、雨水貯留利用及汙水機房、消防機械室、發電機室、排煙室、樓梯間、一般昇降機、緊急昇降機、安全梯、無障礙樓梯、水箱、台電配電室、電信室、管委會使用空間、梯廳、門廊、管道間、水表室、電梯機房等１９項,鋼筋混凝土造,113年7月18日,十五層,,
RPQNMLQLKHLGFKD98CC,30,116.13,住家用,鋼筋混凝土造,84年12月4日,十五層,,
RPPNMLQLKHLGFID68CC,2,25.02,本共有部分之項目有停車空間等１項,鋼筋混凝土造,113年6月24日,十四層,,
RPTNMLQLKHLGFKD66CC,28,30.66,共同使用部份,鋼筋混凝土造,86年9月26日,十一層,,
RPQNMLQLKHLGFKD98CC,30,51.98,共同使用部份,鋼筋混凝土造,84年12月4日,十五層,,
RPTNMLQLKHLGFKD66CC,28,6.65,共同使用部份,鋼筋混凝土造,86年9月26日,十一層,,
RPPNMLQLKHLGFID68CC,2,17.60,本共有部分之項目有機電設備空間、進風機房、梯廳兼排煙室、樓電梯間、水錶機房、消防水箱、樓梯間、電梯機房、水箱等９項,鋼筋混凝土造,113年6月24日,十四層,,
RPVNMLQLKHLGFKD86CC,32,30.03,住家用,鋼筋混凝土造,82年12月30日,九層,,
RPVNMLQLKHLGFKD86CC,32,22.56,共同使用部份,鋼筋混凝土造,82年12月30日,九層,,
RPPNMLQLKHLGFDD18CC,46,124.60,住商用,加強磚造,68年12月24日,二層,,
RPUNMLQLKHLGFID56CC,5,58.06,集合住宅,鋼筋混凝土構造,110年3月15日,二十四層,,
RPUNMLQLKHLGFID56CC,5,47.29,本共有部分之項目有管委會使用空間、停車空間、機電設備空間、防空避難室兼停車空間、台電配電場所、自來水箱、車道、門廳、儲藏室、機房、樓梯間、消防水箱等１２項,鋼筋混凝土構造,110年3月15日,二十四層,,
RPPOMLQLKHLGFKD98CC,21,23.41,住商用,鋼筋混凝土造,94年5月27日,四層,,
RPQOMLQLKHLGFKD09CC,21,23.41,住商用,鋼筋混凝土造,94年5月27日,四層,,
RPROMLQLKHLGFCD38CC,10,57.99,集合住宅,鋼筋混凝土造,105年5月27日,十五層,,
RPROMLQLKHLGFCD38CC,10,43.35,本共有部分之項目計有停車空間，防空避難室兼停車空間，公共服務空間，管委會使用空間，門廳，污物處理空間，車道，梯間，水箱，機械室等１０項。,鋼筋混凝土造,105年5月27日,十五層,,
RPPPMLQLKHLGFKD09CC,34,43.68,住家用,鋼筋混凝土造,81年7月23日,十七層,,
RPPPMLQLKHLGFKD09CC,34,7.56,共同使用部份,鋼筋混凝土造,81年7月23日,十七層,,
RPPPMLQLKHLGFKD09CC,34,.98,共同使用部份,鋼筋混凝土造,81年7月23日,十九層,,
RPUOMLQLKHLGFCD68CC,46,83.86,住家用,鋼筋混凝土造,69年5月5日,五層,,
RPPPMLQLKHLGFKD09CC,34,2.17,共同使用部份,鋼筋混凝土造,81年7月23日,十九層,,
RPUOMLQLKHLGFCD68CC,46,5.55,共同使用部份,鋼筋混凝土造,69年5月5日,五層,,
RPTOMLQLKHLGFCD58CC,33,142.50,住家用,鋼筋混凝土造,81年10月7日,十三層,,
RPTOMLQLKHLGFCD58CC,33,14.93,共同使用部份,鋼筋混凝土造,81年10月7日,十五層,,
RPTOMLQLKHLGFCD58CC,33,.82,共同使用部份,鋼筋混凝土造,81年10月7日,十五層,,
RPTOMLQLKHLGFCD58CC,33,6.11,共同使用部份,鋼筋混凝土造,81年10月7日,十五層,,
RPWOMLQLKHLGFCD88CC,46,78.97,住家用,鋼筋混凝土造,68年12月14日,五層,,
RPWOMLQLKHLGFCD88CC,46,12.50,共同使用部份,鋼筋混凝土造,68年12月14日,五層,,
RPQPMLQLKHLGFKD56CC,34,41.26,住家用,鋼筋混凝土造,81年7月23日,十七層,,
RPQPMLQLKHLGFKD56CC,34,7.56,共同使用部份,鋼筋混凝土造,81年7月23日,十七層,,
RPPNMLRLKHLGFAD97CC,33,19.72,住家用,鋼筋混凝土造,81年12月9日,八層,,
RPQPMLQLKHLGFKD56CC,34,.98,共同使用部份,鋼筋混凝土造,81年7月23日,十九層,,
RPPNMLRLKHLGFAD97CC,33,2.80,共同使用部份,鋼筋混凝土造,81年12月9日,八層,,
RPQPMLQLKHLGFKD56CC,34,2.17,共同使用部份,鋼筋混凝土造,81年7月23日,十九層,,
RPPNMLRLKHLGFAD97CC,33,2.85,共同使用部份,鋼筋混凝土造,81年12月9日,八層,,
RPPNMLRLKHLGFAD97CC,33,1.71,共同使用部份,鋼筋混凝土造,81年12月9日,八層,,
RPVOMLQLKHLGFCD78CC,31,93.17,住家用,鋼筋混凝土造,84年3月7日,七層,,
RPVOMLQLKHLGFCD78CC,31,24.52,共同使用部份,鋼筋混凝土造,84年3月7日,七層,,
RPRNMLRLKHLGFAD18CC,42,84.02,住家用,鋼筋混凝土造,72年8月17日,五層,,
RPROMLQLKHLGFKD56CC,4,52.77,集合住宅,鋼筋混凝土構造,110年12月29日,二十六層,,
RPRNMLRLKHLGFAD18CC,42,6.11,共同使用部份,鋼筋混凝土造,72年8月17日,五層,,
RPROMLQLKHLGFKD56CC,4,47.90,本共有之項目有：防空避難室兼停車空間，廁所，防災中心，管委，門廊，停車空間，車道，資源回收區，梯間共９項,鋼筋混凝土構造,110年12月29日,二十六層,,
RPRNMLRLKHLGFAD18CC,42,7.99,共同使用部份,鋼筋混凝土造,72年8月17日,五層,,
RPROMLQLKHLGFKD56CC,4,15.36,本共有部分之項目有：樓梯間、水箱、機房共３項,鋼筋混凝土構造,110年12月29日,二十六層,,
RPTNMLRLKHLGFCD58CC,22,28.60,住家用,ＲＣ造,93年7月12日,十四層,,
RPQNMLRLKHLGFBD18CC,40,136.17,住家用,鋼筋混凝土造,75年6月25日,二層,,
RPTNMLRLKHLGFCD58CC,22,6.09,共同使用部份,ＲＣ造,93年7月12日,十四層,,
RPTNMLRLKHLGFCD58CC,22,3.42,共同使用部份,ＲＣ造,93年7月12日,十四層,,
RPWNMLRLKHLGFCD88CC,25,118.12,住家用,鋼筋混凝土造,89年8月22日,十四層,,
RPVNMLRLKHLGFAD58CC,55,82.68,住家用,加強磚造,60年7月9日,二層,,
RPWNMLRLKHLGFCD88CC,25,3.81,共同使用部份,鋼筋混凝土造,89年8月22日,十四層,,
RPWNMLRLKHLGFAD68CC,45,153.83,住家用,鋼筋混凝土造,69年8月13日,四層,,
RPWNMLRLKHLGFCD88CC,25,26.44,共同使用部份,鋼筋混凝土造,89年8月22日,十四層,,
RPXNMLRLKHLGFCD98CC,43,86.12,集合住宅,鋼筋混凝土造,71年11月29日,五層,,
RPXNMLRLKHLGFCD98CC,43,6.30,共同使用部份,鋼筋混凝土造,71年11月29日,五層,,
RPUNMLRLKHLGFAD48CC,28,25.67,住家用,鋼筋混凝土造,87年2月19日,二十一層,,
RPUNMLRLKHLGFAD48CC,28,9.48,共同使用部份,鋼筋混凝土造,87年2月19日,二十一層,,
RPVNMLRLKHLGFCD78CC,44,90.69,住家用,鋼筋混凝土造,71年2月18日,五層,,
RPVNMLRLKHLGFCD78CC,44,3.50,共同使用部份,鋼筋混凝土造,71年2月18日,五層,,
RPVNMLRLKHLGFCD78CC,44,4.78,共同使用部份,鋼筋混凝土造,71年2月18日,五層,,
RPTNMLRLKHLGFAD38CC,34,176.04,住商用,鋼筋混凝土造,81年1月30日,七層,,
RPTNMLRLKHLGFAD38CC,34,88.54,共同使用部份,鋼筋混凝土造,81年1月30日,七層,,
RPPNMLRLKHLGFDD28CC,29,84.66,住家用,鋼筋混凝土造,86年7月21日,十九層,,
RPPNMLRLKHLGFDD28CC,29,25.29,共同使用部份,鋼筋混凝土造,86年7月21日,十九層,,
RPPNMLSLKHLGFKD09CC,33,382.84,住商用,鋼筋混凝土造,81年9月19日,二十層,,
RPPNMLSLKHLGFKD09CC,33,11.97,共同使用部份,鋼筋混凝土造,81年9月19日,二十層,,
RPQNMLSLKHLGFCD38CC,52,75.01,住家用,加強磚造,62年11月29日,二層,,
RPVOMLMJLHLGFAD08CC,32,19.51,住家用,鋼筋混凝土造,83年5月28日,九層,,
RPVOMLMJLHLGFAD08CC,32,2.71,共同使用部份,鋼筋混凝土造,83年5月28日,九層,,
RPVOMLMJLHLGFAD08CC,32,3.56,共同使用部份,鋼筋混凝土造,83年5月28日,九層,,
RPSNMLRLKHLGFID09CC,18,13.22,住宅、管理維護空間、門廊、樓梯間、機械室。,鋼筋混凝土造,96年9月14日,五層,,
RPQNMLRLKHLGFGD68CC,31,32.20,住家用,鋼筋混凝土造,84年5月1日,六層,,
RPQNMLRLKHLGFGD68CC,31,7.75,共同使用部份,鋼筋混凝土造,84年5月1日,六層,,
RPPNMLRLKHLGFID78CC,33,170.31,住家用,鋼筋混凝土造,81年9月14日,四層,,
RPWNMLMJLHLGFAD08CC,43,35.90,商業用,鋼筋混凝土造,71年10月12日,十二層,,
RPWNMLMJLHLGFAD08CC,43,12.24,共同使用部份,鋼筋混凝土造,71年10月12日,十二層,,
RPQNMLSLKHLGFBD28CC,1,70.67,集合住宅,鋼筋混凝土造,114年4月2日,十四層,,
RPQNMLSLKHLGFBD28CC,1,15.58,共同使用部份,鋼筋混凝土造,114年4月2日,十四層,,
RPQNMLSLKHLGFBD28CC,1,47.78,共同使用部份,鋼筋混凝土造,114年4月2日,十四層,,
RPRNMLRLKHLGFGD78CC,3,95.68,集合住宅,鋼筋混凝土造,111年9月7日,五層,,
RPQNMLRLKHLGFKD09CC,32,20.23,住家用,鋼筋混凝土造,82年8月27日,十五層,,
RPRNMLRLKHLGFGD78CC,3,44.73,共有部分包含：梯廳、安全梯、無障礙昇降梯、管理室、電信室、樓梯間、水塔區等７項,鋼筋混凝土造,111年9月7日,五層,,
RPQNMLRLKHLGFKD09CC,32,5.38,共同使用部份,鋼筋混凝土造,82年8月27日,十五層,,
RPQNMLRLKHLGFKD09CC,32,2.95,避難室兼停車空間、梯間、清水池、配電室、門廊、消防泵浦間、交誼廳、乒乓球室。,鋼筋混凝土造,82年8月27日,十六層,,
RPPNMLLJLHLGFID08CC,23,16.52,住家用,鋼骨造,91年8月8日,四層,,
RPRNMLMJLHLGFHD28CC,5,56.04,集合住宅；停車空間,鋼筋混凝土造,109年12月29日,七層,,
RPRNMLMJLHLGFHD28CC,5,20.40,本共有部分之項目有管理維護空間、停車空間、門廊、樓梯間、機械室、機電設備空間、蓄水池等７項,鋼筋混凝土造,109年12月29日,七層,,
RPTNMLMJLHLGFAD77CC,43,22.11,住家用,鋼筋混凝土造,71年10月12日,十二層,,
RPTNMLMJLHLGFAD77CC,43,7.88,共同使用部份,鋼筋混凝土造,71年10月12日,十二層,,
RPUNMLMJLHLGFCD08CC,49,88.32,住家用,加強磚造,66年3月7日,二層,,
RPROMLMJLHLGFAD67CC,28,23.63,集合住宅,鋼筋混凝土造,87年7月6日,五層,,
RPVNMLMJLHLGFCD18CC,59,56.57,住家用,加強磚造,56年1月1日,一層,,
RPROMLMJLHLGFAD67CC,28,8.67,共同使用部份,鋼筋混凝土造,87年7月6日,五層,,
RPWNMLMJLHLGFCD28CC,32,84.21,住家用,鋼筋混凝土造,83年2月7日,六層,,
RPQNMLMJLHLGFID28CC,43,156.42,住家用,加強磚造,72年7月1日,二層,,
RPWNMLMJLHLGFCD28CC,32,25.93,共同使用部份,鋼筋混凝土造,83年2月7日,六層,,
RPUOMLMJLHLGFAD97CC,28,90.99,住家用,鋼筋混凝土造,86年10月22日,二十四層,,
RPUOMLMJLHLGFAD97CC,28,13.85,共同使用部份,鋼筋混凝土造,86年10月22日,二十四層,,
RPUOMLMJLHLGFAD97CC,28,14.09,共同使用部份,鋼筋混凝土造,86年10月22日,二十四層,,
RPQNMLNJLHLGFAD57CC,31,39.72,住家用,鋼筋混凝土造,84年7月4日,十八層,,
RPPNMLNJLHLGFAD47CC,38,64.89,住家用,鋼筋混凝土造,76年10月17日,五層,,
RPQNMLNJLHLGFAD57CC,31,53.26,共同使用部份,鋼筋混凝土造,84年7月4日,十八層,,
RPPNMLNJLHLGFAD47CC,38,11.26,共同使用部份,鋼筋混凝土造,76年10月17日,五層,,
RPPNMLNJLHLGFCD67CC,38,50.11,住商用,鋼筋混凝土造,77年6月29日,四層,,
RPROMLNJLHLGFKD78CC,31,112.12,住家用,鋼筋混凝土造,84年4月7日,十七層,,
RPQNMLOJLHLGFAD67CC,31,93.56,住家用,鋼筋混凝土造,84年5月30日,二十四層,,
RPROMLNJLHLGFKD78CC,32,57.42,共同使用部份,鋼筋混凝土造,83年2月21日,十七層,,
RPQNMLOJLHLGFAD67CC,31,23.84,共同使用部份,鋼筋混凝土造,84年5月30日,二十四層,,
RPOOMLNJLHLGFCD67CC,44,89.25,住家用,鋼筋混凝土造,70年12月26日,七層,,
RPUNMLOJLHLGFHD78CC,3,80.28,集合住宅,鋼筋混凝土造,112年1月12日,六層,,
RPOOMLNJLHLGFCD67CC,44,9.72,共同使用部份,鋼筋混凝土造,70年12月26日,七層,,
RPUNMLOJLHLGFHD78CC,3,41.05,本共有部份之項目有：停車空間、管委會空間、樓梯間、水箱、門廊、公共空間共６項。,鋼筋混凝土造,112年1月12日,六層,,
RPQOMLOJLHLGFAD77CC,12,37.79,集合住宅,鋼筋混凝土構造,102年11月25日,十四層,,
RPQOMLOJLHLGFAD77CC,12,11.19,本共有部分之項目有門廳、守衛室、停車空間、防空避難室、管理維護空間。,鋼筋混凝土構造,102年11月25日,十四層,,
RPSNMLOJLHLGFCD08CC,23,70.00,住家用,鋼筋混凝土造,92年7月3日,六層,,
RPQOMLOJLHLGFAD77CC,12,8.79,本共有部分之項目有電樓梯間、電梯機房、水箱。,鋼筋混凝土構造,102年11月25日,十四層,,
RPSNMLOJLHLGFCD08CC,23,16.60,共同使用部份,鋼筋混凝土造,92年7月3日,六層,,
RPSNMLOJLHLGFCD08CC,23,8.43,共同使用部份,鋼筋混凝土造,92年7月3日,六層,,
RPPNMLNJLHLGFKD48CC,26,94.10,住家用,鋼筋混凝土造,88年8月24日,十四層,,
RPPNMLNJLHLGFKD48CC,26,2.34,共同使用部份,鋼筋混凝土造,88年8月24日,十四層,,
RPPNMLNJLHLGFKD48CC,26,17.46,共同使用部份,鋼筋混凝土造,88年8月24日,十四層,,
RPPNMLNJLHLGFKD48CC,26,18.51,共同使用部份,鋼筋混凝土造,88年8月24日,十四層,,
RPQOMLNJLHLGFKD68CC,30,90.36,住家用,鋼筋混凝土造,84年11月27日,八層,,
RPQOMLNJLHLGFKD68CC,30,41.82,共同使用部份,鋼筋混凝土造,84年11月27日,八層,,
RPRNMLOJLHLGFAD77CC,32,56.39,住家用,鋼筋混凝土造,83年7月22日,八層,,
RPRNMLOJLHLGFAD77CC,32,12.61,共同使用部份,鋼筋混凝土造,83年7月22日,八層,,
RPRNMLOJLHLGFAD77CC,32,2.58,共同使用部份,鋼筋混凝土造,83年7月22日,八層,,
RPRNMLOJLHLGFBD87CC,1,61.12,集合住宅,鋼筋混凝土造,113年9月30日,十二層,,
RPRNMLOJLHLGFBD87CC,1,61.53,本共有部分之項目有：防空避難室兼停車空間、樓電梯間、電錶室、台電配電室、發電機房、電信室、垃圾分類室、垃圾冷藏室、垃圾車位、水箱、機房、消防機房、雨水景觀機房、汙水機房、門廊、交誼廳、管委會使用空間、宅配室、多功能才藝教室、健身房、機械室、梯間、停車空間等２３項。,鋼筋混凝土造,113年9月30日,十二層,,
RPPOMLOJLHLGFKD68CC,28,46.77,住家用,鋼筋混凝土造,86年9月26日,十一層,,
RPPOMLOJLHLGFKD68CC,28,12.00,共同使用部份,鋼筋混凝土造,86年9月26日,十一層,,
RPPOMLOJLHLGFKD68CC,28,4.86,共同使用部份,鋼筋混凝土造,86年9月26日,十一層,,
RPUNMLQJLHLGFAD28CC,33,19.29,住家用,鋼筋混凝土造,82年3月27日,六層,,
RPUNMLQJLHLGFAD28CC,33,6.30,共同使用部份,鋼筋混凝土造,82年3月27日,六層,,
RPUNMLOJLHLGFKD09CC,43,71.42,集合住宅,鋼筋混凝土造,72年2月24日,五層,,
RPUNMLOJLHLGFKD09CC,43,.29,防空避難室。,鋼筋混凝土造,72年2月24日,地下層,,
RPUNMLOJLHLGFKD09CC,43,.29,防空避難室。,鋼筋混凝土造,72年2月24日,地下層,,
RPUNMLOJLHLGFKD09CC,43,.29,防空避難室。,鋼筋混凝土造,72年2月24日,地下層,,
RPTOMLOJLHLGFKD09CC,14,197.01,店舖，住宅,鋼筋混凝土構造,101年6月5日,四層,,
RPUNMLOJLHLGFKD09CC,43,.29,防空避難室。,鋼筋混凝土造,72年2月24日,地下層,,
RPQOMLPJLHLGFCD08CC,54,18.18,住家用,加強磚造,61年6月12日,二層,,
RPUNMLOJLHLGFKD09CC,43,.29,共同使用部份,鋼筋混凝土造,72年2月24日,,,
RPXNMLPJLHLGFAD48CC,12,36.10,集合住宅,鋼筋混凝土構造,102年11月25日,十四層,,
RPUNMLOJLHLGFKD09CC,43,.15,國民住宅,鋼筋混凝土造,72年2月24日,五層,,
RPXNMLPJLHLGFAD48CC,12,10.76,本共有部分之項目有門廳、守衛室、停車空間、防空避難室、管理維護空間。,鋼筋混凝土構造,102年11月25日,十四層,,
RPUNMLOJLHLGFKD09CC,43,.29,共同使用部份,鋼筋混凝土造,72年2月24日,,,
RPXNMLPJLHLGFAD48CC,12,7.91,本共有部分之項目有電樓梯間、電梯機房、水箱。,鋼筋混凝土構造,102年11月25日,十四層,,
RPUNMLOJLHLGFKD09CC,43,5.18,共同使用部份,鋼筋混凝土造,72年2月24日,,,
RPTOMLPJLHLGFKD56CC,31,58.16,住家用,鋼筋混凝土造,84年2月28日,十三層,,
RPTOMLPJLHLGFKD56CC,31,24.64,共同使用部份,鋼筋混凝土造,84年2月28日,十三層,,
RPXNMLQJLHLGFAD58CC,23,111.77,店舖、住宅,鋼筋混凝土造,91年11月15日,十一層,,
RPXNMLQJLHLGFAD58CC,23,41.68,共同使用部份,鋼筋混凝土造,91年11月15日,十一層,,
RPPNMLQJLHLGFKD78CC,33,54.39,住家用,鋼筋混凝土造,82年3月17日,六層,,
RPPNMLQJLHLGFKD78CC,33,28.38,共同使用部份,鋼筋混凝土造,82年3月17日,六層,,
RPRNMLSJLHLGFAD18CC,28,25.67,住家用,鋼筋混凝土造,87年2月19日,二十一層,,
RPSNMLKKLHLGFDD87CC,5,2460.92,廠房,鋼骨構造,110年2月5日,一層,,
RPRNMLSJLHLGFAD18CC,28,9.48,共同使用部份,鋼筋混凝土造,87年2月19日,二十一層,,
RPVOMLTJLHLGFAD78CC,31,39.72,住家用,鋼筋混凝土造,84年7月4日,十八層,,
RPVOMLTJLHLGFAD78CC,31,18.90,共同使用部份,鋼筋混凝土造,84年7月4日,十八層,,
RPPNMLSJLHLGFAD97CC,31,29.77,住家用,鋼筋混凝土造,84年7月4日,十八層,,
RPQNMLOJLHLGFID48CC,3,79.28,集合住宅,鋼筋混凝土造,112年8月8日,十五層,,
RPQNMLSJLHLGFAD08CC,31,32.46,住家用,鋼筋混凝土造,84年7月4日,十八層,,
RPPNMLSJLHLGFAD97CC,31,13.74,共同使用部份,鋼筋混凝土造,84年7月4日,十八層,,
RPQNMLQJLHLGFKD88CC,32,82.62,住家用,鋼筋混凝土造,83年5月2日,十四層,,
RPQNMLOJLHLGFID48CC,3,63.91,本共有部分之項目有停車空間、管委會使用空間、梯間、車道、前廊、陽台、樓梯間、機械室、水箱等９項,鋼筋混凝土造,112年8月8日,十五層,,
RPQNMLSJLHLGFAD08CC,31,15.46,共同使用部份,鋼筋混凝土造,84年7月4日,十八層,,
RPRNMLQJLHLGFHD68CC,17,217.91,住家用,鋼筋混凝土造,97年12月26日,四層,,
RPQNMLQJLHLGFKD88CC,32,6.70,共同使用部份,鋼筋混凝土造,83年5月2日,十四層,,
RPQNMLQJLHLGFKD88CC,32,7.31,共同使用部份,鋼筋混凝土造,83年5月2日,十四層,,
RPRNMLKKLHLGFCD67CC,30,60.47,住家用,鋼筋混凝土造,84年11月6日,二十層,,
RPRNMLKKLHLGFCD67CC,30,12.69,共同使用部份,鋼筋混凝土造,84年11月6日,二十層,,
RPRNMLKKLHLGFCD67CC,30,33.99,共同使用部份,鋼筋混凝土造,84年11月6日,二十層,,
RPVOMLNLKHLGFAD28CC,1,49.93,集合住宅,鋼骨鋼筋混凝土造、鋼筋混凝土造,114年4月15日,三十四層,,
RPVOMLNLKHLGFAD28CC,1,26.67,本共有部分之項目有管委會使用空間、門廳、機電設備空間、防災中心、儲藏室、樓梯間、消防水箱、防空避難室兼停車空間、車道、停車空間、自來水箱、梯廳、陽台、電信機房等１４項。,鋼骨鋼筋混凝土造、鋼筋混凝土造,114年4月15日,三十四層,,
