鄉鎮市區,交易標的,土地位置建物門牌,土地移轉總面積平方公尺,都市土地使用分區,非都市土地使用分區,非都市土地使用編定,交易年月日,交易筆棟數,移轉層次,總樓層數,建物型態,主要用途,主要建材,建築完成年月,建物移轉總面積平方公尺,建物現況格局-房,建物現況格局-廳,建物現況格局-衛,建物現況格局-隔間,有無管理組織,總價元,單價元平方公尺,車位類別,車位移轉總面積平方公尺,車位總價元,備註,編號,建案名稱,棟及號,解約情形
The villages and towns urban district,transaction sign,land sector position building sector house number plate,land shifting total area square meter,the use zoning or compiles and checks,the non-metropolis land use district,non-metropolis land use,transaction year month and day,transaction pen number,shifting level,total floor number,building state,main use,main building materials,construction to complete the years,building shifting total area,Building present situation pattern - room,building present situation pattern - hall,building present situation pattern - health,building present situation pattern - compartmented,Whether there is manages the organization,total price NTD,the unit price (NTD / square meter),the berth category,berth shifting total area square meter,the berth total price NTD,the note,serial number,build case,buildings,termination type
新化區,房地(土地+建物)+車位,臺南市新化區中正路691巷32之1號旁,36.93,住,,,1141114,土地1建物1車位1,三層,5,華廈(10層含以下有電梯),住家用,鋼筋混凝土造,,110.74,3,2,2,有,無,9730000,85828,一樓平面,14.85,1500000,,RPPNMLPKJIKGFHD18CB,蒔暙,A棟1號,
東區,房地(土地+建物)+車位,臺南市東區平實路,0.0,,,,1141112,土地0建物1車位1,十三層,15,住宅大樓(11層含以上有電梯),住家用,鋼筋混凝土造,,96.46,2,2,1,有,無,10540000,122536,坡道平面,23.91,1650000,地上權房屋；,RPPNMLRKJIKGFCD87CB,清景麟夢公園,E棟7號,
歸仁區,房地(土地+建物)+車位,臺南市歸仁區南興街與大德一街交叉路口,32.37,住,,,1141114,土地1建物1車位1,六層,7,華廈(10層含以下有電梯),住家用,鋼筋混凝土造,,111.29,3,2,2,有,無,11000000,90909,一樓平面,8.99,1700000,,RPPNMLRKJIKGFID48CB,安庭灣,A棟6號,
安南區,房地(土地+建物),臺南市安南區海佃路二段342巷,83.5,住,,,1141117,土地1建物1車位0,全,4,透天厝,住家用,鋼筋混凝土造,,152.73,4,2,3,有,無,20800000,136188,,0.0,0,,RPPNMLSKJIKGFBD87CB,戀家23期,A棟3號,
東區,房地(土地+建物)+車位,臺南市東區後甲三街X平實二街,17.76,商,,,1141116,土地2建物1車位1,八層,21,住宅大樓(11層含以上有電梯),住家用,鋼筋混凝土造,,159.81,3,2,2,有,無,24550000,168784,坡道平面,26.8,2100000,,RPSNMLTKJIKGFCD38CB,國城?實,H棟2號,
東區,房地(土地+建物)+車位,臺南市東區後甲三街X平實二街,17.76,商,,,1141113,土地2建物1車位1,二十層,21,住宅大樓(11層含以上有電梯),住家用,鋼筋混凝土造,,158.74,3,2,2,有,無,25750000,178182,坡道平面,25.73,2050000,,RPTNMLTKJIKGFCD48CB,國城?實,H棟2號,
東區,房地(土地+建物)+車位,臺南市東區後甲三街X平實二街,16.43,商,,,1141114,土地2建物1車位1,十四層,21,住宅大樓(11層含以上有電梯),住家用,鋼筋混凝土造,,148.52,3,2,2,有,無,23990000,178679,坡道平面,25.73,2050000,,RPUNMLTKJIKGFCD58CB,國城?實,H棟6號,
東區,房地(土地+建物)+車位,臺南市東區後甲三街X平實二街,16.43,商,,,1141113,土地2建物1車位1,十七層,21,住宅大樓(11層含以上有電梯),住家用,鋼筋混凝土造,,149.59,3,2,2,有,無,24230000,180226,坡道平面,26.8,2100000,,RPVNMLTKJIKGFCD68CB,國城?實,H棟6號,
東區,房地(土地+建物)+車位,臺南市東區後甲三街X平實二街,17.76,商,,,1141113,土地2建物1車位1,十六層,21,住宅大樓(11層含以上有電梯),住家用,鋼筋混凝土造,,158.74,3,2,2,有,無,24900000,172543,坡道平面,25.73,1950000,,RPWNMLTKJIKGFCD78CB,國城?實,I棟2號,
東區,房地(土地+建物)+車位,臺南市東區後甲三街X平實二街,10.95,商,,,1141114,土地2建物1車位1,十三層,21,住宅大樓(11層含以上有電梯),住家用,鋼筋混凝土造,,107.79,2,2,2,有,無,16650000,179747,坡道平面,25.73,1900000,,RPXNMLTKJIKGFCD88CB,國城?實,I棟3號,
東區,房地(土地+建物)+車位,臺南市東區後甲三街X平實二街,16.43,商,,,1141115,土地2建物1車位1,十八層,20,住宅大樓(11層含以上有電梯),住家用,鋼筋混凝土造,,148.55,3,2,2,有,無,24060000,178798,坡道平面,25.73,2100000,,RPOOMLTKJIKGFCD08CB,國城?實,J棟5號,
東區,房地(土地+建物)+車位,臺南市東區後甲三街X平實二街,17.76,商,,,1141114,土地2建物1車位1,六層,20,住宅大樓(11層含以上有電梯),住家用,鋼筋混凝土造,,158.74,3,2,2,有,無,24200000,167281,坡道平面,25.73,1950000,,RPPOMLTKJIKGFCD18CB,國城?實,K棟2號,
東區,房地(土地+建物)+車位,臺南市東區後甲三街X平實二街,17.76,商,,,1141114,土地2建物1車位1,八層,20,住宅大樓(11層含以上有電梯),住家用,鋼筋混凝土造,,159.81,3,2,2,有,無,24540000,167957,坡道平面,26.8,2200000,,RPQOMLTKJIKGFCD28CB,國城?實,K棟2號,
東區,房地(土地+建物),臺南市東區後甲三街X平實二街,10.95,商,,,1141114,土地2建物1車位0,十三層,20,住宅大樓(11層含以上有電梯),住家用,鋼筋混凝土造,,82.06,2,2,2,有,無,14650000,178528,,0.0,0,,RPSOMLTKJIKGFCD48CB,國城?實,K棟3號,
仁德區,房地(土地+建物)+車位,臺南市仁德區仁義六街20巷,23.56,住,,,1141112,土地1建物1車位1,七層,15,住宅大樓(11層含以上有電梯),住家用,鋼筋混凝土造,,147.08,3,2,2,有,無,13100000,99432,坡道平面,30.92,1550000,,RPQNMLTKJIKGFID78CB,佳晟家仁,B2棟7F號,
仁德區,房地(土地+建物)+車位,臺南市仁德區仁義六街20巷,23.56,住,,,1141115,土地1建物1車位1,二層,15,住宅大樓(11層含以上有電梯),住家用,鋼筋混凝土造,,147.08,3,2,2,有,無,11870000,87810,坡道平面,30.92,1670000,,RPRNMLTKJIKGFID88CB,佳晟家仁,B2棟2F號,
仁德區,房地(土地+建物)+車位,臺南市仁德區仁義六街20巷,17.43,住,,,1141115,土地1建物1車位1,三層,15,住宅大樓(11層含以上有電梯),住家用,鋼筋混凝土造,,118.09,2,2,2,有,無,9450000,90793,坡道平面,32.18,1650000,,RPSNMLTKJIKGFID98CB,佳晟家仁,C3棟3F號,
善化區,房地(土地+建物)+車位,臺南市善化區興華路,22.71,住,,,1141114,土地1建物1車位1,十一層,14,住宅大樓(11層含以上有電梯),住家用,鋼筋混凝土造,,156.03,3,2,2,有,無,18780000,135456,坡道平面,32.89,2100000,,RPPNMLKLJIKGFHD77CB,興華苑,1棟11B號,
北區,房地(土地+建物)+車位,臺南市北區北華街,13.87,商,,,1141111,土地1建物1車位1,七層,15,住宅大樓(11層含以上有電梯),住家用,鋼筋混凝土造,,111.33,2,2,1,有,無,14380000,147135,坡道平面,26.51,1900000,,RPQNMLLLJIKGFAD27CB,城之樹,B2-7F棟0號,
東區,房地(土地+建物)+車位,臺南市東區後甲三街X平實二街,17.9,商,,,1141114,土地2建物1車位2,十三層,20,住宅大樓(11層含以上有電梯),住家用,鋼筋混凝土造,,185.59,3,2,2,有,無,26650000,169984,坡道平面,51.46,3850000,,RPQNMLMLJIKGFCD57CB,國城?實,K棟1號,
學甲區,房地(土地+建物),臺南市學甲區賴承宗宗親會旁,78.16,,鄉村區,乙種建築用地,1141119,土地4建物1車位0,全,4,透天厝,住家用,鋼筋混凝土造,,167.94,4,2,4,有,無,8400000,50018,,0.0,0,,RPRNMLOLJIKGFGD28CB,杉禾苑,A棟16號,
新化區,房地(土地+建物)+車位,臺南市新化區中正路691巷32-1號旁,37.1,住,,,1141116,土地1建物1車位1,五層,5,華廈(10層含以下有電梯),住家用,鋼筋混凝土造,,111.22,3,2,2,有,無,10200000,90277,一樓平面,14.85,1500000,,RPPNMLOLJIKGFHD18CB,蒔暙,A棟2號,
仁德區,房地(土地+建物)+車位,臺南市仁德區北保東路46巷,27.08,住,,,1141116,土地1建物1車位1,五層,15,住宅大樓(11層含以上有電梯),住家用,鋼筋混凝土造,,151.64,3,2,2,有,無,12300000,90271,坡道平面,32.0,1500000,,RPQNMLOLJIKGFID38CB,昕悅東城,A棟5號,
安南區,房地(土地+建物)+車位,臺南市安南區海佃路二段342巷,74.31,住,,,1141122,土地2建物1車位1,全,4,透天厝,住家用,鋼筋混凝土造,,174.84,3,2,4,有,無,18060000,103294,一樓平面,0.0,0,,RPQNMLPLJIKGFBD77CB,戀家23期,B棟11號,
新化區,房地(土地+建物)+車位,臺南市新市區正新路312號後方,33.1,住,,,1141120,土地1建物1車位1,五層,5,華廈(10層含以下有電梯),住家用,鋼筋混凝土造,,95.14,2,2,2,有,無,8750000,95605,一樓平面,19.83,1550000,,RPRNMLPLJIKGFHD48CB,協奏曲3期,A棟A2號,
仁德區,房地(土地+建物)+車位,臺南市仁德區德安路128號旁,33.38,住,,,1141121,土地1建物1車位1,八層,10,華廈(10層含以下有電梯),住家用,鋼筋混凝土造,,155.54,3,2,2,有,無,15050000,106527,坡道平面,29.75,1650000,,RPPNMLPLJIKGFID38CB,白里織上2期,B棟B5號,
仁德區,房地(土地+建物)+車位,臺南市仁德區德安路128號旁,33.38,住,,,1141122,土地1建物1車位1,四層,10,華廈(10層含以下有電梯),住家用,鋼筋混凝土造,,155.54,3,2,2,有,無,14050000,98577,坡道平面,29.75,1650000,,RPRNMLPLJIKGFID58CB,白里織上2期,B棟B5號,
仁德區,房地(土地+建物),臺南市仁德區成功一街8號正對面,74.51,住,,,1141124,土地1建物1車位0,全,4,透天厝,住家用,鋼筋混凝土造,,189.19,4,2,5,有,無,23300000,123157,,0.0,0,,RPPNMLQLJIKGFID48CB,呈豐日日37,B棟6號,
安南區,房地(土地+建物),臺南市安南區安和路一段215巷30號旁,64.32,住,,,1141121,土地3建物1車位0,三層,5,華廈(10層含以下有電梯),住家用,鋼筋混凝土造,,79.68,2,2,2,有,無,8150000,102284,,0.0,0,交易總價包含非建物坐落土地安南區安西段476-1地號持分1/9，交易價格伍萬元整及安南區安西段477地號持分1/9，交易價格參拾萬元整。,RPRNMLRLJIKGFBD08CB,宜室感,A棟6號,
東區,房地(土地+建物)+車位,臺南市東區後甲三街X平實二街,18.83,商,,,1141123,土地2建物1車位1,十四層,24,住宅大樓(11層含以上有電梯),住家用,鋼筋混凝土造,,167.23,3,2,2,有,無,27900000,181625,坡道平面,25.73,2200000,親友、員工、共有人或其他特殊關係間之交易；,RPPNMLRLJIKGFCD97CB,國城?實,E棟5號,
東區,房地(土地+建物)+車位,臺南市東區後甲三街X平實二街,10.95,商,,,1141122,土地2建物1車位1,十五層,21,住宅大樓(11層含以上有電梯),住家用,鋼筋混凝土造,,107.79,2,2,2,有,無,16750000,180965,坡道平面,25.73,1900000,,RPQNMLRLJIKGFCD08CB,國城?實,I棟3號,
東區,房地(土地+建物)+車位,臺南市東區後甲三街X平實二街,10.95,商,,,1141120,土地2建物1車位1,十二層,20,住宅大樓(11層含以上有電梯),住家用,鋼筋混凝土造,,107.79,2,2,2,有,無,16700000,179137,坡道平面,25.73,2000000,,RPSNMLRLJIKGFCD28CB,國城?實,K棟3號,
東區,房地(土地+建物)+車位,臺南市東區仁和路62號一樓旁,13.64,住,,,1141114,土地6建物1車位1,十四層,14,住宅大樓(11層含以上有電梯),住家用,鋼筋混凝土造,,114.01,2,2,2,有,無,13850000,140380,坡道平面,29.24,1950000,,RPTNMLRLJIKGFCD38CB,宏福悅,B棟B5-14F號,
東區,房地(土地+建物)+車位,臺南市東區仁和路62號一樓旁,37.04,住,,,1141115,土地6建物1車位1,一層,14,店面(店鋪),商業用,鋼筋混凝土造,,259.9,0,0,0,無,無,58300000,242565,坡道平面,29.24,2350000,,RPUNMLRLJIKGFCD48CB,宏福悅,C棟T1-1F號,
善化區,房地(土地+建物)+車位,臺南市善化區南126鄉道什乃48號後方等,31.67,,鄉村區,乙種建築用地,1141112,土地1建物1車位1,七層,8,華廈(10層含以下有電梯),住家用,鋼筋混凝土造,,143.36,3,2,2,有,無,12860000,99718,坡道平面,29.94,1550000,,RPQNMLRLJIKGFHD58CB,良茂合心城-合美館,B棟B1-7F號,
新化區,房地(土地+建物),臺南市新化區中山路,18.96,商,,,1141111,土地2建物1車位0,十層,15,住宅大樓(11層含以上有電梯),住家用,鋼筋混凝土造,,81.86,2,2,2,有,無,8580000,104813,,0.0,0,,RPRNMLRLJIKGFHD68CB,長築白樓1,壹棟B號,
安南區,房地(土地+建物)+車位,臺南市安南區安中路一段,24.81,住,,,1141119,土地1建物1車位1,九層,15,住宅大樓(11層含以上有電梯),住家用,鋼筋混凝土造,,149.47,3,2,2,有,無,15500000,119484,坡道平面,34.81,1800000,,RPPNMLSLJIKGFBD97CB,敘禾苑,A棟1號,
安南區,房地(土地+建物)+車位,臺南市安南區九份子大道與樂活路口,11.48,住,,,1141114,土地1建物1車位1,十八層,24,住宅大樓(11層含以上有電梯),住家用,鋼筋混凝土造,,140.52,3,2,2,有,無,17420000,126392,坡道平面,19.31,2100000,,RPQNMLSLJIKGFBD08CB,?讀耶魯,A棟07號,
安南區,房地(土地+建物)+車位,臺南市安南區九份子大道與樂活路口,11.48,住,,,1141114,土地1建物1車位1,十六層,24,住宅大樓(11層含以上有電梯),住家用,鋼筋混凝土造,,140.52,3,2,2,有,無,17600000,124577,坡道平面,19.31,2500000,,RPRNMLSLJIKGFBD18CB,?讀耶魯,A棟07號,
永康區,房地(土地+建物)+車位,臺南市永康區忠孝路與忠孝路76巷交叉口,10.88,商,,,1141119,土地1建物1車位1,九層,15,住宅大樓(11層含以上有電梯),住家用,鋼筋混凝土造,,94.4,3,2,2,有,無,12190000,135687,坡道機械,9.72,700000,,RPPNMLSLJIKGFKD88CB,聯上豐實,E棟7號,
永康區,房地(土地+建物)+車位,臺南市永康區忠孝路與忠孝路76巷交叉口,10.88,商,,,1141117,土地1建物1車位1,二層,15,住宅大樓(11層含以上有電梯),住家用,鋼筋混凝土造,,94.31,3,2,2,有,無,10530000,116208,坡道機械,9.72,700000,,RPQNMLSLJIKGFKD98CB,聯上豐實,B棟3號,
中西區,房地(土地+建物)+車位,臺南市中西區府前路二段258巷29弄,16.93,其他,,,1141121,土地1建物1車位1,十一層,24,住宅大樓(11層含以上有電梯),住家用,鋼筋混凝土造,,210.83,3,2,2,有,無,27520000,133411,坡道平面,21.64,2280000,,RPPNMLTLJIKGFAD97CB,三發 DIAMOND ONE,A棟11號,
安南區,房地(土地+建物)+車位,臺南市安南區九份子大道與樂活路口,8.09,住,,,1141123,土地1建物1車位1,八層,24,住宅大樓(11層含以上有電梯),住家用,鋼筋混凝土造,,104.46,2,2,1,有,無,10850000,103934,坡道平面,19.31,2000000,,RPPNMLTLJIKGFBD08CB,?讀耶魯,C棟03號,
安南區,房地(土地+建物)+車位,臺南市安南區九份子大道與樂活路口,8.23,住,,,1141122,土地1建物1車位1,十二層,24,住宅大樓(11層含以上有電梯),住家用,鋼筋混凝土造,,105.9,2,2,1,有,無,11230000,106017,坡道平面,19.31,2050000,,RPSNMLTLJIKGFBD38CB,?讀耶魯,B棟3號,
善化區,房地(土地+建物)+車位,臺南市善化區龍目井路與陽光三路交叉口,18.87,住,,,1141111,土地1建物1車位1,六層,15,住宅大樓(11層含以上有電梯),住家用,鋼筋混凝土造,,113.22,2,2,2,有,無,10930000,105294,坡道平面,28.41,2000000,,RPRNMLTLJIKGFHD88CB,佳鋐科匯,A3棟0號,
善化區,房地(土地+建物)+車位,臺南市善化區龍目井路與陽光三路交叉口,28.14,住,,,1141111,土地1建物1車位1,十一層,15,住宅大樓(11層含以上有電梯),住家用,鋼筋混凝土造,,156.61,3,2,2,有,無,15360000,104992,坡道平面,28.41,1900000,,RPSNMLTLJIKGFHD98CB,佳鋐科匯,A2棟0號,
善化區,房地(土地+建物)+車位,臺南市善化區龍目井路與陽光三路交叉口,28.14,住,,,1141118,土地1建物1車位1,八層,15,住宅大樓(11層含以上有電梯),住家用,鋼筋混凝土造,,156.61,3,2,2,有,無,15200000,103744,坡道平面,28.41,1900000,,RPTNMLTLJIKGFHD09CB,佳鋐科匯,A2棟0號,
善化區,房地(土地+建物)+車位,臺南市善化區龍目井路與陽光三路交叉口,25.73,住,,,1141118,土地1建物1車位1,十三層,15,住宅大樓(11層含以上有電梯),住家用,鋼筋混凝土造,,144.55,3,2,2,有,無,14230000,106165,坡道平面,28.41,1900000,,RPUNMLTLJIKGFHD56CB,佳鋐科匯,A1棟0號,
善化區,房地(土地+建物)+車位,臺南市善化區龍目井路與陽光三路交叉口,20.59,住,,,1141125,土地1建物1車位1,九層,15,住宅大樓(11層含以上有電梯),住家用,鋼筋混凝土造,,121.99,2,2,1,有,無,11950000,105258,坡道平面,28.41,2100000,,RPVNMLTLJIKGFHD66CB,佳鋐科匯,A5棟0號,
安南區,房地(土地+建物)+車位,臺南市安南區九份子大道與樂活路口,11.19,住,,,1141114,土地1建物1車位1,十七層,24,住宅大樓(11層含以上有電梯),住家用,鋼筋混凝土造,,137.21,3,2,2,有,無,17150000,124258,坡道平面,19.31,2500000,,RPPNMLKMJIKGFBD27CB,?讀耶魯,A棟01號,
安南區,房地(土地+建物)+車位,臺南市安南區九份子大道與樂活路口,11.48,住,,,1141115,土地1建物1車位1,十七層,24,住宅大樓(11層含以上有電梯),住家用,鋼筋混凝土造,,140.47,3,2,2,有,無,17200000,121327,坡道平面,19.31,2500000,,RPQNMLKMJIKGFBD37CB,?讀耶魯,B棟09號,
安南區,房地(土地+建物)+車位,臺南市安南區九份子大道與樂活路口,8.23,住,,,1141122,土地1建物1車位1,五層,24,住宅大樓(11層含以上有電梯),住家用,鋼筋混凝土造,,93.78,2,2,1,有,無,10400000,101628,坡道機械,7.19,1600000,,RPRNMLKMJIKGFBD47CB,?讀耶魯,B棟03號,
仁德區,房地(土地+建物)+車位,臺南市仁德區仁義六街20巷,23.56,住,,,1141129,土地1建物1車位1,三層,15,住宅大樓(11層含以上有電梯),住家用,鋼筋混凝土造,,147.08,3,2,2,有,無,12300000,92028,坡道平面,30.92,1610000,,RPPNMLMJKIKGFID97CB,佳晟家仁,B2棟3F號,
仁德區,房地(土地+建物)+車位,臺南市仁德區北保東路46巷,20.92,住,,,1141123,土地1建物1車位1,七層,15,住宅大樓(11層含以上有電梯),住家用,鋼筋混凝土造,,124.39,2,2,1,有,無,10520000,96547,坡道平面,32.0,1600000,,RPQNMLMJKIKGFID08CB,昕悅東城,B棟6號,
永康區,房地(土地+建物)+車位,臺南市永康區復國路,41.14,住,,,1141127,土地1建物1車位1,四層,5,華廈(10層含以下有電梯),住家用,鋼筋混凝土造,,120.49,3,2,2,有,無,13260000,108113,一樓平面,13.75,1720000,,RPPNMLMJKIKGFKD18CB,春福平蒔舒活區,B棟0號,
永康區,房地(土地+建物)+車位,臺南市永康區復國路,25.36,住,,,1141129,土地1建物1車位1,九層,14,住宅大樓(11層含以上有電梯),住家用,鋼筋混凝土造,,153.85,3,2,2,有,無,16800000,125763,坡道平面,34.18,1750000,,RPQNMLMJKIKGFKD28CB,春福平蒔都匯區,A棟1號,
永康區,房地(土地+建物)+車位,臺南市永康區復國路,40.84,住,,,1141123,土地1建物1車位1,三層,5,華廈(10層含以下有電梯),住家用,鋼筋混凝土造,,119.65,3,2,2,有,無,13150000,107932,一樓平面,13.75,1720000,,RPRNMLMJKIKGFKD38CB,春福平蒔舒活區,A棟0號,
永康區,房地(土地+建物)+車位,臺南市永康區復國路,40.84,住,,,1141123,土地1建物1車位1,五層,5,華廈(10層含以下有電梯),住家用,鋼筋混凝土造,,119.65,3,2,2,有,無,13360000,108876,一樓平面,13.75,1830000,,RPSNMLMJKIKGFKD48CB,春福平蒔舒活區,A棟0號,
永康區,房地(土地+建物)+車位,臺南市永康區平道六路,26.6,住,,,1141130,土地1建物1車位1,四層,15,住宅大樓(11層含以上有電梯),住家用,鋼筋混凝土造,,157.06,3,2,2,有,無,17000000,119308,坡道平面,28.82,1700000,,RPTNMLMJKIKGFKD58CB,木津川,A-4F號,
佳里區,房地(土地+建物),臺南市佳里區下?156號對面,76.42,,鄉村區,乙種建築用地,1141112,土地2建物1車位0,全,4,透天厝,住家用,鋼筋混凝土造,,148.53,4,2,4,有,無,8880000,59786,,0.0,0,,RPPNMLNJKIKGFGD87CB,家薪8,A棟9號,
新化區,房地(土地+建物),臺南市新化區民生路234巷,25.07,住,,,1141111,土地1建物1車位0,二層,15,住宅大樓(11層含以上有電梯),住家用,鋼筋混凝土造,,88.63,2,2,2,有,無,8760000,98838,,0.0,0,,RPPNMLNJKIKGFHD97CB,白樓2璞域,壹棟C號,
新化區,房地(土地+建物)+車位,臺南市新化區民生路234巷,34.88,住,,,1141116,土地1建物1車位1,八層,15,住宅大樓(11層含以上有電梯),住家用,鋼筋混凝土造,,160.14,3,2,2,有,無,13970000,99927,坡道平面,36.85,1650000,,RPRNMLNJKIKGFHD18CB,白樓2璞域,壹棟B號,
新化區,房地(土地+建物)+車位,臺南市新化區民生路234巷,34.64,住,,,1141127,土地1建物1車位1,七層,15,住宅大樓(11層含以上有電梯),住家用,鋼筋混凝土造,,159.3,3,2,2,有,無,13250000,95958,坡道平面,36.85,1500000,,RPTNMLNJKIKGFHD38CB,白樓2璞域,壹棟A號,
歸仁區,房地(土地+建物)+車位,臺南市歸仁區西埔二街70巷1號旁,40.01,,鄉村區,乙種建築用地,1141130,土地2建物1車位1,五層,6,華廈(10層含以下有電梯),住家用,鋼筋混凝土造,,93.31,2,2,2,有,無,8360000,86846,一樓平面,14.32,1500000,,RPPNMLNJKIKGFID08CB,初居3,E棟E8/5F號,
關廟區,房地(土地+建物)+車位,臺南市關廟區南雄路一段,23.52,,鄉村區,乙種建築用地,1141124,土地1建物1車位1,二層,8,華廈(10層含以下有電梯),住家用,鋼筋混凝土造,,109.75,2,1,2,有,無,7680000,74179,坡道平面,25.09,1400000,,RPPNMLPJKIKGFID28CB,幸福之森,F棟8號,
安南區,房地(土地+建物)+車位,臺南市安南區九份子大道與樂活路口,11.48,住,,,1141121,土地1建物1車位2,二十三層,24,住宅大樓(11層含以上有電梯),住家用,鋼筋混凝土造,,159.83,3,2,2,有,無,19980000,126062,坡道平面,38.62,4700000,,RPPNMLQJKIKGFBD67CB,?讀耶魯,A棟07號,
安南區,房地(土地+建物)+車位,臺南市安南區九份子大道與樂活路口,7.94,住,,,1141130,土地1建物1車位1,六層,24,住宅大樓(11層含以上有電梯),住家用,鋼筋混凝土造,,90.71,2,2,1,有,無,9770000,100814,坡道機械,7.19,1350000,,RPQNMLQJKIKGFBD77CB,?讀耶魯,C棟02號,
東區,房地(土地+建物)+車位,臺南市東區後甲三街X平實二街,16.43,商,,,1141129,土地2建物1車位1,二十層,21,住宅大樓(11層含以上有電梯),住家用,鋼筋混凝土造,,148.52,3,2,2,有,無,24550000,183240,坡道平面,25.73,2050000,,RPPNMLQJKIKGFCD77CB,國城?實,H棟6號,
東區,房地(土地+建物)+車位,臺南市東區後甲三街X平實二街,17.76,商,,,1141127,土地2建物1車位1,十九層,20,住宅大樓(11層含以上有電梯),住家用,鋼筋混凝土造,,158.74,3,2,2,有,無,25120000,173070,坡道平面,25.73,2100000,,RPQNMLQJKIKGFCD87CB,國城?實,K棟2號,
東區,房地(土地+建物)+車位,臺南市東區後甲三街X平實二街,10.95,商,,,1141127,土地2建物1車位1,十九層,20,住宅大樓(11層含以上有電梯),住家用,鋼筋混凝土造,,105.11,2,2,2,有,無,16900000,181574,坡道平面,23.05,2000000,,RPRNMLQJKIKGFCD97CB,國城?實,K棟3號,
新營區,房地(土地+建物)+車位,臺南市新營區金華路一段及三興街交叉口,26.75,住,,,1141124,土地2建物1車位1,九層,15,住宅大樓(11層含以上有電梯),住家用,鋼筋混凝土造,,170.84,3,2,2,有,無,14400000,90621,坡道平面,25.73,1250000,,RPSNMLQJKIKGFDD18CB,佳順 ? 大悅,B1棟1號,
新營區,房地(土地+建物)+車位,臺南市新營區金華路一段及三興街交叉口,16.46,住,,,1141124,土地2建物1車位1,三層,15,住宅大樓(11層含以上有電梯),住家用,鋼筋混凝土造,,115.01,2,2,2,有,無,8680000,81673,坡道平面,24.65,1300000,,RPTNMLQJKIKGFDD28CB,佳順 ? 大悅,C3棟1號,
新營區,房地(土地+建物)+車位,臺南市新營區金華路一段及三興街交叉口,26.75,住,,,1141117,土地2建物1車位1,四層,15,住宅大樓(11層含以上有電梯),住家用,鋼筋混凝土造,,170.84,3,2,2,有,無,13670000,84212,坡道平面,25.73,1450000,,RPPNMLRJKIKGFDD97CB,佳順 ? 大悅,B1棟1號,
新營區,房地(土地+建物)+車位,臺南市新營區金華路一段及三興街交叉口,26.75,住,,,1141117,土地2建物1車位1,五層,15,住宅大樓(11層含以上有電梯),住家用,鋼筋混凝土造,,170.84,3,2,2,有,無,14070000,86969,坡道平面,25.73,1450000,,RPQNMLRJKIKGFDD08CB,佳順 ? 大悅,B1棟1號,
新營區,房地(土地+建物)+車位,臺南市新營區金華路一段及三興街交叉口,26.07,住,,,1141124,土地2建物1車位1,五層,15,住宅大樓(11層含以上有電梯),住家用,鋼筋混凝土造,,166.16,3,2,2,有,無,13400000,85808,坡道平面,25.73,1350000,,RPRNMLRJKIKGFDD18CB,佳順 ? 大悅,D5棟1號,
永康區,房地(土地+建物)+車位,臺南市永康區永大二路永吉路,25.49,商,,,1141205,土地1建物1車位1,十一層,15,住宅大樓(11層含以上有電梯),住家用,鋼筋混凝土造,,234.58,4,2,3,有,無,25280000,115513,坡道平面,33.91,2100000,,RPPNMLSJKIKGFKD78CB,時代至上,A棟6號,
永康區,房地(土地+建物)+車位,臺南市永康區永大二路永吉路,12.27,商,,,1141118,土地1建物1車位1,十一層,15,住宅大樓(11層含以上有電梯),住家用,鋼筋混凝土造,,127.75,2,2,2,有,無,12580000,111606,坡道平面,31.16,1800000,,RPQNMLSJKIKGFKD88CB,時代至上,A棟8號,
安平區,房地(土地+建物)+車位,臺南市安平區怡平路140巷27弄與140巷交叉口,12.77,住,,,1141114,土地1建物1車位1,六層,13,住宅大樓(11層含以上有電梯),住家用,鋼筋混凝土造,,102.08,2,1,1,有,無,13350000,166106,坡道平面,33.75,2000000,,RPPNMLTJKIKGFAD87CB,虹韻,C棟6號,
白河區,房地(土地+建物)+車位,臺南市白河區富民路,108.05,住,,,1141126,土地4建物1車位1,全,3,透天厝,住家用,鋼筋混凝土造,,151.92,4,2,4,有,無,11100000,73065,一樓平面,0.0,0,停車位位於室內專有範圍內,RPPNMLTJKIKGFED28CB,廣晟森白舍,B棟B3號,
仁德區,房地(土地+建物)+車位,臺南市仁德區北保東路46巷,27.08,住,,,1141130,土地1建物1車位1,三層,15,住宅大樓(11層含以上有電梯),住家用,鋼筋混凝土造,,151.64,3,2,2,有,無,12200000,88181,坡道平面,32.0,1650000,,RPPNMLTJKIKGFID68CB,昕悅東城,B棟2號,
楠西區,房地(土地+建物),臺南市楠西區茄拔路52巷30號,97.7,住,,,1141115,土地1建物1車位0,全,3,透天厝,住家用,鋼筋混凝土造,,156.9,4,2,4,有,無,7680000,48948,,0.0,0,,RPPNMLTJKIKGFJD78CB,楠西帝寶2,B棟8號,
永康區,房地(土地+建物)+車位,臺南市永康區富強路二段,25.29,住,,,1141130,土地1建物1車位1,四層,5,華廈(10層含以下有電梯),見其他登記事項,鋼筋混凝土造,,80.42,2,2,2,有,無,8420000,99756,其他,6.54,1050000,,RPPNMLTJKIKGFKD88CB,安居樂業．永康富強,A棟4F-C1號,
永康區,房地(土地+建物)+車位,臺南市永康區永大二路永吉路,14.41,商,,,1141124,土地1建物1車位1,六層,15,住宅大樓(11層含以上有電梯),住家用,鋼筋混凝土造,,148.79,3,2,2,有,無,14480000,111807,坡道平面,35.38,1800000,親友、員工、共有人或其他特殊關係間之交易；,RPQNMLTJKIKGFKD98CB,時代至上,A棟6號,
安南區,房地(土地+建物)+車位,臺南市安南區鎮安六街108號旁,34.63,住,,,1141129,土地1建物1車位1,二層,5,華廈(10層含以下有電梯),住家用,鋼筋混凝土造,,97.29,2,2,2,有,無,11000000,113064,一樓平面,0.0,1550000,車位位於法定空地上約定專用，無所有權,RPPNMLKKKIKGFBD17CB,悠仁貴殿,A棟3號,
安南區,房地(土地+建物)+車位,臺南市安南區安佃街與安佃九街口,20.32,住,,,1141115,土地1建物1車位1,十五層,15,住宅大樓(11層含以上有電梯),住家用,鋼筋混凝土造,,121.16,2,1,2,有,無,10680000,94651,坡道平面,24.7,1550000,,RPQNMLKKKIKGFBD27CB,希望翼,A棟11號,
安南區,房地(土地+建物)+車位,臺南市安南區安佃街與安佃九街口,25.56,住,,,1141115,土地1建物1車位1,十五層,15,住宅大樓(11層含以上有電梯),住家用,鋼筋混凝土造,,146.06,2,2,2,有,無,12980000,94183,坡道平面,24.7,1550000,,RPRNMLKKKIKGFBD37CB,希望翼,A棟8號,
東區,房地(土地+建物),臺南市東區裕忠路與裕興街口,20.59,住,,,1141201,土地3建物1車位0,十一層,12,住宅大樓(11層含以上有電梯),住家用,鋼筋混凝土造,,82.82,2,2,2,有,無,15450000,186549,,0.0,0,,RPPNMLKKKIKGFCD27CB,宗大虎隱,A6棟11號,
東區,房地(土地+建物)+車位,臺南市東區仁和路62號一樓旁,14.06,住,,,1141201,土地6建物1車位1,九層,14,住宅大樓(11層含以上有電梯),住家用,鋼筋混凝土造,,116.75,2,2,2,有,無,14650000,140555,坡道平面,29.24,2350000,,RPQNMLKKKIKGFCD37CB,宏福悅,B棟B2-9F號,
東區,房地(土地+建物)+車位,臺南市東區仁和路62號一樓旁,11.28,住,,,1141201,土地6建物1車位1,八層,14,住宅大樓(11層含以上有電梯),住家用,鋼筋混凝土造,,99.45,1,2,1,有,無,12100000,143142,坡道平面,29.24,2050000,,RPRNMLKKKIKGFCD47CB,宏福悅,C棟C7-8F號,
善化區,房地(土地+建物)+車位,臺南市善化區興華路,21.19,住,,,1141207,土地1建物1車位1,七層,14,住宅大樓(11層含以上有電梯),住家用,鋼筋混凝土造,,147.77,3,2,2,有,無,16880000,129526,坡道平面,32.89,2000000,,RPQNMLKKKIKGFHD87CB,興華苑,1棟7A號,
善化區,房地(土地+建物)+車位,臺南市善化區興華路,19.07,住,,,1141207,土地1建物1車位1,七層,14,住宅大樓(11層含以上有電梯),住家用,鋼筋混凝土造,,136.26,2,2,2,有,無,15560000,132630,坡道平面,32.89,1850000,,RPRNMLKKKIKGFHD97CB,興華苑,1棟7D號,
歸仁區,房地(土地+建物)+車位,臺南市歸仁區高鐵十二路171號對面,30.63,住,,,1141125,土地1建物1車位1,五層,9,華廈(10層含以下有電梯),住家用,鋼筋混凝土造,,148.97,3,2,2,有,無,13080000,101180,坡道平面,32.05,1250000,,RPPNMLKKKIKGFID87CB,高鐵ONE,A棟A1-05F號,
仁德區,房地(土地+建物)+車位,臺南市仁德區仁義六街20巷,19.66,住,,,1141201,土地1建物1車位1,三層,15,住宅大樓(11層含以上有電梯),住家用,鋼筋混凝土造,,127.79,2,2,2,有,無,10450000,91876,坡道平面,30.92,1550000,,RPQNMLKKKIKGFID97CB,佳晟家仁,C6棟3F號,
仁德區,房地(土地+建物)+車位,臺南市仁德區仁義六街20巷,26.89,住,,,1141204,土地1建物1車位2,十二層,15,住宅大樓(11層含以上有電梯),住家用,鋼筋混凝土造,,194.42,3,2,2,有,無,16300000,98657,坡道平面,61.84,3220000,,RPRNMLKKKIKGFID08CB,佳晟家仁,A3棟12F號,
仁德區,房地(土地+建物)+車位,臺南市仁德區仁義六街20巷,19.62,住,,,1141204,土地1建物1車位1,一層,15,住宅大樓(11層含以上有電梯),住家用,鋼筋混凝土造,,127.79,2,2,2,有,無,10700000,93837,坡道平面,30.92,1610000,,RPSNMLKKKIKGFID18CB,佳晟家仁,C5棟1F號,
仁德區,房地(土地+建物)+車位,臺南市仁德區仁義六街20巷,23.56,住,,,1141204,土地1建物1車位1,二層,15,住宅大樓(11層含以上有電梯),住家用,鋼筋混凝土造,,147.08,3,2,2,有,無,12120000,90479,坡道平面,30.92,1610000,,RPTNMLKKKIKGFID28CB,佳晟家仁,C5棟2F號,
仁德區,房地(土地+建物)+車位,臺南市仁德區仁義六街20巷,19.66,住,,,1141204,土地1建物1車位1,二層,15,住宅大樓(11層含以上有電梯),住家用,鋼筋混凝土造,,127.79,2,2,2,有,無,10310000,89811,坡道平面,30.92,1610000,,RPUNMLKKKIKGFID38CB,佳晟家仁,C6棟2F號,
永康區,房地(土地+建物)+車位,臺南市永康區忠孝路與忠孝路76巷交叉口,10.77,商,,,1141128,土地1建物1車位1,八層,15,住宅大樓(11層含以上有電梯),住家用,鋼筋混凝土造,,93.5,3,2,2,有,無,11620000,130341,坡道機械,9.72,700000,,RPPNMLKKKIKGFKD08CB,聯上豐實,A棟3號,
永康區,房地(土地+建物)+車位,臺南市永康區忠孝路與忠孝路76巷交叉口,10.88,商,,,1141123,土地1建物1車位1,二層,15,住宅大樓(11層含以上有電梯),住家用,鋼筋混凝土造,,94.31,3,2,2,有,無,10530000,116208,坡道機械,9.72,700000,,RPQNMLKKKIKGFKD18CB,聯上豐實,E棟3號,
永康區,房地(土地+建物)+車位,臺南市永康區忠孝路與忠孝路76巷交叉口,15.11,商,,,1141130,土地1建物1車位1,十二層,15,住宅大樓(11層含以上有電梯),住家用,鋼筋混凝土造,,145.83,3,2,2,有,無,17750000,136893,坡道平面,28.22,1650000,,RPRNMLKKKIKGFKD28CB,聯上豐實,E棟6號,
東區,房地(土地+建物)+車位,臺南市東區後甲三街X平實二街,18.83,商,,,1141206,土地2建物1車位1,二十四層,24,住宅大樓(11層含以上有電梯),住家用,鋼筋混凝土造,,167.23,3,2,2,有,無,28360000,185583,坡道平面,25.73,2100000,,RPPNMLLKKIKGFCD37CB,國城?實,E棟5號,
東區,房地(土地+建物)+車位,臺南市東區後甲三街X平實二街,10.95,商,,,1141207,土地2建物1車位1,十二層,21,住宅大樓(11層含以上有電梯),住家用,鋼筋混凝土造,,107.79,2,2,2,有,無,16700000,179137,坡道平面,25.73,2000000,,RPQNMLLKKIKGFCD47CB,國城?實,I棟3號,
東區,房地(土地+建物)+車位,臺南市東區後甲三街X平實二街,17.76,商,,,1141207,土地2建物1車位1,十層,20,住宅大樓(11層含以上有電梯),住家用,鋼筋混凝土造,,158.74,3,2,2,有,無,24680000,169386,坡道平面,25.73,2150000,,RPRNMLLKKIKGFCD57CB,國城?實,K棟2號,
東區,房地(土地+建物)+車位,臺南市東區後甲三街X平實二街,16.43,商,,,1141207,土地2建物1車位1,十九層,20,住宅大樓(11層含以上有電梯),住家用,鋼筋混凝土造,,148.52,3,2,2,有,無,23850000,178353,坡道平面,25.73,1950000,,RPSNMLLKKIKGFCD67CB,國城?實,K棟6號,
永康區,房地(土地+建物)+車位,臺南市永康區永安路X平道路X平道二路,25.15,商,,,1141208,土地1建物1車位1,六層,15,住宅大樓(11層含以上有電梯),住家用,鋼筋混凝土造,,173.55,4,2,2,有,無,19500000,119376,坡道平面,24.86,1750000,,RPPNMLLKKIKGFKD18CB,勝美AI,B2棟6號,
永康區,房地(土地+建物)+車位,臺南市永康區永安路X平道路X平道二路,14.14,商,,,1141203,土地1建物1車位1,十二層,15,住宅大樓(11層含以上有電梯),住家用,鋼筋混凝土造,,111.12,2,2,1,有,無,13240000,134047,坡道平面,26.15,1850000,,RPQNMLLKKIKGFKD28CB,勝美AI,A6棟12號,
關廟區,房地(土地+建物)+車位,臺南市關廟區中山路二段172號對面,38.69,住,,,1141129,土地2建物1車位2,七層,14,住宅大樓(11層含以上有電梯),住商用,鋼筋混凝土造,,227.11,3,2,2,有,無,17150000,87905,坡道平面,66.14,3000000,,RPPNMLLKKIKGFID08DB,臺邦第一景II,A棟1號,
西港區,房地(土地+建物)+車位,臺南市西港區溪埔寮社區,27.04,,鄉村區,乙種建築用地,1141113,土地1建物1車位1,三層,6,華廈(10層含以下有電梯),住家用,鋼筋混凝土造,,119.8,3,2,2,有,無,12431000,106437,一樓平面,18.98,1700000,本戶為裝潢戶。交易總價含下列非屬預售屋價格之費用:裝潢費；傢俱設備費；,RPPNMLMKKIKGFGD87CB,帝邦L'ART,D棟1號,
安南區,房地(土地+建物)+車位,臺南市安南區宜居二路,22.61,住,,,1141115,土地1建物1車位1,五層,24,住宅大樓(11層含以上有電梯),住家用,鋼筋混凝土造,,157.68,3,2,2,有,無,16950000,111730,坡道平面,22.98,1900000,,RPPNMLNKKIKGFBD47CB,皇龍天韻,A棟1號,
官田區,房地(土地+建物)+車位,臺南市官田區大同街34號旁,41.65,住,,,1141115,土地1建物1車位1,五層,5,華廈(10層含以下有電梯),住家用,鋼筋混凝土造,,103.77,2,2,2,有,無,7080000,69685,一樓平面,16.52,1000000,,RPPNMLNKKIKGFFD87CB,佳定-佳璽成佳,A2棟5號,
安南區,房地(土地+建物)+車位,臺南市安南區宜居二路,16.4,住,,,1141118,土地1建物1車位1,十層,24,住宅大樓(11層含以上有電梯),住家用,鋼筋混凝土造,,117.68,2,2,1,有,無,13120000,116900,坡道平面,19.99,1700000,,RPPNMLOKKIKGFBD57CB,皇龍天韻,B棟3號,
安南區,房地(土地+建物)+車位,臺南市安南區宜居二路,22.61,住,,,1141120,土地1建物1車位1,六層,24,住宅大樓(11層含以上有電梯),住家用,鋼筋混凝土造,,157.68,3,2,2,有,無,17160000,113289,坡道平面,22.98,1900000,,RPQNMLOKKIKGFBD67CB,皇龍天韻,A棟1號,
安南區,房地(土地+建物)+車位,臺南市安南區宜居二路,22.78,住,,,1141122,土地1建物1車位2,十一層,24,住宅大樓(11層含以上有電梯),住家用,鋼筋混凝土造,,174.2,3,2,2,有,無,19000000,117643,坡道平面,38.62,3050000,,RPRNMLOKKIKGFBD77CB,皇龍天韻,A棟3號,
東區,房地(土地+建物)+車位,臺南市東區後甲三街X平實二街,17.9,商,,,1141115,土地2建物1車位1,十一層,21,住宅大樓(11層含以上有電梯),住家用,鋼筋混凝土造,,159.86,3,2,2,有,無,25070000,172370,坡道平面,25.73,1950000,,RPPNMLOKKIKGFCD67CB,國城?實,H棟1號,
新營區,房地(土地+建物)+車位,臺南市新營區金華路一段及三興街交叉口,26.75,住,,,1141117,土地2建物1車位2,七層,15,住宅大樓(11層含以上有電梯),住家用,鋼筋混凝土造,,195.7,3,2,2,有,無,15410000,88117,坡道平面,51.46,2700000,本戶共買兩個車位車位合併計價,RPPNMLOKKIKGFDD77CB,佳順 ? 大悅,B6棟1號,
新營區,房地(土地+建物)+車位,臺南市新營區金華路一段及三興街交叉口,17.15,住,,,1141124,土地2建物1車位1,十五層,15,住宅大樓(11層含以上有電梯),住家用,鋼筋混凝土造,,118.09,2,2,2,有,無,9180000,85860,坡道平面,25.73,1250000,,RPQNMLOKKIKGFDD87CB,佳順 ? 大悅,D3棟1號,
新化區,房地(土地+建物),臺南市新化區唪口68號旁,22.99,,鄉村區,乙種建築用地,1141214,土地3建物1車位0,四層,8,華廈(10層含以下有電梯),見其他登記事項,鋼筋混凝土造,,73.73,2,2,1,有,無,5860000,79479,,0.0,0,,RPPNMLOKKIKGFHD18CB,永鄰6,4F-D號,
北區,房地(土地+建物)+車位,臺南市北區和緯路三段和文賢三街口,22.76,住,,,1141124,土地2建物1車位1,十六層,23,住宅大樓(11層含以上有電梯),住家用,鋼筋混凝土造,,180.93,3,2,2,有,無,28360000,177241,坡道平面,31.36,1850000,,RPPNMLQKKIKGFAD67CB,國泰原美,A棟A6-16F號,
北區,房地(土地+建物)+車位,臺南市北區和緯路三段和文賢三街口,22.68,住,,,1141123,土地2建物1車位1,九層,23,住宅大樓(11層含以上有電梯),住家用,鋼筋混凝土造,,179.95,3,2,2,有,無,27370000,172421,坡道平面,31.36,1750000,,RPQNMLQKKIKGFAD77CB,國泰原美,A棟A5-09F號,
北區,房地(土地+建物)+車位,臺南市北區和緯路三段和文賢三街口,29.02,住,,,1141122,土地2建物1車位2,五層,23,住宅大樓(11層含以上有電梯),住家用,鋼筋混凝土造,,253.24,3,2,2,有,無,36100000,168749,坡道平面,62.72,3950000,,RPRNMLQKKIKGFAD87CB,國泰原美,A棟A1-05F號,
北區,房地(土地+建物)+車位,臺南市北區和緯路三段和文賢三街口,25.11,住,,,1141126,土地2建物1車位2,十八層,23,住宅大樓(11層含以上有電梯),住家用,鋼筋混凝土造,,227.38,3,2,2,有,無,32770000,176849,坡道平面,62.72,3650000,,RPSNMLQKKIKGFAD97CB,國泰原美,A棟A3-18F號,
北區,房地(土地+建物)+車位,臺南市北區和緯路三段和文賢三街口,29.02,住,,,1141124,土地2建物1車位2,十六層,23,住宅大樓(11層含以上有電梯),住家用,鋼筋混凝土造,,253.24,3,2,2,有,無,37730000,176254,坡道平面,62.72,4150000,,RPTNMLQKKIKGFAD08CB,國泰原美,A棟A2-16F號,
北區,房地(土地+建物)+車位,臺南市北區和緯路三段和文賢三街口,29.02,住,,,1141124,土地2建物1車位2,十三層,23,住宅大樓(11層含以上有電梯),住家用,鋼筋混凝土造,,253.24,3,2,2,有,無,37210000,173788,坡道平面,62.72,4100000,,RPUNMLQKKIKGFAD18CB,國泰原美,A棟A1-13F號,
北區,房地(土地+建物)+車位,臺南市北區和緯路三段和文賢三街口,22.76,住,,,1141124,土地2建物1車位1,十七層,23,住宅大樓(11層含以上有電梯),住家用,鋼筋混凝土造,,180.93,3,2,2,有,無,28500000,177843,坡道平面,31.36,1900000,,RPVNMLQKKIKGFAD28CB,國泰原美,A棟A6-17F號,
北區,房地(土地+建物)+車位,臺南市北區和緯路三段和文賢三街口,29.02,住,,,1141122,土地2建物1車位2,十二層,23,住宅大樓(11層含以上有電梯),住家用,鋼筋混凝土造,,253.24,3,2,2,有,無,37000000,172948,坡道平面,62.72,4050000,,RPWNMLQKKIKGFAD38CB,國泰原美,A棟A1-12F號,
北區,房地(土地+建物)+車位,臺南市北區和緯路三段和文賢三街口,29.02,住,,,1141121,土地2建物1車位2,十五層,23,住宅大樓(11層含以上有電梯),住家用,鋼筋混凝土造,,253.24,3,2,2,有,無,37720000,175677,坡道平面,62.72,4250000,,RPXNMLQKKIKGFAD48CB,國泰原美,A棟A2-15F號,
北區,房地(土地+建物)+車位,臺南市北區和緯路三段和文賢三街口,29.02,住,,,1141124,土地2建物1車位2,八層,23,住宅大樓(11層含以上有電梯),住家用,鋼筋混凝土造,,253.24,3,2,2,有,無,36490000,170796,坡道平面,62.72,3950000,,RPOOMLQKKIKGFAD67CB,國泰原美,A棟A1-08F號,
北區,房地(土地+建物)+車位,臺南市北區和緯路三段和文賢三街口,28.06,住,,,1141127,土地2建物1車位1,一層,23,店面(店鋪),商業用,鋼筋混凝土造,,193.43,0,0,1,有,無,47360000,278645,坡道平面,31.36,2200000,,RPPOMLQKKIKGFAD77CB,國泰原美,S棟S1-01F號,
北區,房地(土地+建物)+車位,臺南市北區和緯路三段和文賢三街口,22.68,住,,,1141126,土地2建物1車位1,十六層,23,住宅大樓(11層含以上有電梯),住家用,鋼筋混凝土造,,179.95,3,2,2,有,無,28250000,176661,坡道平面,31.36,2000000,,RPQOMLQKKIKGFAD87CB,國泰原美,A棟A5-16F號,
北區,房地(土地+建物)+車位,臺南市北區和緯路三段和文賢三街口,29.02,住,,,1141127,土地2建物1車位2,十三層,23,住宅大樓(11層含以上有電梯),住家用,鋼筋混凝土造,,253.24,3,2,2,有,無,37300000,174260,坡道平面,62.72,4100000,,RPROMLQKKIKGFAD97CB,國泰原美,A棟A2-13F號,
北區,房地(土地+建物)+車位,臺南市北區和緯路三段和文賢三街口,22.68,住,,,1141126,土地2建物1車位1,十五層,23,住宅大樓(11層含以上有電梯),住家用,鋼筋混凝土造,,179.95,3,2,2,有,無,28060000,176055,坡道平面,31.36,1900000,,RPSOMLQKKIKGFAD08CB,國泰原美,A棟A5-15F號,
北區,房地(土地+建物)+車位,臺南市北區和緯路三段和文賢三街口,29.02,住,,,1141127,土地2建物1車位2,二十一層,23,住宅大樓(11層含以上有電梯),住家用,鋼筋混凝土造,,253.24,3,2,2,有,無,38590000,180506,坡道平面,62.72,4200000,,RPTOMLQKKIKGFAD18CB,國泰原美,A棟A1-21F號,
北區,房地(土地+建物)+車位,臺南市北區和緯路三段和文賢三街口,29.02,住,,,1141127,土地2建物1車位2,二十一層,23,住宅大樓(11層含以上有電梯),住家用,鋼筋混凝土造,,253.24,3,2,2,有,無,38780000,181241,坡道平面,62.72,4250000,,RPUOMLQKKIKGFAD28CB,國泰原美,A棟A2-21F號,
北區,房地(土地+建物)+車位,臺南市北區和緯路三段和文賢三街口,29.02,住,,,1141126,土地2建物1車位2,七層,23,住宅大樓(11層含以上有電梯),住家用,鋼筋混凝土造,,253.24,3,2,2,有,無,36480000,170218,坡道平面,62.72,4050000,,RPVOMLQKKIKGFAD38CB,國泰原美,A棟A1-07F號,
北區,房地(土地+建物)+車位,臺南市北區和緯路三段和文賢三街口,25.02,住,,,1141127,土地2建物1車位2,十七層,23,住宅大樓(11層含以上有電梯),住家用,鋼筋混凝土造,,226.99,3,2,2,有,無,32610000,176295,坡道平面,62.72,3650000,,RPWOMLQKKIKGFAD48CB,國泰原美,A棟A3-17F號,
北區,房地(土地+建物)+車位,臺南市北區和緯路三段和文賢三街口,22.68,住,,,1141127,土地2建物1車位1,六層,23,住宅大樓(11層含以上有電梯),住家用,鋼筋混凝土造,,179.95,3,2,2,有,無,25750000,161518,坡道平面,31.36,1750000,,RPXOMLQKKIKGFAD58CB,國泰原美,A棟A5-06F號,
北區,房地(土地+建物)+車位,臺南市北區和緯路三段和文賢三街口,22.68,住,,,1141126,土地2建物1車位1,二十三層,23,住宅大樓(11層含以上有電梯),住家用,鋼筋混凝土造,,180.41,3,2,2,有,無,28820000,179604,坡道平面,31.36,2050000,,RPOPMLQKKIKGFAD77CB,國泰原美,A棟A4-23F號,
北區,房地(土地+建物)+車位,臺南市北區和緯路三段和文賢三街口,29.02,住,,,1141128,土地2建物1車位2,十層,23,住宅大樓(11層含以上有電梯),住家用,鋼筋混凝土造,,253.24,3,2,2,有,無,37150000,172685,坡道平面,62.72,4250000,,RPPPMLQKKIKGFAD87CB,國泰原美,A棟A2-10F號,
北區,房地(土地+建物)+車位,臺南市北區和緯路三段和文賢三街口,25.02,住,,,1141130,土地2建物1車位1,七層,23,住宅大樓(11層含以上有電梯),住家用,鋼筋混凝土造,,195.63,3,2,2,有,無,28590000,162476,坡道平面,31.36,1900000,,RPQPMLQKKIKGFAD97CB,國泰原美,A棟A3-07F號,
北區,房地(土地+建物)+車位,臺南市北區和緯路三段和文賢三街口,25.11,住,,,1141130,土地2建物1車位1,六層,23,住宅大樓(11層含以上有電梯),住家用,鋼筋混凝土造,,196.02,3,2,2,有,無,28560000,161909,坡道平面,31.36,1900000,,RPRPMLQKKIKGFAD08CB,國泰原美,A棟A3-06F號,
北區,房地(土地+建物)+車位,臺南市北區和緯路三段和文賢三街口,22.68,住,,,1141129,土地2建物1車位1,八層,23,住宅大樓(11層含以上有電梯),住家用,鋼筋混凝土造,,180.41,3,2,2,有,無,26780000,167930,坡道平面,31.36,1750000,,RPSPMLQKKIKGFAD18CB,國泰原美,A棟A4-08F號,
北區,房地(土地+建物)+車位,臺南市北區和緯路三段和文賢三街口,29.02,住,,,1141130,土地2建物1車位2,九層,23,住宅大樓(11層含以上有電梯),住家用,鋼筋混凝土造,,253.24,3,2,2,有,無,36600000,171373,坡道平面,62.72,3950000,,RPTPMLQKKIKGFAD28CB,國泰原美,A棟A1-09F號,
北區,房地(土地+建物)+車位,臺南市北區和緯路三段和文賢三街口,29.02,住,,,1141128,土地2建物1車位2,十八層,23,住宅大樓(11層含以上有電梯),住家用,鋼筋混凝土造,,253.24,3,2,2,有,無,37800000,176622,坡道平面,62.72,4150000,,RPUPMLQKKIKGFAD38CB,國泰原美,A棟A1-18F號,
北區,房地(土地+建物)+車位,臺南市北區和緯路三段和文賢三街口,25.11,住,,,1141128,土地2建物1車位1,十層,23,住宅大樓(11層含以上有電梯),住家用,鋼筋混凝土造,,196.02,3,2,2,有,無,30440000,172112,坡道平面,31.36,2100000,,RPVPMLQKKIKGFAD48CB,國泰原美,A棟A3-10F號,
北區,房地(土地+建物)+車位,臺南市北區和緯路三段和文賢三街口,25.02,住,,,1141129,土地2建物1車位1,九層,23,住宅大樓(11層含以上有電梯),住家用,鋼筋混凝土造,,195.63,3,2,2,有,無,29280000,166677,坡道平面,31.36,1900000,,RPWPMLQKKIKGFAD58CB,國泰原美,A棟A3-09F號,
北區,房地(土地+建物)+車位,臺南市北區和緯路三段和文賢三街口,22.68,住,,,1141129,土地2建物1車位1,七層,23,住宅大樓(11層含以上有電梯),住家用,鋼筋混凝土造,,179.95,3,2,2,有,無,26290000,165152,坡道平面,31.36,1750000,,RPXPMLQKKIKGFAD68CB,國泰原美,A棟A5-07F號,
北區,房地(土地+建物)+車位,臺南市北區和緯路三段和文賢三街口,29.02,住,,,1141129,土地2建物1車位1,八層,23,住宅大樓(11層含以上有電梯),住家用,鋼筋混凝土造,,221.88,3,2,2,有,無,34600000,171111,坡道平面,31.36,2000000,,RPOQMLQKKIKGFAD87CB,國泰原美,A棟A2-08F號,
北區,房地(土地+建物)+車位,臺南市北區和緯路三段和文賢三街口,25.02,住,,,1141202,土地2建物1車位1,十一層,23,住宅大樓(11層含以上有電梯),住家用,鋼筋混凝土造,,195.63,3,2,2,有,無,30500000,172582,坡道平面,31.36,2150000,,RPPQMLQKKIKGFAD97CB,國泰原美,A棟A3-11F號,
北區,房地(土地+建物)+車位,臺南市北區和緯路三段和文賢三街口,25.11,住,,,1141203,土地2建物1車位1,二十層,23,住宅大樓(11層含以上有電梯),住家用,鋼筋混凝土造,,196.02,3,2,2,有,無,31860000,179825,坡道平面,31.36,2250000,,RPQQMLQKKIKGFAD08CB,國泰原美,A棟A3-20F號,
北區,房地(土地+建物)+車位,臺南市北區和緯路三段和文賢三街口,22.76,住,,,1141202,土地2建物1車位2,二十二層,23,住宅大樓(11層含以上有電梯),住家用,鋼筋混凝土造,,212.29,3,2,2,有,無,31550000,183192,坡道平面,62.72,4150000,,RPRQMLQKKIKGFAD18CB,國泰原美,A棟A6-22F號,
北區,房地(土地+建物)+車位,臺南市北區和緯路三段和文賢三街口,29.02,住,,,1141203,土地2建物1車位1,二十層,23,住宅大樓(11層含以上有電梯),住家用,鋼筋混凝土造,,221.88,3,2,2,有,無,36410000,179561,坡道平面,31.36,2200000,,RPSQMLQKKIKGFAD28CB,國泰原美,A棟A1-20F號,
北區,房地(土地+建物)+車位,臺南市北區和緯路三段和文賢三街口,22.68,住,,,1141204,土地2建物1車位1,六層,23,住宅大樓(11層含以上有電梯),住家用,鋼筋混凝土造,,180.41,3,2,2,有,無,26700000,166723,坡道平面,31.36,1850000,,RPTQMLQKKIKGFAD38CB,國泰原美,A棟A4-06F號,
北區,房地(土地+建物)+車位,臺南市北區和緯路三段和文賢三街口,29.02,住,,,1141203,土地2建物1車位2,二十層,23,住宅大樓(11層含以上有電梯),住家用,鋼筋混凝土造,,253.24,3,2,2,有,無,38690000,180244,坡道平面,62.72,4350000,,RPUQMLQKKIKGFAD48CB,國泰原美,A棟A2-20F號,
北區,房地(土地+建物)+車位,臺南市北區和緯路三段和文賢三街口,25.02,住,,,1141130,土地2建物1車位1,二十一層,23,住宅大樓(11層含以上有電梯),住家用,鋼筋混凝土造,,195.63,3,2,2,有,無,31680000,180678,坡道平面,31.36,2000000,,RPVQMLQKKIKGFAD58CB,國泰原美,A棟A3-21F號,
北區,房地(土地+建物)+車位,臺南市北區和緯路三段和文賢三街口,22.68,住,,,1141202,土地2建物1車位1,二十二層,23,住宅大樓(11層含以上有電梯),住家用,鋼筋混凝土造,,179.95,3,2,2,有,無,29130000,182583,坡道平面,31.36,2000000,,RPWQMLQKKIKGFAD68CB,國泰原美,A棟A5-22F號,
北區,房地(土地+建物)+車位,臺南市北區和緯路三段和文賢三街口,22.68,住,,,1141204,土地2建物1車位1,五層,23,住宅大樓(11層含以上有電梯),住家用,鋼筋混凝土造,,179.95,3,2,2,有,無,25800000,160845,坡道平面,31.36,1900000,,RPXQMLQKKIKGFAD78CB,國泰原美,A棟A5-05F號,
北區,房地(土地+建物)+車位,臺南市北區和緯路三段和文賢三街口,22.76,住,,,1141130,土地2建物1車位1,十一層,23,住宅大樓(11層含以上有電梯),住家用,鋼筋混凝土造,,180.93,3,2,2,有,無,27810000,174233,坡道平面,31.36,1750000,,RPORMLQKKIKGFAD97CB,國泰原美,A棟A6-11F號,
北區,房地(土地+建物)+車位,臺南市北區和緯路三段和文賢三街口,22.68,住,,,1141204,土地2建物1車位1,十二層,23,住宅大樓(11層含以上有電梯),住家用,鋼筋混凝土造,,179.95,3,2,2,有,無,27860000,174036,坡道平面,31.36,2000000,,RPPRMLQKKIKGFAD08CB,國泰原美,A棟A5-12F號,
北區,房地(土地+建物)+車位,臺南市北區和緯路三段和文賢三街口,29.02,住,,,1141206,土地2建物1車位2,十一層,23,住宅大樓(11層含以上有電梯),住家用,鋼筋混凝土造,,253.24,3,2,2,有,無,36960000,173263,坡道平面,62.72,3950000,,RPQRMLQKKIKGFAD18CB,國泰原美,A棟A2-11F號,
北區,房地(土地+建物)+車位,臺南市北區和緯路三段和文賢三街口,25.11,住,,,1141207,土地2建物1車位1,十二層,23,住宅大樓(11層含以上有電梯),住家用,鋼筋混凝土造,,196.02,3,2,2,有,無,30690000,173327,坡道平面,31.36,2150000,,RPRRMLQKKIKGFAD28CB,國泰原美,A棟A3-12F號,
北區,房地(土地+建物)+車位,臺南市北區和緯路三段和文賢三街口,22.76,住,,,1141205,土地2建物1車位1,二十一層,23,住宅大樓(11層含以上有電梯),住家用,鋼筋混凝土造,,180.93,3,2,2,有,無,29200000,182189,坡道平面,31.36,1950000,,RPSRMLQKKIKGFAD38CB,國泰原美,A棟A6-21F號,
北區,房地(土地+建物)+車位,臺南市北區和緯路三段和文賢三街口,29.02,住,,,1141205,土地2建物1車位2,十八層,23,住宅大樓(11層含以上有電梯),住家用,鋼筋混凝土造,,253.24,3,2,2,有,無,37760000,177462,坡道平面,62.72,3950000,,RPTRMLQKKIKGFAD48CB,國泰原美,A棟A2-18F號,
北區,房地(土地+建物)+車位,臺南市北區和緯路三段和文賢三街口,22.68,住,,,1141206,土地2建物1車位1,八層,23,住宅大樓(11層含以上有電梯),住家用,鋼筋混凝土造,,179.95,3,2,2,有,無,26830000,168787,坡道平面,31.36,1750000,,RPURMLQKKIKGFAD58CB,國泰原美,A棟A5-08F號,
北區,房地(土地+建物)+車位,臺南市北區和緯路三段和文賢三街口,22.76,住,,,1141204,土地2建物1車位1,十二層,23,住宅大樓(11層含以上有電梯),住家用,鋼筋混凝土造,,180.93,3,2,2,有,無,28000000,174500,坡道平面,31.36,1900000,,RPVRMLQKKIKGFAD68CB,國泰原美,A棟A6-12F號,
北區,房地(土地+建物)+車位,臺南市北區和緯路三段和文賢三街口,29.02,住,,,1141206,土地2建物1車位2,十二層,23,住宅大樓(11層含以上有電梯),住家用,鋼筋混凝土造,,253.24,3,2,2,有,無,37250000,173735,坡道平面,62.72,4150000,,RPWRMLQKKIKGFAD78CB,國泰原美,A棟A2-12F號,
北區,房地(土地+建物)+車位,臺南市北區和緯路三段和文賢三街口,22.76,住,,,1141206,土地2建物1車位1,五層,23,住宅大樓(11層含以上有電梯),住家用,鋼筋混凝土造,,180.93,3,2,2,有,無,25810000,161530,坡道平面,31.36,1650000,,RPXRMLQKKIKGFAD88CB,國泰原美,A棟A6-05F號,
北區,房地(土地+建物)+車位,臺南市北區和緯路三段和文賢三街口,22.68,住,,,1141205,土地2建物1車位1,九層,23,住宅大樓(11層含以上有電梯),住家用,鋼筋混凝土造,,180.41,3,2,2,有,無,26920000,168534,坡道平面,31.36,1800000,,RPOSMLQKKIKGFAD08CB,國泰原美,A棟A4-09F號,
北區,房地(土地+建物)+車位,臺南市北區和緯路三段和文賢三街口,25.02,住,,,1141208,土地2建物1車位1,十九層,23,住宅大樓(11層含以上有電梯),住家用,鋼筋混凝土造,,195.63,3,2,2,有,無,31350000,177452,坡道平面,31.36,2200000,,RPPSMLQKKIKGFAD18CB,國泰原美,A棟A3-19F號,
北區,房地(土地+建物)+車位,臺南市北區和緯路三段和文賢三街口,22.68,住,,,1141210,土地2建物1車位1,十層,23,住宅大樓(11層含以上有電梯),住家用,鋼筋混凝土造,,179.95,3,2,2,有,無,27600000,172959,坡道平面,31.36,1900000,,RPQSMLQKKIKGFAD28CB,國泰原美,A棟A5-10F號,
北區,房地(土地+建物)+車位,臺南市北區和緯路三段和文賢三街口,25.02,住,,,1141208,土地2建物1車位1,十五層,23,住宅大樓(11層含以上有電梯),住家用,鋼筋混凝土造,,195.63,3,2,2,有,無,30880000,174895,坡道平面,31.36,2150000,,RPRSMLQKKIKGFAD38CB,國泰原美,A棟A3-15F號,
北區,房地(土地+建物)+車位,臺南市北區和緯路三段和文賢三街口,24.94,住,,,1141207,土地2建物1車位1,一層,23,店面(店鋪),商業用,鋼筋混凝土造,,176.67,0,0,1,有,無,40850000,266671,坡道平面,31.36,2100000,,RPSSMLQKKIKGFAD48CB,國泰原美,S棟S2-01F號,
北區,房地(土地+建物)+車位,臺南市北區和緯路三段和文賢三街口,37.8,住,,,1141210,土地2建物1車位1,一層,23,店面(店鋪),商業用,鋼筋混凝土造,,251.89,0,0,1,有,無,66300000,290663,坡道平面,31.36,2200000,,RPTSMLQKKIKGFAD58CB,國泰原美,S棟S3-01F號,
北區,房地(土地+建物)+車位,臺南市北區和緯路三段和文賢三街口,29.98,住,,,1141210,土地2建物1車位1,一層,23,店面(店鋪),商業用,鋼筋混凝土造,,204.72,0,0,1,有,無,46250000,254384,坡道平面,31.36,2150000,,RPUSMLQKKIKGFAD68CB,國泰原美,S棟S4-01F號,
北區,房地(土地+建物)+車位,臺南市北區和緯路三段和文賢三街口,25.11,住,,,1141211,土地2建物1車位2,二十二層,23,住宅大樓(11層含以上有電梯),住家用,鋼筋混凝土造,,227.38,3,2,2,有,無,34020000,183226,坡道平面,62.72,3850000,,RPVSMLQKKIKGFAD78CB,國泰原美,A棟A3-22F號,
北區,房地(土地+建物)+車位,臺南市北區北華街,77.86,商,,,1141215,土地2建物1車位0,全,3,透天厝,住商用,鋼筋混凝土造,,169.91,4,1,2,有,無,26000000,153022,,0.0,0,,RPXSMLQKKIKGFAD98CB,城之樹,S3棟0號,
安南區,房地(土地+建物)+車位,臺南市安南區館前一路與館前南路交叉口,12.71,商,,,1141209,土地2建物1車位1,十八層,26,住宅大樓(11層含以上有電梯),住家用,鋼筋混凝土造,,127.59,3,2,2,有,無,14680000,119486,坡道平面,21.05,1950000,,RPPNMLQKKIKGFBD77CB,南科卓越城,B棟B12-18F號,
仁德區,房地(土地+建物)+車位,臺南市仁德區北保東路46巷,17.95,住,,,1141207,土地1建物1車位1,一層,15,店面(店鋪),住商用,鋼筋混凝土造,,111.03,0,1,1,有,無,11350000,124004,坡道平面,32.0,1550000,,RPPNMLQKKIKGFID48CB,昕悅東城,A棟S6號,
永康區,房地(土地+建物)+車位,臺南市永康區忠孝路與忠孝路76巷交叉口,16.6,商,,,1141209,土地1建物1車位1,八層,15,住宅大樓(11層含以上有電梯),住家用,鋼筋混凝土造,,154.72,3,2,2,有,無,18850000,130620,坡道平面,25.72,2000000,,RPPNMLQKKIKGFKD68CB,聯上豐實,E棟1號,
永康區,房地(土地+建物)+車位,臺南市永康區復國路,41.14,住,,,1141216,土地1建物1車位1,五層,5,華廈(10層含以下有電梯),住家用,鋼筋混凝土造,,127.74,3,2,2,有,無,13600000,109144,一樓平面,21.0,1950000,,RPQNMLQKKIKGFKD78CB,春福平蒔舒活區,B棟0號,
鹽水區,房地(土地+建物),臺南市鹽水區蔦松路201巷,133.0,,特定農業區,甲種建築用地,1141216,土地2建物1車位0,全,4,透天厝,住家用,鋼筋混凝土造,,181.82,4,2,5,有,無,12500000,68749,,0.0,0,,RPPNMLRKKIKGFDD08CB,仙盈大鎮 第二期,Z棟3號,
安南區,房地(土地+建物)+車位,臺南市安南區九份子大道與樂活路口,28.52,住,,,1141123,土地1建物1車位2,一層,24,店面(店鋪),商業用,鋼筋混凝土造,,173.05,0,0,0,無,無,34680000,229851,其他,42.4,4650000,樓高7.5米各樓層竣工實際高度仍依已使用執照之標示為準,RPPNMLTKKIKGFBD08CB,?讀耶魯,S棟13號,
安南區,房地(土地+建物)+車位,臺南市安南區九份子大道與樂活路口,37.25,住,,,1141123,土地1建物1車位2,一層,24,店面(店鋪),商業用,鋼筋混凝土造,,213.07,0,0,0,無,無,44480000,233374,其他,42.4,4650000,樓高7.5米各樓層竣工實際高度仍以使用執照之標示為準,RPQNMLTKKIKGFBD18CB,?讀耶魯,S棟15號,
安南區,房地(土地+建物)+車位,臺南市安南區九份子大道與樂活路口,7.87,住,,,1141205,土地1建物1車位1,十八層,24,住宅大樓(11層含以上有電梯),住家用,鋼筋混凝土造,,101.82,2,2,1,有,無,11000000,108472,坡道平面,19.31,2050000,,RPRNMLTKKIKGFBD28CB,?讀耶魯,A棟03號,
安南區,房地(土地+建物)+車位,臺南市安南區九份子大道與樂活路口,8.37,住,,,1141205,土地1建物1車位1,二十三層,24,住宅大樓(11層含以上有電梯),住家用,鋼筋混凝土造,,107.88,2,2,1,有,無,12620000,119341,坡道平面,19.31,2050000,,RPSNMLTKKIKGFBD38CB,?讀耶魯,A棟06號,
安南區,房地(土地+建物)+車位,臺南市安南區九份子大道與樂活路口,11.48,住,,,1141205,土地1建物1車位1,六層,24,住宅大樓(11層含以上有電梯),住家用,鋼筋混凝土造,,140.52,3,2,2,有,無,16500000,118390,坡道平面,19.31,2150000,,RPTNMLTKKIKGFBD48CB,?讀耶魯,D棟09號,
安南區,房地(土地+建物)+車位,臺南市安南區九份子大道與樂活路口,8.23,住,,,1141205,土地1建物1車位1,十八層,24,住宅大樓(11層含以上有電梯),住家用,鋼筋混凝土造,,106.07,2,2,1,有,無,12270000,117220,坡道平面,19.31,2100000,,RPUNMLTKKIKGFBD58CB,?讀耶魯,D棟08號,
西港區,房地(土地+建物)+車位,臺南市西港區溪埔寮社區,30.93,,鄉村區,乙種建築用地,1141122,土地1建物1車位2,五層,7,華廈(10層含以下有電梯),住家用,鋼筋混凝土造,,153.27,3,2,2,有,無,16000000,109271,一樓平面,37.96,3400000,,RPPNMLTKKIKGFGD58CB,帝邦L'ART,A棟3號,
永康區,房地(土地+建物)+車位,臺南市永康區復國一路529號旁,27.09,住,,,1141204,土地1建物1車位1,三層,15,住宅大樓(11層含以上有電梯),住家用,鋼筋混凝土造,,157.36,3,2,2,有,無,15600000,107680,坡道平面,30.41,1930000,,RPPNMLTKKIKGFKD98CB,佳晟家和,A2棟0號,
西港區,房地(土地+建物),臺南市西港區溪埔寮社區,23.08,,鄉村區,乙種建築用地,1141213,土地1建物1車位0,五層,6,華廈(10層含以下有電梯),住家用,鋼筋混凝土造,,86.04,2,2,2,有,無,8880000,103208,,0.0,0,,RPPNMLKLKIKGFGD77CB,帝邦L'ART,B棟5號,
善化區,房地(土地+建物)+車位,臺南市善化區龍目井路與陽光三路交叉口,20.59,住,,,1141202,土地1建物1車位1,十一層,15,住宅大樓(11層含以上有電梯),住家用,鋼筋混凝土造,,121.99,2,2,1,有,無,11780000,105578,坡道平面,28.41,1900000,,RPPNMLKLKIKGFHD87CB,佳鋐科匯,A5棟0號,
善化區,房地(土地+建物)+車位,臺南市善化區龍目井路與陽光三路交叉口,20.59,住,,,1141215,土地1建物1車位1,六層,15,住宅大樓(11層含以上有電梯),住家用,鋼筋混凝土造,,120.89,2,2,1,有,無,11380000,103441,坡道平面,27.31,1700000,,RPQNMLKLKIKGFHD97CB,佳鋐科匯,A5棟0號,
善化區,房地(土地+建物)+車位,臺南市善化區龍目井路與陽光三路交叉口,26.08,住,,,1141209,土地1建物1車位1,七層,15,住宅大樓(11層含以上有電梯),住家用,鋼筋混凝土造,,145.99,3,2,2,有,無,14520000,107331,坡道平面,28.41,1900000,,RPRNMLKLKIKGFHD08CB,佳鋐科匯,B1棟0號,
仁德區,房地(土地+建物)+車位,臺南市仁德區德崙路138巷,30.41,住,,,1141129,土地1建物1車位1,六層,14,住宅大樓(11層含以上有電梯),住家用,鋼筋混凝土造,,147.86,3,2,2,有,無,14650000,105322,坡道平面,23.48,1550000,,RPPNMLKLKIKGFID97CB,森NEX-伊水,A棟2號,
仁德區,房地(土地+建物)+車位,臺南市仁德區德崙路138巷,30.41,住,,,1141214,土地1建物1車位1,五層,14,住宅大樓(11層含以上有電梯),住家用,鋼筋混凝土造,,147.86,3,2,2,有,無,14530000,105162,坡道平面,23.48,1450000,,RPQNMLKLKIKGFID08CB,森NEX-伊水,A棟2號,
安南區,房地(土地+建物)+車位,臺南市安南區館前一路與館前南路交叉口,46.05,商,,,1141127,土地2建物1車位1,一層,26,店面(店鋪),商業用,鋼筋混凝土造,,187.22,0,0,0,無,無,29360000,166757,坡道平面,21.05,1650000,,RPPNMLMLKIKGFBD47CB,南科卓越城,D棟S28-01F號,
安南區,房地(土地+建物)+車位,臺南市安南區館前一路與館前南路交叉口,36.75,商,,,1141127,土地2建物1車位1,一層,26,店面(店鋪),商業用,鋼筋混凝土造,,153.74,0,0,0,無,無,23480000,164519,坡道平面,21.05,1650000,,RPQNMLMLKIKGFBD57CB,南科卓越城,E棟S29-01F號,
東區,房地(土地+建物)+車位,臺南市東區後甲三街X平實二街,16.43,商,,,1141207,土地2建物1車位2,二十一層,21,住宅大樓(11層含以上有電梯),住家用,鋼筋混凝土造,,174.25,3,2,2,有,無,26350000,183240,坡道平面,51.46,3850000,,RPPNMLMLKIKGFCD57CB,國城?實,H棟6號,
東區,房地(土地+建物)+車位,臺南市東區後甲三街X平實二街,24.44,商,,,1141213,土地2建物1車位1,十層,24,住宅大樓(11層含以上有電梯),住家用,鋼筋混凝土造,,209.1,3,2,3,有,無,38800000,200687,坡道平面,25.73,2000000,,RPQNMLMLKIKGFCD67CB,國城?實,E棟2號,
東區,房地(土地+建物)+車位,臺南市東區後甲三街X平實二街,18.83,商,,,1141216,土地2建物1車位1,十九層,24,住宅大樓(11層含以上有電梯),住家用,鋼筋混凝土造,,168.3,3,2,2,有,無,27900000,183392,坡道平面,26.8,1950000,,RPRNMLMLKIKGFCD77CB,國城?實,E棟5號,
東區,房地(土地+建物)+車位,臺南市東區後甲三街X平實二街,18.83,商,,,1141212,土地2建物1車位1,二十一層,24,住宅大樓(11層含以上有電梯),住家用,鋼筋混凝土造,,167.23,3,2,2,有,無,28280000,184664,坡道平面,25.73,2150000,,RPSNMLMLKIKGFCD87CB,國城?實,E棟5號,
東區,房地(土地+建物)+車位,臺南市東區後甲三街X平實二街,8.81,商,,,1141213,土地2建物1車位1,十層,24,住宅大樓(11層含以上有電梯),住家用,鋼筋混凝土造,,92.57,2,2,1,有,無,14900000,192998,坡道平面,25.73,2000000,,RPTNMLMLKIKGFCD97CB,國城?實,E棟7號,
東區,房地(土地+建物)+車位,臺南市東區後甲三街X平實二街,17.76,商,,,1141213,土地2建物1車位1,二十一層,21,住宅大樓(11層含以上有電梯),住家用,鋼筋混凝土造,,159.99,3,2,2,有,無,25480000,175539,坡道平面,26.8,2100000,,RPUNMLMLKIKGFCD08CB,國城?實,I棟1號,
東區,房地(土地+建物)+車位,臺南市東區後甲三街X平實二街,17.76,商,,,1141214,土地2建物1車位1,十五層,21,住宅大樓(11層含以上有電梯),住家用,鋼筋混凝土造,,158.74,3,2,2,有,無,24970000,172318,坡道平面,25.73,2050000,,RPVNMLMLKIKGFCD18CB,國城?實,I棟2號,
東區,房地(土地+建物)+車位,臺南市東區後甲三街X平實二街,10.95,商,,,1141212,土地2建物1車位1,十四層,20,住宅大樓(11層含以上有電梯),住家用,鋼筋混凝土造,,107.79,2,2,2,有,無,16780000,180112,坡道平面,25.73,2000000,,RPWNMLMLKIKGFCD28CB,國城?實,K棟3號,
東區,房地(土地+建物)+車位,臺南市東區後甲三街X平實二街,10.95,商,,,1141214,土地2建物1車位1,十層,20,住宅大樓(11層含以上有電梯),住家用,鋼筋混凝土造,,107.79,2,2,2,有,無,16680000,180721,坡道平面,25.73,1850000,,RPXNMLMLKIKGFCD38CB,國城?實,K棟7號,
白河區,房地(土地+建物)+車位,臺南市白河區富民路,106.05,住,,,1141126,土地4建物1車位1,全,3,透天厝,住家用,鋼筋混凝土造,,152.8,4,2,3,有,無,11390000,74542,一樓平面,0.0,0,停車位位於室內專有範圍內,RPPNMLMLKIKGFED77CB,廣晟森白舍,B棟B12號,
永康區,房地(土地+建物)+車位,臺南市永康區平道十六街與水漾路交叉口,18.39,住,,,1141212,土地1建物1車位1,十三層,15,住宅大樓(11層含以上有電梯),住家用,鋼筋混凝土造,,120.42,3,2,1,有,無,14740000,138252,坡道平面,24.87,1530000,,RPPNMLMLKIKGFKD38CB,遠雄山禾,D棟D07F13號,
永康區,房地(土地+建物),臺南市永康區永安二街新行街口,28.95,住,,,1141204,土地1建物1車位0,一層,14,店面(店鋪),住家用,鋼筋混凝土造,,118.4,0,0,1,有,無,14000000,118243,,0.0,0,本案土地標示鹽新段95、95-1、95-2、95-3、95-4、95-5地號等6筆於民國113年03月08日合併為鹽新段95地號,RPQNMLMLKIKGFKD48CB,春福開緒,S棟2號,
永康區,房地(土地+建物),臺南市永康區永安二街新行街口,28.95,住,,,1141204,土地1建物1車位0,一層,14,店面(店鋪),住家用,鋼筋混凝土造,,118.4,0,0,1,有,無,16000000,135135,,0.0,0,本案土地標示鹽新段95、95-1、95-2、95-3、95-4、95-5地號等6筆於民國113年03月08日合併為鹽新段95地號,RPRNMLMLKIKGFKD58CB,春福開緒,S棟3號,
北區,房地(土地+建物)+車位,臺南市北區和緯路三段和文賢三街口,29.02,住,,,1141214,土地2建物1車位2,十九層,23,住宅大樓(11層含以上有電梯),住家用,鋼筋混凝土造,,253.24,3,2,2,有,無,38000000,178197,坡道平面,62.72,4050000,,RPPNMLNLKIKGFAD47CB,國泰原美,A棟A2-19F號,
北區,房地(土地+建物)+車位,臺南市北區和緯路三段和文賢三街口,22.76,住,,,1141214,土地2建物1車位1,十層,23,住宅大樓(11層含以上有電梯),住家用,鋼筋混凝土造,,180.93,3,2,2,有,無,27700000,173497,坡道平面,31.36,1750000,,RPQNMLNLKIKGFAD57CB,國泰原美,A棟A6-10F號,
北區,房地(土地+建物)+車位,臺南市北區和緯路三段和文賢三街口,25.02,住,,,1141214,土地2建物1車位1,十三層,23,住宅大樓(11層含以上有電梯),住家用,鋼筋混凝土造,,195.63,3,2,2,有,無,30800000,173799,坡道平面,31.36,2250000,,RPRNMLNLKIKGFAD67CB,國泰原美,A棟A3-13F號,
北區,房地(土地+建物)+車位,臺南市北區和緯路三段和文賢三街口,29.02,住,,,1141214,土地2建物1車位2,十九層,23,住宅大樓(11層含以上有電梯),住家用,鋼筋混凝土造,,253.24,3,2,2,有,無,37800000,177409,坡道平面,62.72,4000000,,RPSNMLNLKIKGFAD77CB,國泰原美,A棟A1-19F號,
安南區,房地(土地+建物)+車位,臺南市安南區九份子大道與樂活路口,19.71,住,,,1141212,土地1建物1車位1,一層,24,店面(店鋪),商業用,鋼筋混凝土造,,109.77,0,0,0,無,無,22150000,221092,坡道平面,19.31,2150000,樓高7.5米各樓層竣工實際高度仍以使用執照之標示為準,RPPNMLNLKIKGFBD57CB,?讀耶魯,S棟10號,
東區,房地(土地+建物)+車位,臺南市東區仁和路62號一樓旁,13.64,住,,,1141219,土地6建物1車位1,八層,14,住宅大樓(11層含以上有電梯),住家用,鋼筋混凝土造,,114.01,2,2,2,有,無,14390000,140852,坡道平面,29.24,2450000,,RPPNMLNLKIKGFCD67CB,宏福悅,A棟A5-8F號,
東區,房地(土地+建物)+車位,臺南市東區仁和路62號一樓旁,19.83,住,,,1141217,土地6建物1車位1,四層,14,住宅大樓(11層含以上有電梯),住家用,鋼筋混凝土造,,152.75,3,2,2,有,無,19060000,136507,坡道平面,29.24,2200000,,RPQNMLNLKIKGFCD77CB,宏福悅,B棟B3-4F號,
東區,房地(土地+建物),臺南市東區仁和路62號一樓旁,11.02,住,,,1141214,土地6建物1車位0,二層,14,住宅大樓(11層含以上有電梯),住家用,鋼筋混凝土造,,68.51,1,2,1,有,無,9180000,133995,,0.0,0,,RPRNMLNLKIKGFCD87CB,宏福悅,C棟C9-2F號,
東區,房地(土地+建物)+車位,臺南市東區仁和路62號一樓旁,14.06,住,,,1141220,土地6建物1車位1,十層,14,住宅大樓(11層含以上有電梯),住家用,鋼筋混凝土造,,116.75,2,2,2,有,無,14600000,142269,坡道平面,29.24,2150000,,RPSNMLNLKIKGFCD97CB,宏福悅,B棟B2-10F號,
新營區,房地(土地+建物)+車位,臺南市新營區周武街,24.49,住,,,1141212,土地1建物1車位1,五層,14,住宅大樓(11層含以上有電梯),住家用,鋼筋混凝土造,,145.98,3,2,2,有,無,10500000,77058,坡道平面,26.59,1300000,,RPPNMLNLKIKGFDD77CB,春虹.峇里,A5-05F號,
歸仁區,房地(土地+建物)+車位,臺南市歸仁區高鐵十二路171號對面,30.63,住,,,1141202,土地1建物1車位2,三層,9,華廈(10層含以下有電梯),住家用,鋼筋混凝土造,,182.05,3,2,2,有,無,14400000,100924,坡道平面,65.13,2600000,,RPPNMLNLKIKGFID28CB,高鐵ONE,A棟A1-03F號,
永康區,房地(土地+建物),臺南市永康區自強路379巷,89.33,住,,,1141213,土地1建物1車位0,全,5,透天厝,住商用,鋼筋混凝土造,,240.79,5,2,4,有,無,34020000,141285,,0.0,0,,RPPNMLNLKIKGFKD48CB,上上富自強,S棟11號,
永康區,房地(土地+建物)+車位,臺南市永康區忠孝路與忠孝路76巷交叉口,16.6,商,,,1141214,土地1建物1車位1,十一層,15,住宅大樓(11層含以上有電梯),住家用,鋼筋混凝土造,,157.22,3,2,2,有,無,19110000,131860,坡道平面,28.22,2100000,,RPQNMLNLKIKGFKD58CB,聯上豐實,E棟1號,
永康區,房地(土地+建物)+車位,臺南市永康區忠孝路與忠孝路76巷交叉口,10.88,商,,,1141214,土地1建物1車位1,四層,15,住宅大樓(11層含以上有電梯),住家用,鋼筋混凝土造,,94.31,3,2,2,有,無,11220000,124365,坡道機械,9.72,700000,,RPRNMLNLKIKGFKD68CB,聯上豐實,E棟3號,
安南區,房地(土地+建物),臺南市安南區安中路四段297巷8弄7號旁,31.8,住,,,1141219,土地1建物1車位0,三層,5,華廈(10層含以下有電梯),住家用,鋼筋混凝土造,,79.08,2,2,2,有,無,7580000,95852,,0.0,0,含一個車位使用權約定專用一樓平面車位，車位無計價。,RPPNMLOLKIKGFBD67CB,皇邑-淵南520,3E號,
安南區,房地(土地+建物)+車位,臺南市安南區永續路與永續一街口,18.27,住,,,1141207,土地1建物1車位1,十六層,24,住宅大樓(11層含以上有電梯),住家用,鋼筋混凝土造,,139.33,2,2,2,有,無,15880000,127309,坡道平面,28.34,1750000,,RPQNMLOLKIKGFBD77CB,一字得,A3號,
東區,房地(土地+建物)+車位,臺南市東區裕和五街/裕誠街口,35.01,住,,,1141207,土地1建物1車位2,八層,12,住宅大樓(11層含以上有電梯),住家用,鋼筋混凝土造,,188.99,3,2,2,有,無,26680000,165143,坡道平面,52.26,4100000,,RPPNMLOLKIKGFCD77CB,日東昇Park626,A棟3號,
善化區,房地(土地+建物)+車位,臺南市善化區善昌段371地號,23.81,住,,,1141208,土地1建物1車位1,六層,12,住宅大樓(11層含以上有電梯),住家用,鋼筋混凝土造,,148.93,2,2,2,有,無,15300000,126836,坡道平面,44.07,2000000,,RPPNMLOLKIKGFHD28CB,淳真年代6,A棟3號,
仁德區,房地(土地+建物)+車位,臺南市仁德區北保東路46巷,25.65,住,,,1141218,土地1建物1車位2,二層,15,住宅大樓(11層含以上有電梯),住家用,鋼筋混凝土造,,177.26,3,2,2,有,無,13300000,90058,坡道平面,64.0,3100000,,RPPNMLOLKIKGFID38CB,昕悅東城,A棟5號,
永康區,房地(土地+建物)+車位,臺南市永康區大灣段0495地號,22.65,住,,,1141201,土地1建物1車位1,五層,9,華廈(10層含以下有電梯),住家用,鋼筋混凝土造,,104.09,2,2,2,有,無,9950000,108396,一樓平面,24.29,1300000,,RPPNMLOLKIKGFKD58CB,連建安什,A棟6號,
安南區,房地(土地+建物)+車位,臺南市安南區九份子大道跟樂活路口,19.85,住,,,1141213,土地1建物1車位1,一層,24,店面(店鋪),商業用,鋼筋混凝土造,,110.28,0,0,0,無,無,22250000,220952,坡道平面,19.31,2150000,樓高7.5米（各樓層竣工實際高度仍依已使用執照之標示為準）,RPPNMLPLKIKGFBD77CB,?讀耶魯,S棟11號,
安南區,房地(土地+建物)+車位,臺南市安南區九份子大道與樂活路口,7.73,住,,,1141211,土地1建物1車位1,二十三層,24,住宅大樓(11層含以上有電梯),住家用,鋼筋混凝土造,,100.51,2,2,1,有,無,10500000,103448,坡道平面,19.31,2100000,,RPQNMLPLKIKGFBD87CB,?讀耶魯,C棟10號,
安南區,房地(土地+建物)+車位,臺南市安南區九份子大道與樂活路口,7.73,住,,,1141210,土地1建物1車位1,二十二層,24,住宅大樓(11層含以上有電梯),住家用,鋼筋混凝土造,,100.51,2,2,1,有,無,10450000,102833,坡道平面,19.31,2100000,,RPRNMLPLKIKGFBD97CB,?讀耶魯,C棟10號,
六甲區,房地(土地+建物)+車位,臺南市六甲區光明街/光復街口,29.69,住,,,1141214,土地1建物1車位1,二層,5,華廈(10層含以下有電梯),住家用,鋼筋混凝土造,,74.87,2,2,2,有,無,6700000,89488,其他,0.0,900000,該停車位位於法定空地上,RPPNMLQLKIKGFFD28CB,風光合3,A棟3號,
安南區,房地(土地+建物)+車位,臺南市安南區九份子大道與樂活路口,7.73,住,,,1141130,土地1建物1車位1,十六層,24,住宅大樓(11層含以上有電梯),住家用,鋼筋混凝土造,,88.39,2,2,1,有,無,9500000,100369,坡道機械,7.19,1350000,,RPPNMLRLKIKGFBD97CB,?讀耶魯,B棟10號,
安南區,房地(土地+建物)+車位,臺南市安南區九份子大道跟樂活路口,19.85,住,,,1141213,土地1建物1車位1,一層,24,店面(店鋪),商業用,鋼筋混凝土造,,110.28,0,0,0,無,無,22150000,220952,坡道平面,19.31,2050000,樓高7.5米各樓層竣工實際高度仍以使用執照之標示為準,RPQNMLRLKIKGFBD08CB,?讀耶魯,S棟05號,
安南區,房地(土地+建物)+車位,臺南市安南區九份子大道跟樂活路口,7.94,住,,,1141219,土地1建物1車位1,三層,24,住宅大樓(11層含以上有電梯),住家用,鋼筋混凝土造,,90.71,2,2,1,有,無,9580000,100335,坡道機械,7.19,1200000,,RPRNMLRLKIKGFBD18CB,?讀耶魯,C棟02號,
東區,房地(土地+建物)+車位,臺南市東區後甲三街X平實二街,24.44,商,,,1141219,土地2建物1車位1,二十一層,24,住宅大樓(11層含以上有電梯),住家用,鋼筋混凝土造,,209.1,3,2,3,有,無,39900000,206413,坡道平面,25.73,2050000,,RPPNMLRLKIKGFCD08CB,國城?實,E棟2號,
東區,房地(土地+建物)+車位,臺南市東區後甲三街X平實二街,8.81,商,,,1141219,土地2建物1車位1,二十一層,24,住宅大樓(11層含以上有電梯),住家用,鋼筋混凝土造,,92.57,2,2,1,有,無,15280000,198683,坡道平面,25.73,2000000,,RPQNMLRLKIKGFCD18CB,國城?實,E棟7號,
東區,房地(土地+建物)+車位,臺南市東區後甲三街X平實二街,17.76,商,,,1141217,土地2建物1車位1,十二層,21,住宅大樓(11層含以上有電梯),住家用,鋼筋混凝土造,,158.74,3,2,2,有,無,24730000,170513,坡道平面,25.73,2050000,,RPRNMLRLKIKGFCD28CB,國城?實,I棟2號,
東區,房地(土地+建物)+車位,臺南市東區後甲三街X平實二街,10.95,商,,,1141215,土地2建物1車位1,九層,21,住宅大樓(11層含以上有電梯),住家用,鋼筋混凝土造,,107.79,2,2,2,有,無,16480000,177675,坡道平面,25.73,1900000,,RPSNMLRLKIKGFCD38CB,國城?實,I棟3號,
東區,房地(土地+建物)+車位,臺南市東區後甲三街X平實二街,10.95,商,,,1141220,土地2建物1車位1,十一層,21,住宅大樓(11層含以上有電梯),住家用,鋼筋混凝土造,,107.79,2,2,2,有,無,16580000,178893,坡道平面,25.73,1900000,,RPTNMLRLKIKGFCD48CB,國城?實,I棟3號,
東區,房地(土地+建物)+車位,臺南市東區後甲三街X平實二街,10.95,商,,,1141220,土地2建物1車位1,十五層,20,住宅大樓(11層含以上有電梯),住家用,鋼筋混凝土造,,107.79,2,2,2,有,無,16930000,181940,坡道平面,25.73,2000000,,RPUNMLRLKIKGFCD58CB,國城?實,K棟7號,
新營區,房地(土地+建物)+車位,臺南市新營區金華路一段及三興街交叉口,26.75,住,,,1141201,土地2建物1車位2,十一層,15,住宅大樓(11層含以上有電梯),住家用,鋼筋混凝土造,,195.7,3,2,2,有,無,15530000,88949,坡道平面,51.46,2700000,本戶共買兩個車位車位合併計價,RPPNMLRLKIKGFDD18CB,佳順 ? 大悅,B6棟1號,
新營區,房地(土地+建物)+車位,臺南市新營區金華路一段及三興街交叉口,26.07,住,,,1141201,土地2建物1車位1,二層,15,住宅大樓(11層含以上有電梯),住家用,鋼筋混凝土造,,166.16,3,2,2,有,無,13140000,84669,坡道平面,25.73,1250000,,RPQNMLRLKIKGFDD28CB,佳順 ? 大悅,D5棟1號,
新營區,房地(土地+建物)+車位,臺南市新營區金華路一段及三興街交叉口,24.01,住,,,1141201,土地2建物1車位1,二層,15,住宅大樓(11層含以上有電梯),住家用,鋼筋混凝土造,,154.57,3,2,2,有,無,11380000,78625,坡道平面,25.73,1250000,,RPRNMLRLKIKGFDD38CB,佳順 ? 大悅,D6棟1號,
新營區,房地(土地+建物)+車位,臺南市新營區金華路一段及三興街交叉口,26.75,住,,,1141208,土地2建物1車位1,九層,15,住宅大樓(11層含以上有電梯),住家用,鋼筋混凝土造,,169.97,3,2,2,有,無,14130000,88602,坡道平面,25.73,1350000,,RPSNMLRLKIKGFDD48CB,佳順 ? 大悅,B6棟1號,
新營區,房地(土地+建物)+車位,臺南市新營區金華路一段及三興街交叉口,17.15,住,,,1141208,土地2建物1車位1,六層,15,住宅大樓(11層含以上有電梯),住家用,鋼筋混凝土造,,118.09,2,2,2,有,無,9150000,84452,坡道平面,25.73,1350000,,RPTNMLRLKIKGFDD58CB,佳順 ? 大悅,D3棟1號,
新營區,房地(土地+建物)+車位,臺南市新營區金華路一段及三興街交叉口,17.15,住,,,1141208,土地2建物1車位1,十層,15,住宅大樓(11層含以上有電梯),住家用,鋼筋混凝土造,,117.01,2,2,2,有,無,9330000,88025,坡道平面,24.65,1200000,,RPUNMLRLKIKGFDD68CB,佳順 ? 大悅,D3棟1號,
善化區,房地(土地+建物)+車位,臺南市善化區自由路,18.52,商,,,1141220,土地7建物1車位1,六層,15,住宅大樓(11層含以上有電梯),住家用,鋼筋混凝土造,,152.71,3,2,2,有,無,16730000,116512,坡道平面,24.14,1750000,,RPPNMLRLKIKGFHD58CB,明日新城安,A棟0號,
善化區,房地(土地+建物),臺南市善化區茄拔63-5號右方,25.83,,鄉村區,乙種建築用地,1141206,土地3建物1車位0,三層,6,華廈(10層含以下有電梯),住家用,鋼筋混凝土造,,75.72,2,2,2,有,無,6870000,90729,,0.0,0,,RPQNMLRLKIKGFHD68CB,安盛首善,A3棟0號,
善化區,房地(土地+建物),臺南市善化區茄拔63-5號右方,25.83,,鄉村區,乙種建築用地,1141206,土地3建物1車位0,四層,6,華廈(10層含以下有電梯),住家用,鋼筋混凝土造,,75.72,2,2,2,有,無,6870000,90729,,0.0,0,,RPRNMLRLKIKGFHD78CB,安盛首善,A3棟0號,
歸仁區,房地(土地+建物),臺南市歸仁區清水段52、54地號,28.33,住,,,1141227,土地2建物1車位0,六層,6,華廈(10層含以下有電梯),住家用,鋼筋混凝土造,,78.09,2,2,2,有,無,8000000,102446,,0.0,0,,RPPNMLRLKIKGFID68CB,府居柏金,A棟6號,
安南區,房地(土地+建物)+車位,臺南市安南區九份子大道跟樂活路口,7.73,住,,,1141130,土地1建物1車位1,十三層,24,住宅大樓(11層含以上有電梯),住家用,鋼筋混凝土造,,88.39,2,2,1,有,無,9180000,98276,坡道機械,7.19,1200000,,RPPNMLSLKIKGFBD08CB,?讀耶魯,B棟10號,
東區,房地(土地+建物)+車位,臺南市東區後甲三街X平實二街,18.83,商,,,1141211,土地2建物1車位1,十層,24,住宅大樓(11層含以上有電梯),住家用,鋼筋混凝土造,,167.23,3,2,2,有,無,27200000,178445,坡道平面,25.73,1950000,,RPPNMLSLKIKGFCD18CB,國城?實,E棟5號,
東區,房地(土地+建物)+車位,臺南市東區後甲三街X平實二街,10.95,商,,,1141219,土地2建物1車位1,十四層,21,住宅大樓(11層含以上有電梯),住家用,鋼筋混凝土造,,107.79,2,2,2,有,無,17000000,183402,坡道平面,25.73,1950000,,RPQNMLSLKIKGFCD28CB,國城?實,H棟3號,
安南區,房地(土地+建物)+車位,臺南市安南區安佃街與安佃九街口,20.32,住,,,1141209,土地1建物1車位1,二層,15,住宅大樓(11層含以上有電梯),住家用,鋼筋混凝土造,,121.16,2,1,2,有,無,10400000,92785,坡道平面,24.7,1450000,,RPPNMLKMKIKGFBD37CB,希望翼,B棟11號,
善化區,房地(土地+建物)+車位,臺南市善化區六分寮260號旁,37.31,,鄉村區,乙種建築用地,1141217,土地1建物1車位1,七層,7,華廈(10層含以下有電梯),住家用,鋼筋混凝土造,,135.58,3,2,2,有,無,9300000,66486,一樓平面,13.75,1200000,,RPPNMLKMKIKGFHD97CB,鄉景尚品,A棟2號,
善化區,房地(土地+建物)+車位,臺南市善化區六分寮260號旁,37.31,,鄉村區,乙種建築用地,1141217,土地1建物1車位1,七層,7,華廈(10層含以下有電梯),住家用,鋼筋混凝土造,,135.58,3,2,2,有,無,9300000,66486,一樓平面,13.75,1200000,,RPQNMLKMKIKGFHD08CB,鄉景尚品,A棟8號,
歸仁區,房地(土地+建物),臺南市歸仁區七甲二街57巷,88.28,,鄉村區,乙種建築用地,1141227,土地3建物1車位0,全,4,透天厝,住家用,鋼筋混凝土造,,179.81,5,2,3,有,無,15360000,85424,,0.0,0,,RPPNMLKMKIKGFID08CB,夏川7期,B棟1號,
北區,房地(土地+建物)+車位,臺南市北區和緯路三段和文賢三街口,22.68,住,,,1141224,土地2建物1車位1,十七層,23,住宅大樓(11層含以上有電梯),住家用,鋼筋混凝土造,,179.95,3,2,2,有,無,28190000,177266,坡道平面,31.36,1850000,,RPPNMLLMKIKGFAD37CB,國泰原美,A棟A5-17F號,
北區,房地(土地+建物)+車位,臺南市北區和緯路三段和文賢三街口,22.76,住,,,1141223,土地2建物1車位1,十五層,23,住宅大樓(11層含以上有電梯),住家用,鋼筋混凝土造,,180.93,3,2,2,有,無,28390000,176439,坡道平面,31.36,2000000,,RPQNMLLMKIKGFAD47CB,國泰原美,A棟A6-15F號,
北區,房地(土地+建物)+車位,臺南市北區和緯路三段和文賢三街口,29.02,住,,,1141217,土地2建物1車位2,十四層,23,住宅大樓(11層含以上有電梯),住家用,鋼筋混凝土造,,253.24,3,2,2,有,無,37400000,175047,坡道平面,62.72,4050000,,RPRNMLLMKIKGFAD57CB,國泰原美,A棟A2-14F號,
北區,房地(土地+建物)+車位,臺南市北區和緯路三段和文賢三街口,22.68,住,,,1141226,土地2建物1車位1,十一層,23,住宅大樓(11層含以上有電梯),住家用,鋼筋混凝土造,,179.95,3,2,2,有,無,27550000,173632,坡道平面,31.36,1750000,,RPSNMLLMKIKGFAD67CB,國泰原美,A棟A5-11F號,
北區,房地(土地+建物)+車位,臺南市北區前鋒路,9.77,住,,,1141206,土地1建物1車位1,三層,24,住宅大樓(11層含以上有電梯),住家用,鋼筋混凝土造,,100.79,2,2,1,有,無,16230000,172401,坡道平面,19.99,2300000,本案申報土地面積及權利範圍係以臺南市北區東興段911-1、911-5、925-3、926-1地號土地都市更新事業計畫暨權利變換計畫案核定基地座落面積5131.67平方公尺計算。交易總價含下列非屬預售屋價格之費用:家電費,RPUNMLLMKIKGFAD87CB,成大之森,A棟A05-03F號,
東區,房地(土地+建物)+車位,臺南市東區裕忠路與裕興街口,24.65,住,,,1141210,土地3建物1車位1,八層,12,住宅大樓(11層含以上有電梯),住家用,鋼筋混凝土造,,137.46,3,2,2,有,無,20900000,187729,坡道平面,39.18,2450000,,RPPNMLLMKIKGFCD57CB,宗大虎隱,A2棟8號,
東區,房地(土地+建物)+車位,臺南市東區仁和路62號一樓旁,19.89,住,,,1141221,土地6建物1車位1,十二層,14,住宅大樓(11層含以上有電梯),住家用,鋼筋混凝土造,,152.97,3,2,2,有,無,20500000,147903,坡道平面,29.24,2200000,,RPQNMLLMKIKGFCD67CB,宏福悅,B棟B8-12F號,
佳里區,房地(土地+建物),臺南市佳里區和平街241號旁,93.57,住,,,1141225,土地2建物1車位0,全,4,透天厝,住家用,鋼筋混凝土造,,189.8,4,2,4,有,無,19070000,100474,,0.0,0,,RPPNMLLMKIKGFGD97CB,昶瓏織己,A棟5號,
善化區,房地(土地+建物)+車位,臺南市善化區南126鄉道什乃48號後方等,33.25,,鄉村區,乙種建築用地,1141225,土地1建物1車位1,四層,8,華廈(10層含以下有電梯),住家用,鋼筋混凝土造,,148.91,3,2,2,有,無,12880000,95234,一樓平面,29.94,1550000,,RPPNMLLMKIKGFHD08CB,良茂合心城-合美館,A棟A1-4F號,
仁德區,房地(土地+建物)+車位,臺南市仁德區仁義六街20巷,23.56,住,,,1141223,土地1建物1車位1,三層,15,住宅大樓(11層含以上有電梯),住家用,鋼筋混凝土造,,147.08,3,2,2,有,無,12350000,91942,坡道平面,30.92,1670000,,RPPNMLLMKIKGFID18CB,佳晟家仁,C5棟3F號,
永康區,房地(土地+建物)+車位,臺南市永康區復國一路529號旁,28.46,住,,,1141222,土地1建物1車位2,十層,15,住宅大樓(11層含以上有電梯),住家用,鋼筋混凝土造,,195.09,3,2,2,有,無,17520000,111417,坡道平面,60.82,2560000,,RPPNMLLMKIKGFKD38CB,佳晟家和,A4棟0號,
歸仁區,房地(土地+建物)+車位,臺南市歸仁區高鐵大道及高鐵五路口,14.77,住,,,1141212,土地1建物1車位1,六層,14,住宅大樓(11層含以上有電梯),住家用,鋼筋混凝土造,,85.6,0,0,1,有,無,11030000,144484,坡道平面,24.14,2150000,,RPPNMLMJJHLGFID87CB,坐忘林,A棟8號,
永康區,房地(土地+建物)+車位,臺南市永康區永大二路永吉路,14.25,商,,,1141229,土地1建物1車位2,八層,15,住宅大樓(11層含以上有電梯),住家用,鋼筋混凝土造,,177.08,3,2,2,有,無,16300000,112490,坡道平面,65.07,3700000,,RPQNMLMJJHLGFKD18CB,時代至上,A棟5號,
安南區,房地(土地+建物)+車位,臺南市安南區宜居二路,22.69,住,,,1141209,土地1建物1車位1,八層,24,住宅大樓(11層含以上有電梯),住家用,鋼筋混凝土造,,158.06,3,2,2,有,無,17390000,114673,坡道平面,22.98,1900000,,RPPNMLNJJHLGFBD27CB,皇龍天韻,B棟2號,
安南區,房地(土地+建物)+車位,臺南市安南區宜居二路,16.62,住,,,1141209,土地1建物1車位1,八層,24,住宅大樓(11層含以上有電梯),住家用,鋼筋混凝土造,,121.99,2,2,1,有,無,13250000,114635,坡道平面,22.98,1900000,,RPQNMLNJJHLGFBD37CB,皇龍天韻,B棟1號,
東區,房地(土地+建物)+車位,臺南市東區後甲三街X平實二街,10.95,商,,,1141228,土地2建物1車位1,十二層,20,住宅大樓(11層含以上有電梯),住家用,鋼筋混凝土造,,107.79,2,2,2,有,無,17200000,184012,坡道平面,25.73,2100000,,RPPNMLNJJHLGFCD37CB,國城?實,J棟7號,
東區,房地(土地+建物)+車位,臺南市東區後甲三街X平實二街,16.43,商,,,1141228,土地2建物1車位1,十四層,20,住宅大樓(11層含以上有電梯),住家用,鋼筋混凝土造,,148.55,3,2,2,有,無,23580000,175297,坡道平面,25.73,2050000,,RPQNMLNJJHLGFCD47CB,國城?實,K棟5號,
東區,房地(土地+建物)+車位,臺南市東區後甲三街X平實二街,18.83,商,,,1141227,土地2建物1車位1,十一層,24,住宅大樓(11層含以上有電梯),住家用,鋼筋混凝土造,,167.23,3,2,2,有,無,27300000,178799,坡道平面,25.73,2000000,,RPSNMLNJJHLGFCD67CB,國城?實,E棟5號,
東區,房地(土地+建物)+車位,臺南市東區後甲三街X平實二街,17.76,商,,,1141227,土地2建物1車位1,十三層,21,住宅大樓(11層含以上有電梯),住家用,鋼筋混凝土造,,158.74,3,2,2,有,無,24800000,171040,坡道平面,25.73,2050000,,RPTNMLNJJHLGFCD77CB,國城?實,I棟2號,
東區,房地(土地+建物)+車位,臺南市東區後甲三街X平實二街,17.76,商,,,1141227,土地2建物1車位1,十九層,21,住宅大樓(11層含以上有電梯),住家用,鋼筋混凝土造,,158.74,3,2,2,有,無,25200000,174047,坡道平面,25.73,2050000,,RPUNMLNJJHLGFCD87CB,國城?實,I棟2號,
東區,房地(土地+建物)+車位,臺南市東區後甲三街X平實二街,10.95,商,,,1141227,土地2建物1車位1,十四層,21,住宅大樓(11層含以上有電梯),住家用,鋼筋混凝土造,,107.79,2,2,2,有,無,16680000,180112,坡道平面,25.73,1900000,,RPVNMLNJJHLGFCD97CB,國城?實,I棟3號,
東區,房地(土地+建物)+車位,臺南市東區後甲三街X平實二街,10.95,商,,,1141227,土地2建物1車位1,二十層,20,住宅大樓(11層含以上有電梯),住家用,鋼筋混凝土造,,107.79,2,2,2,有,無,16900000,182793,坡道平面,25.73,1900000,,RPWNMLNJJHLGFCD08CB,國城?實,K棟3號,
東區,房地(土地+建物)+車位,臺南市東區後甲三街X平實二街,17.76,商,,,1141226,土地2建物1車位1,九層,21,住宅大樓(11層含以上有電梯),住家用,鋼筋混凝土造,,158.74,3,2,2,有,無,24540000,169085,坡道平面,25.73,2050000,,RPXNMLNJJHLGFCD18CB,國城?實,I棟2號,
東區,房地(土地+建物)+車位,臺南市東區後甲三街X平實二街,17.76,商,,,1141225,土地2建物1車位1,十三層,21,住宅大樓(11層含以上有電梯),住家用,鋼筋混凝土造,,158.74,3,2,2,有,無,25120000,174197,坡道平面,25.73,1950000,,RPOOMLNJJHLGFCD37CB,國城?實,H棟2號,
東區,房地(土地+建物)+車位,臺南市東區後甲三街X平實二街,10.95,商,,,1141225,土地2建物1車位1,十三層,21,住宅大樓(11層含以上有電梯),住家用,鋼筋混凝土造,,107.79,2,2,2,有,無,16960000,182915,坡道平面,25.73,1950000,,RPPOMLNJJHLGFCD47CB,國城?實,H棟3號,
東區,房地(土地+建物)+車位,臺南市東區後甲三街X平實二街,10.95,商,,,1141224,土地2建物1車位1,十七層,20,住宅大樓(11層含以上有電梯),住家用,鋼筋混凝土造,,107.79,2,2,2,有,無,16760000,181087,坡道平面,25.73,1900000,,RPQOMLNJJHLGFCD57CB,國城?實,K棟3號,
東區,房地(土地+建物)+車位,臺南市東區後甲三街X平實二街,17.9,商,,,1141223,土地2建物1車位1,五層,20,住宅大樓(11層含以上有電梯),住家用,鋼筋混凝土造,,159.86,3,2,2,有,無,24370000,167524,坡道平面,25.73,1900000,,RPROMLNJJHLGFCD67CB,國城?實,J棟1號,
東區,房地(土地+建物)+車位,臺南市東區後甲三街X平實二街,18.83,商,,,1141223,土地2建物1車位1,十八層,24,住宅大樓(11層含以上有電梯),住家用,鋼筋混凝土造,,167.23,3,2,2,有,無,27900000,183392,坡道平面,25.73,1950000,,RPSOMLNJJHLGFCD77CB,國城?實,E棟5號,
仁德區,房地(土地+建物)+車位,臺南市仁德區正義路205巷,86.15,住,,,1141211,土地4建物1車位1,全,4,透天厝,住家用,鋼筋混凝土造,,193.56,4,2,4,有,無,22500000,116243,一樓平面,13.75,0,交易總價包含非建物之坐落土地，台南市仁德區中清段377-6地號，價格8萬。,RPPNMLNJJHLGFID97CB,森樂章,A棟2號,
仁德區,房地(土地+建物)+車位,臺南市仁德區正義路205巷,86.18,住,,,1141208,土地4建物1車位1,全,4,透天厝,住家用,鋼筋混凝土造,,188.3,4,2,4,有,無,22300000,118428,一樓平面,13.75,0,交易總價包含非建物之坐落土地，台南市仁德區中清段377-6地號，價格8萬。,RPQNMLNJJHLGFID08CB,森樂章,A棟10號,
仁德區,房地(土地+建物)+車位,臺南市仁德區正義路205巷,86.17,住,,,1141211,土地4建物1車位1,全,4,透天厝,住家用,鋼筋混凝土造,,192.5,4,2,4,有,無,22680000,117818,一樓平面,13.75,0,交易總價包含非建物之坐落土地。台南市仁德區中清段377-6地號，價格8萬。,RPRNMLNJJHLGFID18CB,森樂章,A棟8號,
仁德區,房地(土地+建物)+車位,臺南市仁德區正義路205巷,87.82,住,,,1141216,土地4建物1車位1,全,4,透天厝,住家用,鋼筋混凝土造,,194.1,4,2,4,有,無,23000000,118496,一樓平面,13.75,0,交易總價包含非建物之坐落土地，台南市仁德區中清段377-6地號，價格8萬。,RPSNMLNJJHLGFID28CB,森樂章,A棟7號,
新化區,房地(土地+建物)+車位,臺南市新化區正新路312號後方,33.1,住,,,1141218,土地1建物1車位1,二層,5,華廈(10層含以下有電梯),住家用,鋼筋混凝土造,,95.14,2,2,2,有,無,8200000,88302,一樓平面,19.83,1550000,親友、員工、共有人或其他特殊關係間之交易；,RPPNMLOJJHLGFHD97CB,協奏曲3期,A棟A2號,
歸仁區,房地(土地+建物)+車位,臺南市歸仁區清水段52、54地號,37.06,住,,,1150104,土地2建物1車位1,六層,6,華廈(10層含以下有電梯),住家用,鋼筋混凝土造,,125.26,3,2,2,有,無,13000000,110654,一樓平面,23.14,1700000,,RPPNMLOJJHLGFID08CB,府居柏金,A棟1號,
安南區,房地(土地+建物)+車位,臺南市安南區海中街130巷,87.9,住,,,1150103,土地4建物1車位1,全,4,透天厝,住家用,鋼筋混凝土造,,160.18,3,2,2,有,無,14330000,89462,一樓平面,0.0,0,,RPRNMLPJJHLGFBD67CB,幾何學,A棟11號,
新市區,房地(土地+建物)+車位,臺南市新市區大營21號旁,33.35,,鄉村區,乙種建築用地,1150103,土地1建物1車位1,十層,10,華廈(10層含以下有電梯),住家用,鋼筋混凝土造,,143.78,3,2,2,有,無,11200000,82790,坡道平面,24.2,1300000,,RPPNMLPJJHLGFHD08CB,煌聖．森友旭,A棟A5-10F號,
善化區,房地(土地+建物),臺南市善化區茄拔63-5號右方,25.83,,鄉村區,乙種建築用地,1141225,土地3建物1車位0,二層,6,華廈(10層含以下有電梯),住家用,鋼筋混凝土造,,75.72,2,2,2,有,無,6820000,90069,,0.0,0,,RPQNMLPJJHLGFHD18CB,安盛首善,A3棟0號,
善化區,房地(土地+建物),臺南市善化區茄拔63-5號右方,25.47,,鄉村區,乙種建築用地,1141227,土地3建物1車位0,二層,6,華廈(10層含以下有電梯),住家用,鋼筋混凝土造,,74.72,2,2,2,有,無,6750000,90337,,0.0,0,,RPRNMLPJJHLGFHD28CB,安盛首善,A5棟0號,
永康區,房地(土地+建物),臺南市永康區復國路,41.14,住,,,1141231,土地1建物1車位0,三層,5,華廈(10層含以下有電梯),住家用,鋼筋混凝土造,,106.74,3,2,2,有,無,11410000,106895,,0.0,0,,RPPNMLPJJHLGFKD38CB,春福平蒔舒活區,B棟0號,
善化區,房地(土地+建物)+車位,臺南市善化區小新營5-12號旁,38.95,住,,,1150101,土地2建物1車位1,二層,7,華廈(10層含以下有電梯),住家用,鋼筋混凝土造,,118.47,3,2,2,有,無,9380000,81871,其他,15.87,980000,,RPPNMLQJJHLGFHD18CB,皇邑,G-2F號,
北區,房地(土地+建物)+車位,臺南市北區文賢路1122巷,47.49,住,,,1141216,土地2建物1車位1,二層,5,華廈(10層含以下有電梯),住家用,鋼筋混凝土造,,112.62,3,2,2,有,無,13140000,122895,一樓平面,21.16,1900000,親友、員工、共有人或其他特殊關係間之交易；,RPPNMLRJJHLGFAD57CB,薈萃居10,A棟1號,
北區,房地(土地+建物)+車位,臺南市北區文賢路1122巷,40.76,住,,,1141219,土地2建物1車位1,二層,5,華廈(10層含以下有電梯),住家用,鋼筋混凝土造,,99.7,2,2,2,有,無,11830000,126432,一樓平面,21.16,1900000,親友、員工、共有人或其他特殊關係間之交易；,RPQNMLRJJHLGFAD67CB,薈萃居10,B棟1號,
北區,房地(土地+建物),臺南市北區文賢路1122巷,39.57,住,,,1141219,土地2建物1車位0,二層,5,華廈(10層含以下有電梯),住家用,鋼筋混凝土造,,76.26,2,2,2,有,無,9580000,125623,,0.0,0,親友、員工、共有人或其他特殊關係間之交易；,RPRNMLRJJHLGFAD77CB,薈萃居10,C棟1號,
安南區,房地(土地+建物)+車位,臺南市安南區州南路與州南五街口,25.12,住,,,1141215,土地1建物1車位1,五層,13,住宅大樓(11層含以上有電梯),住家用,鋼筋混凝土造,,147.63,3,2,2,有,無,13500000,106816,坡道平面,37.16,1700000,,RPPNMLRJJHLGFBD67CB,硯青,B棟B2-5F號,
安南區,房地(土地+建物)+車位,臺南市安南區州南路與州南五街口,24.12,住,,,1141209,土地1建物1車位1,四層,13,住宅大樓(11層含以上有電梯),住家用,鋼筋混凝土造,,144.3,3,2,2,有,無,12000000,96136,坡道平面,37.16,1700000,,RPQNMLRJJHLGFBD77CB,硯青,D棟D2-4F號,
安南區,房地(土地+建物)+車位,臺南市安南區州南路與州南五街口,28.14,住,,,1141209,土地1建物1車位1,四層,13,住宅大樓(11層含以上有電梯),住家用,鋼筋混凝土造,,161.28,3,2,2,有,無,13800000,98292,坡道平面,37.16,1600000,,RPRNMLRJJHLGFBD87CB,硯青,D棟D3-4F號,
安南區,房地(土地+建物)+車位,臺南市安南區州南路與州南五街口,29.14,住,,,1141209,土地1建物1車位1,六層,13,住宅大樓(11層含以上有電梯),住家用,鋼筋混凝土造,,164.73,3,2,2,有,無,15180000,105667,坡道平面,37.16,1700000,,RPSNMLRJJHLGFBD97CB,硯青,E棟E1-6F號,
歸仁區,房地(土地+建物)+車位,臺南市歸仁區清水段52、54地號,37.06,住,,,1150107,土地2建物1車位1,五層,6,華廈(10層含以下有電梯),住家用,鋼筋混凝土造,,125.26,3,2,2,有,無,12800000,108696,一樓平面,23.14,1700000,,RPPNMLRJJHLGFID38CB,府居柏金,A棟1號,
歸仁區,房地(土地+建物)+車位,臺南市歸仁區清水段52、54地號,28.53,住,,,1150107,土地2建物1車位1,五層,6,華廈(10層含以下有電梯),住家用,鋼筋混凝土造,,101.76,2,2,2,有,無,10000000,105571,一樓平面,23.14,1700000,,RPQNMLRJJHLGFID48CB,府居柏金,A棟5號,
歸仁區,房地(土地+建物),臺南市歸仁區清水段52、54地號,28.53,住,,,1141223,土地2建物1車位0,三層,6,華廈(10層含以下有電梯),住家用,鋼筋混凝土造,,78.62,2,2,2,有,無,7180000,91325,,0.0,0,,RPRNMLRJJHLGFID58CB,府居柏金,A棟5號,
歸仁區,房地(土地+建物)+車位,臺南市歸仁區清水段52、54地號,37.06,住,,,1150107,土地2建物1車位1,三層,6,華廈(10層含以下有電梯),住家用,鋼筋混凝土造,,125.22,3,2,2,有,無,12600000,105758,一樓平面,23.1,1800000,,RPUNMLRJJHLGFID88CB,府居柏金,A棟1號,
北區,房地(土地+建物)+車位,臺南市北區前鋒路,9.77,住,,,1141211,土地1建物1車位1,二十三層,24,住宅大樓(11層含以上有電梯),住家用,鋼筋混凝土造,,102.56,2,2,2,有,無,16890000,179950,坡道平面,21.76,2350000,本案申報土地面積及權利範圍係以臺南市北區東興段911-1、911-5、925-3、926-1地號土地都市更新事業計畫暨權利變換計畫案核定基地座落面積5131.67平方公尺計算。,RPPNMLSJJHLGFAD67CB,成大之森,A棟A03-23F號,
北區,房地(土地+建物)+車位,臺南市北區大興街376巷,77.12,住,,,1141227,土地2建物1車位1,全,4,透天厝,住家用,鋼筋混凝土造,,204.99,4,2,5,有,無,27680000,135031,一樓平面,0.0,0,,RPQNMLSJJHLGFAD77CB,富煜拾美,B2號,
東區,房地(土地+建物)+車位,臺南市東區後甲三街X平實二街,10.95,商,,,1150102,土地2建物1車位1,十二層,20,住宅大樓(11層含以上有電梯),住家用,鋼筋混凝土造,,107.79,2,2,2,有,無,16810000,181087,坡道平面,25.73,1950000,,RPPNMLSJJHLGFCD87CB,國城?實,K棟7號,
東區,房地(土地+建物)+車位,臺南市東區後甲三街X平實二街,16.43,商,,,1150103,土地2建物1車位1,三層,21,住宅大樓(11層含以上有電梯),住家用,鋼筋混凝土造,,148.52,3,2,2,有,無,23370000,174037,坡道平面,25.73,2000000,,RPQNMLSJJHLGFCD97CB,國城?實,H棟6號,
東區,房地(土地+建物)+車位,臺南市東區後甲三街X平實二街,17.76,商,,,1150103,土地2建物1車位1,十四層,21,住宅大樓(11層含以上有電梯),住家用,鋼筋混凝土造,,158.74,3,2,2,有,無,24780000,171641,坡道平面,25.73,1950000,,RPRNMLSJJHLGFCD08CB,國城?實,I棟2號,
東區,房地(土地+建物)+車位,臺南市東區後甲三街X平實二街,16.43,商,,,1150104,土地2建物1車位1,十五層,20,住宅大樓(11層含以上有電梯),住家用,鋼筋混凝土造,,148.52,3,2,2,有,無,23730000,176562,坡道平面,25.73,2050000,,RPSNMLSJJHLGFCD18CB,國城?實,K棟6號,
東區,房地(土地+建物)+車位,臺南市東區後甲三街X平實二街,17.76,商,,,1150104,土地2建物1車位1,十一層,21,住宅大樓(11層含以上有電梯),住家用,鋼筋混凝土造,,158.74,3,2,2,有,無,24730000,170513,坡道平面,25.73,2050000,,RPTNMLSJJHLGFCD28CB,國城?實,I棟2號,
東區,房地(土地+建物)+車位,臺南市東區後甲三街X平實二街,18.83,商,,,1150104,土地2建物1車位1,十七層,24,住宅大樓(11層含以上有電梯),住家用,鋼筋混凝土造,,167.23,3,2,2,有,無,27850000,183039,坡道平面,25.73,1950000,,RPUNMLSJJHLGFCD38CB,國城?實,E棟5號,
南區,房地(土地+建物)+車位,臺南市南區中華西路一段70巷,20.39,住,,,1150101,土地1建物1車位1,六層,9,華廈(10層含以下有電梯),住家用,鋼筋混凝土造,,133.75,2,2,2,有,無,11920000,112791,坡道平面,43.14,1700000,,RPVNMLSJJHLGFCD48CB,天生贏家７- 是建築,A棟6號,
南區,房地(土地+建物)+車位,臺南市南區中華西路一段70巷,20.39,住,,,1150106,土地1建物1車位1,二層,9,華廈(10層含以下有電梯),住家用,鋼筋混凝土造,,133.75,2,2,2,有,無,12250000,114226,坡道平面,43.14,1900000,,RPWNMLSJJHLGFCD58CB,天生贏家７- 是建築,A棟6號,
南區,房地(土地+建物)+車位,臺南市南區中華西路一段70巷,20.15,住,,,1150106,土地1建物1車位1,二層,9,華廈(10層含以下有電梯),住家用,鋼筋混凝土造,,133.21,2,2,2,有,無,12200000,114356,坡道平面,43.14,1900000,,RPXNMLSJJHLGFCD68CB,天生贏家７- 是建築,A棟7號,
南區,房地(土地+建物)+車位,臺南市南區中華西路一段70巷,29.29,住,,,1150106,土地1建物1車位1,八層,9,華廈(10層含以下有電梯),住家用,鋼筋混凝土造,,173.35,3,2,2,有,無,18180000,124261,坡道平面,43.14,2000000,,RPOOMLSJJHLGFCD87CB,天生贏家７- 是建築,A棟1號,
南區,房地(土地+建物)+車位,臺南市南區中華西路一段70巷,27.19,住,,,1150106,土地1建物1車位1,六層,9,華廈(10層含以下有電梯),住家用,鋼筋混凝土造,,163.8,3,2,2,有,無,16180000,117520,坡道平面,43.14,2000000,,RPPOMLSJJHLGFCD97CB,天生贏家７- 是建築,A棟5號,
善化區,房地(土地+建物)+車位,臺南市善化區善成段1361地號,43.33,住,,,1141220,土地1建物1車位1,九層,9,華廈(10層含以下有電梯),見其他登記事項,鋼筋混凝土造,,162.28,3,2,2,有,無,17380000,115034,一樓平面,28.58,2000000,,RPPNMLSJJHLGFHD38CB,德和擇善,A棟1號,
歸仁區,房地(土地+建物),臺南市歸仁區七甲二街57巷,84.28,,鄉村區,乙種建築用地,1150105,土地3建物1車位0,全,4,透天厝,住家用,鋼筋混凝土造,,195.34,5,2,4,有,無,16280000,83342,,0.0,0,,RPPNMLSJJHLGFID48CB,夏川7期,A棟2號,
歸仁區,房地(土地+建物),臺南市歸仁區七甲二街57巷,98.28,,鄉村區,乙種建築用地,1150106,土地3建物1車位0,全,4,透天厝,住家用,鋼筋混凝土造,,201.2,5,2,5,有,無,17000000,84493,,0.0,0,,RPQNMLSJJHLGFID58CB,夏川7期,A棟6號,
北區,房地(土地+建物)+車位,臺南市北區前鋒路,8.54,住,,,1141228,土地1建物1車位1,三層,24,住宅大樓(11層含以上有電梯),住家用,鋼筋混凝土造,,90.6,1,2,1,有,無,13940000,163433,坡道平面,19.99,2400000,交易總價含下列非屬預售屋價格之費用:家電費,RPTNMLTJJHLGFAD18CB,成大之森,A棟A09-03F號,
安南區,房地(土地+建物)+車位,臺南市安南區安和路四段與州南路交叉口,19.0,住,,,1141223,土地1建物1車位1,六層,15,住宅大樓(11層含以上有電梯),住家用,鋼筋混凝土造,,116.99,2,2,2,有,無,9510000,90774,坡道平面,29.3,1550000,,RPQNMLTJJHLGFBD97CB,佳展安和,A5棟6號,
安南區,房地(土地+建物)+車位,臺南市安南區安和路四段與州南路交叉口,22.08,住,,,1141223,土地1建物1車位2,三層,15,住宅大樓(11層含以上有電梯),住家用,鋼筋混凝土造,,162.04,3,2,2,有,無,12200000,86040,坡道平面,58.6,3300000,,RPRNMLTJJHLGFBD08CB,佳展安和,B1棟3號,
安南區,房地(土地+建物)+車位,臺南市安南區安和路四段與州南路交叉口,19.0,住,,,1141222,土地1建物1車位1,七層,15,住宅大樓(11層含以上有電梯),住家用,鋼筋混凝土造,,116.82,2,2,2,有,無,9480000,91750,坡道平面,29.3,1450000,,RPTNMLTJJHLGFBD28CB,佳展安和,B2棟7號,
安南區,房地(土地+建物)+車位,臺南市安南區安和路四段與州南路交叉口,30.3,住,,,1141222,土地1建物1車位2,十層,15,住宅大樓(11層含以上有電梯),住家用,鋼筋混凝土造,,198.61,4,2,2,有,無,16300000,92851,坡道平面,58.6,3300000,,RPUNMLTJJHLGFBD38CB,佳展安和,C3棟10號,
安南區,房地(土地+建物)+車位,臺南市安南區安和路四段與州南路交叉口,22.08,住,,,1141223,土地1建物1車位1,六層,15,住宅大樓(11層含以上有電梯),住家用,鋼筋混凝土造,,132.74,3,2,2,有,無,10550000,87007,坡道平面,29.3,1550000,,RPVNMLTJJHLGFBD48CB,佳展安和,B1棟6號,
安南區,房地(土地+建物)+車位,臺南市安南區安和路四段與州南路交叉口,22.08,住,,,1141223,土地1建物1車位1,七層,15,住宅大樓(11層含以上有電梯),住家用,鋼筋混凝土造,,132.74,3,2,2,有,無,10550000,87974,坡道平面,29.3,1450000,,RPWNMLTJJHLGFBD58CB,佳展安和,B1棟7號,
安南區,房地(土地+建物)+車位,臺南市安南區安和路四段與州南路交叉口,22.08,住,,,1141223,土地1建物1車位1,八層,15,住宅大樓(11層含以上有電梯),住家用,鋼筋混凝土造,,132.74,3,2,2,有,無,10750000,88940,坡道平面,29.3,1550000,,RPXNMLTJJHLGFBD68CB,佳展安和,B1棟8號,
安南區,房地(土地+建物)+車位,臺南市安南區安和路四段與州南路交叉口,22.08,住,,,1141223,土地1建物1車位1,九層,15,住宅大樓(11層含以上有電梯),住家用,鋼筋混凝土造,,132.74,3,2,2,有,無,10820000,89617,坡道平面,29.3,1550000,,RPOOMLTJJHLGFBD87CB,佳展安和,B1棟9號,
安南區,房地(土地+建物)+車位,臺南市安南區安和路四段與州南路交叉口,22.08,住,,,1141223,土地1建物1車位1,十五層,15,住宅大樓(11層含以上有電梯),住家用,鋼筋混凝土造,,132.74,3,2,2,有,無,11000000,91357,坡道平面,29.3,1550000,,RPPOMLTJJHLGFBD97CB,佳展安和,B1棟15號,
安南區,房地(土地+建物)+車位,臺南市安南區安和路四段與州南路交叉口,19.0,住,,,1141223,土地1建物1車位1,六層,15,住宅大樓(11層含以上有電梯),住家用,鋼筋混凝土造,,116.82,2,2,2,有,無,9390000,90722,坡道平面,29.3,1450000,,RPQOMLTJJHLGFBD08CB,佳展安和,B2棟6號,
安南區,房地(土地+建物)+車位,臺南市安南區安和路四段與州南路交叉口,19.0,住,,,1141223,土地1建物1車位1,八層,15,住宅大樓(11層含以上有電梯),住家用,鋼筋混凝土造,,116.82,2,2,2,有,無,9660000,92665,坡道平面,29.3,1550000,,RPROMLTJJHLGFBD18CB,佳展安和,B2棟8號,
安南區,房地(土地+建物)+車位,臺南市安南區安和路四段與州南路交叉口,16.95,住,,,1141223,土地1建物1車位1,十三層,15,住宅大樓(11層含以上有電梯),住家用,鋼筋混凝土造,,108.98,2,2,1,有,無,8920000,93750,坡道平面,29.3,1450000,,RPSOMLTJJHLGFBD28CB,佳展安和,B3棟13號,
安南區,房地(土地+建物)+車位,臺南市安南區安和路四段與州南路交叉口,17.46,住,,,1141223,土地1建物1車位1,二層,15,住宅大樓(11層含以上有電梯),住家用,鋼筋混凝土造,,109.64,2,2,1,有,無,8730000,88125,坡道平面,29.3,1650000,,RPTOMLTJJHLGFBD38CB,佳展安和,B5棟2號,
安南區,房地(土地+建物)+車位,臺南市安南區安和路四段與州南路交叉口,16.95,住,,,1141223,土地1建物1車位1,四層,15,住宅大樓(11層含以上有電梯),住家用,鋼筋混凝土造,,108.98,2,2,1,有,無,8800000,89734,坡道平面,29.3,1650000,,RPUOMLTJJHLGFBD48CB,佳展安和,B5棟4號,
安南區,房地(土地+建物)+車位,臺南市安南區安和路四段與州南路交叉口,16.95,住,,,1141223,土地1建物1車位1,五層,15,住宅大樓(11層含以上有電梯),住家用,鋼筋混凝土造,,108.98,2,2,1,有,無,8750000,90361,坡道平面,29.3,1550000,,RPVOMLTJJHLGFBD58CB,佳展安和,B5棟5號,
安南區,房地(土地+建物)+車位,臺南市安南區安和路四段與州南路交叉口,16.95,住,,,1141223,土地1建物1車位1,六層,15,住宅大樓(11層含以上有電梯),住家用,鋼筋混凝土造,,108.98,2,2,1,有,無,8700000,90989,坡道平面,29.3,1450000,,RPWOMLTJJHLGFBD68CB,佳展安和,B5棟6號,
安南區,房地(土地+建物)+車位,臺南市安南區安和路四段與州南路交叉口,19.0,住,,,1141223,土地1建物1車位1,四層,15,住宅大樓(11層含以上有電梯),住家用,鋼筋混凝土造,,116.82,2,2,2,有,無,9350000,90265,坡道平面,29.3,1450000,,RPXOMLTJJHLGFBD78CB,佳展安和,B6棟4號,
安南區,房地(土地+建物)+車位,臺南市安南區安和路四段與州南路交叉口,19.0,住,,,1141223,土地1建物1車位1,五層,15,住宅大樓(11層含以上有電梯),住家用,鋼筋混凝土造,,116.82,2,2,2,有,無,9580000,91750,坡道平面,29.3,1550000,,RPOPMLTJJHLGFBD97CB,佳展安和,B6棟5號,
安南區,房地(土地+建物)+車位,臺南市安南區安和路四段與州南路交叉口,19.0,住,,,1141223,土地1建物1車位1,七層,15,住宅大樓(11層含以上有電梯),住家用,鋼筋混凝土造,,116.82,2,2,2,有,無,9600000,93122,坡道平面,29.3,1450000,,RPPPMLTJJHLGFBD08CB,佳展安和,B6棟7號,
安南區,房地(土地+建物)+車位,臺南市安南區安和路四段與州南路交叉口,19.0,住,,,1141223,土地1建物1車位1,九層,15,住宅大樓(11層含以上有電梯),住家用,鋼筋混凝土造,,116.82,2,2,2,有,無,9800000,94264,坡道平面,29.3,1550000,,RPQPMLTJJHLGFBD18CB,佳展安和,B6棟9號,
安南區,房地(土地+建物)+車位,臺南市安南區安和路四段與州南路交叉口,19.0,住,,,1141223,土地1建物1車位1,十一層,15,住宅大樓(11層含以上有電梯),住家用,鋼筋混凝土造,,116.82,2,2,2,有,無,9660000,93807,坡道平面,29.3,1450000,,RPRPMLTJJHLGFBD28CB,佳展安和,B6棟11號,
安南區,房地(土地+建物)+車位,臺南市安南區安和路四段與州南路交叉口,19.0,住,,,1141223,土地1建物1車位1,十三層,15,住宅大樓(11層含以上有電梯),住家用,鋼筋混凝土造,,116.82,2,2,2,有,無,9900000,95407,坡道平面,29.3,1550000,,RPSPMLTJJHLGFBD38CB,佳展安和,B6棟13號,
安南區,房地(土地+建物)+車位,臺南市安南區安和路四段與州南路交叉口,24.14,住,,,1141223,土地1建物1車位1,四層,15,住宅大樓(11層含以上有電梯),住家用,鋼筋混凝土造,,142.52,3,2,2,有,無,11550000,89207,坡道平面,29.3,1450000,,RPTPMLTJJHLGFBD48CB,佳展安和,B7棟4號,
安南區,房地(土地+建物)+車位,臺南市安南區安和路四段與州南路交叉口,24.14,住,,,1141223,土地1建物1車位1,五層,15,住宅大樓(11層含以上有電梯),住家用,鋼筋混凝土造,,142.52,3,2,2,有,無,11700000,89648,坡道平面,29.3,1550000,,RPUPMLTJJHLGFBD58CB,佳展安和,B7棟5號,
安南區,房地(土地+建物)+車位,臺南市安南區安和路四段與州南路交叉口,24.14,住,,,1141223,土地1建物1車位1,六層,15,住宅大樓(11層含以上有電梯),住家用,鋼筋混凝土造,,142.52,3,2,2,有,無,11650000,90090,坡道平面,29.3,1450000,,RPVPMLTJJHLGFBD68CB,佳展安和,B7棟6號,
安南區,房地(土地+建物)+車位,臺南市安南區安和路四段與州南路交叉口,24.14,住,,,1141223,土地1建物1車位1,八層,15,住宅大樓(11層含以上有電梯),住家用,鋼筋混凝土造,,142.52,3,2,2,有,無,12000000,92298,坡道平面,29.3,1550000,,RPWPMLTJJHLGFBD78CB,佳展安和,B7棟8號,
安南區,房地(土地+建物)+車位,臺南市安南區安和路四段與州南路交叉口,24.14,住,,,1141223,土地1建物1車位1,九層,15,住宅大樓(11層含以上有電梯),住家用,鋼筋混凝土造,,142.52,3,2,2,有,無,12020000,92475,坡道平面,29.3,1550000,,RPXPMLTJJHLGFBD88CB,佳展安和,B7棟9號,
安南區,房地(土地+建物)+車位,臺南市安南區安和路四段與州南路交叉口,24.14,住,,,1141223,土地1建物1車位1,十層,15,住宅大樓(11層含以上有電梯),住家用,鋼筋混凝土造,,142.52,3,2,2,有,無,12080000,93005,坡道平面,29.3,1550000,,RPOQMLTJJHLGFBD08CB,佳展安和,B7棟10號,
安南區,房地(土地+建物)+車位,臺南市安南區安和路四段與州南路交叉口,24.14,住,,,1141223,土地1建物1車位1,十一層,15,住宅大樓(11層含以上有電梯),住家用,鋼筋混凝土造,,142.52,3,2,2,有,無,12000000,91415,坡道平面,29.3,1650000,,RPPQMLTJJHLGFBD18CB,佳展安和,B7棟11號,
安南區,房地(土地+建物)+車位,臺南市安南區安和路四段與州南路交叉口,24.14,住,,,1141223,土地1建物1車位1,十二層,15,住宅大樓(11層含以上有電梯),住家用,鋼筋混凝土造,,142.52,3,2,2,有,無,12100000,93181,坡道平面,29.3,1550000,,RPQQMLTJJHLGFBD28CB,佳展安和,B7棟12號,
安南區,房地(土地+建物)+車位,臺南市安南區安和路四段與州南路交叉口,24.14,住,,,1141223,土地1建物1車位1,十三層,15,住宅大樓(11層含以上有電梯),住家用,鋼筋混凝土造,,142.52,3,2,2,有,無,12300000,94065,坡道平面,29.3,1650000,,RPRQMLTJJHLGFBD38CB,佳展安和,B7棟13號,
安南區,房地(土地+建物)+車位,臺南市安南區安和路四段與州南路交叉口,24.14,住,,,1141223,土地1建物1車位1,十四層,15,住宅大樓(11層含以上有電梯),住家用,鋼筋混凝土造,,142.52,3,2,2,有,無,12170000,94683,坡道平面,29.3,1450000,,RPSQMLTJJHLGFBD48CB,佳展安和,B7棟14號,
安南區,房地(土地+建物)+車位,臺南市安南區安和路四段與州南路交叉口,19.0,住,,,1141223,土地1建物1車位2,二層,15,住宅大樓(11層含以上有電梯),住家用,鋼筋混凝土造,,147.83,2,2,2,有,無,10880000,84949,坡道平面,58.6,3300000,,RPTQMLTJJHLGFBD58CB,佳展安和,B8棟2號,
安南區,房地(土地+建物)+車位,臺南市安南區安和路四段與州南路交叉口,19.0,住,,,1141223,土地1建物1車位1,三層,15,住宅大樓(11層含以上有電梯),住家用,鋼筋混凝土造,,117.82,2,2,2,有,無,9280000,86195,坡道平面,29.3,1650000,,RPUQMLTJJHLGFBD68CB,佳展安和,B8棟3號,
安南區,房地(土地+建物)+車位,臺南市安南區安和路四段與州南路交叉口,19.0,住,,,1141223,土地1建物1車位1,四層,15,住宅大樓(11層含以上有電梯),住家用,鋼筋混凝土造,,117.82,2,2,2,有,無,8960000,84840,坡道平面,29.3,1450000,,RPVQMLTJJHLGFBD78CB,佳展安和,B8棟4號,
安南區,房地(土地+建物)+車位,臺南市安南區安和路四段與州南路交叉口,19.0,住,,,1141223,土地1建物1車位1,五層,15,住宅大樓(11層含以上有電梯),住家用,鋼筋混凝土造,,117.82,2,2,2,有,無,9060000,85969,坡道平面,29.3,1450000,,RPWQMLTJJHLGFBD88CB,佳展安和,B8棟5號,
安南區,房地(土地+建物)+車位,臺南市安南區安和路四段與州南路交叉口,19.0,住,,,1141223,土地1建物1車位1,六層,15,住宅大樓(11層含以上有電梯),住家用,鋼筋混凝土造,,117.82,2,2,2,有,無,9150000,86986,坡道平面,29.3,1450000,,RPXQMLTJJHLGFBD98CB,佳展安和,B8棟6號,
安南區,房地(土地+建物)+車位,臺南市安南區安和路四段與州南路交叉口,19.0,住,,,1141223,土地1建物1車位1,七層,15,住宅大樓(11層含以上有電梯),住家用,鋼筋混凝土造,,117.82,2,2,2,有,無,9330000,87890,坡道平面,29.3,1550000,,RPORMLTJJHLGFBD18CB,佳展安和,B8棟7號,
安南區,房地(土地+建物)+車位,臺南市安南區安和路四段與州南路交叉口,19.0,住,,,1141223,土地1建物1車位1,八層,15,住宅大樓(11層含以上有電梯),住家用,鋼筋混凝土造,,117.82,2,2,2,有,無,9410000,88793,坡道平面,29.3,1550000,,RPPRMLTJJHLGFBD28CB,佳展安和,B8棟8號,
安南區,房地(土地+建物)+車位,臺南市安南區安和路四段與州南路交叉口,19.0,住,,,1141223,土地1建物1車位1,九層,15,住宅大樓(11層含以上有電梯),住家用,鋼筋混凝土造,,117.82,2,2,2,有,無,9500000,90940,坡道平面,29.3,1450000,,RPQRMLTJJHLGFBD38CB,佳展安和,B8棟9號,
安南區,房地(土地+建物)+車位,臺南市安南區安和路四段與州南路交叉口,19.0,住,,,1141223,土地1建物1車位1,十層,15,住宅大樓(11層含以上有電梯),住家用,鋼筋混凝土造,,117.82,2,2,2,有,無,9650000,91505,坡道平面,29.3,1550000,,RPRRMLTJJHLGFBD48CB,佳展安和,B8棟10號,
安南區,房地(土地+建物)+車位,臺南市安南區安和路四段與州南路交叉口,19.0,住,,,1141223,土地1建物1車位1,十一層,15,住宅大樓(11層含以上有電梯),住家用,鋼筋混凝土造,,117.82,2,2,2,有,無,9370000,88342,坡道平面,29.3,1550000,,RPSRMLTJJHLGFBD58CB,佳展安和,B8棟11號,
安南區,房地(土地+建物)+車位,臺南市安南區安和路四段與州南路交叉口,19.0,住,,,1141223,土地1建物1車位1,十三層,15,住宅大樓(11層含以上有電梯),住家用,鋼筋混凝土造,,117.82,2,2,2,有,無,9650000,91505,坡道平面,29.3,1550000,,RPTRMLTJJHLGFBD68CB,佳展安和,B8棟13號,
安南區,房地(土地+建物)+車位,臺南市安南區安和路四段與州南路交叉口,26.19,住,,,1141223,土地1建物1車位1,三層,15,住宅大樓(11層含以上有電梯),住家用,鋼筋混凝土造,,150.87,3,2,2,有,無,12160000,88097,坡道平面,29.3,1450000,,RPURMLTJJHLGFBD78CB,佳展安和,C1棟3號,
安南區,房地(土地+建物)+車位,臺南市安南區安和路四段與州南路交叉口,26.19,住,,,1141223,土地1建物1車位1,六層,15,住宅大樓(11層含以上有電梯),住家用,鋼筋混凝土造,,150.87,3,2,2,有,無,12550000,90483,坡道平面,29.3,1550000,,RPVRMLTJJHLGFBD88CB,佳展安和,C1棟6號,
安南區,房地(土地+建物)+車位,臺南市安南區安和路四段與州南路交叉口,26.19,住,,,1141223,土地1建物1車位1,七層,15,住宅大樓(11層含以上有電梯),住家用,鋼筋混凝土造,,150.87,3,2,2,有,無,12500000,90894,坡道平面,29.3,1450000,,RPWRMLTJJHLGFBD98CB,佳展安和,C1棟7號,
安南區,房地(土地+建物)+車位,臺南市安南區安和路四段與州南路交叉口,26.19,住,,,1141223,土地1建物1車位1,八層,15,住宅大樓(11層含以上有電梯),住家用,鋼筋混凝土造,,150.87,3,2,2,有,無,12800000,91717,坡道平面,29.3,1650000,,RPXRMLTJJHLGFBD09CB,佳展安和,C1棟8號,
安南區,房地(土地+建物)+車位,臺南市安南區安和路四段與州南路交叉口,26.19,住,,,1141223,土地1建物1車位1,十層,15,住宅大樓(11層含以上有電梯),住家用,鋼筋混凝土造,,150.87,3,2,2,有,無,13200000,95830,坡道平面,29.3,1550000,,RPOSMLTJJHLGFBD28CB,佳展安和,C1棟10號,
安南區,房地(土地+建物)+車位,臺南市安南區安和路四段與州南路交叉口,26.19,住,,,1141223,土地1建物1車位1,十二層,15,住宅大樓(11層含以上有電梯),住家用,鋼筋混凝土造,,150.87,3,2,2,有,無,12670000,92293,坡道平面,29.3,1450000,,RPPSMLTJJHLGFBD38CB,佳展安和,C1棟12號,
安南區,房地(土地+建物)+車位,臺南市安南區安和路四段與州南路交叉口,30.3,住,,,1141223,土地1建物1車位1,三層,15,住宅大樓(11層含以上有電梯),住家用,鋼筋混凝土造,,169.31,4,2,2,有,無,13880000,88779,坡道平面,29.3,1450000,,RPQSMLTJJHLGFBD48CB,佳展安和,C2棟3號,
安南區,房地(土地+建物)+車位,臺南市安南區安和路四段與州南路交叉口,30.3,住,,,1141223,土地1建物1車位2,八層,15,住宅大樓(11層含以上有電梯),住家用,鋼筋混凝土造,,198.61,4,2,2,有,無,16100000,92851,坡道平面,58.6,3100000,,RPRSMLTJJHLGFBD58CB,佳展安和,C2棟8號,
安南區,房地(土地+建物)+車位,臺南市安南區安和路四段與州南路交叉口,30.3,住,,,1141223,土地1建物1車位1,十層,15,住宅大樓(11層含以上有電梯),住家用,鋼筋混凝土造,,169.31,4,2,2,有,無,14580000,93065,坡道平面,29.3,1550000,,RPSSMLTJJHLGFBD68CB,佳展安和,C2棟10號,
安南區,房地(土地+建物)+車位,臺南市安南區安和路四段與州南路交叉口,30.3,住,,,1141223,土地1建物1車位2,十二層,15,住宅大樓(11層含以上有電梯),住家用,鋼筋混凝土造,,198.61,4,2,2,有,無,16230000,92351,坡道平面,58.6,3300000,,RPTSMLTJJHLGFBD78CB,佳展安和,C2棟12號,
安南區,房地(土地+建物)+車位,臺南市安南區安和路四段與州南路交叉口,30.3,住,,,1141223,土地1建物1車位2,三層,15,住宅大樓(11層含以上有電梯),住家用,鋼筋混凝土造,,198.61,4,2,2,有,無,15700000,89994,坡道平面,58.6,3100000,,RPUSMLTJJHLGFBD88CB,佳展安和,C3棟3號,
安南區,房地(土地+建物)+車位,臺南市安南區安和路四段與州南路交叉口,30.3,住,,,1141223,土地1建物1車位2,六層,15,住宅大樓(11層含以上有電梯),住家用,鋼筋混凝土造,,198.61,4,2,2,有,無,16000000,90708,坡道平面,58.6,3300000,,RPVSMLTJJHLGFBD98CB,佳展安和,C3棟6號,
安南區,房地(土地+建物)+車位,臺南市安南區安和路四段與州南路交叉口,30.3,住,,,1141223,土地1建物1車位2,九層,15,住宅大樓(11層含以上有電梯),住家用,鋼筋混凝土造,,198.61,4,2,2,有,無,16500000,94279,坡道平面,58.6,3300000,,RPWSMLTJJHLGFBD09CB,佳展安和,C3棟9號,
安南區,房地(土地+建物)+車位,臺南市安南區安和路四段與州南路交叉口,30.3,住,,,1141223,土地1建物1車位2,十一層,15,住宅大樓(11層含以上有電梯),住家用,鋼筋混凝土造,,198.61,4,2,2,有,無,16080000,92708,坡道平面,58.6,3100000,,RPXSMLTJJHLGFBD56CB,佳展安和,C3棟11號,
安南區,房地(土地+建物)+車位,臺南市安南區安和路四段與州南路交叉口,30.3,住,,,1141223,土地1建物1車位2,十二層,15,住宅大樓(11層含以上有電梯),住家用,鋼筋混凝土造,,198.61,4,2,2,有,無,16230000,93779,坡道平面,58.6,3100000,,RPOTMLTJJHLGFBD38CB,佳展安和,C3棟12號,
安南區,房地(土地+建物)+車位,臺南市安南區安和路四段與州南路交叉口,26.19,住,,,1141223,土地1建物1車位1,二層,15,住宅大樓(11層含以上有電梯),住家用,鋼筋混凝土造,,150.85,3,2,2,有,無,12040000,87125,坡道平面,29.3,1450000,,RPPTMLTJJHLGFBD48CB,佳展安和,C5棟2號,
安南區,房地(土地+建物)+車位,臺南市安南區安和路四段與州南路交叉口,26.19,住,,,1141223,土地1建物1車位1,六層,15,住宅大樓(11層含以上有電梯),住家用,鋼筋混凝土造,,150.85,3,2,2,有,無,12470000,89840,坡道平面,29.3,1550000,,RPQTMLTJJHLGFBD58CB,佳展安和,C5棟6號,
安南區,房地(土地+建物)+車位,臺南市安南區安和路四段與州南路交叉口,26.19,住,,,1141223,土地1建物1車位1,八層,15,住宅大樓(11層含以上有電梯),住家用,鋼筋混凝土造,,150.85,3,2,2,有,無,12700000,91732,坡道平面,29.3,1550000,,RPRTMLTJJHLGFBD68CB,佳展安和,C5棟8號,
安南區,房地(土地+建物)+車位,臺南市安南區安和路四段與州南路交叉口,26.19,住,,,1141223,土地1建物1車位1,九層,15,住宅大樓(11層含以上有電梯),住家用,鋼筋混凝土造,,150.85,3,2,2,有,無,12950000,93789,坡道平面,29.3,1550000,,RPSTMLTJJHLGFBD78CB,佳展安和,C5棟9號,
安南區,房地(土地+建物)+車位,臺南市安南區安和路四段與州南路交叉口,26.19,住,,,1141223,土地1建物1車位1,十層,15,住宅大樓(11層含以上有電梯),住家用,鋼筋混凝土造,,150.85,3,2,2,有,無,13200000,95845,坡道平面,29.3,1550000,,RPTTMLTJJHLGFBD88CB,佳展安和,C5棟10號,
安南區,房地(土地+建物)+車位,臺南市安南區安和路四段與州南路交叉口,26.7,住,,,1141223,土地1建物1車位2,一層,15,店面(店鋪),商業用,鋼筋混凝土造,,180.84,0,0,1,有,無,21880000,153632,坡道平面,58.6,3100000,,RPUTMLTJJHLGFBD98CB,佳展安和,S7棟1號,
安南區,房地(土地+建物)+車位,臺南市安南區安和路四段與州南路交叉口,22.08,住,,,1141223,土地1建物1車位2,一層,15,店面(店鋪),商業用,鋼筋混凝土造,,160.64,0,0,1,有,無,19350000,157291,坡道平面,58.6,3300000,,RPVTMLTJJHLGFBD09CB,佳展安和,S8棟1號,
安南區,房地(土地+建物)+車位,臺南市安南區安和路四段與州南路交叉口,29.27,住,,,1141223,土地1建物1車位1,一層,15,店面(店鋪),商業用,鋼筋混凝土造,,162.44,0,0,1,有,無,21900000,153598,坡道平面,29.3,1450000,,RPWTMLTJJHLGFBD56CB,佳展安和,S9棟1號,
安南區,房地(土地+建物)+車位,臺南市安南區安和路四段與州南路交叉口,19.0,住,,,1141230,土地1建物1車位1,五層,15,住宅大樓(11層含以上有電梯),住家用,鋼筋混凝土造,,116.82,2,2,2,有,無,9700000,93122,坡道平面,29.3,1550000,,RPXTMLTJJHLGFBD66CB,佳展安和,B2棟5號,
安南區,房地(土地+建物)+車位,臺南市安南區安和路四段與州南路交叉口,19.0,住,,,1141230,土地1建物1車位1,九層,15,住宅大樓(11層含以上有電梯),住家用,鋼筋混凝土造,,116.82,2,2,2,有,無,10020000,96778,坡道平面,29.3,1550000,,RPOUMLTJJHLGFBD48CB,佳展安和,B2棟9號,
安南區,房地(土地+建物)+車位,臺南市安南區安和路四段與州南路交叉口,16.95,住,,,1141230,土地1建物1車位1,六層,15,住宅大樓(11層含以上有電梯),住家用,鋼筋混凝土造,,108.98,2,2,1,有,無,8700000,90989,坡道平面,29.3,1450000,,RPPUMLTJJHLGFBD58CB,佳展安和,B3棟6號,
安南區,房地(土地+建物)+車位,臺南市安南區安和路四段與州南路交叉口,16.95,住,,,1141230,土地1建物1車位1,七層,15,住宅大樓(11層含以上有電梯),住家用,鋼筋混凝土造,,108.98,2,2,1,有,無,9000000,94754,坡道平面,29.3,1450000,,RPQUMLTJJHLGFBD68CB,佳展安和,B3棟7號,
安南區,房地(土地+建物)+車位,臺南市安南區安和路四段與州南路交叉口,24.14,住,,,1141230,土地1建物1車位1,三層,15,住宅大樓(11層含以上有電梯),住家用,鋼筋混凝土造,,142.52,3,2,2,有,無,11520000,88942,坡道平面,29.3,1450000,,RPRUMLTJJHLGFBD78CB,佳展安和,B7棟3號,
安南區,房地(土地+建物)+車位,臺南市安南區安和路四段與州南路交叉口,24.14,住,,,1141230,土地1建物1車位1,十五層,15,住宅大樓(11層含以上有電梯),住家用,鋼筋混凝土造,,142.52,3,2,2,有,無,12380000,95654,坡道平面,29.3,1550000,,RPSUMLTJJHLGFBD88CB,佳展安和,B7棟15號,
安南區,房地(土地+建物)+車位,臺南市安南區安和路四段與州南路交叉口,19.0,住,,,1141230,土地1建物1車位1,十四層,15,住宅大樓(11層含以上有電梯),住家用,鋼筋混凝土造,,117.82,2,2,2,有,無,9860000,93877,坡道平面,29.3,1550000,,RPTUMLTJJHLGFBD98CB,佳展安和,B8棟14號,
安南區,房地(土地+建物)+車位,臺南市安南區安和路四段與州南路交叉口,26.19,住,,,1141230,土地1建物1車位1,四層,15,住宅大樓(11層含以上有電梯),住家用,鋼筋混凝土造,,150.87,3,2,2,有,無,12660000,91388,坡道平面,29.3,1550000,,RPUUMLTJJHLGFBD09CB,佳展安和,C1棟4號,
安南區,房地(土地+建物)+車位,臺南市安南區安和路四段與州南路交叉口,26.19,住,,,1141230,土地1建物1車位1,十一層,15,住宅大樓(11層含以上有電梯),住家用,鋼筋混凝土造,,150.87,3,2,2,有,無,13200000,95830,坡道平面,29.3,1550000,,RPVUMLTJJHLGFBD56CB,佳展安和,C1棟11號,
南區,房地(土地+建物)+車位,臺南市南區中華西路一段70巷,20.39,住,,,1150109,土地1建物1車位1,七層,9,華廈(10層含以下有電梯),住家用,鋼筋混凝土造,,133.75,2,2,2,有,無,12200000,115881,坡道平面,43.14,1700000,,RPPNMLTJJHLGFCD97CB,天生贏家７- 是建築,A棟6號,
學甲區,房地(土地+建物),臺南市學甲區賴承宗宗親會旁,78.16,,鄉村區,乙種建築用地,1150101,土地4建物1車位0,全,4,透天厝,住家用,鋼筋混凝土造,,168.5,4,2,4,有,無,8420000,49970,,0.0,0,,RPPNMLTJJHLGFGD38CB,杉禾苑,B棟11號,
安南區,房地(土地+建物)+車位,臺南市安南區安和路四段與州南路交叉口,22.08,住,,,1150106,土地1建物1車位1,十二層,15,住宅大樓(11層含以上有電梯),住家用,鋼筋混凝土造,,132.74,3,2,2,有,無,11350000,93774,坡道平面,29.3,1650000,,RPQNMLKKJHLGFBD17CB,佳展安和,B1棟12號,
安南區,房地(土地+建物)+車位,臺南市安南區安和路四段與州南路交叉口,19.0,住,,,1150106,土地1建物1車位1,八層,15,住宅大樓(11層含以上有電梯),住家用,鋼筋混凝土造,,116.82,2,2,2,有,無,10100000,97692,坡道平面,29.3,1550000,,RPRNMLKKJHLGFBD27CB,佳展安和,B6棟8號,
安南區,房地(土地+建物)+車位,臺南市安南區安和路四段與州南路交叉口,26.19,住,,,1141215,土地1建物1車位2,二層,15,住宅大樓(11層含以上有電梯),住家用,鋼筋混凝土造,,179.07,3,2,2,有,無,12100000,78391,坡道平面,57.5,2570000,親友、員工、共有人或其他特殊關係間之交易；,RPSNMLKKJHLGFBD37CB,佳展安和,C1棟2號,
安南區,房地(土地+建物)+車位,臺南市安南區安和路四段與州南路交叉口,30.3,住,,,1141215,土地1建物1車位2,二層,15,住宅大樓(11層含以上有電梯),住家用,鋼筋混凝土造,,198.61,4,2,2,有,無,13750000,78423,坡道平面,58.6,2770000,親友、員工、共有人或其他特殊關係間之交易；,RPTNMLKKJHLGFBD47CB,佳展安和,C2棟2號,
安南區,房地(土地+建物)+車位,臺南市安南區安和路四段與州南路交叉口,30.3,住,,,1141216,土地1建物1車位2,二層,15,住宅大樓(11層含以上有電梯),住家用,鋼筋混凝土造,,198.61,4,2,2,有,無,14480000,83565,坡道平面,58.6,2780000,親友、員工、共有人或其他特殊關係間之交易；,RPUNMLKKJHLGFBD57CB,佳展安和,C3棟2號,
安南區,房地(土地+建物)+車位,臺南市安南區安和路四段與州南路交叉口,30.3,住,,,1141216,土地1建物1車位2,八層,15,住宅大樓(11層含以上有電梯),住家用,鋼筋混凝土造,,197.51,4,2,2,有,無,14470000,82780,坡道平面,57.5,2880000,親友、員工、共有人或其他特殊關係間之交易；,RPVNMLKKJHLGFBD67CB,佳展安和,C3棟8號,
安南區,房地(土地+建物)+車位,臺南市安南區安和路四段與州南路交叉口,19.0,住,,,1141223,土地1建物1車位1,十層,15,住宅大樓(11層含以上有電梯),住家用,鋼筋混凝土造,,116.82,2,2,2,有,無,8690000,84438,坡道平面,29.3,1300000,親友、員工、共有人或其他特殊關係間之交易；,RPWNMLKKJHLGFBD77CB,佳展安和,B6棟10號,
安南區,房地(土地+建物)+車位,臺南市安南區九份子大道與樂活路口,39.28,住,,,1141228,土地1建物1車位2,一層,24,店面(店鋪),商業用,鋼筋混凝土造,,218.78,0,0,0,無,無,46380000,231905,坡道平面,38.62,4600000,樓高7.5米各樓層竣工實際高度仍以使用執照之標示為準,RPXNMLKKJHLGFBD87CB,?讀耶魯,S棟01號,
安南區,房地(土地+建物)+車位,臺南市安南區九份子大道跟樂活路口,20.0,住,,,1141221,土地1建物1車位1,一層,24,店面(店鋪),商業用,鋼筋混凝土造,,109.65,0,0,0,無,無,22250000,220988,坡道平面,17.79,1950000,樓高7.5米（各樓層竣工實際高度仍以使用執照之標示為準,RPOOMLKKJHLGFBD07CB,?讀耶魯,S棟03號,
安南區,房地(土地+建物)+車位,臺南市安南區九份子大道與樂活路口,7.73,住,,,1141222,土地1建物1車位1,七層,24,住宅大樓(11層含以上有電梯),住家用,鋼筋混凝土造,,88.39,2,2,1,有,無,9370000,95690,坡道機械,7.19,1600000,,RPPOMLKKJHLGFBD17CB,?讀耶魯,C棟10號,
安南區,房地(土地+建物)+車位,臺南市安南區宜居二路,22.78,住,,,1141214,土地1建物1車位1,十三層,24,住宅大樓(11層含以上有電梯),住家用,鋼筋混凝土造,,158.56,3,2,2,有,無,18200000,120224,坡道平面,22.98,1900000,,RPQOMLKKJHLGFBD27CB,皇龍天韻,A棟3號,
安南區,房地(土地+建物)+車位,臺南市安南區安和路四段與州南路交叉口,30.3,住,,,1150106,土地1建物1車位1,七層,15,住宅大樓(11層含以上有電梯),住家用,鋼筋混凝土造,,169.31,4,2,2,有,無,15020000,96207,坡道平面,29.3,1550000,,RPROMLKKJHLGFBD37CB,佳展安和,C3棟7號,
安南區,房地(土地+建物)+車位,臺南市安南區安和路四段與州南路交叉口,22.08,住,,,1141223,土地1建物1車位1,五層,15,住宅大樓(11層含以上有電梯),住家用,鋼筋混凝土造,,132.74,3,2,2,有,無,10550000,87007,坡道平面,29.3,1550000,,RPSOMLKKJHLGFBD47CB,佳展安和,B1棟5號,
安南區,房地(土地+建物)+車位,臺南市安南區海中街130巷,80.78,住,,,1150111,土地4建物1車位1,全,4,透天厝,住家用,鋼筋混凝土造,,149.42,3,2,2,有,無,14180000,94900,一樓平面,0.0,0,,RPPNMLLKJHLGFBD17CB,幾何學,A棟9號,
安南區,房地(土地+建物)+車位,臺南市安南區安佃街與安佃九街口,19.66,住,,,1141227,土地1建物1車位1,八層,15,住宅大樓(11層含以上有電梯),住家用,鋼筋混凝土造,,116.98,2,1,2,有,無,10050000,93195,坡道平面,24.7,1450000,,RPPNMLMKJHLGFBD27CB,希望翼,B棟2號,
新化區,房地(土地+建物),臺南市新化區唪口68號旁,22.99,,鄉村區,乙種建築用地,1150111,土地3建物1車位0,三層,8,華廈(10層含以下有電梯),見其他登記事項,鋼筋混凝土造,,73.73,2,2,1,有,無,5890000,79886,,0.0,0,,RPPNMLMKJHLGFHD87CB,永鄰6,3F-D號,
永康區,房地(土地+建物)+車位,臺南市永康區復國路,25.36,住,,,1150111,土地1建物1車位2,八層,14,住宅大樓(11層含以上有電梯),住家用,鋼筋混凝土造,,164.19,3,2,2,有,無,18160000,125010,坡道平面,44.52,3200000,,RPPNMLMKJHLGFKD18CB,春福平蒔都匯區,A棟1號,
關廟區,房地(土地+建物)+車位,臺南市關廟區中山路二段172號對面,82.18,住,,,1141218,土地2建物1車位2,一層,14,店面(店鋪),住商用,鋼筋混凝土造,,420.46,0,0,1,有,無,26350000,65901,坡道平面,66.14,3000000,,RPQNMLMKJHLGFID18DB,臺邦第一景II,K棟2號,
北區,房地(土地+建物)+車位,臺南市北區和緯路三段和文賢三街口,29.02,住,,,1141228,土地2建物1車位2,十七層,23,住宅大樓(11層含以上有電梯),住家用,鋼筋混凝土造,,253.24,3,2,2,有,無,37700000,176097,坡道平面,62.72,4150000,,RPPNMLNKJHLGFAD27CB,國泰原美,A棟A1-17F號,
北區,房地(土地+建物)+車位,臺南市北區和緯路三段和文賢三街口,22.68,住,,,1141228,土地2建物1車位1,十三層,23,住宅大樓(11層含以上有電梯),住家用,鋼筋混凝土造,,179.95,3,2,2,有,無,27730000,174844,坡道平面,31.36,1750000,,RPQNMLNKJHLGFAD37CB,國泰原美,A棟A5-13F號,
北區,房地(土地+建物)+車位,臺南市北區和緯路三段和文賢三街口,29.02,住,,,1141228,土地2建物1車位2,十七層,23,住宅大樓(11層含以上有電梯),住家用,鋼筋混凝土造,,253.24,3,2,2,有,無,37980000,178354,坡道平面,62.72,4000000,,RPRNMLNKJHLGFAD47CB,國泰原美,A棟A2-17F號,
北區,房地(土地+建物)+車位,臺南市北區和緯路三段和文賢三街口,29.02,住,,,1150103,土地2建物1車位2,二十二層,23,住宅大樓(11層含以上有電梯),住家用,鋼筋混凝土造,,253.24,3,2,2,有,無,39180000,183865,坡道平面,62.72,4150000,,RPSNMLNKJHLGFAD57CB,國泰原美,A棟A2-22F號,
北區,房地(土地+建物)+車位,臺南市北區和緯路三段和文賢三街口,29.02,住,,,1150103,土地2建物1車位2,二十二層,23,住宅大樓(11層含以上有電梯),住家用,鋼筋混凝土造,,253.24,3,2,2,有,無,39010000,183235,坡道平面,62.72,4100000,,RPTNMLNKJHLGFAD67CB,國泰原美,A棟A1-22F號,
北區,房地(土地+建物)+車位,臺南市北區和緯路三段和文賢三街口,25.11,住,,,1141230,土地2建物1車位1,十四層,23,住宅大樓(11層含以上有電梯),住家用,鋼筋混凝土造,,196.02,3,2,2,有,無,30840000,174541,坡道平面,31.36,2100000,,RPUNMLNKJHLGFAD77CB,國泰原美,A棟A3-14F號,
北區,房地(土地+建物)+車位,臺南市北區和緯路三段和文賢三街口,22.68,住,,,1150103,土地2建物1車位1,十九層,23,住宅大樓(11層含以上有電梯),住家用,鋼筋混凝土造,,179.95,3,2,2,有,無,28420000,178478,坡道平面,31.36,1900000,,RPVNMLNKJHLGFAD87CB,國泰原美,A棟A5-19F號,
北區,房地(土地+建物)+車位,臺南市北區和緯路三段和文賢三街口,22.68,住,,,1150103,土地2建物1車位1,十四層,23,住宅大樓(11層含以上有電梯),住家用,鋼筋混凝土造,,179.95,3,2,2,有,無,27820000,175449,坡道平面,31.36,1750000,,RPWNMLNKJHLGFAD97CB,國泰原美,A棟A5-14F號,
北區,房地(土地+建物)+車位,臺南市北區和緯路三段和文賢三街口,29.02,住,,,1150103,土地2建物1車位2,十五層,23,住宅大樓(11層含以上有電梯),住家用,鋼筋混凝土造,,253.24,3,2,2,有,無,37250000,175047,坡道平面,62.72,3900000,,RPXNMLNKJHLGFAD08CB,國泰原美,A棟A1-15F號,
安南區,房地(土地+建物)+車位,臺南市安南區宜居二路,22.78,住,,,1141219,土地1建物1車位1,十九層,24,住宅大樓(11層含以上有電梯),住家用,鋼筋混凝土造,,158.56,3,2,2,有,無,19040000,125682,坡道平面,22.98,2000000,,RPPNMLNKJHLGFBD37CB,皇龍天韻,A棟3號,
安南區,房地(土地+建物)+車位,臺南市安南區永續路與永續一街口,14.45,住,,,1141221,土地1建物1車位1,十四層,24,住宅大樓(11層含以上有電梯),住家用,鋼筋混凝土造,,117.26,1,2,2,有,無,12880000,125169,坡道平面,28.34,1750000,,RPQNMLNKJHLGFBD47CB,一字得,A5號,
安南區,房地(土地+建物)+車位,臺南市安南區永續路與永續一街口,11.05,住,,,1141221,土地1建物1車位1,四層,24,住宅大樓(11層含以上有電梯),住家用,鋼筋混凝土造,,97.04,0,0,0,無,無,9810000,118777,坡道平面,28.34,1650000,,RPRNMLNKJHLGFBD57CB,一字得,B8號,
東區,房地(土地+建物)+車位,臺南市東區仁和路62號一樓旁,13.64,住,,,1150101,土地6建物1車位1,十二層,14,住宅大樓(11層含以上有電梯),住家用,鋼筋混凝土造,,114.01,2,2,2,有,無,14280000,144273,坡道平面,29.24,2050000,,RPPNMLNKJHLGFCD47CB,宏福悅,B棟B5-12F號,
東區,房地(土地+建物)+車位,臺南市東區仁和路62號一樓旁,19.83,住,,,1141228,土地6建物1車位1,十二層,14,住宅大樓(11層含以上有電梯),住家用,鋼筋混凝土造,,152.75,3,2,2,有,無,20350000,145737,坡道平面,29.24,2350000,,RPQNMLNKJHLGFCD57CB,宏福悅,B棟B3-12F號,
東區,房地(土地+建物)+車位,臺南市東區仁和路62號一樓旁,14.32,住,,,1150110,土地6建物1車位1,八層,14,住宅大樓(11層含以上有電梯),住家用,鋼筋混凝土造,,118.48,2,2,2,有,無,14500000,138391,坡道平面,29.24,2150000,,RPRNMLNKJHLGFCD67CB,宏福悅,C棟C12-8F號,
東區,房地(土地+建物)+車位,臺南市東區仁和路62號一樓旁,11.28,住,,,1150106,土地6建物1車位1,三層,14,住宅大樓(11層含以上有電梯),住家用,鋼筋混凝土造,,97.13,1,2,1,有,無,11300000,134596,坡道平面,26.92,1850000,,RPSNMLNKJHLGFCD77CB,宏福悅,C棟C8-3F號,
仁德區,房地(土地+建物)+車位,臺南市仁德區北保東路46巷,20.92,住,,,1150104,土地1建物1車位1,三層,15,住宅大樓(11層含以上有電梯),住家用,鋼筋混凝土造,,124.39,2,2,1,有,無,9820000,92218,坡道平面,32.0,1300000,,RPPNMLNKJHLGFID08CB,昕悅東城,B棟6號,
歸仁區,房地(土地+建物)+車位,臺南市歸仁區高鐵十二路171號對面,32.24,住,,,1141216,土地1建物1車位1,七層,9,華廈(10層含以下有電梯),住家用,鋼筋混凝土造,,156.03,3,2,2,有,無,14800000,109394,坡道平面,33.08,1350000,,RPQNMLNKJHLGFID18CB,高鐵ONE,E棟E3-07F號,
歸仁區,房地(土地+建物)+車位,臺南市歸仁區高鐵十二路171號對面,20.95,住,,,1141216,土地1建物1車位1,三層,9,華廈(10層含以下有電梯),住家用,鋼筋混凝土造,,112.3,2,2,1,有,無,9580000,103801,坡道平面,32.05,1250000,,RPRNMLNKJHLGFID28CB,高鐵ONE,B棟B5-03F號,
永康區,房地(土地+建物)+車位,臺南市永康區平道路與永運一路交叉路口,15.83,商,,,1141229,土地1建物1車位1,十四層,14,住宅大樓(11層含以上有電梯),住家用,鋼筋混凝土造,,130.21,2,2,2,有,無,13250000,120262,坡道平面,34.17,1700000,,RPTNMLNKJHLGFKD68CB,櫻花南科之櫻,A7棟14號,
永康區,房地(土地+建物)+車位,臺南市永康區平道路與永運一路交叉路口,15.83,商,,,1150102,土地1建物1車位1,四層,14,住宅大樓(11層含以上有電梯),住家用,鋼筋混凝土造,,130.21,2,2,2,有,無,12950000,117139,坡道平面,34.17,1700000,,RPUNMLNKJHLGFKD78CB,櫻花南科之櫻,A7棟4號,
永康區,房地(土地+建物)+車位,臺南市永康區平道路與永運一路交叉路口,19.78,商,,,1150110,土地1建物1車位1,十二層,14,住宅大樓(11層含以上有電梯),住家用,鋼筋混凝土造,,155.32,3,2,2,有,無,16360000,120182,坡道平面,34.17,1800000,,RPVNMLNKJHLGFKD88CB,櫻花南科之櫻,A2棟12號,
永康區,房地(土地+建物)+車位,臺南市永康區大灣段0495地號,21.98,住,,,1141216,土地1建物1車位1,四層,9,華廈(10層含以下有電梯),住家用,鋼筋混凝土造,,103.82,2,2,2,有,無,9950000,107207,坡道平面,26.4,1650000,,RPWNMLNKJHLGFKD98CB,連建安什,A棟3號,
永康區,房地(土地+建物)+車位,臺南市永康區大灣段0495地號,29.78,住,,,1141230,土地1建物1車位1,六層,9,華廈(10層含以下有電梯),住家用,鋼筋混凝土造,,131.31,3,2,2,有,無,12800000,106758,一樓平面,26.4,1600000,,RPXNMLNKJHLGFKD09CB,連建安什,A棟2號,
永康區,房地(土地+建物)+車位,臺南市永康區大灣段495地號,22.65,住,,,1141218,土地1建物1車位1,七層,9,華廈(10層含以下有電梯),住家用,鋼筋混凝土造,,106.2,2,2,2,有,無,10310000,108521,坡道平面,26.4,1650000,,RPOOMLNKJHLGFKD28CB,連建安什,A棟6號,
永康區,房地(土地+建物)+車位,臺南市永康區忠孝路與忠孝路76巷交叉口,10.88,商,,,1141231,土地1建物1車位1,四層,15,住宅大樓(11層含以上有電梯),住家用,鋼筋混凝土造,,94.4,3,2,2,有,無,11450000,126949,坡道機械,9.72,700000,,RPPOMLNKJHLGFKD38CB,聯上豐實,B棟7號,
永康區,房地(土地+建物)+車位,臺南市永康區忠孝路與忠孝路76巷交叉口,16.6,商,,,1150103,土地1建物1車位1,十四層,15,住宅大樓(11層含以上有電梯),住家用,鋼筋混凝土造,,157.38,3,2,2,有,無,19100000,133555,坡道平面,28.22,1850000,,RPQOMLNKJHLGFKD48CB,聯上豐實,A棟6號,
永康區,房地(土地+建物)+車位,臺南市永康區忠孝路與忠孝路76巷交叉口,10.88,商,,,1150103,土地1建物1車位1,十四層,15,住宅大樓(11層含以上有電梯),住家用,鋼筋混凝土造,,108.35,3,2,2,有,無,13590000,138049,坡道平面,23.67,1900000,,RPROMLNKJHLGFKD58CB,聯上豐實,A棟7號,
永康區,房地(土地+建物)+車位,臺南市永康區忠孝路與忠孝路76巷交叉口,15.07,商,,,1150101,土地1建物1車位1,二層,15,住宅大樓(11層含以上有電梯),住家用,鋼筋混凝土造,,143.28,3,2,2,有,無,16600000,124192,坡道平面,25.72,2000000,此戶為露台戶，坪數約13.42坪,RPSOMLNKJHLGFKD68CB,聯上豐實,E棟5號,
永康區,房地(土地+建物)+車位,臺南市永康區忠孝路與忠孝路76巷交叉口,16.6,商,,,1141231,土地1建物1車位1,七層,15,住宅大樓(11層含以上有電梯),住家用,鋼筋混凝土造,,154.72,3,2,2,有,無,18830000,129690,坡道平面,25.72,2100000,,RPTOMLNKJHLGFKD78CB,聯上豐實,E棟1號,
永康區,房地(土地+建物)+車位,臺南市永康區忠孝路與忠孝路76巷交叉口,15.11,商,,,1150102,土地1建物1車位1,八層,15,住宅大樓(11層含以上有電梯),住家用,鋼筋混凝土造,,145.83,3,2,2,有,無,17600000,134767,坡道平面,28.22,1750000,,RPUOMLNKJHLGFKD88CB,聯上豐實,E棟6號,
永康區,房地(土地+建物)+車位,臺南市永康區忠孝路與忠孝路76巷交叉口,10.88,商,,,1141228,土地1建物1車位1,五層,15,住宅大樓(11層含以上有電梯),住家用,鋼筋混凝土造,,94.31,3,2,2,有,無,11600000,128857,坡道機械,9.72,700000,,RPVOMLNKJHLGFKD98CB,聯上豐實,E棟3號,
北區,房地(土地+建物)+車位,臺南市北區和緯路三段和文賢三街口,29.02,住,,,1150110,土地2建物1車位2,十層,23,住宅大樓(11層含以上有電梯),住家用,鋼筋混凝土造,,253.24,3,2,2,有,無,36730000,172055,坡道平面,62.72,3950000,,RPPNMLOKJHLGFAD37CB,國泰原美,A棟A1-10F號,
北區,房地(土地+建物)+車位,臺南市北區和緯路三段和文賢三街口,29.02,住,,,1150105,土地2建物1車位2,九層,23,住宅大樓(11層含以上有電梯),住家用,鋼筋混凝土造,,253.24,3,2,2,有,無,36800000,171898,坡道平面,62.72,4050000,,RPQNMLOKJHLGFAD47CB,國泰原美,A棟A2-09F號,
北區,房地(土地+建物)+車位,臺南市北區和緯路三段和文賢三街口,22.76,住,,,1150108,土地2建物1車位1,十三層,23,住宅大樓(11層含以上有電梯),住家用,鋼筋混凝土造,,180.93,3,2,2,有,無,28140000,175436,坡道平面,31.36,1900000,,RPRNMLOKJHLGFAD57CB,國泰原美,A棟A6-13F號,
北區,房地(土地+建物)+車位,臺南市北區和緯路三段和文賢三街口,22.76,住,,,1150110,土地2建物1車位1,十四層,23,住宅大樓(11層含以上有電梯),住家用,鋼筋混凝土造,,180.93,3,2,2,有,無,28180000,175704,坡道平面,31.36,1900000,,RPSNMLOKJHLGFAD67CB,國泰原美,A棟A6-14F號,
北區,房地(土地+建物)+車位,臺南市北區和緯路三段和文賢三街口,22.76,住,,,1150105,土地2建物1車位1,七層,23,住宅大樓(11層含以上有電梯),住家用,鋼筋混凝土造,,180.93,3,2,2,有,無,26500000,165474,坡道平面,31.36,1750000,,RPTNMLOKJHLGFAD77CB,國泰原美,A棟A6-07F號,
北區,房地(土地+建物)+車位,臺南市北區和緯路三段和文賢三街口,22.68,住,,,1150110,土地2建物1車位1,十八層,23,住宅大樓(11層含以上有電梯),住家用,鋼筋混凝土造,,179.95,3,2,2,有,無,28500000,179353,坡道平面,31.36,1850000,,RPUNMLOKJHLGFAD87CB,國泰原美,A棟A5-18F號,
安南區,房地(土地+建物)+車位,臺南市安南區安中路四段211巷附近,30.27,住,,,1150107,土地4建物1車位1,四層,5,華廈(10層含以下有電梯),住家用,鋼筋混凝土造,,96.92,3,2,2,有,無,8400000,83404,一樓平面,14.19,1500000,,RPPNMLOKJHLGFBD47CB,合恆 寓紳鄰-曙光,A棟3號,
安南區,房地(土地+建物)+車位,臺南市安南區安中路四段211巷附近,32.02,住,,,1150109,土地4建物1車位1,四層,5,華廈(10層含以下有電梯),住家用,鋼筋混凝土造,,101.68,3,2,2,有,無,8700000,82295,一樓平面,14.19,1500000,,RPQNMLOKJHLGFBD57CB,合恆 寓紳鄰-曙光,B棟5號,
安南區,房地(土地+建物)+車位,臺南市安南區安中路四段211巷附近,28.7,住,,,1150113,土地4建物1車位1,四層,5,華廈(10層含以下有電梯),住家用,鋼筋混凝土造,,92.67,3,2,2,有,無,7910000,81677,一樓平面,14.19,1500000,,RPRNMLOKJHLGFBD67CB,合恆 寓紳鄰-曙光,C棟1號,
安南區,房地(土地+建物),臺南市安南區安中路四段211巷附近,23.33,住,,,1150103,土地4建物1車位0,二層,5,華廈(10層含以下有電梯),住家用,鋼筋混凝土造,,63.77,2,2,1,有,無,5380000,84366,,0.0,0,,RPSNMLOKJHLGFBD77CB,合恆 寓紳鄰-曙光,C棟2號,
安南區,房地(土地+建物),臺南市安南區安中路四段211巷附近,23.33,住,,,1150105,土地4建物1車位0,五層,5,華廈(10層含以下有電梯),住家用,鋼筋混凝土造,,63.77,2,2,1,有,無,5380000,84366,,0.0,0,,RPTNMLOKJHLGFBD87CB,合恆 寓紳鄰-曙光,C棟2號,
安南區,房地(土地+建物)+車位,臺南市安南區州南路與州南五街口,29.14,住,,,1150106,土地1建物1車位2,九層,13,住宅大樓(11層含以上有電梯),住家用,鋼筋混凝土造,,201.89,3,2,2,有,無,16500000,106608,坡道平面,74.32,2900000,,RPUNMLOKJHLGFBD97CB,硯青,E棟E1-9F號,
安南區,房地(土地+建物)+車位,臺南市安南區州南路與州南五街口,27.13,住,,,1150106,土地1建物1車位1,五層,13,住宅大樓(11層含以上有電梯),住家用,鋼筋混凝土造,,157.64,3,2,2,有,無,14100000,102922,坡道平面,37.16,1700000,,RPVNMLOKJHLGFBD08CB,硯青,A棟A5-5F號,
安南區,房地(土地+建物)+車位,臺南市安南區州南路與州南五街口,19.09,住,,,1150106,土地1建物1車位1,四層,13,住宅大樓(11層含以上有電梯),住家用,鋼筋混凝土造,,121.53,2,2,2,有,無,10200000,101932,坡道平面,37.16,1600000,,RPWNMLOKJHLGFBD18CB,硯青,D棟D5-4F號,
安南區,房地(土地+建物)+車位,臺南市安南區州南路與州南五街口,29.14,住,,,1150106,土地1建物1車位1,八層,13,住宅大樓(11層含以上有電梯),住家用,鋼筋混凝土造,,164.73,3,2,2,有,無,15370000,106373,坡道平面,37.16,1800000,,RPXNMLOKJHLGFBD28CB,硯青,E棟E1-8F號,
安南區,房地(土地+建物)+車位,臺南市安南區州南路與州南五街口,28.64,住,,,1141221,土地1建物1車位1,十層,13,住宅大樓(11層含以上有電梯),住家用,鋼筋混凝土造,,162.4,3,2,2,有,無,15300000,107793,坡道平面,37.16,1800000,,RPPOMLOKJHLGFBD57CB,硯青,B棟B6-10F號,
安南區,房地(土地+建物)+車位,臺南市安南區州南路與州南五街口,27.13,住,,,1150106,土地1建物1車位1,六層,13,住宅大樓(11層含以上有電梯),住家用,鋼筋混凝土造,,157.64,3,2,2,有,無,14580000,106076,坡道平面,37.16,1800000,,RPQOMLOKJHLGFBD67CB,硯青,A棟A5-6F號,
安南區,房地(土地+建物)+車位,臺南市安南區州南路與州南五街口,27.13,住,,,1150106,土地1建物1車位1,七層,13,住宅大樓(11層含以上有電梯),住家用,鋼筋混凝土造,,157.64,3,2,2,有,無,14400000,106242,坡道平面,37.16,1600000,,RPROMLOKJHLGFBD77CB,硯青,A棟A5-7F號,
安南區,房地(土地+建物)+車位,臺南市安南區九份子大道與樂活路口,8.3,住,,,1141227,土地1建物1車位1,四層,24,住宅大樓(11層含以上有電梯),住家用,鋼筋混凝土造,,106.98,2,2,1,有,無,11490000,108247,坡道平面,19.31,2000000,,RPSOMLOKJHLGFBD87CB,?讀耶魯,B棟08號,
安南區,房地(土地+建物)+車位,臺南市安南區九份子大道與樂活路口,11.48,住,,,1141227,土地1建物1車位1,六層,24,住宅大樓(11層含以上有電梯),住家用,鋼筋混凝土造,,140.47,3,2,2,有,無,15650000,112661,坡道平面,19.31,2000000,,RPTOMLOKJHLGFBD97CB,?讀耶魯,B棟09號,
新化區,房地(土地+建物),臺南市新化區正新路312號後方,33.91,住,,,1150111,土地1建物1車位0,二層,5,華廈(10層含以下有電梯),住家用,鋼筋混凝土造,,76.84,2,2,2,有,無,7000000,91098,,0.0,0,,RPPNMLOKJHLGFHD08CB,協奏曲3期,A棟A1號,
仁德區,房地(土地+建物)+車位,臺南市仁德區仁義六街20巷,17.55,住,,,1150109,土地1建物1車位1,六層,15,住宅大樓(11層含以上有電梯),住家用,鋼筋混凝土造,,116.2,2,2,2,有,無,9950000,97790,坡道平面,29.79,1500000,,RPPNMLOKJHLGFID18CB,佳晟家仁,A2棟6F號,
仁德區,房地(土地+建物)+車位,臺南市仁德區正義路205巷,86.16,住,,,1150103,土地4建物1車位1,全,4,透天厝,住家用,鋼筋混凝土造,,194.24,4,2,4,有,無,23000000,118410,一樓平面,13.75,0,交易總價包含非建物之坐落土地，台南市仁德區中清段377-6地號，價格8萬。,RPQNMLOKJHLGFID28CB,森樂章,A棟9號,
仁德區,房地(土地+建物)+車位,臺南市仁德區正義路205巷,86.16,住,,,1150111,土地4建物1車位1,全,4,透天厝,住家用,鋼筋混凝土造,,197.98,4,2,4,有,無,22600000,114153,一樓平面,13.75,0,交易總價包含非建物之坐落土地，台南市仁德區中清段377-6地號，價格8萬。,RPRNMLOKJHLGFID38CB,森樂章,A棟11號,
仁德區,房地(土地+建物)+車位,臺南市仁德區正義路205巷,117.97,住,,,1150110,土地4建物1車位1,全,4,透天厝,住家用,鋼筋混凝土造,,304.26,5,2,5,有,無,33080000,108723,一樓平面,13.75,0,交易總價包含非建物之坐落土地，台南市仁德區中清段377-6地號，價格6萬。,RPSNMLOKJHLGFID48CB,森樂章,B棟7號,
安南區,房地(土地+建物)+車位,臺南市安南區州南路與州南五街口,27.13,住,,,1150106,土地1建物1車位2,四層,13,住宅大樓(11層含以上有電梯),住家用,鋼筋混凝土造,,194.8,3,2,2,有,無,15200000,101262,坡道平面,74.32,3000000,,RPPNMLPKJHLGFBD57CB,硯青,A棟A5-4F號,
佳里區,房地(土地+建物)+車位,臺南市佳里區中興街310巷50號對面,38.55,住,,,1141230,土地2建物1車位1,六層,8,華廈(10層含以下有電梯),住家用,鋼筋混凝土造,,147.01,3,2,2,有,無,10000000,76957,一樓平面,32.66,1200000,,RPPNMLPKJHLGFGD08CB,快捷市,E棟7號,
永康區,房地(土地+建物)+車位,臺南市永康區王行路898巷,18.56,住,,,1141228,土地2建物1車位1,六層,11,住宅大樓(11層含以上有電梯),住家用,鋼筋混凝土造,,107.65,2,2,1,有,無,8980000,95262,坡道平面,27.03,1300000,,RPPNMLPKJHLGFKD48CB,上宇LINK,A棟6號,
永康區,房地(土地+建物)+車位,臺南市永康區永大二路永吉路,13.4,商,,,1150105,土地1建物1車位1,四層,15,住宅大樓(11層含以上有電梯),住家用,鋼筋混凝土造,,136.46,3,2,2,有,無,12560000,104084,坡道平面,31.16,1600000,,RPQNMLPKJHLGFKD58CB,時代至上,A棟7號,
永康區,房地(土地+建物),臺南市永康區永大二路永吉路,10.27,商,,,1150107,土地1建物1車位0,四層,15,住宅大樓(11層含以上有電梯),住家用,鋼筋混凝土造,,80.88,2,2,2,有,無,8550000,105712,,0.0,0,,RPRNMLPKJHLGFKD68CB,時代至上,A棟8號,
歸仁區,房地(土地+建物)+車位,臺南市歸仁區成功一街,37.45,住,,,1141229,土地1建物1車位1,五層,7,華廈(10層含以下有電梯),見其他登記事項,鋼筋混凝土造,,127.23,3,2,2,有,無,13050000,101812,一樓平面,15.75,1700000,,RPQNMLPKJHLGFID48DB,漁上游7．歸心市見,5F-A1號,
南區,房地(土地+建物),臺南市南區中華西路一段70巷,22.12,住,,,1150110,土地1建物1車位0,一層,9,店面(店鋪),商業用,鋼筋混凝土造,,90.55,0,0,0,無,無,13880000,153285,,0.0,0,,RPPNMLQKJHLGFCD77CB,天生贏家７- 是建築,S棟02號,
東區,房地(土地+建物)+車位,臺南市東區後甲三街X平實二街,17.9,商,,,1150104,土地2建物1車位1,十三層,21,住宅大樓(11層含以上有電梯),住家用,鋼筋混凝土造,,159.86,3,2,2,有,無,25250000,173712,坡道平面,25.73,1950000,,RPQNMLQKJHLGFCD87CB,國城?實,H棟1號,
東區,房地(土地+建物)+車位,臺南市東區後甲三街X平實二街,18.83,商,,,1150111,土地2建物1車位1,八層,24,住宅大樓(11層含以上有電梯),住家用,鋼筋混凝土造,,167.23,3,2,2,有,無,27140000,178021,坡道平面,25.73,1950000,,RPRNMLQKJHLGFCD97CB,國城?實,E棟5號,
東區,房地(土地+建物)+車位,臺南市東區後甲三街X平實二街,18.83,商,,,1150111,土地2建物1車位1,九層,24,住宅大樓(11層含以上有電梯),住家用,鋼筋混凝土造,,167.23,3,2,2,有,無,27100000,178445,坡道平面,25.73,1850000,,RPSNMLQKJHLGFCD08CB,國城?實,E棟5號,
東區,房地(土地+建物)+車位,臺南市東區後甲三街X平實二街,10.95,商,,,1150109,土地2建物1車位1,八層,20,住宅大樓(11層含以上有電梯),住家用,鋼筋混凝土造,,107.79,2,2,2,有,無,16630000,178893,坡道平面,25.73,1950000,,RPUNMLQKJHLGFCD28CB,國城?實,K棟7號,
東區,房地(土地+建物)+車位,臺南市東區後甲三街X平實二街,18.83,商,,,1150108,土地2建物1車位1,十二層,24,住宅大樓(11層含以上有電梯),住家用,鋼筋混凝土造,,167.23,3,2,2,有,無,27420000,180000,坡道平面,25.73,1950000,,RPVNMLQKJHLGFCD38CB,國城?實,E棟5號,
東區,房地(土地+建物)+車位,臺南市東區後甲三街X平實二街,18.83,商,,,1150107,土地2建物1車位1,十三層,24,住宅大樓(11層含以上有電梯),住家用,鋼筋混凝土造,,167.23,3,2,2,有,無,27420000,180000,坡道平面,25.73,1950000,,RPWNMLQKJHLGFCD48CB,國城?實,E棟5號,
新營區,房地(土地+建物)+車位,臺南市新營區金華路一段及三興街交叉口,17.15,住,,,1141225,土地2建物1車位1,十三層,15,住宅大樓(11層含以上有電梯),住家用,鋼筋混凝土造,,118.09,2,2,2,有,無,9330000,87484,坡道平面,25.73,1250000,,RPPNMLQKJHLGFDD87CB,佳順 ? 大悅,D3棟1號,
新營區,房地(土地+建物)+車位,臺南市新營區金華路一段及三興街交叉口,16.46,住,,,1141225,土地2建物1車位1,五層,15,住宅大樓(11層含以上有電梯),住家用,鋼筋混凝土造,,115.15,2,2,2,有,無,9150000,86110,坡道平面,25.73,1450000,,RPQNMLQKJHLGFDD97CB,佳順 ? 大悅,A8棟1號,
新營區,房地(土地+建物)+車位,臺南市新營區金華路一段及三興街交叉口,16.46,住,,,1141225,土地2建物1車位1,六層,15,住宅大樓(11層含以上有電梯),住家用,鋼筋混凝土造,,115.15,2,2,2,有,無,9150000,86110,坡道平面,25.73,1450000,,RPRNMLQKJHLGFDD08CB,佳順 ? 大悅,A8棟1號,
六甲區,房地(土地+建物)+車位,臺南市六甲區中正路及仁愛街交叉口,26.67,住,,,1141223,土地1建物1車位1,七層,9,華廈(10層含以下有電梯),住家用,鋼筋混凝土造,,94.77,2,2,2,有,無,7200000,77952,坡道平面,17.8,1200000,,RPPNMLQKJHLGFFD08CB,好事HOUSE6,A3號,
善化區,房地(土地+建物)+車位,臺南市善化區興華路,17.94,住,,,1141221,土地1建物1車位1,四層,14,住宅大樓(11層含以上有電梯),住家用,鋼筋混凝土造,,130.1,2,2,2,有,無,13200000,118301,坡道平面,32.89,1700000,,RPPNMLQKJHLGFHD28CB,興華苑,1棟4E號,
歸仁區,房地(土地+建物)+車位,臺南市歸仁區西埔二街70巷1號旁,36.74,,鄉村區,乙種建築用地,1150113,土地2建物1車位1,六層,6,華廈(10層含以下有電梯),住家用,鋼筋混凝土造,,86.84,2,2,2,有,無,7960000,87700,一樓平面,14.32,1600000,親友、員工、共有人或其他特殊關係間之交易；,RPPNMLQKJHLGFID38CB,初居3,E棟E1/6F號,
永康區,房地(土地+建物),臺南市永康區中山路185巷與自強路379巷,93.61,住,,,1150110,土地1建物1車位0,全,5,透天厝,住家用,鋼筋混凝土造,,242.54,5,2,5,有,無,33060000,136307,,0.0,0,,RPPNMLQKJHLGFKD58CB,寶太上境,A棟6號,
安南區,房地(土地+建物)+車位,臺南市安南區安和路四段與州南路交叉口,19.0,住,,,1150113,土地1建物1車位1,二層,15,住宅大樓(11層含以上有電梯),住家用,鋼筋混凝土造,,116.82,2,2,2,有,無,9750000,93693,坡道平面,29.3,1550000,,RPPNMLRKJHLGFBD77CB,佳展安和,B2棟2號,
安南區,房地(土地+建物)+車位,臺南市安南區安和路四段與州南路交叉口,19.0,住,,,1150113,土地1建物1車位1,四層,15,住宅大樓(11層含以上有電梯),住家用,鋼筋混凝土造,,116.82,2,2,2,有,無,9670000,93921,坡道平面,29.3,1450000,,RPQNMLRKJHLGFBD87CB,佳展安和,B2棟4號,
安南區,房地(土地+建物)+車位,臺南市安南區安和路四段與州南路交叉口,16.95,住,,,1150112,土地1建物1車位1,四層,15,住宅大樓(11層含以上有電梯),住家用,鋼筋混凝土造,,108.98,2,2,1,有,無,8770000,91867,坡道平面,29.3,1450000,,RPRNMLRKJHLGFBD97CB,佳展安和,B3棟4號,
安南區,房地(土地+建物)+車位,臺南市安南區安和路四段與州南路交叉口,26.19,住,,,1150113,土地1建物1車位1,五層,15,住宅大樓(11層含以上有電梯),住家用,鋼筋混凝土造,,150.87,3,2,2,有,無,13000000,95007,坡道平面,29.3,1450000,,RPSNMLRKJHLGFBD08CB,佳展安和,C1棟5號,
東區,房地(土地+建物)+車位,臺南市東區後甲三街X平實二街,16.43,商,,,1141221,土地2建物1車位1,十層,20,住宅大樓(11層含以上有電梯),住家用,鋼筋混凝土造,,148.55,3,2,2,有,無,23380000,173669,坡道平面,25.73,2050000,,RPPNMLRKJHLGFCD87CB,國城?實,K棟5號,
東區,房地(土地+建物)+車位,臺南市東區後甲三街X平實二街,10.95,商,,,1150105,土地2建物1車位1,六層,21,住宅大樓(11層含以上有電梯),住家用,鋼筋混凝土造,,107.79,2,2,2,有,無,16530000,177675,坡道平面,25.73,1950000,,RPQNMLRKJHLGFCD97CB,國城?實,H棟3號,
東區,房地(土地+建物)+車位,臺南市東區後甲三街X平實二街,10.95,商,,,1150105,土地2建物1車位1,六層,21,住宅大樓(11層含以上有電梯),住家用,鋼筋混凝土造,,107.79,2,2,2,有,無,16520000,177553,坡道平面,25.73,1950000,,RPRNMLRKJHLGFCD08CB,國城?實,I棟3號,
善化區,房地(土地+建物),臺南市善化區茄拔63-5號右方,25.47,,鄉村區,乙種建築用地,1150101,土地3建物1車位0,三層,6,華廈(10層含以下有電梯),住家用,鋼筋混凝土造,,74.72,2,2,2,有,無,6800000,91006,,0.0,0,,RPPNMLRKJHLGFHD38CB,安盛首善,A5棟0號,
新化區,房地(土地+建物),臺南市新化區唪口68號旁,22.99,,鄉村區,乙種建築用地,1150118,土地3建物1車位0,六層,8,華廈(10層含以下有電梯),見其他登記事項,鋼筋混凝土造,,73.73,2,2,1,有,無,6010000,81514,,0.0,0,,RPPNMLSKJHLGFHD48CB,永鄰6,6F-D號,
新化區,房地(土地+建物)+車位,臺南市新化區民生路234巷,26.25,住,,,1141231,土地1建物1車位1,五層,15,住宅大樓(11層含以上有電梯),住家用,鋼筋混凝土造,,129.63,2,2,2,有,無,10650000,98620,坡道平面,36.85,1500000,,RPRNMLSKJHLGFHD68CB,白樓2璞域,壹棟D號,
新化區,房地(土地+建物)+車位,臺南市新化區民生路234巷,33.88,住,,,1141228,土地1建物1車位1,六層,15,住宅大樓(11層含以上有電梯),住家用,鋼筋混凝土造,,156.63,3,2,2,有,無,13300000,98097,坡道平面,36.85,1550000,,RPSNMLSKJHLGFHD78CB,白樓2璞域,壹棟B號,
北區,房地(土地+建物)+車位,臺南市北區和緯路三段和文賢三街口,29.02,住,,,1150113,土地2建物1車位2,七層,23,住宅大樓(11層含以上有電梯),住家用,鋼筋混凝土造,,253.24,3,2,2,有,無,36450000,170848,坡道平面,62.72,3900000,,RPPNMLTKJHLGFAD87CB,國泰原美,A棟A2-07F號,
北區,房地(土地+建物)+車位,臺南市北區和緯路三段和文賢三街口,22.68,住,,,1150114,土地2建物1車位1,十層,23,住宅大樓(11層含以上有電梯),住家用,鋼筋混凝土造,,180.41,3,2,2,有,無,27420000,168870,坡道平面,31.36,2250000,,RPQNMLTKJHLGFAD97CB,國泰原美,A棟A4-10F號,
北區,房地(土地+建物)+車位,臺南市北區和緯路三段和文賢三街口,25.02,住,,,1150116,土地2建物1車位1,五層,23,住宅大樓(11層含以上有電梯),住家用,鋼筋混凝土造,,195.63,3,2,2,有,無,28500000,161320,坡道平面,31.36,2000000,,RPRNMLTKJHLGFAD08CB,國泰原美,A棟A3-05F號,
北區,房地(土地+建物)+車位,臺南市北區和緯路三段和文賢三街口,22.68,住,,,1150117,土地2建物1車位1,十二層,23,住宅大樓(11層含以上有電梯),住家用,鋼筋混凝土造,,180.41,3,2,2,有,無,27140000,170346,坡道平面,31.36,1750000,,RPSNMLTKJHLGFAD18CB,國泰原美,A棟A4-12F號,
安南區,房地(土地+建物)+車位,臺南市安南區州南路與州南五街口,25.12,住,,,1150115,土地1建物1車位1,六層,13,住宅大樓(11層含以上有電梯),住家用,鋼筋混凝土造,,147.63,3,2,2,有,無,13830000,108898,坡道平面,37.16,1800000,,RPPNMLTKJHLGFBD97CB,硯青,B棟B2-6F號,
安南區,房地(土地+建物)+車位,臺南市安南區州南路與州南五街口,27.13,住,,,1150115,土地1建物1車位1,十層,13,住宅大樓(11層含以上有電梯),住家用,鋼筋混凝土造,,157.64,3,2,2,有,無,14700000,107902,坡道平面,37.16,1700000,,RPQNMLTKJHLGFBD08CB,硯青,A棟A5-10F號,
安南區,房地(土地+建物)+車位,臺南市安南區州南路與州南五街口,23.62,住,,,1150115,土地1建物1車位1,六層,13,住宅大樓(11層含以上有電梯),住家用,鋼筋混凝土造,,140.51,3,2,2,有,無,12600000,105467,坡道平面,37.16,1700000,,RPRNMLTKJHLGFBD18CB,硯青,E棟E3-6F號,
安南區,房地(土地+建物)+車位,臺南市安南區州南路與州南五街口,23.62,住,,,1150115,土地1建物1車位1,八層,13,住宅大樓(11層含以上有電梯),住家用,鋼筋混凝土造,,140.51,3,2,2,有,無,12630000,106725,坡道平面,37.16,1600000,,RPSNMLTKJHLGFBD28CB,硯青,E棟E3-8F號,
安南區,房地(土地+建物)+車位,臺南市安南區州南路與州南五街口,28.64,住,,,1150115,土地1建物1車位2,八層,13,住宅大樓(11層含以上有電梯),住家用,鋼筋混凝土造,,199.56,3,2,2,有,無,16200000,106995,坡道平面,74.32,2800000,,RPTNMLTKJHLGFBD38CB,硯青,B棟B6-8F號,
安南區,房地(土地+建物)+車位,臺南市安南區州南路與州南五街口,29.14,住,,,1150115,土地1建物1車位1,七層,13,住宅大樓(11層含以上有電梯),住家用,鋼筋混凝土造,,164.73,3,2,2,有,無,15230000,106059,坡道平面,37.16,1700000,,RPUNMLTKJHLGFBD48CB,硯青,E棟E1-7F號,
安南區,房地(土地+建物)+車位,臺南市安南區州南路與州南五街口,29.14,住,,,1150115,土地1建物1車位1,五層,13,住宅大樓(11層含以上有電梯),住家用,鋼筋混凝土造,,164.73,3,2,2,有,無,15050000,104648,坡道平面,37.16,1700000,,RPVNMLTKJHLGFBD58CB,硯青,E棟E1-5F號,
東區,房地(土地+建物)+車位,臺南市東區中華東路一段與瑞祥街交叉口,12.45,商,,,1150114,土地2建物1車位1,八層,28,住宅大樓(11層含以上有電梯),住家用,鋼筋混凝土造,,156.57,3,2,2,有,無,25980000,181217,坡道平面,26.45,2400000,,RPPNMLTKJHLGFCD08CB,浩瀚無極,C棟C6號,
南區,房地(土地+建物)+車位,臺南市南區中華西路一段70巷,20.39,住,,,1150117,土地1建物1車位1,四層,9,華廈(10層含以下有電梯),住家用,鋼筋混凝土造,,133.75,2,2,2,有,無,11420000,107273,坡道平面,43.14,1700000,,RPQNMLTKJHLGFCD18CB,天生贏家７- 是建築,A棟6號,
東區,房地(土地+建物)+車位,臺南市東區裕忠路與裕興街口,28.42,住,,,1150114,土地3建物1車位1,六層,12,住宅大樓(11層含以上有電梯),住家用,鋼筋混凝土造,,152.95,3,2,2,有,無,22190000,175705,坡道平面,39.18,2200000,,RPRNMLTKJHLGFCD28CB,宗大虎隱,B5棟6號,
東區,房地(土地+建物),臺南市東區裕忠路與裕興街口,28.42,住,,,1150112,土地3建物1車位0,八層,12,住宅大樓(11層含以上有電梯),住家用,鋼筋混凝土造,,113.77,3,2,2,有,無,21000000,184583,,0.0,0,,RPSNMLTKJHLGFCD38CB,宗大虎隱,B5棟8號,
東區,房地(土地+建物)+車位,臺南市東區裕忠路與裕興街口,20.59,住,,,1150112,土地3建物1車位1,八層,12,住宅大樓(11層含以上有電梯),住家用,鋼筋混凝土造,,122.0,2,2,2,有,無,17480000,184496,坡道平面,39.18,2200000,,RPTNMLTKJHLGFCD48CB,宗大虎隱,B6棟8號,
西港區,房地(土地+建物),臺南市西港區大塭寮126號旁,76.21,,鄉村區,乙種建築用地,1141230,土地5建物1車位0,全,3,透天厝,住家用,鋼筋混凝土造,,130.09,3,2,3,有,無,12000000,92244,,0.0,0,,RPPNMLTKJHLGFGD48CB,5福霖門6期—旭潗,A棟7號,
新化區,房地(土地+建物),臺南市新化區信義路131巷,102.75,住,,,1141223,土地1建物1車位0,全,3,透天厝,住家用,鋼筋混凝土造,,186.37,4,2,5,有,無,19080000,102377,,0.0,0,,RPPNMLTKJHLGFHD58CB,白樓3璞墅,A棟7號,
歸仁區,房地(土地+建物)+車位,臺南市歸仁區大仁街,34.71,住,,,1150110,土地1建物1車位1,三層,6,華廈(10層含以下有電梯),住家用,鋼筋混凝土造,,103.44,3,2,2,有,無,10180000,93132,其他,6.91,1190000,,RPPNMLTKJHLGFID68CB,春宜NO.5,A棟3號,
歸仁區,房地(土地+建物)+車位,臺南市歸仁區西埔二街70巷1號旁,47.77,,鄉村區,乙種建築用地,1150117,土地2建物1車位1,四層,6,華廈(10層含以下有電梯),住家用,鋼筋混凝土造,,108.62,3,2,2,有,無,9580000,84624,一樓平面,14.32,1600000,,RPQNMLTKJHLGFID78CB,初居3,E棟E7/4F號,
永康區,房地(土地+建物)+車位,臺南市永康區平道路與永運一路交叉路口,19.78,商,,,1150112,土地1建物1車位1,十一層,14,住宅大樓(11層含以上有電梯),住家用,鋼筋混凝土造,,155.32,3,2,2,有,無,16220000,119026,坡道平面,34.17,1800000,,RPPNMLTKJHLGFKD88CB,櫻花南科之櫻,A2棟11號,
永康區,房地(土地+建物)+車位,臺南市永康區忠孝路與忠孝路76巷交叉口,16.6,商,,,1150111,土地1建物1車位1,五層,15,住宅大樓(11層含以上有電梯),住家用,鋼筋混凝土造,,157.53,3,2,2,有,無,17900000,124507,坡道平面,28.22,1800000,,RPQNMLTKJHLGFKD98CB,聯上豐實,A棟5號,
永康區,房地(土地+建物)+車位,臺南市永康區忠孝路與忠孝路76巷交叉口,10.77,商,,,1150117,土地1建物1車位1,十層,15,住宅大樓(11層含以上有電梯),住家用,鋼筋混凝土造,,93.5,3,2,2,有,無,11750000,131893,坡道機械,9.72,700000,,RPRNMLTKJHLGFKD09CB,聯上豐實,A棟3號,
永康區,房地(土地+建物)+車位,臺南市永康區忠孝路與忠孝路76巷交叉口,16.6,商,,,1150104,土地1建物1車位1,十層,15,住宅大樓(11層含以上有電梯),住家用,鋼筋混凝土造,,154.88,3,2,2,有,無,19080000,131465,坡道平面,25.72,2100000,,RPSNMLTKJHLGFKD56CB,聯上豐實,A棟6號,
安南區,房地(土地+建物)+車位,臺南市安南區新宅五街,20.43,住,,,1150116,土地1建物1車位1,九層,13,住宅大樓(11層含以上有電梯),住家用,鋼筋混凝土造,,126.67,2,2,1,有,無,11550000,104209,坡道平面,32.34,1720000,,RPPNMLKLJHLGFBD17CB,昕暉詠翠,B棟3號,
東區,房地(土地+建物)+車位,臺南市東區後甲三街X平實二街,10.95,商,,,1150117,土地2建物1車位1,五層,21,住宅大樓(11層含以上有電梯),住家用,鋼筋混凝土造,,107.79,2,2,2,有,無,16430000,176456,坡道平面,25.73,1950000,,RPPNMLKLJHLGFCD27CB,國城?實,H棟3號,
東區,房地(土地+建物)+車位,臺南市東區後甲三街X平實二街,17.76,商,,,1150117,土地2建物1車位1,十五層,21,住宅大樓(11層含以上有電梯),住家用,鋼筋混凝土造,,158.74,3,2,2,有,無,25250000,175175,坡道平面,25.73,1950000,,RPQNMLKLJHLGFCD37CB,國城?實,H棟2號,
鹽水區,房地(土地+建物),臺南市鹽水區蔦松路201巷,111.0,,特定農業區,甲種建築用地,1150110,土地2建物1車位0,全,4,透天厝,住家用,鋼筋混凝土造,,178.52,4,2,4,有,無,11800000,66099,,0.0,0,,RPPNMLKLJHLGFDD37CB,仙盈大鎮 第二期,Y棟7號,
新營區,房地(土地+建物)+車位,臺南市新營區金華路一段及三興街交叉口,26.75,住,,,1141223,土地2建物1車位2,十三層,15,住宅大樓(11層含以上有電梯),住家用,鋼筋混凝土造,,196.57,3,2,2,有,無,15140000,88485,坡道平面,51.46,2300000,本戶共買兩個車位，車位合併計算,RPQNMLKLJHLGFDD47CB,佳順 ? 大悅,B1棟1號,
新營區,房地(土地+建物)+車位,臺南市新營區金華路一段及三興街交叉口,17.15,住,,,1141223,土地2建物1車位1,五層,15,住宅大樓(11層含以上有電梯),住家用,鋼筋混凝土造,,118.76,2,2,2,有,無,9100000,84381,坡道平面,25.73,1250000,,RPRNMLKLJHLGFDD57CB,佳順 ? 大悅,B3棟1號,
新營區,房地(土地+建物)+車位,臺南市新營區金華路一段及三興街交叉口,26.75,住,,,1141223,土地2建物1車位1,十五層,15,住宅大樓(11層含以上有電梯),住家用,鋼筋混凝土造,,169.97,3,2,2,有,無,14280000,88949,坡道平面,25.73,1450000,,RPSNMLKLJHLGFDD67CB,佳順 ? 大悅,B6棟1號,
西港區,房地(土地+建物)+車位,臺南市西港區檨仔林18號之1旁,78.16,,鄉村區,乙種建築用地,1141227,土地2建物1車位1,全,3,透天厝,住家用,鋼筋混凝土造,,125.85,5,2,3,有,無,12400000,98530,一樓平面,0.0,0,,RPPNMLKLJHLGFGD67CB,誠銳美居,A棟8號,
善化區,房地(土地+建物)+車位,臺南市善化區六分寮260號旁,27.38,,鄉村區,乙種建築用地,1150113,土地1建物1車位1,六層,7,華廈(10層含以下有電梯),住家用,鋼筋混凝土造,,104.37,3,2,2,有,無,7030000,64335,一樓平面,13.75,1200000,,RPPNMLKLJHLGFHD77CB,鄉景尚品,A棟9號,
東區,房地(土地+建物)+車位,臺南市東區後甲三街X平實二街,16.43,商,,,1150117,土地2建物1車位1,十八層,20,住宅大樓(11層含以上有電梯),住家用,鋼筋混凝土造,,148.52,3,2,2,有,無,24060000,178842,坡道平面,25.73,2100000,,RPPNMLLLJHLGFCD37CB,國城?實,J棟6號,
東區,房地(土地+建物)+車位,臺南市東區後甲三街X平實二街,17.76,商,,,1150117,土地2建物1車位1,十七層,21,住宅大樓(11層含以上有電梯),住家用,鋼筋混凝土造,,158.74,3,2,2,有,無,25030000,172769,坡道平面,25.73,2050000,,RPQNMLLLJHLGFCD47CB,國城?實,H棟2號,
東區,房地(土地+建物)+車位,臺南市東區後甲三街X平實二街,18.83,商,,,1150116,土地2建物1車位1,七層,24,住宅大樓(11層含以上有電梯),住家用,鋼筋混凝土造,,168.3,3,2,2,有,無,27000000,177032,坡道平面,26.8,1950000,,RPRNMLLLJHLGFCD57CB,國城?實,E棟5號,
東區,房地(土地+建物)+車位,臺南市東區後甲三街X平實二街,16.43,商,,,1150116,土地2建物1車位1,七層,20,住宅大樓(11層含以上有電梯),住家用,鋼筋混凝土造,,148.52,3,2,2,有,無,23580000,176154,坡道平面,25.73,1950000,,RPSNMLLLJHLGFCD67CB,國城?實,J棟6號,
東區,房地(土地+建物)+車位,臺南市東區後甲三街X平實二街,17.76,商,,,1150116,土地2建物1車位1,十一層,20,住宅大樓(11層含以上有電梯),住家用,鋼筋混凝土造,,158.74,3,2,2,有,無,24550000,169160,坡道平面,25.73,2050000,,RPTNMLLLJHLGFCD77CB,國城?實,K棟2號,
東區,房地(土地+建物)+車位,臺南市東區後甲三街X平實二街,10.95,商,,,1150116,土地2建物1車位1,五層,21,住宅大樓(11層含以上有電梯),住家用,鋼筋混凝土造,,107.79,2,2,2,有,無,16320000,176334,坡道平面,25.73,1850000,,RPUNMLLLJHLGFCD87CB,國城?實,I棟3號,
東區,房地(土地+建物)+車位,臺南市東區後甲三街X平實二街,17.9,商,,,1150116,土地2建物1車位1,十四層,21,住宅大樓(11層含以上有電梯),住家用,鋼筋混凝土造,,159.86,3,2,2,有,無,25500000,174458,坡道平面,25.73,2100000,,RPVNMLLLJHLGFCD97CB,國城?實,H棟1號,
新營區,房地(土地+建物),臺南市新營區南新段258地號,28.14,住,,,1141225,土地1建物1車位0,五層,5,華廈(10層含以下有電梯),住家用,鋼筋混凝土造,,72.62,2,2,1,有,無,6580000,90609,,0.0,0,,RPPNMLLLJHLGFDD47CB,林森薈3,D棟5D2號,
新營區,房地(土地+建物),臺南市新營區南新段258-12地號,68.32,住,,,1141225,土地1建物1車位0,全,4,透天厝,住家用,鋼筋混凝土造,,172.16,2,2,4,有,無,16400000,95260,,0.0,0,合建分售親友、員工、共有人或其他特殊關係間之交易；,RPTNMLLLJHLGFDD87CB,林森薈3,A棟A5號,
西港區,房地(土地+建物)+車位,臺南市西港區溪埔寮社區,25.99,,鄉村區,乙種建築用地,1150120,土地1建物1車位1,三層,6,華廈(10層含以下有電梯),住家用,鋼筋混凝土造,,114.5,2,2,2,有,無,9480000,81304,坡道平面,17.58,1600000,,RPPNMLLLJHLGFGD77CB,帝邦L'ART,B棟8號,
仁德區,房地(土地+建物)+車位,臺南市仁德區正義路205巷,203.58,農,,,1150114,土地4建物1車位1,全,4,透天厝,住家用,鋼筋混凝土造,,271.21,5,2,5,有,無,34420000,126913,一樓平面,13.75,0,交易總價包含非建物之坐落土地，台南市仁德區中清段377-6地號，價格144萬。,RPPNMLLLJHLGFID97CB,森樂章,B棟6號,
仁德區,房地(土地+建物)+車位,臺南市仁德區正義路205巷,117.97,住,,,1150114,土地4建物1車位1,全,4,透天厝,住家用,鋼筋混凝土造,,295.66,5,2,5,有,無,32760000,110803,一樓平面,13.75,0,交易總價包含非建物之坐落土地，台南市仁德區中清段377-6地號，價格6萬。,RPQNMLLLJHLGFID08CB,森樂章,B棟1號,
仁德區,房地(土地+建物)+車位,臺南市仁德區正義路205巷,116.24,住,,,1150117,土地4建物1車位1,全,4,透天厝,住家用,鋼筋混凝土造,,302.85,5,2,5,有,無,31900000,105333,一樓平面,13.75,0,交易總價包含非建物之坐落土地，台南市仁德區中清段377-6地號，價格6萬。,RPRNMLLLJHLGFID18CB,森樂章,B棟5號,
安南區,房地(土地+建物)+車位,臺南市安南區安和路四段與州南路交叉口,22.08,住,,,1150119,土地1建物1車位1,四層,15,住宅大樓(11層含以上有電梯),住家用,鋼筋混凝土造,,132.74,3,2,2,有,無,10920000,90584,坡道平面,29.3,1550000,,RPPNMLMLJHLGFBD37CB,佳展安和,B1棟4號,
安南區,房地(土地+建物)+車位,臺南市安南區安和路四段與州南路交叉口,16.95,住,,,1150119,土地1建物1車位1,五層,15,住宅大樓(11層含以上有電梯),住家用,鋼筋混凝土造,,108.98,2,2,1,有,無,8950000,94127,坡道平面,29.3,1450000,,RPQNMLMLJHLGFBD47CB,佳展安和,B3棟5號,
安南區,房地(土地+建物)+車位,臺南市安南區安和路四段與州南路交叉口,30.3,住,,,1150119,土地1建物1車位2,四層,15,住宅大樓(11層含以上有電梯),住家用,鋼筋混凝土造,,198.61,4,2,2,有,無,15730000,91636,坡道平面,58.6,2900000,,RPRNMLMLJHLGFBD57CB,佳展安和,C2棟4號,
安南區,房地(土地+建物)+車位,臺南市安南區安和路四段與州南路交叉口,16.95,住,,,1150119,土地1建物1車位1,一層,15,店面(店鋪),商業用,鋼筋混凝土造,,108.37,0,0,1,有,無,15290000,172505,坡道平面,29.3,1650000,,RPSNMLMLJHLGFBD67CB,佳展安和,S3棟1號,
東區,房地(土地+建物)+車位,臺南市東區後甲三街X平實二街,10.95,商,,,1150110,土地2建物1車位1,二十層,21,住宅大樓(11層含以上有電梯),住家用,鋼筋混凝土造,,107.79,2,2,2,有,無,16170000,173897,坡道平面,25.73,1900000,,RPPNMLMLJHLGFCD47CB,國城?實,I棟7號,
新營區,房地(土地+建物)+車位,臺南市新營區金華路一段及三興街交叉口,26.75,住,,,1141229,土地2建物1車位2,十層,15,住宅大樓(11層含以上有電梯),住家用,鋼筋混凝土造,,196.57,3,2,2,有,無,15790000,90207,坡道平面,51.46,2700000,本戶共買兩個車位，車位合併計算,RPPNMLMLJHLGFDD57CB,佳順 ? 大悅,B1棟1號,
新營區,房地(土地+建物)+車位,臺南市新營區金華路一段及三興街交叉口,26.75,住,,,1141229,土地2建物1車位2,十層,15,住宅大樓(11層含以上有電梯),住家用,鋼筋混凝土造,,195.7,3,2,2,有,無,15310000,90197,坡道平面,51.46,2300000,本戶共買兩個車位車位合併計價,RPQNMLMLJHLGFDD67CB,佳順 ? 大悅,B6棟1號,
新營區,房地(土地+建物)+車位,臺南市新營區金華路一段及三興街交叉口,16.46,住,,,1150105,土地2建物1車位1,五層,15,住宅大樓(11層含以上有電梯),住家用,鋼筋混凝土造,,115.53,2,2,2,有,無,9100000,87416,坡道平面,25.73,1250000,,RPSNMLMLJHLGFDD87CB,佳順 ? 大悅,A1棟1號,
新營區,房地(土地+建物)+車位,臺南市新營區金華路一段及三興街交叉口,28.81,住,,,1150112,土地2建物1車位1,四層,15,住宅大樓(11層含以上有電梯),住家用,鋼筋混凝土造,,179.24,3,2,2,有,無,13250000,78171,坡道平面,25.73,1250000,,RPTNMLMLJHLGFDD97CB,佳順 ? 大悅,B2棟1號,
新營區,房地(土地+建物)+車位,臺南市新營區金華路一段及三興街交叉口,26.75,住,,,1150112,土地2建物1車位1,八層,15,住宅大樓(11層含以上有電梯),住家用,鋼筋混凝土造,,169.97,3,2,2,有,無,14160000,89504,坡道平面,25.73,1250000,,RPUNMLMLJHLGFDD08CB,佳順 ? 大悅,B6棟1號,
新營區,房地(土地+建物)+車位,臺南市新營區金華路一段及三興街交叉口,25.38,住,,,1150105,土地2建物1車位1,八層,15,住宅大樓(11層含以上有電梯),住家用,鋼筋混凝土造,,161.4,3,2,2,有,無,13370000,88597,坡道平面,25.73,1350000,,RPVNMLMLJHLGFDD18CB,佳順 ? 大悅,C5棟1號,
永康區,房地(土地+建物)+車位,臺南市永康區新興街34巷及六合路71巷交叉口,45.68,住,,,1141231,土地1建物1車位1,二層,5,華廈(10層含以下有電梯),住家用,鋼筋混凝土造,,134.92,3,2,2,有,無,13800000,105014,一樓平面,20.65,1800000,親友、員工、共有人或其他特殊關係間之交易；,RPPNMLMLJHLGFKD28CB,欣澄佳6,A1號,
永康區,房地(土地+建物)+車位,臺南市永康區新興街34巷及六合路71巷交叉口,45.68,住,,,1141231,土地1建物1車位1,三層,5,華廈(10層含以下有電梯),住家用,鋼筋混凝土造,,134.92,3,2,2,有,無,13800000,105014,一樓平面,20.65,1800000,親友、員工、共有人或其他特殊關係間之交易；,RPQNMLMLJHLGFKD38CB,欣澄佳6,A1號,
永康區,房地(土地+建物)+車位,臺南市永康區新興街34巷及六合路71巷交叉口,45.68,住,,,1150105,土地1建物1車位1,四層,5,華廈(10層含以下有電梯),住家用,鋼筋混凝土造,,134.92,3,2,2,有,無,13800000,105014,一樓平面,20.65,1800000,,RPRNMLMLJHLGFKD48CB,欣澄佳6,A1號,
永康區,房地(土地+建物)+車位,臺南市永康區新興街34巷及六合路71巷交叉口,45.68,住,,,1141231,土地1建物1車位1,五層,5,華廈(10層含以下有電梯),住家用,鋼筋混凝土造,,139.04,3,2,2,有,無,13800000,105014,一樓平面,24.77,1800000,親友、員工、共有人或其他特殊關係間之交易；,RPSNMLMLJHLGFKD58CB,欣澄佳6,A1號,
永康區,房地(土地+建物)+車位,臺南市永康區新興街34巷及六合路71巷交叉口,46.16,住,,,1141231,土地1建物1車位1,二層,5,華廈(10層含以下有電梯),住家用,鋼筋混凝土造,,136.09,3,2,2,有,無,13600000,102218,一樓平面,20.65,1800000,,RPTNMLMLJHLGFKD68CB,欣澄佳6,A2號,
永康區,房地(土地+建物)+車位,臺南市永康區新興街34巷及六合路71巷交叉口,46.16,住,,,1141231,土地1建物1車位1,三層,5,華廈(10層含以下有電梯),住家用,鋼筋混凝土造,,136.09,3,2,2,有,無,13800000,103950,一樓平面,20.65,1800000,親友、員工、共有人或其他特殊關係間之交易；,RPUNMLMLJHLGFKD78CB,欣澄佳6,A2號,
永康區,房地(土地+建物)+車位,臺南市永康區新興街34巷及六合路71巷交叉口,46.16,住,,,1141231,土地1建物1車位2,五層,5,華廈(10層含以下有電梯),住家用,鋼筋混凝土造,,160.86,3,2,2,有,無,13800000,103950,一樓平面,45.42,1800000,親友、員工、共有人或其他特殊關係間之交易；,RPWNMLMLJHLGFKD98CB,欣澄佳6,A2號,
安南區,房地(土地+建物)+車位,臺南市安南區安和路四段與州南路交叉口,22.08,住,,,1150106,土地1建物1車位1,十一層,15,住宅大樓(11層含以上有電梯),住家用,鋼筋混凝土造,,132.74,3,2,2,有,無,11250000,93774,坡道平面,29.3,1550000,,RPPNMLNLJHLGFBD47CB,佳展安和,B1棟11號,
東區,房地(土地+建物)+車位,臺南市東區裕文路62號對面,54.09,其他,,,1150111,土地1建物1車位1,六層,12,住宅大樓(11層含以上有電梯),住家用,鋼筋混凝土造,,246.08,3,2,3,有,無,38990000,172569,坡道平面,32.6,2150000,,RPPNMLNLJHLGFCD57CB,舜之璽,B棟1號,
後壁區,房地(土地+建物),臺南市後壁區後壁147-59號對面,126.73,住,,,1150115,土地2建物1車位0,全,3,透天厝,住家用,鋼筋混凝土造,,150.96,5,2,3,有,無,11500000,76179,,0.0,0,,RPPNMLNLJHLGFED77CB,樂活居,A棟16號,
南區,房地(土地+建物)+車位,臺南市南區中華西路一段70巷,20.39,住,,,1150124,土地1建物1車位1,五層,9,華廈(10層含以下有電梯),住家用,鋼筋混凝土造,,133.75,2,2,2,有,無,11460000,107714,坡道平面,43.14,1700000,,RPPNMLOLJHLGFCD67CB,天生贏家７- 是建築,A棟6號,
南區,房地(土地+建物)+車位,臺南市南區中華西路一段70巷,20.39,住,,,1150123,土地1建物1車位1,三層,9,華廈(10層含以下有電梯),住家用,鋼筋混凝土造,,133.75,2,2,2,有,無,11300000,105949,坡道平面,43.14,1700000,,RPQNMLOLJHLGFCD77CB,天生贏家７- 是建築,A棟6號,
善化區,房地(土地+建物)+車位,臺南市善化區龍目井路與陽光三路交叉口,18.87,住,,,1141223,土地1建物1車位1,二層,15,住宅大樓(11層含以上有電梯),住家用,鋼筋混凝土造,,112.12,2,2,2,有,無,10440000,100696,坡道平面,27.31,1900000,,RPPNMLOLJHLGFHD18CB,佳鋐科匯,A3棟0號,
善化區,房地(土地+建物)+車位,臺南市善化區龍目井路與陽光三路交叉口,28.14,住,,,1141231,土地1建物1車位1,十五層,15,住宅大樓(11層含以上有電梯),住家用,鋼筋混凝土造,,156.61,3,2,2,有,無,15500000,104524,坡道平面,28.41,2100000,,RPQNMLOLJHLGFHD28CB,佳鋐科匯,A2棟0號,
善化區,房地(土地+建物)+車位,臺南市善化區龍目井路與陽光三路交叉口,26.08,住,,,1141231,土地1建物1車位1,六層,15,住宅大樓(11層含以上有電梯),住家用,鋼筋混凝土造,,146.82,3,2,2,有,無,14550000,106832,坡道平面,28.41,1900000,,RPRNMLOLJHLGFHD38CB,佳鋐科匯,B2棟0號,
善化區,房地(土地+建物)+車位,臺南市善化區龍目井路與陽光三路交叉口,28.14,住,,,1150106,土地1建物1車位2,十五層,15,住宅大樓(11層含以上有電梯),住家用,鋼筋混凝土造,,184.08,3,2,2,有,無,17680000,107496,坡道平面,56.82,4000000,,RPSNMLOLJHLGFHD48CB,佳鋐科匯,B5棟0號,
善化區,房地(土地+建物)+車位,臺南市善化區龍目井路與陽光三路交叉口,19.9,住,,,1150106,土地1建物1車位1,十層,15,住宅大樓(11層含以上有電梯),住家用,鋼筋混凝土造,,119.34,2,2,1,有,無,11530000,105906,坡道平面,28.41,1900000,,RPTNMLOLJHLGFHD58CB,佳鋐科匯,A6棟0號,
善化區,房地(土地+建物)+車位,臺南市善化區龍目井路與陽光三路交叉口,20.59,住,,,1150113,土地1建物1車位1,十二層,15,住宅大樓(11層含以上有電梯),住家用,鋼筋混凝土造,,121.99,2,2,1,有,無,11780000,105578,坡道平面,28.41,1900000,,RPUNMLOLJHLGFHD68CB,佳鋐科匯,A5棟0號,
善化區,房地(土地+建物),臺南市善化區龍目井路與陽光三路交叉口,18.87,住,,,1150113,土地1建物1車位0,四層,15,住宅大樓(11層含以上有電梯),住家用,鋼筋混凝土造,,84.81,2,2,2,有,無,8720000,102818,,0.0,0,,RPVNMLOLJHLGFHD78CB,佳鋐科匯,A3棟0號,
善化區,房地(土地+建物)+車位,臺南市善化區龍目井路與陽光三路交叉口,18.87,住,,,1150120,土地1建物1車位1,十一層,15,住宅大樓(11層含以上有電梯),住家用,鋼筋混凝土造,,113.22,2,2,2,有,無,11000000,107299,坡道平面,28.41,1900000,,RPWNMLOLJHLGFHD88CB,佳鋐科匯,A3棟0號,
安南區,房地(土地+建物)+車位,臺南市安南區九份子大道與樂活路口,7.94,住,,,1150101,土地1建物1車位1,二十層,24,住宅大樓(11層含以上有電梯),住家用,鋼筋混凝土造,,102.81,2,2,1,有,無,11300000,110180,坡道平面,19.31,2100000,,RPPNMLPLJHLGFBD67CB,?讀耶魯,B棟02號,
安南區,房地(土地+建物)+車位,臺南市安南區九份子大道與樂活路口,7.94,住,,,1150110,土地1建物1車位1,十六層,24,住宅大樓(11層含以上有電梯),住家用,鋼筋混凝土造,,102.75,2,2,1,有,無,11120000,108102,坡道平面,19.31,2100000,,RPQNMLPLJHLGFBD77CB,?讀耶魯,A棟02號,
北區,房地(土地+建物)+車位,臺南市北區前鋒路,8.57,住,,,1141226,土地1建物1車位1,六層,24,住宅大樓(11層含以上有電梯),住家用,鋼筋混凝土造,,92.62,1,1,1,有,無,14950000,175699,坡道平面,21.76,2500000,交易總價含下列非屬預售屋價格之費用:家電費,RPPNMLQLJHLGFAD67CB,成大之森,A棟A07-06F號,
六甲區,房地(土地+建物)+車位,臺南市六甲區光明街/光復街口,30.07,住,,,1150119,土地1建物1車位1,四層,5,華廈(10層含以下有電梯),住家用,鋼筋混凝土造,,75.84,2,2,2,有,無,6940000,91508,其他,0.0,900000,該停車位位於法定空地上,RPQNMLQLJHLGFFD28CB,風光合3,A棟5號,
永康區,房地(土地+建物)+車位,臺南市永康區平道十六街與水漾路交叉口,23.83,住,,,1150117,土地1建物1車位1,十二層,15,住宅大樓(11層含以上有電梯),住家用,鋼筋混凝土造,,148.7,3,2,2,有,無,19600000,143745,坡道平面,24.87,1800000,,RPPNMLQLJHLGFKD68CB,遠雄山禾,D棟D06F12號,
北區,房地(土地+建物)+車位,臺南市北區前鋒路,13.76,住,,,1141230,土地1建物1車位1,九層,24,住宅大樓(11層含以上有電梯),住家用,鋼筋混凝土造,,133.82,3,2,2,有,無,22280000,172889,坡道平面,19.99,2600000,交易總價含下列非屬預售屋價格之費用:家電費,RPPNMLRLJHLGFAD77CB,成大之森,A棟A02-09F號,
北區,房地(土地+建物)+車位,臺南市北區前鋒路,8.57,住,,,1141231,土地1建物1車位1,五層,24,住宅大樓(11層含以上有電梯),住家用,鋼筋混凝土造,,92.62,1,1,1,有,無,14730000,174711,坡道平面,21.76,2350000,交易總價含下列非屬預售屋價格之費用:家電費,RPQNMLRLJHLGFAD87CB,成大之森,A棟A07-05F號,
北區,房地(土地+建物)+車位,臺南市北區前鋒路,8.58,住,,,1141229,土地1建物1車位1,六層,24,住宅大樓(11層含以上有電梯),住家用,鋼筋混凝土造,,90.97,1,1,1,有,無,14860000,175542,坡道平面,19.99,2400000,交易總價含下列非屬預售屋價格之費用:家電費,RPRNMLRLJHLGFAD97CB,成大之森,A棟A08-06F號,
安南區,房地(土地+建物)+車位,臺南市安南區安豐五街186巷,30.08,住,,,1150103,土地1建物1車位1,五層,7,華廈(10層含以下有電梯),見其他登記事項,鋼筋混凝土造,,124.4,3,2,2,有,無,12800000,106272,坡道平面,18.54,1550000,,RPPNMLRLJHLGFBD87CB,連建勤學,A7號,
白河區,房地(土地+建物)+車位,臺南市白河區富民路,103.05,住,,,1150110,土地4建物1車位1,全,3,透天厝,住家用,鋼筋混凝土造,,146.64,4,2,3,有,無,10880000,74195,一樓平面,0.0,0,停車位位於室內專有範圍內,RPPNMLRLJHLGFED18CB,廣晟森白舍,B棟B17號,
永康區,房地(土地+建物)+車位,臺南市永康區新興街34巷及六合路71巷交叉口,46.16,住,,,1141231,土地1建物1車位1,四層,5,華廈(10層含以下有電梯),住家用,鋼筋混凝土造,,136.09,3,2,2,有,無,13800000,103950,一樓平面,20.65,1800000,親友、員工、共有人或其他特殊關係間之交易；,RPPNMLRLJHLGFKD78CB,欣澄佳6,A2號,
北區,房地(土地+建物)+車位,臺南市北區北華街,20.22,商,,,1150127,土地1建物1車位1,三層,15,住宅大樓(11層含以上有電梯),住家用,鋼筋混凝土造,,150.21,3,2,2,有,無,19180000,137268,坡道平面,26.51,2200000,,RPRNMLSLJHLGFAD08CB,城之樹,A5-3F棟0號,
善化區,房地(土地+建物),臺南市善化區東勢寮11之1號正對面,13.31,,鄉村區,乙種建築用地,1150117,土地8建物1車位0,八層,8,華廈(10層含以下有電梯),住家用,鋼筋混凝土造,,44.16,1,1,1,有,無,5230000,118433,,0.0,0,此戶為露臺戶面積8.16坪,RPPNMLSLJHLGFHD58CB,南科怡華悅,A棟3號,
歸仁區,房地(土地+建物)+車位,臺南市歸仁區高鐵大道及高鐵五路口,22.73,住,,,1150102,土地1建物1車位1,四層,14,住宅大樓(11層含以上有電梯),住家用,鋼筋混凝土造,,117.0,0,0,2,有,無,15820000,147211,坡道平面,24.14,2150000,,RPPNMLSLJHLGFID68CB,坐忘林,D棟7號,
仁德區,房地(土地+建物)+車位,臺南市仁德區正義路205巷,178.02,農,,,1150124,土地4建物1車位1,全,4,透天厝,住家用,鋼筋混凝土造,,189.08,4,2,4,有,無,24900000,131690,一樓平面,13.75,0,交易總價包含非建物之坐落土地，台南市仁德區中清段377-6地號，價格146萬。,RPQNMLSLJHLGFID78CB,森樂章,A棟12號,
仁德區,房地(土地+建物)+車位,臺南市仁德區正義路205巷,86.33,住,,,1150111,土地4建物1車位1,全,4,透天厝,住家用,鋼筋混凝土造,,193.22,4,2,4,有,無,22000000,113860,一樓平面,13.75,0,交易總價包含非建物之坐落土地，台南市仁德區中清段377-6地號，價格8萬。,RPRNMLSLJHLGFID88CB,森樂章,A棟5號,
仁德區,房地(土地+建物)+車位,臺南市仁德區正義路205巷,116.24,住,,,1150118,土地4建物1車位1,全,4,透天厝,住家用,鋼筋混凝土造,,302.18,5,2,5,有,無,31890000,105533,一樓平面,13.75,0,交易總價包含非建物之坐落土地，台南市仁德區中清段377-6地號，價格6萬。,RPSNMLSLJHLGFID98CB,森樂章,B棟10號,
歸仁區,房地(土地+建物)+車位,臺南市歸仁區高鐵大道及高鐵五路口,14.77,住,,,1150102,土地1建物1車位1,十二層,14,住宅大樓(11層含以上有電梯),住家用,鋼筋混凝土造,,85.6,0,0,1,有,無,11220000,147576,坡道平面,24.14,2150000,,RPTNMLSLJHLGFID09CB,坐忘林,D棟8號,
安南區,房地(土地+建物)+車位,臺南市安南區安和路四段與州南路交叉口,16.95,住,,,1150126,土地1建物1車位1,三層,15,住宅大樓(11層含以上有電梯),住家用,鋼筋混凝土造,,108.98,2,2,1,有,無,8850000,92871,坡道平面,29.3,1450000,,RPPNMLTLJHLGFBD08CB,佳展安和,B3棟3號,
安南區,房地(土地+建物)+車位,臺南市安南區安和路四段與州南路交叉口,16.95,住,,,1150126,土地1建物1車位1,八層,15,住宅大樓(11層含以上有電梯),住家用,鋼筋混凝土造,,108.98,2,2,1,有,無,9100000,94754,坡道平面,29.3,1550000,,RPQNMLTLJHLGFBD18CB,佳展安和,B3棟8號,
南區,房地(土地+建物)+車位,臺南市南區中華西路一段70巷,27.93,住,,,1150129,土地1建物1車位1,五層,9,華廈(10層含以下有電梯),住家用,鋼筋混凝土造,,167.15,3,2,2,有,無,15950000,114910,坡道平面,43.14,1700000,,RPPNMLKMJHLGFCD37CB,天生贏家７- 是建築,A棟1號,
歸仁區,房地(土地+建物)+車位,臺南市歸仁區西埔二街70巷1號旁,50.86,,鄉村區,乙種建築用地,1150124,土地2建物1車位1,三層,6,華廈(10層含以下有電梯),住家用,鋼筋混凝土造,,114.71,3,2,2,有,無,10160000,85267,一樓平面,14.32,1600000,,RPPNMLKMJHLGFID97CB,初居3,E棟E6/3F號,
安南區,房地(土地+建物)+車位,臺南市安南區九份子大道與樂活路口,7.94,住,,,1150118,土地1建物1車位1,十二層,24,住宅大樓(11層含以上有電梯),住家用,鋼筋混凝土造,,102.75,2,2,1,有,無,10700000,104267,坡道平面,19.31,2000000,,RPQNMLLMJHLGFBD47CB,?讀耶魯,A棟02號,
仁德區,房地(土地+建物)+車位,臺南市仁德區德崙路138巷,32.89,住,,,1150124,土地1建物1車位1,九層,14,住宅大樓(11層含以上有電梯),住家用,鋼筋混凝土造,,158.0,3,2,2,有,無,16940000,112697,坡道平面,23.48,1780000,,RPPNMLLMJHLGFID08CB,森NEX-伊水,A棟5號,
安南區,房地(土地+建物)+車位,臺南市安南區九份子大道與樂活路口,30.11,住,,,1150124,土地1建物1車位1,一層,24,店面(店鋪),商業用,鋼筋混凝土造,,157.11,0,0,0,無,無,33180000,224819,坡道平面,19.31,2200000,樓高7.5米各樓層竣工實際高度仍以使用執照之標示為準,RPPNMLLJKHLGFBD17CB,?讀耶魯,S棟07號,
東區,房地(土地+建物)+車位,臺南市東區後甲三街X平實二街,16.43,商,,,1150125,土地2建物1車位1,十三層,20,住宅大樓(11層含以上有電梯),住家用,鋼筋混凝土造,,148.52,3,2,2,有,無,23550000,175096,坡道平面,25.73,2050000,,RPPNMLLJKHLGFCD27CB,國城?實,K棟6號,
東區,房地(土地+建物)+車位,臺南市東區後甲三街X平實二街,16.43,商,,,1150124,土地2建物1車位1,二十層,20,住宅大樓(11層含以上有電梯),住家用,鋼筋混凝土造,,148.55,3,2,2,有,無,24390000,181485,坡道平面,25.73,2100000,,RPQNMLLJKHLGFCD37CB,國城?實,J棟5號,
東區,房地(土地+建物)+車位,臺南市東區後甲三街X平實二街,16.43,商,,,1150123,土地2建物1車位1,五層,20,住宅大樓(11層含以上有電梯),住家用,鋼筋混凝土造,,148.55,3,2,2,有,無,23150000,172610,坡道平面,25.73,1950000,,RPRNMLLJKHLGFCD47CB,國城?實,J棟5號,
東區,房地(土地+建物)+車位,臺南市東區後甲三街X平實二街,17.9,商,,,1150120,土地2建物1車位1,十八層,20,住宅大樓(11層含以上有電梯),住家用,鋼筋混凝土造,,159.86,3,2,2,有,無,25270000,172370,坡道平面,25.73,2150000,,RPSNMLLJKHLGFCD57CB,國城?實,K棟1號,
東區,房地(土地+建物)+車位,臺南市東區後甲三街X平實二街,17.9,商,,,1150118,土地2建物1車位1,七層,21,住宅大樓(11層含以上有電梯),住家用,鋼筋混凝土造,,159.86,3,2,2,有,無,24600000,168866,坡道平面,25.73,1950000,,RPTNMLLJKHLGFCD67CB,國城?實,H棟1號,
北區,房地(土地+建物)+車位,臺南市北區和緯路三段和文賢三街口,29.02,住,,,1150129,土地2建物1車位2,十六層,23,住宅大樓(11層含以上有電梯),住家用,鋼筋混凝土造,,253.24,3,2,2,有,無,37550000,175572,坡道平面,62.72,4100000,,RPPNMLMJKHLGFAD17CB,國泰原美,A棟A1-16F號,
安南區,房地(土地+建物)+車位,臺南市安南區本原街三段134巷,36.27,住,,,1150201,土地1建物1車位1,四層,10,華廈(10層含以下有電梯),住家用,鋼筋混凝土造,,125.92,3,2,2,有,無,10550000,87042,坡道平面,19.65,1300000,,RPPNMLMJKHLGFBD27CB,皆城.初森,A5-4F號,
安南區,房地(土地+建物)+車位,臺南市安南區州南路與州南五街口,17.59,住,,,1150126,土地1建物1車位1,四層,13,住宅大樓(11層含以上有電梯),住家用,鋼筋混凝土造,,115.47,2,2,2,有,無,9760000,104201,坡道平面,37.16,1600000,,RPQNMLMJKHLGFBD37CB,硯青,A棟A3-4F號,
安南區,房地(土地+建物)+車位,臺南市安南區州南路與州南五街口,28.14,住,,,1150126,土地1建物1車位1,八層,13,住宅大樓(11層含以上有電梯),住家用,鋼筋混凝土造,,161.28,3,2,2,有,無,14470000,102884,坡道平面,37.16,1700000,,RPRNMLMJKHLGFBD47CB,硯青,D棟D3-8F號,
安南區,房地(土地+建物)+車位,臺南市安南區州南路與州南五街口,21.1,住,,,1150126,土地1建物1車位1,五層,13,住宅大樓(11層含以上有電梯),住家用,鋼筋混凝土造,,129.47,2,2,2,有,無,11330000,104322,坡道平面,37.16,1700000,,RPSNMLMJKHLGFBD57CB,硯青,B棟B1-5F號,
東區,房地(土地+建物)+車位,臺南市東區仁和路62號一樓旁,11.28,住,,,1150121,土地6建物1車位1,九層,14,住宅大樓(11層含以上有電梯),住家用,鋼筋混凝土造,,99.45,1,2,1,有,無,11850000,141006,坡道平面,29.24,1950000,,RPPNMLMJKHLGFCD37CB,宏福悅,C棟C8-9F號,
東區,房地(土地+建物)+車位,臺南市東區仁和路62號一樓旁,19.99,住,,,1150125,土地6建物1車位1,十二層,14,住宅大樓(11層含以上有電梯),住家用,鋼筋混凝土造,,153.48,3,2,2,有,無,20230000,143915,坡道平面,29.24,2350000,,RPQNMLMJKHLGFCD47CB,宏福悅,B棟B6-12F號,
東區,房地(土地+建物)+車位,臺南市東區仁和路62號一樓旁,14.06,住,,,1150125,土地6建物1車位1,十二層,14,住宅大樓(11層含以上有電梯),住家用,鋼筋混凝土造,,116.75,2,2,2,有,無,14970000,144212,坡道平面,29.24,2350000,,RPRNMLMJKHLGFCD57CB,宏福悅,B棟B7-12F號,
歸仁區,房地(土地+建物)+車位,臺南市歸仁區高鐵十二路171號對面,25.79,住,,,1150106,土地1建物1車位1,八層,9,華廈(10層含以下有電梯),住家用,鋼筋混凝土造,,129.05,2,2,2,有,無,12200000,110972,坡道平面,33.08,1550000,,RPPNMLMJKHLGFID97CB,高鐵ONE,F棟F3-08F號,
永康區,房地(土地+建物)+車位,臺南市永康區平道十六街與水漾路交叉口,18.47,住,,,1150124,土地1建物1車位1,七層,15,住宅大樓(11層含以上有電梯),住家用,鋼筋混凝土造,,118.95,3,2,1,有,無,14110000,134779,坡道平面,24.87,1430000,,RPPNMLMJKHLGFKD18CB,遠雄山禾,A棟A07F07號,
永康區,房地(土地+建物)+車位,臺南市永康區平道路與永運一路交叉路口,19.78,商,,,1150128,土地1建物1車位1,二層,14,住宅大樓(11層含以上有電梯),住家用,鋼筋混凝土造,,155.32,3,2,2,有,無,15150000,111019,坡道平面,34.17,1700000,,RPRNMLMJKHLGFKD38CB,櫻花南科之櫻,A2棟2號,
永康區,房地(土地+建物)+車位,臺南市永康區忠孝路與忠孝路76巷交叉口,10.77,商,,,1150124,土地1建物1車位1,九層,15,住宅大樓(11層含以上有電梯),住家用,鋼筋混凝土造,,93.5,3,2,2,有,無,11650000,130699,坡道機械,9.72,700000,,RPSNMLMJKHLGFKD48CB,聯上豐實,A棟3號,
永康區,房地(土地+建物)+車位,臺南市永康區忠孝路與忠孝路76巷交叉口,15.07,商,,,1150131,土地1建物1車位1,六層,15,住宅大樓(11層含以上有電梯),住家用,鋼筋混凝土造,,141.23,3,2,2,有,無,17090000,129211,坡道平面,23.67,1900000,,RPTNMLMJKHLGFKD58CB,聯上豐實,B棟5號,
永康區,房地(土地+建物)+車位,臺南市永康區忠孝路與忠孝路76巷交叉口,15.11,商,,,1150125,土地1建物1車位1,十四層,15,住宅大樓(11層含以上有電梯),住家用,鋼筋混凝土造,,145.83,3,2,2,有,無,17990000,138083,坡道平面,28.22,1750000,,RPUNMLMJKHLGFKD68CB,聯上豐實,A棟1號,
永康區,房地(土地+建物)+車位,臺南市永康區忠孝路與忠孝路76巷交叉口,10.88,商,,,1150129,土地1建物1車位1,十一層,15,住宅大樓(11層含以上有電梯),住家用,鋼筋混凝土造,,94.4,3,2,2,有,無,12450000,136396,坡道機械,9.72,900000,,RPVNMLMJKHLGFKD78CB,聯上豐實,E棟7號,
永康區,房地(土地+建物)+車位,臺南市永康區大灣段0495地號,28.13,住,,,1150118,土地1建物1車位1,四層,9,華廈(10層含以下有電梯),住家用,鋼筋混凝土造,,125.48,3,2,2,有,無,12170000,106177,一樓平面,26.4,1650000,,RPWNMLMJKHLGFKD88CB,連建安什,A棟1號,
安南區,房地(土地+建物)+車位,臺南市安南區宜居二路,16.62,住,,,1150110,土地1建物1車位1,十八層,24,住宅大樓(11層含以上有電梯),住家用,鋼筋混凝土造,,121.99,2,2,1,有,無,14250000,123725,坡道平面,22.98,2000000,,RPPNMLNJKHLGFBD37CB,皇龍天韻,B棟1號,
新化區,房地(土地+建物)+車位,臺南市新化區民生路234巷,33.88,住,,,1150113,土地1建物1車位1,五層,15,住宅大樓(11層含以上有電梯),住家用,鋼筋混凝土造,,156.63,3,2,2,有,無,13400000,98097,坡道平面,36.85,1650000,,RPPNMLNJKHLGFHD97CB,白樓2璞域,壹棟B號,
新化區,房地(土地+建物)+車位,臺南市新化區民生路234巷,26.25,住,,,1150118,土地1建物1車位1,三層,15,住宅大樓(11層含以上有電梯),住家用,鋼筋混凝土造,,129.63,2,2,2,有,無,10430000,96249,坡道平面,36.85,1500000,,RPQNMLNJKHLGFHD08CB,白樓2璞域,壹棟D號,
新化區,房地(土地+建物)+車位,臺南市新化區民生路234巷,25.07,住,,,1150118,土地1建物1車位1,三層,15,住宅大樓(11層含以上有電梯),住家用,鋼筋混凝土造,,125.48,2,2,2,有,無,10050000,96468,坡道平面,36.85,1500000,,RPRNMLNJKHLGFHD18CB,白樓2璞域,壹棟C號,
永康區,房地(土地+建物)+車位,臺南市永康區大灣段0495地號,29.51,住,,,1150118,土地1建物1車位1,二層,9,華廈(10層含以下有電梯),住家用,鋼筋混凝土造,,130.34,3,2,2,有,無,12580000,105157,一樓平面,26.4,1650000,,RPPNMLNJKHLGFKD28CB,連建安什,A棟5號,
安南區,房地(土地+建物)+車位,臺南市安南區安和路四段與州南路交叉口,22.08,住,,,1150203,土地1建物1車位1,十三層,15,住宅大樓(11層含以上有電梯),住家用,鋼筋混凝土造,,132.74,3,2,2,有,無,11280000,95031,坡道平面,29.3,1450000,,RPPNMLOJKHLGFBD47CB,佳展安和,B1棟13號,
安南區,房地(土地+建物),臺南市安南區永續路與永續一街口,10.62,住,,,1150118,土地1建物1車位0,五層,24,住宅大樓(11層含以上有電梯),住家用,鋼筋混凝土造,,67.0,0,0,0,無,無,7670000,114478,,0.0,0,,RPRNMLOJKHLGFBD67CB,一字得,B3號,
安南區,房地(土地+建物)+車位,臺南市安南區永續路與永續一街口,11.05,住,,,1150131,土地1建物1車位1,六層,24,住宅大樓(11層含以上有電梯),住家用,鋼筋混凝土造,,91.7,0,0,0,無,無,9250000,117973,坡道機械,23.04,1150000,,RPSNMLOJKHLGFBD77CB,一字得,B7號,
安南區,房地(土地+建物)+車位,臺南市安南區安和路四段與州南路交叉口,30.3,住,,,1150203,土地1建物1車位2,五層,15,住宅大樓(11層含以上有電梯),住家用,鋼筋混凝土造,,197.51,4,2,2,有,無,16500000,94993,坡道平面,57.5,3200000,,RPTNMLOJKHLGFBD87CB,佳展安和,C3棟5號,
佳里區,房地(土地+建物),臺南市佳里區同心街122巷27號北側,72.39,住,,,1150124,土地1建物1車位0,全,4,透天厝,住家用,鋼筋混凝土造,,175.91,5,2,3,有,無,15900000,90387,,0.0,0,,RPPNMLOJKHLGFGD97CB,佳禮秀墅,B棟3號,
佳里區,房地(土地+建物)+車位,臺南市佳里區中興街310巷50號對面,26.63,住,,,1150128,土地2建物1車位1,八層,8,華廈(10層含以下有電梯),住家用,鋼筋混凝土造,,111.65,2,1,2,有,無,7530000,78238,一樓平面,32.66,1350000,,RPQNMLOJKHLGFGD08CB,快捷市,E棟5號,
善化區,房地(土地+建物)+車位,臺南市善化區光華路54巷,16.09,商,,,1150128,土地1建物1車位1,六層,15,住宅大樓(11層含以上有電梯),住家用,鋼筋混凝土造,,136.09,3,2,2,有,無,13570000,107191,坡道平面,25.82,1750000,,RPPNMLOJKHLGFHD08CB,和紘善美,A1棟6F號,
善化區,房地(土地+建物)+車位,臺南市善化區光華路54巷,15.79,商,,,1150128,土地1建物1車位1,十層,15,住宅大樓(11層含以上有電梯),住家用,鋼筋混凝土造,,133.48,3,2,2,有,無,13140000,105332,坡道平面,25.82,1800000,,RPQNMLOJKHLGFHD18CB,和紘善美,A3棟10F號,
善化區,房地(土地+建物)+車位,臺南市善化區光華路54巷,15.79,商,,,1150128,土地1建物1車位1,十三層,15,住宅大樓(11層含以上有電梯),住家用,鋼筋混凝土造,,133.48,3,2,2,有,無,13170000,105146,坡道平面,25.82,1850000,,RPRNMLOJKHLGFHD28CB,和紘善美,A3棟13F號,
善化區,房地(土地+建物)+車位,臺南市善化區光華路54巷,15.79,商,,,1150128,土地1建物1車位1,十四層,15,住宅大樓(11層含以上有電梯),住家用,鋼筋混凝土造,,133.48,3,2,2,有,無,13170000,105146,坡道平面,25.82,1850000,,RPSNMLOJKHLGFHD38CB,和紘善美,A3棟14F號,
善化區,房地(土地+建物)+車位,臺南市善化區光華路54巷,12.51,商,,,1150128,土地1建物1車位1,七層,15,住宅大樓(11層含以上有電梯),住家用,鋼筋混凝土造,,112.7,2,2,2,有,無,10790000,104052,坡道平面,25.82,1750000,,RPTNMLOJKHLGFHD48CB,和紘善美,A5棟7F號,
善化區,房地(土地+建物)+車位,臺南市善化區光華路54巷,12.51,商,,,1150128,土地1建物1車位1,十層,15,住宅大樓(11層含以上有電梯),住家用,鋼筋混凝土造,,112.7,2,2,2,有,無,10890000,105203,坡道平面,25.82,1750000,,RPUNMLOJKHLGFHD58CB,和紘善美,A5棟10F號,
善化區,房地(土地+建物)+車位,臺南市善化區光華路54巷,12.51,商,,,1150128,土地1建物1車位1,十一層,15,住宅大樓(11層含以上有電梯),住家用,鋼筋混凝土造,,112.7,2,2,2,有,無,10840000,104627,坡道平面,25.82,1750000,,RPVNMLOJKHLGFHD68CB,和紘善美,A5棟11F號,
善化區,房地(土地+建物)+車位,臺南市善化區光華路54巷,13.71,商,,,1150128,土地1建物1車位1,五層,15,住宅大樓(11層含以上有電梯),住家用,鋼筋混凝土造,,119.58,2,2,2,有,無,11780000,105679,坡道平面,24.67,1750000,,RPWNMLOJKHLGFHD78CB,和紘善美,B1棟5F號,
仁德區,房地(土地+建物)+車位,臺南市仁德區仁義六街20巷,23.56,住,,,1150201,土地1建物1車位1,八層,15,住宅大樓(11層含以上有電梯),住家用,鋼筋混凝土造,,147.08,3,2,2,有,無,13160000,99432,坡道平面,30.92,1610000,,RPPNMLOJKHLGFID18CB,佳晟家仁,B5棟8F號,
六甲區,房地(土地+建物)+車位,臺南市六甲區中華路231巷,37.12,住,,,1150114,土地2建物1車位1,三層,5,華廈(10層含以下有電梯),住家用,鋼筋混凝土造,,114.15,3,2,2,有,無,8680000,77235,一樓平面,17.95,1250000,,RPPNMLPJKHLGFFD97CB,六甲奇蹟七期,A棟7號,
善化區,房地(土地+建物)+車位,臺南市善化區六分寮260號旁,27.38,,鄉村區,乙種建築用地,1150119,土地1建物1車位1,五層,7,華廈(10層含以下有電梯),住家用,鋼筋混凝土造,,104.37,3,2,2,有,無,6980000,63783,一樓平面,13.75,1200000,,RPPNMLPJKHLGFHD18CB,鄉景尚品,A棟9號,
善化區,房地(土地+建物)+車位,臺南市善化區六分寮260號旁,31.04,,鄉村區,乙種建築用地,1150202,土地1建物1車位1,六層,7,華廈(10層含以下有電梯),住家用,鋼筋混凝土造,,114.24,3,2,2,有,無,7730000,64982,一樓平面,13.75,1200000,,RPQNMLPJKHLGFHD28CB,鄉景尚品,A棟2號,
永康區,房地(土地+建物)+車位,臺南市永康區永大二路永吉路,17.07,商,,,1150113,土地1建物1車位1,七層,15,住宅大樓(11層含以上有電梯),住家用,鋼筋混凝土造,,168.22,3,2,2,有,無,16720000,110342,坡道平面,33.91,1900000,,RPPNMLPJKHLGFKD48CB,時代至上,A棟1號,
永康區,房地(土地+建物)+車位,臺南市永康區永大二路永吉路,12.27,商,,,1150126,土地1建物1車位1,十二層,15,住宅大樓(11層含以上有電梯),住家用,鋼筋混凝土造,,130.5,2,2,2,有,無,12510000,111916,坡道平面,33.91,1700000,,RPQNMLPJKHLGFKD58CB,時代至上,A棟8號,
安南區,房地(土地+建物)+車位,臺南市安南區安中路四段211巷附近,30.27,住,,,1150117,土地4建物1車位1,三層,5,華廈(10層含以下有電梯),住家用,鋼筋混凝土造,,96.92,3,2,2,有,無,8600000,85821,一樓平面,14.19,1500000,,RPPNMLQJKHLGFBD67CB,合恆 寓紳鄰-曙光,A棟3號,
安南區,房地(土地+建物),臺南市安南區安中路四段211巷附近,28.7,住,,,1150118,土地4建物1車位0,二層,5,華廈(10層含以下有電梯),住家用,鋼筋混凝土造,,78.48,3,2,2,有,無,6380000,81295,,0.0,0,,RPQNMLQJKHLGFBD77CB,合恆 寓紳鄰-曙光,C棟1號,
安南區,房地(土地+建物),臺南市安南區安中路四段211巷附近,28.79,住,,,1150124,土地4建物1車位0,四層,5,華廈(10層含以下有電梯),住家用,鋼筋混凝土造,,78.69,3,2,2,有,無,6400000,81332,,0.0,0,,RPSNMLQJKHLGFBD97CB,合恆 寓紳鄰-曙光,C棟3號,
安南區,房地(土地+建物),臺南市安南區安中路四段211巷附近,23.33,住,,,1150121,土地4建物1車位0,三層,5,華廈(10層含以下有電梯),住家用,鋼筋混凝土造,,63.77,2,2,1,有,無,5370000,84209,,0.0,0,,RPTNMLQJKHLGFBD08CB,合恆 寓紳鄰-曙光,C棟2號,
善化區,房地(土地+建物),臺南市善化區茄拔63-5號右方,24.49,,鄉村區,乙種建築用地,1150125,土地3建物1車位0,二層,6,華廈(10層含以下有電梯),住家用,鋼筋混凝土造,,71.75,2,2,2,有,無,6480000,90314,,0.0,0,,RPPNMLQJKHLGFHD28CB,安盛首善,A8棟0號,
下營區,房地(土地+建物),臺南市下營區中華街,98.32,住,,,1150202,土地3建物1車位0,全,4,透天厝,住家用,鋼筋混凝土造,,162.0,5,2,4,有,無,12880000,79506,,0.0,0,,RPPNMLQJKHLGFFD18DB,公園伯爵23,A棟8號,
安南區,房地(土地+建物)+車位,臺南市安南區九份子大道與樂活路口,8.23,住,,,1150126,土地1建物1車位1,七層,24,住宅大樓(11層含以上有電梯),住家用,鋼筋混凝土造,,93.78,2,2,1,有,無,10480000,102552,坡道機械,7.19,1600000,,RPPNMLRJKHLGFBD77CB,?讀耶魯,B棟03號,
安南區,房地(土地+建物)+車位,臺南市安南區九份子大道與樂活路口,7.94,住,,,1150131,土地1建物1車位1,七層,24,住宅大樓(11層含以上有電梯),住家用,鋼筋混凝土造,,90.71,2,2,1,有,無,9800000,102969,坡道機械,7.19,1200000,,RPQNMLRJKHLGFBD87CB,?讀耶魯,C棟02號,
安南區,房地(土地+建物)+車位,臺南市安南區九份子大道與樂活路口,7.94,住,,,1150201,土地1建物1車位1,十層,24,住宅大樓(11層含以上有電梯),住家用,鋼筋混凝土造,,90.71,2,2,1,有,無,9980000,103329,坡道機械,7.19,1350000,,RPRNMLRJKHLGFBD97CB,?讀耶魯,C棟02號,
安南區,房地(土地+建物)+車位,臺南市安南區九份子大道與樂活路口,7.73,住,,,1150118,土地1建物1車位1,五層,24,住宅大樓(11層含以上有電梯),住家用,鋼筋混凝土造,,100.41,2,2,1,有,無,11750000,118989,坡道平面,19.31,2100000,,RPSNMLRJKHLGFBD08CB,?讀耶魯,A棟08號,
安南區,房地(土地+建物)+車位,臺南市安南區九份子大道跟樂活路口,8.37,住,,,1150125,土地1建物1車位1,三層,24,住宅大樓(11層含以上有電梯),住家用,鋼筋混凝土造,,95.74,2,2,1,有,無,11000000,108978,坡道機械,7.19,1350000,,RPTNMLRJKHLGFBD18CB,?讀耶魯,B棟07號,
新營區,房地(土地+建物)+車位,臺南市新營區金華路一段及三興街交叉口,26.75,住,,,1150119,土地2建物1車位1,五層,15,住宅大樓(11層含以上有電梯),住家用,鋼筋混凝土造,,169.97,3,2,2,有,無,13800000,87008,坡道平面,25.73,1250000,,RPPNMLRJKHLGFDD97CB,佳順 ? 大悅,B6棟1號,
新營區,房地(土地+建物)+車位,臺南市新營區金華路一段及三興街交叉口,24.01,住,,,1150126,土地2建物1車位1,五層,15,住宅大樓(11層含以上有電梯),住家用,鋼筋混凝土造,,156.6,3,2,2,有,無,12580000,86574,坡道平面,25.73,1250000,,RPQNMLRJKHLGFDD08CB,佳順 ? 大悅,A2棟1號,
新營區,房地(土地+建物)+車位,臺南市新營區金華路一段及三興街交叉口,16.46,住,,,1150126,土地2建物1車位1,四層,15,住宅大樓(11層含以上有電梯),住家用,鋼筋混凝土造,,115.15,2,2,2,有,無,8650000,81637,坡道平面,25.73,1350000,,RPRNMLRJKHLGFDD18CB,佳順 ? 大悅,A8棟1號,
新營區,房地(土地+建物)+車位,臺南市新營區金華路一段及三興街交叉口,23.32,住,,,1150119,土地2建物1車位1,七層,15,住宅大樓(11層含以上有電梯),住家用,鋼筋混凝土造,,153.31,3,2,2,有,無,11850000,82301,坡道平面,25.73,1350000,,RPSNMLRJKHLGFDD28CB,佳順 ? 大悅,C1棟1號,
新營區,房地(土地+建物)+車位,臺南市新營區金華路一段及三興街交叉口,23.32,住,,,1150126,土地2建物1車位1,十一層,15,住宅大樓(11層含以上有電梯),住家用,鋼筋混凝土造,,153.31,3,2,2,有,無,12090000,84182,坡道平面,25.73,1350000,,RPTNMLRJKHLGFDD38CB,佳順 ? 大悅,C1棟1號,
新營區,房地(土地+建物)+車位,臺南市新營區金華路一段及三興街交叉口,24.01,住,,,1150119,土地2建物1車位1,十層,15,住宅大樓(11層含以上有電梯),住家用,鋼筋混凝土造,,155.06,3,2,2,有,無,12450000,85827,坡道平面,25.73,1350000,,RPUNMLRJKHLGFDD48CB,佳順 ? 大悅,D2棟1號,
善化區,房地(土地+建物)+車位,臺南市善化區善成段1361地號,36.22,住,,,1150110,土地1建物1車位1,七層,9,華廈(10層含以下有電梯),見其他登記事項,鋼筋混凝土造,,140.35,2,2,2,有,無,14580000,112553,一樓平面,28.58,2000000,,RPPNMLRJKHLGFHD38CB,德和擇善,A棟2號,
善化區,房地(土地+建物)+車位,臺南市善化區善成段1361地號,28.8,住,,,1150128,土地1建物1車位1,五層,9,華廈(10層含以下有電梯),見其他登記事項,鋼筋混凝土造,,117.5,2,2,2,有,無,11800000,112461,坡道平面,28.58,1800000,,RPQNMLRJKHLGFHD48CB,德和擇善,A棟3號,
仁德區,房地(土地+建物)+車位,臺南市仁德區正義路205巷,180.77,農,,,1150207,土地4建物1車位1,全,4,透天厝,住家用,鋼筋混凝土造,,294.25,5,2,5,有,無,33680000,114460,一樓平面,13.75,0,交易總價包含非建物之坐落土地，台南市仁德區中清段377-6地號，價格120萬。,RPPNMLRJKHLGFID48CB,森樂章,B棟12號,
仁德區,房地(土地+建物)+車位,臺南市仁德區正義路205巷,116.23,農,,,1150201,土地4建物1車位1,全,4,透天厝,住家用,鋼筋混凝土造,,288.57,5,2,5,有,無,32480000,112555,一樓平面,13.75,0,交易總價包含非建物之坐落土地，台南市仁德區中清段377-6地號，價格6萬。,RPQNMLRJKHLGFID58CB,森樂章,B棟11號,
仁德區,房地(土地+建物)+車位,臺南市仁德區正義路205巷,169.3,農,,,1150131,土地4建物1車位1,全,4,透天厝,住家用,鋼筋混凝土造,,184.85,4,2,4,有,無,25800000,139573,一樓平面,13.75,0,交易總價包含非建物之坐落土地，台南市仁德區中清段377-6地號，價格122萬。,RPRNMLRJKHLGFID68CB,森樂章,A棟6號,
東區,房地(土地+建物)+車位,臺南市東區後甲三街X平實二街,17.9,商,,,1150130,土地2建物1車位1,十七層,20,住宅大樓(11層含以上有電梯),住家用,鋼筋混凝土造,,159.86,3,2,2,有,無,25190000,171774,坡道平面,25.73,2150000,,RPPNMLSJKHLGFCD97CB,國城?實,K棟1號,
東區,房地(土地+建物)+車位,臺南市東區後甲三街X平實二街,17.76,商,,,1150201,土地2建物1車位1,十四層,21,住宅大樓(11層含以上有電梯),住家用,鋼筋混凝土造,,158.74,3,2,2,有,無,25280000,174649,坡道平面,25.73,2050000,,RPQNMLSJKHLGFCD08CB,國城?實,H棟2號,
東區,房地(土地+建物)+車位,臺南市東區後甲三街X平實二街,17.9,商,,,1150201,土地2建物1車位1,二十層,20,住宅大樓(11層含以上有電梯),住家用,鋼筋混凝土造,,159.86,3,2,2,有,無,25470000,173861,坡道平面,25.73,2150000,,RPRNMLSJKHLGFCD18CB,國城?實,K棟1號,
東區,房地(土地+建物)+車位,臺南市東區後甲三街X平實二街,17.76,商,,,1150131,土地2建物1車位1,二十一層,21,住宅大樓(11層含以上有電梯),住家用,鋼筋混凝土造,,158.74,3,2,2,有,無,25400000,175175,坡道平面,25.73,2100000,,RPSNMLSJKHLGFCD28CB,國城?實,I棟2號,
東區,房地(土地+建物)+車位,臺南市東區後甲三街X平實二街,17.9,商,,,1150129,土地2建物1車位1,九層,21,住宅大樓(11層含以上有電梯),住家用,鋼筋混凝土造,,159.86,3,2,2,有,無,24720000,169388,坡道平面,25.73,2000000,,RPTNMLSJKHLGFCD38CB,國城?實,H棟1號,
東區,房地(土地+建物)+車位,臺南市東區後甲三街X平實二街,17.76,商,,,1150129,土地2建物1車位1,十三層,20,住宅大樓(11層含以上有電梯),住家用,鋼筋混凝土造,,158.74,3,2,2,有,無,24760000,169987,坡道平面,25.73,2150000,,RPUNMLSJKHLGFCD48CB,國城?實,K棟2號,
永康區,房地(土地+建物)+車位,臺南市永康區大灣段0495地號,28.56,住,,,1150205,土地1建物1車位1,九層,9,華廈(10層含以下有電梯),住家用,鋼筋混凝土造,,129.36,3,2,2,有,無,12860000,109465,坡道平面,28.78,1850000,,RPPNMLSJKHLGFKD78CB,連建安什,A棟5號,
歸仁區,房地(土地+建物)+車位,臺南市歸仁區七甲二街57巷,33.91,,鄉村區,乙種建築用地,1150205,土地3建物1車位1,三層,6,華廈(10層含以下有電梯),住家用,鋼筋混凝土造,,97.09,2,2,2,有,無,7600000,77426,其他,9.91,850000,,RPPNMLTJKHLGFID68CB,夏川7期,A棟2號,
北區,房地(土地+建物)+車位,臺南市北區和緯路三段和文賢三街口,25.02,住,,,1150207,土地2建物1車位1,三層,23,住宅大樓(11層含以上有電梯),住家用,鋼筋混凝土造,,195.63,3,2,2,有,無,28230000,160285,坡道平面,31.36,1900000,,RPPNMLKKKHLGFAD07CB,國泰原美,A棟A3-03F號,
北區,房地(土地+建物)+車位,臺南市北區和緯路三段和文賢三街口,25.11,住,,,1150201,土地2建物1車位1,四層,23,住宅大樓(11層含以上有電梯),住家用,鋼筋混凝土造,,196.02,3,2,2,有,無,27860000,157658,坡道平面,31.36,1900000,,RPQNMLKKKHLGFAD17CB,國泰原美,A棟A3-04F號,
安南區,房地(土地+建物)+車位,臺南市安南區宜居二路,22.78,住,,,1150116,土地1建物1車位1,十二層,24,住宅大樓(11層含以上有電梯),住家用,鋼筋混凝土造,,158.56,3,2,2,有,無,17980000,118602,坡道平面,22.98,1900000,,RPPNMLKKKHLGFBD17CB,皇龍天韻,A棟3號,
安南區,房地(土地+建物)+車位,臺南市安南區宜居二路,22.69,住,,,1150117,土地1建物1車位1,十七層,24,住宅大樓(11層含以上有電梯),住家用,鋼筋混凝土造,,158.06,3,2,2,有,無,18590000,123556,坡道平面,22.98,1900000,,RPQNMLKKKHLGFBD27CB,皇龍天韻,B棟2號,
東區,房地(土地+建物)+車位,臺南市東區裕忠路與裕興街口,28.42,住,,,1150204,土地3建物1車位1,九層,12,住宅大樓(11層含以上有電梯),住家用,鋼筋混凝土造,,152.95,3,2,2,有,無,23720000,189154,坡道平面,39.18,2200000,,RPPNMLKKKHLGFCD27CB,宗大虎隱,A5棟9號,
東區,房地(土地+建物)+車位,臺南市東區仁和路62號一樓旁,11.28,住,,,1150206,土地6建物1車位1,七層,14,住宅大樓(11層含以上有電梯),住家用,鋼筋混凝土造,,99.45,1,2,1,有,無,11750000,139581,坡道平面,29.24,1950000,,RPQNMLKKKHLGFCD37CB,宏福悅,C棟C8-7F號,
東區,房地(土地+建物)+車位,臺南市東區仁和路62號一樓旁,11.02,住,,,1150207,土地6建物1車位1,十二層,14,住宅大樓(11層含以上有電梯),住家用,鋼筋混凝土造,,97.75,1,2,1,有,無,11800000,143775,坡道平面,29.24,1950000,,RPRNMLKKKHLGFCD47CB,宏福悅,C棟C5-12F號,
東區,房地(土地+建物)+車位,臺南市東區仁和路62號一樓旁,19.89,住,,,1150207,土地6建物1車位1,七層,14,住宅大樓(11層含以上有電梯),住家用,鋼筋混凝土造,,152.97,3,2,2,有,無,19360000,138689,坡道平面,29.24,2200000,,RPSNMLKKKHLGFCD57CB,宏福悅,B棟B1-7F號,
善化區,房地(土地+建物)+車位,臺南市善化區大成路85-2號旁,27.21,住,,,1150207,土地7建物1車位2,一層,15,住宅大樓(11層含以上有電梯),住家用,鋼筋混凝土造,,145.59,3,2,2,有,無,15900000,121714,坡道平面,42.89,3400000,此戶為露臺戶，露臺坪數約6.68坪。,RPPNMLKKKHLGFHD77CB,春福．一遇,B棟B7-01F號,
善化區,房地(土地+建物)+車位,臺南市善化區建國路405號旁,17.64,住,,,1150203,土地1建物1車位1,四層,13,住宅大樓(11層含以上有電梯),住家用,鋼筋混凝土造,,117.53,2,2,1,有,無,11300000,107773,坡道平面,30.31,1900000,,RPQNMLKKKHLGFHD87CB,陞發icon,A棟A8號,
善化區,房地(土地+建物)+車位,臺南市善化區建國路405號旁,29.76,住,,,1150131,土地1建物1車位1,四層,13,住宅大樓(11層含以上有電梯),住家用,鋼筋混凝土造,,177.61,4,2,2,有,無,17260000,102919,坡道平面,30.31,2100000,,RPRNMLKKKHLGFHD97CB,陞發icon,B棟B10號,
善化區,房地(土地+建物)+車位,臺南市善化區目加溜灣大道與陽光三路交叉口,23.47,住,,,1150114,土地1建物1車位1,十層,13,住宅大樓(11層含以上有電梯),住家用,鋼筋混凝土造,,138.23,3,2,2,有,無,16720000,130361,坡道平面,26.08,2100000,,RPSNMLKKKHLGFHD08CB,宇成真,A6-10F號,
善化區,房地(土地+建物)+車位,臺南市善化區目加溜灣大道與陽光三路交叉口,23.47,住,,,1150122,土地1建物1車位1,九層,13,住宅大樓(11層含以上有電梯),住家用,鋼筋混凝土造,,136.0,3,2,2,有,無,16750000,129737,坡道平面,23.85,2200000,,RPTNMLKKKHLGFHD18CB,宇成真,A6-09F號,
善化區,房地(土地+建物)+車位,臺南市善化區光華路54巷,15.79,商,,,1150128,土地1建物1車位1,八層,15,住宅大樓(11層含以上有電梯),住家用,鋼筋混凝土造,,133.48,3,2,2,有,無,13100000,104496,坡道平面,25.82,1850000,,RPUNMLKKKHLGFHD28CB,和紘善美,A3棟8F號,
善化區,房地(土地+建物)+車位,臺南市善化區光華路54巷,15.79,商,,,1150128,土地1建物1車位1,十一層,15,住宅大樓(11層含以上有電梯),住家用,鋼筋混凝土造,,133.48,3,2,2,有,無,13100000,104496,坡道平面,25.82,1850000,,RPVNMLKKKHLGFHD38CB,和紘善美,A3棟11F號,
善化區,房地(土地+建物)+車位,臺南市善化區光華路54巷,13.71,商,,,1150128,土地1建物1車位1,六層,15,住宅大樓(11層含以上有電梯),住家用,鋼筋混凝土造,,120.73,2,2,2,有,無,11880000,105679,坡道平面,25.82,1850000,,RPWNMLKKKHLGFHD48CB,和紘善美,B1棟6F號,
善化區,房地(土地+建物)+車位,臺南市善化區光華路54巷,14.3,商,,,1150128,土地1建物1車位1,三層,15,住宅大樓(11層含以上有電梯),住家用,鋼筋混凝土造,,120.81,2,2,2,有,無,11700000,104015,坡道平面,24.67,1700000,,RPXNMLKKKHLGFHD58CB,和紘善美,B6棟3F號,
善化區,房地(土地+建物)+車位,臺南市善化區光華路54巷,14.3,商,,,1150128,土地1建物1車位1,五層,15,住宅大樓(11層含以上有電梯),住家用,鋼筋混凝土造,,120.81,2,2,2,有,無,11800000,105575,坡道平面,24.67,1650000,,RPOOMLKKKHLGFHD77CB,和紘善美,B6棟5F號,
善化區,房地(土地+建物)+車位,臺南市善化區光華路54巷,12.81,商,,,1150128,土地1建物1車位1,六層,15,住宅大樓(11層含以上有電梯),住家用,鋼筋混凝土造,,112.4,2,2,2,有,無,11180000,106919,坡道平面,24.67,1800000,,RPPOMLKKKHLGFHD87CB,和紘善美,C1棟6F號,
善化區,房地(土地+建物)+車位,臺南市善化區光華路54巷,12.51,商,,,1150128,土地1建物1車位1,七層,15,住宅大樓(11層含以上有電梯),住家用,鋼筋混凝土造,,111.74,2,2,2,有,無,10850000,103939,坡道平面,24.67,1800000,,RPQOMLKKKHLGFHD97CB,和紘善美,C2棟7F號,
善化區,房地(土地+建物)+車位,臺南市善化區光華路54巷,12.81,商,,,1150128,土地1建物1車位1,四層,15,住宅大樓(11層含以上有電梯),住家用,鋼筋混凝土造,,112.73,2,2,2,有,無,10530000,101976,坡道平面,24.67,1550000,,RPROMLKKKHLGFHD08CB,和紘善美,C3棟4F號,
歸仁區,房地(土地+建物)+車位,臺南市歸仁區大順街與大順三街口,26.35,住,,,1150125,土地1建物1車位1,十三層,13,住宅大樓(11層含以上有電梯),住家用,鋼筋混凝土造,,129.7,3,2,2,有,無,12560000,108893,坡道平面,21.52,780000,親友、員工、共有人或其他特殊關係間之交易；,RPPNMLKKKHLGFID87CB,MoMA18,W棟2號,
仁德區,房地(土地+建物)+車位,臺南市仁德區成功一街8號正對面,76.86,住,,,1150201,土地1建物1車位1,全,4,透天厝,住家用,鋼筋混凝土造,,189.91,5,2,6,有,無,24600000,129535,其他,13.75,0,,RPQNMLKKKHLGFID97CB,呈豐日日37,B棟3號,
仁德區,房地(土地+建物)+車位,臺南市仁德區成功一街8號正對面,87.56,住,,,1150131,土地1建物1車位1,全,4,透天厝,住家用,鋼筋混凝土造,,235.36,5,2,5,有,無,30500000,129589,其他,13.75,0,,RPRNMLKKKHLGFID08CB,呈豐日日37,A棟3號,
仁德區,房地(土地+建物),臺南市仁德區二行,87.5,商,,,1150204,土地3建物1車位0,全,4,透天厝,住家用,鋼筋混凝土造,,215.79,4,2,5,有,無,15000000,69512,,0.0,0,,RPPNMLKKKHLGFID97DB,逸品居NO.2,A棟6號,
安南區,房地(土地+建物)+車位,臺南市安南區安和路四段與州南路交叉口,16.43,住,,,1150210,土地1建物1車位2,一層,15,店面(店鋪),商業用,鋼筋混凝土造,,136.1,0,0,1,有,無,16680000,172645,坡道平面,58.6,3300000,,RPPNMLLKKHLGFBD27CB,佳展安和,S5棟1號,
安南區,房地(土地+建物)+車位,臺南市安南區安和路四段與州南路交叉口,22.08,住,,,1150210,土地1建物1車位1,十四層,15,住宅大樓(11層含以上有電梯),住家用,鋼筋混凝土造,,132.74,3,2,2,有,無,11380000,95998,坡道平面,29.3,1450000,,RPQNMLLKKHLGFBD37CB,佳展安和,B1棟14號,
安南區,房地(土地+建物)+車位,臺南市安南區安和路四段與州南路交叉口,26.19,住,,,1150210,土地1建物1車位1,四層,15,住宅大樓(11層含以上有電梯),住家用,鋼筋混凝土造,,150.85,3,2,2,有,無,12700000,91732,坡道平面,29.3,1550000,,RPRNMLLKKHLGFBD47CB,佳展安和,C5棟4號,
麻豆區,房地(土地+建物)+車位,臺南市麻豆區新興街2號,37.73,住,,,1150206,土地1建物1車位1,五層,6,華廈(10層含以下有電梯),住家用,鋼筋混凝土造,,126.33,3,2,2,有,無,11460000,93762,一樓平面,17.97,1300000,,RPPNMLLKKHLGFFD67CB,仁喬知見,A1棟0號,
善化區,房地(土地+建物)+車位,臺南市善化區興華路,19.63,住,,,1150206,土地1建物1車位1,六層,14,住宅大樓(11層含以上有電梯),住家用,鋼筋混凝土造,,139.33,2,2,2,有,無,15630000,129463,坡道平面,32.89,1850000,,RPPNMLLKKHLGFHD87CB,興華苑,1棟6F號,
善化區,房地(土地+建物)+車位,臺南市善化區龍目井路與陽光三路交叉口,26.08,住,,,1150126,土地1建物1車位1,十層,15,住宅大樓(11層含以上有電梯),住家用,鋼筋混凝土造,,146.82,3,2,2,有,無,14900000,108099,坡道平面,28.41,2100000,,RPQNMLLKKHLGFHD97CB,佳鋐科匯,B2棟0號,
善化區,房地(土地+建物)+車位,臺南市善化區龍目井路與陽光三路交叉口,18.19,住,,,1150204,土地1建物1車位1,十一層,15,住宅大樓(11層含以上有電梯),住家用,鋼筋混凝土造,,110.57,2,2,2,有,無,10800000,108095,坡道平面,27.31,1800000,,RPRNMLLKKHLGFHD08CB,佳鋐科匯,B3棟0號,
善化區,房地(土地+建物)+車位,臺南市善化區龍目井路與陽光三路交叉口,28.14,住,,,1150204,土地1建物1車位1,十三層,15,住宅大樓(11層含以上有電梯),住家用,鋼筋混凝土造,,156.61,3,2,2,有,無,15500000,106084,坡道平面,28.41,1900000,,RPSNMLLKKHLGFHD18CB,佳鋐科匯,A2棟0號,
善化區,房地(土地+建物),臺南市善化區龍目井路與陽光三路交叉口,25.05,住,,,1150126,土地1建物1車位0,一層,15,店面(店鋪),商業用,鋼筋混凝土造,,100.13,0,0,1,有,無,14380000,143613,,0.0,0,,RPTNMLLKKHLGFHD28CB,佳鋐科匯,S5棟0號,
永康區,房地(土地+建物)+車位,臺南市永康區復國一路529號旁,28.73,住,,,1150131,土地1建物1車位2,十四層,15,住宅大樓(11層含以上有電梯),住家用,鋼筋混凝土造,,195.82,3,2,2,有,無,17300000,109185,坡道平面,60.82,2560000,,RPPNMLLKKHLGFKD18CB,佳晟家和,A1棟0號,
安南區,房地(土地+建物)+車位,臺南市安南區淵西路152號北側,44.45,住,,,1150115,土地1建物1車位1,三層,5,華廈(10層含以下有電梯),見其他登記事項,見其他登記事項,,131.45,3,2,2,有,無,10410000,78586,一樓平面,14.89,1250000,,RPPNMLMKKHLGFBD37CB,佳佳園5,A棟1號,
安南區,房地(土地+建物)+車位,臺南市安南區淵西路152號北側,44.45,住,,,1150115,土地1建物1車位1,三層,5,華廈(10層含以下有電梯),見其他登記事項,見其他登記事項,,131.45,3,2,2,有,無,10410000,78586,一樓平面,14.89,1250000,,RPQNMLMKKHLGFBD47CB,佳佳園5,A棟5號,
安南區,房地(土地+建物)+車位,臺南市安南區淵西路152號北側,44.27,住,,,1150119,土地1建物1車位1,五層,5,華廈(10層含以下有電梯),見其他登記事項,見其他登記事項,,130.95,3,2,2,有,無,10370000,78587,一樓平面,14.9,1250000,,RPRNMLMKKHLGFBD57CB,佳佳園5,A棟3號,
安南區,房地(土地+建物)+車位,臺南市安南區淵西路152號北側,44.45,住,,,1150115,土地1建物1車位1,五層,5,華廈(10層含以下有電梯),見其他登記事項,見其他登記事項,,131.45,3,2,2,有,無,10410000,78586,一樓平面,14.89,1250000,,RPSNMLMKKHLGFBD67CB,佳佳園5,A棟5號,
安南區,房地(土地+建物)+車位,臺南市安南區淵西路152號北側,42.98,住,,,1150115,土地1建物1車位1,五層,5,華廈(10層含以下有電梯),見其他登記事項,見其他登記事項,,127.47,3,2,2,有,無,10100000,78618,一樓平面,14.9,1250000,,RPTNMLMKKHLGFBD77CB,佳佳園5,A棟6號,
安南區,房地(土地+建物)+車位,臺南市安南區淵西路152號北側,48.13,住,,,1150115,土地1建物1車位1,五層,5,華廈(10層含以下有電梯),見其他登記事項,見其他登記事項,,141.45,3,2,2,有,無,11200000,78625,一樓平面,14.9,1250000,,RPUNMLMKKHLGFBD87CB,佳佳園5,A棟8號,
善化區,房地(土地+建物)+車位,臺南市善化區小新營10之22號旁,15.21,商,,,1150207,土地1建物1車位1,八層,15,住宅大樓(11層含以上有電梯),住家用,鋼筋混凝土造,,128.33,3,2,2,有,無,15650000,127790,坡道平面,20.34,1850000,,RPPNMLMKKHLGFHD97CB,城之芯,G棟8號,
安南區,房地(土地+建物)+車位,臺南市安南區永續路與永續一街口,11.05,住,,,1150129,土地1建物1車位1,十八層,24,住宅大樓(11層含以上有電梯),住家用,鋼筋混凝土造,,91.74,0,0,0,無,無,9680000,122707,坡道機械,23.04,1250000,,RPPNMLNKKHLGFBD47CB,一字得,B8號,
永康區,房地(土地+建物),臺南市永康區王行路898巷,18.56,住,,,1150131,土地2建物1車位0,六層,11,住宅大樓(11層含以上有電梯),住家用,鋼筋混凝土造,,80.62,2,2,1,有,無,7680000,95262,,0.0,0,,RPPNMLNKKHLGFKD38CB,上宇LINK,A棟2號,
安南區,房地(土地+建物)+車位,臺南市安南區九份子大道跟樂活路口,7.94,住,,,1150210,土地1建物1車位1,五層,24,住宅大樓(11層含以上有電梯),住家用,鋼筋混凝土造,,102.77,2,2,1,有,無,10500000,101845,坡道平面,19.31,2000000,,RPPNMLOKKHLGFBD57CB,?讀耶魯,D棟02號,
東區,房地(土地+建物)+車位,臺南市東區後甲三街X平實二街,17.9,商,,,1150203,土地2建物1車位1,十九層,20,住宅大樓(11層含以上有電梯),住家用,鋼筋混凝土造,,159.86,3,2,2,有,無,25380000,173190,坡道平面,25.73,2150000,,RPPNMLPKKHLGFCD77CB,國城?實,K棟1號,
東區,房地(土地+建物)+車位,臺南市東區後甲三街X平實二街,17.9,商,,,1150203,土地2建物1車位1,十二層,20,住宅大樓(11層含以上有電梯),住家用,鋼筋混凝土造,,159.86,3,2,2,有,無,24860000,169686,坡道平面,25.73,2100000,,RPQNMLPKKHLGFCD87CB,國城?實,K棟1號,
安南區,房地(土地+建物)+車位,臺南市安南區九份子大道與樂活路口,11.48,住,,,1150201,土地1建物1車位1,五層,24,住宅大樓(11層含以上有電梯),住家用,鋼筋混凝土造,,140.52,3,2,2,有,無,16550000,117977,坡道平面,19.31,2250000,,RPPNMLMLKHLGFBD47CB,?讀耶魯,D棟09號,
中西區,房地(土地+建物)+車位,臺南市中西區府前路二段258巷29弄,11.57,其他,,,1150202,土地1建物1車位1,八層,24,住宅大樓(11層含以上有電梯),住家用,鋼筋混凝土造,,150.89,2,2,2,有,無,19080000,129207,坡道平面,21.64,2380000,親友、員工、共有人或其他特殊關係間之交易；,RPPNMLNLKHLGFAD47CB,三發 DIAMOND ONE,F棟8號,
安南區,房地(土地+建物)+車位,臺南市安南區宜居路府安路六段,29.37,住,,,1150209,土地1建物1車位1,七層,18,住宅大樓(11層含以上有電梯),住家用,鋼筋混凝土造,,154.47,3,2,2,有,無,14580000,108208,坡道平面,37.75,1950000,,RPPNMLNLKHLGFBD57CB,太穩森居,A棟3號,
安南區,房地(土地+建物)+車位,臺南市安南區宜居路府安路六段,21.25,住,,,1150209,土地1建物1車位1,六層,18,住宅大樓(11層含以上有電梯),住家用,鋼筋混凝土造,,122.2,2,2,1,有,無,10830000,107519,坡道平面,37.75,1750000,,RPQNMLNLKHLGFBD67CB,太穩森居,B棟5號,
安南區,房地(土地+建物)+車位,臺南市安南區鎮安六街108號旁,34.63,住,,,1150206,土地1建物1車位1,三層,5,華廈(10層含以下有電梯),住家用,鋼筋混凝土造,,115.79,2,2,2,有,無,10750000,94563,一樓平面,18.5,1550000,,RPSNMLNLKHLGFBD87CB,悠仁貴殿,A棟1號,
安南區,房地(土地+建物)+車位,臺南市安南區宜居路府安路六段,31.97,住,,,1150208,土地1建物1車位1,十二層,18,住宅大樓(11層含以上有電梯),住家用,鋼筋混凝土造,,164.79,3,2,2,有,無,16850000,119254,坡道平面,37.75,1700000,,RPVNMLNLKHLGFBD18CB,太穩森居,B棟1號,
安南區,房地(土地+建物)+車位,臺南市安南區永續路與永續一街口,18.27,住,,,1150208,土地1建物1車位1,十四層,24,住宅大樓(11層含以上有電梯),住家用,鋼筋混凝土造,,139.33,2,2,2,有,無,15580000,125507,坡道平面,28.34,1650000,,RPSNMLPLKHLGFBD08CB,一字得,A3號,
安南區,房地(土地+建物)+車位,臺南市安南區?田路與?田一街口,28.46,住,,,1150202,土地1建物1車位1,八層,15,住宅大樓(11層含以上有電梯),住家用,鋼筋混凝土造,,150.34,3,2,2,有,無,13410000,93660,坡道平面,24.78,1650000,,RPVNMLPLKHLGFBD38CB,世界之心,D棟5號,
安南區,房地(土地+建物)+車位,臺南市安南區安佃街與安佃九街口,25.56,住,,,1150206,土地1建物1車位2,五層,15,住宅大樓(11層含以上有電梯),住家用,鋼筋混凝土造,,171.59,2,2,2,有,無,14400000,92479,坡道平面,49.4,3100000,,RPWNMLPLKHLGFBD48CB,希望翼,B棟12號,
安南區,房地(土地+建物)+車位,臺南市安南區安佃街與安佃九街口,25.56,住,,,1150206,土地1建物1車位2,十四層,15,住宅大樓(11層含以上有電梯),住家用,鋼筋混凝土造,,171.59,2,2,2,有,無,14650000,94525,坡道平面,49.4,3100000,,RPXNMLPLKHLGFBD58CB,希望翼,B棟12號,
永康區,房地(土地+建物)+車位,臺南市永康區復國一路529號旁,18.88,住,,,1150205,土地1建物1車位2,十二層,14,住宅大樓(11層含以上有電梯),住家用,鋼筋混凝土造,,148.9,2,2,1,有,無,12580000,109900,坡道平面,60.82,2900000,,RPPNMLPLKHLGFKD68CB,佳晟家和,B3棟0號,
關廟區,房地(土地+建物)+車位,臺南市關廟區南雄路一段,35.74,,鄉村區,乙種建築用地,1150203,土地1建物1車位1,六層,8,華廈(10層含以下有電梯),住家用,鋼筋混凝土造,,153.81,2,2,1,有,無,11720000,80174,坡道平面,25.09,1400000,,RPPNMLPLKHLGFID58DB,幸福之森,C7棟6號,
關廟區,房地(土地+建物)+車位,臺南市關廟區南雄路一段,23.52,,鄉村區,乙種建築用地,1150203,土地1建物1車位1,六層,8,華廈(10層含以下有電梯),住家用,鋼筋混凝土造,,109.75,3,2,1,有,無,8190000,80203,坡道平面,25.09,1400000,,RPQNMLPLKHLGFID68DB,幸福之森,C8棟6號,
新化區,房地(土地+建物),臺南市新化區民生路234巷,25.07,住,,,1150204,土地1建物1車位0,五層,15,住宅大樓(11層含以上有電梯),住家用,鋼筋混凝土造,,88.63,2,2,2,有,無,8880000,100192,,0.0,0,,RPQNMLRLKHLGFHD68CB,白樓2璞域,壹棟C號,
新化區,房地(土地+建物),臺南市新化區民生路234巷,25.07,住,,,1150204,土地1建物1車位0,四層,15,住宅大樓(11層含以上有電梯),住家用,鋼筋混凝土造,,88.63,2,2,2,有,無,8780000,99064,,0.0,0,,RPRNMLRLKHLGFHD78CB,白樓2璞域,壹棟C號,
安南區,房地(土地+建物)+車位,臺南市安南區九份子大道與樂活路口,8.3,住,,,1150201,土地1建物1車位1,二十三層,24,住宅大樓(11層含以上有電梯),住家用,鋼筋混凝土造,,106.98,2,2,1,有,無,12600000,119767,坡道平面,19.31,2100000,,RPQNMLSLKHLGFBD18CB,?讀耶魯,B棟08號,
安定區,房地(土地+建物),臺南市安定區海寮路,133.53,,鄉村區,乙種建築用地,1150210,土地3建物1車位0,全,4,透天厝,住家用,鋼筋混凝土造,,154.7,4,2,5,有,無,15800000,102133,,0.0,0,,RPPNMLSLKHLGFHD68CB,高第禾禾2,A14棟0號,
東區,房地(土地+建物)+車位,臺南市東區後甲三街X平實二街,16.43,商,,,1150210,土地2建物1車位1,二十一層,21,住宅大樓(11層含以上有電梯),住家用,鋼筋混凝土造,,148.55,3,2,2,有,無,22740000,169272,坡道平面,25.73,1950000,,RPPNMLLJLHLGFCD37CB,國城?實,I棟5號,
新營區,房地(土地+建物)+車位,臺南市新營區長榮路二段及長榮路二段43巷交叉口,15.8,住,,,1150203,土地2建物1車位1,二層,15,住宅大樓(11層含以上有電梯),住家用,鋼筋混凝土造,,111.73,2,2,1,有,無,8160000,81669,坡道平面,27.12,1250000,,RPPNMLLJLHLGFDD47CB,佳展 ? 大新,B8棟1號,
北區,房地(土地+建物)+車位,臺南市北區和緯路三段和文賢三街口,22.68,住,,,1150208,土地2建物1車位1,十三層,23,住宅大樓(11層含以上有電梯),住家用,鋼筋混凝土造,,180.41,3,2,2,有,無,27350000,170748,坡道平面,31.36,1900000,,RPPNMLNJLHLGFAD37CB,國泰原美,A棟A4-13F號,
北區,房地(土地+建物)+車位,臺南市北區和緯路三段和文賢三街口,29.02,住,,,1150210,土地2建物1車位2,六層,23,住宅大樓(11層含以上有電梯),住家用,鋼筋混凝土造,,253.24,3,2,2,有,無,36200000,169536,坡道平面,62.72,3900000,,RPRNMLNJLHLGFAD57CB,國泰原美,A棟A1-06F號,
北區,房地(土地+建物)+車位,臺南市北區和緯路三段和文賢三街口,22.68,住,,,1150208,土地2建物1車位1,十六層,23,住宅大樓(11層含以上有電梯),住家用,鋼筋混凝土造,,180.41,3,2,2,有,無,27600000,172761,坡道平面,31.36,1850000,,RPSNMLNJLHLGFAD67CB,國泰原美,A棟A4-16F號,
北區,房地(土地+建物)+車位,臺南市北區和緯路三段和文賢三街口,29.02,住,,,1150208,土地2建物1車位2,十四層,23,住宅大樓(11層含以上有電梯),住家用,鋼筋混凝土造,,253.24,3,2,2,有,無,37340000,174470,坡道平面,62.72,4100000,,RPUNMLNJLHLGFAD87CB,國泰原美,A棟A1-14F號,
善化區,房地(土地+建物)+車位,臺南市善化區目加溜灣大道與陽光三路交叉口,18.43,住,,,1150207,土地1建物1車位1,七層,13,住宅大樓(11層含以上有電梯),住家用,鋼筋混凝土造,,112.41,2,2,2,有,無,13250000,128162,坡道平面,23.85,1900000,,RPPNMLNJLHLGFHD08CB,宇成真,A2-07F號,
永康區,房地(土地+建物)+車位,臺南市永康區忠孝路與忠孝路76巷交叉口,16.6,商,,,1150208,土地1建物1車位1,十一層,15,住宅大樓(11層含以上有電梯),住家用,鋼筋混凝土造,,157.38,3,2,2,有,無,18980000,131852,坡道平面,28.22,1950000,,RPQNMLNJLHLGFKD48CB,聯上豐實,A棟6號,
永康區,房地(土地+建物)+車位,臺南市永康區永大二路永吉路,14.41,商,,,1150205,土地1建物1車位1,四層,15,住宅大樓(11層含以上有電梯),住家用,鋼筋混凝土造,,147.32,3,2,2,有,無,14300000,110220,坡道平面,33.91,1800000,,RPQOMLNJLHLGFKD58CB,時代至上,A棟6號,
永康區,房地(土地+建物)+車位,臺南市永康區永大二路永吉路,25.49,商,,,1150205,土地1建物1車位2,十四層,15,住宅大樓(11層含以上有電梯),住家用,鋼筋混凝土造,,268.49,4,2,3,有,無,28250000,119849,坡道平面,67.82,4200000,,RPROMLNJLHLGFKD68CB,時代至上,A棟6號,
永康區,房地(土地+建物),臺南市永康區永大二路永吉路,12.27,商,,,1150207,土地1建物1車位0,十三層,15,住宅大樓(11層含以上有電梯),住家用,鋼筋混凝土造,,96.59,2,2,2,有,無,10890000,112745,,0.0,0,,RPSOMLNJLHLGFKD78CB,時代至上,A棟8號,
東區,房地(土地+建物)+車位,臺南市東區仁和路62號一樓旁,11.28,住,,,1150209,土地6建物1車位1,十層,14,住宅大樓(11層含以上有電梯),住家用,鋼筋混凝土造,,99.45,1,2,1,有,無,11930000,142145,坡道平面,29.24,1950000,,RPPNMLPJLHLGFCD77CB,宏福悅,C棟C8-10F號,
後壁區,房地(土地+建物),臺南市後壁區後壁147-59號對面,89.97,住,,,1150207,土地2建物1車位0,全,3,透天厝,住家用,鋼筋混凝土造,,146.65,4,2,3,有,無,11500000,78418,,0.0,0,,RPPNMLPJLHLGFED97CB,樂活居B區,B棟15號,
善化區,房地(土地+建物)+車位,臺南市善化區龍目井路與陽光三路交叉口,28.14,住,,,1150210,土地1建物1車位1,八層,15,住宅大樓(11層含以上有電梯),住家用,鋼筋混凝土造,,155.67,3,2,2,有,無,15660000,107339,坡道平面,28.41,2000000,,RPPNMLQJLHLGFHD38CB,佳鋐科匯,B5棟0號,
新營區,房地(土地+建物)+車位,臺南市新營區金華路一段及三興街交叉口,26.75,住,,,1150209,土地2建物1車位1,十一層,15,住宅大樓(11層含以上有電梯),住家用,鋼筋混凝土造,,170.84,3,2,2,有,無,14160000,88278,坡道平面,25.73,1350000,,RPPNMLKKLHLGFDD47CB,佳順 ? 大悅,B1棟1號,
新營區,房地(土地+建物)+車位,臺南市新營區金華路一段及三興街交叉口,28.81,住,,,1150209,土地2建物1車位1,十一層,15,住宅大樓(11層含以上有電梯),住家用,鋼筋混凝土造,,179.24,3,2,2,有,無,14440000,84620,坡道平面,25.73,1450000,,RPQNMLKKLHLGFDD57CB,佳順 ? 大悅,B2棟1號,
