鄉鎮市區,交易標的,土地位置建物門牌,土地移轉總面積平方公尺,都市土地使用分區,非都市土地使用分區,非都市土地使用編定,交易年月日,交易筆棟數,移轉層次,總樓層數,建物型態,主要用途,主要建材,建築完成年月,建物移轉總面積平方公尺,建物現況格局-房,建物現況格局-廳,建物現況格局-衛,建物現況格局-隔間,有無管理組織,總價元,單價元平方公尺,車位類別,車位移轉總面積平方公尺,車位總價元,備註,編號,建案名稱,棟及號,解約情形
The villages and towns urban district,transaction sign,land sector position building sector house number plate,land shifting total area square meter,the use zoning or compiles and checks,the non-metropolis land use district,non-metropolis land use,transaction year month and day,transaction pen number,shifting level,total floor number,building state,main use,main building materials,construction to complete the years,building shifting total area,Building present situation pattern - room,building present situation pattern - hall,building present situation pattern - health,building present situation pattern - compartmented,Whether there is manages the organization,total price NTD,the unit price (NTD / square meter),the berth category,berth shifting total area square meter,the berth total price NTD,the note,serial number,build case,buildings,termination type
新興區,房地(土地+建物),高雄市新興區中山一路,3.41,商,,,1141111,土地16建物1車位0,十四層,36,住宅大樓(11層含以上有電梯),住家用,鋼骨鋼筋混凝土造,,84.21,2,1,1,有,無,13300000,157938,,0.0,0,交易總價含下列非屬預售屋價格之費用:裝潢費；傢俱設備費100000元；,RPQNMLLKJIKGFBE37CB,中山鉑?,A棟6號,
旗山區,房地(土地+建物)+車位,高雄市旗山區旗南一路311號對面,37.74,住,,,1141111,土地1建物1車位1,三層,5,華廈(10層含以下有電梯),住家用,鋼筋混凝土造,,115.0,3,2,2,有,無,7880000,68522,一樓平面,7.57,0,,RPPNMLNKJIKGFHE08CB,皇家大苑第十五期,B棟3號,
新興區,房地(土地+建物),高雄市新興區中山一路,3.61,商,,,1141115,土地16建物1車位0,七層,36,住宅大樓(11層含以上有電梯),住家用,鋼骨鋼筋混凝土造,,89.64,1,1,1,有,無,14380000,160419,,0.0,0,交易總價含下列非屬預售屋價格之費用:裝潢費；傢俱設備費100000元；,RPPNMLPKJIKGFBE67CB,中山鉑?,A棟19號,
前鎮區,房地(土地+建物)+車位,高雄市前鎮區興旺路,17.61,住,,,1141111,土地1建物1車位1,十一層,13,住宅大樓(11層含以上有電梯),住家用,鋼筋混凝土造,,164.73,3,2,2,有,無,16100000,95971,坡道平面,17.81,2000000,,RPPNMLQKJIKGFCE87CB,夢享家二期,A1棟11F號,
三民區,房地(土地+建物)+車位,高雄市三民區九如一路A03棟F16樓,9.51,商,,,1141113,土地2建物1車位1,十六層,27,住宅大樓(11層含以上有電梯),住家用,鋼筋混凝土造,,132.15,3,2,2,有,無,18700000,149026,坡道平面,20.76,2100000,含冷氣交易總價含下列非屬預售屋價格之費用:傢俱設備費；,RPRNMLRKJIKGFDE28CB,遠雄峰蘊,A棟03號,
梓官區,房地(土地+建物),高雄市梓官區中正路,23.07,,鄉村區,乙種建築用地,1141116,土地1建物1車位0,四層,7,華廈(10層含以下有電梯),見其他登記事項,鋼筋混凝土造,,76.24,2,2,2,有,無,6130000,80404,,0.0,0,,RPPNMLSKJIKGFFE38CB,皇家好美六期-皇家小王子,A棟3號,
新興區,房地(土地+建物),高雄市新興區中山一路,3.04,商,,,1141116,土地16建物1車位0,十一層,36,住宅大樓(11層含以上有電梯),住家用,鋼骨鋼筋混凝土造,,75.36,2,1,1,有,無,12620000,167463,,0.0,0,交易總價含下列非屬預售屋價格之費用:裝潢費；傢俱設備費100000元；,RPPNMLTKJIKGFBE08CB,中山鉑?,A棟2號,
新興區,房地(土地+建物),高雄市新興區中山一路,3.0,商,,,1141116,土地16建物1車位0,三十六層,36,住宅大樓(11層含以上有電梯),住家用,鋼骨鋼筋混凝土造,,74.9,2,1,1,有,無,13100000,174900,,0.0,0,交易總價含下列非屬預售屋價格之費用:裝潢費；傢俱設備費100000元；,RPQNMLTKJIKGFBE18CB,中山鉑?,A棟2號,
新興區,房地(土地+建物)+車位,高雄市新興區中山一路,3.59,商,,,1141120,土地16建物1車位1,十九層,36,住宅大樓(11層含以上有電梯),住家用,鋼骨鋼筋混凝土造,,94.63,1,1,1,有,無,15870000,163910,坡道機械,5.74,1300000,交易總價含下列非屬預售屋價格之費用:裝潢費；傢俱設備費100000元；,RPPNMLKLJIKGFBE27CB,中山鉑?,A棟1號,
鳳山區,房地(土地+建物)+車位,高雄市鳳山區中山東路,16.35,住,,,1141120,土地1建物1車位1,十五層,15,住宅大樓(11層含以上有電梯),住家用,鋼筋混凝土造,,136.16,2,2,2,有,無,16170000,116320,坡道平面,15.63,2150000,,RPPNMLLLJIKGFGE87CB,鳳山都更好,D棟D01-15F號,1141125全部解約
新興區,房地(土地+建物)+車位,高雄市新興區中山一路,5.59,商,,,1141122,土地16建物1車位1,二十四層,36,住宅大樓(11層含以上有電梯),住家用,鋼骨鋼筋混凝土造,,153.13,3,1,2,有,無,23550000,154744,坡道平面,15.16,2200000,交易總價含下列非屬預售屋價格之費用:裝潢費；傢俱設備費150000元；,RPPNMLMLJIKGFBE47CB,中山鉑?,A棟5號,
新興區,房地(土地+建物)+車位,高雄市新興區中山一路,5.59,商,,,1141124,土地16建物1車位1,十九層,36,住宅大樓(11層含以上有電梯),住家用,鋼骨鋼筋混凝土造,,151.9,3,1,2,有,無,23260000,153367,坡道平面,13.93,2100000,交易總價含下列非屬預售屋價格之費用:裝潢費；傢俱設備費150000元；,RPPNMLOLJIKGFBE67CB,中山鉑?,A棟05號,
小港區,房地(土地+建物),高雄市小港區店鎮段138地號,14.18,住,,,1141115,土地1建物1車位0,四層,15,住宅大樓(11層含以上有電梯),住家用,鋼筋混凝土造,,76.05,2,2,2,有,無,6250000,82183,,0.0,0,,RPPNMLOLJIKGFCE77CB,春虹星綻,A2棟4號,
楠梓區,房地(土地+建物)+車位,高雄市楠梓區後勁北路、後勁東路,15.74,住,,,1141115,土地1建物1車位1,五層,26,住宅大樓(11層含以上有電梯),住家用,鋼筋混凝土造,,159.57,1,2,2,有,無,18890000,122437,坡道平面,19.58,1750000,,RPQNMLOLJIKGFEE08CB,白隅,A棟1號,
楠梓區,房地(土地+建物)+車位,高雄市楠梓區後勁北路、後勁東路,13.69,住,,,1141115,土地1建物1車位1,四層,26,住宅大樓(11層含以上有電梯),住家用,鋼筋混凝土造,,141.61,2,2,2,有,無,17410000,128329,坡道平面,19.58,1750000,,RPRNMLOLJIKGFEE18CB,白隅,A棟6號,
左營區,房地(土地+建物),高雄市左營區左營大路與?後街42巷,6.54,商,,,1141111,土地1建物1車位0,四層,29,住宅大樓(11層含以上有電梯),住家用,鋼筋混凝土造,,89.42,2,1,1,有,無,8430000,94274,,0.0,0,,RPPOMLOLJIKGFEE08CB,聯上芯城,E2棟04號,
三民區,房地(土地+建物)+車位,高雄市三民區大豐二路,5.09,商,,,1141124,土地1建物1車位1,二十四層,29,住宅大樓(11層含以上有電梯),住家用,鋼筋混凝土造,,89.07,2,1,1,有,無,9730000,122243,坡道機械,19.7,1250000,,RPPNMLPLJIKGFDE97CB,登豐29,B3棟24號,
左營區,房地(土地+建物),高雄市左營區華夏路1773巷,11.28,住,,,1141114,土地1建物1車位0,六層,10,華廈(10層含以下有電梯),住家用,鋼筋混凝土造,,70.78,2,1,1,有,無,9430000,133230,,0.0,0,,RPPNMLPLJIKGFEE08CB,微笑高鐵,A棟8號,
鳳山區,房地(土地+建物),高雄市鳳山區林森路,18.54,住,,,1141122,土地1建物1車位0,七層,10,華廈(10層含以下有電梯),住家用,鋼筋混凝土造,,72.8,2,1,2,有,無,8100000,111264,,0.0,0,,RPPNMLPLJIKGFGE28CB,尚雍文心2,A2棟07號,
大樹區,房地(土地+建物),高雄市大樹區久堂路,113.75,住,,,1141125,土地2建物1車位0,全,4,透天厝,住家用,鋼筋混凝土造,,153.52,5,2,3,有,無,16250000,105849,,0.0,0,,RPQNMLPLJIKGFGE38CB,大墅武極2,S棟7號,
小港區,房地(土地+建物)+車位,高雄市小港區宏平路439號旁,11.85,商,,,1141114,土地1建物1車位1,五層,18,住宅大樓(11層含以上有電梯),住家用,鋼筋混凝土造,,181.11,3,2,2,有,無,14700000,82338,坡道平面,22.01,1600000,,RPRNMLQLJIKGFCE18CB,和築親親,B棟1號,
三民區,房地(土地+建物),高雄市三民區鼎山街,7.77,商,,,1141114,土地1建物1車位0,三層,15,住宅大樓(11層含以上有電梯),住家用,鋼筋混凝土造,,81.73,2,2,1,有,無,9150000,111954,,0.0,0,,RPPNMLQLJIKGFDE08CB,和築豐彩,A7棟3F號,
三民區,房地(土地+建物),高雄市三民區鼎山街,11.65,商,,,1141114,土地1建物1車位0,一層,15,住宅大樓(11層含以上有電梯),住家用,鋼筋混凝土造,,123.27,3,2,2,有,無,17800000,144398,,0.0,0,,RPQNMLQLJIKGFDE18CB,和築豐彩,B1棟1F號,
苓雅區,房地(土地+建物)+車位,高雄市苓雅區衛武段658、661地號建國一路、正義路口,15.83,住,,,1141123,土地2建物1車位1,二十二層,29,住宅大樓(11層含以上有電梯),住家用,鋼筋混凝土造,,157.59,3,2,2,有,無,18130000,121712,坡道平面,28.35,2400000,,RPPNMLRLJIKGFBE97CB,京城舞極,D5棟22號,
新興區,房地(土地+建物)+車位,高雄市新興區中山一路,5.59,商,,,1141126,土地16建物1車位1,十二層,36,住宅大樓(11層含以上有電梯),住家用,鋼骨鋼筋混凝土造,,153.13,3,1,2,有,無,23070000,151265,坡道平面,15.16,2200000,交易總價含下列非屬預售屋價格之費用:裝潢費；傢俱設備費150000元；,RPQNMLRLJIKGFBE08CB,中山鉑?,A棟5號,
橋頭區,房地(土地+建物)+車位,高雄市橋頭區橋新三路,11.82,商,,,1141111,土地1建物1車位1,十二層,24,住宅大樓(11層含以上有電梯),住家用,鋼筋混凝土造,,107.43,2,2,2,有,無,12330000,129810,坡道平面,23.23,1400000,,RPPNMLRLJIKGFFE38CB,達麗世界學,B棟B9-12F號,
大社區,房地(土地+建物)+車位,高雄市大社區翠屏路84巷,38.91,住,,,1141122,土地1建物1車位1,三層,8,華廈(10層含以下有電梯),住家用,鋼筋混凝土造,,135.97,3,2,2,有,無,13150000,98673,一樓平面,13.85,1100000,,RPPNMLRLJIKGFIE68CB,春陽逸居,A1棟0號,
新興區,房地(土地+建物),高雄市新興區中山一路,3.0,商,,,1141127,土地16建物1車位0,三層,36,住宅大樓(11層含以上有電梯),住家用,鋼骨鋼筋混凝土造,,74.16,2,1,1,有,無,11330000,152778,,0.0,0,交易總價含下列非屬預售屋價格之費用:裝潢費；傢俱設備費100000元；,RPPNMLSLJIKGFBE08CB,中山鉑?,A棟16號,
新興區,房地(土地+建物),高雄市新興區中山一路,3.04,商,,,1141128,土地16建物1車位0,二十五層,36,住宅大樓(11層含以上有電梯),住家用,鋼骨鋼筋混凝土造,,75.36,2,1,1,有,無,12950000,171842,,0.0,0,交易總價含下列非屬預售屋價格之費用:裝潢費；傢俱設備費100000元；,RPQNMLSLJIKGFBE18CB,中山鉑?,A棟2號,
林園區,房地(土地+建物)+車位,高雄市林園區下厝路89巷,27.97,住,,,1141115,土地4建物1車位1,五層,5,華廈(10層含以下有電梯),住家用,鋼筋混凝土造,,92.15,2,2,2,有,無,6550000,68783,一樓平面,16.55,1350000,,RPQNMLSLJIKGFLE56CB,捷運101,A棟6號,
新興區,房地(土地+建物),高雄市新興區中山一路,3.04,商,,,1141129,土地16建物1車位0,二十三層,36,住宅大樓(11層含以上有電梯),住家用,鋼骨鋼筋混凝土造,,75.36,2,1,1,有,無,12900000,171178,,0.0,0,交易總價含下列非屬預售屋價格之費用:裝潢費；傢俱設備費100000元；,RPPNMLTLJIKGFBE18CB,中山鉑?,A棟02號,
楠梓區,房地(土地+建物)+車位,高雄市楠梓區德民路上近藍昌路,12.33,住,,,1141115,土地1建物1車位1,五層,15,住宅大樓(11層含以上有電梯),住家用,鋼筋混凝土造,,131.66,3,2,2,有,無,13680000,111271,坡道平面,27.14,2050000,,RPQNMLKMJIKGFEE77CB,吉隆森淼,B棟3號,
鼓山區,房地(土地+建物)+車位,高雄市鼓山區內惟路255巷,24.18,住,,,1141122,土地1建物1車位1,四層,5,華廈(10層含以下有電梯),住家用,鋼筋混凝土造,,87.21,2,1,2,有,無,12600000,138512,一樓平面,13.57,2400000,,RPPNMLLJKIKGFAE17CB,美術一品,A1棟0號,
三民區,房地(土地+建物)+車位,高雄市三民區平等路和延慶街路口B01棟23樓,21.59,住,,,1141127,土地1建物1車位1,二十三層,30,住宅大樓(11層含以上有電梯),住家用,鋼筋混凝土造,,190.97,3,2,2,有,無,28750000,152780,坡道平面,18.5,2400000,,RPPNMLLJKIKGFDE47CB,遠雄琢蘊,B01F23號,
楠梓區,房地(土地+建物)+車位,高雄市楠梓區壽民路與壽民路105巷,11.59,住,,,1141115,土地2建物1車位1,十四層,15,住宅大樓(11層含以上有電梯),住家用,鋼筋混凝土造,,98.48,2,1,1,有,無,10160000,110456,坡道平面,25.51,2100000,,RPPNMLLJKIKGFEE57CB,聯上世界極,B8棟0號,
左營區,房地(土地+建物)+車位,高雄市左營區大中二路,11.95,住,,,1141129,土地1建物1車位1,五層,15,住宅大樓(11層含以上有電梯),住家用,鋼筋混凝土造,,145.65,3,2,2,有,無,13620000,107353,坡道平面,38.34,2100000,,RPQNMLLJKIKGFEE67CB,高鐵SONG,A8棟0號,
梓官區,房地(土地+建物),高雄市梓官區通安路及通安路181巷及通安路209巷,27.67,,鄉村區,乙種建築用地,1141114,土地4建物1車位0,二層,7,華廈(10層含以下有電梯),見其他登記事項,鋼筋混凝土造,,93.36,2,2,2,有,無,7350000,78728,,0.0,0,,RPPNMLLJKIKGFFE67CB,城海戀,B2棟0號,
仁武區,房地(土地+建物)+車位,高雄市仁武區永昌三街,28.96,住,,,1141111,土地1建物1車位1,五層,5,華廈(10層含以下有電梯),住家用,鋼筋混凝土造,,90.37,2,2,2,有,無,8800000,101227,升降機械,11.34,800000,,RPPNMLLJKIKGFIE97CB,永昌AI新世代,A棟3號,
大社區,房地(土地+建物)+車位,高雄市大社區翠屏路84巷,34.42,住,,,1141123,土地1建物1車位1,六層,8,華廈(10層含以下有電梯),住家用,鋼筋混凝土造,,120.64,3,2,2,有,無,12000000,101767,一樓平面,12.55,1000000,,RPQNMLLJKIKGFIE08CB,春陽逸居,B1棟0號,
大社區,房地(土地+建物)+車位,高雄市大社區翠屏路84巷,39.66,住,,,1141124,土地1建物1車位1,六層,8,華廈(10層含以下有電梯),住家用,鋼筋混凝土造,,141.57,3,2,2,有,無,13620000,100153,一樓平面,17.06,1150000,,RPRNMLLJKIKGFIE18CB,春陽逸居,B5棟0號,
大寮區,房地(土地+建物)+車位,高雄市大寮區伍厝段1010-26，伍厝段1010-27,29.31,住,,,1141119,土地2建物1車位0,二層,5,華廈(10層含以下有電梯),見其他登記事項,鋼筋混凝土造,,81.66,2,1,2,有,無,6910000,84619,,0.0,0,,RPPNMLLJKIKGFLE28CB,旺春豐2期,E1棟2F號,
大寮區,房地(土地+建物),高雄市大寮區翁園段1114-4地號,67.96,住,,,1141130,土地1建物1車位0,全,4,透天厝,見其他登記事項,鋼筋混凝土造,,199.73,5,2,4,有,無,14800000,74100,,0.0,0,,RPQNMLLJKIKGFLE38CB,皇家水晶晶六期-旺春豐3期,G棟6號,
三民區,房地(土地+建物)+車位,高雄市三民區中都段四小段915地號,11.31,商,,,1141114,土地1建物1車位1,十層,28,住宅大樓(11層含以上有電梯),住家用,鋼筋混凝土造,,183.71,4,2,2,有,無,19650000,120355,坡道機械,27.09,800000,,RPPNMLMJKIKGFDE57CB,大景旭,A1棟10F號,
三民區,房地(土地+建物),高雄市三民區鼎山街,7.77,商,,,1141121,土地1建物1車位0,三層,15,住宅大樓(11層含以上有電梯),住家用,鋼筋混凝土造,,81.44,2,2,1,有,無,9130000,112107,,0.0,0,,RPQNMLMJKIKGFDE67CB,和築豐彩,A8棟3F號,
三民區,房地(土地+建物),高雄市三民區鼎山街,7.51,商,,,1141121,土地1建物1車位0,十二層,15,住宅大樓(11層含以上有電梯),住家用,鋼筋混凝土造,,79.58,2,2,1,有,無,9100000,114350,,0.0,0,,RPRNMLMJKIKGFDE77CB,和築豐彩,B5棟12F號,
三民區,房地(土地+建物)+車位,高雄市三民區鼎山街,11.91,商,,,1141121,土地1建物1車位1,九層,15,住宅大樓(11層含以上有電梯),住家用,鋼筋混凝土造,,155.22,3,2,2,有,無,17680000,122793,坡道平面,28.34,2100000,,RPSNMLMJKIKGFDE87CB,和築豐彩,C1棟9F號,
林園區,房地(土地+建物),高雄市林園區中港路與半?路253巷路口,113.05,住,,,1141115,土地4建物1車位0,全,3,透天厝,住家用,鋼筋混凝土造,,112.58,3,2,3,有,無,9980000,88648,,0.0,0,,RPPNMLMJKIKGFLE38CB,28洋房,S棟20號,
楠梓區,房地(土地+建物)+車位,高雄市楠梓區大學三十二街,20.6,住,,,1141201,土地1建物1車位1,九層,15,住宅大樓(11層含以上有電梯),住家用,鋼筋混凝土造,,132.52,2,2,2,有,無,14950000,116701,坡道平面,22.41,2100000,,RPPNMLMJKIKGFEE77DB,行見築,B棟6號,
新興區,房地(土地+建物),高雄市新興區中山一路,3.04,商,,,1141203,土地16建物1車位0,二十六層,36,住宅大樓(11層含以上有電梯),住家用,鋼骨鋼筋混凝土造,,75.36,2,1,1,有,無,12970000,172107,,0.0,0,交易總價含下列非屬預售屋價格之費用:裝潢費；傢俱設備費100000元；,RPQNMLNJKIKGFBE57CB,中山鉑?,A棟02號,
梓官區,房地(土地+建物),高雄市梓官區中正路,23.09,,鄉村區,乙種建築用地,1141203,土地1建物1車位0,五層,7,華廈(10層含以下有電梯),見其他登記事項,鋼筋混凝土造,,76.24,2,2,2,有,無,6500000,85257,,0.0,0,,RPPNMLNJKIKGFFE87CB,皇家好美六期-皇家小王子,B棟2號,
旗山區,房地(土地+建物)+車位,高雄市旗山區樹人路2-5號對面,44.78,,鄉村區,乙種建築用地,1141127,土地2建物1車位1,五層,5,華廈(10層含以下有電梯),住家用,鋼筋混凝土造,,104.41,3,1,2,有,無,8080000,71547,一樓平面,8.25,1200000,屬於部分室內，部分室外之停車位。,RPPNMLNJKIKGFHE08CB,富寓,B棟5F6號,
旗山區,房地(土地+建物),高雄市旗山區樹人路2-5號對面,94.9,,鄉村區,乙種建築用地,1141130,土地2建物1車位0,全,4,透天厝,住家用,鋼筋混凝土造,,170.78,5,2,4,有,無,13150000,77000,,0.0,0,,RPQNMLNJKIKGFHE18CB,富寓,A棟3號,
鼓山區,房地(土地+建物)+車位,高雄市鼓山區龍中段134地號龍勝路、至聖路,16.14,商,,,1141113,土地1建物1車位2,十六層,32,辦公商業大樓,商業用,鋼筋混凝土造,,282.54,0,0,0,無,無,54400000,187949,坡道平面,26.62,6300000,,RPPNMLOJKIKGFAE47CB,京城IFC,A3棟16號,
鼓山區,房地(土地+建物)+車位,高雄市鼓山區龍中段134地號龍勝路、至聖路,13.03,商,,,1141113,土地1建物1車位1,十六層,32,辦公商業大樓,商業用,鋼筋混凝土造,,241.41,0,0,0,無,無,45600000,188140,坡道平面,13.92,2800000,,RPQNMLOJKIKGFAE57CB,京城IFC,A5棟16號,
苓雅區,房地(土地+建物)+車位,高雄市苓雅區衛武段658、661地號建國一路、正義路口,17.57,住,,,1141129,土地2建物1車位1,四層,29,住宅大樓(11層含以上有電梯),住家用,鋼筋混凝土造,,178.46,3,2,2,有,無,20430000,119446,坡道平面,28.35,2500000,,RPPNMLOJKIKGFBE57CB,京城舞極,D2棟4號,
苓雅區,房地(土地+建物)+車位,高雄市苓雅區衛武段658、661地號建國一路、正義路口,17.79,住,,,1141201,土地2建物1車位1,二十六層,29,住宅大樓(11層含以上有電梯),住家用,鋼筋混凝土造,,177.46,3,2,2,有,無,21000000,124069,坡道平面,28.35,2500000,,RPQNMLOJKIKGFBE67CB,京城舞極,D1棟26號,
大社區,房地(土地+建物)+車位,高雄市大社區保甲段1133地號,24.64,住,,,1141124,土地1建物1車位1,三層,7,華廈(10層含以下有電梯),住家用,鋼筋混凝土造,,84.03,2,1,2,有,無,8790000,98541,一樓平面,12.08,1700000,,RPPNMLOJKIKGFIE28CB,喬鈞富寓,B3棟3號,
大社區,房地(土地+建物),高雄市大社區文化路24巷,17.9,住,,,1141129,土地1建物1車位0,五層,8,華廈(10層含以下有電梯),住家用,鋼筋混凝土造,,73.4,2,2,2,有,無,7330000,99864,,0.0,0,,RPQNMLOJKIKGFIE38CB,皇家旺博市10期A棟華廈,A9棟5號,
左營區,房地(土地+建物)+車位,高雄市左營區左營大路與?後街42巷,8.93,商,,,1141123,土地1建物1車位1,三層,29,住宅大樓(11層含以上有電梯),住家用,鋼筋混凝土造,,148.6,2,2,2,有,無,13520000,96288,坡道平面,27.92,1900000,,RPPNMLPJKIKGFEE97CB,聯上芯城,B1棟3號,
仁武區,房地(土地+建物),高雄市仁武區仁雄路與大正三街口,192.63,住,,,1141123,土地1建物1車位0,全,5,透天厝,住家用,鋼筋混凝土造,,422.04,6,2,7,有,無,65000000,154014,,0.0,0,,RPPNMLPJKIKGFIE38CB,優秀賞60期,A棟1號,
三民區,房地(土地+建物),高雄市三民區義民段,16.5,住,,,1141121,土地2建物1車位0,二層,7,華廈(10層含以下有電梯),住家用,鋼筋混凝土造,,65.46,1,1,1,有,無,7980000,121907,,0.0,0,,RPPNMLPJKIKGFDE97DB,大昌九禾,A棟1號,
新興區,房地(土地+建物),高雄市新興區中山一路,3.41,商,,,1141205,土地16建物1車位0,九層,36,住宅大樓(11層含以上有電梯),住家用,鋼骨鋼筋混凝土造,,84.21,2,1,1,有,無,13170000,156395,,0.0,0,交易總價含下列非屬預售屋價格之費用:裝潢費；傢俱設備費100000元；,RPPNMLQJKIKGFBE77CB,中山鉑?,A棟06號,
新興區,房地(土地+建物),高雄市新興區中山一路,3.41,商,,,1141206,土地16建物1車位0,四層,36,住宅大樓(11層含以上有電梯),住家用,鋼骨鋼筋混凝土造,,84.21,2,1,1,有,無,12330000,146420,,0.0,0,交易總價含下列非屬預售屋價格之費用:裝潢費；傢俱設備費100000元；,RPQNMLQJKIKGFBE87CB,中山鉑?,A棟06號,
新興區,房地(土地+建物)+車位,高雄市新興區五福一街,12.94,商,,,1141121,土地1建物1車位1,十四層,15,住宅大樓(11層含以上有電梯),住家用,鋼筋混凝土造,,152.19,2,2,2,有,無,21600000,145631,坡道平面,20.35,2400000,,RPPNMLRJKIKGFBE87CB,寶象文化豆,A棟6號,
鼓山區,房地(土地+建物)+車位,高雄市鼓山區美術東四路,9.5,住,,,1141127,土地1建物1車位1,二十層,24,住宅大樓(11層含以上有電梯),住家用,鋼筋混凝土造,,108.29,2,2,2,有,無,18090000,185111,坡道平面,23.26,2350000,,RPPNMLSJKIKGFAE87CB,美術1808,A13棟X號,
仁武區,房地(土地+建物)+車位,高雄市仁武區赤仁路,26.07,住,,,1141117,土地1建物1車位1,十三層,14,住宅大樓(11層含以上有電梯),住家用,鋼筋混凝土造,,153.56,3,2,2,有,無,12580000,93332,坡道平面,35.38,1550000,,RPPNMLSJKIKGFIE68CB,佳鋐雄匯,A1棟13F號,
仁武區,房地(土地+建物)+車位,高雄市仁武區赤仁路,19.4,住,,,1141117,土地1建物1車位1,九層,14,住宅大樓(11層含以上有電梯),住家用,鋼筋混凝土造,,123.8,2,2,2,有,無,10120000,95793,坡道平面,35.38,1650000,,RPQNMLSJKIKGFIE78CB,佳鋐雄匯,A2棟09F號,
仁武區,房地(土地+建物)+車位,高雄市仁武區赤仁路,26.07,住,,,1141117,土地1建物1車位1,九層,14,住宅大樓(11層含以上有電梯),住家用,鋼筋混凝土造,,153.56,3,2,2,有,無,12680000,93332,坡道平面,35.38,1650000,,RPRNMLSJKIKGFIE88CB,佳鋐雄匯,A3棟09F號,
仁武區,房地(土地+建物)+車位,高雄市仁武區赤仁路,26.07,住,,,1141117,土地1建物1車位1,九層,13,住宅大樓(11層含以上有電梯),住家用,鋼筋混凝土造,,153.16,3,2,2,有,無,12450000,92545,坡道平面,35.38,1550000,,RPSNMLSJKIKGFIE98CB,佳鋐雄匯,B1棟09F號,
仁武區,房地(土地+建物)+車位,高雄市仁武區赤仁路,19.4,住,,,1141117,土地1建物1車位1,九層,13,住宅大樓(11層含以上有電梯),住家用,鋼筋混凝土造,,123.8,2,2,2,有,無,10000000,95567,坡道平面,35.38,1550000,,RPTNMLSJKIKGFIE09CB,佳鋐雄匯,B2棟09F號,1141207全部解約
仁武區,房地(土地+建物)+車位,高雄市仁武區赤仁路,26.07,住,,,1141117,土地1建物1車位1,五層,13,住宅大樓(11層含以上有電梯),住家用,鋼筋混凝土造,,154.26,3,2,2,有,無,11880000,87736,坡道平面,35.38,1450000,,RPUNMLSJKIKGFIE56CB,佳鋐雄匯,B5棟05F號,
仁武區,房地(土地+建物)+車位,高雄市仁武區赤仁路,26.07,住,,,1141124,土地1建物1車位1,八層,13,住宅大樓(11層含以上有電梯),住家用,鋼筋混凝土造,,153.16,3,2,2,有,無,12270000,91866,坡道平面,35.38,1450000,,RPVNMLSJKIKGFIE66CB,佳鋐雄匯,B1棟08F號,
仁武區,房地(土地+建物)+車位,高雄市仁武區赤仁路,26.07,住,,,1141124,土地1建物1車位2,六層,13,住宅大樓(11層含以上有電梯),住家用,鋼筋混凝土造,,187.25,3,2,2,有,無,13830000,90383,坡道平面,69.64,3200000,,RPWNMLSJKIKGFIE76CB,佳鋐雄匯,B3棟06F號,
仁武區,房地(土地+建物)+車位,高雄市仁武區赤仁路,26.07,住,,,1141124,土地1建物1車位1,七層,13,住宅大樓(11層含以上有電梯),住家用,鋼筋混凝土造,,152.99,3,2,2,有,無,12380000,91234,坡道平面,35.38,1650000,,RPXNMLSJKIKGFIE86CB,佳鋐雄匯,B3棟07F號,
仁武區,房地(土地+建物)+車位,高雄市仁武區赤仁路,26.07,住,,,1141124,土地1建物1車位1,十一層,13,住宅大樓(11層含以上有電梯),住家用,鋼筋混凝土造,,152.99,3,2,2,有,無,12470000,91999,坡道平面,35.38,1650000,,RPOOMLSJKIKGFIE68CB,佳鋐雄匯,B3棟11F號,
仁武區,房地(土地+建物)+車位,高雄市仁武區赤仁路,18.49,住,,,1141124,土地1建物1車位1,五層,13,住宅大樓(11層含以上有電梯),住家用,鋼筋混凝土造,,118.68,2,2,2,有,無,8990000,90500,坡道平面,34.26,1350000,,RPPOMLSJKIKGFIE78CB,佳鋐雄匯,B6棟05F號,
仁武區,房地(土地+建物)+車位,高雄市仁武區赤仁路,18.49,住,,,1141124,土地1建物1車位1,八層,13,住宅大樓(11層含以上有電梯),住家用,鋼筋混凝土造,,118.68,2,2,2,有,無,9370000,92632,坡道平面,34.26,1550000,,RPQOMLSJKIKGFIE88CB,佳鋐雄匯,B6棟08F號,
大社區,房地(土地+建物),高雄市大社區保甲段1133地號,24.64,住,,,1141205,土地1建物1車位0,四層,7,華廈(10層含以下有電梯),住家用,鋼筋混凝土造,,71.96,2,1,2,有,無,7200000,100056,,0.0,0,交易總價含下列非屬預售屋價格之費用:家電交屋禮費:100000元,RPROMLSJKIKGFIE98CB,喬鈞富寓,C5棟4號,
路竹區,房地(土地+建物)+車位,高雄市路竹區民有路32-3號後面,26.81,,鄉村區,乙種建築用地,1141130,土地1建物1車位1,八層,11,住宅大樓(11層含以上有電梯),住家用,鋼筋混凝土造,,90.33,3,2,2,有,無,9100000,100742,一樓平面,0.0,1000000,車位為法定空地，無頂蓋不計入坪數面積,RPPNMLSJKIKGFJE78CB,高路捷,A1棟8號,
路竹區,房地(土地+建物)+車位,高雄市路竹區民有路32-3號後面,25.84,,鄉村區,乙種建築用地,1141124,土地1建物1車位1,七層,11,住宅大樓(11層含以上有電梯),住家用,鋼筋混凝土造,,87.08,3,2,2,有,無,8850000,101631,一樓平面,0.0,1000000,車位為法定空地，無頂蓋不計入坪數面積,RPQNMLSJKIKGFJE88CB,高路捷,A5棟7號,
路竹區,房地(土地+建物),高雄市路竹區民有路32-3號後面,25.84,,鄉村區,乙種建築用地,1141116,土地1建物1車位0,八層,11,住宅大樓(11層含以上有電梯),住家用,鋼筋混凝土造,,87.08,3,2,2,有,無,7800000,89573,,0.0,0,,RPRNMLSJKIKGFJE98CB,高路捷,A5棟8號,
大寮區,房地(土地+建物)+車位,高雄市大寮區江山路,28.34,住,,,1141125,土地1建物1車位1,六層,7,華廈(10層含以下有電梯),住家用,鋼筋混凝土造,,133.21,4,2,2,有,無,12000000,85384,坡道平面,13.75,1800000,,RPPNMLSJKIKGFLE98CB,基茂樂go,A棟1號,
鼓山區,房地(土地+建物)+車位,高雄市鼓山區鼓山一路53巷,12.6,住,,,1141113,土地1建物1車位1,九層,15,住宅大樓(11層含以上有電梯),住家用,鋼筋混凝土造,,126.25,1,2,2,有,無,15000000,123410,坡道平面,21.72,2100000,,RPPNMLTJKIKGFAE97CB,?埕,B棟1號,
鼓山區,房地(土地+建物)+車位,高雄市鼓山區鼓山一路53巷,13.95,住,,,1141129,土地1建物1車位1,十二層,15,住宅大樓(11層含以上有電梯),住家用,鋼筋混凝土造,,137.43,3,2,2,有,無,16800000,126610,坡道平面,21.72,2150000,,RPQNMLTJKIKGFAE08CB,?埕,B棟3號,
小港區,房地(土地+建物)+車位,高雄市小港區店鎮段138地號,19.47,住,,,1141130,土地1建物1車位1,三層,15,住宅大樓(11層含以上有電梯),住家用,鋼筋混凝土造,,147.5,3,2,2,有,無,10610000,86803,坡道平面,42.55,1500000,,RPPNMLTJKIKGFCE18CB,春虹星綻,A5棟3號,
小港區,房地(土地+建物)+車位,高雄市小港區店鎮段138地號,19.47,住,,,1141115,土地1建物1車位1,十層,15,住宅大樓(11層含以上有電梯),住家用,鋼筋混凝土造,,147.5,3,2,2,有,無,11510000,92520,坡道平面,42.55,1800000,,RPQNMLTJKIKGFCE28CB,春虹星綻,A5棟10號,
三民區,房地(土地+建物)+車位,高雄市三民區九如三路,16.82,住,,,1141129,土地1建物1車位1,十一層,15,住宅大樓(11層含以上有電梯),住家用,鋼筋混凝土造,,151.57,3,2,2,有,無,22850000,162011,坡道平面,24.85,2320000,交易總價含下列非屬預售屋價格之費用:歐德裝修商品券.禮券費:420000元,RPPNMLTJKIKGFDE28CB,遠雄沐蘊,B07棟F11號,
梓官區,房地(土地+建物)+車位,高雄市梓官區通安路及通安路181巷及通安路209巷,25.39,,鄉村區,乙種建築用地,1141123,土地4建物1車位1,四層,7,華廈(10層含以下有電梯),見其他登記事項,鋼筋混凝土造,,92.33,2,2,2,有,無,7800000,80863,其他,7.0,900000,,RPPNMLTJKIKGFFE48CB,城海戀,B8棟0號,
梓官區,房地(土地+建物),高雄市梓官區梓平段402-6地號,87.06,住,,,1141205,土地1建物1車位0,全,3,透天厝,住家用,鋼筋混凝土造,,169.54,4,2,4,有,無,18200000,107349,,0.0,0,,RPQNMLTJKIKGFFE58CB,皇家好美五期,B棟7號,
路竹區,房地(土地+建物)+車位,高雄市路竹區新生路,30.85,,一般農業區,甲種建築用地,1141116,土地1建物1車位1,十層,14,住宅大樓(11層含以上有電梯),住家用,鋼筋混凝土造,,144.11,3,2,2,有,無,11340000,80053,坡道平面,23.69,1700000,,RPPNMLTJKIKGFJE88CB,科心豐閣,A9棟10號,
路竹區,房地(土地+建物)+車位,高雄市路竹區新生路,30.85,,一般農業區,甲種建築用地,1141115,土地1建物1車位1,十層,14,住宅大樓(11層含以上有電梯),住家用,鋼筋混凝土造,,144.11,3,2,2,有,無,11580000,81216,坡道平面,23.69,1800000,,RPQNMLTJKIKGFJE98CB,科心豐閣,A5棟10號,
路竹區,房地(土地+建物)+車位,高雄市路竹區新生路,22.5,,一般農業區,甲種建築用地,1141130,土地1建物1車位1,三層,14,住宅大樓(11層含以上有電梯),住家用,鋼筋混凝土造,,110.0,2,2,2,有,無,8300000,75758,坡道平面,22.22,1650000,,RPRNMLTJKIKGFJE09CB,科心豐閣,A7棟3號,
林園區,房地(土地+建物),高雄市林園區中港路與半?路253巷路口,110.6,住,,,1141117,土地4建物1車位0,全,3,透天厝,住家用,鋼筋混凝土造,,112.58,3,2,3,有,無,10200000,90602,,0.0,0,,RPPNMLTJKIKGFLE09CB,28洋房,S棟33號,
林園區,房地(土地+建物),高雄市林園區中港路與半?路253巷路口,112.21,住,,,1141122,土地4建物1車位0,全,3,透天厝,住家用,鋼筋混凝土造,,112.96,3,2,3,有,無,10200000,90297,,0.0,0,,RPQNMLTJKIKGFLE56CB,28洋房,S棟35號,
新興區,房地(土地+建物),高雄市新興區中山一路,3.41,商,,,1141207,土地16建物1車位0,十三層,36,住宅大樓(11層含以上有電梯),住家用,鋼骨鋼筋混凝土造,,84.21,2,1,1,有,無,13270000,157582,,0.0,0,交易總價含下列非屬預售屋價格之費用:裝潢費；傢俱設備費100000元；,RPPNMLKKKIKGFBE27CB,中山鉑?,A棟6號,
新興區,房地(土地+建物),高雄市新興區中山一路,3.61,商,,,1141207,土地16建物1車位0,十六層,36,住宅大樓(11層含以上有電梯),住家用,鋼骨鋼筋混凝土造,,89.64,1,1,1,有,無,14620000,163097,,0.0,0,交易總價含下列非屬預售屋價格之費用:裝潢費；傢俱設備費100000元；,RPQNMLKKKIKGFBE37CB,中山鉑?,A棟19號,
三民區,房地(土地+建物),高雄市三民區鼎山街,7.77,商,,,1141204,土地1建物1車位0,六層,15,住宅大樓(11層含以上有電梯),住家用,鋼筋混凝土造,,81.73,2,2,1,有,無,9210000,112688,,0.0,0,,RPPNMLKKKIKGFDE47CB,和築豐彩,A7棟6F號,
三民區,房地(土地+建物),高雄市三民區鼎山街,7.51,商,,,1141128,土地1建物1車位0,六層,15,住宅大樓(11層含以上有電梯),住家用,鋼筋混凝土造,,79.58,2,2,1,有,無,9000000,113094,,0.0,0,,RPQNMLKKKIKGFDE57CB,和築豐彩,B5棟6F號,
左營區,房地(土地+建物)+車位,高雄市左營區文育路2號八樓之2,17.93,住,,,1141115,土地1建物1車位1,八層,14,住宅大樓(11層含以上有電梯),住家用,鋼筋混凝土造,,149.45,3,2,2,有,無,20630000,160280,坡道平面,33.84,2100000,雨遮不計價,RPPNMLKKKIKGFEE57CB,靜 界,A棟5號,
楠梓區,房地(土地+建物)+車位,高雄市楠梓區大學二十三街及二十六街口,14.23,住,,,1141205,土地1建物1車位1,二層,20,住宅大樓(11層含以上有電梯),住家用,鋼筋混凝土造,,101.26,2,2,2,有,無,11000000,116073,坡道平面,24.67,2110000,,RPSNMLKKKIKGFEE87CB,遠雄一靚,A01棟F02號,
橋頭區,房地(土地+建物)+車位,高雄市橋頭區橋新三路,20.71,商,,,1141120,土地1建物1車位1,九層,24,住宅大樓(11層含以上有電梯),住家用,鋼筋混凝土造,,170.77,4,2,2,有,無,19350000,119290,坡道平面,23.23,1750000,,RPPNMLKKKIKGFFE67CB,達麗世界學,A棟A3-09F號,
橋頭區,房地(土地+建物)+車位,高雄市橋頭區橋新三路,20.71,商,,,1141120,土地1建物1車位1,二十四層,24,住宅大樓(11層含以上有電梯),住家用,鋼筋混凝土造,,170.77,4,2,2,有,無,20830000,129999,坡道平面,23.23,1650000,,RPQNMLKKKIKGFFE77CB,達麗世界學,B棟B3-24F號,
湖內區,房地(土地+建物),高雄市湖內區建國街13巷,71.0,住,,,1141111,土地1建物1車位0,全,3,透天厝,住家用,鋼筋混凝土造,,163.19,4,2,5,有,無,13750000,84258,,0.0,0,,RPPNMLKKKIKGFJE08CB,藏龍9期,A棟6號,
新興區,房地(土地+建物)+車位,高雄市新興區中山一路,3.41,商,,,1141210,土地16建物1車位1,三十三層,36,住宅大樓(11層含以上有電梯),住家用,鋼骨鋼筋混凝土造,,89.95,2,1,1,有,無,14980000,163639,坡道機械,5.74,1200000,交易總價含下列非屬預售屋價格之費用:裝潢費；傢俱設備費100000元；,RPPNMLLKKIKGFBE37CB,中山鉑?,A棟6號,
新興區,房地(土地+建物)+車位,高雄市新興區中山一路,3.61,商,,,1141211,土地16建物1車位1,十七層,36,住宅大樓(11層含以上有電梯),住家用,鋼骨鋼筋混凝土造,,95.38,1,1,1,有,無,16150000,163432,坡道機械,5.74,1500000,交易總價含下列非屬預售屋價格之費用:裝潢費；傢俱設備費100000元；,RPQNMLLKKIKGFBE47CB,中山鉑?,A棟19號,1150210全部解約
岡山區,房地(土地+建物)+車位,高雄市岡山區臺上路,31.13,住,,,1141118,土地1建物1車位1,二層,7,華廈(10層含以下有電梯),住家用,鋼筋混凝土造,,142.61,3,2,2,有,無,13920000,100849,一樓平面,22.43,1800000,,RPPNMLLKKIKGFFE77CB,天磊穰穰,A8棟2號,
小港區,房地(土地+建物)+車位,高雄市小港區店鎮段138地號,14.64,住,,,1141207,土地1建物1車位1,十層,15,住宅大樓(11層含以上有電梯),住家用,鋼筋混凝土造,,119.9,2,2,2,有,無,8560000,90596,坡道平面,41.42,1450000,,RPPNMLMKKIKGFCE57CB,春虹星綻,A7棟10號,
楠梓區,房地(土地+建物)+車位,高雄市楠梓區大學二十三街及二十六街口,15.68,住,,,1141205,土地1建物1車位1,六層,20,住宅大樓(11層含以上有電梯),住家用,鋼筋混凝土造,,110.8,2,2,2,有,無,13110000,127714,坡道平面,24.67,2110000,含冷氣交易總價含下列非屬預售屋價格之費用:傢俱設備費；,RPPNMLMKKIKGFEE77CB,遠雄一靚,D07棟F06號,
楠梓區,房地(土地+建物)+車位,高雄市楠梓區大學二十三街及二十六街口,16.24,住,,,1141205,土地1建物1車位1,三層,20,住宅大樓(11層含以上有電梯),住家用,鋼筋混凝土造,,111.86,2,2,2,有,無,12870000,126849,坡道平面,24.67,1810000,,RPQNMLMKKIKGFEE87CB,遠雄一靚,A07棟F03號,
楠梓區,房地(土地+建物)+車位,高雄市楠梓區大學二十三街及二十六街口,16.24,住,,,1141206,土地1建物1車位1,六層,20,住宅大樓(11層含以上有電梯),住家用,鋼筋混凝土造,,111.42,2,2,2,有,無,13730000,133948,坡道平面,24.67,2110000,含冷氣交易總價含下列非屬預售屋價格之費用:傢俱設備費；,RPRNMLMKKIKGFEE97CB,遠雄一靚,B07棟F06號,
楠梓區,房地(土地+建物)+車位,高雄市楠梓區大學二十三街及二十六街口,16.08,住,,,1141207,土地1建物1車位1,五層,20,住宅大樓(11層含以上有電梯),住家用,鋼筋混凝土造,,112.97,2,2,2,有,無,14340000,139638,坡道平面,24.67,2010000,,RPSNMLMKKIKGFEE08CB,遠雄一靚,D01棟F05號,
楠梓區,房地(土地+建物)+車位,高雄市楠梓區大學二十三街及二十六街口,21.23,住,,,1141207,土地1建物1車位2,二十層,20,住宅大樓(11層含以上有電梯),住家用,鋼筋混凝土造,,162.83,3,2,2,有,無,21800000,152260,坡道平面,49.34,4520000,,RPTNMLMKKIKGFEE18CB,遠雄一靚,B02棟F20號,
楠梓區,房地(土地+建物)+車位,高雄市楠梓區大學二十三街及二十六街口,22.03,住,,,1141207,土地1建物1車位1,五層,20,住宅大樓(11層含以上有電梯),住家用,鋼筋混凝土造,,142.69,3,2,2,有,無,18120000,133960,坡道平面,24.67,2310000,含冷氣交易總價含下列非屬預售屋價格之費用:傢俱設備費；,RPUNMLMKKIKGFEE28CB,遠雄一靚,B01棟F05號,
楠梓區,房地(土地+建物)+車位,高雄市楠梓區大學二十三街及二十六街口,22.03,住,,,1141207,土地1建物1車位1,六層,20,住宅大樓(11層含以上有電梯),住家用,鋼筋混凝土造,,142.69,3,2,2,有,無,18300000,135486,坡道平面,24.67,2310000,含冷氣交易總價含下列非屬預售屋價格之費用:傢俱設備費；,RPVNMLMKKIKGFEE38CB,遠雄一靚,B01棟F06號,
楠梓區,房地(土地+建物)+車位,高雄市楠梓區大學二十三街及二十六街口,16.08,住,,,1141207,土地1建物1車位1,六層,20,住宅大樓(11層含以上有電梯),住家用,鋼筋混凝土造,,113.03,2,2,2,有,無,13310000,124491,坡道平面,24.67,2310000,,RPWNMLMKKIKGFEE48CB,遠雄一靚,D03棟F06號,
楠梓區,房地(土地+建物)+車位,高雄市楠梓區大學二十三街及二十六街口,20.02,住,,,1141207,土地1建物1車位1,二層,20,住宅大樓(11層含以上有電梯),住家用,鋼筋混凝土造,,131.8,3,2,2,有,無,15700000,126855,坡道平面,24.67,2110000,,RPXNMLMKKIKGFEE58CB,遠雄一靚,B01棟F02號,
楠梓區,房地(土地+建物)+車位,高雄市楠梓區大學二十三街及二十六街口,14.88,住,,,1141207,土地1建物1車位1,五層,20,住宅大樓(11層含以上有電梯),住家用,鋼筋混凝土造,,104.15,2,2,2,有,無,13370000,140413,坡道平面,24.67,2210000,含冷氣交易總價含下列非屬預售屋價格之費用:傢俱設備費；,RPOOMLMKKIKGFEE77CB,遠雄一靚,A02棟F05號,
楠梓區,房地(土地+建物)+車位,高雄市楠梓區大學二十三街及二十六街口,13.75,住,,,1141208,土地1建物1車位1,六層,20,住宅大樓(11層含以上有電梯),住家用,鋼筋混凝土造,,100.24,2,2,2,有,無,11900000,130872,坡道平面,24.67,2010000,含冷氣交易總價含下列非屬預售屋價格之費用:傢俱設備費；,RPPOMLMKKIKGFEE87CB,遠雄一靚,D08棟F06號,
楠梓區,房地(土地+建物)+車位,高雄市楠梓區大學二十三街及二十六街口,15.68,住,,,1141208,土地1建物1車位1,三層,20,住宅大樓(11層含以上有電梯),住家用,鋼筋混凝土造,,110.8,2,2,2,有,無,12310000,120748,坡道平面,24.67,1910000,,RPQOMLMKKIKGFEE97CB,遠雄一靚,D07棟F03號,
大樹區,房地(土地+建物)+車位,高雄市大樹區中正一路,21.29,住,,,1141130,土地1建物1車位1,三層,7,華廈(10層含以下有電梯),住家用,鋼筋混凝土造,,62.12,2,1,2,有,無,5550000,71241,一樓平面,1.06,1200000,,RPPNMLMKKIKGFGE97CB,淞曜,F棟5號,
三民區,房地(土地+建物)+車位,高雄市三民區建國三路與同盟三路交叉口,7.06,商,,,1141117,土地2建物1車位1,十七層,27,住宅大樓(11層含以上有電梯),住家用,鋼筋混凝土造,,105.09,2,2,1,有,無,15170000,166282,坡道平面,27.09,2200000,,RPPNMLPKKIKGFDE97CB,立信 立.天下,B8棟17號,
三民區,房地(土地+建物)+車位,高雄市三民區灣華段301地號,17.8,住,,,1141206,土地1建物1車位2,十四層,15,住宅大樓(11層含以上有電梯),住家用,鋼筋混凝土造,,227.25,4,2,2,有,無,27700000,142054,坡道平面,65.34,4700000,,RPQNMLPKKIKGFDE08CB,城揚TwinS,A1棟14號,
三民區,房地(土地+建物)+車位,高雄市三民區建國三路與同盟三路交叉口,10.91,商,,,1141213,土地2建物1車位1,二十一層,28,住宅大樓(11層含以上有電梯),住家用,鋼筋混凝土造,,149.63,2,2,2,有,無,20350000,149616,坡道平面,25.98,1850000,,RPRNMLPKKIKGFDE18CB,立信 立.天下,A6棟21號,
左營區,房地(土地+建物)+車位,高雄市左營區大中二路,14.58,住,,,1141207,土地1建物1車位1,五層,15,住宅大樓(11層含以上有電梯),住家用,鋼筋混凝土造,,169.21,3,2,2,有,無,17250000,115764,坡道平面,38.34,2100000,,RPQNMLPKKIKGFEE18CB,高鐵SONG,A1棟0號,
橋頭區,房地(土地+建物)+車位,高雄市橋頭區成功南路,19.43,住,,,1141212,土地1建物1車位1,十二層,15,住宅大樓(11層含以上有電梯),住家用,鋼筋混凝土造,,134.95,3,2,2,有,無,16100000,118939,坡道平面,14.72,1800000,,RPPNMLPKKIKGFFE18CB,橋科大極,B7棟12號,
仁武區,房地(土地+建物)+車位,高雄市仁武區赤仁路,26.07,住,,,1141201,土地1建物1車位1,七層,13,住宅大樓(11層含以上有電梯),住家用,鋼筋混凝土造,,153.16,3,2,2,有,無,12180000,91102,坡道平面,35.38,1450000,,RPPNMLPKKIKGFIE48CB,佳鋐雄匯,B1棟07F號,
仁武區,房地(土地+建物)+車位,高雄市仁武區赤仁路,26.07,住,,,1141201,土地1建物1車位1,四層,13,住宅大樓(11層含以上有電梯),住家用,鋼筋混凝土造,,151.87,3,2,2,有,無,11750000,88428,坡道平面,34.26,1350000,,RPQNMLPKKIKGFIE58CB,佳鋐雄匯,B3棟04F號,
仁武區,房地(土地+建物)+車位,高雄市仁武區赤仁路,26.07,住,,,1141201,土地1建物1車位1,十層,13,住宅大樓(11層含以上有電梯),住家用,鋼筋混凝土造,,152.99,3,2,2,有,無,12510000,92339,坡道平面,35.38,1650000,,RPRNMLPKKIKGFIE68CB,佳鋐雄匯,B3棟10F號,
仁武區,房地(土地+建物)+車位,高雄市仁武區赤仁路,18.49,住,,,1141201,土地1建物1車位1,九層,13,住宅大樓(11層含以上有電梯),住家用,鋼筋混凝土造,,119.8,2,2,2,有,無,9500000,92987,坡道平面,35.38,1650000,,RPSNMLPKKIKGFIE78CB,佳鋐雄匯,B6棟09F號,
仁武區,房地(土地+建物)+車位,高雄市仁武區仁雄路475巷,23.24,住,,,1141125,土地1建物1車位1,七層,7,華廈(10層含以下有電梯),住家用,鋼筋混凝土造,,88.84,2,2,2,有,無,9200000,100000,一樓平面,15.84,1900000,,RPTNMLPKKIKGFIE88CB,頂亨紳鄰,B2棟7號,
大寮區,房地(土地+建物),高雄市大寮區林厝路,101.0,住,,,1141213,土地2建物1車位0,全,4,透天厝,住家用,鋼筋混凝土造,,205.88,4,3,3,有,無,20020000,97241,,0.0,0,,RPPNMLPKKIKGFLE78CB,捷安居6期,S棟3號,
楠梓區,房地(土地+建物)+車位,高雄市楠梓區興楠路,19.83,住,,,1141201,土地1建物1車位1,八層,15,住宅大樓(11層含以上有電梯),住家用,鋼筋混凝土造,,150.14,4,2,2,有,無,16100000,113654,坡道平面,24.32,1800000,,RPPNMLQKKIKGFEE18CB,興.楠梓,A2棟8號,
橋頭區,房地(土地+建物)+車位,高雄市橋頭區橋新三路,20.71,商,,,1141208,土地1建物1車位1,六層,24,住宅大樓(11層含以上有電梯),住家用,鋼筋混凝土造,,170.77,4,2,2,有,無,19100000,116917,坡道平面,23.23,1850000,,RPPNMLQKKIKGFFE28CB,達麗世界學,A棟A3-06F號,
橋頭區,房地(土地+建物)+車位,高雄市橋頭區橋新三路,11.82,商,,,1141203,土地1建物1車位1,九層,24,住宅大樓(11層含以上有電梯),住家用,鋼筋混凝土造,,107.43,2,2,2,有,無,12300000,126485,坡道平面,23.23,1650000,,RPQNMLQKKIKGFFE38CB,達麗世界學,A棟A9-09F號,
橋頭區,房地(土地+建物)+車位,高雄市橋頭區橋新三路,11.82,商,,,1141205,土地1建物1車位1,十層,24,住宅大樓(11層含以上有電梯),住家用,鋼筋混凝土造,,107.43,2,2,2,有,無,12330000,126841,坡道平面,23.23,1650000,,RPRNMLQKKIKGFFE48CB,達麗世界學,A棟A9-10F號,
橋頭區,房地(土地+建物)+車位,高雄市橋頭區橋新三路,16.06,商,,,1141204,土地1建物1車位1,二十層,24,住宅大樓(11層含以上有電梯),住家用,鋼筋混凝土造,,136.69,3,2,2,有,無,16350000,129561,坡道平面,23.23,1650000,,RPSNMLQKKIKGFFE58CB,達麗世界學,B棟B8-20F號,
橋頭區,房地(土地+建物)+車位,高雄市橋頭區橋新三路,11.82,商,,,1141129,土地1建物1車位1,十層,24,住宅大樓(11層含以上有電梯),住家用,鋼筋混凝土造,,107.43,2,2,2,有,無,12330000,126841,坡道平面,23.23,1650000,,RPTNMLQKKIKGFFE68CB,達麗世界學,B棟B9-10F號,
橋頭區,房地(土地+建物)+車位,高雄市橋頭區橋新三路,11.82,商,,,1141207,土地1建物1車位1,十一層,24,住宅大樓(11層含以上有電梯),住家用,鋼筋混凝土造,,107.43,2,2,2,有,無,12170000,127316,坡道平面,23.23,1450000,,RPUNMLQKKIKGFFE78CB,達麗世界學,B棟B9-11F號,
旗山區,房地(土地+建物)+車位,高雄市旗山區旗南一路311號對面,37.74,住,,,1141211,土地1建物1車位1,四層,5,華廈(10層含以下有電梯),住家用,鋼筋混凝土造,,120.42,3,2,2,有,無,8350000,69341,一樓平面,7.58,0,,RPPNMLQKKIKGFHE48CB,皇家大苑第十五期,D棟1號,
鳥松區,房地(土地+建物)+車位,高雄市鳥松區長庚段374-1地號,22.79,住,,,1141118,土地1建物1車位1,六層,7,華廈(10層含以下有電梯),住家用,鋼筋混凝土造,,79.95,2,2,2,有,無,9800000,113968,一樓平面,8.0,1600000,,RPPNMLQKKIKGFIE58CB,文華筑安,B棟5號,
苓雅區,房地(土地+建物)+車位,高雄市苓雅區泉州街,15.46,住,,,1141204,土地1建物1車位1,八層,15,住宅大樓(11層含以上有電梯),住家用,鋼筋混凝土造,,155.18,2,2,2,有,無,20950000,140651,一樓平面,28.27,3100000,,RPPNMLRKKIKGFBE97CB,文化星匯,A棟2號,
新興區,房地(土地+建物),高雄市新興區中山一路,3.41,商,,,1141217,土地16建物1車位0,十層,36,住宅大樓(11層含以上有電梯),住家用,鋼骨鋼筋混凝土造,,84.21,2,1,1,有,無,13200000,156751,,0.0,0,交易總價含下列非屬預售屋價格之費用:裝潢費；傢俱設備費100000元；,RPSNMLRKKIKGFBE28CB,中山鉑?,A棟6號,
三民區,房地(土地+建物),高雄市三民區鼎山街,7.77,商,,,1141212,土地1建物1車位0,十五層,15,住宅大樓(11層含以上有電梯),住家用,鋼筋混凝土造,,81.73,2,2,1,有,無,9230000,112933,,0.0,0,,RPPNMLRKKIKGFDE18CB,和築豐彩,A7棟15F號,
三民區,房地(土地+建物)+車位,高雄市三民區鼎山街,12.17,商,,,1141212,土地1建物1車位1,六層,15,住宅大樓(11層含以上有電梯),住家用,鋼筋混凝土造,,157.46,3,2,2,有,無,17270000,121039,坡道平面,29.65,1800000,,RPQNMLRKKIKGFDE28CB,和築豐彩,A2棟6F號,
左營區,房地(土地+建物)+車位,高雄市左營區文育路6號七樓之2,17.93,住,,,1141127,土地1建物1車位1,七層,14,住宅大樓(11層含以上有電梯),住家用,鋼筋混凝土造,,149.45,3,2,2,有,無,19980000,157253,坡道平面,33.84,1800000,雨遮不計價,RPPNMLSKKIKGFEE38CB,靜 界,A棟3號,
左營區,房地(土地+建物)+車位,高雄市左營區文育路2號九樓之1,22.1,住,,,1141214,土地1建物1車位1,九層,14,住宅大樓(11層含以上有電梯),住家用,鋼筋混凝土造,,176.37,3,2,2,有,無,25580000,163334,坡道平面,33.84,2300000,雨遮不計價,RPQNMLSKKIKGFEE48CB,靜 界,A棟1號,
大社區,房地(土地+建物)+車位,高雄市大社區中正路470號6樓之5,24.64,住,,,1141217,土地1建物1車位1,六層,7,華廈(10層含以下有電梯),住家用,鋼筋混凝土造,,84.04,2,1,2,有,無,8970000,101028,一樓平面,12.08,1700000,,RPPNMLSKKIKGFIE78CB,喬鈞富寓,C5棟6號,
大社區,房地(土地+建物)+車位,高雄市大社區中正路468號6樓之3,24.64,住,,,1141217,土地1建物1車位1,六層,7,華廈(10層含以下有電梯),住家用,鋼筋混凝土造,,84.04,2,1,2,有,無,8970000,101028,一樓平面,12.08,1700000,,RPQNMLSKKIKGFIE88CB,喬鈞富寓,B3棟6號,
前金區,房地(土地+建物),高雄市前金區五福三路,5.16,商,,,1141128,土地3建物1車位0,十四層,29,住宅大樓(11層含以上有電梯),住家用,鋼筋混凝土造,,80.78,1,2,1,有,無,12750000,157836,,0.0,0,雨遮面積得依法登記，不予計價,RPPNMLTKKIKGFAE08CB,星峰匯,A3棟14號,
楠梓區,房地(土地+建物)+車位,高雄市楠梓區大學二十六街、大學十一街,13.6,住,,,1141213,土地1建物1車位1,七層,14,住宅大樓(11層含以上有電梯),住家用,鋼筋混凝土造,,107.66,1,2,2,有,無,12090000,122817,坡道平面,23.47,1750000,,RPPNMLTKKIKGFEE48CB,敘青田,A棟3號,
楠梓區,房地(土地+建物)+車位,高雄市楠梓區大學二十三街及二十六街口,15.68,住,,,1141211,土地1建物1車位1,五層,20,住宅大樓(11層含以上有電梯),住家用,鋼筋混凝土造,,110.8,2,2,2,有,無,12970000,124927,坡道平面,24.67,2210000,含冷氣交易總價含下列非屬預售屋價格之費用:傢俱設備費；,RPQNMLTKKIKGFEE58CB,遠雄一靚,D07棟F05號,
楠梓區,房地(土地+建物)+車位,高雄市楠梓區大學二十三街及二十六街口,16.24,住,,,1141213,土地1建物1車位1,二層,20,住宅大樓(11層含以上有電梯),住家用,鋼筋混凝土造,,111.42,2,2,2,有,無,12910000,125648,坡道平面,24.67,2010000,,RPRNMLTKKIKGFEE68CB,遠雄一靚,B07棟F02號,
楠梓區,房地(土地+建物)+車位,高雄市楠梓區大學二十三街及二十六街口,16.24,住,,,1141214,土地1建物1車位1,四層,20,住宅大樓(11層含以上有電梯),住家用,鋼筋混凝土造,,111.42,2,2,2,有,無,13400000,128991,坡道平面,24.67,2210000,含冷氣交易總價含下列非屬預售屋價格之費用:傢俱設備費；,RPSNMLTKKIKGFEE78CB,遠雄一靚,B07棟F04號,
林園區,房地(土地+建物),高雄市林園區林子邊段1615-8地號,106.0,住,,,1141125,土地1建物1車位0,全,4,透天厝,住家用,鋼筋混凝土造,,286.56,4,2,5,有,無,24100000,84101,,0.0,0,,RPPNMLKLKIKGFLE38CB,高盈信義,A棟2號,
三民區,房地(土地+建物)+車位,高雄市三民區九如一路A03棟F19樓,9.51,商,,,1141213,土地2建物1車位1,十九層,27,住宅大樓(11層含以上有電梯),住家用,鋼筋混凝土造,,132.15,3,2,2,有,無,18720000,150193,坡道平面,20.76,1990000,,RPPNMLLLKIKGFDE67CB,遠雄峰蘊,A棟03號,
三民區,房地(土地+建物)+車位,高雄市三民區九如一路A06棟F25樓,6.92,商,,,1141213,土地2建物1車位1,二十五層,27,住宅大樓(11層含以上有電梯),住家用,鋼筋混凝土造,,101.96,2,1,1,有,無,15000000,160222,坡道平面,20.76,1990000,交易總價含下列非屬預售屋價格之費用:歐德裝修商品券費:150000元,RPQNMLLLKIKGFDE77CB,遠雄峰蘊,A棟06號,
三民區,房地(土地+建物)+車位,高雄市三民區九如一路A05棟F08樓,11.89,商,,,1141213,土地2建物1車位1,八層,27,住宅大樓(11層含以上有電梯),住家用,鋼筋混凝土造,,160.06,3,2,2,有,無,20900000,134961,坡道平面,20.76,2100000,交易總價含下列非屬預售屋價格之費用:歐德裝修商品券費:650000元,RPRNMLLLKIKGFDE87CB,遠雄峰蘊,A棟05號,
前金區,房地(土地+建物)+車位,高雄市前金區五福三路,7.33,商,,,1141213,土地3建物1車位1,二十八層,29,住宅大樓(11層含以上有電梯),住家用,鋼筋混凝土造,,129.2,2,2,2,有,無,19800000,161614,坡道機械,14.73,1300000,交易總價含下列非屬預售屋價格之費用:裝潢費；,RPPNMLMLKIKGFAE47CB,星峰匯,A6棟28號,
三民區,房地(土地+建物)+車位,高雄市三民區覺民路,0.0,,,,1141211,土地0建物1車位1,十三層,15,住宅大樓(11層含以上有電梯),住家用,鋼筋混凝土造,,96.29,2,1,1,有,無,7500000,85893,坡道平面,27.6,1600000,總價含地上權標的價款236萬元地上權房屋；,RPPNMLMLKIKGFDE77CB,KS1,D6棟0號,
三民區,房地(土地+建物)+車位,高雄市三民區覺民路,0.0,,,,1141219,土地0建物1車位1,三層,15,住宅大樓(11層含以上有電梯),住家用,鋼筋混凝土造,,142.45,3,2,2,有,無,10680000,79060,坡道平面,27.6,1600000,總價含地上權標的價款363萬元地上權房屋；,RPQNMLMLKIKGFDE87CB,KS1,B8棟0號,
楠梓區,房地(土地+建物)+車位,高雄市楠梓區大學三十二街,20.57,住,,,1141220,土地1建物1車位1,九層,15,住宅大樓(11層含以上有電梯),住家用,鋼筋混凝土造,,132.43,2,2,2,有,無,14950000,117706,坡道平面,22.41,2000000,,RPRNMLMLKIKGFEE18DB,行見築,B棟5號,
楠梓區,房地(土地+建物)+車位,高雄市楠梓區大學三十二街,24.66,住,,,1141219,土地1建物1車位1,十層,15,住宅大樓(11層含以上有電梯),住家用,鋼筋混凝土造,,154.23,2,2,2,有,無,17390000,115233,坡道平面,22.41,2200000,,RPSNMLMLKIKGFEE28DB,行見築,A棟5號,
湖內區,房地(土地+建物),高雄市湖內區福安路,27.29,住,,,1141218,土地1建物1車位0,五層,7,華廈(10層含以下有電梯),住家用,鋼筋混凝土造,,79.72,2,2,2,有,無,7300000,91570,,0.0,0,,RPPNMLMLKIKGFJE48DB,森呼吸,B棟1號,
鼓山區,房地(土地+建物),高雄市鼓山區明倫路vs昌盛路,4.05,商,,,1141221,土地1建物1車位0,十三層,20,住宅大樓(11層含以上有電梯),住家用,鋼筋混凝土造,,60.19,2,1,1,有,無,13120000,217976,,0.0,0,,RPPNMLNLKIKGFAE57CB,郡都巨蛋,A8棟13號,
新興區,房地(土地+建物)+車位,高雄市新興區中山一路,5.59,商,,,1141223,土地16建物1車位1,二十五層,36,住宅大樓(11層含以上有電梯),住家用,鋼骨鋼筋混凝土造,,153.13,3,1,2,有,無,23610000,155179,坡道平面,15.16,2200000,交易總價含下列非屬預售屋價格之費用:裝潢費；傢俱設備費150000元；,RPPNMLNLKIKGFBE67CB,中山鉑?,A棟5號,
小港區,房地(土地+建物)+車位,高雄市小港區漢威街及港後路口,20.83,住,,,1141212,土地1建物1車位1,十二層,15,住宅大樓(11層含以上有電梯),住家用,鋼筋混凝土造,,143.96,3,2,2,有,無,13100000,96841,坡道平面,27.79,1850000,,RPPNMLNLKIKGFCE77CB,曜．安庭,A棟6號,
三民區,房地(土地+建物)+車位,高雄市三民區大豐二路,5.22,商,,,1141209,土地1建物1車位1,二十七層,29,住宅大樓(11層含以上有電梯),住家用,鋼筋混凝土造,,90.67,2,1,1,有,無,10020000,123573,坡道機械,19.7,1250000,,RPPNMLNLKIKGFDE87CB,登豐29,A7棟27號,
三民區,房地(土地+建物)+車位,高雄市三民區九如三路,13.17,住,,,1141218,土地1建物1車位1,九層,15,住宅大樓(11層含以上有電梯),住家用,鋼筋混凝土造,,124.15,2,2,1,有,無,18220000,162135,坡道平面,24.85,2120000,,RPQNMLNLKIKGFDE97CB,遠雄沐蘊,B08棟F09號,
楠梓區,房地(土地+建物)+車位,高雄市楠梓區大學二十三街及二十六街口,16.24,住,,,1141217,土地1建物1車位1,三層,20,住宅大樓(11層含以上有電梯),住家用,鋼筋混凝土造,,111.42,2,2,2,有,無,13090000,127723,坡道平面,24.67,2010000,,RPPNMLNLKIKGFEE97CB,遠雄一靚,B07棟F03號,
楠梓區,房地(土地+建物)+車位,高雄市楠梓區大學二十三街及二十六街口,14.23,住,,,1141220,土地1建物1車位1,五層,20,住宅大樓(11層含以上有電梯),住家用,鋼筋混凝土造,,101.26,2,2,2,有,無,11470000,126126,坡道平面,24.67,1810000,,RPQNMLNLKIKGFEE08CB,遠雄一靚,A01棟F05號,
楠梓區,房地(土地+建物)+車位,高雄市楠梓區大學二十三街及二十六街口,15.68,住,,,1141221,土地1建物1車位1,二層,20,住宅大樓(11層含以上有電梯),住家用,鋼筋混凝土造,,110.8,2,2,2,有,無,12170000,117961,坡道平面,24.67,2010000,,RPRNMLNLKIKGFEE18CB,遠雄一靚,D07棟F02號,
岡山區,房地(土地+建物)+車位,高雄市岡山區大德段121、122、129、130地號,0.0,,,,1141217,土地0建物1車位1,七層,9,華廈(10層含以下有電梯),住家用,鋼筋混凝土造,,145.28,2,1,2,有,無,11920000,95889,坡道平面,35.57,1400000,總價含地上權持分價款310萬元地上權房屋；,RPPNMLNLKIKGFFE08CB,一功青,A5棟7號,
仁武區,房地(土地+建物)+車位,高雄市仁武區赤仁路,26.07,住,,,1141208,土地1建物1車位2,三層,14,住宅大樓(11層含以上有電梯),住家用,鋼筋混凝土造,,188.94,3,2,2,有,無,14200000,92232,坡道平面,70.76,3300000,,RPPNMLNLKIKGFIE38CB,佳鋐雄匯,A3棟03F號,
仁武區,房地(土地+建物)+車位,高雄市仁武區赤仁路,18.19,住,,,1141208,土地1建物1車位1,十一層,14,住宅大樓(11層含以上有電梯),住家用,鋼筋混凝土造,,117.57,2,2,1,有,無,9460000,95024,坡道平面,35.38,1650000,,RPQNMLNLKIKGFIE48CB,佳鋐雄匯,A6棟11F號,
仁武區,房地(土地+建物)+車位,高雄市仁武區赤仁路,19.4,住,,,1141208,土地1建物1車位1,七層,13,住宅大樓(11層含以上有電梯),住家用,鋼筋混凝土造,,123.8,2,2,2,有,無,9800000,94436,坡道平面,35.38,1450000,,RPRNMLNLKIKGFIE58CB,佳鋐雄匯,B2棟07F號,
仁武區,房地(土地+建物)+車位,高雄市仁武區赤仁路,26.07,住,,,1141207,土地1建物1車位1,十層,13,住宅大樓(11層含以上有電梯),住家用,鋼筋混凝土造,,154.26,3,2,2,有,無,12890000,95390,坡道平面,35.38,1550000,,RPSNMLNLKIKGFIE68CB,佳鋐雄匯,B5棟10F號,
新興區,房地(土地+建物)+車位,高雄市新興區中山一路,5.59,商,,,1141224,土地16建物1車位1,十三層,36,住宅大樓(11層含以上有電梯),住家用,鋼骨鋼筋混凝土造,,153.13,3,1,2,有,無,23310000,151555,坡道平面,15.16,2400000,交易總價含下列非屬預售屋價格之費用:裝潢費；傢俱設備費150000元；,RPPNMLOLKIKGFBE77CB,中山鉑?,A棟05號,
新興區,房地(土地+建物),高雄市新興區中山一路,3.41,商,,,1141224,土地16建物1車位0,十二層,36,住宅大樓(11層含以上有電梯),住家用,鋼骨鋼筋混凝土造,,84.21,2,1,1,有,無,13250000,157345,,0.0,0,交易總價含下列非屬預售屋價格之費用:裝潢費；傢俱設備費100000元；,RPQNMLOLKIKGFBE87CB,中山鉑?,A棟06號,
新興區,房地(土地+建物),高雄市新興區中山一路,3.49,商,,,1141223,土地16建物1車位0,十八層,36,住宅大樓(11層含以上有電梯),住家用,鋼骨鋼筋混凝土造,,86.59,1,1,1,有,無,14180000,163760,,0.0,0,交易總價含下列非屬預售屋價格之費用:裝潢費；傢俱設備費100000元；,RPRNMLOLKIKGFBE97CB,中山鉑?,A棟3號,
新興區,房地(土地+建物),高雄市新興區中山一路,2.92,商,,,1141224,土地16建物1車位0,三十一層,36,住宅大樓(11層含以上有電梯),住家用,鋼骨鋼筋混凝土造,,72.41,2,1,1,有,無,13030000,179948,,0.0,0,交易總價含下列非屬預售屋價格之費用:裝潢費；傢俱設備費100000元；,RPPNMLPLKIKGFBE87CB,中山鉑?,A棟18號,
路竹區,房地(土地+建物),高雄市路竹區金平路273巷49弄,119.26,住,,,1141207,土地4建物1車位0,全,3,透天厝,住家用,鋼筋混凝土造,,181.32,4,2,3,有,無,15700000,86587,,0.0,0,,RPPNMLPLKIKGFJE68CB,一品苑 臻藏系列,B棟2號,
路竹區,房地(土地+建物),高雄市路竹區金平路273巷49弄,133.11,住,,,1141213,土地4建物1車位0,全,3,透天厝,住家用,鋼筋混凝土造,,213.12,4,2,3,有,無,17500000,82113,,0.0,0,,RPQNMLPLKIKGFJE78CB,一品苑 臻藏系列,B棟1號,
三民區,房地(土地+建物),高雄市三民區大順二路與建興路,6.21,商,,,1141212,土地1建物1車位0,二層,15,住宅大樓(11層含以上有電梯),住家用,鋼筋混凝土造,,86.13,2,1,2,有,無,10900000,126553,,0.0,0,,RPPNMLQLKIKGFDE18CB,大順棧,A2棟2號,
楠梓區,房地(土地+建物)+車位,高雄市楠梓區大學西路,22.52,住,,,1141215,土地1建物1車位1,十三層,15,住宅大樓(11層含以上有電梯),住家用,鋼筋混凝土造,,146.34,2,2,2,有,無,16930000,126243,坡道平面,27.68,1950000,,RPSOMLQLKIKGFEE68CB,以學MDT,B棟2號,
楠梓區,房地(土地+建物)+車位,高雄市楠梓區大學西路,17.01,住,,,1141215,土地1建物1車位1,七層,15,住宅大樓(11層含以上有電梯),住家用,鋼筋混凝土造,,112.36,2,2,2,有,無,12010000,121855,坡道平面,26.52,1550000,,RPTOMLQLKIKGFEE78CB,以學MDT,D棟8號,
楠梓區,房地(土地+建物)+車位,高雄市楠梓區大學西路,22.52,住,,,1141215,土地1建物1車位1,九層,15,住宅大樓(11層含以上有電梯),住家用,鋼筋混凝土造,,146.5,2,2,2,有,無,15540000,116900,坡道平面,27.68,1650000,,RPUOMLQLKIKGFEE88CB,以學MDT,B棟3號,
楠梓區,房地(土地+建物)+車位,高雄市楠梓區大學西路,17.01,住,,,1141215,土地1建物1車位1,十一層,15,住宅大樓(11層含以上有電梯),住家用,鋼筋混凝土造,,111.55,2,2,2,有,無,11700000,119370,坡道平面,26.52,1550000,,RPVOMLQLKIKGFEE98CB,以學MDT,D棟3號,
楠梓區,房地(土地+建物)+車位,高雄市楠梓區大學西路,21.51,住,,,1141215,土地1建物1車位1,九層,15,住宅大樓(11層含以上有電梯),住家用,鋼筋混凝土造,,140.93,2,2,2,有,無,15450000,120088,坡道平面,27.68,1850000,,RPWOMLQLKIKGFEE09CB,以學MDT,D棟2號,
楠梓區,房地(土地+建物)+車位,高雄市楠梓區大學西路,17.01,住,,,1141215,土地1建物1車位1,十層,15,住宅大樓(11層含以上有電梯),住家用,鋼筋混凝土造,,113.52,2,2,2,有,無,11960000,120107,坡道平面,27.68,1650000,,RPXOMLQLKIKGFEE56CB,以學MDT,D棟8號,
楠梓區,房地(土地+建物)+車位,高雄市楠梓區大學西路,16.51,住,,,1141215,土地1建物1車位1,十一層,15,住宅大樓(11層含以上有電梯),住家用,鋼筋混凝土造,,112.5,2,2,2,有,無,12100000,123202,坡道平面,27.68,1650000,,RPOPMLQLKIKGFEE38CB,以學MDT,D棟5號,
楠梓區,房地(土地+建物)+車位,高雄市楠梓區大學西路,16.51,住,,,1141215,土地1建物1車位1,七層,15,住宅大樓(11層含以上有電梯),住家用,鋼筋混凝土造,,112.5,2,2,2,有,無,11350000,114360,坡道平面,27.68,1650000,,RPPPMLQLKIKGFEE48CB,以學MDT,D棟5號,
左營區,房地(土地+建物)+車位,高雄市左營區左營大路與?後街42巷,10.44,商,,,1141218,土地1建物1車位1,十三層,29,住宅大樓(11層含以上有電梯),住家用,鋼筋混凝土造,,168.38,2,2,2,有,無,17630000,108785,坡道平面,27.92,2350000,,RPQPMLQLKIKGFEE58CB,聯上芯城,A2棟13號,
楠梓區,房地(土地+建物)+車位,高雄市楠梓區大學西路,16.51,住,,,1141215,土地1建物1車位1,六層,15,住宅大樓(11層含以上有電梯),住家用,鋼筋混凝土造,,111.34,2,2,2,有,無,11200000,113770,坡道平面,26.52,1550000,,RPRPMLQLKIKGFEE68CB,以學MDT,D棟5號,
楠梓區,房地(土地+建物)+車位,高雄市楠梓區大學西路,24.02,住,,,1141215,土地1建物1車位1,八層,15,住宅大樓(11層含以上有電梯),住家用,鋼筋混凝土造,,156.06,2,2,2,有,無,16570000,114660,坡道平面,27.68,1850000,,RPSPMLQLKIKGFEE78CB,以學MDT,A棟3號,
楠梓區,房地(土地+建物)+車位,高雄市楠梓區大學西路,22.52,住,,,1141215,土地1建物1車位1,十二層,15,住宅大樓(11層含以上有電梯),住家用,鋼筋混凝土造,,146.34,2,2,2,有,無,16870000,125737,坡道平面,27.68,1950000,,RPTPMLQLKIKGFEE88CB,以學MDT,B棟2號,
楠梓區,房地(土地+建物)+車位,高雄市楠梓區大學西路,21.01,住,,,1141215,土地1建物1車位1,七層,15,住宅大樓(11層含以上有電梯),住家用,鋼筋混凝土造,,136.9,2,2,2,有,無,14350000,114448,坡道平面,27.68,1850000,,RPUPMLQLKIKGFEE98CB,以學MDT,D棟6號,
楠梓區,房地(土地+建物)+車位,高雄市楠梓區大學西路,30.02,住,,,1141215,土地1建物1車位1,六層,15,住宅大樓(11層含以上有電梯),住家用,鋼筋混凝土造,,192.28,3,2,2,有,無,20660000,113670,坡道平面,27.68,1950000,,RPVPMLQLKIKGFEE09CB,以學MDT,A棟1號,
楠梓區,房地(土地+建物),高雄市楠梓區興楠路,13.82,住,,,1141215,土地1建物1車位0,二層,15,住宅大樓(11層含以上有電梯),住家用,鋼筋混凝土造,,88.04,2,2,2,有,無,9360000,106315,,0.0,0,,RPWPMLQLKIKGFEE56CB,興.楠梓,A棟7號,
新興區,房地(土地+建物),高雄市新興區中山一路,2.92,商,,,1141227,土地16建物1車位0,三十二層,36,住宅大樓(11層含以上有電梯),住家用,鋼骨鋼筋混凝土造,,72.45,2,1,1,有,無,13080000,180538,,0.0,0,交易總價含下列非屬預售屋價格之費用:裝潢費；傢俱設備費100000元；,RPPNMLRLKIKGFBE08CB,中山鉑?,A棟16號,
三民區,房地(土地+建物)+車位,高雄市三民區覺民路,0.0,,,,1141224,土地0建物1車位1,八層,15,住宅大樓(11層含以上有電梯),住家用,鋼筋混凝土造,,118.58,3,1,2,有,無,9180000,81999,坡道平面,24.92,1500000,總價含地上權標的價款307萬元地上權房屋；,RPPNMLTLKIKGFDE48CB,KS1,E2棟0號,
左營區,房地(土地+建物)+車位,高雄市左營區文育路2號二樓,21.86,住,,,1141213,土地1建物1車位1,二層,14,住宅大樓(11層含以上有電梯),住家用,鋼筋混凝土造,,188.34,3,2,2,有,無,25180000,160210,坡道平面,47.4,2600000,雨遮不計價,RPPNMLTLKIKGFEE58CB,靜 界,A棟1號,
鳳山區,房地(土地+建物),高雄市鳳山區頂庄路 復華一街路口,11.37,商,,,1141223,土地1建物1車位0,七層,15,住宅大樓(11層含以上有電梯),住家用,鋼筋混凝土造,,96.16,2,2,2,有,無,9570000,99522,,0.0,0,,RPPNMLTLKIKGFGE78CB,利融永御,A3棟7號,
鳳山區,房地(土地+建物),高雄市鳳山區頂庄路 復華一街路口,8.4,商,,,1141218,土地1建物1車位0,五層,15,住宅大樓(11層含以上有電梯),住家用,鋼筋混凝土造,,71.11,1,1,1,有,無,7100000,99845,,0.0,0,,RPQNMLTLKIKGFGE88CB,利融永御,A6棟5號,
大社區,房地(土地+建物),高雄市大社區翠屏路84巷,24.95,住,,,1141223,土地1建物1車位0,八層,8,華廈(10層含以下有電梯),住家用,鋼筋混凝土造,,78.36,2,2,2,有,無,8600000,109750,,0.0,0,,RPPNMLTLKIKGFIE98CB,春陽逸居,A2棟0號,
前金區,房地(土地+建物),高雄市前金區北金段359地號,5.92,商,,,1141206,土地1建物1車位0,六層,15,住宅大樓(11層含以上有電梯),住家用,鋼筋混凝土造,,57.58,2,2,1,有,無,8280000,143800,,0.0,0,,RPPNMLTLKIKGFAE28DB,立有迎新,A6棟6號,
三民區,房地(土地+建物)+車位,高雄市三民區建國三路與同盟三路交叉口,8.99,商,,,1141227,土地2建物1車位1,十九層,27,住宅大樓(11層含以上有電梯),住家用,鋼筋混凝土造,,130.6,2,2,2,有,無,17770000,152835,坡道平面,27.09,1950000,,RPPNMLKMKIKGFDE67CB,立信 立.天下,B10棟19號,
大樹區,房地(土地+建物)+車位,高雄市大樹區中正一路,26.36,住,,,1141214,土地1建物1車位1,三層,7,華廈(10層含以下有電梯),住家用,鋼筋混凝土造,,89.48,2,1,2,有,無,7100000,72751,一樓平面,13.88,1600000,,RPPNMLKMKIKGFGE97CB,淞曜,H棟1號,
大樹區,房地(土地+建物)+車位,高雄市大樹區中正一路,26.14,住,,,1141216,土地1建物1車位1,七層,7,華廈(10層含以下有電梯),住家用,鋼筋混凝土造,,87.56,2,1,1,有,無,6600000,65359,一樓平面,12.59,1700000,親友、員工、共有人或其他特殊關係間之交易；,RPQNMLKMKIKGFGE08CB,淞曜,H棟3號,
大社區,房地(土地+建物),高雄市大社區文化路24巷,17.24,住,,,1141213,土地1建物1車位0,五層,8,華廈(10層含以下有電梯),住家用,鋼筋混凝土造,,71.0,2,2,2,有,無,7100000,100000,,0.0,0,,RPPNMLKMKIKGFIE18CB,皇家旺博市10期A棟華廈,A7棟5號,
三民區,房地(土地+建物),高雄市三民區鼎山街,7.77,商,,,1141219,土地1建物1車位0,四層,15,住宅大樓(11層含以上有電梯),住家用,鋼筋混凝土造,,81.73,2,2,1,有,無,9130000,111709,,0.0,0,,RPPNMLLMKIKGFDE77CB,和築豐彩,A7棟4F號,
楠梓區,房地(土地+建物)+車位,高雄市楠梓區大學二十三街及二十六街口,13.75,住,,,1141223,土地1建物1車位1,二十層,20,住宅大樓(11層含以上有電梯),住家用,鋼筋混凝土造,,100.24,2,2,2,有,無,13420000,147016,坡道平面,24.67,2310000,,RPPNMLLMKIKGFEE87CB,遠雄一靚,D08棟F20號,
楠梓區,房地(土地+建物)+車位,高雄市楠梓區大學二十三街及二十六街口,13.75,住,,,1141225,土地1建物1車位1,三層,20,住宅大樓(11層含以上有電梯),住家用,鋼筋混凝土造,,100.24,2,2,2,有,無,11430000,124653,坡道平面,24.67,2010000,,RPQNMLLMKIKGFEE97CB,遠雄一靚,D08棟F03號,
楠梓區,房地(土地+建物)+車位,高雄市楠梓區大學二十三街及二十六街口,13.75,住,,,1141225,土地1建物1車位1,二層,20,住宅大樓(11層含以上有電梯),住家用,鋼筋混凝土造,,100.24,2,2,2,有,無,11270000,122535,坡道平面,24.67,2010000,,RPRNMLLMKIKGFEE08CB,遠雄一靚,D08棟F02號,
楠梓區,房地(土地+建物)+車位,高雄市楠梓區大學二十三街及二十六街口,13.59,住,,,1141226,土地1建物1車位1,三層,20,住宅大樓(11層含以上有電梯),住家用,鋼筋混凝土造,,97.26,2,2,2,有,無,10900000,123846,坡道平面,24.67,1910000,,RPSNMLLMKIKGFEE18CB,遠雄一靚,A13棟F03號,
橋頭區,房地(土地+建物)+車位,高雄市橋頭區橋新三路,20.71,商,,,1141220,土地1建物1車位1,八層,24,住宅大樓(11層含以上有電梯),住家用,鋼筋混凝土造,,170.77,4,2,2,有,無,19320000,119086,坡道平面,23.23,1750000,,RPPNMLLMKIKGFFE97CB,達麗世界學,A棟A3-08F號,
橋頭區,房地(土地+建物)+車位,高雄市橋頭區橋新三路,11.82,商,,,1141219,土地1建物1車位1,六層,24,住宅大樓(11層含以上有電梯),住家用,鋼筋混凝土造,,107.43,2,2,2,有,無,12150000,125297,坡道平面,23.23,1600000,,RPQNMLLMKIKGFFE08CB,達麗世界學,A棟A9-06F號,
橋頭區,房地(土地+建物)+車位,高雄市橋頭區橋新環路和橋新八路交叉口,22.52,住,,,1141216,土地1建物1車位1,三層,15,住宅大樓(11層含以上有電梯),住家用,鋼筋混凝土造,,155.14,3,2,2,有,無,13300000,91912,坡道平面,24.58,1300000,,RPRNMLLMKIKGFFE18CB,達麗未來市,B棟B8-03F號,
仁武區,房地(土地+建物)+車位,高雄市仁武區京富路,12.27,住,,,1141229,土地2建物1車位1,五層,15,住宅大樓(11層含以上有電梯),住家用,鋼筋混凝土造,,93.18,1,1,2,有,無,7850000,87144,坡道平面,21.46,1600000,,RPPNMLLMKIKGFIE28CB,龍騰鑫世紀,A9棟5號,
新興區,房地(土地+建物)+車位,高雄市新興區中山一路,5.59,商,,,1141228,土地16建物1車位1,三十四層,36,住宅大樓(11層含以上有電梯),住家用,鋼骨鋼筋混凝土造,,153.13,3,1,2,有,無,23830000,155324,坡道平面,15.16,2400000,交易總價含下列非屬預售屋價格之費用:裝潢費；傢俱設備費150000元；,RPPNMLLJJHLGFBE17CB,中山鉑?,A棟5號,
苓雅區,房地(土地+建物),高雄市苓雅區三多二路廣東二街,6.45,商,,,1141218,土地2建物1車位0,九層,15,住宅大樓(11層含以上有電梯),住家用,鋼筋混凝土造,,92.15,1,1,2,有,無,11800000,128052,,0.0,0,,RPQNMLLJJHLGFBE27CB,新文化城安,H棟0號,
新興區,房地(土地+建物),高雄市新興區中山一路,3.49,商,,,1141230,土地16建物1車位0,二十二層,36,住宅大樓(11層含以上有電梯),住家用,鋼骨鋼筋混凝土造,,86.57,1,1,1,有,無,13220000,152709,,0.0,0,交易總價含下列非屬預售屋價格之費用:裝潢費；傢俱設備費100000元；,RPPNMLMJJHLGFBE27CB,中山鉑?,A棟10號,
左營區,房地(土地+建物)+車位,高雄市左營區大中二路,11.95,住,,,1141218,土地1建物1車位1,十五層,15,住宅大樓(11層含以上有電梯),住家用,鋼筋混凝土造,,145.65,3,2,2,有,無,14850000,116951,坡道平面,38.34,2300000,,RPPNMLMJJHLGFEE57CB,高鐵SONG,A8棟0號,
小港區,房地(土地+建物)+車位,高雄市小港區漢威街及港後路口,20.83,住,,,1150103,土地1建物1車位1,十三層,15,住宅大樓(11層含以上有電梯),住家用,鋼筋混凝土造,,143.96,3,2,2,有,無,13450000,98132,坡道平面,27.79,2050000,,RPPNMLOJJHLGFCE57CB,曜．安庭,A棟6號,
鼓山區,房地(土地+建物)+車位,高雄市鼓山區美術東四路,19.49,住,,,1141225,土地1建物1車位1,十八層,24,住宅大樓(11層含以上有電梯),住家用,鋼筋混凝土造,,197.91,4,2,2,有,無,29800000,156313,坡道平面,23.26,2500000,,RPPNMLPJJHLGFAE47CB,美術1808,B1棟X號,
鼓山區,房地(土地+建物)+車位,高雄市鼓山區美術東四路,8.31,住,,,1150101,土地1建物1車位1,二十二層,24,住宅大樓(11層含以上有電梯),住家用,鋼筋混凝土造,,97.48,2,1,1,有,無,16270000,187551,坡道平面,23.26,2350000,,RPQNMLPJJHLGFAE57CB,美術1808,B5棟X號,
小港區,房地(土地+建物),高雄市小港區店鎮段138地號,13.43,住,,,1141226,土地1建物1車位0,三層,15,住宅大樓(11層含以上有電梯),住家用,鋼筋混凝土造,,72.39,2,2,2,有,無,6110000,84404,,0.0,0,,RPPNMLPJJHLGFCE67CB,春虹星綻,A3棟3號,
小港區,房地(土地+建物),高雄市小港區店鎮段138地號,17.35,住,,,1141229,土地1建物1車位0,九層,15,住宅大樓(11層含以上有電梯),住家用,鋼筋混凝土造,,93.57,3,2,2,有,無,8310000,88811,,0.0,0,,RPQNMLPJJHLGFCE77CB,春虹星綻,A8棟9號,
仁武區,房地(土地+建物)+車位,高雄市仁武區赤仁路,26.07,住,,,1141222,土地1建物1車位1,三層,14,住宅大樓(11層含以上有電梯),住家用,鋼筋混凝土造,,153.56,3,2,2,有,無,12500000,93501,坡道平面,35.38,1450000,,RPPNMLPJJHLGFIE28CB,佳鋐雄匯,A1棟03號,
仁武區,房地(土地+建物)+車位,高雄市仁武區赤仁路,26.07,住,,,1141215,土地1建物1車位1,四層,14,住宅大樓(11層含以上有電梯),住家用,鋼筋混凝土造,,153.56,3,2,2,有,無,12350000,92232,坡道平面,35.38,1450000,,RPQNMLPJJHLGFIE38CB,佳鋐雄匯,A3棟04F號,
仁武區,房地(土地+建物)+車位,高雄市仁武區赤仁路,19.4,住,,,1141215,土地1建物1車位1,三層,13,住宅大樓(11層含以上有電梯),住家用,鋼筋混凝土造,,122.68,2,2,2,有,無,9680000,91948,坡道平面,34.26,1550000,,RPRNMLPJJHLGFIE48CB,佳鋐雄匯,B2棟03F號,
仁武區,房地(土地+建物)+車位,高雄市仁武區赤仁路,19.4,住,,,1141215,土地1建物1車位1,六層,13,住宅大樓(11層含以上有電梯),住家用,鋼筋混凝土造,,123.8,2,2,2,有,無,9730000,93644,坡道平面,35.38,1450000,,RPSNMLPJJHLGFIE58CB,佳鋐雄匯,B2棟06F號,
仁武區,房地(土地+建物)+車位,高雄市仁武區赤仁路,26.07,住,,,1141215,土地1建物1車位1,十一層,13,住宅大樓(11層含以上有電梯),住家用,鋼筋混凝土造,,154.26,3,2,2,有,無,12580000,91941,坡道平面,35.38,1650000,,RPTNMLPJJHLGFIE68CB,佳鋐雄匯,B5棟11F號,
仁武區,房地(土地+建物)+車位,高雄市仁武區赤仁路,26.07,住,,,1141222,土地1建物1車位1,四層,14,住宅大樓(11層含以上有電梯),住家用,鋼筋混凝土造,,153.56,3,2,2,有,無,12500000,93501,坡道平面,35.38,1450000,,RPUNMLPJJHLGFIE78CB,佳鋐雄匯,A1棟04F號,
仁武區,房地(土地+建物)+車位,高雄市仁武區赤仁路,18.19,住,,,1141222,土地1建物1車位1,七層,14,住宅大樓(11層含以上有電梯),住家用,鋼筋混凝土造,,117.57,2,2,1,有,無,9380000,96484,坡道平面,35.38,1450000,,RPVNMLPJJHLGFIE88CB,佳鋐雄匯,A6棟07F號,
仁武區,房地(土地+建物),高雄市仁武區永昌三街,40.51,住,,,1141213,土地1建物1車位0,四層,5,華廈(10層含以下有電梯),住家用,鋼筋混凝土造,,110.51,2,2,2,有,無,10750000,97276,,0.0,0,,RPWNMLPJJHLGFIE98CB,永昌AI新世代,A棟1號,
路竹區,房地(土地+建物),高雄市路竹區民有路32-3號後面,22.07,,鄉村區,乙種建築用地,1141213,土地1建物1車位0,十層,11,住宅大樓(11層含以上有電梯),住家用,鋼筋混凝土造,,74.39,2,2,2,有,無,6730000,90469,,0.0,0,,RPPNMLPJJHLGFJE38CB,高路捷,A3棟10號,
路竹區,房地(土地+建物),高雄市路竹區民有路32-3號後面,22.06,,鄉村區,乙種建築用地,1141208,土地1建物1車位0,七層,11,住宅大樓(11層含以上有電梯),住家用,鋼筋混凝土造,,74.31,2,2,2,有,無,6750000,90836,,0.0,0,,RPQNMLPJJHLGFJE48CB,高路捷,A7棟7號,
新興區,房地(土地+建物)+車位,高雄市新興區中山一路,5.59,商,,,1150106,土地16建物1車位1,十七層,36,住宅大樓(11層含以上有電梯),住家用,鋼骨鋼筋混凝土造,,153.13,3,1,2,有,無,23250000,152569,坡道平面,15.16,2200000,交易總價含下列非屬預售屋價格之費用:裝潢費；傢俱設備費150000元；,RPQOMLQJJHLGFBE87CB,中山鉑?,A棟5號,
左營區,房地(土地+建物)+車位,高雄市左營區大中二路,11.95,住,,,1150104,土地1建物1車位1,十二層,15,住宅大樓(11層含以上有電梯),住家用,鋼筋混凝土造,,145.65,3,2,2,有,無,14420000,113876,坡道平面,38.34,2200000,,RPPNMLQJJHLGFEE97CB,高鐵SONG,A8棟0號,
鼓山區,房地(土地+建物)+車位,高雄市鼓山區美術東六街,10.65,住,,,1150104,土地1建物1車位1,十四層,15,住宅大樓(11層含以上有電梯),住家用,鋼筋混凝土造,,133.51,3,2,2,有,無,20350000,177231,坡道平面,32.23,2400000,,RPPNMLQJJHLGFAE67DB,耀美術,A8棟0號,
苓雅區,房地(土地+建物)+車位,高雄市苓雅區建國一路,24.83,商,,,1141225,土地1建物1車位1,十七層,27,住宅大樓(11層含以上有電梯),住家用,鋼筋混凝土造,,253.12,3,2,3,有,無,34500000,139544,坡道平面,22.01,2250000,,RPPNMLRJJHLGFBE77CB,知道明,A1棟17號,
小港區,房地(土地+建物),高雄市小港區坪鳳段686地號,23.11,住,,,1141221,土地1建物1車位0,四層,5,華廈(10層含以下有電梯),住家用,鋼筋混凝土造,,77.39,3,2,1,有,無,6300000,81406,,0.0,0,,RPPNMLRJJHLGFCE87CB,興璽智慧宅2,A2棟0號,
三民區,房地(土地+建物),高雄市三民區鼎山街,7.51,商,,,1141226,土地1建物1車位0,八層,15,住宅大樓(11層含以上有電梯),住家用,鋼筋混凝土造,,79.58,2,2,1,有,無,9020000,113345,,0.0,0,,RPPNMLRJJHLGFDE97CB,和築豐彩,B5棟8F號,
三民區,房地(土地+建物),高雄市三民區九如三路,13.23,住,,,1141231,土地1建物1車位0,十二層,15,住宅大樓(11層含以上有電梯),住家用,鋼筋混凝土造,,99.79,2,2,1,有,無,16940000,169756,,0.0,0,含冷氣交易總價含下列非屬預售屋價格之費用:傢俱設備費；歐德裝修商品券費:300000元,RPQNMLRJJHLGFDE08CB,遠雄沐蘊,A05棟F12號,
楠梓區,房地(土地+建物)+車位,高雄市楠梓區大學二十三街及二十六街口,19.46,住,,,1141229,土地1建物1車位1,二層,20,住宅大樓(11層含以上有電梯),住家用,鋼筋混凝土造,,128.78,3,2,2,有,無,14630000,123139,坡道平面,24.67,1810000,,RPPNMLRJJHLGFEE08CB,遠雄一靚,B06棟F02號,
楠梓區,房地(土地+建物)+車位,高雄市楠梓區大學二十三街及二十六街口,14.31,住,,,1141230,土地1建物1車位1,二層,20,住宅大樓(11層含以上有電梯),住家用,鋼筋混凝土造,,101.35,2,2,2,有,無,11300000,123761,坡道平面,24.67,1810000,,RPQNMLRJJHLGFEE18CB,遠雄一靚,B05棟F02號,
楠梓區,房地(土地+建物)+車位,高雄市楠梓區大學二十三街及二十六街口,14.23,住,,,1141231,土地1建物1車位1,六層,20,住宅大樓(11層含以上有電梯),住家用,鋼筋混凝土造,,101.26,2,2,2,有,無,11720000,128085,坡道平面,24.67,1910000,,RPRNMLRJJHLGFEE28CB,遠雄一靚,A01棟F06號,
楠梓區,房地(土地+建物)+車位,高雄市楠梓區大學二十三街及二十六街口,22.03,住,,,1150103,土地1建物1車位1,十層,20,住宅大樓(11層含以上有電梯),住家用,鋼筋混凝土造,,142.69,3,2,2,有,無,19150000,143535,坡道平面,24.67,2210000,含冷氣交易總價含下列非屬預售屋價格之費用:傢俱設備費；,RPSNMLRJJHLGFEE38CB,遠雄一靚,B01棟F10號,
大社區,房地(土地+建物)+車位,高雄市大社區中正路470號6樓之2,25.39,住,,,1150106,土地1建物1車位1,六層,7,華廈(10層含以下有電梯),住家用,鋼筋混凝土造,,82.14,2,1,2,有,無,9090000,101011,一樓平面,7.99,1600000,,RPPNMLRJJHLGFIE48CB,喬鈞富寓,C2棟6號,
大社區,房地(土地+建物)+車位,高雄市大社區中正路466號6樓之1,25.12,住,,,1150106,土地1建物1車位1,六層,7,華廈(10層含以下有電梯),住家用,鋼筋混凝土造,,82.04,2,1,2,有,無,9110000,101022,一樓平面,8.69,1700000,,RPQNMLRJJHLGFIE58CB,喬鈞富寓,A1棟6號,
苓雅區,房地(土地+建物)+車位,高雄市苓雅區建國一路、正義路口,15.83,住,,,1141229,土地2建物1車位1,十三層,29,住宅大樓(11層含以上有電梯),住家用,鋼筋混凝土造,,158.95,3,1,2,有,無,10900000,68913,坡道平面,28.35,1900000,,RPPNMLRJJHLGFBE87DB,京城舞極,A2棟13號,
苓雅區,房地(土地+建物)+車位,高雄市苓雅區安樂路與安樂路1巷,16.0,住,,,1141219,土地1建物1車位1,十層,14,住宅大樓(11層含以上有電梯),住家用,鋼筋混凝土造,,115.38,3,2,2,有,無,14650000,131731,一樓平面,20.11,2100000,,RPWNMLTJJHLGFBE68CB,御上立騰,A2棟10F號,
苓雅區,房地(土地+建物)+車位,高雄市苓雅區安樂路與安樂路1巷,16.52,住,,,1141219,土地1建物1車位1,十一層,14,住宅大樓(11層含以上有電梯),住家用,鋼筋混凝土造,,122.26,3,2,2,有,無,14720000,129268,一樓平面,23.86,2000000,,RPXNMLTJJHLGFBE78CB,御上立騰,A2棟11F號,
苓雅區,房地(土地+建物),高雄市苓雅區安樂路與安樂路1巷,11.85,住,,,1141223,土地1建物1車位0,六層,14,住宅大樓(11層含以上有電梯),住家用,鋼筋混凝土造,,70.55,2,2,2,有,無,9000000,127569,,0.0,0,,RPOOMLTJJHLGFBE97CB,御上立騰,A5棟6F號,
苓雅區,房地(土地+建物)+車位,高雄市苓雅區安樂路與安樂路1巷,16.0,住,,,1141231,土地1建物1車位1,六層,14,住宅大樓(11層含以上有電梯),住家用,鋼筋混凝土造,,117.14,3,2,2,有,無,14380000,128372,坡道平面,21.87,2150000,,RPPOMLTJJHLGFBE08CB,御上立騰,A2棟6F號,
苓雅區,房地(土地+建物)+車位,高雄市苓雅區安樂路與安樂路1巷,16.0,住,,,1141231,土地1建物1車位1,五層,14,住宅大樓(11層含以上有電梯),住家用,鋼筋混凝土造,,117.14,3,2,2,有,無,14260000,127112,坡道平面,21.87,2150000,,RPQOMLTJJHLGFBE18CB,御上立騰,A2棟5F號,
苓雅區,房地(土地+建物)+車位,高雄市苓雅區安樂路與安樂路1巷,13.86,住,,,1141231,土地1建物1車位1,五層,14,住宅大樓(11層含以上有電梯),住家用,鋼筋混凝土造,,95.69,1,2,2,有,無,11980000,127180,坡道機械,13.13,1480000,,RPROMLTJJHLGFBE28CB,御上立騰,A1棟5F號,
苓雅區,房地(土地+建物)+車位,高雄市苓雅區安樂路與安樂路1巷,16.0,住,,,1150107,土地1建物1車位1,八層,14,住宅大樓(11層含以上有電梯),住家用,鋼筋混凝土造,,117.14,3,2,2,有,無,14750000,131731,一樓平面,21.87,2200000,,RPSOMLTJJHLGFBE38CB,御上立騰,A2棟8F號,
苓雅區,房地(土地+建物)+車位,高雄市苓雅區安樂路與安樂路1巷,16.52,住,,,1150107,土地1建物1車位1,十四層,14,住宅大樓(11層含以上有電梯),住家用,鋼筋混凝土造,,120.27,3,2,2,有,無,15200000,132114,一樓平面,21.87,2200000,,RPTOMLTJJHLGFBE48CB,御上立騰,A2棟14F號,
苓雅區,房地(土地+建物),高雄市苓雅區安樂路與安樂路1巷,11.83,住,,,1150109,土地1建物1車位0,四層,14,住宅大樓(11層含以上有電梯),住家用,鋼筋混凝土造,,70.49,2,2,2,有,無,8980000,127394,,0.0,0,,RPPNMLKKJHLGFBE17CB,御上立騰,A3棟4F號,
新興區,房地(土地+建物),高雄市新興區中山一路,3.41,商,,,1150105,土地16建物1車位0,十一層,36,住宅大樓(11層含以上有電梯),住家用,鋼骨鋼筋混凝土造,,84.21,2,1,1,有,無,13220000,156988,,0.0,0,交易總價含下列非屬預售屋價格之費用:裝潢費；傢俱設備費100000元；,RPQNMLKKJHLGFBE27CB,中山鉑?,A棟6號,
新興區,房地(土地+建物),高雄市新興區中山一路,3.49,商,,,1150105,土地16建物1車位0,十層,36,住宅大樓(11層含以上有電梯),住家用,鋼骨鋼筋混凝土造,,86.59,1,1,1,有,無,13970000,161335,,0.0,0,交易總價含下列非屬預售屋價格之費用:裝潢費；傢俱設備費100000元；,RPRNMLKKJHLGFBE37CB,中山鉑?,A棟3號,
苓雅區,房地(土地+建物)+車位,高雄市苓雅區三多二路廣東二街,10.42,商,,,1150104,土地2建物1車位1,十三層,15,住宅大樓(11層含以上有電梯),住家用,鋼筋混凝土造,,171.43,3,1,2,有,無,23000000,139710,坡道平面,22.55,2200000,,RPSNMLKKJHLGFBE47CB,新文化城安,E棟0號,
苓雅區,房地(土地+建物)+車位,高雄市苓雅區安樂路與安樂路1巷,16.0,住,,,1150110,土地1建物1車位1,九層,14,住宅大樓(11層含以上有電梯),住家用,鋼筋混凝土造,,117.14,3,2,2,有,無,14800000,132256,一樓平面,21.87,2200000,,RPPNMLLKJHLGFBE27CB,御上立騰,A2棟9F號,
小港區,房地(土地+建物),高雄市小港區店鎮段138地號,14.64,住,,,1150104,土地1建物1車位0,八層,15,住宅大樓(11層含以上有電梯),住家用,鋼筋混凝土造,,78.48,2,2,2,有,無,6970000,88812,,0.0,0,,RPPNMLLKJHLGFCE37CB,春虹星綻,A7棟8號,
小港區,房地(土地+建物)+車位,高雄市小港區店鎮段138地號,14.18,住,,,1150103,土地1建物1車位1,十一層,15,住宅大樓(11層含以上有電梯),住家用,鋼筋混凝土造,,118.6,2,2,2,有,無,8440000,91256,坡道平面,42.55,1500000,,RPQNMLLKJHLGFCE47CB,春虹星綻,A2棟11號,
鼓山區,房地(土地+建物)+車位,高雄市鼓山區內惟段一小段1201地號,17.45,住,,,1141219,土地1建物1車位1,七層,13,住宅大樓(11層含以上有電梯),住家用,鋼筋混凝土造,,127.49,2,2,2,有,無,14000000,126543,坡道平面,31.87,1900000,,RPPNMLMKJHLGFAE27CB,尚觀山房,A棟3號,
岡山區,房地(土地+建物)+車位,高雄市岡山區臺上路,31.13,住,,,1141218,土地1建物1車位1,七層,7,華廈(10層含以下有電梯),住家用,鋼筋混凝土造,,142.61,3,2,2,有,無,15280000,112165,一樓平面,22.43,1800000,,RPPNMLMKJHLGFFE77CB,天磊穰穰,A8棟7號,
鳳山區,房地(土地+建物)+車位,高雄市鳳山區勝中路與勝愛街口,16.57,住,,,1141223,土地1建物1車位1,四層,15,住宅大樓(11層含以上有電梯),住家用,鋼筋混凝土造,,110.38,0,2,2,有,無,11300000,102794,坡道平面,15.53,1550000,此戶含禮卷10萬元,RPPNMLMKJHLGFGE87CB,藏美東京都,B棟10號,
湖內區,房地(土地+建物),高雄市湖內區福安路,22.92,住,,,1150104,土地1建物1車位0,二層,5,華廈(10層含以下有電梯),住家用,鋼筋混凝土造,,66.93,2,2,1,有,無,5800000,86658,,0.0,0,,RPPNMLMKJHLGFJE28DB,森呼吸,A棟5號,
小港區,房地(土地+建物)+車位,高雄市小港區高坪十八路560號旁邊,73.22,住,,,1150101,土地2建物1車位1,全,4,透天厝,住家用,鋼筋混凝土造,,151.54,4,2,4,有,無,14150000,93375,一樓平面,0.0,0,,RPPNMLNKJHLGFCE57CB,悅森活Ⅵ,B棟1號,
三民區,房地(土地+建物)+車位,高雄市三民區中華二路157巷,18.1,商,,,1141229,土地2建物1車位1,七層,15,住宅大樓(11層含以上有電梯),住家用,鋼筋混凝土造,,147.86,3,2,2,有,無,20580000,149346,坡道平面,25.46,2300000,,RPPNMLNKJHLGFDE67CB,善寬UNI,A1棟7號,
左營區,房地(土地+建物)+車位,高雄市左營區大中二路,10.65,住,,,1150111,土地1建物1車位1,十三層,15,住宅大樓(11層含以上有電梯),住家用,鋼筋混凝土造,,132.27,3,1,2,有,無,13760000,122884,坡道平面,36.57,2000000,,RPPNMLNKJHLGFEE77CB,高鐵SONG,A13棟0號,
仁武區,房地(土地+建物)+車位,高雄市仁武區仁雄路475巷,33.14,住,,,1141229,土地1建物1車位1,二層,7,華廈(10層含以下有電梯),住家用,鋼筋混凝土造,,119.8,3,2,2,有,無,12600000,102924,一樓平面,15.84,1900000,,RPPNMLNKJHLGFIE18CB,頂亨紳鄰,B6棟2號,
鼓山區,房地(土地+建物)+車位,高雄市鼓山區美明路,10.66,住,,,1150112,土地1建物1車位1,八層,30,住宅大樓(11層含以上有電梯),住家用,鋼筋混凝土造,,141.19,1,2,2,有,無,22860000,179616,坡道平面,23.94,1800000,,RPPNMLOKJHLGFAE47CB,里山美術,A棟2號,
新興區,房地(土地+建物)+車位,高雄市新興區興華路,10.57,商,,,1141223,土地1建物1車位1,二層,15,住宅大樓(11層含以上有電梯),住家用,鋼筋混凝土造,,127.33,2,2,2,有,無,15080000,116414,坡道機械,8.1,1200000,,RPPNMLOKJHLGFBE57CB,仰德美麗島,A2棟2號,
小港區,房地(土地+建物)+車位,高雄市小港區漢威街及港後路口,20.83,住,,,1150110,土地1建物1車位1,六層,15,住宅大樓(11層含以上有電梯),住家用,鋼筋混凝土造,,143.96,3,2,2,有,無,12510000,91762,坡道平面,27.79,1850000,,RPPNMLOKJHLGFCE67CB,曜．安庭,A棟6號,
三民區,房地(土地+建物)+車位,高雄市三民區鼎山街,11.91,商,,,1150102,土地1建物1車位1,五層,15,住宅大樓(11層含以上有電梯),住家用,鋼筋混凝土造,,153.93,3,2,2,有,無,17220000,121586,坡道平面,28.34,1950000,,RPPNMLOKJHLGFDE77CB,和築豐彩,A1棟5F號,
三民區,房地(土地+建物),高雄市三民區鼎山街,7.77,商,,,1150109,土地1建物1車位0,十二層,15,住宅大樓(11層含以上有電梯),住家用,鋼筋混凝土造,,81.73,2,2,1,有,無,9310000,113912,,0.0,0,,RPQNMLOKJHLGFDE87CB,和築豐彩,A7棟12F號,
三民區,房地(土地+建物)+車位,高雄市三民區明誠一路鼎山街202巷口,18.9,住,,,1141220,土地2建物1車位1,十一層,23,住宅大樓(11層含以上有電梯),住家用,鋼筋混凝土造,,183.49,3,2,2,有,無,26180000,153656,坡道平面,29.38,2500000,115/2/6更正,RPRNMLOKJHLGFDE97CB,國泰明誠,A1棟11號,
三民區,房地(土地+建物)+車位,高雄市三民區明誠一路鼎山街202巷口,18.9,住,,,1141220,土地2建物1車位1,十二層,23,住宅大樓(11層含以上有電梯),住家用,鋼筋混凝土造,,183.49,3,2,2,有,無,26280000,154305,坡道平面,29.38,2500000,115/2/6更正,RPSNMLOKJHLGFDE08CB,國泰明誠,A1棟12號,
三民區,房地(土地+建物)+車位,高雄市三民區明誠一路鼎山街202巷口,17.34,住,,,1141220,土地2建物1車位1,十二層,23,住宅大樓(11層含以上有電梯),住家用,鋼筋混凝土造,,171.09,3,2,2,有,無,24270000,154329,坡道平面,29.38,2400000,115/2/6更正,RPTNMLOKJHLGFDE18CB,國泰明誠,A2棟12號,
三民區,房地(土地+建物)+車位,高雄市三民區明誠一路鼎山街202巷口,17.85,住,,,1141220,土地2建物1車位1,十九層,23,住宅大樓(11層含以上有電梯),住家用,鋼筋混凝土造,,175.13,3,2,2,有,無,25520000,157942,坡道平面,29.38,2500000,115//2/6更正,RPUNMLOKJHLGFDE28CB,國泰明誠,B1棟19號,
三民區,房地(土地+建物)+車位,高雄市三民區明誠一路鼎山街202巷口,15.94,住,,,1141221,土地2建物1車位1,十二層,23,住宅大樓(11層含以上有電梯),住家用,鋼筋混凝土造,,159.6,3,2,2,有,無,22430000,153817,坡道平面,29.38,2400000,114/2/6更正,RPVNMLOKJHLGFDE38CB,國泰明誠,B2棟12號,
三民區,房地(土地+建物)+車位,高雄市三民區明誠一路鼎山街202巷口,17.85,住,,,1141223,土地2建物1車位2,十三層,23,住宅大樓(11層含以上有電梯),住家用,鋼筋混凝土造,,204.51,3,2,2,有,無,27490000,154305,坡道平面,58.76,5000000,115/2/6更正,RPWNMLOKJHLGFDE48CB,國泰明誠,B1棟13號,
三民區,房地(土地+建物)+車位,高雄市三民區明誠一路鼎山街202巷口,17.34,住,,,1141224,土地2建物1車位1,二十層,23,住宅大樓(11層含以上有電梯),住家用,鋼筋混凝土造,,171.09,3,2,2,有,無,25360000,161315,坡道平面,29.38,2500000,115/2/6更正,RPXNMLOKJHLGFDE58CB,國泰明誠,A2棟20號,
三民區,房地(土地+建物)+車位,高雄市三民區明誠一路鼎山街202巷口,17.34,住,,,1141224,土地2建物1車位2,二十一層,23,住宅大樓(11層含以上有電梯),住家用,鋼筋混凝土造,,200.47,3,2,2,有,無,28160000,162021,坡道平面,58.76,5200000,115/2/6更正,RPOOMLOKJHLGFDE77CB,國泰明誠,A2棟21號,
三民區,房地(土地+建物)+車位,高雄市三民區明誠一路鼎山街202巷口,15.94,住,,,1141225,土地2建物1車位2,十五層,23,住宅大樓(11層含以上有電梯),住家用,鋼筋混凝土造,,188.98,3,2,2,有,無,25460000,155583,坡道平面,58.76,5200000,115/2/6更正,RPPOMLOKJHLGFDE87CB,國泰明誠,B2棟15號,
三民區,房地(土地+建物)+車位,高雄市三民區明誠一路鼎山街202巷口,17.85,住,,,1141225,土地2建物1車位1,十六層,23,住宅大樓(11層含以上有電梯),住家用,鋼筋混凝土造,,175.13,3,2,2,有,無,25250000,156089,坡道平面,29.38,2500000,115/2/6更正,RPQOMLOKJHLGFDE97CB,國泰明誠,B1棟16號,
三民區,房地(土地+建物)+車位,高雄市三民區明誠一路鼎山街202巷口,18.9,住,,,1141226,土地2建物1車位1,十六層,23,住宅大樓(11層含以上有電梯),住家用,鋼筋混凝土造,,183.49,3,2,2,有,無,26660000,156771,坡道平面,29.38,2500000,115/2/6更正,RPROMLOKJHLGFDE08CB,國泰明誠,A1棟16號,
三民區,房地(土地+建物)+車位,高雄市三民區明誠一路鼎山街202巷口,17.85,住,,,1141226,土地2建物1車位1,十層,23,住宅大樓(11層含以上有電梯),住家用,鋼筋混凝土造,,175.13,3,2,2,有,無,24720000,152453,坡道平面,29.38,2500000,115/2/6更正,RPSOMLOKJHLGFDE18CB,國泰明誠,B1棟10號,
三民區,房地(土地+建物)+車位,高雄市三民區明誠一路鼎山街202巷口,15.94,住,,,1141226,土地2建物1車位1,八層,23,住宅大樓(11層含以上有電梯),住家用,鋼筋混凝土造,,159.6,3,2,2,有,無,22000000,151282,坡道平面,29.38,2300000,115/2/6更正,RPTOMLOKJHLGFDE28CB,國泰明誠,B2棟8號,
三民區,房地(土地+建物)+車位,高雄市三民區明誠一路鼎山街202巷口,17.85,住,,,1141227,土地2建物1車位1,九層,23,住宅大樓(11層含以上有電梯),住家用,鋼筋混凝土造,,175.13,3,2,2,有,無,24650000,151973,坡道平面,29.38,2500000,115/2/6更正,RPUOMLOKJHLGFDE38CB,國泰明誠,B1棟9號,
三民區,房地(土地+建物)+車位,高雄市三民區明誠一路鼎山街202巷口,17.85,住,,,1141227,土地2建物1車位1,十二層,23,住宅大樓(11層含以上有電梯),住家用,鋼筋混凝土造,,175.13,3,2,2,有,無,25220000,155883,坡道平面,29.38,2500000,115/2/6更正,RPVOMLOKJHLGFDE48CB,國泰明誠,B1棟12號,
三民區,房地(土地+建物)+車位,高雄市三民區明誠一路鼎山街202巷口,17.85,住,,,1141227,土地2建物1車位1,七層,23,住宅大樓(11層含以上有電梯),住家用,鋼筋混凝土造,,175.13,3,2,2,有,無,24790000,152933,坡道平面,29.38,2500000,115/2/6更正,RPWOMLOKJHLGFDE58CB,國泰明誠,B1棟07號,
三民區,房地(土地+建物)+車位,高雄市三民區明誠一路鼎山街202巷口,15.94,住,,,1141227,土地2建物1車位1,十七層,23,住宅大樓(11層含以上有電梯),住家用,鋼筋混凝土造,,159.6,3,2,2,有,無,23230000,159192,坡道平面,29.38,2500000,115/2/6更正,RPXOMLOKJHLGFDE68CB,國泰明誠,B2棟17號,
三民區,房地(土地+建物)+車位,高雄市三民區明誠一路鼎山街202巷口,15.94,住,,,1141227,土地2建物1車位1,十六層,23,住宅大樓(11層含以上有電梯),住家用,鋼筋混凝土造,,157.62,3,2,2,有,無,23030000,158424,坡道平面,27.4,2400000,115/2/6更正,RPOPMLOKJHLGFDE87CB,國泰明誠,B2棟16號,
三民區,房地(土地+建物)+車位,高雄市三民區明誠一路鼎山街202巷口,18.9,住,,,1141227,土地2建物1車位1,十七層,23,住宅大樓(11層含以上有電梯),住家用,鋼筋混凝土造,,183.49,3,2,2,有,無,26740000,157290,坡道平面,29.38,2500000,115/2/6更正,RPPPMLOKJHLGFDE97CB,國泰明誠,A1棟17號,
三民區,房地(土地+建物)+車位,高雄市三民區明誠一路鼎山街202巷口,18.9,住,,,1141228,土地2建物1車位1,十九層,23,住宅大樓(11層含以上有電梯),住家用,鋼筋混凝土造,,183.49,3,2,2,有,無,27030000,158523,坡道平面,29.38,2600000,115/2/6更正,RPQPMLOKJHLGFDE08CB,國泰明誠,A1棟19號,
三民區,房地(土地+建物)+車位,高雄市三民區明誠一路鼎山街202巷口,18.9,住,,,1141228,土地2建物1車位2,十三層,23,住宅大樓(11層含以上有電梯),住家用,鋼筋混凝土造,,212.87,3,2,2,有,無,29200000,157031,坡道平面,58.76,5000000,115/2/6更正,RPRPMLOKJHLGFDE18CB,國泰明誠,A1棟13號,
三民區,房地(土地+建物)+車位,高雄市三民區明誠一路鼎山街202巷口,17.85,住,,,1141228,土地2建物1車位1,五層,23,住宅大樓(11層含以上有電梯),住家用,鋼筋混凝土造,,175.13,3,2,2,有,無,23500000,144082,坡道平面,29.38,2500000,115/2/6更正,RPSPMLOKJHLGFDE28CB,國泰明誠,B1棟5號,
三民區,房地(土地+建物)+車位,高雄市三民區明誠一路鼎山街202巷口,17.85,住,,,1141229,土地2建物1車位1,十一層,23,住宅大樓(11層含以上有電梯),住家用,鋼筋混凝土造,,175.13,3,2,2,有,無,25130000,155266,坡道平面,29.38,2500000,115/2/6更正,RPTPMLOKJHLGFDE38CB,國泰明誠,B1棟11號,
三民區,房地(土地+建物)+車位,高雄市三民區明誠一路鼎山街202巷口,15.94,住,,,1141229,土地2建物1車位1,十九層,23,住宅大樓(11層含以上有電梯),住家用,鋼筋混凝土造,,159.6,3,2,2,有,無,23380000,160344,坡道平面,29.38,2500000,115/2/6更正,RPUPMLOKJHLGFDE48CB,國泰明誠,B2棟19號,
三民區,房地(土地+建物)+車位,高雄市三民區明誠一路鼎山街202巷口,18.9,住,,,1141230,土地2建物1車位1,十五層,23,住宅大樓(11層含以上有電梯),住家用,鋼筋混凝土造,,188.71,3,2,2,有,無,26850000,156057,坡道平面,34.6,2800000,115/2/6更正,RPVPMLOKJHLGFDE58CB,國泰明誠,A1棟15號,
三民區,房地(土地+建物)+車位,高雄市三民區明誠一路鼎山街202巷口,15.94,住,,,1141231,土地2建物1車位1,四層,23,住宅大樓(11層含以上有電梯),住家用,鋼筋混凝土造,,157.62,3,2,2,有,無,21390000,145830,坡道平面,27.4,2400000,115/2/6更正,RPWPMLOKJHLGFDE68CB,國泰明誠,B2棟4號,
岡山區,房地(土地+建物)+車位,高雄市岡山區富貴南街39巷和富貴西街口,33.08,住,,,1150112,土地1建物1車位1,三層,11,住宅大樓(11層含以上有電梯),見其他登記事項,鋼筋混凝土造,,122.56,2,2,2,有,無,11870000,98962,一樓平面,13.73,1100000,親友、員工、共有人或其他特殊關係間之交易；,RPPNMLOKJHLGFFE97CB,皇家晶典25期-富貴集,A棟2號,
鳳山區,房地(土地+建物)+車位,高雄市鳳山區中安路,8.53,商,,,1141218,土地1建物1車位1,十層,15,住宅大樓(11層含以上有電梯),住家用,鋼筋混凝土造,,113.56,2,2,2,有,無,11260000,98858,坡道平面,19.89,2000000,,RPPNMLOKJHLGFGE08CB,花町院,A棟9號,
仁武區,房地(土地+建物)+車位,高雄市仁武區赤仁路,26.07,住,,,1141229,土地1建物1車位2,十四層,14,住宅大樓(11層含以上有電梯),住家用,鋼筋混凝土造,,188.94,3,2,2,有,無,14340000,96801,坡道平面,70.76,2900000,,RPPNMLOKJHLGFIE28CB,佳鋐雄匯,A1棟14F號,
仁武區,房地(土地+建物)+車位,高雄市仁武區赤仁路,19.4,住,,,1141229,土地1建物1車位1,八層,13,住宅大樓(11層含以上有電梯),住家用,鋼筋混凝土造,,122.68,2,2,2,有,無,10000000,96698,坡道平面,34.26,1450000,,RPQNMLOKJHLGFIE38CB,佳鋐雄匯,B2棟08F號,
仁武區,房地(土地+建物)+車位,高雄市仁武區赤仁路,26.07,住,,,1141229,土地1建物1車位1,六層,13,住宅大樓(11層含以上有電梯),住家用,鋼筋混凝土造,,154.26,3,2,2,有,無,12400000,91269,坡道平面,35.38,1550000,,RPRNMLOKJHLGFIE48CB,佳鋐雄匯,B5棟06F號,
楠梓區,房地(土地+建物)+車位,高雄市楠梓區興楠路,14.12,住,,,1150104,土地1建物1車位1,五層,15,住宅大樓(11層含以上有電梯),住家用,鋼筋混凝土造,,114.75,2,2,2,有,無,12000000,115006,坡道平面,24.32,1600000,,RPPNMLPKJHLGFEE97CB,興.楠梓,A棟3號,
楠梓區,房地(土地+建物)+車位,高雄市楠梓區大學二十三街及二十六街口,21.63,住,,,1150103,土地1建物1車位2,六層,20,住宅大樓(11層含以上有電梯),住家用,鋼筋混凝土造,,168.06,3,2,2,有,無,19420000,127190,坡道平面,49.34,4320000,此客戶於115.1.10加購1車位,RPQNMLPKJHLGFEE08CB,遠雄一靚,D06棟F06號,
楠梓區,房地(土地+建物)+車位,高雄市楠梓區大學二十三街及二十六街口,13.99,住,,,1150108,土地1建物1車位1,二層,20,住宅大樓(11層含以上有電梯),住家用,鋼筋混凝土造,,101.73,2,2,2,有,無,10980000,118998,坡道平面,24.67,1810000,,RPRNMLPKJHLGFEE18CB,遠雄一靚,D03棟F02號,
楠梓區,房地(土地+建物)+車位,高雄市楠梓區大學二十三街及二十六街口,16.24,住,,,1150111,土地1建物1車位1,五層,20,住宅大樓(11層含以上有電梯),住家用,鋼筋混凝土造,,111.42,2,2,2,有,無,13230000,130490,坡道平面,24.67,1910000,,RPSNMLPKJHLGFEE28CB,遠雄一靚,B07棟F05號,
鼓山區,房地(土地+建物),高雄市鼓山區明倫路vs昌盛路,6.02,商,,,1150114,土地1建物1車位0,六層,20,住宅大樓(11層含以上有電梯),住家用,鋼筋混凝土造,,89.52,2,1,2,有,無,17950000,200514,,0.0,0,,RPPNMLQKJHLGFAE67CB,郡都巨蛋,A2棟6號,
鼓山區,房地(土地+建物),高雄市鼓山區明倫路vs昌盛路,6.02,商,,,1150114,土地1建物1車位0,五層,20,住宅大樓(11層含以上有電梯),住家用,鋼筋混凝土造,,89.52,2,1,2,有,無,17910000,200067,,0.0,0,,RPQNMLQKJHLGFAE77CB,郡都巨蛋,A2棟5號,
苓雅區,房地(土地+建物),高雄市苓雅區成功一路,5.7,商,,,1150103,土地2建物1車位0,七層,23,住宅大樓(11層含以上有電梯),住家用,鋼筋混凝土造,,101.44,3,1,2,有,無,15570000,153490,,0.0,0,,RPPNMLQKJHLGFBE77CB,郡都大成,A2棟7號,
苓雅區,房地(土地+建物),高雄市苓雅區成功一路,5.7,商,,,1150102,土地2建物1車位0,四層,23,住宅大樓(11層含以上有電梯),住家用,鋼筋混凝土造,,101.44,3,1,2,有,無,15630000,154081,,0.0,0,,RPQNMLQKJHLGFBE87CB,郡都大成,A3棟4號,
苓雅區,房地(土地+建物),高雄市苓雅區成功一路,5.7,商,,,1150101,土地2建物1車位0,十層,23,住宅大樓(11層含以上有電梯),住家用,鋼筋混凝土造,,101.44,3,1,2,有,無,15840000,156151,,0.0,0,,RPRNMLQKJHLGFBE97CB,郡都大成,A2棟10號,
苓雅區,房地(土地+建物)+車位,高雄市苓雅區成功一路,6.42,商,,,1150103,土地2建物1車位1,五層,23,住宅大樓(11層含以上有電梯),住家用,鋼筋混凝土造,,118.96,2,1,2,有,無,18150000,147710,坡道機械,4.75,1280000,,RPSNMLQKJHLGFBE08CB,郡都大成,A1棟5號,
苓雅區,房地(土地+建物)+車位,高雄市苓雅區成功一路,6.42,商,,,1150101,土地2建物1車位1,四層,23,住宅大樓(11層含以上有電梯),住家用,鋼筋混凝土造,,118.96,2,1,2,有,無,17840000,145872,坡道機械,4.75,1180000,,RPTNMLQKJHLGFBE18CB,郡都大成,A1棟4號,
苓雅區,房地(土地+建物)+車位,高雄市苓雅區成功一路,5.7,商,,,1150104,土地2建物1車位1,十一層,23,住宅大樓(11層含以上有電梯),住家用,鋼筋混凝土造,,106.28,3,1,2,有,無,17420000,160095,坡道機械,4.84,1180000,,RPUNMLQKJHLGFBE28CB,郡都大成,A3棟11號,
苓雅區,房地(土地+建物)+車位,高雄市苓雅區成功一路,5.7,商,,,1150104,土地2建物1車位1,十四層,23,住宅大樓(11層含以上有電梯),住家用,鋼筋混凝土造,,106.28,3,1,2,有,無,17640000,161278,坡道機械,4.84,1280000,,RPVNMLQKJHLGFBE38CB,郡都大成,A3棟14號,
苓雅區,房地(土地+建物)+車位,高雄市苓雅區成功一路,6.42,商,,,1150105,土地2建物1車位1,十五層,23,住宅大樓(11層含以上有電梯),住家用,鋼筋混凝土造,,127.21,2,1,2,有,無,19910000,155503,坡道平面,13.0,2150000,,RPWNMLQKJHLGFBE48CB,郡都大成,A1棟15號,
苓雅區,房地(土地+建物)+車位,高雄市苓雅區成功一路,6.46,商,,,1150108,土地2建物1車位1,十層,23,住宅大樓(11層含以上有電梯),住家用,鋼筋混凝土造,,128.03,2,1,2,有,無,19970000,154047,坡道平面,13.0,2250000,,RPXNMLQKJHLGFBE58CB,郡都大成,A5棟10號,
苓雅區,房地(土地+建物)+車位,高雄市苓雅區成功一路,6.46,商,,,1150109,土地2建物1車位1,十九層,23,住宅大樓(11層含以上有電梯),住家用,鋼筋混凝土造,,128.03,2,1,2,有,無,20890000,161175,坡道平面,13.0,2350000,,RPOOMLQKJHLGFBE77CB,郡都大成,A5棟19號,
苓雅區,房地(土地+建物)+車位,高雄市苓雅區成功一路,5.7,商,,,1150113,土地2建物1車位1,十六層,23,住宅大樓(11層含以上有電梯),住家用,鋼筋混凝土造,,106.28,3,1,2,有,無,18040000,163052,坡道機械,4.84,1500000,,RPPOMLQKJHLGFBE87CB,郡都大成,A3棟16號,
苓雅區,房地(土地+建物)+車位,高雄市苓雅區成功一路,6.46,商,,,1150115,土地2建物1車位1,五層,23,住宅大樓(11層含以上有電梯),住家用,鋼筋混凝土造,,129.2,2,1,2,有,無,19930000,150656,坡道平面,14.17,2600000,,RPQOMLQKJHLGFBE97CB,郡都大成,A5棟5號,
苓雅區,房地(土地+建物),高雄市苓雅區成功一路,4.47,商,,,1150109,土地2建物1車位0,三層,23,住宅大樓(11層含以上有電梯),住家用,鋼筋混凝土造,,79.56,2,1,2,有,無,11500000,144545,,0.0,0,,RPROMLQKJHLGFBE08CB,郡都大成,A6棟3號,
苓雅區,房地(土地+建物)+車位,高雄市苓雅區成功一路,6.42,商,,,1141224,土地2建物1車位1,十一層,23,住宅大樓(11層含以上有電梯),住家用,鋼筋混凝土造,,127.21,2,1,2,有,無,20950000,164609,坡道平面,13.0,2150000,,RPSOMLQKJHLGFBE18CB,郡都大成,A1棟11號,
苓雅區,房地(土地+建物)+車位,高雄市苓雅區成功一路,5.55,商,,,1141231,土地2建物1車位1,二十三層,23,住宅大樓(11層含以上有電梯),住家用,鋼筋混凝土造,,113.12,3,1,2,有,無,18950000,167761,坡道平面,14.17,2350000,,RPPNMLQKJHLGFBE87DB,郡都大成,A10棟23號,
苓雅區,房地(土地+建物),高雄市苓雅區成功一路,4.59,商,,,1150110,土地2建物1車位0,九層,23,住宅大樓(11層含以上有電梯),住家用,鋼筋混凝土造,,81.79,2,1,2,有,無,12500000,152830,,0.0,0,,RPQNMLQKJHLGFBE97DB,郡都大成,A11棟9號,
新興區,房地(土地+建物),高雄市新興區中山一路,3.31,商,,,1150117,土地16建物1車位0,三十四層,36,住宅大樓(11層含以上有電梯),住家用,鋼骨鋼筋混凝土造,,82.0,2,1,1,有,無,13070000,159390,,0.0,0,交易總價含下列非屬預售屋價格之費用:裝潢費；傢俱設備費100000元；,RPPNMLRKJHLGFBE87CB,中山鉑?,A棟7號,
苓雅區,房地(土地+建物)+車位,高雄市苓雅區泉州街,15.46,住,,,1150104,土地1建物1車位1,十三層,15,住宅大樓(11層含以上有電梯),住家用,鋼筋混凝土造,,160.86,2,2,2,有,無,21380000,144827,一樓平面,33.95,3000000,,RPPNMLTKJHLGFBE08CB,文化星匯,A棟2號,
苓雅區,房地(土地+建物)+車位,高雄市苓雅區泉州街,15.46,住,,,1150111,土地1建物1車位1,九層,15,住宅大樓(11層含以上有電梯),住家用,鋼筋混凝土造,,155.18,2,2,2,有,無,20900000,140257,一樓平面,28.27,3100000,,RPQNMLTKJHLGFBE18CB,文化星匯,A棟2號,
苓雅區,房地(土地+建物),高雄市苓雅區泉州街,10.95,住,,,1150102,土地1建物1車位0,十二層,15,住宅大樓(11層含以上有電梯),住家用,鋼筋混凝土造,,89.84,0,1,1,有,無,13520000,150490,,0.0,0,,RPRNMLTKJHLGFBE28CB,文化星匯,B棟1號,
楠梓區,房地(土地+建物),高雄市楠梓區大學六街51巷,21.81,住,,,1150114,土地1建物1車位0,二層,5,華廈(10層含以下有電梯),住家用,鋼筋混凝土造,,55.87,2,1,1,有,無,6200000,110972,,0.0,0,,RPPNMLTKJHLGFEE38CB,高大寓邸,A3棟2F號,
橋頭區,房地(土地+建物)+車位,高雄市橋頭區橋新三路,20.71,商,,,1150111,土地1建物1車位1,十五層,24,住宅大樓(11層含以上有電梯),住家用,鋼筋混凝土造,,170.77,4,2,2,有,無,20050000,124034,坡道平面,23.23,1750000,,RPPNMLTKJHLGFFE48CB,達麗世界學,A棟A3-15F號,
林園區,房地(土地+建物),高雄市林園區下厝路89巷,27.21,住,,,1141229,土地4建物1車位0,四層,5,華廈(10層含以下有電梯),住家用,鋼筋混凝土造,,73.65,2,2,2,有,無,5100000,69246,,0.0,0,,RPPNMLTKJHLGFLE09CB,捷運101,A棟8號,
林園區,房地(土地+建物),高雄市林園區下厝路89巷,26.73,住,,,1150109,土地4建物1車位0,四層,5,華廈(10層含以下有電梯),住家用,鋼筋混凝土造,,72.82,2,2,2,有,無,5020000,68937,,0.0,0,,RPQNMLTKJHLGFLE56CB,捷運101,A棟3號,
苓雅區,房地(土地+建物)+車位,高雄市苓雅區成功一路,6.42,商,,,1150118,土地2建物1車位1,六層,23,住宅大樓(11層含以上有電梯),住家用,鋼筋混凝土造,,128.38,2,1,2,有,無,19250000,148849,坡道平面,14.17,2250000,,RPQNMLKLJHLGFBE37CB,郡都大成,A1棟6號,
苓雅區,房地(土地+建物)+車位,高雄市苓雅區成功一路,6.46,商,,,1150119,土地2建物1車位1,十六層,23,住宅大樓(11層含以上有電梯),住家用,鋼筋混凝土造,,128.03,2,1,2,有,無,20590000,159437,坡道平面,13.0,2250000,,RPRNMLKLJHLGFBE47CB,郡都大成,A5棟16號,
楠梓區,房地(土地+建物)+車位,高雄市楠梓區大學二十三街及二十六街口,14.23,住,,,1150117,土地1建物1車位1,三層,20,住宅大樓(11層含以上有電梯),住家用,鋼筋混凝土造,,101.26,2,2,2,有,無,11270000,123515,坡道平面,24.67,1810000,,RPPNMLKLJHLGFEE57CB,遠雄一靚,A01棟F03號,
新興區,房地(土地+建物),高雄市新興區中山一路,3.04,商,,,1150121,土地16建物1車位0,二十八層,36,住宅大樓(11層含以上有電梯),住家用,鋼骨鋼筋混凝土造,,75.36,2,1,1,有,無,13010000,172638,,0.0,0,交易總價含下列非屬預售屋價格之費用:裝潢費；傢俱設備費100000元；,RPPNMLLLJHLGFBE37CB,中山鉑?,A棟02號,
三民區,房地(土地+建物),高雄市三民區鼎山街,7.51,商,,,1150116,土地1建物1車位0,七層,15,住宅大樓(11層含以上有電梯),住家用,鋼筋混凝土造,,79.58,2,2,1,有,無,9000000,113094,,0.0,0,,RPPNMLLLJHLGFDE57CB,和築豐彩,B5棟7F號,
三民區,房地(土地+建物),高雄市三民區鼎山街,7.77,商,,,1150116,土地1建物1車位0,七層,15,住宅大樓(11層含以上有電梯),住家用,鋼筋混凝土造,,81.44,2,2,1,有,無,9180000,112721,,0.0,0,,RPQNMLLLJHLGFDE67CB,和築豐彩,A8棟7F號,
楠梓區,房地(土地+建物)+車位,高雄市楠梓區壽民路與壽民路105巷,11.59,住,,,1150110,土地2建物1車位1,十三層,15,住宅大樓(11層含以上有電梯),住家用,鋼筋混凝土造,,98.48,2,1,1,有,無,10150000,110319,坡道平面,25.51,2100000,,RPPNMLLLJHLGFEE67CB,聯上世界極,A8棟0號,
新興區,房地(土地+建物),高雄市新興區中山一路,3.04,商,,,1150122,土地16建物1車位0,二十四層,36,住宅大樓(11層含以上有電梯),住家用,鋼骨鋼筋混凝土造,,75.36,2,1,1,有,無,12920000,171444,,0.0,0,交易總價含下列非屬預售屋價格之費用:裝潢費；傢俱設備費100000元；,RPPNMLMLJHLGFBE47CB,中山鉑?,A棟2號,
三民區,房地(土地+建物)+車位,高雄市三民區建國三路與同盟三路交叉口,12.19,商,,,1150104,土地2建物1車位1,十七層,27,住宅大樓(11層含以上有電梯),住家用,鋼筋混凝土造,,168.23,3,2,2,有,無,24550000,156228,坡道平面,27.09,2500000,,RPPNMLMLJHLGFDE67CB,立信 立.天下,D1棟17號,
三民區,房地(土地+建物)+車位,高雄市三民區建國三路與同盟三路交叉口,5.78,商,,,1150113,土地2建物1車位1,二十三層,28,住宅大樓(11層含以上有電梯),住家用,鋼筋混凝土造,,94.48,2,1,1,有,無,13800000,175100,坡道平面,27.09,2000000,,RPQNMLMLJHLGFDE77CB,立信 立.天下,A7棟23號,
苓雅區,房地(土地+建物)+車位,高雄市苓雅區成功一路,5.7,商,,,1150120,土地2建物1車位1,二十一層,23,住宅大樓(11層含以上有電梯),住家用,鋼筋混凝土造,,114.44,3,1,2,有,無,19000000,166601,坡道平面,13.0,2100000,,RPPNMLNLJHLGFBE57CB,郡都大成,A3棟21號,
苓雅區,房地(土地+建物),高雄市苓雅區成功一路,5.7,商,,,1150123,土地2建物1車位0,十三層,23,住宅大樓(11層含以上有電梯),住家用,鋼筋混凝土造,,101.44,3,1,2,有,無,15960000,157334,,0.0,0,,RPQNMLNLJHLGFBE67CB,郡都大成,A2棟13號,
左營區,房地(土地+建物)+車位,高雄市左營區左營大路與?後街42巷,10.44,商,,,1150109,土地1建物1車位1,六層,29,住宅大樓(11層含以上有電梯),住家用,鋼筋混凝土造,,168.38,2,2,2,有,無,15330000,93479,坡道平面,27.92,2200000,,RPPNMLNLJHLGFEE87CB,聯上芯城,A2棟6號,
左營區,房地(土地+建物)+車位,高雄市左營區左營大路與?後街42巷,6.15,商,,,1150110,土地1建物1車位1,十六層,29,住宅大樓(11層含以上有電梯),住家用,鋼筋混凝土造,,96.78,2,1,1,有,無,11480000,118654,坡道機械,12.67,1500000,,RPQNMLNLJHLGFEE97CB,聯上芯城,B2棟16號,
左營區,房地(土地+建物)+車位,高雄市左營區左營大路與?後街42巷,10.44,商,,,1150111,土地1建物1車位1,七層,29,住宅大樓(11層含以上有電梯),住家用,鋼筋混凝土造,,168.38,2,2,2,有,無,15610000,95472,坡道平面,27.92,2200000,,RPRNMLNLJHLGFEE08CB,聯上芯城,A2棟7號,
旗山區,房地(土地+建物)+車位,高雄市旗山區旗南一路311號對面,36.27,住,,,1150122,土地1建物1車位1,三層,5,華廈(10層含以下有電梯),住家用,鋼筋混凝土造,,113.94,3,2,2,有,無,7980000,70037,一樓平面,7.58,0,,RPPNMLNLJHLGFHE18CB,皇家大苑第十五期,D棟2號,
苓雅區,房地(土地+建物)+車位,高雄市苓雅區建國一路、正義路口,15.76,住,,,1150120,土地2建物1車位1,十二層,29,住宅大樓(11層含以上有電梯),住家用,鋼筋混凝土造,,156.69,3,1,2,有,無,10200000,64672,坡道平面,28.35,1900000,,RPPNMLNLJHLGFBE67DB,京城舞極,D3棟12號,
前金區,房地(土地+建物)+車位,高雄市前金區五福三路,9.09,商,,,1150110,土地3建物1車位1,二十七層,29,住宅大樓(11層含以上有電梯),住家用,鋼筋混凝土造,,186.88,3,2,2,有,無,26950000,172475,坡道平面,45.12,2500000,雨遮面積得依法登記，不予計價,RPPNMLOLJHLGFAE57CB,星峰匯,A5棟27號,
前金區,房地(土地+建物)+車位,高雄市前金區五福三路,8.11,商,,,1150117,土地3建物1車位1,二十七層,29,住宅大樓(11層含以上有電梯),住家用,鋼筋混凝土造,,164.13,2,2,2,有,無,23990000,170591,坡道平面,37.57,2400000,雨遮面積得依法登記，不予計價,RPQNMLOLJHLGFAE67CB,星峰匯,A1棟27號,
前金區,房地(土地+建物)+車位,高雄市前金區五福三路,8.11,商,,,1150108,土地3建物1車位1,二十六層,29,住宅大樓(11層含以上有電梯),住家用,鋼筋混凝土造,,164.13,2,2,2,有,無,23390000,167826,坡道平面,37.57,2150000,雨遮面積得依法登記，不予計價親友、員工、共有人或其他特殊關係間之交易；,RPRNMLOLJHLGFAE77CB,星峰匯,A1棟26號,
新興區,房地(土地+建物)+車位,高雄市新興區中山一路,4.25,商,,,1150124,土地16建物1車位1,二十層,36,住宅大樓(11層含以上有電梯),住家用,鋼骨鋼筋混凝土造,,120.44,1,1,2,有,無,20500000,174772,坡道平面,15.16,2100000,交易總價含下列非屬預售屋價格之費用:裝潢費；傢俱設備費100000元；,RPPNMLOLJHLGFBE67CB,中山鉑?,A棟17號,
新興區,房地(土地+建物)+車位,高雄市新興區中山一路,5.59,商,,,1150124,土地16建物1車位1,三十二層,36,住宅大樓(11層含以上有電梯),住家用,鋼骨鋼筋混凝土造,,153.13,3,1,2,有,無,23900000,157281,坡道平面,15.16,2200000,交易總價含下列非屬預售屋價格之費用:裝潢費；傢俱設備費150000元；,RPQNMLOLJHLGFBE77CB,中山鉑?,A棟5號,
新興區,房地(土地+建物),高雄市新興區中山一路,3.49,商,,,1150116,土地16建物1車位0,五層,36,住宅大樓(11層含以上有電梯),住家用,鋼骨鋼筋混凝土造,,86.59,1,1,1,有,無,13830000,159718,,0.0,0,交易總價含下列非屬預售屋價格之費用:裝潢費；傢俱設備費100000元；,RPPNMLPLJHLGFBE77CB,中山鉑?,A棟3號,
新興區,房地(土地+建物),高雄市新興區中山一路,3.04,商,,,1150125,土地16建物1車位0,二十七層,36,住宅大樓(11層含以上有電梯),住家用,鋼骨鋼筋混凝土造,,75.36,2,1,1,有,無,12990000,172373,,0.0,0,交易總價含下列非屬預售屋價格之費用:裝潢費；傢俱設備費100000元；,RPQNMLPLJHLGFBE87CB,中山鉑?,A棟02號,
苓雅區,房地(土地+建物)+車位,高雄市苓雅區成功一路,6.42,商,,,1150115,土地2建物1車位1,七層,23,住宅大樓(11層含以上有電梯),住家用,鋼筋混凝土造,,128.38,2,1,2,有,無,19200000,146660,坡道平面,14.17,2450000,,RPPNMLPLJHLGFBE87DB,郡都大成,A1棟7號,
苓雅區,房地(土地+建物)+車位,高雄市苓雅區成功一路,6.15,商,,,1150119,土地2建物1車位1,二十一層,23,住宅大樓(11層含以上有電梯),住家用,鋼筋混凝土造,,121.56,2,1,2,有,無,20450000,164324,坡道平面,12.02,2450000,,RPQNMLPLJHLGFBE97DB,郡都大成,A7棟21號,
苓雅區,房地(土地+建物),高雄市苓雅區成功一路,5.7,商,,,1150124,土地2建物1車位0,六層,23,住宅大樓(11層含以上有電梯),住家用,鋼筋混凝土造,,101.44,3,1,2,有,無,15930000,157039,,0.0,0,,RPPNMLQLJHLGFBE87CB,郡都大成,A3棟6號,
苓雅區,房地(土地+建物)+車位,高雄市苓雅區成功一路,6.46,商,,,1150126,土地2建物1車位1,三層,23,住宅大樓(11層含以上有電梯),住家用,鋼筋混凝土造,,129.2,2,1,2,有,無,19310000,148309,坡道平面,14.17,2250000,,RPQNMLQLJHLGFBE97CB,郡都大成,A5棟3號,
三民區,房地(土地+建物)+車位,高雄市三民區九如一路B10棟F21樓,12.15,商,,,1150117,土地2建物1車位1,二十一層,27,住宅大樓(11層含以上有電梯),住家用,鋼筋混凝土造,,163.25,3,2,2,有,無,23000000,145975,坡道平面,20.76,2200000,,RPPNMLQLJHLGFDE08CB,遠雄峰蘊,B棟10號,
楠梓區,房地(土地+建物)+車位,高雄市楠梓區大學南路,11.6,住,,,1150101,土地2建物1車位1,五層,20,住宅大樓(11層含以上有電梯),見其他登記事項,鋼筋混凝土造,,83.94,2,1,1,有,無,10800000,124602,坡道平面,14.92,2200000,,RPPNMLQLJHLGFEE18CB,高大之森2-高大之上,A棟A01-05F號,
楠梓區,房地(土地+建物)+車位,高雄市楠梓區大學南路,11.6,住,,,1150101,土地2建物1車位1,六層,20,住宅大樓(11層含以上有電梯),見其他登記事項,鋼筋混凝土造,,85.27,2,1,1,有,無,10840000,125181,坡道平面,16.25,2200000,,RPQNMLQLJHLGFEE28CB,高大之森2-高大之上,A棟A01-06F號,
楠梓區,房地(土地+建物)+車位,高雄市楠梓區大學南路,11.6,住,,,1150101,土地2建物1車位1,十八層,20,住宅大樓(11層含以上有電梯),見其他登記事項,鋼筋混凝土造,,85.27,2,1,1,有,無,11550000,132570,坡道平面,16.25,2400000,,RPRNMLQLJHLGFEE38CB,高大之森2-高大之上,A棟A01-18F號,
岡山區,房地(土地+建物)+車位,高雄市岡山區富貴南街39巷和富貴西街口,33.08,住,,,1150125,土地1建物1車位1,五層,11,住宅大樓(11層含以上有電梯),見其他登記事項,鋼筋混凝土造,,122.56,2,2,2,有,無,12500000,100156,坡道平面,13.73,1600000,,RPPNMLQLJHLGFFE28CB,皇家晶典25期-富貴集,A棟2號,
大寮區,房地(土地+建物),高雄市大寮區琉球段184-5地號,23.9,住,,,1150107,土地1建物1車位0,五層,5,華廈(10層含以下有電梯),見其他登記事項,鋼筋混凝土造,,91.2,2,2,2,有,無,7620000,83553,,0.0,0,,RPPNMLQLJHLGFLE88CB,皇家水晶晶七期-旺春豐3期,B5棟5號,
左營區,房地(土地+建物)+車位,高雄市左營區大中二路,11.95,住,,,1150124,土地1建物1車位1,十三層,15,住宅大樓(11層含以上有電梯),住家用,鋼筋混凝土造,,145.65,3,2,2,有,無,14530000,114901,坡道平面,38.34,2200000,,RPPNMLRLJHLGFEE28CB,高鐵SONG,A8棟0號,
楠梓區,房地(土地+建物)+車位,高雄市楠梓區大學南路,18.23,住,,,1150101,土地2建物1車位1,十二層,20,住宅大樓(11層含以上有電梯),見其他登記事項,鋼筋混凝土造,,124.44,3,2,2,有,無,16870000,133284,坡道平面,16.25,2450000,,RPQNMLRLJHLGFEE38CB,高大之森2-高大之上,B棟B07-12F號,
楠梓區,房地(土地+建物)+車位,高雄市楠梓區大學南路,12.43,住,,,1150101,土地2建物1車位1,十一層,20,住宅大樓(11層含以上有電梯),見其他登記事項,鋼筋混凝土造,,91.33,2,1,1,有,無,12200000,133191,坡道平面,16.25,2200000,,RPRNMLRLJHLGFEE48CB,高大之森2-高大之上,B棟B06-11F號,
楠梓區,房地(土地+建物)+車位,高雄市楠梓區大學南路,11.6,住,,,1150101,土地2建物1車位1,七層,20,住宅大樓(11層含以上有電梯),見其他登記事項,鋼筋混凝土造,,83.49,2,1,1,有,無,11030000,130232,坡道平面,14.92,2100000,,RPTNMLRLJHLGFEE68CB,高大之森2-高大之上,B棟B05-07F號,
楠梓區,房地(土地+建物)+車位,高雄市楠梓區大學南路,14.92,住,,,1150101,土地2建物1車位1,十五層,20,住宅大樓(11層含以上有電梯),見其他登記事項,鋼筋混凝土造,,105.35,2,2,2,有,無,13830000,130527,坡道平面,16.25,2200000,,RPUNMLRLJHLGFEE78CB,高大之森2-高大之上,B棟B03-15F號,
楠梓區,房地(土地+建物)+車位,高雄市楠梓區大學南路,14.92,住,,,1150101,土地2建物1車位1,十一層,20,住宅大樓(11層含以上有電梯),見其他登記事項,鋼筋混凝土造,,105.35,2,2,2,有,無,13610000,128058,坡道平面,16.25,2200000,,RPVNMLRLJHLGFEE88CB,高大之森2-高大之上,B棟B03-11F號,
楠梓區,房地(土地+建物)+車位,高雄市楠梓區大學南路,14.92,住,,,1150101,土地2建物1車位1,七層,20,住宅大樓(11層含以上有電梯),見其他登記事項,鋼筋混凝土造,,104.02,2,2,2,有,無,13290000,125589,坡道平面,14.92,2100000,,RPWNMLRLJHLGFEE98CB,高大之森2-高大之上,B棟B03-07F號,
楠梓區,房地(土地+建物)+車位,高雄市楠梓區大學南路,9.95,住,,,1150101,土地2建物1車位1,十八層,20,住宅大樓(11層含以上有電梯),見其他登記事項,鋼筋混凝土造,,74.8,1,1,1,有,無,10140000,133049,坡道平面,16.25,2350000,,RPXNMLRLJHLGFEE09CB,高大之森2-高大之上,B棟B02-18F號,
楠梓區,房地(土地+建物)+車位,高雄市楠梓區大學南路,9.95,住,,,1150101,土地2建物1車位1,十六層,20,住宅大樓(11層含以上有電梯),見其他登記事項,鋼筋混凝土造,,73.47,1,1,1,有,無,9820000,131853,坡道平面,14.92,2100000,,RPOOMLRLJHLGFEE28CB,高大之森2-高大之上,B棟B02-16F號,
楠梓區,房地(土地+建物)+車位,高雄市楠梓區大學南路,12.02,住,,,1150101,土地2建物1車位1,十二層,20,住宅大樓(11層含以上有電梯),見其他登記事項,鋼筋混凝土造,,88.03,2,2,1,有,無,12190000,138479,坡道平面,16.25,2250000,,RPPOMLRLJHLGFEE38CB,高大之森2-高大之上,A棟A09-12F號,
仁武區,房地(土地+建物)+車位,高雄市仁武區赤仁路,19.4,住,,,1150105,土地1建物1車位1,十四層,14,住宅大樓(11層含以上有電梯),住家用,鋼筋混凝土造,,123.8,2,2,2,有,無,10300000,97829,坡道平面,35.38,1650000,,RPPNMLRLJHLGFIE68CB,佳鋐雄匯,A2棟14F號,
仁武區,房地(土地+建物)+車位,高雄市仁武區赤仁路,18.19,住,,,1150105,土地1建物1車位1,四層,14,住宅大樓(11層含以上有電梯),住家用,鋼筋混凝土造,,116.45,2,2,1,有,無,9060000,93807,坡道平面,34.26,1350000,,RPQNMLRLJHLGFIE78CB,佳鋐雄匯,A6棟04F號,
仁武區,房地(土地+建物)+車位,高雄市仁武區赤仁路,18.19,住,,,1150105,土地1建物1車位1,十四層,14,住宅大樓(11層含以上有電梯),住家用,鋼筋混凝土造,,117.57,2,2,1,有,無,9630000,97092,坡道平面,35.38,1650000,,RPRNMLRLJHLGFIE88CB,佳鋐雄匯,A6棟14F號,
仁武區,房地(土地+建物),高雄市仁武區赤仁路,18.49,住,,,1150105,土地1建物1車位0,十層,13,住宅大樓(11層含以上有電梯),住家用,鋼筋混凝土造,,84.42,2,2,2,有,無,7870000,93224,,0.0,0,親友、員工、共有人或其他特殊關係間之交易；,RPSNMLRLJHLGFIE98CB,佳鋐雄匯,B6棟10F號,
美濃區,房地(土地+建物),高雄市美濃區中華路,82.45,,特定農業區,甲種建築用地,1150123,土地1建物1車位0,全,4,店面(店鋪),住商用,鋼筋混凝土造,,248.17,4,2,5,有,無,20000000,80590,,0.0,0,,RPQNMLRLJHLGFKE98CB,幸福首馥,S棟1號,
大寮區,房地(土地+建物),高雄市大寮區潮寮南段,30.74,住,,,1150111,土地1建物1車位0,五層,5,華廈(10層含以下有電梯),見其他登記事項,鋼筋混凝土造,,82.43,3,2,2,有,無,6180000,74973,,0.0,0,,RPSNMLRLJHLGFLE66CB,潮好住,C2棟5號,
鹽埕區,房地(土地+建物)+車位,高雄市鹽埕區公園二路,8.65,商,,,1150111,土地1建物1車位1,十五層,15,住宅大樓(11層含以上有電梯),住家用,鋼筋混凝土造,,133.9,3,1,2,有,無,13440000,120930,坡道平面,39.3,2000000,親友、員工、共有人或其他特殊關係間之交易；,RPPNMLSLJHLGFAE97CB,仰德駁二,A6棟15號,
前金區,房地(土地+建物)+車位,高雄市前金區市中一路與光復二街交叉路口,4.13,商,,,1150125,土地13建物1車位1,二十三層,34,住宅大樓(11層含以上有電梯),住家用,鋼骨鋼筋混凝土造,,89.59,2,1,1,有,無,14830000,163441,坡道機械,5.89,1150000,,RPQNMLSLJHLGFAE08CB,巴黎河左岸,B棟07號,
新興區,房地(土地+建物),高雄市新興區中山一路,3.41,商,,,1150128,土地16建物1車位0,十七層,36,住宅大樓(11層含以上有電梯),住家用,鋼骨鋼筋混凝土造,,84.21,2,1,1,有,無,13300000,157938,,0.0,0,交易總價含下列非屬預售屋價格之費用:裝潢費；傢俱設備費100000元；,RPPNMLSLJHLGFBE08CB,中山鉑?,A棟6號,
楠梓區,房地(土地+建物)+車位,高雄市楠梓區大學南路,12.02,住,,,1150101,土地2建物1車位1,七層,20,住宅大樓(11層含以上有電梯),見其他登記事項,鋼筋混凝土造,,87.26,2,2,1,有,無,11680000,133502,坡道平面,16.25,2200000,,RPPNMLSLJHLGFEE38CB,高大之森2-高大之上,A棟A08-07F號,
楠梓區,房地(土地+建物)+車位,高雄市楠梓區大學南路,11.6,住,,,1150101,土地2建物1車位1,八層,20,住宅大樓(11層含以上有電梯),見其他登記事項,鋼筋混凝土造,,85.27,2,1,1,有,無,11180000,126485,坡道平面,16.25,2450000,,RPQNMLSLJHLGFEE48CB,高大之森2-高大之上,A棟A01-08F號,
楠梓區,房地(土地+建物)+車位,高雄市楠梓區大學南路,12.02,住,,,1150107,土地2建物1車位1,九層,20,住宅大樓(11層含以上有電梯),見其他登記事項,鋼筋混凝土造,,88.03,2,2,1,有,無,11870000,134717,坡道平面,16.25,2200000,,RPRNMLSLJHLGFEE58CB,高大之森2-高大之上,B棟B10-09F號,
楠梓區,房地(土地+建物)+車位,高雄市楠梓區大學南路,12.02,住,,,1150124,土地2建物1車位1,五層,20,住宅大樓(11層含以上有電梯),見其他登記事項,鋼筋混凝土造,,87.84,2,1,1,有,無,11500000,123621,坡道平面,16.25,2650000,,RPSNMLSLJHLGFEE68CB,高大之森2-高大之上,A棟A02-05F號,
楠梓區,房地(土地+建物)+車位,高雄市楠梓區大學南路,14.5,住,,,1150103,土地2建物1車位1,六層,20,住宅大樓(11層含以上有電梯),見其他登記事項,鋼筋混凝土造,,101.33,2,1,1,有,無,12930000,126117,坡道平面,16.25,2200000,,RPTNMLSLJHLGFEE78CB,高大之森2-高大之上,A棟A06-06F號,
楠梓區,房地(土地+建物)+車位,高雄市楠梓區大學南路,12.43,住,,,1150110,土地2建物1車位1,三層,20,住宅大樓(11層含以上有電梯),見其他登記事項,鋼筋混凝土造,,90.0,2,1,1,有,無,11600000,125200,坡道平面,14.92,2200000,,RPUNMLSLJHLGFEE88CB,高大之森2-高大之上,B棟B06-03F號,
楠梓區,房地(土地+建物)+車位,高雄市楠梓區後勁北路111巷,20.38,住,,,1150121,土地1建物1車位1,六層,15,住宅大樓(11層含以上有電梯),見其他登記事項,鋼筋混凝土造,,141.13,3,2,2,有,無,15800000,108541,一樓平面,14.91,2100000,,RPWNMLSLJHLGFEE09CB,皇家美墅17期-捷.境,A2棟6樓號,
旗山區,房地(土地+建物)+車位,高雄市旗山區旗南一路311號對面,38.34,住,,,1150127,土地1建物1車位1,四層,5,華廈(10層含以下有電梯),住家用,鋼筋混凝土造,,113.1,3,2,2,有,無,7980000,70557,一樓平面,8.17,0,,RPQNMLSLJHLGFHE78CB,皇家大苑第十五期,B棟2號,
仁武區,房地(土地+建物)+車位,高雄市仁武區赤仁路,26.07,住,,,1150112,土地1建物1車位1,十四層,14,住宅大樓(11層含以上有電梯),住家用,鋼筋混凝土造,,153.56,3,2,2,有,無,13050000,97309,坡道平面,35.38,1550000,,RPPNMLSLJHLGFIE78CB,佳鋐雄匯,A3棟14F號,
仁武區,房地(土地+建物)+車位,高雄市仁武區赤仁路,18.19,住,,,1150112,土地1建物1車位1,三層,14,住宅大樓(11層含以上有電梯),住家用,鋼筋混凝土造,,117.57,2,2,1,有,無,9190000,94172,坡道平面,35.38,1450000,,RPQNMLSLJHLGFIE88CB,佳鋐雄匯,A6棟03F號,
仁武區,房地(土地+建物)+車位,高雄市仁武區赤仁路,26.07,住,,,1150112,土地1建物1車位1,十三層,13,住宅大樓(11層含以上有電梯),住家用,鋼筋混凝土造,,152.99,3,2,2,有,無,12500000,93955,坡道平面,35.38,1450000,,RPRNMLSLJHLGFIE98CB,佳鋐雄匯,B3棟13F號,
仁武區,房地(土地+建物)+車位,高雄市仁武區赤仁路,23.04,住,,,1150112,土地1建物1車位1,一層,13,店面(店鋪),商業用,鋼筋混凝土造,,139.27,0,0,0,無,無,18000000,157378,坡道平面,35.38,1650000,,RPSNMLSLJHLGFIE09CB,佳鋐雄匯,S3棟01號,
苓雅區,房地(土地+建物),高雄市苓雅區成功一路,5.7,商,,,1150127,土地2建物1車位0,十二層,23,住宅大樓(11層含以上有電梯),住家用,鋼筋混凝土造,,101.44,3,1,2,有,無,16030000,158024,,0.0,0,,RPPNMLTLJHLGFBE18CB,郡都大成,A2棟12號,
苓雅區,房地(土地+建物),高雄市苓雅區成功一路,4.47,商,,,1150127,土地2建物1車位0,二層,23,住宅大樓(11層含以上有電梯),住家用,鋼筋混凝土造,,79.56,2,1,2,有,無,11950000,150201,,0.0,0,,RPQNMLTLJHLGFBE28CB,郡都大成,A6棟2號,
苓雅區,房地(土地+建物),高雄市苓雅區三多二路廣東二街,6.45,商,,,1150117,土地2建物1車位0,十層,15,住宅大樓(11層含以上有電梯),住家用,鋼筋混凝土造,,92.15,1,1,2,有,無,12000000,130222,,0.0,0,,RPRNMLTLJHLGFBE38CB,新文化城安,H棟0號,
楠梓區,房地(土地+建物)+車位,高雄市楠梓區大學二十六街、大學十一街,21.86,住,,,1150129,土地1建物1車位1,七層,14,住宅大樓(11層含以上有電梯),住家用,鋼筋混凝土造,,159.46,2,2,2,有,無,18800000,121700,坡道平面,23.47,2250000,,RPPNMLTLJHLGFEE48CB,敘青田,A棟2號,
楠梓區,房地(土地+建物)+車位,高雄市楠梓區大學南路,12.43,住,,,1150102,土地2建物1車位1,七層,20,住宅大樓(11層含以上有電梯),見其他登記事項,鋼筋混凝土造,,89.72,2,2,1,有,無,12120000,132299,坡道平面,16.25,2400000,,RPQNMLTLJHLGFEE58CB,高大之森2-高大之上,B棟B08-07F號,
楠梓區,房地(土地+建物)+車位,高雄市楠梓區大學南路,11.6,住,,,1150101,土地2建物1車位1,三層,20,住宅大樓(11層含以上有電梯),見其他登記事項,鋼筋混凝土造,,85.27,2,1,1,有,無,10770000,123442,坡道平面,16.25,2250000,,RPRNMLTLJHLGFEE68CB,高大之森2-高大之上,A棟A01-03F號,
楠梓區,房地(土地+建物)+車位,高雄市楠梓區大學南路,11.6,住,,,1150101,土地2建物1車位1,七層,20,住宅大樓(11層含以上有電梯),見其他登記事項,鋼筋混凝土造,,85.27,2,1,1,有,無,10890000,125906,坡道平面,16.25,2200000,,RPSNMLTLJHLGFEE78CB,高大之森2-高大之上,A棟A01-07F號,
楠梓區,房地(土地+建物)+車位,高雄市楠梓區大學南路,15.33,住,,,1150101,土地2建物1車位1,六層,20,住宅大樓(11層含以上有電梯),見其他登記事項,鋼筋混凝土造,,106.72,2,2,2,有,無,13570000,125124,坡道平面,16.25,2250000,,RPTNMLTLJHLGFEE88CB,高大之森2-高大之上,A棟A03-06F號,
楠梓區,房地(土地+建物)+車位,高雄市楠梓區大學南路,15.33,住,,,1150101,土地2建物1車位1,八層,20,住宅大樓(11層含以上有電梯),見其他登記事項,鋼筋混凝土造,,106.72,2,2,2,有,無,13730000,126340,坡道平面,16.25,2300000,,RPUNMLTLJHLGFEE98CB,高大之森2-高大之上,A棟A03-08F號,
楠梓區,房地(土地+建物)+車位,高雄市楠梓區大學南路,12.02,住,,,1150101,土地2建物1車位1,四層,20,住宅大樓(11層含以上有電梯),見其他登記事項,鋼筋混凝土造,,85.93,2,2,1,有,無,11380000,130686,坡道平面,14.92,2100000,,RPVNMLTLJHLGFEE09CB,高大之森2-高大之上,A棟A08-04F號,
楠梓區,房地(土地+建物)+車位,高雄市楠梓區大學南路,12.02,住,,,1150101,土地2建物1車位1,十層,20,住宅大樓(11層含以上有電梯),見其他登記事項,鋼筋混凝土造,,85.93,2,2,1,有,無,11770000,136178,坡道平面,14.92,2100000,,RPWNMLTLJHLGFEE56CB,高大之森2-高大之上,A棟A08-10F號,
楠梓區,房地(土地+建物)+車位,高雄市楠梓區大學南路,14.92,住,,,1150101,土地2建物1車位0,十層,20,住宅大樓(11層含以上有電梯),見其他登記事項,鋼筋混凝土造,,89.1,2,2,2,有,無,11900000,133558,,0.0,0,,RPXNMLTLJHLGFEE66CB,高大之森2-高大之上,B棟B03-10F號,
楠梓區,房地(土地+建物)+車位,高雄市楠梓區大學南路,12.43,住,,,1150101,土地2建物1車位1,六層,20,住宅大樓(11層含以上有電梯),見其他登記事項,鋼筋混凝土造,,90.0,2,1,1,有,無,11870000,130128,坡道平面,14.92,2100000,,RPOOMLTLJHLGFEE48CB,高大之森2-高大之上,B棟B06-06F號,
楠梓區,房地(土地+建物)+車位,高雄市楠梓區大學南路,18.23,住,,,1150101,土地2建物1車位1,三層,20,住宅大樓(11層含以上有電梯),見其他登記事項,鋼筋混凝土造,,126.33,3,2,2,有,無,15870000,124056,坡道平面,17.75,2400000,,RPPOMLTLJHLGFEE58CB,高大之森2-高大之上,B棟B07-03F號,
楠梓區,房地(土地+建物)+車位,高雄市楠梓區大學南路,18.23,住,,,1150101,土地2建物1車位1,十五層,20,住宅大樓(11層含以上有電梯),見其他登記事項,鋼筋混凝土造,,124.44,3,2,2,有,無,17360000,139200,坡道平面,16.25,2300000,,RPQOMLTLJHLGFEE68CB,高大之森2-高大之上,B棟B07-15F號,
楠梓區,房地(土地+建物)+車位,高雄市楠梓區大學南路,12.02,住,,,1150101,土地2建物1車位1,十二層,20,住宅大樓(11層含以上有電梯),見其他登記事項,鋼筋混凝土造,,86.7,2,2,1,有,無,12040000,138479,坡道平面,14.92,2100000,,RPROMLTLJHLGFEE78CB,高大之森2-高大之上,B棟B10-12F號,
楠梓區,房地(土地+建物),高雄市楠梓區大學二十九路大學十八街,11.8,住,,,1150122,土地1建物1車位0,三層,19,住宅大樓(11層含以上有電梯),住家用,鋼筋混凝土造,,81.76,2,1,1,有,無,6950000,85005,,0.0,0,,RPPNMLTLJHLGFEE58DB,之見築,A棟3號,
楠梓區,房地(土地+建物)+車位,高雄市楠梓區大學二十九路大學十八街,14.24,住,,,1150123,土地1建物1車位1,十一層,19,住宅大樓(11層含以上有電梯),住家用,鋼筋混凝土造,,123.31,2,2,2,有,無,9970000,86095,坡道平面,24.93,1500000,,RPQNMLTLJHLGFEE68DB,之見築,B棟5號,
苓雅區,房地(土地+建物),高雄市苓雅區大順三路282巷,28.46,住,,,1150128,土地1建物1車位0,四層,7,華廈(10層含以下有電梯),住家用,鋼筋混凝土造,,119.22,3,2,2,有,無,15520000,130180,,0.0,0,,RPPNMLKMJHLGFBE37CB,賦御皇琚,A棟A1號,
苓雅區,房地(土地+建物),高雄市苓雅區成功一路,5.7,商,,,1150128,土地2建物1車位0,九層,23,住宅大樓(11層含以上有電梯),住家用,鋼筋混凝土造,,101.44,3,1,2,有,無,15750000,155264,,0.0,0,,RPQNMLKMJHLGFBE47CB,郡都大成,A2棟9號,
苓雅區,房地(土地+建物)+車位,高雄市苓雅區成功一路,6.46,商,,,1150129,土地2建物1車位1,六層,23,住宅大樓(11層含以上有電梯),住家用,鋼筋混凝土造,,129.2,2,1,2,有,無,20020000,151873,坡道平面,14.17,2550000,,RPRNMLKMJHLGFBE57CB,郡都大成,A5棟6號,
新興區,房地(土地+建物),高雄市新興區中山一路,3.59,商,,,1150129,土地16建物1車位0,八層,36,住宅大樓(11層含以上有電梯),住家用,鋼骨鋼筋混凝土造,,88.89,1,1,1,有,無,14280000,160648,,0.0,0,交易總價含下列非屬預售屋價格之費用:裝潢費；傢俱設備費100000元；,RPSNMLKMJHLGFBE67CB,中山鉑?,A棟1號,
新興區,房地(土地+建物),高雄市新興區中山一路,3.04,商,,,1150129,土地16建物1車位0,三十層,36,住宅大樓(11層含以上有電梯),住家用,鋼骨鋼筋混凝土造,,75.36,2,1,1,有,無,13050000,173169,,0.0,0,交易總價含下列非屬預售屋價格之費用:裝潢費；傢俱設備費100000元；,RPTNMLKMJHLGFBE77CB,中山鉑?,A棟2號,
三民區,房地(土地+建物)+車位,高雄市三民區明誠一路鼎山街202巷口,18.9,住,,,1150101,土地2建物1車位2,二十三層,23,住宅大樓(11層含以上有電梯),住家用,鋼筋混凝土造,,212.87,3,2,2,有,無,30010000,160989,坡道平面,58.76,5200000,115/2/6更正,RPPNMLKMJHLGFDE57CB,國泰明誠,A1棟23號,
三民區,房地(土地+建物)+車位,高雄市三民區明誠一路鼎山街202巷口,17.85,住,,,1150102,土地2建物1車位2,十七層,23,住宅大樓(11層含以上有電梯),住家用,鋼筋混凝土造,,204.51,3,2,2,有,無,27650000,156775,坡道平面,58.76,4800000,115/2/6更正,RPQNMLKMJHLGFDE67CB,國泰明誠,B1棟17號,
三民區,房地(土地+建物)+車位,高雄市三民區明誠一路鼎山街202巷口,15.94,住,,,1150101,土地2建物1車位1,九層,23,住宅大樓(11層含以上有電梯),住家用,鋼筋混凝土造,,159.6,3,2,2,有,無,22200000,152050,坡道平面,29.38,2400000,115/2/6更正,RPRNMLKMJHLGFDE77CB,國泰明誠,B2棟9號,
三民區,房地(土地+建物)+車位,高雄市三民區明誠一路鼎山街202巷口,17.85,住,,,1150103,土地2建物1車位1,十四層,23,住宅大樓(11層含以上有電梯),住家用,鋼筋混凝土造,,175.13,3,2,2,有,無,25090000,154991,坡道平面,29.38,2500000,115/2/6更正,RPSNMLKMJHLGFDE87CB,國泰明誠,B1棟14號,
三民區,房地(土地+建物)+車位,高雄市三民區明誠一路鼎山街202巷口,15.58,住,,,1150103,土地2建物1車位1,十六層,23,住宅大樓(11層含以上有電梯),住家用,鋼筋混凝土造,,156.45,3,2,2,有,無,22180000,155662,坡道平面,29.38,2400000,115/2/6更正,RPTNMLKMJHLGFDE97CB,國泰明誠,B3棟16號,
三民區,房地(土地+建物)+車位,高雄市三民區明誠一路鼎山街202巷口,15.94,住,,,1150104,土地2建物1車位1,六層,23,住宅大樓(11層含以上有電梯),住家用,鋼筋混凝土造,,159.6,3,2,2,有,無,21530000,146905,坡道平面,29.38,2400000,115/2/6更正,RPUNMLKMJHLGFDE08CB,國泰明誠,B2棟6號,
三民區,房地(土地+建物)+車位,高雄市三民區明誠一路鼎山街202巷口,18.9,住,,,1150104,土地2建物1車位1,二十一層,23,住宅大樓(11層含以上有電梯),住家用,鋼筋混凝土造,,183.49,3,2,2,有,無,27210000,159691,坡道平面,29.38,2600000,115/2/6更正,RPVNMLKMJHLGFDE18CB,國泰明誠,A1棟21號,
三民區,房地(土地+建物)+車位,高雄市三民區明誠一路鼎山街202巷口,18.9,住,,,1150104,土地2建物1車位1,十八層,23,住宅大樓(11層含以上有電梯),住家用,鋼筋混凝土造,,183.49,3,2,2,有,無,26830000,157874,坡道平面,29.38,2500000,115/2/6更正,RPWNMLKMJHLGFDE28CB,國泰明誠,A1棟18號,
三民區,房地(土地+建物)+車位,高雄市三民區明誠一路鼎山街202巷口,15.94,住,,,1150105,土地2建物1車位1,二十二層,23,住宅大樓(11層含以上有電梯),住家用,鋼筋混凝土造,,159.6,3,2,2,有,無,23620000,162187,坡道平面,29.38,2500000,115/2/6更正,RPXNMLKMJHLGFDE38CB,國泰明誠,B2棟22號,
楠梓區,房地(土地+建物)+車位,高雄市楠梓區大學二十三街及二十六街口,15.68,住,,,1150121,土地1建物1車位1,十層,20,住宅大樓(11層含以上有電梯),住家用,鋼筋混凝土造,,110.8,2,2,2,有,無,13320000,130152,坡道平面,24.67,2110000,,RPPNMLKMJHLGFEE67CB,遠雄一靚,D07棟F10號,
楠梓區,房地(土地+建物)+車位,高雄市楠梓區大學二十三街及二十六街口,15.68,住,,,1150122,土地1建物1車位1,四層,20,住宅大樓(11層含以上有電梯),住家用,鋼筋混凝土造,,110.8,2,2,2,有,無,12430000,122141,坡道平面,24.67,1910000,,RPQNMLKMJHLGFEE77CB,遠雄一靚,D07棟F04號,
楠梓區,房地(土地+建物)+車位,高雄市楠梓區大學二十三街及二十六街口,13.59,住,,,1150123,土地1建物1車位1,四層,20,住宅大樓(11層含以上有電梯),住家用,鋼筋混凝土造,,97.26,2,2,2,有,無,11140000,127153,坡道平面,24.67,1910000,含冷氣交易總價含下列非屬預售屋價格之費用:傢俱設備費；,RPRNMLKMJHLGFEE87CB,遠雄一靚,A13棟F04號,
楠梓區,房地(土地+建物)+車位,高雄市楠梓區大學二十三街及二十六街口,14.31,住,,,1150124,土地1建物1車位1,二層,20,住宅大樓(11層含以上有電梯),住家用,鋼筋混凝土造,,101.3,2,2,2,有,無,11320000,122798,坡道平面,24.67,1910000,,RPSNMLKMJHLGFEE97CB,遠雄一靚,B03棟F02號,
楠梓區,房地(土地+建物)+車位,高雄市楠梓區大學二十三街及二十六街口,13.75,住,,,1150124,土地1建物1車位1,四層,20,住宅大樓(11層含以上有電梯),住家用,鋼筋混凝土造,,100.24,2,2,2,有,無,11370000,125182,坡道平面,24.67,1910000,,RPTNMLKMJHLGFEE08CB,遠雄一靚,D08棟F04號,
楠梓區,房地(土地+建物)+車位,高雄市楠梓區大學二十三街及二十六街口,19.38,住,,,1150124,土地1建物1車位1,二層,20,住宅大樓(11層含以上有電梯),住家用,鋼筋混凝土造,,128.22,3,2,2,有,無,14760000,123129,坡道平面,24.67,2010000,,RPUNMLKMJHLGFEE18CB,遠雄一靚,B02棟F02號,
楠梓區,房地(土地+建物)+車位,高雄市楠梓區大學二十三街及二十六街口,13.75,住,,,1150124,土地1建物1車位1,五層,20,住宅大樓(11層含以上有電梯),住家用,鋼筋混凝土造,,100.24,2,2,2,有,無,11540000,127432,坡道平面,24.67,1910000,,RPVNMLKMJHLGFEE28CB,遠雄一靚,D08棟F05號,
楠梓區,房地(土地+建物)+車位,高雄市楠梓區大學二十三街及二十六街口,16.24,住,,,1150124,土地1建物1車位1,三層,20,住宅大樓(11層含以上有電梯),住家用,鋼筋混凝土造,,111.86,2,2,2,有,無,12790000,125932,坡道平面,24.67,1810000,,RPWNMLKMJHLGFEE38CB,遠雄一靚,A06棟F03號,
大社區,房地(土地+建物)+車位,高雄市大社區翠屏路84巷,38.91,住,,,1150117,土地1建物1車位1,六層,8,華廈(10層含以下有電梯),住家用,鋼筋混凝土造,,135.1,3,2,2,有,無,13600000,101949,一樓平面,12.98,1150000,,RPPNMLKMJHLGFIE08CB,春陽逸居,A1棟0號,
新興區,房地(土地+建物),高雄市新興區中山一路,3.49,商,,,1150129,土地16建物1車位0,十四層,36,住宅大樓(11層含以上有電梯),住家用,鋼骨鋼筋混凝土造,,86.59,1,1,1,有,無,14060000,162374,,0.0,0,交易總價含下列非屬預售屋價格之費用:裝潢費；傢俱設備費100000元；,RPPNMLLMJHLGFBE47CB,中山鉑?,A棟03號,
林園區,房地(土地+建物),高雄市林園區下厝路89巷,27.11,住,,,1150112,土地4建物1車位0,五層,5,華廈(10層含以下有電梯),住家用,鋼筋混凝土造,,73.37,2,2,2,有,無,5150000,70192,,0.0,0,,RPPNMLLMJHLGFLE48CB,捷運101,A棟5號,
大樹區,房地(土地+建物)+車位,高雄市大樹區中正一路,26.36,住,,,1150124,土地1建物1車位1,七層,7,華廈(10層含以下有電梯),住家用,鋼筋混凝土造,,89.48,2,1,1,有,無,6980000,71164,一樓平面,13.88,1600000,,RPPNMLLJKHLGFGE77CB,淞曜,D棟6號,
苓雅區,房地(土地+建物)+車位,高雄市苓雅區成功一路,6.15,商,,,1150125,土地2建物1車位1,二十三層,23,住宅大樓(11層含以上有電梯),住家用,鋼筋混凝土造,,122.54,2,1,2,有,無,20550000,164780,坡道平面,13.0,2500000,,RPPNMLLJKHLGFBE37DB,郡都大成,A7棟23號,
苓雅區,房地(土地+建物)+車位,高雄市苓雅區成功一路,6.42,商,,,1150131,土地2建物1車位1,十四層,23,住宅大樓(11層含以上有電梯),住家用,鋼筋混凝土造,,127.21,2,1,2,有,無,19720000,152088,坡道平面,13.0,2350000,,RPQNMLLJKHLGFBE47DB,郡都大成,A1棟14號,
鼓山區,房地(土地+建物)+車位,高雄市鼓山區美術東四路,10.58,住,,,1150119,土地1建物1車位1,六層,24,住宅大樓(11層含以上有電梯),住家用,鋼筋混凝土造,,117.78,3,1,2,有,無,17400000,157639,坡道平面,23.26,2500000,,RPPNMLMJKHLGFAE27CB,美術1808,B10棟X號,
鼓山區,房地(土地+建物)+車位,高雄市鼓山區鼓山一路53巷,10.95,住,,,1150113,土地1建物1車位1,十二層,15,住宅大樓(11層含以上有電梯),住家用,鋼筋混凝土造,,112.46,1,1,2,有,無,13470000,126405,坡道平面,21.72,2000000,,RPSNMLMJKHLGFAE57CB,?埕,A棟2號,
鼓山區,房地(土地+建物)+車位,高雄市鼓山區鼓山一路53巷,13.95,住,,,1150113,土地1建物1車位1,十三層,15,住宅大樓(11層含以上有電梯),住家用,鋼筋混凝土造,,137.43,3,2,2,有,無,16800000,126610,坡道平面,21.72,2150000,,RPTNMLMJKHLGFAE67CB,?埕,B棟3號,
鼓山區,房地(土地+建物)+車位,高雄市鼓山區鼓山一路53巷,13.95,住,,,1150109,土地1建物1車位1,九層,15,住宅大樓(11層含以上有電梯),住家用,鋼筋混凝土造,,137.43,3,2,2,有,無,16300000,122721,坡道平面,21.72,2100000,,RPUNMLMJKHLGFAE77CB,?埕,B棟3號,
新興區,房地(土地+建物)+車位,高雄市新興區中山一路,3.49,商,,,1150202,土地16建物1車位1,十六層,36,住宅大樓(11層含以上有電梯),住家用,鋼骨鋼筋混凝土造,,92.33,1,1,1,有,無,15320000,163067,坡道機械,5.74,1200000,交易總價含下列非屬預售屋價格之費用:裝潢費；傢俱設備費100000元；,RPPNMLMJKHLGFBE37CB,中山鉑?,A棟03號,
新興區,房地(土地+建物)+車位,高雄市新興區中山一路,3.49,商,,,1150202,土地16建物1車位1,十三層,36,住宅大樓(11層含以上有電梯),住家用,鋼骨鋼筋混凝土造,,92.33,1,1,1,有,無,15240000,162143,坡道機械,5.74,1200000,交易總價含下列非屬預售屋價格之費用:裝潢費；傢俱設備費100000元；,RPQNMLMJKHLGFBE47CB,中山鉑?,A棟03號,
新興區,房地(土地+建物)+車位,高雄市新興區中山一路,3.49,商,,,1150202,土地16建物1車位1,二十層,36,住宅大樓(11層含以上有電梯),住家用,鋼骨鋼筋混凝土造,,92.33,1,1,1,有,無,15430000,164338,坡道機械,5.74,1200000,交易總價含下列非屬預售屋價格之費用:裝潢費；傢俱設備費100000元；,RPSNMLMJKHLGFBE67CB,中山鉑?,A棟03號,
橋頭區,房地(土地+建物)+車位,高雄市橋頭區橋新三路,17.01,商,,,1150117,土地1建物1車位1,二十層,24,住宅大樓(11層含以上有電梯),住家用,鋼筋混凝土造,,144.05,3,2,2,有,無,17400000,130773,坡道平面,23.23,1600000,,RPPNMLMJKHLGFFE77CB,達麗世界學,A棟A1-20F號,
旗山區,房地(土地+建物)+車位,高雄市旗山區樹人路2-5號對面,47.82,,鄉村區,乙種建築用地,1150116,土地2建物1車位1,四層,5,華廈(10層含以下有電梯),住家用,鋼筋混凝土造,,121.32,3,1,2,有,無,8900000,74976,一樓平面,18.62,1200000,,RPPNMLMJKHLGFHE97CB,富寓,B棟4F1號,
仁武區,房地(土地+建物)+車位,高雄市仁武區赤仁路,19.4,住,,,1150119,土地1建物1車位1,十二層,13,住宅大樓(11層含以上有電梯),住家用,鋼筋混凝土造,,123.8,2,2,2,有,無,10150000,98394,坡道平面,35.38,1450000,,RPPNMLMJKHLGFIE08CB,佳鋐雄匯,B2棟12F號,
仁武區,房地(土地+建物)+車位,高雄市仁武區赤仁路,26.07,住,,,1150119,土地1建物1車位1,四層,13,住宅大樓(11層含以上有電梯),住家用,鋼筋混凝土造,,154.26,3,2,2,有,無,12400000,92110,坡道平面,35.38,1450000,,RPQNMLMJKHLGFIE18CB,佳鋐雄匯,B5棟04F號,
苓雅區,房地(土地+建物)+車位,高雄市苓雅區泉州街,10.14,住,,,1150117,土地1建物1車位1,八層,15,住宅大樓(11層含以上有電梯),住家用,鋼筋混凝土造,,93.85,0,1,2,有,無,13300000,140557,升降機械,10.61,1600000,,RPPNMLNJKHLGFBE47CB,文化星匯,B棟3號,
苓雅區,房地(土地+建物),高雄市苓雅區成功一路,5.7,商,,,1150130,土地2建物1車位0,三層,23,住宅大樓(11層含以上有電梯),住家用,鋼筋混凝土造,,101.44,3,1,2,有,無,15260000,150434,,0.0,0,,RPQNMLNJKHLGFBE57CB,郡都大成,A2棟3號,
苓雅區,房地(土地+建物),高雄市苓雅區成功一路,5.7,商,,,1150130,土地2建物1車位0,五層,23,住宅大樓(11層含以上有電梯),住家用,鋼筋混凝土造,,101.44,3,1,2,有,無,15500000,152800,,0.0,0,,RPRNMLNJKHLGFBE67CB,郡都大成,A2棟5號,
三民區,房地(土地+建物)+車位,高雄市三民區中華二路157巷,19.83,商,,,1150126,土地2建物1車位1,四層,15,住宅大樓(11層含以上有電梯),住家用,鋼筋混凝土造,,159.47,3,2,2,有,無,20500000,135811,坡道平面,25.46,2300000,,RPPNMLNJKHLGFDE67CB,善寬UNI,A6棟4號,
三民區,房地(土地+建物)+車位,高雄市三民區九如一路B09棟F21樓,10.41,商,,,1150123,土地2建物1車位1,二十一層,27,住宅大樓(11層含以上有電梯),住家用,鋼筋混凝土造,,142.82,3,2,2,有,無,19950000,147059,坡道平面,20.76,2000000,,RPRNMLNJKHLGFDE87CB,遠雄峰蘊,B棟09號,
三民區,房地(土地+建物)+車位,高雄市三民區九如一路B05棟F14樓,11.94,商,,,1150124,土地2建物1車位1,十四層,27,住宅大樓(11層含以上有電梯),住家用,鋼筋混凝土造,,160.07,3,2,2,有,無,20880000,135740,坡道平面,20.76,1970000,交易總價含下列非屬預售屋價格之費用:歐德裝修商品券費:650000元,RPSNMLNJKHLGFDE97CB,遠雄峰蘊,B棟05號,
仁武區,房地(土地+建物),高雄市仁武區仁春街103號旁,21.18,住,,,1150106,土地1建物1車位0,一層,13,住宅大樓(11層含以上有電梯),住家用,鋼筋混凝土造,,108.98,0,0,0,無,無,13000000,119288,,0.0,0,親友、員工、共有人或其他特殊關係間之交易；,RPPNMLNJKHLGFIE18CB,高京豐薈,S6棟1號,
阿蓮區,房地(土地+建物),高雄市阿蓮區和平路42號旁,31.86,住,,,1150125,土地2建物1車位0,四層,8,華廈(10層含以下有電梯),住家用,鋼筋混凝土造,,81.29,2,1,2,有,無,6460000,79469,,0.0,0,,RPPNMLNJKHLGFJE28CB,上上籤,A棟B1號,
三民區,房地(土地+建物)+車位,高雄市三民區明誠一路鼎山街202巷口,17.85,住,,,1150116,土地2建物1車位2,六層,23,住宅大樓(11層含以上有電梯),住家用,鋼筋混凝土造,,204.51,3,2,2,有,無,25840000,144700,坡道平面,58.76,4750000,,RPPNMLOJKHLGFDE77CB,國泰明誠,B1棟6號,
三民區,房地(土地+建物)+車位,高雄市三民區明誠一路鼎山街202巷口,17.34,住,,,1150108,土地2建物1車位1,二十二層,23,住宅大樓(11層含以上有電梯),住家用,鋼筋混凝土造,,171.09,3,2,2,有,無,25530000,162515,坡道平面,29.38,2500000,,RPQNMLOJKHLGFDE87CB,國泰明誠,A2棟22號,
三民區,房地(土地+建物)+車位,高雄市三民區明誠一路鼎山街202巷口,15.94,住,,,1150108,土地2建物1車位1,十三層,23,住宅大樓(11層含以上有電梯),住家用,鋼筋混凝土造,,159.6,3,2,2,有,無,22810000,156735,坡道平面,29.38,2400000,,RPRNMLOJKHLGFDE97CB,國泰明誠,B2棟13號,
三民區,房地(土地+建物)+車位,高雄市三民區明誠一路鼎山街202巷口,15.7,住,,,1150110,土地2建物1車位1,五層,23,住宅大樓(11層含以上有電梯),住家用,鋼筋混凝土造,,157.51,3,2,2,有,無,20480000,142277,坡道平面,29.38,2250000,,RPSNMLOJKHLGFDE08CB,國泰明誠,B5棟5號,
三民區,房地(土地+建物)+車位,高雄市三民區明誠一路鼎山街202巷口,17.85,住,,,1150110,土地2建物1車位1,二十一層,23,住宅大樓(11層含以上有電梯),住家用,鋼筋混凝土造,,175.13,3,2,2,有,無,25700000,159177,坡道平面,29.38,2500000,,RPTNMLOJKHLGFDE18CB,國泰明誠,B1棟21號,
三民區,房地(土地+建物)+車位,高雄市三民區明誠一路鼎山街202巷口,15.94,住,,,1150110,土地2建物1車位1,十一層,23,住宅大樓(11層含以上有電梯),住家用,鋼筋混凝土造,,159.6,3,2,2,有,無,22350000,153202,坡道平面,29.38,2400000,,RPUNMLOJKHLGFDE28CB,國泰明誠,B2棟11號,
三民區,房地(土地+建物)+車位,高雄市三民區明誠一路鼎山街202巷口,15.94,住,,,1150111,土地2建物1車位1,二十一層,23,住宅大樓(11層含以上有電梯),住家用,鋼筋混凝土造,,159.6,3,2,2,有,無,23530000,161496,坡道平面,29.38,2500000,,RPVNMLOJKHLGFDE38CB,國泰明誠,B2棟21號,
三民區,房地(土地+建物)+車位,高雄市三民區明誠一路鼎山街202巷口,15.94,住,,,1150111,土地2建物1車位1,五層,23,住宅大樓(11層含以上有電梯),住家用,鋼筋混凝土造,,159.6,3,2,2,有,無,21170000,144141,坡道平面,29.38,2400000,,RPWNMLOJKHLGFDE48CB,國泰明誠,B2棟5號,
三民區,房地(土地+建物)+車位,高雄市三民區明誠一路鼎山街202巷口,15.58,住,,,1150111,土地2建物1車位1,十二層,23,住宅大樓(11層含以上有電梯),住家用,鋼筋混凝土造,,156.45,3,2,2,有,無,22030000,154482,坡道平面,29.38,2400000,,RPXNMLOJKHLGFDE58CB,國泰明誠,B3棟12號,
三民區,房地(土地+建物)+車位,高雄市三民區明誠一路鼎山街202巷口,18.9,住,,,1150112,土地2建物1車位1,十四層,23,住宅大樓(11層含以上有電梯),住家用,鋼筋混凝土造,,183.49,3,2,2,有,無,26800000,157680,坡道平面,29.38,2500000,,RPOOMLOJKHLGFDE77CB,國泰明誠,A1棟14號,
三民區,房地(土地+建物)+車位,高雄市三民區明誠一路鼎山街202巷口,17.85,住,,,1150116,土地2建物1車位1,八層,23,住宅大樓(11層含以上有電梯),住家用,鋼筋混凝土造,,175.13,3,2,2,有,無,24870000,153482,坡道平面,29.38,2500000,,RPPOMLOJKHLGFDE87CB,國泰明誠,B1棟8號,
三民區,房地(土地+建物)+車位,高雄市三民區明誠一路鼎山街202巷口,15.94,住,,,1150117,土地2建物1車位1,七層,23,住宅大樓(11層含以上有電梯),住家用,鋼筋混凝土造,,159.6,3,2,2,有,無,22330000,153049,坡道平面,29.38,2400000,,RPQOMLOJKHLGFDE97CB,國泰明誠,B2棟7號,
三民區,房地(土地+建物)+車位,高雄市三民區明誠一路鼎山街202巷口,18.9,住,,,1150118,土地2建物1車位1,二十層,23,住宅大樓(11層含以上有電梯),住家用,鋼筋混凝土造,,183.49,3,2,2,有,無,27130000,159172,坡道平面,29.38,2600000,,RPROMLOJKHLGFDE08CB,國泰明誠,A1棟20號,
三民區,房地(土地+建物)+車位,高雄市三民區明誠一路鼎山街202巷口,15.58,住,,,1150119,土地2建物1車位1,十九層,23,住宅大樓(11層含以上有電梯),住家用,鋼筋混凝土造,,156.45,3,2,2,有,無,21940000,154954,坡道平面,29.38,2250000,,RPSOMLOJKHLGFDE18CB,國泰明誠,A3棟19號,
三民區,房地(土地+建物)+車位,高雄市三民區明誠一路鼎山街202巷口,17.85,住,,,1150125,土地2建物1車位1,二十三層,23,住宅大樓(11層含以上有電梯),住家用,鋼筋混凝土造,,175.13,3,2,2,有,無,25980000,160412,坡道平面,29.38,2600000,,RPTOMLOJKHLGFDE28CB,國泰明誠,B1棟23號,
三民區,房地(土地+建物)+車位,高雄市三民區明誠一路鼎山街202巷口,17.85,住,,,1150125,土地2建物1車位1,二十二層,23,住宅大樓(11層含以上有電梯),住家用,鋼筋混凝土造,,175.13,3,2,2,有,無,25880000,159726,坡道平面,29.38,2600000,,RPUOMLOJKHLGFDE38CB,國泰明誠,B1棟22號,
三民區,房地(土地+建物)+車位,高雄市三民區明誠一路鼎山街202巷口,17.85,住,,,1150125,土地2建物1車位1,十五層,23,住宅大樓(11層含以上有電梯),住家用,鋼筋混凝土造,,175.13,3,2,2,有,無,25170000,155540,坡道平面,29.38,2500000,,RPVOMLOJKHLGFDE48CB,國泰明誠,B1棟15號,
三民區,房地(土地+建物)+車位,高雄市三民區明誠一路鼎山街202巷口,15.94,住,,,1150125,土地2建物1車位1,二十層,23,住宅大樓(11層含以上有電梯),住家用,鋼筋混凝土造,,159.6,3,2,2,有,無,23070000,158731,坡道平面,29.38,2400000,,RPWOMLOJKHLGFDE58CB,國泰明誠,B2棟20號,
三民區,房地(土地+建物)+車位,高雄市三民區明誠一路鼎山街202巷口,17.85,住,,,1150126,土地2建物1車位1,二十層,23,住宅大樓(11層含以上有電梯),住家用,鋼筋混凝土造,,175.13,3,2,2,有,無,25610000,158559,坡道平面,29.38,2500000,,RPXOMLOJKHLGFDE68CB,國泰明誠,B1棟20號,
左營區,房地(土地+建物)+車位,高雄市左營區大中二路,11.95,住,,,1150128,土地1建物1車位1,十四層,15,住宅大樓(11層含以上有電梯),住家用,鋼筋混凝土造,,143.88,3,2,2,有,無,14580000,116299,坡道平面,36.57,2100000,,RPPNMLOJKHLGFEE87CB,高鐵SONG,A8棟0號,
左營區,房地(土地+建物)+車位,高雄市左營區大中二路,13.86,住,,,1150201,土地1建物1車位1,五層,15,住宅大樓(11層含以上有電梯),住家用,鋼筋混凝土造,,162.71,3,2,2,有,無,16400000,114175,坡道平面,38.34,2200000,,RPQNMLOJKHLGFEE97CB,高鐵SONG,A12棟0號,
苓雅區,房地(土地+建物)+車位,高雄市苓雅區安樂路與安樂路1巷,11.83,住,,,1150113,土地1建物1車位1,六層,14,住宅大樓(11層含以上有電梯),住家用,鋼筋混凝土造,,83.62,2,2,2,有,無,10550000,128671,坡道機械,13.13,1480000,親友、員工、共有人或其他特殊關係間之交易；,RPRNMLPJKHLGFBE87CB,御上立騰,A3棟6F號,
苓雅區,房地(土地+建物),高雄市苓雅區安樂路與安樂路1巷,11.83,住,,,1150118,土地1建物1車位0,八層,14,住宅大樓(11層含以上有電梯),住家用,鋼筋混凝土造,,70.49,2,2,2,有,無,9100000,129096,,0.0,0,,RPSNMLPJKHLGFBE97CB,御上立騰,A3棟8F號,
三民區,房地(土地+建物)+車位,高雄市三民區九如三路,17.81,住,,,1150130,土地1建物1車位1,十三層,15,住宅大樓(11層含以上有電梯),住家用,鋼筋混凝土造,,159.05,3,2,2,有,無,24700000,166021,坡道平面,24.85,2420000,含冷氣交易總價含下列非屬預售屋價格之費用:傢俱設備費；,RPPNMLPJKHLGFDE87CB,遠雄沐蘊,A07棟F13號,
楠梓區,房地(土地+建物),高雄市楠梓區壽民路與壽民路105巷,11.59,住,,,1150124,土地2建物1車位0,五層,15,住宅大樓(11層含以上有電梯),住家用,鋼筋混凝土造,,72.96,2,1,1,有,無,8200000,112390,,0.0,0,,RPPNMLPJKHLGFEE97CB,聯上世界極,B8棟0號,
鳳山區,房地(土地+建物)+車位,高雄市鳳山區頂庄路 復華一街路口,14.92,商,,,1150127,土地1建物1車位1,六層,15,住宅大樓(11層含以上有電梯),住家用,鋼筋混凝土造,,161.15,3,2,2,有,無,13480000,93366,坡道平面,34.98,1700000,,RPPNMLPJKHLGFGE18CB,利融永御,A7棟6號,
鳳山區,房地(土地+建物)+車位,高雄市鳳山區中安路,11.12,商,,,1150118,土地1建物1車位1,六層,15,住宅大樓(11層含以上有電梯),住家用,鋼筋混凝土造,,142.18,3,2,2,有,無,14100000,98127,坡道平面,19.89,2100000,,RPQNMLPJKHLGFGE28CB,花町院,A棟7號,
鳳山區,房地(土地+建物),高雄市鳳山區中安路,8.53,商,,,1150124,土地1建物1車位0,四層,15,住宅大樓(11層含以上有電梯),住家用,鋼筋混凝土造,,93.48,2,2,2,有,無,8950000,95742,,0.0,0,,RPRNMLPJKHLGFGE38CB,花町院,A棟11號,
鳳山區,房地(土地+建物)+車位,高雄市鳳山區中安路,8.53,商,,,1150201,土地1建物1車位1,九層,15,住宅大樓(11層含以上有電梯),住家用,鋼筋混凝土造,,113.37,2,2,2,有,無,11350000,100021,坡道平面,19.89,2000000,,RPSNMLPJKHLGFGE48CB,花町院,A棟11號,
大寮區,房地(土地+建物)+車位,高雄市大寮區開封段144地號,21.28,住,,,1150112,土地1建物1車位1,二層,10,華廈(10層含以下有電梯),住家用,鋼筋混凝土造,,109.98,3,1,2,有,無,9200000,88337,一樓平面,20.55,1300000,,RPPNMLPJKHLGFLE68CB,大橘新加坡5,A棟7號,
大寮區,房地(土地+建物)+車位,高雄市大寮區開封段144地號,21.28,住,,,1150112,土地1建物1車位1,六層,10,華廈(10層含以下有電梯),住家用,鋼筋混凝土造,,109.98,3,1,2,有,無,9300000,88337,坡道平面,20.55,1400000,,RPQNMLPJKHLGFLE78CB,大橘新加坡5,A棟7號,
大寮區,房地(土地+建物)+車位,高雄市大寮區開封段144地號,21.28,住,,,1150111,土地1建物1車位1,五層,10,華廈(10層含以下有電梯),住家用,鋼筋混凝土造,,109.98,3,1,2,有,無,9200000,87778,一樓平面,20.55,1350000,,RPRNMLPJKHLGFLE88CB,大橘新加坡5,A棟7號,
大寮區,房地(土地+建物)+車位,高雄市大寮區開封段144地號,24.91,住,,,1150110,土地1建物1車位1,二層,10,華廈(10層含以下有電梯),住家用,鋼筋混凝土造,,125.19,3,1,2,有,無,10680000,88685,一樓平面,20.55,1400000,,RPWNMLPJKHLGFLE76CB,大橘新加坡5,A棟1號,
苓雅區,房地(土地+建物)+車位,高雄市苓雅區建國一路、正義路口,20.21,住,,,1150204,土地2建物1車位2,十三層,29,住宅大樓(11層含以上有電梯),住家用,鋼筋混凝土造,,185.04,3,1,2,有,無,11560000,62023,坡道平面,56.7,3600000,,RPPNMLPJKHLGFBE77DB,京城舞極,D3棟13號,
仁武區,房地(土地+建物),高雄市仁武區永新一街,17.24,住,,,1150206,土地1建物1車位0,四層,13,住宅大樓(11層含以上有電梯),住家用,鋼筋混凝土造,,72.22,2,2,1,有,無,8400000,116311,,0.0,0,,RPPNMLQJKHLGFIE48CB,琢悅2,A5棟4F號,
仁武區,房地(土地+建物),高雄市仁武區永新一街,17.24,住,,,1150206,土地1建物1車位0,二層,13,住宅大樓(11層含以上有電梯),住家用,鋼筋混凝土造,,72.22,2,2,1,有,無,8300000,114927,,0.0,0,,RPQNMLQJKHLGFIE58CB,琢悅2,A2棟2F號,
大寮區,房地(土地+建物)+車位,高雄市大寮區潮寮南段,28.03,住,,,1150131,土地1建物1車位1,三層,5,華廈(10層含以下有電梯),見其他登記事項,鋼筋混凝土造,,89.52,2,2,2,有,無,7170000,73570,一樓平面,13.81,1600000,,RPPNMLQJKHLGFLE78CB,潮好住,B3棟3號,
大寮區,房地(土地+建物)+車位,高雄市大寮區潮寮南段,32.46,住,,,1150120,土地1建物1車位1,五層,5,華廈(10層含以下有電梯),見其他登記事項,鋼筋混凝土造,,101.41,3,2,2,有,無,8100000,74201,一樓平面,13.81,1600000,,RPQNMLQJKHLGFLE88CB,潮好住,E3棟5號,
大寮區,房地(土地+建物)+車位,高雄市大寮區潮寮南段,29.75,住,,,1150127,土地1建物1車位1,五層,5,華廈(10層含以下有電梯),見其他登記事項,鋼筋混凝土造,,94.02,3,2,2,有,無,7360000,74305,一樓平面,13.81,1400000,,RPRNMLQJKHLGFLE98CB,潮好住,B5棟5號,
新興區,房地(土地+建物),高雄市新興區中山一路,3.41,商,,,1150207,土地16建物1車位0,十六層,36,住宅大樓(11層含以上有電梯),住家用,鋼骨鋼筋混凝土造,,84.21,2,1,1,有,無,13270000,157582,,0.0,0,交易總價含下列非屬預售屋價格之費用:裝潢費；傢俱設備費100000元；,RPPNMLRJKHLGFBE87CB,中山鉑?,A棟06號,
林園區,房地(土地+建物)+車位,高雄市林園區下厝路89巷,26.73,住,,,1150122,土地4建物1車位1,五層,5,華廈(10層含以下有電梯),住家用,鋼筋混凝土造,,89.37,2,2,2,有,無,6300000,70036,一樓平面,16.55,1200000,,RPPNMLRJKHLGFLE88CB,捷運101,A棟3號,
鳥松區,房地(土地+建物)+車位,高雄市鳥松區昌華街,21.19,住,,,1150205,土地8建物1車位1,十層,14,住宅大樓(11層含以上有電梯),住家用,鋼筋混凝土造,,133.54,3,2,2,有,無,15170000,115371,坡道平面,21.12,2200000,,RPSNMLRJKHLGFIE98DB,圓山匯星,A2棟10號,
鳥松區,房地(土地+建物)+車位,高雄市鳥松區昌華街,14.66,住,,,1150122,土地8建物1車位1,八層,14,住宅大樓(11層含以上有電梯),住家用,鋼筋混凝土造,,98.78,0,2,2,有,無,10850000,113958,坡道平面,21.12,2000000,,RPTNMLRJKHLGFIE09DB,圓山匯星,B3棟08號,
鳥松區,房地(土地+建物)+車位,高雄市鳥松區昌華街,21.14,住,,,1150207,土地8建物1車位1,十層,14,住宅大樓(11層含以上有電梯),住家用,鋼筋混凝土造,,133.29,3,2,2,有,無,15400000,117679,坡道平面,21.12,2200000,,RPUNMLRJKHLGFIE56DB,圓山匯星,B2棟10號,
苓雅區,房地(土地+建物),高雄市苓雅區安樂路與安樂路1巷,11.83,住,,,1150127,土地1建物1車位0,十層,14,住宅大樓(11層含以上有電梯),住家用,鋼筋混凝土造,,70.49,2,2,2,有,無,9500000,134771,,0.0,0,,RPPNMLSJKHLGFBE97CB,御上立騰,A3棟10F號,
苓雅區,房地(土地+建物),高雄市苓雅區安樂路與安樂路1巷,16.0,住,,,1150121,土地1建物1車位0,四層,14,住宅大樓(11層含以上有電梯),住家用,鋼筋混凝土造,,95.27,3,2,2,有,無,12180000,127847,,0.0,0,,RPQNMLSJKHLGFBE08CB,御上立騰,A2棟4F號,
苓雅區,房地(土地+建物)+車位,高雄市苓雅區安樂路與安樂路1巷,13.86,住,,,1150131,土地1建物1車位1,九層,14,住宅大樓(11層含以上有電梯),住家用,鋼筋混凝土造,,104.43,1,2,2,有,無,13280000,134205,一樓平面,21.87,2200000,,RPRNMLSJKHLGFBE18CB,御上立騰,A1棟9F號,
苓雅區,房地(土地+建物)+車位,高雄市苓雅區安樂路與安樂路1巷,16.0,住,,,1150203,土地1建物1車位1,七層,14,住宅大樓(11層含以上有電梯),住家用,鋼筋混凝土造,,115.38,3,2,2,有,無,14680000,132046,一樓平面,20.11,2100000,,RPSNMLSJKHLGFBE28CB,御上立騰,A2棟7F號,
楠梓區,房地(土地+建物)+車位,高雄市楠梓區後勁北路111巷,19.71,住,,,1150206,土地1建物1車位1,十層,15,住宅大樓(11層含以上有電梯),見其他登記事項,鋼筋混凝土造,,137.07,3,2,2,有,無,16100000,114604,一樓平面,14.91,2100000,,RPPNMLSJKHLGFEE28CB,皇家美墅17期-捷.境,A6棟10樓號,
楠梓區,房地(土地+建物)+車位,高雄市楠梓區德民路上近藍昌路,21.33,住,,,1150203,土地1建物1車位1,十一層,15,住宅大樓(11層含以上有電梯),住家用,鋼筋混凝土造,,216.34,3,2,2,有,無,23500000,116427,坡道平面,35.54,2450000,,RPQNMLSJKHLGFEE38CB,吉隆森淼,A棟5號,
大寮區,房地(土地+建物)+車位,高雄市大寮區開封段144地號,24.92,住,,,1150201,土地1建物1車位1,八層,10,華廈(10層含以下有電梯),住家用,鋼筋混凝土造,,125.24,3,1,2,有,無,10600000,87878,坡道平面,20.55,1400000,,RPPNMLSJKHLGFLE98CB,大橘新加坡5,A棟3號,
小港區,房地(土地+建物),高雄市小港區店鎮段138地號,14.18,住,,,1150130,土地1建物1車位0,五層,15,住宅大樓(11層含以上有電梯),住家用,鋼筋混凝土造,,76.05,2,2,2,有,無,6660000,87574,,0.0,0,,RPPNMLTJKHLGFCE18CB,春虹星綻,A2棟5號,
三民區,房地(土地+建物)+車位,高雄市三民區九如一路A07棟F03樓,12.15,商,,,1150201,土地2建物1車位1,三層,27,住宅大樓(11層含以上有電梯),住家用,鋼筋混凝土造,,163.25,3,2,2,有,無,20280000,126886,坡道平面,20.76,2200000,含冷氣交易總價含下列非屬預售屋價格之費用:傢俱設備費；,RPPNMLTJKHLGFDE28CB,遠雄峰蘊,A棟07號,
三民區,房地(土地+建物),高雄市三民區九如一路B06棟F18樓,6.92,商,,,1150204,土地2建物1車位0,十八層,27,住宅大樓(11層含以上有電梯),住家用,鋼筋混凝土造,,81.17,2,1,1,有,無,11800000,145374,,0.0,0,,RPQNMLTJKHLGFDE38CB,遠雄峰蘊,B棟06號,
楠梓區,房地(土地+建物)+車位,高雄市楠梓區大學南路,9.95,住,,,1150130,土地2建物1車位1,六層,20,住宅大樓(11層含以上有電梯),見其他登記事項,鋼筋混凝土造,,74.8,1,1,1,有,無,9670000,125875,坡道平面,16.25,2300000,,RPPNMLTJKHLGFEE38CB,高大之森2-高大之上,B棟B02-06F號,
楠梓區,房地(土地+建物)+車位,高雄市楠梓區大學二十三街及二十六街口,29.43,住,,,1150131,土地1建物1車位1,一層,20,住宅大樓(11層含以上有電梯),住家用,鋼筋混凝土造,,186.42,0,0,1,有,無,22450000,126986,坡道平面,24.67,1910000,,RPQNMLTJKHLGFEE48CB,遠雄一靚,S10棟F01號,
楠梓區,房地(土地+建物),高雄市楠梓區右昌段五小段0816-0001地號,17.57,住,,,1150131,土地1建物1車位0,五層,5,華廈(10層含以下有電梯),住家用,鋼筋混凝土造,,56.36,2,2,1,有,無,6450000,114443,,0.0,0,,RPRNMLTJKHLGFEE58CB,尚美,A3棟5號,
湖內區,房地(土地+建物),高雄市湖內區建國街13巷,79.0,住,,,1150205,土地1建物1車位0,全,3,透天厝,住家用,鋼筋混凝土造,,181.19,4,2,5,有,無,14680000,81020,,0.0,0,,RPPNMLTJKHLGFJE88CB,藏龍9期,A棟3號,
路竹區,房地(土地+建物),高雄市路竹區民有路32-3號後面,22.06,,鄉村區,乙種建築用地,1150131,土地1建物1車位0,八層,11,住宅大樓(11層含以上有電梯),住家用,鋼筋混凝土造,,74.31,2,2,2,有,無,6750000,90836,,0.0,0,,RPQNMLTJKHLGFJE98CB,高路捷,A7棟8號,
新興區,房地(土地+建物)+車位,高雄市新興區中山一路,5.59,商,,,1150210,土地16建物1車位1,三十三層,36,住宅大樓(11層含以上有電梯),住家用,鋼骨鋼筋混凝土造,,153.13,3,1,2,有,無,23940000,157570,坡道平面,15.16,2200000,交易總價含下列非屬預售屋價格之費用:裝潢費；傢俱設備費150000元；,RPPNMLKKKHLGFBE27CB,中山鉑?,A棟5號,
三民區,房地(土地+建物),高雄市三民區鼎山街,7.77,商,,,1150130,土地1建物1車位0,十層,15,住宅大樓(11層含以上有電梯),住家用,鋼筋混凝土造,,83.45,2,2,2,有,無,9680000,115998,,0.0,0,,RPPNMLKKKHLGFDE47CB,和築豐彩,C3棟10F號,
三民區,房地(土地+建物),高雄市三民區鼎山街,7.51,商,,,1150130,土地1建物1車位0,十四層,15,住宅大樓(11層含以上有電梯),住家用,鋼筋混凝土造,,79.58,2,2,1,有,無,9130000,114727,,0.0,0,,RPQNMLKKKHLGFDE57CB,和築豐彩,B5棟14F號,
三民區,房地(土地+建物),高雄市三民區鼎山街,7.77,商,,,1150130,土地1建物1車位0,五層,15,住宅大樓(11層含以上有電梯),住家用,鋼筋混凝土造,,81.44,2,2,1,有,無,9160000,112475,,0.0,0,,RPRNMLKKKHLGFDE67CB,和築豐彩,A8棟5F號,
大社區,房地(土地+建物)+車位,高雄市大社區中正路470號五樓之5,24.64,住,,,1150206,土地1建物1車位1,五層,7,華廈(10層含以下有電梯),住家用,鋼筋混凝土造,,84.04,2,1,2,有,無,8970000,101028,一樓平面,12.08,1700000,,RPQNMLKKKHLGFIE08CB,喬鈞富寓,C5棟5號,
鹽埕區,房地(土地+建物),高雄市鹽埕區建國四路,6.58,商,,,1150120,土地1建物1車位0,二十一層,23,住宅大樓(11層含以上有電梯),住家用,鋼筋混凝土造,,96.43,2,2,2,有,無,15020000,155761,,0.0,0,,RPPNMLLKKHLGFAE27CB,駁二AIT,A6棟21號,
苓雅區,房地(土地+建物)+車位,高雄市苓雅區衛武段658、661地號建國一路、正義路口,22.17,住,,,1150208,土地2建物1車位2,十一層,29,住宅大樓(11層含以上有電梯),住家用,鋼筋混凝土造,,207.78,3,2,2,有,無,22200000,116495,坡道平面,56.7,4600000,,RPPNMLLKKHLGFBE37CB,京城舞極,D7棟11號,
苓雅區,房地(土地+建物),高雄市苓雅區成功一路,4.47,商,,,1150203,土地2建物1車位0,四層,23,住宅大樓(11層含以上有電梯),住家用,鋼筋混凝土造,,79.56,2,1,2,有,無,12140000,152589,,0.0,0,,RPQNMLLKKHLGFBE47CB,郡都大成,A6棟4號,
苓雅區,房地(土地+建物),高雄市苓雅區成功一路,6.15,商,,,1150203,土地2建物1車位0,四層,23,住宅大樓(11層含以上有電梯),住家用,鋼筋混凝土造,,109.54,2,1,2,有,無,16150000,147435,,0.0,0,,RPRNMLLKKHLGFBE57CB,郡都大成,A7棟4號,
苓雅區,房地(土地+建物),高雄市苓雅區成功一路,4.47,商,,,1150206,土地2建物1車位0,八層,23,住宅大樓(11層含以上有電梯),住家用,鋼筋混凝土造,,79.56,2,1,2,有,無,12410000,155983,,0.0,0,,RPSNMLLKKHLGFBE67CB,郡都大成,A6棟8號,
三民區,房地(土地+建物)+車位,高雄市三民區明誠一路鼎山街202巷口,15.94,住,,,1150206,土地2建物1車位1,十八層,23,住宅大樓(11層含以上有電梯),住家用,鋼筋混凝土造,,159.6,3,2,2,有,無,23310000,159806,坡道平面,29.38,2500000,,RPPNMLLKKHLGFDE57CB,國泰明誠,B2棟18號,
橋頭區,房地(土地+建物)+車位,高雄市橋頭區南北路VS鹽田路,25.94,,鄉村區,乙種建築用地,1150131,土地1建物1車位1,五層,5,華廈(10層含以下有電梯),住家用,鋼筋混凝土造,,86.73,2,1,1,有,無,9600000,108992,一樓平面,13.33,1600000,交易總價含下列非屬預售屋價格之費用:裝潢費；,RPPNMLLKKHLGFFE77CB,鹽序,A1-5號,
湖內區,房地(土地+建物)+車位,高雄市湖內區福安路,27.2,住,,,1150206,土地1建物1車位1,三層,5,華廈(10層含以下有電梯),住家用,鋼筋混凝土造,,91.85,2,2,2,有,無,8000000,88379,一樓平面,20.0,1650000,,RPPNMLLKKHLGFJE28DB,森呼吸,C棟2號,
鼓山區,房地(土地+建物)+車位,高雄市鼓山區鼓山一路53巷,12.9,住,,,1150124,土地1建物1車位1,九層,15,住宅大樓(11層含以上有電梯),住家用,鋼筋混凝土造,,128.62,1,1,2,有,無,15100000,121609,坡道平面,21.72,2100000,,RPQNMLMKKHLGFAE47CB,?埕,A棟1號,
前金區,房地(土地+建物)+車位,高雄市前金區成功一路,17.09,商,,,1150204,土地1建物1車位2,二十五層,29,住宅大樓(11層含以上有電梯),住家用,鋼筋混凝土造,,291.8,3,2,3,有,無,44200000,164756,坡道平面,56.3,5400000,,RPRNMLMKKHLGFAE57CB,聯上鉑金,A1棟25號,
苓雅區,房地(土地+建物),高雄市苓雅區成功一路,4.59,商,,,1150209,土地2建物1車位0,十一層,23,住宅大樓(11層含以上有電梯),住家用,鋼筋混凝土造,,81.79,2,1,2,有,無,13090000,160044,,0.0,0,,RPPNMLMKKHLGFBE47CB,郡都大成,A11棟11號,
三民區,房地(土地+建物)+車位,高雄市三民區三塊厝段四小段2865地號,8.64,商,,,1150203,土地1建物1車位1,十層,13,住宅大樓(11層含以上有電梯),見其他登記事項,鋼筋混凝土造,,108.55,3,2,2,有,無,16530000,155881,塔式車位,12.13,1500000,,RPPNMLMKKHLGFDE67CB,?揚?光河,A棟3號,
三民區,房地(土地+建物)+車位,高雄市三民區三塊厝段四小段2865地號,11.98,商,,,1150128,土地1建物1車位1,十一層,13,住宅大樓(11層含以上有電梯),見其他登記事項,鋼筋混凝土造,,144.53,3,2,2,有,無,20430000,142976,塔式車位,12.13,1500000,,RPQNMLMKKHLGFDE77CB,?揚?光河,A棟2號,
楠梓區,房地(土地+建物)+車位,高雄市楠梓區大學西路,21.01,住,,,1150124,土地1建物1車位1,八層,15,住宅大樓(11層含以上有電梯),住家用,鋼筋混凝土造,,136.9,2,2,2,有,無,14400000,114906,坡道平面,27.68,1850000,,RPPNMLMKKHLGFEE77CB,以學MDT,D6棟8號,
左營區,房地(土地+建物)+車位,高雄市左營區大中二路,14.58,住,,,1150210,土地1建物1車位1,四層,15,住宅大樓(11層含以上有電梯),住家用,鋼筋混凝土造,,169.21,3,2,2,有,無,17350000,115000,坡道平面,38.34,2300000,,RPQNMLMKKHLGFEE87CB,高鐵SONG,A1棟0號,
鳳山區,房地(土地+建物),高雄市鳳山區鳳頂段44號,19.05,住,,,1150208,土地1建物1車位0,四層,5,華廈(10層含以下有電梯),住家用,鋼筋混凝土造,,55.83,2,1,2,有,無,6160000,110335,,0.0,0,,RPPNMLMKKHLGFGE97CB,一琚雲邸,A2號,
仁武區,房地(土地+建物)+車位,高雄市仁武區仁春街103號旁,18.96,住,,,1150118,土地1建物1車位1,九層,13,住宅大樓(11層含以上有電梯),住家用,鋼筋混凝土造,,115.69,2,2,2,有,無,11900000,102533,坡道平面,18.16,1900000,,RPQNMLMKKHLGFIE28CB,高京豐薈,A3棟9號,
仁武區,房地(土地+建物)+車位,高雄市仁武區仁春街103號旁,18.96,住,,,1150118,土地1建物1車位1,九層,13,住宅大樓(11層含以上有電梯),住家用,鋼筋混凝土造,,115.69,2,2,2,有,無,11840000,101405,坡道平面,18.16,1950000,,RPRNMLMKKHLGFIE38CB,高京豐薈,B3棟9號,
仁武區,房地(土地+建物)+車位,高雄市仁武區赤仁路,18.19,住,,,1150126,土地1建物1車位1,六層,14,住宅大樓(11層含以上有電梯),住家用,鋼筋混凝土造,,117.57,2,2,1,有,無,9560000,97457,坡道平面,35.38,1550000,,RPSNMLMKKHLGFIE48CB,佳鋐雄匯,A6棟06F號,
仁武區,房地(土地+建物)+車位,高雄市仁武區赤仁路,26.07,住,,,1150126,土地1建物1車位1,二層,13,住宅大樓(11層含以上有電梯),住家用,鋼筋混凝土造,,153.16,3,2,2,有,無,12550000,94244,坡道平面,35.38,1450000,,RPTNMLMKKHLGFIE58CB,佳鋐雄匯,B1棟02F號,
仁武區,房地(土地+建物)+車位,高雄市仁武區赤仁路,26.07,住,,,1150202,土地1建物1車位1,五層,14,住宅大樓(11層含以上有電梯),住家用,鋼筋混凝土造,,153.56,3,2,2,有,無,13100000,97732,坡道平面,35.38,1550000,,RPUNMLMKKHLGFIE68CB,佳鋐雄匯,A1棟05F號,
仁武區,房地(土地+建物)+車位,高雄市仁武區赤仁路,26.07,住,,,1150202,土地1建物1車位1,七層,14,住宅大樓(11層含以上有電梯),住家用,鋼筋混凝土造,,152.12,3,2,2,有,無,12650000,95876,坡道平面,34.26,1350000,,RPVNMLMKKHLGFIE78CB,佳鋐雄匯,A5棟07F號,
大寮區,房地(土地+建物)+車位,高雄市大寮區內厝段91地號,26.68,住,,,1150130,土地1建物1車位1,二層,6,華廈(10層含以下有電梯),住家用,鋼筋混凝土造,,112.76,2,2,2,有,無,9160000,90775,其他,31.68,1800000,,RPPNMLMKKHLGFLE48CB,心天母ll,A棟3號,
三民區,房地(土地+建物),高雄市三民區義民段,16.5,住,,,1150129,土地2建物1車位0,五層,7,華廈(10層含以下有電梯),住家用,鋼筋混凝土造,,65.46,1,1,1,有,無,8080000,123434,,0.0,0,,RPPNMLMKKHLGFDE77DB,大昌九禾,A棟1號,
三民區,房地(土地+建物),高雄市三民區義民段,19.13,住,,,1150131,土地2建物1車位0,五層,7,華廈(10層含以下有電梯),住家用,鋼筋混凝土造,,75.86,1,1,1,有,無,9200000,121276,,0.0,0,,RPQNMLMKKHLGFDE87DB,大昌九禾,A棟3號,
楠梓區,房地(土地+建物)+車位,高雄市楠梓區大學二十九路大學十八街,20.6,住,,,1150205,土地1建物1車位1,四層,19,住宅大樓(11層含以上有電梯),住家用,鋼筋混凝土造,,155.28,2,2,2,有,無,13450000,84490,坡道機械,12.66,1400000,,RPPNMLMKKHLGFEE87DB,之見築,A棟1號,
大社區,房地(土地+建物)+車位,高雄市大社區文化路24巷,21.88,住,,,1150201,土地1建物1車位1,四層,8,華廈(10層含以下有電梯),住家用,鋼筋混凝土造,,103.83,3,2,2,有,無,10760000,99467,一樓平面,13.75,1800000,,RPPNMLNKKHLGFIE28CB,皇家旺博市10期A棟華廈,A3棟4號,
路竹區,房地(土地+建物)+車位,高雄市路竹區大社路287巷36號旁,40.44,住,,,1150130,土地2建物1車位1,三層,5,華廈(10層含以下有電梯),住家用,鋼筋混凝土造,,115.28,3,2,2,有,無,10800000,84435,一樓平面,6.32,1600000,,RPPNMLNKKHLGFJE38CB,幸福居華?,A棟3樓之1號,
前金區,房地(土地+建物)+車位,高雄市前金區五福三路,9.09,商,,,1150131,土地3建物1車位1,二十五層,29,住宅大樓(11層含以上有電梯),住家用,鋼筋混凝土造,,179.33,3,2,2,有,無,25860000,164786,坡道平面,37.57,2500000,雨遮面積得依法登記，不予計價,RPQNMLOKKHLGFAE67CB,星峰匯,A5棟25號,
前金區,房地(土地+建物)+車位,高雄市前金區五福三路,8.49,商,,,1150209,土地3建物1車位1,十六層,29,住宅大樓(11層含以上有電梯),住家用,鋼筋混凝土造,,169.94,2,2,2,有,無,23000000,157135,坡道平面,37.57,2200000,雨遮面積得依法登記，不予計價,RPSNMLOKKHLGFAE87CB,星峰匯,A2棟16號,
大樹區,房地(土地+建物),高雄市大樹區中正一路,21.29,住,,,1150131,土地1建物1車位0,五層,7,華廈(10層含以下有電梯),住家用,鋼筋混凝土造,,61.06,2,1,2,有,無,4700000,76973,,0.0,0,,RPPNMLOKKHLGFGE18CB,淞曜,F棟5號,
楠梓區,房地(土地+建物)+車位,高雄市楠梓區大學二十三街及二十六街口,14.23,住,,,1150206,土地1建物1車位1,四層,20,住宅大樓(11層含以上有電梯),住家用,鋼筋混凝土造,,101.26,2,2,2,有,無,11550000,125865,坡道平面,24.67,1910000,含冷氣交易總價含下列非屬預售屋價格之費用:傢俱設備費；,RPPNMLNLKHLGFEE97CB,遠雄一靚,A01棟F04號,
楠梓區,房地(土地+建物)+車位,高雄市楠梓區大學二十三街及二十六街口,20.1,住,,,1150207,土地1建物1車位1,二層,20,住宅大樓(11層含以上有電梯),住家用,鋼筋混凝土造,,135.22,3,2,2,有,無,16270000,128991,坡道平面,24.67,2010000,含冷氣交易總價含下列非屬預售屋價格之費用:傢俱設備費；,RPQNMLNLKHLGFEE08CB,遠雄一靚,D02棟F02號,
旗山區,房地(土地+建物),高雄市旗山區樹人路2-5號對面,44.78,,鄉村區,乙種建築用地,1150209,土地2建物1車位0,三層,5,華廈(10層含以下有電梯),住家用,鋼筋混凝土造,,96.16,3,1,2,有,無,7300000,75915,,0.0,0,,RPPNMLNLKHLGFHE28CB,富寓,B棟3F6號,
前金區,房地(土地+建物)+車位,高雄市前金區七賢二路394號,5.6,商,,,1150205,土地24建物1車位1,七層,32,住宅大樓(11層含以上有電梯),住家用,鋼筋混凝土造,,105.64,3,2,2,有,無,14800000,140627,坡道機械,8.93,1200000,,RPPNMLOLKHLGFAE67CB,豐邑TOP+,B7棟7號,
左營區,房地(土地+建物),高雄市左營區左營大路與?後街42巷,6.39,商,,,1150206,土地1建物1車位0,二層,29,住宅大樓(11層含以上有電梯),住家用,鋼筋混凝土造,,87.2,2,1,1,有,無,8090000,92775,,0.0,0,,RPPNMLOLKHLGFEE08CB,聯上芯城,E1棟2號,
三民區,房地(土地+建物),高雄市三民區鼎山街,7.51,商,,,1150206,土地1建物1車位0,四層,15,住宅大樓(11層含以上有電梯),住家用,鋼筋混凝土造,,79.58,2,2,1,有,無,8880000,111586,,0.0,0,,RPPNMLPLKHLGFDE08CB,和築豐彩,B5棟4F號,
三民區,房地(土地+建物),高雄市三民區鼎山街,7.77,商,,,1150206,土地1建物1車位0,十三層,15,住宅大樓(11層含以上有電梯),住家用,鋼筋混凝土造,,83.45,2,2,2,有,無,9720000,116477,,0.0,0,,RPQNMLPLKHLGFDE18CB,和築豐彩,C3棟13F號,
橋頭區,房地(土地+建物)+車位,高雄市橋頭區成功南路,18.31,住,,,1150207,土地1建物1車位2,一層,15,店面(店鋪),商業用,鋼筋混凝土造,,141.36,0,0,0,無,無,24760000,189064,坡道平面,29.44,3600000,,RPQNMLPLKHLGFFE38CB,橋科大極,S-棟5號,
仁武區,房地(土地+建物),高雄市仁武區永昌三街,25.46,住,,,1150207,土地1建物1車位0,五層,5,華廈(10層含以下有電梯),住家用,鋼筋混凝土造,,69.42,2,2,2,有,無,7000000,100835,,0.0,0,,RPPNMLPLKHLGFIE58CB,永昌AI新世代,A棟2號,
仁武區,房地(土地+建物)+車位,高雄市仁武區永昌三街,34.55,住,,,1150207,土地1建物1車位1,四層,5,華廈(10層含以下有電梯),住家用,鋼筋混凝土造,,105.68,1,2,2,有,無,10280000,97308,升降機械,11.34,1100000,,RPQNMLPLKHLGFIE68CB,永昌AI新世代,A棟7號,
大寮區,房地(土地+建物)+車位,高雄市大寮區開封段144地號,21.28,住,,,1150131,土地1建物1車位1,四層,10,華廈(10層含以下有電梯),住家用,鋼筋混凝土造,,109.98,3,1,2,有,無,8800000,83864,一樓平面,20.55,1300000,,RPPNMLPLKHLGFLE88CB,大橘新加坡5,A棟7號,
大寮區,房地(土地+建物)+車位,高雄市大寮區開封段144地號,24.91,住,,,1150131,土地1建物1車位1,四層,10,華廈(10層含以下有電梯),住家用,鋼筋混凝土造,,125.19,3,1,2,有,無,9980000,82473,一樓平面,20.55,1350000,,RPQNMLPLKHLGFLE98CB,大橘新加坡5,A棟1號,
大寮區,房地(土地+建物)+車位,高雄市大寮區開封段144地號,24.91,住,,,1150131,土地1建物1車位1,二層,10,華廈(10層含以下有電梯),住家用,鋼筋混凝土造,,123.44,3,1,2,有,無,10500000,88398,一樓平面,18.8,1250000,,RPRNMLPLKHLGFLE09CB,大橘新加坡5,A棟3號,
大寮區,房地(土地+建物)+車位,高雄市大寮區開封段144地號,21.28,住,,,1150130,土地1建物1車位1,六層,10,華廈(10層含以下有電梯),住家用,鋼筋混凝土造,,109.98,3,1,2,有,無,9150000,89455,一樓平面,20.55,1150000,,RPSNMLPLKHLGFLE56CB,大橘新加坡5,A棟5號,
大寮區,房地(土地+建物)+車位,高雄市大寮區開封段144地號,21.28,住,,,1150206,土地1建物1車位1,五層,10,華廈(10層含以下有電梯),住家用,鋼筋混凝土造,,109.98,3,1,2,有,無,9050000,87778,一樓平面,20.55,1200000,,RPTNMLPLKHLGFLE66CB,大橘新加坡5,A棟5號,
鹽埕區,房地(土地+建物)+車位,高雄市鹽埕區建國四路,11.29,商,,,1150209,土地1建物1車位1,十九層,23,住宅大樓(11層含以上有電梯),住家用,鋼筋混凝土造,,191.64,3,2,2,有,無,27160000,149734,坡道平面,26.28,2400000,,RPPNMLQLKHLGFAE87CB,駁二AIT,A5棟19號,
鹽埕區,房地(土地+建物)+車位,高雄市鹽埕區建國四路,11.29,商,,,1150201,土地1建物1車位1,十二層,23,住宅大樓(11層含以上有電梯),住家用,鋼筋混凝土造,,191.64,3,2,2,有,無,25400000,139090,坡道平面,26.28,2400000,,RPQNMLQLKHLGFAE97CB,駁二AIT,A5棟12號,
鹽埕區,房地(土地+建物),高雄市鹽埕區建國四路,6.03,商,,,1150202,土地1建物1車位0,七層,23,住宅大樓(11層含以上有電梯),住家用,鋼筋混凝土造,,88.33,1,1,1,有,無,11290000,127816,,0.0,0,,RPRNMLQLKHLGFAE08CB,駁二AIT,A2棟7號,
楠梓區,房地(土地+建物)+車位,高雄市楠梓區大學南路,12.43,住,,,1150130,土地2建物1車位1,五層,20,住宅大樓(11層含以上有電梯),見其他登記事項,鋼筋混凝土造,,90.0,2,1,1,有,無,11820000,129462,坡道平面,14.92,2100000,,RPRNMLQLKHLGFEE48CB,高大之森2-高大之上,B棟B06-05F號,
楠梓區,房地(土地+建物)+車位,高雄市楠梓區大學西路,17.01,住,,,1150207,土地1建物1車位1,八層,15,住宅大樓(11層含以上有電梯),住家用,鋼筋混凝土造,,112.71,2,2,2,有,無,11450000,115253,坡道平面,27.68,1650000,,RPSNMLQLKHLGFEE58CB,以學MDT,D3棟8號,
楠梓區,房地(土地+建物)+車位,高雄市楠梓區大學西路,16.51,住,,,1150207,土地1建物1車位1,八層,15,住宅大樓(11層含以上有電梯),住家用,鋼筋混凝土造,,112.5,2,2,2,有,無,11420000,115185,坡道平面,27.68,1650000,,RPTNMLQLKHLGFEE68CB,以學MDT,D5棟8號,
鳥松區,房地(土地+建物)+車位,高雄市鳥松區長庚段374-1地號,25.69,住,,,1150207,土地1建物1車位1,六層,7,華廈(10層含以下有電梯),住家用,鋼筋混凝土造,,89.27,2,2,2,有,無,10380000,108035,一樓平面,8.0,1600000,,RPPNMLQLKHLGFIE68CB,文華筑安,A棟5號,
林園區,房地(土地+建物)+車位,高雄市林園區下厝路89巷,33.56,住,,,1150205,土地4建物1車位1,五層,5,華廈(10層含以下有電梯),住家用,鋼骨鋼筋混凝土造,,107.26,2,2,2,有,無,7460000,69011,一樓平面,16.55,1200000,,RPPNMLLJLHLGFLE38CB,捷運101,A棟10號,
仁武區,房地(土地+建物)+車位,高雄市仁武區赤仁路,19.4,住,,,1150209,土地1建物1車位1,十三層,14,住宅大樓(11層含以上有電梯),住家用,鋼筋混凝土造,,123.8,2,2,2,有,無,10500000,102352,坡道平面,35.38,1450000,,RPQNMLMJLHLGFIE28CB,佳鋐雄匯,A2棟13F號,
仁武區,房地(土地+建物)+車位,高雄市仁武區赤仁路,26.07,住,,,1150209,土地1建物1車位1,五層,14,住宅大樓(11層含以上有電梯),住家用,鋼筋混凝土造,,153.24,3,2,2,有,無,12300000,92058,坡道平面,35.38,1450000,,RPRNMLMJLHLGFIE38CB,佳鋐雄匯,A5棟05F號,
仁武區,房地(土地+建物)+車位,高雄市仁武區赤仁路,18.49,住,,,1150209,土地1建物1車位1,二層,13,住宅大樓(11層含以上有電梯),住家用,鋼筋混凝土造,,118.68,2,2,2,有,無,9500000,96541,坡道平面,34.26,1350000,,RPSNMLMJLHLGFIE48CB,佳鋐雄匯,B6棟02F號,
路竹區,房地(土地+建物),高雄市路竹區民有路32-3號後面,22.07,,鄉村區,乙種建築用地,1150210,土地1建物1車位0,二層,11,住宅大樓(11層含以上有電梯),住家用,鋼筋混凝土造,,74.39,2,2,2,有,無,6480000,87108,,0.0,0,,RPPNMLMJLHLGFJE28CB,高路捷,A3棟2號,
路竹區,房地(土地+建物),高雄市路竹區民有路32-3號後面,22.06,,鄉村區,乙種建築用地,1150207,土地1建物1車位0,九層,11,住宅大樓(11層含以上有電梯),住家用,鋼筋混凝土造,,74.31,2,2,2,有,無,6750000,90836,,0.0,0,,RPQNMLMJLHLGFJE38CB,高路捷,A7棟9號,
大寮區,房地(土地+建物)+車位,高雄市大寮區大寮區鳳林三路492號旁及鳳林三路478巷,14.78,住,,,1150210,土地2建物1車位1,六層,14,住宅大樓(11層含以上有電梯),住家用,鋼筋混凝土造,,99.41,2,1,1,有,無,7860000,82923,坡道平面,26.33,1800000,,RPPNMLRJLHLGFLE98CB,上學境,A6棟6號,
