編號,屋齡,建物移轉面積平方公尺,主要用途,主要建材,建築完成日期,總層數,建物分層,移轉情形
The serial number,room age,building shifting area square meter,the main use,main building materials,construction completes the date,total layer,building lamination,
RPSNMLOLKHLGFAG18DA,14,129.29,農舍,鋼筋混凝土造,100年9月9日,三層,一層 二層 三層 陽台,全筆移轉
RPSNMLOLKHLGFAG18DA,14,45.37,農業設施（農業資材室）,鋼筋混凝土造,100年9月15日,一層,一層,全筆移轉
RPVNMLTJKHLGFAG78DA,12,107.86,集合住宅,鋼筋混凝土造,102年10月15日,十三層,九層 陽台 雨遮,全筆移轉
RPVNMLTJKHLGFAG78DA,12,46.96,本共有部分之項目有：停車空間、機電設備、門廳、公共設施、樓梯間等５項,鋼筋混凝土造,102年10月15日,十三層,,持分移轉
RPVNMLTJKHLGFAG78DA,12,14.30,本共有部分之項目有：梯間、機械室、水箱等３項,鋼筋混凝土造,102年10月15日,十三層,,持分移轉
RPQNMLTJLHLGFAG38DA,1,39.36,集合住宅,鋼筋混凝土（ＲＣ）,114年6月16日,五層,四層 陽台,全筆移轉
RPQNMLTJLHLGFAG38DA,1,7.40,本共有部分之項目有停車空間、騎樓、機械室、樓梯間、機電空間、水箱等６項。,鋼筋混凝土（ＲＣ）,114年6月16日,五層,,持分移轉
RPQNMLTJLHLGFAG38DA,1,5.38,本共有部分之項目有樓梯間１項。,鋼筋混凝土（ＲＣ）,114年6月16日,五層,,持分移轉
RPVOMLPLKHLGFAG68DA,,57.19,住家用,鋼筋混凝土造,114年11月17日,五層,二層 陽台,全筆移轉
RPVOMLPLKHLGFAG68DA,,12.08,共有部份,鋼筋混凝土造,114年11月17日,五層,,持分移轉
RPVOMLPLKHLGFAG68DA,,17.43,共有部份,鋼筋混凝土造,114年11月17日,五層,,持分移轉
RPQNMLMJLHLGFBG77DA,29,10.42,共有部份,鋼筋混凝土造,85年10月14日,十層,,持分移轉
RPQNMLMJLHLGFBG77DA,29,7.07,共有部份,鋼筋混凝土造,85年10月14日,十層,,持分移轉
RPQNMLMJLHLGFBG77DA,29,39.28,住家用,鋼筋混凝土造,85年10月14日,十層,八層 陽台,全筆移轉
RPUNMLTJKHLGFBG78DA,43,45.32,商業用,鋼筋混凝土造,71年10月30日,八層,三層 陽台,全筆移轉
RPUNMLTJKHLGFBG78DA,43,6.91,共有部份,鋼筋混凝土造,71年10月30日,八層,,持分移轉
RPTOMLNJLHLGFBG28DA,33,30.27,住家用,鋼筋混凝土造,82年7月8日,七層,五層 陽台,全筆移轉
RPTOMLNJLHLGFBG28DA,33,14.89,共有部份,鋼筋混凝土造,82年7月8日,七層,,持分移轉
RPRNMLPLKHLGFBG28DA,33,35.06,住家用,鋼筋混凝土造,82年7月8日,七層,七層 陽台,全筆移轉
RPRNMLPLKHLGFBG28DA,33,17.55,共有部份,鋼筋混凝土造,82年7月8日,七層,,持分移轉
RPUOMLNJLHLGFBG38DA,43,29.63,商業用,鋼筋混凝土造,71年10月1日,九層,八層 陽台,全筆移轉
RPUOMLNJLHLGFBG38DA,43,7.36,共有部份,鋼筋混凝土造,71年10月1日,九層,,持分移轉
RPUOMLNLKHLGFBG48DA,42,12.13,共有部份,鋼筋混凝土造,72年10月7日,五層,,持分移轉
RPUOMLNLKHLGFBG48DA,42,73.99,住家用,鋼筋混凝土造,72年10月7日,五層,三層 陽台,全筆移轉
RPPNMLPJKHLGFBG87DA,32,107.56,住家用,鋼筋混凝土造,83年5月24日,七層,五層 陽台,全筆移轉
RPPNMLPJKHLGFBG87DA,32,48.47,共有部份,鋼筋混凝土造,83年5月24日,七層,,持分移轉
RPPNMLPJKHLGFBG87DA,32,1.22,共有部份,鋼筋混凝土造,83年5月24日,七層,,持分移轉
RPTNMLPJLHLGFBG38DA,32,96.51,辦公室﹒住宅,鋼筋混凝土造,83年4月14日,十二層,十二層 陽台,全筆移轉
RPTNMLPJLHLGFBG38DA,32,24.50,共有部份,鋼筋混凝土造,83年4月14日,十二層,,持分移轉
RPUNMLQJLHLGFBG58DA,47,94.72,住家用,鋼筋混凝土加強磚造,68年3月5日,二層,一層 二層,全筆移轉
RPUNMLPJLHLGFBG48DA,29,4.25,共有部份,鋼筋混凝土造,85年10月14日,十層,,持分移轉
RPUNMLPJLHLGFBG48DA,29,23.83,共有部份,鋼筋混凝土造,85年10月14日,十層,,持分移轉
RPUNMLPJLHLGFBG48DA,29,72.17,住家用,鋼筋混凝土造,85年10月14日,十層,十層 陽台,全筆移轉
RPPOMLNKJHLGFAG67DA,31,11.88,共同使用（受電室．梯間．防空避難室）,鋼筋混凝土造,84年3月7日,九層,,持分移轉
RPPOMLNKJHLGFAG67DA,31,2.41,共同使用（走道）,鋼筋混凝土造,84年3月7日,九層,,持分移轉
RPPOMLNKJHLGFAG67DA,31,34.41,鄉村住宅,鋼筋混凝土造,84年3月7日,九層,六層 陽台,全筆移轉
RPPQMLOJLHLGFBG18DA,27,39.80,住家用,鋼筋混凝土造,87年11月2日,九層,五層 陽台,全筆移轉
RPRNMLTJLHLGFBG58DA,44,88.45,住家用,鋼筋混凝土造,71年2月27日,五層,四層 陽台,全筆移轉
RPPQMLOJLHLGFBG18DA,27,14.79,共有部份,鋼筋混凝土造,87年11月2日,九層,,持分移轉
RPRNMLTJLHLGFBG58DA,44,6.24,共有部份,鋼筋混凝土造,71年2月27日,五層,,持分移轉
RPPQMLOJLHLGFBG18DA,27,6.96,共有部份,鋼筋混凝土造,87年11月2日,九層,,持分移轉
RPRNMLTJLHLGFBG58DA,44,6.73,共有部份,鋼筋混凝土造,71年2月27日,五層,,持分移轉
RPQPMLNKJHLGFAG87DA,11,206.62,住家用,ＲＣ造,103年12月10日,三層,一層 二層 三層 陽台,全筆移轉
RPTNMLPKJHLGFBG28DA,11,74.13,農舍,鋼骨造,103年12月24日,一層,一層,全筆移轉
RPPNMLPKJHLGFBG87DA,30,33.24,住家用,鋼筋混凝土造,85年3月18日,十二層,八層 陽台,全筆移轉
RPPNMLPKJHLGFBG87DA,30,12.32,共有部份,鋼筋混凝土造,85年3月18日,十二層,,持分移轉
RPPNMLPKJHLGFBG87DA,30,1.79,共有部份,鋼筋混凝土造,85年3月18日,十二層,,持分移轉
RPPNMLQKJHLGFAG87DA,4,255.49,農舍,鋼筋混凝土造,111年6月22日,四層,一層 二層 三層 陽台 屋頂突出物 地下一層,全筆移轉
RPRNMLPJLHLGFBG28EA,17,43.48,辦公室,鋼筋混凝土造,97年12月31日,十三層,三層 見其他登記事項,全筆移轉
RPRNMLPJLHLGFBG28EA,17,11.99,共有部份,鋼筋混凝土造,97年12月31日,十三層,,持分移轉
RPRNMLPJLHLGFBG28EA,17,3.54,共有部份,鋼筋混凝土造,97年12月31日,十三層,,持分移轉
RPRNMLPJLHLGFBG28EA,17,9.71,共有部份,鋼筋混凝土造,97年12月31日,十三層,,持分移轉
RPQNMLPJLHLGFBG18EA,32,36.34,住家用,鋼筋混凝土造,82年10月19日,七層,二層 陽台,全筆移轉
RPQNMLPJLHLGFBG18EA,32,10.76,共有部份,鋼筋混凝土造,82年10月19日,七層,,持分移轉
RPSNMLQKJHLGFBG28DA,30,23.30,住家用,鋼筋混凝土造,84年7月15日,八層,二層 陽台,全筆移轉
RPSNMLQKJHLGFBG28DA,30,3.37,共有部份,鋼筋混凝土造,84年7月15日,八層,,持分移轉
RPSNMLQKJHLGFBG28DA,30,5.40,共有部份,鋼筋混凝土造,84年7月15日,八層,,持分移轉
RPQNMLQKJHLGFBG08DA,4,219.18,停車空間、住宅、樓梯間,鋼筋混凝土造,110年9月11日,四層,一層 二層 三層 四層 陽台 見其他登記事項,全筆移轉
RPSOMLPKJHLGFBG28DA,2,43.86,集合住宅,鋼筋混凝土造,113年6月24日,五層,五層 陽台,全筆移轉
RPSOMLPKJHLGFBG28DA,2,24.62,本共有部分之項目有：停車空間、樓梯間、電梯間等３項,鋼筋混凝土造,113年6月24日,五層,,持分移轉
RPUOMLPKJHLGFBG48DA,31,29.78,共有部份,鋼筋混凝土造,83年12月17日,八層,,持分移轉
RPUOMLPKJHLGFBG48DA,31,49.89,住家用,鋼筋混凝土造,83年12月17日,八層,八層 陽台,全筆移轉
RPRNMLOKJHLGFBG97DA,27,59.42,住家用,鋼筋混凝土造,87年8月12日,九層,二層 陽台,全筆移轉
RPRNMLOKJHLGFBG97DA,27,21.61,共有部份,鋼筋混凝土造,87年8月12日,九層,,持分移轉
RPRNMLOKJHLGFBG97DA,27,11.81,共有部份,鋼筋混凝土造,87年8月12日,九層,,持分移轉
RPOPMLMKJHLGFBG67DA,30,42.88,住家用,鋼筋混凝土造,85年3月18日,十二層,十層,全筆移轉
RPOPMLMKJHLGFBG67DA,30,8.80,共有部份,鋼筋混凝土造,85年3月18日,十二層,,持分移轉
RPOPMLMKJHLGFBG67DA,30,1.79,共有部份,鋼筋混凝土造,85年3月18日,十二層,,持分移轉
RPQNMLOKJHLGFBG87DA,12,170.09,住宅、樓梯間,鋼筋混凝土造,102年9月5日,三層,一層 二層 三層 陽台 見其他登記事項,全筆移轉
RPPNMLNLJHLGFBG87EA,2,34.81,集合住宅,鋼筋混凝土造,113年1月10日,十一層,七層 陽台,全筆移轉
RPPNMLNLJHLGFBG87EA,2,32.25,本共有部分之項目有：停車空間、梯廳、管委會空間、機房、屋頂水箱等５項,鋼筋混凝土造,113年1月10日,十一層,,持分移轉
RPVNMLMLJHLGFBG28DA,32,10.13,共有部份,鋼筋混凝土造,82年12月31日,七層,,持分移轉
RPVNMLMLJHLGFBG28DA,32,13.31,共有部份,鋼筋混凝土造,82年12月31日,七層,,持分移轉
RPVNMLMLJHLGFBG28DA,32,91.25,住家用,鋼筋混凝土造,82年12月31日,七層,七層 陽台,全筆移轉
RPPNMLSLJHLGFBG38EA,43,29.63,商業用,鋼筋混凝土造,71年10月1日,九層,六層 陽台,全筆移轉
RPPNMLSLJHLGFBG38EA,43,7.36,共有部份,鋼筋混凝土造,71年10月1日,九層,,持分移轉
RPPNMLKLJHLGFBG47DA,17,31.82,辦公室,鋼筋混凝土造,97年12月31日,十三層,七層 見其他登記事項,全筆移轉
RPPNMLKLJHLGFBG47DA,17,18.95,共有部份,鋼筋混凝土造,97年12月31日,十三層,,持分移轉
RPPNMLKLJHLGFBG47DA,17,5.35,共有部份,鋼筋混凝土造,97年12月31日,十三層,,持分移轉
RPRNMLKLJHLGFBG67DA,32,35.32,住家用,鋼筋混凝土造,82年11月11日,七層,四層 陽台,全筆移轉
RPRNMLKLJHLGFBG67DA,32,16.01,共有部份,鋼筋混凝土造,82年11月11日,七層,,持分移轉
RPPNMLPJJHLGFAG67DA,29,64.39,住家用,鋼筋混凝土造,85年10月3日,十二層,六層 陽台,全筆移轉
RPPNMLPJJHLGFAG67DA,29,12.86,停車場、法定防空避難室、機車停車場、私設防空避難室﹙共同使用部份﹚,鋼筋混凝土造,85年10月3日,十二層,,持分移轉
RPPNMLPJJHLGFAG67DA,29,8.71,通道、梯間﹙共同使用部份﹚,鋼筋混凝土造,85年10月3日,十二層,,持分移轉
RPTNMLQJJHLGFAG18DA,31,47.14,住家用,鋼筋混凝土造,83年8月4日,十層,七層 雨遮,全筆移轉
RPTNMLQJJHLGFAG18DA,31,7.98,共同使用部份﹙梯間﹚,鋼筋混凝土造,83年8月4日,十層,,持分移轉
RPTNMLQJJHLGFAG18DA,31,2.19,共同使用部份﹙梯間﹚,鋼筋混凝土造,83年8月4日,十層,,持分移轉
RPTNMLQJJHLGFAG18DA,31,1.30,共同使用部份﹙通道樓梯等﹚,鋼筋混凝土造,83年8月4日,十層,,持分移轉
RPPNMLMLJHLGFAG57DA,27,36.94,住家用,鋼筋混凝土造,88年2月3日,六層,二層 陽台,全筆移轉
RPPNMLMLJHLGFAG57DA,27,4.52,防空避難室．停車空間,鋼筋混凝土造,88年2月3日,六層,,持分移轉
RPPNMLMLJHLGFAG57DA,27,8.15,梯間．通道,鋼筋混凝土造,88年2月3日,六層,,持分移轉
RPPNMLPLJHLGFAG87DA,42,152.44,住家用,鋼筋混凝土加強磚造,72年8月3日,二層,一層 二層 騎樓,全筆移轉
RPTNMLQLJHLGFAG38DA,,211.06,農舍,鋼筋混凝土（ＲＣ）,114年11月4日,三層,一層 二層 三層 見其他登記事項,全筆移轉
RPTNMLQLJHLGFAG38DA,,50.54,農產品加工室,鋼筋混凝土（ＲＣ）,114年11月4日,一層,一層,全筆移轉
RPPNMLOKJHLGFBG77DA,32,5.68,共有部份,鋼筋混凝土造,82年10月30日,八層,,持分移轉
RPPNMLOKJHLGFBG77DA,32,12.86,共有部份,鋼筋混凝土造,82年10月30日,八層,,持分移轉
RPPNMLOKJHLGFBG77DA,32,29.51,住家用,鋼筋混凝土造,82年10月30日,八層,八層,全筆移轉
RPQNMLPLJHLGFAG97DA,45,99.00,住家用,鋼筋混凝土加強磚造,70年5月20日,二層,一層 二層,全筆移轉
RPWNMLQKJHLGFBG68DA,5,103.37,集合住宅,鋼筋混凝土造,110年3月30日,十八層,九層 陽台,全筆移轉
RPWNMLQKJHLGFBG68DA,5,57.44,本共有部分之項目有：停車空間、電梯間、安全梯、水箱、機械機房、消防機房、排風機房、防空避難室兼停車空間、電信室、泳池機房、景觀機房、台電配電室、發電機室、防災中心、公共服務空間、垃圾儲藏空間等１６項,鋼筋混凝土造,110年3月30日,十八層,,持分移轉
RPWNMLQKJHLGFBG68DA,5,23.85,本共有部分之項目有：樓梯間、梯廳、消防中繼機械室、水錶區、水箱、機械室等６項,鋼筋混凝土造,110年3月30日,十八層,,持分移轉
RPPOMLQLJHLGFBG18DA,48,81.00,住家用,鋼筋混凝土加強磚造,67年4月24日,二層,一層 二層,全筆移轉
RPQPMLLLJHLGFBG87DA,29,8.88,共有部份,鋼筋混凝土造,85年10月14日,十層,,持分移轉
RPQPMLLLJHLGFBG87DA,29,8.43,共有部份,鋼筋混凝土造,85年10月14日,十層,,持分移轉
RPROMLQLJHLGFBG38DA,4,100.30,集合住宅,鋼筋混凝土造,111年5月27日,四層,二層 陽台,全筆移轉
RPQPMLLLJHLGFBG87DA,29,34.50,住家用,鋼筋混凝土造,85年10月14日,十層,五層 陽台,全筆移轉
RPROMLQLJHLGFBG38DA,4,1.11,本共有部分之項目有：機電設備、水塔等２項,鋼筋混凝土造,111年5月27日,一層,,持分移轉
RPROMLQLJHLGFBG38DA,4,6.61,本共有部分之項目有：電梯、梯間等２項,鋼筋混凝土造,111年5月27日,四層,,持分移轉
RPPNMLLLJHLGFBG57DA,9,42.89,一般事務所,鋼筋混凝土造,106年6月28日,十一層,八層 陽台 雨遮,全筆移轉
RPPNMLLLJHLGFBG57DA,9,35.75,本共有部分項目：防空避難室停車空間、梯廳、電梯、安全梯、門廳、管委會使用空間、電梯間、機房、水箱、外廊、陽台。,鋼筋混凝土造,106年6月28日,十一層,,持分移轉
RPPNMLLLJHLGFBG57DA,9,7.01,本共有部分項目：梯廳。,鋼筋混凝土造,106年6月28日,十一層,,持分移轉
RPWNMLQLJHLGFBG78DA,20,18.34,住家用,鋼筋混凝土造,94年9月14日,六層,三層,全筆移轉
RPWNMLQLJHLGFBG78DA,20,12.10,共有部份,鋼筋混凝土造,94年9月14日,六層,,持分移轉
RPSPMLRLJHLGFBG68DA,46,66.35,住家用,鋼筋混凝土造,68年8月30日,三層,二層,全筆移轉
RPVNMLSLJHLGFAG78DA,47,58.04,住家用,加強磚造、木石磚造（磚石造）,68年5月14日,一層,一層,全筆移轉
RPPNMLLJJHLGFBG37DA,49,86.42,住家用,鋼筋混凝土加強磚造,66年5月20日,二層,一層 二層,全筆移轉
RPQOMLTLJHLGFAG48DA,29,99.18,鄉村住宅,鋼筋混凝土造,86年4月8日,二層,一層 二層 陽台 平台,全筆移轉
RPSOMLQLJHLGFAG38DA,29,94.59,住家用,鋼筋混凝土造,85年10月3日,十二層,二層,全筆移轉
RPSOMLQLJHLGFAG38DA,29,18.90,停車場、法定防空避難室、機車停車場、私設防空避難室﹙共同使用部份﹚,鋼筋混凝土造,85年10月3日,十二層,,持分移轉
RPSOMLQLJHLGFAG38DA,29,14.80,通道、梯間﹙共同使用部份﹚,鋼筋混凝土造,85年10月3日,十二層,,持分移轉
RPTOMLQLJHLGFBG58DA,17,35.82,辦公室,鋼筋混凝土造,97年12月31日,十三層,十二層 見其他登記事項,全筆移轉
RPTOMLQLJHLGFBG58DA,17,19.25,共有部份,鋼筋混凝土造,97年12月31日,十三層,,持分移轉
RPTOMLQLJHLGFBG58DA,17,3.45,共有部份,鋼筋混凝土造,97年12月31日,十三層,,持分移轉
RPTOMLQLJHLGFBG58DA,17,7.97,共有部份,鋼筋混凝土造,97年12月31日,十三層,,持分移轉
RPQNMLKMJHLGFBG67DA,35,104.85,住家用,鋼筋混凝土加強磚造,79年8月27日,二層,一層 二層 見其他登記事項,全筆移轉
RPWNMLSLJHLGFBG98DA,43,.02,樓梯間,鋼筋混凝土造,72年5月11日,五層,,持分移轉
RPWNMLSLJHLGFBG98DA,43,.27,住家用,鋼筋混凝土造,72年5月11日,一層,一層 陽台,持分移轉
RPWNMLSLJHLGFBG98DA,42,5.04,共有部份,鋼筋混凝土造,73年5月11日,五層,,持分移轉
RPWNMLSLJHLGFBG98DA,43,85.23,住家用,鋼筋混凝土造,72年5月11日,五層,五層 陽台,全筆移轉
RPPNMLOJKHLGFAG77EA,18,16.82,共同使用（停車空間．梯間）,鋼筋混凝土造,97年3月7日,四層,,持分移轉
RPPNMLOJKHLGFAG77EA,18,3.43,共同使用（通道）,鋼筋混凝土造,97年3月7日,四層,,持分移轉
RPPNMLOJKHLGFAG77EA,18,29.00,住家用,鋼筋混凝土造,97年3月7日,四層,四層 陽台,全筆移轉
RPQNMLMJKHLGFAG67EA,31,10.79,共同使用（受電室．梯間．防空避難室）,鋼筋混凝土造,84年3月7日,九層,,持分移轉
RPQNMLMJKHLGFAG67EA,31,2.38,共同使用（走道）,鋼筋混凝土造,84年3月7日,九層,,持分移轉
RPQNMLMJKHLGFAG67EA,31,30.96,鄉村住宅,鋼筋混凝土造,84年3月7日,九層,七層 陽台,全筆移轉
RPQNMLKMJHLGFAG57DA,6,83.84,集合住宅,鋼筋混凝土造,108年8月27日,四層,二層 陽台,全筆移轉
RPQNMLKMJHLGFAG57DA,6,45.53,共有部份,鋼筋混凝土造,108年8月27日,四層,,持分移轉
RPQNMLKLJHLGFAG47DA,12,211.49,住家用,鋼筋混凝土造,103年6月23日,三層,一層 二層 三層 見其他登記事項,全筆移轉
RPQPMLNLJHLGFBG08DA,9,42.96,集合住宅,鋼筋混凝土造,105年11月8日,十三層,十二層 陽台,全筆移轉
RPQPMLNLJHLGFBG08DA,9,32.25,本共有部分之項目有：停車空間、頂蓋型廣場式開放空間、公共服務空間、ＫＴＶ室、棋牌室、樓梯間、水錶區、水箱,鋼筋混凝土造,105年11月8日,十三層,,持分移轉
RPPNMLMJKHLGFAG47DA,32,173.28,住家用,鋼筋混凝土造,83年2月28日,四層,一層 二層 三層 四層 陽台 電梯樓梯間,全筆移轉
RPQNMLMJKHLGFAG57DA,33,5.78,共同使用部份﹙梯間﹚,鋼筋混凝土造,82年1月19日,七層,,持分移轉
RPQNMLMJKHLGFAG57DA,33,28.88,住家用,鋼筋混凝土造,82年1月19日,七層,六層 陽台,全筆移轉
RPQNMLMJKHLGFAG57DA,33,5.34,共同使用部份,鋼筋混凝土造,82年1月19日,七層,,持分移轉
RPTOMLMJKHLGFBG08DA,59,59.31,住家用,木石磚造（磚石造）,56年7月1日,一層,一層 騎樓 見其他登記事項,全筆移轉
RPUOMLMJKHLGFBG18DA,14,44.21,辦公室,鋼筋混凝土造,101年1月20日,十層,九層 陽台 雨遮,全筆移轉
RPUOMLMJKHLGFBG18DA,14,27.11,本共有部分之項目有梯廳、管委會空間、停車空間、梯間、機械室、水箱、電梯走廊、門廊、安全梯、公共管道、陽台、雨遮等１２項。,鋼筋混凝土造,101年1月20日,十層,,持分移轉
RPQNMLTLJHLGFBG48DA,44,116.70,住家用,鋼筋混凝土加強磚造,71年6月8日,二層,一層 二層 騎樓,全筆移轉
RPXNMLMJKHLGFBG38DA,44,91.30,住家用,鋼筋混凝土造,71年2月27日,五層,二層,全筆移轉
RPXNMLMJKHLGFBG38DA,44,7.05,共有部份,鋼筋混凝土造,71年2月27日,五層,,持分移轉
RPXNMLMJKHLGFBG38DA,44,6.73,共有部份,鋼筋混凝土造,71年2月27日,五層,,持分移轉
RPVOMLMJKHLGFBG28DA,6,57.92,集合住宅,鋼筋混凝土造,109年4月6日,四層,二層 陽台 雨遮,全筆移轉
RPVOMLMJKHLGFBG28DA,6,35.72,本共有部分之項目有：停車空間、樓梯間、機械室等３項,鋼筋混凝土造,109年4月6日,四層,,持分移轉
RPPOMLNJKHLGFBG77DA,14,40.47,住家用,鋼筋混凝土造,100年9月19日,十三層,三層 雨遮,全筆移轉
RPPOMLNJKHLGFBG77DA,14,25.46,本共有部分之項目有停車空間、廢水池、發電機室、消防泵浦室、台電配電室、電信機房、樓梯間、電梯間、水箱、消防水箱、機械室等１１項。,鋼筋混凝土造,100年9月19日,十三層,,持分移轉
RPPOMLNJKHLGFBG77DA,14,5.90,本共有部分之項目有梯廳１項。,鋼筋混凝土造,100年9月19日,十三層,,持分移轉
RPRQMLNJKHLGFAG08DA,12,122.70,住家用,鋼筋混凝土造,102年12月30日,三層,一層 二層 三層,全筆移轉
RPSQMLNJKHLGFAG18DA,1,90.97,住家用,鋼筋混凝土造,114年5月7日,二層,一層 二層 陽台,全筆移轉
RPUQMLNJKHLGFAG38DA,29,53.54,鄉村住宅,鋼筋混凝土造,85年8月30日,五層,五層 陽台,全筆移轉
RPUQMLNJKHLGFAG38DA,29,6.78,梯間．共同使用部份,鋼筋混凝土造,85年8月30日,五層,,持分移轉
RPUQMLNJKHLGFAG38DA,29,1.56,停車場、共同使用部份,鋼筋混凝土造,85年8月30日,五層,,持分移轉
RPQNMLPJKHLGFAG97EA,32,231.03,鄉村住宅,鋼筋混凝土造,83年2月4日,三層,一層 二層 三層 陽台 見其他登記事項,全筆移轉
RPTNMLNLJHLGFBG18DA,12,25.86,集合住宅,鋼筋混凝土造,103年7月1日,六層,三層 陽台,全筆移轉
RPTNMLNLJHLGFBG18DA,12,4.75,本件共有部分之項目：為門廊等１項,鋼筋混凝土造,103年7月1日,六層,,持分移轉
RPTNMLNLJHLGFBG18DA,12,12.83,本件共有部分之項目：為停車空間、電梯間、電梯機房、樓梯間、水箱等５項,鋼筋混凝土造,103年7月1日,六層,,持分移轉
RPWQMLNJKHLGFAG58DA,1,65.94,集合住宅,鋼筋混凝土（ＲＣ）,114年6月16日,五層,五層 陽台,全筆移轉
RPWQMLNJKHLGFAG58DA,1,12.34,本共有部分之項目有停車空間、騎樓、機械室、樓梯間、機電空間、水箱等６項。,鋼筋混凝土（ＲＣ）,114年6月16日,五層,,持分移轉
RPWQMLNJKHLGFAG58DA,1,9.01,本共有部分之項目有樓梯間１項。,鋼筋混凝土（ＲＣ）,114年6月16日,五層,,持分移轉
RPORMLNJKHLGFAG87DA,31,108.21,住家用,鋼筋混凝土造,83年12月27日,六層,六層 陽台,全筆移轉
RPORMLNJKHLGFAG87DA,31,17.72,防空避難室兼停車場,鋼筋混凝土造,83年12月27日,六層,,持分移轉
RPORMLNJKHLGFAG87DA,31,32.71,防空避難室兼停車場,鋼筋混凝土造,83年12月27日,六層,,持分移轉
RPVNMLTLJHLGFBG98DA,46,126.90,住家用,鋼筋混凝土加強磚造,68年11月8日,二層,一層 二層,全筆移轉
RPPRMLNJKHLGFAG97DA,43,81.07,住家用,鋼筋混凝土造,72年5月19日,五層,五層,全筆移轉
RPQQMLNJKHLGFAG97DA,,77.89,集合住宅,鋼筋混凝土造,114年7月25日,四層,三層 陽台,全筆移轉
RPQQMLNJKHLGFAG97DA,,41.01,本共有部分之項目有停車空間、樓梯間等２項,鋼筋混凝土造,114年7月25日,四層,,持分移轉
RPQNMLTJKHLGFBG48EA,45,108.24,住家用,鋼筋混凝土加強磚造,70年3月3日,二層,一層 二層,全筆移轉
SPPNMLQJKHLGFAG08EA,33,35.38,住家用,鋼筋混凝土造,82年5月15日,四層,一層 二層 三層 四層 陽台 騎樓,持分移轉
RPQNMLTJKHLGFBG38DA,,362.07,農舍,鋼筋混凝土造,114年11月14日,三層,一層 二層 三層 陽台,全筆移轉
RPWNMLTJKHLGFBG98DA,30,21.28,住家用,鋼筋混凝土造,85年2月26日,五層,三層 陽台,全筆移轉
RPWNMLTJKHLGFBG98DA,30,5.69,共有部份,鋼筋混凝土造,85年2月26日,五層,,持分移轉
RPXNMLTJKHLGFBG09DA,39,5.96,共有部份,鋼筋混凝土造,76年3月5日,五層,,持分移轉
RPXNMLTJKHLGFBG09DA,39,82.78,住家用,鋼筋混凝土造,76年3月5日,五層,二層 陽台,全筆移轉
RPVNMLTJKHLGFBG88DA,33,35.64,住家用,鋼筋混凝土造,82年7月8日,七層,四層 陽台,全筆移轉
RPVNMLTJKHLGFBG88DA,33,17.55,共有部份,鋼筋混凝土造,82年7月8日,七層,,持分移轉
RPRNMLOJKHLGFBG97DA,32,10.42,共有部份,鋼筋混凝土造,82年12月31日,七層,,持分移轉
RPRNMLOJKHLGFBG97DA,32,15.30,共有部份,鋼筋混凝土造,82年12月31日,七層,,持分移轉
RPRNMLOJKHLGFBG97DA,32,93.88,住家用,鋼筋混凝土造,82年12月31日,七層,四層 陽台,全筆移轉
RPPNMLKKKHLGFAG47EA,50,28.23,住家用,鋼筋混凝土加強磚造,64年10月14日,三層,三層,全筆移轉
RPPNMLKKKHLGFAG47EA,50,28.89,住家用,鋼筋混凝土加強磚造,64年10月14日,三層,三層,全筆移轉
RPPOMLTJKHLGFBG38DA,48,104.52,住家用,鋼筋混凝土加強磚造,66年9月13日,二層,一層 二層,全筆移轉
RPTNMLPJKHLGFAG18DA,,393.09,農舍、水箱、機房,鋼筋混凝土造,114年8月20日,三層,一層 二層 三層 見其他登記事項,全筆移轉
RPPNMLLKKHLGFBG57DA,16,58.87,辦公室,鋼筋混凝土造,99年4月29日,九層,七層 陽台,全筆移轉
RPPNMLLKKHLGFBG57DA,16,40.49,本共有部分之項目有電梯間、水箱、機房、防空避難室兼停車空間、走道、陽台、裝飾牆、管理委員會使用空間、停車空間等九項,鋼筋混凝土造,99年4月29日,九層,,持分移轉
RPXNMLQLJHLGFAG78DA,45,108.62,住家用,鋼筋混凝土加強磚造,69年7月12日,二層,一層 二層 騎樓,全筆移轉
RPVNMLRLJHLGFAG68DA,4,44.71,集合住宅,鋼筋混凝土造,110年9月17日,五層,三層 陽台,全筆移轉
RPVNMLRLJHLGFAG68DA,4,12.05,本共有部分之項目有樓梯間、機械室及儲水槽等３項。,鋼筋混凝土造,110年9月17日,五層,,持分移轉
RPVNMLRLJHLGFAG68DA,4,6.86,本共有部分之項目有機電空間、停車空間等２項。,鋼筋混凝土造,110年9月17日,五層,,持分移轉
RPOOMLNJKHLGFBG67DA,33,35.40,住家用,鋼筋混凝土造,82年6月16日,七層,三層 陽台,全筆移轉
RPOOMLNJKHLGFBG67DA,33,12.77,共有部份,鋼筋混凝土造,82年6月16日,七層,,持分移轉
RPSOMLRLJHLGFBG58DA,,57.76,集合住宅,鋼筋混凝土造,114年10月16日,四層,四層 陽台,全筆移轉
RPSOMLRLJHLGFBG58DA,,34.61,本共有部分之項目有：停車空間、梯間等２項。,鋼筋混凝土造,114年10月16日,四層,,持分移轉
RPUNMLKKKHLGFAG87DA,3,48.83,集合住宅,鋼筋混凝土（ＲＣ）,112年6月8日,四層,三層 陽台,全筆移轉
RPUNMLKKKHLGFAG87DA,3,12.62,本共有部分之項目有機電室、電信室、停車空間、樓梯間等４項。,鋼筋混凝土（ＲＣ）,112年6月8日,四層,,持分移轉
RPPNMLLKKHLGFAG57EA,44,332.16,農舍,鋼筋混凝土加強磚造,71年3月10日,二層,一層 二層,全筆移轉
RPUOMLNKJHLGFAG18DA,3,45.38,集合住宅,鋼筋混凝土造,112年5月5日,五層,三層 陽台,全筆移轉
RPUOMLNKJHLGFAG18DA,3,7.09,本共有部分之項目有停車空間、機電空間等２項。,鋼筋混凝土造,112年5月5日,五層,,持分移轉
RPUOMLNKJHLGFAG18DA,3,13.21,本共有部分之項目有樓梯間、機械室及儲水槽等３項。,鋼筋混凝土造,112年5月5日,五層,,持分移轉
RPVOMLLKKHLGFAG18DA,52,95.36,住家用,鋼筋混凝土加強磚造,62年12月15日,二層,一層 二層,全筆移轉
RPOQMLQJKHLGFAG08DA,30,101.91,住家用,鋼筋混凝土造,85年2月10日,六層,五層 陽台,全筆移轉
RPPNMLSJKHLGFBG18DA,29,201.67,住家用,鋼筋混凝土加強磚造,86年5月22日,三層,一層 二層 三層 陽台 平台,全筆移轉
RPOQMLQJKHLGFAG08DA,30,31.58,停車場,鋼筋混凝土造,85年2月10日,六層,,持分移轉
RPOQMLQJKHLGFAG08DA,30,16.69,梯間、通道、共同使用部份,鋼筋混凝土造,85年2月10日,六層,,持分移轉
RPQNMLMKKHLGFAG67DA,,507.10,農舍、樓梯間,鋼筋混凝土造（ＲＣ）,114年11月8日,三層,一層 二層 三層 陽台 見其他登記事項,全筆移轉
RPSOMLLKKHLGFAG87DA,38,85.72,住家用,鋼筋混凝土造,77年5月18日,五層,四層,全筆移轉
RPSOMLLKKHLGFAG87DA,38,12.36,防空避難室、屋頂突出物,鋼筋混凝土造,77年5月18日,五層,,持分移轉
RPOOMLQJKHLGFBG97DA,4,68.41,集合住宅,鋼筋混凝土造,111年3月10日,十四層,五層 陽台,全筆移轉
RPOOMLQJKHLGFBG97DA,4,57.21,本共有部分之項目有：停車空間、車道、安全梯、昇降設備、梯廳、消防機房、雨水機房、水箱、防空避難室兼停車空間、台電配電場所、受電箱區、發電機室、電信室、管委會使用空間、戶外安全梯、垃圾處理空間、機械式、屋頂平台等１８項。,鋼筋混凝土造,111年3月10日,十四層,,持分移轉
RPOPMLNLJHLGFBG87DA,30,67.94,住家用,鋼筋混凝土造,84年9月18日,六層,四層 陽台 夾層,全筆移轉
RPOPMLNLJHLGFBG87DA,30,9.93,共有部份,鋼筋混凝土造,84年9月18日,六層,,持分移轉
RPOPMLNLJHLGFBG87DA,30,14.95,共有部份,鋼筋混凝土造,84年9月18日,六層,,持分移轉
RPQNMLQJKHLGFBG08DA,31,55.72,辦公室,鋼筋混凝土造,83年8月20日,十二層,七層 陽台,全筆移轉
RPQNMLQJKHLGFBG08DA,31,12.23,共有部份,鋼筋混凝土造,83年8月20日,十二層,,持分移轉
RPRNMLNLKHLGFAG97DA,41,110.32,住家用,鋼筋混凝土造,74年4月8日,四層,一層 平台,全筆移轉
RPRNMLNLKHLGFAG97DA,41,22.04,樓梯間共同使用部份,鋼筋混凝土造,74年4月8日,四層,,持分移轉
RPTNMLOLKHLGFAG28DA,46,85.50,住家用,鋼筋混凝土加強磚造,69年2月11日,二層,一層 二層,全筆移轉
RPTNMLSLJHLGFAG58DA,28,45.80,住家用,鋼筋混凝土造,86年8月19日,五層,五層 陽台,全筆移轉
RPTNMLSLJHLGFAG58DA,28,6.28,共同使用部份．鄉村住宅,鋼筋混凝土造,86年8月19日,五層,,持分移轉
RPQNMLNLKHLGFAG87DA,44,96.58,住家用,鋼筋混凝土加強磚造,71年6月30日,二層,一層 二層,全筆移轉
RPVOMLOJKHLGFBG48DA,49,162.28,住商用,鋼筋混凝土加強磚造,66年1月12日,三層,一層 二層 三層 騎樓 見其他登記事項,全筆移轉
RPPNMLPLKHLGFAG97DA,50,184.47,住家用,鋼筋混凝土加強磚造,64年11月17日,三層,一層 二層 三層 騎樓,全筆移轉
RPTNMLMKKHLGFAG97DA,32,85.64,住家用,鋼筋混凝土造,82年11月5日,六層,三層 陽台,全筆移轉
RPTNMLMKKHLGFAG97DA,32,10.70,梯間、通道、受電室、水箱,鋼筋混凝土造,82年11月5日,六層,,持分移轉
RPURMLOJKHLGFAG58DA,49,71.85,住家用,鋼筋混凝土造,66年3月12日,四層,三層,全筆移轉
RPTOMLQJKHLGFBG48DA,44,85.35,住家用,鋼筋混凝土造,71年2月27日,五層,二層,全筆移轉
RPTOMLQJKHLGFBG48DA,44,8.06,共有部份,鋼筋混凝土造,71年2月27日,五層,,持分移轉
RPTOMLQJKHLGFBG48DA,44,13.26,共有部份,鋼筋混凝土造,71年2月27日,五層,,持分移轉
RPPNMLRKKHLGFBG18DA,,44.28,農糧產品加工室（農糧產品加工所需之相關設施）,鋼鐵造,114年9月2日,一層,一層,全筆移轉
RPTOMLNLKHLGFBG38DA,5,66.97,集合住宅,鋼筋混凝土造,109年9月1日,四層,一層 陽台,全筆移轉
RPTOMLNLKHLGFBG38DA,5,.63,本共有部分之項目有機電設備等１項,鋼筋混凝土造,109年9月1日,四層,,持分移轉
RPTOMLNLKHLGFBG38DA,5,10.84,本共有部分之項目有梯間、電梯、及陽台等３項,鋼筋混凝土造,109年9月1日,四層,,持分移轉
RPPOMLOLKHLGFAG97DA,12,109.92,集合住宅,鋼筋混凝土造,102年10月15日,十三層,九層 陽台 雨遮,全筆移轉
RPPOMLOLKHLGFAG97DA,12,47.49,本共有部分之項目有：停車空間、機電設備、門廳、公共設施、樓梯間等５項,鋼筋混凝土造,102年10月15日,十三層,,持分移轉
RPPOMLOLKHLGFAG97DA,12,14.58,本共有部分之項目有：梯間、機械室、水箱等３項,鋼筋混凝土造,102年10月15日,十三層,,持分移轉
RPQNMLPLKHLGFAG08DA,12,97.51,集合住宅,鋼筋混凝土造,102年10月15日,十三層,五層 陽台 雨遮,全筆移轉
RPQNMLPLKHLGFAG08DA,12,44.53,本共有部分之項目有：停車空間、機電設備、門廳、公共設施、樓梯間等５項,鋼筋混凝土造,102年10月15日,十三層,,持分移轉
RPQNMLPLKHLGFAG08DA,12,14.72,本共有部分之項目有：梯間、機械室、水箱等３項,鋼筋混凝土造,102年10月15日,十三層,,持分移轉
RPVNMLQLKHLGFAG68DA,29,55.65,住家用,鋼筋混凝土造,85年10月3日,十二層,五層 陽台,全筆移轉
RPVNMLQLKHLGFAG68DA,29,11.12,停車場、法定防空避難室、機車停車場、私設防空避難室﹙共同使用部份﹚,鋼筋混凝土造,85年10月3日,十二層,,持分移轉
RPVNMLQLKHLGFAG68DA,29,10.28,通道、梯間﹙共同使用部份,鋼筋混凝土造,85年10月3日,十二層,,持分移轉
RPOPMLOLKHLGFBG08DA,4,152.88,住家用,鋼筋混凝土造,110年12月29日,三層,一層 二層 三層 陽台,全筆移轉
RPPOMLNLKHLGFBG97DA,7,239.73,農舍,鋼筋混凝土造,107年8月10日,二層,一層 二層 陽台,全筆移轉
RPPNMLRJJHLGFAG87DA,44,97.96,住家用,鐵筋加強磚造,70年12月4日,二層,一層 二層 陽台 見其他登記事項,全筆移轉
RPWNMLPLKHLGFAG68DA,31,186.00,住家用,鋼筋混凝土造,83年8月2日,三層,一層 二層 三層,全筆移轉
RPVNMLPLKHLGFAG58DA,8,177.93,住家用,ＲＣ造,106年8月22日,三層,一層 二層 三層 陽台,全筆移轉
RPSNMLMJLHLGFAG97EA,37,1609.02,廠房、防空避難室,鋼筋混凝土造,78年1月16日,一層,一層 地下層,全筆移轉
RPPNMLQLJHLGFAG97DA,57,102.49,住商用,加強磚造,58年7月15日,二層,一層 二層,全筆移轉
RPQNMLOJKHLGFAG77DA,5,64.77,集合住宅,鋼筋混凝土造,110年4月20日,四層,四層 陽台,全筆移轉
RPQNMLOJKHLGFAG77DA,5,29.92,本共有部分之項目有停車空間、樓電梯間等２項。,鋼筋混凝土造,110年4月20日,四層,,持分移轉
RPSQMLPLKHLGFBG68DA,9,70.48,集合住宅,鋼筋混凝土造,105年11月8日,十三層,五層 陽台,全筆移轉
RPSQMLPLKHLGFBG68DA,9,52.96,本共有部分之項目有：停車空間、頂蓋型廣場式開放空間、公共服務空間、ＫＴＶ室、棋牌室、樓梯間、水錶區、水箱,鋼筋混凝土造,105年11月8日,十三層,,持分移轉
RPVRMLOJKHLGFAG68DA,22,6.42,店舖,鋼骨造,92年8月22日,一層,一層,持分移轉
RPPOMLNJLHLGFBG87DA,4,66.55,集合住宅,鋼筋混凝土造,111年5月27日,四層,二層 陽台,全筆移轉
RPPOMLNJLHLGFBG87DA,4,.76,本共有部分之項目有：機電設備、水塔等２項,鋼筋混凝土造,111年5月27日,一層,,持分移轉
RPTQMLPLKHLGFBG78DA,1,152.63,住家用,鋼筋混凝土造,114年6月27日,三層,一層 二層 三層 陽台,全筆移轉
RPPOMLNJLHLGFBG87DA,4,7.45,本共有部分之項目有：電梯、梯間等２項,鋼筋混凝土造,111年5月27日,四層,,持分移轉
RPQNMLQLKHLGFBG28DA,10,20.05,本共有部分之項目有機械室、受電室、車道等３項,鋼筋混凝土造,105年7月1日,三層,,持分移轉
RPQNMLQLKHLGFBG28DA,10,255.01,停車空間、店舖、住宅、樓梯間,鋼筋混凝土造,105年7月1日,三層,一層 二層 三層 陽台 地下一層 見其他登記事項,全筆移轉
RPSNMLQLKHLGFBG48DA,5,38.76,集合住宅,鋼筋混凝土造,110年7月1日,二十二層,四層 陽台,全筆移轉
RPSNMLQLKHLGFBG48DA,5,37.87,本共有部分之項目有：停車空間、消防機械室、排煙室、機械室、台電配電室、發電機房、防災中心、無頂蓋採光井、門廳、梯廳、特別安全梯、樓梯間、水錶室、安全梯、消防中繼機房、消防中繼水箱、電梯機房、水箱等１８項。,鋼筋混凝土造,110年7月1日,二十二層,,持分移轉
RPSNMLQLKHLGFBG48DA,5,.20,本共有部分之項目有：管理室等１項。,鋼筋混凝土造,110年7月1日,二十二層,,持分移轉
RPUNMLMJLHLGFBG18DA,44,2.57,共有部份,鋼筋混凝土造,71年7月27日,八層,,持分移轉
RPUNMLMJLHLGFBG18DA,44,2.71,共有部份,鋼筋混凝土造,71年7月27日,八層,,持分移轉
RPUNMLMJLHLGFBG18DA,44,20.81,商業用,鋼筋混凝土造,71年7月27日,八層,六層 陽台,全筆移轉
RPSNMLPJLHLGFBG28DA,33,26.75,住家用,鋼筋混凝土造,82年3月30日,七層,五層 陽台,全筆移轉
RPSNMLPJLHLGFBG28DA,33,14.23,共有部份,鋼筋混凝土造,82年3月30日,七層,,持分移轉
RPVNMLPJLHLGFBG58DA,42,73.29,住家用,鋼筋混凝土造,72年8月18日,五層,五層,全筆移轉
RPVNMLPJLHLGFBG58DA,42,5.28,共有部份,鋼筋混凝土造,72年8月18日,五層,,持分移轉
RPPNMLNJLHLGFBG77DA,31,91.88,住家用,鋼筋混凝土造,84年6月22日,九層,四層 陽台 雨遮,全筆移轉
RPPNMLNJLHLGFBG77DA,31,28.82,共有部份,鋼筋混凝土造,84年6月22日,九層,,持分移轉
RPPOMLPJLHLGFBG08DA,46,47.61,住家用,鋼筋混凝土加強磚造,68年7月23日,二層,二層,全筆移轉
RPPOMLPJLHLGFBG08DA,46,47.61,住家用,鋼筋混凝土加強磚造,68年7月23日,二層,一層,全筆移轉
RPPNMLTJLHLGFAG28DA,1,176.95,住宅、樓梯間,鋼筋混凝土（ＲＣ）,114年3月13日,三層,一層 二層 三層 陽台 見其他登記事項,全筆移轉
RPPNMLQJLHLGFBG18EA,28,72.79,住家用,鋼筋混凝土造,86年9月3日,八層,六層 陽台,全筆移轉
RPPNMLQJLHLGFBG18EA,28,37.48,共有部份,鋼筋混凝土造,86年9月3日,八層,,持分移轉
RPXNMLNJLHLGFBG58DA,4,284.44,樓電梯間、停車空間、集合住宅,鋼筋混凝土造,111年7月4日,四層,一層 二層 三層 四層 陽台 見其他登記事項,全筆移轉
RPXNMLNJLHLGFBG58DA,4,.72,警衛室,鋼筋混凝土造,111年7月4日,一層,一層,持分移轉
RPQOMLMJLHLGFAG77DA,35,119.06,住家用,鋼筋混凝土造,80年3月7日,二層,一層 二層 屋頂突出物,全筆移轉
RPRNMLMJLHLGFAG77DA,32,162.80,住家用,鋼筋混凝土造,83年3月31日,三層,一層 二層 三層,全筆移轉
RPSNMLNJLHLGFAG97DA,,118.21,住家用,鋼筋混凝土造,114年9月15日,三層,一層 二層 三層 陽台,全筆移轉
RPWNMLTJLHLGFBG09DA,9,42.95,集合住宅,鋼筋混凝土造,105年11月8日,十三層,十一層 陽台,全筆移轉
RPWNMLTJLHLGFBG09DA,9,32.25,本共有部分之項目有：停車空間、頂蓋型廣場式開放空間、公共服務空間、ＫＴＶ室、棋牌室、樓梯間、水錶區、水箱,鋼筋混凝土造,105年11月8日,十三層,,持分移轉
RPVPMLNJLHLGFAG48DA,1,66.94,集合住宅,鋼筋混凝土造（ＲＣ）,114年4月1日,四層,二層 陽台,全筆移轉
RPVPMLNJLHLGFAG48DA,1,20.66,本共有部分之項目有停車空間、管理室、機電空間、樓梯間等４項,鋼筋混凝土造（ＲＣ）,114年4月1日,四層,,持分移轉
RPPNMLOJLHLGFAG77DA,1,95.15,農糧產品加工室,鋼筋混凝土（ＲＣ）,114年4月22日,一層,一層,全筆移轉
RPPNMLOJLHLGFAG77DA,1,97.34,溫室,鋼骨造,114年4月22日,一層,一層,全筆移轉
RPWPMLNJLHLGFAG58DA,1,60.26,集合住宅,鋼筋混凝土（ＲＣ）,114年4月9日,四層,三層 陽台,全筆移轉
RPWPMLNJLHLGFAG58DA,1,11.05,本共有部分之項目有樓梯間１項,鋼筋混凝土（ＲＣ）,114年4月9日,四層,,持分移轉
RPWPMLNJLHLGFAG58DA,1,20.96,本共有部分之項目有停車空間、樓梯間等２項,鋼筋混凝土（ＲＣ）,114年4月9日,四層,,持分移轉
RPQNMLOJLHLGFAG97EA,30,13.91,樓梯間、機械室、水箱蓄水池、機車停放處、車道、受電室、電機室、共同使用部份,鋼筋混凝土造,84年9月25日,十二層,,持分移轉
RPQNMLOJLHLGFAG97EA,30,41.96,防空避難室、停車場、共同使用部份,鋼筋混凝土造,84年9月25日,十二層,,持分移轉
RPQNMLOJLHLGFAG97EA,30,104.86,住家用,鋼筋混凝土造,84年9月25日,十二層,四層 陽台 雨遮,全筆移轉
RPROMLMLKIKGFAG97DA,1,35.66,集合住宅,鋼筋混凝土（ＲＣ）,113年9月6日,五層,五層 陽台,全筆移轉
RPROMLMLKIKGFAG97DA,1,4.69,本共有部分之項目有停車空間等１項。,鋼筋混凝土（ＲＣ）,113年9月6日,五層,,持分移轉
RPROMLMLKIKGFAG97DA,1,10.13,本共有部分之項目有電信室、樓梯間等２項。,鋼筋混凝土（ＲＣ）,113年9月6日,五層,,持分移轉
RPSOMLMLKIKGFAG08DA,38,130.04,住家用,鋼筋混凝土造,76年7月31日,三層,一層 二層 三層,全筆移轉
RPROMLTJLHLGFBG68DA,17,42.66,辦公室,鋼筋混凝土造,97年12月31日,十三層,十一層 見其他登記事項,全筆移轉
RPROMLTJLHLGFBG68DA,17,23.78,共有部份,鋼筋混凝土造,97年12月31日,十三層,,持分移轉
RPROMLTJLHLGFBG68DA,17,4.08,共有部份,鋼筋混凝土造,97年12月31日,十三層,,持分移轉
RPROMLTJLHLGFBG68DA,17,9.49,共有部份,鋼筋混凝土造,97年12月31日,十三層,,持分移轉
RPPNMLPKKIKGFBG97DA,51,50.77,住家用,鋼筋混凝土加強磚造,64年1月25日,三層,二層,全筆移轉
RPQNMLPKKIKGFBG08DA,5,55.75,集合住宅,鋼筋混凝土造,110年3月30日,十四層,三層 陽台,全筆移轉
RPQNMLPKKIKGFBG08DA,5,42.25,本共有部分之項目有：停車空間、電梯間、安全梯、水箱、機械機房、消防機房、排風機房、防空避難室兼停車空間、電信室、泳池機房、景觀機房、台電配電室、發電機室、防災中心、公共服務空間、垃圾儲藏空間等１６項,鋼筋混凝土造,110年3月30日,十八層,,持分移轉
RPQNMLPKKIKGFBG08DA,5,17.05,本共有部分之項目有：樓梯間、梯廳、消防中繼機械室、水錶區、水箱、機械室等６項,鋼筋混凝土造,110年3月30日,十四層,,持分移轉
RPROMLRKKIKGFBG48DA,10,33.84,集合住宅,鋼筋混凝土造,104年9月23日,十四層,三層 陽台,全筆移轉
RPROMLRKKIKGFBG48DA,10,30.71,共有部份,鋼筋混凝土造,104年9月23日,十四層,,持分移轉
RPQNMLLKKIKGFAG67EA,3,87.77,住家用,鋼筋混凝土造,111年7月8日,三層,一層 二層 三層 陽台,持分移轉
RPSNMLRKKIKGFBG48DA,12,40.39,集合住宅,鋼筋混凝土造,102年6月11日,七層,二層 陽台 雨遮,全筆移轉
RPSNMLRKKIKGFBG48DA,12,28.90,本共有部分之項目有：停車空間、公共服務空間、樓梯間、水箱、機房等五項。,鋼筋混凝土造,102年6月11日,七層,,持分移轉
RPQOMLKKKIKGFBG67DA,4,88.34,集合住宅,鋼筋混凝土造,111年1月24日,八層,五層 陽台,全筆移轉
RPQOMLKKKIKGFBG67DA,4,70.96,本共有部分之項目有：停車空間、管理委員會使用空間、梯廳、門廊、樓梯間、水箱、機房等７項,鋼筋混凝土造,111年1月24日,八層,,持分移轉
RPQOMLPJKIKGFAG97DA,50,114.78,住家用,鋼筋混凝土加強磚造,64年11月7日,二層,一層 二層,全筆移轉
RPPOMLTKKIKGFAG38DA,30,25.78,住家用,鋼筋混凝土造,85年2月16日,八層,六層 陽台,全筆移轉
RPPOMLTKKIKGFAG38DA,30,4.56,共同使用部份 梯間．通道,鋼筋混凝土造,85年2月16日,八層,,持分移轉
RPPOMLTKKIKGFAG38DA,30,11.92,共同使用部份（門廊．梯間．通道．停車場．防空避難室）,鋼筋混凝土造,85年2月16日,八層,,持分移轉
RPTNMLMLKIKGFBG28EA,1,2425.82,工場（廠）、機械室、樓梯間,鋼骨鋼筋混凝土造,114年1月23日,三層,一層 二層 三層 陽台 見其他登記事項,全筆移轉
RPPNMLTKKIKGFBG48EA,31,28.99,辦公室,鋼筋混凝土造,83年8月20日,十二層,七層,全筆移轉
RPPNMLTKKIKGFBG48EA,31,6.80,共有部份,鋼筋混凝土造,83年8月20日,十二層,,持分移轉
RPTNMLNLKIKGFBG28DA,48,71.14,住家用,鋼筋混凝土加強磚造,67年4月24日,二層,一層 二層,全筆移轉
RPPNMLOLKIKGFBG97DA,29,8.88,共有部份,鋼筋混凝土造,85年10月14日,十層,,持分移轉
RPPNMLOLKIKGFBG97DA,29,8.43,共有部份,鋼筋混凝土造,85年10月14日,十層,,持分移轉
RPPNMLOLKIKGFBG97DA,29,36.90,住家用,鋼筋混凝土造,85年10月14日,十層,五層 陽台,全筆移轉
RPRNMLOLKIKGFBG18DA,7,36.30,集合住宅,鋼筋混凝土造,108年2月13日,十層,七層 陽台,全筆移轉
RPRNMLOLKIKGFBG18DA,7,43.38,本共有部分之項目有：停車空間、機械室、門廳、管委會空間、樓電梯間、消防水箱、陽台、公共設施等８項,鋼筋混凝土造,108年2月13日,十層,,持分移轉
RPRNMLMLKIKGFBG97DA,30,97.05,住家用,鋼筋混凝土造,84年10月3日,七層,七層 陽台,全筆移轉
RPRNMLMLKIKGFBG97DA,30,9.08,共有部份,鋼筋混凝土造,84年10月3日,七層,,持分移轉
RPRNMLMLKIKGFBG97DA,30,35.00,共有部份,鋼筋混凝土造,84年10月3日,七層,,持分移轉
RPRQMLSKKIKGFBG78DA,28,318.52,住商用,鋼筋混凝土造,86年12月29日,五層,一層 二層 三層 四層 五層 陽台 平台 騎樓 見其他登記事項,全筆移轉
RPRNMLNLKIKGFBG08DA,29,6.17,共有部份,鋼筋混凝土造,85年10月14日,十層,,持分移轉
RPRNMLNLKIKGFBG08DA,29,15.37,共有部份,鋼筋混凝土造,85年10月14日,十層,,持分移轉
RPRNMLNLKIKGFBG08DA,29,37.34,住家用,鋼筋混凝土造,85年10月14日,十層,十層 陽台,全筆移轉
RPQNMLQKKIKGFBG18DA,29,16.12,共有部份,鋼筋混凝土造,86年1月3日,五層,,持分移轉
RPQNMLQKKIKGFBG18DA,29,96.44,住家用,鋼筋混凝土造,86年1月3日,五層,一層 陽台,全筆移轉
RPXNMLQLKIKGFAG88DA,46,212.76,住商用,鋼筋混凝土造,69年5月26日,三層,一層 二層 三層 騎樓,全筆移轉
RPWNMLOLKIKGFBG68DA,26,43.10,住家用,鋼筋混凝土造,88年8月31日,八層,七層 陽台,全筆移轉
RPWNMLOLKIKGFBG68DA,26,23.09,共有部份,鋼筋混凝土造,88年8月31日,八層,,持分移轉
RPXOMLRKKIKGFAG98DA,,68.08,集合住宅,鋼筋混凝土（ＲＣ）,114年10月1日,四層,二層 陽台,全筆移轉
RPXOMLRKKIKGFAG98DA,,18.69,本共有部分之項目有停車空間、弱電機械室、及消防機械室、樓梯間、電梯間等５項,鋼筋混凝土（ＲＣ）,114年10月1日,四層,,持分移轉
RPWNMLLKKIKGFBG28DA,16,44.22,辦公室,鋼筋混凝土造,99年4月29日,九層,九層 陽台,全筆移轉
RPWNMLLKKIKGFBG28DA,16,30.24,本共有部分之項目有電梯間、水箱、機房、防空避難室兼停車空間、走道、陽台、裝飾牆、管理委員會使用空間、停車空間等九項,鋼筋混凝土造,99年4月29日,九層,,持分移轉
RPWNMLLKKIKGFBG28DA,16,36.53,本共有部分之項目有防空避難室兼停車空間等１項,鋼筋混凝土造,99年4月29日,九層,,持分移轉
RPQNMLQLKIKGFAG28EA,4,170.04,住宅、樓梯間,鋼筋混凝土造,111年3月11日,三層,一層 二層 三層 陽台 見其他登記事項,全筆移轉
RPOOMLTKKIKGFBG38DA,42,112.42,住家用,鋼筋混凝土加強磚造,73年1月20日,二層,一層 二層,全筆移轉
RPPNMLKMKIKGFBG77EA,33,149.84,住家用,鋼筋混凝土造,82年2月26日,三層,一層 二層 三層 陽台,全筆移轉
RPTOMLOLKHLGFBG48DA,15,108.04,集合住宅,鋼筋混凝土造,100年4月14日,八層,四層 陽台,全筆移轉
RPTOMLOLKHLGFBG48DA,15,69.36,本共有部分之項目有防空避難室兼停車空間、管委會使用空間、電梯機房、水箱等４項。,鋼筋混凝土造,100年4月14日,八層,,持分移轉
RPQNMLQLKIKGFBG28DA,28,38.58,住家用,鋼筋混凝土造,86年12月26日,十三層,十層 陽台,全筆移轉
RPQNMLQLKIKGFBG28DA,28,6.56,共有部份,鋼筋混凝土造,86年12月26日,十三層,,持分移轉
RPQNMLQLKIKGFBG28DA,28,6.54,共有部份,鋼筋混凝土造,86年12月26日,十三層,,持分移轉
RPQNMLQLKIKGFBG28DA,28,8.35,共有部份,鋼筋混凝土造,86年12月26日,十三層,,持分移轉
SPWNMLLKKIKGFBG38DA,16,57.05,辦公室,鋼筋混凝土造,99年4月29日,九層,九層 陽台,全筆移轉
SPWNMLLKKIKGFBG38DA,16,38.95,本共有部分之項目有電梯間、水箱、機房、防空避難室兼停車空間、走道、陽台、裝飾牆、管理委員會使用空間、停車空間等九項,鋼筋混凝土造,99年4月29日,九層,,持分移轉
SPWNMLLKKIKGFBG38DA,16,36.53,本共有部分之項目有防空避難室兼停車空間等１項,鋼筋混凝土造,99年4月29日,九層,,持分移轉
RPQOMLTKKIKGFBG58DA,12,218.48,住家用,鋼筋混凝土造,102年6月13日,四層,一層 二層 三層 四層 陽台,全筆移轉
RPOOMLQLKIKGFBG18DA,14,39.96,辦公室,鋼筋混凝土造,101年1月20日,十層,六層 陽台 雨遮,全筆移轉
RPOOMLQLKIKGFBG18DA,14,24.52,本共有部分之項目有梯廳、管委會空間、停車空間、梯間、機械室、水箱、電梯走廊、門廊、安全梯、公共管道、陽台、雨遮等１２項。,鋼筋混凝土造,101年1月20日,十層,,持分移轉
RPPNMLQKKIKGFBG08DA,18,37.11,住家用,鋼筋混凝土造,96年6月22日,七層,五層 陽台,全筆移轉
RPPNMLQKKIKGFBG08DA,18,18.76,共有部份,鋼筋混凝土造,96年6月22日,七層,,持分移轉
RPPOMLSJKIKGFAG18DA,17,153.54,住家用,鋼筋混凝土造,97年6月18日,三層,一層 二層 三層 陽台,全筆移轉
RPQNMLQLKIKGFBG38EA,9,115.39,住宅、樓梯間,鋼筋混凝土造,105年10月18日,三層,一層 二層 三層 陽台 見其他登記事項,持分移轉
RPSQMLLMKIKGFAG28DA,20,31.80,住家用,鋼筋混凝土造,95年1月17日,六層,四層 陽台,全筆移轉
RPSQMLLMKIKGFAG28DA,20,10.75,停車場．梯間,鋼筋混凝土造,95年1月17日,六層,,持分移轉
RPVNMLTLKIKGFBG09DA,7,64.98,本共有部分之項目有：停車場兼防空避難室、停車場、公共服務空間、梯廳、安全梯、走道、車道、陽台、雨遮、發電機室設備空間、消防泵浦室設備空間、蓄水箱設備空間、電梯、排煙室空間、電信機房設備空間、台電配電室設備空間、垃圾暫存設備空間、排煙管道間、機電設備空間、緊急升降機、兒童教室、交誼區（室）、健身教室、閱覽室、社區會議室、韻律教室、管理室等２７項,鋼筋混凝土造,108年5月6日,十三層,,持分移轉
RPVNMLTLKIKGFBG09DA,7,102.13,集合住宅,鋼筋混凝土造,108年5月6日,十三層,九層 陽台 雨遮,全筆移轉
RPVNMLTLKIKGFBG09DA,7,22.87,本共有部分之項目有：梯廳、安全梯、樓梯間、電梯間、機械室、蓄水池等６項,鋼筋混凝土造,108年5月6日,十三層,,持分移轉
RPOOMLTLKIKGFBG48DA,18,42.89,集合住宅,鋼筋混凝土造,97年1月22日,十四層,十四層 陽台,全筆移轉
RPOOMLTLKIKGFBG48DA,18,20.75,共有部份,鋼筋混凝土造,97年1月22日,十四層,,持分移轉
RPOOMLTLKIKGFBG48DA,18,7.90,共有部份,鋼筋混凝土造,97年1月22日,十四層,,持分移轉
RPXNMLTLKIKGFBG66DA,2,152.85,住家用,鋼筋混凝土造,113年4月8日,三層,一層 二層 三層 陽台,全筆移轉
RPTNMLLMKIKGFBG18DA,8,55.07,集合住宅,鋼骨鋼筋混凝土造,106年12月21日,二十九層,二十八層 陽台,全筆移轉
RPTNMLLMKIKGFBG18DA,8,44.78,本共用部分之項目有：停車空間、大廳、供管委員會使用空間、中繼機房、機電梯間、機房、水箱等７項,鋼骨鋼筋混凝土造,106年12月21日,二十九層,,持分移轉
RPPNMLKMKIKGFBG67DA,32,3.85,共有部份,鋼筋混凝土造,83年4月13日,十五層,,持分移轉
RPRNMLKMKIKGFBG87DA,,253.23,住宅、停車空間、樓梯間,鋼筋混凝土造,114年7月23日,三層,一層 二層 三層 陽台 見其他登記事項,全筆移轉
RPPNMLKMKIKGFBG67DA,32,8.72,共有部份,鋼筋混凝土造,83年4月13日,十五層,,持分移轉
RPPNMLKMKIKGFBG67DA,32,32.32,住家用,鋼筋混凝土造,83年4月13日,十五層,四層 陽台,全筆移轉
RPQNMLKMKIKGFBG77DA,28,99.63,住家用,鋼筋混凝土造,86年12月26日,十三層,一層 平台,全筆移轉
RPQNMLKMKIKGFBG77DA,28,12.22,共有部份,鋼筋混凝土造,86年12月26日,十三層,,持分移轉
RPQNMLKMKIKGFBG77DA,28,11.80,共有部份,鋼筋混凝土造,86年12月26日,十三層,,持分移轉
RPQNMLKMKIKGFBG77DA,28,12.18,共有部份,鋼筋混凝土造,86年12月26日,十三層,,持分移轉
RPQNMLKMKIKGFBG77DA,28,13.73,共有部份,鋼筋混凝土造,86年12月26日,十三層,,持分移轉
RPPNMLTLKIKGFAG38DA,29,92.27,住家用,鋼筋混凝土造,86年1月23日,六層,五層 陽台,全筆移轉
RPPNMLTLKIKGFAG38DA,29,11.97,梯間．共同使用部份,鋼筋混凝土造,86年1月23日,六層,,持分移轉
RPPNMLTLKIKGFAG38DA,29,.88,管理室．共同使用部份,鋼筋混凝土造,86年1月23日,六層,,持分移轉
RPPNMLTLKIKGFAG38DA,29,23.70,停車場．防空避難室．共同使用部份,鋼筋混凝土造,86年1月23日,七層,,持分移轉
RPPNMLMJJHLGFBG47DA,31,24.88,共有部份,鋼筋混凝土造,83年12月17日,八層,,持分移轉
RPPNMLMJJHLGFBG47DA,31,42.29,住家用,鋼筋混凝土造,83年12月17日,八層,二層 陽台,全筆移轉
RPUNMLKMKIKGFAG08DA,1,53.48,集合住宅,鋼筋混凝土造,114年3月21日,七層,七層 陽台,全筆移轉
RPUNMLKMKIKGFAG08DA,1,9.58,本共有部分之項目有停車空間等１項。,鋼筋混凝土造,114年3月21日,七層,,持分移轉
RPUNMLKMKIKGFAG08DA,1,14.62,本共有部分之項目有管理員室、樓梯間、電梯間、機械室、水箱間等５項。,鋼筋混凝土造,114年3月21日,七層,,持分移轉
RPSOMLPJJHLGFAG08DA,45,126.52,住家用,鐵筋加強磚造,70年4月9日,二層,一層 二層 騎樓,全筆移轉
RPSNMLMJJHLGFBG77DA,,96.60,住家用,鋼筋混凝土加強磚造,,二層,一層 二層,全筆移轉
RPQNMLPJJHLGFBG87DA,48,57.56,住家用,鋼筋混凝土加強磚造,67年4月24日,二層,一層 二層,全筆移轉
RPUOMLPJJHLGFBG38DA,31,28.99,住家用,鋼筋混凝土造,83年8月20日,十二層,四層,全筆移轉
RPUOMLPJJHLGFBG38DA,31,6.46,共有部份,鋼筋混凝土造,83年8月20日,十二層,,持分移轉
RPQPMLSKKIKGFBG58DA,,49.38,集合住宅,鋼筋混凝土造,114年8月5日,五層,二層 陽台,全筆移轉
RPQPMLSKKIKGFBG58DA,,28.77,本共有部分之項目有：停車空間、樓梯間等２項,鋼筋混凝土造,114年8月5日,五層,,持分移轉
RPQNMLQJJHLGFBG08EA,32,36.72,住家用,鋼筋混凝土造,82年11月11日,七層,四層 陽台,全筆移轉
RPQNMLQJJHLGFBG08EA,32,15.87,共有部份,鋼筋混凝土造,82年11月11日,七層,,持分移轉
RPWNMLPJJHLGFAG38DA,51,113.40,住家用,鋼筋混凝土加強磚造,63年8月15日,二層,一層 二層,全筆移轉
RPPNMLPJJHLGFBG87EA,42,34.82,鄉村住宅,鋼筋混凝土加強磚造,72年9月14日,二層,一層 二層 騎樓,持分移轉
RPTOMLPJJHLGFBG28DA,10,244.32,住宅、樓梯間,鋼筋混凝土造,104年10月14日,三層,一層 二層 三層 陽台 見其他登記事項,全筆移轉
RPRNMLMJJHLGFBG67DA,30,35.96,住家用,鋼筋混凝土造,84年7月15日,八層,八層 陽台,全筆移轉
RPRNMLMJJHLGFBG67DA,30,4.74,共有部份,鋼筋混凝土造,84年7月15日,八層,,持分移轉
RPRNMLMJJHLGFBG67DA,30,34.40,共有部份,鋼筋混凝土造,84年7月15日,八層,,持分移轉
RPQNMLQJJHLGFAG97EA,30,68.44,住家用,鋼筋混凝土造,84年6月29日,十層,一層 見其他登記事項,持分移轉
RPQNMLQJJHLGFAG97EA,30,4.17,樓梯間通道共同使用,鋼筋混凝土造,84年6月29日,十層,,持分移轉
RPQNMLQJJHLGFAG97EA,30,8.05,防空避難室共同使用,鋼筋混凝土造,84年6月29日,十層,,持分移轉
RPVNMLTJKIKGFAG78DA,32,82.81,住家用,鋼筋混凝土造,82年6月29日,五層,二層 陽台,全筆移轉
RPPNMLQJJHLGFAG87EA,,195.44,騎樓、停車空間、一般零售場所、住宅,鋼筋混凝土（ＲＣ）,114年11月17日,三層,一層 二層 三層 陽台 騎樓,全筆移轉
RPVNMLTJKIKGFAG78DA,32,3.31,共有部份,,82年6月29日,,,持分移轉
RPQNMLKKKIKGFAG47DA,1,41.53,集合住宅,鋼筋混凝土（ＲＣ）,113年9月11日,五層,五層 陽台,全筆移轉
RPQNMLKKKIKGFAG47DA,1,11.48,本共有部分之項目有停車空間、機械室、樓梯間、電梯間、水箱、電梯機房等６項。,鋼筋混凝土（ＲＣ）,113年9月11日,五層,,持分移轉
RPQNMLKKKIKGFAG47DA,1,9.37,本共有部分之項目有樓梯間１項。,鋼筋混凝土（ＲＣ）,113年9月11日,五層,,持分移轉
RPPPMLLKKIKGFAG67DA,28,29.88,辦公室,鋼筋混凝土造,86年12月11日,十層,四層 陽台,全筆移轉
RPPPMLLKKIKGFAG67DA,28,8.01,防空避難室、停車場、台電配電室、車道、共同使用部份,鋼筋混凝土造,86年12月11日,十層,,持分移轉
RPPPMLLKKIKGFAG67DA,28,4.94,梯間、走道電梯、共同使用部份,鋼筋混凝土造,86年12月11日,十層,,持分移轉
RPTOMLMLKIKGFBG28DA,,345.93,農舍、樓梯間,鋼筋混凝土造,114年9月24日,三層,一層 二層 三層 陽台 見其他登記事項,全筆移轉
RPPNMLRJJHLGFBG08EA,50,84.79,住商用,鋼筋混凝土加強磚造,65年3月23日,四層,一層 二層 三層 四層 騎樓,持分移轉
RPPNMLSJJHLGFBG18EA,20,316.88,車庫、住宅、辦公室,鋼筋混凝土造,95年2月7日,四層,一層 二層 三層 四層 陽台 平台 見其他登記事項,全筆移轉
RPOOMLSJKIKGFAG08DA,30,97.83,住家用,鋼筋混凝土造,84年6月23日,八層,七層 陽台,全筆移轉
RPOOMLSJKIKGFAG08DA,30,18.65,防空避難室、停車場、穿廊共同使用部份,鋼筋混凝土造,84年6月23日,八層,,持分移轉
RPOOMLSJKIKGFAG08DA,30,7.14,梯間、通道共同使用部份,鋼筋混凝土造,84年6月23日,八層,,持分移轉
RPWNMLQLKIKGFBG88DA,44,116.10,住家用,鋼筋混凝土加強磚造,71年3月5日,二層,一層 二層,全筆移轉
RPUNMLSKKIKGFAG68DA,3,407.15,農舍,鋼筋混凝土（ＲＣ）,112年6月2日,三層,一層 二層 三層 陽台,全筆移轉
RPQPMLRKKIKGFAG38DA,,68.08,集合住宅,鋼筋混凝土（ＲＣ）,114年10月1日,四層,三層 陽台,全筆移轉
RPQPMLRKKIKGFAG38DA,,18.69,本共有部分之項目有停車空間、弱電機械室、及消防機械室、樓梯間、電梯間等５項,鋼筋混凝土（ＲＣ）,114年10月1日,四層,,持分移轉
RPSNMLLKKIKGFAG77DA,46,103.32,住家用,鋼筋混凝土加強磚造,68年7月20日,二層,一層 二層,全筆移轉
RPXNMLSJKIKGFAG88DA,31,14.79,共同使用（受電室．梯間．防空避難室）,鋼筋混凝土造,84年3月7日,九層,,持分移轉
RPXNMLSJKIKGFAG88DA,31,3.25,共同使用（走道）,鋼筋混凝土造,84年3月7日,九層,,持分移轉
RPXNMLSJKIKGFAG88DA,31,43.87,鄉村住宅,鋼筋混凝土造,84年3月7日,九層,七層 陽台,全筆移轉
RPWNMLTLKIKGFAG09DA,28,29.50,辦公室,鋼筋混凝土造,86年12月11日,十層,四層 陽台,全筆移轉
RPWNMLTLKIKGFAG09DA,28,8.01,防空避難室、停車場、台電配電室、車道、共同使用部份,鋼筋混凝土造,86年12月11日,十層,,持分移轉
RPWNMLTLKIKGFAG09DA,28,4.82,梯間、走道電梯、共同使用部份,鋼筋混凝土造,86年12月11日,十層,,持分移轉
RPQSMLTJJHLGFAG68DA,1,61.04,集合住宅,鋼筋混凝土（ＲＣ）,113年11月29日,十一層,十層 陽台,全筆移轉
RPQSMLTJJHLGFAG68DA,1,62.04,本共有部分之項目有停車空間、機房、防空避難室兼停車空間、台電配電室、公共服務空間、管委會使用空間、樓電梯間、樓梯間、水箱、電梯機械室等１０項。,鋼筋混凝土（ＲＣ）,113年11月29日,十一層,,持分移轉
RPWNMLPJJHLGFBG48DA,8,55.07,集合住宅,鋼骨鋼筋混凝土造,106年12月21日,二十九層,二十五層 陽台,全筆移轉
RPWNMLPJJHLGFBG48DA,8,44.78,本共用部分之項目有：停車空間、大廳、供管委員會使用空間、中繼機房、機電梯間、機房、水箱等７項,鋼骨鋼筋混凝土造,106年12月21日,二十九層,,持分移轉
RPTNMLSJJHLGFBG48DA,18,59.31,集合住宅,鋼筋混凝土造,97年1月18日,九層,四層 陽台,全筆移轉
RPTNMLSJJHLGFBG48DA,18,6.86,停車場,鋼筋混凝土造,97年1月18日,九層,一層 陽台 騎樓,持分移轉
RPTNMLSJJHLGFBG48DA,18,22.49,共有部份,鋼筋混凝土造,97年1月18日,九層,,持分移轉
RPTNMLSJJHLGFBG48DA,18,.13,共有部份,鋼筋混凝土造,97年1月18日,九層,,持分移轉
RPXNMLQJJHLGFBG68DA,26,233.09,停車埸，鄉村住宅,鋼筋混凝土造,88年12月8日,三層,一層 二層 三層 陽台 平台 雨遮,全筆移轉
RPSNMLRJJHLGFBG28DA,13,202.60,住宅、樓梯間,鋼筋混凝土造,102年1月4日,三層,一層 二層 三層 見其他登記事項,全筆移轉
RPQNMLTJJHLGFBG28DA,11,49.27,辦公室,鋼筋混凝土造,104年2月13日,十二層,六層 陽台,全筆移轉
RPQNMLTJJHLGFBG28DA,11,39.89,本共有部分之項目有：停車空間、機電設備、公共設施、樓梯間、水錶室、水箱、機械室等７項。,鋼筋混凝土造,104年2月13日,十二層,,持分移轉
RPUOMLQJJHLGFBG48DA,45,111.24,住家用,鋼筋混凝土加強磚造,70年1月31日,二層,一層 二層 騎樓,全筆移轉
RPWOMLQJJHLGFBG68DA,26,13.73,共有部份,鋼筋混凝土造,89年4月27日,十二層,,持分移轉
RPWOMLQJJHLGFBG68DA,26,23.32,共有部份,鋼筋混凝土造,89年4月27日,十二層,,持分移轉
RPWOMLQJJHLGFBG68DA,26,81.26,住家用,鋼筋混凝土造,89年4月27日,十二層,七層 陽台,全筆移轉
RPWOMLQJJHLGFBG68DA,26,11.00,共有部份,鋼筋混凝土造,89年4月27日,十二層,,持分移轉
RPRNMLPJJHLGFBG97DA,16,40.71,辦公室,鋼筋混凝土造,98年12月3日,九層,二層 陽台 雨遮,全筆移轉
RPWOMLQJJHLGFBG68DA,26,.07,住家用,鋼筋混凝土造,89年4月27日,十二層,一層,持分移轉
RPRNMLPJJHLGFBG97DA,16,23.63,本共用部分之項目有停車空間、水箱、樓梯、昇降機間、緊急發電機室、消防泵浦室、台電配電室、設備室、電信室、雨遮、通道及電梯機械室等１２項。,鋼筋混凝土造,98年12月3日,九層,,持分移轉
RPRNMLPJJHLGFBG97DA,16,1.68,本共有部分之項目有管理委員會會議室、會議室、管理委員會廁所、管理委員會管理區、雨遮、陽台等６項。,鋼筋混凝土造,98年12月3日,九層,,持分移轉
RPRNMLPJJHLGFBG97DA,16,8.25,本共有部分之項目有雨遮、走道、梯廳等３項。,鋼筋混凝土造,98年12月3日,九層,,持分移轉
RPSNMLQJJHLGFBG18DA,20,367.14,店舖、住宅,鋼筋混凝土造,95年3月3日,三層,一層 二層 三層 陽台 騎樓 見其他登記事項,全筆移轉
RPXNMLMKJHLGFAG28DA,1,55.51,集合住宅,鋼筋混凝土（ＲＣ）,113年9月10日,十四層,七層 陽台,全筆移轉
RPXNMLMKJHLGFAG28DA,1,58.45,本共有部分之項目有防空避難室、停車空間、管委會空間、樓電梯間、機電設備空間等５項,鋼筋混凝土（ＲＣ）,113年9月10日,十四層,,持分移轉
RPPOMLQJJHLGFBG97DA,30,71.36,住家用,鋼筋混凝土造,84年9月18日,六層,二層 陽台 夾層,全筆移轉
RPPOMLQJJHLGFBG97DA,30,.20,住家用,鋼筋混凝土造,84年9月18日,六層,一層,持分移轉
RPPOMLQJJHLGFBG97DA,30,10.26,共有部份,鋼筋混凝土造,84年9月18日,六層,,持分移轉
RPPOMLQJJHLGFBG97DA,30,15.32,共有部份,鋼筋混凝土造,84年9月18日,六層,,持分移轉
RPOOMLQJJHLGFBG87DA,20,21.01,住家用,鋼筋混凝土造,94年10月11日,六層,四層 陽台,全筆移轉
RPPOMLQJJHLGFBG97DA,30,2.48,共有部份,鋼筋混凝土造,84年9月18日,六層,,持分移轉
RPOOMLQJJHLGFBG87DA,20,9.62,共有部份,鋼筋混凝土造,94年10月11日,六層,,持分移轉
RPRNMLMKJHLGFBG77DA,29,37.30,住家用,鋼筋混凝土造,86年1月21日,七層,六層,全筆移轉
RPRNMLMKJHLGFBG77DA,29,18.74,共有部份,鋼筋混凝土造,86年1月21日,七層,,持分移轉
RPRNMLNKJHLGFAG87EA,71,93.37,住家用,加強磚造、磚石造,,二層,一層 二層,全筆移轉
RPPNMLNKJHLGFBG77EA,32,120.26,住家用,鋼筋混凝土造,83年6月9日,十五層,七層 陽台 見其他登記事項,全筆移轉
RPPNMLNKJHLGFBG77EA,32,1.78,共有部份,鋼筋混凝土造,83年6月9日,十五層,,持分移轉
RPPNMLNKJHLGFBG77EA,32,19.48,共有部份,鋼筋混凝土造,83年6月9日,十五層,,持分移轉
RPPNMLNKJHLGFBG77EA,32,20.60,共有部份,鋼筋混凝土造,83年6月9日,十五層,,持分移轉
RPPNMLMKJHLGFBG57DA,32,26.86,住家用,鋼筋混凝土造,82年12月21日,六層,四層,全筆移轉
RPPNMLMKJHLGFBG57DA,31,9.32,共有部份,鋼筋混凝土造,83年12月21日,六層,,持分移轉
RPPNMLMKJHLGFBG57DA,31,6.21,共有部份,鋼筋混凝土造,83年12月21日,六層,,持分移轉
RPPNMLNKJHLGFBG67DA,46,107.58,住家用,鋼筋混凝土加強磚造,69年1月10日,二層,一層 二層 騎樓,全筆移轉
RPOOMLNKJHLGFAG57DA,37,7.15,樓梯　,鋼筋混凝土造,77年11月11日,五層,,持分移轉
RPOOMLNKJHLGFAG57DA,37,31.33,防空避難室,鋼筋混凝土造,77年11月11日,五層,,持分移轉
RPOOMLNKJHLGFAG57DA,37,109.34,住家用,鋼筋混凝土造,77年11月11日,五層,五層,全筆移轉
RPOOMLNKJHLGFAG57DA,37,3.19,門廳,鋼筋混凝土造,77年11月11日,五層,,持分移轉
RPTNMLMJJHLGFBG87DA,27,105.55,住家用,鋼筋混凝土造,88年1月26日,六層,四層 陽台,全筆移轉
RPWNMLMKJHLGFBG28DA,28,95.45,住家用,鋼筋混凝土造,87年6月11日,七層,六層 陽台,全筆移轉
RPWNMLMKJHLGFBG28DA,28,15.00,共有部份,鋼筋混凝土造,87年6月11日,七層,,持分移轉
RPTNMLMJJHLGFBG87DA,27,20.93,共有部份,鋼筋混凝土造,88年1月26日,六層,,持分移轉
RPWNMLMKJHLGFBG28DA,28,13.17,共有部份,鋼筋混凝土造,87年6月11日,七層,,持分移轉
RPTNMLMJJHLGFBG87DA,27,13.53,共有部份,鋼筋混凝土造,88年1月26日,六層,,持分移轉
RPVOMLKKKIKGFBG18DA,5,86.52,集合住宅,鋼筋混凝土造,110年4月6日,四層,二層 陽台,全筆移轉
RPVOMLKKKIKGFBG18DA,5,60.27,本共有部分之項目：停車空間、機電設備空間、梯廳等３項,鋼筋混凝土造,110年4月6日,四層,,持分移轉
RPTNMLMKJHLGFAG87DA,31,164.07,住家用,鋼筋混凝土造,83年9月21日,三層,一層 二層 三層 見其他登記事項,全筆移轉
RPUNMLQJJHLGFAG28DA,,70.09,集合住宅,鋼筋混凝土造,114年9月25日,五層,四層 陽台,全筆移轉
RPUNMLQJJHLGFAG28DA,,43.81,本共有部分之項目有停車空間、電信室、梯廳、水箱、樓梯間、電梯機械室。,鋼筋混凝土造,114年9月25日,五層,,持分移轉
RPWOMLNKJHLGFBG48DA,32,4.48,共有部份,鋼筋混凝土造,83年4月13日,十五層,,持分移轉
RPWOMLNKJHLGFBG48DA,32,10.14,共有部份,鋼筋混凝土造,83年4月13日,十五層,,持分移轉
RPWOMLNKJHLGFBG48DA,32,38.09,住家用,鋼筋混凝土造,83年4月13日,十五層,十一層 陽台 雨遮,全筆移轉
RPTNMLKMKIKGFAG97DA,7,216.82,住宅、梯間,鋼筋混凝土（ＲＣ）,107年8月30日,三層,一層 二層 三層 陽台 見其他登記事項,全筆移轉
RPPNMLMKJHLGFAG57EA,45,101.70,住家用,加強磚造,69年7月1日,二層,一層 二層,全筆移轉
RPQNMLKMKIKGFAG67DA,31,60.74,住家用,鋼筋混凝土造,83年9月16日,七層,二層 陽台 雨遮,全筆移轉
RPQNMLKMKIKGFAG67DA,31,9.91,停車場、防空避難室、共同使用部份,鋼筋混凝土造,83年9月16日,七層,,持分移轉
RPQNMLKMKIKGFAG67DA,31,1.39,梯間、共同使用部份,鋼筋混凝土造,83年9月16日,七層,,持分移轉
RPTNMLNKJHLGFAG97DA,28,84.34,住家用,鋼筋混凝土加強磚造,86年10月24日,一層,一層,全筆移轉
RPXNMLOLKIKGFBG78DA,12,208.33,住宅、樓梯間,鋼筋混凝土造,102年10月30日,三層,一層 二層 三層 陽台 雨遮 屋簷 見其他登記事項,全筆移轉
RPQOMLQJJHLGFBG08DA,31,74.10,住家用,鋼筋混凝土造,84年3月16日,十二層,三層 陽台 雨遮,全筆移轉
RPSNMLPKJHLGFBG18DA,19,416.84,農舍,鋼筋混凝土造（ＲＣ）、鋼骨造,95年10月11日,二層,一層 二層 陽台,全筆移轉
RPQOMLQJJHLGFBG08DA,31,17.46,共有部份,鋼筋混凝土造,84年3月16日,十七層,,持分移轉
RPTNMLOKJHLGFBG18DA,10,33.70,集合住宅,鋼筋混凝土造,104年9月23日,十四層,四層 陽台,全筆移轉
RPTNMLOKJHLGFBG18DA,10,30.71,共有部份,鋼筋混凝土造,104年9月23日,十四層,,持分移轉
RPXNMLPKKIKGFBG78DA,40,16.63,共有部份,鋼筋混凝土造,75年1月8日,五層,,持分移轉
RPXNMLPKKIKGFBG78DA,40,118.70,住家用,鋼筋混凝土造,75年1月8日,五層,五層 陽台,全筆移轉
RPXNMLOKJHLGFBG58DA,1,319.98,農舍,鋼筋混凝土造,114年4月29日,三層,一層 二層 三層 陽台,全筆移轉
RPVOMLNKJHLGFBG38DA,28,28.39,住家用,鋼筋混凝土造,87年4月2日,七層,七層 陽台,全筆移轉
RPVOMLNKJHLGFBG38DA,28,11.52,共有部份,鋼筋混凝土造,87年4月2日,七層,,持分移轉
RPPNMLQKJHLGFBG08EA,20,278.68,住家用,鋼筋混凝土造,95年2月7日,三層,一層 二層 三層 陽台 平台 夾層 見其他登記事項,全筆移轉
RPOOMLOKJHLGFAG67DA,32,146.09,住家用,鋼筋混凝土造,82年9月27日,三層,一層 二層 三層,全筆移轉
RPVOMLOKJHLGFBG48DA,33,37.35,住商用,鋼筋混凝土造,82年3月1日,七層,一層 平台,全筆移轉
RPVOMLOKJHLGFBG48DA,33,18.88,共有部份,鋼筋混凝土造,82年3月1日,七層,,持分移轉
RPRNMLTLKIKGFAG58DA,40,116.10,住家用,鋼筋混凝土造,75年2月7日,四層,一層 二層 三層 四層 騎樓,全筆移轉
RPOPMLPKKIKGFAG97DA,13,158.73,住家用,鋼筋混凝土造,101年6月27日,三層,一層 二層 三層 陽台,全筆移轉
RPVNMLQKJHLGFAG48DA,20,198.85,停車空間及住宅,鋼筋混凝土造,95年1月11日,三層,一層 二層 三層 見其他登記事項,全筆移轉
RPSOMLQKJHLGFAG28DA,57,41.04,住家用,鋼筋混凝土加強磚造,57年12月2日,二層,一層 二層,全筆移轉
RPROMLQJJHLGFBG18DA,22,40.13,本共有部分之項目有停車空間（含車道及必要空間）、共同出入空間及機電設備空間等３項,鋼筋混凝土造,93年5月24日,八層,,持分移轉
RPROMLQJJHLGFBG18DA,22,61.38,集合住宅,鋼筋混凝土造,93年5月24日,八層,一層,全筆移轉
RPOPMLNKJHLGFBG77DA,30,187.57,住家用,鋼筋混凝土造,85年1月5日,三層,一層 二層 三層 陽台,全筆移轉
RPTOMLPKJHLGFBG38DA,30,177.34,住家用,鋼筋混凝土造,84年9月2日,三層,一層 二層 三層 陽台 平台,全筆移轉
RPXNMLRJJHLGFBG78DA,18,221.76,住家用,鋼筋混凝土造,97年5月5日,三層,一層 二層 三層 陽台 雨遮,全筆移轉
RPROMLPKJHLGFBG18DA,8,43.95,集合住宅,鋼筋混凝土造,106年8月14日,十五層,十四層 陽台 雨遮,全筆移轉
RPROMLPKJHLGFBG18DA,8,59.47,本共有部分之項目有停車空間、機電空間、管理委員會空間及屋頂突出物等４項,鋼筋混凝土造,106年8月14日,十五層,,持分移轉
RPVNMLQKJHLGFBG58DA,46,124.73,住家用,鋼筋混凝土加強磚造,68年12月18日,二層,一層 二層 騎樓,全筆移轉
RPPNMLRJJHLGFBG97DA,25,174.71,住家用,鋼筋混凝土造,89年9月21日,三層,一層 二層 三層 陽台 見其他登記事項,全筆移轉
RPPRMLSKKIKGFBG68DA,30,147.26,住商用,鋼筋混凝土造,85年2月15日,七層,一層 平台 騎樓,全筆移轉
RPPRMLSKKIKGFBG68DA,30,54.41,共有部份,鋼筋混凝土造,85年2月15日,七層,,持分移轉
RPRNMLPKJHLGFAG97DA,46,114.76,住家用,鋼筋混凝土加強磚造,68年12月24日,二層,一層 二層,全筆移轉
RPPNMLSKJHLGFAG08DA,60,164.71,住家用,木石磚造（雜木）、加強磚造,,三層,一層 二層 三層 騎樓,全筆移轉
RPVOMLTLKIKGFBG56DA,2,78.23,集合住宅,鋼筋混凝土造,113年2月7日,四層,三層 陽台,全筆移轉
RPVOMLTLKIKGFBG56DA,2,2.62,本共有部分之項目有：管理委員會空間等１項,鋼筋混凝土造,113年2月7日,四層,,持分移轉
RPVOMLTLKIKGFBG56DA,2,65.12,本共有部分之項目有：停車空間、樓梯間、水箱、機械室等４項,鋼筋混凝土造,113年2月7日,四層,,持分移轉
RPVNMLTKJHLGFBG88DA,10,44.09,集合住宅,鋼筋混凝土造,105年5月16日,十七層,十四層 陽台,全筆移轉
RPWNMLTKJHLGFBG98DA,40,4.96,共有部份,鋼筋混凝土造,74年8月14日,四層,,持分移轉
RPVNMLTKJHLGFBG88DA,10,.24,管理員室,鋼筋混凝土造,105年5月16日,十七層,一層,持分移轉
RPVNMLTKJHLGFBG88DA,10,31.86,本共有部分之項目有停車場等１項,鋼筋混凝土造,105年5月16日,十七層,,持分移轉
RPWNMLTKJHLGFBG98DA,40,82.49,住家用,鋼筋混凝土造,74年8月14日,四層,一層,全筆移轉
RPVNMLTKJHLGFBG88DA,10,35.05,本共有部分之項目有電信機房、發電機室、消防幫浦室、水箱室、服務空間、樓梯間、防災中心、走道、機械室及屋頂突出物等１０項,鋼筋混凝土造,105年5月16日,十七層,,持分移轉
RPVNMLTKJHLGFBG88DA,10,.02,本共有部分之項目有電信機房、發電機室、消防幫浦室、水箱室、服務空間、樓梯間、防災中心、走道、機械室及屋頂突出物等１０項,鋼筋混凝土造,105年5月16日,十七層,,持分移轉
RPVNMLTKJHLGFAG78DA,1,69.84,農糧產品加工室,鋼筋混凝土（ＲＣ）,113年12月4日,一層,一層,全筆移轉
RPSNMLKLJHLGFBG77DA,11,46.81,辦公室,鋼筋混凝土造,104年2月13日,十二層,六層 陽台,全筆移轉
RPQNMLTLKIKGFAG48DA,16,444.65,農舍,鋼筋混凝土造,98年9月24日,二層,一層 二層 陽台,全筆移轉
RPSNMLKLJHLGFBG77DA,11,37.92,本共有部分之項目有：停車空間、機電設備、公共設施、樓梯間、水錶室、水箱、機械室等７項。,鋼筋混凝土造,104年2月13日,十二層,,持分移轉
RPSPMLNKJHLGFBG18DA,50,104.14,住家用,鋼筋混凝土加強磚造,65年5月27日,二層,一層 二層,全筆移轉
RPXNMLKLJHLGFAG18DA,,100.30,住家用,鋼筋混凝土加強磚造,,二層,一層 二層,全筆移轉
RPUNMLTKJHLGFBG78DA,10,44.79,集合住宅,鋼筋混凝土造,105年5月16日,十七層,十四層 陽台,全筆移轉
RPUNMLTKJHLGFBG78DA,10,.24,管理員室,鋼筋混凝土造,105年5月16日,十七層,一層,持分移轉
RPUNMLTKJHLGFBG78DA,10,31.86,本共有部分之項目有停車場等１項,鋼筋混凝土造,105年5月16日,十七層,,持分移轉
RPUNMLTKJHLGFBG78DA,10,35.05,本共有部分之項目有電信機房、發電機室、消防幫浦室、水箱室、服務空間、樓梯間、防災中心、走道、機械室及屋頂突出物等１０項,鋼筋混凝土造,105年5月16日,十七層,,持分移轉
RPUNMLTKJHLGFBG78DA,10,.02,本共有部分之項目有電信機房、發電機室、消防幫浦室、水箱室、服務空間、樓梯間、防災中心、走道、機械室及屋頂突出物等１０項,鋼筋混凝土造,105年5月16日,十七層,,持分移轉
RPTOMLQKJHLGFAG38DA,45,135.02,住家用,鋼筋混凝土加強磚造,69年7月11日,二層,一層 二層 騎樓,全筆移轉
RPRNMLLMKIKGFBG97DA,30,24.32,住家用,鋼筋混凝土造,85年2月26日,五層,二層 陽台,全筆移轉
RPRNMLLMKIKGFBG97DA,30,7.55,共有部份,鋼筋混凝土造,85年2月26日,五層,,持分移轉
RPQOMLTKKIKGFAG48DA,50,239.39,住家用,鋼筋混凝土加強磚造,65年6月14日,三層,一層 二層 三層 騎樓,全筆移轉
RPROMLTKJHLGFAG48DA,45,107.10,住家用,鋼筋混凝土加強磚造,69年12月27日,二層,一層 二層,全筆移轉
RPRNMLTLKIKGFBG68DA,1,159.00,住宅、樓梯間,鋼筋混凝土造,113年8月13日,三層,一層 二層 三層 陽台 見其他登記事項,全筆移轉
RPOOMLPKJHLGFBG87DA,12,44.15,集合住宅,鋼筋混凝土造,103年5月28日,十層,五層 陽台,全筆移轉
RPXNMLTKJHLGFBG09DA,30,189.59,住家用,鋼筋混凝土造,85年5月15日,三層,一層 二層 三層 陽台 平台,全筆移轉
RPOOMLPKJHLGFBG87DA,12,.49,管理員室、廁所、交誼室,鋼筋混凝土造,103年5月28日,十層,一層,持分移轉
RPOOMLPKJHLGFBG87DA,12,4.68,本件共有部分之項目：停車場等１項,鋼筋混凝土造,103年5月28日,十層,,持分移轉
RPOOMLPKJHLGFBG87DA,12,.04,本件共有部分之項目：停車場等１項,鋼筋混凝土造,103年5月28日,十層,,持分移轉
RPOOMLPKJHLGFBG87DA,12,19.20,本件共有部分之項目有：門廳、受電室、機械室、水箱、電梯間等５項,鋼筋混凝土造,103年5月28日,十層,,持分移轉
RPOOMLPKJHLGFBG87DA,12,.16,本件共有部分之項目有：門廳、受電室、機械室、水箱、電梯間等５項,鋼筋混凝土造,103年5月28日,十層,,持分移轉
RPOOMLPKJHLGFBG87DA,12,.09,本件共有部分之項目有：停車場等１項,鋼筋混凝土造,103年5月28日,十層,,持分移轉
RPOOMLPKJHLGFBG87DA,12,.02,本件共有部分之項目有：停車場等１項,鋼筋混凝土造,103年5月28日,十層,,持分移轉
RPSNMLTLKIKGFBG78DA,1,.42,日常用品零售場所,鋼筋混凝土造,113年11月22日,四層,地下一層,持分移轉
RPSNMLTLKIKGFBG78DA,1,28.92,本共有部分之項目有：機電設備空間、管委會使用空間、梯廳、Ａ棟梯廳、Ｂ棟梯廳、Ｃ棟梯廳、Ｄ棟梯廳、車道、陽台、無障礙昇降機、戶外安全梯（Ａ２）（無障礙）、戶外安全梯（Ｂ２）（無障礙）、戶外安全梯（Ｃ２）（無障礙）、戶外安全梯（Ｄ２）（無障礙）、戶外安全梯（Ｂ２）兼無障礙樓梯、停車空間兼防空避難室、水箱Ａ、水箱Ｂ、水箱Ｃ、水箱Ｄ、電信機房、安全梯（Ｅ）、電表區、消防泵浦室發電機室、台電配電室等２５項,鋼筋混凝土造,113年11月22日,四層,,持分移轉
RPXNMLPKJHLGFBG68DA,43,45.32,商業用,鋼筋混凝土造,71年10月30日,八層,三層 陽台,全筆移轉
RPXNMLPKJHLGFBG68DA,43,6.91,共有部份,鋼筋混凝土造,71年10月30日,八層,,持分移轉
RPRNMLQLKIKGFBG38DA,4,91.94,集合住宅,鋼筋混凝土造,111年1月24日,八層,三層 陽台,全筆移轉
RPRNMLQLKIKGFBG38DA,4,72.67,本共有部分之項目有：停車空間、管理委員會使用空間、梯廳、門廊、樓梯間、水箱、機房等７項,鋼筋混凝土造,111年1月24日,八層,,持分移轉
RPOOMLQKJHLGFBG97DA,31,88.35,住家用,鋼筋混凝土造,84年4月10日,八層,六層 陽台,全筆移轉
RPOOMLQKJHLGFBG97DA,31,14.93,共有部份,鋼筋混凝土造,84年4月10日,八層,,持分移轉
RPOOMLQKJHLGFBG97DA,31,32.37,共有部份,鋼筋混凝土造,84年4月10日,八層,,持分移轉
RPVNMLRKKIKGFAG68DA,48,102.69,住家用,鋼筋混凝土加強磚造,66年6月29日,二層,一層 二層,全筆移轉
RPPOMLPKJHLGFBG97DA,32,101.45,住家用,鋼筋混凝土造,82年8月3日,十六層,六層 陽台 花台,全筆移轉
RPPOMLPKJHLGFBG97DA,32,17.25,共有部份,鋼筋混凝土造,82年8月3日,十六層,,持分移轉
RPPOMLPKJHLGFBG97DA,32,10.09,共有部份,鋼筋混凝土造,82年8月3日,十六層,,持分移轉
RPXOMLNKJHLGFAG48DA,32,363.88,住家用,鋼筋混凝土造,83年3月24日,三層,一層 二層 三層,全筆移轉
RPVNMLLMKIKGFBG38DA,29,26.73,住家用,鋼筋混凝土造,85年7月17日,七層,三層,全筆移轉
RPVNMLLMKIKGFBG38DA,29,.29,住家用,鋼筋混凝土造,85年7月17日,七層,一層 陽台,持分移轉
RPVNMLLMKIKGFBG38DA,29,14.58,共有部份,鋼筋混凝土造,85年7月17日,七層,,持分移轉
RPVNMLLMKIKGFBG38DA,29,.15,共有部份,鋼筋混凝土造,85年7月17日,七層,,持分移轉
RPTOMLMKJHLGFBG08DA,11,51.45,集合住宅,鋼筋混凝土造,104年1月7日,九層,七層 陽台,全筆移轉
RPTOMLMKJHLGFBG08DA,11,27.80,本共有部份之項目有：大廳、停車空間、電梯間、樓梯間、機械室、蓄水池等六項。,鋼筋混凝土造,104年1月7日,九層,,持分移轉
RPUNMLMLJHLGFAG08DA,2,68.53,集合住宅,鋼筋混凝土造,113年2月23日,四層,三層 四層 陽台,全筆移轉
RPUNMLMLJHLGFAG08DA,2,55.11,本共有部分之項目有停車空間、機電空間、樓梯間等３項,鋼筋混凝土造,113年2月23日,四層,,持分移轉
RPPNMLRKJHLGFBG08DA,10,334.64,住家用,鋼筋混凝土造,105年3月8日,四層,一層 二層 三層 四層 陽台,全筆移轉
RPQNMLNLJHLGFBG97EA,44,36.47,住家用,鋼筋混凝土加強磚造,70年12月24日,二層,一層 二層,持分移轉
RPPNMLMLJHLGFAG67EA,1,213.79,住宅、樓梯間,鋼筋混凝土造（ＲＣ）,114年5月15日,三層,一層 二層 三層 陽台 見其他登記事項,全筆移轉
RPPNMLMLJHLGFBG67DA,,133.31,住家用,鋼筋混凝土造,114年8月15日,三層,一層 二層 三層 陽台,全筆移轉
RPPOMLQKJHLGFAG97DA,52,83.26,住家用,鋼筋混凝土加強磚造,63年3月1日,二層,一層 二層,全筆移轉
RPWPMLLMKIKGFAG58DA,48,102.16,住家用,鐵筋加強磚造,66年12月31日,二層,一層 二層 騎樓,全筆移轉
RPRNMLMLJHLGFBG87DA,,131.58,住家用,鋼筋混凝土造,114年8月15日,三層,一層 二層 三層 陽台,全筆移轉
RPTNMLQKJHLGFBG38DA,45,88.14,住家用,鋼筋混凝土加強磚造,69年7月5日,二層,一層 二層,全筆移轉
RPTNMLMLJHLGFBG08DA,31,72.97,辦公室,鋼筋混凝土造,84年4月19日,八層,四層 陽台,全筆移轉
RPTNMLMLJHLGFBG08DA,31,10.96,共有部份,鋼筋混凝土造,84年4月19日,八層,,持分移轉
RPTNMLMLJHLGFBG08DA,31,27.73,共有部份,鋼筋混凝土造,84年4月19日,八層,,持分移轉
RPSOMLQLJHLGFBG48DA,1,63.03,集合住宅,鋼筋混凝土造,113年11月26日,四層,二層 陽台,全筆移轉
RPSOMLQLJHLGFBG48DA,1,4.93,本共有部分之項目有：停車空間、管委會空間、電機空間等３項,鋼筋混凝土造,113年11月26日,四層,,持分移轉
RPSOMLQLJHLGFBG48DA,1,19.23,本共有部分之項目有：樓梯間、電梯間、水箱等３項,鋼筋混凝土造,113年11月26日,四層,,持分移轉
RPVNMLQLJHLGFAG58DA,1,173.51,住宅、樓梯間,鋼筋混凝土（ＲＣ）,113年6月17日,三層,一層 二層 三層 陽台 見其他登記事項,全筆移轉
RPUNMLPKKIKGFBG48DA,51,106.22,住家用,鋼筋混凝土加強磚造,63年6月29日,二層,一層 二層 騎樓,全筆移轉
RPOOMLMKJHLGFBG57DA,,405.51,農舍,鋼筋混凝土造,114年6月25日,三層,一層 二層 三層 陽台,全筆移轉
RPVNMLPKJHLGFBG48DA,20,241.07,住家用,鋼筋混凝土造,94年7月14日,三層,一層 二層 三層 陽台 見其他登記事項,全筆移轉
RPPOMLQKJHLGFBG08DA,22,21.61,共有部份,鋼筋混凝土造,92年11月28日,四層,,持分移轉
RPPOMLQKJHLGFBG08DA,22,230.24,住家用,鋼筋混凝土造,92年11月28日,四層,一層 二層 三層 四層 陽台 雨遮 地下層 見其他登記事項,全筆移轉
RPPNMLQLJHLGFAG08EA,,127.98,集合住宅,鋼筋混凝土（ＲＣ）,114年8月18日,三層,一層 二層 三層 陽台,全筆移轉
RPPNMLQLJHLGFAG08EA,,.42,本共有部分之項目有電信機房等１項。,鋼筋混凝土（ＲＣ）,114年8月18日,一層,,持分移轉
RPPOMLNLJHLGFBG87DA,10,187.78,住宅、樓梯間,鋼筋混凝土造,104年10月8日,三層,一層 二層 三層 陽台 見其他登記事項,全筆移轉
RPQNMLQLJHLGFAG08DA,32,70.77,住家用,鋼筋混凝土造,83年1月13日,五層,三層 陽台 雨遮,全筆移轉
RPQNMLQLJHLGFAG08DA,32,8.10,梯間、屋頂（共同使用部分）突出物,鋼筋混凝土造,83年1月13日,五層,,持分移轉
RPXNMLQLJHLGFBG88DA,33,29.47,住家用,鋼筋混凝土造,81年11月10日,七層,七層 陽台,全筆移轉
RPXNMLQLJHLGFBG88DA,33,18.64,共有部份,鋼筋混凝土造,81年11月10日,七層,,持分移轉
RPXNMLPJJHLGFBG58DA,48,52.26,住家用,鋼筋混凝土加強磚造,66年9月13日,二層,一層 二層,持分移轉
RPXNMLRLJHLGFAG88DA,19,321.36,工廠．辦公室,鋼筋混凝土造,96年5月25日,二層,一層 二層 陽台 屋頂突出物,全筆移轉
RPUNMLSLJHLGFAG68DA,51,169.70,住家用,鋼筋混凝土加強磚造,64年1月28日,三層,一層 二層 三層 騎樓,全筆移轉
RPTNMLSLJHLGFBG68DA,31,24.88,共有部份,鋼筋混凝土造,83年12月17日,八層,,持分移轉
RPTNMLSLJHLGFBG68DA,31,42.29,住家用,鋼筋混凝土造,83年12月17日,八層,三層 陽台,全筆移轉
RPQPMLSLJHLGFAG48DA,32,161.35,住家用,鋼筋混凝土造,83年6月6日,三層,一層 二層 三層 陽台 見其他登記事項,全筆移轉
RPVNMLSLJHLGFBG88DA,44,108.00,住家用,鋼筋混凝土造,70年12月15日,五層,一層,全筆移轉
RPVNMLSLJHLGFBG88DA,44,8.65,共有部份,鋼筋混凝土造,70年12月15日,五層,,持分移轉
RPVNMLSLJHLGFBG88DA,44,5.69,共有部份,鋼筋混凝土造,70年12月15日,五層,,持分移轉
RPVOMLKLJHLGFBG18DA,32,133.26,住家用,鋼筋混凝土造,83年3月16日,七層,一層 平台,全筆移轉
RPVOMLKLJHLGFBG18DA,32,35.57,共有部份,鋼筋混凝土造,83年3月6日,七層,,持分移轉
RPPNMLTKJHLGFBG28DA,,361.23,農舍、樓梯間,鋼筋混凝土造,114年7月28日,三層,一層 二層 三層 陽台 見其他登記事項,全筆移轉
RPRNMLMLJHLGFAG77DA,,310.10,農舍,鋼筋混凝土（ＲＣ）,114年9月2日,二層,一層 二層 陽台,全筆移轉
RPUNMLSLJHLGFBG78DA,3,44.91,管理室、飼料調配及儲存室,鋼筋混凝土造,111年10月7日,一層,一層,全筆移轉
RPWOMLKLJHLGFBG28DA,10,257.65,住宅、樓梯間,鋼筋混凝土造,104年10月14日,四層,一層 二層 三層 四層 陽台 見其他登記事項,全筆移轉
RPTPMLRLJHLGFBG78DA,45,160.24,住家用,鋼筋混凝土加強磚造,69年12月13日,四層,一層 二層 三層 四層,全筆移轉
RPRNMLKMKIKGFAG77DA,19,318.93,工廠．辦公室,鋼筋混凝土造,96年5月25日,二層,一層 二層 陽台 屋頂突出物,全筆移轉
RPPNMLLLJHLGFBG67EA,48,81.00,住家用,鋼筋混凝土加強磚造,67年4月24日,二層,一層 二層,全筆移轉
RPWOMLPJJHLGFAG48DA,28,36.12,住家用,鋼筋混凝土造,86年12月6日,六層,二層 陽台,全筆移轉
RPWNMLKLJHLGFBG18DA,30,24.53,住家用,鋼筋混凝土造,84年7月15日,八層,八層 陽台,全筆移轉
RPWNMLKLJHLGFBG18DA,30,3.22,共有部份,鋼筋混凝土造,84年7月15日,八層,,持分移轉
RPWNMLKLJHLGFBG18DA,30,31.70,共有部份,鋼筋混凝土造,84年7月15日,八層,,持分移轉
RPPNMLSJJHLGFBG08DA,44,91.89,住家用,鋼筋混凝土造,70年12月24日,四層,四層,全筆移轉
RPTNMLMLJHLGFAG97DA,6,.63,住家用,鋼筋混凝土造（ＲＣ）,109年4月9日,四層,一層,持分移轉
RPWOMLPJJHLGFAG48DA,28,6.61,梯間、機械室、水箱、共同使用部份,鋼筋混凝土造,86年12月6日,六層,,持分移轉
RPTNMLMLJHLGFAG97DA,6,.53,住家用,鋼筋混凝土造（ＲＣ）,109年4月9日,四層,一層,持分移轉
RPPNMLSJJHLGFBG08DA,44,7.37,共有部份,鋼筋混凝土造,70年12月24日,四層,,持分移轉
RPWOMLPJJHLGFAG48DA,28,8.42,停車場、共同使用部份,鋼筋混凝土造,86年12月6日,六層,,持分移轉
RPPNMLSJJHLGFBG08DA,44,7.01,共有部份,鋼筋混凝土造,70年12月24日,四層,,持分移轉
RPTNMLMLJHLGFAG97DA,6,42.35,住家用,鋼筋混凝土造（ＲＣ）,109年4月9日,四層,四層 陽台,全筆移轉
RPTNMLMLJHLGFAG97DA,6,8.92,本共有部分之項目有梯廳、電梯等２項。,鋼筋混凝土造（ＲＣ）,109年4月9日,四層,,持分移轉
RPOOMLSLJHLGFAG18DA,1,65.36,集合住宅,鋼骨鋼筋混凝土造,114年1月9日,七層,七層 陽台,全筆移轉
RPOOMLSLJHLGFAG18DA,1,11.91,本共有部分之項目有停車空間等１項。,鋼骨鋼筋混凝土造,114年1月9日,七層,,持分移轉
RPQOMLSLJHLGFBG48DA,,389.68,農舍、電梯間,鋼筋混凝土造,114年9月30日,三層,一層 二層 三層 陽台 見其他登記事項,全筆移轉
RPOOMLSLJHLGFAG18DA,1,15.47,本共有部分之項目有樓梯間、電梯間、水箱等３項。,鋼骨鋼筋混凝土造,114年1月9日,七層,,持分移轉
RPUNMLPKJHLGFAG28DA,18,50.11,住家用,鋼筋混凝土造,97年5月19日,六層,二層 陽台,全筆移轉
RPUNMLPKJHLGFAG28DA,18,7.17,機械室．停車空間,鋼筋混凝土造,97年5月19日,六層,,持分移轉
RPUNMLPKJHLGFAG28DA,18,7.91,梯間．通道,鋼筋混凝土造,97年5月19日,六層,,持分移轉
RPWPMLLLJHLGFBG48DA,1,56.91,集合住宅,鋼筋混凝土造,114年1月3日,十層,二層 陽台,全筆移轉
RPWPMLLLJHLGFBG48DA,1,54.61,本共有部分之項目有：停車空間、防空避難室兼停車空間、管委會空間、樓電梯間、機電設備空間、樓梯間、水箱等７項。,鋼筋混凝土造,114年1月3日,十層,,持分移轉
RPUNMLKMJHLGFBG08DA,27,90.12,住家用,鋼筋混凝土造,88年1月21日,十四層,五層 陽台 雨遮,全筆移轉
RPUNMLKMJHLGFBG08DA,27,6.38,共有部份,鋼筋混凝土造,88年1月21日,十四層,,持分移轉
RPUNMLKMJHLGFBG08DA,27,19.17,共有部份,鋼筋混凝土造,88年1月21日,十四層,,持分移轉
RPUNMLKMJHLGFBG08DA,27,22.79,共有部份,鋼筋混凝土造,88年1月21日,十四層,,持分移轉
RPTNMLKMJHLGFBG97DA,40,73.47,住家用,鋼筋混凝土加強磚造,74年9月3日,二層,一層 二層 騎樓,持分移轉
RPQNMLNLJHLGFBG87DA,31,90.78,辦公室,鋼筋混凝土造,83年8月20日,十二層,三層 陽台,全筆移轉
RPTNMLKMJHLGFBG97DA,40,36.73,住家用,鋼筋混凝土加強磚造,74年9月3日,二層,一層 二層 騎樓,持分移轉
RPQNMLNLJHLGFBG87DA,31,19.03,共有部份,鋼筋混凝土造,83年8月20日,十二層,,持分移轉
RPUNMLNJKHLGFBG18DA,,196.97,門廊、住宅、樓梯間、昇降梯間,鋼筋混凝土造,114年11月5日,三層,一層 二層 三層 陽台 見其他登記事項,全筆移轉
RPQNMLLMJHLGFBG77DA,33,37.35,住家用,鋼筋混凝土造,82年3月1日,七層,五層 陽台,全筆移轉
RPQNMLLMJHLGFBG77DA,33,18.88,共有部份,鋼筋混凝土造,82年3月1日,七層,,持分移轉
RPRNMLLMJHLGFBG87DA,33,37.35,住家用,鋼筋混凝土造,82年3月1日,七層,五層 陽台,全筆移轉
RPRNMLLMJHLGFBG87DA,33,18.88,共有部份,鋼筋混凝土造,82年3月1日,七層,,持分移轉
RPPOMLTLJHLGFAG38DA,2,53.20,集合住宅,鋼筋混凝土造,112年10月19日,四層,三層 陽台,全筆移轉
RPPOMLTLJHLGFAG38DA,2,18.50,本件共有部分之項目：樓梯間等１項,鋼筋混凝土造,112年10月19日,四層,,持分移轉
RPTNMLNJKHLGFBG18EA,32,20.86,住家用,鋼筋混凝土造,82年7月8日,七層,二層 陽台,持分移轉
RPTNMLNJKHLGFBG18EA,32,5.56,共有部份,鋼筋混凝土造,82年7月8日,七層,,持分移轉
RPTQMLNJKHLGFAG28DA,3,71.54,集合住宅,鋼筋混凝土（ＲＣ）,111年8月1日,四層,三層 陽台,全筆移轉
RPTQMLNJKHLGFAG28DA,3,32.09,本共有部分之項目有停車空間、樓電梯、機電空間、水箱室等４項,鋼筋混凝土（ＲＣ）,111年8月1日,四層,,持分移轉
RPQRMLOJKHLGFAG18DA,64,239.60,住家用,加強磚造,,二層,一層 二層,全筆移轉
RPUNMLMJJHLGFBG97DA,32,105.78,住家用,鋼筋混凝土造,82年12月20日,五層,四層 陽台,全筆移轉
RPUNMLMJJHLGFBG97DA,32,12.68,共有部份,鋼筋混凝土造,82年12月20日,五層,,持分移轉
RPQNMLNLKIKGFBG97DA,1,90.36,集合住宅,鋼筋混凝土造,114年2月27日,七層,三層 陽台,全筆移轉
RPQNMLNLKIKGFBG97DA,1,38.26,本共有部分之項目有：停車空間、機械室、梯間、水箱等４項,鋼筋混凝土造,114年2月27日,七層,,持分移轉
RPSNMLMJKHLGFBG87DA,1,67.64,集合住宅,鋼筋混凝土造,113年9月18日,四層,四層 陽台,全筆移轉
RPSNMLMJKHLGFBG87DA,1,22.22,本共有部分之項目有：停車空間、樓梯、電梯間、管委會空間等４項,鋼筋混凝土造,113年9月18日,四層,,持分移轉
RPWNMLNJKHLGFBG38DA,26,45.21,住家用,鋼筋混凝土造,88年8月31日,九層,六層 陽台,全筆移轉
RPWNMLNJKHLGFBG38DA,26,22.70,共有部份,鋼筋混凝土造,88年8月31日,九層,,持分移轉
RPXNMLTLJHLGFBG56DA,39,140.08,住商用,鋼筋混凝土加強磚造,75年10月29日,二層,一層 二層 騎樓,全筆移轉
RPVOMLNKJHLGFAG28DA,3,49.76,集合住宅,鋼筋混凝土造,112年1月11日,五層,四層 陽台,全筆移轉
RPROMLMJKHLGFBG87DA,4,88.34,集合住宅,鋼筋混凝土造,111年1月24日,八層,五層 陽台,全筆移轉
RPVOMLNKJHLGFAG28DA,3,13.89,本共有部分之項目有樓梯間、機械室、儲水槽等３項。,鋼筋混凝土造,112年1月11日,五層,,持分移轉
RPSOMLNKJHLGFAG97DA,3,45.38,集合住宅,鋼筋混凝土造,112年5月5日,五層,五層 陽台,全筆移轉
RPVOMLNKJHLGFAG28DA,3,7.25,本共有部分之項目有機電空間、停車空間等２項。,鋼筋混凝土造,112年1月11日,五層,,持分移轉
RPROMLMJKHLGFBG87DA,4,99.77,本共有部分之項目有：停車空間、管理委員會使用空間、梯廳、門廊、樓梯間、水箱、機房等７項,鋼筋混凝土造,111年1月24日,八層,,持分移轉
RPSOMLNKJHLGFAG97DA,3,20.84,本共有部分之項目有停車空間、機電空間等２項。,鋼筋混凝土造,112年5月5日,五層,,持分移轉
RPSOMLNKJHLGFAG97DA,3,13.21,本共有部分之項目有樓梯間、機械室及儲水槽等３項。,鋼筋混凝土造,112年5月5日,五層,,持分移轉
RPSNMLPJKHLGFBG18DA,32,72.81,住家用,鋼筋混凝土造,83年2月7日,五層,三層 四層 陽台,全筆移轉
RPWRMLOJKHLGFAG78DA,32,70.55,住家用,鋼筋混凝土造,83年4月13日,六層,四層 陽台,全筆移轉
RPWRMLOJKHLGFAG78DA,32,7.75,共有部份,鋼筋混凝土造,83年4月13日,六層,,持分移轉
RPSNMLPJKHLGFBG18DA,32,7.17,共有部份,鋼筋混凝土造,83年2月7日,五層,,持分移轉
RPWRMLOJKHLGFAG78DA,32,6.59,共有部份,鋼筋混凝土造,83年4月13日,六層,,持分移轉
RPPNMLQJKHLGFBG97DA,31,90.70,辦公室,鋼筋混凝土造,83年8月11日,十層,五層 陽台,全筆移轉
RPPNMLQJKHLGFBG97DA,31,15.00,共有部份,鋼筋混凝土造,83年8月11日,十層,,持分移轉
RPPNMLQJKHLGFBG97DA,31,8.64,共有部份,鋼筋混凝土造,83年8月11日,十層,,持分移轉
RPOOMLKLJHLGFAG37DA,1,48.61,集合住宅,鋼筋混凝土（ＲＣ）,113年7月12日,五層,四層 陽台,全筆移轉
RPOOMLKLJHLGFAG37DA,1,7.16,本共有部分之項目有停車空間、機電空間等２項,鋼筋混凝土（ＲＣ）,113年7月12日,五層,,持分移轉
RPOOMLKLJHLGFAG37DA,1,17.96,本共有部分之項目有樓梯間、機械室、儲水槽等３項,鋼筋混凝土（ＲＣ）,113年7月12日,五層,,持分移轉
RPXOMLMJKHLGFBG48DA,31,74.10,住家用,鋼筋混凝土造,84年3月16日,十二層,四層 陽台 雨遮,全筆移轉
SPQPMLQJKHLGFAG28DA,,194.57,住家用,鋼筋混凝土（ＲＣ）,114年9月2日,三層,一層 二層 三層 陽台,全筆移轉
RPXOMLMJKHLGFBG48DA,31,17.46,共有部份,鋼筋混凝土造,84年3月16日,十七層,,持分移轉
RPSPMLQJKHLGFAG38DA,,196.22,住家用,鋼筋混凝土（ＲＣ）,114年9月2日,三層,一層 二層 三層 陽台,全筆移轉
RPPNMLSJKHLGFAG08DA,30,23.20,住家用,鋼筋混凝土造,85年2月16日,九層,一層,全筆移轉
RPPNMLSJKHLGFAG08DA,30,8.61,停車場、機械室、防空避難室、共同使用部份,鋼筋混凝土造,85年2月16日,九層,,持分移轉
RPPNMLSJKHLGFAG08DA,30,8.57,停車場、防空避難室、水箱、共同使用部份,鋼筋混凝土造,85年2月16日,九層,,持分移轉
RPPNMLSJKHLGFAG08DA,30,7.14,通道、梯間、共同使用部份,鋼筋混凝土造,85年2月16日,九層,,持分移轉
SPUPMLQJKHLGFAG68DA,,205.12,住家用,鋼筋混凝土（ＲＣ）,114年9月2日,三層,一層 二層 三層 陽台,全筆移轉
RPSNMLTJKHLGFBG58DA,1,232.47,集合住宅,鋼筋混凝土造,114年4月2日,九層,九層 陽台,全筆移轉
RPSNMLTJKHLGFBG58DA,1,178.68,本共有部分之項目有：防空避難室兼停車空間、騎樓、樓梯間、電梯間、電梯機房、水箱間、管理委員會使用空間等７項,鋼筋混凝土造,114年4月2日,九層,,持分移轉
SPVPMLQJKHLGFAG78DA,,207.57,住家用,鋼筋混凝土（ＲＣ）,114年9月2日,三層,一層 二層 三層 陽台,全筆移轉
RPRNMLTJKHLGFAG38DA,57,102.68,住家用,鋼筋混凝土加強磚造,57年10月24日,二層,一層 二層,全筆移轉
RPTOMLKKKHLGFBG97DA,25,94.86,共有部份,鋼骨鋼筋混凝土造,90年5月28日,四層,,持分移轉
RPTOMLKKKHLGFBG97DA,25,208.86,住商用,鋼骨鋼筋混凝土造,90年5月28日,三層,一層 二層 三層 陽台 見其他登記事項,全筆移轉
RPXOMLSJJHLGFAG88DA,,65.79,集合住宅,鋼筋混凝土（ＲＣ）,114年10月1日,四層,三層 陽台,全筆移轉
RPXOMLSJJHLGFAG88DA,,18.06,本共有部分之項目有停車空間、弱電機械室、及消防機械室、樓梯間、電梯間等５項,鋼筋混凝土（ＲＣ）,114年10月1日,四層,,持分移轉
RPSNMLNLJHLGFBG08DA,9,42.95,集合住宅,鋼筋混凝土造,105年11月8日,十三層,八層 陽台,全筆移轉
RPSNMLNLJHLGFBG08DA,9,32.25,本共有部分之項目有：停車空間、頂蓋型廣場式開放空間、公共服務空間、ＫＴＶ室、棋牌室、樓梯間、水錶區、水箱,鋼筋混凝土造,105年11月8日,十三層,,持分移轉
RPQOMLKKKHLGFBG67DA,31,25.18,共有部份,鋼筋混凝土造,83年12月17日,八層,,持分移轉
RPQOMLKKKHLGFBG67DA,31,46.13,住家用,鋼筋混凝土造,83年12月17日,八層,二層 陽台,全筆移轉
RPRNMLKMJHLGFBG77DA,12,181.22,店舖、住宅、樓梯間,鋼筋混凝土造,102年12月23日,三層,一層 二層 三層 陽台 屋頂突出物,全筆移轉
RPXOMLLKKIKGFAG38DA,2,200.57,停車空間、店舖、住宅、樓梯間,鋼筋混凝土（ＲＣ）,112年9月22日,三層,一層 二層 三層 陽台 見其他登記事項,全筆移轉
RPRNMLMKKHLGFAG77DA,5,170.67,住家用,ＲＣ造,109年10月13日,三層,一層 二層 三層 陽台,全筆移轉
RPTNMLQKJHLGFAG28DA,,96.73,店舖、住宅,鋼筋混凝土造,114年7月7日,三層,一層 二層 三層 陽台,全筆移轉
RPPOMLLKKHLGFAG57DA,29,90.07,住家用,鋼筋混凝土造,86年1月23日,七層,四層 陽台,全筆移轉
RPPOMLLKKHLGFAG57DA,29,12.87,梯間．共同使用部份,鋼筋混凝土造,86年1月23日,七層,,持分移轉
RPPOMLLKKHLGFAG57DA,29,.71,管理室．共同使用部份,鋼筋混凝土造,86年1月23日,七層,,持分移轉
RPTOMLLKKHLGFAG97DA,,95.72,集合住宅,鋼筋混凝土（ＲＣ）,114年6月16日,五層,一層 陽台,全筆移轉
RPPOMLLKKHLGFAG57DA,29,22.37,停車場．防空避難室．通道．共同使用部份,鋼筋混凝土造,86年1月23日,七層,,持分移轉
RPTOMLLKKHLGFAG97DA,,42.67,本共有部分之項目有停車空間、騎樓、機械室、樓梯間、機電空間、水箱等６項。,鋼筋混凝土（ＲＣ）,114年6月16日,五層,,持分移轉
RPUNMLTLJHLGFBG88DA,31,93.46,住家用,鋼筋混凝土造,83年8月2日,七層,三層 陽台,全筆移轉
RPUNMLTLJHLGFBG88DA,31,40.97,共有部份,鋼筋混凝土造,83年8月2日,七層,,持分移轉
RPRNMLKKKHLGFAG57DA,45,113.14,住家用,鋼筋混凝土造,70年3月12日,二層,一層 二層 騎樓,全筆移轉
RPPNMLMKKHLGFAG57DA,46,85.50,住家用,鋼筋混凝土加強磚造,69年2月12日,二層,一層 二層,全筆移轉
RPPNMLNKKHLGFBG77DA,31,46.22,住家用,鋼筋混凝土造,84年3月16日,十二層,二層 陽台 雨遮,全筆移轉
RPPNMLNKKHLGFBG77DA,31,10.60,共有部份,鋼筋混凝土造,84年3月16日,十七層,,持分移轉
RPPPMLQJKHLGFAG08DA,,156.51,住家用,鋼筋混凝土造,114年10月15日,三層,一層 二層 三層 陽台,全筆移轉
RPQNMLNLKHLGFBG97DA,10,258.93,住宅、水箱,鋼筋混凝土造,104年7月8日,四層,一層 二層 三層 四層 陽台 見其他登記事項,全筆移轉
RPPNMLTLKIKGFBG48DA,1,175.83,住宅、樓梯間,鋼筋混凝土造,113年8月13日,三層,一層 二層 三層 陽台 見其他登記事項,全筆移轉
RPOOMLNLKHLGFBG87DA,10,194.08,住家用,鋼筋混凝土造,105年6月7日,三層,一層 二層 三層 陽台,全筆移轉
RPVQMLNJKHLGFAG48DA,8,189.66,住家用,鋼筋混凝土（ＲＣ）,107年2月7日,三層,一層 二層 三層 陽台,全筆移轉
RPQNMLTLKIKGFBG58DA,1,2.56,日常用品零售場所,鋼筋混凝土造,113年11月22日,四層,地下一層,持分移轉
RPQNMLTLKIKGFBG58DA,1,1.27,本共有部分之項目有：機電設備空間、管委會使用空間、梯廳、Ａ棟梯廳、Ｂ棟梯廳、Ｃ棟梯廳、Ｄ棟梯廳、車道、陽台、無障礙昇降機、戶外安全梯（Ａ２）（無障礙）、戶外安全梯（Ｂ２）（無障礙）、戶外安全梯（Ｃ２）（無障礙）、戶外安全梯（Ｄ２）（無障礙）、戶外安全梯（Ｂ２）兼無障礙樓梯、停車空間兼防空避難室、水箱Ａ、水箱Ｂ、水箱Ｃ、水箱Ｄ、電信機房、安全梯（Ｅ）、電表區、消防泵浦室發電機室、台電配電室等２５項,鋼筋混凝土造,113年11月22日,四層,,持分移轉
RPPPMLPLKHLGFBG28DA,38,133.68,住家用,鋼筋混凝土加強磚造,77年5月27日,二層,一層 二層,全筆移轉
RPXOMLQLJHLGFBG98DA,26,15.89,共有部份,鋼筋混凝土造,89年4月27日,十二層,,持分移轉
RPXOMLQLJHLGFBG98DA,26,84.74,住商用,鋼筋混凝土造,89年4月27日,十二層,一層 二層 陽台,全筆移轉
RPXOMLQLJHLGFBG98DA,26,6.81,共有部份,鋼筋混凝土造,89年4月27日,十二層,,持分移轉
RPPNMLOLKHLGFAG97EA,47,115.52,住家用,鋼筋混凝土加強磚造,68年4月9日,二層,一層 二層 騎樓,全筆移轉
RPXOMLOLKHLGFBG88DA,,82.50,住家用,鋼筋混凝土加強磚造,,二層,一層 二層,全筆移轉
RPUNMLNJLHLGFAG18DA,,205.12,住家用,鋼筋混凝土（ＲＣ）,114年9月2日,三層,一層 二層 三層 陽台,全筆移轉
RPTNMLMJLHLGFBG08DA,17,76.59,集合住宅,鋼筋混凝土造,97年6月25日,十三層,二層 陽台,全筆移轉
RPTNMLMJLHLGFBG08DA,17,69.60,共有部份,鋼筋混凝土造,97年6月25日,十三層,,持分移轉
RPTNMLMJLHLGFBG08DA,17,.79,共有部份,鋼筋混凝土造,97年6月25日,十三層,,持分移轉
RPVNMLNJLHLGFAG28DA,,205.12,住家用,鋼筋混凝土（ＲＣ）,114年9月2日,三層,一層 二層 三層 陽台,全筆移轉
RPROMLNJLHLGFBG08DA,30,89.11,住家用,鋼筋混凝土造,84年7月15日,八層,八層 陽台,全筆移轉
RPROMLNJLHLGFBG08DA,30,11.85,共有部份,鋼筋混凝土造,84年7月15日,八層,,持分移轉
RPROMLNJLHLGFBG08DA,30,46.54,共有部份,鋼筋混凝土造,84年7月15日,八層,,持分移轉
RPQOMLNJLHLGFBG97DA,14,209.13,住宅、樓梯間,鋼筋混凝土造,101年4月19日,三層,一層 二層 三層 陽台 屋頂突出物 見其他登記事項,全筆移轉
RPWNMLQLJHLGFAG68DA,27,24.05,住家用,鋼筋混凝土造,88年1月28日,十四層,十一層 陽台,全筆移轉
RPWNMLQLJHLGFAG68DA,27,18.27,共同使用部份　梯間．通道．防空避難室．停車場,鋼筋混凝土造,88年1月28日,十四層,,持分移轉
RPUNMLRJJHLGFBG48DA,1,189.54,住宅、停車空間、樓梯間,鋼筋混凝土造,113年7月26日,三層,一層 二層 三層 陽台 見其他登記事項,全筆移轉
RPTOMLMJLHLGFAG08DA,16,187.95,住家用,鋼骨鋼筋混凝土造,98年7月30日,三層,一層 二層 三層 陽台 屋頂突出物,全筆移轉
RPQNMLPJLHLGFAG97DA,44,200.79,住家用,鋼筋混凝土加強磚造,71年2月24日,三層,一層 二層 三層 騎樓,全筆移轉
RPPNMLRJKIKGFAG97DA,2,54.93,集合住宅,鋼筋混凝土造,112年7月31日,五層,二層 陽台,全筆移轉
RPPNMLRJKIKGFAG97DA,2,22.23,本共有部分之項目有樓電梯間、機房等２項。,鋼筋混凝土造,112年7月31日,五層,,持分移轉
RPPNMLRJKIKGFAG97DA,2,29.73,本共有部分之項目有室內停車場等１項。,鋼筋混凝土造,112年7月31日,五層,,持分移轉
RPVNMLKKKIKGFBG08DA,56,93.08,住家用,鋼筋混凝土加強磚造,59年1月7日,二層,一層 二層,全筆移轉
RPTNMLLKKIKGFBG97DA,3,85.39,集合住宅,鋼筋混凝土造,111年10月3日,五層,三層 陽台,全筆移轉
RPTNMLLKKIKGFBG97DA,3,48.29,本共有部分之項目有：停車空間、門廳、樓梯間等３項,鋼筋混凝土造,111年10月3日,五層,,持分移轉
RPWNMLTJKIKGFAG88DA,50,59.27,住家用,鋼筋混凝土加強磚造,64年11月17日,二層,一層 二層,持分移轉
RPRNMLSJKIKGFAG28DA,37,115.06,住家用,鋼筋混凝土造,78年3月7日,五層,二層 陽台,全筆移轉
RPRNMLSJKIKGFAG28DA,37,23.62,公共部份,鋼筋混凝土造,78年3月7日,地下層,,持分移轉
RPPPMLKKKIKGFBG67DA,1,298.60,農舍,鋼筋混凝土造,113年7月9日,三層,一層 二層 三層 陽台,全筆移轉
RPRNMLMKKIKGFBG87DA,7,44.95,集合住宅,鋼筋混凝土造,108年1月3日,十五層,十四層 陽台,全筆移轉
RPRNMLMKKIKGFBG87DA,7,36.59,本共有部分之項目有：停車空間、機電設備空間、水箱、梯廳、供管委員會使用空間、樓電梯間、機房等７項,鋼筋混凝土造,108年1月3日,十五層,,持分移轉
RPQNMLQLKIKGFAG18DA,3,72.08,集合住宅,鋼筋混凝土（ＲＣ）,111年12月30日,五層,五層 陽台,全筆移轉
RPQNMLQLKIKGFAG18DA,3,22.45,本共有部分之項目有停車空間１項。,鋼筋混凝土（ＲＣ）,111年12月30日,五層,,持分移轉
RPQNMLQLKIKGFAG18DA,3,28.86,本共有部分之項目有樓梯間、機房等２項。,鋼筋混凝土（ＲＣ）,111年12月30日,五層,,持分移轉
RPSNMLLMJHLGFBG97DA,,91.86,住家用,鋼筋混凝土加強磚造,,二層,一層 二層 騎樓,全筆移轉
RPPNMLQLKIKGFAG08DA,3,71.56,集合住宅,鋼筋混凝土（ＲＣ）,111年12月30日,五層,三層 陽台,全筆移轉
RPPNMLQLKIKGFAG08DA,3,22.42,本共有部分之項目有停車空間１項。,鋼筋混凝土（ＲＣ）,111年12月30日,五層,,持分移轉
RPPNMLQLKIKGFAG08DA,3,28.70,本共有部分之項目有樓梯間、機房等２項。,鋼筋混凝土（ＲＣ）,111年12月30日,五層,,持分移轉
RPUQMLOJKHLGFAG48DA,,10.10,住家用,木造,,一層,一層,持分移轉
RPQNMLMKKIKGFAG67DA,1,70.30,店鋪,鋼筋混凝土（ＲＣ）,114年4月15日,四層,二層 陽台,全筆移轉
RPQNMLMKKIKGFAG67DA,1,22.45,本共有部分之項目有停車空間、台電配電場所、樓（電）梯間等３項,鋼筋混凝土（ＲＣ）,114年4月15日,四層,,持分移轉
RPQNMLMKKIKGFAG67DA,1,12.98,本共有部分之項目有無障礙樓梯間、無障礙電梯等２項。,鋼筋混凝土（ＲＣ）,114年4月15日,四層,,持分移轉
RPXOMLKKKIKGFAG28DA,41,8.25,樓梯間、國民住宅,鋼筋混凝土造,74年2月5日,,,持分移轉
RPXOMLKKKIKGFAG28DA,41,91.01,住家用,鋼筋混凝土造,74年2月5日,五層,三層 陽台,全筆移轉
RPPNMLMKKIKGFBG77EA,2,59.67,集合住宅,鋼筋混凝土造,113年3月21日,六層,四層 陽台,全筆移轉
RPPNMLMKKIKGFBG77EA,2,25.31,本共有部分之項目有：停車空間、機電空間、樓梯間、機械室、水箱等５項,鋼筋混凝土造,113年3月21日,六層,,持分移轉
RPXPMLMJKIKGFBG58DA,7,68.60,本共有部分之項目有：停車場兼防空避難室、停車場、公共服務空間、梯廳、安全梯、走道、車道、陽台、雨遮、發電機室設備空間、消防泵浦室設備空間、蓄水箱設備空間、電梯、排煙室空間、電信機房設備空間、台電配電室設備空間、垃圾暫存設備空間、排煙管道間、機電設備空間、緊急升降機、兒童教室、交誼區（室）、健身教室、閱覽室、社區會議室、韻律教室、管理室等２７項,鋼筋混凝土造,108年5月6日,十三層,,持分移轉
RPXPMLMJKIKGFBG58DA,7,120.30,集合住宅,鋼筋混凝土造,108年5月6日,十三層,十層 陽台 雨遮,全筆移轉
RPXPMLMJKIKGFBG58DA,7,26.52,本共有部分之項目有：梯廳、安全梯、樓梯間、電梯間、機械室、蓄水池等６項,鋼筋混凝土造,108年5月6日,十三層,,持分移轉
RPWNMLLJKIKGFAG08DA,31,105.26,住家用,鋼筋混凝土造,83年8月19日,七層,七層 陽台,全筆移轉
RPWNMLLJKIKGFAG08DA,31,24.08,防空避難室、停車場、共同使用部份,鋼筋混凝土造,83年8月19日,七層,,持分移轉
RPWNMLLJKIKGFAG08DA,31,2.91,共有部份,鋼筋混凝土造,83年8月19日,七層,,持分移轉
RPTNMLPKKIKGFBG38DA,4,38.76,集合住宅,鋼筋混凝土造,110年7月1日,二十二層,五層 陽台,全筆移轉
RPTNMLPKKIKGFBG38DA,4,37.87,本共有部分之項目有：停車空間、消防機械室、排煙室、機械室、台電配電室、發電機房、防災中心、無頂蓋採光井、門廳、梯廳、特別安全梯、樓梯間、水錶室、安全梯、消防中繼機房、消防中繼水箱、電梯機房、水箱等１８項。,鋼筋混凝土造,110年7月1日,二十二層,,持分移轉
RPTNMLPKKIKGFBG38DA,4,.20,本共有部分之項目有：管理室等１項。,鋼筋混凝土造,110年7月1日,二十二層,,持分移轉
RPROMLKKKIKGFBG77DA,,11.21,商業用,磚造,,一層,一層 廚房,持分移轉
RPXNMLSKJIKGFAG88DA,1,47.24,集合住宅,鋼筋混凝土造,114年3月19日,五層,三層 陽台,全筆移轉
RPXNMLSKJIKGFAG88DA,1,24.32,本共有部分之項目有停車空間、樓梯間等２項。,鋼筋混凝土造,114年3月19日,五層,,持分移轉
RPTNMLMKKIKGFBG08DA,35,108.11,補習班,鋼筋混凝土造,80年2月12日,七層,一層 二層 陽台 騎樓,全筆移轉
RPTNMLMKKIKGFBG08DA,,20.69,共有部份,鋼筋混凝土造,,,,持分移轉
RPRNMLPKKIKGFBG18DA,17,28.21,共有部份,鋼筋混凝土、鋼骨造,97年8月28日,四層,,持分移轉
RPTOMLKKKIKGFBG97DA,,22.41,商業用,磚造,,一層,一層 廚房,持分移轉
RPRNMLPKKIKGFBG18DA,17,282.97,停車空間、住宅,鋼筋混凝土、鋼骨造,97年8月28日,四層,一層 二層 三層 四層 陽台 地下層,全筆移轉
RPQNMLPKKIKGFAG97DA,38,137.14,住家用,鋼筋混凝土造,77年2月11日,二層,一層 二層 屋頂突出物,全筆移轉
RPPNMLOLJIKGFBG87DA,46,121.06,住家用,鋼筋混凝土加強磚造,68年8月31日,二層,一層 二層 騎樓,全筆移轉
RPSNMLQKKIKGFBG38DA,1,65.91,集合住宅,鋼筋混凝土造,114年3月13日,四層,三層 陽台,全筆移轉
RPSNMLQKKIKGFBG38DA,1,18.46,本共有部分之項目有：樓梯間、電梯間、水箱、機械室等４項,鋼筋混凝土造,114年3月13日,四層,,持分移轉
RPPNMLPKKIKGFAG87DA,30,27.92,住家用,鋼筋混凝土造,84年6月15日,六層,四層,全筆移轉
RPPNMLPKKIKGFAG87DA,30,8.32,防空避難室及梯間、共同使用部份,鋼筋混凝土造,84年6月15日,六層,,持分移轉
RPQOMLKLJIKGFAG57DA,1,39.11,集合住宅,鋼筋混凝土（ＲＣ）,113年12月17日,四層,二層 陽台,全筆移轉
RPQOMLKLJIKGFAG57DA,1,25.76,本共有部分之項目有停車空間。,鋼筋混凝土（ＲＣ）,113年12月17日,四層,,持分移轉
RPQOMLKLJIKGFAG57DA,1,9.12,本共有部分之項目有梯間、樓梯間、電梯間等３項。,鋼筋混凝土（ＲＣ）,113年12月17日,四層,,持分移轉
RPWOMLMKKIKGFBG48DA,54,139.41,住家用,ＲＣ加強磚造,60年6月29日,二層,一層 二層,全筆移轉
RPWNMLMKKIKGFBG38DA,28,.07,管理室,鋼筋混凝土造,86年12月26日,十三層,一層,持分移轉
RPWNMLMKKIKGFBG38DA,28,41.54,住家用,鋼筋混凝土造,86年12月26日,十三層,十一層,全筆移轉
RPWNMLMKKIKGFBG38DA,28,.01,共有部份,鋼筋混凝土造,86年12月26日,十三層,,持分移轉
RPWNMLMKKIKGFBG38DA,28,8.38,共有部份,鋼筋混凝土造,86年12月26日,十三層,,持分移轉
RPWNMLMKKIKGFBG38DA,28,1.06,共有部份,鋼筋混凝土造,86年12月26日,十三層,,持分移轉
RPWNMLMKKIKGFBG38DA,28,.01,共有部份,鋼筋混凝土造,86年12月26日,十三層,,持分移轉
RPWNMLMKKIKGFBG38DA,28,8.35,共有部份,鋼筋混凝土造,86年12月26日,十三層,,持分移轉
RPWNMLMKKIKGFBG38DA,28,10.64,共有部份,鋼筋混凝土造,86年12月26日,十三層,,持分移轉
RPXNMLMKKIKGFBG48DA,44,10.17,共有部份,鋼筋混凝土造,70年9月14日,四層,,持分移轉
RPXNMLMKKIKGFBG48DA,44,85.19,住家用,鋼筋混凝土造,70年9月14日,四層,三層,全筆移轉
RPQNMLMJKHLGFBG67DA,36,464.69,住家用,鋼筋混凝土造,79年2月21日,四層,一層 二層 三層 四層 騎樓 走廊,全筆移轉
RPXNMLRLJIKGFBG98DA,11,41.70,集合住宅,鋼筋混凝土造,103年8月15日,五層,三層 陽台 雨遮,全筆移轉
RPXNMLRLJIKGFBG98DA,11,24.19,本共有部分之項目有：騎樓、集合住宅、社區管委會空間、停車空間、樓梯間、機械室等六項,鋼筋混凝土造,103年8月15日,五層,,持分移轉
RPQOMLSLJIKGFAG38DA,94,26.00,商業用,木造,20年8月10日,二層,一層 二層,全筆移轉
RPRNMLSJKIKGFBG38DA,28,75.71,住家用,鋼筋混凝土造,86年12月26日,十三層,十一層 陽台,全筆移轉
RPRNMLSJKIKGFBG38DA,28,9.61,共有部份,鋼筋混凝土造,86年12月26日,十三層,,持分移轉
RPRNMLSJKIKGFBG38DA,28,11.80,共有部份,鋼筋混凝土造,86年12月26日,十三層,,持分移轉
RPRNMLSJKIKGFBG38DA,28,9.58,共有部份,鋼筋混凝土造,86年12月26日,十三層,,持分移轉
RPRNMLSJKIKGFBG38DA,28,14.42,共有部份,鋼筋混凝土造,86年12月26日,十三層,,持分移轉
RPTNMLMJKIKGFBG97DA,45,88.40,住家用,鋼筋混凝土加強磚造,69年7月7日,二層,一層 二層,全筆移轉
RPQNMLMKKIKGFBG77DA,32,100.86,住家用,鋼筋混凝土造,83年3月19日,五層,五層 陽台,全筆移轉
RPQNMLMKKIKGFBG77DA,32,7.69,共有部份,鋼筋混凝土造,83年3月19日,五層,,持分移轉
RPPQMLSKKIKGFBG58DA,44,10.17,共有部份,鋼筋混凝土造,70年9月14日,四層,,持分移轉
RPPQMLSKKIKGFBG58DA,44,85.19,住家用,鋼筋混凝土造,70年9月14日,四層,一層,全筆移轉
RPSNMLSKKIKGFAG48DA,32,10.60,共同使用部分﹙梯間配電室﹚,鋼筋混凝土造,82年11月23日,五層,,持分移轉
RPSNMLSKKIKGFAG48DA,32,128.73,住家用,鋼筋混凝土造,82年11月23日,五層,四層 陽台,全筆移轉
RPSNMLSKKIKGFAG48DA,32,29.31,儲藏室,鋼筋混凝土造,82年11月23日,五層,,持分移轉
RPUOMLSKJIKGFAG68DA,10,174.92,住家用,鋼筋混凝土造,104年11月6日,三層,一層 二層 三層 陽台,全筆移轉
RPOPMLOJKIKGFAG77DA,,71.70,集合住宅,鋼筋混凝土（ＲＣ）,114年9月18日,四層,二層 陽台,全筆移轉
RPOPMLOJKIKGFAG77DA,,38.17,本共有部分之項目有停車空間、樓梯間、電信機房、梯廳、電梯間等５項。,鋼筋混凝土（ＲＣ）,114年9月18日,四層,,持分移轉
RPSQMLSKKIKGFBG88DA,14,44.63,辦公室,鋼筋混凝土造,100年5月27日,九層,二層 陽台 雨遮,全筆移轉
RPSQMLSKKIKGFBG88DA,14,5.44,本共有部分之項目有梯廳、走廊、雨遮等３項。,鋼筋混凝土造,100年5月27日,九層,,持分移轉
RPSQMLSKKIKGFBG88DA,14,26.28,本共有部分之項目有停車空間、蓄水池、垃圾集中室、水箱、消防蓄水池、緊急發電機室、消防泵浦室、台電配電室、電信室、機械室、生活污水處理設施、管理委員會辦公室、管理委員會會議室、管理委員會管理區、儲藏室、樓梯間、電梯機械室、陽台、雨遮等１９項。,鋼筋混凝土造,100年5月27日,九層,,持分移轉
RPUNMLTKKIKGFBG88DA,30,40.84,住家用,鋼筋混凝土造,84年6月1日,七層,三層 陽台,全筆移轉
RPUNMLTKKIKGFBG88DA,30,18.05,共有部份,鋼筋混凝土造,84年6月1日,七層,,持分移轉
RPQNMLTKKIKGFBG48DA,21,114.47,住家用,鋼筋混凝土造,93年9月27日,十四層,十四層 陽台,全筆移轉
RPQNMLTKKIKGFBG48DA,21,47.09,共有部份,鋼筋混凝土造,93年9月27日,十四層,,持分移轉
RPQNMLTKKIKGFBG48DA,21,18.00,共有部份,鋼筋混凝土造,93年9月27日,十四層,,持分移轉
RPTNMLSLJIKGFAG58DA,1,81.31,店鋪,鋼筋混凝土（ＲＣ）,114年4月15日,四層,一層 陽台,全筆移轉
RPTNMLSLJIKGFAG58DA,1,31.07,本共有部分之項目有停車空間、台電配電場所、樓（電）梯間等３項,鋼筋混凝土（ＲＣ）,114年4月15日,四層,,持分移轉
RPTNMLSLJIKGFAG58DA,1,9.96,本共有部分之項目有無障礙樓梯間、無障礙電梯等２項。,鋼筋混凝土（ＲＣ）,114年4月15日,四層,,持分移轉
RPTOMLRKJIKGFAG48DA,5,68.86,集合住宅,鋼筋混凝土造,109年10月30日,七層,四層 陽台,全筆移轉
RPTOMLRKJIKGFAG48DA,5,49.26,本共有部分之項目有停車空間、樓梯間、機械室、水箱等４項,鋼筋混凝土造,109年10月30日,七層,,持分移轉
RPPNMLOKJIKGFBG77DA,4,213.76,集貨及包裝場所、冷藏（凍）庫及儲存場所,鋼骨造,110年6月11日,一層,一層,全筆移轉
RPUNMLLLJIKGFBG08DA,43,45.32,商業用,鋼筋混凝土造,71年10月30日,八層,七層 陽台,全筆移轉
RPUNMLLLJIKGFBG08DA,43,6.91,共有部份,鋼筋混凝土造,71年10月30日,八層,,持分移轉
RPOQMLSKKIKGFBG48DA,8,233.96,住宅、樓梯間,鋼筋混凝土造,107年2月12日,三層,一層 二層 三層 陽台 見其他登記事項,全筆移轉
RPPNMLKKKIKGFBG47DA,2,64.96,集合住宅,鋼筋混凝土造,112年12月6日,九層,四層 陽台,全筆移轉
RPPNMLKKKIKGFBG47DA,2,60.91,本共有部分之項目有：停車空間兼防空避難室、管委會空間、樓梯間等３項,鋼筋混凝土造,112年12月6日,九層,,持分移轉
RPPNMLMLKIKGFBG77DA,28,30.17,住家用,鋼筋混凝土造,87年4月2日,七層,四層 陽台,全筆移轉
RPPNMLMLKIKGFBG77DA,28,12.80,共有部份,鋼筋混凝土造,87年4月2日,七層,,持分移轉
RPVNMLPKKIKGFBG58DA,31,47.02,住家用,鋼筋混凝土造,84年1月27日,七層,三層 陽台,全筆移轉
RPVNMLPKKIKGFBG58DA,31,.73,共有部份,鋼筋混凝土造,84年1月27日,七層,,持分移轉
RPVNMLPKKIKGFBG58DA,31,8.38,共有部份,鋼筋混凝土造,84年1月27日,七層,,持分移轉
RPWNMLLKKIKGFAG18DA,49,95.94,住家用,鋼筋混凝土加強磚造,65年11月3日,二層,一層 二層 騎樓,全筆移轉
RPUOMLKKKIKGFBG08DA,,33.62,商業用,磚造,,一層,一層 廚房,持分移轉
RPUNMLSJKIKGFAG58DA,6,135.98,集合住宅,鋼筋混凝土（ＲＣ）,108年10月9日,十五層,七層 陽台,全筆移轉
RPUNMLSJKIKGFAG58DA,6,47.29,本共有部分之項目有：防空避難室兼停車空間、管理委員會、樓梯間等３項,鋼筋混凝土（ＲＣ）,108年10月9日,十五層,,持分移轉
RPUNMLSJKIKGFAG58DA,6,46.36,本共有部分之項目有：樓梯間、水箱、機房、機械室等４項（Ｃ棟公設）,鋼筋混凝土（ＲＣ）,108年10月9日,十五層,,持分移轉
RPWOMLKKKIKGFBG28DA,30,94.46,住家用,鋼筋混凝土造,84年6月22日,九層,九層 陽台,全筆移轉
RPWOMLKKKIKGFBG28DA,30,27.82,共有部份,鋼筋混凝土造,84年6月22日,九層,,持分移轉
RPTNMLMLKIKGFBG18DA,,186.35,農舍、樓梯間,鋼筋混凝土造,114年8月28日,二層,一層 二層 陽台 見其他登記事項,全筆移轉
RPTOMLMLKIKGFAG18DA,13,298.62,住家用,鋼筋混凝土造,101年9月3日,四層,一層 二層 三層 四層 陽台,全筆移轉
RPQNMLTJKIKGFAG28DA,29,78.86,住家用,鋼筋混凝土造,86年4月1日,十三層,十一層 陽台,全筆移轉
RPQNMLTJKIKGFAG28DA,29,3.69,梯間、共同使用部份,鋼筋混凝土造,86年4月1日,十三層,,持分移轉
RPQNMLTJKIKGFAG28DA,29,9.79,梯間、共同使用部份,鋼筋混凝土造,86年4月1日,十三層,,持分移轉
RPQNMLTJKIKGFAG28DA,29,7.56,停車場、蓄水池、發電機室、電氣室、消防□浦室、車道、台電配電室、電信室、活動中心、共同使用部份,鋼筋混凝土造,86年4月1日,十三層,,持分移轉
RPQNMLTJKIKGFAG28DA,29,8.93,防空避難室兼停車場通道、共同使用部份,鋼筋混凝土造,86年4月1日,十三層,,持分移轉
RPQNMLTJKIKGFAG28DA,29,5.88,停車場、共同使用部份,鋼筋混凝土造,86年4月1日,十三層,,持分移轉
RPPNMLNLKIKGFAG77DA,46,92.64,住家用,鋼筋混凝土加強磚造,68年12月19日,二層,一層 二層,全筆移轉
RPRNMLNLKIKGFAG08EA,19,65.09,住家用,鋼筋混凝土造,95年12月29日,九層,八層 見其他登記事項,全筆移轉
RPRNMLNLKIKGFAG08EA,19,4.53,台電受電室．幫浦室．停車場,鋼筋混凝土造,95年12月29日,九層,,持分移轉
RPRNMLNLKIKGFAG08EA,19,11.79,梯間,鋼筋混凝土造,95年12月29日,九層,,持分移轉
RPUNMLMKKIKGFAG08DA,32,263.49,廠房、辦公室、倉庫,鋼筋混凝土造,82年12月23日,三層,一層 二層 三層 陽台 見其他登記事項,全筆移轉
RPPNMLSKKIKGFAG28EA,36,105.37,住家用,鋼筋混凝土造,78年8月12日,三層,一層 二層 三層,持分移轉
RPXNMLOLJIKGFBG68DA,,52.24,集合住宅,鋼筋混凝土造,114年8月5日,五層,三層 陽台,全筆移轉
RPXNMLOLJIKGFBG68DA,,30.37,本共有部分之項目有：停車空間、樓梯間等２項,鋼筋混凝土造,114年8月5日,五層,,持分移轉
RPOOMLOLJIKGFBG87DA,,52.16,集合住宅,鋼筋混凝土造,114年8月5日,五層,二層 陽台,全筆移轉
RPOOMLOLJIKGFBG87DA,,30.37,本共有部分之項目有：停車空間、樓梯間等２項,鋼筋混凝土造,114年8月5日,五層,,持分移轉
RPVOMLMLKIKGFAG38DA,38,114.68,住家用,鋼筋混凝土加強磚造,76年6月8日,二層,一層 二層,全筆移轉
RPRNMLNLKIKGFAG97DA,26,28.71,停車場．防空避難室．共同使用部份,鋼筋混凝土造,88年9月29日,十二層,,持分移轉
RPRNMLNLKIKGFAG97DA,26,20.97,梯間．門廳．共同使用部份,鋼筋混凝土造,88年9月29日,十二層,,持分移轉
RPRNMLNLKIKGFAG97DA,26,103.84,住家用,鋼筋混凝土造,88年9月29日,十二層,五層,全筆移轉
RPRNMLLKKIKGFBG77DA,21,114.47,住家用,鋼筋混凝土造,93年9月27日,十四層,十四層 陽台,全筆移轉
RPRNMLLKKIKGFBG77DA,21,47.09,共有部份,鋼筋混凝土造,93年9月27日,十四層,,持分移轉
RPRNMLLKKIKGFBG77DA,21,18.00,共有部份,鋼筋混凝土造,93年9月27日,十四層,,持分移轉
RPWNMLOLJIKGFBG58DA,,49.47,集合住宅,鋼筋混凝土造,114年8月5日,五層,四層 陽台,全筆移轉
RPWNMLOLJIKGFBG58DA,,28.77,本共有部分之項目有：停車空間、樓梯間等２項,鋼筋混凝土造,114年8月5日,五層,,持分移轉
RPQOMLOLKIKGFBG18DA,44,101.92,住家用,ＲＣ造,70年12月30日,六層,一層 二層 騎樓,全筆移轉
RPSNMLTKKIKGFAG58DA,1,65.36,集合住宅,鋼骨鋼筋混凝土造,114年1月9日,七層,五層 陽台,全筆移轉
RPSNMLTKKIKGFAG58DA,1,11.91,本共有部分之項目有停車空間等１項。,鋼骨鋼筋混凝土造,114年1月9日,七層,,持分移轉
RPSNMLTKKIKGFAG58DA,1,15.71,本共有部分之項目有樓梯間、電梯間、水箱等３項。,鋼骨鋼筋混凝土造,114年1月9日,七層,,持分移轉
RPSNMLNLKIKGFBG18DA,16,253.48,農舍、停車空間,鋼筋混凝土造,99年2月2日,三層,一層 二層 三層 陽台 雨遮,全筆移轉
RPOOMLQKKIKGFBG08DA,29,224.49,住商用,鋼筋混凝土造,85年6月1日,四層,一層 二層 三層 四層 陽台 騎樓 見其他登記事項,全筆移轉
RPQNMLOLKIKGFBG08DA,29,191.66,住家用,鋼筋混凝土造,85年6月5日,四層,一層 二層 三層 四層 陽台 平台,全筆移轉
RPQNMLQKKIKGFAG08DA,1,40.38,集合住宅,鋼筋混凝土（ＲＣ）,113年9月11日,五層,四層 陽台,全筆移轉
RPQNMLQKKIKGFAG08DA,1,11.21,本共有部分之項目有停車空間、機械室、樓梯間、電梯間、水箱、電梯機房等６項。,鋼筋混凝土（ＲＣ）,113年9月11日,五層,,持分移轉
RPQNMLQKKIKGFAG08DA,1,9.09,本共有部分之項目有樓梯間１項。,鋼筋混凝土（ＲＣ）,113年9月11日,五層,,持分移轉
RPOOMLTJKIKGFBG28DA,18,535.00,農舍,鋼筋混凝土造、鋼骨造,97年2月21日,三層,一層 二層 三層 陽台 見其他登記事項,全筆移轉
RPOOMLTJKIKGFBG28DA,15,55.50,農業資材室,鋼筋混凝土造,99年12月16日,一層,一層,全筆移轉
RPWNMLPJKIKGFAG48DA,27,61.55,住家用,鋼筋混凝土造,87年5月22日,十一層,九層 陽台,全筆移轉
RPWNMLPJKIKGFAG48DA,27,5.70,梯間、共同使用部份,鋼筋混凝土造,87年5月22日,十二層,,持分移轉
RPWNMLPJKIKGFAG48DA,27,14.94,防空避難室、停車場、車道、共同使用部份,鋼筋混凝土造,87年5月22日,十二層,,持分移轉
RPRNMLQLKIKGFAG28DA,,124.07,住家用,鋼筋混凝土（ＲＣ）,114年9月15日,三層,一層 二層 三層 陽台,全筆移轉
RPTNMLQLKIKGFAG48DA,10,159.17,住家用,ＲＣ造,104年11月20日,三層,一層 二層 三層 陽台,全筆移轉
RPXNMLTLKIKGFAG56DA,44,19.56,公共設施,鋼筋混凝土造,70年8月11日,七層,,持分移轉
RPXNMLTLKIKGFAG56DA,44,71.49,住家用,鋼筋混凝土造,70年8月11日,七層,二層,全筆移轉
RPPOMLOJKIKGFBG87DA,32,10.64,共有部份,鋼筋混凝土造,82年12月31日,七層,,持分移轉
RPPOMLOJKIKGFBG87DA,32,11.64,共有部份,鋼筋混凝土造,82年12月31日,七層,,持分移轉
RPPOMLOJKIKGFBG87DA,32,95.84,住家用,鋼筋混凝土造,82年12月31日,七層,三層 陽台,全筆移轉
RPTNMLTLKIKGFAG78DA,31,92.82,住家用,鋼筋混凝土造,84年3月21日,五層,二層 陽台,全筆移轉
RPTNMLTLKIKGFAG78DA,31,12.94,Ｊ（梯間通道）共同使用,鋼筋混凝土造,84年3月21日,五層,,持分移轉
RPSOMLTLKIKGFBG88DA,30,116.25,住家用,鋼筋混凝土造,84年7月28日,六層,五層 陽台,全筆移轉
RPSOMLTLKIKGFBG88DA,30,15.30,共有部份,鋼筋混凝土造,84年7月28日,六層,,持分移轉
RPSOMLTLKIKGFBG88DA,30,19.81,停車場,鋼筋混凝土造,84年7月28日,六層,,持分移轉
RPUNMLLKKIKGFAG97DA,48,102.96,住家用,鋼筋混凝土造,67年1月10日,二層,一層 二層 騎樓,全筆移轉
RPPNMLQLKIKGFAG18EA,54,278.70,住家用,見其他登記事項,61年3月22日,四層,一層 二層 三層 四層 騎樓,全筆移轉
RPXNMLMJJHLGFBG28DA,6,244.51,停車空間、住宅,鋼筋混凝土造,108年8月27日,四層,一層 二層 三層 四層 陽台,全筆移轉
RPWOMLMLKIKGFAG48DA,1,60.70,集合住宅,鋼筋混凝土（ＲＣ）,113年7月12日,六層,四層 陽台,全筆移轉
RPWOMLMLKIKGFAG48DA,1,57.19,本共有部分之項目有停車空間、樓梯間、電梯間、水箱間等４項,鋼筋混凝土（ＲＣ）,113年7月12日,六層,,持分移轉
RPOQMLLMKIKGFAG87DA,45,126.52,住家用,鐵筋加強磚造,70年4月9日,二層,一層 二層 騎樓,全筆移轉
RPRQMLLMKIKGFAG18DA,3,190.77,住宅、樓梯間,鋼筋混凝土造,111年10月6日,三層,一層 二層 三層 陽台 見其他登記事項,全筆移轉
RPXNMLMJJHLGFAG18DA,46,103.94,住家用,鋼筋混凝土加強磚造,68年12月28日,二層,一層 二層,全筆移轉
RPPNMLQJJHLGFBG97EA,2,46.61,集合住宅,鋼筋混凝土造,113年1月10日,十一層,五層 陽台,全筆移轉
RPPNMLQJJHLGFBG97EA,2,43.17,本共有部分之項目有：停車空間、梯廳、管委會空間、機房、屋頂水箱等５項,鋼筋混凝土造,113年1月10日,十一層,,持分移轉
RPPNMLMJJHLGFBG57EA,28,72.05,住家用,鋼筋混凝土造,86年9月17日,八層,一層 陽台,全筆移轉
RPPNMLMJJHLGFBG57EA,28,14.49,共有部份,鋼筋混凝土造,86年9月17日,八層,,持分移轉
RPPNMLMJJHLGFBG57EA,28,9.37,共有部份,鋼筋混凝土造,86年9月17日,八層,,持分移轉
RPRNMLPJJHLGFAG87DA,32,97.99,集合住宅,鋼筋混凝土造,83年4月9日,五層,四層 陽台 雨遮,全筆移轉
RPRNMLPJJHLGFAG87DA,32,14.67,梯間．通道．共同使用,鋼筋混凝土造,83年4月9日,五層,,持分移轉
RPVNMLKMKIKGFBG28DA,26,43.20,住家用,鋼筋混凝土造,88年8月31日,九層,七層 陽台,全筆移轉
RPVNMLKMKIKGFBG28DA,26,22.15,共有部份,鋼筋混凝土造,88年8月31日,九層,,持分移轉
RPWNMLTLKIKGFBG56DA,43,3.32,共有部份,鋼筋混凝土造,71年7月27日,八層,,持分移轉
RPWNMLTLKIKGFBG56DA,43,23.23,商業用,鋼筋混凝土造,71年7月27日,八層,四層,全筆移轉
RPWNMLTLKIKGFBG56DA,43,3.33,共有部份,鋼筋混凝土造,71年7月27日,八層,,持分移轉
RPPOMLTKKIKGFBG48DA,23,237.72,住家用,鋼筋混凝土造,92年1月22日,三層,一層 二層 三層 陽台 見其他登記事項,全筆移轉
RPPNMLQJJHLGFBG87DA,34,49.02,住家用,鋼筋混凝土造,80年11月21日,七層,四層 陽台,全筆移轉
RPPNMLQJJHLGFBG87DA,34,17.75,共有部份,鋼筋混凝土造,80年11月21日,七層,,持分移轉
RPSNMLPJJHLGFBG08DA,7,38.80,集合住宅,鋼筋混凝土造,108年2月13日,十層,三層 陽台 雨遮,全筆移轉
RPSNMLPJJHLGFBG08DA,7,46.40,本共有部分之項目有：停車空間、機械室、門廳、管委會空間、樓電梯間、消防水箱、陽台、公共設施等８項,鋼筋混凝土造,108年2月13日,十層,,持分移轉
RPRNMLQJJHLGFBG08DA,43,47.37,商業用,鋼筋混凝土造,71年10月30日,八層,六層 陽台,全筆移轉
RPRNMLQJJHLGFBG08DA,43,6.91,共有部份,鋼筋混凝土造,71年10月30日,八層,,持分移轉
RPPNMLSLJIKGFAG18DA,1,107.90,辦公室,鋼筋混凝土（ＲＣ）,114年4月15日,四層,三層 陽台,全筆移轉
RPPNMLSLJIKGFAG18DA,1,56.52,本共有部分之項目有停車空間、台電配電場所、樓（電）梯間等３項,鋼筋混凝土（ＲＣ）,114年4月15日,四層,,持分移轉
RPPNMLSLJIKGFAG18DA,1,13.18,本共有部分之項目有無障礙樓梯間、無障礙電梯等２項。,鋼筋混凝土（ＲＣ）,114年4月15日,四層,,持分移轉
RPTNMLRKKIKGFAG48DA,37,215.01,住家用,鋼筋混凝土造,78年2月4日,三層,一層 二層 三層 騎樓,全筆移轉
RPUNMLTLKIKGFBG98DA,29,65.44,住家用,鋼筋混凝土造,86年3月11日,七層,七層 陽台,全筆移轉
RPUNMLTLKIKGFBG98DA,29,19.77,防空避難室﹒樓梯間,鋼筋混凝土造,86年3月11日,七層,,持分移轉
RPWOMLTLKIKGFBG66DA,,157.59,農糧產品加工室、集貨及包裝場所,鋼筋混凝土造,114年9月10日,一層,一層,全筆移轉
RPTNMLQJJHLGFBG28DA,20,41.64,集合住宅,鋼筋混凝土造,95年5月1日,八層,六層 陽台,全筆移轉
RPUNMLQJJHLGFBG38DA,4,89.01,店鋪,鋼筋混凝土造,111年3月10日,十四層,一層 陽台 夾層,全筆移轉
RPTNMLQJJHLGFBG28DA,20,34.80,共有部份,鋼筋混凝土造,95年5月1日,八層,,持分移轉
RPUNMLQJJHLGFBG38DA,4,66.89,本共有部分之項目有：停車空間、車道、安全梯、昇降設備、梯廳、消防機房、雨水機房、水箱、防空避難室兼停車空間、台電配電場所、受電箱區、發電機室、電信室、管委會使用空間、戶外安全梯、垃圾處理空間、機械式、屋頂平台等１８項。,鋼筋混凝土造,111年3月10日,十四層,,持分移轉
RPPOMLQJJHLGFAG87DA,35,149.98,住家用,鋼筋混凝土造,80年4月11日,二層,一層 二層 屋頂突出物,全筆移轉
RPROMLPJJHLGFAG97DA,46,187.68,住家用,鋼筋混凝土造,68年12月10日,三層,一層 二層 三層 騎樓,全筆移轉
RPVNMLRJJHLGFAG48DA,6,185.71,住家用,鋼筋混凝土造,109年1月8日,三層,一層 二層 三層 陽台,全筆移轉
RPQNMLSJJHLGFBG18DA,38,142.86,住家用,鋼筋混凝土加強磚造,76年5月28日,二層,一層 二層 屋頂突出物,全筆移轉
RPQNMLQJJHLGFBG97DA,41,300.47,農舍,鋼筋混凝土加強磚造,74年3月6日,二層,一層 二層,全筆移轉
RPOOMLMJJHLGFAG37DA,51,95.59,住家用,鋼筋混凝土加強磚造,63年9月1日,二層,一層 二層,全筆移轉
RPUNMLRJJHLGFAG38DA,44,103.44,住家用,鋼筋混凝土加強磚造,70年10月1日,二層,一層 二層,全筆移轉
RPPNMLQLKIKGFBG18DA,4,176.30,集合住宅、集合住宅（停車空間）,鋼筋混凝土造,110年7月14日,四層,一層 二層 三層 四層 陽台,全筆移轉
RPQOMLRKJIKGFAG18DA,10,307.14,住家用,鋼筋混凝土造,104年10月23日,三層,一層 二層 三層 陽台,全筆移轉
RPQOMLMJJHLGFAG57DA,,108.63,住家用,鋼筋混凝土造,,三層,一層 二層 三層,全筆移轉
RPTNMLMKJHLGFBG97DA,,95.22,住家用,鋼筋混凝土加強磚造,,二層,一層 二層,全筆移轉
RPUOMLLKKIKGFAG08DA,46,91.68,住家用,鋼筋混凝土加強磚造,69年2月11日,二層,一層 二層,全筆移轉
RPSNMLOKJHLGFBG08DA,5,204.70,住宅、樓梯間,鋼筋混凝土造,109年11月11日,三層,一層 二層 三層 陽台 見其他登記事項,全筆移轉
RPXNMLMKJHLGFBG38DA,11,455.04,住宅、門廊、停車空間、樓梯間,鋼筋混凝土造,103年10月13日,三層,一層 二層 三層 陽台 地下一層 見其他登記事項,全筆移轉
RPUOMLMKJHLGFBG18DA,31,46.22,住家用,鋼筋混凝土造,84年3月16日,十二層,十一層 陽台 雨遮,全筆移轉
RPUOMLMKJHLGFBG18DA,31,10.60,共有部份,鋼筋混凝土造,84年3月16日,十七層,,持分移轉
RPROMLNKJHLGFAG87DA,,122.28,住家用,鋼筋混凝土（ＲＣ）,114年9月15日,三層,一層 二層 三層 陽台,全筆移轉
RPPNMLQKKIKGFBG18EA,32,101.64,住家用,鋼筋混凝土造,82年8月3日,十六層,八層 陽台 花台,全筆移轉
RPPNMLQKKIKGFBG18EA,32,15.57,共有部份,鋼筋混凝土造,82年8月3日,十六層,,持分移轉
RPPNMLQKKIKGFBG18EA,32,9.93,共有部份,鋼筋混凝土造,82年8月3日,十六層,,持分移轉
RPVNMLOKJHLGFBG38DA,5,103.37,集合住宅,鋼筋混凝土造,110年3月30日,十八層,十二層 陽台,全筆移轉
RPVNMLOKJHLGFBG38DA,5,57.44,本共有部分之項目有：停車空間、電梯間、安全梯、水箱、機械機房、消防機房、排風機房、防空避難室兼停車空間、電信室、泳池機房、景觀機房、台電配電室、發電機室、防災中心、公共服務空間、垃圾儲藏空間等１６項,鋼筋混凝土造,110年3月30日,十八層,,持分移轉
RPVNMLOKJHLGFBG38DA,5,23.85,本共有部分之項目有：樓梯間、梯廳、消防中繼機械室、水錶區、水箱、機械室等６項,鋼筋混凝土造,110年3月30日,十八層,,持分移轉
RPQNMLNKJHLGFAG67DA,48,139.35,住家用,鋼筋混凝土加強磚造,66年7月18日,三層,一層 二層 三層 騎樓,全筆移轉
RPSNMLQKJHLGFAG18DA,2,86.97,農糧產品加工室,鋼筋混凝土（ＲＣ）,112年6月13日,一層,一層,全筆移轉
RPVOMLPKJHLGFBG58DA,23,584.57,農舍,鋼筋混凝土造,92年1月7日,二層,一層 二層 陽台 平台 見其他登記事項,全筆移轉
RPPNMLPKJHLGFAG87EA,5,99.24,集合住宅,鋼筋混凝土（ＲＣ）,109年5月15日,十三層,二層 陽台 雨遮,全筆移轉
RPPNMLPKJHLGFAG87EA,5,63.62,本共有部分之項目有：停車空間、防空避難室及公共服務空間等３項,鋼筋混凝土（ＲＣ）,109年5月15日,十三層,,持分移轉
RPPNMLPKJHLGFAG87EA,5,27.91,本共有部分之項目有：樓梯間、水箱、機械室等３項（Ｂ棟公設）,鋼筋混凝土（ＲＣ）,109年5月15日,十三層,,持分移轉
RPVNMLPJKIKGFAG38DA,32,88.87,住家用,鋼筋混凝土造,82年8月18日,五層,三層 陽台,全筆移轉
RPVNMLPJKIKGFAG38DA,32,4.89,住家用,鋼筋混凝土造,82年8月18日,五層,,持分移轉
RPXNMLKLJHLGFBG28DA,26,13.73,共有部份,鋼筋混凝土造,89年4月27日,十二層,,持分移轉
RPXNMLKLJHLGFBG28DA,26,11.00,共有部份,鋼筋混凝土造,89年4月27日,十二層,,持分移轉
RPXNMLKLJHLGFBG28DA,26,77.47,住家用,鋼筋混凝土造,89年4月27日,十二層,十層 陽台 雨遮,全筆移轉
RPXOMLMKJHLGFAG38DA,,70.40,集合住宅,鋼筋混凝土（ＲＣ）,114年8月29日,四層,四層 陽台,全筆移轉
RPXOMLMKJHLGFAG38DA,,15.68,本共有部分之項目有管理委員會使用空間、樓梯間、電梯間等３項,鋼筋混凝土（ＲＣ）,114年8月29日,四層,,持分移轉
RPWNMLMLJHLGFAG28DA,,118.21,住家用,鋼筋混凝土（ＲＣ）,114年9月15日,三層,一層 二層 三層 陽台,全筆移轉
RPTNMLTLKIKGFBG88DA,57,14.28,住商用,鋼筋混凝土加強磚造,57年6月15日,一層,一層,持分移轉
RPVNMLKLJHLGFBG08DA,49,102.70,住家用,鋼筋混凝土加強磚造,65年5月27日,二層,一層 二層,全筆移轉
RPXNMLNLJHLGFBG58DA,15,108.48,集合住宅,鋼筋混凝土造,100年4月14日,八層,七層 陽台,全筆移轉
RPXNMLNLJHLGFBG58DA,15,69.68,本共有部分之項目有防空避難室兼停車空間、管委會使用空間、電梯機房、水箱等４項。,鋼筋混凝土造,100年4月14日,八層,,持分移轉
RPQNMLTKJHLGFAG28DA,2,204.38,農舍,鋼筋混凝土（ＲＣ）,112年11月23日,二層,一層 二層 陽台,全筆移轉
RPQNMLTKJHLGFAG28DA,2,39.80,農糧產品加工室,鋼筋混凝土（ＲＣ）,112年11月23日,一層,一層,全筆移轉
RPPNMLLKKIKGFBG57DA,17,52.42,集合住宅,鋼筋混凝土造,97年12月31日,十三層,四層 見其他登記事項,全筆移轉
RPPNMLLKKIKGFBG57DA,17,30.33,共有部份,鋼筋混凝土造,97年12月31日,十三層,,持分移轉
RPPNMLLKKIKGFBG57DA,17,9.11,共有部份,鋼筋混凝土造,97年12月31日,十三層,,持分移轉
RPSNMLQKKIKGFAG28DA,49,92.70,住家用,鋼筋混凝土加強磚造,66年4月8日,二層,一層 二層,全筆移轉
RPWNMLOKJHLGFAG38DA,1,60.69,集合住宅,鋼筋混凝土（ＲＣ）,113年7月12日,六層,一層 陽台,全筆移轉
RPWNMLOKJHLGFAG38DA,1,57.19,本共有部分之項目有停車空間、樓梯間、電梯間、水箱間等４項,鋼筋混凝土（ＲＣ）,113年7月12日,六層,,持分移轉
RPPNMLPLKIKGFAG97DA,29,161.15,住家用,鋼筋混凝土造,85年6月24日,三層,一層 二層 三層 夾層 見其他登記事項,全筆移轉
RPPNMLPLKIKGFAG97DA,29,15.00,停車場．共同使用部份,鋼筋混凝土造,85年6月24日,三層,,全筆移轉
RPPNMLLKJIKGFBG47DA,7,49.87,集合住宅,鋼筋混凝土造,108年2月13日,十層,十層 雨遮,全筆移轉
RPPNMLLKJIKGFBG47DA,7,59.70,本共有部分之項目有：停車空間、機械室、門廳、管委會空間、樓電梯間、消防水箱、陽台、公共設施等８項,鋼筋混凝土造,108年2月13日,十層,,持分移轉
RPPOMLOLJIKGFBG97DA,,49.47,集合住宅,鋼筋混凝土造,114年8月5日,五層,三層 陽台,全筆移轉
RPQOMLQLKIKGFBG38DA,28,38.32,住家用,鋼筋混凝土造,86年8月11日,六層,三層 陽台,全筆移轉
RPPOMLOLJIKGFBG97DA,,28.77,本共有部分之項目有：停車空間、樓梯間等２項,鋼筋混凝土造,114年8月5日,五層,,持分移轉
RPQOMLQLKIKGFBG38DA,28,10.16,共有部份,鋼筋混凝土造,86年8月11日,六層,,持分移轉
RPQOMLQLKIKGFBG38DA,28,15.08,共有部份,鋼筋混凝土造,86年8月11日,六層,,持分移轉
RPWNMLTKJIKGFAG88DA,32,97.13,住家用,鋼筋混凝土造,83年1月11日,六層,四層 陽台,全筆移轉
RPWNMLTKJIKGFAG88DA,32,7.85,防空避難室、停車場、梯間,鋼筋混凝土造,83年1月11日,六層,,持分移轉
RPPNMLSLKIKGFBG38DA,15,521.98,農舍,鋼鐵造有牆、鋼筋混凝土（ＲＣ）,100年4月19日,二層,一層 二層 陽台 地下一層,全筆移轉
RPPOMLQLKIKGFBG28DA,28,32.00,住家用,鋼筋混凝土造,86年8月11日,六層,三層 陽台,全筆移轉
RPPOMLQLKIKGFBG28DA,28,9.45,共有部份,鋼筋混凝土造,86年8月11日,六層,,持分移轉
RPPOMLQLKIKGFBG28DA,28,11.71,共有部份,鋼筋混凝土造,86年8月11日,六層,,持分移轉
RPROMLQLKIKGFBG48DA,17,42.66,辦公室,鋼筋混凝土造,97年12月31日,十三層,四層 見其他登記事項,全筆移轉
RPROMLQLKIKGFBG48DA,17,23.08,共有部份,鋼筋混凝土造,97年12月31日,十三層,,持分移轉
RPROMLQLKIKGFBG48DA,17,4.08,共有部份,鋼筋混凝土造,97年12月31日,十三層,,持分移轉
RPROMLQLKIKGFBG48DA,17,9.49,共有部份,鋼筋混凝土造,97年12月31日,十三層,,持分移轉
RPUQMLPJJIKGFBG58DA,7,41.36,集合住宅,鋼筋混凝土造,108年2月13日,十層,四層 陽台 雨遮,全筆移轉
RPUQMLPJJIKGFBG58DA,7,49.42,本共有部分之項目有：停車空間、機械室、門廳、管委會空間、樓電梯間、消防水箱、陽台、公共設施等８項,鋼筋混凝土造,108年2月13日,十層,,持分移轉
RPSNMLTLJHLGFBG68DA,20,228.65,住家用,鋼筋混凝土造,94年7月8日,三層,一層 二層 三層 騎樓 見其他登記事項,全筆移轉
RPUNMLMKJHLGFBG08DA,,60.17,集合住宅,鋼筋混凝土造,114年6月11日,五層,五層 陽台,全筆移轉
RPUNMLMKJHLGFBG08DA,,18.95,本共有部分之項目有：騎樓、樓梯間、停車空間、電信室等４項,鋼筋混凝土造,114年6月11日,五層,,持分移轉
RPWOMLSKKIKGFBG09DA,,52.24,集合住宅,鋼筋混凝土造,114年8月5日,五層,四層 陽台,全筆移轉
RPWOMLSKKIKGFBG09DA,,30.37,本共有部分之項目有：停車空間、樓梯間等２項,鋼筋混凝土造,114年8月5日,五層,,持分移轉
RPSNMLQJJIKGFAG08DA,1,176.19,住家用,鋼筋混凝土（ＲＣ）,113年8月16日,四層,一層 二層 三層 四層 陽台,全筆移轉
RPPNMLTLJHLGFAG38EA,2,75.23,集合住宅,鋼筋混凝土（ＲＣ）,113年3月13日,四層,一層,全筆移轉
RPPNMLTLJHLGFAG38EA,2,38.34,本共有部分之項目有停車空間、電梯機房、樓電梯間、水箱等４項,鋼筋混凝土（ＲＣ）,113年3月13日,四層,,持分移轉
RPQNMLQKJHLGFAG97DA,3,71.56,集合住宅,鋼筋混凝土（ＲＣ）,111年12月30日,五層,二層 陽台,全筆移轉
RPQNMLQKJHLGFAG97DA,3,22.42,本共有部分之項目有停車空間１項。,鋼筋混凝土（ＲＣ）,111年12月30日,五層,,持分移轉
RPQNMLQKJHLGFAG97DA,3,28.70,本共有部分之項目有樓梯間、機房等２項。,鋼筋混凝土（ＲＣ）,111年12月30日,五層,,持分移轉
RPSOMLPLJIKGFBG38DA,1,76.71,集合住宅,鋼筋混凝土造,114年1月3日,十層,五層 陽台,全筆移轉
RPSOMLPLJIKGFBG38DA,1,64.25,本共有部分之項目有：停車空間、防空避難室兼停車空間、管委會空間、樓電梯間、機電設備空間、樓梯間、水箱等７項。,鋼筋混凝土造,114年1月3日,十層,,持分移轉
RPUPMLSKKIKGFAG88DA,45,117.12,住家用,鋼筋混凝土加強磚造,69年7月19日,二層,一層 二層 騎樓,全筆移轉
RPUOMLTLJHLGFAG88DA,3,167.64,住家用,鋼筋混凝土造（ＲＣ）,111年11月23日,三層,一層 二層 三層 陽台,全筆移轉
RPSNMLSJKIKGFAG38DA,2,59.34,集合住宅,鋼筋混凝土（ＲＣ）,113年4月18日,四層,二層 陽台,全筆移轉
RPOPMLMLKIKGFAG77DA,1,60.69,集合住宅,鋼筋混凝土（ＲＣ）,113年7月12日,六層,一層 陽台,全筆移轉
RPOPMLMLKIKGFAG77DA,1,57.19,本共有部分之項目有停車空間、樓梯間、電梯間、水箱間等４項,鋼筋混凝土（ＲＣ）,113年7月12日,六層,,持分移轉
RPRNMLSLJIKGFAG38DA,1,81.04,集合住宅,鋼筋混凝土（ＲＣ）,114年4月15日,四層,二層 陽台,全筆移轉
RPRNMLSLJIKGFAG38DA,1,46.26,本共有部分之項目有停車空間、台電配電場所、樓（電）梯間等３項,鋼筋混凝土（ＲＣ）,114年4月15日,四層,,持分移轉
RPSNMLSJKIKGFAG38DA,2,47.46,本共有部分之項目有停車空間、機房、門廳、樓梯間、水箱等５項。,鋼筋混凝土（ＲＣ）,113年4月18日,四層,,持分移轉
RPRNMLSLJIKGFAG38DA,1,9.93,本共有部分之項目有無障礙樓梯間、無障礙電梯等２項。,鋼筋混凝土（ＲＣ）,114年4月15日,四層,,持分移轉
RPQNMLMJKHLGFBG77EA,40,692.88,住家用,鋼筋混凝土造,75年3月14日,五層,一層 二層 三層 四層 五層 騎樓,全筆移轉
RPOOMLLMKIKGFAG67DA,50,168.87,住家用,鋼筋混凝土加強磚造,64年11月7日,三層,一層 二層 三層,全筆移轉
RPRNMLPJKIKGFAG97DA,,308.97,農舍,鋼筋混凝土造,114年6月12日,三層,一層 二層 三層,全筆移轉
RPSOMLMJKHLGFBG97DA,28,47.14,住家用,鋼筋混凝土造,86年12月26日,十三層,六層 陽台,全筆移轉
RPSOMLMJKHLGFBG97DA,28,.08,管理室,鋼筋混凝土造,86年12月26日,十三層,一層,持分移轉
RPSOMLMJKHLGFBG97DA,28,6.06,共有部份,鋼筋混凝土造,86年12月26日,十三層,,持分移轉
RPSOMLMJKHLGFBG97DA,28,.01,共有部份,鋼筋混凝土造,86年12月26日,十三層,,持分移轉
RPSOMLMJKHLGFBG97DA,28,1.11,共有部份,鋼筋混凝土造,86年12月26日,十三層,,持分移轉
RPSOMLMJKHLGFBG97DA,28,6.05,共有部份,鋼筋混凝土造,86年12月26日,十三層,,持分移轉
RPSOMLMJKHLGFBG97DA,28,.01,共有部份,鋼筋混凝土造,86年12月26日,十三層,,持分移轉
RPSOMLMJKHLGFBG97DA,28,10.81,共有部份,鋼筋混凝土造,86年12月26日,十三層,,持分移轉
RPPNMLPJKHLGFAG77DA,45,171.27,住家用,鋼筋混凝土造,70年3月9日,三層,一層 二層 三層 騎樓,全筆移轉
RPPNMLSLJHLGFAG18DA,,5.05,住家用,木造,,一層,一層,持分移轉
RPTNMLLJKIKGFBG87DA,1,76.49,集合住宅,鋼筋混凝土造,114年2月27日,七層,三層 陽台,全筆移轉
RPTNMLLJKIKGFBG87DA,1,32.44,本共有部分之項目有：停車空間、機械室、梯間、水箱等４項,鋼筋混凝土造,114年2月27日,七層,,持分移轉
RPTOMLLJKIKGFBG97DA,28,37.47,住家用,鋼筋混凝土造,86年12月26日,十三層,十二層 陽台,持分移轉
RPTOMLLJKIKGFBG97DA,28,4.73,共有部份,鋼筋混凝土造,86年12月26日,十三層,,持分移轉
RPTOMLLJKIKGFBG97DA,28,4.72,共有部份,鋼筋混凝土造,86年12月26日,十三層,,持分移轉
RPTOMLLJKIKGFBG97DA,28,7.13,共有部份,鋼筋混凝土造,86年12月26日,十三層,,持分移轉
RPUNMLPJKHLGFBG38DA,2,61.13,集合住宅,鋼筋混凝土造,112年12月28日,四層,一層 陽台,全筆移轉
RPUNMLPJKHLGFBG38DA,2,17.51,本共有部分之項目有：梯廳、樓梯間等２項,鋼筋混凝土造,112年12月28日,四層,,持分移轉
RPWNMLOJKIKGFAG38DA,3,162.28,住宅、樓梯間、機械室,鋼筋混凝土（ＲＣ）,111年8月5日,三層,一層 二層 三層 陽台 見其他登記事項,全筆移轉
RPUNMLPJKHLGFAG28DA,,118.21,住家用,鋼筋混凝土（ＲＣ）,114年9月15日,三層,一層 二層 三層 陽台,全筆移轉
RPPNMLSLJHLGFAG28EA,30,3.32,梯間、共同使用部份,鋼筋混凝土造,84年10月9日,五層,,持分移轉
RPPNMLSLJHLGFAG28EA,30,52.81,住家用,鋼筋混凝土造,84年10月9日,五層,四層 陽台,全筆移轉
RPUNMLRLJHLGFAG58DA,,370.24,農舍、樓梯間,鋼筋混凝土造,114年7月4日,三層,一層 二層 三層 陽台 見其他登記事項,全筆移轉
RPRPMLQJKHLGFAG28DA,45,124.76,住家用,加強磚造,69年9月6日,二層,一層 二層,全筆移轉
RPXOMLKKKHLGFBG38DA,16,348.91,旅館、樓梯間、機械室、水箱,鋼筋混凝土造,98年12月10日,五層,一層 二層 三層 四層 五層 陽台 見其他登記事項 見其他登記事項,全筆移轉
RPQOMLOKJHLGFBG97DA,10,167.52,停車空間、住宅,鋼筋混凝土造,105年2月2日,四層,一層 二層 三層 四層 陽台,全筆移轉
RPQOMLOKJHLGFBG97DA,10,.42,管理員室,鋼筋混凝土造,105年2月2日,一層,一層,持分移轉
RPSOMLQJKHLGFAG28DA,,156.51,住家用,鋼筋混凝土造,114年10月15日,三層,一層 二層 三層 陽台,全筆移轉
RPTOMLLJKHLGFAG87DA,,44.47,集合住宅,鋼筋混凝土（ＲＣ）,114年11月20日,四層,三層 陽台,全筆移轉
RPTOMLLJKHLGFAG87DA,,1.61,管委會空間,鋼筋混凝土（ＲＣ）,114年11月20日,四層,,持分移轉
RPTOMLLJKHLGFAG87DA,,43.70,本共有部分之項目有停車空間、管委會空間、樓梯間、電梯間、機械室、水箱等６項。,鋼筋混凝土（ＲＣ）,114年11月20日,四層,,持分移轉
RPTOMLQJKHLGFAG38DA,,156.51,住家用,鋼筋混凝土造,114年10月15日,三層,一層 二層 三層 陽台,全筆移轉
RPQOMLOLJIKGFAG97DA,,162.83,農舍、樓梯間,鋼筋混凝土造,114年9月11日,三層,一層 二層 三層 陽台 見其他登記事項,全筆移轉
RPOOMLMKJHLGFAG47DA,,348.48,農舍,鋼筋混凝土（ＲＣ）,114年11月19日,三層,一層 二層 三層 陽台,全筆移轉
RPOPMLQJKHLGFAG97DA,,156.51,住家用,鋼筋混凝土造,114年10月15日,三層,一層 二層 三層 陽台,全筆移轉
RPVOMLQJKHLGFAG58DA,,156.51,住家用,鋼筋混凝土造,114年10月15日,三層,一層 二層 三層 陽台,全筆移轉
RPUOMLQJKHLGFAG48DA,,156.51,住家用,鋼筋混凝土造,114年10月15日,三層,一層 二層 三層 陽台,全筆移轉
RPWOMLOLKHLGFBG78DA,29,31.84,住家用,鋼筋混凝土造,86年1月30日,七層,七層 陽台,全筆移轉
RPWOMLOLKHLGFBG78DA,29,14.14,共有部份,鋼筋混凝土造,86年1月30日,七層,,持分移轉
RPQOMLQJKHLGFAG08DA,,156.51,住家用,鋼筋混凝土造,114年10月15日,三層,一層 二層 三層 陽台,全筆移轉
RPPOMLQJKHLGFAG97DA,,156.48,住家用,鋼筋混凝土造,114年10月15日,三層,一層 二層 三層 陽台 騎樓,全筆移轉
RPQNMLNJLHLGFAG77DA,,81.91,住家用,鋼筋混凝土造,,四層,四層,全筆移轉
RPXNMLOJKIKGFAG48DA,,48.57,集合住宅,鋼筋混凝土造,114年7月30日,四層,四層 陽台,全筆移轉
RPXNMLOJKIKGFAG48DA,,22.75,本共有部分之項目有停車空間、樓梯間、昇降梯間、機房等４項,鋼筋混凝土造,114年7月30日,四層,,持分移轉
RPTNMLPLKHLGFAG38DA,10,244.72,住家用,ＲＣ造,105年1月20日,三層,一層 二層 三層 陽台,全筆移轉
RPROMLPLKHLGFAG28DA,6,207.44,集合住宅,鋼筋混凝土（ＲＣ）,109年5月15日,十三層,九層 陽台 雨遮,全筆移轉
RPROMLPLKHLGFAG28DA,6,128.78,本共有部分之項目有：停車空間、防空避難室及公共服務空間等３項,鋼筋混凝土（ＲＣ）,109年5月15日,十三層,,持分移轉
RPROMLPLKHLGFAG28DA,6,58.25,本共有部分之項目有：樓梯間、水箱、機械室、雨遮等４項（Ａ棟公設）,鋼筋混凝土（ＲＣ）,109年5月15日,十三層,,持分移轉
RPRNMLQLKHLGFBG38DA,5,103.37,集合住宅,鋼筋混凝土造,110年3月30日,十八層,十四層 陽台,全筆移轉
RPRNMLQLKHLGFBG38DA,5,57.30,本共有部分之項目有：停車空間、電梯間、安全梯、水箱、機械機房、消防機房、排風機房、防空避難室兼停車空間、電信室、泳池機房、景觀機房、台電配電室、發電機室、防災中心、公共服務空間、垃圾儲藏空間等１６項,鋼筋混凝土造,110年3月30日,十八層,,持分移轉
RPRNMLQLKHLGFBG38DA,5,23.85,本共有部分之項目有：樓梯間、梯廳、消防中繼機械室、水錶區、水箱、機械室等６項,鋼筋混凝土造,110年3月30日,十八層,,持分移轉
RPROMLLMKIKGFAG97DA,39,281.20,住商用,鋼筋混凝土造,75年12月12日,二層,一層 二層 騎樓 夾層 地下一層,全筆移轉
RPVNMLPJKIKGFBG48DA,,170.13,住家用,鋼筋混凝土造,114年9月11日,三層,一層 二層 三層 陽台,全筆移轉
RPTOMLKKKIKGFAG87DA,,51.00,住家用,木造,,一層,一層,全筆移轉
RPWNMLTJKIKGFBG98DA,32,26.86,住家用,鋼筋混凝土造,82年12月21日,六層,六層,全筆移轉
RPWNMLTJKIKGFBG98DA,31,9.32,共有部份,鋼筋混凝土造,83年12月21日,六層,,持分移轉
RPWNMLTJKIKGFBG98DA,,7.01,共有部份,鋼筋混凝土造,,六層,,持分移轉
RPPNMLLKKIKGFAG47DA,1,307.65,農舍,鋼筋混凝土造,113年12月19日,三層,一層 二層 三層 陽台,全筆移轉
RPSNMLMKKIKGFBG97DA,44,86.69,住家用,鋼筋混凝土造,70年9月14日,四層,二層,全筆移轉
RPSNMLMKKIKGFBG97DA,44,10.70,共有部份,鋼筋混凝土造,70年9月14日,四層,,持分移轉
RPRPMLLKKIKGFAG87DA,2,45.50,住家用,鋼筋混凝土造,112年5月5日,五層,四層 陽台,全筆移轉
RPRPMLLKKIKGFAG87DA,2,7.08,共有部份,鋼筋混凝土造,112年5月5日,五層,,持分移轉
RPRPMLLKKIKGFAG87DA,2,11.68,共有部份,鋼筋混凝土造,112年5月5日,五層,,持分移轉
RPOPMLMKKIKGFBG77DA,,47.96,住家用,鋼筋混凝土加強磚造,,二層,一層 二層,全筆移轉
RPOOMLMKKIKGFBG67DA,15,112.95,集合住宅,鋼筋混凝土造,100年4月15日,五層,四層 陽台,全筆移轉
RPOOMLMKKIKGFBG67DA,15,75.14,本共有部分之項目有防空避難室兼停車空間、管委會使用空間、電梯機房、水箱等４項。,鋼筋混凝土造,100年4月15日,九層,,持分移轉
RPSPMLLKKIKGFAG97DA,47,92.08,住家用,鋼筋混凝土加強磚造,67年12月20日,二層,一層 二層,全筆移轉
RPSNMLMKKIKGFAG87DA,33,119.95,住家用,鋼筋混凝土造,81年10月7日,五層,二層 陽台,全筆移轉
RPQOMLPKKIKGFAG08DA,,96.38,住家用,鋼筋混凝土加強磚造,,二層,一層 二層,全筆移轉
RPPNMLPJKIKGFAG77DA,,186.00,工業用,鋼筋混凝土加強磚造,44年4月0日,一層,一層 見其他登記事項,全筆移轉
RPPPMLMKKIKGFBG87DA,44,52.84,住家用,鋼筋混凝土加強磚造,70年12月12日,二層,一層 二層 騎樓,全筆移轉
RPPNMLOKKIKGFAG77DA,,170.28,住家用,鋼筋混凝土造（ＲＣ）,114年6月24日,三層,一層 二層 三層 陽台,全筆移轉
RPQNMLLKKIKGFBG67DA,47,65.89,住家用,鋼筋混凝土加強磚造,68年1月22日,三層,二層,全筆移轉
RPOOMLSLJIKGFAG18DA,,500.77,農舍、樓梯間,鋼筋混凝土造,114年10月2日,三層,一層 二層 三層 陽台 見其他登記事項,全筆移轉
RPPNMLQKKIKGFAG97DA,32,115.67,鄉村住宅、停車場,鋼筋混凝土造,83年1月22日,四層,一層 二層,全筆移轉
RPPNMLQKKIKGFAG97DA,32,37.03,私設防空避難室﹙共同使用部份﹚,鋼筋混凝土造,83年1月22日,四層,,持分移轉
RPWOMLOLKIKGFAG68DA,38,82.45,住家用,鋼筋混凝土造,77年2月10日,五層,五層,全筆移轉
RPWOMLOLKIKGFAG68DA,38,6.76,樓梯間及屋頂突出物,鋼筋混凝土造,77年2月10日,五層,,持分移轉
RPUNMLQKKIKGFAG48DA,37,126.98,住家用,鋼筋混凝土加強磚造,77年5月24日,二層,一層 二層,全筆移轉
RPPNMLTJKIKGFAG18DA,29,15.12,防空避難室、停車場、通道．共同使用部份,鋼筋混凝土造,85年11月9日,十三層,,持分移轉
RPPNMLTJKIKGFAG18DA,29,29.60,防空避難室、停車場、通道．共同使用部份,鋼筋混凝土造,85年11月9日,十三層,,持分移轉
RPPNMLTJKIKGFAG18DA,29,.04,梯間．共同使用部份,鋼筋混凝土造,85年11月9日,十三層,,持分移轉
RPPNMLTJKIKGFAG18DA,29,12.89,梯間．共同使用部份,鋼筋混凝土造,85年11月9日,十三層,,持分移轉
RPPNMLTJKIKGFAG18DA,29,.23,商業用,鋼筋混凝土造,85年11月9日,十三層,地下一層,持分移轉
RPPNMLTJKIKGFAG18DA,29,87.05,住家用,鋼筋混凝土造,85年11月9日,十三層,五層 陽台,全筆移轉
RPOOMLRKKIKGFAG08DA,1,186.56,住家用,鋼筋混凝土（ＲＣ）,114年1月24日,三層,一層 二層 三層 陽台,全筆移轉
RPOPMLNLIIKGFAG67DA,30,85.39,住家用,鋼筋混凝土造,85年2月10日,六層,三層 陽台,全筆移轉
RPRNMLKMIIKGFAG57DA,45,86.32,住家用,鐵筋加強磚造,70年4月2日,二層,一層 二層,全筆移轉
RPVNMLPLJIKGFBG58DA,31,138.40,住家用,鋼筋混凝土造,84年1月25日,八層,一層 陽台 平台 地下層,全筆移轉
RPOPMLNLIIKGFAG67DA,30,6.12,停車場,鋼筋混凝土造,85年2月10日,六層,,持分移轉
RPOPMLNLIIKGFAG67DA,30,14.06,梯間、通道、共同使用部份,鋼筋混凝土造,85年2月10日,六層,,持分移轉
RPVNMLPLJIKGFBG58DA,31,157.94,共有部份,鋼筋混凝土造,84年1月25日,八層,,持分移轉
RPRNMLSLJIKGFBG48DA,1,137.10,集合住宅,鋼筋混凝土造,114年1月3日,十層,九層 陽台,全筆移轉
RPRNMLSLJIKGFBG48DA,1,119.43,本共有部分之項目有：停車空間、防空避難室兼停車空間、管委會空間、樓電梯間、機電設備空間、樓梯間、水箱等７項。,鋼筋混凝土造,114年1月3日,十層,,持分移轉
RPVNMLTKJIKGFBG88DA,,75.20,住家用,鋼筋混凝土加強磚造,,,一層 二層,全筆移轉
SPQNMLTKKIKGFAG48DA,,146.25,住家用,鋼筋混凝土造,114年5月12日,三層,一層 二層 三層 陽台,全筆移轉
RPQNMLTKKIKGFAG38DA,,146.25,住家用,鋼筋混凝土造,114年5月12日,三層,一層 二層 三層 陽台,全筆移轉
RPVOMLOLJIKGFBG58DA,42,108.50,住家用,鋼筋混凝土加強磚造,72年5月30日,二層,一層 二層 騎樓,全筆移轉
RPUNMLRKKIKGFAG58DA,29,94.59,住家用,鋼筋混凝土造,85年10月3日,十二層,五層,全筆移轉
RPUNMLRKKIKGFAG58DA,29,18.90,停車場、法定防空避難室、機車停車場、私設防空避難室﹙共同使用部份﹚,鋼筋混凝土造,85年10月3日,十二層,,持分移轉
RPUNMLRKKIKGFAG58DA,29,14.80,通道、梯間﹙共同使用部份﹚,鋼筋混凝土造,85年10月3日,十二層,,持分移轉
RPTOMLOLJIKGFBG38DA,42,108.50,住家用,鋼筋混凝土加強磚造,72年5月30日,二層,一層 二層 騎樓,全筆移轉
RPVNMLSJKIKGFAG68DA,1,82.28,集合住宅,鋼筋混凝土（ＲＣ）,113年12月17日,四層,二層 陽台,全筆移轉
RPVNMLSJKIKGFAG68DA,1,26.10,本共有部分之項目有停車空間。,鋼筋混凝土（ＲＣ）,113年12月17日,四層,,持分移轉
RPVNMLSJKIKGFAG68DA,1,19.22,本共有部分之項目有梯間、樓梯間、電梯間等３項。,鋼筋混凝土（ＲＣ）,113年12月17日,四層,,持分移轉
RPTNMLOJJIKGFAG97DA,44,86.77,住家用,鋼筋混凝土加強磚造,70年10月6日,二層,一層 二層,全筆移轉
RPTNMLOJJIKGFAG97DA,44,86.77,住家用,鋼筋混凝土加強磚造,70年10月6日,二層,一層 二層,全筆移轉
RPTNMLOJJIKGFAG97DA,44,86.77,住家用,鋼筋混凝土加強磚造,70年10月6日,二層,一層 二層,全筆移轉
RPUQMLSKKIKGFBG09DA,1,199.04,住宅、樓梯間,鋼筋混凝土造,113年12月12日,三層,一層 二層 三層 陽台 見其他登記事項,全筆移轉
RPSPMLOKJIKGFBG28DA,45,104.10,住家用,鋼筋混凝土加強磚造,69年7月7日,二層,一層 二層,全筆移轉
RPRNMLTKKIKGFAG48DA,32,164.93,住家用,鋼筋混凝土造,82年10月14日,三層,一層 二層 三層 陽台 屋頂突出物,全筆移轉
RPROMLSKJIKGFAG38DA,25,79.66,住家用,鋼筋混凝土造,89年6月2日,六層,四層 陽台,全筆移轉
RPROMLSKJIKGFAG38DA,25,32.49,共同使用部份（台電配電室．幫浦機房．發電機室．蓄水池．停車場．樓梯間．機械室．水箱）,鋼筋混凝土造,89年6月2日,六層,,持分移轉
RPQQMLSKKIKGFBG68DA,8,52.21,集合住宅,鋼骨鋼筋混凝土造,106年12月21日,二十九層,九層 陽台,全筆移轉
RPQQMLSKKIKGFBG68DA,8,42.40,本共用部分之項目有：停車空間、大廳、供管委員會使用空間、中繼機房、機電梯間、機房、水箱等７項,鋼骨鋼筋混凝土造,106年12月21日,二十九層,,持分移轉
RPROMLTKKIKGFAG58DA,44,104.62,住家用,鋼筋混凝土加強磚造,70年12月24日,二層,一層 二層,全筆移轉
RPSNMLTKKIKGFBG68DA,34,207.03,住家用,鋼筋混凝土造,80年10月7日,四層,一層 二層 三層 四層 陽台 騎樓,全筆移轉
RPSNMLPKKIKGFAG18DA,27,110.43,鄉村住宅,鋼筋混凝土造,87年6月2日,四層,三層 四層 陽台,全筆移轉
RPSNMLPKKIKGFAG18DA,27,44.47,停車場.梯間防空避難室.共同使用部份,鋼筋混凝土造,87年6月2日,四層,,持分移轉
RPQNMLNLKIKGFAG87DA,40,259.58,住商用,鋼筋混凝土加強磚造,74年8月2日,二層,一層 二層 騎樓,全筆移轉
RPPNMLTKKIKGFBG38DA,50,43.31,住家用,鋼筋混凝土加強磚造,64年9月24日,三層,一層 二層 三層,持分移轉
RPPNMLTKKIKGFBG38DA,,1.97,住家用,鋼筋混凝土加強磚造,,二層,二層,持分移轉
RPOOMLOLJIKGFAG77DA,5,150.29,住家用,鋼筋混凝土造,109年9月3日,三層,一層 二層 三層 陽台,全筆移轉
RPPNMLNLKIKGFBG87DA,46,112.20,住家用,鋼筋混凝土造,68年6月1日,二層,一層 二層 騎樓,全筆移轉
RPVNMLMLKIKGFAG28DA,7,150.13,住家用,鋼筋混凝土造,108年1月4日,三層,一層 二層 三層 陽台,全筆移轉
RPXOMLTKJIKGFBG56DA,14,112.95,集合住宅,鋼筋混凝土造,100年4月15日,四層,三層 陽台,全筆移轉
RPXOMLTKJIKGFBG56DA,14,75.14,本共有部分之項目有防空避難室兼停車空間、管委會使用空間、電梯機房、水箱等４項。,鋼筋混凝土造,100年4月15日,九層,,持分移轉
RPPOMLTLKIKGFBG58DA,,39.55,集合住宅,鋼筋混凝土造,114年4月17日,五層,五層 陽台,全筆移轉
RPPOMLTLKIKGFBG58DA,,15.95,本共有部分之項目有：電梯間、樓梯間（含管委會使用空間）停車空間等３項,鋼筋混凝土造,114年4月17日,五層,,持分移轉
RPVNMLQLKIKGFBG78DA,30,188.50,鄉村住宅停車場,鋼筋混凝土造,85年1月22日,四層,一層 二層 三層 四層 陽台 平台,全筆移轉
RPWOMLLMKIKGFAG48DA,2,127.21,集合住宅,鋼筋混凝土（ＲＣ）,112年12月15日,五層,二層 陽台,全筆移轉
RPWOMLLMKIKGFAG48DA,2,55.83,本共有部分之項目有停車空間、電氣室、樓梯間等３項。,鋼筋混凝土（ＲＣ）,112年12月15日,五層,,持分移轉
RPRNMLMJJHLGFAG67EA,2,63.25,集合住宅,鋼筋混凝土造,113年4月16日,四層,二層 陽台,全筆移轉
RPRNMLMJJHLGFAG67EA,2,14.25,本共有部分之項目有樓電梯間等１項,鋼筋混凝土造,113年4月16日,四層,,持分移轉
RPXOMLOLKIKGFAG78DA,17,49.24,住家用,鋼筋混凝土造,97年6月2日,十三層,六層 陽台,全筆移轉
RPXOMLOLKIKGFAG78DA,17,3.31,共有部份,鋼筋混凝土造,97年6月2日,十三層,,持分移轉
RPXOMLOLKIKGFAG78DA,17,6.79,梯間．通道,鋼筋混凝土造,97年6月2日,十三層,,持分移轉
RPPPMLLMKIKGFAG87DA,2,135.93,集合住宅,鋼筋混凝土（ＲＣ）,112年12月15日,五層,五層 陽台,全筆移轉
RPPPMLLMKIKGFAG87DA,2,55.83,本共有部分之項目有停車空間、電氣室、樓梯間等３項。,鋼筋混凝土（ＲＣ）,112年12月15日,五層,,持分移轉
RPRNMLSKKIKGFAG38DA,3,165.90,住家用,鋼筋混凝土造,112年2月9日,三層,一層 二層 三層 陽台,全筆移轉
RPPQMLSKKIKGFAG48DA,1,66.20,集合住宅,鋼筋混凝土（ＲＣ）,114年4月2日,四層,二層 陽台,全筆移轉
RPPQMLSKKIKGFAG48DA,1,36.12,本共有部分之項目有停車空間、樓梯間、集合住宅（含電梯、無障礙樓梯安全梯、安全梯、梯廳、消防機械室、電信室）等３項,鋼筋混凝土（ＲＣ）,114年4月2日,四層,,持分移轉
RPSNMLRJJIKGFBG28DA,1,62.10,集合住宅,鋼筋混凝土造,114年3月5日,三層,三層 陽台,全筆移轉
RPSNMLRJJIKGFBG28DA,1,9.96,本共有部分之項目有：電信機房、垃圾集中區、樓梯間、昇降機間、梯廳等５項,鋼筋混凝土造,114年3月5日,三層,,持分移轉
RPPNMLMJJHLGFAG47EA,69,5.99,住家用,鋼筋混凝土加強磚造,45年5月15日,一層,一層 廚房,持分移轉
RPPNMLPJJHLGFBG77DA,10,257.65,住宅、樓梯間,鋼筋混凝土造,104年10月14日,四層,一層 二層 三層 四層 陽台 見其他登記事項,全筆移轉
RPTOMLPJJHLGFAG18DA,9,258.61,住家用,鋼筋混凝土（ＲＣ）,105年11月28日,三層,一層 二層 三層 陽台 見其他登記事項,全筆移轉
RPXNMLQJJHLGFAG58DA,32,149.02,住家用,鋼筋混凝土造,82年8月16日,五層,五層 陽台 夾層 見其他登記事項,全筆移轉
RPXNMLQJJHLGFAG58DA,32,35.66,停車場,鋼筋混凝土造,82年8月16日,五層,,持分移轉
RPVNMLRJJHLGFBG58DA,48,96.76,住家用,鋼筋混凝土加強磚造,66年8月15日,二層,一層 二層 騎樓,全筆移轉
RPPOMLPJJHLGFAG77DA,71,33.62,住家用,木造,44年1月10日,一層,一層,全筆移轉
RPWNMLPJJIKGFBG48DA,1,34.96,集合住宅,鋼筋混凝土造,113年11月22日,四層,四層 陽台,全筆移轉
RPWNMLPJJIKGFBG48DA,1,17.23,本共有部分之項目有：機電設備空間、管委會使用空間、梯廳、Ａ棟梯廳、Ｂ棟梯廳、Ｃ棟梯廳、Ｄ棟梯廳、車道、陽台、無障礙昇降機、戶外安全梯（Ａ２）（無障礙）、戶外安全梯（Ｂ２）（無障礙）、戶外安全梯（Ｃ２）（無障礙）、戶外安全梯（Ｄ２）（無障礙）、戶外安全梯（Ｂ２）兼無障礙樓梯、停車空間兼防空避難室、水箱Ａ、水箱Ｂ、水箱Ｃ、水箱Ｄ、電信機房、安全梯（Ｅ）、電表區、消防泵浦室發電機室、台電配電室等２５項,鋼筋混凝土造,113年11月22日,四層,,持分移轉
RPRNMLSJJHLGFAG18DA,30,58.95,住家用,鋼筋混凝土造,84年5月27日,五層,二層 陽台,全筆移轉
RPRNMLSJJHLGFAG18DA,30,2.84,共有部份,鋼筋混凝土造,84年5月27日,五層,,持分移轉
RPWNMLMKJHLGFAG18DA,1,53.43,集合住宅,鋼筋混凝土（ＲＣ）,113年9月26日,五層,二層 陽台,全筆移轉
RPWNMLMKJHLGFAG18DA,1,.75,管委會,鋼筋混凝土（ＲＣ）,113年9月26日,五層,,持分移轉
RPWNMLMKJHLGFAG18DA,1,21.01,本共有部分之項目有梯廳、機房、停車空間、管委會、樓梯間、水箱等６項。,鋼筋混凝土（ＲＣ）,113年9月26日,五層,,持分移轉
RPRNMLSJJHLGFBG28DA,54,107.64,住家用,鋼筋混凝土加強磚造,60年8月25日,二層,一層 二層,全筆移轉
RPOOMLRJJHLGFBG97DA,5,55.06,集合住宅,鋼筋混凝土造,110年3月30日,十四層,五層 陽台,全筆移轉
RPOOMLRJJHLGFBG97DA,5,46.25,本共有部分之項目有：停車空間、電梯間、安全梯、水箱、機械機房、消防機房、排風機房、防空避難室兼停車空間、電信室、泳池機房、景觀機房、台電配電室、發電機室、防災中心、公共服務空間、垃圾儲藏空間等１６項,鋼筋混凝土造,110年3月30日,十八層,,持分移轉
RPOOMLRJJHLGFBG97DA,5,16.83,本共有部分之項目有：樓梯間、梯廳、消防中繼機械室、水錶區、水箱、機械室等６項,鋼筋混凝土造,110年3月30日,十四層,,持分移轉
RPVNMLMJKIKGFBG18DA,2,55.90,集合住宅,鋼筋混凝土造,113年2月2日,四層,二層 陽台,全筆移轉
RPVNMLMJKIKGFBG18DA,2,12.80,本共有部分之項目有：停車空間、管委會空間、昇降機、安全梯、梯廳、管理室、樓梯間等７項,鋼筋混凝土造,113年2月2日,四層,,持分移轉
RPVNMLMJKIKGFBG18DA,2,10.15,本共有部分之項目有：安全梯、梯廳、昇降機等３項,鋼筋混凝土造,113年2月2日,四層,,持分移轉
RPUNMLPJJHLGFBG28DA,30,8.70,共有部份,鋼筋混凝土造,85年1月8日,六層,,持分移轉
RPUNMLPJJHLGFBG28DA,30,4.66,共有部份,鋼筋混凝土造,85年1月8日,六層,,持分移轉
RPUNMLPJJHLGFBG28DA,30,28.50,住家用,鋼筋混凝土造,85年1月8日,六層,五層 陽台,全筆移轉
RPRNMLTJKIKGFAG38DA,5,65.97,集合住宅,鋼筋混凝土造,110年4月20日,四層,二層 陽台,全筆移轉
RPRNMLTJKIKGFAG38DA,5,30.44,本共有部分之項目有停車空間、樓電梯間等２項。,鋼筋混凝土造,110年4月20日,四層,,持分移轉
RPQOMLMKJHLGFBG77DA,,247.30,住家用,鋼筋混凝土造,114年7月24日,四層,一層 二層 三層 四層 陽台,全筆移轉
RPWQMLSKKIKGFBG66DA,,154.66,住宅、樓梯間,鋼筋混凝土造,114年9月11日,三層,一層 二層 三層 陽台 見其他登記事項,全筆移轉
RPSNMLTKJHLGFAG48DA,31,112.88,住家用,鋼筋混凝土造,83年5月27日,六層,五層 陽台,全筆移轉
RPSNMLTKJHLGFAG48DA,31,8.05,梯間及受電室、共用使用部份,鋼筋混凝土造,83年5月27日,六層,,持分移轉
RPSNMLTKJHLGFAG48DA,31,16.61,停車場,鋼筋混凝土造,83年5月27日,六層,一層,持分移轉
RPPNMLQKJHLGFAG97EA,1,216.66,住家用,鋼筋混凝土造,113年9月11日,三層,一層 二層 三層 陽台 見其他登記事項,全筆移轉
RPQOMLPKJHLGFBG08DA,26,45.59,住家用,鋼筋混凝土造,88年8月31日,九層,七層 陽台,全筆移轉
RPQOMLPKJHLGFBG08DA,26,23.26,共有部份,鋼筋混凝土造,88年8月31日,九層,,持分移轉
RPXNMLRKIIKGFBG78DA,7,323.03,店舖、住宅,鋼筋混凝土造,108年1月14日,四層,一層 二層 三層 四層 陽台,全筆移轉
RPQOMLRKKIKGFAG28DA,3,79.70,集合住宅,鋼筋混凝土造,111年6月27日,四層,二層 陽台,全筆移轉
RPRNMLRJJHLGFBG18DA,6,144.13,住家用,鋼筋混凝土造,108年10月8日,三層,一層 二層 三層 陽台,全筆移轉
RPQOMLRKKIKGFAG28DA,3,26.17,本共有部分之項目有樓梯間等１項。,鋼筋混凝土造,111年6月27日,四層,,持分移轉
RPQOMLRKKIKGFAG28DA,3,23.72,本共有部分之項目有停車空間等１項。,鋼筋混凝土造,111年6月27日,四層,,持分移轉
RPQOMLTKJHLGFAG38DA,44,110.92,住家用,鋼筋混凝土加強磚造,70年12月26日,二層,一層 二層,全筆移轉
RPSNMLKLJHLGFAG67DA,15,182.27,住家用,ＲＣ造,100年2月22日,三層,一層 二層 三層 陽台 雨遮,全筆移轉
RPRNMLLLJHLGFBG87EA,11,55.23,集合住宅,鋼筋混凝土造,104年1月8日,十五層,十層 陽台 雨遮,全筆移轉
RPRNMLLLJHLGFBG87EA,11,48.38,本共有部分之項目有：停車空間、梯廳、供管委會使用空間、排煙室、機房、樓梯間、水箱等七項,鋼筋混凝土造,104年1月8日,十五層,,持分移轉
RPVNMLLLJHLGFAG08DA,1,51.21,集合住宅,鋼筋混凝土（ＲＣ）,113年9月26日,五層,四層 陽台,全筆移轉
RPVNMLLLJHLGFAG08DA,1,.72,管委會,鋼筋混凝土（ＲＣ）,113年9月26日,五層,,持分移轉
RPVNMLLLJHLGFAG08DA,1,32.07,本共有部分之項目有梯廳、機房、停車空間、管委會、樓梯間、水箱等６項。,鋼筋混凝土（ＲＣ）,113年9月26日,五層,,持分移轉
RPTNMLSJKIKGFBG58DA,26,93.24,住家用,鋼筋混凝土造,88年7月16日,五層,三層 陽台,全筆移轉
RPTNMLSJKIKGFBG58DA,26,12.82,共有部份,鋼筋混凝土造,88年7月16日,五層,,持分移轉
RPSOMLSKJIKGFAG48DA,44,128.26,住家用,鋼筋混凝土加強磚造,70年12月30日,二層,一層 二層,全筆移轉
RPOOMLLLJHLGFAG47DA,30,182.81,鄉村住宅,鋼筋混凝土造,85年4月10日,三層,一層 二層 三層 陽台 見其他登記事項,全筆移轉
RPTOMLRLJHLGFBG68DA,,68.24,集合住宅,鋼筋混凝土造,114年10月16日,四層,四層 陽台,全筆移轉
RPTOMLRLJHLGFBG68DA,,38.04,本共有部分之項目有：停車空間、梯間等２項。,鋼筋混凝土造,114年10月16日,四層,,持分移轉
RPUNMLLLJHLGFAG97DA,31,79.87,住家用,鋼筋混凝土造,84年3月31日,十二層,六層 陽台,全筆移轉
RPUNMLLLJHLGFAG97DA,31,7.66,梯間、共同使用部份,鋼筋混凝土造,84年3月31日,十二層,,持分移轉
RPUNMLLLJHLGFAG97DA,31,11.65,共同使用部份,鋼筋混凝土造,84年3月31日,十二層,,持分移轉
RPUNMLLLJHLGFAG97DA,31,11.80,防空避難室、停車場、共同使用部份,鋼筋混凝土造,84年3月31日,十二層,,持分移轉
RPROMLQJKHLGFAG18DA,,156.51,住家用,鋼筋混凝土造,114年10月15日,三層,一層 二層 三層 陽台,全筆移轉
RPXNMLKKKHLGFBG28DA,4,69.33,集合住宅、停車空間,鋼筋混凝土造,110年12月29日,五層,一層,全筆移轉
RPXNMLKKKHLGFBG28DA,4,18.78,本共有部分之項目有：電梯間等１項。,鋼筋混凝土造,110年12月29日,五層,,持分移轉
RPXNMLRJJHLGFAG68DA,43,168.90,農舍,鋼筋混凝土加強磚造,71年9月20日,二層,一層 二層,全筆移轉
RPTNMLPJLHLGFAG28DA,10,258.13,住宅．樓梯間,鋼筋混凝土造,104年9月3日,四層,一層 二層 三層 四層 陽台 見其他登記事項,全筆移轉
RPPOMLPJLHLGFAG97DA,44,109.86,住家用,鋼筋混凝土造,71年4月21日,五層,五層,全筆移轉
RPPNMLKKKIKGFAG47EA,,201.28,店舖、住宅,鋼筋混凝土造,114年7月7日,四層,一層 二層 三層 四層 陽台,全筆移轉
RPSNMLMJKHLGFAG77DA,44,107.10,住家用,鋼筋混凝土加強磚造,70年12月22日,二層,一層 二層,全筆移轉
RPUNMLRKIIKGFBG48DA,6,49.00,集合住宅,鋼筋混凝土造,109年4月6日,四層,二層 陽台,全筆移轉
RPUNMLRKIIKGFBG48DA,6,30.21,本共有部分之項目有：停車空間、樓梯間、機械室等３項,鋼筋混凝土造,109年4月6日,四層,,持分移轉
RPQNMLTKJIKGFBG38DA,8,76.05,集合住宅,鋼筋混凝土造,107年3月23日,五層,四層 陽台 雨遮,全筆移轉
RPQNMLTKJIKGFBG38DA,8,33.48,本共有部分之項目有：停車空間、機房、水箱、樓梯間等４項,鋼筋混凝土造,107年3月23日,五層,,持分移轉
RPPOMLKKKIKGFBG57DA,47,97.06,住家用,鋼筋混凝土加強磚造,67年6月30日,二層,一層 二層 騎樓,全筆移轉
RPQNMLRKKIKGFAG18DA,53,99.17,住家用,鋼筋混凝土加強磚造,61年8月4日,一層,一層,全筆移轉
RPWPMLSKKIKGFBG56DA,28,91.31,住家用,鋼筋混凝土造,86年12月26日,十三層,七層 陽台,全筆移轉
RPWPMLSKKIKGFBG56DA,28,.14,管理室,鋼筋混凝土造,86年12月26日,十三層,一層,持分移轉
RPWPMLSKKIKGFBG56DA,28,11.25,共有部份,鋼筋混凝土造,86年12月26日,十三層,,持分移轉
RPWPMLSKKIKGFBG56DA,28,.02,共有部份,鋼筋混凝土造,86年12月26日,十三層,,持分移轉
RPWPMLSKKIKGFBG56DA,28,2.08,共有部份,鋼筋混凝土造,86年12月26日,十三層,,持分移轉
RPWPMLSKKIKGFBG56DA,28,11.22,共有部份,鋼筋混凝土造,86年12月26日,十三層,,持分移轉
RPWPMLSKKIKGFBG56DA,28,.02,共有部份,鋼筋混凝土造,86年12月26日,十三層,,持分移轉
RPWPMLSKKIKGFBG56DA,28,16.53,共有部份,鋼筋混凝土造,86年12月26日,十三層,,持分移轉
RPQNMLSKKIKGFAG28DA,1,158.12,住家用,鋼筋混凝土造,114年1月24日,三層,一層 二層 三層 陽台,全筆移轉
RPQNMLLKKIKGFAG57DA,1,139.73,住家用,鋼筋混凝土造,113年7月4日,三層,一層 二層 三層 陽台,全筆移轉
RPPOMLQKKIKGFAG08DA,44,123.92,住家用,鋼筋混凝土加強磚造,71年2月27日,二層,一層 二層 騎樓,全筆移轉
RPQNMLTLKIKGFBG68EA,14,126.30,住宅、停車空間、樓梯間,鋼筋混凝土造,100年8月25日,三層,一層 二層 三層 陽台 雨遮 見其他登記事項,全筆移轉
RPUNMLQLKIKGFBG68DA,30,205.20,鄉村住宅停車場,鋼筋混凝土造,85年1月22日,四層,一層 二層 三層 四層 陽台 平台,全筆移轉
RPWNMLTKKIKGFBG09DA,14,108.24,集合住宅,鋼筋混凝土造,100年4月13日,七層,一層 陽台,全筆移轉
RPWNMLTKKIKGFBG09DA,14,74.26,本共有部分之項目有防空避難室兼停車空間、管委會使用空間、電梯機房、水箱等４項。,鋼筋混凝土造,100年4月13日,七層,,持分移轉
RPVNMLTLKIKGFAG98DA,29,64.39,住家用,鋼筋混凝土造,85年10月3日,十二層,八層 陽台,全筆移轉
RPVNMLTLKIKGFAG98DA,29,12.86,停車場、法定防空避難室、機車停車場、私設防空避難室﹙共同使用部份﹚,鋼筋混凝土造,85年10月3日,十二層,,持分移轉
RPVNMLTLKIKGFAG98DA,29,8.64,通道、梯間共同使用部份,鋼筋混凝土造,85年10月3日,十二層,,持分移轉
RPPNMLKMKIKGFAG57DA,44,131.05,住家用,鋼筋混凝土加強磚造,70年12月31日,二層,一層 二層 騎樓,全筆移轉
RPXPMLSKKIKGFBG66DA,5,55.75,集合住宅,鋼筋混凝土造,110年3月30日,十四層,十四層 陽台,全筆移轉
RPXPMLSKKIKGFBG66DA,5,12.84,本共有部分之項目有：停車空間、電梯間、安全梯、水箱、機械機房、消防機房、排風機房、防空避難室兼停車空間、電信室、泳池機房、景觀機房、台電配電室、發電機室、防災中心、公共服務空間、垃圾儲藏空間等１６項,鋼筋混凝土造,110年3月30日,十八層,,持分移轉
RPXPMLSKKIKGFBG66DA,5,17.05,本共有部分之項目有：樓梯間、梯廳、消防中繼機械室、水錶區、水箱、機械室等６項,鋼筋混凝土造,110年3月30日,十四層,,持分移轉
RPVNMLPJJHLGFAG28DA,2,95.56,集合住宅,鋼筋混凝土（ＲＣ）,113年1月10日,四層,三層 陽台,全筆移轉
RPVNMLPJJHLGFAG28DA,2,43.75,本共有部分之項目有電梯間、樓梯間、附屬配電場所、停車空間及水箱等５項,鋼筋混凝土（ＲＣ）,113年1月10日,四層,,持分移轉
RPWNMLMJJHLGFBG18DA,4,55.06,集合住宅,鋼筋混凝土造,110年3月30日,十四層,十四層 陽台,全筆移轉
RPWNMLMJJHLGFBG18DA,4,46.25,本共有部分之項目有：停車空間、電梯間、安全梯、水箱、機械機房、消防機房、排風機房、防空避難室兼停車空間、電信室、泳池機房、景觀機房、台電配電室、發電機室、防災中心、公共服務空間、垃圾儲藏空間等１６項,鋼筋混凝土造,110年3月30日,十八層,,持分移轉
RPWNMLMJJHLGFBG18DA,4,16.83,本共有部分之項目有：樓梯間、梯廳、消防中繼機械室、水錶區、水箱、機械室等６項,鋼筋混凝土造,110年3月30日,十四層,,持分移轉
RPPNMLOKIIKGFBG67DA,6,68.25,本共有部分之項目有：停車場兼防空避難室、停車場、公共服務空間、梯廳、安全梯、走道、車道、陽台、雨遮、發電機室設備空間、消防泵浦室設備空間、蓄水箱設備空間、電梯、排煙室空間、電信機房設備空間、台電配電室設備空間、垃圾暫存設備空間、排煙管道間、機電設備空間、緊急升降機、兒童教室、交誼區（室）、健身教室、閱覽室、社區會議室、韻律教室、管理室等２７項,鋼筋混凝土造,108年5月6日,十三層,,持分移轉
RPPNMLOKIIKGFBG67DA,6,118.06,集合住宅,鋼筋混凝土造,108年5月6日,十三層,二層 陽台 雨遮,全筆移轉
RPPNMLOKIIKGFBG67DA,6,25.95,本共有部分之項目有：梯廳、安全梯、樓梯間、電梯間、機械室、蓄水池等６項,鋼筋混凝土造,108年5月6日,十三層,,持分移轉
RPWQMLOLKIKGFAG88DA,,68.01,集合住宅,鋼筋混凝土（ＲＣ）,114年7月23日,四層,二層 陽台,全筆移轉
RPWQMLOLKIKGFAG88DA,,13.82,本共有部分之項目有梯間、停車空間、電梯室等３項,鋼筋混凝土（ＲＣ）,114年7月23日,四層,,持分移轉
RPPNMLLKJHLGFBG47DA,20,185.51,住家用,鋼筋混凝土造,94年8月18日,三層,一層 二層 三層 陽台 見其他登記事項,全筆移轉
RPPNMLOKJHLGFBG87EA,33,70.90,住家用,鋼筋混凝土造,81年12月17日,三層,一層 二層 三層 陽台 騎樓 見其他登記事項,持分移轉
RPUNMLQLKIKGFAG58DA,45,102.08,住家用,鋼筋混凝土加強磚造,69年6月2日,二層,一層 二層,全筆移轉
RPSNMLLLJHLGFAG77DA,36,224.00,農舍,鋼筋混凝土加強磚造,78年3月24日,一層,一層,全筆移轉
RPROMLNLJHLGFBG08DA,,53.90,集合住宅,鋼筋混凝土造,114年10月13日,四層,一層,全筆移轉
RPROMLNLJHLGFBG08DA,,22.99,本共有部分之項目有：停車空間、樓梯、電梯間等３項,鋼筋混凝土造,114年10月13日,四層,,持分移轉
RPWOMLNLJHLGFBG58DA,,44.23,集合住宅,鋼筋混凝土造,114年10月13日,四層,二層 陽台,全筆移轉
RPWOMLNLJHLGFBG58DA,,19.09,本共有部分之項目有：停車空間、樓梯、電梯間等３項,鋼筋混凝土造,114年10月13日,四層,,持分移轉
SPWOMLNLJHLGFBG68DA,,44.23,集合住宅,鋼筋混凝土造,114年10月13日,四層,二層 陽台,全筆移轉
SPWOMLNLJHLGFBG68DA,,19.09,本共有部分之項目有：停車空間、樓梯、電梯間等３項,鋼筋混凝土造,114年10月13日,四層,,持分移轉
RPRPMLNLJHLGFBG18DA,,58.82,集合住宅,鋼筋混凝土造,114年10月13日,四層,三層 陽台,全筆移轉
RPRPMLNLJHLGFBG18DA,,25.06,本共有部分之項目有：停車空間、樓梯、電梯間等３項,鋼筋混凝土造,114年10月13日,四層,,持分移轉
SPRPMLNLJHLGFBG28DA,,58.82,集合住宅,鋼筋混凝土造,114年10月13日,四層,三層 陽台,全筆移轉
SPRPMLNLJHLGFBG28DA,,25.06,本共有部分之項目有：停車空間、樓梯、電梯間等３項,鋼筋混凝土造,114年10月13日,四層,,持分移轉
RPVNMLTLIIKGFBG88DA,2,62.16,集合住宅,鋼筋混凝土造,112年9月12日,五層,三層 陽台,全筆移轉
RPOOMLPLKHLGFBG08DA,,190.75,住宅、樓梯間,鋼筋混凝土造,114年10月1日,三層,一層 二層 三層 陽台 見其他登記事項,全筆移轉
RPVNMLTLIIKGFBG88DA,2,18.99,本共有部分之項目有：停車空間、樓梯間等２項,鋼筋混凝土造,112年9月12日,五層,,持分移轉
SPROMLNLJHLGFBG18DA,,53.90,集合住宅,鋼筋混凝土造,114年10月13日,四層,一層,全筆移轉
SPROMLNLJHLGFBG18DA,,22.99,本共有部分之項目有：停車空間、樓梯、電梯間等３項,鋼筋混凝土造,114年10月13日,四層,,持分移轉
SPSOMLNLJHLGFBG28DA,,53.90,集合住宅,鋼筋混凝土造,114年10月13日,四層,一層,全筆移轉
SPSOMLNLJHLGFBG28DA,,22.99,本共有部分之項目有：停車空間、樓梯、電梯間等３項,鋼筋混凝土造,114年10月13日,四層,,持分移轉
RPSOMLNLJHLGFBG18DA,,53.90,集合住宅,鋼筋混凝土造,114年10月13日,四層,一層,全筆移轉
SPTOMLNLJHLGFBG38DA,,58.82,集合住宅,鋼筋混凝土造,114年10月13日,四層,二層 陽台,全筆移轉
RPSOMLNLJHLGFBG18DA,,22.99,本共有部分之項目有：停車空間、樓梯、電梯間等３項,鋼筋混凝土造,114年10月13日,四層,,持分移轉
SPTOMLNLJHLGFBG38DA,,25.06,本共有部分之項目有：停車空間、樓梯、電梯間等３項,鋼筋混凝土造,114年10月13日,四層,,持分移轉
RPTOMLNLJHLGFBG28DA,,58.82,集合住宅,鋼筋混凝土造,114年10月13日,四層,二層 陽台,全筆移轉
RPTOMLNLJHLGFBG28DA,,25.06,本共有部分之項目有：停車空間、樓梯、電梯間等３項,鋼筋混凝土造,114年10月13日,四層,,持分移轉
SPQQMLNLJHLGFBG28DA,,89.82,集合住宅,鋼筋混凝土造,114年10月13日,四層,四層 陽台,全筆移轉
SPQQMLNLJHLGFBG28DA,,42.86,本共有部分之項目有：停車空間、樓梯、電梯間等３項,鋼筋混凝土造,114年10月13日,四層,,持分移轉
RPQQMLNLJHLGFBG18DA,,89.82,集合住宅,鋼筋混凝土造,114年10月13日,四層,四層 陽台,全筆移轉
RPQQMLNLJHLGFBG18DA,,42.86,本共有部分之項目有：停車空間、樓梯、電梯間等３項,鋼筋混凝土造,114年10月13日,四層,,持分移轉
RPUOMLOLKIKGFAG48DA,,63.61,集合住宅,鋼筋混凝土（ＲＣ）,114年4月9日,四層,四層 陽台,全筆移轉
RPUOMLOLKIKGFAG48DA,,7.59,本共有部分之項目有樓梯間１項,鋼筋混凝土（ＲＣ）,114年4月9日,四層,,持分移轉
RPUOMLOLKIKGFAG48DA,,21.52,本共有部分之項目有停車空間、樓梯間等２項,鋼筋混凝土（ＲＣ）,114年4月9日,四層,,持分移轉
RPXNMLQJKHLGFBG78DA,4,103.37,集合住宅,鋼筋混凝土造,110年3月30日,十八層,三層 陽台,全筆移轉
RPXNMLQJKHLGFBG78DA,4,53.16,本共有部分之項目有：停車空間、電梯間、安全梯、水箱、機械機房、消防機房、排風機房、防空避難室兼停車空間、電信室、泳池機房、景觀機房、台電配電室、發電機室、防災中心、公共服務空間、垃圾儲藏空間等１６項,鋼筋混凝土造,110年3月30日,十八層,,持分移轉
RPXNMLQJKHLGFBG78DA,4,23.87,本共有部分之項目有：樓梯間、梯廳、消防中繼機械室、水錶區、水箱、機械室等６項,鋼筋混凝土造,110年3月30日,十八層,,持分移轉
RPUNMLLKKHLGFBG08DA,44,78.85,住家用,鋼筋混凝土加強磚造,70年4月22日,一層,一層,全筆移轉
RPOOMLMJKHLGFBG57DA,4,103.37,集合住宅,鋼筋混凝土造,110年3月30日,十八層,十一層 陽台,全筆移轉
RPOOMLMJKHLGFBG57DA,4,57.30,本共有部分之項目有：停車空間、電梯間、安全梯、水箱、機械機房、消防機房、排風機房、防空避難室兼停車空間、電信室、泳池機房、景觀機房、台電配電室、發電機室、防災中心、公共服務空間、垃圾儲藏空間等１６項,鋼筋混凝土造,110年3月30日,十八層,,持分移轉
RPOOMLMJKHLGFBG57DA,4,23.85,本共有部分之項目有：樓梯間、梯廳、消防中繼機械室、水錶區、水箱、機械室等６項,鋼筋混凝土造,110年3月30日,十八層,,持分移轉
RPSNMLNJKIKGFAG87DA,,71.70,集合住宅,鋼筋混凝土（ＲＣ）,114年9月18日,四層,四層 陽台,全筆移轉
RPSNMLNJKIKGFAG87DA,,38.17,本共有部分之項目有停車空間、樓梯間、電信機房、梯廳、電梯間等５項。,鋼筋混凝土（ＲＣ）,114年9月18日,四層,,持分移轉
RPPOMLKKKHLGFAG47DA,,40.11,集合住宅,鋼筋混凝土（ＲＣ）,114年11月20日,四層,一層,全筆移轉
RPPOMLKKKHLGFAG47DA,,1.45,管委會空間,鋼筋混凝土（ＲＣ）,114年11月20日,四層,,持分移轉
RPPOMLKKKHLGFAG47DA,,41.49,本共有部分之項目有停車空間、管委會空間、樓梯間、電梯間、機械室、水箱等６項。,鋼筋混凝土（ＲＣ）,114年11月20日,四層,,持分移轉
RPRNMLQJJHLGFAG97DA,,182.81,住家用,鋼筋混凝土造,114年8月13日,三層,一層 二層 三層 陽台,全筆移轉
RPUPMLRKKIKGFAG78DA,,68.08,集合住宅,鋼筋混凝土（ＲＣ）,114年10月1日,四層,四層 陽台,全筆移轉
RPUPMLRKKIKGFAG78DA,,18.69,本共有部分之項目有停車空間、弱電機械室、及消防機械室、樓梯間、電梯間等５項,鋼筋混凝土（ＲＣ）,114年10月1日,四層,,持分移轉
RPORMLOJKHLGFAG97DA,,76.58,集合住宅,鋼筋混凝土（ＲＣ）,114年11月17日,五層,五層 陽台,全筆移轉
RPORMLOJKHLGFAG97DA,,66.83,本共有部分之項目有管委會使用空間、電信機房、停車空間、集合住宅、樓梯間、機房、水箱等７項,鋼筋混凝土（ＲＣ）,114年11月17日,五層,,持分移轉
RPPOMLMLKIKGFBG87DA,6,160.13,集合住宅,鋼筋混凝土造,108年7月26日,十五層,十二層 陽台,全筆移轉
RPPOMLMLKIKGFBG87DA,6,107.97,本共有部分之項目有：自來水蓄水池、排煙室、汙水處理機房、消防機房、樓梯間、緊急升降機兼無障礙電梯、管道間、樓電梯間、停車空間、台電配電場所、機房、電信室、垃圾處理室、管理員室、發電機室、機電空間、人行道系統、服務性車位、垃圾裝卸車位、會議室、健身房、韻律室、戶外安全梯、管理委員會使用空間、公共管道間、公共服務空間、走道、雨遮、入口大廳等２９項。,鋼筋混凝土造,108年7月26日,十五層,,持分移轉
RPPOMLMLKIKGFBG87DA,6,34.52,本共有部分之項目有：排煙室、梯廳、緊急升降機電梯、無障礙電梯、特別安全梯、樓梯間、信箱區、機房、陽台、機電空間、電梯機房、水箱等１２項。,鋼筋混凝土造,108年7月26日,十五層,,持分移轉
RPQOMLTJKHLGFBG48DA,1,44.75,農糧產品加工室,鋼筋混凝土造,113年5月21日,一層,一層,全筆移轉
RPSOMLPLKHLGFAG38DA,20,202.85,停車空間．住宅．梯間,鋼筋混凝土造,94年9月12日,四層,一層 二層 三層 四層 陽台 雨遮 見其他登記事項,全筆移轉
RPQNMLMJJHLGFBG57DA,16,386.12,農舍,鋼骨造、鋼筋混凝土造,98年1月9日,三層,一層 二層 三層 陽台,全筆移轉
RPWPMLOLKIKGFAG78DA,,99.20,集合住宅,鋼筋混凝土（ＲＣ）,114年10月8日,四層,三層 陽台,全筆移轉
RPWPMLOLKIKGFAG78DA,,31.69,本共有部分之項目有停車空間、電梯、消防設備室、自來水蓄水池、管委會、電信室、車道、陽台、梯間等９項。,鋼筋混凝土（ＲＣ）,114年10月8日,四層,,持分移轉
RPOOMLPJKIKGFAG77DA,46,464.96,工業用,鋼筋混凝土造,68年2月3日,二層,一層 二層,全筆移轉
RPWPMLOLKIKGFAG78DA,,16.06,本共有部分之項目有電梯、樓梯間等２項。,鋼筋混凝土（ＲＣ）,114年10月8日,四層,,持分移轉
RPQNMLQJJHLGFAG87DA,,211.86,住家用,鋼筋混凝土（ＲＣ）,114年10月13日,四層,一層 二層 三層 四層 陽台,全筆移轉
RPWNMLKKKHLGFBG18DA,26,108.03,住家用,鋼筋混凝土造,88年1月26日,六層,六層 陽台,全筆移轉
RPWNMLKKKHLGFBG18DA,26,20.93,共有部份,鋼筋混凝土造,88年1月26日,六層,,持分移轉
RPWNMLKKKHLGFBG18DA,26,13.53,共有部份,鋼筋混凝土造,88年1月26日,六層,,持分移轉
RPWNMLPLQHKGFBG66DA,2,52.66,集合住宅,鋼筋混凝土造,113年2月2日,四層,二層 陽台,全筆移轉
RPWNMLPLQHKGFBG66DA,2,26.13,本共有部分之項目有：停車空間、管委會空間、昇降機、安全梯、梯廳、管理室、樓梯間等７項,鋼筋混凝土造,113年2月2日,四層,,持分移轉
RPWNMLPLQHKGFBG66DA,2,9.57,本共有部分之項目有：安全梯、梯廳、昇降機等３項,鋼筋混凝土造,113年2月2日,四層,,持分移轉
RPQNMLLLJHLGFAG57DA,56,189.29,住家用,鋼筋混凝土加強磚造,58年7月1日,二層,一層 二層 騎樓,全筆移轉
RPRNMLOKJHLGFAG97EA,10,194.41,住家用,鋼筋混凝土造,104年7月23日,三層,一層 二層 三層 陽台,全筆移轉
RPROMLKKKHLGFBG77DA,41,107.19,住家用,鋼筋混凝土造,73年1月23日,三層,一層 騎樓,全筆移轉
RPPOMLTJJHLGFAG18DA,,54.25,集合住宅,鋼筋混凝土（ＲＣ）,114年11月17日,五層,二層 陽台,全筆移轉
RPPOMLTJJHLGFAG18DA,,25.51,本共有部分之項目有騎樓、停車空間、梯廳、電梯、樓梯、樓梯間等６項。,鋼筋混凝土（ＲＣ）,114年11月17日,五層,,持分移轉
RPVPMLRKKIKGFAG88DA,,68.08,集合住宅,鋼筋混凝土（ＲＣ）,114年10月1日,四層,四層 陽台,全筆移轉
RPVPMLRKKIKGFAG88DA,,18.69,本共有部分之項目有停車空間、弱電機械室、及消防機械室、樓梯間、電梯間等５項,鋼筋混凝土（ＲＣ）,114年10月1日,四層,,持分移轉
RPQOMLPLKHLGFBG28DA,,190.75,住宅、樓梯間,鋼筋混凝土造,114年10月1日,三層,一層 二層 三層 陽台 見其他登記事項,全筆移轉
RPQNMLNJKIKGFAG67DA,,71.40,集合住宅,鋼筋混凝土造,114年4月29日,四層,四層 陽台,全筆移轉
RPQNMLNJKIKGFAG67DA,,24.47,本共有部分之項目有集合住宅（停車空間）、樓電梯間、電梯機房、水箱等４項,鋼筋混凝土造,114年4月29日,四層,,持分移轉
RPWOMLPLKHLGFBG88DA,,190.75,住宅、樓梯間,鋼筋混凝土造,114年11月25日,三層,一層 二層 三層 陽台 見其他登記事項,全筆移轉
SPQNMLNJKIKGFAG77DA,,71.40,集合住宅,鋼筋混凝土造,114年4月29日,四層,四層 陽台,全筆移轉
SPQNMLNJKIKGFAG77DA,,24.47,本共有部分之項目有集合住宅（停車空間）、樓電梯間、電梯機房、水箱等４項,鋼筋混凝土造,114年4月29日,四層,,持分移轉
RPOOMLKLJIKGFBG47DA,,93.25,集合住宅,鋼筋混凝土造,114年2月27日,七層,四層 陽台,全筆移轉
RPOOMLKLJIKGFBG47DA,,39.52,本共有部分之項目有：停車空間、機械室、梯間、水箱等４項,鋼筋混凝土造,114年2月27日,七層,,持分移轉
RPROMLSKKIKGFBG58DA,,62.27,集合住宅,鋼筋混凝土造,114年10月31日,四層,三層 陽台,全筆移轉
RPROMLSKKIKGFBG58DA,,34.48,本共有部分之項目有：停車空間、樓梯間等２項,鋼筋混凝土造,114年10月31日,四層,,持分移轉
RPXNMLKKKHLGFAG18DA,,88.94,集合住宅,鋼筋混凝土（ＲＣ）,114年11月20日,四層,四層 陽台,全筆移轉
RPXNMLKKKHLGFAG18DA,,3.22,管委會空間,鋼筋混凝土（ＲＣ）,114年11月20日,四層,,持分移轉
RPXNMLKKKHLGFAG18DA,,66.21,本共有部分之項目有停車空間、管委會空間、樓梯間、電梯間、機械室、水箱等６項。,鋼筋混凝土（ＲＣ）,114年11月20日,四層,,持分移轉
RPPNMLMLKIKGFBG87EA,,198.20,住家用,鋼筋混凝土造,114年9月11日,三層,一層 二層 三層 陽台,全筆移轉
RPOOMLQJKHLGFAG87DA,,160.55,騎樓、住宅,鋼筋混凝土造,114年10月15日,三層,一層 二層 三層 陽台 騎樓,全筆移轉
RPSPMLRKKIKGFAG58DA,,67.88,集合住宅,鋼筋混凝土（ＲＣ）,114年10月1日,四層,三層 陽台,全筆移轉
RPTOMLQJJHLGFAG28DA,,161.60,住家用,鋼筋混凝土（ＲＣ）,114年8月11日,四層,一層 二層 三層 四層 陽台,全筆移轉
RPSPMLRKKIKGFAG58DA,,18.60,本共有部分之項目有停車空間、弱電機械室、及消防機械室、樓梯間、電梯間等５項,鋼筋混凝土（ＲＣ）,114年10月1日,四層,,持分移轉
RPVOMLSKKIKGFBG98DA,,61.92,集合住宅,鋼筋混凝土造,114年10月31日,四層,四層 陽台,全筆移轉
RPVOMLSKKIKGFBG98DA,,34.28,本共有部分之項目有：停車空間、樓梯間等２項,鋼筋混凝土造,114年10月31日,四層,,持分移轉
RPOOMLKKKHLGFAG37DA,,89.80,集合住宅,鋼筋混凝土（ＲＣ）,114年11月20日,四層,二層 陽台,全筆移轉
RPOOMLKKKHLGFAG37DA,,3.25,管委會空間,鋼筋混凝土（ＲＣ）,114年11月20日,四層,,持分移轉
RPOOMLKKKHLGFAG37DA,,66.65,本共有部分之項目有停車空間、管委會空間、樓梯間、電梯間、機械室、水箱等６項。,鋼筋混凝土（ＲＣ）,114年11月20日,四層,,持分移轉
RPTPMLRKKIKGFAG68DA,,67.88,集合住宅,鋼筋混凝土（ＲＣ）,114年10月1日,四層,四層 陽台,全筆移轉
RPTPMLRKKIKGFAG68DA,,18.60,本共有部分之項目有停車空間、弱電機械室、及消防機械室、樓梯間、電梯間等５項,鋼筋混凝土（ＲＣ）,114年10月1日,四層,,持分移轉
RPXNMLNKJHLGFBG48DA,,146.34,住家用,鋼筋混凝土造,114年10月22日,三層,一層 二層 三層 陽台,全筆移轉
RPSNMLMKJHLGFBG87DA,43,96.51,住家用,鋼筋混凝土造,70年12月3日,五層,二層,全筆移轉
RPSNMLMKJHLGFBG87DA,43,13.49,共有部份,鋼筋混凝土造,70年12月3日,五層,,持分移轉
RPQNMLRLJHLGFAG18DA,,161.60,住家用,鋼筋混凝土（ＲＣ）,114年8月11日,四層,一層 二層 三層 四層 陽台,全筆移轉
RPSPMLSKKIKGFBG78DA,,67.51,集合住宅,鋼筋混凝土造,114年10月31日,四層,四層 陽台,全筆移轉
RPSPMLSKKIKGFBG78DA,,37.37,本共有部分之項目有：停車空間、樓梯間等２項,鋼筋混凝土造,114年10月31日,四層,,持分移轉
RPRNMLSKKIKGFBG48DA,,61.92,集合住宅,鋼筋混凝土造,114年10月31日,四層,二層 陽台,全筆移轉
RPRNMLSKKIKGFBG48DA,,34.28,本共有部分之項目有：停車空間、樓梯間等２項,鋼筋混凝土造,114年10月31日,四層,,持分移轉
RPVOMLRKKIKGFAG78DA,,62.09,集合住宅,鋼筋混凝土（ＲＣ）,114年10月1日,四層,一層,全筆移轉
RPVOMLRKKIKGFAG78DA,,17.06,本共有部分之項目有停車空間、弱電機械室、及消防機械室、樓梯間、電梯間等５項,鋼筋混凝土（ＲＣ）,114年10月1日,四層,,持分移轉
RPUNMLLJKHLGFAG87DA,,44.47,集合住宅,鋼筋混凝土（ＲＣ）,114年11月20日,四層,三層 陽台,全筆移轉
RPUNMLLJKHLGFAG87DA,,1.61,管委會空間,鋼筋混凝土（ＲＣ）,114年11月20日,四層,,持分移轉
RPUNMLLJKHLGFAG87DA,,43.70,本共有部分之項目有停車空間、管委會空間、樓梯間、電梯間、機械室、水箱等６項。,鋼筋混凝土（ＲＣ）,114年11月20日,四層,,持分移轉
RPOOMLLJKHLGFAG37DA,,44.76,集合住宅,鋼筋混凝土（ＲＣ）,114年11月20日,四層,四層 陽台,全筆移轉
RPOOMLLJKHLGFAG37DA,,1.62,管委會空間,鋼筋混凝土（ＲＣ）,114年11月20日,四層,,持分移轉
RPOOMLLJKHLGFAG37DA,,43.85,本共有部分之項目有停車空間、管委會空間、樓梯間、電梯間、機械室、水箱等６項。,鋼筋混凝土（ＲＣ）,114年11月20日,四層,,持分移轉
RPOOMLSKKIKGFBG28DA,,61.92,集合住宅,鋼筋混凝土造,114年10月31日,四層,三層 陽台,全筆移轉
RPUNMLSKKIKGFBG78DA,,62.27,集合住宅,鋼筋混凝土造,114年10月31日,四層,二層 陽台,全筆移轉
RPOOMLSKKIKGFBG28DA,,34.28,本共有部分之項目有：停車空間、樓梯間等２項,鋼筋混凝土造,114年10月31日,四層,,持分移轉
RPUNMLSKKIKGFBG78DA,,34.48,本共有部分之項目有：停車空間、樓梯間等２項,鋼筋混凝土造,114年10月31日,四層,,持分移轉
RPQNMLTJJHLGFAG18DA,,54.25,集合住宅,鋼筋混凝土（ＲＣ）,114年11月17日,五層,四層 陽台,全筆移轉
RPQNMLTJJHLGFAG18DA,,25.51,本共有部分之項目有騎樓、停車空間、梯廳、電梯、樓梯、樓梯間等６項。,鋼筋混凝土（ＲＣ）,114年11月17日,五層,,持分移轉
RPPNMLLLJHLGFAG57EA,,82.95,集合住宅,鋼筋混凝土（ＲＣ）,114年10月1日,五層,五層 陽台,全筆移轉
RPPNMLLLJHLGFAG57EA,,24.92,本共有部分之項目有昇降機道、梯廳、安全梯、樓梯間等４項,鋼筋混凝土（ＲＣ）,114年10月1日,五層,,持分移轉
RPVNMLTJJHLGFAG68DA,,54.41,集合住宅,鋼筋混凝土（ＲＣ）,114年11月17日,五層,三層 陽台,全筆移轉
RPXNMLSKOHKGFAG66DA,2,168.83,停車空間、住宅,鋼筋混凝土造,112年5月11日,四層,一層 二層 三層 四層 陽台,全筆移轉
RPVNMLTJJHLGFAG68DA,,25.51,本共有部分之項目有騎樓、停車空間、梯廳、電梯、樓梯、樓梯間等６項。,鋼筋混凝土（ＲＣ）,114年11月17日,五層,,持分移轉
RPWNMLSKKIKGFBG98DA,,67.51,集合住宅,鋼筋混凝土造,114年10月31日,四層,二層 陽台,全筆移轉
RPXNMLSKKIKGFBG09DA,,58.73,集合住宅,鋼筋混凝土造,114年10月31日,四層,三層 陽台,全筆移轉
RPWNMLSKKIKGFBG98DA,,37.37,本共有部分之項目有：停車空間、樓梯間等２項,鋼筋混凝土造,114年10月31日,四層,,持分移轉
RPXNMLSKKIKGFBG09DA,,32.51,本共有部分之項目有：停車空間、樓梯間等２項,鋼筋混凝土造,114年10月31日,四層,,持分移轉
RPVOMLMKKIKGFBG38DA,,143.78,住宅、樓梯間,鋼筋混凝土造,114年9月11日,三層,一層 二層 三層 陽台 見其他登記事項,全筆移轉
RPPPMLSKKIKGFBG48DA,,62.27,集合住宅,鋼筋混凝土造,114年10月31日,四層,四層 陽台,全筆移轉
RPPPMLSKKIKGFBG48DA,,34.47,本共有部分之項目有：停車空間、樓梯間等２項,鋼筋混凝土造,114年10月31日,四層,,持分移轉
RPWOMLQJJHLGFAG58DA,,163.16,住家用,鋼筋混凝土（ＲＣ）,114年8月11日,四層,一層 二層 三層 四層 陽台,全筆移轉
RPQOMLSKKIKGFBG48DA,,73.61,集合住宅,鋼筋混凝土造,114年10月31日,四層,三層 陽台,全筆移轉
RPTNMLTKKIKGFAG68DA,28,79.42,住家用,鋼筋混凝土造,86年1月24日,六層,六層 陽台,全筆移轉
RPTNMLTKKIKGFAG68DA,28,17.24,梯間、管理室、停車場、共同使用,鋼筋混凝土造,86年1月24日,六層,,持分移轉
RPQOMLSKKIKGFBG48DA,,40.75,本共有部分之項目有：停車空間、樓梯間等２項,鋼筋混凝土造,114年10月31日,四層,,持分移轉
RPTOMLSKKIKGFBG78DA,,67.51,集合住宅,鋼筋混凝土造,114年10月31日,四層,三層 陽台,全筆移轉
RPTOMLSKKIKGFBG78DA,,37.37,本共有部分之項目有：停車空間、樓梯間等２項,鋼筋混凝土造,114年10月31日,四層,,持分移轉
RPOPMLSKKIKGFBG38DA,,73.61,集合住宅,鋼筋混凝土造,114年10月31日,四層,四層 陽台,全筆移轉
RPOPMLSKKIKGFBG38DA,,40.75,本共有部分之項目有：停車空間、樓梯間等２項,鋼筋混凝土造,114年10月31日,四層,,持分移轉
RPWNMLTJJHLGFAG78DA,,54.41,集合住宅,鋼筋混凝土（ＲＣ）,114年11月17日,五層,四層 陽台,全筆移轉
RPWNMLTJJHLGFAG78DA,,25.51,本共有部分之項目有騎樓、停車空間、梯廳、電梯、樓梯、樓梯間等６項。,鋼筋混凝土（ＲＣ）,114年11月17日,五層,,持分移轉
RPOOMLTJJHLGFAG08DA,,54.69,集合住宅,鋼筋混凝土（ＲＣ）,114年11月17日,五層,二層 陽台,全筆移轉
RPOOMLTJJHLGFAG08DA,,25.51,本共有部分之項目有騎樓、停車空間、梯廳、電梯、樓梯、樓梯間等６項。,鋼筋混凝土（ＲＣ）,114年11月17日,五層,,持分移轉
RPSNMLSKKIKGFBG58DA,,63.82,集合住宅,鋼筋混凝土造,114年10月31日,四層,二層 陽台,全筆移轉
RPSNMLSKKIKGFBG58DA,,35.32,本共有部分之項目有：停車空間、樓梯間等２項,鋼筋混凝土造,114年10月31日,四層,,持分移轉
RPPNMLNJKHLGFBG67DA,,83.51,集合住宅,鋼筋混凝土造,114年11月5日,四層,四層 陽台,全筆移轉
RPPNMLNJKHLGFBG67DA,,27.78,本共有部分之項目有：樓梯間、昇降梯間等２項,鋼筋混凝土造,114年11月5日,四層,,持分移轉
RPQNMLSKKIKGFBG38DA,,58.73,集合住宅,鋼筋混凝土造,114年10月31日,四層,二層 陽台,全筆移轉
RPQNMLSKKIKGFBG38DA,,32.51,本共有部分之項目有：停車空間、樓梯間等２項,鋼筋混凝土造,114年10月31日,四層,,持分移轉
RPTNMLSKKIKGFBG68DA,,73.61,集合住宅,鋼筋混凝土造,114年10月31日,四層,二層 陽台,全筆移轉
RPTNMLSKKIKGFBG68DA,,40.75,本共有部分之項目有：停車空間、樓梯間等２項,鋼筋混凝土造,114年10月31日,四層,,持分移轉
RPVNMLSKKIKGFBG88DA,,67.62,集合住宅,鋼筋混凝土造,114年10月31日,四層,二層 陽台,全筆移轉
RPVNMLSKKIKGFBG88DA,,37.43,本共有部分之項目有：停車空間、樓梯間等２項,鋼筋混凝土造,114年10月31日,四層,,持分移轉
RPPOMLSKKIKGFBG38DA,,63.82,集合住宅,鋼筋混凝土造,114年10月31日,四層,三層 陽台,全筆移轉
RPPOMLSKKIKGFBG38DA,,35.32,本共有部分之項目有：停車空間、樓梯間等２項,鋼筋混凝土造,114年10月31日,四層,,持分移轉
RPUOMLSKKIKGFBG88DA,,58.05,集合住宅,鋼筋混凝土造,114年10月31日,四層,四層 陽台,全筆移轉
RPUOMLSKKIKGFBG88DA,,32.14,本共有部分之項目有：停車空間、樓梯間等２項,鋼筋混凝土造,114年10月31日,四層,,持分移轉
RPRPMLSKKIKGFBG68DA,,67.62,集合住宅,鋼筋混凝土造,114年10月31日,四層,四層 陽台,全筆移轉
RPRPMLSKKIKGFBG68DA,,37.43,本共有部分之項目有：停車空間、樓梯間等２項,鋼筋混凝土造,114年10月31日,四層,,持分移轉
RPXOMLSKKIKGFBG56DA,,63.82,集合住宅,鋼筋混凝土造,114年10月31日,四層,四層 陽台,全筆移轉
RPXOMLSKKIKGFBG56DA,,35.32,本共有部分之項目有：停車空間、樓梯間等２項,鋼筋混凝土造,114年10月31日,四層,,持分移轉
RPUOMLQJJHLGFAG38DA,,163.16,住家用,鋼筋混凝土（ＲＣ）,114年8月11日,四層,一層 二層 三層 四層 陽台,全筆移轉
RPQOMLMKKIKGFBG87DA,,155.28,住宅、樓梯間,鋼筋混凝土造,114年9月11日,三層,一層 二層 三層 陽台 見其他登記事項,全筆移轉
RPUNMLTJJHLGFAG58DA,,54.41,集合住宅,鋼筋混凝土（ＲＣ）,114年11月17日,五層,二層 陽台,全筆移轉
RPUNMLTJJHLGFAG58DA,,25.51,本共有部分之項目有騎樓、停車空間、梯廳、電梯、樓梯、樓梯間等６項。,鋼筋混凝土（ＲＣ）,114年11月17日,五層,,持分移轉
RPOOMLMLKIKGFAG67DA,,201.13,住宅、樓梯間,鋼筋混凝土（ＲＣ）,114年9月26日,三層,一層 二層 三層 陽台 見其他登記事項,全筆移轉
RPPOMLLJKHLGFAG47DA,,44.47,集合住宅,鋼筋混凝土（ＲＣ）,114年11月20日,四層,四層 陽台,全筆移轉
RPPOMLLJKHLGFAG47DA,,1.61,管委會空間,鋼筋混凝土（ＲＣ）,114年11月20日,四層,,持分移轉
RPPOMLLJKHLGFAG47DA,,43.70,本共有部分之項目有停車空間、管委會空間、樓梯間、電梯間、機械室、水箱等６項。,鋼筋混凝土（ＲＣ）,114年11月20日,四層,,持分移轉
RPSOMLSKKIKGFBG68DA,,67.62,集合住宅,鋼筋混凝土造,114年10月31日,四層,三層 陽台,全筆移轉
RPSOMLSKKIKGFBG68DA,,37.43,本共有部分之項目有：停車空間、樓梯間等２項,鋼筋混凝土造,114年10月31日,四層,,持分移轉
RPUOMLMKJIKGFAG08DA,,156.87,住家用,鋼筋混凝土造,114年8月18日,三層,一層 二層 三層,全筆移轉
RPTNMLNKJHLGFBG08DA,,146.34,住家用,鋼筋混凝土造,114年10月22日,三層,一層 二層 三層 陽台,全筆移轉
RPWOMLOKJHLGFBG58DA,,66.05,集合住宅,鋼筋混凝土造,114年11月10日,四層,一層,全筆移轉
RPWOMLOKJHLGFBG58DA,,20.41,本共有部份之項目有：停車空間、梯間等２項,鋼筋混凝土造,114年11月10日,四層,,持分移轉
RPSNMLNKJHLGFBG97DA,,146.34,住家用,鋼筋混凝土造,114年10月22日,三層,一層 二層 三層 陽台,全筆移轉
RPPNMLNLKHLGFBG87DA,,74.57,集合住宅,鋼筋混凝土造,114年11月10日,四層,四層 陽台,全筆移轉
RPTNMLTJJHLGFAG48DA,,54.69,集合住宅,鋼筋混凝土（ＲＣ）,114年11月17日,五層,三層 陽台,全筆移轉
RPPPMLRKKIKGFAG28DA,,67.88,集合住宅,鋼筋混凝土（ＲＣ）,114年10月1日,四層,三層 陽台,全筆移轉
RPPNMLNLKHLGFBG87DA,,23.05,本共有部份之項目有：停車空間、梯間等２項,鋼筋混凝土造,114年11月10日,四層,,持分移轉
RPTNMLTJJHLGFAG48DA,,25.51,本共有部分之項目有騎樓、停車空間、梯廳、電梯、樓梯、樓梯間等６項。,鋼筋混凝土（ＲＣ）,114年11月17日,五層,,持分移轉
RPPPMLRKKIKGFAG28DA,,18.60,本共有部分之項目有停車空間、弱電機械室、及消防機械室、樓梯間、電梯間等５項,鋼筋混凝土（ＲＣ）,114年10月1日,四層,,持分移轉
RPRPMLRKKIKGFAG48DA,,68.08,集合住宅,鋼筋混凝土（ＲＣ）,114年10月1日,四層,三層 陽台,全筆移轉
RPRPMLRKKIKGFAG48DA,,18.69,本共有部分之項目有停車空間、弱電機械室、及消防機械室、樓梯間、電梯間等５項,鋼筋混凝土（ＲＣ）,114年10月1日,四層,,持分移轉
RPROMLSKKIKGFAG48DA,,154.04,住家用,鋼筋混凝土（ＲＣ）,114年10月13日,三層,一層 二層 三層 陽台,全筆移轉
RPQOMLSKKIKGFAG38DA,,153.41,住家用,鋼筋混凝土（ＲＣ）,114年10月13日,三層,一層 二層 三層 陽台,全筆移轉
RPUNMLQLJHLGFBG58DA,,56.27,集合住宅,鋼筋混凝土造,114年11月10日,四層,一層,全筆移轉
RPUNMLQLJHLGFBG58DA,,17.39,本共有部份之項目有：停車空間、梯間等２項,鋼筋混凝土造,114年11月10日,四層,,持分移轉
RPROMLMKJHLGFAG77DA,,83.54,集合住宅,鋼筋混凝土（ＲＣ）,114年8月29日,四層,三層 陽台,全筆移轉
RPROMLMKJHLGFAG77DA,,18.61,本共有部分之項目有管理委員會使用空間、樓梯間、電梯間等３項,鋼筋混凝土（ＲＣ）,114年8月29日,四層,,持分移轉
RPUNMLMLKIKGFAG18DA,,205.56,住宅、樓梯間,鋼筋混凝土（ＲＣ）,114年9月26日,三層,一層 二層 三層 陽台 見其他登記事項,全筆移轉
RPSNMLMLKIKGFAG97DA,,203.18,住宅、樓梯間,鋼筋混凝土（ＲＣ）,114年9月26日,三層,一層 二層 三層 陽台 見其他登記事項,全筆移轉
RPTOMLSKKIKGFAG68DA,,154.04,住家用,鋼筋混凝土（ＲＣ）,114年10月13日,三層,一層 二層 三層 陽台,全筆移轉
RPXNMLMLKIKGFAG48DA,,201.13,住宅、樓梯間,鋼筋混凝土（ＲＣ）,114年9月26日,三層,一層 二層 三層 陽台 見其他登記事項,全筆移轉
RPPOMLSKKIKGFAG28DA,,151.45,住家用,鋼筋混凝土（ＲＣ）,114年10月13日,三層,一層 二層 三層 陽台,全筆移轉
RPTNMLMLKIKGFAG08DA,,203.18,住宅、樓梯間,鋼筋混凝土（ＲＣ）,114年9月26日,三層,一層 二層 三層 陽台 見其他登記事項,全筆移轉
RPWPMLSKKIKGFAG09DA,,211.38,住家用,鋼筋混凝土（ＲＣ）,114年10月13日,四層,一層 二層 三層 四層 陽台,全筆移轉
RPTOMLOKJHLGFBG28DA,,74.61,集合住宅,鋼筋混凝土造,114年11月10日,四層,二層 陽台,全筆移轉
RPTOMLOKJHLGFBG28DA,,23.07,本共有部份之項目有：停車空間、梯間等２項,鋼筋混凝土造,114年11月10日,四層,,持分移轉
RPOOMLNKJHLGFBG67DA,,143.08,住家用,鋼筋混凝土造,114年10月22日,三層,一層 二層 三層 陽台,全筆移轉
RPSNMLTJIIKGFAG28DA,47,101.46,住家用,鋼筋混凝土加強磚造,67年7月1日,三層,一層 二層 三層,全筆移轉
RPWPMLSJIIKGFAG78DA,,157.98,住家用,鋼筋混凝土造,114年8月14日,三層,一層 二層 三層 陽台,全筆移轉
RPVNMLNKJHLGFBG28DA,,146.34,住家用,鋼筋混凝土造,114年10月22日,三層,一層 二層 三層 陽台,全筆移轉
RPVQMLSKKIKGFBG56DA,,152.41,住宅、樓梯間,鋼筋混凝土造,114年9月11日,三層,一層 二層 三層 陽台 見其他登記事項,全筆移轉
RPWNMLNKJHLGFBG38DA,,148.03,住家用,鋼筋混凝土造,114年10月22日,三層,一層 二層 三層 陽台,全筆移轉
RPUNMLNKJHLGFBG18DA,,146.34,住家用,鋼筋混凝土造,114年10月22日,三層,一層 二層 三層 陽台,全筆移轉
RPUOMLNLKIKGFAG38DA,,210.45,住家用,鋼筋混凝土（ＲＣ）,114年10月13日,四層,一層 二層 三層 四層 陽台,全筆移轉
RPROMLKLJHLGFBG77DA,,62.83,集合住宅,鋼筋混凝土造,114年11月10日,四層,三層 陽台,全筆移轉
RPROMLKLJHLGFBG77DA,,33.16,本共有部份之項目有：停車空間、梯間等２項,鋼筋混凝土造,114年11月10日,四層,,持分移轉
SPPQMLNLJHLGFBG18DA,,44.23,集合住宅,鋼筋混凝土造,114年10月13日,四層,四層 陽台,全筆移轉
SPPQMLNLJHLGFBG18DA,,19.09,本共有部分之項目有：停車空間、樓梯、電梯間等３項,鋼筋混凝土造,114年10月13日,四層,,持分移轉
RPWNMLMJIIKGFAG97DA,34,217.23,住家用,鋼筋混凝土造,80年1月28日,三層,一層 二層 三層 騎樓,全筆移轉
RPVNMLQLJHLGFBG68DA,,74.57,集合住宅,鋼筋混凝土造,114年11月10日,四層,二層 陽台,全筆移轉
RPSPMLSKKIKGFAG68DA,,153.41,住家用,鋼筋混凝土（ＲＣ）,114年10月13日,三層,一層 二層 三層 陽台,全筆移轉
RPVNMLQLJHLGFBG68DA,,23.05,本共有部份之項目有：停車空間、梯間等２項,鋼筋混凝土造,114年11月10日,四層,,持分移轉
RPSOMLNKJHLGFBG08DA,,146.34,住家用,鋼筋混凝土造,114年10月22日,三層,一層 二層 三層 陽台,全筆移轉
RPPPMLQLJIKGFAG18DA,,155.13,住家用,鋼筋混凝土造,114年7月16日,三層,一層 二層 三層 陽台,全筆移轉
RPPPMLSKKIKGFAG38DA,,151.45,住家用,鋼筋混凝土（ＲＣ）,114年10月13日,三層,一層 二層 三層 陽台,全筆移轉
RPQNMLNKJHLGFBG77DA,,146.34,住家用,鋼筋混凝土造,114年10月22日,三層,一層 二層 三層 陽台,全筆移轉
RPUOMLSKKIKGFAG78DA,,151.45,住家用,鋼筋混凝土（ＲＣ）,114年10月13日,三層,一層 二層 三層 陽台,全筆移轉
RPVOMLSKKIKGFAG88DA,,151.45,住家用,鋼筋混凝土（ＲＣ）,114年10月13日,三層,一層 二層 三層 陽台,全筆移轉
RPRNMLTJJHLGFAG28DA,,54.41,集合住宅,鋼筋混凝土（ＲＣ）,114年11月17日,五層,五層 陽台,全筆移轉
RPRNMLTJJHLGFAG28DA,,25.51,本共有部分之項目有騎樓、停車空間、梯廳、電梯、樓梯、樓梯間等６項。,鋼筋混凝土（ＲＣ）,114年11月17日,五層,,持分移轉
RPSOMLNJKHLGFBG08DA,,72.26,集合住宅,鋼筋混凝土造,114年11月10日,四層,四層 陽台,全筆移轉
RPSOMLNJKHLGFBG08DA,,22.33,本共有部份之項目有：停車空間、梯間等２項,鋼筋混凝土造,114年11月10日,四層,,持分移轉
RPSNMLTJJHLGFAG38DA,,54.25,集合住宅,鋼筋混凝土（ＲＣ）,114年11月17日,五層,五層 陽台,全筆移轉
RPSNMLTJJHLGFAG38DA,,25.51,本共有部分之項目有騎樓、停車空間、梯廳、電梯、樓梯、樓梯間等６項。,鋼筋混凝土（ＲＣ）,114年11月17日,五層,,持分移轉
RPPQMLNLJHLGFBG08DA,,44.23,集合住宅,鋼筋混凝土造,114年10月13日,四層,四層 陽台,全筆移轉
RPPQMLNLJHLGFBG08DA,,19.09,本共有部分之項目有：停車空間、樓梯、電梯間等３項,鋼筋混凝土造,114年10月13日,四層,,持分移轉
RPSNMLQLJHLGFBG38DA,,72.26,集合住宅,鋼筋混凝土造,114年11月10日,四層,二層 陽台,全筆移轉
RPSNMLQLJHLGFBG38DA,,22.33,本共有部份之項目有：停車空間、梯間等２項,鋼筋混凝土造,114年11月10日,四層,,持分移轉
RPRNMLNKKHLGFBG97DA,,75.46,集合住宅,鋼筋混凝土造,114年11月10日,四層,四層 陽台,全筆移轉
RPOPMLSKKIKGFAG28DA,,151.45,住家用,鋼筋混凝土（ＲＣ）,114年10月13日,三層,一層 二層 三層 陽台,全筆移轉
RPRNMLNKKHLGFBG97DA,,23.33,本共有部份之項目有：停車空間、梯間等２項,鋼筋混凝土造,114年11月10日,四層,,持分移轉
RPTPMLSKKIKGFAG78DA,,151.45,住家用,鋼筋混凝土（ＲＣ）,114年10月13日,三層,一層 二層 三層 陽台,全筆移轉
RPPNMLQKKIKGFAG08EA,1,128.73,農舍,鋼骨、鋼筋混凝土造（ＲＣ）,112年3月12日,二層,一層 二層 陽台,全筆移轉
RPPSMLOJKHLGFAG18DA,,44.47,集合住宅,鋼筋混凝土（ＲＣ）,114年11月20日,四層,三層 陽台,全筆移轉
RPPSMLOJKHLGFAG18DA,,1.61,管委會空間,鋼筋混凝土（ＲＣ）,114年11月20日,四層,,持分移轉
RPSNMLLJKHLGFAG67DA,,44.25,集合住宅,鋼筋混凝土（ＲＣ）,114年11月20日,四層,二層 陽台,全筆移轉
RPPSMLOJKHLGFAG18DA,,22.51,本共有部分之項目有停車空間、管委會空間、樓梯間、電梯間、機械室、水箱等６項。,鋼筋混凝土（ＲＣ）,114年11月20日,四層,,持分移轉
RPSNMLLJKHLGFAG67DA,,1.60,管委會空間,鋼筋混凝土（ＲＣ）,114年11月20日,四層,,持分移轉
RPSNMLLJKHLGFAG67DA,,43.59,本共有部分之項目有停車空間、管委會空間、樓梯間、電梯間、機械室、水箱等６項。,鋼筋混凝土（ＲＣ）,114年11月20日,四層,,持分移轉
RPOPMLRKKIKGFAG18DA,,67.88,集合住宅,鋼筋混凝土（ＲＣ）,114年10月1日,四層,二層 陽台,全筆移轉
RPOPMLRKKIKGFAG18DA,,18.60,本共有部分之項目有停車空間、弱電機械室、及消防機械室、樓梯間、電梯間等５項,鋼筋混凝土（ＲＣ）,114年10月1日,四層,,持分移轉
RPOPMLQJJHLGFAG87DA,,161.60,住家用,鋼筋混凝土（ＲＣ）,114年8月11日,四層,一層 二層 三層 四層 陽台,全筆移轉
RPQOMLNKJHLGFBG87DA,,146.34,住家用,鋼筋混凝土造,114年10月22日,三層,一層 二層 三層 陽台,全筆移轉
RPPOMLNKJHLGFBG77DA,,146.34,住家用,鋼筋混凝土造,114年10月22日,三層,一層 二層 三層 陽台,全筆移轉
RPTOMLNKJHLGFBG18DA,,146.34,住家用,鋼筋混凝土造,114年10月22日,三層,一層 二層 三層 陽台,全筆移轉
RPROMLNKJHLGFBG97DA,,148.14,住家用,鋼筋混凝土造,114年10月22日,三層,一層 二層 三層 陽台,全筆移轉
RPUOMLOKJHLGFBG38DA,,64.10,集合住宅,鋼筋混凝土造,114年11月10日,四層,四層 陽台,全筆移轉
RPUOMLOKJHLGFBG38DA,,19.81,本共有部份之項目有：停車空間、梯間等２項,鋼筋混凝土造,114年11月10日,四層,,持分移轉
RPSPMLOJKHLGFAG18DA,,120.58,住家用,鋼筋混凝土（ＲＣ）,114年11月19日,三層,一層 二層 三層 陽台,全筆移轉
RPWOMLLLJHLGFBG38DA,,152.74,停車空間、住宅,鋼筋混凝土造,114年8月28日,四層,一層 二層 三層 四層 陽台,全筆移轉
RPUOMLNLJHLGFBG38DA,,58.82,集合住宅,鋼筋混凝土造,114年10月13日,四層,二層 陽台,全筆移轉
RPUOMLNLJHLGFBG38DA,,25.06,本共有部分之項目有：停車空間、樓梯、電梯間等３項,鋼筋混凝土造,114年10月13日,四層,,持分移轉
SPUOMLNLJHLGFBG48DA,,58.82,集合住宅,鋼筋混凝土造,114年10月13日,四層,二層 陽台,全筆移轉
RPVOMLNLJHLGFBG48DA,,44.08,集合住宅,鋼筋混凝土造,114年10月13日,四層,二層 陽台,全筆移轉
SPUOMLNLJHLGFBG48DA,,25.06,本共有部分之項目有：停車空間、樓梯、電梯間等３項,鋼筋混凝土造,114年10月13日,四層,,持分移轉
RPVOMLNLJHLGFBG48DA,,19.04,本共有部分之項目有：停車空間、樓梯、電梯間等３項,鋼筋混凝土造,114年10月13日,四層,,持分移轉
RPQNMLSKJIKGFBG28DA,,262.46,農舍,鋼筋混凝土造,114年9月26日,二層,一層 二層 陽台,全筆移轉
SPVOMLNLJHLGFBG58DA,,44.08,集合住宅,鋼筋混凝土造,114年10月13日,四層,二層 陽台,全筆移轉
SPVOMLNLJHLGFBG58DA,,19.04,本共有部分之項目有：停車空間、樓梯、電梯間等３項,鋼筋混凝土造,114年10月13日,四層,,持分移轉
RPOQMLNLJHLGFBG97DA,,58.82,集合住宅,鋼筋混凝土造,114年10月13日,四層,四層 陽台,全筆移轉
RPOQMLNLJHLGFBG97DA,,25.06,本共有部分之項目有：停車空間、樓梯、電梯間等３項,鋼筋混凝土造,114年10月13日,四層,,持分移轉
RPROMLTLJHLGFAG58DA,,175.78,住宅、樓梯間,鋼筋混凝土（ＲＣ）,114年9月16日,三層,一層 二層 三層 見其他登記事項,全筆移轉
RPSOMLTLJHLGFAG68DA,,175.78,住宅、樓梯間,鋼筋混凝土（ＲＣ）,114年9月16日,三層,一層 二層 三層 見其他登記事項,全筆移轉
RPXNMLTJJHLGFAG88DA,,54.69,集合住宅,鋼筋混凝土（ＲＣ）,114年11月17日,五層,五層 陽台,全筆移轉
RPXNMLTJJHLGFAG88DA,,25.51,本共有部分之項目有騎樓、停車空間、梯廳、電梯、樓梯、樓梯間等６項。,鋼筋混凝土（ＲＣ）,114年11月17日,五層,,持分移轉
SPOQMLNLJHLGFBG08DA,,58.82,集合住宅,鋼筋混凝土造,114年10月13日,四層,四層 陽台,全筆移轉
RPROMLNJKHLGFBG97DA,,72.26,集合住宅,鋼筋混凝土造,114年11月10日,四層,三層 陽台,全筆移轉
SPOQMLNLJHLGFBG08DA,,25.06,本共有部分之項目有：停車空間、樓梯、電梯間等３項,鋼筋混凝土造,114年10月13日,四層,,持分移轉
RPSOMLMKJHLGFAG87DA,,90.23,集合住宅,鋼筋混凝土（ＲＣ）,114年8月29日,四層,三層 陽台,全筆移轉
RPROMLNJKHLGFBG97DA,,36.08,本共有部份之項目有：停車空間、梯間等２項,鋼筋混凝土造,114年11月10日,四層,,持分移轉
RPSOMLMKJHLGFAG87DA,,20.10,本共有部分之項目有管理委員會使用空間、樓梯間、電梯間等３項,鋼筋混凝土（ＲＣ）,114年8月29日,四層,,持分移轉
RPWNMLLKKHLGFAG18DA,,135.69,住宅、樓梯間,鋼筋混凝土（ＲＣ）,114年9月16日,三層,一層 二層 三層 陽台 見其他登記事項,全筆移轉
RPVQMLOJKHLGFAG58DA,,56.95,集合住宅,鋼筋混凝土（ＲＣ）,114年11月17日,五層,四層,全筆移轉
RPVQMLOJKHLGFAG58DA,,46.95,本共有部分之項目有管委會使用空間、電信機房、停車空間、集合住宅、樓梯間、機房、水箱等７項,鋼筋混凝土（ＲＣ）,114年11月17日,五層,,持分移轉
RPPOMLMKKIKGFBG77DA,,168.94,住宅、樓梯間,鋼筋混凝土造,114年9月11日,三層,一層 二層 三層 陽台 見其他登記事項,全筆移轉
RPWOMLQLJIKGFAG78DA,,200.93,停車空間、住宅,鋼筋混凝土（ＲＣ）,114年9月30日,四層,一層 二層 三層 四層 陽台,全筆移轉
RPQOMLTJJHLGFAG28DA,,54.69,集合住宅,鋼筋混凝土（ＲＣ）,114年11月17日,五層,四層 陽台,全筆移轉
RPQOMLTJJHLGFAG28DA,,25.51,本共有部分之項目有騎樓、停車空間、梯廳、電梯、樓梯、樓梯間等６項。,鋼筋混凝土（ＲＣ）,114年11月17日,五層,,持分移轉
RPPPMLLKKHLGFBG77DA,,167.92,住家用,鋼筋混凝土造,114年12月3日,三層,一層 二層 三層 陽台,全筆移轉
RPWNMLNLKHLGFBG58DA,,63.22,集合住宅,鋼筋混凝土造,114年11月10日,四層,一層,全筆移轉
RPWNMLNLKHLGFBG58DA,,33.29,本共有部份之項目有：停車空間、梯間等２項,鋼筋混凝土造,114年11月10日,四層,,持分移轉
RPPPMLOLKIKGFAG08DA,,83.77,集合住宅,鋼筋混凝土造（ＲＣ）,114年4月1日,四層,三層 陽台,全筆移轉
RPUOMLMKKIKGFBG28DA,,156.09,住宅、樓梯間,鋼筋混凝土造,114年9月11日,三層,一層 二層 三層 陽台 見其他登記事項,全筆移轉
RPPPMLOLKIKGFAG08DA,,25.78,本共有部分之項目有停車空間、管理室、機電空間、樓梯間等４項,鋼筋混凝土造（ＲＣ）,114年4月1日,四層,,持分移轉
RPTOMLOJKHLGFAG18DA,,125.14,住家用,鋼筋混凝土（ＲＣ）,114年11月19日,三層,一層 二層 三層 陽台,全筆移轉
RPUNMLPKJHLGFBG38DA,,64.10,集合住宅,鋼筋混凝土造,114年11月10日,四層,二層 陽台,全筆移轉
RPUNMLPKJHLGFBG38DA,,19.81,本共有部份之項目有：停車空間、梯間等２項,鋼筋混凝土造,114年11月10日,四層,,持分移轉
SPXOMLNLJHLGFBG78DA,,89.82,集合住宅,鋼筋混凝土造,114年10月13日,四層,二層 陽台,全筆移轉
SPXOMLNLJHLGFBG78DA,,42.86,本共有部分之項目有：停車空間、樓梯、電梯間等３項,鋼筋混凝土造,114年10月13日,四層,,持分移轉
RPXOMLNLJHLGFBG68DA,,89.82,集合住宅,鋼筋混凝土造,114年10月13日,四層,二層 陽台,全筆移轉
RPXOMLNLJHLGFBG68DA,,42.86,本共有部分之項目有：停車空間、樓梯、電梯間等３項,鋼筋混凝土造,114年10月13日,四層,,持分移轉
RPPPMLNLJHLGFBG97DA,,62.53,集合住宅,鋼筋混凝土造,114年10月13日,四層,二層 陽台,全筆移轉
RPPPMLNLJHLGFBG97DA,,26.51,本共有部分之項目有：停車空間、樓梯、電梯間等３項,鋼筋混凝土造,114年10月13日,四層,,持分移轉
RPQNMLQLJHLGFBG18DA,,62.83,集合住宅,鋼筋混凝土造,114年11月10日,四層,四層 陽台,全筆移轉
RPQNMLQLJHLGFBG18DA,,19.42,本共有部份之項目有：停車空間、梯間等２項,鋼筋混凝土造,114年11月10日,四層,,持分移轉
RPSOMLKLJHLGFBG87DA,,74.61,集合住宅,鋼筋混凝土造,114年11月10日,四層,三層 陽台,全筆移轉
RPSOMLKLJHLGFBG87DA,,23.07,本共有部份之項目有：停車空間、梯間等２項,鋼筋混凝土造,114年11月10日,四層,,持分移轉
RPSOMLOKJHLGFBG18DA,,62.83,集合住宅,鋼筋混凝土造,114年11月10日,四層,二層 陽台,全筆移轉
RPSOMLOKJHLGFBG18DA,,33.16,本共有部份之項目有：停車空間、梯間等２項,鋼筋混凝土造,114年11月10日,四層,,持分移轉
RPPOMLOKJHLGFBG87DA,,75.46,集合住宅,鋼筋混凝土造,114年11月10日,四層,三層 陽台,全筆移轉
SPPPMLNLJHLGFBG08DA,,62.53,集合住宅,鋼筋混凝土造,114年10月13日,四層,二層 陽台,全筆移轉
SPPPMLNLJHLGFBG08DA,,26.51,本共有部分之項目有：停車空間、樓梯、電梯間等３項,鋼筋混凝土造,114年10月13日,四層,,持分移轉
RPPOMLOKJHLGFBG87DA,,44.33,本共有部份之項目有：停車空間、梯間等２項,鋼筋混凝土造,114年11月10日,四層,,持分移轉
RPXNMLLKKHLGFAG28DA,,157.22,住宅、樓梯間,鋼筋混凝土（ＲＣ）,114年9月16日,三層,一層 二層 三層 陽台 見其他登記事項,全筆移轉
RPRNMLQLJHLGFBG28DA,,74.91,集合住宅,鋼筋混凝土造,114年11月10日,四層,四層 陽台,全筆移轉
RPRNMLQLJHLGFBG28DA,,36.91,本共有部份之項目有：停車空間、梯間等２項,鋼筋混凝土造,114年11月10日,四層,,持分移轉
RPQPMLTKJHLGFAG48DA,,86.95,集合住宅,鋼筋混凝土（ＲＣ）,114年8月29日,四層,三層 陽台,全筆移轉
RPQPMLTKJHLGFAG48DA,,19.37,本共有部分之項目有管理委員會使用空間、樓梯間、電梯間等３項,鋼筋混凝土（ＲＣ）,114年8月29日,四層,,持分移轉
RPXNMLMKJIKGFAG28DA,,161.54,住家用,鋼筋混凝土造,114年8月18日,三層,一層 二層 三層 陽台,全筆移轉
RPTPMLNLJHLGFBG38DA,,44.08,集合住宅,鋼筋混凝土造,114年10月13日,四層,三層 陽台,全筆移轉
RPTPMLNLJHLGFBG38DA,,19.04,本共有部分之項目有：停車空間、樓梯、電梯間等３項,鋼筋混凝土造,114年10月13日,四層,,持分移轉
SPTPMLNLJHLGFBG48DA,,44.08,集合住宅,鋼筋混凝土造,114年10月13日,四層,三層 陽台,全筆移轉
SPTPMLNLJHLGFBG48DA,,19.04,本共有部分之項目有：停車空間、樓梯、電梯間等３項,鋼筋混凝土造,114年10月13日,四層,,持分移轉
SPUPMLNLJHLGFBG58DA,,44.23,集合住宅,鋼筋混凝土造,114年10月13日,四層,三層 陽台,全筆移轉
RPXOMLPLKHLGFBG98DA,,187.72,住宅、樓梯間,鋼筋混凝土造,114年10月1日,三層,一層 二層 三層 陽台 見其他登記事項,全筆移轉
SPUPMLNLJHLGFBG58DA,,19.09,本共有部分之項目有：停車空間、樓梯、電梯間等３項,鋼筋混凝土造,114年10月13日,四層,,持分移轉
RPVPMLNLJHLGFBG58DA,,89.82,集合住宅,鋼筋混凝土造,114年10月13日,四層,三層 陽台,全筆移轉
RPQNMLLJKHLGFAG47DA,,39.89,集合住宅,鋼筋混凝土（ＲＣ）,114年11月20日,四層,一層,全筆移轉
RPQNMLLJKHLGFAG47DA,,1.44,管委會空間,鋼筋混凝土（ＲＣ）,114年11月20日,四層,,持分移轉
RPQNMLLJKHLGFAG47DA,,41.38,本共有部分之項目有停車空間、管委會空間、樓梯間、電梯間、機械室、水箱等６項。,鋼筋混凝土（ＲＣ）,114年11月20日,四層,,持分移轉
RPTOMLMKKIKGFBG18DA,,156.09,住宅、樓梯間,鋼筋混凝土造,114年9月11日,三層,一層 二層 三層 陽台 見其他登記事項,全筆移轉
RPVPMLNLJHLGFBG58DA,,42.86,本共有部分之項目有：停車空間、樓梯、電梯間等３項,鋼筋混凝土造,114年10月13日,四層,,持分移轉
SPVPMLNLJHLGFBG68DA,,89.82,集合住宅,鋼筋混凝土造,114年10月13日,四層,三層 陽台,全筆移轉
SPVPMLNLJHLGFBG68DA,,42.86,本共有部分之項目有：停車空間、樓梯、電梯間等３項,鋼筋混凝土造,114年10月13日,四層,,持分移轉
RPUPMLNLJHLGFBG48DA,,44.23,集合住宅,鋼筋混凝土造,114年10月13日,四層,三層 陽台,全筆移轉
RPUPMLNLJHLGFBG48DA,,19.09,本共有部分之項目有：停車空間、樓梯、電梯間等３項,鋼筋混凝土造,114年10月13日,四層,,持分移轉
SPWPMLNLJHLGFBG78DA,,62.53,集合住宅,鋼筋混凝土造,114年10月13日,四層,三層 陽台,全筆移轉
SPWPMLNLJHLGFBG78DA,,26.51,本共有部分之項目有：停車空間、樓梯、電梯間等３項,鋼筋混凝土造,114年10月13日,四層,,持分移轉
RPWPMLNLJHLGFBG68DA,,62.53,集合住宅,鋼筋混凝土造,114年10月13日,四層,三層 陽台,全筆移轉
RPWPMLNLJHLGFBG68DA,,26.51,本共有部分之項目有：停車空間、樓梯、電梯間等３項,鋼筋混凝土造,114年10月13日,四層,,持分移轉
RPTOMLRKKIKGFAG58DA,,63.95,集合住宅,鋼筋混凝土（ＲＣ）,114年10月1日,四層,一層,全筆移轉
RPTOMLRKKIKGFAG58DA,,17.54,本共有部分之項目有停車空間、弱電機械室、及消防機械室、樓梯間、電梯間等５項,鋼筋混凝土（ＲＣ）,114年10月1日,四層,,持分移轉
RPROMLTJJHLGFAG38DA,,54.25,集合住宅,鋼筋混凝土（ＲＣ）,114年11月17日,五層,三層 陽台,全筆移轉
RPROMLTJJHLGFAG38DA,,25.51,本共有部分之項目有騎樓、停車空間、梯廳、電梯、樓梯、樓梯間等６項。,鋼筋混凝土（ＲＣ）,114年11月17日,五層,,持分移轉
RPXOMLQJJHLGFAG68DA,,163.16,住家用,鋼筋混凝土（ＲＣ）,114年8月11日,四層,一層 二層 三層 四層 陽台,全筆移轉
RPSOMLRKKIKGFAG48DA,,62.09,集合住宅,鋼筋混凝土（ＲＣ）,114年10月1日,四層,一層,全筆移轉
RPSOMLRKKIKGFAG48DA,,17.06,本共有部分之項目有停車空間、弱電機械室、及消防機械室、樓梯間、電梯間等５項,鋼筋混凝土（ＲＣ）,114年10月1日,四層,,持分移轉
SPSPMLNLJHLGFBG38DA,,58.82,集合住宅,鋼筋混凝土造,114年10月13日,四層,三層 陽台,全筆移轉
SPSPMLNLJHLGFBG38DA,,25.06,本共有部分之項目有：停車空間、樓梯、電梯間等３項,鋼筋混凝土造,114年10月13日,四層,,持分移轉
RPSPMLNLJHLGFBG28DA,,58.82,集合住宅,鋼筋混凝土造,114年10月13日,四層,三層 陽台,全筆移轉
RPSPMLNLJHLGFBG28DA,,25.06,本共有部分之項目有：停車空間、樓梯、電梯間等３項,鋼筋混凝土造,114年10月13日,四層,,持分移轉
SPXPMLNLJHLGFBG88DA,,58.82,集合住宅,鋼筋混凝土造,114年10月13日,四層,四層 陽台,全筆移轉
SPXPMLNLJHLGFBG88DA,,25.06,本共有部分之項目有：停車空間、樓梯、電梯間等３項,鋼筋混凝土造,114年10月13日,四層,,持分移轉
RPXPMLNLJHLGFBG78DA,,58.82,集合住宅,鋼筋混凝土造,114年10月13日,四層,四層 陽台,全筆移轉
RPRQMLNLJHLGFBG28DA,,62.53,集合住宅,鋼筋混凝土造,114年10月13日,四層,四層 陽台,全筆移轉
RPXPMLNLJHLGFBG78DA,,25.06,本共有部分之項目有：停車空間、樓梯、電梯間等３項,鋼筋混凝土造,114年10月13日,四層,,持分移轉
RPRQMLNLJHLGFBG28DA,,26.51,本共有部分之項目有：停車空間、樓梯、電梯間等３項,鋼筋混凝土造,114年10月13日,四層,,持分移轉
SPRQMLNLJHLGFBG38DA,,62.53,集合住宅,鋼筋混凝土造,114年10月13日,四層,四層 陽台,全筆移轉
SPRQMLNLJHLGFBG38DA,,26.51,本共有部分之項目有：停車空間、樓梯、電梯間等３項,鋼筋混凝土造,114年10月13日,四層,,持分移轉
RPUOMLRKKIKGFAG68DA,,63.95,集合住宅,鋼筋混凝土（ＲＣ）,114年10月1日,四層,一層,全筆移轉
RPUOMLRKKIKGFAG68DA,,17.54,本共有部分之項目有停車空間、弱電機械室、及消防機械室、樓梯間、電梯間等５項,鋼筋混凝土（ＲＣ）,114年10月1日,四層,,持分移轉
RPRNMLMLKIKGFAG87DA,,205.56,住宅、樓梯間,鋼筋混凝土（ＲＣ）,114年9月26日,三層,一層 二層 三層 陽台 見其他登記事項,全筆移轉
RPRNMLSLKIKGFAG48DA,,72.97,集合住宅,鋼筋混凝土（ＲＣ）,114年8月29日,四層,三層 陽台,全筆移轉
RPRNMLSLKIKGFAG48DA,,16.26,本共有部分之項目有管理委員會使用空間、樓梯間、電梯間等３項,鋼筋混凝土（ＲＣ）,114年8月29日,四層,,持分移轉
RPVOMLQLJIKGFAG68DA,,200.93,停車空間、住宅,鋼筋混凝土（ＲＣ）,114年9月30日,四層,一層 二層 三層 四層 陽台,全筆移轉
RPPNMLRLJHLGFAG08DA,,160.89,住家用,鋼筋混凝土（ＲＣ）,114年8月11日,四層,一層 二層 三層 四層 陽台,全筆移轉
RPQNMLTLJHLGFAG38DA,,67.01,集合住宅,鋼筋混凝土（ＲＣ）,114年8月29日,四層,三層 陽台,全筆移轉
RPOOMLRLJHLGFBG18DA,,61.70,集合住宅,鋼筋混凝土造,114年10月16日,四層,四層 陽台,全筆移轉
RPOOMLRLJHLGFBG18DA,,36.01,本共有部分之項目有：停車空間、梯間等２項。,鋼筋混凝土造,114年10月16日,四層,,持分移轉
RPQNMLTLJHLGFAG38DA,,14.94,本共有部分之項目有管理委員會使用空間、樓梯間、電梯間等３項,鋼筋混凝土（ＲＣ）,114年8月29日,四層,,持分移轉
RPVOMLLKKHLGFBG28DA,,146.77,住家用,鋼筋混凝土造,114年12月3日,三層,一層 二層 三層 陽台,全筆移轉
RPXRMLOJKHLGFAG88DA,,49.75,集合住宅,鋼筋混凝土（ＲＣ）,114年11月20日,四層,二層 陽台,全筆移轉
RPXRMLOJKHLGFAG88DA,,1.80,管委會空間,鋼筋混凝土（ＲＣ）,114年11月20日,四層,,持分移轉
RPXPMLOJKHLGFAG68DA,,120.58,住家用,鋼筋混凝土（ＲＣ）,114年11月19日,三層,一層 二層 三層 陽台,全筆移轉
RPXRMLOJKHLGFAG88DA,,25.18,本共有部分之項目有停車空間、管委會空間、樓梯間、電梯間、機械室、水箱等６項。,鋼筋混凝土（ＲＣ）,114年11月20日,四層,,持分移轉
RPRNMLMJKIKGFAG67DA,,57.20,集合住宅,鋼筋混凝土（ＲＣ）,114年6月25日,四層,四層 陽台,全筆移轉
RPRNMLMJKIKGFAG67DA,,9.10,本共有部分之項目有停車空間。,鋼筋混凝土（ＲＣ）,114年6月25日,四層,,持分移轉
RPRNMLMJKIKGFAG67DA,,19.17,本共有部分之項目有梯廳、電梯、安全梯等３項。,鋼筋混凝土（ＲＣ）,114年6月25日,四層,,持分移轉
RPOPMLLKKHLGFBG67DA,,139.72,住家用,鋼筋混凝土造,114年12月3日,三層,一層 二層 三層 陽台,全筆移轉
RPPNMLLMJHLGFBG67DA,,179.52,停車空間、住宅,鋼筋混凝土造,114年8月28日,四層,一層 二層 三層 四層 陽台,全筆移轉
RPSOMLOLKIKGFAG28DA,,91.48,集合住宅,鋼筋混凝土（ＲＣ）,114年10月8日,四層,一層 陽台,全筆移轉
RPSOMLOLKIKGFAG28DA,,55.49,本共有部分之項目有停車空間、電梯、消防設備室、自來水蓄水池、管委會、電信室、車道、陽台、梯間等９項。,鋼筋混凝土（ＲＣ）,114年10月8日,四層,,持分移轉
RPSOMLOLKIKGFAG28DA,,10.07,本共有部分之項目有電梯、樓梯間等２項。,鋼筋混凝土（ＲＣ）,114年10月8日,四層,,持分移轉
RPTNMLPJKIKGFBG28DA,,140.84,住家用,鋼筋混凝土造,114年9月11日,三層,一層 二層 三層 陽台,全筆移轉
RPOQMLSLIIKGFAG28DA,,200.93,停車空間、住宅,鋼筋混凝土（ＲＣ）,114年9月30日,四層,一層 二層 三層 四層 陽台,全筆移轉
RPSPMLSLIIKGFAG58DA,,200.93,停車空間、住宅,鋼筋混凝土（ＲＣ）,114年9月30日,四層,一層 二層 三層 四層 陽台,全筆移轉
RPQPMLSLIIKGFAG38DA,,200.93,停車空間、住宅,鋼筋混凝土（ＲＣ）,114年9月30日,四層,一層 二層 三層 四層 陽台,全筆移轉
RPSPMLLJQHKGFBG48DA,,158.96,住家用,鋼筋混凝土造,114年9月11日,三層,一層 二層 三層 陽台,全筆移轉
RPOQMLLJQHKGFBG18DA,,211.66,住家用,鋼筋混凝土造,114年9月11日,三層,一層 二層 三層 陽台,全筆移轉
RPSNMLQLJHLGFAG28DA,,208.95,農舍,鋼筋混凝土（ＲＣ）,114年11月19日,二層,一層 二層 陽台,全筆移轉
RPTNMLPJJHLGFBG18DA,,158.96,住家用,鋼筋混凝土造,114年9月11日,三層,一層 二層 三層 陽台,全筆移轉
RPQOMLLJQHKGFBG18DA,,158.96,住家用,鋼筋混凝土造,114年9月11日,三層,一層 二層 三層 陽台,全筆移轉
RPQOMLMLJHLGFAG77DA,,212.46,住宅、樓梯間,鋼筋混凝土（ＲＣ）,114年5月12日,三層,一層 二層 三層 陽台 見其他登記事項,全筆移轉
RPWPMLLJQHKGFBG88DA,,158.96,住家用,鋼筋混凝土造,114年9月11日,三層,一層 二層 三層 陽台,全筆移轉
RPTOMLTLJHLGFAG78DA,,177.16,住宅、樓梯間,鋼筋混凝土（ＲＣ）,114年9月16日,三層,一層 二層 三層 見其他登記事項,全筆移轉
RPPOMLRLJHLGFBG28DA,,54.90,集合住宅,鋼筋混凝土造,114年10月16日,四層,四層 陽台,全筆移轉
RPPOMLRLJHLGFBG28DA,,33.46,本共有部分之項目有：停車空間、梯間等２項。,鋼筋混凝土造,114年10月16日,四層,,持分移轉
RPWOMLOJKHLGFAG48DA,,137.78,住家用,鋼筋混凝土（ＲＣ）,114年11月19日,三層,一層 二層 三層 陽台,全筆移轉
RPSOMLLJQHKGFBG38DA,,158.96,住家用,鋼筋混凝土造,114年9月11日,三層,一層 二層 三層 陽台,全筆移轉
RPROMLQLJIKGFAG28DA,,218.58,停車空間、住宅,鋼筋混凝土（ＲＣ）,114年9月30日,四層,一層 二層 三層 四層 陽台,全筆移轉
RPTOMLLJQHKGFBG48DA,,158.96,住家用,鋼筋混凝土造,114年9月11日,三層,一層 二層 三層 陽台,全筆移轉
RPQNMLMLKIKGFAG77DA,,341.26,農舍,鋼筋混凝土（ＲＣ）,114年8月20日,二層,一層 二層 陽台,全筆移轉
RPUQMLLMKIKGFAG48DA,,507.10,農舍、樓梯間,鋼筋混凝土造（ＲＣ）,114年11月8日,三層,一層 二層 三層 陽台 見其他登記事項,全筆移轉
RPPOMLMLKIKGFAG77DA,,203.51,住宅、樓梯間,鋼筋混凝土（ＲＣ）,114年9月26日,三層,一層 二層 三層 陽台 見其他登記事項,全筆移轉
SPRNMLNJKIKGFAG87DA,,55.13,集合住宅,鋼筋混凝土造,114年4月29日,四層,四層 陽台,全筆移轉
SPRNMLNJKIKGFAG87DA,,18.91,本共有部分之項目有集合住宅（停車空間）、樓電梯間、電梯機房、水箱等４項,鋼筋混凝土造,114年4月29日,四層,,持分移轉
RPRNMLNJKIKGFAG77DA,,55.13,集合住宅,鋼筋混凝土造,114年4月29日,四層,四層 陽台,全筆移轉
RPRNMLNJKIKGFAG77DA,,18.91,本共有部分之項目有集合住宅（停車空間）、樓電梯間、電梯機房、水箱等４項,鋼筋混凝土造,114年4月29日,四層,,持分移轉
RPXNMLLJKHLGFAG18DA,,49.70,集合住宅,鋼筋混凝土（ＲＣ）,114年11月20日,四層,四層 陽台,全筆移轉
RPXNMLLJKHLGFAG18DA,,1.80,管委會空間,鋼筋混凝土（ＲＣ）,114年11月20日,四層,,持分移轉
RPXNMLSKKIKGFAG98DA,,151.45,住家用,鋼筋混凝土（ＲＣ）,114年10月13日,三層,一層 二層 三層 陽台,全筆移轉
RPXNMLLJKHLGFAG18DA,,46.35,本共有部分之項目有停車空間、管委會空間、樓梯間、電梯間、機械室、水箱等６項。,鋼筋混凝土（ＲＣ）,114年11月20日,四層,,持分移轉
RPOPMLOJKHLGFAG77DA,,120.58,住家用,鋼筋混凝土（ＲＣ）,114年11月19日,三層,一層 二層 三層 陽台,全筆移轉
RPPNMLOJQHKGFBG28DA,,158.96,住家用,鋼筋混凝土造,114年9月11日,三層,一層 二層 三層 陽台,全筆移轉
RPQNMLKLJHLGFBG57DA,,191.42,農舍,鋼筋混凝土造,114年12月1日,三層,一層 二層 三層 陽台,全筆移轉
RPPQMLLJQHKGFBG28DA,,211.66,住家用,鋼筋混凝土造,114年9月11日,三層,一層 二層 三層 陽台,全筆移轉
RPWOMLKLJHLGFAG18DA,,86.95,集合住宅,鋼筋混凝土（ＲＣ）,114年8月29日,四層,二層 陽台,全筆移轉
RPWOMLKLJHLGFAG18DA,,19.37,本共有部分之項目有管理委員會使用空間、樓梯間、電梯間等３項,鋼筋混凝土（ＲＣ）,114年8月29日,四層,,持分移轉
RPWNMLKKKHLGFAG08DA,,88.52,集合住宅,鋼筋混凝土（ＲＣ）,114年11月20日,四層,三層 陽台,全筆移轉
RPWNMLKKKHLGFAG08DA,,3.21,管委會空間,鋼筋混凝土（ＲＣ）,114年11月20日,四層,,持分移轉
RPWNMLKKKHLGFAG08DA,,66.00,本共有部分之項目有停車空間、管委會空間、樓梯間、電梯間、機械室、水箱等６項。,鋼筋混凝土（ＲＣ）,114年11月20日,四層,,持分移轉
RPQSMLOJKHLGFAG28DA,,44.25,集合住宅,鋼筋混凝土（ＲＣ）,114年11月20日,四層,四層 陽台,全筆移轉
RPQSMLOJKHLGFAG28DA,,1.60,管委會空間,鋼筋混凝土（ＲＣ）,114年11月20日,四層,,持分移轉
RPQSMLOJKHLGFAG28DA,,22.40,本共有部分之項目有停車空間、管委會空間、樓梯間、電梯間、機械室、水箱等６項。,鋼筋混凝土（ＲＣ）,114年11月20日,四層,,持分移轉
RPSNMLNJKIKGFBG97DA,,221.30,住宅、住宅（停車空間）、梯間,鋼筋混凝土造,114年6月19日,三層,一層 二層 三層 陽台 見其他登記事項,全筆移轉
RPUPMLSLIIKGFAG78DA,,200.93,停車空間、住宅,鋼筋混凝土（ＲＣ）,114年9月30日,四層,一層 二層 三層 四層 陽台,全筆移轉
RPTPMLSLIIKGFAG68DA,,200.93,停車空間、住宅,鋼筋混凝土（ＲＣ）,114年9月30日,四層,一層 二層 三層 四層 陽台,全筆移轉
RPUPMLLJQHKGFBG68DA,,158.96,住家用,鋼筋混凝土造,114年9月11日,三層,一層 二層 三層 陽台,全筆移轉
RPPPMLLJQHKGFBG18DA,,158.96,住家用,鋼筋混凝土造,114年9月11日,三層,一層 二層 三層 陽台,全筆移轉
RPWNMLMLKIKGFAG38DA,,203.95,住宅、樓梯間,鋼筋混凝土（ＲＣ）,114年9月26日,三層,一層 二層 三層 陽台 見其他登記事項,全筆移轉
RPQRMLLLJHLGFBG08DA,,152.74,停車空間、住宅,鋼筋混凝土造,114年8月29日,四層,一層 二層 三層 四層 陽台,全筆移轉
RPUNMLQLJIKGFBG58DA,,158.96,住家用,鋼筋混凝土造,114年9月11日,三層,一層 二層 三層 陽台,全筆移轉
RPOOMLRKKIKGFBG18DA,,158.96,住家用,鋼筋混凝土造,114年9月11日,三層,一層 二層 三層 陽台,全筆移轉
RPSNMLRLKIKGFAG48DA,,71.16,集合住宅,鋼筋混凝土（ＲＣ）,114年8月29日,四層,二層 陽台,全筆移轉
RPSNMLRLKIKGFAG48DA,,15.86,本共有部分之項目有管理委員會使用空間、樓梯間、電梯間等３項,鋼筋混凝土（ＲＣ）,114年8月29日,四層,,持分移轉
RPQNMLOLKIKGFAG08EA,,454.85,農舍,鋼筋混凝土造（ＲＣ）,114年10月8日,三層,一層 二層 三層 陽台,全筆移轉
RPSOMLQLJIKGFAG38DA,,200.93,停車空間、住宅,鋼筋混凝土（ＲＣ）,114年9月30日,四層,一層 二層 三層 四層 陽台,全筆移轉
RPTPMLQKKIKGFAG58DA,,351.01,農舍,鋼筋混凝土造,114年10月22日,三層,一層 二層 三層,全筆移轉
RPOPMLNKJHLGFAG67DA,,281.78,農舍,鋼筋混凝土（ＲＣ）,114年11月19日,三層,一層 二層 三層 陽台,全筆移轉
RPTPMLLJQHKGFBG58DA,,158.96,住家用,鋼筋混凝土造,114年9月11日,三層,一層 二層 三層 陽台,全筆移轉
RPVOMLQLJHLGFBG78DA,,61.70,集合住宅,鋼筋混凝土造,114年10月16日,四層,二層 陽台,全筆移轉
RPVOMLQLJHLGFBG78DA,,36.01,本共有部分之項目有：停車空間、梯間等２項。,鋼筋混凝土造,114年10月16日,四層,,持分移轉
RPQNMLNJKHLGFBG77DA,,196.97,門廊、住宅、樓梯間,鋼筋混凝土造,114年11月5日,三層,一層 二層 三層 陽台 見其他登記事項,全筆移轉
RPQNMLPKJHLGFBG97DA,,203.39,農舍、樓梯間,鋼筋混凝土造,114年9月5日,三層,一層 二層 三層 陽台 見其他登記事項,全筆移轉
RPTNMLTLKIKGFBG98EA,,34.81,集合住宅,鋼筋混凝土造,113年1月10日,十一層,四層 陽台,全筆移轉
RPTNMLTLKIKGFBG98EA,,32.25,本共有部分之項目有：停車空間、梯廳、管委會空間、機房、屋頂水箱等５項,鋼筋混凝土造,113年1月10日,十一層,,持分移轉
RPOPMLLJQHKGFBG08DA,,158.96,住家用,鋼筋混凝土造,114年9月11日,三層,一層 二層 三層 陽台,全筆移轉
RPXNMLLJQHKGFBG78DA,,161.17,住家用,鋼筋混凝土造,114年9月11日,三層,一層 二層 三層 陽台,全筆移轉
RPPNMLQJKHLGFAG87DA,,302.66,農舍,鋼筋混凝土（ＲＣ）,114年12月9日,三層,一層 二層 三層 陽台,全筆移轉
RPOOMLSLIIKGFAG08DA,,200.93,停車空間、住宅,鋼筋混凝土（ＲＣ）,114年9月30日,四層,一層 二層 三層 四層 陽台,全筆移轉
RPPOMLSLIIKGFAG18DA,,200.93,停車空間、住宅,鋼筋混凝土（ＲＣ）,114年9月30日,四層,一層 二層 三層 四層 陽台,全筆移轉
RPPNMLNJKIKGFAG57DA,,310.10,農舍,鋼筋混凝土造,114年9月2日,二層,一層 二層 陽台,全筆移轉
RPTOMLQLJIKGFAG48DA,,200.93,停車空間、住宅,鋼筋混凝土（ＲＣ）,114年9月30日,四層,一層 二層 三層 四層 陽台,全筆移轉
RPROMLMKJIKGFAG77DA,,152.86,住家用,鋼筋混凝土造,114年8月18日,三層,一層 二層 三層,全筆移轉
RPQPMLQJJHLGFAG08DA,,163.16,住家用,鋼筋混凝土（ＲＣ）,114年8月11日,四層,一層 二層 三層 四層 陽台,全筆移轉
RPVNMLNLKIKGFBG48DA,,142.82,住家用,鋼筋混凝土造,114年9月11日,三層,一層 二層 三層 陽台,全筆移轉
RPXNMLKKKIKGFAG18DA,,149.35,住家用,鋼筋混凝土造,114年9月10日,三層,一層 二層 三層 陽台,全筆移轉
RPQNMLLLJHLGFAG67EA,,75.40,集合住宅,鋼筋混凝土（ＲＣ）,114年10月1日,五層,一層,全筆移轉
RPQNMLLLJHLGFAG67EA,,24.92,本共有部分之項目有昇降機道、梯廳、安全梯、樓梯間等４項,鋼筋混凝土（ＲＣ）,114年10月1日,五層,,持分移轉
RPPOMLQLKIKGFAG18DA,,86.95,集合住宅,鋼筋混凝土（ＲＣ）,114年8月29日,四層,一層 陽台,全筆移轉
RPPOMLQLKIKGFAG18DA,,19.37,本共有部分之項目有管理委員會使用空間、樓梯間、電梯間等３項,鋼筋混凝土（ＲＣ）,114年8月29日,四層,,持分移轉
RPXNMLLLJHLGFAG28DA,,297.12,農舍,鋼筋混凝土（ＲＣ）,114年11月14日,三層,一層 二層 三層 陽台,全筆移轉
RPUPMLRLJHLGFBG88DA,,177.56,住家用,鋼筋混凝土造,114年9月11日,三層,一層 二層 三層 陽台,全筆移轉
RPSNMLSLIIKGFAG38DA,,200.93,停車空間、住宅,鋼筋混凝土（ＲＣ）,114年9月30日,四層,一層 二層 三層 四層 陽台,全筆移轉
RPXPMLLJQHKGFBG98DA,,161.17,住家用,鋼筋混凝土造,114年9月11日,三層,一層 二層 三層 陽台,全筆移轉
RPSNMLNJKHLGFBG97DA,,196.97,門廊、住宅、樓梯間、昇降梯間,鋼筋混凝土造,114年11月5日,三層,一層 二層 三層 陽台 見其他登記事項,全筆移轉
RPRNMLRLJHLGFBG38DA,,57.76,集合住宅,鋼筋混凝土造,114年10月16日,四層,三層 陽台,全筆移轉
RPRNMLRLJHLGFBG38DA,,34.61,本共有部分之項目有：停車空間、梯間等２項。,鋼筋混凝土造,114年10月16日,四層,,持分移轉
RPVRMLLLJHLGFBG58DA,,152.74,停車空間、住宅,鋼筋混凝土造,114年8月29日,四層,一層 二層 三層 四層 陽台,全筆移轉
RPPNMLRJKHLGFAG97DA,,287.88,農舍,鋼筋混凝土（ＲＣ）,114年11月21日,三層,一層 二層 三層 陽台,全筆移轉
RPWNMLOJJIKGFAG28DA,,126.06,集合住宅,鋼筋混凝土（ＲＣ）,114年8月18日,三層,一層 二層 三層 陽台,全筆移轉
RPWNMLOJJIKGFAG28DA,,.43,本共有部分之項目有電信機房等１項。,鋼筋混凝土（ＲＣ）,114年8月18日,一層,,持分移轉
RPWOMLRKKIKGFAG88DA,,47.23,集合住宅,鋼筋混凝土（ＲＣ）,114年10月1日,四層,一層,全筆移轉
RPWOMLRKKIKGFAG88DA,,13.12,本共有部分之項目有停車空間、弱電機械室、及消防機械室、樓梯間、電梯間等５項,鋼筋混凝土（ＲＣ）,114年10月1日,四層,,持分移轉
RPROMLRKKIKGFAG38DA,,47.89,集合住宅,鋼筋混凝土（ＲＣ）,114年10月1日,四層,一層,全筆移轉
RPROMLRKKIKGFAG38DA,,13.12,本共有部分之項目有停車空間、弱電機械室、及消防機械室、樓梯間、電梯間等５項,鋼筋混凝土（ＲＣ）,114年10月1日,四層,,持分移轉
RPTOMLLKKIKGFAG97DA,,156.12,住家用,鋼筋混凝土造（ＲＣ）,114年9月10日,三層,一層 二層 三層 陽台,全筆移轉
RPVNMLMJJHLGFBG08DA,,362.07,農舍,鋼筋混凝土造,114年11月14日,三層,一層 二層 三層 陽台,全筆移轉
RPPNMLOJKHLGFAG67DA,,365.15,農舍,鋼筋混凝土造（ＲＣ）,114年12月19日,三層,一層 二層 三層 陽台,全筆移轉
RPOOMLLKKIKGFAG47DA,,156.12,住家用,鋼筋混凝土造,114年9月10日,三層,一層 二層 三層 陽台,全筆移轉
RPROMLLKKIKGFAG77DA,,156.12,住家用,鋼筋混凝土造,114年9月10日,三層,一層 二層 三層 陽台,全筆移轉
RPQOMLLKKIKGFAG67DA,,156.12,住家用,鋼筋混凝土造,114年9月10日,三層,一層 二層 三層 陽台,全筆移轉
RPUNMLKKKIKGFAG87DA,,168.67,住家用,鋼筋混凝土造,114年9月10日,三層,一層 二層 三層 陽台,全筆移轉
RPOOMLKKKIKGFAG37DA,,174.18,住家用,鋼筋混凝土造,114年9月10日,三層,一層 二層 三層 陽台,全筆移轉
RPUNMLQKJHLGFAG38DA,,183.55,農舍、樓梯間,鋼筋混凝土（ＲＣ）,114年10月28日,三層,一層 二層 三層 陽台 見其他登記事項,全筆移轉
RPXNMLLKKIKGFAG28DA,,156.12,住家用,鋼筋混凝土造,114年9月10日,三層,一層 二層 三層 陽台,全筆移轉
RPPNMLRLJHLGFBG18DA,,80.22,集合住宅,鋼筋混凝土造,114年10月16日,四層,三層 陽台,全筆移轉
RPPNMLRLJHLGFBG18DA,,42.51,本共有部分之項目有：停車空間、梯間等２項。,鋼筋混凝土造,114年10月16日,四層,,持分移轉
RPURMLLLJHLGFBG48DA,,152.74,停車空間、住宅,鋼筋混凝土造,114年8月29日,四層,一層 二層 三層 四層 陽台,全筆移轉
RPTNMLNJKHLGFBG08DA,,196.97,門廊、住宅、樓梯間、昇降梯間,鋼筋混凝土造,114年11月5日,三層,一層 二層 三層 陽台 見其他登記事項,全筆移轉
RPUPMLOJKHLGFAG38DA,,120.58,住家用,鋼筋混凝土（ＲＣ）,114年11月19日,三層,一層 二層 三層 陽台,全筆移轉
RPWOMLLKKHLGFBG38DA,,167.92,住家用,鋼筋混凝土造,114年12月3日,三層,一層 二層 三層 陽台,全筆移轉
RPPQMLOJKHLGFAG97DA,,137.77,住家用,鋼筋混凝土（ＲＣ）,114年11月19日,三層,一層 二層 三層 陽台,全筆移轉
RPUOMLOJKHLGFAG28DA,,140.11,住家用,鋼筋混凝土（ＲＣ）,114年11月19日,三層,一層 二層 三層 陽台,全筆移轉
RPOSMLOJKHLGFAG08DA,,49.75,集合住宅,鋼筋混凝土（ＲＣ）,114年11月20日,四層,二層 陽台,全筆移轉
RPOSMLOJKHLGFAG08DA,,1.80,管委會空間,鋼筋混凝土（ＲＣ）,114年11月20日,四層,,持分移轉
RPOSMLOJKHLGFAG08DA,,25.18,本共有部分之項目有停車空間、管委會空間、樓梯間、電梯間、機械室、水箱等６項。,鋼筋混凝土（ＲＣ）,114年11月20日,四層,,持分移轉
RPSNMLNLKIKGFAG18EA,,536.60,農舍、樓梯間及電梯間,鋼筋混凝土造,114年11月7日,三層,一層 二層 三層 陽台 地下一層 見其他登記事項,全筆移轉
RPRNMLKKKIKGFAG57DA,,188.91,住家用,鋼筋混凝土造,114年9月10日,三層,一層 二層 三層 陽台,全筆移轉
RPVNMLMKJHLGFBG18DA,,276.20,農舍,鋼筋混凝土造,114年11月25日,三層,一層 二層 三層 陽台,全筆移轉
RPPOMLLKKIKGFAG57DA,,156.12,住家用,鋼筋混凝土造,114年9月10日,三層,一層 二層 三層 陽台,全筆移轉
RPUNMLOLKIKGFAG38DA,,73.09,集合住宅,鋼筋混凝土（ＲＣ）,114年10月8日,四層,一層 陽台,全筆移轉
RPQNMLRKJHLGFBG18DA,,284.34,農舍、樓梯間,鋼筋混凝土造,114年12月12日,二層,一層 二層 見其他登記事項,全筆移轉
RPUNMLOLKIKGFAG38DA,,26.75,本共有部分之項目有停車空間、電梯、消防設備室、自來水蓄水池、管委會、電信室、車道、陽台、梯間等９項。,鋼筋混凝土（ＲＣ）,114年10月8日,四層,,持分移轉
RPUNMLOLKIKGFAG38DA,,8.00,本共有部分之項目有電梯、樓梯間等２項。,鋼筋混凝土（ＲＣ）,114年10月8日,四層,,持分移轉
RPPOMLKKKIKGFAG47DA,,153.92,住家用,鋼筋混凝土造,114年9月10日,三層,一層 二層 三層 陽台,全筆移轉
RPROMLKKKIKGFAG67DA,,156.12,住家用,鋼筋混凝土造,114年9月10日,三層,一層 二層 三層 陽台,全筆移轉
RPQOMLLMIIKGFAG67DA,28,35.43,農舍,鋼筋混凝土加強磚造,86年10月7日,一層,一層,持分移轉
RPSOMLLKKIKGFAG87DA,,162.17,住家用,鋼筋混凝土造,114年9月10日,三層,一層 二層 三層 陽台,全筆移轉
RPWNMLKKKIKGFAG08DA,,154.44,住家用,鋼筋混凝土造,114年9月10日,三層,一層 二層 三層 陽台,全筆移轉
RPPNMLLMKIKGFAG67DA,,57.55,集合住宅,鋼筋混凝土（ＲＣ）,114年11月17日,五層,三層 陽台,全筆移轉
RPPNMLLMKIKGFAG67DA,,12.15,本共有部分之項目有樓梯間１項。,鋼筋混凝土（ＲＣ）,114年11月17日,五層,,持分移轉
RPPNMLLMKIKGFAG67DA,,17.50,本共有部分之項目有騎樓、停車空間等２項。,鋼筋混凝土（ＲＣ）,114年11月17日,五層,,持分移轉
RPPOMLLMKIKGFAG77DA,,43.26,集合住宅,鋼筋混凝土（ＲＣ）,114年11月17日,五層,四層 陽台,全筆移轉
RPPOMLLMKIKGFAG77DA,,9.11,本共有部分之項目有樓梯間１項。,鋼筋混凝土（ＲＣ）,114年11月17日,五層,,持分移轉
RPPOMLLMKIKGFAG77DA,,4.41,本共有部分之項目有騎樓、停車空間等２項。,鋼筋混凝土（ＲＣ）,114年11月17日,五層,,持分移轉
RPVNMLKKKIKGFAG97DA,,154.44,住家用,鋼筋混凝土造,114年9月10日,三層,一層 二層 三層 陽台,全筆移轉
RPQOMLKKKIKGFAG57DA,,158.31,住家用,鋼筋混凝土造,114年9月10日,三層,一層 二層 三層 陽台,全筆移轉
RPWOMLQLJHLGFBG88DA,,57.76,集合住宅,鋼筋混凝土造,114年10月16日,四層,二層 陽台,全筆移轉
RPWOMLQLJHLGFBG88DA,,34.61,本共有部分之項目有：停車空間、梯間等２項。,鋼筋混凝土造,114年10月16日,四層,,持分移轉
RPWQMLOJKHLGFAG68DA,,56.95,集合住宅,鋼筋混凝土（ＲＣ）,114年11月17日,五層,三層,全筆移轉
RPWQMLOJKHLGFAG68DA,,26.71,本共有部分之項目有管委會使用空間、電信機房、停車空間、集合住宅、樓梯間、機房、水箱等７項,鋼筋混凝土（ＲＣ）,114年11月17日,五層,,持分移轉
RPUOMLLMKIKGFAG28DA,,43.26,集合住宅,鋼筋混凝土（ＲＣ）,114年11月17日,五層,五層 陽台,全筆移轉
RPUOMLLMKIKGFAG28DA,,9.11,本共有部分之項目有樓梯間１項。,鋼筋混凝土（ＲＣ）,114年11月17日,五層,,持分移轉
RPUOMLLMKIKGFAG28DA,,4.41,本共有部分之項目有騎樓、停車空間等２項。,鋼筋混凝土（ＲＣ）,114年11月17日,五層,,持分移轉
RPRRMLOJKHLGFAG28DA,,76.58,集合住宅,鋼筋混凝土（ＲＣ）,114年11月17日,五層,二層 陽台,全筆移轉
RPRRMLOJKHLGFAG28DA,,56.16,本共有部分之項目有管委會使用空間、電信機房、停車空間、集合住宅、樓梯間、機房、水箱等７項,鋼筋混凝土（ＲＣ）,114年11月17日,五層,,持分移轉
RPOOMLOJKHLGFAG67DA,,122.22,住家用,鋼筋混凝土（ＲＣ）,114年11月19日,三層,一層 二層 三層 陽台,全筆移轉
RPQOMLOJKHLGFAG87DA,,122.22,住家用,鋼筋混凝土（ＲＣ）,114年11月19日,三層,一層 二層 三層 陽台,全筆移轉
RPXNMLPJLHLGFBG78DA,,274.77,農舍,鋼筋混凝土造,115年1月2日,二層,一層 二層 陽台,全筆移轉
RPRNMLOJKHLGFAG87DA,,56.95,集合住宅,鋼筋混凝土（ＲＣ）,114年11月17日,五層,五層,全筆移轉
RPRNMLOJKHLGFAG87DA,,26.71,本共有部分之項目有管委會使用空間、電信機房、停車空間、集合住宅、樓梯間、機房、水箱等７項,鋼筋混凝土（ＲＣ）,114年11月17日,五層,,持分移轉
RPWNMLOJKHLGFAG38DA,,122.22,住家用,鋼筋混凝土（ＲＣ）,114年11月19日,三層,一層 二層 三層 陽台,全筆移轉
RPRRMLSLJIKGFBG88DA,,77.52,集合住宅,鋼筋混凝土造,114年9月22日,五層,二層 陽台,全筆移轉
RPRRMLSLJIKGFBG88DA,,19.38,本共有部分之項目有:停車空間等１項,鋼筋混凝土造,114年9月22日,五層,,持分移轉
RPRRMLSLJIKGFBG88DA,,22.42,本共有部分之項目有：樓梯間等１項,鋼筋混凝土造,114年9月22日,五層,,持分移轉
RPUOMLLKKHLGFBG18DA,,241.30,住家用,鋼筋混凝土造,114年12月3日,三層,一層 二層 三層 陽台,全筆移轉
RPROMLOJKHLGFAG97DA,,122.22,住家用,鋼筋混凝土（ＲＣ）,114年11月19日,三層,一層 二層 三層 陽台,全筆移轉
RPSOMLLJKHLGFAG77DA,,49.70,集合住宅,鋼筋混凝土造,114年11月20日,四層,三層 陽台,全筆移轉
RPSOMLLJKHLGFAG77DA,,1.80,管委會空間,鋼筋混凝土造,114年11月20日,四層,,持分移轉
RPSOMLLJKHLGFAG77DA,,46.35,本共有部分之項目有停車空間、管委會空間、樓梯間、電梯間、機械室、水箱等６項。,鋼筋混凝土造,114年11月20日,四層,,持分移轉
RPTNMLTKJHLGFAG58DA,,61.06,集合住宅,鋼筋混凝土（ＲＣ）,114年11月17日,五層,四層 陽台,全筆移轉
RPTNMLTKJHLGFAG58DA,,14.79,本共有部分之項目有樓梯間１項。,鋼筋混凝土（ＲＣ）,114年11月17日,五層,,持分移轉
RPTNMLTKJHLGFAG58DA,,17.77,本共有部分之項目有騎樓、停車空間等２項。,鋼筋混凝土（ＲＣ）,114年11月17日,五層,,持分移轉
RPSRMLOJKHLGFAG38DA,,56.95,集合住宅,鋼筋混凝土（ＲＣ）,114年11月17日,五層,二層,全筆移轉
RPSRMLOJKHLGFAG38DA,,26.71,本共有部分之項目有管委會使用空間、電信機房、停車空間、集合住宅、樓梯間、機房、水箱等７項,鋼筋混凝土（ＲＣ）,114年11月17日,五層,,持分移轉
RPQNMLOKJHLGFAG77DA,,393.65,農舍,鋼筋混凝土造,114年11月20日,三層,一層 二層 三層,全筆移轉
RPRNMLLMKIKGFAG87DA,,43.26,集合住宅,鋼筋混凝土（ＲＣ）,114年11月17日,五層,三層 陽台,全筆移轉
RPRNMLLMKIKGFAG87DA,,9.11,本共有部分之項目有樓梯間１項。,鋼筋混凝土（ＲＣ）,114年11月17日,五層,,持分移轉
RPSNMLLMKIKGFAG97DA,,57.53,集合住宅,鋼筋混凝土（ＲＣ）,114年11月17日,五層,二層 陽台,全筆移轉
RPSNMLLMKIKGFAG97DA,,12.15,本共有部分之項目有樓梯間１項。,鋼筋混凝土（ＲＣ）,114年11月17日,五層,,持分移轉
RPRNMLLMKIKGFAG87DA,,4.41,本共有部分之項目有騎樓、停車空間等２項。,鋼筋混凝土（ＲＣ）,114年11月17日,五層,,持分移轉
RPSNMLLMKIKGFAG97DA,,17.50,本共有部分之項目有騎樓、停車空間等２項。,鋼筋混凝土（ＲＣ）,114年11月17日,五層,,持分移轉
RPSPMLLMKIKGFAG18DA,,61.06,集合住宅,鋼筋混凝土（ＲＣ）,114年11月17日,五層,三層 陽台,全筆移轉
RPSPMLLMKIKGFAG18DA,,14.79,本共有部分之項目有樓梯間１項。,鋼筋混凝土（ＲＣ）,114年11月17日,五層,,持分移轉
RPSPMLLMKIKGFAG18DA,,17.77,本共有部分之項目有騎樓、停車空間等２項。,鋼筋混凝土（ＲＣ）,114年11月17日,五層,,持分移轉
RPVPMLLMKIKGFAG48DA,,61.06,集合住宅,鋼筋混凝土（ＲＣ）,114年11月17日,五層,三層 陽台,全筆移轉
RPTPMLLMKIKGFAG28DA,,57.55,集合住宅,鋼筋混凝土（ＲＣ）,114年11月17日,五層,四層 陽台,全筆移轉
RPVPMLLMKIKGFAG48DA,,14.79,本共有部分之項目有樓梯間１項。,鋼筋混凝土（ＲＣ）,114年11月17日,五層,,持分移轉
RPTPMLLMKIKGFAG28DA,,12.15,本共有部分之項目有樓梯間１項。,鋼筋混凝土（ＲＣ）,114年11月17日,五層,,持分移轉
RPVPMLLMKIKGFAG48DA,,17.77,本共有部分之項目有騎樓、停車空間等２項。,鋼筋混凝土（ＲＣ）,114年11月17日,五層,,持分移轉
RPTPMLLMKIKGFAG28DA,,17.50,本共有部分之項目有騎樓、停車空間等２項。,鋼筋混凝土（ＲＣ）,114年11月17日,五層,,持分移轉
RPXNMLLMKIKGFAG48DA,,61.06,集合住宅,鋼筋混凝土（ＲＣ）,114年11月17日,五層,五層 陽台,全筆移轉
RPXNMLLMKIKGFAG48DA,,14.79,本共有部分之項目有樓梯間１項。,鋼筋混凝土（ＲＣ）,114年11月17日,五層,,持分移轉
RPXNMLLMKIKGFAG48DA,,17.77,本共有部分之項目有騎樓、停車空間等２項。,鋼筋混凝土（ＲＣ）,114年11月17日,五層,,持分移轉
RPUNMLLMKIKGFAG18DA,,57.21,集合住宅,鋼筋混凝土（ＲＣ）,114年11月17日,五層,三層 陽台,全筆移轉
RPTQMLOLKIKGFAG58DA,,54.62,集合住宅,鋼筋混凝土（ＲＣ）,114年10月8日,四層,四層 陽台,全筆移轉
RPTQMLOLKIKGFAG58DA,,39.78,本共有部分之項目有停車空間、電梯、消防設備室、自來水蓄水池、管委會、電信室、車道、陽台、梯間等９項。,鋼筋混凝土（ＲＣ）,114年10月8日,四層,,持分移轉
RPTQMLOLKIKGFAG58DA,,8.83,本共有部分之項目有電梯、樓梯間等２項。,鋼筋混凝土（ＲＣ）,114年10月8日,四層,,持分移轉
RPUNMLLMKIKGFAG18DA,,12.08,本共有部分之項目有樓梯間１項。,鋼筋混凝土（ＲＣ）,114年11月17日,五層,,持分移轉
RPUNMLLMKIKGFAG18DA,,17.43,本共有部分之項目有騎樓、停車空間等２項。,鋼筋混凝土（ＲＣ）,114年11月17日,五層,,持分移轉
RPWNMLLMKIKGFAG38DA,,57.21,集合住宅,鋼筋混凝土（ＲＣ）,114年11月17日,五層,四層 陽台,全筆移轉
RPWNMLLMKIKGFAG38DA,,12.08,本共有部分之項目有樓梯間１項。,鋼筋混凝土（ＲＣ）,114年11月17日,五層,,持分移轉
RPWNMLLMKIKGFAG38DA,,17.43,本共有部分之項目有騎樓、停車空間等２項。,鋼筋混凝土（ＲＣ）,114年11月17日,五層,,持分移轉
RPPNMLRLKIKGFAG18DA,,86.71,集合住宅,鋼筋混凝土（ＲＣ）,114年8月29日,四層,一層 陽台,全筆移轉
RPPNMLRLKIKGFAG18DA,,19.32,本共有部分之項目有管理委員會使用空間、樓梯間、電梯間等３項,鋼筋混凝土（ＲＣ）,114年8月29日,四層,,持分移轉
RPVNMLLMKIKGFAG28DA,,57.55,集合住宅,鋼筋混凝土（ＲＣ）,114年11月17日,五層,五層 陽台,全筆移轉
RPXOMLRLJHLGFBG09DA,,80.22,集合住宅,鋼筋混凝土造,114年10月16日,四層,四層 陽台,全筆移轉
RPXOMLRLJHLGFBG09DA,,42.51,本共有部分之項目有：停車空間、梯間等２項。,鋼筋混凝土造,114年10月16日,四層,,持分移轉
RPVNMLLMKIKGFAG28DA,,12.15,本共有部分之項目有樓梯間１項。,鋼筋混凝土（ＲＣ）,114年11月17日,五層,,持分移轉
RPVNMLLMKIKGFAG28DA,,17.50,本共有部分之項目有騎樓、停車空間等２項。,鋼筋混凝土（ＲＣ）,114年11月17日,五層,,持分移轉
RPXPMLLMKIKGFAG68DA,,57.21,集合住宅,鋼筋混凝土（ＲＣ）,114年11月17日,五層,五層 陽台,全筆移轉
RPXPMLLMKIKGFAG68DA,,12.08,本共有部分之項目有樓梯間１項。,鋼筋混凝土（ＲＣ）,114年11月17日,五層,,持分移轉
RPXPMLLMKIKGFAG68DA,,17.43,本共有部分之項目有騎樓、停車空間等２項。,鋼筋混凝土（ＲＣ）,114年11月17日,五層,,持分移轉
RPOOMLOJKIKGFAG67DA,,71.47,集合住宅,鋼筋混凝土（ＲＣ）,114年9月18日,四層,三層 陽台,全筆移轉
RPOOMLOJKIKGFAG67DA,,37.99,本共有部分之項目有停車空間、樓梯間、電信機房、梯廳、電梯間等５項。,鋼筋混凝土（ＲＣ）,114年9月18日,四層,,持分移轉
RPPRMLOJKHLGFAG08DA,,76.58,集合住宅,鋼筋混凝土（ＲＣ）,114年11月17日,五層,三層 陽台,全筆移轉
RPPRMLOJKHLGFAG08DA,,56.16,本共有部分之項目有管委會使用空間、電信機房、停車空間、集合住宅、樓梯間、機房、水箱等７項,鋼筋混凝土（ＲＣ）,114年11月17日,五層,,持分移轉
RPUNMLRLJHLGFBG68DA,,54.90,集合住宅,鋼筋混凝土造,114年10月16日,四層,三層 陽台,全筆移轉
RPUNMLRLJHLGFBG68DA,,33.46,本共有部分之項目有：停車空間、梯間等２項。,鋼筋混凝土造,114年10月16日,四層,,持分移轉
RPRQMLLLJHLGFBG08DA,,152.74,停車空間、住宅,鋼筋混凝土造,114年8月29日,四層,一層 二層 三層 四層 陽台,全筆移轉
RPPNMLKMJHLGFBG57DA,,79.84,集合住宅,鋼筋混凝土造,114年8月11日,四層,四層 陽台,全筆移轉
RPPNMLKMJHLGFBG57DA,,25.37,本共有部分之項目有：停車空間、管理委員會使用空間、電信室等３項,鋼筋混凝土造,114年8月11日,四層,,持分移轉
RPPNMLKMJHLGFBG57DA,,13.93,本共有部分之項目有：樓梯間等１項,鋼筋混凝土造,114年8月11日,四層,,持分移轉
RPPNMLQLKHLGFAG18EA,,481.95,農舍、樓梯間,鋼筋混凝土造（ＲＣ）,114年12月31日,三層,一層 二層 三層 陽台 見其他登記事項,全筆移轉
RPUOMLPLKHLGFBG68DA,,190.75,住宅、樓梯間,鋼筋混凝土造,114年11月25日,三層,一層 二層 三層 陽台 見其他登記事項,全筆移轉
RPXNMLQKKIKGFBG88DA,,82.73,集合住宅,鋼筋混凝土造,114年8月11日,四層,三層 陽台,全筆移轉
RPXNMLQKKIKGFBG88DA,,26.32,本共有部分之項目有：停車空間、管理委員會使用空間、電信室等３項,鋼筋混凝土造,114年8月11日,四層,,持分移轉
RPXNMLQKKIKGFBG88DA,,16.13,本共有部分之項目有：樓梯間等１項,鋼筋混凝土造,114年8月11日,四層,,持分移轉
RPSPMLPLKHLGFBG58DA,,180.65,住宅、樓梯間,鋼筋混凝土造,114年11月25日,三層,一層 二層 三層 陽台 見其他登記事項,全筆移轉
RPUNMLPJJHLGFAG18DA,,308.70,農舍,鋼筋混凝土造,114年10月9日,三層,一層 二層 三層 陽台,全筆移轉
RPTNMLLMKIKGFAG08DA,,61.06,集合住宅,鋼筋混凝土（ＲＣ）,114年11月17日,五層,四層 陽台,全筆移轉
RPTNMLLMKIKGFAG08DA,,14.79,本共有部分之項目有樓梯間１項。,鋼筋混凝土（ＲＣ）,114年11月17日,五層,,持分移轉
RPTNMLLMKIKGFAG08DA,,17.77,本共有部分之項目有騎樓、停車空間等２項。,鋼筋混凝土（ＲＣ）,114年11月17日,五層,,持分移轉
RPTOMLLMKIKGFAG18DA,,84.50,集合住宅,鋼筋混凝土（ＲＣ）,114年11月17日,五層,二層 陽台,全筆移轉
RPTOMLLMKIKGFAG18DA,,17.86,本共有部分之項目有樓梯間１項。,鋼筋混凝土（ＲＣ）,114年11月17日,五層,,持分移轉
RPTOMLLMKIKGFAG18DA,,20.24,本共有部分之項目有騎樓、停車空間等２項。,鋼筋混凝土（ＲＣ）,114年11月17日,五層,,持分移轉
RPQPMLLMKIKGFAG97DA,,61.06,集合住宅,鋼筋混凝土（ＲＣ）,114年11月17日,五層,五層 陽台,全筆移轉
RPQPMLLMKIKGFAG97DA,,14.79,本共有部分之項目有樓梯間１項。,鋼筋混凝土（ＲＣ）,114年11月17日,五層,,持分移轉
RPQPMLLMKIKGFAG97DA,,17.77,本共有部分之項目有騎樓、停車空間等２項。,鋼筋混凝土（ＲＣ）,114年11月17日,五層,,持分移轉
RPRPMLLMKIKGFAG08DA,,84.60,集合住宅,鋼筋混凝土（ＲＣ）,114年11月17日,五層,四層 陽台,全筆移轉
RPUPMLLMKIKGFAG38DA,,84.60,集合住宅,鋼筋混凝土（ＲＣ）,114年11月17日,五層,五層 陽台,全筆移轉
RPUPMLLMKIKGFAG38DA,,17.86,本共有部分之項目有樓梯間１項。,鋼筋混凝土（ＲＣ）,114年11月17日,五層,,持分移轉
RPRPMLLMKIKGFAG08DA,,17.86,本共有部分之項目有樓梯間１項。,鋼筋混凝土（ＲＣ）,114年11月17日,五層,,持分移轉
RPUPMLLMKIKGFAG38DA,,20.24,本共有部分之項目有騎樓、停車空間等２項。,鋼筋混凝土（ＲＣ）,114年11月17日,五層,,持分移轉
RPRPMLLMKIKGFAG08DA,,20.24,本共有部分之項目有騎樓、停車空間等２項。,鋼筋混凝土（ＲＣ）,114年11月17日,五層,,持分移轉
RPQNMLSLJHLGFBG38DA,,300.48,農舍、樓梯間,鋼筋混凝土造,114年11月14日,三層,一層 二層 三層 陽台 見其他登記事項,全筆移轉
RPTNMLMJJHLGFAG77DA,,84.60,集合住宅,鋼筋混凝土（ＲＣ）,114年11月17日,五層,三層 陽台,全筆移轉
RPTNMLMJJHLGFAG77DA,,17.86,本共有部分之項目有樓梯間１項。,鋼筋混凝土（ＲＣ）,114年11月17日,五層,,持分移轉
RPTNMLMJJHLGFAG77DA,,20.24,本共有部分之項目有騎樓、停車空間等２項。,鋼筋混凝土（ＲＣ）,114年11月17日,五層,,持分移轉
RPSNMLLLJHLGFBG87DA,,198.66,住家用,鋼筋混凝土造,114年11月13日,三層,一層 二層 三層 陽台,全筆移轉
RPROMLLJKIKGFAG67DA,,57.47,集合住宅,鋼筋混凝土（ＲＣ）,114年6月25日,四層,二層 陽台,全筆移轉
RPROMLLJKIKGFAG67DA,,27.32,本共有部分之項目有停車空間。,鋼筋混凝土（ＲＣ）,114年6月25日,四層,,持分移轉
RPROMLLJKIKGFAG67DA,,19.27,本共有部分之項目有梯廳、電梯、安全梯等３項。,鋼筋混凝土（ＲＣ）,114年6月25日,四層,,持分移轉
RPPPMLQLJHLGFBG28DA,,54.90,集合住宅,鋼筋混凝土造,114年10月16日,四層,二層 陽台,全筆移轉
RPPPMLQLJHLGFBG28DA,,33.46,本共有部分之項目有：停車空間、梯間等２項。,鋼筋混凝土造,114年10月16日,四層,,持分移轉
RPOOMLNLKIKGFAG77DA,,69.17,集合住宅,鋼筋混凝土（ＲＣ）,114年10月8日,四層,四層 陽台,全筆移轉
RPTRMLLLJHLGFBG38DA,,152.74,停車空間、住宅,鋼筋混凝土造,114年8月29日,四層,一層 二層 三層 四層 陽台,全筆移轉
RPOOMLNLKIKGFAG77DA,,45.30,本共有部分之項目有停車空間、電梯、消防設備室、自來水蓄水池、管委會、電信室、車道、陽台、梯間等９項。,鋼筋混凝土（ＲＣ）,114年10月8日,四層,,持分移轉
RPOOMLNLKIKGFAG77DA,,9.79,本共有部分之項目有電梯、樓梯間等２項。,鋼筋混凝土（ＲＣ）,114年10月8日,四層,,持分移轉
RPXNMLQKJHLGFAG68DA,,259.51,農舍,鋼筋混凝土（ＲＣ）,114年11月5日,三層,一層 二層 三層,全筆移轉
RPSNMLRLJHLGFBG48DA,,68.24,集合住宅,鋼筋混凝土造,114年10月16日,四層,三層 陽台,全筆移轉
RPSNMLRLJHLGFBG48DA,,38.04,本共有部分之項目有：停車空間、梯間等２項。,鋼筋混凝土造,114年10月16日,四層,,持分移轉
RPURMLSLJIKGFBG56DA,,77.52,集合住宅,鋼筋混凝土造,114年9月22日,五層,五層 陽台,全筆移轉
RPURMLSLJIKGFBG56DA,,19.38,本共有部分之項目有:停車空間等１項,鋼筋混凝土造,114年9月22日,五層,,持分移轉
RPURMLSLJIKGFBG56DA,,22.42,本共有部分之項目有：樓梯間等１項,鋼筋混凝土造,114年9月22日,五層,,持分移轉
RPQNMLRLJHLGFBG28DA,,61.70,集合住宅,鋼筋混凝土造,114年10月16日,四層,三層 陽台,全筆移轉
RPQNMLRLJHLGFBG28DA,,36.01,本共有部分之項目有：停車空間、梯間等２項。,鋼筋混凝土造,114年10月16日,四層,,持分移轉
RPTNMLKKKHLGFBG87DA,,227.85,住宅、樓梯間,鋼筋混凝土造,114年11月13日,三層,一層 二層 三層 陽台 見其他登記事項,全筆移轉
RPSNMLLKKHLGFBG87DA,,192.81,住家用,鋼筋混凝土造,114年11月13日,三層,一層 二層 三層 陽台,全筆移轉
RPQNMLOLKIKGFAG97DA,,57.30,集合住宅,鋼筋混凝土（ＲＣ）,114年10月8日,四層,三層 陽台,全筆移轉
RPQNMLOLKIKGFAG97DA,,19.42,本共有部分之項目有停車空間、電梯、消防設備室、自來水蓄水池、管委會、電信室、車道、陽台、梯間等９項。,鋼筋混凝土（ＲＣ）,114年10月8日,四層,,持分移轉
RPQNMLOLKIKGFAG97DA,,8.14,本共有部分之項目有電梯、樓梯間等２項。,鋼筋混凝土（ＲＣ）,114年10月8日,四層,,持分移轉
RPUOMLPLKHLGFAG58DA,,461.76,農舍、梯間,鋼筋混凝土（ＲＣ）,114年12月10日,三層,一層 二層 三層 陽台 見其他登記事項,全筆移轉
RPTQMLLLJHLGFBG28DA,,152.74,停車空間、住宅,鋼筋混凝土造,114年8月29日,四層,一層 二層 三層 四層 陽台,全筆移轉
RPXNMLKKKIKGFBG28DA,,184.86,住家用,鋼筋混凝土造,114年7月14日,三層,一層 二層 三層 陽台,全筆移轉
RPXQMLSLJIKGFBG76DA,,77.44,集合住宅,鋼筋混凝土造,114年9月22日,五層,二層 陽台,全筆移轉
RPUQMLLLJHLGFBG38DA,,155.05,停車空間、住宅,鋼筋混凝土造,114年8月29日,四層,一層 二層 三層 四層 陽台,全筆移轉
RPXQMLSLJIKGFBG76DA,,19.36,本共有部分之項目有:停車空間等１項,鋼筋混凝土造,114年9月22日,五層,,持分移轉
RPTNMLKKKIKGFBG87DA,,184.86,住家用,鋼筋混凝土造,114年7月14日,三層,一層 二層 三層 陽台,全筆移轉
RPXQMLSLJIKGFBG76DA,,22.39,本共有部分之項目有：樓梯間等１項,鋼筋混凝土造,114年9月22日,五層,,持分移轉
RPWNMLQKKIKGFBG78DA,,79.84,集合住宅,鋼筋混凝土造,114年8月11日,四層,二層 陽台,全筆移轉
RPWNMLQKKIKGFBG78DA,,25.37,本共有部分之項目有：停車空間、管理委員會使用空間、電信室等３項,鋼筋混凝土造,114年8月11日,四層,,持分移轉
RPWNMLQKKIKGFBG78DA,,13.93,本共有部分之項目有：樓梯間等１項,鋼筋混凝土造,114年8月11日,四層,,持分移轉
RPUNMLNJKIKGFAG08DA,,71.47,集合住宅,鋼筋混凝土（ＲＣ）,114年9月18日,四層,四層 陽台,全筆移轉
RPUNMLNJKIKGFAG08DA,,37.99,本共有部分之項目有停車空間、樓梯間、電信機房、梯廳、電梯間等５項。,鋼筋混凝土（ＲＣ）,114年9月18日,四層,,持分移轉
RPUNMLKKKIKGFBG97DA,,184.86,住家用,鋼筋混凝土造,114年7月14日,三層,一層 二層 三層 陽台,全筆移轉
RPWNMLKKKIKGFBG18DA,,187.59,住家用,鋼筋混凝土造,114年7月14日,三層,一層 二層 三層 陽台,全筆移轉
RPOOMLKLJIKGFAG37DA,,71.47,集合住宅,鋼筋混凝土（ＲＣ）,114年9月18日,四層,二層 陽台,全筆移轉
RPOOMLKLJIKGFAG37DA,,37.99,本共有部分之項目有停車空間、樓梯間、電信機房、梯廳、電梯間等５項。,鋼筋混凝土（ＲＣ）,114年9月18日,四層,,持分移轉
RPROMLOJKIKGFAG97DA,,57.33,集合住宅,鋼筋混凝土（ＲＣ）,114年9月18日,四層,三層 陽台,全筆移轉
RPROMLOJKIKGFAG97DA,,33.18,本共有部分之項目有停車空間、樓梯間、電信機房、梯廳、電梯間等５項。,鋼筋混凝土（ＲＣ）,114年9月18日,四層,,持分移轉
RPWNMLRJJHLGFAG58DA,,539.90,農舍、樓梯間,鋼筋混凝土造,114年11月13日,三層,一層 二層 三層 陽台 屋頂突出物,全筆移轉
RPRNMLLLJHLGFBG77DA,,192.84,住家用,鋼筋混凝土造,114年11月13日,三層,一層 二層 三層 陽台,全筆移轉
RPVNMLQKKIKGFBG68DA,,79.84,集合住宅,鋼筋混凝土造,114年8月11日,四層,四層 陽台,全筆移轉
RPVNMLQKKIKGFBG68DA,,25.37,本共有部分之項目有：停車空間、管理委員會使用空間、電信室等３項,鋼筋混凝土造,114年8月11日,四層,,持分移轉
RPVNMLQKKIKGFBG68DA,,15.56,本共有部分之項目有：樓梯間等１項,鋼筋混凝土造,114年8月11日,四層,,持分移轉
RPSRMLLLJHLGFBG28DA,,152.74,停車空間、住宅,鋼筋混凝土造,114年8月29日,四層,一層 二層 三層 四層 陽台,全筆移轉
RPSQMLLLJHLGFBG18DA,,152.74,停車空間、住宅,鋼筋混凝土造,114年8月29日,四層,一層 二層 三層 四層 陽台,全筆移轉
RPQNMLOKJIKGFAG77DA,,200.93,停車空間、住宅,鋼筋混凝土（ＲＣ）,114年9月30日,四層,一層 二層 三層 四層 陽台,全筆移轉
RPVOMLLLJHLGFBG28DA,,152.74,停車空間、住宅,鋼筋混凝土造,114年8月28日,四層,一層 二層 三層 四層 陽台,全筆移轉
RPOPMLRLJHLGFBG28DA,,68.24,集合住宅,鋼筋混凝土造,114年10月16日,四層,二層 陽台,全筆移轉
RPPRMLLLJHLGFBG97DA,,152.74,停車空間、住宅,鋼筋混凝土造,114年8月29日,四層,一層 二層 三層 四層 陽台,全筆移轉
RPVPMLLLJHLGFBG38DA,,179.52,停車空間、住宅,鋼筋混凝土造,114年8月29日,四層,一層 二層 三層 四層 陽台,全筆移轉
RPOPMLRLJHLGFBG28DA,,38.04,本共有部分之項目有：停車空間、梯間等２項。,鋼筋混凝土造,114年10月16日,四層,,持分移轉
RPVOMLRLJHLGFBG88DA,,181.23,住宅、梯間,鋼筋混凝土造,114年10月16日,三層,一層 二層 三層 陽台 見其他登記事項,全筆移轉
RPTNMLPJKHLGFBG28DA,,345.78,農舍,鋼筋混凝土造,114年12月10日,三層,一層 二層 三層 陽台,全筆移轉
RPWOMLRLJHLGFBG98DA,,178.81,住宅、梯間,鋼筋混凝土造,114年10月16日,三層,一層 二層 三層 陽台 見其他登記事項,全筆移轉
RPPNMLKKKHLGFBG47DA,,258.13,住宅、樓梯間,鋼筋混凝土造,114年11月13日,三層,一層 二層 三層 陽台 見其他登記事項,全筆移轉
RPQNMLKKKHLGFBG57DA,,224.10,住宅、樓梯間,鋼筋混凝土造,114年11月13日,三層,一層 二層 三層 陽台 見其他登記事項,全筆移轉
RPRNMLKKKHLGFBG67DA,,224.10,住宅、樓梯間,鋼筋混凝土造,114年11月13日,三層,一層 二層 三層 陽台 見其他登記事項,全筆移轉
RPOOMLPLKHLGFAG97DA,,129.18,集合住宅,鋼筋混凝土（ＲＣ）,114年11月3日,四層,三層 陽台,全筆移轉
RPSNMLKKKHLGFBG77DA,,224.10,住宅、樓梯間,鋼筋混凝土造,114年11月13日,三層,一層 二層 三層 陽台 見其他登記事項,全筆移轉
RPOOMLPLKHLGFAG97DA,,33.43,本共有部分之項目有停車空間１項。,鋼筋混凝土（ＲＣ）,114年11月3日,四層,,持分移轉
RPOOMLPLKHLGFAG97DA,,26.66,本共有部分之項目有樓梯間１項。,鋼筋混凝土（ＲＣ）,114年11月3日,四層,,持分移轉
RPPOMLPLKHLGFAG08DA,,65.14,集合住宅,鋼筋混凝土（ＲＣ）,114年11月3日,四層,三層 陽台,全筆移轉
RPPOMLPLKHLGFAG08DA,,8.73,本共有部分之項目有停車空間１項。,鋼筋混凝土（ＲＣ）,114年11月3日,四層,,持分移轉
RPTOMLTJJHLGFAG58DA,,60.46,集合住宅,鋼筋混凝土（ＲＣ）,114年11月17日,五層,二層 陽台,全筆移轉
RPPOMLPLKHLGFAG08DA,,14.65,本共有部分之項目有樓梯間１項。,鋼筋混凝土（ＲＣ）,114年11月3日,四層,,持分移轉
RPTOMLTJJHLGFAG58DA,,14.79,本共有部分之項目有樓梯間１項。,鋼筋混凝土（ＲＣ）,114年11月17日,五層,,持分移轉
RPTOMLTJJHLGFAG58DA,,17.77,本共有部分之項目有騎樓、停車空間等２項。,鋼筋混凝土（ＲＣ）,114年11月17日,五層,,持分移轉
RPQOMLPLKHLGFAG18DA,,54.92,集合住宅,鋼筋混凝土（ＲＣ）,114年11月3日,四層,一層,全筆移轉
RPQOMLPLKHLGFAG18DA,,6.95,本共有部分之項目有停車空間１項。,鋼筋混凝土（ＲＣ）,114年11月3日,四層,,持分移轉
RPQOMLPLKHLGFAG18DA,,12.35,本共有部分之項目有樓梯間１項。,鋼筋混凝土（ＲＣ）,114年11月3日,四層,,持分移轉
RPRNMLLKKHLGFBG77DA,,221.64,住宅、樓梯間,鋼筋混凝土造,114年11月13日,三層,一層 二層 三層 陽台 見其他登記事項,全筆移轉
RPPOMLKLJIKGFAG47DA,,90.50,集合住宅,鋼筋混凝土（ＲＣ）,114年9月18日,四層,二層 陽台,全筆移轉
RPQRMLSLJIKGFBG78DA,,77.44,集合住宅,鋼筋混凝土造,114年9月22日,五層,五層 陽台,全筆移轉
RPQRMLSLJIKGFBG78DA,,19.36,本共有部分之項目有:停車空間等１項,鋼筋混凝土造,114年9月22日,五層,,持分移轉
RPPOMLKLJIKGFAG47DA,,44.47,本共有部分之項目有停車空間、樓梯間、電信機房、梯廳、電梯間等５項。,鋼筋混凝土（ＲＣ）,114年9月18日,四層,,持分移轉
RPQRMLSLJIKGFBG78DA,,22.39,本共有部分之項目有：樓梯間等１項,鋼筋混凝土造,114年9月22日,五層,,持分移轉
RPWNMLSKJIKGFAG78DA,,57.93,集合住宅,鋼筋混凝土（ＲＣ）,114年6月25日,四層,二層 陽台,全筆移轉
RPWNMLSKJIKGFAG78DA,,27.39,本共有部分之項目有停車空間。,鋼筋混凝土（ＲＣ）,114年6月25日,四層,,持分移轉
RPWNMLSKJIKGFAG78DA,,19.42,本共有部分之項目有梯廳、電梯、安全梯等３項。,鋼筋混凝土（ＲＣ）,114年6月25日,四層,,持分移轉
RPXOMLOJKIKGFAG58DA,,63.79,集合住宅,鋼筋混凝土（ＲＣ）,114年9月18日,四層,四層 陽台,全筆移轉
RPXOMLOJKIKGFAG58DA,,35.77,本共有部分之項目有停車空間、樓梯間、電信機房、梯廳、電梯間等５項。,鋼筋混凝土（ＲＣ）,114年9月18日,四層,,持分移轉
RPSOMLLLJHLGFBG97DA,,152.74,停車空間、住宅,鋼筋混凝土造,114年8月28日,四層,一層 二層 三層 四層 陽台,全筆移轉
RPVNMLNJKIKGFAG18DA,,90.50,集合住宅,鋼筋混凝土（ＲＣ）,114年9月18日,四層,四層 陽台,全筆移轉
RPPNMLOJKIKGFAG67DA,,57.33,集合住宅,鋼筋混凝土（ＲＣ）,114年9月18日,四層,四層 陽台,全筆移轉
RPVNMLNJKIKGFAG18DA,,44.47,本共有部分之項目有停車空間、樓梯間、電信機房、梯廳、電梯間等５項。,鋼筋混凝土（ＲＣ）,114年9月18日,四層,,持分移轉
RPPNMLOJKIKGFAG67DA,,33.18,本共有部分之項目有停車空間、樓梯間、電信機房、梯廳、電梯間等５項。,鋼筋混凝土（ＲＣ）,114年9月18日,四層,,持分移轉
RPSNMLKKKIKGFAG67DA,,481.85,農舍,鋼筋混凝土造,114年10月8日,三層,一層 二層 三層 陽台 見其他登記事項,全筆移轉
RPTOMLLLJHLGFBG08DA,,152.74,停車空間、住宅,鋼筋混凝土造,114年8月28日,四層,一層 二層 三層 四層 陽台,全筆移轉
RPWNMLKLJIKGFAG08DA,,63.79,集合住宅,鋼筋混凝土（ＲＣ）,114年9月18日,四層,二層 陽台,全筆移轉
RPWNMLKLJIKGFAG08DA,,35.78,本共有部分之項目有停車空間、樓梯間、電信機房、梯廳、電梯間等５項。,鋼筋混凝土（ＲＣ）,114年9月18日,四層,,持分移轉
RPQOMLNLKIKGFAG97DA,,54.85,集合住宅,鋼筋混凝土（ＲＣ）,114年10月8日,四層,一層 陽台,全筆移轉
RPQOMLNLKIKGFAG97DA,,18.56,本共有部分之項目有停車空間、電梯、消防設備室、自來水蓄水池、管委會、電信室、車道、陽台、梯間等９項。,鋼筋混凝土（ＲＣ）,114年10月8日,四層,,持分移轉
RPQOMLNLKIKGFAG97DA,,7.79,本共有部分之項目有電梯、樓梯間等２項。,鋼筋混凝土（ＲＣ）,114年10月8日,四層,,持分移轉
RPSNMLOLKIKGFAG18DA,,51.34,集合住宅,鋼筋混凝土（ＲＣ）,114年10月8日,四層,四層 陽台,全筆移轉
RPSNMLOLKIKGFAG18DA,,42.54,本共有部分之項目有停車空間、電梯、消防設備室、自來水蓄水池、管委會、電信室、車道、陽台、梯間等９項。,鋼筋混凝土（ＲＣ）,114年10月8日,四層,,持分移轉
RPSNMLOLKIKGFAG18DA,,7.36,本共有部分之項目有電梯、樓梯間等２項。,鋼筋混凝土（ＲＣ）,114年10月8日,四層,,持分移轉
RPWNMLNLKIKGFAG48DA,,69.65,集合住宅,鋼筋混凝土（ＲＣ）,114年10月8日,四層,三層 陽台,全筆移轉
RPWNMLNLKIKGFAG48DA,,48.45,本共有部分之項目有停車空間、電梯、消防設備室、自來水蓄水池、管委會、電信室、車道、陽台、梯間等９項。,鋼筋混凝土（ＲＣ）,114年10月8日,四層,,持分移轉
RPWNMLNLKIKGFAG48DA,,9.86,本共有部分之項目有電梯、樓梯間等２項。,鋼筋混凝土（ＲＣ）,114年10月8日,四層,,持分移轉
RPPNMLLMKIKGFBG77DA,,79.84,集合住宅,鋼筋混凝土造,114年8月11日,四層,二層 陽台,全筆移轉
RPPNMLLMKIKGFBG77DA,,25.37,本共有部分之項目有：停車空間、管理委員會使用空間、電信室等３項,鋼筋混凝土造,114年8月11日,四層,,持分移轉
RPPNMLLMKIKGFBG77DA,,15.47,本共有部分之項目有：樓梯間等１項,鋼筋混凝土造,114年8月11日,四層,,持分移轉
RPTNMLNJKIKGFAG97DA,,39.96,集合住宅,鋼筋混凝土（ＲＣ）,114年9月18日,四層,四層 陽台,全筆移轉
RPSOMLOJKIKGFAG08DA,,58.89,集合住宅,鋼筋混凝土（ＲＣ）,114年9月18日,四層,三層 陽台,全筆移轉
RPSOMLOJKIKGFAG08DA,,33.80,本共有部分之項目有停車空間、樓梯間、電信機房、梯廳、電梯間等５項。,鋼筋混凝土（ＲＣ）,114年9月18日,四層,,持分移轉
RPTNMLNJKIKGFAG97DA,,13.61,本共有部分之項目有停車空間、樓梯間、電信機房、梯廳、電梯間等５項。,鋼筋混凝土（ＲＣ）,114年9月18日,四層,,持分移轉
RPUPMLOLKIKGFAG58DA,,91.84,集合住宅,鋼筋混凝土（ＲＣ）,114年10月8日,四層,四層 陽台,全筆移轉
RPUPMLOLKIKGFAG58DA,,58.44,本共有部分之項目有停車空間、電梯、消防設備室、自來水蓄水池、管委會、電信室、車道、陽台、梯間等９項。,鋼筋混凝土（ＲＣ）,114年10月8日,四層,,持分移轉
RPUPMLOLKIKGFAG58DA,,10.07,本共有部分之項目有電梯、樓梯間等２項。,鋼筋混凝土（ＲＣ）,114年10月8日,四層,,持分移轉
RPWNMLOLKIKGFAG58DA,,72.32,集合住宅,鋼筋混凝土（ＲＣ）,114年10月8日,四層,二層 陽台,全筆移轉
RPWNMLOLKIKGFAG58DA,,51.59,本共有部分之項目有停車空間、電梯、消防設備室、自來水蓄水池、管委會、電信室、車道、陽台、梯間等９項。,鋼筋混凝土（ＲＣ）,114年10月8日,四層,,持分移轉
RPWNMLOLKIKGFAG58DA,,7.93,本共有部分之項目有電梯、樓梯間等２項。,鋼筋混凝土（ＲＣ）,114年10月8日,四層,,持分移轉
RPSNMLOJKIKGFAG97DA,,57.33,集合住宅,鋼筋混凝土（ＲＣ）,114年9月18日,四層,二層 陽台,全筆移轉
RPSNMLOJKIKGFAG97DA,,33.18,本共有部分之項目有停車空間、樓梯間、電信機房、梯廳、電梯間等５項。,鋼筋混凝土（ＲＣ）,114年9月18日,四層,,持分移轉
RPQOMLOJKIKGFAG87DA,,90.50,集合住宅,鋼筋混凝土（ＲＣ）,114年9月18日,四層,三層 陽台,全筆移轉
RPQOMLOJKIKGFAG87DA,,44.47,本共有部分之項目有停車空間、樓梯間、電信機房、梯廳、電梯間等５項。,鋼筋混凝土（ＲＣ）,114年9月18日,四層,,持分移轉
RPPPMLQJJHLGFAG97DA,,160.89,住家用,鋼筋混凝土（ＲＣ）,114年8月11日,四層,一層 二層 三層 四層 陽台,全筆移轉
RPRNMLLKJHLGFAG57DA,,149.07,住家用,鋼筋混凝土（ＲＣ）,114年10月31日,三層,一層 二層 三層 陽台,全筆移轉
RPSOMLQJJHLGFAG18DA,,206.30,騎樓、住宅,鋼筋混凝土（ＲＣ）,114年8月11日,四層,一層 二層 三層 四層 陽台 騎樓,全筆移轉
RPOOMLLLJHLGFBG57DA,,152.74,停車空間、住宅,鋼筋混凝土造,114年8月28日,四層,一層 二層 三層 四層 陽台,全筆移轉
RPUNMLLLJHLGFBG08DA,,179.52,停車空間、住宅,鋼筋混凝土造,114年8月28日,四層,一層 二層 三層 四層 陽台,全筆移轉
RPORMLLLJHLGFBG87DA,,152.74,停車空間、住宅,鋼筋混凝土造,114年8月29日,四層,一層 二層 三層 四層 陽台,全筆移轉
RPUNMLOJKIKGFAG18DA,,58.89,集合住宅,鋼筋混凝土（ＲＣ）,114年9月18日,四層,二層 陽台,全筆移轉
RPUNMLOJKIKGFAG18DA,,33.80,本共有部分之項目有停車空間、樓梯間、電信機房、梯廳、電梯間等５項。,鋼筋混凝土（ＲＣ）,114年9月18日,四層,,持分移轉
RPQPMLOLKIKGFAG18DA,,92.03,集合住宅,鋼筋混凝土（ＲＣ）,114年10月8日,四層,二層 陽台,全筆移轉
RPQPMLOLKIKGFAG18DA,,58.53,本共有部分之項目有停車空間、電梯、消防設備室、自來水蓄水池、管委會、電信室、車道、陽台、梯間等９項。,鋼筋混凝土（ＲＣ）,114年10月8日,四層,,持分移轉
RPQPMLOLKIKGFAG18DA,,10.07,本共有部分之項目有電梯、樓梯間等２項。,鋼筋混凝土（ＲＣ）,114年10月8日,四層,,持分移轉
RPPNMLNJLHLGFAG77EA,,262.31,農舍、樓梯間,鋼筋混凝土造,114年12月31日,三層,一層 二層 三層 陽台 見其他登記事項,全筆移轉
RPSPMLOLKIKGFAG38DA,,93.73,集合住宅,鋼筋混凝土（ＲＣ）,114年10月8日,四層,三層 陽台,全筆移轉
RPSPMLOLKIKGFAG38DA,,59.30,本共有部分之項目有停車空間、電梯、消防設備室、自來水蓄水池、管委會、電信室、車道、陽台、梯間等９項。,鋼筋混凝土（ＲＣ）,114年10月8日,四層,,持分移轉
RPSPMLOLKIKGFAG38DA,,10.29,本共有部分之項目有電梯、樓梯間等２項。,鋼筋混凝土（ＲＣ）,114年10月8日,四層,,持分移轉
RPRQMLOLKIKGFAG38DA,,59.27,集合住宅,鋼筋混凝土（ＲＣ）,114年10月8日,四層,三層 陽台,全筆移轉
RPRQMLOLKIKGFAG38DA,,19.13,本共有部分之項目有停車空間、電梯、消防設備室、自來水蓄水池、管委會、電信室、車道、陽台、梯間等９項。,鋼筋混凝土（ＲＣ）,114年10月8日,四層,,持分移轉
RPRQMLOLKIKGFAG38DA,,9.57,本共有部分之項目有電梯、樓梯間等２項。,鋼筋混凝土（ＲＣ）,114年10月8日,四層,,持分移轉
RPUNMLNLKIKGFAG28DA,,74.71,集合住宅,鋼筋混凝土（ＲＣ）,114年10月8日,四層,二層 陽台,全筆移轉
RPUNMLNLKIKGFAG28DA,,50.16,本共有部分之項目有停車空間、電梯、消防設備室、自來水蓄水池、管委會、電信室、車道、陽台、梯間等９項。,鋼筋混凝土（ＲＣ）,114年10月8日,四層,,持分移轉
RPUNMLNLKIKGFAG28DA,,10.72,本共有部分之項目有電梯、樓梯間等２項。,鋼筋混凝土（ＲＣ）,114年10月8日,四層,,持分移轉
RPSOMLNLKIKGFAG18DA,,51.34,集合住宅,鋼筋混凝土（ＲＣ）,114年10月8日,四層,二層 陽台,全筆移轉
RPSOMLNLKIKGFAG18DA,,42.54,本共有部分之項目有停車空間、電梯、消防設備室、自來水蓄水池、管委會、電信室、車道、陽台、梯間等９項。,鋼筋混凝土（ＲＣ）,114年10月8日,四層,,持分移轉
RPSOMLNLKIKGFAG18DA,,7.36,本共有部分之項目有電梯、樓梯間等２項。,鋼筋混凝土（ＲＣ）,114年10月8日,四層,,持分移轉
RPOQMLOLKIKGFAG08DA,,96.00,集合住宅,鋼筋混凝土（ＲＣ）,114年10月8日,四層,四層 陽台,全筆移轉
RPOQMLOLKIKGFAG08DA,,55.77,本共有部分之項目有停車空間、電梯、消防設備室、自來水蓄水池、管委會、電信室、車道、陽台、梯間等９項。,鋼筋混凝土（ＲＣ）,114年10月8日,四層,,持分移轉
RPOQMLOLKIKGFAG08DA,,15.53,本共有部分之項目有電梯、樓梯間等２項。,鋼筋混凝土（ＲＣ）,114年10月8日,四層,,持分移轉
RPQNMLMKJHLGFAG57DA,,205.03,住家用,鋼筋混凝土（ＲＣ）,114年10月31日,三層,一層 二層 三層 陽台,全筆移轉
RPVOMLQJJHLGFAG48DA,,160.89,住家用,鋼筋混凝土（ＲＣ）,114年8月11日,四層,一層 二層 三層 四層 陽台,全筆移轉
RPSNMLNLKIKGFAG08DA,,73.47,集合住宅,鋼筋混凝土（ＲＣ）,114年10月8日,四層,一層 陽台,全筆移轉
RPSNMLNLKIKGFAG08DA,,49.68,本共有部分之項目有停車空間、電梯、消防設備室、自來水蓄水池、管委會、電信室、車道、陽台、梯間等９項。,鋼筋混凝土（ＲＣ）,114年10月8日,四層,,持分移轉
RPSNMLNLKIKGFAG08DA,,10.43,本共有部分之項目有電梯、樓梯間等２項。,鋼筋混凝土（ＲＣ）,114年10月8日,四層,,持分移轉
RPPOMLNJKIKGFBG77DA,,167.93,騎樓、住宅、樓梯間,鋼筋混凝土造,114年8月29日,三層,一層 二層 三層 陽台 騎樓 見其他登記事項,全筆移轉
RPRNMLSLJHLGFAG38DA,,145.54,住家用,鋼筋混凝土（ＲＣ）,114年10月31日,三層,一層 二層 三層 陽台,全筆移轉
RPUNMLLKJHLGFAG87DA,,150.11,住家用,鋼筋混凝土（ＲＣ）,114年10月31日,三層,一層 二層 三層 陽台,全筆移轉
RPQQMLTJJHLGFAG48DA,,149.07,住家用,鋼筋混凝土（ＲＣ）,114年10月31日,三層,一層 二層 三層 陽台,全筆移轉
RPXRMLTJJHLGFAG66DA,,146.76,住家用,鋼筋混凝土（ＲＣ）,114年10月31日,三層,一層 二層 三層 陽台,全筆移轉
RPURMLTJJHLGFAG98DA,,141.46,住家用,鋼筋混凝土（ＲＣ）,114年10月31日,三層,一層 二層 三層 陽台,全筆移轉
RPSRMLTJJHLGFAG78DA,,149.07,住家用,鋼筋混凝土（ＲＣ）,114年10月31日,三層,一層 二層 三層 陽台,全筆移轉
RPTRMLTJJHLGFAG88DA,,145.54,住家用,鋼筋混凝土（ＲＣ）,114年10月31日,三層,一層 二層 三層 陽台,全筆移轉
RPPOMLTKJHLGFAG28DA,,151.80,住家用,鋼筋混凝土（ＲＣ）,114年10月31日,三層,一層 二層 三層 陽台,全筆移轉
RPOOMLMJKIKGFBG57DA,,167.93,騎樓、住宅、樓梯間,鋼筋混凝土造,114年8月28日,三層,一層 二層 三層 陽台 騎樓 見其他登記事項,全筆移轉
RPXNMLMJKIKGFBG38DA,,167.93,騎樓、住宅、樓梯間,鋼筋混凝土造,114年8月28日,三層,一層 二層 三層 陽台 騎樓 見其他登記事項,全筆移轉
RPQOMLLLJHLGFBG77DA,,155.04,停車空間、住宅,鋼筋混凝土造,114年8月28日,四層,一層 二層 三層 四層 陽台,全筆移轉
RPXOMLLLJHLGFBG48DA,,152.74,停車空間、住宅,鋼筋混凝土造,114年8月28日,四層,一層 二層 三層 四層 陽台,全筆移轉
RPQQMLLLJHLGFBG97DA,,179.52,停車空間、住宅,鋼筋混凝土造,114年8月29日,四層,一層 二層 三層 四層 陽台,全筆移轉
RPPOMLSLJHLGFAG28DA,,146.76,住家用,鋼筋混凝土（ＲＣ）,114年10月31日,三層,一層 二層 三層 陽台,全筆移轉
RPRNMLRLJHLGFAG28DA,,172.73,住家用,鋼筋混凝土（ＲＣ）,114年8月11日,四層,一層 二層 三層 四層 陽台,全筆移轉
RPOQMLLLJHLGFBG77DA,,179.52,停車空間、住宅,鋼筋混凝土造,114年8月29日,四層,一層 二層 三層 四層 陽台,全筆移轉
RPXQMLLLJHLGFBG68DA,,152.74,停車空間、住宅,鋼筋混凝土造,114年8月29日,四層,一層 二層 三層 四層 陽台,全筆移轉
RPOOMLTKJHLGFAG18DA,,145.09,住家用,鋼筋混凝土（ＲＣ）,114年10月31日,三層,一層 二層 三層 陽台,全筆移轉
RPWOMLSLJHLGFAG98DA,,146.25,住家用,鋼筋混凝土（ＲＣ）,114年10月31日,三層,一層 二層 三層 陽台,全筆移轉
RPXOMLLKKHLGFBG48DA,,139.72,住家用,鋼筋混凝土造,114年12月3日,三層,一層 二層 三層 陽台,全筆移轉
RPSNMLSLJHLGFAG48DA,,149.07,住家用,鋼筋混凝土（ＲＣ）,114年10月31日,三層,一層 二層 三層 陽台,全筆移轉
RPSNMLMJLHLGFBG97DA,,152.74,停車空間、住宅,鋼筋混凝土造,114年8月28日,四層,一層 二層 三層 四層 陽台,全筆移轉
RPOOMLMJLHLGFAG57DA,,138.60,住宅、樓梯間,鋼筋混凝土造,114年10月23日,三層,一層 二層 三層 陽台 見其他登記事項,全筆移轉
RPUOMLLLJHLGFBG18DA,,152.74,停車空間、住宅,鋼筋混凝土造,114年8月28日,四層,一層 二層 三層 四層 陽台,全筆移轉
RPPOMLMJLHLGFAG67DA,,143.94,住宅、樓梯間,鋼筋混凝土造,114年10月23日,三層,一層 二層 三層 陽台 見其他登記事項,全筆移轉
RPSOMLMJLHLGFAG97DA,,151.92,住宅、樓梯間,鋼筋混凝土造,114年10月23日,三層,一層 二層 三層 陽台 見其他登記事項,全筆移轉
RPOOMLOLKIKGFAG87DA,,68.55,集合住宅,鋼筋混凝土（ＲＣ）,114年10月8日,四層,三層 陽台,全筆移轉
RPOOMLOLKIKGFAG87DA,,50.16,本共有部分之項目有停車空間、電梯、消防設備室、自來水蓄水池、管委會、電信室、車道、陽台、梯間等９項。,鋼筋混凝土（ＲＣ）,114年10月8日,四層,,持分移轉
RPOOMLOLKIKGFAG87DA,,7.50,本共有部分之項目有電梯、樓梯間等２項。,鋼筋混凝土（ＲＣ）,114年10月8日,四層,,持分移轉
RPQOMLOLKIKGFAG08DA,,68.32,集合住宅,鋼筋混凝土（ＲＣ）,114年10月8日,四層,四層 陽台,全筆移轉
RPQOMLOLKIKGFAG08DA,,50.16,本共有部分之項目有停車空間、電梯、消防設備室、自來水蓄水池、管委會、電信室、車道、陽台、梯間等９項。,鋼筋混凝土（ＲＣ）,114年10月8日,四層,,持分移轉
RPQOMLOLKIKGFAG08DA,,7.50,本共有部分之項目有電梯、樓梯間等２項。,鋼筋混凝土（ＲＣ）,114年10月8日,四層,,持分移轉
RPQNMLLKJHLGFAG47DA,,144.46,住家用,鋼筋混凝土（ＲＣ）,114年10月31日,三層,一層 二層 三層 陽台,全筆移轉
RPOQMLTJJHLGFAG28DA,,144.48,住家用,鋼筋混凝土（ＲＣ）,114年10月31日,三層,一層 二層 三層 陽台,全筆移轉
RPTNMLLLJHLGFBG97DA,,179.52,停車空間、住宅,鋼筋混凝土造,114年8月28日,四層,一層 二層 三層 四層 陽台,全筆移轉
RPVRMLTJJHLGFAG09DA,,149.07,住家用,鋼筋混凝土（ＲＣ）,114年10月31日,三層,一層 二層 三層 陽台,全筆移轉
RPXNMLTKJHLGFAG98DA,,149.07,住家用,鋼筋混凝土（ＲＣ）,114年10月31日,三層,一層 二層 三層 陽台,全筆移轉
RPWNMLLLJHLGFBG28DA,,179.52,停車空間、住宅,鋼筋混凝土造,114年8月28日,四層,一層 二層 三層 四層 陽台,全筆移轉
RPVNMLLLJHLGFBG18DA,,179.52,停車空間、住宅,鋼筋混凝土造,114年8月28日,四層,一層 二層 三層 四層 陽台,全筆移轉
RPXNMLLLJHLGFBG38DA,,152.74,停車空間、住宅,鋼筋混凝土造,114年8月28日,四層,一層 二層 三層 四層 陽台,全筆移轉
RPPPMLLLJHLGFBG77DA,,152.74,停車空間、住宅,鋼筋混凝土造,114年8月28日,四層,一層 二層 三層 四層 陽台,全筆移轉
RPROMLLLJHLGFBG87DA,,155.11,停車空間、住宅,鋼筋混凝土造,114年8月28日,四層,一層 二層 三層 四層 陽台,全筆移轉
RPSPMLLLJHLGFBG08DA,,152.74,停車空間、住宅,鋼筋混凝土造,114年8月28日,四層,一層 二層 三層 四層 陽台,全筆移轉
RPRPMLLLJHLGFBG97DA,,152.74,停車空間、住宅,鋼筋混凝土造,114年8月28日,四層,一層 二層 三層 四層 陽台,全筆移轉
RPXPMLLLJHLGFBG58DA,,179.52,停車空間、住宅,鋼筋混凝土造,114年8月29日,四層,一層 二層 三層 四層 陽台,全筆移轉
RPTPMLLLJHLGFBG18DA,,152.74,停車空間、住宅,鋼筋混凝土造,114年8月28日,四層,一層 二層 三層 四層 陽台,全筆移轉
RPROMLSLJHLGFAG48DA,,149.07,住家用,鋼筋混凝土（ＲＣ）,114年10月31日,三層,一層 二層 三層 陽台,全筆移轉
RPPQMLLLJHLGFBG87DA,,179.52,停車空間、住宅,鋼筋混凝土造,114年8月29日,四層,一層 二層 三層 四層 陽台,全筆移轉
RPWQMLLLJHLGFBG58DA,,152.74,停車空間、住宅,鋼筋混凝土造,114年8月29日,四層,一層 二層 三層 四層 陽台,全筆移轉
RPRRMLLLJHLGFBG18DA,,152.74,停車空間、住宅,鋼筋混凝土造,114年8月29日,四層,一層 二層 三層 四層 陽台,全筆移轉
RPXOMLSLJHLGFAG09DA,,148.27,住家用,鋼筋混凝土（ＲＣ）,114年10月31日,三層,一層 二層 三層 陽台,全筆移轉
RPVQMLLLJHLGFBG48DA,,155.11,停車空間、住宅,鋼筋混凝土造,114年8月29日,四層,一層 二層 三層 四層 陽台,全筆移轉
RPWNMLTJKHLGFAG88DA,,143.74,住家用,鋼筋混凝土（ＲＣ）,114年10月31日,三層,一層 二層 三層 陽台,全筆移轉
RPROMLMJLHLGFAG87DA,,137.82,住宅、樓梯間,鋼筋混凝土造,114年10月23日,三層,一層 二層 三層 陽台 見其他登記事項,全筆移轉
RPUOMLSLJHLGFAG78DA,,149.07,住家用,鋼筋混凝土（ＲＣ）,114年10月31日,三層,一層 二層 三層 陽台,全筆移轉
RPWQMLSLJIKGFBG66DA,,77.52,集合住宅,鋼筋混凝土造,114年9月22日,五層,五層 陽台,全筆移轉
RPWQMLSLJIKGFBG66DA,,19.31,本共有部分之項目有:停車空間等１項,鋼筋混凝土造,114年9月22日,五層,,持分移轉
RPWQMLSLJIKGFBG66DA,,22.40,本共有部分之項目有：樓梯間等１項,鋼筋混凝土造,114年9月22日,五層,,持分移轉
RPOOMLKMKIKGFBG67DA,,243.01,住宅、樓梯間,鋼筋混凝土造,114年7月9日,三層,一層 二層 三層 陽台 見其他登記事項,全筆移轉
RPQQMLLMKIKGFAG08DA,,211.06,農舍,鋼筋混凝土造,114年11月4日,三層,一層 二層 三層 見其他登記事項,全筆移轉
RPQQMLLMKIKGFAG08DA,,50.54,農產品加工室,鋼筋混凝土造,114年11月4日,一層,一層,全筆移轉
RPTNMLKLJHLGFBG87DA,,212.88,農舍,鋼筋混凝土造,114年11月24日,三層,一層 二層 三層 見其他登記事項,全筆移轉
RPTQMLSLJIKGFBG98DA,,77.52,集合住宅,鋼筋混凝土造,114年9月22日,五層,二層 陽台,全筆移轉
RPTQMLSLJIKGFBG98DA,,19.31,本共有部分之項目有:停車空間等１項,鋼筋混凝土造,114年9月22日,五層,,持分移轉
RPTQMLSLJIKGFBG98DA,,22.40,本共有部分之項目有：樓梯間等１項,鋼筋混凝土造,114年9月22日,五層,,持分移轉
RPVQMLSLJIKGFBG56DA,,77.52,集合住宅,鋼筋混凝土造,114年9月22日,五層,四層 陽台,全筆移轉
RPVQMLSLJIKGFBG56DA,,19.31,本共有部分之項目有:停車空間等１項,鋼筋混凝土造,114年9月22日,五層,,持分移轉
RPVQMLSLJIKGFBG56DA,,22.40,本共有部分之項目有：樓梯間等１項,鋼筋混凝土造,114年9月22日,五層,,持分移轉
RPTPMLPLKHLGFBG68DA,,179.65,住宅、樓梯間,鋼筋混凝土造,114年11月25日,三層,一層 二層 三層 陽台 見其他登記事項,全筆移轉
RPQNMLLKKHLGFBG67DA,,258.13,住宅、樓梯間,鋼筋混凝土造,114年11月13日,三層,一層 二層 三層 陽台 見其他登記事項,全筆移轉
RPQPMLPLKHLGFBG38DA,,178.82,住宅、樓梯間,鋼筋混凝土造,114年11月25日,三層,一層 二層 三層 陽台 見其他登記事項,全筆移轉
RPUNMLKKKHLGFBG97DA,,201.10,住家用,鋼筋混凝土造,114年11月13日,三層,一層 二層 三層 陽台,全筆移轉
RPROMLPLKHLGFBG38DA,,190.75,住宅、樓梯間,鋼筋混凝土造,114年10月1日,三層,一層 二層 三層 陽台 見其他登記事項,全筆移轉
RPTRMLSLJIKGFBG09DA,,77.52,集合住宅,鋼筋混凝土造,114年9月22日,五層,四層 陽台,全筆移轉
RPTRMLSLJIKGFBG09DA,,19.38,本共有部分之項目有:停車空間等１項,鋼筋混凝土造,114年9月22日,五層,,持分移轉
RPTRMLSLJIKGFBG09DA,,22.42,本共有部分之項目有：樓梯間等１項,鋼筋混凝土造,114年9月22日,五層,,持分移轉
RPSOMLPLKHLGFBG48DA,,193.90,住宅、樓梯間,鋼筋混凝土造,114年10月1日,三層,一層 二層 三層 陽台 見其他登記事項,全筆移轉
RPTNMLSLKIKGFAG68DA,,90.23,集合住宅,鋼筋混凝土（ＲＣ）,114年8月29日,四層,四層 陽台,全筆移轉
RPTNMLSLKIKGFAG68DA,,20.10,本共有部分之項目有管理委員會使用空間、樓梯間、電梯間等３項,鋼筋混凝土（ＲＣ）,114年8月29日,四層,,持分移轉
RPXNMLPLKHLGFBG88DA,,193.14,住宅、樓梯間,鋼筋混凝土造,114年10月1日,三層,一層 二層 三層 陽台 見其他登記事項,全筆移轉
RPPOMLPLKHLGFBG18DA,,190.75,住宅、樓梯間,鋼筋混凝土造,114年10月1日,三層,一層 二層 三層 陽台 見其他登記事項,全筆移轉
RPVOMLPLKHLGFBG78DA,,193.14,住宅、樓梯間,鋼筋混凝土造,114年11月25日,三層,一層 二層 三層 陽台 見其他登記事項,全筆移轉
RPWOMLLKKIKGFAG28DA,,183.85,農舍、電梯間,鋼筋混凝土（ＲＣ）,114年10月27日,三層,一層 二層 三層 見其他登記事項,全筆移轉
RPWOMLLKKIKGFAG28DA,,36.67,農糧產品加工室,鋼筋混凝土（ＲＣ）,114年10月27日,一層,一層,全筆移轉
RPPNMLSLKIKGFAG28DA,,71.11,集合住宅,鋼筋混凝土（ＲＣ）,114年8月29日,四層,三層 陽台,全筆移轉
RPPNMLSLKIKGFAG28DA,,15.85,本共有部分之項目有管理委員會使用空間、樓梯間、電梯間等３項,鋼筋混凝土（ＲＣ）,114年8月29日,四層,,持分移轉
RPTOMLKLJHLGFAG87DA,,60.87,集合住宅,鋼筋混凝土（ＲＣ）,114年8月29日,四層,二層 陽台,全筆移轉
RPTOMLKLJHLGFAG87DA,,13.56,本共有部分之項目有管理委員會使用空間、樓梯間、電梯間等３項,鋼筋混凝土（ＲＣ）,114年8月29日,四層,,持分移轉
RPSRMLSLJIKGFBG98DA,,77.52,集合住宅,鋼筋混凝土造,114年9月22日,五層,三層 陽台,全筆移轉
RPSRMLSLJIKGFBG98DA,,19.38,本共有部分之項目有:停車空間等１項,鋼筋混凝土造,114年9月22日,五層,,持分移轉
RPSRMLSLJIKGFBG98DA,,22.42,本共有部分之項目有：樓梯間等１項,鋼筋混凝土造,114年9月22日,五層,,持分移轉
RPRNMLQLJHLGFAG18DA,,70.40,集合住宅,鋼筋混凝土（ＲＣ）,114年8月29日,四層,一層 陽台,全筆移轉
RPRNMLQLJHLGFAG18DA,,15.68,本共有部分之項目有管理委員會使用空間、樓梯間、電梯間等３項,鋼筋混凝土（ＲＣ）,114年8月29日,四層,,持分移轉
RPOPMLKKKIKGFBG57DA,,345.93,農舍、樓梯間,鋼筋混凝土造,114年9月24日,三層,一層 二層 三層 陽台 見其他登記事項,全筆移轉
RPTQMLSKKIKGFBG98DA,,358.97,農舍,鋼筋混凝土造,114年1月9日,三層,一層 二層 三層 陽台,全筆移轉
RPPOMLMKJHLGFAG57DA,,86.95,集合住宅,鋼筋混凝土（ＲＣ）,114年8月29日,四層,四層 陽台,全筆移轉
RPPOMLMKJHLGFAG57DA,,19.37,本共有部分之項目有管理委員會使用空間、樓梯間、電梯間等３項,鋼筋混凝土（ＲＣ）,114年8月29日,四層,,持分移轉
RPTOMLQLKIKGFAG58DA,,86.95,集合住宅,鋼筋混凝土（ＲＣ）,114年8月29日,四層,三層 陽台,全筆移轉
RPTOMLQLKIKGFAG58DA,,19.37,本共有部分之項目有管理委員會使用空間、樓梯間、電梯間等３項,鋼筋混凝土（ＲＣ）,114年8月29日,四層,,持分移轉
RPXOMLPJJHLGFAG58DA,,71.16,集合住宅,鋼筋混凝土（ＲＣ）,114年8月29日,四層,四層 陽台,全筆移轉
RPXOMLPJJHLGFAG58DA,,15.86,本共有部分之項目有管理委員會使用空間、樓梯間、電梯間等３項,鋼筋混凝土（ＲＣ）,114年8月29日,四層,,持分移轉
RPOOMLQLKIKGFAG08DA,,90.07,集合住宅,鋼筋混凝土（ＲＣ）,114年8月29日,四層,一層 陽台,全筆移轉
RPOOMLQLKIKGFAG08DA,,20.05,本共有部分之項目有管理委員會使用空間、樓梯間、電梯間等３項,鋼筋混凝土（ＲＣ）,114年8月29日,四層,,持分移轉
RPVQMLOLKIKGFAG78DA,,60.87,集合住宅,鋼筋混凝土（ＲＣ）,114年8月29日,四層,一層 陽台,全筆移轉
RPVQMLOLKIKGFAG78DA,,13.56,本共有部分之項目有管理委員會使用空間、樓梯間、電梯間等３項,鋼筋混凝土（ＲＣ）,114年8月29日,四層,,持分移轉
RPSOMLQLKIKGFAG48DA,,67.01,集合住宅,鋼筋混凝土（ＲＣ）,114年8月29日,四層,四層 陽台,全筆移轉
RPSOMLQLKIKGFAG48DA,,14.94,本共有部分之項目有管理委員會使用空間、樓梯間、電梯間等３項,鋼筋混凝土（ＲＣ）,114年8月29日,四層,,持分移轉
RPQNMLRLKIKGFAG28DA,,86.95,集合住宅,鋼筋混凝土（ＲＣ）,114年8月29日,四層,二層 陽台,全筆移轉
RPQNMLRLKIKGFAG28DA,,19.37,本共有部分之項目有管理委員會使用空間、樓梯間、電梯間等３項,鋼筋混凝土（ＲＣ）,114年8月29日,四層,,持分移轉
RPTOMLMKJHLGFAG97DA,,242.48,集合住宅、樓梯間、電梯間,鋼筋混凝土（ＲＣ）,114年8月29日,四層,一層 二層 三層 四層 陽台 見其他登記事項,全筆移轉
RPTOMLMKJHLGFAG97DA,,32.88,本共有部分之項目有停車空間１項,鋼筋混凝土（ＲＣ）,114年8月29日,四層,,持分移轉
RPPPMLPJJHLGFAG87DA,,242.48,集合住宅、樓梯間、電梯間,鋼筋混凝土（ＲＣ）,114年8月29日,四層,一層 二層 三層 四層 陽台 見其他登記事項,全筆移轉
RPPPMLPJJHLGFAG87DA,,32.88,本共有部分之項目有停車空間１項,鋼筋混凝土（ＲＣ）,114年8月29日,四層,,持分移轉
RPUOMLMKJHLGFAG08DA,,58.77,集合住宅,鋼筋混凝土（ＲＣ）,114年8月29日,四層,二層 陽台,全筆移轉
RPUOMLMKJHLGFAG08DA,,13.09,本共有部分之項目有管理委員會使用空間、樓梯間、電梯間等３項,鋼筋混凝土（ＲＣ）,114年8月29日,四層,,持分移轉
RPWOMLMKJHLGFAG28DA,,83.54,集合住宅,鋼筋混凝土（ＲＣ）,114年8月29日,四層,三層 陽台,全筆移轉
RPWOMLMKJHLGFAG28DA,,18.61,本共有部分之項目有管理委員會使用空間、樓梯間、電梯間等３項,鋼筋混凝土（ＲＣ）,114年8月29日,四層,,持分移轉
RPQPMLKLJHLGFAG67DA,,242.48,集合住宅、樓梯間、電梯間,鋼筋混凝土（ＲＣ）,114年8月29日,四層,一層 二層 三層 四層 陽台 見其他登記事項,全筆移轉
RPQPMLKLJHLGFAG67DA,,32.88,本共有部分之項目有停車空間１項,鋼筋混凝土（ＲＣ）,114年8月29日,四層,,持分移轉
RPQOMLMKJHLGFAG67DA,,242.48,集合住宅、樓梯間、電梯間,鋼筋混凝土（ＲＣ）,114年8月29日,四層,一層 二層 三層 四層 陽台 見其他登記事項,全筆移轉
RPQOMLMKJHLGFAG67DA,,32.88,本共有部分之項目有停車空間１項,鋼筋混凝土（ＲＣ）,114年8月29日,四層,,持分移轉
RPSOMLLLJHLGFAG87DA,,67.01,集合住宅,鋼筋混凝土（ＲＣ）,114年8月29日,四層,三層 陽台,全筆移轉
RPPOMLKMKIKGFBG77DA,,256.97,住宅、停車空間、樓梯間,鋼筋混凝土造,114年7月9日,四層,一層 二層 三層 四層 陽台 見其他登記事項,全筆移轉
RPSOMLLLJHLGFAG87DA,,14.94,本共有部分之項目有管理委員會使用空間、樓梯間、電梯間等３項,鋼筋混凝土（ＲＣ）,114年8月29日,四層,,持分移轉
RPPPMLKLJHLGFAG57DA,,58.77,集合住宅,鋼筋混凝土（ＲＣ）,114年8月29日,四層,三層 陽台,全筆移轉
RPPPMLKLJHLGFAG57DA,,13.09,本共有部分之項目有管理委員會使用空間、樓梯間、電梯間等３項,鋼筋混凝土（ＲＣ）,114年8月29日,四層,,持分移轉
RPXOMLKKKIKGFBG38DA,,257.00,住宅、停車空間、樓梯間,鋼筋混凝土造,114年7月9日,四層,一層 二層 三層 四層 陽台 見其他登記事項,全筆移轉
RPRQMLNJKIKGFBG18DA,,243.01,住宅、樓梯間,鋼筋混凝土造,114年7月9日,三層,一層 二層 三層 陽台 見其他登記事項,全筆移轉
RPPOMLRKKIKGFBG28DA,,256.53,住宅、停車空間、樓梯間,鋼筋混凝土造,114年7月9日,四層,一層 二層 三層 四層 陽台 見其他登記事項,全筆移轉
RPUNMLTJKIKGFAG68DA,,327.34,農舍,鋼筋混凝土造,109年12月9日,三層,一層 二層 三層 陽台,全筆移轉
RPORMLSLJIKGFBG58DA,,77.44,集合住宅,鋼筋混凝土造,114年9月22日,五層,三層 陽台,全筆移轉
RPORMLSLJIKGFBG58DA,,19.36,本共有部分之項目有:停車空間等１項,鋼筋混凝土造,114年9月22日,五層,,持分移轉
RPORMLSLJIKGFBG58DA,,22.39,本共有部分之項目有：樓梯間等１項,鋼筋混凝土造,114年9月22日,五層,,持分移轉
RPWQMLTJJHLGFAG09DA,,149.07,住家用,鋼筋混凝土（ＲＣ）,114年10月31日,三層,一層 二層 三層 陽台,全筆移轉
RPSQMLTJJHLGFAG68DA,,149.07,住家用,鋼筋混凝土（ＲＣ）,114年10月31日,三層,一層 二層 三層 陽台,全筆移轉
RPRQMLTJJHLGFAG58DA,,149.07,住家用,鋼筋混凝土（ＲＣ）,114年10月31日,三層,一層 二層 三層 陽台,全筆移轉
RPQQMLSLJIKGFBG68DA,,77.44,集合住宅,鋼筋混凝土造,114年9月22日,五層,四層 陽台,全筆移轉
RPQQMLSLJIKGFBG68DA,,19.29,本共有部分之項目有:停車空間等１項,鋼筋混凝土造,114年9月22日,五層,,持分移轉
RPQQMLSLJIKGFBG68DA,,22.36,本共有部分之項目有：樓梯間等１項,鋼筋混凝土造,114年9月22日,五層,,持分移轉
RPXQMLTJJHLGFAG56DA,,149.07,住家用,鋼筋混凝土（ＲＣ）,114年10月31日,三層,一層 二層 三層 陽台,全筆移轉
RPORMLTJJHLGFAG38DA,,146.25,住家用,鋼筋混凝土（ＲＣ）,114年10月31日,三層,一層 二層 三層 陽台,全筆移轉
RPUQMLTJJHLGFAG88DA,,149.07,住家用,鋼筋混凝土（ＲＣ）,114年10月31日,三層,一層 二層 三層 陽台,全筆移轉
RPTQMLTJJHLGFAG78DA,,144.42,住家用,鋼筋混凝土（ＲＣ）,114年10月31日,三層,一層 二層 三層 陽台,全筆移轉
RPPRMLTJJHLGFAG48DA,,146.25,住家用,鋼筋混凝土（ＲＣ）,114年10月31日,三層,一層 二層 三層 陽台,全筆移轉
RPVQMLTJJHLGFAG98DA,,146.25,住家用,鋼筋混凝土（ＲＣ）,114年10月31日,三層,一層 二層 三層 陽台,全筆移轉
RPUOMLSJIIKGFAG48DA,,156.58,住家用,鋼筋混凝土造,114年8月14日,三層,一層 二層 三層 陽台,全筆移轉
RPRRMLTJJHLGFAG68DA,,149.07,住家用,鋼筋混凝土（ＲＣ）,114年10月31日,三層,一層 二層 三層 陽台,全筆移轉
RPOQMLSLJIKGFBG48DA,,77.44,集合住宅,鋼筋混凝土造,114年9月22日,五層,二層 陽台,全筆移轉
RPOQMLSLJIKGFBG48DA,,19.29,本共有部分之項目有:停車空間等１項,鋼筋混凝土造,114年9月22日,五層,,持分移轉
RPOQMLSLJIKGFBG48DA,,22.36,本共有部分之項目有：樓梯間等１項,鋼筋混凝土造,114年9月22日,五層,,持分移轉
RPQRMLTJJHLGFAG58DA,,149.07,住家用,鋼筋混凝土（ＲＣ）,114年10月31日,三層,一層 二層 三層 陽台,全筆移轉
