鄉鎮市區,交易標的,土地位置建物門牌,土地面積平方公尺,都市土地使用分區,非都市土地使用分區,非都市土地使用編定,租賃年月日,租賃筆棟數,租賃層次,總樓層數,建物型態,主要用途,主要建材,建築完成年月,建物總面積平方公尺,建物現況格局-房,建物現況格局-廳,建物現況格局-衛,建物現況格局-隔間,有無管理組織,有無附傢俱,總額元,單價元平方公尺,車位類別,車位面積平方公尺,車位總額元,備註,編號,出租型態,有無管理員,租賃期間,有無電梯,附屬設備,租賃住宅服務
The villages and towns urban district,transaction sign,land sector position building sector house number plate,land shifting total area square meter,the use zoning or compiles and checks,the non-metropolis land use district,non-metropolis land use,transaction year month and day,transaction pen number,shifting level,total floor number,building state,main use,main building materials,construction to complete the years,building shifting total area,Building present situation pattern - room,building present situation pattern - hall,building present situation pattern - health,building present situation pattern - compartmented,Whether there is manages the organization,Whether there is attaches the furniture,total price NTD,the unit price (NTD / square meter),the berth category,berth shifting total area square meter,the berth total price NTD,the note,serial number,Rental type,Residential Manager,Rental period,elevator,equipment,Rental residential services
嘉義市,租賃房屋,嘉義市嘉義市保建街８３號,0.0,,,,1141116,土地0建物0車位0,全,3,透天厝,住商用,鋼筋混凝土造,0781019,36.0,4,2,5,有,無,有,7000,194,,0.0,0,僅承租第二層第一室,RPRNMLRKJIKGFAI48CC,分租套房,無,1141201~1151130,無,冷氣,
嘉義市,租賃房屋,嘉義市嘉義市博東路１５１號１８樓２,0.0,,,,1141114,土地0建物1車位0,十八層,22,住宅大樓(11層含以上有電梯),住家用,鋼筋混凝土造,0870319,124.74000000000001,3,1,2,有,有,無,10000,80,,0.0,0,續租案件；,RPOOMLRKJIKGFAI28CC,整棟(戶)出租,有,1141117~1151116,有,冷氣、熱水器、瓦斯或天然氣,社會住宅代管
嘉義市,租賃房屋,嘉義市嘉義市蘭州四街７１號３樓６,0.0,,,,1141114,土地0建物1車位0,三層,7,華廈(10層含以下有電梯),住家用,鋼筋混凝土造,0820111,54.11,1,0,1,有,有,有,9600,177,,0.0,0,管理費400元由出租人負擔續租案件；,RPPOMLRKJIKGFAI38CC,獨立套房,有,1141115~1151114,有,冷氣、熱水器、洗衣機、電視機、冰箱,社會住宅代管
嘉義市,租賃房屋,嘉義市嘉義市興業新村８１號,0.0,,,,1141111,土地0建物1車位0,全,2,透天厝,住家用,木造,0610128,63.7,3,2,1,有,無,無,9000,141,,0.0,0,續租案件；,RPQOMLRKJIKGFAI48CC,整棟(戶)出租,無,1141120~1151119,無,熱水器,社會住宅代管
嘉義市,租賃房屋,嘉義市嘉義市重慶一街３４８號,0.0,,,,1141111,土地0建物1車位0,全,2,透天厝,住商用,加強磚造,0780504,124.75,4,2,2,有,無,有,22000,176,,0.0,0,多人共同承租2；,RPVOMLRKJIKGFAI98CC,整棟(戶)出租,無,1141112~1151111,無,冷氣、熱水器、洗衣機、瓦斯或天然氣,社會住宅代管
嘉義市,租賃房屋,嘉義市嘉義市玉山路２５１巷３７弄２８號,0.0,,,,1141113,土地0建物1車位0,一層,5,公寓(5樓含以下無電梯),住商用,鋼筋混凝土造,0811111,111.68,3,1,2,有,無,有,15000,134,,0.0,0,續租案件；,RPWOMLRKJIKGFAI09CC,整棟(戶)出租,無,1141223~1151222,無,冷氣、熱水器、洗衣機、瓦斯或天然氣,社會住宅代管
嘉義市,租賃房屋,嘉義市嘉義市國華街２９０號４樓１４,0.0,,,,1141111,土地0建物1車位0,四層,7,華廈(10層含以下有電梯),見使用執照,鋼筋混凝土造,0771108,32.99,1,0,1,有,有,有,6100,185,,0.0,0,續租案件；,RPQNMLSKJIKGFAI48CC,獨立套房,有,1141125~1151124,有,冷氣、熱水器、洗衣機、冰箱,社會住宅包租轉租
嘉義市,租賃房屋+車位,嘉義市嘉義市西區健康九路４５５號１４樓之６,0.0,,,,1141111,土地0建物1車位1,十四層,14,住宅大樓(11層含以上有電梯),集合住宅,鋼筋混凝土造,1140311,115.13,2,2,1,有,有,無,22000,191,坡道平面,0.0,0,,RPTNMLSKJIKGFAI78CC,整棟(戶)出租,有,1141121~1151120,有,冷氣、熱水器、洗衣機、冰箱、瓦斯或天然氣,
嘉義市,租賃房屋,嘉義市嘉義市民生南路１０００號四樓之８,0.0,,,,1141111,土地0建物1車位0,四層,5,華廈(10層含以下有電梯),集合住宅,鋼筋混凝土構造,1070802,12.93,1,0,1,有,有,有,4000,309,,0.0,0,含增建或未登記建物；,RPWNMLSKJIKGFAI09CC,獨立套房,有,1141112~1150511,有,冷氣、熱水器、電視機、冰箱、網路,一般代管
嘉義市,租賃房屋,嘉義市嘉義市世賢路一段６４９號八樓之２,0.0,,,,1141113,土地0建物1車位0,八層,12,住宅大樓(11層含以上有電梯),住家用,鋼筋混凝土造,0830718,105.11,3,1,2,有,有,有,8464,81,,0.0,0,管理費1536元由出租人負擔,RPPNMLTKJIKGFAI48CC,整棟(戶)出租,有,1141115~1151114,有,冷氣、熱水器、洗衣機、電視機、冰箱、瓦斯或天然氣,社會住宅代管
嘉義市,租賃房屋,嘉義市嘉義市德明路１７０號十樓１,0.0,,,,1141119,土地0建物1車位0,十層,12,住宅大樓(11層含以上有電梯),住家用,鋼筋混凝土造,0830530,131.97,3,1,2,有,有,有,11500,87,,0.0,0,管理費1500元由出租人負擔續租案件；,RPPNMLKLJIKGFAI67CC,整棟(戶)出租,有,1141223~1151222,有,冷氣、熱水器、洗衣機、電視機、冰箱、瓦斯或天然氣,社會住宅包租轉租
嘉義市,租賃房屋,嘉義市嘉義市永康二街３０號７樓１,0.0,,,,1141117,土地0建物1車位0,七層,7,華廈(10層含以下有電梯),住家用,鋼筋混凝土造,0810513,85.72,3,2,2,有,有,有,13000,152,,0.0,0,,RPQNMLKLJIKGFAI77CC,整棟(戶)出租,有,1141120~1151119,有,冷氣、熱水器、洗衣機、冰箱,社會住宅包租轉租
嘉義市,租賃房屋,嘉義市嘉義市小雅路３４３號３樓１３,0.0,,,,1141117,土地0建物1車位0,三層,12,住宅大樓(11層含以上有電梯),住家用,鋼筋混凝土造,0820609,26.93,1,0,1,有,有,有,3400,126,,0.0,0,,RPRNMLKLJIKGFAI87CC,獨立套房,有,1141120~1151119,有,冷氣、熱水器、電視機、冰箱,社會住宅包租轉租
嘉義市,租賃房屋,嘉義市嘉義市彌陀路１３７號１１樓３,0.0,,,,1141113,土地0建物1車位0,十一層,20,住宅大樓(11層含以上有電梯),住家用,鋼筋混凝土造,0850311,61.82000000000001,1,1,1,有,有,有,11000,178,,0.0,0,續租案件；,RPSNMLKLJIKGFAI97CC,獨立套房,有,1141124~1151123,有,冷氣、熱水器、洗衣機、電視機、冰箱,社會住宅代管
嘉義市,租賃房屋,嘉義市嘉義市國聖四街２９號３樓３,0.0,,,,1141119,土地0建物1車位0,見其他登記事項,9,華廈(10層含以下有電梯),住家用,鋼筋混凝土造,0860709,130.47,3,2,2,有,有,有,16000,123,,0.0,0,續租案件；,RPTNMLKLJIKGFAI08CC,整棟(戶)出租,有,1141120~1151119,有,冷氣、熱水器、洗衣機、電視機、冰箱、瓦斯或天然氣,社會住宅包租轉租
嘉義市,租賃房屋,嘉義市嘉義市玉山路１５８巷１０４號六樓之３,0.0,,,,1141118,土地0建物1車位0,六層,12,住宅大樓(11層含以上有電梯),住家用,鋼筋混凝土造,0840711,120.03,3,1,2,有,有,有,11500,96,,0.0,0,,RPUNMLKLJIKGFAI18CC,整棟(戶)出租,有,1141119~1151118,有,熱水器、瓦斯或天然氣,社會住宅代管
嘉義市,租賃房屋,嘉義市嘉義市德明路７７號１０樓２,0.0,,,,1141119,土地0建物1車位0,十層,19,住宅大樓(11層含以上有電梯),住家用,鋼筋混凝土造,0840816,126.8,3,2,2,有,有,無,11000,87,,0.0,0,,RPVNMLKLJIKGFAI28CC,整棟(戶)出租,有,1141120~1151119,有,冷氣、熱水器、瓦斯或天然氣,社會住宅代管
嘉義市,租賃房屋,嘉義市嘉義市杭州四街７６號,0.0,,,,1141114,土地0建物1車位0,一層,7,華廈(10層含以下有電梯),住家用,鋼筋混凝土造,0780117,105.33000000000001,3,1,2,有,有,有,15000,142,,0.0,0,續租案件；,RPWNMLKLJIKGFAI38CC,整棟(戶)出租,有,1141115~1151030,有,冷氣、熱水器、洗衣機、瓦斯或天然氣,社會住宅代管
嘉義市,租賃房屋,嘉義市嘉義市忠孝路６之１號５樓１,0.0,,,,1141111,土地0建物1車位0,五層,8,華廈(10層含以下有電梯),住家用,鋼筋混凝土造,0791208,25.44,1,0,1,有,無,有,5000,197,,0.0,0,續租案件；,RPXNMLKLJIKGFAI48CC,獨立套房,無,1141116~1151115,有,冷氣、熱水器、電視機、冰箱、瓦斯或天然氣,社會住宅代管
嘉義市,租賃房屋,嘉義市嘉義市東洋新?６１９號５樓８,0.0,,,,1141114,土地0建物1車位0,五層,6,華廈(10層含以下有電梯),住家用,鋼筋混凝土造,0731129,41.66,1,0,1,有,有,有,6500,156,,0.0,0,,RPOOMLKLJIKGFAI67CC,獨立套房,有,1141116~1151115,有,冷氣、熱水器、洗衣機、電視機、冰箱,社會住宅包租轉租
嘉義市,租賃房屋,嘉義市嘉義市保建街３６之２７號７樓１,0.0,,,,1141114,土地0建物1車位0,七層,12,住宅大樓(11層含以上有電梯),住家用,鋼筋混凝土造,0820623,133.78,4,1,2,有,有,有,16500,123,,0.0,0,管理費1500元由出租人負擔。,RPPOMLKLJIKGFAI77CC,整棟(戶)出租,有,1141117~1151116,有,冷氣、熱水器、洗衣機、冰箱、瓦斯或天然氣,社會住宅代管
嘉義市,租賃房屋,嘉義市嘉義市日新街１３０號５樓之２,0.0,,,,1141114,土地0建物1車位0,五層,5,華廈(10層含以下有電梯),住家用,鋼筋混凝土造,0841003,49.08,1,1,1,有,有,有,7500,153,,0.0,0,續租案件；,RPQOMLKLJIKGFAI87CC,獨立套房,有,1141115~1151114,有,冷氣、熱水器、洗衣機、電視機、冰箱,社會住宅代管
嘉義市,租賃房屋+車位,嘉義市嘉義市健康十街３８７號,0.0,,,,1141114,土地0建物1車位1,一層,10,華廈(10層含以下有電梯),店舖、機械室,鋼筋混凝土構造,1100420,122.75999999999999,3,2,3,有,有,有,30000,244,升降機械,0.0,0,含夾層,RPROMLKLJIKGFAI97CC,,有,1141116~1161115,有,冷氣、熱水器、洗衣機、冰箱、瓦斯或天然氣,
嘉義市,租賃房屋,嘉義市嘉義市彌陀路４０號三樓之１５,0.0,,,,1141113,土地0建物1車位0,三層,4,華廈(10層含以下有電梯),辦公室,鋼筋混凝土造,0970303,14.02,1,0,1,有,有,有,4000,285,,0.0,0,含增建或未登記建物；續租案件；,RPSOMLKLJIKGFAI08CC,獨立套房,有,1141222~1150621,有,冷氣、熱水器、電視機、冰箱、網路,一般代管
嘉義市,租賃房屋,嘉義市嘉義市和平路２８３-１號９樓３,0.0,,,,1141117,土地0建物1車位0,九層,9,華廈(10層含以下有電梯),住家用,鋼筋混凝土造,0840517,39.97,1,0,1,有,有,有,6500,163,,0.0,0,,RPTOMLKLJIKGFAI18CC,獨立套房,有,1141118~1151117,有,冷氣、熱水器、洗衣機、電視機、冰箱,社會住宅代管
嘉義市,租賃房屋,嘉義市嘉義市國揚四街１２號４樓３,0.0,,,,1141118,土地0建物1車位0,四層,6,華廈(10層含以下有電梯),住家用,鋼筋混凝土造,0820325,130.51,3,1,2,有,有,無,10000,77,,0.0,0,管理費1100元由出租人負擔。續租案件；,RPUOMLKLJIKGFAI28CC,整棟(戶)出租,有,1141225~1151224,有,熱水器、瓦斯或天然氣,社會住宅包租轉租
嘉義市,租賃房屋,嘉義市嘉義市自強街１３４巷５號,0.0,,,,1141119,土地0建物1車位0,全,2,透天厝,住家用,鋼筋混凝土加強磚造,0670407,87.6,2,1,2,有,無,有,15000,171,,0.0,0,續租案件；,RPVOMLKLJIKGFAI38CC,整棟(戶)出租,無,1141218~1151217,無,冷氣、熱水器,社會住宅代管
嘉義市,租賃房屋,嘉義市嘉義市湖美二路４０１號４樓之１,0.0,,,,1141119,土地0建物1車位0,四層,5,華廈(10層含以下有電梯),集合住宅,鋼筋混凝土造,1130423,97.74,3,1,2,有,有,有,19800,203,,0.0,0,續租案件；,RPWOMLKLJIKGFAI48CC,整棟(戶)出租,有,1141125~1151124,有,冷氣、熱水器、電視機、瓦斯或天然氣,社會住宅代管
嘉義市,租賃房屋,嘉義市嘉義市建成街１８６號６樓５,0.0,,,,1141118,土地0建物1車位0,六層,6,華廈(10層含以下有電梯),住家用,鋼筋混凝土造,0800710,44.28,1,0,1,有,有,有,6000,136,,0.0,0,續租案件；,RPXOMLKLJIKGFAI58CC,獨立套房,有,1141121~1151104,有,冷氣、熱水器、電視機、冰箱,社會住宅代管
嘉義市,租賃房屋,嘉義市嘉義市長榮街１１４號３樓３,0.0,,,,1141114,土地0建物1車位0,三層,6,華廈(10層含以下有電梯),住家用,鋼筋混凝土造,0800726,69.73,2,1,1,有,有,有,7900,113,,0.0,0,管理費600元由出租人負擔。,RPPNMLLLJIKGFAI77CC,整棟(戶)出租,有,1141118~1150428,有,冷氣、熱水器、瓦斯或天然氣,社會住宅包租轉租
嘉義市,租賃房屋,嘉義市嘉義市仁愛路３４７號７樓２,0.0,,,,1141111,土地0建物1車位0,七層,14,住宅大樓(11層含以上有電梯),住家用,鋼筋混凝土造,0850130,99.45,2,1,2,有,有,有,13000,131,,0.0,0,多人共同承租2；,RPQNMLLLJIKGFAI87CC,整棟(戶)出租,有,1141116~1151115,有,冷氣、熱水器、洗衣機、冰箱、瓦斯或天然氣,社會住宅代管
嘉義市,租賃房屋,嘉義市嘉義市蘭井街２９８巷５號,0.0,,,,1141114,土地0建物1車位0,全,2,透天厝,住家用,鋼筋混凝土加強磚造,0650318,103.06,3,2,3,有,無,有,19800,192,,0.0,0,,RPRNMLLLJIKGFAI97CC,整棟(戶)出租,無,1141120~1171119,無,冷氣、熱水器,社會住宅代管
嘉義市,租賃房屋,嘉義市嘉義市林森東路６７９巷４７號,0.0,,,,1141114,土地0建物1車位0,全,2,透天厝,住家用,磚造,0630906,78.48,3,1,1,有,無,無,6000,76,,0.0,0,,RPSNMLLLJIKGFAI08CC,整棟(戶)出租,無,1141120~1151119,無,,社會住宅代管
嘉義市,租賃房屋,嘉義市嘉義市中興路４９號４樓６,0.0,,,,1141114,土地0建物1車位0,四層,10,華廈(10層含以下有電梯),住家用,鋼筋混凝土造,0770924,39.17,1,1,1,有,有,有,6600,168,,0.0,0,,RPTNMLLLJIKGFAI18CC,獨立套房,有,1141120~1151119,有,冷氣、熱水器、洗衣機、電視機、冰箱,社會住宅代管
嘉義市,租賃房屋,嘉義市嘉義市永安街３５９號二樓,0.0,,,,1141121,土地0建物1車位0,二層,12,住宅大樓(11層含以上有電梯),住家用,鋼筋混凝土造,0931028,187.32,3,1,2,有,有,有,15000,80,,0.0,0,續租案件；,RPPNMLOLJIKGFAI08CC,整棟(戶)出租,有,1141215~1151214,有,冷氣、熱水器、瓦斯或天然氣,社會住宅包租轉租
嘉義市,租賃房屋,嘉義市嘉義市仁義新村１１號,0.0,,,,1141120,土地0建物1車位0,一層,5,公寓(5樓含以下無電梯),國民住宅,鋼筋混凝土造,0710503,85.0,3,2,1,有,無,無,10000,118,,0.0,0,續租案件；,RPRNMLOLJIKGFAI28CC,整棟(戶)出租,無,1141201~1151130,無,冷氣、熱水器、瓦斯或天然氣,社會住宅包租轉租
嘉義市,租賃房屋,嘉義市嘉義市杭州四街８６號３樓６,0.0,,,,1141120,土地0建物1車位0,三層,7,華廈(10層含以下有電梯),住家用,鋼筋混凝土造,0780117,40.34,1,0,1,有,有,有,8500,211,,0.0,0,續租案件；,RPSNMLOLJIKGFAI38CC,獨立套房,有,1141120~1151119,有,冷氣、熱水器、洗衣機、冰箱,社會住宅代管
嘉義市,租賃房屋,嘉義市嘉義市文華街２２號,0.0,,,,1141120,土地0建物1車位0,全,3,透天厝,住商用,鋼筋混凝土造,0841129,115.24,4,1,3,有,無,無,12000,104,,0.0,0,續租案件；,RPUNMLOLJIKGFAI58CC,整棟(戶)出租,無,1141128~1151127,無,冷氣、熱水器、瓦斯或天然氣,社會住宅包租轉租
嘉義市,租賃房屋,嘉義市嘉義市忠孝路７９０-６７號８樓２,0.0,,,,1141120,土地0建物1車位0,八層,11,住宅大樓(11層含以上有電梯),住家用,鋼筋混凝土造,0841004,111.67,3,1,2,有,有,有,20900,187,,0.0,0,,RPWNMLOLJIKGFAI78CC,整棟(戶)出租,有,1141121~1151120,有,冷氣、熱水器、洗衣機、電視機、冰箱、瓦斯或天然氣,社會住宅代管
嘉義市,租賃房屋,嘉義市嘉義市民生北路１５１號９樓７,0.0,,,,1141120,土地0建物1車位0,九層,12,住宅大樓(11層含以上有電梯),住家用,鋼筋混凝土造,0820105,48.370000000000005,1,0,1,有,有,無,10880,225,,0.0,0,其他-管理費1120元/月 由出租人負擔,RPXNMLOLJIKGFAI88CC,獨立套房,有,1141120~1151119,有,冷氣、熱水器、洗衣機、電視機、冰箱,
嘉義市,租賃房屋,嘉義市嘉義市垂楊路５９５巷４號,0.0,,,,1141119,土地0建物1車位0,全,2,透天厝,住家用,鋼筋混凝土加強磚造,0691005,46.08,3,1,2,有,無,無,12000,260,,0.0,0,續租案件；,RPPNMLPLJIKGFAI18CC,整棟(戶)出租,無,1141125~1151124,無,熱水器,社會住宅代管
嘉義市,租賃房屋,嘉義市嘉義市健康十六街８０號,0.0,,,,1141113,土地0建物1車位0,一層,5,華廈(10層含以下有電梯),店舖、停車空間,鋼筋混凝土造,1130423,90.00999999999999,3,2,3,有,有,無,37000,411,,0.0,0,,RPQNMLPLJIKGFAI28CC,,有,1141201~1161130,有,熱水器,
嘉義市,租賃房屋,嘉義市嘉義市志昇街１０８號八樓,0.0,,,,1141120,土地0建物1車位0,八層,14,住宅大樓(11層含以上有電梯),住家用,鋼筋混凝土造,0931103,201.38,3,2,2,有,有,有,15000,74,,0.0,0,續租案件；,RPRNMLPLJIKGFAI38CC,整棟(戶)出租,有,1141228~1151227,有,冷氣、熱水器、洗衣機、冰箱、瓦斯或天然氣,社會住宅代管
嘉義市,租賃房屋,嘉義市嘉義市彌陀路４０號三樓之２７,0.0,,,,1141120,土地0建物1車位0,三層,4,華廈(10層含以下有電梯),辦公室,鋼筋混凝土造,0970303,14.02,1,0,1,有,有,有,4000,285,,0.0,0,含增建或未登記建物；續租案件；,RPSNMLPLJIKGFAI48CC,獨立套房,有,1150101~1151231,有,冷氣、熱水器、電視機、冰箱、網路,一般代管
嘉義市,租賃房屋,嘉義市嘉義市林森西路１１號六樓１,0.0,,,,1141118,土地0建物1車位0,六層,12,住宅大樓(11層含以上有電梯),住家用,鋼筋混凝土造,0730126,109.86000000000001,3,1,2,有,有,有,20000,182,,0.0,0,多人共同承租2；,RPUNMLPLJIKGFAI68CC,整棟(戶)出租,有,1141124~1151123,有,冷氣、熱水器、洗衣機、電視機、冰箱、瓦斯或天然氣,一般代管
嘉義市,租賃房屋,嘉義市嘉義市成仁街２７１號之７三樓,0.0,,,,1141121,土地0建物1車位0,三層,5,公寓(5樓含以下無電梯),住家用,鋼筋混凝土造,0730728,115.44999999999999,3,2,2,有,無,有,12000,104,,0.0,0,多人共同承租2；,RPWNMLPLJIKGFAI88CC,整棟(戶)出租,無,1141201~1151130,無,冷氣、熱水器、電視機、冰箱,一般代管
嘉義市,租賃房屋,嘉義市嘉義市台林街２３７巷３２號,0.0,,,,1141126,土地0建物1車位0,全,2,透天厝,住家用,木造,0631105,73.72,4,2,1,有,無,無,14500,197,,0.0,0,,RPPNMLQLJIKGFAI28CC,整棟(戶)出租,無,1141201~1151130,無,,
嘉義市,租賃房屋,嘉義市嘉義市忠順一街１９號６樓９,0.0,,,,1141117,土地0建物1車位0,六層,8,華廈(10層含以下有電梯),住家用,鋼筋混凝土造,0820317,31.67,1,1,1,有,有,有,5000,158,,0.0,0,,RPQNMLQLJIKGFAI38CC,獨立套房,有,1141121~1151120,有,冷氣、熱水器、電視機、冰箱,社會住宅代管
嘉義市,租賃房屋,嘉義市嘉義市安和街４７號５樓４,0.0,,,,1141119,土地0建物1車位0,五層,6,華廈(10層含以下有電梯),住家用,鋼筋混凝土造,0821007,33.21,1,1,1,有,有,有,8000,241,,0.0,0,,RPRNMLQLJIKGFAI48CC,獨立套房,有,1141125~1151124,有,冷氣、熱水器、洗衣機、冰箱,社會住宅代管
嘉義市,租賃房屋,嘉義市嘉義市東洋新?４６９號三樓２,0.0,,,,1141111,土地0建物1車位0,三層,5,公寓(5樓含以下無電梯),住家用,鋼筋混凝土造,0720708,54.760000000000005,1,1,1,有,有,有,11000,201,,0.0,0,,RPSNMLQLJIKGFAI58CC,獨立套房,有,1141116~1171115,無,冷氣、熱水器、洗衣機、電視機、冰箱,社會住宅包租轉租
嘉義市,租賃房屋,嘉義市嘉義市國華街２９０號７樓１,0.0,,,,1141119,土地0建物1車位0,七層,7,華廈(10層含以下有電梯),辦公室,鋼筋混凝土造,0771108,35.36,1,0,1,有,有,有,6400,181,,0.0,0,續租案件；,RPQNMLRLJIKGFAI48CC,獨立套房,有,1141215~1151214,有,冷氣、熱水器、洗衣機、電視機、冰箱,社會住宅包租轉租
嘉義市,租賃房屋,嘉義市嘉義市彌陀路２５８號,0.0,,,,1141121,土地0建物1車位0,見其他登記事項,12,住宅大樓(11層含以上有電梯),住商用,鋼筋混凝土造,0810508,97.55,2,1,1,有,有,無,21000,215,,0.0,0,租金總額含稅；管理費；,RPRNMLRLJIKGFAI58CC,,有,1141201~1161130,有,冷氣、熱水器,
嘉義市,租賃房屋,嘉義市嘉義市德明路１７０號八樓１,0.0,,,,1141114,土地0建物1車位0,八層,12,住宅大樓(11層含以上有電梯),住家用,鋼筋混凝土造,0830530,131.97,2,2,2,有,有,有,14600,111,,0.0,0,,RPSNMLRLJIKGFAI68CC,整棟(戶)出租,有,1141120~1171119,有,冷氣、熱水器、瓦斯或天然氣,社會住宅包租轉租
嘉義市,租賃房屋,嘉義市嘉義市康樂街１０５之１號３樓２,0.0,,,,1141114,土地0建物1車位0,三層,6,華廈(10層含以下有電梯),住家用,鋼筋混凝土造,0820702,102.9,3,2,2,有,有,有,13000,126,,0.0,0,,RPVNMLRLJIKGFAI98CC,整棟(戶)出租,有,1141120~1171119,有,冷氣、熱水器、瓦斯或天然氣,社會住宅包租轉租
嘉義市,租賃房屋,嘉義市嘉義市新民路４００號１１樓,0.0,,,,1141117,土地0建物1車位0,十一層,12,住宅大樓(11層含以上有電梯),住家用,鋼筋混凝土造,0830704,147.54,3,2,2,有,有,有,18500,125,,0.0,0,,RPWNMLRLJIKGFAI09CC,整棟(戶)出租,有,1141121~1171120,有,冷氣、熱水器、洗衣機、電視機、冰箱、瓦斯或天然氣,社會住宅包租轉租
嘉義市,租賃房屋,嘉義市嘉義市重慶路３８４號５樓１６,0.0,,,,1141119,土地0建物1車位0,五層,7,華廈(10層含以下有電梯),住家用,鋼筋混凝土造,0821012,33.14,1,1,1,有,有,有,7500,226,,0.0,0,,RPXNMLRLJIKGFAI56CC,獨立套房,有,1141130~1171129,有,冷氣、熱水器、洗衣機,社會住宅包租轉租
嘉義市,租賃房屋,嘉義市嘉義市杭州四街９０號６樓１,0.0,,,,1141121,土地0建物1車位0,六層,7,華廈(10層含以下有電梯),住家用,鋼筋混凝土造,0780117,125.00999999999999,3,2,2,有,有,有,19800,158,,0.0,0,,RPOOMLRLJIKGFAI38CC,整棟(戶)出租,有,1141127~1171126,有,冷氣、熱水器、洗衣機、電視機、冰箱,社會住宅包租轉租
嘉義市,租賃房屋,嘉義市嘉義市民生南路２９４之８號四樓之３之１,0.0,,,,1141119,土地0建物1車位0,四層,7,華廈(10層含以下有電梯),住家用,鋼筋混凝土造,0780203,33.92,1,1,1,有,有,有,6600,195,,0.0,0,,RPQOMLRLJIKGFAI58CC,獨立套房,有,1141125~1171124,有,冷氣、熱水器、洗衣機、電視機、冰箱,社會住宅包租轉租
嘉義市,租賃房屋,嘉義市嘉義市興達路８９號,0.0,,,,1141120,土地0建物1車位0,全,3,透天厝,住商用,鋼筋混凝土造,0701228,172.76,3,3,3,有,無,無,20000,116,,0.0,0,,RPROMLRLJIKGFAI68CC,整棟(戶)出租,無,1141201~1151130,無,冷氣、熱水器,一般代管
嘉義市,租賃房屋,嘉義市嘉義市遠東街２４號之３之１,0.0,,,,1141111,土地0建物1車位0,全,3,透天厝,住商用,鋼筋混凝土造,0761103,158.23,4,1,2,有,無,無,20000,126,,0.0,0,多人共同承租3；,RPSOMLRLJIKGFAI78CC,整棟(戶)出租,無,1141125~1171225,無,熱水器,
嘉義市,租賃房屋,嘉義市嘉義市興雅路５９號８樓４,0.0,,,,1141121,土地0建物1車位0,八層,12,住宅大樓(11層含以上有電梯),住家用,鋼筋混凝土造,0831109,104.04,3,2,2,有,有,有,19800,190,,0.0,0,多人共同承租4；,RPTOMLRLJIKGFAI88CC,整棟(戶)出租,無,1141201~1151130,有,冷氣、熱水器,一般代管
嘉義市,租賃房屋,嘉義市嘉義市保建街３６之１３號１１樓３,0.0,,,,1141119,土地0建物1車位0,十一層,12,住宅大樓(11層含以上有電梯),住家用,鋼筋混凝土造,0820623,87.72,3,1,2,有,有,有,10475,119,,0.0,0,管理費每月625元由出租人負擔。續租案件；,RPUOMLRLJIKGFAI98CC,整棟(戶)出租,有,1141124~1151123,有,冷氣、熱水器、電視機、冰箱、瓦斯或天然氣,社會住宅代管
嘉義市,租賃房屋,嘉義市嘉義市雲霄里７鄰長榮街３６號,0.0,,,,1141127,土地0建物1車位0,全,3,透天厝,住商用,鋼筋混凝土造,0741009,140.81,4,2,3,有,無,無,19000,135,,0.0,0,續租案件；,RPQNMLSLJIKGFAI58CC,整棟(戶)出租,無,1141130~1151129,無,熱水器、冰箱、瓦斯或天然氣,社會住宅代管
嘉義市,租賃房屋,嘉義市嘉義市自強街１９５巷３３-１５號３樓３,0.0,,,,1141126,土地0建物1車位0,三層,8,華廈(10層含以下有電梯),住家用,鋼筋混凝土造,0841013,35.03,1,0,1,有,有,有,5500,157,,0.0,0,續租案件；,RPRNMLSLJIKGFAI68CC,獨立套房,有,1141128~1151127,有,冷氣、熱水器、洗衣機、電視機、冰箱,社會住宅代管
嘉義市,租賃房屋,嘉義市嘉義市忠孝北街１５２巷１１４號,0.0,,,,1141126,土地0建物1車位0,全,5,透天厝,住家用,鋼筋混凝土造,0821228,186.0,4,2,3,有,無,有,19800,106,,0.0,0,續租案件；,RPSNMLSLJIKGFAI78CC,整棟(戶)出租,無,1141130~1151129,無,冷氣、熱水器、洗衣機、電視機、冰箱、瓦斯或天然氣,社會住宅代管
嘉義市,租賃房屋,嘉義市嘉義市興村里３６鄰溪興街１５３巷３０弄５３號３樓２,0.0,,,,1141126,土地0建物1車位0,三層,5,公寓(5樓含以下無電梯),住家用,鋼筋混凝土造,0731013,60.86,2,1,1,有,無,有,7500,123,,0.0,0,續租案件；,RPUNMLSLJIKGFAI98CC,整棟(戶)出租,無,1141213~1151212,無,冷氣、熱水器、洗衣機、電視機、冰箱、瓦斯或天然氣,社會住宅包租轉租
嘉義市,租賃房屋,嘉義市嘉義市小雅路１９１號９樓４,0.0,,,,1141127,土地0建物1車位0,九層,16,住宅大樓(11層含以上有電梯),住家用,鋼筋混凝土造,0820609,122.56,3,1,2,有,有,有,15820,129,,0.0,0,管理費1180元由出租人負擔續租案件；,RPVNMLSLJIKGFAI09CC,整棟(戶)出租,有,1141205~1151204,有,冷氣、熱水器、洗衣機、電視機、冰箱、瓦斯或天然氣,社會住宅代管
嘉義市,租賃房屋,嘉義市嘉義市建成街１８６號４樓１,0.0,,,,1141126,土地0建物1車位0,四層,6,華廈(10層含以下有電梯),住家用,鋼筋混凝土造,0800710,38.06,1,0,1,有,有,有,5400,142,,0.0,0,管理費500元由出租人負擔,RPWNMLSLJIKGFAI56CC,獨立套房,有,1141127~1151126,有,冷氣、熱水器、洗衣機、電視機、冰箱,社會住宅代管
嘉義市,租賃房屋,嘉義市嘉義市林森東路２１１巷１６號２樓１,0.0,,,,1141125,土地0建物1車位0,二層,7,華廈(10層含以下有電梯),住家用,鋼筋混凝土造,0790112,131.07,3,1,2,有,有,有,10000,76,,0.0,0,續租案件；,RPXNMLSLJIKGFAI66CC,整棟(戶)出租,有,1141130~1151129,有,熱水器、瓦斯或天然氣,社會住宅代管
嘉義市,租賃房屋,嘉義市嘉義市民生南路１０００號三樓之１６,0.0,,,,1141124,土地0建物1車位0,三層,5,華廈(10層含以下有電梯),集合住宅,鋼筋混凝土構造,1070802,12.77,1,0,1,有,有,有,4000,313,,0.0,0,含增建或未登記建物；續租案件；,RPOOMLSLJIKGFAI48CC,獨立套房,有,1141212~1150611,有,冷氣、熱水器、電視機、冰箱、網路,一般代管
嘉義市,租賃房屋,嘉義市嘉義市興業西路３３６之１號５樓４,0.0,,,,1141127,土地0建物1車位0,五層,12,住宅大樓(11層含以上有電梯),住家用,鋼筋混凝土造,0830516,57.96000000000001,1,0,1,有,有,有,6000,104,,0.0,0,續租案件；,RPPOMLSLJIKGFAI58CC,獨立套房,有,1141210~1151209,有,冷氣、熱水器、洗衣機、電視機、冰箱、瓦斯或天然氣,社會住宅代管
嘉義市,租賃房屋+車位,嘉義市嘉義市西區健康九路４５７號８樓之６,0.0,,,,1141121,土地0建物1車位1,八層,14,住宅大樓(11層含以上有電梯),集合住宅,鋼筋混凝土造,1140311,121.0,2,2,2,有,有,有,24000,198,坡道平面,0.0,0,,RPROMLSLJIKGFAI78CC,整棟(戶)出租,有,1141201~1151130,有,冷氣、熱水器、洗衣機、電視機、冰箱、瓦斯或天然氣,
嘉義市,租賃房屋,嘉義市嘉義市國賢一街６６號１１樓１,0.0,,,,1141115,土地0建物1車位0,十一層,15,住宅大樓(11層含以上有電梯),住家用,鋼筋混凝土造,0810626,151.15,3,2,2,有,有,有,23000,152,,0.0,0,,RPSOMLSLJIKGFAI88CC,整棟(戶)出租,有,1141115~1151114,有,冷氣、熱水器、洗衣機、冰箱,
嘉義市,租賃房屋,嘉義市嘉義市信義路５５巷１９號,0.0,,,,1141121,土地0建物1車位0,全,2,透天厝,住商用,加強磚造,0771003,106.34,3,2,2,有,無,有,13000,122,,0.0,0,,RPPNMLTLJIKGFAI58CC,整棟(戶)出租,無,1141122~1151121,無,冷氣、熱水器、洗衣機、電視機、瓦斯或天然氣,社會住宅代管
嘉義市,租賃房屋,嘉義市嘉義市蘭井街１６２之４號４樓８,0.0,,,,1141121,土地0建物1車位0,四層,6,華廈(10層含以下有電梯),住家用,鋼筋混凝土造,0800104,32.04,1,0,1,有,有,有,7000,218,,0.0,0,管理費500元出租人負擔。,RPQNMLTLJIKGFAI68CC,獨立套房,有,1141124~1151123,有,冷氣、熱水器、洗衣機、電視機、冰箱、瓦斯或天然氣,社會住宅代管
嘉義市,租賃房屋,嘉義市嘉義市博愛路一段３８８之６號１２樓１,0.0,,,,1141121,土地0建物1車位0,十二層,12,住宅大樓(11層含以上有電梯),住家用,鋼筋混凝土造,0821220,85.25,2,1,1,有,有,有,12000,141,,0.0,0,,RPRNMLTLJIKGFAI78CC,整棟(戶)出租,有,1141125~1151124,有,冷氣、熱水器、洗衣機、冰箱、瓦斯或天然氣,社會住宅代管
嘉義市,租賃房屋,嘉義市嘉義市永福一街４２之１號,0.0,,,,1141125,土地0建物1車位0,一層,8,店面(店鋪),商業用,鋼筋混凝土造,0800403,80.93,0,0,0,無,有,無,13000,161,,0.0,0,,RPTNMLTLJIKGFAI98CC,,有,1141205~1161204,有,,
嘉義市,租賃房屋,嘉義市嘉義市小雅路２０１號３樓５,0.0,,,,1141121,土地0建物1車位0,三層,16,住宅大樓(11層含以上有電梯),住家用,鋼筋混凝土造,0820609,42.32,1,0,1,有,有,有,7000,165,,0.0,0,管理費500元由出租人負擔。續租案件；,RPPNMLKMJIKGFAI77CC,獨立套房,有,1141123~1151122,有,冷氣、熱水器、洗衣機、電視機、冰箱,社會住宅代管
嘉義市,租賃房屋,嘉義市嘉義市大街里１４鄰中山路２１５號１０樓１號,0.0,,,,1141121,土地0建物1車位0,十層,11,住宅大樓(11層含以上有電梯),住家用,鋼筋混凝土造,0690508,73.09,3,1,1,有,有,無,8200,112,,0.0,0,續租案件；,RPQNMLKMJIKGFAI87CC,整棟(戶)出租,有,1141121~1151120,有,熱水器,社會住宅包租轉租
嘉義市,租賃房屋,嘉義市嘉義市忠孝路６之１號６樓２,0.0,,,,1141119,土地0建物1車位0,六層,8,華廈(10層含以下有電梯),住家用,鋼筋混凝土造,0791208,29.150000000000002,1,0,1,有,無,有,5500,189,,0.0,0,續租案件；,RPRNMLKMJIKGFAI97CC,獨立套房,無,1141215~1151214,有,冷氣、熱水器、洗衣機、電視機、冰箱、瓦斯或天然氣,社會住宅代管
嘉義市,租賃房屋,嘉義市嘉義市東川里５鄰公園街９５巷３７號,0.0,,,,1141121,土地0建物1車位0,全,2,透天厝,住家用,見使用執照,0620122,90.29,4,2,2,有,無,有,10000,111,,0.0,0,門牌整編前地址：嘉義市東區山子頂114之3號,RPSNMLKMJIKGFAI08CC,整棟(戶)出租,無,1141124~1151123,無,冷氣、熱水器、洗衣機、冰箱,社會住宅包租轉租
嘉義市,租賃房屋,嘉義市嘉義市湖子內路１巷８９號３樓之１,0.0,,,,1141120,土地0建物1車位0,三層,6,華廈(10層含以下有電梯),住家用,鋼筋混凝土造,0820616,124.48,4,1,2,有,有,無,12000,96,,0.0,0,,RPPNMLLJKIKGFAI67CC,整棟(戶)出租,有,1141201~1151130,有,熱水器,
嘉義市,租賃房屋,嘉義市嘉義市蘭州四街７１號３樓５,0.0,,,,1141121,土地0建物1車位0,三層,7,華廈(10層含以下有電梯),住家用,鋼筋混凝土造,0820111,45.519999999999996,1,0,1,有,有,有,6500,143,,0.0,0,,RPQNMLLJKIKGFAI77CC,獨立套房,有,1141124~1151123,有,冷氣、熱水器、洗衣機、冰箱,社會住宅包租轉租
嘉義市,租賃房屋,嘉義市嘉義市彌陀路４２號二樓之２,0.0,,,,1141122,土地0建物1車位0,二層,4,華廈(10層含以下有電梯),辦公室,鋼筋混凝土造,0970303,14.02,1,0,1,有,有,有,4200,300,,0.0,0,含增建或未登記建物；續租案件；,RPRNMLLJKIKGFAI87CC,獨立套房,有,1150101~1150630,有,冷氣、熱水器、電視機、冰箱、網路,一般代管
嘉義市,租賃房屋,嘉義市嘉義市彌陀路４０號二樓之１０,0.0,,,,1141122,土地0建物1車位0,二層,4,華廈(10層含以下有電梯),辦公室,鋼筋混凝土造,0970303,14.02,1,0,1,有,有,有,4000,285,,0.0,0,含增建或未登記建物；續租案件；,RPSNMLLJKIKGFAI97CC,獨立套房,有,1150101~1150630,有,冷氣、熱水器、電視機、冰箱、網路,一般代管
嘉義市,租賃房屋,嘉義市嘉義市西榮街１０號４樓１,0.0,,,,1141124,土地0建物1車位0,四層,5,公寓(5樓含以下無電梯),住家用,鋼筋混凝土造,0730904,98.78999999999999,3,1,2,有,無,有,13800,140,,0.0,0,,RPPNMLMJKIKGFAI77CC,整棟(戶)出租,無,1141127~1151126,無,冷氣、熱水器、洗衣機、電視機、冰箱、瓦斯或天然氣,社會住宅代管
嘉義市,租賃房屋,嘉義市嘉義市永福三街２６號７樓４,0.0,,,,1141124,土地0建物1車位0,七層,7,華廈(10層含以下有電梯),住家用,鋼筋混凝土造,0811114,149.36,3,2,2,有,有,有,15000,100,,0.0,0,續租案件；,RPQNMLMJKIKGFAI87CC,整棟(戶)出租,有,1141125~1151124,有,冷氣、熱水器、洗衣機、電視機、冰箱、瓦斯或天然氣,社會住宅代管
嘉義市,租賃房屋,嘉義市嘉義市興達路４５４號１２樓２,0.0,,,,1141124,土地0建物1車位0,十二層,12,住宅大樓(11層含以上有電梯),住家用,鋼筋混凝土造,0830905,157.99,4,1,2,有,有,有,15000,95,,0.0,0,續租案件；,RPRNMLMJKIKGFAI97CC,整棟(戶)出租,有,1141125~1151124,有,冷氣、熱水器、洗衣機、電視機、冰箱、瓦斯或天然氣,社會住宅代管
嘉義市,租賃房屋,嘉義市嘉義市小雅路２０１號９樓１３,0.0,,,,1141124,土地0建物1車位0,九層,16,住宅大樓(11層含以上有電梯),住家用,鋼筋混凝土造,0820609,39.07,1,0,1,有,有,有,7500,192,,0.0,0,管理費500元由出租人負擔。,RPSNMLMJKIKGFAI08CC,獨立套房,有,1141125~1151124,有,冷氣、熱水器、洗衣機、電視機、冰箱,社會住宅包租轉租
嘉義市,租賃房屋+車位,嘉義市嘉義市健康九路４５３號十一樓之１,0.0,,,,1141119,土地0建物1車位1,十一層,12,住宅大樓(11層含以上有電梯),集合住宅,鋼筋混凝土造,1140311,155.11,3,2,2,有,有,有,37500,242,坡道平面,0.0,0,,RPTNMLMJKIKGFAI18CC,整棟(戶)出租,有,1141124~1151130,有,冷氣、熱水器、洗衣機、電視機、冰箱、瓦斯或天然氣,
嘉義市,租賃房屋,嘉義市嘉義市健康九路４５７號十四樓之２,0.0,,,,1141127,土地0建物1車位0,十四層,14,住宅大樓(11層含以上有電梯),集合住宅,鋼筋混凝土造,1140311,145.64,3,2,2,有,有,有,28000,192,,0.0,0,未租賃車位，建物登記含有車位面積；,RPUNMLMJKIKGFAI28CC,整棟(戶)出租,有,1141210~1151209,有,冷氣、熱水器、洗衣機、電視機、瓦斯或天然氣,
嘉義市,租賃房屋,嘉義市嘉義市友愛路１８９號,0.0,,,,1141127,土地0建物1車位0,全,2,透天厝,住家用,加強磚造,0800123,1626.66,0,0,0,無,無,無,320000,197,,0.0,0,租金總額含稅；,RPVNMLMJKIKGFAI38CC,,無,1150201~1170131,無,,
嘉義市,租賃房屋,嘉義市嘉義市東洋新?４９５號四樓２,0.0,,,,1141126,土地0建物1車位0,四層,5,公寓(5樓含以下無電梯),住家用,鋼筋混凝土造,0720708,40.410000000000004,1,0,1,有,有,有,7000,173,,0.0,0,續租案件；,RPPNMLNJKIKGFAI87CC,獨立套房,有,1141207~1151206,無,冷氣、熱水器、洗衣機、電視機、冰箱,社會住宅代管
嘉義市,租賃房屋,嘉義市嘉義市青年街１１８號,0.0,,,,1141125,土地0建物1車位0,一層,9,華廈(10層含以下有電梯),住家用,鋼筋混凝土造,0810914,85.07000000000001,3,1,1,有,有,有,8000,94,,0.0,0,門牌整編前：嘉義市平等街174巷7弄59號,RPQNMLNJKIKGFAI97CC,整棟(戶)出租,有,1141130~1151129,有,冷氣、熱水器、瓦斯或天然氣,社會住宅代管
嘉義市,租賃房屋+車位,嘉義市嘉義市博東路１７號７樓２,0.0,,,,1141128,土地0建物1車位1,七層,12,住宅大樓(11層含以上有電梯),住家用,鋼筋混凝土造,0830525,125.49,3,1,2,有,有,有,11650,93,坡道機械,0.0,0,管理費2350元由出租人負擔。,RPRNMLNJKIKGFAI08CC,整棟(戶)出租,有,1141201~1171130,有,熱水器、瓦斯或天然氣,
嘉義市,租賃房屋+車位,嘉義市嘉義市西區健康九路４５７號５樓之５,0.0,,,,1141128,土地0建物1車位1,五層,14,住宅大樓(11層含以上有電梯),集合住宅,鋼筋混凝土造,1140311,149.55,3,2,2,有,有,有,28000,187,坡道平面,0.0,0,,RPPNMLOJKIKGFAI97CC,整棟(戶)出租,有,1141201~1151130,有,冷氣、熱水器、洗衣機、電視機、冰箱、瓦斯或天然氣,
嘉義市,租賃房屋,嘉義市嘉義市小雅路１８３號五樓６,0.0,,,,1141125,土地0建物1車位0,五層,16,住宅大樓(11層含以上有電梯),住家用,鋼筋混凝土造,0820609,40.9,1,0,1,有,有,有,6500,159,,0.0,0,續租案件；,RPQNMLOJKIKGFAI08CC,獨立套房,有,1141208~1151207,有,冷氣、熱水器、洗衣機、電視機、冰箱,社會住宅包租轉租
嘉義市,租賃房屋,嘉義市嘉義市民生南路２９４之８號二樓之２,0.0,,,,1141125,土地0建物1車位0,二層,7,華廈(10層含以下有電梯),住家用,鋼筋混凝土造,0780203,32.230000000000004,1,0,1,有,有,有,5000,155,,0.0,0,續租案件；,RPRNMLOJKIKGFAI18CC,獨立套房,有,1141225~1151224,有,冷氣、熱水器、洗衣機、電視機、冰箱,社會住宅包租轉租
嘉義市,租賃房屋,嘉義市嘉義市北安路３４巷１０號,0.0,,,,1141126,土地0建物1車位0,全,3,透天厝,住宅、樓梯間,鋼筋混凝土構造,1050620,183.34,5,2,4,有,無,有,15000,82,,0.0,0,續租案件；,RPSNMLOJKIKGFAI28CC,整棟(戶)出租,無,1141220~1151219,無,冷氣、熱水器、電視機,社會住宅包租轉租
嘉義市,租賃房屋,嘉義市嘉義市彌陀路４０號四樓之８,0.0,,,,1141127,土地0建物1車位0,四層,4,華廈(10層含以下有電梯),辦公室,鋼筋混凝土造,0970303,14.02,1,0,1,有,有,有,4000,285,,0.0,0,含增建或未登記建物；續租案件；,RPVNMLOJKIKGFAI58CC,獨立套房,有,1141201~1150531,有,冷氣、熱水器、電視機、冰箱、網路,一般代管
嘉義市,租賃房屋,嘉義市嘉義市民生南路１０００之２號,0.0,,,,1141202,土地0建物1車位0,一層,5,華廈(10層含以下有電梯),集合住宅,鋼筋混凝土構造,1070802,12.77,1,0,1,有,有,有,4000,313,,0.0,0,含增建或未登記建物；續租案件；,RPWNMLOJKIKGFAI68CC,獨立套房,有,1141213~1150812,有,冷氣、熱水器、電視機、冰箱、網路,一般代管
嘉義市,租賃房屋,嘉義市嘉義市民生南路１０００號五樓之１０,0.0,,,,1141201,土地0建物1車位0,五層,5,華廈(10層含以下有電梯),集合住宅,鋼筋混凝土構造,1070802,12.77,1,0,1,有,有,有,4000,313,,0.0,0,含增建或未登記建物；續租案件；,RPXNMLOJKIKGFAI78CC,獨立套房,有,1150103~1160102,有,冷氣、熱水器、電視機、冰箱、網路,一般代管
嘉義市,租賃房屋,嘉義市嘉義市杭州四街８６號４樓５,0.0,,,,1141128,土地0建物1車位0,四層,7,華廈(10層含以下有電梯),住家用,鋼筋混凝土造,0780117,37.300000000000004,1,0,1,有,有,有,6000,161,,0.0,0,,RPOOMLOJKIKGFAI97CC,獨立套房,有,1141129~1150924,有,冷氣、熱水器、冰箱,社會住宅代管
嘉義市,租賃房屋,嘉義市嘉義市永福三街２５號３樓３,0.0,,,,1141201,土地0建物1車位0,三層,6,華廈(10層含以下有電梯),住家用,鋼筋混凝土造,0800718,124.7,3,1,2,有,有,無,15200,122,,0.0,0,管理費每月800元由出租人負擔。,RPQOMLOJKIKGFAI18CC,整棟(戶)出租,有,1141209~1151208,有,冷氣、熱水器、冰箱、瓦斯或天然氣,社會住宅代管
嘉義市,租賃房屋,嘉義市嘉義市向榮街２１７-９號４樓５,0.0,,,,1141128,土地0建物1車位0,四層,12,住宅大樓(11層含以上有電梯),住家用,鋼筋混凝土造,0841013,40.79,1,0,1,有,有,有,7200,177,,0.0,0,管理費每月300元由出租人負擔。續租案件；,RPROMLOJKIKGFAI28CC,獨立套房,有,1141223~1151222,有,冷氣、熱水器、洗衣機、電視機、冰箱、瓦斯或天然氣,社會住宅代管
嘉義市,租賃房屋,嘉義市嘉義市忠孝路７９０-１０５號６樓２,0.0,,,,1141128,土地0建物1車位0,六層,11,住宅大樓(11層含以上有電梯),住家用,鋼筋混凝土造,0841004,114.64,4,2,2,有,有,有,13500,118,,0.0,0,續租案件；,RPSOMLOJKIKGFAI38CC,整棟(戶)出租,有,1141205~1151204,有,冷氣、熱水器、洗衣機、電視機、冰箱、瓦斯或天然氣,社會住宅代管
嘉義市,租賃房屋,嘉義市嘉義市博愛路一段４８２巷１０號四樓３之１,0.0,,,,1141201,土地0建物1車位0,四層,7,華廈(10層含以下有電梯),住家用,鋼筋混凝土造,0840125,28.81,1,0,1,有,有,有,7000,243,,0.0,0,,RPTOMLOJKIKGFAI48CC,獨立套房,有,1141205~1151204,有,冷氣、熱水器、洗衣機、電視機、冰箱、瓦斯或天然氣,社會住宅包租轉租
嘉義市,租賃房屋,嘉義市嘉義市延平街３００號五樓５,0.0,,,,1141128,土地0建物1車位0,五層,7,華廈(10層含以下有電梯),住家用,鋼筋混凝土造,0670323,94.09,3,1,2,有,有,有,17500,186,,0.0,0,管理費每月500元由出租人負擔。,RPWOMLOJKIKGFAI78CC,整棟(戶)出租,有,1141201~1151130,有,冷氣、熱水器、洗衣機、電視機、冰箱、瓦斯或天然氣,社會住宅代管
嘉義市,租賃房屋,嘉義市嘉義市友愛路５８８號１０樓之１,0.0,,,,1141128,土地0建物1車位0,十層,12,住宅大樓(11層含以上有電梯),住家用,鋼筋混凝土造,0821229,125.59,4,1,2,有,有,有,12000,96,,0.0,0,,RPXOMLOJKIKGFAI88CC,整棟(戶)出租,有,1141202~1151201,有,冷氣、熱水器、洗衣機、電視機、冰箱、瓦斯或天然氣,社會住宅包租轉租
嘉義市,租賃房屋,嘉義市嘉義市立仁路９８號,0.0,,,,1141204,土地0建物1車位0,全,2,透天厝,住家用,鋼筋混凝土加強磚造,0630108,79.28,4,3,2,有,無,無,20000,252,,0.0,0,,RPPNMLQJKIKGFAI18CC,整棟(戶)出租,無,1141210~1161209,無,冷氣、熱水器,
嘉義市,租賃房屋,嘉義市嘉義市民生北路１５１號十樓之１,0.0,,,,1141118,土地0建物1車位0,十層,12,住宅大樓(11層含以上有電梯),住家用,鋼筋混凝土造,0820105,86.41,1,1,1,有,有,有,15000,174,,0.0,0,多人共同承租2；租金總額含管理費；,RPQNMLQJKIKGFAI28CC,整棟(戶)出租,有,1141120~1151119,有,冷氣、熱水器、冰箱,
嘉義市,租賃房屋,嘉義市嘉義市德明路７３號１５樓２,0.0,,,,1141127,土地0建物1車位0,十五層,19,住宅大樓(11層含以上有電梯),住家用,鋼筋混凝土造,0840816,151.93,4,2,2,有,有,有,18000,118,,0.0,0,,RPRNMLQJKIKGFAI38CC,整棟(戶)出租,有,1141201~1151130,有,冷氣、熱水器、洗衣機、電視機、冰箱、瓦斯或天然氣,
嘉義市,租賃房屋,嘉義市嘉義市博東路１１７號１１樓１,0.0,,,,1141115,土地0建物1車位0,十一層,22,住宅大樓(11層含以上有電梯),住家用,鋼筋混凝土造,0870319,79.56,2,2,1,有,有,無,9000,113,,0.0,0,,RPSNMLQJKIKGFAI48CC,整棟(戶)出租,有,1141115~1151114,有,冷氣、熱水器、洗衣機、瓦斯或天然氣,一般代管
嘉義市,租賃房屋,嘉義市嘉義市蘭州三街７０號,0.0,,,,1141203,土地0建物1車位0,全,2,透天厝,住家用,加強磚造,0770519,134.96,4,2,2,有,無,有,15500,115,,0.0,0,,RPPNMLRJKIKGFAI28CC,整棟(戶)出租,無,1141204~1151203,無,冷氣、熱水器、瓦斯或天然氣,社會住宅代管
嘉義市,租賃房屋,嘉義市嘉義市和平路２６１之１號８樓４,0.0,,,,1141203,土地0建物1車位0,八層,14,住宅大樓(11層含以上有電梯),住家用,鋼筋混凝土造,0821018,84.43,2,1,1,有,有,有,13500,160,,0.0,0,續租案件；,RPRNMLRJKIKGFAI48CC,整棟(戶)出租,有,1141217~1151216,有,冷氣、熱水器、洗衣機、冰箱、瓦斯或天然氣,社會住宅包租轉租
嘉義市,租賃房屋+車位,嘉義市嘉義市興美七街１４２號７樓之１,0.0,,,,1141129,土地0建物1車位1,七層,9,華廈(10層含以下有電梯),辦公室,鋼筋混凝土構造,1100312,98.98,3,1,2,有,有,有,18000,182,坡道機械,0.0,0,多人共同承租3；,RPPNMLSJKIKGFAI38CC,整棟(戶)出租,有,1141129~1151210,有,冷氣、熱水器、洗衣機、電視機、冰箱,
嘉義市,租賃房屋,嘉義市嘉義市友愛路５６２號十樓之１０,0.0,,,,1141128,土地0建物1車位0,十層,14,住宅大樓(11層含以上有電梯),商業用,鋼筋混凝土造,0840724,74.89,1,1,1,有,有,有,14000,187,,0.0,0,租金總額含管理費；,RPQNMLSJKIKGFAI48CC,整棟(戶)出租,有,1141201~1151130,有,冷氣、熱水器、洗衣機、電視機、冰箱,
嘉義市,租賃房屋,嘉義市嘉義市盧厝１０８之１７號４樓７,0.0,,,,1141121,土地0建物1車位0,四層,7,華廈(10層含以下有電梯),住家用,鋼筋混凝土造,0790423,116.64,3,2,2,有,有,有,12000,103,,0.0,0,,RPRNMLSJKIKGFAI58CC,整棟(戶)出租,有,1141201~1171130,有,冷氣、熱水器、電視機、瓦斯或天然氣,社會住宅包租轉租
嘉義市,租賃房屋,嘉義市嘉義市國治街２８號９樓２,0.0,,,,1141207,土地0建物1車位0,九層,12,住宅大樓(11層含以上有電梯),住家用,鋼筋混凝土造,0821223,132.7,3,2,2,有,有,有,18000,136,,0.0,0,租金總額含管理費；,RPTNMLSJKIKGFAI78CC,整棟(戶)出租,有,1141210~1151209,有,冷氣、熱水器、洗衣機、電視機、冰箱、瓦斯或天然氣,
嘉義市,租賃房屋,嘉義市嘉義市新榮路３５巷５號１樓,0.0,,,,1141121,土地0建物1車位0,一層,14,住宅大樓(11層含以上有電梯),住家用,鋼筋混凝土造,0931029,213.75,4,2,2,有,有,有,17600,82,,0.0,0,,RPUNMLSJKIKGFAI88CC,整棟(戶)出租,有,1141205~1171204,有,冷氣、熱水器、瓦斯或天然氣,社會住宅包租轉租
嘉義市,租賃房屋+車位,嘉義市嘉義市興達路５６４號６樓３,0.0,,,,1141205,土地0建物1車位1,六層,12,住宅大樓(11層含以上有電梯),住家用,鋼筋混凝土造,0830121,134.76,3,2,2,有,有,有,20250,150,坡道機械,0.0,250,另繳管理費每月2100元，由承租人負擔,RPVNMLSJKIKGFAI98CC,整棟(戶)出租,有,1141210~1151209,有,冷氣、熱水器、洗衣機、冰箱、瓦斯或天然氣,
嘉義市,租賃房屋,嘉義市嘉義市西區德明路７１號１１樓之２,0.0,,,,1141122,土地0建物1車位0,十一層,19,住宅大樓(11層含以上有電梯),住家用,鋼筋混凝土造,0840816,127.82000000000001,2,2,2,有,有,有,18000,141,,0.0,0,,RPWNMLSJKIKGFAI09CC,整棟(戶)出租,有,1141201~1151130,有,冷氣、熱水器、洗衣機、冰箱、瓦斯或天然氣,
嘉義市,租賃房屋,嘉義市嘉義市康樂街１０３之４號５樓１,0.0,,,,1141202,土地0建物1車位0,五層,6,華廈(10層含以下有電梯),住家用,鋼筋混凝土造,0820702,105.93,3,1,1,有,有,有,14000,132,,0.0,0,,RPPNMLTJKIKGFAI48CC,整棟(戶)出租,有,1141203~1151202,有,冷氣、熱水器、洗衣機、冰箱、瓦斯或天然氣,社會住宅代管
嘉義市,租賃房屋,嘉義市嘉義市世賢路四段３５０巷２１弄６５號四樓之１,0.0,,,,1141204,土地0建物1車位0,四層,6,華廈(10層含以下有電梯),住家用,鋼筋混凝土造,0810903,96.26,3,1,2,有,有,有,10000,104,,0.0,0,續租案件；,RPQNMLTJKIKGFAI58CC,整棟(戶)出租,有,1141213~1151212,有,冷氣、熱水器、洗衣機、電視機、冰箱、瓦斯或天然氣,社會住宅代管
嘉義市,租賃房屋+車位,嘉義市嘉義市西區友孝路２１１號３樓之６,0.0,,,,1141209,土地0建物1車位1,三層,9,華廈(10層含以下有電梯),辦公室,鋼筋混凝土構造,1090227,109.14,3,2,2,有,有,無,22000,202,坡道機械,0.0,0,租金總額含管理費；,RPPNMLKKKIKGFAI67CC,整棟(戶)出租,有,1141224~1151223,有,冷氣、熱水器、瓦斯或天然氣,
嘉義市,租賃房屋,嘉義市嘉義市安樂街８３號十二樓２,0.0,,,,1141210,土地0建物1車位0,十二層,12,住宅大樓(11層含以上有電梯),住家用,鋼筋混凝土造,0890111,145.45999999999998,3,2,2,有,有,有,17000,117,,0.0,0,,RPQNMLKKKIKGFAI77CC,整棟(戶)出租,有,1150101~1151231,有,冷氣、熱水器、冰箱、瓦斯或天然氣,
嘉義市,租賃房屋,嘉義市嘉義市新民路７０７巷１１號２樓６,0.0,,,,1141126,土地0建物1車位0,二層,7,華廈(10層含以下有電梯),住家用,鋼筋混凝土造,0860516,35.379999999999995,1,0,1,有,有,有,6000,170,,0.0,0,管理費700元由出租人負擔。續租案件；,RPRNMLKKKIKGFAI87CC,獨立套房,有,1141202~1151106,有,冷氣、熱水器、洗衣機、電視機、冰箱,社會住宅代管
嘉義市,租賃房屋,嘉義市嘉義市福州五街１２號５樓１０,0.0,,,,1141201,土地0建物1車位0,五層,7,華廈(10層含以下有電梯),住家用,鋼筋混凝土造,0810903,66.48,1,1,1,有,有,有,8500,128,,0.0,0,,RPSNMLKKKIKGFAI97CC,獨立套房,有,1141202~1151201,有,冷氣、熱水器、電視機、冰箱、瓦斯或天然氣,社會住宅包租轉租
嘉義市,租賃房屋+車位,嘉義市嘉義市東區大業街１０６巷４７號１２樓３,0.0,,,,1141111,土地0建物1車位1,十二層,15,住宅大樓(11層含以上有電梯),集合住宅,鋼筋混凝土構造,1100309,138.74,2,2,1,有,有,有,26000,187,坡道平面,31.12,0,租金總額含管理費；,RPTNMLKKKIKGFAI08CC,整棟(戶)出租,有,1141120~1151119,有,冷氣、熱水器、洗衣機、電視機、冰箱、瓦斯或天然氣,
嘉義市,租賃房屋,嘉義市嘉義市彌陀路４０號二樓之３１,0.0,,,,1141208,土地0建物1車位0,二層,4,華廈(10層含以下有電梯),辦公室,鋼筋混凝土造,0970303,19.71,1,0,1,有,有,有,4800,244,,0.0,0,含增建或未登記建物；續租案件；,RPPNMLLKKIKGFAI77CC,獨立套房,有,1141218~1151217,有,冷氣、熱水器、電視機、冰箱、網路,一般代管
嘉義市,租賃房屋,嘉義市嘉義市彌陀路４２號三樓之３０,0.0,,,,1141208,土地0建物1車位0,三層,4,華廈(10層含以下有電梯),辦公室,鋼筋混凝土造,0970303,14.02,1,0,1,有,有,有,4000,285,,0.0,0,含增建或未登記建物；續租案件；,RPQNMLLKKIKGFAI87CC,獨立套房,有,1150106~1150705,有,冷氣、熱水器、電視機、冰箱、網路,一般代管
嘉義市,租賃房屋,嘉義市嘉義市彌陀路４０號三樓之２９,0.0,,,,1141204,土地0建物1車位0,三層,4,華廈(10層含以下有電梯),辦公室,鋼筋混凝土造,0970303,19.71,1,0,1,有,有,有,5000,254,,0.0,0,含增建或未登記建物；,RPRNMLLKKIKGFAI97CC,獨立套房,有,1141208~1150607,有,冷氣、熱水器、電視機、冰箱、網路,一般代管
嘉義市,租賃房屋,嘉義市嘉義市彌陀路４０號三樓之９,0.0,,,,1141205,土地0建物1車位0,三層,4,華廈(10層含以下有電梯),辦公室,鋼筋混凝土造,0970303,14.02,1,0,1,有,有,有,4000,285,,0.0,0,含增建或未登記建物；續租案件；,RPSNMLLKKIKGFAI08CC,獨立套房,有,1150101~1150630,有,冷氣、熱水器、電視機、冰箱、網路,一般代管
嘉義市,租賃房屋,嘉義市嘉義市彌陀路４２號四樓之２２,0.0,,,,1141208,土地0建物1車位0,四層,4,華廈(10層含以下有電梯),辦公室,鋼筋混凝土造,0970303,14.419999999999998,1,0,1,有,有,有,3900,270,,0.0,0,含增建或未登記建物；續租案件；,RPTNMLLKKIKGFAI18CC,獨立套房,有,1141209~1150608,有,冷氣、熱水器、電視機、冰箱、網路,一般代管
嘉義市,租賃房屋,嘉義市嘉義市民生南路１０００號四樓之２６,0.0,,,,1141204,土地0建物1車位0,四層,5,華廈(10層含以下有電梯),集合住宅,鋼筋混凝土構造,1070802,12.93,1,0,1,有,有,有,4000,309,,0.0,0,含增建或未登記建物；續租案件；,RPUNMLLKKIKGFAI28CC,獨立套房,有,1150110~1150909,有,冷氣、熱水器、電視機、冰箱、網路,一般代管
嘉義市,租賃房屋,嘉義市嘉義市民生南路１０００號五樓之３,0.0,,,,1141204,土地0建物1車位0,五層,5,華廈(10層含以下有電梯),集合住宅,鋼筋混凝土構造,1070802,12.93,1,0,1,有,有,有,4000,309,,0.0,0,含增建或未登記建物；續租案件；,RPVNMLLKKIKGFAI38CC,獨立套房,有,1141223~1150622,有,冷氣、熱水器、電視機、冰箱、網路,一般代管
嘉義市,租賃房屋+車位,嘉義市嘉義市健康十街９８號４樓之２,0.0,,,,1141204,土地0建物1車位1,四層,5,華廈(10層含以下有電梯),集合住宅,鋼筋混凝土造,1121018,115.78,3,1,2,有,有,無,24000,207,一樓平面,0.0,0,租金總額含管理費；,RPXNMLLKKIKGFAI58CC,整棟(戶)出租,有,1141210~1151209,有,冷氣、熱水器、瓦斯或天然氣,
嘉義市,租賃房屋,嘉義市嘉義市中庄里９鄰世賢路一段１２之９號３樓之１,0.0,,,,1141204,土地0建物1車位0,三層,8,華廈(10層含以下有電梯),住家用,鋼筋混凝土造,0820112,141.81,3,1,2,有,有,有,16800,118,,0.0,0,管理費1700元由出租人負擔。門牌整編前地址：嘉義市東區台斗街233之10號3樓1未租賃車位，建物登記含有車位面積；,RPPOMLLKKIKGFAI87CC,整棟(戶)出租,有,1141205~1150514,有,冷氣、熱水器、洗衣機、電視機、冰箱,社會住宅代管
嘉義市,租賃房屋+車位,嘉義市嘉義市嘉義市西區健康九路４６１號５樓１,0.0,,,,1141211,土地0建物1車位1,五層,12,住宅大樓(11層含以上有電梯),集合住宅,鋼筋混凝土造,1140311,119.59,2,1,2,有,有,無,24000,201,坡道平面,0.0,0,租金總額含管理費；其他200；,RPPNMLMKKIKGFAI87CC,整棟(戶)出租,有,1141211~1151211,有,冷氣、熱水器、洗衣機、冰箱、瓦斯或天然氣,
嘉義市,租賃房屋,嘉義市嘉義市林森東路２１１巷１８號,0.0,,,,1141209,土地0建物1車位0,一層,7,華廈(10層含以下有電梯),住家用,鋼筋混凝土造,0790112,149.66,4,2,2,有,有,有,11000,73,,0.0,0,續租案件；,RPQNMLMKKIKGFAI97CC,整棟(戶)出租,有,1141231~1151230,有,熱水器、瓦斯或天然氣,社會住宅代管
嘉義市,租賃房屋,嘉義市嘉義市永吉一街６８號６樓９,0.0,,,,1141205,土地0建物1車位0,六層,7,華廈(10層含以下有電梯),住家用,鋼筋混凝土造,0840211,63.01,1,1,1,有,有,有,8230,131,,0.0,0,管理費570元由出租人負擔。,RPRNMLMKKIKGFAI08CC,獨立套房,有,1141206~1151205,有,冷氣、熱水器、洗衣機、電視機、冰箱、瓦斯或天然氣,社會住宅代管
嘉義市,租賃房屋,嘉義市嘉義市博愛路二段１６８號１３樓之９,0.0,,,,1141205,土地0建物1車位0,十三層,14,住宅大樓(11層含以上有電梯),住家用,鋼筋混凝土造,0880421,78.99,2,1,1,有,有,有,13000,165,,0.0,0,,RPSNMLMKKIKGFAI18CC,整棟(戶)出租,有,1141206~1151205,有,冷氣、熱水器、洗衣機、電視機、冰箱、瓦斯或天然氣,社會住宅代管
嘉義市,租賃房屋,嘉義市嘉義市東洋新?１２１之８號３樓６,0.0,,,,1141205,土地0建物1車位0,三層,5,華廈(10層含以下有電梯),住家用,鋼筋混凝土造,0780518,42.76,1,0,1,有,有,有,7400,173,,0.0,0,管理費600元由出租人負擔。多人共同承租2；,RPUNMLMKKIKGFAI38CC,獨立套房,有,1141215~1151214,有,冷氣、熱水器、洗衣機、電視機、冰箱、瓦斯或天然氣,社會住宅包租轉租
嘉義市,租賃房屋,嘉義市嘉義市雅竹路１０８號７樓之１,0.0,,,,1141205,土地0建物1車位0,七層,12,住宅大樓(11層含以上有電梯),住家用,鋼筋混凝土造,0840113,146.09,3,2,2,有,有,有,16000,110,,0.0,0,續租案件；,RPVNMLMKKIKGFAI48CC,整棟(戶)出租,有,1141215~1151214,有,冷氣、熱水器、洗衣機、冰箱、瓦斯或天然氣,社會住宅代管
嘉義市,租賃房屋,嘉義市嘉義市德明路６７號９樓２,0.0,,,,1141209,土地0建物1車位0,九層,18,住宅大樓(11層含以上有電梯),住家用,鋼筋混凝土造,0840816,82.92,2,1,1,有,有,有,13321,161,,0.0,0,管理費1679元由出租人負擔。,RPWNMLMKKIKGFAI58CC,整棟(戶)出租,有,1141209~1151208,有,冷氣、熱水器、洗衣機、冰箱、瓦斯或天然氣,社會住宅代管
嘉義市,租賃房屋,嘉義市嘉義市民生南路２９４號之１二樓之４,0.0,,,,1141205,土地0建物1車位0,二層,7,華廈(10層含以下有電梯),住家用,鋼筋混凝土造,0780203,36.650000000000006,1,0,1,有,有,有,5700,156,,0.0,0,管理費800元由出租人負擔。,RPXNMLMKKIKGFAI68CC,獨立套房,有,1141210~1151209,有,冷氣、熱水器、洗衣機、瓦斯或天然氣,社會住宅代管
嘉義市,租賃房屋,嘉義市嘉義市保康路７７號,0.0,,,,1141203,土地0建物1車位0,見其他登記事項,1,工廠,廠房,鋼骨造,0941226,166.07,0,0,0,無,無,無,45000,,,0.0,0,租金總額含稅；,RPPNMLNKKIKGFAI97CC,,無,1150101~1151231,無,,
嘉義市,租賃房屋+車位,嘉義市嘉義市圓福街９之１０號２樓１,0.0,,,,1141203,土地0建物1車位1,二層,7,華廈(10層含以下有電梯),住家用,鋼筋混凝土造,0821222,111.99,3,2,2,有,有,有,14800,132,坡道機械,0.0,0,,RPQNMLNKKIKGFAI08CC,整棟(戶)出租,有,1141215~1151214,有,冷氣、熱水器、洗衣機、冰箱、瓦斯或天然氣,
嘉義市,租賃房屋+車位,嘉義市嘉義市中興路２７１巷１弄５號６樓之２,0.0,,,,1141208,土地0建物1車位1,六層,7,華廈(10層含以下有電梯),住家用,鋼筋混凝土造,0820723,136.07,3,2,2,有,有,有,18000,132,坡道平面,0.0,0,租金總額含管理費；,RPQNMLPKKIKGFAI28CC,整棟(戶)出租,無,1141220~1151219,有,冷氣、冰箱,
嘉義市,租賃房屋,嘉義市嘉義市台林街２３７巷３１號,0.0,,,,1141209,土地0建物0車位0,全,2,透天厝,住家用,木造,0631105,19.0,3,0,2,有,無,有,8500,447,,0.0,0,本件承租一樓後面房間，獨立出入口的套房租金總額含水費；,RPRNMLPKKIKGFAI38CC,分租套房,無,1141215~1151214,無,冷氣、熱水器、冰箱,
嘉義市,租賃房屋,嘉義市嘉義市民生南路１０００號三樓之１,0.0,,,,1141128,土地0建物1車位0,三層,5,華廈(10層含以下有電梯),集合住宅,鋼筋混凝土構造,1070802,13.16,1,0,1,有,有,有,4500,342,,0.0,0,續租案件；,RPPNMLQKKIKGFAI28CC,獨立套房,有,1150109~1160108,有,冷氣、熱水器、電視機、冰箱,社會住宅代管
嘉義市,租賃房屋,嘉義市嘉義市民生南路４２１巷２９號,0.0,,,,1141205,土地0建物1車位0,全,2,透天厝,住家用,鋼筋混凝土加強磚造,0710318,73.61,4,2,2,有,無,無,15000,204,,0.0,0,續租案件；,RPQNMLQKKIKGFAI38CC,整棟(戶)出租,無,1150119~1160118,無,,社會住宅包租轉租
嘉義市,租賃房屋,嘉義市嘉義市德明路７１號５樓２,0.0,,,,1141205,土地0建物1車位0,五層,19,住宅大樓(11層含以上有電梯),住家用,鋼筋混凝土造,0840816,127.82000000000001,3,2,2,有,有,有,16500,129,,0.0,0,續租案件；,RPRNMLQKKIKGFAI48CC,整棟(戶)出租,有,1150119~1160118,有,冷氣、熱水器、洗衣機、電視機、冰箱、瓦斯或天然氣,社會住宅包租轉租
嘉義市,租賃房屋,嘉義市嘉義市小雅路１８３號八樓１,0.0,,,,1141205,土地0建物1車位0,八層,16,住宅大樓(11層含以上有電梯),住家用,鋼筋混凝土造,0820609,46.31999999999999,1,1,1,有,有,有,6000,130,,0.0,0,續租案件；,RPSNMLQKKIKGFAI58CC,獨立套房,有,1150119~1160118,有,冷氣、熱水器,社會住宅包租轉租
嘉義市,租賃房屋,嘉義市嘉義市永吉四街３１號６樓３,0.0,,,,1141212,土地0建物1車位0,六層,6,華廈(10層含以下有電梯),住家用,鋼筋混凝土造,0840712,49.489999999999995,1,0,1,有,有,有,7500,152,,0.0,0,續租案件；,RPUNMLQKKIKGFAI78CC,獨立套房,有,1150217~1160216,有,冷氣、熱水器、洗衣機、電視機、冰箱,社會住宅包租轉租
嘉義市,租賃房屋,嘉義市嘉義市小雅路１８３號十一樓３,0.0,,,,1141212,土地0建物1車位0,十一層,16,住宅大樓(11層含以上有電梯),住家用,鋼筋混凝土造,0820609,39.51,1,0,1,有,有,有,6000,152,,0.0,0,管理費500元由出租人負擔,RPVNMLQKKIKGFAI88CC,獨立套房,有,1141213~1151212,有,冷氣、熱水器、洗衣機、電視機、冰箱、瓦斯或天然氣,社會住宅包租轉租
嘉義市,租賃房屋,嘉義市嘉義市和平路２６１之２號６樓１,0.0,,,,1141210,土地0建物1車位0,六層,14,住宅大樓(11層含以上有電梯),住家用,鋼筋混凝土造,0821018,70.71000000000001,2,1,1,有,有,有,12000,170,,0.0,0,續租案件；,RPWNMLQKKIKGFAI98CC,整棟(戶)出租,有,1150218~1160217,有,冷氣、熱水器、洗衣機、電視機、冰箱,社會住宅包租轉租
嘉義市,租賃房屋,嘉義市嘉義市北社尾路３３５巷７８號,0.0,,,,1141210,土地0建物1車位0,全,4,透天厝,住商用,鋼筋混凝土造,0810805,167.56,4,2,4,有,無,有,19800,118,,0.0,0,續租案件；,RPXNMLQKKIKGFAI09CC,整棟(戶)出租,無,1141211~1151210,無,熱水器、瓦斯或天然氣,社會住宅代管
嘉義市,租賃房屋,嘉義市嘉義市永安街３５５號１樓,0.0,,,,1141211,土地0建物1車位0,一層,12,住宅大樓(11層含以上有電梯),住家用,鋼筋混凝土造,0931028,187.93,3,2,2,有,有,有,16000,85,,0.0,0,續租案件；,RPOOMLQKKIKGFAI28CC,整棟(戶)出租,有,1150216~1160215,有,冷氣、熱水器、瓦斯或天然氣,社會住宅包租轉租
嘉義市,租賃房屋,嘉義市嘉義市仁義新村５５號３樓,0.0,,,,1141209,土地0建物1車位0,三層,5,公寓(5樓含以下無電梯),國民住宅,鋼筋混凝土造,0710503,85.0,3,2,1,有,無,有,10000,118,,0.0,0,續租案件；,RPPOMLQKKIKGFAI38CC,整棟(戶)出租,無,1141219~1151218,無,冷氣、熱水器、洗衣機、冰箱、瓦斯或天然氣,社會住宅代管
嘉義市,租賃房屋,嘉義市嘉義市彌陀路１５９號１３樓１,0.0,,,,1141209,土地0建物1車位0,十三層,20,住宅大樓(11層含以上有電梯),住家用,鋼筋混凝土造,0850311,105.88000000000001,3,2,1,有,有,有,13000,123,,0.0,0,管理費800元由出租人負擔,RPQOMLQKKIKGFAI48CC,整棟(戶)出租,有,1141210~1151209,有,冷氣、熱水器、洗衣機、電視機、瓦斯或天然氣,社會住宅包租轉租
嘉義市,租賃房屋,嘉義市嘉義市光彩街５０５號６樓１７,0.0,,,,1141210,土地0建物1車位0,六層,6,華廈(10層含以下有電梯),住家用,鋼筋混凝土造,0820426,31.51,1,0,1,有,有,有,6500,206,,0.0,0,續租案件；,RPROMLQKKIKGFAI58CC,獨立套房,有,1141211~1151210,有,冷氣、熱水器、洗衣機、電視機、冰箱,社會住宅代管
嘉義市,租賃房屋,嘉義市嘉義市忠孝路６之１號４樓２,0.0,,,,1141211,土地0建物1車位0,四層,8,華廈(10層含以下有電梯),住家用,鋼筋混凝土造,0791208,29.150000000000002,1,0,1,有,有,有,5100,175,,0.0,0,管理費400元由出租人負擔,RPSOMLQKKIKGFAI68CC,獨立套房,有,1141215~1151214,有,冷氣、熱水器、洗衣機、電視機、冰箱,社會住宅包租轉租
嘉義市,租賃房屋,嘉義市嘉義市永福一街７號４樓３,0.0,,,,1141212,土地0建物1車位0,四層,13,住宅大樓(11層含以上有電梯),住家用,鋼筋混凝土造,0831223,119.81,3,1,2,有,有,有,14000,117,,0.0,0,續租案件；,RPTOMLQKKIKGFAI78CC,整棟(戶)出租,有,1141215~1151214,有,冷氣、熱水器、瓦斯或天然氣,社會住宅代管
嘉義市,租賃房屋,嘉義市嘉義市杭州四街８６號３樓３,0.0,,,,1141205,土地0建物1車位0,三層,7,華廈(10層含以下有電梯),住家用,鋼筋混凝土造,0780117,37.300000000000004,1,0,1,有,有,有,10300,276,,0.0,0,續租案件；,RPWOMLQKKIKGFAI09CC,獨立套房,有,1150105~1160104,有,冷氣、熱水器、洗衣機、電視機、冰箱,社會住宅包租轉租
嘉義市,租賃房屋,嘉義市嘉義市民生北路３１８號,0.0,,,,1141215,土地0建物1車位0,全,1,透天厝,商業用,木造,0300716,49.25,1,0,1,有,無,無,22000,447,,0.0,0,,RPXOMLQKKIKGFAI56CC,,無,1150101~1171231,無,,
嘉義市,租賃房屋,嘉義市嘉義市延平街２６４之１號２樓５,0.0,,,,1141208,土地0建物1車位0,二層,8,華廈(10層含以下有電梯),住家用,鋼筋混凝土造,0830111,62.91,2,1,1,有,有,有,8000,127,,0.0,0,續租案件；,RPOPMLQKKIKGFAI38CC,整棟(戶)出租,有,1141210~1151209,有,冷氣、熱水器、洗衣機、冰箱、瓦斯或天然氣,社會住宅包租轉租
嘉義市,租賃房屋,嘉義市嘉義市林森東路６１２巷７弄２號,0.0,,,,1141124,土地0建物1車位0,全,1,透天厝,住家用,磚造,0650531,51.69,3,1,1,有,無,無,9000,174,,0.0,0,,RPPPMLQKKIKGFAI48CC,整棟(戶)出租,無,1141201~1171130,無,冷氣、熱水器、洗衣機,社會住宅代管
嘉義市,租賃房屋,嘉義市嘉義市自由路５０４號１５樓之２,0.0,,,,1141126,土地0建物1車位0,十五層,16,住宅大樓(11層含以上有電梯),住家用,鋼筋混凝土造,0830530,169.97,4,2,2,有,有,有,19000,112,,0.0,0,,RPQPMLQKKIKGFAI58CC,整棟(戶)出租,有,1141205~1171204,有,冷氣、熱水器、瓦斯或天然氣,社會住宅包租轉租
嘉義市,租賃房屋,嘉義市嘉義市中正路１１３之２號,0.0,,,,1141126,土地0建物1車位0,全,2,透天厝,住家用,鋼筋混凝土加強磚造,0630316,99.57,2,1,1,有,無,有,8000,80,,0.0,0,,RPSPMLQKKIKGFAI78CC,整棟(戶)出租,無,1141210~1171209,無,熱水器,社會住宅包租轉租
嘉義市,租賃房屋,嘉義市嘉義市保建街３６之１號６樓５,0.0,,,,1141127,土地0建物1車位0,六層,13,住宅大樓(11層含以上有電梯),住家用,鋼筋混凝土造,0820623,76.39,2,1,1,有,有,有,17400,228,,0.0,0,,RPTPMLQKKIKGFAI88CC,整棟(戶)出租,有,1141208~1171207,有,冷氣、熱水器、洗衣機、電視機、冰箱,社會住宅包租轉租
嘉義市,租賃房屋,嘉義市嘉義市光彩街５２５之２號４樓５,0.0,,,,1141126,土地0建物1車位0,四層,8,華廈(10層含以下有電梯),住家用,鋼筋混凝土造,0820423,46.45,1,1,1,有,有,有,8500,183,,0.0,0,,RPUPMLQKKIKGFAI98CC,獨立套房,有,1141210~1171209,有,冷氣、熱水器、洗衣機、電視機、冰箱,社會住宅包租轉租
嘉義市,租賃房屋,嘉義市嘉義市西區劉厝里劉厝路４１６號,0.0,,,,1141203,土地0建物1車位0,見其他登記事項,1,其他,自用農舍,鋼架造,0790814,25.9,0,0,0,無,無,無,80000,3089,,0.0,0,中華電信於本租賃物之預計裝機時間為民國115年01月31日，故雙方約定免租裝潢整理期間自民國115年01月31日起至115年02月28日止。裝潢期間免付租金，但所生水、電相關費用均由乙方自行負擔，甲方同意於上開免租裝潢整理期間提供本租賃標的物予乙方無償整備使用，並至前項租賃期間開始時起算租金；惟如中華電信提前裝機完畢，則前述免租裝潢整理期間提前於裝機作業完成日起算壹個月；如中華電信之裝機時間有展延或遲誤者，本免租裝潢整理期間順延至中華電信裝機作業完成日起算壹個月，如遇春節國定假日期間亦自動順延。含增建或未登記建物；租賃期間有約定不同租金另有未保存登記建物有稅籍，面積約850.20平方公尺。850.20平方公尺不包含嘉義市劉厝段劉厝小段02112-000建號的25.90平方公尺；,RPQNMLRKKIKGFAI48CC,,無,1150301~1200228,無,,
嘉義市,租賃房屋,嘉義市嘉義市力行街１７號五樓９,0.0,,,,1141211,土地0建物1車位0,五層,12,住宅大樓(11層含以上有電梯),住家用,鋼筋混凝土造,0831128,38.85,1,0,1,有,有,有,6000,154,,0.0,0,續租案件；,RPQNMLSKKIKGFAI58CC,獨立套房,有,1141215~1151214,有,冷氣、熱水器、洗衣機、冰箱,社會住宅包租轉租
嘉義市,租賃房屋,嘉義市嘉義市中興路２３號６樓１,0.0,,,,1141202,土地0建物1車位0,六層,7,華廈(10層含以下有電梯),住家用,鋼筋混凝土造,0850618,63.98,1,1,1,有,有,有,8000,125,,0.0,0,,RPRNMLSKKIKGFAI68CC,獨立套房,有,1141210~1171209,有,冷氣、熱水器、洗衣機、電視機、冰箱,社會住宅包租轉租
嘉義市,租賃房屋,嘉義市嘉義市延平街３４１號９樓３,0.0,,,,1141128,土地0建物1車位0,九層,10,華廈(10層含以下有電梯),住家用,鋼筋混凝土造,0811029,49.940000000000005,1,1,1,有,有,有,7400,148,,0.0,0,,RPSNMLSKKIKGFAI78CC,獨立套房,有,1141205~1171204,有,冷氣、熱水器、洗衣機、電視機、冰箱,社會住宅包租轉租
嘉義市,租賃房屋,嘉義市嘉義市仁義新村１３號５樓,0.0,,,,1141213,土地0建物1車位0,五層,5,公寓(5樓含以下無電梯),國民住宅,鋼筋混凝土造,0710503,79.65,3,1,1,有,無,有,5000,63,,0.0,0,,RPTNMLSKKIKGFAI88CC,整棟(戶)出租,無,1141215~1151214,無,冷氣、熱水器、洗衣機、冰箱、瓦斯或天然氣,社會住宅代管
嘉義市,租賃房屋,嘉義市嘉義市世賢路一段５１７號１２樓２,0.0,,,,1141202,土地0建物1車位0,十二層,14,住宅大樓(11層含以上有電梯),集合住宅,鋼筋混凝土造,0880731,96.39,3,2,2,有,有,有,15000,156,,0.0,0,,RPUNMLSKKIKGFAI98CC,整棟(戶)出租,有,1141210~1171209,有,冷氣、熱水器、洗衣機、電視機、冰箱、瓦斯或天然氣,社會住宅包租轉租
嘉義市,租賃房屋,嘉義市嘉義市玉山路２４２號３樓之１,0.0,,,,1141202,土地0建物1車位0,三層,12,住宅大樓(11層含以上有電梯),住家用,鋼筋混凝土造,0840803,130.12,3,2,2,有,有,有,15000,115,,0.0,0,,RPVNMLSKKIKGFAI09CC,整棟(戶)出租,有,1141210~1171209,有,熱水器、瓦斯或天然氣,社會住宅包租轉租
嘉義市,租賃房屋,嘉義市嘉義市興雅路７５號８樓１,0.0,,,,1141213,土地0建物1車位0,八層,12,住宅大樓(11層含以上有電梯),住家用,鋼筋混凝土造,0831109,26.38,1,0,1,有,有,有,7500,284,,0.0,0,管理費500元由出租人負擔。,RPWNMLSKKIKGFAI56CC,獨立套房,有,1141215~1151214,有,冷氣、熱水器、電視機、冰箱,一般代管
嘉義市,租賃房屋,嘉義市嘉義市小雅路３４３號３樓８,0.0,,,,1141212,土地0建物1車位0,三層,12,住宅大樓(11層含以上有電梯),住家用,鋼筋混凝土造,0820609,27.5,1,0,1,有,有,有,4800,175,,0.0,0,,RPXNMLSKKIKGFAI66CC,獨立套房,有,1141216~1151215,有,冷氣、熱水器、洗衣機、冰箱,一般代管
嘉義市,租賃房屋,嘉義市嘉義市彌陀路４２號二樓之９,0.0,,,,1141215,土地0建物1車位0,二層,4,華廈(10層含以下有電梯),辦公室,鋼筋混凝土造,0970303,14.02,1,0,1,有,有,有,4000,285,,0.0,0,含增建或未登記建物；續租案件；,RPPNMLTKKIKGFAI58CC,獨立套房,有,1150301~1150831,有,冷氣、熱水器、電視機、冰箱、網路,一般代管
嘉義市,租賃房屋,嘉義市嘉義市彌陀路４０號二樓之２,0.0,,,,1141204,土地0建物1車位0,二層,4,華廈(10層含以下有電梯),辦公室,鋼筋混凝土造,0970303,14.419999999999998,1,0,1,有,有,有,4000,277,,0.0,0,含增建或未登記建物；,RPQNMLTKKIKGFAI68CC,獨立套房,有,1141210~1150609,有,冷氣、熱水器、電視機、冰箱、網路,一般代管
嘉義市,租賃房屋,嘉義市嘉義市彌陀路４０號三樓之２２,0.0,,,,1141216,土地0建物1車位0,三層,4,華廈(10層含以下有電梯),辦公室,鋼筋混凝土造,0970303,14.02,1,0,1,有,有,有,4000,285,,0.0,0,含增建或未登記建物；續租案件；,RPRNMLTKKIKGFAI78CC,獨立套房,有,1141223~1150622,有,冷氣、熱水器、電視機、冰箱、網路,一般代管
嘉義市,租賃房屋,嘉義市嘉義市民生南路１０００之５號,0.0,,,,1141215,土地0建物1車位0,一層,5,華廈(10層含以下有電梯),集合住宅,鋼筋混凝土構造,1070802,12.93,1,0,1,有,有,有,4000,309,,0.0,0,含增建或未登記建物；續租案件；,RPSNMLTKKIKGFAI88CC,獨立套房,有,1150325~1150924,有,冷氣、熱水器、電視機、冰箱、網路,一般代管
嘉義市,租賃房屋,嘉義市嘉義市民生南路１０００號二樓之５,0.0,,,,1141211,土地0建物1車位0,二層,5,華廈(10層含以下有電梯),集合住宅,鋼筋混凝土構造,1070802,12.93,1,0,1,有,有,有,4000,309,,0.0,0,含增建或未登記建物；續租案件；,RPTNMLTKKIKGFAI98CC,獨立套房,有,1150121~1150720,有,冷氣、熱水器、電視機、冰箱、網路,一般代管
嘉義市,租賃房屋,嘉義市嘉義市民生南路１０００號四樓之１６,0.0,,,,1141215,土地0建物1車位0,四層,5,華廈(10層含以下有電梯),集合住宅,鋼筋混凝土構造,1070802,12.77,1,0,1,有,有,有,4000,313,,0.0,0,含增建或未登記建物；續租案件；,RPUNMLTKKIKGFAI09CC,獨立套房,有,1150216~1150815,有,冷氣、熱水器、電視機、冰箱、網路,一般代管
嘉義市,租賃房屋,嘉義市嘉義市新生路２８３號７樓１,0.0,,,,1141216,土地0建物1車位0,七層,7,華廈(10層含以下有電梯),住家用,鋼筋混凝土造,0801218,125.32,2,2,2,有,有,有,16000,128,,0.0,0,租金總額含管理費；其他8樓水電費2000元；,RPVNMLTKKIKGFAI56CC,整棟(戶)出租,無,1141220~1151219,有,冷氣、冰箱、瓦斯或天然氣,
嘉義市,租賃房屋,嘉義市嘉義市興雅路７５號六樓之１,0.0,,,,1141217,土地0建物1車位0,六層,12,住宅大樓(11層含以上有電梯),住家用,鋼筋混凝土造,0831109,14.26,1,0,1,有,有,有,6000,421,,0.0,0,,RPWNMLTKKIKGFAI66CC,獨立套房,有,1141220~1151219,有,冷氣、熱水器、電視機、冰箱,一般代管
嘉義市,租賃房屋,嘉義市嘉義市國華街１２３之９號,0.0,,,,1141214,土地0建物1車位0,一層,6,華廈(10層含以下有電梯),住家用,鋼筋混凝土造,0820222,94.45,2,1,2,有,有,有,16000,169,,0.0,0,,RPXNMLTKKIKGFAI76CC,整棟(戶)出租,有,1141217~1151216,有,冷氣、熱水器、洗衣機、電視機、冰箱、瓦斯或天然氣,
嘉義市,租賃房屋,嘉義市嘉義市民生南路８１８巷３９號,0.0,,,,1141122,土地0建物1車位0,全,4,透天厝,住家用,鋼筋混凝土造,0830706,234.8,4,3,3,有,有,無,24800,106,,0.0,0,多人共同承租3；,RPPNMLKLKIKGFAI77CC,整棟(戶)出租,無,1141201~1151130,無,冷氣,
嘉義市,租賃房屋,嘉義市嘉義市永和里１０鄰康樂街４１４巷２號,0.0,,,,1141215,土地0建物1車位0,全,3,透天厝,住商用,鋼筋混凝土造,0680509,130.44,3,2,3,有,無,無,11000,84,,0.0,0,門牌整編前地址：嘉義市西區力行里7鄰康樂街414巷2號續租案件；,RPPNMLMLKIKGFAI97CC,整棟(戶)出租,無,1141218~1151217,無,熱水器,社會住宅代管
嘉義市,租賃房屋,嘉義市嘉義市仁義新村５０號４樓,0.0,,,,1141216,土地0建物1車位0,四層,5,公寓(5樓含以下無電梯),集合住宅,鋼筋混凝土造,0710503,82.74,3,2,1,有,無,有,11000,133,,0.0,0,續租案件；,RPQNMLMLKIKGFAI08CC,整棟(戶)出租,無,1141221~1151220,無,冷氣、熱水器、洗衣機、電視機、冰箱、瓦斯或天然氣,社會住宅代管
嘉義市,租賃房屋,嘉義市嘉義市建成街６７巷３１號,0.0,,,,1141216,土地0建物1車位0,全,2,透天厝,住家用,木造,0610602,69.98,3,1,1,有,無,有,10000,143,,0.0,0,續租案件；,RPRNMLMLKIKGFAI18CC,整棟(戶)出租,無,1150115~1160114,無,冷氣、熱水器、冰箱、瓦斯或天然氣,社會住宅代管
嘉義市,租賃房屋,嘉義市嘉義市興雅路１００號９樓之４,0.0,,,,1141215,土地0建物1車位0,九層,9,華廈(10層含以下有電梯),住家用,鋼筋混凝土造,0820824,57.32,2,2,1,有,有,有,12140,212,,0.0,0,管理費860元由出租人負擔。,RPSNMLMLKIKGFAI28CC,整棟(戶)出租,有,1141217~1151216,有,冷氣、熱水器、洗衣機、冰箱,社會住宅包租轉租
嘉義市,租賃房屋,嘉義市嘉義市徐州三街２６號３樓７,0.0,,,,1141218,土地0建物1車位0,三層,6,華廈(10層含以下有電梯),住家用,鋼筋混凝土造,0820111,50.83,1,0,1,有,有,有,11000,216,,0.0,0,續租案件；,RPTNMLMLKIKGFAI38CC,獨立套房,有,1141222~1151013,有,冷氣、熱水器、洗衣機、電視機、冰箱、瓦斯或天然氣,社會住宅代管
嘉義市,租賃房屋,嘉義市嘉義市和平路２８３-１號５樓６,0.0,,,,1141217,土地0建物1車位0,五層,9,華廈(10層含以下有電梯),住家用,鋼筋混凝土造,0840517,27.369999999999997,1,0,1,有,有,有,5000,183,,0.0,0,續租案件；,RPVNMLMLKIKGFAI58CC,獨立套房,有,1150209~1160208,有,冷氣、熱水器、洗衣機、電視機、冰箱,社會住宅包租轉租
嘉義市,租賃房屋,嘉義市嘉義市仁愛路２９９巷１號,0.0,,,,1141204,土地0建物1車位0,全,2,透天厝,住家用,鋼筋混凝土加強磚造,0630613,79.58,2,3,2,有,無,有,15000,188,,0.0,0,,RPWNMLMLKIKGFAI68CC,整棟(戶)出租,無,1141205~1151204,無,冷氣、熱水器,社會住宅代管
嘉義市,租賃房屋,嘉義市嘉義市彌陀路２６６號１１樓２,0.0,,,,1141215,土地0建物1車位0,十一層,12,住宅大樓(11層含以上有電梯),住商用,鋼筋混凝土造,0810508,32.84,1,0,1,有,有,有,6100,186,,0.0,0,管理費400元由出租人負擔。,RPXNMLMLKIKGFAI78CC,獨立套房,有,1141215~1151214,有,冷氣、熱水器、電視機、冰箱,社會住宅代管
嘉義市,租賃房屋,嘉義市嘉義市彌陀路１６３號６樓１,0.0,,,,1141218,土地0建物1車位0,六層,20,住宅大樓(11層含以上有電梯),住家用,鋼筋混凝土造,0850311,59.5,1,1,1,有,有,有,8000,134,,0.0,0,,RPOOMLMLKIKGFAI97CC,獨立套房,有,1141220~1151219,有,冷氣、熱水器、洗衣機、電視機、冰箱,社會住宅代管
嘉義市,租賃房屋,嘉義市嘉義市新民路７０７巷１１號５樓１,0.0,,,,1141217,土地0建物1車位0,五層,7,華廈(10層含以下有電梯),住家用,鋼筋混凝土造,0860516,34.519999999999996,1,0,1,有,有,有,8000,232,,0.0,0,,RPPOMLMLKIKGFAI08CC,獨立套房,有,1141218~1151217,有,冷氣、熱水器、洗衣機、電視機、冰箱,社會住宅代管
嘉義市,租賃房屋,嘉義市嘉義市蘭井街１６２之３號,0.0,,,,1141216,土地0建物1車位0,一層,6,華廈(10層含以下有電梯),住家用,鋼筋混凝土造,0800104,102.92,2,1,2,有,有,有,12500,121,,0.0,0,,RPQOMLMLKIKGFAI18CC,整棟(戶)出租,有,1141217~1151216,有,冷氣、熱水器、瓦斯或天然氣,社會住宅代管
嘉義市,租賃房屋+車位,嘉義市嘉義市健康九路４５５號七樓之３,0.0,,,,1141129,土地0建物1車位1,七層,14,住宅大樓(11層含以上有電梯),集合住宅,鋼筋混凝土造,1140311,113.83,3,1,1,有,有,有,24000,211,坡道平面,29.28,0,含機車停車位1個,RPROMLMLKIKGFAI28CC,整棟(戶)出租,有,1141215~1151214,有,冷氣、熱水器、洗衣機、電視機、冰箱、瓦斯或天然氣,一般代管
嘉義市,租賃房屋,嘉義市嘉義市民生南路４０３巷４８弄３７號,0.0,,,,1141202,土地0建物0車位0,全,2,透天厝,住家用,鋼筋混凝土加強磚造,0600512,20.24,4,0,4,有,無,有,11000,543,,0.0,0,多人共同承租2；租賃建物部分範圍，且未計入共有部分面積；,RPSOMLMLKIKGFAI38CC,分租套房,無,1141203~1151202,無,冷氣、熱水器、洗衣機、電視機、冰箱,一般代管
嘉義市,租賃房屋,嘉義市嘉義市福民里１０鄰上海路１２２號５樓４,0.0,,,,1141212,土地0建物1車位0,五層,5,公寓(5樓含以下無電梯),國民住宅,鋼筋混凝土造,0730220,88.53,3,1,2,有,無,有,9500,107,,0.0,0,續租案件；,RPUOMLMLKIKGFAI58CC,整棟(戶)出租,無,1141218~1151217,無,熱水器、洗衣機、瓦斯或天然氣,社會住宅代管
嘉義市,租賃房屋,嘉義市嘉義市和平路２８３-１號７樓１,0.0,,,,1141215,土地0建物1車位0,七層,9,華廈(10層含以下有電梯),住家用,鋼筋混凝土造,0840517,38.879999999999995,1,0,1,有,有,有,5000,129,,0.0,0,續租案件；,RPWOMLMLKIKGFAI78CC,獨立套房,有,1141216~1151215,有,冷氣、熱水器、電視機、冰箱,社會住宅代管
嘉義市,租賃房屋,嘉義市嘉義市健康二路１４２號,0.0,,,,1141204,土地0建物1車位0,全,3,透天厝,店舖、樓梯間,鋼筋混凝土造,1130419,199.12,4,2,5,有,無,無,32000,161,,0.0,0,,RPQNMLNLKIKGFAI18CC,整棟(戶)出租,無,1141210~1171209,無,熱水器,
嘉義市,租賃房屋,嘉義市嘉義市健康二路１４６號,0.0,,,,1141219,土地0建物1車位0,全,3,透天厝,店舖、樓梯間,鋼筋混凝土造,1130419,205.11,4,2,5,有,無,有,40000,195,,0.0,0,,RPRNMLNLKIKGFAI28CC,整棟(戶)出租,無,1150105~1170104,無,冷氣、熱水器、電視機、冰箱,
嘉義市,租賃房屋+車位,嘉義市嘉義市忠孝路７９０之３號二樓之１,0.0,,,,1141216,土地0建物1車位1,二層,14,住宅大樓(11層含以上有電梯),集合住宅,鋼筋混凝土構造,1050510,164.59,3,2,2,有,有,有,24000,146,坡道平面,30.46,0,,RPSNMLNLKIKGFAI38CC,整棟(戶)出租,有,1141215~1151214,有,冷氣、熱水器、洗衣機、電視機、冰箱、瓦斯或天然氣,
嘉義市,租賃房屋,嘉義市嘉義市彌陀路２６４號３樓５,0.0,,,,1141207,土地0建物1車位0,三層,12,住宅大樓(11層含以上有電梯),住家用,鋼筋混凝土造,0810508,148.82999999999998,3,2,2,有,有,有,19000,128,,0.0,0,,RPPNMLOLKIKGFAI18CC,整棟(戶)出租,有,1150101~1161231,有,冷氣、熱水器,
嘉義市,租賃房屋,嘉義市嘉義市台林街２３７巷３１號,0.0,,,,1141224,土地0建物0車位0,全,2,透天厝,住家用,木造,0631105,19.0,3,0,2,有,無,有,7500,395,,0.0,0,本件承租一樓前面房間，獨立出入口的套房租金總額含水費；,RPQNMLOLKIKGFAI28CC,分租套房,無,1150101~1151231,無,冷氣、熱水器、洗衣機、冰箱,
嘉義市,租賃房屋,嘉義市嘉義市新榮路１號３樓之１,0.0,,,,1141212,土地0建物1車位0,三層,14,住宅大樓(11層含以上有電梯),住家用,鋼筋混凝土造,0931103,183.64,3,1,2,有,有,有,17000,93,,0.0,0,未租賃車位，建物登記含有車位面積；續租案件；,RPRNMLOLKIKGFAI38CC,整棟(戶)出租,有,1141214~1151213,有,冷氣、熱水器、洗衣機、冰箱、瓦斯或天然氣,社會住宅代管
嘉義市,租賃房屋,嘉義市嘉義市蘭井街２２９巷１１號,0.0,,,,1141204,土地0建物1車位0,全,2,透天厝,住家用,鋼筋混凝土加強磚造,0581217,89.61,3,2,2,有,無,有,10000,112,,0.0,0,,RPSNMLOLKIKGFAI48CC,整棟(戶)出租,無,1141210~1171209,無,冷氣、熱水器、洗衣機、電視機、冰箱,社會住宅包租轉租
嘉義市,租賃房屋,嘉義市嘉義市彌陀路１６３號２樓５,0.0,,,,1141211,土地0建物1車位0,二層,20,住宅大樓(11層含以上有電梯),住家用,鋼筋混凝土造,0850311,144.85,4,2,2,有,有,有,17400,120,,0.0,0,,RPTNMLOLKIKGFAI58CC,整棟(戶)出租,有,1141216~1171215,有,冷氣、熱水器、洗衣機、電視機、冰箱、瓦斯或天然氣,社會住宅包租轉租
嘉義市,租賃房屋,嘉義市嘉義市台林街２９６巷２弄２號,0.0,,,,1141219,土地0建物0車位0,全,4,透天厝,住宅，梯間,鋼筋混凝土造,0940913,21.44,5,0,5,有,無,有,7000,326,,0.0,0,公共水費、公共電費,RPPNMLQLKIKGFAI38CC,分租套房,無,1141220~1151219,無,冷氣、熱水器、冰箱,一般轉租
嘉義市,租賃房屋,嘉義市嘉義市彌陀路４２號４樓之８,0.0,,,,1141218,土地0建物1車位0,四層,4,華廈(10層含以下有電梯),辦公室,鋼筋混凝土造,0970303,14.02,1,0,1,有,有,無,4400,314,,0.0,0,管理費600元由出租人負擔。,RPRNMLQLKIKGFAI58CC,獨立套房,有,1150101~1151231,有,冷氣、熱水器、冰箱,
嘉義市,租賃房屋+車位,嘉義市嘉義市康樂街９８號６樓２,0.0,,,,1141216,土地0建物1車位1,六層,6,華廈(10層含以下有電梯),住家用,鋼筋混凝土造,0820222,98.83,2,1,1,有,有,有,22000,223,坡道平面,0.0,0,租金總額含管理費；,RPSNMLQLKIKGFAI68CC,整棟(戶)出租,有,1141220~1151219,有,冷氣、熱水器、洗衣機、冰箱、瓦斯或天然氣,
嘉義市,租賃房屋,嘉義市嘉義市志昇街１１３號十四樓,0.0,,,,1141218,土地0建物1車位0,十四層,14,住宅大樓(11層含以上有電梯),住家用,鋼筋混凝土造,0931103,187.89,3,1,2,有,有,有,16000,85,,0.0,0,未租賃車位，建物登記含有車位面積；續租案件；,RPTNMLQLKIKGFAI78CC,整棟(戶)出租,有,1141223~1151222,有,冷氣、熱水器、洗衣機、電視機、瓦斯或天然氣,社會住宅包租轉租
嘉義市,租賃房屋,嘉義市嘉義市彌陀路４０號二樓之１３,0.0,,,,1141219,土地0建物1車位0,二層,4,華廈(10層含以下有電梯),辦公室,鋼筋混凝土造,0970303,14.02,1,0,1,有,有,有,4000,285,,0.0,0,含增建或未登記建物；續租案件；,RPUNMLQLKIKGFAI88CC,獨立套房,有,1150201~1150731,有,冷氣、熱水器、電視機、冰箱、網路,一般代管
嘉義市,租賃房屋,嘉義市嘉義市彌陀路４０號二樓之５,0.0,,,,1141217,土地0建物1車位0,二層,4,華廈(10層含以下有電梯),辦公室,鋼筋混凝土造,0970303,14.02,1,0,1,有,有,有,4000,285,,0.0,0,含增建或未登記建物；續租案件；,RPVNMLQLKIKGFAI98CC,獨立套房,有,1150105~1160104,有,冷氣、熱水器、電視機、冰箱、網路,一般代管
嘉義市,租賃房屋,嘉義市嘉義市彌陀路４２號三樓之１１,0.0,,,,1141220,土地0建物1車位0,三層,4,華廈(10層含以下有電梯),辦公室,鋼筋混凝土造,0970303,14.02,1,0,1,有,有,有,4000,285,,0.0,0,含增建或未登記建物；續租案件；,RPWNMLQLKIKGFAI09CC,獨立套房,有,1150201~1150731,有,冷氣、熱水器、電視機、冰箱、網路,一般代管
嘉義市,租賃房屋,嘉義市嘉義市彌陀路４２號四樓之１５,0.0,,,,1141217,土地0建物1車位0,四層,4,華廈(10層含以下有電梯),辦公室,鋼筋混凝土造,0970303,14.02,1,0,1,有,有,有,4000,285,,0.0,0,含增建或未登記建物；續租案件；,RPXNMLQLKIKGFAI56CC,獨立套房,有,1150101~1150630,有,冷氣、熱水器、電視機、冰箱、網路,一般代管
嘉義市,租賃房屋,嘉義市嘉義市民生南路１０００號二樓之６,0.0,,,,1141216,土地0建物1車位0,二層,5,華廈(10層含以下有電梯),集合住宅,鋼筋混凝土構造,1070802,12.77,1,0,1,有,有,有,4000,313,,0.0,0,含增建或未登記建物；續租案件；,RPOOMLQLKIKGFAI38CC,獨立套房,有,1150301~1160228,有,冷氣、熱水器、電視機、冰箱、網路,一般代管
嘉義市,租賃房屋,嘉義市嘉義市民生南路１０００號二樓之２０,0.0,,,,1141217,土地0建物1車位0,二層,5,華廈(10層含以下有電梯),集合住宅,鋼筋混凝土構造,1070802,12.77,1,0,1,有,有,有,3800,298,,0.0,0,含增建或未登記建物；續租案件；,RPPOMLQLKIKGFAI48CC,獨立套房,有,1141220~1150619,有,冷氣、熱水器、電視機、冰箱、網路,一般代管
嘉義市,租賃房屋,嘉義市嘉義市民生南路１０００號三樓之３,0.0,,,,1141216,土地0建物1車位0,三層,5,華廈(10層含以下有電梯),集合住宅,鋼筋混凝土構造,1070802,12.93,1,0,1,有,有,有,4000,309,,0.0,0,含增建或未登記建物；續租案件；,RPQOMLQLKIKGFAI58CC,獨立套房,有,1150306~1160305,有,冷氣、熱水器、電視機、冰箱、網路,一般代管
嘉義市,租賃房屋,嘉義市嘉義市民生南路１０００號四樓之１０,0.0,,,,1141217,土地0建物1車位0,四層,5,華廈(10層含以下有電梯),集合住宅,鋼筋混凝土構造,1070802,12.77,1,0,1,有,有,有,4000,313,,0.0,0,含增建或未登記建物；續租案件；,RPROMLQLKIKGFAI68CC,獨立套房,有,1150305~1150904,有,冷氣、熱水器、電視機、冰箱、網路,一般代管
嘉義市,租賃房屋,嘉義市嘉義市民生南路１０００號五樓之８,0.0,,,,1141218,土地0建物1車位0,五層,5,華廈(10層含以下有電梯),集合住宅,鋼筋混凝土構造,1070802,12.93,1,0,1,有,有,有,3800,294,,0.0,0,含增建或未登記建物；續租案件；,RPSOMLQLKIKGFAI78CC,獨立套房,有,1150317~1150916,有,冷氣、熱水器、電視機、冰箱、網路,一般代管
嘉義市,租賃房屋,嘉義市嘉義市北榮街４４巷１１號,0.0,,,,1141212,土地0建物1車位0,全,2,透天厝,住房、樓梯間,鋼筋混凝土補強磚造,0580725,133.1,3,2,2,有,無,無,15000,113,,0.0,0,,RPTOMLQLKIKGFAI88CC,整棟(戶)出租,無,1150201~1160131,無,熱水器,一般代管
嘉義市,租賃房屋,嘉義市嘉義市興業西路３３６-９號８F１,0.0,,,,1141202,土地0建物1車位0,八層,12,住宅大樓(11層含以上有電梯),住家用,鋼筋混凝土造,0830516,127.51,3,2,2,有,有,有,15000,118,,0.0,0,,RPUOMLQLKIKGFAI98CC,整棟(戶)出租,有,1141210~1151209,有,冷氣、熱水器,社會住宅代管
嘉義市,租賃房屋,嘉義市嘉義市忠孝北街２２６號七樓之６,0.0,,,,1141204,土地0建物1車位0,七層,7,華廈(10層含以下有電梯),住家用,鋼筋混凝土造,0830127,33.52,1,1,1,有,有,有,7000,209,,0.0,0,,RPVOMLQLKIKGFAI09CC,獨立套房,有,1141210~1151209,有,冷氣、熱水器、洗衣機、冰箱,社會住宅代管
嘉義市,租賃房屋,嘉義市嘉義市國華新村２５５號６樓２,0.0,,,,1141204,土地0建物1車位0,六層,7,華廈(10層含以下有電梯),住家用,鋼筋混凝土造,0800815,144.41,3,2,2,有,有,有,12000,83,,0.0,0,多人共同承租3；,RPWOMLQLKIKGFAI56CC,整棟(戶)出租,有,1141210~1171209,有,冷氣、熱水器、洗衣機、電視機、冰箱,社會住宅代管
嘉義市,租賃房屋,嘉義市嘉義市小雅路１８３號五樓７,0.0,,,,1141205,土地0建物1車位0,五層,16,住宅大樓(11層含以上有電梯),住家用,鋼筋混凝土造,0820609,50.980000000000004,1,1,1,有,有,有,6800,133,,0.0,0,,RPXOMLQLKIKGFAI66CC,獨立套房,有,1141211~1171210,有,冷氣、熱水器、洗衣機、冰箱,社會住宅包租轉租
嘉義市,租賃房屋+車位,嘉義市嘉義市西區健康九路４５５號１３樓之３,0.0,,,,1141217,土地0建物1車位1,十三層,14,住宅大樓(11層含以上有電梯),集合住宅,鋼筋混凝土造,1140311,113.83,3,2,1,有,有,無,22000,193,坡道平面,0.0,0,,RPOPMLQLKIKGFAI48CC,整棟(戶)出租,有,1141221~1151220,有,冷氣、熱水器、洗衣機、冰箱、瓦斯或天然氣,
嘉義市,租賃房屋,嘉義市嘉義市友愛路４９０之１號八樓之１,0.0,,,,1141208,土地0建物1車位0,八層,12,住宅大樓(11層含以上有電梯),住家用,鋼筋混凝土造,0881129,120.12,4,2,2,有,有,有,15000,125,,0.0,0,,RPPPMLQLKIKGFAI58CC,整棟(戶)出租,有,1141215~1171214,有,冷氣、熱水器、洗衣機、電視機、冰箱,社會住宅包租轉租
嘉義市,租賃房屋,嘉義市嘉義市青年街１３２號５樓２,0.0,,,,1141212,土地0建物1車位0,五層,5,華廈(10層含以下有電梯),住家用,鋼筋混凝土造,0810914,102.72999999999999,3,2,1,有,有,有,16000,156,,0.0,0,,RPRPMLQLKIKGFAI78CC,整棟(戶)出租,有,1141230~1171229,有,冷氣、熱水器、洗衣機、冰箱,社會住宅包租轉租
嘉義市,租賃房屋,嘉義市嘉義市東洋新?１１８號,191.0,住,,,1141220,土地1建物1車位0,全,3,透天厝,住家用,鋼筋混凝土加強磚造,0690609,107.4,5,2,2,有,無,無,30000,279,,0.0,0,,RPPNMLTLKIKGFAI68CC,整棟(戶)出租,無,1141220~1161219,無,冷氣,
嘉義市,租賃房屋,嘉義市嘉義市自強街３４７巷１８號,0.0,,,,1141218,土地0建物1車位0,全,1,透天厝,住家用,磚造,0661103,55.35,2,2,1,有,無,有,12000,217,,0.0,0,續租案件；,RPQNMLTLKIKGFAI78CC,整棟(戶)出租,無,1150103~1160102,無,冷氣、熱水器、瓦斯或天然氣,社會住宅代管
嘉義市,租賃房屋,嘉義市嘉義市彌陀路８８號,0.0,,,,1141206,土地0建物1車位0,一層,5,店面(店鋪),停車空間、安全梯間、走道、店舖、辦公室、住宅、管理維護空間、樓梯間,鋼筋混凝土構造,1010118,96.37,0,0,0,無,無,無,34000,353,,0.0,0,整棟建物有五樓，本件只承租一樓,RPRNMLTLKIKGFAI88CC,,無,1150101~1191231,無,,
嘉義市,租賃房屋,嘉義市嘉義市友和路８號,0.0,,,,1141201,土地0建物1車位0,全,4,透天厝,店舖，住宅，樓梯間,鋼筋混凝土造,0961008,51.95,5,2,5,有,無,有,13000,250,,0.0,0,多人共同承租2；,RPSNMLTLKIKGFAI98CC,分層出租,無,1141210~1151209,無,冷氣、電視機、冰箱、有線電視,
嘉義市,租賃房屋,嘉義市嘉義市友和路８號,0.0,,,,1141210,土地0建物0車位0,全,4,透天厝,店舖，住宅，樓梯間,鋼筋混凝土造,0961008,21.4,5,2,5,有,無,無,8000,374,,0.0,0,,RPTNMLTLKIKGFAI09CC,分租雅房,無,1141215~1151215,無,冷氣、熱水器、洗衣機、冰箱,
嘉義市,租賃房屋,嘉義市嘉義市友和路８號,0.0,,,,1141210,土地0建物0車位0,全,4,透天厝,店舖，住宅，樓梯間,鋼筋混凝土造,0961008,21.38,5,2,5,有,無,無,7000,327,,0.0,0,,RPUNMLTLKIKGFAI56CC,分租雅房,無,1141215~1151215,無,冷氣、熱水器、洗衣機、冰箱,
嘉義市,租賃房屋,嘉義市嘉義市友和路８號,0.0,,,,1141224,土地0建物0車位0,全,4,透天厝,店舖，住宅，樓梯間,鋼筋混凝土造,0961008,25.98,5,2,5,有,無,無,9000,346,,0.0,0,,RPXNMLTLKIKGFAI86CC,分租雅房,無,1141225~1151225,無,熱水器、洗衣機、冰箱,
嘉義市,租賃房屋,嘉義市嘉義市友和路８號３樓,0.0,,,,1141210,土地0建物0車位0,全,4,透天厝,店舖，住宅，樓梯間,鋼筋混凝土造,0961008,25.97,5,2,5,有,無,無,10000,385,,0.0,0,,RPOOMLTLKIKGFAI68CC,分租雅房,無,1141215~1151215,無,冷氣、熱水器、洗衣機、冰箱,
嘉義市,租賃房屋,嘉義市嘉義市五福街１３１巷３６號,0.0,,,,1141224,土地0建物1車位0,全,2,透天厝,住家用,鋼筋混凝土加強磚造,0630705,82.62,2,2,2,有,無,無,8000,97,,0.0,0,續租案件；,RPPNMLKMKIKGFAI87CC,整棟(戶)出租,無,1141229~1151228,無,,社會住宅包租轉租
嘉義市,租賃房屋,嘉義市嘉義市延平街３９２-３號,0.0,,,,1141229,土地0建物1車位0,一層,8,華廈(10層含以下有電梯),商業用,鋼筋混凝土造,0851118,84.27000000000001,2,1,1,有,無,無,12000,142,,0.0,0,,RPQNMLKMKIKGFAI97CC,,無,1141230~1180304,有,,
嘉義市,租賃房屋,嘉義市嘉義市中興路２７１巷１弄３號,0.0,,,,1141204,土地0建物1車位0,一層,7,華廈(10層含以下有電梯),住家用,鋼筋混凝土造,0820723,133.32,3,2,2,有,無,無,21000,158,,0.0,0,,RPRNMLKMKIKGFAI08CC,整棟(戶)出租,無,1141225~1171224,有,,
嘉義市,租賃房屋,嘉義市嘉義市僑嘉三街８６號五樓之２,0.0,,,,1141223,土地0建物1車位0,五層,5,華廈(10層含以下有電梯),住家用,鋼筋混凝土構造,1081125,26.61,1,0,1,有,有,有,7500,282,,0.0,0,續租案件；,RPSNMLKMKIKGFAI18CC,獨立套房,有,1150104~1160103,有,冷氣、熱水器、洗衣機、電視機、冰箱,社會住宅代管
嘉義市,租賃房屋,嘉義市嘉義市力行街１７號５樓４,0.0,,,,1141223,土地0建物1車位0,五層,12,住宅大樓(11層含以上有電梯),住家用,鋼筋混凝土造,0831128,51.57,1,0,1,有,有,有,7400,143,,0.0,0,管理費300元由出租人負擔。續租案件；,RPTNMLKMKIKGFAI28CC,獨立套房,有,1150115~1160114,有,冷氣、熱水器、洗衣機、電視機、冰箱,社會住宅代管
嘉義市,租賃房屋,嘉義市嘉義市平等街３７號,0.0,,,,1141222,土地0建物1車位0,全,2,透天厝,住家用,加強磚造,0771107,119.61,4,1,2,有,無,有,18000,150,,0.0,0,,RPVNMLKMKIKGFAI48CC,整棟(戶)出租,無,1141225~1151224,無,冷氣、熱水器、洗衣機、瓦斯或天然氣,社會住宅代管
嘉義市,租賃房屋,嘉義市嘉義市小雅路１８３號十一樓６,0.0,,,,1141223,土地0建物1車位0,十一層,16,住宅大樓(11層含以上有電梯),住家用,鋼筋混凝土造,0820609,40.9,1,0,1,有,有,有,6500,159,,0.0,0,續租案件；,RPWNMLKMKIKGFAI58CC,獨立套房,有,1150113~1160112,有,冷氣、熱水器、洗衣機、冰箱、瓦斯或天然氣,社會住宅代管
嘉義市,租賃房屋,嘉義市嘉義市彌陀路１６３號５樓４,0.0,,,,1141222,土地0建物1車位0,五層,20,住宅大樓(11層含以上有電梯),住家用,鋼筋混凝土造,0850311,46.28,1,0,1,有,有,有,5500,119,,0.0,0,續租案件；,RPPOMLKMKIKGFAI97CC,獨立套房,有,1141222~1151221,有,冷氣、熱水器、洗衣機、冰箱、瓦斯或天然氣,社會住宅代管
嘉義市,租賃房屋,嘉義市嘉義市林森東路７２２之２４號七樓之４,0.0,,,,1141219,土地0建物1車位0,七層,13,住宅大樓(11層含以上有電梯),住家用,鋼筋混凝土造,0920317,200.18,4,1,2,有,有,有,20000,100,,0.0,0,未租賃車位，建物登記含有車位面積；,RPQOMLKMKIKGFAI08CC,整棟(戶)出租,有,1141222~1151221,有,冷氣、熱水器、洗衣機、電視機、冰箱、瓦斯或天然氣,社會住宅代管
嘉義市,租賃房屋,嘉義市嘉義市蘭州一街１５４號５樓６,0.0,,,,1141220,土地0建物1車位0,五層,7,華廈(10層含以下有電梯),住家用,鋼筋混凝土造,0820817,43.28,1,0,1,有,有,有,5800,134,,0.0,0,,RPROMLKMKIKGFAI18CC,獨立套房,有,1141222~1151221,有,冷氣、熱水器、洗衣機、電視機、冰箱、瓦斯或天然氣,社會住宅代管
嘉義市,租賃房屋,嘉義市嘉義市仁義新村４１號五樓,0.0,,,,1141222,土地0建物1車位0,五層,5,公寓(5樓含以下無電梯),集合住宅,鋼筋混凝土造,0710503,83.18,3,2,2,有,無,有,12000,144,,0.0,0,,RPSOMLKMKIKGFAI28CC,整棟(戶)出租,無,1141223~1151222,無,冷氣、熱水器、洗衣機、電視機、冰箱、瓦斯或天然氣,社會住宅代管
嘉義市,租賃房屋,嘉義市嘉義市雙竹街１１號,0.0,,,,1141217,土地0建物1車位0,全,4,透天厝,住家用,鋼筋混凝土造,0820707,169.44,4,3,3,有,無,有,19800,117,,0.0,0,,RPPNMLLMKIKGFAI97CC,整棟(戶)出租,無,1141225~1151224,無,熱水器、瓦斯或天然氣,社會住宅代管
嘉義市,租賃房屋,嘉義市嘉義市林森西路１１號９樓２,0.0,,,,1141219,土地0建物1車位0,九層,12,住宅大樓(11層含以上有電梯),住家用,鋼筋混凝土造,0730126,37.22,1,0,1,有,有,有,7000,188,,0.0,0,,RPQNMLLMKIKGFAI08CC,獨立套房,有,1141222~1151221,有,冷氣、熱水器、洗衣機、電視機、冰箱、瓦斯或天然氣,社會住宅包租轉租
嘉義市,租賃房屋,嘉義市嘉義市彌陀路４２號二樓之６,0.0,,,,1141223,土地0建物1車位0,二層,4,華廈(10層含以下有電梯),辦公室,鋼筋混凝土造,0970303,14.02,1,0,1,有,有,有,4000,285,,0.0,0,含增建或未登記建物；續租案件；,RPRNMLLMKIKGFAI18CC,獨立套房,有,1150205~1160204,有,冷氣、熱水器、電視機、冰箱、網路,一般代管
嘉義市,租賃房屋,嘉義市嘉義市東洋新?６１９號五樓８,0.0,,,,1141223,土地0建物1車位0,五層,6,華廈(10層含以下有電梯),住家用,鋼筋混凝土造,0731129,41.66,1,0,1,有,有,有,6500,156,,0.0,0,,RPSNMLLMKIKGFAI28CC,獨立套房,有,1141225~1151224,有,冷氣、熱水器、洗衣機、電視機、冰箱,社會住宅包租轉租
嘉義市,租賃房屋,嘉義市嘉義市彌陀路４２號二樓之８,0.0,,,,1141223,土地0建物1車位0,二層,4,華廈(10層含以下有電梯),辦公室,鋼筋混凝土造,0970303,14.02,1,0,1,有,有,有,4000,285,,0.0,0,含增建或未登記建物；續租案件；,RPTNMLLMKIKGFAI38CC,獨立套房,有,1150210~1150809,有,冷氣、熱水器、電視機、冰箱、網路,一般代管
嘉義市,租賃房屋,嘉義市嘉義市民族路５３３號５樓,0.0,,,,1141218,土地0建物1車位0,五層,7,華廈(10層含以下有電梯),住家用,鋼筋混凝土造,0850202,143.97,2,2,2,有,無,有,15000,104,,0.0,0,,RPUNMLLMKIKGFAI48CC,整棟(戶)出租,無,1141220~1151219,有,冷氣、熱水器、洗衣機、電視機、冰箱,社會住宅包租轉租
嘉義市,租賃房屋,嘉義市嘉義市彌陀路４０號二樓之１７,0.0,,,,1141222,土地0建物1車位0,二層,4,華廈(10層含以下有電梯),辦公室,鋼筋混凝土造,0970303,14.02,1,0,1,有,有,有,4000,285,,0.0,0,含增建或未登記建物；續租案件；,RPVNMLLMKIKGFAI58CC,獨立套房,有,1150301~1160228,有,冷氣、熱水器、電視機、冰箱、網路,一般代管
嘉義市,租賃房屋,嘉義市嘉義市彌陀路４０號二樓之７,0.0,,,,1141223,土地0建物1車位0,二層,4,華廈(10層含以下有電梯),辦公室,鋼筋混凝土造,0970303,14.02,1,0,1,有,有,有,4000,285,,0.0,0,含增建或未登記建物；續租案件；,RPWNMLLMKIKGFAI68CC,獨立套房,有,1150101~1151231,有,冷氣、熱水器、電視機、冰箱、網路,一般代管
嘉義市,租賃房屋,嘉義市嘉義市彌陀路４０號三樓之２５,0.0,,,,1141222,土地0建物1車位0,三層,4,華廈(10層含以下有電梯),辦公室,鋼筋混凝土造,0970303,14.02,1,0,1,有,有,有,4000,285,,0.0,0,含增建或未登記建物；續租案件；,RPXNMLLMKIKGFAI78CC,獨立套房,有,1150225~1150824,有,冷氣、熱水器、電視機、冰箱、網路,一般代管
嘉義市,租賃房屋,嘉義市嘉義市彌陀路４０號三樓之２８,0.0,,,,1141222,土地0建物1車位0,三層,4,華廈(10層含以下有電梯),辦公室,鋼筋混凝土造,0970303,14.02,1,0,1,有,有,有,4000,285,,0.0,0,含增建或未登記建物；續租案件；,RPOOMLLMKIKGFAI97CC,獨立套房,有,1150111~1150710,有,冷氣、熱水器、電視機、冰箱、網路,一般代管
嘉義市,租賃房屋,嘉義市嘉義市彌陀路４０號四樓之２２,0.0,,,,1141222,土地0建物1車位0,四層,4,華廈(10層含以下有電梯),辦公室,鋼筋混凝土造,0970303,14.02,1,0,1,有,有,有,4000,285,,0.0,0,含增建或未登記建物；續租案件；,RPPOMLLMKIKGFAI08CC,獨立套房,有,1150301~1150630,有,冷氣、熱水器、電視機、冰箱、網路,一般代管
嘉義市,租賃房屋,嘉義市嘉義市民生南路１０００號二樓之１８,0.0,,,,1141209,土地0建物1車位0,二層,5,華廈(10層含以下有電梯),集合住宅,鋼筋混凝土構造,1070802,12.93,1,0,1,有,有,有,4000,309,,0.0,0,含增建或未登記建物；續租案件；,RPQOMLLMKIKGFAI18CC,獨立套房,有,1141213~1150612,有,冷氣、熱水器、電視機、冰箱、網路,一般代管
嘉義市,租賃房屋,嘉義市嘉義市民生南路１０００號二樓之１７,0.0,,,,1141222,土地0建物1車位0,二層,5,華廈(10層含以下有電梯),集合住宅,鋼筋混凝土構造,1070802,12.93,1,0,1,有,有,有,4000,309,,0.0,0,含增建或未登記建物；續租案件；,RPROMLLMKIKGFAI28CC,獨立套房,有,1150304~1150903,有,冷氣、熱水器、電視機、冰箱、網路,一般代管
嘉義市,租賃房屋,嘉義市嘉義市民生南路１０００號三樓之２０,0.0,,,,1141223,土地0建物1車位0,三層,5,華廈(10層含以下有電梯),集合住宅,鋼筋混凝土構造,1070802,12.77,1,0,1,有,有,有,4000,313,,0.0,0,含增建或未登記建物；續租案件；,RPSOMLLMKIKGFAI38CC,獨立套房,有,1150105~1150704,有,冷氣、熱水器、電視機、冰箱、網路,一般代管
嘉義市,租賃房屋,嘉義市嘉義市福全街１０７巷２號八樓之２,0.0,,,,1141219,土地0建物1車位0,八層,8,華廈(10層含以下有電梯),住家用,鋼筋混凝土造,0840113,186.4,4,1,2,有,有,無,14500,78,,0.0,0,未租賃車位，建物登記含有車位面積；續租案件；,RPUOMLLMKIKGFAI58CC,整棟(戶)出租,有,1141222~1151221,有,熱水器、瓦斯或天然氣,社會住宅代管
嘉義市,租賃房屋,嘉義市嘉義市彌陀路４２號三樓之２９,0.0,,,,1141206,土地0建物1車位0,三層,4,華廈(10層含以下有電梯),辦公室,鋼筋混凝土造,0970303,14.02,1,0,1,有,有,有,3700,264,,0.0,0,含增建或未登記建物；續租案件；,RPWOMLLMKIKGFAI78CC,獨立套房,有,1141218~1151217,有,冷氣、熱水器、電視機、冰箱、網路,一般代管
嘉義市,租賃房屋,嘉義市嘉義市吳鳳南路２６０號,0.0,,,,1141227,土地0建物0車位0,全,4,透天厝,住商用,鋼筋混凝土造,0690831,24.67,6,0,6,有,無,無,12000,486,,0.0,0,,RPXOMLLMKIKGFAI88CC,分租套房,無,1150103~1160102,無,冷氣、洗衣機、冰箱,
嘉義市,租賃房屋+車位,嘉義市嘉義市西區健康九路４５７號８樓之２,0.0,,,,1141231,土地0建物1車位1,八層,14,住宅大樓(11層含以上有電梯),集合住宅,鋼筋混凝土造,1140311,145.64,3,2,2,有,有,有,28000,192,坡道平面,0.0,0,,RPPPMLLMKIKGFAI18CC,整棟(戶)出租,有,1150101~1151231,有,冷氣、熱水器、洗衣機、電視機、冰箱、瓦斯或天然氣,
嘉義市,租賃房屋,嘉義市嘉義市台林街２９６巷２弄２號,0.0,,,,1141224,土地0建物0車位0,全,4,透天厝,住宅，梯間,鋼筋混凝土造,0940913,23.01,5,0,5,有,無,有,7000,304,,0.0,0,公共水費、公共電費,RPQPMLLMKIKGFAI28CC,分租套房,無,1141225~1151224,無,冷氣、熱水器、冰箱,一般轉租
嘉義市,租賃房屋,嘉義市嘉義市友忠路９１１巷９弄１號,0.0,,,,1141223,土地0建物0車位0,全,2,透天厝,住家用,鋼筋混凝土加強磚造,0660901,20.0,2,0,2,有,無,有,8000,400,,0.0,0,租金總額含水費；電費；,RPRPMLLMKIKGFAI38CC,分租套房,無,1141224~1151223,無,冷氣,
嘉義市,租賃房屋,嘉義市嘉義市台林街２９６巷２弄２號,0.0,,,,1141224,土地0建物0車位0,全,4,透天厝,住宅，梯間,鋼筋混凝土造,0940913,23.01,5,0,5,有,無,有,7000,304,,0.0,0,公共水費、公共電費,RPSPMLLMKIKGFAI48CC,分租套房,無,1141225~1151224,無,冷氣、熱水器、冰箱,一般轉租
嘉義市,租賃房屋,嘉義市嘉義市彌陀路１５９號４樓３,0.0,,,,1141229,土地0建物1車位0,四層,20,住宅大樓(11層含以上有電梯),住家用,鋼筋混凝土造,0850311,46.13,1,0,1,有,有,有,6000,130,,0.0,0,續租案件；,RPPNMLOJJHLGFAI87CC,獨立套房,有,1141230~1150606,有,冷氣、熱水器、洗衣機、電視機,社會住宅包租轉租
嘉義市,租賃房屋,嘉義市嘉義市新生路３８６巷１８號,0.0,,,,1141229,土地0建物1車位0,全,2,透天厝,住家用,鋼筋混凝土加強磚造,0610415,93.42,6,2,1,有,無,有,11000,118,,0.0,0,續租案件；,RPQNMLOJJHLGFAI97CC,整棟(戶)出租,無,1150101~1151231,無,,社會住宅代管
嘉義市,租賃房屋,嘉義市嘉義市國賢一街６４號９樓１,0.0,,,,1141226,土地0建物1車位0,九層,15,住宅大樓(11層含以上有電梯),住家用,鋼筋混凝土造,0810626,168.01,4,1,2,有,有,有,13000,77,,0.0,0,續租案件；,RPSNMLOJJHLGFAI18CC,整棟(戶)出租,有,1141230~1151229,有,冷氣、熱水器、洗衣機、電視機、冰箱、瓦斯或天然氣,社會住宅代管
嘉義市,租賃房屋,嘉義市嘉義市仁愛路３４７號１２樓１７,0.0,,,,1141228,土地0建物1車位0,十二層,14,住宅大樓(11層含以上有電梯),住家用,鋼筋混凝土造,0850130,68.72,1,0,1,有,有,有,9500,138,,0.0,0,,RPTNMLOJJHLGFAI28CC,獨立套房,有,1150101~1151231,有,冷氣、熱水器、洗衣機、冰箱、瓦斯或天然氣,社會住宅代管
嘉義市,租賃房屋,嘉義市嘉義市保義路２４６巷４５號,0.0,,,,1141229,土地0建物1車位0,見其他登記事項,1,倉庫,廠房、倉庫、廁所,鋼造,0771121,103.26,0,0,0,無,無,無,38000,,,0.0,0,租金38000未稅稅後金額為39900,RPPNMLPJJHLGFAI97CC,,無,1150110~1170109,無,,
嘉義市,土地,同興段50-10地號,3772.0,工,,,1141225,土地2建物0車位0,,,其他,,,,0.0,0,0,0,無,無,無,110000,29,,0.0,0,租金未含稅租賃期間有約定不同租金115年5月及6月租金酌減為伍萬伍千元正自115年7月起租金為每個月壹拾壹萬元正；,RPQNMLPJJHLGFAI08CC,,,1150401~1200331,,,
嘉義市,租賃房屋,嘉義市嘉義市向榮街２１９之１０號１２樓２,0.0,,,,1150102,土地0建物1車位0,十二層,12,住宅大樓(11層含以上有電梯),住家用,鋼筋混凝土造,0841013,123.06,3,2,2,有,有,有,19400,158,,0.0,0,租金總額含管理費；,RPRNMLPJJHLGFAI18CC,整棟(戶)出租,有,1150110~1160109,有,冷氣、熱水器、洗衣機、冰箱、瓦斯或天然氣,
嘉義市,租賃房屋,嘉義市嘉義市民生南路１０００號五樓之２１,0.0,,,,1141230,土地0建物1車位0,五層,5,華廈(10層含以下有電梯),集合住宅,鋼筋混凝土構造,1070802,12.93,1,0,1,有,有,有,4000,309,,0.0,0,含增建或未登記建物；,RPPNMLQJJHLGFAI08CC,獨立套房,有,1150105~1150704,有,冷氣、熱水器、電視機、冰箱、網路,一般代管
嘉義市,租賃房屋,嘉義市嘉義市湖內里１１鄰民生南路８１８巷７號,0.0,,,,1141226,土地0建物1車位0,全,4,透天厝,住家用,鋼筋混凝土造,0830706,234.88,4,2,3,有,無,有,12500,53,,0.0,0,整編前門牌:嘉義市民生南路824-4號續租案件；,RPSNMLQJJHLGFAI38CC,整棟(戶)出租,無,1150201~1160131,無,熱水器、冰箱,社會住宅包租轉租
嘉義市,租賃房屋,嘉義市嘉義市新厝里７鄰松江一街３５號,0.0,,,,1141224,土地0建物1車位0,全,2,透天厝,住商用,鋼筋混凝土加強磚造,0660728,99.48,3,2,2,有,無,無,10000,101,,0.0,0,整編前門牌:嘉義市新厝里7鄰新厝8之43號續租案件；,RPTNMLQJJHLGFAI48CC,整棟(戶)出租,無,1150125~1160124,無,熱水器,社會住宅包租轉租
嘉義市,租賃房屋,嘉義市嘉義市自強街１９５巷３３之１號２樓１,0.0,,,,1141224,土地0建物1車位0,二層,8,華廈(10層含以下有電梯),住家用,鋼筋混凝土造,0791110,146.34,3,1,2,有,有,有,12620,86,,0.0,0,管理費1380元由出租人負擔。續租案件；,RPUNMLQJJHLGFAI58CC,整棟(戶)出租,有,1150125~1160124,有,冷氣、熱水器、洗衣機、冰箱、瓦斯或天然氣,社會住宅包租轉租
嘉義市,租賃房屋,嘉義市嘉義市杭州四街８６號６樓１,0.0,,,,1141223,土地0建物1車位0,六層,7,華廈(10層含以下有電梯),住家用,鋼筋混凝土造,0780117,43.22,1,0,1,有,有,有,10300,238,,0.0,0,續租案件；,RPVNMLQJJHLGFAI68CC,獨立套房,有,1141224~1151223,有,冷氣、熱水器、洗衣機、電視機、冰箱,社會住宅代管
嘉義市,租賃房屋,嘉義市嘉義市中庄里６鄰仁義新村５６號５樓,0.0,,,,1141224,土地0建物1車位0,五層,5,公寓(5樓含以下無電梯),國民住宅,鋼筋混凝土造,0710503,85.0,3,2,1,有,無,有,8800,104,,0.0,0,續租案件；,RPWNMLQJJHLGFAI78CC,整棟(戶)出租,無,1150105~1160104,無,冷氣、熱水器、洗衣機、冰箱、瓦斯或天然氣,社會住宅包租轉租
嘉義市,租賃房屋,嘉義市嘉義市盧厝里東洋新?４７５號２樓２,0.0,,,,1141224,土地0建物1車位0,二層,5,公寓(5樓含以下無電梯),住家用,鋼筋混凝土造,0720708,74.95,2,1,1,有,有,有,7500,100,,0.0,0,續租案件；,RPXNMLQJJHLGFAI88CC,整棟(戶)出租,有,1141230~1151229,無,冷氣、熱水器、冰箱、瓦斯或天然氣,社會住宅代管
嘉義市,租賃房屋,嘉義市嘉義市中興路２７１巷１弄５號７樓２,0.0,,,,1141223,土地0建物1車位0,七層,7,華廈(10層含以下有電梯),住家用,鋼筋混凝土造,0820723,136.07,3,1,2,有,有,無,12000,88,,0.0,0,,RPOOMLQJJHLGFAI08CC,整棟(戶)出租,有,1141225~1151224,有,冷氣、熱水器、瓦斯或天然氣,社會住宅包租轉租
嘉義市,租賃房屋,嘉義市嘉義市溪興街１５３巷１２弄３７號２樓１,0.0,,,,1141224,土地0建物1車位0,二層,5,公寓(5樓含以下無電梯),住家用,鋼筋混凝土造,0711116,109.21,3,1,1,有,無,有,10500,96,,0.0,0,續租案件；,RPQOMLQJJHLGFAI28CC,整棟(戶)出租,無,1141225~1151224,無,冷氣、熱水器、洗衣機、電視機、冰箱、瓦斯或天然氣,社會住宅代管
嘉義市,租賃房屋,嘉義市嘉義市彌陀路１３７號６樓５,0.0,,,,1141226,土地0建物1車位0,六層,20,住宅大樓(11層含以上有電梯),住家用,鋼筋混凝土造,0850311,69.02,2,1,1,有,有,有,9000,130,,0.0,0,續租案件；,RPROMLQJJHLGFAI38CC,整棟(戶)出租,有,1141228~1151227,有,冷氣、熱水器、洗衣機、電視機、冰箱、瓦斯或天然氣,社會住宅包租轉租
嘉義市,租賃房屋,嘉義市嘉義市蘭州四街７１號７樓６,0.0,,,,1141223,土地0建物1車位0,七層,7,華廈(10層含以下有電梯),住家用,鋼筋混凝土造,0820111,43.55,1,0,1,有,有,有,7167,165,,0.0,0,管理費833元由出租人負擔。續租案件；,RPTOMLQJJHLGFAI58CC,獨立套房,有,1141225~1151224,有,冷氣、熱水器、洗衣機、冰箱,社會住宅代管
嘉義市,租賃房屋,嘉義市嘉義市新榮路５號,0.0,,,,1141229,土地0建物1車位0,一層,14,住宅大樓(11層含以上有電梯),住家用,鋼筋混凝土造,0931103,183.64,3,1,2,有,有,有,11800,64,,0.0,0,管理費1200元由出租人負擔續租案件；,RPUOMLQJJHLGFAI68CC,整棟(戶)出租,有,1150101~1151231,有,冷氣、熱水器、電視機、瓦斯或天然氣,社會住宅代管
嘉義市,租賃房屋,嘉義市嘉義市福全里１２鄰福全街１２５巷４０號,0.0,,,,1141231,土地0建物1車位0,全,5,透天厝,住家用,鋼筋混凝土造,0830926,202.88,6,1,5,有,無,無,19800,98,,0.0,0,續租案件；,RPVOMLQJJHLGFAI78CC,整棟(戶)出租,無,1150124~1160123,無,冷氣、熱水器、瓦斯或天然氣,社會住宅代管
嘉義市,租賃房屋,嘉義市嘉義市民族路６０８號六樓１２,0.0,,,,1141231,土地0建物1車位0,六層,10,華廈(10層含以下有電梯),住家用,鋼筋混凝土造,0811029,43.849999999999994,1,0,1,有,有,有,7204,164,,0.0,0,管理費796元由出租人負擔,RPWOMLQJJHLGFAI88CC,獨立套房,有,1150105~1160104,有,冷氣、熱水器、冰箱,社會住宅代管
嘉義市,租賃房屋,嘉義市嘉義市新民路１８６巷２７號６樓１,0.0,,,,1141230,土地0建物1車位0,六層,6,華廈(10層含以下有電梯),住家用,鋼筋混凝土造,0821125,133.13,3,1,2,有,有,無,16000,120,,0.0,0,,RPXOMLQJJHLGFAI98CC,整棟(戶)出租,有,1150101~1151231,有,冷氣、熱水器、瓦斯或天然氣,社會住宅代管
嘉義市,租賃房屋,嘉義市嘉義市東洋新?１２１之８號４樓２,0.0,,,,1150102,土地0建物1車位0,四層,5,華廈(10層含以下有電梯),住家用,鋼筋混凝土造,0780518,104.60000000000001,3,1,2,有,有,有,12500,120,,0.0,0,,RPOPMLQJJHLGFAI18CC,整棟(戶)出租,有,1150105~1160104,有,冷氣、熱水器、洗衣機、電視機、冰箱、瓦斯或天然氣,社會住宅包租轉租
嘉義市,租賃房屋,嘉義市嘉義市姜文街２１４號,0.0,,,,1141230,土地0建物1車位0,全,2,透天厝,住家用,鋼骨混凝土造,0880308,174.64,4,2,3,有,無,有,30000,172,,0.0,0,,RPPPMLQJJHLGFAI28CC,整棟(戶)出租,無,1150105~1160104,無,冷氣、熱水器、洗衣機、冰箱、瓦斯或天然氣,一般代管
嘉義市,租賃房屋,嘉義市嘉義市平等街１７４巷６弄８９號,0.0,,,,1141216,土地0建物1車位0,見其他登記事項,1,工廠,工業用,鋼造,0610424,277.2,0,0,0,無,無,無,55000,,,0.0,0,租金總額含稅；,RPPNMLRJJHLGFAI18CC,,無,1141215~1171214,無,,
嘉義市,租賃房屋,嘉義市嘉義市民生南路１５９號,0.0,,,,1150101,土地0建物0車位0,全,5,透天厝,住商用,鋼筋混凝土造,0830708,30.86,4,1,5,有,無,無,5000,162,,0.0,0,門牌整編前地址：嘉義市西區民生南路169號續租案件；,RPQNMLRJJHLGFAI28CC,分租套房,無,1150101~1151231,無,熱水器,一般代管
嘉義市,租賃房屋+車位,嘉義市嘉義市雙竹街８０巷６號五樓之２,0.0,,,,1141222,土地0建物1車位1,五層,10,華廈(10層含以下有電梯),住家用,鋼筋混凝土構造,1060725,132.2,3,2,2,有,有,有,25000,189,升降機械,0.0,0,租金總額含管理費；其他並附機車車位一位；,RPSNMLRJJHLGFAI48CC,整棟(戶)出租,有,1150101~1151231,有,冷氣、熱水器、洗衣機、冰箱、瓦斯或天然氣,
嘉義市,租賃房屋,嘉義市嘉義市中興路４９號７樓６,0.0,,,,1141212,土地0建物1車位0,七層,10,華廈(10層含以下有電梯),住家用,鋼筋混凝土造,0770924,39.77,1,1,1,有,有,有,8000,201,,0.0,0,,RPVNMLRJJHLGFAI78CC,獨立套房,有,1141218~1151217,有,冷氣、熱水器、洗衣機、冰箱,社會住宅代管
嘉義市,租賃房屋,嘉義市嘉義市信義路４５巷４０號,0.0,,,,1141212,土地0建物1車位0,全,1,透天厝,住家用,木造,0550710,29.6,2,2,1,有,無,有,5000,169,,0.0,0,,RPWNMLRJJHLGFAI88CC,整棟(戶)出租,無,1141218~1151217,無,冷氣、熱水器、電視機、冰箱,社會住宅代管
嘉義市,租賃房屋,嘉義市嘉義市忠義街１７７巷２２號,0.0,,,,1141212,土地0建物1車位0,全,1,透天厝,住家用,木造,0350710,30.54,1,1,1,有,無,有,5000,164,,0.0,0,,RPXNMLRJJHLGFAI98CC,獨立套房,無,1141218~1151217,無,冷氣、熱水器、洗衣機、電視機、冰箱,社會住宅代管
嘉義市,租賃房屋,嘉義市嘉義市民生南路１０００號二樓之２１,0.0,,,,1141231,土地0建物1車位0,二層,5,華廈(10層含以下有電梯),集合住宅,鋼筋混凝土構造,1070802,12.93,1,0,1,有,有,有,4000,309,,0.0,0,含增建或未登記建物；續租案件；,RPQNMLSJJHLGFAI38CC,獨立套房,有,1150101~1151231,有,冷氣、熱水器、電視機、冰箱、網路,一般代管
嘉義市,租賃房屋,嘉義市嘉義市吳鳳南路２２４巷１８號,0.0,,,,1141219,土地0建物1車位0,全,2,透天厝,住家用,鋼筋混凝土加強磚造,0610921,72.36,3,2,1,有,無,無,6000,83,,0.0,0,,RPRNMLSJJHLGFAI48CC,整棟(戶)出租,無,1141231~1171230,無,熱水器、洗衣機、電視機、冰箱,社會住宅代管
嘉義市,租賃房屋,嘉義市嘉義市中山路２８之１３號,0.0,,,,1141231,土地0建物1車位0,全,4,透天厝,店舖，住宅，樓梯間,鋼筋混凝土造,0951220,52.67,0,0,0,無,無,無,25000,475,,0.0,0,1.裝修期二個月115/1/1~2/282.簽訂契約後五日內須支付押金二個月。3.承租人之儀器獨立空間房間需上鎖。租金總額含稅；租賃建物部分範圍，且未計入共有部分面積；,RPSNMLSJJHLGFAI58CC,,無,1150301~1160228,無,,
嘉義市,租賃房屋,嘉義市嘉義市蘭州二街４１號,0.0,,,,1141216,土地0建物1車位0,全,2,透天厝,住商用,鋼筋混凝土加強磚造,0730608,117.15,3,2,2,有,無,無,16500,141,,0.0,0,,RPTNMLSJJHLGFAI68CC,整棟(戶)出租,無,1141220~1171219,無,熱水器,社會住宅包租轉租
嘉義市,租賃房屋,嘉義市嘉義市金龍街４２號之１七樓２,0.0,,,,1141219,土地0建物1車位0,七層,7,華廈(10層含以下有電梯),住家用,鋼筋混凝土造,0821217,28.599999999999998,1,1,1,有,有,有,6500,227,,0.0,0,,RPUNMLSJJHLGFAI78CC,獨立套房,有,1141225~1171224,有,冷氣、熱水器、洗衣機、冰箱,社會住宅包租轉租
嘉義市,租賃房屋,嘉義市嘉義市興達路５０８號十二樓３,0.0,,,,1141222,土地0建物1車位0,十二層,16,住宅大樓(11層含以上有電梯),住家用,鋼筋混凝土造,0831125,51.41,1,1,1,有,有,有,4500,88,,0.0,0,,RPVNMLSJJHLGFAI88CC,獨立套房,有,1141230~1171229,有,冷氣、熱水器、洗衣機、電視機、冰箱,社會住宅包租轉租
嘉義市,租賃房屋,嘉義市嘉義市小雅路３４３號六樓２,0.0,,,,1141222,土地0建物1車位0,六層,12,住宅大樓(11層含以上有電梯),住家用,鋼筋混凝土造,0820609,32.92,1,1,1,有,有,有,6700,204,,0.0,0,,RPWNMLSJJHLGFAI98CC,獨立套房,有,1141229~1171228,有,冷氣、熱水器、洗衣機、冰箱,社會住宅包租轉租
嘉義市,租賃房屋,嘉義市嘉義市東區興業東路２９１號,0.0,,,,1141231,土地0建物1車位0,全,2,透天厝,住家用,,0540911,98.76,2,1,1,有,無,無,18000,182,,0.0,0,,RPXNMLSJJHLGFAI09CC,,無,1150111~1160110,無,,
嘉義市,租賃房屋,嘉義市嘉義市德安路４３號,0.0,,,,1150106,土地0建物1車位0,見其他登記事項,12,店面(店鋪),住商用,鋼筋混凝土造,0830530,189.48,3,2,3,有,有,無,26000,137,,0.0,0,租金總額含管理費；,RPOOMLSJJHLGFAI28CC,,有,1150101~1171231,有,,
嘉義市,租賃房屋,嘉義市嘉義市民族路８２０號,151.0,住,,,1150108,土地1建物1車位0,一層,1,店面(店鋪),住商用,木造,0361016,52.56,2,1,1,有,無,無,18000,342,,0.0,0,,RPPOMLSJJHLGFAI38CC,,無,1150108~1160107,無,,
嘉義市,租賃房屋,嘉義市嘉義市金龍街１０６號,0.0,,,,1150101,土地0建物1車位0,全,2,透天厝,住家用,鋼筋混凝土加強磚造,0651208,136.55,6,3,2,有,無,有,18000,132,,0.0,0,,RPQOMLSJJHLGFAI48CC,整棟(戶)出租,無,1150105~1160104,無,熱水器、洗衣機、冰箱,
嘉義市,租賃房屋,嘉義市嘉義市中庄里台斗街２１６號４樓之１,0.0,,,,1141228,土地0建物1車位0,四層,5,公寓(5樓含以下無電梯),住家用,鋼筋混凝土造,0730623,107.6,3,1,2,有,有,無,10000,93,,0.0,0,,RPROMLSJJHLGFAI58CC,整棟(戶)出租,有,1150101~1151231,無,,社會住宅代管
嘉義市,租賃房屋,嘉義市嘉義市康樂街１０５之１號６樓２,0.0,,,,1141223,土地0建物1車位0,六層,6,華廈(10層含以下有電梯),住家用,鋼筋混凝土造,0820702,102.9,3,1,1,有,有,有,10000,97,,0.0,0,續租案件；,RPSOMLSJJHLGFAI68CC,整棟(戶)出租,有,1141225~1151224,有,熱水器、洗衣機、瓦斯或天然氣,社會住宅代管
嘉義市,租賃房屋,嘉義市嘉義市彌陀路４２號三樓之１０,0.0,,,,1150101,土地0建物1車位0,三層,4,華廈(10層含以下有電梯),辦公室,鋼筋混凝土造,0970303,14.02,1,0,1,有,有,有,4000,285,,0.0,0,含增建或未登記建物；續租案件；,RPQNMLTJJHLGFAI48CC,獨立套房,有,1150102~1150701,有,冷氣、熱水器、電視機、冰箱、網路,一般代管
嘉義市,租賃房屋,嘉義市嘉義市忠孝路６２９號,0.0,,,,1150107,土地0建物1車位0,一層,4,店面(店鋪),停車空間、店舖、住宅、梯間,鋼筋混凝土構造,0971201,46.69,7,3,7,有,無,無,19800,424,,0.0,0,租金不含稅,RPSNMLTJJHLGFAI68CC,,無,1150115~1180114,無,冷氣、熱水器,
嘉義市,租賃房屋+車位,嘉義市嘉義市健康九路４５９號１２樓之３,0.0,,,,1141219,土地0建物1車位2,十二層,14,住宅大樓(11層含以上有電梯),集合住宅,鋼筋混凝土造,1140311,213.71999999999997,3,1,2,有,有,有,35000,164,坡道平面,57.48,0,含機車停車位1個、此物件謄本含有三個車位，此案僅租賃2個車位-262號以及263號，261號未出租租金總額含管理費；,RPTNMLTJJHLGFAI78CC,整棟(戶)出租,有,1150201~1160131,有,冷氣、熱水器、洗衣機、瓦斯或天然氣,一般代管
嘉義市,租賃房屋,嘉義市嘉義市小雅路３６３號１１樓１,0.0,,,,1150105,土地0建物1車位0,十一層,12,住宅大樓(11層含以上有電梯),住家用,鋼筋混凝土造,0820609,88.00999999999999,2,1,1,有,有,有,8500,97,,0.0,0,續租案件；,RPVNMLTJJHLGFAI98CC,整棟(戶)出租,有,1150125~1151216,有,冷氣、熱水器、洗衣機、電視機、冰箱、瓦斯或天然氣,社會住宅包租轉租
嘉義市,租賃房屋,嘉義市嘉義市興村街６２號十樓之４,0.0,,,,1150105,土地0建物1車位0,十層,15,住宅大樓(11層含以上有電梯),住家用,鋼筋混凝土造,0800627,73.35,1,1,1,有,有,有,8700,119,,0.0,0,管理費1800元由出租人負擔。,RPWNMLTJJHLGFAI09CC,獨立套房,有,1150201~1160131,有,冷氣、熱水器、洗衣機、冰箱、瓦斯或天然氣,社會住宅代管
嘉義市,租賃房屋,嘉義市嘉義市保建街３６之２６號５樓５,0.0,,,,1150105,土地0建物1車位0,五層,12,住宅大樓(11層含以上有電梯),住家用,鋼筋混凝土造,0820623,73.28999999999999,2,1,1,有,有,無,12000,164,,0.0,0,,RPXNMLTJJHLGFAI56CC,整棟(戶)出租,有,1150106~1160105,有,冷氣、熱水器、瓦斯或天然氣,社會住宅包租轉租
嘉義市,租賃房屋,嘉義市嘉義市蘭州四街７１號４樓７,0.0,,,,1150101,土地0建物1車位0,四層,7,華廈(10層含以下有電梯),住家用,鋼筋混凝土造,0820111,54.33,1,0,1,有,有,有,9167,169,,0.0,0,管理費833元由出租人負擔。續租案件；,RPOOMLTJJHLGFAI38CC,獨立套房,有,1150102~1160101,有,冷氣、熱水器、洗衣機、冰箱,社會住宅代管
嘉義市,租賃房屋,嘉義市嘉義市彌陀路４０號二樓之２６,0.0,,,,1150107,土地0建物1車位0,二層,4,華廈(10層含以下有電梯),辦公室,鋼筋混凝土造,0970303,14.02,1,0,1,有,有,有,4000,285,,0.0,0,含增建或未登記建物；,RPPNMLMKJHLGFAI77CC,獨立套房,有,1150221~1150820,有,冷氣、熱水器、電視機、冰箱、網路,一般代管
嘉義市,租賃房屋+車位,嘉義市嘉義市東區彌陀路２３８巷９８弄９３號二樓之１３,0.0,,,,1150105,土地0建物1車位1,二層,6,華廈(10層含以下有電梯),集合住宅,鋼筋混凝土造,1131126,72.81,1,1,1,有,有,有,19000,261,坡道平面,0.0,0,,RPQNMLMKJHLGFAI87CC,整棟(戶)出租,有,1150106~1160105,有,冷氣、熱水器、洗衣機、電視機、冰箱,
嘉義市,租賃房屋,嘉義市嘉義市四維路１２７號,0.0,,,,1141217,土地0建物2車位0,見其他登記事項,4,店面(店鋪),見使用執照,鋼筋混凝土造,0840125,261.88,0,0,0,無,無,無,50000,191,,0.0,0,謄本為舊有門牌北港路413巷44-8號、44-9號含有多個門牌且未個別計算租金四維路129號；租賃期間有約定不同租金115/1/1-115/02/28兩個月裝修期間免收租金，115/3/1起每月新台幣五萬元整；,RPPNMLNKJHLGFAI87CC,,無,1150101~1241231,無,,
嘉義市,租賃房屋,嘉義市嘉義市中庄里海埔新村６號,0.0,,,,1150107,土地0建物1車位0,一層,5,公寓(5樓含以下無電梯),住家用,鋼筋混凝土造,0720331,108.39999999999999,4,1,2,有,無,有,16500,152,,0.0,0,續租案件；,RPRNMLNKJHLGFAI08CC,整棟(戶)出租,無,1150122~1160121,無,冷氣、熱水器、洗衣機、冰箱、瓦斯或天然氣,社會住宅代管
嘉義市,租賃房屋,嘉義市嘉義市世賢路一段６１２巷２弄２０號,0.0,,,,1150106,土地0建物1車位0,全,1,透天厝,住家用,鋼筋混凝土加強磚造,0680814,42.0,3,2,1,有,無,有,8500,202,,0.0,0,續租案件；,RPSNMLNKJHLGFAI18CC,整棟(戶)出租,無,1150112~1160111,無,熱水器,社會住宅代管
嘉義市,租賃房屋,嘉義市嘉義市嘉北街１２巷２９號七樓２,0.0,,,,1150107,土地0建物1車位0,七層,7,華廈(10層含以下有電梯),住家用,鋼筋混凝土造,0791015,145.36,3,2,2,有,有,有,9500,65,,0.0,0,續租案件；,RPTNMLNKJHLGFAI28CC,整棟(戶)出租,有,1150128~1160127,有,熱水器、瓦斯或天然氣,社會住宅代管
嘉義市,租賃房屋,嘉義市嘉義市平等街１７４巷３弄９號,0.0,,,,1150107,土地0建物1車位0,全,2,透天厝,住家用,鋼筋混凝土造,0720517,79.27,4,2,3,有,無,有,12000,151,,0.0,0,,RPUNMLNKJHLGFAI38CC,整棟(戶)出租,無,1150108~1160107,無,熱水器,社會住宅代管
嘉義市,租賃房屋,嘉義市嘉義市大業街１７６巷５８弄１１號,0.0,,,,1150109,土地0建物1車位0,全,2,透天厝,住家用,鋼筋混凝土加強磚造,0701030,121.15,5,1,2,有,無,有,15000,124,,0.0,0,續租案件；,RPVNMLNKJHLGFAI48CC,整棟(戶)出租,無,1150115~1160114,無,熱水器,社會住宅代管
嘉義市,租賃房屋,嘉義市嘉義市小雅路３４３號十二樓１２,0.0,,,,1150102,土地0建物1車位0,十二層,12,住宅大樓(11層含以上有電梯),住家用,鋼筋混凝土造,0820609,27.39,1,0,1,有,有,有,6500,237,,0.0,0,,RPXNMLNKJHLGFAI68CC,獨立套房,有,1150103~1150413,有,冷氣、熱水器、洗衣機、冰箱,社會住宅代管
嘉義市,租賃房屋,嘉義市嘉義市忠孝路１８１巷７號,0.0,,,,1141231,土地0建物1車位0,全,2,透天厝,住家用,鋼筋混凝土加強磚造,0640724,72.75,3,1,3,有,無,無,11000,151,,0.0,0,續租案件；,RPOOMLNKJHLGFAI87CC,整棟(戶)出租,無,1150106~1160105,無,熱水器,社會住宅代管
嘉義市,租賃房屋,嘉義市嘉義市小雅路３４３號三樓９,0.0,,,,1150102,土地0建物1車位0,三層,12,住宅大樓(11層含以上有電梯),住家用,鋼筋混凝土造,0820609,28.11,1,0,1,有,有,有,4300,153,,0.0,0,續租案件；,RPPOMLNKJHLGFAI97CC,獨立套房,有,1150119~1160118,有,冷氣、熱水器、洗衣機、電視機、冰箱,社會住宅代管
嘉義市,租賃房屋,嘉義市嘉義市中興路４９號７樓７,0.0,,,,1150107,土地0建物1車位0,七層,10,華廈(10層含以下有電梯),住家用,鋼筋混凝土造,0770924,35.45,1,0,1,有,有,有,5500,155,,0.0,0,續租案件；,RPROMLNKJHLGFAI18CC,獨立套房,有,1150119~1160118,有,冷氣、熱水器、洗衣機、電視機、冰箱、瓦斯或天然氣,社會住宅包租轉租
嘉義市,租賃房屋,嘉義市嘉義市延平街３４１號６樓１０,0.0,,,,1150102,土地0建物1車位0,六層,10,華廈(10層含以下有電梯),住家用,鋼筋混凝土造,0811029,85.21000000000001,2,1,1,有,有,有,13500,158,,0.0,0,續租案件；,RPSOMLNKJHLGFAI28CC,整棟(戶)出租,有,1150120~1160119,有,冷氣、熱水器、洗衣機、電視機、冰箱,社會住宅代管
嘉義市,租賃房屋,嘉義市嘉義市民國路１９４巷５弄３號,0.0,,,,1150102,土地0建物1車位0,全,1,透天厝,住家用,木造,0531215,40.03,2,1,1,有,無,有,10000,250,,0.0,0,續租案件；,RPTOMLNKJHLGFAI38CC,整棟(戶)出租,無,1150108~1160107,無,冷氣、熱水器、洗衣機、冰箱,社會住宅代管
嘉義市,租賃房屋,嘉義市嘉義市中興路４９號６樓６,0.0,,,,1150106,土地0建物1車位0,六層,10,華廈(10層含以下有電梯),住家用,鋼筋混凝土造,0770924,39.77,1,0,1,有,有,有,6000,151,,0.0,0,續租案件；,RPVOMLNKJHLGFAI58CC,獨立套房,有,1150112~1160111,有,冷氣、熱水器、洗衣機、電視機、冰箱、瓦斯或天然氣,社會住宅代管
嘉義市,租賃房屋,嘉義市嘉義市台斗街１０７號６樓７,0.0,,,,1150106,土地0建物1車位0,六層,7,華廈(10層含以下有電梯),住家用,鋼筋混凝土造,0811006,116.16,4,1,2,有,有,有,12249,105,,0.0,0,管理費1751元由出租人負擔。,RPWOMLNKJHLGFAI68CC,整棟(戶)出租,有,1150110~1160109,有,冷氣、熱水器、電視機、冰箱、瓦斯或天然氣,社會住宅代管
嘉義市,租賃房屋,嘉義市嘉義市博愛路二段４２９巷２１號,0.0,,,,1150105,土地0建物1車位0,全,2,透天厝,住工用,鋼筋混凝土加強磚造,0630907,87.07,4,2,3,有,無,有,19800,227,,0.0,0,續租案件；,RPOPMLNKJHLGFAI97CC,整棟(戶)出租,無,1150106~1151112,無,熱水器、瓦斯或天然氣,社會住宅代管
嘉義市,租賃房屋,嘉義市嘉義市蘭州一街１５４號７樓５,0.0,,,,1150109,土地0建物1車位0,七層,7,華廈(10層含以下有電梯),住家用,鋼筋混凝土造,0820817,42.05,1,0,1,有,有,有,5500,131,,0.0,0,,RPPPMLNKJHLGFAI08CC,獨立套房,有,1150110~1160109,有,冷氣、熱水器、洗衣機、電視機、冰箱,社會住宅代管
嘉義市,租賃房屋,嘉義市嘉義市福安里１６鄰世賢路一段８３５號１１樓之２,0.0,,,,1150109,土地0建物1車位0,十一層,12,住宅大樓(11層含以上有電梯),住家用,鋼筋混凝土造,0820325,136.16,3,2,2,有,有,有,17000,125,,0.0,0,門牌整編前地址：嘉義市西區世賢路777號11樓2,RPQPMLNKJHLGFAI18CC,整棟(戶)出租,有,1150115~1160114,有,冷氣、熱水器、洗衣機、電視機、冰箱、瓦斯或天然氣,社會住宅代管
嘉義市,租賃房屋,嘉義市嘉義市新建街３３號二樓７,0.0,,,,1150106,土地0建物1車位0,二層,7,華廈(10層含以下有電梯),住家用,鋼筋混凝土造,0830506,90.27,2,2,1,有,有,有,13000,144,,0.0,0,,RPRPMLNKJHLGFAI28CC,整棟(戶)出租,有,1150120~1160119,有,冷氣、熱水器、洗衣機、電視機、冰箱、瓦斯或天然氣,社會住宅包租轉租
嘉義市,租賃房屋,嘉義市嘉義市小雅路２０１號八樓１８,0.0,,,,1150105,土地0建物1車位0,八層,16,住宅大樓(11層含以上有電梯),住家用,鋼筋混凝土造,0820609,39.07,1,0,1,有,有,有,7000,179,,0.0,0,,RPSPMLNKJHLGFAI38CC,獨立套房,有,1150111~1160110,有,冷氣、熱水器、洗衣機、冰箱、瓦斯或天然氣,一般代管
嘉義市,租賃房屋,嘉義市嘉義市和平路６３號之１四樓,0.0,,,,1150106,土地0建物1車位0,四層,5,華廈(10層含以下有電梯),住家用,鋼筋混凝土造,0750423,98.36,3,2,2,有,有,有,14083,143,,0.0,0,管理費417元由出租人負擔。續租案件；,RPPNMLOKJHLGFAI97CC,整棟(戶)出租,有,1150126~1160125,有,冷氣、熱水器、洗衣機、電視機、冰箱,社會住宅包租轉租
嘉義市,租賃房屋,嘉義市嘉義市日新街１９７號９樓之４,0.0,,,,1150109,土地0建物1車位0,九層,21,住宅大樓(11層含以上有電梯),住家用,鋼筋混凝土造,0831111,74.92,2,1,1,有,有,有,10000,133,,0.0,0,續租案件；,RPQNMLOKJHLGFAI08CC,整棟(戶)出租,有,1150111~1160110,有,冷氣、熱水器、洗衣機、冰箱、瓦斯或天然氣,社會住宅代管
嘉義市,租賃房屋,嘉義市嘉義市彌陀路４０號二樓之１８,0.0,,,,1150107,土地0建物1車位0,二層,4,華廈(10層含以下有電梯),辦公室,鋼筋混凝土造,0970303,14.02,1,0,1,有,有,有,4000,285,,0.0,0,含增建或未登記建物；,RPRNMLOKJHLGFAI18CC,獨立套房,有,1150109~1160108,有,冷氣、熱水器、電視機、冰箱、網路,一般代管
嘉義市,租賃房屋,嘉義市嘉義市彌陀路４２號三樓之５,0.0,,,,1150111,土地0建物1車位0,三層,4,華廈(10層含以下有電梯),辦公室,鋼筋混凝土造,0970303,14.02,1,0,1,有,有,有,4000,285,,0.0,0,含增建或未登記建物；續租案件；,RPSNMLOKJHLGFAI28CC,獨立套房,有,1150113~1150712,有,冷氣、熱水器、電視機、冰箱、網路,一般代管
嘉義市,租賃房屋,嘉義市嘉義市彌陀路４０號三樓之１８,0.0,,,,1150110,土地0建物1車位0,三層,4,華廈(10層含以下有電梯),辦公室,鋼筋混凝土造,0970303,14.02,1,0,1,有,有,有,3800,271,,0.0,0,含增建或未登記建物；續租案件；,RPTNMLOKJHLGFAI38CC,獨立套房,有,1150203~1160202,有,冷氣、熱水器、電視機、冰箱、網路,一般代管
嘉義市,租賃房屋,嘉義市嘉義市彌陀路４０號四樓之２５,0.0,,,,1150109,土地0建物1車位0,四層,4,華廈(10層含以下有電梯),辦公室,鋼筋混凝土造,0970303,14.02,1,0,1,有,有,有,4000,285,,0.0,0,含增建或未登記建物；,RPUNMLOKJHLGFAI48CC,獨立套房,有,1150201~1150731,有,冷氣、熱水器、電視機、冰箱、網路,一般代管
嘉義市,租賃房屋,嘉義市嘉義市蘭州一街３０號,0.0,,,,1141226,土地0建物1車位0,全,2,透天厝,住家用,加強磚造,0730929,124.02,5,2,3,有,無,有,15000,121,,0.0,0,續租案件；,RPPNMLPKJHLGFAI08CC,整棟(戶)出租,無,1150116~1160115,無,冷氣、熱水器、洗衣機、電視機、冰箱,社會住宅代管
嘉義市,租賃房屋,嘉義市嘉義市僑嘉三街８６號五樓之３,0.0,,,,1141231,土地0建物1車位0,五層,5,華廈(10層含以下有電梯),住家用,鋼筋混凝土構造,1081125,30.55,1,0,1,有,有,有,7500,245,,0.0,0,,RPRNMLPKJHLGFAI28CC,獨立套房,有,1150107~1160106,有,冷氣、熱水器、洗衣機、電視機、冰箱,社會住宅代管
嘉義市,租賃房屋,嘉義市嘉義市世賢路一段５１９號９樓２,0.0,,,,1141217,土地0建物1車位0,九層,14,住宅大樓(11層含以上有電梯),集合住宅,鋼筋混凝土造,0880731,107.27000000000001,3,2,2,有,有,無,12000,112,,0.0,0,另繳管理費1298元,RPUNMLPKJHLGFAI58CC,整棟(戶)出租,有,1150101~1161231,有,熱水器、瓦斯或天然氣,
嘉義市,租賃房屋,嘉義市嘉義市西區劉厝里大吉街６３號,0.0,,,,1141222,土地0建物1車位0,全,3,透天厝,住宅、樓梯間,鋼筋混凝土構造,1001116,170.55,4,3,4,有,無,無,32000,188,,0.0,0,,RPVNMLPKJHLGFAI68CC,,無,1150101~1171231,無,,
嘉義市,租賃房屋,嘉義市嘉義市博愛路二段１６８號９樓之１０,0.0,,,,1150113,土地0建物1車位0,九層,14,住宅大樓(11層含以上有電梯),住家用,鋼筋混凝土造,0880421,66.84,1,1,1,有,有,有,12000,180,,0.0,0,租金總額含管理費；,RPOOMLPKJHLGFAI08CC,獨立套房,有,1150123~1160122,有,冷氣、熱水器、洗衣機、冰箱、瓦斯或天然氣,
嘉義市,租賃房屋,嘉義市嘉義市文化路４２８之１號,0.0,,,,1141229,土地0建物1車位0,全,4,透天厝,店舖，住宅，停車空間,鋼筋混凝土造,0960515,167.97,5,2,4,有,無,有,18000,107,,0.0,0,,RPPOMLPKJHLGFAI18CC,分層出租,無,1141201~1191130,無,冷氣、熱水器,
嘉義市,租賃房屋,嘉義市嘉義市民安里６鄰西門街１５３號,0.0,,,,1141231,土地0建物1車位0,見其他登記事項,1,店面(店鋪),住家用,木造,0530201,104.49,0,0,0,無,無,無,10000,96,,0.0,0,,RPPNMLQKJHLGFAI18CC,,無,1150301~1160228,無,,
嘉義市,租賃房屋,嘉義市嘉義市文雅街１１６巷５號５樓４,0.0,,,,1141223,土地0建物1車位0,五層,9,華廈(10層含以下有電梯),住家用,鋼筋混凝土造,0850618,113.50999999999999,2,1,1,有,有,有,11000,97,,0.0,0,多人共同承租2；,RPRNMLQKJHLGFAI38CC,整棟(戶)出租,有,1150101~1171231,有,冷氣、熱水器、瓦斯或天然氣,社會住宅代管
嘉義市,租賃房屋,嘉義市嘉義市大業街１８４巷１６號,0.0,,,,1141231,土地0建物1車位0,全,1,透天厝,住家用,鋼筋混凝土加強磚造,0610818,48.95,2,2,1,有,無,有,9500,194,,0.0,0,,RPSNMLQKJHLGFAI48CC,整棟(戶)出租,無,1150110~1160109,無,冷氣、熱水器、洗衣機、電視機、冰箱,社會住宅代管
嘉義市,租賃房屋,嘉義市嘉義市新榮路３５巷２６號四樓之５,0.0,,,,1141226,土地0建物1車位0,四層,14,住宅大樓(11層含以上有電梯),住家用,鋼筋混凝土造,0931028,210.26999999999998,4,2,2,有,有,有,19000,90,,0.0,0,,RPTNMLQKJHLGFAI58CC,整棟(戶)出租,有,1150101~1171231,有,冷氣、熱水器、洗衣機、電視機、冰箱、瓦斯或天然氣,社會住宅包租轉租
嘉義市,租賃房屋,嘉義市嘉義市博愛路一段４９２巷２７號５樓２,0.0,,,,1150112,土地0建物1車位0,五層,5,公寓(5樓含以下無電梯),住家用,鋼筋混凝土造,0770709,104.93,3,2,2,有,無,有,13000,124,,0.0,0,續租案件；,RPUNMLQKJHLGFAI68CC,整棟(戶)出租,無,1150130~1160129,無,冷氣、熱水器、瓦斯或天然氣,社會住宅代管
嘉義市,租賃房屋,嘉義市嘉義市文化路４２８之１號,0.0,,,,1141229,土地0建物1車位0,一層,4,店面(店鋪),店舖，住宅，停車空間,鋼筋混凝土造,0960515,51.2,5,2,4,有,無,無,18000,352,,0.0,0,,RPVNMLQKJHLGFAI78CC,,無,1141201~1191130,無,冷氣,
嘉義市,租賃房屋,嘉義市嘉義市健康十六街９２號二樓之１,0.0,,,,1150112,土地0建物1車位0,二層,5,華廈(10層含以下有電梯),集合住宅,鋼筋混凝土造,1130423,120.07000000000001,3,1,2,有,有,無,19800,165,,0.0,0,,RPWNMLQKJHLGFAI88CC,整棟(戶)出租,有,1150120~1160119,有,冷氣、熱水器、瓦斯或天然氣,社會住宅代管
嘉義市,租賃房屋,嘉義市嘉義市民生南路６０８巷１１０號四樓之１,0.0,,,,1150109,土地0建物1車位0,四層,5,公寓(5樓含以下無電梯),住家用,鋼筋混凝土造,0740913,89.59,3,1,1,有,無,有,5000,56,,0.0,0,續租案件；,RPXNMLQKJHLGFAI98CC,整棟(戶)出租,無,1150116~1160115,無,冷氣、熱水器、洗衣機、冰箱、瓦斯或天然氣,社會住宅包租轉租
嘉義市,租賃房屋,嘉義市嘉義市新民路７０７巷１１號４樓６,0.0,,,,1141226,土地0建物1車位0,四層,7,華廈(10層含以下有電梯),住家用,鋼筋混凝土造,0860516,32.61,1,1,1,有,有,有,7000,215,,0.0,0,,RPOOMLQKJHLGFAI18CC,獨立套房,有,1150101~1171231,有,冷氣、熱水器、洗衣機、冰箱,社會住宅包租轉租
嘉義市,租賃房屋,嘉義市嘉義市市宅街４７之１１號７樓１,0.0,,,,1150113,土地0建物1車位0,七層,7,華廈(10層含以下有電梯),住家用,鋼筋混凝土造,0830616,137.23000000000002,3,1,2,有,有,有,13047,95,,0.0,0,管理費1453元由出租人負擔。續租案件；,RPPOMLQKJHLGFAI28CC,整棟(戶)出租,有,1150201~1160131,有,冷氣、熱水器、電視機、瓦斯或天然氣,社會住宅包租轉租
嘉義市,租賃房屋,嘉義市嘉義市文雅里４鄰東洋新?６３９號,0.0,,,,1150112,土地0建物1車位0,一層,6,華廈(10層含以下有電梯),住家用,鋼筋混凝土造,0731129,79.11,3,1,1,有,有,有,11000,139,,0.0,0,整編前門牌:嘉義市盧厝里東洋新?639號,RPQOMLQKJHLGFAI38CC,整棟(戶)出租,有,1150113~1160112,有,冷氣、熱水器、洗衣機、電視機、冰箱、瓦斯或天然氣,社會住宅代管
嘉義市,租賃房屋,嘉義市嘉義市彌陀路１３９號６樓４,0.0,,,,1150113,土地0建物1車位0,六層,20,住宅大樓(11層含以上有電梯),住家用,鋼筋混凝土造,0850311,61.82000000000001,1,0,1,有,有,有,6000,97,,0.0,0,續租案件；,RPROMLQKJHLGFAI48CC,獨立套房,有,1150115~1160114,有,冷氣、熱水器、洗衣機、電視機、冰箱,社會住宅代管
嘉義市,租賃房屋,嘉義市嘉義市玉山路２５１巷３７弄２０號五樓之１,0.0,,,,1150109,土地0建物1車位0,五層,5,公寓(5樓含以下無電梯),住家用,鋼筋混凝土造,0811111,144.46,4,1,2,有,有,無,9200,64,,0.0,0,管理費800元由出租人負擔。未租賃車位，建物登記含有車位面積；,RPSOMLQKJHLGFAI58CC,整棟(戶)出租,有,1150110~1160109,無,熱水器、瓦斯或天然氣,社會住宅代管
嘉義市,租賃房屋,嘉義市嘉義市和平路２６１之１號５樓３,0.0,,,,1150112,土地0建物1車位0,五層,14,住宅大樓(11層含以上有電梯),住家用,鋼筋混凝土造,0821018,102.13999999999999,3,2,1,有,有,有,14000,137,,0.0,0,續租案件；,RPTOMLQKJHLGFAI68CC,整棟(戶)出租,有,1150112~1160111,有,冷氣、熱水器、洗衣機、冰箱、瓦斯或天然氣,社會住宅包租轉租
嘉義市,租賃房屋,嘉義市嘉義市彌陀路１３７號８樓１,0.0,,,,1150112,土地0建物1車位0,八層,20,住宅大樓(11層含以上有電梯),住家用,鋼筋混凝土造,0850311,97.22,3,1,1,有,有,有,11000,113,,0.0,0,續租案件；,RPUOMLQKJHLGFAI78CC,整棟(戶)出租,有,1150114~1160113,有,冷氣、熱水器、洗衣機、電視機、冰箱、瓦斯或天然氣,社會住宅代管
嘉義市,租賃房屋,嘉義市嘉義市和平路２６１之１號６樓２,0.0,,,,1150109,土地0建物1車位0,六層,14,住宅大樓(11層含以上有電梯),住家用,鋼筋混凝土造,0821018,128.49,3,1,2,有,有,有,16000,125,,0.0,0,續租案件；,RPVOMLQKJHLGFAI88CC,整棟(戶)出租,有,1150110~1160109,有,冷氣、熱水器、洗衣機、電視機、冰箱、瓦斯或天然氣,社會住宅代管
嘉義市,租賃房屋,嘉義市嘉義市蘭井街１６２之４號５樓４,0.0,,,,1141230,土地0建物1車位0,五層,6,華廈(10層含以下有電梯),住家用,鋼筋混凝土造,0800104,30.47,1,1,1,有,有,有,7500,246,,0.0,0,,RPWOMLQKJHLGFAI98CC,獨立套房,有,1150105~1180104,有,冷氣、熱水器、洗衣機、冰箱,社會住宅包租轉租
嘉義市,租賃房屋,嘉義市嘉義市小雅路１９１號１２樓２,0.0,,,,1150113,土地0建物1車位0,十二層,16,住宅大樓(11層含以上有電梯),住家用,鋼筋混凝土造,0820609,116.62,2,1,1,有,有,有,15000,129,,0.0,0,,RPXOMLQKJHLGFAI09CC,整棟(戶)出租,有,1150115~1160114,有,冷氣、熱水器、洗衣機、電視機、冰箱、瓦斯或天然氣,社會住宅代管
嘉義市,租賃房屋,嘉義市嘉義市永安街２２７號,0.0,,,,1141229,土地0建物1車位0,全,2,透天厝,住家用,木造,0550515,64.46,3,2,2,有,無,有,18000,279,,0.0,0,續租案件；,RPOPMLQKJHLGFAI28CC,整棟(戶)出租,無,1150118~1160117,無,冷氣、熱水器、洗衣機、冰箱,社會住宅代管
嘉義市,租賃房屋,嘉義市嘉義市新榮路３０７之１號５樓９,0.0,,,,1141229,土地0建物1車位0,五層,8,華廈(10層含以下有電梯),住家用,鋼筋混凝土造,0821227,41.81,1,0,1,有,有,有,7500,179,,0.0,0,續租案件；,RPPPMLQKJHLGFAI38CC,獨立套房,有,1150203~1160202,有,冷氣、熱水器、洗衣機、電視機、冰箱,社會住宅代管
嘉義市,租賃房屋,嘉義市嘉義市博東路１１５號１１樓１,0.0,,,,1150108,土地0建物1車位0,十一層,22,住宅大樓(11層含以上有電梯),住家用,鋼筋混凝土造,0870319,113.53,3,2,2,有,有,有,16000,141,,0.0,0,,RPQPMLQKJHLGFAI48CC,整棟(戶)出租,有,1150115~1160114,有,冷氣、熱水器、洗衣機、電視機、冰箱、瓦斯或天然氣,社會住宅包租轉租
嘉義市,租賃房屋,嘉義市嘉義市台林街２９６巷２弄２號,0.0,,,,1150107,土地0建物0車位0,全,4,透天厝,住宅，梯間,鋼筋混凝土造,0940913,23.01,5,0,5,有,無,無,7000,304,,0.0,0,其他公共水電費；,RPRPMLQKJHLGFAI58CC,分租套房,無,1150109~1160108,無,冷氣、熱水器、冰箱,一般轉租
嘉義市,租賃房屋,嘉義市嘉義市文雅街１４０巷２號３樓１,0.0,,,,1141224,土地0建物1車位0,三層,9,華廈(10層含以下有電梯),住家用,鋼筋混凝土造,0850618,57.1,1,1,1,有,有,有,6500,114,,0.0,0,,RPSPMLQKJHLGFAI68CC,獨立套房,有,1150101~1151231,有,冷氣、熱水器、洗衣機、冰箱、瓦斯或天然氣,一般代管
嘉義市,租賃房屋+車位,嘉義市嘉義市健康九路４６１號十二樓之２,0.0,,,,1141227,土地0建物1車位1,十二層,12,住宅大樓(11層含以上有電梯),集合住宅,鋼筋混凝土造,1140311,156.19,3,2,2,有,有,無,28000,179,坡道平面,0.0,0,租金總額含管理費；,RPQNMLTKJHLGFAI58CC,整棟(戶)出租,有,1150110~1160109,有,冷氣、冰箱、瓦斯或天然氣,
嘉義市,租賃房屋,嘉義市嘉義市北港路７１號７樓２,0.0,,,,1150112,土地0建物1車位0,七層,7,華廈(10層含以下有電梯),住家用,鋼筋混凝土造,0820105,119.24000000000001,3,2,2,有,無,有,15000,126,,0.0,0,續租案件；,RPRNMLTKJHLGFAI68CC,整棟(戶)出租,無,1150131~1160130,有,冷氣、熱水器、洗衣機、電視機、冰箱、瓦斯或天然氣,社會住宅代管
嘉義市,租賃房屋,嘉義市嘉義市台林街２９６巷２弄２號,0.0,,,,1150107,土地0建物0車位0,全,4,透天厝,住宅，梯間,鋼筋混凝土造,0940913,23.01,5,0,5,有,無,無,7000,304,,0.0,0,其他公共水電費；,RPSNMLTKJHLGFAI78CC,分租套房,無,1150109~1160108,無,冷氣、熱水器、冰箱,一般轉租
嘉義市,租賃房屋,嘉義市嘉義市國華街３２２-９號,0.0,,,,1150116,土地0建物0車位0,全,5,透天厝,店舖、住宅,鋼筋混凝土構造,1050111,19.83,5,1,6,有,無,有,6800,343,,0.0,0,3樓後方房間,RPQNMLKLJHLGFAI77CC,分租套房,無,1150120~1160119,無,冷氣、洗衣機、電視機、冰箱、網路,
嘉義市,租賃房屋,嘉義市嘉義市國華街３２２-９號,0.0,,,,1150116,土地0建物0車位0,全,5,透天厝,店舖、住宅,鋼筋混凝土構造,1050111,26.44,5,1,6,有,無,有,7500,284,,0.0,0,2樓前方房間,RPRNMLKLJHLGFAI87CC,分租套房,無,1150120~1160119,無,冷氣、洗衣機、電視機、冰箱、網路,
嘉義市,租賃房屋,嘉義市嘉義市世賢路一段７９１號十樓之２、３,0.0,,,,1150113,土地0建物2車位0,十層,34,住宅大樓(11層含以上有電梯),辦公室,鋼骨鋼筋混凝土造,1121108,813.45,0,0,0,無,有,無,233757,287,,0.0,0,管理費：每月19685元租金總額含稅；租賃期間有約定不同租金房屋免租金裝潢期自115/2/1-115/4/30115/5/1-117/1/31，每月租金233757元整含稅117/2/1-119/1/31，每月租金243107元整含稅119/2/1-121/1/31，每月租金252950元整含稅；,RPSNMLKLJHLGFAI97CC,,有,1150201~1210131,有,,
嘉義市,租賃房屋,嘉義市嘉義市博愛路二段１６８號１０樓之１,0.0,,,,1150113,土地0建物1車位0,十層,14,住宅大樓(11層含以上有電梯),住家用,鋼筋混凝土造,0880421,78.99,2,1,1,有,有,有,13000,165,,0.0,0,,RPTNMLKLJHLGFAI08CC,整棟(戶)出租,有,1150116~1160115,有,冷氣、熱水器、洗衣機、電視機、冰箱、瓦斯或天然氣,社會住宅代管
嘉義市,租賃房屋,嘉義市嘉義市彌陀路２６６號７樓之５,0.0,,,,1141223,土地0建物1車位0,七層,12,住宅大樓(11層含以上有電梯),住商用,鋼筋混凝土造,0810508,30.15,1,1,1,有,有,有,7500,249,,0.0,0,租金總額含管理費；,RPUNMLKLJHLGFAI18CC,獨立套房,有,1150101~1151231,有,冷氣、洗衣機、冰箱,
嘉義市,土地,車店段車店小段613地號,184.0,住,,,1150110,土地1建物0車位0,,,其他,,,,0.0,0,0,0,無,無,無,30000,163,,0.0,0,未保存登記地址：嘉義市南京路353號附2含增建或未登記建物；,RPPNMLLLJHLGFAI77CC,,,1150211~1160210,,,
嘉義市,租賃房屋,嘉義市嘉義市南京路７６號三樓之２,0.0,,,,1150120,土地0建物1車位0,三層,12,住宅大樓(11層含以上有電梯),住家用,鋼筋混凝土造,0821118,31.419999999999998,1,0,1,有,有,無,7500,239,,0.0,0,租金總額含管理費；,RPQNMLLLJHLGFAI87CC,獨立套房,有,1150121~1160120,有,冷氣、熱水器、洗衣機、電視機、冰箱,
嘉義市,租賃房屋,嘉義市嘉義市彌陀路４０號四樓之１６,0.0,,,,1150114,土地0建物1車位0,四層,4,華廈(10層含以下有電梯),辦公室,鋼筋混凝土造,0970303,14.02,1,0,1,有,有,有,4000,285,,0.0,0,含增建或未登記建物；,RPRNMLLLJHLGFAI97CC,獨立套房,有,1150114~1160113,有,冷氣、熱水器、電視機、冰箱、網路,一般代管
嘉義市,租賃房屋,嘉義市嘉義市垂楊路３０８號３樓３,0.0,,,,1150116,土地0建物1車位0,三層,12,住宅大樓(11層含以上有電梯),住家用,鋼筋混凝土造,0780703,84.27000000000001,2,2,1,有,有,有,9000,107,,0.0,0,續租案件；,RPSNMLLLJHLGFAI08CC,整棟(戶)出租,有,1150120~1160119,有,冷氣、熱水器、電視機、冰箱、瓦斯或天然氣,社會住宅包租轉租
嘉義市,租賃房屋,嘉義市嘉義市建成街１８６號３樓６,0.0,,,,1150114,土地0建物1車位0,三層,6,華廈(10層含以下有電梯),住家用,鋼筋混凝土造,0800710,34.76,1,0,1,有,有,有,6000,173,,0.0,0,,RPTNMLLLJHLGFAI18CC,獨立套房,有,1150115~1160114,有,冷氣、熱水器、洗衣機、電視機、冰箱,社會住宅代管
嘉義市,租賃房屋,嘉義市嘉義市中庄里１７鄰忠孝路５３７號之２７,0.0,,,,1150116,土地0建物1車位0,一層,4,公寓(5樓含以下無電梯),國民住宅,鋼筋混凝土加強磚造,0690917,86.51,3,1,1,有,無,有,15000,173,,0.0,0,,RPUNMLLLJHLGFAI28CC,整棟(戶)出租,無,1150119~1160118,無,冷氣、熱水器、洗衣機、冰箱、瓦斯或天然氣,社會住宅代管
嘉義市,租賃房屋,嘉義市嘉義市永安街７５號,0.0,,,,1150114,土地0建物1車位0,一層,2,店面(店鋪),住家用,木造,0561215,44.8,0,1,1,有,無,無,8000,179,,0.0,0,,RPPNMLMLJHLGFAI87CC,,無,1150201~1160131,無,,
嘉義市,租賃房屋,嘉義市嘉義市彌陀路１４３號１２樓２,0.0,,,,1150119,土地0建物1車位0,十二層,20,住宅大樓(11層含以上有電梯),住家用,鋼筋混凝土造,0850311,94.34,2,1,1,有,有,有,10287,109,,0.0,0,管理費713元由出租人負擔。續租案件；,RPQNMLMLJHLGFAI97CC,整棟(戶)出租,有,1150126~1150716,有,冷氣、熱水器、洗衣機、電視機、冰箱、瓦斯或天然氣,社會住宅包租轉租
嘉義市,租賃房屋,嘉義市嘉義市溪興街１５３巷３０弄３５號４F１,0.0,,,,1150120,土地0建物1車位0,四層,5,公寓(5樓含以下無電梯),住家用,鋼筋混凝土造,0731013,49.51,2,1,1,有,無,有,6000,121,,0.0,0,,RPRNMLMLJHLGFAI08CC,整棟(戶)出租,無,1150120~1151112,無,冷氣、熱水器、洗衣機、冰箱,社會住宅包租轉租
嘉義市,租賃房屋,嘉義市嘉義市彌陀路１６３號７樓２,0.0,,,,1150119,土地0建物1車位0,七層,20,住宅大樓(11層含以上有電梯),住家用,鋼筋混凝土造,0850311,97.67,3,1,1,有,有,有,12761,131,,0.0,0,管理費739元由出租人負擔。續租案件；,RPSNMLMLJHLGFAI18CC,整棟(戶)出租,有,1150120~1151220,有,冷氣、熱水器、洗衣機、冰箱、瓦斯或天然氣,社會住宅包租轉租
嘉義市,租賃房屋,嘉義市嘉義市忠孝北街２２６號六樓之６,0.0,,,,1150120,土地0建物1車位0,六層,7,華廈(10層含以下有電梯),住家用,鋼筋混凝土造,0830127,33.8,1,0,1,有,有,有,7500,222,,0.0,0,,RPTNMLMLJHLGFAI28CC,獨立套房,有,1150130~1160129,有,冷氣、洗衣機、電視機、瓦斯或天然氣,社會住宅代管
嘉義市,租賃房屋,嘉義市嘉義市忠孝路７９０-５５號４樓１４,0.0,,,,1150120,土地0建物1車位0,四層,11,住宅大樓(11層含以上有電梯),住家用,鋼筋混凝土造,0841004,32.32,1,0,1,有,有,有,7020,217,,0.0,0,管理費280元由出租人負擔。續租案件；,RPUNMLMLJHLGFAI38CC,獨立套房,有,1150220~1160219,有,冷氣、熱水器、洗衣機、電視機、冰箱,社會住宅代管
嘉義市,租賃房屋,嘉義市嘉義市彌陀路１３９號１９樓５,0.0,,,,1150119,土地0建物1車位0,十九層,20,住宅大樓(11層含以上有電梯),住家用,鋼筋混凝土造,0850311,70.72999999999999,1,0,1,有,有,有,10000,141,,0.0,0,續租案件；,RPVNMLMLJHLGFAI48CC,獨立套房,有,1150207~1160206,有,冷氣、熱水器、洗衣機、電視機、冰箱,社會住宅包租轉租
嘉義市,租賃房屋,嘉義市嘉義市林森東路７２２之１１號六樓之４,0.0,,,,1150119,土地0建物1車位0,六層,14,住宅大樓(11層含以上有電梯),住家用,鋼筋混凝土造,0920317,176.10999999999999,3,1,2,有,有,有,16800,95,,0.0,0,管理費1200元由出租人負擔。未租賃車位，建物登記含有車位面積；續租案件；,RPOOMLMLJHLGFAI87CC,整棟(戶)出租,有,1150208~1160207,有,冷氣、熱水器、洗衣機、冰箱、瓦斯或天然氣,社會住宅代管
嘉義市,租賃房屋,嘉義市嘉義市新榮路３５巷１２號七樓之１,0.0,,,,1150119,土地0建物1車位0,七層,14,住宅大樓(11層含以上有電梯),住家用,鋼筋混凝土造,0931029,213.54000000000002,4,2,2,有,有,無,16000,75,,0.0,0,未租賃車位，建物登記含有車位面積；續租案件；,RPPOMLMLJHLGFAI97CC,整棟(戶)出租,有,1150124~1160123,有,熱水器、瓦斯或天然氣,社會住宅代管
嘉義市,租賃房屋,嘉義市嘉義市新民路７５７巷４號２樓３,0.0,,,,1150120,土地0建物1車位0,二層,5,華廈(10層含以下有電梯),住家用,鋼筋混凝土造,0811218,39.58,1,0,1,有,有,有,5450,138,,0.0,0,管理費250元由出租人負擔。,RPQOMLMLJHLGFAI08CC,獨立套房,有,1150121~1160120,有,冷氣、熱水器、洗衣機、電視機、冰箱、瓦斯或天然氣,社會住宅代管
嘉義市,租賃房屋,嘉義市嘉義市博東路１５２巷１０６弄５號,0.0,,,,1150120,土地0建物1車位0,全,4,透天厝,住家用,鋼筋混凝土造,0830912,176.59,4,2,3,有,無,有,16000,91,,0.0,0,,RPROMLMLJHLGFAI18CC,整棟(戶)出租,無,1150122~1160121,無,冷氣、熱水器、瓦斯或天然氣,社會住宅包租轉租
嘉義市,租賃房屋,嘉義市嘉義市小雅路１８３號七樓８,0.0,,,,1150120,土地0建物1車位0,七層,16,住宅大樓(11層含以上有電梯),住家用,鋼筋混凝土造,0820609,39.51,1,0,1,有,有,有,9000,228,,0.0,0,,RPSOMLMLJHLGFAI28CC,獨立套房,有,1150123~1160122,有,冷氣、熱水器、洗衣機、電視機、冰箱、瓦斯或天然氣,社會住宅代管
嘉義市,租賃房屋,嘉義市嘉義市民國路１７０號,91.0,住,,,1150115,土地3建物1車位0,見其他登記事項,2,店面(店鋪),住家用,鋼筋混凝土加強磚造,0550428,89.98,4,2,2,有,無,無,25000,278,,0.0,0,含增建或未登記建物；,RPTOMLMLJHLGFAI38CC,,無,1150213~1200212,無,,
嘉義市,租賃房屋,嘉義市嘉義市環湖二街５３之７號,0.0,,,,1150119,土地0建物1車位0,全,4,透天厝,店舖、辦公室,鋼筋混凝土構造,1120602,198.3,4,1,5,有,無,有,35000,177,,0.0,0,續租案件；,RPVOMLMLJHLGFAI58CC,整棟(戶)出租,無,1150205~1180204,無,冷氣、熱水器、瓦斯或天然氣,一般代管
嘉義市,租賃房屋,嘉義市嘉義市民生南路１５９號,0.0,,,,1150115,土地0建物0車位0,全,5,透天厝,住商用,鋼筋混凝土造,0830708,30.86,4,1,5,有,無,無,5000,162,,0.0,0,整編前門牌：嘉義市民生南路169號續租案件；,RPPNMLNLJHLGFAI97CC,分租套房,無,1150131~1160130,無,熱水器,一般代管
嘉義市,租賃房屋,嘉義市嘉義市杭州四街８６號２樓２,0.0,,,,1150115,土地0建物1車位0,二層,7,華廈(10層含以下有電梯),住家用,鋼筋混凝土造,0780117,37.300000000000004,1,0,1,有,有,有,6000,161,,0.0,0,,RPRNMLNLJHLGFAI18CC,獨立套房,有,1150116~1150603,有,冷氣、熱水器、洗衣機、電視機、冰箱,社會住宅包租轉租
嘉義市,租賃房屋,嘉義市嘉義市興業新村８５號,53.0,住,,,1150101,土地1建物1車位0,全,2,透天厝,住家用,木造,0610128,68.22,4,2,1,有,無,無,12000,176,,0.0,0,含增建或未登記建物；,RPSNMLNLJHLGFAI28CC,整棟(戶)出租,無,1150101~1160115,無,熱水器,一般代管
嘉義市,租賃房屋,嘉義市嘉義市彌陀路４２號三樓之２,0.0,,,,1150121,土地0建物1車位0,三層,4,華廈(10層含以下有電梯),辦公室,鋼筋混凝土造,0970303,14.02,1,0,1,有,有,有,4000,285,,0.0,0,含增建或未登記建物；,RPPNMLQLJHLGFAI28CC,獨立套房,有,1150121~1150720,有,冷氣、熱水器、電視機、冰箱、網路,一般代管
嘉義市,租賃房屋,嘉義市嘉義市彌陀路４２號三樓之９,0.0,,,,1150121,土地0建物1車位0,三層,4,華廈(10層含以下有電梯),辦公室,鋼筋混凝土造,0970303,14.02,1,0,1,有,有,有,4000,285,,0.0,0,含增建或未登記建物；,RPQNMLQLJHLGFAI38CC,獨立套房,有,1150121~1150720,有,冷氣、熱水器、電視機、冰箱、網路,一般代管
嘉義市,租賃房屋,嘉義市嘉義市彌陀路４２號四樓之１９,0.0,,,,1150114,土地0建物1車位0,四層,4,華廈(10層含以下有電梯),辦公室,鋼筋混凝土造,0970303,13.84,1,0,1,有,有,有,4000,289,,0.0,0,含增建或未登記建物；,RPRNMLQLJHLGFAI48CC,獨立套房,有,1150116~1150715,有,冷氣、熱水器、電視機、冰箱、網路,一般代管
嘉義市,租賃房屋,嘉義市嘉義市民生南路１０００號四樓之１９,0.0,,,,1150119,土地0建物1車位0,四層,5,華廈(10層含以下有電梯),集合住宅,鋼筋混凝土構造,1070802,12.77,1,0,1,有,有,有,4000,313,,0.0,0,含增建或未登記建物；續租案件；,RPSNMLQLJHLGFAI58CC,獨立套房,有,1150204~1150803,有,冷氣、熱水器、電視機、冰箱、網路,一般代管
嘉義市,租賃房屋,嘉義市嘉義市中山路３８４號,0.0,,,,1141230,土地0建物1車位0,全,4,透天厝,店舖、停車空間,鋼筋混凝土造,0900621,141.4,3,2,1,有,無,無,15000,106,,0.0,0,,RPVNMLQLJHLGFAI88CC,分層出租,無,1150101~1161231,無,冷氣、熱水器、冰箱,
嘉義市,租賃房屋,嘉義市嘉義市重慶路２３６號,74.0,住,,,1150117,土地1建物1車位0,全,3,透天厝,住商用,鋼筋混凝土造,0720112,176.0,4,2,3,有,無,無,18000,102,,0.0,0,含增建或未登記建物；,RPWNMLQLJHLGFAI98CC,整棟(戶)出租,無,1150301~1160228,無,,
嘉義市,租賃房屋,嘉義市嘉義市國華街３１２號,0.0,,,,1150101,土地0建物0車位0,全,5,透天厝,店舖、住宅,鋼筋混凝土構造,1041110,20.0,7,1,7,有,無,無,7500,375,,0.0,0,透天厝四層共有2間分租套房，僅承租1間分租套房。租賃建物部分範圍，且未計入共有部分面積；,RPXNMLQLJHLGFAI09CC,,無,1150101~1151231,無,冷氣、熱水器、洗衣機、電視機、冰箱,
嘉義市,租賃房屋,嘉義市嘉義市博東路１５５號１２樓２,0.0,,,,1150106,土地0建物1車位0,十二層,22,住宅大樓(11層含以上有電梯),住家用,鋼筋混凝土造,0870319,124.74000000000001,3,2,2,有,有,有,19000,152,,0.0,0,其他租賃稅；,RPOOMLQLJHLGFAI28CC,整棟(戶)出租,有,1150105~1151231,有,冷氣、熱水器、洗衣機、電視機、冰箱、瓦斯或天然氣,一般代管
嘉義市,租賃房屋,嘉義市嘉義市杭州四街８６號２樓７,0.0,,,,1150121,土地0建物1車位0,二層,7,華廈(10層含以下有電梯),住家用,鋼筋混凝土造,0780117,54.56,1,1,1,有,有,有,5630,103,,0.0,0,管理費每月870元由出租人負擔。,RPQOMLQLJHLGFAI48CC,獨立套房,有,1150122~1160121,有,冷氣、熱水器、洗衣機、電視機、冰箱、瓦斯或天然氣,社會住宅代管
嘉義市,租賃房屋,嘉義市嘉義市興雅路７５號９樓之３之１,0.0,,,,1150123,土地0建物1車位0,九層,12,住宅大樓(11層含以上有電梯),住家用,鋼筋混凝土造,0831109,104.04,3,2,2,有,有,有,18000,173,,0.0,0,,RPSOMLQLJHLGFAI68CC,整棟(戶)出租,有,1150125~1160124,有,冷氣、熱水器、洗衣機、電視機、冰箱、瓦斯或天然氣,社會住宅代管
嘉義市,租賃房屋,嘉義市嘉義市建成街１８６號２樓１,0.0,,,,1150122,土地0建物1車位0,二層,6,華廈(10層含以下有電梯),住家用,鋼筋混凝土造,0800710,38.06,1,0,1,有,有,有,5700,150,,0.0,0,管理費每月500元由出租人負擔。,RPUOMLQLJHLGFAI88CC,獨立套房,有,1150125~1160124,有,冷氣、熱水器、洗衣機、電視機、冰箱,社會住宅代管
嘉義市,租賃房屋,嘉義市嘉義市彌陀路４０號二樓之２９,0.0,,,,1150122,土地0建物1車位0,二層,4,華廈(10層含以下有電梯),辦公室,鋼筋混凝土造,0970303,14.02,1,0,1,有,有,有,4000,285,,0.0,0,含增建或未登記建物；,RPPNMLRLJHLGFAI38CC,獨立套房,有,1150221~1150820,有,冷氣、熱水器、電視機、冰箱、網路,一般代管
嘉義市,租賃房屋,嘉義市嘉義市彌陀路４０號二樓之３,0.0,,,,1150119,土地0建物1車位0,二層,4,華廈(10層含以下有電梯),辦公室,鋼筋混凝土造,0970303,14.419999999999998,1,0,1,有,有,有,4000,277,,0.0,0,含增建或未登記建物；,RPQNMLRLJHLGFAI48CC,獨立套房,有,1150121~1150720,有,冷氣、熱水器、電視機、冰箱、網路,一般代管
嘉義市,租賃房屋,嘉義市嘉義市嘉北街１２巷２３號３樓２,0.0,,,,1150121,土地0建物1車位0,三層,7,華廈(10層含以下有電梯),住家用,鋼筋混凝土造,0791015,86.81,2,1,1,有,有,有,8000,92,,0.0,0,續租案件；,RPRNMLRLJHLGFAI58CC,整棟(戶)出租,有,1150305~1160304,有,冷氣、熱水器、冰箱,社會住宅包租轉租
嘉義市,租賃房屋,嘉義市嘉義市光彩街５０５號５樓１,0.0,,,,1150121,土地0建物1車位0,五層,6,華廈(10層含以下有電梯),住家用,鋼筋混凝土造,0820426,34.86,1,0,1,有,有,有,6500,186,,0.0,0,續租案件；,RPSNMLRLJHLGFAI68CC,獨立套房,有,1150216~1160215,有,冷氣、熱水器、洗衣機、電視機、冰箱,社會住宅包租轉租
嘉義市,租賃房屋,嘉義市嘉義市永安街３６１號１樓,0.0,,,,1150120,土地0建物1車位0,一層,12,住宅大樓(11層含以上有電梯),住家用,鋼筋混凝土造,0931028,187.82,3,2,2,有,有,有,15000,80,,0.0,0,續租案件；,RPTNMLRLJHLGFAI78CC,整棟(戶)出租,有,1150301~1160228,有,熱水器、瓦斯或天然氣,社會住宅包租轉租
嘉義市,租賃房屋,嘉義市嘉義市友愛路５６０號五樓之４,0.0,,,,1150115,土地0建物1車位0,五層,14,住宅大樓(11層含以上有電梯),住家用,鋼筋混凝土造,0840724,91.24000000000001,2,1,1,有,有,有,17000,186,,0.0,0,,RPUNMLRLJHLGFAI88CC,整棟(戶)出租,有,1150120~1160119,有,冷氣、熱水器、洗衣機、電視機、冰箱,社會住宅包租轉租
嘉義市,租賃房屋,嘉義市嘉義市廣州街２１９之３號５樓３,0.0,,,,1150116,土地0建物1車位0,五層,7,華廈(10層含以下有電梯),住家用,鋼筋混凝土造,0830319,40.14,1,0,1,有,有,有,6500,162,,0.0,0,,RPVNMLRLJHLGFAI98CC,獨立套房,無,1150122~1160121,有,冷氣、熱水器、洗衣機、冰箱,社會住宅包租轉租
嘉義市,租賃房屋,嘉義市嘉義市重慶路１１８號４樓１,0.0,,,,1150120,土地0建物1車位0,四層,5,公寓(5樓含以下無電梯),國民住宅,鋼筋混凝土造,0720714,79.98,3,2,2,有,無,有,11000,138,,0.0,0,,RPWNMLRLJHLGFAI09CC,整棟(戶)出租,無,1150310~1160309,無,冷氣、熱水器、洗衣機、冰箱、瓦斯或天然氣,社會住宅包租轉租
嘉義市,租賃房屋,嘉義市嘉義市新榮路３０７號之１四樓３之１,0.0,,,,1150120,土地0建物1車位0,四層,8,華廈(10層含以下有電梯),住家用,鋼筋混凝土造,0821227,43.97,1,0,1,有,有,有,6500,148,,0.0,0,,RPXNMLRLJHLGFAI56CC,獨立套房,有,1150126~1160125,有,冷氣、熱水器、洗衣機、電視機、冰箱,社會住宅包租轉租
嘉義市,租賃房屋,嘉義市嘉義市西區僑嘉三街６０號,0.0,,,,1150123,土地0建物1車位0,一層,4,店面(店鋪),住宅、樓梯間,鋼筋混凝土造,1120908,96.52,12,1,12,有,無,無,25000,259,,0.0,0,,RPOOMLRLJHLGFAI38CC,,無,1150301~1180228,無,,
嘉義市,租賃房屋+車位,嘉義市嘉義市永安街３５１號六樓,0.0,,,,1150115,土地0建物1車位1,六層,12,住宅大樓(11層含以上有電梯),住家用,鋼筋混凝土造,0931028,187.32,3,2,2,有,有,有,20500,109,坡道平面,0.0,0,,RPPOMLRLJHLGFAI48CC,整棟(戶)出租,有,1150120~1170119,有,冷氣、熱水器、洗衣機、瓦斯或天然氣,
嘉義市,租賃房屋,嘉義市嘉義市博愛路二段１７０號６樓之３,0.0,,,,1150114,土地0建物1車位0,六層,14,住宅大樓(11層含以上有電梯),住家用,鋼筋混凝土造,0880421,97.31,2,1,1,有,有,有,10000,103,,0.0,0,續租案件；,RPQOMLRLJHLGFAI58CC,整棟(戶)出租,有,1150221~1160220,有,冷氣、熱水器、洗衣機、冰箱、瓦斯或天然氣,社會住宅代管
嘉義市,租賃房屋,嘉義市嘉義市彌陀路１４５號１０樓３,0.0,,,,1150114,土地0建物1車位0,十層,20,住宅大樓(11層含以上有電梯),住家用,鋼筋混凝土造,0850311,148.03,3,2,2,有,有,有,12016,81,,0.0,0,管理費984元由出租人負擔。續租案件；,RPROMLRLJHLGFAI68CC,整棟(戶)出租,有,1150122~1160121,有,冷氣、熱水器、洗衣機、電視機、冰箱、瓦斯或天然氣,社會住宅包租轉租
嘉義市,租賃房屋,嘉義市嘉義市保建街３６之１８號１０樓４,0.0,,,,1150122,土地0建物1車位0,十層,12,住宅大樓(11層含以上有電梯),住家用,鋼筋混凝土造,0820623,88.39,3,1,2,有,有,有,9300,105,,0.0,0,續租案件；,RPSOMLRLJHLGFAI78CC,整棟(戶)出租,有,1150125~1160124,有,冷氣、熱水器、洗衣機、冰箱、瓦斯或天然氣,社會住宅包租轉租
嘉義市,租賃房屋,嘉義市嘉義市徐州三街２６號６樓５,0.0,,,,1150119,土地0建物1車位0,六層,6,華廈(10層含以下有電梯),住家用,鋼筋混凝土造,0820111,51.53999999999999,1,1,1,有,有,有,8500,165,,0.0,0,續租案件；,RPPNMLSLJHLGFAI48CC,獨立套房,有,1150201~1160131,有,冷氣、熱水器、洗衣機、電視機、冰箱,社會住宅代管
嘉義市,租賃房屋,嘉義市嘉義市國華街３２２之９號,0.0,,,,1150128,土地0建物0車位0,全,5,透天厝,店舖、住宅,鋼筋混凝土構造,1050111,19.83,5,1,6,有,無,無,6500,328,,0.0,0,2樓後方房間,RPSNMLTLJHLGFAI88CC,分租套房,無,1150201~1160131,無,冷氣,
嘉義市,租賃房屋,嘉義市嘉義市大同路４１１號８樓之１,0.0,,,,1150122,土地0建物1車位0,八層,13,住宅大樓(11層含以上有電梯),住家用,鋼筋混凝土造,0830622,136.07999999999998,3,1,2,有,有,有,12000,88,,0.0,0,未租賃車位，建物登記含有車位面積；續租案件；,RPTNMLTLJHLGFAI98CC,整棟(戶)出租,有,1150126~1160125,有,冷氣、熱水器、洗衣機、冰箱、瓦斯或天然氣,社會住宅包租轉租
嘉義市,租賃房屋,嘉義市嘉義市新榮路３５巷１１號３樓之５,0.0,,,,1150123,土地0建物1車位0,三層,14,住宅大樓(11層含以上有電梯),住家用,鋼筋混凝土造,0931029,213.98000000000002,4,1,2,有,有,有,16000,75,,0.0,0,未租賃車位，建物登記含有車位面積；續租案件；,RPUNMLTLJHLGFAI09CC,整棟(戶)出租,有,1150218~1160217,有,冷氣、熱水器、洗衣機、電視機、瓦斯或天然氣,社會住宅包租轉租
嘉義市,租賃房屋,嘉義市嘉義市蘭州四街７１號４樓６,0.0,,,,1150123,土地0建物1車位0,四層,7,華廈(10層含以下有電梯),住家用,鋼筋混凝土造,0820111,45.519999999999996,1,0,1,有,有,有,6500,143,,0.0,0,,RPVNMLTLJHLGFAI56CC,獨立套房,有,1150201~1160131,有,冷氣、熱水器、洗衣機、電視機、冰箱,一般代管
嘉義市,租賃房屋,嘉義市嘉義市民生南路１５９號,0.0,,,,1150123,土地0建物0車位0,全,5,透天厝,住商用,鋼筋混凝土造,0830708,30.86,4,1,5,有,無,無,5000,162,,0.0,0,門牌整編前地址：嘉義市西區民生南路169號續租案件；,RPWNMLTLJHLGFAI66CC,分租套房,無,1150323~1170322,無,熱水器、冰箱,一般代管
嘉義市,租賃房屋,嘉義市嘉義市安樂街６５號５樓１,0.0,,,,1150121,土地0建物1車位0,五層,12,住宅大樓(11層含以上有電梯),住家用,鋼筋混凝土造,0890111,145.56,3,1,2,有,有,有,13000,89,,0.0,0,續租案件；,RPOOMLTLJHLGFAI58CC,整棟(戶)出租,有,1150125~1151121,有,冷氣、熱水器、瓦斯或天然氣,社會住宅代管
嘉義市,租賃房屋,嘉義市嘉義市博愛路二段１６８號１１樓之２,0.0,,,,1150122,土地0建物1車位0,十一層,14,住宅大樓(11層含以上有電梯),住家用,鋼筋混凝土造,0880421,39.13,1,0,1,有,有,有,8000,204,,0.0,0,續租案件；,RPPOMLTLJHLGFAI68CC,獨立套房,有,1150222~1160221,有,冷氣、熱水器、洗衣機、電視機、冰箱、瓦斯或天然氣,社會住宅代管
嘉義市,租賃房屋,嘉義市嘉義市東洋新?５０３號２樓１,0.0,,,,1150122,土地0建物1車位0,二層,5,公寓(5樓含以下無電梯),住家用,鋼筋混凝土造,0720708,42.28,1,0,1,有,有,有,8000,189,,0.0,0,續租案件；,RPQOMLTLJHLGFAI78CC,獨立套房,有,1150131~1160130,無,冷氣、熱水器、洗衣機、電視機、冰箱、瓦斯或天然氣,社會住宅代管
嘉義市,租賃房屋,嘉義市嘉義市美源街８號,0.0,,,,1150120,土地0建物1車位0,全,2,透天厝,住家用,鋼筋混凝土加強磚造,0630722,47.0,1,2,1,有,無,無,8500,181,,0.0,0,續租案件；,RPPNMLKMJHLGFAI77CC,整棟(戶)出租,無,1150120~1160119,無,冷氣、熱水器,社會住宅代管
嘉義市,租賃房屋,嘉義市嘉義市小雅路２０１號１２樓３,0.0,,,,1150122,土地0建物1車位0,十二層,16,住宅大樓(11層含以上有電梯),住家用,鋼筋混凝土造,0820609,39.14,1,0,1,有,有,有,5500,141,,0.0,0,續租案件；,RPQNMLKMJHLGFAI87CC,獨立套房,有,1150128~1160127,有,冷氣、熱水器、洗衣機、電視機、冰箱、瓦斯或天然氣,社會住宅代管
嘉義市,租賃房屋,嘉義市嘉義市東義路８１號,0.0,,,,1150120,土地0建物1車位0,全,2,透天厝,住家用,加強磚造,0750729,148.56,4,2,2,有,無,無,15000,101,,0.0,0,續租案件；,RPRNMLKMJHLGFAI97CC,整棟(戶)出租,無,1150124~1160123,無,熱水器、瓦斯或天然氣,社會住宅代管
嘉義市,租賃房屋,嘉義市嘉義市國華街２９０號６樓９,0.0,,,,1150121,土地0建物1車位0,六層,7,華廈(10層含以下有電梯),住家用,鋼筋混凝土造,0771108,55.73,1,2,1,有,有,有,7500,135,,0.0,0,管理費500元由出租人負擔。多人共同承租2；,RPSNMLKMJHLGFAI08CC,整棟(戶)出租,有,1150125~1160124,有,冷氣、熱水器、洗衣機、冰箱、瓦斯或天然氣,社會住宅代管
嘉義市,租賃房屋,嘉義市嘉義市彌陀路１４５號４樓７,0.0,,,,1150127,土地0建物1車位0,四層,20,住宅大樓(11層含以上有電梯),住家用,鋼筋混凝土造,0850311,47.160000000000004,1,0,1,有,有,有,7000,148,,0.0,0,,RPTNMLKMJHLGFAI18CC,獨立套房,有,1150130~1160104,有,冷氣、熱水器、洗衣機、冰箱、瓦斯或天然氣,社會住宅包租轉租
嘉義市,租賃房屋,嘉義市嘉義市東洋新?１２１之８號２樓２,0.0,,,,1150123,土地0建物1車位0,二層,5,華廈(10層含以下有電梯),住家用,鋼筋混凝土造,0780518,104.60000000000001,2,1,2,有,有,有,14040,134,,0.0,0,管理費1460元由出租人負擔。多人共同承租2；續租案件；,RPUNMLKMJHLGFAI28CC,整棟(戶)出租,有,1150203~1160202,有,冷氣、熱水器、冰箱、瓦斯或天然氣,社會住宅包租轉租
嘉義市,租賃房屋,嘉義市嘉義市民生南路２９４之８號２樓之３,0.0,,,,1150122,土地0建物1車位0,二層,7,華廈(10層含以下有電梯),住家用,鋼筋混凝土造,0780203,33.92,1,0,1,有,有,有,6000,177,,0.0,0,,RPVNMLKMJHLGFAI38CC,獨立套房,有,1150125~1160124,有,冷氣、熱水器、洗衣機、冰箱、瓦斯或天然氣,社會住宅代管
嘉義市,租賃房屋,嘉義市嘉義市小雅路２０１號６樓２０,0.0,,,,1150123,土地0建物1車位0,六層,16,住宅大樓(11層含以上有電梯),住家用,鋼筋混凝土造,0820609,48.12,1,0,1,有,有,有,5500,114,,0.0,0,續租案件；,RPWNMLKMJHLGFAI48CC,獨立套房,有,1150124~1160123,有,冷氣、熱水器、電視機、冰箱、瓦斯或天然氣,社會住宅代管
嘉義市,租賃房屋,嘉義市嘉義市宣信街２５６巷１０號２樓２,0.0,,,,1150126,土地0建物1車位0,二層,5,公寓(5樓含以下無電梯),住家用,鋼筋混凝土造,0740528,124.80000000000001,3,2,2,有,有,有,16500,132,,0.0,0,續租案件；,RPXNMLKMJHLGFAI58CC,整棟(戶)出租,有,1150131~1160130,無,冷氣、熱水器、冰箱、瓦斯或天然氣,社會住宅代管
嘉義市,租賃房屋,嘉義市嘉義市竹圍路１８７號,0.0,,,,1150115,土地0建物0車位0,全,4,透天厝,店舖、住宅、樓梯間,鋼筋混凝土造,1120627,60.25,5,2,6,有,無,有,21000,349,,0.0,0,租賃建物部分範圍，且未計入共有部分面積；,RPOOMLKMJHLGFAI77CC,分租套房,無,1150201~1160131,無,冷氣、熱水器、電視機、冰箱,
嘉義市,租賃房屋,嘉義市嘉義市彌陀路４２號二樓之１０,0.0,,,,1150127,土地0建物1車位0,二層,4,華廈(10層含以下有電梯),辦公室,鋼筋混凝土造,0970303,14.02,1,0,1,有,有,有,4000,285,,0.0,0,含增建或未登記建物；續租案件；,RPPOMLKMJHLGFAI87CC,獨立套房,有,1150310~1150909,有,冷氣、熱水器、電視機、冰箱、網路,一般代管
嘉義市,租賃房屋,嘉義市嘉義市志昇街３５號８樓,0.0,,,,1150122,土地0建物1車位0,八層,14,住宅大樓(11層含以上有電梯),住家用,鋼筋混凝土造,0931103,183.64,3,2,2,有,有,有,13800,75,,0.0,0,管理費1200元由出租人負擔。未租賃車位，建物登記含有車位面積；,RPROMLKMJHLGFAI08CC,整棟(戶)出租,有,1150122~1160121,有,冷氣、熱水器、洗衣機、電視機、冰箱、瓦斯或天然氣,社會住宅包租轉租
嘉義市,租賃房屋,嘉義市嘉義市延平街２０１號,0.0,,,,1150129,土地0建物0車位0,全,5,透天厝,住宅、樓梯間,鋼筋混凝土構造,1120518,14.04,8,0,8,有,無,有,7000,499,,0.0,0,,RPSOMLKMJHLGFAI18CC,分租套房,無,1150126~1150525,無,冷氣、熱水器、冰箱、網路,一般轉租
嘉義市,租賃房屋,嘉義市嘉義市光彩街５０５號３樓６,0.0,,,,1150109,土地0建物1車位0,三層,6,華廈(10層含以下有電梯),住家用,鋼筋混凝土造,0820426,44.29,1,1,1,有,有,有,10200,230,,0.0,0,,RPTOMLKMJHLGFAI28CC,獨立套房,有,1150115~1180114,有,冷氣、熱水器、洗衣機、電視機、冰箱,社會住宅包租轉租
嘉義市,租賃房屋,嘉義市嘉義市八德路２４０號,0.0,,,,1150102,土地0建物1車位0,全,1,透天厝,住家用,鋼造,0810828,171.26,0,0,0,無,無,無,80000,467,,0.0,0,含增建或未登記建物；租賃期間有約定不同租金承租前二個月裝潢期間支付折半肆萬元一個月的租金，合計二個月捌萬元。115年3月3日起即以正常租金每個月捌萬元計算。；,RPPNMLLMJHLGFAI87CC,,無,1150103~1200102,無,,
嘉義市,租賃房屋,嘉義市嘉義市南京路１８號,0.0,,,,1150123,土地0建物1車位0,二層,10,華廈(10層含以下有電梯),住商用,鋼筋混凝土造,0840306,49.14,2,2,1,有,有,有,19500,397,,0.0,0,租賃建物部分範圍，且未計入共有部分。租金總額含管理費；,RPQNMLLMJHLGFAI97CC,分層出租,有,1150123~1160131,有,冷氣、熱水器、洗衣機、電視機、冰箱,
嘉義市,租賃房屋,嘉義市嘉義市彌陀路４２號４F之１３號,0.0,,,,1150130,土地0建物1車位0,四層,4,公寓(5樓含以下無電梯),辦公室,鋼筋混凝土造,0970303,14.02,1,1,1,有,無,無,4000,285,,0.0,0,另有管理費600元/月由承租人負擔,RPPNMLMJKHLGFAI77CC,獨立套房,無,1150205~1160205,無,冷氣、熱水器、電視機、冰箱,
嘉義市,租賃房屋,嘉義市嘉義市彌陀路２３８巷１號７樓２,0.0,,,,1150112,土地0建物1車位0,七層,7,華廈(10層含以下有電梯),住家用,鋼筋混凝土造,0800720,134.73,3,2,2,有,有,有,9000,67,,0.0,0,多人共同承租2；,RPRNMLMJKHLGFAI97CC,整棟(戶)出租,有,1150116~1160115,有,冷氣、熱水器、洗衣機、電視機、冰箱,社會住宅代管
嘉義市,租賃房屋,嘉義市嘉義市圓福街３０號１０樓１,0.0,,,,1150113,土地0建物1車位0,十層,10,華廈(10層含以下有電梯),住家用,鋼筋混凝土造,0810828,143.16,3,2,2,有,有,無,17000,119,,0.0,0,,RPTNMLMJKHLGFAI18CC,整棟(戶)出租,有,1150119~1160118,有,冷氣、熱水器、瓦斯或天然氣,社會住宅代管
嘉義市,租賃房屋,嘉義市嘉義市永安街３４７號十一樓,0.0,,,,1150114,土地0建物1車位0,十一層,12,住宅大樓(11層含以上有電梯),住家用,鋼筋混凝土造,0931028,187.32,2,2,2,有,有,有,19800,106,,0.0,0,,RPUNMLMJKHLGFAI28CC,整棟(戶)出租,有,1150129~1160128,有,冷氣、熱水器、洗衣機、電視機、冰箱、瓦斯或天然氣,社會住宅代管
嘉義市,租賃房屋,嘉義市嘉義市新民路３９６號４樓１,0.0,,,,1150120,土地0建物1車位0,四層,12,住宅大樓(11層含以上有電梯),住家用,鋼筋混凝土造,0830704,109.02,3,2,1,有,有,有,19600,180,,0.0,0,,RPVNMLMJKHLGFAI38CC,整棟(戶)出租,有,1150126~1160125,有,冷氣、熱水器、洗衣機、冰箱、瓦斯或天然氣,社會住宅代管
嘉義市,租賃房屋,嘉義市嘉義市小雅路３４３號九樓７,0.0,,,,1150113,土地0建物1車位0,九層,12,住宅大樓(11層含以上有電梯),住家用,鋼筋混凝土造,0820609,28.419999999999998,1,1,1,有,有,有,3000,106,,0.0,0,,RPWNMLMJKHLGFAI48CC,獨立套房,有,1150120~1180119,有,冷氣、熱水器、洗衣機、電視機、冰箱,社會住宅包租轉租
嘉義市,租賃房屋,嘉義市嘉義市博愛路二段１６８號１４樓之１,0.0,,,,1150113,土地0建物1車位0,十四層,14,住宅大樓(11層含以上有電梯),住家用,鋼筋混凝土造,0880421,78.99,2,2,1,有,有,有,15000,190,,0.0,0,,RPXNMLMJKHLGFAI58CC,整棟(戶)出租,有,1150129~1180128,有,冷氣、熱水器、洗衣機、電視機、冰箱,社會住宅包租轉租
嘉義市,租賃房屋,嘉義市嘉義市義教街６２３之２號１０樓１,0.0,,,,1150114,土地0建物1車位0,十層,11,住宅大樓(11層含以上有電梯),住家用,鋼筋混凝土造,0830723,123.42999999999999,2,2,1,有,有,有,15000,122,,0.0,0,,RPOOMLMJKHLGFAI77CC,整棟(戶)出租,有,1150120~1180119,有,冷氣、熱水器、洗衣機、電視機、冰箱,社會住宅包租轉租
嘉義市,租賃房屋,嘉義市嘉義市書院里仁愛路４０５巷１０號,0.0,,,,1150121,土地0建物0車位0,全,2,透天厝,住商用,鋼筋混凝土加強磚造,0670201,13.92,8,0,8,有,無,有,7000,503,,0.0,0,租賃建物部分範圍，且未計入共有部分面積；,RPPOMLMJKHLGFAI87CC,分租套房,無,1150121~1160120,無,冷氣、熱水器、電視機、冰箱,一般代管
嘉義市,租賃房屋,嘉義市嘉義市健康二路１９５號,0.0,,,,1150120,土地0建物1車位0,全,3,透天厝,店舖、樓梯間,鋼筋混凝土造,1120809,187.58,4,2,4,有,無,無,37000,197,,0.0,0,,RPQOMLMJKHLGFAI97CC,整棟(戶)出租,無,1150130~1160129,無,冷氣、熱水器,
嘉義市,租賃房屋,嘉義市嘉義市忠義街９０號之３五樓２,0.0,,,,1150127,土地0建物1車位0,五層,6,華廈(10層含以下有電梯),住家用,鋼筋混凝土造,0820217,113.92,3,1,2,有,有,有,15000,132,,0.0,0,,RPROMLMJKHLGFAI08CC,整棟(戶)出租,有,1150128~1160127,有,冷氣、熱水器、洗衣機、冰箱、瓦斯或天然氣,社會住宅代管
嘉義市,租賃房屋,嘉義市嘉義市保安一路１１２號,0.0,,,,1150128,土地0建物1車位0,全,2,透天厝,住商用,鋼筋混凝土加強磚造,0680514,98.0,3,2,2,有,無,無,15000,153,,0.0,0,,RPSOMLMJKHLGFAI18CC,整棟(戶)出租,無,1150201~1160131,無,熱水器,社會住宅代管
嘉義市,租賃房屋,嘉義市嘉義市重慶路３８４號５樓１１,0.0,,,,1150128,土地0建物1車位0,五層,7,華廈(10層含以下有電梯),住家用,鋼筋混凝土造,0821012,69.28,1,1,1,有,有,有,11500,166,,0.0,0,管理費500元由出租人負擔。,RPTOMLMJKHLGFAI28CC,獨立套房,有,1150216~1160215,有,冷氣、熱水器、洗衣機、電視機、冰箱、瓦斯或天然氣,社會住宅代管
嘉義市,租賃房屋,嘉義市嘉義市博愛路二段１６８號３樓之１,0.0,,,,1150129,土地0建物1車位0,三層,14,住宅大樓(11層含以上有電梯),住家用,鋼筋混凝土造,0880421,41.45,1,0,1,有,有,有,9000,217,,0.0,0,,RPUOMLMJKHLGFAI38CC,獨立套房,有,1150205~1160204,有,冷氣、熱水器、洗衣機、電視機、冰箱、瓦斯或天然氣,社會住宅代管
嘉義市,租賃房屋,嘉義市嘉義市嘉北街１２巷５１號六樓３,0.0,,,,1150130,土地0建物1車位0,六層,7,華廈(10層含以下有電梯),住家用,鋼筋混凝土造,0791015,146.62,3,2,2,有,有,有,15000,102,,0.0,0,續租案件；,RPQNMLNJKHLGFAI97CC,整棟(戶)出租,有,1150209~1160208,有,冷氣、熱水器、瓦斯或天然氣,社會住宅代管
嘉義市,租賃房屋,嘉義市嘉義市後庄里１０鄰林森東路３２１巷７弄８號,0.0,,,,1150130,土地0建物1車位0,全,2,透天厝,住家用,鋼筋混凝土加強磚造,0711118,116.58,7,2,2,有,無,有,16000,137,,0.0,0,,RPRNMLNJKHLGFAI08CC,整棟(戶)出租,無,1150205~1160204,無,熱水器、瓦斯或天然氣,社會住宅代管
嘉義市,租賃房屋,嘉義市嘉義市民族路５３３號３樓,0.0,,,,1150122,土地0建物1車位0,三層,7,華廈(10層含以下有電梯),住家用,鋼筋混凝土造,0850202,143.97,2,1,2,有,無,有,15000,104,,0.0,0,續租案件；,RPSNMLNJKHLGFAI18CC,整棟(戶)出租,無,1150211~1160210,有,冷氣、熱水器、洗衣機、電視機、冰箱、瓦斯或天然氣,社會住宅包租轉租
嘉義市,租賃房屋,嘉義市嘉義市彌陀路４２號三樓之２７,0.0,,,,1150116,土地0建物1車位0,三層,4,華廈(10層含以下有電梯),辦公室,鋼筋混凝土造,0970303,14.02,1,0,1,有,有,有,4000,285,,0.0,0,含增建或未登記建物；,RPRNMLOJKHLGFAI18CC,獨立套房,有,1150201~1150731,有,冷氣、熱水器、電視機、冰箱、網路,一般代管
嘉義市,租賃房屋,嘉義市嘉義市彌陀路４２號三樓之３０,0.0,,,,1150120,土地0建物1車位0,三層,4,華廈(10層含以下有電梯),辦公室,鋼筋混凝土造,0970303,14.02,1,0,1,有,有,有,4000,285,,0.0,0,含增建或未登記建物；,RPSNMLOJKHLGFAI28CC,獨立套房,有,1150201~1150731,有,冷氣、熱水器、電視機、冰箱、網路,一般代管
嘉義市,租賃房屋,嘉義市嘉義市彌陀路４０號三樓之８,0.0,,,,1150124,土地0建物1車位0,三層,4,華廈(10層含以下有電梯),辦公室,鋼筋混凝土造,0970303,14.02,1,0,1,有,有,有,4000,285,,0.0,0,含增建或未登記建物；,RPTNMLOJKHLGFAI38CC,獨立套房,有,1150221~1150820,有,冷氣、熱水器、電視機、冰箱、網路,一般代管
嘉義市,租賃房屋,嘉義市嘉義市民生南路１０００號二樓之１６,0.0,,,,1150130,土地0建物1車位0,二層,5,華廈(10層含以下有電梯),集合住宅,鋼筋混凝土構造,1070802,12.77,1,0,1,有,有,有,4000,313,,0.0,0,含增建或未登記建物；,RPUNMLOJKHLGFAI48CC,獨立套房,有,1150201~1150731,有,冷氣、熱水器、電視機、冰箱、網路,一般代管
嘉義市,租賃房屋,嘉義市嘉義市民生南路１０００號二樓之２６,0.0,,,,1150127,土地0建物1車位0,二層,5,華廈(10層含以下有電梯),集合住宅,鋼筋混凝土構造,1070802,12.93,1,0,1,有,有,有,4000,309,,0.0,0,含增建或未登記建物；,RPVNMLOJKHLGFAI58CC,獨立套房,有,1150202~1150801,有,冷氣、熱水器、電視機、冰箱、網路,一般代管
嘉義市,租賃房屋+車位,嘉義市嘉義市新榮路３５巷１５號１３樓之５,0.0,,,,1150122,土地0建物1車位1,十三層,14,住宅大樓(11層含以上有電梯),住家用,鋼筋混凝土造,0931028,207.08999999999997,3,2,2,有,有,有,22000,106,坡道平面,0.0,0,,RPWNMLOJKHLGFAI68CC,整棟(戶)出租,有,1150128~1160127,有,冷氣、熱水器、洗衣機、冰箱,
嘉義市,租賃房屋,嘉義市嘉義市民生南路１０００號三樓之２,0.0,,,,1150129,土地0建物1車位0,三層,5,華廈(10層含以下有電梯),集合住宅,鋼筋混凝土構造,1070802,12.77,1,0,1,有,有,有,4000,313,,0.0,0,含增建或未登記建物；,RPXNMLOJKHLGFAI78CC,獨立套房,有,1150201~1150731,有,冷氣、熱水器、電視機、冰箱、網路,一般代管
嘉義市,租賃房屋,嘉義市嘉義市南京路３３號,0.0,,,,1150202,土地0建物1車位0,全,5,透天厝,車庫、住宅,鋼筋混凝土造,0891026,58.9,0,0,0,無,無,無,10000,170,,0.0,0,,RPOOMLOJKHLGFAI97CC,,無,1150205~1170204,無,,
嘉義市,租賃房屋,嘉義市嘉義市南京路３３號,0.0,,,,1150202,土地0建物1車位0,全,5,透天厝,車庫、住宅,鋼筋混凝土造,0891026,58.64,0,0,0,無,無,無,10000,171,,0.0,0,,RPPOMLOJKHLGFAI08CC,,無,1150205~1170204,無,,
嘉義市,租賃房屋,嘉義市嘉義市民生南路１０００號四樓之５,0.0,,,,1150129,土地0建物1車位0,四層,5,華廈(10層含以下有電梯),集合住宅,鋼筋混凝土構造,1070802,12.93,1,0,1,有,有,有,4000,309,,0.0,0,含增建或未登記建物；續租案件；,RPQOMLOJKHLGFAI18CC,獨立套房,有,1150301~1150831,有,冷氣、熱水器、電視機、冰箱、網路,一般代管
嘉義市,租賃房屋,嘉義市嘉義市自強街１９５巷２１號,0.0,,,,1150201,土地0建物0車位0,三層,8,華廈(10層含以下有電梯),住商用,鋼筋混凝土造,0791110,48.48,4,1,5,有,有,有,15000,309,,0.0,0,租金總額含網路費；租賃建物部分範圍，且未計入共有部分面積；,RPTOMLOJKHLGFAI48CC,分租套房,有,1150201~1160131,有,冷氣、熱水器、洗衣機、電視機、冰箱、網路,
嘉義市,租賃房屋,嘉義市嘉義市安樂街６５號２樓１,0.0,,,,1150130,土地0建物1車位0,二層,12,住宅大樓(11層含以上有電梯),集合住宅,鋼筋混凝土造,0890111,145.56,3,2,2,有,有,有,21000,144,,0.0,0,,RPUOMLOJKHLGFAI58CC,整棟(戶)出租,有,1150201~1160131,有,冷氣、熱水器、洗衣機、電視機、冰箱、瓦斯或天然氣,一般代管
嘉義市,租賃房屋,嘉義市嘉義市彌陀路１３７號１６樓２,0.0,,,,1150201,土地0建物1車位0,十六層,20,住宅大樓(11層含以上有電梯),住家用,鋼筋混凝土造,0850311,68.8,1,1,1,有,有,有,8475,123,,0.0,0,管理費525元由出租人負擔。,RPVOMLOJKHLGFAI68CC,獨立套房,有,1150217~1160216,有,冷氣、熱水器、洗衣機、電視機、冰箱、瓦斯或天然氣,社會住宅代管
嘉義市,租賃房屋,嘉義市嘉義市友忠路９８７號４樓２,0.0,,,,1150130,土地0建物1車位0,四層,12,住宅大樓(11層含以上有電梯),住家用,鋼筋混凝土造,0870226,112.52,3,2,2,有,有,無,13000,116,,0.0,0,續租案件；,RPPNMLPJKHLGFAI08CC,整棟(戶)出租,有,1150210~1160209,有,熱水器、瓦斯或天然氣,社會住宅包租轉租
嘉義市,租賃房屋,嘉義市嘉義市健康十六街７２號５樓之２,0.0,,,,1150128,土地0建物1車位0,五層,5,華廈(10層含以下有電梯),集合住宅,鋼筋混凝土構造,1111019,90.78,2,1,2,有,有,無,15500,171,,0.0,0,管理費2500元由出租人負擔。續租案件；,RPQNMLPJKHLGFAI18CC,整棟(戶)出租,有,1150209~1160208,有,冷氣、熱水器、瓦斯或天然氣,社會住宅代管
嘉義市,租賃房屋,嘉義市嘉義市民權路３６６之２號３樓１,0.0,,,,1150129,土地0建物1車位0,三層,8,華廈(10層含以下有電梯),住家用,鋼筋混凝土造,0801102,51.82,1,1,1,有,有,有,8400,162,,0.0,0,管理費600元由出租人負擔。續租案件；,RPRNMLPJKHLGFAI28CC,獨立套房,有,1150215~1160214,有,冷氣、熱水器,社會住宅代管
嘉義市,租賃房屋,嘉義市嘉義市垂楊路６４０號８樓９,0.0,,,,1150129,土地0建物1車位0,八層,10,華廈(10層含以下有電梯),住家用,鋼筋混凝土造,0730727,25.240000000000002,1,0,1,有,有,有,5000,198,,0.0,0,續租案件；,RPTNMLPJKHLGFAI48CC,獨立套房,有,1150217~1160216,有,冷氣、熱水器、洗衣機、電視機、冰箱,社會住宅代管
嘉義市,租賃房屋,嘉義市嘉義市重慶路３８４號４樓１０,0.0,,,,1150129,土地0建物1車位0,四層,7,華廈(10層含以下有電梯),住家用,鋼筋混凝土造,0821012,27.090000000000003,1,0,1,有,有,有,6500,240,,0.0,0,續租案件；,RPUNMLPJKHLGFAI58CC,獨立套房,有,1150224~1160223,有,冷氣、熱水器、洗衣機、電視機、冰箱,社會住宅代管
嘉義市,租賃房屋,嘉義市嘉義市蘭井街３０３號九樓３,0.0,,,,1150128,土地0建物1車位0,九層,12,住宅大樓(11層含以上有電梯),住家用,鋼筋混凝土造,0840522,38.67,1,0,1,有,有,有,5400,140,,0.0,0,續租案件；,RPVNMLPJKHLGFAI68CC,獨立套房,有,1150129~1160128,有,冷氣、熱水器、洗衣機、冰箱、瓦斯或天然氣,社會住宅代管
嘉義市,租賃房屋,嘉義市嘉義市興達路５９２巷１號１１樓１,0.0,,,,1150126,土地0建物1車位0,十一層,12,住宅大樓(11層含以上有電梯),住家用,鋼筋混凝土造,0820618,110.97,3,2,2,有,有,有,15000,135,,0.0,0,續租案件；,RPWNMLPJKHLGFAI78CC,整棟(戶)出租,有,1150131~1160130,有,冷氣、熱水器、洗衣機、電視機、冰箱、瓦斯或天然氣,社會住宅代管
嘉義市,租賃房屋,嘉義市嘉義市松江三街１１８號八樓之６,0.0,,,,1150127,土地0建物1車位0,八層,9,華廈(10層含以下有電梯),住家用,鋼筋混凝土造,0830322,37.16,1,0,1,有,有,有,5500,148,,0.0,0,管理費500元由出租人負擔續租案件；,RPXNMLPJKHLGFAI88CC,獨立套房,有,1150131~1160130,有,冷氣、熱水器、洗衣機、電視機、冰箱、瓦斯或天然氣,社會住宅代管
嘉義市,租賃房屋,嘉義市嘉義市東洋新?３４２號五樓６,0.0,,,,1150126,土地0建物1車位0,五層,5,華廈(10層含以下有電梯),住家用,鋼筋混凝土造,0741129,39.3,1,0,1,有,有,有,7500,191,,0.0,0,續租案件；,RPOOMLPJKHLGFAI08CC,獨立套房,有,1150130~1160129,有,冷氣、熱水器、洗衣機、電視機、冰箱、瓦斯或天然氣,社會住宅代管
嘉義市,租賃房屋,嘉義市嘉義市健康十街１４１號９樓之２,0.0,,,,1150126,土地0建物1車位0,九層,10,華廈(10層含以下有電梯),集合住宅,鋼筋混凝土造,1121002,124.00999999999999,3,1,2,有,有,無,18500,149,,0.0,0,續租案件；,RPPNMLQJKHLGFAI18CC,整棟(戶)出租,有,1150310~1160309,有,冷氣、熱水器、洗衣機、瓦斯或天然氣,社會住宅代管
嘉義市,租賃房屋,嘉義市嘉義市健康七街１３８號五樓之１,0.0,,,,1150127,土地0建物1車位0,五層,5,華廈(10層含以下有電梯),集合住宅,鋼筋混凝土造,1121004,82.47,2,2,2,有,有,有,17500,212,,0.0,0,,RPPNMLRJKHLGFAI28CC,整棟(戶)出租,有,1150201~1160131,有,冷氣、熱水器、洗衣機、電視機、冰箱,社會住宅代管
嘉義市,租賃房屋,嘉義市嘉義市興達路５０８號八樓３,0.0,,,,1150127,土地0建物1車位0,八層,16,住宅大樓(11層含以上有電梯),住家用,鋼筋混凝土造,0831125,51.41,1,0,1,有,有,有,10600,206,,0.0,0,續租案件；,RPQNMLRJKHLGFAI38CC,獨立套房,有,1150315~1160314,有,冷氣、熱水器、洗衣機、電視機、冰箱,社會住宅包租轉租
嘉義市,租賃房屋,嘉義市嘉義市彌陀路１５９號六樓２,0.0,,,,1150122,土地0建物1車位0,六層,20,住宅大樓(11層含以上有電梯),住家用,鋼筋混凝土造,0850311,128.94,3,2,2,有,有,有,17000,132,,0.0,0,續租案件；,RPRNMLRJKHLGFAI48CC,整棟(戶)出租,有,1150401~1160331,有,冷氣、熱水器,社會住宅包租轉租
嘉義市,租賃房屋,嘉義市嘉義市中興路４９號７樓４,0.0,,,,1150123,土地0建物1車位0,七層,10,華廈(10層含以下有電梯),住家用,鋼筋混凝土造,0770924,37.18,1,0,1,有,有,有,7000,188,,0.0,0,續租案件；,RPSNMLRJKHLGFAI58CC,獨立套房,有,1150330~1160329,有,冷氣、熱水器、洗衣機、冰箱,社會住宅包租轉租
嘉義市,租賃房屋,嘉義市嘉義市林森東路２６９巷４２號３樓２,0.0,,,,1150128,土地0建物1車位0,三層,5,華廈(10層含以下有電梯),住家用,鋼筋混凝土造,0790831,123.88999999999999,3,2,2,有,有,有,12000,97,,0.0,0,續租案件；,RPPNMLTJKHLGFAI48CC,整棟(戶)出租,有,1150310~1160309,有,冷氣、熱水器、洗衣機,社會住宅包租轉租
嘉義市,租賃房屋,嘉義市嘉義市永福一街３９號６樓３,0.0,,,,1150203,土地0建物1車位0,六層,12,住宅大樓(11層含以上有電梯),住家用,鋼筋混凝土造,0840803,130.12,3,2,2,有,有,有,9500,73,,0.0,0,續租案件；,RPQNMLTJKHLGFAI58CC,整棟(戶)出租,有,1150315~1160314,有,熱水器,社會住宅包租轉租
嘉義市,租賃房屋,嘉義市嘉義市彌陀路１３７號１０樓２,0.0,,,,1150203,土地0建物1車位0,十層,20,住宅大樓(11層含以上有電梯),住家用,鋼筋混凝土造,0850311,68.8,2,1,1,有,有,有,14000,203,,0.0,0,續租案件；,RPRNMLTJKHLGFAI68CC,整棟(戶)出租,有,1150401~1160331,有,冷氣、熱水器、洗衣機、電視機、冰箱,社會住宅包租轉租
嘉義市,租賃房屋,嘉義市嘉義市仁愛路２４０巷１３號,0.0,,,,1150203,土地0建物1車位0,一層,14,住宅大樓(11層含以上有電梯),住家用,鋼筋混凝土造,0931029,185.57999999999998,3,2,2,有,有,有,15600,84,,0.0,0,續租案件；,RPSNMLTJKHLGFAI78CC,整棟(戶)出租,有,1150417~1160416,有,冷氣、熱水器、瓦斯或天然氣,社會住宅包租轉租
嘉義市,租賃房屋,嘉義市嘉義市台林街１１７巷５號４樓４,0.0,,,,1150202,土地0建物1車位0,四層,11,住宅大樓(11層含以上有電梯),住家用,鋼筋混凝土造,0850401,57.66,2,1,1,有,有,有,9000,156,,0.0,0,續租案件；,RPUNMLTJKHLGFAI98CC,整棟(戶)出租,有,1150301~1160228,有,冷氣、熱水器、洗衣機、電視機、冰箱、瓦斯或天然氣,社會住宅代管
嘉義市,租賃房屋,嘉義市嘉義市和平路２６１號之２八樓５,0.0,,,,1150203,土地0建物1車位0,八層,14,住宅大樓(11層含以上有電梯),住家用,鋼筋混凝土造,0821018,77.9,2,1,1,有,有,有,11190,144,,0.0,0,管理費1310元由出租人負擔,RPVNMLTJKHLGFAI09CC,整棟(戶)出租,有,1150206~1160424,有,冷氣、熱水器、洗衣機、電視機、冰箱、瓦斯或天然氣,社會住宅包租轉租
嘉義市,租賃房屋,嘉義市嘉義市八德路３０９號３樓,0.0,,,,1150202,土地0建物1車位0,三層,12,住宅大樓(11層含以上有電梯),住商用,鋼筋混凝土造,0830718,105.0,3,1,2,有,有,有,14500,138,,0.0,0,續租案件；,RPWNMLTJKHLGFAI56CC,整棟(戶)出租,有,1150223~1160222,有,冷氣、熱水器、洗衣機、冰箱、瓦斯或天然氣,社會住宅代管
嘉義市,租賃房屋,嘉義市嘉義市東洋新?１２３之９號２樓４,0.0,,,,1150202,土地0建物1車位0,二層,5,華廈(10層含以下有電梯),住家用,鋼筋混凝土造,0780518,38.78,1,0,1,有,有,有,4200,108,,0.0,0,管理費800元由出租人負擔續租案件；,RPXNMLTJKHLGFAI66CC,獨立套房,有,1150210~1160209,有,冷氣、熱水器、洗衣機、電視機、冰箱,社會住宅代管
嘉義市,租賃房屋,嘉義市嘉義市義教街６２３號１０樓１,0.0,,,,1150202,土地0建物1車位0,十層,11,住宅大樓(11層含以上有電梯),住家用,鋼筋混凝土造,0830723,125.69,3,2,2,有,有,無,11000,88,,0.0,0,續租案件；,RPOOMLTJKHLGFAI48CC,整棟(戶)出租,有,1150216~1160215,有,熱水器、瓦斯或天然氣,社會住宅代管
嘉義市,租賃房屋,嘉義市嘉義市永安街３４７號四樓,0.0,,,,1150203,土地0建物1車位0,四層,12,住宅大樓(11層含以上有電梯),住家用,鋼筋混凝土造,0931028,187.32,3,1,2,有,有,無,13000,69,,0.0,0,未租賃車位，建物登記含有車位面積；續租案件；,RPPOMLTJKHLGFAI58CC,整棟(戶)出租,有,1150215~1160214,有,冷氣、熱水器、洗衣機、冰箱、瓦斯或天然氣,社會住宅代管
嘉義市,租賃房屋,嘉義市嘉義市忠孝路７９０之６號五樓之３,0.0,,,,1150202,土地0建物1車位0,五層,14,住宅大樓(11層含以上有電梯),集合住宅,鋼筋混凝土構造,1050510,141.32,2,1,2,有,有,有,19800,140,,0.0,0,續租案件；,RPROMLTJKHLGFAI78CC,整棟(戶)出租,有,1150217~1160216,有,冷氣、熱水器、洗衣機、電視機、冰箱、瓦斯或天然氣,社會住宅代管
嘉義市,租賃房屋,嘉義市嘉義市國賢一街１３號,0.0,,,,1150205,土地0建物0車位0,全,4,透天厝,住商用,鋼筋混凝土造,0811015,29.61,6,0,6,有,無,有,8000,270,,0.0,0,租金總額含網路費；,RPSOMLTJKHLGFAI88CC,分租套房,無,1150205~1160204,無,冷氣、熱水器、電視機、冰箱、網路,一般代管
嘉義市,租賃房屋,嘉義市嘉義市中興路４９號４樓１０,0.0,,,,1150203,土地0建物1車位0,四層,10,華廈(10層含以下有電梯),住家用,鋼筋混凝土造,0770924,38.83,1,0,1,有,有,有,7500,193,,0.0,0,續租案件；,RPTOMLTJKHLGFAI98CC,獨立套房,有,1150210~1160209,有,冷氣、熱水器、洗衣機、電視機、冰箱,社會住宅包租轉租
嘉義市,租賃房屋,嘉義市嘉義市世賢路四段４５６巷７號四樓之１,0.0,,,,1150202,土地0建物1車位0,四層,7,華廈(10層含以下有電梯),住家用,鋼筋混凝土造,0850920,118.5,3,2,2,有,有,有,13000,110,,0.0,0,多人共同承租2；續租案件；,RPUOMLTJKHLGFAI09CC,整棟(戶)出租,有,1150210~1160209,有,冷氣、熱水器、瓦斯或天然氣,社會住宅代管
嘉義市,租賃房屋,嘉義市嘉義市泰山二街３９號,0.0,,,,1150202,土地0建物1車位0,見其他登記事項,12,住宅大樓(11層含以上有電梯),住商用,鋼筋混凝土造,0820325,154.28,3,1,2,有,有,有,18400,119,,0.0,0,管理費600元由出租人負擔,RPVOMLTJKHLGFAI56CC,整棟(戶)出租,有,1150204~1160203,有,冷氣、熱水器、洗衣機、電視機、冰箱、瓦斯或天然氣,社會住宅代管
嘉義市,租賃房屋,嘉義市嘉義市玉山路１５８巷１１０號十樓之１,0.0,,,,1150205,土地0建物1車位0,十層,12,住宅大樓(11層含以上有電梯),住家用,鋼筋混凝土造,0840711,35.16,1,0,1,有,有,有,8300,236,,0.0,0,續租案件；,RPWOMLTJKHLGFAI66CC,獨立套房,有,1150228~1160227,有,冷氣、熱水器、洗衣機、電視機、冰箱,社會住宅代管
嘉義市,租賃房屋,嘉義市嘉義市德明路１６４號四樓２,0.0,,,,1150204,土地0建物1車位0,四層,12,住宅大樓(11層含以上有電梯),住家用,鋼筋混凝土造,0830530,108.96,3,1,2,有,有,有,13847,127,,0.0,0,管理費1153元由出租人負擔續租案件；,RPXOMLTJKHLGFAI76CC,整棟(戶)出租,有,1150306~1160305,有,冷氣、熱水器、洗衣機、電視機、冰箱、瓦斯或天然氣,社會住宅包租轉租
嘉義市,租賃房屋,嘉義市嘉義市民族路６０８號８樓４,0.0,,,,1150205,土地0建物1車位0,八層,10,華廈(10層含以下有電梯),住家用,鋼筋混凝土造,0811029,40.6,1,0,1,有,有,有,10040,247,,0.0,0,管理費760元由出租人負擔續租案件；,RPOPMLTJKHLGFAI58CC,獨立套房,有,1150303~1160302,有,冷氣、熱水器、洗衣機、電視機、冰箱,社會住宅代管
嘉義市,租賃房屋,嘉義市嘉義市力行街１７號十一樓３,0.0,,,,1150204,土地0建物1車位0,十一層,12,住宅大樓(11層含以上有電梯),住家用,鋼筋混凝土造,0831128,47.14,1,0,1,有,有,有,8200,174,,0.0,0,租金總額含網路費；續租案件；,RPPPMLTJKHLGFAI68CC,獨立套房,有,1150219~1160218,有,冷氣、熱水器、洗衣機、電視機、冰箱、網路,社會住宅代管
嘉義市,租賃房屋,嘉義市嘉義市圓福街３０號９樓２,0.0,,,,1150205,土地0建物1車位0,九層,10,華廈(10層含以下有電梯),住家用,鋼筋混凝土造,0810828,59.769999999999996,1,1,1,有,有,有,8000,134,,0.0,0,續租案件；,RPQPMLTJKHLGFAI78CC,獨立套房,有,1150301~1160228,有,冷氣、熱水器、洗衣機、冰箱、瓦斯或天然氣,社會住宅代管
嘉義市,租賃房屋,嘉義市嘉義市青年街２５號,0.0,,,,1150205,土地0建物1車位0,全,3,透天厝,住商用,鋼筋混凝土加強磚造,0710427,136.3,4,2,3,有,無,有,17000,125,,0.0,0,多人共同承租2；,RPRPMLTJKHLGFAI88CC,整棟(戶)出租,無,1150206~1160205,無,冷氣、熱水器,社會住宅包租轉租
嘉義市,租賃房屋,嘉義市嘉義市仁愛路２４０巷１７號七樓,0.0,,,,1150127,土地0建物1車位0,七層,14,住宅大樓(11層含以上有電梯),住家用,鋼筋混凝土造,0931029,185.57999999999998,3,2,2,有,有,有,19500,105,,0.0,0,,RPSPMLTJKHLGFAI98CC,整棟(戶)出租,有,1150201~1160131,有,冷氣、熱水器、洗衣機、電視機、瓦斯或天然氣,社會住宅代管
嘉義市,租賃房屋,嘉義市嘉義市南田路１０號之９,0.0,,,,1150209,土地0建物1車位0,見其他登記事項,2,公寓(5樓含以下無電梯),住家用,鋼筋混凝土加強磚造,0600209,79.86,0,0,0,無,無,無,30000,376,,0.0,0,甲方同意提供乙方自公證日115年2月9日起至115年3年9日止免收租金裝潢期以方在這期間使用租賃物件如有發生任何事故或支出任何費用均有乙方負責。租賃建物部分範圍，且未計入共有部分面積；,RPTPMLTJKHLGFAI09CC,,無,1150310~1160309,無,,
嘉義市,租賃房屋,嘉義市嘉義市南興路２１６巷７號６樓１,0.0,,,,1150205,土地0建物1車位0,六層,6,華廈(10層含以下有電梯),住家用,鋼筋混凝土造,0820521,149.63,3,1,2,有,有,無,13000,87,,0.0,0,續租案件；,RPUPMLTJKHLGFAI56CC,整棟(戶)出租,有,1150215~1160214,有,熱水器、瓦斯或天然氣,社會住宅代管
嘉義市,租賃房屋,嘉義市嘉義市台林街２９５巷２之４９號,0.0,,,,1150127,土地0建物1車位0,全,2,透天厝,住宅、店舖、梯間,鋼筋混凝土磚造,0691227,102.21,4,2,2,有,無,無,15000,147,,0.0,0,,RPVPMLTJKHLGFAI66CC,整棟(戶)出租,無,1150202~1180201,無,熱水器,社會住宅包租轉租
嘉義市,租賃房屋,嘉義市嘉義市芳安路１７巷３０５號四樓之２,0.0,,,,1150205,土地0建物1車位0,四層,5,華廈(10層含以下有電梯),集合住宅,鋼筋混凝土造,1140616,82.28,2,1,2,有,有,有,18200,221,,0.0,0,,RPWPMLTJKHLGFAI76CC,整棟(戶)出租,有,1150208~1160207,有,冷氣、熱水器、洗衣機、電視機、冰箱、瓦斯或天然氣,社會住宅代管
嘉義市,租賃房屋,嘉義市嘉義市新榮路３０７之１號４樓１０,0.0,,,,1150127,土地0建物1車位0,四層,8,華廈(10層含以下有電梯),住家用,鋼筋混凝土造,0821227,30.64,1,1,1,有,有,有,5800,189,,0.0,0,,RPXPMLTJKHLGFAI86CC,獨立套房,有,1150201~1180131,有,冷氣、熱水器、洗衣機、冰箱,社會住宅包租轉租
嘉義市,租賃房屋,嘉義市嘉義市芳草里宣信街２７巷２１號,0.0,,,,1150205,土地0建物1車位0,全,2,透天厝,住家用,加強磚造,0750901,122.9,4,2,2,有,無,有,14000,114,,0.0,0,,RPOQMLTJKHLGFAI68CC,整棟(戶)出租,無,1150206~1160205,無,熱水器、瓦斯或天然氣,社會住宅代管
嘉義市,租賃房屋,嘉義市嘉義市泰山三街７４號３樓２,0.0,,,,1150127,土地0建物1車位0,三層,6,華廈(10層含以下有電梯),住家用,鋼筋混凝土造,0870518,136.0,3,2,2,有,有,有,13000,96,,0.0,0,,RPQQMLTJKHLGFAI88CC,整棟(戶)出租,有,1150201~1180131,有,冷氣、熱水器、洗衣機、電視機、冰箱、瓦斯或天然氣,社會住宅包租轉租
嘉義市,租賃房屋,嘉義市嘉義市小雅路１８３號十三樓１１,0.0,,,,1150130,土地0建物1車位0,十三層,16,住宅大樓(11層含以上有電梯),住家用,鋼筋混凝土造,0820609,46.5,1,1,1,有,有,有,7500,161,,0.0,0,,RPRQMLTJKHLGFAI98CC,獨立套房,有,1150205~1180204,有,冷氣、熱水器、洗衣機、冰箱,社會住宅包租轉租
嘉義市,租賃房屋,嘉義市嘉義市重慶路３８４號４樓之１７,0.0,,,,1150128,土地0建物1車位0,四層,7,華廈(10層含以下有電梯),住家用,鋼筋混凝土造,0821012,32.67,1,0,1,有,無,有,5800,178,,0.0,0,租金總額含網路費；續租案件；,RPSQMLTJKHLGFAI09CC,獨立套房,無,1150225~1160224,有,冷氣、熱水器、洗衣機、電視機、冰箱、瓦斯或天然氣、網路,社會住宅代管
嘉義市,租賃房屋,嘉義市嘉義市文化路４３２巷５８號５樓２,0.0,,,,1150203,土地0建物1車位0,五層,10,華廈(10層含以下有電梯),住家用,鋼筋混凝土造,0801125,98.82000000000001,2,2,1,有,有,有,15000,152,,0.0,0,續租案件；,RPUQMLTJKHLGFAI66CC,整棟(戶)出租,有,1150209~1160208,有,冷氣、熱水器、洗衣機、電視機、冰箱、瓦斯或天然氣,社會住宅包租轉租
嘉義市,租賃房屋,嘉義市嘉義市忠孝北街１９６號,0.0,,,,1150120,土地0建物1車位0,一層,14,住宅大樓(11層含以上有電梯),集合住宅,鋼筋混凝土造,1140513,96.8,2,1,1,有,有,無,18000,186,,0.0,0,租金不含稅租賃建物部分範圍，且未計入共有部分面積；,RPPNMLKKKHLGFAI67CC,,有,1150415~1200414,有,,
嘉義市,租賃房屋,嘉義市嘉義市民生南路１０００號四樓之２３,0.0,,,,1150204,土地0建物1車位0,四層,5,華廈(10層含以下有電梯),集合住宅,鋼筋混凝土構造,1070802,12.77,1,0,1,有,有,有,4000,313,,0.0,0,含增建或未登記建物；,RPTNMLKKKHLGFAI08CC,獨立套房,有,1150211~1150810,有,冷氣、熱水器、電視機、冰箱、網路,一般代管
嘉義市,土地,盧厝段428-17地號,330.0,住,,,1150128,土地1建物0車位0,,,其他,,,,0.0,0,0,0,無,無,無,58000,176,,0.0,0,本案門牌:嘉義市圓福街118巷2弄126號坐落基地:盧厝段428-17地號總面積744平方公尺本次僅承租南側約100坪土地及未保存登記一層鐵皮建物約50坪含增建或未登記建物；,RPVNMLKKKHLGFAI28CC,,,1150601~1250531,,,
嘉義市,租賃房屋,嘉義市嘉義市民國路１５７巷７號,0.0,,,,1150209,土地0建物1車位0,全,3,透天厝,住家用,鋼筋混凝土造,0841012,76.11,5,2,3,有,無,無,19000,250,,0.0,0,承租方自115年2月9-115年2月22日止得向仲介公司借用key進場清潔及家具配置。出租方於115年2月23日正式交付key。承租方應負保管之責並於租期屆滿歸還。,RPWNMLKKKHLGFAI38CC,整棟(戶)出租,無,1150305~1160228,無,,
嘉義市,租賃房屋,嘉義市嘉義市八德路３０９號１０樓１,0.0,,,,1150128,土地0建物1車位0,十層,12,住宅大樓(11層含以上有電梯),住商用,鋼筋混凝土造,0830718,105.0,3,1,2,有,有,無,12000,114,,0.0,0,,RPOOMLKKKHLGFAI67CC,整棟(戶)出租,有,1150201~1160131,有,熱水器、瓦斯或天然氣,社會住宅包租轉租
嘉義市,租賃房屋,嘉義市嘉義市西區文化路４３２巷５２號７樓２,0.0,,,,1150127,土地0建物1車位0,七層,10,華廈(10層含以下有電梯),住家用,鋼筋混凝土造,0801125,120.65,3,3,2,有,有,有,19000,157,,0.0,0,機車位一格多人共同承租2；,RPPNMLLKKHLGFAI77CC,整棟(戶)出租,有,1150201~1160131,有,冷氣、熱水器、洗衣機、電視機、冰箱、瓦斯或天然氣、有線電視,
嘉義市,租賃房屋,嘉義市嘉義市彌陀路４２號四樓之１１,0.0,,,,1150205,土地0建物1車位0,四層,4,華廈(10層含以下有電梯),辦公室,鋼筋混凝土造,0970303,14.02,1,0,1,有,有,有,4000,285,,0.0,0,含增建或未登記建物；續租案件；,RPQNMLLKKHLGFAI87CC,獨立套房,有,1150310~1160309,有,冷氣、熱水器、電視機、冰箱、網路,一般代管
嘉義市,租賃房屋,嘉義市嘉義市錦州一街３７號４樓９,0.0,,,,1150206,土地0建物1車位0,四層,6,華廈(10層含以下有電梯),住家用,鋼筋混凝土造,0800531,38.15,1,0,1,有,有,有,8380,220,,0.0,0,管理費720元由出租人負擔。,RPRNMLLKKHLGFAI97CC,獨立套房,有,1150207~1160206,有,冷氣、熱水器、洗衣機、電視機、冰箱,社會住宅代管
嘉義市,租賃房屋,嘉義市嘉義市北港路２４８號３樓１,0.0,,,,1150206,土地0建物1車位0,三層,10,華廈(10層含以下有電梯),住家用,鋼筋混凝土造,0830606,147.37,3,1,2,有,有,有,14000,95,,0.0,0,,RPSNMLLKKHLGFAI08CC,整棟(戶)出租,有,1150209~1160208,有,冷氣、熱水器、洗衣機、電視機、冰箱、瓦斯或天然氣,社會住宅代管
嘉義市,租賃房屋,嘉義市嘉義市博愛路二段１６８號９樓之３,0.0,,,,1150209,土地0建物1車位0,九層,14,住宅大樓(11層含以上有電梯),住家用,鋼筋混凝土造,0880421,79.07000000000001,2,1,1,有,有,有,12000,152,,0.0,0,續租案件；,RPTNMLLKKHLGFAI18CC,整棟(戶)出租,有,1150225~1160224,有,冷氣、熱水器、洗衣機、電視機、冰箱、瓦斯或天然氣,社會住宅代管
嘉義市,租賃房屋,嘉義市嘉義市興業西路３３６之１號６樓１,0.0,,,,1150209,土地0建物1車位0,六層,12,住宅大樓(11層含以上有電梯),住家用,鋼筋混凝土造,0830516,40.15,1,0,1,有,有,有,6000,149,,0.0,0,續租案件；,RPWNMLLKKHLGFAI48CC,獨立套房,有,1150301~1160228,有,冷氣、熱水器、洗衣機、電視機、冰箱、瓦斯或天然氣,社會住宅代管
嘉義市,租賃房屋,嘉義市嘉義市民族路６０６號七樓５,0.0,,,,1150209,土地0建物1車位0,七層,10,華廈(10層含以下有電梯),住家用,鋼筋混凝土造,0811029,36.629999999999995,1,0,1,有,有,有,7500,205,,0.0,0,續租案件；,RPXNMLLKKHLGFAI58CC,獨立套房,有,1150303~1160302,有,冷氣、熱水器、洗衣機,社會住宅代管
嘉義市,租賃房屋,嘉義市嘉義市彌陀路１６３號１３樓１,0.0,,,,1150206,土地0建物1車位0,十三層,20,住宅大樓(11層含以上有電梯),住家用,鋼筋混凝土造,0850311,59.5,1,1,1,有,有,有,9550,161,,0.0,0,管理費450元由出租人負擔。,RPQOMLLKKHLGFAI97CC,獨立套房,有,1150207~1160206,有,冷氣、熱水器、洗衣機、冰箱、瓦斯或天然氣,社會住宅代管
嘉義市,租賃房屋,嘉義市嘉義市友愛路５６０號七樓之７,0.0,,,,1150202,土地0建物1車位0,七層,14,住宅大樓(11層含以上有電梯),住家用,鋼筋混凝土造,0840724,37.71,1,0,1,有,有,有,5660,150,,0.0,0,管理費340元由出租人負擔。,RPSOMLLKKHLGFAI18CC,獨立套房,有,1150212~1160211,有,冷氣、熱水器、洗衣機、電視機、冰箱,社會住宅代管
嘉義市,租賃房屋,嘉義市嘉義市延平街３６５號５樓２,0.0,,,,1150207,土地0建物1車位0,五層,6,華廈(10層含以下有電梯),住家用,鋼筋混凝土造,0841207,103.08,2,1,2,有,有,有,12500,121,,0.0,0,管理費500元由出租人負擔。,RPTOMLLKKHLGFAI28CC,整棟(戶)出租,有,1150210~1160209,有,冷氣、熱水器、洗衣機、電視機、冰箱、瓦斯或天然氣,社會住宅代管
嘉義市,租賃房屋,嘉義市嘉義市義教街６２３-３號６樓２,0.0,,,,1150206,土地0建物1車位0,六層,11,住宅大樓(11層含以上有電梯),住家用,鋼筋混凝土造,0830723,150.7,4,2,2,有,有,有,13000,86,,0.0,0,未租賃車位，建物登記含有車位面積；續租案件；,RPVOMLLKKHLGFAI48CC,整棟(戶)出租,有,1150213~1160212,有,冷氣、熱水器、洗衣機、冰箱、瓦斯或天然氣,社會住宅代管
嘉義市,租賃房屋,嘉義市嘉義市友愛路５６０號十樓之３,0.0,,,,1150202,土地0建物1車位0,十層,14,住宅大樓(11層含以上有電梯),住家用,鋼筋混凝土造,0840724,88.72,2,1,1,有,有,無,7820,88,,0.0,0,管理費680元由出租人負擔。未租賃車位，建物登記含有車位面積；,RPWOMLLKKHLGFAI58CC,整棟(戶)出租,有,1150205~1160204,有,冷氣、熱水器,社會住宅代管
嘉義市,租賃房屋,嘉義市嘉義市大同路４６９號,0.0,,,,1150206,土地0建物0車位0,三層,8,華廈(10層含以下有電梯),住商用,鋼筋混凝土造,0830824,73.92,4,3,3,有,有,有,15000,203,,0.0,0,水費每月750元由出租人負擔。僅出租位於第3層的3間房間套房*2、雅房*1租賃建物部分範圍，且未計入共有部分面積；,RPXOMLLKKHLGFAI68CC,分租套房,有,1150210~1160209,有,冷氣、熱水器、電視機、冰箱、有線電視,
嘉義市,租賃房屋,嘉義市嘉義市彌陀路２６４號１１樓５,0.0,,,,1150206,土地0建物0車位0,十一層,12,住宅大樓(11層含以上有電梯),住家用,鋼筋混凝土造,0810508,148.82999999999998,3,0,3,有,有,有,19000,128,,0.0,0,,RPOPMLLKKHLGFAI87CC,分租套房,有,1150206~1160205,有,冷氣、熱水器、洗衣機、電視機、冰箱,
嘉義市,租賃房屋,嘉義市嘉義市垂楊路６４０號４樓２,0.0,,,,1150203,土地0建物1車位0,四層,10,華廈(10層含以下有電梯),住家用,鋼筋混凝土造,0730727,103.22999999999999,3,1,2,有,有,有,15400,149,,0.0,0,管理費600元由出租人負擔續租案件；,RPPNMLMKKHLGFAI87CC,整棟(戶)出租,有,1150220~1160219,有,冷氣、熱水器、洗衣機、電視機、冰箱、瓦斯或天然氣,社會住宅代管
嘉義市,租賃房屋,嘉義市嘉義市忠孝北街１９６號,0.0,,,,1150120,土地0建物0車位0,見其他登記事項,14,住宅大樓(11層含以上有電梯),集合住宅,鋼筋混凝土造,1140513,40.32,2,1,1,有,有,無,22000,546,,0.0,0,本戶承租第一層夾層租賃建物部分範圍，且未計入共有部分面積；租賃期間有約定不同租金租期第三年開始租金調整每月加參仟元整；,RPQNMLMKKHLGFAI97CC,分租雅房,有,1150415~1200414,有,,
嘉義市,租賃房屋,嘉義市嘉義市彌陀路１５９號１５樓２,0.0,,,,1150205,土地0建物1車位0,十五層,20,住宅大樓(11層含以上有電梯),住家用,鋼筋混凝土造,0850311,82.88999999999999,2,1,1,有,有,有,16372,198,,0.0,0,管理費每月628元由出租人負擔。,RPRNMLMKKHLGFAI08CC,整棟(戶)出租,有,1150210~1160209,有,冷氣、熱水器、洗衣機、冰箱、瓦斯或天然氣,
嘉義市,租賃房屋,嘉義市嘉義市東區軍輝路１６２巷４９號,0.0,,,,1150130,土地0建物1車位0,全,2,透天厝,住家用,鋼筋混凝土加強磚造,0650920,84.77,4,2,4,有,無,有,30000,354,,0.0,0,含增建或未登記建物；,RPSNMLMKKHLGFAI18CC,整棟(戶)出租,無,1150301~1160228,無,冷氣、熱水器、洗衣機、電視機、冰箱、有線電視,
嘉義市,租賃房屋,嘉義市嘉義市博愛路一段３８８之３號１２樓３,0.0,,,,1150209,土地0建物1車位0,十二層,12,住宅大樓(11層含以上有電梯),住家用,鋼筋混凝土造,0821220,93.47,3,2,2,有,有,有,13000,139,,0.0,0,續租案件；,RPTNMLMKKHLGFAI28CC,整棟(戶)出租,有,1150212~1160211,有,冷氣、熱水器、洗衣機、電視機、冰箱、瓦斯或天然氣,社會住宅代管
嘉義市,租賃房屋,嘉義市嘉義市新富里１４鄰西門街７６號,0.0,,,,1150206,土地0建物1車位0,全,3,透天厝,住商用,鋼筋混凝土加強磚造,0631230,146.98,3,2,2,有,無,無,12000,82,,0.0,0,整編前門牌:嘉義市書院里8鄰西門街76號續租案件；,RPUNMLMKKHLGFAI38CC,整棟(戶)出租,無,1150222~1160221,無,熱水器、洗衣機、電視機、瓦斯或天然氣,社會住宅代管
嘉義市,租賃房屋,嘉義市嘉義市湖美一路１１３６號,0.0,,,,1150210,土地0建物1車位0,一層,3,店面(店鋪),住宅、樓梯間,鋼筋混凝土構造,1120322,62.14,0,0,0,無,無,無,19800,319,,0.0,0,僅出租一樓,RPQNMLNKKHLGFAI08CC,,無,1150305~1160304,無,,
嘉義市,租賃房屋,嘉義市嘉義市湖美一路１１３６號,0.0,,,,1150210,土地0建物1車位0,全,3,透天厝,住宅、樓梯間,鋼筋混凝土構造,1120322,146.58,3,2,4,有,無,無,22200,151,,0.0,0,僅出租二層、三層及頂樓突出物,RPRNMLNKKHLGFAI18CC,分層出租,無,1150305~1160304,無,冷氣、熱水器,
嘉義市,租賃房屋,嘉義市嘉義市垂楊里１８鄰建成新村６３號,0.0,,,,1150209,土地0建物1車位0,全,2,透天厝,住家用,木造,0570217,77.77,3,1,1,有,無,無,11000,141,,0.0,0,,RPUNMLNKKHLGFAI48CC,整棟(戶)出租,無,1150220~1160219,無,冷氣、熱水器、瓦斯或天然氣,社會住宅代管
嘉義市,租賃房屋,嘉義市嘉義市文雅街２９９號４樓２,0.0,,,,1150206,土地0建物1車位0,四層,12,住宅大樓(11層含以上有電梯),住家用,鋼筋混凝土造,0830408,125.03999999999999,3,2,2,有,有,有,16000,128,,0.0,0,,RPVNMLNKKHLGFAI58CC,整棟(戶)出租,有,1150216~1160215,有,冷氣、熱水器、洗衣機、冰箱、瓦斯或天然氣,社會住宅代管
嘉義市,租賃房屋,嘉義市嘉義市保安一路４１３巷７８號,0.0,,,,1150210,土地0建物1車位0,全,2,透天厝,住家用,鋼筋混凝土加強磚造,0691229,111.97,5,2,2,有,無,有,14300,128,,0.0,0,續租案件；,RPRNMLNLKHLGFAI28CC,整棟(戶)出租,無,1150228~1160227,無,熱水器,社會住宅包租轉租
嘉義市,租賃房屋,嘉義市嘉義市嘉北街１２巷５３號七樓４,0.0,,,,1150210,土地0建物1車位0,七層,7,華廈(10層含以下有電梯),住家用,鋼筋混凝土造,0791015,82.52,2,1,1,有,有,有,11000,133,,0.0,0,續租案件；,RPSNMLNLKHLGFAI38CC,整棟(戶)出租,有,1150226~1160225,有,冷氣、熱水器、洗衣機、冰箱,社會住宅代管
嘉義市,租賃房屋,嘉義市嘉義市忠孝路５９９號,0.0,,,,1150210,土地0建物1車位0,一層,10,華廈(10層含以下有電梯),住家用,鋼筋混凝土造,0800508,125.73,3,2,2,有,有,有,14000,111,,0.0,0,續租案件；,RPTNMLNLKHLGFAI48CC,整棟(戶)出租,有,1150220~1160219,有,冷氣、熱水器、瓦斯或天然氣,社會住宅包租轉租
嘉義市,租賃房屋,嘉義市嘉義市泰瑞二街８１號３樓２,0.0,,,,1150210,土地0建物1車位0,三層,7,華廈(10層含以下有電梯),住家用,鋼筋混凝土造,0810824,46.239999999999995,1,0,1,有,有,有,9400,203,,0.0,0,續租案件；,RPWNMLNLKHLGFAI78CC,獨立套房,有,1150305~1160304,有,冷氣、熱水器、洗衣機、電視機、冰箱、瓦斯或天然氣,社會住宅代管
嘉義市,租賃房屋,嘉義市嘉義市彌陀路４２號三樓之２１,0.0,,,,1150210,土地0建物1車位0,三層,4,華廈(10層含以下有電梯),辦公室,鋼筋混凝土造,0970303,14.02,1,0,1,有,有,有,4000,285,,0.0,0,含增建或未登記建物；,RPPNMLOLKHLGFAI18CC,獨立套房,有,1150210~1150809,有,冷氣、熱水器、電視機、冰箱、網路,一般代管
嘉義市,租賃房屋,嘉義市嘉義市民生南路１０００號四樓之３,0.0,,,,1150209,土地0建物1車位0,四層,5,華廈(10層含以下有電梯),集合住宅,鋼筋混凝土構造,1070802,12.93,1,0,1,有,有,有,4000,309,,0.0,0,含增建或未登記建物；,RPQNMLOLKHLGFAI28CC,獨立套房,有,1150213~1150812,有,冷氣、熱水器、電視機、冰箱、網路,一般代管
嘉義市,租賃房屋,嘉義市嘉義市彌陀路４２號四樓之９,0.0,,,,1150210,土地0建物1車位0,四層,4,華廈(10層含以下有電梯),辦公室,鋼筋混凝土造,0970303,14.02,1,0,1,有,有,有,4000,285,,0.0,0,含增建或未登記建物；,RPQNMLPLKHLGFAI38CC,獨立套房,有,1150214~1160213,有,冷氣、熱水器、電視機、冰箱、網路,一般代管
嘉義市,租賃房屋,嘉義市嘉義市民生南路１０００之８號,0.0,,,,1150210,土地0建物1車位0,一層,5,華廈(10層含以下有電梯),集合住宅,鋼筋混凝土構造,1070802,12.77,1,0,1,有,有,有,4000,313,,0.0,0,含增建或未登記建物；續租案件；,RPXNMLPLKHLGFAI09CC,獨立套房,有,1150401~1150930,有,冷氣、熱水器、電視機、冰箱、網路,一般代管
嘉義市,租賃房屋,嘉義市嘉義市荖藤宅２２-１０號,0.0,,,,1150203,土地0建物1車位0,全,2,透天厝,住商用,鋼筋混凝土加強磚造,0710507,92.74,3,2,2,有,無,有,15000,162,,0.0,0,,RPOOMLPLKHLGFAI28CC,整棟(戶)出租,無,1150210~1160209,無,冷氣、熱水器、電視機、冰箱,社會住宅代管
嘉義市,租賃房屋,嘉義市嘉義市福州五街４７號４樓４,0.0,,,,1150208,土地0建物1車位0,四層,6,華廈(10層含以下有電梯),住家用,鋼筋混凝土造,0820927,35.980000000000004,1,1,1,有,有,有,8500,236,,0.0,0,,RPPOMLPLKHLGFAI38CC,獨立套房,有,1150215~1160214,有,冷氣、熱水器、洗衣機、冰箱,社會住宅代管
嘉義市,租賃房屋,嘉義市嘉義市吳鳳南路３４５巷２５號４樓３,0.0,,,,1150206,土地0建物1車位0,四層,5,華廈(10層含以下有電梯),住家用,鋼筋混凝土造,0831011,103.16,3,2,2,有,有,有,16500,160,,0.0,0,多人共同承租2；,RPROMLPLKHLGFAI58CC,整棟(戶)出租,有,1150212~1180211,有,冷氣、熱水器、洗衣機、電視機、冰箱,社會住宅包租轉租
嘉義市,租賃房屋,嘉義市嘉義市忠孝路５３７之３８號３樓,0.0,,,,1150210,土地0建物1車位0,三層,4,公寓(5樓含以下無電梯),集合住宅,鋼筋混凝土加強磚造,0690917,87.83999999999999,3,1,1,有,無,無,9000,102,,0.0,0,,RPTNMLQLKHLGFAI78CC,整棟(戶)出租,無,1150225~1160224,無,冷氣、熱水器、洗衣機、瓦斯或天然氣,社會住宅包租轉租
嘉義市,租賃房屋,嘉義市嘉義市博愛路一段４９６巷２１號,0.0,,,,1150206,土地0建物0車位0,見其他登記事項,7,華廈(10層含以下有電梯),住商用,鋼筋混凝土造,0800518,82.08,2,2,1,有,無,無,15000,183,,0.0,0,多人共同承租2；租金總額含管理費；租賃建物部分範圍，且未計入共有部分面積；,RPPNMLMJLHLGFAI87CC,分租雅房,無,1150203~1160202,有,,
嘉義市,租賃房屋,嘉義市嘉義市台林街１２２-８號,0.0,,,,1150203,土地0建物0車位0,全,4,透天厝,住商用,鋼筋混凝土造,0850621,39.67,2,0,2,有,無,有,12000,302,,0.0,0,多人共同承租2；租金總額含水費；網路費；,RPTNMLNJLHLGFAI38CC,分租套房,無,1150210~1160209,無,冷氣、洗衣機,
嘉義市,租賃房屋+車位,嘉義市嘉義市興美七街１３８號５樓之１,0.0,,,,1150202,土地0建物1車位1,五層,9,華廈(10層含以下有電梯),住家用,鋼筋混凝土構造,1100312,131.23,3,2,2,有,有,有,31500,240,坡道平面,0.0,1500,本案未租賃該租賃標的原有車位而另外承租其他車位.車位面積未知未租賃車位，建物登記含有車位面積；,RPQNMLNJLHLGFAI18DC,整棟(戶)出租,有,1150210~1160209,有,冷氣、熱水器、洗衣機、冰箱、瓦斯或天然氣,一般轉租
嘉義市,租賃房屋,嘉義市嘉義市博東路１５１號５樓４,0.0,,,,1150209,土地0建物1車位0,五層,22,住宅大樓(11層含以上有電梯),住家用,鋼筋混凝土造,0870319,147.54,3,2,2,有,有,有,22000,149,,0.0,0,租金總額含稅；,RPWNMLQJLHLGFAI98CC,,有,1150301~1160228,有,冷氣、熱水器、洗衣機、電視機、冰箱、瓦斯或天然氣,
