編號,屋齡,建物移轉面積平方公尺,主要用途,主要建材,建築完成日期,總層數,建物分層,移轉情形
The serial number,room age,building shifting area square meter,the main use,main building materials,construction completes the date,total layer,building lamination,
RPROMLTJKHLGFDJ09DA,,17.85,住家用,鋼筋混凝土造,,五層,一層,全筆移轉
RPROMLTJKHLGFDJ09DA,,11.11,梯間,鋼筋混凝土造,,五層,,持分移轉
RPQNMLPJKHLGFBJ28DA,5,26.08,本共有部分之項目有：防空避難室兼停車空間、停車空間、管理員室、開放空間、管委會空間、樓梯間、排煙室、水箱、機房等九項。,鋼筋混凝土造,109年10月24日,十九層,,持分移轉
RPQQMLOLKHLGFBJ68DA,29,211.97,住家用,鋼筋混凝土造,86年4月14日,五層,一層 二層 三層 四層 五層 陽台 屋頂突出物,全筆移轉
RPUNMLPJLHLGFBJ78DA,55,210.58,住家用,加強磚造,60年6月1日,二層,一層 二層 陽台 騎樓,全筆移轉
RPQOMLPJLHLGFBJ48DA,21,95.49,住家用,鋼筋混凝土造,93年9月14日,五層,二層 三層 陽台 雨遮,全筆移轉
RPQOMLPJLHLGFBJ48DA,21,.62,共有部分,鋼筋混凝土造,93年9月14日,五層,,持分移轉
RPQOMLPJLHLGFBJ48DA,21,4.46,共有部分,鋼筋混凝土造,93年9月14日,五層,,持分移轉
RPQOMLPJLHLGFBJ48DA,21,26.65,共有部分,鋼筋混凝土造,93年9月14日,五層,,持分移轉
RPPNMLMKKHLGFDJ28EA,32,84.19,住家用,鋼筋混凝土造,82年8月21日,五層,二層 陽台,全筆移轉
RPPNMLMKKHLGFDJ28EA,32,9.55,共有部分,鋼筋混凝土造,82年8月21日,五層,,持分移轉
RPPNMLMKKHLGFDJ28EA,32,2.85,共有部分,鋼筋混凝土造,82年8月21日,五層,,持分移轉
RPPNMLMKJHLGFBJ87DA,20,.17,警衛室,鋼筋混凝土造,94年11月18日,九層,一層,持分移轉
RPPNMLMKJHLGFBJ87DA,20,62.06,共有部分,鋼筋混凝土造,94年11月18日,九層,,持分移轉
RPQNMLOKJHLGFCJ38EA,30,258.71,住商用,鋼筋混凝土造,84年12月30日,三層,一層 二層 三層 屋頂突出物,全筆移轉
RPWPMLSJJHLGFBJ66DA,,28.54,本共有部分之項目有：防空避難室兼停車空間、停車空間、管理室、公共服務空間、儲藏室、電梯間、樓梯間、機房、消防中繼水箱、機械室、水箱等十一項。,鋼筋混凝土造,114年10月8日,十九層,,持分移轉
RPROMLPKJHLGFBJ48DA,21,69.45,商業用,鋼筋混凝土造,94年3月31日,十層,一層 雨遮,全筆移轉
RPROMLPKJHLGFBJ48DA,21,.01,守衛室、公共交誼區,鋼筋混凝土造,94年3月31日,十層,一層 陽台,持分移轉
RPROMLPKJHLGFBJ48DA,21,9.58,共有部分,鋼筋混凝土造,94年3月31日,十層,,持分移轉
RPROMLPKJHLGFBJ48DA,21,8.44,共有部分,鋼筋混凝土造,94年3月31日,十層,,持分移轉
RPROMLPKJHLGFBJ48DA,21,.34,共有部分,鋼筋混凝土造,94年3月31日,十層,,持分移轉
RPUNMLTKJHLGFBJ09DA,1,247.85,集合住宅、停車空間、樓梯間,鋼筋混凝土造,113年12月24日,四層,一層 二層 三層 四層 陽台 屋頂突出物,全筆移轉
RPROMLQKJHLGFBJ58DA,21,.07,管理室,鋼筋混凝土造,93年8月16日,十四層,一層,持分移轉
RPROMLQKJHLGFBJ58DA,21,104.14,住家用,鋼筋混凝土造,93年8月16日,十四層,二層 陽台 雨遮,全筆移轉
RPROMLQKJHLGFBJ58DA,21,16.06,共有部分,鋼筋混凝土造,93年8月16日,十四層,,持分移轉
RPROMLQKJHLGFBJ58DA,21,33.80,共有部分,鋼筋混凝土造,93年8月16日,十四層,,持分移轉
RPROMLQKJHLGFBJ58DA,21,15.77,共有部分,鋼筋混凝土造,93年8月16日,十四層,,持分移轉
RPWNMLKLJHLGFCJ58DA,,250.40,住家用,加強磚造,,二層,一層 二層 騎樓 地下層,全筆移轉
RPTPMLLLJHLGFDJ68DA,,143.56,住家用,加強磚造,,二層,一層 二層 騎樓,全筆移轉
RPVNMLKLJHLGFCJ48DA,,268.85,商業用,加強磚造,,二層,一層 二層 騎樓,全筆移轉
RPOOMLTJKHLGFBJ58DA,20,31.87,住家用,鋼筋混凝土造,94年11月14日,十五層,十三層 陽台 雨遮,全筆移轉
RPOOMLTJKHLGFBJ58DA,20,3.94,共有部分,鋼筋混凝土造,94年11月14日,十五層,,持分移轉
RPOOMLTJKHLGFBJ58DA,20,6.71,共有部分,鋼筋混凝土造,94年11月14日,十五層,,持分移轉
RPPNMLQLJHLGFBJ48EA,28,28.97,住家用,鋼筋混凝土造,86年11月17日,七層,四層 陽台,持分移轉
RPPNMLQLJHLGFBJ48EA,28,6.90,共有部分,鋼筋混凝土造,86年11月17日,七層,,持分移轉
RPPNMLQLJHLGFBJ48EA,28,5.03,共有部分,鋼筋混凝土造,86年11月17日,七層,,持分移轉
RPUPMLSLJHLGFDJ86DA,2,57.80,集合住宅,鋼筋混凝土造,113年7月5日,九層,六層 陽台,全筆移轉
RPUPMLSLJHLGFDJ86DA,2,96.71,本共有部分之項目有停車空間、排煙室、樓梯間、昇降機間、消防機房、機房、車道、電信室、水箱、台電配電室、緊急發電機室、垃圾集中室、管委會使用空間、梯廳、水錶區、梯間、電梯機房等１７項,鋼筋混凝土造,113年7月5日,九層,,持分移轉
RPVNMLQLJHLGFBJ98DA,30,93.55,住家用,鋼筋混凝土造,85年2月14日,七層,三層 陽台,全筆移轉
RPVNMLQLJHLGFBJ98DA,30,11.49,見使用執照,鋼筋混凝土造,85年2月14日,七層,,持分移轉
RPVNMLQLJHLGFBJ98DA,30,14.04,見使用執照,鋼筋混凝土造,85年2月14日,七層,,持分移轉
RPPNMLTLJHLGFDJ98EA,,86.50,住家用,加強磚造,,二層,一層 二層,全筆移轉
RPRNMLMJKHLGFBJ18EA,32,80.98,住家用,鋼筋混凝土造,83年6月22日,八層,八層 陽台,全筆移轉
RPRNMLMJKHLGFBJ18EA,32,9.56,共有部分,鋼筋混凝土造,83年6月22日,八層,,持分移轉
RPRNMLMJKHLGFBJ18EA,32,7.06,共有部分,鋼筋混凝土造,83年6月22日,八層,,持分移轉
RPQNMLKMJHLGFCJ18EA,32,112.01,住家用,鋼筋混凝土造,83年3月4日,六層,四層 陽台 露台 花台,全筆移轉
RPQNMLKMJHLGFCJ18EA,32,36.39,共有部分,鋼筋混凝土造,83年3月4日,六層,,持分移轉
RPQNMLKMJHLGFCJ18EA,32,19.27,共有部分,鋼筋混凝土造,83年3月4日,六層,,持分移轉
RPQNMLNLJHLGFCJ38EA,32,32.40,住家用,鋼筋混凝土造,82年12月14日,十一層,十層 陽台 花台,全筆移轉
RPQNMLNLJHLGFCJ38EA,34,1.31,商業用,鋼筋混凝土造,81年5月29日,十一層,地下層,持分移轉
RPQNMLNLJHLGFCJ38EA,34,3.88,貯藏室,鋼筋混凝土造,81年5月29日,十一層,地下層,持分移轉
RPQNMLNLJHLGFCJ38EA,32,7.73,共有部分,鋼筋混凝土造,82年12月14日,十一層,,持分移轉
RPRNMLNLJHLGFBJ28DA,,57.57,集合住宅,鋼筋混凝土造,114年8月7日,五層,五層 陽台 見其他登記事項,全筆移轉
RPRNMLNLJHLGFBJ28DA,,24.81,本共有部分之項目有停車空間、樓梯間等二項。,鋼筋混凝土造,114年8月7日,五層,,持分移轉
RPQNMLMJKHLGFDJ18DA,6,98.48,集合住宅、停車空間、樓梯間,鋼筋混凝土造,109年6月16日,四層,一層 二層 三層 四層 陽台 屋頂突出物,持分移轉
RPQNMLMJKHLGFDJ18DA,6,.12,共有部分,鋼筋混凝土造,109年6月16日,一層,,持分移轉
RPSNMLMJKHLGFBJ28EA,19,85.99,住家用,鋼筋混凝土造,96年5月17日,十三層,五層 陽台 雨遮,全筆移轉
RPSNMLMJKHLGFBJ28EA,19,11.42,共有部分,鋼筋混凝土造,96年5月17日,十三層,,持分移轉
RPSNMLMJKHLGFBJ28EA,19,42.49,共有部分,鋼筋混凝土造,96年5月17日,十三層,,持分移轉
RPQNMLNJKHLGFBJ18EA,9,.28,商業用,鋼筋混凝土造,105年9月21日,二十一層,一層 見其他登記事項,持分移轉
RPQNMLNJKHLGFBJ18EA,9,84.26,住家用,鋼筋混凝土造,105年9月21日,二十一層,十二層 陽台 雨遮,全筆移轉
RPQNMLNJKHLGFBJ18EA,9,.14,本共有部分之項目有防空避難室兼停車空間、排煙室、緊急昇降機、門廳、外廊、環保資源室、防災中心、梯廳、梯間、樓梯間、機械室、消防機房、水箱、楊水泵機房、汙水機房、消防中繼水箱、消防中繼機房、緊急發電機房、電信機房、景觀機房、台電配電室、機電機房、電梯等二十三項。,鋼筋混凝土造,105年9月21日,二十一層,,持分移轉
RPQNMLNJKHLGFBJ18EA,9,77.08,本共有部分之項目有防空避難室兼停車空間、排煙室、緊急昇降機、門廳、外廊、環保資源室、防災中心、梯廳、梯間、樓梯間、機械室、消防機房、水箱、楊水泵機房、汙水機房、消防中繼水箱、消防中繼機房、緊急發電機房、電信機房、景觀機房、台電配電室、機電機房、電梯等二十三項。,鋼筋混凝土造,105年9月21日,二十一層,,持分移轉
RPTNMLQLJHLGFCJ88DA,,20.47,住家用,鋼筋混凝土造,,七層,五層 陽台,持分移轉
RPTNMLQLJHLGFCJ88DA,,6.09,共有部分,鋼筋混凝土造,,七層,,持分移轉
RPTNMLMJKHLGFDJ48DA,19,25.41,辦公室,鋼筋混凝土造,96年2月28日,六層,三層 雨遮,全筆移轉
RPTNMLMJKHLGFDJ48DA,19,13.99,防空避難室、停車空間、梯間走道、機械房、水箱,鋼筋混凝土造,96年2月28日,六層,,持分移轉
RPTNMLMJKHLGFDJ48DA,19,.08,防空避難室、停車空間、梯間走道、機械房、水箱,鋼筋混凝土造,96年2月28日,六層,,持分移轉
RPTNMLMJKHLGFDJ48DA,19,.01,管理委員會使用空間,鋼筋混凝土造,96年2月28日,六層,夾層,持分移轉
RPWQMLRLJHLGFDJ07DA,2,88.22,集合住宅,鋼筋混凝土造,113年5月14日,十五層,三層 陽台,全筆移轉
RPWQMLRLJHLGFDJ07DA,2,67.56,本共有部分之項目有停車空間、機械室、管委會、樓梯間等４項,鋼筋混凝土造,113年5月14日,十五層,,持分移轉
RPSNMLTLJHLGFBJ98DA,6,39.86,住家用,鋼筋混凝土造,108年10月14日,二十三層,二十二層 陽台 雨遮,全筆移轉
RPSNMLTLJHLGFBJ98DA,6,22.24,本共有部分之項目有防空避難室兼停車空間、大廳、公共服務空間、中繼機房、樓梯間、電梯間、機電設備空間、水箱等八項。,鋼筋混凝土造,108年10月14日,二十三層,,持分移轉
RPSNMLTLJHLGFBJ98DA,6,17.96,本共有部分之項目有停車空間、防空避難室兼停車空間等二項。,鋼筋混凝土造,108年10月14日,二十三層,,持分移轉
RPUNMLTLJHLGFCJ66DA,29,28.46,住家用,鋼筋混凝土造,85年12月24日,十二層,七層 陽台,全筆移轉
RPUNMLTLJHLGFCJ66DA,29,6.24,共有部分,鋼筋混凝土造,85年12月24日,十二層,,持分移轉
RPUNMLTLJHLGFCJ66DA,29,.94,共有部分,鋼筋混凝土造,85年12月24日,十二層,,持分移轉
RPUNMLTLJHLGFCJ66DA,29,1.17,共有部分,鋼筋混凝土造,85年12月24日,十二層,,持分移轉
RPUNMLTLJHLGFCJ66DA,29,2.86,共有部分,鋼筋混凝土造,85年12月24日,十二層,,持分移轉
RPUNNLPKJHLGFDJ98DA,,234.92,住家用,鋼筋混凝土造,,二層,一層 二層 陽台 平台 屋頂突出物,全筆移轉
RPWNMLTKJHLGFBJ66DA,12,250.56,住宅、停車空間、梯間,鋼筋混凝土造,103年6月18日,四層,一層 二層 三層 四層 陽台 屋頂突出物,全筆移轉
RPRNMLTLJHLGFCJ09EA,,65.79,住家用,加強磚造,,二層,一層 二層,持分移轉
RPOOMLQLJHLGFBJ38DA,14,82.32,商業用,鋼筋混凝土造,100年12月22日,十三層,一層 陽台,全筆移轉
RPOOMLQLJHLGFBJ38DA,14,.27,梯間,鋼筋混凝土造,100年12月22日,十三層,,持分移轉
RPOOMLQLJHLGFBJ38DA,14,58.27,本共有部分之項目有防空避難室、停車空間、頂蓋型開放空間、戶外安全梯、及梯廳、管理員室、垃圾儲藏室、梯間、水箱等九項,鋼筋混凝土造,100年12月22日,十三層,,持分移轉
RPSNMLPJKHLGFBJ48DA,32,88.55,住家用,鋼筋混凝土造,83年3月23日,六層,五層 陽台,全筆移轉
RPSNMLPJKHLGFBJ48DA,32,17.82,共有部分,鋼筋混凝土造,83年3月23日,六層,,持分移轉
RPSNMLPJKHLGFBJ48DA,32,18.93,共有部分,鋼筋混凝土造,83年3月23日,六層,,持分移轉
RPSNMLRLJHLGFBJ78DA,28,16.63,商業用,鋼筋混凝土造,86年10月9日,七層,四層 陽台,全筆移轉
RPSNMLRLJHLGFBJ78DA,28,6.39,共有部分,鋼筋混凝土造,86年10月9日,七層,,持分移轉
RPSNMLRLJHLGFBJ78DA,28,1.87,共有部分,鋼筋混凝土造,86年10月9日,七層,,持分移轉
RPRNMLMLJHLGFCJ28DA,12,30.11,住宅、停車空間,鋼筋混凝土造,103年1月2日,五層,一層 二層 三層 四層 五層 陽台,持分移轉
RPPSMLMJKHLGFBJ38DA,30,95.59,住家用,鋼筋混凝土造,85年2月14日,七層,六層 陽台,全筆移轉
RPPSMLMJKHLGFBJ38DA,30,.07,守衛室,鋼筋混凝土造,85年2月14日,七層,一層,持分移轉
RPPSMLMJKHLGFBJ38DA,30,11.49,見使用執照,鋼筋混凝土造,85年2月14日,七層,,持分移轉
RPPSMLMJKHLGFBJ38DA,30,14.23,見使用執照,鋼筋混凝土造,85年2月14日,七層,,持分移轉
RPPSMLMJKHLGFBJ38DA,30,16.90,見使用執照,鋼筋混凝土造,85年2月14日,七層,,持分移轉
RPTOMLQLJHLGFDJ09DA,5,.13,共有部分,鋼筋混凝土造,109年11月24日,六層,,持分移轉
RPTOMLQLJHLGFDJ09DA,3,55.56,集合住宅,鋼筋混凝土造,111年11月18日,七層,六層 陽台,全筆移轉
RPTOMLQLJHLGFDJ09DA,3,7.18,本共有部分之項目有樓梯間、機械室等２項,鋼筋混凝土造,111年11月18日,七層,,持分移轉
RPTOMLQLJHLGFDJ09DA,3,39.82,本共有部分之項目有停車空間、梯間等２項,鋼筋混凝土造,111年11月18日,七層,,持分移轉
RPQNMLQJKHLGFBJ48EA,31,32.82,住家用,鋼筋混凝土造,84年1月24日,八層,八層 陽台,全筆移轉
RPQNMLQJKHLGFBJ48EA,31,2.28,共有部分,鋼筋混凝土造,84年1月24日,八層,,持分移轉
RPQNMLQJKHLGFBJ48EA,31,4.32,共有部分,鋼筋混凝土造,84年1月24日,八層,,持分移轉
RPTNMLPJKHLGFDJ78DA,25,98.62,住家用,鋼筋混凝土造,89年11月23日,五層,五層 陽台,全筆移轉
RPTNMLPJKHLGFDJ78DA,25,15.61,梯間,鋼筋混凝土造,89年11月23日,五層,,持分移轉
RPTNMLPJKHLGFDJ78DA,25,35.16,停車空間,鋼筋混凝土造,89年11月23日,五層,,持分移轉
RPPNMLTJKHLGFBJ58DA,33,29.02,住家用,鋼筋混凝土造,81年10月22日,五層,二層 陽台,全筆移轉
RPPNMLTJKHLGFBJ58DA,33,5.80,共有部分,鋼筋混凝土造,81年10月22日,五層,,持分移轉
RPRNMLQKJHLGFBJ48DA,10,323.20,住家用,鋼筋混凝土造,104年12月14日,二十六層,二十三層 陽台 雨遮,全筆移轉
RPRNMLQKJHLGFBJ48DA,10,26.10,本共有部分之項目有頂蓋型開放空間、管理員室等二項。,鋼筋混凝土造,104年12月14日,二十六層,,持分移轉
RPRNMLQKJHLGFBJ48DA,10,72.75,本共有部分之項目有樓梯間、梯間、水箱、機械房等四項。,鋼筋混凝土造,104年12月14日,二十六層,,持分移轉
RPRNMLQKJHLGFBJ48DA,10,182.85,本共有部分之項目有防空避難室兼停車空間、停車空間等二項。,鋼筋混凝土造,104年12月14日,二十六層,,持分移轉
RPPNMLKMJHLGFDJ08DA,4,140.51,集合住宅,鋼筋混凝土造,111年3月9日,三層,一層 二層 三層 陽台,全筆移轉
RPPNMLKMJHLGFDJ08DA,4,.18,本共有部分之項目有電信室（公共設施）,鋼筋混凝土造,111年3月9日,三層,,持分移轉
RPPNMLMJKHLGFCJ97DA,15,45.10,辦公室,鋼筋混凝土造,99年12月31日,十層,三層 陽台 雨遮,全筆移轉
RPPNMLMJKHLGFCJ97DA,15,23.22,共有部分,鋼筋混凝土造,99年12月31日,十層,,持分移轉
RPPNMLMJKHLGFCJ97DA,15,10.75,共有部分,鋼筋混凝土造,99年12月31日,十層,,持分移轉
RPVOMLKKKHLGFBJ48DA,5,71.17,住家用,鋼筋混凝土造,109年11月5日,十四層,十四層 陽台 雨遮,全筆移轉
RPVOMLKKKHLGFBJ48DA,5,66.36,本共有部分之項目有停車空間兼防空避難室、排煙室、機房、停車空間、安全梯、台電配電室、電信室、管委會空間、資源回收室、公共服務空間、梯廳、水箱等十二項。,鋼筋混凝土造,109年11月5日,十四層,,持分移轉
RPRNMLQJKHLGFCJ58DA,24,8.05,共有部分,鋼筋混凝土造,91年2月27日,七層,,持分移轉
RPRNMLQJKHLGFCJ58DA,24,21.12,住家用,鋼筋混凝土造,91年2月27日,七層,三層 陽台,全筆移轉
RPXNMLQJKHLGFCJ56DA,24,128.90,住家用,鋼筋混凝土造,91年2月27日,七層,二層 陽台,全筆移轉
RPQNMLQJKHLGFCJ48DA,24,8.29,共有部分,鋼筋混凝土造,91年2月27日,七層,,持分移轉
RPXNMLQJKHLGFCJ56DA,24,49.14,共有部分,鋼筋混凝土造,91年2月27日,七層,,持分移轉
RPQNMLQJKHLGFCJ48DA,24,21.74,住家用,鋼筋混凝土造,91年2月27日,七層,三層 陽台,全筆移轉
RPRNMLKKKHLGFCJ18EA,33,433.58,住商用,鋼筋混凝土造,81年7月25日,四層,一層 二層 三層 四層 陽台 騎樓,全筆移轉
RPOPMLSJJHLGFBJ48DA,21,.02,管理員室,鋼筋混凝土造,94年1月31日,十四層,地下一層,持分移轉
RPOPMLSJJHLGFBJ48DA,21,.00,共有部分,鋼筋混凝土造,94年1月31日,十四層,,持分移轉
RPOPMLSJJHLGFBJ48DA,21,40.85,共有部分,鋼筋混凝土造,94年1月31日,十四層,,持分移轉
RPPPMLSJJHLGFBJ58DA,21,.02,管理員室,鋼筋混凝土造,94年1月31日,十四層,地下一層,持分移轉
RPPPMLSJJHLGFBJ58DA,21,.00,共有部分,鋼筋混凝土造,94年1月31日,十四層,,持分移轉
RPPPMLSJJHLGFBJ58DA,21,38.29,共有部分,鋼筋混凝土造,94年1月31日,十四層,,持分移轉
RPPNMLPKJHLGFBJ18DA,21,.02,管理員室,鋼筋混凝土造,94年1月31日,十四層,地下一層,持分移轉
RPPNMLPKJHLGFBJ18DA,21,.00,共有部分,鋼筋混凝土造,94年1月31日,十四層,,持分移轉
RPPNMLPKJHLGFBJ18DA,21,40.85,共有部分,鋼筋混凝土造,94年1月31日,十四層,,持分移轉
RPVNMLKMJHLGFBJ48DA,12,69.25,住家用,鋼筋混凝土造,103年4月18日,十二層,六層 陽台 雨遮,全筆移轉
RPVNMLKMJHLGFBJ48DA,12,65.13,本共有部分之項目有防空避難室兼停車空間、樓梯間、機房、水箱等四項,鋼筋混凝土造,103年4月18日,十二層,,持分移轉
RPSOMLKKKHLGFBJ18DA,15,133.73,住家用,鋼筋混凝土造,99年12月14日,十三層,六層 陽台 雨遮,全筆移轉
RPSOMLKKKHLGFBJ18DA,15,58.28,本共有部分之項目有防空避難室、停車空間、垃圾處理室、管理空間、廣場式開放空間、蓄水池、消防泵浦室等七項,鋼筋混凝土造,99年12月14日,十五層,,持分移轉
RPSOMLKKKHLGFBJ18DA,15,21.36,本共有部分之項目有梯間等一項,鋼筋混凝土造,99年12月14日,十三層,,持分移轉
RPSNMLNJKHLGFBJ28DA,,120.67,住家用,加強磚造,,四層,四層,全筆移轉
RPQNMLPKJHLGFBJ28DA,21,.02,管理員室,鋼筋混凝土造,94年1月31日,十四層,地下一層,持分移轉
RPQNMLPKJHLGFBJ28DA,21,.00,共有部分,鋼筋混凝土造,94年1月31日,十四層,,持分移轉
RPQNMLPKJHLGFBJ28DA,21,40.85,共有部分,鋼筋混凝土造,94年1月31日,十四層,,持分移轉
RPUPMLLLJHLGFDJ78DA,20,96.13,住家用,鋼筋混凝土造,95年4月30日,五層,三層 陽台 雨遮,全筆移轉
RPUPMLLLJHLGFDJ78DA,20,12.00,梯間、機械室,鋼筋混凝土造,95年4月30日,五層,,持分移轉
RPPOMLMKKHLGFBJ08DA,4,1495.65,畜舍、其他畜牧（備馬室、等待區、盥洗室、室內運動、機器設備、研習室、飼料調配、管理室、戶外休息）,鋼骨造,110年7月12日,一層,一層 二層,全筆移轉
RPVNMLLKKHLGFBJ48DA,12,69.03,住家用,鋼筋混凝土造,103年1月28日,十層,五層 陽台 雨遮,全筆移轉
RPVNMLLKKHLGFBJ48DA,12,44.27,本共有部分之項目有防空避難室兼停車空間、開放空間、管委會等３項,鋼筋混凝土造,103年1月28日,十層,,持分移轉
RPVNMLLKKHLGFBJ48DA,12,14.90,本共有部分之項目有樓梯間、電梯機械室、水箱等三項,鋼筋混凝土造,103年1月28日,十層,,持分移轉
RPTNMLLKKHLGFCJ48EA,11,46.66,辦公室,鋼筋混凝土造,104年3月25日,十四層,十層 陽台,持分移轉
RPTNMLLKKHLGFCJ48EA,11,.02,辦公室,鋼筋混凝土造,104年3月25日,十四層,一層,持分移轉
RPTNMLLKKHLGFCJ48EA,11,8.56,共有部分,鋼筋混凝土造,104年3月25日,十四層,,持分移轉
RPTNMLLKKHLGFCJ48EA,11,.00,共有部分,鋼筋混凝土造,104年3月25日,十四層,,持分移轉
RPTNMLLKKHLGFCJ48EA,11,12.16,共有部分,鋼筋混凝土造,104年3月25日,十五層,,持分移轉
RPTNMLLKKHLGFCJ48EA,11,27.83,共有部分,鋼筋混凝土造,104年3月25日,十五層,,持分移轉
RPPNMLPJLHLGFCJ38DA,31,9.69,共有部分,鋼筋混凝土造,84年8月1日,十三層,,持分移轉
RPPNMLPJLHLGFCJ38DA,31,72.13,住家用,鋼筋混凝土造,84年8月1日,十三層,八層 陽台,全筆移轉
RPPNMLPJLHLGFCJ38DA,31,14.64,共有部分,鋼筋混凝土造,84年8月1日,十三層,,持分移轉
RPRNMLLKKHLGFCJ18DA,9,69.66,集合住宅,鋼筋混凝土造,105年10月5日,十二層,三層 陽台,全筆移轉
RPRNMLLKKHLGFCJ18DA,9,35.08,本共有部分之項目有停車空間、消防機房、汙水機房、發電機房、台電配電室、電信室、機械室機房、水箱、水錶室、樓梯間、電梯間、排煙室、管委會使用空間、垃圾室、梯廳等１５項,鋼筋混凝土造,105年10月5日,十二層,,持分移轉
RPOUNLRLJHLGFDJ76DA,30,65.26,住家用,鋼筋混凝土造,85年7月11日,五層,一層 平台 花台,全筆移轉
RPOUNLRLJHLGFDJ76DA,30,5.28,共有部分,鋼筋混凝土造,85年7月11日,五層,,持分移轉
RPOUNLRLJHLGFDJ76DA,30,32.99,停車空間,鋼筋混凝土造,85年7月11日,五層,,持分移轉
RPOOMLLKKHLGFBJ87DA,13,208.17,住家用,鋼筋混凝土造,102年5月15日,二十四層,十四層 陽台 雨遮,全筆移轉
RPOOMLLKKHLGFBJ87DA,13,53.32,本共有部分之項目有附屬樓梯間、機械室、排煙室、蓄水池等四項。,鋼筋混凝土造,102年5月15日,二十四層,,持分移轉
RPOOMLLKKHLGFBJ87DA,13,136.69,本共有部分之項目有附屬停車空間、附屬防空避難室兼停車空間、附屬頂蓋型開放空間等三項。,鋼筋混凝土造,102年5月15日,二十四層,,持分移轉
RPTOMLMJKHLGFDJ58DA,1,83.13,集合住宅,鋼筋混凝土造,113年8月29日,十四層,十層 陽台,全筆移轉
RPTOMLMJKHLGFDJ58DA,1,83.81,本共有部分之項目有集合住宅（附屬管委會空間、廊道、停車空間、防空避難室兼停車空間、梯間、機械房及水箱）等８項,鋼筋混凝土造,113年8月29日,十四層,,持分移轉
RPTOMLRLJHLGFCJ09DA,,54.47,集合住宅,鋼筋混凝土造,114年10月7日,十四層,七層 陽台,全筆移轉
RPTOMLRLJHLGFCJ09DA,,56.25,本共有部分項目有：集合住宅（附屬開放空間、公共服務空間、管委會使用空間、車道、梯間）、梯間、機械室、水箱、停車空間、發電機室、台電配電場所、垃圾貯存空間、電信室、蓄水池、汙雨水回收機房、消防泵埔室等１６項,鋼筋混凝土造,114年10月7日,十五層,,持分移轉
RPQOMLNKJHLGFBJ18DA,11,132.26,自用農舍,木造,103年8月4日,二層,一層 二層,全筆移轉
RPXNMLMKKHLGFBJ78DA,14,290.64,住商用,鋼筋混凝土造,101年3月3日,五層,一層 二層 三層 四層 五層 陽台 屋頂突出物 雨遮 見其他登記事項,全筆移轉
RPPNMLNLKHLGFCJ28DA,24,8.01,共有部分,鋼筋混凝土造,91年2月27日,七層,,持分移轉
RPPNMLNLKHLGFCJ28DA,24,21.08,住家用,鋼筋混凝土造,91年2月27日,七層,三層 陽台,全筆移轉
RPPNMLNKKHLGFCJ18DA,46,61.31,住家用,加強磚造,68年12月2日,一層,一層,全筆移轉
RPUNMLKLJHLGFCJ38DA,24,25.97,住家用,鋼筋混凝土造,91年2月27日,七層,二層 陽台,全筆移轉
RPUNMLKLJHLGFCJ38DA,24,10.10,共有部分,鋼筋混凝土造,91年2月27日,七層,,持分移轉
RPSNMLLLJHLGFCJ28DA,31,232.23,住家用,鋼筋混凝土造,84年4月6日,五層,一層 二層 三層 四層 五層 陽台 雨遮,全筆移轉
RPRNMLMJKHLGFDJ28DA,30,17.79,市場攤位,鋼筋混凝土造,85年6月24日,五層,一層 騎樓,持分移轉
RPRNMLMJKHLGFDJ28DA,30,4.20,共有部分,鋼筋混凝土造,85年6月24日,五層,,持分移轉
RPPNMLOLKHLGFCJ48EA,29,60.64,住家用,鋼筋混凝土造,85年12月24日,十一層,八層 陽台 花台,全筆移轉
RPPNMLOLKHLGFCJ48EA,29,10.32,共有部分,鋼筋混凝土造,85年12月24日,十二層,,持分移轉
RPPNMLOLKHLGFCJ48EA,29,1.80,共有部分,鋼筋混凝土造,85年12月24日,十二層,,持分移轉
RPPNMLOLKHLGFCJ48EA,29,18.30,共有部分,鋼筋混凝土造,85年12月24日,十二層,,持分移轉
RPPNMLOLKHLGFCJ48EA,29,5.52,共有部分,鋼筋混凝土造,85年12月24日,十一層,,持分移轉
RPUOMLRJJHLGFBJ88DA,31,55.93,住商用,鋼筋混凝土造,83年7月30日,八層,一層 平台,全筆移轉
RPUOMLRJJHLGFBJ88DA,31,29.00,共有部分,鋼筋混凝土造,83年7月30日,八層,,持分移轉
RPUOMLRJJHLGFBJ88DA,31,7.38,共有部分,鋼筋混凝土造,83年7月30日,八層,,持分移轉
RPSQMLOLKHLGFBJ88DA,20,66.97,住家用,鋼筋混凝土造,94年11月14日,十五層,十一層 陽台 雨遮,全筆移轉
RPSQMLOLKHLGFBJ88DA,20,40.81,共有部分,鋼筋混凝土造,94年11月14日,十五層,,持分移轉
RPSQMLOLKHLGFBJ88DA,20,14.12,共有部分,鋼筋混凝土造,94年11月14日,十五層,,持分移轉
RPPNMLOLKHLGFDJ48DA,6,83.14,集合住宅,鋼筋混凝土造,108年12月25日,五層,五層 陽台,全筆移轉
RPPNMLOLKHLGFDJ48DA,6,39.30,本共有部分之項目有停車空間、管委會使用空間、樓梯間、機械室、機房等五項,鋼筋混凝土造,108年12月25日,五層,,持分移轉
RPQNMLOLKHLGFBJ48EA,2,76.29,集合住宅,鋼筋混凝土造,113年3月14日,十五層,六層 陽台,全筆移轉
RPQNMLOLKHLGFBJ48EA,2,50.53,本共有部分之項目有停車空間、防空避難室兼停車空間、騎樓〈連續性前廊〉、樓電梯間、管委會空間等五項。,鋼筋混凝土造,113年3月14日,十五層,,持分移轉
RPQNMLOLKHLGFBJ48EA,2,16.42,本共有部分之項目有梯間、消防水箱、電梯機械室、水箱等四項。,鋼筋混凝土造,113年3月14日,十五層,,持分移轉
RPUNMLKKKHLGFBJ28DA,,110.84,集合住宅,鋼筋混凝土造,114年7月17日,二十二層,十九層 陽台,全筆移轉
RPSNMLLKKHLGFBJ18DA,22,.07,警室,鋼筋混凝土造,93年1月19日,十層,一層,持分移轉
RPUNMLKKKHLGFBJ28DA,,149.50,本共有部分之項目有：防空避難室兼停車空間、車道、水箱、機房、消防機房、安全梯、緊急昇降機、一般昇降機、梯廳兼排煙室、消防中繼機房、安全梯／無障礙樓梯、停車空間、台電配電場所、電信室、電錶室、管道間、緊急發電機室、排風機房、資源回收室、安全梯兼行動不便者使用、特別安全梯無障礙樓梯、防災中心、公共服務空間、排煙室、梯廳、公共使用空間、陽台兼排煙室、樓梯間、消防中繼機房兼水錶室、中繼水箱、機械室等三十一項。,鋼筋混凝土造,114年7月17日,二十二層,,持分移轉
RPSNMLLKKHLGFBJ18DA,22,69.19,住家用,鋼筋混凝土造,93年1月19日,十層,八層 陽台 雨遮,全筆移轉
RPSNMLLKKHLGFBJ18DA,22,27.77,共有部分,鋼筋混凝土造,93年1月19日,十層,,持分移轉
RPSNMLLKKHLGFBJ18DA,22,13.48,共有部分,鋼筋混凝土造,93年1月19日,十層,,持分移轉
RPSNMLLKKHLGFBJ18DA,22,9.59,共有部分,鋼筋混凝土造,93年1月19日,十層,,持分移轉
RPSNMLNKKHLGFDJ58DA,2,88.22,集合住宅,鋼筋混凝土造,113年5月14日,十五層,三層 陽台,全筆移轉
RPSNMLNKKHLGFDJ58DA,2,67.56,本共有部分之項目有停車空間、機械室、管委會、樓梯間等４項,鋼筋混凝土造,113年5月14日,十五層,,持分移轉
RPQOMLQKJHLGFBJ48DA,32,73.00,住家用,鋼筋混凝土造,82年9月23日,十二層,十二層 陽台 花台,全筆移轉
RPQOMLQKJHLGFBJ48DA,32,13.87,共有部分,鋼筋混凝土造,82年9月23日,十二層,,持分移轉
RPQOMLQKJHLGFBJ48DA,32,9.65,共有部分,鋼筋混凝土造,82年9月23日,十二層,,持分移轉
RPXNMLQLJHLGFDJ76DA,1,409.16,集合住宅、停車空間、梯間,鋼筋混凝土造,113年8月5日,五層,一層 二層 三層 四層 五層 陽台 見其他登記事項,全筆移轉
RPXTMLNLKHLGFCJ07DA,32,85.37,住家用,鋼筋混凝土造,82年12月22日,十二層,五層 陽台 花台,全筆移轉
RPXTMLNLKHLGFCJ07DA,32,12.90,見其他登記事項,鋼筋混凝土造,82年12月22日,十二層,,持分移轉
RPXTMLNLKHLGFCJ07DA,32,12.60,共有部分,鋼筋混凝土造,82年12月22日,十二層,,持分移轉
RPQNMLPLKHLGFBJ48DA,10,100.06,住家用,鋼筋混凝土造,105年4月27日,十二層,四層 陽台 雨遮,全筆移轉
RPQNMLPLKHLGFBJ48DA,10,91.13,本共有部分之項目有防空避難室兼停車空間、安全梯、梯廳、雨水機房、水箱、消防機房、機房、管道間、升降機（道）、電梯、停車空間、台電配電室、電信室、管理會空間、資源回收室等十五項。,鋼筋混凝土造,105年4月27日,十二層,,持分移轉
RPRNMLQLJHLGFBJ58DA,3,58.74,集合住宅,鋼筋混凝土造,111年7月29日,十四層,九層 陽台,全筆移轉
RPRNMLQLJHLGFBJ58DA,3,64.97,本共有部分之項目有公共服務空間、梯間、水箱、機械室、停車空間、蓄水池、水景機房、儲藏室、台電配電場所、資源回收室、垃圾冷藏空間、發電機房、電信室、防空避難室兼停車空間、汙雨水機房、消防泵浦室等十六項。,鋼筋混凝土造,111年7月29日,十四層,,持分移轉
RPPNMLPLKHLGFDJ58DA,31,60.72,住家用,鋼筋混凝土造,83年11月30日,六層,二層 陽台,全筆移轉
RPPNMLPLKHLGFDJ58DA,31,14.89,共有部分,鋼筋混凝土造,83年11月30日,六層,,持分移轉
RPPNMLPLKHLGFDJ58DA,31,8.79,梯間,鋼筋混凝土造,83年11月30日,六層,,持分移轉
RPSOMLQLKHLGFBJ88DA,5,90.43,集合住宅,鋼筋混凝土造,110年6月17日,十五層,十四層 陽台,全筆移轉
RPSNMLPLKHLGFBJ68DA,20,.08,商業用,鋼筋混凝土造,94年11月16日,十二層,一層,持分移轉
RPSOMLQLKHLGFBJ88DA,5,77.77,本共有部分之項目有停車空間、防空避難室兼停車空間、公共服務空間、梯間、機房、水箱等６項。,鋼筋混凝土造,110年6月17日,十五層,,持分移轉
RPSNMLPLKHLGFBJ68DA,20,91.21,住家用,鋼筋混凝土造,94年11月16日,十三層,十層 陽台 雨遮,全筆移轉
RPSNMLPLKHLGFBJ68DA,20,.01,共有部分,鋼筋混凝土造,94年11月16日,十三層,,持分移轉
RPSNMLPLKHLGFBJ68DA,20,11.61,共有部分,鋼筋混凝土造,94年11月16日,十三層,,持分移轉
RPSNMLPLKHLGFBJ68DA,20,15.00,共有部分,鋼筋混凝土造,94年11月16日,十三層,,持分移轉
RPSNMLPLKHLGFBJ68DA,20,13.75,共有部分,鋼筋混凝土造,94年11月16日,十三層,,持分移轉
RPOQMLPLKHLGFCJ68DA,1,86.34,辦公室,鋼筋混凝土造,113年12月26日,十四層,七層 陽台,全筆移轉
RPOQMLPLKHLGFCJ68DA,1,53.86,本共有部分之項目有：停車空間、水箱、消防水箱、雨水回收槽、污水處理槽、消防機房、雨污水機房、台電配電室、電信室、發電機房、開放空間、管委會使用空間等１２項,鋼筋混凝土造,113年12月26日,十四層,,持分移轉
RPOQMLPLKHLGFCJ68DA,1,16.98,本共有部分之項目有：梯間、消防水箱、水箱、升降機房等４項,鋼筋混凝土造,113年12月26日,十四層,,持分移轉
RPPPMLMJLHLGFBJ18DA,9,53.41,住家用,鋼筋混凝土造,105年11月1日,二十三層,二十三層 陽台 雨遮,全筆移轉
RPPPMLMJLHLGFBJ18DA,9,38.72,本共有部分之項目有停車空間、防空避難室兼停車空間等二項。,鋼筋混凝土造,105年11月1日,二十三層,,持分移轉
RPPPMLMJLHLGFBJ18DA,9,18.36,本共有部分之項目有店舖、管委會使用空間、沿街步道式、廣場式（有頂蓋）開放空間、梯間、機械式、水箱等七項。,鋼筋混凝土造,105年11月1日,二十三層,,持分移轉
RPPQMLMJKHLGFBJ18DA,13,207.64,住家用,鋼筋混凝土造,102年5月15日,二十四層,二十二層 陽台 雨遮,全筆移轉
RPPQMLMJKHLGFBJ18DA,13,53.32,本共有部分之項目有附屬樓梯間、機械室、排煙室、蓄水池等四項。,鋼筋混凝土造,102年5月15日,二十四層,,持分移轉
RPPQMLMJKHLGFBJ18DA,13,136.69,本共有部分之項目有附屬停車空間、附屬防空避難室兼停車空間、附屬頂蓋型開放空間等三項。,鋼筋混凝土造,102年5月15日,二十四層,,持分移轉
RPQNMLNJLHLGFDJ38DA,6,48.23,集合住宅,鋼筋混凝土造,108年10月18日,五層,四層 陽台 雨遮,全筆移轉
RPQNMLNJLHLGFDJ38DA,6,26.36,共有部分,鋼筋混凝土造,108年10月18日,五層,,持分移轉
RPTPMLNJKHLGFDJ78DA,8,50.68,集合住宅,鋼筋混凝土造,106年10月20日,七層,一層 陽台,全筆移轉
RPTPMLNJKHLGFDJ78DA,8,7.80,本共有部分之項目有安全梯間、梯廳、昇降機間等３項,鋼筋混凝土造,106年10月20日,七層,,持分移轉
RPTPMLNJKHLGFDJ78DA,8,18.85,本共有部分之項目有停車空間、安全梯間、梯廳、昇降機間、台電配電室、發電機室、電信室、水箱、消防機房、污水機房等１０項,鋼筋混凝土造,106年10月20日,七層,,持分移轉
RPUNMLPJKHLGFBJ68DA,34,70.61,住家用,鋼筋混凝土造,81年1月30日,五層,五層 陽台,全筆移轉
RPUNMLPJKHLGFBJ68DA,34,27.34,共有部分,鋼筋混凝土造,81年1月30日,五層,,持分移轉
RPQOMLTLJHLGFDJ09DA,17,91.25,集合住宅,鋼筋混凝土造,97年12月26日,七層,五層 陽台 雨遮,全筆移轉
RPQOMLTLJHLGFDJ09DA,17,12.65,樓梯間．水箱．機房,鋼筋混凝土造,97年12月26日,七層,,持分移轉
RPQOMLTLJHLGFDJ09DA,17,16.53,停車空間,鋼筋混凝土造,97年12月26日,七層,,持分移轉
RPPNMLQLJHLGFDJ58DA,21,85.09,住家用,鋼筋混凝土造,93年11月20日,六層,五層 陽台,全筆移轉
RPPNMLQLJHLGFDJ58DA,21,10.28,梯間．機房,鋼筋混凝土造,93年11月20日,六層,,持分移轉
RPPNMLQLJHLGFDJ58DA,21,.68,管理委員會使用空間,鋼筋混凝土造,93年11月20日,六層,一層,持分移轉
RPPNMLQLJHLGFDJ58DA,21,31.06,停車空間,鋼筋混凝土造,93年11月20日,六層,,持分移轉
RPROMLKKKHLGFBJ08DA,47,85.06,住家用,加強磚造,68年2月19日,二層,一層 二層,全筆移轉
RPTNMLNJLHLGFDJ68DA,23,299.73,農舍,鋼骨鋼筋混凝土造,92年7月16日,一層,一層 雨遮,全筆移轉
RPPNMLOJLHLGFBJ28EA,1,82.28,集合住宅,鋼筋混凝土造,113年11月7日,十三層,十一層 陽台,全筆移轉
RPQNMLOJLHLGFBJ38EA,21,291.72,住家用,鋼筋混凝土造,94年3月14日,四層,一層 二層 三層 四層 陽台 地下層,全筆移轉
RPPNMLOJLHLGFBJ28EA,1,77.37,本共有部分之項目有防空避難室兼停車空間、停車空間、公共服務空間、管委會空間、梯間、機房、水箱等七項。,鋼筋混凝土造,113年11月7日,十四層,,持分移轉
RPXNMLPJLHLGFBJ09DA,48,90.72,住家用,加強磚造,66年9月30日,二層,一層 二層,全筆移轉
RPVOMLMJLHLGFBJ68DA,34,33.40,住家用,鋼筋混凝土造,81年1月23日,六層,六層 陽台,全筆移轉
RPVOMLMJLHLGFBJ68DA,34,15.75,共有部分,鋼筋混凝土造,80年12月9日,六層,,持分移轉
RPSNMLPJLHLGFBJ58DA,6,88.34,住家用,鋼筋混凝土造,108年9月29日,十四層,十二層 陽台 雨遮,全筆移轉
RPSNMLPJLHLGFBJ58DA,6,79.95,本共有部分之項目有防空避難室兼停車空間、停車空間、台電配電室、車道、公共服務空間、開放空間、集中式垃圾貯存空間、樓電梯間、機械室、機房、水箱等十一項。,鋼筋混凝土造,108年9月29日,十四層,,持分移轉
RPRNMLMKKIKGFBJ28EA,21,62.49,商業用,鋼筋混凝土造,93年9月21日,十二層,八層 陽台,全筆移轉
RPRNMLMKKIKGFBJ28EA,21,52.40,共有部分,鋼筋混凝土造,93年9月21日,十二層,,持分移轉
RPRNMLQJLHLGFBJ58DA,,88.84,集合住宅,鋼筋混凝土造,114年8月8日,七層,六層 陽台,全筆移轉
RPRNMLQJLHLGFBJ58DA,,74.95,本共有部分之項目有停車空間、機械室、防空避難室兼停車空間、管委會空間、梯間等五項。,鋼筋混凝土造,114年8月8日,七層,,持分移轉
RPWNMLSLJHLGFBJ66DA,21,96.08,住家用,鋼筋混凝土造,94年1月7日,十層,九層 陽台,全筆移轉
RPWNMLSLJHLGFBJ66DA,21,.53,守衛室,鋼筋混凝土造,94年1月7日,十層,一層 陽台,持分移轉
RPWNMLSLJHLGFBJ66DA,21,15.08,共有部分,鋼筋混凝土造,94年1月7日,十層,,持分移轉
RPWNMLSLJHLGFBJ66DA,21,.00,共有部分,鋼筋混凝土造,94年1月7日,十層,,持分移轉
RPWNMLSLJHLGFBJ66DA,21,23.92,共有部分,鋼筋混凝土造,94年1月7日,十層,,持分移轉
RPWNMLSLJHLGFBJ66DA,21,27.11,共有部分,鋼筋混凝土造,94年1月7日,十層,,持分移轉
RPQNMLSLJHLGFBJ68DA,32,95.00,住家用,鋼筋混凝土造,83年2月25日,八層,八層 陽台 花台,全筆移轉
RPQNMLSLJHLGFBJ68DA,32,19.84,共有部分,鋼筋混凝土造,83年2月25日,八層,,持分移轉
RPQNMLSLJHLGFBJ68DA,33,19.32,共有部分,鋼筋混凝土造,82年2月25日,八層,,持分移轉
RPVNMLLKKIKGFDJ68DA,,82.46,住家用,加強磚造,,二層,一層 二層,全筆移轉
RPTNMLMKKIKGFCJ48DA,31,154.65,住家、儲藏室,鋼筋混凝土造,83年6月6日,三層,一層 二層 三層 地下層 見其他登記事項,全筆移轉
RPPNMLQKKIKGFBJ48EA,9,.28,商業用,鋼筋混凝土造,105年9月21日,二十一層,一層 見其他登記事項,持分移轉
RPPNMLQKKIKGFBJ48EA,9,61.35,住家用,鋼筋混凝土造,105年9月21日,二十一層,二十一層 陽台 雨遮,全筆移轉
RPPNMLQKKIKGFBJ48EA,9,.14,本共有部分之項目有防空避難室兼停車空間、排煙室、緊急昇降機、門廳、外廊、環保資源室、防災中心、梯廳、梯間、樓梯間、機械室、消防機房、水箱、楊水泵機房、汙水機房、消防中繼水箱、消防中繼機房、緊急發電機房、電信機房、景觀機房、台電配電室、機電機房、電梯等二十三項。,鋼筋混凝土造,105年9月21日,二十一層,,持分移轉
RPPNMLQKKIKGFBJ48EA,9,64.21,本共有部分之項目有防空避難室兼停車空間、排煙室、緊急昇降機、門廳、外廊、環保資源室、防災中心、梯廳、梯間、樓梯間、機械室、消防機房、水箱、楊水泵機房、汙水機房、消防中繼水箱、消防中繼機房、緊急發電機房、電信機房、景觀機房、台電配電室、機電機房、電梯等二十三項。,鋼筋混凝土造,105年9月21日,二十一層,,持分移轉
RPPNMLPKKIKGFCJ38DA,1,225.39,停車空間、集合住宅,鋼筋混凝土造,114年3月28日,四層,一層 二層 三層 四層 陽台,全筆移轉
RPPNMLRKKIKGFCJ68EA,35,136.93,住家用,鋼筋混凝土造,80年1月3日,六層,二層 陽台,全筆移轉
RPPNMLRKKIKGFCJ68EA,35,24.66,停車場,鋼筋混凝土造,80年1月3日,六層,地下層,持分移轉
RPPNMLRKKIKGFCJ68EA,35,21.19,共有部分,鋼筋混凝土造,80年1月3日,六層,,持分移轉
RPQNMLTKKIKGFBJ88EA,45,84.40,住家用,鋼筋混凝土造,69年8月31日,四層,三層,全筆移轉
RPQNMLQKKIKGFBJ58EA,9,.28,商業用,鋼筋混凝土造,105年9月21日,二十一層,一層 見其他登記事項,持分移轉
RPQNMLQKKIKGFBJ58EA,9,61.35,住家用,鋼筋混凝土造,105年9月21日,二十一層,二十層 陽台 雨遮,全筆移轉
RPQNMLQKKIKGFBJ58EA,9,.14,本共有部分之項目有防空避難室兼停車空間、排煙室、緊急昇降機、門廳、外廊、環保資源室、防災中心、梯廳、梯間、樓梯間、機械室、消防機房、水箱、楊水泵機房、汙水機房、消防中繼水箱、消防中繼機房、緊急發電機房、電信機房、景觀機房、台電配電室、機電機房、電梯等二十三項。,鋼筋混凝土造,105年9月21日,二十一層,,持分移轉
RPQNMLQKKIKGFBJ58EA,9,64.21,本共有部分之項目有防空避難室兼停車空間、排煙室、緊急昇降機、門廳、外廊、環保資源室、防災中心、梯廳、梯間、樓梯間、機械室、消防機房、水箱、楊水泵機房、汙水機房、消防中繼水箱、消防中繼機房、緊急發電機房、電信機房、景觀機房、台電配電室、機電機房、電梯等二十三項。,鋼筋混凝土造,105年9月21日,二十一層,,持分移轉
RPQNMLMKKIKGFDJ28DA,7,131.91,店舖、停車空間,鋼筋混凝土造,108年1月25日,十二層,一層 二層 陽台 屋頂突出物 屋簷 見其他登記事項,全筆移轉
RPQNMLMKKIKGFDJ28DA,7,2.62,本共有部分之項目有樓梯間、機房、水箱等３項,鋼筋混凝土造,108年1月25日,十二層,,持分移轉
RPQNMLMKKIKGFDJ28DA,7,28.33,停車空間,鋼筋混凝土造,108年1月25日,十二層,,持分移轉
RPQNMLRKKIKGFBJ68EA,23,23.20,住家用,鋼筋混凝土造,91年6月13日,七層,四層 陽台,全筆移轉
RPQNMLRKKIKGFBJ68EA,23,12.84,共有部分,鋼筋混凝土造,91年6月13日,七層,,持分移轉
RPQNMLMLKIKGFBJ28EA,3,94.01,集合住宅,鋼筋混凝土造,112年5月13日,十五層,十五層 陽台,全筆移轉
RPQNMLMLKIKGFBJ28EA,3,77.71,本共有部分之項目有停車空間、防空避難室兼停車空間、梯間、開放空間公共服務空間、水箱、機械室等六項。,鋼筋混凝土造,112年5月13日,十五層,,持分移轉
RPUNMLTKKIKGFBJ56DA,,58.26,集合住宅,鋼筋混凝土造,114年8月26日,十五層,六層 陽台,全筆移轉
RPUNMLTKKIKGFBJ56DA,,63.47,本共有部分之項目有：停車空間、汙雨水回收機房、消防泵浦室、蓄水池、梯間、電信室、發電機室、防空避難室兼停車空間、台電配電場所、垃圾處理室、梯廳、車道、機械室、水箱等十四項。,鋼筋混凝土造,114年8月26日,十五層,,持分移轉
RPPNMLMLKIKGFBJ18EA,,89.30,集合住宅,鋼筋混凝土造,114年8月26日,十五層,七層 陽台,全筆移轉
RPPNMLMLKIKGFBJ18EA,,80.68,本共有部分之項目有：停車空間、汙雨水回收機房、消防泵浦室、蓄水池、梯間、電信室、發電機室、防空避難室兼停車空間、台電配電場所、垃圾處理室、梯廳、車道、機械室、水箱等十四項。,鋼筋混凝土造,114年8月26日,十五層,,持分移轉
RPVNMLTKKIKGFBJ66DA,,58.26,集合住宅,鋼筋混凝土造,114年8月26日,十五層,七層 陽台,全筆移轉
RPWNMLTKKIKGFBJ76DA,,58.26,集合住宅,鋼筋混凝土造,114年8月26日,十五層,八層 陽台,全筆移轉
RPVNMLTKKIKGFBJ66DA,,63.47,本共有部分之項目有：停車空間、汙雨水回收機房、消防泵浦室、蓄水池、梯間、電信室、發電機室、防空避難室兼停車空間、台電配電場所、垃圾處理室、梯廳、車道、機械室、水箱等十四項。,鋼筋混凝土造,114年8月26日,十五層,,持分移轉
RPWNMLTKKIKGFBJ76DA,,63.47,本共有部分之項目有：停車空間、汙雨水回收機房、消防泵浦室、蓄水池、梯間、電信室、發電機室、防空避難室兼停車空間、台電配電場所、垃圾處理室、梯廳、車道、機械室、水箱等十四項。,鋼筋混凝土造,114年8月26日,十五層,,持分移轉
RPXNMLTKKIKGFBJ86DA,,58.26,集合住宅,鋼筋混凝土造,114年8月26日,十五層,九層 陽台,全筆移轉
RPXNMLTKKIKGFBJ86DA,,63.47,本共有部分之項目有：停車空間、汙雨水回收機房、消防泵浦室、蓄水池、梯間、電信室、發電機室、防空避難室兼停車空間、台電配電場所、垃圾處理室、梯廳、車道、機械室、水箱等十四項。,鋼筋混凝土造,114年8月26日,十五層,,持分移轉
RPOOMLTKKIKGFBJ68DA,,89.30,集合住宅,鋼筋混凝土造,114年8月26日,十五層,八層 陽台,全筆移轉
RPOOMLTKKIKGFBJ68DA,,80.68,本共有部分之項目有：停車空間、汙雨水回收機房、消防泵浦室、蓄水池、梯間、電信室、發電機室、防空避難室兼停車空間、台電配電場所、垃圾處理室、梯廳、車道、機械室、水箱等十四項。,鋼筋混凝土造,114年8月26日,十五層,,持分移轉
RPXNMLQKKIKGFDJ76DA,18,151.10,農舍,鋼筋混凝土造,96年11月7日,二層,一層 二層 陽台,全筆移轉
RPVNMLRKKIKGFBJ09DA,2,33.22,本共有部分之項目有停車空間、管理員室、梯間、電梯機房、水箱等五項。,鋼筋混凝土造,113年6月5日,十一層,,持分移轉
RPVNMLQKKIKGFCJ09DA,31,99.60,住家用,鋼筋混凝土造,83年11月21日,十三層,七層 陽台,全筆移轉
RPVNMLQKKIKGFCJ09DA,31,15.73,共有部分,鋼筋混凝土造,83年11月21日,十三層,,持分移轉
RPVNMLQKKIKGFCJ09DA,31,10.96,共有部分,鋼筋混凝土造,83年11月21日,十三層,,持分移轉
RPQNMLTLKIKGFBJ98EA,,139.31,住家用,鋼筋混凝土造,,三層,一層 二層 三層 陽台 屋頂突出物,持分移轉
RPRNMLKMKIKGFCJ38EA,29,24.18,共有部分,鋼筋混凝土造,85年12月31日,四層,,持分移轉
RPWNMLSKKIKGFCJ76DA,2,92.22,辦公室,鋼筋混凝土造,112年10月3日,十四層,九層 陽台,全筆移轉
RPWNMLSKKIKGFCJ76DA,2,48.60,本共有部分之項目有停車空間、水箱、消防水箱、雨水回收槽、污水處理槽、雨污水機房、台電配電室、電信室、發電機房、開放空間、管委會使用空間等１１項,鋼筋混凝土造,112年10月3日,,,持分移轉
RPWNMLSKKIKGFCJ76DA,2,21.92,本共有部分之項目有梯間、消防水箱、水箱、升降機房等４項,鋼筋混凝土造,112年10月3日,十四層,,持分移轉
RPSNMLQLKIKGFDJ98DA,18,105.63,住家用,鋼筋混凝土造,96年7月20日,三層,一層 二層 三層 陽台,全筆移轉
RPWNMLTKKIKGFCJ86DA,27,207.10,農舍,鋼鐵造,87年8月15日,二層,一層 二層,全筆移轉
RPRNMLQLKIKGFBJ68DA,30,68.79,商業用,鋼筋混凝土造,84年11月8日,四層,二層,全筆移轉
RPRNMLQLKIKGFBJ68DA,30,12.30,住家用,鋼筋混凝土造,84年11月8日,四層,四層,持分移轉
RPRNMLQLKIKGFBJ68DA,30,5.64,見使用執照,鋼筋混凝土造,84年11月8日,四層,,持分移轉
RPRNMLQLKIKGFBJ68DA,30,1.88,見使用執照,鋼筋混凝土造,84年11月8日,四層,,持分移轉
RPXOMLSJJHLGFBJ66DA,16,32.15,商業用,鋼筋混凝土造,99年2月8日,十八層,十四層 陽台,全筆移轉
RPXOMLSJJHLGFBJ66DA,16,55.66,共有部分,鋼筋混凝土造,99年2月8日,十八層,,持分移轉
RPPOMLOJKIKGFBJ18DA,17,35.64,商業用,鋼筋混凝土造,97年6月9日,九層,九層 陽台 雨遮,全筆移轉
RPPOMLOJKIKGFBJ18DA,17,.08,管理員室,鋼筋混凝土造,97年6月9日,九層,一層,持分移轉
RPPOMLOJKIKGFBJ18DA,17,10.57,共有部分,鋼筋混凝土造,97年6月9日,九層,,持分移轉
RPPOMLOJKIKGFBJ18DA,17,5.03,共有部分,鋼筋混凝土造,97年6月9日,九層,,持分移轉
RPPOMLOJKIKGFBJ18DA,17,9.09,共有部分,鋼筋混凝土造,97年6月9日,九層,,持分移轉
RPTNMLLMKIKGFBJ48DA,18,336.69,住家用,鋼筋混凝土造,96年12月31日,五層,一層 二層 三層 四層 五層 陽台 平台 屋頂突出物 雨遮 地下一層,全筆移轉
RPTNMLLMKIKGFBJ48DA,18,25.34,共有部分,鋼筋混凝土造,96年12月31日,五層,,持分移轉
RPOOMLTLKIKGFDJ98DA,1,59.70,集合住宅,鋼筋混凝土造,114年4月1日,十一層,二層 陽台,全筆移轉
RPOOMLTLKIKGFDJ98DA,1,52.34,本共有部分之項目有停車空間、防空避難室兼停車空間、集合住宅、管委會使用空間、梯間、機械室、水箱等７項,鋼筋混凝土造,114年4月1日,十一層,,持分移轉
RPTRMLMLKIKGFBJ88DA,3,110.62,店舖、一般事務所,鋼筋混凝土造,111年10月3日,十二層,一層 見其他登記事項,全筆移轉
RPTRMLMLKIKGFBJ88DA,3,54.26,本共有部分之項目有停車空間、公共服務空間、樓梯間、機械室、水箱等五項。,鋼筋混凝土造,111年10月3日,十二層,,持分移轉
RPQNMLSJJHLGFDJ78EA,8,31.85,集合住宅,鋼筋混凝土造,107年5月24日,十層,三層 陽台,持分移轉
RPQNMLSJJHLGFDJ78EA,8,6.36,集合住宅（附屬樓梯間、機械室、水箱）。,鋼筋混凝土造,107年5月24日,十層,,持分移轉
RPQNMLSJJHLGFDJ78EA,8,22.34,本共有部分之項目有：集合住宅（附屬防空避難室兼停車空間、附屬停車空間）、集合住宅（附屬管委會空間、警衛室）。,鋼筋混凝土造,107年5月24日,十層,,持分移轉
RPPNMLNLKIKGFDJ38DA,24,68.20,集合住宅,鋼筋混凝土造,91年4月1日,十一層,四層 陽台,全筆移轉
RPPNMLNLKIKGFDJ38DA,24,7.76,避難室．停車空間．集合住宅,鋼筋混凝土造,91年4月1日,十一層,,持分移轉
RPPNMLNLKIKGFDJ38DA,24,12.09,梯間,鋼筋混凝土造,91年4月1日,十一層,,持分移轉
RPTNMLSJJHLGFDJ98DA,17,90.55,集合住宅,鋼筋混凝土造,97年12月26日,七層,四層 陽台 雨遮,全筆移轉
RPTNMLSJJHLGFDJ98DA,17,15.79,樓梯間．水箱．機房,鋼筋混凝土造,97年12月26日,七層,,持分移轉
RPTNMLSJJHLGFDJ98DA,17,15.92,停車空間,鋼筋混凝土造,97年12月26日,七層,,持分移轉
RPSNMLTJJHLGFDJ98DA,22,117.94,住宅．機電設備空間,鋼筋混凝土造,93年5月15日,七層,二層 陽台 雨遮,全筆移轉
RPSNMLTJJHLGFDJ98DA,22,41.10,防空避難室．停車空間,鋼筋混凝土造,93年5月15日,七層,,持分移轉
RPSNMLTJJHLGFDJ98DA,22,26.01,梯間,鋼筋混凝土造,93年5月15日,七層,,持分移轉
RPSNMLTJJHLGFDJ98DA,22,9.30,走道,鋼筋混凝土造,93年5月15日,七層,,持分移轉
RPTOMLPJJHLGFBJ58DA,32,32.03,住家用,鋼筋混凝土造,83年5月4日,七層,一層 平台,持分移轉
RPTOMLPJJHLGFBJ58DA,32,1.46,共有部分,鋼筋混凝土造,83年5月4日,七層,,持分移轉
RPTOMLPJJHLGFBJ58DA,32,7.51,共有部分,鋼筋混凝土造,83年5月4日,七層,,持分移轉
RPTNMLLMKIKGFDJ68DA,,206.58,住家用,鋼筋混凝土加強磚造,,二層,一層 二層 騎樓 地下層,全筆移轉
RPWNMLSJJHLGFDJ66DA,,17.92,住家用,鋼筋混凝土造,,五層,四層,全筆移轉
RPWNMLSJJHLGFDJ66DA,,11.11,梯間,鋼筋混凝土造,,五層,,持分移轉
RPUNMLKMKIKGFBJ48DA,13,94.99,本共有部分之項目有：防空避難室兼停車空間、管理室、前廊、開放空間、機電空間等五項,鋼筋混凝土造,101年8月21日,十九層,,持分移轉
RPROMLPJJHLGFBJ38DA,5,71.17,住家用,鋼筋混凝土造,109年11月5日,十四層,九層 陽台 雨遮,全筆移轉
RPROMLPJJHLGFBJ38DA,5,66.36,本共有部分之項目有停車空間兼防空避難室、排煙室、機房、停車空間、安全梯、台電配電室、電信室、管委會空間、資源回收室、公共服務空間、梯廳、水箱等十二項。,鋼筋混凝土造,109年11月5日,十四層,,持分移轉
RPVNMLTJKIKGFBJ56DA,21,172.54,住家用,鋼筋混凝土造,93年6月11日,十四層,九層 陽台 雨遮,全筆移轉
RPVNMLTJKIKGFBJ56DA,21,99.66,共有部分,鋼筋混凝土造,93年6月11日,十四層,,持分移轉
RPRNMLRJJHLGFCJ58DA,,21.63,住家用,土造,,一層,一層,持分移轉
RPPNMLNKJHLGFDJ28EA,37,128.26,住家用,加強磚造,78年2月25日,二層,一層 二層 陽台 屋頂突出物,全筆移轉
RPUOMLMKJHLGFDJ68DA,31,90.87,住家用,鋼筋混凝土造,84年3月13日,九層,五層 陽台 花台,全筆移轉
RPUOMLMKJHLGFDJ68DA,31,12.36,共有部分,鋼筋混凝土造,84年3月13日,九層,,持分移轉
RPUOMLMKJHLGFDJ68DA,31,33.76,停車空間,鋼筋混凝土造,84年3月13日,九層,,持分移轉
RPQNMLMJJHLGFBJ87DA,2,334.33,工廠,鋼筋混凝土造,112年7月13日,十六層,十一層,全筆移轉
RPQNMLMJJHLGFBJ87DA,2,190.16,工廠,鋼筋混凝土造,112年7月13日,十六層,十一層,全筆移轉
RPQNMLMJJHLGFBJ87DA,2,157.55,工廠,鋼筋混凝土造,112年7月13日,十六層,十一層,全筆移轉
RPQNMLMJJHLGFBJ87DA,2,188.59,工廠,鋼筋混凝土造,112年7月13日,十六層,十一層,全筆移轉
RPQNMLMJJHLGFBJ87DA,2,13.32,本共有部分之項目有機房等一項。,鋼筋混凝土造,112年7月13日,十六層,,持分移轉
RPQNMLMJJHLGFBJ87DA,2,23.70,本共有部分之項目有機房等一項。,鋼筋混凝土造,112年7月13日,十六層,,持分移轉
RPQNMLMJJHLGFBJ87DA,2,11.20,本共有部分之項目有機房等一項。,鋼筋混凝土造,112年7月13日,十六層,,持分移轉
RPQNMLMJJHLGFBJ87DA,2,13.54,本共有部分之項目有機房等一項。,鋼筋混凝土造,112年7月13日,十六層,,持分移轉
RPQNMLMJJHLGFBJ87DA,2,86.17,本共有部分之項目有防空避難室兼停車空間、卸貨空間、樓梯間、機房、水箱等五項。,鋼筋混凝土造,112年7月13日,十六層,,持分移轉
RPQNMLMJJHLGFBJ87DA,2,71.44,本共有部分之項目有防空避難室兼停車空間、卸貨空間、樓梯間、機房、水箱等五項。,鋼筋混凝土造,112年7月13日,十六層,,持分移轉
RPQNMLMJJHLGFBJ87DA,2,151.37,本共有部分之項目有防空避難室兼停車空間、卸貨空間、樓梯間、機房、水箱等五項。,鋼筋混凝土造,112年7月13日,十六層,,持分移轉
RPQNMLMJJHLGFBJ87DA,2,85.48,本共有部分之項目有防空避難室兼停車空間、卸貨空間、樓梯間、機房、水箱等五項。,鋼筋混凝土造,112年7月13日,十六層,,持分移轉
RPQNMLMJJHLGFBJ87DA,2,25.46,本共有部分之項目有防空避難室兼停車空間、卸貨空間、員工餐廳等三項。,鋼筋混凝土造,112年7月13日,六層,,持分移轉
RPQNMLMJJHLGFBJ87DA,2,21.08,本共有部分之項目有防空避難室兼停車空間、卸貨空間、員工餐廳等三項。,鋼筋混凝土造,112年7月13日,六層,,持分移轉
RPQNMLMJJHLGFBJ87DA,2,44.64,本共有部分之項目有防空避難室兼停車空間、卸貨空間、員工餐廳等三項。,鋼筋混凝土造,112年7月13日,六層,,持分移轉
RPQNMLMJJHLGFBJ87DA,2,25.22,本共有部分之項目有防空避難室兼停車空間、卸貨空間、員工餐廳等三項。,鋼筋混凝土造,112年7月13日,六層,,持分移轉
RPQNMLMJJHLGFBJ87DA,2,125.33,本共有部分之項目有防空避難室兼停車空間、停車空間等二項。,鋼筋混凝土造,112年7月13日,十八層,,持分移轉
RPQNMLMJJHLGFBJ87DA,2,219.32,本共有部分之項目有防空避難室兼停車空間、停車空間等二項。,鋼筋混凝土造,112年7月13日,十八層,,持分移轉
RPQNMLMJJHLGFBJ87DA,2,156.66,本共有部分之項目有防空避難室兼停車空間、停車空間等二項。,鋼筋混凝土造,112年7月13日,十八層,,持分移轉
RPQNMLMJJHLGFBJ87DA,2,156.66,本共有部分之項目有防空避難室兼停車空間、停車空間等二項。,鋼筋混凝土造,112年7月13日,十八層,,持分移轉
RPWQMLKMKIKGFBJ98DA,7,66.26,住家用,鋼筋混凝土造,107年9月20日,二十二層,二層 陽台,全筆移轉
RPWQMLKMKIKGFBJ98DA,7,60.20,本共有部分之項目有防空避難室兼停車空間、消防泵浦室、汙水機房、雨水機房、梯間、台電配電場所、發電機房、防災中心、垃圾冷藏室、管委會使用空間、機械室、水箱、停車空間、蓄水池等１４項。,鋼筋混凝土造,107年9月20日,二十二層,,持分移轉
RPWNMLNKJHLGFBJ68DA,6,213.10,集合住宅、門廳、停車空間、樓梯間,鋼筋混凝土造,109年4月23日,三層,一層 二層 三層 陽台 屋頂突出物,全筆移轉
RPTOMLMKJHLGFBJ38DA,11,94.04,住家用,鋼筋混凝土造,103年7月28日,二十四層,十層 陽台 雨遮,全筆移轉
RPTOMLMKJHLGFBJ38DA,11,.02,管理室,鋼筋混凝土造,103年7月28日,二十四層,一層,持分移轉
RPTOMLMKJHLGFBJ38DA,11,20.20,本共有部分之項目有防空避難室兼停車空間、台電配電室、開放空間、門廳、社區服務空間等五項。,鋼筋混凝土造,103年7月28日,二十四層,,持分移轉
RPTOMLMKJHLGFBJ38DA,11,33.22,本共有部分之項目有防空避難室兼停車空間、台電配電室、開放空間、門廳、社區服務空間等五項。,鋼筋混凝土造,103年7月28日,二十四層,,持分移轉
RPTOMLMKJHLGFBJ38DA,11,20.40,本共有部分之項目有梯間、機械室、中繼機房、水塔等四項。,鋼筋混凝土造,103年7月28日,二十四層,,持分移轉
RPVNMLQJJHLGFBJ78DA,32,73.00,住家用,鋼筋混凝土造,82年9月23日,十二層,六層 陽台 花台,全筆移轉
RPVNMLQJJHLGFBJ78DA,32,10.53,共有部分,鋼筋混凝土造,82年9月23日,十二層,,持分移轉
RPVNMLQJJHLGFBJ78DA,32,9.65,共有部分,鋼筋混凝土造,82年9月23日,十二層,,持分移轉
RPRNMLSJJHLGFBJ58DA,,28.54,本共有部分之項目有：防空避難室兼停車空間、停車空間、管理室、公共服務空間、儲藏室、電梯間、樓梯間、機房、消防中繼水箱、機械室、水箱等十一項。,鋼筋混凝土造,114年10月8日,十九層,,持分移轉
RPSNMLSJJHLGFBJ68DA,,28.54,本共有部分之項目有：防空避難室兼停車空間、停車空間、管理室、公共服務空間、儲藏室、電梯間、樓梯間、機房、消防中繼水箱、機械室、水箱等十一項。,鋼筋混凝土造,114年10月8日,十九層,,持分移轉
RPXNMLNKJHLGFBJ78DA,10,117.04,商業用,鋼筋混凝土造,105年6月8日,二十七層,一層 二層,全筆移轉
RPXNMLNKJHLGFBJ78DA,10,27.72,本共有部分之項目有管委會使用空間、樓梯間、機械室、水箱等四項,鋼筋混凝土造,105年6月8日,二十七層,,持分移轉
RPXNMLNKJHLGFBJ78DA,10,77.51,本共有部分之項目有防空避難室兼停車空間、停車空間等二項,鋼筋混凝土造,105年6月8日,二十七層,,持分移轉
RPUNMLSJJHLGFBJ88DA,,28.54,本共有部分之項目有：防空避難室兼停車空間、停車空間、管理室、公共服務空間、儲藏室、電梯間、樓梯間、機房、消防中繼水箱、機械室、水箱等十一項。,鋼筋混凝土造,114年10月8日,十九層,,持分移轉
RPXNMLSJJHLGFBJ56DA,,28.54,本共有部分之項目有：防空避難室兼停車空間、停車空間、管理室、公共服務空間、儲藏室、電梯間、樓梯間、機房、消防中繼水箱、機械室、水箱等十一項。,鋼筋混凝土造,114年10月8日,十九層,,持分移轉
RPVNMLSJJHLGFBJ98DA,,28.54,本共有部分之項目有：防空避難室兼停車空間、停車空間、管理室、公共服務空間、儲藏室、電梯間、樓梯間、機房、消防中繼水箱、機械室、水箱等十一項。,鋼筋混凝土造,114年10月8日,十九層,,持分移轉
RPTNMLSJJHLGFBJ78DA,,28.54,本共有部分之項目有：防空避難室兼停車空間、停車空間、管理室、公共服務空間、儲藏室、電梯間、樓梯間、機房、消防中繼水箱、機械室、水箱等十一項。,鋼筋混凝土造,114年10月8日,十九層,,持分移轉
RPWNMLSJJHLGFBJ09DA,,28.54,本共有部分之項目有：防空避難室兼停車空間、停車空間、管理室、公共服務空間、儲藏室、電梯間、樓梯間、機房、消防中繼水箱、機械室、水箱等十一項。,鋼筋混凝土造,114年10月8日,十九層,,持分移轉
RPQNMLOKJHLGFBJ18DA,5,149.20,集合住宅、停車空間,鋼筋混凝土造,110年3月31日,四層,一層 二層 三層 四層 陽台,全筆移轉
RPPOMLSJJHLGFBJ48DA,,28.54,本共有部分之項目有：防空避難室兼停車空間、停車空間、管理室、公共服務空間、儲藏室、電梯間、樓梯間、機房、消防中繼水箱、機械室、水箱等十一項。,鋼筋混凝土造,114年10月8日,十九層,,持分移轉
RPROMLSJJHLGFBJ68DA,,28.54,本共有部分之項目有：防空避難室兼停車空間、停車空間、管理室、公共服務空間、儲藏室、電梯間、樓梯間、機房、消防中繼水箱、機械室、水箱等十一項。,鋼筋混凝土造,114年10月8日,十九層,,持分移轉
RPOOMLSJJHLGFBJ38DA,,28.54,本共有部分之項目有：防空避難室兼停車空間、停車空間、管理室、公共服務空間、儲藏室、電梯間、樓梯間、機房、消防中繼水箱、機械室、水箱等十一項。,鋼筋混凝土造,114年10月8日,十九層,,持分移轉
RPROMLQKKIKGFBJ68DA,1,80.15,集合住宅,鋼筋混凝土造,113年11月7日,十四層,十層 陽台,全筆移轉
RPROMLQKKIKGFBJ68DA,1,76.21,本共有部分之項目有防空避難室兼停車空間、停車空間、公共服務空間、管委會空間、梯間、機房、水箱等七項。,鋼筋混凝土造,113年11月7日,十四層,,持分移轉
RPPNMLOKJHLGFDJ38EA,28,68.50,住家用,鋼筋混凝土造,87年2月10日,五層,四層 陽台,全筆移轉
RPPNMLOKJHLGFDJ38EA,28,10.72,共有部分,鋼筋混凝土造,87年2月10日,五層,,持分移轉
RPTNMLTJKIKGFBJ98DA,10,104.07,住家用,鋼筋混凝土造,104年8月9日,十四層,十三層 陽台 雨遮,全筆移轉
RPTNMLTJKIKGFBJ98DA,10,70.42,本共有部分之項目有防空避難室兼停車空間、停車空間、公共服務空間、樓梯間、水箱等五項,鋼筋混凝土造,104年8月9日,十四層,,持分移轉
RPXNMLMKJHLGFCJ78DA,2,56.73,辦公室,鋼筋混凝土造,112年10月3日,十四層,九層 陽台,全筆移轉
RPXNMLMKJHLGFCJ78DA,2,44.72,本共有部分之項目有停車空間、水箱、消防水箱、雨水回收槽、污水處理槽、雨污水機房、台電配電室、電信室、發電機房、開放空間、管委會使用空間等１１項,鋼筋混凝土造,112年10月3日,,,持分移轉
RPXNMLMKJHLGFCJ78DA,2,12.40,本共有部分之項目有梯間、消防水箱、水箱、升降機房等４項,鋼筋混凝土造,112年10月3日,十四層,,持分移轉
RPOOMLNKJHLGFBJ97DA,16,47.02,商業用,鋼筋混凝土造,99年2月8日,十八層,十五層 陽台,全筆移轉
RPOOMLNKJHLGFBJ97DA,16,45.30,共有部分,鋼筋混凝土造,99年2月8日,十八層,,持分移轉
RPVNMLQJJHLGFDJ98DA,30,169.56,住商用,鋼筋混凝土造,85年3月26日,四層,一層 二層 三層 四層 陽台,全筆移轉
RPPNMLOKJHLGFBJ18EA,15,86.59,住家用,鋼筋混凝土造,99年12月31日,十二層,二層 陽台 雨遮,全筆移轉
RPPNMLOKJHLGFBJ18EA,15,21.53,本共有部分之項目有梯間、水箱、機械室等三項,鋼筋混凝土造,99年12月31日,十二層,,持分移轉
RPPNMLOKJHLGFBJ18EA,15,36.75,本共有部分之項目有防空避難室、停車空間、頂蓋型廣場式開放空間、垃圾處理室、車道、公共服務空間等六項,鋼筋混凝土造,99年12月31日,十二層,,持分移轉
RPPNMLNKJHLGFBJ08EA,14,.03,商業用,鋼筋混凝土造,101年3月28日,二十四層,一層,持分移轉
RPPNMLNKJHLGFBJ08EA,14,96.96,住家用,鋼筋混凝土造,101年3月28日,二十四層,十二層 陽台 雨遮,全筆移轉
RPPNMLNKJHLGFBJ08EA,14,63.30,本共有部分之項目有防空避難室，停車空間，開放空間，垃圾集中場，社區公共服務空間等五項。,鋼筋混凝土造,101年3月28日,二十四層,,持分移轉
RPPNMLNKJHLGFBJ08EA,14,17.69,本共有部分之項目有防空避難室，停車空間，開放空間，垃圾集中場，社區公共服務空間等五項。,鋼筋混凝土造,101年3月28日,二十四層,,持分移轉
RPPNMLNKJHLGFBJ08EA,14,25.53,本共有部分之項目有梯間、中繼機房、機械室、水箱等四項。,鋼筋混凝土造,101年3月28日,二十四層,,持分移轉
RPUNMLQLKIKGFDJ56DA,,59.75,集合住宅,鋼筋混凝土造,114年10月9日,十三層,七層 陽台,全筆移轉
RPUNMLQLKIKGFDJ56DA,,57.32,防空避難室兼停車空間、蓄水池、消防泵浦室、雨污水機房、梯間、停車空間、電信室、台電配電場所、發電機房、垃圾儲藏室、管委會使用空間、公共服務空間、機械室、水箱等１４項,鋼筋混凝土造,114年10月9日,十三層,,持分移轉
RPPNMLQKJHLGFBJ38EA,22,149.91,住家用,鋼筋混凝土造,92年7月11日,九層,四層 陽台 雨遮,全筆移轉
RPPNMLQKJHLGFBJ38EA,22,113.56,共有部分,鋼筋混凝土造,92年7月11日,九層,,持分移轉
RPQOMLSJJHLGFBJ58DA,,28.54,本共有部分之項目有：防空避難室兼停車空間、停車空間、管理室、公共服務空間、儲藏室、電梯間、樓梯間、機房、消防中繼水箱、機械室、水箱等十一項。,鋼筋混凝土造,114年10月8日,十九層,,持分移轉
RPXNMLTKJHLGFBJ76DA,7,70.90,住家用,鋼筋混凝土造,108年4月16日,二十四層,二十三層 陽台,全筆移轉
RPXNMLTKJHLGFBJ76DA,7,45.44,本共有部分之項目有停車空間、防空避難室兼停車空間、管委會空間、防災空間等四項。,鋼筋混凝土造,108年4月16日,二十四層,,持分移轉
RPXNMLTKJHLGFBJ76DA,7,15.90,本共有部分之項目有梯間、機房、水箱等三項。,鋼筋混凝土造,108年4月16日,二十四層,,持分移轉
RPPNMLLLJHLGFBJ97EA,5,204.37,住家用,鋼筋混凝土造,110年1月5日,四層,一層 二層 三層 四層 陽台,全筆移轉
RPWNMLKLJHLGFBJ48DA,1,75.50,本共有部分之項目有防空避難室兼停車空間、停車空間、管委會空間、樓梯間、機械室、水箱等六項。,鋼筋混凝土造,114年5月5日,十二層,,持分移轉
RPVNMLKLJHLGFBJ38DA,1,37.75,本共有部分之項目有防空避難室兼停車空間、停車空間、管委會空間、樓梯間、機械室、水箱等六項。,鋼筋混凝土造,114年5月5日,十二層,,持分移轉
RPQNMLNKJHLGFCJ18DA,,343.52,住家用,鋼筋混凝土造,,四層,一層 二層 三層 四層 騎樓,全筆移轉
RPWNMLQKJHLGFBJ98DA,26,190.03,工業用,鋼筋混凝土造,88年8月25日,八層,八層,全筆移轉
RPWNMLQKJHLGFBJ98DA,26,32.70,共有部分,鋼筋混凝土造,88年8月25日,八層,,持分移轉
RPWNMLQKJHLGFBJ98DA,26,20.28,共有部分,鋼筋混凝土造,88年8月25日,八層,,持分移轉
RPWNMLTKJHLGFCJ76DA,,125.50,住家用,鋼筋混凝土造,,二層,一層 二層,全筆移轉
RPQNMLLLJHLGFCJ18EA,31,82.80,住家用,鋼筋混凝土造,84年5月19日,十二層,四層 陽台 花台,全筆移轉
RPQNMLLLJHLGFCJ18EA,31,10.59,共有部分,鋼筋混凝土造,84年5月19日,十二層,,持分移轉
RPQNMLLLJHLGFCJ18EA,31,11.66,共有部分,鋼筋混凝土造,84年5月19日,十二層,,持分移轉
RPUNMLQKJHLGFBJ78DA,,86.58,住家用,加強磚造,,二層,一層 二層 騎樓,持分移轉
RPTNMLLLJHLGFBJ28DA,17,.03,商業用,鋼筋混凝土造,98年5月4日,十五層,一層,持分移轉
RPTNMLLLJHLGFBJ28DA,17,98.83,住家用,鋼筋混凝土造,98年5月4日,十五層,十二層 陽台 雨遮,全筆移轉
RPTNMLLLJHLGFBJ28DA,17,64.20,共有部分,鋼筋混凝土造,98年5月4日,十五層,,持分移轉
RPTNMLLLJHLGFBJ28DA,17,8.79,共有部分,鋼筋混凝土造,98年5月4日,十五層,,持分移轉
RPTNMLLLJHLGFBJ28DA,17,.01,共有部分,鋼筋混凝土造,98年5月4日,十五層,,持分移轉
RPTNMLLLJHLGFBJ28DA,17,31.09,共有部分,鋼筋混凝土造,98年5月4日,十五層,,持分移轉
RPQNMLQLJHLGFCJ68EA,57,66.61,住家用,加強磚造,58年3月1日,三層,一層 二層,全筆移轉
RPPNMLQKJHLGFBJ28DA,47,85.50,住家用,加強磚造,67年10月4日,二層,一層 二層,全筆移轉
RPSNMLQLJHLGFBJ68DA,,119.12,住家用,鋼筋混凝土造,,五層,二層 陽台,全筆移轉
RPSNMLQLJHLGFBJ68DA,,12.04,共有部分,鋼筋混凝土造,,五層,,持分移轉
RPSNMLQLJHLGFBJ68DA,,35.85,共有部分,鋼筋混凝土造,,地下層,,持分移轉
RPOOMLKLJHLGFBJ77DA,21,117.74,住家用,鋼筋混凝土造,93年7月5日,十三層,二層 陽台 雨遮,全筆移轉
RPOOMLKLJHLGFBJ77DA,21,.03,守衛室,鋼筋混凝土造,93年7月5日,十三層,一層,持分移轉
RPOOMLKLJHLGFBJ77DA,21,12.46,共有部分,鋼筋混凝土造,93年7月5日,十三層,,持分移轉
RPOOMLKLJHLGFBJ77DA,21,.00,共有部分,鋼筋混凝土造,93年7月5日,十三層,,持分移轉
RPOOMLKLJHLGFBJ77DA,21,19.43,共有部分,鋼筋混凝土造,93年7月5日,十三層,,持分移轉
RPOOMLKLJHLGFBJ77DA,21,20.64,共有部分,鋼筋混凝土造,93年7月5日,十三層,,持分移轉
RPQNMLMLKIKGFDJ38DA,27,117.99,商業用,鋼筋混凝土造,88年5月20日,五層,一層,全筆移轉
RPQNMLMLKIKGFDJ38DA,27,17.62,梯間,鋼筋混凝土造,88年5月20日,五層,,持分移轉
RPTNMLNLJHLGFCJ58DA,1,85.20,辦公室,鋼筋混凝土造,113年7月29日,十四層,十層 陽台,全筆移轉
RPTNMLNLJHLGFCJ58DA,1,49.75,本共有部分之項目有停車空間、水箱、消防水箱、雨水回收槽、污水處理槽、消防機房、雨污水機房、台電配電室、電信室、發電機房、開放空間、管委會使用空間等１２項,鋼筋混凝土造,113年7月29日,十四層,,持分移轉
RPTNMLNLJHLGFCJ58DA,1,18.78,本共有部分之項目有梯間、消防水箱、水箱、昇降機房等４項,鋼筋混凝土造,113年7月29日,十四層,,持分移轉
RPQNMLNLKIKGFDJ48DA,27,117.99,住家用,鋼筋混凝土造,88年5月20日,五層,二層,全筆移轉
RPQNMLNLKIKGFDJ48DA,27,17.62,梯間,鋼筋混凝土造,88年5月20日,五層,,持分移轉
RPQNMLPJJHLGFBJ18DA,17,20.47,住家用,鋼筋混凝土造,98年4月29日,四層,一層 陽台,全筆移轉
RPQNMLPJJHLGFBJ18DA,17,6.31,本共有部分之項目有機電空間、停車空間、梯間等三項。,鋼筋混凝土造,98年4月29日,四層,,持分移轉
RPOOMLMLJHLGFBJ97DA,15,91.27,住家用,鋼筋混凝土造,99年12月14日,十三層,五層 陽台 雨遮,全筆移轉
RPOOMLMLJHLGFBJ97DA,15,47.05,本共有部分之項目有防空避難室、停車空間、垃圾處理室、管理空間、廣場式開放空間、蓄水池、消防泵浦室等七項,鋼筋混凝土造,99年12月14日,十五層,,持分移轉
RPOOMLMLJHLGFBJ97DA,15,17.21,本共有部分之項目有梯間等一項,鋼筋混凝土造,99年12月14日,十三層,,持分移轉
RPVOMLNLJHLGFCJ88DA,1,57.82,辦公室,鋼筋混凝土造,113年12月26日,十四層,五層 陽台,全筆移轉
RPVOMLNLJHLGFCJ88DA,1,46.03,本共有部分之項目有：停車空間、水箱、消防水箱、雨水回收槽、污水處理槽、消防機房、雨污水機房、台電配電室、電信室、發電機房、開放空間、管委會使用空間等１２項,鋼筋混凝土造,113年12月26日,十四層,,持分移轉
RPVOMLNLJHLGFCJ88DA,1,12.94,本共有部分之項目有：梯間、消防水箱、水箱、升降機房等４項,鋼筋混凝土造,113年12月26日,十四層,,持分移轉
RPTNMLNLJHLGFBJ48DA,8,100.54,住家用,鋼筋混凝土造,106年12月26日,十五層,五層 陽台,全筆移轉
RPSPMLLLJHLGFDJ58DA,,68.56,集合住宅,鋼筋混凝土造,114年7月25日,八層,七層 陽台,全筆移轉
RPTNMLNLJHLGFBJ48DA,8,77.80,本共有部分之項目有停車空間、管委會、樓梯間、機械室等４項。,鋼筋混凝土造,106年12月26日,十五層,,持分移轉
RPSPMLLLJHLGFDJ58DA,,47.07,本共有部分之項目有防空避難室兼停車空間、消防幫浦室、台電配電室發電機室、停車空間、管委會、梯廳、集合住宅、樓梯間等８項,鋼筋混凝土造,114年7月25日,八層,,持分移轉
RPVNMLLKKIKGFBJ48DA,20,85.27,住家用,鋼筋混凝土造,94年11月16日,十二層,十一層 陽台 雨遮,全筆移轉
RPVNMLLKKIKGFBJ48DA,20,11.61,共有部分,鋼筋混凝土造,94年11月16日,十三層,,持分移轉
RPVNMLLKKIKGFBJ48DA,20,13.75,共有部分,鋼筋混凝土造,94年11月16日,十三層,,持分移轉
RPPNMLSLKIKGFBJ68DA,11,.45,商業用,鋼筋混凝土造,103年10月9日,十九層,一層,持分移轉
RPPNMLSLKIKGFBJ68DA,11,.43,商業用,鋼筋混凝土造,103年10月9日,十九層,一層,持分移轉
RPPNMLSLKIKGFBJ68DA,11,88.93,住家用,鋼筋混凝土造,103年10月9日,十八層,十層 陽台 雨遮,全筆移轉
RPPNMLSLKIKGFBJ68DA,11,.00,本共有部分之項目有防空避難室兼停車空間、店舖、廣場式頂蓋型開放空間、梯間、水箱、機械室等六項,鋼筋混凝土造,103年10月9日,十九層,,持分移轉
RPPNMLSLKIKGFBJ68DA,11,.00,本共有部分之項目有防空避難室兼停車空間、店舖、廣場式頂蓋型開放空間、梯間、水箱、機械室等六項,鋼筋混凝土造,103年10月9日,十九層,,持分移轉
RPPNMLSLKIKGFBJ68DA,11,104.73,本共有部分之項目有防空避難室兼停車空間、店舖、廣場式頂蓋型開放空間、梯間、水箱、機械室等六項,鋼筋混凝土造,103年10月9日,十九層,,持分移轉
RPQNMLNLJHLGFDJ38DA,8,137.12,店舖,鋼骨造,107年4月17日,一層,一層,全筆移轉
RPUNMLMLJHLGFCJ68EA,32,93.93,住家用,鋼筋混凝土造,82年7月29日,十二層,四層 陽台 花台,全筆移轉
RPUNMLMLJHLGFCJ68EA,32,16.07,共有部分,鋼筋混凝土造,82年7月29日,十二層,,持分移轉
RPUNMLMLJHLGFCJ68EA,32,12.77,共有部分,鋼筋混凝土造,82年7月29日,十二層,,持分移轉
RPUNMLLLJHLGFCJ48DA,20,23.09,住家用,鋼筋混凝土造,94年11月30日,十一層,八層,全筆移轉
RPUNMLLLJHLGFCJ48DA,20,3.54,共有部分,鋼筋混凝土造,94年11月30日,十一層,,持分移轉
RPUNMLLLJHLGFCJ48DA,20,2.34,共有部分,鋼筋混凝土造,94年11月30日,十一層,,持分移轉
RPUNMLLLJHLGFCJ48DA,20,6.77,共有部分,鋼筋混凝土造,94年11月30日,十一層,,持分移轉
RPVOMLMKJHLGFDJ78DA,,124.42,農舍,加強磚造,,一層,一層,全筆移轉
RPQNMLSKKIKGFDJ88DA,,103.74,住家用,加強磚造,,三層,一層 騎樓,全筆移轉
RPPOMLSKKIKGFCJ78DA,30,81.86,住家用,鋼筋混凝土造,85年5月7日,十二層,九層 陽台,全筆移轉
RPPOMLSKKIKGFCJ78DA,30,20.33,共有部分,鋼筋混凝土造,85年5月7日,十二層,,持分移轉
RPRNMLSKKIKGFDJ98DA,,207.48,住家用,加強磚造,,三層,二層 三層,全筆移轉
RPPOMLSKKIKGFCJ78DA,30,6.23,共有部分,鋼筋混凝土造,85年5月7日,十二層,,持分移轉
RPUNMLMLJHLGFCJ58DA,26,77.52,住家用,鋼筋混凝土造,89年4月27日,五層,二層 陽台,全筆移轉
RPUNMLMLJHLGFCJ58DA,26,13.02,共有部分,鋼筋混凝土造,89年4月27日,五層,,持分移轉
RPUNMLMLJHLGFCJ58DA,26,9.26,停車空間,鋼筋混凝土造,89年4月27日,五層,,持分移轉
RPTNMLMLKIKGFDJ68DA,1,70.31,集合住宅,鋼筋混凝土造,114年1月20日,十層,五層 陽台,全筆移轉
RPTNMLMLKIKGFDJ68DA,1,31.28,本共有部分之項目有停車空間、機械室、管委會空間、樓梯間、集合住宅等５項,鋼筋混凝土造,114年1月20日,十層,,持分移轉
RPQOMLMLJHLGFDJ38DA,12,210.25,住宅、店舖、停車空間,鋼筋混凝土造,102年11月7日,四層,一層 二層 三層 四層 陽台 屋頂突出物 雨遮,全筆移轉
RPQNMLKMJHLGFCJ08DA,7,.02,店舖,鋼筋混凝土造,108年3月4日,十四層,一層,持分移轉
RPQNMLKMJHLGFCJ08DA,7,.00,本共有部分項目有：樓電梯間、電梯間、樓梯間、消防水箱、水箱、昇降機房等共六項,鋼筋混凝土造,108年3月4日,十四層,,持分移轉
RPQNMLKMJHLGFCJ08DA,7,26.01,本共有部分項目有：停車空間、清水池、污水處理槽、機械室、台電配電室、電信室、開放空間、守衛室、發電機室等共九項,鋼筋混凝土造,108年3月4日,十四層,,持分移轉
RPSNMLTKKIKGFCJ09DA,,139.50,住家用,鋼筋混凝土造,,三層,一層 二層 三層,全筆移轉
RPXNMLQLJHLGFBJ56DA,14,97.63,住家用,鋼筋混凝土造,101年5月31日,十三層,二層 陽台 雨遮,全筆移轉
RPXNMLQLJHLGFBJ56DA,14,87.07,本共有部分之項目有防空避難室，停車空間，廣場式開放空間，垃圾儲藏空間，沿街式開放空間等五項。,鋼筋混凝土造,101年5月31日,十四層,,持分移轉
RPXNMLQLJHLGFBJ56DA,14,15.40,本共有部分之項目有樓梯間、水箱、機械室等三項。,鋼筋混凝土造,101年5月31日,十三層,,持分移轉
RPPQMLRLJHLGFCJ88DA,30,230.47,住家用,鋼筋混凝土造,84年9月21日,三層,一層 二層 三層 陽台 平台 地下層,全筆移轉
RPSNMLKMJHLGFDJ38DA,10,42.58,集合住宅,鋼筋混凝土造,105年6月13日,五層,五層 陽台 雨遮,全筆移轉
RPSNMLKMJHLGFDJ38DA,10,24.53,本共有部分之項目有停車空間、樓梯間、機房等三項。,鋼筋混凝土造,105年6月13日,五層,,持分移轉
RPUOMLKMJHLGFCJ58DA,,132.64,住家用,加強磚造,,二層,一層 二層,全筆移轉
RPTNMLKMJHLGFDJ48DA,,17.85,住家用,鋼筋混凝土造,,五層,一層,全筆移轉
RPTNMLKMJHLGFDJ48DA,,11.11,梯間,鋼筋混凝土造,,五層,,持分移轉
RPQNMLLKKIKGFDJ18DA,3,141.60,集合住宅,鋼筋混凝土造,111年6月14日,三層,一層 二層 三層 陽台,全筆移轉
RPQNMLLKKIKGFDJ18DA,3,.42,本共有部分之項目有電信室、社區門廳等２項,鋼筋混凝土造,111年6月14日,一層,,持分移轉
RPUNMLPJJHLGFBJ58DA,17,.03,商業用,鋼筋混凝土造,98年5月4日,十五層,一層,持分移轉
RPUNMLPJJHLGFBJ58DA,17,101.16,住家用,鋼筋混凝土造,98年5月4日,十五層,十二層 陽台 雨遮,全筆移轉
RPUNMLPJJHLGFBJ58DA,17,64.20,共有部分,鋼筋混凝土造,98年5月4日,十五層,,持分移轉
RPUNMLPJJHLGFBJ58DA,17,8.94,共有部分,鋼筋混凝土造,98年5月4日,十五層,,持分移轉
RPUNMLPJJHLGFBJ58DA,17,.01,共有部分,鋼筋混凝土造,98年5月4日,十五層,,持分移轉
RPUNMLPJJHLGFBJ58DA,17,31.81,共有部分,鋼筋混凝土造,98年5月4日,十五層,,持分移轉
RPVNMLMJKHLGFCJ58DA,20,654.86,住商用,鋼筋混凝土造,95年4月10日,四層,一層 二層 三層 四層 陽台 屋頂突出物,全筆移轉
RPPNMLMJKHLGFCJ08EA,1,86.20,辦公室,鋼筋混凝土造,113年12月26日,十四層,二層 陽台,全筆移轉
RPPNMLMJKHLGFCJ08EA,1,52.20,本共有部分之項目有：停車空間、水箱、消防水箱、雨水回收槽、污水處理槽、消防機房、雨污水機房、台電配電室、電信室、發電機房、開放空間、管委會使用空間等１２項,鋼筋混凝土造,113年12月26日,十四層,,持分移轉
RPPNMLMJKHLGFCJ08EA,1,18.64,本共有部分之項目有：梯間、消防水箱、水箱、升降機房等４項,鋼筋混凝土造,113年12月26日,十四層,,持分移轉
RPUNMLMJKHLGFCJ48DA,11,87.00,辦公室,鋼筋混凝土造,104年3月25日,十四層,十層 陽台,全筆移轉
RPUNMLMJKHLGFCJ48DA,11,.02,辦公室,鋼筋混凝土造,104年3月25日,十四層,一層,持分移轉
RPUNMLMJKHLGFCJ48DA,11,18.33,共有部分,鋼筋混凝土造,104年3月25日,十四層,,持分移轉
RPUNMLMJKHLGFCJ48DA,11,.00,共有部分,鋼筋混凝土造,104年3月25日,十四層,,持分移轉
RPUNMLMJKHLGFCJ48DA,11,20.34,共有部分,鋼筋混凝土造,104年3月25日,十五層,,持分移轉
RPUNMLMJKHLGFCJ48DA,11,27.00,共有部分,鋼筋混凝土造,104年3月25日,十五層,,持分移轉
RPTNMLMJKHLGFBJ38EA,14,220.93,住家用,鋼筋混凝土造,101年2月7日,三層,一層 二層 三層 陽台 屋頂突出物 雨遮,全筆移轉
RPSQMLMJKHLGFBJ48DA,7,97.47,住家用,鋼筋混凝土造,108年4月16日,二十四層,九層 陽台,全筆移轉
RPSQMLMJKHLGFBJ48DA,7,51.95,本共有部分之項目有停車空間、防空避難室兼停車空間、管委會空間、防災空間等四項。,鋼筋混凝土造,108年4月16日,二十四層,,持分移轉
RPSQMLMJKHLGFBJ48DA,7,21.86,本共有部分之項目有梯間、機房、水箱等三項。,鋼筋混凝土造,108年4月16日,二十四層,,持分移轉
RPPNMLOLJHLGFBJ18DA,18,.54,管理員室,鋼筋混凝土造,96年6月25日,十四層,一層 陽台,持分移轉
RPPNMLOLJHLGFBJ18DA,18,96.13,住家用,鋼筋混凝土造,96年6月25日,十四層,十二層 陽台 雨遮,全筆移轉
RPPNMLOLJHLGFBJ18DA,18,.03,共有部分,鋼筋混凝土造,96年6月25日,十四層,,持分移轉
RPPNMLOLJHLGFBJ18DA,18,23.72,共有部分,鋼筋混凝土造,96年6月25日,十四層,,持分移轉
RPPNMLOLJHLGFBJ18DA,18,57.62,共有部分,鋼筋混凝土造,96年6月25日,十四層,,持分移轉
RPPNMLOLJHLGFBJ18DA,18,9.41,共有部分,鋼筋混凝土造,96年6月25日,十四層,,持分移轉
RPUNMLNLJHLGFCJ68DA,12,225.50,住宅、停車空間,鋼筋混凝土造,103年1月2日,五層,一層 二層 三層 四層 五層 陽台,全筆移轉
RPUNMLOJKHLGFBJ58DA,2,153.75,集合住宅,鋼筋混凝土造,112年8月2日,二十二層,九層 陽台,全筆移轉
RPUNMLOJKHLGFBJ58DA,2,145.98,本共有部分之項目有防空避難室兼停車空間、機械室、停車空間、台電配電室、管理員室、車道、公共服務空間、集中垃圾貯存空間、樓梯間、水錶室、水箱等十一項。,鋼筋混凝土造,112年8月2日,二十二層,,持分移轉
RPRNMLPJKHLGFBJ38DA,11,143.60,辦公室,鋼筋混凝土造,103年10月15日,十一層,三層 陽台,全筆移轉
RPRNMLPJKHLGFBJ38DA,11,163.73,本共有部分之項目有防空避難室兼停車空間、停車場、守衛室、開放空間、樓梯間、水箱、機械室等七項,鋼筋混凝土造,103年10月15日,十一層,,持分移轉
RPOOMLNLJHLGFCJ18DA,,105.70,住家用,加強磚造,,二層,一層 二層,全筆移轉
RPOOMLKMJHLGFDJ08DA,,94.56,住家用,加強磚造,,二層,一層 二層,全筆移轉
RPXNMLNJKHLGFBJ78DA,27,185.83,住家用,鋼筋混凝土造,88年1月21日,四層,一層 二層 三層 四層 陽台 平台 雨遮,全筆移轉
RPRQMLOKJHLGFDJ78DA,6,81.62,集合住宅,鋼筋混凝土造,108年12月24日,十五層,十四層 陽台 雨遮,全筆移轉
RPRQMLOKJHLGFDJ78DA,6,3.27,共有部分,鋼筋混凝土造,108年12月24日,十五層,,持分移轉
RPRQMLOKJHLGFDJ78DA,6,19.81,共有部分,鋼筋混凝土造,108年12月24日,十五層,,持分移轉
RPRQMLOKJHLGFDJ78DA,6,43.57,共有部分,鋼筋混凝土造,108年12月24日,十五層,,持分移轉
RPXNMLPJKHLGFCJ09DA,30,83.58,住家用,鋼筋混凝土造,85年5月6日,九層,一層 陽台,全筆移轉
RPPOMLTJJHLGFBJ58DA,51,167.81,住宅,加強磚造,63年7月22日,二層,一層 二層 陽台 騎樓,全筆移轉
RPXNMLPJKHLGFCJ09DA,30,12.65,共有部分,鋼筋混凝土造,85年5月6日,十層,,持分移轉
RPXNMLPJKHLGFCJ09DA,30,25.50,共有部分,鋼筋混凝土造,85年5月6日,十層,,持分移轉
RPPNMLNJKHLGFBJ08EA,18,35.64,商業用,鋼筋混凝土造,97年6月9日,九層,九層 陽台 雨遮,全筆移轉
RPPNMLNJKHLGFBJ08EA,18,.08,管理員室,鋼筋混凝土造,97年6月9日,九層,一層,持分移轉
RPPNMLNJKHLGFBJ08EA,18,10.57,共有部分,鋼筋混凝土造,97年6月9日,九層,,持分移轉
RPPNMLNJKHLGFBJ08EA,18,5.03,共有部分,鋼筋混凝土造,97年6月9日,九層,,持分移轉
RPPNMLNJKHLGFBJ08EA,18,9.09,共有部分,鋼筋混凝土造,97年6月9日,九層,,持分移轉
RPRNMLKMJHLGFBJ08DA,20,30.89,商業用,鋼筋混凝土造,95年2月23日,十二層,五層 雨遮,全筆移轉
RPRNMLKMJHLGFBJ08DA,20,4.76,共有部分,鋼筋混凝土造,95年2月23日,十二層,,持分移轉
RPRNMLKMJHLGFBJ08DA,20,4.31,共有部分,鋼筋混凝土造,95年2月23日,十二層,,持分移轉
RPXNMLMLJHLGFDJ98DA,4,68.59,集合住宅,鋼筋混凝土造,110年12月8日,五層,五層 陽台,全筆移轉
RPXNMLMLJHLGFDJ98DA,4,20.37,本共有部分之項目有停車空間、樓梯間等２項,鋼筋混凝土造,110年12月8日,五層,,持分移轉
RPQNMLTJKHLGFBJ68DA,,88.27,農舍,加強磚造,,一層,一層 屋頂突出物,全筆移轉
RPVNMLOJKHLGFBJ68DA,10,74.16,住家用,鋼筋混凝土造,105年6月6日,十四層,四層 陽台 雨遮,全筆移轉
RPVNMLOJKHLGFBJ68DA,10,81.13,本共有部分之項目有台電配電室、停車空間、管理員室、防空避難室兼停車空間、辦公室、機械室、水箱、樓梯間、排煙室、電梯機房、水錶箱室等十一項。,鋼筋混凝土造,105年6月6日,十四層,,持分移轉
RPVNMLOJKHLGFBJ68DA,10,11.29,本共有部分之項目有樓梯間等一項。,鋼筋混凝土造,105年6月6日,十四層,,持分移轉
RPSNMLTJJHLGFBJ78DA,1,74.79,集合住宅,鋼筋混凝土造,114年4月28日,十五層,五層 陽台,全筆移轉
RPSNMLTJJHLGFBJ78DA,1,51.28,本共有部分之項目有防空避難室兼停車空間、騎樓（連續性前廊）、停車空間、樓電梯間、管委會空間等五項。,鋼筋混凝土造,114年4月28日,十五層,,持分移轉
RPSNMLTJJHLGFBJ78DA,1,17.12,本共有部分之項目有梯間、消防水池、水錶區、電梯機械室、水箱等五項。,鋼筋混凝土造,114年4月28日,十五層,,持分移轉
RPUNMLRJJHLGFDJ98DA,27,83.66,農舍,鋼筋混凝土加強磚造,88年5月13日,一層,一層 屋頂突出物,全筆移轉
RPVOMLTLJHLGFDJ96DA,31,112.77,住家用,鋼筋混凝土造,83年12月16日,五層,二層 陽台,全筆移轉
RPVOMLTLJHLGFDJ96DA,31,17.80,共有部分,鋼筋混凝土造,83年12月16日,五層,,持分移轉
RPVOMLTLJHLGFDJ96DA,31,4.72,共有部分,鋼筋混凝土造,83年12月16日,五層,,持分移轉
RPXNMLKKKHLGFBJ58DA,1,89.84,集合住宅,鋼筋混凝土造,113年8月13日,十四層,八層 陽台,全筆移轉
RPXNMLKKKHLGFBJ58DA,1,88.21,本共有部分之項目有防空避難室、停車空間、管委會、公共服務空間、樓梯間、水箱、機械室等七項。,鋼筋混凝土造,113年8月13日,十四層,,持分移轉
RPVNMLQLKIKGFDJ66DA,5,38.87,集合住宅,鋼筋混凝土造,109年8月4日,六層,五層 陽台,全筆移轉
RPVNMLQLKIKGFDJ66DA,5,18.38,共有部分,鋼筋混凝土造,109年8月4日,六層,,持分移轉
RPXOMLRLJHLGFBJ76DA,10,112.69,本共有部分之項目有停車空間、防空避難室兼停車空間、管理員室開放空間、公共服務空間、梯間、樓梯間、機械室、水箱等八項。,鋼筋混凝土造,104年11月16日,十四層,,持分移轉
RPXOMLRLJHLGFBJ76DA,10,103.93,住家用,鋼筋混凝土造,104年11月16日,十四層,四層 陽台 雨遮,全筆移轉
RPSNMLNKJHLGFBJ28DA,7,88.90,住家用,鋼筋混凝土造,108年1月23日,十五層,九層 陽台 雨遮,全筆移轉
RPSNMLNKJHLGFBJ28DA,7,68.45,本共有部分之項目有防空避難室兼停車空間、停車空間、公共服務空間、管理室、樓梯間、水箱、機械室等七項。,鋼筋混凝土造,108年1月23日,十五層,,持分移轉
RPXNMLKLJHLGFCJ68DA,9,88.07,集合住宅,鋼筋混凝土造,105年9月29日,七層,三層 陽台,全筆移轉
RPRNMLMJKHLGFCJ28EA,31,100.26,住家用,鋼筋混凝土造,83年11月23日,七層,一層 平台,全筆移轉
RPXNMLKLJHLGFCJ68DA,9,18.72,本共有部分之項目有梯廳、樓梯電梯間、水箱、機械室等四項,鋼筋混凝土造,105年9月29日,七層,,持分移轉
RPRNMLMJKHLGFCJ28EA,,56.58,共有部分,鋼筋混凝土造,,七層,,持分移轉
RPXNMLKLJHLGFCJ68DA,9,20.12,本共有部分之項目有停車空間、設備空間、樓梯間、門廊、電梯間、發電機室、消防機械室、車道、水箱、電信室、台電配電室、公共服務空間等１２項,鋼筋混凝土造,105年9月29日,七層,,持分移轉
RPPOMLTJKHLGFBJ68DA,1,66.55,集合住宅,鋼筋混凝土造,114年4月28日,十五層,九層 陽台,全筆移轉
RPPOMLTJKHLGFBJ68DA,1,48.98,本共有部分之項目有防空避難室兼停車空間、騎樓（連續性前廊）、停車空間、樓電梯間、管委會空間等五項。,鋼筋混凝土造,114年4月28日,十五層,,持分移轉
RPPOMLTJKHLGFBJ68DA,1,15.25,本共有部分之項目有梯間、消防水池、水錶區、電梯機械室、水箱等五項。,鋼筋混凝土造,114年4月28日,十五層,,持分移轉
RPSNMLKKKHLGFBJ08DA,12,113.72,住家用,鋼筋混凝土造,102年8月2日,十四層,十層 陽台 雨遮,全筆移轉
RPSNMLKKKHLGFBJ08DA,12,114.02,本共有部分之項目有防空避難室兼停車空間、有頂蓋式開放空間、梯間、水箱、機械室等五項。,鋼筋混凝土造,102年8月2日,十四層,,持分移轉
RPPNMLLKKHLGFDJ18EA,8,50.58,集合住宅,鋼筋混凝土造,106年10月20日,七層,一層 陽台 雨遮,全筆移轉
RPPNMLLKKHLGFDJ18EA,8,7.54,本共有部分之項目有安全梯間、梯廳、昇降機間等３項,鋼筋混凝土造,106年10月20日,七層,,持分移轉
RPPNMLLKKHLGFDJ18EA,8,30.09,本共有部分之項目有停車空間、安全梯間、梯廳、昇降機間、台電配電室、發電機室、電信室、水箱、消防機房、污水機房等１０項,鋼筋混凝土造,106年10月20日,七層,,持分移轉
RPXNMLTLJHLGFDJ07DA,20,153.09,停車空間．住宅,鋼筋混凝土造,94年6月20日,四層,一層 二層 三層 四層 陽台,全筆移轉
RPSOMLSJJHLGFBJ78DA,,28.54,本共有部分之項目有：防空避難室兼停車空間、停車空間、管理室、公共服務空間、儲藏室、電梯間、樓梯間、機房、消防中繼水箱、機械室、水箱等十一項。,鋼筋混凝土造,114年10月8日,十九層,,持分移轉
RPTOMLSJJHLGFBJ88DA,,28.54,本共有部分之項目有：防空避難室兼停車空間、停車空間、管理室、公共服務空間、儲藏室、電梯間、樓梯間、機房、消防中繼水箱、機械室、水箱等十一項。,鋼筋混凝土造,114年10月8日,十九層,,持分移轉
RPUOMLSJJHLGFBJ98DA,,28.54,本共有部分之項目有：防空避難室兼停車空間、停車空間、管理室、公共服務空間、儲藏室、電梯間、樓梯間、機房、消防中繼水箱、機械室、水箱等十一項。,鋼筋混凝土造,114年10月8日,十九層,,持分移轉
RPUOMLSJJHLGFBJ98DA,,28.54,本共有部分之項目有：防空避難室兼停車空間、停車空間、管理室、公共服務空間、儲藏室、電梯間、樓梯間、機房、消防中繼水箱、機械室、水箱等十一項。,鋼筋混凝土造,114年10月8日,十九層,,持分移轉
RPSOMLTJKHLGFDJ56DA,8,61.75,集合住宅,鋼筋混凝土造,106年9月21日,七層,四層 陽台 雨遮,全筆移轉
RPSOMLTJKHLGFDJ56DA,8,16.35,本共有部分之項目有梯間、電梯機房、消防設備室等３項,鋼筋混凝土造,106年9月21日,七層,,持分移轉
RPSOMLTJKHLGFDJ56DA,8,8.11,本共有部分之項目有騎樓、停車空間等２項,鋼筋混凝土造,106年9月21日,七層,,持分移轉
RPWNMLKKKHLGFBJ48DA,22,60.43,住家用,鋼筋混凝土造,93年1月19日,十層,九層 陽台 雨遮,全筆移轉
RPWNMLKKKHLGFBJ48DA,22,.07,警室,鋼筋混凝土造,93年1月19日,十層,一層,持分移轉
RPWNMLKKKHLGFBJ48DA,22,11.76,共有部分,鋼筋混凝土造,93年1月19日,十層,,持分移轉
RPWNMLKKKHLGFBJ48DA,22,27.77,共有部分,鋼筋混凝土造,93年1月19日,十層,,持分移轉
RPPNMLSKKIKGFBJ58DA,20,98.54,住家用,鋼筋混凝土造,94年8月4日,十四層,四層 陽台 雨遮,全筆移轉
RPWNMLKKKHLGFBJ48DA,22,8.35,共有部分,鋼筋混凝土造,93年1月19日,十層,,持分移轉
RPPNMLSKKIKGFBJ58DA,20,2.64,管理委員辦公室,鋼筋混凝土造,94年8月4日,十四層,一層,持分移轉
RPPNMLSKKIKGFBJ58DA,20,45.19,共有部分,鋼筋混凝土造,94年8月4日,十四層,,持分移轉
RPPNMLSKKIKGFBJ58DA,20,12.40,共有部分,鋼筋混凝土造,94年8月4日,十四層,,持分移轉
RPQNMLNJKHLGFCJ28EA,3,239.03,住家用,鋼筋混凝土造,111年10月28日,五層,一層 二層 三層 四層 五層 陽台,全筆移轉
RPVNMLMJKHLGFDJ68DA,12,72.00,集合住宅,鋼筋混凝土造,102年6月10日,五層,三層 陽台 雨遮,全筆移轉
RPVNMLMJKHLGFDJ68DA,12,12.03,停車空間,鋼筋混凝土造,102年6月10日,五層,,持分移轉
RPVNMLMJKHLGFDJ68DA,12,10.41,本共部分之項目有樓梯間及電梯機房等二項,鋼筋混凝土造,102年6月10日,五層,,持分移轉
RPXOMLNJKHLGFDJ09DA,6,55.24,集合住宅,鋼筋混凝土造,109年1月16日,五層,四層 陽台,全筆移轉
RPSOMLQJKHLGFCJ78DA,27,264.67,住家用,鋼筋混凝土造,87年12月28日,三層,一層 二層 三層 陽台 屋頂突出物,全筆移轉
RPXOMLNJKHLGFDJ09DA,6,52.33,共有部分,鋼筋混凝土造,109年1月16日,五層,,持分移轉
RPQNMLSLJHLGFCJ78DA,1,84.69,辦公室,鋼筋混凝土造,113年7月29日,十四層,四層 陽台,全筆移轉
RPQNMLSLJHLGFCJ78DA,1,49.50,本共有部分之項目有停車空間、水箱、消防水箱、雨水回收槽、污水處理槽、消防機房、雨污水機房、台電配電室、電信室、發電機房、開放空間、管委會使用空間等１２項,鋼筋混凝土造,113年7月29日,十四層,,持分移轉
RPQNMLSLJHLGFCJ78DA,1,18.65,本共有部分之項目有梯間、消防水箱、水箱、昇降機房等４項,鋼筋混凝土造,113年7月29日,十四層,,持分移轉
RPWOMLTJKIKGFBJ76DA,9,64.37,住家用,鋼筋混凝土造,105年6月8日,二十七層,十一層 陽台 雨遮,全筆移轉
RPWOMLTJKIKGFBJ76DA,9,20.06,本共有部分之項目有管委會使用空間、樓梯間、機械室、水箱等四項,鋼筋混凝土造,105年6月8日,二十七層,,持分移轉
RPUNMLMJJHLGFBJ28DA,1,82.28,集合住宅,鋼筋混凝土造,113年11月7日,十三層,四層 陽台,全筆移轉
RPWOMLTJKIKGFBJ76DA,9,36.48,本共有部分之項目有防空避難室兼停車空間、停車空間等二項,鋼筋混凝土造,105年6月8日,二十七層,,持分移轉
RPUNMLMJJHLGFBJ28DA,1,77.37,本共有部分之項目有防空避難室兼停車空間、停車空間、公共服務空間、管委會空間、梯間、機房、水箱等七項。,鋼筋混凝土造,113年11月7日,十四層,,持分移轉
RPSNMLOJKHLGFDJ58DA,23,144.80,住商用,鋼筋混凝土造,91年6月10日,四層,一層 二層 三層 四層 陽台 屋頂突出物 騎樓,持分移轉
RPRNMLTJKHLGFDJ98DA,20,7.53,梯間、水箱,鋼筋混凝土造,95年3月8日,五層,,持分移轉
RPRNMLTJKHLGFDJ98DA,20,73.52,住家用,鋼筋混凝土造,95年3月8日,五層,四層 陽台,全筆移轉
RPXNMLQJKHLGFDJ66DA,1,81.43,集合住宅,鋼筋混凝土造,113年8月1日,十五層,十五層 陽台,全筆移轉
RPXNMLQJKHLGFDJ66DA,1,68.43,本共有部分之項目有停車空間、防空避難室兼停車空間、集合住宅（附屬管委會使用空間、梯間）、梯間、機械室、水箱等６項,鋼筋混凝土造,113年8月1日,十五層,,持分移轉
RPTNMLNKJHLGFCJ48DA,4,190.45,住家用,鋼筋混凝土造,111年4月8日,四層,一層 二層 三層 四層 陽台,全筆移轉
RPQNMLKMJHLGFBJ97DA,17,.66,管理室,鋼筋混凝土造,97年7月29日,十二層,一層,持分移轉
RPQNMLKMJHLGFBJ97DA,17,155.45,住家用,鋼筋混凝土造,97年7月29日,十二層,六層 陽台 雨遮,全筆移轉
RPQNMLKMJHLGFBJ97DA,17,23.76,共有部分,鋼筋混凝土造,97年7月29日,十二層,,持分移轉
RPQNMLKMJHLGFBJ97DA,17,64.80,共有部分,鋼筋混凝土造,97年7月29日,十二層,,持分移轉
RPQNMLKMJHLGFBJ97DA,17,30.52,共有部分,鋼筋混凝土造,97年7月29日,十二層,,持分移轉
RPTNMLLLJHLGFCJ38DA,8,55.62,集合住宅,鋼筋混凝土造,107年4月25日,七層,四層 陽台 雨遮,全筆移轉
RPTNMLLLJHLGFCJ38DA,8,26.57,本共用部分之項目有發電機房、汙水機房、消防機房、管委會空間、停車空間、安全梯、電信室、水箱、管道間、昇降機（道）、電梯、梯廳,鋼筋混凝土造,107年4月25日,七層,,持分移轉
RPOOMLQLJHLGFCJ48DA,7,95.86,集合住宅,鋼筋混凝土造,108年3月4日,十四層,三層 陽台,全筆移轉
RPOOMLQLJHLGFCJ48DA,7,.04,店舖,鋼筋混凝土造,108年3月4日,十四層,一層,持分移轉
RPOOMLQLJHLGFCJ48DA,7,23.26,本共有部分項目有：樓電梯間、電梯間、樓梯間、消防水箱、水箱、昇降機房等共六項,鋼筋混凝土造,108年3月4日,十四層,,持分移轉
RPOOMLQLJHLGFCJ48DA,7,.01,本共有部分項目有：樓電梯間、電梯間、樓梯間、消防水箱、水箱、昇降機房等共六項,鋼筋混凝土造,108年3月4日,十四層,,持分移轉
RPOOMLQLJHLGFCJ48DA,7,22.62,本共有部分項目有：停車空間、清水池、污水處理槽、機械室、台電配電室、電信室、開放空間、守衛室、發電機室等共九項,鋼筋混凝土造,108年3月4日,十四層,,持分移轉
RPOOMLQLJHLGFCJ48DA,7,53.95,本共有部分項目有：停車空間、清水池、污水處理槽、機械室、台電配電室、電信室、開放空間、守衛室、發電機室等共九項,鋼筋混凝土造,108年3月4日,十四層,,持分移轉
RPRNMLKKKHLGFDJ18DA,30,224.22,住家用,鋼筋混凝土造,84年10月27日,三層,一層 二層 三層 陽台 平台 屋頂突出物 雨遮 地下層,全筆移轉
RPRNMLPJKHLGFDJ58DA,1,78.22,集合住宅,鋼筋混凝土造,114年4月1日,十一層,十一層 陽台,全筆移轉
RPRNMLPJKHLGFDJ58DA,1,61.87,本共有部分之項目有停車空間、防空避難室兼停車空間、集合住宅、管委會使用空間、梯間、機械室、水箱等７項,鋼筋混凝土造,114年4月1日,十一層,,持分移轉
RPPNMLLKKHLGFDJ08DA,41,144.54,住家用,加強磚造,74年1月30日,二層,一層 二層,全筆移轉
RPSOMLMJKHLGFBJ28DA,1,64.79,集合住宅,鋼筋混凝土造,114年4月28日,十五層,五層 陽台,全筆移轉
RPSOMLMJKHLGFBJ28DA,1,48.44,本共有部分之項目有防空避難室兼停車空間、騎樓（連續性前廊）、停車空間、樓電梯間、管委會空間等五項。,鋼筋混凝土造,114年4月28日,十五層,,持分移轉
RPSOMLMJKHLGFBJ28DA,1,14.84,本共有部分之項目有梯間、消防水池、水錶區、電梯機械室、水箱等五項。,鋼筋混凝土造,114年4月28日,十五層,,持分移轉
RPWNMLMKKHLGFBJ68DA,7,74.29,住家用,鋼筋混凝土造,107年9月20日,二十二層,二十一層 陽台,全筆移轉
RPVNMLNJKHLGFBJ58DA,7,109.93,住家用,鋼筋混凝土造,107年11月14日,二十一層,六層 陽台 雨遮,全筆移轉
RPWNMLMKKHLGFBJ68DA,7,63.95,本共有部分之項目有防空避難室兼停車空間、消防泵浦室、汙水機房、雨水機房、梯間、台電配電場所、發電機房、防災中心、垃圾冷藏室、管委會使用空間、機械室、水箱、停車空間、蓄水池等１４項。,鋼筋混凝土造,107年9月20日,二十二層,,持分移轉
RPVNMLNJKHLGFBJ58DA,7,130.87,本共有部分之項目有防空避難室兼停車空間、停車空間、防災中心、辦公室、公共服務空間、集中式垃圾貯存空間、開放空間、樓電梯間、樓梯間、機房、水箱等十一項。,鋼筋混凝土造,107年11月14日,二十一層,,持分移轉
RPQOMLMKKHLGFDJ38DA,7,76.57,集合住宅,鋼筋混凝土造,108年1月14日,五層,四層 陽台,全筆移轉
RPQOMLMKKHLGFDJ38DA,7,20.16,樓梯間（共用部分）,鋼筋混凝土造,108年1月14日,五層,,持分移轉
RPPOMLSLJHLGFBJ68DA,11,57.42,住家用,鋼筋混凝土造,103年8月26日,十三層,十一層 陽台 雨遮,全筆移轉
RPPOMLSLJHLGFBJ68DA,11,12.00,本共有部分之項目有梯間、機械室、水箱等３項,鋼筋混凝土造,103年8月26日,十三層,,持分移轉
RPPOMLSLJHLGFBJ68DA,11,51.43,本共有部分之項目有防空避難室兼停車空間、開放空間、公共服務空間、梯廳、機電設備空間等５項,鋼筋混凝土造,103年8月26日,十三層,,持分移轉
RPXNMLMKKHLGFDJ98DA,1,78.65,集合住宅,鋼筋混凝土造,114年4月1日,十一層,五層 陽台,全筆移轉
RPXNMLMKKHLGFDJ98DA,1,61.87,本共有部分之項目有停車空間、防空避難室兼停車空間、集合住宅、管委會使用空間、梯間、機械室、水箱等７項,鋼筋混凝土造,114年4月1日,十一層,,持分移轉
RPSPMLRLKIKGFBJ09DA,7,90.45,住家用,鋼筋混凝土造,107年9月20日,二十二層,十九層 陽台,全筆移轉
RPSNMLNJKHLGFCJ38DA,2,212.08,停車空間、集合住宅,鋼筋混凝土造,113年3月4日,五層,一層 二層 三層 四層 五層 陽台,全筆移轉
RPSPMLRLKIKGFBJ09DA,7,71.87,本共有部分之項目有防空避難室兼停車空間、消防泵浦室、汙水機房、雨水機房、梯間、台電配電場所、發電機房、防災中心、垃圾冷藏室、管委會使用空間、機械室、水箱、停車空間、蓄水池等１４項。,鋼筋混凝土造,107年9月20日,二十二層,,持分移轉
RPQPMLKMKIKGFBJ28DA,12,100.94,住家用,鋼筋混凝土造,103年1月14日,十四層,九層 陽台 雨遮,全筆移轉
RPQPMLKMKIKGFBJ28DA,12,56.17,本共有部分之項目有防空避難室兼停車空間、開放空間等二項。,鋼筋混凝土造,103年1月14日,十四層,,持分移轉
RPQPMLKMKIKGFBJ28DA,12,24.07,本共有部分之項目有樓梯間、機械室、水箱等三項。,鋼筋混凝土造,103年1月14日,十四層,,持分移轉
RPTOMLSLJHLGFDJ66DA,,115.96,住家用,加強磚造,,二層,一層 二層,全筆移轉
RPUOMLOLKHLGFCJ98DA,,98.03,住家用,鋼筋混凝土造,,六層,五層 陽台,全筆移轉
RPSNMLMKKHLGFBJ28DA,16,.10,守衛室,鋼筋混凝土造,98年7月28日,十層,一層,持分移轉
RPUOMLOLKHLGFCJ98DA,,15.97,共有部分,鋼筋混凝土造,,六層,,持分移轉
RPUOMLOLKHLGFCJ98DA,,29.19,共有部分,鋼筋混凝土造,,六層,,持分移轉
RPSNMLMKKHLGFBJ28DA,16,86.31,住家用,鋼筋混凝土造,98年7月28日,十層,三層 陽台 雨遮,全筆移轉
RPSNMLMKKHLGFBJ28DA,16,18.81,共有部分,鋼筋混凝土造,98年7月28日,十層,,持分移轉
RPSNMLMKKHLGFBJ28DA,16,44.21,共有部分,鋼筋混凝土造,98年7月28日,十層,,持分移轉
RPSNMLMKKHLGFBJ28DA,16,11.29,共有部分,鋼筋混凝土造,98年7月28日,十層,,持分移轉
RPXNMLNLKHLGFBJ98DA,7,89.75,住家用,鋼筋混凝土造,107年12月12日,十三層,十二層 陽台 雨遮,全筆移轉
RPXNMLNLKHLGFBJ98DA,7,17.26,本共有部分之項目有梯間、機房、水箱等３項。,鋼筋混凝土造,107年12月12日,十三層,,持分移轉
RPXNMLNLKHLGFBJ98DA,7,44.66,本共有部分之項目有防空避難室兼停車空間、停車空間、開放空間、管理員室等４項。,鋼筋混凝土造,107年12月12日,十三層,,持分移轉
RPROMLMJLHLGFBJ28DA,5,85.16,住家用,鋼筋混凝土造,110年3月8日,七層,七層 陽台 見其他登記事項,全筆移轉
RPROMLMJLHLGFBJ28DA,5,52.95,本共有部分之項目有防空避難室兼停車空間、停車空間、梯間、機房等四項。,鋼筋混凝土造,110年3月8日,七層,,持分移轉
RPTNMLTKJHLGFCJ09DA,45,103.66,住家用,加強磚造,70年2月21日,二層,一層 二層,全筆移轉
RPRQMLOLKHLGFBJ78DA,24,.03,住家用,鋼筋混凝土造,90年9月3日,十層,一層,持分移轉
RPRQMLOLKHLGFBJ78DA,24,89.25,住家用,鋼筋混凝土造,90年9月3日,十層,六層 陽台,全筆移轉
RPRQMLOLKHLGFBJ78DA,24,12.24,共有部分,鋼筋混凝土造,90年9月3日,十層,,持分移轉
RPRQMLOLKHLGFBJ78DA,24,.00,共有部分,鋼筋混凝土造,90年9月3日,十層,,持分移轉
RPRQMLOLKHLGFBJ78DA,24,27.59,共有部分,鋼筋混凝土造,90年9月3日,十層,,持分移轉
RPRQMLOLKHLGFBJ78DA,24,11.22,共有部分,鋼筋混凝土造,90年9月3日,十層,,持分移轉
RPRNMLNLKHLGFDJ58DA,1,95.88,集合住宅,鋼筋混凝土造,114年5月8日,八層,八層 陽台,全筆移轉
RPRNMLNLKHLGFDJ58DA,1,67.36,本共有部分之項目有防空避難室兼停車空間、停車空間、管委會空間、集合住宅、機房、樓梯間、水箱等７項,鋼筋混凝土造,114年5月8日,八層,,持分移轉
RPSNMLOLJHLGFBJ48DA,20,.03,守衛室,鋼筋混凝土造,94年9月23日,十五層,一層,持分移轉
RPSNMLOLJHLGFBJ48DA,20,92.47,住家用,鋼筋混凝土造,94年9月23日,十四層,三層 陽台 雨遮,全筆移轉
RPSNMLOLJHLGFBJ48DA,20,10.88,共有部分,鋼筋混凝土造,94年9月23日,十四層,,持分移轉
RPSNMLOLJHLGFBJ48DA,20,24.71,共有部分,鋼筋混凝土造,94年9月23日,十五層,,持分移轉
RPSNMLOLJHLGFBJ48DA,20,19.15,共有部分,鋼筋混凝土造,94年9月23日,十五層,,持分移轉
RPPNMLNJLHLGFDJ28DA,4,64.34,集合住宅,鋼筋混凝土造,110年7月30日,七層,二層 陽台,全筆移轉
RPPNMLNJLHLGFDJ28DA,4,15.07,共有部分,鋼筋混凝土造,110年7月30日,七層,,持分移轉
RPQNMLTKKIKGFDJ98DA,2,72.43,集合住宅,鋼筋混凝土造,113年5月14日,十五層,六層 陽台,全筆移轉
RPQNMLTKKIKGFDJ98DA,2,59.93,本共有部分之項目有停車空間、機械室、管委會、樓梯間等４項,鋼筋混凝土造,113年5月14日,十五層,,持分移轉
RPTWMLQLKHLGFCJ27DA,8,45.77,集合住宅,鋼筋混凝土造,107年3月8日,十三層,二層 陽台,全筆移轉
RPTWMLQLKHLGFCJ27DA,8,9.87,本共有部分之項目有樓梯間、機房、水箱等３項,鋼筋混凝土造,107年3月8日,十三層,,持分移轉
RPTWMLQLKHLGFCJ27DA,8,2.94,本共有部分之項目有開放空間等１項,鋼筋混凝土造,107年3月8日,十三層,,持分移轉
RPTWMLQLKHLGFCJ27DA,8,38.96,本共有部分之項目有停車空間等１項,鋼筋混凝土造,107年3月8日,十三層,,持分移轉
RPXNMLOJLHLGFDJ56DA,1,295.57,停車空間、集合住宅,鋼筋混凝土造,114年6月3日,五層,一層 二層 三層 四層 五層 陽台,全筆移轉
RPTQMLQLKHLGFCJ66DA,30,181.90,住家用,鋼筋混凝土造,84年9月22日,四層,一層 二層 三層 四層 見其他登記事項,全筆移轉
RPQOMLPKJHLGFBJ38DA,7,97.31,住家用,鋼筋混凝土造,107年11月30日,十四層,七層 陽台 雨遮,全筆移轉
RPQOMLPKJHLGFBJ38DA,7,80.14,本共有部分之項目有停車空間、防空避難室兼停車空間、開放空間、公共服務空間、管理空間、梯間、水箱、機械室等八項。,鋼筋混凝土造,107年11月30日,十四層,,持分移轉
RPTOMLQJKHLGFDJ98DA,24,288.08,農舍,鋼骨造,91年1月13日,二層,一層 二層,全筆移轉
RPRNMLNJLHLGFCJ48EA,48,119.65,住家用,加強磚造,67年5月1日,三層,一層 二層 三層,全筆移轉
RPQNMLQLKHLGFBJ58DA,6,.03,辦公室,鋼筋混凝土造,109年2月21日,二十九層,一層,持分移轉
RPQNMLQLKHLGFBJ58DA,6,93.79,住家用,鋼筋混凝土造,109年2月21日,二十九層,二十層 陽台 雨遮,全筆移轉
RPQNMLQLKHLGFBJ58DA,6,30.42,本共有部分之項目有停車空間、機房、消防機房、汙水機房、梯廳、梯間、排煙室、水箱、機械室、中繼機房、防空避難室兼停車空間、台電配電室、發電機房、安全梯、電信機房、社區中心、防災中心、前廊、門廊、污水處理室、特別安全梯、頂蓋型開放空間、社區游泳池等二十三項。,鋼筋混凝土造,109年2月21日,二十九層,,持分移轉
RPQNMLQLKHLGFBJ58DA,6,22.99,本共有部分之項目有停車空間、機房、消防機房、汙水機房、梯廳、梯間、排煙室、水箱、機械室、中繼機房、防空避難室兼停車空間、台電配電室、發電機房、安全梯、電信機房、社區中心、防災中心、前廊、門廊、污水處理室、特別安全梯、頂蓋型開放空間、社區游泳池等二十三項。,鋼筋混凝土造,109年2月21日,二十九層,,持分移轉
RPQNMLQLKHLGFBJ58DA,6,23.69,本共有部分之項目有梯廳、特別安全梯、排煙室、梯間、機械室、中繼機房、水箱等七項。,鋼筋混凝土造,109年2月21日,二十九層,,持分移轉
RPOOMLMJLHLGFBJ97DA,24,141.72,工業用,鋼骨鋼筋混凝土造,90年10月23日,四層,一層,持分移轉
RPOOMLMJLHLGFBJ97DA,24,151.89,工業用,鋼骨鋼筋混凝土造,90年10月23日,四層,二層,持分移轉
RPOOMLMJLHLGFBJ97DA,24,151.89,工業用,鋼骨鋼筋混凝土造,90年10月23日,四層,三層,持分移轉
RPOPMLMJLHLGFBJ08DA,11,66.95,辦公室,鋼筋混凝土造,104年6月4日,十層,二層 陽台,全筆移轉
RPOPMLMJLHLGFBJ08DA,11,45.48,本共有部分之項目有防空避難室兼停車空間等一項。,鋼筋混凝土造,104年6月4日,十層,,持分移轉
RPOOMLMJLHLGFBJ97DA,24,151.89,工業用,鋼骨鋼筋混凝土造,90年10月23日,四層,四層,持分移轉
RPOPMLMJLHLGFBJ08DA,11,24.84,本共有部分之項目有樓梯間、水箱、機房等三項。,鋼筋混凝土造,104年6月4日,十層,,持分移轉
RPOOMLMJLHLGFBJ97DA,24,31.24,共有部分,鋼骨鋼筋混凝土造,90年10月23日,四層,,持分移轉
RPQPMLMJLHLGFBJ28DA,8,126.34,住家用,鋼筋混凝土造,106年11月30日,十三層,五層 陽台,全筆移轉
RPPOMLPJLHLGFBJ38DA,2,92.27,集合住宅,鋼筋混凝土造,112年9月3日,十三層,十二層 陽台,全筆移轉
RPQPMLMJLHLGFBJ28DA,8,93.85,本共有部分之項目有停車空間、防空避難室兼停車空間、梯廳、公共服務空間、樓梯間、水箱、電梯機房等七項,鋼筋混凝土造,106年11月30日,十三層,,持分移轉
RPPOMLPJLHLGFBJ38DA,2,69.38,本共有部分之項目有防空避難室兼做停車空間、停車空間、管理委員會使用空間、樓梯間、水箱、機房等六項。,鋼筋混凝土造,112年9月3日,十三層,,持分移轉
RPOOMLMJLHLGFBJ97DA,24,31.24,共有部分,鋼骨鋼筋混凝土造,90年10月23日,四層,,持分移轉
RPQPMLMJLHLGFBJ28DA,8,21.03,本共有部分之項目有樓梯間等一項,鋼筋混凝土造,106年11月30日,十三層,,持分移轉
RPOOMLMJLHLGFBJ97DA,24,31.24,共有部分,鋼骨鋼筋混凝土造,90年10月23日,四層,,持分移轉
RPOOMLMJLHLGFBJ97DA,24,31.24,共有部分,鋼骨鋼筋混凝土造,90年10月23日,四層,,持分移轉
RPVNMLRJJHLGFBJ88DA,9,81.92,商業用,鋼筋混凝土造,106年6月13日,一層,一層,全筆移轉
RPWOMLNLJHLGFCJ98DA,16,202.66,住家用,鋼筋混凝土造,98年8月25日,四層,一層 二層 三層 四層 陽台 雨遮,全筆移轉
RPWOMLNLJHLGFCJ98DA,16,1.55,管理中心機械室,鋼筋混凝土造,98年8月25日,三層,一層 二層 三層 陽台 地下一層,持分移轉
RPRNMLOJLHLGFBJ38DA,1,247.85,集合住宅、停車空間、樓梯間,鋼筋混凝土造,113年12月24日,四層,一層 二層 三層 四層 陽台 屋頂突出物,全筆移轉
RPPNMLNJLHLGFCJ28EA,30,49.81,住家用,鋼筋混凝土造,85年2月15日,十二層,十二層 陽台,全筆移轉
RPPNMLNJLHLGFCJ28EA,30,1.50,共有部分,鋼筋混凝土造,85年2月15日,十二層,,持分移轉
RPPNMLNJLHLGFCJ28EA,30,3.65,共有部分,鋼筋混凝土造,85年2月15日,十二層,,持分移轉
RPPNMLNJLHLGFCJ28EA,30,3.78,共有部分,鋼筋混凝土造,85年2月15日,十二層,,持分移轉
RPPNMLNJLHLGFCJ28EA,30,3.70,共有部分,鋼筋混凝土造,85年2月15日,十二層,,持分移轉
RPPNMLNJLHLGFCJ28EA,30,3.60,共有部分,鋼筋混凝土造,85年2月15日,十二層,,持分移轉
RPQNMLOJKIKGFBJ18DA,,92.92,集合住宅,鋼筋混凝土造,114年8月19日,十七層,九層 陽台,全筆移轉
RPQNMLOJKIKGFBJ18DA,,89.56,本共有部分之項目有停車空間、防空避難室、公共服務空間、梯間、水箱、機械室等六項。,鋼筋混凝土造,114年8月19日,十七層,,持分移轉
RPPOMLOLKHLGFDJ58DA,6,53.75,集合住宅,鋼筋混凝土造,109年2月18日,五層,四層 陽台,全筆移轉
RPPOMLOLKHLGFDJ58DA,6,16.45,共有部分,鋼筋混凝土造,109年2月18日,五層,,持分移轉
RPUOMLTJKIKGFBJ56DA,,378.78,住家用,鋼筋混凝土造,,四層,一層 二層 三層 四層 屋頂突出物 騎樓 地下層,全筆移轉
RPVSMLSJKIKGFBJ96DA,15,165.46,商業用,鋼筋混凝土造,99年11月2日,十二層,一層 陽台 夾層,全筆移轉
RPVSMLSJKIKGFBJ96DA,15,147.17,本共有部分之項目有﹝停車空間、台電配電室、防空避難室、廣場式開放空間、梯間、機械室、水箱﹞等七項,鋼筋混凝土造,99年11月2日,十二層,,持分移轉
RPWSMLSJKIKGFBJ07DA,5,148.25,辦公室,鋼筋混凝土造,109年10月24日,十九層,九層 陽台 雨遮,全筆移轉
RPWSMLSJKIKGFBJ07DA,5,126.56,本共有部分之項目有：防空避難室兼停車空間、停車空間、管理員室、開放空間、管委會空間、樓梯間、排煙室、水箱、機房等九項。,鋼筋混凝土造,109年10月24日,十九層,,持分移轉
RPPNMLRLJIKGFDJ68DA,31,109.51,住家用,鋼筋混凝土造,83年6月16日,九層,二層 陽台,全筆移轉
RPPNMLRLJIKGFDJ68DA,31,12.37,梯間,鋼筋混凝土造,83年6月16日,九層,,持分移轉
RPPNMLRLJIKGFDJ68DA,31,1.90,共有部分,鋼筋混凝土造,83年6月16日,九層,,持分移轉
RPPNMLRLJIKGFDJ68DA,31,1.90,共有部分,鋼筋混凝土造,83年6月16日,九層,,持分移轉
RPPNMLPKJIKGFDJ38DA,,82.46,住家用,加強磚造,,二層,一層 二層,全筆移轉
RPXOMLKKKIKGFBJ68DA,21,26.43,住家用,鋼筋混凝土造,93年11月23日,十層,九層,全筆移轉
RPXOMLKKKIKGFBJ68DA,21,13.57,共有部分,鋼筋混凝土造,93年11月23日,十層,,持分移轉
RPUNMLRLJIKGFDJ56DA,33,139.10,住家用,鋼筋混凝土造,81年11月7日,三層,一層 二層 三層 陽台 見其他登記事項,全筆移轉
RPPNMLLKKIKGFDJ08DA,21,3.66,停車空間,鋼筋混凝土造,93年7月5日,八層,,持分移轉
RPPNMLLKKIKGFDJ08DA,21,3.47,梯間、走道,鋼筋混凝土造,93年7月5日,七層,,持分移轉
RPPNMLLKKIKGFDJ08DA,21,1.58,走道,鋼筋混凝土造,93年7月5日,七層,,持分移轉
RPPNMLLKKIKGFDJ08DA,21,21.36,住家用,鋼筋混凝土造,93年7月5日,七層,六層 陽台,全筆移轉
RPUNMLQLJIKGFDJ09DA,42,62.79,住家用,鋼筋混凝土造,73年4月27日,四層,一層,全筆移轉
RPPNMLTJKIKGFDJ78DA,21,3.92,停車空間,鋼筋混凝土造,93年7月5日,八層,,持分移轉
RPPNMLTJKIKGFDJ78DA,21,3.65,梯間、走道,鋼筋混凝土造,93年7月5日,八層,,持分移轉
RPPNMLTJKIKGFDJ78DA,21,1.92,走道,鋼筋混凝土造,93年7月5日,八層,,持分移轉
RPPNMLTJKIKGFDJ78DA,21,22.88,住家用,鋼筋混凝土造,93年7月5日,八層,六層 陽台,全筆移轉
RPQNMLTJKIKGFCJ88EA,32,32.40,住家用,鋼筋混凝土造,82年12月14日,十一層,八層 陽台 花台,全筆移轉
RPQNMLTJKIKGFCJ88EA,33,1.31,商業用,鋼筋混凝土造,81年5月29日,十一層,地下層,持分移轉
RPQNMLTJKIKGFCJ88EA,33,3.88,貯藏室,鋼筋混凝土造,81年5月29日,十一層,地下層,持分移轉
RPQNMLTJKIKGFCJ88EA,32,7.73,共有部分,鋼筋混凝土造,82年12月14日,十一層,,持分移轉
RPPOMLKKKIKGFBJ87DA,5,147.10,集合住宅,鋼筋混凝土造,109年8月13日,四層,一層 二層 三層 四層 陽台,全筆移轉
RPTNMLSJKIKGFCJ98DA,10,.02,辦公室,鋼筋混凝土造,104年7月13日,十四層,一層,持分移轉
RPTNMLSJKIKGFCJ98DA,10,101.07,集合住宅,鋼筋混凝土造,104年7月13日,十四層,十一層 陽台,全筆移轉
RPTNMLSJKIKGFCJ98DA,10,.00,共有部分,鋼筋混凝土造,104年7月13日,十四層,,持分移轉
RPTNMLSJKIKGFCJ98DA,10,22.39,共有部分,鋼筋混凝土造,104年7月13日,十四層,,持分移轉
RPTNMLSJKIKGFCJ98DA,10,28.73,共有部分,鋼筋混凝土造,104年7月13日,十四層,,持分移轉
RPTNMLSJKIKGFCJ98DA,10,23.30,共有部分,鋼筋混凝土造,104年7月13日,十四層,,持分移轉
RPSNMLSJKIKGFCJ88DA,,87.30,住家用,鋼筋混凝土造,,五層,一層,全筆移轉
RPQNMLPJKIKGFBJ38EA,8,.10,商業用,鋼筋混凝土造,107年2月9日,十四層,一層,持分移轉
RPQNMLPJKIKGFBJ38EA,8,111.42,住家用,鋼筋混凝土造,107年2月9日,十四層,十層 陽台,全筆移轉
RPQNMLPJKIKGFBJ38EA,8,26.92,本共有部分之項目有梯間、水箱、昇降機房等３項。,鋼筋混凝土造,107年2月9日,十四層,,持分移轉
RPQNMLPJKIKGFBJ38EA,8,.00,本共有部分之項目有停車空間、消防機械室、污水機房、水箱、防空避難室兼停車空間、台電配電室、發電機室、電信室、開放空間、公共服務空間、垃圾間等１１項。,鋼筋混凝土造,107年2月9日,十四層,,持分移轉
RPQNMLPJKIKGFBJ38EA,8,86.49,本共有部分之項目有停車空間、消防機械室、污水機房、水箱、防空避難室兼停車空間、台電配電室、發電機室、電信室、開放空間、公共服務空間、垃圾間等１１項。,鋼筋混凝土造,107年2月9日,十四層,,持分移轉
RPUNMLMKKIKGFBJ48DA,21,18.36,商業用,鋼筋混凝土造,93年11月15日,九層,四層 陽台,全筆移轉
RPUNMLMKKIKGFBJ48DA,21,5.46,共有部分,鋼筋混凝土造,93年11月15日,九層,,持分移轉
RPUNMLMKKIKGFBJ48DA,21,3.60,共有部分,鋼筋混凝土造,93年11月15日,九層,,持分移轉
RPTNMLQKKIKGFBJ78DA,,89.33,住家用,加強磚造,,三層,一層 二層 三層,全筆移轉
RPPNMLMLJIKGFCJ08DA,56,231.35,住家用,加強磚造,58年7月15日,三層,一層 二層 三層,全筆移轉
RPPNMLMKKIKGFDJ18DA,25,12.03,梯間．水箱,鋼筋混凝土造,89年7月30日,五層,,持分移轉
RPPNMLMKKIKGFDJ18DA,25,116.06,住家用,鋼筋混凝土造,89年7月30日,五層,三層 陽台,全筆移轉
RPSOMLSJKIKGFBJ88DA,,160.13,集合住宅,鋼筋混凝土造,114年6月3日,三層,一層 二層 三層 陽台,全筆移轉
RPUNMLTJKIKGFCJ56DA,32,78.19,住家用,鋼筋混凝土造,82年9月18日,六層,五層 陽台,全筆移轉
RPUNMLTJKIKGFCJ56DA,32,13.19,共有部分,鋼筋混凝土造,82年9月18日,六層,,持分移轉
RPUNMLTJKIKGFCJ56DA,32,11.34,共有部分,鋼筋混凝土造,82年9月18日,六層,,持分移轉
RPRNMLQKKIKGFCJ78EA,18,74.93,住家用,鋼筋混凝土造,96年12月24日,十二層,十二層 陽台 雨遮,全筆移轉
RPRNMLQKKIKGFCJ78EA,18,10.21,共有部分,鋼筋混凝土造,96年12月24日,十二層,,持分移轉
RPRNMLQKKIKGFCJ78EA,18,33.08,共有部分,鋼筋混凝土造,96年12月24日,十二層,,持分移轉
RPPNMLMKJIKGFBJ87DA,14,.02,商業用,鋼筋混凝土造,101年3月28日,二十四層,一層,持分移轉
RPPNMLMKJIKGFBJ87DA,14,31.65,本共有部分之項目有防空避難室，停車空間，開放空間，垃圾集中場，社區公共服務空間等五項。,鋼筋混凝土造,101年3月28日,二十四層,,持分移轉
RPVNMLQKKIKGFDJ56DA,,115.26,住家用,加強磚造,,二層,一層 二層 騎樓,全筆移轉
RPSNMLPKKIKGFBJ58DA,15,.06,管理員室,鋼筋混凝土造,100年1月5日,十四層,一層,持分移轉
RPSNMLPKKIKGFBJ58DA,15,31.32,本共有部分之項目有防空避難室、停車空間、資源回收室、頂蓋型開放空間、車道、管委會等六項。,鋼筋混凝土造,100年1月5日,十四層,,持分移轉
RPPNMLTJKIKGFCJ68DA,6,116.89,住家用,鋼筋混凝土造,109年2月18日,三層,一層 二層 三層 陽台 見其他登記事項,持分移轉
RPROMLSKJIKGFBJ78DA,33,29.02,住家用,鋼筋混凝土造,81年10月22日,五層,二層 陽台,全筆移轉
RPROMLSKJIKGFBJ78DA,33,5.80,共有部分,鋼筋混凝土造,81年10月22日,五層,,持分移轉
RPQNMLSJKIKGFBJ58DA,13,100.70,住家用,鋼筋混凝土造,101年8月27日,十五層,四層 陽台 雨遮,全筆移轉
RPQNMLSJKIKGFBJ58DA,13,59.06,本共有部分之項目有管理員室、停車空間等二項。,鋼筋混凝土造,101年8月27日,十五層,,持分移轉
RPQNMLSJKIKGFBJ58DA,13,20.99,本共有部分之項目有梯間、機械室、水箱等三項。,鋼筋混凝土造,101年8月27日,十五層,,持分移轉
RPTNMLRLJIKGFBJ88DA,32,232.94,住家用,鋼筋混凝土造,83年1月6日,三層,一層 二層 三層 陽台 平台 屋頂突出物 地下層,全筆移轉
RPRNMLRLJIKGFBJ68DA,32,28.83,共有部分,鋼筋混凝土造,82年12月10日,七層,,持分移轉
RPRNMLRLJIKGFBJ68DA,32,80.44,住家用,鋼筋混凝土造,82年12月10日,七層,二層 陽台,全筆移轉
RPRNMLRKKIKGFBJ78EA,8,86.62,住家用,鋼筋混凝土造,107年2月2日,八層,七層 陽台 雨遮,全筆移轉
RPRNMLRKKIKGFBJ78EA,8,84.85,本共有部分之項目有防空避難室兼停車空間、停車空間、機械室、水箱等四項,鋼筋混凝土造,107年2月2日,八層,,持分移轉
RPUNMLRKKIKGFBJ98DA,24,51.82,商業用,鋼筋混凝土造,91年4月19日,十層,一層 騎樓,全筆移轉
RPUNMLRKKIKGFBJ98DA,24,8.98,共有部分,鋼筋混凝土造,91年4月19日,十層,,持分移轉
RPUNMLRKKIKGFBJ98DA,24,7.21,共有部分,鋼筋混凝土造,91年4月19日,十層,,持分移轉
RPPNMLTKKIKGFCJ78DA,30,73.59,住家用,鋼筋混凝土造,85年5月6日,九層,九層 陽台 雨遮,全筆移轉
RPPNMLTKKIKGFCJ78DA,30,8.25,共有部分,鋼筋混凝土造,85年5月6日,九層,,持分移轉
RPPNMLTKKIKGFCJ78DA,30,8.36,共有部分,鋼筋混凝土造,85年5月6日,十層,,持分移轉
RPSNMLRKKIKGFDJ98DA,6,58.33,集合住宅,鋼筋混凝土造,108年5月30日,七層,四層 陽台 雨遮,全筆移轉
RPSNMLRKKIKGFDJ98DA,6,15.35,本共有部分之項目有發電機房、消防機房、樓梯間、水箱、電梯機房等五項,鋼筋混凝土造,108年5月30日,七層,,持分移轉
RPSNMLRKKIKGFDJ98DA,6,4.72,停車空間,鋼筋混凝土造,108年5月30日,七層,,持分移轉
RPTNMLTKKIKGFBJ09DA,30,34.46,共有部分,鋼筋混凝土造,84年10月21日,七層,,持分移轉
RPTNMLTKKIKGFBJ09DA,30,82.69,住家用,鋼筋混凝土造,84年10月21日,七層,七層 陽台,全筆移轉
RPWNMLMKKIKGFBJ68DA,18,30.58,商業用,鋼筋混凝土造,96年8月27日,十一層,十一層 陽台 雨遮,全筆移轉
RPWNMLMKKIKGFBJ68DA,18,26.47,共有部分,鋼筋混凝土造,96年8月27日,十一層,,持分移轉
RPQNMLQKKIKGFDJ68DA,1,91.36,集合住宅,鋼筋混凝土造,113年7月2日,五層,三層 陽台,全筆移轉
RPPNMLOLKIKGFCJ38DA,,95.85,住家用,加強磚造,,二層,一層 二層 騎樓,全筆移轉
RPQNMLQKKIKGFDJ68DA,1,40.23,本共有部分之項目有停車空間、樓梯間、機械室等３項,鋼筋混凝土造,113年7月2日,五層,,持分移轉
RPPNMLPKKIKGFBJ28DA,15,.02,警衛室,鋼筋混凝土造,99年11月20日,十五層,一層,持分移轉
RPPNMLPKKIKGFBJ28DA,15,65.16,住家用,鋼筋混凝土造,99年11月20日,十五層,三層 陽台 雨遮,全筆移轉
RPPNMLPKKIKGFBJ28DA,15,15.16,本共有部分之項目有停車空間、防空避難室、梯間、頂蓋式開放空間等四項。,鋼筋混凝土造,99年11月20日,十五層,,持分移轉
RPPNMLPKKIKGFBJ28DA,15,15.19,本共有部分之項目有停車空間、防空避難室、梯間、頂蓋式開放空間等四項。,鋼筋混凝土造,99年11月20日,十五層,,持分移轉
RPPNMLPKKIKGFBJ28DA,15,12.89,本共有部分之項目有梯間等一項。,鋼筋混凝土造,99年11月20日,十五層,,持分移轉
RPTNMLKKJIKGFBJ08DA,29,304.28,農舍,鋼筋混凝土造,85年11月23日,三層,一層 二層 三層 屋頂突出物,全筆移轉
RPQNMLOLKIKGFBJ48EA,7,62.10,住家用,鋼筋混凝土造,107年9月20日,二十二層,十層 陽台,全筆移轉
RPQNMLOLKIKGFBJ48EA,7,56.24,本共有部分之項目有防空避難室兼停車空間、消防泵浦室、汙水機房、雨水機房、梯間、台電配電場所、發電機房、防災中心、垃圾冷藏室、管委會使用空間、機械室、水箱、停車空間、蓄水池等１４項。,鋼筋混凝土造,107年9月20日,二十二層,,持分移轉
RPPNMLNLKIKGFDJ48EA,6,80.09,集合住宅,鋼筋混凝土造,109年1月22日,十二層,四層 陽台,全筆移轉
RPPNMLNLKIKGFDJ48EA,6,67.55,共有部分,鋼筋混凝土造,109年1月22日,十二層,,持分移轉
RPUNMLSKKIKGFBJ09DA,1,64.17,集合住宅,鋼筋混凝土造,114年4月28日,十五層,十三層 陽台,全筆移轉
RPUNMLSKKIKGFBJ09DA,1,48.27,本共有部分之項目有防空避難室兼停車空間、騎樓（連續性前廊）、停車空間、樓電梯間、管委會空間等五項。,鋼筋混凝土造,114年4月28日,十五層,,持分移轉
RPUNMLSKKIKGFBJ09DA,1,14.72,本共有部分之項目有梯間、消防水池、水錶區、電梯機械室、水箱等五項。,鋼筋混凝土造,114年4月28日,十五層,,持分移轉
RPVNMLMKKIKGFBJ58DA,1,136.71,店舖,鋼筋混凝土造,113年6月18日,十五層,一層 陽台,全筆移轉
RPTOMLTKKIKGFBJ56DA,1,97.69,集合住宅,鋼筋混凝土造,113年8月13日,十四層,十四層 陽台,全筆移轉
RPTOMLTKKIKGFBJ56DA,1,92.05,本共有部分之項目有防空避難室、停車空間、管委會、公共服務空間、樓梯間、水箱、機械室等七項。,鋼筋混凝土造,113年8月13日,十四層,,持分移轉
RPVNMLMKKIKGFBJ58DA,1,135.47,本共有部分之項目有停車空間、防空避難室兼停車空間、管委員空間、樓梯間、水箱、機房等六項,鋼筋混凝土造,113年6月18日,十五層,,持分移轉
RPSOMLRKKIKGFBJ88DA,30,96.28,住家用,鋼筋混凝土造,84年10月20日,四層,一層 二層 陽台 平台 雨遮,全筆移轉
RPSOMLRKKIKGFBJ88DA,30,8.24,見使用執照,鋼筋混凝土造,84年10月20日,四層,,持分移轉
RPPOMLMLKIKGFDJ38DA,1,64.70,集合住宅,鋼筋混凝土造,114年5月5日,十二層,二層 陽台,全筆移轉
RPPOMLMLKIKGFDJ38DA,1,49.91,本共有部分之項目有防空避難室兼停車空間、停車空間、集合住宅、樓梯間、機械室等５項,鋼筋混凝土造,114年5月5日,十二層,,持分移轉
RPQNMLKMKIKGFCJ28EA,30,79.90,住家用,鋼筋混凝土造,85年5月7日,十二層,七層 陽台,全筆移轉
RPQNMLKMKIKGFCJ28EA,30,20.12,共有部分,鋼筋混凝土造,85年5月7日,十二層,,持分移轉
RPQNMLKMKIKGFCJ28EA,30,6.23,共有部分,鋼筋混凝土造,85年5月7日,十二層,,持分移轉
RPQNMLNJKIKGFBJ08DA,18,253.73,住商用,鋼筋混凝土造,96年6月8日,五層,一層 二層 三層 四層 五層 陽台 屋頂突出物 雨遮,全筆移轉
RPPSMLSJKIKGFBJ98DA,9,73.17,住家用,鋼筋混凝土造,105年7月29日,十四層,六層 陽台 雨遮,全筆移轉
RPPSMLSJKIKGFBJ98DA,9,63.59,本共有部分之項目有停車空間兼防空避難室、開放空間、公共服務空間、管理室、樓梯間、水箱、機房等七項。,鋼筋混凝土造,105年7月29日,十四層,,持分移轉
RPWRMLSJKIKGFBJ96DA,2,54.14,集合住宅,鋼筋混凝土造,113年3月14日,十五層,十四層 陽台,全筆移轉
RPWRMLSJKIKGFBJ96DA,2,44.32,本共有部分之項目有停車空間、防空避難室兼停車空間、騎樓〈連續性前廊〉、樓電梯間、管委會空間等五項。,鋼筋混凝土造,113年3月14日,十五層,,持分移轉
RPWRMLSJKIKGFBJ96DA,2,11.63,本共有部分之項目有梯間、消防水箱、電梯機械室、水箱等四項。,鋼筋混凝土造,113年3月14日,十五層,,持分移轉
RPRNMLPKKIKGFCJ58DA,21,23.05,住家用,鋼筋混凝土造,94年5月5日,十層,七層 陽台,全筆移轉
RPRNMLPKKIKGFCJ58DA,21,8.65,共有部分,鋼筋混凝土造,94年5月5日,十層,,持分移轉
RPRNMLPKKIKGFCJ58DA,21,7.52,共有部分,鋼筋混凝土造,94年5月5日,十層,,持分移轉
RPTNMLNJKIKGFBJ38DA,10,102.60,住家用,鋼筋混凝土造,105年4月27日,十二層,十一層 陽台 雨遮,全筆移轉
RPTNMLNJKIKGFBJ38DA,10,92.39,本共有部分之項目有防空避難室兼停車空間、安全梯、梯廳、雨水機房、水箱、消防機房、機房、管道間、升降機（道）、電梯、停車空間、台電配電室、電信室、管理會空間、資源回收室等十五項。,鋼筋混凝土造,105年4月27日,十二層,,持分移轉
RPVQMLKMKIKGFBJ88DA,13,159.04,住家用,鋼筋混凝土造,101年8月8日,十九層,十三層 陽台 雨遮,全筆移轉
RPVQMLKMKIKGFBJ88DA,13,115.63,本共有部分之項目有停車空間、機械室、梯間、水箱等四項。,鋼筋混凝土造,101年8月8日,十九層,,持分移轉
RPPNMLPLKIKGFCJ48DA,,121.82,住家用,加強磚造,,二層,一層 二層,全筆移轉
RPOOMLNLKIKGFBJ18DA,15,.02,警衛室,鋼筋混凝土造,99年11月20日,十五層,一層,持分移轉
RPOOMLNLKIKGFBJ18DA,15,66.93,住家用,鋼筋混凝土造,99年11月20日,十五層,十四層 陽台,全筆移轉
RPWNMLSLJIKGFBJ66DA,11,97.14,住家用,鋼筋混凝土造,104年5月19日,十四層,五層 陽台 雨遮,全筆移轉
RPWNMLSLJIKGFBJ66DA,11,77.27,本共有部分之項目有停車空間、防空避難室兼停車空間、管理中心、開放空間、公共服務空間、梯間、水箱、機械室等八項。,鋼筋混凝土造,104年5月19日,十四層,,持分移轉
RPOOMLNLKIKGFBJ18DA,15,15.16,本共有部分之項目有停車空間、防空避難室、梯間、頂蓋式開放空間等四項。,鋼筋混凝土造,99年11月20日,十五層,,持分移轉
RPOOMLNLKIKGFBJ18DA,15,15.65,本共有部分之項目有停車空間、防空避難室、梯間、頂蓋式開放空間等四項。,鋼筋混凝土造,99年11月20日,十五層,,持分移轉
RPOOMLNLKIKGFBJ18DA,15,15.77,本共有部分之項目有梯間等一項。,鋼筋混凝土造,99年11月20日,十五層,,持分移轉
RPOOMLTLKIKGFBJ78DA,20,192.61,商業用,鋼筋混凝土造,94年11月14日,十五層,九層 陽台,全筆移轉
RPOOMLTLKIKGFBJ78DA,20,98.20,共有部分,鋼筋混凝土造,94年11月14日,十五層,,持分移轉
RPOOMLTLKIKGFBJ78DA,20,40.56,共有部分,鋼筋混凝土造,94年11月14日,十五層,,持分移轉
RPTNMLNLKIKGFCJ78EA,6,103.11,集合住宅,鋼筋混凝土造,109年1月13日,十五層,五層 陽台 雨遮,全筆移轉
RPTNMLNLKIKGFCJ78EA,6,78.68,本共有部分之項目有停車空間、管委會使用空間、門廊、樓電梯間、車道、其他、樓梯間、機械室、水箱等９項,鋼筋混凝土造,109年1月13日,十五層,,持分移轉
RPPNMLLMKIKGFBJ18EA,13,96.30,住家用,鋼筋混凝土造,101年12月10日,十四層,十一層 陽台 雨遮,全筆移轉
RPPNMLLMKIKGFBJ18EA,13,58.06,本共有部分之項目有防空避難室兼停車空間、開放空間、管理員室等三項。,鋼筋混凝土造,101年12月10日,十四層,,持分移轉
RPPNMLLMKIKGFBJ18EA,13,20.69,本共有部分之項目有樓梯間、機械室、水箱等三項。,鋼筋混凝土造,101年12月10日,十四層,,持分移轉
RPUNMLQKKIKGFDJ09DA,25,109.28,住家用,鋼筋混凝土造,89年10月18日,五層,四層 陽台,全筆移轉
RPUNMLQKKIKGFDJ09DA,25,17.22,梯間,鋼筋混凝土造,89年10月18日,五層,,持分移轉
RPUNMLQKKIKGFDJ09DA,25,36.13,停車空間,鋼筋混凝土造,89年10月18日,五層,,持分移轉
RPSNMLQJJIKGFBJ48DA,29,31.10,住家用,鋼筋混凝土造,85年7月3日,十三層,十二層 陽台,全筆移轉
RPSNMLQJJIKGFBJ48DA,29,2.90,共有部分,鋼筋混凝土造,85年7月3日,十三層,,持分移轉
RPVPMLOLKIKGFBJ09DA,,93.19,集合住宅,鋼筋混凝土造,114年10月3日,五層,三層 陽台,全筆移轉
RPSNMLQJJIKGFBJ48DA,29,7.45,共有部分,鋼筋混凝土造,85年7月3日,十三層,,持分移轉
RPVPMLOLKIKGFBJ09DA,,26.27,本共有部分之項目有樓梯間、停車空間等二項。,鋼筋混凝土造,114年10月3日,五層,,持分移轉
RPQNMLNLKIKGFCJ38DA,17,75.80,住家用,鋼筋混凝土造,97年11月26日,五層,二層 陽台,全筆移轉
RPQNMLNLKIKGFCJ38DA,17,75.80,住家用,鋼筋混凝土造,97年11月26日,五層,三層 陽台,全筆移轉
RPQNMLNLKIKGFCJ38DA,17,88.61,本共有部分之項目有機電空間、樓梯間等二項,鋼筋混凝土造,97年11月26日,五層,,持分移轉
RPQNMLNLKIKGFCJ38DA,17,44.31,本共有部分之項目有機電空間、樓梯間等二項,鋼筋混凝土造,97年11月26日,五層,,持分移轉
RPQNMLNLKIKGFCJ38DA,17,98.26,本共有部分之項目有停車空間一項,鋼筋混凝土造,97年11月26日,五層,,全筆移轉
RPUNMLTLKIKGFBJ66DA,31,91.18,住家用,鋼筋混凝土造,83年7月7日,五層,四層 陽台 花台,全筆移轉
RPUNMLTLKIKGFBJ66DA,31,14.11,見使用執照,鋼筋混凝土造,83年7月7日,五層,,持分移轉
RPUNMLTLKIKGFBJ66DA,31,3.79,見使用執照,鋼筋混凝土造,83年7月7日,五層,,持分移轉
RPTPMLMJKIKGFBJ48DA,13,208.17,住家用,鋼筋混凝土造,102年5月15日,二十四層,十九層 陽台 雨遮,全筆移轉
RPTPMLMJKIKGFBJ48DA,13,53.32,本共有部分之項目有附屬樓梯間、機械室、排煙室、蓄水池等四項。,鋼筋混凝土造,102年5月15日,二十四層,,持分移轉
RPTPMLMJKIKGFBJ48DA,13,104.40,本共有部分之項目有附屬停車空間、附屬防空避難室兼停車空間、附屬頂蓋型開放空間等三項。,鋼筋混凝土造,102年5月15日,二十四層,,持分移轉
RPUNMLKMKIKGFCJ58DA,1,94.72,集合住宅,鋼筋混凝土造,114年5月5日,七層,二層 陽台,全筆移轉
RPUNMLKMKIKGFCJ58DA,1,57.25,共有部分主要用途項目有：停車空間、管理委員會使用空間等２項,鋼筋混凝土造,114年5月5日,七層,,持分移轉
RPUNMLKMKIKGFCJ58DA,1,21.19,共有部分主要用途項目有：樓梯間、機械室、水箱等３項,鋼筋混凝土造,114年5月5日,七層,,持分移轉
RPUNMLTKKIKGFCJ66DA,1,57.39,集合住宅,鋼筋混凝土造,114年5月5日,七層,四層 陽台,全筆移轉
RPUNMLTKKIKGFCJ66DA,1,48.18,共有部分主要用途項目有：停車空間、管理委員會使用空間等２項,鋼筋混凝土造,114年5月5日,七層,,持分移轉
RPUNMLTKKIKGFCJ66DA,1,12.10,共有部分主要用途項目有：樓梯間、機械室、水箱等３項,鋼筋混凝土造,114年5月5日,七層,,持分移轉
RPTOMLKKKIKGFBJ28DA,7,52.17,住家用,鋼筋混凝土造,107年10月26日,十五層,十三層 陽台 雨遮,全筆移轉
RPTOMLKKKIKGFBJ28DA,7,20.18,本共有部分之項目有公共服務空間、頂蓋型沿街步道、管委會空間、樓梯間、機房等五項。,鋼筋混凝土造,107年10月26日,十五層,,持分移轉
RPTOMLKKKIKGFBJ28DA,7,38.16,本共有部分之項目有停車空間、防空避難室兼停車空間等２項。,鋼筋混凝土造,107年10月26日,十五層,,持分移轉
RPPNMLPJJHLGFCJ28EA,19,2.26,住家用,鋼筋混凝土造,95年10月3日,二層,一層 二層,持分移轉
RPPNMLPJJHLGFCJ28EA,19,164.00,住家用,鋼筋混凝土造,95年10月3日,四層,一層 二層 三層 四層 陽台 雨遮,全筆移轉
RPSNMLQJJHLGFBJ48DA,9,255.46,住家用,鋼筋混凝土造,106年1月20日,四層,一層 二層 三層 四層 陽台 屋頂突出物 屋簷,全筆移轉
RPWNMLPLKHLGFDJ66DA,9,221.20,集合住宅、停車空間、樓梯間,鋼筋混凝土造,106年5月19日,四層,一層 二層 三層 四層 陽台 屋頂突出物 屋簷,全筆移轉
RPXOMLMJKIKGFBJ78DA,7,1.17,警衛室,鋼筋混凝土造,108年3月28日,四層,一層 二層 三層 四層 陽台 雨遮,持分移轉
RPOOMLKMKIKGFCJ08DA,29,89.55,住家用,鋼筋混凝土造,85年12月24日,十一層,五層 陽台 雨遮,全筆移轉
RPXOMLMJKIKGFBJ78DA,5,4.10,停車空間、社區中心、樓梯間,鋼筋混凝土造,109年7月8日,三層,一層 二層 三層 屋頂突出物 地下一層,持分移轉
RPOOMLKMKIKGFCJ08DA,29,13.91,共有部分,鋼筋混凝土造,85年12月24日,十二層,,持分移轉
RPXOMLMJKIKGFBJ78DA,,286.33,停車空間、集合住宅,鋼筋混凝土造,114年6月17日,三層,一層 二層 三層 陽台 地下一層,全筆移轉
RPOOMLKMKIKGFCJ08DA,29,23.10,共有部分,鋼筋混凝土造,85年12月24日,十二層,,持分移轉
RPOOMLKMKIKGFCJ08DA,29,6.99,共有部分,鋼筋混凝土造,85年12月24日,十二層,,持分移轉
RPOOMLKMKIKGFCJ08DA,29,7.63,共有部分,鋼筋混凝土造,85年12月24日,十一層,,持分移轉
RPSNMLOLJIKGFDJ68DA,,223.53,住家用,鋼筋混凝土造,,四層,一層 二層 三層 四層 陽台,全筆移轉
RPPNMLQJJHLGFBJ18DA,17,20.06,商業用,鋼筋混凝土造,98年2月25日,十一層,十一層 雨遮,全筆移轉
RPPNMLQJJHLGFBJ18DA,17,10.27,共有部分,鋼筋混凝土造,98年2月25日,十一層,,持分移轉
RPRNMLPJJHLGFCJ48EA,30,68.14,住家用,鋼筋混凝土造,85年5月6日,八層,三層 陽台,全筆移轉
RPRNMLPJJHLGFCJ48EA,30,6.63,共有部分,鋼筋混凝土造,85年5月6日,九層,,持分移轉
RPRNMLPJJHLGFCJ48EA,30,23.38,共有部分,鋼筋混凝土造,85年5月6日,十層,,持分移轉
RPRNMLPJJHLGFCJ48EA,30,.03,停車場,鋼筋混凝土造,85年5月6日,十層,,持分移轉
RPTOMLMJJHLGFBJ28DA,1,86.65,集合住宅,鋼筋混凝土造,114年1月22日,十五層,九層 陽台,全筆移轉
RPTOMLMJJHLGFBJ28DA,1,28.86,本共有部分之項目有梯間、水箱、機房等三項。,鋼筋混凝土造,114年1月22日,十五層,,持分移轉
RPTOMLMJJHLGFBJ28DA,1,52.76,本共有部分之項目有停車空間、台電配電室、防空避難室兼停車空間、開放空間、機車停車空間、公共服務空間、管委會等七項。,鋼筋混凝土造,114年1月22日,十五層,,持分移轉
RPROMLMJJHLGFBJ08DA,1,84.33,集合住宅,鋼筋混凝土造,113年5月3日,十一層,十層 陽台,全筆移轉
RPROMLMJJHLGFBJ08DA,1,76.24,本共有部分之項目有停車空間、防空避難室兼停車空間、管理委員會使用空間、樓梯間、機房、水箱等六項。,鋼筋混凝土造,113年5月3日,十一層,,持分移轉
RPOOMLLKJIKGFDJ97DA,30,82.80,住家用,鋼筋混凝土造,84年6月6日,五層,四層 陽台,全筆移轉
RPOOMLLKJIKGFDJ97DA,30,16.37,共有部分,鋼筋混凝土造,84年6月6日,五層,,持分移轉
RPOOMLLKJIKGFDJ97DA,30,1.95,共有部分,鋼筋混凝土造,84年6月6日,五層,,持分移轉
RPSOMLTLKIKGFDJ76DA,,403.16,住宅、停車空間、昇降機間,鋼筋混凝土造,114年5月27日,五層,一層 二層 三層 四層 五層 陽台 見其他登記事項,全筆移轉
RPRNMLSJJHLGFCJ68DA,26,1.22,配電室、機房及管理員室,鋼筋混凝土造,88年11月5日,一層,,持分移轉
RPRNMLSJJHLGFCJ68DA,26,205.23,住家用,鋼筋混凝土造,88年11月5日,四層,一層 二層 三層 四層 陽台,全筆移轉
RPPOMLSJJHLGFDJ68DA,1,86.67,集合住宅,鋼筋混凝土造,114年1月24日,十三層,五層 陽台,全筆移轉
RPPOMLSJJHLGFDJ68DA,1,71.48,本共有部分之項目有防空避難室兼停車空間、蓄水池、消防泵浦室、污水∕雨水機房、儲藏室、梯間、停車空間、電信室、台電配電場所、發電機房、垃圾儲藏室、集合住宅（附屬管委會使用空間、梯間）、集合住宅（附屬梯間）、機械室、水箱等１５項,鋼筋混凝土造,114年1月24日,十三層,,持分移轉
RPQRMLLMKIKGFBJ58DA,7,88.02,住家用,鋼筋混凝土造,107年10月26日,十五層,五層 陽台 雨遮,全筆移轉
RPQRMLLMKIKGFBJ58DA,7,34.05,本共有部分之項目有公共服務空間、頂蓋型沿街步道、管委會空間、樓梯間、機房等五項。,鋼筋混凝土造,107年10月26日,十五層,,持分移轉
RPQRMLLMKIKGFBJ58DA,7,46.10,本共有部分之項目有停車空間、防空避難室兼停車空間等２項。,鋼筋混凝土造,107年10月26日,十五層,,持分移轉
RPPNMLRJJHLGFCJ48EA,,196.02,住家用,鋼筋混凝土造,,四層,一層 二層 三層 四層 騎樓,全筆移轉
RPPPMLKKKIKGFBJ97DA,31,149.93,住家用,鋼筋混凝土造,83年6月30日,三層,一層 二層 三層 陽台,全筆移轉
RPWOMLSJJHLGFBJ56DA,32,71.57,住家用,鋼筋混凝土造,82年10月9日,八層,七層 陽台 雨遮,全筆移轉
RPWOMLSJJHLGFBJ56DA,32,22.10,共有部分,鋼筋混凝土造,82年10月9日,八層,,持分移轉
RPWOMLSJJHLGFBJ56DA,32,10.94,共有部分,鋼筋混凝土造,82年10月9日,八層,,持分移轉
RPRPMLMJKIKGFBJ28DA,21,87.93,住家用,鋼筋混凝土造,93年10月18日,十四層,十二層 陽台 雨遮,全筆移轉
RPRPMLMJKIKGFBJ28DA,21,.01,警衛室,鋼筋混凝土造,93年10月18日,十四層,一層,持分移轉
RPRPMLMJKIKGFBJ28DA,21,20.34,共有部分,鋼筋混凝土造,93年10月18日,十四層,,持分移轉
RPPNMLOJJHLGFDJ18DA,31,79.37,住家用,鋼筋混凝土造,84年3月13日,九層,六層 陽台 花台,全筆移轉
RPRPMLMJKIKGFBJ28DA,21,11.57,共有部分,鋼筋混凝土造,93年10月18日,十四層,,持分移轉
RPPNMLOJJHLGFDJ18DA,31,11.99,共有部分,鋼筋混凝土造,84年3月13日,九層,,持分移轉
RPRPMLMJKIKGFBJ28DA,21,11.75,共有部分,鋼筋混凝土造,93年10月18日,十四層,,持分移轉
RPVNMLLMKIKGFDJ88DA,21,187.74,住宅、停車空間,鋼筋混凝土造,93年8月28日,四層,一層 二層 三層 四層 陽台 雨遮,全筆移轉
RPPNMLOJJHLGFDJ18DA,31,33.76,停車空間,鋼筋混凝土造,84年3月13日,九層,,持分移轉
RPRNMLSKKIKGFCJ88DA,29,66.29,住家用,鋼筋混凝土造,85年12月24日,十一層,八層 陽台 雨遮,全筆移轉
RPRNMLSKKIKGFCJ88DA,29,11.18,共有部分,鋼筋混凝土造,85年12月24日,十二層,,持分移轉
RPRNMLSKKIKGFCJ88DA,29,3.93,共有部分,鋼筋混凝土造,85年12月24日,十二層,,持分移轉
RPRNMLSKKIKGFCJ88DA,29,20.96,共有部分,鋼筋混凝土造,85年12月24日,十二層,,持分移轉
RPRNMLSKKIKGFCJ88DA,29,5.70,共有部分,鋼筋混凝土造,85年12月24日,十一層,,持分移轉
RPPNMLRJJHLGFCJ38DA,16,155.67,住家用,鋼筋混凝土造,98年7月10日,四層,一層 二層 三層 四層 陽台 雨遮,全筆移轉
TPRQMLLMKIKGFBJ88EA,25,462.62,農舍,鋼造,89年6月17日,三層,一層 二層 三層 屋頂突出物,全筆移轉
RPUNMLNLKIKGFDJ88DA,21,85.34,住家用,鋼筋混凝土造,93年11月20日,六層,一層 陽台,全筆移轉
RPUNMLNLKIKGFDJ88DA,21,10.41,梯間．機房,鋼筋混凝土造,93年11月20日,六層,,持分移轉
RPUNMLNLKIKGFDJ88DA,21,.68,管理委員會使用空間,鋼筋混凝土造,93年11月20日,六層,一層,持分移轉
RPUNMLNLKIKGFDJ88DA,21,31.15,停車空間,鋼筋混凝土造,93年11月20日,六層,,持分移轉
RPXNMLRJJHLGFDJ66DA,18,62.91,機電空間、住宅,鋼筋混凝土造,97年3月15日,五層,五層 陽台 雨遮,全筆移轉
RPXNMLRJJHLGFDJ66DA,18,7.86,機電空間、電梯機房,鋼筋混凝土造,97年3月15日,五層,,持分移轉
RPPNMLTJJHLGFDJ78EA,11,64.01,集合住宅,鋼筋混凝土造,104年1月5日,五層,二層 陽台 雨遮,全筆移轉
RPPNMLTJJHLGFDJ78EA,11,10.89,本共有部分之項目有樓梯間、電梯機房等二項,鋼筋混凝土造,104年1月5日,五層,,持分移轉
RPPNMLTJJHLGFDJ78EA,11,9.56,停車空間,鋼筋混凝土造,104年1月5日,五層,,持分移轉
RPTNMLTJJHLGFDJ09DA,4,76.80,集合住宅,鋼筋混凝土造,110年11月5日,十五層,四層 陽台,全筆移轉
RPTNMLTJJHLGFDJ09DA,4,67.93,本共有部分之項目有防空避難室兼停車空間、管委會空間、停車空間、樓梯間、機房、水箱等６項,鋼筋混凝土造,110年11月5日,十五層,,持分移轉
RPQNMLOLKIKGFDJ58DA,11,61.45,集合住宅,鋼筋混凝土造,104年1月29日,八層,六層 陽台 雨遮,全筆移轉
RPQNMLOLKIKGFDJ58DA,11,16.97,本共有部分之項目有樓梯間、電梯機房、水箱等三項,鋼筋混凝土造,104年1月29日,八層,,持分移轉
RPQNMLOLKIKGFDJ58DA,11,2.60,本共有部分之項目有防空避難室兼停車空間、梯廳兼排煙室及管理委員會空間等二項,鋼筋混凝土造,104年1月29日,八層,,持分移轉
RPSNMLNKJHLGFDJ48DA,18,30.97,集合住宅,鋼筋混凝土造,97年3月15日,五層,三層 陽台,全筆移轉
RPSNMLNKJHLGFDJ48DA,18,10.42,樓梯間．水箱,鋼筋混凝土造,97年3月15日,五層,,持分移轉
RPRNMLTJJHLGFBJ68DA,18,.00,守衛室,鋼筋混凝土造,96年12月4日,十三層,一層 騎樓,持分移轉
RPRNMLTJJHLGFBJ68DA,18,31.94,商業用,鋼筋混凝土造,96年12月4日,十一層,七層 陽台,全筆移轉
RPRNMLTJJHLGFBJ68DA,18,.08,共有部分,鋼筋混凝土造,96年12月4日,十三層,,持分移轉
RPRNMLTJJHLGFBJ68DA,18,5.30,共有部分,鋼筋混凝土造,96年12月4日,十三層,,持分移轉
RPRNMLTJJHLGFBJ68DA,18,9.70,共有部分,鋼筋混凝土造,96年12月4日,十三層,,持分移轉
RPQNMLNKJHLGFBJ08DA,3,63.16,集合住宅,鋼筋混凝土造,111年10月28日,十三層,十三層 陽台,全筆移轉
RPQNMLNKJHLGFBJ08DA,3,63.01,本共有部分之項目有防空避難室兼停車空間、消防泵浦室、汙雨水機房、水箱、梯間、停車空間、發電機室、電信室、台電配電場所、公共服務空間、垃圾處理空間、機械室等十二項。,鋼筋混凝土造,111年10月28日,十三層,,持分移轉
RPPOMLMJJHLGFBJ87DA,9,64.47,住家用,鋼筋混凝土造,105年6月8日,二十七層,十五層 陽台 雨遮,全筆移轉
RPPOMLMJJHLGFBJ87DA,9,19.88,本共有部分之項目有管委會使用空間、樓梯間、機械室、水箱等四項,鋼筋混凝土造,105年6月8日,二十七層,,持分移轉
RPPOMLMJJHLGFBJ87DA,9,40.68,本共有部分之項目有防空避難室兼停車空間、停車空間等二項,鋼筋混凝土造,105年6月8日,二十七層,,持分移轉
RPRNMLTJJHLGFCJ88EA,31,.36,守衛室,鋼筋混凝土造,83年11月21日,十三層,雨遮 管理員室（警衛室）,持分移轉
RPRNMLTJJHLGFCJ88EA,31,85.76,住家用,鋼筋混凝土造,83年11月21日,十三層,八層 陽台,全筆移轉
RPRNMLTJJHLGFCJ88EA,31,13.23,共有部分,鋼筋混凝土造,83年11月21日,十三層,,持分移轉
RPRNMLTJJHLGFCJ88EA,31,21.07,共有部分,鋼筋混凝土造,83年11月21日,十三層,,持分移轉
RPRNMLTJJHLGFCJ88EA,31,9.46,共有部分,鋼筋混凝土造,83年11月21日,十三層,,持分移轉
RPWNMLQKKIKGFDJ66DA,19,284.09,住宅．停車空間．儲藏室,鋼筋混凝土造,96年1月31日,四層,一層 二層 三層 四層 陽台 地下層,全筆移轉
RPWQMLNJJIKGFCJ98DA,7,83.87,集合住宅,鋼筋混凝土造,108年3月4日,十四層,十三層 陽台,全筆移轉
RPWQMLNJJIKGFCJ98DA,7,.02,店舖,鋼筋混凝土造,108年3月4日,十四層,一層,持分移轉
RPWQMLNJJIKGFCJ98DA,7,20.10,本共有部分項目有：樓電梯間、電梯間、樓梯間、消防水箱、水箱、昇降機房等共六項,鋼筋混凝土造,108年3月4日,十四層,,持分移轉
RPWQMLNJJIKGFCJ98DA,7,.00,本共有部分項目有：樓電梯間、電梯間、樓梯間、消防水箱、水箱、昇降機房等共六項,鋼筋混凝土造,108年3月4日,十四層,,持分移轉
RPWQMLNJJIKGFCJ98DA,7,19.74,本共有部分項目有：停車空間、清水池、污水處理槽、機械室、台電配電室、電信室、開放空間、守衛室、發電機室等共九項,鋼筋混凝土造,108年3月4日,十四層,,持分移轉
RPWQMLNJJIKGFCJ98DA,7,27.94,本共有部分項目有：停車空間、清水池、污水處理槽、機械室、台電配電室、電信室、開放空間、守衛室、發電機室等共九項,鋼筋混凝土造,108年3月4日,十四層,,持分移轉
RPRNMLKKJHLGFCJ97DA,3,300.02,店舖,鋼筋混凝土造,112年1月16日,四層,一層 二層 三層 四層 陽台,全筆移轉
RPOPMLPLJIKGFBJ38DA,31,76.77,住家用,鋼筋混凝土造,83年5月18日,八層,六層 陽台,全筆移轉
RPOPMLPLJIKGFBJ38DA,31,19.95,共有部分,鋼筋混凝土造,83年5月18日,八層,,持分移轉
RPOPMLPLJIKGFBJ38DA,31,8.69,共有部分,鋼筋混凝土造,83年5月18日,八層,,持分移轉
RPXNMLQJJHLGFDJ56DA,,75.00,住家用,加強磚造,,二層,一層 二層,全筆移轉
RPTNMLQJJHLGFDJ78DA,40,408.44,廠房，宿舍，辦公室,ＲＣ造，鋼架造，鋼筋混泥土,74年6月11日,三層,一層 二層 三層 地下層,全筆移轉
RPXOMLTKKIKGFBJ96DA,18,.02,守衛室,鋼筋混凝土造,97年3月21日,十四層,一層,持分移轉
RPQOMLPLJIKGFBJ48DA,13,90.71,住家用,鋼筋混凝土造,101年5月31日,十三層,十一層 陽台 雨遮,全筆移轉
RPXOMLTKKIKGFBJ96DA,18,31.01,商業用,鋼筋混凝土造,97年3月21日,十三層,八層 雨遮,全筆移轉
RPQOMLPLJIKGFBJ48DA,13,84.94,本共有部分之項目有防空避難室，停車空間，廣場式開放空間，垃圾儲藏空間，沿街式開放空間等五項。,鋼筋混凝土造,101年5月31日,十四層,,持分移轉
RPXOMLTKKIKGFBJ96DA,18,28.84,共有部分,鋼筋混凝土造,97年3月21日,十四層,,持分移轉
RPQOMLPLJIKGFBJ48DA,13,20.99,本共有部分之項目有樓梯間、水箱、機械室等三項。,鋼筋混凝土造,101年5月31日,十三層,,持分移轉
RPXOMLTKKIKGFBJ96DA,18,2.77,共有部分,鋼筋混凝土造,97年3月21日,十四層,,持分移轉
RPXOMLTKKIKGFBJ96DA,18,10.97,共有部分,鋼筋混凝土造,97年3月21日,十三層,,持分移轉
RPXQMLSJKIKGFBJ96DA,9,.28,商業用,鋼筋混凝土造,105年9月21日,二十一層,一層 見其他登記事項,持分移轉
RPXQMLSJKIKGFBJ96DA,9,62.95,住家用,鋼筋混凝土造,105年9月21日,二十一層,十二層 陽台 雨遮,全筆移轉
RPXQMLSJKIKGFBJ96DA,9,.14,本共有部分之項目有防空避難室兼停車空間、排煙室、緊急昇降機、門廳、外廊、環保資源室、防災中心、梯廳、梯間、樓梯間、機械室、消防機房、水箱、楊水泵機房、汙水機房、消防中繼水箱、消防中繼機房、緊急發電機房、電信機房、景觀機房、台電配電室、機電機房、電梯等二十三項。,鋼筋混凝土造,105年9月21日,二十一層,,持分移轉
RPXQMLSJKIKGFBJ96DA,9,65.15,本共有部分之項目有防空避難室兼停車空間、排煙室、緊急昇降機、門廳、外廊、環保資源室、防災中心、梯廳、梯間、樓梯間、機械室、消防機房、水箱、楊水泵機房、汙水機房、消防中繼水箱、消防中繼機房、緊急發電機房、電信機房、景觀機房、台電配電室、機電機房、電梯等二十三項。,鋼筋混凝土造,105年9月21日,二十一層,,持分移轉
RPQNMLOLKIKGFCJ48DA,34,100.54,住家用,鋼筋混凝土造,81年5月6日,九層,七層 陽台,全筆移轉
RPQNMLOLKIKGFCJ48DA,34,19.54,共有部分,鋼筋混凝土造,81年5月6日,九層,,持分移轉
RPQNMLOLKIKGFCJ48DA,34,15.11,共有部分,鋼筋混凝土造,81年5月6日,九層,,持分移轉
RPPNMLTJJHLGFBJ48DA,8,299.10,住家用,鋼骨鋼筋混凝土造,106年12月28日,二十七層,十三層 陽台 雨遮,全筆移轉
RPPNMLTJJHLGFBJ48DA,8,249.20,本共有部分之項目有停車空間、防空避難室兼停車空間、門廳公共服務空間、梯間、水箱、機械間等六項。,鋼骨鋼筋混凝土造,106年12月28日,二十七層,,持分移轉
RPSQMLSJJHLGFBJ98DA,8,63.52,住家用,鋼筋混凝土造,106年9月15日,十四層,七層 陽台 雨遮,全筆移轉
RPSQMLSJJHLGFBJ98DA,8,65.76,本共有部分之項目有停車空間、防空避難室兼停車空間、排煙室、緊急升降機、升降機、水箱、揚水泵室、消防機械室、風機室、汙雨水機房兼風機室、安全梯、公共服務空間、水錶室、梯間、機械室、垃圾處理室、緊急發電機室、揚水泵室兼風機室、台電配電室、電信室、電錶室、受電箱室、景觀機房、梯廳、管委會空間、戶外安全梯等二十六項,鋼筋混凝土造,106年9月15日,十三層,,持分移轉
RPOOMLOKJHLGFBJ08DA,13,56.17,住家用,鋼筋混凝土造,101年8月27日,十五層,十三層 陽台 雨遮,持分移轉
RPOOMLOKJHLGFBJ08DA,13,29.00,本共有部分之項目有停車空間、防空避難室等二項。,鋼筋混凝土造,101年8月27日,十五層,,持分移轉
RPOOMLOKJHLGFBJ08DA,13,12.57,本共有部分之項目有樓梯間、機械室、水箱等三項。,鋼筋混凝土造,101年8月27日,十五層,,持分移轉
RPVNMLNKJHLGFDJ78DA,11,68.87,住家用,鋼筋混凝土造,104年1月5日,五層,五層 陽台 雨遮,全筆移轉
RPVNMLNKJHLGFDJ78DA,11,14.24,本共有部分之項目有停車空間、樓梯間及電梯機房等三項,鋼筋混凝土造,104年1月5日,五層,,持分移轉
RPVNMLNKJHLGFDJ78DA,11,8.56,樓梯間,鋼筋混凝土造,104年1月5日,五層,,持分移轉
RPSNMLPKJHLGFBJ48DA,3,69.13,集合住宅,鋼筋混凝土造,111年9月30日,二十四層,三層 陽台,全筆移轉
RPVNMLQKJHLGFBJ88DA,4,46.03,集合住宅,鋼筋混凝土造,111年3月31日,十一層,七層 陽台 雨遮,全筆移轉
RPSNMLPKJHLGFBJ48DA,3,65.93,見其他登記事項,鋼筋混凝土造,111年9月30日,二十四層,,持分移轉
RPVNMLQKJHLGFBJ88DA,4,54.23,本共有部分之項目有停車空間兼防空避難室、停車空間、門廳、機房、水箱、電梯機房、公共服務空間等七項。,鋼筋混凝土造,111年3月31日,十一層,,持分移轉
RPSNMLQKJHLGFBJ58DA,,199.31,集合住宅、停車空間,鋼筋混凝土造,114年6月6日,四層,一層 二層 三層 四層 陽台,全筆移轉
RPVNMLNKJHLGFCJ78EA,6,103.85,集合住宅,鋼筋混凝土造,108年6月13日,七層,六層 陽台 雨遮,全筆移轉
RPVNMLNKJHLGFCJ78EA,6,14.12,本共有部分之項目有機房、停車空間、管理員室等三項,鋼筋混凝土造,108年6月13日,七層,,持分移轉
RPVNMLNKJHLGFCJ78EA,6,18.69,本共有部分之項目有機房、梯間等二項,鋼筋混凝土造,108年6月13日,七層,,持分移轉
RPOOMLRJJHLGFDJ48DA,32,169.08,住家用,鋼筋混凝土造,82年6月14日,四層,一層 二層 三層 四層 陽台 平台,全筆移轉
RPROMLKKJIKGFCJ08DA,28,166.60,住家用,鋼筋混凝土造,87年3月13日,三層,一層 二層 三層 陽台 屋頂突出物 雨遮 地下一層,全筆移轉
RPROMLKKJIKGFCJ08DA,28,16.35,共有部分,鋼筋混凝土造,87年3月13日,三層,,持分移轉
RPWNMLRJJHLGFDJ56DA,11,52.47,集合住宅,鋼筋混凝土造,104年1月28日,五層,二層 陽台,全筆移轉
RPWNMLRJJHLGFDJ56DA,11,9.61,樓梯間,鋼筋混凝土造,104年1月28日,五層,,持分移轉
RPWNMLRJJHLGFDJ56DA,11,7.73,停車空間、管委會,鋼筋混凝土造,104年1月28日,五層,,持分移轉
RPPOMLOLJIKGFBJ28DA,21,.03,警衛室,鋼筋混凝土造,93年10月18日,十四層,一層,持分移轉
RPPOMLOLJIKGFBJ28DA,21,82.42,住家用,鋼筋混凝土造,93年10月18日,十四層,六層 陽台 雨遮,全筆移轉
RPPOMLOLJIKGFBJ28DA,21,23.14,共有部分,鋼筋混凝土造,93年10月18日,十四層,,持分移轉
RPPOMLOLJIKGFBJ28DA,21,19.08,共有部分,鋼筋混凝土造,93年10月18日,十四層,,持分移轉
RPPOMLOLJIKGFBJ28DA,21,11.06,共有部分,鋼筋混凝土造,93年10月18日,十四層,,持分移轉
RPROMLMKJHLGFDJ38DA,,158.24,停車空間、集合住宅、樓梯間,鋼筋混凝土造,114年6月3日,三層,一層 二層 三層 陽台 見其他登記事項,全筆移轉
RPPQMLKMKIKGFBJ28DA,18,27.37,商業用,鋼筋混凝土造,97年3月10日,十層,六層 陽台 雨遮,全筆移轉
RPPQMLKMKIKGFBJ28DA,18,39.91,共有部分,鋼筋混凝土造,97年3月10日,十層,,持分移轉
RPPNMLNJKIKGFBJ97DA,22,25.50,商業用,鋼筋混凝土造,93年3月9日,十層,五層 陽台,全筆移轉
RPPNMLNJKIKGFBJ97DA,22,3.47,共有部分,鋼筋混凝土造,93年3月9日,十層,,持分移轉
RPPNMLNJKIKGFBJ97DA,22,7.11,共有部分,鋼筋混凝土造,93年3月9日,十層,,持分移轉
RPQNMLLJKIKGFBJ87DA,14,144.54,住家用,鋼筋混凝土造,100年11月16日,十二層,十二層 陽台 雨遮,全筆移轉
RPQNMLLJKIKGFBJ87DA,14,32.82,本共有部分之項目有梯間、水箱、機械室等三項,鋼筋混凝土造,100年11月16日,十二層,,持分移轉
RPQNMLLJKIKGFBJ87DA,14,92.66,本共有部分之項目有防空避難室兼停車空間、開放空間車道及垃圾集中場、廣場式（有頂蓋）開放空間等五項。,鋼筋混凝土造,100年11月16日,十二層,,持分移轉
RPQOMLLKJIKGFDJ18DA,1,78.53,集合住宅,鋼筋混凝土造,113年11月15日,十四層,九層 陽台,全筆移轉
RPQOMLLKJIKGFDJ18DA,1,61.82,本共有部分之項目有停車空間、集合住宅（附屬管委會使用空間門廳）、集合住宅（附屬梯間）、梯間、機械室、水箱等６項,鋼筋混凝土造,113年11月15日,十四層,,持分移轉
RPTNMLQKJHLGFDJ88DA,1,50.46,集合住宅,鋼筋混凝土造,114年5月8日,八層,七層 陽台,全筆移轉
RPTNMLQKJHLGFDJ88DA,1,46.34,本共有部分之項目有防空避難室兼停車空間、停車空間、管委會空間、集合住宅、機房、樓梯間、水箱等７項,鋼筋混凝土造,114年5月8日,八層,,持分移轉
RPTNMLTKKIKGFDJ66DA,4,.22,集合住宅、管委會空間,鋼筋混凝土造,110年10月12日,一層,一層,持分移轉
RPPOMLKLJHLGFBJ87DA,18,.00,守衛室,鋼筋混凝土造,96年12月4日,十三層,一層 騎樓,持分移轉
RPTNMLTKKIKGFDJ66DA,3,147.02,集合住宅,鋼筋混凝土造,112年4月25日,四層,一層 二層 三層 四層 陽台,全筆移轉
RPPOMLKLJHLGFBJ87DA,18,28.27,商業用,鋼筋混凝土造,96年12月4日,十一層,四層 陽台,全筆移轉
RPSNMLTJJHLGFCJ88DA,10,.04,辦公室,鋼筋混凝土造,104年7月13日,十四層,一層,持分移轉
RPPOMLKLJHLGFBJ87DA,18,.08,共有部分,鋼筋混凝土造,96年12月4日,十三層,,持分移轉
RPPOMLKLJHLGFBJ87DA,18,4.65,共有部分,鋼筋混凝土造,96年12月4日,十三層,,持分移轉
RPSNMLTJJHLGFCJ88DA,10,115.50,辦公室,鋼筋混凝土造,104年7月13日,十四層,一層 陽台 見其他登記事項,全筆移轉
RPPOMLKLJHLGFBJ87DA,18,8.57,共有部分,鋼筋混凝土造,96年12月4日,十三層,,持分移轉
RPSNMLTJJHLGFCJ88DA,10,.01,共有部分,鋼筋混凝土造,104年7月13日,十四層,,持分移轉
RPSNMLTJJHLGFCJ88DA,10,27.63,共有部分,鋼筋混凝土造,104年7月13日,十四層,,持分移轉
RPSNMLTJJHLGFCJ88DA,10,57.47,共有部分,鋼筋混凝土造,104年7月13日,十四層,,持分移轉
RPSNMLTJJHLGFCJ88DA,10,24.89,共有部分,鋼筋混凝土造,104年7月13日,十四層,,持分移轉
RPQNMLMLJIKGFCJ18DA,20,356.00,農舍,鋼筋混凝土造,95年3月6日,二層,一層 二層 屋頂突出物,全筆移轉
RPQNMLLLJHLGFCJ08DA,29,1.65,工業用,鋼筋混凝土造,85年11月5日,二層,地下一層 地下二層,持分移轉
RPXNMLTKJHLGFCJ86DA,33,70.13,住家用,鋼筋混凝土造,81年7月6日,十層,七層 陽台 花台,全筆移轉
RPQNMLLLJHLGFCJ08DA,29,154.75,住家用,鋼筋混凝土造,85年11月5日,四層,一層 二層 三層 四層 見其他登記事項,全筆移轉
RPXNMLTKJHLGFCJ86DA,33,16.17,共有部分,鋼筋混凝土造,81年7月6日,十層,,持分移轉
RPSNMLLLJIKGFDJ38DA,1,165.05,集合住宅、樓梯間,鋼筋混凝土造,113年10月11日,三層,一層 二層 三層 陽台 見其他登記事項,全筆移轉
RPPNMLSKJHLGFBJ48DA,21,.01,警衛室,鋼筋混凝土造,93年10月18日,十四層,一層,持分移轉
RPPNMLSKJHLGFBJ48DA,21,82.42,住家用,鋼筋混凝土造,93年10月18日,十四層,四層 陽台 雨遮,全筆移轉
RPPNMLSKJHLGFBJ48DA,21,11.57,共有部分,鋼筋混凝土造,93年10月18日,十四層,,持分移轉
RPPNMLSKJHLGFBJ48DA,21,19.08,共有部分,鋼筋混凝土造,93年10月18日,十四層,,持分移轉
RPPNMLSKJHLGFBJ48DA,21,11.06,共有部分,鋼筋混凝土造,93年10月18日,十四層,,持分移轉
RPPNMLKMKIKGFDJ18DA,33,76.02,住家用,鋼筋混凝土造,81年11月28日,五層,一層 平台,全筆移轉
RPPNMLKMKIKGFDJ18DA,33,9.30,梯間．走道,鋼筋混凝土造,81年11月28日,五層,,持分移轉
RPQNMLNKJHLGFDJ28DA,27,176.05,住家用,鋼筋混凝土造,87年7月27日,四層,一層 二層 三層 四層 陽台 平台,全筆移轉
RPUNMLQLJHLGFBJ88DA,28,98.09,商業用,鋼筋混凝土造,86年7月29日,三層,三層 陽台,全筆移轉
RPUNMLQLJHLGFBJ88DA,28,22.94,共有部分,鋼筋混凝土造,86年7月29日,三層,,持分移轉
RPOOMLOLJIKGFBJ18DA,12,92.52,住家用,鋼筋混凝土造,102年10月25日,十三層,四層 陽台 雨遮,全筆移轉
RPOOMLOLJIKGFBJ18DA,12,63.19,本共有部分之項目有防空避難室兼停車空間、公共服務空間等二項。,鋼筋混凝土造,102年10月25日,一層,,持分移轉
RPOOMLOLJIKGFBJ18DA,12,20.41,本共有部分之項目有樓梯間、機械室、水箱等三項。,鋼筋混凝土造,102年10月25日,十三層,,持分移轉
RPSNMLMLJHLGFCJ38DA,32,83.08,住家用,鋼筋混凝土造,82年7月29日,十二層,六層 陽台 花台,全筆移轉
RPVNMLMLJHLGFDJ78DA,,334.22,住宅,鋼筋混凝土造,114年10月13日,五層,一層 二層 三層 四層 五層 陽台,全筆移轉
RPSNMLMLJHLGFCJ38DA,32,14.30,共有部分,鋼筋混凝土造,82年7月29日,十二層,,持分移轉
RPSNMLMLJHLGFCJ38DA,32,11.50,共有部分,鋼筋混凝土造,82年7月29日,十二層,,持分移轉
RPRNMLSLJIKGFDJ98DA,1,69.31,集合住宅,鋼筋混凝土造,114年1月20日,十層,九層 陽台,全筆移轉
RPTNMLRLJHLGFBJ88DA,32,190.47,住家用,鋼筋混凝土造,82年5月17日,三層,一層 二層 三層 陽台 平台,全筆移轉
RPRNMLSLJIKGFDJ98DA,1,63.72,本共有部分之項目有停車空間、機械室、管委會空間、樓梯間、集合住宅等５項,鋼筋混凝土造,114年1月20日,十層,,持分移轉
RPSOMLRLJHLGFBJ88DA,12,81.90,住商用,鋼筋混凝土造,102年5月16日,二十四層,一層 二層,全筆移轉
RPSOMLRLJHLGFBJ88DA,12,60.30,本共有部分之項目有防空避難兼停車空間、台電配電室、電信室、水箱、機械室、公共服務空間、梯間、電梯間、梯廳等九項。,鋼筋混凝土造,102年5月16日,二十四層,,持分移轉
RPSOMLRLJHLGFBJ88DA,12,.41,本共有部分之項目有停車空間等一項。,鋼筋混凝土造,102年5月16日,二十四層,,持分移轉
RPQNMLQLJHLGFDJ68DA,8,63.04,住家用,鋼筋混凝土造,106年6月23日,五層,五層 陽台,全筆移轉
RPQNMLQLJHLGFDJ68DA,8,20.85,樓梯間,鋼筋混凝土造,106年6月23日,五層,,持分移轉
RPRNMLMLJHLGFBJ18DA,12,66.76,住家用,鋼筋混凝土造,103年2月28日,十二層,六層 陽台,全筆移轉
RPRNMLMLJHLGFBJ18DA,12,14.38,本共有部分之項目有梯間、機房、水箱等三項。,鋼筋混凝土造,103年2月28日,十二層,,持分移轉
RPRNMLMLJHLGFBJ18DA,12,52.97,本共有部分之項目有防空避難室兼停車空間、公共服務空間、警衛室、垃圾儲藏室等四項。,鋼筋混凝土造,103年2月28日,十二層,,持分移轉
RPSNMLMJJHLGFBJ08DA,5,66.97,集合住宅,鋼筋混凝土造,109年12月25日,二十四層,七層 陽台,全筆移轉
RPSNMLMJJHLGFBJ08DA,5,60.86,本共有部分之項目有停車空間、防空避難室兼停車空間、管委會空間、防災中心、梯間、機房、水箱等七項。,鋼筋混凝土造,109年12月25日,二十四層,,持分移轉
RPXNMLSLJIKGFBJ76DA,13,132.47,住家用,鋼筋混凝土造,101年10月4日,十九層,十五層 陽台 雨遮,全筆移轉
RPXNMLSLJIKGFBJ76DA,13,111.90,本共有部分之項目有停車空間、梯間、機械室、水箱等四項,鋼筋混凝土造,101年10月4日,十九層,,持分移轉
RPWNMLSKJHLGFCJ66DA,,81.06,集合住宅,鋼筋混凝土造,114年10月2日,五層,五層 陽台,全筆移轉
RPRNMLTLJHLGFCJ98DA,3,77.85,集合住宅,鋼筋混凝土造,112年5月17日,五層,二層 陽台,全筆移轉
RPRNMLTLJHLGFCJ98DA,3,49.37,本共有部分之項目有停車空間、梯廳、機房、無障礙安全梯、樓梯間、升降機等六項,鋼筋混凝土造,112年5月11日,五層,,持分移轉
RPWNMLSKJHLGFCJ66DA,,14.67,本共有部分之項目：第一層：停車空間、電信室、梯廳、電梯、安全梯等五項、第一層～第五層及突出物一層：梯廳、電梯、安全梯等三項,鋼筋混凝土造,114年10月2日,五層,,持分移轉
RPPNMLSLJHLGFDJ78DA,,37.71,集合住宅,鋼筋混凝土造,114年8月7日,五層,五層 陽台,全筆移轉
RPPNMLSLJHLGFDJ78DA,,12.36,本共有部分之項目有停車空間、集合住宅、樓梯間、機械室等４項,鋼筋混凝土造,114年8月7日,五層,,持分移轉
RPPOMLSLJIKGFBJ68DA,34,173.09,工商用,鋼筋混凝土造,80年10月11日,三層,一層 二層 三層 陽台 平台 屋頂突出物 花台,全筆移轉
RPUNMLNKJHLGFCJ58DA,24,178.42,住家用,鋼筋混凝土造,90年11月9日,三層,一層 二層 三層 陽台 屋頂突出物,全筆移轉
RPOOMLKMJHLGFCJ97DA,1,85.21,辦公室,鋼筋混凝土造,113年7月29日,十四層,十四層 陽台,全筆移轉
RPOOMLKMJHLGFCJ97DA,1,49.99,本共有部分之項目有停車空間、水箱、消防水箱、雨水回收槽、污水處理槽、消防機房、雨污水機房、台電配電室、電信室、發電機房、開放空間、管委會使用空間等１２項,鋼筋混凝土造,113年7月29日,十四層,,持分移轉
RPOOMLKMJHLGFCJ97DA,1,18.38,本共有部分之項目有梯間、消防水箱、水箱、昇降機房等４項,鋼筋混凝土造,113年7月29日,十四層,,持分移轉
RPPNMLTJJIKGFBJ48DA,23,223.25,住家用,鋼筋混凝土造,92年1月15日,四層,一層 二層 三層 四層 陽台 屋頂突出物 雨遮,全筆移轉
RPSNMLSKJHLGFCJ88DA,,92.36,集合住宅,鋼筋混凝土造,114年10月2日,五層,三層 陽台,全筆移轉
RPSNMLSKJHLGFCJ88DA,,16.60,本共有部分之項目：第一層：停車空間、電信室、梯廳、電梯、安全梯等五項、第一層～第五層及突出物一層：梯廳、電梯、安全梯等三項,鋼筋混凝土造,114年10月2日,五層,,持分移轉
RPXOMLMJJHLGFCJ78DA,2,85.03,辦公室,鋼筋混凝土造,112年10月3日,十四層,十三層 陽台,全筆移轉
RPXOMLMJJHLGFCJ78DA,2,51.58,本共有部分之項目有停車空間、水箱、消防水箱、雨水回收槽、污水處理槽、雨污水機房、台電配電室、電信室、發電機房、開放空間、管委會使用空間等１１項,鋼筋混凝土造,112年10月3日,,,持分移轉
RPXOMLMJJHLGFCJ78DA,2,17.04,本共有部分之項目有梯間、消防水箱、水箱、升降機房等４項,鋼筋混凝土造,112年10月3日,十四層,,持分移轉
RPWOMLTKKIKGFBJ86DA,54,49.40,住家用,加強磚造,61年1月1日,三層,一層 二層,全筆移轉
RPTNMLSLJHLGFDJ56DA,,37.65,集合住宅,鋼筋混凝土造,114年8月7日,五層,五層 陽台,全筆移轉
RPTNMLSLJHLGFDJ56DA,,12.36,本共有部分之項目有停車空間、集合住宅、樓梯間、機械室等４項,鋼筋混凝土造,114年8月7日,五層,,持分移轉
RPQNMLQKJHLGFBJ38DA,15,.04,警衛室,鋼筋混凝土造,99年11月20日,十五層,一層,持分移轉
RPQNMLQKJHLGFBJ38DA,15,65.16,住家用,鋼筋混凝土造,99年11月20日,十五層,十四層 陽台 雨遮,全筆移轉
RPQNMLQKJHLGFBJ38DA,15,30.32,本共有部分之項目有停車空間、防空避難室、梯間、頂蓋式開放空間等四項。,鋼筋混凝土造,99年11月20日,十五層,,持分移轉
RPQNMLQKJHLGFBJ38DA,15,15.19,本共有部分之項目有停車空間、防空避難室、梯間、頂蓋式開放空間等四項。,鋼筋混凝土造,99年11月20日,十五層,,持分移轉
RPQNMLQKJHLGFBJ38DA,15,12.89,本共有部分之項目有梯間等一項。,鋼筋混凝土造,99年11月20日,十五層,,持分移轉
RPOOMLNJKHLGFBJ97DA,14,96.26,住家用,鋼筋混凝土造,100年9月4日,十四層,二層 陽台 雨遮,全筆移轉
RPOOMLNJKHLGFBJ97DA,14,3.34,本共有部分之項目有開放空間、垃圾集中場、車道等三項,鋼筋混凝土造,100年9月4日,十四層,,持分移轉
RPOOMLNJKHLGFBJ97DA,14,54.02,本共有部分之項目有防空避難室、停車空間等二項,鋼筋混凝土造,100年9月4日,十四層,,持分移轉
RPOOMLNJKHLGFBJ97DA,14,24.94,本共有部分之項目有樓梯間、電梯間、水箱、機械室等四項,鋼筋混凝土造,100年9月4日,十四層,,持分移轉
RPWNMLOJKHLGFBJ78DA,31,334.43,農舍,鋼筋混凝土造,84年4月10日,三層,一層 二層 三層,全筆移轉
RPROMLKMJHLGFDJ38DA,,185.66,住商用,加強磚造,,二層,一層 二層 騎樓,全筆移轉
RPVNMLPJJHLGFDJ88DA,31,61.66,住家用,鋼筋混凝土造,83年11月30日,六層,三層 陽台 花台,全筆移轉
RPVNMLPJJHLGFDJ88DA,31,14.89,共有部分,鋼筋混凝土造,83年11月30日,六層,,持分移轉
RPVNMLPJJHLGFDJ88DA,31,8.81,梯間,鋼筋混凝土造,83年11月30日,六層,,持分移轉
RPPNMLTJKHLGFBJ68EA,14,116.74,住家用,鋼筋混凝土造,100年11月28日,十九層,八層 陽台 雨遮,全筆移轉
RPPNMLTJKHLGFBJ68EA,14,28.15,本共有部分之項目有樓梯間、水箱、機房等３項,鋼筋混凝土造,100年11月28日,十九層,,持分移轉
RPPNMLTJKHLGFBJ68EA,14,80.03,本共有部份之項目有防空避難室兼停車空間、樓梯間、水箱、機房、停車空間及供公眾停車空間、管理員室、頂蓋型廣場式開放空間、健身娛樂室等８項,鋼筋混凝土造,100年11月28日,十九層,,持分移轉
RPTNMLPJKHLGFBJ58DA,3,112.01,集合住宅,鋼筋混凝土造,111年8月17日,十五層,十三層 陽台 雨遮,全筆移轉
RPTNMLPJKHLGFBJ58DA,3,73.93,本共有部分之項目有防空避難室兼停車空間、停車空間、公共服務空間、管委會、樓梯間、水箱、機房等七項。,鋼筋混凝土造,111年8月17日,十五層,,持分移轉
RPTNMLKKKHLGFBJ18DA,13,158.49,住家用,鋼筋混凝土造,102年2月7日,十四層,四層 陽台 雨遮,全筆移轉
RPTNMLKKKHLGFBJ18DA,13,32.58,本共有部分之項目有梯間、機房、水箱等三項。,鋼筋混凝土造,102年2月7日,十四層,,持分移轉
RPTNMLKKKHLGFBJ18DA,13,90.48,本共有部分之項目有防空避難室兼停車空間等一項。,鋼筋混凝土造,102年2月7日,十四層,,持分移轉
RPVOMLQJKHLGFDJ56DA,,99.02,住家用,加強磚造,,二層,一層 二層,全筆移轉
RPOOMLRLJHLGFBJ48DA,,93.19,集合住宅,鋼筋混凝土造,114年10月3日,五層,四層 陽台,全筆移轉
RPOOMLRLJHLGFBJ48DA,,26.27,本共有部分之項目有樓梯間、停車空間等二項。,鋼筋混凝土造,114年10月3日,五層,,持分移轉
RPTOMLKKKHLGFBJ28DA,21,220.43,住家用,鋼筋混凝土造,93年12月31日,四層,一層 二層 三層 四層 陽台 雨遮,全筆移轉
RPQNMLKKKHLGFCJ08EA,31,80.25,住家用,鋼筋混凝土造,84年2月25日,五層,一層 平台,全筆移轉
RPQOMLTJKHLGFBJ78DA,11,.04,住家用,鋼筋混凝土造,104年4月17日,二十九層,一層,持分移轉
RPQNMLKKKHLGFCJ08EA,31,14.22,共有部分,鋼筋混凝土造,84年2月25日,五層,,持分移轉
RPQOMLTJKHLGFBJ78DA,11,106.65,住家用,鋼筋混凝土造,104年4月17日,二十九層,二十層 陽台,全筆移轉
RPQOMLTJKHLGFBJ78DA,11,29.75,本共有部分之項目有停車空間、防災中心、台電配電室、車道、梯廳、排煙室、安全梯、升降機道、游泳池機房、消防中繼機房、電信室、水箱、發電機房、配電室、防空避難室兼停車空間、消防機房、泵浦機房、汙水機房等十八項。,鋼筋混凝土造,104年4月17日,二十九層,,持分移轉
RPQOMLTJKHLGFBJ78DA,11,18.44,本共有部分之項目有停車空間、防災中心、台電配電室、車道、梯廳、排煙室、安全梯、升降機道、游泳池機房、消防中繼機房、電信室、水箱、發電機房、配電室、防空避難室兼停車空間、消防機房、泵浦機房、汙水機房等十八項。,鋼筋混凝土造,104年4月17日,二十九層,,持分移轉
RPQOMLTJKHLGFBJ78DA,11,.00,本共有部分之項目有開放空間、管委會空間、集中式垃圾貯存空間、車道、梯廳、排煙室、安全梯、升降機道、公共服務空間、室內游泳池、浴室、機房等十二項。,鋼筋混凝土造,104年4月17日,二十九層,,持分移轉
RPQOMLTJKHLGFBJ78DA,11,6.57,本共有部分之項目有開放空間、管委會空間、集中式垃圾貯存空間、車道、梯廳、排煙室、安全梯、升降機道、公共服務空間、室內游泳池、浴室、機房等十二項。,鋼筋混凝土造,104年4月17日,二十九層,,持分移轉
RPQOMLTJKHLGFBJ78DA,11,24.02,本共有部分之項目有梯廳、排煙室、安全梯、升降機道、機械室、連結中繼泵機房、水箱等七項。,鋼筋混凝土造,104年4月17日,二十九層,,持分移轉
RPXNMLQJJHLGFBJ98DA,16,29.96,商業用,鋼筋混凝土造,99年2月8日,十八層,十六層 陽台,全筆移轉
RPXNMLQJJHLGFBJ98DA,16,35.73,共有部分,鋼筋混凝土造,99年2月8日,十八層,,持分移轉
RPPNMLLKKHLGFCJ08EA,31,115.04,住家用,鋼筋混凝土造,83年12月24日,四層,三層 陽台,全筆移轉
RPPNMLLKKHLGFCJ08EA,31,44.37,共有部分,鋼筋混凝土造,83年12月24日,四層,,持分移轉
RPQNMLOLJHLGFBJ28DA,19,116.66,住家用,鋼筋混凝土造,95年9月27日,十層,二層 陽台 雨遮,全筆移轉
RPQNMLOLJHLGFBJ28DA,19,16.29,共有部分,鋼筋混凝土造,95年9月27日,十層,,持分移轉
RPQNMLOLJHLGFBJ28DA,19,51.15,共有部分,鋼筋混凝土造,95年9月27日,十層,,持分移轉
RPVPMLSJJHLGFBJ56DA,6,120.97,住家用,鋼筋混凝土造,109年1月17日,十四層,十三層 陽台 雨遮,全筆移轉
RPVPMLSJJHLGFBJ56DA,6,126.87,本共有部分之項目有停車空間、防空避難室、管理員室、公共服務空間、開放空間、管委會空間、樓梯間、電梯機房、水箱等九項。,鋼筋混凝土造,109年1月17日,十四層,,持分移轉
RPOOMLMKKHLGFBJ97DA,46,118.56,住家用,加強磚造,69年2月21日,二層,一層 二層,全筆移轉
RPRNMLMKKHLGFCJ28DA,31,108.62,住家用,鋼筋混凝土造,83年12月27日,九層,一層 平台 花台,全筆移轉
RPRNMLMKKHLGFCJ28DA,31,69.39,共有部分,鋼筋混凝土造,83年12月27日,九層,,持分移轉
RPSOMLTJKIKGFBJ98DA,5,102.19,集合住宅,鋼筋混凝土造,109年7月2日,十五層,七層 陽台 雨遮,全筆移轉
RPSOMLTJKIKGFBJ98DA,5,12.63,本共有部分之項目有公共服務空間、管委會空間、梯廳、排煙室、緊急昇降機、昇降機、梯間、游泳池、機械室、水錶室、水箱等十一項。,鋼筋混凝土造,109年7月2日,十五層,,持分移轉
RPSOMLTJKIKGFBJ98DA,5,18.88,本共有部分之項目有排煙室、緊急昇降機、昇降機、梯廳等四項。,鋼筋混凝土造,109年7月2日,十五層,,持分移轉
RPVNMLNLKHLGFBJ78DA,26,230.19,住家用,鋼筋混凝土造,88年11月19日,三層,一層 二層 三層 陽台 平台 屋頂突出物 雨遮 地下層,全筆移轉
RPVOMLTKKIKGFBJ76DA,21,96.68,住家用,鋼筋混凝土造,93年5月17日,二十一層,十五層 陽台,全筆移轉
RPSOMLTJKIKGFBJ98DA,5,52.93,本共有部分之項目有停車空間、排煙室、緊急昇降機、昇降機、揚水泵室、排風機室、進風機室、雨水機房兼進風機室、水箱、消防機械室、機械室、防空避難室兼停車空間、台電配電室、台電受電箱室、電錶室、發電機室、電信室、泳池機房兼進風機室等十八項。,鋼筋混凝土造,109年7月2日,十五層,,持分移轉
RPVNMLNLKHLGFBJ78DA,26,9.13,共有部分,鋼筋混凝土造,88年11月19日,三層,,持分移轉
RPVOMLTKKIKGFBJ76DA,21,.04,管理室,鋼筋混凝土造,93年5月17日,二十一層,地下二層,持分移轉
RPVOMLTKKIKGFBJ76DA,21,21.53,共有部分,鋼筋混凝土造,93年5月17日,二十一層,,持分移轉
RPVOMLTKKIKGFBJ76DA,21,.01,共有部分,鋼筋混凝土造,93年5月17日,二十一層,,持分移轉
RPVOMLTKKIKGFBJ76DA,21,7.35,共有部分,鋼筋混凝土造,93年5月17日,二十一層,,持分移轉
RPVOMLTKKIKGFBJ76DA,21,28.31,共有部分,鋼筋混凝土造,93年5月17日,二十一層,,持分移轉
RPWNMLMLJHLGFDJ88DA,45,127.68,住家用,加強磚造,69年10月28日,二層,一層 二層 騎樓,持分移轉
RPRRMLMJKHLGFBJ48DA,,57.89,停車空間、店舖,鋼筋混凝土造,114年8月29日,五層,一層 陽台 見其他登記事項,全筆移轉
RPRRMLMJKHLGFBJ48DA,,10.88,本共有部分之項目有停車空間、樓梯間、水箱等三項,鋼筋混凝土造,114年8月29日,五層,,持分移轉
RPQOMLSLJHLGFBJ78DA,11,145.86,住家用,鋼筋混凝土造,103年9月24日,二十二層,四層 陽台 雨遮,全筆移轉
RPQOMLSLJHLGFBJ78DA,11,92.25,本共有部分之項目有停車空間、水箱、消防機房、汙水機房、防空避難室兼停車空間、電信室、台電配電室、管理員室、垃圾室、防災中心、排煙室、頂蓋型開放空間、公共服務空間、機房、樓梯間、昇降機間、中繼機房等十八項。,鋼筋混凝土造,103年9月24日,二十三層,,持分移轉
RPXPMLOLKHLGFBJ66DA,,93.19,集合住宅,鋼筋混凝土造,114年10月3日,五層,五層 陽台,全筆移轉
RPQOMLSLJHLGFBJ78DA,11,31.99,本共有部分之項目有排煙室、梯間等二項。,鋼筋混凝土造,103年9月24日,二十三層,,持分移轉
RPPNMLQLKHLGFCJ58DA,8,249.52,住家用,鋼筋混凝土造,106年10月24日,三層,一層 二層 三層 陽台,全筆移轉
RPXPMLOLKHLGFBJ66DA,,26.27,本共有部分之項目有樓梯間、停車空間等二項。,鋼筋混凝土造,114年10月3日,五層,,持分移轉
RPQNMLPJKHLGFCJ48EA,,67.22,農舍,加強磚造,,一層,一層,全筆移轉
RPUNMLOKJIKGFBJ58DA,30,57.83,住家用,鋼筋混凝土造,84年11月16日,五層,二層 陽台,全筆移轉
RPUNMLOKJIKGFBJ58DA,30,13.55,共有部分,鋼筋混凝土造,84年11月16日,五層,,持分移轉
RPVNMLMJJHLGFDJ58DA,29,81.57,住家用,鋼筋混凝土造,85年10月19日,五層,四層 陽台 雨遮,全筆移轉
RPVNMLMJJHLGFDJ58DA,29,8.07,梯間,鋼筋混凝土造,85年10月19日,五層,,持分移轉
RPXQMLMJKHLGFBJ98DA,,58.47,集合住宅,鋼筋混凝土造,114年8月29日,五層,五層 陽台,全筆移轉
RPXQMLMJKHLGFBJ98DA,,26.70,本共有部分之項目有停車空間、樓梯間、水箱等三項,鋼筋混凝土造,114年8月29日,五層,,持分移轉
RPVNMLPJKHLGFBJ78DA,1,142.72,集合住宅,鋼筋混凝土造,113年6月5日,十四層,十三層 陽台,全筆移轉
RPVNMLPJKHLGFBJ78DA,1,157.13,本共有部分之項目有防空避難室兼停車空間、停車空間、公共服務空間、管委會空間、樓梯間、機房、水箱、昇降機機房等八項。,鋼筋混凝土造,113年6月5日,十四層,,持分移轉
RPUNMLLKKHLGFBJ38DA,12,91.90,住家用,鋼筋混凝土造,102年10月24日,十四層,三層 陽台,全筆移轉
RPUNMLLKKHLGFBJ38DA,12,76.23,本共有部分之項目有停車空間、防空避難室、管理員室、公共服務空間、機械室、水箱、電梯間等七項。,鋼筋混凝土造,102年10月24日,十四層,,持分移轉
RPROMLQJKHLGFDJ78DA,4,156.70,集合住宅,鋼筋混凝土造,110年7月6日,三層,一層 二層 三層 陽台,全筆移轉
RPRNMLNLKHLGFBJ38DA,8,95.86,住家用,鋼筋混凝土造,106年12月27日,十五層,七層 陽台 雨遮,全筆移轉
RPRNMLNLKHLGFBJ38DA,8,67.87,本共有部分之項目有防空避難室兼停車空間、停車空間、管委會空間、樓梯間、水箱、電梯機房等６項。,鋼筋混凝土造,106年12月27日,十五層,,持分移轉
RPPNMLNJLHLGFBJ08DA,,105.32,集合住宅,鋼筋混凝土造,114年11月7日,十四層,五層 陽台,全筆移轉
RPPNMLNJLHLGFBJ08DA,,92.68,本共有部分之項目有：防空避難室兼停車空間、停車空間、樓梯間、排煙室、梯廳、水箱、水錶室、機械室等八項。,鋼筋混凝土造,114年11月7日,十四層,,持分移轉
RPVPMLOLKHLGFBJ09DA,8,247.82,農舍,鋼筋混凝土造,107年3月22日,三層,一層 二層 三層 陽台 屋頂突出物,全筆移轉
RPTNMLRKJIKGFDJ98DA,1,57.24,集合住宅,鋼筋混凝土造,113年11月15日,十四層,一層 陽台,全筆移轉
RPTNMLRKJIKGFDJ98DA,1,50.90,本共有部分之項目有停車空間、集合住宅（附屬管委會使用空間門廳）、集合住宅（附屬梯間）、梯間、機械室、水箱等６項,鋼筋混凝土造,113年11月15日,十四層,,持分移轉
RPPOMLOKJHLGFBJ18DA,14,98.10,住家用,鋼筋混凝土造,100年12月22日,十三層,十三層 陽台 雨遮,全筆移轉
RPPOMLOKJHLGFBJ18DA,14,18.94,梯間,鋼筋混凝土造,100年12月22日,十三層,,持分移轉
RPPOMLOKJHLGFBJ18DA,14,61.84,本共有部分之項目有防空避難室、停車空間、頂蓋型開放空間、戶外安全梯、及梯廳、管理員室、垃圾儲藏室、梯間、水箱等九項,鋼筋混凝土造,100年12月22日,十三層,,持分移轉
RPVNMLRKJIKGFDJ56DA,1,76.97,集合住宅,鋼筋混凝土造,113年11月15日,十四層,十二層 陽台,全筆移轉
RPVNMLRKJIKGFDJ56DA,1,61.04,本共有部分之項目有停車空間、集合住宅（附屬管委會使用空間門廳）、集合住宅（附屬梯間）、梯間、機械室、水箱等６項,鋼筋混凝土造,113年11月15日,十四層,,持分移轉
RPWPMLOLKHLGFBJ56DA,9,108.06,住家用,鋼筋混凝土造,105年6月22日,十九層,十二層 陽台 雨遮,全筆移轉
RPWPMLOLKHLGFBJ56DA,9,117.56,本共有部分之項目有停車空間、防空避難室兼停車空間、頂蓋型開放空間、門廳、防災中心、消防機房、梯間、水錶箱室、水箱、電梯機房等十項。,鋼筋混凝土造,105年6月22日,二十二層,,持分移轉
RPTNMLNKJIKGFBJ38DA,20,84.21,住家用,鋼筋混凝土造,94年11月28日,五層,四層 陽台 雨遮,全筆移轉
RPTNMLNKJIKGFBJ38DA,20,27.52,共有部分,鋼筋混凝土造,94年11月28日,五層,,持分移轉
RPTNMLPJJHLGFBJ48DA,5,66.76,商業用,鋼筋混凝土造,109年12月25日,二十四層,一層,全筆移轉
RPTNMLPJJHLGFBJ48DA,5,62.55,本共有部分之項目有停車空間、防空避難室兼停車空間、管委會空間、防災中心、梯間、機房、水箱等七項。,鋼筋混凝土造,109年12月25日,二十四層,,持分移轉
RPUNMLNJKIKGFBJ48DA,29,102.87,住家用,鋼筋混凝土造,85年12月23日,八層,五層 陽台 花台,全筆移轉
RPUNMLNJKIKGFBJ48DA,29,19.78,停車空間,鋼筋混凝土造,85年12月23日,八層,地下一層 地下二層,持分移轉
RPUNMLNJKIKGFBJ48DA,29,11.88,共有部分,鋼筋混凝土造,85年12月23日,八層,,持分移轉
RPUNMLNJKIKGFBJ48DA,29,22.44,共有部分,鋼筋混凝土造,85年12月23日,八層,,持分移轉
RPUNMLNJKIKGFBJ48DA,29,8.41,共有部分,鋼筋混凝土造,85年12月23日,八層,,持分移轉
RPRNMLQJJIKGFBJ38DA,4,86.99,集合住宅,鋼筋混凝土造,111年3月31日,十一層,八層 陽台 雨遮,全筆移轉
RPRNMLQJJIKGFBJ38DA,4,78.91,本共有部分之項目有停車空間兼防空避難室、停車空間、門廳、機房、水箱、電梯機房、公共服務空間等七項。,鋼筋混凝土造,111年3月31日,十一層,,持分移轉
RPPNMLKKKIKGFBJ77DA,9,.05,住家用,鋼筋混凝土造,105年8月3日,十三層,一層,持分移轉
RPTNMLNJKIKGFDJ58DA,,89.56,集合住宅,鋼筋混凝土造,114年5月8日,五層,二層 陽台,全筆移轉
RPTNMLNJKIKGFDJ58DA,,6.51,本共有部分之項目有集合住宅,鋼筋混凝土造,114年5月8日,五層,,持分移轉
RPPNMLKKKIKGFBJ77DA,9,37.54,住家用,鋼筋混凝土造,105年8月3日,十三層,七層 陽台 雨遮,持分移轉
RPTNMLNJKIKGFDJ58DA,,53.42,本共有部分之項目有停車空間、安全梯、樓梯間等３項,鋼筋混凝土造,114年5月8日,五層,,持分移轉
RPPNMLKKKIKGFBJ77DA,9,7.75,本共有部分之項目有梯廳、樓梯間、昇降機間、排煙室等四項。,鋼筋混凝土造,105年8月3日,十三層,,持分移轉
RPPNMLKKKIKGFBJ77DA,9,18.09,本共有部分之項目有停車空間、消防機械室、汙水機房、機械室、雨水回收機房、樓梯間、昇降機間、排煙室、水箱、防空避難室兼停車空間、電信室、台電配電室、電錶室、緊急發電機室、開放空間、公共服務空間、梯廳、垃圾集中處、屋頂平台、水錶箱室、機房、電梯機房等二十二項。,鋼筋混凝土造,105年8月3日,十三層,,持分移轉
RPPNMLKKKIKGFBJ77DA,9,9.92,本共有部分之項目有停車空間、消防機械室、汙水機房、機械室、雨水回收機房、樓梯間、昇降機間、排煙室、水箱、防空避難室兼停車空間、電信室、台電配電室、電錶室、緊急發電機室、開放空間、公共服務空間、梯廳、垃圾集中處、屋頂平台、水錶箱室、機房、電梯機房等二十二項。,鋼筋混凝土造,105年8月3日,十三層,,持分移轉
RPWNMLNJLHLGFBJ78DA,13,205.53,商業用,鋼筋混凝土造,101年12月28日,二十六層,一層 二層 陽台,全筆移轉
RPWNMLNJLHLGFBJ78DA,13,130.03,本共有部分之項目有防空避難室兼停車空間、休息室、停車空間、頂蓋型開放空間、管委會使用空間等五項,鋼筋混凝土造,101年12月28日,二十六層,,持分移轉
RPWNMLNJLHLGFBJ78DA,13,.57,本共有部分之項目有梯間、機械室、水箱等三項,鋼筋混凝土造,101年12月28日,二十六層,,持分移轉
RPWOMLKKKIKGFBJ58DA,,72.92,集合住宅,鋼筋混凝土造,114年8月8日,七層,二層 陽台,全筆移轉
RPSNMLOKJIKGFCJ48DA,,326.45,商業用,鋼筋混凝土造,,三層,一層 二層 三層 騎樓,全筆移轉
SPSNMLOKJIKGFCJ58DA,,319.11,商業用,鋼筋混凝土造,,三層,一層 二層 三層 騎樓,全筆移轉
RPWOMLKKKIKGFBJ58DA,,33.61,本共有部分之項目有停車空間、機械室、防空避難室兼停車空間、管委會空間、梯間等五項。,鋼筋混凝土造,114年8月8日,七層,,持分移轉
RPWNMLRJJIKGFBJ98DA,16,137.60,商業用,鋼筋混凝土造,99年2月8日,十八層,五層 雨遮,全筆移轉
RPWNMLRJJIKGFBJ98DA,16,115.15,共有部分,鋼筋混凝土造,99年2月8日,十八層,,持分移轉
RPTNMLNJKIKGFCJ48DA,,164.90,住家用,加強磚造,,二層,一層 二層 騎樓,全筆移轉
RPXNMLRLJIKGFBJ66DA,3,114.43,集合住宅,鋼筋混凝土造,111年11月9日,六層,四層 陽台,全筆移轉
RPXNMLRLJIKGFBJ66DA,3,79.26,本共有部分之項目有停車空間、梯間、機房等三項。,鋼筋混凝土造,111年11月9日,七層,,持分移轉
RPRNMLLKKIKGFBJ08DA,5,82.40,集合住宅,鋼筋混凝土造,109年9月30日,十四層,八層 陽台 雨遮,全筆移轉
RPRNMLLKKIKGFBJ08DA,5,70.27,本共有部分之項目有防空避難室兼停車空間、停車空間、公共服務空間、管委會、樓梯間、水箱、機械室等七項。,鋼筋混凝土造,109年9月30日,十四層,,持分移轉
RPSNMLTJKIKGFDJ09DA,,143.15,住家用,加強磚造,,二層,一層 二層 屋頂突出物,全筆移轉
RPSNMLNJKIKGFDJ48DA,,65.81,集合住宅,鋼筋混凝土造,114年5月22日,十二層,七層 陽台,全筆移轉
RPSNMLNJKIKGFDJ48DA,,57.03,本共有部分之項目有防空避難室兼停車空間、消防泵浦室、發電機室、汙水雨水機房、水箱、梯間、停車空間、電信室、台電配電場所、垃圾儲藏室、管委會使用空間、機械室等１２項,鋼筋混凝土造,114年5月22日,十三層,,持分移轉
TPSNMLOKJIKGFCJ68DA,,319.11,商業用,鋼筋混凝土造,,三層,一層 二層 三層 騎樓,全筆移轉
RPUNMLRLJIKGFCJ09DA,33,16.42,共有部分,鋼筋混凝土造,82年1月29日,七層,,持分移轉
RPUNMLRLJIKGFCJ09DA,33,30.90,地下室、停車場、走廊、共同使用,鋼筋混凝土造,82年1月29日,七層,,持分移轉
RPUNMLRLJIKGFCJ09DA,33,93.90,住家用,鋼筋混凝土造,82年1月29日,七層,四層 陽台,全筆移轉
RPQNMLLKJIKGFDJ08DA,19,444.82,工廠、梯間,鋼骨造,95年7月10日,二層,一層 二層 屋頂突出物,全筆移轉
RPOOMLLKKIKGFDJ08DA,3,71.52,集合住宅,鋼筋混凝土造,111年10月18日,十層,二層 陽台,全筆移轉
RPOOMLLKKIKGFDJ08DA,3,73.47,本共有部分之項目有防空避難室〈兼停車空間〉、管委會、樓梯間、機械室、水箱等５項,鋼筋混凝土造,111年10月18日,十層,,持分移轉
RPTNMLPJKIKGFBJ58DA,1,77.71,集合住宅,鋼筋混凝土造,113年8月13日,七層,七層 陽台,全筆移轉
RPTNMLPJKIKGFBJ58DA,1,64.90,本共有部分之項目有機械室、防空避難室兼停車空間、停車空間、管委會空間、梯間等五項。,鋼筋混凝土造,113年8月13日,七層,,持分移轉
RPPNMLOKKIKGFCJ28DA,18,23.04,辦公室,鋼筋混凝土造,97年1月17日,七層,二層 陽台 雨遮,全筆移轉
RPPNMLOKKIKGFCJ28DA,18,25.69,共有部分,鋼筋混凝土造,97年1月17日,七層,,持分移轉
RPVOMLPLJIKGFDJ56DA,14,66.12,住家用,鋼筋混凝土造,100年10月15日,五層,五層 陽台 雨遮,全筆移轉
RPVOMLPLJIKGFDJ56DA,14,17.67,梯間、電梯機房,鋼筋混凝土造,100年10月15日,五層,,持分移轉
RPQNMLPKKIKGFCJ48DA,,171.90,住家用,加強磚造,,二層,一層 二層,全筆移轉
RPPOMLSKJIKGFDJ78DA,6,89.16,集合住宅,鋼筋混凝土造,109年1月22日,十二層,六層 陽台,全筆移轉
RPPOMLSKJIKGFDJ78DA,6,71.96,共有部分,鋼筋混凝土造,109年1月22日,十二層,,持分移轉
RPRNMLPKKIKGFBJ48DA,8,72.67,住家用,鋼筋混凝土造,106年6月15日,十四層,八層 陽台 雨遮,全筆移轉
RPRNMLPKKIKGFBJ48DA,8,53.99,本共有部分之項目有停車空間、防空避難室兼停車空間、公共服務空間等三項,鋼筋混凝土造,106年6月15日,十四層,,持分移轉
RPRNMLPKKIKGFBJ48DA,8,14.08,本共有部分之項目有梯間、機房、水箱等三項,鋼筋混凝土造,106年6月15日,十四層,,持分移轉
RPPNMLRKJIKGFBJ38DA,13,229.20,住家用,鋼筋混凝土造,101年8月21日,十九層,十二層 陽台 雨遮,全筆移轉
RPWNMLSKKIKGFBJ66DA,18,.00,守衛室,鋼筋混凝土造,96年12月4日,十三層,一層 騎樓,持分移轉
RPPNMLRKJIKGFBJ38DA,13,304.44,本共有部分之項目有：防空避難室兼停車空間、管理室、前廊、開放空間、機電空間等五項,鋼筋混凝土造,101年8月21日,十九層,,持分移轉
RPPNMLRKJIKGFBJ38DA,13,17.85,本共有部分之項目有：梯間、水箱、管理室、機械室等四項,鋼筋混凝土造,101年8月21日,十九層,,持分移轉
RPWNMLSKKIKGFBJ66DA,18,29.88,商業用,鋼筋混凝土造,96年12月4日,十一層,六層 陽台,全筆移轉
RPPNMLRKJIKGFBJ38DA,13,44.62,本共有部分之項目有：梯間等一項,鋼筋混凝土造,101年8月21日,十九層,,持分移轉
RPWNMLSKKIKGFBJ66DA,18,.08,共有部分,鋼筋混凝土造,96年12月4日,十三層,,持分移轉
RPWNMLSKKIKGFBJ66DA,18,4.97,共有部分,鋼筋混凝土造,96年12月4日,十三層,,持分移轉
RPWNMLSKKIKGFBJ66DA,18,9.06,共有部分,鋼筋混凝土造,96年12月4日,十三層,,持分移轉
RPPNMLNLJIKGFBJ08DA,8,66.17,住家用,鋼筋混凝土造,106年6月15日,十四層,三層 陽台 雨遮,全筆移轉
RPPNMLNLJIKGFBJ08DA,8,52.18,本共有部分之項目有停車空間、防空避難室兼停車空間、公共服務空間等三項,鋼筋混凝土造,106年6月15日,十四層,,持分移轉
RPPNMLNLJIKGFBJ08DA,8,13.00,本共有部分之項目有梯間、機房、水箱等三項,鋼筋混凝土造,106年6月15日,十四層,,持分移轉
RPWNMLLJKIKGFCJ58DA,1,86.20,辦公室,鋼筋混凝土造,113年12月26日,十四層,十四層 陽台,全筆移轉
RPWNMLLJKIKGFCJ58DA,1,50.36,本共有部分之項目有：停車空間、水箱、消防水箱、雨水回收槽、污水處理槽、消防機房、雨污水機房、台電配電室、電信室、發電機房、開放空間、管委會使用空間等１２項,鋼筋混凝土造,113年12月26日,十四層,,持分移轉
RPWNMLLJKIKGFCJ58DA,1,19.28,本共有部分之項目有：梯間、消防水箱、水箱、升降機房等４項,鋼筋混凝土造,113年12月26日,十四層,,持分移轉
RPVNMLLJKIKGFDJ58DA,,191.51,集合住宅,鋼筋混凝土造,114年5月13日,四層,一層 二層 三層 四層 陽台,全筆移轉
RPQOMLQJJIKGFDJ58DA,,99.12,住家用,鋼筋混凝土造,,三層,二層,全筆移轉
RPSOMLQJJIKGFDJ78DA,,99.12,住家用,鋼筋混凝土造,,三層,三層,全筆移轉
RPPOMLQJJIKGFDJ48DA,,90.96,住家用,鋼筋混凝土造,,三層,一層 騎樓,全筆移轉
RPPOMLRKKIKGFDJ78DA,7,184.66,集合住宅、停車空間、樓梯間,鋼筋混凝土造,107年8月2日,四層,一層 二層 三層 四層 陽台 屋頂突出物 屋簷,全筆移轉
RPPNMLPJKIKGFCJ38EA,30,93.78,住家用,鋼筋混凝土造,85年2月15日,十二層,五層 陽台,全筆移轉
RPPNMLPJKIKGFCJ38EA,30,2.90,共有部分,鋼筋混凝土造,85年2月15日,十二層,,持分移轉
RPPNMLPJKIKGFCJ38EA,30,6.94,共有部分,鋼筋混凝土造,85年2月15日,十二層,,持分移轉
RPPNMLPJKIKGFCJ38EA,30,7.20,共有部分,鋼筋混凝土造,85年2月15日,十二層,,持分移轉
RPPNMLPJKIKGFCJ38EA,30,7.04,共有部分,鋼筋混凝土造,85年2月15日,十二層,,持分移轉
RPPNMLPJKIKGFCJ38EA,30,6.87,共有部分,鋼筋混凝土造,85年2月15日,十二層,,持分移轉
RPRNMLLMIIKGFBJ08DA,30,42.78,商業用,鋼筋混凝土造,84年10月11日,六層,一層 平台,持分移轉
RPRNMLLMIIKGFBJ08DA,30,14.37,共有部分,鋼筋混凝土造,84年10月11日,六層,,持分移轉
RPRNMLLMIIKGFBJ08DA,30,7.09,共有部分,鋼筋混凝土造,84年10月11日,六層,,持分移轉
RPQNMLSKKIKGFBJ78EA,31,63.49,住家用,鋼筋混凝土造,83年5月4日,六層,四層 陽台,全筆移轉
RPQNMLSKKIKGFBJ78EA,31,9.20,共有部分,鋼筋混凝土造,83年5月4日,六層,,持分移轉
RPQNMLSKKIKGFBJ78EA,31,16.91,共有部分,鋼筋混凝土造,83年5月4日,七層,,持分移轉
RPRNMLPKKIKGFDJ68DA,33,126.86,住家用,加強磚造,82年3月10日,二層,一層 二層 陽台 平台 屋頂突出物,全筆移轉
RPSOMLTKKIKGFBJ09DA,1,87.77,集合住宅,鋼筋混凝土造,113年8月13日,十四層,六層 陽台,全筆移轉
RPSOMLTKKIKGFBJ09DA,1,134.15,本共有部分之項目有防空避難室、停車空間、管委會、公共服務空間、樓梯間、水箱、機械室等七項。,鋼筋混凝土造,113年8月13日,十四層,,持分移轉
RPUOMLKKKIKGFBJ38DA,7,88.90,住家用,鋼筋混凝土造,108年1月23日,十五層,九層 陽台 雨遮,全筆移轉
RPUOMLKKKIKGFBJ38DA,7,68.45,本共有部分之項目有防空避難室兼停車空間、停車空間、公共服務空間、管理室、樓梯間、水箱、機械室等七項。,鋼筋混凝土造,108年1月23日,十五層,,持分移轉
RPRNMLRKKIKGFDJ88DA,28,8.52,梯間,鋼筋混凝土造,86年12月28日,五層,,持分移轉
RPRNMLRKKIKGFDJ88DA,28,59.12,住家用,鋼筋混凝土造,86年12月28日,五層,二層 陽台,全筆移轉
RPPNMLOJKIKGFCJ18DA,7,.02,店舖,鋼筋混凝土造,108年3月4日,十四層,一層,持分移轉
RPPNMLOJKIKGFCJ18DA,7,83.01,集合住宅,鋼筋混凝土造,108年3月4日,十四層,四層 陽台,全筆移轉
RPPNMLOJKIKGFCJ18DA,7,.00,本共有部分項目有：樓電梯間、電梯間、樓梯間、消防水箱、水箱、昇降機房等共六項,鋼筋混凝土造,108年3月4日,十四層,,持分移轉
RPPNMLOJKIKGFCJ18DA,7,18.60,本共有部分項目有：樓電梯間、電梯間、樓梯間、消防水箱、水箱、昇降機房等共六項,鋼筋混凝土造,108年3月4日,十四層,,持分移轉
RPPNMLOJKIKGFCJ18DA,7,27.94,本共有部分項目有：停車空間、清水池、污水處理槽、機械室、台電配電室、電信室、開放空間、守衛室、發電機室等共九項,鋼筋混凝土造,108年3月4日,十四層,,持分移轉
RPPNMLOJKIKGFCJ18DA,7,20.97,本共有部分項目有：停車空間、清水池、污水處理槽、機械室、台電配電室、電信室、開放空間、守衛室、發電機室等共九項,鋼筋混凝土造,108年3月4日,十四層,,持分移轉
RPSNMLTLIIKGFBJ88DA,,119.80,住家用,加強磚造,,二層,一層 二層 騎樓,全筆移轉
RPOOMLRKKIKGFDJ68DA,25,109.28,住家用,鋼筋混凝土造,89年11月23日,五層,四層 陽台,全筆移轉
RPOOMLRKKIKGFDJ68DA,25,17.22,梯間,鋼筋混凝土造,89年11月23日,五層,,持分移轉
RPOOMLRKKIKGFDJ68DA,25,2.84,停車空間,鋼筋混凝土造,89年11月23日,五層,,持分移轉
RPWQMLNJJIKGFBJ88DA,16,149.84,住家用,鋼筋混凝土造,99年1月29日,十三層,七層 陽台 雨遮,全筆移轉
RPWQMLNJJIKGFBJ88DA,16,26.60,共有部分,鋼筋混凝土造,99年1月29日,十三層,,持分移轉
RPWQMLNJJIKGFBJ88DA,16,71.18,共有部分,鋼筋混凝土造,99年1月29日,十三層,,持分移轉
RPUNMLLJIIKGFDJ28DA,38,1455.56,辦公室，廠房，避難室,鋼筋混凝土造,76年11月7日,二層,一層 二層 地下層,全筆移轉
RPUNMLLJIIKGFDJ28DA,38,156.00,工業用,鋼筋混凝土造,76年11月7日,一層,一層,全筆移轉
RPUNMLLJIIKGFDJ28DA,23,2883.71,辦公室．廠房．梯間．機房,鋼筋混凝土造,92年1月16日,四層,一層 二層 三層 四層 夾層,全筆移轉
RPTNMLSKKIKGFDJ56DA,1,95.03,辦公室,鋼筋混凝土造,114年3月7日,九層,五層 陽台,全筆移轉
RPTNMLSKKIKGFDJ56DA,1,46.36,本共有部分之項目有停車空間、水箱、消防發電機房、台電配電室、電信機房、管委會空間（門牌：明新八街５６號）等６項,鋼筋混凝土造,114年3月7日,九層,,持分移轉
RPTNMLSKKIKGFDJ56DA,1,18.65,本共有部分之項目有樓梯間、消防水池、水箱、電梯機房等４項,鋼筋混凝土造,114年3月7日,九層,,持分移轉
RPWNMLMKKIKGFCJ78DA,6,82.38,集合住宅,鋼筋混凝土造,109年1月13日,十五層,十一層 陽台 雨遮,全筆移轉
RPWNMLMKKIKGFCJ78DA,6,68.27,本共有部分之項目有停車空間、管委會使用空間、門廊、樓電梯間、車道、其他、樓梯間、機械室、水箱等９項,鋼筋混凝土造,109年1月13日,十五層,,持分移轉
RPTNMLSLJIKGFDJ56DA,31,184.38,住家用,鋼筋混凝土造,83年7月27日,四層,一層 二層 三層 四層 陽台 平台 夾層,全筆移轉
RPPNMLMLKIKGFCJ28EA,,108.24,住家用,加強磚造,,二層,一層 二層,全筆移轉
RPPNMLPJKIKGFBJ18DA,15,154.41,住家用,鋼筋混凝土造,100年3月22日,十四層,九層 陽台 雨遮,全筆移轉
RPPNMLPJKIKGFBJ18DA,15,.05,管委會,鋼筋混凝土造,100年3月22日,十四層,一層,持分移轉
RPPNMLPJKIKGFBJ18DA,15,106.79,本共有部分之項目有防空避難室、停車空間、車道、梯間、垃圾集中區、公共服務空間、頂蓋式開放空間、水箱、機械室等九項,鋼筋混凝土造,100年3月22日,十四層,,持分移轉
RPPNMLPJKIKGFBJ18DA,15,3.42,本共有部分之項目有防空避難室、停車空間、車道、梯間、垃圾集中區、公共服務空間、頂蓋式開放空間、水箱、機械室等九項,鋼筋混凝土造,100年3月22日,十四層,,持分移轉
RPXPMLMLKIKGFBJ09DA,7,88.90,住家用,鋼筋混凝土造,108年1月23日,十五層,十五層 陽台 雨遮,全筆移轉
RPXPMLMLKIKGFBJ09DA,7,69.53,本共有部分之項目有防空避難室兼停車空間、停車空間、公共服務空間、管理室、樓梯間、水箱、機械室等七項。,鋼筋混凝土造,108年1月23日,十五層,,持分移轉
RPRNMLOJKIKGFDJ48DA,5,.13,共有部分,鋼筋混凝土造,109年11月24日,六層,,持分移轉
RPRNMLOJKIKGFDJ48DA,3,49.28,集合住宅,鋼筋混凝土造,111年11月18日,七層,一層,全筆移轉
RPRNMLOJKIKGFDJ48DA,3,68.56,本共有部分之項目有停車空間、梯間等２項,鋼筋混凝土造,111年11月18日,七層,,持分移轉
RPQOMLTKKIKGFBJ88DA,11,145.86,住家用,鋼筋混凝土造,103年9月24日,二十二層,十層 陽台 雨遮,全筆移轉
RPTNMLLLJIKGFBJ28DA,9,113.41,商業用,鋼筋混凝土造,105年7月29日,十四層,一層 陽台 見其他登記事項,全筆移轉
RPTNMLLLJIKGFBJ28DA,9,101.30,本共有部分之項目有停車空間兼防空避難室、開放空間、公共服務空間、管理室、樓梯間、水箱、機房等七項。,鋼筋混凝土造,105年7月29日,十四層,,持分移轉
RPQOMLTKKIKGFBJ88DA,11,92.25,本共有部分之項目有停車空間、水箱、消防機房、汙水機房、防空避難室兼停車空間、電信室、台電配電室、管理員室、垃圾室、防災中心、排煙室、頂蓋型開放空間、公共服務空間、機房、樓梯間、昇降機間、中繼機房等十八項。,鋼筋混凝土造,103年9月24日,二十三層,,持分移轉
RPQOMLTKKIKGFBJ88DA,11,32.03,本共有部分之項目有排煙室、梯間等二項。,鋼筋混凝土造,103年9月24日,二十三層,,持分移轉
RPPNMLLKIIKGFBJ67DA,21,.03,警衛室,鋼筋混凝土造,93年10月18日,十四層,一層,持分移轉
RPPOMLOKIIKGFBJ08DA,32,89.68,住家用,鋼筋混凝土造,82年7月30日,七層,五層 陽台,全筆移轉
RPPNMLLKIIKGFBJ67DA,21,87.93,住家用,鋼筋混凝土造,93年10月18日,十四層,十三層 陽台 雨遮,全筆移轉
RPPNMLLKIIKGFBJ67DA,21,23.14,共有部分,鋼筋混凝土造,93年10月18日,十四層,,持分移轉
RPPOMLOKIIKGFBJ08DA,32,16.32,共有部分,鋼筋混凝土造,82年7月30日,七層,,持分移轉
RPPNMLLKIIKGFBJ67DA,21,20.34,共有部分,鋼筋混凝土造,93年10月18日,十四層,,持分移轉
RPPNMLLKIIKGFBJ67DA,21,11.75,共有部分,鋼筋混凝土造,93年10月18日,十四層,,持分移轉
RPOOMLPJJIKGFBJ08DA,17,19.32,商業用,鋼筋混凝土造,98年1月23日,七層,七層 陽台,全筆移轉
RPOOMLPJJIKGFBJ08DA,17,10.92,共有部分,鋼筋混凝土造,98年1月23日,七層,,持分移轉
RPTNMLQKKIKGFCJ88DA,7,.02,店舖,鋼筋混凝土造,108年3月4日,十四層,一層,持分移轉
RPROMLRKKIKGFBJ78DA,32,222.47,住家用,鋼筋混凝土造,82年9月14日,七層,一層 地下一層,全筆移轉
RPTNMLQKKIKGFCJ88DA,7,54.44,集合住宅,鋼筋混凝土造,108年3月4日,十四層,三層 陽台,全筆移轉
RPROMLRKKIKGFBJ78DA,32,12.97,共有部分,鋼筋混凝土造,82年9月14日,七層,,持分移轉
RPROMLRKKIKGFBJ78DA,32,16.32,共有部分,鋼筋混凝土造,82年9月14日,七層,,持分移轉
RPTNMLQKKIKGFCJ88DA,7,.00,本共有部分項目有：樓電梯間、電梯間、樓梯間、消防水箱、水箱、昇降機房等共六項,鋼筋混凝土造,108年3月4日,十四層,,持分移轉
RPTNMLQKKIKGFCJ88DA,7,13.79,本共有部分項目有：樓電梯間、電梯間、樓梯間、消防水箱、水箱、昇降機房等共六項,鋼筋混凝土造,108年3月4日,十四層,,持分移轉
RPTNMLQKKIKGFCJ88DA,7,27.94,本共有部分項目有：停車空間、清水池、污水處理槽、機械室、台電配電室、電信室、開放空間、守衛室、發電機室等共九項,鋼筋混凝土造,108年3月4日,十四層,,持分移轉
RPTNMLQKKIKGFCJ88DA,7,12.34,本共有部分項目有：停車空間、清水池、污水處理槽、機械室、台電配電室、電信室、開放空間、守衛室、發電機室等共九項,鋼筋混凝土造,108年3月4日,十四層,,持分移轉
RPPNMLQLKIKGFCJ68EA,15,55.54,辦公室,鋼筋混凝土造,99年12月31日,十層,五層 陽台 雨遮,全筆移轉
RPPNMLQLKIKGFCJ68EA,15,41.25,共有部分,鋼筋混凝土造,99年12月31日,十層,,持分移轉
RPPNMLQLKIKGFCJ68EA,15,13.51,共有部分,鋼筋混凝土造,99年12月31日,十層,,持分移轉
RPPNMLSLJIKGFCJ68DA,4,91.99,集合住宅,鋼筋混凝土造,111年1月1日,十二層,五層 陽台,全筆移轉
RPTNMLKMIIKGFDJ38DA,1,75.61,集合住宅,鋼筋混凝土造,113年11月15日,十四層,一層 陽台,全筆移轉
RPPNMLSLJIKGFCJ68DA,4,71.70,本共有部分之項目有停車空間、機房、樓梯間、消防補充水箱、電梯機房、水箱及管委會等七項,鋼筋混凝土造,111年1月1日,十二層,,持分移轉
RPTNMLKMIIKGFDJ38DA,1,60.45,本共有部分之項目有停車空間、集合住宅（附屬管委會使用空間門廳）、集合住宅（附屬梯間）、梯間、機械室、水箱等６項,鋼筋混凝土造,113年11月15日,十四層,,持分移轉
RPPOMLKMKIKGFCJ18DA,31,.36,守衛室,鋼筋混凝土造,83年11月21日,十三層,雨遮 管理員室（警衛室）,持分移轉
RPPOMLKMKIKGFCJ18DA,31,93.45,住家用,鋼筋混凝土造,83年11月21日,十三層,十三層 陽台,全筆移轉
RPPOMLKMKIKGFCJ18DA,31,14.01,共有部分,鋼筋混凝土造,83年11月21日,十三層,,持分移轉
RPPOMLKMKIKGFCJ18DA,31,21.07,共有部分,鋼筋混凝土造,83年11月21日,十三層,,持分移轉
RPPOMLKMKIKGFCJ18DA,31,9.96,共有部分,鋼筋混凝土造,83年11月21日,十三層,,持分移轉
RPSNMLMKJIKGFBJ18DA,5,148.25,辦公室,鋼筋混凝土造,109年10月24日,十九層,八層 陽台 雨遮,全筆移轉
RPSNMLMKJIKGFBJ18DA,5,126.56,本共有部分之項目有：防空避難室兼停車空間、停車空間、管理員室、開放空間、管委會空間、樓梯間、排煙室、水箱、機房等九項。,鋼筋混凝土造,109年10月24日,十九層,,持分移轉
RPTNMLNKIIKGFCJ38DA,33,98.71,住家用,鋼筋混凝土造,82年2月4日,五層,二層 陽台,全筆移轉
RPPNMLMJJHLGFBJ77DA,20,95.89,商業用,鋼筋混凝土造,94年11月16日,十三層,一層 二層 陽台 騎樓 雨遮,全筆移轉
RPPNMLMJJHLGFBJ77DA,20,6.48,共有部分,鋼筋混凝土造,94年11月16日,十三層,,持分移轉
RPPNMLMJJHLGFBJ77DA,20,11.21,共有部分,鋼筋混凝土造,94年11月16日,十三層,,持分移轉
RPXNMLMJKIKGFDJ88DA,,163.80,停車空間、集合住宅、樓梯間,鋼筋混凝土造,114年6月3日,三層,一層 二層 三層 陽台 見其他登記事項,全筆移轉
RPPNMLSLKIKGFDJ88DA,,58.50,住家用,鋼筋混凝土造,,四層,四層,全筆移轉
RPRNMLLMKIKGFDJ48DA,3,157.44,店舖、停車空間、集合住宅,鋼筋混凝土造,112年3月30日,四層,一層 二層 三層 四層 陽台,全筆移轉
RPUNMLMKKIKGFDJ68DA,,59.75,集合住宅,鋼筋混凝土造,114年10月9日,十三層,八層 陽台,全筆移轉
RPUNMLMKKIKGFDJ68DA,,58.46,防空避難室兼停車空間、蓄水池、消防泵浦室、雨污水機房、梯間、停車空間、電信室、台電配電場所、發電機房、垃圾儲藏室、管委會使用空間、公共服務空間、機械室、水箱等１４項,鋼筋混凝土造,114年10月9日,十三層,,持分移轉
RPRNMLLJKIKGFBJ97DA,16,.01,商業用,鋼筋混凝土造,98年5月4日,十五層,一層,持分移轉
RPRNMLLJKIKGFBJ97DA,16,87.86,住家用,鋼筋混凝土造,98年5月4日,十五層,十五層 陽台 雨遮,全筆移轉
RPRNMLLJKIKGFBJ97DA,16,32.10,共有部分,鋼筋混凝土造,98年5月4日,十五層,,持分移轉
RPRNMLLJKIKGFBJ97DA,16,7.56,共有部分,鋼筋混凝土造,98年5月4日,十五層,,持分移轉
RPRNMLLJKIKGFBJ97DA,16,.01,共有部分,鋼筋混凝土造,98年5月4日,十五層,,持分移轉
RPRNMLLJKIKGFBJ97DA,16,27.47,共有部分,鋼筋混凝土造,98年5月4日,十五層,,持分移轉
RPXNMLTLKIKGFCJ07DA,5,64.10,集合住宅,鋼筋混凝土造,110年1月28日,十三層,二層 陽台,全筆移轉
RPXNMLTLKIKGFCJ07DA,5,65.38,共有部分主要用途項目有：停車空間、開放空間、公共服務空間、梯間、機房、水箱等６項,鋼筋混凝土造,110年1月28日,十三層,,持分移轉
RPRNMLMJJHLGFBJ97DA,13,102.53,住家用,鋼筋混凝土造,101年10月12日,十五層,十三層 陽台 雨遮,全筆移轉
RPRNMLMJJHLGFBJ97DA,13,58.97,本共有部分之項目有：防空避難室兼停車空間、梯間、蓄水池、消防泵浦室、開放空間、管理空間、垃圾處理室等七項,鋼筋混凝土造,101年10月12日,十五層,,持分移轉
RPRNMLMJJHLGFBJ97DA,13,19.34,本共有部分之項目有：梯間、機房、水箱等三項,鋼筋混凝土造,101年10月12日,十五層,,持分移轉
RPSNMLPJJIKGFDJ58DA,,93.03,住家用,鋼筋混凝土造,,三層,一層 騎樓,全筆移轉
RPPNMLNJKIKGFDJ18DA,,101.44,住家用,鋼筋混凝土造,,三層,二層,全筆移轉
RPUNMLPJJHLGFDJ78DA,24,203.50,店舖．住宅．停車空間,鋼筋混凝土造,91年2月7日,四層,一層 二層 三層 四層 陽台,全筆移轉
RPWNMLPJJIKGFDJ98DA,,101.44,住家用,鋼筋混凝土造,,三層,三層,全筆移轉
RPSNMLQKKIKGFDJ88DA,25,88.38,住家用,鋼筋混凝土造,89年7月30日,五層,四層 陽台,全筆移轉
RPSNMLQKKIKGFDJ88DA,25,35.15,梯間．水箱．停車空間,鋼筋混凝土造,89年7月30日,五層,,持分移轉
RPVNMLQLKIKGFBJ09DA,,8.59,共有部分,鋼筋混凝土造,,五層,,持分移轉
RPVNMLQLKIKGFBJ09DA,,28.02,住家用,鋼筋混凝土造,,五層,一層 平台,全筆移轉
RPRNMLTLKIKGFBJ98DA,,48.20,集合住宅,鋼筋混凝土造,114年8月7日,五層,二層 陽台,全筆移轉
RPRNMLTLKIKGFBJ98DA,,23.22,本共有部分之項目有停車空間、樓梯間等二項。,鋼筋混凝土造,114年8月7日,五層,,持分移轉
RPQNMLMJJHLGFBJ97EA,17,35.16,商業用,鋼筋混凝土造,97年6月9日,九層,二層 陽台 雨遮,全筆移轉
RPQNMLMJJHLGFBJ97EA,17,.08,管理員室,鋼筋混凝土造,97年6月9日,九層,一層,持分移轉
RPQNMLMJJHLGFBJ97EA,17,10.44,共有部分,鋼筋混凝土造,97年6月9日,九層,,持分移轉
RPQNMLMJJHLGFBJ97EA,17,5.00,共有部分,鋼筋混凝土造,97年6月9日,九層,,持分移轉
RPQNMLMJJHLGFBJ97EA,17,9.09,共有部分,鋼筋混凝土造,97年6月9日,九層,,持分移轉
RPXNMLPJJHLGFBJ88DA,7,65.14,住家用,鋼筋混凝土造,107年11月28日,十五層,十三層 陽台,全筆移轉
RPXNMLPJJHLGFBJ88DA,7,66.72,本共有部分之項目有附屬防空避難室兼停車空間、汙水機房、蓄水池、發電機房、儲藏室、梯間、電信室、台電配電場所、公共服務空間、垃圾冷藏室、機械室、水箱、停車空間、消防泵浦室等１４項。,鋼筋混凝土造,107年11月28日,十五層,,持分移轉
RPRNMLTLKIKGFCJ09DA,26,82.30,住家用,鋼筋混凝土造,89年4月27日,五層,四層 陽台,全筆移轉
RPRNMLTLKIKGFCJ09DA,26,.02,管理室,鋼筋混凝土造,89年4月27日,五層,一層,持分移轉
RPRNMLTLKIKGFCJ09DA,26,13.64,共有部分,鋼筋混凝土造,89年4月27日,五層,,持分移轉
RPWNMLTLKIKGFCJ96DA,29,142.81,住家用,鋼筋混凝土造,85年12月7日,三層,一層 二層 三層 見其他登記事項,全筆移轉
RPRNMLTLKIKGFCJ09DA,26,9.83,停車空間,鋼筋混凝土造,89年4月27日,五層,,持分移轉
RPWNMLTLKIKGFCJ96DA,29,2.40,工業用,鋼筋混凝土造,85年11月5日,三層,一層 地下一層 地下二層,持分移轉
RPRNMLTLKIKGFCJ09DA,26,25.22,停車空間,鋼筋混凝土造,89年4月27日,五層,,持分移轉
RPSNMLPJJHLGFCJ58EA,31,93.45,住家用,鋼筋混凝土造,83年11月21日,十三層,三層 陽台,全筆移轉
RPSNMLPJJHLGFCJ58EA,31,14.01,共有部分,鋼筋混凝土造,83年11月21日,十三層,,持分移轉
RPSNMLPJJHLGFCJ58EA,31,9.96,共有部分,鋼筋混凝土造,83年11月21日,十三層,,持分移轉
RPQNMLQJJHLGFBJ28DA,33,116.47,住家用,鋼筋混凝土造,82年2月12日,九層,八層 陽台,全筆移轉
RPQNMLQJJHLGFBJ28DA,33,36.36,共有部分,鋼筋混凝土造,82年2月12日,九層,,持分移轉
RPTNMLQKKIKGFCJ98EA,1,108.35,住家用,鋼筋混凝土造,114年1月16日,三層,一層 二層 三層 陽台 見其他登記事項,全筆移轉
RPPNMLQLJIKGFBJ38DA,30,92.74,住家用,鋼筋混凝土造,84年10月20日,五層,三層 陽台 花台 雨遮 夾層,全筆移轉
RPPNMLQLJIKGFBJ38DA,30,5.83,見使用執照,鋼筋混凝土造,84年10月20日,五層,,持分移轉
RPXPMLLLIIKGFCJ88DA,20,209.48,農舍,鋼筋混凝土造,94年5月3日,三層,一層 二層 三層 陽台,全筆移轉
RPPNMLRJJHLGFBJ38EA,115,92.02,住家用,土造,0年3月5日,一層,一層,持分移轉
RPRNMLQJJHLGFBJ38DA,31,79.02,住家用,鋼筋混凝土造,83年5月18日,八層,二層 陽台,全筆移轉
RPRNMLQJJHLGFBJ38DA,31,17.60,共有部分,鋼筋混凝土造,83年5月18日,八層,,持分移轉
RPRNMLQJJHLGFBJ38DA,31,10.75,共有部分,鋼筋混凝土造,83年5月18日,八層,,持分移轉
RPPNMLPJJHLGFBJ18EA,17,84.49,住家用,鋼筋混凝土造,97年6月27日,十四層,六層 陽台 雨遮,全筆移轉
RPPNMLPJJHLGFBJ18EA,17,.02,管理員室,鋼筋混凝土造,97年6月27日,十四層,一層,持分移轉
RPPNMLPJJHLGFBJ18EA,17,19.67,共有部分,鋼筋混凝土造,97年6月27日,十四層,,持分移轉
RPPNMLPJJHLGFBJ18EA,17,57.66,共有部分,鋼筋混凝土造,97年6月27日,十四層,,持分移轉
RPPNMLPJJHLGFBJ18EA,17,17.08,共有部分,鋼筋混凝土造,97年6月27日,14,,持分移轉
RPQNMLPJJHLGFCJ38EA,53,232.88,住家用,加強磚造,62年1月16日,三層,一層 二層 三層 騎樓,全筆移轉
RPWNMLRJJHLGFBJ98DA,6,85.59,住家用,鋼筋混凝土造,108年4月16日,十四層,三層 陽台,全筆移轉
RPWNMLRJJHLGFBJ98DA,6,90.15,本共有部分之項目有停車空間、防空避難室兼停車空間、公共服務空間、垃圾貯藏空間、梯間、機房、水箱等七項。,鋼筋混凝土造,108年4月16日,十四層,,持分移轉
RPWOMLRJJHLGFBJ09DA,8,136.06,住家用,鋼筋混凝土造,106年7月5日,二十二層,十五層 陽台,全筆移轉
RPWOMLRJJHLGFBJ09DA,8,17.71,本共有部分之項目有社區服務空間、防空避難室兼停車空間、停車空間等三項。,鋼筋混凝土造,106年7月5日,二十二層,,持分移轉
RPWOMLRJJHLGFBJ09DA,8,44.45,本共有部分之項目有中繼機房、梯廳、機房、水箱等四項。,鋼筋混凝土造,106年7月5日,二十二層,,持分移轉
RPWOMLRJJHLGFBJ09DA,8,77.67,本共有部分之項目有防空避難室兼停車空間、停車空間等二項。,鋼筋混凝土造,106年7月5日,二十二層,,持分移轉
RPWOMLRJJHLGFBJ09DA,8,3.85,本共有部分之項目有防空避難室兼停車空間等一項。,鋼筋混凝土造,106年7月5日,二十二層,,持分移轉
RPVNMLLMIIKGFBJ48DA,8,71.86,住家用,鋼筋混凝土造,106年7月5日,二十層,十五層 陽台,全筆移轉
RPVNMLLMIIKGFBJ48DA,8,8.66,本共有部分之項目有社區服務空間、防空避難室兼停車空間、停車空間等三項。,鋼筋混凝土造,106年7月5日,二十二層,,持分移轉
RPVNMLLMIIKGFBJ48DA,8,30.89,本共有部分之項目有中繼機房、梯廳、機房、水箱等四項。,鋼筋混凝土造,106年7月5日,二十層,,持分移轉
RPVNMLLMIIKGFBJ48DA,8,38.83,本共有部分之項目有防空避難室兼停車空間、停車空間等二項。,鋼筋混凝土造,106年7月5日,二十二層,,持分移轉
RPVNMLLMIIKGFBJ48DA,8,3.85,本共有部分之項目有防空避難室兼停車空間等一項。,鋼筋混凝土造,106年7月5日,二十二層,,持分移轉
RPUPMLSJJHLGFBJ09DA,28,85.87,住家用,鋼筋混凝土造,86年5月12日,八層,二層 陽台 花台,全筆移轉
RPUPMLSJJHLGFBJ09DA,28,20.22,共有部分,鋼筋混凝土造,86年5月12日,八層,,持分移轉
RPUPMLSJJHLGFBJ09DA,28,10.20,共有部分,鋼筋混凝土造,86年5月12日,八層,,持分移轉
RPVNMLRJJHLGFCJ98DA,29,41.67,共有部分,鋼筋混凝土造,85年12月31日,四層,,持分移轉
RPVNMLRJJHLGFCJ98DA,28,61.44,住家用,鋼筋混凝土造,86年6月16日,八層,四層 陽台 雨遮,全筆移轉
RPVNMLRJJHLGFCJ98DA,28,8.51,共有部分,鋼筋混凝土造,86年6月16日,八層,,持分移轉
RPVNMLRJJHLGFCJ98DA,28,.72,共有部分,鋼筋混凝土造,86年6月16日,八層,,持分移轉
RPSNMLKKJHLGFCJ08DA,2,365.57,住家用,鋼筋混凝土造,113年1月31日,三層,一層 二層 三層 陽台,全筆移轉
RPRNMLMKKIKGFCJ28DA,32,99.41,住家用,鋼筋混凝土造,82年6月22日,六層,一層 平台,全筆移轉
RPRNMLMKKIKGFCJ28DA,32,12.06,共有部分,鋼筋混凝土造,82年6月22日,六層,,持分移轉
RPRNMLMKKIKGFCJ28DA,32,33.80,共有部分,鋼筋混凝土造,82年6月22日,六層,,持分移轉
RPOOMLLKJIKGFBJ77DA,26,184.00,住家用,鋼筋混凝土造,88年12月14日,三層,一層 二層 三層 陽台 平台 屋頂突出物 雨遮 地下層,全筆移轉
RPOOMLLKJIKGFBJ77DA,26,18.20,共有部分,鋼筋混凝土造,88年12月14日,三層,,持分移轉
RPQNMLQJJHLGFDJ48DA,37,456.88,辦公室，避難室,鋼筋混凝土造,77年5月13日,二層,一層 二層 地下層,全筆移轉
RPQNMLQJJHLGFDJ48DA,38,864.00,工業用,鋼造,76年6月16日,一層,一層,全筆移轉
RPQNMLQJJHLGFDJ48DA,37,198.00,工業用,鋼造,77年5月13日,一層,一層,全筆移轉
RPRNMLRJIIKGFCJ48DA,,254.86,住家用,鋼筋混凝土造,,三層,一層 二層 三層 陽台 平台 屋頂突出物 地下層,全筆移轉
RPRNMLRJIIKGFCJ48DA,33,30.50,共有部分,鋼筋混凝土造,81年12月7日,3,,持分移轉
RPPNMLSJJIKGFDJ58DA,1,203.66,集合住宅、停車空間,鋼筋混凝土造,113年7月29日,四層,一層 二層 三層 四層 陽台,全筆移轉
RPRNMLQJJHLGFDJ58DA,35,972.00,工業用,鋼造,80年3月12日,一層,一層,全筆移轉
RPRNMLQJJHLGFDJ58DA,35,245.00,工業用,鋼造,80年3月12日,一層,一層,全筆移轉
RPRNMLQJJHLGFDJ58DA,35,484.00,廠房．員工宿舍,鋼造,80年3月12日,一層,一層 二層,全筆移轉
RPRNMLNKJHLGFBJ18DA,16,140.11,住家用,鋼筋混凝土造,98年12月23日,十三層,八層 陽台 雨遮,全筆移轉
RPRNMLNKJHLGFBJ18DA,16,109.48,共有部分,鋼筋混凝土造,98年12月23日,十三層,,持分移轉
RPPNMLPJJHLGFDJ28DA,75,154.40,商業用,土造,40年3月1日,二層,一層 二層 騎樓,全筆移轉
RPPOMLTJJHLGFCJ68DA,10,252.15,集合住宅、店鋪,鋼筋混凝土造,104年5月1日,三層,一層 二層 三層 陽台 地下一層 見其他登記事項,全筆移轉
RPPOMLTJJHLGFCJ68DA,10,19.85,本共有部分之項目有台電配電室,鋼筋混凝土造,104年5月1日,三層,,持分移轉
RPWNMLKLIIKGFBJ38DA,30,.27,住家用,鋼筋混凝土造,84年11月16日,八層,一層,持分移轉
RPWNMLKLIIKGFBJ38DA,30,82.80,住家用,鋼筋混凝土造,84年11月16日,八層,五層 陽台,全筆移轉
RPWNMLKLIIKGFBJ38DA,30,10.60,共有部分,鋼筋混凝土造,84年11月16日,八層,,持分移轉
RPWNMLKLIIKGFBJ38DA,30,5.64,共有部分,鋼筋混凝土造,84年11月16日,八層,,持分移轉
RPWNMLKLIIKGFBJ38DA,30,11.71,共有部分,鋼筋混凝土造,84年11月16日,八層,,持分移轉
RPRNMLMKJHLGFDJ28DA,7,53.04,住家用,鋼筋混凝土造,107年8月14日,五層,四層 陽台,全筆移轉
RPRNMLMKJHLGFDJ28DA,7,13.10,本共有部分之項目有停車空間、樓梯間等２項,鋼筋混凝土造,107年8月14日,五層,,持分移轉
RPRNMLOKJHLGFCJ38DA,,123.15,住家用,鋼筋混凝土造,,二層,一層 二層,全筆移轉
RPUNMLMKJHLGFCJ48DA,25,85.27,住家用,鋼筋混凝土造,89年4月27日,五層,五層 陽台,全筆移轉
RPUNMLMKJHLGFCJ48DA,25,.02,管理室,鋼筋混凝土造,89年4月27日,五層,一層,持分移轉
RPUNMLMKJHLGFCJ48DA,25,13.93,共有部分,鋼筋混凝土造,89年4月27日,五層,,持分移轉
RPUNMLMKJHLGFCJ48DA,25,10.18,停車空間,鋼筋混凝土造,89年4月27日,五層,,持分移轉
RPUNMLMKJHLGFCJ48DA,25,25.22,停車空間,鋼筋混凝土造,89年4月27日,五層,,持分移轉
RPPNMLRLKIKGFCJ68DA,1,77.52,集合住宅,鋼筋混凝土造,114年1月22日,八層,四層 陽台,全筆移轉
RPPNMLRLKIKGFCJ68DA,1,26.48,本共有部分之項目有停車空間、樓梯間、機械式及水箱等四項,鋼筋混凝土造,114年1月22日,八層,,持分移轉
RPTNMLNKJHLGFBJ38DA,5,64.72,集合住宅,鋼筋混凝土造,109年8月19日,十四層,九層 陽台,全筆移轉
RPQNMLTKKIKGFBJ78DA,47,106.64,住商用,加強磚造,67年12月30日,三層,一層 二層 三層,全筆移轉
RPOOMLPKJHLGFBJ18DA,13,98.28,住家用,鋼筋混凝土造,101年4月5日,十二層,二層 陽台 雨遮,全筆移轉
RPTNMLNKJHLGFBJ38DA,5,61.13,本共有部分之項目有防空避難室兼停車空間、停車空間、機車停車空間、開放空間公共服務空間、梯間、水箱、機械室等七項。,鋼筋混凝土造,109年8月19日,十四層,,持分移轉
RPOOMLPKJHLGFBJ18DA,13,48.48,本共有部分之項目有：防空避難室、停車空間、開放空間、管委會、垃圾暫存區等五項,鋼筋混凝土造,101年4月5日,十二層,,持分移轉
RPOOMLPKJHLGFBJ18DA,13,15.78,本共有部分之項目有：樓梯間、水箱、機械室等三項,鋼筋混凝土造,101年4月5日,十二層,,持分移轉
RPOPMLRLIIKGFDJ68DA,45,95.14,住家用,加強磚造,70年2月26日,二層,一層 二層,全筆移轉
RPPNMLSJIIKGFDJ48DA,30,68.37,住家用,鋼筋混凝土造,84年8月1日,四層,一層 平台,全筆移轉
RPPNMLSJIIKGFDJ48DA,30,7.09,共有部分,鋼筋混凝土造,84年8月1日,四層,,持分移轉
RPQNMLPKJHLGFCJ38DA,44,116.80,農舍,加強磚造,70年6月15日,二層,一層 二層,全筆移轉
RPQNMLMLJHLGFBJ08DA,6,88.20,住家用,鋼筋混凝土造,108年9月29日,十四層,五層 陽台 雨遮,全筆移轉
RPQNMLMLJHLGFBJ08DA,6,69.36,本共有部分之項目有防空避難室兼停車空間、停車空間、台電配電室、車道、公共服務空間、開放空間、集中式垃圾貯存空間、樓電梯間、機械室、機房、水箱等十一項。,鋼筋混凝土造,108年9月29日,十四層,,持分移轉
RPPOMLTKJHLGFCJ78DA,1,101.23,辦公室,鋼筋混凝土造,113年7月29日,十四層,十三層 陽台,全筆移轉
RPPOMLTKJHLGFCJ78DA,1,85.56,本共有部分之項目有停車空間、水箱、消防水箱、雨水回收槽、污水處理槽、消防機房、雨污水機房、台電配電室、電信室、發電機房、開放空間、管委會使用空間等１２項,鋼筋混凝土造,113年7月29日,十四層,,持分移轉
RPPOMLTKJHLGFCJ78DA,1,22.69,本共有部分之項目有梯間、消防水箱、水箱、昇降機房等４項,鋼筋混凝土造,113年7月29日,十四層,,持分移轉
RPRNMLSKKIKGFBJ78DA,15,71.14,住家用,鋼筋混凝土造,99年12月14日,十五層,三層 陽台 雨遮,全筆移轉
RPRNMLSKKIKGFBJ78DA,15,44.17,本共有部分之項目有防空避難室、停車空間、垃圾處理室、管理空間、廣場式開放空間、蓄水池、消防泵浦室等七項,鋼筋混凝土造,99年12月14日,十五層,,持分移轉
RPRNMLSKKIKGFBJ78DA,15,17.10,本共有部分之項目有梯間等一項,鋼筋混凝土造,99年12月14日,十五層,,持分移轉
RPSNMLKMIIKGFDJ28DA,1,76.64,集合住宅,鋼筋混凝土造,113年11月15日,十四層,十四層 陽台,全筆移轉
RPSNMLKMIIKGFDJ28DA,1,60.84,本共有部分之項目有停車空間、集合住宅（附屬管委會使用空間門廳）、集合住宅（附屬梯間）、梯間、機械室、水箱等６項,鋼筋混凝土造,113年11月15日,十四層,,持分移轉
RPRNMLKLJHLGFBJ97DA,31,83.01,住家用,鋼筋混凝土造,83年6月22日,八層,七層 陽台,全筆移轉
RPRNMLKLJHLGFBJ97DA,31,10.28,共有部分,鋼筋混凝土造,83年6月22日,八層,,持分移轉
RPRNMLKLJHLGFBJ97DA,31,7.06,共有部分,鋼筋混凝土造,83年6月22日,八層,,持分移轉
RPWNMLQJJHLGFDJ09DA,1,57.80,集合住宅,鋼筋混凝土造,113年7月5日,九層,五層 陽台,全筆移轉
RPWNMLQJJHLGFDJ09DA,1,63.58,本共有部分之項目有停車空間、排煙室、樓梯間、昇降機間、消防機房、機房、車道、電信室、水箱、台電配電室、緊急發電機室、垃圾集中室、管委會使用空間、梯廳、水錶區、梯間、電梯機房等１７項,鋼筋混凝土造,113年7月5日,九層,,持分移轉
RPRNMLMJKIKGFDJ28DA,10,62.38,集合住宅,鋼筋混凝土造,104年10月10日,七層,六層 陽台 雨遮,全筆移轉
RPRNMLMJKIKGFDJ28DA,10,15.59,停車空間、防空避難室兼停車空間、管委會空間、雨遮,鋼筋混凝土造,104年10月10日,七層,,持分移轉
RPRNMLMJKIKGFDJ28DA,10,10.53,樓梯間、機械室、水箱,鋼筋混凝土造,104年10月10日,七層,,持分移轉
RPUNMLMLIIKGFBJ38DA,7,89.75,住家用,鋼筋混凝土造,107年12月12日,十三層,五層 陽台 雨遮,全筆移轉
RPUNMLMLIIKGFBJ38DA,7,17.26,本共有部分之項目有梯間、機房、水箱等３項。,鋼筋混凝土造,107年12月12日,十三層,,持分移轉
RPUNMLMLIIKGFBJ38DA,7,46.64,本共有部分之項目有防空避難室兼停車空間、停車空間、開放空間、管理員室等４項。,鋼筋混凝土造,107年12月12日,十三層,,持分移轉
RPUVMLTKJHLGFDJ47DA,1,57.80,集合住宅,鋼筋混凝土造,113年7月5日,九層,三層 陽台,全筆移轉
RPUVMLTKJHLGFDJ47DA,1,63.58,本共有部分之項目有停車空間、排煙室、樓梯間、昇降機間、消防機房、機房、車道、電信室、水箱、台電配電室、緊急發電機室、垃圾集中室、管委會使用空間、梯廳、水錶區、梯間、電梯機房等１７項,鋼筋混凝土造,113年7月5日,九層,,持分移轉
RPTNMLOJKIKGFCJ58DA,1,313.46,住家用,鋼筋混凝土造,113年9月24日,三層,一層 二層 三層 陽台,全筆移轉
RPRNMLMLJHLGFDJ38DA,,193.40,集合住宅,鋼筋混凝土造,114年9月25日,五層,一層 二層 三層 四層 五層,全筆移轉
RPQNMLMJKIKGFDJ18DA,32,153.99,住家用,鋼筋混凝土造,82年9月6日,三層,一層 二層 三層 陽台 屋頂突出物,全筆移轉
RPRNMLKKJIKGFBJ87DA,12,90.52,住家用,鋼筋混凝土造,102年10月24日,十四層,十一層 陽台,全筆移轉
RPRNMLKKJIKGFBJ87DA,12,75.66,本共有部分之項目有停車空間、防空避難室、管理員室、公共服務空間、機械室、水箱、電梯間等七項。,鋼筋混凝土造,102年10月24日,十四層,,持分移轉
RPPNMLMJKIKGFDJ08DA,33,171.22,住家用,鋼筋混凝土造,81年12月4日,三層,一層 二層 三層 陽台 平台 屋頂突出物,全筆移轉
RPTNMLMKJHLGFCJ38DA,31,112.06,住家用,鋼筋混凝土造,83年12月27日,九層,二層 陽台 花台,全筆移轉
RPTNMLMKJHLGFCJ38DA,31,58.16,共有部分,鋼筋混凝土造,83年12月27日,九層,,持分移轉
RPVVMLTKJHLGFDJ57DA,,107.40,住家用,加強磚造,,二層,一層 二層 騎樓,全筆移轉
RPQNMLMLJHLGFDJ28DA,,269.99,集合住宅,鋼筋混凝土造,114年9月25日,五層,一層 二層 三層 四層 五層 陽台,全筆移轉
RPSNMLMLJHLGFDJ48DA,,199.00,集合住宅,鋼筋混凝土造,114年9月25日,五層,一層 二層 三層 四層 五層,全筆移轉
RPQNMLSLJHLGFDJ88DA,,44.88,集合住宅,鋼筋混凝土造,114年8月7日,五層,五層 陽台,全筆移轉
RPQNMLRLJHLGFBJ58DA,14,105.80,住家用,鋼筋混凝土造,100年5月12日,十三層,四層 陽台 雨遮,全筆移轉
RPQNMLRLJHLGFBJ58DA,14,74.25,本共有部分之項目有防空避難室、停車空間、排煙室、梯間等四項,鋼筋混凝土造,100年5月12日,十三層,,持分移轉
RPQNMLSLJHLGFDJ88DA,,10.26,本共有部分之項目有停車空間、集合住宅、樓梯間、機械室等４項,鋼筋混凝土造,114年8月7日,五層,,持分移轉
RPUNMLTJKIKGFBJ09DA,,73.20,集合住宅,鋼筋混凝土造,114年9月5日,五層,二層 陽台,全筆移轉
RPUNMLTJKIKGFBJ09DA,,44.98,本共有部分之項目有停車空間、樓梯間、機房、水箱等四項。,鋼筋混凝土造,114年9月5日,五層,,持分移轉
RPPNMLPLKIKGFDJ58DA,1,187.87,集合住宅、停車空間,鋼筋混凝土造,113年7月29日,四層,一層 二層 三層 四層 陽台,全筆移轉
RPSOMLRJJHLGFBJ68DA,9,58.77,住家用,鋼筋混凝土造,105年11月1日,二十三層,二十三層 陽台 雨遮,全筆移轉
RPSOMLRJJHLGFBJ68DA,9,39.67,本共有部分之項目有停車空間、防空避難室兼停車空間等二項。,鋼筋混凝土造,105年11月1日,二十三層,,持分移轉
RPSOMLRJJHLGFBJ68DA,9,20.28,本共有部分之項目有店舖、管委會使用空間、沿街步道式、廣場式（有頂蓋）開放空間、梯間、機械式、水箱等七項。,鋼筋混凝土造,105年11月1日,二十三層,,持分移轉
RPSNMLTKJHLGFBJ88DA,11,245.04,店舖（附屬停車空間）、住宅（附屬樓梯間）,鋼筋混凝土造,103年12月1日,四層,一層 二層 三層 四層 陽台 屋頂突出物,全筆移轉
RPUNMLMLJHLGFDJ68DA,,197.98,集合住宅,鋼筋混凝土造,114年9月25日,五層,一層 二層 三層 四層 五層,全筆移轉
RPWNMLSLJHLGFCJ76DA,29,39.37,住家用,鋼筋混凝土造,85年12月24日,十一層,五層 陽台 雨遮,全筆移轉
RPWNMLSLJHLGFCJ76DA,29,7.81,共有部分,鋼筋混凝土造,85年12月24日,十二層,,持分移轉
RPWNMLSLJHLGFCJ76DA,29,1.54,共有部分,鋼筋混凝土造,85年12月24日,十二層,,持分移轉
RPWNMLSLJHLGFCJ76DA,29,1.93,共有部分,鋼筋混凝土造,85年12月24日,十二層,,持分移轉
RPWNMLSLJHLGFCJ76DA,29,4.14,共有部分,鋼筋混凝土造,85年12月24日,十二層,,持分移轉
RPPNMLMJKHLGFBJ87DA,10,.02,辦公室,鋼筋混凝土造,104年9月1日,十四層,一層,持分移轉
RPPNMLMJKHLGFBJ87DA,10,66.48,住家用,鋼筋混凝土造,104年9月1日,十四層,八層 陽台 雨遮,全筆移轉
RPPNMLMJKHLGFBJ87DA,10,28.10,本共有部分之項目有防空避難室兼停車空間、停車空間、公共服務空間、垃圾貯存空間、樓電梯間、機房、水箱等七項。,鋼筋混凝土造,104年9月1日,十四層,,持分移轉
RPPNMLMJKHLGFBJ87DA,10,24.84,本共有部分之項目有防空避難室兼停車空間、停車空間、公共服務空間、垃圾貯存空間、樓電梯間、機房、水箱等七項。,鋼筋混凝土造,104年9月1日,十四層,,持分移轉
RPPNMLMJKHLGFBJ87DA,10,11.48,本共有部分之項目有樓電梯間等一項。,鋼筋混凝土造,104年9月1日,十四層,,持分移轉
RPPNMLOJKHLGFBJ18EA,17,23.88,商業用,鋼筋混凝土造,98年2月25日,十一層,七層 雨遮,全筆移轉
RPPNMLOJKHLGFBJ18EA,17,11.88,共有部分,鋼筋混凝土造,98年2月25日,十一層,,持分移轉
RPTNMLOKJHLGFCJ58DA,30,210.59,住家用,鋼筋混凝土造,84年12月22日,三層,一層 二層 三層 陽台 平台 地下層,全筆移轉
RPXRMLMJKHLGFBJ09DA,,62.92,集合住宅,鋼筋混凝土造,114年8月29日,五層,四層 陽台,全筆移轉
RPXRMLMJKHLGFBJ09DA,,28.33,本共有部分之項目有停車空間、樓梯間、水箱等三項,鋼筋混凝土造,114年8月29日,五層,,持分移轉
RPPNMLNJKHLGFCJ18EA,11,.56,警衛室,鋼筋混凝土造,104年3月22日,二層,一層 二層,持分移轉
RPURMLMJKHLGFBJ78DA,,58.47,集合住宅,鋼筋混凝土造,114年8月29日,五層,三層 陽台,全筆移轉
RPPNMLNJKHLGFCJ18EA,11,1.77,管理中心,鋼筋混凝土造,104年3月22日,三層,一層 二層 三層 陽台,持分移轉
RPURMLMJKHLGFBJ78DA,,26.70,本共有部分之項目有停車空間、樓梯間、水箱等三項,鋼筋混凝土造,114年8月29日,五層,,持分移轉
RPPNMLNJKHLGFCJ18EA,11,172.98,集合住宅、停車空間,鋼筋混凝土造,104年3月22日,三層,一層 二層 三層 陽台,全筆移轉
RPWNMLQJKHLGFDJ56DA,5,166.13,集合住宅,鋼筋混凝土造,109年5月29日,四層,一層 二層 三層 四層 陽台,全筆移轉
RPXNMLPJJIKGFBJ88DA,34,206.26,住商用,鋼筋混凝土造,80年11月27日,三層,一層 二層 三層 陽台 平台 屋頂突出物 地下層,全筆移轉
RPQPMLSLJHLGFDJ09DA,,190.81,停車空間、集合住宅,鋼筋混凝土造,114年7月28日,四層,一層 二層 三層 四層 陽台,全筆移轉
RPSNMLMJKHLGFDJ38DA,4,166.82,集合住宅、梯間,鋼筋混凝土造,110年4月28日,三層,一層 二層 三層 陽台 見其他登記事項,全筆移轉
RPSQMLKMKIKGFBJ58DA,5,106.73,住家用,鋼筋混凝土造,110年2月9日,十二層,二層 陽台 雨遮,全筆移轉
RPSQMLKMKIKGFBJ58DA,5,30.10,本共有部分之項目有防空避難室兼停車空間、機房、消防機房、發電機室、梯間、水箱、停車空間、電信室、台電配電室、空調機械室、錶箱室、公共服務空間、垃圾室、頂蓋型開放空間、管理室、車道、排煙室、梯廳等十八項。,鋼筋混凝土造,110年2月9日,十三層,,持分移轉
RPSQMLKMKIKGFBJ58DA,5,26.84,本共有部分之項目有梯間、排煙室、梯廳、機房、水箱等五項。,鋼筋混凝土造,110年2月9日,十二層,,持分移轉
RPQNMLLKKHLGFCJ18EA,11,101.89,辦公室,鋼筋混凝土造,104年3月25日,十四層,十二層 陽台,全筆移轉
RPTNMLQKIIKGFBJ58DA,30,34.16,共有部分,鋼筋混凝土造,84年10月21日,七層,,持分移轉
RPQNMLLKKHLGFCJ18EA,11,.03,辦公室,鋼筋混凝土造,104年3月25日,十四層,一層,持分移轉
RPQNMLLKKHLGFCJ18EA,11,18.92,共有部分,鋼筋混凝土造,104年3月25日,十四層,,持分移轉
RPQNMLLKKHLGFCJ18EA,11,.01,共有部分,鋼筋混凝土造,104年3月25日,十四層,,持分移轉
RPQNMLLKKHLGFCJ18EA,11,26.32,共有部分,鋼筋混凝土造,104年3月25日,十五層,,持分移轉
RPQNMLLKKHLGFCJ18EA,11,46.26,共有部分,鋼筋混凝土造,104年3月25日,十五層,,持分移轉
RPTNMLQKIIKGFBJ58DA,30,91.97,住家用,鋼筋混凝土造,84年10月21日,七層,二層 陽台,全筆移轉
RPPNMLOJKHLGFDJ28DA,,269.99,集合住宅,鋼筋混凝土造,114年9月25日,五層,一層 二層 三層 四層 五層 陽台,全筆移轉
RPRNMLOLJHLGFBJ38DA,33,83.42,住家用,鋼筋混凝土造,81年12月17日,八層,三層 陽台 花台,全筆移轉
RPRNMLOLJHLGFBJ38DA,33,14.28,共有部分,鋼筋混凝土造,81年12月17日,八層,,持分移轉
RPRNMLOLJHLGFBJ38DA,33,7.52,共有部分,鋼筋混凝土造,81年12月17日,八層,,持分移轉
RPOSMLMJKHLGFBJ28DA,,62.92,集合住宅,鋼筋混凝土造,114年8月29日,五層,三層 陽台,全筆移轉
RPSRMLMJKHLGFBJ58DA,,58.47,集合住宅,鋼筋混凝土造,114年8月29日,五層,二層 陽台,全筆移轉
RPTNMLLKKHLGFDJ48DA,,99.85,住家用,鋼筋混凝土造,,三層,二層,全筆移轉
RPOSMLMJKHLGFBJ28DA,,28.33,本共有部分之項目有停車空間、樓梯間、水箱等三項,鋼筋混凝土造,114年8月29日,五層,,持分移轉
RPSRMLMJKHLGFBJ58DA,,26.70,本共有部分之項目有停車空間、樓梯間、水箱等三項,鋼筋混凝土造,114年8月29日,五層,,持分移轉
RPTNMLMKKHLGFBJ38DA,5,66.97,集合住宅,鋼筋混凝土造,109年12月25日,二十四層,十五層 陽台,全筆移轉
RPTNMLMKKHLGFBJ38DA,5,60.86,本共有部分之項目有停車空間、防空避難室兼停車空間、管委會空間、防災中心、梯間、機房、水箱等七項。,鋼筋混凝土造,109年12月25日,二十四層,,持分移轉
RPTNMLNLKHLGFBJ58DA,3,.32,管理員室,鋼筋混凝土造,111年7月15日,一層,一層,持分移轉
RPUNMLLKKHLGFDJ58DA,,99.85,住家用,鋼筋混凝土造,,三層,三層,全筆移轉
RPTNMLNLKHLGFBJ58DA,3,210.66,集合住宅、停車空間,鋼筋混凝土造,111年7月15日,四層,一層 二層 三層 四層 陽台,全筆移轉
RPSNMLLKKHLGFDJ38DA,,91.90,住家用,鋼筋混凝土造,,三層,一層 騎樓,全筆移轉
RPPNMLQLKHLGFBJ48DA,8,99.03,住家用,鋼筋混凝土造,106年9月15日,十四層,五層 陽台 雨遮,全筆移轉
RPPNMLQLKHLGFBJ48DA,8,84.93,本共有部分之項目有停車空間、防空避難室兼停車空間、排煙室、緊急升降機、升降機、水箱、揚水泵室、消防機械室、風機室、汙雨水機房兼風機室、安全梯、公共服務空間、水錶室、梯間、機械室、垃圾處理室、緊急發電機室、揚水泵室兼風機室、台電配電室、電信室、電錶室、受電箱室、景觀機房、梯廳、管委會空間、戶外安全梯等二十六項,鋼筋混凝土造,106年9月15日,十三層,,持分移轉
RPRNMLSJKIKGFCJ78DA,32,74.47,住家用,鋼筋混凝土造,82年11月17日,六層,二層 陽台,全筆移轉
RPRNMLSJKIKGFCJ78DA,32,16.76,共有部分,鋼筋混凝土造,82年11月17日,六層,,持分移轉
RPRNMLSJKIKGFCJ78DA,32,9.84,共有部分,鋼筋混凝土造,82年11月17日,六層,,持分移轉
RPUNMLSJKIKGFBJ98DA,5,106.73,住家用,鋼筋混凝土造,110年2月9日,十二層,十二層 陽台 雨遮,全筆移轉
RPUNMLSJKIKGFBJ98DA,5,30.10,本共有部分之項目有防空避難室兼停車空間、機房、消防機房、發電機室、梯間、水箱、停車空間、電信室、台電配電室、空調機械室、錶箱室、公共服務空間、垃圾室、頂蓋型開放空間、管理室、車道、排煙室、梯廳等十八項。,鋼筋混凝土造,110年2月9日,十三層,,持分移轉
RPUNMLSJKIKGFBJ98DA,5,26.83,本共有部分之項目有梯間、排煙室、梯廳、機房、水箱等五項。,鋼筋混凝土造,110年2月9日,十二層,,持分移轉
RPSNMLPJKIKGFBJ48DA,6,65.44,住家用,鋼筋混凝土造,108年3月20日,十四層,五層 陽台,全筆移轉
RPSNMLPJKIKGFBJ48DA,6,69.75,本共有部分之項目有停車空間、水箱、消防機房、梯廳、汙雨水機房、排煙室、緊急發電機室、防空避難室兼停車空間、台電配電室、電信室、開放空間、資源回收室、管理委員會空間、公共服務空間、管委會使用空間、樓梯間、水錶室、昇降機機房等１８項。,鋼筋混凝土造,108年3月20日,十四層,,持分移轉
RPVNMLKKJIKGFCJ38DA,24,1.23,共有部分,鋼筋混凝土造,90年5月22日,二層,,持分移轉
RPVNMLKKJIKGFCJ38DA,25,255.06,住家用,鋼筋混凝土造,90年2月9日,四層,一層 二層 三層 四層 陽台,全筆移轉
RPVNMLKKJIKGFCJ38DA,24,.87,共有部分,鋼筋混凝土造,90年5月17日,一層,,持分移轉
RPUNMLPLJIKGFDJ98DA,,81.02,集合住宅,鋼筋混凝土造,114年10月9日,十三層,十二層 陽台,全筆移轉
RPTNMLPJKIKGFDJ78DA,10,85.26,集合住宅,鋼筋混凝土造,104年10月10日,七層,七層 陽台 雨遮,全筆移轉
RPUNMLPLJIKGFDJ98DA,,69.29,防空避難室兼停車空間、蓄水池、消防泵浦室、雨污水機房、梯間、停車空間、電信室、台電配電場所、發電機房、垃圾儲藏室、管委會使用空間、公共服務空間、機械室、水箱等１４項,鋼筋混凝土造,114年10月9日,十三層,,持分移轉
RPTNMLPJKIKGFDJ78DA,10,65.42,停車空間、防空避難室兼停車空間、管委會空間、雨遮,鋼筋混凝土造,104年10月10日,七層,,持分移轉
RPTNMLPJKIKGFDJ78DA,10,20.11,樓梯間、機械室、水箱,鋼筋混凝土造,104年10月10日,七層,,持分移轉
RPTNMLTJKIKGFCJ09DA,7,.02,店舖,鋼筋混凝土造,108年3月4日,十四層,一層,持分移轉
RPTNMLTJKIKGFCJ09DA,7,54.44,集合住宅,鋼筋混凝土造,108年3月4日,十四層,二層 陽台,全筆移轉
RPTNMLTJKIKGFCJ09DA,7,.00,本共有部分項目有：樓電梯間、電梯間、樓梯間、消防水箱、水箱、昇降機房等共六項,鋼筋混凝土造,108年3月4日,十四層,,持分移轉
RPTNMLTJKIKGFCJ09DA,7,13.79,本共有部分項目有：樓電梯間、電梯間、樓梯間、消防水箱、水箱、昇降機房等共六項,鋼筋混凝土造,108年3月4日,十四層,,持分移轉
RPTNMLTJKIKGFCJ09DA,7,27.94,本共有部分項目有：停車空間、清水池、污水處理槽、機械室、台電配電室、電信室、開放空間、守衛室、發電機室等共九項,鋼筋混凝土造,108年3月4日,十四層,,持分移轉
RPTNMLTJKIKGFCJ09DA,7,12.34,本共有部分項目有：停車空間、清水池、污水處理槽、機械室、台電配電室、電信室、開放空間、守衛室、發電機室等共九項,鋼筋混凝土造,108年3月4日,十四層,,持分移轉
RPWOMLPLJIKGFDJ66DA,7,76.20,集合住宅,鋼筋混凝土造,108年3月8日,五層,一層,全筆移轉
RPWOMLPLJIKGFDJ66DA,7,19.01,本共有部分之項目有停車空間、梯廳、電信室、安全梯等四項,鋼筋混凝土造,108年3月8日,五層,,持分移轉
RPVOMLKKKIKGFBJ48DA,,72.92,集合住宅,鋼筋混凝土造,114年8月8日,七層,五層 陽台,全筆移轉
RPVOMLKKKIKGFBJ48DA,,33.61,本共有部分之項目有停車空間、機械室、防空避難室兼停車空間、管委會空間、梯間等五項。,鋼筋混凝土造,114年8月8日,七層,,持分移轉
RPPNMLRLJIKGFBJ48DA,29,25.67,住家用,鋼筋混凝土造,85年7月3日,十三層,七層 陽台,全筆移轉
RPPNMLRLJIKGFBJ48DA,29,6.07,共有部分,鋼筋混凝土造,85年7月3日,十三層,,持分移轉
RPPNMLRLJIKGFBJ48DA,29,2.40,共有部分,鋼筋混凝土造,85年7月3日,十三層,,持分移轉
RPRNMLQKKIKGFBJ58DA,,169.20,住家用,加強磚造,,二層,一層 二層 屋頂突出物 夾層,全筆移轉
RPRNMLMKKIKGFBJ18DA,9,.07,辦公室,鋼筋混凝土造,105年9月13日,一層,一層,持分移轉
RPRNMLMKKIKGFBJ18DA,9,105.17,住家用,鋼筋混凝土造,105年9月13日,二十三層,五層 陽台 雨遮,全筆移轉
RPRNMLMKKIKGFBJ18DA,9,.04,本共有部分之項目有防空避難室兼停車空間、停車空間、集中式垃圾貯存空間、車道、公共服務空間、開放空間、樓電梯間、機械房、水箱等九項。,鋼筋混凝土造,105年9月13日,二十三層,,持分移轉
RPRNMLMKKIKGFBJ18DA,9,61.54,本共有部分之項目有防空避難室兼停車空間、停車空間、集中式垃圾貯存空間、車道、公共服務空間、開放空間、樓電梯間、機械房、水箱等九項。,鋼筋混凝土造,105年9月13日,二十三層,,持分移轉
RPRNMLMKKIKGFBJ18DA,9,20.19,本共有部分之項目有樓電梯間等一項。,鋼筋混凝土造,105年9月13日,二十三層,,持分移轉
RPOOMLMKKIKGFBJ97DA,18,20.52,商業用,鋼筋混凝土造,96年12月13日,五層,二層 陽台 雨遮,全筆移轉
RPOOMLMKKIKGFBJ97DA,18,8.48,共有部分,鋼筋混凝土造,96年12月13日,五層,,持分移轉
RPPNMLTJKIKGFCJ78EA,,94.64,住家用,加強磚造,,二層,一層 二層,全筆移轉
RPQNMLKKJIKGFDJ97DA,26,166.48,住家用,鋼筋混凝土造,89年1月20日,三層,一層 二層 三層 陽台 屋頂突出物,全筆移轉
RPSNMLOLJIKGFBJ48DA,18,85.04,住家用,鋼筋混凝土造,96年6月15日,十二層,十二層 陽台 雨遮,全筆移轉
RPSNMLOLJIKGFBJ48DA,18,14.21,共有部分,鋼筋混凝土造,96年6月15日,十二層,,持分移轉
RPSNMLOLJIKGFBJ48DA,18,51.31,共有部分,鋼筋混凝土造,96年6月15日,十二層,,持分移轉
RPVNMLSLJIKGFDJ76DA,9,193.93,住家用,鋼筋混凝土造,105年4月27日,五層,一層 二層 三層 四層 五層 陽台,全筆移轉
RPPNMLQKKIKGFBJ38DA,5,87.89,集合住宅,鋼筋混凝土造,109年12月25日,二十四層,二十層 陽台,全筆移轉
RPOOMLMLIIKGFDJ08DA,,81.02,集合住宅,鋼筋混凝土造,114年10月9日,十三層,八層 陽台,全筆移轉
RPPNMLQKKIKGFBJ38DA,5,70.66,本共有部分之項目有停車空間、防空避難室兼停車空間、管委會空間、防災中心、梯間、機房、水箱等七項。,鋼筋混凝土造,109年12月25日,二十四層,,持分移轉
RPROMLMLIIKGFDJ38DA,,59.75,集合住宅,鋼筋混凝土造,114年10月9日,十三層,十二層 陽台,全筆移轉
RPROMLMLIIKGFDJ38DA,,58.46,防空避難室兼停車空間、蓄水池、消防泵浦室、雨污水機房、梯間、停車空間、電信室、台電配電場所、發電機房、垃圾儲藏室、管委會使用空間、公共服務空間、機械室、水箱等１４項,鋼筋混凝土造,114年10月9日,十三層,,持分移轉
RPOOMLMLIIKGFDJ08DA,,69.29,防空避難室兼停車空間、蓄水池、消防泵浦室、雨污水機房、梯間、停車空間、電信室、台電配電場所、發電機房、垃圾儲藏室、管委會使用空間、公共服務空間、機械室、水箱等１４項,鋼筋混凝土造,114年10月9日,十三層,,持分移轉
RPRQMLLLIIKGFCJ38DA,2,84.86,辦公室,鋼筋混凝土造,112年10月3日,十四層,十四層 陽台,全筆移轉
RPRQMLLLIIKGFCJ38DA,2,51.58,本共有部分之項目有停車空間、水箱、消防水箱、雨水回收槽、污水處理槽、雨污水機房、台電配電室、電信室、發電機房、開放空間、管委會使用空間等１１項,鋼筋混凝土造,112年10月3日,,,持分移轉
RPRQMLLLIIKGFCJ38DA,2,17.04,本共有部分之項目有梯間、消防水箱、水箱、升降機房等４項,鋼筋混凝土造,112年10月3日,十四層,,持分移轉
RPRNMLQKKIKGFDJ78DA,5,183.49,集合住宅、停車空間、樓梯間,鋼筋混凝土造,109年11月16日,四層,一層 二層 三層 四層,全筆移轉
RPWNMLQLJIKGFBJ09DA,38,126.96,住家用,加強磚造,76年6月22日,二層,一層 二層 電梯樓梯間,全筆移轉
RPSOMLQKKIKGFBJ78DA,11,73.82,住家用,鋼筋混凝土造,103年8月26日,十三層,七層 陽台 雨遮,全筆移轉
RPSOMLQKKIKGFBJ78DA,11,15.20,本共有部分之項目有梯間、機械室、水箱等３項,鋼筋混凝土造,103年8月26日,十三層,,持分移轉
RPSOMLQKKIKGFBJ78DA,11,55.85,本共有部分之項目有防空避難室兼停車空間、開放空間、公共服務空間、梯廳、機電設備空間等５項,鋼筋混凝土造,103年8月26日,十三層,,持分移轉
RPTNMLTKKIKGFCJ56DA,30,247.08,住家用,鋼筋混凝土造,84年12月22日,四層,一層 二層 三層 四層 陽台 平台,全筆移轉
RPPOMLPKKIKGFDJ58DA,6,65.35,集合住宅,鋼筋混凝土造,108年4月3日,五層,四層 陽台,全筆移轉
RPPOMLPKKIKGFDJ58DA,6,8.47,本共有部分之項目有停車空間、樓梯間、機械室等３項,鋼筋混凝土造,108年4月3日,五層,,持分移轉
RPWNMLLJIIKGFDJ48DA,6,66.13,集合住宅,鋼筋混凝土造,108年12月24日,十五層,十四層 陽台 雨遮,全筆移轉
RPWNMLLJIIKGFDJ48DA,6,2.64,共有部分,鋼筋混凝土造,108年12月24日,十五層,,持分移轉
RPWNMLLJIIKGFDJ48DA,6,16.05,共有部分,鋼筋混凝土造,108年12月24日,十五層,,持分移轉
RPWNMLLJIIKGFDJ48DA,6,41.05,共有部分,鋼筋混凝土造,108年12月24日,十五層,,持分移轉
RPTOMLRKKIKGFBJ98DA,20,91.91,住家用,鋼筋混凝土造,94年10月4日,十五層,七層 陽台 雨遮,全筆移轉
RPTOMLRKKIKGFBJ98DA,20,62.00,共有部分,鋼筋混凝土造,94年10月4日,十五層,,持分移轉
RPTOMLRKKIKGFBJ98DA,20,11.65,共有部分,鋼筋混凝土造,94年10月4日,十五層,,持分移轉
RPXNMLSKJIKGFDJ86DA,,196.01,停車空間、集合住宅,鋼筋混凝土造,114年7月28日,四層,一層 二層 三層 四層 陽台,全筆移轉
RPSNMLMKJIKGFCJ28DA,21,251.56,住家用,鋼筋混凝土造,93年11月10日,五層,一層 二層 三層 四層 五層 陽台 雨遮,全筆移轉
RPQOMLMKKIKGFDJ38DA,1,72.43,集合住宅,鋼筋混凝土造,113年5月14日,十五層,二層 陽台,全筆移轉
RPQOMLMKKIKGFDJ38DA,1,59.93,本共有部分之項目有停車空間、機械室、管委會、樓梯間等４項,鋼筋混凝土造,113年5月14日,十五層,,持分移轉
RPOOMLOJKIKGFBJ08DA,30,226.89,住家用,鋼筋混凝土造,84年3月24日,四層,一層 二層 三層 四層 陽台 平台,全筆移轉
RPPNMLSKKIKGFDJ78DA,1,89.35,集合住宅,鋼筋混凝土造,113年8月29日,十四層,四層 陽台,全筆移轉
RPPNMLSKKIKGFDJ78DA,1,87.09,本共有部分之項目有集合住宅（附屬管委會空間、廊道、停車空間、防空避難室兼停車空間、梯間、機械房及水箱）等８項,鋼筋混凝土造,113年8月29日,十四層,,持分移轉
RPSNMLNLRHKGFBJ09DA,18,.05,商業用,鋼筋混凝土造,97年2月1日,十九層,一層,持分移轉
RPSNMLNLRHKGFBJ09DA,18,141.92,住家用,鋼筋混凝土造,97年2月1日,十九層,十六層 陽台 雨遮,全筆移轉
RPSNMLNLRHKGFBJ09DA,18,.02,共有部分,鋼筋混凝土造,97年2月1日,十九層,,持分移轉
RPSNMLNLRHKGFBJ09DA,18,40.20,共有部分,鋼筋混凝土造,97年2月1日,十九層,,持分移轉
RPSNMLNLRHKGFBJ09DA,18,60.17,共有部分,鋼筋混凝土造,97年2月1日,十九層,,持分移轉
RPSNMLNLRHKGFBJ09DA,18,18.71,共有部分,鋼筋混凝土造,97年2月1日,十九層,,持分移轉
RPPONLNJIIKGFDJ18DA,11,64.01,集合住宅,鋼筋混凝土造,104年1月5日,五層,三層 陽台 雨遮,全筆移轉
RPPONLNJIIKGFDJ18DA,11,10.91,本共有部分之項目有樓梯間、電梯機房等二項,鋼筋混凝土造,104年1月5日,五層,,持分移轉
RPPONLNJIIKGFDJ18DA,11,9.56,停車空間,鋼筋混凝土造,104年1月5日,五層,,持分移轉
RPPNMLMLKIKGFDJ28DA,33,75.25,住家用,鋼筋混凝土造,81年7月25日,五層,四層 陽台,全筆移轉
RPPNMLMLKIKGFDJ28DA,33,6.59,共有部分,鋼筋混凝土造,81年7月25日,五層,,持分移轉
RPQNMLOLRHKGFBJ98DA,34,89.80,住家用,鋼筋混凝土造,80年9月30日,五層,五層 陽台,全筆移轉
RPQNMLOLRHKGFBJ98DA,34,34.93,共有部分,鋼筋混凝土造,80年9月30日,五層,,持分移轉
RPPNMLQLKIKGFBJ48DA,14,120.01,住家用,鋼筋混凝土造,100年8月26日,十五層,四層 陽台 雨遮,全筆移轉
RPPNMLQLKIKGFBJ48DA,14,74.32,本共有部分之項目有防空避難室兼停車空間、管理室、梯間、開放空間等五項,鋼筋混凝土造,100年8月26日,十五層,,持分移轉
RPQNMLSKJIKGFBJ58DA,47,35.11,住家用,加強磚造,68年1月4日,二層,一層 二層,持分移轉
RPPTMLKMKIKGFBJ58DA,11,187.30,住家用,鋼筋混凝土造,103年5月29日,二十四層,十二層 陽台 雨遮,全筆移轉
RPSOMLKKKIKGFBJ18DA,17,.05,商業用,鋼筋混凝土造,98年1月6日,十四層,一層,持分移轉
RPPTMLKMKIKGFBJ58DA,11,120.70,本共有部分之項目有防空避難室兼停車空間、防災中心等２項,鋼筋混凝土造,103年5月29日,二十四層,,持分移轉
RPPTMLKMKIKGFBJ58DA,11,58.00,本共有部分之項目有開放空間、公共服務空間、垃圾集中處、樓梯間、屋頂平台、中繼機房、水錶箱室、水箱等８項,鋼筋混凝土造,103年5月23日,二十四層,,持分移轉
RPSOMLKKKIKGFBJ18DA,17,102.29,住家用,鋼筋混凝土造,98年1月6日,十四層,三層 陽台 雨遮,全筆移轉
RPSOMLKKKIKGFBJ18DA,17,.01,共有部分,鋼筋混凝土造,98年1月6日,十四層,,持分移轉
RPSOMLKKKIKGFBJ18DA,17,30.31,共有部分,鋼筋混凝土造,98年1月6日,十四層,,持分移轉
RPSOMLKKKIKGFBJ18DA,17,31.27,共有部分,鋼筋混凝土造,98年1月6日,十四層,,持分移轉
RPSOMLKKKIKGFBJ18DA,17,13.66,共有部分,鋼筋混凝土造,98年1月6日,十四層,,持分移轉
RPQNMLTKKIKGFCJ88DA,32,252.16,住商用,鋼筋混凝土造,82年7月29日,十二層,一層 二層 陽台 平台 騎樓 花台,全筆移轉
RPQNMLTKKIKGFCJ88DA,32,44.82,共有部分,鋼筋混凝土造,82年7月29日,十二層,,持分移轉
RPQNMLTKKIKGFCJ88DA,32,95.80,共有部分,鋼筋混凝土造,82年7月29日,十二層,,持分移轉
RPXNMLMKKIKGFCJ88DA,29,44.04,共有部分,鋼筋混凝土造,85年12月31日,四層,,持分移轉
RPXNMLMKKIKGFCJ88DA,28,72.16,住家用,鋼筋混凝土造,86年6月16日,八層,一層 陽台 雨遮,全筆移轉
RPXNMLMKKIKGFCJ88DA,28,9.64,共有部分,鋼筋混凝土造,86年6月16日,八層,,持分移轉
RPXNMLMKKIKGFCJ88DA,28,.86,共有部分,鋼筋混凝土造,86年6月16日,八層,,持分移轉
RPUNMLKKKIKGFCJ38DA,2,99.54,辦公室,鋼筋混凝土造,112年10月3日,十四層,十三層 陽台,全筆移轉
RPUNMLKKKIKGFCJ38DA,2,80.20,本共有部分之項目有停車空間、水箱、消防水箱、雨水回收槽、污水處理槽、雨污水機房、台電配電室、電信室、發電機房、開放空間、管委會使用空間等１１項,鋼筋混凝土造,112年10月3日,,,持分移轉
RPUNMLKKKIKGFCJ38DA,2,25.88,本共有部分之項目有梯間、消防水箱、水箱、升降機房等４項,鋼筋混凝土造,112年10月3日,十四層,,持分移轉
RPRNMLSKJIKGFDJ88DA,,196.29,集合住宅、停車空間,鋼筋混凝土造,114年4月9日,四層,一層 二層 三層 四層 陽台,全筆移轉
RPRNMLSKJIKGFDJ88DA,,.43,本共有部分之項目有電信室,鋼筋混凝土造,114年4月9日,一層,,持分移轉
RPVNMLMJJHLGFBJ38DA,6,.06,辦公室,鋼筋混凝土造,109年2月21日,二十九層,一層,持分移轉
RPVNMLMJJHLGFBJ38DA,6,121.20,住家用,鋼筋混凝土造,109年2月21日,二十九層,八層 陽台 雨遮,全筆移轉
RPVNMLMJJHLGFBJ38DA,6,60.85,本共有部分之項目有停車空間、機房、消防機房、汙水機房、梯廳、梯間、排煙室、水箱、機械室、中繼機房、防空避難室兼停車空間、台電配電室、發電機房、安全梯、電信機房、社區中心、防災中心、前廊、門廊、污水處理室、特別安全梯、頂蓋型開放空間、社區游泳池等二十三項。,鋼筋混凝土造,109年2月21日,二十九層,,持分移轉
RPVNMLMJJHLGFBJ38DA,6,29.58,本共有部分之項目有停車空間、機房、消防機房、汙水機房、梯廳、梯間、排煙室、水箱、機械室、中繼機房、防空避難室兼停車空間、台電配電室、發電機房、安全梯、電信機房、社區中心、防災中心、前廊、門廊、污水處理室、特別安全梯、頂蓋型開放空間、社區游泳池等二十三項。,鋼筋混凝土造,109年2月21日,二十九層,,持分移轉
RPVNMLMJJHLGFBJ38DA,6,29.67,本共有部分之項目有梯廳、特別安全梯、排煙室、梯間、機械室、中繼機房、水箱等七項。,鋼筋混凝土造,109年2月21日,二十九層,,持分移轉
RPTNMLMJJHLGFBJ18DA,5,96.36,住家用,鋼筋混凝土造,109年3月5日,十五層,九層 陽台,全筆移轉
RPTNMLMJJHLGFBJ18DA,5,65.40,本共有部分之項目有停車空間、裝卸位、緊急發電機室、消防機房、雨污水機房、安全梯、梯廳兼用排煙室、機房、水箱、防空避難室兼停車空間、梯間、電錶室、電信室、台電配電室、公共服務空間、車道、避難用通路、垃圾室、戶外安全梯、沿街步道開放空間、廣場式開放空間、管委會使用空間、樓梯間、昇降機機房、水錶箱室等二十五項。,鋼筋混凝土造,109年3月5日,十五層,,持分移轉
RPTNMLMJJHLGFBJ18DA,5,15.22,本共有部分之項目有排煙室兼用梯廳、樓梯間、梯間、梯廳、戶外安全梯等五項,鋼筋混凝土造,109年3月5日,十五層,,持分移轉
RPXNMLTJKIKGFBJ76DA,,73.20,集合住宅,鋼筋混凝土造,114年9月5日,五層,四層 陽台,全筆移轉
RPXNMLTJKIKGFBJ76DA,,44.98,本共有部分之項目有停車空間、樓梯間、機房、水箱等四項。,鋼筋混凝土造,114年9月5日,五層,,持分移轉
RPROMLQJJIKGFDJ68DA,30,50.35,住家用,鋼筋混凝土造,84年12月26日,五層,二層 陽台,全筆移轉
RPROMLQJJIKGFDJ68DA,30,5.71,共有部分,鋼筋混凝土造,84年12月26日,五層,,持分移轉
RPUNMLMJIIKGFBJ18DA,15,.04,警衛室,鋼筋混凝土造,99年11月20日,十五層,一層,持分移轉
RPUNMLMJIIKGFBJ18DA,15,55.08,住家用,鋼筋混凝土造,99年11月20日,十五層,九層 陽台,全筆移轉
RPUNMLMJIIKGFBJ18DA,15,30.32,本共有部分之項目有停車空間、防空避難室、梯間、頂蓋式開放空間等四項。,鋼筋混凝土造,99年11月20日,十五層,,持分移轉
RPUNMLMJIIKGFBJ18DA,15,12.86,本共有部分之項目有停車空間、防空避難室、梯間、頂蓋式開放空間等四項。,鋼筋混凝土造,99年11月20日,十五層,,持分移轉
RPUNMLMJIIKGFBJ18DA,15,12.97,本共有部分之項目有梯間等一項。,鋼筋混凝土造,99年11月20日,十五層,,持分移轉
RPOOMLTJKIKGFBJ58DA,,97.19,集合住宅,鋼筋混凝土造,114年9月5日,五層,三層 陽台,全筆移轉
RPOOMLTJKIKGFBJ58DA,,58.92,本共有部分之項目有停車空間、樓梯間、機房、水箱等四項。,鋼筋混凝土造,114年9月5日,五層,,持分移轉
RPWNMLQJJHLGFBJ88DA,1,84.33,集合住宅,鋼筋混凝土造,113年5月3日,十一層,五層 陽台,全筆移轉
RPWNMLQJJHLGFBJ88DA,1,74.27,本共有部分之項目有停車空間、防空避難室兼停車空間、管理委員會使用空間、樓梯間、機房、水箱等六項。,鋼筋混凝土造,113年5月3日,十一層,,持分移轉
RPUNMLLMKIKGFDJ78DA,11,60.51,集合住宅,鋼筋混凝土造,104年1月28日,五層,四層 陽台,全筆移轉
RPUNMLLMKIKGFDJ78DA,11,11.09,樓梯間,鋼筋混凝土造,104年1月28日,五層,,持分移轉
RPUNMLLMKIKGFDJ78DA,11,8.61,停車空間、管委會,鋼筋混凝土造,104年1月28日,五層,,持分移轉
RPXNMLOJKIKGFBJ88DA,32,57.35,住家用,鋼筋混凝土造,83年3月11日,七層,六層 陽台 露台,全筆移轉
RPXNMLOJKIKGFBJ88DA,32,9.62,共有部分,鋼筋混凝土造,83年3月11日,七層,,持分移轉
RPPNMLMJJHLGFBJ87EA,5,101.41,住家用,鋼筋混凝土造,109年10月24日,十九層,三層 陽台 雨遮,全筆移轉
RPPNMLMJJHLGFBJ87EA,5,74.80,本共有部分之項目有：防空避難室兼停車空間、停車空間、管理員室、開放空間、管委會空間、樓梯間、排煙室、水箱、機房等九項。,鋼筋混凝土造,109年10月24日,十九層,,持分移轉
RPXNMLOJKIKGFBJ88DA,32,7.82,共有部分,鋼筋混凝土造,83年3月11日,七層,,持分移轉
RPRNMLQLKIKGFDJ88DA,5,197.50,集合住宅、停車空間、樓梯間,鋼筋混凝土造,109年5月28日,四層,一層 二層 三層 四層 陽台 屋頂突出物,全筆移轉
RPVNMLPJKIKGFDJ98DA,36,1246.24,商業用,ＲＣ造，鋼架造,78年7月20日,二層,一層 二層 陽台 地下層,全筆移轉
RPRNMLKMIIKGFDJ18DA,,196.29,集合住宅、停車空間,鋼筋混凝土造,114年4月9日,四層,一層 二層 三層 四層 陽台,全筆移轉
RPRNMLKMIIKGFDJ18DA,,.43,本共有部分之項目有電信室,鋼筋混凝土造,114年4月9日,一層,,持分移轉
RPTNMLTLKIKGFBJ56DA,7,88.53,住家用,鋼筋混凝土造,107年8月10日,十四層,十一層 陽台 雨遮,全筆移轉
RPTNMLTLKIKGFBJ56DA,7,81.68,本共有部分之項目有防空避難室兼停車空間、停車空間、機房、公共服務空間、公共設施、警衛室、管委會、中庭涼亭、梯間、機械室、水箱等十一項。,鋼筋混凝土造,107年8月10日,十五層,,持分移轉
RPQOMLLMKIKGFBJ28DA,7,52.17,住家用,鋼筋混凝土造,107年10月26日,十五層,六層 陽台 雨遮,全筆移轉
RPQOMLLMKIKGFBJ28DA,7,20.18,本共有部分之項目有公共服務空間、頂蓋型沿街步道、管委會空間、樓梯間、機房等五項。,鋼筋混凝土造,107年10月26日,十五層,,持分移轉
RPQOMLLMKIKGFBJ28DA,7,40.73,本共有部分之項目有停車空間、防空避難室兼停車空間等２項。,鋼筋混凝土造,107年10月26日,十五層,,持分移轉
RPPNMLNKJHLGFBJ97DA,18,194.86,工業用,鋼筋混凝土造,96年6月7日,十層,三層,全筆移轉
RPPNMLNKJHLGFBJ97DA,18,226.06,工業用,鋼筋混凝土造,96年6月7日,十層,三層 雨遮,全筆移轉
RPPNMLNKJHLGFBJ97DA,18,44.34,共有部分,鋼筋混凝土造,96年6月7日,十層,,持分移轉
RPPNMLNKJHLGFBJ97DA,18,49.31,共有部分,鋼筋混凝土造,96年6月7日,十層,,持分移轉
RPPNMLNKJHLGFBJ97DA,18,16.24,共有部分,鋼筋混凝土造,96年6月7日,十層,,持分移轉
RPPNMLNKJHLGFBJ97DA,18,18.05,共有部分,鋼筋混凝土造,96年6月7日,十層,,持分移轉
RPPNMLNKJHLGFBJ97DA,18,29.88,共有部分,鋼筋混凝土造,96年6月7日,十層,,持分移轉
RPPNMLNKJHLGFBJ97DA,18,29.88,共有部分,鋼筋混凝土造,96年6月7日,十層,,持分移轉
RPWNMLMKJHLGFCJ68DA,32,74.47,住家用,鋼筋混凝土造,82年11月17日,六層,二層 陽台,全筆移轉
RPWNMLMKJHLGFCJ68DA,32,16.76,共有部分,鋼筋混凝土造,82年11月17日,六層,,持分移轉
RPWNMLMKJHLGFCJ68DA,32,9.84,共有部分,鋼筋混凝土造,82年11月17日,六層,,持分移轉
RPPOMLTJKIKGFBJ68DA,,97.19,集合住宅,鋼筋混凝土造,114年9月5日,五層,四層 陽台,全筆移轉
RPPOMLTJKIKGFBJ68DA,,38.92,本共有部分之項目有停車空間、樓梯間、機房、水箱等四項。,鋼筋混凝土造,114年9月5日,五層,,持分移轉
RPVOMLRLIIKGFDJ66DA,6,80.63,集合住宅,鋼筋混凝土造,108年3月27日,五層,四層 陽台,全筆移轉
RPVOMLRLIIKGFDJ66DA,6,21.54,本共有部分之項目有停車空間、梯廳、電梯、安全梯、電信室等五項,鋼筋混凝土造,108年3月27日,五層,,持分移轉
RPXNMLKMRHKGFBJ76DA,16,86.95,商業用,鋼筋混凝土造,99年1月29日,十三層,一層 陽台,全筆移轉
RPXNMLKMRHKGFBJ76DA,16,15.44,共有部分,鋼筋混凝土造,99年1月29日,十三層,,持分移轉
RPXNMLKMRHKGFBJ76DA,16,41.67,共有部分,鋼筋混凝土造,99年1月29日,十三層,,持分移轉
RPROMLTJKIKGFBJ88DA,,97.19,集合住宅,鋼筋混凝土造,114年9月5日,五層,五層 陽台,全筆移轉
RPROMLTJKIKGFBJ88DA,,38.92,本共有部分之項目有停車空間、樓梯間、機房、水箱等四項。,鋼筋混凝土造,114年9月5日,五層,,持分移轉
RPWNMLTJKIKGFBJ66DA,,73.20,集合住宅,鋼筋混凝土造,114年9月5日,五層,三層 陽台,全筆移轉
RPWNMLTJKIKGFBJ66DA,,44.98,本共有部分之項目有停車空間、樓梯間、機房、水箱等四項。,鋼筋混凝土造,114年9月5日,五層,,持分移轉
RPXPMLSJJHLGFBJ76DA,46,98.40,住家用,加強磚造,68年5月11日,二層,一層 二層,全筆移轉
RPTNMLPKRHKGFDJ86DA,1,56.24,集合住宅,鋼筋混凝土造,113年11月15日,十四層,一層 陽台,全筆移轉
RPTNMLPKRHKGFDJ86DA,1,50.51,本共有部分之項目有停車空間、集合住宅（附屬管委會使用空間門廳）、集合住宅（附屬梯間）、梯間、機械室、水箱等６項,鋼筋混凝土造,113年11月15日,十四層,,持分移轉
RPTNMLPKJHLGFBJ58DA,7,97.68,住家用,鋼筋混凝土造,107年11月14日,二十一層,十層 陽台 雨遮,全筆移轉
RPTNMLPKJHLGFBJ58DA,7,87.16,本共有部分之項目有防空避難室兼停車空間、停車空間、防災中心、辦公室、公共服務空間、集中式垃圾貯存空間、開放空間、樓電梯間、樓梯間、機房、水箱等十一項。,鋼筋混凝土造,107年11月14日,二十一層,,持分移轉
RPSNMLQLKIKGFCJ88DA,1,101.07,辦公室,鋼筋混凝土造,113年7月29日,十四層,十二層 陽台,全筆移轉
RPSNMLQLKIKGFCJ88DA,1,85.56,本共有部分之項目有停車空間、水箱、消防水箱、雨水回收槽、污水處理槽、消防機房、雨污水機房、台電配電室、電信室、發電機房、開放空間、管委會使用空間等１２項,鋼筋混凝土造,113年7月29日,十四層,,持分移轉
RPSNMLQLKIKGFCJ88DA,1,22.56,本共有部分之項目有梯間、消防水箱、水箱、昇降機房等４項,鋼筋混凝土造,113年7月29日,十四層,,持分移轉
RPUNMLQKRHKGFBJ86DA,11,.68,商業用,鋼筋混凝土造,103年10月9日,十九層,一層,持分移轉
RPUNMLQKRHKGFBJ86DA,11,.64,商業用,鋼筋混凝土造,103年10月9日,十九層,一層,持分移轉
RPVNMLSKRHKGFBJ17DA,7,70.38,住家用,鋼筋混凝土造,107年9月21日,十五層,十四層 陽台 雨遮,全筆移轉
RPVNMLSKRHKGFBJ17DA,7,54.32,本共有部分集合住宅之項目有附屬防空避難室兼停車空間、附屬管委會空間、附屬梯間、附屬機械室、水箱等五項。,鋼筋混凝土造,107年9月21日,十五層,,持分移轉
RPUNMLQKRHKGFBJ86DA,11,133.82,住家用,鋼筋混凝土造,103年10月9日,十九層,十一層 陽台 雨遮,全筆移轉
RPUNMLQKRHKGFBJ86DA,11,.00,本共有部分之項目有防空避難室兼停車空間、店舖、廣場式頂蓋型開放空間、梯間、水箱、機械室等六項,鋼筋混凝土造,103年10月9日,十九層,,持分移轉
RPUNMLQKRHKGFBJ86DA,11,.00,本共有部分之項目有防空避難室兼停車空間、店舖、廣場式頂蓋型開放空間、梯間、水箱、機械室等六項,鋼筋混凝土造,103年10月9日,十九層,,持分移轉
RPPNMLTKJHLGFDJ88EA,6,66.19,集合住宅,鋼筋混凝土造,109年1月22日,十二層,十一層 陽台,全筆移轉
RPUNMLQKRHKGFBJ86DA,11,125.75,本共有部分之項目有防空避難室兼停車空間、店舖、廣場式頂蓋型開放空間、梯間、水箱、機械室等六項,鋼筋混凝土造,103年10月9日,十九層,,持分移轉
RPPNMLTKJHLGFDJ88EA,6,59.71,共有部分,鋼筋混凝土造,109年1月22日,十二層,,持分移轉
RPXNMLTJJHLGFDJ86DA,43,250.92,住家用,加強磚造,71年12月6日,二層,一層 二層,全筆移轉
RPUOMLMLKIKGFBJ68DA,31,151.28,住家用,鋼筋混凝土造,83年4月21日,四層,一層 二層 三層 四層 陽台 平台,全筆移轉
RPUOMLMLKIKGFBJ68DA,31,3.49,共有部分,鋼筋混凝土造,83年4月21日,地下二層,,持分移轉
RPUOMLMLKIKGFBJ68DA,31,1.26,商業用,鋼筋混凝土造,83年4月21日,地下二層,地下二層,持分移轉
RPSNMLSJJHLGFDJ88DA,,72.22,集合住宅,鋼筋混凝土造,114年5月8日,七層,六層 陽台,全筆移轉
RPSNMLSJJHLGFDJ88DA,,35.60,本共有部分之項目有停車空間、集合住宅、樓梯間等三項,鋼筋混凝土造,114年5月8日,七層,,持分移轉
RPPNMLNLJHLGFDJ28DA,5,139.85,集合住宅,鋼筋混凝土造,109年10月8日,三層,一層 二層 三層 陽台,全筆移轉
RPQNMLLKKHLGFCJ08DA,,107.08,住家用,加強磚造,,二層,一層 二層 騎樓,全筆移轉
RPPNMLLLKIKGFBJ97DA,9,.28,商業用,鋼筋混凝土造,105年9月21日,二十一層,一層 見其他登記事項,持分移轉
RPPNMLLLKIKGFBJ97DA,9,62.95,住家用,鋼筋混凝土造,105年9月21日,二十一層,四層 陽台 雨遮,全筆移轉
RPPNMLLLKIKGFBJ97DA,9,.14,本共有部分之項目有防空避難室兼停車空間、排煙室、緊急昇降機、門廳、外廊、環保資源室、防災中心、梯廳、梯間、樓梯間、機械室、消防機房、水箱、楊水泵機房、汙水機房、消防中繼水箱、消防中繼機房、緊急發電機房、電信機房、景觀機房、台電配電室、機電機房、電梯等二十三項。,鋼筋混凝土造,105年9月21日,二十一層,,持分移轉
RPTNMLKMRHKGFCJ09DA,33,338.69,住家用,鋼筋混凝土造,82年2月15日,四層,一層 二層 三層 四層 陽台 平台 露台,全筆移轉
RPPNMLLLKIKGFBJ97DA,9,55.26,本共有部分之項目有防空避難室兼停車空間、排煙室、緊急昇降機、門廳、外廊、環保資源室、防災中心、梯廳、梯間、樓梯間、機械室、消防機房、水箱、楊水泵機房、汙水機房、消防中繼水箱、消防中繼機房、緊急發電機房、電信機房、景觀機房、台電配電室、機電機房、電梯等二十三項。,鋼筋混凝土造,105年9月21日,二十一層,,持分移轉
RPUNMLPJKIKGFDJ88DA,4,203.89,集合住宅、停車空間、樓梯間,鋼筋混凝土造,110年11月1日,四層,一層 二層 三層 四層 陽台 見其他登記事項,全筆移轉
RPRNMLKKKIKGFDJ18DA,44,277.92,店舖、住家,加強磚造,70年7月2日,三層,一層 二層 三層 騎樓,全筆移轉
RPQNMLNJLHLGFBJ18DA,20,108.97,住家用,鋼筋混凝土造,94年10月4日,十五層,四層 陽台 雨遮,全筆移轉
RPQNMLNJLHLGFBJ18DA,20,42.42,共有部分,鋼筋混凝土造,94年10月4日,十五層,,持分移轉
RPQNMLNJLHLGFBJ18DA,20,13.76,共有部分,鋼筋混凝土造,94年10月4日,十五層,,持分移轉
RPPOMLQKKIKGFDJ68DA,1,57.63,集合住宅,鋼筋混凝土造,114年1月24日,九層,七層 陽台,全筆移轉
RPPOMLQKKIKGFDJ68DA,1,62.37,本共有部分之項目有停車空間、防空避難室兼停車空間、集合住宅、集合住宅（附屬管委會空間、附屬停車空間、附屬機電設備）、樓梯間、機械室、水箱間等７項,鋼筋混凝土造,114年1月24日,九層,,持分移轉
RPTPMLNJIIKGFBJ38DA,13,308.93,住家用,鋼骨造,102年1月31日,二層,一層 二層 陽台,全筆移轉
RPQNMLRKKIKGFCJ78EA,,260.10,住家用,加強磚造,,三層,一層 二層 三層,全筆移轉
RPPNMLRJRHKGFBJ98DA,12,150.20,住家用,鋼筋混凝土造,102年4月25日,十二層,七層 陽台 雨遮,全筆移轉
RPPNMLRJRHKGFBJ98DA,12,102.07,本共有部分之項目有防空避難室兼停車空間、管委會等兩項,鋼筋混凝土造,102年4月25日,十二層,,持分移轉
RPPNMLRJRHKGFBJ98DA,12,29.46,本共有部分之項目有樓梯間、水箱、機械室等三項,鋼筋混凝土造,102年4月25日,十二層,,持分移轉
RPOOMLLJKIKGFDJ97DA,10,78.92,集合住宅,鋼筋混凝土造,104年12月1日,六層,二層 三層,全筆移轉
RPOOMLLJKIKGFDJ97DA,10,61.28,停車空間、機電設備室、樓梯間、機械室、水箱,鋼筋混凝土造,104年12月1日,六層,,持分移轉
RPQOMLPJJIKGFBJ28DA,7,53.36,住家用,鋼筋混凝土造,107年10月26日,十五層,十五層 陽台 雨遮,全筆移轉
RPQOMLPJJIKGFBJ28DA,7,20.64,本共有部分之項目有公共服務空間、頂蓋型沿街步道、管委會空間、樓梯間、機房等五項。,鋼筋混凝土造,107年10月26日,十五層,,持分移轉
RPQOMLPJJIKGFBJ28DA,7,40.97,本共有部分之項目有停車空間、防空避難室兼停車空間等２項。,鋼筋混凝土造,107年10月26日,十五層,,持分移轉
RPTNMLNKIIKGFBJ28DA,5,87.89,集合住宅,鋼筋混凝土造,109年12月25日,二十四層,五層 陽台,全筆移轉
RPTNMLNKIIKGFBJ28DA,5,71.34,本共有部分之項目有停車空間、防空避難室兼停車空間、管委會空間、防災中心、梯間、機房、水箱等七項。,鋼筋混凝土造,109年12月25日,二十四層,,持分移轉
RPPNMLNLKIKGFBJ18DA,,84.06,集合住宅,鋼筋混凝土造,114年6月12日,十五層,一層 陽台,全筆移轉
RPPNMLNLKIKGFBJ18DA,,87.22,本共有部分之項目有停車空間、防空避難室、水箱、樓梯間、電梯機房、管委會等六項。,鋼筋混凝土造,114年6月12日,十五層,,持分移轉
RPQNMLNLKIKGFBJ28DA,,83.54,集合住宅,鋼筋混凝土造,114年6月12日,十五層,一層 陽台,全筆移轉
RPQNMLNLKIKGFBJ28DA,,86.89,本共有部分之項目有停車空間、防空避難室、水箱、樓梯間、電梯機房、管委會等六項。,鋼筋混凝土造,114年6月12日,十五層,,持分移轉
RPQNMLLLIIKGFBJ87DA,12,191.55,住家用,鋼筋混凝土造,102年5月16日,二十層,十二層 陽台 雨遮,全筆移轉
RPQNMLLLIIKGFBJ87DA,12,26.59,本共有部分之項目有梯間等一項。,鋼筋混凝土造,102年5月16日,二十層,,持分移轉
RPQNMLLLIIKGFBJ87DA,12,163.96,本共有部分之項目有防空避難室、停車空間、機電空間、公共設施、防災中心、管委會使用空間、梯間、機械室、水箱等九項。,鋼筋混凝土造,102年5月16日,二十層,,持分移轉
RPRNMLTLQHKGFBJ86DA,6,40.00,住家用,鋼筋混凝土造,108年10月14日,二十三層,二十一層 陽台 雨遮,全筆移轉
RPRNMLTLQHKGFBJ86DA,6,22.24,本共有部分之項目有防空避難室兼停車空間、大廳、公共服務空間、中繼機房、樓梯間、電梯間、機電設備空間、水箱等八項。,鋼筋混凝土造,108年10月14日,二十三層,,持分移轉
RPRNMLTLQHKGFBJ86DA,6,35.92,本共有部分之項目有停車空間、防空避難室兼停車空間等二項。,鋼筋混凝土造,108年10月14日,二十三層,,持分移轉
RPRNMLTLQHKGFBJ86DA,6,3.31,本共有部分之項目有停車空間等一項。,鋼筋混凝土造,108年10月14日,二十三層,,持分移轉
RPOOMLMLKIKGFDJ28DA,,80.37,集合住宅,鋼筋混凝土造,114年5月5日,十二層,七層 陽台,全筆移轉
RPOOMLMLKIKGFDJ28DA,,57.83,本共有部分之項目有防空避難室兼停車空間、停車空間、集合住宅、樓梯間、機械室等５項,鋼筋混凝土造,114年5月5日,十二層,,持分移轉
RPPNMLPJJHLGFBJ08DA,13,117.91,住家用,鋼筋混凝土造,101年12月12日,十四層,六層 陽台 雨遮,全筆移轉
RPPNMLPJJHLGFBJ08DA,13,104.39,本共有部分之項目有防空避難室兼停車空間、公共服務空間、開放空間、集中式垃圾貯存空間等四項。,鋼筋混凝土造,101年12月12日,十四層,,持分移轉
RPPNMLPJJHLGFBJ08DA,13,22.20,本共有部分之項目有樓梯間、水箱、機械室等三項。,鋼筋混凝土造,101年12月12日,十四層,,持分移轉
RPQNMLKLJHLGFCJ97DA,,77.44,商業用,加強磚造,,二層,一層 二層,全筆移轉
RPWNMLKMJHLGFCJ68DA,,34.23,住家用,加強磚造,,二層,一層 二層,全筆移轉
RPRPMLRLJHLGFBJ88DA,15,167.46,住家用,鋼筋混凝土造,99年4月19日,十五層,九層 陽台 雨遮,全筆移轉
RPRPMLRLJHLGFBJ88DA,15,.30,管理員室,鋼筋混凝土造,99年4月19日,十五層,一層 雨遮,持分移轉
RPRPMLRLJHLGFBJ88DA,15,31.59,本共有部分之項目有樓梯間、機械室、水箱等三項。,鋼筋混凝土造,99年4月19日,十五層,,持分移轉
RPRPMLRLJHLGFBJ88DA,15,86.96,本共有部分之項目有防空避難室、停車空間、緊急發電機室、連續性前廊、垃圾處理等五項。,鋼筋混凝土造,99年4月19日,十五層,,持分移轉
RPRPMLRLJHLGFBJ88DA,15,.05,本共有部分之項目有防空避難室、停車空間、緊急發電機室、連續性前廊、垃圾處理等五項。,鋼筋混凝土造,99年4月19日,十五層,,持分移轉
RPVRMLTJRHKGFBJ57DA,13,295.68,住家用,鋼筋混凝土造,102年1月31日,二十五層,六層 陽台 雨遮,全筆移轉
RPVRMLTJRHKGFBJ57DA,13,202.98,本共有部分之項目有：防空避難室兼停車空間、開放空間、公共服務空間、樓梯間、機械室、水箱等六項,鋼筋混凝土造,102年1月31日,二十五層,,持分移轉
RPRRMLTJRHKGFBJ17DA,5,117.78,集合住宅,鋼筋混凝土造,109年7月2日,十五層,十五層 陽台 雨遮,全筆移轉
RPRRMLTJRHKGFBJ17DA,5,14.39,本共有部分之項目有公共服務空間、管委會空間、梯廳、排煙室、緊急昇降機、昇降機、梯間、游泳池、機械室、水錶室、水箱等十一項。,鋼筋混凝土造,109年7月2日,十五層,,持分移轉
RPRRMLTJRHKGFBJ17DA,5,21.49,本共有部分之項目有排煙室、緊急昇降機、昇降機、梯廳等四項。,鋼筋混凝土造,109年7月2日,十五層,,持分移轉
RPRRMLTJRHKGFBJ17DA,5,88.31,本共有部分之項目有停車空間、排煙室、緊急昇降機、昇降機、揚水泵室、排風機室、進風機室、雨水機房兼進風機室、水箱、消防機械室、機械室、防空避難室兼停車空間、台電配電室、台電受電箱室、電錶室、發電機室、電信室、泳池機房兼進風機室等十八項。,鋼筋混凝土造,109年7月2日,十五層,,持分移轉
RPSNMLLLJHLGFBJ18DA,5,67.99,集合住宅,鋼筋混凝土造,109年12月25日,二十四層,十二層 陽台,全筆移轉
RPSNMLLLJHLGFBJ18DA,5,61.87,本共有部分之項目有停車空間、防空避難室兼停車空間、管委會空間、防災中心、梯間、機房、水箱等七項。,鋼筋混凝土造,109年12月25日,二十四層,,持分移轉
RPRNMLOJRHKGFDJ09DA,25,7.54,住家用,鋼筋混凝土造,89年4月30日,五層,,持分移轉
RPRNMLOJRHKGFDJ09DA,25,79.24,住家用,鋼筋混凝土造,89年4月30日,五層,五層 陽台,全筆移轉
RPSNMLTJKIKGFBJ88DA,17,.36,管理室,鋼筋混凝土造,97年7月29日,十二層,一層,持分移轉
RPSNMLTJKIKGFBJ88DA,17,113.18,住家用,鋼筋混凝土造,97年7月29日,十二層,十一層 陽台 雨遮,全筆移轉
RPSNMLTJKIKGFBJ88DA,17,17.30,共有部分,鋼筋混凝土造,97年7月29日,十二層,,持分移轉
RPSNMLTJKIKGFBJ88DA,17,34.74,共有部分,鋼筋混凝土造,97年7月29日,十二層,,持分移轉
RPSNMLTJKIKGFBJ88DA,17,22.11,共有部分,鋼筋混凝土造,97年7月29日,十二層,,持分移轉
RPXNMLLKKIKGFCJ78DA,28,363.77,住家用,鋼筋混凝土造,86年7月15日,四層,一層 二層 三層 四層 騎樓 見其他登記事項,全筆移轉
RPPWMLTKJHLGFDJ07DA,4,175.98,住宅、停車空間,鋼筋混凝土造,110年11月9日,四層,一層 二層 三層 四層 陽台,全筆移轉
RPPWMLTKJHLGFDJ07DA,4,.20,共有部分,鋼筋混凝土造,110年11月9日,一層,,持分移轉
RPPWMLTKJHLGFDJ07DA,4,.20,集合住宅,鋼筋混凝土造,110年12月9日,十層,一層,持分移轉
RPPWMLTKJHLGFDJ07DA,4,.05,本共有部分之項目有防空避難室兼停車空間、機械室、樓梯間、水箱等４項,鋼筋混凝土造,110年12月9日,十層,,持分移轉
RPOOMLSLIIKGFDJ68DA,,160.66,集合住宅,鋼筋混凝土造,114年7月30日,四層,一層 二層 三層 四層 陽台,全筆移轉
RPWNMLLJRHKGFBJ09DA,2,70.70,集合住宅,鋼筋混凝土造,112年5月13日,十五層,二層 陽台,全筆移轉
RPWNMLLJRHKGFBJ09DA,2,66.72,本共有部分之項目有停車空間、防空避難室兼停車空間、梯間、開放空間公共服務空間、水箱、機械室等六項。,鋼筋混凝土造,112年5月13日,十五層,,持分移轉
RPOSMLTJRHKGFBJ96DA,6,157.63,住家用,鋼筋混凝土造,108年10月3日,十九層,三層 陽台,全筆移轉
RPOSMLTJRHKGFBJ96DA,6,126.46,本共有部分之項目有防空避難室兼停車空間、消防機房、停車空間、電信室、台電配電室、辦公室、公共服務空間、管委會使用空間、排煙室、梯廳、水箱、機械室、樓梯間等十三項。,鋼筋混凝土造,108年10月3日,十九層,,持分移轉
RPXNMLSJIIKGFDJ66DA,31,57.30,住家用,鋼筋混凝土造,83年8月22日,十一層,二層 陽台,全筆移轉
RPXNMLSJIIKGFDJ66DA,31,10.63,共有部分,鋼筋混凝土造,83年8月22日,十一層,,持分移轉
RPQNMLQJJHLGFCJ48EA,,96.60,住家用,加強磚造,,二層,一層 二層,全筆移轉
RPXNMLSJIIKGFDJ66DA,31,7.64,共有部分,鋼筋混凝土造,83年8月22日,十一層,,持分移轉
RPPNMLRLIIKGFBJ38DA,9,102.41,住家用,鋼筋混凝土造,105年4月27日,十二層,九層 陽台 雨遮,全筆移轉
RPPNMLRLIIKGFBJ38DA,9,92.07,本共有部分之項目有防空避難室兼停車空間、安全梯、梯廳、雨水機房、水箱、消防機房、機房、管道間、升降機（道）、電梯、停車空間、台電配電室、電信室、管理會空間、資源回收室等十五項。,鋼筋混凝土造,105年4月27日,十二層,,持分移轉
RPSNMLRJJHLGFBJ58DA,6,57.46,住家用,鋼筋混凝土造,108年10月4日,十二層,十二層 陽台,全筆移轉
RPSNMLRJJHLGFBJ58DA,6,74.32,本共有部分之項目有防空避難室兼停車空間、雨污水機房、消防機械室、水箱、樓梯間、梯廳、排煙室、升降機間、停車空間、台電配電室、發電機室、電信室、管委會使用空間、垃圾暫存室、公共服務空間、入口雨遮、戶外安全梯、消防水箱等十八項。,鋼筋混凝土造,108年10月4日,十二層,,持分移轉
RPQNMLTKJHLGFCJ78DA,31,.36,守衛室,鋼筋混凝土造,83年11月21日,十三層,雨遮 管理員室（警衛室）,持分移轉
RPQNMLTKJHLGFCJ78DA,31,96.85,住家用,鋼筋混凝土造,83年11月21日,十三層,九層 陽台,全筆移轉
RPQNMLTKJHLGFCJ78DA,31,15.30,共有部分,鋼筋混凝土造,83年11月21日,十三層,,持分移轉
RPQNMLTKJHLGFCJ78DA,31,21.07,共有部分,鋼筋混凝土造,83年11月21日,十三層,,持分移轉
RPSQMLPKQHKGFBJ76DA,8,.10,商業用,鋼筋混凝土造,107年2月9日,十四層,一層,持分移轉
RPQNMLTKJHLGFCJ78DA,31,10.46,共有部分,鋼筋混凝土造,83年11月21日,十三層,,持分移轉
RPSQMLPKQHKGFBJ76DA,8,111.03,住家用,鋼筋混凝土造,107年2月9日,十四層,五層 陽台,全筆移轉
RPSQMLPKQHKGFBJ76DA,8,26.83,本共有部分之項目有梯間、水箱、昇降機房等３項。,鋼筋混凝土造,107年2月9日,十四層,,持分移轉
RPSQMLPKQHKGFBJ76DA,8,.00,本共有部分之項目有停車空間、消防機械室、污水機房、水箱、防空避難室兼停車空間、台電配電室、發電機室、電信室、開放空間、公共服務空間、垃圾間等１１項。,鋼筋混凝土造,107年2月9日,十四層,,持分移轉
RPSQMLPKQHKGFBJ76DA,8,86.41,本共有部分之項目有停車空間、消防機械室、污水機房、水箱、防空避難室兼停車空間、台電配電室、發電機室、電信室、開放空間、公共服務空間、垃圾間等１１項。,鋼筋混凝土造,107年2月9日,十四層,,持分移轉
RPUNMLRJJHLGFCJ88DA,,89.22,住家用,鋼筋混凝土造,,二層,一層 二層,全筆移轉
RPQOMLPLJIKGFDJ68DA,11,423.26,住宅、停車空間,鋼筋混凝土造,103年5月28日,四層,一層 二層 三層 四層 陽台,全筆移轉
RPQOMLPLJIKGFDJ68DA,11,.55,警衛室、電信室,鋼筋混凝土造,103年5月28日,四層,,持分移轉
RPPNMLKLJHLGFBJ77DA,23,342.46,住家用,鋼筋混凝土造,91年11月27日,四層,一層 二層 三層 四層 陽台 屋頂突出物 雨遮 地下層,全筆移轉
RPPNMLKLJHLGFBJ77DA,23,37.15,共有部分,鋼筋混凝土造,91年11月27日,四層,,持分移轉
RPUNMLLLPHKGFDJ09DA,33,105.71,住家用,鋼筋混凝土造,81年1月24日,三層,三層 陽台,全筆移轉
RPUNMLLLPHKGFDJ09DA,33,8.32,共有部分,鋼筋混凝土造,81年1月24日,三層,,持分移轉
RPQPMLTKJHLGFCJ98DA,29,44.00,共有部分,鋼筋混凝土造,85年12月31日,四層,,持分移轉
RPQPMLTKJHLGFCJ98DA,28,71.99,住家用,鋼筋混凝土造,86年6月16日,八層,四層 陽台 雨遮,全筆移轉
RPQPMLTKJHLGFCJ98DA,28,9.98,共有部分,鋼筋混凝土造,86年6月16日,八層,,持分移轉
RPQPMLTKJHLGFCJ98DA,28,.84,共有部分,鋼筋混凝土造,86年6月16日,八層,,持分移轉
RPUNMLPLPHKGFBJ66DA,34,15.42,共有部分,鋼筋混凝土造,80年6月15日,八層,,持分移轉
RPUNMLPLPHKGFBJ66DA,34,32.86,住家用,鋼筋混凝土造,80年6月15日,八層,五層,全筆移轉
RPQNMLTJJHLGFBJ58DA,12,100.42,商業用,鋼筋混凝土造,102年6月24日,十九層,一層 陽台 雨遮 見其他登記事項,全筆移轉
RPQNMLTJJHLGFBJ58DA,12,62.52,本共有部分之項目有停車空間，防空避難室，管理員室，開放空間，樓梯間，機械室，水箱等七項。,鋼筋混凝土造,102年6月24日,十九層,,持分移轉
RPUNMLMKKHLGFBJ48DA,5,102.18,住家用,鋼筋混凝土造,109年11月5日,十四層,四層 陽台 雨遮,全筆移轉
RPUNMLMKKHLGFBJ48DA,5,81.97,本共有部分之項目有停車空間兼防空避難室、排煙室、機房、停車空間、安全梯、台電配電室、電信室、管委會空間、資源回收室、公共服務空間、梯廳、水箱等十二項。,鋼筋混凝土造,109年11月5日,十四層,,持分移轉
RPRNMLLKKIKGFDJ28DA,51,148.58,住家用,加強磚造,63年6月6日,二層,一層 二層 三層,全筆移轉
RPPNMLKKKIKGFCJ97EA,29,38.30,住家用,鋼筋混凝土造,85年2月15日,十二層,十一層 陽台,全筆移轉
RPPNMLKKKIKGFCJ97EA,29,1.06,共有部分,鋼筋混凝土造,85年2月15日,十二層,,持分移轉
RPRNMLRLIIKGFCJ68DA,4,64.10,集合住宅,鋼筋混凝土造,110年1月28日,十三層,十層 陽台,全筆移轉
RPPNMLKKKIKGFCJ97EA,29,2.52,共有部分,鋼筋混凝土造,85年2月15日,十二層,,持分移轉
RPXNMLRKKIKGFBJ66DA,5,78.97,集合住宅,鋼筋混凝土造,109年5月19日,十五層,十三層 陽台 雨遮,全筆移轉
RPPNMLKKKIKGFCJ97EA,29,2.61,共有部分,鋼筋混凝土造,85年2月15日,十二層,,持分移轉
RPRNMLRLIIKGFCJ68DA,4,67.71,共有部分主要用途項目有：停車空間、開放空間、公共服務空間、梯間、機房、水箱等６項,鋼筋混凝土造,110年1月28日,十三層,,持分移轉
RPXNMLRKKIKGFBJ66DA,5,48.83,本共有部分之項目有停車空間、管委會空間等二項。,鋼筋混凝土造,109年5月19日,十五層,,持分移轉
RPPNMLKKKIKGFCJ97EA,29,2.55,共有部分,鋼筋混凝土造,85年2月15日,十二層,,持分移轉
RPPNMLKKKIKGFCJ97EA,29,2.49,共有部分,鋼筋混凝土造,85年2月15日,十二層,,持分移轉
RPXNMLRKKIKGFBJ66DA,5,14.44,本共有部分之項目有梯間、水箱、電梯機械室等三項。,鋼筋混凝土造,109年5月19日,十五層,,持分移轉
RPSNMLLKKIKGFDJ38DA,,147.42,住商用,加強磚造,,二層,一層 二層 騎樓,全筆移轉
RPVQMLNJKHLGFDJ09DA,,73.05,集合住宅,鋼筋混凝土造,114年8月13日,五層,四層 陽台,全筆移轉
RPVQMLNJKHLGFDJ09DA,,23.03,本共有部分之項目有停車空間、管委會、樓梯間、機械室、水箱等５項,鋼筋混凝土造,114年8月13日,五層,,持分移轉
RPRNMLLKKIKGFCJ18DA,,97.44,住家用,加強磚造,,二層,一層 二層,全筆移轉
RPUNMLMJKIKGFDJ58DA,,278.23,店舖、集合住宅,鋼筋混凝土造,114年6月3日,四層,一層 二層 三層 四層 陽台,全筆移轉
RPPRMLOJJIKGFBJ38DA,6,102.59,商業用,鋼筋混凝土造,108年12月16日,十四層,一層,全筆移轉
RPPRMLOJJIKGFBJ38DA,6,23.61,本共有部分之項目有停車空間、消防機房、水箱、污水機房、排煙室、梯廳、發電機房、電信室、台電配電室、管委會使用空間、垃圾室、車道等十二項。,鋼筋混凝土造,108年12月16日,十四層,,持分移轉
RPXNMLMJKIKGFBJ68DA,7,91.86,商業用,鋼筋混凝土造,107年9月20日,二十二層,一層 陽台,全筆移轉
RPVNMLMJKIKGFDJ68DA,,278.23,店舖、集合住宅,鋼筋混凝土造,114年6月3日,四層,一層 二層 三層 四層 陽台,全筆移轉
RPXNMLMJKIKGFBJ68DA,7,72.28,本共有部分之項目有防空避難室兼停車空間、消防泵浦室、汙水機房、雨水機房、梯間、台電配電場所、發電機房、防災中心、垃圾冷藏室、管委會使用空間、機械室、水箱、停車空間、蓄水池等１４項。,鋼筋混凝土造,107年9月20日,二十二層,,持分移轉
RPXNMLQLJIKGFDJ76DA,29,7.91,共有部分,鋼筋混凝土造,84年11月15日,四層,,持分移轉
RPXNMLQLJIKGFDJ76DA,29,70.90,住家用,鋼筋混凝土造,84年11月15日,四層,一層 平台,全筆移轉
RPTNMLLLJIKGFDJ48DA,,88.13,集合住宅,鋼筋混凝土造,114年8月13日,五層,二層 陽台,全筆移轉
RPTNMLLLJIKGFDJ48DA,,27.78,本共有部分之項目有停車空間、管委會、樓梯間、機械室、水箱等５項,鋼筋混凝土造,114年8月13日,五層,,持分移轉
RPPNMLQJRHKGFBJ88DA,13,.05,管理員室,鋼筋混凝土造,101年3月18日,十四層,一層,持分移轉
RPPNMLQJRHKGFBJ88DA,13,104.51,住家用,鋼筋混凝土造,101年3月18日,十四層,八層 陽台 雨遮,全筆移轉
RPPNMLQJRHKGFBJ88DA,13,19.48,本共有部分之項目有樓梯間，水箱，機械室等三項。,鋼筋混凝土造,101年3月18日,十四層,,持分移轉
RPPNMLQJRHKGFBJ88DA,13,27.08,本共有部分之項目有防空避難室，停車空間，廣場式開放空間，車道等四項。,鋼筋混凝土造,101年3月18日,十四層,,持分移轉
RPPNMLQJRHKGFBJ88DA,13,19.13,本共有部分之項目有防空避難室，停車空間，廣場式開放空間，車道等四項。,鋼筋混凝土造,101年3月18日,十四層,,持分移轉
RPXNMLKMIIKGFBJ58DA,23,285.66,住家用,鋼筋混凝土造,91年11月27日,四層,一層 二層 三層 四層 陽台,全筆移轉
RPOOMLTKJHLGFBJ58DA,35,170.37,住商用,鋼筋混凝土造,79年8月6日,四層,一層 二層 三層 四層 騎樓,全筆移轉
RPPNMLLMKIKGFDJ28DA,4,206.95,集合住宅、停車空間、樓梯間,鋼筋混凝土造,110年9月22日,四層,一層 二層 三層 四層 陽台 見其他登記事項,全筆移轉
RPOOMLTKJHLGFBJ58DA,35,178.47,住商用,鋼筋混凝土造,79年8月6日,四層,一層 二層 三層 四層 騎樓,全筆移轉
RPOOMLTKJHLGFBJ58DA,35,129.90,住家用,鋼筋混凝土造,79年8月6日,三層,一層 二層 三層,全筆移轉
RPTNMLSKJIKGFDJ09DA,29,81.98,住家用,鋼筋混凝土造,85年7月11日,五層,二層 陽台,全筆移轉
RPTNMLSKJIKGFDJ09DA,,11.42,住家用,鋼筋混凝土造,,五層,,持分移轉
RPOOMLTKJHLGFBJ58DA,35,125.10,住家用,鋼筋混凝土造,79年8月6日,三層,一層 二層 三層,全筆移轉
RPTNMLSKJIKGFDJ09DA,29,37.01,停車空間,鋼筋混凝土造,85年7月11日,五層,,持分移轉
RPOOMLTKJHLGFBJ58DA,35,121.50,住家用,鋼筋混凝土造,79年8月6日,三層,一層 二層 三層,全筆移轉
RPOOMLTKJHLGFBJ58DA,35,115.50,住家用,鋼筋混凝土造,79年8月6日,三層,一層 二層 三層,全筆移轉
RPOOMLTKJHLGFBJ58DA,35,111.00,住家用,鋼筋混凝土造,79年8月6日,三層,一層 二層 三層,全筆移轉
RPOOMLTKJHLGFBJ58DA,,118.50,住家用,鋼筋混凝土造,,三層,一層 二層 三層,全筆移轉
RPRNMLSJRHKGFDJ86DA,,81.02,集合住宅,鋼筋混凝土造,114年10月9日,十三層,十二層 陽台,全筆移轉
RPRNMLSJRHKGFDJ86DA,,69.29,防空避難室兼停車空間、蓄水池、消防泵浦室、雨污水機房、梯間、停車空間、電信室、台電配電場所、發電機房、垃圾儲藏室、管委會使用空間、公共服務空間、機械室、水箱等１４項,鋼筋混凝土造,114年10月9日,十三層,,持分移轉
RPPNMLLKKHLGFBJ87DA,,90.30,住家用,加強磚造,,二層,一層 二層,全筆移轉
RPPOMLMKKIKGFDJ28DA,,59.75,集合住宅,鋼筋混凝土造,114年10月9日,十三層,八層 陽台,全筆移轉
RPPOMLMKKIKGFDJ28DA,,58.46,防空避難室兼停車空間、蓄水池、消防泵浦室、雨污水機房、梯間、停車空間、電信室、台電配電場所、發電機房、垃圾儲藏室、管委會使用空間、公共服務空間、機械室、水箱等１４項,鋼筋混凝土造,114年10月9日,十三層,,持分移轉
RPQNMLKKKIKGFDJ08DA,48,177.78,住家用,加強磚造,65年12月29日,二層,一層 二層,全筆移轉
RPRNMLTLKIKGFDJ56DA,,59.85,集合住宅,鋼筋混凝土造,113年11月22日,五層,二層 陽台,全筆移轉
RPRNMLTLKIKGFDJ56DA,,30.78,本共有部分之項目有停車空間、集合住宅、樓梯間、機房、水箱等５項,鋼筋混凝土造,113年11月22日,五層,,持分移轉
RPTTMLLLJIKGFBJ88DA,,250.37,集合住宅、停車空間,鋼筋混凝土造,114年7月18日,四層,一層 二層 三層 四層 陽台,全筆移轉
RPOOMLQKKIKGFDJ58DA,,198.30,住商用,加強磚造,,二層,一層 二層 騎樓,全筆移轉
RPPNMLTKKIKGFDJ98EA,5,437.38,日常用品零售及服務設施,鋼骨造,109年7月24日,一層,一層,全筆移轉
RPWNMLMJJHLGFBJ48DA,,328.56,集合住宅、停車空間、樓梯間,鋼筋混凝土造,114年9月3日,三層,一層 二層 三層 陽台 地下一層 見其他登記事項,全筆移轉
RPPQMLKLQHKGFDJ88DA,,81.02,集合住宅,鋼筋混凝土造,114年10月9日,十三層,十層 陽台,全筆移轉
RPPQMLKLQHKGFDJ88DA,,70.55,防空避難室兼停車空間、蓄水池、消防泵浦室、雨污水機房、梯間、停車空間、電信室、台電配電場所、發電機房、垃圾儲藏室、管委會使用空間、公共服務空間、機械室、水箱等１４項,鋼筋混凝土造,114年10月9日,十三層,,持分移轉
RPSNMLLLQHKGFDJ98DA,,80.92,集合住宅,鋼筋混凝土造,114年10月9日,十三層,十一層 陽台,全筆移轉
RPSNMLLLQHKGFDJ98DA,,71.88,防空避難室兼停車空間、蓄水池、消防泵浦室、雨污水機房、梯間、停車空間、電信室、台電配電場所、發電機房、垃圾儲藏室、管委會使用空間、公共服務空間、機械室、水箱等１４項,鋼筋混凝土造,114年10月9日,十三層,,持分移轉
RPTNMLRLJIKGFDJ09DA,,165.21,集合住宅,鋼筋混凝土造,114年7月30日,四層,一層 二層 三層 四層 陽台,全筆移轉
RPOQMLKLQHKGFDJ78DA,,81.02,集合住宅,鋼筋混凝土造,114年10月9日,十三層,九層 陽台,全筆移轉
RPOQMLKLQHKGFDJ78DA,,69.29,防空避難室兼停車空間、蓄水池、消防泵浦室、雨污水機房、梯間、停車空間、電信室、台電配電場所、發電機房、垃圾儲藏室、管委會使用空間、公共服務空間、機械室、水箱等１４項,鋼筋混凝土造,114年10月9日,十三層,,持分移轉
RPXNMLPLJIKGFDJ66DA,,59.75,集合住宅,鋼筋混凝土造,114年10月9日,十三層,六層 陽台,全筆移轉
RPXNMLPLJIKGFDJ66DA,,58.46,防空避難室兼停車空間、蓄水池、消防泵浦室、雨污水機房、梯間、停車空間、電信室、台電配電場所、發電機房、垃圾儲藏室、管委會使用空間、公共服務空間、機械室、水箱等１４項,鋼筋混凝土造,114年10月9日,十三層,,持分移轉
RPWNMLLKKHLGFBJ58DA,,328.56,集合住宅、停車空間、樓梯間,鋼筋混凝土造,114年9月3日,三層,一層 二層 三層 陽台 地下一層 見其他登記事項,全筆移轉
RPUNMLLLJIKGFDJ58DA,,73.05,集合住宅,鋼筋混凝土造,114年8月13日,五層,五層 陽台,全筆移轉
RPUNMLLLJIKGFDJ58DA,,23.03,本共有部分之項目有停車空間、管委會、樓梯間、機械室、水箱等５項,鋼筋混凝土造,114年8月13日,五層,,持分移轉
RPROMLTKQHKGFDJ07DA,,81.02,集合住宅,鋼筋混凝土造,114年10月9日,十三層,十一層 陽台,全筆移轉
RPROMLTKQHKGFDJ07DA,,69.29,防空避難室兼停車空間、蓄水池、消防泵浦室、雨污水機房、梯間、停車空間、電信室、台電配電場所、發電機房、垃圾儲藏室、管委會使用空間、公共服務空間、機械室、水箱等１４項,鋼筋混凝土造,114年10月9日,十三層,,持分移轉
RPSQMLKLQHKGFDJ56DA,,80.92,集合住宅,鋼筋混凝土造,114年10月9日,十三層,二層 陽台,全筆移轉
RPSQMLKLQHKGFDJ56DA,,70.43,防空避難室兼停車空間、蓄水池、消防泵浦室、雨污水機房、梯間、停車空間、電信室、台電配電場所、發電機房、垃圾儲藏室、管委會使用空間、公共服務空間、機械室、水箱等１４項,鋼筋混凝土造,114年10月9日,十三層,,持分移轉
RPUQMLSJKIKGFBJ66DA,,88.98,集合住宅,鋼筋混凝土造,114年9月17日,十層,十層 陽台,全筆移轉
RPSNMLMKQHKGFCJ98EA,10,104.42,店舖,鋼筋混凝土造,104年5月18日,四層,一層 見其他登記事項,全筆移轉
RPUQMLSJKIKGFBJ66DA,,97.56,本共有部分之項目有停車空間、消防機械室、汙水機房、水箱、防空避難室兼停車空間、台電配電室、電信室、管委會、梯間、消防水箱、昇降機房等十一項。,鋼筋混凝土造,114年9月17日,十層,,持分移轉
RPSNMLMKQHKGFCJ98EA,10,80.98,共有部分,鋼筋混凝土造,104年5月18日,四層,,持分移轉
RPRNMLLLQHKGFDJ88DA,,80.92,集合住宅,鋼筋混凝土造,114年10月9日,十三層,六層 陽台,全筆移轉
RPRNMLLLQHKGFDJ88DA,,69.17,防空避難室兼停車空間、蓄水池、消防泵浦室、雨污水機房、梯間、停車空間、電信室、台電配電場所、發電機房、垃圾儲藏室、管委會使用空間、公共服務空間、機械室、水箱等１４項,鋼筋混凝土造,114年10月9日,十三層,,持分移轉
SPSNMLMKQHKGFCJ09EA,10,124.50,住宅,鋼筋混凝土造,104年5月18日,四層,二層,全筆移轉
SPSNMLMKQHKGFCJ09EA,10,80.98,共有部分,鋼筋混凝土造,104年5月18日,四層,,持分移轉
RPQPMLKLQHKGFDJ88DA,,59.75,集合住宅,鋼筋混凝土造,114年10月9日,十三層,五層 陽台,全筆移轉
RPQPMLKLQHKGFDJ88DA,,58.46,防空避難室兼停車空間、蓄水池、消防泵浦室、雨污水機房、梯間、停車空間、電信室、台電配電場所、發電機房、垃圾儲藏室、管委會使用空間、公共服務空間、機械室、水箱等１４項,鋼筋混凝土造,114年10月9日,十三層,,持分移轉
RPXNMLLLQHKGFDJ86DA,,59.75,集合住宅,鋼筋混凝土造,114年10月9日,十三層,四層 陽台,全筆移轉
RPQOMLLLQHKGFDJ88DA,,59.75,集合住宅,鋼筋混凝土造,114年10月9日,十三層,六層 陽台,全筆移轉
RPXNMLLLQHKGFDJ86DA,,52.91,防空避難室兼停車空間、蓄水池、消防泵浦室、雨污水機房、梯間、停車空間、電信室、台電配電場所、發電機房、垃圾儲藏室、管委會使用空間、公共服務空間、機械室、水箱等１４項,鋼筋混凝土造,114年10月9日,十三層,,持分移轉
RPQOMLLLQHKGFDJ88DA,,52.91,防空避難室兼停車空間、蓄水池、消防泵浦室、雨污水機房、梯間、停車空間、電信室、台電配電場所、發電機房、垃圾儲藏室、管委會使用空間、公共服務空間、機械室、水箱等１４項,鋼筋混凝土造,114年10月9日,十三層,,持分移轉
RPTNMLQLLHKGFDJ09DA,21,75.05,住宅．機械室,鋼筋混凝土造,93年3月30日,七層,六層 陽台,全筆移轉
RPTNMLQLLHKGFDJ09DA,21,13.56,梯間,鋼筋混凝土造,93年3月30日,七層,,持分移轉
RPTNMLQLLHKGFDJ09DA,21,20.02,防空避難室．停車空間．住宅,鋼筋混凝土造,93年3月30日,七層,,持分移轉
RPTNMLTKQHKGFDJ17DA,,85.44,店舖,鋼筋混凝土造,114年10月9日,十三層,一層 陽台,全筆移轉
RPUNMLTKQHKGFDJ27DA,,83.49,店舖,鋼筋混凝土造,114年10月9日,十三層,一層 陽台,全筆移轉
RPTNMLTKQHKGFDJ17DA,,71.50,防空避難室兼停車空間、蓄水池、消防泵浦室、雨污水機房、梯間、停車空間、電信室、台電配電場所、發電機房、垃圾儲藏室、管委會使用空間、公共服務空間、機械室、水箱等１４項,鋼筋混凝土造,114年10月9日,十三層,,持分移轉
RPUNMLTKQHKGFDJ27DA,,70.55,防空避難室兼停車空間、蓄水池、消防泵浦室、雨污水機房、梯間、停車空間、電信室、台電配電場所、發電機房、垃圾儲藏室、管委會使用空間、公共服務空間、機械室、水箱等１４項,鋼筋混凝土造,114年10月9日,十三層,,持分移轉
RPQOMLTKQHKGFDJ96DA,,81.02,集合住宅,鋼筋混凝土造,114年10月9日,十三層,六層 陽台,全筆移轉
RPQOMLTKQHKGFDJ96DA,,69.29,防空避難室兼停車空間、蓄水池、消防泵浦室、雨污水機房、梯間、停車空間、電信室、台電配電場所、發電機房、垃圾儲藏室、管委會使用空間、公共服務空間、機械室、水箱等１４項,鋼筋混凝土造,114年10月9日,十三層,,持分移轉
RPSPMLKLQHKGFDJ09DA,,59.75,集合住宅,鋼筋混凝土造,114年10月9日,十三層,十一層 陽台,全筆移轉
RPSPMLKLQHKGFDJ09DA,,58.46,防空避難室兼停車空間、蓄水池、消防泵浦室、雨污水機房、梯間、停車空間、電信室、台電配電場所、發電機房、垃圾儲藏室、管委會使用空間、公共服務空間、機械室、水箱等１４項,鋼筋混凝土造,114年10月9日,十三層,,持分移轉
RPRPMLKLQHKGFDJ98DA,,59.75,集合住宅,鋼筋混凝土造,114年10月9日,十三層,九層 陽台,全筆移轉
RPRPMLKLQHKGFDJ98DA,,52.91,防空避難室兼停車空間、蓄水池、消防泵浦室、雨污水機房、梯間、停車空間、電信室、台電配電場所、發電機房、垃圾儲藏室、管委會使用空間、公共服務空間、機械室、水箱等１４項,鋼筋混凝土造,114年10月9日,十三層,,持分移轉
RPRPMLLLQHKGFDJ09DA,,59.75,集合住宅,鋼筋混凝土造,114年10月9日,十三層,十三層 陽台,全筆移轉
RPRPMLLLQHKGFDJ09DA,,52.91,防空避難室兼停車空間、蓄水池、消防泵浦室、雨污水機房、梯間、停車空間、電信室、台電配電場所、發電機房、垃圾儲藏室、管委會使用空間、公共服務空間、機械室、水箱等１４項,鋼筋混凝土造,114年10月9日,十三層,,持分移轉
RPQPMLLLQHKGFDJ98DA,,59.75,集合住宅,鋼筋混凝土造,114年10月9日,十三層,十一層 陽台,全筆移轉
RPQPMLLLQHKGFDJ98DA,,58.46,防空避難室兼停車空間、蓄水池、消防泵浦室、雨污水機房、梯間、停車空間、電信室、台電配電場所、發電機房、垃圾儲藏室、管委會使用空間、公共服務空間、機械室、水箱等１４項,鋼筋混凝土造,114年10月9日,十三層,,持分移轉
RPVOMLLLQHKGFDJ76DA,,59.75,集合住宅,鋼筋混凝土造,114年10月9日,十三層,三層 陽台,全筆移轉
RPVOMLLLQHKGFDJ76DA,,53.86,防空避難室兼停車空間、蓄水池、消防泵浦室、雨污水機房、梯間、停車空間、電信室、台電配電場所、發電機房、垃圾儲藏室、管委會使用空間、公共服務空間、機械室、水箱等１４項,鋼筋混凝土造,114年10月9日,十三層,,持分移轉
RPROMLLKRHKGFDJ98DA,,59.75,集合住宅,鋼筋混凝土造,114年10月9日,十三層,九層 陽台,全筆移轉
RPROMLLKRHKGFDJ98DA,,58.46,防空避難室兼停車空間、蓄水池、消防泵浦室、雨污水機房、梯間、停車空間、電信室、台電配電場所、發電機房、垃圾儲藏室、管委會使用空間、公共服務空間、機械室、水箱等１４項,鋼筋混凝土造,114年10月9日,十三層,,持分移轉
RPWOMLLLQHKGFDJ86DA,,59.75,集合住宅,鋼筋混凝土造,114年10月9日,十三層,四層 陽台,全筆移轉
RPWOMLLLQHKGFDJ86DA,,52.91,防空避難室兼停車空間、蓄水池、消防泵浦室、雨污水機房、梯間、停車空間、電信室、台電配電場所、發電機房、垃圾儲藏室、管委會使用空間、公共服務空間、機械室、水箱等１４項,鋼筋混凝土造,114年10月9日,十三層,,持分移轉
RPRNMLMJJHLGFDJ18DA,,84.85,集合住宅,鋼筋混凝土造,114年8月13日,五層,三層 陽台,全筆移轉
RPRNMLMJJHLGFDJ18DA,,26.75,本共有部分之項目有停車空間、管委會、樓梯間、機械室、水箱等５項,鋼筋混凝土造,114年8月13日,五層,,持分移轉
RPTNMLMJJHLGFDJ38DA,,88.13,集合住宅,鋼筋混凝土造,114年8月13日,五層,五層 陽台,全筆移轉
RPTNMLMJJHLGFDJ38DA,,27.78,本共有部分之項目有停車空間、管委會、樓梯間、機械室、水箱等５項,鋼筋混凝土造,114年8月13日,五層,,持分移轉
RPSOMLKLQHKGFDJ98DA,,59.75,集合住宅,鋼筋混凝土造,114年10月9日,十三層,三層 陽台,全筆移轉
RPSOMLKLQHKGFDJ98DA,,52.91,防空避難室兼停車空間、蓄水池、消防泵浦室、雨污水機房、梯間、停車空間、電信室、台電配電場所、發電機房、垃圾儲藏室、管委會使用空間、公共服務空間、機械室、水箱等１４項,鋼筋混凝土造,114年10月9日,十三層,,持分移轉
RPSPMLSJKIKGFBJ98DA,,50.32,店舖,鋼筋混凝土造,114年9月17日,十層,一層 陽台 見其他登記事項,全筆移轉
RPSPMLSJKIKGFBJ98DA,,76.84,本共有部分之項目有停車空間、消防機械室、汙水機房、水箱、防空避難室兼停車空間、台電配電室、電信室、管委會、梯間、消防水箱、昇降機房等十一項。,鋼筋混凝土造,114年9月17日,十層,,持分移轉
RPXNMLTKQHKGFDJ57DA,,81.02,集合住宅,鋼筋混凝土造,114年10月9日,十三層,三層 陽台,全筆移轉
RPTNMLMKKIKGFDJ58DA,,59.75,集合住宅,鋼筋混凝土造,114年10月9日,十三層,五層 陽台,全筆移轉
RPXNMLTKQHKGFDJ57DA,,69.29,防空避難室兼停車空間、蓄水池、消防泵浦室、雨污水機房、梯間、停車空間、電信室、台電配電場所、發電機房、垃圾儲藏室、管委會使用空間、公共服務空間、機械室、水箱等１４項,鋼筋混凝土造,114年10月9日,十三層,,持分移轉
RPTNMLMKKIKGFDJ58DA,,58.46,防空避難室兼停車空間、蓄水池、消防泵浦室、雨污水機房、梯間、停車空間、電信室、台電配電場所、發電機房、垃圾儲藏室、管委會使用空間、公共服務空間、機械室、水箱等１４項,鋼筋混凝土造,114年10月9日,十三層,,持分移轉
RPVNMLKLQHKGFDJ56DA,,80.92,集合住宅,鋼筋混凝土造,114年10月9日,十三層,二層 陽台,全筆移轉
RPRNMLMKKIKGFDJ38DA,,80.92,集合住宅,鋼筋混凝土造,114年10月9日,十三層,六層 陽台,全筆移轉
RPXOMLKLQHKGFDJ86DA,,59.75,集合住宅,鋼筋混凝土造,114年10月9日,十三層,二層 陽台,全筆移轉
RPRNMLMKKIKGFDJ38DA,,63.62,防空避難室兼停車空間、蓄水池、消防泵浦室、雨污水機房、梯間、停車空間、電信室、台電配電場所、發電機房、垃圾儲藏室、管委會使用空間、公共服務空間、機械室、水箱等１４項,鋼筋混凝土造,114年10月9日,十三層,,持分移轉
RPVNMLKLQHKGFDJ56DA,,69.17,防空避難室兼停車空間、蓄水池、消防泵浦室、雨污水機房、梯間、停車空間、電信室、台電配電場所、發電機房、垃圾儲藏室、管委會使用空間、公共服務空間、機械室、水箱等１４項,鋼筋混凝土造,114年10月9日,十三層,,持分移轉
RPXOMLKLQHKGFDJ86DA,,52.91,防空避難室兼停車空間、蓄水池、消防泵浦室、雨污水機房、梯間、停車空間、電信室、台電配電場所、發電機房、垃圾儲藏室、管委會使用空間、公共服務空間、機械室、水箱等１４項,鋼筋混凝土造,114年10月9日,十三層,,持分移轉
RPQOMLPLJHLGFDJ68DA,,90.51,集合住宅,鋼筋混凝土造,114年12月3日,十層,九層 陽台,全筆移轉
RPQOMLPLJHLGFDJ68DA,,57.87,本共有部分之項目有停車空間、機械室、集合住宅、樓梯間、電梯間等５項,鋼筋混凝土造,114年12月3日,十層,,持分移轉
RPROMLPLJHLGFDJ78DA,,69.85,集合住宅,鋼筋混凝土造,114年12月3日,十層,九層 陽台,全筆移轉
RPROMLPLJHLGFDJ78DA,,49.37,本共有部分之項目有停車空間、機械室、集合住宅、樓梯間、電梯間等５項,鋼筋混凝土造,114年12月3日,十層,,持分移轉
RPROMLLLQHKGFDJ98DA,,59.75,集合住宅,鋼筋混凝土造,114年10月9日,十三層,十三層 陽台,全筆移轉
RPOOMLMKKIKGFDJ18DA,,59.75,集合住宅,鋼筋混凝土造,114年10月9日,十三層,二層 陽台,全筆移轉
RPROMLLLQHKGFDJ98DA,,52.91,防空避難室兼停車空間、蓄水池、消防泵浦室、雨污水機房、梯間、停車空間、電信室、台電配電場所、發電機房、垃圾儲藏室、管委會使用空間、公共服務空間、機械室、水箱等１４項,鋼筋混凝土造,114年10月9日,十三層,,持分移轉
RPOOMLMKKIKGFDJ18DA,,52.91,防空避難室兼停車空間、蓄水池、消防泵浦室、雨污水機房、梯間、停車空間、電信室、台電配電場所、發電機房、垃圾儲藏室、管委會使用空間、公共服務空間、機械室、水箱等１４項,鋼筋混凝土造,114年10月9日,十三層,,持分移轉
RPUOMLLLQHKGFDJ66DA,,59.75,集合住宅,鋼筋混凝土造,114年10月9日,十三層,二層 陽台,全筆移轉
RPUOMLLLQHKGFDJ66DA,,52.91,防空避難室兼停車空間、蓄水池、消防泵浦室、雨污水機房、梯間、停車空間、電信室、台電配電場所、發電機房、垃圾儲藏室、管委會使用空間、公共服務空間、機械室、水箱等１４項,鋼筋混凝土造,114年10月9日,十三層,,持分移轉
RPOQMLNJKHLGFDJ38DA,,72.48,集合住宅,鋼筋混凝土造,114年8月13日,五層,二層 陽台,全筆移轉
RPOQMLNJKHLGFDJ38DA,,22.85,本共有部分之項目有停車空間、管委會、樓梯間、機械室、水箱等５項,鋼筋混凝土造,114年8月13日,五層,,持分移轉
RPWPMLKLQHKGFDJ86DA,,81.02,集合住宅,鋼筋混凝土造,114年10月9日,十三層,四層 陽台,全筆移轉
RPWPMLKLQHKGFDJ86DA,,69.29,防空避難室兼停車空間、蓄水池、消防泵浦室、雨污水機房、梯間、停車空間、電信室、台電配電場所、發電機房、垃圾儲藏室、管委會使用空間、公共服務空間、機械室、水箱等１４項,鋼筋混凝土造,114年10月9日,十三層,,持分移轉
RPRPMLSJKIKGFBJ88DA,,52.52,店舖,鋼筋混凝土造,114年9月17日,十層,一層 陽台 見其他登記事項,全筆移轉
RPRPMLSJKIKGFBJ88DA,,78.01,本共有部分之項目有停車空間、消防機械室、汙水機房、水箱、防空避難室兼停車空間、台電配電室、電信室、管委會、梯間、消防水箱、昇降機房等十一項。,鋼筋混凝土造,114年9月17日,十層,,持分移轉
RPVPMLOJJIKGFBJ78DA,,113.47,集合住宅,鋼筋混凝土造,114年8月19日,十七層,十層 陽台,全筆移轉
RPVPMLOJJIKGFBJ78DA,,100.55,本共有部分之項目有停車空間、防空避難室、公共服務空間、梯間、水箱、機械室等六項。,鋼筋混凝土造,114年8月19日,十七層,,持分移轉
RPVNMLTKQHKGFDJ37DA,,81.02,集合住宅,鋼筋混凝土造,114年10月9日,十三層,二層 陽台,全筆移轉
RPXNMLKLQHKGFDJ76DA,,80.92,集合住宅,鋼筋混凝土造,114年10月9日,十三層,四層 陽台,全筆移轉
RPVNMLTKQHKGFDJ37DA,,69.29,防空避難室兼停車空間、蓄水池、消防泵浦室、雨污水機房、梯間、停車空間、電信室、台電配電場所、發電機房、垃圾儲藏室、管委會使用空間、公共服務空間、機械室、水箱等１４項,鋼筋混凝土造,114年10月9日,十三層,,持分移轉
RPXNMLKLQHKGFDJ76DA,,69.17,防空避難室兼停車空間、蓄水池、消防泵浦室、雨污水機房、梯間、停車空間、電信室、台電配電場所、發電機房、垃圾儲藏室、管委會使用空間、公共服務空間、機械室、水箱等１４項,鋼筋混凝土造,114年10月9日,十三層,,持分移轉
RPWNMLKLQHKGFDJ66DA,,80.92,集合住宅,鋼筋混凝土造,114年10月9日,十三層,三層 陽台,全筆移轉
RPWNMLKLQHKGFDJ66DA,,69.17,防空避難室兼停車空間、蓄水池、消防泵浦室、雨污水機房、梯間、停車空間、電信室、台電配電場所、發電機房、垃圾儲藏室、管委會使用空間、公共服務空間、機械室、水箱等１４項,鋼筋混凝土造,114年10月9日,十三層,,持分移轉
RPXPMLKLQHKGFDJ96DA,,81.02,集合住宅,鋼筋混凝土造,114年10月9日,十三層,五層 陽台,全筆移轉
RPXPMLKLQHKGFDJ96DA,,69.29,防空避難室兼停車空間、蓄水池、消防泵浦室、雨污水機房、梯間、停車空間、電信室、台電配電場所、發電機房、垃圾儲藏室、管委會使用空間、公共服務空間、機械室、水箱等１４項,鋼筋混凝土造,114年10月9日,十三層,,持分移轉
RPPPMLKLQHKGFDJ78DA,,59.75,集合住宅,鋼筋混凝土造,114年10月9日,十三層,四層 陽台,全筆移轉
RPPPMLKLQHKGFDJ78DA,,52.91,防空避難室兼停車空間、蓄水池、消防泵浦室、雨污水機房、梯間、停車空間、電信室、台電配電場所、發電機房、垃圾儲藏室、管委會使用空間、公共服務空間、機械室、水箱等１４項,鋼筋混凝土造,114年10月9日,十三層,,持分移轉
RPUPMLKLQHKGFDJ66DA,,81.02,集合住宅,鋼筋混凝土造,114年10月9日,十三層,二層 陽台,全筆移轉
RPUPMLKLQHKGFDJ66DA,,69.29,防空避難室兼停車空間、蓄水池、消防泵浦室、雨污水機房、梯間、停車空間、電信室、台電配電場所、發電機房、垃圾儲藏室、管委會使用空間、公共服務空間、機械室、水箱等１４項,鋼筋混凝土造,114年10月9日,十三層,,持分移轉
RPPOMLLLQHKGFDJ78DA,,59.75,集合住宅,鋼筋混凝土造,114年10月9日,十三層,五層 陽台,全筆移轉
RPPOMLLLQHKGFDJ78DA,,52.91,防空避難室兼停車空間、蓄水池、消防泵浦室、雨污水機房、梯間、停車空間、電信室、台電配電場所、發電機房、垃圾儲藏室、管委會使用空間、公共服務空間、機械室、水箱等１４項,鋼筋混凝土造,114年10月9日,十三層,,持分移轉
RPSNMLMKKIKGFDJ48DA,,59.75,集合住宅,鋼筋混凝土造,114年10月9日,十三層,四層 陽台,全筆移轉
RPSNMLMKKIKGFDJ48DA,,52.91,防空避難室兼停車空間、蓄水池、消防泵浦室、雨污水機房、梯間、停車空間、電信室、台電配電場所、發電機房、垃圾儲藏室、管委會使用空間、公共服務空間、機械室、水箱等１４項,鋼筋混凝土造,114年10月9日,十三層,,持分移轉
RPTPMLKLQHKGFDJ56DA,,59.75,集合住宅,鋼筋混凝土造,114年10月9日,十三層,十三層 陽台,全筆移轉
RPTPMLKLQHKGFDJ56DA,,58.46,防空避難室兼停車空間、蓄水池、消防泵浦室、雨污水機房、梯間、停車空間、電信室、台電配電場所、發電機房、垃圾儲藏室、管委會使用空間、公共服務空間、機械室、水箱等１４項,鋼筋混凝土造,114年10月9日,十三層,,持分移轉
RPVOMLLJKIKGFDJ68DA,,59.75,集合住宅,鋼筋混凝土造,114年10月9日,十三層,五層 陽台,全筆移轉
RPVOMLLJKIKGFDJ68DA,,53.86,防空避難室兼停車空間、蓄水池、消防泵浦室、雨污水機房、梯間、停車空間、電信室、台電配電場所、發電機房、垃圾儲藏室、管委會使用空間、公共服務空間、機械室、水箱等１４項,鋼筋混凝土造,114年10月9日,十三層,,持分移轉
RPTPMLLLQHKGFDJ66DA,,59.75,集合住宅,鋼筋混凝土造,114年10月9日,十三層,三層 陽台,全筆移轉
RPTPMLLLQHKGFDJ66DA,,52.91,防空避難室兼停車空間、蓄水池、消防泵浦室、雨污水機房、梯間、停車空間、電信室、台電配電場所、發電機房、垃圾儲藏室、管委會使用空間、公共服務空間、機械室、水箱等１４項,鋼筋混凝土造,114年10月9日,十三層,,持分移轉
RPUPMLSJKIKGFBJ56DA,,90.98,集合住宅,鋼筋混凝土造,114年9月17日,十層,三層 陽台,全筆移轉
RPUPMLSJKIKGFBJ56DA,,98.63,本共有部分之項目有停車空間、消防機械室、汙水機房、水箱、防空避難室兼停車空間、台電配電室、電信室、管委會、梯間、消防水箱、昇降機房等十一項。,鋼筋混凝土造,114年9月17日,十層,,持分移轉
RPSOMLLKRHKGFDJ09DA,,80.92,集合住宅,鋼筋混凝土造,114年10月9日,十三層,十三層 陽台,全筆移轉
RPSOMLLKRHKGFDJ09DA,,69.17,防空避難室兼停車空間、蓄水池、消防泵浦室、雨污水機房、梯間、停車空間、電信室、台電配電場所、發電機房、垃圾儲藏室、管委會使用空間、公共服務空間、機械室、水箱等１４項,鋼筋混凝土造,114年10月9日,十三層,,持分移轉
RPXRMLOKJHLGFDJ86DA,1,264.30,集合住宅、停車空間,鋼筋混凝土造,114年3月6日,五層,一層 二層 三層 四層 五層 陽台,全筆移轉
RPQPMLOLKIKGFBJ58DA,,90.98,集合住宅,鋼筋混凝土造,114年9月17日,十層,九層 陽台,全筆移轉
RPTNMLRKIIKGFDJ88DA,,164.90,集合住宅、樓梯間,鋼筋混凝土造,114年7月10日,三層,一層 二層 三層 陽台 見其他登記事項,全筆移轉
RPQPMLOLKIKGFBJ58DA,,148.52,本共有部分之項目有停車空間、消防機械室、汙水機房、水箱、防空避難室兼停車空間、台電配電室、電信室、管委會、梯間、消防水箱、昇降機房等十一項。,鋼筋混凝土造,114年9月17日,十層,,持分移轉
RPVNMLMKKIKGFDJ78DA,,59.75,集合住宅,鋼筋混凝土造,114年10月9日,十三層,三層 陽台,全筆移轉
RPVNMLMKKIKGFDJ78DA,,52.91,防空避難室兼停車空間、蓄水池、消防泵浦室、雨污水機房、梯間、停車空間、電信室、台電配電場所、發電機房、垃圾儲藏室、管委會使用空間、公共服務空間、機械室、水箱等１４項,鋼筋混凝土造,114年10月9日,十三層,,持分移轉
RPWNMLMKKIKGFDJ88DA,,81.02,集合住宅,鋼筋混凝土造,114年10月9日,十三層,三層 陽台,全筆移轉
RPWNMLMKKIKGFDJ88DA,,69.29,防空避難室兼停車空間、蓄水池、消防泵浦室、雨污水機房、梯間、停車空間、電信室、台電配電場所、發電機房、垃圾儲藏室、管委會使用空間、公共服務空間、機械室、水箱等１４項,鋼筋混凝土造,114年10月9日,十三層,,持分移轉
RPRPMLOLKIKGFBJ68DA,,90.98,集合住宅,鋼筋混凝土造,114年9月17日,十層,五層 陽台,全筆移轉
RPXNMLMKKIKGFDJ98DA,,80.92,集合住宅,鋼筋混凝土造,114年10月9日,十三層,三層 陽台,全筆移轉
RPRPMLOLKIKGFBJ68DA,,98.63,本共有部分之項目有停車空間、消防機械室、汙水機房、水箱、防空避難室兼停車空間、台電配電室、電信室、管委會、梯間、消防水箱、昇降機房等十一項。,鋼筋混凝土造,114年9月17日,十層,,持分移轉
RPXNMLMKKIKGFDJ98DA,,69.17,防空避難室兼停車空間、蓄水池、消防泵浦室、雨污水機房、梯間、停車空間、電信室、台電配電場所、發電機房、垃圾儲藏室、管委會使用空間、公共服務空間、機械室、水箱等１４項,鋼筋混凝土造,114年10月9日,十三層,,持分移轉
RPVNMLTKJHLGFCJ66DA,,83.14,集合住宅,鋼筋混凝土造,114年10月7日,十五層,二層 陽台,全筆移轉
RPVNMLTKJHLGFCJ66DA,,69.53,本共有部分項目有：集合住宅（附屬開放空間、公共服務空間、管委會使用空間、車道、梯間）、梯間、機械室、水箱、停車空間、發電機室、台電配電場所、垃圾貯存空間、電信室、蓄水池、汙雨水回收機房、消防泵埔室等１６項,鋼筋混凝土造,114年10月7日,十五層,,持分移轉
RPUNMLKLQHKGFDJ09DA,,81.02,集合住宅,鋼筋混凝土造,114年10月9日,十三層,十三層 陽台,全筆移轉
RPUNMLKLQHKGFDJ09DA,,69.29,防空避難室兼停車空間、蓄水池、消防泵浦室、雨污水機房、梯間、停車空間、電信室、台電配電場所、發電機房、垃圾儲藏室、管委會使用空間、公共服務空間、機械室、水箱等１４項,鋼筋混凝土造,114年10月9日,十三層,,持分移轉
RPQNMLMJJHLGFDJ08DA,,88.76,集合住宅,鋼筋混凝土造,114年8月13日,五層,五層 陽台,全筆移轉
RPPOMLTKQHKGFDJ86DA,,81.02,集合住宅,鋼筋混凝土造,114年10月9日,十三層,四層 陽台,全筆移轉
RPQNMLMJJHLGFDJ08DA,,27.98,本共有部分之項目有停車空間、管委會、樓梯間、機械室、水箱等５項,鋼筋混凝土造,114年8月13日,五層,,持分移轉
RPPOMLTKQHKGFDJ86DA,,69.29,防空避難室兼停車空間、蓄水池、消防泵浦室、雨污水機房、梯間、停車空間、電信室、台電配電場所、發電機房、垃圾儲藏室、管委會使用空間、公共服務空間、機械室、水箱等１４項,鋼筋混凝土造,114年10月9日,十三層,,持分移轉
RPOOMLKLQHKGFDJ58DA,,80.92,集合住宅,鋼筋混凝土造,114年10月9日,十三層,五層 陽台,全筆移轉
RPOOMLKLQHKGFDJ58DA,,69.17,防空避難室兼停車空間、蓄水池、消防泵浦室、雨污水機房、梯間、停車空間、電信室、台電配電場所、發電機房、垃圾儲藏室、管委會使用空間、公共服務空間、機械室、水箱等１４項,鋼筋混凝土造,114年10月9日,十三層,,持分移轉
RPQQMLSJKIKGFBJ88DA,,88.98,集合住宅,鋼筋混凝土造,114年9月17日,十層,六層 陽台,全筆移轉
RPQQMLSJKIKGFBJ88DA,,97.56,本共有部分之項目有停車空間、消防機械室、汙水機房、水箱、防空避難室兼停車空間、台電配電室、電信室、管委會、梯間、消防水箱、昇降機房等十一項。,鋼筋混凝土造,114年9月17日,十層,,持分移轉
RPOQMLSJKIKGFBJ68DA,,88.98,集合住宅,鋼筋混凝土造,114年9月17日,十層,五層 陽台,全筆移轉
RPOQMLSJKIKGFBJ68DA,,97.56,本共有部分之項目有停車空間、消防機械室、汙水機房、水箱、防空避難室兼停車空間、台電配電室、電信室、管委會、梯間、消防水箱、昇降機房等十一項。,鋼筋混凝土造,114年9月17日,十層,,持分移轉
RPROMLKLQHKGFDJ88DA,,59.75,集合住宅,鋼筋混凝土造,114年10月9日,十三層,二層 陽台,全筆移轉
RPROMLKLQHKGFDJ88DA,,52.91,防空避難室兼停車空間、蓄水池、消防泵浦室、雨污水機房、梯間、停車空間、電信室、台電配電場所、發電機房、垃圾儲藏室、管委會使用空間、公共服務空間、機械室、水箱等１４項,鋼筋混凝土造,114年10月9日,十三層,,持分移轉
RPWOMLKLQHKGFDJ76DA,,59.75,集合住宅,鋼筋混凝土造,114年10月9日,十三層,十三層 陽台,全筆移轉
RPWOMLKLQHKGFDJ76DA,,52.91,防空避難室兼停車空間、蓄水池、消防泵浦室、雨污水機房、梯間、停車空間、電信室、台電配電場所、發電機房、垃圾儲藏室、管委會使用空間、公共服務空間、機械室、水箱等１４項,鋼筋混凝土造,114年10月9日,十三層,,持分移轉
RPRQMLKLQHKGFDJ09DA,,81.02,集合住宅,鋼筋混凝土造,114年10月9日,十三層,十三層 陽台,全筆移轉
RPRQMLKLQHKGFDJ09DA,,69.29,防空避難室兼停車空間、蓄水池、消防泵浦室、雨污水機房、梯間、停車空間、電信室、台電配電場所、發電機房、垃圾儲藏室、管委會使用空間、公共服務空間、機械室、水箱等１４項,鋼筋混凝土造,114年10月9日,十三層,,持分移轉
RPQNMLLLQHKGFDJ78DA,,80.92,集合住宅,鋼筋混凝土造,114年10月9日,十三層,五層 陽台,全筆移轉
RPQNMLLLQHKGFDJ78DA,,69.17,防空避難室兼停車空間、蓄水池、消防泵浦室、雨污水機房、梯間、停車空間、電信室、台電配電場所、發電機房、垃圾儲藏室、管委會使用空間、公共服務空間、機械室、水箱等１４項,鋼筋混凝土造,114年10月9日,十三層,,持分移轉
RPPNMLLLQHKGFDJ68DA,,80.92,集合住宅,鋼筋混凝土造,114年10月9日,十三層,四層 陽台,全筆移轉
RPPNMLLLQHKGFDJ68DA,,69.17,防空避難室兼停車空間、蓄水池、消防泵浦室、雨污水機房、梯間、停車空間、電信室、台電配電場所、發電機房、垃圾儲藏室、管委會使用空間、公共服務空間、機械室、水箱等１４項,鋼筋混凝土造,114年10月9日,十三層,,持分移轉
RPRNMLRKIIKGFDJ68DA,,164.90,集合住宅、樓梯間,鋼筋混凝土造,114年7月10日,三層,一層 二層 三層 陽台 見其他登記事項,全筆移轉
RPVNMLSLIIKGFDJ66DA,,160.32,停車空間、集合住宅,鋼筋混凝土造,114年7月30日,四層,一層 二層 三層 四層 陽台,全筆移轉
RPQOMLLKRHKGFDJ88DA,,81.02,集合住宅,鋼筋混凝土造,114年10月9日,十三層,五層 陽台,全筆移轉
RPQOMLLKRHKGFDJ88DA,,69.29,防空避難室兼停車空間、蓄水池、消防泵浦室、雨污水機房、梯間、停車空間、電信室、台電配電場所、發電機房、垃圾儲藏室、管委會使用空間、公共服務空間、機械室、水箱等１４項,鋼筋混凝土造,114年10月9日,十三層,,持分移轉
RPPRMLNJKHLGFDJ58DA,,71.52,集合住宅,鋼筋混凝土造,114年12月16日,十三層,九層 陽台,全筆移轉
RPPRMLNJKHLGFDJ58DA,,72.84,本共有部分之項目有集合住宅、防空避難室兼停車空間、停車空間、公共服務空間、樓梯間等５項,鋼筋混凝土造,114年12月16日,十三層,,持分移轉
RPTNMLKKKIKGFDJ38DA,,61.23,集合住宅,鋼筋混凝土造,114年7月14日,五層,三層 陽台,全筆移轉
RPTNMLKKKIKGFDJ38DA,,33.29,停車空間、電信室、集合住宅、樓梯間等４項,鋼筋混凝土造,114年7月14日,五層,,持分移轉
RPQOMLKLQHKGFDJ78DA,,80.92,集合住宅,鋼筋混凝土造,114年10月9日,十三層,十三層 陽台,全筆移轉
RPQOMLKLQHKGFDJ78DA,,69.17,防空避難室兼停車空間、蓄水池、消防泵浦室、雨污水機房、梯間、停車空間、電信室、台電配電場所、發電機房、垃圾儲藏室、管委會使用空間、公共服務空間、機械室、水箱等１４項,鋼筋混凝土造,114年10月9日,十三層,,持分移轉
RPWNMLSLIIKGFDJ76DA,,160.32,停車空間、集合住宅,鋼筋混凝土造,114年7月30日,四層,一層 二層 三層 四層 陽台,全筆移轉
RPVNMLRJKHLGFDJ56DA,,211.67,停車空間、集合住宅,鋼筋混凝土造,114年10月22日,三層,一層 二層 三層 陽台,全筆移轉
RPQNMLSLIIKGFDJ78DA,,167.50,集合住宅,鋼筋混凝土造,114年7月30日,四層,一層 二層 三層 四層 陽台,全筆移轉
RPVNMLKKKIKGFDJ58DA,,61.23,集合住宅,鋼筋混凝土造,114年7月14日,五層,五層 陽台,全筆移轉
RPVNMLKKKIKGFDJ58DA,,33.29,停車空間、電信室、集合住宅、樓梯間等４項,鋼筋混凝土造,114年7月14日,五層,,持分移轉
RPOOMLKKKIKGFDJ97DA,,61.23,集合住宅,鋼筋混凝土造,114年7月14日,五層,三層 陽台,全筆移轉
RPOOMLKKKIKGFDJ97DA,,33.29,停車空間、電信室、集合住宅、樓梯間等４項,鋼筋混凝土造,114年7月14日,五層,,持分移轉
RPQNMLNJKIKGFCJ18DA,62,60.09,住家用,木石磚造（磚石造）,51年7月15日,一層,一層,全筆移轉
RPUNMLRLIIKGFDJ09DA,,160.66,集合住宅,鋼筋混凝土造,114年7月30日,四層,一層 二層 三層 四層 陽台,全筆移轉
RPVNMLRLIIKGFDJ56DA,,167.81,集合住宅,鋼筋混凝土造,114年7月30日,四層,一層 二層 三層 四層 陽台,全筆移轉
RPSNMLSLIIKGFDJ98DA,,160.28,集合住宅,鋼筋混凝土造,114年7月30日,四層,一層 二層 三層 四層 陽台,全筆移轉
RPTNMLOLKIKGFBJ68DA,,85.20,集合住宅,鋼筋混凝土造,114年10月28日,七層,二層 陽台,全筆移轉
RPTNMLOLKIKGFBJ68DA,,64.20,本共有部分之項目有防空避難室兼停車空間、停車空間、管理委員會使用空間、樓梯間、水箱、機械室等六項。,鋼筋混凝土造,114年10月28日,七層,,持分移轉
RPTNMLPKKIKGFDJ88DA,,89.82,集合住宅,鋼筋混凝土造,114年8月15日,十五層,四層 陽台 雨遮,全筆移轉
RPTNMLPKKIKGFDJ88DA,,80.08,本共有部分之項目有防空避難室兼停車空間、停車空間、公共服務空間、管委會空間、梯間、機械室、水箱等７項,鋼筋混凝土造,114年8月15日,十五層,,持分移轉
RPTNMLTLKIKGFDJ76DA,,62.17,集合住宅,鋼筋混凝土造,114年8月15日,十五層,七層 陽台 雨遮,全筆移轉
RPTNMLTLKIKGFDJ76DA,,70.22,本共有部分之項目有防空避難室兼停車空間、停車空間、公共服務空間、管委會空間、梯間、機械室、水箱等７項,鋼筋混凝土造,114年8月15日,十五層,,持分移轉
RPPOMLKKKIKGFDJ08DA,,61.75,集合住宅,鋼筋混凝土造,114年7月14日,五層,四層 陽台,全筆移轉
RPPOMLKKKIKGFDJ08DA,,18.59,停車空間、電信室、集合住宅、樓梯間等４項,鋼筋混凝土造,114年7月14日,五層,,持分移轉
RPOOMLLKKIKGFBJ87DA,18,119.47,住家用,鋼筋混凝土造,95年5月19日,十五層,二層 陽台 雨遮,全筆移轉
RPOOMLLKKIKGFBJ87DA,18,20.09,共有部分,鋼筋混凝土造,95年5月19日,十五層,,持分移轉
RPOOMLLKKIKGFBJ87DA,18,32.45,共有部分,鋼筋混凝土造,95年5月19日,十五層,,持分移轉
RPOOMLRKOHKGFDJ98DA,,70.31,集合住宅,鋼筋混凝土造,114年1月20日,十層,八層 陽台,全筆移轉
RPXNMLKKKIKGFDJ78DA,,61.75,集合住宅,鋼筋混凝土造,114年7月14日,五層,三層 陽台,全筆移轉
RPOOMLRKOHKGFDJ98DA,,31.28,本共有部分之項目有停車空間、機械室、管委會空間、樓梯間、集合住宅等５項,鋼筋混凝土造,114年1月20日,十層,,持分移轉
RPXNMLKKKIKGFDJ78DA,,18.59,停車空間、電信室、集合住宅、樓梯間等４項,鋼筋混凝土造,114年7月14日,五層,,持分移轉
RPXNMLPKKIKGFDJ66DA,,56.83,集合住宅,鋼筋混凝土造,114年8月15日,十五層,七層 陽台 雨遮,全筆移轉
RPXNMLPKKIKGFDJ66DA,,64.22,本共有部分之項目有防空避難室兼停車空間、停車空間、公共服務空間、管委會空間、梯間、機械室、水箱等７項,鋼筋混凝土造,114年8月15日,十五層,,持分移轉
RPROMLKLJHLGFBJ08DA,,328.20,集合住宅、停車空間、樓梯間,鋼筋混凝土造,114年3月8日,四層,一層 二層 三層 四層 陽台 見其他登記事項,全筆移轉
RPRNMLQKJHLGFCJ68EA,,72.80,集合住宅,鋼筋混凝土造,114年9月30日,七層,四層 陽台,全筆移轉
RPRNMLQKJHLGFCJ68EA,,52.00,共有部分主要用途項目有：機房、水箱、停車空間、樓梯間、昇降機房、消防水箱等６項,鋼筋混凝土造,114年9月30日,七層,,持分移轉
RPPSMLNJIIKGFDJ48DA,,78.40,集合住宅,鋼筋混凝土造,114年10月17日,九層,五層 陽台,全筆移轉
RPPSMLNJIIKGFDJ48DA,,61.14,本共有部分之項目有停車空間、蓄水池、消防泵浦室、雨水、污水機房、梯間、發電機房、台電配電場所、電信室、儲藏室、管委會使用空間、車道、垃圾儲藏室、機械室、水箱等１５項,鋼筋混凝土造,114年10月17日,九層,,持分移轉
RPPNMLRJKHLGFDJ58DA,,211.67,停車空間、集合住宅,鋼筋混凝土造,114年10月22日,三層,一層 二層 三層 陽台,全筆移轉
RPXNMLRJIIKGFDJ56DA,,77.92,一般事務所,鋼筋混凝土造,114年10月17日,九層,八層 陽台,全筆移轉
RPXNMLRJIIKGFDJ56DA,,60.90,本共有部分之項目有停車空間、蓄水池、消防泵浦室、雨水、污水機房、梯間、發電機房、台電配電場所、電信室、儲藏室、管委會使用空間、車道、垃圾儲藏室、機械室、水箱等１５項,鋼筋混凝土造,114年10月17日,九層,,持分移轉
RPSNMLRJKHLGFDJ88DA,,200.14,停車空間、集合住宅,鋼筋混凝土造,114年10月22日,三層,一層 二層 三層 陽台,全筆移轉
RPUQMLNJIIKGFDJ78DA,,78.26,集合住宅,鋼筋混凝土造,114年10月17日,九層,八層 陽台,全筆移轉
RPUQMLNJIIKGFDJ78DA,,63.82,本共有部分之項目有停車空間、蓄水池、消防泵浦室、雨水、污水機房、梯間、發電機房、台電配電場所、電信室、儲藏室、管委會使用空間、車道、垃圾儲藏室、機械室、水箱等１５項,鋼筋混凝土造,114年10月17日,九層,,持分移轉
RPTWMLNJIIKGFDJ66DA,,77.85,集合住宅,鋼筋混凝土造,114年10月17日,九層,八層 陽台,全筆移轉
RPTWMLNJIIKGFDJ66DA,,63.74,本共有部分之項目有停車空間、蓄水池、消防泵浦室、雨水、污水機房、梯間、發電機房、台電配電場所、電信室、儲藏室、管委會使用空間、車道、垃圾儲藏室、機械室、水箱等１５項,鋼筋混凝土造,114年10月17日,九層,,持分移轉
RPSNMLRLJIKGFDJ98DA,,160.72,集合住宅,鋼筋混凝土造,114年7月30日,四層,一層 二層 三層 四層 陽台,全筆移轉
RPSNMLLMKIKGFCJ48DA,,83.17,集合住宅,鋼筋混凝土造,114年10月7日,十五層,九層 陽台,全筆移轉
RPSNMLLMKIKGFCJ48DA,,70.69,本共有部分項目有：集合住宅（附屬開放空間、公共服務空間、管委會使用空間、車道、梯間）、梯間、機械室、水箱、停車空間、發電機室、台電配電場所、垃圾貯存空間、電信室、蓄水池、汙雨水回收機房、消防泵埔室等１６項,鋼筋混凝土造,114年10月7日,十五層,,持分移轉
RPPUMLNJIIKGFDJ68DA,,78.17,集合住宅,鋼筋混凝土造,114年10月17日,九層,九層 陽台,全筆移轉
RPRNMLRLJIKGFDJ88DA,,166.84,集合住宅,鋼筋混凝土造,114年7月30日,四層,一層 二層 三層 四層 陽台,全筆移轉
RPPUMLNJIIKGFDJ68DA,,61.06,本共有部分之項目有停車空間、蓄水池、消防泵浦室、雨水、污水機房、梯間、發電機房、台電配電場所、電信室、儲藏室、管委會使用空間、車道、垃圾儲藏室、機械室、水箱等１５項,鋼筋混凝土造,114年10月17日,九層,,持分移轉
RPUTMLNJIIKGFDJ09DA,,78.17,集合住宅,鋼筋混凝土造,114年10月17日,九層,四層 陽台,全筆移轉
RPUTMLNJIIKGFDJ09DA,,61.06,本共有部分之項目有停車空間、蓄水池、消防泵浦室、雨水、污水機房、梯間、發電機房、台電配電場所、電信室、儲藏室、管委會使用空間、車道、垃圾儲藏室、機械室、水箱等１５項,鋼筋混凝土造,114年10月17日,九層,,持分移轉
RPTNMLSLIIKGFDJ09DA,,160.32,停車空間、集合住宅,鋼筋混凝土造,114年7月30日,四層,一層 二層 三層 四層 陽台,全筆移轉
RPTNMLRLIIKGFDJ98DA,,160.66,集合住宅,鋼筋混凝土造,114年7月30日,四層,一層 二層 三層 四層 陽台,全筆移轉
RPUNMLSLIIKGFDJ56DA,,160.32,停車空間、集合住宅,鋼筋混凝土造,114年7月30日,四層,一層 二層 三層 四層 陽台,全筆移轉
RPOQMLNLJHLGFDJ48DA,,77.51,集合住宅,鋼筋混凝土造,114年10月17日,九層,七層 陽台,全筆移轉
RPOQMLNLJHLGFDJ48DA,,60.74,本共有部分之項目有停車空間、蓄水池、消防泵浦室、雨水、污水機房、梯間、發電機房、台電配電場所、電信室、儲藏室、管委會使用空間、車道、垃圾儲藏室、機械室、水箱等１５項,鋼筋混凝土造,114年10月17日,九層,,持分移轉
RPPNMLSLKHLGFDJ88DA,,89.82,集合住宅,鋼筋混凝土造,114年8月15日,十五層,七層 陽台 雨遮,全筆移轉
RPPNMLSLKHLGFDJ88DA,,83.51,本共有部分之項目有防空避難室兼停車空間、停車空間、公共服務空間、管委會空間、梯間、機械室、水箱等７項,鋼筋混凝土造,114年8月15日,十五層,,持分移轉
RPXRMLNJIIKGFDJ56DA,,78.40,集合住宅,鋼筋混凝土造,114年10月17日,九層,三層 陽台,全筆移轉
RPXRMLNJIIKGFDJ56DA,,61.14,本共有部分之項目有停車空間、蓄水池、消防泵浦室、雨水、污水機房、梯間、發電機房、台電配電場所、電信室、儲藏室、管委會使用空間、車道、垃圾儲藏室、機械室、水箱等１５項,鋼筋混凝土造,114年10月17日,九層,,持分移轉
RPUNNLNJIIKGFDJ58DA,,77.51,集合住宅,鋼筋混凝土造,114年10月17日,九層,四層 陽台,全筆移轉
RPUNNLNJIIKGFDJ58DA,,62.00,本共有部分之項目有停車空間、蓄水池、消防泵浦室、雨水、污水機房、梯間、發電機房、台電配電場所、電信室、儲藏室、管委會使用空間、車道、垃圾儲藏室、機械室、水箱等１５項,鋼筋混凝土造,114年10月17日,九層,,持分移轉
RPXUMLNJIIKGFDJ86DA,,55.68,集合住宅,鋼筋混凝土造,114年10月17日,九層,九層 陽台,全筆移轉
RPXUMLNJIIKGFDJ86DA,,42.83,本共有部分之項目有停車空間、蓄水池、消防泵浦室、雨水、污水機房、梯間、發電機房、台電配電場所、電信室、儲藏室、管委會使用空間、車道、垃圾儲藏室、機械室、水箱等１５項,鋼筋混凝土造,114年10月17日,九層,,持分移轉
RPSNMLSLKHLGFDJ56DA,,87.70,集合住宅,鋼筋混凝土造,114年8月15日,十五層,二層 陽台 雨遮,全筆移轉
RPSNMLSLKHLGFDJ56DA,,79.12,本共有部分之項目有防空避難室兼停車空間、停車空間、公共服務空間、管委會空間、梯間、機械室、水箱等７項,鋼筋混凝土造,114年8月15日,十五層,,持分移轉
RPPOMLKLJHLGFDJ08DA,,62.27,集合住宅,鋼筋混凝土造,114年8月15日,十五層,十三層 陽台 雨遮,全筆移轉
RPPOMLKLJHLGFDJ08DA,,66.90,本共有部分之項目有防空避難室兼停車空間、停車空間、公共服務空間、管委會空間、梯間、機械室、水箱等７項,鋼筋混凝土造,114年8月15日,十五層,,持分移轉
RPOQMLMLKIKGFBJ28DA,,84.46,集合住宅,鋼筋混凝土造,114年12月4日,十三層,二層 陽台,全筆移轉
RPOQMLMLKIKGFBJ28DA,,50.81,本共有部分之項目有防空避難室兼停車空間、停車空間等二項。,鋼筋混凝土造,114年12月4日,十三層,,持分移轉
RPOQMLMLKIKGFBJ28DA,,18.87,本共有部分之項目有電梯機房、水箱等二項。,鋼筋混凝土造,114年12月4日,十三層,,持分移轉
RPSNNLNJIIKGFDJ38DA,,77.51,集合住宅,鋼筋混凝土造,114年10月17日,九層,二層 陽台,全筆移轉
RPSNNLNJIIKGFDJ38DA,,68.71,本共有部分之項目有停車空間、蓄水池、消防泵浦室、雨水、污水機房、梯間、發電機房、台電配電場所、電信室、儲藏室、管委會使用空間、車道、垃圾儲藏室、機械室、水箱等１５項,鋼筋混凝土造,114年10月17日,九層,,持分移轉
RPSNMLKLJHLGFDJ28DA,,56.83,集合住宅,鋼筋混凝土造,114年8月15日,十五層,六層 陽台 雨遮,全筆移轉
RPSNMLKLJHLGFDJ28DA,,67.65,本共有部分之項目有防空避難室兼停車空間、停車空間、公共服務空間、管委會空間、梯間、機械室、水箱等７項,鋼筋混凝土造,114年8月15日,十五層,,持分移轉
RPROMLSLJHLGFDJ09DA,,90.73,集合住宅,鋼筋混凝土造,114年8月15日,十五層,三層 陽台 雨遮,全筆移轉
RPROMLSLJHLGFDJ09DA,,80.62,本共有部分之項目有防空避難室兼停車空間、停車空間、公共服務空間、管委會空間、梯間、機械室、水箱等７項,鋼筋混凝土造,114年8月15日,十五層,,持分移轉
RPWOMLMLKIKGFBJ88DA,,84.13,集合住宅,鋼筋混凝土造,114年12月4日,十三層,四層 陽台,全筆移轉
RPWOMLMLKIKGFBJ88DA,,76.07,本共有部分之項目有防空避難室兼停車空間、停車空間等二項。,鋼筋混凝土造,114年12月4日,十三層,,持分移轉
RPWOMLMLKIKGFBJ88DA,,18.80,本共有部分之項目有電梯機房、水箱等二項。,鋼筋混凝土造,114年12月4日,十三層,,持分移轉
RPPOMLLMKIKGFBJ18DA,,84.13,集合住宅,鋼筋混凝土造,114年12月4日,十三層,二層 陽台,全筆移轉
RPPOMLLMKIKGFBJ18DA,,50.71,本共有部分之項目有防空避難室兼停車空間、停車空間等二項。,鋼筋混凝土造,114年12月4日,十三層,,持分移轉
RPPOMLLMKIKGFBJ18DA,,18.80,本共有部分之項目有電梯機房、水箱等二項。,鋼筋混凝土造,114年12月4日,十三層,,持分移轉
RPVNMLMKJHLGFBJ48DA,,84.53,集合住宅,鋼筋混凝土造,114年12月4日,十三層,十三層 陽台 見其他登記事項,全筆移轉
RPVNMLMKJHLGFBJ48DA,,76.22,本共有部分之項目有防空避難室兼停車空間、停車空間等二項。,鋼筋混凝土造,114年12月4日,十三層,,持分移轉
RPVNMLMKJHLGFBJ48DA,,18.89,本共有部分之項目有電梯機房、水箱等二項。,鋼筋混凝土造,114年12月4日,十三層,,持分移轉
RPOVMLNJIIKGFDJ68DA,,78.37,集合住宅,鋼筋混凝土造,114年10月17日,九層,二層 陽台,全筆移轉
RPOVMLNJIIKGFDJ68DA,,61.14,本共有部分之項目有停車空間、蓄水池、消防泵浦室、雨水、污水機房、梯間、發電機房、台電配電場所、電信室、儲藏室、管委會使用空間、車道、垃圾儲藏室、機械室、水箱等１５項,鋼筋混凝土造,114年10月17日,九層,,持分移轉
RPQRMLMLKIKGFBJ58DA,,84.46,集合住宅,鋼筋混凝土造,114年12月4日,十三層,十一層 陽台,全筆移轉
RPQRMLMLKIKGFBJ58DA,,76.16,本共有部分之項目有防空避難室兼停車空間、停車空間等二項。,鋼筋混凝土造,114年12月4日,十三層,,持分移轉
RPQRMLMLKIKGFBJ58DA,,18.87,本共有部分之項目有電梯機房、水箱等二項。,鋼筋混凝土造,114年12月4日,十三層,,持分移轉
RPUWMLNJIIKGFDJ76DA,,77.85,集合住宅,鋼筋混凝土造,114年10月17日,九層,九層 陽台,全筆移轉
RPUWMLNJIIKGFDJ76DA,,60.98,本共有部分之項目有停車空間、蓄水池、消防泵浦室、雨水、污水機房、梯間、發電機房、台電配電場所、電信室、儲藏室、管委會使用空間、車道、垃圾儲藏室、機械室、水箱等１５項,鋼筋混凝土造,114年10月17日,九層,,持分移轉
RPPNMLPLJHLGFDJ48DA,,90.51,集合住宅,鋼筋混凝土造,114年12月3日,十層,三層 陽台,全筆移轉
RPPNMLPLJHLGFDJ48DA,,37.16,本共有部分之項目有停車空間、機械室、集合住宅、樓梯間、電梯間等５項,鋼筋混凝土造,114年12月3日,十層,,持分移轉
RPUNMLMKJHLGFDJ58DA,,87.70,集合住宅,鋼筋混凝土造,114年8月15日,十五層,四層 陽台 雨遮,全筆移轉
RPUNMLMKJHLGFDJ58DA,,79.12,本共有部分之項目有防空避難室兼停車空間、停車空間、公共服務空間、管委會空間、梯間、機械室、水箱等７項,鋼筋混凝土造,114年8月15日,十五層,,持分移轉
RPVOMLPLJHLGFDJ56DA,,228.76,集合住宅,鋼筋混凝土造,114年12月3日,四層,一層 二層 三層 四層 陽台,全筆移轉
RPUOMLPLJHLGFDJ09DA,,228.76,集合住宅,鋼筋混凝土造,114年12月3日,四層,一層 二層 三層 四層 陽台,全筆移轉
RPPPMLRJIIKGFDJ58DA,,77.76,一般事務所,鋼筋混凝土造,114年10月17日,九層,二層 陽台,全筆移轉
RPPPMLRJIIKGFDJ58DA,,60.82,本共有部分之項目有停車空間、蓄水池、消防泵浦室、雨水、污水機房、梯間、發電機房、台電配電場所、電信室、儲藏室、管委會使用空間、車道、垃圾儲藏室、機械室、水箱等１５項,鋼筋混凝土造,114年10月17日,九層,,持分移轉
RPSOMLNLJHLGFDJ68DA,,78.40,集合住宅,鋼筋混凝土造,114年10月17日,九層,四層 陽台,全筆移轉
RPSOMLNLJHLGFDJ68DA,,69.10,本共有部分之項目有停車空間、蓄水池、消防泵浦室、雨水、污水機房、梯間、發電機房、台電配電場所、電信室、儲藏室、管委會使用空間、車道、垃圾儲藏室、機械室、水箱等１５項,鋼筋混凝土造,114年10月17日,九層,,持分移轉
RPWOMLPLJHLGFDJ66DA,,228.76,集合住宅,鋼筋混凝土造,114年12月3日,四層,一層 二層 三層 四層 陽台,全筆移轉
RPRNMLNJLHLGFCJ38DA,,249.28,店舖、集合住宅、停車空間、樓梯間,鋼筋混凝土造,114年12月9日,四層,一層 二層 三層 四層 陽台 見其他登記事項,全筆移轉
RPRPMLNLJHLGFDJ68DA,,78.17,集合住宅,鋼筋混凝土造,114年10月17日,九層,八層 陽台,全筆移轉
RPRPMLNLJHLGFDJ68DA,,69.02,本共有部分之項目有停車空間、蓄水池、消防泵浦室、雨水、污水機房、梯間、發電機房、台電配電場所、電信室、儲藏室、管委會使用空間、車道、垃圾儲藏室、機械室、水箱等１５項,鋼筋混凝土造,114年10月17日,九層,,持分移轉
RPSNMLMJKIKGFCJ28DA,,83.17,集合住宅,鋼筋混凝土造,114年10月7日,十五層,四層 陽台,全筆移轉
RPSNMLMJKIKGFCJ28DA,,70.69,本共有部分項目有：集合住宅（附屬開放空間、公共服務空間、管委會使用空間、車道、梯間）、梯間、機械室、水箱、停車空間、發電機室、台電配電場所、垃圾貯存空間、電信室、蓄水池、汙雨水回收機房、消防泵埔室等１６項,鋼筋混凝土造,114年10月7日,十五層,,持分移轉
RPUPMLNLJHLGFDJ98DA,,77.85,集合住宅,鋼筋混凝土造,114年10月17日,九層,六層 陽台,全筆移轉
RPUPMLNLJHLGFDJ98DA,,68.95,本共有部分之項目有停車空間、蓄水池、消防泵浦室、雨水、污水機房、梯間、發電機房、台電配電場所、電信室、儲藏室、管委會使用空間、車道、垃圾儲藏室、機械室、水箱等１５項,鋼筋混凝土造,114年10月17日,九層,,持分移轉
RPWNMLKKKIKGFDJ68DA,,61.23,集合住宅,鋼筋混凝土造,114年7月14日,五層,五層 陽台,全筆移轉
RPWNMLKKKIKGFDJ68DA,,33.29,停車空間、電信室、集合住宅、樓梯間等４項,鋼筋混凝土造,114年7月14日,五層,,持分移轉
RPUNMLKKKIKGFDJ48DA,,61.81,集合住宅,鋼筋混凝土造,114年7月14日,五層,四層 陽台,全筆移轉
RPUNMLKKKIKGFDJ48DA,,33.47,停車空間、電信室、集合住宅、樓梯間等４項,鋼筋混凝土造,114年7月14日,五層,,持分移轉
RPRPMLRJIIKGFDJ78DA,,77.76,一般事務所,鋼筋混凝土造,114年10月17日,九層,四層 陽台,全筆移轉
RPRPMLRJIIKGFDJ78DA,,60.82,本共有部分之項目有停車空間、蓄水池、消防泵浦室、雨水、污水機房、梯間、發電機房、台電配電場所、電信室、儲藏室、管委會使用空間、車道、垃圾儲藏室、機械室、水箱等１５項,鋼筋混凝土造,114年10月17日,九層,,持分移轉
RPSPMLRJIIKGFDJ88DA,,77.76,一般事務所,鋼筋混凝土造,114年10月17日,九層,五層 陽台,全筆移轉
RPSPMLRJIIKGFDJ88DA,,68.79,本共有部分之項目有停車空間、蓄水池、消防泵浦室、雨水、污水機房、梯間、發電機房、台電配電場所、電信室、儲藏室、管委會使用空間、車道、垃圾儲藏室、機械室、水箱等１５項,鋼筋混凝土造,114年10月17日,九層,,持分移轉
RPROMLPJQHKGFCJ09DA,,53.20,集合住宅,鋼筋混凝土造,114年9月30日,七層,二層 陽台,全筆移轉
RPROMLPJQHKGFCJ09DA,,42.41,共有部分主要用途項目有：機房、水箱、停車空間、樓梯間、昇降機房、消防水箱等６項,鋼筋混凝土造,114年9月30日,七層,,持分移轉
RPPNMLPKKIKGFDJ48DA,,62.27,集合住宅,鋼筋混凝土造,114年8月15日,十五層,十一層 陽台 雨遮,全筆移轉
RPQNMLPKKIKGFDJ58DA,,62.27,集合住宅,鋼筋混凝土造,114年8月15日,十五層,九層 陽台 雨遮,全筆移轉
RPPNMLPKKIKGFDJ48DA,,66.90,本共有部分之項目有防空避難室兼停車空間、停車空間、公共服務空間、管委會空間、梯間、機械室、水箱等７項,鋼筋混凝土造,114年8月15日,十五層,,持分移轉
RPQNMLPKKIKGFDJ58DA,,66.90,本共有部分之項目有防空避難室兼停車空間、停車空間、公共服務空間、管委會空間、梯間、機械室、水箱等７項,鋼筋混凝土造,114年8月15日,十五層,,持分移轉
RPUOMLPJQHKGFCJ76DA,,72.80,集合住宅,鋼筋混凝土造,114年9月30日,七層,三層 陽台,全筆移轉
RPUOMLPJQHKGFCJ76DA,,52.00,共有部分主要用途項目有：機房、水箱、停車空間、樓梯間、昇降機房、消防水箱等６項,鋼筋混凝土造,114年9月30日,七層,,持分移轉
RPQOMLKKKIKGFDJ18DA,,61.23,集合住宅,鋼筋混凝土造,114年7月14日,五層,四層 陽台,全筆移轉
RPSNMLPKKIKGFDJ78DA,,62.27,集合住宅,鋼筋混凝土造,114年8月15日,十五層,四層 陽台 雨遮,全筆移轉
RPQOMLKKKIKGFDJ18DA,,33.29,停車空間、電信室、集合住宅、樓梯間等４項,鋼筋混凝土造,114年7月14日,五層,,持分移轉
RPSNMLPKKIKGFDJ78DA,,66.90,本共有部分之項目有防空避難室兼停車空間、停車空間、公共服務空間、管委會空間、梯間、機械室、水箱等７項,鋼筋混凝土造,114年8月15日,十五層,,持分移轉
RPQNMLOJJIKGFBJ08DA,,113.47,集合住宅,鋼筋混凝土造,114年8月19日,十七層,二層 陽台,全筆移轉
RPQNMLOJJIKGFBJ08DA,,100.55,本共有部分之項目有停車空間、防空避難室、公共服務空間、梯間、水箱、機械室等六項。,鋼筋混凝土造,114年8月19日,十七層,,持分移轉
RPUNMLPKKIKGFDJ98DA,,62.27,集合住宅,鋼筋混凝土造,114年8月15日,十五層,五層 陽台 雨遮,全筆移轉
RPUNMLPKKIKGFDJ98DA,,66.90,本共有部分之項目有防空避難室兼停車空間、停車空間、公共服務空間、管委會空間、梯間、機械室、水箱等７項,鋼筋混凝土造,114年8月15日,十五層,,持分移轉
RPWNMLPKKIKGFDJ56DA,,56.83,集合住宅,鋼筋混凝土造,114年8月15日,十五層,十一層 陽台 雨遮,全筆移轉
RPWNMLPKKIKGFDJ56DA,,64.22,本共有部分之項目有防空避難室兼停車空間、停車空間、公共服務空間、管委會空間、梯間、機械室、水箱等７項,鋼筋混凝土造,114年8月15日,十五層,,持分移轉
RPRNMLRJIIKGFDJ58DA,,77.92,一般事務所,鋼筋混凝土造,114年10月17日,九層,三層 陽台,全筆移轉
RPRNMLRJIIKGFDJ58DA,,60.90,本共有部分之項目有停車空間、蓄水池、消防泵浦室、雨水、污水機房、梯間、發電機房、台電配電場所、電信室、儲藏室、管委會使用空間、車道、垃圾儲藏室、機械室、水箱等１５項,鋼筋混凝土造,114年10月17日,九層,,持分移轉
RPXPMLNJIIKGFDJ98DA,,78.13,集合住宅,鋼筋混凝土造,114年10月17日,九層,九層 陽台,全筆移轉
RPXPMLNJIIKGFDJ98DA,,61.06,本共有部分之項目有停車空間、蓄水池、消防泵浦室、雨水、污水機房、梯間、發電機房、台電配電場所、電信室、儲藏室、管委會使用空間、車道、垃圾儲藏室、機械室、水箱等１５項,鋼筋混凝土造,114年10月17日,九層,,持分移轉
RPRUMLKMIIKGFCJ78DA,,83.17,集合住宅,鋼筋混凝土造,114年10月7日,十五層,十四層 陽台,全筆移轉
RPRUMLKMIIKGFCJ78DA,,70.69,本共有部分項目有：集合住宅（附屬開放空間、公共服務空間、管委會使用空間、車道、梯間）、梯間、機械室、水箱、停車空間、發電機室、台電配電場所、垃圾貯存空間、電信室、蓄水池、汙雨水回收機房、消防泵埔室等１６項,鋼筋混凝土造,114年10月7日,十五層,,持分移轉
RPROMLKKKIKGFDJ28DA,,61.81,集合住宅,鋼筋混凝土造,114年7月14日,五層,五層 陽台,全筆移轉
RPROMLKKKIKGFDJ28DA,,33.47,停車空間、電信室、集合住宅、樓梯間等４項,鋼筋混凝土造,114年7月14日,五層,,持分移轉
RPVNMLKKKIKGFCJ48DA,,56.00,集合住宅,鋼筋混凝土造,114年10月7日,十四層,十二層 陽台,全筆移轉
RPVNMLKKKIKGFCJ48DA,,56.99,本共有部分項目有：集合住宅（附屬開放空間、公共服務空間、管委會使用空間、車道、梯間）、梯間、機械室、水箱、停車空間、發電機室、台電配電場所、垃圾貯存空間、電信室、蓄水池、汙雨水回收機房、消防泵埔室等１６項,鋼筋混凝土造,114年10月7日,十五層,,持分移轉
RPVNMLOJJIKGFBJ58DA,,113.47,集合住宅,鋼筋混凝土造,114年8月19日,十七層,十一層 陽台,全筆移轉
RPVNMLOJJIKGFBJ58DA,,100.55,本共有部分之項目有停車空間、防空避難室、公共服務空間、梯間、水箱、機械室等六項。,鋼筋混凝土造,114年8月19日,十七層,,持分移轉
RPPNMLTLKIKGFDJ98DA,,62.17,集合住宅,鋼筋混凝土造,114年8月15日,十五層,三層 陽台 雨遮,全筆移轉
RPPNMLTLKIKGFDJ98DA,,66.79,本共有部分之項目有防空避難室兼停車空間、停車空間、公共服務空間、管委會空間、梯間、機械室、水箱等７項,鋼筋混凝土造,114年8月15日,十五層,,持分移轉
RPUPMLPJQHKGFCJ86DA,,72.80,集合住宅,鋼筋混凝土造,114年9月30日,七層,五層 陽台,全筆移轉
RPUPMLPJQHKGFCJ86DA,,52.00,共有部分主要用途項目有：機房、水箱、停車空間、樓梯間、昇降機房、消防水箱等６項,鋼筋混凝土造,114年9月30日,七層,,持分移轉
RPQNMLTLKIKGFDJ09DA,,56.83,集合住宅,鋼筋混凝土造,114年8月15日,十五層,三層 陽台 雨遮,全筆移轉
RPQNMLTLKIKGFDJ09DA,,64.22,本共有部分之項目有防空避難室兼停車空間、停車空間、公共服務空間、管委會空間、梯間、機械室、水箱等７項,鋼筋混凝土造,114年8月15日,十五層,,持分移轉
RPTPMLPJQHKGFCJ76DA,,72.80,集合住宅,鋼筋混凝土造,114年9月30日,七層,五層 陽台,全筆移轉
RPTPMLPJQHKGFCJ76DA,,52.00,共有部分主要用途項目有：機房、水箱、停車空間、樓梯間、昇降機房、消防水箱等６項,鋼筋混凝土造,114年9月30日,七層,,持分移轉
RPSNMLTLKIKGFDJ66DA,,56.83,集合住宅,鋼筋混凝土造,114年8月15日,十五層,九層 陽台 雨遮,全筆移轉
RPSNMLTLKIKGFDJ66DA,,64.22,本共有部分之項目有防空避難室兼停車空間、停車空間、公共服務空間、管委會空間、梯間、機械室、水箱等７項,鋼筋混凝土造,114年8月15日,十五層,,持分移轉
RPUNMLTLKIKGFDJ86DA,,62.27,集合住宅,鋼筋混凝土造,114年8月15日,十五層,八層 陽台 雨遮,全筆移轉
RPUNMLTLKIKGFDJ86DA,,66.90,本共有部分之項目有防空避難室兼停車空間、停車空間、公共服務空間、管委會空間、梯間、機械室、水箱等７項,鋼筋混凝土造,114年8月15日,十五層,,持分移轉
RPTNMLLMKIKGFCJ58DA,,83.17,集合住宅,鋼筋混凝土造,114年10月7日,十五層,三層 陽台,全筆移轉
RPTNMLLMKIKGFCJ58DA,,70.69,本共有部分項目有：集合住宅（附屬開放空間、公共服務空間、管委會使用空間、車道、梯間）、梯間、機械室、水箱、停車空間、發電機室、台電配電場所、垃圾貯存空間、電信室、蓄水池、汙雨水回收機房、消防泵埔室等１６項,鋼筋混凝土造,114年10月7日,十五層,,持分移轉
RPSNMLRJIIKGFDJ68DA,,77.92,一般事務所,鋼筋混凝土造,114年10月17日,九層,四層 陽台,全筆移轉
RPSNMLRJIIKGFDJ68DA,,60.90,本共有部分之項目有停車空間、蓄水池、消防泵浦室、雨水、污水機房、梯間、發電機房、台電配電場所、電信室、儲藏室、管委會使用空間、車道、垃圾儲藏室、機械室、水箱等１５項,鋼筋混凝土造,114年10月17日,九層,,持分移轉
RPPNMLMKJHLGFDJ08DA,,62.17,集合住宅,鋼筋混凝土造,114年8月15日,十五層,十二層 陽台 雨遮,全筆移轉
RPWPMLPJQHKGFCJ07DA,,72.80,集合住宅,鋼筋混凝土造,114年9月30日,七層,六層 陽台,全筆移轉
RPPNMLMKJHLGFDJ08DA,,66.79,本共有部分之項目有防空避難室兼停車空間、停車空間、公共服務空間、管委會空間、梯間、機械室、水箱等７項,鋼筋混凝土造,114年8月15日,十五層,,持分移轉
RPSNMLMKJHLGFDJ38DA,,62.27,集合住宅,鋼筋混凝土造,114年8月15日,十五層,十五層 陽台 雨遮,全筆移轉
RPWPMLPJQHKGFCJ07DA,,52.00,共有部分主要用途項目有：機房、水箱、停車空間、樓梯間、昇降機房、消防水箱等６項,鋼筋混凝土造,114年9月30日,七層,,持分移轉
RPSNMLMKJHLGFDJ38DA,,66.90,本共有部分之項目有防空避難室兼停車空間、停車空間、公共服務空間、管委會空間、梯間、機械室、水箱等７項,鋼筋混凝土造,114年8月15日,十五層,,持分移轉
RPVNMLMKJHLGFDJ68DA,,62.17,集合住宅,鋼筋混凝土造,114年8月15日,十五層,八層 陽台 雨遮,全筆移轉
RPVNMLMKJHLGFDJ68DA,,66.79,本共有部分之項目有防空避難室兼停車空間、停車空間、公共服務空間、管委會空間、梯間、機械室、水箱等７項,鋼筋混凝土造,114年8月15日,十五層,,持分移轉
RPTNMLTKJIKGFDJ56DA,,77.85,集合住宅,鋼筋混凝土造,114年10月17日,九層,二層 陽台,全筆移轉
RPTNMLTKJIKGFDJ56DA,,68.95,本共有部分之項目有停車空間、蓄水池、消防泵浦室、雨水、污水機房、梯間、發電機房、台電配電場所、電信室、儲藏室、管委會使用空間、車道、垃圾儲藏室、機械室、水箱等１５項,鋼筋混凝土造,114年10月17日,九層,,持分移轉
RPPQMLNJIIKGFDJ28DA,,78.26,集合住宅,鋼筋混凝土造,114年10月17日,九層,三層 陽台,全筆移轉
RPPQMLNJIIKGFDJ28DA,,61.06,本共有部分之項目有停車空間、蓄水池、消防泵浦室、雨水、污水機房、梯間、發電機房、台電配電場所、電信室、儲藏室、管委會使用空間、車道、垃圾儲藏室、機械室、水箱等１５項,鋼筋混凝土造,114年10月17日,九層,,持分移轉
RPXNMLKLJHLGFDJ78DA,,62.27,集合住宅,鋼筋混凝土造,114年8月15日,十五層,十層 陽台 雨遮,全筆移轉
RPXNMLKLJHLGFDJ78DA,,66.90,本共有部分之項目有防空避難室兼停車空間、停車空間、公共服務空間、管委會空間、梯間、機械室、水箱等７項,鋼筋混凝土造,114年8月15日,十五層,,持分移轉
RPWRMLNJIIKGFDJ09DA,,78.40,集合住宅,鋼筋混凝土造,114年10月17日,九層,二層 陽台,全筆移轉
RPWRMLNJIIKGFDJ09DA,,69.10,本共有部分之項目有停車空間、蓄水池、消防泵浦室、雨水、污水機房、梯間、發電機房、台電配電場所、電信室、儲藏室、管委會使用空間、車道、垃圾儲藏室、機械室、水箱等１５項,鋼筋混凝土造,114年10月17日,九層,,持分移轉
RPVNMLKLJHLGFDJ58DA,,65.50,集合住宅,鋼筋混凝土造,114年8月15日,十五層,十五層 陽台 雨遮,全筆移轉
RPVNMLKLJHLGFDJ58DA,,68.40,本共有部分之項目有防空避難室兼停車空間、停車空間、公共服務空間、管委會空間、梯間、機械室、水箱等７項,鋼筋混凝土造,114年8月15日,十五層,,持分移轉
RPSOMLSLJHLGFDJ56DA,,90.73,集合住宅,鋼筋混凝土造,114年8月15日,十五層,六層 陽台 雨遮,全筆移轉
RPWNMLMKJHLGFDJ78DA,,56.83,集合住宅,鋼筋混凝土造,114年8月15日,十五層,十二層 陽台 雨遮,全筆移轉
RPSOMLSLJHLGFDJ56DA,,80.62,本共有部分之項目有防空避難室兼停車空間、停車空間、公共服務空間、管委會空間、梯間、機械室、水箱等７項,鋼筋混凝土造,114年8月15日,十五層,,持分移轉
RPWNMLMKJHLGFDJ78DA,,64.22,本共有部分之項目有防空避難室兼停車空間、停車空間、公共服務空間、管委會空間、梯間、機械室、水箱等７項,鋼筋混凝土造,114年8月15日,十五層,,持分移轉
RPPOMLMKJHLGFDJ18DA,,74.74,集合住宅,鋼筋混凝土造,114年10月7日,五層,五層 陽台,全筆移轉
RPPOMLMKJHLGFDJ18DA,,46.72,本共有部分之項目有騎樓、樓梯間、停車空間等３項,鋼筋混凝土造,114年10月7日,五層,,持分移轉
RPOOMLMKJHLGFDJ08DA,,62.17,集合住宅,鋼筋混凝土造,114年8月15日,十五層,五層 陽台 雨遮,全筆移轉
RPOOMLMKJHLGFDJ08DA,,66.79,本共有部分之項目有防空避難室兼停車空間、停車空間、公共服務空間、管委會空間、梯間、機械室、水箱等７項,鋼筋混凝土造,114年8月15日,十五層,,持分移轉
RPORMLMLKIKGFBJ38DA,,84.46,集合住宅,鋼筋混凝土造,114年12月4日,十三層,十層 陽台,全筆移轉
RPORMLMLKIKGFBJ38DA,,76.16,本共有部分之項目有防空避難室兼停車空間、停車空間等二項。,鋼筋混凝土造,114年12月4日,十三層,,持分移轉
RPORMLMLKIKGFBJ38DA,,18.87,本共有部分之項目有電梯機房、水箱等二項。,鋼筋混凝土造,114年12月4日,十三層,,持分移轉
RPRRMLMLKIKGFBJ68DA,,84.46,集合住宅,鋼筋混凝土造,114年12月4日,十三層,十二層 陽台,全筆移轉
RPRRMLMLKIKGFBJ68DA,,50.81,本共有部分之項目有防空避難室兼停車空間、停車空間等二項。,鋼筋混凝土造,114年12月4日,十三層,,持分移轉
RPRRMLMLKIKGFBJ68DA,,18.87,本共有部分之項目有電梯機房、水箱等二項。,鋼筋混凝土造,114年12月4日,十三層,,持分移轉
RPRNMLOKJHLGFBJ28DA,,84.13,集合住宅,鋼筋混凝土造,114年12月4日,十三層,三層 陽台,全筆移轉
RPRNMLOKJHLGFBJ28DA,,50.71,本共有部分之項目有防空避難室兼停車空間、停車空間等二項。,鋼筋混凝土造,114年12月4日,十三層,,持分移轉
RPRNMLOKJHLGFBJ28DA,,18.80,本共有部分之項目有電梯機房、水箱等二項。,鋼筋混凝土造,114年12月4日,十三層,,持分移轉
RPXNMLMKJHLGFDJ88DA,,87.70,集合住宅,鋼筋混凝土造,114年8月15日,十五層,七層 陽台 雨遮,全筆移轉
RPXNMLMKJHLGFDJ88DA,,79.12,本共有部分之項目有防空避難室兼停車空間、停車空間、公共服務空間、管委會空間、梯間、機械室、水箱等７項,鋼筋混凝土造,114年8月15日,十五層,,持分移轉
RPQOMLNLJHLGFDJ48DA,,78.26,集合住宅,鋼筋混凝土造,114年10月17日,九層,九層 陽台,全筆移轉
RPQOMLNLJHLGFDJ48DA,,61.06,本共有部分之項目有停車空間、蓄水池、消防泵浦室、雨水、污水機房、梯間、發電機房、台電配電場所、電信室、儲藏室、管委會使用空間、車道、垃圾儲藏室、機械室、水箱等１５項,鋼筋混凝土造,114年10月17日,九層,,持分移轉
RPWPMLNLJHLGFDJ56DA,,77.51,集合住宅,鋼筋混凝土造,114年10月17日,九層,三層 陽台,全筆移轉
RPWPMLNLJHLGFDJ56DA,,60.74,本共有部分之項目有停車空間、蓄水池、消防泵浦室、雨水、污水機房、梯間、發電機房、台電配電場所、電信室、儲藏室、管委會使用空間、車道、垃圾儲藏室、機械室、水箱等１５項,鋼筋混凝土造,114年10月17日,九層,,持分移轉
RPPNMLQKJHLGFDJ48DA,,74.74,集合住宅,鋼筋混凝土造,114年10月7日,五層,二層 陽台,全筆移轉
RPPNMLQKJHLGFDJ48DA,,46.72,本共有部分之項目有騎樓、樓梯間、停車空間等３項,鋼筋混凝土造,114年10月7日,五層,,持分移轉
RPQOMLSLJHLGFDJ98DA,,56.83,集合住宅,鋼筋混凝土造,114年8月15日,十五層,三層 陽台 雨遮,全筆移轉
RPTOMLPLJHLGFDJ98DA,,69.85,集合住宅,鋼筋混凝土造,114年12月3日,十層,十層 陽台,全筆移轉
RPQOMLSLJHLGFDJ98DA,,64.22,本共有部分之項目有防空避難室兼停車空間、停車空間、公共服務空間、管委會空間、梯間、機械室、水箱等７項,鋼筋混凝土造,114年8月15日,十五層,,持分移轉
RPTOMLPLJHLGFDJ98DA,,28.66,本共有部分之項目有停車空間、機械室、集合住宅、樓梯間、電梯間等５項,鋼筋混凝土造,114年12月3日,十層,,持分移轉
RPTNMLRJKHLGFDJ98DA,,211.67,停車空間、集合住宅,鋼筋混凝土造,114年10月22日,三層,一層 二層 三層 陽台,全筆移轉
RPUNMLRJKHLGFDJ09DA,,211.67,停車空間、集合住宅,鋼筋混凝土造,114年10月22日,三層,一層 二層 三層 陽台,全筆移轉
RPTPMLMLKIKGFBJ68DA,,84.13,集合住宅,鋼筋混凝土造,114年12月4日,十三層,十層 陽台,全筆移轉
RPTPMLMLKIKGFBJ68DA,,50.71,本共有部分之項目有防空避難室兼停車空間、停車空間等二項。,鋼筋混凝土造,114年12月4日,十三層,,持分移轉
RPRNMLSLKHLGFDJ09DA,,62.27,集合住宅,鋼筋混凝土造,114年8月15日,十五層,十五層 陽台 雨遮,全筆移轉
RPTPMLMLKIKGFBJ68DA,,18.80,本共有部分之項目有電梯機房、水箱等二項。,鋼筋混凝土造,114年12月4日,十三層,,持分移轉
RPRNMLSLKHLGFDJ09DA,,66.90,本共有部分之項目有防空避難室兼停車空間、停車空間、公共服務空間、管委會空間、梯間、機械室、水箱等７項,鋼筋混凝土造,114年8月15日,十五層,,持分移轉
RPQNMLSLKHLGFDJ98DA,,90.73,集合住宅,鋼筋混凝土造,114年8月15日,十五層,五層 陽台 雨遮,全筆移轉
RPQNMLSLKHLGFDJ98DA,,80.62,本共有部分之項目有防空避難室兼停車空間、停車空間、公共服務空間、管委會空間、梯間、機械室、水箱等７項,鋼筋混凝土造,114年8月15日,十五層,,持分移轉
RPTNMLSLKHLGFDJ66DA,,62.27,集合住宅,鋼筋混凝土造,114年8月15日,十五層,六層 陽台 雨遮,全筆移轉
RPTNMLSLKHLGFDJ66DA,,66.90,本共有部分之項目有防空避難室兼停車空間、停車空間、公共服務空間、管委會空間、梯間、機械室、水箱等７項,鋼筋混凝土造,114年8月15日,十五層,,持分移轉
RPXONLNJIIKGFDJ98DA,,62.59,一般事務所,鋼筋混凝土造,114年10月17日,九層,七層 陽台,全筆移轉
RPSNMLNJLHLGFCJ48DA,,241.44,集合住宅、停車空間、樓梯間,鋼筋混凝土造,114年12月9日,四層,一層 二層 三層 四層 陽台 見其他登記事項,全筆移轉
RPXONLNJIIKGFDJ98DA,,46.31,本共有部分之項目有停車空間、蓄水池、消防泵浦室、雨水、污水機房、梯間、發電機房、台電配電場所、電信室、儲藏室、管委會使用空間、車道、垃圾儲藏室、機械室、水箱等１５項,鋼筋混凝土造,114年10月17日,九層,,持分移轉
RPQONLNJIIKGFDJ28DA,,77.51,集合住宅,鋼筋混凝土造,114年10月17日,九層,八層 陽台,全筆移轉
RPQONLNJIIKGFDJ28DA,,62.00,本共有部分之項目有停車空間、蓄水池、消防泵浦室、雨水、污水機房、梯間、發電機房、台電配電場所、電信室、儲藏室、管委會使用空間、車道、垃圾儲藏室、機械室、水箱等１５項,鋼筋混凝土造,114年10月17日,九層,,持分移轉
RPVNNLNJIIKGFDJ68DA,,77.51,集合住宅,鋼筋混凝土造,114年10月17日,九層,五層 陽台,全筆移轉
RPVNNLNJIIKGFDJ68DA,,68.71,本共有部分之項目有停車空間、蓄水池、消防泵浦室、雨水、污水機房、梯間、發電機房、台電配電場所、電信室、儲藏室、管委會使用空間、車道、垃圾儲藏室、機械室、水箱等１５項,鋼筋混凝土造,114年10月17日,九層,,持分移轉
RPWNMLRJIIKGFDJ09DA,,77.92,一般事務所,鋼筋混凝土造,114年10月17日,九層,七層 陽台,全筆移轉
RPWNMLRJIIKGFDJ09DA,,60.90,本共有部分之項目有停車空間、蓄水池、消防泵浦室、雨水、污水機房、梯間、發電機房、台電配電場所、電信室、儲藏室、管委會使用空間、車道、垃圾儲藏室、機械室、水箱等１５項,鋼筋混凝土造,114年10月17日,九層,,持分移轉
RPUNMLPLJHLGFDJ98DA,,69.85,集合住宅,鋼筋混凝土造,114年12月3日,十層,五層 陽台,全筆移轉
RPUNMLPLJHLGFDJ98DA,,28.66,本共有部分之項目有停車空間、機械室、集合住宅、樓梯間、電梯間等５項,鋼筋混凝土造,114年12月3日,十層,,持分移轉
RPQOMLPJQHKGFCJ98DA,,72.80,集合住宅,鋼筋混凝土造,114年9月30日,七層,二層 陽台,全筆移轉
RPQOMLPJQHKGFCJ98DA,,52.00,共有部分主要用途項目有：機房、水箱、停車空間、樓梯間、昇降機房、消防水箱等６項,鋼筋混凝土造,114年9月30日,七層,,持分移轉
RPTOMLPJQHKGFCJ66DA,,72.80,集合住宅,鋼筋混凝土造,114年9月30日,七層,三層 陽台,全筆移轉
RPOQMLNJIIKGFDJ18DA,,78.26,集合住宅,鋼筋混凝土造,114年10月17日,九層,二層 陽台,全筆移轉
RPTOMLPJQHKGFCJ66DA,,52.00,共有部分主要用途項目有：機房、水箱、停車空間、樓梯間、昇降機房、消防水箱等６項,鋼筋混凝土造,114年9月30日,七層,,持分移轉
RPOQMLNJIIKGFDJ18DA,,69.02,本共有部分之項目有停車空間、蓄水池、消防泵浦室、雨水、污水機房、梯間、發電機房、台電配電場所、電信室、儲藏室、管委會使用空間、車道、垃圾儲藏室、機械室、水箱等１５項,鋼筋混凝土造,114年10月17日,九層,,持分移轉
RPUNMLOJJIKGFBJ48DA,,113.47,集合住宅,鋼筋混凝土造,114年8月19日,十七層,十層 陽台,全筆移轉
RPUNMLOJJIKGFBJ48DA,,100.55,本共有部分之項目有停車空間、防空避難室、公共服務空間、梯間、水箱、機械室等六項。,鋼筋混凝土造,114年8月19日,十七層,,持分移轉
RPOWMLNJIIKGFDJ78DA,,77.85,集合住宅,鋼筋混凝土造,114年10月17日,九層,三層 陽台,全筆移轉
RPOWMLNJIIKGFDJ78DA,,60.98,本共有部分之項目有停車空間、蓄水池、消防泵浦室、雨水、污水機房、梯間、發電機房、台電配電場所、電信室、儲藏室、管委會使用空間、車道、垃圾儲藏室、機械室、水箱等１５項,鋼筋混凝土造,114年10月17日,九層,,持分移轉
RPXQMLMLKIKGFBJ56DA,,84.46,集合住宅,鋼筋混凝土造,114年12月4日,十三層,九層 陽台,全筆移轉
RPXQMLMLKIKGFBJ56DA,,50.81,本共有部分之項目有防空避難室兼停車空間、停車空間等二項。,鋼筋混凝土造,114年12月4日,十三層,,持分移轉
RPXQMLMLKIKGFBJ56DA,,18.87,本共有部分之項目有電梯機房、水箱等二項。,鋼筋混凝土造,114年12月4日,十三層,,持分移轉
RPQNMLMKJHLGFBJ97DA,,84.13,集合住宅,鋼筋混凝土造,114年12月4日,十三層,八層 陽台,全筆移轉
RPQNMLMKJHLGFBJ97DA,,50.71,本共有部分之項目有防空避難室兼停車空間、停車空間等二項。,鋼筋混凝土造,114年12月4日,十三層,,持分移轉
RPQNMLMKJHLGFBJ97DA,,18.80,本共有部分之項目有電梯機房、水箱等二項。,鋼筋混凝土造,114年12月4日,十三層,,持分移轉
RPOOMLNLJHLGFDJ28DA,,88.12,店舖,鋼筋混凝土造,114年10月17日,九層,一層 陽台,全筆移轉
RPRNMLMKJHLGFBJ08DA,,84.46,集合住宅,鋼筋混凝土造,114年12月4日,十三層,三層 陽台,全筆移轉
RPRNMLMKJHLGFBJ08DA,,50.81,本共有部分之項目有防空避難室兼停車空間、停車空間等二項。,鋼筋混凝土造,114年12月4日,十三層,,持分移轉
RPOOMLNLJHLGFDJ28DA,,59.24,本共有部分之項目有停車空間、蓄水池、消防泵浦室、雨水、污水機房、梯間、發電機房、台電配電場所、電信室、儲藏室、管委會使用空間、車道、垃圾儲藏室、機械室、水箱等１５項,鋼筋混凝土造,114年10月17日,九層,,持分移轉
RPRNMLMKJHLGFBJ08DA,,18.87,本共有部分之項目有電梯機房、水箱等二項。,鋼筋混凝土造,114年12月4日,十三層,,持分移轉
RPPQMLNLJHLGFDJ58DA,,77.51,集合住宅,鋼筋混凝土造,114年10月17日,九層,九層 陽台,全筆移轉
RPPQMLNLJHLGFDJ58DA,,60.74,本共有部分之項目有停車空間、蓄水池、消防泵浦室、雨水、污水機房、梯間、發電機房、台電配電場所、電信室、儲藏室、管委會使用空間、車道、垃圾儲藏室、機械室、水箱等１５項,鋼筋混凝土造,114年10月17日,九層,,持分移轉
RPUNMLMKJHLGFBJ38DA,,84.13,集合住宅,鋼筋混凝土造,114年12月4日,十三層,十二層 陽台,全筆移轉
RPUNMLMKJHLGFBJ38DA,,76.07,本共有部分之項目有防空避難室兼停車空間、停車空間等二項。,鋼筋混凝土造,114年12月4日,十三層,,持分移轉
RPUNMLMKJHLGFBJ38DA,,18.80,本共有部分之項目有電梯機房、水箱等二項。,鋼筋混凝土造,114年12月4日,十三層,,持分移轉
RPQPMLSJIIKGFDJ78DA,,62.43,一般事務所,鋼筋混凝土造,114年10月17日,九層,九層 陽台,全筆移轉
RPQPMLSJIIKGFDJ78DA,,46.23,本共有部分之項目有停車空間、蓄水池、消防泵浦室、雨水、污水機房、梯間、發電機房、台電配電場所、電信室、儲藏室、管委會使用空間、車道、垃圾儲藏室、機械室、水箱等１５項,鋼筋混凝土造,114年10月17日,九層,,持分移轉
RPSNMLPLJHLGFDJ78DA,,90.51,集合住宅,鋼筋混凝土造,114年12月3日,十層,四層 陽台,全筆移轉
RPSNMLPLJHLGFDJ78DA,,37.16,本共有部分之項目有停車空間、機械室、集合住宅、樓梯間、電梯間等５項,鋼筋混凝土造,114年12月3日,十層,,持分移轉
RPUSMLNJIIKGFDJ98DA,,78.23,集合住宅,鋼筋混凝土造,114年10月17日,九層,二層 陽台,全筆移轉
RPUSMLNJIIKGFDJ98DA,,69.02,本共有部分之項目有停車空間、蓄水池、消防泵浦室、雨水、污水機房、梯間、發電機房、台電配電場所、電信室、儲藏室、管委會使用空間、車道、垃圾儲藏室、機械室、水箱等１５項,鋼筋混凝土造,114年10月17日,九層,,持分移轉
RPOQMLPJQHKGFCJ98DA,,53.20,集合住宅,鋼筋混凝土造,114年9月30日,七層,六層 陽台,全筆移轉
RPOQMLPJQHKGFCJ98DA,,42.41,共有部分主要用途項目有：機房、水箱、停車空間、樓梯間、昇降機房、消防水箱等６項,鋼筋混凝土造,114年9月30日,七層,,持分移轉
RPOPMLPLJHLGFDJ58DA,,228.76,集合住宅,鋼筋混凝土造,114年12月3日,四層,一層 二層 三層 四層 陽台,全筆移轉
RPXOMLPLJHLGFDJ76DA,,228.76,集合住宅,鋼筋混凝土造,114年12月3日,四層,一層 二層 三層 四層 陽台,全筆移轉
RPTNMLRJJHLGFBJ68DA,,79.45,集合住宅,鋼筋混凝土造,114年12月10日,十五層,十一層 陽台,全筆移轉
RPTNMLRJJHLGFBJ68DA,,66.83,本共有部分之項目有防空避難室兼停車空間、停車空間、車道、管委會、樓梯間、水箱、機械室等七項。,鋼筋混凝土造,114年12月10日,十五層,,持分移轉
RPRNMLRJJHLGFBJ48DA,,79.45,集合住宅,鋼筋混凝土造,114年12月10日,十五層,十層 陽台,全筆移轉
RPRNMLRJJHLGFBJ48DA,,68.89,本共有部分之項目有防空避難室兼停車空間、停車空間、車道、管委會、樓梯間、水箱、機械室等七項。,鋼筋混凝土造,114年12月10日,十五層,,持分移轉
RPQNMLKKKHLGFBJ87DA,,79.45,集合住宅,鋼筋混凝土造,114年12月10日,十五層,十一層 陽台,全筆移轉
RPQNMLKKKHLGFBJ87DA,,95.29,本共有部分之項目有防空避難室兼停車空間、停車空間、車道、管委會、樓梯間、水箱、機械室等七項。,鋼筋混凝土造,114年12月10日,十五層,,持分移轉
RPQQMLNJIIKGFDJ38DA,,78.26,集合住宅,鋼筋混凝土造,114年10月17日,九層,四層 陽台,全筆移轉
RPOOMLMJKHLGFBJ87DA,,79.45,集合住宅,鋼筋混凝土造,114年12月10日,十五層,九層 陽台,全筆移轉
RPQQMLNJIIKGFDJ38DA,,61.06,本共有部分之項目有停車空間、蓄水池、消防泵浦室、雨水、污水機房、梯間、發電機房、台電配電場所、電信室、儲藏室、管委會使用空間、車道、垃圾儲藏室、機械室、水箱等１５項,鋼筋混凝土造,114年10月17日,九層,,持分移轉
RPOOMLMJKHLGFBJ87DA,,95.29,本共有部分之項目有防空避難室兼停車空間、停車空間、車道、管委會、樓梯間、水箱、機械室等七項。,鋼筋混凝土造,114年12月10日,十五層,,持分移轉
RPWVMLNJIIKGFDJ86DA,,78.37,集合住宅,鋼筋混凝土造,114年10月17日,九層,九層 陽台,全筆移轉
RPSQMLNJIIKGFDJ58DA,,78.26,集合住宅,鋼筋混凝土造,114年10月17日,九層,六層 陽台,全筆移轉
RPWVMLNJIIKGFDJ86DA,,61.14,本共有部分之項目有停車空間、蓄水池、消防泵浦室、雨水、污水機房、梯間、發電機房、台電配電場所、電信室、儲藏室、管委會使用空間、車道、垃圾儲藏室、機械室、水箱等１５項,鋼筋混凝土造,114年10月17日,九層,,持分移轉
RPSQMLNJIIKGFDJ58DA,,61.06,本共有部分之項目有停車空間、蓄水池、消防泵浦室、雨水、污水機房、梯間、發電機房、台電配電場所、電信室、儲藏室、管委會使用空間、車道、垃圾儲藏室、機械室、水箱等１５項,鋼筋混凝土造,114年10月17日,九層,,持分移轉
RPPNMLRJIIKGFDJ38DA,,62.59,一般事務所,鋼筋混凝土造,114年10月17日,九層,八層 陽台,全筆移轉
RPPNMLRJIIKGFDJ38DA,,61.14,本共有部分之項目有停車空間、蓄水池、消防泵浦室、雨水、污水機房、梯間、發電機房、台電配電場所、電信室、儲藏室、管委會使用空間、車道、垃圾儲藏室、機械室、水箱等１５項,鋼筋混凝土造,114年10月17日,九層,,持分移轉
RPWNMLPLJHLGFDJ56DA,,69.85,集合住宅,鋼筋混凝土造,114年12月3日,十層,六層 陽台,全筆移轉
RPWNMLPLJHLGFDJ56DA,,28.66,本共有部分之項目有停車空間、機械室、集合住宅、樓梯間、電梯間等５項,鋼筋混凝土造,114年12月3日,十層,,持分移轉
RPROMLRJIIKGFDJ68DA,,77.92,一般事務所,鋼筋混凝土造,114年10月17日,九層,九層 陽台,全筆移轉
RPROMLRJIIKGFDJ68DA,,68.87,本共有部分之項目有停車空間、蓄水池、消防泵浦室、雨水、污水機房、梯間、發電機房、台電配電場所、電信室、儲藏室、管委會使用空間、車道、垃圾儲藏室、機械室、水箱等１５項,鋼筋混凝土造,114年10月17日,九層,,持分移轉
RPRNMLMJKIKGFCJ18DA,,82.84,集合住宅,鋼筋混凝土造,114年10月7日,十五層,七層 陽台,全筆移轉
RPRNMLMJKIKGFCJ18DA,,70.58,本共有部分項目有：集合住宅（附屬開放空間、公共服務空間、管委會使用空間、車道、梯間）、梯間、機械室、水箱、停車空間、發電機室、台電配電場所、垃圾貯存空間、電信室、蓄水池、汙雨水回收機房、消防泵埔室等１６項,鋼筋混凝土造,114年10月7日,十五層,,持分移轉
RPVPMLPJQHKGFCJ96DA,,53.20,集合住宅,鋼筋混凝土造,114年9月30日,七層,五層 陽台,全筆移轉
RPUNMLRJIIKGFDJ88DA,,77.92,一般事務所,鋼筋混凝土造,114年10月17日,九層,六層 陽台,全筆移轉
RPVPMLPJQHKGFCJ96DA,,42.41,共有部分主要用途項目有：機房、水箱、停車空間、樓梯間、昇降機房、消防水箱等６項,鋼筋混凝土造,114年9月30日,七層,,持分移轉
RPUNMLRJIIKGFDJ88DA,,68.87,本共有部分之項目有停車空間、蓄水池、消防泵浦室、雨水、污水機房、梯間、發電機房、台電配電場所、電信室、儲藏室、管委會使用空間、車道、垃圾儲藏室、機械室、水箱等１５項,鋼筋混凝土造,114年10月17日,九層,,持分移轉
RPXOMLMLKIKGFBJ98DA,,84.13,集合住宅,鋼筋混凝土造,114年12月4日,十三層,五層 陽台,全筆移轉
RPXOMLMLKIKGFBJ98DA,,50.71,本共有部分之項目有防空避難室兼停車空間、停車空間等二項。,鋼筋混凝土造,114年12月4日,十三層,,持分移轉
RPXOMLMLKIKGFBJ98DA,,18.80,本共有部分之項目有電梯機房、水箱等二項。,鋼筋混凝土造,114年12月4日,十三層,,持分移轉
RPTQMLNJIIKGFDJ68DA,,78.26,集合住宅,鋼筋混凝土造,114年10月17日,九層,七層 陽台,全筆移轉
RPTQMLNJIIKGFDJ68DA,,61.06,本共有部分之項目有停車空間、蓄水池、消防泵浦室、雨水、污水機房、梯間、發電機房、台電配電場所、電信室、儲藏室、管委會使用空間、車道、垃圾儲藏室、機械室、水箱等１５項,鋼筋混凝土造,114年10月17日,九層,,持分移轉
RPRNMLOLKHLGFBJ48DA,,99.44,集合住宅,鋼筋混凝土造,114年12月29日,十四層,四層 陽台,全筆移轉
RPRNMLOLKHLGFBJ48DA,,139.31,本共有部分之項目有防空避難室兼停車空間、停車空間、管委會、樓梯間、水箱、機械室等六項。,鋼筋混凝土造,114年12月29日,十四層,,持分移轉
RPRPMLMLKIKGFBJ48DA,,84.13,集合住宅,鋼筋混凝土造,114年12月4日,十三層,七層 陽台,全筆移轉
RPRPMLMLKIKGFBJ48DA,,50.71,本共有部分之項目有防空避難室兼停車空間、停車空間等二項。,鋼筋混凝土造,114年12月4日,十三層,,持分移轉
RPRPMLMLKIKGFBJ48DA,,18.80,本共有部分之項目有電梯機房、水箱等二項。,鋼筋混凝土造,114年12月4日,十三層,,持分移轉
RPOPMLMLKIKGFBJ18DA,,84.13,集合住宅,鋼筋混凝土造,114年12月4日,十三層,六層 陽台,全筆移轉
RPOPMLMLKIKGFBJ18DA,,50.71,本共有部分之項目有防空避難室兼停車空間、停車空間等二項。,鋼筋混凝土造,114年12月4日,十三層,,持分移轉
RPOPMLMLKIKGFBJ18DA,,18.80,本共有部分之項目有電梯機房、水箱等二項。,鋼筋混凝土造,114年12月4日,十三層,,持分移轉
RPQOMLRJIIKGFDJ58DA,,56.49,一般事務所,鋼筋混凝土造,114年10月17日,九層,三層 陽台,全筆移轉
RPQOMLRJIIKGFDJ58DA,,43.31,本共有部分之項目有停車空間、蓄水池、消防泵浦室、雨水、污水機房、梯間、發電機房、台電配電場所、電信室、儲藏室、管委會使用空間、車道、垃圾儲藏室、機械室、水箱等１５項,鋼筋混凝土造,114年10月17日,九層,,持分移轉
RPUPMLMLKIKGFBJ78DA,,84.13,集合住宅,鋼筋混凝土造,114年12月4日,十三層,十一層 陽台,全筆移轉
RPUPMLMLKIKGFBJ78DA,,50.71,本共有部分之項目有防空避難室兼停車空間、停車空間等二項。,鋼筋混凝土造,114年12月4日,十三層,,持分移轉
RPUPMLMLKIKGFBJ78DA,,18.80,本共有部分之項目有電梯機房、水箱等二項。,鋼筋混凝土造,114年12月4日,十三層,,持分移轉
RPSRMLMLKIKGFBJ78DA,,84.63,集合住宅,鋼筋混凝土造,114年12月4日,十三層,十三層 陽台 見其他登記事項,全筆移轉
RPSRMLMLKIKGFBJ78DA,,76.23,本共有部分之項目有防空避難室兼停車空間、停車空間等二項。,鋼筋混凝土造,114年12月4日,十三層,,持分移轉
RPSRMLMLKIKGFBJ78DA,,18.91,本共有部分之項目有電梯機房、水箱等二項。,鋼筋混凝土造,114年12月4日,十三層,,持分移轉
RPXOMLNLJHLGFDJ56DA,,78.17,集合住宅,鋼筋混凝土造,114年10月17日,九層,二層 陽台,全筆移轉
RPXOMLNLJHLGFDJ56DA,,61.06,本共有部分之項目有停車空間、蓄水池、消防泵浦室、雨水、污水機房、梯間、發電機房、台電配電場所、電信室、儲藏室、管委會使用空間、車道、垃圾儲藏室、機械室、水箱等１５項,鋼筋混凝土造,114年10月17日,九層,,持分移轉
RPTPMLNLJHLGFDJ88DA,,78.37,集合住宅,鋼筋混凝土造,114年10月17日,九層,三層 陽台,全筆移轉
RPTPMLNLJHLGFDJ88DA,,61.14,本共有部分之項目有停車空間、蓄水池、消防泵浦室、雨水、污水機房、梯間、發電機房、台電配電場所、電信室、儲藏室、管委會使用空間、車道、垃圾儲藏室、機械室、水箱等１５項,鋼筋混凝土造,114年10月17日,九層,,持分移轉
RPQQMLMLKIKGFBJ48DA,,84.46,集合住宅,鋼筋混凝土造,114年12月4日,十三層,四層 陽台,全筆移轉
RPQQMLMLKIKGFBJ48DA,,50.81,本共有部分之項目有防空避難室兼停車空間、停車空間等二項。,鋼筋混凝土造,114年12月4日,十三層,,持分移轉
RPQQMLMLKIKGFBJ48DA,,18.87,本共有部分之項目有電梯機房、水箱等二項。,鋼筋混凝土造,114年12月4日,十三層,,持分移轉
RPVQMLMLKIKGFBJ98DA,,84.46,集合住宅,鋼筋混凝土造,114年12月4日,十三層,七層 陽台,全筆移轉
RPVQMLMLKIKGFBJ98DA,,50.81,本共有部分之項目有防空避難室兼停車空間、停車空間等二項。,鋼筋混凝土造,114年12月4日,十三層,,持分移轉
RPVQMLMLKIKGFBJ98DA,,18.87,本共有部分之項目有電梯機房、水箱等二項。,鋼筋混凝土造,114年12月4日,十三層,,持分移轉
RPRQMLNJIIKGFDJ48DA,,78.26,集合住宅,鋼筋混凝土造,114年10月17日,九層,五層 陽台,全筆移轉
RPRQMLNJIIKGFDJ48DA,,61.06,本共有部分之項目有停車空間、蓄水池、消防泵浦室、雨水、污水機房、梯間、發電機房、台電配電場所、電信室、儲藏室、管委會使用空間、車道、垃圾儲藏室、機械室、水箱等１５項,鋼筋混凝土造,114年10月17日,九層,,持分移轉
RPVPMLSJKIKGFBJ66DA,,79.45,集合住宅,鋼筋混凝土造,114年12月10日,十五層,十二層 陽台,全筆移轉
RPVPMLSJKIKGFBJ66DA,,95.29,本共有部分之項目有防空避難室兼停車空間、停車空間、車道、管委會、樓梯間、水箱、機械室等七項。,鋼筋混凝土造,114年12月10日,十五層,,持分移轉
RPVONLNJIIKGFDJ78DA,,62.59,一般事務所,鋼筋混凝土造,114年10月17日,九層,五層 陽台,全筆移轉
RPVONLNJIIKGFDJ78DA,,46.31,本共有部分之項目有停車空間、蓄水池、消防泵浦室、雨水、污水機房、梯間、發電機房、台電配電場所、電信室、儲藏室、管委會使用空間、車道、垃圾儲藏室、機械室、水箱等１５項,鋼筋混凝土造,114年10月17日,九層,,持分移轉
RPXNMLRKKIKGFDJ86DA,,212.67,集合住宅、停車空間、樓梯間,鋼筋混凝土造,114年10月7日,四層,一層 二層 三層 四層 陽台 見其他登記事項,全筆移轉
RPTQMLNLJHLGFDJ98DA,,77.92,一般事務所,鋼筋混凝土造,114年10月17日,九層,五層 陽台,全筆移轉
RPTQMLNLJHLGFDJ98DA,,60.90,本共有部分之項目有停車空間、蓄水池、消防泵浦室、雨水、污水機房、梯間、發電機房、台電配電場所、電信室、儲藏室、管委會使用空間、車道、垃圾儲藏室、機械室、水箱等１５項,鋼筋混凝土造,114年10月17日,九層,,持分移轉
RPVNMLRKKIKGFDJ66DA,,218.26,集合住宅、停車空間、樓梯間,鋼筋混凝土造,114年10月7日,四層,一層 二層 三層 四層 陽台 見其他登記事項,全筆移轉
RPSWMLNJIIKGFDJ56DA,,77.85,集合住宅,鋼筋混凝土造,114年10月17日,九層,七層 陽台,全筆移轉
RPSWMLNJIIKGFDJ56DA,,60.98,本共有部分之項目有停車空間、蓄水池、消防泵浦室、雨水、污水機房、梯間、發電機房、台電配電場所、電信室、儲藏室、管委會使用空間、車道、垃圾儲藏室、機械室、水箱等１５項,鋼筋混凝土造,114年10月17日,九層,,持分移轉
RPSQMLRJIIKGFDJ98DA,,62.43,一般事務所,鋼筋混凝土造,114年10月17日,九層,七層 陽台,全筆移轉
RPSQMLRJIIKGFDJ98DA,,46.23,本共有部分之項目有停車空間、蓄水池、消防泵浦室、雨水、污水機房、梯間、發電機房、台電配電場所、電信室、儲藏室、管委會使用空間、車道、垃圾儲藏室、機械室、水箱等１５項,鋼筋混凝土造,114年10月17日,九層,,持分移轉
RPSNMLQKJHLGFCJ78EA,,53.20,集合住宅,鋼筋混凝土造,114年9月30日,七層,四層 陽台,全筆移轉
RPSNMLQKJHLGFCJ78EA,,42.41,共有部分主要用途項目有：機房、水箱、停車空間、樓梯間、昇降機房、消防水箱等６項,鋼筋混凝土造,114年9月30日,七層,,持分移轉
RPQNMLSKJHLGFCJ68DA,,81.06,集合住宅,鋼筋混凝土造,114年10月2日,五層,二層 陽台,全筆移轉
RPQNMLSKJHLGFCJ68DA,,14.67,本共有部分之項目：第一層：停車空間、電信室、梯廳、電梯、安全梯等五項、第一層～第五層及突出物一層：梯廳、電梯、安全梯等三項,鋼筋混凝土造,114年10月2日,五層,,持分移轉
RPPOMLOLJIKGFCJ38DA,,84.27,集合住宅,鋼筋混凝土造,114年10月15日,七層,五層 陽台,全筆移轉
RPPOMLOLJIKGFCJ38DA,,33.61,共用部分之項目：管委會空間、停車空間、樓梯間、機械室等四項,鋼筋混凝土造,114年10月15日,七層,,持分移轉
RPQQMLRJIIKGFDJ78DA,,62.43,一般事務所,鋼筋混凝土造,114年10月17日,九層,五層 陽台,全筆移轉
RPQQMLRJIIKGFDJ78DA,,46.23,本共有部分之項目有停車空間、蓄水池、消防泵浦室、雨水、污水機房、梯間、發電機房、台電配電場所、電信室、儲藏室、管委會使用空間、車道、垃圾儲藏室、機械室、水箱等１５項,鋼筋混凝土造,114年10月17日,九層,,持分移轉
RPOQMLRJIIKGFDJ58DA,,62.43,一般事務所,鋼筋混凝土造,114年10月17日,九層,三層 陽台,全筆移轉
RPOQMLRJIIKGFDJ58DA,,46.23,本共有部分之項目有停車空間、蓄水池、消防泵浦室、雨水、污水機房、梯間、發電機房、台電配電場所、電信室、儲藏室、管委會使用空間、車道、垃圾儲藏室、機械室、水箱等１５項,鋼筋混凝土造,114年10月17日,九層,,持分移轉
RPPNMLSKJHLGFCJ58DA,,92.36,集合住宅,鋼筋混凝土造,114年10月2日,五層,二層 陽台,全筆移轉
RPPNMLSKJHLGFCJ58DA,,16.60,本共有部分之項目：第一層：停車空間、電信室、梯廳、電梯、安全梯等五項、第一層～第五層及突出物一層：梯廳、電梯、安全梯等三項,鋼筋混凝土造,114年10月2日,五層,,持分移轉
RPRNMLSKJHLGFCJ78DA,,81.06,集合住宅,鋼筋混凝土造,114年10月2日,五層,二層 陽台,全筆移轉
RPRNMLSKJHLGFCJ78DA,,14.67,本共有部分之項目：第一層：停車空間、電信室、梯廳、電梯、安全梯等五項、第一層～第五層及突出物一層：梯廳、電梯、安全梯等三項,鋼筋混凝土造,114年10月2日,五層,,持分移轉
RPUNMLSKJHLGFCJ09DA,,81.06,集合住宅,鋼筋混凝土造,114年10月2日,五層,三層 陽台,全筆移轉
RPTNMLSKJHLGFCJ98DA,,81.06,集合住宅,鋼筋混凝土造,114年10月2日,五層,三層 陽台,全筆移轉
RPUNMLSKJHLGFCJ09DA,,14.67,本共有部分之項目：第一層：停車空間、電信室、梯廳、電梯、安全梯等五項、第一層～第五層及突出物一層：梯廳、電梯、安全梯等三項,鋼筋混凝土造,114年10月2日,五層,,持分移轉
RPTNMLSKJHLGFCJ98DA,,14.67,本共有部分之項目：第一層：停車空間、電信室、梯廳、電梯、安全梯等五項、第一層～第五層及突出物一層：梯廳、電梯、安全梯等三項,鋼筋混凝土造,114年10月2日,五層,,持分移轉
RPQOMLMKJHLGFDJ28DA,,224.26,集合住宅、停車空間、樓梯間,鋼筋混凝土造,114年10月7日,四層,一層 二層 三層 四層 陽台 見其他登記事項,全筆移轉
RPTOMLRJIIKGFDJ88DA,,56.49,一般事務所,鋼筋混凝土造,114年10月17日,九層,四層 陽台,全筆移轉
RPTOMLRJIIKGFDJ88DA,,43.31,本共有部分之項目有停車空間、蓄水池、消防泵浦室、雨水、污水機房、梯間、發電機房、台電配電場所、電信室、儲藏室、管委會使用空間、車道、垃圾儲藏室、機械室、水箱等１５項,鋼筋混凝土造,114年10月17日,九層,,持分移轉
RPVPMLMJKHLGFBJ68DA,,62.00,集合住宅,鋼筋混凝土造,114年12月10日,十五層,十四層 陽台,全筆移轉
RPVPMLMJKHLGFBJ68DA,,59.57,本共有部分之項目有防空避難室兼停車空間、停車空間、車道、管委會、樓梯間、水箱、機械室等七項。,鋼筋混凝土造,114年12月10日,十五層,,持分移轉
RPRPMLOLJIKGFCJ68DA,,81.17,集合住宅,鋼筋混凝土造,114年10月15日,七層,六層 陽台,全筆移轉
RPRPMLOLJIKGFCJ68DA,,39.91,共用部分之項目：管委會空間、停車空間、樓梯間、機械室等四項,鋼筋混凝土造,114年10月15日,七層,,持分移轉
RPUNMLRKKIKGFDJ56DA,,224.26,集合住宅、停車空間、樓梯間,鋼筋混凝土造,114年10月7日,四層,一層 二層 三層 四層 陽台 見其他登記事項,全筆移轉
RPTVMLNJIIKGFDJ56DA,,78.37,集合住宅,鋼筋混凝土造,114年10月17日,九層,六層 陽台,全筆移轉
RPTVMLNJIIKGFDJ56DA,,61.14,本共有部分之項目有停車空間、蓄水池、消防泵浦室、雨水、污水機房、梯間、發電機房、台電配電場所、電信室、儲藏室、管委會使用空間、車道、垃圾儲藏室、機械室、水箱等１５項,鋼筋混凝土造,114年10月17日,九層,,持分移轉
RPVNMLSKJHLGFCJ56DA,,92.36,集合住宅,鋼筋混凝土造,114年10月2日,五層,五層 陽台,全筆移轉
RPVNMLSKJHLGFCJ56DA,,16.60,本共有部分之項目：第一層：停車空間、電信室、梯廳、電梯、安全梯等五項、第一層～第五層及突出物一層：梯廳、電梯、安全梯等三項,鋼筋混凝土造,114年10月2日,五層,,持分移轉
RPRNMLPLJHLGFDJ68DA,,69.85,集合住宅,鋼筋混凝土造,114年12月3日,十層,四層 陽台,全筆移轉
RPRNMLPLJHLGFDJ68DA,,28.66,本共有部分之項目有停車空間、機械室、集合住宅、樓梯間、電梯間等５項,鋼筋混凝土造,114年12月3日,十層,,持分移轉
RPQWMLNJIIKGFDJ98DA,,77.85,集合住宅,鋼筋混凝土造,114年10月17日,九層,五層 陽台,全筆移轉
RPQWMLNJIIKGFDJ98DA,,60.98,本共有部分之項目有停車空間、蓄水池、消防泵浦室、雨水、污水機房、梯間、發電機房、台電配電場所、電信室、儲藏室、管委會使用空間、車道、垃圾儲藏室、機械室、水箱等１５項,鋼筋混凝土造,114年10月17日,九層,,持分移轉
RPSOMLPLJHLGFDJ88DA,,90.51,集合住宅,鋼筋混凝土造,114年12月3日,十層,十層 陽台,全筆移轉
RPSOMLPLJHLGFDJ88DA,,57.87,本共有部分之項目有停車空間、機械室、集合住宅、樓梯間、電梯間等５項,鋼筋混凝土造,114年12月3日,十層,,持分移轉
RPPOMLNLJHLGFDJ38DA,,60.27,店舖,鋼筋混凝土造,114年10月17日,九層,一層 陽台,全筆移轉
RPWNMLMKJHLGFBJ58DA,,84.13,集合住宅,鋼筋混凝土造,114年12月4日,十三層,九層 陽台,全筆移轉
RPPOMLNLJHLGFDJ38DA,,45.28,本共有部分之項目有停車空間、蓄水池、消防泵浦室、雨水、污水機房、梯間、發電機房、台電配電場所、電信室、儲藏室、管委會使用空間、車道、垃圾儲藏室、機械室、水箱等１５項,鋼筋混凝土造,114年10月17日,九層,,持分移轉
RPWNMLMKJHLGFBJ58DA,,50.71,本共有部分之項目有防空避難室兼停車空間、停車空間等二項。,鋼筋混凝土造,114年12月4日,十三層,,持分移轉
RPWNMLMKJHLGFBJ58DA,,18.80,本共有部分之項目有電梯機房、水箱等二項。,鋼筋混凝土造,114年12月4日,十三層,,持分移轉
RPVWMLNJIIKGFDJ86DA,,55.68,集合住宅,鋼筋混凝土造,114年10月17日,九層,二層 陽台,全筆移轉
RPVWMLNJIIKGFDJ86DA,,42.83,本共有部分之項目有停車空間、蓄水池、消防泵浦室、雨水、污水機房、梯間、發電機房、台電配電場所、電信室、儲藏室、管委會使用空間、車道、垃圾儲藏室、機械室、水箱等１５項,鋼筋混凝土造,114年10月17日,九層,,持分移轉
RPVVMLNJIIKGFDJ76DA,,78.37,集合住宅,鋼筋混凝土造,114年10月17日,九層,八層 陽台,全筆移轉
RPVVMLNJIIKGFDJ76DA,,60.03,本共有部分之項目有停車空間、蓄水池、消防泵浦室、雨水、污水機房、梯間、發電機房、台電配電場所、電信室、儲藏室、管委會使用空間、車道、垃圾儲藏室、機械室、水箱等１５項,鋼筋混凝土造,114年10月17日,九層,,持分移轉
RPUVMLNJIIKGFDJ66DA,,78.37,集合住宅,鋼筋混凝土造,114年10月17日,九層,七層 陽台,全筆移轉
RPUVMLNJIIKGFDJ66DA,,61.14,本共有部分之項目有停車空間、蓄水池、消防泵浦室、雨水、污水機房、梯間、發電機房、台電配電場所、電信室、儲藏室、管委會使用空間、車道、垃圾儲藏室、機械室、水箱等１５項,鋼筋混凝土造,114年10月17日,九層,,持分移轉
RPXNMLKLJHLGFBJ58DA,15,.03,商業用,鋼筋混凝土造,98年5月4日,十五層,一層,持分移轉
RPXNMLKLJHLGFBJ58DA,15,64.20,共有部分,鋼筋混凝土造,98年5月4日,十五層,,持分移轉
RPXNMLKLJHLGFBJ58DA,15,.01,共有部分,鋼筋混凝土造,98年5月4日,十五層,,持分移轉
RPRNMLRKKIKGFBJ68DA,,195.28,集合住宅、停車空間,鋼筋混凝土造,114年7月18日,四層,一層 二層 三層 四層 陽台,全筆移轉
RPQNNLNJIIKGFDJ18DA,,55.68,集合住宅,鋼筋混凝土造,114年10月17日,九層,八層 陽台,全筆移轉
RPUONLNJIIKGFDJ68DA,,62.59,一般事務所,鋼筋混凝土造,114年10月17日,九層,四層 陽台,全筆移轉
RPQNNLNJIIKGFDJ18DA,,42.83,本共有部分之項目有停車空間、蓄水池、消防泵浦室、雨水、污水機房、梯間、發電機房、台電配電場所、電信室、儲藏室、管委會使用空間、車道、垃圾儲藏室、機械室、水箱等１５項,鋼筋混凝土造,114年10月17日,九層,,持分移轉
RPUONLNJIIKGFDJ68DA,,46.31,本共有部分之項目有停車空間、蓄水池、消防泵浦室、雨水、污水機房、梯間、發電機房、台電配電場所、電信室、儲藏室、管委會使用空間、車道、垃圾儲藏室、機械室、水箱等１５項,鋼筋混凝土造,114年10月17日,九層,,持分移轉
RPUPMLRJIIKGFDJ09DA,,77.76,一般事務所,鋼筋混凝土造,114年10月17日,九層,七層 陽台,全筆移轉
RPUPMLRJIIKGFDJ09DA,,59.72,本共有部分之項目有停車空間、蓄水池、消防泵浦室、雨水、污水機房、梯間、發電機房、台電配電場所、電信室、儲藏室、管委會使用空間、車道、垃圾儲藏室、機械室、水箱等１５項,鋼筋混凝土造,114年10月17日,九層,,持分移轉
RPORMLNJIIKGFDJ28DA,,56.49,集合住宅,鋼筋混凝土造,114年10月17日,九層,四層 陽台,全筆移轉
RPORMLNJIIKGFDJ28DA,,43.31,本共有部分之項目有停車空間、蓄水池、消防泵浦室、雨水、污水機房、梯間、發電機房、台電配電場所、電信室、儲藏室、管委會使用空間、車道、垃圾儲藏室、機械室、水箱等１５項,鋼筋混凝土造,114年10月17日,九層,,持分移轉
RPQTMLSLLHKGFBJ76DA,,108.13,集合住宅,鋼筋混凝土造,114年4月28日,十五層,十五層 陽台,全筆移轉
RPQTMLSLLHKGFBJ76DA,,91.92,本共有部分之項目有防空避難室兼停車空間、騎樓（連續性前廊）、停車空間、樓電梯間、管委會空間等五項。,鋼筋混凝土造,114年4月28日,十五層,,持分移轉
RPQTMLSLLHKGFBJ76DA,,24.75,本共有部分之項目有梯間、消防水池、水錶區、電梯機械室、水箱等五項。,鋼筋混凝土造,114年4月28日,十五層,,持分移轉
RPWNMLLMKIKGFCJ88DA,,88.02,住家用,鋼筋混凝土造,114年6月26日,五層,五層 陽台,全筆移轉
RPWNMLLMKIKGFCJ88DA,,45.95,共有部份係依使用執照之建築概要表記載項目有：停車空間、樓梯間、電梯機房、水箱等四項,鋼筋混凝土造,114年6月26日,五層,,持分移轉
RPUNMLOLJIKGFCJ78DA,,81.17,集合住宅,鋼筋混凝土造,114年10月15日,七層,四層 陽台,全筆移轉
RPUNMLOLJIKGFCJ78DA,,37.64,共用部分之項目：管委會空間、停車空間、樓梯間、機械室等四項,鋼筋混凝土造,114年10月15日,七層,,持分移轉
RPROMLOLJIKGFCJ58DA,,81.17,集合住宅,鋼筋混凝土造,114年10月15日,七層,五層 陽台,全筆移轉
RPROMLOLJIKGFCJ58DA,,32.16,共用部分之項目：管委會空間、停車空間、樓梯間、機械室等四項,鋼筋混凝土造,114年10月15日,七層,,持分移轉
RPQOMLNJIIKGFDJ18DA,,46.92,店舖,鋼筋混凝土造,114年10月17日,九層,一層 陽台,全筆移轉
RPQOMLNJIIKGFDJ18DA,,23.67,本共有部分之項目有停車空間、蓄水池、消防泵浦室、雨水、污水機房、梯間、發電機房、台電配電場所、電信室、儲藏室、管委會使用空間、車道、垃圾儲藏室、機械室、水箱等１５項,鋼筋混凝土造,114年10月17日,九層,,持分移轉
RPTPMLSKRHKGFDJ37DA,,84.95,集合住宅,鋼筋混凝土造,114年7月21日,八層,八層 陽台,全筆移轉
RPTPMLSKRHKGFDJ37DA,,63.88,本共有部分之項目有防空避難室兼停車空間、電信室、電梯機房、停車空間、管委會、樓梯間、梯廳等７項,鋼筋混凝土造,114年7月21日,八層,,持分移轉
RPXWMLNJIIKGFDJ07DA,,55.68,集合住宅,鋼筋混凝土造,114年10月17日,九層,三層 陽台,全筆移轉
RPXWMLNJIIKGFDJ07DA,,42.83,本共有部分之項目有停車空間、蓄水池、消防泵浦室、雨水、污水機房、梯間、發電機房、台電配電場所、電信室、儲藏室、管委會使用空間、車道、垃圾儲藏室、機械室、水箱等１５項,鋼筋混凝土造,114年10月17日,九層,,持分移轉
RPTNMLTLIIKGFDJ56DA,,56.49,一般事務所,鋼筋混凝土造,114年10月17日,九層,九層 陽台,全筆移轉
RPTNMLTLIIKGFDJ56DA,,43.31,本共有部分之項目有停車空間、蓄水池、消防泵浦室、雨水、污水機房、梯間、發電機房、台電配電場所、電信室、儲藏室、管委會使用空間、車道、垃圾儲藏室、機械室、水箱等１５項,鋼筋混凝土造,114年10月17日,九層,,持分移轉
RPUOMLPLJIKGFBJ88DA,,195.28,集合住宅、停車空間,鋼筋混凝土造,114年7月18日,四層,一層 二層 三層 四層 陽台,全筆移轉
RPRNNLNJIIKGFDJ28DA,,55.68,集合住宅,鋼筋混凝土造,114年10月17日,九層,九層 陽台,全筆移轉
RPRNNLNJIIKGFDJ28DA,,42.83,本共有部分之項目有停車空間、蓄水池、消防泵浦室、雨水、污水機房、梯間、發電機房、台電配電場所、電信室、儲藏室、管委會使用空間、車道、垃圾儲藏室、機械室、水箱等１５項,鋼筋混凝土造,114年10月17日,九層,,持分移轉
RPQPMLRKRHKGFDJ96DA,,84.95,集合住宅,鋼筋混凝土造,114年7月21日,八層,八層 陽台,全筆移轉
RPQPMLRKRHKGFDJ96DA,,63.88,本共有部分之項目有防空避難室兼停車空間、電信室、電梯機房、停車空間、管委會、樓梯間、梯廳等７項,鋼筋混凝土造,114年7月21日,八層,,持分移轉
RPWOMLQLJHLGFDJ76DA,,64.59,集合住宅,鋼筋混凝土造,114年12月16日,十三層,八層 陽台,全筆移轉
RPWOMLQLJHLGFDJ76DA,,69.34,本共有部分之項目有集合住宅、防空避難室兼停車空間、停車空間、公共服務空間、樓梯間等５項,鋼筋混凝土造,114年12月16日,十三層,,持分移轉
RPSQMLMLKIKGFBJ68DA,,84.46,集合住宅,鋼筋混凝土造,114年12月4日,十三層,六層 陽台,全筆移轉
RPSQMLMLKIKGFBJ68DA,,50.81,本共有部分之項目有防空避難室兼停車空間、停車空間等二項。,鋼筋混凝土造,114年12月4日,十三層,,持分移轉
RPSQMLMLKIKGFBJ68DA,,18.87,本共有部分之項目有電梯機房、水箱等二項。,鋼筋混凝土造,114年12月4日,十三層,,持分移轉
RPXNMLLKKIKGFDJ88DA,,88.12,店舖,鋼筋混凝土造,114年10月17日,九層,一層 陽台,全筆移轉
RPXNMLLKKIKGFDJ88DA,,59.24,本共有部分之項目有停車空間、蓄水池、消防泵浦室、雨水、污水機房、梯間、發電機房、台電配電場所、電信室、儲藏室、管委會使用空間、車道、垃圾儲藏室、機械室、水箱等１５項,鋼筋混凝土造,114年10月17日,九層,,持分移轉
RPRNMLNLJHLGFDJ48DA,,39.42,店舖,鋼筋混凝土造,114年10月17日,九層,一層 陽台,全筆移轉
RPRNMLNLJHLGFDJ48DA,,34.71,本共有部分之項目有停車空間、蓄水池、消防泵浦室、雨水、污水機房、梯間、發電機房、台電配電場所、電信室、儲藏室、管委會使用空間、車道、垃圾儲藏室、機械室、水箱等１５項,鋼筋混凝土造,114年10月17日,九層,,持分移轉
RPPNMLLMJHLGFCJ08DA,,89.17,集合住宅,鋼筋混凝土造,114年6月26日,五層,二層 陽台,全筆移轉
RPPNMLLMJHLGFCJ08DA,,27.37,共有部份係依使用執照之建築概要表記載項目有：停車空間、樓梯間、電梯機房、水箱等四項,鋼筋混凝土造,114年6月26日,五層,,持分移轉
RPWQMLMLKIKGFBJ09DA,,84.46,集合住宅,鋼筋混凝土造,114年12月4日,十三層,八層 陽台,全筆移轉
RPWQMLMLKIKGFBJ09DA,,50.81,本共有部分之項目有防空避難室兼停車空間、停車空間等二項。,鋼筋混凝土造,114年12月4日,十三層,,持分移轉
RPWQMLMLKIKGFBJ09DA,,18.87,本共有部分之項目有電梯機房、水箱等二項。,鋼筋混凝土造,114年12月4日,十三層,,持分移轉
RPRNMLQJKHLGFBJ48DA,,51.90,集合住宅,鋼筋混凝土造,114年12月10日,十五層,四層 陽台,全筆移轉
RPRNMLQJKHLGFBJ48DA,,54.27,本共有部分之項目有防空避難室兼停車空間、停車空間、車道、管委會、樓梯間、水箱、機械室等七項。,鋼筋混凝土造,114年12月10日,十五層,,持分移轉
RPUOMLMJLHLGFCJ68DA,,88.02,集合住宅,鋼筋混凝土造,114年6月26日,五層,三層 陽台,全筆移轉
RPUOMLMJLHLGFCJ68DA,,27.02,共有部份係依使用執照之建築概要表記載項目有：停車空間、樓梯間、電梯機房、水箱等四項,鋼筋混凝土造,114年6月26日,五層,,持分移轉
RPPNMLLJLHLGFCJ97DA,,89.17,集合住宅,鋼筋混凝土造,114年6月26日,五層,四層 陽台,全筆移轉
RPUNMLMJKIKGFBJ38DA,5,1.17,警衛室,鋼筋混凝土造,108年3月28日,四層,一層 二層 三層 四層 陽台 雨遮,持分移轉
RPPNMLLJLHLGFCJ97DA,,46.31,共有部份係依使用執照之建築概要表記載項目有：停車空間、樓梯間、電梯機房、水箱等四項,鋼筋混凝土造,114年6月26日,五層,,持分移轉
RPUNMLMJKIKGFBJ38DA,3,4.10,停車空間、社區中心、樓梯間,鋼筋混凝土造,109年7月8日,三層,一層 二層 三層 屋頂突出物 地下一層,持分移轉
RPUNMLMJKIKGFBJ38DA,,257.39,停車空間、集合住宅,鋼筋混凝土造,114年9月18日,四層,一層 二層 三層 四層 陽台,全筆移轉
RPWNMLOJLHLGFCJ98DA,,88.02,集合住宅,鋼筋混凝土造,114年6月26日,五層,二層 陽台,全筆移轉
RPTOMLMJLHLGFCJ58DA,,88.02,集合住宅,鋼筋混凝土造,114年6月26日,五層,四層 陽台,全筆移轉
RPWNMLOJLHLGFCJ98DA,,45.95,共有部份係依使用執照之建築概要表記載項目有：停車空間、樓梯間、電梯機房、水箱等四項,鋼筋混凝土造,114年6月26日,五層,,持分移轉
RPTOMLMJLHLGFCJ58DA,,45.95,共有部份係依使用執照之建築概要表記載項目有：停車空間、樓梯間、電梯機房、水箱等四項,鋼筋混凝土造,114年6月26日,五層,,持分移轉
RPXNMLOJLHLGFCJ09DA,,89.17,集合住宅,鋼筋混凝土造,114年6月26日,五層,三層 陽台,全筆移轉
RPXNMLOJLHLGFCJ09DA,,44.80,共有部份係依使用執照之建築概要表記載項目有：停車空間、樓梯間、電梯機房、水箱等四項,鋼筋混凝土造,114年6月26日,五層,,持分移轉
RPXOMLLLIIKGFCJ78DA,,99.27,集合住宅,鋼筋混凝土造,114年7月30日,十四層,十三層 陽台,全筆移轉
RPXOMLLLIIKGFCJ78DA,,60.34,共有部分主要用途有：停車空間、消防機房、水箱、電信室、台電配電室、發電機室、垃圾貯存空間、管委會、公共服務空間等９項,鋼筋混凝土造,114年7月30日,十四層,,持分移轉
RPXOMLLLIIKGFCJ78DA,,25.50,共有部分主要用途有：梯間、水箱、電梯機房等３項,鋼筋混凝土造,114年7月30日,十四層,,持分移轉
RPXQMLNJIIKGFDJ09DA,,56.49,集合住宅,鋼筋混凝土造,114年10月17日,九層,三層 陽台,全筆移轉
RPXQMLNJIIKGFDJ09DA,,43.31,本共有部分之項目有停車空間、蓄水池、消防泵浦室、雨水、污水機房、梯間、發電機房、台電配電場所、電信室、儲藏室、管委會使用空間、車道、垃圾儲藏室、機械室、水箱等１５項,鋼筋混凝土造,114年10月17日,九層,,持分移轉
RPSVMLNJIIKGFDJ09DA,,78.37,集合住宅,鋼筋混凝土造,114年10月17日,九層,五層 陽台,全筆移轉
RPSVMLNJIIKGFDJ09DA,,61.14,本共有部分之項目有停車空間、蓄水池、消防泵浦室、雨水、污水機房、梯間、發電機房、台電配電場所、電信室、儲藏室、管委會使用空間、車道、垃圾儲藏室、機械室、水箱等１５項,鋼筋混凝土造,114年10月17日,九層,,持分移轉
RPTNMLRKKIKGFDJ09DA,,210.97,集合住宅、停車空間、樓梯間,鋼筋混凝土造,114年10月7日,四層,一層 二層 三層 四層 陽台 見其他登記事項,全筆移轉
RPVNMLRKRHKGFDJ27DA,,84.77,集合住宅,鋼筋混凝土造,114年7月21日,八層,四層 陽台,全筆移轉
RPVNMLRKRHKGFDJ27DA,,63.80,本共有部分之項目有防空避難室兼停車空間、電信室、電梯機房、停車空間、管委會、樓梯間、梯廳等７項,鋼筋混凝土造,114年7月21日,八層,,持分移轉
RPWNMLRKRHKGFDJ37DA,,84.77,集合住宅,鋼筋混凝土造,114年7月21日,八層,三層 陽台,全筆移轉
RPWNMLRKRHKGFDJ37DA,,63.80,本共有部分之項目有防空避難室兼停車空間、電信室、電梯機房、停車空間、管委會、樓梯間、梯廳等７項,鋼筋混凝土造,114年7月21日,八層,,持分移轉
RPQPMLOLJIKGFCJ58DA,,86.15,集合住宅,鋼筋混凝土造,114年10月15日,七層,六層 陽台,全筆移轉
RPQPMLOLJIKGFCJ58DA,,41.59,共用部分之項目：管委會空間、停車空間、樓梯間、機械室等四項,鋼筋混凝土造,114年10月15日,七層,,持分移轉
RPQVMLNJIIKGFDJ88DA,,78.37,集合住宅,鋼筋混凝土造,114年10月17日,九層,四層 陽台,全筆移轉
RPQVMLNJIIKGFDJ88DA,,54.27,本共有部分之項目有停車空間、蓄水池、消防泵浦室、雨水、污水機房、梯間、發電機房、台電配電場所、電信室、儲藏室、管委會使用空間、車道、垃圾儲藏室、機械室、水箱等１５項,鋼筋混凝土造,114年10月17日,九層,,持分移轉
RPWNMLRLIIKGFDJ66DA,,72.22,集合住宅,鋼筋混凝土造,114年5月8日,七層,五層 陽台,全筆移轉
RPWNMLRLIIKGFDJ66DA,,21.80,本共有部分之項目有停車空間、集合住宅、樓梯間等三項,鋼筋混凝土造,114年5月8日,七層,,持分移轉
RPRNMLSJJHLGFDJ78DA,,72.22,集合住宅,鋼筋混凝土造,114年5月8日,七層,四層 陽台,全筆移轉
RPRNMLSJJHLGFDJ78DA,,21.80,本共有部分之項目有停車空間、集合住宅、樓梯間等三項,鋼筋混凝土造,114年5月8日,七層,,持分移轉
RPSONLNJIIKGFDJ48DA,,62.59,一般事務所,鋼筋混凝土造,114年10月17日,九層,二層 陽台,全筆移轉
RPSONLNJIIKGFDJ48DA,,46.31,本共有部分之項目有停車空間、蓄水池、消防泵浦室、雨水、污水機房、梯間、發電機房、台電配電場所、電信室、儲藏室、管委會使用空間、車道、垃圾儲藏室、機械室、水箱等１５項,鋼筋混凝土造,114年10月17日,九層,,持分移轉
RPXOMLSKRHKGFDJ67DA,,84.95,集合住宅,鋼筋混凝土造,114年7月21日,八層,三層 陽台,全筆移轉
RPXOMLSKRHKGFDJ67DA,,63.88,本共有部分之項目有防空避難室兼停車空間、電信室、電梯機房、停車空間、管委會、樓梯間、梯廳等７項,鋼筋混凝土造,114年7月21日,八層,,持分移轉
RPRPMLSJIIKGFDJ88DA,,55.68,集合住宅,鋼筋混凝土造,114年10月17日,九層,二層 陽台,全筆移轉
RPRPMLSJIIKGFDJ88DA,,57.67,本共有部分之項目有停車空間、蓄水池、消防泵浦室、雨水、污水機房、梯間、發電機房、台電配電場所、電信室、儲藏室、管委會使用空間、車道、垃圾儲藏室、機械室、水箱等１５項,鋼筋混凝土造,114年10月17日,九層,,持分移轉
RPVSMLNJIIKGFDJ09DA,,78.23,集合住宅,鋼筋混凝土造,114年10月17日,九層,三層 陽台,全筆移轉
RPVSMLNJIIKGFDJ09DA,,61.06,本共有部分之項目有停車空間、蓄水池、消防泵浦室、雨水、污水機房、梯間、發電機房、台電配電場所、電信室、儲藏室、管委會使用空間、車道、垃圾儲藏室、機械室、水箱等１５項,鋼筋混凝土造,114年10月17日,九層,,持分移轉
RPWPMLOLJIKGFCJ56DA,,86.15,集合住宅,鋼筋混凝土造,114年10月15日,七層,七層 陽台,全筆移轉
RPWPMLOLJIKGFCJ56DA,,33.84,共用部分之項目：管委會空間、停車空間、樓梯間、機械室等四項,鋼筋混凝土造,114年10月15日,七層,,持分移轉
RPSQMLQJKHLGFBJ88DA,,51.90,集合住宅,鋼筋混凝土造,114年12月10日,十五層,十四層 陽台,全筆移轉
RPSQMLQJKHLGFBJ88DA,,80.67,本共有部分之項目有防空避難室兼停車空間、停車空間、車道、管委會、樓梯間、水箱、機械室等七項。,鋼筋混凝土造,114年12月10日,十五層,,持分移轉
RPVNMLSJJHLGFDJ56DA,,72.22,集合住宅,鋼筋混凝土造,114年5月8日,七層,七層 陽台,全筆移轉
RPVNMLSJJHLGFDJ56DA,,35.60,本共有部分之項目有停車空間、集合住宅、樓梯間等三項,鋼筋混凝土造,114年5月8日,七層,,持分移轉
RPUQMLNLJHLGFDJ09DA,,56.49,一般事務所,鋼筋混凝土造,114年10月17日,九層,八層 陽台,全筆移轉
RPUQMLNLJHLGFDJ09DA,,43.31,本共有部分之項目有停車空間、蓄水池、消防泵浦室、雨水、污水機房、梯間、發電機房、台電配電場所、電信室、儲藏室、管委會使用空間、車道、垃圾儲藏室、機械室、水箱等１５項,鋼筋混凝土造,114年10月17日,九層,,持分移轉
RPTNMLPLJHLGFDJ88DA,,90.51,集合住宅,鋼筋混凝土造,114年12月3日,十層,五層 陽台,全筆移轉
RPTNMLPLJHLGFDJ88DA,,55.41,本共有部分之項目有停車空間、機械室、集合住宅、樓梯間、電梯間等５項,鋼筋混凝土造,114年12月3日,十層,,持分移轉
RPUNMLSJJHLGFDJ09DA,,72.55,集合住宅,鋼筋混凝土造,114年5月8日,七層,四層 陽台,全筆移轉
RPUNMLSJJHLGFDJ09DA,,21.90,本共有部分之項目有停車空間、集合住宅、樓梯間等三項,鋼筋混凝土造,114年5月8日,七層,,持分移轉
RPTOMLQJJHLGFBJ68DA,,79.45,集合住宅,鋼筋混凝土造,114年12月10日,十五層,九層 陽台,全筆移轉
RPTOMLQJJHLGFBJ68DA,,68.89,本共有部分之項目有防空避難室兼停車空間、停車空間、車道、管委會、樓梯間、水箱、機械室等七項。,鋼筋混凝土造,114年12月10日,十五層,,持分移轉
RPPRMLQJKHLGFBJ68DA,,79.45,集合住宅,鋼筋混凝土造,114年12月10日,十五層,六層 陽台,全筆移轉
RPPRMLQJKHLGFBJ68DA,,93.23,本共有部分之項目有防空避難室兼停車空間、停車空間、車道、管委會、樓梯間、水箱、機械室等七項。,鋼筋混凝土造,114年12月10日,十五層,,持分移轉
RPXOMLQJKHLGFBJ56DA,,51.90,集合住宅,鋼筋混凝土造,114年12月10日,十五層,十五層 陽台,全筆移轉
RPXOMLQJKHLGFBJ56DA,,54.27,本共有部分之項目有防空避難室兼停車空間、停車空間、車道、管委會、樓梯間、水箱、機械室等七項。,鋼筋混凝土造,114年12月10日,十五層,,持分移轉
RPTNMLLMIIKGFCJ38DA,,76.95,集合住宅,鋼筋混凝土造,114年10月7日,十五層,九層 陽台,全筆移轉
RPTNMLLMIIKGFCJ38DA,,67.63,本共有部分項目有：集合住宅（附屬開放空間、公共服務空間、管委會使用空間、車道、梯間）、梯間、機械室、水箱、停車空間、發電機室、台電配電場所、垃圾貯存空間、電信室、蓄水池、汙雨水回收機房、消防泵埔室等１６項,鋼筋混凝土造,114年10月7日,十五層,,持分移轉
RPWPMLNJIIKGFDJ88DA,,78.13,集合住宅,鋼筋混凝土造,114年10月17日,九層,七層 陽台,全筆移轉
RPWPMLNJIIKGFDJ88DA,,61.06,本共有部分之項目有停車空間、蓄水池、消防泵浦室、雨水、污水機房、梯間、發電機房、台電配電場所、電信室、儲藏室、管委會使用空間、車道、垃圾儲藏室、機械室、水箱等１５項,鋼筋混凝土造,114年10月17日,九層,,持分移轉
RPUNMLRKRHKGFDJ17DA,,84.77,集合住宅,鋼筋混凝土造,114年7月21日,八層,五層 陽台,全筆移轉
RPUNMLRKRHKGFDJ17DA,,63.80,本共有部分之項目有防空避難室兼停車空間、電信室、電梯機房、停車空間、管委會、樓梯間、梯廳等７項,鋼筋混凝土造,114年7月21日,八層,,持分移轉
RPWNMLKKKIKGFBJ48DA,,84.91,集合住宅,鋼筋混凝土造,114年9月9日,九層,四層 陽台,全筆移轉
RPWNMLKKKIKGFBJ48DA,,41.84,本共有部分之項目有防空避難室兼停車空間、消防機房、台電配電室、電信室、管委會空間、停車空間等六項。,鋼筋混凝土造,114年9月9日,九層,,持分移轉
RPWNMLKKKIKGFBJ48DA,,17.98,本共有部分之項目有梯間、電梯機房、水箱等三項。,鋼筋混凝土造,114年9月9日,九層,,持分移轉
RPQSMLNJIIKGFDJ58DA,,78.40,集合住宅,鋼筋混凝土造,114年10月17日,九層,六層 陽台,全筆移轉
RPQSMLNJIIKGFDJ58DA,,69.10,本共有部分之項目有停車空間、蓄水池、消防泵浦室、雨水、污水機房、梯間、發電機房、台電配電場所、電信室、儲藏室、管委會使用空間、車道、垃圾儲藏室、機械室、水箱等１５項,鋼筋混凝土造,114年10月17日,九層,,持分移轉
RPPWMLNJIIKGFDJ88DA,,77.85,集合住宅,鋼筋混凝土造,114年10月17日,九層,四層 陽台,全筆移轉
RPPWMLNJIIKGFDJ88DA,,59.87,本共有部分之項目有停車空間、蓄水池、消防泵浦室、雨水、污水機房、梯間、發電機房、台電配電場所、電信室、儲藏室、管委會使用空間、車道、垃圾儲藏室、機械室、水箱等１５項,鋼筋混凝土造,114年10月17日,九層,,持分移轉
RPTSMLNJIIKGFDJ88DA,,78.40,集合住宅,鋼筋混凝土造,114年10月17日,九層,九層 陽台,全筆移轉
RPTSMLNJIIKGFDJ88DA,,61.14,本共有部分之項目有停車空間、蓄水池、消防泵浦室、雨水、污水機房、梯間、發電機房、台電配電場所、電信室、儲藏室、管委會使用空間、車道、垃圾儲藏室、機械室、水箱等１５項,鋼筋混凝土造,114年10月17日,九層,,持分移轉
RPVPMLNKIIKGFCJ78DA,,38.49,集合住宅,鋼筋混凝土造,114年7月30日,十四層,十二層 陽台,全筆移轉
RPVPMLNKIIKGFCJ78DA,,44.85,共有部分主要用途有：停車空間、消防機房、水箱、電信室、台電配電室、發電機室、垃圾貯存空間、管委會、公共服務空間等９項,鋼筋混凝土造,114年7月30日,十四層,,持分移轉
RPVPMLNKIIKGFCJ78DA,,9.51,共有部分主要用途有：梯間、水箱、電梯機房等３項,鋼筋混凝土造,114年7月30日,十四層,,持分移轉
RPWOMLRJIIKGFDJ56DA,,56.49,一般事務所,鋼筋混凝土造,114年10月17日,九層,七層 陽台,全筆移轉
RPWOMLRJIIKGFDJ56DA,,43.31,本共有部分之項目有停車空間、蓄水池、消防泵浦室、雨水、污水機房、梯間、發電機房、台電配電場所、電信室、儲藏室、管委會使用空間、車道、垃圾儲藏室、機械室、水箱等１５項,鋼筋混凝土造,114年10月17日,九層,,持分移轉
RPONNLNJIIKGFDJ97DA,,55.68,集合住宅,鋼筋混凝土造,114年10月17日,九層,五層 陽台,全筆移轉
RPONNLNJIIKGFDJ97DA,,42.83,本共有部分之項目有停車空間、蓄水池、消防泵浦室、雨水、污水機房、梯間、發電機房、台電配電場所、電信室、儲藏室、管委會使用空間、車道、垃圾儲藏室、機械室、水箱等１５項,鋼筋混凝土造,114年10月17日,九層,,持分移轉
RPTPMLRJIIKGFDJ98DA,,77.76,一般事務所,鋼筋混凝土造,114年10月17日,九層,六層 陽台,全筆移轉
RPTPMLRJIIKGFDJ98DA,,60.82,本共有部分之項目有停車空間、蓄水池、消防泵浦室、雨水、污水機房、梯間、發電機房、台電配電場所、電信室、儲藏室、管委會使用空間、車道、垃圾儲藏室、機械室、水箱等１５項,鋼筋混凝土造,114年10月17日,九層,,持分移轉
RPQOMLLLJIKGFBJ08DA,,156.29,集合住宅,鋼筋混凝土造,114年10月8日,十九層,四層 陽台 雨遮,全筆移轉
RPQOMLLLJIKGFBJ08DA,,135.38,本共有部分之項目有：防空避難室兼停車空間、停車空間、管理室、公共服務空間、儲藏室、電梯間、樓梯間、機房、消防中繼水箱、機械室、水箱等十一項。,鋼筋混凝土造,114年10月8日,十九層,,持分移轉
RPPPMLRKRHKGFDJ86DA,,84.95,集合住宅,鋼筋混凝土造,114年7月21日,八層,七層 陽台,全筆移轉
RPPPMLRKRHKGFDJ86DA,,63.88,本共有部分之項目有防空避難室兼停車空間、電信室、電梯機房、停車空間、管委會、樓梯間、梯廳等７項,鋼筋混凝土造,114年7月21日,八層,,持分移轉
RPRQMLRJIIKGFDJ88DA,,62.43,一般事務所,鋼筋混凝土造,114年10月17日,九層,六層 陽台,全筆移轉
RPRQMLRJIIKGFDJ88DA,,46.23,本共有部分之項目有停車空間、蓄水池、消防泵浦室、雨水、污水機房、梯間、發電機房、台電配電場所、電信室、儲藏室、管委會使用空間、車道、垃圾儲藏室、機械室、水箱等１５項,鋼筋混凝土造,114年10月17日,九層,,持分移轉
RPQPMLSKRHKGFDJ07DA,,84.95,集合住宅,鋼筋混凝土造,114年7月21日,八層,五層 陽台,全筆移轉
RPQPMLSKRHKGFDJ07DA,,63.88,本共有部分之項目有防空避難室兼停車空間、電信室、電梯機房、停車空間、管委會、樓梯間、梯廳等７項,鋼筋混凝土造,114年7月21日,八層,,持分移轉
RPRPMLSKRHKGFDJ17DA,,84.95,集合住宅,鋼筋混凝土造,114年7月21日,八層,六層 陽台,全筆移轉
RPRPMLSKRHKGFDJ17DA,,63.88,本共有部分之項目有防空避難室兼停車空間、電信室、電梯機房、停車空間、管委會、樓梯間、梯廳等７項,鋼筋混凝土造,114年7月21日,八層,,持分移轉
RPOPMLSKRHKGFDJ86DA,,84.95,集合住宅,鋼筋混凝土造,114年7月21日,八層,四層 陽台,全筆移轉
RPOPMLSKRHKGFDJ86DA,,65.11,本共有部分之項目有防空避難室兼停車空間、電信室、電梯機房、停車空間、管委會、樓梯間、梯廳等７項,鋼筋混凝土造,114年7月21日,八層,,持分移轉
RPXNMLKKKIKGFCJ68DA,,56.57,集合住宅,鋼筋混凝土造,114年10月7日,十四層,十四層 陽台,全筆移轉
RPXNMLKKKIKGFCJ68DA,,57.31,本共有部分項目有：集合住宅（附屬開放空間、公共服務空間、管委會使用空間、車道、梯間）、梯間、機械室、水箱、停車空間、發電機室、台電配電場所、垃圾貯存空間、電信室、蓄水池、汙雨水回收機房、消防泵埔室等１６項,鋼筋混凝土造,114年10月7日,十五層,,持分移轉
RPTNMLPLJIKGFCJ78DA,,84.08,集合住宅,鋼筋混凝土造,114年10月15日,七層,四層 陽台,全筆移轉
RPTNMLPLJIKGFCJ78DA,,33.30,共用部分之項目：管委會空間、停車空間、樓梯間、機械室等四項,鋼筋混凝土造,114年10月15日,七層,,持分移轉
RPSSMLNJIIKGFDJ78DA,,78.40,集合住宅,鋼筋混凝土造,114年10月17日,九層,八層 陽台,全筆移轉
RPSSMLNJIIKGFDJ78DA,,61.14,本共有部分之項目有停車空間、蓄水池、消防泵浦室、雨水、污水機房、梯間、發電機房、台電配電場所、電信室、儲藏室、管委會使用空間、車道、垃圾儲藏室、機械室、水箱等１５項,鋼筋混凝土造,114年10月17日,九層,,持分移轉
RPSNMLKLJHLGFCJ18DA,,68.20,集合住宅,鋼筋混凝土造,114年7月30日,十四層,十一層 陽台,全筆移轉
RPXNMLPLJHLGFDJ66DA,,90.51,集合住宅,鋼筋混凝土造,114年12月3日,十層,七層 陽台,全筆移轉
RPSNMLKLJHLGFCJ18DA,,52.98,共有部分主要用途有：停車空間、消防機房、水箱、電信室、台電配電室、發電機室、垃圾貯存空間、管委會、公共服務空間等９項,鋼筋混凝土造,114年7月30日,十四層,,持分移轉
RPXNMLPLJHLGFDJ66DA,,57.87,本共有部分之項目有停車空間、機械室、集合住宅、樓梯間、電梯間等５項,鋼筋混凝土造,114年12月3日,十層,,持分移轉
RPOQMLOLJIKGFCJ48DA,,79.18,集合住宅,鋼筋混凝土造,114年10月15日,七層,七層 陽台,全筆移轉
RPSNMLKLJHLGFCJ18DA,,17.52,共有部分主要用途有：梯間、水箱、電梯機房等３項,鋼筋混凝土造,114年7月30日,十四層,,持分移轉
RPOQMLOLJIKGFCJ48DA,,31.63,共用部分之項目：管委會空間、停車空間、樓梯間、機械室等四項,鋼筋混凝土造,114年10月15日,七層,,持分移轉
RPQNMLMKKIKGFCJ18DA,,81.55,集合住宅,鋼筋混凝土造,114年6月16日,九層,三層 陽台,全筆移轉
RPQNMLMKKIKGFCJ18DA,,36.35,本共有部分之項目：防空避難室兼停車空間、（第一層停車編號１～１１號、地下一層停車編號１２～２４號）、車道等二項,鋼筋混凝土造,114年6月16日,九層,,持分移轉
RPQNMLMKKIKGFCJ18DA,,28.60,本共有部分之項目：梯廳、梯間、警衛室、發電機房、配電室、水箱、消防機房、污水機房、電信室等九項,鋼筋混凝土造,114年6月16日,九層,,持分移轉
RPVNMLSJKIKGFBJ09DA,,62.00,集合住宅,鋼筋混凝土造,114年12月10日,十五層,十四層 陽台,全筆移轉
RPVNMLSJKIKGFBJ09DA,,62.02,本共有部分之項目有防空避難室兼停車空間、停車空間、車道、管委會、樓梯間、水箱、機械室等七項。,鋼筋混凝土造,114年12月10日,十五層,,持分移轉
RPVNMLTJKHLGFBJ56DA,,62.00,集合住宅,鋼筋混凝土造,114年12月10日,十五層,十一層 陽台,全筆移轉
RPVNMLTJKHLGFBJ56DA,,85.97,本共有部分之項目有防空避難室兼停車空間、停車空間、車道、管委會、樓梯間、水箱、機械室等七項。,鋼筋混凝土造,114年12月10日,十五層,,持分移轉
RPQRMLNJIIKGFDJ48DA,,56.49,集合住宅,鋼筋混凝土造,114年10月17日,九層,六層 陽台,全筆移轉
RPQRMLNJIIKGFDJ48DA,,43.31,本共有部分之項目有停車空間、蓄水池、消防泵浦室、雨水、污水機房、梯間、發電機房、台電配電場所、電信室、儲藏室、管委會使用空間、車道、垃圾儲藏室、機械室、水箱等１５項,鋼筋混凝土造,114年10月17日,九層,,持分移轉
RPQTMLNJIIKGFDJ68DA,,78.23,集合住宅,鋼筋混凝土造,114年10月17日,九層,八層 陽台,全筆移轉
RPQTMLNJIIKGFDJ68DA,,61.06,本共有部分之項目有停車空間、蓄水池、消防泵浦室、雨水、污水機房、梯間、發電機房、台電配電場所、電信室、儲藏室、管委會使用空間、車道、垃圾儲藏室、機械室、水箱等１５項,鋼筋混凝土造,114年10月17日,九層,,持分移轉
RPUSMLLLJIKGFBJ88DA,,156.13,集合住宅,鋼筋混凝土造,114年10月8日,十九層,四層 陽台 雨遮,全筆移轉
RPUSMLLLJIKGFBJ88DA,,136.42,本共有部分之項目有：防空避難室兼停車空間、停車空間、管理室、公共服務空間、儲藏室、電梯間、樓梯間、機房、消防中繼水箱、機械室、水箱等十一項。,鋼筋混凝土造,114年10月8日,十九層,,持分移轉
RPUOMLRJIIKGFDJ98DA,,56.49,一般事務所,鋼筋混凝土造,114年10月17日,九層,五層 陽台,全筆移轉
RPUOMLRJIIKGFDJ98DA,,43.31,本共有部分之項目有停車空間、蓄水池、消防泵浦室、雨水、污水機房、梯間、發電機房、台電配電場所、電信室、儲藏室、管委會使用空間、車道、垃圾儲藏室、機械室、水箱等１５項,鋼筋混凝土造,114年10月17日,九層,,持分移轉
RPTONLNJIIKGFDJ58DA,,62.59,一般事務所,鋼筋混凝土造,114年10月17日,九層,三層 陽台,全筆移轉
RPTONLNJIIKGFDJ58DA,,46.31,本共有部分之項目有停車空間、蓄水池、消防泵浦室、雨水、污水機房、梯間、發電機房、台電配電場所、電信室、儲藏室、管委會使用空間、車道、垃圾儲藏室、機械室、水箱等１５項,鋼筋混凝土造,114年10月17日,九層,,持分移轉
RPVOMLRJIIKGFDJ09DA,,56.49,一般事務所,鋼筋混凝土造,114年10月17日,九層,六層 陽台,全筆移轉
RPVOMLRJIIKGFDJ09DA,,43.31,本共有部分之項目有停車空間、蓄水池、消防泵浦室、雨水、污水機房、梯間、發電機房、台電配電場所、電信室、儲藏室、管委會使用空間、車道、垃圾儲藏室、機械室、水箱等１５項,鋼筋混凝土造,114年10月17日,九層,,持分移轉
RPRUMLNJIIKGFDJ88DA,,55.68,集合住宅,鋼筋混凝土造,114年10月17日,九層,四層 陽台,全筆移轉
RPRUMLNJIIKGFDJ88DA,,42.83,本共有部分之項目有停車空間、蓄水池、消防泵浦室、雨水、污水機房、梯間、發電機房、台電配電場所、電信室、儲藏室、管委會使用空間、車道、垃圾儲藏室、機械室、水箱等１５項,鋼筋混凝土造,114年10月17日,九層,,持分移轉
RPQRMLRJIIKGFDJ88DA,,78.17,集合住宅,鋼筋混凝土造,114年10月17日,九層,五層 陽台,全筆移轉
RPQRMLRJIIKGFDJ88DA,,69.02,本共有部分之項目有停車空間、蓄水池、消防泵浦室、雨水、污水機房、梯間、發電機房、台電配電場所、電信室、儲藏室、管委會使用空間、車道、垃圾儲藏室、機械室、水箱等１５項,鋼筋混凝土造,114年10月17日,九層,,持分移轉
RPTRMLRJIIKGFDJ56DA,,55.68,集合住宅,鋼筋混凝土造,114年10月17日,九層,六層 陽台,全筆移轉
RPTRMLRJIIKGFDJ56DA,,42.83,本共有部分之項目有停車空間、蓄水池、消防泵浦室、雨水、污水機房、梯間、發電機房、台電配電場所、電信室、儲藏室、管委會使用空間、車道、垃圾儲藏室、機械室、水箱等１５項,鋼筋混凝土造,114年10月17日,九層,,持分移轉
RPPQMLOJJIKGFBJ28DA,,113.47,集合住宅,鋼筋混凝土造,114年8月19日,十七層,十六層 陽台,全筆移轉
RPPQMLOJJIKGFBJ28DA,,100.55,本共有部分之項目有停車空間、防空避難室、公共服務空間、梯間、水箱、機械室等六項。,鋼筋混凝土造,114年8月19日,十七層,,持分移轉
RPRNMLOJJIKGFDJ38DA,,74.64,日用品零售及服務設施,鋼筋混凝土造,114年5月22日,十二層,一層 陽台,全筆移轉
RPRNMLOJJIKGFDJ38DA,,61.38,本共有部分之項目有防空避難室兼停車空間、消防泵浦室、發電機室、汙水雨水機房、水箱、梯間、停車空間、電信室、台電配電場所、垃圾儲藏室、管委會使用空間、機械室等１２項,鋼筋混凝土造,114年5月22日,十三層,,持分移轉
RPSNMLOLKIKGFBJ58DA,,81.68,集合住宅,鋼筋混凝土造,114年10月28日,七層,二層 陽台,全筆移轉
RPSNMLOLKIKGFBJ58DA,,62.70,本共有部分之項目有防空避難室兼停車空間、停車空間、管理委員會使用空間、樓梯間、水箱、機械室等六項。,鋼筋混凝土造,114年10月28日,七層,,持分移轉
RPVPMLNJIIKGFDJ78DA,,78.13,集合住宅,鋼筋混凝土造,114年10月17日,九層,八層 陽台,全筆移轉
RPVPMLNJIIKGFDJ78DA,,61.06,本共有部分之項目有停車空間、蓄水池、消防泵浦室、雨水、污水機房、梯間、發電機房、台電配電場所、電信室、儲藏室、管委會使用空間、車道、垃圾儲藏室、機械室、水箱等１５項,鋼筋混凝土造,114年10月17日,九層,,持分移轉
RPWNMLKKKIKGFCJ58DA,,54.87,集合住宅,鋼筋混凝土造,114年10月7日,十四層,七層 陽台,全筆移轉
RPWNMLKKKIKGFCJ58DA,,55.31,本共有部分項目有：集合住宅（附屬開放空間、公共服務空間、管委會使用空間、車道、梯間）、梯間、機械室、水箱、停車空間、發電機室、台電配電場所、垃圾貯存空間、電信室、蓄水池、汙雨水回收機房、消防泵埔室等１６項,鋼筋混凝土造,114年10月7日,十五層,,持分移轉
RPPPMLNJIIKGFDJ18DA,,78.13,集合住宅,鋼筋混凝土造,114年10月17日,九層,三層 陽台,全筆移轉
RPPPMLNJIIKGFDJ18DA,,61.06,本共有部分之項目有停車空間、蓄水池、消防泵浦室、雨水、污水機房、梯間、發電機房、台電配電場所、電信室、儲藏室、管委會使用空間、車道、垃圾儲藏室、機械室、水箱等１５項,鋼筋混凝土造,114年10月17日,九層,,持分移轉
RPPRMLNJIIKGFDJ38DA,,56.49,集合住宅,鋼筋混凝土造,114年10月17日,九層,五層 陽台,全筆移轉
RPPRMLNJIIKGFDJ38DA,,43.31,本共有部分之項目有停車空間、蓄水池、消防泵浦室、雨水、污水機房、梯間、發電機房、台電配電場所、電信室、儲藏室、管委會使用空間、車道、垃圾儲藏室、機械室、水箱等１５項,鋼筋混凝土造,114年10月17日,九層,,持分移轉
RPQPMLNJIIKGFDJ28DA,,78.13,集合住宅,鋼筋混凝土造,114年10月17日,九層,四層 陽台,全筆移轉
RPQPMLNJIIKGFDJ28DA,,59.95,本共有部分之項目有停車空間、蓄水池、消防泵浦室、雨水、污水機房、梯間、發電機房、台電配電場所、電信室、儲藏室、管委會使用空間、車道、垃圾儲藏室、機械室、水箱等１５項,鋼筋混凝土造,114年10月17日,九層,,持分移轉
RPRNMLNJIIKGFDJ18DA,,49.92,店舖,鋼筋混凝土造,114年10月17日,九層,一層 陽台,全筆移轉
RPRNMLNJIIKGFDJ18DA,,40.07,本共有部分之項目有停車空間、蓄水池、消防泵浦室、雨水、污水機房、梯間、發電機房、台電配電場所、電信室、儲藏室、管委會使用空間、車道、垃圾儲藏室、機械室、水箱等１５項,鋼筋混凝土造,114年10月17日,九層,,持分移轉
RPVOMLNLJHLGFDJ98DA,,78.23,集合住宅,鋼筋混凝土造,114年10月17日,九層,七層 陽台,全筆移轉
RPVOMLNLJHLGFDJ98DA,,61.06,本共有部分之項目有停車空間、蓄水池、消防泵浦室、雨水、污水機房、梯間、發電機房、台電配電場所、電信室、儲藏室、管委會使用空間、車道、垃圾儲藏室、機械室、水箱等１５項,鋼筋混凝土造,114年10月17日,九層,,持分移轉
RPSPMLNKIIKGFCJ48DA,,38.49,集合住宅,鋼筋混凝土造,114年7月30日,十四層,九層 陽台,全筆移轉
RPSPMLNKIIKGFCJ48DA,,45.95,共有部分主要用途有：停車空間、消防機房、水箱、電信室、台電配電室、發電機室、垃圾貯存空間、管委會、公共服務空間等９項,鋼筋混凝土造,114年7月30日,十四層,,持分移轉
RPSPMLNKIIKGFCJ48DA,,9.51,共有部分主要用途有：梯間、水箱、電梯機房等３項,鋼筋混凝土造,114年7月30日,十四層,,持分移轉
RPVNMLKKKIKGFBJ38DA,,78.38,集合住宅,鋼筋混凝土造,114年9月9日,九層,八層 陽台,全筆移轉
RPVNMLKKKIKGFBJ38DA,,60.01,本共有部分之項目有防空避難室兼停車空間、消防機房、台電配電室、電信室、管委會空間、停車空間等六項。,鋼筋混凝土造,114年9月9日,九層,,持分移轉
RPVNMLKKKIKGFBJ38DA,,16.61,本共有部分之項目有梯間、電梯機房、水箱等三項。,鋼筋混凝土造,114年9月9日,九層,,持分移轉
RPRRMLNJIIKGFDJ58DA,,56.49,集合住宅,鋼筋混凝土造,114年10月17日,九層,七層 陽台,全筆移轉
RPRRMLNJIIKGFDJ58DA,,43.31,本共有部分之項目有停車空間、蓄水池、消防泵浦室、雨水、污水機房、梯間、發電機房、台電配電場所、電信室、儲藏室、管委會使用空間、車道、垃圾儲藏室、機械室、水箱等１５項,鋼筋混凝土造,114年10月17日,九層,,持分移轉
RPXNMLQKJHLGFBJ09DA,,79.45,集合住宅,鋼筋混凝土造,114年12月10日,十五層,十四層 陽台,全筆移轉
RPXNMLQKJHLGFBJ09DA,,95.29,本共有部分之項目有防空避難室兼停車空間、停車空間、車道、管委會、樓梯間、水箱、機械室等七項。,鋼筋混凝土造,114年12月10日,十五層,,持分移轉
RPTUMLNJIIKGFDJ09DA,,55.68,集合住宅,鋼筋混凝土造,114年10月17日,九層,五層 陽台,全筆移轉
RPTUMLNJIIKGFDJ09DA,,42.83,本共有部分之項目有停車空間、蓄水池、消防泵浦室、雨水、污水機房、梯間、發電機房、台電配電場所、電信室、儲藏室、管委會使用空間、車道、垃圾儲藏室、機械室、水箱等１５項,鋼筋混凝土造,114年10月17日,九層,,持分移轉
RPSOMLRJIIKGFDJ78DA,,56.49,一般事務所,鋼筋混凝土造,114年10月17日,九層,二層 陽台,全筆移轉
RPSOMLRJIIKGFDJ78DA,,43.31,本共有部分之項目有停車空間、蓄水池、消防泵浦室、雨水、污水機房、梯間、發電機房、台電配電場所、電信室、儲藏室、管委會使用空間、車道、垃圾儲藏室、機械室、水箱等１５項,鋼筋混凝土造,114年10月17日,九層,,持分移轉
RPVNMLNJIIKGFDJ58DA,,43.30,店舖,鋼筋混凝土造,114年10月17日,九層,一層 陽台,全筆移轉
RPVNMLNJIIKGFDJ58DA,,36.68,本共有部分之項目有停車空間、蓄水池、消防泵浦室、雨水、污水機房、梯間、發電機房、台電配電場所、電信室、儲藏室、管委會使用空間、車道、垃圾儲藏室、機械室、水箱等１５項,鋼筋混凝土造,114年10月17日,九層,,持分移轉
RPVPMLRJIIKGFDJ56DA,,77.76,一般事務所,鋼筋混凝土造,114年10月17日,九層,八層 陽台,全筆移轉
RPVPMLRJIIKGFDJ56DA,,68.79,本共有部分之項目有停車空間、蓄水池、消防泵浦室、雨水、污水機房、梯間、發電機房、台電配電場所、電信室、儲藏室、管委會使用空間、車道、垃圾儲藏室、機械室、水箱等１５項,鋼筋混凝土造,114年10月17日,九層,,持分移轉
RPSRMLNJIIKGFDJ68DA,,56.49,集合住宅,鋼筋混凝土造,114年10月17日,九層,八層 陽台,全筆移轉
RPSRMLNJIIKGFDJ68DA,,58.14,本共有部分之項目有停車空間、蓄水池、消防泵浦室、雨水、污水機房、梯間、發電機房、台電配電場所、電信室、儲藏室、管委會使用空間、車道、垃圾儲藏室、機械室、水箱等１５項,鋼筋混凝土造,114年10月17日,九層,,持分移轉
RPUUMLNJIIKGFDJ56DA,,55.68,集合住宅,鋼筋混凝土造,114年10月17日,九層,六層 陽台,全筆移轉
RPUUMLNJIIKGFDJ56DA,,42.83,本共有部分之項目有停車空間、蓄水池、消防泵浦室、雨水、污水機房、梯間、發電機房、台電配電場所、電信室、儲藏室、管委會使用空間、車道、垃圾儲藏室、機械室、水箱等１５項,鋼筋混凝土造,114年10月17日,九層,,持分移轉
RPTNMLLLJIKGFCJ38DA,,84.08,集合住宅,鋼筋混凝土造,114年10月15日,七層,二層 陽台,全筆移轉
RPTNMLLLJIKGFCJ38DA,,33.55,共用部分之項目：管委會空間、停車空間、樓梯間、機械室等四項,鋼筋混凝土造,114年10月15日,七層,,持分移轉
RPRPMLNJIIKGFDJ38DA,,78.13,集合住宅,鋼筋混凝土造,114年10月17日,九層,六層 陽台,全筆移轉
RPRPMLNJIIKGFDJ38DA,,69.02,本共有部分之項目有停車空間、蓄水池、消防泵浦室、雨水、污水機房、梯間、發電機房、台電配電場所、電信室、儲藏室、管委會使用空間、車道、垃圾儲藏室、機械室、水箱等１５項,鋼筋混凝土造,114年10月17日,九層,,持分移轉
RPXOMLNJIIKGFDJ88DA,,78.13,集合住宅,鋼筋混凝土造,114年10月17日,九層,五層 陽台,全筆移轉
RPXOMLNJIIKGFDJ88DA,,69.02,本共有部分之項目有停車空間、蓄水池、消防泵浦室、雨水、污水機房、梯間、發電機房、台電配電場所、電信室、儲藏室、管委會使用空間、車道、垃圾儲藏室、機械室、水箱等１５項,鋼筋混凝土造,114年10月17日,九層,,持分移轉
RPUNMLTKJHLGFCJ56DA,,56.00,集合住宅,鋼筋混凝土造,114年10月7日,十四層,八層 陽台,全筆移轉
RPUNMLTKJHLGFCJ56DA,,56.99,本共有部分項目有：集合住宅（附屬開放空間、公共服務空間、管委會使用空間、車道、梯間）、梯間、機械室、水箱、停車空間、發電機室、台電配電場所、垃圾貯存空間、電信室、蓄水池、汙雨水回收機房、消防泵埔室等１６項,鋼筋混凝土造,114年10月7日,十五層,,持分移轉
RPQOMLQJKHLGFBJ48DA,,51.90,集合住宅,鋼筋混凝土造,114年12月10日,十五層,十層 陽台,全筆移轉
RPQOMLQJKHLGFBJ48DA,,54.27,本共有部分之項目有防空避難室兼停車空間、停車空間、車道、管委會、樓梯間、水箱、機械室等七項。,鋼筋混凝土造,114年12月10日,十五層,,持分移轉
RPPQMLQJKHLGFBJ58DA,,51.90,集合住宅,鋼筋混凝土造,114年12月10日,十五層,十一層 陽台,全筆移轉
RPPQMLQJKHLGFBJ58DA,,52.21,本共有部分之項目有防空避難室兼停車空間、停車空間、車道、管委會、樓梯間、水箱、機械室等七項。,鋼筋混凝土造,114年12月10日,十五層,,持分移轉
RPTNMLQLRHKGFDJ07DA,,77.70,集合住宅,鋼筋混凝土造,114年5月22日,十二層,十二層 陽台,全筆移轉
RPTNMLQLRHKGFDJ07DA,,62.80,本共有部分之項目有防空避難室兼停車空間、消防泵浦室、發電機室、汙水雨水機房、水箱、梯間、停車空間、電信室、台電配電場所、垃圾儲藏室、管委會使用空間、機械室等１２項,鋼筋混凝土造,114年5月22日,十三層,,持分移轉
RPSPMLOLJIKGFCJ78DA,,61.26,集合住宅,鋼筋混凝土造,114年10月15日,七層,六層 陽台,全筆移轉
RPSPMLOLJIKGFCJ78DA,,25.57,共用部分之項目：管委會空間、停車空間、樓梯間、機械室等四項,鋼筋混凝土造,114年10月15日,七層,,持分移轉
RPWWMLNJIIKGFDJ96DA,,55.68,集合住宅,鋼筋混凝土造,114年10月17日,九層,四層 陽台,全筆移轉
RPWWMLNJIIKGFDJ96DA,,42.83,本共有部分之項目有停車空間、蓄水池、消防泵浦室、雨水、污水機房、梯間、發電機房、台電配電場所、電信室、儲藏室、管委會使用空間、車道、垃圾儲藏室、機械室、水箱等１５項,鋼筋混凝土造,114年10月17日,九層,,持分移轉
RPQOMLMLKIKGFBJ28DA,5,1.49,警衛室,鋼筋混凝土造,108年3月28日,四層,一層 二層 三層 四層 陽台 雨遮,持分移轉
RPQOMLMLKIKGFBJ28DA,3,5.19,停車空間、社區中心、樓梯間,鋼筋混凝土造,109年7月8日,三層,一層 二層 三層 屋頂突出物 地下一層,持分移轉
RPQOMLMLKIKGFBJ28DA,,286.88,停車空間、集合住宅,鋼筋混凝土造,114年10月21日,四層,一層 二層 三層 四層 陽台,全筆移轉
RPPOMLLLJIKGFBJ97DA,,155.75,集合住宅,鋼筋混凝土造,114年10月8日,十九層,三層 陽台 雨遮,全筆移轉
RPPOMLLLJIKGFBJ97DA,,135.08,本共有部分之項目有：防空避難室兼停車空間、停車空間、管理室、公共服務空間、儲藏室、電梯間、樓梯間、機房、消防中繼水箱、機械室、水箱等十一項。,鋼筋混凝土造,114年10月8日,十九層,,持分移轉
RPUNMLNJIIKGFDJ48DA,,39.39,店舖,鋼筋混凝土造,114年10月17日,九層,一層 陽台,全筆移轉
RPUNMLNJIIKGFDJ48DA,,34.63,本共有部分之項目有停車空間、蓄水池、消防泵浦室、雨水、污水機房、梯間、發電機房、台電配電場所、電信室、儲藏室、管委會使用空間、車道、垃圾儲藏室、機械室、水箱等１５項,鋼筋混凝土造,114年10月17日,九層,,持分移轉
RPTNMLNJIIKGFDJ38DA,,41.97,店舖,鋼筋混凝土造,114年10月17日,九層,一層 陽台,全筆移轉
RPRNMLSJKIKGFBJ68DA,,62.00,集合住宅,鋼筋混凝土造,114年12月10日,十五層,十二層 陽台,全筆移轉
RPTNMLNJIIKGFDJ38DA,,36.05,本共有部分之項目有停車空間、蓄水池、消防泵浦室、雨水、污水機房、梯間、發電機房、台電配電場所、電信室、儲藏室、管委會使用空間、車道、垃圾儲藏室、機械室、水箱等１５項,鋼筋混凝土造,114年10月17日,九層,,持分移轉
RPRNMLSJKIKGFBJ68DA,,59.57,本共有部分之項目有防空避難室兼停車空間、停車空間、車道、管委會、樓梯間、水箱、機械室等七項。,鋼筋混凝土造,114年12月10日,十五層,,持分移轉
RPURMLNJIIKGFDJ88DA,,56.49,集合住宅,鋼筋混凝土造,114年10月17日,九層,九層 陽台,全筆移轉
RPURMLNJIIKGFDJ88DA,,43.31,本共有部分之項目有停車空間、蓄水池、消防泵浦室、雨水、污水機房、梯間、發電機房、台電配電場所、電信室、儲藏室、管委會使用空間、車道、垃圾儲藏室、機械室、水箱等１５項,鋼筋混凝土造,114年10月17日,九層,,持分移轉
RPQUMLNJIIKGFDJ78DA,,55.68,集合住宅,鋼筋混凝土造,114年10月17日,九層,三層 陽台,全筆移轉
RPQUMLNJIIKGFDJ78DA,,42.83,本共有部分之項目有停車空間、蓄水池、消防泵浦室、雨水、污水機房、梯間、發電機房、台電配電場所、電信室、儲藏室、管委會使用空間、車道、垃圾儲藏室、機械室、水箱等１５項,鋼筋混凝土造,114年10月17日,九層,,持分移轉
RPSNMLLKKIKGFBJ18DA,,84.91,集合住宅,鋼筋混凝土造,114年9月9日,九層,六層 陽台,全筆移轉
RPSNMLLKKIKGFBJ18DA,,61.71,本共有部分之項目有防空避難室兼停車空間、消防機房、台電配電室、電信室、管委會空間、停車空間等六項。,鋼筋混凝土造,114年9月9日,九層,,持分移轉
RPSNMLLKKIKGFBJ18DA,,17.98,本共有部分之項目有梯間、電梯機房、水箱等三項。,鋼筋混凝土造,114年9月9日,九層,,持分移轉
RPWSMLNJIIKGFDJ56DA,,78.23,集合住宅,鋼筋混凝土造,114年10月17日,九層,四層 陽台,全筆移轉
RPWSMLNJIIKGFDJ56DA,,61.06,本共有部分之項目有停車空間、蓄水池、消防泵浦室、雨水、污水機房、梯間、發電機房、台電配電場所、電信室、儲藏室、管委會使用空間、車道、垃圾儲藏室、機械室、水箱等１５項,鋼筋混凝土造,114年10月17日,九層,,持分移轉
RPXSMLNJIIKGFDJ66DA,,78.23,集合住宅,鋼筋混凝土造,114年10月17日,九層,五層 陽台,全筆移轉
RPXSMLNJIIKGFDJ66DA,,69.02,本共有部分之項目有停車空間、蓄水池、消防泵浦室、雨水、污水機房、梯間、發電機房、台電配電場所、電信室、儲藏室、管委會使用空間、車道、垃圾儲藏室、機械室、水箱等１５項,鋼筋混凝土造,114年10月17日,九層,,持分移轉
RPTNMLOLJIKGFCJ68DA,,86.15,集合住宅,鋼筋混凝土造,114年10月15日,七層,四層 陽台,全筆移轉
RPTNMLOLJIKGFCJ68DA,,33.84,共用部分之項目：管委會空間、停車空間、樓梯間、機械室等四項,鋼筋混凝土造,114年10月15日,七層,,持分移轉
RPWPMLRJIIKGFDJ66DA,,77.76,一般事務所,鋼筋混凝土造,114年10月17日,九層,九層 陽台,全筆移轉
RPWPMLRJIIKGFDJ66DA,,59.72,本共有部分之項目有停車空間、蓄水池、消防泵浦室、雨水、污水機房、梯間、發電機房、台電配電場所、電信室、儲藏室、管委會使用空間、車道、垃圾儲藏室、機械室、水箱等１５項,鋼筋混凝土造,114年10月17日,九層,,持分移轉
RPVUMLNJIIKGFDJ66DA,,55.68,集合住宅,鋼筋混凝土造,114年10月17日,九層,七層 陽台,全筆移轉
RPVUMLNJIIKGFDJ66DA,,42.83,本共有部分之項目有停車空間、蓄水池、消防泵浦室、雨水、污水機房、梯間、發電機房、台電配電場所、電信室、儲藏室、管委會使用空間、車道、垃圾儲藏室、機械室、水箱等１５項,鋼筋混凝土造,114年10月17日,九層,,持分移轉
RPQNMLOLJIKGFCJ38DA,,79.18,集合住宅,鋼筋混凝土造,114年10月15日,七層,三層 陽台,全筆移轉
RPQNMLOLJIKGFCJ38DA,,31.48,共用部分之項目：管委會空間、停車空間、樓梯間、機械室等四項,鋼筋混凝土造,114年10月15日,七層,,持分移轉
RPSPMLNLJHLGFDJ78DA,,55.68,集合住宅,鋼筋混凝土造,114年10月17日,九層,八層 陽台,全筆移轉
RPSPMLNLJHLGFDJ78DA,,42.83,本共有部分之項目有停車空間、蓄水池、消防泵浦室、雨水、污水機房、梯間、發電機房、台電配電場所、電信室、儲藏室、管委會使用空間、車道、垃圾儲藏室、機械室、水箱等１５項,鋼筋混凝土造,114年10月17日,九層,,持分移轉
RPPPMLNLJHLGFDJ48DA,,78.17,集合住宅,鋼筋混凝土造,114年10月17日,九層,六層 陽台,全筆移轉
RPPPMLNLJHLGFDJ48DA,,69.02,本共有部分之項目有停車空間、蓄水池、消防泵浦室、雨水、污水機房、梯間、發電機房、台電配電場所、電信室、儲藏室、管委會使用空間、車道、垃圾儲藏室、機械室、水箱等１５項,鋼筋混凝土造,114年10月17日,九層,,持分移轉
RPXPMLRJIIKGFDJ76DA,,62.43,一般事務所,鋼筋混凝土造,114年10月17日,九層,二層 陽台,全筆移轉
RPXPMLRJIIKGFDJ76DA,,46.23,本共有部分之項目有停車空間、蓄水池、消防泵浦室、雨水、污水機房、梯間、發電機房、台電配電場所、電信室、儲藏室、管委會使用空間、車道、垃圾儲藏室、機械室、水箱等１５項,鋼筋混凝土造,114年10月17日,九層,,持分移轉
RPPNMLMJKIKGFCJ97DA,,79.96,店舖,鋼筋混凝土造,114年10月7日,十五層,一層 陽台,全筆移轉
RPPNMLMJKIKGFCJ97DA,,69.11,本共有部分項目有：集合住宅（附屬開放空間、公共服務空間、管委會使用空間、車道、梯間）、梯間、機械室、水箱、停車空間、發電機室、台電配電場所、垃圾貯存空間、電信室、蓄水池、汙雨水回收機房、消防泵埔室等１６項,鋼筋混凝土造,114年10月7日,十五層,,持分移轉
RPSNMLSJKIKGFBJ78DA,,255.44,集合住宅、梯間,鋼筋混凝土造,114年3月27日,三層,一層 二層 三層 陽台 見其他登記事項,全筆移轉
RPVNMLSJKIKGFCJ56DA,,76.95,集合住宅,鋼筋混凝土造,114年10月7日,十五層,五層 陽台,全筆移轉
RPVNMLSJKIKGFCJ56DA,,67.63,本共有部分項目有：集合住宅（附屬開放空間、公共服務空間、管委會使用空間、車道、梯間）、梯間、機械室、水箱、停車空間、發電機室、台電配電場所、垃圾貯存空間、電信室、蓄水池、汙雨水回收機房、消防泵埔室等１６項,鋼筋混凝土造,114年10月7日,十五層,,持分移轉
RPROMLLLJIKGFBJ18DA,,155.75,集合住宅,鋼筋混凝土造,114年10月8日,十九層,五層 陽台 雨遮,全筆移轉
RPROMLLLJIKGFBJ18DA,,136.20,本共有部分之項目有：防空避難室兼停車空間、停車空間、管理室、公共服務空間、儲藏室、電梯間、樓梯間、機房、消防中繼水箱、機械室、水箱等十一項。,鋼筋混凝土造,114年10月8日,十九層,,持分移轉
RPTQMLRJIIKGFDJ09DA,,62.43,一般事務所,鋼筋混凝土造,114年10月17日,九層,八層 陽台,全筆移轉
RPTQMLRJIIKGFDJ09DA,,51.99,本共有部分之項目有停車空間、蓄水池、消防泵浦室、雨水、污水機房、梯間、發電機房、台電配電場所、電信室、儲藏室、管委會使用空間、車道、垃圾儲藏室、機械室、水箱等１５項,鋼筋混凝土造,114年10月17日,九層,,持分移轉
RPPPMLPJQHKGFCJ98DA,,72.80,集合住宅,鋼筋混凝土造,114年9月30日,七層,四層 陽台,全筆移轉
RPPPMLPJQHKGFCJ98DA,,52.00,共有部分主要用途項目有：機房、水箱、停車空間、樓梯間、昇降機房、消防水箱等６項,鋼筋混凝土造,114年9月30日,七層,,持分移轉
RPXNMLSKKIKGFCJ86DA,,83.05,集合住宅,鋼筋混凝土造,114年10月7日,十五層,六層 陽台,全筆移轉
RPXNMLSKKIKGFCJ86DA,,99.44,本共有部分項目有：集合住宅（附屬開放空間、公共服務空間、管委會使用空間、車道、梯間）、梯間、機械室、水箱、停車空間、發電機室、台電配電場所、垃圾貯存空間、電信室、蓄水池、汙雨水回收機房、消防泵埔室等１６項,鋼筋混凝土造,114年10月7日,十五層,,持分移轉
RPQRMLLLJIKGFBJ38DA,,193.03,集合住宅、停車空間,鋼筋混凝土造,114年7月18日,四層,一層 二層 三層 四層 陽台,全筆移轉
RPVNMLMJKIKGFBJ48DA,4,1.17,警衛室,鋼筋混凝土造,108年3月28日,四層,一層 二層 三層 四層 陽台 雨遮,持分移轉
RPVNMLMJKIKGFBJ48DA,3,4.10,停車空間、社區中心、樓梯間,鋼筋混凝土造,109年7月8日,三層,一層 二層 三層 屋頂突出物 地下一層,持分移轉
RPVNMLMJKIKGFBJ48DA,,257.39,停車空間、集合住宅,鋼筋混凝土造,114年9月18日,四層,一層 二層 三層 四層 陽台,全筆移轉
RPVNMLPLJIKGFCJ98DA,,86.15,集合住宅,鋼筋混凝土造,114年10月15日,七層,二層 陽台,全筆移轉
RPVNMLPLJIKGFCJ98DA,,33.84,共用部分之項目：管委會空間、停車空間、樓梯間、機械室等四項,鋼筋混凝土造,114年10月15日,七層,,持分移轉
RPXOMLOLJIKGFCJ56DA,,84.08,集合住宅,鋼筋混凝土造,114年10月15日,七層,五層 陽台,全筆移轉
RPSNMLMJKIKGFBJ18DA,4,1.17,警衛室,鋼筋混凝土造,108年3月28日,四層,一層 二層 三層 四層 陽台 雨遮,持分移轉
RPXOMLOLJIKGFCJ56DA,,33.14,共用部分之項目：管委會空間、停車空間、樓梯間、機械室等四項,鋼筋混凝土造,114年10月15日,七層,,持分移轉
RPSNMLMJKIKGFBJ18DA,3,4.10,停車空間、社區中心、樓梯間,鋼筋混凝土造,109年7月8日,三層,一層 二層 三層 屋頂突出物 地下一層,持分移轉
RPSNMLMJKIKGFBJ18DA,,257.39,停車空間、集合住宅,鋼筋混凝土造,114年9月18日,四層,一層 二層 三層 四層 陽台,全筆移轉
RPTNMLMJKIKGFBJ28DA,4,1.17,警衛室,鋼筋混凝土造,108年3月28日,四層,一層 二層 三層 四層 陽台 雨遮,持分移轉
RPTNMLMJKIKGFBJ28DA,3,4.10,停車空間、社區中心、樓梯間,鋼筋混凝土造,109年7月8日,三層,一層 二層 三層 屋頂突出物 地下一層,持分移轉
RPTNMLMJKIKGFBJ28DA,,257.39,停車空間、集合住宅,鋼筋混凝土造,114年9月18日,四層,一層 二層 三層 四層 陽台,全筆移轉
RPSSMLSJKIKGFBJ66DA,,255.44,集合住宅、梯間,鋼筋混凝土造,114年3月27日,三層,一層 二層 三層 陽台 見其他登記事項,全筆移轉
RPWNMLLLJIKGFCJ68DA,,81.17,集合住宅,鋼筋混凝土造,114年10月15日,七層,三層 陽台,全筆移轉
RPQOMLOLJIKGFCJ48DA,,86.15,集合住宅,鋼筋混凝土造,114年10月15日,七層,五層 陽台,全筆移轉
RPWRMLLLJIKGFBJ98DA,,187.28,集合住宅、停車空間,鋼筋混凝土造,114年7月18日,四層,一層 二層 三層 四層 陽台,全筆移轉
RPQOMLOLJIKGFCJ48DA,,33.84,共用部分之項目：管委會空間、停車空間、樓梯間、機械室等四項,鋼筋混凝土造,114年10月15日,七層,,持分移轉
RPWNMLLLJIKGFCJ68DA,,44.97,共用部分之項目：管委會空間、停車空間、樓梯間、機械室等四項,鋼筋混凝土造,114年10月15日,七層,,持分移轉
RPTNMLTJJHLGFCJ98DA,,54.87,集合住宅,鋼筋混凝土造,114年10月7日,十四層,五層 陽台,全筆移轉
RPTNMLTJJHLGFCJ98DA,,56.46,本共有部分項目有：集合住宅（附屬開放空間、公共服務空間、管委會使用空間、車道、梯間）、梯間、機械室、水箱、停車空間、發電機室、台電配電場所、垃圾貯存空間、電信室、蓄水池、汙雨水回收機房、消防泵埔室等１６項,鋼筋混凝土造,114年10月7日,十五層,,持分移轉
RPPQMLPJQHKGFCJ09DA,,72.71,集合住宅,鋼筋混凝土造,114年9月30日,七層,七層 陽台,全筆移轉
RPPQMLPJQHKGFCJ09DA,,53.41,共有部分主要用途項目有：機房、水箱、停車空間、樓梯間、昇降機房、消防水箱等６項,鋼筋混凝土造,114年9月30日,七層,,持分移轉
RPTPMLOLJIKGFCJ88DA,,79.18,集合住宅,鋼筋混凝土造,114年10月15日,七層,六層 陽台,全筆移轉
RPTPMLOLJIKGFCJ88DA,,31.47,共用部分之項目：管委會空間、停車空間、樓梯間、機械室等四項,鋼筋混凝土造,114年10月15日,七層,,持分移轉
RPQSMLLLJIKGFBJ48DA,,187.28,集合住宅、停車空間,鋼筋混凝土造,114年7月18日,四層,一層 二層 三層 四層 陽台,全筆移轉
RPXQMLLLJIKGFBJ98DA,,216.64,集合住宅、停車空間,鋼筋混凝土造,114年7月18日,四層,一層 二層 三層 四層 陽台,全筆移轉
RPTSMLLLJIKGFBJ78DA,,205.76,集合住宅、停車空間,鋼筋混凝土造,114年7月18日,四層,一層 二層 三層 四層 陽台,全筆移轉
RPTNMLQKJHLGFCJ88EA,,72.80,集合住宅,鋼筋混凝土造,114年9月30日,七層,六層 陽台,全筆移轉
RPTNMLQKJHLGFCJ88EA,,52.00,共有部分主要用途項目有：機房、水箱、停車空間、樓梯間、昇降機房、消防水箱等６項,鋼筋混凝土造,114年9月30日,七層,,持分移轉
RPVOMLPLJIKGFBJ98DA,,193.97,集合住宅、停車空間,鋼筋混凝土造,114年7月18日,四層,一層 二層 三層 四層 陽台,全筆移轉
RPVQMLLLJIKGFBJ78DA,,193.03,集合住宅、停車空間,鋼筋混凝土造,114年7月18日,四層,一層 二層 三層 四層 陽台,全筆移轉
RPUOMLOLJIKGFCJ88DA,,79.18,集合住宅,鋼筋混凝土造,114年10月15日,七層,五層 陽台,全筆移轉
RPUOMLOLJIKGFCJ88DA,,31.47,共用部分之項目：管委會空間、停車空間、樓梯間、機械室等四項,鋼筋混凝土造,114年10月15日,七層,,持分移轉
RPRPMLKMKIKGFBJ38DA,,85.20,集合住宅,鋼筋混凝土造,114年10月28日,七層,七層 陽台,全筆移轉
RPRPMLKMKIKGFBJ38DA,,85.62,本共有部分之項目有防空避難室兼停車空間、停車空間、管理委員會使用空間、樓梯間、水箱、機械室等六項。,鋼筋混凝土造,114年10月28日,七層,,持分移轉
RPSNMLRKKIKGFBJ78DA,,196.00,集合住宅、停車空間,鋼筋混凝土造,114年7月18日,四層,一層 二層 三層 四層 陽台,全筆移轉
RPXNMLLMKIKGFBJ88DA,,84.46,集合住宅,鋼筋混凝土造,114年12月4日,十三層,五層 陽台,全筆移轉
RPORMLLLJIKGFBJ18DA,,195.88,集合住宅、停車空間,鋼筋混凝土造,114年7月18日,四層,一層 二層 三層 四層 陽台,全筆移轉
RPXNMLLMKIKGFBJ88DA,,50.81,本共有部分之項目有防空避難室兼停車空間、停車空間等二項。,鋼筋混凝土造,114年12月4日,十三層,,持分移轉
RPXNMLLMKIKGFBJ88DA,,18.87,本共有部分之項目有電梯機房、水箱等二項。,鋼筋混凝土造,114年12月4日,十三層,,持分移轉
RPTQMLLLJIKGFBJ58DA,,193.03,集合住宅、停車空間,鋼筋混凝土造,114年7月18日,四層,一層 二層 三層 四層 陽台,全筆移轉
RPUNMLLLJIKGFCJ48DA,,84.27,集合住宅,鋼筋混凝土造,114年10月15日,七層,三層 陽台,全筆移轉
RPOPMLOLJIKGFCJ38DA,,84.27,集合住宅,鋼筋混凝土造,114年10月15日,七層,六層 陽台,全筆移轉
RPUNMLLLJIKGFCJ48DA,,33.20,共用部分之項目：管委會空間、停車空間、樓梯間、機械室等四項,鋼筋混凝土造,114年10月15日,七層,,持分移轉
RPOPMLOLJIKGFCJ38DA,,33.20,共用部分之項目：管委會空間、停車空間、樓梯間、機械室等四項,鋼筋混凝土造,114年10月15日,七層,,持分移轉
RPTOMLMJKIKGFBJ38DA,4,1.17,警衛室,鋼筋混凝土造,108年3月28日,四層,一層 二層 三層 四層 陽台 雨遮,持分移轉
RPTOMLMJKIKGFBJ38DA,3,4.10,停車空間、社區中心、樓梯間,鋼筋混凝土造,109年7月8日,三層,一層 二層 三層 屋頂突出物 地下一層,持分移轉
RPTOMLMJKIKGFBJ38DA,,257.39,停車空間、集合住宅,鋼筋混凝土造,114年9月18日,四層,一層 二層 三層 四層 陽台,全筆移轉
RPTNMLRKKIKGFBJ88DA,,252.67,集合住宅、停車空間,鋼筋混凝土造,114年7月18日,四層,一層 二層 三層 四層 陽台,全筆移轉
RPXNMLMLKIKGFBJ88DA,4,1.17,警衛室,鋼筋混凝土造,108年3月28日,四層,一層 二層 三層 四層 陽台 雨遮,持分移轉
RPXNMLMLKIKGFBJ88DA,3,4.10,停車空間、社區中心、樓梯間,鋼筋混凝土造,109年7月8日,三層,一層 二層 三層 屋頂突出物 地下一層,持分移轉
RPXNMLMLKIKGFBJ88DA,,257.39,停車空間、集合住宅,鋼筋混凝土造,114年10月21日,四層,一層 二層 三層 四層 陽台,全筆移轉
RPURMLLLJIKGFBJ78DA,,195.28,集合住宅、停車空間,鋼筋混凝土造,114年7月18日,四層,一層 二層 三層 四層 陽台,全筆移轉
RPTPMLSJKIKGFBJ09DA,,79.45,集合住宅,鋼筋混凝土造,114年12月10日,十五層,十一層 陽台,全筆移轉
RPTPMLSJKIKGFBJ09DA,,95.49,本共有部分之項目有防空避難室兼停車空間、停車空間、車道、管委會、樓梯間、水箱、機械室等七項。,鋼筋混凝土造,114年12月10日,十五層,,持分移轉
RPROMLMLKIKGFBJ38DA,4,1.17,警衛室,鋼筋混凝土造,108年3月28日,四層,一層 二層 三層 四層 陽台 雨遮,持分移轉
RPROMLMLKIKGFBJ38DA,3,4.10,停車空間、社區中心、樓梯間,鋼筋混凝土造,109年7月8日,三層,一層 二層 三層 屋頂突出物 地下一層,持分移轉
RPROMLMLKIKGFBJ38DA,,260.98,停車空間、集合住宅,鋼筋混凝土造,114年10月21日,四層,一層 二層 三層 四層 陽台,全筆移轉
RPRNMLMJKHLGFBJ08DA,,79.45,集合住宅,鋼筋混凝土造,114年12月10日,十五層,二層 陽台,全筆移轉
RPSOMLQJKHLGFBJ68DA,,51.90,集合住宅,鋼筋混凝土造,114年12月10日,十五層,十二層 陽台,全筆移轉
RPRNMLMJKHLGFBJ08DA,,95.29,本共有部分之項目有防空避難室兼停車空間、停車空間、車道、管委會、樓梯間、水箱、機械室等七項。,鋼筋混凝土造,114年12月10日,十五層,,持分移轉
RPTPMLMJKHLGFBJ48DA,,62.00,集合住宅,鋼筋混凝土造,114年12月10日,十五層,十層 陽台,全筆移轉
RPSOMLQJKHLGFBJ68DA,,52.21,本共有部分之項目有防空避難室兼停車空間、停車空間、車道、管委會、樓梯間、水箱、機械室等七項。,鋼筋混凝土造,114年12月10日,十五層,,持分移轉
RPTPMLMJKHLGFBJ48DA,,59.57,本共有部分之項目有防空避難室兼停車空間、停車空間、車道、管委會、樓梯間、水箱、機械室等七項。,鋼筋混凝土造,114年12月10日,十五層,,持分移轉
RPUNMLMLKIKGFBJ58DA,4,1.17,警衛室,鋼筋混凝土造,108年3月28日,四層,一層 二層 三層 四層 陽台 雨遮,持分移轉
RPUNMLMLKIKGFBJ58DA,3,4.10,停車空間、社區中心、樓梯間,鋼筋混凝土造,109年7月8日,三層,一層 二層 三層 屋頂突出物 地下一層,持分移轉
RPUNMLMLKIKGFBJ58DA,,260.98,停車空間、集合住宅,鋼筋混凝土造,114年10月21日,四層,一層 二層 三層 四層 陽台,全筆移轉
RPQPMLLMLHKGFBJ38DA,,74.81,集合住宅,鋼筋混凝土造,114年4月28日,十五層,十一層 陽台,全筆移轉
RPQPMLLMLHKGFBJ38DA,,50.04,本共有部分之項目有防空避難室兼停車空間、騎樓（連續性前廊）、停車空間、樓電梯間、管委會空間等五項。,鋼筋混凝土造,114年4月28日,十五層,,持分移轉
RPQPMLLMLHKGFBJ38DA,,17.12,本共有部分之項目有梯間、消防水池、水錶區、電梯機械室、水箱等五項。,鋼筋混凝土造,114年4月28日,十五層,,持分移轉
RPWNMLMJKHLGFCJ68DA,,81.21,集合住宅,鋼筋混凝土造,114年6月16日,九層,八層 陽台,全筆移轉
RPWNMLMJKHLGFCJ68DA,,36.39,本共有部分之項目：防空避難室兼停車空間、（第一層停車編號１～１１號、地下一層停車編號１２～２４號）、車道等二項,鋼筋混凝土造,114年6月16日,九層,,持分移轉
RPWNMLMJKHLGFCJ68DA,,28.62,本共有部分之項目：梯廳、梯間、警衛室、發電機房、配電室、水箱、消防機房、污水機房、電信室等九項,鋼筋混凝土造,114年6月16日,九層,,持分移轉
RPOOMLMJKHLGFCJ97DA,,76.15,集合住宅,鋼筋混凝土造,114年6月16日,九層,九層 陽台,全筆移轉
RPOOMLMJKHLGFCJ97DA,,33.99,本共有部分之項目：防空避難室兼停車空間、（第一層停車編號１～１１號、地下一層停車編號１２～２４號）、車道等二項,鋼筋混凝土造,114年6月16日,九層,,持分移轉
RPOOMLMJKHLGFCJ97DA,,26.74,本共有部分之項目：梯廳、梯間、警衛室、發電機房、配電室、水箱、消防機房、污水機房、電信室等九項,鋼筋混凝土造,114年6月16日,九層,,持分移轉
RPXNMLMJKHLGFCJ78DA,,81.55,集合住宅,鋼筋混凝土造,114年6月16日,九層,八層 陽台,全筆移轉
RPXNMLMJKHLGFCJ78DA,,36.35,本共有部分之項目：防空避難室兼停車空間、（第一層停車編號１～１１號、地下一層停車編號１２～２４號）、車道等二項,鋼筋混凝土造,114年6月16日,九層,,持分移轉
RPXNMLMJKHLGFCJ78DA,,28.60,本共有部分之項目：梯廳、梯間、警衛室、發電機房、配電室、水箱、消防機房、污水機房、電信室等九項,鋼筋混凝土造,114年6月16日,九層,,持分移轉
RPTRMLQJKHLGFBJ09DA,,79.45,集合住宅,鋼筋混凝土造,114年12月10日,十五層,九層 陽台,全筆移轉
RPTRMLQJKHLGFBJ09DA,,95.29,本共有部分之項目有防空避難室兼停車空間、停車空間、車道、管委會、樓梯間、水箱、機械室等七項。,鋼筋混凝土造,114年12月10日,十五層,,持分移轉
RPOQMLOJJIKGFBJ18DA,,113.47,集合住宅,鋼筋混凝土造,114年8月19日,十七層,六層 陽台,全筆移轉
RPOQMLOJJIKGFBJ18DA,,100.55,本共有部分之項目有停車空間、防空避難室、公共服務空間、梯間、水箱、機械室等六項。,鋼筋混凝土造,114年8月19日,十七層,,持分移轉
RPUOMLMJKIKGFBJ48DA,4,1.17,警衛室,鋼筋混凝土造,108年3月28日,四層,一層 二層 三層 四層 陽台 雨遮,持分移轉
RPUOMLMJKIKGFBJ48DA,3,4.10,停車空間、社區中心、樓梯間,鋼筋混凝土造,109年7月8日,三層,一層 二層 三層 屋頂突出物 地下一層,持分移轉
RPUOMLMJKIKGFBJ48DA,,257.39,停車空間、集合住宅,鋼筋混凝土造,114年9月18日,四層,一層 二層 三層 四層 陽台,全筆移轉
RPROMLQJKHLGFBJ58DA,,51.90,集合住宅,鋼筋混凝土造,114年12月10日,十五層,十一層 陽台,全筆移轉
RPROMLQJKHLGFBJ58DA,,80.67,本共有部分之項目有防空避難室兼停車空間、停車空間、車道、管委會、樓梯間、水箱、機械室等七項。,鋼筋混凝土造,114年12月10日,十五層,,持分移轉
RPWNMLMLKIKGFBJ78DA,4,1.17,警衛室,鋼筋混凝土造,108年3月28日,四層,一層 二層 三層 四層 陽台 雨遮,持分移轉
RPWNMLMLKIKGFBJ78DA,3,4.10,停車空間、社區中心、樓梯間,鋼筋混凝土造,109年7月8日,三層,一層 二層 三層 屋頂突出物 地下一層,持分移轉
RPWNMLMLKIKGFBJ78DA,,257.39,停車空間、集合住宅,鋼筋混凝土造,114年10月21日,四層,一層 二層 三層 四層 陽台,全筆移轉
RPSOMLMLKIKGFBJ48DA,4,1.17,警衛室,鋼筋混凝土造,108年3月28日,四層,一層 二層 三層 四層 陽台 雨遮,持分移轉
RPSOMLMLKIKGFBJ48DA,3,4.10,停車空間、社區中心、樓梯間,鋼筋混凝土造,109年7月8日,三層,一層 二層 三層 屋頂突出物 地下一層,持分移轉
RPWNMLOLKIKGFBJ98DA,,84.84,集合住宅,鋼筋混凝土造,114年10月28日,七層,三層 陽台,全筆移轉
RPSOMLMLKIKGFBJ48DA,,260.98,停車空間、集合住宅,鋼筋混凝土造,114年10月21日,四層,一層 二層 三層 四層 陽台,全筆移轉
RPWNMLOLKIKGFBJ98DA,,64.33,本共有部分之項目有防空避難室兼停車空間、停車空間、管理委員會使用空間、樓梯間、水箱、機械室等六項。,鋼筋混凝土造,114年10月28日,七層,,持分移轉
RPOOMLOLKIKGFBJ28DA,,85.20,集合住宅,鋼筋混凝土造,114年10月28日,七層,四層 陽台,全筆移轉
RPOOMLOLKIKGFBJ28DA,,64.20,本共有部分之項目有防空避難室兼停車空間、停車空間、管理委員會使用空間、樓梯間、水箱、機械室等六項。,鋼筋混凝土造,114年10月28日,七層,,持分移轉
RPVNMLOLKIKGFBJ88DA,,81.68,集合住宅,鋼筋混凝土造,114年10月28日,七層,三層 陽台,全筆移轉
RPPOMLMLKIKGFBJ18DA,4,1.17,警衛室,鋼筋混凝土造,108年3月28日,四層,一層 二層 三層 四層 陽台 雨遮,持分移轉
RPVNMLOLKIKGFBJ88DA,,62.70,本共有部分之項目有防空避難室兼停車空間、停車空間、管理委員會使用空間、樓梯間、水箱、機械室等六項。,鋼筋混凝土造,114年10月28日,七層,,持分移轉
RPPOMLMLKIKGFBJ18DA,3,4.10,停車空間、社區中心、樓梯間,鋼筋混凝土造,109年7月8日,三層,一層 二層 三層 屋頂突出物 地下一層,持分移轉
RPPOMLMLKIKGFBJ18DA,,257.39,停車空間、集合住宅,鋼筋混凝土造,114年10月21日,四層,一層 二層 三層 四層 陽台,全筆移轉
RPOPMLNKIIKGFCJ08DA,,38.49,集合住宅,鋼筋混凝土造,114年7月30日,十四層,四層 陽台,全筆移轉
RPOPMLNKIIKGFCJ08DA,,45.95,共有部分主要用途有：停車空間、消防機房、水箱、電信室、台電配電室、發電機室、垃圾貯存空間、管委會、公共服務空間等９項,鋼筋混凝土造,114年7月30日,十四層,,持分移轉
RPOPMLNKIIKGFCJ08DA,,9.51,共有部分主要用途有：梯間、水箱、電梯機房等３項,鋼筋混凝土造,114年7月30日,十四層,,持分移轉
RPUOMLKLIIKGFCJ38DA,,67.48,集合住宅,鋼筋混凝土造,114年7月30日,十四層,十三層 陽台,全筆移轉
RPUOMLKLIIKGFCJ38DA,,52.79,共有部分主要用途有：停車空間、消防機房、水箱、電信室、台電配電室、發電機室、垃圾貯存空間、管委會、公共服務空間等９項,鋼筋混凝土造,114年7月30日,十四層,,持分移轉
RPUOMLKLIIKGFCJ38DA,,16.68,共有部分主要用途有：梯間、水箱、電梯機房等３項,鋼筋混凝土造,114年7月30日,十四層,,持分移轉
RPVNMLPLJHLGFDJ09DA,,90.51,集合住宅,鋼筋混凝土造,114年12月3日,十層,六層 陽台,全筆移轉
RPVNMLPLJHLGFDJ09DA,,37.16,本共有部分之項目有停車空間、機械室、集合住宅、樓梯間、電梯間等５項,鋼筋混凝土造,114年12月3日,十層,,持分移轉
RPQNMLPLJHLGFDJ58DA,,69.85,集合住宅,鋼筋混凝土造,114年12月3日,十層,三層 陽台,全筆移轉
RPQNMLPLJHLGFDJ58DA,,28.66,本共有部分之項目有停車空間、機械室、集合住宅、樓梯間、電梯間等５項,鋼筋混凝土造,114年12月3日,十層,,持分移轉
RPOOMLMJJHLGFBJ77DA,,328.61,集合住宅、停車空間、樓梯間,鋼筋混凝土造,114年9月3日,三層,一層 二層 三層 陽台 地下一層 見其他登記事項,全筆移轉
RPUNMLPLJIKGFCJ88DA,,84.27,集合住宅,鋼筋混凝土造,114年10月15日,七層,四層 陽台,全筆移轉
RPUNMLPLJIKGFCJ88DA,,33.36,共用部分之項目：管委會空間、停車空間、樓梯間、機械室等四項,鋼筋混凝土造,114年10月15日,七層,,持分移轉
RPOOMLPLJHLGFDJ48DA,,69.85,集合住宅,鋼筋混凝土造,114年12月3日,十層,七層 陽台,全筆移轉
RPOOMLPLJHLGFDJ48DA,,28.66,本共有部分之項目有停車空間、機械室、集合住宅、樓梯間、電梯間等５項,鋼筋混凝土造,114年12月3日,十層,,持分移轉
RPTNMLOLKIJGFDJ78DA,,203.37,集合住宅、停車空間,鋼筋混凝土造,114年1月7日,四層,一層 二層 三層 四層 陽台,全筆移轉
RPOQMLKLIIKGFCJ97DA,,69.30,集合住宅,鋼筋混凝土造,114年7月30日,十四層,二層 陽台,全筆移轉
RPTNMLOLKIJGFDJ78DA,,.37,管委會、電信室,鋼筋混凝土造,114年1月7日,一層,一層,持分移轉
RPOQMLKLIIKGFCJ97DA,,52.14,共有部分主要用途有：停車空間、消防機房、水箱、電信室、台電配電室、發電機室、垃圾貯存空間、管委會、公共服務空間等９項,鋼筋混凝土造,114年7月30日,十四層,,持分移轉
RPOQMLKLIIKGFCJ97DA,,17.13,共有部分主要用途有：梯間、水箱、電梯機房等３項,鋼筋混凝土造,114年7月30日,十四層,,持分移轉
RPROMLMJKIKGFBJ18DA,4,1.17,警衛室,鋼筋混凝土造,108年3月28日,四層,一層 二層 三層 四層 陽台 雨遮,持分移轉
RPROMLMJKIKGFBJ18DA,3,4.10,停車空間、社區中心、樓梯間,鋼筋混凝土造,109年7月8日,三層,一層 二層 三層 屋頂突出物 地下一層,持分移轉
RPROMLMJKIKGFBJ18DA,,257.39,停車空間、集合住宅,鋼筋混凝土造,114年9月18日,四層,一層 二層 三層 四層 陽台,全筆移轉
RPWOMLLLJIKGFBJ68DA,,155.75,集合住宅,鋼筋混凝土造,114年10月8日,十九層,九層 陽台 雨遮,全筆移轉
RPWOMLLLJIKGFBJ68DA,,135.08,本共有部分之項目有：防空避難室兼停車空間、停車空間、管理室、公共服務空間、儲藏室、電梯間、樓梯間、機房、消防中繼水箱、機械室、水箱等十一項。,鋼筋混凝土造,114年10月8日,十九層,,持分移轉
RPVOMLMJKIKGFBJ58DA,4,1.17,警衛室,鋼筋混凝土造,108年3月28日,四層,一層 二層 三層 四層 陽台 雨遮,持分移轉
RPVOMLMJKIKGFBJ58DA,3,4.10,停車空間、社區中心、樓梯間,鋼筋混凝土造,109年7月8日,三層,一層 二層 三層 屋頂突出物 地下一層,持分移轉
RPVOMLMJKIKGFBJ58DA,,257.39,停車空間、集合住宅,鋼筋混凝土造,114年9月18日,四層,一層 二層 三層 四層 陽台,全筆移轉
RPWOMLMJKIKGFBJ68DA,4,1.17,警衛室,鋼筋混凝土造,108年3月28日,四層,一層 二層 三層 四層 陽台 雨遮,持分移轉
RPWOMLMJKIKGFBJ68DA,3,4.10,停車空間、社區中心、樓梯間,鋼筋混凝土造,109年7月8日,三層,一層 二層 三層 屋頂突出物 地下一層,持分移轉
RPWOMLMJKIKGFBJ68DA,,257.39,停車空間、集合住宅,鋼筋混凝土造,114年9月18日,四層,一層 二層 三層 四層 陽台,全筆移轉
RPRNMLMJKIKGFBJ08DA,4,1.17,警衛室,鋼筋混凝土造,108年3月28日,四層,一層 二層 三層 四層 陽台 雨遮,持分移轉
RPRNMLMJKIKGFBJ08DA,3,4.10,停車空間、社區中心、樓梯間,鋼筋混凝土造,109年7月8日,三層,一層 二層 三層 屋頂突出物 地下一層,持分移轉
RPTNMLMLKIKGFBJ48DA,4,1.17,警衛室,鋼筋混凝土造,108年3月28日,四層,一層 二層 三層 四層 陽台 雨遮,持分移轉
RPUOMLTLJHLGFDJ86DA,,64.59,集合住宅,鋼筋混凝土造,114年12月16日,十三層,十三層 陽台,全筆移轉
RPTNMLMLKIKGFBJ48DA,3,4.10,停車空間、社區中心、樓梯間,鋼筋混凝土造,109年7月8日,三層,一層 二層 三層 屋頂突出物 地下一層,持分移轉
RPRNMLMJKIKGFBJ08DA,,257.39,停車空間、集合住宅,鋼筋混凝土造,114年9月18日,四層,一層 二層 三層 四層 陽台,全筆移轉
RPUOMLTLJHLGFDJ86DA,,69.34,本共有部分之項目有集合住宅、防空避難室兼停車空間、停車空間、公共服務空間、樓梯間等５項,鋼筋混凝土造,114年12月16日,十三層,,持分移轉
RPQNMLMJKIKGFBJ97DA,4,1.17,警衛室,鋼筋混凝土造,108年3月28日,四層,一層 二層 三層 四層 陽台 雨遮,持分移轉
RPTNMLMLKIKGFBJ48DA,,260.98,停車空間、集合住宅,鋼筋混凝土造,114年10月21日,四層,一層 二層 三層 四層 陽台,全筆移轉
RPQNMLMJKIKGFBJ97DA,3,4.10,停車空間、社區中心、樓梯間,鋼筋混凝土造,109年7月8日,三層,一層 二層 三層 屋頂突出物 地下一層,持分移轉
RPQNMLMJKIKGFBJ97DA,,257.39,停車空間、集合住宅,鋼筋混凝土造,114年9月18日,四層,一層 二層 三層 四層 陽台,全筆移轉
RPVNMLMLKIKGFBJ68DA,4,1.17,警衛室,鋼筋混凝土造,108年3月28日,四層,一層 二層 三層 四層 陽台 雨遮,持分移轉
RPVNMLMLKIKGFBJ68DA,3,4.10,停車空間、社區中心、樓梯間,鋼筋混凝土造,109年7月8日,三層,一層 二層 三層 屋頂突出物 地下一層,持分移轉
RPVNMLMLKIKGFBJ68DA,,260.98,停車空間、集合住宅,鋼筋混凝土造,114年10月21日,四層,一層 二層 三層 四層 陽台,全筆移轉
RPXNMLLKKHLGFBJ68DA,,328.61,集合住宅、停車空間、樓梯間,鋼筋混凝土造,114年9月3日,三層,一層 二層 三層 陽台 地下一層 見其他登記事項,全筆移轉
RPVNMLLLIIKGFCJ48DA,,38.49,集合住宅,鋼筋混凝土造,114年7月30日,十四層,二層 陽台,全筆移轉
RPVNMLLLIIKGFCJ48DA,,45.95,共有部分主要用途有：停車空間、消防機房、水箱、電信室、台電配電室、發電機室、垃圾貯存空間、管委會、公共服務空間等９項,鋼筋混凝土造,114年7月30日,十四層,,持分移轉
RPUOMLLLJIKGFBJ48DA,,155.75,集合住宅,鋼筋混凝土造,114年10月8日,十九層,七層 陽台 雨遮,全筆移轉
RPVNMLLLIIKGFCJ48DA,,9.86,共有部分主要用途有：梯間、水箱、電梯機房等３項,鋼筋混凝土造,114年7月30日,十四層,,持分移轉
RPUOMLLLJIKGFBJ48DA,,136.20,本共有部分之項目有：防空避難室兼停車空間、停車空間、管理室、公共服務空間、儲藏室、電梯間、樓梯間、機房、消防中繼水箱、機械室、水箱等十一項。,鋼筋混凝土造,114年10月8日,十九層,,持分移轉
RPSOMLLLJIKGFBJ28DA,,156.29,集合住宅,鋼筋混凝土造,114年10月8日,十九層,六層 陽台 雨遮,全筆移轉
RPSOMLLLJIKGFBJ28DA,,136.50,本共有部分之項目有：防空避難室兼停車空間、停車空間、管理室、公共服務空間、儲藏室、電梯間、樓梯間、機房、消防中繼水箱、機械室、水箱等十一項。,鋼筋混凝土造,114年10月8日,十九層,,持分移轉
RPTNMLKKKIKGFBJ18DA,,58.57,集合住宅,鋼筋混凝土造,114年9月9日,九層,四層 陽台,全筆移轉
RPTNMLKKKIKGFBJ18DA,,35.02,本共有部分之項目有防空避難室兼停車空間、消防機房、台電配電室、電信室、管委會空間、停車空間等六項。,鋼筋混凝土造,114年9月9日,九層,,持分移轉
RPTNMLKKKIKGFBJ18DA,,12.40,本共有部分之項目有梯間、電梯機房、水箱等三項。,鋼筋混凝土造,114年9月9日,九層,,持分移轉
RPVPMLOLJIKGFCJ09DA,,84.27,集合住宅,鋼筋混凝土造,114年10月15日,七層,七層 陽台,全筆移轉
RPVPMLOLJIKGFCJ09DA,,38.68,共用部分之項目：管委會空間、停車空間、樓梯間、機械室等四項,鋼筋混凝土造,114年10月15日,七層,,持分移轉
RPXPMLOLJIKGFCJ66DA,,61.26,集合住宅,鋼筋混凝土造,114年10月15日,七層,七層 陽台,全筆移轉
RPXPMLOLJIKGFCJ66DA,,25.57,共用部分之項目：管委會空間、停車空間、樓梯間、機械室等四項,鋼筋混凝土造,114年10月15日,七層,,持分移轉
RPVNMLLLJIKGFCJ58DA,,86.15,集合住宅,鋼筋混凝土造,114年10月15日,七層,三層 陽台,全筆移轉
RPPNMLMJKIKGFBJ87DA,4,1.19,警衛室,鋼筋混凝土造,108年3月28日,四層,一層 二層 三層 四層 陽台 雨遮,持分移轉
RPPNMLMJKIKGFBJ87DA,3,4.16,停車空間、社區中心、樓梯間,鋼筋混凝土造,109年7月8日,三層,一層 二層 三層 屋頂突出物 地下一層,持分移轉
RPVNMLLLJIKGFCJ58DA,,34.00,共用部分之項目：管委會空間、停車空間、樓梯間、機械室等四項,鋼筋混凝土造,114年10月15日,七層,,持分移轉
RPPNMLMJKIKGFBJ87DA,,260.43,停車空間、集合住宅,鋼筋混凝土造,114年9月18日,四層,一層 二層 三層 四層 陽台,全筆移轉
RPPOMLOLKIKGFBJ38DA,,84.89,集合住宅,鋼筋混凝土造,114年10月28日,七層,四層 陽台,全筆移轉
RPPOMLOLKIKGFBJ38DA,,64.33,本共有部分之項目有防空避難室兼停車空間、停車空間、管理委員會使用空間、樓梯間、水箱、機械室等六項。,鋼筋混凝土造,114年10月28日,七層,,持分移轉
RPXOMLLLJIKGFBJ78DA,,156.29,集合住宅,鋼筋混凝土造,114年10月8日,十九層,十層 陽台 雨遮,全筆移轉
RPXOMLLLJIKGFBJ78DA,,136.50,本共有部分之項目有：防空避難室兼停車空間、停車空間、管理室、公共服務空間、儲藏室、電梯間、樓梯間、機房、消防中繼水箱、機械室、水箱等十一項。,鋼筋混凝土造,114年10月8日,十九層,,持分移轉
RPPOMLPLJHLGFDJ58DA,,69.85,集合住宅,鋼筋混凝土造,114年12月3日,十層,八層 陽台,全筆移轉
RPPOMLPLJHLGFDJ58DA,,28.66,本共有部分之項目有停車空間、機械室、集合住宅、樓梯間、電梯間等５項,鋼筋混凝土造,114年12月3日,十層,,持分移轉
RPPQMLKLIIKGFCJ08DA,,69.30,集合住宅,鋼筋混凝土造,114年7月30日,十四層,三層 陽台,全筆移轉
RPPQMLKLIIKGFCJ08DA,,53.24,共有部分主要用途有：停車空間、消防機房、水箱、電信室、台電配電室、發電機室、垃圾貯存空間、管委會、公共服務空間等９項,鋼筋混凝土造,114年7月30日,十四層,,持分移轉
RPPQMLKLIIKGFCJ08DA,,17.13,共有部分主要用途有：梯間、水箱、電梯機房等３項,鋼筋混凝土造,114年7月30日,十四層,,持分移轉
RPVSMLLLJIKGFBJ98DA,,156.28,集合住宅,鋼筋混凝土造,114年10月8日,十九層,五層 陽台 雨遮,全筆移轉
RPVSMLLLJIKGFBJ98DA,,135.38,本共有部分之項目有：防空避難室兼停車空間、停車空間、管理室、公共服務空間、儲藏室、電梯間、樓梯間、機房、消防中繼水箱、機械室、水箱等十一項。,鋼筋混凝土造,114年10月8日,十九層,,持分移轉
RPXNMLOLKIKGFBJ09DA,,81.68,集合住宅,鋼筋混凝土造,114年10月28日,七層,四層 陽台,全筆移轉
RPXNMLOLKIKGFBJ09DA,,62.70,本共有部分之項目有防空避難室兼停車空間、停車空間、管理委員會使用空間、樓梯間、水箱、機械室等六項。,鋼筋混凝土造,114年10月28日,七層,,持分移轉
RPWPMLMJKHLGFBJ78DA,,62.00,集合住宅,鋼筋混凝土造,114年12月10日,十五層,十五層 陽台,全筆移轉
RPXNMLOLJIKGFCJ09DA,,79.18,集合住宅,鋼筋混凝土造,114年10月15日,七層,四層 陽台,全筆移轉
RPWPMLMJKHLGFBJ78DA,,85.97,本共有部分之項目有防空避難室兼停車空間、停車空間、車道、管委會、樓梯間、水箱、機械室等七項。,鋼筋混凝土造,114年12月10日,十五層,,持分移轉
RPXNMLOLJIKGFCJ09DA,,31.48,共用部分之項目：管委會空間、停車空間、樓梯間、機械室等四項,鋼筋混凝土造,114年10月15日,七層,,持分移轉
RPSOMLOLKIKGFBJ68DA,,84.89,集合住宅,鋼筋混凝土造,114年10月28日,七層,五層 陽台,全筆移轉
RPSOMLOLKIKGFBJ68DA,,64.33,本共有部分之項目有防空避難室兼停車空間、停車空間、管理委員會使用空間、樓梯間、水箱、機械室等六項。,鋼筋混凝土造,114年10月28日,七層,,持分移轉
RPQOMLOLKIKGFBJ48DA,,81.68,集合住宅,鋼筋混凝土造,114年10月28日,七層,五層 陽台,全筆移轉
RPQOMLOLKIKGFBJ48DA,,62.70,本共有部分之項目有防空避難室兼停車空間、停車空間、管理委員會使用空間、樓梯間、水箱、機械室等六項。,鋼筋混凝土造,114年10月28日,七層,,持分移轉
RPWOMLOLKIKGFBJ09DA,,81.68,集合住宅,鋼筋混凝土造,114年10月28日,七層,七層 陽台,全筆移轉
RPROMLOLKIKGFBJ58DA,,85.20,集合住宅,鋼筋混凝土造,114年10月28日,七層,五層 陽台,全筆移轉
RPWOMLOLKIKGFBJ09DA,,62.70,本共有部分之項目有防空避難室兼停車空間、停車空間、管理委員會使用空間、樓梯間、水箱、機械室等六項。,鋼筋混凝土造,114年10月28日,七層,,持分移轉
RPROMLOLKIKGFBJ58DA,,64.20,本共有部分之項目有防空避難室兼停車空間、停車空間、管理委員會使用空間、樓梯間、水箱、機械室等六項。,鋼筋混凝土造,114年10月28日,七層,,持分移轉
RPROMLMLIIKGFCJ28DA,,84.79,集合住宅,鋼筋混凝土造,114年7月30日,十四層,十一層 陽台,全筆移轉
RPROMLMLIIKGFCJ28DA,,56.89,共有部分主要用途有：停車空間、消防機房、水箱、電信室、台電配電室、發電機室、垃圾貯存空間、管委會、公共服務空間等９項,鋼筋混凝土造,114年7月30日,十四層,,持分移轉
RPSNMLLLJIKGFCJ28DA,,79.18,集合住宅,鋼筋混凝土造,114年10月15日,七層,二層 陽台,全筆移轉
RPROMLMLIIKGFCJ28DA,,21.78,共有部分主要用途有：梯間、水箱、電梯機房等３項,鋼筋混凝土造,114年7月30日,十四層,,持分移轉
RPSNMLLLJIKGFCJ28DA,,31.48,共用部分之項目：管委會空間、停車空間、樓梯間、機械室等四項,鋼筋混凝土造,114年10月15日,七層,,持分移轉
RPPOMLKKKIKGFCJ97DA,,219.26,集合住宅、停車空間、樓梯間,鋼筋混凝土造,114年10月15日,三層,一層 二層 三層 四層 陽台 見其他登記事項,全筆移轉
RPPOMLKKKIKGFCJ97DA,,19.45,共用部分之項目：管委會空間、停車空間、樓梯間、機械室等四項,鋼筋混凝土造,114年10月15日,七層,,持分移轉
RPSNMLPLJIKGFCJ68DA,,84.08,集合住宅,鋼筋混凝土造,114年10月15日,七層,三層 陽台,全筆移轉
RPWNMLOLJIKGFCJ98DA,,61.26,集合住宅,鋼筋混凝土造,114年10月15日,七層,四層 陽台,全筆移轉
RPSNMLPLJIKGFCJ68DA,,40.89,共用部分之項目：管委會空間、停車空間、樓梯間、機械室等四項,鋼筋混凝土造,114年10月15日,七層,,持分移轉
RPWNMLOLJIKGFCJ98DA,,25.57,共用部分之項目：管委會空間、停車空間、樓梯間、機械室等四項,鋼筋混凝土造,114年10月15日,七層,,持分移轉
RPPQMLOLJIKGFCJ58DA,,84.08,集合住宅,鋼筋混凝土造,114年10月15日,七層,七層 陽台,全筆移轉
RPPQMLOLJIKGFCJ58DA,,47.43,共用部分之項目：管委會空間、停車空間、樓梯間、機械室等四項,鋼筋混凝土造,114年10月15日,七層,,持分移轉
RPXNMLLLJIKGFCJ78DA,,61.26,集合住宅,鋼筋混凝土造,114年10月15日,七層,三層 陽台,全筆移轉
RPOOMLKKKIKGFCJ87DA,,81.17,集合住宅,鋼筋混凝土造,114年10月15日,七層,七層 陽台,全筆移轉
RPXNMLLLJIKGFCJ78DA,,25.57,共用部分之項目：管委會空間、停車空間、樓梯間、機械室等四項,鋼筋混凝土造,114年10月15日,七層,,持分移轉
RPOOMLKKKIKGFCJ87DA,,39.91,共用部分之項目：管委會空間、停車空間、樓梯間、機械室等四項,鋼筋混凝土造,114年10月15日,七層,,持分移轉
RPRNMLLLJIKGFCJ18DA,,61.26,集合住宅,鋼筋混凝土造,114年10月15日,七層,二層 陽台,全筆移轉
RPRNMLLLJIKGFCJ18DA,,25.41,共用部分之項目：管委會空間、停車空間、樓梯間、機械室等四項,鋼筋混凝土造,114年10月15日,七層,,持分移轉
RPTOMLOLKIKGFBJ78DA,,81.68,集合住宅,鋼筋混凝土造,114年10月28日,七層,六層 陽台,全筆移轉
RPTOMLOLKIKGFBJ78DA,,62.70,本共有部分之項目有防空避難室兼停車空間、停車空間、管理委員會使用空間、樓梯間、水箱、機械室等六項。,鋼筋混凝土造,114年10月28日,七層,,持分移轉
RPTOMLOLJIKGFCJ78DA,,61.26,集合住宅,鋼筋混凝土造,114年10月15日,七層,五層 陽台,全筆移轉
RPTOMLOLJIKGFCJ78DA,,25.41,共用部分之項目：管委會空間、停車空間、樓梯間、機械室等四項,鋼筋混凝土造,114年10月15日,七層,,持分移轉
RPSOMLMLIIKGFCJ38DA,,84.79,集合住宅,鋼筋混凝土造,114年7月30日,十四層,十二層 陽台,全筆移轉
RPSOMLMLIIKGFCJ38DA,,56.89,共有部分主要用途有：停車空間、消防機房、水箱、電信室、台電配電室、發電機室、垃圾貯存空間、管委會、公共服務空間等９項,鋼筋混凝土造,114年7月30日,十四層,,持分移轉
RPSOMLMLIIKGFCJ38DA,,21.78,共有部分主要用途有：梯間、水箱、電梯機房等３項,鋼筋混凝土造,114年7月30日,十四層,,持分移轉
RPQQMLOLJIKGFCJ68DA,,224.83,集合住宅、停車空間、樓梯間,鋼筋混凝土造,114年10月15日,四層,一層 二層 三層 四層 陽台 見其他登記事項,全筆移轉
RPQQMLOLJIKGFCJ68DA,,20.08,共用部分之項目：管委會空間、停車空間、樓梯間、機械室等四項,鋼筋混凝土造,114年10月15日,七層,,持分移轉
RPUNMLOLKIKGFBJ78DA,,87.81,集合住宅,鋼筋混凝土造,114年10月28日,七層,二層 陽台,全筆移轉
RPUNMLOLKIKGFBJ78DA,,87.40,本共有部分之項目有防空避難室兼停車空間、停車空間、管理委員會使用空間、樓梯間、水箱、機械室等六項。,鋼筋混凝土造,114年10月28日,七層,,持分移轉
RPUPMLOLJIKGFCJ98DA,,84.08,集合住宅,鋼筋混凝土造,114年10月15日,七層,六層 陽台,全筆移轉
RPUPMLOLJIKGFCJ98DA,,33.14,共用部分之項目：管委會空間、停車空間、樓梯間、機械室等四項,鋼筋混凝土造,114年10月15日,七層,,持分移轉
RPVOMLOLKIKGFBJ98DA,,84.89,集合住宅,鋼筋混凝土造,114年10月28日,七層,六層 陽台,全筆移轉
RPVOMLOLKIKGFBJ98DA,,64.33,本共有部分之項目有防空避難室兼停車空間、停車空間、管理委員會使用空間、樓梯間、水箱、機械室等六項。,鋼筋混凝土造,114年10月28日,七層,,持分移轉
RPUOMLOLKIKGFBJ88DA,,85.20,集合住宅,鋼筋混凝土造,114年10月28日,七層,六層 陽台,全筆移轉
RPUOMLOLKIKGFBJ88DA,,64.20,本共有部分之項目有防空避難室兼停車空間、停車空間、管理委員會使用空間、樓梯間、水箱、機械室等六項。,鋼筋混凝土造,114年10月28日,七層,,持分移轉
RPSPMLKMKIKGFBJ48DA,,84.89,集合住宅,鋼筋混凝土造,114年10月28日,七層,七層 陽台,全筆移轉
RPSPMLKMKIKGFBJ48DA,,64.33,本共有部分之項目有防空避難室兼停車空間、停車空間、管理委員會使用空間、樓梯間、水箱、機械室等六項。,鋼筋混凝土造,114年10月28日,七層,,持分移轉
RPTNMLSKJIKGFBJ88DA,,113.47,集合住宅,鋼筋混凝土造,114年8月19日,十七層,十六層 陽台,全筆移轉
RPTNMLSKJIKGFBJ88DA,,100.55,本共有部分之項目有停車空間、防空避難室、公共服務空間、梯間、水箱、機械室等六項。,鋼筋混凝土造,114年8月19日,十七層,,持分移轉
RPOOMLLLJIKGFBJ87DA,,161.94,集合住宅,鋼筋混凝土造,114年10月8日,十九層,二層 陽台 雨遮,全筆移轉
RPOOMLLLJIKGFBJ87DA,,138.21,本共有部分之項目有：防空避難室兼停車空間、停車空間、管理室、公共服務空間、儲藏室、電梯間、樓梯間、機房、消防中繼水箱、機械室、水箱等十一項。,鋼筋混凝土造,114年10月8日,十九層,,持分移轉
RPRRMLNJKHLGFDJ78DA,,88.83,集合住宅,鋼筋混凝土造,114年12月16日,十三層,二層 陽台,全筆移轉
RPRRMLNJKHLGFDJ78DA,,81.81,本共有部分之項目有集合住宅、防空避難室兼停車空間、停車空間、公共服務空間、樓梯間等５項,鋼筋混凝土造,114年12月16日,十三層,,持分移轉
RPVOMLLLJIKGFBJ58DA,,156.29,集合住宅,鋼筋混凝土造,114年10月8日,十九層,八層 陽台 雨遮,全筆移轉
RPVOMLLLJIKGFBJ58DA,,136.50,本共有部分之項目有：防空避難室兼停車空間、停車空間、管理室、公共服務空間、儲藏室、電梯間、樓梯間、機房、消防中繼水箱、機械室、水箱等十一項。,鋼筋混凝土造,114年10月8日,十九層,,持分移轉
RPTNMLNLKIKGFBJ58DA,,79.45,集合住宅,鋼筋混凝土造,114年12月10日,十五層,二層 陽台,全筆移轉
RPTNMLNLKIKGFBJ58DA,,95.29,本共有部分之項目有防空避難室兼停車空間、停車空間、車道、管委會、樓梯間、水箱、機械室等七項。,鋼筋混凝土造,114年12月10日,十五層,,持分移轉
RPVNMLKMIIKGFCJ48DA,,68.20,集合住宅,鋼筋混凝土造,114年7月30日,十四層,四層 陽台,全筆移轉
RPVNMLKMIIKGFCJ48DA,,52.98,共有部分主要用途有：停車空間、消防機房、水箱、電信室、台電配電室、發電機室、垃圾貯存空間、管委會、公共服務空間等９項,鋼筋混凝土造,114年7月30日,十四層,,持分移轉
RPVNMLKMIIKGFCJ48DA,,17.52,共有部分主要用途有：梯間、水箱、電梯機房等３項,鋼筋混凝土造,114年7月30日,十四層,,持分移轉
RPRNMLMJKHLGFCJ18DA,,116.66,店舖,鋼筋混凝土造,114年7月30日,十四層,一層 陽台,全筆移轉
RPRNMLMJKHLGFCJ18DA,,103.30,共有部分主要用途有：停車空間、消防機房、水箱、電信室、台電配電室、發電機室、垃圾貯存空間、管委會、公共服務空間等９項,鋼筋混凝土造,114年7月30日,十四層,,持分移轉
RPRNMLMJKHLGFCJ18DA,,28.74,共有部分主要用途有：梯間、水箱、電梯機房等３項,鋼筋混凝土造,114年7月30日,十四層,,持分移轉
RPPPMLQLJHLGFDJ78DA,,64.59,集合住宅,鋼筋混凝土造,114年12月16日,十三層,十三層 陽台,全筆移轉
RPPPMLQLJHLGFDJ78DA,,69.34,本共有部分之項目有集合住宅、防空避難室兼停車空間、停車空間、公共服務空間、樓梯間等５項,鋼筋混凝土造,114年12月16日,十三層,,持分移轉
RPUTMLLLJIKGFBJ98DA,,156.28,集合住宅,鋼筋混凝土造,114年10月8日,十九層,十三層 陽台 雨遮,全筆移轉
RPUTMLLLJIKGFBJ98DA,,136.50,本共有部分之項目有：防空避難室兼停車空間、停車空間、管理室、公共服務空間、儲藏室、電梯間、樓梯間、機房、消防中繼水箱、機械室、水箱等十一項。,鋼筋混凝土造,114年10月8日,十九層,,持分移轉
RPSNMLOJJIKGFBJ28DA,,113.47,集合住宅,鋼筋混凝土造,114年8月19日,十七層,七層 陽台,全筆移轉
RPSNMLOJJIKGFBJ28DA,,100.55,本共有部分之項目有停車空間、防空避難室、公共服務空間、梯間、水箱、機械室等六項。,鋼筋混凝土造,114年8月19日,十七層,,持分移轉
RPPQMLSJKIKGFBJ78DA,,79.45,集合住宅,鋼筋混凝土造,114年12月10日,十五層,十五層 陽台,全筆移轉
RPPQMLSJKIKGFBJ78DA,,95.29,本共有部分之項目有防空避難室兼停車空間、停車空間、車道、管委會、樓梯間、水箱、機械室等七項。,鋼筋混凝土造,114年12月10日,十五層,,持分移轉
RPROMLSJKIKGFBJ78DA,,79.45,集合住宅,鋼筋混凝土造,114年12月10日,十五層,四層 陽台,全筆移轉
RPROMLSJKIKGFBJ78DA,,93.23,本共有部分之項目有防空避難室兼停車空間、停車空間、車道、管委會、樓梯間、水箱、機械室等七項。,鋼筋混凝土造,114年12月10日,十五層,,持分移轉
RPUPMLKLIIKGFCJ48DA,,68.20,集合住宅,鋼筋混凝土造,114年7月30日,十四層,九層 陽台,全筆移轉
RPUPMLKLIIKGFCJ48DA,,52.98,共有部分主要用途有：停車空間、消防機房、水箱、電信室、台電配電室、發電機室、垃圾貯存空間、管委會、公共服務空間等９項,鋼筋混凝土造,114年7月30日,十四層,,持分移轉
RPUPMLKLIIKGFCJ48DA,,16.85,共有部分主要用途有：梯間、水箱、電梯機房等３項,鋼筋混凝土造,114年7月30日,十四層,,持分移轉
RPXOMLMJKHLGFBJ78DA,,62.00,集合住宅,鋼筋混凝土造,114年12月10日,十五層,四層 陽台,全筆移轉
RPXOMLMJKHLGFBJ78DA,,59.57,本共有部分之項目有防空避難室兼停車空間、停車空間、車道、管委會、樓梯間、水箱、機械室等七項。,鋼筋混凝土造,114年12月10日,十五層,,持分移轉
RPSQMLSJKIKGFBJ09DA,,62.00,集合住宅,鋼筋混凝土造,114年12月10日,十五層,三層 陽台,全筆移轉
RPSQMLSJKIKGFBJ09DA,,59.57,本共有部分之項目有防空避難室兼停車空間、停車空間、車道、管委會、樓梯間、水箱、機械室等七項。,鋼筋混凝土造,114年12月10日,十五層,,持分移轉
RPXQMLQJKHLGFBJ76DA,,79.45,集合住宅,鋼筋混凝土造,114年12月10日,十五層,五層 陽台,全筆移轉
RPXQMLQJKHLGFBJ76DA,,95.29,本共有部分之項目有防空避難室兼停車空間、停車空間、車道、管委會、樓梯間、水箱、機械室等七項。,鋼筋混凝土造,114年12月10日,十五層,,持分移轉
RPXNMLSJKIKGFBJ66DA,,62.00,集合住宅,鋼筋混凝土造,114年12月10日,十五層,二層 陽台,全筆移轉
RPXNMLSJKIKGFBJ66DA,,59.57,本共有部分之項目有防空避難室兼停車空間、停車空間、車道、管委會、樓梯間、水箱、機械室等七項。,鋼筋混凝土造,114年12月10日,十五層,,持分移轉
RPTQMLSJKIKGFBJ56DA,,62.00,集合住宅,鋼筋混凝土造,114年12月10日,十五層,五層 陽台,全筆移轉
RPTQMLSJKIKGFBJ56DA,,59.57,本共有部分之項目有防空避難室兼停車空間、停車空間、車道、管委會、樓梯間、水箱、機械室等七項。,鋼筋混凝土造,114年12月10日,十五層,,持分移轉
RPQQMLOJJIKGFBJ38DA,,92.92,集合住宅,鋼筋混凝土造,114年8月19日,十七層,九層 陽台,全筆移轉
RPQQMLOJJIKGFBJ38DA,,129.27,本共有部分之項目有停車空間、防空避難室、公共服務空間、梯間、水箱、機械室等六項。,鋼筋混凝土造,114年8月19日,十七層,,持分移轉
RPQPMLMJKHLGFBJ18DA,,62.00,集合住宅,鋼筋混凝土造,114年12月10日,十五層,七層 陽台,全筆移轉
RPQPMLMJKHLGFBJ18DA,,59.57,本共有部分之項目有防空避難室兼停車空間、停車空間、車道、管委會、樓梯間、水箱、機械室等七項。,鋼筋混凝土造,114年12月10日,十五層,,持分移轉
RPQNMLOLKIKGFBJ38DA,,79.45,集合住宅,鋼筋混凝土造,114年12月10日,十五層,三層 陽台,全筆移轉
RPQNMLOLKIKGFBJ38DA,,95.29,本共有部分之項目有防空避難室兼停車空間、停車空間、車道、管委會、樓梯間、水箱、機械室等七項。,鋼筋混凝土造,114年12月10日,十五層,,持分移轉
RPPPMLLLJIKGFBJ08DA,,156.29,集合住宅,鋼筋混凝土造,114年10月8日,十九層,十二層 陽台 雨遮,全筆移轉
RPPPMLLLJIKGFBJ08DA,,136.50,本共有部分之項目有：防空避難室兼停車空間、停車空間、管理室、公共服務空間、儲藏室、電梯間、樓梯間、機房、消防中繼水箱、機械室、水箱等十一項。,鋼筋混凝土造,114年10月8日,十九層,,持分移轉
RPPPMLQJKHLGFBJ48DA,,51.90,集合住宅,鋼筋混凝土造,114年12月10日,十五層,二層 陽台,全筆移轉
RPPPMLQJKHLGFBJ48DA,,54.27,本共有部分之項目有防空避難室兼停車空間、停車空間、車道、管委會、樓梯間、水箱、機械室等七項。,鋼筋混凝土造,114年12月10日,十五層,,持分移轉
RPQOMLQJJHLGFBJ38DA,,79.45,集合住宅,鋼筋混凝土造,114年12月10日,十五層,六層 陽台,全筆移轉
RPQOMLQJJHLGFBJ38DA,,95.29,本共有部分之項目有防空避難室兼停車空間、停車空間、車道、管委會、樓梯間、水箱、機械室等七項。,鋼筋混凝土造,114年12月10日,十五層,,持分移轉
RPXSMLLLJIKGFBJ56DA,,156.28,集合住宅,鋼筋混凝土造,114年10月8日,十九層,七層 陽台 雨遮,全筆移轉
RPXSMLLLJIKGFBJ56DA,,135.38,本共有部分之項目有：防空避難室兼停車空間、停車空間、管理室、公共服務空間、儲藏室、電梯間、樓梯間、機房、消防中繼水箱、機械室、水箱等十一項。,鋼筋混凝土造,114年10月8日,十九層,,持分移轉
RPWOMLMJKHLGFBJ68DA,,62.00,集合住宅,鋼筋混凝土造,114年12月10日,十五層,三層 陽台,全筆移轉
RPWOMLMJKHLGFBJ68DA,,59.57,本共有部分之項目有防空避難室兼停車空間、停車空間、車道、管委會、樓梯間、水箱、機械室等七項。,鋼筋混凝土造,114年12月10日,十五層,,持分移轉
RPTOMLOJJIKGFBJ48DA,,92.92,集合住宅,鋼筋混凝土造,114年8月19日,十七層,十層 陽台,全筆移轉
RPTRMLNJKHLGFDJ98DA,,88.83,集合住宅,鋼筋混凝土造,114年12月16日,十三層,四層 陽台,全筆移轉
RPTOMLOJJIKGFBJ48DA,,89.56,本共有部分之項目有停車空間、防空避難室、公共服務空間、梯間、水箱、機械室等六項。,鋼筋混凝土造,114年8月19日,十七層,,持分移轉
RPTRMLNJKHLGFDJ98DA,,85.16,本共有部分之項目有集合住宅、防空避難室兼停車空間、停車空間、公共服務空間、樓梯間等５項,鋼筋混凝土造,114年12月16日,十三層,,持分移轉
RPXNMLTJKHLGFBJ76DA,,79.45,集合住宅,鋼筋混凝土造,114年12月10日,十五層,三層 陽台,全筆移轉
RPXNMLTJKHLGFBJ76DA,,93.23,本共有部分之項目有防空避難室兼停車空間、停車空間、車道、管委會、樓梯間、水箱、機械室等七項。,鋼筋混凝土造,114年12月10日,十五層,,持分移轉
RPQPMLLLJIKGFBJ18DA,,155.75,集合住宅,鋼筋混凝土造,114年10月8日,十九層,十三層 陽台 雨遮,全筆移轉
RPQPMLLLJIKGFBJ18DA,,136.20,本共有部分之項目有：防空避難室兼停車空間、停車空間、管理室、公共服務空間、儲藏室、電梯間、樓梯間、機房、消防中繼水箱、機械室、水箱等十一項。,鋼筋混凝土造,114年10月8日,十九層,,持分移轉
RPXNMLNKIIKGFCJ78DA,,67.17,集合住宅,鋼筋混凝土造,114年7月30日,十四層,五層 陽台,全筆移轉
RPXNMLNKIIKGFCJ78DA,,52.72,共有部分主要用途有：停車空間、消防機房、水箱、電信室、台電配電室、發電機室、垃圾貯存空間、管委會、公共服務空間等９項,鋼筋混凝土造,114年7月30日,十四層,,持分移轉
RPXNMLNKIIKGFCJ78DA,,16.59,共有部分主要用途有：梯間、水箱、電梯機房等３項,鋼筋混凝土造,114年7月30日,十四層,,持分移轉
RPUNMLKLIIKGFCJ28DA,,84.79,集合住宅,鋼筋混凝土造,114年7月30日,十四層,四層 陽台,全筆移轉
RPUNMLKLIIKGFCJ28DA,,56.89,共有部分主要用途有：停車空間、消防機房、水箱、電信室、台電配電室、發電機室、垃圾貯存空間、管委會、公共服務空間等９項,鋼筋混凝土造,114年7月30日,十四層,,持分移轉
RPUNMLKLIIKGFCJ28DA,,20.95,共有部分主要用途有：梯間、水箱、電梯機房等３項,鋼筋混凝土造,114年7月30日,十四層,,持分移轉
RPRSMLLLJIKGFBJ58DA,,140.94,集合住宅,鋼筋混凝土造,114年10月8日,十九層,十八層 陽台 雨遮,全筆移轉
RPRSMLLLJIKGFBJ58DA,,100.14,本共有部分之項目有：防空避難室兼停車空間、停車空間、管理室、公共服務空間、儲藏室、電梯間、樓梯間、機房、消防中繼水箱、機械室、水箱等十一項。,鋼筋混凝土造,114年10月8日,十九層,,持分移轉
RPSSMLLLJIKGFBJ68DA,,140.83,集合住宅,鋼筋混凝土造,114年10月8日,十九層,十九層 陽台 雨遮,全筆移轉
RPSSMLLLJIKGFBJ68DA,,98.95,本共有部分之項目有：防空避難室兼停車空間、停車空間、管理室、公共服務空間、儲藏室、電梯間、樓梯間、機房、消防中繼水箱、機械室、水箱等十一項。,鋼筋混凝土造,114年10月8日,十九層,,持分移轉
RPUQMLLMLHKGFBJ88DA,,57.54,集合住宅,鋼筋混凝土造,114年4月28日,十五層,八層 陽台,全筆移轉
RPUQMLLMLHKGFBJ88DA,,46.31,本共有部分之項目有防空避難室兼停車空間、騎樓（連續性前廊）、停車空間、樓電梯間、管委會空間等五項。,鋼筋混凝土造,114年4月28日,十五層,,持分移轉
RPUQMLLMLHKGFBJ88DA,,13.19,本共有部分之項目有梯間、消防水池、水錶區、電梯機械室、水箱等五項。,鋼筋混凝土造,114年4月28日,十五層,,持分移轉
RPSPMLLLJIKGFBJ38DA,,155.75,集合住宅,鋼筋混凝土造,114年10月8日,十九層,十五層 陽台 雨遮,全筆移轉
RPSPMLLLJIKGFBJ38DA,,135.08,本共有部分之項目有：防空避難室兼停車空間、停車空間、管理室、公共服務空間、儲藏室、電梯間、樓梯間、機房、消防中繼水箱、機械室、水箱等十一項。,鋼筋混凝土造,114年10月8日,十九層,,持分移轉
RPSTMLLLJIKGFBJ78DA,,156.13,集合住宅,鋼筋混凝土造,114年10月8日,十九層,十二層 陽台 雨遮,全筆移轉
RPSTMLLLJIKGFBJ78DA,,136.42,本共有部分之項目有：防空避難室兼停車空間、停車空間、管理室、公共服務空間、儲藏室、電梯間、樓梯間、機房、消防中繼水箱、機械室、水箱等十一項。,鋼筋混凝土造,114年10月8日,十九層,,持分移轉
RPRPMLLLJIKGFBJ28DA,,156.29,集合住宅,鋼筋混凝土造,114年10月8日,十九層,十四層 陽台 雨遮,全筆移轉
RPRPMLLLJIKGFBJ28DA,,136.50,本共有部分之項目有：防空避難室兼停車空間、停車空間、管理室、公共服務空間、儲藏室、電梯間、樓梯間、機房、消防中繼水箱、機械室、水箱等十一項。,鋼筋混凝土造,114年10月8日,十九層,,持分移轉
RPWPMLLLJIKGFBJ78DA,,155.75,集合住宅,鋼筋混凝土造,114年10月8日,十九層,十九層 陽台 雨遮,全筆移轉
RPWPMLLLJIKGFBJ78DA,,136.20,本共有部分之項目有：防空避難室兼停車空間、停車空間、管理室、公共服務空間、儲藏室、電梯間、樓梯間、機房、消防中繼水箱、機械室、水箱等十一項。,鋼筋混凝土造,114年10月8日,十九層,,持分移轉
RPWQMLSJKIKGFBJ86DA,,62.00,集合住宅,鋼筋混凝土造,114年12月10日,十五層,七層 陽台,全筆移轉
RPRQMLSJKIKGFBJ98DA,,62.00,集合住宅,鋼筋混凝土造,114年12月10日,十五層,二層 陽台,全筆移轉
RPWQMLSJKIKGFBJ86DA,,59.57,本共有部分之項目有防空避難室兼停車空間、停車空間、車道、管委會、樓梯間、水箱、機械室等七項。,鋼筋混凝土造,114年12月10日,十五層,,持分移轉
RPRQMLSJKIKGFBJ98DA,,59.57,本共有部分之項目有防空避難室兼停車空間、停車空間、車道、管委會、樓梯間、水箱、機械室等七項。,鋼筋混凝土造,114年12月10日,十五層,,持分移轉
RPRNMLKLJHLGFCJ08DA,,84.79,集合住宅,鋼筋混凝土造,114年7月30日,十四層,七層 陽台,全筆移轉
RPRNMLKLJHLGFCJ08DA,,56.89,共有部分主要用途有：停車空間、消防機房、水箱、電信室、台電配電室、發電機室、垃圾貯存空間、管委會、公共服務空間等９項,鋼筋混凝土造,114年7月30日,十四層,,持分移轉
RPRNMLKLJHLGFCJ08DA,,21.78,共有部分主要用途有：梯間、水箱、電梯機房等３項,鋼筋混凝土造,114年7月30日,十四層,,持分移轉
RPXOMLSLJHLGFDJ07DA,,71.52,集合住宅,鋼筋混凝土造,114年12月16日,十三層,十三層 陽台,全筆移轉
RPXOMLSLJHLGFDJ07DA,,72.84,本共有部分之項目有集合住宅、防空避難室兼停車空間、停車空間、公共服務空間、樓梯間等５項,鋼筋混凝土造,114年12月16日,十三層,,持分移轉
RPRUMLLLJIKGFBJ78DA,,192.18,店舖,鋼筋混凝土造,114年10月8日,十九層,一層 陽台 見其他登記事項,全筆移轉
RPRUMLLLJIKGFBJ78DA,,115.11,本共有部分之項目有：防空避難室兼停車空間、停車空間、管理室、公共服務空間、儲藏室、電梯間、樓梯間、機房、消防中繼水箱、機械室、水箱等十一項。,鋼筋混凝土造,114年10月8日,十九層,,持分移轉
RPOSMLSJKIKGFBJ88DA,,62.00,集合住宅,鋼筋混凝土造,114年12月10日,十五層,八層 陽台,全筆移轉
RPRPMLLLIIKGFCJ28DA,,84.79,集合住宅,鋼筋混凝土造,114年7月30日,十四層,四層 陽台,全筆移轉
RPRPMLLLIIKGFCJ28DA,,55.78,共有部分主要用途有：停車空間、消防機房、水箱、電信室、台電配電室、發電機室、垃圾貯存空間、管委會、公共服務空間等９項,鋼筋混凝土造,114年7月30日,十四層,,持分移轉
RPRPMLLLIIKGFCJ28DA,,21.78,共有部分主要用途有：梯間、水箱、電梯機房等３項,鋼筋混凝土造,114年7月30日,十四層,,持分移轉
RPOSMLSJKIKGFBJ88DA,,59.57,本共有部分之項目有防空避難室兼停車空間、停車空間、車道、管委會、樓梯間、水箱、機械室等七項。,鋼筋混凝土造,114年12月10日,十五層,,持分移轉
RPVRMLSJKIKGFBJ86DA,,62.00,集合住宅,鋼筋混凝土造,114年12月10日,十五層,六層 陽台,全筆移轉
RPVRMLSJKIKGFBJ86DA,,59.57,本共有部分之項目有防空避難室兼停車空間、停車空間、車道、管委會、樓梯間、水箱、機械室等七項。,鋼筋混凝土造,114年12月10日,十五層,,持分移轉
RPOUMLNJKHLGFDJ78DA,,64.59,集合住宅,鋼筋混凝土造,114年12月16日,十三層,八層 陽台,全筆移轉
RPOUMLNJKHLGFDJ78DA,,69.34,本共有部分之項目有集合住宅、防空避難室兼停車空間、停車空間、公共服務空間、樓梯間等５項,鋼筋混凝土造,114年12月16日,十三層,,持分移轉
RPTPMLLLJIKGFBJ48DA,,156.29,集合住宅,鋼筋混凝土造,114年10月8日,十九層,十六層 陽台 雨遮,全筆移轉
RPTPMLLLJIKGFBJ48DA,,135.38,本共有部分之項目有：防空避難室兼停車空間、停車空間、管理室、公共服務空間、儲藏室、電梯間、樓梯間、機房、消防中繼水箱、機械室、水箱等十一項。,鋼筋混凝土造,114年10月8日,十九層,,持分移轉
RPOPMLLLJIKGFBJ97DA,,155.75,集合住宅,鋼筋混凝土造,114年10月8日,十九層,十一層 陽台 雨遮,全筆移轉
RPOPMLLLJIKGFBJ97DA,,135.08,本共有部分之項目有：防空避難室兼停車空間、停車空間、管理室、公共服務空間、儲藏室、電梯間、樓梯間、機房、消防中繼水箱、機械室、水箱等十一項。,鋼筋混凝土造,114年10月8日,十九層,,持分移轉
RPORMLSJKIKGFBJ78DA,,62.00,集合住宅,鋼筋混凝土造,114年12月10日,十五層,八層 陽台,全筆移轉
RPORMLSJKIKGFBJ78DA,,59.57,本共有部分之項目有防空避難室兼停車空間、停車空間、車道、管委會、樓梯間、水箱、機械室等七項。,鋼筋混凝土造,114年12月10日,十五層,,持分移轉
RPUPMLLLJIKGFBJ58DA,,155.75,集合住宅,鋼筋混凝土造,114年10月8日,十九層,十七層 陽台 雨遮,全筆移轉
RPUPMLLLJIKGFBJ58DA,,135.08,本共有部分之項目有：防空避難室兼停車空間、停車空間、管理室、公共服務空間、儲藏室、電梯間、樓梯間、機房、消防中繼水箱、機械室、水箱等十一項。,鋼筋混凝土造,114年10月8日,十九層,,持分移轉
RPUOMLNKIIKGFCJ58DA,,49.04,集合住宅,鋼筋混凝土造,114年7月30日,十四層,十四層 陽台,全筆移轉
RPUOMLNKIIKGFCJ58DA,,48.43,共有部分主要用途有：停車空間、消防機房、水箱、電信室、台電配電室、發電機室、垃圾貯存空間、管委會、公共服務空間等９項,鋼筋混凝土造,114年7月30日,十四層,,持分移轉
RPUOMLNKIIKGFCJ58DA,,12.12,共有部分主要用途有：梯間、水箱、電梯機房等３項,鋼筋混凝土造,114年7月30日,十四層,,持分移轉
RPUQMLLLJIKGFBJ68DA,,140.94,集合住宅,鋼筋混凝土造,114年10月8日,十九層,六層 陽台 雨遮,全筆移轉
RPUQMLLLJIKGFBJ68DA,,100.14,本共有部分之項目有：防空避難室兼停車空間、停車空間、管理室、公共服務空間、儲藏室、電梯間、樓梯間、機房、消防中繼水箱、機械室、水箱等十一項。,鋼筋混凝土造,114年10月8日,十九層,,持分移轉
RPWNMLOJJIKGFDJ88DA,,95.61,集合住宅,鋼筋混凝土造,114年5月22日,十三層,五層 陽台,全筆移轉
RPWNMLOJJIKGFDJ88DA,,71.61,本共有部分之項目有防空避難室兼停車空間、消防泵浦室、發電機室、汙水雨水機房、水箱、梯間、停車空間、電信室、台電配電場所、垃圾儲藏室、管委會使用空間、機械室等１２項,鋼筋混凝土造,114年5月22日,十三層,,持分移轉
RPRRMLLLJIKGFBJ48DA,,140.83,集合住宅,鋼筋混凝土造,114年10月8日,十九層,九層 陽台 雨遮,全筆移轉
RPRRMLLLJIKGFBJ48DA,,100.06,本共有部分之項目有：防空避難室兼停車空間、停車空間、管理室、公共服務空間、儲藏室、電梯間、樓梯間、機房、消防中繼水箱、機械室、水箱等十一項。,鋼筋混凝土造,114年10月8日,十九層,,持分移轉
RPWQMLLLJIKGFBJ88DA,,140.83,集合住宅,鋼筋混凝土造,114年10月8日,十九層,七層 陽台 雨遮,全筆移轉
RPWQMLLLJIKGFBJ88DA,,100.06,本共有部分之項目有：防空避難室兼停車空間、停車空間、管理室、公共服務空間、儲藏室、電梯間、樓梯間、機房、消防中繼水箱、機械室、水箱等十一項。,鋼筋混凝土造,114年10月8日,十九層,,持分移轉
RPPRMLLLJIKGFBJ28DA,,140.94,集合住宅,鋼筋混凝土造,114年10月8日,十九層,八層 陽台 雨遮,全筆移轉
RPPRMLLLJIKGFBJ28DA,,100.14,本共有部分之項目有：防空避難室兼停車空間、停車空間、管理室、公共服務空間、儲藏室、電梯間、樓梯間、機房、消防中繼水箱、機械室、水箱等十一項。,鋼筋混凝土造,114年10月8日,十九層,,持分移轉
RPPSMLKLIIKGFCJ28DA,,67.17,集合住宅,鋼筋混凝土造,114年7月30日,十四層,十層 陽台,全筆移轉
RPPSMLKLIIKGFCJ28DA,,52.72,共有部分主要用途有：停車空間、消防機房、水箱、電信室、台電配電室、發電機室、垃圾貯存空間、管委會、公共服務空間等９項,鋼筋混凝土造,114年7月30日,十四層,,持分移轉
RPPSMLKLIIKGFCJ28DA,,17.26,共有部分主要用途有：梯間、水箱、電梯機房等３項,鋼筋混凝土造,114年7月30日,十四層,,持分移轉
RPXRMLLLJIKGFBJ09DA,,140.83,集合住宅,鋼筋混凝土造,114年10月8日,十九層,十三層 陽台 雨遮,全筆移轉
RPXRMLLLJIKGFBJ09DA,,98.95,本共有部分之項目有：防空避難室兼停車空間、停車空間、管理室、公共服務空間、儲藏室、電梯間、樓梯間、機房、消防中繼水箱、機械室、水箱等十一項。,鋼筋混凝土造,114年10月8日,十九層,,持分移轉
RPVRMLLLJIKGFBJ88DA,,140.94,集合住宅,鋼筋混凝土造,114年10月8日,十九層,十二層 陽台 雨遮,全筆移轉
RPVRMLLLJIKGFBJ88DA,,100.14,本共有部分之項目有：防空避難室兼停車空間、停車空間、管理室、公共服務空間、儲藏室、電梯間、樓梯間、機房、消防中繼水箱、機械室、水箱等十一項。,鋼筋混凝土造,114年10月8日,十九層,,持分移轉
RPSRMLLLJIKGFBJ58DA,,140.94,集合住宅,鋼筋混凝土造,114年10月8日,十九層,十層 陽台 雨遮,全筆移轉
RPSRMLLLJIKGFBJ58DA,,100.14,本共有部分之項目有：防空避難室兼停車空間、停車空間、管理室、公共服務空間、儲藏室、電梯間、樓梯間、機房、消防中繼水箱、機械室、水箱等十一項。,鋼筋混凝土造,114年10月8日,十九層,,持分移轉
RPPSMLLLJIKGFBJ38DA,,140.83,集合住宅,鋼筋混凝土造,114年10月8日,十九層,十五層 陽台 雨遮,全筆移轉
RPPSMLLLJIKGFBJ38DA,,100.06,本共有部分之項目有：防空避難室兼停車空間、停車空間、管理室、公共服務空間、儲藏室、電梯間、樓梯間、機房、消防中繼水箱、機械室、水箱等十一項。,鋼筋混凝土造,114年10月8日,十九層,,持分移轉
RPURMLSJKIKGFBJ76DA,,62.00,集合住宅,鋼筋混凝土造,114年12月10日,十五層,五層 陽台,全筆移轉
RPURMLSJKIKGFBJ76DA,,59.57,本共有部分之項目有防空避難室兼停車空間、停車空間、車道、管委會、樓梯間、水箱、機械室等七項。,鋼筋混凝土造,114年12月10日,十五層,,持分移轉
RPOSMLLLJIKGFBJ28DA,,140.94,集合住宅,鋼筋混凝土造,114年10月8日,十九層,十四層 陽台 雨遮,全筆移轉
RPOSMLLLJIKGFBJ28DA,,99.02,本共有部分之項目有：防空避難室兼停車空間、停車空間、管理室、公共服務空間、儲藏室、電梯間、樓梯間、機房、消防中繼水箱、機械室、水箱等十一項。,鋼筋混凝土造,114年10月8日,十九層,,持分移轉
RPWSMLLLJIKGFBJ09DA,,156.13,集合住宅,鋼筋混凝土造,114年10月8日,十九層,六層 陽台 雨遮,全筆移轉
RPWSMLLLJIKGFBJ09DA,,136.42,本共有部分之項目有：防空避難室兼停車空間、停車空間、管理室、公共服務空間、儲藏室、電梯間、樓梯間、機房、消防中繼水箱、機械室、水箱等十一項。,鋼筋混凝土造,114年10月8日,十九層,,持分移轉
RPQUMLLLJIKGFBJ68DA,,156.28,集合住宅,鋼筋混凝土造,114年10月8日,十九層,十九層 陽台 雨遮,全筆移轉
RPQUMLLLJIKGFBJ68DA,,136.50,本共有部分之項目有：防空避難室兼停車空間、停車空間、管理室、公共服務空間、儲藏室、電梯間、樓梯間、機房、消防中繼水箱、機械室、水箱等十一項。,鋼筋混凝土造,114年10月8日,十九層,,持分移轉
RPTRMLLLJIKGFBJ68DA,,140.83,集合住宅,鋼筋混凝土造,114年10月8日,十九層,十一層 陽台 雨遮,全筆移轉
RPTRMLLLJIKGFBJ68DA,,98.95,本共有部分之項目有：防空避難室兼停車空間、停車空間、管理室、公共服務空間、儲藏室、電梯間、樓梯間、機房、消防中繼水箱、機械室、水箱等十一項。,鋼筋混凝土造,114年10月8日,十九層,,持分移轉
RPVPMLLLJIKGFBJ68DA,,156.29,集合住宅,鋼筋混凝土造,114年10月8日,十九層,十八層 陽台 雨遮,全筆移轉
RPVPMLLLJIKGFBJ68DA,,136.50,本共有部分之項目有：防空避難室兼停車空間、停車空間、管理室、公共服務空間、儲藏室、電梯間、樓梯間、機房、消防中繼水箱、機械室、水箱等十一項。,鋼筋混凝土造,114年10月8日,十九層,,持分移轉
RPPTMLLLJIKGFBJ48DA,,156.28,集合住宅,鋼筋混凝土造,114年10月8日,十九層,九層 陽台 雨遮,全筆移轉
RPPTMLLLJIKGFBJ48DA,,136.50,本共有部分之項目有：防空避難室兼停車空間、停車空間、管理室、公共服務空間、儲藏室、電梯間、樓梯間、機房、消防中繼水箱、機械室、水箱等十一項。,鋼筋混凝土造,114年10月8日,十九層,,持分移轉
RPQTMLLLJIKGFBJ58DA,,156.13,集合住宅,鋼筋混凝土造,114年10月8日,十九層,十層 陽台 雨遮,全筆移轉
RPQTMLLLJIKGFBJ58DA,,135.31,本共有部分之項目有：防空避難室兼停車空間、停車空間、管理室、公共服務空間、儲藏室、電梯間、樓梯間、機房、消防中繼水箱、機械室、水箱等十一項。,鋼筋混凝土造,114年10月8日,十九層,,持分移轉
RPOTMLLLJIKGFBJ38DA,,156.13,集合住宅,鋼筋混凝土造,114年10月8日,十九層,八層 陽台 雨遮,全筆移轉
RPRTMLLLJIKGFBJ68DA,,156.28,集合住宅,鋼筋混凝土造,114年10月8日,十九層,十一層 陽台 雨遮,全筆移轉
RPRTMLLLJIKGFBJ68DA,,136.50,本共有部分之項目有：防空避難室兼停車空間、停車空間、管理室、公共服務空間、儲藏室、電梯間、樓梯間、機房、消防中繼水箱、機械室、水箱等十一項。,鋼筋混凝土造,114年10月8日,十九層,,持分移轉
RPVTMLLLJIKGFBJ09DA,,156.13,集合住宅,鋼筋混凝土造,114年10月8日,十九層,十四層 陽台 雨遮,全筆移轉
RPOTMLLLJIKGFBJ38DA,,136.42,本共有部分之項目有：防空避難室兼停車空間、停車空間、管理室、公共服務空間、儲藏室、電梯間、樓梯間、機房、消防中繼水箱、機械室、水箱等十一項。,鋼筋混凝土造,114年10月8日,十九層,,持分移轉
RPVTMLLLJIKGFBJ09DA,,136.42,本共有部分之項目有：防空避難室兼停車空間、停車空間、管理室、公共服務空間、儲藏室、電梯間、樓梯間、機房、消防中繼水箱、機械室、水箱等十一項。,鋼筋混凝土造,114年10月8日,十九層,,持分移轉
RPXTMLLLJIKGFBJ66DA,,156.13,集合住宅,鋼筋混凝土造,114年10月8日,十九層,十六層 陽台 雨遮,全筆移轉
RPXTMLLLJIKGFBJ66DA,,136.42,本共有部分之項目有：防空避難室兼停車空間、停車空間、管理室、公共服務空間、儲藏室、電梯間、樓梯間、機房、消防中繼水箱、機械室、水箱等十一項。,鋼筋混凝土造,114年10月8日,十九層,,持分移轉
RPWTMLLLJIKGFBJ56DA,,156.28,集合住宅,鋼筋混凝土造,114年10月8日,十九層,十五層 陽台 雨遮,全筆移轉
RPWTMLLLJIKGFBJ56DA,,136.50,本共有部分之項目有：防空避難室兼停車空間、停車空間、管理室、公共服務空間、儲藏室、電梯間、樓梯間、機房、消防中繼水箱、機械室、水箱等十一項。,鋼筋混凝土造,114年10月8日,十九層,,持分移轉
RPXPMLQJKHLGFBJ66DA,,51.90,集合住宅,鋼筋混凝土造,114年12月10日,十五層,九層 陽台,全筆移轉
RPXPMLQJKHLGFBJ66DA,,54.27,本共有部分之項目有防空避難室兼停車空間、停車空間、車道、管委會、樓梯間、水箱、機械室等七項。,鋼筋混凝土造,114年12月10日,十五層,,持分移轉
RPTOMLSJKIKGFBJ98DA,,79.45,集合住宅,鋼筋混凝土造,114年12月10日,十五層,六層 陽台,全筆移轉
RPTOMLSJKIKGFBJ98DA,,95.29,本共有部分之項目有防空避難室兼停車空間、停車空間、車道、管委會、樓梯間、水箱、機械室等七項。,鋼筋混凝土造,114年12月10日,十五層,,持分移轉
RPOUMLLLJIKGFBJ48DA,,156.28,集合住宅,鋼筋混凝土造,114年10月8日,十九層,十七層 陽台 雨遮,全筆移轉
RPOUMLLLJIKGFBJ48DA,,136.50,本共有部分之項目有：防空避難室兼停車空間、停車空間、管理室、公共服務空間、儲藏室、電梯間、樓梯間、機房、消防中繼水箱、機械室、水箱等十一項。,鋼筋混凝土造,114年10月8日,十九層,,持分移轉
RPUOMLSJKIKGFBJ09DA,,79.45,集合住宅,鋼筋混凝土造,114年12月10日,十五層,八層 陽台,全筆移轉
RPUOMLSJKIKGFBJ09DA,,92.15,本共有部分之項目有防空避難室兼停車空間、停車空間、車道、管委會、樓梯間、水箱、機械室等七項。,鋼筋混凝土造,114年12月10日,十五層,,持分移轉
RPPUMLLLJIKGFBJ58DA,,156.13,集合住宅,鋼筋混凝土造,114年10月8日,十九層,十八層 陽台 雨遮,全筆移轉
RPPUMLLLJIKGFBJ58DA,,136.42,本共有部分之項目有：防空避難室兼停車空間、停車空間、管理室、公共服務空間、儲藏室、電梯間、樓梯間、機房、消防中繼水箱、機械室、水箱等十一項。,鋼筋混凝土造,114年10月8日,十九層,,持分移轉
RPPQMLLLJIKGFBJ18DA,,140.94,集合住宅,鋼筋混凝土造,114年10月8日,十九層,四層 陽台 雨遮,全筆移轉
RPPQMLLLJIKGFBJ18DA,,100.14,本共有部分之項目有：防空避難室兼停車空間、停車空間、管理室、公共服務空間、儲藏室、電梯間、樓梯間、機房、消防中繼水箱、機械室、水箱等十一項。,鋼筋混凝土造,114年10月8日,十九層,,持分移轉
RPSQMLLLJIKGFBJ48DA,,140.83,集合住宅,鋼筋混凝土造,114年10月8日,十九層,五層 陽台 雨遮,全筆移轉
RPSQMLLLJIKGFBJ48DA,,100.06,本共有部分之項目有：防空避難室兼停車空間、停車空間、管理室、公共服務空間、儲藏室、電梯間、樓梯間、機房、消防中繼水箱、機械室、水箱等十一項。,鋼筋混凝土造,114年10月8日,十九層,,持分移轉
RPXPMLLLJIKGFBJ88DA,,140.83,集合住宅,鋼筋混凝土造,114年10月8日,十九層,三層 陽台 雨遮,全筆移轉
RPXPMLLLJIKGFBJ88DA,,100.06,本共有部分之項目有：防空避難室兼停車空間、停車空間、管理室、公共服務空間、儲藏室、電梯間、樓梯間、機房、消防中繼水箱、機械室、水箱等十一項。,鋼筋混凝土造,114年10月8日,十九層,,持分移轉
RPOQMLLLJIKGFBJ08DA,,209.40,集合住宅、停車空間,鋼筋混凝土造,114年7月18日,四層,一層 二層 三層 四層 陽台,全筆移轉
RPTRMLSJKIKGFBJ66DA,,62.00,集合住宅,鋼筋混凝土造,114年12月10日,十五層,四層 陽台,全筆移轉
RPTRMLSJKIKGFBJ66DA,,59.57,本共有部分之項目有防空避難室兼停車空間、停車空間、車道、管委會、樓梯間、水箱、機械室等七項。,鋼筋混凝土造,114年12月10日,十五層,,持分移轉
RPXPMLQLJHLGFDJ96DA,,71.52,集合住宅,鋼筋混凝土造,114年12月16日,十三層,四層 陽台,全筆移轉
RPXPMLQLJHLGFDJ96DA,,72.84,本共有部分之項目有集合住宅、防空避難室兼停車空間、停車空間、公共服務空間、樓梯間等５項,鋼筋混凝土造,114年12月16日,十三層,,持分移轉
RPTNMLMJKHLGFBJ28DA,,79.45,集合住宅,鋼筋混凝土造,114年12月10日,十五層,四層 陽台,全筆移轉
RPWOMLSJKIKGFBJ66DA,,79.45,集合住宅,鋼筋混凝土造,114年12月10日,十五層,七層 陽台,全筆移轉
RPWOMLSJKIKGFBJ66DA,,91.27,本共有部分之項目有防空避難室兼停車空間、停車空間、車道、管委會、樓梯間、水箱、機械室等七項。,鋼筋混凝土造,114年12月10日,十五層,,持分移轉
RPTNMLMJKHLGFBJ28DA,,95.29,本共有部分之項目有防空避難室兼停車空間、停車空間、車道、管委會、樓梯間、水箱、機械室等七項。,鋼筋混凝土造,114年12月10日,十五層,,持分移轉
RPURMLQLJHLGFDJ86DA,,64.59,集合住宅,鋼筋混凝土造,114年12月16日,十三層,七層 陽台,全筆移轉
RPURMLQLJHLGFDJ86DA,,69.34,本共有部分之項目有集合住宅、防空避難室兼停車空間、停車空間、公共服務空間、樓梯間等５項,鋼筋混凝土造,114年12月16日,十三層,,持分移轉
RPTRMLQLJHLGFDJ76DA,,64.59,集合住宅,鋼筋混凝土造,114年12月16日,十三層,三層 陽台,全筆移轉
RPWNMLMJKHLGFBJ58DA,,79.45,集合住宅,鋼筋混凝土造,114年12月10日,十五層,七層 陽台,全筆移轉
RPTRMLQLJHLGFDJ76DA,,69.34,本共有部分之項目有集合住宅、防空避難室兼停車空間、停車空間、公共服務空間、樓梯間等５項,鋼筋混凝土造,114年12月16日,十三層,,持分移轉
RPWNMLMJKHLGFBJ58DA,,93.23,本共有部分之項目有防空避難室兼停車空間、停車空間、車道、管委會、樓梯間、水箱、機械室等七項。,鋼筋混凝土造,114年12月10日,十五層,,持分移轉
RPVQMLSJKIKGFBJ76DA,,62.00,集合住宅,鋼筋混凝土造,114年12月10日,十五層,六層 陽台,全筆移轉
RPVQMLSJKIKGFBJ76DA,,59.57,本共有部分之項目有防空避難室兼停車空間、停車空間、車道、管委會、樓梯間、水箱、機械室等七項。,鋼筋混凝土造,114年12月10日,十五層,,持分移轉
RPQSMLSJKIKGFBJ09DA,,62.00,集合住宅,鋼筋混凝土造,114年12月10日,十五層,九層 陽台,全筆移轉
RPRSMLSJKIKGFBJ56DA,,62.00,集合住宅,鋼筋混凝土造,114年12月10日,十五層,十層 陽台,全筆移轉
RPRSMLSJKIKGFBJ56DA,,59.57,本共有部分之項目有防空避難室兼停車空間、停車空間、車道、管委會、樓梯間、水箱、機械室等七項。,鋼筋混凝土造,114年12月10日,十五層,,持分移轉
RPQSMLSJKIKGFBJ09DA,,76.45,本共有部分之項目有防空避難室兼停車空間、停車空間、車道、管委會、樓梯間、水箱、機械室等七項。,鋼筋混凝土造,114年12月10日,十五層,,持分移轉
RPUNMLMJKHLGFBJ38DA,,79.45,集合住宅,鋼筋混凝土造,114年12月10日,十五層,五層 陽台,全筆移轉
RPUNMLMJKHLGFBJ38DA,,84.50,本共有部分之項目有防空避難室兼停車空間、停車空間、車道、管委會、樓梯間、水箱、機械室等七項。,鋼筋混凝土造,114年12月10日,十五層,,持分移轉
RPXNMLMJKHLGFBJ68DA,,79.45,集合住宅,鋼筋混凝土造,114年12月10日,十五層,八層 陽台,全筆移轉
RPXNMLMJKHLGFBJ68DA,,85.77,本共有部分之項目有防空避難室兼停車空間、停車空間、車道、管委會、樓梯間、水箱、機械室等七項。,鋼筋混凝土造,114年12月10日,十五層,,持分移轉
RPTOMLMJKHLGFBJ38DA,,79.45,集合住宅,鋼筋混凝土造,114年12月10日,十五層,十三層 陽台,全筆移轉
RPTOMLMJKHLGFBJ38DA,,85.77,本共有部分之項目有防空避難室兼停車空間、停車空間、車道、管委會、樓梯間、水箱、機械室等七項。,鋼筋混凝土造,114年12月10日,十五層,,持分移轉
RPPPMLMJKHLGFBJ08DA,,62.00,集合住宅,鋼筋混凝土造,114年12月10日,十五層,六層 陽台,全筆移轉
RPPPMLMJKHLGFBJ08DA,,59.57,本共有部分之項目有防空避難室兼停車空間、停車空間、車道、管委會、樓梯間、水箱、機械室等七項。,鋼筋混凝土造,114年12月10日,十五層,,持分移轉
RPUOMLMJKHLGFBJ48DA,,79.45,集合住宅,鋼筋混凝土造,114年12月10日,十五層,十四層 陽台,全筆移轉
RPUOMLMJKHLGFBJ48DA,,95.29,本共有部分之項目有防空避難室兼停車空間、停車空間、車道、管委會、樓梯間、水箱、機械室等七項。,鋼筋混凝土造,114年12月10日,十五層,,持分移轉
RPSPMLMJKHLGFBJ38DA,,62.00,集合住宅,鋼筋混凝土造,114年12月10日,十五層,九層 陽台,全筆移轉
RPSPMLMJKHLGFBJ38DA,,59.57,本共有部分之項目有防空避難室兼停車空間、停車空間、車道、管委會、樓梯間、水箱、機械室等七項。,鋼筋混凝土造,114年12月10日,十五層,,持分移轉
RPVPMLQJKHLGFBJ09DA,,51.90,集合住宅,鋼筋混凝土造,114年12月10日,十五層,七層 陽台,全筆移轉
RPVPMLQJKHLGFBJ09DA,,56.73,本共有部分之項目有防空避難室兼停車空間、停車空間、車道、管委會、樓梯間、水箱、機械室等七項。,鋼筋混凝土造,114年12月10日,十五層,,持分移轉
RPTNMLQJKHLGFBJ68DA,,51.90,集合住宅,鋼筋混凝土造,114年12月10日,十五層,六層 陽台,全筆移轉
RPTNMLQJKHLGFBJ68DA,,54.27,本共有部分之項目有防空避難室兼停車空間、停車空間、車道、管委會、樓梯間、水箱、機械室等七項。,鋼筋混凝土造,114年12月10日,十五層,,持分移轉
RPOQMLQJKHLGFBJ48DA,,51.90,集合住宅,鋼筋混凝土造,114年12月10日,十五層,十層 陽台,全筆移轉
RPOQMLQJKHLGFBJ48DA,,54.27,本共有部分之項目有防空避難室兼停車空間、停車空間、車道、管委會、樓梯間、水箱、機械室等七項。,鋼筋混凝土造,114年12月10日,十五層,,持分移轉
RPPOMLQJKHLGFBJ38DA,,51.90,集合住宅,鋼筋混凝土造,114年12月10日,十五層,九層 陽台,全筆移轉
RPTOMLPKJHLGFBJ68DA,,247.85,集合住宅、停車空間、樓梯間,鋼筋混凝土造,113年12月24日,四層,一層 二層 三層 四層 陽台 屋頂突出物,全筆移轉
RPXTMLNJKHLGFDJ96DA,,64.59,集合住宅,鋼筋混凝土造,114年12月16日,十三層,六層 陽台,全筆移轉
RPPOMLQJKHLGFBJ38DA,,54.27,本共有部分之項目有防空避難室兼停車空間、停車空間、車道、管委會、樓梯間、水箱、機械室等七項。,鋼筋混凝土造,114年12月10日,十五層,,持分移轉
RPXTMLNJKHLGFDJ96DA,,69.34,本共有部分之項目有集合住宅、防空避難室兼停車空間、停車空間、公共服務空間、樓梯間等５項,鋼筋混凝土造,114年12月16日,十三層,,持分移轉
RPSNMLOJJIKGFDJ48DA,,57.63,日用品零售及服務設施,鋼筋混凝土造,114年5月22日,十二層,一層 陽台,全筆移轉
RPSNMLOJJIKGFDJ48DA,,52.97,本共有部分之項目有防空避難室兼停車空間、消防泵浦室、發電機室、汙水雨水機房、水箱、梯間、停車空間、電信室、台電配電場所、垃圾儲藏室、管委會使用空間、機械室等１２項,鋼筋混凝土造,114年5月22日,十三層,,持分移轉
RPQQMLQJKHLGFBJ68DA,,51.90,集合住宅,鋼筋混凝土造,114年12月10日,十五層,十二層 陽台,全筆移轉
RPQQMLQJKHLGFBJ68DA,,54.27,本共有部分之項目有防空避難室兼停車空間、停車空間、車道、管委會、樓梯間、水箱、機械室等七項。,鋼筋混凝土造,114年12月10日,十五層,,持分移轉
RPUOMLMJJHLGFBJ38DA,,247.85,集合住宅、停車空間、樓梯間,鋼筋混凝土造,113年12月24日,四層,一層 二層 三層 四層 陽台 屋頂突出物,全筆移轉
RPSOMLMJJHLGFBJ18DA,,268.82,集合住宅、樓梯間,鋼筋混凝土造,113年12月20日,四層,一層 二層 三層 四層 陽台 屋頂突出物,全筆移轉
RPXOMLQLJHLGFDJ86DA,,64.59,集合住宅,鋼筋混凝土造,114年12月16日,十三層,九層 陽台,全筆移轉
RPXOMLQLJHLGFDJ86DA,,75.76,本共有部分之項目有集合住宅、防空避難室兼停車空間、停車空間、公共服務空間、樓梯間等５項,鋼筋混凝土造,114年12月16日,十三層,,持分移轉
RPTQMLNJKHLGFDJ88DA,,71.52,集合住宅,鋼筋混凝土造,114年12月16日,十三層,四層 陽台,全筆移轉
RPTQMLNJKHLGFDJ88DA,,72.84,本共有部分之項目有集合住宅、防空避難室兼停車空間、停車空間、公共服務空間、樓梯間等５項,鋼筋混凝土造,114年12月16日,十三層,,持分移轉
RPWQMLNJKHLGFDJ56DA,,71.52,集合住宅,鋼筋混凝土造,114年12月16日,十三層,六層 陽台,全筆移轉
RPWQMLNJKHLGFDJ56DA,,72.84,本共有部分之項目有集合住宅、防空避難室兼停車空間、停車空間、公共服務空間、樓梯間等５項,鋼筋混凝土造,114年12月16日,十三層,,持分移轉
RPSPMLQLJHLGFDJ09DA,,82.10,集合住宅,鋼筋混凝土造,114年12月16日,十三層,十層 陽台,全筆移轉
RPSPMLQLJHLGFDJ09DA,,77.95,本共有部分之項目有集合住宅、防空避難室兼停車空間、停車空間、公共服務空間、樓梯間等５項,鋼筋混凝土造,114年12月16日,十三層,,持分移轉
RPUOMLQLJHLGFDJ56DA,,88.83,集合住宅,鋼筋混凝土造,114年12月16日,十三層,十一層 陽台,全筆移轉
RPUOMLQLJHLGFDJ56DA,,81.81,本共有部分之項目有集合住宅、防空避難室兼停車空間、停車空間、公共服務空間、樓梯間等５項,鋼筋混凝土造,114年12月16日,十三層,,持分移轉
RPOPMLQLJHLGFDJ68DA,,64.59,集合住宅,鋼筋混凝土造,114年12月16日,十三層,十二層 陽台,全筆移轉
RPOPMLQLJHLGFDJ68DA,,72.70,本共有部分之項目有集合住宅、防空避難室兼停車空間、停車空間、公共服務空間、樓梯間等５項,鋼筋混凝土造,114年12月16日,十三層,,持分移轉
RPUPMLQLJHLGFDJ66DA,,82.10,集合住宅,鋼筋混凝土造,114年12月16日,十三層,十二層 陽台,全筆移轉
RPUPMLQLJHLGFDJ66DA,,77.95,本共有部分之項目有集合住宅、防空避難室兼停車空間、停車空間、公共服務空間、樓梯間等５項,鋼筋混凝土造,114年12月16日,十三層,,持分移轉
RPPPMLSLJHLGFDJ98DA,,71.52,集合住宅,鋼筋混凝土造,114年12月16日,十三層,三層 陽台,全筆移轉
RPWRMLNJKHLGFDJ66DA,,64.59,集合住宅,鋼筋混凝土造,114年12月16日,十三層,三層 陽台,全筆移轉
RPPPMLSLJHLGFDJ98DA,,72.84,本共有部分之項目有集合住宅、防空避難室兼停車空間、停車空間、公共服務空間、樓梯間等５項,鋼筋混凝土造,114年12月16日,十三層,,持分移轉
RPWRMLNJKHLGFDJ66DA,,75.76,本共有部分之項目有集合住宅、防空避難室兼停車空間、停車空間、公共服務空間、樓梯間等５項,鋼筋混凝土造,114年12月16日,十三層,,持分移轉
RPUNMLSLJHLGFDJ66DA,,82.10,集合住宅,鋼筋混凝土造,114年12月16日,十三層,十三層 陽台,全筆移轉
RPUNMLSLJHLGFDJ66DA,,77.95,本共有部分之項目有集合住宅、防空避難室兼停車空間、停車空間、公共服務空間、樓梯間等５項,鋼筋混凝土造,114年12月16日,十三層,,持分移轉
RPQOMLMJKIKGFBJ08DA,,118.76,集合住宅,鋼筋混凝土造,114年7月17日,二十層,十八層 陽台,全筆移轉
RPQOMLMJKIKGFBJ08DA,,52.64,本共有部分之項目有排煙室、梯廳、門廳、安全梯、特別安全梯、資源回收室、公共服務空間、防災中心、車道、梯廳兼排煙室、水錶室、中繼消防機房、水箱、消防水箱、機械室、樓梯間等十六項。,鋼筋混凝土造,114年7月17日,二十層,,持分移轉
RPPOMLTLJHLGFDJ98DA,,71.52,集合住宅,鋼筋混凝土造,114年12月16日,十三層,六層 陽台,全筆移轉
RPQOMLMJKIKGFBJ08DA,,85.92,本共有部分之項目有停車空間、水箱、安全梯、排煙室、消防機房、汙水機房、防空避難室兼停車空間、機械室、梯廳、台電配電室、電信室、緊急發電機室、電錶室、中繼消防機房等十四項。,鋼筋混凝土造,114年7月17日,二十層,,持分移轉
RPPOMLTLJHLGFDJ98DA,,69.20,本共有部分之項目有集合住宅、防空避難室兼停車空間、停車空間、公共服務空間、樓梯間等５項,鋼筋混凝土造,114年12月16日,十三層,,持分移轉
RPOOMLTLJHLGFDJ88DA,,82.10,集合住宅,鋼筋混凝土造,114年12月16日,十三層,十一層 陽台,全筆移轉
RPOOMLTLJHLGFDJ88DA,,114.11,本共有部分之項目有集合住宅、防空避難室兼停車空間、停車空間、公共服務空間、樓梯間等５項,鋼筋混凝土造,114年12月16日,十三層,,持分移轉
RPXRMLNJKHLGFDJ76DA,,64.59,集合住宅,鋼筋混凝土造,114年12月16日,十三層,五層 陽台,全筆移轉
RPXRMLNJKHLGFDJ76DA,,69.34,本共有部分之項目有集合住宅、防空避難室兼停車空間、停車空間、公共服務空間、樓梯間等５項,鋼筋混凝土造,114年12月16日,十三層,,持分移轉
RPPTMLNJKHLGFDJ78DA,,71.52,集合住宅,鋼筋混凝土造,114年12月16日,十三層,十一層 陽台,全筆移轉
RPPTMLNJKHLGFDJ78DA,,72.84,本共有部分之項目有集合住宅、防空避難室兼停車空間、停車空間、公共服務空間、樓梯間等５項,鋼筋混凝土造,114年12月16日,十三層,,持分移轉
RPOTMLNJKHLGFDJ68DA,,71.52,集合住宅,鋼筋混凝土造,114年12月16日,十三層,九層 陽台,全筆移轉
RPOTMLNJKHLGFDJ68DA,,76.20,本共有部分之項目有集合住宅、防空避難室兼停車空間、停車空間、公共服務空間、樓梯間等５項,鋼筋混凝土造,114年12月16日,十三層,,持分移轉
RPSQMLNJKHLGFDJ78DA,,71.52,集合住宅,鋼筋混凝土造,114年12月16日,十三層,二層 陽台,全筆移轉
RPSQMLNJKHLGFDJ78DA,,69.20,本共有部分之項目有集合住宅、防空避難室兼停車空間、停車空間、公共服務空間、樓梯間等５項,鋼筋混凝土造,114年12月16日,十三層,,持分移轉
RPVSMLNJKHLGFDJ66DA,,71.52,集合住宅,鋼筋混凝土造,114年12月16日,十三層,五層 陽台,全筆移轉
RPVSMLNJKHLGFDJ66DA,,72.84,本共有部分之項目有集合住宅、防空避難室兼停車空間、停車空間、公共服務空間、樓梯間等５項,鋼筋混凝土造,114年12月16日,十三層,,持分移轉
RPQNMLLMKIKGFBJ18DA,,105.32,集合住宅,鋼筋混凝土造,114年11月7日,十四層,二層 陽台,全筆移轉
RPQNMLLMKIKGFBJ18DA,,92.68,本共有部分之項目有：防空避難室兼停車空間、停車空間、樓梯間、排煙室、梯廳、水箱、水錶室、機械室等八項。,鋼筋混凝土造,114年11月7日,十四層,,持分移轉
RPVRMLQLJHLGFDJ96DA,,64.59,集合住宅,鋼筋混凝土造,114年12月16日,十三層,十層 陽台,全筆移轉
RPVRMLQLJHLGFDJ96DA,,72.70,本共有部分之項目有集合住宅、防空避難室兼停車空間、停車空間、公共服務空間、樓梯間等５項,鋼筋混凝土造,114年12月16日,十三層,,持分移轉
RPWOMLQJKHLGFDJ66DA,,82.10,集合住宅,鋼筋混凝土造,114年12月16日,十三層,十一層 陽台,全筆移轉
RPWOMLQJKHLGFDJ66DA,,114.11,本共有部分之項目有集合住宅、防空避難室兼停車空間、停車空間、公共服務空間、樓梯間等５項,鋼筋混凝土造,114年12月16日,十三層,,持分移轉
RPWRMLQLJHLGFDJ07DA,,64.59,集合住宅,鋼筋混凝土造,114年12月16日,十三層,十二層 陽台,全筆移轉
RPWRMLQLJHLGFDJ07DA,,69.34,本共有部分之項目有集合住宅、防空避難室兼停車空間、停車空間、公共服務空間、樓梯間等５項,鋼筋混凝土造,114年12月16日,十三層,,持分移轉
RPUNMLLMKIKGFBJ58DA,,105.32,集合住宅,鋼筋混凝土造,114年11月7日,十四層,五層 陽台,全筆移轉
RPUNMLLMKIKGFBJ58DA,,92.68,本共有部分之項目有：防空避難室兼停車空間、停車空間、樓梯間、排煙室、梯廳、水箱、水錶室、機械室等八項。,鋼筋混凝土造,114年11月7日,十四層,,持分移轉
RPOOMLLMKIKGFBJ08DA,,105.32,集合住宅,鋼筋混凝土造,114年11月7日,十四層,六層 陽台,全筆移轉
RPOOMLLMKIKGFBJ08DA,,92.68,本共有部分之項目有：防空避難室兼停車空間、停車空間、樓梯間、排煙室、梯廳、水箱、水錶室、機械室等八項。,鋼筋混凝土造,114年11月7日,十四層,,持分移轉
RPPSMLNJKHLGFDJ68DA,,82.10,集合住宅,鋼筋混凝土造,114年12月16日,十三層,二層 陽台,全筆移轉
RPPSMLNJKHLGFDJ68DA,,77.87,本共有部分之項目有集合住宅、防空避難室兼停車空間、停車空間、公共服務空間、樓梯間等５項,鋼筋混凝土造,114年12月16日,十三層,,持分移轉
RPWTMLNJKHLGFDJ86DA,,64.59,集合住宅,鋼筋混凝土造,114年12月16日,十三層,五層 陽台,全筆移轉
RPUTMLNJKHLGFDJ66DA,,88.83,集合住宅,鋼筋混凝土造,114年12月16日,十三層,十一層 陽台,全筆移轉
RPWTMLNJKHLGFDJ86DA,,65.70,本共有部分之項目有集合住宅、防空避難室兼停車空間、停車空間、公共服務空間、樓梯間等５項,鋼筋混凝土造,114年12月16日,十三層,,持分移轉
RPUTMLNJKHLGFDJ66DA,,81.81,本共有部分之項目有集合住宅、防空避難室兼停車空間、停車空間、公共服務空間、樓梯間等５項,鋼筋混凝土造,114年12月16日,十三層,,持分移轉
RPVNMLPKQHKGFBJ76DA,,119.72,集合住宅,鋼筋混凝土造,114年7月17日,二十二層,八層 陽台,全筆移轉
RPVNMLPKQHKGFBJ76DA,,109.34,本共有部分之項目有：防空避難室兼停車空間、車道、水箱、機房、消防機房、安全梯、緊急昇降機、一般昇降機、梯廳兼排煙室、消防中繼機房、安全梯／無障礙樓梯、停車空間、台電配電場所、電信室、電錶室、管道間、緊急發電機室、排風機房、資源回收室、安全梯兼行動不便者使用、特別安全梯無障礙樓梯、防災中心、公共服務空間、排煙室、梯廳、公共使用空間、陽台兼排煙室、樓梯間、消防中繼機房兼水錶室、中繼水箱、機械室等三十一項。,鋼筋混凝土造,114年7月17日,二十二層,,持分移轉
RPTOMLLMKIKGFBJ58DA,,107.68,集合住宅,鋼筋混凝土造,114年11月7日,十四層,八層 陽台,全筆移轉
RPTOMLLMKIKGFBJ58DA,,133.70,本共有部分之項目有：防空避難室兼停車空間、停車空間、樓梯間、排煙室、梯廳、水箱、水錶室、機械室等八項。,鋼筋混凝土造,114年11月7日,十四層,,持分移轉
RPSOMLLMKIKGFBJ48DA,,105.32,集合住宅,鋼筋混凝土造,114年11月7日,十四層,七層 陽台,全筆移轉
RPSOMLLMKIKGFBJ48DA,,132.48,本共有部分之項目有：防空避難室兼停車空間、停車空間、樓梯間、排煙室、梯廳、水箱、水錶室、機械室等八項。,鋼筋混凝土造,114年11月7日,十四層,,持分移轉
RPSOMLPKQHKGFBJ56DA,,109.96,集合住宅,鋼筋混凝土造,114年7月17日,二十二層,十二層 陽台,全筆移轉
RPSOMLPKQHKGFBJ56DA,,104.08,本共有部分之項目有：防空避難室兼停車空間、車道、水箱、機房、消防機房、安全梯、緊急昇降機、一般昇降機、梯廳兼排煙室、消防中繼機房、安全梯／無障礙樓梯、停車空間、台電配電場所、電信室、電錶室、管道間、緊急發電機室、排風機房、資源回收室、安全梯兼行動不便者使用、特別安全梯無障礙樓梯、防災中心、公共服務空間、排煙室、梯廳、公共使用空間、陽台兼排煙室、樓梯間、消防中繼機房兼水錶室、中繼水箱、機械室等三十一項。,鋼筋混凝土造,114年7月17日,二十二層,,持分移轉
RPUOMLLMKIKGFBJ68DA,,107.68,集合住宅,鋼筋混凝土造,114年11月7日,十四層,九層 陽台,全筆移轉
RPUOMLLMKIKGFBJ68DA,,133.70,本共有部分之項目有：防空避難室兼停車空間、停車空間、樓梯間、排煙室、梯廳、水箱、水錶室、機械室等八項。,鋼筋混凝土造,114年11月7日,十四層,,持分移轉
RPVOMLLMKIKGFBJ78DA,,107.68,集合住宅,鋼筋混凝土造,114年11月7日,十四層,十層 陽台,全筆移轉
RPVOMLLMKIKGFBJ78DA,,93.90,本共有部分之項目有：防空避難室兼停車空間、停車空間、樓梯間、排煙室、梯廳、水箱、水錶室、機械室等八項。,鋼筋混凝土造,114年11月7日,十四層,,持分移轉
RPSPMLLMKIKGFBJ58DA,,100.99,集合住宅,鋼筋混凝土造,114年11月7日,十四層,三層 陽台,全筆移轉
RPSPMLLMKIKGFBJ58DA,,90.52,本共有部分之項目有：防空避難室兼停車空間、停車空間、樓梯間、排煙室、梯廳、水箱、水錶室、機械室等八項。,鋼筋混凝土造,114年11月7日,十四層,,持分移轉
RPOPMLLMKIKGFBJ18DA,,107.68,集合住宅,鋼筋混凝土造,114年11月7日,十四層,十二層 陽台,全筆移轉
RPOPMLLMKIKGFBJ18DA,,133.70,本共有部分之項目有：防空避難室兼停車空間、停車空間、樓梯間、排煙室、梯廳、水箱、水錶室、機械室等八項。,鋼筋混凝土造,114年11月7日,十四層,,持分移轉
RPQPMLLMKIKGFBJ38DA,,107.68,集合住宅,鋼筋混凝土造,114年11月7日,十四層,十四層 陽台,全筆移轉
RPQPMLLMKIKGFBJ38DA,,133.70,本共有部分之項目有：防空避難室兼停車空間、停車空間、樓梯間、排煙室、梯廳、水箱、水錶室、機械室等八項。,鋼筋混凝土造,114年11月7日,十四層,,持分移轉
RPTPMLLMKIKGFBJ68DA,,100.99,集合住宅,鋼筋混凝土造,114年11月7日,十四層,四層 陽台,全筆移轉
RPVPMLLMKIKGFBJ88DA,,100.99,集合住宅,鋼筋混凝土造,114年11月7日,十四層,六層 陽台,全筆移轉
RPVPMLLMKIKGFBJ88DA,,90.52,本共有部分之項目有：防空避難室兼停車空間、停車空間、樓梯間、排煙室、梯廳、水箱、水錶室、機械室等八項。,鋼筋混凝土造,114年11月7日,十四層,,持分移轉
RPTPMLLMKIKGFBJ68DA,,130.32,本共有部分之項目有：防空避難室兼停車空間、停車空間、樓梯間、排煙室、梯廳、水箱、水錶室、機械室等八項。,鋼筋混凝土造,114年11月7日,十四層,,持分移轉
RPWPMLLMKIKGFBJ98DA,,100.99,集合住宅,鋼筋混凝土造,114年11月7日,十四層,七層 陽台,全筆移轉
RPWPMLLMKIKGFBJ98DA,,90.52,本共有部分之項目有：防空避難室兼停車空間、停車空間、樓梯間、排煙室、梯廳、水箱、水錶室、機械室等八項。,鋼筋混凝土造,114年11月7日,十四層,,持分移轉
RPOQMLLMKIKGFBJ28DA,,103.07,集合住宅,鋼筋混凝土造,114年11月7日,十四層,九層 陽台,全筆移轉
RPOQMLLMKIKGFBJ28DA,,91.56,本共有部分之項目有：防空避難室兼停車空間、停車空間、樓梯間、排煙室、梯廳、水箱、水錶室、機械室等八項。,鋼筋混凝土造,114年11月7日,十四層,,持分移轉
RPUPMLLMKIKGFBJ78DA,,100.99,集合住宅,鋼筋混凝土造,114年11月7日,十四層,五層 陽台,全筆移轉
RPUPMLLMKIKGFBJ78DA,,90.52,本共有部分之項目有：防空避難室兼停車空間、停車空間、樓梯間、排煙室、梯廳、水箱、水錶室、機械室等八項。,鋼筋混凝土造,114年11月7日,十四層,,持分移轉
RPQQMLLMKIKGFBJ48DA,,103.07,集合住宅,鋼筋混凝土造,114年11月7日,十四層,十一層 陽台,全筆移轉
RPQQMLLMKIKGFBJ48DA,,131.36,本共有部分之項目有：防空避難室兼停車空間、停車空間、樓梯間、排煙室、梯廳、水箱、水錶室、機械室等八項。,鋼筋混凝土造,114年11月7日,十四層,,持分移轉
RPRQMLLMKIKGFBJ58DA,,103.07,集合住宅,鋼筋混凝土造,114年11月7日,十四層,十二層 陽台,全筆移轉
RPRQMLLMKIKGFBJ58DA,,131.36,本共有部分之項目有：防空避難室兼停車空間、停車空間、樓梯間、排煙室、梯廳、水箱、水錶室、機械室等八項。,鋼筋混凝土造,114年11月7日,十四層,,持分移轉
RPPQMLLMKIKGFBJ38DA,,103.07,集合住宅,鋼筋混凝土造,114年11月7日,十四層,十層 陽台,全筆移轉
RPPQMLLMKIKGFBJ38DA,,131.36,本共有部分之項目有：防空避難室兼停車空間、停車空間、樓梯間、排煙室、梯廳、水箱、水錶室、機械室等八項。,鋼筋混凝土造,114年11月7日,十四層,,持分移轉
RPPRMLLMKIKGFBJ48DA,,93.68,集合住宅,鋼筋混凝土造,114年11月7日,十四層,六層 陽台,全筆移轉
RPWQMLLMKIKGFBJ09DA,,93.68,集合住宅,鋼筋混凝土造,114年11月7日,十四層,三層 陽台,全筆移轉
RPPRMLLMKIKGFBJ48DA,,86.88,本共有部分之項目有：防空避難室兼停車空間、停車空間、樓梯間、排煙室、梯廳、水箱、水錶室、機械室等八項。,鋼筋混凝土造,114年11月7日,十四層,,持分移轉
RPWQMLLMKIKGFBJ09DA,,86.88,本共有部分之項目有：防空避難室兼停車空間、停車空間、樓梯間、排煙室、梯廳、水箱、水錶室、機械室等八項。,鋼筋混凝土造,114年11月7日,十四層,,持分移轉
RPXQMLLMKIKGFBJ56DA,,93.68,集合住宅,鋼筋混凝土造,114年11月7日,十四層,四層 陽台,全筆移轉
RPXQMLLMKIKGFBJ56DA,,126.68,本共有部分之項目有：防空避難室兼停車空間、停車空間、樓梯間、排煙室、梯廳、水箱、水錶室、機械室等八項。,鋼筋混凝土造,114年11月7日,十四層,,持分移轉
RPOSMLLMKIKGFBJ48DA,,93.68,集合住宅,鋼筋混凝土造,114年11月7日,十四層,十四層 陽台,全筆移轉
RPOSMLLMKIKGFBJ48DA,,86.88,本共有部分之項目有：防空避難室兼停車空間、停車空間、樓梯間、排煙室、梯廳、水箱、水錶室、機械室等八項。,鋼筋混凝土造,114年11月7日,十四層,,持分移轉
RPORMLLMKIKGFBJ38DA,,93.68,集合住宅,鋼筋混凝土造,114年11月7日,十四層,五層 陽台,全筆移轉
RPORMLLMKIKGFBJ38DA,,86.88,本共有部分之項目有：防空避難室兼停車空間、停車空間、樓梯間、排煙室、梯廳、水箱、水錶室、機械室等八項。,鋼筋混凝土造,114年11月7日,十四層,,持分移轉
RPVQMLLMKIKGFBJ98DA,,95.51,集合住宅,鋼筋混凝土造,114年11月7日,十四層,二層 陽台,全筆移轉
RPVQMLLMKIKGFBJ98DA,,127.58,本共有部分之項目有：防空避難室兼停車空間、停車空間、樓梯間、排煙室、梯廳、水箱、水錶室、機械室等八項。,鋼筋混凝土造,114年11月7日,十四層,,持分移轉
RPUQMLLMKIKGFBJ88DA,,129.50,集合住宅,鋼筋混凝土造,114年11月7日,十四層,一層 陽台 見其他登記事項,全筆移轉
RPUQMLLMKIKGFBJ88DA,,144.67,本共有部分之項目有：防空避難室兼停車空間、停車空間、樓梯間、排煙室、梯廳、水箱、水錶室、機械室等八項。,鋼筋混凝土造,114年11月7日,十四層,,持分移轉
RPRPMLLMKIKGFBJ48DA,,100.99,集合住宅,鋼筋混凝土造,114年11月7日,十四層,二層 陽台,全筆移轉
RPRPMLLMKIKGFBJ48DA,,130.32,本共有部分之項目有：防空避難室兼停車空間、停車空間、樓梯間、排煙室、梯廳、水箱、水錶室、機械室等八項。,鋼筋混凝土造,114年11月7日,十四層,,持分移轉
RPSNMLLMKIKGFBJ38DA,,105.32,集合住宅,鋼筋混凝土造,114年11月7日,十四層,四層 陽台,全筆移轉
RPSNMLLMKIKGFBJ38DA,,92.68,本共有部分之項目有：防空避難室兼停車空間、停車空間、樓梯間、排煙室、梯廳、水箱、水錶室、機械室等八項。,鋼筋混凝土造,114年11月7日,十四層,,持分移轉
RPRRMLLMKIKGFBJ68DA,,93.68,集合住宅,鋼筋混凝土造,114年11月7日,十四層,七層 陽台,全筆移轉
RPRRMLLMKIKGFBJ68DA,,86.88,本共有部分之項目有：防空避難室兼停車空間、停車空間、樓梯間、排煙室、梯廳、水箱、水錶室、機械室等八項。,鋼筋混凝土造,114年11月7日,十四層,,持分移轉
RPRNMLLMKIKGFBJ28DA,,105.32,集合住宅,鋼筋混凝土造,114年11月7日,十四層,三層 陽台,全筆移轉
RPXOMLLMKIKGFBJ98DA,,107.68,集合住宅,鋼筋混凝土造,114年11月7日,十四層,十一層 陽台,全筆移轉
RPRNMLLMKIKGFBJ28DA,,92.68,本共有部分之項目有：防空避難室兼停車空間、停車空間、樓梯間、排煙室、梯廳、水箱、水錶室、機械室等八項。,鋼筋混凝土造,114年11月7日,十四層,,持分移轉
RPXOMLLMKIKGFBJ98DA,,133.70,本共有部分之項目有：防空避難室兼停車空間、停車空間、樓梯間、排煙室、梯廳、水箱、水錶室、機械室等八項。,鋼筋混凝土造,114年11月7日,十四層,,持分移轉
RPPPMLLMKIKGFBJ28DA,,107.68,集合住宅,鋼筋混凝土造,114年11月7日,十四層,十三層 陽台,全筆移轉
RPPPMLLMKIKGFBJ28DA,,133.70,本共有部分之項目有：防空避難室兼停車空間、停車空間、樓梯間、排煙室、梯廳、水箱、水錶室、機械室等八項。,鋼筋混凝土造,114年11月7日,十四層,,持分移轉
RPXPMLLMKIKGFBJ09DA,,103.07,集合住宅,鋼筋混凝土造,114年11月7日,十四層,八層 陽台,全筆移轉
RPXPMLLMKIKGFBJ09DA,,91.56,本共有部分之項目有：防空避難室兼停車空間、停車空間、樓梯間、排煙室、梯廳、水箱、水錶室、機械室等八項。,鋼筋混凝土造,114年11月7日,十四層,,持分移轉
RPTQMLLMKIKGFBJ78DA,,103.07,集合住宅,鋼筋混凝土造,114年11月7日,十四層,十四層 陽台,全筆移轉
RPTQMLLMKIKGFBJ78DA,,131.36,本共有部分之項目有：防空避難室兼停車空間、停車空間、樓梯間、排煙室、梯廳、水箱、水錶室、機械室等八項。,鋼筋混凝土造,114年11月7日,十四層,,持分移轉
RPSRMLLMKIKGFBJ78DA,,93.68,集合住宅,鋼筋混凝土造,114年11月7日,十四層,八層 陽台,全筆移轉
RPPNMLMLJHLGFBJ97DA,,93.68,集合住宅,鋼筋混凝土造,114年11月7日,十四層,十二層 陽台,全筆移轉
RPPNMLMLJHLGFBJ97DA,,86.88,本共有部分之項目有：防空避難室兼停車空間、停車空間、樓梯間、排煙室、梯廳、水箱、水錶室、機械室等八項。,鋼筋混凝土造,114年11月7日,十四層,,持分移轉
RPSRMLLMKIKGFBJ78DA,,86.88,本共有部分之項目有：防空避難室兼停車空間、停車空間、樓梯間、排煙室、梯廳、水箱、水錶室、機械室等八項。,鋼筋混凝土造,114年11月7日,十四層,,持分移轉
RPTNMLQLJHLGFDJ98DA,,82.10,集合住宅,鋼筋混凝土造,114年12月16日,十三層,八層 陽台,全筆移轉
RPTNMLQLJHLGFDJ98DA,,77.95,本共有部分之項目有集合住宅、防空避難室兼停車空間、停車空間、公共服務空間、樓梯間等５項,鋼筋混凝土造,114年12月16日,十三層,,持分移轉
RPWOMLSLJHLGFDJ96DA,,82.10,集合住宅,鋼筋混凝土造,114年12月16日,十三層,十二層 陽台,全筆移轉
RPWOMLSLJHLGFDJ96DA,,77.95,本共有部分之項目有集合住宅、防空避難室兼停車空間、停車空間、公共服務空間、樓梯間等５項,鋼筋混凝土造,114年12月16日,十三層,,持分移轉
RPURMLLMKIKGFBJ98DA,,93.68,集合住宅,鋼筋混凝土造,114年11月7日,十四層,十層 陽台,全筆移轉
RPURMLLMKIKGFBJ98DA,,86.88,本共有部分之項目有：防空避難室兼停車空間、停車空間、樓梯間、排煙室、梯廳、水箱、水錶室、機械室等八項。,鋼筋混凝土造,114年11月7日,十四層,,持分移轉
RPRPMLQLJHLGFDJ98DA,,82.10,集合住宅,鋼筋混凝土造,114年12月16日,十三層,九層 陽台,全筆移轉
RPRPMLQLJHLGFDJ98DA,,77.95,本共有部分之項目有集合住宅、防空避難室兼停車空間、停車空間、公共服務空間、樓梯間等５項,鋼筋混凝土造,114年12月16日,十三層,,持分移轉
RPSQMLLMKIKGFBJ68DA,,103.07,集合住宅,鋼筋混凝土造,114年11月7日,十四層,十三層 陽台,全筆移轉
RPSQMLLMKIKGFBJ68DA,,131.36,本共有部分之項目有：防空避難室兼停車空間、停車空間、樓梯間、排煙室、梯廳、水箱、水錶室、機械室等八項。,鋼筋混凝土造,114年11月7日,十四層,,持分移轉
RPUQMLNJKHLGFDJ98DA,,71.52,集合住宅,鋼筋混凝土造,114年12月16日,十三層,五層 陽台,全筆移轉
RPPQMLNJKHLGFDJ48DA,,82.10,集合住宅,鋼筋混凝土造,114年12月16日,十三層,九層 陽台,全筆移轉
RPUQMLNJKHLGFDJ98DA,,72.84,本共有部分之項目有集合住宅、防空避難室兼停車空間、停車空間、公共服務空間、樓梯間等５項,鋼筋混凝土造,114年12月16日,十三層,,持分移轉
RPPQMLNJKHLGFDJ48DA,,77.95,本共有部分之項目有集合住宅、防空避難室兼停車空間、停車空間、公共服務空間、樓梯間等５項,鋼筋混凝土造,114年12月16日,十三層,,持分移轉
RPRQMLNJKHLGFDJ68DA,,82.10,集合住宅,鋼筋混凝土造,114年12月16日,十三層,十三層 陽台,全筆移轉
RPRQMLNJKHLGFDJ68DA,,77.95,本共有部分之項目有集合住宅、防空避難室兼停車空間、停車空間、公共服務空間、樓梯間等５項,鋼筋混凝土造,114年12月16日,十三層,,持分移轉
RPQSMLNJKHLGFDJ78DA,,82.10,集合住宅,鋼筋混凝土造,114年12月16日,十三層,三層 陽台,全筆移轉
RPQSMLNJKHLGFDJ78DA,,81.23,本共有部分之項目有集合住宅、防空避難室兼停車空間、停車空間、公共服務空間、樓梯間等５項,鋼筋混凝土造,114年12月16日,十三層,,持分移轉
RPVOMLTJKHLGFDJ86DA,,88.83,集合住宅,鋼筋混凝土造,114年12月16日,十三層,三層 陽台,全筆移轉
RPVOMLTJKHLGFDJ86DA,,81.81,本共有部分之項目有集合住宅、防空避難室兼停車空間、停車空間、公共服務空間、樓梯間等５項,鋼筋混凝土造,114年12月16日,十三層,,持分移轉
RPQRMLNJKHLGFDJ68DA,,71.52,集合住宅,鋼筋混凝土造,114年12月16日,十三層,十一層 陽台,全筆移轉
RPVRMLNJKHLGFDJ56DA,,88.83,集合住宅,鋼筋混凝土造,114年12月16日,十三層,八層 陽台,全筆移轉
RPQRMLNJKHLGFDJ68DA,,72.84,本共有部分之項目有集合住宅、防空避難室兼停車空間、停車空間、公共服務空間、樓梯間等５項,鋼筋混凝土造,114年12月16日,十三層,,持分移轉
RPVRMLNJKHLGFDJ56DA,,81.81,本共有部分之項目有集合住宅、防空避難室兼停車空間、停車空間、公共服務空間、樓梯間等５項,鋼筋混凝土造,114年12月16日,十三層,,持分移轉
RPVTMLNJKHLGFDJ76DA,,88.83,集合住宅,鋼筋混凝土造,114年12月16日,十三層,十三層 陽台,全筆移轉
RPUSMLNJKHLGFDJ56DA,,82.10,集合住宅,鋼筋混凝土造,114年12月16日,十三層,八層 陽台,全筆移轉
RPVTMLNJKHLGFDJ76DA,,85.16,本共有部分之項目有集合住宅、防空避難室兼停車空間、停車空間、公共服務空間、樓梯間等５項,鋼筋混凝土造,114年12月16日,十三層,,持分移轉
RPUSMLNJKHLGFDJ56DA,,81.30,本共有部分之項目有集合住宅、防空避難室兼停車空間、停車空間、公共服務空間、樓梯間等５項,鋼筋混凝土造,114年12月16日,十三層,,持分移轉
RPSNMLQLJHLGFDJ88DA,,82.10,集合住宅,鋼筋混凝土造,114年12月16日,十三層,六層 陽台,全筆移轉
RPSNMLQLJHLGFDJ88DA,,77.95,本共有部分之項目有集合住宅、防空避難室兼停車空間、停車空間、公共服務空間、樓梯間等５項,鋼筋混凝土造,114年12月16日,十三層,,持分移轉
RPWSMLNJKHLGFDJ76DA,,71.52,集合住宅,鋼筋混凝土造,114年12月16日,十三層,七層 陽台,全筆移轉
RPWSMLNJKHLGFDJ76DA,,72.84,本共有部分之項目有集合住宅、防空避難室兼停車空間、停車空間、公共服務空間、樓梯間等５項,鋼筋混凝土造,114年12月16日,十三層,,持分移轉
RPXRMLLMKIKGFBJ66DA,,93.68,集合住宅,鋼筋混凝土造,114年11月7日,十四層,十三層 陽台,全筆移轉
RPVRMLLMKIKGFBJ09DA,,93.68,集合住宅,鋼筋混凝土造,114年11月7日,十四層,十一層 陽台,全筆移轉
RPXRMLLMKIKGFBJ66DA,,86.88,本共有部分之項目有：防空避難室兼停車空間、停車空間、樓梯間、排煙室、梯廳、水箱、水錶室、機械室等八項。,鋼筋混凝土造,114年11月7日,十四層,,持分移轉
RPVRMLLMKIKGFBJ09DA,,126.68,本共有部分之項目有：防空避難室兼停車空間、停車空間、樓梯間、排煙室、梯廳、水箱、水錶室、機械室等八項。,鋼筋混凝土造,114年11月7日,十四層,,持分移轉
RPSOMLQLJHLGFDJ98DA,,88.83,集合住宅,鋼筋混凝土造,114年12月16日,十三層,十層 陽台,全筆移轉
RPSOMLQLJHLGFDJ98DA,,81.81,本共有部分之項目有集合住宅、防空避難室兼停車空間、停車空間、公共服務空間、樓梯間等５項,鋼筋混凝土造,114年12月16日,十三層,,持分移轉
RPVOMLQLJHLGFDJ66DA,,64.59,集合住宅,鋼筋混凝土造,114年12月16日,十三層,四層 陽台,全筆移轉
RPVOMLQLJHLGFDJ66DA,,69.34,本共有部分之項目有集合住宅、防空避難室兼停車空間、停車空間、公共服務空間、樓梯間等５項,鋼筋混凝土造,114年12月16日,十三層,,持分移轉
RPSQMLQLJHLGFDJ56DA,,88.83,集合住宅,鋼筋混凝土造,114年12月16日,十三層,九層 陽台,全筆移轉
RPSQMLQLJHLGFDJ56DA,,81.81,本共有部分之項目有集合住宅、防空避難室兼停車空間、停車空間、公共服務空間、樓梯間等５項,鋼筋混凝土造,114年12月16日,十三層,,持分移轉
RPQPMLQLJHLGFDJ88DA,,82.10,集合住宅,鋼筋混凝土造,114年12月16日,十三層,七層 陽台,全筆移轉
RPQPMLQLJHLGFDJ88DA,,81.30,本共有部分之項目有集合住宅、防空避難室兼停車空間、停車空間、公共服務空間、樓梯間等５項,鋼筋混凝土造,114年12月16日,十三層,,持分移轉
RPOPMLSLJHLGFDJ88DA,,88.83,集合住宅,鋼筋混凝土造,114年12月16日,十三層,五層 陽台,全筆移轉
RPOPMLSLJHLGFDJ88DA,,81.81,本共有部分之項目有集合住宅、防空避難室兼停車空間、停車空間、公共服務空間、樓梯間等５項,鋼筋混凝土造,114年12月16日,十三層,,持分移轉
RPXQMLQLJHLGFDJ07DA,,88.83,集合住宅,鋼筋混凝土造,114年12月16日,十三層,十二層 陽台,全筆移轉
RPVPMLNJKHLGFDJ98DA,,82.10,集合住宅,鋼筋混凝土造,114年12月16日,十三層,五層 陽台,全筆移轉
RPXQMLQLJHLGFDJ07DA,,85.16,本共有部分之項目有集合住宅、防空避難室兼停車空間、停車空間、公共服務空間、樓梯間等５項,鋼筋混凝土造,114年12月16日,十三層,,持分移轉
RPVPMLNJKHLGFDJ98DA,,77.95,本共有部分之項目有集合住宅、防空避難室兼停車空間、停車空間、公共服務空間、樓梯間等５項,鋼筋混凝土造,114年12月16日,十三層,,持分移轉
RPTSMLNJKHLGFDJ09DA,,82.10,集合住宅,鋼筋混凝土造,114年12月16日,十三層,六層 陽台,全筆移轉
RPTSMLNJKHLGFDJ09DA,,81.30,本共有部分之項目有集合住宅、防空避難室兼停車空間、停車空間、公共服務空間、樓梯間等５項,鋼筋混凝土造,114年12月16日,十三層,,持分移轉
RPVNMLSLJHLGFDJ76DA,,82.10,集合住宅,鋼筋混凝土造,114年12月16日,十三層,四層 陽台,全筆移轉
RPVNMLSLJHLGFDJ76DA,,77.87,本共有部分之項目有集合住宅、防空避難室兼停車空間、停車空間、公共服務空間、樓梯間等５項,鋼筋混凝土造,114年12月16日,十三層,,持分移轉
RPPQMLQLJHLGFDJ88DA,,88.83,集合住宅,鋼筋混凝土造,114年12月16日,十三層,八層 陽台,全筆移轉
RPPQMLQLJHLGFDJ88DA,,81.81,本共有部分之項目有集合住宅、防空避難室兼停車空間、停車空間、公共服務空間、樓梯間等５項,鋼筋混凝土造,114年12月16日,十三層,,持分移轉
RPWPMLNJKHLGFDJ09DA,,82.10,集合住宅,鋼筋混凝土造,114年12月16日,十三層,七層 陽台,全筆移轉
RPWPMLNJKHLGFDJ09DA,,77.95,本共有部分之項目有集合住宅、防空避難室兼停車空間、停車空間、公共服務空間、樓梯間等５項,鋼筋混凝土造,114年12月16日,十三層,,持分移轉
RPURMLNJKHLGFDJ09DA,,88.83,集合住宅,鋼筋混凝土造,114年12月16日,十三層,六層 陽台,全筆移轉
RPXQMLNJKHLGFDJ66DA,,71.52,集合住宅,鋼筋混凝土造,114年12月16日,十三層,七層 陽台,全筆移轉
RPXQMLNJKHLGFDJ66DA,,72.84,本共有部分之項目有集合住宅、防空避難室兼停車空間、停車空間、公共服務空間、樓梯間等５項,鋼筋混凝土造,114年12月16日,十三層,,持分移轉
RPURMLNJKHLGFDJ09DA,,81.81,本共有部分之項目有集合住宅、防空避難室兼停車空間、停車空間、公共服務空間、樓梯間等５項,鋼筋混凝土造,114年12月16日,十三層,,持分移轉
RPOSMLNJKHLGFDJ58DA,,64.59,集合住宅,鋼筋混凝土造,114年12月16日,十三層,七層 陽台,全筆移轉
RPOSMLNJKHLGFDJ58DA,,69.34,本共有部分之項目有集合住宅、防空避難室兼停車空間、停車空間、公共服務空間、樓梯間等５項,鋼筋混凝土造,114年12月16日,十三層,,持分移轉
RPSSMLNJKHLGFDJ98DA,,82.10,集合住宅,鋼筋混凝土造,114年12月16日,十三層,五層 陽台,全筆移轉
RPSSMLNJKHLGFDJ98DA,,74.30,本共有部分之項目有集合住宅、防空避難室兼停車空間、停車空間、公共服務空間、樓梯間等５項,鋼筋混凝土造,114年12月16日,十三層,,持分移轉
RPXSMLNJKHLGFDJ86DA,,71.52,集合住宅,鋼筋混凝土造,114年12月16日,十三層,八層 陽台,全筆移轉
RPXSMLNJKHLGFDJ86DA,,76.20,本共有部分之項目有集合住宅、防空避難室兼停車空間、停車空間、公共服務空間、樓梯間等５項,鋼筋混凝土造,114年12月16日,十三層,,持分移轉
RPRSMLNJKHLGFDJ88DA,,82.10,集合住宅,鋼筋混凝土造,114年12月16日,十三層,四層 陽台,全筆移轉
RPRSMLNJKHLGFDJ88DA,,77.87,本共有部分之項目有集合住宅、防空避難室兼停車空間、停車空間、公共服務空間、樓梯間等５項,鋼筋混凝土造,114年12月16日,十三層,,持分移轉
RPQTMLNJKHLGFDJ88DA,,88.83,集合住宅,鋼筋混凝土造,114年12月16日,十三層,三層 陽台,全筆移轉
RPQTMLNJKHLGFDJ88DA,,85.16,本共有部分之項目有集合住宅、防空避難室兼停車空間、停車空間、公共服務空間、樓梯間等５項,鋼筋混凝土造,114年12月16日,十三層,,持分移轉
RPTTMLNJKHLGFDJ56DA,,88.83,集合住宅,鋼筋混凝土造,114年12月16日,十三層,七層 陽台,全筆移轉
RPTTMLNJKHLGFDJ56DA,,81.81,本共有部分之項目有集合住宅、防空避難室兼停車空間、停車空間、公共服務空間、樓梯間等５項,鋼筋混凝土造,114年12月16日,十三層,,持分移轉
RPVNMLTJJHLGFCJ56DA,,221.37,停車空間、集合住宅,鋼筋混凝土造,114年3月28日,四層,一層 二層 三層 四層 陽台,全筆移轉
RPQOMLQLJHLGFDJ78DA,,71.52,集合住宅,鋼筋混凝土造,114年12月16日,十三層,十層 陽台,全筆移轉
RPQOMLQLJHLGFDJ78DA,,72.84,本共有部分之項目有集合住宅、防空避難室兼停車空間、停車空間、公共服務空間、樓梯間等５項,鋼筋混凝土造,114年12月16日,十三層,,持分移轉
RPPOMLMJKIKGFBJ97DA,,85.31,集合住宅,鋼筋混凝土造,114年7月17日,二十層,十七層 陽台,全筆移轉
RPPOMLMJKIKGFBJ97DA,,37.80,本共有部分之項目有排煙室、梯廳、門廳、安全梯、特別安全梯、資源回收室、公共服務空間、防災中心、車道、梯廳兼排煙室、水錶室、中繼消防機房、水箱、消防水箱、機械室、樓梯間等十六項。,鋼筋混凝土造,114年7月17日,二十層,,持分移轉
RPPOMLMJKIKGFBJ97DA,,44.83,本共有部分之項目有停車空間、水箱、安全梯、排煙室、消防機房、汙水機房、防空避難室兼停車空間、機械室、梯廳、台電配電室、電信室、緊急發電機室、電錶室、中繼消防機房等十四項。,鋼筋混凝土造,114年7月17日,二十層,,持分移轉
RPWNMLMJKIKGFBJ58DA,,118.76,集合住宅,鋼筋混凝土造,114年7月17日,二十層,三層 陽台,全筆移轉
RPWNMLNLKIKGFBJ88DA,,83.61,集合住宅,鋼筋混凝土造,114年7月17日,二十層,三層 陽台,全筆移轉
RPWNMLMJKIKGFBJ58DA,,52.64,本共有部分之項目有排煙室、梯廳、門廳、安全梯、特別安全梯、資源回收室、公共服務空間、防災中心、車道、梯廳兼排煙室、水錶室、中繼消防機房、水箱、消防水箱、機械室、樓梯間等十六項。,鋼筋混凝土造,114年7月17日,二十層,,持分移轉
RPWNMLNLKIKGFBJ88DA,,37.05,本共有部分之項目有排煙室、梯廳、門廳、安全梯、特別安全梯、資源回收室、公共服務空間、防災中心、車道、梯廳兼排煙室、水錶室、中繼消防機房、水箱、消防水箱、機械室、樓梯間等十六項。,鋼筋混凝土造,114年7月17日,二十層,,持分移轉
RPWNMLMJKIKGFBJ58DA,,85.99,本共有部分之項目有停車空間、水箱、安全梯、排煙室、消防機房、汙水機房、防空避難室兼停車空間、機械室、梯廳、台電配電室、電信室、緊急發電機室、電錶室、中繼消防機房等十四項。,鋼筋混凝土造,114年7月17日,二十層,,持分移轉
RPSTMLNJKHLGFDJ09DA,,88.83,集合住宅,鋼筋混凝土造,114年12月16日,十三層,六層 陽台,全筆移轉
RPWNMLNLKIKGFBJ88DA,,44.70,本共有部分之項目有停車空間、水箱、安全梯、排煙室、消防機房、汙水機房、防空避難室兼停車空間、機械室、梯廳、台電配電室、電信室、緊急發電機室、電錶室、中繼消防機房等十四項。,鋼筋混凝土造,114年7月17日,二十層,,持分移轉
RPSTMLNJKHLGFDJ09DA,,81.81,本共有部分之項目有集合住宅、防空避難室兼停車空間、停車空間、公共服務空間、樓梯間等５項,鋼筋混凝土造,114年12月16日,十三層,,持分移轉
RPOOMLMJKIKGFBJ87DA,,85.31,集合住宅,鋼筋混凝土造,114年7月17日,二十層,十七層 陽台,全筆移轉
RPOOMLMJKIKGFBJ87DA,,37.80,本共有部分之項目有排煙室、梯廳、門廳、安全梯、特別安全梯、資源回收室、公共服務空間、防災中心、車道、梯廳兼排煙室、水錶室、中繼消防機房、水箱、消防水箱、機械室、樓梯間等十六項。,鋼筋混凝土造,114年7月17日,二十層,,持分移轉
RPOOMLMJKIKGFBJ87DA,,44.83,本共有部分之項目有停車空間、水箱、安全梯、排煙室、消防機房、汙水機房、防空避難室兼停車空間、機械室、梯廳、台電配電室、電信室、緊急發電機室、電錶室、中繼消防機房等十四項。,鋼筋混凝土造,114年7月17日,二十層,,持分移轉
RPPNMLLKKIKGFBJ87DA,,118.76,集合住宅,鋼筋混凝土造,114年7月17日,二十層,四層 陽台,全筆移轉
RPPNMLLKKIKGFBJ87DA,,52.64,本共有部分之項目有排煙室、梯廳、門廳、安全梯、特別安全梯、資源回收室、公共服務空間、防災中心、車道、梯廳兼排煙室、水錶室、中繼消防機房、水箱、消防水箱、機械室、樓梯間等十六項。,鋼筋混凝土造,114年7月17日,二十層,,持分移轉
RPPNMLLKKIKGFBJ87DA,,85.92,本共有部分之項目有停車空間、水箱、安全梯、排煙室、消防機房、汙水機房、防空避難室兼停車空間、機械室、梯廳、台電配電室、電信室、緊急發電機室、電錶室、中繼消防機房等十四項。,鋼筋混凝土造,114年7月17日,二十層,,持分移轉
RPOOMLRKKIKGFCJ58DA,,281.73,集合住宅、停車空間,鋼筋混凝土造,114年9月19日,五層,一層 二層 三層 四層 五層 陽台,全筆移轉
RPXNMLTJJHLGFCJ76DA,,245.73,集合住宅、停車空間,鋼筋混凝土造,114年9月19日,五層,一層 二層 三層 四層 五層 陽台,全筆移轉
RPOOMLTJJHLGFCJ58DA,,249.51,集合住宅、停車空間,鋼筋混凝土造,114年9月19日,五層,一層 二層 三層 四層 五層 陽台,全筆移轉
RPTNMLRKKIKGFCJ98DA,,245.73,集合住宅、停車空間,鋼筋混凝土造,114年9月19日,五層,一層 二層 三層 四層 五層 陽台,全筆移轉
RPRNMLTJKHLGFCJ88DA,,245.73,集合住宅、停車空間,鋼筋混凝土造,114年9月19日,五層,一層 二層 三層 四層 五層 陽台,全筆移轉
RPUNMLRKKIKGFCJ09DA,,249.51,集合住宅、停車空間,鋼筋混凝土造,114年9月19日,五層,一層 二層 三層 四層 五層 陽台,全筆移轉
RPWNMLTJJHLGFCJ66DA,,195.74,集合住宅,鋼筋混凝土造,114年9月19日,四層,一層 二層 三層 四層 陽台,全筆移轉
RPQNMLTJKHLGFCJ78DA,,195.74,集合住宅,鋼筋混凝土造,114年9月19日,四層,一層 二層 三層 四層 陽台,全筆移轉
RPPOMLRKKIKGFCJ68DA,,350.57,集合住宅、停車空間,鋼筋混凝土造,114年9月19日,五層,一層 二層 三層 四層 五層 陽台,全筆移轉
RPVNMLRKKIKGFCJ56DA,,245.73,集合住宅、停車空間,鋼筋混凝土造,114年9月19日,五層,一層 二層 三層 四層 五層 陽台,全筆移轉
RPWNMLRKKIKGFCJ66DA,,249.51,集合住宅、停車空間,鋼筋混凝土造,114年9月19日,五層,一層 二層 三層 四層 五層 陽台,全筆移轉
RPSNMLTJKHLGFCJ98DA,,350.57,集合住宅、停車空間,鋼筋混凝土造,114年9月19日,五層,一層 二層 三層 四層 五層 陽台,全筆移轉
RPSNMLRKKIKGFCJ88DA,,249.51,集合住宅、停車空間,鋼筋混凝土造,114年9月19日,五層,一層 二層 三層 四層 五層 陽台,全筆移轉
RPQNMLRKKIKGFCJ68DA,,199.12,集合住宅,鋼筋混凝土造,114年9月19日,四層,一層 二層 三層 四層 陽台,全筆移轉
RPXNMLRKKIKGFCJ76DA,,245.73,集合住宅、停車空間,鋼筋混凝土造,114年9月19日,五層,一層 二層 三層 四層 五層 陽台,全筆移轉
RPRNMLRKKIKGFCJ78DA,,249.51,集合住宅、停車空間,鋼筋混凝土造,114年9月19日,五層,一層 二層 三層 四層 五層 陽台,全筆移轉
