編號,土地位置,土地移轉面積平方公尺,使用分區或編定,權利人持分分母,權利人持分分子,移轉情形,地號
The serial number, land position,land shifting area square meter,the use zoning or compiles and checks,,,,land parcel
RPPOMLOJKHLGFFK68DA,顯會段,22.09,都市：其他:公園用地,600,50,持分移轉,09680000
RPROMLTJKHLGFFK76DA,北獅里興段北獅里興小段,38.00,非都市：山坡地保育區 ; 非都市編定：丙種建築用地,1,1,全筆移轉,02570085
RPWQMLKKKHLGFDK09DA,大同段,15.81,都市：其他:商業區,100000,620,持分移轉,06960000
RPSNMLPJKHLGFDK78DA,成功段,28.36,都市：其他:公園用地,180,9,持分移轉,01490000
RPSNMLPJKHLGFDK78DA,成功段,110.52,都市：其他:農業區,180,9,持分移轉,01500000
RPSNMLPJKHLGFDK78DA,成功段,99.07,都市：其他:農業區,180,9,持分移轉,01510000
RPSNMLPJKHLGFDK78DA,成功段,74.89,都市：其他:農業區,900,45,持分移轉,01520000
RPSNMLPJKHLGFDK78DA,成功段,.29,都市：其他:農業區,20,1,持分移轉,01520001
RPPNMLPLKHLGFEK88EA,雙潭段,2006.51,非都市：山坡地保育區 ; 非都市編定：農牧用地,1,1,全筆移轉,08330004
RPXNMLNJKHLGFBK88DA,關爺埔段,1000.00,非都市：特定農業區 ; 非都市編定：農牧用地,1,1,全筆移轉,05500000
RPOOMLNJKHLGFBK08DA,關爺埔段,1000.00,非都市：特定農業區 ; 非都市編定：農牧用地,1,1,全筆移轉,05500013
RPRNMLNJKHLGFBK28DA,關爺埔段,1030.45,非都市：特定農業區 ; 非都市編定：農牧用地,1,1,全筆移轉,05500014
RPWNMLOJKHLGFBK88DA,維祥段維祥小段,98.00,非都市：特定農業區 ; 非都市編定：水利用地,1,1,全筆移轉,02030006
RPTNMLKKKHLGFBK28DA,外獅潭段,26.00,非都市：特定農業區 ; 非都市編定：甲種建築用地,1,1,全筆移轉,05700006
RPTNMLQJKHLGFCK88DA,泰田段,53.00,非都市：特定農業區 ; 非都市編定：甲種建築用地,1,1,全筆移轉,16580000
RPPNMLPJLHLGFBK38DA,英才段,137.66,都市：其他:住宅區,4,2,持分移轉,11840000
RPQPMLTJKHLGFFK76DA,親民段,54.01,非都市：山坡地保育區 ; 非都市編定：丙種建築用地,1224,54,持分移轉,01880000
RPPNMLOLKHLGFDK58DA,大桃坪段,3000.00,非都市：山坡地保育區 ; 非都市編定：林業用地,1,1,全筆移轉,06250023
RPROMLPLKHLGFDK98DA,龍昇段,1312.56,非都市：山坡地保育區 ; 非都市編定：水利用地,1125000,562500,持分移轉,08440000
RPRNMLPJJHLGFCK48DA,慈護段,100.40,非都市：山坡地保育區 ; 非都市編定：丙種建築用地,5,1,持分移轉,02670000
RPRNMLPJJHLGFCK48DA,慈護段,152.31,非都市：山坡地保育區 ; 非都市編定：丙種建築用地,5,1,持分移轉,02680000
RPTNMLNKJHLGFFK88DA,興埔段,549.89,非都市：山坡地保育區 ; 非都市編定：丙種建築用地,3,1,持分移轉,00860000
RPPNMLOJLHLGFCK38DA,苑南段,4.79,都市：其他:住宅區,1,1,全筆移轉,08370001
RPTNMLMJKHLGFDK58DA,龍鳳西段,100.05,都市：其他:住宅區,1,1,全筆移轉,03490000
RPPNMLOJJHLGFCK18DA,湖內段,394.03,非都市：一般農業區 ; 非都市編定：農牧用地,1,1,全筆移轉,07670000
RPVNMLTJJHLGFFK96DA,親民段,60.37,非都市：山坡地保育區 ; 非都市編定：丙種建築用地,36,1,持分移轉,00710000
RPQNMLPKJHLGFEK68DA,新雞隆段,1738.00,非都市：山坡地保育區 ; 非都市編定：林業用地,1,1,全筆移轉,26960002
RPPNMLMKJHLGFFK38DA,北獅里興段北獅里興小段,100.00,非都市：山坡地保育區 ; 非都市編定：林業用地,1,1,全筆移轉,02680081
RPPNMLLJJHLGFBK77DA,大坑段,252.00,非都市：特定農業區 ; 非都市編定：甲種建築用地,1,1,全筆移轉,01440003
RPPOMLQJJHLGFFK78DA,仁愛段,21.56,都市：其他:住宅區,10000,36,持分移轉,00480000
RPPNMLMKJHLGFBK97DA,南勢坑段下南勢坑小段,1232.00,非都市：山坡地保育區 ; 非都市編定：農牧用地,1,1,全筆移轉,04190000
RPTNMLKLJHLGFCK38DA,鎮安段,439.40,非都市：特定農業區 ; 非都市編定：農牧用地,1,1,全筆移轉,10390002
RPUNMLMKJHLGFBK48DA,枋寮坑段,298.54,非都市：山坡地保育區 ; 非都市編定：農牧用地,100000,2169,持分移轉,04750004
RPPOMLMKJHLGFDK28DA,海口段港子墘小段,171.09,都市：其他:農業區,1,1,全筆移轉,05250002
RPPNMLQKJHLGFDK58DA,淡文湖段,12.35,非都市：山坡地保育區 ; 非都市編定：丙種建築用地,10000,95,持分移轉,09240026
RPPNMLSJJHLGFDK68DA,龍富段,17.94,都市：其他:第一種住宅區,1000000,30396,持分移轉,05140000
RPPNMLSJJHLGFDK68DA,龍富段,60.58,都市：其他:第一種住宅區,1,1,全筆移轉,05140016
RPPNMLSJJHLGFDK68DA,龍富段,2.10,都市：其他:第一種住宅區,1000000,30396,持分移轉,05140032
RPVNMLOKJHLGFBK78DA,縣府段,7.64,都市：其他:住宅區,30000,244,持分移轉,04540000
RPRWMLRJJHLGFDK07DA,五福段,59.56,非都市：鄉村區 ; 非都市編定：乙種建築用地,1,1,全筆移轉,01590000
RPPNMLKLJHLGFEK28EA,天神段,1006.57,非都市：特定農業區 ; 非都市編定：農牧用地,1,1,全筆移轉,07340000
RPPNMLKLJHLGFEK28EA,天神段,284.30,非都市：特定農業區 ; 非都市編定：甲種建築用地,1,1,全筆移轉,07350000
RPUNMLTJJHLGFFK86DA,親民段,34.03,非都市：山坡地保育區 ; 非都市編定：丙種建築用地,1250,62,持分移轉,01560000
RPQNMLQKJHLGFCK58DA,新埔段,69.38,非都市：一般農業區 ; 非都市編定：農牧用地,96,3,持分移轉,01900000
RPQNMLQKJHLGFCK58DA,新埔段,49.00,非都市：一般農業區 ; 非都市編定：農牧用地,390,49,持分移轉,01920000
RPQNMLQKJHLGFCK58DA,新埔段,19.86,非都市：一般農業區 ; 非都市編定：農牧用地,28306,450,持分移轉,02110028
RPSNMLLLJHLGFCK38DA,啟心段,220.14,非都市：特定農業區 ; 非都市編定：甲種建築用地,1,1,全筆移轉,12230000
RPOVMLRJJHLGFDK66DA,龍鳳西段,1379.01,都市：其他:農業區,1,1,全筆移轉,03110000
RPPNMLLLJHLGFFK38DA,大化段,123.26,非都市：鄉村區 ; 非都市編定：丁種建築用地,100000,8748,持分移轉,09160006
RPRNMLSJJHLGFFK09DA,仁愛段,.28,都市：其他:商業區,100000,20,持分移轉,12530000
RPTNMLTKJHLGFCK56DA,平元段,66.43,都市：其他:道路用地,2,1,持分移轉,01840000
RPTNMLTKJHLGFCK56DA,平元段,87.49,都市：其他:道路用地,1,1,全筆移轉,08830002
RPVNMLNKJHLGFBK68DA,豐年段,23.85,都市：其他:商業區,1,1,全筆移轉,03480000
RPPNMLLLJHLGFDK28EA,海口段港子墘小段,727.00,非都市：特定農業區 ; 非都市編定：農牧用地,1,1,全筆移轉,06540000
RPPNMLLLJHLGFDK28EA,海口段港子墘小段,273.00,都市：其他:農業區,1,1,全筆移轉,06540001
RPPNMLLKJHLGFBK87DA,縣府段,177.07,都市：其他:停車場用地,1,1,全筆移轉,08570000
RPPNMLLLJHLGFDK18DA,龍北段,44.50,都市：其他:道路用地,2,1,持分移轉,00930001
RPWNMLLLJHLGFFK09DA,小東河段,76.26,非都市：森林區 ; 非都市編定：林業用地,1,1,全筆移轉,02690001
RPWNMLLLJHLGFFK09DA,小東河段,5113.78,非都市：森林區 ; 非都市編定：林業用地,1,1,全筆移轉,02720001
RPWNMLLLJHLGFFK09DA,小東河段,15800.69,非都市：森林區 ; 非都市編定：林業用地,1,1,全筆移轉,02730001
RPWNMLLLJHLGFFK09DA,小東河段,99.64,非都市：森林區 ; 非都市編定：林業用地,1,1,全筆移轉,02830029
RPXNMLLLJHLGFFK56DA,小東河段,13958.26,非都市：森林區 ; 非都市編定：林業用地,1,1,全筆移轉,02700001
RPXNMLLLJHLGFFK56DA,小東河段,707.36,非都市：森林區 ; 非都市編定：林業用地,1,1,全筆移轉,02720002
RPPNMLLLJHLGFAK97EA,義民段,1858.45,非都市：山坡地保育區 ; 非都市編定：農牧用地,1,1,全筆移轉,00030000
RPPNMLQLJHLGFEK78DA,銅興段,2656.36,非都市：特定農業區 ; 非都市編定：農牧用地,1,1,全筆移轉,07500000
RPWNMLSJJHLGFFK96DA,四灣段,1045.00,非都市：山坡地保育區 ; 非都市編定：農牧用地,1,1,全筆移轉,01200044
RPQNMLSLJHLGFBK78DA,大倫段,9.67,都市：其他:住宅區,1,1,全筆移轉,03910001
RPSNMLMKJHLGFFK68DA,新四灣段,7.52,非都市：一般農業區 ; 非都市編定：農牧用地,3,1,持分移轉,04370000
RPSNMLMKJHLGFFK68DA,新四灣段,6.76,非都市：一般農業區 ; 非都市編定：交通用地,3,1,持分移轉,04400000
RPSNMLMKJHLGFFK68DA,新四灣段,2.05,非都市：一般農業區 ; 非都市編定：交通用地,3,1,持分移轉,04410000
RPUNMLKLJHLGFFK78DA,蘆竹湳段蘆竹湳小段,157.33,都市：其他:工業區,6,1,持分移轉,04990000
RPRNMLRJJHLGFCK68DA,烏眉坑段,83.96,非都市：山坡地保育區 ; 非都市編定：農牧用地,27,1,持分移轉,10150011
RPRNMLRJJHLGFCK68DA,烏眉坑段,372.57,非都市：山坡地保育區 ; 非都市編定：農牧用地,7,1,持分移轉,10150014
RPPNMLQLJHLGFDK68DA,光復段,35.69,都市：其他:住宅區,12,4,持分移轉,08740000
RPWNMLNLJHLGFBK88DA,英才段,139.40,都市：其他:住宅區,1,1,全筆移轉,12800000
RPOOMLRLJHLGFDK78DA,后厝段,127.00,都市：其他:住宅區,1,1,全筆移轉,02080000
RPWNMLRLJHLGFDK86DA,二張犁段,2610.00,都市：其他:農業區,1,1,全筆移轉,08450000
RPUNMLNLJHLGFFK09DA,興隆段上埔小段,509.00,都市：其他:農業區,2,1,持分移轉,01430000
RPPNMLQKJHLGFEK68DA,十六份段,156.68,非都市：山坡地保育區 ; 非都市編定：丙種建築用地,10,4,持分移轉,08150000
RPTOMLRLJHLGFDK66DA,南豐湖段,78.88,非都市：山坡地保育區 ; 非都市編定：丙種建築用地,1,1,全筆移轉,11910000
RPRNMLSLJHLGFBK88DA,北苗段,9.67,都市：其他:商業區,10000,58,持分移轉,04650000
RPUNMLKLJHLGFBK38DA,三山段,149.23,非都市：鄉村區 ; 非都市編定：乙種建築用地,1,1,全筆移轉,08250000
RPQNMLQLJHLGFBK58DA,嘉福段,34.16,都市：其他:商業區,10000,1758,持分移轉,11410000
RPRNMLKLJHLGFDK28DA,復興段,34.59,非都市：鄉村區 ; 非都市編定：乙種建築用地,2,1,持分移轉,01020000
RPRNMLKLJHLGFDK28DA,復興段,34.59,非都市：鄉村區 ; 非都市編定：乙種建築用地,2,1,持分移轉,01020000
RPPNMLTKJHLGFEK98DA,二湖段,218.17,非都市：山坡地保育區 ; 非都市編定：丙種建築用地,12,2,持分移轉,05560000
RPSNMLTKJHLGFEK66DA,育英段,137.46,非都市：鄉村區 ; 非都市編定：乙種建築用地,3600,90,持分移轉,00710000
RPUNMLTKJHLGFFK96DA,上坪段,2621.74,非都市：山坡地保育區 ; 非都市編定：農牧用地,1,1,全筆移轉,06960000
RPPNMLSLJHLGFAK68EA,南湖段,2021.00,非都市：山坡地保育區 ; 非都市編定：林業用地,1,1,全筆移轉,13330639
RPRNMLMLJHLGFCK38DA,致民段,194.62,非都市：特定農業區 ; 非都市編定：甲種建築用地,2,1,持分移轉,00640000
RPSNMLNLJHLGFFK88DA,田尾段,992.00,非都市：山坡地保育區 ; 非都市編定：農牧用地,1,1,全筆移轉,00280000
RPSNMLNLJHLGFFK88DA,田尾段,950.00,非都市：山坡地保育區 ; 非都市編定：農牧用地,1,1,全筆移轉,00280008
RPPNMLKMJHLGFCK08DA,苑西段,70.70,都市：其他:住宅區,1,1,全筆移轉,00610000
RPQNMLNJKHLGFCK28DA,西海段,2389.00,非都市：特定農業區 ; 非都市編定：農牧用地,1,1,全筆移轉,05660000
SPSNMLNLJHLGFFK98DA,北獅里興段北獅里興小段,2285.00,非都市：山坡地保育區 ; 非都市編定：林業用地,1,1,全筆移轉,01550054
SPSNMLNLJHLGFFK98DA,北獅里興段北獅里興小段,995.00,非都市：山坡地保育區 ; 非都市編定：林業用地,1,1,全筆移轉,01550081
SPSNMLNLJHLGFFK98DA,北獅里興段北獅里興小段,588.00,非都市：山坡地保育區 ; 非都市編定：林業用地,1,1,全筆移轉,01550088
RPPNMLMLJHLGFDK38EA,新博愛段,.00,都市：其他:住宅區,1215,1,持分移轉,01100000
RPPNMLMLJHLGFDK38EA,新博愛段,.00,都市：其他:道路用地,33592320,4608,持分移轉,01140000
RPPNMLMLJHLGFDK38EA,新博愛段,.02,都市：其他:道路用地,33592320,4608,持分移轉,01150000
RPPNMLMLJHLGFDK38EA,新博愛段,.04,都市：其他:道路用地,33592320,4608,持分移轉,01170000
RPPNMLMLJHLGFDK38EA,新博愛段,.02,都市：其他:道路用地,33592320,4608,持分移轉,01200000
RPPNMLMLJHLGFDK38EA,新博愛段,.31,都市：其他:住宅區,7290,1,持分移轉,01210000
RPPNMLMLJHLGFDK38EA,新博愛段,.08,都市：其他:住宅區,4199040000,576000,持分移轉,01230000
RPPNMLMLJHLGFDK38EA,新博愛段,.02,都市：其他:道路用地,33592320,4608,持分移轉,01240000
RPPNMLMLJHLGFDK38EA,新博愛段,.00,都市：其他:道路用地,4199040000,576000,持分移轉,01250000
RPPNMLMLJHLGFDK38EA,新博愛段,.00,都市：其他:道路用地,4199040000,576000,持分移轉,01260000
RPPNMLMLJHLGFDK38EA,新博愛段,.22,都市：其他:住宅區,33592320,4608,持分移轉,01330000
RPPNMLMLJHLGFDK38EA,新博愛段,.03,都市：其他:道路用地,33592320,4608,持分移轉,01340000
RPPNMLMLJHLGFDK38EA,新博愛段,.08,都市：其他:住宅區,37791360,5184,持分移轉,01460000
RPPNMLMLJHLGFDK38EA,新博愛段,.02,都市：其他:住宅區,37791360,5184,持分移轉,01480000
RPPNMLMLJHLGFDK38EA,新博愛段,.01,都市：其他:住宅區,9447840000,1296000,持分移轉,01490000
RPPNMLMLJHLGFDK38EA,新博愛段,.00,都市：其他:人行步道用地,9447840000,1296000,持分移轉,01500000
RPPNMLMLJHLGFDK38EA,新博愛段,.01,都市：其他:人行步道用地,9447840000,1296000,持分移轉,01510000
RPPNMLMLJHLGFDK38EA,新博愛段,.01,都市：其他:住宅區,9447840000,1296000,持分移轉,01520000
RPPNMLMLJHLGFDK38EA,新博愛段,.00,都市：其他:人行步道用地,9447840000,1296000,持分移轉,01530000
RPPNMLMLJHLGFDK38EA,新博愛段,.02,都市：其他:住宅區,9447840000,1296000,持分移轉,01540000
RPPNMLMLJHLGFDK38EA,新博愛段,.00,都市：其他:道路用地,7290,1,持分移轉,01550000
RPPNMLMLJHLGFDK38EA,新博愛段,.00,都市：其他:道路用地,7290,1,持分移轉,01550001
RPPNMLMLJHLGFDK38EA,新博愛段,.01,都市：其他:道路用地,7290,1,持分移轉,01560000
RPPNMLMLJHLGFDK38EA,新博愛段,.00,都市：其他:住宅區,9447840000,1296000,持分移轉,01580000
RPPNMLMLJHLGFDK38EA,新博愛段,.03,都市：其他:住宅區,33592320,4608,持分移轉,01960000
RPPNMLMLJHLGFDK38EA,新博愛段,.00,都市：其他:住宅區,33592320,4608,持分移轉,02000000
RPPNMLMLJHLGFDK38EA,新博愛段,.18,都市：其他:住宅區,33592320,4608,持分移轉,02010000
RPPNMLMLJHLGFDK38EA,新博愛段,.03,都市：其他:道路用地,33592320,4608,持分移轉,03300000
RPPNMLMLJHLGFDK38EA,新博愛段,.02,都市：其他:道路用地,33592320,4608,持分移轉,03330000
RPPNMLMLJHLGFDK38EA,新博愛段,.01,都市：其他:道路用地,33592320,4608,持分移轉,03350000
RPPNMLMLJHLGFDK38EA,新博愛段,.02,都市：其他:住宅區,7290,1,持分移轉,03380000
RPPNMLMLJHLGFDK38EA,新博愛段,.04,都市：其他:住宅區,33592320,4608,持分移轉,03450000
RPPNMLMLJHLGFDK38EA,新博愛段,.04,都市：其他:住宅區,33592320,4608,持分移轉,03500000
RPPNMLMLJHLGFDK38EA,新博愛段,.05,都市：其他:住宅區,9447840000,1296000,持分移轉,04160000
RPPNMLMLJHLGFDK38EA,新博愛段,.00,都市：其他:道路用地,7290,1,持分移轉,05560000
RPPNMLMLJHLGFDK38EA,新博愛段,.00,都市：其他:道路用地,33592320,4608,持分移轉,05570000
RPPNMLMLJHLGFDK38EA,新博愛段,.24,都市：其他:住宅區,33592320,4608,持分移轉,05600000
RPPNMLMLJHLGFDK38EA,新博愛段,.08,都市：其他:道路用地,33592320,4608,持分移轉,05610000
RPPNMLMLJHLGFDK38EA,新博愛段,.03,都市：其他:住宅區,9447840000,1296000,持分移轉,05750000
RPPNMLMLJHLGFDK38EA,新博愛段,.00,都市：其他:住宅區,33592320,4608,持分移轉,05770000
RPPNMLMLJHLGFDK38EA,新博愛段,.06,都市：其他:住宅區,4199040000,576000,持分移轉,05950000
RPPNMLMLJHLGFDK38EA,新博愛段,.03,都市：其他:道路用地,33592320,4608,持分移轉,05960000
RPPNMLMLJHLGFDK38EA,新博愛段,.01,都市：其他:住宅區,4199040000,576000,持分移轉,05970000
RPPNMLMLJHLGFDK38EA,新博愛段,.03,都市：其他:住宅區,33592320,4608,持分移轉,05980000
RPPNMLMLJHLGFDK38EA,新博愛段,.01,都市：其他:住宅區,9447840000,1296000,持分移轉,06170000
RPPNMLMLJHLGFDK38EA,新博愛段,.14,都市：其他:住宅區,9447840000,1296000,持分移轉,06190000
RPPNMLMLJHLGFDK38EA,新博愛段,.01,都市：其他:住宅區,4199040000,576000,持分移轉,06940000
RPRNMLQKJHLGFBK58DA,嘉盛段,503.00,非都市：特定農業區 ; 非都市編定：農牧用地,1,1,全筆移轉,13110000
RPUOMLLLJHLGFBK58DA,齊佳段,23.42,都市：其他:住宅區,10000,53,持分移轉,00050000
RPTOMLSLJHLGFBK56DA,聯大段,2835.15,非都市：山坡地保育區 ; 非都市編定：農牧用地,1,1,全筆移轉,00410000
RPTNMLTJJHLGFAK88DA,南湖段,2000.00,非都市：山坡地保育區 ; 非都市編定：林業用地,1,1,全筆移轉,13360271
RPQNMLPKJHLGFAK28DA,新橫坑段,975.17,非都市：山坡地保育區 ; 非都市編定：農牧用地,1,1,全筆移轉,01790000
RPPNMLPKJHLGFAK18DA,水廠段,27.03,都市：其他:農業區,1,1,全筆移轉,05730000
RPPNMLSLJHLGFAK58DA,西坪段,90.06,非都市：特定農業區 ; 非都市編定：農牧用地,9,2,持分移轉,08380002
RPPNMLPKJHLGFAK18DA,水廠段,61.47,都市：其他:農業區,1,1,全筆移轉,05740000
RPPNMLPKJHLGFAK18DA,水廠段,53.72,都市：其他:農業區,1,1,全筆移轉,05760001
RPPNMLTJJHLGFAK48DA,明湖段,147.22,都市：其他:住宅區,1,1,全筆移轉,00940000
RPQNMLQKJHLGFEK78DA,天神段,629.61,非都市：特定農業區 ; 非都市編定：農牧用地,1,1,全筆移轉,01080003
RPQNMLMJKHLGFCK18DA,苑東段,86.78,都市：其他:住宅區,1,1,全筆移轉,11120000
RPQNMLNKJHLGFDK38DA,龍富段,174.79,都市：其他:第二種住宅區,1,1,全筆移轉,06530000
RPUNMLTLJHLGFBK66DA,仁隆段,225.33,都市：其他:農業區,3,2,持分移轉,07470012
RPXNMLQKJHLGFFK96DA,廣興段,148.44,非都市：山坡地保育區 ; 非都市編定：丙種建築用地,1,1,全筆移轉,06190000
RPPNMLTLJHLGFEK56EA,朝陽段,.42,都市：其他:道路用地,60,3,持分移轉,03080000
RPPNMLTLJHLGFEK56EA,朝陽段,9.72,都市：其他:商業區,60,3,持分移轉,03520000
RPSNMLNLJHLGFDK68DA,光復段,19.01,都市：其他:道路用地,1,1,全筆移轉,05340000
RPPNMLSLJHLGFFK09DA,仁愛段,2.55,都市：其他:住宅區,1,1,全筆移轉,12560001
RPQNMLTLJHLGFFK66DA,八德段,10.21,都市：其他:道路用地,1,1,全筆移轉,01460000
RPQNMLTLJHLGFFK66DA,八德段,4.18,都市：其他:道路用地,1,1,全筆移轉,01470000
RPVNMLRLJHLGFFK96DA,義民段,8.15,都市：其他:商業區,10000,148,持分移轉,08030000
RPPNMLTLJHLGFFK56DA,八德段,9.81,都市：其他:道路用地,1,1,全筆移轉,08150000
RPPNMLNJKHLGFAK97DA,圓墩段,3798.00,非都市：山坡地保育區 ; 非都市編定：農牧用地,1,1,全筆移轉,00200009
RPPNMLNJKHLGFAK97DA,圓墩段,571.00,非都市：山坡地保育區 ; 非都市編定：農牧用地,1,1,全筆移轉,00240000
RPPNMLNJKHLGFAK97DA,圓墩段,68.00,非都市：山坡地保育區 ; 非都市編定：農牧用地,1,1,全筆移轉,00240002
RPWNMLMJLHLGFEK09DA,二湖段,132.56,非都市：山坡地保育區 ; 非都市編定：農牧用地,9,1,持分移轉,05560010
RPVNMLMJLHLGFEK98DA,二湖段,323.44,非都市：山坡地保育區 ; 非都市編定：農牧用地,180,20,持分移轉,05560009
RPPNMLRJKHLGFEK78DA,新二湖段,21.73,非都市：特定農業區 ; 非都市編定：甲種建築用地,332640,3465,持分移轉,10200000
RPUNMLMJLHLGFEK88DA,二湖段,85.00,非都市：山坡地保育區 ; 非都市編定：農牧用地,36,4,持分移轉,05560013
RPXNMLMJLHLGFEK56DA,二湖段,145.44,非都市：山坡地保育區 ; 非都市編定：丙種建築用地,216,24,持分移轉,05560000
RPPNMLPJKHLGFEK58DA,西湖段,80.51,非都市：山坡地保育區 ; 非都市編定：丙種建築用地,1,1,全筆移轉,10630000
RPPPMLSLJHLGFBK88DA,僑育段,144.00,都市：其他:農業區,1,1,全筆移轉,14040000
RPSNMLPJKHLGFEK88DA,聖王段,1.05,非都市：山坡地保育區 ; 非都市編定：丙種建築用地,24,1,持分移轉,11740001
RPVNMLSJJHLGFFK86DA,觀音段,475.08,非都市：一般農業區 ; 非都市編定：農牧用地,1,1,全筆移轉,12630000
RPQNMLSLJHLGFAK68DA,水頭寮段,1121.09,非都市：特定農業區 ; 非都市編定：農牧用地,1,1,全筆移轉,02860000
RPQNMLSLJHLGFAK68DA,水頭寮段,736.96,非都市：特定農業區 ; 非都市編定：農牧用地,1,1,全筆移轉,02890000
RPQNMLSLJHLGFAK68DA,水頭寮段,573.37,非都市：特定農業區 ; 非都市編定：農牧用地,1,1,全筆移轉,02900000
RPPNMLLJKHLGFCK97DA,內島段,704.55,非都市：山坡地保育區 ; 非都市編定：農牧用地,4,1,持分移轉,08500007
RPPOMLPJKHLGFEK68DA,聖王段,70.32,非都市：特定農業區 ; 非都市編定：交通用地,10,5,持分移轉,12680000
RPPOMLPJKHLGFEK68DA,聖王段,194.72,非都市：特定農業區 ; 非都市編定：交通用地,10,5,持分移轉,12730000
RPQNMLOLJHLGFBK38DA,僑育段,12.71,都市：其他:部分住宅區、部分商業區,7,1,持分移轉,14660000
RPVNMLKMJHLGFFK98DA,興隆段上埔小段,36.56,都市：其他:第三種住宅區。,100000,14224,持分移轉,00010016
RPRNMLNLJHLGFDK58DA,水尾子段,2309.50,非都市：特定農業區 ; 非都市編定：農牧用地,2,1,持分移轉,17070000
RPQNMLKMJHLGFCK18DA,興隆段,253.85,非都市：特定農業區 ; 非都市編定：農牧用地,42,3,持分移轉,03850000
RPOOMLPJKHLGFEK58DA,聖王段,14.06,非都市：特定農業區 ; 非都市編定：交通用地,10,1,持分移轉,12680000
RPOOMLPJKHLGFEK58DA,聖王段,38.94,非都市：特定農業區 ; 非都市編定：交通用地,10,1,持分移轉,12730000
RPQNMLSJJHLGFDK78DA,劍潭段,19.04,非都市：鄉村區 ; 非都市編定：乙種建築用地,104,4,持分移轉,08070000
RPQNMLPJKHLGFEK68DA,聖王段,5.06,非都市：山坡地保育區 ; 非都市編定：交通用地,120,5,持分移轉,11750002
RPQNMLPJKHLGFEK68DA,聖王段,42.98,非都市：特定農業區 ; 非都市編定：交通用地,2,1,持分移轉,12690000
RPQNMLKLJHLGFBK97DA,芒埔段,789.00,非都市：特定農業區 ; 非都市編定：農牧用地,4,2,持分移轉,03650000
RPQNMLSJJHLGFDK78DA,劍潭段,86.86,非都市：鄉村區 ; 非都市編定：乙種建築用地,1,1,全筆移轉,08700000
RPTNMLPJKHLGFEK98DA,聖王段,.42,非都市：山坡地保育區 ; 非都市編定：丙種建築用地,120,2,持分移轉,11740001
RPTNMLPJKHLGFEK98DA,聖王段,2.03,非都市：山坡地保育區 ; 非都市編定：交通用地,120,2,持分移轉,11750002
RPTNMLOJKHLGFAK48DA,靜湖段,171.47,都市：其他:商業區,1,1,全筆移轉,09100000
RPPNMLNJKHLGFDK38EA,維新段,92.27,都市：其他:住宅區,1,1,全筆移轉,05530000
RPRNMLMLJHLGFEK58DA,鴨母坑段,786.00,非都市：山坡地保育區 ; 非都市編定：丙種建築用地,1,1,全筆移轉,13040000
RPTNMLMJKHLGFBK38DA,尖山段,625.33,非都市：特定農業區 ; 非都市編定：農牧用地,3,2,持分移轉,09380015
RPPNMLKMJHLGFFK38DA,田尾段,587.00,非都市：山坡地保育區 ; 非都市編定：林業用地,1,1,全筆移轉,07360010
RPPNMLKMJHLGFFK38DA,田尾段,51.00,非都市：山坡地保育區 ; 非都市編定：丙種建築用地,1,1,全筆移轉,07360012
RPRNMLLLJHLGFBK18DA,縣府段,20.88,都市：其他:住宅區,5,1,持分移轉,00840000
RPVNMLSLJHLGFFK07DA,永貞段,49.98,都市：其他:鄰里公園兼兒童遊樂場用地,99849,7497,持分移轉,03090000
RPRNMLQJKHLGFCK68DA,玉山段,15.61,非都市：特定農業區 ; 非都市編定：甲種建築用地,2,1,持分移轉,14130000
RPRNMLQJKHLGFCK68DA,玉山段,181.07,非都市：特定農業區 ; 非都市編定：甲種建築用地,1,1,全筆移轉,14130004
RPPNMLRKJHLGFDK68DA,崎頂段,439.73,非都市：一般農業區 ; 非都市編定：農牧用地,11,1,持分移轉,02970016
RPTSMLSLJHLGFDK17DA,仁德段,14.18,都市：其他:住宅區,1412,65,持分移轉,03990000
RPPNMLOJKHLGFBK18DA,福安段,87.82,都市：其他:商業區,1,1,全筆移轉,07500000
RPQOMLSLJHLGFBK88DA,文山段,30.32,都市：其他:住宅區,10000,1290,持分移轉,07970000
RPQNMLLLJHLGFFK48DA,永貞段,82.65,都市：其他:鄰里公園兼兒童遊樂場用地,99849,12397,持分移轉,03090000
RPQNMLQJKHLGFAK38DA,獅潭段三洽坑小段,1309.00,非都市：山坡地保育區 ; 非都市編定：農牧用地,1,1,全筆移轉,00590000
RPQNMLQJKHLGFAK38DA,獅潭段三洽坑小段,1135.00,非都市：山坡地保育區 ; 非都市編定：農牧用地,1,1,全筆移轉,00590001
RPQNMLQJKHLGFAK38DA,獅潭段三洽坑小段,398.00,非都市：山坡地保育區 ; 非都市編定：農牧用地,1,1,全筆移轉,00610000
RPQNMLQJKHLGFAK38DA,獅潭段三洽坑小段,1246.00,非都市：山坡地保育區 ; 非都市編定：農牧用地,1,1,全筆移轉,00610001
RPPNMLPKJHLGFCK38DA,藍田段,43.81,非都市：特定農業區 ; 非都市編定：甲種建築用地,10000,1165,持分移轉,07090000
RPPNMLQJKHLGFCK48DA,福興段,2491.00,非都市：山坡地保育區 ; 非都市編定：農牧用地,1,1,全筆移轉,00320002
RPPNMLQJKHLGFCK48DA,福興段,1263.00,非都市：山坡地保育區 ; 非都市編定：農牧用地,1,1,全筆移轉,00320006
RPPNMLLJKHLGFBK87DA,新岡段,127.76,都市：其他:農業區,1,1,全筆移轉,02150000
RPWNMLPKJHLGFBK98DA,聯合段,1.17,都市：其他:商業區,100000,208,持分移轉,00750000
RPWNMLPKJHLGFBK98DA,聯合段,2.32,都市：其他:住宅區,100000,208,持分移轉,00760000
RPWNMLPKJHLGFBK98DA,聯合段,1.27,都市：其他:住宅區,100000,208,持分移轉,00770000
RPQNMLMJKHLGFFK48DA,四灣段,1012.00,非都市：山坡地保育區 ; 非都市編定：農牧用地,1,1,全筆移轉,00780011
RPTNMLMJKHLGFFK78DA,後湖段,75.10,都市：其他:公園用地,1,1,全筆移轉,15090000
RPSNMLNJKHLGFFK78DA,興埔段,166.14,非都市：一般農業區 ; 非都市編定：特定目的事業用地,1,1,全筆移轉,12150002
SPSNMLQJKHLGFCK88DA,通平段,95.12,非都市：一般農業區 ; 非都市編定：農牧用地,4,1,持分移轉,01350000
RPWNMLQJKHLGFCK56DA,西海段,10.00,,1,1,全筆移轉,13330002
RPXNMLKMJHLGFFK56DA,正興段,39.82,都市：其他:住宅區,10000,319,持分移轉,13590000
RPPNMLRJJHLGFAK28DA,食水坑段,7000.01,非都市：山坡地保育區 ; 非都市編定：農牧用地,1,1,全筆移轉,03060000
RPSNMLNJKHLGFCK48DA,西海段,47.00,非都市：鄉村區 ; 非都市編定：乙種建築用地,1,1,全筆移轉,01930000
RPUNMLTJKHLGFCK66DA,房裡段,503.00,都市：其他:農業區,1,1,全筆移轉,01120000
RPUNMLTJKHLGFCK66DA,房裡段,816.00,都市：其他:農業區,1,1,全筆移轉,03730000
RPSNMLQJKHLGFCK78DA,通平段,245.36,非都市：一般農業區 ; 非都市編定：甲種建築用地,4,1,持分移轉,01240000
RPTNMLQKJHLGFDK98DA,中正段,26.87,都市：其他:道路用地,4,3,持分移轉,03960000
RPQNMLOJKHLGFDK48DA,營盤邊段山寮小段,22.50,非都市：特定農業區 ; 非都市編定：農牧用地,100,45,持分移轉,02870445
RPQNMLOJKHLGFDK48DA,營盤邊段山寮小段,27.50,非都市：特定農業區 ; 非都市編定：農牧用地,100,55,持分移轉,02870445
RPXNMLMJKHLGFDK98DA,造橋段,2582.00,非都市：山坡地保育區 ; 非都市編定：農牧用地,1,1,全筆移轉,07000021
RPSNMLQJKHLGFEK98DA,八股段,9.81,都市：其他:道路用地,1,1,全筆移轉,02620001
RPSNMLQJKHLGFEK98DA,八股段,42.59,都市：其他:道路用地,1,1,全筆移轉,02630001
RPQNMLPJKHLGFDK58DA,竹興段,63.97,都市：其他:道路用地,7,3,持分移轉,06760001
RPQNMLPJKHLGFDK58DA,竹興段,35.72,都市：其他:道路用地,7,3,持分移轉,06960000
RPPNMLQJKHLGFDK58DA,大西段,125.07,非都市：一般農業區 ; 非都市編定：農牧用地,1,1,全筆移轉,03280000
RPXOMLSLJHLGFBK96DA,大倫段,159.89,非都市：鄉村區 ; 非都市編定：乙種建築用地,1,1,全筆移轉,12260000
RPROMLTKJHLGFBK98DA,五谷岡段,98.00,都市：其他:住宅區,1,1,全筆移轉,12220001
RPRNMLOJKHLGFBK38DA,象山段,10.05,非都市：鄉村區 ; 非都市編定：乙種建築用地,1,1,全筆移轉,01550000
RPRNMLOJKHLGFBK38DA,象山段,95.15,非都市：鄉村區 ; 非都市編定：乙種建築用地,1,1,全筆移轉,01560000
RPVNMLQJKHLGFCK09DA,通東段,5.21,都市：其他:道路用地,1,1,全筆移轉,07790000
RPVNMLQJKHLGFCK09DA,通西段,27.32,都市：其他:道路用地,9,1,持分移轉,09160000
RPVNMLQJKHLGFCK09DA,通西段,27.64,都市：其他:道路用地,9,1,持分移轉,09170000
RPVNMLQJKHLGFCK09DA,平元段,13.90,都市：其他:道路用地,1,1,全筆移轉,09600000
RPVNMLQJKHLGFCK09DA,通東段,2.98,都市：其他:道路用地,1,1,全筆移轉,10170000
RPVNMLQJKHLGFCK09DA,通東段,5.94,都市：其他:住宅區,1,1,全筆移轉,10180000
RPPNMLTJKHLGFFK56EA,文化段,51.51,都市：其他:道路用地,1,1,全筆移轉,12790000
RPQNMLKKKHLGFCK08DA,新復東段,1877.82,非都市：特定農業區 ; 非都市編定：農牧用地,1,1,全筆移轉,00620000
RPSNMLSLJHLGFFK76DA,文化段,76.39,都市：其他:住宅區,1,1,全筆移轉,01330000
RPQNMLQJKHLGFEK78DA,八股段,264.69,都市：其他:住宅區,1,1,全筆移轉,00340000
RPSNMLSLJHLGFFK76DA,文化段,6.47,都市：其他:人行步道用地,1,1,全筆移轉,01340000
RPXSMLSLJHLGFDK57DA,新興段,18.19,非都市：鄉村區 ; 非都市編定：交通用地,1,1,全筆移轉,12920005
RPPTMLSLJHLGFDK86DA,新興段,6.84,非都市：鄉村區 ; 非都市編定：交通用地,1,1,全筆移轉,12920003
RPRNMLPJKHLGFFK88DA,興埔段,91.99,非都市：山坡地保育區 ; 非都市編定：丙種建築用地,1,1,全筆移轉,04130000
RPUNMLPJKHLGFFK56DA,北獅里興段北獅里興小段,688.00,非都市：山坡地保育區 ; 非都市編定：農牧用地,1,1,全筆移轉,04270001
RPOTMLSLJHLGFDK76DA,新興段,7.84,非都市：鄉村區 ; 非都市編定：交通用地,1,1,全筆移轉,12920004
RPPNMLTJKHLGFEK98DA,新雞隆段,1013.00,非都市：山坡地保育區 ; 非都市編定：農牧用地,1,1,全筆移轉,22750001
RPOPMLTJKHLGFFK56DA,中央段,25.77,都市：其他:住宅區,100000,1452,持分移轉,12050000
RPOPMLTJKHLGFFK56DA,中央段,.13,都市：其他:道路用地,100000,1452,持分移轉,12050006
RPOPMLTJKHLGFFK56DA,中央段,.11,都市：其他:道路用地,100000,1452,持分移轉,12050007
RPSNMLKKKHLGFBK18DA,南勢坑段下南勢坑小段,70.06,非都市：山坡地保育區 ; 非都市編定：農牧用地,10000,305,持分移轉,08600001
RPSNMLKKKHLGFBK18DA,南勢坑段下南勢坑小段,587.00,非都市：山坡地保育區 ; 非都市編定：農牧用地,1,1,全筆移轉,08600094
RPSNMLRLJHLGFEK56DA,雙連潭段,419.00,非都市：山坡地保育區 ; 非都市編定：農牧用地,6,1,持分移轉,02420000
RPSNMLRLJHLGFEK56DA,雙連潭段,61.33,非都市：山坡地保育區 ; 非都市編定：丙種建築用地,6,1,持分移轉,02430000
RPSNMLRLJHLGFEK56DA,雙連潭段,120.83,非都市：山坡地保育區 ; 非都市編定：農牧用地,6,1,持分移轉,08500016
RPSNMLRLJHLGFEK56DA,雙連潭段,161.00,非都市：山坡地保育區 ; 非都市編定：農牧用地,6,1,持分移轉,08500018
RPSNMLRLJHLGFEK56DA,雙連潭段,80.17,非都市：山坡地保育區 ; 非都市編定：林業用地,6,1,持分移轉,08500102
RPRNMLRLJHLGFEK09DA,雙連潭段,419.00,非都市：山坡地保育區 ; 非都市編定：農牧用地,12,2,持分移轉,02420000
RPRNMLRLJHLGFEK09DA,雙連潭段,61.33,非都市：山坡地保育區 ; 非都市編定：丙種建築用地,12,2,持分移轉,02430000
RPRNMLRLJHLGFEK09DA,雙連潭段,120.83,非都市：山坡地保育區 ; 非都市編定：農牧用地,12,2,持分移轉,08500016
RPRNMLRLJHLGFEK09DA,雙連潭段,161.00,非都市：山坡地保育區 ; 非都市編定：農牧用地,12,2,持分移轉,08500018
RPRNMLRLJHLGFEK09DA,雙連潭段,80.17,非都市：山坡地保育區 ; 非都市編定：林業用地,12,2,持分移轉,08500102
RPWNMLNJKHLGFDK98DA,造橋段,12.00,非都市：山坡地保育區 ; 非都市編定：農牧用地,3739,12,持分移轉,13900000
RPWNMLNJKHLGFDK98DA,造橋段,12.00,非都市：山坡地保育區 ; 非都市編定：農牧用地,3739,12,持分移轉,13900000
RPWNMLNJKHLGFDK98DA,造橋段,12.00,非都市：山坡地保育區 ; 非都市編定：農牧用地,3739,12,持分移轉,13900000
RPWNMLNJKHLGFDK98DA,造橋段,12.00,非都市：山坡地保育區 ; 非都市編定：農牧用地,3739,12,持分移轉,13900000
RPWNMLNJKHLGFDK98DA,造橋段,12.00,非都市：山坡地保育區 ; 非都市編定：農牧用地,3739,12,持分移轉,13900000
RPWNMLNJKHLGFDK98DA,造橋段,12.00,非都市：山坡地保育區 ; 非都市編定：農牧用地,3739,12,持分移轉,13900000
RPWNMLNJKHLGFDK98DA,造橋段,12.00,非都市：山坡地保育區 ; 非都市編定：農牧用地,3739,12,持分移轉,13900000
RPWNMLNJKHLGFDK98DA,造橋段,12.00,非都市：山坡地保育區 ; 非都市編定：農牧用地,3739,12,持分移轉,13900000
RPRNMLKLJHLGFFK48DA,大河底段,729.00,非都市：山坡地保育區 ; 非都市編定：農牧用地,1,1,全筆移轉,00180001
RPRNMLKLJHLGFFK48DA,大河底段,213.00,非都市：山坡地保育區 ; 非都市編定：農牧用地,1,1,全筆移轉,00200003
RPRNMLKLJHLGFFK48DA,大河底段,466.00,非都市：山坡地保育區 ; 非都市編定：農牧用地,1,1,全筆移轉,00200006
RPRNMLKLJHLGFFK48DA,大河底段,1368.00,非都市：山坡地保育區 ; 非都市編定：農牧用地,1,1,全筆移轉,06710001
RPRNMLKLJHLGFFK48DA,大河底段,281.00,非都市：山坡地保育區 ; 非都市編定：農牧用地,1,1,全筆移轉,06790000
RPRNMLKLJHLGFFK48DA,大河底段,155.00,非都市：山坡地保育區 ; 非都市編定：農牧用地,1,1,全筆移轉,06800000
RPPNMLLKKHLGFBK97DA,館陽段,81.74,都市：其他:住宅區,6,4,持分移轉,09090000
RPPNMLLKKHLGFBK97DA,館陽段,51.27,都市：其他:住宅區,6,4,持分移轉,09100000
RPQNMLLJKHLGFFK38DA,北銅鏡段,886.99,非都市：一般農業區 ; 非都市編定：農牧用地,1,1,全筆移轉,06540000
RPRNMLMJKHLGFFK58DA,北獅里興段北獅里興小段,237.00,非都市：山坡地保育區 ; 非都市編定：丙種建築用地,1,1,全筆移轉,01550386
RPRNMLMJKHLGFFK58DA,北獅里興段北獅里興小段,2802.00,非都市：山坡地保育區 ; 非都市編定：農牧用地,1,1,全筆移轉,01550393
RPRPMLTJKHLGFFK86DA,公園段,9.84,都市：其他:商業區,100000,425,持分移轉,00430000
RPPNMLSJJHLGFBK48DA,高苗段,86.39,都市：其他:住宅區,1,1,全筆移轉,03000000
RPQNMLQLJHLGFFK98DA,水源段,107.25,非都市：山坡地保育區 ; 非都市編定：丙種建築用地,20000,74,持分移轉,08640000
RPQNMLQLJHLGFFK98DA,水源段,1.19,非都市：山坡地保育區 ; 非都市編定：丙種建築用地,486,2,持分移轉,09520000
RPQNMLQLJHLGFFK98DA,水源段,.24,非都市：山坡地保育區 ; 非都市編定：丙種建築用地,486,2,持分移轉,09530000
RPSNMLMJKHLGFFK68DA,中央段,46.26,都市：其他:住宅區,10000,416,持分移轉,06890000
RPQNMLTLJHLGFDK09DA,天聲段,1.83,都市：其他:農業區,1,1,全筆移轉,00150003
RPPNMLLKKHLGFEK28DA,西湖段,186.43,非都市：山坡地保育區 ; 非都市編定：丙種建築用地,1,1,全筆移轉,03900000
RPPNMLLKKHLGFEK28DA,西湖段,261.01,非都市：山坡地保育區 ; 非都市編定：丙種建築用地,1,1,全筆移轉,03910000
RPPNMLKKKHLGFBK87DA,明德段,422.11,都市：其他:保護區,1,1,全筆移轉,10060002
RPQNMLTKJHLGFDK98DA,合興段,23.55,都市：其他:住宅區,2000,662,持分移轉,03500000
RPQNMLTKJHLGFDK98DA,合興段,23.55,都市：其他:住宅區,2000,662,持分移轉,03500000
RPQNMLTKJHLGFDK98DA,合興段,30.86,都市：其他:住宅區,20000,5741,持分移轉,03510000
RPQNMLTKJHLGFDK98DA,合興段,30.86,都市：其他:住宅區,20000,5741,持分移轉,03510000
RPQNMLTKJHLGFDK98DA,合興段,3.38,都市：其他:道路用地,20000,5741,持分移轉,03510001
RPQNMLTKJHLGFDK98DA,合興段,3.38,都市：其他:道路用地,20000,5741,持分移轉,03510001
RPQNMLTKJHLGFDK98DA,合興段,4.17,都市：其他:住宅區,2,1,持分移轉,03520000
RPQNMLTKJHLGFDK98DA,合興段,4.17,都市：其他:住宅區,2,1,持分移轉,03520000
RPQNMLTKJHLGFDK98DA,合興段,3.53,都市：其他:道路用地,2,1,持分移轉,03530000
RPQNMLTKJHLGFDK98DA,合興段,3.53,都市：其他:道路用地,2,1,持分移轉,03530000
RPTPMLSLJHLGFDK86DA,新山佳段,5.95,都市：其他:溝渠用地,1,1,全筆移轉,11250000
RPTPMLSLJHLGFDK86DA,新山佳段,104.73,都市：其他:綠化步道,1,1,全筆移轉,11260000
RPTNMLTLJHLGFDK76DA,天聲段,7.58,都市：其他:農業區,2,1,持分移轉,00150005
RPXNMLTLJHLGFDK17DA,天聲段,.44,非都市：特定農業區 ; 非都市編定：農牧用地,54,3,持分移轉,00110002
RPRNMLTLJHLGFDK56DA,天聲段,7.58,都市：其他:農業區,2,1,持分移轉,00150005
RPXOMLTLJHLGFDK27DA,天聲段,.04,非都市：特定農業區 ; 非都市編定：農牧用地,1080,1,持分移轉,00130000
RPQOMLTLJHLGFDK56DA,天聲段,.99,非都市：特定農業區 ; 非都市編定：農牧用地,8,1,持分移轉,00110002
RPUNMLTLJHLGFDK86DA,天聲段,.99,非都市：特定農業區 ; 非都市編定：農牧用地,8,1,持分移轉,00110002
RPVPMLTLJHLGFDK17DA,天聲段,6.79,非都市：特定農業區 ; 非都市編定：農牧用地,6,1,持分移轉,00130000
RPOPMLTLJHLGFDK09DA,天聲段,.42,非都市：特定農業區 ; 非都市編定：農牧用地,96,1,持分移轉,00130000
RPTPMLTLJHLGFDK96DA,天聲段,6.79,非都市：特定農業區 ; 非都市編定：農牧用地,6,1,持分移轉,00130000
RPROMLTLJHLGFDK66DA,天聲段,.99,非都市：特定農業區 ; 非都市編定：農牧用地,8,1,持分移轉,00110002
RPWNMLTLJHLGFDK07DA,天聲段,1.32,非都市：特定農業區 ; 非都市編定：農牧用地,6,1,持分移轉,00110002
RPSNMLQJKHLGFFK09DA,庄西段,36.58,都市：其他:住宅區,22275,3658,持分移轉,02950000
RPOOMLTLJHLGFDK98DA,天聲段,.44,非都市：特定農業區 ; 非都市編定：農牧用地,54,3,持分移轉,00110002
RPQNMLQJKHLGFDK68DA,外埔段,1000.00,都市：其他:住宅區,1,1,全筆移轉,11020000
RPSNMLRLJHLGFFK66DA,中華段,21.34,都市：其他:住宅區,10000,115,持分移轉,06270000
RPPOMLTLJHLGFDK09DA,天聲段,.44,非都市：特定農業區 ; 非都市編定：農牧用地,54,3,持分移轉,00110002
RPUPMLTLJHLGFDK07DA,天聲段,6.79,非都市：特定農業區 ; 非都市編定：農牧用地,6,1,持分移轉,00130000
RPSNMLKLJHLGFDK38DA,光復段,2.88,都市：其他:住宅區,10000,1107,持分移轉,00040000
RPSNMLKLJHLGFDK38DA,光復段,93.26,都市：其他:住宅區,1,1,全筆移轉,00040009
RPSNMLKLJHLGFDK38DA,光復段,30.50,都市：其他:住宅區,1,1,全筆移轉,00040010
RPSNMLKLJHLGFDK38DA,光復段,.58,都市：其他:住宅區,10000,1107,持分移轉,00040012
RPPNMLOJKHLGFDK38DA,新生段,269.00,都市：其他:公園用地,2,1,持分移轉,08320001
RPPNMLOJKHLGFDK38DA,新生段,269.00,都市：其他:公園用地,2,1,持分移轉,08320001
RPPNMLNLJHLGFEK48DA,天神段,417.31,非都市：特定農業區 ; 非都市編定：農牧用地,1,1,全筆移轉,08050006
RPSNMLMJKHLGFBK28DA,外獅潭段,186.00,非都市：山坡地保育區 ; 非都市編定：水利用地,1,1,全筆移轉,03430014
RPSQMLKKKHLGFDK68DA,淡文湖段,14.47,非都市：山坡地保育區 ; 非都市編定：丙種建築用地,10000,121,持分移轉,03580024
RPUNMLMLJHLGFDK78DA,頂科段,6.03,都市：其他:商業區,3174,19,持分移轉,02440000
RPOOMLNLKHLGFDK48DA,龍椅段,4.27,都市：其他:第三種住宅區。,1,1,全筆移轉,01860000
RPUNMLMLJHLGFDK78DA,頂科段,6.03,都市：其他:商業區,3174,19,持分移轉,02440000
RPQNMLTLJHLGFEK56DA,中心段,216.15,都市：其他:商業區,1,1,全筆移轉,08570000
RPVNMLPLKHLGFDK66DA,天聲段,170.34,都市：其他:住宅區,1,1,全筆移轉,06210000
RPVNMLPLKHLGFDK66DA,天聲段,33.56,都市：其他:住宅區,1,1,全筆移轉,06210001
RPVNMLPLKHLGFDK66DA,天聲段,356.48,都市：其他:住宅區,1,1,全筆移轉,06220000
RPVNMLPLKHLGFDK66DA,天聲段,226.64,都市：其他:住宅區,1,1,全筆移轉,06220001
RPVNMLPLKHLGFDK66DA,天聲段,16.61,都市：其他:住宅區,1,1,全筆移轉,06220002
RPVNMLPLKHLGFDK66DA,天聲段,10.17,都市：其他:住宅區,1,1,全筆移轉,06220003
RPVNMLPLKHLGFDK66DA,天聲段,903.28,都市：其他:住宅區,1,1,全筆移轉,06280000
RPVNMLPLKHLGFDK66DA,天聲段,15.14,都市：其他:住宅區,1,1,全筆移轉,06280001
RPQNMLNKKHLGFBK28DA,芒埔段,77.00,非都市：鄉村區 ; 非都市編定：乙種建築用地,1,1,全筆移轉,06600022
RPQNMLNKKHLGFBK28DA,芒埔段,13.00,非都市：鄉村區 ; 非都市編定：交通用地,1,1,全筆移轉,06600043
RPQOMLOJKHLGFFK78DA,蟠桃段忠孝小段,5.93,都市：其他:住宅區,10000,40,持分移轉,10490000
RPRNMLPLKHLGFEK09EA,八股段,56.62,都市：其他:住宅區,1,1,全筆移轉,00830000
RPUNMLPLKHLGFDK56DA,天聲段,129.98,都市：其他:住宅區,1,1,全筆移轉,06160000
RPUNMLPLKHLGFDK56DA,天聲段,28.23,都市：其他:住宅區,1,1,全筆移轉,06160001
RPUNMLPLKHLGFDK56DA,天聲段,110.15,都市：其他:道路用地,1,1,全筆移轉,06170000
RPUNMLPLKHLGFDK56DA,天聲段,19.77,都市：其他:道路用地,1,1,全筆移轉,06170001
RPUNMLPLKHLGFDK56DA,天聲段,164.43,都市：其他:道路用地,1,1,全筆移轉,06230000
RPUNMLPLKHLGFDK56DA,天聲段,151.80,都市：其他:住宅區,1,1,全筆移轉,06240001
RPUNMLPLKHLGFDK56DA,天聲段,162.20,都市：其他:住宅區,1,1,全筆移轉,06240002
RPUNMLPLKHLGFDK56DA,天聲段,20.22,都市：其他:住宅區,1,1,全筆移轉,06240013
RPUNMLPLKHLGFDK56DA,天聲段,7.69,都市：其他:住宅區,1,1,全筆移轉,06240014
RPUNMLPLKHLGFDK56DA,天聲段,1611.20,都市：其他:住宅區,1,1,全筆移轉,06250000
RPUNMLPLKHLGFDK56DA,天聲段,278.15,都市：其他:道路用地,1,1,全筆移轉,06260000
RPTNMLNLKHLGFCK78DA,房北段,132.18,都市：其他:住宅區,1,1,全筆移轉,07290000
RPROMLRLJHLGFDK09DA,仁德段,7.23,都市：其他:住宅區,100000,1951,持分移轉,01660000
RPROMLRLJHLGFDK09DA,海口段海口小段,46.09,都市：其他:住宅區,100000,6738,持分移轉,03950004
RPRNMLMLKHLGFDK58DA,苦苓腳段,303.00,非都市：特定農業區 ; 非都市編定：農牧用地,1868,303,持分移轉,28380000
RPPNMLQLKHLGFCK68DA,玉山段,60.39,非都市：一般農業區 ; 非都市編定：特定目的事業用地,60,1,持分移轉,04510000
RPQNMLKMJHLGFFK48DA,和平段,12.22,都市：其他:商業區,1,1,全筆移轉,09430000
RPPNMLMJLHLGFCK18DA,五里牌段隘口寮小段,834.00,非都市：山坡地保育區 ; 非都市編定：農牧用地,1,1,全筆移轉,03330006
RPPNMLMJLHLGFCK18DA,五里牌段隘口寮小段,2620.00,非都市：山坡地保育區 ; 非都市編定：農牧用地,1,1,全筆移轉,03330072
RPWNMLQJJHLGFFK76DA,仁愛段,27.83,都市：其他:住宅區,10000,26,持分移轉,00420000
RPSNMLNLKHLGFDK78DA,龍坑段,149.41,非都市：山坡地保育區 ; 非都市編定：農牧用地,160,1,持分移轉,09680000
RPSNMLNLKHLGFDK78DA,龍坑段,1707.58,非都市：山坡地保育區 ; 非都市編定：農牧用地,1,1,全筆移轉,10760139
RPRNMLRLJHLGFFK56DA,正興段,38.07,都市：其他:住宅區,10000,305,持分移轉,13590000
RPUNMLNLKHLGFDK98DA,維新段,30.91,都市：其他:住宅區,10000,231,持分移轉,01910000
RPUNMLNLKHLGFDK98DA,維新段,10.09,都市：其他:住宅區,10000,231,持分移轉,01920000
RPPNMLKMJHLGFCK18EA,楓樹窩段,1569.00,非都市：山坡地保育區 ; 非都市編定：農牧用地,1,1,全筆移轉,01580010
RPPNMLKMJHLGFCK18EA,楓樹窩段,508.00,非都市：山坡地保育區 ; 非都市編定：農牧用地,1,1,全筆移轉,01600006
RPPNMLQJKHLGFCK58EA,社柑段,126.10,非都市：特定農業區 ; 非都市編定：丁種建築用地,1,1,全筆移轉,17620006
RPPNMLQJKHLGFCK58EA,社柑段,48.98,非都市：特定農業區 ; 非都市編定：丁種建築用地,18,1,持分移轉,17620009
RPUNMLNJKHLGFBK58DA,齊佳段,23.42,都市：其他:住宅區,10000,53,持分移轉,00050000
RPXNMLNLJHLGFBK98DA,中苗段,8.75,都市：其他:商業區,4,1,持分移轉,15250000
RPXNMLNLJHLGFBK98DA,中苗段,22.42,都市：其他:商業區,4,1,持分移轉,15260000
RPXNMLNLJHLGFBK98DA,中苗段,.41,都市：其他:住宅區,1000,4,持分移轉,15270000
RPSNMLOKJHLGFFK88DA,仁愛段,30.54,都市：其他:住宅區,10000,51,持分移轉,00480000
RPVNMLOLKHLGFFK76DA,山下段,135.96,都市：其他:農業區,1,1,全筆移轉,03720001
RPSNMLOLKHLGFFK09DA,信義段,10.84,都市：其他:住宅區,1,1,全筆移轉,08360008
RPPNMLPLKHLGFFK98EA,山下段,768.38,都市：其他:農業區,1,1,全筆移轉,03030000
RPPNMLMJKHLGFDK18DA,新生段,650.00,都市：其他:公園用地,2,1,持分移轉,08320000
RPPNMLMJKHLGFDK18DA,新生段,650.00,都市：其他:公園用地,2,1,持分移轉,08320000
RPXNMLKMJHLGFDK98DA,龍南段,27.41,都市：其他:道路用地,1,1,全筆移轉,11920002
RPPNMLNKKHLGFDK38DA,造橋段,2530.00,非都市：山坡地保育區 ; 非都市編定：農牧用地,1,1,全筆移轉,15100051
RPPNMLKKKHLGFFK38EA,濫坑段,38.10,非都市：山坡地保育區 ; 非都市編定：水利用地,84,2,持分移轉,01120001
RPPNMLKKKHLGFFK38EA,濫坑段,118.96,非都市：山坡地保育區 ; 非都市編定：農牧用地,28,1,持分移轉,01380000
RPPNMLKKKHLGFFK38EA,濫坑段,126.21,非都市：山坡地保育區 ; 非都市編定：農牧用地,28,1,持分移轉,01380005
RPPNMLKKKHLGFFK38EA,濫坑段,108.00,非都市：山坡地保育區 ; 非都市編定：農牧用地,28,1,持分移轉,01380006
RPPNMLKKKHLGFFK38EA,濫坑段,.61,非都市：山坡地保育區 ; 非都市編定：丙種建築用地,28,1,持分移轉,01410000
RPPNMLKKKHLGFFK38EA,濫坑段,28.07,非都市：山坡地保育區 ; 非都市編定：丙種建築用地,28,1,持分移轉,01430000
RPPNMLKKKHLGFFK38EA,濫坑段,16.28,非都市：山坡地保育區 ; 非都市編定：水利用地,280000,6529,持分移轉,01460000
RPPNMLKKKHLGFFK38EA,濫坑段,4.50,非都市：山坡地保育區 ; 非都市編定：交通用地,28,1,持分移轉,01460005
RPPNMLKKKHLGFFK38EA,濫坑段,6.03,非都市：山坡地保育區 ; 非都市編定：水利用地,184800,653,持分移轉,01560000
RPPNMLKKKHLGFFK38EA,濫坑段,3.01,非都市：山坡地保育區 ; 非都市編定：水利用地,184800,653,持分移轉,01560012
RPPNMLKKKHLGFFK38EA,濫坑段,5.61,非都市：山坡地保育區 ; 非都市編定：水利用地,184800,653,持分移轉,01560013
RPPNMLKKKHLGFFK38EA,濫坑段,.35,非都市：山坡地保育區 ; 非都市編定：交通用地,184800,653,持分移轉,01560029
RPPNMLKKKHLGFFK38EA,濫坑段,1.97,非都市：山坡地保育區 ; 非都市編定：水利用地,184800,653,持分移轉,01560046
RPPNMLKKKHLGFFK38EA,濫坑段,19.75,非都市：山坡地保育區 ; 非都市編定：農牧用地,28,1,持分移轉,01620000
RPPNMLKKKHLGFFK38EA,藤坪段,11.92,非都市：山坡地保育區 ; 非都市編定：農牧用地,184800,653,持分移轉,04880000
RPPNMLKKKHLGFFK38EA,濫坑段,19.75,非都市：山坡地保育區 ; 非都市編定：農牧用地,28,1,持分移轉,07630000
RPPNMLKKKHLGFFK38EA,濫坑段,3.98,非都市：山坡地保育區 ; 非都市編定：林業用地,184800,653,持分移轉,07670000
RPPNMLKKKHLGFFK38EA,尖山下段,68.36,非都市：特定農業區 ; 非都市編定：農牧用地,28,1,持分移轉,17760000
RPWNMLNLKHLGFDK56DA,新博愛段,46.60,都市：其他:住宅區,100000,17514,持分移轉,04250000
RPPNMLMJLHLGFBK08DA,芒埔段,88.00,非都市：鄉村區 ; 非都市編定：乙種建築用地,1,1,全筆移轉,06920005
RPPNMLSJJHLGFEK78DA,育英段,59.92,非都市：山坡地保育區 ; 非都市編定：農牧用地,27000,575,持分移轉,01390000
RPQNMLSJJHLGFEK88DA,西湖段,1564.72,非都市：山坡地保育區 ; 非都市編定：農牧用地,1,1,全筆移轉,03650000
RPQNMLSJJHLGFEK88DA,西湖段,169.64,非都市：山坡地保育區 ; 非都市編定：農牧用地,1,1,全筆移轉,04610000
RPRNMLNKJHLGFDK48DA,大同段,150.58,都市：其他:第一種住宅區,1,1,全筆移轉,13950000
RPTNMLKLJHLGFBK28DA,尖山段,10645.00,非都市：山坡地保育區 ; 非都市編定：農牧用地,1,1,全筆移轉,10170000
RPPNMLPLKHLGFBK58EA,玉清段,143.97,非都市：鄉村區 ; 非都市編定：乙種建築用地,1,1,全筆移轉,10880000
RPPNMLTJKHLGFCK88EA,水尾段,668.57,非都市：山坡地保育區 ; 非都市編定：農牧用地,2,1,持分移轉,02550000
RPPNMLTJKHLGFCK88EA,水尾段,666.68,非都市：山坡地保育區 ; 非都市編定：水利用地,6,1,持分移轉,02580000
RPPNMLTJKHLGFCK88EA,水尾段,623.81,非都市：山坡地保育區 ; 非都市編定：農牧用地,2,1,持分移轉,02600000
RPPNMLTJKHLGFCK88EA,水尾段,533.01,非都市：山坡地保育區 ; 非都市編定：農牧用地,2,1,持分移轉,02630000
RPPNMLLJKHLGFFK28DA,中央段,33.35,都市：其他:住宅區,100000,2507,持分移轉,10790000
RPPNMLQLKHLGFDK78DA,大同段,61.02,都市：其他:第一種住宅區,1,1,全筆移轉,11690021
RPPNMLQLKHLGFDK78DA,大同段,2.43,都市：其他:第一種住宅區,1,1,全筆移轉,11690035
RPPNMLQLKHLGFDK78DA,大同段,24.43,都市：其他:第一種住宅區,26,1,持分移轉,11690041
RPQNMLLLJHLGFCK18DA,平元段,394.00,都市：其他:農業區,1,1,全筆移轉,09940000
RPQNMLOJKHLGFEK58DA,雙連潭段,13850.00,非都市：山坡地保育區 ; 非都市編定：農牧用地,1,1,全筆移轉,08380013
RPPNMLRLJHLGFDK78DA,光復段,14.56,都市：其他:商業區,10000,94,持分移轉,14110000
RPTNMLSJJHLGFFK66DA,東庄段,178.00,都市：其他:住宅區,1,1,全筆移轉,16810000
RPQNMLQLKHLGFFK09DA,新興段,1922.47,非都市：特定農業區 ; 非都市編定：農牧用地,1,1,全筆移轉,04830000
RPSPMLRLJHLGFDK66DA,新博愛段,5.20,都市：其他:住宅區,1,1,全筆移轉,05130000
RPSPMLRLJHLGFDK66DA,新博愛段,13.32,都市：其他:住宅區,1,1,全筆移轉,05140000
RPSPMLRLJHLGFDK66DA,新博愛段,16.41,都市：其他:住宅區,1,1,全筆移轉,05170000
RPPNMLQLKHLGFFK98DA,自強段,32.09,都市：其他:住宅區,593200,7900,持分移轉,00340000
RPRNMLQLJHLGFFK09DA,德義段,88.07,都市：其他:住宅區,1,1,全筆移轉,07680000
RPRNMLTLJHLGFFK76DA,和平段,10.17,都市：其他:商業區,1,1,全筆移轉,09600000
RPPNMLQLKHLGFBK58DA,館陽段,85.50,都市：其他:住宅區,2,1,持分移轉,03930000
RPQNMLQLKHLGFBK68DA,水源段,135.10,都市：其他:乙種工業區,1,1,全筆移轉,03580000
SPTNMLPKJHLGFBK78DA,福安段,32.87,都市：其他:住宅區,1,1,全筆移轉,04360000
SPTNMLPKJHLGFBK78DA,福安段,720.93,都市：其他:住宅區,1,1,全筆移轉,04370000
RPPNMLMJLHLGFDK28DA,環市段,.89,都市：其他:住宅區,6900,97,持分移轉,12490000
RPPNMLMJLHLGFDK28DA,環市段,13.16,都市：其他:住宅區,94500,1326,持分移轉,12500000
RPPNMLMJLHLGFDK28DA,環市段,.04,都市：其他:住宅區,300,4,持分移轉,12510000
RPTNMLPKJHLGFBK68DA,福安段,185.45,都市：其他:道路用地,1,1,全筆移轉,04350000
RPSNMLOJLHLGFCK68DA,北梅段,341.46,非都市：特定農業區 ; 非都市編定：水利用地,12,1,持分移轉,03030000
RPSNMLOJLHLGFCK68DA,北梅段,889.89,非都市：特定農業區 ; 非都市編定：水利用地,1,1,全筆移轉,03040000
RPSNMLOJLHLGFCK68DA,北梅段,523.08,非都市：特定農業區 ; 非都市編定：農牧用地,1,1,全筆移轉,03070000
RPSNMLOJLHLGFCK68DA,北梅段,519.47,非都市：特定農業區 ; 非都市編定：農牧用地,1,1,全筆移轉,03080000
RPSNMLOJLHLGFCK68DA,北梅段,845.14,非都市：特定農業區 ; 非都市編定：水利用地,4,1,持分移轉,03100000
RPQNMLPJLHLGFCK58DA,田寮段,3117.00,非都市：特定農業區 ; 非都市編定：農牧用地,1,1,全筆移轉,07690000
RPRNMLQLKHLGFDK98DA,龍社段,267.47,非都市：一般農業區 ; 非都市編定：交通用地,12,1,持分移轉,01770000
RPRNMLQLKHLGFDK98DA,龍社段,27.34,非都市：一般農業區 ; 非都市編定：交通用地,12,1,持分移轉,02070000
RPRNMLQLKHLGFDK98DA,龍社段,.87,非都市：一般農業區 ; 非都市編定：交通用地,12,1,持分移轉,02600000
RPRNMLQLKHLGFDK98DA,龍社段,9.28,非都市：一般農業區 ; 非都市編定：交通用地,3,1,持分移轉,02610000
RPRNMLQLKHLGFDK98DA,龍社段,16.98,非都市：一般農業區 ; 非都市編定：交通用地,3,1,持分移轉,04360000
RPRNMLQLKHLGFDK98DA,龍社段,56.68,非都市：一般農業區 ; 非都市編定：交通用地,12,1,持分移轉,04390000
RPRNMLQLKHLGFDK98DA,龍社段,63.55,非都市：一般農業區 ; 非都市編定：交通用地,12,1,持分移轉,04820000
RPRNMLQLKHLGFDK98DA,龍社段,126.12,非都市：山坡地保育區 ; 非都市編定：交通用地,10,3,持分移轉,05400000
RPQOMLTLJHLGFBK98DA,嘉福段,146.67,都市：其他:住宅區,1,1,全筆移轉,09270000
RPQNMLLKKHLGFDK28DA,龍鳳西段,15.75,都市：其他:住宅區,71031,645,持分移轉,06870000
RPXNMLMJLHLGFDK09DA,博愛段,147.26,非都市：鄉村區 ; 非都市編定：乙種建築用地,1,1,全筆移轉,00310000
RPPNMLMKKHLGFFK48DA,蟠桃段忠孝小段,18.72,都市：其他:商業區,500,31,持分移轉,06010000
RPQOMLPJKHLGFEK78DA,水美段,103.38,非都市：山坡地保育區 ; 非都市編定：丙種建築用地,10000,60,持分移轉,04070000
RPQNMLOJLHLGFBK38DA,縣府段,41.95,都市：其他:住宅區,1,1,全筆移轉,11070000
RPQNMLOJLHLGFBK38DA,縣府段,110.21,都市：其他:住宅區,1,1,全筆移轉,11080000
RPQNMLNJLHLGFBK28DA,華清段,18.48,都市：其他:住宅區,10000,178,持分移轉,07800000
RPRNMLMJLHLGFEK58DA,龍騰段,5642.98,非都市：山坡地保育區 ; 非都市編定：農牧用地,2511129,564298,持分移轉,05200000
RPOOMLQKJHLGFFK78DA,東民段,110.33,都市：其他:住宅區,1,1,全筆移轉,07110000
RPTNMLQJKHLGFFK56DA,成功段,76.06,都市：其他:住宅區,1,1,全筆移轉,01020000
RPQOMLMJLHLGFDK48DA,苦苓腳段,860.00,非都市：特定農業區 ; 非都市編定：農牧用地,1,1,全筆移轉,16630000
RPRNMLNJLHLGFDK58DA,新山佳段,.66,都市：其他:住宅區,27,1,持分移轉,06170000
RPRNMLNJLHLGFDK58DA,新山佳段,1.74,都市：其他:住宅區,27,1,持分移轉,06320000
RPRNMLNJLHLGFDK58DA,新山佳段,82.89,都市：其他:住宅區,1,1,全筆移轉,06340000
RPRNMLNJLHLGFDK58DA,新山佳段,10.17,都市：其他:住宅區,27,1,持分移轉,06460000
RPRNMLNJLHLGFDK58DA,新山佳段,8.68,都市：其他:住宅區,27,1,持分移轉,06470000
RPQOMLLLJHLGFDK38DA,天聲段,28.34,都市：其他:公園用地,275625,7875,持分移轉,04150000
RPQOMLLLJHLGFDK38DA,天聲段,5.55,都市：其他:人行步道用地,35,1,持分移轉,04160000
RPSNMLNJLHLGFFK88DA,上興段,77.63,非都市：山坡地保育區 ; 非都市編定：丙種建築用地,1,1,全筆移轉,07260000
RPSNMLNJLHLGFFK88DA,上興段,4.76,非都市：山坡地保育區 ; 非都市編定：丙種建築用地,100000,3226,持分移轉,07410000
RPPNMLKKKIKGFEK18DA,鴨母坑段,18438.00,非都市：山坡地保育區 ; 非都市編定：林業用地,1,1,全筆移轉,11840000
RPQNMLKKKIKGFEK28DA,鴨母坑段,21.40,非都市：山坡地保育區 ; 非都市編定：農牧用地,10,1,持分移轉,03940003
RPQNMLKKKIKGFEK28DA,鴨母坑段,12.60,非都市：山坡地保育區 ; 非都市編定：農牧用地,10,1,持分移轉,03940004
RPQNMLKKKIKGFEK28DA,鴨母坑段,95.20,非都市：山坡地保育區 ; 非都市編定：農牧用地,10,1,持分移轉,03940006
RPQNMLKKKIKGFEK28DA,鴨母坑段,43.60,非都市：山坡地保育區 ; 非都市編定：農牧用地,10,1,持分移轉,03940007
RPQNMLKKKIKGFEK28DA,鴨母坑段,13.33,非都市：山坡地保育區 ; 非都市編定：水利用地,30,1,持分移轉,03950001
RPQNMLKKKIKGFEK28DA,鴨母坑段,546.90,非都市：山坡地保育區 ; 非都市編定：農牧用地,10,1,持分移轉,03990003
RPQNMLKKKIKGFEK28DA,鴨母坑段,98.70,非都市：山坡地保育區 ; 非都市編定：農牧用地,10,1,持分移轉,03990010
RPQNMLKKKIKGFEK28DA,鴨母坑段,260.10,非都市：山坡地保育區 ; 非都市編定：農牧用地,10,1,持分移轉,04010000
RPQNMLKKKIKGFEK28DA,鴨母坑段,217.30,非都市：山坡地保育區 ; 非都市編定：農牧用地,10,1,持分移轉,04020000
RPQNMLKKKIKGFEK28DA,鴨母坑段,635.00,非都市：山坡地保育區 ; 非都市編定：農牧用地,10,1,持分移轉,04040000
RPQNMLKKKIKGFEK28DA,鴨母坑段,1422.90,非都市：山坡地保育區 ; 非都市編定：林業用地,10,1,持分移轉,11070000
RPQNMLKKKIKGFEK28DA,鴨母坑段,3361.50,非都市：山坡地保育區 ; 非都市編定：農牧用地,10,1,持分移轉,11070002
RPQNMLKKKIKGFEK28DA,鴨母坑段,68.80,非都市：山坡地保育區 ; 非都市編定：林業用地,10,1,持分移轉,11070004
RPQNMLKKKIKGFEK28DA,鴨母坑段,469.50,非都市：山坡地保育區 ; 非都市編定：農牧用地,10,1,持分移轉,11070005
RPQNMLKKKIKGFEK28DA,鴨母坑段,184.80,非都市：山坡地保育區 ; 非都市編定：林業用地,10,1,持分移轉,11370000
RPQNMLKKKIKGFEK28DA,鴨母坑段,470.50,非都市：山坡地保育區 ; 非都市編定：林業用地,2,1,持分移轉,11380000
RPQNMLKKKIKGFEK28DA,鴨母坑段,947.10,非都市：山坡地保育區 ; 非都市編定：林業用地,10,1,持分移轉,11390000
RPQNMLKKKIKGFEK28DA,鴨母坑段,219.20,非都市：山坡地保育區 ; 非都市編定：林業用地,10,1,持分移轉,11400000
RPQNMLKKKIKGFEK28DA,鴨母坑段,155.70,非都市：山坡地保育區 ; 非都市編定：農牧用地,10,1,持分移轉,11420000
RPQNMLKKKIKGFEK28DA,鴨母坑段,57.70,非都市：山坡地保育區 ; 非都市編定：農牧用地,10,1,持分移轉,11430000
RPQNMLKKKIKGFEK28DA,鴨母坑段,46.20,非都市：山坡地保育區 ; 非都市編定：林業用地,10,1,持分移轉,11710001
RPQNMLKKKIKGFEK28DA,鴨母坑段,99.60,非都市：山坡地保育區 ; 非都市編定：林業用地,10,1,持分移轉,11720001
RPQNMLKKKIKGFEK28DA,鴨母坑段,327.70,非都市：山坡地保育區 ; 非都市編定：農牧用地,10,1,持分移轉,11720002
RPQNMLKKKIKGFEK28DA,鴨母坑段,19.50,非都市：山坡地保育區 ; 非都市編定：林業用地,10,1,持分移轉,11720003
RPPNMLPJLHLGFAK28DA,新坪頂段,134.00,非都市：山坡地保育區 ; 非都市編定：農牧用地,1,1,全筆移轉,07650000
RPPNMLPJLHLGFAK28DA,新坪頂段,2003.54,非都市：山坡地保育區 ; 非都市編定：農牧用地,1,1,全筆移轉,07660000
RPSNMLOLKHLGFAK58DA,南昌段,37.23,非都市：鄉村區 ; 非都市編定：乙種建築用地,2,1,持分移轉,09150000
RPPNMLOJLHLGFAK18DA,義和西段,2886.57,非都市：山坡地保育區 ; 非都市編定：農牧用地,1,1,全筆移轉,09000000
RPPNMLMKKHLGFAK97DA,獅潭段三洽坑小段,6064.00,非都市：山坡地保育區 ; 非都市編定：農牧用地,1,1,全筆移轉,00300138
RPQNMLPJLHLGFAK38DA,高熊段,1230.00,非都市：山坡地保育區 ; 非都市編定：農牧用地,1,1,全筆移轉,01180000
RPWNMLMJKIKGFDK88DA,龍南段,6.50,都市：其他:道路用地,2,1,持分移轉,18310001
RPXNMLMJKIKGFDK98DA,龍南段,3.00,都市：其他:住宅區,2,1,持分移轉,18310002
RPQNMLKKKIKGFDK18DA,新崎頂段,30.56,非都市：鄉村區 ; 非都市編定：乙種建築用地,3600,120,持分移轉,01580000
RPPNMLTJKIKGFDK88DA,龍城段,449.01,非都市：山坡地保育區 ; 非都市編定：農牧用地,1,1,全筆移轉,18640000
RPOOMLSJKIKGFDK78DA,淡文湖段,52.62,非都市：山坡地保育區 ; 非都市編定：丙種建築用地,10000,440,持分移轉,03580023
RPUOMLOJKIKGFDK98DA,大同段,75.29,都市：其他:第一種住宅區,2,1,持分移轉,13950000
RPUOMLOJKIKGFDK98DA,大同段,71.98,都市：其他:第一種住宅區,2,1,持分移轉,13950001
RPUOMLOJKIKGFDK98DA,大同段,70.46,都市：其他:第一種住宅區,2,1,持分移轉,13950002
RPPNMLMJKIKGFFK38DA,蔴園段,1.60,都市：其他:道路用地,1,1,全筆移轉,06670004
RPRNMLMJKIKGFFK58DA,蔴園段,1.11,都市：其他:道路用地,1,1,全筆移轉,06670006
RPQNMLMJKIKGFFK48DA,蔴園段,1.20,都市：其他:道路用地,1,1,全筆移轉,06670005
RPSNMLMJKIKGFBK28DA,新生段,8.06,都市：其他:部分住宅區、部分道路用地,7,1,持分移轉,00020000
RPROMLOJKIKGFDK68DA,慈裕段,22.44,都市：其他:道路用地,1,1,全筆移轉,08630002
RPROMLOJKIKGFDK68DA,慈裕段,46.00,都市：其他:道路用地,1,1,全筆移轉,08640001
RPRNMLPJKIKGFDK68DA,公園段,12.03,都市：其他:商業區,81000000,648000,持分移轉,00460000
RPPNMLSJKIKGFAK48DA,百壽段,1161.71,非都市：山坡地保育區 ; 非都市編定：林業用地,1,1,全筆移轉,03940012
RPRNMLQKKIKGFEK98DA,五穀段,107.34,都市：其他:商業區,1,1,全筆移轉,06050001
RPUNMLLKKIKGFDK68DA,崎工段,86.00,非都市：工業區 ; 非都市編定：丁種建築用地,1,1,全筆移轉,03020000
RPQNMLQKKIKGFEK88DA,五穀段,107.35,都市：其他:商業區,1,1,全筆移轉,06050000
RPRNMLSKKIKGFAK78DA,大坪林段,2500.00,非都市：山坡地保育區 ; 非都市編定：農牧用地,1,1,全筆移轉,17180002
RPTNMLPKKIKGFDK98DA,淡文湖段,1948.50,非都市：山坡地保育區 ; 非都市編定：農牧用地,2,1,持分移轉,05060002
RPPNMLRKKIKGFBK58DA,芒埔段,3.64,非都市：鄉村區 ; 非都市編定：乙種建築用地,56,6,持分移轉,00990000
RPRNMLSKKIKGFCK98DA,苑中段,236.07,都市：其他:商業區,1,1,全筆移轉,12200000
RPPNMLSKKIKGFDK98EA,外埔段,7.00,都市：其他:住宅區,1,1,全筆移轉,19440011
RPPNMLSKKIKGFDK98EA,外埔段,67.00,都市：其他:住宅區,1,1,全筆移轉,19440018
RPPNMLTKKIKGFDK09EA,環市段,43.74,都市：其他:住宅區,1600,786,持分移轉,17120000
RPTNMLRKKIKGFDK56DA,大山腳段,397.00,非都市：特定農業區 ; 非都市編定：農牧用地,1,1,全筆移轉,02220010
RPTNMLRKKIKGFDK56DA,大山腳段,405.00,非都市：特定農業區 ; 非都市編定：甲種建築用地,1,1,全筆移轉,02230001
RPPNMLKKKIKGFFK28DA,德義段,14.27,都市：其他:住宅區,10000,62,持分移轉,02500000
RPPNMLMLKIKGFDK48EA,苦苓腳段,407.40,非都市：特定農業區 ; 非都市編定：農牧用地,100,30,持分移轉,39710000
RPPNMLMLKIKGFDK48EA,苦苓腳段,387.60,非都市：特定農業區 ; 非都市編定：農牧用地,100,30,持分移轉,40010000
RPRNMLSKKIKGFDK09DA,文化段,.11,,1,1,全筆移轉,05830002
RPSNMLMKKIKGFFK78DA,湳湖段,63.37,非都市：山坡地保育區 ; 非都市編定：丙種建築用地,10000,147,持分移轉,00620015
RPQNMLQLKIKGFCK78DA,白沙段,.95,非都市：鄉村區 ; 非都市編定：乙種建築用地,300,1,持分移轉,06520000
RPQNMLQLKIKGFCK78DA,白沙段,17.49,非都市：鄉村區 ; 非都市編定：乙種建築用地,792,19,持分移轉,06530000
RPQNMLMLKIKGFCK38DA,五里牌段五福小段,151.00,非都市：鄉村區 ; 非都市編定：乙種建築用地,1,1,全筆移轉,03300007
RPPNMLTKKIKGFDK98DA,溪南段,358.24,非都市：特定農業區 ; 非都市編定：甲種建築用地,1,1,全筆移轉,09860000
RPQNMLMLKIKGFCK38DA,五里牌段五福小段,151.00,非都市：鄉村區 ; 非都市編定：乙種建築用地,1,1,全筆移轉,03300008
RPPNMLTKKIKGFDK98DA,溪南段,13.11,非都市：特定農業區 ; 非都市編定：甲種建築用地,1,1,全筆移轉,10170000
RPQNMLMKKIKGFAK08DA,跋阿諾乎段,322.21,非都市：鄉村區 ; 非都市編定：乙種建築用地,1,1,全筆移轉,00350000
RPTNMLPJKIKGFFK09DA,蘆竹湳段蘆竹湳小段,314.67,都市：其他:工業區,3,1,持分移轉,04990000
RPRNMLPJKIKGFFK88DA,仁愛段,26.76,都市：其他:住宅區,10000,25,持分移轉,00420000
RPUNMLTKKIKGFDK86DA,文化段,4.78,,1,1,全筆移轉,05830001
RPQNMLOLKIKGFCK58DA,福田段,38.33,都市：其他:商業區,100000,2358,持分移轉,03940000
RPPNMLOLKIKGFEK68DA,竹森段,2749.01,非都市：山坡地保育區 ; 非都市編定：農牧用地,1,1,全筆移轉,10060001
RPUNMLRKKIKGFFK86DA,後湖段,37.74,都市：其他:住宅區,1,1,全筆移轉,05560000
RPUNMLRKKIKGFFK86DA,後湖段,16.15,都市：其他:住宅區,1,1,全筆移轉,05570000
RPTNMLRKKIKGFFK76DA,後湖段,.06,都市：其他:住宅區,10000,102,持分移轉,14650000
RPTNMLRKKIKGFFK76DA,後湖段,20.26,都市：其他:道路用地,1,1,全筆移轉,14730000
RPTNMLRKKIKGFFK76DA,後湖段,62.76,都市：其他:道路用地,1,1,全筆移轉,14770000
RPUNMLTLKIKGFCK86DA,新興段,112.35,都市：其他:住宅區,8,1,持分移轉,09770000
RPTNMLRKKIKGFFK76DA,後湖段,.78,都市：其他:道路用地,20,2,持分移轉,14840000
RPRNMLLKKIKGFDK38DA,龍椅段,15.85,都市：其他:第一種住宅區,200000,3776,持分移轉,03720000
RPRNMLLKKIKGFDK38DA,龍椅段,15.85,都市：其他:第一種住宅區,200000,3776,持分移轉,03720000
RPPNMLTJKIKGFBK68DA,五谷岡段,107.00,都市：其他:住宅區,1,1,全筆移轉,12200000
RPPNMLLKKIKGFBK97DA,文發段,3.98,都市：其他:道路用地,249,4,持分移轉,13440000
RPPNMLLKKIKGFBK97DA,文發段,.90,都市：其他:住宅區,249,4,持分移轉,13470000
RPPNMLLKKIKGFBK97DA,文發段,.34,都市：其他:住宅區,249,4,持分移轉,13510000
RPPNMLLKKIKGFBK97DA,文發段,.55,都市：其他:住宅區,249,4,持分移轉,13520000
RPPNMLLKKIKGFBK97DA,文發段,.96,都市：其他:住宅區,249,4,持分移轉,13630000
RPPNMLLKKIKGFBK97DA,文發段,56.52,都市：其他:住宅區,1,1,全筆移轉,13650000
RPPNMLLKKIKGFBK97DA,文發段,.09,都市：其他:住宅區,249,4,持分移轉,13760000
RPPNMLLKKIKGFBK97DA,文發段,1.17,都市：其他:住宅區,249,4,持分移轉,13770000
RPSNMLPKKIKGFDK88DA,大同段,92.44,都市：其他:第一種住宅區,1,1,全筆移轉,11950002
RPPNMLNLKIKGFCK38DA,田心段,22.00,非都市：特定農業區 ; 非都市編定：農牧用地,1,1,全筆移轉,06510002
RPRNMLQKKIKGFDK88DA,后厝段,46.26,都市：其他:道路用地,2,1,持分移轉,06560001
RPRNMLQKKIKGFDK88DA,后厝段,46.26,都市：其他:道路用地,2,1,持分移轉,06560001
RPVNMLNLKIKGFFK66DA,大河底段,115.00,非都市：山坡地保育區 ; 非都市編定：丙種建築用地,1,1,全筆移轉,03060015
RPPNMLRLKIKGFBK68DA,館學段,33.25,都市：其他:住宅區,4,1,持分移轉,05590000
RPWNMLSKKIKGFFK17DA,仁愛段,2.65,都市：其他:住宅區,1,1,全筆移轉,14190002
RPQNMLMLKIKGFEK58DA,二湖段,140.00,非都市：特定農業區 ; 非都市編定：農牧用地,1,1,全筆移轉,06850011
RPQNMLQJKIKGFDK68DA,崎頂段,107.25,非都市：一般農業區 ; 非都市編定：農牧用地,8,1,持分移轉,02970017
RPUNMLKMKIKGFBK58DA,孔聖段,143.22,非都市：山坡地保育區 ; 非都市編定：丙種建築用地,1,1,全筆移轉,12280000
RPQNMLPKKIKGFEK78DA,新三叉段,3501.20,非都市：山坡地保育區 ; 非都市編定：林業用地,1,1,全筆移轉,08550000
RPQNMLPKKIKGFEK78DA,新三叉段,1494.08,非都市：山坡地保育區 ; 非都市編定：農牧用地,1,1,全筆移轉,08570000
RPQNMLPKKIKGFEK78DA,新三叉段,110.47,非都市：山坡地保育區 ; 非都市編定：農牧用地,1,1,全筆移轉,08570001
RPQNMLOJKIKGFFK68DA,四灣段,2982.00,非都市：山坡地保育區 ; 非都市編定：農牧用地,1,1,全筆移轉,00770029
RPWNMLNLKIKGFFK76DA,北獅里興段北獅里興小段,1040.00,非都市：山坡地保育區 ; 非都市編定：農牧用地,2600,1040,持分移轉,03900006
RPPNMLQKKIKGFFK88DA,和平段,7.23,都市：其他:商業區,20000,70,持分移轉,01190000
RPQNMLSKKIKGFCK88DA,南和段,489.00,非都市：山坡地保育區 ; 非都市編定：農牧用地,3549,489,持分移轉,02850004
RPPNMLTLKIKGFBK88DA,英才段,94.35,都市：其他:工業區,1,1,全筆移轉,04310000
RPPNMLPKKIKGFFK78DA,義民段,38.52,都市：其他:住宅區,1,1,全筆移轉,03300000
RPPNMLPKKIKGFFK78DA,義民段,6.84,都市：其他:道路用地,1,1,全筆移轉,03310000
RPPNMLRJKIKGFDK68DA,崎頂段,369.00,非都市：一般農業區 ; 非都市編定：農牧用地,3271,369,持分移轉,03970002
RPQNMLTLKIKGFCK09DA,福田段,36.34,都市：其他:商業區,100000,2236,持分移轉,03940000
RPSNMLNLKIKGFDK78DA,淡文湖段,12.35,非都市：山坡地保育區 ; 非都市編定：丙種建築用地,10000,95,持分移轉,09240026
RPTNMLNLKIKGFDK88DA,烏眉段,73.94,非都市：山坡地保育區 ; 非都市編定：農牧用地,576,36,持分移轉,00610000
RPTNMLNLKIKGFDK88DA,烏眉段,129.75,非都市：山坡地保育區 ; 非都市編定：農牧用地,576,36,持分移轉,00620000
RPTNMLNLKIKGFDK88DA,烏眉段,111.00,非都市：山坡地保育區 ; 非都市編定：農牧用地,576,36,持分移轉,00620001
RPTNMLNLKIKGFDK88DA,烏眉段,86.31,非都市：山坡地保育區 ; 非都市編定：農牧用地,576,36,持分移轉,00620002
RPUNMLTLKIKGFDK96DA,鹽館前段山子坪小段,370.62,都市：其他:公園用地,64,8,持分移轉,04380000
RPTNMLNLKIKGFDK88DA,烏眉段,95.31,非都市：山坡地保育區 ; 非都市編定：農牧用地,576,36,持分移轉,00630000
RPTNMLNLKIKGFDK88DA,烏眉段,154.79,非都市：山坡地保育區 ; 非都市編定：農牧用地,20736,432,持分移轉,00630001
RPTNMLNLKIKGFDK88DA,烏眉段,27.50,非都市：山坡地保育區 ; 非都市編定：農牧用地,576,36,持分移轉,00630002
RPTNMLNLKIKGFDK88DA,頭湖段,168.39,非都市：特定農業區 ; 非都市編定：農牧用地,1458,81,持分移轉,01760000
RPTNMLNLKIKGFDK88DA,頭湖段,58.56,非都市：特定農業區 ; 非都市編定：農牧用地,2916,162,持分移轉,01780006
RPRNMLTLKIKGFDK66DA,成功段,77.67,都市：其他:農業區,2,1,持分移轉,02930000
RPTNMLNLKIKGFDK88DA,頭湖段,3.56,非都市：特定農業區 ; 非都市編定：農牧用地,2916,162,持分移轉,01780010
RPTNMLNLKIKGFDK88DA,烏眉段,40.75,非都市：山坡地保育區 ; 非都市編定：丙種建築用地,324,27,持分移轉,02280000
RPRNMLTLKIKGFDK66DA,成功段,77.67,都市：其他:農業區,2,1,持分移轉,02930000
RPTNMLNLKIKGFDK88DA,烏眉段,5417.25,非都市：山坡地保育區 ; 非都市編定：農牧用地,324,27,持分移轉,02280001
RPTNMLNLKIKGFDK88DA,烏眉段,104.25,非都市：山坡地保育區 ; 非都市編定：農牧用地,324,27,持分移轉,02300000
RPTNMLNLKIKGFDK88DA,烏眉段,141.42,非都市：山坡地保育區 ; 非都市編定：農牧用地,324,27,持分移轉,02310000
RPPNMLMJKIKGFAK87DA,明湖段,40.87,都市：其他:住宅區,10,5,持分移轉,00400000
RPSNMLMJJHLGFBK18DA,玉清段,44.56,非都市：特定農業區 ; 非都市編定：甲種建築用地,100000,7062,持分移轉,09320000
RPRNMLQJJHLGFAK38DA,水頭寮段,88.05,非都市：山坡地保育區 ; 非都市編定：丙種建築用地,1,1,全筆移轉,10080000
RPPNMLMJJHLGFBK87DA,新生段,12.53,都市：其他:住宅區,10000,92,持分移轉,16200000
RPQNMLTLKIKGFBK98DA,聯合段,6.03,都市：其他:住宅區,10000,72,持分移轉,05820000
RPUOMLNLKIKGFDK09DA,維新段,177.65,都市：其他:住宅區,1,1,全筆移轉,08230000
RPQNMLLMKIKGFCK38DA,房裡段,1326.00,都市：其他:農業區,1,1,全筆移轉,03710000
RPPNMLOLKIKGFFK78DA,大河底段,990.00,非都市：山坡地保育區 ; 非都市編定：交通用地,1,1,全筆移轉,03860010
RPRNMLMJJHLGFEK38DA,褔興段,73.61,都市：其他:住宅區,1,1,全筆移轉,02460000
RPPNMLSJJHLGFAK38DA,士林段,1074.00,非都市：山坡地保育區 ; 非都市編定：農牧用地,1,1,全筆移轉,08390003
RPVNMLTKKIKGFCK86DA,泰田段,361.00,非都市：特定農業區 ; 非都市編定：農牧用地,1,1,全筆移轉,02630002
RPVNMLTKKIKGFCK86DA,泰田段,613.00,非都市：特定農業區 ; 非都市編定：農牧用地,1,1,全筆移轉,02640000
RPTNMLSKKIKGFDK66DA,慈裕段,196.17,都市：其他:住宅區,1,1,全筆移轉,01300001
RPTTMLKMKIKGFDK66DA,天聲段,9.78,都市：其他:道路用地,1,1,全筆移轉,06360000
RPTTMLKMKIKGFDK66DA,天聲段,111.65,都市：其他:住宅區,1,1,全筆移轉,06630000
RPTNMLMJJHLGFBK28DA,三山段,25.90,非都市：山坡地保育區 ; 非都市編定：丙種建築用地,10000,77,持分移轉,15450000
RPTNMLMJJHLGFBK28DA,三山段,116.17,非都市：山坡地保育區 ; 非都市編定：丙種建築用地,1,1,全筆移轉,15720000
RPTNMLMJJHLGFBK28DA,三山段,5.06,非都市：山坡地保育區 ; 非都市編定：丙種建築用地,92,1,持分移轉,16240000
RPQNMLQKKIKGFBK58DA,頭屋段一小段,73.60,都市：其他:住宅區,1,1,全筆移轉,02960010
RPQNMLPJJHLGFCK38DA,房北段,106.74,都市：其他:住宅區,1,1,全筆移轉,09570000
RPUOMLMLKIKGFDK98DA,淡文湖段,12.35,非都市：山坡地保育區 ; 非都市編定：丙種建築用地,10000,95,持分移轉,09240026
RPQNMLRJJHLGFCK58DA,房北段,52.83,都市：其他:住宅區,1,1,全筆移轉,11510002
RPQNMLQJJHLGFCK48DA,五南段,94.26,非都市：鄉村區 ; 非都市編定：乙種建築用地,8,7,持分移轉,05180000
RPQNMLNLKIKGFDK58DA,延平段,47.55,都市：其他:住宅區,8,6,持分移轉,12980000
RPSNMLQJJHLGFBK58DA,巨蛋段,80.01,都市：其他:住宅區,1,1,全筆移轉,10770000
RPSNMLSKKIKGFAK88DA,明湖段,552.54,都市：其他:農業區,4,1,持分移轉,04160000
RPSNMLQKKIKGFBK78DA,館陽段,4.92,都市：其他:道路用地,36,3,持分移轉,05810000
RPSNMLQKKIKGFBK78DA,館陽段,37.74,都市：其他:住宅區,12,3,持分移轉,05820002
RPUNMLQJJHLGFBK78DA,文昌段,8.76,都市：其他:住宅區,173,9,持分移轉,11920000
RPPNMLRKKIKGFDK78DA,龍椅段,120.90,都市：其他:第一種住宅區,100,28,持分移轉,04200000
RPPNMLRKKIKGFDK78DA,龍椅段,86.36,都市：其他:第一種住宅區,100,20,持分移轉,04200000
RPPNMLRKKIKGFDK78DA,龍椅段,86.36,都市：其他:第一種住宅區,100,20,持分移轉,04200000
RPPNMLRKKIKGFDK78DA,龍椅段,51.81,都市：其他:第一種住宅區,100,12,持分移轉,04200000
RPPNMLRKKIKGFDK78DA,龍椅段,43.18,都市：其他:第一種住宅區,100,10,持分移轉,04200000
RPPNMLRKKIKGFDK78DA,龍椅段,43.18,都市：其他:第一種住宅區,100,10,持分移轉,04200000
RPTNMLNJKIKGFDK68DA,外埔段,4730.00,非都市：特定農業區 ; 非都市編定：農牧用地,1,1,全筆移轉,09460000
RPPNMLOLKIKGFCK48DA,南山段,455.40,非都市：特定農業區 ; 非都市編定：甲種建築用地,1,1,全筆移轉,05350000
RPPNMLMLKIKGFCK28DA,通東段,5.21,都市：其他:道路用地,1,1,全筆移轉,07790000
RPQNMLMJJHLGFBK97DA,芒埔段,106.00,非都市：鄉村區 ; 非都市編定：乙種建築用地,1,1,全筆移轉,06840034
RPPNMLMLKIKGFCK28DA,通西段,27.32,都市：其他:道路用地,9,1,持分移轉,09160000
RPPNMLMLKIKGFCK28DA,通西段,27.64,都市：其他:道路用地,9,1,持分移轉,09170000
RPPNMLMLKIKGFCK28DA,平元段,13.90,都市：其他:道路用地,1,1,全筆移轉,09600000
RPPNMLMLKIKGFCK28DA,通東段,2.98,都市：其他:道路用地,1,1,全筆移轉,10170000
RPPNMLMLKIKGFCK28DA,通東段,5.94,都市：其他:住宅區,1,1,全筆移轉,10180000
RPPOMLRKKIKGFDK88DA,文化段,51.41,都市：其他:住宅區,478256,5141,持分移轉,01630000
RPTNMLNLKIKGFFK09DA,大化段,19.26,非都市：鄉村區 ; 非都市編定：丁種建築用地,100000,1367,持分移轉,09160006
RPQNMLTJJHLGFAK58DA,八角林段,2385.00,非都市：山坡地保育區 ; 非都市編定：林業用地,1,1,全筆移轉,06320035
RPQNMLTJJHLGFAK58DA,八角林段,374.00,非都市：山坡地保育區 ; 非都市編定：丙種建築用地,1,1,全筆移轉,06320066
RPUNMLQKKIKGFDK56DA,龍山段,39.00,都市：其他:住宅區,10000,1250,持分移轉,00730000
RPVNMLNLKIKGFBK88DA,縣府段,47.69,都市：其他:商業區,5,1,持分移轉,03490000
RPPNMLLKKIKGFFK38DA,正興段,37.66,都市：其他:住宅區,100000,3141,持分移轉,13560000
RPPNMLSJJHLGFBK58EA,新岡段,168.81,都市：其他:農業區,1,1,全筆移轉,03970000
RPRNMLTJJHLGFAK68DA,八角林段,524.00,非都市：山坡地保育區 ; 非都市編定：農牧用地,1,1,全筆移轉,02630000
RPSNMLPJJHLGFDK68DA,崎頂段,445.00,非都市：一般農業區 ; 非都市編定：農牧用地,1,1,全筆移轉,02970020
RPPNMLLJKIKGFEK18DA,八股段,12.81,非都市：山坡地保育區 ; 非都市編定：丙種建築用地,22571,1281,持分移轉,05990000
RPPNMLLJKIKGFEK18DA,八股段,141.50,非都市：山坡地保育區 ; 非都市編定：丙種建築用地,1,1,全筆移轉,05990016
RPPNMLLJKIKGFEK18DA,八股段,11.00,非都市：山坡地保育區 ; 非都市編定：丙種建築用地,273891,1100,持分移轉,06840000
RPPNMLLJKIKGFEK18DA,八股段,29.06,非都市：山坡地保育區 ; 非都市編定：丙種建築用地,51189,2906,持分移轉,06840069
RPQNMLMKJHLGFAK97DA,獅潭段永興小段,47812.00,非都市：山坡地保育區 ; 非都市編定：林業用地,1,1,全筆移轉,01040054
RPQNMLMKJHLGFAK97DA,獅潭段永興小段,536.00,非都市：山坡地保育區 ; 非都市編定：林業用地,1,1,全筆移轉,01040157
RPQNMLMKJHLGFAK97DA,獅潭段永興小段,1211.00,非都市：山坡地保育區 ; 非都市編定：農牧用地,1,1,全筆移轉,01050000
RPTNMLPJJHLGFDK78DA,苦苓腳段,203.70,非都市：特定農業區 ; 非都市編定：農牧用地,10,1,持分移轉,07210000
RPTNMLPJJHLGFDK78DA,苦苓腳段,203.70,非都市：特定農業區 ; 非都市編定：農牧用地,10,1,持分移轉,07210000
RPPNMLKLKIKGFCK08DA,內島段,704.55,非都市：山坡地保育區 ; 非都市編定：農牧用地,4,1,持分移轉,08500007
RPQNMLRJJHLGFFK88DA,蘆竹湳段蘆竹湳小段,157.33,都市：其他:工業區,6,1,持分移轉,04990000
RPQNMLTJJHLGFEK98DA,西田洋段,117.73,非都市：特定農業區 ; 非都市編定：甲種建築用地,1,1,全筆移轉,10260000
RPQNMLTJJHLGFEK98DA,西田洋段,39.24,非都市：特定農業區 ; 非都市編定：甲種建築用地,1,1,全筆移轉,10260002
RPPNMLQJJHLGFCK38DA,中正段,21.48,都市：其他:住宅區,10000,106,持分移轉,02180000
RPRNMLPJJHLGFBK38DA,南苗段,4.16,都市：其他:商業區,100000,1037,持分移轉,15300000
RPTNMLPJJHLGFBK58DA,新福麗段,16.24,非都市：鄉村區 ; 非都市編定：乙種建築用地,1,1,全筆移轉,07590000
RPRNMLPJJHLGFBK38DA,南苗段,1.44,都市：其他:住宅區,100000,1037,持分移轉,15310000
RPPNMLLMKIKGFBK28EA,上南段,7.26,非都市：山坡地保育區 ; 非都市編定：交通用地,2,1,持分移轉,03720000
RPPNMLLMKIKGFBK28EA,上南段,6.43,非都市：山坡地保育區 ; 非都市編定：交通用地,2,1,持分移轉,04560000
RPPNMLLMKIKGFBK28EA,上南段,2.25,非都市：山坡地保育區 ; 非都市編定：交通用地,2,1,持分移轉,04650000
RPPNMLTJJHLGFBK58DA,北苗段,79.22,都市：其他:住宅區,2,1,持分移轉,06900000
RPPNMLTJJHLGFBK58DA,北苗段,79.41,都市：其他:住宅區,2,1,持分移轉,07040000
RPTNMLTJJHLGFFK76DA,大河底段,414.00,非都市：山坡地保育區 ; 非都市編定：農牧用地,1,1,全筆移轉,03640002
RPWOMLNLKIKGFFK86DA,仁愛段,16.76,都市：其他:住宅區,10000,14,持分移轉,00360000
RPQNMLTJJHLGFCK78DA,田寮段,116.20,非都市：特定農業區 ; 非都市編定：甲種建築用地,5,1,持分移轉,03360001
RPRNMLOKJHLGFCK48DA,慈護段,58.33,非都市：鄉村區 ; 非都市編定：乙種建築用地,1,1,全筆移轉,09310000
RPQNMLNKJHLGFCK28DA,上坪段,5.29,非都市：山坡地保育區 ; 非都市編定：交通用地,4,1,持分移轉,00610000
RPQNMLNKJHLGFCK28DA,上坪段,248.51,非都市：山坡地保育區 ; 非都市編定：農牧用地,4,1,持分移轉,00630000
RPQNMLNKJHLGFCK28DA,上坪段,938.53,非都市：山坡地保育區 ; 非都市編定：農牧用地,4,1,持分移轉,00640000
RPUNMLMJKIKGFEK78DA,朝西段,115.30,都市：其他:住宅區,1,1,全筆移轉,08310000
RPWNMLRJJHLGFFK86DA,四灣段,11.59,非都市：山坡地保育區 ; 非都市編定：農牧用地,13290,90,持分移轉,00740009
RPWNMLRJJHLGFFK86DA,四灣段,118.42,非都市：山坡地保育區 ; 非都市編定：農牧用地,4430,90,持分移轉,00770000
RPWNMLRJJHLGFFK86DA,四灣段,2612.00,非都市：山坡地保育區 ; 非都市編定：農牧用地,1,1,全筆移轉,00770034
RPWNMLRJJHLGFFK86DA,四灣段,2.05,非都市：山坡地保育區 ; 非都市編定：林業用地,13290,90,持分移轉,05670021
RPWNMLRJJHLGFFK86DA,四灣段,.90,非都市：山坡地保育區 ; 非都市編定：林業用地,13290,90,持分移轉,05670024
RPWNMLRJJHLGFFK86DA,四灣段,16.01,非都市：山坡地保育區 ; 非都市編定：林業用地,4430,90,持分移轉,05670086
RPVNMLQLKIKGFDK76DA,崎頂段,440.50,非都市：一般農業區 ; 非都市編定：農牧用地,6,1,持分移轉,01550000
RPPNMLQJKIKGFFK78DA,尖山下段,767.00,非都市：特定農業區 ; 非都市編定：農牧用地,1,1,全筆移轉,16770000
RPPNMLTJJHLGFFK09EA,中央段,84.08,都市：其他:住宅區,1,1,全筆移轉,11330000
RPTNMLTJKIKGFDK66DA,合興段,91.07,都市：其他:商業區,1,1,全筆移轉,09450001
RPQNMLSKKIKGFBK78DA,文聖段,133.99,都市：其他:住宅區,1,1,全筆移轉,05630000
RPQNMLSKKIKGFBK78DA,文聖段,1.74,都市：其他:住宅區,1,1,全筆移轉,05640000
RPVNMLRJJHLGFFK76DA,顯會段,15.50,都市：其他:住宅區,10000,1335,持分移轉,12290000
RPVNMLRJJHLGFFK76DA,顯會段,15.73,都市：其他:住宅區,10000,1335,持分移轉,12300000
RPQNMLTJJHLGFBK68DA,維祥段維祥小段,63.00,非都市：鄉村區 ; 非都市編定：乙種建築用地,1,1,全筆移轉,03110015
RPQNMLTJJHLGFBK68DA,維祥段維祥小段,12.15,非都市：鄉村區 ; 非都市編定：交通用地,55,1,持分移轉,03110021
RPQNMLTJJHLGFBK68DA,維祥段維祥小段,4.89,非都市：鄉村區 ; 非都市編定：交通用地,55,1,持分移轉,03120017
RPQNMLTJJHLGFBK68DA,維祥段維祥小段,5.00,非都市：鄉村區 ; 非都市編定：乙種建築用地,1,1,全筆移轉,03120023
RPQNMLTJJHLGFBK68DA,維祥段維祥小段,.89,非都市：鄉村區 ; 非都市編定：交通用地,55,1,持分移轉,03130001
RPQNMLLMKIKGFDK48DA,崎頂段,223.92,非都市：一般農業區 ; 非都市編定：農牧用地,192,16,持分移轉,02870000
RPPNMLLMKIKGFBK18DA,聯大段,4784.00,非都市：山坡地保育區 ; 非都市編定：特定目的事業用地,1,1,全筆移轉,25100000
RPPNMLNKJHLGFBK08DA,仁隆段,502.00,都市：其他:保護區,1,1,全筆移轉,07790005
RPPNMLNKJHLGFBK08DA,仁隆段,2506.00,都市：其他:保護區,1,1,全筆移轉,07820000
RPPNMLNKJHLGFBK08DA,仁隆段,40.00,都市：其他:農業區,1,1,全筆移轉,07820001
RPRNMLMKJHLGFBK18DA,高苗段,19.81,非都市：山坡地保育區 ; 非都市編定：丙種建築用地,15,1,持分移轉,13620000
RPRNMLMKJHLGFBK18DA,高苗段,99.66,非都市：山坡地保育區 ; 非都市編定：丙種建築用地,1,1,全筆移轉,13720000
RPRNMLTJJHLGFDK98DA,龍城段,722.75,非都市：山坡地保育區 ; 非都市編定：農牧用地,747098811072,3458790792,持分移轉,01160000
RPPNMLMKJHLGFEK28DA,褔興段,81.45,都市：其他:住宅區,1,1,全筆移轉,04850000
RPQNMLNJJHLGFFK48DA,湳湖段,63.37,非都市：山坡地保育區 ; 非都市編定：丙種建築用地,10000,147,持分移轉,00620015
RPVNMLOKJHLGFCK88DA,南勢林坑段,492.00,非都市：山坡地保育區 ; 非都市編定：農牧用地,1,1,全筆移轉,02640000
RPRNMLPJJHLGFAK28DA,東湖段,66.84,都市：其他:住宅區,2,1,持分移轉,02510000
RPPNMLMJJHLGFDK08DA,大桃坪段,814.00,非都市：山坡地保育區 ; 非都市編定：農牧用地,1,1,全筆移轉,02560002
RPPNMLMJJHLGFDK08DA,大桃坪段,1099.00,非都市：山坡地保育區 ; 非都市編定：林業用地,1,1,全筆移轉,08010001
RPPOMLNLKIKGFFK78DA,自強段,33.72,都市：其他:住宅區,593200,8300,持分移轉,00340000
RPPNMLOKJHLGFBK28EA,北苗段,183.56,都市：其他:住宅區,1,1,全筆移轉,00570000
RPPNMLOKJHLGFBK28EA,北苗段,24.41,都市：其他:住宅區,1,1,全筆移轉,00580000
RPPNMLQKJHLGFAK28DA,山下段,90.48,都市：其他:住宅區,1,1,全筆移轉,04630000
RPQNMLKMKIKGFBK18DA,維新段,12.86,非都市：鄉村區 ; 非都市編定：乙種建築用地,10000,65,持分移轉,00290000
RPQNMLKMKIKGFBK18DA,維新段,2.36,非都市：鄉村區 ; 非都市編定：乙種建築用地,10000,43,持分移轉,00290004
RPQNMLKMKIKGFBK18DA,維新段,.55,非都市：鄉村區 ; 非都市編定：乙種建築用地,10000,43,持分移轉,00320000
RPQNMLKMKIKGFBK18DA,維祥段維祥小段,1.79,非都市：鄉村區 ; 非都市編定：乙種建築用地,10000,43,持分移轉,03540000
RPQNMLKMKIKGFBK18DA,維祥段維祥小段,3.32,非都市：特定農業區 ; 非都市編定：農牧用地,10000,43,持分移轉,03650000
RPUNMLNKJHLGFBK58DA,北河段,3186.00,非都市：山坡地保育區 ; 非都市編定：農牧用地,1,1,全筆移轉,05950000
RPUNMLNKJHLGFBK58DA,北河段,346.67,非都市：山坡地保育區 ; 非都市編定：農牧用地,3,1,持分移轉,05950026
RPPNMLNKJHLGFEK38DA,天神段,734.36,非都市：特定農業區 ; 非都市編定：農牧用地,1,1,全筆移轉,07220002
RPSNMLMKJHLGFDK48DA,新港段社腳小段,605.00,非都市：特定農業區 ; 非都市編定：農牧用地,1,1,全筆移轉,06940000
RPUNMLRKKIKGFBK09DA,公館段,1595.00,非都市：特定農業區 ; 非都市編定：農牧用地,1,1,全筆移轉,10610000
RPQNMLOKJHLGFBK28DA,文峰段,10.14,都市：其他:住宅區,1,1,全筆移轉,09250000
RPUNMLTKJHLGFCK66DA,五里牌段五里牌小段,903.00,非都市：特定農業區 ; 非都市編定：農牧用地,1,1,全筆移轉,07120000
RPUNMLTKJHLGFCK66DA,五里牌段五里牌小段,2010.00,非都市：特定農業區 ; 非都市編定：農牧用地,1,1,全筆移轉,07140000
RPQNMLPKJHLGFCK48DA,社柑段,14.99,非都市：鄉村區 ; 非都市編定：乙種建築用地,5,1,持分移轉,14320000
RPPNMLOKJHLGFBK18DA,南勢坑段上南勢坑小段,41.00,非都市：鄉村區 ; 非都市編定：乙種建築用地,1,1,全筆移轉,08220066
RPPNMLNJKIKGFAK97DA,大湖段,1408.00,非都市：特定農業區 ; 非都市編定：農牧用地,1,1,全筆移轉,01960018
RPPNMLOKJHLGFBK18DA,南勢坑段上南勢坑小段,21.00,非都市：鄉村區 ; 非都市編定：乙種建築用地,1,1,全筆移轉,08220077
RPQNMLOLKIKGFBK48DA,豐年段,94.34,都市：其他:住宅區,1,1,全筆移轉,11940000
RPQNMLQKJHLGFDK68DA,龍山段,24.84,都市：其他:農業區,100000,7675,持分移轉,00090006
RPQNMLQKJHLGFDK68DA,龍山段,19.04,都市：其他:住宅區,13,1,持分移轉,00410000
RPQNMLQKJHLGFDK68DA,龍山段,93.28,都市：其他:住宅區,1,1,全筆移轉,00410013
RPPNMLRJJHLGFCK48DA,楓樹窩段,2514.00,非都市：山坡地保育區 ; 非都市編定：農牧用地,1,1,全筆移轉,06180006
RPPNMLLMKIKGFDK38DA,過港段,1001.00,非都市：山坡地保育區 ; 非都市編定：農牧用地,25,5,持分移轉,07800000
RPQNMLQKJHLGFBK48DA,外獅潭段,1250.00,都市：其他:農業區,1,1,全筆移轉,13540000
RPQNMLOKJHLGFCK38DA,田心段,28.12,非都市：特定農業區 ; 非都市編定：甲種建築用地,8,1,持分移轉,10050009
RPQNMLOKJHLGFCK38DA,田心段,83.00,非都市：特定農業區 ; 非都市編定：甲種建築用地,1,1,全筆移轉,10050017
RPSNMLQKKIKGFDK98DA,水尾子段,2700.00,非都市：特定農業區 ; 非都市編定：農牧用地,1,1,全筆移轉,18140000
RPTNMLPKJHLGFFK09DA,蘆竹湳段蘆竹湳小段,101.00,都市：其他:工業區,1,1,全筆移轉,06460011
RPRNMLLMKIKGFDK58DA,頂科段,62.02,都市：其他:第三種住宅區。,1,1,全筆移轉,05730000
RPTNMLTKJHLGFEK76DA,西湖段,203.89,非都市：山坡地保育區 ; 非都市編定：農牧用地,2030,1015,持分移轉,11440000
RPQNMLTKJHLGFEK09DA,盛隆段,2503.40,非都市：山坡地保育區 ; 非都市編定：農牧用地,1,1,全筆移轉,01310001
RPQNMLTKJHLGFEK09DA,盛隆段,2502.00,非都市：山坡地保育區 ; 非都市編定：農牧用地,1,1,全筆移轉,01310002
RPSNMLPJJHLGFFK88DA,顯會段,30.00,都市：其他:住宅區,1,1,全筆移轉,05910000
RPRNMLPKJHLGFDK68DA,平安段,117.35,非都市：特定農業區 ; 非都市編定：甲種建築用地,1,1,全筆移轉,02800000
RPSNMLPJJHLGFFK88DA,顯會段,2.52,都市：其他:住宅區,10000,233,持分移轉,06120000
RPSNMLPJJHLGFFK88DA,顯會段,.35,都市：其他:住宅區,10000,233,持分移轉,06960000
RPSNMLPJJHLGFFK88DA,顯會段,11.49,都市：其他:住宅區,1,1,全筆移轉,07040000
RPRNMLQKJHLGFDK78DA,廣源段,79.62,非都市：一般農業區 ; 非都市編定：甲種建築用地,1,1,全筆移轉,05940000
RPPNMLTKJHLGFDK98EA,大埔段中大埔小段,603.00,非都市：特定農業區 ; 非都市編定：農牧用地,1,1,全筆移轉,13100000
RPRNMLTKJHLGFFK66DA,東民段,29.59,都市：其他:住宅區,8,1,持分移轉,04090000
RPRNMLTKJHLGFFK66DA,東民段,17.30,都市：其他:住宅區,8,1,持分移轉,04100000
RPTNMLNKJHLGFDK68DA,溪南段,616.04,非都市：特定農業區 ; 非都市編定：農牧用地,5,1,持分移轉,04590000
RPPNMLTKJHLGFBK68DA,鶴子岡段,5.00,非都市：特定農業區 ; 非都市編定：水利用地,1,1,全筆移轉,09230001
RPPNMLTKJHLGFBK68DA,鶴子岡段,1161.00,非都市：特定農業區 ; 非都市編定：農牧用地,1,1,全筆移轉,09270000
RPSNMLPKJHLGFBK58DA,高苗段,26.17,都市：其他:住宅區,10000,254,持分移轉,05550000
RPQNMLLMKIKGFBK28DA,南勢坑段下南勢坑小段,268.00,非都市：山坡地保育區 ; 非都市編定：農牧用地,1476,268,持分移轉,06350053
RPQNMLLMKIKGFBK28DA,南勢坑段下南勢坑小段,5.23,非都市：山坡地保育區 ; 非都市編定：農牧用地,90,1,持分移轉,07090001
RPQNMLLLJHLGFDK28DA,苦苓腳段,360.00,非都市：特定農業區 ; 非都市編定：農牧用地,5,1,持分移轉,45600000
RPQOMLMKJHLGFDK38DA,龍東段,14.52,都市：其他:住宅區,1000000000000,25979000000,持分移轉,04060000
RPPNMLTKJHLGFCK78DA,白沙段,33.86,非都市：一般農業區 ; 非都市編定：甲種建築用地,1,1,全筆移轉,01800000
RPPNMLTKJHLGFCK78DA,白沙段,11.91,非都市：一般農業區 ; 非都市編定：甲種建築用地,1,1,全筆移轉,01800001
RPPNMLOLKIKGFDK58DA,南豐湖段,587.17,非都市：山坡地保育區 ; 非都市編定：丙種建築用地,1,1,全筆移轉,11880000
RPVNMLMKKIKGFFK09DA,東庄段,124.00,都市：其他:住宅區,1,1,全筆移轉,00170000
RPROMLRJJHLGFFK09DA,山下段,84.44,都市：其他:住宅區,1,1,全筆移轉,01860000
RPPNMLPJJHLGFFK58DA,八德段,75.15,都市：其他:住宅區,1,1,全筆移轉,08820000
RPQNMLKLJHLGFFK38DA,田尾段,5612.00,非都市：山坡地保育區 ; 非都市編定：農牧用地,1,1,全筆移轉,02480000
RPQNMLRKKIKGFBK68DA,建功段,42.10,都市：其他:住宅區,1,1,全筆移轉,03350000
RPQNMLRKKIKGFBK68DA,建功段,5.68,都市：其他:住宅區,1,1,全筆移轉,03360000
RPPNMLSKJHLGFBK58DA,大坪段,76.86,非都市：山坡地保育區 ; 非都市編定：丙種建築用地,1,1,全筆移轉,05210000
RPPNMLSKJHLGFBK58DA,大坪段,36.39,非都市：山坡地保育區 ; 非都市編定：丙種建築用地,1,1,全筆移轉,05220000
RPPNMLQLKIKGFDK78DA,大同段,4.61,都市：其他:第一種住宅區,10000,406,持分移轉,08140017
RPPNMLQLKIKGFDK78DA,大同段,.89,都市：其他:第一種住宅區,10000,406,持分移轉,08140022
RPPNMLQLKIKGFDK78DA,大同段,87.90,都市：其他:第一種住宅區,1,1,全筆移轉,08140036
RPPNMLQLKIKGFDK78DA,大同段,8.50,都市：其他:第一種住宅區,10000,406,持分移轉,08140037
RPSNMLRJJHLGFBK68DA,關爺埔段,200.00,非都市：特定農業區 ; 非都市編定：農牧用地,1,1,全筆移轉,14910001
RPPNMLKLJHLGFEK18DA,高埔段,61.84,非都市：山坡地保育區 ; 非都市編定：農牧用地,44,1,持分移轉,03280001
RPPNMLKLJHLGFEK18DA,高埔段,31.48,非都市：山坡地保育區 ; 非都市編定：農牧用地,46,1,持分移轉,03280003
RPPNMLKLJHLGFEK18DA,高埔段,115.66,非都市：山坡地保育區 ; 非都市編定：農牧用地,44,1,持分移轉,03540012
RPPNMLKLJHLGFEK18DA,高埔段,2539.00,非都市：山坡地保育區 ; 非都市編定：農牧用地,1,1,全筆移轉,03540059
RPUNMLKLJHLGFDK58DA,大同段,18.77,都市：其他:第一種住宅區,15,1,持分移轉,11880000
RPUNMLKLJHLGFDK58DA,大同段,120.41,都市：其他:第一種住宅區,1,1,全筆移轉,11880011
RPUNMLKLJHLGFDK58DA,大同段,.40,都市：其他:第一種住宅區,15,1,持分移轉,11880017
RPUNMLKLJHLGFDK58DA,大同段,5.65,都市：其他:第一種住宅區,1,1,全筆移轉,11880020
RPPNMLKLJHLGFBK87DA,英才段,25.09,都市：其他:住宅區,1,1,全筆移轉,11100001
RPPNMLKLJHLGFBK87DA,英才段,11.48,都市：其他:住宅區,1,1,全筆移轉,11160000
RPQNMLSKJHLGFBK68DA,新福麗段,97.02,非都市：鄉村區 ; 非都市編定：乙種建築用地,1,1,全筆移轉,09430000
RPRNMLKLJHLGFCK18DA,新興段,24.78,都市：其他:住宅區,8,1,持分移轉,03910000
RPRNMLKLJHLGFCK18DA,新興段,83.12,都市：其他:住宅區,1,1,全筆移轉,03910002
RPQNMLLLJHLGFBK08DA,中苗段,105.04,都市：其他:住宅區,1,1,全筆移轉,04020000
RPRNMLNLKIKGFDK68DA,天聲段,3.56,都市：其他:住宅區,27,1,持分移轉,04660000
RPRNMLNLKIKGFDK68DA,天聲段,70.63,都市：其他:住宅區,1,1,全筆移轉,04660044
RPRNMLNLKIKGFDK68DA,天聲段,26.11,都市：其他:住宅區,17,1,持分移轉,04660057
RPRNMLNLKIKGFDK68DA,天聲段,.52,都市：其他:住宅區,27,1,持分移轉,04660058
RPVNMLPKJHLGFFK66DA,文化段,82.99,都市：其他:住宅區,1,1,全筆移轉,03460009
RPVNMLPKJHLGFFK66DA,文化段,.41,都市：其他:住宅區,11,1,持分移轉,03460011
RPPNMLLLJHLGFEK28DA,天神段,46.27,非都市：特定農業區 ; 非都市編定：農牧用地,2,1,持分移轉,04030001
RPSOMLTKJHLGFBK09DA,大倫段,51.31,都市：其他:住宅區,14,2,持分移轉,07400000
RPPNMLMLJHLGFBK08DA,鶴子岡段,1172.00,都市：其他:農業區,1,1,全筆移轉,12290000
RPPNMLMLJHLGFBK08DA,鶴子岡段,.50,都市：其他:農業區,4,1,持分移轉,12290001
RPPNMLMLJHLGFBK08DA,鶴子岡段,704.00,都市：其他:農業區,1,1,全筆移轉,12290003
RPQNMLTKJHLGFBK78DA,北河段,346.67,非都市：山坡地保育區 ; 非都市編定：農牧用地,3,1,持分移轉,05950026
RPQNMLTKJHLGFBK78DA,北河段,3038.00,非都市：山坡地保育區 ; 非都市編定：農牧用地,1,1,全筆移轉,05950027
RPUNMLNLJHLGFBK68DA,麻齊寮段,104.00,都市：其他:住宅區,1,1,全筆移轉,03430012
RPQNMLRLJHLGFCK78DA,北梅段,69.99,非都市：山坡地保育區 ; 非都市編定：農牧用地,1,1,全筆移轉,01650001
RPVNMLNKJHLGFDK88DA,下溪洲段,998.02,非都市：特定農業區 ; 非都市編定：農牧用地,1,1,全筆移轉,04770000
RPVNMLNKJHLGFDK88DA,下溪洲段,3382.05,非都市：特定農業區 ; 非都市編定：農牧用地,1,1,全筆移轉,04780000
RPUNMLKLJHLGFCK48DA,新興段,22.21,都市：其他:住宅區,12,1,持分移轉,08390000
RPUNMLKLJHLGFCK48DA,新興段,85.83,都市：其他:住宅區,1,1,全筆移轉,08410000
RPPNMLNKKIKGFBK18DA,福安段,39.78,都市：其他:住宅區,10000,318,持分移轉,10190000
RPPNMLNKKIKGFBK18DA,福安段,2.85,都市：其他:住宅區,10000,318,持分移轉,10190001
RPPNMLPKJHLGFEK58DA,中興段,129.91,非都市：工業區 ; 非都市編定：丁種建築用地,2,1,持分移轉,04490000
RPPNMLLMKIKGFEK48DA,朝西段,1328.23,都市：其他:農業區,1,1,全筆移轉,10270001
RPXNMLSJJHLGFFK07DA,民族段,29.90,都市：其他:住宅區,552917,3862,持分移轉,02790000
RPXNMLNKJHLGFFK66DA,興埔段,530.88,非都市：一般農業區 ; 非都市編定：農牧用地,1,1,全筆移轉,02910000
RPPNMLRLJHLGFCK78EA,通平段,126.04,非都市：鄉村區 ; 非都市編定：乙種建築用地,1,1,全筆移轉,06850000
RPRNMLTJJHLGFBK78DA,外獅潭段,220.31,非都市：山坡地保育區 ; 非都市編定：農牧用地,180,5,持分移轉,07840011
RPPNMLRLJHLGFFK09EA,後湖段,73.01,都市：其他:住宅區,1,1,全筆移轉,15910000
RPRNMLTJJHLGFBK78DA,外獅潭段,190.00,非都市：山坡地保育區 ; 非都市編定：丙種建築用地,1,1,全筆移轉,07840023
RPRNMLTJJHLGFBK78DA,外獅潭段,300.00,非都市：山坡地保育區 ; 非都市編定：丙種建築用地,1,1,全筆移轉,07840024
RPWNMLOKJHLGFBK88DA,嘉盛段,78.00,非都市：特定農業區 ; 非都市編定：甲種建築用地,1,1,全筆移轉,22680001
RPPNMLRLJHLGFFK09EA,後湖段,3.16,都市：其他:住宅區,1,1,全筆移轉,15920000
RPPNMLSLJHLGFCK78DA,新復東段,235.49,非都市：特定農業區 ; 非都市編定：農牧用地,1,1,全筆移轉,06680000
RPWNMLOKJHLGFBK88DA,嘉盛段,16.00,非都市：特定農業區 ; 非都市編定：甲種建築用地,1,1,全筆移轉,22680025
RPTNMLMLJHLGFDK68DA,大同段,36.02,都市：其他:第一種住宅區,100000,687,持分移轉,13390000
RPTNMLMLJHLGFDK68DA,大同段,.86,都市：其他:第一種住宅區,12800000,2101,持分移轉,13390000
RPSNMLMLJHLGFEK68DA,新高埔段,147.02,非都市：山坡地保育區 ; 非都市編定：農牧用地,33,1,持分移轉,18990000
RPSNMLMLJHLGFEK68DA,新高埔段,3237.04,非都市：山坡地保育區 ; 非都市編定：農牧用地,1,1,全筆移轉,19250000
RPPNMLRKKIKGFFK98DA,顯會段,60.15,都市：其他:住宅區,1,1,全筆移轉,00200000
RPQNMLRKKIKGFFK09DA,顯會段,28.04,都市：其他:住宅區,1,1,全筆移轉,00380000
RPTNMLNLJHLGFFK98DA,大坪林段,38.50,非都市：山坡地保育區 ; 非都市編定：農牧用地,4,1,持分移轉,01350014
RPPNMLQLKIKGFCK78EA,苑港段,.34,非都市：特定農業區 ; 非都市編定：交通用地,432,3,持分移轉,11630000
RPPNMLQLKIKGFCK78EA,苑港段,2.81,非都市：特定農業區 ; 非都市編定：交通用地,144,3,持分移轉,11640000
RPPNMLQLKIKGFCK78EA,苑港段,27.94,非都市：特定農業區 ; 非都市編定：農牧用地,144,3,持分移轉,11660000
RPPNMLQLKIKGFCK78EA,苑港段,1.92,非都市：特定農業區 ; 非都市編定：交通用地,24,1,持分移轉,12720000
RPQNMLKLJHLGFEK38EA,朝陽段,.70,都市：其他:道路用地,12,1,持分移轉,03080000
RPQNMLKLJHLGFEK38EA,朝陽段,9.72,都市：其他:商業區,60,3,持分移轉,03520000
RPPNMLMKJHLGFFK48EA,中華段,18.28,都市：其他:道路用地,3,2,持分移轉,03450000
RPPNMLMKJHLGFFK48EA,中華段,23.68,都市：其他:道路用地,3,2,持分移轉,03460000
RPPNMLMKJHLGFFK48EA,中華段,5.67,都市：其他:住宅區,3,2,持分移轉,03470000
RPPNMLMKJHLGFFK48EA,中華段,70.39,都市：其他:道路用地,3,2,持分移轉,03480000
RPPNMLMKJHLGFFK48EA,中華段,17.02,都市：其他:住宅區,3,2,持分移轉,03490000
RPPNMLNLJHLGFFK58DA,仁愛段,15.78,都市：其他:住宅區,10000,43,持分移轉,12540000
RPWNMLQKJHLGFFK86DA,信義段,15.05,都市：其他:住宅區,5400000,97853,持分移轉,10150000
RPWNMLQKJHLGFFK86DA,信義段,14.01,都市：其他:住宅區,5400000,97853,持分移轉,10220000
RPSNMLLMKIKGFDK68DA,頂埔段,.23,都市：其他:農業區,10000000000,3550000,持分移轉,12310000
RPSNMLLMKIKGFDK68DA,頂埔段,.00,都市：其他:農業區,10000000000,3550000,持分移轉,12310041
RPSNMLLMKIKGFDK68DA,頂埔段,.00,都市：其他:道路用地,10000000000,3550000,持分移轉,12310042
SPVNMLLMKIKGFDK09DA,龍北段,200.00,都市：其他:住宅區,1,1,全筆移轉,05990001
SPVNMLLMKIKGFDK09DA,龍北段,21.00,都市：其他:道路用地,1,1,全筆移轉,06110002
RPVNMLLMKIKGFDK98DA,龍富段,192.74,都市：其他:第二種住宅區,1,1,全筆移轉,06690000
RPPNMLNKJHLGFAK97DA,大湖段,1009.00,非都市：山坡地保育區 ; 非都市編定：農牧用地,1,1,全筆移轉,11430000
RPPNMLNKJHLGFAK97DA,大湖段,2640.00,非都市：山坡地保育區 ; 非都市編定：林業用地,1,1,全筆移轉,15170000
RPPNMLNKJHLGFAK97DA,大湖段,510.00,非都市：山坡地保育區 ; 非都市編定：農牧用地,1,1,全筆移轉,15180000
RPPNMLNKJHLGFAK97DA,大湖段,7940.00,非都市：山坡地保育區 ; 非都市編定：林業用地,1,1,全筆移轉,15200000
RPPNMLNKJHLGFAK97DA,大湖段,15080.00,非都市：山坡地保育區 ; 非都市編定：林業用地,1,1,全筆移轉,15220000
RPPNMLNKJHLGFAK97DA,大湖段,1040.00,非都市：山坡地保育區 ; 非都市編定：林業用地,1,1,全筆移轉,15240000
RPPNMLOKJHLGFAK08DA,獅潭段大東勢小段,434.00,非都市：山坡地保育區 ; 非都市編定：農牧用地,1,1,全筆移轉,02210000
RPQRMLMLKIKGFFK09DA,公園段,10.34,都市：其他:商業區,100000,408,持分移轉,00120000
RPPNMLQLJHLGFAK38DA,大窩段,2515.69,非都市：山坡地保育區 ; 非都市編定：農牧用地,1,1,全筆移轉,00810021
RPQNMLQLJHLGFAK48DA,大窩段,2558.22,非都市：山坡地保育區 ; 非都市編定：農牧用地,1,1,全筆移轉,00810020
RPPNMLTLJHLGFAK68DA,大窩段,392.84,非都市：山坡地保育區 ; 非都市編定：農牧用地,1,1,全筆移轉,06530000
RPPNMLTLJHLGFAK68DA,大窩段,216.13,非都市：山坡地保育區 ; 非都市編定：丙種建築用地,1,1,全筆移轉,06860000
RPPNMLLLJHLGFBK97DA,中苗段,104.40,都市：其他:住宅區,1,1,全筆移轉,04010000
RPPNMLQLKIKGFEK88DA,樟樹段,332.38,非都市：山坡地保育區 ; 非都市編定：丙種建築用地,1,1,全筆移轉,01210000
RPPNMLQLKIKGFEK88DA,樟樹段,119.95,非都市：山坡地保育區 ; 非都市編定：農牧用地,1,1,全筆移轉,01220000
RPTNMLLMKIKGFDK78DA,天聲段,13.54,都市：其他:住宅區,14,1,持分移轉,08150000
RPTNMLLMKIKGFDK78DA,天聲段,8.63,都市：其他:住宅區,14,1,持分移轉,08160000
RPPNMLRLJHLGFEK88DA,新雞隆段,522.80,非都市：山坡地保育區 ; 非都市編定：農牧用地,50,4,持分移轉,02520009
RPPNMLRLJHLGFEK88DA,新雞隆段,12502.00,非都市：山坡地保育區 ; 非都市編定：農牧用地,1,1,全筆移轉,02520047
RPPNMLRLJHLGFEK88DA,新雞隆段,18.80,非都市：山坡地保育區 ; 非都市編定：農牧用地,50,4,持分移轉,02520123
RPPNMLRLJHLGFEK88DA,新雞隆段,540.00,非都市：山坡地保育區 ; 非都市編定：農牧用地,1,1,全筆移轉,02520130
RPPNMLRLJHLGFEK88DA,新雞隆段,2500.00,非都市：山坡地保育區 ; 非都市編定：農牧用地,1,1,全筆移轉,02520131
RPPNMLRLJHLGFEK88DA,新雞隆段,2500.00,非都市：山坡地保育區 ; 非都市編定：農牧用地,1,1,全筆移轉,02520132
RPPNMLRLJHLGFEK88DA,新雞隆段,9.92,非都市：山坡地保育區 ; 非都市編定：水利用地,50,4,持分移轉,22300127
RPQNMLPKJHLGFDK58DA,海口段海口小段,7.43,都市：其他:住宅區,80,1,持分移轉,05260000
RPQNMLPKJHLGFDK58DA,海口段海口小段,7.43,都市：其他:住宅區,80,1,持分移轉,05260000
RPQNMLPKJHLGFDK58DA,海口段海口小段,1.75,都市：其他:住宅區,80,1,持分移轉,05260009
RPQNMLPKJHLGFDK58DA,海口段海口小段,1.75,都市：其他:住宅區,80,1,持分移轉,05260009
RPQNMLPKJHLGFDK58DA,海口段海口小段,35.50,都市：其他:住宅區,2,1,持分移轉,05260013
RPQNMLPKJHLGFDK58DA,海口段海口小段,35.50,都市：其他:住宅區,2,1,持分移轉,05260013
RPPNMLRKJHLGFAK38DA,南湖段,262.00,非都市：山坡地保育區 ; 非都市編定：農牧用地,1,1,全筆移轉,00600001
RPQNMLPKJHLGFDK58DA,海口段海口小段,.17,都市：其他:住宅區,80,1,持分移轉,05260050
RPPNMLRKJHLGFAK38DA,南湖段,63.00,非都市：山坡地保育區 ; 非都市編定：農牧用地,1,1,全筆移轉,00600002
RPPNMLRKJHLGFAK38DA,南湖段,5978.00,非都市：山坡地保育區 ; 非都市編定：農牧用地,1,1,全筆移轉,00600003
RPQNMLPKJHLGFDK58DA,海口段海口小段,.17,都市：其他:住宅區,80,1,持分移轉,05260050
RPPNMLRKJHLGFAK38DA,南湖段,1349.00,非都市：山坡地保育區 ; 非都市編定：農牧用地,1,1,全筆移轉,13370134
RPPNMLRKJHLGFAK38DA,南湖段,7.00,非都市：山坡地保育區 ; 非都市編定：交通用地,1,1,全筆移轉,13370155
RPQNMLPKJHLGFDK58DA,海口段海口小段,.50,都市：其他:住宅區,80,1,持分移轉,05260053
RPPNMLRKJHLGFAK38DA,南湖段,140.00,非都市：山坡地保育區 ; 非都市編定：農牧用地,1,1,全筆移轉,13370156
RPPNMLRKJHLGFAK38DA,南湖段,313.00,非都市：山坡地保育區 ; 非都市編定：農牧用地,1,1,全筆移轉,13370157
RPPNMLRKJHLGFAK38DA,南湖段,104.00,非都市：山坡地保育區 ; 非都市編定：交通用地,1,1,全筆移轉,13370159
RPQNMLPKJHLGFDK58DA,海口段海口小段,.50,都市：其他:住宅區,80,1,持分移轉,05260053
RPSNMLMKJHLGFBK28DA,南勢坑段上南勢坑小段,117.00,非都市：山坡地保育區 ; 非都市編定：丙種建築用地,1,1,全筆移轉,08220021
RPPNMLOLJHLGFBK28DA,館聖段,37.92,都市：其他:住宅區,70473,3792,持分移轉,04560062
RPQNMLMLJHLGFCK28DA,致民段,194.62,非都市：特定農業區 ; 非都市編定：甲種建築用地,2,1,持分移轉,00640000
RPQNMLMLKIKGFDK48DA,頂埔段,3412.04,都市：其他:農業區,1,1,全筆移轉,08610000
RPSNMLTKKIKGFDK66DA,新生段,31.63,都市：其他:住宅區,10000,1072,持分移轉,06790004
RPROMLTKKIKGFFK86DA,藤坪段,153.42,非都市：特定農業區 ; 非都市編定：農牧用地,100000,52026,持分移轉,04370000
RPPNMLSLKIKGFDK98DA,新山佳段,23.74,都市：其他:商業區,100000,610,持分移轉,05840000
RPXPMLLLJHLGFDK56DA,溪南段,1171.78,非都市：特定農業區 ; 非都市編定：農牧用地,1,1,全筆移轉,08800000
RPXPMLLLJHLGFDK56DA,溪南段,445.52,非都市：特定農業區 ; 非都市編定：農牧用地,1,1,全筆移轉,08830000
RPWRMLMLKIKGFFK07DA,東興段,220.00,非都市：山坡地保育區 ; 非都市編定：農牧用地,12817,220,持分移轉,02530017
RPWRMLMLKIKGFFK07DA,東興段,2520.00,非都市：山坡地保育區 ; 非都市編定：農牧用地,1,1,全筆移轉,02530059
RPPNMLLMKIKGFCK28DA,通東段,.15,都市：其他:道路用地,1,1,全筆移轉,06700000
RPPNMLLMKIKGFCK28DA,通東段,58.36,都市：其他:道路用地,1,1,全筆移轉,06710001
RPPNMLLMKIKGFCK28DA,通東段,47.12,都市：其他:綠地用地,1,1,全筆移轉,06720001
RPPNMLLMKIKGFCK28DA,通東段,11.49,都市：其他:道路用地,2,1,持分移轉,06730000
RPPNMLLMKIKGFCK28DA,通東段,3.79,都市：其他:道路用地,1,1,全筆移轉,06730001
RPPNMLLMKIKGFCK28DA,通東段,66.06,都市：其他:道路用地,2,1,持分移轉,06870000
RPPNMLLMKIKGFCK28DA,通東段,.07,都市：其他:道路用地,2,1,持分移轉,06880000
RPTNMLRLJHLGFEK66DA,朝西段,736.77,非都市：特定農業區 ; 非都市編定：農牧用地,1,1,全筆移轉,10850000
RPVNMLQKJHLGFDK56DA,新博愛段,13.84,都市：其他:住宅區,100000,823,持分移轉,10590000
RPWOMLSLJHLGFBK86DA,館聖段,37.92,都市：其他:住宅區,70473,3792,持分移轉,04560062
RPPNMLSLJHLGFBK68DA,南河段,439.00,非都市：山坡地保育區 ; 非都市編定：丙種建築用地,1,1,全筆移轉,00570009
RPPNMLSLJHLGFBK68DA,南河段,270.00,非都市：山坡地保育區 ; 非都市編定：丙種建築用地,1,1,全筆移轉,00600008
RPPNMLSLJHLGFBK68DA,南河段,2404.00,非都市：山坡地保育區 ; 非都市編定：農牧用地,1,1,全筆移轉,10620000
RPPNMLSLJHLGFBK68DA,南河段,129.00,非都市：山坡地保育區 ; 非都市編定：農牧用地,1,1,全筆移轉,10620002
RPPNMLSLJHLGFBK68DA,南河段,312.00,非都市：山坡地保育區 ; 非都市編定：丙種建築用地,1,1,全筆移轉,10620005
RPPNMLSLJHLGFBK68DA,南河段,385.00,非都市：山坡地保育區 ; 非都市編定：農牧用地,1,1,全筆移轉,10640001
RPPNMLSLJHLGFBK68DA,南河段,629.00,非都市：山坡地保育區 ; 非都市編定：農牧用地,1,1,全筆移轉,10650002
RPPNMLMLJHLGFCK18DA,苑港段,2742.00,非都市：特定農業區 ; 非都市編定：農牧用地,1,1,全筆移轉,06980000
RPRNMLOKJHLGFDK58DA,鹽館前段山子坪小段,379.00,都市：其他:公園用地,1,1,全筆移轉,02450004
RPPNMLRJJHLGFEK68DA,雙連潭段,112.00,非都市：山坡地保育區 ; 非都市編定：農牧用地,1,1,全筆移轉,03590000
RPPNMLRJJHLGFEK68DA,雙連潭段,134.00,非都市：山坡地保育區 ; 非都市編定：農牧用地,1,1,全筆移轉,03590001
RPPNMLRJJHLGFEK68DA,雙連潭段,1256.00,非都市：山坡地保育區 ; 非都市編定：農牧用地,1,1,全筆移轉,03590003
RPPNMLRJJHLGFEK68DA,雙連潭段,272.00,非都市：森林區 ; 非都市編定：農牧用地,1,1,全筆移轉,03610000
RPPNMLRJJHLGFEK68DA,雙連潭段,55.00,非都市：山坡地保育區 ; 非都市編定：農牧用地,1,1,全筆移轉,03610002
RPPNMLRJJHLGFEK68DA,雙連潭段,204.00,非都市：山坡地保育區 ; 非都市編定：農牧用地,1,1,全筆移轉,08020001
RPPNMLRJJHLGFEK68DA,雙連潭段,1037.00,非都市：山坡地保育區 ; 非都市編定：農牧用地,1,1,全筆移轉,08050030
RPPNMLRJJHLGFEK68DA,雙連潭段,6462.00,非都市：山坡地保育區 ; 非都市編定：林業用地,1,1,全筆移轉,08050033
RPRNMLPKJHLGFFK88DA,蟠桃段忠孝小段,78.00,都市：其他:住宅區,1,1,全筆移轉,04580009
RPRNMLPKJHLGFFK88DA,蟠桃段忠孝小段,7.00,都市：其他:住宅區,9,1,持分移轉,04580010
RPQNMLKMJHLGFDK28DA,淡文湖段,14.69,非都市：山坡地保育區 ; 非都市編定：丙種建築用地,10000,123,持分移轉,03580008
RPPNMLMJKHLGFAK87DA,士林段,2380.00,非都市：山坡地保育區 ; 非都市編定：農牧用地,1,1,全筆移轉,07730000
RPTNMLKMKIKGFBK48DA,鶴子岡段,3084.00,非都市：特定農業區 ; 非都市編定：農牧用地,1,1,全筆移轉,11150000
RPQNMLLMJHLGFCK28DA,鎮安段,989.83,非都市：特定農業區 ; 非都市編定：農牧用地,1,1,全筆移轉,06660001
RPPNMLLMJHLGFCK18DA,鎮安段,1795.72,非都市：特定農業區 ; 非都市編定：農牧用地,1,1,全筆移轉,06630000
RPPNMLLMJHLGFCK18DA,鎮安段,989.85,非都市：特定農業區 ; 非都市編定：農牧用地,1,1,全筆移轉,06660000
RPRNMLLLJHLGFDK38DA,光復段,445.14,都市：其他:住宅區,2,1,持分移轉,12740000
RPTOMLQLJHLGFDK56DA,劍潭段,119.67,非都市：鄉村區 ; 非都市編定：乙種建築用地,1,1,全筆移轉,05240000
RPPRMLSLJHLGFDK66DA,龍東段,32.00,都市：其他:住宅區,4,1,持分移轉,02110000
RPUNMLNLKIKGFDK98DA,新生段,15.62,都市：其他:商業區,100000,845,持分移轉,06150000
RPUOMLQLJHLGFDK66DA,劍潭段,95.27,非都市：鄉村區 ; 非都市編定：乙種建築用地,1,1,全筆移轉,05320000
RPSNMLTLJHLGFDK66DA,淡文湖段,114.00,非都市：山坡地保育區 ; 非都市編定：水利用地,1,1,全筆移轉,01190006
RPPNMLKMKIKGFFK48DA,仁愛段,19.26,都市：其他:住宅區,10000,19,持分移轉,00460000
RPRNMLLMKIKGFFK78DA,和平段,3.28,都市：其他:商業區,30000,87,持分移轉,11000000
RPSNMLKMJHLGFFK68DA,山下段,129.67,都市：其他:農業區,1,1,全筆移轉,04850000
RPSNMLKMJHLGFFK68DA,山下段,9.74,都市：其他:農業區,8,1,持分移轉,04890000
RPSNMLKMJHLGFFK68DA,山下段,3.88,都市：其他:農業區,8,1,持分移轉,04900000
RPSNMLKMJHLGFFK68DA,山下段,35.02,都市：其他:農業區,8,1,持分移轉,04980000
RPPNMLRLJHLGFBK58DA,鶴子岡段,537.00,都市：其他:農業區,1,1,全筆移轉,06860000
RPPNMLRLJHLGFBK58DA,鶴子岡段,1224.00,都市：其他:農業區,1,1,全筆移轉,06870000
RPPNMLTLJHLGFDK09EA,大同段,35.65,都市：其他:第一種住宅區,10000,184,持分移轉,13380000
RPTNMLSLJHLGFAK98DA,南昌段,77.10,非都市：鄉村區 ; 非都市編定：乙種建築用地,1,1,全筆移轉,09540000
RPQNMLMJJHLGFFK38DA,民族段,29.16,都市：其他:住宅區,552917,3767,持分移轉,02790000
RPPNMLKLJHLGFCK97DA,上坪段,2207.79,非都市：一般農業區 ; 非都市編定：農牧用地,1,1,全筆移轉,02770000
RPQNMLNLJHLGFCK38DA,社柑段,1485.56,非都市：特定農業區 ; 非都市編定：農牧用地,1,1,全筆移轉,16220001
RPSNMLKMJHLGFDK48DA,龍山段,23.28,都市：其他:住宅區,1175440,4656,持分移轉,01380000
RPPNMLNJKHLGFBK08DA,北河段,234.00,非都市：山坡地保育區 ; 非都市編定：農牧用地,1,1,全筆移轉,01710000
RPPNMLNJKHLGFBK08DA,北河段,2297.00,非都市：山坡地保育區 ; 非都市編定：農牧用地,1,1,全筆移轉,01710001
RPPNMLNJKHLGFBK08DA,北河段,7.00,非都市：山坡地保育區 ; 非都市編定：農牧用地,1,1,全筆移轉,01720000
RPPNMLNJKHLGFBK08DA,北河段,1099.00,非都市：山坡地保育區 ; 非都市編定：農牧用地,1,1,全筆移轉,01720005
RPQNMLOJKHLGFAK18DA,興榮段,1348.00,非都市：山坡地保育區 ; 非都市編定：農牧用地,1,1,全筆移轉,00520000
RPSNMLTKJHLGFCK09DA,上坪段,536.24,非都市：一般農業區 ; 非都市編定：丙種建築用地,1,1,全筆移轉,02300000
RPQNMLPJJHLGFFK68DA,蔴園段,245.67,都市：其他:住宅區,1,1,全筆移轉,13280000
RPQNMLPJJHLGFFK68DA,蔴園段,3.90,都市：其他:道路用地,1,1,全筆移轉,13280001
RPWNMLSJJHLGFDK76DA,竹圍段,60.00,都市：其他:農業區,1,1,全筆移轉,03810000
RPWNMLSJJHLGFDK76DA,竹圍段,15.75,都市：其他:農業區,72,9,持分移轉,03830000
RPWNMLSJJHLGFDK76DA,竹圍段,227.63,都市：其他:農業區,1,1,全筆移轉,03830003
RPSNMLNKJHLGFDK58DA,龍山段,12.78,都市：其他:住宅區,587720,1278,持分移轉,01380000
RPSNMLNKJHLGFDK58DA,龍山段,12.78,都市：其他:住宅區,587720,1278,持分移轉,01380000
RPOOMLNJKHLGFDK28DA,大桃坪段,1357.00,非都市：山坡地保育區 ; 非都市編定：林業用地,1,1,全筆移轉,09230002
RPXNMLNJKHLGFDK09DA,大桃坪段,547.00,非都市：山坡地保育區 ; 非都市編定：林業用地,1,1,全筆移轉,09230001
RPPNMLLMKIKGFFK58DA,北獅里興段獅頭驛小段,142.00,非都市：山坡地保育區 ; 非都市編定：丙種建築用地,1,1,全筆移轉,00910000
RPPOMLLLJHLGFFK48DA,和平段,28.84,都市：其他:商業區,8,1,持分移轉,07080000
RPUNMLMJKHLGFDK68DA,龍東段,1474.00,非都市：特定農業區 ; 非都市編定：農牧用地,1,1,全筆移轉,00250000
RPQNMLKMJHLGFAK97DA,新坪頂段,4000.00,非都市：山坡地保育區 ; 非都市編定：農牧用地,1,1,全筆移轉,03540001
RPPNMLTLJHLGFEK09DA,僑成段,74.23,非都市：鄉村區 ; 非都市編定：乙種建築用地,1,1,全筆移轉,04660000
RPPNMLPLKIKGFFK88DA,後湖段,19.69,都市：其他:住宅區,10,1,持分移轉,02080000
RPVNMLNKJHLGFFK09DA,仁愛段,14.32,都市：其他:住宅區,10000,39,持分移轉,12540000
RPPNMLTLJHLGFEK09DA,僑成段,85.38,非都市：鄉村區 ; 非都市編定：乙種建築用地,1,1,全筆移轉,04670000
RPPNMLPLKIKGFFK88DA,後湖段,.99,都市：其他:道路用地,10,1,持分移轉,02080001
RPPNMLPLKIKGFFK88DA,後湖段,1.64,都市：其他:住宅區,10,1,持分移轉,02090000
RPQNMLRLKIKGFFK56DA,隆興段,457.82,都市：其他:農業區,1,1,全筆移轉,04650003
RPUNMLOLKIKGFFK66DA,後湖段,16.12,都市：其他:商業區,200000,1264,持分移轉,10950000
RPPNMLRLKIKGFFK09DA,興埔段,95.20,非都市：山坡地保育區 ; 非都市編定：丙種建築用地,1,1,全筆移轉,04980000
RPPNMLQJKHLGFAK28DA,士林段,6060.00,非都市：山坡地保育區 ; 非都市編定：農牧用地,1,1,全筆移轉,01530001
RPRNMLOKJHLGFBK38DA,華清段,20.20,都市：其他:住宅區,10000,94,持分移轉,13220000
RPRNMLOKJHLGFBK38DA,華清段,.33,都市：其他:住宅區,10000,94,持分移轉,13230000
RPRNMLOKJHLGFBK38DA,華清段,.64,都市：其他:住宅區,10000,94,持分移轉,13240000
RPRNMLOKJHLGFBK38DA,華清段,.15,都市：其他:住宅區,10000,94,持分移轉,13250000
RPRNMLLLJHLGFCK28DA,致民段,5637.92,非都市：特定農業區 ; 非都市編定：農牧用地,1,1,全筆移轉,00190000
RPUNMLQJKHLGFCK98DA,藍田段,50.21,非都市：特定農業區 ; 非都市編定：甲種建築用地,10000,1335,持分移轉,07090000
RPQNMLQJJHLGFDK58DA,環市段,67.06,都市：其他:住宅區,1,1,全筆移轉,13750000
RPQNMLQJJHLGFDK58DA,環市段,15.12,都市：其他:住宅區,17,1,持分移轉,13880000
RPSOMLSLJHLGFBK09DA,為公段,179.10,非都市：特定農業區 ; 非都市編定：甲種建築用地,1,1,全筆移轉,05660000
RPQOMLQJJHLGFFK88DA,蟠桃段忠孝小段,15.47,都市：其他:商業區,10030,120,持分移轉,06020000
RPQNMLMJKHLGFBK08DA,英才段,134.19,都市：其他:工業區,70,67,持分移轉,01650000
RPQNMLMJKHLGFBK08DA,英才段,132.58,都市：其他:工業區,7,4,持分移轉,01680000
RPRNMLNJKHLGFCK38DA,房裡段,121.00,都市：其他:農業區,1,1,全筆移轉,03450046
RPRNMLNJKHLGFCK38DA,房裡段,38.12,都市：其他:農業區,100000,5002,持分移轉,03450050
RPPNMLPJJHLGFDK38DA,東赤崎段,16.97,非都市：山坡地保育區 ; 非都市編定：農牧用地,1,1,全筆移轉,01730000
RPPNMLPJJHLGFDK38DA,東赤崎段,267.31,非都市：山坡地保育區 ; 非都市編定：農牧用地,1,1,全筆移轉,01740000
RPPNMLPJJHLGFDK38DA,東赤崎段,234.84,非都市：山坡地保育區 ; 非都市編定：農牧用地,1,1,全筆移轉,01770000
RPPNMLPJJHLGFDK38DA,劍潭段,519.35,非都市：一般農業區 ; 非都市編定：農牧用地,1,1,全筆移轉,09140000
RPPNMLPJJHLGFDK38DA,劍潭段,169.54,非都市：一般農業區 ; 非都市編定：農牧用地,1,1,全筆移轉,09160000
RPPNMLPJJHLGFDK38DA,劍潭段,432.95,非都市：一般農業區 ; 非都市編定：農牧用地,1,1,全筆移轉,09190000
RPPNMLPJJHLGFDK38DA,劍潭段,830.04,非都市：一般農業區 ; 非都市編定：農牧用地,1,1,全筆移轉,09200000
RPPNMLPJJHLGFDK38DA,劍潭段,213.01,非都市：一般農業區 ; 非都市編定：農牧用地,1,1,全筆移轉,09210000
RPPNMLPJJHLGFDK38DA,劍潭段,422.42,非都市：一般農業區 ; 非都市編定：農牧用地,1,1,全筆移轉,09220000
RPTNMLTJKHLGFCK56DA,鎮安段,920.04,非都市：特定農業區 ; 非都市編定：農牧用地,1,1,全筆移轉,02470000
RPQNMLNJKHLGFBK18DA,館聖段,37.44,都市：其他:住宅區,70473,3744,持分移轉,04560062
RPPNMLMKJHLGFCK08DA,南和段,576.00,非都市：山坡地保育區 ; 非都市編定：農牧用地,1,1,全筆移轉,01690007
RPPNMLMKJHLGFCK08DA,南和段,8947.00,非都市：山坡地保育區 ; 非都市編定：農牧用地,1,1,全筆移轉,04740007
RPRRMLNLJHLGFDK98DA,龍椅段,59.52,都市：其他:第一種住宅區,1000000,48324,持分移轉,02680000
RPSNMLMJJHLGFDK38DA,光復段,231.01,都市：其他:住宅區,2,1,持分移轉,12730000
SPTNMLTJKHLGFCK66DA,鎮安段,1376.57,非都市：特定農業區 ; 非都市編定：農牧用地,1,1,全筆移轉,02420000
SPTNMLTJKHLGFCK66DA,鎮安段,1376.61,非都市：特定農業區 ; 非都市編定：農牧用地,1,1,全筆移轉,02430000
SPTNMLTJKHLGFCK66DA,鎮安段,1376.54,非都市：特定農業區 ; 非都市編定：農牧用地,1,1,全筆移轉,02440000
SPTNMLTJKHLGFCK66DA,鎮安段,1376.53,非都市：特定農業區 ; 非都市編定：農牧用地,1,1,全筆移轉,02450000
SPTNMLTJKHLGFCK66DA,鎮安段,1211.98,非都市：特定農業區 ; 非都市編定：農牧用地,1,1,全筆移轉,02460000
SPTNMLTJKHLGFCK66DA,鎮安段,1209.66,非都市：特定農業區 ; 非都市編定：農牧用地,1,1,全筆移轉,02660000
SPTNMLTJKHLGFCK66DA,鎮安段,1209.65,非都市：特定農業區 ; 非都市編定：農牧用地,1,1,全筆移轉,02670000
RPPNMLLMJHLGFFK48DA,蟠桃段忠孝小段,15.00,都市：其他:住宅區,100,10,持分移轉,09810000
RPRNMLMJKHLGFBK18DA,南勢坑段上南勢坑小段,18.91,非都市：山坡地保育區 ; 非都市編定：丙種建築用地,10000,347,持分移轉,08080000
RPRNMLMJKHLGFBK18DA,南勢坑段上南勢坑小段,5.55,非都市：山坡地保育區 ; 非都市編定：交通用地,10000,347,持分移轉,08080009
RPRNMLMJKHLGFBK18DA,南勢坑段上南勢坑小段,1.67,非都市：山坡地保育區 ; 非都市編定：丙種建築用地,10000,347,持分移轉,08080024
RPRNMLMJKHLGFBK18DA,南勢坑段上南勢坑小段,.59,非都市：山坡地保育區 ; 非都市編定：丙種建築用地,10000,347,持分移轉,08080025
RPRNMLMJKHLGFBK18DA,南勢坑段上南勢坑小段,1.74,非都市：山坡地保育區 ; 非都市編定：丙種建築用地,10000,347,持分移轉,08080026
RPRNMLMJKHLGFBK18DA,南勢坑段上南勢坑小段,95.00,非都市：山坡地保育區 ; 非都市編定：丙種建築用地,1,1,全筆移轉,08080032
RPTNMLQJKHLGFBK78DA,嘉盛段,113.00,非都市：特定農業區 ; 非都市編定：甲種建築用地,1,1,全筆移轉,02280001
RPTNMLQJKHLGFBK78DA,嘉盛段,113.00,非都市：特定農業區 ; 非都市編定：甲種建築用地,1,1,全筆移轉,02280013
RPTNMLQJKHLGFBK78DA,嘉盛段,113.00,非都市：特定農業區 ; 非都市編定：甲種建築用地,1,1,全筆移轉,02280014
RPTNMLQJKHLGFBK78DA,嘉盛段,31.80,非都市：特定農業區 ; 非都市編定：甲種建築用地,5,3,持分移轉,02280015
RPTNMLQJKHLGFBK78DA,嘉盛段,99.00,非都市：特定農業區 ; 非都市編定：甲種建築用地,5,3,持分移轉,02280016
RPUNMLMKKIKGFDK78DA,龍富段,17.94,都市：其他:第一種住宅區,1000000,30396,持分移轉,05140000
RPUNMLMKKIKGFDK78DA,龍富段,60.84,都市：其他:第一種住宅區,1,1,全筆移轉,05140029
RPWOMLKMJHLGFDK98DA,外埔段,800.00,都市：其他:農業區,1,1,全筆移轉,11070000
RPUNMLMKKIKGFDK78DA,龍富段,2.10,都市：其他:第一種住宅區,1000000,30396,持分移轉,05140032
RPWNMLKMJHLGFDK88DA,外埔段,2090.00,都市：其他:農業區,1,1,全筆移轉,12420000
RPUNMLMJJHLGFDK58DA,公義段,128.68,都市：其他:工業區,1,1,全筆移轉,01120011
RPTOMLMLKIKGFDK88DA,烏眉段,73.94,非都市：山坡地保育區 ; 非都市編定：農牧用地,48,3,持分移轉,00610000
RPTOMLMLKIKGFDK88DA,烏眉段,129.75,非都市：山坡地保育區 ; 非都市編定：農牧用地,48,3,持分移轉,00620000
RPTOMLMLKIKGFDK88DA,烏眉段,111.00,非都市：山坡地保育區 ; 非都市編定：農牧用地,48,3,持分移轉,00620001
RPTOMLMLKIKGFDK88DA,烏眉段,86.31,非都市：山坡地保育區 ; 非都市編定：農牧用地,48,3,持分移轉,00620002
RPTOMLMLKIKGFDK88DA,烏眉段,95.31,非都市：山坡地保育區 ; 非都市編定：農牧用地,48,3,持分移轉,00630000
RPTOMLMLKIKGFDK88DA,烏眉段,27.50,非都市：山坡地保育區 ; 非都市編定：農牧用地,48,3,持分移轉,00630002
RPTOMLMLKIKGFDK88DA,頭湖段,168.39,非都市：特定農業區 ; 非都市編定：農牧用地,54,3,持分移轉,01760000
RPTOMLMLKIKGFDK88DA,烏眉段,40.75,非都市：山坡地保育區 ; 非都市編定：丙種建築用地,972,81,持分移轉,02280000
RPTOMLMLKIKGFDK88DA,烏眉段,104.25,非都市：山坡地保育區 ; 非都市編定：農牧用地,36,3,持分移轉,02300000
RPTOMLMLKIKGFDK88DA,烏眉段,141.42,非都市：山坡地保育區 ; 非都市編定：農牧用地,36,3,持分移轉,02310000
RPRNMLKKKHLGFBK08DA,外獅潭段,82.00,非都市：山坡地保育區 ; 非都市編定：丙種建築用地,1,1,全筆移轉,04000041
RPOOMLTLJHLGFBK78DA,館聖段,37.92,都市：其他:住宅區,70473,3792,持分移轉,04560062
RPQNMLRLJHLGFFK09DA,公園段,9.84,都市：其他:商業區,100000,425,持分移轉,00430000
RPRNMLQKJHLGFEK88DA,樟樹段,169.14,非都市：山坡地保育區 ; 非都市編定：農牧用地,1,1,全筆移轉,01250000
RPRNMLQKJHLGFEK88DA,樟樹段,167.97,非都市：山坡地保育區 ; 非都市編定：農牧用地,1,1,全筆移轉,01260000
RPXNMLTLJHLGFBK96DA,館聖段,38.42,都市：其他:住宅區,70473,3842,持分移轉,04560062
RPTNMLSLJHLGFFK86DA,上坪段,34.16,,1,1,全筆移轉,04540001
RPPOMLQKKIKGFFK98DA,中央段,47.26,都市：其他:住宅區,10000,425,持分移轉,06890000
RPTNMLSLJHLGFBK09DA,玉清段,41.59,都市：其他:住宅區,8,1,持分移轉,03710000
RPQNMLMLJHLGFBK18DA,三山段,47.08,都市：其他:住宅區,1,1,全筆移轉,10170000
RPPNMLTJKHLGFBK68DA,文峰段,107.69,都市：其他:住宅區,1,1,全筆移轉,04730000
RPOOMLNKJHLGFFK48DA,顯會段,15.50,都市：其他:住宅區,10000,1335,持分移轉,12290000
RPOOMLNKJHLGFFK48DA,顯會段,15.73,都市：其他:住宅區,10000,1335,持分移轉,12300000
RPSNMLSLJHLGFBK98DA,玉清段,41.59,都市：其他:住宅區,8,1,持分移轉,03710000
RPPNMLKKKHLGFEK18DA,育英段,433.82,非都市：山坡地保育區 ; 非都市編定：丙種建築用地,1,1,全筆移轉,08910000
RPRNMLNLJHLGFFK78DA,上興段,25.63,非都市：山坡地保育區 ; 非都市編定：丙種建築用地,4100000,13817,持分移轉,10800000
RPPNMLLKJHLGFDK08DA,大同段,151.66,都市：其他:第一種住宅區,1,1,全筆移轉,12100000
RPXOMLTLJHLGFBK07DA,文發段,31.96,都市：其他:住宅區,10000,670,持分移轉,06690000
RPOPMLTLJHLGFBK88DA,文發段,31.96,都市：其他:住宅區,10000,670,持分移轉,06690000
RPPNMLNJKHLGFCK18DA,鎮安段,816.66,非都市：特定農業區 ; 非都市編定：農牧用地,1,1,全筆移轉,14680001
RPPNMLNJKHLGFCK18DA,鎮安段,816.68,非都市：特定農業區 ; 非都市編定：農牧用地,1,1,全筆移轉,14690000
RPRNMLTJKHLGFDK09DA,新山佳段,18.56,都市：其他:住宅區,10000,170,持分移轉,08470000
RPSNMLNLKHLGFCK68DA,啟心段,1014.31,非都市：特定農業區 ; 非都市編定：農牧用地,1,1,全筆移轉,04030000
RPQPMLTLJHLGFBK09DA,文發段,46.74,都市：其他:住宅區,10000,980,持分移轉,06690000
RPRNMLMKKHLGFFK68DA,光華段,97.49,都市：其他:住宅區,1,1,全筆移轉,01890000
RPQNMLNLKHLGFDK58DA,龍坑段,74.70,非都市：山坡地保育區 ; 非都市編定：農牧用地,320,1,持分移轉,09680000
RPQNMLNLKHLGFDK58DA,龍坑段,840.51,非都市：山坡地保育區 ; 非都市編定：農牧用地,1,1,全筆移轉,09680132
RPUNMLMJKHLGFFK88DA,蔴園段,.46,都市：其他:住宅區,10000,200,持分移轉,16000000
RPUNMLMJKHLGFFK88DA,蔴園段,9.99,都市：其他:住宅區,10000,200,持分移轉,16370000
RPPNMLPKJHLGFFK68DA,蔴園段,.46,都市：其他:住宅區,10000,200,持分移轉,16000000
RPPNMLPKJHLGFFK68DA,蔴園段,9.99,都市：其他:住宅區,10000,200,持分移轉,16370000
RPVNMLOLKIKGFFK76DA,後湖段,17.75,都市：其他:商業區,100000,696,持分移轉,10950000
RPOSMLSLJHLGFDK66DA,龍坑段,149.41,非都市：山坡地保育區 ; 非都市編定：農牧用地,160,1,持分移轉,09680000
RPOSMLSLJHLGFDK66DA,龍坑段,2610.00,非都市：山坡地保育區 ; 非都市編定：農牧用地,1,1,全筆移轉,09680135
RPPNMLLKKHLGFFK38DA,觀音段,114.65,非都市：鄉村區 ; 非都市編定：乙種建築用地,1,1,全筆移轉,09020000
RPPNMLNLKHLGFEK58DA,僑成段,330.39,非都市：山坡地保育區 ; 非都市編定：農牧用地,1,1,全筆移轉,06410001
RPPNMLNLKHLGFEK58DA,僑成段,290.15,非都市：山坡地保育區 ; 非都市編定：丙種建築用地,1,1,全筆移轉,06420000
RPUNMLLMKIKGFBK68DA,華清段,14.18,都市：其他:住宅區,10000,66,持分移轉,13220000
RPOPMLSLJHLGFBK78DA,館興段,177.90,都市：其他:住宅區,1,1,全筆移轉,05060000
RPUNMLLMKIKGFBK68DA,華清段,.23,都市：其他:住宅區,10000,66,持分移轉,13230000
RPUNMLLMKIKGFBK68DA,華清段,.45,都市：其他:住宅區,10000,66,持分移轉,13240000
RPUNMLLMKIKGFBK68DA,華清段,.10,都市：其他:住宅區,10000,66,持分移轉,13250000
RPRNMLNLKHLGFCK58DA,房南段,1426.00,非都市：特定農業區 ; 非都市編定：農牧用地,1,1,全筆移轉,04970000
RPRNMLNLKHLGFCK58DA,房南段,1424.00,非都市：特定農業區 ; 非都市編定：農牧用地,1,1,全筆移轉,05050000
RPSNMLOLKHLGFCK78DA,苑西段,4.42,都市：其他:住宅區,1,1,全筆移轉,10970001
RPSNMLOLKHLGFCK78DA,苑西段,6.44,都市：其他:商業區,1,1,全筆移轉,11230000
RPRNMLMJLHLGFCK38DA,致民段,69.24,非都市：特定農業區 ; 非都市編定：水利用地,1,1,全筆移轉,05970001
RPSNMLOLKHLGFCK78DA,苑西段,128.37,都市：其他:住宅區,1,1,全筆移轉,11250000
RPPNMLPLJHLGFBK38DA,巨蛋段,29.28,都市：其他:住宅區,100000,2854,持分移轉,06310000
RPUNMLTJJHLGFDK66DA,西赤崎段,58.24,非都市：一般農業區 ; 非都市編定：甲種建築用地,1,1,全筆移轉,06040000
RPUNMLTJJHLGFDK66DA,西赤崎段,813.71,非都市：一般農業區 ; 非都市編定：甲種建築用地,1,1,全筆移轉,06050000
RPTNMLTJKHLGFBK09DA,文發段,146.41,都市：其他:住宅區,1,1,全筆移轉,17840000
RPTNMLPKJHLGFDK88DA,大同段,90.56,都市：其他:第一種住宅區,1,1,全筆移轉,11290001
RPTNMLPKJHLGFDK88DA,大同段,8.40,都市：其他:第一種住宅區,100000,9666,持分移轉,11290003
RPTNMLPKJHLGFDK88DA,大同段,.43,都市：其他:第一種住宅區,100000,9666,持分移轉,11290011
RPWNMLNKJHLGFBK78DA,北苗段,13.83,都市：其他:商業區,10000,83,持分移轉,04650000
RPSNMLOKJHLGFDK68DA,天聲段,22.22,都市：其他:住宅區,100000,1506,持分移轉,03960000
RPPNMLTJJHLGFFK98DA,中華段,150.01,都市：其他:住宅區,1,1,全筆移轉,10030003
RPPNMLLKJHLGFFK28DA,湳湖段,42.81,非都市：山坡地保育區 ; 非都市編定：丙種建築用地,10000,88,持分移轉,00250017
RPQNMLOLKHLGFFK88DA,仁愛段,26.35,都市：其他:住宅區,10000,26,持分移轉,00460000
RPQNMLMJLHLGFCK28DA,福興段,2504.00,非都市：山坡地保育區 ; 非都市編定：農牧用地,1,1,全筆移轉,02050019
RPSNMLQKJHLGFDK88DA,苦苓腳段,389.00,非都市：特定農業區 ; 非都市編定：甲種建築用地,1,1,全筆移轉,32540000
RPQNMLRKKIKGFDK88DA,啤工段,33.32,非都市：工業區 ; 非都市編定：丁種建築用地,100000,14383,持分移轉,01890000
RPQNMLPLKHLGFBK58DA,尖山段,550.00,非都市：特定農業區 ; 非都市編定：農牧用地,1,1,全筆移轉,15340000
RPRNMLNLKHLGFDK68DA,環市段,6.44,都市：其他:住宅區,20,1,持分移轉,09390000
RPRNMLNLKHLGFDK68DA,環市段,18.89,都市：其他:住宅區,8,1,持分移轉,09440000
RPRNMLNLKHLGFDK68DA,環市段,74.23,都市：其他:住宅區,1,1,全筆移轉,09460000
RPPNMLLJLHLGFBK97DA,縣府段,19.80,都市：其他:商業區,5,1,持分移轉,03130000
RPPNMLPKJHLGFDK48DA,維新段,60.00,都市：其他:住宅區,1,1,全筆移轉,05620000
RPRNMLKKKHLGFCK18DA,通西段,18.93,都市：其他:住宅區,10000,147,持分移轉,12120000
RPOOMLOLKHLGFFK78DA,信義段,103.68,都市：其他:住宅區,1,1,全筆移轉,10650008
RPPOMLTLJHLGFBK88DA,館聖段,38.42,都市：其他:住宅區,70473,3842,持分移轉,04560062
RPVNMLQJJHLGFDK09DA,大山腳段,1595.00,非都市：特定農業區 ; 非都市編定：農牧用地,1,1,全筆移轉,15500000
RPQOMLOLKHLGFFK98DA,大河底段,202.00,非都市：山坡地保育區 ; 非都市編定：農牧用地,877,202,持分移轉,02130010
RPQOMLOLKHLGFFK98DA,大河底段,3380.00,非都市：山坡地保育區 ; 非都市編定：農牧用地,1,1,全筆移轉,02130011
RPXNMLQJJHLGFDK66DA,仁德段,8.14,都市：其他:住宅區,2000,36,持分移轉,00450004
RPXNMLQJJHLGFDK66DA,仁德段,8.14,都市：其他:住宅區,2000,36,持分移轉,00450004
RPXNMLQJJHLGFDK66DA,仁德段,24.77,都市：其他:住宅區,2,1,持分移轉,00450028
RPXNMLQJJHLGFDK66DA,仁德段,24.77,都市：其他:住宅區,2,1,持分移轉,00450028
RPTNMLQLKHLGFFK76DA,華夏段,99.63,都市：其他:住宅區,1,1,全筆移轉,05130000
RPOOMLKKKHLGFDK08DA,大同段,54.34,都市：其他:第一種住宅區,1,1,全筆移轉,12000012
RPRNMLQJJHLGFCK58DA,苑南段,178.31,都市：其他:住宅區,1,1,全筆移轉,09480000
RPQNMLOJLHLGFCK48DA,玉山段,1021.01,非都市：特定農業區 ; 非都市編定：農牧用地,1,1,全筆移轉,15300000
RPOOMLKKKHLGFDK08DA,大同段,15.80,都市：其他:第一種住宅區,1000,100,持分移轉,12000015
RPVPMLRLJHLGFDK96DA,龍山段,23.37,都市：其他:住宅區,587720,2337,持分移轉,01380000
RPQNMLQJLHLGFCK68DA,北勢窩段,2653.00,非都市：山坡地保育區 ; 非都市編定：農牧用地,1,1,全筆移轉,00060005
RPQNMLSLJHLGFFK56DA,湳湖段,1309.37,都市：其他:農業區,1,1,全筆移轉,08360000
RPQNMLSLJHLGFFK56DA,湳湖段,12.86,都市：其他:農業區,1,1,全筆移轉,08370000
RPQNMLSLJHLGFFK56DA,湳湖段,18.82,都市：其他:農業區,1,1,全筆移轉,08630000
RPQNMLRLJHLGFBK68DA,文山段,65.00,非都市：山坡地保育區 ; 非都市編定：丙種建築用地,1,1,全筆移轉,07590029
RPQNMLRLJHLGFBK68DA,文山段,23.98,非都市：山坡地保育區 ; 非都市編定：丙種建築用地,46,1,持分移轉,07590042
RPPNMLTJJHLGFDK78DA,新博愛段,23.11,都市：其他:住宅區,473111,9161,持分移轉,11740000
RPPOMLPJJHLGFDK48DA,苦苓腳段,1830.00,非都市：特定農業區 ; 非都市編定：農牧用地,1,1,全筆移轉,45690001
RPRNMLNJKHLGFDK48DA,苦苓腳段,56.00,非都市：特定農業區 ; 非都市編定：甲種建築用地,1,1,全筆移轉,03670010
RPRNMLNJKHLGFDK48DA,苦苓腳段,575.00,非都市：特定農業區 ; 非都市編定：農牧用地,1,1,全筆移轉,03670014
RPQTMLSLJHLGFDK96DA,龍成段,222.16,都市：其他:住宅區,1,1,全筆移轉,00150000
RPSNMLPLJIKGFAK58DA,仙山段,1250.00,非都市：森林區 ; 非都市編定：農牧用地,4,2,持分移轉,03540002
RPRNMLNJLHLGFFK78DA,自強段,1434.00,都市：其他:車站專用區,1,1,全筆移轉,21810000
RPRNMLNJLHLGFFK78DA,自強段,116.42,都市：其他:車站專用區,1,1,全筆移轉,22130002
RPRNMLNJLHLGFFK78DA,自強段,331.68,都市：其他:車站專用區,1,1,全筆移轉,22190000
RPRNMLNJLHLGFFK78DA,自強段,86.37,都市：其他:車站專用區,1,1,全筆移轉,22190001
RPRNMLNJLHLGFFK78DA,自強段,29.41,都市：其他:車站專用區,1,1,全筆移轉,22190002
RPRNMLNJKHLGFFK68DA,仁愛段,37.78,都市：其他:住宅區,10000,67,持分移轉,00490000
RPTNMLPLJIKGFAK68DA,仙山段,625.00,非都市：森林區 ; 非都市編定：農牧用地,4,1,持分移轉,03540002
RPVNMLQLKHLGFFK96DA,德義段,22.98,都市：其他:住宅區,10000,93,持分移轉,01820000
RPPNMLOJKIKGFCK38EA,苑港段,1.92,非都市：特定農業區 ; 非都市編定：交通用地,24,1,持分移轉,12720000
RPTNMLPJKIKGFDK88DA,烏眉段,112.67,非都市：山坡地保育區 ; 非都市編定：農牧用地,81,27,持分移轉,00380004
RPTNMLPJKIKGFDK88DA,烏眉段,186.00,非都市：山坡地保育區 ; 非都市編定：農牧用地,1,1,全筆移轉,00460001
RPUNMLPJKIKGFDK98DA,烏眉段,112.67,非都市：山坡地保育區 ; 非都市編定：農牧用地,81,27,持分移轉,00380004
RPUNMLPJKIKGFDK98DA,烏眉段,186.00,非都市：山坡地保育區 ; 非都市編定：農牧用地,1,1,全筆移轉,00460000
RPTNMLMJKIKGFDK58DA,龍山段,12.90,都市：其他:農業區,216,6,持分移轉,00080000
RPPNMLKKKIKGFCK08EA,舊社段,333.00,非都市：特定農業區 ; 非都市編定：農牧用地,1,1,全筆移轉,04730000
RPTNMLLJKIKGFBK28DA,文聖段,32.42,都市：其他:住宅區,100000,1013,持分移轉,20120000
RPRNMLKKKIKGFDK28DA,造橋段,7.12,非都市：山坡地保育區 ; 非都市編定：林業用地,8,1,持分移轉,03930000
RPQQMLSJKIKGFBK98DA,二岡坪段天花湖小段,15470.00,非都市：山坡地保育區 ; 非都市編定：林業用地,1,1,全筆移轉,07270000
RPRNMLOJKIKGFBK38DA,麻齊寮段,1235.00,都市：其他:農業區,1,1,全筆移轉,04250000
RPQNMLTJKIKGFCK88DA,平元段,93.86,都市：其他:住宅區,1,1,全筆移轉,08430000
RPQNMLTJKIKGFCK88DA,平元段,1.03,都市：其他:住宅區,1,1,全筆移轉,08430001
RPSNMLNJKIKGFBK38DA,館聖段,10.21,都市：其他:商業區,12,1,持分移轉,00760000
RPPNMLPJKIKGFBK28DA,縣府段,4.34,都市：其他:商業區,10000,93,持分移轉,01430000
RPPNMLPJKIKGFBK28DA,縣府段,1.09,都市：其他:商業區,10000,93,持分移轉,01440000
RPSNMLPJKIKGFBK58DA,芒埔段,42.00,非都市：鄉村區 ; 非都市編定：乙種建築用地,1,1,全筆移轉,06140003
RPSNMLPJKIKGFBK58DA,芒埔段,57.00,非都市：鄉村區 ; 非都市編定：乙種建築用地,1,1,全筆移轉,06190011
RPVNMLKKJIKGFBK38DA,新福麗段,4906.00,非都市：山坡地保育區 ; 非都市編定：農牧用地,1,1,全筆移轉,12180000
RPRNMLMKKIKGFAK18DA,獅潭段和興小段,815.00,非都市：山坡地保育區 ; 非都市編定：林業用地,1,1,全筆移轉,02950065
RPRNMLMKKIKGFAK18DA,獅潭段和興小段,2920.00,非都市：山坡地保育區 ; 非都市編定：林業用地,1,1,全筆移轉,02950070
RPSOMLMJKIKGFBK38DA,聯合段,.99,都市：其他:商業區,100000,176,持分移轉,00750000
RPSOMLMJKIKGFBK38DA,聯合段,1.96,都市：其他:住宅區,100000,176,持分移轉,00760000
RPSOMLMJKIKGFBK38DA,聯合段,1.08,都市：其他:住宅區,100000,176,持分移轉,00770000
RPPNMLMKKIKGFAK97DA,銑櫃段,2632.98,非都市：山坡地保育區 ; 非都市編定：農牧用地,1,1,全筆移轉,11170000
RPQNMLPKKIKGFAK38DA,水廠段,39.29,都市：其他:農業區,1,1,全筆移轉,04880000
RPQNMLPKKIKGFAK38DA,水廠段,28.16,都市：其他:農業區,1,1,全筆移轉,04900001
RPPNMLPKKIKGFAK28DA,武榮段,4052.01,非都市：山坡地保育區 ; 非都市編定：林業用地,1,1,全筆移轉,06700000
RPPNMLPKKIKGFAK28DA,武榮段,1954.03,非都市：山坡地保育區 ; 非都市編定：農牧用地,1,1,全筆移轉,06720000
RPPNMLPKKIKGFAK28DA,武榮段,1596.56,非都市：山坡地保育區 ; 非都市編定：農牧用地,1,1,全筆移轉,06730000
RPPNMLPKKIKGFAK28DA,武榮段,7369.01,非都市：山坡地保育區 ; 非都市編定：農牧用地,1,1,全筆移轉,06740000
RPPNMLPJJIKGFAK08DA,水尾坪段,707.47,非都市：特定農業區 ; 非都市編定：農牧用地,6,1,持分移轉,08390000
RPSNMLSLJIKGFCK09DA,房裡段,1920.00,都市：其他:農業區,1,1,全筆移轉,04090000
RPVOMLSJKIKGFBK66DA,文發段,21.20,都市：其他:住宅區,10000,158,持分移轉,04570000
RPQNMLTKJIKGFDK98DA,外埔段,1764.00,非都市：特定農業區 ; 非都市編定：農牧用地,1,1,全筆移轉,19580000
RPQNMLTKJIKGFDK98DA,外埔段,1500.00,非都市：特定農業區 ; 非都市編定：農牧用地,1,1,全筆移轉,19590000
RPQNMLTKJIKGFDK98DA,外埔段,1500.00,非都市：特定農業區 ; 非都市編定：農牧用地,1,1,全筆移轉,19600000
RPPNMLRLJIKGFCK68DA,通南段,73.35,非都市：山坡地保育區 ; 非都市編定：丙種建築用地,1,1,全筆移轉,06700067
RPSOMLOJKIKGFDK78DA,過港段,68.53,非都市：山坡地保育區 ; 非都市編定：丙種建築用地,270000,12000,持分移轉,01040000
RPSOMLOJKIKGFDK78DA,過港段,22.40,非都市：山坡地保育區 ; 非都市編定：丙種建築用地,270000,12000,持分移轉,01040001
RPVNMLQLJIKGFCK56DA,田中段,304.00,非都市：特定農業區 ; 非都市編定：甲種建築用地,1,1,全筆移轉,14140000
RPVNMLQLJIKGFDK66DA,苦苓腳段,1080.00,非都市：特定農業區 ; 非都市編定：農牧用地,1,1,全筆移轉,32560000
RPSNMLTJKIKGFDK56DA,過港段,48.86,非都市：鄉村區 ; 非都市編定：乙種建築用地,2016,96,持分移轉,01250000
RPQNMLKKKIKGFAK87DA,中角段,16.53,都市：其他:道路用地,24,2,持分移轉,12950000
RPQNMLKKKIKGFAK87DA,中角段,17.87,都市：其他:道路用地,1,1,全筆移轉,12970000
RPQNMLKKKIKGFAK87DA,中角段,206.33,都市：其他:農業區,1,1,全筆移轉,12980000
RPPNMLKKKIKGFBK87DA,華清段,7.09,都市：其他:住宅區,10000,33,持分移轉,13220000
RPQNMLOJKIKGFBK28DA,縣府段,7.99,都市：其他:住宅區,10000,85,持分移轉,04540000
RPPNMLKKKIKGFBK87DA,華清段,.11,都市：其他:住宅區,10000,33,持分移轉,13230000
RPPNMLKKKIKGFBK87DA,華清段,.23,都市：其他:住宅區,10000,33,持分移轉,13240000
RPPNMLKKKIKGFBK87DA,華清段,.05,都市：其他:住宅區,10000,33,持分移轉,13250000
RPOPMLSJKIKGFBK68DA,芒埔段,1319.00,非都市：特定農業區 ; 非都市編定：農牧用地,1,1,全筆移轉,06120000
RPQNMLKKKIKGFBK97DA,華清段,8.17,都市：其他:住宅區,20000,76,持分移轉,13220000
RPQNMLKKKIKGFBK97DA,華清段,.13,都市：其他:住宅區,20000,76,持分移轉,13230000
RPQNMLKKKIKGFBK97DA,華清段,.26,都市：其他:住宅區,20000,76,持分移轉,13240000
RPQNMLKKKIKGFBK97DA,華清段,.06,都市：其他:住宅區,20000,76,持分移轉,13250000
RPPNMLRLJIKGFBK58DA,頭屋段一小段,29.24,都市：其他:住宅區,1,1,全筆移轉,04280001
RPSNMLPKKIKGFCK78DA,下坪段,138.42,非都市：一般農業區 ; 非都市編定：農牧用地,1,1,全筆移轉,07730000
RPWNMLQLJIKGFBK56DA,外獅潭段,24.79,非都市：山坡地保育區 ; 非都市編定：丙種建築用地,100000,2666,持分移轉,07950000
RPWNMLQLJIKGFBK56DA,外獅潭段,72.00,非都市：山坡地保育區 ; 非都市編定：丙種建築用地,1,1,全筆移轉,07950036
RPQNMLPLJIKGFBK48DA,新頭屋段,65.48,非都市：一般農業區 ; 非都市編定：農牧用地,1,1,全筆移轉,02010000
RPPNMLPKKIKGFCK48DA,新復北段,1296.09,非都市：特定農業區 ; 非都市編定：農牧用地,1,1,全筆移轉,03920000
RPQNMLMKKIKGFBK18DA,尖山段,719.00,非都市：特定農業區 ; 非都市編定：農牧用地,1,1,全筆移轉,22810000
RPQNMLMKKIKGFBK18DA,尖山段,718.00,非都市：特定農業區 ; 非都市編定：農牧用地,1,1,全筆移轉,22810002
RPWNMLPJKIKGFDK56DA,新山佳段,98.08,都市：其他:住宅區,1,1,全筆移轉,04370000
RPQNMLSLJIKGFEK09DA,天神段,629.61,非都市：特定農業區 ; 非都市編定：農牧用地,1,1,全筆移轉,01080003
RPPNMLTLJIKGFAK68DA,細道邦段,7106.00,非都市：山坡地保育區 ; 非都市編定：林業用地,1,1,全筆移轉,12650006
RPQNMLMJKIKGFEK38DA,客屬段,214.00,非都市：特定農業區 ; 非都市編定：農牧用地,1,1,全筆移轉,00060000
RPQNMLMJKIKGFEK38DA,客屬段,145.17,非都市：特定農業區 ; 非都市編定：農牧用地,1,1,全筆移轉,00090000
RPQNMLMJKIKGFEK38DA,天神段,2276.99,非都市：特定農業區 ; 非都市編定：農牧用地,1,1,全筆移轉,13140000
RPPNMLTKJIKGFAK58DA,獅潭段和興小段,46.60,非都市：山坡地保育區 ; 非都市編定：交通用地,5,1,持分移轉,00270001
RPQNMLKKKIKGFFK38DA,九份寮段,271.10,非都市：山坡地保育區 ; 非都市編定：丙種建築用地,1,1,全筆移轉,00360000
RPTNMLMKKIKGFFK88DA,六合段,87.78,都市：其他:第三種住宅區。,1,1,全筆移轉,03690000
RPTNMLLKKIKGFBK38DA,嘉盛段,962.00,非都市：特定農業區 ; 非都市編定：農牧用地,1,1,全筆移轉,18480001
RPOOMLMJKIKGFCK08DA,土城段,2607.00,非都市：山坡地保育區 ; 非都市編定：農牧用地,1,1,全筆移轉,00140000
RPOOMLMJKIKGFCK08DA,土城段,196.00,非都市：山坡地保育區 ; 非都市編定：農牧用地,4,1,持分移轉,00140007
RPOOMLMJKIKGFCK08DA,土城段,.07,非都市：山坡地保育區 ; 非都市編定：農牧用地,15,1,持分移轉,00170004
RPOOMLMJKIKGFCK08DA,土城段,6.67,非都市：山坡地保育區 ; 非都市編定：農牧用地,15,1,持分移轉,00170033
RPPNMLMKKIKGFCK18DA,田心段,84.44,非都市：特定農業區 ; 非都市編定：甲種建築用地,3062,1022,持分移轉,03400001
RPPNMLMKKIKGFBK08DA,公館段,1184.00,非都市：特定農業區 ; 非都市編定：農牧用地,1,1,全筆移轉,08360000
RPPNMLTKJIKGFDK88DA,淡文湖段,163.95,非都市：特定農業區 ; 非都市編定：交通用地,40,2,持分移轉,02310003
RPQNMLMKKIKGFCK28DA,通平段,5022.35,非都市：一般農業區 ; 非都市編定：農牧用地,1,1,全筆移轉,09570001
RPQNMLSJKIKGFDK88DA,新生段,20.21,都市：其他:住宅區,10000,107,持分移轉,02600000
RPPNMLSLJIKGFEK98DA,雙潭段,2512.93,非都市：山坡地保育區 ; 非都市編定：農牧用地,1,1,全筆移轉,01130000
RPPNMLSKKIKGFCK78DA,苑北段,24.80,都市：其他:住宅區,10000,393,持分移轉,10550000
RPSNMLNJKIKGFAK28DA,大坪林段,7495.00,非都市：山坡地保育區 ; 非都市編定：農牧用地,1,1,全筆移轉,03050012
RPPNMLRKKIKGFAK48DA,圓墩段,1182.00,非都市：山坡地保育區 ; 非都市編定：農牧用地,1,1,全筆移轉,00150000
RPPNMLRKKIKGFAK48DA,圓墩段,3000.00,非都市：山坡地保育區 ; 非都市編定：農牧用地,1,1,全筆移轉,00150001
RPPNMLRKKIKGFAK48DA,圓墩段,2012.00,非都市：山坡地保育區 ; 非都市編定：農牧用地,1,1,全筆移轉,00160001
RPVNMLPKKIKGFDK56DA,淡文湖段,20.11,非都市：山坡地保育區 ; 非都市編定：丙種建築用地,66,1,持分移轉,03660008
RPQNMLPKKIKGFBK48DA,為公段,89.60,都市：其他:住宅區,1,1,全筆移轉,07230000
RPQOMLSKJIKGFDK98DA,中港段,204.00,都市：其他:農業區,1,1,全筆移轉,09240006
RPSNMLTKJIKGFBK98DA,聯合段,19.25,都市：其他:道路用地,6,1,持分移轉,12310001
RPVNMLRKKIKGFBK56DA,芒埔段,231.00,非都市：鄉村區 ; 非都市編定：乙種建築用地,1,1,全筆移轉,06700000
RPPNMLTLJIKGFCK88DA,興隆段,202.77,非都市：特定農業區 ; 非都市編定：甲種建築用地,1,1,全筆移轉,09960000
RPRNMLTKJIKGFBK88DA,聯合段,19.25,都市：其他:道路用地,6,1,持分移轉,12310001
RPQNMLSKKIKGFAK68DA,東湖段,86.30,都市：其他:商業區,1,1,全筆移轉,06020000
RPWNMLRKKIKGFBK66DA,新生段,83.74,都市：其他:住宅區,1,1,全筆移轉,12810000
RPQNMLSKKIKGFAK68DA,東湖段,1.31,都市：其他:道路用地,1,1,全筆移轉,06030000
RPQNMLTKJIKGFEK09DA,中心段,66.27,都市：其他:道路用地,20,7,持分移轉,04970000
RPPNMLTKJIKGFEK98DA,高埔段,3241.00,非都市：山坡地保育區 ; 非都市編定：農牧用地,1,1,全筆移轉,02610000
RPRNMLTKJIKGFEK56DA,中心段,66.27,都市：其他:道路用地,20,7,持分移轉,04970000
RPPNMLQKKIKGFDK68DA,慈裕段,30.57,都市：其他:住宅區,3,1,持分移轉,09520000
RPPNMLRKKIKGFEK88DA,福安段,2303.21,非都市：特定農業區 ; 非都市編定：農牧用地,1,1,全筆移轉,07380000
RPPNMLRKKIKGFEK88DA,福安段,1093.29,非都市：特定農業區 ; 非都市編定：農牧用地,1,1,全筆移轉,07420000
RPRNMLKKKIKGFFK48DA,德義段,11.30,都市：其他:住宅區,10000,360,持分移轉,01740000
RPRNMLKKKIKGFFK48DA,德義段,2.78,都市：其他:住宅區,10000,115,持分移轉,01740009
RPPNMLOKJIKGFBK18DA,尖山段,4.33,非都市：山坡地保育區 ; 非都市編定：丙種建築用地,3,1,持分移轉,04340027
RPPNMLLKKIKGFEK38EA,重河段,87.96,都市：其他:農業區,1,1,全筆移轉,08020007
RPPNMLOKJIKGFBK18DA,尖山段,1.00,非都市：山坡地保育區 ; 非都市編定：暫未編定,3,1,持分移轉,04350032
RPPNMLLKKIKGFEK38EA,重河段,19.92,都市：其他:農業區,1,1,全筆移轉,08030002
RPPNMLLKKIKGFEK38EA,重河段,.31,都市：其他:農業區,1,1,全筆移轉,08040004
RPWNMLMJKIKGFBK68DA,館明段,92.42,都市：其他:住宅區,1,1,全筆移轉,00840004
RPPNMLNKKIKGFAK08DA,大湖段,2961.00,非都市：山坡地保育區 ; 非都市編定：農牧用地,1,1,全筆移轉,04600026
RPTNMLLLJIKGFDK58DA,龍鳳西段,204.81,都市：其他:住宅區,1,1,全筆移轉,03060000
RPTNMLLLJIKGFDK58DA,龍鳳西段,13.44,都市：其他:住宅區,1,1,全筆移轉,03070000
RPTNMLLLJIKGFDK58DA,龍鳳西段,851.78,都市：其他:住宅區,1,1,全筆移轉,03100000
RPTNMLLLJIKGFDK58DA,龍鳳西段,244.13,都市：其他:住宅區,1,1,全筆移轉,03270000
RPTNMLLLJIKGFDK58DA,龍鳳西段,98.59,都市：其他:住宅區,1,1,全筆移轉,03280000
RPTNMLLLJIKGFDK58DA,龍鳳西段,16.90,都市：其他:住宅區,1,1,全筆移轉,03300000
RPTNMLLLJIKGFDK58DA,龍鳳西段,859.69,都市：其他:住宅區,1,1,全筆移轉,03320000
RPTNMLLLJIKGFDK58DA,龍鳳西段,21.41,都市：其他:住宅區,1,1,全筆移轉,03330000
RPTNMLLLJIKGFDK58DA,龍鳳西段,84.48,都市：其他:住宅區,1,1,全筆移轉,03360000
RPTNMLLLJIKGFDK58DA,龍鳳西段,56.32,都市：其他:住宅區,1,1,全筆移轉,03390000
RPTNMLLLJIKGFDK58DA,龍鳳西段,7.57,都市：其他:住宅區,1,1,全筆移轉,03430001
RPTNMLLLJIKGFDK58DA,龍鳳西段,2.36,都市：其他:住宅區,1,1,全筆移轉,03440000
RPTNMLLLJIKGFDK58DA,龍鳳西段,12.36,都市：其他:住宅區,1,1,全筆移轉,03460000
RPSNMLRKKIKGFBK88DA,建功段,25.81,都市：其他:商業區,10,1,持分移轉,05250000
RPRNMLPKKIKGFBK58DA,新岡段,105.74,都市：其他:乙種工業區,1,1,全筆移轉,02500039
RPPNMLSKKIKGFBK68DA,齊佳段,209.54,都市：其他:住宅區,1,1,全筆移轉,08830003
RPPNMLSKKIKGFBK68DA,齊佳段,393.96,都市：其他:住宅區,1,1,全筆移轉,08880000
RPQNMLMKKIKGFDK38DA,合興段,107.72,都市：其他:商業區,1,1,全筆移轉,08810000
RPQNMLMKKIKGFDK38DA,合興段,.79,都市：其他:商業區,1,1,全筆移轉,08810001
RPWNMLLKKIKGFFK09DA,北埔段,353.00,非都市：特定農業區 ; 非都市編定：農牧用地,1,1,全筆移轉,01930004
RPPNMLRKKIKGFDK88EA,龍城段,65.78,非都市：一般農業區 ; 非都市編定：農牧用地,9,1,持分移轉,10720000
RPPNMLSKKIKGFEK98DA,僑成段,183.35,非都市：鄉村區 ; 非都市編定：乙種建築用地,1,1,全筆移轉,07370000
RPRNMLQKKIKGFBK68DA,巨蛋段,14.30,都市：其他:住宅區,10000,88,持分移轉,06240000
RPUNMLLKKIKGFFK88DA,光華段,19.21,都市：其他:商業區,100000,634,持分移轉,14220000
RPSNMLOLJIKGFBK58DA,五鶴段,291.02,非都市：特定農業區 ; 非都市編定：農牧用地,1,1,全筆移轉,04340000
RPTNMLQLJIKGFBK88DA,文聖段,45.53,都市：其他:住宅區,1,1,全筆移轉,19890001
RPPNMLMKKIKGFFK48DA,東庄段,30.44,都市：其他:住宅區,10000,258,持分移轉,02500000
RPRNMLKKKIKGFBK08DA,高苗段,41.88,都市：其他:住宅區,32,2,持分移轉,04720000
RPRNMLKKKIKGFBK08DA,高苗段,2.29,都市：其他:住宅區,160,2,持分移轉,05090000
RPRNMLKKKIKGFBK08DA,高苗段,1.31,都市：其他:住宅區,160,2,持分移轉,05100000
RPPNMLMLJIKGFFK48DA,灣中段,159.54,都市：其他:住宅區,1,1,全筆移轉,02660008
RPPNMLLKKIKGFCK08DA,平元段,10.30,都市：其他:道路用地,1,1,全筆移轉,09980000
RPPNMLLKKIKGFCK08DA,平元段,117.99,都市：其他:住宅區,1,1,全筆移轉,09990000
RPOOMLRKKIKGFBK58DA,象山段,134.24,非都市：山坡地保育區 ; 非都市編定：農牧用地,1,1,全筆移轉,00600000
RPOOMLRKKIKGFBK58DA,象山段,.84,非都市：山坡地保育區 ; 非都市編定：農牧用地,1,1,全筆移轉,00600001
RPOOMLRKKIKGFBK58DA,象山段,8.86,非都市：山坡地保育區 ; 非都市編定：農牧用地,1,1,全筆移轉,00600002
RPPNMLKKKIKGFAK77DA,南洗水段,262.00,非都市：山坡地保育區 ; 非都市編定：農牧用地,1,1,全筆移轉,10830005
RPPNMLKKKIKGFAK77DA,南洗水段,776.00,非都市：山坡地保育區 ; 非都市編定：農牧用地,1,1,全筆移轉,10830006
RPOOMLRKKIKGFDK78DA,水尾子段,1550.00,非都市：特定農業區 ; 非都市編定：農牧用地,1,1,全筆移轉,23120000
RPXNMLRKKIKGFDK96DA,水尾子段,2150.00,非都市：特定農業區 ; 非都市編定：農牧用地,1,1,全筆移轉,23130000
RPTNMLRKJIKGFBK88DA,英才段,403.58,都市：其他:工業區,1,1,全筆移轉,01200000
RPRNMLKKKIKGFAK97DA,景山段,1460.00,非都市：山坡地保育區 ; 非都市編定：農牧用地,1,1,全筆移轉,06950000
RPVNMLQLJIKGFBK09DA,尖山段,2696.00,非都市：特定農業區 ; 非都市編定：農牧用地,1,1,全筆移轉,22720000
RPRNMLKKKIKGFAK97DA,景山段,1394.01,非都市：山坡地保育區 ; 非都市編定：農牧用地,1,1,全筆移轉,06960000
RPSNMLKKKIKGFCK28DA,貓盂段貓盂小段,1198.00,非都市：特定農業區 ; 非都市編定：農牧用地,2,1,持分移轉,07510000
RPVNMLMJKIKGFDK78DA,南豐湖段,76.29,非都市：山坡地保育區 ; 非都市編定：丙種建築用地,1,1,全筆移轉,12980000
RPQNMLTKKIKGFDK09DA,新南段,25.47,都市：其他:住宅區,100000,488,持分移轉,00040000
RPVNMLPJKIKGFDK09DA,苦苓腳段,1590.00,非都市：特定農業區 ; 非都市編定：農牧用地,1,1,全筆移轉,31620000
RPSNMLSKKIKGFDK56DA,龍北段,5.00,都市：其他:住宅區,1,1,全筆移轉,08490001
RPRNMLNLKIKGFAK38DA,景山段,3330.78,非都市：山坡地保育區 ; 非都市編定：農牧用地,1,1,全筆移轉,00290000
RPRNMLNLKIKGFAK38DA,景山段,2428.11,非都市：山坡地保育區 ; 非都市編定：農牧用地,1,1,全筆移轉,00300000
RPSNMLSKKIKGFDK56DA,龍北段,13.00,都市：其他:住宅區,1,1,全筆移轉,08490002
RPSNMLSKKIKGFDK56DA,龍北段,115.00,都市：其他:住宅區,1,1,全筆移轉,08690000
RPRNMLTJKIKGFBK88DA,大倫段,8.50,非都市：特定農業區 ; 非都市編定：甲種建築用地,1,1,全筆移轉,00360002
RPPNMLLLJIKGFEK28DA,朝陽段,123.65,都市：其他:住宅區,1,1,全筆移轉,12950000
RPPNMLNLKIKGFAK18DA,大湖段,36566.00,非都市：山坡地保育區 ; 非都市編定：農牧用地,1,1,全筆移轉,07620165
RPTNMLTKKIKGFDK76DA,新山佳段,38.43,都市：其他:住宅區,1,1,全筆移轉,07350000
RPPNMLPJKIKGFFK68DA,德義段,88.50,都市：其他:學校用地,1,1,全筆移轉,02390010
RPSOMLMLKIKGFDK78DA,龍城段,65.78,非都市：一般農業區 ; 非都市編定：農牧用地,9,1,持分移轉,10720000
RPROMLMLKIKGFDK68DA,龍城段,65.78,非都市：一般農業區 ; 非都市編定：農牧用地,9,1,持分移轉,10720000
RPPNMLTKKIKGFBK78DA,新生段,12.53,都市：其他:住宅區,10000,92,持分移轉,16200000
RPVNMLRKKIKGFFK96DA,仁愛段,23.94,都市：其他:住宅區,10000,20,持分移轉,00360000
RPPNMLQKKIKGFEK88EA,聖王段,9.13,非都市：特定農業區 ; 非都市編定：農牧用地,1,1,全筆移轉,12240000
RPPNMLQKKIKGFEK88EA,聖王段,116.85,非都市：特定農業區 ; 非都市編定：農牧用地,1,1,全筆移轉,12320000
RPPNMLQKKIKGFEK88EA,聖王段,10.82,非都市：特定農業區 ; 非都市編定：農牧用地,1,1,全筆移轉,12330001
RPPNMLMLKIKGFFK68EA,湳湖段,21.58,都市：其他:農業區,640,6,持分移轉,03750000
RPSNMLLLJIKGFDK48DA,大同段,5.55,都市：其他:第一種住宅區,10000,489,持分移轉,08140017
RPSNMLLLJIKGFDK48DA,大同段,1.07,都市：其他:第一種住宅區,10000,489,持分移轉,08140022
RPSNMLLLJIKGFDK48DA,大同段,55.63,都市：其他:第一種住宅區,1,1,全筆移轉,08140033
RPSNMLLLJIKGFDK48DA,大同段,10.24,都市：其他:第一種住宅區,10000,489,持分移轉,08140037
RPRNMLKMKIKGFAK18DA,大坪林段,123.00,非都市：山坡地保育區 ; 非都市編定：交通用地,1,1,全筆移轉,16700001
RPRNMLKMKIKGFAK18DA,大坪林段,288.00,非都市：山坡地保育區 ; 非都市編定：交通用地,1,1,全筆移轉,16750001
RPSRMLMLKIKGFFK66DA,成功段,85.42,都市：其他:住宅區,1,1,全筆移轉,02300000
RPPNMLQLKIKGFDK88EA,龍東段,81.33,都市：其他:住宅區,3,1,持分移轉,03610003
RPPNMLQLKIKGFDK88EA,龍東段,81.33,都市：其他:住宅區,3,1,持分移轉,03610003
RPPNMLQLKIKGFDK88EA,龍東段,81.33,都市：其他:住宅區,3,1,持分移轉,03610003
RPPNMLOLKIKGFBK38DA,嘉盛段,383.00,非都市：特定農業區 ; 非都市編定：農牧用地,1,1,全筆移轉,18890000
RPRNMLNKJIKGFBK28DA,尖山段,1303.00,非都市：特定農業區 ; 非都市編定：農牧用地,1,1,全筆移轉,21770000
RPPNMLNLKIKGFBK28DA,出礦坑段,2740.00,非都市：山坡地保育區 ; 非都市編定：農牧用地,1,1,全筆移轉,03500071
RPPNMLOLKIKGFAK28DA,興榮段,4975.00,非都市：山坡地保育區 ; 非都市編定：農牧用地,6,5,持分移轉,01660176
RPWNMLNLKIKGFBK98DA,縣府段,1.63,都市：其他:住宅區,2080,26,持分移轉,00100000
RPWNMLNLKIKGFBK98DA,文峰段,12.18,都市：其他:住宅區,3680,127,持分移轉,15670000
RPWNMLNLKIKGFBK98DA,文峰段,39.35,都市：其他:住宅區,3,2,持分移轉,15710000
RPXNMLNLKIKGFBK09DA,文聖段,132.38,都市：其他:住宅區,1,1,全筆移轉,18260000
RPXNMLQLJIKGFFK07DA,德義段,15.43,都市：其他:住宅區,20000,134,持分移轉,02500000
RPPNMLQLKIKGFBK58DA,豐年段,13.08,都市：其他:住宅區,100000,765,持分移轉,15060000
RPWNMLRJJIKGFDK66DA,龍北段,192.67,都市：其他:住宅區,3,1,持分移轉,10840000
RPWNMLRJJIKGFDK66DA,龍北段,192.67,都市：其他:住宅區,3,1,持分移轉,10840000
RPWNMLRJJIKGFDK66DA,龍北段,192.67,都市：其他:住宅區,3,1,持分移轉,10840000
RPPNMLQLKIKGFBK58DA,豐年段,1.02,都市：其他:農業區,100000,765,持分移轉,15070000
RPWNMLRJJIKGFDK66DA,龍北段,7.33,都市：其他:道路用地,3,1,持分移轉,10840001
RPWNMLRJJIKGFDK66DA,龍北段,7.33,都市：其他:道路用地,3,1,持分移轉,10840001
RPWNMLRJJIKGFDK66DA,龍北段,7.33,都市：其他:道路用地,3,1,持分移轉,10840001
RPOOMLNLKIKGFBK28DA,南河段,2380.00,非都市：山坡地保育區 ; 非都市編定：林業用地,1,1,全筆移轉,07690023
RPQNMLQJJIKGFDK58DA,天聲段,2.83,都市：其他:住宅區,10000,243,持分移轉,06420023
RPRNMLQLJIKGFFK09DA,後湖段,17.65,都市：其他:商業區,200000,1384,持分移轉,10950000
RPQNMLQJJIKGFDK58DA,天聲段,51.88,都市：其他:住宅區,1,1,全筆移轉,06420027
RPQNMLQJJIKGFDK58DA,天聲段,3.73,都市：其他:住宅區,10000,310,持分移轉,06420043
RPQNMLQJJIKGFDK58DA,天聲段,5.19,都市：其他:住宅區,10000,310,持分移轉,06420044
RPQOMLRKKIKGFDK98DA,光復段,1.40,都市：其他:商業區,200000,100,持分移轉,08830000
RPQOMLRKKIKGFDK98DA,光復段,9.04,都市：其他:商業區,200000,645,持分移轉,08830000
RPPNMLMLKIKGFDK38DA,頂埔段,.85,都市：其他:農業區,100,1,持分移轉,12310018
RPRNMLOJKIKGFFK78DA,東興段,219.00,非都市：山坡地保育區 ; 非都市編定：農牧用地,12817,219,持分移轉,02530017
RPRNMLOJKIKGFFK78DA,東興段,2510.00,非都市：山坡地保育區 ; 非都市編定：農牧用地,1,1,全筆移轉,02530043
RPQOMLMLKIKGFDK58DA,中正段,16.57,都市：其他:住宅區,1,1,全筆移轉,07960001
RPQOMLMLKIKGFDK58DA,中正段,46.90,都市：其他:住宅區,1,1,全筆移轉,07970002
RPPNMLKMKIKGFEK48EA,朝西段,128.27,非都市：特定農業區 ; 非都市編定：農牧用地,1,1,全筆移轉,01720000
RPQNMLKMKIKGFCK28DA,玉山段,993.97,非都市：特定農業區 ; 非都市編定：農牧用地,1,1,全筆移轉,07990000
RPRNMLTLKIKGFBK09DA,維祥段維祥小段,142.00,非都市：鄉村區 ; 非都市編定：乙種建築用地,1,1,全筆移轉,03380000
RPQNMLMKKIKGFFK58DA,東庄段,36.77,都市：其他:住宅區,10000,1245,持分移轉,04400000
RPTNMLTKJIKGFBK09DA,南苗段,1.62,都市：其他:商業區,1000,25,持分移轉,09350000
RPTNMLTKJIKGFBK09DA,南苗段,.56,都市：其他:商業區,1000,25,持分移轉,09360000
RPTNMLTKJIKGFBK09DA,南苗段,3.74,都市：其他:商業區,1000,25,持分移轉,09370000
RPTNMLTKJIKGFBK09DA,南苗段,.06,都市：其他:道路用地,1000,25,持分移轉,09380000
RPTNMLTKJIKGFBK09DA,南苗段,2.99,都市：其他:住宅區,1000,25,持分移轉,09400000
RPTNMLTKJIKGFBK09DA,南苗段,.89,都市：其他:住宅區,1000,25,持分移轉,09410000
RPPNMLOKKIKGFDK48DA,新山佳段,86.33,都市：其他:住宅區,1,1,全筆移轉,01670000
RPRNMLMKKIKGFFK68DA,和平段,7.25,都市：其他:商業區,10000,135,持分移轉,14290000
RPPNMLTLKIKGFCK98DA,福田段,33.11,都市：其他:商業區,100000,2037,持分移轉,03940000
RPSNMLNLKIKGFBK58DA,高苗段,41.88,都市：其他:住宅區,16,1,持分移轉,04720000
RPSNMLNLKIKGFBK58DA,高苗段,2.29,都市：其他:住宅區,80,1,持分移轉,05090000
RPSNMLNLKIKGFBK58DA,高苗段,1.31,都市：其他:住宅區,80,1,持分移轉,05100000
RPTNMLSKKIKGFCK56DA,通北段,103.02,都市：其他:住宅區,1,1,全筆移轉,06550010
RPPNMLKMKIKGFCK18DA,田寮段,141.00,非都市：特定農業區 ; 非都市編定：甲種建築用地,1,1,全筆移轉,07810000
RPSNMLTLKIKGFBK56DA,文聖段,30.01,都市：其他:住宅區,21,1,持分移轉,00190000
RPSNMLTLKIKGFBK56DA,文聖段,4.44,都市：其他:住宅區,1,1,全筆移轉,00200000
RPSNMLTLKIKGFBK56DA,文聖段,4.76,都市：其他:住宅區,1,1,全筆移轉,00210000
RPSNMLTLKIKGFBK56DA,文聖段,1.10,都市：其他:住宅區,1,1,全筆移轉,00220000
RPSNMLTLKIKGFBK56DA,文聖段,78.14,都市：其他:住宅區,1,1,全筆移轉,00230000
RPPNMLMKJIKGFAK87DA,水尾坪段,2343.83,非都市：特定農業區 ; 非都市編定：農牧用地,1,1,全筆移轉,02830000
RPUNMLQKKIKGFFK76DA,仁愛段,28.15,都市：其他:住宅區,10000,47,持分移轉,00480000
RPQNMLPJJHLGFBK28DA,外獅潭段,57.00,非都市：特定農業區 ; 非都市編定：甲種建築用地,1,1,全筆移轉,05470020
RPPNMLLLKIKGFBK08DA,文山段,81.66,非都市：山坡地保育區 ; 非都市編定：丙種建築用地,10000,72,持分移轉,01950005
RPPNMLOJKIKGFAK08DA,八角林段,1046.00,非都市：山坡地保育區 ; 非都市編定：農牧用地,1,1,全筆移轉,07390000
RPPNMLOJKIKGFAK08DA,八角林段,1644.00,非都市：山坡地保育區 ; 非都市編定：農牧用地,1,1,全筆移轉,07400000
RPPNMLOJKIKGFAK08DA,八角林段,322.00,非都市：山坡地保育區 ; 非都市編定：丙種建築用地,1,1,全筆移轉,07410001
RPVNMLLKKIKGFFK98DA,東民段,32.19,都市：其他:住宅區,10000,115,持分移轉,06930000
RPPNMLMLKIKGFBK18DA,文聖段,89.68,都市：其他:住宅區,1,1,全筆移轉,03500000
RPPNMLPLKIKGFEK78DA,中興段,119.66,非都市：工業區 ; 非都市編定：丁種建築用地,1,1,全筆移轉,03670000
RPQNMLPJJHLGFAK18DA,大湖段,388.00,非都市：山坡地保育區 ; 非都市編定：農牧用地,1,1,全筆移轉,16390001
RPQNMLPJJHLGFAK18DA,大湖段,480.00,非都市：山坡地保育區 ; 非都市編定：農牧用地,1,1,全筆移轉,16400000
RPQNMLPJJHLGFAK18DA,大湖段,90.00,非都市：山坡地保育區 ; 非都市編定：農牧用地,1,1,全筆移轉,16410000
RPQNMLPJJHLGFAK18DA,大湖段,2756.25,非都市：山坡地保育區 ; 非都市編定：農牧用地,4,1,持分移轉,16430000
RPPNMLLJJHLGFEK08DA,朝陽段,80.01,都市：其他:住宅區,1,1,全筆移轉,12790012
RPQNMLOLKIKGFDK68DA,文化段,58.37,都市：其他:住宅區,1,1,全筆移轉,04640000
RPQNMLOLKIKGFDK68DA,文化段,7.51,都市：其他:道路用地,1,1,全筆移轉,04640001
RPQNMLOLKIKGFDK68DA,文化段,41.81,都市：其他:道路用地,1,1,全筆移轉,04660000
RPQNMLOLKIKGFDK68DA,文化段,22.15,都市：其他:道路用地,1,1,全筆移轉,04680000
RPQNMLOLKIKGFDK68DA,文化段,18.00,都市：其他:住宅區,1,1,全筆移轉,04990000
RPPNMLLLJIKGFCK08DA,苑東段,34.47,都市：其他:住宅區,36,1,持分移轉,03970000
RPUNMLPJKIKGFBK78DA,南勢段,62.07,非都市：山坡地保育區 ; 非都市編定：丙種建築用地,1,1,全筆移轉,02590000
RPXNMLQKKIKGFFK07DA,八德段,1.74,都市：其他:道路用地,1,1,全筆移轉,10750004
RPSNMLQLJIKGFBK78DA,齊佳段,23.42,都市：其他:住宅區,10000,53,持分移轉,00050000
RPQNMLQJJHLGFAK28DA,水頭寮段,2601.07,非都市：特定農業區 ; 非都市編定：農牧用地,1,1,全筆移轉,02870000
RPQNMLQJJHLGFAK28DA,水頭寮段,2734.93,非都市：特定農業區 ; 非都市編定：農牧用地,1,1,全筆移轉,02880000
RPPNMLPJJHLGFBK18DA,外獅潭段,9.00,非都市：特定農業區 ; 非都市編定：甲種建築用地,1,1,全筆移轉,05530045
RPTNMLLJKIKGFDK48DA,環市段,27.03,都市：其他:住宅區,1,1,全筆移轉,02530000
RPTNMLLJKIKGFDK48DA,環市段,77.38,都市：其他:住宅區,1,1,全筆移轉,02590000
RPVNMLPJKIKGFBK88DA,福全段,42.34,都市：其他:住宅區,1,1,全筆移轉,04060000
RPSNMLMJJHLGFCK28DA,社柑段,613.00,非都市：特定農業區 ; 非都市編定：甲種建築用地,1,1,全筆移轉,08700000
RPQNMLLKKIKGFCK18DA,啟心段,493.15,非都市：特定農業區 ; 非都市編定：甲種建築用地,1,1,全筆移轉,01630000
RPTNMLTLKIKGFDK86DA,淡文湖段,18.18,非都市：山坡地保育區 ; 非都市編定：丙種建築用地,10000,133,持分移轉,09240004
SPQNMLLKKIKGFCK28DA,啟心段,3277.46,非都市：特定農業區 ; 非都市編定：農牧用地,1,1,全筆移轉,01540000
SPQNMLLKKIKGFCK28DA,啟心段,581.92,非都市：特定農業區 ; 非都市編定：農牧用地,1,1,全筆移轉,01550000
SPQNMLLKKIKGFCK28DA,啟心段,582.09,非都市：特定農業區 ; 非都市編定：農牧用地,1,1,全筆移轉,01560000
RPUNMLTKJIKGFDK76DA,東興段,.11,非都市：山坡地保育區 ; 非都市編定：農牧用地,6,1,持分移轉,01130007
RPTNMLTKJIKGFDK66DA,東興段,.11,非都市：山坡地保育區 ; 非都市編定：農牧用地,18,3,持分移轉,01130007
RPRNMLPKKIKGFDK78DA,龍南段,2.00,都市：其他:商業區,1,1,全筆移轉,15700001
RPRNMLPKKIKGFDK78DA,龍南段,81.00,都市：其他:商業區,1,1,全筆移轉,16110000
RPQNMLPJKIKGFDK58DA,大同段,28.44,都市：其他:第一種住宅區,293510,28440,持分移轉,09790000
RPQNMLPJKIKGFDK58DA,大同段,.20,都市：其他:第一種住宅區,12,1,持分移轉,09790001
RPQNMLPJKIKGFDK58DA,大同段,47.40,都市：其他:第一種住宅區,1,1,全筆移轉,09790013
RPTNMLMJJHLGFDK48DA,頂科段,3.98,都市：其他:第三種住宅區。,1,1,全筆移轉,03780000
RPSNMLRKKIKGFDK09DA,文化段,26.53,都市：其他:住宅區,2456,58,持分移轉,09430000
RPSNMLRKKIKGFDK09DA,文化段,.51,都市：其他:道路用地,2456,58,持分移轉,09430001
RPPNMLKMKIKGFEK38DA,西崗段,1864.93,非都市：特定農業區 ; 非都市編定：農牧用地,1,1,全筆移轉,02400000
RPPNMLMJJHLGFFK28DA,民族段,34.42,都市：其他:住宅區,4,3,持分移轉,04500000
RPPNMLMJJHLGFFK28DA,民族段,53.87,都市：其他:住宅區,4,3,持分移轉,04510000
RPPNMLNKKIKGFFK58DA,中央段,47.26,都市：其他:住宅區,10000,425,持分移轉,06890000
RPPNMLQLJIKGFBK48DA,福全段,80.79,都市：其他:工業區,1,1,全筆移轉,19890000
RPSNMLRKKIKGFCK98DA,文山段,156.27,都市：其他:住宅區,1,1,全筆移轉,01120001
RPPNMLTKKIKGFAK68DA,卓蘭段,3468.00,非都市：山坡地保育區 ; 非都市編定：農牧用地,1,1,全筆移轉,32310000
RPQNMLTLKIKGFFK76DA,自強段,33.43,都市：其他:住宅區,5,1,持分移轉,08660000
RPPNMLSJJHLGFCK58DA,貓盂段貓盂小段,87.00,非都市：特定農業區 ; 非都市編定：甲種建築用地,1,1,全筆移轉,02290002
RPXNMLQKKIKGFDK86DA,東興段,384.51,非都市：鄉村區 ; 非都市編定：乙種建築用地,1,1,全筆移轉,08200000
RPTNMLRKKIKGFCK09DA,文山段,156.17,都市：其他:住宅區,1,1,全筆移轉,01120002
RPXOMLRKJIKGFDK96DA,維真段,250.35,都市：其他:住宅區,1,1,全筆移轉,00260000
RPVNMLKLJIKGFDK68DA,東興段,4.69,都市：其他:乙種工業區,2,1,持分移轉,09270003
RPVNMLKLJIKGFDK68DA,東興段,6.53,都市：其他:乙種工業區,2,1,持分移轉,09530000
RPPNMLPJJHLGFDK48EA,東興段,12.97,都市：其他:乙種工業區,1,1,全筆移轉,09780000
RPPNMLPJJHLGFDK48EA,東興段,15.36,都市：其他:乙種工業區,1,1,全筆移轉,09810000
RPWNMLKLJIKGFDK78DA,東興段,4.69,都市：其他:乙種工業區,2,1,持分移轉,09270003
RPWNMLKLJIKGFDK78DA,東興段,6.53,都市：其他:乙種工業區,2,1,持分移轉,09530000
RPRNMLPKKIKGFFK98DA,仁愛段,26.35,都市：其他:住宅區,10000,26,持分移轉,00460000
RPSNMLQLJIKGFFK56DA,東庄段,103.49,都市：其他:住宅區,1,1,全筆移轉,11270000
RPSNMLQLJIKGFFK56DA,東庄段,123.00,都市：其他:住宅區,1,1,全筆移轉,11280000
RPRNMLQJJHLGFBK48DA,文峰段,77.36,都市：其他:住宅區,1,1,全筆移轉,05760000
RPTNMLOLKIKGFFK56DA,灣銅段,1955.22,非都市：山坡地保育區 ; 非都市編定：農牧用地,1,1,全筆移轉,02210000
RPQNMLOKKIKGFFK78DA,親民段,60.37,非都市：山坡地保育區 ; 非都市編定：丙種建築用地,36,1,持分移轉,00710000
RPXNMLNLKIKGFFK86DA,正興段,375.78,都市：其他:農業區,1,1,全筆移轉,17270005
RPXNMLPJKIKGFDK66DA,新山佳段,1380.70,都市：其他:農業區,1,1,全筆移轉,08790000
RPXNMLPJKIKGFDK66DA,新山佳段,329.44,都市：其他:綠化步道,1,1,全筆移轉,08800000
RPXNMLPJKIKGFDK66DA,新山佳段,33.41,都市：其他:溝渠用地,1,1,全筆移轉,08810000
RPQNMLPKKIKGFDK68DA,維新段,18.88,都市：其他:住宅區,10000,94,持分移轉,09980000
RPSNMLKMKIKGFBK38DA,高苗段,2.68,都市：其他:住宅區,21108,1759,持分移轉,05260000
RPSNMLKMKIKGFBK38DA,高苗段,5.59,都市：其他:住宅區,21108,1759,持分移轉,05320000
RPSNMLKMKIKGFBK38DA,高苗段,54.09,都市：其他:住宅區,1,1,全筆移轉,05410000
RPSNMLKMKIKGFBK38DA,高苗段,19.08,都市：其他:住宅區,21108,1759,持分移轉,05430000
RPPNMLRJJHLGFBK48EA,北河段,165.91,非都市：山坡地保育區 ; 非都市編定：林業用地,100000,875,持分移轉,04770034
RPROMLQJJHLGFFK98DA,仁愛段,2.55,,1,1,全筆移轉,12560001
RPUNMLMJJHLGFBK38DA,福安段,18.74,都市：其他:住宅區,10000,180,持分移轉,04260000
RPTNMLPJKIKGFBK68DA,縣府段,106.64,都市：其他:商業區,1,1,全筆移轉,01980000
RPTNMLLKKIKGFFK78DA,光華段,3.89,都市：其他:商業區,100000,679,持分移轉,11580000
RPTNMLLKKIKGFFK78DA,光華段,10.50,都市：其他:商業區,100000,679,持分移轉,11590000
RPUNMLNLKIKGFBK78DA,出礦坑段,1962.00,非都市：山坡地保育區 ; 非都市編定：農牧用地,1,1,全筆移轉,01340000
RPUNMLNLKIKGFBK78DA,出礦坑段,357.00,非都市：山坡地保育區 ; 非都市編定：交通用地,1,1,全筆移轉,01340003
RPUNMLNLKIKGFBK78DA,出礦坑段,1932.00,非都市：山坡地保育區 ; 非都市編定：農牧用地,1,1,全筆移轉,01340004
RPUNMLNLKIKGFBK78DA,出礦坑段,106.00,非都市：山坡地保育區 ; 非都市編定：交通用地,1,1,全筆移轉,01340005
RPUNMLNLKIKGFBK78DA,出礦坑段,40.00,非都市：山坡地保育區 ; 非都市編定：農牧用地,1,1,全筆移轉,01340006
RPUNMLNLKIKGFBK78DA,出礦坑段,19.00,非都市：山坡地保育區 ; 非都市編定：農牧用地,1,1,全筆移轉,01350000
RPUNMLNLKIKGFBK78DA,出礦坑段,39.00,非都市：山坡地保育區 ; 非都市編定：交通用地,1,1,全筆移轉,01350002
RPUNMLNLKIKGFBK78DA,出礦坑段,543.00,非都市：山坡地保育區 ; 非都市編定：農牧用地,1,1,全筆移轉,01350003
RPUNMLNLKIKGFBK78DA,出礦坑段,1243.00,非都市：山坡地保育區 ; 非都市編定：林業用地,1,1,全筆移轉,02920032
RPUNMLNLKIKGFBK78DA,出礦坑段,1552.00,非都市：山坡地保育區 ; 非都市編定：林業用地,1,1,全筆移轉,02920033
RPUNMLNLKIKGFBK78DA,出礦坑段,102.00,非都市：山坡地保育區 ; 非都市編定：交通用地,1,1,全筆移轉,02920047
RPUNMLNLKIKGFBK78DA,出礦坑段,361.00,非都市：山坡地保育區 ; 非都市編定：農牧用地,1,1,全筆移轉,02920048
RPUNMLNLKIKGFBK78DA,出礦坑段,110.00,非都市：山坡地保育區 ; 非都市編定：交通用地,1,1,全筆移轉,02920049
RPUNMLNLKIKGFBK78DA,出礦坑段,110.00,非都市：山坡地保育區 ; 非都市編定：農牧用地,1,1,全筆移轉,02920050
RPUNMLNLKIKGFBK78DA,出礦坑段,21.00,非都市：山坡地保育區 ; 非都市編定：交通用地,1,1,全筆移轉,02920051
RPSNMLTJJHLGFAK78DA,水尾坪段,2240.24,非都市：特定農業區 ; 非都市編定：農牧用地,1,1,全筆移轉,04160000
RPQNMLOLKIKGFFK88DA,興埔段,2741.56,非都市：一般農業區 ; 非都市編定：農牧用地,1,1,全筆移轉,07690000
RPQNMLRLJIKGFFK09DA,上興段,8.86,非都市：山坡地保育區 ; 非都市編定：丙種建築用地,100000,827,持分移轉,08440000
RPQNMLRLJIKGFFK09DA,上興段,77.63,非都市：山坡地保育區 ; 非都市編定：丙種建築用地,1,1,全筆移轉,09050000
RPSNMLOKJHLGFCK58DA,烏眉坑段,6280.00,非都市：山坡地保育區 ; 非都市編定：農牧用地,1,1,全筆移轉,08390001
RPSNMLOKJHLGFCK58DA,烏眉坑段,153.00,非都市：山坡地保育區 ; 非都市編定：農牧用地,1,1,全筆移轉,08420000
RPSNMLOKJHLGFCK58DA,烏眉坑段,291.00,非都市：山坡地保育區 ; 非都市編定：農牧用地,1,1,全筆移轉,08440001
RPSNMLOKJHLGFCK58DA,烏眉坑段,1780.00,非都市：山坡地保育區 ; 非都市編定：農牧用地,1,1,全筆移轉,08440002
RPUNMLPKKIKGFFK66DA,斗煥段,65.15,非都市：鄉村區 ; 非都市編定：乙種建築用地,1,1,全筆移轉,02710000
RPSNMLOKJHLGFCK58DA,烏眉坑段,267.00,非都市：山坡地保育區 ; 非都市編定：農牧用地,1,1,全筆移轉,08460000
RPSNMLOKJHLGFCK58DA,烏眉坑段,68.00,非都市：山坡地保育區 ; 非都市編定：農牧用地,1,1,全筆移轉,08460002
RPSNMLOKJHLGFCK58DA,烏眉坑段,97.00,非都市：山坡地保育區 ; 非都市編定：農牧用地,1,1,全筆移轉,08470000
RPPNMLTJJHLGFEK88DA,新五湖段,36.03,非都市：特定農業區 ; 非都市編定：農牧用地,1,1,全筆移轉,14400004
RPQNMLMKJHLGFBK08DA,玉清段,5.32,非都市：鄉村區 ; 非都市編定：乙種建築用地,1,1,全筆移轉,03330000
RPQNMLMKJHLGFBK08DA,玉清段,86.61,非都市：鄉村區 ; 非都市編定：乙種建築用地,1,1,全筆移轉,03340000
RPRNMLKMKIKGFFK68DA,新興段,667.16,非都市：特定農業區 ; 非都市編定：農牧用地,1,1,全筆移轉,06400001
RPSNMLMJJHLGFFK58DA,北獅里興段獅頭驛小段,1050.00,非都市：山坡地保育區 ; 非都市編定：林業用地,12,1,持分移轉,07760000
RPSNMLMJJHLGFFK58DA,北獅里興段獅頭驛小段,216.67,非都市：山坡地保育區 ; 非都市編定：林業用地,12,1,持分移轉,07870000
RPSNMLMJJHLGFFK58DA,北獅里興段獅頭驛小段,1519.17,非都市：山坡地保育區 ; 非都市編定：農牧用地,12,1,持分移轉,08130000
RPSNMLMJJHLGFFK58DA,北獅里興段獅頭驛小段,2390.00,非都市：山坡地保育區 ; 非都市編定：農牧用地,1,1,全筆移轉,08340000
RPSNMLMJJHLGFFK58DA,北獅里興段獅頭驛小段,1731.67,非都市：山坡地保育區 ; 非都市編定：農牧用地,12,1,持分移轉,08500000
RPSNMLMJJHLGFFK58DA,北獅里興段獅頭驛小段,73.33,非都市：山坡地保育區 ; 非都市編定：農牧用地,12,1,持分移轉,08900000
RPQNMLTJJHLGFDK88DA,大同段,5.25,都市：其他:第一種住宅區,21,1,持分移轉,13840001
RPQNMLTJJHLGFDK88DA,大同段,29.03,都市：其他:第一種住宅區,14,1,持分移轉,13840009
RPQNMLTJJHLGFDK88DA,大同段,72.79,都市：其他:第一種住宅區,1,1,全筆移轉,13840019
RPRNMLPJJHLGFFK78DA,中華段,23.92,都市：其他:住宅區,100000,8740,持分移轉,07540000
RPRNMLPJJHLGFFK78DA,中華段,11.95,都市：其他:住宅區,100000,8740,持分移轉,07560000
RPPNMLKLJIKGFBK87DA,上南段,41.20,非都市：山坡地保育區 ; 非都市編定：丙種建築用地,1,1,全筆移轉,05470000
RPPNMLKLJIKGFBK87DA,上南段,39.15,非都市：山坡地保育區 ; 非都市編定：丙種建築用地,1,1,全筆移轉,05480000
RPPNMLKLJIKGFBK87DA,上南段,5.41,非都市：山坡地保育區 ; 非都市編定：丙種建築用地,36,1,持分移轉,05530000
RPPNMLKLJIKGFBK87DA,上南段,11.52,非都市：山坡地保育區 ; 非都市編定：丙種建築用地,36,1,持分移轉,05540000
RPXNMLRJJHLGFFK96DA,顯會段,15.22,都市：其他:住宅區,10000,1311,持分移轉,12290000
RPXNMLRJJHLGFFK96DA,顯會段,15.44,都市：其他:住宅區,10000,1311,持分移轉,12300000
RPTVMLRJJHLGFDK17DA,成功段,38.59,都市：其他:住宅區,10000,138,持分移轉,08770000
RPWNMLLJKIKGFCK68DA,內湖西段,9.47,非都市：一般農業區 ; 非都市編定：交通用地,10,2,持分移轉,03540000
RPRNMLSLJIKGFBK88DA,高苗段,27.81,都市：其他:住宅區,10000,1179,持分移轉,05510000
RPWNMLLJKIKGFCK68DA,內湖西段,100.19,非都市：鄉村區 ; 非都市編定：乙種建築用地,1,1,全筆移轉,03550004
RPRNMLNKJHLGFBK28DA,新頭屋段,53.36,非都市：山坡地保育區 ; 非都市編定：丙種建築用地,20,1,持分移轉,00680000
RPWNMLLJKIKGFCK68DA,內湖西段,9.68,非都市：鄉村區 ; 非都市編定：乙種建築用地,10,2,持分移轉,03550005
RPRNMLNKJHLGFBK28DA,新頭屋段,4.34,非都市：山坡地保育區 ; 非都市編定：丙種建築用地,27,1,持分移轉,00780000
RPUNMLTKKIKGFCK76DA,玉豐段,721.64,非都市：特定農業區 ; 非都市編定：農牧用地,1,1,全筆移轉,12590000
RPTNMLOKJHLGFCK68DA,田心段,171.00,非都市：特定農業區 ; 非都市編定：甲種建築用地,1,1,全筆移轉,03580000
RPXNMLMKJHLGFDK98DA,龍椅段,43.16,都市：其他:第一種住宅區,10000,873,持分移轉,04690000
RPPNMLKKJHLGFBK77DA,外獅潭段,24.46,非都市：山坡地保育區 ; 非都市編定：丙種建築用地,100000,2630,持分移轉,07950000
RPPNMLKKJHLGFBK77DA,外獅潭段,71.00,非都市：山坡地保育區 ; 非都市編定：丙種建築用地,1,1,全筆移轉,07950023
RPPNMLMKKIKGFDK28DA,龍椅段,609.79,都市：其他:第一種住宅區,1,1,全筆移轉,03290000
SPTNMLOKJHLGFCK78DA,田心段,169.00,非都市：特定農業區 ; 非都市編定：甲種建築用地,1,1,全筆移轉,03590000
RPUNMLNKJHLGFDK78DA,大同段,23.71,都市：其他:第一種住宅區,24,1,持分移轉,12900001
RPUNMLNKJHLGFDK78DA,大同段,67.86,都市：其他:第一種住宅區,1,1,全筆移轉,12900025
RPUNMLNKJHLGFDK78DA,大同段,.65,都市：其他:第一種住宅區,28,1,持分移轉,12900060
RPQNMLOKJHLGFDK48DA,新博愛段,42.15,都市：其他:住宅區,100000,2950,持分移轉,01870000
RPUNMLPKJHLGFDK98DA,平安段,2909.25,非都市：特定農業區 ; 非都市編定：農牧用地,100000,32895,持分移轉,00340000
RPRNMLOKJHLGFFK78DA,下興段,935.01,非都市：特定農業區 ; 非都市編定：農牧用地,1,1,全筆移轉,01430000
RPTNMLRJJHLGFFK56DA,仁愛段,23.94,都市：其他:住宅區,10000,20,持分移轉,00360000
RPPNMLRJKIKGFBK48DA,文發段,28.10,都市：其他:住宅區,10000,291,持分移轉,10620000
RPPNMLOKJHLGFEK48DA,老雞隆段,17867.00,非都市：山坡地保育區 ; 非都市編定：農牧用地,1,1,全筆移轉,09170110
RPPNMLRJJHLGFFK78DA,八德段,33.28,都市：其他:住宅區,16100000,103741,持分移轉,00190000
RPPNMLPJJHLGFAK08DA,新厝段,92.00,都市：其他:住宅區,1,1,全筆移轉,05800002
RPSNMLTLKIKGFDK76DA,龍南段,7.00,都市：其他:住宅區,1,1,全筆移轉,10100002
RPUNMLTJJHLGFAK98DA,南湖段,6438.00,非都市：山坡地保育區 ; 非都市編定：農牧用地,1,1,全筆移轉,13370095
RPPNMLTLKIKGFFK66DA,德義段,115.86,都市：其他:住宅區,1,1,全筆移轉,08560005
RPQNMLRJJHLGFBK48DA,新福麗段,89.90,非都市：鄉村區 ; 非都市編定：乙種建築用地,1,1,全筆移轉,19350000
RPUNMLPJJHLGFFK09DA,德義段,138.34,都市：其他:學校用地,1,1,全筆移轉,02390009
RPQNMLNKJHLGFBK18DA,維祥段維祥小段,18.06,非都市：特定農業區 ; 非都市編定：交通用地,16,1,持分移轉,04530003
RPQNMLNKJHLGFBK18DA,維祥段維祥小段,97.00,非都市：特定農業區 ; 非都市編定：甲種建築用地,1,1,全筆移轉,04530020
RPQNMLNKJHLGFBK18DA,維祥段維祥小段,24.00,非都市：特定農業區 ; 非都市編定：交通用地,1,1,全筆移轉,04530028
RPPNMLMKJHLGFAK87DA,明德段,84.90,非都市：鄉村區 ; 非都市編定：乙種建築用地,1,1,全筆移轉,05780000
RPPNMLMKJHLGFAK87DA,明德段,85.83,非都市：鄉村區 ; 非都市編定：乙種建築用地,1,1,全筆移轉,05790000
RPPNMLMKJHLGFAK87DA,明德段,69.02,非都市：鄉村區 ; 非都市編定：水利用地,1,1,全筆移轉,05990022
RPTNMLQJJHLGFFK09DA,光華段,10.83,都市：其他:商業區,100000,719,持分移轉,09650000
RPUNMLQJJHLGFFK56DA,民族段,33.76,都市：其他:住宅區,552917,4361,持分移轉,02790000
RPVNMLOKJHLGFFK56DA,下興段,21.63,非都市：山坡地保育區 ; 非都市編定：丙種建築用地,10000,220,持分移轉,07630000
RPVNMLOKJHLGFFK56DA,下興段,.29,非都市：山坡地保育區 ; 非都市編定：丙種建築用地,10000,220,持分移轉,07630001
RPVNMLOKJHLGFFK56DA,下興段,69.46,非都市：山坡地保育區 ; 非都市編定：丙種建築用地,1,1,全筆移轉,07630030
SPTNMLNKJHLGFBK58DA,麻齊寮段,117.00,都市：其他:農業區,1,1,全筆移轉,01850005
SPTNMLNKJHLGFBK58DA,麻齊寮段,1685.00,都市：其他:農業區,1,1,全筆移轉,04080001
RPRNMLNLJHLGFCK48DA,興隆段,7520.95,非都市：山坡地保育區 ; 非都市編定：農牧用地,1,1,全筆移轉,00990005
TPTNMLNKJHLGFBK68DA,麻齊寮段,155.00,都市：其他:農業區,1,1,全筆移轉,01850004
TPTNMLNKJHLGFBK68DA,麻齊寮段,117.00,都市：其他:農業區,1,1,全筆移轉,01850005
TPTNMLNKJHLGFBK68DA,麻齊寮段,1685.00,都市：其他:農業區,1,1,全筆移轉,04080001
RPQNMLRJJIKGFEK78DA,八櫃段,24.79,非都市：山坡地保育區 ; 非都市編定：丙種建築用地,10000,327,持分移轉,01230000
RPQNMLRJJIKGFEK78DA,八櫃段,97.69,非都市：山坡地保育區 ; 非都市編定：丙種建築用地,1,1,全筆移轉,01330000
RPTNMLNKJHLGFBK48DA,麻齊寮段,155.00,都市：其他:農業區,1,1,全筆移轉,01850004
RPTOMLRKKIKGFDK66DA,淡文湖段,14.90,非都市：山坡地保育區 ; 非都市編定：丙種建築用地,90,1,持分移轉,09240039
RPRNMLNLJHLGFBK38DA,文發段,35.80,都市：其他:住宅區,100000,1758,持分移轉,12160000
RPOOMLPJJHLGFDK38DA,新南段,30.55,都市：其他:住宅區,10000,218,持分移轉,00320000
RPRNMLTLKIKGFFK86DA,雙喜段,3063.81,非都市：山坡地保育區 ; 非都市編定：農牧用地,1,1,全筆移轉,02080000
RPRNMLTLKIKGFFK86DA,雙喜段,2523.43,非都市：山坡地保育區 ; 非都市編定：農牧用地,1,1,全筆移轉,02090000
RPRNMLTLKIKGFFK86DA,雙喜段,1198.55,非都市：山坡地保育區 ; 非都市編定：農牧用地,1,1,全筆移轉,02100000
RPRNMLTLKIKGFFK86DA,雙喜段,703.53,非都市：山坡地保育區 ; 非都市編定：水利用地,1,1,全筆移轉,02110000
RPRNMLTLKIKGFFK86DA,雙喜段,5131.15,非都市：山坡地保育區 ; 非都市編定：農牧用地,1,1,全筆移轉,02120000
RPVNMLTKJHLGFFK07DA,仁愛段,16.15,都市：其他:住宅區,10000,44,持分移轉,12540000
RPPNMLOKKIKGFFK68DA,蔴園段,.46,都市：其他:住宅區,10000,200,持分移轉,16000000
RPPNMLOKKIKGFFK68DA,蔴園段,9.99,都市：其他:住宅區,10000,200,持分移轉,16370000
RPQNMLTKJHLGFCK88DA,玉山段,993.98,非都市：特定農業區 ; 非都市編定：農牧用地,1,1,全筆移轉,07950000
RPQNMLTKJHLGFCK88DA,玉山段,993.96,非都市：特定農業區 ; 非都市編定：農牧用地,1,1,全筆移轉,07960000
RPQNMLTKJHLGFCK88DA,玉山段,993.94,非都市：特定農業區 ; 非都市編定：農牧用地,1,1,全筆移轉,07970000
RPOOMLMJKIKGFDK18DA,立達段,45.84,都市：其他:住宅區,100000,4540,持分移轉,00110003
RPOOMLMJKIKGFDK18DA,立達段,168.42,都市：其他:住宅區,1,1,全筆移轉,00110059
RPSNMLMLJHLGFCK48DA,順天段,89.00,都市：其他:乙種工業區,1,1,全筆移轉,03390000
RPTNMLMLJHLGFCK58DA,順天段,85.77,,1,1,全筆移轉,01990004
RPPNMLKKJHLGFDK97DA,公義段,10.79,都市：其他:住宅區,100000,311,持分移轉,02590000
RPSNMLLLJIKGFFK68DA,蘆竹湳段蘆竹湳小段,1402.00,都市：其他:工業區,1,1,全筆移轉,05190001
RPTNMLKLJHLGFFK68DA,上興段,8.63,非都市：山坡地保育區 ; 非都市編定：丙種建築用地,100000,805,持分移轉,08440000
RPTNMLKLJHLGFFK68DA,上興段,78.49,非都市：山坡地保育區 ; 非都市編定：丙種建築用地,1,1,全筆移轉,10250000
RPTNMLKMKIKGFAK38DA,東湖段,107.21,都市：其他:住宅區,10000,326,持分移轉,04150000
RPPNMLOKJHLGFFK58DA,北獅里興段獅頭驛小段,5010.00,非都市：山坡地保育區 ; 非都市編定：林業用地,2,1,持分移轉,14270000
RPPNMLOKJHLGFFK58DA,北獅里興段獅頭驛小段,5010.00,非都市：山坡地保育區 ; 非都市編定：林業用地,2,1,持分移轉,14270000
RPTNMLQJJHLGFBK68DA,大倫段,53.57,非都市：鄉村區 ; 非都市編定：乙種建築用地,1,1,全筆移轉,10860028
RPTNMLQJJHLGFBK68DA,大倫段,13.76,非都市：鄉村區 ; 非都市編定：乙種建築用地,19,1,持分移轉,10860030
RPTNMLQJJHLGFBK68DA,大倫段,6.36,非都市：鄉村區 ; 非都市編定：乙種建築用地,29,1,持分移轉,10860031
RPQNMLQKJHLGFFK88DA,仁愛段,27.53,都市：其他:住宅區,10000,23,持分移轉,00360000
RPPNMLKMJHLGFAK87DA,高熊段,1550.00,非都市：山坡地保育區 ; 非都市編定：農牧用地,1,1,全筆移轉,08260000
RPSNMLKLJHLGFBK18DA,孔聖段,23.56,非都市：山坡地保育區 ; 非都市編定：農牧用地,60,3,持分移轉,06610000
RPSNMLKLJHLGFBK18DA,象山段,220.15,非都市：山坡地保育區 ; 非都市編定：農牧用地,60,3,持分移轉,08050000
RPSNMLKLJHLGFBK18DA,象山段,188.55,非都市：山坡地保育區 ; 非都市編定：農牧用地,60,3,持分移轉,11590000
RPSNMLKLJHLGFBK18DA,象山段,81.01,非都市：山坡地保育區 ; 非都市編定：農牧用地,60,3,持分移轉,11780000
RPPNMLNLJHLGFBK28EA,麻齊寮段,29.02,都市：其他:住宅區,10000,310,持分移轉,02300003
RPTOMLLLJHLGFBK48DA,福星段田寮小段,24.00,非都市：特定農業區 ; 非都市編定：農牧用地,1,1,全筆移轉,02230001
RPTOMLLLJHLGFBK48DA,福星段田寮小段,1790.00,非都市：特定農業區 ; 非都市編定：農牧用地,1,1,全筆移轉,02240000
RPTOMLLLJHLGFBK48DA,福星段田寮小段,25.00,非都市：特定農業區 ; 非都市編定：農牧用地,1,1,全筆移轉,02240001
RPTOMLLLJHLGFBK48DA,福星段田寮小段,2336.00,非都市：特定農業區 ; 非都市編定：農牧用地,1,1,全筆移轉,02250000
RPTOMLLLJHLGFBK48DA,福星段田寮小段,34.00,非都市：特定農業區 ; 非都市編定：農牧用地,1,1,全筆移轉,02250001
RPPNMLTLJHLGFCK88DA,苑南段,100.29,都市：其他:住宅區,1,1,全筆移轉,08370000
RPTNMLKKKIKGFCK38DA,芎蕉坑段,1306.00,非都市：山坡地保育區 ; 非都市編定：農牧用地,1,1,全筆移轉,01560045
RPTNMLKKKIKGFCK38DA,芎蕉坑段,1223.00,非都市：山坡地保育區 ; 非都市編定：農牧用地,1,1,全筆移轉,01560046
RPQNMLPKJHLGFFK78DA,庄西段,157.46,非都市：山坡地保育區 ; 非都市編定：農牧用地,1,1,全筆移轉,01020001
RPQNMLPKJHLGFFK78DA,庄西段,382.80,,1,1,全筆移轉,01020007
RPQNMLPKJHLGFFK78DA,庄西段,10.48,,1,1,全筆移轉,01020008
RPVNMLQJJHLGFFK66DA,南銅鏡段,179.07,非都市：山坡地保育區 ; 非都市編定：農牧用地,28,2,持分移轉,02060000
RPVNMLQJJHLGFFK66DA,南銅鏡段,2930.67,非都市：山坡地保育區 ; 非都市編定：農牧用地,1,1,全筆移轉,02120000
RPVNMLQJJHLGFFK66DA,南銅鏡段,2098.17,非都市：山坡地保育區 ; 非都市編定：農牧用地,1,1,全筆移轉,02120001
RPVNMLQJJHLGFFK66DA,南銅鏡段,196.84,非都市：山坡地保育區 ; 非都市編定：農牧用地,28,2,持分移轉,02150000
RPVNMLQJJHLGFFK66DA,北銅鏡段,21.30,非都市：一般農業區 ; 非都市編定：農牧用地,28,2,持分移轉,09110000
RPVNMLQJJHLGFFK66DA,北銅鏡段,92.51,非都市：一般農業區 ; 非都市編定：農牧用地,28,2,持分移轉,09140000
RPVNMLQJJHLGFFK66DA,北銅鏡段,30.31,非都市：一般農業區 ; 非都市編定：林業用地,28,2,持分移轉,09160000
RPVNMLQJJHLGFFK66DA,北銅鏡段,7.11,非都市：一般農業區 ; 非都市編定：農牧用地,28,2,持分移轉,09360000
RPVNMLQJJHLGFFK66DA,北銅鏡段,20.24,非都市：一般農業區 ; 非都市編定：農牧用地,28,2,持分移轉,09380000
RPVNMLQJJHLGFFK66DA,北銅鏡段,9.35,非都市：一般農業區 ; 非都市編定：農牧用地,56,2,持分移轉,09580000
RPRNMLTLKIKGFCK56DA,南華段,86.45,都市：其他:住宅區,1,1,全筆移轉,05840000
RPRNMLTLKIKGFCK56DA,南華段,86.45,都市：其他:住宅區,1,1,全筆移轉,05850000
RPRNMLMLJHLGFFK68DA,斗煥段,61.02,非都市：鄉村區 ; 非都市編定：乙種建築用地,1,1,全筆移轉,00050000
RPPNMLOJKHLGFAK08DA,南昌段,142.54,非都市：鄉村區 ; 非都市編定：乙種建築用地,1,1,全筆移轉,10100000
RPPNMLMLJHLGFEK38DA,上城段,2989.84,非都市：特定農業區 ; 非都市編定：農牧用地,1,1,全筆移轉,06100000
RPPNMLMLJHLGFEK38DA,上城段,1791.29,非都市：特定農業區 ; 非都市編定：農牧用地,1,1,全筆移轉,06260000
RPRNMLMJKHLGFDK38DA,大同段,26.13,都市：其他:第一種住宅區,100000,1091,持分移轉,13200000
RPUNMLNLKIKGFFK56DA,蘆竹湳段流水潭小段,2562.00,都市：其他:農業區,1,1,全筆移轉,03220000
RPTNMLQJJHLGFDK88DA,文化段,31.56,都市：其他:住宅區,10000,440,持分移轉,10270000
RPQNMLMLJHLGFEK48DA,上城段,342.93,非都市：特定農業區 ; 非都市編定：農牧用地,1,1,全筆移轉,06270000
RPTNMLQJJHLGFDK88DA,文化段,1.18,都市：其他:住宅區,10000,440,持分移轉,10270004
RPRNMLOJKHLGFDK58DA,環市段,79.04,都市：其他:住宅區,1,1,全筆移轉,16370000
RPRNMLOJKHLGFDK58DA,環市段,14.08,都市：其他:住宅區,1,1,全筆移轉,16380000
RPSNMLPKKIKGFFK09DA,義民段,106.85,都市：其他:商業區,1,1,全筆移轉,06460000
RPPNMLPJKHLGFCK38DA,平元段,72.80,都市：其他:住宅區,1,1,全筆移轉,03290003
RPQNMLLMKIKGFAK18DA,大湖段,522.00,非都市：山坡地保育區 ; 非都市編定：林業用地,1,1,全筆移轉,06890944
RPQNMLLMKIKGFAK18DA,大湖段,284.00,非都市：山坡地保育區 ; 非都市編定：林業用地,1,1,全筆移轉,06891103
RPWNMLKLJHLGFFK98DA,仁愛段,37.47,都市：其他:住宅區,10000,35,持分移轉,00420000
RPPOMLQLJHLGFDK78DA,東平段,3.27,都市：其他:商業區,100000,428,持分移轉,02250000
RPPOMLQLJHLGFDK78DA,東平段,.00,都市：其他:住宅區,100000,428,持分移轉,02250001
RPPOMLNJKHLGFDK38DA,文化段,30.41,都市：其他:住宅區,10000,424,持分移轉,10270000
RPPOMLNJKHLGFDK38DA,文化段,1.14,都市：其他:住宅區,10000,424,持分移轉,10270004
RPRNMLTJKHLGFBK88DA,縣府段,86.11,都市：其他:住宅區,1,1,全筆移轉,15570000
RPQNMLTJKHLGFBK78DA,文發段,20.26,都市：其他:住宅區,10000,151,持分移轉,04570000
RPRNMLTJKHLGFCK98DA,烏眉坑段,489.50,非都市：一般農業區 ; 非都市編定：農牧用地,2,1,持分移轉,02870000
RPRNMLTJKHLGFCK98DA,烏眉坑段,79.50,非都市：一般農業區 ; 非都市編定：農牧用地,2,1,持分移轉,02870001
RPRNMLTJKHLGFCK98DA,烏眉坑段,472.50,非都市：一般農業區 ; 非都市編定：農牧用地,2,1,持分移轉,02880000
RPRNMLTJKHLGFCK98DA,烏眉坑段,1059.50,非都市：一般農業區 ; 非都市編定：農牧用地,2,1,持分移轉,02940000
RPRNMLTJKHLGFCK98DA,烏眉坑段,70.50,非都市：一般農業區 ; 非都市編定：農牧用地,2,1,持分移轉,02950000
RPRNMLTJKHLGFCK98DA,烏眉坑段,574.50,非都市：一般農業區 ; 非都市編定：農牧用地,2,1,持分移轉,02960000
RPRNMLTJKHLGFCK98DA,烏眉坑段,296.00,非都市：一般農業區 ; 非都市編定：農牧用地,2,1,持分移轉,03000000
RPRNMLTJKHLGFCK98DA,烏眉坑段,58.00,非都市：一般農業區 ; 非都市編定：農牧用地,2,1,持分移轉,03010000
RPWNMLRLJIKGFDK86DA,龍頂段,117.01,都市：其他:第一種住宅區,1,1,全筆移轉,02430012
RPPNMLKKKHLGFCK97DA,社柑段,84.40,非都市：特定農業區 ; 非都市編定：甲種建築用地,1,1,全筆移轉,03520009
RPWNMLRLJIKGFDK86DA,龍頂段,6.54,都市：其他:第一種住宅區,12,1,持分移轉,02430013
RPSNMLSLJIKGFFK76DA,興埔段,128.20,非都市：山坡地保育區 ; 非都市編定：丙種建築用地,1,1,全筆移轉,04870000
RPTNMLLKKHLGFBK38DA,五谷岡段,14.29,都市：其他:農業區,7,1,持分移轉,05710000
RPTNMLLKKHLGFBK38DA,五谷岡段,16.47,都市：其他:農業區,100000,4932,持分移轉,08020000
RPPNMLSLJHLGFDK88DA,社腳段,40.78,非都市：鄉村區 ; 非都市編定：乙種建築用地,10000,573,持分移轉,00730000
RPTNMLLKKHLGFBK38DA,五谷岡段,16.47,都市：其他:農業區,100000,4932,持分移轉,08020018
RPSNMLNKJIKGFFK78DA,德義段,24.70,都市：其他:住宅區,1000,62,持分移轉,08450000
RPQNMLMLJHLGFFK58DA,中華段,27.47,都市：其他:住宅區,2500,37,持分移轉,06270000
RPUNMLRLJHLGFEK76DA,八股段,486.48,都市：其他:住宅區,1,1,全筆移轉,04810000
RPUNMLRLJHLGFEK76DA,八股段,290.06,都市：其他:道路用地,1,1,全筆移轉,04820000
RPUNMLRLJHLGFEK76DA,八股段,248.12,都市：其他:住宅區,1,1,全筆移轉,04830000
RPSNMLPJKHLGFFK98DA,八德段,56.59,都市：其他:住宅區,1,1,全筆移轉,13100000
RPQNMLNLJHLGFBK28DA,華清段,79.09,都市：其他:住宅區,1,1,全筆移轉,04620000
RPSNMLPJKHLGFFK98DA,八德段,22.57,都市：其他:住宅區,20000,896,持分移轉,13160000
RPVNMLSLJHLGFBK66DA,玉清段,41.59,都市：其他:住宅區,8,1,持分移轉,03710000
RPROMLOJKHLGFFK88DA,信德段,97.57,非都市：山坡地保育區 ; 非都市編定：丙種建築用地,1,1,全筆移轉,03280000
RPRRMLKKKHLGFDK68DA,大同段,20.56,都市：其他:商業區,10000,106,持分移轉,07060000
RPUNMLSLJHLGFAK09DA,新橫坑段,1944.88,非都市：山坡地保育區 ; 非都市編定：農牧用地,1,1,全筆移轉,09950000
RPXNMLSLJHLGFBK86DA,玉清段,41.59,都市：其他:住宅區,8,1,持分移轉,03710000
RPUNMLSLJHLGFAK09DA,新橫坑段,13.97,非都市：山坡地保育區 ; 非都市編定：農牧用地,1,1,全筆移轉,10010000
RPPNMLQLKHLGFAK58EA,興榮段,824.50,非都市：山坡地保育區 ; 非都市編定：農牧用地,12,6,持分移轉,01070002
RPQNMLNLKHLGFCK48DA,苑北段,643.74,都市：其他:乙種工業區,1,1,全筆移轉,01550004
RPWNMLTJKHLGFDK96DA,過港段,63.00,非都市：山坡地保育區 ; 非都市編定：農牧用地,2,1,持分移轉,03740001
RPWNMLTJKHLGFDK96DA,過港段,1920.60,非都市：山坡地保育區 ; 非都市編定：農牧用地,30,11,持分移轉,03800000
RPWNMLTJKHLGFDK96DA,過港段,401.00,非都市：山坡地保育區 ; 非都市編定：農牧用地,3,1,持分移轉,03800002
RPWNMLTJKHLGFDK96DA,過港段,142.33,非都市：山坡地保育區 ; 非都市編定：農牧用地,3,1,持分移轉,03820000
RPWNMLTJKHLGFDK96DA,過港段,196.88,非都市：山坡地保育區 ; 非都市編定：農牧用地,8,3,持分移轉,10050008
RPSNMLNJLHLGFCK58DA,田中段,69.75,非都市：特定農業區 ; 非都市編定：甲種建築用地,4,3,持分移轉,14370012
RPRNMLPJKHLGFBK48DA,五谷岡段,14.29,都市：其他:農業區,7,1,持分移轉,05710000
RPRNMLPJKHLGFBK48DA,五谷岡段,16.85,都市：其他:農業區,100000,5045,持分移轉,08020000
RPRNMLPJKHLGFBK48DA,五谷岡段,16.85,都市：其他:農業區,100000,5045,持分移轉,08020018
RPSNMLKLJHLGFFK58DA,藤坪段,463.98,非都市：特定農業區 ; 非都市編定：丁種建築用地,1,1,全筆移轉,15550002
RPSNMLKLJHLGFFK58DA,藤坪段,464.01,非都市：特定農業區 ; 非都市編定：丁種建築用地,1,1,全筆移轉,15550003
RPTNMLNLKHLGFFK09DA,濫坑段,743.10,非都市：山坡地保育區 ; 非都市編定：農牧用地,10000,3657,持分移轉,06200001
RPTNMLNLKHLGFFK09DA,濫坑段,2604.00,非都市：山坡地保育區 ; 非都市編定：農牧用地,1,1,全筆移轉,06210028
RPTNMLNLKHLGFFK09DA,濫坑段,2684.00,非都市：山坡地保育區 ; 非都市編定：農牧用地,1,1,全筆移轉,06210030
RPTNMLNLKHLGFFK09DA,濫坑段,2522.00,非都市：山坡地保育區 ; 非都市編定：農牧用地,1,1,全筆移轉,06210038
RPTNMLNLKHLGFFK09DA,濫坑段,2561.00,非都市：山坡地保育區 ; 非都市編定：農牧用地,1,1,全筆移轉,06210039
RPTNMLNLKHLGFFK09DA,濫坑段,2564.00,非都市：山坡地保育區 ; 非都市編定：農牧用地,1,1,全筆移轉,06210040
RPQNMLTJKHLGFDK98DA,藝文段,25.90,都市：其他:商業區,100000,727,持分移轉,01120000
RPSNMLLKLHLGFFK78DA,中央段,4.37,都市：其他:道路用地,449191,7423,持分移轉,04170000
RPPNMLPKKIKGFDK58DA,龍鳳西段,37.76,都市：其他:住宅區,100000,3564,持分移轉,09020000
RPPNMLPKKIKGFDK58DA,龍鳳西段,.14,都市：其他:道路用地,3888,1,持分移轉,09110000
RPPNMLNLKHLGFFK68DA,自強段,136.00,都市：其他:住宅區,1,1,全筆移轉,03400000
RPPNMLPKKIKGFDK58DA,龍鳳西段,.02,都市：其他:道路用地,5832,1,持分移轉,09120000
RPPNMLNLKHLGFCK38DA,苑港段,2150.00,非都市：特定農業區 ; 非都市編定：農牧用地,1,1,全筆移轉,01470001
RPSNMLQJJHLGFDK78DA,溪南段,93.69,非都市：特定農業區 ; 非都市編定：甲種建築用地,1,1,全筆移轉,08440000
SPSNMLLKLHLGFFK88DA,中央段,60.52,都市：其他:住宅區,1,1,全筆移轉,04230000
RPQNMLLKKHLGFBK08DA,五谷岡段,24.03,都市：其他:農業區,100000,7196,持分移轉,08020000
RPQNMLLKKHLGFBK08DA,五谷岡段,24.03,都市：其他:農業區,100000,7196,持分移轉,08020018
VPSNMLLKLHLGFFK56DA,中央段,208.78,都市：其他:住宅區,1,1,全筆移轉,04260000
VPSNMLLKLHLGFFK56DA,中央段,.77,都市：其他:住宅區,1,1,全筆移轉,04260001
TPSNMLLKLHLGFFK98DA,中央段,108.88,都市：其他:住宅區,1,1,全筆移轉,04240000
XPSNMLLKLHLGFFK76DA,中央段,217.16,都市：其他:住宅區,1,1,全筆移轉,04280000
UPSNMLLKLHLGFFK09DA,中央段,280.91,都市：其他:住宅區,1,1,全筆移轉,04250000
ZPSNMLLKLHLGFFK96DA,中央段,201.43,都市：其他:住宅區,1,1,全筆移轉,04300000
QQSNMLLKLHLGFFK78DA,中央段,250.84,都市：其他:住宅區,1,1,全筆移轉,04310000
WPSNMLLKLHLGFFK66DA,中央段,214.14,都市：其他:住宅區,1,1,全筆移轉,04270000
YPSNMLLKLHLGFFK86DA,中央段,199.63,都市：其他:住宅區,1,1,全筆移轉,04290000
RQSNMLLKLHLGFFK88DA,中央段,81.67,都市：其他:住宅區,1,1,全筆移轉,04310002
SQSNMLLKLHLGFFK98DA,中央段,154.14,都市：其他:住宅區,1,1,全筆移轉,04320000
RPPNMLOJKIKGFEK48DA,竹森段,2128.03,非都市：特定農業區 ; 非都市編定：農牧用地,1,1,全筆移轉,21120000
RPPNMLPJKIKGFAK18DA,八角林段,40.33,非都市：山坡地保育區 ; 非都市編定：林業用地,15,1,持分移轉,07450002
RPPNMLPJKIKGFAK18DA,八角林段,1000.00,非都市：山坡地保育區 ; 非都市編定：林業用地,1,1,全筆移轉,07450060
RPRNMLLJKIKGFBK08DA,豐年段,57.14,都市：其他:住宅區,4,1,持分移轉,04810000
RPQNMLPJKIKGFBK38DA,福東段,61.31,非都市：鄉村區 ; 非都市編定：乙種建築用地,1,1,全筆移轉,04200000
RPQNMLPJKIKGFBK38DA,福東段,28.01,非都市：特定農業區 ; 非都市編定：甲種建築用地,1,1,全筆移轉,04210000
RPQNMLPJKIKGFBK38DA,福東段,48.26,非都市：特定農業區 ; 非都市編定：甲種建築用地,1,1,全筆移轉,04220000
RPQNMLPJKIKGFBK38DA,福東段,10.00,非都市：鄉村區 ; 非都市編定：乙種建築用地,1,1,全筆移轉,04230000
RPVNMLRJJIKGFDK56DA,造橋段,2841.00,非都市：山坡地保育區 ; 非都市編定：農牧用地,1,1,全筆移轉,17280044
RPPNMLSJKIKGFBK58DA,僑育段,243.99,非都市：鄉村區 ; 非都市編定：乙種建築用地,1,1,全筆移轉,03240000
RPRNMLKKKIKGFCK18DA,內島段,181.87,非都市：山坡地保育區 ; 非都市編定：丙種建築用地,1,1,全筆移轉,09320000
RPQOMLSJKIKGFBK78DA,維新段,12.86,非都市：鄉村區 ; 非都市編定：乙種建築用地,10000,65,持分移轉,00290000
RPQOMLSJKIKGFBK78DA,維新段,2.36,非都市：鄉村區 ; 非都市編定：乙種建築用地,10000,43,持分移轉,00290004
RPQOMLSJKIKGFBK78DA,維新段,.55,非都市：鄉村區 ; 非都市編定：乙種建築用地,10000,43,持分移轉,00320000
RPQOMLSJKIKGFBK78DA,維祥段維祥小段,1.79,非都市：鄉村區 ; 非都市編定：乙種建築用地,10000,43,持分移轉,03540000
RPQOMLSJKIKGFBK78DA,維祥段維祥小段,3.32,非都市：特定農業區 ; 非都市編定：農牧用地,10000,43,持分移轉,03650000
RPPNMLTJKIKGFAK68EA,新厝段,169.00,非都市：特定農業區 ; 非都市編定：農牧用地,1,1,全筆移轉,00180000
RPPNMLSJKIKGFEK88DA,朝東段,613.42,都市：其他:道路用地,420,122,持分移轉,08560000
RPSNMLMKKIKGFAK28DA,南湖段,729.00,非都市：山坡地保育區 ; 非都市編定：農牧用地,1,1,全筆移轉,01240000
RPSNMLMKKIKGFAK28DA,南湖段,477.00,非都市：山坡地保育區 ; 非都市編定：農牧用地,1,1,全筆移轉,01240003
RPSNMLMKKIKGFAK28DA,南湖段,375.00,非都市：山坡地保育區 ; 非都市編定：丙種建築用地,1,1,全筆移轉,01240004
RPSNMLMKKIKGFAK28DA,南湖段,436.00,非都市：山坡地保育區 ; 非都市編定：農牧用地,1,1,全筆移轉,01260000
RPSNMLMKKIKGFAK28DA,南湖段,490.00,非都市：山坡地保育區 ; 非都市編定：農牧用地,1,1,全筆移轉,10190000
RPSNMLMKKIKGFAK28DA,南湖段,160.00,非都市：山坡地保育區 ; 非都市編定：農牧用地,1,1,全筆移轉,12540000
RPPNMLTKJIKGFCK78DA,南華段,253.54,都市：其他:住宅區,1,1,全筆移轉,07380000
RPPNMLTKJIKGFCK78DA,南華段,59.97,都市：其他:農業區,1,1,全筆移轉,07390000
RPSNMLMJKIKGFDK48DA,大同段,5.29,都市：其他:第一種住宅區,12,1,持分移轉,14070000
RPSNMLMJKIKGFDK48DA,大同段,105.99,都市：其他:第一種住宅區,1,1,全筆移轉,14070004
RPSNMLMJKIKGFDK48DA,大同段,14.62,都市：其他:第一種住宅區,12,1,持分移轉,14070013
RPQNMLLKKIKGFBK08DA,南苗段,44.39,都市：其他:住宅區,2,1,持分移轉,03350000
RPPNMLPKKIKGFCK58EA,房北段,64.09,都市：其他:住宅區,4,2,持分移轉,07090017
RPVNMLSJKIKGFDK76DA,苦苓腳段,26.40,非都市：特定農業區 ; 非都市編定：甲種建築用地,360,8,持分移轉,02360000
SPVNMLSJKIKGFDK86DA,苦苓腳段,66.33,非都市：山坡地保育區 ; 非都市編定：農牧用地,6,1,持分移轉,14290002
RPPNMLMJKIKGFDK18DA,大同段,47.37,都市：其他:第一種住宅區,100000,1575,持分移轉,07570000
TPVNMLSJKIKGFDK96DA,苦苓腳段,60.89,非都市：山坡地保育區 ; 非都市編定：農牧用地,18,1,持分移轉,01320003
RPQNMLLJKIKGFBK97DA,維新段,16.22,非都市：鄉村區 ; 非都市編定：乙種建築用地,10000,82,持分移轉,00290000
RPQNMLLJKIKGFBK97DA,維新段,2.96,非都市：鄉村區 ; 非都市編定：乙種建築用地,10000,54,持分移轉,00290004
RPQNMLLJKIKGFBK97DA,維新段,.69,非都市：鄉村區 ; 非都市編定：乙種建築用地,10000,54,持分移轉,00320000
RPQNMLLJKIKGFBK97DA,維祥段維祥小段,2.25,非都市：鄉村區 ; 非都市編定：乙種建築用地,10000,54,持分移轉,03540000
RPQNMLLJKIKGFBK97DA,維祥段維祥小段,4.17,非都市：特定農業區 ; 非都市編定：農牧用地,10000,54,持分移轉,03650000
VPVNMLSJKIKGFDK17DA,苦苓腳段,71.78,非都市：特定農業區 ; 非都市編定：甲種建築用地,360,8,持分移轉,02340000
RPRNMLRJJIKGFBK58DA,福安段,44.10,都市：其他:住宅區,200000,6236,持分移轉,13440000
UPVNMLSJKIKGFDK07DA,苦苓腳段,342.89,非都市：特定農業區 ; 非都市編定：農牧用地,360,8,持分移轉,02310000
WPVNMLSJKIKGFDK27DA,苦苓腳段,227.00,非都市：特定農業區 ; 非都市編定：農牧用地,3,1,持分移轉,27190002
RPPNMLLKJIKGFDK08DA,西赤崎段,403.70,非都市：山坡地保育區 ; 非都市編定：丙種建築用地,1,1,全筆移轉,00590001
RPUNMLPLJIKGFDK09DA,大同段,12.67,都市：其他:商業區,100000,290,持分移轉,07230000
XPVNMLSJKIKGFDK37DA,苦苓腳段,16.02,非都市：特定農業區 ; 非都市編定：農牧用地,360,8,持分移轉,02310009
RPTNMLMKKIKGFBK48DA,豐年段,107.70,都市：其他:住宅區,1,1,全筆移轉,00480000
RPRNMLOJJIKGFBK28DA,中義段,44.25,非都市：特定農業區 ; 非都市編定：甲種建築用地,12,6,持分移轉,03630000
RPWNMLRJJIKGFFK86DA,仁愛段,.14,都市：其他:商業區,100000,10,持分移轉,12530000
RPWNMLRJJIKGFFK86DA,仁愛段,17.62,都市：其他:住宅區,10000,48,持分移轉,12540000
RPOOMLRJJIKGFDK58DA,竹興段,37.14,都市：其他:住宅區,10000,1264,持分移轉,06010000
RPXNMLRJJIKGFDK76DA,竹興段,36.50,都市：其他:住宅區,10000,1242,持分移轉,06010000
RPQOMLRJJIKGFDK78DA,竹興段,36.97,都市：其他:住宅區,10000,1258,持分移轉,06010000
RPPOMLRJJIKGFDK68DA,竹興段,18.22,都市：其他:住宅區,20000,1240,持分移轉,06010000
RPPOMLRJJIKGFDK68DA,竹興段,18.22,都市：其他:住宅區,20000,1240,持分移轉,06010000
RPROMLRJJIKGFDK88DA,竹興段,36.44,都市：其他:住宅區,10000,1240,持分移轉,06010000
RPSOMLRJJIKGFDK98DA,竹興段,36.97,都市：其他:住宅區,10000,1258,持分移轉,06010000
RPTOMLRJJIKGFDK09DA,竹興段,36.44,都市：其他:住宅區,10000,1240,持分移轉,06010000
RPRNMLTJKIKGFDK09DA,新崎頂段,980.81,非都市：一般農業區 ; 非都市編定：農牧用地,1,1,全筆移轉,15480000
RPQNMLLLJIKGFDK28DA,龍鳳西段,12.00,都市：其他:住宅區,1,1,全筆移轉,02910000
RPQNMLLLJIKGFDK28DA,龍鳳西段,44.62,都市：其他:住宅區,1,1,全筆移轉,03010000
RPQNMLLLJIKGFDK28DA,龍鳳西段,44.61,都市：其他:住宅區,1,1,全筆移轉,03030000
RPQNMLLLJIKGFDK28DA,龍鳳西段,15.84,都市：其他:住宅區,1,1,全筆移轉,03050000
RPQNMLLLJIKGFDK28DA,龍鳳西段,294.39,都市：其他:住宅區,1,1,全筆移轉,03080000
RPQNMLLLJIKGFDK28DA,龍鳳西段,218.50,都市：其他:住宅區,1,1,全筆移轉,03290000
RPQNMLLLJIKGFDK28DA,龍鳳西段,404.99,都市：其他:住宅區,1,1,全筆移轉,03310000
RPQNMLLLJIKGFDK28DA,龍鳳西段,224.01,都市：其他:住宅區,1,1,全筆移轉,03340000
RPQNMLLLJIKGFDK28DA,龍鳳西段,84.47,都市：其他:住宅區,1,1,全筆移轉,03350000
RPQNMLLLJIKGFDK28DA,龍鳳西段,298.91,都市：其他:住宅區,1,1,全筆移轉,03370000
RPQNMLLLJIKGFDK28DA,龍鳳西段,56.32,都市：其他:住宅區,1,1,全筆移轉,03400000
RPQNMLLLJIKGFDK28DA,龍鳳西段,20.32,都市：其他:住宅區,1,1,全筆移轉,03410000
RPQNMLLLJIKGFDK28DA,龍鳳西段,7.44,都市：其他:住宅區,1,1,全筆移轉,03430002
RPQNMLLLJIKGFDK28DA,龍鳳西段,.89,都市：其他:住宅區,1,1,全筆移轉,03430003
RPQNMLLLJIKGFDK28DA,龍鳳西段,1.17,都市：其他:住宅區,1,1,全筆移轉,03430004
RPQNMLLLJIKGFDK28DA,龍鳳西段,1.94,都市：其他:住宅區,1,1,全筆移轉,03430005
RPPNMLLKKIKGFEK28DA,褔興段,69.65,都市：其他:住宅區,1,1,全筆移轉,08910000
RPQNMLQKKIKGFDK78DA,光復段,1.67,都市：其他:商業區,1,1,全筆移轉,09780001
RPQNMLQKJIKGFBK48DA,玉清段,65.77,都市：其他:住宅區,1,1,全筆移轉,00670000
RPTNMLQKKIKGFDK09DA,延平段,103.00,都市：其他:住宅區,1,1,全筆移轉,11410000
RPUNMLRKJIKGFBK98DA,南苗段,47.52,都市：其他:住宅區,1,1,全筆移轉,13430000
RPTNMLQKKIKGFDK09DA,延平段,16.23,都市：其他:住宅區,20,1,持分移轉,11420000
RPTNMLQKKIKGFDK09DA,延平段,.45,都市：其他:住宅區,11,1,持分移轉,11440000
RPUNMLRKJIKGFBK98DA,南苗段,1.55,都市：其他:住宅區,1,1,全筆移轉,13530000
RPRNMLNJKIKGFFK68DA,蟠桃段忠孝小段,19.33,都市：其他:商業區,500,32,持分移轉,06010000
RPQNMLMKJIKGFDK28DA,大同段,108.53,都市：其他:第一種住宅區,1,1,全筆移轉,12100001
RPSNMLNJKIKGFFK78DA,蟠桃段忠孝小段,18.72,都市：其他:商業區,500,31,持分移轉,06010000
RPQNMLPKKIKGFCK58DA,通北段,16.27,都市：其他:住宅區,10000,121,持分移轉,05620000
RPPNMLOLJIKGFAK18DA,大湖段,6809.00,非都市：山坡地保育區 ; 非都市編定：林業用地,1,1,全筆移轉,06890202
RPPNMLOLJIKGFAK18DA,大湖段,912.00,非都市：山坡地保育區 ; 非都市編定：林業用地,1,1,全筆移轉,06890331
RPPNMLOLJIKGFAK18DA,大湖段,5433.00,非都市：山坡地保育區 ; 非都市編定：林業用地,1,1,全筆移轉,06890435
RPPNMLOLJIKGFAK18DA,大湖段,5578.00,非都市：山坡地保育區 ; 非都市編定：林業用地,1,1,全筆移轉,06890436
RPPNMLOLJIKGFAK18DA,大湖段,5590.00,非都市：山坡地保育區 ; 非都市編定：林業用地,1,1,全筆移轉,06890963
RPPNMLOLJIKGFAK18DA,大湖段,5590.00,非都市：山坡地保育區 ; 非都市編定：林業用地,1,1,全筆移轉,06890964
RPPNMLOLJIKGFAK18DA,大湖段,5578.00,非都市：山坡地保育區 ; 非都市編定：林業用地,1,1,全筆移轉,06890965
RPPNMLOLJIKGFAK18DA,大湖段,5580.00,非都市：山坡地保育區 ; 非都市編定：林業用地,1,1,全筆移轉,06890966
RPPNMLOLJIKGFAK18DA,大湖段,2500.00,非都市：山坡地保育區 ; 非都市編定：農牧用地,1,1,全筆移轉,06890991
RPQNMLKLJIKGFEK28DA,僑成段,55.58,非都市：鄉村區 ; 非都市編定：乙種建築用地,1,1,全筆移轉,01090000
RPSNMLMKKIKGFBK38DA,華清段,7.31,都市：其他:住宅區,10000,34,持分移轉,13220000
RPSNMLMKKIKGFBK38DA,華清段,.12,都市：其他:住宅區,10000,34,持分移轉,13230000
RPPNMLMLKIKGFAK08DA,南昌段,9085.68,非都市：山坡地保育區 ; 非都市編定：農牧用地,1,1,全筆移轉,00020000
RPSNMLMKKIKGFBK38DA,華清段,.23,都市：其他:住宅區,10000,34,持分移轉,13240000
RPSNMLMKKIKGFBK38DA,華清段,.05,都市：其他:住宅區,10000,34,持分移轉,13250000
RPRNMLRKKIKGFBK78DA,中義段,200.16,非都市：特定農業區 ; 非都市編定：農牧用地,1,1,全筆移轉,06130000
RPTNMLSKKIKGFAK98DA,獅潭段三洽坑小段,605.00,非都市：山坡地保育區 ; 非都市編定：林業用地,1,1,全筆移轉,00640019
RPTNMLSKKIKGFAK98DA,獅潭段三洽坑小段,43.00,非都市：山坡地保育區 ; 非都市編定：林業用地,1,1,全筆移轉,00640020
RPTNMLSKKIKGFAK98DA,獅潭段三洽坑小段,4656.00,非都市：山坡地保育區 ; 非都市編定：林業用地,1,1,全筆移轉,00640022
RPTNMLSKKIKGFAK98DA,獅潭段三洽坑小段,1581.00,非都市：山坡地保育區 ; 非都市編定：林業用地,1,1,全筆移轉,00640024
RPTNMLSKKIKGFAK98DA,獅潭段三洽坑小段,1175.00,非都市：山坡地保育區 ; 非都市編定：農牧用地,1,1,全筆移轉,00750000
RPTNMLSKKIKGFAK98DA,獅潭段三洽坑小段,87.00,非都市：山坡地保育區 ; 非都市編定：農牧用地,1,1,全筆移轉,00760000
RPTNMLSKKIKGFAK98DA,獅潭段三洽坑小段,242.00,非都市：山坡地保育區 ; 非都市編定：農牧用地,1,1,全筆移轉,00760002
RPTNMLSKKIKGFAK98DA,獅潭段三洽坑小段,137.00,非都市：山坡地保育區 ; 非都市編定：農牧用地,1,1,全筆移轉,00760012
RPTNMLSKKIKGFAK98DA,獅潭段三洽坑小段,49.00,非都市：山坡地保育區 ; 非都市編定：農牧用地,1,1,全筆移轉,00760013
RPSOMLSJKIKGFBK98DA,齊佳段,15.47,都市：其他:住宅區,10000,35,持分移轉,00050000
RPRNMLTKKIKGFCK09DA,中正段,31.91,都市：其他:住宅區,18,1,持分移轉,02070000
RPPNMLMKJIKGFFK38DA,蘆竹湳段蘆竹湳小段,1187.00,都市：其他:工業區,1,1,全筆移轉,05150000
RPTNMLQLJIKGFFK66DA,德義段,22.98,都市：其他:住宅區,10000,93,持分移轉,01820000
RPPOMLNLIIKGFDK38DA,龍東段,30.25,都市：其他:商業區,8,1,持分移轉,02670012
RPPOMLNLIIKGFDK38DA,龍東段,12.50,都市：其他:住宅區,8,1,持分移轉,02670042
RPSNMLNKJIKGFBK38DA,華清段,.53,都市：其他:住宅區,6,3,持分移轉,02440001
RPSNMLNKJIKGFBK38DA,華清段,29.26,都市：其他:住宅區,6,3,持分移轉,02440002
RPSNMLNKJIKGFBK38DA,華清段,144.44,都市：其他:住宅區,1,1,全筆移轉,02440003
RPSNMLNKJIKGFBK38DA,華清段,89.22,都市：其他:道路用地,10,3,持分移轉,02450000
RPRNMLRKKIKGFDK98DA,復興段,21.33,非都市：鄉村區 ; 非都市編定：乙種建築用地,16,1,持分移轉,00390000
RPRNMLRKKIKGFDK98DA,復興段,134.46,非都市：鄉村區 ; 非都市編定：乙種建築用地,1,1,全筆移轉,00390010
RPUOMLRJJIKGFDK56DA,竹興段,36.97,都市：其他:住宅區,10000,1258,持分移轉,06010000
RPXNMLSJKIKGFDK96DA,大同段,31.11,都市：其他:第一種住宅區,100000,1189,持分移轉,11860000
RPQNMLNLKIKGFAK28DA,新厝段,749.00,都市：其他:乙種工業區,1,1,全筆移轉,00450000
RPQNMLNLKIKGFAK28DA,新厝段,418.00,都市：其他:道路用地,1,1,全筆移轉,00450001
RPQNMLNLKIKGFAK28DA,新厝段,984.00,都市：其他:乙種工業區,1,1,全筆移轉,00450002
RPUNMLSKKIKGFCK66DA,新復北段,106.26,非都市：特定農業區 ; 非都市編定：甲種建築用地,1,1,全筆移轉,05320003
RPQQMLLMIIKGFDK58DA,環市段,17.73,都市：其他:道路用地,50,2,持分移轉,12060000
RPQQMLLMIIKGFDK58DA,環市段,7.55,都市：其他:道路用地,1,1,全筆移轉,12090000
RPQQMLLMIIKGFDK58DA,環市段,3.00,都市：其他:住宅區,1,1,全筆移轉,12100000
RPQQMLLMIIKGFDK58DA,環市段,141.47,都市：其他:住宅區,1,1,全筆移轉,12110000
RPUNMLKLJIKGFDK58DA,延平段,57.87,都市：其他:住宅區,1,1,全筆移轉,14140000
RPUNMLKLJIKGFDK58DA,延平段,18.52,都市：其他:住宅區,31,1,持分移轉,14230000
RPUNMLKLJIKGFDK58DA,延平段,5.32,都市：其他:住宅區,31,1,持分移轉,14370000
RPSOMLSKKIKGFFK86DA,新內灣段,1012.66,非都市：特定農業區 ; 非都市編定：農牧用地,10000,9206,持分移轉,05410000
RPUOMLSJKIKGFBK56DA,維新段,18.39,非都市：鄉村區 ; 非都市編定：乙種建築用地,10000,93,持分移轉,00290000
RPUOMLSJKIKGFBK56DA,維新段,3.45,非都市：鄉村區 ; 非都市編定：乙種建築用地,10000,63,持分移轉,00290004
RPWNMLSKJIKGFFK07DA,山下段,661.15,都市：其他:農業區,1,1,全筆移轉,08270000
RPUOMLSJKIKGFBK56DA,維新段,.81,非都市：鄉村區 ; 非都市編定：乙種建築用地,10000,63,持分移轉,00320000
RPUOMLSJKIKGFBK56DA,維祥段維祥小段,2.62,非都市：鄉村區 ; 非都市編定：乙種建築用地,10000,63,持分移轉,03540000
RPUOMLSJKIKGFBK56DA,維祥段維祥小段,4.87,非都市：特定農業區 ; 非都市編定：農牧用地,10000,63,持分移轉,03650000
RPPNMLLLJIKGFFK38DA,顯會段,50.62,都市：其他:住宅區,10000,619,持分移轉,08810000
RPQNMLMLJIKGFFK58DA,六合段,80.87,都市：其他:第三種住宅區。,17,1,持分移轉,01300000
RPSNMLPJKIKGFFK98DA,德義段,85.94,都市：其他:住宅區,1,1,全筆移轉,07510000
RPQNMLMLKIKGFBK28DA,華清段,1.96,都市：其他:住宅區,10000,426,持分移轉,01480000
RPQNMLMLKIKGFBK28DA,華清段,99.79,都市：其他:住宅區,1,1,全筆移轉,01570000
RPRNMLMLKIKGFFK78DA,隆興段,1129.92,都市：其他:農業區,1,1,全筆移轉,03020001
RPQNMLMLKIKGFFK68DA,信義段,29.92,都市：其他:住宅區,100000,5017,持分移轉,10650000
RPQNMLMLKIKGFFK68DA,信義段,.17,都市：其他:住宅區,100000,5017,持分移轉,10650010
RPSNMLKMKIKGFAK28DA,明湖段,2079.85,都市：其他:農業區,1,1,全筆移轉,07100000
RPSNMLKMKIKGFAK28DA,明湖段,1386.57,都市：其他:農業區,1,1,全筆移轉,07100001
RPSNMLKMKIKGFAK28DA,明湖段,31.24,都市：其他:農業區,1,1,全筆移轉,07110000
RPRNMLSLIIKGFBK78DA,華清段,6.88,都市：其他:住宅區,10000,32,持分移轉,13220000
RPRNMLKLJIKGFDK28DA,淡文湖段,3.29,非都市：特定農業區 ; 非都市編定：甲種建築用地,92,1,持分移轉,11220000
RPRNMLSLIIKGFBK78DA,華清段,.11,都市：其他:住宅區,10000,32,持分移轉,13230000
RPRNMLSLIIKGFBK78DA,華清段,.22,都市：其他:住宅區,10000,32,持分移轉,13240000
RPRNMLKLJIKGFDK28DA,淡文湖段,6.28,非都市：特定農業區 ; 非都市編定：甲種建築用地,92,1,持分移轉,11220004
RPRNMLSLIIKGFBK78DA,華清段,.05,都市：其他:住宅區,10000,32,持分移轉,13250000
RPRNMLKLJIKGFDK28DA,淡文湖段,.57,非都市：特定農業區 ; 非都市編定：甲種建築用地,92,1,持分移轉,11220022
RPRNMLKLJIKGFDK28DA,淡文湖段,67.00,非都市：特定農業區 ; 非都市編定：甲種建築用地,1,1,全筆移轉,11220039
RPRNMLKLJIKGFDK28DA,淡文湖段,.46,非都市：特定農業區 ; 非都市編定：甲種建築用地,92,1,持分移轉,11220050
RPRNMLKLJIKGFDK28DA,淡文湖段,3.18,非都市：特定農業區 ; 非都市編定：甲種建築用地,92,1,持分移轉,11220068
RPRNMLKLJIKGFDK28DA,淡文湖段,4.51,非都市：特定農業區 ; 非都市編定：甲種建築用地,92,1,持分移轉,11220069
RPRNMLKLJIKGFDK28DA,淡文湖段,5.22,非都市：特定農業區 ; 非都市編定：甲種建築用地,92,1,持分移轉,11220088
RPRNMLKLJIKGFDK28DA,淡文湖段,.25,非都市：特定農業區 ; 非都市編定：甲種建築用地,92,1,持分移轉,11220103
RPQNMLQLKIKGFDK88DA,新山佳段,25.49,都市：其他:住宅區,100000,6379,持分移轉,10810000
RPQNMLQLKIKGFDK88DA,新山佳段,6.81,都市：其他:住宅區,100000,6376,持分移轉,10810001
SPRNMLTJKIKGFFK76DA,中央段,12.45,都市：其他:道路用地,387200,76409,持分移轉,04550000
SPRNMLTJKIKGFFK76DA,中央段,56.15,都市：其他:道路用地,387200,76409,持分移轉,04560000
RPQNMLTLKIKGFDK56DA,新生段,107.28,都市：其他:住宅區,1,1,全筆移轉,10920004
RPQNMLTLKIKGFDK56DA,新生段,10.55,都市：其他:住宅區,1,1,全筆移轉,10920005
RPWNMLOJJIKGFDK98DA,光復段,7.32,都市：其他:商業區,280800,732,持分移轉,08820000
RPRNMLNKKIKGFFK78DA,仁愛段,34.71,都市：其他:住宅區,10000,29,持分移轉,00360000
RPPNMLQLKIKGFAK48DA,明德段,2586.02,非都市：特定農業區 ; 非都市編定：農牧用地,1,1,全筆移轉,07650001
RPSNMLOLKIKGFFK09DA,仁愛段,26.33,都市：其他:住宅區,10000,22,持分移轉,00360000
RPPNMLTLJIKGFDK98DA,淡文湖段,14.58,非都市：山坡地保育區 ; 非都市編定：丙種建築用地,90,1,持分移轉,09240038
RPTNMLMLKIKGFBK58DA,福全段,2.64,都市：其他:住宅區,10000,1111,持分移轉,11480003
RPTNMLMLKIKGFBK58DA,福全段,2.25,都市：其他:住宅區,10000,1111,持分移轉,11480004
RPTNMLMLKIKGFBK58DA,福全段,7.62,都市：其他:住宅區,10000,1111,持分移轉,11540000
RPTNMLMLKIKGFBK58DA,福全段,30.13,都市：其他:住宅區,10000,1111,持分移轉,11540009
RPPNMLMJJHLGFAK77DA,象鼻段,490.00,非都市：山坡地保育區 ; 非都市編定：農牧用地,1,1,全筆移轉,01980000
RPPNMLMJJHLGFAK77DA,象鼻段,160.00,非都市：山坡地保育區 ; 非都市編定：農牧用地,1,1,全筆移轉,01980001
RPPNMLMJJHLGFAK77DA,象鼻段,165.00,非都市：山坡地保育區 ; 非都市編定：丙種建築用地,1,1,全筆移轉,01980002
RPPNMLMJJHLGFAK77DA,象鼻段,155.00,非都市：山坡地保育區 ; 非都市編定：丙種建築用地,1,1,全筆移轉,01980003
RPQNMLTKJIKGFFK56DA,尖山段,73.15,非都市：鄉村區 ; 非都市編定：乙種建築用地,1,1,全筆移轉,05690000
RPQNMLTKJIKGFFK56DA,尖山段,39.53,非都市：鄉村區 ; 非都市編定：乙種建築用地,1,1,全筆移轉,05720000
RPQNMLOLKIKGFEK78DA,新雙湖段,2665.40,非都市：山坡地保育區 ; 非都市編定：農牧用地,1,1,全筆移轉,10820000
RPPNMLOLKIKGFBK48EA,館陽段,158.34,都市：其他:住宅區,1,1,全筆移轉,04510007
RPPNMLOLKIKGFBK48EA,館陽段,.71,都市：其他:住宅區,48,5,持分移轉,04530000
RPSNMLQJJHLGFAK48DA,豐田段,28.69,非都市：鄉村區 ; 非都市編定：乙種建築用地,8,1,持分移轉,08840000
RPSNMLQJJHLGFAK48DA,豐田段,112.21,非都市：鄉村區 ; 非都市編定：乙種建築用地,8,1,持分移轉,10250000
RPRNMLPJKIKGFBK48DA,為公段,34.93,非都市：特定農業區 ; 非都市編定：甲種建築用地,2,1,持分移轉,05620000
RPRNMLPJKIKGFBK48DA,為公段,149.87,非都市：特定農業區 ; 非都市編定：甲種建築用地,1,1,全筆移轉,05650000
RPWNMLOKIIKGFDK98DA,成功段,32.67,都市：其他:住宅區,10000,1167,持分移轉,04840000
RPUNMLQKIIKGFDK98DA,環市段,25.35,都市：其他:住宅區,100000,724,持分移轉,12400000
RPQNMLPJJHLGFDK48DA,龍富段,315.20,都市：其他:商業區,5,1,持分移轉,04180000
RPPNMLSJKIKGFDK78DA,成功段,4.07,,1,1,全筆移轉,01150001
RPQNMLLJJHLGFEK18DA,朝東段,68.66,都市：其他:住宅區,1,1,全筆移轉,04180000
RPQNMLLJJHLGFEK18DA,朝東段,136.08,都市：其他:住宅區,1,1,全筆移轉,04210000
RPOOMLLKKIKGFFK38DA,公園段,10.39,都市：其他:商業區,100000,410,持分移轉,00120000
RPQNMLMJJHLGFDK18DA,大同段,18.36,都市：其他:商業區,100000,720,持分移轉,06960000
RPSNMLSJJHLGFCK88DA,玉山段,715.48,非都市：特定農業區 ; 非都市編定：農牧用地,1,1,全筆移轉,02770000
RPPNMLRJJHLGFBK38DA,大坑段,2448.00,非都市：山坡地保育區 ; 非都市編定：農牧用地,1,1,全筆移轉,03150000
RPPNMLRJJHLGFBK38DA,大坑段,63.00,非都市：山坡地保育區 ; 非都市編定：農牧用地,1,1,全筆移轉,07760002
RPRNMLPJJHLGFDK58DA,大同段,59.97,非都市：一般農業區 ; 非都市編定：甲種建築用地,1,1,全筆移轉,05280000
RPQNMLQJJHLGFBK38DA,文峰段,109.58,都市：其他:住宅區,1,1,全筆移轉,05770000
RPQNMLQJJHLGFBK38DA,文峰段,109.47,都市：其他:住宅區,1,1,全筆移轉,05780000
RPPNMLLKKIKGFAK87DA,興榮段,2500.00,非都市：山坡地保育區 ; 非都市編定：農牧用地,1,1,全筆移轉,00960712
RPPNMLLKKIKGFAK87DA,興榮段,25.00,非都市：山坡地保育區 ; 非都市編定：交通用地,1,1,全筆移轉,00960875
RPPNMLLKKIKGFAK87DA,興榮段,28.00,非都市：山坡地保育區 ; 非都市編定：交通用地,1,1,全筆移轉,00960876
RPPNMLLKKIKGFAK87DA,興榮段,35.00,非都市：山坡地保育區 ; 非都市編定：交通用地,1,1,全筆移轉,00960925
RPRNMLTJKIKGFFK66DA,中央段,764.09,都市：其他:住宅區,1,1,全筆移轉,04890000
RPRNMLRJJHLGFBK58DA,維祥段維祥小段,53.00,非都市：特定農業區 ; 非都市編定：農牧用地,1191,53,持分移轉,02780000
RPQNMLNJKIKGFFK58DA,中央段,21.43,都市：其他:住宅區,10000,38,持分移轉,04920000
RPQNMLNJKIKGFFK58DA,中央段,.51,都市：其他:道路用地,10000,38,持分移轉,04920001
RPSNMLRJJHLGFFK09DA,田尾段,1105.00,非都市：山坡地保育區 ; 非都市編定：林業用地,1,1,全筆移轉,05880165
RPSNMLRJJHLGFFK09DA,田尾段,854.00,非都市：山坡地保育區 ; 非都市編定：林業用地,1,1,全筆移轉,05880172
RPSNMLRJJHLGFFK09DA,田尾段,2039.00,非都市：山坡地保育區 ; 非都市編定：林業用地,1,1,全筆移轉,05880180
RPOOMLLMKIKGFDK38DA,龍鳳東段,92.01,都市：其他:住宅區,1,1,全筆移轉,08180000
RPSNMLLKJIKGFBK18DA,華清段,70.92,都市：其他:住宅區,1,1,全筆移轉,10660000
RPTNMLRLIIKGFFK66DA,六合段,77.86,非都市：山坡地保育區 ; 非都市編定：丙種建築用地,1,1,全筆移轉,16060000
RPSNMLTJKIKGFFK76DA,下興段,3245.85,非都市：特定農業區 ; 非都市編定：農牧用地,1,1,全筆移轉,05880000
RPSNMLNKJHLGFBK38DA,齊佳段,1049.77,都市：其他:農業區,1,1,全筆移轉,02150000
RPPNMLKLJHLGFBK97EA,福基段,936.00,非都市：特定農業區 ; 非都市編定：農牧用地,1,1,全筆移轉,09200000
RPSNMLNKJHLGFBK38DA,齊佳段,1050.00,都市：其他:農業區,1,1,全筆移轉,02150001
RPSNMLTKJIKGFFK76DA,湳湖段,1716.50,都市：其他:農業區,1,1,全筆移轉,08430000
RPSNMLTKJIKGFFK76DA,湳湖段,40.53,都市：其他:第三種住宅區。,1,1,全筆移轉,08560003
RPRNMLTLIIKGFFK66DA,自強段,28.00,都市：其他:住宅區,4,1,持分移轉,03010000
RPPNMLOKJHLGFDK38DA,博愛段,93.19,非都市：鄉村區 ; 非都市編定：乙種建築用地,1,1,全筆移轉,00030004
SPXNMLSJJHLGFDK96DA,頭湖段,1144.00,非都市：特定農業區 ; 非都市編定：農牧用地,2,1,持分移轉,02240004
RPXNMLSJJHLGFDK86DA,灣瓦段,1054.96,非都市：特定農業區 ; 非都市編定：農牧用地,1,1,全筆移轉,11330000
RPOOMLSJJHLGFDK68DA,灣瓦段,997.73,非都市：特定農業區 ; 非都市編定：農牧用地,1,1,全筆移轉,11340000
RPSNMLPJJIKGFBK48DA,新生段,12.40,都市：其他:住宅區,10000,91,持分移轉,16200000
SPOOMLSJJHLGFDK78DA,頭湖段,1144.00,非都市：特定農業區 ; 非都市編定：農牧用地,2,1,持分移轉,02240004
RPRNMLMLIIKGFFK58DA,親民段,60.37,非都市：山坡地保育區 ; 非都市編定：丙種建築用地,36,1,持分移轉,00710000
RPPNMLLLIIKGFFK28DA,正興段,1.05,都市：其他:住宅區,100000,9926,持分移轉,10700000
RPPNMLLLIIKGFFK28DA,正興段,37.98,都市：其他:住宅區,100000,9926,持分移轉,10710000
RPRNMLKLJHLGFBK08DA,維新段,16.81,非都市：鄉村區 ; 非都市編定：乙種建築用地,10000,85,持分移轉,00290000
RPPNMLNLJHLGFBK18DA,孔聖段,24.09,非都市：山坡地保育區 ; 非都市編定：丙種建築用地,1,1,全筆移轉,08690000
RPRNMLKLJHLGFBK08DA,維新段,3.07,非都市：鄉村區 ; 非都市編定：乙種建築用地,10000,56,持分移轉,00290004
RPPNMLNLJHLGFBK18DA,孔聖段,238.58,非都市：山坡地保育區 ; 非都市編定：丙種建築用地,1,1,全筆移轉,08700000
RPQNMLQLJHLGFCK68DA,平元段,13.25,都市：其他:道路用地,1,1,全筆移轉,09910000
RPQNMLQLJHLGFCK68DA,平元段,142.22,都市：其他:住宅區,1,1,全筆移轉,09920000
RPQNMLQLJHLGFCK68DA,平元段,69.64,都市：其他:農業區,1,1,全筆移轉,09930000
RPRNMLKLJHLGFBK08DA,維新段,.72,非都市：鄉村區 ; 非都市編定：乙種建築用地,10000,56,持分移轉,00320000
RPRNMLKLJHLGFBK08DA,維祥段維祥小段,2.33,非都市：鄉村區 ; 非都市編定：乙種建築用地,10000,56,持分移轉,03540000
RPRNMLKLJHLGFBK08DA,維祥段維祥小段,4.33,非都市：特定農業區 ; 非都市編定：農牧用地,10000,56,持分移轉,03650000
RPXNMLQKIIKGFFK86DA,文化段,115.27,都市：其他:住宅區,1,1,全筆移轉,01860000
RPTNMLSJKIKGFDK56DA,大同段,50.69,都市：其他:第一種住宅區,1,1,全筆移轉,09350003
RPTNMLSJKIKGFDK56DA,大同段,.82,都市：其他:第一種住宅區,100000,6074,持分移轉,09350016
RPTNMLSJKIKGFDK56DA,大同段,24.87,都市：其他:第一種住宅區,100000,6060,持分移轉,09350017
RPTNMLLMKIKGFBK58DA,福安段,424.78,都市：其他:工業區,1,1,全筆移轉,04400000
RPUNMLLLJHLGFFK88DA,仁愛段,26.72,都市：其他:住宅區,10000,51,持分移轉,00410000
RPRNMLQKJHLGFCK68DA,新復北段,91.14,非都市：特定農業區 ; 非都市編定：甲種建築用地,1,1,全筆移轉,05320000
RPQNMLTJKIKGFBK78DA,大倫段,221.76,非都市：特定農業區 ; 非都市編定：甲種建築用地,1,1,全筆移轉,00360000
RPSNMLQKJHLGFCK78DA,房裡段,2609.00,都市：其他:農業區,1,1,全筆移轉,04860000
RPTNMLQKJHLGFCK88DA,房裡段,131.00,都市：其他:農業區,1,1,全筆移轉,01420000
RPTNMLQKJHLGFCK88DA,房裡段,153.00,都市：其他:農業區,655,153,持分移轉,01420010
RPTNMLQKJHLGFCK88DA,房裡段,745.00,都市：其他:農業區,1,1,全筆移轉,04870000
RPPNMLQLJHLGFBK48DA,北河段,6698.00,非都市：山坡地保育區 ; 非都市編定：農牧用地,1,1,全筆移轉,04350002
RPPPMLTJKHLGFFK66DA,尖山下段,195.00,非都市：一般農業區 ; 非都市編定：林業用地,1,1,全筆移轉,09540000
RPRNMLLKJIKGFDK28DA,龍天段,139.60,都市：其他:工業區,1,1,全筆移轉,13410000
RPUNMLSLJHLGFBK56DA,玉清段,41.59,都市：其他:住宅區,8,1,持分移轉,03710000
RPPOMLSLJHLGFBK78DA,玉清段,41.59,都市：其他:住宅區,8,1,持分移轉,03710000
RPSNMLLKKHLGFBK28DA,勝利段,180.50,都市：其他:農業區,4,2,持分移轉,17810001
RPRNMLPJKHLGFDK68DA,大同段,12.89,都市：其他:商業區,100000,295,持分移轉,07230000
RPSNMLQJJHLGFFK98DA,德義段,.06,都市：其他:住宅區,147,1,持分移轉,02310007
RPSNMLQJJHLGFFK98DA,德義段,1.27,都市：其他:住宅區,147,1,持分移轉,02310008
RPTPMLTJKHLGFFK07DA,尖山下段,214.00,非都市：一般農業區 ; 非都市編定：農牧用地,2730,214,持分移轉,02180000
RPSNMLQJJHLGFFK98DA,德義段,55.70,都市：其他:住宅區,32100000,395184,持分移轉,02430000
RPUNMLNLKHLGFFK56DA,湳湖段,30.48,都市：其他:第三種住宅區。,1,1,全筆移轉,09840000
RPOOMLSLJHLGFBK68DA,玉清段,41.59,都市：其他:住宅區,8,1,持分移轉,03710000
RPOOMLSJJHLGFFK88DA,成功段,.10,都市：其他:住宅區,928,1,持分移轉,07600000
RPPNMLSKJIKGFAK48DA,南湖段,6500.00,非都市：山坡地保育區 ; 非都市編定：農牧用地,1,1,全筆移轉,13200511
RPPNMLSKJIKGFAK48DA,南湖段,6865.00,非都市：山坡地保育區 ; 非都市編定：農牧用地,1,1,全筆移轉,13200529
RPPNMLSKJIKGFAK48DA,南湖段,800.00,非都市：山坡地保育區 ; 非都市編定：交通用地,1,1,全筆移轉,13200706
RPPNMLSKJIKGFAK48DA,南湖段,3950.00,非都市：山坡地保育區 ; 非都市編定：農牧用地,1,1,全筆移轉,13200707
RPOOMLSJJHLGFFK88DA,成功段,.10,都市：其他:住宅區,1440,1,持分移轉,07610000
RPOOMLSJJHLGFFK88DA,成功段,35.28,都市：其他:住宅區,10000,578,持分移轉,07630003
RPWNMLMJKIKGFCK78DA,鎮安段,1798.80,非都市：特定農業區 ; 非都市編定：農牧用地,1,1,全筆移轉,14130000
RPWNMLMJKIKGFCK78DA,鎮安段,1450.43,非都市：特定農業區 ; 非都市編定：農牧用地,1,1,全筆移轉,14130001
RPPOMLNLKIKGFBK38DA,僑育段,91.51,都市：其他:農業區,1,1,全筆移轉,09260000
RPPOMLNLKIKGFBK38DA,僑育段,.66,都市：其他:農業區,1,1,全筆移轉,09330000
RPQNMLRLIIKGFBK58DA,大倫段,230.27,非都市：特定農業區 ; 非都市編定：甲種建築用地,1,1,全筆移轉,00360001
RPXPMLNLJHLGFDK76DA,新山佳段,33.76,都市：其他:住宅區,3,1,持分移轉,03250000
RPXPMLNLJHLGFDK76DA,新山佳段,33.76,都市：其他:住宅區,3,1,持分移轉,03250000
RPXPMLNLJHLGFDK76DA,新山佳段,33.76,都市：其他:住宅區,3,1,持分移轉,03250000
RPPNMLKKKIKGFDK08DA,成功段,91.00,都市：其他:住宅區,1,1,全筆移轉,09180000
RPSOMLSKJIKGFDK56DA,延平段,91.95,都市：其他:工業區,1,1,全筆移轉,07180000
RPSOMLSKJIKGFDK56DA,延平段,11.65,都市：其他:工業區,1,1,全筆移轉,07190000
RPSOMLSKJIKGFDK56DA,延平段,.32,都市：其他:工業區,16,1,持分移轉,07260000
RPSOMLSKJIKGFDK56DA,延平段,35.33,都市：其他:工業區,16,1,持分移轉,07270000
RPRNMLSJKIKGFDK98DA,新博愛段,9.10,都市：其他:住宅區,100000,541,持分移轉,10590000
RPPNMLKLJIKGFDK08DA,公義段,14.08,都市：其他:住宅區,100000,406,持分移轉,02590000
RPQNMLOJJIKGFDK38DA,龍鳳西段,81.00,都市：其他:住宅區,1,1,全筆移轉,08990000
RPQNMLRKJIKGFBK68EA,南勢段,123.23,非都市：山坡地保育區 ; 非都市編定：農牧用地,2,1,持分移轉,00240002
RPRNMLOJJIKGFDK48DA,龍鳳西段,8.66,都市：其他:道路用地,64,1,持分移轉,09110000
RPRNMLOJJIKGFDK48DA,龍鳳西段,.74,都市：其他:道路用地,192,1,持分移轉,09120000
RPSNMLRKJIKGFBK88EA,南勢段,214.90,非都市：山坡地保育區 ; 非都市編定：農牧用地,1,1,全筆移轉,01190002
RPRNMLRKJIKGFBK78EA,南勢段,100.25,非都市：山坡地保育區 ; 非都市編定：農牧用地,1,1,全筆移轉,00250002
RPPNMLRKJIKGFBK58EA,南勢段,123.23,非都市：山坡地保育區 ; 非都市編定：農牧用地,2,1,持分移轉,00240002
RPSNMLOJJIKGFDK58DA,龍鳳西段,203.27,都市：其他:住宅區,1,1,全筆移轉,08980000
RPQNMLOLJIKGFFK78DA,東民段,16.86,都市：其他:住宅區,10000,170,持分移轉,00800000
RPUNMLRKJIKGFBK09EA,南勢段,2.87,非都市：山坡地保育區 ; 非都市編定：農牧用地,1,1,全筆移轉,01240001
RPTNMLRKJIKGFBK98EA,南勢段,24.49,非都市：山坡地保育區 ; 非都市編定：農牧用地,1,1,全筆移轉,01220003
RPTNMLRKJIKGFBK98EA,南勢段,7.11,非都市：山坡地保育區 ; 非都市編定：農牧用地,1,1,全筆移轉,01230002
RPQNMLKLJIKGFDK18DA,龍東段,84.00,都市：其他:住宅區,1,1,全筆移轉,02050012
RPQNMLTKKIKGFCK98DA,湖內段,3264.90,非都市：山坡地保育區 ; 非都市編定：農牧用地,1,1,全筆移轉,05190017
RPTNMLTKKIKGFCK66DA,房裡段,51.00,都市：其他:農業區,1,1,全筆移轉,03450039
RPTNMLTKKIKGFCK66DA,房裡段,16.30,都市：其他:農業區,100000,2139,持分移轉,03450050
RPTNMLRJJIKGFFK56DA,正興段,36.68,,1,1,全筆移轉,01400001
RPTNMLRJJIKGFFK56DA,正興段,222.67,都市：其他:農業區,1,1,全筆移轉,01410000
RPPNMLKMJIKGFEK28DA,中興段,13.91,非都市：工業區 ; 非都市編定：丁種建築用地,10000,53,持分移轉,01990000
RPSNMLQLJIKGFDK98DA,水尾子段,1010.00,非都市：特定農業區 ; 非都市編定：農牧用地,1,1,全筆移轉,11460000
RPSNMLQLJIKGFDK98DA,水尾子段,1577.00,非都市：特定農業區 ; 非都市編定：農牧用地,1,1,全筆移轉,11460001
RPSNMLQLJIKGFDK98DA,水尾子段,2086.00,非都市：特定農業區 ; 非都市編定：農牧用地,1,1,全筆移轉,11480000
RPRNMLTKRHKGFCK07DA,烏眉坑段,3164.00,非都市：山坡地保育區 ; 非都市編定：農牧用地,1,1,全筆移轉,10700064
RPVNMLRKIIKGFCK09DA,南山段,4407.90,非都市：特定農業區 ; 非都市編定：農牧用地,1,1,全筆移轉,07170000
RPWNMLRKIIKGFCK56DA,南山段,3820.38,非都市：特定農業區 ; 非都市編定：農牧用地,1,1,全筆移轉,07160000
RPSNMLNLIIKGFCK48DA,新興段,185.44,都市：其他:住宅區,1,1,全筆移轉,07090000
RPTOMLSJKIKGFBK09DA,維新段,16.22,非都市：鄉村區 ; 非都市編定：乙種建築用地,10000,82,持分移轉,00290000
RPTOMLSJKIKGFBK09DA,維新段,2.96,非都市：鄉村區 ; 非都市編定：乙種建築用地,10000,54,持分移轉,00290004
RPTOMLSJKIKGFBK09DA,維新段,.69,非都市：鄉村區 ; 非都市編定：乙種建築用地,10000,54,持分移轉,00320000
RPTOMLSJKIKGFBK09DA,維祥段維祥小段,2.25,非都市：鄉村區 ; 非都市編定：乙種建築用地,10000,54,持分移轉,03540000
RPTOMLSJKIKGFBK09DA,維祥段維祥小段,4.17,非都市：特定農業區 ; 非都市編定：農牧用地,10000,54,持分移轉,03650000
RPPNMLPJIIKGFFK48DA,蘆竹段,171.10,都市：其他:工業區,1,1,全筆移轉,00120000
RPPNMLPJIIKGFFK48DA,蘆竹段,196.92,都市：其他:工業區,1,1,全筆移轉,00440000
RPPNMLPJIIKGFFK48DA,蘆竹段,754.78,都市：其他:工業區,1,1,全筆移轉,00450000
RPPNMLPJIIKGFFK48DA,蘆竹段,6982.01,都市：其他:工業區,1,1,全筆移轉,00470000
RPPNMLPJIIKGFFK48DA,蘆竹段,1103.29,都市：其他:工業區,1,1,全筆移轉,00480000
RPTNMLLKJIKGFFK68DA,湳湖段,15.26,都市：其他:第三種住宅區。,10000,272,持分移轉,11040000
RPOOMLMLIIKGFFK38DA,蔴園段,85.67,都市：其他:住宅區,1,1,全筆移轉,03830000
RPPNMLPJKIKGFCK38DA,新復北段,802.13,非都市：特定農業區 ; 非都市編定：甲種建築用地,1,1,全筆移轉,04510003
RPSNMLOJJIKGFBK38DA,南勢段,75.62,非都市：山坡地保育區 ; 非都市編定：丙種建築用地,1,1,全筆移轉,02250000
RPSNMLOJJIKGFBK38DA,南勢段,63.25,非都市：山坡地保育區 ; 非都市編定：丙種建築用地,1,1,全筆移轉,02260000
RPTNMLSLIIKGFDK56DA,仁德段,93.26,都市：其他:住宅區,1,1,全筆移轉,06570000
RPTNMLSLIIKGFDK56DA,仁德段,5.54,都市：其他:住宅區,1,1,全筆移轉,06580001
RPTNMLTJKIKGFFK86DA,仁愛段,15.78,都市：其他:住宅區,10000,43,持分移轉,12540000
RPPNMLQKRHKGFBK09DA,新福麗段,80.67,都市：其他:住宅區,1,1,全筆移轉,16430000
RPRNMLSJJHLGFDK88DA,新山佳段,20.03,都市：其他:住宅區,48893,863,持分移轉,06840000
RPQNMLQKRHKGFBK56DA,齊佳段,407.69,都市：其他:農業區,1,1,全筆移轉,04210000
RPQNMLQKRHKGFBK56DA,齊佳段,11.68,都市：其他:農業區,6,3,持分移轉,04220000
RPQNMLQKRHKGFBK56DA,齊佳段,13.53,都市：其他:農業區,1,1,全筆移轉,04230000
RPQNMLQKRHKGFBK56DA,齊佳段,359.47,都市：其他:農業區,1,1,全筆移轉,04240000
RPRNMLLMKIKGFBK38DA,玉坑段,763.58,非都市：山坡地保育區 ; 非都市編定：農牧用地,1,1,全筆移轉,06640001
RPRNMLSJIIKGFBK58DA,大倫段,146.22,都市：其他:住宅區,1,1,全筆移轉,06610000
RPQOMLTKKIKGFFK76DA,興隆段上埔小段,173.00,都市：其他:農業區,1,1,全筆移轉,01720007
RPQOMLTKKIKGFFK76DA,興隆段上埔小段,73.00,都市：其他:農業區,1,1,全筆移轉,01720016
RPWNMLMKJHLGFDK88DA,鹽館前段山子坪小段,1248.00,都市：其他:農業區,2,1,持分移轉,07340000
RPPNMLKLJHLGFDK08DA,龍椅段,242.77,都市：其他:第一種住宅區,1,1,全筆移轉,02600042
RPPNMLKLJHLGFDK08DA,龍椅段,.22,都市：其他:第一種住宅區,60,1,持分移轉,02600061
RPPNMLKLJHLGFDK08DA,龍椅段,.22,都市：其他:第一種住宅區,60,1,持分移轉,02600062
RPPNMLKLJHLGFDK08DA,龍椅段,1.36,都市：其他:第一種住宅區,60,1,持分移轉,02600063
RPQNMLOKIIKGFDK38DA,鹽館前段山子坪小段,963.20,都市：其他:工業區,10,4,持分移轉,07850000
RPQNMLOKIIKGFDK38DA,鹽館前段山子坪小段,481.60,都市：其他:工業區,10,2,持分移轉,07850000
RPQNMLOKIIKGFDK38DA,鹽館前段山子坪小段,481.60,都市：其他:工業區,10,2,持分移轉,07850000
RPQNMLOKIIKGFDK38DA,鹽館前段山子坪小段,481.60,都市：其他:工業區,10,2,持分移轉,07850000
RPQNMLOKIIKGFDK38DA,鹽館前段山子坪小段,162.00,都市：其他:綠地,10,4,持分移轉,07850002
RPQNMLOKIIKGFDK38DA,鹽館前段山子坪小段,81.00,都市：其他:綠地,10,2,持分移轉,07850002
RPQNMLOKIIKGFDK38DA,鹽館前段山子坪小段,81.00,都市：其他:綠地,10,2,持分移轉,07850002
RPQNMLOKIIKGFDK38DA,鹽館前段山子坪小段,81.00,都市：其他:綠地,10,2,持分移轉,07850002
RPQNMLOKIIKGFDK38DA,鹽館前段山子坪小段,135.60,都市：其他:工業區,10,2,持分移轉,07850003
RPQNMLOKIIKGFDK38DA,鹽館前段山子坪小段,271.20,都市：其他:工業區,10,4,持分移轉,07850003
RPQNMLOKIIKGFDK38DA,鹽館前段山子坪小段,135.60,都市：其他:工業區,10,2,持分移轉,07850003
RPQNMLOKIIKGFDK38DA,鹽館前段山子坪小段,135.60,都市：其他:工業區,10,2,持分移轉,07850003
RPSNMLLMKIKGFBK48DA,玉坑段,763.58,非都市：山坡地保育區 ; 非都市編定：農牧用地,1,1,全筆移轉,07100001
RPRPMLQKRHKGFDK07DA,新港段校寄埧小段,717.00,都市：其他:農業區,10,3,持分移轉,02990000
RPRPMLQKRHKGFDK07DA,新港段校寄埧小段,717.00,都市：其他:農業區,10,3,持分移轉,02990000
RPRPMLQKRHKGFDK07DA,新港段校寄埧小段,478.00,都市：其他:農業區,10,2,持分移轉,02990000
RPRPMLQKRHKGFDK07DA,新港段校寄埧小段,478.00,都市：其他:農業區,10,2,持分移轉,02990000
RPRNMLOKJIKGFFK78DA,湳湖段,259.25,都市：其他:農業區,1,1,全筆移轉,08330000
RPRNMLOKJIKGFFK78DA,湳湖段,205.34,都市：其他:農業區,1,1,全筆移轉,08340000
RPRNMLOKJIKGFFK78DA,湳湖段,193.90,都市：其他:農業區,1,1,全筆移轉,08350000
RPVNMLMKJHLGFDK78DA,龍東段,123.00,都市：其他:住宅區,1,1,全筆移轉,09000016
RPQNMLKLJHLGFDK18DA,龍椅段,82.50,都市：其他:第一種住宅區,1,1,全筆移轉,02600043
RPQNMLKLJHLGFDK18DA,龍椅段,.22,都市：其他:第一種住宅區,60,1,持分移轉,02600061
RPQNMLKLJHLGFDK18DA,龍椅段,.22,都市：其他:第一種住宅區,60,1,持分移轉,02600062
RPQNMLKLJHLGFDK18DA,龍椅段,1.36,都市：其他:第一種住宅區,60,1,持分移轉,02600063
RPPNMLOJJHLGFDK28DA,天聲段,64.62,都市：其他:住宅區,1,1,全筆移轉,07690000
RPPNMLOJJHLGFDK28DA,天聲段,.55,都市：其他:住宅區,4200,14,持分移轉,07790000
RPPNMLOJJHLGFDK28DA,天聲段,59.75,都市：其他:住宅區,1,1,全筆移轉,07890000
RPPNMLOJJHLGFDK28DA,天聲段,62.04,都市：其他:住宅區,1,1,全筆移轉,07900000
RPPNMLOJJHLGFDK28DA,天聲段,.12,都市：其他:住宅區,4200,14,持分移轉,08020000
RPQNMLLJKIKGFFK38DA,後湖段,37.74,都市：其他:住宅區,1,1,全筆移轉,05560000
RPQNMLLJKIKGFFK38DA,後湖段,16.15,都市：其他:住宅區,1,1,全筆移轉,05570000
RPQNMLLJKIKGFFK38DA,後湖段,7.75,都市：其他:住宅區,26,1,持分移轉,05860000
RPQNMLLJKIKGFFK38DA,後湖段,1.37,都市：其他:住宅區,26,1,持分移轉,05870000
RPQNMLLJKIKGFFK38DA,後湖段,111.83,都市：其他:住宅區,1,1,全筆移轉,05940000
RPQNMLLJKIKGFFK38DA,後湖段,4.22,都市：其他:道路用地,1,1,全筆移轉,05950000
RPQNMLLJKIKGFFK38DA,後湖段,31.07,都市：其他:道路用地,1,1,全筆移轉,05960000
RPQNMLLJKIKGFFK38DA,後湖段,23.17,都市：其他:住宅區,1,1,全筆移轉,05970000
RPQNMLLJKIKGFFK38DA,後湖段,22.88,都市：其他:住宅區,1,1,全筆移轉,05980000
RPUSMLSLJHLGFDK27DA,淡文湖段,872.00,非都市：特定農業區 ; 非都市編定：農牧用地,1,1,全筆移轉,11560001
RPUSMLSLJHLGFDK27DA,淡文湖段,254.00,非都市：特定農業區 ; 非都市編定：農牧用地,1,1,全筆移轉,11560004
RPQNMLSKKIKGFBK88EA,聯大段,33.15,非都市：山坡地保育區 ; 非都市編定：農牧用地,12,5,持分移轉,25120001
RPUSMLSLJHLGFDK27DA,淡文湖段,334.00,非都市：特定農業區 ; 非都市編定：農牧用地,1,1,全筆移轉,11570000
RPUSMLSLJHLGFDK27DA,淡文湖段,198.00,非都市：河川區 ; 非都市編定：農牧用地,1,1,全筆移轉,11570002
RPUSMLSLJHLGFDK27DA,淡文湖段,743.00,非都市：特定農業區 ; 非都市編定：農牧用地,1,1,全筆移轉,11580000
RPUSMLSLJHLGFDK27DA,淡文湖段,193.00,非都市：特定農業區 ; 非都市編定：農牧用地,1,1,全筆移轉,11580002
RPRNMLSKKIKGFBK98EA,南勢段,1.42,非都市：山坡地保育區 ; 非都市編定：農牧用地,150000,7485,持分移轉,00260005
RPRNMLSKKIKGFBK98EA,南勢段,2.05,非都市：山坡地保育區 ; 非都市編定：農牧用地,150000,7485,持分移轉,00260006
RPRNMLSKKIKGFBK98EA,南勢段,20.51,非都市：山坡地保育區 ; 非都市編定：農牧用地,150000,7485,持分移轉,00260007
RPPNMLSKKIKGFBK78EA,聯大段,19.89,非都市：山坡地保育區 ; 非都市編定：農牧用地,12,3,持分移轉,25120001
RPUNMLSKKIKGFBK66EA,南勢段,1.89,非都市：山坡地保育區 ; 非都市編定：農牧用地,20000,1330,持分移轉,00260005
RPUNMLSKKIKGFBK66EA,南勢段,2.73,非都市：山坡地保育區 ; 非都市編定：農牧用地,20000,1330,持分移轉,00260006
RPUNMLSKKIKGFBK66EA,南勢段,27.33,非都市：山坡地保育區 ; 非都市編定：農牧用地,20000,1330,持分移轉,00260007
RPSNMLSKKIKGFBK09EA,南勢段,.36,非都市：山坡地保育區 ; 非都市編定：農牧用地,600000,7485,持分移轉,00260005
RPSNMLSKKIKGFBK09EA,南勢段,.51,非都市：山坡地保育區 ; 非都市編定：農牧用地,600000,7485,持分移轉,00260006
RPSNMLSKKIKGFBK09EA,南勢段,5.13,非都市：山坡地保育區 ; 非都市編定：農牧用地,600000,7485,持分移轉,00260007
RPWSMLSLJHLGFDK47DA,淡文湖段,622.50,非都市：特定農業區 ; 非都市編定：農牧用地,2,1,持分移轉,11600000
RPWSMLSLJHLGFDK47DA,淡文湖段,622.50,非都市：特定農業區 ; 非都市編定：農牧用地,2,1,持分移轉,11600000
RPTNMLSKKIKGFBK56EA,南勢段,.36,非都市：山坡地保育區 ; 非都市編定：農牧用地,40000,499,持分移轉,00260005
RPTNMLSKKIKGFBK56EA,南勢段,.51,非都市：山坡地保育區 ; 非都市編定：農牧用地,40000,499,持分移轉,00260006
RPTNMLSKKIKGFBK56EA,南勢段,5.13,非都市：山坡地保育區 ; 非都市編定：農牧用地,40000,499,持分移轉,00260007
RPQOMLSKKIKGFBK98EA,南勢段,4.73,非都市：山坡地保育區 ; 非都市編定：農牧用地,12000,1996,持分移轉,00260005
RPQOMLSKKIKGFBK98EA,南勢段,6.83,非都市：山坡地保育區 ; 非都市編定：農牧用地,12000,1996,持分移轉,00260006
RPQOMLSKKIKGFBK98EA,南勢段,68.36,非都市：山坡地保育區 ; 非都市編定：農牧用地,12000,1996,持分移轉,00260007
RPWNMLSKKIKGFBK86EA,南勢段,1.18,非都市：山坡地保育區 ; 非都市編定：農牧用地,12000,499,持分移轉,00260005
RPWNMLSKKIKGFBK86EA,南勢段,1.71,非都市：山坡地保育區 ; 非都市編定：農牧用地,12000,499,持分移轉,00260006
RPWNMLSKKIKGFBK86EA,南勢段,17.09,非都市：山坡地保育區 ; 非都市編定：農牧用地,12000,499,持分移轉,00260007
RPPOMLSKKIKGFBK88EA,南勢段,1.18,非都市：山坡地保育區 ; 非都市編定：農牧用地,12000,499,持分移轉,00260005
RPPOMLSKKIKGFBK88EA,南勢段,1.71,非都市：山坡地保育區 ; 非都市編定：農牧用地,12000,499,持分移轉,00260006
RPPOMLSKKIKGFBK88EA,南勢段,17.09,非都市：山坡地保育區 ; 非都市編定：農牧用地,12000,499,持分移轉,00260007
RPTNMLTKKIKGFFK96DA,六合段,16.62,都市：其他:商業區,10000,473,持分移轉,00170000
RPOOMLSKKIKGFBK78EA,南勢段,1.18,非都市：山坡地保育區 ; 非都市編定：農牧用地,12000,499,持分移轉,00260005
RPOOMLSKKIKGFBK78EA,南勢段,1.71,非都市：山坡地保育區 ; 非都市編定：農牧用地,12000,499,持分移轉,00260006
RPTNMLTKKIKGFFK96DA,六合段,11.27,都市：其他:商業區,10000,473,持分移轉,00200000
RPOOMLSKKIKGFBK78EA,南勢段,17.09,非都市：山坡地保育區 ; 非都市編定：農牧用地,12000,499,持分移轉,00260007
SPUSMLSLJHLGFDK37DA,淡文湖段,2458.00,非都市：特定農業區 ; 非都市編定：農牧用地,1,1,全筆移轉,11590000
RPVNMLSKKIKGFBK76EA,南勢段,1.42,非都市：山坡地保育區 ; 非都市編定：農牧用地,20000,998,持分移轉,00260005
RPVNMLSKKIKGFBK76EA,南勢段,2.05,非都市：山坡地保育區 ; 非都市編定：農牧用地,20000,998,持分移轉,00260006
RPVNMLSKKIKGFBK76EA,南勢段,20.51,非都市：山坡地保育區 ; 非都市編定：農牧用地,20000,998,持分移轉,00260007
RPXNMLSKKIKGFBK96EA,南勢段,1.18,非都市：山坡地保育區 ; 非都市編定：農牧用地,12000,499,持分移轉,00260005
RPXNMLSKKIKGFBK96EA,南勢段,1.71,非都市：山坡地保育區 ; 非都市編定：農牧用地,12000,499,持分移轉,00260006
RPXNMLSKKIKGFBK96EA,南勢段,17.09,非都市：山坡地保育區 ; 非都市編定：農牧用地,12000,499,持分移轉,00260007
RPROMLSKKIKGFBK09EA,南勢段,1.89,非都市：山坡地保育區 ; 非都市編定：農牧用地,12000,798,持分移轉,00260005
RPROMLSKKIKGFBK09EA,南勢段,2.73,非都市：山坡地保育區 ; 非都市編定：農牧用地,12000,798,持分移轉,00260006
RPROMLSKKIKGFBK09EA,南勢段,27.33,非都市：山坡地保育區 ; 非都市編定：農牧用地,12000,798,持分移轉,00260007
RPTOMLSKKIKGFBK66EA,南勢段,3.20,非都市：山坡地保育區 ; 非都市編定：農牧用地,120000,13473,持分移轉,00260005
RPTOMLSKKIKGFBK66EA,南勢段,4.61,非都市：山坡地保育區 ; 非都市編定：農牧用地,120000,13473,持分移轉,00260006
RPSOMLSKKIKGFBK56EA,南勢段,.36,非都市：山坡地保育區 ; 非都市編定：農牧用地,120000,1497,持分移轉,00260005
RPTOMLSKKIKGFBK66EA,南勢段,46.14,非都市：山坡地保育區 ; 非都市編定：農牧用地,120000,13473,持分移轉,00260007
RPSOMLSKKIKGFBK56EA,南勢段,.51,非都市：山坡地保育區 ; 非都市編定：農牧用地,120000,1497,持分移轉,00260006
RPSOMLSKKIKGFBK56EA,南勢段,5.13,非都市：山坡地保育區 ; 非都市編定：農牧用地,120000,1497,持分移轉,00260007
RPWPMLSKKIKGFBK07EA,南勢段,.89,非都市：山坡地保育區 ; 非都市編定：農牧用地,240000,7485,持分移轉,00260005
RPUOMLSKKIKGFBK76EA,南勢段,.18,非都市：山坡地保育區 ; 非都市編定：農牧用地,240000,1497,持分移轉,00260005
RPWPMLSKKIKGFBK07EA,南勢段,1.28,非都市：山坡地保育區 ; 非都市編定：農牧用地,240000,7485,持分移轉,00260006
RPUOMLSKKIKGFBK76EA,南勢段,.26,非都市：山坡地保育區 ; 非都市編定：農牧用地,240000,1497,持分移轉,00260006
RPWPMLSKKIKGFBK07EA,南勢段,12.82,非都市：山坡地保育區 ; 非都市編定：農牧用地,240000,7485,持分移轉,00260007
RPUOMLSKKIKGFBK76EA,南勢段,2.56,非都市：山坡地保育區 ; 非都市編定：農牧用地,240000,1497,持分移轉,00260007
RPUPMLSKKIKGFBK86EA,南勢段,.09,非都市：山坡地保育區 ; 非都市編定：農牧用地,480000,1497,持分移轉,00260005
RPUPMLSKKIKGFBK86EA,南勢段,.13,非都市：山坡地保育區 ; 非都市編定：農牧用地,480000,1497,持分移轉,00260006
RPUPMLSKKIKGFBK86EA,南勢段,1.28,非都市：山坡地保育區 ; 非都市編定：農牧用地,480000,1497,持分移轉,00260007
RPVOMLSKKIKGFBK86EA,南勢段,.18,非都市：山坡地保育區 ; 非都市編定：農牧用地,240000,1497,持分移轉,00260005
RPOPMLSKKIKGFBK88EA,南勢段,.47,非都市：山坡地保育區 ; 非都市編定：農牧用地,120000,1996,持分移轉,00260005
RPVOMLSKKIKGFBK86EA,南勢段,.26,非都市：山坡地保育區 ; 非都市編定：農牧用地,240000,1497,持分移轉,00260006
RPOPMLSKKIKGFBK88EA,南勢段,.68,非都市：山坡地保育區 ; 非都市編定：農牧用地,120000,1996,持分移轉,00260006
RPVOMLSKKIKGFBK86EA,南勢段,2.56,非都市：山坡地保育區 ; 非都市編定：農牧用地,240000,1497,持分移轉,00260007
RPOPMLSKKIKGFBK88EA,南勢段,6.84,非都市：山坡地保育區 ; 非都市編定：農牧用地,120000,1996,持分移轉,00260007
RPXOMLSKKIKGFBK07EA,南勢段,.47,非都市：山坡地保育區 ; 非都市編定：農牧用地,120000,2000,持分移轉,00260005
RPXOMLSKKIKGFBK07EA,南勢段,.68,非都市：山坡地保育區 ; 非都市編定：農牧用地,120000,2000,持分移轉,00260006
RPXOMLSKKIKGFBK07EA,南勢段,6.85,非都市：山坡地保育區 ; 非都市編定：農牧用地,120000,2000,持分移轉,00260007
RPVPMLSKKIKGFBK96EA,南勢段,.89,非都市：山坡地保育區 ; 非都市編定：農牧用地,240000,7485,持分移轉,00260005
RPVPMLSKKIKGFBK96EA,南勢段,1.28,非都市：山坡地保育區 ; 非都市編定：農牧用地,240000,7485,持分移轉,00260006
RPVPMLSKKIKGFBK96EA,南勢段,12.82,非都市：山坡地保育區 ; 非都市編定：農牧用地,240000,7485,持分移轉,00260007
RPXPMLSKKIKGFBK17EA,南勢段,3.20,非都市：山坡地保育區 ; 非都市編定：農牧用地,120000,13473,持分移轉,00260005
RPXPMLSKKIKGFBK17EA,南勢段,4.61,非都市：山坡地保育區 ; 非都市編定：農牧用地,120000,13473,持分移轉,00260006
RPXPMLSKKIKGFBK17EA,南勢段,46.14,非都市：山坡地保育區 ; 非都市編定：農牧用地,120000,13473,持分移轉,00260007
RPPPMLSKKIKGFBK98EA,南勢段,.47,非都市：山坡地保育區 ; 非都市編定：農牧用地,120000,1996,持分移轉,00260005
RPPPMLSKKIKGFBK98EA,南勢段,.68,非都市：山坡地保育區 ; 非都市編定：農牧用地,120000,1996,持分移轉,00260006
RPOQMLSKKIKGFBK98EA,南勢段,.47,非都市：山坡地保育區 ; 非都市編定：農牧用地,60,1,持分移轉,00260005
RPPPMLSKKIKGFBK98EA,南勢段,6.84,非都市：山坡地保育區 ; 非都市編定：農牧用地,120000,1996,持分移轉,00260007
RPOQMLSKKIKGFBK98EA,南勢段,.68,非都市：山坡地保育區 ; 非都市編定：農牧用地,60,1,持分移轉,00260006
RPOQMLSKKIKGFBK98EA,南勢段,6.85,非都市：山坡地保育區 ; 非都市編定：農牧用地,60,1,持分移轉,00260007
RPWOMLSKKIKGFBK96EA,南勢段,.47,非都市：山坡地保育區 ; 非都市編定：農牧用地,120000,1996,持分移轉,00260005
RPWOMLSKKIKGFBK96EA,南勢段,.68,非都市：山坡地保育區 ; 非都市編定：農牧用地,120000,1996,持分移轉,00260006
RPWOMLSKKIKGFBK96EA,南勢段,6.84,非都市：山坡地保育區 ; 非都市編定：農牧用地,120000,1996,持分移轉,00260007
RPRPMLPKJHLGFDK88DA,頂埔段,2082.03,都市：其他:農業區,1,1,全筆移轉,09030000
RPRPMLPKJHLGFDK88DA,頂埔段,960.03,都市：其他:農業區,1,1,全筆移轉,09070000
RPROMLSLJHLGFBK98DA,文峰段,101.00,都市：其他:住宅區,1,1,全筆移轉,06660001
RPSPMLSKKIKGFBK66EA,南勢段,.09,非都市：山坡地保育區 ; 非都市編定：農牧用地,480000,1497,持分移轉,00260005
RPSPMLSKKIKGFBK66EA,南勢段,.13,非都市：山坡地保育區 ; 非都市編定：農牧用地,480000,1497,持分移轉,00260006
RPSPMLSKKIKGFBK66EA,南勢段,1.28,非都市：山坡地保育區 ; 非都市編定：農牧用地,480000,1497,持分移轉,00260007
RPTPMLSKKIKGFBK76EA,南勢段,.09,非都市：山坡地保育區 ; 非都市編定：農牧用地,480000,1497,持分移轉,00260005
RPTPMLSKKIKGFBK76EA,南勢段,.13,非都市：山坡地保育區 ; 非都市編定：農牧用地,480000,1497,持分移轉,00260006
RPTPMLSKKIKGFBK76EA,南勢段,1.28,非都市：山坡地保育區 ; 非都市編定：農牧用地,480000,1497,持分移轉,00260007
RPRPMLSKKIKGFBK56EA,南勢段,.09,非都市：山坡地保育區 ; 非都市編定：農牧用地,480000,1497,持分移轉,00260005
RPRPMLSKKIKGFBK56EA,南勢段,.13,非都市：山坡地保育區 ; 非都市編定：農牧用地,480000,1497,持分移轉,00260006
RPRPMLSKKIKGFBK56EA,南勢段,1.28,非都市：山坡地保育區 ; 非都市編定：農牧用地,480000,1497,持分移轉,00260007
RPRNMLLMIIKGFFK58DA,上興段,20.38,非都市：山坡地保育區 ; 非都市編定：丙種建築用地,100000,268,持分移轉,10800000
RPSNMLTLJHLGFCK56DA,湖內段,1255.00,非都市：山坡地保育區 ; 非都市編定：農牧用地,2,1,持分移轉,04690027
RPQPMLSKKIKGFBK09EA,南勢段,.06,非都市：山坡地保育區 ; 非都市編定：農牧用地,24000,48,持分移轉,00260005
RPQPMLSKKIKGFBK09EA,南勢段,.08,非都市：山坡地保育區 ; 非都市編定：農牧用地,24000,48,持分移轉,00260006
RPQPMLSKKIKGFBK09EA,南勢段,.82,非都市：山坡地保育區 ; 非都市編定：農牧用地,24000,48,持分移轉,00260007
RPVNMLTJKHLGFDK86DA,過港段,63.00,非都市：山坡地保育區 ; 非都市編定：農牧用地,4,2,持分移轉,03740001
RPVNMLTJKHLGFDK86DA,過港段,1920.60,非都市：山坡地保育區 ; 非都市編定：農牧用地,60,22,持分移轉,03800000
RPVNMLTJKHLGFDK86DA,過港段,401.00,非都市：山坡地保育區 ; 非都市編定：農牧用地,6,2,持分移轉,03800002
RPVNMLTJKHLGFDK86DA,過港段,142.33,非都市：山坡地保育區 ; 非都市編定：農牧用地,6,2,持分移轉,03820000
RPVNMLTJKHLGFDK86DA,過港段,196.88,非都市：山坡地保育區 ; 非都市編定：農牧用地,16,6,持分移轉,10050008
RPUNMLTJKHLGFDK76DA,龍頂段,476.81,都市：其他:第一種住宅區,1,1,全筆移轉,02020000
RPSNMLTKKIKGFCK56DA,苑南段,109.74,都市：其他:商業區,1,1,全筆移轉,00140000
RPOOMLTJKHLGFBK68DA,嘉盛段,678.00,都市：其他:農業區,1,1,全筆移轉,12400001
RPOOMLTJKHLGFBK68DA,嘉盛段,1192.00,非都市：特定農業區 ; 非都市編定：農牧用地,1,1,全筆移轉,12400003
RPSNMLTKKIKGFCK56DA,苑南段,7.02,都市：其他:道路用地,1,1,全筆移轉,00140001
RPSNMLTKKIKGFCK56DA,苑南段,.77,都市：其他:道路用地,1,1,全筆移轉,00140002
RPVNMLPKKIKGFFK76DA,親民段,58.64,非都市：山坡地保育區 ; 非都市編定：丙種建築用地,15,1,持分移轉,01670000
RPRNMLTJKIKGFCK98DA,田寮段,1.48,非都市：特定農業區 ; 非都市編定：甲種建築用地,21,1,持分移轉,04650010
RPQNMLQKKIKGFAK48DA,水頭寮段,2494.37,非都市：山坡地保育區 ; 非都市編定：林業用地,1,1,全筆移轉,08510000
RPRNMLTJKIKGFCK98DA,田寮段,6.09,非都市：特定農業區 ; 非都市編定：甲種建築用地,22,1,持分移轉,04650011
RPRNMLTJKIKGFCK98DA,田寮段,14.57,非都市：特定農業區 ; 非都市編定：甲種建築用地,21,1,持分移轉,04650012
RPRNMLTJKIKGFCK98DA,田寮段,102.00,非都市：特定農業區 ; 非都市編定：甲種建築用地,1,1,全筆移轉,04650013
RPRNMLTJKIKGFCK98DA,田寮段,11.00,非都市：特定農業區 ; 非都市編定：農牧用地,1,1,全筆移轉,04720007
RPQNMLQKKIKGFAK48DA,水頭寮段,183.66,非都市：山坡地保育區 ; 非都市編定：林業用地,1,1,全筆移轉,08590000
RPQNMLQKKIKGFAK48DA,水頭寮段,59.96,非都市：山坡地保育區 ; 非都市編定：丙種建築用地,1,1,全筆移轉,08660000
RPQNMLQKKIKGFAK48DA,水頭寮段,60.94,非都市：山坡地保育區 ; 非都市編定：丙種建築用地,1,1,全筆移轉,08670000
RPRNMLRLJIKGFFK56DA,蘆竹湳段蘆竹湳小段,90.00,都市：其他:道路用地,1,1,全筆移轉,04430000
RPRNMLRLJIKGFFK56DA,蘆竹湳段蘆竹湳小段,1648.00,都市：其他:工業區,1,1,全筆移轉,04430006
RPVNMLRKJIKGFBK09DA,齊佳段,73.58,都市：其他:住宅區,1,1,全筆移轉,08560013
RPRNMLNJKIKGFDK48DA,溪洲段,2715.87,非都市：特定農業區 ; 非都市編定：農牧用地,1,1,全筆移轉,04150000
RPRNMLNJKIKGFDK48DA,溪洲段,165.29,非都市：特定農業區 ; 非都市編定：農牧用地,1,1,全筆移轉,04150001
RPRNMLNJKIKGFDK48DA,溪洲段,2406.47,非都市：特定農業區 ; 非都市編定：農牧用地,1,1,全筆移轉,04240000
RPRNMLNJKIKGFDK48DA,溪洲段,97.10,非都市：特定農業區 ; 非都市編定：農牧用地,1,1,全筆移轉,04270000
RPPNMLPKKIKGFEK68DA,新雞隆段,2837.00,非都市：山坡地保育區 ; 非都市編定：農牧用地,1,1,全筆移轉,17930627
RPPNMLOLKIKGFDK68EA,竹圍段,67.00,非都市：鄉村區 ; 非都市編定：乙種建築用地,1,1,全筆移轉,06340000
RPRNMLTJIIKGFFK09DA,興埔段,3358.98,非都市：一般農業區 ; 非都市編定：農牧用地,1,1,全筆移轉,07640000
RPOOMLOJKHLGFFK58DA,灣銅段,994.96,都市：其他:乙種工業區,1,1,全筆移轉,03900001
RPOOMLOJKHLGFFK58DA,灣銅段,370.14,都市：其他:道路用地,1,1,全筆移轉,03900002
RPRNMLOLJIKGFBK48DA,五谷岡段,343.00,都市：其他:農業區,1,1,全筆移轉,07730003
RPQNMLOLJIKGFBK38DA,五谷岡段,1051.00,都市：其他:乙種工業區,1,1,全筆移轉,07730001
RPRNMLNLKIKGFBK48DA,高苗段,41.88,都市：其他:住宅區,16,1,持分移轉,04720000
RPRNMLNLKIKGFBK48DA,高苗段,2.29,都市：其他:住宅區,80,1,持分移轉,05090000
RPRNMLNLKIKGFBK48DA,高苗段,1.31,都市：其他:住宅區,80,1,持分移轉,05100000
RPTNMLNLKIKGFBK68DA,高苗段,41.88,都市：其他:住宅區,16,1,持分移轉,04720000
RPTNMLNLKIKGFBK68DA,高苗段,2.29,都市：其他:住宅區,80,1,持分移轉,05090000
RPTNMLNLKIKGFBK68DA,高苗段,1.31,都市：其他:住宅區,80,1,持分移轉,05100000
RPQNMLNLKIKGFBK38DA,高苗段,41.88,都市：其他:住宅區,16,1,持分移轉,04720000
RPQNMLNLKIKGFBK38DA,高苗段,2.29,都市：其他:住宅區,80,1,持分移轉,05090000
RPQNMLNLKIKGFBK38DA,高苗段,1.31,都市：其他:住宅區,80,1,持分移轉,05100000
RPQNMLTKKIKGFFK66DA,六合段,12.19,都市：其他:商業區,10000,347,持分移轉,00170000
RPQNMLTKKIKGFFK66DA,六合段,8.26,都市：其他:商業區,10000,347,持分移轉,00200000
RPWNMLQKKIKGFDK76DA,東平段,37.91,都市：其他:商業區,2,1,持分移轉,01410000
RPWNMLQKKIKGFDK76DA,東平段,34.12,都市：其他:商業區,20,9,持分移轉,01410000
RPWNMLQKKIKGFDK76DA,東平段,3.79,都市：其他:商業區,20,1,持分移轉,01410000
RPSNMLTLKIKGFFK96DA,濫坑段,491.00,非都市：山坡地保育區 ; 非都市編定：丙種建築用地,1,1,全筆移轉,08120007
RPRNMLSJIIKGFFK98DA,興隆段上埔小段,2279.00,都市：其他:農業區,1,1,全筆移轉,01540000
RPSNMLTLKIKGFFK96DA,濫坑段,106.40,非都市：山坡地保育區 ; 非都市編定：丙種建築用地,3050,1064,持分移轉,08120009
RPSNMLTLKIKGFFK96DA,濫坑段,223.00,非都市：山坡地保育區 ; 非都市編定：農牧用地,1,1,全筆移轉,08120011
RPSNMLTLKIKGFFK96DA,濫坑段,24.70,非都市：山坡地保育區 ; 非都市編定：農牧用地,880,247,持分移轉,08120012
RPSNMLTLKIKGFFK96DA,濫坑段,295.00,非都市：山坡地保育區 ; 非都市編定：農牧用地,1,1,全筆移轉,08120014
RPRNMLKMKIKGFBK28DA,南勢坑段上南勢坑小段,18.31,非都市：山坡地保育區 ; 非都市編定：丙種建築用地,10000,336,持分移轉,08080000
RPRNMLKMKIKGFBK28DA,南勢坑段上南勢坑小段,5.38,非都市：山坡地保育區 ; 非都市編定：交通用地,10000,336,持分移轉,08080009
RPRNMLKMKIKGFBK28DA,南勢坑段上南勢坑小段,92.00,非都市：山坡地保育區 ; 非都市編定：丙種建築用地,1,1,全筆移轉,08080021
RPRNMLKMKIKGFBK28DA,南勢坑段上南勢坑小段,1.61,非都市：山坡地保育區 ; 非都市編定：丙種建築用地,10000,336,持分移轉,08080024
RPRNMLKMKIKGFBK28DA,南勢坑段上南勢坑小段,.57,非都市：山坡地保育區 ; 非都市編定：丙種建築用地,10000,336,持分移轉,08080025
RPRNMLKMKIKGFBK28DA,南勢坑段上南勢坑小段,1.68,非都市：山坡地保育區 ; 非都市編定：丙種建築用地,10000,336,持分移轉,08080026
RPRNMLTKJIKGFDK09DA,龍鳳西段,408.00,都市：其他:住宅區,1,1,全筆移轉,03610000
RPQNMLOKJHLGFFK68DA,蟠桃段忠孝小段,3.10,都市：其他:住宅區,10000,233,持分移轉,02650000
RPQNMLOKJHLGFFK68DA,蟠桃段忠孝小段,5.66,都市：其他:住宅區,10000,233,持分移轉,02650001
RPTNMLOKJHLGFBK58DA,高苗段,41.88,都市：其他:住宅區,16,1,持分移轉,04720000
RPTNMLOKJHLGFBK58DA,高苗段,2.29,都市：其他:住宅區,80,1,持分移轉,05090000
RPTNMLOKJHLGFBK58DA,高苗段,1.31,都市：其他:住宅區,80,1,持分移轉,05100000
RPSNMLOKJHLGFBK48DA,高苗段,41.88,都市：其他:住宅區,16,1,持分移轉,04720000
RPSNMLOKJHLGFBK48DA,高苗段,2.29,都市：其他:住宅區,80,1,持分移轉,05090000
RPSNMLOKJHLGFBK48DA,高苗段,1.31,都市：其他:住宅區,80,1,持分移轉,05100000
RPUNMLOKJHLGFBK68DA,高苗段,41.88,都市：其他:住宅區,16,1,持分移轉,04720000
RPUNMLOKJHLGFBK68DA,高苗段,2.29,都市：其他:住宅區,80,1,持分移轉,05090000
RPUNMLOKJHLGFBK68DA,高苗段,1.31,都市：其他:住宅區,80,1,持分移轉,05100000
RPVNMLQKKIKGFDK66DA,東平段,14.51,都市：其他:住宅區,20000,486,持分移轉,02380000
RPVNMLQKKIKGFDK66DA,東平段,14.51,都市：其他:住宅區,20000,486,持分移轉,02380000
RPSNMLSJIIKGFFK09DA,興隆段上埔小段,1457.00,都市：其他:農業區,1,1,全筆移轉,01550000
RPRNMLSLJHLGFCK98DA,慈護段,76.21,非都市：鄉村區 ; 非都市編定：乙種建築用地,1,1,全筆移轉,11090000
RPPNMLLLIIKGFCK97DA,下坪段,758.59,非都市：一般農業區 ; 非都市編定：水利用地,1,1,全筆移轉,05720000
RPPNMLLLIIKGFCK97DA,下坪段,497.08,非都市：一般農業區 ; 非都市編定：農牧用地,1,1,全筆移轉,06180000
RPPNMLLLIIKGFCK97DA,下坪段,390.89,非都市：一般農業區 ; 非都市編定：丙種建築用地,1,1,全筆移轉,06210000
RPPNMLLLIIKGFCK97DA,下坪段,245.16,非都市：一般農業區 ; 非都市編定：丙種建築用地,1,1,全筆移轉,06220000
RPQNMLTKJHLGFFK56DA,信義段,93.38,都市：其他:住宅區,1,1,全筆移轉,10780000
RPQNMLQKIIKGFDK58DA,新博愛段,379.92,都市：其他:住宅區,1,1,全筆移轉,05480000
RPRNMLQLQHKGFBK66DA,巨蛋段,118.34,都市：其他:住宅區,1,1,全筆移轉,10030000
RPWNMLTLJHLGFBK86DA,中義段,17.38,非都市：特定農業區 ; 非都市編定：甲種建築用地,60,6,持分移轉,07010000
RPPNMLNJKHLGFAK08EA,大坪林段,1899.00,非都市：山坡地保育區 ; 非都市編定：農牧用地,1,1,全筆移轉,00570001
RPPNMLNJKHLGFAK08EA,大坪林段,380.00,非都市：山坡地保育區 ; 非都市編定：農牧用地,1,1,全筆移轉,15370000
RPPNMLSKJHLGFFK98DA,風美段,6255.00,非都市：山坡地保育區 ; 非都市編定：農牧用地,1,1,全筆移轉,00100000
RPPNMLSKJHLGFFK98DA,風美段,6625.00,非都市：山坡地保育區 ; 非都市編定：農牧用地,1,1,全筆移轉,00100001
RPPNMLMKIIKGFBK87DA,福南段,34.50,非都市：特定農業區 ; 非都市編定：甲種建築用地,2,1,持分移轉,04000001
RPPNMLMKIIKGFBK87DA,福南段,2.00,非都市：特定農業區 ; 非都市編定：甲種建築用地,2,1,持分移轉,04010001
RPSNMLMLKIKGFBK48DA,福全段,639.04,都市：其他:農業區,198810,51042,持分移轉,18280000
RPRNMLMLKIKGFBK38DA,福全段,1159.02,都市：其他:農業區,33135,24628,持分移轉,18370000
RPTNMLQLJIKGFDK09DA,龍東段,32.31,都市：其他:商業區,514,135,持分移轉,02790000
RPTNMLQLJIKGFDK09DA,龍東段,32.31,都市：其他:商業區,514,135,持分移轉,02790000
RPRNMLPJRHKGFDK66DA,新興段,270.14,非都市：鄉村區 ; 非都市編定：乙種建築用地,258566400,22383360,持分移轉,08720000
RPTNMLQLJIKGFDK09DA,龍東段,28.89,都市：其他:道路用地,514,135,持分移轉,02790001
RPTNMLQLJIKGFDK09DA,龍東段,28.89,都市：其他:道路用地,514,135,持分移轉,02790001
RPTNMLQLJIKGFDK09DA,龍東段,55.50,都市：其他:商業區,2,1,持分移轉,02810000
RPTNMLQLJIKGFDK09DA,龍東段,55.50,都市：其他:商業區,2,1,持分移轉,02810000
RPQNMLMKJHLGFFK48DA,斗煥段,59.44,非都市：鄉村區 ; 非都市編定：乙種建築用地,1,1,全筆移轉,03050000
RPQNMLQLKIKGFBK68DA,新福麗段,.68,非都市：山坡地保育區 ; 非都市編定：丙種建築用地,100000,2636,持分移轉,08610000
RPRNMLMKJHLGFFK58DA,斗煥段,61.33,非都市：鄉村區 ; 非都市編定：乙種建築用地,1,1,全筆移轉,03040000
RPQNMLQLKIKGFBK68DA,新福麗段,64.60,都市：其他:住宅區,100000,2636,持分移轉,08620000
RPSRMLSLJHLGFDK96DA,淡文湖段,1285.50,非都市：特定農業區 ; 非都市編定：農牧用地,2,1,持分移轉,11610000
RPSRMLSLJHLGFDK96DA,淡文湖段,1285.50,非都市：特定農業區 ; 非都市編定：農牧用地,2,1,持分移轉,11610000
RPSRMLSLJHLGFDK96DA,淡文湖段,1285.50,非都市：特定農業區 ; 非都市編定：農牧用地,2,1,持分移轉,11620000
RPSRMLSLJHLGFDK96DA,淡文湖段,1285.50,非都市：特定農業區 ; 非都市編定：農牧用地,2,1,持分移轉,11620000
RPUNMLSJJHLGFFK76DA,華夏段,38.43,都市：其他:住宅區,100000,2883,持分移轉,06150000
RPSNMLMJLHLGFBK38DA,玉坑段,2536.51,非都市：山坡地保育區 ; 非都市編定：農牧用地,1,1,全筆移轉,06640000
RPRNMLPLKHLGFDK88DA,龍社段,5556.71,非都市：山坡地保育區 ; 非都市編定：農牧用地,2,1,持分移轉,13280001
RPRNMLPLKHLGFDK88DA,龍社段,548.00,非都市：山坡地保育區 ; 非都市編定：農牧用地,2,1,持分移轉,13290000
RPQNMLNKKIKGFBK28DA,三山段,169.73,非都市：山坡地保育區 ; 非都市編定：丙種建築用地,1,1,全筆移轉,13280000
RPSNMLTKKIKGFFK86DA,六合段,11.95,都市：其他:商業區,10000,340,持分移轉,00170000
RPTNMLMKKIKGFDK68DA,大埔段頂大埔小段,1586.00,都市：其他:農業區,1,1,全筆移轉,01670000
RPTNMLMKKIKGFDK68DA,大埔段頂大埔小段,14.00,都市：其他:綠地用地,1,1,全筆移轉,01670001
RPSNMLTKKIKGFFK86DA,六合段,8.10,都市：其他:商業區,10000,340,持分移轉,00200000
RPWNMLSJKIKGFDK86DA,大潭段,5668.92,非都市：山坡地保育區 ; 非都市編定：農牧用地,1,1,全筆移轉,05430000
RPQNMLSJJIKGFDK78DA,立達段,20.01,都市：其他:住宅區,10000,148,持分移轉,00160000
RPQNMLSJJIKGFDK78DA,立達段,67.44,都市：其他:住宅區,1,1,全筆移轉,00160048
RPRNMLQLKIKGFCK88DA,芎蕉坑段,739.00,非都市：山坡地保育區 ; 非都市編定：丙種建築用地,1,1,全筆移轉,00170000
RPTPMLSJKIKGFBK56DA,館陽段,91.00,都市：其他:住宅區,1,1,全筆移轉,02440010
RPXNMLQLKIKGFDK96DA,天聲段,20.56,都市：其他:住宅區,100000,1393,持分移轉,03960000
RPQNMLPJKIKGFFK78DA,仁愛段,26.72,都市：其他:住宅區,10000,51,持分移轉,00410000
RPPNMLOKJHLGFCK28DA,雲天段,18.49,非都市：一般農業區 ; 非都市編定：交通用地,3,1,持分移轉,03140000
RPPNMLOKJHLGFCK28DA,雲天段,22.31,非都市：一般農業區 ; 非都市編定：交通用地,3,1,持分移轉,03240000
RPRNMLQJJHLGFDK68DA,新山佳段,33.42,都市：其他:住宅區,8,1,持分移轉,06820000
RPQNMLMJJHLGFAK87DA,大窩段,491.77,非都市：山坡地保育區 ; 非都市編定：農牧用地,15,2,持分移轉,06800000
RPQNMLMJJHLGFAK87DA,大窩段,2680.94,非都市：山坡地保育區 ; 非都市編定：農牧用地,1,1,全筆移轉,06800006
RPQNMLMJJHLGFAK87DA,大窩段,2500.80,非都市：山坡地保育區 ; 非都市編定：農牧用地,1,1,全筆移轉,06800007
RPPNMLKMKIKGFDK28DA,淡文湖段,15.93,非都市：山坡地保育區 ; 非都市編定：丙種建築用地,10000,96,持分移轉,03580015
RPWOMLLLJHLGFDK98DA,龍椅段,59.52,都市：其他:第一種住宅區,1000000,48324,持分移轉,02680000
RPQNMLSJJHLGFBK58DA,高苗段,86.58,非都市：鄉村區 ; 非都市編定：乙種建築用地,1,1,全筆移轉,08130000
RPTNMLNJJIKGFFK78DA,仁愛段,29.88,都市：其他:住宅區,10000,53,持分移轉,00490000
RPQNMLMJJHLGFEK28DA,八櫃段,6204.98,非都市：山坡地保育區 ; 非都市編定：農牧用地,1,1,全筆移轉,08230000
RPQNMLMJJHLGFEK28DA,八櫃段,2856.72,非都市：山坡地保育區 ; 非都市編定：農牧用地,1,1,全筆移轉,08260000
RPQNMLKMKIKGFFK58DA,六合段,15.74,都市：其他:商業區,10000,448,持分移轉,00170000
RPQNMLKMKIKGFFK58DA,六合段,10.67,都市：其他:商業區,10000,448,持分移轉,00200000
RPQWMLRJJHLGFDK96DA,龍富段,31.25,都市：其他:第二種住宅區,100000,7680,持分移轉,06140000
RPPOMLLLJHLGFDK28DA,龍椅段,42.49,都市：其他:第一種住宅區,1000000,34501,持分移轉,02680000
RPQNMLMKKHLGFDK38DA,天聲段,3.60,都市：其他:農業區,5,1,持分移轉,10460002
RPQNMLMKKHLGFDK38DA,天聲段,3.60,都市：其他:農業區,5,1,持分移轉,10460002
RPQNMLMKKHLGFDK38DA,天聲段,3.60,都市：其他:農業區,5,1,持分移轉,10460002
RPQNMLMKKHLGFDK38DA,天聲段,3.60,都市：其他:農業區,5,1,持分移轉,10460002
RPQNMLMKKHLGFDK38DA,天聲段,3.60,都市：其他:農業區,5,1,持分移轉,10460002
RPPNMLLMPHKGFFK98DA,親民段,25.97,非都市：山坡地保育區 ; 非都市編定：丙種建築用地,10000,126,持分移轉,00600000
RPPNMLLMPHKGFFK98DA,親民段,40.64,非都市：山坡地保育區 ; 非都市編定：丙種建築用地,10000,305,持分移轉,00720000
RPQNMLMLPHKGFFK09DA,文化段,90.90,都市：其他:住宅區,1,1,全筆移轉,10350000
RPQNMLMLPHKGFFK09DA,文化段,16.41,都市：其他:住宅區,14,1,持分移轉,10420000
RPPNMLKKKHLGFFK28DA,民族段,235.74,都市：其他:住宅區,1,1,全筆移轉,05040000
RPPNMLKKKHLGFFK28DA,民族段,95.95,都市：其他:住宅區,1,1,全筆移轉,05040001
RPPNMLKKKHLGFFK28DA,東民段,65.94,都市：其他:道路用地,2,1,持分移轉,12100000
RPPOMLKKJIKGFDK08DA,頂埔段,3912.56,都市：其他:農業區,1,1,全筆移轉,08510000
RPRPMLSJKIKGFBK98DA,館陽段,91.00,都市：其他:住宅區,1,1,全筆移轉,02440012
RPPNMLSKKIKGFAK58DA,富興段,44.82,都市：其他:農業區,100,30,持分移轉,01300000
RPPNMLSKKIKGFAK58DA,富興段,3.00,都市：其他:農業區,100,30,持分移轉,01300002
RPPNMLSKKIKGFAK58DA,富興段,6.77,都市：其他:農業區,100,30,持分移轉,01330003
RPPNMLSKKIKGFAK58DA,富興段,157.95,都市：其他:農業區,100,30,持分移轉,01330009
RPRNMLOJKHLGFAK28DA,興榮段,2842.00,非都市：山坡地保育區 ; 非都市編定：農牧用地,1,1,全筆移轉,00340005
RPPNMLSKKIKGFAK58DA,富興段,40.49,都市：其他:農業區,100,30,持分移轉,01430026
RPPNMLSKKIKGFAK58DA,富興段,2.46,都市：其他:農業區,100,30,持分移轉,01430027
RPPNMLSKKIKGFAK58DA,富興段,6.96,都市：其他:農業區,100,30,持分移轉,01430028
RPPNMLSKKIKGFAK58DA,富興段,1703.60,都市：其他:農業區,100,30,持分移轉,01440002
RPPNMLSKKIKGFAK58DA,富興段,32.33,都市：其他:農業區,100,30,持分移轉,01440004
RPPNMLSKKIKGFAK58DA,富興段,35.90,都市：其他:農業區,100,30,持分移轉,01660000
RPPNMLSKKIKGFAK58DA,富興段,252.56,都市：其他:農業區,100,30,持分移轉,01670001
RPPNMLSKKIKGFAK58DA,富興段,145.01,都市：其他:農業區,100,30,持分移轉,01670002
RPPNMLSKKIKGFAK58DA,富興段,1977.60,都市：其他:農業區,100,30,持分移轉,01680000
RPPNMLSKKIKGFAK58DA,富興段,242.19,都市：其他:農業區,100,30,持分移轉,01680001
RPVNMLQKJHLGFFK76DA,東庄段,18.20,都市：其他:住宅區,100000,3303,持分移轉,04890000
RPPNMLMKKHLGFDK28DA,天聲段,31.41,都市：其他:農業區,5,1,持分移轉,10460001
RPPNMLMKKHLGFDK28DA,天聲段,31.41,都市：其他:農業區,5,1,持分移轉,10460001
RPPNMLMKKHLGFDK28DA,天聲段,31.41,都市：其他:農業區,5,1,持分移轉,10460001
RPPNMLMKKHLGFDK28DA,天聲段,31.41,都市：其他:農業區,5,1,持分移轉,10460001
RPPNMLMKKHLGFDK28DA,天聲段,31.41,都市：其他:農業區,5,1,持分移轉,10460001
RPRNMLRKKIKGFFK56DA,自強段,79.35,都市：其他:商業區,1,1,全筆移轉,23540000
RPRNMLRKKIKGFFK56DA,自強段,65.85,都市：其他:商業區,1,1,全筆移轉,23550000
RPRNMLRKKIKGFFK56DA,自強段,3.49,都市：其他:商業區,1,1,全筆移轉,23730000
RPRNMLRKKIKGFFK56DA,自強段,4.70,都市：其他:道路用地,1,1,全筆移轉,23740000
RPSNMLNJJIKGFFK68DA,成功段,.10,都市：其他:住宅區,928,1,持分移轉,07600000
RPSNMLNJJIKGFFK68DA,成功段,.10,都市：其他:住宅區,1440,1,持分移轉,07610000
RPSNMLNJJIKGFFK68DA,成功段,38.15,都市：其他:住宅區,10000,625,持分移轉,07630003
RPVNMLTLJHLGFBK76DA,五鶴段,97.00,非都市：鄉村區 ; 非都市編定：乙種建築用地,1,1,全筆移轉,03960000
RPPNMLMJKHLGFBK97DA,上南段,7880.72,非都市：山坡地保育區 ; 非都市編定：丁種建築用地,1,1,全筆移轉,02140009
RPPNMLMJKHLGFBK97DA,上南段,226.30,非都市：山坡地保育區 ; 非都市編定：丁種建築用地,10000,2319,持分移轉,02140018
RPPNMLMJKHLGFBK97DA,上南段,528.86,非都市：山坡地保育區 ; 非都市編定：丁種建築用地,10000,2424,持分移轉,02140019
RPPNMLMJKHLGFBK97DA,上南段,1165.06,非都市：山坡地保育區 ; 非都市編定：丁種建築用地,1,1,全筆移轉,02140026
RPPNMLMJKHLGFBK97DA,上南段,61.17,非都市：山坡地保育區 ; 非都市編定：交通用地,10000,278,持分移轉,02200000
RPWVMLRJJHLGFDK47DA,光復段,3.02,都市：其他:住宅區,10000,1161,持分移轉,00040000
RPWVMLRJJHLGFDK47DA,光復段,6.25,都市：其他:住宅區,1,1,全筆移轉,00040001
RPWVMLRJJHLGFDK47DA,光復段,80.94,都市：其他:住宅區,1,1,全筆移轉,00040002
RPWVMLRJJHLGFDK47DA,光復段,.61,都市：其他:住宅區,10000,1161,持分移轉,00040012
RPXVMLRJJHLGFDK57DA,光復段,3.09,都市：其他:住宅區,10000,1187,持分移轉,00040000
RPRNMLQLJHLGFBK68DA,嘉福段,34.16,都市：其他:商業區,10000,1758,持分移轉,11410000
RPXVMLRJJHLGFDK57DA,光復段,85.19,都市：其他:住宅區,1,1,全筆移轉,00040003
RPXVMLRJJHLGFDK57DA,光復段,.62,都市：其他:住宅區,10000,1187,持分移轉,00040012
RPUOMLKMJHLGFDK78DA,新山佳段,24.34,都市：其他:住宅區,100000,440,持分移轉,14320000
RPPNMLKKKHLGFDK08DA,新山佳段,16.65,都市：其他:住宅區,100000,301,持分移轉,14320000
RPUNMLPKKIKGFBK88DA,英才段,41.07,都市：其他:住宅區,10000,692,持分移轉,10530000
RPPOMLNLKIKGFDK58DA,龍椅段,45.02,都市：其他:第一種住宅區,10000,896,持分移轉,05880000
RPVNMLKLJHLGFDK68DA,光復段,2.85,都市：其他:住宅區,10000,1096,持分移轉,00040000
RPROMLNLKIKGFDK78DA,龍椅段,34.77,都市：其他:第一種住宅區,10000,692,持分移轉,05880000
RPVNMLKLJHLGFDK68DA,光復段,90.69,都市：其他:住宅區,1,1,全筆移轉,00040008
RPVNMLKLJHLGFDK68DA,光復段,.58,都市：其他:住宅區,10000,1096,持分移轉,00040012
RPQOMLNLKIKGFDK68DA,龍椅段,34.87,都市：其他:第一種住宅區,10000,694,持分移轉,05880000
RPOOMLLLJHLGFFK38DA,八德段,106.46,都市：其他:住宅區,1,1,全筆移轉,12810001
RPPNMLTLJHLGFDK98DA,龍椅段,1.45,都市：其他:第一種住宅區,21,1,持分移轉,02100011
RPPNMLTLJHLGFDK98DA,龍椅段,4.58,都市：其他:第一種住宅區,21,1,持分移轉,02100012
RPPNMLTLJHLGFDK98DA,龍椅段,89.17,都市：其他:第一種住宅區,1,1,全筆移轉,02100013
RPQOMLRKKIKGFFK56DA,八德段,32.75,都市：其他:住宅區,100000,1092,持分移轉,00310000
RPRNMLMLKIKGFDK58DA,龍椅段,46.58,都市：其他:第一種住宅區,10000,927,持分移轉,05880000
RPWNMLMLKIKGFDK09DA,龍椅段,45.02,都市：其他:第一種住宅區,10000,896,持分移轉,05880000
RPWNMLNLKIKGFDK56DA,龍椅段,44.82,都市：其他:第一種住宅區,10000,892,持分移轉,05880000
RPUNMLMLKIKGFDK88DA,龍椅段,34.77,都市：其他:第一種住宅區,10000,692,持分移轉,05880000
RPUQMLKKKHLGFDK88DA,新山佳段,24.34,都市：其他:住宅區,100000,440,持分移轉,14320000
RPPNMLSKKIKGFDK88DA,新生段,15.62,都市：其他:商業區,100000,845,持分移轉,06150000
RPQWMLQLRHKGFFK97DA,仁愛段,49.04,都市：其他:住宅區,10000,87,持分移轉,00350000
RPRWMLQLRHKGFFK08DA,仁愛段,58.06,都市：其他:住宅區,10000,103,持分移轉,00350000
RPTNMLMLKIKGFDK78DA,龍椅段,34.87,都市：其他:第一種住宅區,10000,694,持分移轉,05880000
RPVNMLNLKIKGFDK09DA,龍椅段,34.77,都市：其他:第一種住宅區,10000,692,持分移轉,05880000
RPRUMLQLRHKGFFK87DA,仁愛段,40.02,都市：其他:住宅區,10000,71,持分移轉,00350000
RPOOMLTKKIKGFFK56DA,仁愛段,24.80,都市：其他:住宅區,10000,44,持分移轉,00350000
RPOOMLNLKIKGFDK48DA,龍椅段,34.77,都市：其他:第一種住宅區,10000,692,持分移轉,05880000
RPVQMLQLRHKGFFK87DA,仁愛段,24.80,都市：其他:住宅區,10000,44,持分移轉,00350000
RPQSMLQLRHKGFFK57DA,仁愛段,27.62,都市：其他:住宅區,10000,49,持分移轉,00350000
RPXQMLQLRHKGFFK08DA,仁愛段,24.80,都市：其他:住宅區,10000,44,持分移轉,00350000
RPRNMLQLRHKGFFK17DA,仁愛段,28.75,都市：其他:住宅區,10000,51,持分移轉,00350000
RPWSMLQLRHKGFFK18DA,仁愛段,38.33,都市：其他:住宅區,10000,68,持分移轉,00350000
RPPOMLRKKIKGFFK09DA,八德段,32.78,都市：其他:住宅區,100000,1093,持分移轉,00310000
RPSUMLQLRHKGFFK97DA,仁愛段,40.02,都市：其他:住宅區,10000,71,持分移轉,00350000
RPORMLPLRHKGFFK17DA,仁愛段,34.39,都市：其他:住宅區,10000,61,持分移轉,00350000
RPOOMLLKQHKGFDK68DA,維新段,1279.04,都市：其他:住宅區,1,1,全筆移轉,04290000
RPTNMLSLJHLGFCK56DA,福田段,36.44,都市：其他:商業區,100000,2242,持分移轉,03940000
RPXNMLNLKIKGFDK66DA,龍椅段,34.87,都市：其他:第一種住宅區,10000,694,持分移轉,05880000
RPORMLQLRHKGFFK27DA,仁愛段,24.80,都市：其他:住宅區,10000,44,持分移轉,00350000
RPWNMLQLRHKGFFK67DA,仁愛段,39.46,都市：其他:住宅區,10000,70,持分移轉,00350000
RPTNMLLLJHLGFDK58DA,大同段,66.84,都市：其他:第一種住宅區,1,1,全筆移轉,12610012
RPTNMLLLJHLGFDK58DA,大同段,20.62,都市：其他:第一種住宅區,10000,618,持分移轉,12610018
RPQNMLQLRHKGFFK07DA,仁愛段,28.75,都市：其他:住宅區,10000,51,持分移轉,00350000
RPRNMLPKJHLGFBK48DA,福全段,35.01,都市：其他:住宅區,100000,3912,持分移轉,07360000
RPUNMLQLRHKGFFK47DA,仁愛段,39.46,都市：其他:住宅區,10000,70,持分移轉,00350000
RPSOMLNLJHLGFDK78DA,新山佳段,16.65,都市：其他:住宅區,100000,301,持分移轉,14320000
RPSPMLNLJHLGFDK88DA,新山佳段,21.74,都市：其他:住宅區,100000,393,持分移轉,14320000
RPSNMLQLRHKGFFK27DA,仁愛段,28.75,都市：其他:住宅區,10000,51,持分移轉,00350000
RPVNMLOJKHLGFFK56DA,仁愛段,38.90,都市：其他:住宅區,10000,69,持分移轉,00350000
RPOWMLQLRHKGFFK77DA,仁愛段,28.75,都市：其他:住宅區,10000,51,持分移轉,00350000
RPOPMLRLJHLGFDK88DA,新山佳段,24.34,都市：其他:住宅區,100000,440,持分移轉,14320000
RPTNMLLLIIKGFDK48DA,天聲段,17.93,都市：其他:住宅區,120,17,持分移轉,07610000
RPTNMLLLIIKGFDK48DA,天聲段,111.52,都市：其他:住宅區,1,1,全筆移轉,07700000
RPTNMLKLJIKGFFK68DA,東興段,2510.00,非都市：山坡地保育區 ; 非都市編定：農牧用地,1,1,全筆移轉,02530026
RPTNMLLLIIKGFDK48DA,天聲段,2.60,都市：其他:住宅區,6,1,持分移轉,08680010
RPPNMLQLRHJGFEK76DA,東田洋段,216.60,都市：其他:住宅區,1,1,全筆移轉,01500000
RPWQMLPLRHKGFFK87DA,仁愛段,34.39,都市：其他:住宅區,10000,61,持分移轉,00350000
RPSWMLQLRHKGFFK18DA,仁愛段,59.75,都市：其他:住宅區,10000,106,持分移轉,00350000
RPWNMLMLKIKGFFK66DA,仁愛段,36.08,都市：其他:住宅區,10000,64,持分移轉,00350000
RPSNMLKLJIKGFFK58DA,六合段,16.58,都市：其他:商業區,10000,472,持分移轉,00170000
RPSNMLKLJIKGFFK58DA,六合段,11.24,都市：其他:商業區,10000,472,持分移轉,00200000
RPVPMLPLRHKGFFK67DA,仁愛段,36.08,都市：其他:住宅區,10000,64,持分移轉,00350000
RPXOMLRLJHLGFDK07DA,新山佳段,16.65,都市：其他:住宅區,100000,301,持分移轉,14320000
RPUPMLLLJHLGFDK88DA,大同段,66.89,,1,1,全筆移轉,12610013
RPUPMLLLJHLGFDK88DA,大同段,20.62,都市：其他:第一種住宅區,10000,618,持分移轉,12610018
RPPOMLKMJHLGFDK28DA,新山佳段,17.15,都市：其他:住宅區,100000,310,持分移轉,14320000
RPROMLNLJHLGFDK68DA,新山佳段,16.65,都市：其他:住宅區,100000,301,持分移轉,14320000
RPVQMLSLJHLGFDK17DA,新山佳段,17.15,都市：其他:住宅區,100000,310,持分移轉,14320000
RPTOMLQLRHKGFFK47DA,仁愛段,38.90,都市：其他:住宅區,10000,69,持分移轉,00350000
RPPOMLQLRHKGFFK07DA,仁愛段,39.46,都市：其他:住宅區,10000,70,持分移轉,00350000
RPXQMLPLRHKGFFK97DA,仁愛段,34.39,都市：其他:住宅區,10000,61,持分移轉,00350000
RPTNMLSJKIKGFBK98DA,館陽段,93.46,都市：其他:住宅區,1,1,全筆移轉,02440021
RPROMLLKKIKGFFK68DA,八德段,32.78,都市：其他:住宅區,100000,1093,持分移轉,00310000
RPRNMLQLKIKGFDK98DA,新山佳段,35.69,都市：其他:住宅區,100000,8931,持分移轉,10810000
RPRNMLQLKIKGFDK98DA,新山佳段,9.54,都市：其他:住宅區,100000,8932,持分移轉,10810001
RPUNMLLLJIKGFFK88DA,八德段,29.07,都市：其他:住宅區,100000,969,持分移轉,00310000
RPQNMLKKKHLGFDK18DA,新山佳段,16.65,都市：其他:住宅區,100000,301,持分移轉,14320000
RPVNMLQLJIKGFFK86DA,八德段,32.78,都市：其他:住宅區,100000,1093,持分移轉,00310000
RPQPMLPKJHLGFDK78DA,中正段,27.37,都市：其他:住宅區,100000,6181,持分移轉,04400000
RPUOMLQLRHKGFFK57DA,仁愛段,38.90,都市：其他:住宅區,10000,69,持分移轉,00350000
RPXVMLQLRHKGFFK58DA,仁愛段,28.75,都市：其他:住宅區,10000,51,持分移轉,00350000
RPSQMLQLRHKGFFK57DA,仁愛段,24.80,都市：其他:住宅區,10000,44,持分移轉,00350000
RPOSMLQLRHKGFFK37DA,仁愛段,27.62,都市：其他:住宅區,10000,49,持分移轉,00350000
RPPPMLPLRHKGFFK07DA,仁愛段,36.08,都市：其他:住宅區,10000,64,持分移轉,00350000
RPXOMLNLKIKGFFK96DA,八德段,29.07,都市：其他:住宅區,100000,969,持分移轉,00310000
RPOPMLPLRHKGFFK96DA,仁愛段,36.08,都市：其他:住宅區,10000,64,持分移轉,00350000
RPPPMLPKJHLGFDK68DA,中正段,24.25,都市：其他:住宅區,100000,5478,持分移轉,04400000
RPWNMLLJIIKGFFK78DA,仁愛段,28.75,都市：其他:住宅區,10000,51,持分移轉,00350000
RPRNMLKKKHLGFDK28DA,新山佳段,16.65,都市：其他:住宅區,100000,301,持分移轉,14320000
RPXNMLOJKHLGFFK76DA,仁愛段,27.62,都市：其他:住宅區,10000,49,持分移轉,00350000
RPXNMLKMRHKGFFK27DA,仁愛段,24.80,都市：其他:住宅區,10000,44,持分移轉,00350000
RPTOMLKMJHLGFDK68DA,新山佳段,24.34,都市：其他:住宅區,100000,440,持分移轉,14320000
RPPSMLPLRHKGFFK37DA,仁愛段,24.24,都市：其他:住宅區,10000,43,持分移轉,00350000
RPRNMLPLKHLGFFK09DA,八德段,106.60,都市：其他:住宅區,1,1,全筆移轉,12810000
RPWNMLKKKHLGFDK78DA,新山佳段,23.62,都市：其他:住宅區,100000,427,持分移轉,14320000
RPTNMLKMRHKGFFK86DA,仁愛段,28.75,都市：其他:住宅區,10000,51,持分移轉,00350000
RPVNMLPJKIKGFFK66DA,八德段,32.78,都市：其他:住宅區,100000,1093,持分移轉,00310000
RPQPMLPJJHLGFBK48DA,館陽段,7.40,都市：其他:住宅區,10000,371,持分移轉,02440000
RPQPMLPJJHLGFBK48DA,館陽段,46.32,都市：其他:住宅區,10000,371,持分移轉,02440025
RPOOMLSLJHLGFDK88DA,新山佳段,17.15,都市：其他:住宅區,100000,310,持分移轉,14320000
RPPOMLSLJHLGFDK98DA,新山佳段,17.15,都市：其他:住宅區,100000,310,持分移轉,14320000
RPUVMLQLRHKGFFK28DA,仁愛段,28.75,都市：其他:住宅區,10000,51,持分移轉,00350000
RPWOMLQLRHKGFFK77DA,仁愛段,38.90,都市：其他:住宅區,10000,69,持分移轉,00350000
RPPSMLQLRHKGFFK47DA,仁愛段,27.62,都市：其他:住宅區,10000,49,持分移轉,00350000
RPUUMLPLRHKGFFK08DA,仁愛段,28.75,都市：其他:住宅區,10000,51,持分移轉,00350000
RPTVMLQLRHKGFFK18DA,仁愛段,28.75,都市：其他:住宅區,10000,51,持分移轉,00350000
RPTPMLKKKHLGFDK68DA,新山佳段,19.14,都市：其他:住宅區,100000,346,持分移轉,14320000
RPXOMLQLRHKGFFK87DA,仁愛段,38.90,都市：其他:住宅區,10000,69,持分移轉,00350000
RPUQMLPLRHKGFFK67DA,仁愛段,34.39,都市：其他:住宅區,10000,61,持分移轉,00350000
RPVQMLPLRHKGFFK77DA,仁愛段,34.39,都市：其他:住宅區,10000,61,持分移轉,00350000
RPVUMLPLRHKGFFK18DA,仁愛段,28.75,都市：其他:住宅區,10000,51,持分移轉,00350000
RPSPMLPLRHKGFFK37DA,仁愛段,36.08,都市：其他:住宅區,10000,64,持分移轉,00350000
RPOPMLNLKIKGFFK78DA,八德段,29.07,都市：其他:住宅區,100000,969,持分移轉,00310000
RPRPMLPJJHLGFBK58DA,館陽段,7.40,都市：其他:住宅區,10000,371,持分移轉,02440000
RPRPMLPJJHLGFBK58DA,館陽段,46.32,都市：其他:住宅區,10000,371,持分移轉,02440025
RPVNMLPKJHLGFDK09DA,中正段,34.81,都市：其他:住宅區,100000,7863,持分移轉,04400000
RPWTMLQLRHKGFFK28DA,仁愛段,40.02,都市：其他:住宅區,10000,71,持分移轉,00350000
RPTTMLQLRHKGFFK97DA,仁愛段,38.33,都市：其他:住宅區,10000,68,持分移轉,00350000
RPSTMLQLRHKGFFK87DA,仁愛段,38.33,都市：其他:住宅區,10000,68,持分移轉,00350000
RPVOMLNJKIKGFFK56DA,八德段,32.78,都市：其他:住宅區,100000,1093,持分移轉,00310000
RPVOMLRKKIKGFFK07DA,八德段,29.07,都市：其他:住宅區,200000,1938,持分移轉,00310000
RPXRMLMLKIKGFFK17DA,八德段,34.94,都市：其他:住宅區,100000,1165,持分移轉,00310000
RPWNMLPKJHLGFDK56DA,中正段,24.25,都市：其他:住宅區,100000,5478,持分移轉,04400000
RPWNMLNKJHLGFFK56DA,中華段,36.49,都市：其他:住宅區,10000,2221,持分移轉,06560000
RPOPMLPKJHLGFDK58DA,中正段,24.25,都市：其他:住宅區,100000,5478,持分移轉,04400000
RPPNMLRKJHLGFBK48DA,館陽段,7.77,都市：其他:住宅區,10000,1409,持分移轉,02440015
RPPNMLRKJHLGFBK48DA,館陽段,41.74,都市：其他:住宅區,10000,1409,持分移轉,02440016
RPSNMLSLJHLGFCK09DA,苑西段,441.65,都市：其他:住宅區,1,1,全筆移轉,10200000
RPSNMLSLJHLGFCK09DA,苑西段,66.44,都市：其他:住宅區,1,1,全筆移轉,10210000
RPOOMLPKJHLGFDK48DA,中正段,27.37,都市：其他:住宅區,100000,6181,持分移轉,04400000
RPROMLPKJHLGFDK78DA,中正段,24.25,都市：其他:住宅區,100000,5478,持分移轉,04400000
RPVOMLPKJHLGFDK56DA,中正段,24.25,都市：其他:住宅區,100000,5478,持分移轉,04400000
RPQOMLPKJHLGFDK68DA,中正段,24.25,都市：其他:住宅區,100000,5478,持分移轉,04400000
RPVOMLTLJHLGFBK86DA,文發段,31.96,都市：其他:住宅區,10000,670,持分移轉,06690000
RPWOMLPKJHLGFDK66DA,中正段,27.37,都市：其他:住宅區,100000,6181,持分移轉,04400000
RPTNMLLLJHLGFFK78DA,中華段,36.49,都市：其他:住宅區,10000,2221,持分移轉,06560000
RPVSMLSLJHLGFDK37DA,新山佳段,16.65,都市：其他:住宅區,100000,301,持分移轉,14320000
RPOPMLSLJHLGFDK98DA,新山佳段,24.34,都市：其他:住宅區,100000,440,持分移轉,14320000
RPTQMLMLKIKGFFK66DA,仁愛段,40.02,都市：其他:住宅區,10000,71,持分移轉,00350000
RPRNMLNLKHLGFBK48DA,巨蛋段,48.79,都市：其他:住宅區,100000,1720,持分移轉,15830000
RPSNMLMKKHLGFDK58DA,新山佳段,24.34,都市：其他:住宅區,100000,440,持分移轉,14320000
RPWOMLTLJHLGFBK96DA,文發段,31.96,都市：其他:住宅區,10000,670,持分移轉,06690000
RPXPMLSLJHLGFDK27DA,新山佳段,24.34,都市：其他:住宅區,100000,440,持分移轉,14320000
RPRQMLSLJHLGFDK76DA,新山佳段,18.15,都市：其他:住宅區,100000,328,持分移轉,14320000
RPXNMLSLJHLGFDK07DA,新山佳段,17.15,都市：其他:住宅區,100000,310,持分移轉,14320000
RPSNMLLKKIKGFBK28DA,福全段,39.65,都市：其他:住宅區,100000,4430,持分移轉,07360000
RPXTMLQLRHKGFFK38DA,仁愛段,40.02,都市：其他:住宅區,10000,71,持分移轉,00350000
RPSOMLPKJHLGFDK88DA,中正段,27.37,都市：其他:住宅區,100000,6181,持分移轉,04400000
RPOUMLQLRHKGFFK57DA,仁愛段,40.02,都市：其他:住宅區,10000,71,持分移轉,00350000
RPOPMLNLJHLGFDK48DA,新山佳段,23.62,都市：其他:住宅區,100000,427,持分移轉,14320000
RPRNMLLKKIKGFBK18DA,福全段,39.65,都市：其他:住宅區,100000,4430,持分移轉,07360000
RPXOMLNLJHLGFDK66DA,新山佳段,23.62,都市：其他:住宅區,100000,427,持分移轉,14320000
RPPPMLSJKIKGFBK78DA,館陽段,92.75,都市：其他:住宅區,1,1,全筆移轉,02440014
RPXSMLQLRHKGFFK28DA,仁愛段,38.33,都市：其他:住宅區,10000,68,持分移轉,00350000
RPWRMLQLRHKGFFK08DA,仁愛段,27.62,都市：其他:住宅區,10000,49,持分移轉,00350000
RPQVMLQLRHKGFFK87DA,仁愛段,28.75,都市：其他:住宅區,10000,51,持分移轉,00350000
RPUWMLRJJHLGFDK37DA,龍富段,41.77,都市：其他:第二種住宅區,100000,10267,持分移轉,06140000
RPQOMLSLJIKGFDK09DA,龍頂段,12.84,都市：其他:第一種住宅區,10,1,持分移轉,02430000
RPXNMLQLRHKGFFK77DA,仁愛段,39.46,都市：其他:住宅區,10000,70,持分移轉,00350000
RPQOMLSLJIKGFDK09DA,龍頂段,50.38,都市：其他:第一種住宅區,1,1,全筆移轉,02430010
RPQOMLSLJIKGFDK09DA,龍頂段,6.54,都市：其他:第一種住宅區,12,1,持分移轉,02430013
RPVNMLSLJIKGFDK86DA,龍頂段,12.84,都市：其他:第一種住宅區,10,1,持分移轉,02430000
RPVNMLSLJIKGFDK86DA,龍頂段,47.79,都市：其他:第一種住宅區,1,1,全筆移轉,02430003
RPVNMLSLJIKGFDK86DA,龍頂段,6.54,都市：其他:第一種住宅區,12,1,持分移轉,02430013
RPTOMLPKJHLGFDK98DA,中正段,34.81,都市：其他:住宅區,100000,7863,持分移轉,04400000
RPPOMLPKJHLGFDK58DA,中正段,34.81,都市：其他:住宅區,100000,7863,持分移轉,04400000
RPXNMLPKJHLGFDK66DA,中正段,24.25,都市：其他:住宅區,100000,5478,持分移轉,04400000
RPVOMLNLKIKGFFK76DA,八德段,29.07,都市：其他:住宅區,100000,969,持分移轉,00310000
RPQPMLNLIIKGFDK58DA,龍頂段,35.22,都市：其他:第一種住宅區,100000,5046,持分移轉,01760000
RPXNMLOJKIKGFFK76DA,八德段,29.07,都市：其他:住宅區,100000,969,持分移轉,00310000
RPRNMLSLJIKGFFK66DA,仁愛段,27.62,都市：其他:住宅區,10000,49,持分移轉,00350000
RPPNMLRJJHLGFDK58DA,龍頂段,34.67,都市：其他:第一種住宅區,100000,4967,持分移轉,01760000
RPXOMLPKJHLGFDK76DA,中正段,34.81,都市：其他:住宅區,100000,7863,持分移轉,04400000
RPPQMLPLRHKGFFK17DA,仁愛段,34.39,都市：其他:住宅區,10000,61,持分移轉,00350000
RPQQMLPLRHKGFFK27DA,仁愛段,34.39,都市：其他:住宅區,10000,61,持分移轉,00350000
RPTPMLRLJHLGFDK76DA,大同段,1833.22,都市：其他:科技商務專用區,10,9,持分移轉,06770000
RPSNMLTJJHLGFDK09DA,頂埔段,81.90,非都市：一般農業區 ; 非都市編定：甲種建築用地,1,1,全筆移轉,09890000
RPTPMLRLJHLGFDK76DA,大同段,203.69,都市：其他:科技商務專用區,10,1,持分移轉,06770000
RPTPMLRLJHLGFDK76DA,大同段,1833.22,都市：其他:科技商務專用區,10,9,持分移轉,06770001
RPTPMLRLJHLGFDK76DA,大同段,203.69,都市：其他:科技商務專用區,10,1,持分移轉,06770001
RPOSMLPLRHKGFFK27DA,仁愛段,24.24,都市：其他:住宅區,10000,43,持分移轉,00350000
RPRNMLLLJHLGFFK58DA,中華段,36.49,都市：其他:住宅區,10000,2221,持分移轉,06560000
RPUOMLPKJHLGFDK09DA,中正段,12.13,都市：其他:住宅區,200000,5478,持分移轉,04400000
RPUOMLPKJHLGFDK09DA,中正段,12.13,都市：其他:住宅區,200000,5478,持分移轉,04400000
RPUNMLKKJHLGFDK48DA,龍富段,31.24,都市：其他:第二種住宅區,100000,7679,持分移轉,06140000
RPWNMLKKJHLGFDK68DA,龍富段,31.24,都市：其他:第二種住宅區,100000,7679,持分移轉,06140000
RPQPMLRLJHLGFDK09DA,新山佳段,24.34,都市：其他:住宅區,100000,440,持分移轉,14320000
RPVOMLNLJHLGFDK09DA,新山佳段,18.98,都市：其他:住宅區,100000,343,持分移轉,14320000
RPTNMLTLJHLGFBK56DA,文發段,31.96,都市：其他:住宅區,10000,670,持分移轉,06690000
RPXQMLSLJHLGFDK37DA,新山佳段,17.15,都市：其他:住宅區,100000,310,持分移轉,14320000
RPUPMLSLJHLGFDK96DA,新山佳段,24.34,都市：其他:住宅區,100000,440,持分移轉,14320000
RPWPMLPLRHKGFFK77DA,仁愛段,34.39,都市：其他:住宅區,10000,61,持分移轉,00350000
RPQQMLSLJHLGFDK66DA,新山佳段,18.15,都市：其他:住宅區,100000,328,持分移轉,14320000
RPTNMLOJKHLGFFK98DA,仁愛段,24.24,都市：其他:住宅區,10000,43,持分移轉,00350000
RPVPMLMLKIKGFFK76DA,仁愛段,27.62,都市：其他:住宅區,10000,49,持分移轉,00350000
RPRPMLQLRHKGFFK37DA,仁愛段,38.90,都市：其他:住宅區,20000,138,持分移轉,00350000
RPTQMLKKKHLGFDK78DA,新山佳段,19.14,都市：其他:住宅區,100000,346,持分移轉,14320000
RPQOMLKKKHLGFDK28DA,新山佳段,23.62,都市：其他:住宅區,100000,427,持分移轉,14320000
RPPNMLLLJIKGFFK48EA,顯會段,188.47,都市：其他:道路用地,1,1,全筆移轉,06750000
RPUPMLNLJHLGFDK09DA,新山佳段,21.74,都市：其他:住宅區,100000,393,持分移轉,14320000
RPRNMLTJKHLGFFK66DA,仁愛段,27.06,都市：其他:住宅區,10000,48,持分移轉,00350000
RPTRMLPLRHKGFFK67DA,仁愛段,24.24,都市：其他:住宅區,10000,43,持分移轉,00350000
RPROMLSLJIKGFDK56DA,龍頂段,12.84,都市：其他:第一種住宅區,10,1,持分移轉,02430000
RPVOMLSLJHLGFDK96DA,新山佳段,19.14,都市：其他:住宅區,100000,346,持分移轉,14320000
RPROMLSLJIKGFDK56DA,龍頂段,51.30,都市：其他:第一種住宅區,1,1,全筆移轉,02430009
RPROMLSLJIKGFDK56DA,龍頂段,6.54,都市：其他:第一種住宅區,12,1,持分移轉,02430013
RPPNMLMKIIKGFDK08DA,大同段,47.66,都市：其他:第一種住宅區,1,1,全筆移轉,11030019
RPPNMLMKIIKGFDK08DA,大同段,28.37,都市：其他:第一種住宅區,13,1,持分移轉,11030031
RPUNMLQLJHLGFDK56DA,新山佳段,21.74,都市：其他:住宅區,100000,393,持分移轉,14320000
RPOQMLPLRHKGFFK07DA,仁愛段,34.39,都市：其他:住宅區,10000,61,持分移轉,00350000
RPQPMLQLRHKGFFK27DA,仁愛段,38.90,都市：其他:住宅區,10000,69,持分移轉,00350000
RPSVMLQLRHKGFFK08DA,仁愛段,28.75,都市：其他:住宅區,10000,51,持分移轉,00350000
RPWNMLQLJIKGFFK96DA,八德段,29.07,都市：其他:住宅區,100000,969,持分移轉,00310000
RPOQMLKKKHLGFDK28DA,新山佳段,12.17,都市：其他:住宅區,200000,440,持分移轉,14320000
RPOQMLKKKHLGFDK28DA,新山佳段,12.17,都市：其他:住宅區,200000,440,持分移轉,14320000
RPTNMLQLRHKGFFK37DA,仁愛段,28.75,都市：其他:住宅區,10000,51,持分移轉,00350000
RPXOMLPLRHKGFFK77DA,仁愛段,36.08,都市：其他:住宅區,10000,64,持分移轉,00350000
RPTQMLPLRHKGFFK57DA,仁愛段,34.39,都市：其他:住宅區,10000,61,持分移轉,00350000
RPSOMLSLJIKGFDK66DA,龍頂段,12.84,都市：其他:第一種住宅區,10,1,持分移轉,02430000
RPSOMLSLJIKGFDK66DA,龍頂段,52.22,都市：其他:第一種住宅區,1,1,全筆移轉,02430008
RPSOMLSLJIKGFDK66DA,龍頂段,52.22,都市：其他:第一種住宅區,1,1,全筆移轉,02430008
RPWNMLOJKIKGFFK66DA,八德段,29.07,都市：其他:住宅區,100000,969,持分移轉,00310000
RPRNMLLKKIKGFFK58DA,八德段,28.98,都市：其他:住宅區,100000,966,持分移轉,00310000
RPOQMLQLRHKGFFK17DA,仁愛段,24.80,都市：其他:住宅區,10000,44,持分移轉,00350000
RPPQMLQLRHKGFFK27DA,仁愛段,24.80,都市：其他:住宅區,10000,44,持分移轉,00350000
RPRQMLPLRHKGFFK37DA,仁愛段,34.39,都市：其他:住宅區,10000,61,持分移轉,00350000
RPRSMLPLRHKGFFK57DA,仁愛段,27.06,都市：其他:住宅區,10000,48,持分移轉,00350000
RPXPMLPLRHKGFFK87DA,仁愛段,34.39,都市：其他:住宅區,10000,61,持分移轉,00350000
RPVSMLPLRHKGFFK97DA,仁愛段,27.06,都市：其他:住宅區,10000,48,持分移轉,00350000
RPRUMLPLRHKGFFK77DA,仁愛段,28.75,都市：其他:住宅區,10000,51,持分移轉,00350000
RPWSMLPLRHKGFFK08DA,仁愛段,27.06,都市：其他:住宅區,10000,48,持分移轉,00350000
RPXRMLPLRHKGFFK08DA,仁愛段,24.24,都市：其他:住宅區,10000,43,持分移轉,00350000
RPVNMLQLRHKGFFK57DA,仁愛段,39.46,都市：其他:住宅區,10000,70,持分移轉,00350000
RPWNMLTKKIKGFFK27DA,仁愛段,34.95,都市：其他:住宅區,10000,62,持分移轉,00350000
RPWNMLPKKIKGFFK86DA,八德段,29.07,都市：其他:住宅區,100000,969,持分移轉,00310000
RPTSMLQLRHKGFFK87DA,仁愛段,27.62,都市：其他:住宅區,10000,49,持分移轉,00350000
RPVNMLSKJIKGFDK76DA,西坑段,2625.01,非都市：山坡地保育區 ; 非都市編定：農牧用地,2,1,持分移轉,08210000
RPVNMLSKJIKGFDK76DA,西坑段,2625.01,非都市：山坡地保育區 ; 非都市編定：農牧用地,2,1,持分移轉,08210000
RPVNMLSKJIKGFDK76DA,西坑段,327.53,非都市：山坡地保育區 ; 非都市編定：交通用地,4,1,持分移轉,08280000
RPVNMLSKJIKGFDK76DA,西坑段,327.53,非都市：山坡地保育區 ; 非都市編定：交通用地,4,1,持分移轉,08280000
RPVNMLSKJIKGFDK76DA,西坑段,2787.01,非都市：山坡地保育區 ; 非都市編定：農牧用地,2,1,持分移轉,09370000
RPVNMLSKJIKGFDK76DA,西坑段,2787.01,非都市：山坡地保育區 ; 非都市編定：農牧用地,2,1,持分移轉,09370000
RPVNMLSKJIKGFDK76DA,西坑段,3353.51,非都市：山坡地保育區 ; 非都市編定：農牧用地,2,1,持分移轉,13300000
RPVNMLSKJIKGFDK76DA,西坑段,3353.51,非都市：山坡地保育區 ; 非都市編定：農牧用地,2,1,持分移轉,13300000
RPVNMLSKJIKGFDK76DA,西坑段,182.50,非都市：山坡地保育區 ; 非都市編定：農牧用地,2,1,持分移轉,13310000
RPVNMLSKJIKGFDK76DA,西坑段,182.50,非都市：山坡地保育區 ; 非都市編定：農牧用地,2,1,持分移轉,13310000
RPVNMLSKJIKGFDK76DA,西坑段,23.20,非都市：山坡地保育區 ; 非都市編定：農牧用地,2,1,持分移轉,13320000
RPRQMLQLRHKGFFK47DA,仁愛段,24.80,都市：其他:住宅區,10000,44,持分移轉,00350000
RPVNMLSKJIKGFDK76DA,西坑段,23.20,非都市：山坡地保育區 ; 非都市編定：農牧用地,2,1,持分移轉,13320000
RPVNMLSKJIKGFDK76DA,西坑段,150.50,非都市：山坡地保育區 ; 非都市編定：農牧用地,2,1,持分移轉,13330000
RPSOMLRKKIKGFFK76DA,八德段,32.78,都市：其他:住宅區,100000,1093,持分移轉,00310000
RPVNMLSKJIKGFDK76DA,西坑段,150.50,非都市：山坡地保育區 ; 非都市編定：農牧用地,2,1,持分移轉,13330000
RPVNMLSKJIKGFDK76DA,西坑段,225.50,非都市：山坡地保育區 ; 非都市編定：水利用地,2,1,持分移轉,13340000
RPVNMLSKJIKGFDK76DA,西坑段,225.50,非都市：山坡地保育區 ; 非都市編定：水利用地,2,1,持分移轉,13340000
RPVNMLSKJIKGFDK76DA,西坑段,88.14,非都市：山坡地保育區 ; 非都市編定：農牧用地,2,1,持分移轉,13360000
RPVNMLSKJIKGFDK76DA,西坑段,88.14,非都市：山坡地保育區 ; 非都市編定：農牧用地,2,1,持分移轉,13360000
RPVNMLSKJIKGFDK76DA,西坑段,117.03,非都市：山坡地保育區 ; 非都市編定：農牧用地,2,1,持分移轉,13370000
RPVNMLSKJIKGFDK76DA,西坑段,117.03,非都市：山坡地保育區 ; 非都市編定：農牧用地,2,1,持分移轉,13370000
RPVNMLSKJIKGFDK76DA,西坑段,31.49,非都市：山坡地保育區 ; 非都市編定：交通用地,2,1,持分移轉,13430000
RPVNMLSKJIKGFDK76DA,西坑段,31.49,非都市：山坡地保育區 ; 非都市編定：交通用地,2,1,持分移轉,13430000
RPXTMLPLRHKGFFK28DA,仁愛段,31.00,都市：其他:住宅區,10000,55,持分移轉,00350000
RPVNMLSKJIKGFDK76DA,西坑段,492.87,非都市：山坡地保育區 ; 非都市編定：農牧用地,2,1,持分移轉,13440000
RPVNMLSKJIKGFDK76DA,西坑段,492.87,非都市：山坡地保育區 ; 非都市編定：農牧用地,2,1,持分移轉,13440000
RPVNMLSKJIKGFDK76DA,西坑段,245.12,非都市：山坡地保育區 ; 非都市編定：農牧用地,2,1,持分移轉,13450000
RPVNMLSKJIKGFDK76DA,西坑段,245.12,非都市：山坡地保育區 ; 非都市編定：農牧用地,2,1,持分移轉,13450000
RPVNMLSKJIKGFDK76DA,西坑段,1385.25,非都市：山坡地保育區 ; 非都市編定：農牧用地,2,1,持分移轉,13460000
RPVNMLSKJIKGFDK76DA,西坑段,1385.25,非都市：山坡地保育區 ; 非都市編定：農牧用地,2,1,持分移轉,13460000
RPVNMLSKJIKGFDK76DA,西坑段,151.47,非都市：山坡地保育區 ; 非都市編定：農牧用地,2,1,持分移轉,13470000
RPVNMLSKJIKGFDK76DA,西坑段,151.47,非都市：山坡地保育區 ; 非都市編定：農牧用地,2,1,持分移轉,13470000
RPVNMLSKJIKGFDK76DA,西坑段,2778.54,非都市：山坡地保育區 ; 非都市編定：農牧用地,2,1,持分移轉,13510000
RPVNMLSKJIKGFDK76DA,西坑段,2778.54,非都市：山坡地保育區 ; 非都市編定：農牧用地,2,1,持分移轉,13510000
RPVNMLSKJIKGFDK76DA,西坑段,299.05,非都市：山坡地保育區 ; 非都市編定：水利用地,2,1,持分移轉,13520000
RPVNMLSKJIKGFDK76DA,西坑段,299.05,非都市：山坡地保育區 ; 非都市編定：水利用地,2,1,持分移轉,13520000
RPVNMLSKJIKGFDK76DA,西坑段,46.53,非都市：山坡地保育區 ; 非都市編定：農牧用地,2,1,持分移轉,13610000
RPVNMLSKJIKGFDK76DA,西坑段,46.53,非都市：山坡地保育區 ; 非都市編定：農牧用地,2,1,持分移轉,13610000
RPVNMLSKJIKGFDK76DA,西坑段,254.15,非都市：山坡地保育區 ; 非都市編定：農牧用地,2,1,持分移轉,13620000
RPVNMLSKJIKGFDK76DA,西坑段,254.15,非都市：山坡地保育區 ; 非都市編定：農牧用地,2,1,持分移轉,13620000
RPVNMLSKJIKGFDK76DA,西坑段,505.01,非都市：山坡地保育區 ; 非都市編定：農牧用地,2,1,持分移轉,13630000
RPVNMLSKJIKGFDK76DA,西坑段,505.01,非都市：山坡地保育區 ; 非都市編定：農牧用地,2,1,持分移轉,13630000
RPOTMLPLRHKGFFK37DA,仁愛段,27.06,都市：其他:住宅區,10000,48,持分移轉,00350000
RPUPMLMLKIKGFFK66DA,仁愛段,27.62,都市：其他:住宅區,10000,49,持分移轉,00350000
RPWNMLRKKIKGFFK07DA,八德段,32.75,都市：其他:住宅區,100000,1092,持分移轉,00310000
RPQQMLMLKIKGFFK98DA,仁愛段,38.33,都市：其他:住宅區,10000,68,持分移轉,00350000
RPSWMLRJJHLGFDK17DA,龍富段,41.77,都市：其他:第二種住宅區,100000,10267,持分移轉,06140000
RPQTMLQLRHKGFFK67DA,仁愛段,38.33,都市：其他:住宅區,10000,68,持分移轉,00350000
RPTNMLMLKIKGFFK98DA,仁愛段,36.08,都市：其他:住宅區,10000,64,持分移轉,00350000
RPQNMLKKJHLGFDK08DA,龍富段,41.77,都市：其他:第二種住宅區,100000,10267,持分移轉,06140000
RPROMLNLKIKGFFK98DA,仁愛段,28.75,都市：其他:住宅區,10000,51,持分移轉,00350000
RPUOMLNLKIKGFFK66DA,八德段,32.78,都市：其他:住宅區,100000,1093,持分移轉,00310000
RPSNMLKKJHLGFDK28DA,龍富段,31.25,都市：其他:第二種住宅區,100000,7680,持分移轉,06140000
RPRNMLKKJHLGFDK18DA,龍富段,41.77,都市：其他:第二種住宅區,100000,10267,持分移轉,06140000
RPORMLMLKIKGFFK88DA,仁愛段,28.75,都市：其他:住宅區,10000,51,持分移轉,00350000
RPVNMLKKJHLGFDK58DA,龍富段,41.77,都市：其他:第二種住宅區,100000,10267,持分移轉,06140000
RPWRMLPLRHKGFFK97DA,仁愛段,24.24,都市：其他:住宅區,10000,43,持分移轉,00350000
RPTNMLTJJHLGFDK56DA,頂埔段,81.69,非都市：一般農業區 ; 非都市編定：甲種建築用地,1,1,全筆移轉,09890001
RPRNMLSJKIKGFBK78DA,館陽段,92.70,都市：其他:住宅區,1,1,全筆移轉,02440019
RPTNMLKKJHLGFDK38DA,龍富段,41.77,都市：其他:第二種住宅區,100000,10267,持分移轉,06140000
RPSNMLQLJHLGFBK78DA,嘉福段,34.16,都市：其他:商業區,10000,1758,持分移轉,11410000
RPUPMLPJJHLGFBK88DA,館陽段,7.56,都市：其他:住宅區,10000,379,持分移轉,02440000
RPUPMLPJJHLGFBK88DA,館陽段,47.31,都市：其他:住宅區,10000,379,持分移轉,02440025
RPTNMLQLJHLGFBK88DA,嘉福段,34.16,都市：其他:商業區,10000,1758,持分移轉,11410000
RPRNMLRLJHLGFDK98DA,新山佳段,18.98,都市：其他:住宅區,100000,343,持分移轉,14320000
RPTOMLSLJHLGFDK76DA,新山佳段,17.15,都市：其他:住宅區,100000,310,持分移轉,14320000
RPRNMLSLJHLGFDK09DA,新山佳段,24.34,都市：其他:住宅區,100000,440,持分移轉,14320000
RPQPMLNLJHLGFDK68DA,新山佳段,21.74,都市：其他:住宅區,100000,393,持分移轉,14320000
RPTPMLNLJHLGFDK98DA,新山佳段,21.74,都市：其他:住宅區,100000,393,持分移轉,14320000
RPWOMLRLJHLGFDK96DA,新山佳段,16.65,都市：其他:住宅區,100000,301,持分移轉,14320000
RPUOMLNLJHLGFDK98DA,新山佳段,18.98,都市：其他:住宅區,100000,343,持分移轉,14320000
RPPQMLSLJHLGFDK56DA,新山佳段,18.15,都市：其他:住宅區,100000,328,持分移轉,14320000
RPUOMLSLJHLGFDK86DA,新山佳段,17.15,都市：其他:住宅區,100000,310,持分移轉,14320000
RPWOMLPJJHLGFBK98DA,館陽段,7.90,都市：其他:住宅區,10000,396,持分移轉,02440000
RPWOMLPJJHLGFBK98DA,館陽段,49.44,都市：其他:住宅區,10000,396,持分移轉,02440025
RPUNMLSLJHLGFDK76DA,新山佳段,18.15,都市：其他:住宅區,100000,328,持分移轉,14320000
RPVOMLKMJHLGFDK88DA,新山佳段,24.34,都市：其他:住宅區,100000,440,持分移轉,14320000
RPSOMLTJKHLGFFK86DA,仁愛段,38.33,都市：其他:住宅區,10000,68,持分移轉,00350000
RPQNMLMKKHLGFFK58DA,仁愛段,28.75,都市：其他:住宅區,10000,51,持分移轉,00350000
RPWOMLSLJHLGFDK07DA,新山佳段,19.14,都市：其他:住宅區,100000,346,持分移轉,14320000
RPSQMLPLRHKGFFK47DA,仁愛段,34.39,都市：其他:住宅區,20000,122,持分移轉,00350000
RPVPMLNLJHLGFDK56DA,新山佳段,21.74,都市：其他:住宅區,100000,393,持分移轉,14320000
RPOUMLPLRHKGFFK47DA,仁愛段,28.75,都市：其他:住宅區,10000,51,持分移轉,00350000
RPQRMLQLRHKGFFK47DA,仁愛段,27.62,都市：其他:住宅區,10000,49,持分移轉,00350000
RPQOMLQLRHKGFFK17DA,仁愛段,39.46,都市：其他:住宅區,10000,70,持分移轉,00350000
RPTRMLQLRHKGFFK77DA,仁愛段,27.62,都市：其他:住宅區,10000,49,持分移轉,00350000
RPSSMLQLRHKGFFK77DA,仁愛段,27.62,都市：其他:住宅區,10000,49,持分移轉,00350000
RPWTMLPLRHKGFFK18DA,仁愛段,27.06,都市：其他:住宅區,10000,48,持分移轉,00350000
RPSOMLQLRHKGFFK37DA,仁愛段,39.46,都市：其他:住宅區,10000,70,持分移轉,00350000
RPWRMLSLJHLGFDK37DA,新山佳段,19.14,都市：其他:住宅區,100000,346,持分移轉,14320000
RPVPMLQLRHKGFFK77DA,仁愛段,24.80,都市：其他:住宅區,10000,44,持分移轉,00350000
RPVOMLPLRHKGFFK57DA,仁愛段,36.08,都市：其他:住宅區,10000,64,持分移轉,00350000
RPQTMLPLRHKGFFK57DA,仁愛段,27.06,都市：其他:住宅區,10000,48,持分移轉,00350000
RPWNMLSLJIKGFDK96DA,龍頂段,12.84,都市：其他:第一種住宅區,10,1,持分移轉,02430000
RPUQMLQLRHKGFFK77DA,仁愛段,24.80,都市：其他:住宅區,10000,44,持分移轉,00350000
RPWNMLSLJIKGFDK96DA,龍頂段,47.79,都市：其他:第一種住宅區,1,1,全筆移轉,02430004
RPWNMLSLJIKGFDK96DA,龍頂段,6.54,都市：其他:第一種住宅區,12,1,持分移轉,02430013
RPUNMLQLJIKGFFK76DA,仁愛段,38.90,都市：其他:住宅區,10000,69,持分移轉,00350000
RPOPMLKKKHLGFDK18DA,新山佳段,24.34,都市：其他:住宅區,100000,440,持分移轉,14320000
RPTOMLSLJIKGFDK76DA,龍頂段,12.84,都市：其他:第一種住宅區,10,1,持分移轉,02430000
RPTOMLSLJIKGFDK76DA,龍頂段,71.47,都市：其他:第一種住宅區,1,1,全筆移轉,02430007
RPTOMLSLJIKGFDK76DA,龍頂段,6.54,都市：其他:第一種住宅區,12,1,持分移轉,02430013
RPTNMLMJKIKGFFK78DA,八德段,32.78,都市：其他:住宅區,100000,1093,持分移轉,00310000
RPVOMLMJKIKGFFK09DA,八德段,29.07,都市：其他:住宅區,100000,969,持分移轉,00310000
RPWOMLPLRHKGFFK67DA,仁愛段,36.08,都市：其他:住宅區,10000,64,持分移轉,00350000
RPSUMLPLRHKGFFK87DA,仁愛段,28.75,都市：其他:住宅區,10000,51,持分移轉,00350000
RPXSMLPLRHKGFFK18DA,仁愛段,27.06,都市：其他:住宅區,10000,48,持分移轉,00350000
RPTNMLOJKIKGFFK98DA,八德段,32.75,都市：其他:住宅區,100000,1092,持分移轉,00310000
RPQUMLPLRHKGFFK67DA,仁愛段,28.75,都市：其他:住宅區,10000,51,持分移轉,00350000
RPUNMLPJKIKGFFK56DA,八德段,29.07,都市：其他:住宅區,100000,969,持分移轉,00310000
RPUNMLOJKIKGFFK09DA,八德段,29.07,都市：其他:住宅區,100000,969,持分移轉,00310000
RPVNMLOJKIKGFFK56DA,八德段,29.07,都市：其他:住宅區,100000,969,持分移轉,00310000
RPWPMLSJKIKGFBK86DA,館陽段,91.00,都市：其他:住宅區,1,1,全筆移轉,02440005
RPSOMLLKKIKGFFK78DA,八德段,32.78,都市：其他:住宅區,100000,1093,持分移轉,00310000
RPUNMLMJKIKGFFK88DA,八德段,32.78,都市：其他:住宅區,100000,1093,持分移轉,00310000
RPTNMLQLKIKGFDK56DA,新山佳段,25.49,都市：其他:住宅區,100000,6378,持分移轉,10810000
RPTNMLQLKIKGFDK56DA,新山佳段,6.81,都市：其他:住宅區,100000,6377,持分移轉,10810001
RPQRMLPLRHKGFFK37DA,仁愛段,24.24,都市：其他:住宅區,10000,43,持分移轉,00350000
RPSSMLPLRHKGFFK67DA,仁愛段,27.06,都市：其他:住宅區,10000,48,持分移轉,00350000
RPPRMLQLRHKGFFK37DA,仁愛段,27.62,都市：其他:住宅區,10000,49,持分移轉,00350000
RPURMLPLRHKGFFK77DA,仁愛段,24.24,都市：其他:住宅區,10000,43,持分移轉,00350000
RPWNMLMKKIKGFFK56DA,東庄段,27.93,都市：其他:住宅區,100000,5069,持分移轉,04890000
RPRRMLQLRHKGFFK57DA,仁愛段,27.62,都市：其他:住宅區,20000,98,持分移轉,00350000
RPPUMLPLRHKGFFK57DA,仁愛段,28.75,都市：其他:住宅區,10000,51,持分移轉,00350000
RPXNMLTKKIKGFFK37DA,仁愛段,38.90,都市：其他:住宅區,10000,69,持分移轉,00350000
RPXQMLMLKIKGFFK07DA,仁愛段,28.75,都市：其他:住宅區,10000,51,持分移轉,00350000
RPPOMLTKKIKGFFK66DA,仁愛段,40.02,都市：其他:住宅區,20000,142,持分移轉,00350000
RPWNMLSJKIKGFBK66DA,館陽段,104.33,都市：其他:住宅區,1,1,全筆移轉,02440023
RPTOMLRKKIKGFFK86DA,八德段,32.78,都市：其他:住宅區,100000,1093,持分移轉,00310000
RPSNMLNLKIKGFFK98DA,八德段,32.75,都市：其他:住宅區,100000,1092,持分移轉,00310000
RPRPMLPLRHKGFFK27DA,仁愛段,36.08,都市：其他:住宅區,10000,64,持分移轉,00350000
RPPTMLPLRHKGFFK47DA,仁愛段,27.06,都市：其他:住宅區,10000,48,持分移轉,00350000
RPTOMLNLKIKGFFK56DA,八德段,29.07,都市：其他:住宅區,100000,969,持分移轉,00310000
RPOOMLRKKIKGFFK98DA,八德段,32.75,都市：其他:住宅區,100000,1092,持分移轉,00310000
RPWNMLQKJHLGFDK66DA,新山佳段,25.49,都市：其他:住宅區,100000,6379,持分移轉,10810000
RPQSMLPLRHKGFFK47DA,仁愛段,24.24,都市：其他:住宅區,10000,43,持分移轉,00350000
RPWNMLQKJHLGFDK66DA,新山佳段,6.81,都市：其他:住宅區,100000,6376,持分移轉,10810001
RPPTMLQLRHKGFFK57DA,仁愛段,38.33,都市：其他:住宅區,10000,68,持分移轉,00350000
RPXNMLQKJHLGFDK76DA,新山佳段,35.69,都市：其他:住宅區,100000,8931,持分移轉,10810000
RPOPMLMLKIKGFFK68DA,仁愛段,38.90,都市：其他:住宅區,10000,69,持分移轉,00350000
RPXNMLQKJHLGFDK76DA,新山佳段,9.54,都市：其他:住宅區,100000,8932,持分移轉,10810001
RPXNMLPKKIKGFFK96DA,八德段,32.75,都市：其他:住宅區,100000,1092,持分移轉,00310000
RPQSMLMLKIKGFFK56DA,八德段,32.78,都市：其他:住宅區,100000,1093,持分移轉,00310000
RPXNMLMLKIKGFFK76DA,仁愛段,24.24,都市：其他:住宅區,10000,43,持分移轉,00350000
RPQOMLSJJHLGFFK09DA,德義段,127.86,都市：其他:工業區,100000,9392,持分移轉,10090002
RPXNMLQJJHLGFFK86DA,八德段,29.07,都市：其他:住宅區,100000,969,持分移轉,00310000
RPSOMLKMJHLGFDK58DA,新山佳段,24.34,都市：其他:住宅區,100000,440,持分移轉,14320000
RPVRMLSLJHLGFDK27DA,新山佳段,19.14,都市：其他:住宅區,100000,346,持分移轉,14320000
RPTNMLSLJHLGFDK66DA,新山佳段,18.15,都市：其他:住宅區,100000,328,持分移轉,14320000
RPRPMLNLJHLGFDK78DA,新山佳段,21.74,都市：其他:住宅區,100000,393,持分移轉,14320000
RPRSMLSLJHLGFDK96DA,新山佳段,24.34,都市：其他:住宅區,100000,440,持分移轉,14320000
RPSSMLSLJHLGFDK07DA,新山佳段,24.34,都市：其他:住宅區,100000,440,持分移轉,14320000
RPQOMLKMJHLGFDK38DA,新山佳段,17.15,都市：其他:住宅區,100000,310,持分移轉,14320000
RPPNMLTLJHLGFBK78DA,文發段,31.96,都市：其他:住宅區,10000,670,持分移轉,06690000
RPRNMLTLJHLGFBK98DA,文發段,31.96,都市：其他:住宅區,10000,670,持分移轉,06690000
RPROMLTLJHLGFBK09DA,文發段,31.96,都市：其他:住宅區,10000,670,持分移轉,06690000
RPUNMLMLJHLGFFK98DA,仁愛段,28.75,都市：其他:住宅區,10000,51,持分移轉,00350000
RPRPMLTLJHLGFBK56DA,文發段,31.96,都市：其他:住宅區,10000,670,持分移轉,06690000
RPPPMLRJJHLGFDK78DA,龍頂段,48.44,都市：其他:第一種住宅區,100000,6939,持分移轉,01760000
RPQNMLNLKIKGFFK78DA,八德段,34.76,都市：其他:住宅區,100000,1159,持分移轉,00310000
RPXQMLKMKIKGFDK76DA,大同段,17.80,都市：其他:科技商務專用區,100000,874,持分移轉,06770002
RPVNMLRLJHLGFDK76DA,新山佳段,18.98,都市：其他:住宅區,100000,343,持分移轉,14320000
RPSNMLOJKIKGFFK88DA,八德段,35.03,都市：其他:住宅區,100000,1168,持分移轉,00310000
RPQNMLLKKIKGFFK48DA,八德段,32.78,都市：其他:住宅區,100000,1093,持分移轉,00310000
RPUQMLRJJHLGFDK76DA,大同段,17.80,都市：其他:科技商務專用區,100000,874,持分移轉,06770002
RPQOMLKMKIKGFDK48DA,大同段,17.80,都市：其他:科技商務專用區,100000,874,持分移轉,06770002
RPSRMLKMKIKGFDK98DA,大同段,17.80,都市：其他:科技商務專用區,100000,874,持分移轉,06770002
RPSNMLLKKIKGFFK68DA,八德段,29.07,都市：其他:住宅區,100000,969,持分移轉,00310000
RPQOMLLKKIKGFFK58DA,八德段,29.07,都市：其他:住宅區,100000,969,持分移轉,00310000
RPPOMLLKKIKGFFK48DA,八德段,29.07,都市：其他:住宅區,100000,969,持分移轉,00310000
RPWNMLRJJHLGFDK66DA,大同段,17.66,都市：其他:科技商務專用區,100000,867,持分移轉,06770002
RPRQMLSJKIKGFBK09DA,館陽段,91.00,都市：其他:住宅區,1,1,全筆移轉,02440013
RPPNMLPLJIKGFEK68DA,新雙湖段,2820.34,非都市：山坡地保育區 ; 非都市編定：農牧用地,1,1,全筆移轉,05810000
RPTOMLMJKIKGFFK88DA,八德段,29.07,都市：其他:住宅區,100000,969,持分移轉,00310000
RPXNMLSLJIKGFDK07DA,龍頂段,12.84,都市：其他:第一種住宅區,10,1,持分移轉,02430000
RPXNMLSLJIKGFDK07DA,龍頂段,47.79,都市：其他:第一種住宅區,1,1,全筆移轉,02430005
RPXNMLSLJIKGFDK07DA,龍頂段,6.54,都市：其他:第一種住宅區,12,1,持分移轉,02430013
RPQNMLRJJHLGFDK68DA,大同段,17.82,都市：其他:科技商務專用區,100000,875,持分移轉,06770002
RPSNMLQLKIKGFDK09DA,新山佳段,25.49,都市：其他:住宅區,100000,6379,持分移轉,10810000
RPVPMLRJJHLGFDK76DA,大同段,17.80,都市：其他:科技商務專用區,100000,874,持分移轉,06770002
RPSNMLQLKIKGFDK09DA,新山佳段,6.81,都市：其他:住宅區,100000,6376,持分移轉,10810001
RPUSMLRJJHLGFDK96DA,大同段,17.80,都市：其他:科技商務專用區,100000,874,持分移轉,06770002
RPVNMLQLJHLGFDK66DA,新山佳段,23.62,都市：其他:住宅區,100000,427,持分移轉,14320000
RPROMLQLJHLGFDK98DA,新山佳段,18.98,都市：其他:住宅區,100000,343,持分移轉,14320000
RPROMLPKKIKGFFK09DA,八德段,29.07,都市：其他:住宅區,100000,969,持分移轉,00310000
RPOOMLKMJHLGFDK18DA,新山佳段,17.15,都市：其他:住宅區,100000,310,持分移轉,14320000
RPSNMLTLJHLGFBK09DA,文發段,31.96,都市：其他:住宅區,10000,670,持分移轉,06690000
RPSOMLTLJHLGFBK56DA,文發段,31.96,都市：其他:住宅區,10000,670,持分移轉,06690000
RPVNMLPJJHLGFBK78DA,館陽段,5.81,都市：其他:住宅區,10000,291,持分移轉,02440000
RPVNMLPJJHLGFBK78DA,館陽段,36.33,都市：其他:住宅區,10000,291,持分移轉,02440025
RPWQMLSLJHLGFDK27DA,新山佳段,17.15,都市：其他:住宅區,100000,310,持分移轉,14320000
RPPPMLTLJHLGFBK98DA,文發段,46.74,都市：其他:住宅區,10000,980,持分移轉,06690000
RPRSMLRJJHLGFDK66DA,大同段,17.66,都市：其他:科技商務專用區,100000,867,持分移轉,06770002
RPROMLRJJHLGFDK88DA,大同段,17.66,都市：其他:科技商務專用區,100000,867,持分移轉,06770002
RPSQMLKMKIKGFDK88DA,大同段,17.80,都市：其他:科技商務專用區,100000,874,持分移轉,06770002
RPTOMLTLJHLGFBK66DA,文發段,31.96,都市：其他:住宅區,10000,670,持分移轉,06690000
RPPSMLRJJHLGFDK09DA,大同段,17.80,都市：其他:科技商務專用區,100000,874,持分移轉,06770002
RPUQMLSLJHLGFDK07DA,新山佳段,17.15,都市：其他:住宅區,100000,310,持分移轉,14320000
RPRTMLRJJHLGFDK76DA,大同段,17.66,都市：其他:科技商務專用區,100000,867,持分移轉,06770002
RPTQMLSLJHLGFDK96DA,新山佳段,17.15,都市：其他:住宅區,100000,310,持分移轉,14320000
RPPQMLKKKHLGFDK38DA,新山佳段,17.15,都市：其他:住宅區,100000,310,持分移轉,14320000
RPPQMLKMKIKGFDK58DA,大同段,17.66,都市：其他:科技商務專用區,100000,867,持分移轉,06770002
RPTNMLRJJHLGFDK98DA,大同段,14.20,都市：其他:科技商務專用區,100000,697,持分移轉,06770002
RPRRMLRJJHLGFDK56DA,大同段,17.66,都市：其他:科技商務專用區,100000,867,持分移轉,06770002
RPQPMLRJJHLGFDK88DA,大同段,17.80,都市：其他:科技商務專用區,100000,874,持分移轉,06770002
RPUNMLRJJHLGFDK09DA,大同段,17.80,都市：其他:科技商務專用區,100000,874,持分移轉,06770002
RPWOMLMJKIKGFFK56DA,八德段,32.75,都市：其他:住宅區,100000,1092,持分移轉,00310000
RPPOMLSJKIKGFBK68DA,館陽段,105.13,都市：其他:住宅區,1,1,全筆移轉,02440017
RPUNMLSLJIKGFDK76DA,龍頂段,12.84,都市：其他:第一種住宅區,10,1,持分移轉,02430000
RPUNMLSLJIKGFDK76DA,龍頂段,47.79,,1,1,全筆移轉,02430002
RPUNMLSLJIKGFDK76DA,龍頂段,6.54,,12,1,持分移轉,02430013
RPURMLRJJHLGFDK86DA,大同段,17.80,都市：其他:科技商務專用區,100000,874,持分移轉,06770002
RPTNMLKMKIKGFDK68DA,大同段,13.97,都市：其他:科技商務專用區,100000,686,持分移轉,06770002
RPQVMLRJJHLGFDK86DA,后厝段,4.44,都市：其他:住宅區,10000,723,持分移轉,00280002
RPSNMLQKKIKGFFK56DA,八德段,32.75,都市：其他:住宅區,100000,1092,持分移轉,00310000
RPWQMLRJJHLGFDK96DA,大同段,17.66,都市：其他:科技商務專用區,100000,867,持分移轉,06770002
RPQVMLRJJHLGFDK86DA,后厝段,20.78,都市：其他:住宅區,10000,723,持分移轉,00340000
RPOOMLLLJHLGFDK18DA,龍椅段,42.49,都市：其他:第一種住宅區,1000000,34501,持分移轉,02680000
RPWSMLRJJHLGFDK17DA,大同段,17.66,都市：其他:科技商務專用區,100000,867,持分移轉,06770002
RPVOMLSLJHLGFBK76DA,館聖段,37.44,都市：其他:住宅區,70473,3744,持分移轉,04560062
RPSNMLKMKIKGFDK58DA,大同段,17.66,都市：其他:科技商務專用區,100000,867,持分移轉,06770002
RPPTMLRJJHLGFDK56DA,大同段,17.80,都市：其他:科技商務專用區,100000,874,持分移轉,06770002
RPWPMLNLJHLGFDK66DA,龍椅段,48.41,都市：其他:第一種住宅區,1000000,39300,持分移轉,02680000
RPSOMLKMKIKGFDK68DA,大同段,17.66,都市：其他:科技商務專用區,100000,867,持分移轉,06770002
RPUNMLKMKIKGFDK78DA,大同段,14.18,都市：其他:科技商務專用區,100000,696,持分移轉,06770002
RPQOMLPKKIKGFBK58DA,英才段,45.70,都市：其他:住宅區,10000,770,持分移轉,10530000
RPQQMLNLJHLGFDK78DA,龍椅段,47.73,都市：其他:第一種住宅區,1000000,38753,持分移轉,02680000
RPPRMLNLJHLGFDK78DA,龍椅段,42.49,都市：其他:第一種住宅區,1000000,34501,持分移轉,02680000
RPUOMLRKKIKGFFK96DA,八德段,32.75,都市：其他:住宅區,100000,1092,持分移轉,00310000
RPSOMLPJJHLGFBK58DA,館陽段,7.26,都市：其他:住宅區,10000,364,持分移轉,02440000
RPSOMLPJJHLGFBK58DA,館陽段,45.44,都市：其他:住宅區,10000,364,持分移轉,02440025
RPRQMLNLJHLGFDK88DA,龍椅段,56.45,都市：其他:第一種住宅區,1000000,45831,持分移轉,02680000
RPPOMLTJKHLGFBK78DA,館聖段,37.44,都市：其他:住宅區,70473,3744,持分移轉,04560062
RPRNMLQLJHLGFDK88DA,新山佳段,21.74,都市：其他:住宅區,100000,393,持分移轉,14320000
RPWNMLQLJHLGFDK76DA,新山佳段,23.62,都市：其他:住宅區,100000,427,持分移轉,14320000
RPROMLSLJHLGFDK56DA,新山佳段,17.15,都市：其他:住宅區,100000,310,持分移轉,14320000
RPQOMLQLJHLGFDK88DA,新山佳段,18.98,都市：其他:住宅區,100000,343,持分移轉,14320000
RPUNMLLKKHLGFBK48DA,五谷岡段,14.29,都市：其他:農業區,21,3,持分移轉,05710000
RPUNMLLKKHLGFBK48DA,五谷岡段,16.47,都市：其他:農業區,300000,14796,持分移轉,08020000
RPUNMLLKKHLGFBK48DA,五谷岡段,16.47,都市：其他:農業區,300000,14796,持分移轉,08020018
RPVPMLSLJHLGFDK07DA,新山佳段,24.34,都市：其他:住宅區,100000,440,持分移轉,14320000
RPPPMLRLJHLGFDK98DA,新山佳段,24.34,都市：其他:住宅區,100000,440,持分移轉,14320000
RPVNMLLKKHLGFBK58DA,五谷岡段,14.29,都市：其他:農業區,7,1,持分移轉,05710000
RPVNMLLKKHLGFBK58DA,五谷岡段,16.41,都市：其他:農業區,100000,4914,持分移轉,08020000
RPVNMLLKKHLGFBK58DA,五谷岡段,16.41,都市：其他:農業區,100000,4914,持分移轉,08020018
RPQTMLKMKIKGFDK98DA,大同段,17.66,都市：其他:科技商務專用區,100000,867,持分移轉,06770002
RPRRMLKMKIKGFDK88DA,大同段,14.18,都市：其他:科技商務專用區,100000,696,持分移轉,06770002
RPRNMLMKKHLGFDK48DA,新山佳段,19.14,都市：其他:住宅區,100000,346,持分移轉,14320000
RPVNMLKMKIKGFDK88DA,大同段,17.80,都市：其他:科技商務專用區,100000,874,持分移轉,06770002
RPRRMLSLJHLGFDK86DA,新山佳段,19.14,都市：其他:住宅區,100000,346,持分移轉,14320000
RPTRMLSLJHLGFDK07DA,新山佳段,19.14,都市：其他:住宅區,100000,346,持分移轉,14320000
RPPQMLNLJHLGFDK68DA,龍椅段,42.49,都市：其他:第一種住宅區,1000000,34501,持分移轉,02680000
RPVNMLPKKIKGFBK98DA,英才段,46.23,都市：其他:住宅區,10000,779,持分移轉,10530000
RPWNMLPKKIKGFBK09DA,英才段,46.17,都市：其他:住宅區,10000,778,持分移轉,10530000
RPPQMLSJKIKGFBK88DA,館陽段,91.00,都市：其他:住宅區,1,1,全筆移轉,02440002
RPRSMLMLKIKGFFK66DA,八德段,29.07,都市：其他:住宅區,100000,969,持分移轉,00310000
RPPNMLSJKIKGFFK98DA,八德段,29.07,都市：其他:住宅區,100000,969,持分移轉,00310000
RPSPMLPJJHLGFBK68DA,館陽段,7.40,都市：其他:住宅區,10000,371,持分移轉,02440000
RPSPMLPJJHLGFBK68DA,館陽段,46.32,都市：其他:住宅區,10000,371,持分移轉,02440025
RPSVMLRJJHLGFDK07DA,后厝段,4.44,都市：其他:住宅區,10000,723,持分移轉,00280002
RPSVMLRJJHLGFDK07DA,后厝段,20.78,都市：其他:住宅區,10000,723,持分移轉,00340000
RPROMLLLJHLGFDK48DA,龍椅段,59.52,都市：其他:第一種住宅區,1000000,48324,持分移轉,02680000
RPSPMLRJJHLGFDK09DA,大同段,17.66,都市：其他:科技商務專用區,100000,867,持分移轉,06770002
RPPPMLLLJHLGFDK38DA,龍椅段,47.73,都市：其他:第一種住宅區,1000000,38753,持分移轉,02680000
RPSNMLRJJHLGFDK88DA,大同段,13.99,都市：其他:科技商務專用區,100000,687,持分移轉,06770002
RPRPMLLLJHLGFDK58DA,龍椅段,56.45,都市：其他:第一種住宅區,1000000,45831,持分移轉,02680000
RPOOMLPJJHLGFBK18DA,館陽段,5.83,都市：其他:住宅區,10000,292,持分移轉,02440000
RPOOMLPJJHLGFBK18DA,館陽段,36.45,都市：其他:住宅區,10000,292,持分移轉,02440025
RPUOMLRJJHLGFDK56DA,大同段,17.80,都市：其他:科技商務專用區,100000,874,持分移轉,06770002
RPUOMLSLJHLGFBK66DA,館聖段,37.44,都市：其他:住宅區,70473,3744,持分移轉,04560062
RPXUMLRJJHLGFDK47DA,后厝段,6.31,都市：其他:住宅區,10000,1027,持分移轉,00280002
RPXUMLRJJHLGFDK47DA,后厝段,29.51,都市：其他:住宅區,10000,1027,持分移轉,00340000
RPTNMLSKKIKGFFK86DA,東庄段,19.68,都市：其他:住宅區,100000,3572,持分移轉,04890000
RPXPMLPJJHLGFBK56DA,館陽段,7.56,都市：其他:住宅區,10000,379,持分移轉,02440000
RPXPMLPJJHLGFBK56DA,館陽段,47.31,都市：其他:住宅區,10000,379,持分移轉,02440025
RPQNMLQJJHLGFFK78DA,東庄段,18.90,都市：其他:住宅區,100000,3430,持分移轉,04890000
RPXOMLPJJHLGFBK09DA,館陽段,7.90,都市：其他:住宅區,10000,396,持分移轉,02440000
RPXNMLPKJHLGFFK86DA,東庄段,19.68,都市：其他:住宅區,100000,3572,持分移轉,04890000
RPXOMLPJJHLGFBK09DA,館陽段,49.44,都市：其他:住宅區,10000,396,持分移轉,02440025
RPSOMLPKKIKGFFK56DA,東庄段,18.90,都市：其他:住宅區,100000,3430,持分移轉,04890000
RPSNMLNJKHLGFBK38DA,館聖段,40.45,都市：其他:住宅區,70473,4045,持分移轉,04560062
RPSOMLQLRHKGFDK17DA,大同段,8.86,都市：其他:第一種住宅區,100000,10192,持分移轉,11290003
RPSOMLQLRHKGFDK17DA,大同段,99.58,都市：其他:第一種住宅區,1,1,全筆移轉,11290007
RPSOMLQLRHKGFDK17DA,大同段,.46,都市：其他:第一種住宅區,100000,10192,持分移轉,11290011
RPSOMLQLRHKGFDK17DA,大同段,24.44,都市：其他:第一種住宅區,100000,24894,持分移轉,11290012
RPVNMLRKJHLGFBK09DA,館陽段,6.01,都市：其他:住宅區,10000,1091,持分移轉,02440015
RPVNMLRKJHLGFBK09DA,館陽段,32.32,都市：其他:住宅區,10000,1091,持分移轉,02440016
RPUNMLRLJHLGFDK66DA,新山佳段,18.98,都市：其他:住宅區,100000,343,持分移轉,14320000
RPRNMLRKJHLGFBK68DA,館陽段,7.77,都市：其他:住宅區,10000,1409,持分移轉,02440015
RPRNMLRKJHLGFBK68DA,館陽段,41.74,都市：其他:住宅區,10000,1409,持分移轉,02440016
RPWPMLSLJHLGFDK17DA,新山佳段,24.34,都市：其他:住宅區,100000,440,持分移轉,14320000
RPWNMLNLJHLGFDK09DA,新山佳段,16.65,都市：其他:住宅區,100000,301,持分移轉,14320000
RPXNMLNLJHLGFDK56DA,新山佳段,16.65,都市：其他:住宅區,100000,301,持分移轉,14320000
RPOOMLPKJHLGFFK68DA,東庄段,18.11,都市：其他:住宅區,100000,3287,持分移轉,04890000
RPVOMLRLJHLGFDK86DA,新山佳段,16.65,都市：其他:住宅區,100000,301,持分移轉,14320000
RPOQMLSLJHLGFDK09DA,新山佳段,18.15,都市：其他:住宅區,100000,328,持分移轉,14320000
RPTNMLRLJHLGFDK56DA,新山佳段,18.98,都市：其他:住宅區,100000,343,持分移轉,14320000
RPRPMLRLJHLGFDK56DA,新山佳段,24.34,都市：其他:住宅區,100000,440,持分移轉,14320000
RPSNMLSLJHLGFDK56DA,新山佳段,18.15,都市：其他:住宅區,100000,328,持分移轉,14320000
RPTNMLNJKHLGFBK48DA,館聖段,44.30,都市：其他:住宅區,70473,4430,持分移轉,04560062
RPWNMLSLJHLGFDK96DA,新山佳段,17.15,都市：其他:住宅區,100000,310,持分移轉,14320000
RPQNMLSLJHLGFDK98DA,新山佳段,24.34,都市：其他:住宅區,100000,440,持分移轉,14320000
RPPPMLSLJHLGFDK09DA,新山佳段,24.34,都市：其他:住宅區,100000,440,持分移轉,14320000
RPORMLSLJHLGFDK56DA,新山佳段,19.14,都市：其他:住宅區,100000,346,持分移轉,14320000
RPXOMLSLJHLGFDK17DA,新山佳段,19.14,都市：其他:住宅區,100000,346,持分移轉,14320000
RPVOMLKKKHLGFDK78DA,新山佳段,23.62,都市：其他:住宅區,100000,427,持分移轉,14320000
RPSQMLSLJHLGFDK86DA,新山佳段,18.15,都市：其他:住宅區,100000,328,持分移轉,14320000
RPSPMLSLJHLGFDK76DA,新山佳段,24.34,都市：其他:住宅區,100000,440,持分移轉,14320000
RPQRMLSLJHLGFDK76DA,新山佳段,19.14,都市：其他:住宅區,100000,346,持分移轉,14320000
RPSPMLKKKHLGFDK58DA,新山佳段,17.15,都市：其他:住宅區,100000,310,持分移轉,14320000
RPORMLRJJHLGFDK88DA,大同段,14.18,都市：其他:科技商務專用區,100000,696,持分移轉,06770002
RPVPMLKKKHLGFDK88DA,新山佳段,19.14,都市：其他:住宅區,100000,346,持分移轉,14320000
RPSNMLLJKIKGFDK38DA,新生段,24.87,都市：其他:住宅區,10000,1082,持分移轉,02180000
RPROMLKMJHLGFDK48DA,新山佳段,24.34,都市：其他:住宅區,100000,440,持分移轉,14320000
RPRQMLKKKHLGFDK58DA,新山佳段,19.14,都市：其他:住宅區,100000,346,持分移轉,14320000
RPPOMLSKJIKGFFK09DA,八德段,29.07,都市：其他:住宅區,100000,969,持分移轉,00310000
RPPNMLPJLHLGFDK58DA,新山佳段,18.98,都市：其他:住宅區,100000,343,持分移轉,14320000
RPWNMLQLKHLGFBK66DA,五谷岡段,24.03,都市：其他:農業區,100000,7196,持分移轉,08020000
RPOOMLSKJIKGFFK98DA,八德段,29.07,都市：其他:住宅區,100000,969,持分移轉,00310000
RPWNMLQLKHLGFBK66DA,五谷岡段,24.03,都市：其他:農業區,100000,7196,持分移轉,08020018
RPXNMLPKKIKGFBK56DA,英才段,45.70,都市：其他:住宅區,10000,770,持分移轉,10530000
RPPOMLQLRHKGFDK86DA,大同段,8.87,都市：其他:第一種住宅區,100000,10210,持分移轉,11290003
RPPOMLQLRHKGFDK86DA,大同段,99.28,都市：其他:第一種住宅區,1,1,全筆移轉,11290009
RPPOMLQLRHKGFDK86DA,大同段,.46,都市：其他:第一種住宅區,100000,10210,持分移轉,11290011
RPPOMLQLRHKGFDK86DA,大同段,24.48,都市：其他:第一種住宅區,100000,24938,持分移轉,11290012
RPVPMLSJKIKGFBK76DA,館陽段,99.75,都市：其他:住宅區,1,1,全筆移轉,02440006
RPVPMLSJKIKGFBK76DA,館陽段,5.25,都市：其他:住宅區,1,1,全筆移轉,02440007
RPOOMLOJKIKGFFK58DA,八德段,32.75,都市：其他:住宅區,100000,1092,持分移轉,00310000
RPROMLNJKIKGFFK78DA,正興段,28.35,都市：其他:住宅區,100000,2364,持分移轉,13560000
RPQNMLSJKIKGFFK09DA,東庄段,18.90,都市：其他:住宅區,100000,3430,持分移轉,04890000
RPOQMLSJKIKGFBK78DA,館陽段,91.00,都市：其他:住宅區,1,1,全筆移轉,02440003
RPOOMLPKKIKGFFK78DA,八德段,29.07,都市：其他:住宅區,100000,969,持分移轉,00310000
RPSQMLSJKIKGFBK56DA,館陽段,91.00,都市：其他:住宅區,1,1,全筆移轉,02440004
RPSPMLSJKIKGFBK09DA,館陽段,91.00,都市：其他:住宅區,1,1,全筆移轉,02440011
RPRNMLQKKIKGFFK09DA,八德段,29.07,都市：其他:住宅區,100000,969,持分移轉,00310000
RPWNMLQLRHKGFDK47DA,大同段,8.63,都市：其他:第一種住宅區,100000,9925,持分移轉,11290003
RPWNMLQLRHKGFDK47DA,大同段,97.26,都市：其他:第一種住宅區,1,1,全筆移轉,11290006
RPWNMLQLRHKGFDK47DA,大同段,.45,都市：其他:第一種住宅區,100000,9925,持分移轉,11290011
RPVNMLQLRHKGFDK37DA,大同段,8.40,都市：其他:第一種住宅區,100000,9666,持分移轉,11290003
RPTOMLSKKIKGFFK96DA,自強段,43.15,都市：其他:住宅區,100000,9355,持分移轉,17060000
RPVNMLQLRHKGFDK37DA,大同段,90.56,都市：其他:第一種住宅區,1,1,全筆移轉,11290005
RPVNMLQLRHKGFDK37DA,大同段,.43,都市：其他:第一種住宅區,100000,9666,持分移轉,11290011
RPTNMLQKKIKGFFK66DA,八德段,29.07,都市：其他:住宅區,100000,969,持分移轉,00310000
RPQOMLPKKIKGFFK98DA,八德段,29.07,都市：其他:住宅區,100000,969,持分移轉,00310000
RPRNMLNLKIKGFFK88DA,八德段,32.75,都市：其他:住宅區,100000,1092,持分移轉,00310000
RPPSMLMLKIKGFFK09DA,八德段,34.85,都市：其他:住宅區,100000,1162,持分移轉,00310000
RPPOMLPKKIKGFFK88DA,八德段,32.75,都市：其他:住宅區,100000,1092,持分移轉,00310000
RPSOMLNLKIKGFFK09DA,八德段,29.07,都市：其他:住宅區,100000,969,持分移轉,00310000
RPUNMLQLRHKGFDK27DA,大同段,8.64,都市：其他:第一種住宅區,100000,9937,持分移轉,11290003
RPUNMLQLRHKGFDK27DA,大同段,91.86,都市：其他:第一種住宅區,1,1,全筆移轉,11290004
RPUNMLQLRHKGFDK27DA,大同段,.45,都市：其他:第一種住宅區,100000,9937,持分移轉,11290011
RPWNMLPJJHLGFBK88DA,館陽段,5.81,都市：其他:住宅區,10000,291,持分移轉,02440000
RPWNMLPJJHLGFBK88DA,館陽段,36.33,都市：其他:住宅區,10000,291,持分移轉,02440025
RPUNMLPJJHLGFBK68DA,館陽段,5.81,都市：其他:住宅區,10000,291,持分移轉,02440000
RPUNMLPJJHLGFBK68DA,館陽段,36.33,都市：其他:住宅區,10000,291,持分移轉,02440025
RPSNMLSKKIKGFFK76DA,東庄段,18.11,都市：其他:住宅區,100000,3287,持分移轉,04890000
RPRQMLPJJHLGFBK68DA,館陽段,8.12,都市：其他:住宅區,10000,407,持分移轉,02440000
RPRQMLPJJHLGFBK68DA,館陽段,50.81,都市：其他:住宅區,10000,407,持分移轉,02440025
RPROMLPJJHLGFBK48DA,館陽段,5.83,都市：其他:住宅區,10000,292,持分移轉,02440000
RPTQMLPJJHLGFBK88DA,館陽段,8.12,都市：其他:住宅區,10000,407,持分移轉,02440000
RPOPMLPJJHLGFBK28DA,館陽段,7.90,都市：其他:住宅區,10000,396,持分移轉,02440000
RPROMLPJJHLGFBK48DA,館陽段,36.45,都市：其他:住宅區,10000,292,持分移轉,02440025
RPTQMLPJJHLGFBK88DA,館陽段,50.81,都市：其他:住宅區,10000,407,持分移轉,02440025
RPOPMLPJJHLGFBK28DA,館陽段,49.44,都市：其他:住宅區,10000,396,持分移轉,02440025
RPPPMLPJJHLGFBK38DA,館陽段,7.90,都市：其他:住宅區,10000,396,持分移轉,02440000
RPPOMLPJJHLGFBK28DA,館陽段,5.83,都市：其他:住宅區,10000,292,持分移轉,02440000
RPPPMLPJJHLGFBK38DA,館陽段,49.44,都市：其他:住宅區,10000,396,持分移轉,02440025
RPPOMLPJJHLGFBK28DA,館陽段,36.45,都市：其他:住宅區,10000,292,持分移轉,02440025
RPUOMLPJJHLGFBK78DA,館陽段,7.26,都市：其他:住宅區,10000,364,持分移轉,02440000
RPTPMLPJJHLGFBK78DA,館陽段,7.40,都市：其他:住宅區,10000,371,持分移轉,02440000
RPUOMLPJJHLGFBK78DA,館陽段,45.44,都市：其他:住宅區,10000,364,持分移轉,02440025
RPTPMLPJJHLGFBK78DA,館陽段,46.32,都市：其他:住宅區,10000,371,持分移轉,02440025
RPPVMLRJJHLGFDK76DA,后厝段,4.44,都市：其他:住宅區,10000,723,持分移轉,00280002
RPPVMLRJJHLGFDK76DA,后厝段,20.78,都市：其他:住宅區,10000,723,持分移轉,00340000
RPVQMLRJJHLGFDK86DA,大同段,13.67,都市：其他:科技商務專用區,100000,671,持分移轉,06770002
RPVSMLRJJHLGFDK07DA,大同段,12.51,都市：其他:科技商務專用區,100000,614,持分移轉,06770002
RPOTMLRJJHLGFDK09DA,大同段,14.18,都市：其他:科技商務專用區,100000,696,持分移轉,06770002
RPRPMLRJJHLGFDK98DA,大同段,13.67,都市：其他:科技商務專用區,100000,671,持分移轉,06770002
RPUOMLKMKIKGFDK88DA,大同段,14.18,都市：其他:科技商務專用區,100000,696,持分移轉,06770002
RPXNMLLLJHLGFDK98DA,龍椅段,47.13,都市：其他:第一種住宅區,1000000,38265,持分移轉,02680000
RPTNMLMKJHLGFDK58DA,后厝段,4.61,都市：其他:住宅區,10000,750,持分移轉,00280002
RPWUMLRJJHLGFDK37DA,后厝段,6.31,都市：其他:住宅區,10000,1027,持分移轉,00280002
RPOSMLRJJHLGFDK98DA,大同段,14.18,都市：其他:科技商務專用區,100000,696,持分移轉,06770002
RPTNMLMKJHLGFDK58DA,后厝段,21.55,都市：其他:住宅區,10000,750,持分移轉,00340000
RPWUMLRJJHLGFDK37DA,后厝段,29.51,都市：其他:住宅區,10000,1027,持分移轉,00340000
RPUNMLLLJHLGFDK68DA,龍椅段,59.52,都市：其他:第一種住宅區,1000000,48324,持分移轉,02680000
RPSOMLLLJHLGFDK58DA,龍椅段,42.49,都市：其他:第一種住宅區,1000000,34501,持分移轉,02680000
RPUOMLLLJHLGFDK78DA,龍椅段,56.45,都市：其他:第一種住宅區,1000000,45831,持分移轉,02680000
RPTUMLRJJHLGFDK07DA,后厝段,6.31,都市：其他:住宅區,10000,1027,持分移轉,00280002
RPTUMLRJJHLGFDK07DA,后厝段,29.51,都市：其他:住宅區,10000,1027,持分移轉,00340000
RPRNMLMJJHLGFFK48DA,八德段,32.75,都市：其他:住宅區,100000,1092,持分移轉,00310000
RPTOMLLLJHLGFDK68DA,龍椅段,21.25,都市：其他:第一種住宅區,2000000,34501,持分移轉,02680000
RPQNMLMKJHLGFDK28DA,后厝段,4.61,都市：其他:住宅區,10000,750,持分移轉,00280002
RPTOMLLLJHLGFDK68DA,龍椅段,21.25,都市：其他:第一種住宅區,2000000,34501,持分移轉,02680000
RPQNMLMKJHLGFDK28DA,后厝段,21.55,都市：其他:住宅區,10000,750,持分移轉,00340000
RPRVMLRJJHLGFDK96DA,后厝段,4.44,都市：其他:住宅區,10000,723,持分移轉,00280002
RPRVMLRJJHLGFDK96DA,后厝段,20.78,都市：其他:住宅區,10000,723,持分移轉,00340000
RPUNMLQKJHLGFFK66DA,東庄段,19.01,都市：其他:住宅區,100000,3450,持分移轉,04890000
RPPNMLMKJHLGFDK18DA,后厝段,4.61,都市：其他:住宅區,10000,750,持分移轉,00280002
RPPNMLMKJHLGFDK18DA,后厝段,21.55,都市：其他:住宅區,10000,750,持分移轉,00340000
RPRNMLMKJHLGFDK38DA,后厝段,4.61,都市：其他:住宅區,10000,750,持分移轉,00280002
RPRNMLMKJHLGFDK38DA,后厝段,21.55,都市：其他:住宅區,10000,750,持分移轉,00340000
RPUPMLSJKIKGFBK66DA,館陽段,5.25,都市：其他:住宅區,1,1,全筆移轉,02440008
RPUPMLSJKIKGFBK66DA,館陽段,99.75,都市：其他:住宅區,1,1,全筆移轉,02440009
RPVPMLPJJHLGFBK98DA,館陽段,7.56,都市：其他:住宅區,10000,379,持分移轉,02440000
RPVPMLPJJHLGFBK98DA,館陽段,47.31,都市：其他:住宅區,10000,379,持分移轉,02440025
RPQNMLRKJHLGFBK58DA,館陽段,7.77,都市：其他:住宅區,10000,1409,持分移轉,02440015
RPQNMLRKJHLGFBK58DA,館陽段,41.74,都市：其他:住宅區,10000,1409,持分移轉,02440016
RPOPMLRKKIKGFFK09DA,東庄段,18.90,都市：其他:住宅區,100000,3430,持分移轉,04890000
RPQOMLPJJHLGFBK38DA,館陽段,5.83,都市：其他:住宅區,10000,292,持分移轉,02440000
RPQOMLPJJHLGFBK38DA,館陽段,36.45,都市：其他:住宅區,10000,292,持分移轉,02440025
RPOQMLPJJHLGFBK38DA,館陽段,8.12,都市：其他:住宅區,10000,407,持分移轉,02440000
RPTPMLKMKIKGFDK88DA,大同段,14.18,都市：其他:科技商務專用區,100000,696,持分移轉,06770002
RPPNMLSKKIKGFFK09DA,東庄段,19.68,都市：其他:住宅區,100000,3572,持分移轉,04890000
RPOQMLPJJHLGFBK38DA,館陽段,50.81,都市：其他:住宅區,10000,407,持分移轉,02440025
RPSNMLRKJHLGFBK78DA,館陽段,7.77,都市：其他:住宅區,10000,1409,持分移轉,02440015
RPUNMLRKJHLGFBK98DA,館陽段,6.01,都市：其他:住宅區,10000,1091,持分移轉,02440015
RPSNMLRKJHLGFBK78DA,館陽段,41.74,都市：其他:住宅區,10000,1409,持分移轉,02440016
RPUNMLRKJHLGFBK98DA,館陽段,32.32,都市：其他:住宅區,10000,1091,持分移轉,02440016
RPXOMLRKKIKGFFK27DA,東庄段,18.20,都市：其他:住宅區,100000,3303,持分移轉,04890000
RPTNMLRKJHLGFBK88DA,館陽段,6.01,都市：其他:住宅區,10000,1091,持分移轉,02440015
RPTNMLRKJHLGFBK88DA,館陽段,32.32,都市：其他:住宅區,10000,1091,持分移轉,02440016
RPWNMLRKJHLGFBK56DA,館陽段,6.01,都市：其他:住宅區,10000,1091,持分移轉,02440015
RPWNMLRKJHLGFBK56DA,館陽段,32.32,都市：其他:住宅區,10000,1091,持分移轉,02440016
RPWQMLKMKIKGFDK66DA,大同段,14.18,都市：其他:科技商務專用區,100000,696,持分移轉,06770002
RPSSMLKMKIKGFDK09DA,大同段,14.18,都市：其他:科技商務專用區,100000,696,持分移轉,06770002
RPSOMLRJJHLGFDK98DA,大同段,13.97,都市：其他:科技商務專用區,100000,686,持分移轉,06770002
RPXOMLKMKIKGFDK56DA,大同段,17.66,都市：其他:科技商務專用區,100000,867,持分移轉,06770002
RPXOMLSKKIKGFFK37DA,東庄段,19.83,都市：其他:住宅區,100000,3599,持分移轉,04890000
RPTQMLNLJHLGFDK09DA,龍椅段,47.73,都市：其他:第一種住宅區,1000000,38753,持分移轉,02680000
RPWQMLNLJHLGFDK76DA,龍椅段,47.13,都市：其他:第一種住宅區,1000000,38265,持分移轉,02680000
RPWPMLKMKIKGFDK56DA,大同段,13.97,都市：其他:科技商務專用區,100000,686,持分移轉,06770002
RPOQMLNLJHLGFDK58DA,龍椅段,42.49,都市：其他:第一種住宅區,1000000,34501,持分移轉,02680000
RPQRMLNLJHLGFDK88DA,龍椅段,42.49,都市：其他:第一種住宅區,1000000,34501,持分移轉,02680000
RPXQMLNLJHLGFDK86DA,龍椅段,47.73,都市：其他:第一種住宅區,1000000,38753,持分移轉,02680000
RPXRMLRJJHLGFDK17DA,大同段,13.97,都市：其他:科技商務專用區,100000,686,持分移轉,06770002
RPWPMLRJJHLGFDK86DA,大同段,13.67,都市：其他:科技商務專用區,100000,671,持分移轉,06770002
RPORMLNLJHLGFDK68DA,龍椅段,47.13,都市：其他:第一種住宅區,1000000,38265,持分移轉,02680000
RPTOMLRJJHLGFDK09DA,大同段,14.18,都市：其他:科技商務專用區,100000,696,持分移轉,06770002
RPQQMLRJJHLGFDK98DA,大同段,17.80,都市：其他:科技商務專用區,100000,874,持分移轉,06770002
RPTSMLRJJHLGFDK86DA,大同段,14.18,都市：其他:科技商務專用區,100000,696,持分移轉,06770002
RPUNMLNJKIKGFFK98DA,正興段,41.50,都市：其他:住宅區,100000,3461,持分移轉,13560000
RPOSMLKMKIKGFDK68DA,大同段,17.80,都市：其他:科技商務專用區,100000,874,持分移轉,06770002
RPTQMLRJJHLGFDK66DA,大同段,14.18,都市：其他:科技商務專用區,100000,696,持分移轉,06770002
RPXRMLKMKIKGFDK86DA,大同段,14.18,都市：其他:科技商務專用區,100000,696,持分移轉,06770002
RPSTMLKMKIKGFDK56DA,大同段,14.18,都市：其他:科技商務專用區,100000,696,持分移轉,06770002
RPXNMLNJKIKGFFK66DA,正興段,41.62,都市：其他:住宅區,100000,3471,持分移轉,13560000
RPTOMLNJKIKGFFK98DA,正興段,28.34,都市：其他:住宅區,100000,2363,持分移轉,13560000
RPUOMLNJKIKGFFK09DA,正興段,28.34,都市：其他:住宅區,200000,4726,持分移轉,13560000
RPSOMLNJKIKGFFK88DA,正興段,28.34,都市：其他:住宅區,100000,2363,持分移轉,13560000
RPWOMLNJKIKGFFK66DA,正興段,37.65,都市：其他:住宅區,100000,3140,持分移轉,13560000
RPPOMLNJKIKGFFK58DA,正興段,42.32,都市：其他:住宅區,100000,3529,持分移轉,13560000
RPOOMLNJKIKGFFK48DA,正興段,42.32,都市：其他:住宅區,100000,3529,持分移轉,13560000
RPOPMLNJKIKGFFK58DA,正興段,42.35,都市：其他:住宅區,100000,3532,持分移轉,13560000
RPQOMLNJKIKGFFK68DA,正興段,42.32,都市：其他:住宅區,100000,3529,持分移轉,13560000
RPVNMLNJKIKGFFK09DA,正興段,41.62,都市：其他:住宅區,100000,3471,持分移轉,13560000
RPTNMLSLJIKGFDK66DA,新生段,24.87,都市：其他:住宅區,10000,1082,持分移轉,02180000
RPXOMLNJKIKGFFK76DA,正興段,42.35,都市：其他:住宅區,100000,3532,持分移轉,13560000
RPRNMLSLJIKGFDK09DA,新生段,32.60,都市：其他:住宅區,10000,1418,持分移轉,02180000
RPQNMLSJKIKGFBK68DA,館陽段,101.30,都市：其他:住宅區,1,1,全筆移轉,02440018
RPOOMLSJKIKGFBK58DA,館陽段,92.64,都市：其他:住宅區,1,1,全筆移轉,02440022
RPVOMLPJJHLGFBK88DA,館陽段,7.26,都市：其他:住宅區,10000,364,持分移轉,02440000
RPVOMLPJJHLGFBK88DA,館陽段,45.44,都市：其他:住宅區,10000,364,持分移轉,02440025
RPWNMLNJKIKGFFK56DA,正興段,41.62,都市：其他:住宅區,100000,3471,持分移轉,13560000
RPSQMLPJJHLGFBK78DA,館陽段,7.56,都市：其他:住宅區,10000,379,持分移轉,02440000
RPSQMLPJJHLGFBK78DA,館陽段,47.31,都市：其他:住宅區,10000,379,持分移轉,02440025
RPXNMLPJJHLGFBK98DA,館陽段,5.81,都市：其他:住宅區,10000,291,持分移轉,02440000
RPXNMLPJJHLGFBK98DA,館陽段,36.33,都市：其他:住宅區,10000,291,持分移轉,02440025
RPPNMLOJJHLGFFK48DA,正興段,37.65,都市：其他:住宅區,100000,3140,持分移轉,13560000
RPTPMLRJJHLGFDK56DA,大同段,13.97,都市：其他:科技商務專用區,100000,686,持分移轉,06770002
RPOWMLRJJHLGFDK76DA,光復段,3.09,都市：其他:住宅區,10000,1189,持分移轉,00040000
RPOWMLRJJHLGFDK76DA,光復段,84.69,都市：其他:住宅區,1,1,全筆移轉,00040004
RPOWMLRJJHLGFDK76DA,光復段,.62,都市：其他:住宅區,10000,1189,持分移轉,00040012
RPTQMLKMKIKGFDK98DA,大同段,13.67,都市：其他:科技商務專用區,100000,671,持分移轉,06770002
RPSNMLSJKIKGFBK88DA,館陽段,93.48,都市：其他:住宅區,1,1,全筆移轉,02440020
RPTOMLPJJHLGFBK68DA,館陽段,7.26,都市：其他:住宅區,10000,364,持分移轉,02440000
RPTOMLPJJHLGFBK68DA,館陽段,45.44,都市：其他:住宅區,10000,364,持分移轉,02440025
RPOQMLRJJHLGFDK78DA,大同段,13.97,都市：其他:科技商務專用區,100000,686,持分移轉,06770002
RPWOMLKMKIKGFDK09DA,大同段,13.67,都市：其他:科技商務專用區,100000,671,持分移轉,06770002
RPTOMLKMKIKGFDK78DA,大同段,13.97,都市：其他:科技商務專用區,100000,686,持分移轉,06770002
RPOQMLKMKIKGFDK48DA,大同段,17.80,都市：其他:科技商務專用區,100000,874,持分移轉,06770002
RPQQMLPJJHLGFBK58DA,館陽段,8.12,都市：其他:住宅區,10000,407,持分移轉,02440000
RPQQMLPJJHLGFBK58DA,館陽段,50.81,都市：其他:住宅區,10000,407,持分移轉,02440025
RPROMLKMKIKGFDK58DA,大同段,13.67,都市：其他:科技商務專用區,100000,671,持分移轉,06770002
RPOPMLKMKIKGFDK38DA,大同段,13.97,都市：其他:科技商務專用區,100000,686,持分移轉,06770002
RPXPMLKMKIKGFDK66DA,大同段,14.18,都市：其他:科技商務專用區,100000,696,持分移轉,06770002
RPSPMLKMKIKGFDK78DA,大同段,13.97,都市：其他:科技商務專用區,100000,686,持分移轉,06770002
RPQQMLKMKIKGFDK68DA,大同段,13.97,都市：其他:科技商務專用區,100000,686,持分移轉,06770002
RPVQMLKMKIKGFDK56DA,大同段,13.97,都市：其他:科技商務專用區,100000,686,持分移轉,06770002
RPOTMLKMKIKGFDK78DA,大同段,17.80,都市：其他:科技商務專用區,100000,874,持分移轉,06770002
RPQRMLKMKIKGFDK78DA,大同段,13.97,都市：其他:科技商務專用區,100000,686,持分移轉,06770002
RPPRMLKMKIKGFDK68DA,大同段,17.66,都市：其他:科技商務專用區,100000,867,持分移轉,06770002
RPVRMLKMKIKGFDK66DA,大同段,17.66,都市：其他:科技商務專用區,100000,867,持分移轉,06770002
RPQSMLKMKIKGFDK88DA,大同段,17.66,都市：其他:科技商務專用區,100000,867,持分移轉,06770002
RPVSMLKMKIKGFDK76DA,大同段,17.66,都市：其他:科技商務專用區,100000,867,持分移轉,06770002
RPRTMLKMKIKGFDK09DA,大同段,13.97,都市：其他:科技商務專用區,100000,686,持分移轉,06770002
RPXSMLRJJHLGFDK27DA,大同段,13.97,都市：其他:科技商務專用區,100000,686,持分移轉,06770002
RPRNMLKMKIKGFDK48DA,大同段,13.67,都市：其他:科技商務專用區,100000,671,持分移轉,06770002
RPWRMLRJJHLGFDK07DA,大同段,17.66,都市：其他:科技商務專用區,100000,867,持分移轉,06770002
RPTRMLRJJHLGFDK76DA,大同段,14.18,都市：其他:科技商務專用區,100000,696,持分移轉,06770002
RPOOMLKMKIKGFDK28DA,大同段,13.97,都市：其他:科技商務專用區,100000,686,持分移轉,06770002
RPPTMLKMKIKGFDK88DA,大同段,13.67,都市：其他:科技商務專用區,100000,671,持分移轉,06770002
RPTTMLRJJHLGFDK96DA,大同段,13.97,都市：其他:科技商務專用區,100000,686,持分移轉,06770002
RPROMLPKJHLGFFK98DA,東庄段,19.22,都市：其他:住宅區,100000,3488,持分移轉,04890000
RPQPMLKMKIKGFDK58DA,大同段,17.80,都市：其他:科技商務專用區,100000,874,持分移轉,06770002
RPXOMLRJJHLGFDK86DA,大同段,13.97,都市：其他:科技商務專用區,100000,686,持分移轉,06770002
RPWNMLKMKIKGFDK98DA,大同段,12.51,都市：其他:科技商務專用區,100000,614,持分移轉,06770002
RPSPMLTJKHLGFFK96DA,正興段,28.34,都市：其他:住宅區,100000,2363,持分移轉,13560000
RPUPMLKMKIKGFDK98DA,大同段,17.80,都市：其他:科技商務專用區,100000,874,持分移轉,06770002
RPRSMLKMKIKGFDK98DA,大同段,13.97,都市：其他:科技商務專用區,100000,686,持分移轉,06770002
RPVPMLKMKIKGFDK09DA,大同段,17.66,都市：其他:科技商務專用區,100000,867,持分移轉,06770002
RPPQMLRJJHLGFDK88DA,大同段,14.18,都市：其他:科技商務專用區,100000,696,持分移轉,06770002
RPVNMLRJJHLGFDK56DA,大同段,12.51,都市：其他:科技商務專用區,100000,614,持分移轉,06770002
RPTNMLNLKHLGFDK88DA,大同段,13.67,都市：其他:科技商務專用區,100000,671,持分移轉,06770002
RPOPMLRJJHLGFDK68DA,大同段,14.18,都市：其他:科技商務專用區,100000,696,持分移轉,06770002
RPVRMLRJJHLGFDK96DA,大同段,13.67,都市：其他:科技商務專用區,100000,671,持分移轉,06770002
RPSRMLRJJHLGFDK66DA,大同段,13.97,都市：其他:科技商務專用區,100000,686,持分移轉,06770002
RPPSMLKMKIKGFDK78DA,大同段,13.67,都市：其他:科技商務專用區,100000,671,持分移轉,06770002
RPVOMLKMKIKGFDK98DA,大同段,17.80,都市：其他:科技商務專用區,100000,874,持分移轉,06770002
RPTSMLKMKIKGFDK56DA,大同段,17.80,都市：其他:科技商務專用區,100000,874,持分移轉,06770002
RPRPMLKMKIKGFDK68DA,大同段,17.66,都市：其他:科技商務專用區,100000,867,持分移轉,06770002
RPRQMLKMKIKGFDK78DA,大同段,14.18,都市：其他:科技商務專用區,100000,696,持分移轉,06770002
RPORMLKMKIKGFDK58DA,大同段,13.67,都市：其他:科技商務專用區,100000,671,持分移轉,06770002
RPUTMLRJJHLGFDK07DA,大同段,14.18,都市：其他:科技商務專用區,100000,696,持分移轉,06770002
RPPNMLTKJHLGFDK88DA,大同段,13.97,都市：其他:科技商務專用區,100000,686,持分移轉,06770002
RPSSMLRJJHLGFDK76DA,大同段,13.97,都市：其他:科技商務專用區,100000,686,持分移轉,06770002
RPWSMLKMKIKGFDK86DA,大同段,13.97,都市：其他:科技商務專用區,100000,686,持分移轉,06770002
RPOOMLRJJHLGFDK58DA,大同段,14.18,都市：其他:科技商務專用區,100000,696,持分移轉,06770002
RPXNMLQLKHLGFBK76DA,五谷岡段,16.41,都市：其他:農業區,100000,4914,持分移轉,08020000
RPPNMLNKKHLGFBK18DA,五谷岡段,14.29,都市：其他:農業區,7,1,持分移轉,05710000
RPUNMLQLKHLGFBK09DA,五谷岡段,24.03,都市：其他:農業區,100000,7196,持分移轉,08020000
RPXNMLQLKHLGFBK76DA,五谷岡段,16.41,都市：其他:農業區,100000,4914,持分移轉,08020018
RPUNMLQLKHLGFBK09DA,五谷岡段,24.03,都市：其他:農業區,100000,7196,持分移轉,08020018
RPPNMLNKKHLGFBK18DA,五谷岡段,16.47,都市：其他:農業區,100000,4932,持分移轉,08020000
RPPNMLNKKHLGFBK18DA,五谷岡段,16.47,都市：其他:農業區,100000,4932,持分移轉,08020018
RPOOMLQLKHLGFBK58DA,五谷岡段,24.43,都市：其他:農業區,100000,7314,持分移轉,08020000
RPOOMLQLKHLGFBK58DA,五谷岡段,24.43,都市：其他:農業區,100000,7314,持分移轉,08020018
RPRNMLPKKIKGFCK68DA,福田段,35.04,都市：其他:商業區,100000,2156,持分移轉,03940000
RPUNMLTKKIKGFFK07DA,湳湖段,84.10,都市：其他:農業區,1,1,全筆移轉,07850007
RPTOMLPKKIKGFBK88DA,英才段,45.70,都市：其他:住宅區,10000,770,持分移轉,10530000
RPROMLSKKIKGFFK76DA,自強段,43.15,都市：其他:住宅區,100000,9355,持分移轉,17060000
RPPOMLPKJHLGFFK78DA,東庄段,19.22,都市：其他:住宅區,100000,3488,持分移轉,04890000
RPVNMLTKKIKGFFK17DA,湳湖段,88.33,都市：其他:農業區,1,1,全筆移轉,07850006
RPQOMLPKJHLGFFK88DA,東庄段,18.11,都市：其他:住宅區,200000,6574,持分移轉,04890000
RPPWMLRJJHLGFDK86DA,光復段,3.01,都市：其他:住宅區,10000,1159,持分移轉,00040000
RPRNMLTKKIKGFFK76DA,湳湖段,100.77,都市：其他:農業區,1,1,全筆移轉,07850008
RPPWMLRJJHLGFDK86DA,光復段,123.98,都市：其他:住宅區,1,1,全筆移轉,00040011
RPPWMLRJJHLGFDK86DA,光復段,.61,都市：其他:住宅區,10000,1159,持分移轉,00040012
RPRNMLQJKHLGFBK58DA,五谷岡段,24.43,都市：其他:農業區,100000,7314,持分移轉,08020000
RPUSMLKMKIKGFDK66DA,大同段,12.51,都市：其他:科技商務專用區,100000,614,持分移轉,06770002
RPRNMLQJKHLGFBK58DA,五谷岡段,24.43,都市：其他:農業區,100000,7314,持分移轉,08020018
RPWOMLRKKIKGFFK17DA,東庄段,18.90,都市：其他:住宅區,100000,3430,持分移轉,04890000
RPTRMLKMKIKGFDK09DA,大同段,13.67,都市：其他:科技商務專用區,100000,671,持分移轉,06770002
RPSNMLQJKHLGFBK68DA,五谷岡段,16.34,都市：其他:農業區,100000,4893,持分移轉,08020000
RPSNMLQJKHLGFBK68DA,五谷岡段,16.34,都市：其他:農業區,100000,4893,持分移轉,08020018
RPRNMLQJJIKGFBK48DA,孔聖段,540.88,都市：其他:乙種工業區,1,1,全筆移轉,03780000
RPRNMLQJJIKGFBK48DA,孔聖段,84.25,都市：其他:乙種工業區,1,1,全筆移轉,03920000
RPRNMLQJJIKGFBK48DA,孔聖段,1.30,都市：其他:乙種工業區,1,1,全筆移轉,04000000
RPRNMLQJJIKGFBK48DA,孔聖段,592.78,都市：其他:乙種工業區,1,1,全筆移轉,04050003
RPRNMLQJJIKGFBK48DA,孔聖段,286.73,都市：其他:乙種工業區,1,1,全筆移轉,04070000
RPRNMLQJJIKGFBK48DA,孔聖段,306.03,都市：其他:乙種工業區,1,1,全筆移轉,04080003
RPRNMLQJJIKGFBK48DA,孔聖段,98.92,都市：其他:乙種工業區,1,1,全筆移轉,04110003
RPRNMLQJJIKGFBK48DA,孔聖段,22.65,都市：其他:乙種工業區,1,1,全筆移轉,04130000
RPTNMLKKJIKGFBK18DA,孔聖段,68.78,都市：其他:乙種工業區,1,1,全筆移轉,03460000
RPTNMLKKJIKGFBK18DA,孔聖段,18.22,都市：其他:乙種工業區,1,1,全筆移轉,03750000
RPTNMLKKJIKGFBK18DA,孔聖段,29.09,都市：其他:乙種工業區,1,1,全筆移轉,03760000
RPTNMLKKJIKGFBK18DA,孔聖段,99.18,都市：其他:乙種工業區,1,1,全筆移轉,03770000
RPTNMLKKJIKGFBK18DA,孔聖段,604.25,都市：其他:乙種工業區,1,1,全筆移轉,03780001
RPTNMLKKJIKGFBK18DA,孔聖段,10.16,都市：其他:乙種工業區,1,1,全筆移轉,03920001
RPTNMLKKJIKGFBK18DA,孔聖段,128.05,都市：其他:乙種工業區,1,1,全筆移轉,04050000
RPTNMLKKJIKGFBK18DA,孔聖段,562.27,都市：其他:乙種工業區,1,1,全筆移轉,04070001
RPTNMLKKJIKGFBK18DA,孔聖段,25.55,都市：其他:乙種工業區,1,1,全筆移轉,04080000
RPTNMLKKJIKGFBK18DA,孔聖段,179.00,都市：其他:乙種工業區,1,1,全筆移轉,04090000
RPTNMLKKJIKGFBK18DA,孔聖段,55.71,都市：其他:乙種工業區,1,1,全筆移轉,04100000
RPTNMLKKJIKGFBK18DA,孔聖段,242.83,都市：其他:乙種工業區,1,1,全筆移轉,04110000
RPTNMLKKJIKGFBK18DA,孔聖段,84.49,都市：其他:乙種工業區,1,1,全筆移轉,04120000
RPTNMLKKJIKGFBK18DA,孔聖段,420.89,都市：其他:乙種工業區,1,1,全筆移轉,04130002
RPTNMLKKJIKGFBK18DA,孔聖段,1.27,都市：其他:乙種工業區,1,1,全筆移轉,04140003
RPTNMLPKKIKGFBK78DA,英才段,45.70,都市：其他:住宅區,10000,770,持分移轉,10530000
RPOOMLPKKIKGFBK38DA,英才段,46.23,都市：其他:住宅區,10000,779,持分移轉,10530000
RPPOMLPKKIKGFBK48DA,英才段,46.17,都市：其他:住宅區,10000,778,持分移轉,10530000
RPVOMLPKKIKGFBK09DA,英才段,46.17,都市：其他:住宅區,10000,778,持分移轉,10530000
RPROMLPKKIKGFBK68DA,英才段,46.23,都市：其他:住宅區,10000,779,持分移轉,10530000
RPSOMLPKKIKGFBK78DA,英才段,46.17,都市：其他:住宅區,10000,778,持分移轉,10530000
RPUOMLSKKIKGFFK07DA,自強段,40.87,都市：其他:住宅區,100000,8860,持分移轉,17060000
RPTNMLPKKIKGFFK56DA,自強段,40.87,都市：其他:住宅區,100000,8860,持分移轉,17060000
RPUOMLPKKIKGFBK98DA,英才段,46.23,都市：其他:住宅區,10000,779,持分移轉,10530000
RPQNMLTJKIKGFFK56DA,東庄段,19.83,都市：其他:住宅區,100000,3599,持分移轉,04890000
RPUNMLQJKHLGFBK88DA,巨蛋段,34.61,都市：其他:住宅區,100000,1220,持分移轉,15830000
RPTNMLQKJHLGFFK56DA,東庄段,18.20,都市：其他:住宅區,100000,3303,持分移轉,04890000
RPWOMLSKKIKGFFK27DA,東庄段,19.83,都市：其他:住宅區,200000,7198,持分移轉,04890000
RPQOMLQKKIKGFFK09DA,東庄段,18.90,都市：其他:住宅區,100000,3430,持分移轉,04890000
RPQNMLQKKIKGFFK98DA,東庄段,19.83,都市：其他:住宅區,100000,3599,持分移轉,04890000
RPOOMLMKJHLGFDK18DA,維新段,21.76,都市：其他:住宅區,1000000,20962,持分移轉,12140000
RPTNMLPJKHLGFFK09DA,北獅里興段北獅里興小段,2514.00,非都市：山坡地保育區 ; 非都市編定：農牧用地,1,1,全筆移轉,04260006
RPTNMLPJKHLGFFK09DA,北獅里興段北獅里興小段,2514.00,非都市：山坡地保育區 ; 非都市編定：農牧用地,1,1,全筆移轉,04260008
RPTNMLPJKHLGFFK09DA,北獅里興段北獅里興小段,2514.00,非都市：山坡地保育區 ; 非都市編定：農牧用地,1,1,全筆移轉,04260009
RPTNMLPJKHLGFFK09DA,北獅里興段北獅里興小段,2521.00,非都市：山坡地保育區 ; 非都市編定：農牧用地,1,1,全筆移轉,04260013
RPPNMLTJKIKGFFK09DA,東庄段,18.90,都市：其他:住宅區,100000,3430,持分移轉,04890000
RPSNMLOLKHLGFBK68DA,巨蛋段,38.30,都市：其他:住宅區,100000,1350,持分移轉,15830000
RPPOMLSKKIKGFFK56DA,自強段,31.30,都市：其他:住宅區,100000,6785,持分移轉,17060000
RPQNMLNLKHLGFBK38DA,巨蛋段,38.30,都市：其他:住宅區,100000,1350,持分移轉,15830000
RPWNMLPKJHLGFFK76DA,東庄段,19.22,都市：其他:住宅區,100000,3488,持分移轉,04890000
RPQOMLSKKIKGFFK66DA,自強段,43.15,都市：其他:住宅區,100000,9355,持分移轉,17060000
RPUNMLRJJHLGFFK66DA,尖下段,57.46,非都市：山坡地保育區 ; 非都市編定：丙種建築用地,10000,94,持分移轉,09280000
RPUNMLRJJHLGFFK66DA,尖下段,10.87,非都市：山坡地保育區 ; 非都市編定：丙種建築用地,100000,1107,持分移轉,09280004
RPUNMLRJJHLGFFK66DA,尖下段,24.20,非都市：山坡地保育區 ; 非都市編定：丙種建築用地,10000,94,持分移轉,09280005
RPTOMLPKKIKGFFK66DA,東庄段,19.01,都市：其他:住宅區,100000,3450,持分移轉,04890000
RPOOMLRLJIKGFDK78DA,龍山段,11.78,都市：其他:住宅區,10000,263,持分移轉,04320015
RPOOMLRLJIKGFDK78DA,龍山段,1.46,都市：其他:住宅區,10000,263,持分移轉,04320016
RPTNMLSKJIKGFFK76DA,六合段,10.54,都市：其他:商業區,10000,300,持分移轉,00170000
RPOOMLRLJIKGFDK78DA,龍山段,.67,都市：其他:住宅區,10000,263,持分移轉,04320017
RPTNMLSKJIKGFFK76DA,六合段,7.15,都市：其他:商業區,10000,300,持分移轉,00200000
RPOOMLRJJHLGFFK78DA,尖下段,57.46,非都市：山坡地保育區 ; 非都市編定：丙種建築用地,10000,94,持分移轉,09280000
RPQOMLRJJHLGFFK98DA,尖下段,55.62,非都市：山坡地保育區 ; 非都市編定：丙種建築用地,10000,91,持分移轉,09280000
RPOOMLRJJHLGFFK78DA,尖下段,10.87,非都市：山坡地保育區 ; 非都市編定：丙種建築用地,100000,1107,持分移轉,09280004
RPOOMLRJJHLGFFK78DA,尖下段,24.20,非都市：山坡地保育區 ; 非都市編定：丙種建築用地,10000,94,持分移轉,09280005
RPPNMLOLKHLGFBK38DA,巨蛋段,40.00,都市：其他:住宅區,100000,1410,持分移轉,15830000
SPOOMLRJJHLGFFK88DA,尖下段,57.46,非都市：山坡地保育區 ; 非都市編定：丙種建築用地,10000,94,持分移轉,09280000
RPQOMLRJJHLGFFK98DA,尖下段,10.87,非都市：山坡地保育區 ; 非都市編定：丙種建築用地,100000,1107,持分移轉,09280004
RPPOMLRLJIKGFDK88DA,龍山段,16.17,都市：其他:住宅區,10000,361,持分移轉,04320015
RPQOMLRJJHLGFFK98DA,尖下段,23.42,非都市：山坡地保育區 ; 非都市編定：丙種建築用地,10000,91,持分移轉,09280005
SPOOMLRJJHLGFFK88DA,尖下段,10.87,非都市：山坡地保育區 ; 非都市編定：丙種建築用地,100000,1107,持分移轉,09280004
RPPOMLRLJIKGFDK88DA,龍山段,2.00,都市：其他:住宅區,10000,361,持分移轉,04320016
SPOOMLRJJHLGFFK88DA,尖下段,24.20,非都市：山坡地保育區 ; 非都市編定：丙種建築用地,10000,94,持分移轉,09280005
RPPOMLRLJIKGFDK88DA,龍山段,.91,都市：其他:住宅區,10000,361,持分移轉,04320017
RPSNMLOJKIKGFDK68DA,龍山段,11.92,都市：其他:住宅區,10000,266,持分移轉,04320015
RPSNMLOJKIKGFDK68DA,龍山段,1.48,都市：其他:住宅區,10000,266,持分移轉,04320016
RPSNMLOJKIKGFDK68DA,龍山段,.67,都市：其他:住宅區,10000,266,持分移轉,04320017
RPTNMLOJKIKGFDK78DA,龍山段,11.78,都市：其他:住宅區,10000,263,持分移轉,04320015
RPRNMLOLKHLGFBK58DA,巨蛋段,35.18,都市：其他:住宅區,100000,1240,持分移轉,15830000
RPTNMLOJKIKGFDK78DA,龍山段,1.46,都市：其他:住宅區,10000,263,持分移轉,04320016
RPTNMLOJKIKGFDK78DA,龍山段,.67,都市：其他:住宅區,10000,263,持分移轉,04320017
RPVNMLOJKIKGFDK98DA,龍山段,11.92,都市：其他:住宅區,10000,266,持分移轉,04320015
RPVNMLOJKIKGFDK98DA,龍山段,1.48,都市：其他:住宅區,10000,266,持分移轉,04320016
RPVNMLOJKIKGFDK98DA,龍山段,.67,都市：其他:住宅區,10000,266,持分移轉,04320017
RPWNMLOJKIKGFDK09DA,龍山段,11.78,都市：其他:住宅區,10000,263,持分移轉,04320015
RPWNMLOJKIKGFDK09DA,龍山段,1.46,都市：其他:住宅區,10000,263,持分移轉,04320016
RPWNMLOJKIKGFDK09DA,龍山段,.67,都市：其他:住宅區,10000,263,持分移轉,04320017
RPTNMLPKKIKGFCK88DA,福田段,36.34,都市：其他:商業區,100000,2236,持分移轉,03940000
RPPOMLOJKIKGFDK48DA,龍山段,11.69,都市：其他:住宅區,10000,261,持分移轉,04320015
RPPOMLOJKIKGFDK48DA,龍山段,1.45,都市：其他:住宅區,10000,261,持分移轉,04320016
RPPOMLOJKIKGFDK48DA,龍山段,.66,都市：其他:住宅區,10000,261,持分移轉,04320017
RPOOMLOJKIKGFDK38DA,龍山段,11.78,都市：其他:住宅區,10000,263,持分移轉,04320015
RPPNMLQJJHLGFDK58EA,大同段,95.58,都市：其他:住宅區,1,1,全筆移轉,11690008
RPOOMLOJKIKGFDK38DA,龍山段,1.46,都市：其他:住宅區,10000,263,持分移轉,04320016
RPUNMLOJKIKGFDK88DA,龍山段,11.92,都市：其他:住宅區,10000,266,持分移轉,04320015
RPPNMLQJJHLGFDK58EA,大同段,24.43,都市：其他:住宅區,26,1,持分移轉,11690041
RPOOMLOJKIKGFDK38DA,龍山段,.67,都市：其他:住宅區,10000,263,持分移轉,04320017
RPUNMLOJKIKGFDK88DA,龍山段,1.48,都市：其他:住宅區,10000,266,持分移轉,04320016
RPUNMLOJKIKGFDK88DA,龍山段,.67,都市：其他:住宅區,10000,266,持分移轉,04320017
RPQNMLRKKIKGFCK78DA,竹林段,23.02,非都市：一般農業區 ; 非都市編定：農牧用地,36217,2302,持分移轉,03600000
RPQNMLRKKIKGFCK78DA,竹林段,89.67,非都市：鄉村區 ; 非都市編定：乙種建築用地,1,1,全筆移轉,03710000
RPPOMLSJJHLGFFK98DA,德義段,149.25,都市：其他:工業區,100000,10963,持分移轉,10090002
RPXNMLPJJHLGFDK56DA,新生段,11.43,都市：其他:商業區,100000,618,持分移轉,06150000
RPTPMLOKJHLGFDK98DA,新山佳段,27.07,都市：其他:住宅區,10000,248,持分移轉,08470000
RPQNMLOJJHLGFDK38DA,新山佳段,27.51,都市：其他:住宅區,10000,252,持分移轉,08470000
RPWNMLPJJHLGFDK09DA,新生段,5.93,都市：其他:商業區,200000,641,持分移轉,06150000
RPWNMLPJJHLGFDK09DA,新生段,5.93,都市：其他:商業區,200000,641,持分移轉,06150000
RPWOMLLKJIKGFCK78DA,福田段,36.34,都市：其他:商業區,100000,2236,持分移轉,03940000
RPQNMLTLKIKGFAK88DA,酸柑湖段,2663.08,非都市：山坡地保育區 ; 非都市編定：農牧用地,1,1,全筆移轉,04400000
RPQNMLTLKIKGFAK88DA,酸柑湖段,2.61,非都市：山坡地保育區 ; 非都市編定：農牧用地,1,1,全筆移轉,04450000
RPVNMLPJJHLGFDK98DA,新生段,11.85,都市：其他:商業區,100000,641,持分移轉,06150000
RPQNMLTLKIKGFAK88DA,酸柑湖段,897.79,非都市：山坡地保育區 ; 非都市編定：農牧用地,1,1,全筆移轉,04570000
RPQNMLTLKIKGFAK88DA,酸柑湖段,6807.37,非都市：山坡地保育區 ; 非都市編定：林業用地,1,1,全筆移轉,04600000
RPQNMLTLKIKGFAK88DA,酸柑湖段,3512.35,非都市：山坡地保育區 ; 非都市編定：林業用地,1,1,全筆移轉,04600003
RPQNMLOLKIKGFAK38DA,新厝段,267.33,都市：其他:農業區,3,1,持分移轉,04500000
RPQNMLOLKIKGFAK38DA,新厝段,207.33,都市：其他:農業區,3,1,持分移轉,04520000
RPVOMLKLJIKGFDK78DA,龍山段,11.92,都市：其他:住宅區,10000,266,持分移轉,04320015
RPVOMLKLJIKGFDK78DA,龍山段,1.48,都市：其他:住宅區,10000,266,持分移轉,04320016
RPVOMLKLJIKGFDK78DA,龍山段,.67,都市：其他:住宅區,10000,266,持分移轉,04320017
RPROMLKLJIKGFDK38DA,龍山段,11.78,都市：其他:住宅區,10000,263,持分移轉,04320015
RPUTMLKMKIKGFDK76DA,天聲段,4.76,都市：其他:住宅區,12,1,持分移轉,07810000
RPROMLKLJIKGFDK38DA,龍山段,1.46,都市：其他:住宅區,10000,263,持分移轉,04320016
RPSOMLKLJIKGFDK48DA,龍山段,11.92,都市：其他:住宅區,10000,266,持分移轉,04320015
RPROMLKLJIKGFDK38DA,龍山段,.67,都市：其他:住宅區,10000,263,持分移轉,04320017
RPSOMLKLJIKGFDK48DA,龍山段,1.48,都市：其他:住宅區,10000,266,持分移轉,04320016
RPSOMLKLJIKGFDK48DA,龍山段,.67,都市：其他:住宅區,10000,266,持分移轉,04320017
RPSOMLLKJIKGFCK38DA,福田段,36.44,都市：其他:商業區,100000,2242,持分移轉,03940000
RPTOMLLKJIKGFCK48DA,福田段,36.44,都市：其他:商業區,100000,2242,持分移轉,03940000
RPRNMLSJRHKGFFK17DA,文化段,.52,都市：其他:住宅區,100000,3620,持分移轉,15020000
RPRNMLSJRHKGFFK17DA,文化段,29.00,都市：其他:住宅區,100000,3620,持分移轉,15030000
RPRNMLSJRHKGFFK17DA,文化段,6.08,都市：其他:住宅區,100000,3620,持分移轉,15150000
RPRNMLSJRHKGFFK17DA,文化段,7.87,都市：其他:住宅區,100000,3620,持分移轉,15160000
