鄉鎮市區,交易標的,土地位置建物門牌,土地移轉總面積平方公尺,都市土地使用分區,非都市土地使用分區,非都市土地使用編定,交易年月日,交易筆棟數,移轉層次,總樓層數,建物型態,主要用途,主要建材,建築完成年月,建物移轉總面積平方公尺,建物現況格局-房,建物現況格局-廳,建物現況格局-衛,建物現況格局-隔間,有無管理組織,總價元,單價元平方公尺,車位類別,車位移轉總面積平方公尺,車位總價元,備註,編號,主建物面積,附屬建物面積,陽台面積,電梯,移轉編號
The villages and towns urban district,transaction sign,land sector position building sector house number plate,land shifting total area square meter,the use zoning or compiles and checks,the non-metropolis land use district,non-metropolis land use,transaction year month and day,transaction pen number,shifting level,total floor number,building state,main use,main building materials,construction to complete the years,building shifting total area,Building present situation pattern - room,building present situation pattern - hall,building present situation pattern - health,building present situation pattern - compartmented,Whether there is manages the organization,total price NTD,the unit price (NTD / square meter),the berth category,berth shifting total area square meter,the berth total price NTD,the note,serial number,main building area,auxiliary building area,balcony area,elevator,transaction number
埔里鎮,土地,南興段494-2地號,5.16,住,,,1150302,土地1建物0車位0,,,其他,,,,0.0,0,0,0,無,無,450000,87209,,0.0,0,畸零地或有合併使用效益；,RPQNMLQJLHLGFCM88DA,0.0,0.0,0.0,無,
埔里鎮,土地,大瑪璘段530地號,78.72,,鄉村區,乙種建築用地,1150302,土地2建物0車位0,,,其他,,,,0.0,0,0,0,無,無,854150,10850,,0.0,0,埔里鎮大瑪璘段531地號不計價。,RPPNMLKKLHLGFCM38EA,0.0,0.0,0.0,無,
南投市,建物,南投縣南投市嘉和一路１９０號,0.0,,,,1150204,土地0建物1車位0,全,三層,透天厝,住家用,鋼筋混凝土造,0800125,72.51,5,3,3,有,無,500000,6896,,0.0,0,建物坐落地號：茄苳腳段288地號；,RPQNMLPJKHLGFAM58EA,72.51,0.0,0.0,無,
鹿谷鄉,土地,內樹皮段91地號,175.26,都市：其他:林業區,,,1150202,土地2建物0車位0,,,其他,,,,0.0,0,0,0,無,無,2673100,15252,,0.0,0,親友、員工、共有人或其他特殊關係間之交易；未登記建物；農作物；,RPRNMLMJKHLGFDM58DA,0.0,0.0,0.0,無,0001
鹿谷鄉,土地,內樹皮段91地號,628.49,都市：其他:林業區,,,1150202,土地2建物0車位0,,,其他,,,,0.0,0,0,0,無,無,9589900,15259,,0.0,0,親友、員工、共有人或其他特殊關係間之交易；未登記建物；農作物；,RPSNMLMJKHLGFDM68DA,0.0,0.0,0.0,無,0001
竹山鎮,土地,文田段1263地號,1040.94,,山坡地保育區,農牧用地,1150203,土地1建物0車位0,,,其他,,,,0.0,0,0,0,無,無,400000,384,,0.0,0,,RPSNMLTJKHLGFDM76DA,0.0,0.0,0.0,無,0003
南投市,土地,新豐段228地號,9.48,住,,,1150204,土地5建物0車位0,,,其他,,,,0.0,0,0,0,無,無,128700,13576,,0.0,0,賣方不負擔費用及稅金,RPRNMLNKKHLGFAM48DA,0.0,0.0,0.0,無,0004
草屯鎮,土地,新富寮段344地號,42.06,住,,,1150203,土地3建物0車位0,,,其他,,,,0.0,0,0,0,無,無,840000,19971,,0.0,0,親友、員工、共有人或其他特殊關係間之交易；,RPPNMLNJKHLGFBM28DA,0.0,0.0,0.0,無,
魚池鄉,土地,新興段94地號,223.14,,鄉村區,乙種建築用地,1150202,土地1建物0車位0,,,其他,,,,0.0,0,0,0,無,無,3000000,13444,,0.0,0,親友、員工、共有人或其他特殊關係間之交易；未登記建物；,RPRNMLNKKHLGFCM68DA,0.0,0.0,0.0,無,
水里鄉,土地,新民和段947地號,1024.25,,特定農業區,農牧用地,1150210,土地2建物0車位0,,,其他,,,,0.0,0,0,0,無,無,1200000,1172,,0.0,0,,RPPNMLOLKHLGFEM98EA,0.0,0.0,0.0,無,
草屯鎮,土地,中興段823地號,132.0,農,,,1150209,土地1建物0車位0,,,其他,,,,0.0,0,0,0,無,無,500000,3788,,0.0,0,親友、員工、共有人或其他特殊關係間之交易；,RPRNMLPLKHLGFBM88DA,0.0,0.0,0.0,無,
埔里鎮,土地,麒麟段419地號,790.33,,特定農業區,甲種建築用地,1150212,土地1建物0車位0,,,其他,,,,0.0,0,0,0,無,無,3900000,4935,,0.0,0,,RPQNMLQLKHLGFCM98DA,0.0,0.0,0.0,無,
竹山鎮,土地,桂北段780地號,76.93,住,,,1150201,土地1建物0車位0,,,其他,,,,0.0,0,0,0,無,無,1900000,24698,,0.0,0,未登記建物；,RPPNMLPJKHLGFDM68DA,0.0,0.0,0.0,無,
竹山鎮,房地(土地+建物),南投縣竹山鎮鯉南路１９之２１號,23.33,商,,,1150219,土地1建物1車位0,全,三層,透天厝,住商用,鋼筋混凝土加強磚造,0580330,71.99,4,2,3,有,無,900000,12502,,0.0,0,親友、員工、共有人或其他特殊關係間之交易；,RPPNMLMJLHLGFDM48DA,71.99,0.0,0.0,無,0005
草屯鎮,房地(土地+建物),南投縣草屯鎮自由街１２巷７號,20.39,住,,,1150206,土地1建物1車位0,全,二層,透天厝,住家用,鋼筋混凝土加強磚造,0640205,26.51,5,2,2,有,無,1200000,45266,,0.0,0,,RPSNMLQJKHLGFBM88DA,26.51,0.0,0.0,無,0006
埔里鎮,土地,珠格段1107地號,578.76,,特定農業區,農牧用地,1150223,土地2建物0車位0,,,其他,,,,0.0,0,0,0,無,無,1750000,3024,,0.0,0,受債權債務關係影響或債務抵償；,RPQNMLOLKHLGFCM78DA,0.0,0.0,0.0,無,0007
埔里鎮,土地,麒麟段417地號,5677.94,,特定農業區,農牧用地,1150224,土地2建物0車位0,,,其他,,,,0.0,0,0,0,無,無,5380000,948,,0.0,0,,RPTNMLMJLHLGFCM78DA,0.0,0.0,0.0,無,
名間鄉,土地,北松嶺段707地號,517.27,農,,,1150211,土地5建物0車位0,,,其他,,,,0.0,0,0,0,無,無,826161,1597,,0.0,0,,RPPNMLMKKHLGFAM18DA,0.0,0.0,0.0,無,
草屯鎮,房地(土地+建物),南投縣草屯鎮玉屏路１８０之３９號,830.07,農,,,1150224,土地1建物1車位0,全,一層,透天厝,農業用,鋼鐵造有牆,0941111,82.4,2,1,2,有,無,2500000,30340,,0.0,0,,RPXNMLNJLHLGFBM56DA,82.4,0.0,0.0,無,
埔里鎮,土地,中峰段68地號,1644.91,,特定農業區,農牧用地,1150208,土地1建物0車位0,,,其他,,,,0.0,0,0,0,無,無,6500000,3952,,0.0,0,,RPQNMLLKKHLGFCM38DA,0.0,0.0,0.0,無,
仁愛鄉,土地,望洋段446-59地號,87.0,,鄉村區,乙種建築用地,1150224,土地1建物0車位0,,,其他,,,,0.0,0,0,0,無,無,350000,4023,,0.0,0,本案地係為原住民保留地。,RPRNMLMJLHLGFCM58DA,0.0,0.0,0.0,無,
草屯鎮,土地,草屯段500-3地號,4.0,都市：其他:道路用地,,,1150202,土地1建物0車位0,,,其他,,,,0.0,0,0,0,無,無,332750,83188,,0.0,0,,RPQNMLMJKHLGFBM28DA,0.0,0.0,0.0,無,
埔里鎮,房地(土地+建物),南投縣埔里鎮開南路２３號,80.18,住,,,1150215,土地2建物1車位0,全,二層,透天厝,住家用,鋼筋混凝土加強磚造,0621020,82.72,3,2,2,有,無,5600000,67698,,0.0,0,頂樓加蓋；其他增建；包含公共設施保留地用地；,RPPNMLPLKHLGFCM78DA,82.72,0.0,0.0,無,
水里鄉,土地,南光段136地號,27.0,,,,1150225,土地1建物0車位0,,,其他,,,,0.0,0,0,0,無,無,320000,11852,,0.0,0,,RPPNMLOJLHLGFEM88EA,0.0,0.0,0.0,無,
魚池鄉,土地,新興段425地號,3954.99,,特定農業區,農牧用地,1150210,土地2建物0車位0,,,其他,,,,0.0,0,0,0,無,無,15000000,3793,,0.0,0,農作物；,RPTNMLNJLHLGFCM88DA,0.0,0.0,0.0,無,
竹山鎮,土地,鯉魚尾段320-694地號,3274.0,,山坡地保育區,農牧用地,1150227,土地2建物0車位0,,,其他,,,,0.0,0,0,0,無,無,3000000,916,,0.0,0,,RPPNMLPJLHLGFDM78DA,0.0,0.0,0.0,無,0008
竹山鎮,土地,紫南段200-1地號,45.99,,特定農業區,農牧用地,1150224,土地1建物0車位0,,,其他,,,,0.0,0,0,0,無,無,70000,1522,,0.0,0,親友、員工、共有人或其他特殊關係間之交易；,RPRNMLPJLHLGFDM98DA,0.0,0.0,0.0,無,
南投市,房地(土地+建物),南投縣南投市自強路５６巷１５弄１號,78.24,住,,,1150202,土地2建物1車位0,全,三層,透天厝,住家用,鋼筋混凝土造,0820903,157.44,4,2,3,有,無,7500000,47637,,0.0,0,,RPPNMLOJKHLGFAM28DA,133.55,16.39,7.5,無,
名間鄉,土地,南松嶺段714地號,1.44,商,,,1150211,土地1建物0車位0,,,其他,,,,0.0,0,0,0,無,無,61790,42910,,0.0,0,政府機關標讓售；,RPSNMLOLKHLGFAM78DA,0.0,0.0,0.0,無,
南投市,土地,三塊厝段122-14地號,87.5,住,,,1150223,土地1建物0車位0,,,其他,,,,0.0,0,0,0,無,無,3900000,44571,,0.0,0,,RPQNMLPJLHLGFAM58DA,0.0,0.0,0.0,無,
名間鄉,房地(土地+建物),南投縣名間鄉虎坑巷４５之６號,1715.38,,特定農業區,農牧用地,1150225,土地1建物1車位0,全,一層,透天厝,農業用,ＲＣ鋼架造,0900501,158.71,3,1,3,有,無,2400000,15122,,0.0,0,親友、員工、共有人或其他特殊關係間之交易；,RPPNMLQJLHLGFAM58DA,158.71,0.0,0.0,無,
竹山鎮,房地(土地+建物),南投縣竹山鎮集山路三段３００號,92.83,住,,,1150213,土地1建物1車位0,全,四層,透天厝,住商用,鋼筋混凝土造,1050819,200.14,5,2,4,有,無,9200000,45968,,0.0,0,,RPPNMLQJLHLGFDM88DA,181.16,0.0,18.98,無,
鹿谷鄉,土地,廣興段407地號,163.86,住,,,1150209,土地3建物0車位0,,,其他,,,,0.0,0,0,0,無,無,9457999,57720,,0.0,0,政府機關標讓售；,RPUNMLMJLHLGFDM09EA,0.0,0.0,0.0,無,
鹿谷鄉,土地,文昌段937地號,29.65,,鄉村區,乙種建築用地,1150107,土地1建物0車位0,,,其他,,,,0.0,0,0,0,無,無,109109,3680,,0.0,0,含土地增值稅或其他稅費9109元；,RPPNMLMKJHLGFDM38DA,0.0,0.0,0.0,無,0009
魚池鄉,土地,新興段526地號,1923.37,,特定農業區,農牧用地,1150107,土地2建物0車位0,,,其他,,,,0.0,0,0,0,無,無,4070000,2116,,0.0,0,,RPPNMLNKJHLGFCM38DA,0.0,0.0,0.0,無,
南投市,建物,南投縣南投市中興路５０６之１號,0.0,,,,1150108,土地0建物1車位0,四層,七層,華廈(10層含以下有電梯),住家用,鋼筋混凝土造,0810526,73.63000000000001,2,1,1,有,無,1400000,19014,,0.0,0,建物坐落地號：包尾段734-3地號；；建物坐落地號：包尾段734-3地號；,RPPNMLQKJHLGFAM48DA,72.65,0.0,0.0,有,0010
草屯鎮,土地,新南坪段935地號,1149.65,,森林區,農牧用地,1150109,土地1建物0車位0,,,其他,,,,0.0,0,0,0,無,無,350000,304,,0.0,0,,RPQNMLPKJHLGFBM58DA,0.0,0.0,0.0,無,0011
埔里鎮,土地,寶湖窟段704地號,610.0,,山坡地保育區,丙種建築用地,1150106,土地1建物0車位0,,,其他,,,,0.0,0,0,0,無,無,8487000,13913,,0.0,0,,RPPNMLTKJHLGFCM98DA,0.0,0.0,0.0,無,0012
鹿谷鄉,土地,新鹿谷段57地號,235.22,,山坡地保育區,農牧用地,1150102,土地2建物0車位0,,,其他,,,,0.0,0,0,0,無,無,257476,1095,,0.0,0,含土地增值稅或其他稅費1476元；,RPRNMLQKJHLGFDM98DA,0.0,0.0,0.0,無,0013
鹿谷鄉,土地,內樹皮段268地號,1723.22,,森林區,農牧用地,1150112,土地1建物0車位0,,,其他,,,,0.0,0,0,0,無,無,250000,145,,0.0,0,,RPRNMLTKJHLGFDM66DA,0.0,0.0,0.0,無,
竹山鎮,土地,平正段763地號,165.61,住,,,1150107,土地2建物0車位0,,,其他,,,,0.0,0,0,0,無,無,2440000,14733,,0.0,0,親友、員工、共有人或其他特殊關係間之交易；,RPPNMLTKJHLGFDM56EA,0.0,0.0,0.0,無,0014
名間鄉,房地(土地+建物),南投縣名間鄉小崎巷２５之７號,93.76,住,,,1150106,土地1建物1車位0,全,三層,透天厝,住家用,鋼筋混凝土造,0831110,189.66,6,2,3,有,無,7100000,37435,,0.0,0,,RPRNMLTKJHLGFAM98DA,189.66,0.0,0.0,無,0015
南投市,房地(土地+建物),南投縣南投市營北路１９６巷６號,98.7,住,,,1150101,土地1建物1車位0,全,三層,透天厝,住家用,鋼筋混凝土造,1140121,225.18,4,2,5,有,無,35880000,159339,,0.0,0,,RPSNMLTKJHLGFAM09DA,205.56,0.0,19.62,有,
草屯鎮,土地,新豐段2113地號,104.75,,鄉村區,乙種建築用地,1150110,土地1建物0車位0,,,其他,,,,0.0,0,0,0,無,無,6970000,66539,,0.0,0,,RPPNMLTKJHLGFBM88DA,0.0,0.0,0.0,無,
竹山鎮,房地(土地+建物),南投縣竹山鎮建國路１７９號三樓之２,37.18,住,,,1150105,土地2建物1車位0,三層,七層,華廈(10層含以下有電梯),住家用,鋼筋混凝土造,1141215,80.65,2,2,2,有,有,4100000,50837,,0.0,0,,RPUNMLNKJHLGFDM98DA,52.61,0.0,6.4,有,
鹿谷鄉,土地,新鹿谷段57地號,433.56,,山坡地保育區,農牧用地,1150106,土地5建物0車位0,,,其他,,,,0.0,0,0,0,無,無,478227,1103,,0.0,0,含土地增值稅或其他稅費6227元；,RPSNMLQKJHLGFDM09DA,0.0,0.0,0.0,無,0013
鹿谷鄉,土地,茅埔段122地號,901.2,,山坡地保育區,農牧用地,1150104,土地3建物0車位0,,,其他,,,,0.0,0,0,0,無,無,2960000,3285,,0.0,0,農業設施；,RPQNMLTKJHLGFDM56DA,0.0,0.0,0.0,無,
竹山鎮,土地,溫水段363地號,72.76,,鄉村區,乙種建築用地,1150106,土地1建物0車位0,,,其他,,,,0.0,0,0,0,無,無,210000,2886,,0.0,0,,RPOOMLLLJHLGFDM38DA,0.0,0.0,0.0,無,
信義鄉,土地,潭南段157地號,1340.0,,山坡地保育區,農牧用地,1150108,土地1建物0車位0,,,其他,,,,0.0,0,0,0,無,無,670000,500,,0.0,0,,RPPNMLNKJHLGFEM58DA,0.0,0.0,0.0,無,
草屯鎮,土地,北投堡段555-18地號,124.35,,鄉村區,乙種建築用地,1150113,土地2建物0車位0,,,其他,,,,0.0,0,0,0,無,無,6600000,53076,,0.0,0,,RPTNMLNKJHLGFBM68DA,0.0,0.0,0.0,無,0017
集集鎮,土地,環山段783地號,42.3,住,,,1150107,土地1建物0車位0,,,其他,,,,0.0,0,0,0,無,無,800000,18913,,0.0,0,,RPQNMLLLJHLGFEM58DA,0.0,0.0,0.0,無,
名間鄉,土地,新下段1167地號,820.46,,一般農業區,農牧用地,1150120,土地1建物0車位0,,,其他,,,,0.0,0,0,0,無,無,2810000,3425,,0.0,0,,RPPNMLKLJHLGFAM08EA,0.0,0.0,0.0,無,
鹿谷鄉,土地,新和段504地號,153.1,住,,,1150105,土地2建物0車位0,,,其他,,,,0.0,0,0,0,無,無,3000000,19595,,0.0,0,未登記建物；,RPTNMLTKJHLGFDM96EA,0.0,0.0,0.0,無,
南投市,土地,南山段314-4地號,103.0,住,,,1150114,土地1建物0車位0,,,其他,,,,0.0,0,0,0,無,無,4800000,46602,,0.0,0,,RPTNMLOKJHLGFAM68DA,0.0,0.0,0.0,無,
南投市,房地(土地+建物),南投縣南投市復興路６５０之１號二樓,13.7,住,,,1150112,土地1建物1車位0,二層,八層,華廈(10層含以下有電梯),住家用,鋼筋混凝土造,0850207,77.22,2,2,1,有,有,3800000,49210,,0.0,0,,RPQNMLMLJHLGFAM28DA,50.79,0.64,8.71,有,
國姓鄉,土地,北港溪段58-715地號,447.5,,山坡地保育區,農牧用地,1150108,土地1建物0車位0,,,其他,,,,0.0,0,0,0,無,無,1100000,2458,,0.0,0,,RPTNMLNKJHLGFCM78DA,0.0,0.0,0.0,無,0018
仁愛鄉,土地,武界段291地號,155.0,,森林區,農牧用地,1150109,土地1建物0車位0,,,其他,,,,0.0,0,0,0,無,無,1000000,6452,,0.0,0,原住民保留地未登記建物；,RPPNMLKLJHLGFCM18DA,0.0,0.0,0.0,無,
國姓鄉,土地,龜溝段682地號,2150.27,,特定農業區,農牧用地,1150107,土地1建物0車位0,,,其他,,,,0.0,0,0,0,無,無,6880000,3200,,0.0,0,親友、員工、共有人或其他特殊關係間之交易；,RPRNMLMLJHLGFCM58DA,0.0,0.0,0.0,無,
竹山鎮,土地,瑞山段354地號,1179.61,,山坡地保育區,農牧用地,1150116,土地2建物0車位0,,,其他,,,,0.0,0,0,0,無,無,1200000,1017,,0.0,0,含土地增值稅或其他稅費175000元；含地政士服務費4000元；親友、員工、共有人或其他特殊關係間之交易；農作物；,RPUNMLQKJHLGFDM66DA,0.0,0.0,0.0,無,
集集鎮,土地,集集段雞籠山小段446地號,2220.0,,山坡地保育區,農牧用地,1150111,土地2建物0車位0,,,其他,,,,0.0,0,0,0,無,無,600000,270,,0.0,0,,RPPNMLLLJHLGFEM48DA,0.0,0.0,0.0,無,
草屯鎮,房地(土地+建物),南投縣草屯鎮自由街１２巷７號,10.19,住,,,1150115,土地1建物1車位0,全,二層,透天厝,住家用,鋼筋混凝土加強磚造,0640205,13.25,5,2,2,有,無,300000,22642,,0.0,0,,RPQNMLNLJHLGFBM48DA,13.25,0.0,0.0,無,0006
魚池鄉,土地,大林段65-4地號,294.0,,鄉村區,乙種建築用地,1150108,土地1建物0車位0,,,其他,,,,0.0,0,0,0,無,無,3380000,11497,,0.0,0,,RPPNMLPKJHLGFCM58DA,0.0,0.0,0.0,無,
南投市,土地,三塊厝段150-16地號,100.0,住,,,1150113,土地1建物0車位0,,,其他,,,,0.0,0,0,0,無,無,3932500,39325,,0.0,0,,RPQNMLQKJHLGFAM58DA,0.0,0.0,0.0,無,0020
國姓鄉,土地,大坪段474地號,1200.0,,山坡地保育區,農牧用地,1150115,土地1建物0車位0,,,其他,,,,0.0,0,0,0,無,無,500000,417,,0.0,0,,RPTNMLLLJHLGFCM68DA,0.0,0.0,0.0,無,0021
埔里鎮,土地,紅瓦厝段557地號,1236.62,,特定農業區,農牧用地,1150112,土地2建物0車位0,,,其他,,,,0.0,0,0,0,無,無,4000000,3235,,0.0,0,親友、員工、共有人或其他特殊關係間之交易；,RPPNMLNLJHLGFCM48DA,0.0,0.0,0.0,無,0022
埔里鎮,房地(土地+建物),南投縣埔里鎮樹人一街２４３巷８號十二樓之１,8.9,住,,,1150108,土地1建物1車位0,十二層,十五層,住宅大樓(11層含以上有電梯),住家用,鋼筋混凝土造,0850209,74.6,2,2,1,有,有,4300000,57641,,0.0,0,其他增建；,RPRNMLNLJHLGFCM68DA,51.66,0.0,12.25,有,
埔里鎮,房地(土地+建物),南投縣埔里鎮中山路二段５７號,98.0,住,,,1150106,土地1建物1車位0,全,三層,透天厝,住商用,鋼筋混凝土造,0891120,210.11,5,3,6,有,無,17000000,80910,,0.0,0,,RPPNMLOLJHLGFCM58DA,194.13,0.0,15.98,無,0023
竹山鎮,房地(土地+建物),南投縣竹山鎮建國路１７９號四樓之１,55.61,住,,,1150106,土地2建物1車位0,四層,七層,華廈(10層含以下有電梯),住家用,鋼筋混凝土造,1141215,120.63,3,2,2,有,有,6520000,54050,,0.0,0,含約定專用車位編號:3號,RPRNMLLLJHLGFDM58DA,82.81,0.0,5.45,有,
鹿谷鄉,土地,新和段454地號,22.43,住,,,1150119,土地1建物0車位0,,,其他,,,,0.0,0,0,0,無,無,360000,16050,,0.0,0,親友、員工、共有人或其他特殊關係間之交易；,RPQNMLRLJHLGFDM09DA,0.0,0.0,0.0,無,
竹山鎮,房地(土地+建物),南投縣竹山鎮集山路三段１４２號,88.88,住,,,1150117,土地1建物1車位0,全,二層,透天厝,住商用,鋼筋混凝土加強磚造,0661115,148.76,4,3,3,有,無,6000000,40333,,0.0,0,,RPQNMLTKJHLGFDM66EA,148.76,0.0,0.0,無,
竹山鎮,土地,中正段668地號,42.0,商,,,1150115,土地1建物0車位0,,,其他,,,,0.0,0,0,0,無,無,1524000,36286,,0.0,0,畸零地或有合併使用效益；,RPQNMLQLJHLGFDM09EA,0.0,0.0,0.0,無,
竹山鎮,土地,中正段665地號,5.25,商,,,1150115,土地1建物0車位0,,,其他,,,,0.0,0,0,0,無,無,189600,36114,,0.0,0,畸零地或有合併使用效益；,RPRNMLQLJHLGFDM56EA,0.0,0.0,0.0,無,
南投市,土地,牛運堀段448-1地號,63.33,,,,1150120,土地1建物0車位0,,,其他,,,,0.0,0,0,0,無,無,190000,3000,,0.0,0,,RPRNMLKLJHLGFAM18DA,0.0,0.0,0.0,無,0024
中寮鄉,土地,後寮段986-9地號,2850.0,,山坡地保育區,農牧用地,1150112,土地1建物0車位0,,,其他,,,,0.0,0,0,0,無,無,2500000,877,,0.0,0,,RPVNMLMLJHLGFAM78DA,0.0,0.0,0.0,無,0025
名間鄉,房地(土地+建物),南投縣名間鄉員集路１之６號,2395.67,,特定農業區,農牧用地,1150102,土地2建物1車位0,全,一層,透天厝,農業用,鋼骨造,1110829,830.21,0,0,0,無,無,33024811,39779,,0.0,0,,RPPNMLNLJHLGFAM28DA,830.21,0.0,0.0,無,0026
名間鄉,房地(土地+建物),南投縣名間鄉員集路１之１１號,885.47,,特定農業區,丁種建築用地,1150102,土地5建物1車位0,二層，三層，見其他登記事項,三層,公寓(5樓含以下無電梯),辦公用,鋼骨造,1110412,700.74,0,0,0,無,無,36633571,52278,,0.0,0,,RPPNMLQLJHLGFAM58DA,700.74,0.0,0.0,無,0027
名間鄉,房地(土地+建物),南投縣名間鄉員集路１之１１號,885.47,,特定農業區,丁種建築用地,1150102,土地5建物1車位0,二層，三層，見其他登記事項,三層,公寓(5樓含以下無電梯),辦公用,鋼骨造,1110412,700.74,0,0,0,無,無,26455000,37753,,0.0,0,,RPQNMLQLJHLGFAM68DA,700.74,0.0,0.0,無,0027
國姓鄉,房地(土地+建物),南投縣國姓鄉東門巷５１號,82.25,,山坡地保育區,丙種建築用地,1150119,土地2建物1車位0,全,四層,透天厝,住家用,鋼筋混凝土造,0840914,172.46,4,2,2,有,無,3000000,17395,,0.0,0,,RPWNMLQLJHLGFCM86DA,125.88,31.41,15.17,無,
埔里鎮,房地(土地+建物),南投縣埔里鎮九成街１１７巷２２弄１０號,89.39,,鄉村區,乙種建築用地,1150117,土地1建物1車位0,全,一層,透天厝,住家用,鋼筋混凝土加強磚造,0690820,56.1,2,2,1,有,無,2900000,51693,,0.0,0,其他增建；,RPPNMLSLJHLGFCM98DA,56.1,0.0,0.0,無,
竹山鎮,房地(土地+建物)+車位,南投縣竹山鎮建國路１７９號七樓之１,55.61,住,,,1150106,土地2建物1車位1,七層,七層,華廈(10層含以下有電梯),住家用,鋼筋混凝土造,1141215,134.38,3,2,2,有,有,6500000,48370,一樓平面,13.75,0,,RPQOMLNKJHLGFDM68DA,82.81,0.0,5.45,有,
竹山鎮,土地,中崎段541地號,1055.54,,特定農業區,農牧用地,1150122,土地1建物0車位0,,,其他,,,,0.0,0,0,0,無,無,4000000,3790,,0.0,0,親友、員工、共有人或其他特殊關係間之交易；未登記建物；,RPQNMLMLJHLGFDM58DA,0.0,0.0,0.0,無,
埔里鎮,土地,梅林段920地號,14.13,住,,,1150115,土地1建物0車位0,,,其他,,,,0.0,0,0,0,無,無,320000,22647,,0.0,0,,RPQNMLLLJHLGFCM38DA,0.0,0.0,0.0,無,
國姓鄉,房地(土地+建物),南投縣國姓鄉東門巷４２號,82.25,,山坡地保育區,丙種建築用地,1150109,土地2建物1車位0,全,四層,透天厝,住家用,鋼筋混凝土造,0840914,154.35,3,2,2,有,無,3500000,22676,,0.0,0,陽台外推；,RPOOMLQLJHLGFCM78DA,117.47,21.77,15.11,無,
竹山鎮,土地,枋平段458地號,580.06,,一般農業區,農牧用地,1150105,土地1建物0車位0,,,其他,,,,0.0,0,0,0,無,無,380000,655,,0.0,0,農作物；,RPSNMLSJJHLGFDM56DA,0.0,0.0,0.0,無,
草屯鎮,土地,平東段138地號,70.77,,風景區,丙種建築用地,1150115,土地1建物0車位0,,,其他,,,,0.0,0,0,0,無,無,1710000,24163,,0.0,0,,RPPNMLRLJHLGFBM88EA,0.0,0.0,0.0,無,
南投市,土地,包尾段598-6地號,128.0,住,,,1150121,土地1建物0車位0,,,其他,,,,0.0,0,0,0,無,無,1500000,11719,,0.0,0,,RPVNMLTLJHLGFAM86DA,0.0,0.0,0.0,無,
草屯鎮,土地,南坪段873地號,167.28,,山坡地保育區,農牧用地,1150115,土地1建物0車位0,,,其他,,,,0.0,0,0,0,無,無,4000000,23912,,0.0,0,,RPPNMLPKJHLGFBM48DA,0.0,0.0,0.0,無,0029
草屯鎮,土地,新富仁段567-30地號,1958.27,工,,,1150121,土地1建物0車位0,,,其他,,,,0.0,0,0,0,無,無,90101961,46011,,0.0,0,,RPUNMLNLJHLGFBM88DA,0.0,0.0,0.0,無,
草屯鎮,土地,新富仁段567-21地號,3039.58,工,,,1150121,土地1建物0車位0,,,其他,,,,0.0,0,0,0,無,無,140981800,46382,,0.0,0,,RPXNMLNLJHLGFBM56DA,0.0,0.0,0.0,無,
草屯鎮,土地,中潭段741地號,2437.39,,山坡地保育區,農牧用地,1150116,土地1建物0車位0,,,其他,,,,0.0,0,0,0,無,無,6300000,2585,,0.0,0,,RPQNMLKMJHLGFBM28DA,0.0,0.0,0.0,無,
國姓鄉,土地,水長流段3539地號,10500.0,,山坡地保育區,農牧用地,1150109,土地1建物0車位0,,,其他,,,,0.0,0,0,0,無,無,1880000,179,,0.0,0,,RPQNMLMLJHLGFCM48DA,0.0,0.0,0.0,無,0030
埔里鎮,房地(土地+建物),南投縣埔里鎮東潤路５６巷５號,147.84,,特定農業區,甲種建築用地,1150109,土地1建物1車位0,全,四層,透天厝,住家用,鋼筋混凝土造,0991111,327.82,4,1,5,有,無,12000000,36605,,0.0,0,親友、員工、共有人或其他特殊關係間之交易；,RPRNMLRLJHLGFCM09DA,287.71,0.0,40.11,無,
埔里鎮,房地(土地+建物),南投縣埔里鎮中正路４９２號,152.18,住,,,1150120,土地2建物1車位0,全,三層,透天厝,住商用,鋼筋混凝土造,0900621,297.32,7,3,6,有,無,24800000,83412,,0.0,0,其他增建；,RPTNMLRLJHLGFCM66DA,281.3,0.0,16.02,無,
國姓鄉,土地,龜溝段365-1地號,4845.89,,山坡地保育區,農牧用地,1150113,土地3建物0車位0,,,其他,,,,0.0,0,0,0,無,無,1200000,248,,0.0,0,親友、員工、共有人或其他特殊關係間之交易；,RPPNMLTLJHLGFCM09DA,0.0,0.0,0.0,無,
埔里鎮,土地,大坪頂段198地號,104.63,,鄉村區,乙種建築用地,1150114,土地1建物0車位0,,,其他,,,,0.0,0,0,0,無,無,1200000,11469,,0.0,0,含地上未辦保存房屋壹棟,RPQNMLTLJHLGFCM56DA,0.0,0.0,0.0,無,
仁愛鄉,土地,曲冰段268地號,709.75,,森林區,農牧用地,1150117,土地1建物0車位0,,,其他,,,,0.0,0,0,0,無,無,100000,141,,0.0,0,本件買賣土地為原住民保留地親友、員工、共有人或其他特殊關係間之交易；,RPRNMLTLJHLGFCM66DA,0.0,0.0,0.0,無,
竹山鎮,土地,溪尾段42-1地號,373.22,,山坡地保育區,農牧用地,1150112,土地1建物0車位0,,,其他,,,,0.0,0,0,0,無,無,1250000,3349,,0.0,0,,RPQNMLMKJHLGFDM48DA,0.0,0.0,0.0,無,
竹山鎮,房地(土地+建物),南投縣竹山鎮橫街５２號,34.01,商,,,1150108,土地2建物1車位0,全,四層,透天厝,住商用,鋼筋混凝土造,0820720,142.99,4,1,3,有,無,4500000,31471,,0.0,0,,RPQNMLTLJHLGFDM66DA,142.99,0.0,0.0,無,
水里鄉,土地,下城段1061地號,1397.79,,一般農業區,農牧用地,1150109,土地6建物0車位0,,,其他,,,,0.0,0,0,0,無,無,2500000,1789,,0.0,0,,RPPNMLQLJHLGFEM98DA,0.0,0.0,0.0,無,0031
中寮鄉,土地,分水寮段290地號,1467.0,,山坡地保育區,農牧用地,1150122,土地1建物0車位0,,,其他,,,,0.0,0,0,0,無,無,200000,136,,0.0,0,,RPWNMLMLJHLGFAM88DA,0.0,0.0,0.0,無,
中寮鄉,土地,新二重溪段480地號,1570.05,,鄉村區,乙種建築用地,1150120,土地3建物0車位0,,,其他,,,,0.0,0,0,0,無,無,9980000,6356,,0.0,0,,RPXNMLMLJHLGFAM98DA,0.0,0.0,0.0,無,
中寮鄉,土地,龍眼林段746-54地號,1353.0,,山坡地保育區,農牧用地,1150102,土地1建物0車位0,,,其他,,,,0.0,0,0,0,無,無,330000,244,,0.0,0,,RPRNMLQLJHLGFAM78DA,0.0,0.0,0.0,無,
草屯鎮,房地(土地+建物),南投縣草屯鎮芬草路三段６３巷７號,71.99,,特定農業區,甲種建築用地,1150119,土地1建物1車位0,全,四層,透天厝,住家用,鋼筋混凝土造,0840601,157.06,4,3,3,有,有,7000000,44569,,0.0,0,,RPRNMLRLJHLGFBM98DA,145.81,0.0,11.25,無,
草屯鎮,房地(土地+建物),南投縣草屯鎮富德街５１巷３６號,131.52,住,,,1150116,土地1建物1車位0,全,三層,透天厝,住家用,鋼筋混凝土造,1140905,222.6,4,2,5,有,無,21000000,94340,,0.0,0,,RPPNMLTLJHLGFBM98DA,208.35,0.0,14.25,無,
草屯鎮,房地(土地+建物),南投縣草屯鎮富德街５１巷３２號,102.99,住,,,1150102,土地1建物1車位0,全,三層,透天厝,住家用,鋼筋混凝土造,1140905,196.75,4,2,5,有,無,16000000,81321,,0.0,0,,RPRNMLKMJHLGFBM38DA,182.5,0.0,14.25,無,
埔里鎮,房地(土地+建物),南投縣埔里鎮中正三路８４巷５號,78.83,住,,,1150106,土地1建物1車位0,全,二層,透天厝,住家用,鋼筋混凝土加強磚造,0661012,93.02,4,2,3,有,無,5500000,59127,,0.0,0,頂樓加蓋；其他增建；,RPPNMLRLJHLGFCM88DA,93.02,0.0,0.0,無,
埔里鎮,房地(土地+建物),南投縣埔里鎮中山路四段１８０號,273.07,,特定農業區,農牧用地,1150114,土地1建物1車位0,全,一層,透天厝,農業用,鋼鐵造（有牆）,0860708,72.34,1,2,1,有,無,4200000,58059,,0.0,0,,RPVNMLRLJHLGFCM86DA,72.34,0.0,0.0,無,0032
竹山鎮,房地(土地+建物)+車位,南投縣竹山鎮建國路１７９號五樓之１,55.61,住,,,1150105,土地2建物1車位1,五層,七層,華廈(10層含以下有電梯),住家用,鋼筋混凝土造,1141215,134.38,3,2,2,有,有,6250000,46510,一樓平面,13.75,0,,RPTNMLLLJHLGFDM78DA,82.81,0.0,5.45,有,
竹山鎮,房地(土地+建物),南投縣竹山鎮大義街１２３巷１８號,109.48,住,,,1150106,土地2建物1車位0,全,三層,透天厝,住家用,鋼筋混凝土造,1041225,147.28,4,2,3,有,無,8800000,59750,,0.0,0,,RPPNMLRLJHLGFDM98DA,138.36,0.0,8.92,無,0033
水里鄉,土地,下城段1061地號,698.9,,一般農業區,農牧用地,1150110,土地6建物0車位0,,,其他,,,,0.0,0,0,0,無,無,1250000,1789,,0.0,0,,RPQNMLRLJHLGFEM56DA,0.0,0.0,0.0,無,0031
埔里鎮,土地,忠貞段305地號,42.86,住,,,1150108,土地1建物0車位0,,,其他,,,,0.0,0,0,0,無,無,2190575,51110,,0.0,0,政府機關標讓售；,RPUNMLNJKHLGFCM88DA,0.0,0.0,0.0,無,
竹山鎮,房地(土地+建物),南投縣竹山鎮建國路１７９號五樓之３,37.18,住,,,1150106,土地2建物1車位0,五層,七層,華廈(10層含以下有電梯),住家用,鋼筋混凝土造,1141215,80.65,2,2,2,有,有,4800000,59516,,0.0,0,含約定專用車位編號:B號,RPUNMLLLJHLGFDM88DA,52.61,0.0,6.4,有,
竹山鎮,房地(土地+建物),南投縣竹山鎮建國路１７９號六樓之２,37.18,住,,,1150102,土地2建物1車位0,六層,七層,華廈(10層含以下有電梯),住家用,鋼筋混凝土造,1141215,80.65,2,2,2,有,有,4950000,61376,,0.0,0,含約定專用車位編號:A號,RPVNMLLLJHLGFDM98DA,52.61,0.0,6.4,有,
竹山鎮,房地(土地+建物),南投縣竹山鎮建國路１７９號七樓之２,37.18,住,,,1150102,土地2建物1車位0,七層,七層,華廈(10層含以下有電梯),住家用,鋼筋混凝土造,1141215,80.65,2,2,2,有,有,4820000,59764,,0.0,0,含約定專用車位編號:1號,RPWNMLLLJHLGFDM09DA,52.61,0.0,6.4,有,
竹山鎮,房地(土地+建物),南投縣竹山鎮建國路１７９號七樓之３,37.18,住,,,1150105,土地2建物1車位0,七層,七層,華廈(10層含以下有電梯),住家用,鋼筋混凝土造,1141215,80.65,2,2,2,有,有,4800000,59516,,0.0,0,含約定專用車位編號:2號,RPXNMLLLJHLGFDM56DA,52.61,0.0,6.4,有,
竹山鎮,土地,中正段209地號,165.5,住,,,1150119,土地1建物0車位0,,,其他,,,,0.0,0,0,0,無,無,6250000,37764,,0.0,0,,RPTNMLMJKHLGFDM78DA,0.0,0.0,0.0,無,
水里鄉,土地,新上安段512-1地號,295.89,,一般農業區,甲種建築用地,1150126,土地1建物0車位0,,,其他,,,,0.0,0,0,0,無,無,600000,2028,,0.0,0,,RPRNMLQLJHLGFEM56DA,0.0,0.0,0.0,無,
名間鄉,房地(土地+建物),南投縣名間鄉華山街４巷１１號,216.37,,鄉村區,乙種建築用地,1150107,土地1建物1車位0,全,二層,透天厝,住家用,鋼筋混凝土加強磚造,0690200,133.12,7,2,2,有,無,8000000,60096,,0.0,0,,RPRNMLLLJHLGFAM28DA,133.12,0.0,0.0,無,0035
南投市,房地(土地+建物)+車位,南投縣南投市華陽路４０１巷１９弄３６號七樓之３,41.0,都市：其他:住宅區,,,1150114,土地4建物1車位1,七層,十四層,住宅大樓(11層含以上有電梯),住家用,鋼筋混凝土造,1140122,142.25,3,2,2,有,有,8800000,61863,坡道平面,29.66,0,,RPRNMLMLJHLGFAM38DA,68.44,0.0,6.49,有,0036
南投市,房地(土地+建物),南投縣南投市千秋路３７０巷３８弄６號,1487.59,,特定農業區,農牧用地,1150117,土地1建物1車位0,全,一層,透天厝,農業用,鋼骨造有牆,1131203,294.77,0,0,0,無,無,17000000,57672,,0.0,0,,RPQNMLRLJHLGFAM78DA,294.77,0.0,0.0,無,
草屯鎮,房地(土地+建物),南投縣草屯鎮民生路９３巷６弄１２號,99.0,住,,,1150123,土地1建物1車位0,全,二層,透天厝,住商用,鋼筋混凝土造,0680406,123.2,4,3,2,有,無,9000000,73052,,0.0,0,頂樓加蓋；其他增建；,RPRNMLNLJHLGFBM58DA,123.2,0.0,0.0,無,
埔里鎮,土地,大雁頂段682地號,664.45,,山坡地保育區,農牧用地,1150121,土地1建物0車位0,,,其他,,,,0.0,0,0,0,無,無,1430000,2152,,0.0,0,,RPQNMLRLJHLGFCM98DA,0.0,0.0,0.0,無,
竹山鎮,房地(土地+建物)+車位,南投縣竹山鎮下橫街２６之６號三樓之１,25.47,商,,,1150120,土地5建物1車位1,三層,七層,華廈(10層含以下有電梯),住家用,鋼筋混凝土造,1140402,93.49000000000001,2,2,1,有,有,4900000,53844,其他,13.63,600000,,RPQNMLKMJHLGFDM48DA,50.75,0.0,6.53,有,
鹿谷鄉,土地,新鹿谷段57地號,726.28,,山坡地保育區,農牧用地,1150126,土地8建物0車位0,,,其他,,,,0.0,0,0,0,無,無,820800,1130,,0.0,0,,RPQNMLNJKHLGFDM58DA,0.0,0.0,0.0,無,
南投市,房地(土地+建物),南投縣南投市文林路８９巷１６號,80.0,住,,,1150105,土地1建物1車位0,全,二層,透天厝,住商用,鋼筋混凝土加強磚造,0701103,100.42,3,2,2,有,無,5000000,49791,,0.0,0,,RPPNMLMJKHLGFAM18EA,100.42,0.0,0.0,無,
南投市,土地,福興段293地號,163.7,農,,,1150102,土地1建物0車位0,,,其他,,,,0.0,0,0,0,無,無,875795,5350,,0.0,0,,RPQNMLMJKHLGFAM28EA,0.0,0.0,0.0,無,
南投市,房地(土地+建物),南投縣南投市中山街３８號二樓之３,6.76,商,,,1150108,土地1建物1車位0,二層,七層,華廈(10層含以下有電梯),住家用,鋼筋混凝土造,0850410,36.05,1,0,1,有,有,1450000,40222,,0.0,0,,RPUNMLRLJHLGFAM56DA,19.31,0.8,3.35,有,0037
草屯鎮,土地,保安段38地號,376.69,,鄉村區,乙種建築用地,1150120,土地1建物0車位0,,,其他,,,,0.0,3,1,1,有,無,29300000,77783,,0.0,0,親友、員工、共有人或其他特殊關係間之交易；未登記建物；,RPSNMLNLJHLGFBM68DA,0.0,0.0,0.0,無,0038
草屯鎮,土地,新富仁段567-11地號,2026.5,工,,,1150121,土地1建物0車位0,,,其他,,,,0.0,0,0,0,無,無,93727652,46251,,0.0,0,政府機關標讓售；,RPUNMLTLJHLGFBM86DA,0.0,0.0,0.0,無,
埔里鎮,土地,小埔社段191-1087地號,6038.0,,山坡地保育區,農牧用地,1150113,土地2建物0車位0,,,其他,,,,0.0,0,0,0,無,無,11200000,1855,,0.0,0,,RPQNMLMKJHLGFCM38DA,0.0,0.0,0.0,無,
仁愛鄉,土地,過坑段776地號,2868.0,,一般農業區,農牧用地,1150126,土地1建物0車位0,,,其他,,,,0.0,0,0,0,無,無,2100000,732,,0.0,0,本案係為原住民保留地含地政士服務費15000元；農作物；,RPWNMLTLJHLGFCM17DA,0.0,0.0,0.0,無,
仁愛鄉,土地,武界段846地號,877.5,,森林區,農牧用地,1150128,土地1建物0車位0,,,其他,,,,0.0,0,0,0,無,無,500000,570,,0.0,0,1.本案地係為原住民保留地。2.本土地買賣所有權移轉範圍為112年6月取得之權利範圍1/4。,RPSNMLNJKHLGFCM68DA,0.0,0.0,0.0,無,0039
埔里鎮,土地,忠良段852地號,998.36,,特定農業區,農牧用地,1150106,土地1建物0車位0,,,其他,,,,0.0,0,0,0,無,無,5300000,5309,,0.0,0,,RPQNMLOJKHLGFCM58DA,0.0,0.0,0.0,無,
埔里鎮,土地,忠良段853地號,1472.0,,特定農業區,農牧用地,1150106,土地1建物0車位0,,,其他,,,,0.0,0,0,0,無,無,7700000,5231,,0.0,0,,RPSNMLOJKHLGFCM78DA,0.0,0.0,0.0,無,
埔里鎮,土地,八股段589-1地號,228.2,,特定農業區,甲種建築用地,1150107,土地3建物0車位0,,,其他,,,,0.0,0,0,0,無,無,4600000,20158,,0.0,0,本出售標的包含：電、地上物：鐵造約14坪車庫及無房屋稅籍證明之鐵造建築物乙棟及屋內全數電器及家俱。本件土地買賣總價款為新台幣肆佰萬元正，全數地上物包含：電器及家具之買賣價款新台幣陸拾萬元正。,RPUNMLOJKHLGFCM98DA,0.0,0.0,0.0,無,0040
集集鎮,土地,八張段75地號,200.76,農,,,1150126,土地1建物0車位0,,,其他,,,,0.0,0,0,0,無,無,270000,1345,,0.0,0,,RPPNMLNJKHLGFEM58DA,0.0,0.0,0.0,無,
埔里鎮,房地(土地+建物),南投縣埔里鎮新生路２７之３號,165.72,農,,,1150105,土地3建物1車位0,全,四層,透天厝,住家用,ＲＣ造,1110829,287.01,4,2,4,有,無,23800000,82924,,0.0,0,,RPPNMLNJKHLGFCM48EA,252.73,0.0,34.28,有,0041
水里鄉,土地,新上安段414地號,1756.79,,一般農業區,農牧用地,1150115,土地1建物0車位0,,,其他,,,,0.0,0,0,0,無,無,2300000,1309,,0.0,0,親友、員工、共有人或其他特殊關係間之交易；,RPPNMLKMJHLGFEM58EA,0.0,0.0,0.0,無,
南投市,房地(土地+建物),南投縣南投市東山路４０１之６號,80.93,,鄉村區,乙種建築用地,1150106,土地1建物1車位0,全,四層,透天厝,住商用,鋼筋混凝土造,0850708,227.12,8,2,4,有,無,8000000,35224,,0.0,0,,RPPNMLNJKHLGFAM18DA,216.32,0.0,10.8,無,0042
草屯鎮,土地,新富功段405地號,539.88,都市：其他:道路用地(特別管制區),,,1150119,土地4建物0車位0,,,其他,,,,0.0,0,0,0,無,無,2100000,3890,,0.0,0,包含公共設施保留地用地；,RPSNMLMJKHLGFBM48DA,0.0,0.0,0.0,無,
埔里鎮,房地(土地+建物)+車位,南投縣埔里鎮中華路５８之１０號十二樓,20.38,住,,,1150104,土地1建物1車位1,十二層,十五層,住宅大樓(11層含以上有電梯),住家用,ＲＣ造,1120905,130.27,3,1,2,有,有,9600000,73693,坡道平面,26.99,0,,RPUNMLRLJHLGFCM76DA,63.33,0.0,4.96,有,0043
埔里鎮,房地(土地+建物),南投縣埔里鎮九成街１１８巷１７號,93.33,,鄉村區,乙種建築用地,1150117,土地1建物1車位0,全,一層,透天厝,住家用,鋼筋混凝土加強磚造,0680911,51.2,3,2,1,有,無,3500000,68359,,0.0,0,,RPPNMLQJKHLGFCM68DA,51.2,0.0,0.0,無,0044
埔里鎮,房地(土地+建物),南投縣埔里鎮隆生路９０之５號,102.41,農,,,1150120,土地2建物1車位0,全,二層,透天厝,住家用,鋼筋混凝土加強磚造,0710602,94.19,4,2,2,有,無,6160000,65400,,0.0,0,頂樓加蓋；其他增建；,RPQNMLQJKHLGFCM78DA,94.19,0.0,0.0,無,0045
竹山鎮,土地,南雲段924地號,108.28,,鄉村區,乙種建築用地,1150105,土地1建物0車位0,,,其他,,,,0.0,0,0,0,無,無,1000000,9235,,0.0,0,,RPPNMLPJJHLGFDM58DA,0.0,0.0,0.0,無,
竹山鎮,土地,前山段1310地號,122.14,,鄉村區,乙種建築用地,1150117,土地1建物0車位0,,,其他,,,,0.0,0,0,0,無,無,1550000,12690,,0.0,0,,RPTNMLTKJHLGFDM86DA,0.0,0.0,0.0,無,0046
水里鄉,土地,南光段599地號,104.0,住,,,1150128,土地1建物0車位0,,,其他,,,,0.0,0,0,0,無,無,2500000,24038,,0.0,0,未登記建物；,RPPNMLTLJHLGFEM66DA,0.0,0.0,0.0,無,
水里鄉,土地,南湖段454地號,4482.0,,山坡地保育區,農牧用地,1150129,土地1建物0車位0,,,其他,,,,0.0,0,0,0,無,無,7000000,1562,,0.0,0,,RPQNMLTLJHLGFEM76DA,0.0,0.0,0.0,無,
南投市,土地,福助段367地號,125.75,,山坡地保育區,丙種建築用地,1150121,土地1建物0車位0,,,其他,,,,0.0,0,0,0,無,無,2100000,16700,,0.0,0,,RPTNMLOJKHLGFAM78EA,0.0,0.0,0.0,無,
草屯鎮,房地(土地+建物),南投縣草屯鎮富中路１０９巷１９弄１２號,105.12,住,,,1150102,土地3建物1車位0,全,三層,透天厝,住家用,鋼筋混凝土造,1040714,184.79,4,3,3,有,無,12500000,67644,,0.0,0,頂樓加蓋；其他增建；,RPVNMLLLJHLGFBM78DA,173.24,0.0,10.01,無,0047
草屯鎮,土地,新富仁段567-32地號,1757.17,工,,,1150121,土地1建物0車位0,,,其他,,,,0.0,0,0,0,無,無,80847392,46010,,0.0,0,政府機關標讓售；,RPQNMLSLJHLGFBM98DA,0.0,0.0,0.0,無,
埔里鎮,土地,鯉魚潭段282-2地號,369.0,,山坡地保育區,農牧用地,1150109,土地1建物0車位0,,,其他,,,,0.0,0,0,0,無,無,1780000,4824,,0.0,0,親友、員工、共有人或其他特殊關係間之交易；,RPVNMLNJKHLGFCM98DA,0.0,0.0,0.0,無,
魚池鄉,土地,新興段372地號,197.69,,特定農業區,甲種建築用地,1150128,土地1建物0車位0,,,其他,,,,0.0,0,0,0,無,無,2200000,11129,,0.0,0,未登記建物；,RPRNMLOJKHLGFCM68DA,0.0,0.0,0.0,無,
竹山鎮,土地,德興段180地號,74.72,,鄉村區,乙種建築用地,1150116,土地1建物0車位0,,,其他,,,,0.0,0,0,0,無,無,330000,4416,,0.0,0,,RPQNMLOJKHLGFDM68DA,0.0,0.0,0.0,無,
竹山鎮,建物,南投縣竹山鎮雲林新村一路３０５號,0.0,,,,1150104,土地0建物1車位0,全,二層,透天厝,住家用,鋼筋混凝土加強磚造,,274.5,6,2,4,有,無,2800000,10200,,0.0,0,僅買賣房屋: 南投縣竹山鎮大統段218建號；建物坐落地號：大統段334地號；含土地增值稅或其他稅費14544元；親友、員工、共有人或其他特殊關係間之交易；,RPPNMLSJKHLGFDM98DA,274.5,0.0,0.0,無,
鹿谷鄉,房地(土地+建物)+車位,南投縣鹿谷鄉中寮路５２之８號五樓之３,13.75,住,,,1150124,土地3建物1車位1,五層,五層,華廈(10層含以下有電梯),住家用,鋼筋混凝土造,1140122,43.93,1,1,1,有,無,5000000,113817,升降機械,0.0,0,,RPPNMLTJKHLGFDM09DA,23.37,0.0,2.6,有,
名間鄉,土地,新光段247地號,1969.96,,一般農業區,農牧用地,1150127,土地1建物0車位0,,,其他,,,,0.0,0,0,0,無,無,2800000,1421,,0.0,0,,RPTNMLPJKHLGFAM78DA,0.0,0.0,0.0,無,
草屯鎮,房地(土地+建物),南投縣草屯鎮富中路１３３號,106.19,住,,,1150113,土地1建物1車位0,全,二層,透天厝,住商用,鋼筋混凝土造,0700814,146.82,5,2,4,有,無,11000000,74922,,0.0,0,頂樓加蓋；其他增建；,RPPNMLPJKHLGFBM48DA,139.03,0.0,7.79,無,
草屯鎮,土地,新興段905地號,105.0,,鄉村區,乙種建築用地,1150128,土地1建物0車位0,,,其他,,,,0.0,0,0,0,無,無,1050000,10000,,0.0,0,,RPQNMLQJKHLGFBM68DA,0.0,0.0,0.0,無,0048
草屯鎮,土地,建興段1093地號,16.11,住,,,1150116,土地1建物0車位0,,,其他,,,,0.0,0,0,0,無,無,1550265,96230,,0.0,0,政府機關標讓售；,RPRNMLQJKHLGFBM78DA,0.0,0.0,0.0,無,
草屯鎮,土地,新富仁段567-25地號,3380.94,工,,,1150121,土地1建物0車位0,,,其他,,,,0.0,0,0,0,無,無,154678005,45750,,0.0,0,政府機關標讓售；,RPUNMLQJKHLGFBM09DA,0.0,0.0,0.0,無,
埔里鎮,房地(土地+建物)+車位,南投縣埔里鎮北平街１３６號七樓之６,20.24,商,,,1150126,土地1建物1車位1,七層,十四層,住宅大樓(11層含以上有電梯),住家用,ＲＣ造,1140818,145.64999999999998,3,2,2,有,有,10950000,75180,坡道平面,0.0,0,,RPWNMLNJKHLGFCM09DA,73.52,0.0,7.05,有,0049
竹山鎮,房地(土地+建物),南投縣竹山鎮中山路１之４７號,114.16,住,,,1150110,土地1建物1車位0,全,二層,透天厝,住家用,鋼筋混凝土加強磚造,0751121,117.34,3,2,2,有,無,5000000,42611,,0.0,0,其他增建；,RPPNMLPKJHLGFDM68DA,117.34,0.0,0.0,無,
竹山鎮,土地,大統段332地號,200.76,,一般農業區,農牧用地,1150104,土地1建物0車位0,,,其他,,,,0.0,0,0,0,無,無,303650,1513,,0.0,0,親友、員工、共有人或其他特殊關係間之交易；,RPQNMLSJKHLGFDM09DA,0.0,0.0,0.0,無,
水里鄉,土地,城中段805地號,93.0,商,,,1150127,土地3建物0車位0,,,其他,,,,0.0,0,0,0,無,無,3094300,33272,,0.0,0,,RPPNMLSLJHLGFEM56DA,0.0,0.0,0.0,無,0050
竹山鎮,土地,文田段1263地號,1040.94,,山坡地保育區,農牧用地,1150113,土地1建物0車位0,,,其他,,,,0.0,0,0,0,無,無,420000,403,,0.0,0,,RPPNMLTJKHLGFDM56EA,0.0,0.0,0.0,無,0003
南投市,土地,橫山段282地號,2070.66,農,,,1150107,土地1建物0車位0,,,其他,,,,0.0,0,0,0,無,無,9000000,4346,,0.0,0,,RPRNMLRLJHLGFAM88DA,0.0,0.0,0.0,無,
南投市,房地(土地+建物),南投縣南投市祖祠路８０巷８之７號,111.66,住,,,1150112,土地2建物1車位0,全,三層,透天厝,住家用,鋼筋混凝土造,1030122,156.91,4,2,3,有,無,9460000,60289,,0.0,0,,RPSNMLPJKHLGFAM68DA,147.36,0.0,9.55,無,0052
名間鄉,土地,名竹段666地號,2401.33,,特定農業區,農牧用地,1150130,土地1建物0車位0,,,其他,,,,0.0,0,0,0,無,無,5763192,2400,,0.0,0,,RPPNMLTJKHLGFAM78DA,0.0,0.0,0.0,無,
南投市,房地(土地+建物)+車位,南投縣南投市復興路４５３號,27.54,住,,,1150106,土地1建物1車位1,一層，二層，三層，騎樓,十三層,住宅大樓(11層含以上有電梯),住家用,鋼筋混凝土造,0840216,193.87,3,2,2,有,有,8000000,41265,坡道機械,0.0,0,,RPQNMLTJKHLGFAM88DA,148.33,3.53,8.46,有,0053
草屯鎮,土地,大堀段566地號,2739.28,,特定農業區,農牧用地,1150128,土地2建物0車位0,,,其他,,,,0.0,0,0,0,無,無,7500000,2738,,0.0,0,親友、員工、共有人或其他特殊關係間之交易；,RPSNMLTJKHLGFBM56DA,0.0,0.0,0.0,無,
埔里鎮,土地,吉段302地號,5582.93,,特定農業區,農牧用地,1150115,土地4建物0車位0,,,其他,,,,0.0,0,0,0,無,無,12800000,2293,,0.0,0,,RPPNMLTJKHLGFCM98DA,0.0,0.0,0.0,無,
名間鄉,土地,埔中段790地號,142.61,,一般農業區,農牧用地,1150128,土地1建物0車位0,,,其他,,,,0.0,0,0,0,無,無,240000,1683,,0.0,0,,RPVNMLSLJHLGFAM76DA,0.0,0.0,0.0,無,
名間鄉,房地(土地+建物),南投縣名間鄉華山街７７巷１７號,124.91,,鄉村區,乙種建築用地,1150105,土地1建物1車位0,全,二層,透天厝,住家用,鋼筋混凝土加強磚造,0690200,102.73,3,2,2,有,無,4275000,41614,,0.0,0,,RPQNMLOJKHLGFAM38DA,102.73,0.0,0.0,無,0054
南投市,房地(土地+建物),南投縣南投市建國路１２１巷７弄２０號,71.44,住,,,1150110,土地2建物1車位0,全,三層,透天厝,住家用,鋼筋混凝土造,1140320,171.54,4,3,5,有,無,16000000,93273,,0.0,0,,RPUNMLPJKHLGFAM88DA,156.72,0.0,14.82,無,
南投市,土地,南投段57-33地號,56.0,住,,,1150119,土地2建物0車位0,,,其他,,,,0.0,0,0,0,無,無,950000,16964,,0.0,0,,RPPNMLLKKHLGFAM08DA,0.0,0.0,0.0,無,
草屯鎮,土地,新富仁段567-20地號,2757.89,工,,,1150121,土地1建物0車位0,,,其他,,,,0.0,0,0,0,無,無,127563444,46254,,0.0,0,政府機關標讓售；,RPQNMLLKKHLGFBM28DA,0.0,0.0,0.0,無,
埔里鎮,房地(土地+建物),南投縣埔里鎮忠勤路１之１號,97.68,住,,,1150117,土地1建物1車位0,全,三層,透天厝,住家用,鋼筋混凝土造,0820118,118.07,4,3,3,有,無,7300000,61828,,0.0,0,頂樓加蓋；其他增建；,RPPNMLKKKHLGFCM18DA,118.07,0.0,0.0,無,
集集鎮,土地,八張段862地號,9.43,住,,,1150131,土地1建物0車位0,,,其他,,,,0.0,0,0,0,無,無,152000,16119,,0.0,0,親友、員工、共有人或其他特殊關係間之交易；,RPPNMLTJKHLGFEM56DA,0.0,0.0,0.0,無,
南投市,土地,三塊厝段151-13地號,219.0,住,,,1150107,土地1建物0車位0,,,其他,,,,0.0,0,0,0,無,無,7810580,35665,,0.0,0,,RPTNMLTJJHLGFAM09DA,0.0,0.0,0.0,無,
南投市,土地,三塊厝段151-14地號,61.75,住,,,1150107,土地1建物0車位0,,,其他,,,,0.0,0,0,0,無,無,2194658,35541,,0.0,0,,RPUNMLTJJHLGFAM56DA,0.0,0.0,0.0,無,0055
南投市,土地,三塊厝段151-14地號,137.13,住,,,1150107,土地1建物0車位0,,,其他,,,,0.0,0,0,0,無,無,2663170,19421,,0.0,0,,RPWNMLTJJHLGFAM76DA,0.0,0.0,0.0,無,0055
南投市,房地(土地+建物),南投縣南投市南崗一路１４３號,90.0,住,,,1150113,土地1建物1車位0,全,四層,透天厝,住商用,鋼筋混凝土造,0800529,213.2,6,1,4,有,無,12450000,58396,,0.0,0,,RPPNMLNKKHLGFAM28DA,213.2,0.0,0.0,無,0057
埔里鎮,土地,桃米坑段225-32地號,8021.7,,山坡地保育區,農牧用地,1150102,土地6建物0車位0,,,其他,,,,0.0,0,0,0,無,無,32500000,4052,,0.0,0,農作物；,RPRNMLMJKHLGFCM48DA,0.0,0.0,0.0,無,
水里鄉,土地,鹿寮段988-1地號,4393.04,,山坡地保育區,農牧用地,1150115,土地8建物0車位0,,,其他,,,,0.0,0,0,0,無,無,16800000,3824,,0.0,0,未登記建物；,RPQNMLQJKHLGFEM98DA,0.0,0.0,0.0,無,
南投市,房地(土地+建物),南投縣南投市復興路６０６巷１６號,104.78,住,,,1150103,土地2建物1車位0,全,四層,透天厝,住家用,鋼筋混凝土造,0960816,190.11,4,3,3,有,無,13000000,68381,,0.0,0,,RPSNMLNKKHLGFAM58DA,167.15,13.85,9.11,無,
埔里鎮,房地(土地+建物),南投縣埔里鎮東潤路２６巷６弄１號,166.91,,山坡地保育區,丙種建築用地,1150109,土地5建物1車位0,全,三層,透天厝,住家用,鋼筋混凝土造,0841230,144.41,4,2,3,有,有,4500000,31161,,0.0,0,頂樓加蓋；,RPPNMLOJKHLGFCM48DA,132.8,4.35,7.26,無,
仁愛鄉,土地,中原段1903地號,20840.0,,森林區,農牧用地,1150112,土地1建物0車位0,,,其他,,,,0.0,0,0,0,無,無,4000000,192,,0.0,0,原保地。,RPQNMLKKKHLGFCM28DA,0.0,0.0,0.0,無,
埔里鎮,房地(土地+建物),南投縣埔里鎮愛華街４號,129.0,住,,,1150105,土地1建物1車位0,全,二層,透天厝,住商用,加強磚造,0671218,131.43,4,2,2,有,無,7200000,54782,,0.0,0,親友、員工、共有人或其他特殊關係間之交易；,RPPNMLMKKHLGFCM38DA,131.43,0.0,0.0,無,0058
魚池鄉,土地,貓段56-35地號,2170.0,,山坡地保育區,農牧用地,1150121,土地1建物0車位0,,,其他,,,,0.0,0,0,0,無,無,1800000,829,,0.0,0,本出售標的包含:全數農作物,RPPNMLNKKHLGFCM48DA,0.0,0.0,0.0,無,0059
草屯鎮,土地,中興段1938地號,97.0,住,,,1150108,土地1建物0車位0,,,其他,,,,0.0,0,0,0,無,無,8000000,82474,,0.0,0,,RPTNMLSJJHLGFBM09DA,0.0,0.0,0.0,無,
草屯鎮,土地,平東段93地號,451.43,,風景區,農牧用地,1150106,土地1建物0車位0,,,其他,,,,0.0,0,0,0,無,無,4100000,9082,,0.0,0,,RPPNMLKMJHLGFBM18DA,0.0,0.0,0.0,無,0060
草屯鎮,房地(土地+建物)+車位,南投縣草屯鎮敦和路１３３號八樓之３,20.97,農,,,1150101,土地4建物1車位1,八層,九層,華廈(10層含以下有電梯),住家用,鋼筋混凝土造,1061220,126.97999999999999,2,2,1,有,有,8800000,69302,一樓平面,0.0,0,,RPQNMLOJKHLGFBM48DA,52.23,0.0,6.09,有,0061
埔里鎮,房地(土地+建物),南投縣埔里鎮中正路９８１號,1929.54,,特定農業區,農牧用地,1150127,土地1建物1車位0,全,二層,透天厝,農業用,鋼鐵造﹙有牆﹚,0850605,301.97,3,1,1,有,無,35000000,115906,,0.0,0,含租約；,RPOOMLRLJHLGFCM88DA,301.97,0.0,0.0,無,0062
埔里鎮,土地,八股段135地號,742.6,,特定農業區,農牧用地,1150108,土地2建物0車位0,,,其他,,,,0.0,0,0,0,無,無,2928000,3943,,0.0,0,,RPQNMLNKKHLGFCM58DA,0.0,0.0,0.0,無,
竹山鎮,土地,枋平段304-6地號,139.87,,一般農業區,農牧用地,1150111,土地1建物0車位0,,,其他,,,,0.0,0,0,0,無,無,210000,1501,,0.0,0,,RPQNMLMJKHLGFDM48DA,0.0,0.0,0.0,無,0063
竹山鎮,房地(土地+建物),南投縣竹山鎮集山路三段１７５巷３７號七樓之１,35.29,住,,,1150123,土地1建物1車位0,七層,七層,華廈(10層含以下有電梯),住家用,鋼筋混凝土造,1140306,83.8,2,1,2,有,有,5120000,61098,,0.0,0,,RPPNMLMKKHLGFDM48DA,61.15,0.0,6.29,有,
竹山鎮,土地,枋平段304-6地號,139.87,,一般農業區,農牧用地,1150111,土地1建物0車位0,,,其他,,,,0.0,0,0,0,無,無,210000,1501,,0.0,0,,RPQNMLMKKHLGFDM58DA,0.0,0.0,0.0,無,0063
南投市,房地(土地+建物),南投縣南投市自強一街２８號,101.94,住,,,1150118,土地1建物1車位0,全,三層,透天厝,住家用,鋼筋混凝土造,1141119,218.74,4,3,5,有,無,19000000,86861,,0.0,0,,RPQNMLQJKHLGFAM58DA,202.9,0.0,15.84,無,
南投市,土地,光復段278-2地號,457.0,農,,,1150111,土地1建物0車位0,,,其他,,,,0.0,0,0,0,無,無,5150000,11269,,0.0,0,,RPRNMLKKKHLGFAM18DA,0.0,0.0,0.0,無,
草屯鎮,房地(土地+建物)+車位,南投縣草屯鎮新富路１２９號八樓之５,20.68,住,,,1150126,土地1建物1車位1,八層,十五層,住宅大樓(11層含以上有電梯),住家用,鋼筋混凝土造,1100910,110.44999999999999,1,1,1,有,有,6830000,61838,升降機械,0.0,0,,RPPNMLLKKHLGFBM18DA,56.55,0.0,5.53,有,0065
埔里鎮,土地,八股段126地號,659.94,,特定農業區,農牧用地,1150108,土地1建物0車位0,,,其他,,,,0.0,0,0,0,無,無,3393000,5141,,0.0,0,,RPQNMLPLKHLGFCM88DA,0.0,0.0,0.0,無,
中寮鄉,土地,樟平段598地號,7881.92,,山坡地保育區,農牧用地,1150119,土地1建物0車位0,,,其他,,,,0.0,0,0,0,無,無,5000000,634,,0.0,0,,RPWNMLSLJHLGFAM86DA,0.0,0.0,0.0,無,
草屯鎮,房地(土地+建物),南投縣草屯鎮芬草路二段７４２號,81.0,,鄉村區,乙種建築用地,1150111,土地2建物1車位0,全,三層,透天厝,住家用,鋼筋混凝土造,0811003,162.23,0,0,0,無,無,8900000,54860,,0.0,0,,RPQNMLTJKHLGFBM98DA,148.67,0.0,13.56,無,
草屯鎮,土地,新富寮段178-1地號,156.58,都市：其他:住宅區,,,1150123,土地1建物0車位0,,,其他,,,,0.0,0,0,0,無,無,10935547,69840,,0.0,0,政府機關標讓售；,RPPNMLOLKHLGFBM68EA,0.0,0.0,0.0,無,
草屯鎮,土地,新富寮段178地號,99.33,住,,,1150123,土地1建物0車位0,,,其他,,,,0.0,0,0,0,無,無,6937207,69840,,0.0,0,政府機關標讓售；,RPQNMLOLKHLGFBM78EA,0.0,0.0,0.0,無,
南投市,房地(土地+建物),南投縣南投市三和二路９０號,79.0,商,,,1150121,土地2建物1車位0,全,四層,透天厝,住商用,鋼筋混凝土加強磚造,0700731,207.76,4,3,3,有,無,9100000,43801,,0.0,0,,RPPNMLPLKHLGFAM58DA,207.76,0.0,0.0,無,
南投市,房地(土地+建物),南投縣南投市文化路７０７巷１弄５８號,67.0,住,,,1150118,土地1建物1車位0,全,三層,透天厝,住家用,鋼筋混凝土造,1140711,154.45,5,2,3,有,無,14890000,96407,,0.0,0,,RPQNMLPLKHLGFAM68DA,139.2,0.0,15.25,無,
南投市,土地,光大段76地號,116.81,住,,,1150127,土地1建物0車位0,,,其他,,,,0.0,0,0,0,無,無,2340000,20033,,0.0,0,,RPUNMLPLKHLGFAM09DA,0.0,0.0,0.0,無,
草屯鎮,土地,碧峰段782地號,177.92,,鄉村區,乙種建築用地,1150120,土地1建物0車位0,,,其他,,,,0.0,0,0,0,無,無,5000000,28103,,0.0,0,親友、員工、共有人或其他特殊關係間之交易；,RPUNMLPLKHLGFBM56DA,0.0,0.0,0.0,無,0066
埔里鎮,土地,牛眠段897地號,289.98,,鄉村區,乙種建築用地,1150110,土地3建物0車位0,,,其他,,,,0.0,0,0,0,無,無,4200000,14484,,0.0,0,未登記建物；,RPQNMLMJLHLGFCM48DA,0.0,0.0,0.0,無,
竹山鎮,土地,保生段233地號,130.76,,一般農業區,農牧用地,1150129,土地1建物0車位0,,,其他,,,,0.0,0,0,0,無,無,600000,4589,,0.0,0,,RPPNMLRLKHLGFDM09DA,0.0,0.0,0.0,無,
南投市,土地,牛運堀段270-75地號,69.5,住,,,1150116,土地1建物0車位0,,,其他,,,,0.0,0,0,0,無,無,2590000,37266,,0.0,0,,RPPNMLQLKHLGFAM78EA,0.0,0.0,0.0,無,0067
中寮鄉,土地,先驅段2989地號,46.0,,山坡地保育區,丙種建築用地,1150126,土地1建物0車位0,,,其他,,,,0.0,0,0,0,無,無,86480,1880,,0.0,0,,RPQNMLQLKHLGFAM88EA,0.0,0.0,0.0,無,
仁愛鄉,土地,春陽段1032-56地號,46.0,,山坡地保育區,丙種建築用地,1150122,土地1建物0車位0,,,其他,,,,0.0,0,0,0,無,無,3500000,76087,,0.0,0,仁愛鄉大同村榮光巷6號未保存建築物包括在買賣範圍內,RPPNMLQLKHLGFCM98EA,0.0,0.0,0.0,無,0068
仁愛鄉,土地,瑞岩段738地號,7040.0,,山坡地保育區,農牧用地,1150109,土地2建物0車位0,,,其他,,,,0.0,0,0,0,無,無,800000,114,,0.0,0,此為原住民保留地，瑞岩段738地號買賣價金新台幣貳拾萬元整，瑞岩段738-1買賣價金為新台幣陸拾萬元整,RPPNMLMJLHLGFCM48EA,0.0,0.0,0.0,無,
草屯鎮,土地,新富仁段567-6地號,13100.09,工,,,1150121,土地1建物0車位0,,,其他,,,,0.0,0,0,0,無,無,601005929,45878,,0.0,0,,RPQNMLTLJHLGFBM09DA,0.0,0.0,0.0,無,
草屯鎮,土地,新富仁段567-34地號,3003.43,工,,,1150121,土地1建物0車位0,,,其他,,,,0.0,0,0,0,無,無,137409926,45751,,0.0,0,,RPTNMLTLJHLGFBM76DA,0.0,0.0,0.0,無,
草屯鎮,房地(土地+建物),南投縣草屯鎮富林路三段８巷３號,97.0,住,,,1150105,土地2建物1車位0,全,四層,透天厝,住家用,鋼筋混凝土造,1140501,251.0,4,3,5,有,無,20260000,80717,,0.0,0,,RPPNMLLMJHLGFBM28DA,236.12,0.0,14.88,有,
草屯鎮,土地,新富寮段248地號,80.22,農,,,1150116,土地1建物0車位0,,,其他,,,,0.0,0,0,0,無,無,1456200,18153,,0.0,0,,RPPNMLTJKHLGFBM88DA,0.0,0.0,0.0,無,
草屯鎮,房地(土地+建物),南投縣草屯鎮虎山路威虎巷１３弄２６號,165.5,住,,,1150105,土地1建物1車位0,全,四層,透天厝,住家用,鋼筋混凝土造,0930917,332.71,7,5,5,有,無,17500000,52598,,0.0,0,,RPQNMLNLKHLGFBM58DA,319.75,0.0,12.96,無,
魚池鄉,房地(土地+建物),南投縣魚池鄉中山路２１２號,59.05,都市：其他:住宅區,,,1150109,土地2建物1車位0,一層,三層,公寓(5樓含以下無電梯),商業用,鋼骨鋼筋混凝土造,0900327,58.82,3,1,1,有,無,12800000,217613,,0.0,0,其他增建；,RPXNMLNJKHLGFCM56DA,54.28,0.0,0.0,無,
竹山鎮,房地(土地+建物),南投縣竹山鎮和育巷１４６號,95.01,住,,,1150104,土地1建物1車位0,全,三層,透天厝,住商用,鋼筋混凝土造,0900515,172.6,5,3,5,有,無,8200000,47509,,0.0,0,,RPPNMLPLKHLGFDM88DA,172.6,0.0,0.0,無,
竹山鎮,房地(土地+建物),南投縣竹山鎮枋坪巷２之３５弄１號三樓之２,18.34,住,,,1150126,土地2建物1車位0,三層,七層,華廈(10層含以下有電梯),住家用,鋼筋混凝土造,0850309,68.1,2,1,1,有,有,1280000,18796,,0.0,0,,RPQNMLPLKHLGFDM98DA,45.16,0.0,2.64,有,
中寮鄉,土地,龍眼林段21地號,1353.0,,山坡地保育區,農牧用地,1150103,土地1建物0車位0,,,其他,,,,0.0,0,0,0,無,無,1800000,1330,,0.0,0,,RPPNMLMJKHLGFAM08DA,0.0,0.0,0.0,無,0069
南投市,房地(土地+建物),南投縣南投市南新路３４１巷３６號,112.96,住,,,1150110,土地3建物1車位0,全,三層,透天厝,住家用,鋼筋混凝土造,1110531,174.37,4,3,5,有,無,15900000,91185,,0.0,0,,RPPNMLNLKHLGFAM38DA,164.25,0.0,10.12,無,0070
南投市,土地,成功段502地號,100.48,住,,,1150129,土地1建物0車位0,,,其他,,,,0.0,0,0,0,無,無,4500000,44785,,0.0,0,,RPSNMLMJLHLGFAM48DA,0.0,0.0,0.0,無,0071
草屯鎮,房地(土地+建物),南投縣草屯鎮中正路５６７之６號五樓之１,12.01,住,,,1150111,土地1建物1車位0,五層,七層,華廈(10層含以下有電梯),住家用,鋼筋混凝土造,0930322,42.5,1,1,1,有,有,2520000,59294,,0.0,0,,RPRNMLNLKHLGFBM68DA,26.65,0.0,5.84,有,
草屯鎮,房地(土地+建物),南投縣草屯鎮富中路６７號二樓,29.74,住,,,1150131,土地1建物1車位0,二層,七層,華廈(10層含以下有電梯),住家用,鋼筋混凝土造,1040825,149.67000000000002,4,4,4,有,有,5500000,36748,,0.0,0,,RPPNMLMJLHLGFBM28DA,80.39,0.0,14.53,有,0072
埔里鎮,房地(土地+建物),南投縣埔里鎮西安路二段３０１巷３６號,150.6,,鄉村區,乙種建築用地,1150108,土地3建物1車位0,全,二層,透天厝,住家用,鋼骨鋼筋混凝土造,0930326,152.35,5,2,2,有,無,8500000,55793,,0.0,0,其他增建；,RPSNMLMJLHLGFCM68DA,142.0,4.8,5.55,無,0073
鹿谷鄉,土地,興產段651地號,3040.49,都市：其他:保護區,,,1150124,土地4建物0車位0,,,其他,,,,0.0,0,0,0,無,無,9900000,3256,,0.0,0,,RPPNMLNJLHLGFDM58DA,0.0,0.0,0.0,無,0074
南投市,房地(土地+建物),南投縣南投市彰南路三段３９８巷２號五樓之２,11.57,商,,,1150113,土地1建物1車位0,五層,十層,華廈(10層含以下有電梯),住家用,鋼筋混凝土造,0821208,116.58,3,1,2,有,有,3680000,31566,,0.0,0,,RPQNMLMJLHLGFAM38EA,92.58,3.48,4.13,有,
埔里鎮,車位,南投縣埔里鎮北環路２３８號地下一層之２,0.0,,,,1150129,土地0建物1車位1,地下層,十二層,其他,管理室,鋼筋混凝土造,0830708,10.19,0,0,0,無,有,500000,,坡道平面,14.37,500000,建物坐落地號：北環段130地號；僅車位交易；,RPPNMLNJLHLGFCM58EA,0.0,0.0,0.0,有,0075
名間鄉,房地(土地+建物),南投縣名間鄉華山街６３號,87.99,,鄉村區,乙種建築用地,1150105,土地1建物1車位0,全,二層,透天厝,住商用,鋼筋混凝土加強磚造,0690110,105.38,3,2,4,有,無,5690000,53995,,0.0,0,,RPSNMLTJJHLGFAM98DA,105.38,0.0,0.0,無,0076
南投市,土地,南山段151地號,167.0,住,,,1150124,土地1建物0車位0,,,其他,,,,0.0,0,0,0,無,無,10900000,65269,,0.0,0,,RPRNMLNLKHLGFAM58DA,0.0,0.0,0.0,無,
南投市,土地,新生段1447地號,1273.0,農,,,1150112,土地2建物0車位0,,,其他,,,,0.0,0,0,0,無,無,16170000,12702,,0.0,0,包含公共設施保留地用地；,RPPNMLNJLHLGFAM28DA,0.0,0.0,0.0,無,
草屯鎮,房地(土地+建物),南投縣草屯鎮加老東路４３巷３弄３８號,110.84,,鄉村區,乙種建築用地,1150106,土地3建物1車位0,全,二層,透天厝,住家用,鋼筋混凝土造,0811003,91.1,2,3,2,有,無,6700000,73546,,0.0,0,頂樓加蓋；其他增建；,RPUNMLTJKHLGFBM76DA,79.0,0.0,12.1,無,
草屯鎮,房地(土地+建物),南投縣草屯鎮太平路一段５２３號四樓之５,8.75,住,,,1150115,土地1建物1車位0,四層,八層,華廈(10層含以下有電梯),住家用,鋼筋混凝土造,0840512,54.74,1,1,1,有,有,2800000,51151,,0.0,0,,RPQNMLNJLHLGFBM48DA,38.4,0.0,4.8,有,
埔里鎮,房地(土地+建物),南投縣埔里鎮中正路９８６之１號,134.1,,特定農業區,甲種建築用地,1150113,土地3建物1車位0,全,三層,透天厝,住家用,ＲＣ造,1140905,188.16,4,2,5,有,無,18180000,96620,,0.0,0,含傢俱設備費；,RPWNMLNJLHLGFCM56DA,176.02,0.0,12.14,無,
魚池鄉,土地,東光段941地號,428.43,,一般農業區,甲種建築用地,1150110,土地1建物0車位0,,,其他,,,,0.0,0,0,0,無,無,9720000,22687,,0.0,0,,RPPNMLPJLHLGFCM68DA,0.0,0.0,0.0,無,
竹山鎮,房地(土地+建物),南投縣竹山鎮鯉南路１１６之７４號三樓,32.97,住,,,1150122,土地1建物1車位0,三層,五層,公寓(5樓含以下無電梯),住家用,鋼筋混凝土造,0820429,109.24000000000001,3,2,2,有,無,2780000,25449,,0.0,0,,RPPNMLQLKHLGFDM98DA,80.07,0.0,7.83,無,0077
竹山鎮,房地(土地+建物),南投縣竹山鎮鯉南路３２之３號,95.0,住,,,1150126,土地1建物1車位0,全,三層,透天厝,住商用,鋼筋混凝土造,0781104,185.22,5,3,3,有,無,6400000,34554,,0.0,0,,RPQNMLMJLHLGFDM58DA,185.22,0.0,0.0,無,
竹山鎮,房地(土地+建物),南投縣竹山鎮永豐街４５號,98.12,住,,,1150113,土地1建物1車位0,全,三層,透天厝,住家用,鋼筋混凝土造,1141028,174.83,4,2,5,有,無,12000000,68638,,0.0,0,,RPQNMLNJLHLGFDM68DA,163.38,0.0,11.45,無,
集集鎮,土地,山腳段194地號,1088.65,住,,,1150127,土地3建物0車位0,,,其他,,,,0.0,0,0,0,無,無,18700000,17177,,0.0,0,,RPPNMLRLJHLGFEM09DA,0.0,0.0,0.0,無,
南投市,房地(土地+建物),南投縣南投市文化路１３７巷２弄３６號,101.0,住,,,1150107,土地1建物1車位0,全,三層,透天厝,住家用,鋼筋混凝土造,0840223,176.95,4,3,3,有,無,7900000,44645,,0.0,0,,RPQNMLNJKHLGFAM28DA,170.5,0.0,6.45,無,
埔里鎮,房地(土地+建物),南投縣埔里鎮中正路３６９號八樓之２,5.5,商,,,1150110,土地1建物1車位0,八層,十二層,住宅大樓(11層含以上有電梯),住家用,鋼筋混凝土造,0831013,53.33,1,1,1,有,有,2652000,49728,,0.0,0,,RPRNMLPLKHLGFCM98DA,34.47,0.0,0.0,有,
埔里鎮,房地(土地+建物),南投縣埔里鎮中正路９８６之２２號,141.24,,特定農業區,甲種建築用地,1150131,土地4建物1車位0,全,三層,透天厝,住家用,ＲＣ造,1140905,221.7,5,2,5,有,無,19060000,85972,,0.0,0,含傢俱設備費；,RPVNMLNJLHLGFCM09DA,209.56,0.0,12.14,無,
仁愛鄉,土地,幼獅段266地號,2219.0,,山坡地保育區,農牧用地,1150127,土地2建物0車位0,,,其他,,,,0.0,0,0,0,無,無,12200000,5498,,0.0,0,,RPSNMLPJLHLGFCM98DA,0.0,0.0,0.0,無,
鹿谷鄉,房地(土地+建物),南投縣鹿谷鄉中正路二段３８５號,132.7,,山坡地保育區,丙種建築用地,1150105,土地1建物1車位0,全,二層,透天厝,住家用,鋼筋混凝土造,0931129,95.73,3,2,4,有,無,11000000,114907,,0.0,0,,RPQNMLQJLHLGFDM98DA,95.73,0.0,0.0,無,
草屯鎮,房地(土地+建物),南投縣草屯鎮御富路３２３巷７號,70.76,住,,,1150121,土地6建物1車位0,全,四層,透天厝,住家用,鋼筋混凝土造,1130327,191.69,4,3,6,有,有,14080000,73452,,0.0,0,,RPRNMLSLJHLGFBM09DA,191.55,0.0,0.0,無,
草屯鎮,房地(土地+建物),南投縣草屯鎮順山路３９號,94.39,住,,,1150122,土地1建物1車位0,全,四層,透天厝,住商用,鋼筋混凝土造,0870928,197.67,6,3,3,有,無,11200000,56660,,0.0,0,頂樓加蓋；其他增建；,RPQNMLMKKHLGFBM38DA,180.11,0.0,17.56,無,
草屯鎮,房地(土地+建物)+車位,南投縣草屯鎮新富路１２９號七樓之２,17.93,住,,,1150125,土地1建物1車位1,七層,十五層,住宅大樓(11層含以上有電梯),住家用,鋼筋混凝土造,1100910,98.17,2,2,1,有,有,8450000,86075,坡道機械,17.81,0,,RPQNMLMJLHLGFBM38DA,48.25,0.0,5.6,有,
草屯鎮,土地,新光段771地號,444.0,,特定農業區,甲種建築用地,1150121,土地1建物0車位0,,,其他,,,,0.0,0,0,0,無,無,8100000,18243,,0.0,0,親友、員工、共有人或其他特殊關係間之交易；,RPTNMLOJLHLGFBM88DA,0.0,0.0,0.0,無,
國姓鄉,土地,水波流段46地號,152.39,,鄉村區,乙種建築用地,1150130,土地1建物0車位0,,,其他,,,,0.0,0,0,0,無,無,1800000,11812,,0.0,0,,RPRNMLPJLHLGFCM88DA,0.0,0.0,0.0,無,
草屯鎮,土地,新雙冬段122地號,139.06,,山坡地保育區,農牧用地,1141202,土地1建物0車位0,,,其他,,,,0.0,0,0,0,無,無,1400000,10068,,0.0,0,親友、員工、共有人或其他特殊關係間之交易；,RPQNMLMJKIKGFBM28DA,0.0,0.0,0.0,無,0078
名間鄉,土地,南大庄段785-4地號,31.66,商,,,1141203,土地1建物0車位0,,,其他,,,,0.0,0,0,0,無,無,378274,11948,,0.0,0,畸零地或有合併使用效益；,RPRNMLLKKIKGFAM28DA,0.0,0.0,0.0,無,
名間鄉,土地,東新厝段63地號,488.71,,一般農業區,丙種建築用地,1141208,土地1建物0車位0,,,其他,,,,0.0,0,0,0,無,無,4650000,9515,,0.0,0,未登記建物；,RPWNMLLKKIKGFAM78DA,0.0,0.0,0.0,無,0079
草屯鎮,土地,新興段81地號,61.38,,特定農業區,農牧用地,1141203,土地1建物0車位0,,,其他,,,,0.0,0,0,0,無,無,118960,1938,,0.0,0,,RPQNMLLKKIKGFBM28DA,0.0,0.0,0.0,無,
埔里鎮,土地,忠義段399地號,495.24,住,,,1141201,土地4建物0車位0,,,其他,,,,0.0,0,0,0,無,無,6000000,12115,,0.0,0,畸零地或有合併使用效益；包含公共設施保留地用地；,RPTNMLTJKIKGFCM76DA,0.0,0.0,0.0,無,0080
名間鄉,土地,南大庄段789-40地號,47.49,住,,,1141203,土地1建物0車位0,,,其他,,,,0.0,0,0,0,無,無,315172,6637,,0.0,0,畸零地或有合併使用效益；,RPSNMLLKKIKGFAM38DA,0.0,0.0,0.0,無,
名間鄉,土地,名竹段307-1地號,2.99,,特定農業區,甲種建築用地,1141211,土地1建物0車位0,,,其他,,,,0.0,0,0,0,無,無,80000,26756,,0.0,0,,RPRNMLPKKIKGFAM68DA,0.0,0.0,0.0,無,
鹿谷鄉,土地,石城段454地號,54.04,農,,,1141202,土地2建物0車位0,,,其他,,,,0.0,0,0,0,無,無,408500,7559,,0.0,0,親友、員工、共有人或其他特殊關係間之交易；,RPQNMLKKKIKGFDM38DA,0.0,0.0,0.0,無,0081
竹山鎮,土地,溫水段587地號,939.56,,特定農業區,農牧用地,1141209,土地1建物0車位0,,,其他,,,,0.0,0,0,0,無,無,1700000,1809,,0.0,0,,RPTNMLPKKIKGFDM56DA,0.0,0.0,0.0,無,
信義鄉,土地,人倫段9-11地號,206.0,,一般農業區,農牧用地,1141204,土地1建物0車位0,,,其他,,,,0.0,0,0,0,無,無,100000,485,,0.0,0,,RPPNMLPKKIKGFEM88DA,0.0,0.0,0.0,無,
中寮鄉,土地,樟平段1058地號,329.22,,山坡地保育區,丙種建築用地,1141210,土地1建物0車位0,,,其他,,,,0.0,0,0,0,無,無,1997900,6069,,0.0,0,,RPRNMLQKKIKGFAM78DA,0.0,0.0,0.0,無,
草屯鎮,土地,北勢段71地號,107.95,,鄉村區,乙種建築用地,1141207,土地2建物0車位0,,,其他,,,,0.0,0,0,0,無,無,2285500,21172,,0.0,0,,RPRNMLPKKIKGFBM78DA,0.0,0.0,0.0,無,0082
草屯鎮,土地,新興段652地號,233.68,,鄉村區,乙種建築用地,1141201,土地5建物0車位0,,,其他,,,,0.0,0,0,0,無,無,1517537,6494,,0.0,0,親友、員工、共有人或其他特殊關係間之交易；,RPPNMLRKKIKGFBM88EA,0.0,0.0,0.0,無,
名間鄉,土地,南松嶺段1170地號,1498.72,,一般農業區,農牧用地,1141205,土地2建物0車位0,,,其他,,,,0.0,0,0,0,無,無,1400000,934,,0.0,0,親友、員工、共有人或其他特殊關係間之交易；,RPPNMLTJKIKGFAM78DA,0.0,0.0,0.0,無,
中寮鄉,土地,龍眼林段96-1地號,434.38,,山坡地保育區,農牧用地,1141202,土地1建物0車位0,,,其他,,,,0.0,0,0,0,無,無,150000,345,,0.0,0,親友、員工、共有人或其他特殊關係間之交易；,RPQNMLQKKIKGFAM68DA,0.0,0.0,0.0,無,
中寮鄉,土地,龍眼林段96-2地號,78.88,,山坡地保育區,丙種建築用地,1141202,土地1建物0車位0,,,其他,,,,0.0,0,0,0,無,無,388000,4919,,0.0,0,親友、員工、共有人或其他特殊關係間之交易；,SPQNMLQKKIKGFAM78DA,0.0,0.0,0.0,無,
中寮鄉,土地,龍眼林段50-1地號,383.12,,山坡地保育區,國土保安用地,1141202,土地1建物0車位0,,,其他,,,,0.0,0,0,0,無,無,92000,240,,0.0,0,親友、員工、共有人或其他特殊關係間之交易；,TPQNMLQKKIKGFAM88DA,0.0,0.0,0.0,無,
中寮鄉,土地,龍眼林段50-2地號,264.88,,山坡地保育區,國土保安用地,1141202,土地1建物0車位0,,,其他,,,,0.0,0,0,0,無,無,65000,245,,0.0,0,親友、員工、共有人或其他特殊關係間之交易；,UPQNMLQKKIKGFAM98DA,0.0,0.0,0.0,無,
中寮鄉,土地,龍眼林段50-3地號,725.75,,山坡地保育區,農牧用地,1141202,土地1建物0車位0,,,其他,,,,0.0,0,0,0,無,無,200000,276,,0.0,0,親友、員工、共有人或其他特殊關係間之交易；,VPQNMLQKKIKGFAM09DA,0.0,0.0,0.0,無,0083
中寮鄉,土地,龍眼林段50-4地號,15.75,,山坡地保育區,交通用地,1141202,土地1建物0車位0,,,其他,,,,0.0,0,0,0,無,無,5000,317,,0.0,0,親友、員工、共有人或其他特殊關係間之交易；,WPQNMLQKKIKGFAM56DA,0.0,0.0,0.0,無,0084
南投市,土地,福順段990地號,68.72,,一般農業區,農牧用地,1141209,土地1建物0車位0,,,其他,,,,0.0,0,0,0,無,無,330000,4802,,0.0,0,,RPPNMLRKKIKGFAM68DA,0.0,0.0,0.0,無,
鹿谷鄉,房地(土地+建物),南投縣鹿谷鄉中寮路５２之８號三樓之３,13.74,住,,,1141203,土地3建物1車位0,三層,五層,華廈(10層含以下有電梯),住家用,鋼筋混凝土造,1140122,37.05,1,1,1,有,有,3000000,80972,,0.0,0,,RPPNMLSKKIKGFDM09DA,23.37,0.0,2.6,有,0085
竹山鎮,土地,菩提段634地號,2.12,住,,,1141209,土地1建物0車位0,,,其他,,,,0.0,0,0,0,無,無,25712,12128,,0.0,0,親友、員工、共有人或其他特殊關係間之交易；,RPPNMLTKKIKGFDM56DA,0.0,0.0,0.0,無,0086
南投市,房地(土地+建物)+車位,南投縣南投市信義街１號五樓之４,12.4,住,,,1141204,土地1建物1車位1,五層,十四層,住宅大樓(11層含以上有電梯),住家用,鋼筋混凝土造,0821110,107.9,3,2,2,有,有,3750000,34751,坡道機械,0.0,0,,RPQNMLSKKIKGFAM98EA,68.58,0.81,9.04,有,
竹山鎮,房地(土地+建物),南投縣竹山鎮集山路三段９１６巷６號,137.0,住,,,1141202,土地4建物1車位0,全,三層,透天厝,住家用,鋼筋混凝土造,0781123,191.25,5,2,5,有,無,7300000,38170,,0.0,0,,RPPNMLMLKIKGFDM68EA,180.72,10.53,0.0,無,
仁愛鄉,土地,靜觀段338地號,310.0,,森林區,農牧用地,1141204,土地1建物0車位0,,,其他,,,,0.0,0,0,0,無,無,200000,645,,0.0,0,本件標的為原住民保留地，為早年雙方父執輩口頭交易，且買方已事實使用土地至今，現雙方始協議作產權過戶。,RPTNMLRKKIKGFCM66DA,0.0,0.0,0.0,無,
竹山鎮,房地(土地+建物),南投縣竹山鎮大忠路４３７號,92.34,住,,,1141206,土地1建物1車位0,全,三層,透天厝,住商用,鋼筋混凝土造,0861215,175.95,4,2,3,有,無,9100000,51719,,0.0,0,,RPQNMLMLKIKGFDM78EA,175.95,0.0,0.0,無,
竹山鎮,土地,田東段655地號,294.19,,山坡地保育區,農牧用地,1141202,土地1建物0車位0,,,其他,,,,0.0,0,0,0,無,無,97083,330,,0.0,0,親友、員工、共有人或其他特殊關係間之交易；,RPRNMLMLKIKGFDM88EA,0.0,0.0,0.0,無,
名間鄉,土地,北田子段687地號,298.37,,一般農業區,丙種建築用地,1141209,土地1建物0車位0,,,其他,,,,0.0,0,0,0,無,無,1000000,3352,,0.0,0,親友、員工、共有人或其他特殊關係間之交易；,RPRNMLTJKIKGFAM98DA,0.0,0.0,0.0,無,
草屯鎮,土地,中興段568地號,1349.0,農,,,1141211,土地1建物0車位0,,,其他,,,,0.0,0,0,0,無,無,22440000,16635,,0.0,0,,RPUNMLMLKIKGFBM88DA,0.0,0.0,0.0,無,
鹿谷鄉,土地,車寮段內湖小段113-2地號,100.0,都市：其他:林業區,,,1141212,土地1建物0車位0,,,其他,,,,0.0,0,0,0,無,無,600000,6000,,0.0,0,未登記建物；,RPTNMLMLKIKGFDM09EA,0.0,0.0,0.0,無,0087
鹿谷鄉,土地,小半天段447-10地號,2091.2,,森林區,林業用地,1141218,土地1建物0車位0,,,其他,,,,0.0,0,0,0,無,無,250000,120,,0.0,0,,RPUNMLMLKIKGFDM56EA,0.0,0.0,0.0,無,
水里鄉,土地,鹿寮段975-1地號,41.35,,山坡地保育區,交通用地,1141209,土地3建物0車位0,,,其他,,,,0.0,0,0,0,無,無,111638,2700,,0.0,0,協議價購；,RPPNMLMLKIKGFEM78EA,0.0,0.0,0.0,無,
水里鄉,土地,鹿寮段947-1地號,1.19,,山坡地保育區,交通用地,1141209,土地1建物0車位0,,,其他,,,,0.0,0,0,0,無,無,3094,2600,,0.0,0,協議價購；,RPRNMLMLKIKGFEM98EA,0.0,0.0,0.0,無,
水里鄉,土地,鹿寮段954地號,110.3,,山坡地保育區,交通用地,1141209,土地1建物0車位0,,,其他,,,,0.0,0,0,0,無,無,286780,2600,,0.0,0,協議價購；,RPSNMLMLKIKGFEM09EA,0.0,0.0,0.0,無,
水里鄉,土地,鹿寮段940-1地號,20.13,,山坡地保育區,交通用地,1141209,土地1建物0車位0,,,其他,,,,0.0,0,0,0,無,無,52338,2600,,0.0,0,協議價購；,RPTNMLMLKIKGFEM56EA,0.0,0.0,0.0,無,
水里鄉,土地,鹿寮段946-2地號,0.11,,山坡地保育區,農牧用地,1141209,土地1建物0車位0,,,其他,,,,0.0,0,0,0,無,無,308,0,,0.0,0,協議價購；,RPUNMLMLKIKGFEM66EA,0.0,0.0,0.0,無,
水里鄉,土地,鹿寮段1044-1地號,9.94,,山坡地保育區,農牧用地,1141209,土地2建物0車位0,,,其他,,,,0.0,0,0,0,無,無,27832,2800,,0.0,0,協議價購；,RPVNMLMLKIKGFEM76EA,0.0,0.0,0.0,無,
南投市,土地,嘉興段419地號,1553.91,,特定農業區,農牧用地,1141202,土地1建物0車位0,,,其他,,,,0.0,0,0,0,無,無,9000000,5792,,0.0,0,未登記建物；,RPUNMLOLKIKGFAM98DA,0.0,0.0,0.0,無,
鹿谷鄉,土地,新鹿谷段61地號,82.05,,山坡地保育區,農牧用地,1141219,土地1建物0車位0,,,其他,,,,0.0,0,0,0,無,無,86400,1053,,0.0,0,,RPVNMLMLKIKGFDM66EA,0.0,0.0,0.0,無,
水里鄉,土地,鹿寮段956地號,26.06,,山坡地保育區,交通用地,1141209,土地1建物0車位0,,,其他,,,,0.0,0,0,0,無,無,70369,2700,,0.0,0,協議價購；,RPQNMLMLKIKGFEM88EA,0.0,0.0,0.0,無,
埔里鎮,土地,桃米坑段2093地號,3395.0,,山坡地保育區,農牧用地,1141203,土地5建物0車位0,,,其他,,,,0.0,0,0,0,無,無,750000,221,,0.0,0,親友、員工、共有人或其他特殊關係間之交易；,RPVNMLQKKIKGFCM76DA,0.0,0.0,0.0,無,
埔里鎮,土地,忠良段13地號,373.43,,特定農業區,農牧用地,1141206,土地1建物0車位0,,,其他,,,,0.0,0,0,0,無,無,3500000,9373,,0.0,0,農作物；,RPPNMLNLKIKGFCM58DA,0.0,0.0,0.0,無,
埔里鎮,房地(土地+建物),南投縣埔里鎮文光巷１８號,73.81,住,,,1141217,土地1建物1車位0,全,三層,透天厝,住家用,ＲＣ造,1140905,180.92,5,2,5,有,無,21000000,116073,,0.0,0,其他增建；,RPRNMLOLKIKGFCM88DA,158.98,0.0,21.94,無,
國姓鄉,土地,北港溪段15-1地號,527.0,,特定農業區,農牧用地,1141209,土地2建物0車位0,,,其他,,,,0.0,0,0,0,無,無,2610000,4953,,0.0,0,,RPRNMLQLKIKGFCM09DA,0.0,0.0,0.0,無,0088
埔里鎮,房地(土地+建物),南投縣埔里鎮忠孝三路２５號,75.04,住,,,1141219,土地1建物1車位0,全,三層,透天厝,住家用,ＲＣ造,1140905,185.94,4,2,5,有,無,23000000,123696,,0.0,0,未登記建物；,RPSNMLQLKIKGFCM56DA,162.09,0.0,23.85,有,
埔里鎮,土地,牛尾段92地號,725.01,,山坡地保育區,農牧用地,1141208,土地1建物0車位0,,,其他,,,,0.0,0,0,0,無,無,2190000,3021,,0.0,0,,RPRNMLTLKIKGFCM76DA,0.0,0.0,0.0,無,
竹山鎮,房地(土地+建物),南投縣竹山鎮竹山路７之１號,138.33,商,,,1141203,土地2建物1車位0,全,三層,透天厝,住家用,鋼筋混凝土加強磚造,0670819,94.26,4,3,2,有,無,4184000,44388,,0.0,0,親友、員工、共有人或其他特殊關係間之交易；,RPPNMLTLKIKGFDM66DA,94.25,0.0,0.0,無,
南投市,房地(土地+建物),南投縣南投市建國路８２之１號,53.0,住,,,1141202,土地1建物1車位0,全,三層,透天厝,住家用,鋼筋混凝土造,0740116,148.68,3,2,4,有,無,9500000,63896,,0.0,0,,RPSNMLOLKIKGFAM78DA,148.68,0.0,0.0,無,0089
名間鄉,房地(土地+建物),南投縣名間鄉田寮巷１２之３７號,85.3,,特定農業區,甲種建築用地,1141211,土地1建物1車位0,全,二層,透天厝,住家用,鋼筋混凝土造,,95.94,4,2,2,有,無,4200000,43777,,0.0,0,,RPTNMLOLKIKGFAM88DA,95.94,0.0,0.0,無,0090
草屯鎮,土地,茄荖山段828-34地號,23.77,,山坡地保育區,丙種建築用地,1141214,土地2建物0車位0,,,其他,,,,0.0,0,0,0,無,無,258800,10888,,0.0,0,,RPPNMLPKKIKGFBM58DA,0.0,0.0,0.0,無,
草屯鎮,房地(土地+建物)+車位,南投縣草屯鎮博愛路２７７號十二樓之１,29.62,住,,,1141203,土地1建物1車位1,十二層,十五層,住宅大樓(11層含以上有電梯),住家用,鋼筋混凝土造,1131106,156.03,3,2,2,有,有,11300000,72422,坡道平面,0.0,0,,RPQNMLTKKIKGFBM09DA,70.64,0.0,9.08,有,0091
竹山鎮,土地,大統段475地號,107.17,,鄉村區,乙種建築用地,1141217,土地2建物0車位0,,,其他,,,,0.0,0,0,0,無,無,2300000,21461,,0.0,0,含未登記建物,RPQNMLTLKIKGFDM76DA,0.0,0.0,0.0,無,
集集鎮,土地,文昌段743地號,3324.48,農,,,1141211,土地1建物0車位0,,,其他,,,,0.0,0,0,0,無,無,8300000,2497,,0.0,0,,RPQNMLMLKIKGFEM78DA,0.0,0.0,0.0,無,
草屯鎮,土地,草鞋墩段862地號,87.52,住,,,1141205,土地1建物0車位0,,,其他,,,,0.0,0,0,0,無,無,6500000,74269,,0.0,0,,RPPNMLMKKIKGFBM28DA,0.0,0.0,0.0,無,
埔里鎮,房地(土地+建物),南投縣埔里鎮中山路三段７３５號,55.47,,特定農業區,丁種建築用地,1141216,土地1建物1車位0,全,三層,透天厝,工業用,加強磚造,0530830,21.78,0,0,0,無,無,1700000,78053,,0.0,0,親友、員工、共有人或其他特殊關係間之交易；,RPPNMLQLKIKGFCM88DA,21.78,0.0,0.0,無,
魚池鄉,土地,貓段108-36地號,377.0,,山坡地保育區,農牧用地,1141218,土地1建物0車位0,,,其他,,,,0.0,0,0,0,無,無,1225000,3249,,0.0,0,,RPTNMLTLKIKGFCM96DA,0.0,0.0,0.0,無,
竹山鎮,土地,桂南段1279-1地號,145.66,,山坡地保育區,丙種建築用地,1141209,土地1建物0車位0,,,其他,,,,0.0,0,0,0,無,無,200000,1373,,0.0,0,親友、員工、共有人或其他特殊關係間之交易；,RPRNMLLMKIKGFDM78DA,0.0,0.0,0.0,無,
名間鄉,土地,北松嶺段557地號,2175.82,,一般農業區,農牧用地,1141216,土地2建物0車位0,,,其他,,,,0.0,0,0,0,無,無,7320000,3364,,0.0,0,,RPPNMLTLKIKGFAM09EA,0.0,0.0,0.0,無,0092
鹿谷鄉,土地,文昌段136地號,218.06,,一般農業區,丙種建築用地,1141219,土地1建物0車位0,,,其他,,,,0.0,5,2,2,有,無,800000,3669,,0.0,0,親友、員工、共有人或其他特殊關係間之交易；,RPTNMLKMKIKGFDM98EA,0.0,0.0,0.0,無,
南投市,土地,施厝坪段619地號,109.57,住,,,1141218,土地1建物0車位0,,,其他,,,,0.0,0,0,0,無,無,729208,6655,,0.0,0,親友、員工、共有人或其他特殊關係間之交易；,RPQNMLKMKIKGFAM28DA,0.0,0.0,0.0,無,0093
南投市,房地(土地+建物),南投縣南投市中興路二街２５之３號,19.17,商,,,1141201,土地1建物1車位0,四層,八層,華廈(10層含以下有電梯),住家用,鋼筋混凝土造,0790426,161.21,3,2,2,有,有,5500000,34117,,0.0,0,土地價格:357.5萬元，建物價格:192.5萬元。,RPTNMLLKKIKGFAM48DA,126.65,0.0,17.94,有,
草屯鎮,房地(土地+建物)+車位,南投縣草屯鎮坪巷９之４８號二樓之１,31.79,,鄉村區,乙種建築用地,1141201,土地1建物1車位1,二層,十二層,住宅大樓(11層含以上有電梯),住家用,鋼筋混凝土造,1130501,147.31,3,2,2,有,有,8150000,55326,一樓平面,30.11,0,,RPRNMLKMKIKGFBM48DA,68.46,0.0,8.44,有,
埔里鎮,土地,育英段73地號,10.1,工,,,1141211,土地1建物0車位0,,,其他,,,,0.0,0,0,0,無,無,415211,41110,,0.0,0,政府機關標讓售；,RPPNMLMJJHLGFCM18DA,0.0,0.0,0.0,無,
埔里鎮,房地(土地+建物),南投縣埔里鎮愛蘭路４８號,82.66,,鄉村區,乙種建築用地,1141218,土地2建物1車位0,全,二層,透天厝,住商用,加強磚造,0681218,115.62,4,2,3,有,無,4800000,41515,,0.0,0,頂樓加蓋；,RPQNMLLMKIKGFCM58DA,115.62,0.0,0.0,無,0094
仁愛鄉,土地,靜觀段573地號,6560.0,,森林區,農牧用地,1141209,土地1建物0車位0,,,其他,,,,0.0,0,0,0,無,無,1850000,282,,0.0,0,原住民保留地。農作物；,RPRNMLLMKIKGFCM68DA,0.0,0.0,0.0,無,
魚池鄉,土地,長寮段200-1地號,3002.0,,特定農業區,農牧用地,1141203,土地2建物0車位0,,,其他,,,,0.0,0,0,0,無,無,3095000,1031,,0.0,0,,RPSNMLMJJHLGFCM48DA,0.0,0.0,0.0,無,
埔里鎮,房地(土地+建物)+車位,南投縣埔里鎮北平街１３６號十樓之３,20.01,商,,,1141211,土地1建物1車位1,十層,十四層,住宅大樓(11層含以上有電梯),住家用,ＲＣ造,1140818,144.81,3,2,2,有,有,11220000,77481,坡道平面,25.78,0,,RPPNMLNJJHLGFCM28DA,72.68,0.0,7.32,有,0095
水里鄉,土地,新民和段1002地號,1890.38,,特定農業區,農牧用地,1141217,土地1建物0車位0,,,其他,,,,0.0,0,0,0,無,無,1380000,730,,0.0,0,,RPPNMLOLKIKGFEM88DA,0.0,0.0,0.0,無,
南投市,土地,猴探井段763地號,83.03,住,,,1141224,土地1建物0車位0,,,其他,,,,0.0,0,0,0,無,無,280000,3372,,0.0,0,交易土地為?地出入需經他人土地,RPPOMLPLKIKGFAM68DA,0.0,0.0,0.0,無,
中寮鄉,土地,中寮段436-2地號,1345.0,,山坡地保育區,農牧用地,1141223,土地1建物0車位0,,,其他,,,,0.0,0,0,0,無,無,800000,595,,0.0,0,農作物；,RPPNMLLMKIKGFAM28DA,0.0,0.0,0.0,無,
名間鄉,土地,番子寮段1295-11地號,1028.0,,山坡地保育區,農牧用地,1141201,土地1建物0車位0,,,其他,,,,0.0,0,0,0,無,無,150000,146,,0.0,0,,RPRNMLPJJHLGFAM48DA,0.0,0.0,0.0,無,
中寮鄉,土地,鄉親寮段602-1地號,5947.0,,山坡地保育區,農牧用地,1141202,土地3建物0車位0,,,其他,,,,0.0,0,0,0,無,無,3600000,605,,0.0,0,,RPSNMLPJJHLGFAM58DA,0.0,0.0,0.0,無,
草屯鎮,房地(土地+建物),南投縣草屯鎮平等街１７７號七樓之８,19.13,住,,,1141218,土地1建物1車位0,七層,十層,華廈(10層含以下有電梯),住家用,鋼筋混凝土造,0821029,115.49000000000001,3,2,2,有,有,4700000,40696,,0.0,0,,RPPNMLSKKIKGFBM88DA,83.3,6.9,8.28,有,
草屯鎮,土地,光華段821地號,902.0,,一般農業區,農牧用地,1141202,土地1建物0車位0,,,其他,,,,0.0,0,0,0,無,無,5880000,6519,,0.0,0,,RPPNMLOLKIKGFBM58DA,0.0,0.0,0.0,無,
埔里鎮,房地(土地+建物),南投縣埔里鎮西安路三段１６７巷４７號,4130.92,,山坡地保育區,農牧用地,1141215,土地1建物1車位0,全,二層,透天厝,農業用,加強磚造,0830322,92.39,2,3,2,有,無,12100000,130967,,0.0,0,,RPOOMLQKKIKGFCM78DA,92.39,0.0,0.0,無,
埔里鎮,土地,忠信段441地號,97.77,,鄉村區,乙種建築用地,1141210,土地2建物0車位0,,,其他,,,,0.0,0,0,0,無,無,3150000,32218,,0.0,0,買賣標的物上有未保存建築物，包括在買賣範圍內，交由買方使用。,RPPNMLLMKIKGFCM48DA,0.0,0.0,0.0,無,0096
國姓鄉,土地,龜溝段255地號,3299.31,,特定農業區,農牧用地,1141204,土地1建物0車位0,,,其他,,,,0.0,0,0,0,無,無,4300000,1303,,0.0,0,地上作物牧草一併移轉予買方,RPPNMLLJJHLGFCM08DA,0.0,0.0,0.0,無,
魚池鄉,土地,田頭社段67地號,707.65,,山坡地保育區,林業用地,1141201,土地1建物0車位0,,,其他,,,,0.0,0,0,0,無,無,1500000,2120,,0.0,0,農作物；,RPRNMLMJJHLGFCM38DA,0.0,0.0,0.0,無,
埔里鎮,土地,民生段388地號,32.51,農,,,1141210,土地1建物0車位0,,,其他,,,,0.0,0,0,0,無,無,392000,12058,,0.0,0,,RPQNMLQJJHLGFCM68DA,0.0,0.0,0.0,無,0097
鹿谷鄉,房地(土地+建物),南投縣鹿谷鄉中和巷１９號,87.05,,鄉村區,乙種建築用地,1141201,土地1建物1車位0,全,二層,透天厝,住家用,鋼筋混凝土加強磚造,0690201,116.34,4,3,2,有,無,3300000,28365,,0.0,0,頂樓加蓋；其他增建；,RPPNMLNLKIKGFDM68DA,116.34,0.0,0.0,無,
南投市,土地,光復段923-2地號,136.58,,特定農業區,農牧用地,1141215,土地1建物0車位0,,,其他,,,,0.0,0,0,0,無,無,1939419,14200,,0.0,0,協議價購；,RPXNMLQJJHLGFAM66EA,0.0,0.0,0.0,無,
南投市,土地,營南段6-9地號,42.06,,一般農業區,農牧用地,1141215,土地2建物0車位0,,,其他,,,,0.0,0,0,0,無,無,517474,12303,,0.0,0,協議價購；,RPROMLQJJHLGFAM78EA,0.0,0.0,0.0,無,0098
南投市,房地(土地+建物),南投縣南投市竹林路一街２０號,77.0,住,,,1141208,土地1建物1車位0,全,三層,透天厝,住家用,鋼筋混凝土造,0870120,146.46,4,2,3,有,無,9500000,64864,,0.0,0,頂樓加蓋；其他增建；,RPQNMLOKKIKGFAM48DA,140.4,0.0,6.06,無,
草屯鎮,土地,新光段700地號,58.57,,鄉村區,乙種建築用地,1141216,土地3建物0車位0,,,其他,,,,0.0,0,0,0,無,無,2480500,42351,,0.0,0,,RPQNMLQKKIKGFBM78DA,0.0,0.0,0.0,無,0099
草屯鎮,土地,草屯段451地號,1437.0,,,,1141212,土地2建物0車位0,,,其他,,,,0.0,0,0,0,無,無,69550800,48400,,0.0,0,,RPQNMLTLKIKGFBM56DA,0.0,0.0,0.0,無,0100
埔里鎮,房地(土地+建物)+車位,南投縣埔里鎮信義路９０２巷６號十三樓之２,22.84,住,,,1141201,土地1建物1車位1,十三層,十五層,住宅大樓(11層含以上有電梯),住家用,鋼筋混凝土造,0830813,123.89999999999999,3,2,1,有,無,5200000,41969,升降機械,0.0,0,,RPTNMLPJJHLGFCM88DA,83.56,0.82,11.08,有,
埔里鎮,土地,向善段569地號,746.27,,特定農業區,農牧用地,1141210,土地2建物0車位0,,,其他,,,,0.0,0,0,0,無,無,2710000,3631,,0.0,0,農作物；,RPSNMLQJJHLGFCM88DA,0.0,0.0,0.0,無,
國姓鄉,土地,成功段217地號,39.83,農,,,1141221,土地1建物0車位0,,,其他,,,,0.0,0,0,0,無,無,115507,2900,,0.0,0,親友、員工、共有人或其他特殊關係間之交易；,RPOOMLQJJHLGFCM58DA,0.0,0.0,0.0,無,
竹山鎮,土地,溫水段581地號,2923.36,,特定農業區,農牧用地,1141208,土地9建物0車位0,,,其他,,,,0.0,0,0,0,無,無,4600000,1574,,0.0,0,,RPTNMLPJJHLGFDM98DA,0.0,0.0,0.0,無,0101
竹山鎮,土地,沙東段73-1地號,25.84,農,,,1141230,土地1建物0車位0,,,其他,,,,0.0,0,0,0,無,無,195000,7546,,0.0,0,,RPPNMLQJJHLGFDM68DA,0.0,0.0,0.0,無,
竹山鎮,土地,仁德段246地號,335.51,農,,,1141231,土地1建物0車位0,,,其他,,,,0.0,0,0,0,無,無,1217000,3627,,0.0,0,,RPQNMLRJJHLGFDM88DA,0.0,0.0,0.0,無,
中寮鄉,土地,仙鹿段426地號,182.98,,山坡地保育區,交通用地,1141211,土地3建物0車位0,,,其他,,,,0.0,0,0,0,無,無,100000,547,,0.0,0,,RPPNMLPJJHLGFAM38EA,0.0,0.0,0.0,無,
南投市,土地,內興段1019-3地號,634.61,,特定農業區,農牧用地,1141215,土地2建物0車位0,,,其他,,,,0.0,0,0,0,無,無,7678456,12099,,0.0,0,協議價購；,RPPNMLQJJHLGFAM48EA,0.0,0.0,0.0,無,0102
南投市,土地,內興段1019-3地號,178.48,,特定農業區,農牧用地,1141215,土地2建物0車位0,,,其他,,,,0.0,0,0,0,無,無,2159566,12100,,0.0,0,協議價購；,RPQNMLQJJHLGFAM58EA,0.0,0.0,0.0,無,0102
南投市,土地,內興段1003地號,83.95,,一般農業區,農牧用地,1141215,土地3建物0車位0,,,其他,,,,0.0,0,0,0,無,無,1015720,12099,,0.0,0,協議價購；,RPRNMLQJJHLGFAM68EA,0.0,0.0,0.0,無,0102
南投市,土地,內興段1003地號,41.97,,一般農業區,農牧用地,1141215,土地3建物0車位0,,,其他,,,,0.0,0,0,0,無,無,507860,12101,,0.0,0,協議價購；,RPSNMLQJJHLGFAM78EA,0.0,0.0,0.0,無,0102
南投市,土地,內興段1003地號,41.97,,一般農業區,農牧用地,1141215,土地3建物0車位0,,,其他,,,,0.0,0,0,0,無,無,507860,12101,,0.0,0,協議價購；,RPTNMLQJJHLGFAM88EA,0.0,0.0,0.0,無,0102
南投市,土地,營南段9-1地號,0.38,,一般農業區,農牧用地,1141215,土地1建物0車位0,,,其他,,,,0.0,0,0,0,無,無,5154,0,,0.0,0,協議價購；,RPUNMLQJJHLGFAM98EA,0.0,0.0,0.0,無,0098
南投市,土地,營南段9-1地號,0.38,,一般農業區,農牧用地,1141215,土地1建物0車位0,,,其他,,,,0.0,0,0,0,無,無,5154,0,,0.0,0,協議價購；,RPVNMLQJJHLGFAM09EA,0.0,0.0,0.0,無,0098
南投市,土地,內興段1019-3地號,59.49,,特定農業區,農牧用地,1141215,土地2建物0車位0,,,其他,,,,0.0,0,0,0,無,無,719855,12100,,0.0,0,協議價購；,RPWNMLQJJHLGFAM56EA,0.0,0.0,0.0,無,0102
南投市,土地,營南段6-9地號,42.06,,一般農業區,農牧用地,1141215,土地2建物0車位0,,,其他,,,,0.0,0,0,0,無,無,517474,12303,,0.0,0,協議價購；,RPQOMLQJJHLGFAM68EA,0.0,0.0,0.0,無,0098
南投市,土地,營南段6-9地號,42.06,,一般農業區,農牧用地,1141215,土地2建物0車位0,,,其他,,,,0.0,0,0,0,無,無,517474,12303,,0.0,0,協議價購；,RPSOMLQJJHLGFAM88EA,0.0,0.0,0.0,無,0098
中寮鄉,房地(土地+建物),南投縣中寮鄉頂城巷４２之８號,1660.0,,山坡地保育區,農牧用地,1141201,土地2建物1車位0,全,三層,透天厝,住家用,鋼筋混凝土造,0991203,385.01,6,4,3,有,無,16800000,43635,,0.0,0,其他增建；,RPUNMLPJJHLGFAM78DA,367.57,0.0,17.44,無,
南投市,房地(土地+建物),南投縣南投市忠孝五街３６號三樓之３,30.07,住,,,1141212,土地1建物1車位0,三層,五層,華廈(10層含以下有電梯),住家用,鋼筋混凝土造,0820423,84.83,2,2,2,有,有,4000000,47153,,0.0,0,,RPPNMLQJJHLGFAM38DA,71.78,0.0,0.0,有,
竹山鎮,土地,東鄉段207地號,112.63,,一般農業區,丙種建築用地,1141231,土地1建物0車位0,,,其他,,,,0.0,0,0,0,無,無,2000000,17757,,0.0,0,,RPPNMLRJJHLGFDM78DA,0.0,0.0,0.0,無,0112
竹山鎮,房地(土地+建物),南投縣竹山鎮建國路１４５號,226.0,住,,,1141229,土地1建物1車位0,全,四層,透天厝,住家用,鋼筋混凝土造,0831221,479.96,7,4,4,有,無,12600000,26252,,0.0,0,其他增建；,RPQNMLSJJHLGFDM98DA,397.83,70.83,11.3,無,0113
南投市,土地,內興段1003地號,251.84,,一般農業區,農牧用地,1141215,土地3建物0車位0,,,其他,,,,0.0,0,0,0,無,無,3047160,12100,,0.0,0,協議價購；,RPOOMLQJJHLGFAM48EA,0.0,0.0,0.0,無,0102
南投市,土地,內興段1003地號,251.84,,一般農業區,農牧用地,1141215,土地3建物0車位0,,,其他,,,,0.0,0,0,0,無,無,3047160,12100,,0.0,0,協議價購；,RPPOMLQJJHLGFAM58EA,0.0,0.0,0.0,無,0102
草屯鎮,土地,南坪段927-2地號,1010.07,,山坡地保育區,特定目的事業用地,1141229,土地3建物0車位0,,,其他,,,,0.0,0,0,0,無,無,9000000,8910,,0.0,0,親友、員工、共有人或其他特殊關係間之交易；塔位/墓園；,RPQNMLRJJHLGFBM78EA,0.0,0.0,0.0,無,0116
南投市,土地,新豐段228地號,9.48,住,,,1141229,土地5建物0車位0,,,其他,,,,0.0,0,0,0,無,無,129065,13614,,0.0,0,本案賣方不負擔費用及稅金親友、員工、共有人或其他特殊關係間之交易；,RPQNMLLMKIKGFAM38DA,0.0,0.0,0.0,無,0004
名間鄉,土地,田寮段1374-2地號,3089.5,,特定農業區,農牧用地,1141210,土地1建物0車位0,,,其他,,,,0.0,0,0,0,無,無,6500000,2104,,0.0,0,未登記建物；,RPPNMLOJJHLGFAM18DA,0.0,0.0,0.0,無,
名間鄉,房地(土地+建物),南投縣名間鄉彰南路４０５之２號,82.69,,鄉村區,乙種建築用地,1141215,土地1建物1車位0,全,二層,透天厝,住商用,鋼筋混凝土加強磚造,0701000,97.82,3,2,2,有,無,7000000,71560,,0.0,0,,RPTNMLPJJHLGFAM68DA,97.82,0.0,0.0,無,
草屯鎮,土地,北勢段753地號,114.98,,鄉村區,乙種建築用地,1141218,土地2建物0車位0,,,其他,,,,0.0,0,0,0,無,無,2434600,21174,,0.0,0,,RPQNMLRJJHLGFBM68DA,0.0,0.0,0.0,無,0118
埔里鎮,土地,南興段650-1地號,6.25,住,,,1141204,土地2建物0車位0,,,其他,,,,0.0,0,0,0,無,無,2000000,320000,,0.0,0,,RPQNMLOLKIKGFCM78DA,0.0,0.0,0.0,無,
埔里鎮,土地,麒麟段608-4地號,1089.02,,特定農業區,甲種建築用地,1141201,土地5建物0車位0,,,其他,,,,0.0,0,0,0,無,無,15500000,14233,,0.0,0,,RPQNMLMJJHLGFCM28DA,0.0,0.0,0.0,無,
埔里鎮,房地(土地+建物),南投縣埔里鎮福興路２４之２號,470.0,,一般農業區,甲種建築用地,1141217,土地1建物2車位0,全,二層,透天厝,住家用,加強磚造,0711102,166.31,4,3,3,有,無,4000000,24051,,0.0,0,建物兩棟建物門牌：福興路24之1號、福興路24之2號，無個別交易價格其他增建；,RPPNMLOJJHLGFCM38DA,166.31,0.0,0.0,無,
埔里鎮,土地,福興段1584地號,3347.8,,一般農業區,農牧用地,1141215,土地1建物0車位0,,,其他,,,,0.0,0,0,0,無,無,6300000,1882,,0.0,0,,RPPNMLPJJHLGFCM48DA,0.0,0.0,0.0,無,0119
魚池鄉,土地,東光段874地號,991.84,,一般農業區,農牧用地,1141228,土地1建物0車位0,,,其他,,,,0.0,0,0,0,無,無,1400000,1412,,0.0,0,親友、員工、共有人或其他特殊關係間之交易；農作物；,RPQNMLRJJHLGFCM78DA,0.0,0.0,0.0,無,
埔里鎮,房地(土地+建物),南投縣埔里鎮中山路三段８１號,75.08,商,,,1141215,土地1建物1車位0,全,四層,透天厝,住商用,鋼筋混凝土加強磚造,0680609,217.07,2,4,3,有,無,10500000,48371,,0.0,0,其他增建；,RPRNMLSJJHLGFCM98DA,217.07,0.0,0.0,無,
竹山鎮,土地,雲林段757地號,15.53,住,,,1141204,土地1建物0車位0,,,其他,,,,0.0,0,0,0,無,無,1700000,109466,,0.0,0,親友、員工、共有人或其他特殊關係間之交易；未登記建物；,RPRNMLSJJHLGFDM09DA,0.0,0.0,0.0,無,
鹿谷鄉,房地(土地+建物),南投縣鹿谷鄉民生巷１２之６號,123.68,住,,,1141220,土地1建物1車位0,全,二層,透天厝,住家用,鋼筋混凝土造,1000916,139.0,4,2,5,有,無,17000000,122302,,0.0,0,其他增建；,RPQNMLTJJHLGFDM09DA,139.0,0.0,0.0,無,
鹿谷鄉,土地,隆鳳段851地號,141.9,農,,,1141231,土地4建物0車位0,,,其他,,,,0.0,0,0,0,無,無,1355798,9555,,0.0,0,含土地增值稅或其他稅費155798元；未登記建物；,RPSNMLTJJHLGFDM66DA,0.0,0.0,0.0,無,
名間鄉,土地,南松嶺段230地號,1951.43,農,,,1141219,土地1建物0車位0,,,其他,,,,0.0,0,0,0,無,無,12500000,6406,,0.0,0,,RPRNMLMLKIKGFAM48DA,0.0,0.0,0.0,無,
名間鄉,土地,小崎段961-1地號,154.55,住,,,1141231,土地1建物0車位0,,,其他,,,,0.0,0,0,0,無,無,3270000,21158,,0.0,0,,RPUNMLLMKIKGFAM78DA,0.0,0.0,0.0,無,
名間鄉,土地,竹圍段1216地號,1999.82,,一般農業區,農牧用地,1141206,土地2建物0車位0,,,其他,,,,0.0,0,0,0,無,無,4330000,2165,,0.0,0,,RPRNMLSJJHLGFAM78DA,0.0,0.0,0.0,無,
草屯鎮,房地(土地+建物),南投縣草屯鎮碧山路１１７３巷４弄３號,75.62,,鄉村區,乙種建築用地,1141218,土地1建物1車位0,全,二層,透天厝,住家用,鋼筋混凝土加強磚造,0670330,96.52,4,3,3,有,無,4150000,42996,,0.0,0,,RPTNMLMLKIKGFBM78DA,96.52,0.0,0.0,無,
草屯鎮,房地(土地+建物),南投縣草屯鎮僑光街１７號,70.0,住,,,1141209,土地1建物1車位0,全,二層,透天厝,住商用,鋼筋混凝土加強磚造,0640430,100.44,3,2,2,有,無,5350000,53266,,0.0,0,,RPUNMLSJJHLGFBM56DA,100.44,0.0,0.0,無,
仁愛鄉,土地,幼獅段266-41地號,49.0,,山坡地保育區,農牧用地,1141202,土地1建物0車位0,,,其他,,,,0.0,0,0,0,無,無,250011,5102,,0.0,0,政府機關標讓售；,RPSNMLPJJHLGFCM78DA,0.0,0.0,0.0,無,
埔里鎮,房地(土地+建物),南投縣埔里鎮六合北路６７號,262.0,住,,,1141223,土地1建物1車位0,全,二層,透天厝,住家用,鋼筋混凝土造,0770408,182.0,4,2,4,有,無,12500000,68681,,0.0,0,頂樓加蓋；其他增建；,RPRNMLQJJHLGFCM78DA,182.0,0.0,0.0,無,
埔里鎮,土地,桃米坑段412地號,74148.0,,森林區,林業用地,1141228,土地13建物0車位0,,,其他,,,,0.0,0,0,0,無,無,120000000,1618,,0.0,0,,RPPNMLSJJHLGFCM78DA,0.0,0.0,0.0,無,
埔里鎮,土地,小埔社段224-47地號,145.0,,山坡地保育區,丙種建築用地,1141203,土地1建物0車位0,,,其他,,,,0.0,0,0,0,無,無,1973700,13612,,0.0,0,,RPSNMLSJJHLGFCM09DA,0.0,0.0,0.0,無,
埔里鎮,土地,八德段778地號,97.14,住,,,1141212,土地1建物0車位0,,,其他,,,,0.0,0,0,0,無,無,11480000,118180,,0.0,0,未登記建物；,RPPNMLTJJHLGFCM88DA,0.0,0.0,0.0,無,
竹山鎮,房地(土地+建物),南投縣竹山鎮雲林新村一路２６５號,126.77,,一般農業區,甲種建築用地,1141203,土地1建物1車位0,全,二層,透天厝,住家用,鋼筋混凝土加強磚造,0690204,156.52,5,3,3,有,無,3630000,23192,,0.0,0,頂樓加蓋；其他增建；,RPPNMLSJJHLGFDM88DA,156.52,0.0,0.0,無,
草屯鎮,房地(土地+建物)+車位,南投縣草屯鎮虎山路４２４巷２之１號四樓,84.22,住,,,1141201,土地3建物1車位1,四層,四層,華廈(10層含以下有電梯),住家用,鋼筋混凝土造,1140919,165.47,2,2,2,有,有,12600000,76147,一樓平面,0.0,0,,RPPNMLTLKIKGFBM09DA,135.65,0.0,8.92,有,
草屯鎮,房地(土地+建物)+車位,南投縣草屯鎮虎山路４２４巷２之１號,55.65,住,,,1141202,土地3建物1車位1,一層,四層,華廈(10層含以下有電梯),住家用,鋼筋混凝土造,1140919,73.89,1,1,1,有,有,5250000,71052,一樓平面,0.0,0,,RPPNMLKMKIKGFBM28DA,52.99,0.0,0.0,有,
水里鄉,土地,新玉峰段869地號,1760.2,,特定農業區,農牧用地,1141231,土地1建物0車位0,,,其他,,,,0.0,0,0,0,無,無,3000000,1704,,0.0,0,,RPPNMLMJJHLGFEM38DA,0.0,0.0,0.0,無,
名間鄉,土地,南雅段404地號,80.24,住,,,1141212,土地1建物0車位0,,,其他,,,,0.0,0,0,0,無,無,2100000,26171,,0.0,0,增值稅由買方負擔親友、員工、共有人或其他特殊關係間之交易；,RPRNMLLMKIKGFAM48DA,0.0,0.0,0.0,無,
南投市,土地,牛運堀段448-1地號,63.33,,,,1141226,土地1建物0車位0,,,其他,,,,0.0,0,0,0,無,無,190000,3000,,0.0,0,親友、員工、共有人或其他特殊關係間之交易；,RPQNMLTJJHLGFAM78DA,0.0,0.0,0.0,無,0024
中寮鄉,土地,鄉親寮段593-18地號,910.33,,山坡地保育區,農牧用地,1141231,土地1建物0車位0,,,其他,,,,0.0,0,0,0,無,無,270000,297,,0.0,0,,RPRNMLMKJHLGFAM28DA,0.0,0.0,0.0,無,0121
中寮鄉,土地,鄉親寮段593-17地號,105.04,,山坡地保育區,農牧用地,1141231,土地1建物0車位0,,,其他,,,,0.0,0,0,0,無,無,30000,286,,0.0,0,,RPSNMLMKJHLGFAM38DA,0.0,0.0,0.0,無,
草屯鎮,房地(土地+建物),南投縣草屯鎮玉成路７０巷５４之１號,219.47,,山坡地保育區,丙種建築用地,1141216,土地2建物2車位0,全,二層,透天厝,住家用,鋼筋混凝土加強磚造,0691201,192.76,2,2,2,有,無,2500000,12969,,0.0,0,陽台外推；其他增建；,RPUNMLRKKIKGFBM66DA,192.76,0.0,0.0,無,0122
草屯鎮,房地(土地+建物),南投縣草屯鎮玉成路７０巷５４之１號,219.47,,山坡地保育區,丙種建築用地,1141216,土地2建物2車位0,全,二層,透天厝,住家用,鋼筋混凝土加強磚造,0691201,192.76,2,2,2,有,無,2500000,12969,,0.0,0,陽台外推；其他增建；,SPUNMLRKKIKGFBM76DA,192.76,0.0,0.0,無,0122
草屯鎮,房地(土地+建物),南投縣草屯鎮墩煌路二段２２０巷１１弄２號三樓,64.14,,鄉村區,乙種建築用地,1141201,土地3建物2車位0,三層,三層,公寓(5樓含以下無電梯),住家用,鋼筋混凝土造,0910108,97.09,3,2,2,有,無,5000000,51499,,0.0,0,,RPUNMLKMKIKGFBM78DA,73.11,0.0,6.06,無,
草屯鎮,土地,同德段296-17地號,5517.54,,山坡地保育區,特定目的事業用地,1141217,土地3建物0車位0,,,其他,,,,0.0,0,0,0,無,無,58450000,10593,,0.0,0,,RPPNMLNKJHLGFBM28DA,0.0,0.0,0.0,無,0124
埔里鎮,土地,向善段724地號,4670.81,,特定農業區,農牧用地,1141216,土地2建物0車位0,,,其他,,,,0.0,0,0,0,無,無,7500000,1606,,0.0,0,,RPQNMLSJJHLGFCM88DA,0.0,0.0,0.0,無,
竹山鎮,房地(土地+建物),南投縣竹山鎮鯉南路２３９之９號,82.54,,鄉村區,乙種建築用地,1141205,土地1建物1車位0,全,二層,透天厝,住家用,鋼筋混凝土造,0891030,97.5,5,3,2,有,無,3500000,35897,,0.0,0,頂樓加蓋；其他增建；,RPPNMLLMKIKGFDM58DA,97.5,0.0,0.0,無,0125
鹿谷鄉,土地,新和段89地號,25.39,,山坡地保育區,林業用地,1141219,土地1建物0車位0,,,其他,,,,0.0,0,0,0,無,無,38081,1500,,0.0,0,親友、員工、共有人或其他特殊關係間之交易；,RPWNMLMKJHLGFDM09DA,0.0,0.0,0.0,無,
草屯鎮,土地,南坪段927-2地號,336.69,,山坡地保育區,特定目的事業用地,1141221,土地3建物0車位0,,,其他,,,,0.0,0,0,0,無,無,3000000,8910,,0.0,0,親友、員工、共有人或其他特殊關係間之交易；塔位/墓園；,RPPNMLMKJHLGFBM28EA,0.0,0.0,0.0,無,0116
草屯鎮,土地,碧峰段412地號,32.11,,鄉村區,乙種建築用地,1141211,土地1建物0車位0,,,其他,,,,0.0,0,0,0,無,無,430000,13391,,0.0,0,親友、員工、共有人或其他特殊關係間之交易；,RPPNMLNKJHLGFBM38EA,0.0,0.0,0.0,無,0127
鹿谷鄉,土地,文昌段1381地號,1572.01,,一般農業區,農牧用地,1141205,土地1建物0車位0,,,其他,,,,0.0,0,0,0,無,無,360000,229,,0.0,0,,RPTNMLMKJHLGFDM88EA,0.0,0.0,0.0,無,
南投市,房地(土地+建物),南投縣南投市彰南路一段４５０號,80.9,,鄉村區,乙種建築用地,1141218,土地1建物1車位0,全,三層,透天厝,住家用,鋼筋混凝土造,1121113,193.45999999999998,4,3,5,有,有,13800000,71333,,0.0,0,土地價格:345萬元，建物價格:1035萬元。,RPQNMLNKJHLGFAM28DA,170.71,0.0,12.8,無,
南投市,房地(土地+建物)+車位,南投縣南投市文化路７０７巷１弄６５號三樓之３,26.62,住,,,1141229,土地4建物1車位1,三層,七層,華廈(10層含以下有電梯),住家用,鋼筋混凝土造,1131216,111.92,2,2,2,有,有,8080000,72194,坡道平面,30.67,0,,RPUNMLNKJHLGFAM68DA,52.14,0.0,3.2,有,
草屯鎮,房地(土地+建物),南投縣草屯鎮育英街１４６號,41.7,住,,,1141219,土地1建物1車位0,全,三層,透天厝,住商用,鋼筋混凝土加強磚造,0640411,88.32,4,2,3,有,無,8180000,92618,,0.0,0,,RPRNMLTLKIKGFBM66DA,88.32,0.0,0.0,無,0128
埔里鎮,土地,犁頭尖段778地號,123.4,住,,,1141203,土地1建物0車位0,,,其他,,,,0.0,0,0,0,無,無,6800000,55105,,0.0,0,,RPSNMLOKJHLGFCM78DA,0.0,0.0,0.0,無,
鹿谷鄉,土地,清秀段837地號,495.52,,鄉村區,乙種建築用地,1141226,土地1建物0車位0,,,其他,,,,0.0,4,3,1,有,無,2700000,5449,,0.0,0,未登記建物；,RPTNMLNKJHLGFDM88DA,0.0,0.0,0.0,無,
中寮鄉,土地,爽文段124地號,48.33,,鄉村區,乙種建築用地,1141227,土地1建物0車位0,,,其他,,,,0.0,0,0,0,無,無,150000,3104,,0.0,0,,RPPNMLOKJHLGFAM38EA,0.0,0.0,0.0,無,
名間鄉,土地,崁頂段64地號,4198.76,,一般農業區,農牧用地,1141212,土地3建物0車位0,,,其他,,,,0.0,0,0,0,無,無,6240000,1486,,0.0,0,親友、員工、共有人或其他特殊關係間之交易；,RPQNMLPKKIKGFAM58DA,0.0,0.0,0.0,無,
南投市,房地(土地+建物),南投縣南投市南崗二路２２９巷４５號,67.0,住,,,1141204,土地2建物1車位0,全,二層,透天厝,住商用,鋼筋混凝土加強磚造,0690925,78.54,3,1,2,有,無,4880000,62134,,0.0,0,親友、員工、共有人或其他特殊關係間之交易；,RPRNMLPKJHLGFAM58DA,78.54,0.0,0.0,無,
埔里鎮,土地,桃米段707地號,1930.23,,山坡地保育區,林業用地,1141219,土地1建物0車位0,,,其他,,,,0.0,0,0,0,無,無,1380000,715,,0.0,0,本買賣標的有約一半面積土地已供公眾通行道路以及桃米溪溪流及河堤使用。,RPSNMLQKJHLGFCM98DA,0.0,0.0,0.0,無,
竹山鎮,土地,新福興段402地號,1942.68,,山坡地保育區,農牧用地,1141208,土地3建物0車位0,,,其他,,,,0.0,0,0,0,無,無,1180000,607,,0.0,0,,RPPNMLQKJHLGFDM78DA,0.0,0.0,0.0,無,
名間鄉,房地(土地+建物),南投縣名間鄉小崎巷１９之１０號,71.29,住,,,1141214,土地1建物1車位0,全,二層,透天厝,住商用,鋼筋混凝土加強磚造,0680315,92.26,6,2,2,有,無,2500000,27097,,0.0,0,親友、員工、共有人或其他特殊關係間之交易；,RPSNMLPKKIKGFAM78DA,92.26,0.0,0.0,無,
南投市,房地(土地+建物)+車位,南投縣南投市彰南路三段１２１１巷１８號四樓之６,28.46,住,,,1141211,土地1建物1車位1,四層,七層,華廈(10層含以下有電梯),住家用,鋼筋混凝土造,1141002,126.00999999999999,3,2,1,有,有,7400000,70463,坡道平面,38.73,1250000,,RPRNMLOKJHLGFAM48DA,54.6,0.0,3.08,有,
埔里鎮,房地(土地+建物)+車位,南投縣埔里鎮北平街１３６號七樓之５,20.24,商,,,1141217,土地1建物1車位1,七層,十四層,住宅大樓(11層含以上有電梯),住家用,ＲＣ造,1140818,145.64999999999998,3,2,2,有,有,10950000,75180,坡道平面,0.0,0,,RPUNMLPJJHLGFCM98DA,73.52,0.0,7.05,有,0129
竹山鎮,土地,中崎段633地號,4535.34,,特定農業區,農牧用地,1141225,土地2建物0車位0,,,其他,,,,0.0,0,0,0,無,無,9500000,2095,,0.0,0,,RPPNMLTKJHLGFDM09DA,0.0,0.0,0.0,無,0130
水里鄉,土地,新民和段1080地號,1438.41,,特定農業區,農牧用地,1141210,土地1建物0車位0,,,其他,,,,0.0,0,0,0,無,無,1080000,751,,0.0,0,,RPQNMLNKJHLGFEM68DA,0.0,0.0,0.0,無,
南投市,土地,南投段357-1地號,10.67,商,,,1141226,土地1建物0車位0,,,其他,,,,0.0,0,0,0,無,無,750000,70291,,0.0,0,親友、員工、共有人或其他特殊關係間之交易；,RPPNMLPKJHLGFAM48EA,0.0,0.0,0.0,無,
南投市,土地,南投段323-13地號,22.13,商,,,1141208,土地3建物0車位0,,,其他,,,,0.0,0,0,0,無,無,604637,27322,,0.0,0,,RPSNMLPKJHLGFAM68DA,0.0,0.0,0.0,無,0131
南投市,土地,南投段323-13地號,19.92,商,,,1141208,土地3建物0車位0,,,其他,,,,0.0,0,0,0,無,無,546000,27410,,0.0,0,親友、員工、共有人或其他特殊關係間之交易；,SPSNMLPKJHLGFAM78DA,0.0,0.0,0.0,無,0131
南投市,土地,和興段872地號,2331.54,,一般農業區,農牧用地,1141208,土地1建物0車位0,,,其他,,,,0.0,0,0,0,無,無,5289675,2269,,0.0,0,,RPTNMLPKJHLGFAM78DA,0.0,0.0,0.0,無,
南投市,土地,嘉興段149地號,1037.24,,特定農業區,農牧用地,1141217,土地1建物0車位0,,,其他,,,,0.0,0,0,0,無,無,2281928,2200,,0.0,0,,RPRNMLQKJHLGFAM68DA,0.0,0.0,0.0,無,
草屯鎮,房地(土地+建物)+車位,南投縣草屯鎮碧峰路５０１巷５９弄２７號三樓,186.58,,特定農業區,農牧用地,1141223,土地3建物1車位1,三層,五層,公寓(5樓含以下無電梯),住家用,鋼筋混凝土造,1111104,109.36,3,2,2,有,有,10400000,95099,一樓平面,0.0,0,,RPQNMLQJJHLGFBM58DA,82.07,0.0,11.48,無,0133
埔里鎮,土地,中峰段185地號,1170.64,,特定農業區,農牧用地,1141211,土地4建物0車位0,,,其他,,,,0.0,0,0,0,無,無,6000000,5125,,0.0,0,含租約；,RPVNMLQKJHLGFCM66DA,0.0,0.0,0.0,無,
竹山鎮,土地,圓山段33-2地號,14739.37,,山坡地保育區,林業用地,1141201,土地1建物0車位0,,,其他,,,,0.0,0,0,0,無,無,4500000,305,,0.0,0,,RPPNMLKLJHLGFDM28DA,0.0,0.0,0.0,無,
集集鎮,土地,龍泉段154-1地號,176.78,,山坡地保育區,丙種建築用地,1141218,土地2建物0車位0,,,其他,,,,0.0,0,0,0,無,無,2400000,13576,,0.0,0,未登記建物；,RPQNMLPKJHLGFEM88DA,0.0,0.0,0.0,無,
南投市,房地(土地+建物),南投縣南投市平山一路三街５１號,69.0,住,,,1141216,土地1建物1車位0,全,四層,透天厝,住家用,鋼筋混凝土造,1130513,204.5,4,1,8,有,無,21000000,102689,,0.0,0,,RPQNMLQJJHLGFAM48DA,190.07,0.0,14.43,有,
南投市,土地,福順段50-1地號,195.79,,鄉村區,乙種建築用地,1141227,土地2建物0車位0,,,其他,,,,0.0,0,0,0,無,無,5922000,30247,,0.0,0,,RPSNMLNKJHLGFAM48DA,0.0,0.0,0.0,無,
名間鄉,房地(土地+建物),南投縣名間鄉彰南路１４３之２０之２０號,803.62,農,,,1141230,土地9建物1車位0,全,二層,透天厝,住家用,鋼筋混凝土造,1040430,204.22,3,2,4,有,有,5100000,24973,,0.0,0,親友、員工、共有人或其他特殊關係間之交易；,RPSNMLQKJHLGFAM78DA,183.67,0.0,20.55,無,0134
南投市,土地,嘉興段2462地號,65.62,,一般農業區,農牧用地,1141215,土地2建物0車位0,,,其他,,,,0.0,0,0,0,無,無,198500,3025,,0.0,0,親友、員工、共有人或其他特殊關係間之交易；包含公共設施保留地用地；,RPWNMLTKJHLGFAM86DA,0.0,0.0,0.0,無,
竹山鎮,房地(土地+建物)+車位,南投縣竹山鎮建國路１７９號六樓之１,55.61,住,,,1141231,土地2建物1車位1,六層,七層,華廈(10層含以下有電梯),住家用,鋼筋混凝土造,1141215,134.38,3,2,2,有,有,6350000,47254,一樓平面,13.75,0,,RPXNMLNKJHLGFDM66DA,82.81,0.0,5.45,有,
竹山鎮,房地(土地+建物),南投縣竹山鎮建國路１７９號四樓之２,37.18,住,,,1141231,土地2建物1車位0,四層,七層,華廈(10層含以下有電梯),住家用,鋼筋混凝土造,1141215,80.65,2,2,2,有,有,4600000,57037,,0.0,0,含約定專用車位，編號：C。,RPUNMLOKJHLGFDM09DA,52.61,0.0,6.4,有,
竹山鎮,房地(土地+建物),南投縣竹山鎮建國路１７９號四樓之３,37.18,住,,,1141231,土地2建物1車位0,四層,七層,華廈(10層含以下有電梯),住家用,鋼筋混凝土造,1141215,80.65,2,2,2,有,有,4620000,57285,,0.0,0,含約定專用車位，編號：4號。,RPVNMLOKJHLGFDM56DA,52.61,0.0,6.4,有,
竹山鎮,房地(土地+建物),南投縣竹山鎮建國路１７９號三樓之３,37.18,住,,,1141230,土地2建物1車位0,三層,七層,華廈(10層含以下有電梯),住家用,鋼筋混凝土造,1141215,80.65,2,2,2,有,有,4200000,52077,,0.0,0,含約定專用車位，編號：D。,RPXNMLOKJHLGFDM76DA,52.61,0.0,6.4,有,
竹山鎮,土地,照鏡段290地號,687.36,,一般農業區,甲種建築用地,1141208,土地1建物0車位0,,,其他,,,,0.0,0,0,0,無,無,2600000,3783,,0.0,0,未登記建物；,RPUNMLTKJHLGFDM96DA,0.0,0.0,0.0,無,
竹山鎮,土地,紫南段928地號,773.73,,特定農業區,農牧用地,1141229,土地1建物0車位0,,,其他,,,,0.0,0,0,0,無,無,500000,646,,0.0,0,親友、員工、共有人或其他特殊關係間之交易；未登記建物；,RPVNMLTKJHLGFDM07DA,0.0,0.0,0.0,無,0135
水里鄉,土地,下城段374地號,10030.88,,特定農業區,農牧用地,1141211,土地9建物0車位0,,,其他,,,,0.0,0,0,0,無,無,26000000,2592,,0.0,0,未登記建物；,RPPNMLQKJHLGFEM88DA,0.0,0.0,0.0,無,0136
南投市,土地,福德段412地號,372.82,,一般農業區,農牧用地,1141210,土地2建物0車位0,,,其他,,,,0.0,0,0,0,無,無,10000000,26823,,0.0,0,未登記建物；,RPPNMLNKJHLGFAM18DA,0.0,0.0,0.0,無,0137
中寮鄉,土地,分水寮段213地號,263.0,,山坡地保育區,丙種建築用地,1141222,土地1建物0車位0,,,其他,,,,0.0,0,0,0,無,無,5000000,19011,,0.0,0,,RPTNMLKLJHLGFAM38DA,0.0,0.0,0.0,無,
中寮鄉,土地,分水寮段213-3地號,2897.15,,山坡地保育區,農牧用地,1141222,土地1建物0車位0,,,其他,,,,0.0,0,0,0,無,無,4685500,1617,,0.0,0,,RPUNMLKLJHLGFAM48DA,0.0,0.0,0.0,無,
草屯鎮,土地,新富仁段57地號,233.65,,,,1141222,土地2建物0車位0,,,其他,,,,0.0,0,0,0,無,無,4000000,17120,,0.0,0,包含公共設施保留地用地；,RPQNMLTKJHLGFBM98DA,0.0,0.0,0.0,無,0138
埔里鎮,土地,八德段778地號,120.47,住,,,1141212,土地2建物0車位0,,,其他,,,,0.0,0,0,0,無,無,11520000,95625,,0.0,0,未登記建物；含租約；,RPTNMLQKJHLGFCM09DA,0.0,0.0,0.0,無,
竹山鎮,房地(土地+建物),南投縣竹山鎮林圯街７４號,54.0,商,,,1141207,土地1建物1車位0,全,三層,透天厝,住商用,加強磚造,0620103,152.55,5,4,2,有,無,5000000,32776,,0.0,0,其他增建；,RPVNMLOLKIKGFDM76DA,152.55,0.0,0.0,無,0139
竹山鎮,房地(土地+建物)+車位,南投縣竹山鎮大智路９７巷１６弄８號四樓,36.78,住,,,1141216,土地1建物1車位1,四層,五層,公寓(5樓含以下無電梯),住家用,鋼筋混凝土造,0840124,122.77,3,1,2,有,無,3480000,28346,一樓平面,0.0,0,,RPPNMLMLJHLGFDM48DA,94.85,0.0,12.57,無,
國姓鄉,土地,北山坑段7-100地號,1970.0,,特定農業區,農牧用地,1141224,土地2建物0車位0,,,其他,,,,0.0,0,0,0,無,無,4000000,2030,,0.0,0,,RPQNMLLLJHLGFCM48EA,0.0,0.0,0.0,無,0140
草屯鎮,房地(土地+建物),南投縣草屯鎮中和路３６之２號,762.93,,鄉村區,乙種建築用地,1141225,土地1建物1車位0,全,二層,透天厝,住家用,鋼筋混凝土加強磚造,0710827,148.6,3,1,2,有,無,10000000,67295,,0.0,0,,RPQNMLMJJHLGFBM18DA,148.6,0.0,0.0,無,
草屯鎮,土地,草屯段227-1地號,246.8,,特定農業區,農牧用地,1141209,土地1建物0車位0,,,其他,,,,0.0,0,0,0,無,無,4255373,17242,,0.0,0,親友、員工、共有人或其他特殊關係間之交易；未登記建物；,RPRNMLLLJHLGFBM38DA,0.0,0.0,0.0,無,0141
草屯鎮,土地,草屯段227-1地號,493.59,,特定農業區,農牧用地,1141210,土地1建物0車位0,,,其他,,,,0.0,0,0,0,無,無,8510746,17243,,0.0,0,親友、員工、共有人或其他特殊關係間之交易；未登記建物；,RPSNMLLLJHLGFBM48DA,0.0,0.0,0.0,無,0141
草屯鎮,房地(土地+建物),南投縣草屯鎮北投路１９３巷２０號,113.01,,鄉村區,乙種建築用地,1141209,土地2建物1車位0,全,四層,透天厝,住家用,鋼筋混凝土造,1140327,243.54,4,4,3,有,無,19000000,78016,,0.0,0,其他增建；,RPUNMLLLJHLGFBM68DA,224.09,0.0,19.45,有,
草屯鎮,房地(土地+建物),南投縣草屯鎮復興路１８７號,177.68,,鄉村區,乙種建築用地,1141217,土地4建物1車位0,全,一層,透天厝,住家用,木石磚造（磚石造）,0570630,60.48,2,1,1,有,無,2800000,46296,,0.0,0,,RPPNMLMLJHLGFBM28DA,60.48,0.0,0.0,無,
魚池鄉,土地,平和段700地號,1471.82,,山坡地保育區,農牧用地,1141204,土地2建物0車位0,,,其他,,,,0.0,0,0,0,無,無,4500000,3057,,0.0,0,,RPSNMLPJKIKGFCM88DA,0.0,0.0,0.0,無,
埔里鎮,房地(土地+建物)+車位,南投縣埔里鎮北平街１３６號五樓之１,24.39,商,,,1141215,土地1建物1車位2,五層,十四層,住宅大樓(11層含以上有電梯),住家用,ＲＣ造,1140818,194.64999999999998,4,2,2,有,有,14680000,84422,坡道平面,51.56,2600000,,RPSNMLNKJHLGFCM68DA,88.6,0.0,7.56,有,
中寮鄉,房地(土地+建物),南投縣中寮鄉永嘉新村２３巷１弄２３號,85.13,,山坡地保育區,丙種建築用地,1141207,土地1建物1車位0,全,三層,透天厝,住家用,鋼筋混凝土造,0830930,133.89,3,2,3,有,無,4800000,35850,,0.0,0,,RPPOMLLLJHLGFAM18DA,122.89,2.6,8.4,無,
南投市,土地,首區段75地號,72.0,住,,,1141231,土地1建物0車位0,,,其他,,,,0.0,0,0,0,無,無,7405200,102850,,0.0,0,,RPSNMLNLJHLGFAM58DA,0.0,0.0,0.0,無,
仁愛鄉,土地,華岡段126-7地號,12509.0,,山坡地保育區,農牧用地,1141211,土地11建物0車位0,,,其他,,,,0.0,0,0,0,無,無,21000000,1679,,0.0,0,,RPUNMLLLJHLGFCM78DA,0.0,0.0,0.0,無,
埔里鎮,房地(土地+建物),南投縣埔里鎮信義路９０２巷２號五樓之３,20.7,住,,,1141227,土地1建物1車位0,五層,十五層,住宅大樓(11層含以上有電梯),住家用,鋼筋混凝土造,0830813,112.32,3,2,2,有,有,4500000,40064,,0.0,0,陽台外推；,RPVNMLLLJHLGFCM88DA,77.99,1.17,10.28,有,0143
竹山鎮,房地(土地+建物),南投縣竹山鎮建國路１７９號二樓之１,55.84,住,,,1141230,土地2建物1車位0,二層,七層,華廈(10層含以下有電梯),住家用,鋼筋混凝土造,1141215,121.13,3,2,2,有,有,6320000,52175,,0.0,0,含約定專用車位編號:5號,RPPNMLLLJHLGFDM38DA,82.81,0.0,5.82,有,
竹山鎮,房地(土地+建物),南投縣竹山鎮建國路１７９號三樓之１,55.84,住,,,1141230,土地2建物1車位0,三層,七層,華廈(10層含以下有電梯),住家用,鋼筋混凝土造,1141215,121.13,3,2,2,有,有,6450000,53249,,0.0,0,含約定專用車位編號:6號,RPQNMLLLJHLGFDM48DA,82.81,0.0,5.82,有,
水里鄉,土地,南湖段62地號,199.0,,特定農業區,丙種建築用地,1141226,土地1建物0車位0,,,其他,,,,0.0,0,0,0,無,無,1500000,7538,,0.0,0,未登記建物；,RPPNMLQLJHLGFEM09EA,0.0,0.0,0.0,無,
中寮鄉,房地(土地+建物),南投縣中寮鄉永平路３７９之４９號,112.27,,鄉村區,乙種建築用地,1141216,土地2建物1車位0,全,三層,透天厝,住家用,鋼筋混凝土造,1140102,152.88,4,2,3,有,無,9800000,64103,,0.0,0,,RPQNMLMLKIKGFAM38DA,146.28,0.0,6.6,無,
南投市,房地(土地+建物),南投縣南投市文化路５５９巷３２弄３０號,86.0,住,,,1141226,土地1建物1車位0,全,三層,透天厝,住家用,鋼筋混凝土造,0890615,185.86,4,3,3,有,無,9500000,51114,,0.0,0,,RPVNMLNKJHLGFAM78DA,171.71,0.0,14.15,無,
草屯鎮,土地,中興段481地號,1864.0,農,,,1141216,土地1建物0車位0,,,其他,,,,0.0,0,0,0,無,無,28192800,15125,,0.0,0,,RPPNMLQKJHLGFBM58DA,0.0,0.0,0.0,無,
草屯鎮,土地,炎峰段524地號,608.09,住,,,1141220,土地1建物0車位0,,,其他,,,,0.0,0,0,0,無,無,25383720,41743,,0.0,0,,RPTNMLNLJHLGFBM78DA,0.0,0.0,0.0,無,
魚池鄉,土地,蓮華池段22-44地號,1545.0,,森林區,農牧用地,1141219,土地1建物0車位0,,,其他,,,,0.0,0,0,0,無,無,2500000,1618,,0.0,0,,RPQNMLNLJHLGFCM58DA,0.0,0.0,0.0,無,
竹山鎮,房地(土地+建物),南投縣竹山鎮新和街５１號,88.0,住,,,1141225,土地1建物1車位0,全,三層,透天厝,住商用,鋼筋混凝土加強磚造,0670517,174.51,6,2,3,有,無,5250000,30084,,0.0,0,,RPTNMLRLJHLGFDM76DA,174.51,0.0,0.0,無,0144
南投市,房地(土地+建物)+車位,南投縣南投市成功三路９８號,37.08,住,,,1141203,土地1建物1車位1,一層，二層，騎樓,五層,華廈(10層含以下有電梯),住家用,鋼筋混凝土造,0930804,138.42000000000002,2,2,2,有,有,8000000,57795,坡道機械,13.75,0,,RPPNMLQLJHLGFAM68EA,106.08,0.0,12.12,有,
中寮鄉,房地(土地+建物),南投縣中寮鄉永嘉新村２３巷１弄３９號,104.35,,山坡地保育區,丙種建築用地,1141230,土地1建物1車位0,全,三層,透天厝,住家用,鋼筋混凝土造,0830930,133.89,4,2,3,有,無,4080000,30473,,0.0,0,,RPQNMLLLJHLGFAM18DA,122.89,2.6,8.4,無,
名間鄉,房地(土地+建物),南投縣名間鄉彰南路３８６之１號,72.63,,鄉村區,乙種建築用地,1141224,土地1建物1車位0,全,三層,透天厝,住商用,鋼筋混凝土加強磚造,0710921,148.24,4,2,3,有,無,5880000,39665,,0.0,0,,RPTNMLMLJHLGFAM58DA,148.24,0.0,0.0,無,
中寮鄉,土地,新二重溪段485地號,380.11,,鄉村區,乙種建築用地,1141202,土地3建物0車位0,,,其他,,,,0.0,0,0,0,無,無,1300000,3420,,0.0,0,,RPPNMLSLJHLGFAM78DA,0.0,0.0,0.0,無,
草屯鎮,房地(土地+建物)+車位,南投縣草屯鎮中山街１１７號一樓之１,18.37,商,,,1141219,土地1建物1車位1,一層,十五層,住宅大樓(11層含以上有電梯),住家用,鋼筋混凝土造,1131016,126.34,2,2,2,有,有,12100000,95773,坡道平面,28.65,0,,RPUNMLNKJHLGFBM78DA,60.79,0.0,4.34,有,0145
草屯鎮,房地(土地+建物),南投縣草屯鎮敦和路民族巷１２號,81.5,住,,,1141224,土地2建物1車位0,全,三層,透天厝,住家用,鋼筋混凝土造,0820812,118.27,6,2,6,有,無,10000000,84552,,0.0,0,,RPQNMLMLJHLGFBM38DA,113.93,0.0,4.34,無,
草屯鎮,土地,草屯段186地號,383.25,商,,,1141226,土地3建物0車位0,,,其他,,,,0.0,0,0,0,無,無,3805199,9929,,0.0,0,親友、員工、共有人或其他特殊關係間之交易；未登記建物；農作物；,RPPNMLRJJHLGFBM68EA,0.0,0.0,0.0,無,
竹山鎮,土地,雲林段899地號,4.0,住,,,1141204,土地1建物0車位0,,,其他,,,,0.0,0,0,0,無,無,51000,12750,,0.0,0,地清或未辦繼承標售；,RPSNMLQLJHLGFDM66EA,0.0,0.0,0.0,無,
名間鄉,房地(土地+建物),南投縣名間鄉名松路一段１２８巷１１號,72.25,,一般農業區,丙種建築用地,1141223,土地1建物1車位0,全,二層,透天厝,住商用,鋼筋混凝土加強磚造,0691126,112.56,3,2,2,有,無,4100000,36425,,0.0,0,,RPSNMLLMKIKGFAM58DA,112.56,0.0,0.0,無,
南投市,房地(土地+建物)+車位,南投縣南投市華陽路４０１巷１９弄２６號七樓之２,33.95,都市：其他:住宅區,,,1141222,土地4建物1車位1,七層,十四層,住宅大樓(11層含以上有電梯),住家用,鋼筋混凝土造,1140122,117.44,2,2,1,有,有,6290000,53559,坡道平面,29.66,0,,RPSNMLKLJHLGFAM28DA,51.57,0.0,6.77,有,0146
南投市,房地(土地+建物)+車位,南投縣南投市南新路３６０號五樓之２,32.13,住,,,1141207,土地1建物1車位1,五層,七層,華廈(10層含以下有電梯),住家用,鋼筋混凝土造,1090401,112.07,2,2,2,有,有,8150000,72722,坡道機械,12.7,0,,RPPNMLRLJHLGFAM68DA,63.84,0.0,5.9,有,0147
國姓鄉,土地,水長流段103-22地號,108.0,,特定農業區,甲種建築用地,1141227,土地1建物0車位0,,,其他,,,,0.0,0,0,0,無,無,2000000,18519,,0.0,0,未設籍鐵架造建物1棟均包括親友、員工、共有人或其他特殊關係間之交易；,RPPOMLQLJHLGFCM88DA,0.0,0.0,0.0,無,
埔里鎮,土地,四角城段721地號,953.47,,特定農業區,農牧用地,1141222,土地4建物0車位0,,,其他,,,,0.0,0,0,0,無,無,4290540,4500,,0.0,0,,RPXNMLRLJHLGFCM07DA,0.0,0.0,0.0,無,0148
鹿谷鄉,房地(土地+建物),南投縣鹿谷鄉興農巷１８之４號,94.13,住,,,1141204,土地1建物1車位0,全,二層,透天厝,住家用,鋼筋混凝土加強磚造,0760312,117.04,3,2,2,有,無,7000000,59809,,0.0,0,親友、員工、共有人或其他特殊關係間之交易；,RPRNMLTJJHLGFDM56DA,111.28,0.0,5.76,無,0149
中寮鄉,房地(土地+建物),南投縣中寮鄉復興巷１之１９號,75.9,住,,,1141226,土地1建物1車位0,全,二層,透天厝,住商用,鋼筋混凝土加強磚造,0680200,98.7,4,2,2,有,無,3000000,30395,,0.0,0,,RPPNMLSLJHLGFAM88EA,98.7,0.0,0.0,無,
名間鄉,房地(土地+建物),南投縣名間鄉市場巷１１之１６號,92.75,住,,,1141229,土地1建物1車位0,全,三層,透天厝,住家用,鋼筋混凝土造,1091209,190.28,5,2,6,有,無,19500000,102481,,0.0,0,,RPTNMLNKJHLGFAM58DA,186.84,0.0,3.44,有,
草屯鎮,房地(土地+建物)+車位,南投縣草屯鎮明賢街１１０號六樓之５,27.87,商,,,1141221,土地1建物1車位1,六層,十五層,住宅大樓(11層含以上有電梯),住家用,鋼筋混凝土造,1070607,151.55,2,2,2,有,有,10300000,67964,坡道平面,0.0,0,,RPPNMLQLJHLGFBM68DA,71.33,0.0,7.73,有,0150
草屯鎮,土地,中興段545地號,2836.0,農,,,1141213,土地1建物0車位0,,,其他,,,,0.0,0,0,0,無,無,49757400,17545,,0.0,0,,RPRNMLTLJHLGFBM56DA,0.0,0.0,0.0,無,
埔里鎮,土地,吉段645地號,549.0,,特定農業區,農牧用地,1141223,土地1建物0車位0,,,其他,,,,0.0,0,0,0,無,無,2200000,4007,,0.0,0,,RPPNMLLLJHLGFCM28DA,0.0,0.0,0.0,無,0151
竹山鎮,房地(土地+建物),南投縣竹山鎮建國路１７９號五樓之２,37.18,住,,,1141231,土地2建物1車位0,五層,七層,華廈(10層含以下有電梯),住家用,鋼筋混凝土造,1141215,80.65,2,2,2,有,有,4050000,50217,,0.0,0,,RPRNMLOKJHLGFDM78DA,52.61,0.0,6.4,有,
竹山鎮,房地(土地+建物),南投縣竹山鎮建國路１７９號二樓之２,37.18,住,,,1141231,土地2建物1車位0,二層,七層,華廈(10層含以下有電梯),住家用,鋼筋混凝土造,1141215,80.65,2,2,2,有,有,4420000,54805,,0.0,0,,RPWNMLOKJHLGFDM66DA,52.61,0.0,6.4,有,
南投市,土地,新生段1459-2地號,907.0,農,,,1141201,土地1建物0車位0,,,其他,,,,0.0,0,0,0,無,無,9822000,10829,,0.0,0,,RPQNMLSLJHLGFAM98EA,0.0,0.0,0.0,無,
鹿谷鄉,土地,清秀段1124地號,2635.77,,一般農業區,農牧用地,1141231,土地1建物0車位0,,,其他,,,,0.0,0,0,0,無,無,1300000,493,,0.0,0,親友、員工、共有人或其他特殊關係間之交易；,RPTNMLMJKHLGFDM88EA,0.0,0.0,0.0,無,
南投市,房地(土地+建物),南投縣南投市仁心街４５巷１弄７號,133.48,住,,,1141223,土地1建物1車位0,全,一層,透天厝,住家用,鋼筋混凝土加強磚造,0630615,77.8,3,2,1,有,無,8800000,113111,,0.0,0,其他:壹樓空地,RPSNMLMLJHLGFAM48DA,77.8,0.0,0.0,無,
名間鄉,土地,仁和段155地號,3713.42,,特定農業區,農牧用地,1141224,土地1建物0車位0,,,其他,,,,0.0,0,0,0,無,無,10680000,2876,,0.0,0,,RPPNMLKMJHLGFAM08DA,0.0,0.0,0.0,無,
埔里鎮,房地(土地+建物),南投縣埔里鎮恒吉巷３號,269.65,,鄉村區,乙種建築用地,1141226,土地1建物2車位0,全,二層,透天厝,住家用,加強磚造,0660200,237.47,4,4,2,有,無,5000000,21055,,0.0,0,,RPVNMLTLJHLGFCM07DA,228.47,0.0,9.0,無,
竹山鎮,土地,大鞍段41-5地號,451.0,,山坡地保育區,丙種建築用地,1141204,土地1建物0車位0,,,其他,,,,0.0,0,0,0,無,無,4228400,9376,,0.0,0,,RPPNMLMJKHLGFDM38DA,0.0,0.0,0.0,無,
南投市,土地,大崗段2-20地號,98.0,,工業區,丁種建築用地,1141203,土地1建物0車位0,,,其他,,,,0.0,0,0,0,無,無,3930000,40102,,0.0,0,,RPPNMLTKJHLGFAM78DA,0.0,0.0,0.0,無,0152
草屯鎮,土地,隘寮段73地號,323.11,住,,,1141230,土地4建物0車位0,,,其他,,,,0.0,0,0,0,無,無,21000000,64993,,0.0,0,,RPVNMLKMJHLGFBM78DA,0.0,0.0,0.0,無,
草屯鎮,房地(土地+建物),南投縣草屯鎮仁愛街２１３巷２０弄３０號,97.0,住,,,1141217,土地1建物1車位0,全,三層,透天厝,住家用,鋼筋混凝土造,0721227,169.27,4,2,4,有,無,10900000,64394,,0.0,0,,RPPNMLMJKHLGFBM18DA,169.27,0.0,0.0,無,0153
國姓鄉,土地,北港溪段37-258地號,2564.0,,山坡地保育區,農牧用地,1141205,土地1建物0車位0,,,其他,,,,0.0,0,0,0,無,無,24000000,9360,,0.0,0,未登記建物；,RPXNMLTLJHLGFCM27DA,0.0,0.0,0.0,無,
埔里鎮,土地,犁頭尖段778-4地號,115.29,,,,1141204,土地1建物0車位0,,,其他,,,,0.0,0,0,0,無,無,6625000,57464,,0.0,0,,RPPNMLKMJHLGFCM28DA,0.0,0.0,0.0,無,
埔里鎮,土地,牛眠段899地號,33.39,,鄉村區,乙種建築用地,1141225,土地1建物0車位0,,,其他,,,,0.0,0,0,0,無,無,300000,8985,,0.0,0,親友、員工、共有人或其他特殊關係間之交易；,RPTNMLNJKHLGFCM78DA,0.0,0.0,0.0,無,
草屯鎮,土地,土城段786地號,50.78,,鄉村區,乙種建築用地,1141231,土地1建物0車位0,,,其他,,,,0.0,0,0,0,無,無,728000,14336,,0.0,0,地清或未辦繼承標售；,RPPNMLNJKHLGFBM38EA,0.0,0.0,0.0,無,
名間鄉,房地(土地+建物),南投縣名間鄉新光村虎坑巷５５之１號,1312.36,,一般農業區,農牧用地,1141230,土地1建物1車位0,全,一層,透天厝,農業用,加強磚造,0800902,72.0,3,2,2,有,無,7600000,105556,,0.0,0,,RPRNMLNJKHLGFAM38DA,72.0,0.0,0.0,無,0154
魚池鄉,土地,東光段1244地號,1735.22,,一般農業區,農牧用地,1141229,土地2建物0車位0,,,其他,,,,0.0,0,0,0,無,無,5000000,2881,,0.0,0,,RPSNMLLLJHLGFCM58DA,0.0,0.0,0.0,無,
魚池鄉,房地(土地+建物),南投縣魚池鄉平和巷８２之１號,207.96,,特定農業區,甲種建築用地,1141226,土地2建物1車位0,全,二層,透天厝,住家用,鋼筋混凝土造,0920201,166.1,5,2,3,有,無,715026,4305,,0.0,0,親友、員工、共有人或其他特殊關係間之交易；,RPQNMLNJKHLGFCM48DA,166.1,0.0,0.0,無,
竹山鎮,土地,鯉魚段159地號,1805.34,,山坡地保育區,農牧用地,1141219,土地1建物0車位0,,,其他,,,,0.0,0,0,0,無,無,1800000,997,,0.0,0,親友、員工、共有人或其他特殊關係間之交易；,RPRNMLTKKIKGFDM76DA,0.0,0.0,0.0,無,
國姓鄉,土地,北港溪段1-5地號,303.0,,特定農業區,農牧用地,1141207,土地1建物0車位0,,,其他,,,,0.0,0,0,0,無,無,575700,1900,,0.0,0,親友、員工、共有人或其他特殊關係間之交易；,RPPNMLOLKIKGFCM78EA,0.0,0.0,0.0,無,
水里鄉,土地,鉅工段1017地號,57.0,住,,,1141230,土地2建物0車位0,,,其他,,,,0.0,0,0,0,無,無,1000000,17544,,0.0,0,,RPPNMLNJKHLGFEM68EA,0.0,0.0,0.0,無,
名間鄉,房地(土地+建物),南投縣名間鄉名松路一段３９７巷２之５號,70.52,住,,,1141222,土地1建物1車位0,全,二層,透天厝,住商用,鋼筋混凝土造,0780411,88.46,3,2,2,有,無,5100000,57653,,0.0,0,,RPQNMLPJKHLGFAM48DA,88.46,0.0,0.0,無,
草屯鎮,房地(土地+建物)+車位,南投縣草屯鎮虎山路４２４巷２號,67.68,住,,,1141219,土地3建物1車位1,一層,四層,華廈(10層含以下有電梯),住家用,鋼筋混凝土造,1140919,111.84,2,2,2,有,有,7560000,67597,一樓平面,0.0,0,,RPPNMLTJJHLGFBM78DA,90.94,0.0,0.0,有,
魚池鄉,房地(土地+建物),南投縣魚池鄉有水巷３１之６１號,52.0,,山坡地保育區,丙種建築用地,1141208,土地1建物1車位0,全,一層,透天厝,住家用,加強磚造,0700123,18.21,1,1,2,有,無,2000000,109830,,0.0,0,,RPTNMLSJJHLGFCM56DA,18.21,0.0,0.0,無,0155
魚池鄉,房地(土地+建物),南投縣魚池鄉有水巷３１之５９號,52.0,,山坡地保育區,丙種建築用地,1141208,土地1建物1車位0,全,一層,透天厝,住家用,加強磚造,0700123,18.21,2,1,1,有,無,2000000,109830,,0.0,0,,RPUNMLSJJHLGFCM66DA,18.21,0.0,0.0,無,0156
仁愛鄉,土地,靜觀段1057地號,14010.0,,森林區,林業用地,1141229,土地3建物0車位0,,,其他,,,,0.0,0,0,0,無,無,700000,50,,0.0,0,,RPTNMLQLJHLGFCM56DA,0.0,0.0,0.0,無,
埔里鎮,房地(土地+建物),南投縣埔里鎮西安路三段２０４巷１３弄１２號,309.39,,鄉村區,乙種建築用地,1141231,土地1建物1車位0,全,二層,透天厝,住家用,加強磚造,0720610,185.92,3,2,3,有,無,1300000,6992,,0.0,0,親友、員工、共有人或其他特殊關係間之交易；,RPQNMLPJKHLGFCM68DA,185.92,0.0,0.0,無,
名間鄉,土地,萬丹段1147地號,451.33,,特定農業區,農牧用地,1141226,土地1建物0車位0,,,其他,,,,0.0,0,0,0,無,無,250000,554,,0.0,0,,RPPNMLPJKHLGFAM48EA,0.0,0.0,0.0,無,
草屯鎮,土地,新虎山段337地號,44.95,住,,,1141201,土地1建物0車位0,,,其他,,,,0.0,0,0,0,無,無,710109,15798,,0.0,0,地清或未辦繼承標售；,RPPNMLOJKHLGFBM48EA,0.0,0.0,0.0,無,
南投市,房地(土地+建物),南投縣南投市南新路１７３巷４號,100.45,住,,,1141208,土地1建物1車位0,全,四層,透天厝,住家用,鋼筋混凝土造,0830111,185.25,5,3,3,有,無,10500000,56680,,0.0,0,,RPTNMLLMKIKGFAM68DA,164.02,6.85,14.38,無,
埔里鎮,土地,民生段473地號,137.41,農,,,1141222,土地1建物0車位0,,,其他,,,,0.0,0,0,0,無,無,1500000,10916,,0.0,0,,RPPNMLQJJHLGFCM58DA,0.0,0.0,0.0,無,
埔里鎮,土地,東埔段709地號,2686.96,,特定農業區,農牧用地,1141216,土地1建物0車位0,,,其他,,,,0.0,0,0,0,無,無,10500000,3908,,0.0,0,農作物；,RPQNMLMJKHLGFCM38DA,0.0,0.0,0.0,無,
竹山鎮,土地,中州段760地號,1810.64,,特定農業區,農牧用地,1141222,土地2建物0車位0,,,其他,,,,0.0,0,0,0,無,無,2000000,1105,,0.0,0,親友、員工、共有人或其他特殊關係間之交易；,RPPNMLKMJHLGFDM38DA,0.0,0.0,0.0,無,
竹山鎮,房地(土地+建物),南投縣竹山鎮延祥路１６６巷２９號,119.27,住,,,1141223,土地3建物1車位0,全,三層,透天厝,住家用,鋼筋混凝土造,1140612,185.78,4,2,4,有,無,11500000,61901,,0.0,0,竹山鎮延祥段166地號為公共設施保留地包含公共設施保留地用地；,RPPNMLQJKHLGFDM78DA,170.69,0.0,15.09,無,
草屯鎮,房地(土地+建物)+車位,南投縣草屯鎮中正路６０２號四樓之３,13.29,住,,,1141226,土地1建物1車位2,四層,八層,華廈(10層含以下有電梯),住家用,鋼筋混凝土造,0840719,150.77,3,1,2,有,有,5000000,33163,坡道機械,0.0,0,親友、員工、共有人或其他特殊關係間之交易；,RPPNMLMJJHLGFBM08DA,83.24,3.3,13.86,有,
草屯鎮,房地(土地+建物),南投縣草屯鎮富春路四維巷６號四樓之２,40.77,住,,,1141210,土地2建物1車位0,四層,十二層,住宅大樓(11層含以上有電梯),住家用,鋼筋混凝土造,1120628,113.60000000000001,3,2,2,有,有,8500000,74824,,0.0,0,,RPPNMLQJJHLGFBM48DA,68.69,0.0,6.74,有,0157
草屯鎮,房地(土地+建物),南投縣草屯鎮正興街１５７號之２,64.0,住,,,1141214,土地1建物1車位0,全,三層,透天厝,住家用,鋼筋混凝土造,1130222,146.68,3,3,3,有,無,13980000,95310,,0.0,0,,RPTNMLLLJHLGFBM58DA,131.16,0.0,15.52,無,
水里鄉,房地(土地+建物),南投縣水里鄉水信路二段２１號,115.16,,鄉村區,乙種建築用地,1141230,土地1建物1車位0,全,一層,透天厝,住家用,鋼筋混凝土加強磚造,0700307,152.52,3,2,2,有,無,400000,2623,,0.0,0,親友、員工、共有人或其他特殊關係間之交易；,RPPNMLOJKHLGFEM68DA,152.52,0.0,0.0,無,0158
南投市,土地,樟普寮段685地號,32.05,都市：其他:巨樹保護區,,,1141225,土地1建物0車位0,,,其他,,,,0.0,0,0,0,無,無,157067,4901,,0.0,0,,RPPNMLOJKHLGFAM38EA,0.0,0.0,0.0,無,
南投市,土地,樟普寮段684地號,35.25,,山坡地保育區,農牧用地,1141225,土地1建物0車位0,,,其他,,,,0.0,0,0,0,無,無,119835,3400,,0.0,0,,RPQNMLOJKHLGFAM48EA,0.0,0.0,0.0,無,0159
南投市,土地,樟普寮段686地號,20.79,都市：其他:巨樹保護區,,,1141225,土地1建物0車位0,,,其他,,,,0.0,0,0,0,無,無,70693,3400,,0.0,0,,RPRNMLOJKHLGFAM58EA,0.0,0.0,0.0,無,0160
南投市,土地,樟普寮段1310地號,38.35,都市：其他:巨樹保護區,,,1141225,土地1建物0車位0,,,其他,,,,0.0,0,0,0,無,無,130399,3400,,0.0,0,,RPSNMLOJKHLGFAM68EA,0.0,0.0,0.0,無,0161
集集鎮,土地,玉映段872-1地號,4.55,都市：其他:道路用地,,,1141203,土地1建物0車位0,,,其他,,,,0.0,0,0,0,無,無,38620,8488,,0.0,0,地清或未辦繼承標售；,RPPNMLQJKHLGFEM98EA,0.0,0.0,0.0,無,
埔里鎮,房地(土地+建物),南投縣埔里鎮西安巷１０號,180.0,住,,,1141224,土地2建物1車位0,全,二層,透天厝,住家用,鋼筋混凝土加強磚造,0600423,98.25,4,1,3,有,無,3000000,30534,,0.0,0,親友、員工、共有人或其他特殊關係間之交易；其他增建；,RPQNMLQLKIKGFCM98DA,98.25,0.0,0.0,無,
水里鄉,土地,社子段304-36地號,37603.0,,山坡地保育區,林業用地,1141201,土地4建物0車位0,,,其他,,,,0.0,0,0,0,無,無,4000000,106,,0.0,0,,RPPNMLKMJHLGFEM48DA,0.0,0.0,0.0,無,
南投市,房地(土地+建物),南投縣南投市彰南路一段７０９巷１９號,40.5,住,,,1141211,土地1建物1車位0,全,二層,透天厝,住家用,鋼筋混凝土加強磚造,0690612,45.68,3,2,1,有,無,2500000,54729,,0.0,0,,RPPNMLKKKHLGFAM08EA,45.68,0.0,0.0,無,
南投市,土地,三塊厝段150-5地號,880.12,住,,,1141231,土地1建物0車位0,,,其他,,,,0.0,0,0,0,無,無,17678191,20086,,0.0,0,,RPQNMLTLJHLGFAM98DA,0.0,0.0,0.0,無,0162
南投市,土地,三塊厝段150-58地號,1354.0,住,,,1141231,土地1建物0車位0,,,其他,,,,0.0,0,0,0,無,無,25189478,18604,,0.0,0,,RPSNMLTLJHLGFAM56DA,0.0,0.0,0.0,無,
南投市,土地,三塊厝段150-57地號,42.0,住,,,1141231,土地1建物0車位0,,,其他,,,,0.0,0,0,0,無,無,794063,18906,,0.0,0,,RPTNMLTLJHLGFAM66DA,0.0,0.0,0.0,無,
南投市,土地,三塊厝段149-1地號,2281.0,住,,,1141231,土地1建物0車位0,,,其他,,,,0.0,0,0,0,無,無,54372197,23837,,0.0,0,,RPWNMLTLJHLGFAM96DA,0.0,0.0,0.0,無,
南投市,土地,三塊厝段150-5地號,528.07,住,,,1141231,土地1建物0車位0,,,其他,,,,0.0,0,0,0,無,無,9983918,18906,,0.0,0,,RPXNMLTLJHLGFAM07DA,0.0,0.0,0.0,無,0162
水里鄉,房地(土地+建物),南投縣水里鄉八德街７６號,105.79,住,,,1141214,土地1建物1車位0,全,三層,透天厝,住家用,ＲＣ造,1111021,194.53,4,3,3,有,無,11500000,59117,,0.0,0,,RPPNMLQJKHLGFEM88DA,194.53,0.0,0.0,無,0164
埔里鎮,土地,文頭股段562地號,2130.81,,特定農業區,農牧用地,1141223,土地1建物0車位0,,,其他,,,,0.0,0,0,0,無,無,8200000,3848,,0.0,0,農作物；,RPQNMLTJKHLGFCM09DA,0.0,0.0,0.0,無,
南投市,房地(土地+建物),南投縣南投市琯溪街２７巷３號,91.0,住,,,1141212,土地1建物1車位0,全,三層,透天厝,住家用,鋼筋混凝土造,1071008,188.04,4,2,3,有,無,15600000,82961,,0.0,0,,RPTNMLNKKHLGFAM68DA,180.74,0.0,7.3,無,0165
魚池鄉,土地,東池段5地號,424.0,,山坡地保育區,農牧用地,1141208,土地1建物0車位0,,,其他,,,,0.0,0,0,0,無,無,121000,285,,0.0,0,地清或未辦繼承標售；,RPSNMLNKKHLGFCM78DA,0.0,0.0,0.0,無,
名間鄉,土地,三崙段871地號,4148.43,,一般農業區,農牧用地,1141228,土地2建物0車位0,,,其他,,,,0.0,0,0,0,無,無,6900000,1663,,0.0,0,,RPPNMLLLKHLGFAM18DA,0.0,0.0,0.0,無,
竹山鎮,房地(土地+建物),南投縣竹山鎮集山路二段１２３８巷９弄１５號,47.91,商,,,1141207,土地1建物1車位0,全,二層,透天厝,住家用,鋼筋混凝土加強磚造,0670501,57.3,5,2,3,有,無,1800000,31414,,0.0,0,親友、員工、共有人或其他特殊關係間之交易；頂樓加蓋；其他增建；,RPPNMLNLKHLGFDM78EA,57.3,0.0,0.0,無,0166
名間鄉,房地(土地+建物),南投縣名間鄉頂巷２３之１３號,89.44,住,,,1141222,土地1建物1車位0,全,三層,透天厝,住家用,鋼筋混凝土造,0910327,183.81,4,3,3,有,無,7800000,42435,,0.0,0,其他增建；,RPUNMLMLJHLGFAM68DA,168.63,0.0,15.18,無,
南投市,土地,新生段1451地號,796.0,農,,,1141218,土地1建物0車位0,,,其他,,,,0.0,0,0,0,無,無,11070000,13907,,0.0,0,,RPPNMLSJJHLGFAM58DA,0.0,0.0,0.0,無,
草屯鎮,房地(土地+建物),南投縣草屯鎮加老路５８巷１６號,73.71,,鄉村區,乙種建築用地,1141228,土地2建物1車位0,全,四層,透天厝,住家用,鋼筋混凝土造,1140327,169.01000000000002,4,2,4,有,有,14880000,88042,,0.0,0,,RPPNMLOLKHLGFBM58DA,158.38,0.0,10.23,無,
魚池鄉,土地,平和段1012地號,200.76,,鄉村區,乙種建築用地,1141211,土地1建物0車位0,,,其他,,,,0.0,0,0,0,無,無,6000000,29886,,0.0,0,,RPPNMLOLKHLGFCM68DA,0.0,0.0,0.0,無,
南投市,房地(土地+建物),南投縣南投市同源路一街３１巷２６號,95.19,,工業區,丁種建築用地,1141215,土地3建物1車位0,全,三層,透天厝,住家用,鋼筋混凝土造,1120926,151.62,3,2,3,有,無,10800000,71231,,0.0,0,,RPTNMLSLJHLGFAM56DA,143.56,0.0,8.06,無,0167
名間鄉,土地,萬丹段1167地號,810.07,,特定農業區,農牧用地,1141222,土地1建物0車位0,,,其他,,,,0.0,0,0,0,無,無,350000,432,,0.0,0,,RPVNMLPLKHLGFAM56DA,0.0,0.0,0.0,無,
草屯鎮,土地,草屯段488地號,1163.0,都市：其他:住宅區,,,1141231,土地6建物0車位0,,,其他,,,,0.0,0,0,0,無,無,24480000,21049,,0.0,0,,RPPNMLPLKHLGFBM68DA,0.0,0.0,0.0,無,
南投市,房地(土地+建物),南投縣南投市營北路１３６巷１２弄４９號,145.71,住,,,1141209,土地2建物1車位0,全,二層,透天厝,住家用,鋼筋混凝土加強磚造,0710610,117.93,5,2,2,有,無,12000000,101755,,0.0,0,,RPPNMLLLJHLGFAM08DA,117.93,0.0,0.0,無,
南投市,房地(土地+建物)+車位,南投縣南投市南營路１５５號,209.66,,鄉村區,乙種建築用地,1141207,土地1建物1車位1,全,三層,透天厝,住家用,鋼筋混凝土造,1050122,245.63,5,4,5,有,無,15000000,61067,一樓平面,0.0,0,法定空地加建鐵棟,RPUNMLMJLHLGFAM68DA,245.63,0.0,0.0,無,0168
草屯鎮,土地,新永安段185-14地號,496.47,農,,,1141226,土地3建物0車位0,,,其他,,,,0.0,0,0,0,無,無,10880000,21915,,0.0,0,,RPRNMLRJJHLGFBM78DA,0.0,0.0,0.0,無,0169
埔里鎮,房地(土地+建物),南投縣埔里鎮西安路二段３２０之２號,395.0,,特定農業區,農牧用地,1141223,土地1建物1車位0,全,一層,透天厝,其他,ＲＣ造,1111024,49.7,0,0,0,無,無,7000000,140845,,0.0,0,親友、員工、共有人或其他特殊關係間之交易；,RPPNMLOJLHLGFCM58DA,49.7,0.0,0.0,無,0170
南投市,土地,三塊厝段220-122地號,17.0,住,,,1141217,土地1建物0車位0,,,其他,,,,0.0,0,0,0,無,無,874225,51425,,0.0,0,,RPPNMLMJLHLGFAM28EA,0.0,0.0,0.0,無,
南投市,土地,嘉興段272地號,211.03,,特定農業區,農牧用地,1141223,土地1建物0車位0,,,其他,,,,0.0,0,0,0,無,無,1200000,5686,,0.0,0,親友、員工、共有人或其他特殊關係間之交易；,RPPNMLQJKHLGFAM48DA,0.0,0.0,0.0,無,
草屯鎮,房地(土地+建物),南投縣草屯鎮太平路一段３０７號八樓之１,6.24,住,,,1141230,土地1建物1車位0,八層,十二層,住宅大樓(11層含以上有電梯),商業用,鋼筋混凝土造,0800323,136.32999999999998,1,0,1,有,有,3000000,22005,,0.0,0,,RPRNMLTJKHLGFBM09DA,73.68,0.0,17.1,有,0171
魚池鄉,房地(土地+建物),南投縣魚池鄉文正巷２４之１號,2926.0,,特定農業區,農牧用地,1141216,土地1建物2車位0,全,二層,透天厝,農業用,加強磚造,0720907,320.97,5,3,2,有,無,8800000,27417,,0.0,0,農作物；農業設施；,RPUNMLKMJHLGFCM78DA,307.17,0.0,13.8,無,
南投市,房地(土地+建物),南投縣南投市營北路１９６巷１９弄９號,101.19,住,,,1141224,土地6建物1車位0,全,四層,透天厝,住家用,鋼筋混凝土造,1130620,190.48,4,2,4,有,無,22990000,120695,,0.0,0,,RPRNMLMJLHLGFAM48EA,169.05,0.0,21.43,有,0172
南投市,土地,內興段1150地號,100.67,,一般農業區,農牧用地,1141202,土地1建物0車位0,,,其他,,,,0.0,0,0,0,無,無,913580,9075,,0.0,0,,RPQNMLNJLHLGFAM48EA,0.0,0.0,0.0,無,
南投市,土地,和興段327地號,2874.85,,一般農業區,農牧用地,1141211,土地4建物0車位0,,,其他,,,,0.0,0,0,0,無,無,18200000,6331,,0.0,0,農作物；包含公共設施保留地用地；,RPQNMLNJLHLGFAM38DA,0.0,0.0,0.0,無,
埔里鎮,房地(土地+建物),南投縣埔里鎮同春三街４３號,99.0,住,,,1141231,土地1建物1車位0,全,四層,透天厝,住家用,鋼筋混凝土造,0830720,237.64,7,3,4,有,無,12500000,52601,,0.0,0,頂樓加蓋；,RPUNMLNJLHLGFCM98DA,237.64,0.0,0.0,無,
名間鄉,土地,埔中段915地號,310.04,,一般農業區,農牧用地,1141224,土地1建物0車位0,,,其他,,,,0.0,0,0,0,無,無,760000,2451,,0.0,0,地清或未辦繼承標售；,RPPNMLNJLHLGFAM38EA,0.0,0.0,0.0,無,
南投市,房地(土地+建物),南投縣南投市自強一街３０號,103.57,住,,,1141229,土地1建物1車位0,全,三層,透天厝,住家用,鋼筋混凝土造,1141119,220.23,4,3,5,有,無,18500000,84003,,0.0,0,,RPTNMLMKJHLGFAM48DA,204.39,0.0,15.84,無,
南投市,房地(土地+建物)+車位,南投縣南投市彰南路一段８６３號十一樓之１,49.36,住,,,1141223,土地2建物1車位2,十一層,十五層,住宅大樓(11層含以上有電梯),住家用,鋼筋混凝土造,1130326,236.61,3,2,2,有,有,14680000,62043,坡道平面,59.8,0,親友、員工、共有人或其他特殊關係間之交易；,RPUNMLNJLHLGFAM78DA,108.88,0.0,9.8,有,
草屯鎮,房地(土地+建物),南投縣草屯鎮加老東路１９２巷４２弄１６號,111.0,,特定農業區,甲種建築用地,1141222,土地1建物1車位0,全,三層,透天厝,住家用,鋼筋混凝土造,0850718,151.51,0,1,3,有,無,10600000,69962,,0.0,0,親友、員工、共有人或其他特殊關係間之交易；,RPRNMLNJLHLGFBM58DA,151.51,0.0,0.0,無,
竹山鎮,房地(土地+建物),南投縣竹山鎮大和街１２６巷３６弄２號,104.2,住,,,1141211,土地2建物1車位0,全,三層,透天厝,住家用,鋼筋混凝土造,1140723,140.46,4,2,3,有,無,11080000,78884,,0.0,0,土地價格:新台幣310萬元整建物價格:新台幣798萬元整,RPPNMLNLKHLGFDM68DA,129.58,0.0,10.88,無,
中寮鄉,土地,愛鄉段858地號,169.51,,山坡地保育區,農牧用地,1141226,土地1建物0車位0,,,其他,,,,0.0,0,0,0,無,無,60000,354,,0.0,0,地清或未辦繼承標售；,RPPNMLOJLHLGFAM48EA,0.0,0.0,0.0,無,
鹿谷鄉,土地,大水堀段29-29地號,524.0,,山坡地保育區,丙種建築用地,1141231,土地1建物0車位0,,,其他,,,,0.0,0,0,0,無,無,518100,989,,0.0,0,地清或未辦繼承標售；,RPTNMLMJLHLGFDM98EA,0.0,0.0,0.0,無,
南投市,土地,南山段273地號,60.0,住,,,1141101,土地1建物0車位0,,,其他,,,,0.0,0,0,0,無,無,3150000,52500,,0.0,0,,RPQNMLNJJIKGFAM18DA,0.0,0.0,0.0,無,0173
名間鄉,土地,名山段175地號,1874.26,,一般農業區,丙種建築用地,1141111,土地2建物0車位0,,,其他,,,,0.0,0,0,0,無,無,23000000,12272,,0.0,0,親友、員工、共有人或其他特殊關係間之交易；,RPPNMLPKJIKGFAM38DA,0.0,0.0,0.0,無,
草屯鎮,房地(土地+建物),南投縣草屯鎮中正路２８６之４號,75.74,,鄉村區,乙種建築用地,1141102,土地2建物1車位0,全,二層,透天厝,住家用,加強磚造,065- -,108.96,3,2,2,有,無,6400000,58737,,0.0,0,頂樓加蓋；其他增建；,RPWNMLTKJIKGFBM96DA,108.96,0.0,0.0,無,
埔里鎮,土地,福興段1576-2地號,3952.0,,特定農業區,農牧用地,1141108,土地1建物0車位0,,,其他,,,,0.0,0,0,0,無,無,8365000,2117,,0.0,0,本買賣標的未臨路農作物；,RPRNMLPLJIKGFCM88DA,0.0,0.0,0.0,無,
埔里鎮,土地,小埔社段67地號,422.0,,山坡地保育區,農牧用地,1141114,土地1建物0車位0,,,其他,,,,0.0,0,0,0,無,無,1914800,4537,,0.0,0,,RPPNMLTJKIKGFCM98DA,0.0,0.0,0.0,無,
埔里鎮,土地,籃城段1251地號,122.82,,鄉村區,乙種建築用地,1141118,土地1建物0車位0,,,其他,,,,0.0,0,0,0,無,無,1700000,13841,,0.0,0,含地上鐵皮屋及設施、設備全部在內,RPRNMLTJKIKGFCM56DA,0.0,0.0,0.0,無,
竹山鎮,房地(土地+建物),南投縣竹山鎮東鄉路５之３號,478.87,,一般農業區,丙種建築用地,1141126,土地2建物1車位0,全,一層,透天厝,住家用,鋼筋混凝土造,0951019,29.85,2,1,1,有,無,15000000,502513,,0.0,0,,RPQNMLOJKIKGFDM68DA,29.85,0.0,0.0,無,0174
草屯鎮,房地(土地+建物),南投縣草屯鎮富中路１０９巷２８號,203.64,住,,,1141101,土地3建物1車位0,全,三層,透天厝,住家用,鋼筋混凝土造,0811030,150.59,9,0,9,有,無,12300000,81679,,0.0,0,,RPRNMLOJKIKGFBM58DA,136.46,7.77,6.36,無,0175
草屯鎮,土地,隘寮段218地號,228.78,住,,,1141113,土地2建物0車位0,,,其他,,,,0.0,0,0,0,無,無,11500000,50267,,0.0,0,,RPRNMLPJKIKGFBM68DA,0.0,0.0,0.0,無,
中寮鄉,土地,樟平段1459地號,69.76,,鄉村區,乙種建築用地,1141114,土地1建物0車位0,,,其他,,,,0.0,0,0,0,無,無,378000,5419,,0.0,0,,RPQNMLSJKIKGFAM88EA,0.0,0.0,0.0,無,0176
南投市,房地(土地+建物),南投縣南投市彰南路一段６６１號,84.0,住,,,1141101,土地1建物1車位0,全,三層,透天厝,住商用,鋼筋混凝土加強磚造,0681115,175.31,5,3,3,有,無,7500000,42781,,0.0,0,頂樓加蓋；其他增建；,RPPNMLTJKIKGFAM88EA,175.31,0.0,0.0,無,
竹山鎮,房地(土地+建物),南投縣竹山鎮鹿山路５６巷７弄７號,119.26,工,,,1141115,土地1建物1車位0,全,三層,透天厝,住工用,鋼筋混凝土造,0830117,238.84,4,1,4,有,無,6200000,25959,,0.0,0,,RPPNMLSJKIKGFDM09EA,225.44,0.0,13.4,無,
中寮鄉,土地,樟平段1439地號,2885.94,,山坡地保育區,農牧用地,1141117,土地2建物0車位0,,,其他,,,,0.0,0,0,0,無,無,13000000,4505,,0.0,0,未登記建物售價25萬元正未登記建物；,RPVNMLRKJIKGFAM56DA,0.0,0.0,0.0,無,
南投市,土地,光復段909地號,7.79,,鄉村區,乙種建築用地,1141126,土地1建物0車位0,,,其他,,,,0.0,0,0,0,無,無,144000,18485,,0.0,0,親友、員工、共有人或其他特殊關係間之交易；,RPSNMLQLJIKGFAM88DA,0.0,0.0,0.0,無,0177
南投市,土地,新豐段228地號,75.85,住,,,1141123,土地5建物0車位0,,,其他,,,,0.0,0,0,0,無,無,1032500,13612,,0.0,0,賣方不負擔費用及稅金。親友、員工、共有人或其他特殊關係間之交易；,RPRNMLOJKIKGFAM48DA,0.0,0.0,0.0,無,0004
南投市,土地,新豐段228地號,9.48,住,,,1141124,土地5建物0車位0,,,其他,,,,0.0,0,0,0,無,無,129060,13614,,0.0,0,賣方不負擔費用及稅金親友、員工、共有人或其他特殊關係間之交易；,RPRNMLSJKIKGFAM88DA,0.0,0.0,0.0,無,0004
南投市,車位,南投縣南投市文化路７０７巷１弄６８號一樓之１等公共設施,0.0,,,,1141118,土地0建物1車位1,,,其他,,,,30.68,0,0,0,無,有,1450000,,坡道平面,30.67,1450000,建物坐落地號：牛運堀段276地號；僅車位交易；,RPSNMLKKKIKGFAM28DA,0.0,0.0,0.0,有,0180
南投市,車位,南投縣南投市文化路７０７巷１弄６８號一樓之１等公共設施,0.0,,,,1141122,土地0建物1車位1,,,其他,,,,30.68,0,0,0,無,有,1400000,,坡道平面,30.67,1400000,建物坐落地號：牛運堀段276地號；僅車位交易；,RPTNMLKKKIKGFAM38DA,0.0,0.0,0.0,有,0180
草屯鎮,房地(土地+建物),南投縣草屯鎮石川路７０號,171.68,,鄉村區,乙種建築用地,1141109,土地1建物1車位0,全,一層,透天厝,住家用,鋼骨造,0970721,74.85,2,1,1,有,無,10200000,136273,,0.0,0,,RPQNMLKLJIKGFBM18DA,74.85,0.0,0.0,無,
草屯鎮,房地(土地+建物),南投縣草屯鎮中正路７５之２號,83.61,,鄉村區,乙種建築用地,1141112,土地1建物1車位0,全,二層,透天厝,住家用,鋼筋混凝土加強磚造,0690204,139.02,6,3,2,有,無,3580000,25752,,0.0,0,頂樓加蓋；,RPPNMLKKKIKGFBM08DA,139.02,0.0,0.0,無,0182
魚池鄉,土地,貓段267-62地號,71.0,,山坡地保育區,丙種建築用地,1141105,土地1建物0車位0,,,其他,,,,0.0,0,0,0,無,無,1254861,17674,,0.0,0,未登記建物；,RPUNMLTJKIKGFCM86DA,0.0,0.0,0.0,無,
魚池鄉,土地,貓段267-63地號,88.0,,山坡地保育區,丙種建築用地,1141105,土地1建物0車位0,,,其他,,,,0.0,0,0,0,無,無,1555139,17672,,0.0,0,未登記建物；,RPVNMLTJKIKGFCM96DA,0.0,0.0,0.0,無,
竹山鎮,土地,德興段717-3地號,9757.14,,特定農業區,農牧用地,1141107,土地5建物0車位0,,,其他,,,,0.0,0,0,0,無,無,3000000,307,,0.0,0,,RPUNMLNJKIKGFDM98DA,0.0,0.0,0.0,無,
南投市,土地,成功段945地號,71.55,住,,,1141119,土地1建物0車位0,,,其他,,,,0.0,0,0,0,無,無,3480000,48637,,0.0,0,,RPQNMLOLJIKGFAM48DA,0.0,0.0,0.0,無,0183
南投市,土地,成功段1059地號,101.23,住,,,1141119,土地1建物0車位0,,,其他,,,,0.0,0,0,0,無,無,5280000,52158,,0.0,0,,RPSNMLOLJIKGFAM68DA,0.0,0.0,0.0,無,0184
南投市,房地(土地+建物),南投縣南投市自強一路１４０號,211.81,住,,,1141111,土地2建物1車位0,全,三層,透天厝,住家用,鋼筋混凝土造,1060523,277.37,6,3,7,有,無,30000000,108159,,0.0,0,,RPQNMLOJKIKGFAM38DA,265.96,0.0,11.41,無,
名間鄉,土地,東仁段91地號,1047.21,,特定農業區,農牧用地,1141114,土地4建物0車位0,,,其他,,,,0.0,0,0,0,無,無,2000000,1910,,0.0,0,,RPPNMLLKKIKGFAM08DA,0.0,0.0,0.0,無,
南投市,土地,內新段223地號,88.81,,鄉村區,乙種建築用地,1141113,土地4建物0車位0,,,其他,,,,0.0,0,0,0,無,無,2000000,22520,,0.0,0,親友、員工、共有人或其他特殊關係間之交易；,RPQNMLLKKIKGFAM18DA,0.0,0.0,0.0,無,
草屯鎮,土地,新光段700地號,117.14,,鄉村區,乙種建築用地,1141125,土地3建物0車位0,,,其他,,,,0.0,0,0,0,無,無,4961000,42351,,0.0,0,,RPPNMLSLJIKGFBM88DA,0.0,0.0,0.0,無,0099
竹山鎮,房地(土地+建物),南投縣竹山鎮瑞竹巷３９弄４５號,102.15,住,,,1141106,土地2建物1車位0,全,三層,透天厝,住家用,鋼筋混凝土造,1130926,168.57,4,2,3,有,無,13100000,77713,,0.0,0,,RPPNMLLKKIKGFDM38DA,168.57,0.0,0.0,無,
竹山鎮,房地(土地+建物),南投縣竹山鎮和育一巷６２號,89.08,住,,,1141115,土地3建物1車位0,全,三層,透天厝,住家用,鋼筋混凝土造,1140804,159.84,4,3,3,有,無,11200000,70070,,0.0,0,一樓有室外停車空間,RPPNMLPKKIKGFDM78DA,158.45,0.0,1.39,無,
水里鄉,土地,新車埕段193地號,154.85,,鄉村區,乙種建築用地,1141104,土地2建物0車位0,,,其他,,,,0.0,0,0,0,無,無,3600000,23248,,0.0,0,未登記建物；,RPPNMLKKKIKGFEM38DA,0.0,0.0,0.0,無,
南投市,土地,光興段165-2地號,12.72,住,,,1141107,土地1建物0車位0,,,其他,,,,0.0,0,0,0,無,無,1446391,113710,,0.0,0,畸零地或有合併使用效益；政府機關標讓售；,RPPNMLLKKIKGFAM18EA,0.0,0.0,0.0,無,
名間鄉,土地,新光段594地號,2648.2,,一般農業區,農牧用地,1141111,土地1建物0車位0,,,其他,,,,0.0,0,0,0,無,無,6100000,2303,,0.0,0,,RPWNMLLJKIKGFAM68DA,0.0,0.0,0.0,無,
南投市,房地(土地+建物),南投縣南投市彰南路二段６３０巷８８號,66.0,住,,,1141115,土地1建物1車位0,全,二層,透天厝,住家用,鋼筋混凝土加強磚造,0670900,93.66,4,3,2,有,無,3600000,38437,,0.0,0,其他增建；,RPUNMLLKKIKGFAM58DA,93.66,0.0,0.0,無,
南投市,房地(土地+建物),南投縣南投市中興路４１１巷３９號,956.0,農,,,1141117,土地2建物1車位0,全,二層,透天厝,農業用,鋼骨造,0900426,115.31,2,3,1,有,無,9500000,82387,,0.0,0,其他增建；,RPVNMLLKKIKGFAM68DA,115.31,0.0,0.0,無,
草屯鎮,土地,中興段1721地號,90.67,住,,,1141107,土地1建物0車位0,,,其他,,,,0.0,0,0,0,無,無,8913677,98309,,0.0,0,,RPQNMLMKKIKGFBM38DA,0.0,0.0,0.0,無,0186
草屯鎮,土地,中興段1721地號,90.67,住,,,1141107,土地1建物0車位0,,,其他,,,,0.0,0,0,0,無,無,8913677,98309,,0.0,0,,RPRNMLMKKIKGFBM48DA,0.0,0.0,0.0,無,0186
埔里鎮,房地(土地+建物),南投縣埔里鎮樹人三街１３７巷６號五樓之１３,11.75,住,,,1141128,土地1建物1車位0,五層,八層,華廈(10層含以下有電梯),住家用,鋼筋混凝土造,0871231,76.57,1,1,1,有,有,3800000,49628,,0.0,0,其他增建；,RPRNMLPJKIKGFCM78DA,48.75,0.0,4.65,有,0188
國姓鄉,土地,水長流段113-4地號,2563.0,,特定農業區,農牧用地,1141121,土地1建物0車位0,,,其他,,,,0.0,0,0,0,無,無,1850000,722,,0.0,0,,RPPNMLLKKIKGFCM28DA,0.0,0.0,0.0,無,0189
南投市,房地(土地+建物),南投縣南投市同源路七街１２巷３１號,90.0,,工業區,丁種建築用地,1141104,土地1建物1車位0,全,三層,透天厝,住家用,鋼筋混凝土造,1100331,177.07,5,3,3,有,無,11000000,62122,,0.0,0,,RPUNMLLJKIKGFAM48DA,177.07,0.0,0.0,無,0190
名間鄉,土地,新光段595地號,1415.64,,一般農業區,農牧用地,1141128,土地1建物0車位0,,,其他,,,,0.0,0,0,0,無,無,3100000,2190,,0.0,0,,RPXNMLLJKIKGFAM78DA,0.0,0.0,0.0,無,
南投市,土地,軍功寮段362地號,1348.98,,山坡地保育區,農牧用地,1141105,土地3建物0車位0,,,其他,,,,0.0,0,0,0,無,無,350000,259,,0.0,0,親友、員工、共有人或其他特殊關係間之交易；農作物；,RPVNMLKKKIKGFAM58DA,0.0,0.0,0.0,無,0191
南投市,房地(土地+建物),南投縣南投市同源路五街３７號四樓,9.19,,工業區,丁種建築用地,1141117,土地1建物1車位0,四層,五層,華廈(10層含以下有電梯),住家用,鋼筋混凝土造,1070518,34.36,2,1,2,有,無,2800000,81490,,0.0,0,,RPRNMLMKKIKGFAM38DA,28.32,0.0,0.0,有,0192
草屯鎮,土地,玉峰段86地號,394.11,都市：其他:道路用地,,,1141126,土地2建物0車位0,,,其他,,,,0.0,0,0,0,無,無,2912000,7389,,0.0,0,道路用地包含公共設施保留地用地；,RPPNMLOJKIKGFBM38DA,0.0,0.0,0.0,無,
集集鎮,房地(土地+建物),南投縣集集鎮集鹿路９５巷１３８號,181.72,住,,,1141103,土地3建物1車位0,全,三層,透天厝,住家用,ＲＣ造,1140828,189.69,4,2,5,有,無,13800000,72750,,0.0,0,,RPQNMLPKJIKGFEM88DA,176.56,0.0,13.13,無,
名間鄉,土地,南大庄段1065地號,259.05,住,,,1141122,土地1建物0車位0,,,其他,,,,0.0,0,0,0,無,無,2200000,8493,,0.0,0,,RPQOMLPLJIKGFAM68DA,0.0,0.0,0.0,無,0193
草屯鎮,土地,山腳段215-3地號,61.65,都市：其他:道路用地,,,1141114,土地1建物0車位0,,,其他,,,,0.0,0,0,0,無,無,680616,11040,,0.0,0,包含公共設施保留地用地；,RPSNMLTKJIKGFBM56DA,0.0,0.0,0.0,無,
草屯鎮,土地,中興段1007地號,58.05,都市：其他:道路用地,,,1141114,土地1建物0車位0,,,其他,,,,0.0,0,0,0,無,無,638747,11003,,0.0,0,包含公共設施保留地用地；,RPTNMLTKJIKGFBM66DA,0.0,0.0,0.0,無,0194
草屯鎮,土地,加老段966地號,801.51,,特定農業區,交通用地,1141114,土地1建物0車位0,,,其他,,,,0.0,0,0,0,無,無,1899567,2370,,0.0,0,包含公共設施保留地用地；,RPVNMLTKJIKGFBM86DA,0.0,0.0,0.0,無,0195
草屯鎮,土地,新豐段513-2地號,124.04,,鄉村區,乙種建築用地,1141118,土地1建物0車位0,,,其他,,,,0.0,0,0,0,無,無,2626400,21174,,0.0,0,,RPRNMLKKKIKGFBM28DA,0.0,0.0,0.0,無,
草屯鎮,房地(土地+建物)+車位,南投縣草屯鎮民生三街１４巷３６之１號,20.94,住,,,1141103,土地1建物1車位1,二層,六層,華廈(10層含以下有電梯),住家用,鋼筋混凝土造,0800831,107.28999999999999,2,2,2,有,有,3500000,32622,坡道機械,0.0,0,親友、員工、共有人或其他特殊關係間之交易；,RPRNMLQKKIKGFBM88DA,65.61,0.0,12.74,有,
草屯鎮,土地,頂茄荖段747地號,257.0,,特定農業區,農牧用地,1141117,土地1建物0車位0,,,其他,,,,0.0,0,0,0,無,無,1212262,4717,,0.0,0,農作物；,RPSNMLRKKIKGFBM09DA,0.0,0.0,0.0,無,
草屯鎮,土地,頂茄荖段746地號,485.0,,特定農業區,農牧用地,1141117,土地1建物0車位0,,,其他,,,,0.0,0,0,0,無,無,2287738,4717,,0.0,0,農作物；,RPTNMLRKKIKGFBM56DA,0.0,0.0,0.0,無,
埔里鎮,房地(土地+建物),南投縣埔里鎮北平街２１７巷１２號,20.13,住,,,1141127,土地1建物1車位0,全,二層,透天厝,住家用,磚造,0440500,37.12,2,2,1,有,無,1400000,37716,,0.0,0,,RPUNMLMJKIKGFCM78DA,37.12,0.0,0.0,無,
魚池鄉,土地,大雁段34-5地號,141.0,,山坡地保育區,丙種建築用地,1141121,土地1建物0車位0,,,其他,,,,0.0,0,0,0,無,無,1880940,13340,,0.0,0,政府機關標讓售；,RPPNMLPKKIKGFCM68DA,0.0,0.0,0.0,無,
竹山鎮,房地(土地+建物),南投縣竹山鎮鯉南路１１６之８４號五樓,32.97,住,,,1141129,土地1建物1車位0,五層,五層,公寓(5樓含以下無電梯),住家用,鋼筋混凝土造,0820429,112.69,4,2,2,有,無,1800000,15973,,0.0,0,,RPQNMLQKKIKGFDM98DA,85.72,0.0,5.63,無,
南投市,土地,福溪段698地號,127.64,,鄉村區,交通用地,1141114,土地1建物0車位0,,,其他,,,,0.0,0,0,0,無,無,673934,5280,,0.0,0,與政府機關有關之交易：競標購買包含公共設施保留地用地；,RPQNMLTKJIKGFAM88DA,0.0,0.0,0.0,無,0196
南投市,土地,福溪段698地號,382.92,,鄉村區,交通用地,1141114,土地1建物0車位0,,,其他,,,,0.0,0,0,0,無,無,2021802,5280,,0.0,0,與政府機關有關之交易：競標購買包含公共設施保留地用地；,RPRNMLTKJIKGFAM98DA,0.0,0.0,0.0,無,0196
南投市,土地,福溪段696地號,826.99,,一般農業區,交通用地,1141114,土地1建物0車位0,,,其他,,,,0.0,0,0,0,無,無,4366507,5280,,0.0,0,與政府機關有關之交易：競標購買包含公共設施保留地用地；,RPSNMLTKJIKGFAM09DA,0.0,0.0,0.0,無,
南投市,土地,光復段662-1地號,44.0,,特定農業區,交通用地,1141114,土地1建物0車位0,,,其他,,,,0.0,0,0,0,無,無,188760,4290,,0.0,0,與政府機關有關之交易：競標購買包含公共設施保留地用地；,RPTNMLTKJIKGFAM56DA,0.0,0.0,0.0,無,0198
南投市,土地,光復段662-1地號,88.0,,特定農業區,交通用地,1141114,土地1建物0車位0,,,其他,,,,0.0,0,0,0,無,無,377520,4290,,0.0,0,與政府機關有關之交易：競標購買包含公共設施保留地用地；,RPVNMLTKJIKGFAM76DA,0.0,0.0,0.0,無,0198
南投市,土地,光復段662-1地號,44.0,,特定農業區,交通用地,1141114,土地1建物0車位0,,,其他,,,,0.0,0,0,0,無,無,188760,4290,,0.0,0,與政府機關有關之交易：競標購買包含公共設施保留地用地；,RPXNMLTKJIKGFAM96DA,0.0,0.0,0.0,無,0198
南投市,土地,光復段1222地號,152.5,,特定農業區,交通用地,1141114,土地1建物0車位0,,,其他,,,,0.0,0,0,0,無,無,654225,4290,,0.0,0,與政府機關有關之交易：競標購買包含公共設施保留地用地；,RPOOMLTKJIKGFAM78DA,0.0,0.0,0.0,無,
南投市,土地,福溪段698地號,127.64,,鄉村區,交通用地,1141114,土地1建物0車位0,,,其他,,,,0.0,0,0,0,無,無,673934,5280,,0.0,0,與政府機關有關之交易：競標購買包含公共設施保留地用地；,RPPOMLTKJIKGFAM88DA,0.0,0.0,0.0,無,0196
南投市,房地(土地+建物),南投縣南投市新興路１６０巷４７號,79.25,住,,,1141110,土地1建物1車位0,全,二層,透天厝,住家用,鋼筋混凝土加強磚造,0670130,89.82,5,2,2,有,無,6800000,75707,,0.0,0,親友、員工、共有人或其他特殊關係間之交易；,RPPNMLQLJIKGFAM58DA,89.82,0.0,0.0,無,
南投市,房地(土地+建物),南投縣南投市營盤路１５１巷３１弄２號,132.49,,鄉村區,乙種建築用地,1141101,土地4建物1車位0,全,四層,透天厝,住家用,鋼筋混凝土造,1081118,156.56,4,3,3,有,無,12800000,81758,,0.0,0,陽台外推；,RPWNMLNJKIKGFAM88DA,136.3,0.0,20.26,無,0202
草屯鎮,土地,新豐段513-3地號,106.09,,鄉村區,乙種建築用地,1141124,土地1建物0車位0,,,其他,,,,0.0,0,0,0,無,無,2246300,21174,,0.0,0,,RPQNMLKKKIKGFBM18DA,0.0,0.0,0.0,無,0203
竹山鎮,房地(土地+建物),南投縣竹山鎮竹山路７號,166.0,商,,,1141120,土地2建物1車位0,全,三層,透天厝,住家用,鋼筋混凝土加強磚造,0670819,113.11,5,3,2,有,無,5022000,44399,,0.0,0,親友、員工、共有人或其他特殊關係間之交易；,RPQNMLTKKIKGFDM66DA,113.11,0.0,0.0,無,
水里鄉,土地,下城段1061地號,698.9,,一般農業區,農牧用地,1141127,土地6建物0車位0,,,其他,,,,0.0,0,0,0,無,無,1250000,1789,,0.0,0,,RPPNMLLKKIKGFEM48DA,0.0,0.0,0.0,無,0031
中寮鄉,土地,先驅段3253地號,18540.0,,山坡地保育區,農牧用地,1141117,土地1建物0車位0,,,其他,,,,0.0,0,0,0,無,無,14000000,755,,0.0,0,,RPPNMLSKKIKGFAM88EA,0.0,0.0,0.0,無,
埔里鎮,房地(土地+建物),南投縣埔里鎮東興一街７０號,92.0,住,,,1141103,土地1建物1車位0,全,二層,透天厝,住商用,鋼筋混凝土造,0750709,103.88,3,2,2,有,無,9300000,89526,,0.0,0,,RPPNMLRKKIKGFCM98EA,103.88,0.0,0.0,無,
南投市,房地(土地+建物),南投縣南投市彰南路一段６７４巷６８號三樓之２,24.3,住,,,1141130,土地1建物1車位0,三層,五層,華廈(10層含以下有電梯),住家用,鋼筋混凝土造,0830503,112.61,2,2,1,有,有,3500000,31081,,0.0,0,,RPVNMLQKKIKGFAM56DA,81.23,0.75,12.69,有,0205
國姓鄉,房地(土地+建物),南投縣國姓鄉民族街３９巷３號,216.58,住,,,1141118,土地3建物1車位0,全,四層,透天厝,住商用,鋼筋混凝土造,0840621,196.64,4,1,3,有,無,11280000,57364,,0.0,0,,RPPNMLQKKIKGFCM78DA,168.32,6.66,21.66,無,0206
埔里鎮,房地(土地+建物),南投縣埔里鎮鯉魚路３７號二樓之８,24.34,,山坡地保育區,丙種建築用地,1141121,土地2建物1車位0,二層,九層,華廈(10層含以下有電梯),住家用,鋼筋混凝土造,0840907,63.36,1,1,1,有,有,2500000,39457,,0.0,0,增建：陽台外推,RPRNMLQKKIKGFCM98DA,34.57,1.54,12.27,有,0207
埔里鎮,土地,竹圍段544-6地號,727.3,農,,,1141124,土地3建物0車位0,,,其他,,,,0.0,0,0,0,無,無,9600000,13200,,0.0,0,,RPTNMLQKKIKGFCM56DA,0.0,0.0,0.0,無,0208
鹿谷鄉,土地,小半天段535地號,3041.0,,山坡地保育區,林業用地,1141115,土地4建物0車位0,,,其他,,,,0.0,0,0,0,無,無,3600000,1184,,0.0,0,親友、員工、共有人或其他特殊關係間之交易；,RPPNMLKMJIKGFDM38DA,0.0,0.0,0.0,無,0209
南投市,土地,內新段4-4地號,182.33,住,,,1141129,土地2建物0車位0,,,其他,,,,0.0,0,0,0,無,無,11580000,63511,,0.0,0,,RPTNMLTKKIKGFAM66DA,0.0,0.0,0.0,無,
草屯鎮,房地(土地+建物)+車位,南投縣草屯鎮忠孝街２８７巷１號六樓之５,23.28,住,,,1141120,土地1建物1車位1,六層,九層,華廈(10層含以下有電梯),住家用,鋼筋混凝土造,0830316,145.4,3,2,2,有,有,7200000,49519,坡道平面,0.0,0,,RPPNMLTJKIKGFBM88DA,84.31,4.45,9.13,有,0210
國姓鄉,土地,柑子林段59-32地號,136.14,,山坡地保育區,農牧用地,1141125,土地1建物0車位0,,,其他,,,,0.0,0,0,0,無,無,600000,4407,,0.0,0,親友、員工、共有人或其他特殊關係間之交易；,RPQNMLSLJIKGFCM09DA,0.0,0.0,0.0,無,0211
國姓鄉,土地,墘溝段1815-6地號,2002.0,,山坡地保育區,農牧用地,1141130,土地1建物0車位0,,,其他,,,,0.0,0,0,0,無,無,980000,490,,0.0,0,,RPQNMLLKKIKGFCM38DA,0.0,0.0,0.0,無,0212
埔里鎮,房地(土地+建物),南投縣埔里鎮中華路６２號,59.03,住,,,1141118,土地1建物1車位0,全,二層,透天厝,住家用,鋼筋混凝土造,0720914,79.13,5,3,2,有,無,4600000,58132,,0.0,0,親友、員工、共有人或其他特殊關係間之交易；,RPPNMLMKKIKGFCM38DA,79.13,0.0,0.0,無,
魚池鄉,土地,大林段70-3地號,291.0,,鄉村區,乙種建築用地,1141118,土地1建物0車位0,,,其他,,,,0.0,0,0,0,無,無,3750000,12887,,0.0,0,,RPWNMLQKKIKGFCM86DA,0.0,0.0,0.0,無,
魚池鄉,土地,大林段69-4地號,146.0,,鄉村區,乙種建築用地,1141119,土地2建物0車位0,,,其他,,,,0.0,0,0,0,無,無,1890000,12945,,0.0,0,,RPTNMLSKKIKGFCM76DA,0.0,0.0,0.0,無,
埔里鎮,房地(土地+建物)+車位,南投縣埔里鎮北平街１３６號六樓之３,20.01,商,,,1141120,土地1建物1車位1,六層,十四層,住宅大樓(11層含以上有電梯),住家用,ＲＣ造,1140818,144.81,3,2,2,有,有,12300000,94094,坡道平面,25.78,1100000,,RPQNMLMLKIKGFCM58DA,72.68,0.0,7.32,有,
竹山鎮,房地(土地+建物),南投縣竹山鎮祖師街１０３號,78.0,住,,,1141116,土地2建物1車位0,全,三層,透天厝,住商用,鋼筋混凝土造,0790426,151.25,3,2,3,有,無,6250000,41322,,0.0,0,其他增建；,RPPNMLOJKIKGFDM58DA,151.25,0.0,0.0,無,
竹山鎮,土地,紫南段998-2地號,2086.48,,特定農業區,農牧用地,1141124,土地1建物0車位0,,,其他,,,,0.0,0,0,0,無,無,1560000,748,,0.0,0,,RPPNMLKKKIKGFDM28DA,0.0,0.0,0.0,無,
集集鎮,土地,龍泉段446地號,1518.36,,山坡地保育區,農牧用地,1141122,土地2建物0車位0,,,其他,,,,0.0,0,0,0,無,無,4600000,3030,,0.0,0,,RPPNMLMLKIKGFEM68DA,0.0,0.0,0.0,無,0213
南投市,房地(土地+建物),南投縣南投市育樂一街１９巷６２號,47.0,住,,,1141114,土地1建物1車位0,全,二層,透天厝,住家用,鐵筋加強磚造,0611219,76.86,2,2,2,有,無,3300000,42935,,0.0,0,其他增建；,RPPNMLMLKIKGFAM38EA,76.86,0.0,0.0,無,
南投市,房地(土地+建物),南投縣南投市吉利路１３１巷２５號五樓之３,43.84,住,,,1141127,土地1建物1車位0,五層,五層,華廈(10層含以下有電梯),住家用,鋼筋混凝土造,1140221,119.99000000000001,2,2,2,有,有,7800000,65005,,0.0,0,親友、員工、共有人或其他特殊關係間之交易；,RPQNMLMLKIKGFAM48EA,72.63,0.0,14.13,有,
草屯鎮,房地(土地+建物),南投縣草屯鎮股坑巷１３之８號,3411.74,,山坡地保育區,農牧用地,1141106,土地3建物1車位0,全,二層,透天厝,農業用,鋼筋混凝土造,0810313,422.82,5,2,2,有,無,18750000,44345,,0.0,0,未登記建物；,RPPNMLMLKIKGFBM48EA,348.9,0.0,73.92,無,0214
埔里鎮,房地(土地+建物),南投縣埔里鎮同春三街２０號,72.0,住,,,1141120,土地1建物1車位0,全,四層,透天厝,住家用,鋼筋混凝土造,0950731,179.96,7,0,7,有,無,14280000,79351,,0.0,0,,RPSNMLSKKIKGFCM66DA,162.34,0.0,17.62,無,0215
草屯鎮,房地(土地+建物),南投縣草屯鎮中正路１１９２號十二樓之３,12.0,住,,,1141101,土地3建物1車位0,十二層,十二層,住宅大樓(11層含以上有電梯),住家用,鋼筋混凝土造,0821221,104.5,3,2,2,有,有,5300000,50718,,0.0,0,,RPPNMLLJKIKGFBM08DA,71.91,4.15,15.16,有,
竹山鎮,土地,嶺頂段234地號,3635.78,,森林區,林業用地,1141121,土地2建物0車位0,,,其他,,,,0.0,0,0,0,無,無,900000,248,,0.0,0,農作物；,RPRNMLPKKIKGFDM98DA,0.0,0.0,0.0,無,
南投市,房地(土地+建物),南投縣南投市同源路六街４６之１號五樓,13.2,,工業區,丁種建築用地,1141116,土地1建物1車位0,五層,五層,公寓(5樓含以下無電梯),住家用,鋼筋混凝土造,0900816,44.83,2,2,1,有,無,1670000,37252,,0.0,0,陽台外推；,RPUNMLTKJIKGFAM66DA,29.15,0.0,7.95,無,0216
南投市,房地(土地+建物),南投縣南投市成功三路２５１號五樓之２,20.79,,工業區,丁種建築用地,1141115,土地1建物1車位0,五層,六層,華廈(10層含以下有電梯),住家用,鋼筋混凝土造,1140619,96.66,2,2,2,有,有,6380000,66005,,0.0,0,土地價格:130.79萬元，建物價格:507.21萬元。其他增建；,RPSNMLMLKIKGFAM58DA,55.94,0.0,6.01,有,
中寮鄉,土地,分水寮段213-6地號,42.0,,山坡地保育區,丙種建築用地,1141113,土地1建物0車位0,,,其他,,,,0.0,0,0,0,無,無,420000,10000,,0.0,0,,RPPNMLNLKIKGFAM38DA,0.0,0.0,0.0,無,
草屯鎮,土地,新光段2165地號,540.6,,特定農業區,農牧用地,1141107,土地2建物0車位0,,,其他,,,,0.0,0,0,0,無,無,2486760,4600,,0.0,0,親友、員工、共有人或其他特殊關係間之交易；,RPPNMLNLJIKGFBM38DA,0.0,0.0,0.0,無,
草屯鎮,土地,復興段952地號,44.86,,鄉村區,乙種建築用地,1141112,土地3建物0車位0,,,其他,,,,0.0,0,0,0,無,無,240000,5350,,0.0,0,親友、員工、共有人或其他特殊關係間之交易；,RPPNMLNLKIKGFBM48DA,0.0,0.0,0.0,無,0217
魚池鄉,土地,東光段196地號,265.27,,山坡地保育區,丙種建築用地,1141118,土地1建物0車位0,,,其他,,,,0.0,0,0,0,無,無,1350000,5089,,0.0,0,,RPQNMLQKKIKGFCM88DA,0.0,0.0,0.0,無,
南投市,土地,施厝坪段619地號,60.69,住,,,1141127,土地1建物0車位0,,,其他,,,,0.0,0,0,0,無,無,800000,13182,,0.0,0,親友、員工、共有人或其他特殊關係間之交易；,RPQNMLOLKIKGFAM58DA,0.0,0.0,0.0,無,0093
南投市,土地,施厝坪段619地號,67.43,住,,,1141127,土地1建物0車位0,,,其他,,,,0.0,0,0,0,無,無,800000,11864,,0.0,0,親友、員工、共有人或其他特殊關係間之交易；,RPRNMLOLKIKGFAM68DA,0.0,0.0,0.0,無,0093
草屯鎮,房地(土地+建物),南投縣草屯鎮草溪路７４７巷１０弄２８號,234.5,農,,,1141120,土地1建物1車位0,全,二層,透天厝,農業用,加強磚造,0680703,163.3,3,1,2,有,無,7000000,42866,,0.0,0,,RPPNMLPLJIKGFBM58DA,163.3,0.0,0.0,無,
埔里鎮,房地(土地+建物),南投縣埔里鎮大城路２２６巷３０弄６號,1568.44,,特定農業區,農牧用地,1141117,土地1建物1車位0,全,二層,透天厝,農業用,加強磚造,0840412,217.36,5,2,3,有,無,15000000,69010,,0.0,0,頂樓加蓋；其他增建；,RPSNMLMLKIKGFCM78DA,206.16,0.0,11.2,無,
國姓鄉,土地,北山坑段3554地號,200.0,,山坡地保育區,丙種建築用地,1141125,土地1建物0車位0,,,其他,,,,0.0,0,0,0,無,無,478000,2390,,0.0,0,政府機關標讓售；,RPSNMLTLKIKGFCM86DA,0.0,0.0,0.0,無,
魚池鄉,土地,東池段6地號,692.0,,山坡地保育區,農牧用地,1141118,土地1建物0車位0,,,其他,,,,0.0,0,0,0,無,無,398000,575,,0.0,0,地清或未辦繼承標售；,RPXNMLTLKIKGFCM37DA,0.0,0.0,0.0,無,
南投市,房地(土地+建物),南投縣南投市中興路４６６巷１號九樓,15.45,住,,,1141111,土地1建物1車位0,九層,十六層,住宅大樓(11層含以上有電梯),住家用,鋼筋混凝土造,0831109,130.75,3,2,2,有,有,4200000,32122,,0.0,0,,RPTNMLMLKIKGFAM68DA,104.71,0.0,8.15,有,0220
南投市,房地(土地+建物),南投縣南投市中興路５６９巷１號,61.0,住,,,1141111,土地1建物1車位0,全,二層,透天厝,住家用,鋼筋混凝土加強磚造,0680312,77.09,7,1,6,有,無,5200000,67454,,0.0,0,頂樓加蓋；其他增建；,RPUNMLMLKIKGFAM78DA,77.09,0.0,0.0,無,0221
名間鄉,土地,南松嶺段164地號,927.91,,一般農業區,農牧用地,1141104,土地1建物0車位0,,,其他,,,,0.0,0,0,0,無,無,4500000,4850,,0.0,0,親友、員工、共有人或其他特殊關係間之交易；,RPPNMLMLKIKGFAM28DA,0.0,0.0,0.0,無,
南投市,房地(土地+建物)+車位,南投縣南投市彰南路三段１２１１巷１８號三樓之８,28.86,住,,,1141126,土地1建物1車位1,三層,七層,華廈(10層含以下有電梯),住家用,鋼筋混凝土造,1141002,127.47,2,2,2,有,有,7840000,74262,坡道平面,38.73,1250000,預售屋、或土地及建物分件登記案件；,RPSNMLNLKIKGFAM68DA,55.63,0.0,2.88,有,
南投市,房地(土地+建物),南投縣南投市成功三路２５１號四樓之１,20.79,,工業區,丁種建築用地,1141116,土地1建物1車位0,四層,六層,華廈(10層含以下有電梯),住家用,鋼筋混凝土造,1140619,96.66,2,2,2,有,有,6300000,65177,,0.0,0,土地價格:129.15萬元，建物價格:500.85萬元其他增建；,RPPNMLOLKIKGFAM48DA,55.94,0.0,6.01,有,
草屯鎮,土地,南坪段880-1地號,66.12,,山坡地保育區,農牧用地,1141129,土地1建物0車位0,,,其他,,,,0.0,0,0,0,無,無,1360000,20569,,0.0,0,,RPPNMLTKKIKGFBM98DA,0.0,0.0,0.0,無,
埔里鎮,房地(土地+建物),南投縣埔里鎮樹人一街８４號,101.6,住,,,1141112,土地1建物1車位0,全,二層,透天厝,住家用,鋼筋混凝土造,0760428,120.88,4,3,3,有,無,9500000,78590,,0.0,0,1.買賣標的物以現況點交給買方使用。2.屋內馬桶漏水之情形由買方自行修繕。,RPQNMLNLKIKGFCM68DA,120.88,0.0,0.0,無,
竹山鎮,房地(土地+建物),南投縣竹山鎮鯉南路２６之２０號,147.0,住,,,1141111,土地2建物1車位0,全,四層,透天厝,住商用,鋼筋混凝土造,1080516,227.46,5,2,6,有,無,16380000,72013,,0.0,0,,RPPNMLRLKIKGFDM09DA,227.46,0.0,0.0,無,0222
竹山鎮,土地,中崎段1076地號,36.49,,特定農業區,農牧用地,1141120,土地1建物0車位0,,,其他,,,,0.0,0,0,0,無,無,320000,8770,,0.0,0,,RPQNMLLMKIKGFDM68DA,0.0,0.0,0.0,無,
水里鄉,房地(土地+建物),南投縣水里鄉南七街３７號,201.74,住,,,1141113,土地1建物1車位0,全,三層,透天厝,住家用,ＳＲＣ,0900525,260.99,6,3,3,有,無,14500000,55558,,0.0,0,其他增建；,RPPNMLTLKIKGFEM76DA,260.99,0.0,0.0,無,
南投市,房地(土地+建物),南投縣南投市彰南路三段２７４巷３２號,94.63,商,,,1141102,土地5建物1車位0,全,四層,透天厝,住商用,鋼筋混凝土造,0850724,181.25,5,2,4,有,無,6800000,37517,,0.0,0,,RPPNMLKMKIKGFAM18DA,174.38,3.79,3.08,無,0223
草屯鎮,房地(土地+建物),南投縣草屯鎮芬草路二段１７２之５號三樓,22.77,,鄉村區,乙種建築用地,1141106,土地1建物1車位0,三層,十二層,住宅大樓(11層含以上有電梯),住家用,鋼筋混凝土造,1051229,93.47,2,2,1,有,有,6800000,72751,,0.0,0,,RPQNMLPKKIKGFBM68DA,54.22,4.72,4.06,有,0224
埔里鎮,土地,牛眠段893地號,3.36,,鄉村區,乙種建築用地,1141125,土地1建物0車位0,,,其他,,,,0.0,0,0,0,無,無,30000,8929,,0.0,0,,RPQNMLKMKIKGFCM48DA,0.0,0.0,0.0,無,
集集鎮,土地,中溝段25地號,75.91,商,,,1141126,土地1建物0車位0,,,其他,,,,0.0,0,0,0,無,無,1519999,20024,,0.0,0,地清或未辦繼承標售；,RPPNMLLMKIKGFEM78EA,0.0,0.0,0.0,無,
南投市,房地(土地+建物),南投縣南投市自強一路３巷８８號,80.52,住,,,1141118,土地1建物1車位0,全,三層,透天厝,住家用,鋼筋混凝土造,1141003,176.09,4,2,5,有,無,12590000,71498,,0.0,0,,RPSNMLSKJIKGFAM98DA,162.85,0.0,13.24,無,
中寮鄉,房地(土地+建物),南投縣中寮鄉永樂路３８之３號,112.34,住,,,1141118,土地2建物1車位0,全,三層,透天厝,住家用,鋼筋混凝土造,0930617,172.6,6,4,6,有,無,6800000,39397,,0.0,0,頂樓加蓋；其他增建；,RPQNMLMKKIKGFAM28DA,164.28,0.0,8.32,有,0225
南投市,土地,福助段419地號,9175.91,,山坡地保育區,農牧用地,1141121,土地16建物0車位0,,,其他,,,,0.0,0,0,0,無,無,78500000,8555,,0.0,0,未登記建物；,RPQNMLTKKIKGFAM98DA,0.0,0.0,0.0,無,0226
名間鄉,房地(土地+建物),南投縣名間鄉彰南路１４３之２０之１０號,1265.34,農,,,1141126,土地10建物1車位0,全,二層,透天厝,住家用,鋼筋混凝土造,1040430,319.17,5,4,5,有,有,28000000,87728,,0.0,0,未登記建物；,RPXNMLOLKIKGFAM66DA,305.69,0.0,13.48,無,0227
南投市,土地,包尾段729-1地號,657.0,農,,,1141105,土地1建物0車位0,,,其他,,,,0.0,0,0,0,無,無,19800000,30137,,0.0,0,未登記建物；,RPQNMLOJJHLGFAM28DA,0.0,0.0,0.0,無,
草屯鎮,土地,頂崁段451地號,2495.58,,特定農業區,農牧用地,1141121,土地2建物0車位0,,,其他,,,,0.0,0,0,0,無,無,20220000,8102,,0.0,0,,RPVNMLKMKIKGFBM88DA,0.0,0.0,0.0,無,
埔里鎮,房地(土地+建物),南投縣埔里鎮西安路一段５３７巷１０２號,100.46,,鄉村區,乙種建築用地,1141107,土地1建物1車位0,全,四層,透天厝,住家用,鋼筋混凝土造,0931013,154.7,4,2,3,有,無,7000000,45249,,0.0,0,陽台外推；其他增建；,RPRNMLPJJHLGFCM68DA,137.83,0.0,16.87,無,
鹿谷鄉,土地,新初鄉段394地號,179.77,,一般農業區,農牧用地,1141110,土地2建物0車位0,,,其他,,,,0.0,0,0,0,無,無,1450842,8071,,0.0,0,含土地增值稅或其他稅費842元；,RPQNMLPJJHLGFDM68DA,0.0,0.0,0.0,無,
南投市,房地(土地+建物)+車位,南投縣南投市振興巷３１號二樓之１,54.2,住,,,1141116,土地1建物1車位1,二層,五層,公寓(5樓含以下無電梯),住家用,鋼筋混凝土造,1130503,124.82000000000001,3,2,2,有,無,8200000,65695,一樓平面,0.0,0,,RPPNMLPJKIKGFAM38DA,77.67,0.0,6.59,無,0228
南投市,土地,施厝坪段310地號,3208.95,,山坡地保育區,農牧用地,1141128,土地3建物0車位0,,,其他,,,,0.0,0,0,0,無,無,1600000,499,,0.0,0,,RPVNMLPJJHLGFAM88DA,0.0,0.0,0.0,無,
國姓鄉,土地,水長流段5029地號,72203.66,,山坡地保育區,農牧用地,1141118,土地21建物0車位0,,,其他,,,,0.0,0,0,0,無,無,6550000,91,,0.0,0,親友、員工、共有人或其他特殊關係間之交易；,RPQNMLPKKIKGFCM78DA,0.0,0.0,0.0,無,
南投市,土地,成功段1339地號,152.33,住,,,1141121,土地1建物0車位0,,,其他,,,,0.0,0,0,0,無,無,7500000,49235,,0.0,0,,RPTNMLMKKIKGFAM58DA,0.0,0.0,0.0,無,0229
南投市,土地,成功段1339-1地號,152.32,住,,,1141121,土地1建物0車位0,,,其他,,,,0.0,0,0,0,無,無,7500000,49238,,0.0,0,,RPPNMLQKKIKGFAM58DA,0.0,0.0,0.0,無,
草屯鎮,土地,新豐段2128地號,170.56,,鄉村區,乙種建築用地,1141107,土地1建物0車位0,,,其他,,,,0.0,0,0,0,無,無,10100000,59217,,0.0,0,,RPQNMLKKJIKGFBM08DA,0.0,0.0,0.0,無,0230
草屯鎮,房地(土地+建物),南投縣草屯鎮太平路二段２４１號,93.12,住,,,1141127,土地1建物1車位0,全,三層,透天厝,住商用,鋼筋混凝土加強磚造,0650110,192.69,4,2,3,有,無,6000000,31138,,0.0,0,親友、員工、共有人或其他特殊關係間之交易；,RPQNMLPJKIKGFBM58DA,192.69,0.0,0.0,無,
埔里鎮,房地(土地+建物),南投縣埔里鎮樹人一街２７號,89.68,住,,,1141114,土地1建物1車位0,全,三層,透天厝,住家用,ＲＣ造,1140529,167.96,4,2,4,有,無,16300000,97047,,0.0,0,,RPVNMLPJJHLGFCM09DA,155.18,0.0,12.78,無,
埔里鎮,房地(土地+建物),南投縣埔里鎮樹人一街３３號,82.61,住,,,1141120,土地1建物1車位0,全,三層,透天厝,住家用,ＲＣ造,1140529,178.6,4,2,4,有,無,16500000,92385,,0.0,0,,RPWNMLPJJHLGFCM56DA,166.5,0.0,12.1,無,
埔里鎮,房地(土地+建物),南投縣埔里鎮英七街６號,17.42,住,,,1141119,土地2建物1車位0,全,二層,透天厝,住商用,鋼筋混凝土造,0740719,17.27,5,3,2,有,無,1250000,72380,,0.0,0,僅購買持分親友、員工、共有人或其他特殊關係間之交易；,RPWNMLQJJHLGFCM66DA,17.27,0.0,0.0,無,0231
竹山鎮,房地(土地+建物),南投縣竹山鎮下橫街１０６巷７號,77.0,住,,,1141129,土地1建物1車位0,全,二層,透天厝,住商用,鋼筋混凝土加強磚造,0671013,83.16,4,3,2,有,無,3100000,37278,,0.0,0,頂樓加蓋；,RPQNMLQJJHLGFDM78DA,83.16,0.0,0.0,無,
名間鄉,土地,外埔段1106地號,1098.33,,特定農業區,甲種建築用地,1141119,土地1建物0車位0,,,其他,,,,0.0,0,0,0,無,無,3660000,3332,,0.0,0,地清或未辦繼承標售；,RPTOMLQJJHLGFAM98EA,0.0,0.0,0.0,無,
名間鄉,土地,埔中段641地號,1423.2,,一般農業區,農牧用地,1141118,土地1建物0車位0,,,其他,,,,0.0,0,0,0,無,無,1138900,800,,0.0,0,地清或未辦繼承標售；,RPUOMLQJJHLGFAM09EA,0.0,0.0,0.0,無,
草屯鎮,房地(土地+建物),南投縣草屯鎮加老東路１７７巷６６之９號,112.44,,特定農業區,甲種建築用地,1141129,土地2建物1車位0,全,三層,透天厝,住家用,鋼筋混凝土造,1131008,173.43,4,2,3,有,無,13880000,80032,,0.0,0,,RPPNMLRJJHLGFBM58DA,173.43,0.0,0.0,無,
埔里鎮,房地(土地+建物),南投縣埔里鎮英七街６號,17.42,住,,,1141119,土地2建物1車位0,全,二層,透天厝,住商用,鋼筋混凝土造,0740719,17.27,5,3,2,有,無,1250000,72380,,0.0,0,僅購買持分親友、員工、共有人或其他特殊關係間之交易；,RPXNMLQJJHLGFCM76DA,17.27,0.0,0.0,無,0231
名間鄉,土地,南田子段156地號,305.0,,鄉村區,乙種建築用地,1141118,土地1建物0車位0,,,其他,,,,0.0,0,0,0,無,無,1135000,3721,,0.0,0,親友、員工、共有人或其他特殊關係間之交易；,RPQNMLTJKIKGFAM88DA,0.0,0.0,0.0,無,
魚池鄉,房地(土地+建物),南投縣魚池鄉文化街１０９號,84.0,住,,,1141130,土地1建物1車位0,全,三層,透天厝,住商用,鋼筋混凝土造,0840505,161.35,6,1,7,有,無,28880000,178990,,0.0,0,其他增建；,RPRNMLKMKIKGFCM58DA,161.35,0.0,0.0,無,
埔里鎮,房地(土地+建物),南投縣埔里鎮東華路３１號,42.03,住,,,1141119,土地1建物1車位0,全,三層,透天厝,住商用,鋼筋混凝土造,0900402,102.34,6,1,3,有,無,10500000,102599,,0.0,0,頂樓加蓋；其他增建；,RPPNMLRJJHLGFCM68DA,102.34,0.0,0.0,無,0233
竹山鎮,房地(土地+建物),南投縣竹山鎮延祥路１６６巷２３號,148.93,住,,,1141106,土地2建物1車位0,全,三層,透天厝,住家用,鋼筋混凝土造,1140612,185.88,4,2,4,有,無,12980000,69830,,0.0,0,,RPQNMLMLKIKGFDM68DA,170.93,0.0,14.95,無,
名間鄉,土地,新弓鞋段390地號,2.38,,一般農業區,水利用地,1141124,土地1建物0車位0,,,其他,,,,0.0,0,0,0,無,無,7800,3277,,0.0,0,地清或未辦繼承標售；,RPPNMLTJJHLGFAM78EA,0.0,0.0,0.0,無,0234
名間鄉,土地,新弓鞋段381地號,38.54,,一般農業區,丙種建築用地,1141124,土地1建物0車位0,,,其他,,,,0.0,0,0,0,無,無,166000,4307,,0.0,0,地清或未辦繼承標售；,SPPNMLTJJHLGFAM88EA,0.0,0.0,0.0,無,0235
名間鄉,土地,新弓鞋段386地號,8.65,,一般農業區,丙種建築用地,1141124,土地1建物0車位0,,,其他,,,,0.0,0,0,0,無,無,38600,4462,,0.0,0,地清或未辦繼承標售；,TPPNMLTJJHLGFAM98EA,0.0,0.0,0.0,無,0236
中寮鄉,房地(土地+建物),南投縣中寮鄉永平路３７９之４５號,115.45,,鄉村區,乙種建築用地,1141126,土地2建物1車位0,全,三層,透天厝,住家用,鋼筋混凝土造,1140102,152.88,4,2,3,有,無,9800000,64103,,0.0,0,土地價款：新臺幣壹佰玖拾陸萬元整。      建物價款：新臺幣柒佰捌拾肆萬元整。,RPPNMLPKKIKGFAM48DA,146.28,0.0,6.6,無,
草屯鎮,土地,草鞋墩段826-1地號,303.93,住,,,1141118,土地1建物0車位0,,,其他,,,,0.0,0,0,0,無,無,16500000,54289,,0.0,0,826-1地號上鋼架造平房一併點交買方。,RPQNMLTJJHLGFBM88DA,0.0,0.0,0.0,無,
水里鄉,土地,水里段74地號,118.0,住,,,1141125,土地2建物0車位0,,,其他,,,,0.0,0,0,0,無,無,926000,7847,,0.0,0,地清或未辦繼承標售；,RPPNMLTJJHLGFEM56EA,0.0,0.0,0.0,無,
埔里鎮,土地,忠實段342-1地號,712.67,,特定農業區,丁種建築用地,1141111,土地8建物0車位0,,,其他,,,,0.0,0,0,0,無,無,18351255,25750,,0.0,0,政府機關標讓售；,RPPNMLMKJHLGFCM28DA,0.0,0.0,0.0,無,
竹山鎮,房地(土地+建物),南投縣竹山鎮中正巷２７之５１號,146.23,住,,,1141121,土地3建物1車位0,全,四層,透天厝,住家用,鋼筋混凝土造,0840810,211.66,5,2,3,有,無,4850000,22914,,0.0,0,其他增建；,RPSNMLNJKIKGFDM78DA,186.68,6.8,18.18,無,0237
水里鄉,土地,下城段1173地號,4522.25,,特定農業區,農牧用地,1141104,土地2建物0車位0,,,其他,,,,0.0,0,0,0,無,無,4000000,885,,0.0,0,,RPPNMLOJJIKGFEM58DA,0.0,0.0,0.0,無,
水里鄉,土地,北埔段43-1地號,206.11,住,,,1141121,土地2建物0車位0,,,其他,,,,0.0,0,0,0,無,無,7680000,37262,,0.0,0,,RPPNMLPLJIKGFEM88DA,0.0,0.0,0.0,無,0238
南投市,土地,成功段1254地號,155.42,住,,,1141121,土地1建物0車位0,,,其他,,,,0.0,0,0,0,無,無,8800000,56621,,0.0,0,,RPOOMLPLJIKGFAM48DA,0.0,0.0,0.0,無,0239
南投市,房地(土地+建物),南投縣南投市營北路２９５巷２８弄３０號,75.27,住,,,1141112,土地1建物1車位0,全,二層,透天厝,住家用,鋼筋混凝土加強磚造,0680420,89.3,4,2,3,有,無,6980000,78163,,0.0,0,其他增建:頂樓、防火巷,RPSNMLSJKIKGFAM98DA,89.3,0.0,0.0,無,0240
草屯鎮,房地(土地+建物),南投縣草屯鎮登輝路２１７之５號二樓之２,41.7,住,,,1141124,土地1建物1車位0,二層,五層,華廈(10層含以下有電梯),住家用,鋼筋混凝土造,1140502,121.45,3,2,2,有,有,9200000,75751,,0.0,0,,RPSNMLNKJHLGFBM58DA,72.01,0.0,7.28,有,
埔里鎮,房地(土地+建物),南投縣埔里鎮中正路９８６之１６號,98.34,,特定農業區,甲種建築用地,1141104,土地3建物1車位0,全,三層,透天厝,住家用,ＲＣ造,1140905,167.95,3,2,4,有,無,14357000,85484,,0.0,0,含傢俱設備費；,RPRNMLOKJHLGFCM68DA,143.49,0.0,24.46,無,
集集鎮,房地(土地+建物),南投縣集集鎮民生路３之３０號,73.74,住,,,1141125,土地1建物1車位0,全,三層,透天厝,住家用,鋼筋混凝土造,0830503,106.47,3,2,2,有,無,3500000,32873,,0.0,0,其他增建；,RPQNMLMJJHLGFEM48DA,106.47,0.0,0.0,無,
南投市,房地(土地+建物),南投縣南投市成功三路二街１１１號,108.27,住,,,1141111,土地1建物1車位0,全,三層,透天厝,住家用,鋼筋混凝土造,0791222,139.76,4,2,3,有,無,8600000,61534,,0.0,0,,RPQNMLSJJHLGFAM68DA,139.76,0.0,0.0,無,
埔里鎮,房地(土地+建物),南投縣埔里鎮蘭陽街１４巷５弄１２號,67.14,,鄉村區,乙種建築用地,1141130,土地3建物1車位0,全,三層,透天厝,住家用,加強磚造,0730611,155.33,3,2,2,有,無,3100000,19958,,0.0,0,含土地增值稅或其他稅費；含仲介費；含地政士服務費；其他；,RPSNMLMKJHLGFCM58DA,155.33,0.0,0.0,無,
名間鄉,土地,新光段937地號,2073.78,,一般農業區,農牧用地,1141129,土地1建物0車位0,,,其他,,,,0.0,0,0,0,無,無,4200000,2025,,0.0,0,,RPVNMLNLKIKGFAM98DA,0.0,0.0,0.0,無,
草屯鎮,房地(土地+建物),南投縣草屯鎮加老路５８巷２５號,126.9,,鄉村區,乙種建築用地,1141130,土地2建物1車位0,全,四層,透天厝,住家用,鋼筋混凝土造,1140327,255.17000000000002,5,3,6,有,有,24600000,96406,,0.0,0,,RPQNMLMKJHLGFBM28DA,232.85,0.0,21.71,有,
魚池鄉,土地,新興段621地號,123.0,,山坡地保育區,農牧用地,1141125,土地1建物0車位0,,,其他,,,,0.0,0,0,0,無,無,55000,447,,0.0,0,地清或未辦繼承標售；,RPUNMLQKJHLGFCM56DA,0.0,0.0,0.0,無,
埔里鎮,房地(土地+建物),南投縣埔里鎮青田街１０８號,76.09,住,,,1141103,土地1建物1車位0,全,三層,透天厝,住商用,鋼筋混凝土造,0830616,194.8,5,2,3,有,無,12200000,62628,,0.0,0,頂樓加蓋；含租約；,RPQNMLTKJHLGFCM09DA,175.76,4.13,14.91,無,0241
名間鄉,土地,竹圍段612地號,1980.85,,一般農業區,農牧用地,1141130,土地1建物0車位0,,,其他,,,,0.0,0,0,0,無,無,750000,379,,0.0,0,,RPUNMLMKJHLGFAM58DA,0.0,0.0,0.0,無,
草屯鎮,房地(土地+建物),南投縣草屯鎮芬草路二段６００巷６號,92.94,,鄉村區,乙種建築用地,1141129,土地1建物1車位0,全,四層,透天厝,住家用,鋼筋混凝土造,0920225,181.18,4,2,3,有,無,9850000,54366,,0.0,0,,RPPNMLLMKIKGFBM38DA,157.9,0.0,23.28,無,0242
竹山鎮,土地,延豐段902地號,1915.45,,山坡地保育區,農牧用地,1141101,土地1建物0車位0,,,其他,,,,0.0,0,0,0,無,無,1000000,522,,0.0,0,,RPSNMLPJJHLGFDM88DA,0.0,0.0,0.0,無,
南投市,房地(土地+建物),南投縣南投市平山一路一街６５巷２２號,120.0,住,,,1141113,土地1建物1車位0,全,四層,透天厝,住家用,鋼筋混凝土造,1130513,309.92,7,2,8,有,無,24000000,77439,,0.0,0,,RPPNMLNLJIKGFAM28DA,282.84,0.0,27.08,有,
竹山鎮,房地(土地+建物),南投縣竹山鎮和育巷２３５號,83.4,住,,,1141129,土地1建物1車位0,全,二層,透天厝,住商用,鋼筋混凝土加強磚造,0681219,108.36,5,3,2,有,無,3800000,35068,,0.0,0,其他增建；,RPSNMLLLJHLGFDM68DA,108.36,0.0,0.0,無,
草屯鎮,房地(土地+建物),南投縣草屯鎮立人路７６３巷１８號,77.91,,鄉村區,乙種建築用地,1141107,土地1建物1車位0,全,三層,透天厝,住家用,鋼筋混凝土造,0871030,156.32,4,2,3,有,無,8800000,56295,,0.0,0,其他增建；,RPSNMLMKKIKGFBM58DA,137.63,6.23,12.46,無,
南投市,房地(土地+建物),南投縣南投市成功二路９巷５弄６號,100.61,住,,,1141122,土地2建物1車位0,全,四層,透天厝,住家用,鋼筋混凝土造,1130627,269.44,4,3,6,有,無,18800000,69774,,0.0,0,,RPWNMLOLKIKGFAM56DA,250.41,0.0,19.03,有,
竹山鎮,土地,延豐段822地號,5508.17,,山坡地保育區,農牧用地,1141101,土地2建物0車位0,,,其他,,,,0.0,0,0,0,無,無,1100000,200,,0.0,0,,RPPNMLNKJHLGFDM48DA,0.0,0.0,0.0,無,
竹山鎮,房地(土地+建物),南投縣竹山鎮集山路三段１１９８號,436.0,住,,,1141106,土地1建物1車位0,全,二層,透天厝,辦公用,鋼筋混凝土加強磚造,0490601,274.0,8,2,2,有,無,13000000,47445,,0.0,0,二親等間買賣親友、員工、共有人或其他特殊關係間之交易；其他增建；,RPPNMLNLJHLGFDM58DA,274.0,0.0,0.0,無,0243
竹山鎮,土地,中正段320地號,590.0,商,,,1141106,土地1建物0車位0,,,其他,,,,0.0,0,0,0,無,無,19800000,33559,,0.0,0,,RPPNMLQLJHLGFDM98EA,0.0,0.0,0.0,無,0244
南投市,房地(土地+建物),南投縣南投市南陽路４８８巷７號,143.8,住,,,1141107,土地5建物1車位0,全,四層,透天厝,住家用,鋼筋混凝土造,1080528,253.57,4,3,5,有,無,20250000,79860,,0.0,0,,RPPNMLMLJHLGFAM18DA,238.73,0.0,14.84,有,
草屯鎮,房地(土地+建物)+車位,南投縣草屯鎮碧山路３４６號十樓之１,25.32,住,,,1141130,土地1建物1車位1,十層,十層,華廈(10層含以下有電梯),住家用,鋼筋混凝土造,0800920,161.82999999999998,4,2,2,有,有,6120000,37817,坡道機械,0.0,0,,RPTNMLOJKIKGFBM78DA,108.56,0.0,19.3,有,
草屯鎮,房地(土地+建物),南投縣草屯鎮成功路一段５００號,141.0,都市：其他:倉儲區,,,1141106,土地1建物1車位0,全,一層,透天厝,其他,鋼骨造有牆,1051213,23.98,2,1,1,有,無,11400000,475396,,0.0,0,其他增建；,RPSNMLRJJHLGFBM88DA,23.98,0.0,0.0,無,0245
草屯鎮,房地(土地+建物),南投縣草屯鎮草溪路７４７巷１６３號,3320.0,農,,,1141106,土地2建物1車位0,全,三層,透天厝,農業用,鋼筋混凝土造,0951222,401.63,7,3,7,有,無,54000000,134452,,0.0,0,其他增建；,RPQNMLSJJHLGFBM78DA,401.63,0.0,0.0,無,
名間鄉,房地(土地+建物),南投縣名間鄉小崎巷４７弄２號,150.01,住,,,1141128,土地2建物1車位0,全,三層,透天厝,住家用,鋼筋混凝土造,1110307,145.91,5,2,3,有,無,13000000,89096,,0.0,0,,RPTNMLQLJHLGFAM98DA,137.74,0.0,8.17,無,0246
草屯鎮,房地(土地+建物),南投縣草屯鎮碧山路３４１巷５號,76.0,住,,,1141120,土地1建物1車位0,全,三層,透天厝,住家用,鋼筋混凝土造,0700429,149.85,4,2,3,有,無,3000000,20020,,0.0,0,親友、員工、共有人或其他特殊關係間之交易；,RPPNMLLKKIKGFBM18DA,136.65,0.0,13.2,無,0247
南投市,房地(土地+建物)+車位,南投縣南投市嘉和一路２９１之２號五樓,20.29,住,,,1141106,土地1建物1車位1,五層,七層,華廈(10層含以下有電梯),住家用,鋼筋混凝土造,0840501,122.63999999999999,3,2,2,有,有,4600000,37508,坡道平面,0.0,0,,RPUNMLSLJHLGFAM66DA,78.46,0.0,7.86,有,0248
草屯鎮,房地(土地+建物),南投縣草屯鎮自由街５５號九樓之１０,9.68,商,,,1141128,土地1建物1車位0,九層,十二層,住宅大樓(11層含以上有電梯),住家用,鋼筋混凝土造,0840927,118.1,3,2,2,有,有,5600000,47417,,0.0,0,,RPRNMLQLJHLGFBM88DA,80.82,0.0,6.54,有,0249
仁愛鄉,建物,南投縣仁愛鄉仁和路２０７之７號,0.0,,,,1141126,土地0建物1車位0,全,一層,透天厝,農業用,鋼骨造,1120117,693.02,0,0,0,無,無,16000000,23087,,0.0,0,本案僅建物買賣；建物坐落地號：松岡段793-12地號；,RPPOMLOJKIKGFCM58DA,693.02,0.0,0.0,無,0250
竹山鎮,房地(土地+建物),南投縣竹山鎮民生巷５７之８３號,77.4,,鄉村區,乙種建築用地,1141130,土地1建物1車位0,全,四層,透天厝,住家用,鋼筋混凝土造,0830718,193.36,4,2,3,有,無,3600000,18618,,0.0,0,,RPRNMLMLKIKGFDM78DA,168.02,7.4,17.94,無,
名間鄉,土地,名山段115地號,44.15,,特定農業區,水利用地,1141125,土地1建物0車位0,,,其他,,,,0.0,0,0,0,無,無,75168,1703,,0.0,0,,RPPNMLKMJHLGFAM18EA,0.0,0.0,0.0,無,0251
草屯鎮,土地,草屯段322-2地號,33.08,住,,,1141128,土地1建物0車位0,,,其他,,,,0.0,0,0,0,無,無,1502000,45405,,0.0,0,地清或未辦繼承標售；,RPPNMLKMJHLGFBM28EA,0.0,0.0,0.0,無,0252
草屯鎮,土地,草屯段322-2地號,66.52,住,,,1141128,土地1建物0車位0,,,其他,,,,0.0,0,0,0,無,無,3011000,45265,,0.0,0,地清或未辦繼承標售；,RPQNMLKMJHLGFBM38EA,0.0,0.0,0.0,無,0252
草屯鎮,房地(土地+建物),南投縣草屯鎮敦和路２１之２３號,104.0,都市：其他:倉儲區,,,1141111,土地1建物1車位0,全,一層,透天厝,住家用,鋼筋混凝土加強磚造,0620501,54.43,2,1,1,有,無,4000000,73489,,0.0,0,親友、員工、共有人或其他特殊關係間之交易；,RPOOMLNLJHLGFBM38DA,54.43,0.0,0.0,無,
竹山鎮,土地,新大坑段674地號,3139.69,,山坡地保育區,農牧用地,1141113,土地1建物0車位0,,,其他,,,,0.0,0,0,0,無,無,2500000,796,,0.0,0,,RPPNMLNJKHLGFDM48DA,0.0,0.0,0.0,無,
草屯鎮,土地,日新段807-8地號,2351.08,工,,,1141120,土地2建物0車位0,,,其他,,,,0.0,0,0,0,無,無,130000000,55294,,0.0,0,,RPQNMLKMKIKGFBM38DA,0.0,0.0,0.0,無,0254
魚池鄉,土地,東池段273地號,630.5,農,,,1141103,土地9建物0車位0,,,其他,,,,0.0,0,0,0,無,無,400000,634,,0.0,0,親友、員工、共有人或其他特殊關係間之交易；,RPRNMLQLJHLGFCM98DA,0.0,0.0,0.0,無,0255
埔里鎮,房地(土地+建物),南投縣埔里鎮中正路１００４巷２２號,118.96,,特定農業區,甲種建築用地,1141127,土地2建物1車位0,全,三層,透天厝,住家用,鋼筋混凝土造,1080319,145.53,4,1,3,有,無,13500000,92764,,0.0,0,,RPPNMLMJKHLGFCM28DA,145.53,0.0,0.0,無,0256
埔里鎮,房地(土地+建物)+車位,南投縣埔里鎮北平街１３６號十二樓之２,26.0,商,,,1141115,土地1建物1車位3,十二層,十四層,住宅大樓(11層含以上有電梯),住家用,ＲＣ造,1140818,229.8,4,2,2,有,有,17880000,91696,坡道平面,77.34,3900000,,RPRNMLSLJHLGFCM56DA,94.43,0.0,8.04,有,
埔里鎮,土地,育英段162地號,396.29,都市：其他:道路用地,,,1141117,土地3建物0車位0,,,其他,,,,0.0,0,0,0,無,無,3600000,9084,,0.0,0,,RPRNMLQJKHLGFCM88DA,0.0,0.0,0.0,無,0257
竹山鎮,房地(土地+建物),南投縣竹山鎮集山路三段１７５巷３７號四樓之３,35.29,住,,,1141106,土地1建物1車位0,四層,七層,華廈(10層含以下有電梯),住家用,鋼筋混凝土造,1140306,83.8,2,1,2,有,有,5160000,61575,,0.0,0,,RPRNMLQJKHLGFDM98DA,61.28,0.0,6.16,有,
南投市,房地(土地+建物),南投縣南投市彰南路三段８８０巷８弄２０號,80.2,農,,,1141105,土地4建物1車位0,全,四層,透天厝,住家用,鋼筋混凝土造,1130621,185.09,3,2,5,有,有,11380000,61484,,0.0,0,,RPUNMLTLJHLGFAM76DA,160.53,0.0,24.56,無,
南投市,土地,福溪段691地號,700.0,,一般農業區,農牧用地,1141105,土地1建物0車位0,,,其他,,,,0.0,0,0,0,無,無,4480000,6400,,0.0,0,,RPUNMLQKKIKGFAM09DA,0.0,0.0,0.0,無,
南投市,土地,福德段440地號,1164.79,,一般農業區,農牧用地,1141104,土地1建物0車位0,,,其他,,,,0.0,0,0,0,無,無,7751480,6655,,0.0,0,,RPTNMLSKKIKGFAM56DA,0.0,0.0,0.0,無,
南投市,土地,福德段443地號,2624.21,,一般農業區,農牧用地,1141105,土地3建物0車位0,,,其他,,,,0.0,0,0,0,無,無,17463820,6655,,0.0,0,,RPRNMLQJJHLGFAM58DA,0.0,0.0,0.0,無,0258
中寮鄉,土地,樟平段645-1地號,2600.15,,山坡地保育區,農牧用地,1141127,土地1建物0車位0,,,其他,,,,0.0,0,0,0,無,無,3500000,1346,,0.0,0,,RPQNMLMJKHLGFAM18DA,0.0,0.0,0.0,無,
名間鄉,土地,虎子坑段663地號,5918.46,,特定農業區,農牧用地,1141110,土地1建物0車位0,,,其他,,,,0.0,0,0,0,無,無,7920000,1338,,0.0,0,親友、員工、共有人或其他特殊關係間之交易；農作物；,RPPNMLOLKHLGFAM48DA,0.0,0.0,0.0,無,
草屯鎮,房地(土地+建物)+車位,南投縣草屯鎮中正路３８３之１８號四樓,29.25,,鄉村區,乙種建築用地,1141111,土地1建物1車位1,四層,五層,華廈(10層含以下有電梯),住家用,鋼筋混凝土造,1141107,99.15,3,2,2,有,有,8400000,84720,一樓平面,0.0,0,,RPQNMLRLJHLGFBM88DA,51.15,0.0,6.72,有,
中寮鄉,房地(土地+建物),南投縣中寮鄉龍南路１００之３號,101.86,,山坡地保育區,農牧用地,1141118,土地1建物1車位0,全,二層,透天厝,農業用,加強磚造,0760127,114.09,4,2,2,有,無,350000,3068,,0.0,0,,RPQNMLOKJHLGFAM48EA,105.89,0.0,8.2,無,
草屯鎮,土地,新將軍段912地號,2235.73,,特定農業區,農牧用地,1141008,土地7建物0車位0,,,其他,,,,0.0,0,0,0,無,無,2200000,984,,0.0,0,農作物；,RPRNMLSJKIKGFBM98DA,0.0,0.0,0.0,無,
埔里鎮,房地(土地+建物)+車位,南投縣埔里鎮南安路７６８號四樓之２,32.91,住,,,1141019,土地1建物1車位1,四層,十三層,住宅大樓(11層含以上有電梯),住家用,鋼筋混凝土造,1080719,183.58,3,2,2,有,有,11700000,63732,坡道平面,29.76,0,社區名稱 : 漸湛居然,RPVNMLMJKIKGFCM88DA,95.76,0.0,9.92,有,0259
竹山鎮,土地,新福興段267地號,835.71,,山坡地保育區,農牧用地,1141030,土地1建物0車位0,,,其他,,,,0.0,0,0,0,無,無,500000,598,,0.0,0,親友、員工、共有人或其他特殊關係間之交易；,RPPNMLOLJIKGFDM78EA,0.0,0.0,0.0,無,
名間鄉,房地(土地+建物),南投縣名間鄉員集路４６巷４７之４號,38.87,住,,,1141003,土地1建物1車位0,全,四層,透天厝,住家用,鋼筋混凝土造,0850503,113.75,3,1,4,有,無,4900000,43077,,0.0,0,,RPPNMLSJKIKGFAM68DA,94.76,8.19,10.8,無,0260
竹山鎮,房地(土地+建物),南投縣竹山鎮大明路３０８號,89.0,住,,,1141028,土地2建物1車位0,全,二層,透天厝,住商用,鋼筋混凝土造,0720721,107.5,2,1,2,有,無,5500000,51163,,0.0,0,其他增建；,RPPNMLTJKIKGFDM09DA,100.0,0.0,7.5,無,
草屯鎮,房地(土地+建物),南投縣草屯鎮忠孝街３５０號,78.0,住,,,1141011,土地1建物1車位0,全,五層,透天厝,住商用,鋼筋混凝土造,0861128,243.61,7,3,4,有,有,19000000,77994,,0.0,0,,RPRNMLLKKIKGFBM38DA,214.57,0.0,29.04,有,0261
竹山鎮,土地,前山段332-2地號,19.83,,特定農業區,農牧用地,1141025,土地1建物0車位0,,,其他,,,,0.0,0,0,0,無,無,150000,7564,,0.0,0,,RPPNMLMKKIKGFDM48DA,0.0,0.0,0.0,無,
埔里鎮,土地,桃源段18地號,3859.0,,山坡地保育區,農牧用地,1141028,土地2建物0車位0,,,其他,,,,0.0,0,0,0,無,無,32000000,8292,,0.0,0,親友、員工、共有人或其他特殊關係間之交易；,RPWNMLMJKIKGFCM98DA,0.0,0.0,0.0,無,
草屯鎮,土地,將軍段39地號,2041.37,,特定農業區,農牧用地,1141007,土地1建物0車位0,,,其他,,,,0.0,0,0,0,無,無,12500000,6123,,0.0,0,,RPSNMLNJJIKGFBM48DA,0.0,0.0,0.0,無,0262
仁愛鄉,土地,華岡段99-32地號,244.0,,山坡地保育區,農牧用地,1141007,土地1建物0車位0,,,其他,,,,0.0,0,0,0,無,無,300000,1230,,0.0,0,,RPPNMLKKKIKGFCM18DA,0.0,0.0,0.0,無,
名間鄉,土地,南松嶺段1007-1地號,954.02,,一般農業區,丙種建築用地,1141025,土地2建物0車位0,,,其他,,,,0.0,0,0,0,無,無,7000000,7337,,0.0,0,南松嶺段1007-1地號金額350萬南松嶺段1007-3地號金額350萬,RPPNMLOJKIKGFAM38EA,0.0,0.0,0.0,無,
草屯鎮,房地(土地+建物),南投縣草屯鎮史路３５０之１號三樓,31.0,,鄉村區,乙種建築用地,1141023,土地1建物1車位0,三層,四層,華廈(10層含以下有電梯),住家用,鋼筋混凝土造,1131119,82.75999999999999,2,1,1,有,有,5200000,62832,,0.0,0,陽台外推；其他增建；,RPXNMLQLJIKGFBM86DA,58.08,0.0,5.57,有,
草屯鎮,房地(土地+建物),南投縣草屯鎮富春路６６巷８號,106.27,住,,,1141018,土地3建物1車位0,一層，二層，三層，見其他登記事項,五層,公寓(5樓含以下無電梯),住家用,鋼筋混凝土造,1120601,179.61,4,3,5,有,有,18000000,100217,,0.0,0,其他增建；,RPQNMLSJKIKGFBM88DA,164.59,0.0,15.02,無,0263
竹山鎮,土地,埔頭段148地號,117.0,住,,,1141014,土地1建物0車位0,,,其他,,,,0.0,0,0,0,無,無,3539000,30248,,0.0,0,,RPSNMLPKKIKGFDM09DA,0.0,0.0,0.0,無,
水里鄉,房地(土地+建物),南投縣水里鄉民族路６１號,83.0,住,,,1141026,土地1建物1車位0,全,三層,透天厝,住商用,鋼筋混凝土加強磚造,0701009,170.1,6,2,3,有,無,4700000,27631,,0.0,0,,RPPNMLNJKIKGFEM58DA,170.1,0.0,0.0,無,
草屯鎮,房地(土地+建物),南投縣草屯鎮虎山路７１４巷１號,50.57,住,,,1141004,土地1建物1車位0,全,二層,透天厝,住家用,鋼筋混凝土加強磚造,0630826,78.63,2,1,1,有,無,3950000,50235,,0.0,0,其他增建；,RPUNMLTKJIKGFBM76DA,78.63,0.0,0.0,無,
南投市,房地(土地+建物),南投縣南投市仁義南路２８巷６號,104.18,住,,,1141030,土地2建物1車位0,全,四層,透天厝,住家用,鋼筋混凝土造,0830420,212.74,4,2,3,有,無,13200000,62048,,0.0,0,其他增建；,RPQNMLQLJIKGFAM68DA,204.85,1.44,6.45,無,
魚池鄉,房地(土地+建物),南投縣魚池鄉銃櫃巷６０之１號,1343.0,,一般農業區,甲種建築用地,1141014,土地2建物1車位0,全,三層,透天厝,住家用,鋼筋混凝土造,1050223,679.27,11,2,10,有,無,38800000,57120,,0.0,0,,RPQNMLQKIIKGFCM68DA,624.4,0.0,54.87,無,
埔里鎮,土地,南興段765地號,96.01,住,,,1141017,土地4建物0車位0,,,其他,,,,0.0,0,0,0,無,無,14700000,153109,,0.0,0,未登記建物；,RPQNMLMKJIKGFCM38DA,0.0,0.0,0.0,無,
埔里鎮,房地(土地+建物),南投縣埔里鎮中正路１１２之５號,42.25,,鄉村區,乙種建築用地,1141029,土地1建物1車位0,全,二層,透天厝,住家用,加強磚造,0690613,69.11,5,2,2,有,無,2600000,37621,,0.0,0,親友、員工、共有人或其他特殊關係間之交易；,RPSNMLQKKIKGFCM09DA,69.11,0.0,0.0,無,
埔里鎮,土地,一新段859地號,3950.84,,山坡地保育區,農牧用地,1141029,土地1建物0車位0,,,其他,,,,0.0,0,0,0,無,無,2800000,709,,0.0,0,本出售標的包含:雜木林,RPPNMLSKKIKGFCM98DA,0.0,0.0,0.0,無,
中寮鄉,土地,新後寮段1024地號,290.95,,鄉村區,乙種建築用地,1141001,土地1建物0車位0,,,其他,,,,0.0,0,0,0,無,無,600000,2062,,0.0,0,親友、員工、共有人或其他特殊關係間之交易；未登記建物；,RPWNMLNJIIKGFAM68DA,0.0,0.0,0.0,無,
水里鄉,房地(土地+建物),南投縣水里鄉永樂巷１００號,1039.26,,山坡地保育區,農牧用地,1141028,土地1建物1車位0,全,一層,透天厝,農業用,鋼骨造有牆,1071211,19.8,1,1,1,有,無,4200000,212121,,0.0,0,其他增建；農業設施；,RPQNMLPKKIKGFEM98DA,19.8,0.0,0.0,無,0264
埔里鎮,房地(土地+建物),南投縣埔里鎮大城路３１之５號,90.15,住,,,1141031,土地1建物1車位0,全,三層,透天厝,住商用,鋼骨鋼筋混凝土造,0900706,182.0,5,3,3,有,無,15000000,82418,,0.0,0,頂樓加蓋；其他增建；,RPRNMLMLKIKGFCM68DA,182.0,0.0,0.0,無,
埔里鎮,土地,竹圍段659-11地號,252.08,農,,,1141026,土地3建物0車位0,,,其他,,,,0.0,0,0,0,無,無,4100000,16265,,0.0,0,農作物；,RPUNMLRKKIKGFCM76DA,0.0,0.0,0.0,無,0265
埔里鎮,房地(土地+建物),南投縣埔里鎮西安路三段２０４巷９弄５號,307.34,,鄉村區,乙種建築用地,1141023,土地1建物1車位0,全,二層,透天厝,住家用,鋼筋混凝土造,1070425,242.37,5,1,6,有,無,18900000,77980,,0.0,0,,RPQNMLTLKIKGFCM66DA,231.38,0.0,10.99,無,
中寮鄉,土地,義民段1006地號,96.33,住,,,1141031,土地1建物0車位0,,,其他,,,,0.0,0,0,0,無,無,2400000,24914,,0.0,0,,RPSNMLMJKIKGFAM38DA,0.0,0.0,0.0,無,0266
草屯鎮,房地(土地+建物)+車位,南投縣草屯鎮新富二街５０號六樓之２,20.7,住,,,1141025,土地1建物1車位1,六層,十一層,住宅大樓(11層含以上有電梯),住家用,鋼筋混凝土造,1070806,114.22,2,2,1,有,有,8890000,77832,坡道平面,0.0,0,,RPPNMLQLKIKGFBM78DA,54.27,0.0,6.49,有,0267
竹山鎮,房地(土地+建物),南投縣竹山鎮延和巷２６之４８號,121.66,住,,,1141020,土地2建物1車位0,全,三層,透天厝,住家用,鋼筋混凝土造,1020507,180.85,5,2,4,有,無,10150000,56124,,0.0,0,其他增建；,RPRNMLOKJIKGFDM78DA,172.47,0.0,8.38,無,0268
竹山鎮,土地,瑞山段239地號,2600.0,,山坡地保育區,農牧用地,1141027,土地1建物0車位0,,,其他,,,,0.0,0,0,0,無,無,3120000,1200,,0.0,0,,RPPNMLOLKIKGFDM78DA,0.0,0.0,0.0,無,
竹山鎮,土地,瑞山段239-1地號,3004.08,,山坡地保育區,農牧用地,1141027,土地1建物0車位0,,,其他,,,,0.0,0,0,0,無,無,3600000,1198,,0.0,0,,RPQNMLOLKIKGFDM88DA,0.0,0.0,0.0,無,
竹山鎮,土地,瑞山段239-2地號,3004.08,,山坡地保育區,農牧用地,1141027,土地1建物0車位0,,,其他,,,,0.0,0,0,0,無,無,3600000,1198,,0.0,0,,RPRNMLOLKIKGFDM98DA,0.0,0.0,0.0,無,
竹山鎮,土地,瑞山段237地號,682.0,,山坡地保育區,交通用地,1141027,土地1建物0車位0,,,其他,,,,0.0,0,0,0,無,無,210000,308,,0.0,0,,RPSNMLOLKIKGFDM09DA,0.0,0.0,0.0,無,
竹山鎮,土地,瑞山段230地號,750.04,,山坡地保育區,農牧用地,1141027,土地1建物0車位0,,,其他,,,,0.0,0,0,0,無,無,960000,1280,,0.0,0,,RPTNMLOLKIKGFDM56DA,0.0,0.0,0.0,無,
名間鄉,土地,新厝段354地號,388.65,,鄉村區,乙種建築用地,1141004,土地4建物0車位0,,,其他,,,,0.0,0,0,0,無,無,5500000,14152,,0.0,0,,RPSNMLQKKIKGFAM88DA,0.0,0.0,0.0,無,0269
草屯鎮,房地(土地+建物),南投縣草屯鎮正榮街１５０號,109.0,住,,,1141028,土地1建物1車位0,全,二層,透天厝,住家用,加強磚造,0760713,163.75,4,2,3,有,無,10660000,65099,,0.0,0,頂樓加蓋；夾層；其他增建；,RPSNMLPJKIKGFBM78DA,156.01,0.0,7.74,無,
竹山鎮,房地(土地+建物),南投縣竹山鎮雲林新村２３號,85.89,住,,,1141001,土地1建物1車位0,全,二層,透天厝,住商用,鋼筋混凝土加強磚造,0720427,99.3,3,2,2,有,無,4200000,42296,,0.0,0,頂樓加蓋；其他增建；,RPTNMLOKJIKGFDM98DA,99.3,0.0,0.0,無,0270
南投市,房地(土地+建物),南投縣南投市中興路２４７之９號,72.68,,鄉村區,乙種建築用地,1141006,土地2建物1車位0,全,三層,透天厝,住商用,鋼筋混凝土造,0830331,183.33,7,2,4,有,無,8080000,44074,,0.0,0,其他增建；,RPVNMLOLKIKGFAM09DA,178.03,0.0,5.3,無,
南投市,房地(土地+建物),南投縣南投市吉利路３９９巷４４號,181.13,,山坡地保育區,丙種建築用地,1141011,土地1建物1車位0,全,一層,透天厝,住家用,鋼筋混凝土加強磚造,0691200,82.38,5,2,1,有,無,5050000,61301,,0.0,0,其他增建：壹樓空地其他增建；,RPPNMLSKKIKGFAM78DA,82.38,0.0,0.0,無,
信義鄉,土地,同富段324地號,84.0,,鄉村區,乙種建築用地,1141007,土地1建物0車位0,,,其他,,,,0.0,0,0,0,無,無,1775000,21131,,0.0,0,,RPPNMLPJJHLGFEM68DA,0.0,0.0,0.0,無,
南投市,房地(土地+建物),南投縣南投市信義街１５２巷２９之１２號,69.0,住,,,1141020,土地1建物1車位0,全,二層,透天厝,住商用,鋼筋混凝土加強磚造,0700601,81.84,3,2,2,有,無,6080000,74291,,0.0,0,頂樓加蓋；未登記建物；,RPQNMLNLKIKGFAM48DA,81.84,0.0,0.0,無,
南投市,房地(土地+建物)+車位,南投縣南投市華陽路８２巷２３弄３２號,92.43,農,,,1141007,土地3建物1車位1,全,四層,透天厝,住家用,鋼筋混凝土造,1140616,182.1,3,2,5,有,無,17680000,97090,一樓平面,0.0,0,,RPPNMLTJJHLGFAM68DA,182.1,0.0,0.0,無,
埔里鎮,土地,牛眠段700地號,7990.89,,特定農業區,農牧用地,1141017,土地3建物0車位0,,,其他,,,,0.0,0,0,0,無,無,55000000,6883,,0.0,0,,RPQNMLKKKIKGFCM28DA,0.0,0.0,0.0,無,
南投市,房地(土地+建物),南投縣南投市彰南路三段５３２巷５３號,65.02,,,,1141028,土地1建物1車位0,全,二層,透天厝,住商用,鋼筋混凝土加強磚造,0690123,94.04,5,2,2,有,無,5000000,53169,,0.0,0,其他增建；,RPXNMLTJJHLGFAM86DA,94.04,0.0,0.0,無,
埔里鎮,房地(土地+建物),南投縣埔里鎮大同街８巷７號,103.84,農,,,1141031,土地2建物1車位0,全,四層,透天厝,住家用,鋼筋混凝土造,0940512,200.47,4,2,3,有,無,10700000,53375,,0.0,0,其他增建；,RPVNMLTLKIKGFCM17DA,182.07,0.0,18.4,無,0271
埔里鎮,房地(土地+建物),南投縣埔里鎮中正路９８６之１２號,97.46,,特定農業區,甲種建築用地,1141006,土地3建物1車位0,全,三層,透天厝,住家用,ＲＣ造,1140905,168.26,3,2,4,有,無,14220000,84512,,0.0,0,含傢俱設備費；,RPQNMLOKJHLGFCM58DA,143.8,0.0,24.46,無,
中寮鄉,土地,八杞仙段578地號,1700.0,,山坡地保育區,農牧用地,1141022,土地1建物0車位0,,,其他,,,,0.0,0,0,0,無,無,500000,294,,0.0,0,,RPPNMLPJJHLGFAM28DA,0.0,0.0,0.0,無,0272
草屯鎮,土地,北投埔段281-17地號,61.0,,特定農業區,甲種建築用地,1141025,土地1建物0車位0,,,其他,,,,0.0,0,0,0,無,無,600000,9836,,0.0,0,親友、員工、共有人或其他特殊關係間之交易；,RPPNMLPKJIKGFBM48DA,0.0,0.0,0.0,無,
埔里鎮,土地,珠格段926地號,3685.14,,特定農業區,農牧用地,1141027,土地1建物0車位0,,,其他,,,,0.0,0,0,0,無,無,16500000,4477,,0.0,0,包含農地上農業用電及水權狀，不另計價，一併讓渡買方名義。,RPPNMLQKJHLGFCM68DA,0.0,0.0,0.0,無,0273
埔里鎮,土地,桃米坑段234-54地號,2454.0,,山坡地保育區,農牧用地,1141017,土地1建物0車位0,,,其他,,,,0.0,0,0,0,無,無,4150000,1691,,0.0,0,,RPQNMLQKJHLGFCM78DA,0.0,0.0,0.0,無,0274
魚池鄉,房地(土地+建物),南投縣魚池鄉秀水巷１７之１９號,107.85,住,,,1141014,土地4建物1車位0,全,四層,透天厝,住家用,ＲＣ造,1140122,181.9,5,2,6,有,無,12800000,70368,,0.0,0,,RPRNMLQKJHLGFCM88DA,159.98,0.0,21.92,無,
鹿谷鄉,房地(土地+建物),南投縣鹿谷鄉中湖巷２８之９號,1770.95,,一般農業區,農牧用地,1141009,土地1建物1車位0,全,一層,透天厝,農業用,鋼架造〈有牆〉,0980108,144.43,5,3,6,有,無,22000000,152323,,0.0,0,其他增建；,RPSNMLTKJHLGFDM76DA,144.43,0.0,0.0,無,
國姓鄉,土地,北港溪段37-254地號,2838.0,,山坡地保育區,農牧用地,1141019,土地2建物0車位0,,,其他,,,,0.0,0,0,0,無,無,9000000,3171,,0.0,0,農作物；,RPRNMLMKJHLGFCM48DA,0.0,0.0,0.0,無,0275
名間鄉,土地,三崙段442地號,16625.99,,一般農業區,農牧用地,1141016,土地2建物0車位0,,,其他,,,,0.0,0,0,0,無,無,37000000,2225,,0.0,0,,RPPNMLMJJHLGFAM97DA,0.0,0.0,0.0,無,0276
南投市,土地,內興段972地號,16354.22,,一般農業區,特定目的事業用地,1141022,土地5建物0車位0,,,其他,,,,0.0,0,0,0,無,無,145940000,8924,,0.0,0,,RPTNMLQKKIKGFAM98DA,0.0,0.0,0.0,無,0277
埔里鎮,房地(土地+建物),南投縣埔里鎮中山路三段５５１號,78.39,,特定農業區,甲種建築用地,1141031,土地3建物1車位0,全,三層,透天厝,住家用,ＲＣ造,1100608,218.52,5,2,3,有,有,16500000,75508,,0.0,0,含傢俱設備費；含租約；,RPPNMLOLKIKGFCM68DA,160.77,0.0,14.07,無,
竹山鎮,房地(土地+建物),南投縣竹山鎮南雲一路１號,96.73,,鄉村區,乙種建築用地,1141019,土地2建物1車位0,全,二層,透天厝,住商用,鋼筋混凝土加強磚造,0670711,123.54,3,1,3,有,無,4500000,36425,,0.0,0,,RPSNMLRLJHLGFDM66DA,123.54,0.0,0.0,無,
埔里鎮,房地(土地+建物),南投縣埔里鎮公路１之９號,453.5,,特定農業區,甲種建築用地,1141030,土地2建物1車位0,全,三層,透天厝,住家用,ＲＣ造,1130418,433.9,6,3,7,有,無,36000000,82968,,0.0,0,含傢俱設備費；,RPTNMLTLJHLGFCM86DA,401.49,0.0,32.41,無,
集集鎮,房地(土地+建物),南投縣集集鎮集鹿路９５巷１３６號,181.08,住,,,1141027,土地3建物1車位0,全,三層,透天厝,住家用,ＲＣ造,1140828,190.02,4,2,5,有,無,13800000,72624,,0.0,0,,RPQNMLTLKIKGFEM86DA,176.56,0.0,13.46,無,
埔里鎮,房地(土地+建物),南投縣埔里鎮內埔路２７號,4045.63,,特定農業區,農牧用地,1141031,土地2建物1車位0,全,三層,透天厝,農業用,鋼鐵造有牆、ＲＣ造,0961025,437.63,10,2,13,有,無,38500000,87974,,0.0,0,其他增建；,RPQNMLSKKIKGFCM09DA,414.31,0.0,23.32,無,
埔里鎮,土地,內埔段1028地號,930.77,,特定農業區,農牧用地,1141031,土地1建物0車位0,,,其他,,,,0.0,0,0,0,無,無,3000000,3223,,0.0,0,,RPRNMLSKKIKGFCM56DA,0.0,0.0,0.0,無,0278
魚池鄉,房地(土地+建物),南投縣魚池鄉義勇街８４號,86.0,商,,,1141002,土地1建物1車位0,全,三層,透天厝,住商用,鋼筋混凝土造,0960829,206.16,7,2,7,有,無,15300000,74214,,0.0,0,原住民保留地親友、員工、共有人或其他特殊關係間之交易；,RPSNMLTLJHLGFCM76DA,206.16,0.0,0.0,無,0279
埔里鎮,土地,牛尾段337-1地號,702.78,,特定農業區,農牧用地,1141009,土地1建物0車位0,,,其他,,,,0.0,0,0,0,無,無,3400000,4838,,0.0,0,,RPSNMLMJKHLGFCM58DA,0.0,0.0,0.0,無,
草屯鎮,房地(土地+建物)+車位,南投縣草屯鎮虎山路４２４巷２之１號三樓,84.22,住,,,1141031,土地3建物1車位1,三層,四層,華廈(10層含以下有電梯),住家用,鋼筋混凝土造,1140919,165.83,3,2,2,有,有,11080000,66815,一樓平面,0.0,0,,RPPNMLSLJHLGFBM88DA,136.01,0.0,8.92,有,
國姓鄉,房地(土地+建物),南投縣國姓鄉成功街５７巷２５弄７號,61.19,住,,,1141008,土地2建物1車位0,全,三層,透天厝,住商用,鋼筋混凝土造,0840406,131.2,4,2,2,有,無,4000000,30488,,0.0,0,其他增建；,RPSNMLOJJIKGFCM68DA,121.03,6.47,3.7,無,
魚池鄉,房地(土地+建物),南投縣魚池鄉秀水巷１７之１７號,110.97,住,,,1141015,土地4建物1車位0,全,四層,透天厝,住家用,ＲＣ造,1140122,181.9,5,2,6,有,無,12800000,70368,,0.0,0,,RPPNMLLMJHLGFCM38DA,159.98,0.0,21.92,無,
草屯鎮,房地(土地+建物),南投縣草屯鎮草溪路９２之９號,82.19,,鄉村區,乙種建築用地,1141015,土地1建物1車位0,全,四層,透天厝,住家用,鋼筋混凝土造,0830330,171.52,5,2,3,有,無,6200000,36147,,0.0,0,頂樓加蓋；,RPQNMLLLJHLGFBM28DA,143.79,14.02,13.71,無,
埔里鎮,土地,一新段1974地號,671.53,,特定農業區,農牧用地,1141002,土地1建物0車位0,,,其他,,,,0.0,0,0,0,無,無,2031400,3025,,0.0,0,依土地法第34條之1第1項至第3項規定辦理。,RPRNMLTJKHLGFCM56DA,0.0,0.0,0.0,無,
埔里鎮,土地,一新段2011地號,158.0,,山坡地保育區,農牧用地,1141002,土地1建物0車位0,,,其他,,,,0.0,0,0,0,無,無,478000,3025,,0.0,0,依土地法第34條之1第1項至第3項規定辦理。,RPSNMLTJKHLGFCM66DA,0.0,0.0,0.0,無,
埔里鎮,土地,向善段389地號,1205.84,,特定農業區,農牧用地,1141002,土地1建物0車位0,,,其他,,,,0.0,0,0,0,無,無,7660170,6353,,0.0,0,依土地法第34條之1第1項至第3項規定辦理。,RPTNMLTJKHLGFCM76DA,0.0,0.0,0.0,無,
南投市,房地(土地+建物),南投縣南投市自強二街４２號,67.34,住,,,1141015,土地1建物1車位0,全,三層,透天厝,住家用,鋼筋混凝土造,0870309,113.54,8,2,3,有,無,6750000,59450,,0.0,0,,RPUNMLNLKHLGFAM88DA,113.54,0.0,0.0,無,0280
埔里鎮,土地,忠信段559地號,110.62,,鄉村區,乙種建築用地,1141029,土地2建物0車位0,,,其他,,,,0.0,0,0,0,無,無,1900000,17176,,0.0,0,,RPPNMLLKKHLGFCM28DA,0.0,0.0,0.0,無,
埔里鎮,土地,大坪頂段795地號,544.32,,鄉村區,乙種建築用地,1141007,土地4建物0車位0,,,其他,,,,0.0,0,0,0,無,無,8250000,15157,,0.0,0,未登記建物；,RPRNMLQLKHLGFCM09DA,0.0,0.0,0.0,無,
名間鄉,土地,新赤水段1247地號,664.06,,鄉村區,乙種建築用地,1141013,土地1建物0車位0,,,其他,,,,0.0,0,0,0,無,無,6720000,10120,,0.0,0,,RPPNMLPKJHLGFAM38DA,0.0,0.0,0.0,無,
草屯鎮,土地,碧峰段1584地號,1193.0,,鄉村區,乙種建築用地,1141009,土地2建物0車位0,,,其他,,,,0.0,0,0,0,無,無,66600000,55826,,0.0,0,,RPPNMLKLJHLGFBM08DA,0.0,0.0,0.0,無,
草屯鎮,房地(土地+建物),南投縣草屯鎮碧山路７５３巷１１號,111.04,,鄉村區,乙種建築用地,1140915,土地1建物1車位0,全,四層,透天厝,住家用,鋼筋混凝土造,0911125,228.37,5,2,4,有,無,14600000,63931,,0.0,0,其他增建；,RPPNMLQKIIKGFBM48DA,204.47,0.0,23.9,無,
草屯鎮,土地,新興段49地號,196.56,,特定農業區,農牧用地,1140927,土地2建物0車位0,,,其他,,,,0.0,0,0,0,無,無,381040,1939,,0.0,0,,RPSNMLSJKIKGFBM09DA,0.0,0.0,0.0,無,0281
埔里鎮,房地(土地+建物),南投縣埔里鎮中正路９８６之７號,112.25,,特定農業區,甲種建築用地,1140916,土地3建物1車位0,全,三層,透天厝,住家用,ＲＣ造,1140905,181.74,4,2,4,有,無,15420000,84846,,0.0,0,含傢俱設備費；,RPWNMLOJKIKGFCM56DA,156.18,0.0,25.56,無,
草屯鎮,房地(土地+建物),南投縣草屯鎮新豐路４８３號,656.08,,特定農業區,農牧用地,1140917,土地2建物1車位0,全,一層,透天厝,農業用,鋼筋混凝土造,0910304,63.0,1,1,1,有,無,21216000,336762,,0.0,0,,RPSNMLRJIIKGFBM78DA,63.0,0.0,0.0,無,
埔里鎮,房地(土地+建物),南投縣埔里鎮中正路９８６之１８號,109.75,,特定農業區,甲種建築用地,1140917,土地3建物1車位0,全,三層,透天厝,住家用,ＲＣ造,1140905,189.78,5,2,5,有,無,16080000,84730,,0.0,0,含傢俱設備費；,RPXNMLOJKIKGFCM66DA,177.64,0.0,12.14,無,
埔里鎮,房地(土地+建物),南投縣埔里鎮中正路９８６之９號,113.13,,特定農業區,甲種建築用地,1140927,土地3建物1車位0,全,三層,透天厝,住家用,ＲＣ造,1140905,182.23,4,2,4,有,無,15460000,84838,,0.0,0,含傢俱設備費；,RPOOMLOJKIKGFCM48DA,156.67,0.0,25.56,無,
草屯鎮,房地(土地+建物),南投縣草屯鎮富中路３３９巷７８號,102.41,住,,,1140924,土地8建物1車位0,全,三層,透天厝,住家用,鋼筋混凝土造,1070822,162.03,5,2,3,有,無,12000000,74060,,0.0,0,,RPPNMLPJKIKGFBM48DA,161.88,0.0,0.0,無,0282
草屯鎮,房地(土地+建物),南投縣草屯鎮中和路８１之６３巷２８號,83.72,,特定農業區,甲種建築用地,1140928,土地1建物1車位0,全,四層,透天厝,住家用,鋼筋混凝土造,0840802,193.72,4,3,3,有,有,6900000,35618,,0.0,0,陽台外推；頂樓加蓋；其他增建；,RPPNMLMJKIKGFBM18DA,173.08,6.68,13.96,無,
草屯鎮,房地(土地+建物),南投縣草屯鎮石川路３２之６號,110.0,,鄉村區,乙種建築用地,1140918,土地1建物1車位0,全,四層,透天厝,住家用,鋼筋混凝土造,1130206,181.81,4,3,4,有,無,14580000,80194,,0.0,0,其他增建:一樓空地、天井、遮雨棚陽台外推；其他增建；,RPSNMLOJKIKGFBM68DA,161.17,0.0,20.64,無,0283
南投市,土地,內興段1006地號,574.19,,一般農業區,農牧用地,1140919,土地2建物0車位0,,,其他,,,,0.0,0,0,0,無,無,6612481,11516,,0.0,0,協議價購；,RPRNMLSKKIKGFAM09EA,0.0,0.0,0.0,無,
埔里鎮,土地,三條崙段531地號,12094.11,,山坡地保育區,農牧用地,1140904,土地6建物0車位0,,,其他,,,,0.0,0,0,0,無,無,20000000,1654,,0.0,0,,RPUNMLQKKIKGFCM66DA,0.0,0.0,0.0,無,0284
埔里鎮,房地(土地+建物),南投縣埔里鎮中山路三段２４６號四樓之８,14.47,住,,,1140920,土地1建物1車位0,四層,十二層,住宅大樓(11層含以上有電梯),住家用,鋼筋混凝土造,0831231,107.0,3,2,2,有,有,4500000,42056,,0.0,0,,RPXNMLQKKIKGFCM96DA,73.4,3.7,9.85,有,0285
埔里鎮,房地(土地+建物),南投縣埔里鎮青田三街３４巷８號,73.14,住,,,1140923,土地1建物1車位0,全,二層,透天厝,住家用,鋼筋混凝土造,0730302,79.92,4,2,2,有,無,4800000,60060,,0.0,0,親友、員工、共有人或其他特殊關係間之交易；,RPUNMLSKKIKGFCM86DA,79.92,0.0,0.0,無,
草屯鎮,房地(土地+建物),南投縣草屯鎮敦和路１１５之１７號,87.41,住,,,1140908,土地2建物1車位0,全,四層,透天厝,住家用,鋼筋混凝土造,1140604,176.31,4,3,3,有,無,18000000,102093,,0.0,0,,RPPNMLOLKIKGFBM68EA,152.59,0.0,23.72,無,
南投市,房地(土地+建物)+車位,南投縣南投市彰南路三段１２１１巷１８號七樓之２,34.77,住,,,1140901,土地1建物1車位1,七層,七層,華廈(10層含以下有電梯),住家用,鋼筋混凝土造,1141002,145.05,3,2,2,有,有,9350000,77126,坡道平面,38.73,1150000,預售屋、或土地及建物分件登記案件；,RPXNMLPLKIKGFAM76DA,63.79,0.0,6.32,有,
埔里鎮,房地(土地+建物),南投縣埔里鎮中正路９８６之２０號,123.72,,特定農業區,甲種建築用地,1140923,土地4建物1車位0,全,三層,透天厝,住家用,ＲＣ造,1140905,211.87,5,2,5,有,無,17280000,81559,,0.0,0,含傢俱設備費；,RPQNMLRKKIKGFCM98DA,198.19,0.0,13.68,無,
埔里鎮,房地(土地+建物),南投縣埔里鎮中正路９８６之１０號,97.72,,特定農業區,甲種建築用地,1140927,土地3建物1車位0,全,三層,透天厝,住家用,ＲＣ造,1140905,168.26,3,2,4,有,無,13620000,80946,,0.0,0,含傢俱設備費；,RPRNMLRKKIKGFCM09DA,144.06,0.0,24.2,無,
埔里鎮,房地(土地+建物)+車位,南投縣埔里鎮南安路７６８號七樓之７,32.91,住,,,1140913,土地1建物1車位1,七層,十三層,住宅大樓(11層含以上有電梯),住家用,鋼筋混凝土造,1080719,183.58,3,2,2,有,有,12200000,66456,坡道平面,29.76,0,社區名稱:漸湛居然,RPTNMLMLKIKGFCM88DA,95.76,0.0,9.92,有,0286
南投市,土地,成功段627地號,120.68,住,,,1140919,土地2建物0車位0,,,其他,,,,0.0,0,0,0,無,無,5840000,48392,,0.0,0,,RPQNMLOKJHLGFAM38DA,0.0,0.0,0.0,無,0287
埔里鎮,土地,安湳段778地號,2710.27,,特定農業區,農牧用地,1140909,土地1建物0車位0,,,其他,,,,0.0,0,0,0,無,無,11650000,4298,,0.0,0,,RPPNMLMLJHLGFCM48EA,0.0,0.0,0.0,無,
名間鄉,土地,新民段1060地號,318.5,,特定農業區,甲種建築用地,1140930,土地1建物0車位0,,,其他,,,,0.0,0,0,0,無,無,3600000,11303,,0.0,0,,RPQNMLMJJHLGFAM08DA,0.0,0.0,0.0,無,0288
魚池鄉,土地,東池段525-3地號,138.14,住,,,1140924,土地1建物0車位0,,,其他,,,,0.0,0,0,0,無,無,4460000,32286,,0.0,0,未登記建物；,RPPNMLPJKHLGFCM58DA,0.0,0.0,0.0,無,
埔里鎮,房地(土地+建物),南投縣埔里鎮中正路９８６之８號,97.98,,特定農業區,甲種建築用地,1140917,土地3建物1車位0,全,三層,透天厝,住家用,ＲＣ造,1140905,168.26,3,2,4,有,無,14220000,84512,,0.0,0,含傢俱設備費；,RPSNMLNJLHLGFCM78DA,143.8,0.0,24.46,無,
埔里鎮,房地(土地+建物),南投縣埔里鎮水泉路２５號,122.16,,特定農業區,甲種建築用地,1140921,土地2建物1車位0,全,二層,透天厝,住家用,鋼筋混凝土造,0871019,122.9,5,2,5,有,無,6900000,56143,,0.0,0,,RPPNMLQJLHLGFCM78DA,111.52,5.0,6.38,無,
信義鄉,土地,雙龍段1009地號,11522.0,,森林區,林業用地,1140805,土地1建物0車位0,,,其他,,,,0.0,0,0,0,無,無,300000,26,,0.0,0,原住民保留地,RPPNMLTJKIKGFEM56DA,0.0,0.0,0.0,無,
集集鎮,土地,北隘寮段1085-2地號,294.55,,山坡地保育區,農牧用地,1140820,土地1建物0車位0,,,其他,,,,0.0,0,0,0,無,無,615610,2090,,0.0,0,政府機關標讓售；,RPPNMLQKKIKGFEM09EA,0.0,0.0,0.0,無,
集集鎮,房地(土地+建物),南投縣集集鎮集鹿路９５巷１４２號,187.2,住,,,1140815,土地3建物1車位0,全,三層,透天厝,住家用,ＲＣ造,1140828,193.51,4,2,5,有,無,13800000,71314,,0.0,0,,RPSNMLLJKIKGFEM68DA,180.66,0.0,12.85,無,
埔里鎮,土地,南村段356-2地號,1369.3,,特定農業區,農牧用地,1140818,土地3建物0車位0,,,其他,,,,0.0,0,0,0,無,無,16568528,12100,,0.0,0,,RPRNMLMKKIKGFCM58DA,0.0,0.0,0.0,無,
南投市,房地(土地+建物)+車位,南投縣南投市文化路２５３號三樓之２,47.18,住,,,1140827,土地1建物1車位1,三層,七層,華廈(10層含以下有電梯),住家用,鋼筋混凝土造,1130523,150.88,3,2,2,有,無,7781773,56085,坡道平面,27.82,880000,政府機關標讓售；,RPSOMLRKKIKGFAM09DA,62.48,0.0,16.11,有,
草屯鎮,房地(土地+建物),南投縣草屯鎮富昌路富有巷１３號,103.37,住,,,1140830,土地1建物1車位0,全,二層,透天厝,住家用,鋼筋混凝土加強磚造,0750716,115.16,4,2,2,有,無,9080000,78847,,0.0,0,頂樓加蓋；其他增建；,RPQNMLOLKIKGFBM68DA,108.75,0.0,6.41,無,
埔里鎮,房地(土地+建物),南投縣埔里鎮蘭陽街５４巷１１號,145.1,,鄉村區,乙種建築用地,1140807,土地1建物1車位0,全,二層,透天厝,住家用,鋼筋混凝土加強磚造,0700113,106.4,6,2,2,有,無,6200000,58271,,0.0,0,含傢俱設備費；頂樓加蓋；其他增建；,RPUNMLTLKIKGFCM07DA,106.4,0.0,0.0,無,
南投市,房地(土地+建物),南投縣南投市成功三路五街８３號,83.8,住,,,1140811,土地1建物1車位0,全,三層,透天厝,住家用,鋼筋混凝土造,0821222,138.7,4,3,3,有,無,9500000,68493,,0.0,0,頂樓加蓋；其他增建；,RPQNMLPJJHLGFAM38DA,138.7,0.0,0.0,無,
集集鎮,房地(土地+建物),南投縣集集鎮集鹿路９５巷１４６號,183.72,住,,,1140815,土地3建物1車位0,全,三層,透天厝,住家用,ＲＣ造,1140828,191.15,4,2,5,有,無,13800000,72195,,0.0,0,,RPPNMLNKKIKGFEM68DA,177.97,0.0,13.18,無,
鹿谷鄉,房地(土地+建物),南投縣鹿谷鄉仁愛路５１之１１號,91.78,,特定農業區,甲種建築用地,1140823,土地1建物1車位0,全,三層,透天厝,住家用,鋼筋混凝土造,0920626,139.05,3,2,5,有,無,2880000,20712,,0.0,0,其他增建；,RPRNMLPJJHLGFDM78DA,127.35,0.0,11.7,無,0289
埔里鎮,房地(土地+建物),南投縣埔里鎮中山路三段５８１號,2016.6,,特定農業區,農牧用地,1140827,土地3建物1車位0,全,二層,透天厝,農業用,鋼鐵造,0830527,220.82,4,2,1,有,無,30000000,135857,,0.0,0,出租人與承租人間之交易。其他增建；,RPQNMLKLJHLGFCM28DA,220.82,0.0,0.0,無,
魚池鄉,土地,東池段262地號,245.34,農,,,1140823,土地3建物0車位0,,,其他,,,,0.0,0,0,0,無,無,200000,815,,0.0,0,親友、員工、共有人或其他特殊關係間之交易；,RPSNMLQLJHLGFCM09DA,0.0,0.0,0.0,無,
草屯鎮,房地(土地+建物),南投縣草屯鎮青宅巷３５之１１號,1446.7,,特定農業區,農牧用地,1140813,土地1建物1車位0,全,三層,透天厝,農業用,鋼筋混凝土造,1120810,341.1,7,3,6,有,無,25000000,73292,,0.0,0,,RPXNMLTLJHLGFBM17DA,321.2,0.0,19.9,無,0290
南投市,房地(土地+建物)+車位,南投縣南投市文化路２５１號四樓之２,59.97,住,,,1140709,土地1建物1車位1,四層,七層,華廈(10層含以下有電梯),住家用,鋼筋混凝土造,1130523,184.17,4,2,2,有,無,9475413,54982,坡道平面,27.84,880000,政府機關標讓售；,RPRNMLRKKIKGFAM88DA,81.14,0.0,18.71,有,
南投市,房地(土地+建物)+車位,南投縣南投市文化路２５５號七樓之１,47.18,住,,,1140709,土地1建物1車位1,七層,七層,華廈(10層含以下有電梯),住家用,鋼筋混凝土造,1130523,150.88,3,2,2,有,無,7987942,57760,坡道平面,27.82,880000,政府機關標讓售；,RPSNMLRKKIKGFAM98DA,62.48,0.0,16.11,有,
南投市,房地(土地+建物)+車位,南投縣南投市文化路２５５號一樓,46.23,住,,,1140709,土地1建物1車位1,一層,七層,華廈(10層含以下有電梯),住家用,鋼筋混凝土造,1130523,148.39999999999998,3,2,2,有,無,8253742,61157,坡道平面,27.83,880000,政府機關標讓售；,RPVNMLRKKIKGFAM66DA,71.01,0.0,5.98,有,
南投市,房地(土地+建物)+車位,南投縣南投市文化路２５５號六樓之２,47.18,住,,,1140709,土地1建物1車位1,六層,七層,華廈(10層含以下有電梯),住家用,鋼筋混凝土造,1130523,150.88,3,2,2,有,無,7919219,57202,坡道平面,27.82,880000,政府機關標讓售；,RPWNMLRKKIKGFAM76DA,62.48,0.0,16.11,有,
南投市,房地(土地+建物)+車位,南投縣南投市文化路２５５號五樓之１,47.18,住,,,1140709,土地1建物1車位1,五層,七層,華廈(10層含以下有電梯),住家用,鋼筋混凝土造,1130523,150.88,3,2,2,有,無,7850496,56648,坡道平面,27.83,880000,政府機關標讓售；,RPXNMLRKKIKGFAM86DA,62.48,0.0,16.11,有,
南投市,房地(土地+建物)+車位,南投縣南投市文化路２５７號六樓之１,47.18,住,,,1140709,土地1建物1車位1,六層,七層,華廈(10層含以下有電梯),住家用,鋼筋混凝土造,1130523,150.88,3,2,2,有,無,7919219,57202,坡道平面,27.82,880000,政府機關標讓售；,RPOOMLRKKIKGFAM68DA,62.48,0.0,16.11,有,
南投市,房地(土地+建物)+車位,南投縣南投市文化路２５７號五樓之１,47.18,住,,,1140709,土地1建物1車位1,五層,七層,華廈(10層含以下有電梯),住家用,鋼筋混凝土造,1130523,150.88,3,2,2,有,無,7850496,56648,坡道平面,27.83,880000,政府機關標讓售；,RPPOMLRKKIKGFAM78DA,62.48,0.0,16.11,有,
南投市,房地(土地+建物)+車位,南投縣南投市文化路２５５號二樓之２,47.18,住,,,1140709,土地1建物1車位1,二層,七層,華廈(10層含以下有電梯),住家用,鋼筋混凝土造,1130523,150.88,3,2,2,有,無,7712493,55522,坡道平面,27.82,880000,政府機關標讓售；,RPQOMLRKKIKGFAM88DA,62.48,0.0,16.11,有,
南投市,房地(土地+建物)+車位,南投縣南投市文化路２５１號六樓之２,59.97,住,,,1140709,土地1建物1車位1,六層,七層,華廈(10層含以下有電梯),住家用,鋼筋混凝土造,1130523,184.18,4,2,2,有,無,9737960,56658,坡道平面,27.84,880000,政府機關標讓售；,RPTOMLRKKIKGFAM56DA,81.14,0.0,18.71,有,
南投市,房地(土地+建物)+車位,南投縣南投市文化路２５７號五樓之２,47.18,住,,,1140709,土地1建物1車位1,五層,七層,華廈(10層含以下有電梯),住家用,鋼筋混凝土造,1130523,150.88,3,2,2,有,無,7850496,56643,坡道平面,27.82,880000,政府機關標讓售；,RPUOMLRKKIKGFAM66DA,62.48,0.0,16.11,有,
南投市,房地(土地+建物)+車位,南投縣南投市文化路２５１號四樓之１,60.21,住,,,1140709,土地1建物1車位1,四層,七層,華廈(10層含以下有電梯),住家用,鋼筋混凝土造,1130523,184.81,4,2,2,有,無,9510690,54983,坡道平面,27.84,880000,政府機關標讓售；,RPVOMLRKKIKGFAM76DA,81.55,0.0,18.71,有,
南投市,房地(土地+建物)+車位,南投縣南投市文化路２５５號七樓之２,47.18,住,,,1140709,土地1建物1車位1,七層,七層,華廈(10層含以下有電梯),住家用,鋼筋混凝土造,1130523,150.88,3,2,2,有,無,7987942,57765,坡道平面,27.83,880000,政府機關標讓售；,RPWOMLRKKIKGFAM86DA,62.48,0.0,16.11,有,
南投市,房地(土地+建物)+車位,南投縣南投市文化路２５５號六樓之１,47.18,住,,,1140709,土地1建物1車位1,六層,七層,華廈(10層含以下有電梯),住家用,鋼筋混凝土造,1130523,150.88,3,2,2,有,無,7919219,57206,坡道平面,27.83,880000,政府機關標讓售；,RPXOMLRKKIKGFAM96DA,62.48,0.0,16.11,有,
南投市,房地(土地+建物)+車位,南投縣南投市文化路２５７號七樓之１,47.18,住,,,1140709,土地1建物1車位1,七層,七層,華廈(10層含以下有電梯),住家用,鋼筋混凝土造,1130523,150.88,3,2,2,有,無,7987942,57769,坡道平面,27.84,880000,政府機關標讓售；,RPOPMLRKKIKGFAM78DA,62.48,0.0,16.11,有,
南投市,房地(土地+建物)+車位,南投縣南投市文化路２５１號五樓之１,60.21,住,,,1140709,土地1建物1車位1,五層,七層,華廈(10層含以下有電梯),住家用,鋼筋混凝土造,1130523,184.81,4,2,2,有,無,9686059,56100,坡道平面,27.84,880000,政府機關標讓售；,RPPPMLRKKIKGFAM88DA,81.55,0.0,18.71,有,
南投市,土地,新草尾嶺段181地號,484.51,,山坡地保育區,農牧用地,1140714,土地1建物0車位0,,,其他,,,,0.0,0,0,0,無,無,730000,1507,,0.0,0,,RPPNMLRJJHLGFAM58EA,0.0,0.0,0.0,無,
南投市,土地,新草尾嶺段255地號,3586.09,,山坡地保育區,農牧用地,1140714,土地2建物0車位0,,,其他,,,,0.0,0,0,0,無,無,1290000,360,,0.0,0,,RPQNMLRJJHLGFAM68EA,0.0,0.0,0.0,無,
南投市,房地(土地+建物)+車位,南投縣南投市文化路２５５號五樓之２,47.18,住,,,1140709,土地1建物1車位1,五層,七層,華廈(10層含以下有電梯),住家用,鋼筋混凝土造,1130523,150.88,3,2,2,有,無,7850496,56643,坡道平面,27.82,880000,,RPRNMLQJKHLGFAM68DA,62.48,0.0,16.11,有,
南投市,房地(土地+建物)+車位,南投縣南投市文化路２５７號一樓之２,47.12,住,,,1140709,土地1建物1車位1,一層,七層,華廈(10層含以下有電梯),住家用,鋼筋混凝土造,1130523,150.71,3,2,2,有,無,8560504,62504,坡道平面,27.83,880000,,RPQNMLNLKHLGFAM48DA,72.5,0.0,5.98,有,
埔里鎮,房地(土地+建物),南投縣埔里鎮虎山路１０之８號七樓之２,57.3,,鄉村區,乙種建築用地,1140617,土地3建物1車位0,七層,七層,華廈(10層含以下有電梯),住家用,ＲＣ造,1140604,109.97999999999999,3,2,2,有,有,10180000,92562,,0.0,0,,RPPNMLMLKIKGFCM48DA,69.17,0.0,7.85,有,
埔里鎮,土地,文頭股段2地號,691.57,,特定農業區,農牧用地,1140610,土地4建物0車位0,,,其他,,,,0.0,0,0,0,無,無,3346000,4838,,0.0,0,本次登記僅先過戶文頭股段8、9、10地號權利範圍皆1/1及文頭股段2地號權利範圍6022/47133，俟移轉登記完畢後再行辦理過戶文頭股段2地號剩餘持分權利範圍25400/47133。埔里鎮文頭股段8、9、10地號包括在買賣範圍內。未登記建物；,RPUNMLPLJIKGFCM56DA,0.0,0.0,0.0,無,
魚池鄉,土地,山楂腳段65-20地號,6809.0,,山坡地保育區,丁種建築用地,1140627,土地7建物0車位0,,,其他,,,,0.0,0,0,0,無,無,48403478,7109,,0.0,0,未登記建物；農作物；,RPWNMLTLKIKGFCM27DA,0.0,0.0,0.0,無,
竹山鎮,土地,中山段148地號,73.0,商,,,1140628,土地2建物1車位0,一層，二層，騎樓,二層,其他,住商用,鋼筋混凝土加強磚造,0510101,100.1,0,0,0,無,無,4800000,65753,,0.0,0,包含國有土地147地號147-4地號147-5地號151地號承租使用權,RPQNMLNKJHLGFDM58DA,0.0,0.0,0.0,無,0291
名間鄉,土地,南大庄段1095-3地號,4.78,住,,,1140621,土地1建物0車位0,,,其他,,,,0.0,0,0,0,無,無,59128,12370,,0.0,0,,RPUNMLTKJHLGFAM66DA,0.0,0.0,0.0,無,
草屯鎮,房地(土地+建物)+車位,南投縣草屯鎮信義街１９３巷９弄１６號,153.06,住,,,1140606,土地5建物1車位2,全,四層,透天厝,住家用,鋼筋混凝土造,1130718,238.42,5,3,6,有,無,23800000,99824,一樓平面,0.0,0,其他增建；,RPQNMLRLJHLGFBM98EA,220.95,0.0,17.47,有,
南投市,房地(土地+建物)+車位,南投縣南投市彰南路三段１２１１巷１８號六樓之８,28.86,住,,,1140606,土地1建物1車位1,六層,七層,華廈(10層含以下有電梯),住家用,鋼筋混凝土造,1141002,127.47,2,2,2,有,有,8010000,76178,坡道平面,38.73,1250000,,RPWNMLPLKIKGFAM66DA,55.63,0.0,2.88,有,
魚池鄉,房地(土地+建物),南投縣魚池鄉魚池街９５；９７；９９號,88.68,住,,,1140613,土地2建物1車位0,全,一層,透天厝,住家用,鋼筋混凝土加強磚造,,64.27,3,1,2,有,無,2000000,31119,,0.0,0,親友、員工、共有人或其他特殊關係間之交易；,RPSNMLRLJHLGFCM56DA,64.27,0.0,0.0,無,
草屯鎮,土地,南坪段1113地號,1546.86,,山坡地保育區,農牧用地,1140522,土地1建物0車位0,,,其他,,,,0.0,0,0,0,無,無,3651300,2360,,0.0,0,農作物；,RPQNMLRKKIKGFBM88DA,0.0,0.0,0.0,無,
竹山鎮,房地(土地+建物),南投縣竹山鎮永豐街４７號,94.19,住,,,1140528,土地1建物1車位0,全,三層,透天厝,住家用,鋼筋混凝土造,1141028,172.11,4,2,5,有,無,12800000,74371,,0.0,0,預售屋、或土地及建物分件登記案件；,RPUNMLOLKIKGFDM66DA,160.77,0.0,11.34,無,
南投市,土地,南投段303-3地號,981.0,商,,,1140530,土地4建物0車位0,,,其他,,,,0.0,0,0,0,無,無,71220000,72599,,0.0,0,本案確依土地法第34條之1第1項至第3項規定辦理，如有不實，義務人願負法律責任未登記建物；,RPRNMLPJJHLGFAM58EA,0.0,0.0,0.0,無,
埔里鎮,土地,寶湖窟段99地號,2554.31,,特定農業區,農牧用地,1140520,土地1建物0車位0,,,其他,,,,0.0,0,0,0,無,無,17800000,6969,,0.0,0,本買賣標的含地上未登記建物及農業設施，並有電力及水井。未登記建物；農業設施；,RPPNMLMLJHLGFCM38DA,0.0,0.0,0.0,無,
集集鎮,房地(土地+建物),南投縣集集鎮八張街１２７巷１號,313.73,住,,,1140510,土地4建物1車位0,全,二層,透天厝,住家用,ＲＣ造,0821007,153.88,5,2,2,有,無,8500000,55238,,0.0,0,,RPPNMLOKJHLGFEM68DA,149.75,0.0,4.13,無,
埔里鎮,房地(土地+建物),南投縣埔里鎮中山路三段５６７巷９號二樓之３,29.86,,鄉村區,乙種建築用地,1140423,土地1建物1車位0,二層,六層,華廈(10層含以下有電梯),住家用,ＲＣ造,1140418,96.92,2,2,2,有,有,7320000,75526,,0.0,0,預售屋、或土地及建物分件登記案件；,RPSNMLTJKIKGFCM66DA,73.15,0.0,6.78,有,
草屯鎮,土地,坪頂段245地號,2920.0,,一般農業區,農牧用地,1140426,土地1建物0車位0,,,其他,,,,0.0,0,0,0,無,無,9000000,3082,,0.0,0,農作物；農業設施；,RPRNMLQKJHLGFBM78DA,0.0,0.0,0.0,無,
草屯鎮,房地(土地+建物),南投縣草屯鎮正興街２３５號五樓之１,20.67,住,,,1140323,土地1建物1車位0,五層,七層,華廈(10層含以下有電梯),住家用,鋼筋混凝土造,0801115,115.31,3,2,2,有,有,5680000,49259,,0.0,0,,RPRNMLOLJIKGFBM68DA,74.84,5.01,10.92,有,0292
埔里鎮,土地,南村段419地號,1453.47,,特定農業區,農牧用地,1140314,土地2建物0車位0,,,其他,,,,0.0,0,0,0,無,無,5720000,3935,,0.0,0,登記名義人與簽約人不同,RPSNMLMKKIKGFCM68DA,0.0,0.0,0.0,無,
竹山鎮,房地(土地+建物),南投縣竹山鎮鯉南路３１４之１７號,2144.22,,山坡地保育區,農牧用地,1140210,土地1建物2車位0,全,一層,透天厝,其他,鋼骨造,1090520,675.79,6,3,3,有,無,18000000,26635,,0.0,0,未登記建物；,RPSNMLOJKIKGFDM88DA,675.79,0.0,0.0,無,
南投市,房地(土地+建物)+車位,南投縣南投市彰南路三段１１６１巷３號六樓之１,77.07,住,,,1140208,土地8建物1車位1,六層,七層,華廈(10層含以下有電梯),住家用,鋼筋混凝土造,1140829,118.58,3,2,2,有,有,7950000,78098,其他,32.15,1200000,預售屋、或土地及建物分件登記案件；,RPPPMLSLKIKGFAM09DA,72.05,0.0,8.17,有,
魚池鄉,房地(土地+建物),南投縣魚池鄉慶隆巷４１之１號,388.33,,一般農業區,農牧用地,1140214,土地1建物1車位0,全,一層,透天厝,農業用,磚造,0721012,103.84,5,1,1,有,無,5700000,54892,,0.0,0,其他增建；,RPWNMLOLKHKGFCM66DA,103.84,0.0,0.0,無,
竹山鎮,土地,勞水坑段126-364地號,11284.0,,山坡地保育區,農牧用地,1140208,土地3建物0車位0,,,其他,,,,0.0,0,0,0,無,無,2300000,204,,0.0,0,,RPPNMLOJKHLGFDM58DA,0.0,0.0,0.0,無,0293
南投市,土地,包尾段787-15地號,63.0,住,,,1140206,土地1建物0車位0,,,其他,,,,0.0,0,0,0,無,無,2976120,47240,,0.0,0,政府機關標讓售；,RPPNMLOJLHLGFAM38DA,0.0,0.0,0.0,無,0294
埔里鎮,房地(土地+建物)+車位,南投縣埔里鎮北平街１３６號十四樓之２,34.66,商,,,1140106,土地1建物1車位2,十四層,十四層,住宅大樓(11層含以上有電梯),住家用,ＲＣ造,1140818,238.89999999999998,4,2,2,有,有,20400000,96082,坡道平面,51.56,2400000,預售屋、或土地及建物分件登記案件；,RPPNMLTKKIKGFCM09DA,124.77,0.0,0.0,有,
竹山鎮,房地(土地+建物),南投縣竹山鎮永豐街５３號,153.26,住,,,1140115,土地2建物1車位0,全,三層,透天厝,住家用,鋼筋混凝土造,1141028,174.91,4,2,5,有,無,13300000,76039,,0.0,0,預售屋、或土地及建物分件登記案件；,RPROMLMKJHLGFDM68DA,163.38,0.0,11.53,無,
中寮鄉,土地,先驅段3477地號,10073.0,,山坡地保育區,農牧用地,1140123,土地2建物0車位0,,,其他,,,,0.0,0,0,0,無,無,2000000,199,,0.0,0,,RPUNMLOJKHLGFAM88EA,0.0,0.0,0.0,無,
埔里鎮,房地(土地+建物),南投縣埔里鎮蜈蚣路１６之９號,239.43,,鄉村區,乙種建築用地,1140110,土地1建物1車位0,全,三層,透天厝,住家用,鋼筋混凝土造,0791210,307.47,4,2,3,有,無,8000000,26019,,0.0,0,,RPRNMLPJKHLGFCM78DA,307.47,0.0,0.0,無,
水里鄉,土地,新上安段1055地號,2060.28,,一般農業區,農牧用地,1140119,土地1建物0車位0,,,其他,,,,0.0,0,0,0,無,無,2500000,1213,,0.0,0,,RPPNMLOLKHLGFEM88DA,0.0,0.0,0.0,無,
竹山鎮,房地(土地+建物)+車位,南投縣竹山鎮集山路三段１７５巷３７號五樓之２,35.29,住,,,1131206,土地1建物1車位1,五層,七層,華廈(10層含以下有電梯),住家用,鋼筋混凝土造,1140306,105.6,2,1,2,有,有,6180000,61440,一樓平面,21.29,1000000,預售屋、或土地及建物分件登記案件；,RPPNMLMLKIKGFDM58DA,61.67,0.0,6.29,有,
南投市,房地(土地+建物)+車位,南投縣南投市彰南路三段１２１１巷１８號三樓之１,26.58,住,,,1131208,土地1建物1車位1,三層,七層,華廈(10層含以下有電梯),住家用,鋼筋混凝土造,1141002,119.94999999999999,2,1,1,有,有,6950000,71411,坡道平面,38.73,1150000,預售屋、或土地及建物分件登記案件；,RPRNMLNLKIKGFAM58DA,50.12,0.0,3.39,有,
草屯鎮,房地(土地+建物),南投縣草屯鎮正興街２８號,1103.0,住,,,1131119,土地2建物1車位0,全,一層,透天厝,其他,鋼鐵造有牆,0730821,493.67,0,0,0,無,無,96850000,196184,,0.0,0,,RPPNMLSJKIKGFBM78DA,493.67,0.0,0.0,無,
南投市,房地(土地+建物)+車位,南投縣南投市彰南路三段１２１１巷１８號四樓之２,34.77,住,,,1131110,土地1建物1車位1,四層,七層,華廈(10層含以下有電梯),住家用,鋼筋混凝土造,1141002,145.05,3,2,2,有,有,8880000,72705,坡道平面,38.73,1150000,預售屋、或土地及建物分件登記案件；,RPUNMLNLKIKGFAM88DA,63.79,0.0,6.32,有,
南投市,房地(土地+建物)+車位,南投縣南投市彰南路三段１２１１巷１８號七樓之３,30.87,住,,,1131109,土地1建物1車位1,七層,七層,華廈(10層含以下有電梯),住家用,鋼筋混凝土造,1141002,133.22,2,2,2,有,有,8150000,74082,坡道平面,38.73,1150000,預售屋、或土地及建物分件登記案件；,RPOOMLPLKIKGFAM58DA,56.24,0.0,6.13,有,
竹山鎮,房地(土地+建物),南投縣竹山鎮永豐街５１號,91.71,住,,,1131101,土地1建物1車位0,全,三層,透天厝,住家用,鋼筋混凝土造,1141028,172.11,4,2,5,有,無,12500000,72628,,0.0,0,預售屋、或土地及建物分件登記案件；,RPPOMLMKJHLGFDM48DA,160.77,0.0,11.34,無,
竹山鎮,房地(土地+建物),南投縣竹山鎮永豐街４９號,92.95,住,,,1131101,土地1建物1車位0,全,三層,透天厝,住家用,鋼筋混凝土造,1141028,172.11,4,2,5,有,無,12100000,70304,,0.0,0,預售屋、或土地及建物分件登記案件；,RPQOMLMKJHLGFDM58DA,160.77,0.0,11.34,無,
南投市,房地(土地+建物)+車位,南投縣南投市彰南路三段１２１１巷１８號五樓之２,34.77,住,,,1131106,土地1建物1車位1,五層,七層,華廈(10層含以下有電梯),住家用,鋼筋混凝土造,1141002,145.05,3,2,2,有,有,9210000,74868,坡道平面,38.73,1250000,,RPPNMLOLJHLGFAM38DA,63.79,0.0,6.32,有,
南投市,房地(土地+建物)+車位,南投縣南投市復興路６４１號,58.87,住,,,1131108,土地1建物1車位1,全,一層,透天厝,商業用,鋼筋混凝土造,1130513,245.89,2,1,2,有,有,36000000,146407,坡道平面,23.15,0,,RPQNMLNKKHLGFAM38DA,181.34,0.0,0.0,有,
南投市,房地(土地+建物)+車位,南投縣南投市彰南路三段１２１１巷１８號五樓之３,30.87,住,,,1131006,土地1建物1車位1,五層,七層,華廈(10層含以下有電梯),住家用,鋼筋混凝土造,1141002,133.22,2,2,2,有,有,8080000,73341,坡道平面,38.73,1150000,,RPRNMLPLKIKGFAM78DA,56.24,0.0,6.13,有,
竹山鎮,房地(土地+建物),南投縣竹山鎮集山路二段１１２８號,837.43,住,,,1131012,土地4建物1車位0,全,二層,透天厝,住家用,鋼筋混凝土加強磚造,0620701,199.17,8,4,3,有,無,23880000,119898,,0.0,0,515地號售價玖佰玖拾肆萬元整。      516地號售價參佰壹拾玖萬元整。      517地號售價伍佰伍拾肆萬元整。      518地號及56建號售價伍佰貳拾壹萬元整。,RPPNMLTJJHLGFDM98DA,199.17,0.0,0.0,無,
竹山鎮,房地(土地+建物),南投縣竹山鎮永豐街３７號,104.69,住,,,1130921,土地1建物1車位0,全,三層,透天厝,住家用,鋼筋混凝土造,1141028,215.55,4,3,5,有,無,15300000,70981,,0.0,0,預售屋、或土地及建物分件登記案件；,RPXNMLMKJHLGFDM56DA,202.08,0.0,13.47,有,
仁愛鄉,土地,眉原段117地號,8535.0,,森林區,農牧用地,1130930,土地1建物0車位0,,,其他,,,,0.0,0,0,0,無,無,1875000,220,,0.0,0,原保地，義務人共3人，其中1人為口頭買賣，未簽買賣契約書，其買賣價金為625000元整，權利範圍為1/4。,RPQNMLSLJHLGFCM09DA,0.0,0.0,0.0,無,
南投市,土地,和興段1075地號,153.19,,一般農業區,丙種建築用地,1130904,土地1建物0車位0,,,其他,,,,0.0,0,0,0,無,無,230000,1501,,0.0,0,,RPPNMLPJKHLGFAM38DA,0.0,0.0,0.0,無,
南投市,房地(土地+建物)+車位,南投縣南投市彰南路三段１２１１巷１８號四樓之８,28.86,住,,,1130828,土地1建物1車位1,四層,七層,華廈(10層含以下有電梯),住家用,鋼筋混凝土造,1141002,127.47,2,2,2,有,有,7800000,73811,坡道平面,38.73,1250000,預售屋、或土地及建物分件登記案件；,RPQNMLPLKIKGFAM68DA,55.63,0.0,2.88,有,
南投市,房地(土地+建物)+車位,南投縣南投市彰南路三段１２１１巷１８號二樓之５,25.91,住,,,1130820,土地1建物1車位1,二層,七層,華廈(10層含以下有電梯),住家用,鋼筋混凝土造,1141002,118.16,2,1,1,有,有,6550000,67984,坡道平面,38.73,1150000,,RPVNMLOKJHLGFAM88DA,48.6,0.0,3.75,有,
草屯鎮,房地(土地+建物),南投縣草屯鎮登輝路２１７之５號五樓之１,41.78,住,,,1130811,土地1建物1車位0,五層,五層,華廈(10層含以下有電梯),住家用,鋼筋混凝土造,1140502,121.64000000000001,3,2,2,有,有,9500000,78099,,0.0,0,預售屋、或土地及建物分件登記案件；,RPOOMLKMJHLGFBM18DA,72.15,0.0,7.28,有,
草屯鎮,房地(土地+建物),南投縣草屯鎮登輝路２１１號,90.5,住,,,1130727,土地1建物1車位0,全,三層,透天厝,住家用,鋼筋混凝土造,1140502,187.49,5,3,5,有,無,17680000,94298,,0.0,0,預售屋、或土地及建物分件登記案件；,RPTNMLTLKIKGFBM86DA,178.55,0.0,8.94,無,
魚池鄉,土地,內池段271地號,245.08,商,,,1130708,土地1建物0車位0,,,其他,,,,0.0,0,0,0,無,無,6150000,25094,,0.0,0,,RPRNMLLLJHLGFCM48DA,0.0,0.0,0.0,無,
草屯鎮,房地(土地+建物),南投縣草屯鎮登輝路２２３號,90.5,住,,,1130707,土地1建物1車位0,全,三層,透天厝,住家用,鋼筋混凝土造,1140502,187.74,5,3,5,有,無,17880000,95238,,0.0,0,預售屋、或土地及建物分件登記案件；,RPPOMLKMJHLGFBM28DA,178.55,0.0,9.19,無,
南投市,房地(土地+建物)+車位,南投縣南投市彰南路三段１２１１巷１８號六樓之２,34.77,住,,,1130613,土地1建物1車位1,六層,七層,華廈(10層含以下有電梯),住家用,鋼筋混凝土造,1141002,145.05,3,2,2,有,有,9300000,75715,坡道平面,38.73,1250000,預售屋、或土地及建物分件登記案件；,RPTNMLPLKIKGFAM98DA,63.79,0.0,6.32,有,
南投市,房地(土地+建物),南投縣南投市彰南路三段１１６１巷３號三樓之２,43.42,住,,,1130630,土地6建物1車位0,三層,七層,華廈(10層含以下有電梯),住家用,鋼筋混凝土造,1140829,116.81,3,2,2,有,有,6700000,57358,,0.0,0,預售屋、或土地及建物分件登記案件；,RPSNMLSLKIKGFAM56DA,70.75,0.0,8.17,有,
南投市,房地(土地+建物),南投縣南投市彰南路三段１１６１巷５號二樓之１,42.66,住,,,1130605,土地6建物1車位0,二層,七層,華廈(10層含以下有電梯),住家用,鋼筋混凝土造,1140829,115.50999999999999,3,2,2,有,有,6530000,56532,,0.0,0,預售屋、或土地及建物分件登記案件；,RPUNMLSLKIKGFAM76DA,71.09,0.0,7.05,有,
南投市,土地,牛運堀段39-7地號,456.0,住,,,1130606,土地5建物0車位0,,,其他,,,,0.0,0,0,0,無,無,14288514,31334,,0.0,0,,RPSNMLPLKHLGFAM88DA,0.0,0.0,0.0,無,
南投市,房地(土地+建物)+車位,南投縣南投市彰南路三段１１６１巷３號三樓之５,112.82,住,,,1130525,土地8建物1車位1,三層,七層,華廈(10層含以下有電梯),住家用,鋼筋混凝土造,1140829,116.8,3,1,2,有,有,7900000,74844,其他,27.28,1200000,本買賣總價包含基地外613.613-12地號土地2筆共27.28平方公尺做車位使用,RPPPMLNJKIKGFAM38DA,70.74,0.0,8.17,有,
南投市,房地(土地+建物)+車位,南投縣南投市彰南路三段１１６１巷５號二樓之９,70.69,住,,,1130525,土地8建物1車位1,二層,七層,華廈(10層含以下有電梯),住家用,鋼筋混凝土造,1140829,115.50999999999999,3,1,2,有,有,7700000,73471,其他,27.04,1200000,本買賣總價包含基地外613-3.613-12地號共二筆共27.04平方公尺做為車位使用預售屋、或土地及建物分件登記案件；,RPQPMLNJKIKGFAM48DA,71.09,0.0,7.05,有,
草屯鎮,房地(土地+建物),南投縣草屯鎮登輝路２２７號,94.12,住,,,1130504,土地1建物1車位0,全,三層,透天厝,住家用,鋼筋混凝土造,1140502,206.09,4,3,5,有,無,19380000,94037,,0.0,0,預售屋、或土地及建物分件登記案件；,RPPNMLMLKIKGFBM38DA,192.71,0.0,13.38,有,
南投市,房地(土地+建物)+車位,南投縣南投市彰南路三段１１６１巷５號三樓之１,42.66,住,,,1130520,土地6建物1車位1,三層,七層,華廈(10層含以下有電梯),住家用,鋼筋混凝土造,1140829,138.64,3,2,2,有,有,7550000,56705,坡道平面,23.13,1000000,預售屋、或土地及建物分件登記案件；,RPQNMLTLKIKGFAM09DA,71.09,0.0,7.05,有,
南投市,房地(土地+建物)+車位,南投縣南投市彰南路三段１１６１巷３號五樓之２,69.45,住,,,1130522,土地8建物1車位1,五層,七層,華廈(10層含以下有電梯),住家用,鋼筋混凝土造,1140829,116.81,3,2,2,有,有,7900000,72810,其他,24.79,1200000,預售屋、或土地及建物分件登記案件；,RPRNMLTLKIKGFAM56DA,70.75,0.0,8.17,有,
竹山鎮,房地(土地+建物),南投縣竹山鎮永豐街３５號,108.61,住,,,1130522,土地1建物1車位0,全,三層,透天厝,住家用,鋼筋混凝土造,1141028,218.84,4,3,5,有,無,15610000,71331,,0.0,0,預售屋、或土地及建物分件登記案件；,RPOOMLMKJHLGFDM38DA,205.54,0.0,13.3,有,
南投市,房地(土地+建物),南投縣南投市彰南路三段１１６１巷３號四樓之２,43.42,住,,,1130511,土地6建物1車位0,四層,七層,華廈(10層含以下有電梯),住家用,鋼筋混凝土造,1140829,116.81,3,2,2,有,有,6600000,56502,,0.0,0,,RPROMLLLJHLGFAM38DA,70.75,0.0,8.17,有,
南投市,房地(土地+建物)+車位,南投縣南投市彰南路三段１１６１巷３號五樓之５,43.42,住,,,1130302,土地6建物1車位1,五層,七層,華廈(10層含以下有電梯),住家用,鋼筋混凝土造,1140829,143.89999999999998,3,1,2,有,有,7800000,57796,坡道平面,27.11,1050000,預售屋、或土地及建物分件登記案件；,RPQOMLNJKIKGFAM38DA,70.74,0.0,8.17,有,
南投市,房地(土地+建物)+車位,南投縣南投市彰南路三段１１６１巷３號四樓之５,43.42,住,,,1130311,土地6建物1車位1,四層,七層,華廈(10層含以下有電梯),住家用,鋼筋混凝土造,1140829,143.89999999999998,3,1,2,有,有,7650000,56512,坡道平面,27.11,1050000,預售屋、或土地及建物分件登記案件；,RPSPMLNJKIKGFAM68DA,70.74,0.0,8.17,有,
南投市,房地(土地+建物),南投縣南投市彰南路三段１２１１巷１８號四樓之１,26.58,住,,,1130323,土地1建物1車位0,四層,七層,華廈(10層含以下有電梯),住家用,鋼筋混凝土造,1141002,81.22,2,2,1,有,有,5980000,73627,,0.0,0,預售屋、或土地及建物分件登記案件；,RPTNMLNLKIKGFAM78DA,50.12,0.0,3.39,有,
竹山鎮,房地(土地+建物),南投縣竹山鎮和育一巷５８號,75.43,住,,,1130110,土地3建物1車位0,全,三層,透天厝,住家用,鋼筋混凝土造,1140804,142.23,3,3,3,有,無,11100000,78043,,0.0,0,一樓有室外停車空間預售屋、或土地及建物分件登記案件；,RPQNMLPKKIKGFDM88DA,142.23,0.0,0.0,無,
草屯鎮,房地(土地+建物),南投縣草屯鎮登輝路２３５號,94.12,住,,,1130127,土地1建物1車位0,全,三層,透天厝,住家用,鋼筋混凝土造,1140502,206.09,4,3,5,有,無,19380000,94037,,0.0,0,預售屋、或土地及建物分件登記案件；,RPPNMLQKKIKGFBM68DA,192.71,0.0,13.38,有,
草屯鎮,房地(土地+建物),南投縣草屯鎮登輝路２１７之５號二樓之３,41.78,住,,,1130101,土地1建物1車位0,二層,五層,華廈(10層含以下有電梯),住家用,鋼筋混凝土造,1140502,121.68,3,2,2,有,有,9030000,74211,,0.0,0,預售屋、或土地及建物分件登記案件；,RPUNMLTLKIKGFBM96DA,72.19,0.0,7.28,有,
南投市,房地(土地+建物)+車位,南投縣南投市彰南路三段１１６１巷５號一樓之６,29.91,住,,,1130110,土地6建物1車位1,一層,七層,華廈(10層含以下有電梯),住家用,鋼筋混凝土造,1140829,103.67,2,2,2,有,有,5570000,56742,坡道平面,23.13,1000000,預售屋、或土地及建物分件登記案件；,RPPNMLTLKIKGFAM98DA,54.5,0.0,0.0,有,
南投市,房地(土地+建物)+車位,南投縣南投市彰南路三段１１６１巷３號四樓之３,33.55,住,,,1121217,土地6建物1車位1,四層,七層,華廈(10層含以下有電梯),住家用,鋼筋混凝土造,1140829,116.44999999999999,2,1,2,有,有,6110000,56638,坡道平面,27.11,1050000,預售屋、或土地及建物分件登記案件；,RPPNMLOJKIKGFAM28DA,54.18,0.0,6.08,有,
南投市,房地(土地+建物)+車位,南投縣南投市彰南路三段１２１１巷１８號五樓之７,32.89,住,,,1121207,土地1建物1車位1,五層,七層,華廈(10層含以下有電梯),住家用,鋼筋混凝土造,1141002,138.82,3,2,2,有,有,8630000,73734,坡道平面,38.73,1250000,預售屋、或土地及建物分件登記案件；,RPPNMLQLKIKGFAM68DA,63.2,0.0,2.88,有,
南投市,房地(土地+建物)+車位,南投縣南投市彰南路三段１１６１巷３號二樓之３,33.55,住,,,1121221,土地6建物1車位1,二層,七層,華廈(10層含以下有電梯),住家用,鋼筋混凝土造,1140829,116.44999999999999,2,2,2,有,有,6110000,56638,坡道平面,27.11,1050000,預售屋、或土地及建物分件登記案件；,RPRNMLSLKIKGFAM09DA,54.18,0.0,6.08,有,
南投市,房地(土地+建物)+車位,南投縣南投市彰南路三段１１６１巷５號三樓之９,42.66,住,,,1121219,土地6建物1車位1,三層,七層,華廈(10層含以下有電梯),住家用,鋼筋混凝土造,1140829,138.64,3,2,2,有,有,7580000,56965,坡道平面,23.13,1000000,預售屋、或土地及建物分件登記案件；,RPWNMLSLKIKGFAM96DA,71.09,0.0,7.05,有,
南投市,房地(土地+建物)+車位,南投縣南投市彰南路三段１１６１巷３號三樓之３,33.55,住,,,1121217,土地6建物1車位1,三層,七層,華廈(10層含以下有電梯),住家用,鋼筋混凝土造,1140829,116.44999999999999,2,2,2,有,有,6110000,56638,坡道平面,27.11,1050000,預售屋、或土地及建物分件登記案件；,RPWOMLSLKIKGFAM07DA,54.18,0.0,6.08,有,
南投市,房地(土地+建物),南投縣南投市彰南路三段１１６１巷３號七樓之３,33.55,住,,,1121209,土地6建物1車位0,七層,七層,華廈(10層含以下有電梯),住家用,鋼筋混凝土造,1140829,89.34,2,2,2,有,有,5140000,57533,,0.0,0,預售屋、或土地及建物分件登記案件；,RPXOMLSLKIKGFAM17DA,54.18,0.0,6.08,有,
南投市,房地(土地+建物)+車位,南投縣南投市彰南路三段１２１１巷１８號七樓之５,25.91,住,,,1121105,土地1建物1車位1,七層,七層,華廈(10層含以下有電梯),住家用,鋼筋混凝土造,1141002,118.16,2,1,1,有,有,6810000,71258,坡道平面,38.73,1150000,預售屋、或土地及建物分件登記案件；,RPQNMLRLKHLGFAM88DA,48.6,0.0,3.75,有,
南投市,房地(土地+建物)+車位,南投縣南投市彰南路三段１１６１巷５號一樓之５,38.83,住,,,1121008,土地6建物1車位1,一層,七層,華廈(10層含以下有電梯),住家用,鋼筋混凝土造,1140829,128.58,3,2,2,有,有,6980000,56709,坡道平面,23.13,1000000,預售屋、或土地及建物分件登記案件；,RPTNMLSLKIKGFAM66DA,71.45,0.0,0.0,有,
竹山鎮,房地(土地+建物),南投縣竹山鎮大和街１２６巷３６弄９號,127.07,住,,,1121024,土地2建物1車位0,全,三層,透天厝,住家用,鋼筋混凝土造,1140723,165.29,3,2,3,有,無,12500000,75625,,0.0,0,土地價格新台幣350萬元整建物價格新台幣900萬元整預售屋、或土地及建物分件登記案件；,RPOOMLOKJHLGFDM58DA,158.11,0.0,7.18,無,
竹山鎮,房地(土地+建物),南投縣竹山鎮大和街１２６巷３６弄１１號,132.54,住,,,1121025,土地2建物1車位0,全,三層,透天厝,住家用,鋼筋混凝土造,1140723,165.2,3,2,3,有,無,12000000,72639,,0.0,0,土地價格新台幣336萬元整建物價格新台幣864萬元整預售屋、或土地及建物分件登記案件；,RPPOMLOKJHLGFDM68DA,153.14,0.0,12.06,無,
南投市,房地(土地+建物)+車位,南投縣南投市彰南路三段１２１１巷１８號七樓之７,32.89,住,,,1121007,土地1建物1車位1,七層,七層,華廈(10層含以下有電梯),住家用,鋼筋混凝土造,1141002,138.82,3,2,2,有,有,8680000,75232,坡道平面,38.73,1150000,預售屋、或土地及建物分件登記案件；,RPSNMLOKJHLGFAM58DA,63.2,0.0,2.88,有,
南投市,房地(土地+建物)+車位,南投縣南投市彰南路三段１１６１巷５號一樓之７,28.21,住,,,1121010,土地6建物1車位1,一層,七層,華廈(10層含以下有電梯),住家用,鋼筋混凝土造,1140829,103.39,2,2,2,有,有,5300000,55716,坡道平面,27.11,1050000,,RPXNMLLLJHLGFAM88DA,51.69,0.0,0.0,有,
南投市,房地(土地+建物),南投縣南投市彰南路三段１１６１巷５號一樓之８,28.21,住,,,1121008,土地6建物1車位0,一層,七層,華廈(10層含以下有電梯),住家用,鋼筋混凝土造,1140829,76.19999999999999,2,2,2,有,有,4250000,55774,,0.0,0,,RPOOMLLLJHLGFAM08DA,51.66,0.0,0.0,有,
南投市,房地(土地+建物)+車位,南投縣南投市彰南路三段１１６１巷５號一樓之１,38.83,住,,,1121010,土地6建物1車位1,一層,七層,華廈(10層含以下有電梯),住家用,鋼筋混凝土造,1140829,128.72,3,2,2,有,有,6950000,56350,坡道平面,23.13,1000000,預售屋、或土地及建物分件登記案件；,RPQNMLMJLHLGFAM28DA,71.55,0.0,0.0,有,
南投市,房地(土地+建物)+車位,南投縣南投市彰南路三段１１６１巷５號五樓之１,42.66,住,,,1120923,土地6建物1車位1,五層,七層,華廈(10層含以下有電梯),住家用,鋼筋混凝土造,1140829,138.64,3,1,2,有,有,7580000,56965,坡道平面,23.13,1000000,預售屋、或土地及建物分件登記案件；,RPSOMLNJKIKGFAM58DA,71.09,0.0,7.05,有,
南投市,房地(土地+建物)+車位,南投縣南投市彰南路三段１１６１巷３號七樓之１,29.82,住,,,1120917,土地6建物1車位1,七層,七層,華廈(10層含以下有電梯),住家用,鋼筋混凝土造,1140829,107.19,1,1,1,有,有,5950000,61189,坡道平面,27.11,1050000,預售屋、或土地及建物分件登記案件；,RPWOMLNJKIKGFAM98DA,48.43,0.0,5.74,有,
南投市,房地(土地+建物)+車位,南投縣南投市彰南路三段１１６１巷３號七樓之６,29.68,住,,,1120919,土地6建物1車位1,七層,七層,華廈(10層含以下有電梯),住家用,鋼筋混凝土造,1140829,107.19,1,1,1,有,有,5950000,61189,坡道平面,27.11,1050000,預售屋、或土地及建物分件登記案件；,RPXOMLNJKIKGFAM09DA,48.43,0.0,5.74,有,
南投市,房地(土地+建物)+車位,南投縣南投市彰南路三段１１６１巷５號三樓之５,42.66,住,,,1120925,土地6建物1車位1,三層,七層,華廈(10層含以下有電梯),住家用,鋼筋混凝土造,1140829,138.5,3,2,2,有,有,7560000,56861,坡道平面,23.13,1000000,預售屋、或土地及建物分件登記案件；,RPVNMLSLKIKGFAM86DA,70.99,0.0,7.05,有,
南投市,房地(土地+建物)+車位,南投縣南投市彰南路三段１１６１巷５號七樓之３,30.97,住,,,1120909,土地6建物1車位1,七層,七層,華廈(10層含以下有電梯),住家用,鋼筋混凝土造,1140829,106.14,2,2,2,有,有,5760000,57342,坡道平面,23.13,1000000,預售屋、或土地及建物分件登記案件；,RPQOMLSLKIKGFAM09DA,51.11,0.0,5.04,有,
南投市,房地(土地+建物),南投縣南投市彰南路三段１１６１巷５號二樓之７,30.97,住,,,1120826,土地6建物1車位0,二層,七層,華廈(10層含以下有電梯),住家用,鋼筋混凝土造,1140829,83.3,2,1,2,有,有,4680000,56182,,0.0,0,預售屋、或土地及建物分件登記案件；,RPUOMLNJKIKGFAM78DA,51.32,0.0,5.04,有,
草屯鎮,房地(土地+建物),南投縣草屯鎮登輝路２０９號,90.5,住,,,1120813,土地1建物1車位0,全,三層,透天厝,住家用,鋼筋混凝土造,1140502,187.74,5,3,5,有,無,16680000,88846,,0.0,0,預售屋、或土地及建物分件登記案件；,RPRNMLMLKIKGFBM58DA,178.55,0.0,9.19,無,
南投市,房地(土地+建物)+車位,南投縣南投市彰南路三段１１６１巷５號一樓之９,38.83,住,,,1120826,土地6建物1車位1,一層,七層,華廈(10層含以下有電梯),住家用,鋼筋混凝土造,1140829,128.72,3,2,2,有,有,6980000,56634,坡道平面,23.13,1000000,預售屋、或土地及建物分件登記案件；,RPVOMLSLKIKGFAM96DA,71.55,0.0,0.0,有,
南投市,房地(土地+建物)+車位,南投縣南投市彰南路三段１１６１巷５號四樓之８,30.97,住,,,1120719,土地6建物1車位1,四層,七層,華廈(10層含以下有電梯),住家用,鋼筋混凝土造,1140829,106.35,2,2,2,有,有,5680000,56236,坡道平面,23.13,1000000,預售屋、或土地及建物分件登記案件；,RPOOMLSLKIKGFAM88DA,51.28,0.0,5.04,有,
南投市,房地(土地+建物)+車位,南投縣南投市彰南路三段１１６１巷５號四樓之５,42.66,住,,,1120730,土地6建物1車位1,四層,七層,華廈(10層含以下有電梯),住家用,鋼筋混凝土造,1140829,138.5,3,2,2,有,有,7480000,56167,坡道平面,23.13,1000000,,RPVNMLLLJHLGFAM68DA,70.99,0.0,7.05,有,
埔里鎮,房地(土地+建物),南投縣埔里鎮中心路１４之１號,2500.0,,特定農業區,農牧用地,1120630,土地1建物1車位0,全,一層,透天厝,農業用,加強磚造,0790112,187.5,3,2,1,有,無,12300000,65600,,0.0,0,,RPPNMLOKJHLGFCM48DA,187.5,0.0,0.0,無,0295
草屯鎮,房地(土地+建物),南投縣草屯鎮登輝路２１７之１號二樓之３,43.15,住,,,1120620,土地1建物1車位0,二層,五層,華廈(10層含以下有電梯),住家用,鋼筋混凝土造,1140502,125.02,3,2,2,有,有,8900000,71189,,0.0,0,預售屋、或土地及建物分件登記案件；,RPXNMLKMJHLGFBM98DA,74.74,0.0,7.28,有,
南投市,房地(土地+建物),南投縣南投市彰南路三段１１６１巷５號七樓之５,37.89,住,,,1120522,土地6建物1車位0,七層,七層,華廈(10層含以下有電梯),住家用,鋼筋混凝土造,1140829,102.45,2,2,2,有,有,5980000,58370,,0.0,0,預售屋、或土地及建物分件登記案件；,RPROMLSLKIKGFAM56DA,62.46,0.0,6.85,有,
南投市,房地(土地+建物)+車位,南投縣南投市彰南路三段１２１１巷１８號五樓之８,28.86,住,,,1120426,土地1建物1車位1,五層,七層,華廈(10層含以下有電梯),住家用,鋼筋混凝土造,1141002,127.47,2,2,2,有,有,7790000,74825,坡道平面,38.73,1150000,預售屋、或土地及建物分件登記案件；,RPSNMLPLKIKGFAM88DA,55.63,0.0,2.88,有,
南投市,房地(土地+建物)+車位,南投縣南投市彰南路三段１２１１巷１８號六樓之５,25.91,住,,,1120423,土地1建物1車位1,六層,七層,華廈(10層含以下有電梯),住家用,鋼筋混凝土造,1141002,118.16,2,2,1,有,有,6860000,71887,坡道平面,38.73,1150000,預售屋、或土地及建物分件登記案件；,RPUNMLPLKIKGFAM09DA,48.6,0.0,3.75,有,
南投市,房地(土地+建物)+車位,南投縣南投市彰南路三段１１６１巷５號七樓之８,30.97,住,,,1120403,土地6建物1車位1,七層,七層,華廈(10層含以下有電梯),住家用,鋼筋混凝土造,1140829,110.33,2,2,2,有,有,5830000,57438,坡道平面,27.11,1050000,預售屋、或土地及建物分件登記案件；,RPTOMLSLKIKGFAM76DA,51.28,0.0,5.04,有,
南投市,房地(土地+建物)+車位,南投縣南投市彰南路三段１２１１巷１８號五樓之１,26.58,住,,,1120429,土地1建物1車位1,五層,七層,華廈(10層含以下有電梯),住家用,鋼筋混凝土造,1141002,119.94999999999999,2,1,1,有,有,7220000,73504,坡道平面,38.73,1250000,預售屋、或土地及建物分件登記案件；,RPPNMLRLKHLGFAM78DA,50.12,0.0,3.39,有,
南投市,房地(土地+建物)+車位,南投縣南投市彰南路三段１１６１巷５號五樓之３,30.97,住,,,1120306,土地6建物1車位1,五層,七層,華廈(10層含以下有電梯),住家用,鋼筋混凝土造,1140829,110.11,2,1,2,有,有,5760000,56747,坡道平面,27.11,1050000,預售屋、或土地及建物分件登記案件；,RPTOMLNJKIKGFAM68DA,51.11,0.0,5.04,有,
南投市,房地(土地+建物)+車位,南投縣南投市彰南路三段１１６１巷５號六樓之８,30.97,住,,,1120223,土地6建物1車位1,六層,七層,華廈(10層含以下有電梯),住家用,鋼筋混凝土造,1140829,110.33,2,2,2,有,有,5780000,56837,坡道平面,27.11,1050000,預售屋、或土地及建物分件登記案件；,RPPNMLSLKIKGFAM88DA,51.28,0.0,5.04,有,
南投市,房地(土地+建物)+車位,南投縣南投市彰南路三段１１６１巷５號六樓之５,42.66,住,,,1120211,土地6建物1車位1,六層,七層,華廈(10層含以下有電梯),住家用,鋼筋混凝土造,1140829,142.48000000000002,3,2,2,有,有,7700000,57641,坡道平面,27.11,1050000,預售屋、或土地及建物分件登記案件；,RPPOMLSLKIKGFAM98DA,70.99,0.0,7.05,有,
南投市,房地(土地+建物)+車位,南投縣南投市彰南路三段１１６１巷５號五樓之６,32.76,住,,,1120107,土地6建物1車位1,五層,七層,華廈(10層含以下有電梯),住家用,鋼筋混凝土造,1140829,115.02,2,1,2,有,有,6090000,57331,坡道平面,27.11,1050000,預售屋、或土地及建物分件登記案件；,RPROMLNJKIKGFAM48DA,54.23,0.0,5.25,有,
南投市,房地(土地+建物)+車位,南投縣南投市彰南路三段１１６１巷５號四樓之６,32.76,住,,,1120118,土地6建物1車位1,四層,七層,華廈(10層含以下有電梯),住家用,鋼筋混凝土造,1140829,115.02,2,2,2,有,有,6000000,56308,坡道平面,27.11,1050000,預售屋、或土地及建物分件登記案件；,RPXNMLSLKIKGFAM07DA,54.23,0.0,5.25,有,
南投市,房地(土地+建物)+車位,南投縣南投市彰南路三段１１６１巷５號六樓之６,32.76,住,,,1111201,土地6建物1車位1,六層,七層,華廈(10層含以下有電梯),住家用,鋼筋混凝土造,1140829,115.02,2,1,2,有,有,6100000,57445,坡道平面,27.11,1050000,預售屋、或土地及建物分件登記案件；,RPTPMLNJKIKGFAM78DA,54.23,0.0,5.25,有,
南投市,房地(土地+建物)+車位,南投縣南投市彰南路三段１２１１巷１８號四樓之５,25.91,住,,,1111225,土地1建物1車位1,四層,七層,華廈(10層含以下有電梯),住家用,鋼筋混凝土造,1141002,118.16,2,1,1,有,有,6600000,68614,坡道平面,38.73,1150000,預售屋、或土地及建物分件登記案件；,RPPNMLPLKIKGFAM58DA,48.6,0.0,3.75,有,
南投市,房地(土地+建物)+車位,南投縣南投市彰南路三段１２１１巷１８號六樓之７,32.89,住,,,1111225,土地1建物1車位1,六層,七層,華廈(10層含以下有電梯),住家用,鋼筋混凝土造,1141002,138.82,3,2,2,有,有,8550000,73933,坡道平面,38.73,1150000,預售屋變更設計為三房二廳二衛預售屋、或土地及建物分件登記案件；,RPVNMLPLKIKGFAM56DA,63.2,0.0,2.88,有,
南投市,房地(土地+建物)+車位,南投縣南投市彰南路三段１１６１巷５號三樓之７,30.97,住,,,1111210,土地6建物1車位1,三層,七層,華廈(10層含以下有電梯),住家用,鋼筋混凝土造,1140829,106.43,2,2,2,有,有,5700000,56423,坡道平面,23.13,1000000,預售屋、或土地及建物分件登記案件；,RPRNMLMJLHLGFAM38DA,51.32,0.0,5.04,有,
南投市,房地(土地+建物),南投縣南投市彰南路三段１１６１巷５號七樓之７,30.97,住,,,1111127,土地6建物1車位0,七層,七層,華廈(10層含以下有電梯),住家用,鋼筋混凝土造,1140829,83.31,2,2,2,有,有,4800000,57616,,0.0,0,預售屋、或土地及建物分件登記案件；,RPSOMLSLKIKGFAM66DA,51.33,0.0,5.04,有,
南投市,房地(土地+建物)+車位,南投縣南投市彰南路三段１１６１巷５號六樓之９,53.18,都市：其他:道路用地,,,1110918,土地6建物1車位1,六層,七層,華廈(10層含以下有電梯),住家用,鋼筋混凝土造,1140829,142.62,3,2,2,有,有,7650000,57138,坡道平面,27.11,1050000,預售屋、或土地及建物分件登記案件；,RPRPMLNJKIKGFAM58DA,71.09,0.0,7.05,有,
南投市,房地(土地+建物)+車位,南投縣南投市彰南路三段１１６１巷５號五樓之７,30.97,住,,,1110903,土地6建物1車位1,五層,七層,華廈(10層含以下有電梯),住家用,鋼筋混凝土造,1140829,110.41,2,2,2,有,有,5800000,57023,坡道平面,27.11,1050000,預售屋、或土地及建物分件登記案件；,RPUOMLSLKIKGFAM86DA,51.32,0.0,5.04,有,
南投市,房地(土地+建物)+車位,南投縣南投市彰南路三段１１６１巷５號五樓之５,42.66,住,,,1110921,土地6建物1車位1,五層,七層,華廈(10層含以下有電梯),住家用,鋼筋混凝土造,1140829,142.48000000000002,3,2,2,有,有,7660000,57294,坡道平面,27.11,1050000,預售屋、或土地及建物分件登記案件；,RPTNMLMJLHLGFAM58DA,70.99,0.0,7.05,有,
南投市,房地(土地+建物)+車位,南投縣南投市彰南路三段１１６１巷５號五樓之９,42.66,住,,,1110718,土地6建物1車位2,五層,七層,華廈(10層含以下有電梯),住家用,鋼筋混凝土造,1140829,169.73000000000002,3,1,2,有,有,8760000,57657,坡道平面,54.22,2100000,預售屋、或土地及建物分件登記案件；,RPOPMLNJKIKGFAM28DA,71.09,0.0,7.05,有,
埔里鎮,房地(土地+建物)+車位,南投縣埔里鎮北平街１３６號二樓之３,20.01,商,,,1110101,土地1建物1車位1,二層,十四層,住宅大樓(11層含以上有電梯),住家用,ＲＣ造,1140818,144.81,3,2,2,有,有,8650000,64270,坡道平面,25.78,1000000,112.11.23讓渡金額不變預售屋、或土地及建物分件登記案件；,RPXNMLPJJHLGFCM66DA,72.68,0.0,7.32,有,
南投市,房地(土地+建物)+車位,南投縣南投市華陽路４０１巷１９弄３６號二樓之５,52.79,都市：其他:住宅區,,,1101003,土地6建物1車位1,二層,十四層,住宅大樓(11層含以上有電梯),住家用,鋼筋混凝土造,1140122,105.1,3,2,2,有,有,6230000,59277,其他,0.0,850000,預售屋、或土地及建物分件登記案件；,RPRNMLTKKIKGFAM09DA,63.98,0.0,5.86,有,
南投市,房地(土地+建物)+車位,南投縣南投市華陽路４０１巷１９弄２６號二樓之２,47.79,都市：其他:住宅區,,,1101006,土地6建物1車位1,二層,十四層,住宅大樓(11層含以上有電梯),住家用,鋼筋混凝土造,1140122,87.93,2,2,1,有,有,5400000,61412,其他,0.0,850000,讓售價格：新台幣6380000元整。預售屋、或土地及建物分件登記案件；,RPSNMLTKKIKGFAM56DA,51.82,0.0,6.67,有,
南投市,房地(土地+建物)+車位,南投縣南投市華陽路４０１巷１９弄２６號二樓之１,54.83,都市：其他:住宅區,,,1100910,土地6建物1車位1,二層,十四層,住宅大樓(11層含以上有電梯),住家用,鋼筋混凝土造,1140122,112.59,3,2,2,有,有,6660000,59153,其他,0.0,850000,預售屋、或土地及建物分件登記案件；,RPQNMLSKKIKGFAM88DA,68.44,0.0,6.49,有,
南投市,房地(土地+建物)+車位,南投縣南投市華陽路４０１巷１９弄２６號三樓之６,51.96,住,,,1100320,土地5建物1車位2,三層,十四層,住宅大樓(11層含以上有電梯),住家用,鋼筋混凝土造,1140122,134.79000000000002,3,2,2,有,有,7500000,50889,坡道平面,29.66,2150000,,RPRNMLSKKIKGFAM98DA,64.01,0.0,5.86,有,
南投市,房地(土地+建物)+車位,南投縣南投市華陽路４０１巷１９弄２６號十二樓之３,55.32,都市：其他:住宅區,,,1091101,土地6建物1車位1,十二層,十四層,住宅大樓(11層含以上有電梯),住家用,鋼筋混凝土造,1140122,112.61999999999999,3,2,2,有,有,6750000,59936,其他,0.0,850000,,RPSNMLSKKIKGFAM09DA,68.47,0.0,6.49,有,
南投市,房地(土地+建物)+車位,南投縣南投市華陽路４０１巷１９弄２６號十樓之３,41.0,都市：其他:住宅區,,,1090704,土地4建物1車位1,十層,十四層,住宅大樓(11層含以上有電梯),住家用,鋼筋混凝土造,1140122,142.27999999999997,3,2,2,有,有,6750000,51501,坡道平面,29.66,950000,預售屋、或土地及建物分件登記案件；,RPSNMLMKKIKGFAM48DA,68.47,0.0,6.49,有,
