編號,土地位置,土地移轉面積平方公尺,使用分區或編定,權利人持分分母,權利人持分分子,移轉情形,地號
The serial number, land position,land shifting area square meter,the use zoning or compiles and checks,,,,land parcel
RPPNMLMKKHLGFAM18DA,北松嶺段,76.68,非都市：一般農業區 ; 非都市編定：農牧用地,6,1,持分移轉,01690000
RPPNMLMKKHLGFAM18DA,北松嶺段,332.52,都市：其他:農業區,6,1,持分移轉,07070000
RPPNMLMKKHLGFAM18DA,北松嶺段,54.25,都市：其他:農業區,6,1,持分移轉,07070001
RPPNMLMKKHLGFAM18DA,北松嶺段,40.48,都市：其他:農業區,6,1,持分移轉,07070002
RPPNMLMKKHLGFAM18DA,北松嶺段,13.34,都市：其他:農業區,6,1,持分移轉,07070003
RPRNMLNKKHLGFAM48DA,新豐段,.53,都市：其他:住宅區,216,1,持分移轉,02230000
RPRNMLNKKHLGFAM48DA,新豐段,.25,都市：其他:住宅區,22059,33,持分移轉,02240000
RPRNMLNKKHLGFAM48DA,新豐段,.52,都市：其他:住宅區,216,1,持分移轉,02260000
RPRNMLNKKHLGFAM48DA,新豐段,.12,都市：其他:住宅區,22059,33,持分移轉,02270000
RPRNMLNKKHLGFAM48DA,新豐段,8.06,都市：其他:住宅區,729,3,持分移轉,02280000
RPPNMLOLKHLGFEM98EA,拔社埔段,255.00,非都市：山坡地保育區 ; 非都市編定：農牧用地,6,1,持分移轉,00010120
RPPNMLOLKHLGFEM98EA,新民和段,769.25,非都市：特定農業區 ; 非都市編定：農牧用地,1,1,全筆移轉,09470000
RPQNMLQJLHLGFCM88DA,南興段,5.16,都市：其他:住宅區,1,1,全筆移轉,04940002
RPPNMLKKLHLGFCM38EA,大瑪璘段,51.35,非都市：鄉村區 ; 非都市編定：乙種建築用地,1,1,全筆移轉,05300000
RPPNMLKKLHLGFCM38EA,大瑪璘段,27.37,非都市：鄉村區 ; 非都市編定：乙種建築用地,1,1,全筆移轉,05310000
RPQNMLQLKHLGFCM98DA,麒麟段,790.33,非都市：特定農業區 ; 非都市編定：甲種建築用地,1,1,全筆移轉,04190000
RPPNMLOJLHLGFEM88EA,南光段,27.00,都市：其他:公園用地,1,1,全筆移轉,01360000
RPPNMLPLKHLGFCM78DA,育英段,17.44,都市：其他:道路用地,1,1,全筆移轉,12590000
RPPNMLPLKHLGFCM78DA,育英段,62.74,都市：其他:住宅區,1,1,全筆移轉,12600000
RPRNMLMJKHLGFDM58DA,內樹皮段,125.88,都市：其他:林業區,40000,2609,持分移轉,00910000
RPRNMLMJKHLGFDM58DA,內樹皮段,49.38,都市：其他:林業區,40000,2609,持分移轉,00920000
RPSNMLTJKHLGFDM76DA,文田段,1040.94,非都市：山坡地保育區 ; 非都市編定：農牧用地,3,1,持分移轉,12630000
RPQNMLMJKHLGFBM28DA,草屯段,4.00,都市：其他:道路用地,4,2,持分移轉,05000003
RPPNMLNJKHLGFBM28DA,新富寮段,5.03,都市：其他:住宅區,16,1,持分移轉,03420000
RPPNMLNJKHLGFBM28DA,新富寮段,29.53,都市：其他:住宅區,60,1,持分移轉,03440000
RPPNMLNJKHLGFBM28DA,新富寮段,7.49,都市：其他:住宅區,60,1,持分移轉,03450000
RPRNMLMJLHLGFCM58DA,望洋段,87.00,非都市：鄉村區 ; 非都市編定：乙種建築用地,1,1,全筆移轉,04460059
RPTNMLNJLHLGFCM88DA,新興段,2543.87,非都市：特定農業區 ; 非都市編定：農牧用地,1,1,全筆移轉,04250000
RPTNMLNJLHLGFCM88DA,新興段,1411.12,非都市：特定農業區 ; 非都市編定：農牧用地,1,1,全筆移轉,04270000
RPQNMLOLKHLGFCM78DA,珠格段,533.14,非都市：特定農業區 ; 非都市編定：農牧用地,1200,190,持分移轉,11070000
RPQNMLOLKHLGFCM78DA,珠格段,45.61,非都市：特定農業區 ; 非都市編定：農牧用地,120,18,持分移轉,11090000
RPPNMLPJKHLGFDM68DA,桂北段,76.93,都市：其他:住宅區,1,1,全筆移轉,07800000
RPTNMLMJLHLGFCM78DA,麒麟段,2923.10,非都市：特定農業區 ; 非都市編定：農牧用地,1,1,全筆移轉,04170000
RPTNMLMJLHLGFCM78DA,麒麟段,2754.84,非都市：特定農業區 ; 非都市編定：農牧用地,1,1,全筆移轉,04280000
RPSNMLOLKHLGFAM78DA,南松嶺段,1.44,都市：其他:商業區,1,1,全筆移轉,07140000
RPSNMLQJKHLGFBM88DA,玉峰段,20.39,都市：其他:住宅區,3,1,持分移轉,06660000
RPPNMLPJLHLGFDM78DA,鯉魚尾段,3201.00,非都市：山坡地保育區 ; 非都市編定：農牧用地,1,1,全筆移轉,03200694
RPPNMLPJLHLGFDM78DA,鯉魚尾段,73.00,非都市：山坡地保育區 ; 非都市編定：農牧用地,1,1,全筆移轉,03200696
RPRNMLPJLHLGFDM98DA,紫南段,45.99,非都市：特定農業區 ; 非都市編定：農牧用地,1,1,全筆移轉,02000001
RPPNMLQJLHLGFDM88DA,延祥段,92.83,都市：其他:住宅區,1,1,全筆移轉,08560000
RPSNMLMJKHLGFDM68DA,內樹皮段,451.43,都市：其他:林業區,40000,9356,持分移轉,00910000
RPSNMLMJKHLGFDM68DA,內樹皮段,177.06,都市：其他:林業區,40000,9356,持分移轉,00920000
RPPNMLMJLHLGFDM48DA,埔頭段,23.33,都市：其他:商業區,3,1,持分移轉,00510000
RPPNMLOJKHLGFAM28DA,成功段,62.71,都市：其他:住宅區,1,1,全筆移轉,03820000
RPPNMLOJKHLGFAM28DA,成功段,15.53,都市：其他:住宅區,7570,197,持分移轉,04250000
RPQNMLLKKHLGFCM38DA,中峰段,1644.91,非都市：特定農業區 ; 非都市編定：農牧用地,1,1,全筆移轉,00680000
RPQNMLPJLHLGFAM58DA,三塊厝段,87.50,都市：其他:住宅區,2,1,持分移轉,01220014
RPUNMLMJLHLGFDM09EA,廣興段,23.17,都市：其他:住宅區,1,1,全筆移轉,04020000
RPUNMLMJLHLGFDM09EA,廣興段,12.20,都市：其他:住宅區,1,1,全筆移轉,04040000
RPUNMLMJLHLGFDM09EA,廣興段,128.49,都市：其他:住宅區,1,1,全筆移轉,04070000
RPRNMLNKKHLGFCM68DA,新興段,223.14,非都市：鄉村區 ; 非都市編定：乙種建築用地,6,2,持分移轉,00940000
RPPNMLTKJHLGFDM56EA,平正段,141.12,都市：其他:住宅區,10,3,持分移轉,07630000
RPPNMLTKJHLGFDM56EA,平正段,24.49,都市：其他:住宅區,10,3,持分移轉,07650000
RPPNMLMKJHLGFDM38DA,文昌段,29.65,非都市：鄉村區 ; 非都市編定：乙種建築用地,180,3,持分移轉,09370000
RPQNMLPKJHLGFBM58DA,新南坪段,1149.65,非都市：森林區 ; 非都市編定：農牧用地,20,1,持分移轉,09350000
RPPNMLTKJHLGFCM98DA,寶湖窟段,610.00,非都市：山坡地保育區 ; 非都市編定：丙種建築用地,1,1,全筆移轉,07040000
RPRNMLPLKHLGFBM88DA,中興段,132.00,都市：其他:農業區,1,1,全筆移轉,08230000
RPPNMLTKJHLGFBM88DA,新豐段,104.75,非都市：鄉村區 ; 非都市編定：乙種建築用地,1,1,全筆移轉,21130000
RPPNMLNKJHLGFCM38DA,新興段,872.58,非都市：特定農業區 ; 非都市編定：農牧用地,1,1,全筆移轉,05250000
RPPNMLNKJHLGFCM38DA,新興段,1050.79,非都市：特定農業區 ; 非都市編定：農牧用地,1,1,全筆移轉,05260000
RPUNMLNKJHLGFDM98DA,仁德段,29.24,都市：其他:住宅區,100000,4765,持分移轉,01880000
RPUNMLNKJHLGFDM98DA,仁德段,7.95,都市：其他:住宅區,100000,4765,持分移轉,02270000
RPRNMLQKJHLGFDM98DA,新鹿谷段,225.15,非都市：山坡地保育區 ; 非都市編定：農牧用地,48,3,持分移轉,00570000
RPRNMLQKJHLGFDM98DA,新鹿谷段,10.07,,48,3,持分移轉,01730000
RPQNMLTKJHLGFDM56DA,茅埔段,586.14,非都市：山坡地保育區 ; 非都市編定：農牧用地,1,1,全筆移轉,01220000
RPQNMLTKJHLGFDM56DA,茅埔段,232.54,非都市：山坡地保育區 ; 非都市編定：農牧用地,1,1,全筆移轉,01230000
RPQNMLTKJHLGFDM56DA,茅埔段,82.52,非都市：山坡地保育區 ; 非都市編定：農牧用地,1,1,全筆移轉,01240000
RPSNMLQKJHLGFDM09DA,新鹿谷段,225.15,非都市：山坡地保育區 ; 非都市編定：農牧用地,48,3,持分移轉,00570000
RPRNMLTKJHLGFDM66DA,內樹皮段,1723.22,非都市：森林區 ; 非都市編定：農牧用地,9,1,持分移轉,02680000
RPSNMLQKJHLGFDM09DA,新鹿谷段,166.49,非都市：山坡地保育區 ; 非都市編定：農牧用地,48,3,持分移轉,00630000
RPSNMLQKJHLGFDM09DA,新鹿谷段,14.83,,48,3,持分移轉,01720000
RPSNMLQKJHLGFDM09DA,新鹿谷段,10.07,,48,3,持分移轉,01730000
RPSNMLQKJHLGFDM09DA,新鹿谷段,17.03,都市：其他:農業區,48,3,持分移轉,01750000
RPTNMLNKJHLGFCM78DA,北港溪段,447.50,非都市：山坡地保育區 ; 非都市編定：農牧用地,2,1,持分移轉,00580715
RPTNMLTKJHLGFDM96EA,新和段,117.37,都市：其他:住宅區(附一),1,1,全筆移轉,05040000
RPTNMLTKJHLGFDM96EA,新和段,35.73,都市：其他:農業區,1,1,全筆移轉,05180000
RPTNMLNKJHLGFBM68DA,北投堡段,24.05,非都市：鄉村區 ; 非都市編定：乙種建築用地,100000,4010,持分移轉,05550006
RPTNMLNKJHLGFBM68DA,北投堡段,100.30,非都市：鄉村區 ; 非都市編定：乙種建築用地,1,1,全筆移轉,05550018
RPUNMLQKJHLGFDM66DA,瑞山段,166.06,非都市：山坡地保育區 ; 非都市編定：丙種建築用地,4,1,持分移轉,03530000
RPUNMLQKJHLGFDM66DA,瑞山段,1013.55,非都市：山坡地保育區 ; 非都市編定：農牧用地,4,1,持分移轉,03540000
RPPNMLPKJHLGFCM58DA,大林段,294.00,非都市：鄉村區 ; 非都市編定：乙種建築用地,2,1,持分移轉,00650004
RPRNMLMLJHLGFCM58DA,龜溝段,2150.27,非都市：特定農業區 ; 非都市編定：農牧用地,1,1,全筆移轉,06820000
RPPNMLKLJHLGFCM18DA,武界段,155.00,非都市：森林區 ; 非都市編定：農牧用地,1060,155,持分移轉,02910000
RPPNMLNLJHLGFCM48DA,紅瓦厝段,182.60,非都市：特定農業區 ; 非都市編定：農牧用地,2,1,持分移轉,05560000
RPPNMLNLJHLGFCM48DA,紅瓦厝段,1054.02,非都市：特定農業區 ; 非都市編定：農牧用地,2,1,持分移轉,05570000
RPPNMLNKJHLGFEM58DA,潭南段,1340.00,非都市：山坡地保育區 ; 非都市編定：農牧用地,1,1,全筆移轉,01570000
RPPNMLLLJHLGFEM48DA,集集段雞籠山小段,850.00,非都市：山坡地保育區 ; 非都市編定：農牧用地,1,1,全筆移轉,03500001
RPPNMLLLJHLGFEM48DA,集集段雞籠山小段,1370.00,非都市：山坡地保育區 ; 非都市編定：農牧用地,1,1,全筆移轉,04460000
RPOOMLLLJHLGFDM38DA,溫水段,72.76,非都市：鄉村區 ; 非都市編定：乙種建築用地,1,1,全筆移轉,03630000
RPQNMLMLJHLGFAM28DA,牛運堀段,13.70,都市：其他:住宅區,10000,98,持分移轉,01200010
RPQNMLLLJHLGFEM58DA,環山段,42.30,都市：其他:住宅區,1,1,全筆移轉,07830000
RPTNMLLLJHLGFCM68DA,大坪段,1200.00,非都市：山坡地保育區 ; 非都市編定：農牧用地,1,1,全筆移轉,04740000
RPQNMLTKJHLGFDM66EA,延祥段,88.88,都市：其他:住宅區,1,1,全筆移轉,06150000
RPQNMLRLJHLGFDM09DA,新和段,22.43,都市：其他:住宅區(附一),4,1,持分移轉,04540000
RPQNMLQLJHLGFDM09EA,中正段,42.00,都市：其他:商業區,4,1,持分移轉,06680000
RPRNMLQLJHLGFDM56EA,中正段,5.25,都市：其他:商業區,4,1,持分移轉,06650000
RPQNMLNLJHLGFBM48DA,玉峰段,10.19,都市：其他:住宅區,6,1,持分移轉,06660000
RPRNMLNLJHLGFCM68DA,埔里段梅子腳小段,8.90,都市：其他:住宅區,100000,145,持分移轉,00890010
RPVNMLMLJHLGFAM78DA,後寮段,2850.00,非都市：山坡地保育區 ; 非都市編定：農牧用地,1,1,全筆移轉,09860009
RPWNMLQLJHLGFCM86DA,國姓段,46.25,非都市：山坡地保育區 ; 非都市編定：丙種建築用地,100000,656,持分移轉,00330001
RPWNMLQLJHLGFCM86DA,國姓段,36.00,非都市：山坡地保育區 ; 非都市編定：丙種建築用地,1,1,全筆移轉,00330065
RPRNMLLLJHLGFDM58DA,仁德段,43.73,都市：其他:住宅區,100000,7127,持分移轉,01880000
RPRNMLLLJHLGFDM58DA,仁德段,11.88,都市：其他:住宅區,100000,7127,持分移轉,02270000
RPPNMLOLJHLGFCM58DA,埔里段北門小段,98.00,都市：其他:住宅區,1,1,全筆移轉,01540001
RPQOMLNKJHLGFDM68DA,仁德段,43.73,都市：其他:住宅區,100000,7127,持分移轉,01880000
RPQOMLNKJHLGFDM68DA,仁德段,11.88,都市：其他:住宅區,100000,7127,持分移轉,02270000
RPQNMLMLJHLGFDM58DA,中崎段,1055.54,非都市：特定農業區 ; 非都市編定：農牧用地,1,1,全筆移轉,05410000
RPPNMLNLJHLGFAM28DA,同源段,2011.42,非都市：特定農業區 ; 非都市編定：農牧用地,4,1,持分移轉,01030000
RPPNMLNLJHLGFAM28DA,同源段,384.25,非都市：特定農業區 ; 非都市編定：農牧用地,4,1,持分移轉,01080000
RPQNMLQLJHLGFAM68DA,同源段,306.75,非都市：特定農業區 ; 非都市編定：丁種建築用地,4,1,持分移轉,01070000
RPQNMLQLJHLGFAM68DA,同源段,372.27,非都市：特定農業區 ; 非都市編定：丁種建築用地,4,1,持分移轉,01140000
RPQNMLQLJHLGFAM68DA,同源段,52.50,非都市：特定農業區 ; 非都市編定：丁種建築用地,4,1,持分移轉,01150000
RPQNMLQLJHLGFAM68DA,同源段,73.00,非都市：特定農業區 ; 非都市編定：丁種建築用地,4,1,持分移轉,01170000
RPQNMLQLJHLGFAM68DA,同源段,80.94,非都市：特定農業區 ; 非都市編定：丁種建築用地,4,1,持分移轉,01190000
RPQNMLLLJHLGFCM38DA,梅林段,14.13,都市：其他:住宅區,1,1,全筆移轉,09200000
RPSNMLSJJHLGFDM56DA,枋平段,580.06,非都市：一般農業區 ; 非都市編定：農牧用地,1,1,全筆移轉,04580000
RPPNMLKLJHLGFAM08EA,新廍下段,820.46,非都市：一般農業區 ; 非都市編定：農牧用地,1,1,全筆移轉,11670000
RPPNMLQLJHLGFAM58DA,同源段,306.75,非都市：特定農業區 ; 非都市編定：丁種建築用地,4,1,持分移轉,01070000
RPPNMLQLJHLGFAM58DA,同源段,372.27,非都市：特定農業區 ; 非都市編定：丁種建築用地,4,1,持分移轉,01140000
RPPNMLQLJHLGFAM58DA,同源段,52.50,非都市：特定農業區 ; 非都市編定：丁種建築用地,4,1,持分移轉,01150000
RPPNMLQLJHLGFAM58DA,同源段,73.00,非都市：特定農業區 ; 非都市編定：丁種建築用地,4,1,持分移轉,01170000
RPPNMLQLJHLGFAM58DA,同源段,80.94,非都市：特定農業區 ; 非都市編定：丁種建築用地,4,1,持分移轉,01190000
RPPNMLPKJHLGFBM48DA,南坪段,167.28,非都市：山坡地保育區 ; 非都市編定：農牧用地,16367760,334560,持分移轉,08730000
RPUNMLNLJHLGFBM88DA,新富仁段,1958.27,都市：其他:產業專用區,1,1,全筆移轉,05670030
RPQNMLMLJHLGFCM48DA,水長流段,10500.00,非都市：山坡地保育區 ; 非都市編定：農牧用地,1,1,全筆移轉,35390000
RPOOMLQLJHLGFCM78DA,國姓段,46.25,非都市：山坡地保育區 ; 非都市編定：丙種建築用地,100000,656,持分移轉,00330001
RPOOMLQLJHLGFCM78DA,國姓段,36.00,非都市：山坡地保育區 ; 非都市編定：丙種建築用地,1,1,全筆移轉,00330051
RPRNMLRLJHLGFCM09DA,東潤段,147.84,非都市：特定農業區 ; 非都市編定：甲種建築用地,1,1,全筆移轉,10130000
RPTNMLRLJHLGFCM66DA,仁愛段,3.51,都市：其他:住宅區,1,1,全筆移轉,00690001
RPTNMLRLJHLGFCM66DA,仁愛段,148.67,都市：其他:住宅區,1,1,全筆移轉,00970000
RPRNMLTLJHLGFCM66DA,曲冰段,709.75,非都市：森林區 ; 非都市編定：農牧用地,476800,70975,持分移轉,02680000
RPPNMLSLJHLGFCM98DA,慈恩段,89.39,非都市：鄉村區 ; 非都市編定：乙種建築用地,1,1,全筆移轉,07360000
RPPNMLTLJHLGFCM09DA,龜溝段,4197.88,非都市：山坡地保育區 ; 非都市編定：農牧用地,1,1,全筆移轉,03650001
RPPNMLTLJHLGFCM09DA,龜溝段,159.85,非都市：鄉村區 ; 非都市編定：乙種建築用地,1,1,全筆移轉,04250000
RPPNMLTLJHLGFCM09DA,龜溝段,488.16,非都市：山坡地保育區 ; 非都市編定：農牧用地,1,1,全筆移轉,04270000
RPQNMLTLJHLGFCM56DA,大坪頂段,104.63,非都市：鄉村區 ; 非都市編定：乙種建築用地,1,1,全筆移轉,01980000
RPXNMLNLJHLGFBM56DA,新富仁段,3039.58,都市：其他:產業專用區,1,1,全筆移轉,05670021
RPQNMLMKJHLGFDM48DA,溪尾段,373.22,非都市：山坡地保育區 ; 非都市編定：農牧用地,1,1,全筆移轉,00420001
RPVNMLTLJHLGFAM86DA,包尾段,128.00,都市：其他:住宅區,1,1,全筆移轉,05980006
RPQNMLTLJHLGFDM66DA,中正段,18.01,都市：其他:商業區,48000,3930,持分移轉,11220000
RPQNMLTLJHLGFDM66DA,中正段,16.00,都市：其他:商業區,1,1,全筆移轉,11250000
RPRNMLQLJHLGFAM78DA,龍眼林段,1353.00,非都市：山坡地保育區 ; 非都市編定：農牧用地,1,1,全筆移轉,07460054
RPPNMLRLJHLGFCM88DA,忠言段,78.83,都市：其他:住宅區,1,1,全筆移轉,03720000
RPPNMLQLJHLGFEM98DA,下城段,303.62,非都市：一般農業區 ; 非都市編定：農牧用地,100,10,持分移轉,10600000
RPPNMLQLJHLGFEM98DA,下城段,358.61,非都市：一般農業區 ; 非都市編定：農牧用地,100,10,持分移轉,10610000
RPPNMLQLJHLGFEM98DA,下城段,282.49,非都市：一般農業區 ; 非都市編定：農牧用地,100,10,持分移轉,10640000
RPPNMLQLJHLGFEM98DA,下城段,185.35,非都市：一般農業區 ; 非都市編定：農牧用地,100,10,持分移轉,10680000
RPXNMLMLJHLGFAM98DA,新二重溪段,891.08,非都市：鄉村區 ; 非都市編定：乙種建築用地,1,1,全筆移轉,04800000
RPPNMLQLJHLGFEM98DA,下城段,157.11,非都市：一般農業區 ; 非都市編定：農牧用地,100,10,持分移轉,10690000
RPPNMLQLJHLGFEM98DA,下城段,110.62,非都市：一般農業區 ; 非都市編定：農牧用地,100,10,持分移轉,10700000
RPXNMLMLJHLGFAM98DA,新二重溪段,83.30,非都市：鄉村區 ; 非都市編定：交通用地,1,1,全筆移轉,04820000
RPXNMLMLJHLGFAM98DA,新二重溪段,595.67,非都市：鄉村區 ; 非都市編定：乙種建築用地,1,1,全筆移轉,04860000
RPWNMLMLJHLGFAM88DA,分水寮段,1467.00,非都市：山坡地保育區 ; 非都市編定：農牧用地,2,1,持分移轉,02900000
RPRNMLRLJHLGFBM98DA,加老段,71.99,非都市：特定農業區 ; 非都市編定：甲種建築用地,1,1,全筆移轉,11030000
RPQNMLKMJHLGFBM28DA,中潭段,2437.39,非都市：山坡地保育區 ; 非都市編定：農牧用地,1,1,全筆移轉,07410000
RPRNMLKMJHLGFBM38DA,隘寮段,102.99,都市：其他:住宅區,1,1,全筆移轉,00680006
RPPNMLTLJHLGFBM98DA,隘寮段,131.52,都市：其他:住宅區,1,1,全筆移轉,00680007
RPVNMLRLJHLGFCM86DA,南村段,273.07,非都市：特定農業區 ; 非都市編定：農牧用地,1,1,全筆移轉,06600000
RPPNMLRLJHLGFDM98DA,安定段,106.62,都市：其他:住宅區,1,1,全筆移轉,02900016
RPPNMLRLJHLGFDM98DA,安定段,2.86,都市：其他:住宅區,15,1,持分移轉,02900044
RPTNMLLLJHLGFDM78DA,仁德段,43.73,都市：其他:住宅區,100000,7127,持分移轉,01880000
RPTNMLLLJHLGFDM78DA,仁德段,11.88,都市：其他:住宅區,100000,7127,持分移轉,02270000
RPVNMLLLJHLGFDM98DA,仁德段,29.24,都市：其他:住宅區,100000,4765,持分移轉,01880000
RPVNMLLLJHLGFDM98DA,仁德段,7.95,都市：其他:住宅區,100000,4765,持分移轉,02270000
RPTNMLMJKHLGFDM78DA,中正段,165.50,都市：其他:住宅區,24,4,持分移轉,02090000
RPWNMLLLJHLGFDM09DA,仁德段,29.24,都市：其他:住宅區,100000,4765,持分移轉,01880000
RPWNMLLLJHLGFDM09DA,仁德段,7.95,都市：其他:住宅區,100000,4765,持分移轉,02270000
RPUNMLLLJHLGFDM88DA,仁德段,29.24,都市：其他:住宅區,100000,4765,持分移轉,01880000
RPUNMLLLJHLGFDM88DA,仁德段,7.95,都市：其他:住宅區,100000,4765,持分移轉,02270000
RPXNMLLLJHLGFDM56DA,仁德段,29.24,都市：其他:住宅區,100000,4765,持分移轉,01880000
RPXNMLLLJHLGFDM56DA,仁德段,7.95,都市：其他:住宅區,100000,4765,持分移轉,02270000
RPRNMLQLJHLGFEM56DA,新上安段,295.89,非都市：一般農業區 ; 非都市編定：甲種建築用地,1,1,全筆移轉,05120001
RPUNMLNJKHLGFCM88DA,忠貞段,42.86,都市：其他:住宅區,1,1,全筆移轉,03050000
RPRNMLMLJHLGFAM38DA,牛運堀段,17.97,都市：其他:住宅區,100000,864,持分移轉,01670000
RPRNMLMLJHLGFAM38DA,牛運堀段,.82,都市：其他:住宅區,100000,864,持分移轉,01670015
RPRNMLMLJHLGFAM38DA,牛運堀段,18.29,都市：其他:住宅區,100000,864,持分移轉,01970000
RPRNMLMLJHLGFAM38DA,牛運堀段,3.92,都市：其他:保護區,4546,36,持分移轉,01980052
RPRNMLNLJHLGFBM58DA,中興段,99.00,都市：其他:住宅區,1,1,全筆移轉,18520000
RPQNMLRLJHLGFCM98DA,大雁頂段,664.45,非都市：山坡地保育區 ; 非都市編定：農牧用地,1,1,全筆移轉,06820000
RPQNMLRLJHLGFEM56DA,下城段,151.81,非都市：一般農業區 ; 非都市編定：農牧用地,100,5,持分移轉,10600000
RPQNMLRLJHLGFEM56DA,下城段,179.30,非都市：一般農業區 ; 非都市編定：農牧用地,100,5,持分移轉,10610000
RPQNMLRLJHLGFEM56DA,下城段,141.25,非都市：一般農業區 ; 非都市編定：農牧用地,100,5,持分移轉,10640000
RPQNMLRLJHLGFEM56DA,下城段,92.67,非都市：一般農業區 ; 非都市編定：農牧用地,100,5,持分移轉,10680000
RPQNMLRLJHLGFEM56DA,下城段,78.55,非都市：一般農業區 ; 非都市編定：農牧用地,100,5,持分移轉,10690000
RPQNMLRLJHLGFEM56DA,下城段,55.31,非都市：一般農業區 ; 非都市編定：農牧用地,100,5,持分移轉,10700000
RPQNMLNJKHLGFDM58DA,新鹿谷段,300.20,非都市：山坡地保育區 ; 非都市編定：農牧用地,48,4,持分移轉,00570000
RPQNMLNJKHLGFDM58DA,新鹿谷段,221.99,非都市：山坡地保育區 ; 非都市編定：農牧用地,48,4,持分移轉,00630000
RPQNMLNJKHLGFDM58DA,新鹿谷段,19.77,,48,4,持分移轉,01720000
RPQNMLNJKHLGFDM58DA,新鹿谷段,13.42,,48,4,持分移轉,01730000
RPQNMLNJKHLGFDM58DA,新鹿谷段,22.70,都市：其他:農業區,48,4,持分移轉,01750000
RPQNMLNJKHLGFDM58DA,新和段,68.88,非都市：山坡地保育區 ; 非都市編定：農牧用地,144,2,持分移轉,02090000
RPQNMLNJKHLGFDM58DA,新和段,73.69,非都市：山坡地保育區 ; 非都市編定：農牧用地,288,4,持分移轉,02160000
RPQNMLNJKHLGFDM58DA,新和段,5.62,非都市：山坡地保育區 ; 非都市編定：丙種建築用地,144,2,持分移轉,02170000
RPQNMLKMJHLGFDM48DA,中正段,9.95,都市：其他:商業區,1000,39,持分移轉,08250000
RPQNMLKMJHLGFDM48DA,中正段,4.41,都市：其他:商業區,1000,39,持分移轉,08250001
RPQNMLKMJHLGFDM48DA,中正段,7.72,都市：其他:住宅區,1000,39,持分移轉,08260000
RPQNMLKMJHLGFDM48DA,中正段,1.40,都市：其他:住宅區,1000,39,持分移轉,08260001
RPQNMLKMJHLGFDM48DA,中正段,1.99,都市：其他:住宅區,1000,39,持分移轉,08280001
RPPNMLMJKHLGFAM18EA,牛運堀段,80.00,都市：其他:住宅區,1,1,全筆移轉,05170013
RPQNMLMJKHLGFAM28EA,福興段,163.70,都市：其他:農業區,12,4,持分移轉,02930000
RPTNMLOKJHLGFAM68DA,南山段,103.00,都市：其他:住宅區,1,1,全筆移轉,03140004
RPSNMLNLJHLGFBM68DA,保安段,376.69,非都市：鄉村區 ; 非都市編定：乙種建築用地,1,1,全筆移轉,00380000
RPQNMLMKJHLGFCM38DA,小埔社段,5371.00,非都市：山坡地保育區 ; 非都市編定：農牧用地,1,1,全筆移轉,01911087
RPQNMLMKJHLGFCM38DA,小埔社段,667.00,非都市：山坡地保育區 ; 非都市編定：林業用地,1,1,全筆移轉,01911335
RPQNMLQKJHLGFAM58DA,三塊厝段,100.00,都市：其他:住宅區,1,1,全筆移轉,01500016
RPUNMLTLJHLGFBM86DA,新富仁段,2026.50,都市：其他:產業專用區,1,1,全筆移轉,05670011
RPSNMLNJKHLGFCM68DA,武界段,877.50,非都市：森林區 ; 非都市編定：農牧用地,4,1,持分移轉,08460000
RPPNMLNJKHLGFEM58DA,八張段,200.76,都市：其他:農業區,1,1,全筆移轉,00750000
RPQNMLOJKHLGFCM58DA,忠良段,998.36,非都市：特定農業區 ; 非都市編定：農牧用地,1,1,全筆移轉,08520000
RPUNMLOJKHLGFCM98DA,八股段,165.44,非都市：特定農業區 ; 非都市編定：甲種建築用地,1,1,全筆移轉,05890001
RPUNMLOJKHLGFCM98DA,八股段,15.69,非都市：特定農業區 ; 非都市編定：甲種建築用地,3,1,持分移轉,05890004
RPUNMLOJKHLGFCM98DA,八股段,47.07,非都市：特定農業區 ; 非都市編定：甲種建築用地,1,1,全筆移轉,05890014
RPSNMLOJKHLGFCM78DA,忠良段,1472.00,非都市：特定農業區 ; 非都市編定：農牧用地,1,1,全筆移轉,08530000
RPWNMLTLJHLGFCM17DA,過坑段,2868.00,非都市：一般農業區 ; 非都市編定：農牧用地,1,1,全筆移轉,07760000
RPPNMLNJKHLGFCM48EA,民生段,4.60,都市：其他:農業區,1000,111,持分移轉,04420022
RPPNMLKMJHLGFEM58EA,新上安段,1756.79,非都市：一般農業區 ; 非都市編定：農牧用地,1,1,全筆移轉,04140000
RPPNMLNJKHLGFCM48EA,民生段,145.14,都市：其他:農業區,1,1,全筆移轉,04790028
RPPNMLNJKHLGFCM48EA,民生段,15.97,都市：其他:農業區,1000,111,持分移轉,04790034
RPPNMLNJKHLGFAM18DA,福助段,80.93,非都市：鄉村區 ; 非都市編定：乙種建築用地,1,1,全筆移轉,05870000
RPPNMLQJKHLGFCM68DA,慈恩段,93.33,非都市：鄉村區 ; 非都市編定：乙種建築用地,1,1,全筆移轉,10210000
RPSNMLMJKHLGFBM48DA,新富功段,283.37,都市：其他:道路用地(特別管制區),3,1,持分移轉,04050000
RPSNMLMJKHLGFBM48DA,新富功段,183.77,都市：其他:道路用地(特別管制區),3,1,持分移轉,04060000
RPSNMLMJKHLGFBM48DA,新富功段,9.32,都市：其他:道路用地,3,1,持分移轉,04140000
RPSNMLMJKHLGFBM48DA,新富功段,63.42,都市：其他:道路用地,3000,264,持分移轉,04150000
RPUNMLRLJHLGFCM76DA,忠孝段,20.38,都市：其他:住宅區,100000,1277,持分移轉,01950000
RPQNMLQJKHLGFCM78DA,民生段,98.03,都市：其他:農業區,1,1,全筆移轉,05880000
RPQNMLQJKHLGFCM78DA,民生段,4.38,都市：其他:電力事業用地,1,1,全筆移轉,05940000
RPTNMLTKJHLGFDM86DA,前山段,122.14,非都市：鄉村區 ; 非都市編定：乙種建築用地,1,1,全筆移轉,13100000
RPPNMLTLJHLGFEM66DA,南光段,104.00,都市：其他:住宅區,1,1,全筆移轉,05990000
RPQNMLTLJHLGFEM76DA,南湖段,4482.00,非都市：山坡地保育區 ; 非都市編定：農牧用地,1,1,全筆移轉,04540000
RPQNMLSLJHLGFBM98DA,新富仁段,1757.17,都市：其他:產業專用區,1,1,全筆移轉,05670032
RPTNMLOJKHLGFAM78EA,福助段,125.75,非都市：山坡地保育區 ; 非都市編定：丙種建築用地,1,1,全筆移轉,03670000
RPVNMLLLJHLGFBM78DA,新富寮段,26.11,都市：其他:住宅區,23,1,持分移轉,00910041
RPVNMLLLJHLGFBM78DA,新富寮段,77.90,都市：其他:住宅區,1,1,全筆移轉,00910045
RPVNMLLLJHLGFBM78DA,新富寮段,1.11,都市：其他:住宅區,23,1,持分移轉,00910053
RPQNMLOJKHLGFDM68DA,德興段,74.72,非都市：鄉村區 ; 非都市編定：乙種建築用地,96,6,持分移轉,01800000
RPRNMLOJKHLGFCM68DA,新興段,197.69,非都市：特定農業區 ; 非都市編定：甲種建築用地,1,1,全筆移轉,03720000
RPVNMLNJKHLGFCM98DA,鯉魚潭段,369.00,非都市：山坡地保育區 ; 非都市編定：農牧用地,1,1,全筆移轉,02820002
RPTNMLPJKHLGFAM78DA,新光段,1969.96,非都市：一般農業區 ; 非都市編定：農牧用地,1,1,全筆移轉,02470000
RPPNMLPJKHLGFBM48DA,新富寮段,106.19,都市：其他:住宅區,1,1,全筆移轉,01700000
RPPNMLTJKHLGFDM09DA,廣興段,3.05,都市：其他:住宅區,28625,1375,持分移轉,05270000
RPPNMLTJKHLGFDM09DA,廣興段,6.46,都市：其他:住宅區,28625,1375,持分移轉,05320000
RPPNMLTJKHLGFDM09DA,廣興段,4.24,都市：其他:住宅區,28625,1375,持分移轉,05320002
RPRNMLQJKHLGFBM78DA,建興段,16.11,都市：其他:住宅區,1,1,全筆移轉,10930000
RPUNMLQJKHLGFBM09DA,新富仁段,3380.94,都市：其他:產業專用區,1,1,全筆移轉,05670025
RPQNMLQJKHLGFBM68DA,新興段,105.00,非都市：鄉村區 ; 非都市編定：乙種建築用地,1,1,全筆移轉,09050000
RPQNMLSJKHLGFDM09DA,大統段,200.76,非都市：一般農業區 ; 非都市編定：農牧用地,1,1,全筆移轉,03320000
RPWNMLNJKHLGFCM09DA,和平段,20.24,都市：其他:商業區,100000,1232,持分移轉,02670000
RPPNMLPJJHLGFDM58DA,南雲段,108.28,非都市：鄉村區 ; 非都市編定：乙種建築用地,1,1,全筆移轉,09240000
RPPNMLSLJHLGFEM56DA,城中段,12.00,都市：其他:住宅區,1,1,全筆移轉,07300000
RPPNMLSLJHLGFEM56DA,城中段,33.00,都市：其他:商業區,1,1,全筆移轉,07900000
RPPNMLSLJHLGFEM56DA,城中段,48.00,都市：其他:商業區,1,1,全筆移轉,08050000
RPPNMLTJKHLGFDM56EA,文田段,1040.94,非都市：山坡地保育區 ; 非都市編定：農牧用地,3,1,持分移轉,12630000
RPPNMLTJKHLGFAM78DA,名竹段,2401.33,非都市：特定農業區 ; 非都市編定：農牧用地,1,1,全筆移轉,06660000
RPSNMLPJKHLGFAM68DA,牛運堀段,22.66,都市：其他:住宅區,6912,89,持分移轉,01120003
RPSNMLPJKHLGFAM68DA,牛運堀段,89.00,都市：其他:住宅區,1,1,全筆移轉,01120080
RPPNMLPKJHLGFDM68DA,桂林段,114.16,都市：其他:住宅區,1,1,全筆移轉,02480000
RPQNMLTJKHLGFAM88DA,南投段,27.54,都市：其他:住宅區,10000,84,持分移轉,02560000
RPSNMLTJKHLGFBM56DA,大堀段,2735.98,非都市：特定農業區 ; 非都市編定：農牧用地,1,1,全筆移轉,05660000
RPSNMLTJKHLGFBM56DA,大堀段,3.30,非都市：特定農業區 ; 非都市編定：農牧用地,1,1,全筆移轉,05670000
RPPNMLTJKHLGFCM98DA,双吉段,2654.11,非都市：特定農業區 ; 非都市編定：農牧用地,1,1,全筆移轉,03020000
RPPNMLTJKHLGFCM98DA,双吉段,187.78,非都市：特定農業區 ; 非都市編定：農牧用地,1,1,全筆移轉,03030000
RPPNMLTJKHLGFCM98DA,双吉段,834.42,非都市：特定農業區 ; 非都市編定：農牧用地,1,1,全筆移轉,03040000
RPPNMLTJKHLGFCM98DA,双吉段,1906.62,非都市：特定農業區 ; 非都市編定：農牧用地,1,1,全筆移轉,03390000
RPQNMLOJKHLGFAM38DA,新南段,124.91,非都市：鄉村區 ; 非都市編定：乙種建築用地,1,1,全筆移轉,07060000
RPUNMLPJKHLGFAM88DA,三塊厝段,17.44,都市：其他:住宅區,18,1,持分移轉,02200084
RPUNMLPJKHLGFAM88DA,三塊厝段,54.00,都市：其他:住宅區,1,1,全筆移轉,02200111
RPPNMLTJKHLGFEM56DA,八張段,9.43,都市：其他:住宅區,9,1,持分移轉,08620000
RPPNMLKKKHLGFCM18DA,忠信段,97.68,都市：其他:住宅區,1,1,全筆移轉,03620004
RPPNMLLKKHLGFAM08DA,南投段,45.00,都市：其他:住宅區,1,1,全筆移轉,00570033
RPPNMLLKKHLGFAM08DA,南投段,11.00,都市：其他:住宅區,1,1,全筆移轉,00570040
RPPNMLNKKHLGFAM28DA,三塊厝段,90.00,都市：其他:住宅區,1,1,全筆移轉,01240048
RPRNMLMJKHLGFCM48DA,桃米坑段,896.70,非都市：森林區 ; 非都市編定：林業用地,200,70,持分移轉,02250006
RPRNMLMJKHLGFCM48DA,桃米坑段,1803.00,非都市：森林區 ; 非都市編定：林業用地,1,1,全筆移轉,02250018
RPRNMLMJKHLGFCM48DA,桃米坑段,294.00,非都市：山坡地保育區 ; 非都市編定：丙種建築用地,1,1,全筆移轉,02250021
RPRNMLMJKHLGFCM48DA,桃米坑段,117.00,非都市：山坡地保育區 ; 非都市編定：農牧用地,1,1,全筆移轉,02250025
RPRNMLMJKHLGFCM48DA,桃米坑段,4357.00,非都市：山坡地保育區 ; 非都市編定：農牧用地,1,1,全筆移轉,02250032
RPRNMLMJKHLGFCM48DA,桃米坑段,554.00,非都市：山坡地保育區 ; 非都市編定：農牧用地,1,1,全筆移轉,02250033
RPSNMLNKKHLGFAM58DA,牛運堀段,19.78,都市：其他:住宅區,1000,96,持分移轉,01250018
RPSNMLNKKHLGFAM58DA,牛運堀段,85.00,都市：其他:住宅區,1,1,全筆移轉,01250024
RPQNMLQJKHLGFEM98DA,鹿寮段,698.58,非都市：山坡地保育區 ; 非都市編定：農牧用地,1,1,全筆移轉,09880000
RPQNMLQJKHLGFEM98DA,鹿寮段,1645.65,非都市：山坡地保育區 ; 非都市編定：農牧用地,1,1,全筆移轉,09880001
RPQNMLQJKHLGFEM98DA,鹿寮段,307.24,非都市：山坡地保育區 ; 非都市編定：交通用地,1,1,全筆移轉,09910000
RPQNMLQJKHLGFEM98DA,鹿寮段,92.37,非都市：山坡地保育區 ; 非都市編定：交通用地,1,1,全筆移轉,10090000
RPQNMLQJKHLGFEM98DA,鹿寮段,19.67,非都市：山坡地保育區 ; 非都市編定：交通用地,1,1,全筆移轉,10170000
RPQNMLQJKHLGFEM98DA,鹿寮段,1020.84,非都市：山坡地保育區 ; 非都市編定：農牧用地,1,1,全筆移轉,10210000
RPPNMLOJKHLGFCM48DA,東埔段,54.00,非都市：山坡地保育區 ; 非都市編定：丙種建築用地,1,1,全筆移轉,01630000
RPQNMLQJKHLGFEM98DA,鹿寮段,526.28,非都市：山坡地保育區 ; 非都市編定：農牧用地,1,1,全筆移轉,10310000
RPQNMLQJKHLGFEM98DA,鹿寮段,82.41,非都市：山坡地保育區 ; 非都市編定：交通用地,1,1,全筆移轉,10380000
RPPNMLOJKHLGFCM48DA,東埔段,84.80,非都市：山坡地保育區 ; 非都市編定：丙種建築用地,10000,1012,持分移轉,01640000
RPPNMLOJKHLGFCM48DA,東埔段,9.57,非都市：山坡地保育區 ; 非都市編定：丙種建築用地,10000,116,持分移轉,01650000
RPPNMLOJKHLGFCM48DA,東埔段,11.26,非都市：山坡地保育區 ; 非都市編定：丙種建築用地,10000,116,持分移轉,01660000
RPPNMLOJKHLGFCM48DA,東埔段,7.29,非都市：山坡地保育區 ; 非都市編定：丙種建築用地,10000,116,持分移轉,01670000
RPQNMLLKKHLGFBM28DA,新富仁段,2757.89,都市：其他:產業專用區,1,1,全筆移轉,05670020
RPQNMLKKKHLGFCM28DA,中原段,20840.00,非都市：森林區 ; 非都市編定：農牧用地,1,1,全筆移轉,19030000
RPPNMLMKKHLGFCM38DA,埔里段北門小段,129.00,都市：其他:住宅區,1,1,全筆移轉,03380012
RPPNMLNKKHLGFCM48DA,貓囒段,2170.00,非都市：山坡地保育區 ; 非都市編定：農牧用地,1,1,全筆移轉,00560035
RPPNMLKMJHLGFBM18DA,平東段,451.43,非都市：風景區 ; 非都市編定：農牧用地,1,1,全筆移轉,00930000
RPOOMLRLJHLGFCM88DA,籃城段,1929.54,非都市：特定農業區 ; 非都市編定：農牧用地,1,1,全筆移轉,10190000
RPQNMLNKKHLGFCM58DA,八股段,390.60,非都市：特定農業區 ; 非都市編定：農牧用地,1,1,全筆移轉,01350000
RPQNMLNKKHLGFCM58DA,八股段,352.00,非都市：特定農業區 ; 非都市編定：農牧用地,1,1,全筆移轉,01690009
RPQNMLOJKHLGFBM48DA,草屯段,3.29,都市：其他:住宅區,10000,116,持分移轉,03510001
RPQNMLOJKHLGFBM48DA,草屯段,1.01,都市：其他:農業區,1000,14,持分移轉,03510008
RPQNMLOJKHLGFBM48DA,草屯段,15.56,都市：其他:住宅區,10000,284,持分移轉,03510028
RPQNMLOJKHLGFBM48DA,草屯段,1.10,都市：其他:住宅區,29,1,持分移轉,03510034
RPPNMLMKKHLGFDM48DA,延祥段,35.29,都市：其他:住宅區,1000000,22748,持分移轉,00650000
RPQNMLMJKHLGFDM48DA,枋平段,139.87,非都市：一般農業區 ; 非都市編定：農牧用地,7,1,持分移轉,03040006
RPTNMLSJJHLGFBM09DA,中興段,97.00,都市：其他:住宅區,1,1,全筆移轉,19380000
RPTNMLTJJHLGFAM09DA,三塊厝段,219.00,都市：其他:住宅區,1,1,全筆移轉,01510013
RPUNMLTJJHLGFAM56DA,三塊厝段,61.75,都市：其他:住宅區,1319,86,持分移轉,01510014
RPWNMLTJJHLGFAM76DA,三塊厝段,137.13,都市：其他:住宅區,1319,191,持分移轉,01510014
RPQNMLMKKHLGFDM58DA,枋平段,139.87,非都市：一般農業區 ; 非都市編定：農牧用地,7,1,持分移轉,03040006
RPQNMLQJKHLGFAM58DA,成功段,101.94,都市：其他:住宅區,1,1,全筆移轉,06410001
RPRNMLKKKHLGFAM18DA,光復段,457.00,都市：其他:農業區,1,1,全筆移轉,02780002
RPQNMLPLKHLGFCM88DA,八股段,659.94,非都市：特定農業區 ; 非都市編定：農牧用地,1,1,全筆移轉,01260000
RPPNMLLKKHLGFBM18DA,建興段,20.68,都市：其他:住宅區,100000,632,持分移轉,13030000
RPQNMLTJKHLGFBM98DA,新興段,4.00,非都市：特定農業區 ; 非都市編定：甲種建築用地,1,1,全筆移轉,12270009
RPQNMLTJKHLGFBM98DA,新興段,77.00,非都市：鄉村區 ; 非都市編定：乙種建築用地,1,1,全筆移轉,12280002
RPUNMLPLKHLGFBM56DA,碧峰段,177.92,非都市：鄉村區 ; 非都市編定：乙種建築用地,1,1,全筆移轉,07820000
RPQNMLMJLHLGFCM48DA,牛眠段,100.59,非都市：鄉村區 ; 非都市編定：乙種建築用地,1,1,全筆移轉,08960000
RPQNMLMJLHLGFCM48DA,牛眠段,100.69,非都市：鄉村區 ; 非都市編定：乙種建築用地,1,1,全筆移轉,08970000
RPQNMLMJLHLGFCM48DA,牛眠段,88.70,非都市：鄉村區 ; 非都市編定：乙種建築用地,1,1,全筆移轉,08980000
RPPNMLRLKHLGFDM09DA,保生段,130.76,非都市：一般農業區 ; 非都市編定：農牧用地,9000,150,持分移轉,02330000
RPUNMLPLKHLGFAM09DA,光大段,116.81,都市：其他:住宅區,1,1,全筆移轉,00760000
RPPNMLQLKHLGFCM98EA,春陽段,46.00,非都市：山坡地保育區 ; 非都市編定：丙種建築用地,1,1,全筆移轉,10320056
RPPNMLPLKHLGFAM58DA,三塊厝段,71.00,都市：其他:第一種商業區,1,1,全筆移轉,01010059
RPPNMLPLKHLGFAM58DA,三塊厝段,8.00,都市：其他:第一種商業區,1,1,全筆移轉,01010063
RPQNMLPLKHLGFAM68DA,牛運堀段,67.00,都市：其他:住宅區,1,1,全筆移轉,02760029
RPPNMLMJLHLGFCM48EA,瑞岩段,3520.00,非都市：山坡地保育區 ; 非都市編定：農牧用地,1,1,全筆移轉,07380000
RPPNMLMJLHLGFCM48EA,瑞岩段,3520.00,非都市：山坡地保育區 ; 非都市編定：農牧用地,1,1,全筆移轉,07380001
RPTNMLTLJHLGFBM76DA,新富仁段,3003.43,都市：其他:產業專用區,1,1,全筆移轉,05670034
RPQNMLTLJHLGFBM09DA,新富仁段,13100.09,都市：其他:產業專用區,1,1,全筆移轉,05670006
RPPNMLLMJHLGFBM28DA,中興段,30.00,都市：其他:住宅區,8,1,持分移轉,00090000
RPPNMLLMJHLGFBM28DA,中興段,67.00,都市：其他:住宅區,1,1,全筆移轉,00090008
RPPNMLTJKHLGFBM88DA,新富寮段,80.22,都市：其他:農業區,292,100,持分移轉,02480000
RPQNMLNLKHLGFBM58DA,新虎山段,165.50,都市：其他:住宅區,1,1,全筆移轉,00780000
RPXNMLNJKHLGFCM56DA,明潭段,58.33,都市：其他:住宅區,2,1,持分移轉,01800000
RPXNMLNJKHLGFCM56DA,明潭段,.73,都市：其他:道路用地,2,1,持分移轉,04930004
RPPNMLPLKHLGFDM88DA,延和段,95.01,都市：其他:住宅區,1,1,全筆移轉,03300007
RPQNMLPLKHLGFDM98DA,大統段,18.18,都市：其他:住宅區,10000,80,持分移轉,00390000
RPQNMLPLKHLGFDM98DA,大統段,.17,都市：其他:住宅區,10000,80,持分移轉,00390001
RPPNMLMJKHLGFAM08DA,龍眼林段,1353.00,非都市：山坡地保育區 ; 非都市編定：農牧用地,1,1,全筆移轉,00210000
RPPNMLNLKHLGFAM38DA,新廍段,3.31,都市：其他:住宅區,4000000,21079,持分移轉,07380003
RPPNMLNLKHLGFAM38DA,新廍段,9.19,都市：其他:住宅區,20,1,持分移轉,07410000
RPPNMLNLKHLGFAM38DA,新廍段,100.46,都市：其他:住宅區,1,1,全筆移轉,07410007
RPRNMLNLKHLGFBM68DA,新富功段,12.01,都市：其他:住宅區,10000,55,持分移轉,06010000
RPSNMLMJLHLGFAM48DA,成功段,100.48,都市：其他:住宅區,1,1,全筆移轉,05020000
RPSNMLMJLHLGFCM68DA,四角城段,6.51,非都市：鄉村區 ; 非都市編定：乙種建築用地,114,5,持分移轉,07970000
RPSNMLMJLHLGFCM68DA,四角城段,124.78,非都市：鄉村區 ; 非都市編定：乙種建築用地,1,1,全筆移轉,07980000
RPSNMLMJLHLGFCM68DA,四角城段,19.31,非都市：鄉村區 ; 非都市編定：乙種建築用地,2,1,持分移轉,08020000
RPPNMLNJLHLGFDM58DA,興產段,408.15,都市：其他:保護區,1,1,全筆移轉,06490000
RPPNMLNJLHLGFDM58DA,興產段,202.25,都市：其他:保護區,1,1,全筆移轉,06500000
RPPNMLNJLHLGFDM58DA,興產段,1996.49,都市：其他:保護區,1,1,全筆移轉,06510000
RPPNMLNJLHLGFDM58DA,興產段,433.60,都市：其他:保護區,1,1,全筆移轉,06540000
RPSNMLTJJHLGFAM98DA,新南段,87.99,非都市：鄉村區 ; 非都市編定：乙種建築用地,1,1,全筆移轉,04380000
RPRNMLNLKHLGFAM58DA,南山段,167.00,都市：其他:住宅區,1,1,全筆移轉,01510000
RPPNMLNJLHLGFAM28DA,新生段,1272.00,都市：其他:農業區,1,1,全筆移轉,14470000
RPPNMLNJLHLGFAM28DA,新生段,1.00,都市：其他:溝渠用地,1,1,全筆移轉,14470001
RPPNMLRLJHLGFBM88EA,平東段,70.77,非都市：風景區 ; 非都市編定：丙種建築用地,9,1,持分移轉,01380000
RPQNMLOLKHLGFBM78EA,新富寮段,99.33,都市：其他:住宅區,1,1,全筆移轉,01780000
RPPNMLOLKHLGFBM68EA,新富寮段,156.58,都市：其他:住宅區,1,1,全筆移轉,01780001
RPUNMLTJKHLGFBM76DA,加老段,17.26,非都市：鄉村區 ; 非都市編定：乙種建築用地,179,15,持分移轉,00890000
RPUNMLTJKHLGFBM76DA,加老段,47.96,非都市：鄉村區 ; 非都市編定：乙種建築用地,1,1,全筆移轉,00900000
RPUNMLTJKHLGFBM76DA,加老段,45.62,非都市：鄉村區 ; 非都市編定：乙種建築用地,1,1,全筆移轉,00910000
RPPNMLPJLHLGFCM68DA,東光段,428.43,非都市：一般農業區 ; 非都市編定：甲種建築用地,1,1,全筆移轉,09410000
RPWNMLNJLHLGFCM56DA,籃城段,.85,非都市：特定農業區 ; 非都市編定：甲種建築用地,16,1,持分移轉,09550004
RPWNMLNJLHLGFCM56DA,籃城段,108.06,非都市：特定農業區 ; 非都市編定：甲種建築用地,1,1,全筆移轉,09550013
RPWNMLNJLHLGFCM56DA,籃城段,25.19,非都市：特定農業區 ; 非都市編定：甲種建築用地,16,1,持分移轉,09550014
RPQNMLMJLHLGFDM58DA,竹圍子段硘磘小段,95.00,都市：其他:住宅區,1,1,全筆移轉,04570004
RPPNMLQLKHLGFDM98DA,仁德段,32.97,都市：其他:住宅區,60,1,持分移轉,04410026
RPQNMLNJLHLGFDM68DA,吉祥段,98.12,都市：其他:住宅區,1,1,全筆移轉,03450011
RPPNMLRLJHLGFEM09DA,山腳段,1011.11,都市：其他:住宅區,1,1,全筆移轉,01940000
RPPNMLRLJHLGFEM09DA,山腳段,60.02,都市：其他:道路用地,1,1,全筆移轉,01940002
RPPNMLRLJHLGFEM09DA,山腳段,17.52,都市：其他:住宅區,1,1,全筆移轉,02010000
RPQNMLNJKHLGFAM28DA,三塊厝段,101.00,都市：其他:住宅區,1,1,全筆移轉,01940176
RPRNMLPLKHLGFCM98DA,光明段,5.50,都市：其他:商業區,100000,561,持分移轉,01320000
RPVNMLNJLHLGFCM09DA,籃城段,.85,非都市：特定農業區 ; 非都市編定：甲種建築用地,16,1,持分移轉,09550004
RPVNMLNJLHLGFCM09DA,籃城段,25.19,非都市：特定農業區 ; 非都市編定：甲種建築用地,16,1,持分移轉,09550014
RPVNMLNJLHLGFCM09DA,籃城段,106.59,非都市：特定農業區 ; 非都市編定：甲種建築用地,1,1,全筆移轉,09550015
RPVNMLNJLHLGFCM09DA,籃城段,8.61,非都市：特定農業區 ; 非都市編定：甲種建築用地,1,1,全筆移轉,09550026
RPQNMLQJLHLGFDM98DA,新鹿谷段,132.70,非都市：山坡地保育區 ; 非都市編定：丙種建築用地,1,1,全筆移轉,00360000
RPSNMLPJLHLGFCM98DA,幼獅段,1771.00,非都市：山坡地保育區 ; 非都市編定：農牧用地,1,1,全筆移轉,02660000
RPSNMLPJLHLGFCM98DA,幼獅段,448.00,非都市：山坡地保育區 ; 非都市編定：農牧用地,1,1,全筆移轉,03060019
RPRNMLTKJHLGFAM98DA,小崎段,93.76,都市：其他:住宅區,1,1,全筆移轉,08060000
RPRNMLKLJHLGFAM18DA,牛運堀段,63.33,都市：其他:綠地用地,12,1,持分移轉,04480001
RPSNMLTKJHLGFAM09DA,光華段,98.70,都市：其他:住宅區,1,1,全筆移轉,06200001
RPRNMLLLJHLGFAM28DA,新南段,216.37,非都市：鄉村區 ; 非都市編定：乙種建築用地,1,1,全筆移轉,05850000
RPXNMLNJLHLGFBM56DA,新永安段,830.07,都市：其他:農業區,1,1,全筆移轉,01070000
RPQNMLMKKHLGFBM38DA,府西段,94.39,都市：其他:住宅區,1,1,全筆移轉,05410001
RPTNMLOJLHLGFBM88DA,新光段,444.00,非都市：特定農業區 ; 非都市編定：甲種建築用地,1,1,全筆移轉,07710000
RPRNMLSLJHLGFBM09DA,新御史段,59.42,都市：其他:住宅區,1,1,全筆移轉,00540006
RPRNMLSLJHLGFBM09DA,新御史段,1.00,都市：其他:住宅區,100000,1062,持分移轉,00540060
RPRNMLSLJHLGFBM09DA,新御史段,2.98,都市：其他:住宅區,100000,906,持分移轉,00540062
RPRNMLSLJHLGFBM09DA,新御史段,3.00,都市：其他:住宅區,100000,906,持分移轉,00540069
RPRNMLSLJHLGFBM09DA,新御史段,3.04,都市：其他:住宅區,100000,906,持分移轉,00540076
RPRNMLSLJHLGFBM09DA,新御史段,1.31,都市：其他:住宅區,100000,1062,持分移轉,00540080
RPRNMLPJLHLGFCM88DA,水波流段,152.39,非都市：鄉村區 ; 非都市編定：乙種建築用地,1,1,全筆移轉,00460000
RPQNMLKKKIKGFDM38DA,石城段,41.66,都市：其他:農業區,7719,164,持分移轉,04540000
RPQNMLKKKIKGFDM38DA,石城段,12.37,都市：其他:農業區,7719,164,持分移轉,04550000
RPTNMLTJKIKGFCM76DA,忠義段,112.52,都市：其他:道路用地,1,1,全筆移轉,03940000
RPTNMLTJKIKGFCM76DA,忠義段,91.48,都市：其他:鄰里公園兼兒童遊樂場用地,1,1,全筆移轉,03970000
RPTNMLTJKIKGFCM76DA,忠義段,96.70,都市：其他:人行步道用地,1,1,全筆移轉,03980000
RPTNMLTJKIKGFCM76DA,忠義段,194.54,都市：其他:住宅區,1,1,全筆移轉,03990000
RPPNMLQJLHLGFAM58DA,虎子坑段,1715.38,非都市：特定農業區 ; 非都市編定：農牧用地,2,1,持分移轉,05270000
RPRNMLRLJHLGFAM88DA,橫山段,2070.66,都市：其他:農業區,1,1,全筆移轉,02820000
RPVNMLSLJHLGFAM76DA,埔中段,142.61,非都市：一般農業區 ; 非都市編定：農牧用地,18,1,持分移轉,07900000
RPQNMLRLJHLGFAM78DA,南鄉段,1487.59,非都市：特定農業區 ; 非都市編定：農牧用地,1,1,全筆移轉,06950000
RPWNMLSLJHLGFAM86DA,樟平段,7881.92,非都市：山坡地保育區 ; 非都市編定：農牧用地,1,1,全筆移轉,05980000
RPQNMLMJKIKGFBM28DA,新雙冬段,139.06,非都市：山坡地保育區 ; 非都市編定：農牧用地,10000,352,持分移轉,01220000
RPQNMLLKKIKGFBM28DA,新興段,61.38,非都市：特定農業區 ; 非都市編定：農牧用地,8,1,持分移轉,00810000
RPRNMLPKKIKGFBM78DA,北勢段,105.45,非都市：鄉村區 ; 非都市編定：乙種建築用地,4,1,持分移轉,00710000
RPRNMLPKKIKGFBM78DA,北勢段,2.50,非都市：鄉村區 ; 非都市編定：乙種建築用地,4,1,持分移轉,00720000
RPTNMLPKKIKGFDM56DA,溫水段,939.56,非都市：特定農業區 ; 非都市編定：農牧用地,2,1,持分移轉,05870000
RPRNMLPKKIKGFAM68DA,名竹段,2.99,非都市：特定農業區 ; 非都市編定：甲種建築用地,1,1,全筆移轉,03070001
RPQNMLQKKIKGFAM68DA,龍眼林段,434.38,非都市：山坡地保育區 ; 非都市編定：農牧用地,432,54,持分移轉,00960001
RPRNMLLKKIKGFAM28DA,南大庄段,31.66,都市：其他:商業區,1,1,全筆移轉,07850004
RPWNMLLKKIKGFAM78DA,東新厝段,488.71,非都市：一般農業區 ; 非都市編定：丙種建築用地,8,1,持分移轉,00630000
TPQNMLQKKIKGFAM88DA,龍眼林段,383.12,非都市：山坡地保育區 ; 非都市編定：國土保安用地,432,54,持分移轉,00500001
SPQNMLQKKIKGFAM78DA,龍眼林段,78.88,非都市：山坡地保育區 ; 非都市編定：丙種建築用地,432,54,持分移轉,00960002
RPSNMLLKKIKGFAM38DA,南大庄段,47.49,都市：其他:住宅區,1,1,全筆移轉,07890040
RPRNMLQKKIKGFAM78DA,樟平段,329.22,非都市：山坡地保育區 ; 非都市編定：丙種建築用地,1,1,全筆移轉,10580000
RPQNMLNJLHLGFBM48DA,中興段,8.75,都市：其他:住宅區,10000,109,持分移轉,00660002
UPQNMLQKKIKGFAM98DA,龍眼林段,264.88,非都市：山坡地保育區 ; 非都市編定：國土保安用地,432,54,持分移轉,00500002
RPPNMLMJLHLGFBM28DA,新富寮段,29.74,都市：其他:住宅區,100000,1193,持分移轉,00910052
RPQNMLMJLHLGFBM38DA,建興段,17.93,都市：其他:住宅區,100000,548,持分移轉,13030000
RPPNMLTJKIKGFAM78DA,南松嶺段,647.46,都市：其他:農業區,1,1,全筆移轉,11690000
RPPNMLQLKHLGFAM78EA,牛運堀段,69.50,都市：其他:住宅區,1070,695,持分移轉,02700075
RPQNMLQLKHLGFAM88EA,先驅段,46.00,非都市：山坡地保育區 ; 非都市編定：丙種建築用地,1,1,全筆移轉,29890000
RPPNMLTJKIKGFAM78DA,南松嶺段,851.26,非都市：一般農業區 ; 非都市編定：農牧用地,1,1,全筆移轉,11700000
VPQNMLQKKIKGFAM09DA,龍眼林段,725.75,非都市：山坡地保育區 ; 非都市編定：農牧用地,432,54,持分移轉,00500003
RPPNMLRKKIKGFBM88EA,新興段,81.17,非都市：特定農業區 ; 非都市編定：農牧用地,1600,61,持分移轉,04460000
RPPNMLRKKIKGFBM88EA,新興段,31.26,非都市：特定農業區 ; 非都市編定：農牧用地,1600,61,持分移轉,04470000
RPPNMLRKKIKGFBM88EA,新興段,2.00,非都市：特定農業區 ; 非都市編定：水利用地,8,1,持分移轉,06010004
RPPNMLRKKIKGFBM88EA,新興段,113.25,非都市：鄉村區 ; 非都市編定：乙種建築用地,8,1,持分移轉,06520000
RPPNMLRKKIKGFBM88EA,新興段,6.00,非都市：鄉村區 ; 非都市編定：乙種建築用地,8,1,持分移轉,06520001
RPPNMLPKKIKGFEM88DA,人倫段,206.00,非都市：一般農業區 ; 非都市編定：農牧用地,1,1,全筆移轉,00090011
RPPNMLSKKIKGFDM09DA,廣興段,3.05,都市：其他:住宅區,28625,1374,持分移轉,05270000
RPPNMLSKKIKGFDM09DA,廣興段,6.45,都市：其他:住宅區,28625,1374,持分移轉,05320000
RPPNMLSKKIKGFDM09DA,廣興段,4.24,都市：其他:住宅區,28625,1374,持分移轉,05320002
RPPNMLTKKIKGFDM56DA,菩提段,2.12,都市：其他:住宅區,8,1,持分移轉,06340000
RPRNMLTJKIKGFAM98DA,北田子段,298.37,非都市：一般農業區 ; 非都市編定：丙種建築用地,6,1,持分移轉,06870000
RPRNMLMLKIKGFDM88EA,田東段,294.19,非都市：山坡地保育區 ; 非都市編定：農牧用地,1,1,全筆移轉,06550000
RPPNMLMLKIKGFDM68EA,菩提段,1.00,都市：其他:住宅區,1,1,全筆移轉,03120006
RPPNMLMLKIKGFDM68EA,菩提段,121.00,都市：其他:住宅區,1,1,全筆移轉,03130008
RPPNMLMLKIKGFDM68EA,菩提段,12.00,都市：其他:住宅區,1,1,全筆移轉,03130010
RPPNMLMLKIKGFDM68EA,菩提段,3.00,都市：其他:住宅區,1,1,全筆移轉,03310001
RPQNMLMLKIKGFDM78EA,大統段,92.34,都市：其他:住宅區,1,1,全筆移轉,02420007
WPQNMLQKKIKGFAM56DA,龍眼林段,15.75,非都市：山坡地保育區 ; 非都市編定：交通用地,432,54,持分移轉,00500004
RPQNMLMJLHLGFAM38EA,新豐段,11.57,都市：其他:第二種商業區,10000,121,持分移轉,00490000
RPTNMLMLKIKGFDM09EA,車輄寮段內湖小段,100.00,都市：其他:林業區,1,1,全筆移轉,01130002
RPUNMLMLKIKGFDM56EA,小半天段,2091.20,非都市：森林區 ; 非都市編定：林業用地,5,4,持分移轉,04470010
RPSNMLMLKIKGFEM09EA,鹿寮段,110.30,非都市：山坡地保育區 ; 非都市編定：交通用地,1,1,全筆移轉,09540000
RPRNMLMLKIKGFEM98EA,鹿寮段,1.19,非都市：山坡地保育區 ; 非都市編定：交通用地,1,1,全筆移轉,09470001
RPPNMLMLKIKGFEM78EA,鹿寮段,8.69,非都市：山坡地保育區 ; 非都市編定：交通用地,4,1,持分移轉,09560000
RPPNMLMLKIKGFEM78EA,鹿寮段,27.77,非都市：山坡地保育區 ; 非都市編定：交通用地,1,1,全筆移轉,09750001
RPPNMLMLKIKGFEM78EA,鹿寮段,4.89,非都市：山坡地保育區 ; 非都市編定：交通用地,1,1,全筆移轉,09750003
RPTNMLMLKIKGFEM56EA,鹿寮段,20.13,非都市：山坡地保育區 ; 非都市編定：交通用地,1,1,全筆移轉,09400001
RPUNMLMLKIKGFEM66EA,鹿寮段,.11,非都市：山坡地保育區 ; 非都市編定：農牧用地,1,1,全筆移轉,09460002
RPVNMLMLKIKGFEM76EA,鹿寮段,4.71,非都市：山坡地保育區 ; 非都市編定：農牧用地,1,1,全筆移轉,10410002
RPVNMLMLKIKGFEM76EA,鹿寮段,5.23,非都市：山坡地保育區 ; 非都市編定：農牧用地,1,1,全筆移轉,10440001
RPQNMLMLKIKGFEM88EA,鹿寮段,26.06,非都市：山坡地保育區 ; 非都市編定：交通用地,4,3,持分移轉,09560000
RPVNMLMLKIKGFDM66EA,新鹿谷段,82.05,非都市：山坡地保育區 ; 非都市編定：農牧用地,36,3,持分移轉,00610000
RPPNMLRKKIKGFAM68DA,福順段,68.72,非都市：一般農業區 ; 非都市編定：農牧用地,1,1,全筆移轉,09900000
RPPNMLTLKIKGFDM66DA,中正段,65.28,都市：其他:商業區,36,10,持分移轉,01300000
RPPNMLTLKIKGFDM66DA,中正段,73.06,都市：其他:住宅區,36,10,持分移轉,01310000
RPVNMLQKKIKGFCM76DA,桃米坑段,1160.00,非都市：山坡地保育區 ; 非都市編定：農牧用地,2,1,持分移轉,20930000
RPVNMLQKKIKGFCM76DA,桃米坑段,270.00,非都市：山坡地保育區 ; 非都市編定：農牧用地,2,1,持分移轉,20940000
RPVNMLQKKIKGFCM76DA,桃米坑段,370.00,非都市：山坡地保育區 ; 非都市編定：農牧用地,2,1,持分移轉,20950000
RPVNMLQKKIKGFCM76DA,桃米坑段,1075.00,非都市：山坡地保育區 ; 非都市編定：農牧用地,2,1,持分移轉,21280000
RPVNMLQKKIKGFCM76DA,桃米坑段,520.00,非都市：山坡地保育區 ; 非都市編定：農牧用地,2,1,持分移轉,21320000
RPPNMLPKKIKGFBM58DA,茄荖山段,8.09,非都市：山坡地保育區 ; 非都市編定：丙種建築用地,1,1,全筆移轉,08280008
RPPNMLPKKIKGFBM58DA,茄荖山段,15.68,非都市：山坡地保育區 ; 非都市編定：丙種建築用地,1,1,全筆移轉,08280034
RPQNMLTLKIKGFDM76DA,大統段,51.33,非都市：鄉村區 ; 非都市編定：乙種建築用地,5,1,持分移轉,04650000
RPQNMLTLKIKGFDM76DA,大統段,55.84,非都市：鄉村區 ; 非都市編定：乙種建築用地,1,1,全筆移轉,04750000
RPQNMLMLKIKGFEM78DA,文昌段,3324.48,都市：其他:農業區,1,1,全筆移轉,07430000
RPPNMLMKKIKGFBM28DA,草鞋墩段,87.52,都市：其他:住宅區,1,1,全筆移轉,08620000
RPQNMLSKKIKGFAM98EA,包尾段,12.40,都市：其他:住宅區,10000,54,持分移轉,07350045
RPPNMLTLKIKGFAM09EA,北松嶺段,2140.70,非都市：一般農業區 ; 非都市編定：農牧用地,6,2,持分移轉,05570000
RPPNMLTLKIKGFAM09EA,北松嶺段,35.12,,6,2,持分移轉,05580000
RPTNMLKMKIKGFDM98EA,文昌段,218.06,非都市：一般農業區 ; 非都市編定：丙種建築用地,1,1,全筆移轉,01360000
RPRNMLLMKIKGFDM78DA,桂南段,145.66,非都市：山坡地保育區 ; 非都市編定：丙種建築用地,1,1,全筆移轉,12790001
RPUNMLMLKIKGFBM88DA,中興段,1349.00,都市：其他:農業區,1,1,全筆移轉,05680000
RPQNMLTKKIKGFBM09DA,玉峰段,29.62,都市：其他:住宅區,100000,883,持分移轉,01960000
RPTNMLRKKIKGFCM66DA,靜觀段,310.00,非都市：森林區 ; 非都市編定：農牧用地,1,1,全筆移轉,03380000
RPPNMLNLKIKGFCM58DA,忠良段,373.43,非都市：特定農業區 ; 非都市編定：農牧用地,1,1,全筆移轉,00130000
RPRNMLQLKIKGFCM09DA,北港溪段,489.00,非都市：特定農業區 ; 非都市編定：農牧用地,858,489,持分移轉,00150001
RPRNMLQLKIKGFCM09DA,北港溪段,38.00,非都市：特定農業區 ; 非都市編定：甲種建築用地,1,1,全筆移轉,00150017
RPTNMLLKKIKGFAM48DA,三塊厝段,19.17,都市：其他:第一種商業區,10000,588,持分移轉,00010846
RPRNMLTLKIKGFCM76DA,牛尾段,725.01,非都市：山坡地保育區 ; 非都市編定：農牧用地,1,1,全筆移轉,00920000
RPTNMLOLKIKGFAM88DA,田寮段,85.30,非都市：特定農業區 ; 非都市編定：甲種建築用地,1,1,全筆移轉,04220000
RPTNMLTLKIKGFCM96DA,貓囒段,377.00,非都市：山坡地保育區 ; 非都市編定：農牧用地,1,1,全筆移轉,01080036
RPPNMLQLKIKGFCM88DA,忠實段,55.47,非都市：特定農業區 ; 非都市編定：丁種建築用地,7,1,持分移轉,03210000
RPRNMLOLKIKGFCM88DA,忠心段,73.81,都市：其他:住宅區,1,1,全筆移轉,00760002
RPSNMLQLKIKGFCM56DA,忠心段,75.04,都市：其他:住宅區,1,1,全筆移轉,00760000
RPUNMLOLKIKGFAM98DA,嘉興段,1553.91,非都市：特定農業區 ; 非都市編定：農牧用地,1,1,全筆移轉,04190000
RPSNMLOLKIKGFAM78DA,三塊厝段,53.00,都市：其他:住宅區,1,1,全筆移轉,02190028
RPPNMLOLKIKGFEM88DA,新民和段,1890.38,非都市：特定農業區 ; 非都市編定：農牧用地,1,1,全筆移轉,10020000
RPPNMLOLKIKGFBM58DA,光華段,902.00,非都市：一般農業區 ; 非都市編定：農牧用地,1,1,全筆移轉,08210000
RPQNMLKMKIKGFAM28DA,施厝坪段,109.57,都市：其他:住宅區,1260,65,持分移轉,06190000
RPOOMLQKKIKGFCM78DA,水流東段,4130.92,非都市：山坡地保育區 ; 非都市編定：農牧用地,1,1,全筆移轉,06550000
RPSNMLPJJHLGFAM58DA,鄉親寮段,85.00,非都市：山坡地保育區 ; 非都市編定：丙種建築用地,1,1,全筆移轉,02210015
RPSNMLPJJHLGFAM58DA,鄉親寮段,175.00,非都市：山坡地保育區 ; 非都市編定：農牧用地,1,1,全筆移轉,02300000
RPSNMLPJJHLGFAM58DA,鄉親寮段,5687.00,非都市：山坡地保育區 ; 非都市編定：農牧用地,1,1,全筆移轉,06020001
RPPNMLLMKIKGFAM28DA,中寮段,1345.00,非都市：山坡地保育區 ; 非都市編定：農牧用地,1,1,全筆移轉,04360002
RPRNMLPJJHLGFAM48DA,番子寮段,1028.00,非都市：山坡地保育區 ; 非都市編定：農牧用地,1,1,全筆移轉,12950011
RPRNMLMJJHLGFCM38DA,田頭社段,707.65,非都市：山坡地保育區 ; 非都市編定：林業用地,1,1,全筆移轉,00670000
RPRNMLLMKIKGFCM68DA,靜觀段,6560.00,非都市：森林區 ; 非都市編定：農牧用地,1,1,全筆移轉,05730000
RPPNMLMJJHLGFCM18DA,育英段,10.10,都市：其他:乙種工業區,1,1,全筆移轉,00730000
RPPNMLLMKIKGFCM48DA,忠信段,15.61,非都市：鄉村區 ; 非都市編定：水利用地,2,1,持分移轉,04040012
RPPNMLLMKIKGFCM48DA,忠信段,82.16,非都市：鄉村區 ; 非都市編定：乙種建築用地,2,1,持分移轉,04410000
RPSNMLMJJHLGFCM48DA,長寮段,878.00,非都市：特定農業區 ; 非都市編定：農牧用地,1,1,全筆移轉,01980025
RPSNMLMJJHLGFCM48DA,長寮段,2124.00,非都市：特定農業區 ; 非都市編定：農牧用地,1,1,全筆移轉,02000001
RPQNMLLMKIKGFCM58DA,愛蘭段,56.53,非都市：鄉村區 ; 非都市編定：乙種建築用地,1,1,全筆移轉,07840000
RPPNMLLJJHLGFCM08DA,龜溝段,3299.31,非都市：特定農業區 ; 非都市編定：農牧用地,1,1,全筆移轉,02550000
RPPNMLNJJHLGFCM28DA,和平段,20.01,都市：其他:商業區,100000,1218,持分移轉,02670000
RPQNMLLMKIKGFCM58DA,愛蘭段,26.13,非都市：鄉村區 ; 非都市編定：乙種建築用地,1,1,全筆移轉,07910000
RPPNMLNLKIKGFDM68DA,新初鄉段,87.05,非都市：鄉村區 ; 非都市編定：乙種建築用地,1,1,全筆移轉,02010000
RPXNMLQJJHLGFAM66EA,光復段,136.58,非都市：特定農業區 ; 非都市編定：農牧用地,1555,1295,持分移轉,09230002
RPROMLQJJHLGFAM78EA,營南段,42.00,非都市：一般農業區 ; 非都市編定：農牧用地,4,1,持分移轉,00060009
RPROMLQJJHLGFAM78EA,營南段,.06,非都市：一般農業區 ; 非都市編定：農牧用地,60,1,持分移轉,00090001
RPTNMLPJJHLGFDM98DA,溫水段,480.00,非都市：特定農業區 ; 非都市編定：農牧用地,6,3,持分移轉,05150000
RPTNMLPJJHLGFDM98DA,溫水段,352.51,非都市：特定農業區 ; 非都市編定：農牧用地,2,1,持分移轉,05170000
RPTNMLPJJHLGFDM98DA,溫水段,466.16,非都市：特定農業區 ; 非都市編定：農牧用地,500,207,持分移轉,05180000
RPTNMLPJJHLGFDM98DA,溫水段,599.38,非都市：特定農業區 ; 非都市編定：農牧用地,6,3,持分移轉,05790000
RPTNMLPJJHLGFDM98DA,溫水段,685.04,非都市：特定農業區 ; 非都市編定：農牧用地,6,3,持分移轉,05810000
RPTNMLPJJHLGFDM98DA,溫水段,31.48,非都市：特定農業區 ; 非都市編定：農牧用地,6,3,持分移轉,05830000
RPTNMLPJJHLGFDM98DA,溫水段,89.69,非都市：特定農業區 ; 非都市編定：農牧用地,6,3,持分移轉,05840000
RPTNMLPJJHLGFDM98DA,溫水段,156.19,非都市：特定農業區 ; 非都市編定：農牧用地,6,3,持分移轉,05850000
RPQNMLQJJHLGFAM58EA,內興段,16.13,非都市：特定農業區 ; 非都市編定：農牧用地,24,3,持分移轉,04230002
RPTNMLPJJHLGFDM98DA,溫水段,62.91,非都市：特定農業區 ; 非都市編定：農牧用地,2,1,持分移轉,05860000
RPPNMLQJJHLGFAM48EA,內興段,57.36,非都市：特定農業區 ; 非都市編定：農牧用地,72,32,持分移轉,04230002
RPQNMLQJJHLGFAM58EA,內興段,162.35,非都市：特定農業區 ; 非都市編定：農牧用地,8,1,持分移轉,10190003
RPPNMLQJJHLGFAM48EA,內興段,577.25,非都市：特定農業區 ; 非都市編定：農牧用地,72,32,持分移轉,10190003
RPQNMLRJJHLGFDM88DA,仁德段,335.51,都市：其他:農業區,6,1,持分移轉,02460000
RPPNMLPJJHLGFAM38EA,仙鹿段,36.80,非都市：鄉村區 ; 非都市編定：交通用地,2,1,持分移轉,03250000
RPPNMLPJJHLGFAM38EA,仙鹿段,21.95,非都市：山坡地保育區 ; 非都市編定：交通用地,2,1,持分移轉,03260000
RPPNMLPJJHLGFAM38EA,仙鹿段,124.22,非都市：山坡地保育區 ; 非都市編定：交通用地,1,1,全筆移轉,04260000
RPQNMLOKKIKGFAM48DA,半山段,77.00,都市：其他:住宅區,1,1,全筆移轉,03750004
RPPNMLQJJHLGFDM68DA,沙東段,25.84,都市：其他:農業區,1,1,全筆移轉,00730001
RPSNMLQJJHLGFAM78EA,內興段,1.34,非都市：特定農業區 ; 非都市編定：農牧用地,288,3,持分移轉,04230002
RPSNMLQJJHLGFAM78EA,內興段,27.10,非都市：一般農業區 ; 非都市編定：農牧用地,288,3,持分移轉,10030000
RPSNMLQJJHLGFAM78EA,內興段,13.53,非都市：特定農業區 ; 非都市編定：農牧用地,288,3,持分移轉,10190003
RPRNMLQJJHLGFAM68EA,內興段,2.69,非都市：特定農業區 ; 非都市編定：農牧用地,144,3,持分移轉,04230002
RPRNMLQJJHLGFAM68EA,內興段,54.20,非都市：一般農業區 ; 非都市編定：農牧用地,720,15,持分移轉,10030000
RPRNMLQJJHLGFAM68EA,內興段,27.06,非都市：特定農業區 ; 非都市編定：農牧用地,144,3,持分移轉,10190003
RPUNMLRLJHLGFAM56DA,南投段,6.76,都市：其他:第一種商業區,1000,14,持分移轉,01330025
RPTNMLQJJHLGFAM88EA,內興段,1.34,非都市：特定農業區 ; 非都市編定：農牧用地,288,3,持分移轉,04230002
RPTNMLQJJHLGFAM88EA,內興段,27.10,非都市：一般農業區 ; 非都市編定：農牧用地,288,3,持分移轉,10030000
RPTNMLQJJHLGFAM88EA,內興段,13.53,非都市：特定農業區 ; 非都市編定：農牧用地,288,3,持分移轉,10190003
RPQOMLQJJHLGFAM68EA,營南段,42.00,非都市：一般農業區 ; 非都市編定：農牧用地,4,1,持分移轉,00060009
RPQOMLQJJHLGFAM68EA,營南段,.06,非都市：一般農業區 ; 非都市編定：農牧用地,60,1,持分移轉,00090001
RPWNMLQJJHLGFAM56EA,內興段,5.38,非都市：特定農業區 ; 非都市編定：農牧用地,24,1,持分移轉,04230002
RPWNMLQJJHLGFAM56EA,內興段,54.12,非都市：特定農業區 ; 非都市編定：農牧用地,24,1,持分移轉,10190003
RPUNMLQJJHLGFAM98EA,營南段,.38,非都市：一般農業區 ; 非都市編定：農牧用地,659460,67240,持分移轉,00090001
RPPNMLQJJHLGFAM38DA,嘉和段,30.07,都市：其他:住宅區,10000,750,持分移轉,01830000
RPVNMLQJJHLGFAM09EA,營南段,.38,非都市：一般農業區 ; 非都市編定：農牧用地,659460,67240,持分移轉,00090001
RPPNMLRJJHLGFDM78DA,東鄉段,112.63,非都市：一般農業區 ; 非都市編定：丙種建築用地,1,1,全筆移轉,02070000
RPQNMLQKKIKGFBM78DA,新光段,31.43,非都市：鄉村區 ; 非都市編定：乙種建築用地,7,1,持分移轉,07000000
RPQNMLQKKIKGFBM78DA,新光段,12.00,非都市：鄉村區 ; 非都市編定：乙種建築用地,7,1,持分移轉,07000001
RPQNMLQKKIKGFBM78DA,新光段,15.14,非都市：鄉村區 ; 非都市編定：乙種建築用地,7,1,持分移轉,07000002
RPUNMLPJJHLGFAM78DA,後寮段,1219.00,非都市：山坡地保育區 ; 非都市編定：農牧用地,1,1,全筆移轉,01800013
RPUNMLPJJHLGFAM78DA,後寮段,441.00,非都市：山坡地保育區 ; 非都市編定：丙種建築用地,1,1,全筆移轉,01800017
RPPNMLSKKIKGFBM88DA,草屯段,19.13,都市：其他:住宅區,100000,610,持分移轉,00570000
RPOOMLQJJHLGFAM48EA,內興段,8.07,非都市：特定農業區 ; 非都市編定：農牧用地,288,18,持分移轉,04230002
RPOOMLQJJHLGFAM48EA,內興段,162.59,非都市：一般農業區 ; 非都市編定：農牧用地,288,18,持分移轉,10030000
RPOOMLQJJHLGFAM48EA,內興段,81.18,非都市：特定農業區 ; 非都市編定：農牧用地,288,18,持分移轉,10190003
RPPOMLPLKIKGFAM68DA,猴探井段,83.03,都市：其他:住宅區,1,1,全筆移轉,07630000
RPSOMLQJJHLGFAM88EA,營南段,42.00,非都市：一般農業區 ; 非都市編定：農牧用地,4,1,持分移轉,00060009
RPSOMLQJJHLGFAM88EA,營南段,.06,非都市：一般農業區 ; 非都市編定：農牧用地,60,1,持分移轉,00090001
RPQNMLTLKIKGFBM56DA,草屯段,9.00,都市：其他:道路用地,1,1,全筆移轉,04310003
RPQNMLTLKIKGFBM56DA,草屯段,1428.00,都市：其他:綠地用地,1,1,全筆移轉,04510000
RPPOMLQJJHLGFAM58EA,內興段,8.07,非都市：特定農業區 ; 非都市編定：農牧用地,288,18,持分移轉,04230002
RPPOMLQJJHLGFAM58EA,內興段,162.59,非都市：一般農業區 ; 非都市編定：農牧用地,288,18,持分移轉,10030000
RPPOMLQJJHLGFAM58EA,內興段,81.18,非都市：特定農業區 ; 非都市編定：農牧用地,288,18,持分移轉,10190003
RPQNMLSJJHLGFDM98DA,竹圍子段硘磘小段,226.00,都市：其他:住宅區,1,1,全筆移轉,03980000
RPPNMLOJJHLGFAM18DA,田寮段,3089.50,非都市：特定農業區 ; 非都市編定：農牧用地,10000,9512,持分移轉,13740002
RPRNMLKMKIKGFBM48DA,中原段,31.79,非都市：鄉村區 ; 非都市編定：乙種建築用地,100000,1608,持分移轉,09700000
RPQNMLRJJHLGFBM78EA,南坪段,312.50,非都市：山坡地保育區 ; 非都市編定：特定目的事業用地,8,1,持分移轉,09270000
RPQNMLRJJHLGFBM78EA,南坪段,312.50,非都市：山坡地保育區 ; 非都市編定：特定目的事業用地,8,1,持分移轉,09270001
RPQNMLRJJHLGFBM78EA,南坪段,385.07,非都市：山坡地保育區 ; 非都市編定：特定目的事業用地,8,1,持分移轉,09270002
RPQNMLLMKIKGFAM38DA,新豐段,.53,都市：其他:住宅區,216,1,持分移轉,02230000
RPQNMLLMKIKGFAM38DA,新豐段,.25,都市：其他:住宅區,22059,33,持分移轉,02240000
RPQNMLLMKIKGFAM38DA,新豐段,.52,都市：其他:住宅區,216,1,持分移轉,02260000
RPQNMLLMKIKGFAM38DA,新豐段,.12,都市：其他:住宅區,22059,33,持分移轉,02270000
RPQNMLLMKIKGFAM38DA,新豐段,8.06,都市：其他:住宅區,729,3,持分移轉,02280000
RPOOMLQJJHLGFCM58DA,成功段,39.83,都市：其他:農業區,385753,3983,持分移轉,02170000
RPQNMLRJJHLGFBM68DA,北勢段,20.48,非都市：鄉村區 ; 非都市編定：乙種建築用地,3576,149,持分移轉,07480000
RPQNMLOLKIKGFCM78DA,南興段,4.88,都市：其他:住宅區,1,1,全筆移轉,06500001
RPQNMLRJJHLGFBM68DA,北勢段,94.50,非都市：鄉村區 ; 非都市編定：乙種建築用地,2,1,持分移轉,07530000
RPQNMLOLKIKGFCM78DA,南興段,1.37,都市：其他:住宅區,1,1,全筆移轉,06510000
RPTNMLPJJHLGFAM68DA,新北段,82.69,非都市：鄉村區 ; 非都市編定：乙種建築用地,1,1,全筆移轉,08430000
RPQNMLMJJHLGFCM28DA,麒麟段,219.15,非都市：特定農業區 ; 非都市編定：甲種建築用地,1,1,全筆移轉,06080000
RPQNMLMJJHLGFCM28DA,麒麟段,210.52,非都市：特定農業區 ; 非都市編定：甲種建築用地,1,1,全筆移轉,06080001
RPQNMLMJJHLGFCM28DA,麒麟段,184.15,非都市：特定農業區 ; 非都市編定：甲種建築用地,1,1,全筆移轉,06080002
RPQNMLMJJHLGFCM28DA,麒麟段,191.46,非都市：特定農業區 ; 非都市編定：甲種建築用地,1,1,全筆移轉,06080003
RPQNMLMJJHLGFCM28DA,麒麟段,283.74,非都市：特定農業區 ; 非都市編定：甲種建築用地,1,1,全筆移轉,06080004
RPQNMLRJJHLGFCM78DA,東光段,991.84,非都市：一般農業區 ; 非都市編定：農牧用地,3,1,持分移轉,08740000
RPQNMLTJJHLGFDM09DA,新內湖段,123.68,都市：其他:住宅區,1,1,全筆移轉,06680000
RPRNMLSJJHLGFCM98DA,仁愛段,75.08,都市：其他:商業區,1,1,全筆移轉,06270000
RPRNMLSJJHLGFDM09DA,雲林段,15.53,都市：其他:住宅區,40,9,持分移轉,07570000
RPSNMLTJJHLGFDM66DA,隆鳳段,68.07,都市：其他:農業區,90,6,持分移轉,08510000
RPSNMLTJJHLGFDM66DA,隆鳳段,41.26,都市：其他:農業區,150,6,持分移轉,08520000
RPSNMLTJJHLGFDM66DA,隆鳳段,14.21,都市：其他:農業區,300,6,持分移轉,08530000
RPSNMLTJJHLGFDM66DA,隆鳳段,18.37,都市：其他:農業區,300,6,持分移轉,08540000
RPRNMLSJJHLGFAM78DA,竹圍段,871.44,非都市：一般農業區 ; 非都市編定：農牧用地,2,1,持分移轉,12150000
RPRNMLSJJHLGFAM78DA,竹圍段,1128.38,非都市：一般農業區 ; 非都市編定：農牧用地,2,1,持分移轉,12160000
RPTNMLMLKIKGFBM78DA,龍德段,75.62,非都市：鄉村區 ; 非都市編定：乙種建築用地,1,1,全筆移轉,09820000
RPUNMLSJJHLGFBM56DA,新僑光段,70.00,都市：其他:住宅區,1,1,全筆移轉,03460000
RPUNMLLMKIKGFAM78DA,小崎段,154.55,都市：其他:住宅區,1,1,全筆移轉,09610001
RPPNMLSJJHLGFCM78DA,桃米坑段,57981.00,非都市：森林區 ; 非都市編定：林業用地,1,1,全筆移轉,04120000
RPPNMLSJJHLGFCM78DA,桃米坑段,1788.00,非都市：山坡地保育區 ; 非都市編定：林業用地,1,1,全筆移轉,04120010
RPPNMLSJJHLGFCM78DA,桃米坑段,747.00,非都市：森林區 ; 非都市編定：交通用地,1,1,全筆移轉,04120015
RPPNMLSJJHLGFCM78DA,桃米坑段,145.00,非都市：森林區 ; 非都市編定：林業用地,1,1,全筆移轉,04120016
RPPNMLSJJHLGFCM78DA,桃米坑段,1772.00,非都市：山坡地保育區 ; 非都市編定：交通用地,1,1,全筆移轉,04120018
RPPNMLSJJHLGFCM78DA,桃米坑段,384.00,非都市：山坡地保育區 ; 非都市編定：林業用地,1,1,全筆移轉,04120019
RPPNMLSJJHLGFCM78DA,桃米坑段,7900.00,非都市：山坡地保育區 ; 非都市編定：農牧用地,1,1,全筆移轉,04120025
RPPNMLSJJHLGFCM78DA,桃米坑段,162.00,非都市：山坡地保育區 ; 非都市編定：丙種建築用地,1,1,全筆移轉,04120030
RPPNMLSJJHLGFCM78DA,桃米坑段,97.00,非都市：森林區 ; 非都市編定：丙種建築用地,1,1,全筆移轉,04120031
RPPNMLSJJHLGFCM78DA,桃米坑段,89.00,非都市：森林區 ; 非都市編定：林業用地,1,1,全筆移轉,04120072
RPPNMLSJJHLGFCM78DA,桃米坑段,2825.00,非都市：森林區 ; 非都市編定：農牧用地,1,1,全筆移轉,04120073
RPPNMLSJJHLGFCM78DA,桃米坑段,69.00,非都市：山坡地保育區 ; 非都市編定：丙種建築用地,1,1,全筆移轉,04120094
RPPNMLSJJHLGFCM78DA,桃米坑段,189.00,非都市：森林區 ; 非都市編定：丙種建築用地,1,1,全筆移轉,04120095
RPSNMLSJJHLGFCM09DA,小埔社段,145.00,非都市：山坡地保育區 ; 非都市編定：丙種建築用地,1,1,全筆移轉,02240047
RPPNMLTJJHLGFCM88DA,八德段,97.14,都市：其他:住宅區,4,2,持分移轉,07780000
RPPNMLSJJHLGFDM88DA,大統段,126.77,非都市：一般農業區 ; 非都市編定：甲種建築用地,1,1,全筆移轉,08430000
RPRNMLLMKIKGFAM48DA,南雅段,80.24,都市：其他:住宅區,2,1,持分移轉,04040000
RPPNMLKMKIKGFBM28DA,新虎山段,4.81,都市：其他:住宅區,1000,148,持分移轉,05550001
RPPNMLKMKIKGFBM28DA,新虎山段,2.17,都市：其他:住宅區,1000,148,持分移轉,05560001
RPPNMLKMKIKGFBM28DA,新虎山段,48.67,都市：其他:住宅區,1000,148,持分移轉,05710000
RPPNMLMJJHLGFEM38DA,新玉峰段,1760.20,非都市：特定農業區 ; 非都市編定：農牧用地,6,2,持分移轉,08690000
RPPNMLTLKIKGFBM09DA,新虎山段,7.28,都市：其他:住宅區,1000,224,持分移轉,05550001
RPPNMLTLKIKGFBM09DA,新虎山段,3.28,都市：其他:住宅區,1000,224,持分移轉,05560001
RPPNMLTLKIKGFBM09DA,新虎山段,73.66,都市：其他:住宅區,1000,224,持分移轉,05710000
RPRNMLQJJHLGFCM78DA,埔里段信義小段,262.00,都市：其他:住宅區,1,1,全筆移轉,00310004
RPSNMLPJJHLGFCM78DA,幼獅段,49.00,非都市：山坡地保育區 ; 非都市編定：農牧用地,1,1,全筆移轉,02660041
RPPNMLPJJHLGFCM48DA,福興段,3347.80,非都市：一般農業區 ; 非都市編定：農牧用地,71150,34150,持分移轉,15840000
RPRNMLMKJHLGFAM28DA,鄉親寮段,910.33,非都市：山坡地保育區 ; 非都市編定：農牧用地,3,1,持分移轉,05930018
RPPNMLOJJHLGFCM38DA,福興段,470.00,非都市：一般農業區 ; 非都市編定：甲種建築用地,1,1,全筆移轉,15220001
RPTNMLPJJHLGFCM88DA,忠良段,22.84,都市：其他:住宅區,100000,1110,持分移轉,02850000
RPQNMLTJJHLGFAM78DA,牛運堀段,63.33,都市：其他:綠地用地,12,1,持分移轉,04480001
RPSNMLQJJHLGFCM88DA,向善段,32.55,非都市：特定農業區 ; 非都市編定：交通用地,1,1,全筆移轉,05680000
RPSNMLQJJHLGFCM88DA,向善段,713.72,非都市：特定農業區 ; 非都市編定：農牧用地,1,1,全筆移轉,05690000
RPSNMLMKJHLGFAM38DA,鄉親寮段,105.04,非都市：山坡地保育區 ; 非都市編定：農牧用地,24,1,持分移轉,05930017
RPQNMLQJJHLGFCM68DA,民生段,32.51,都市：其他:農業區,144,6,持分移轉,03880000
RPUNMLRKKIKGFBM66DA,茄荖山段,109.54,非都市：山坡地保育區 ; 非都市編定：丙種建築用地,1,1,全筆移轉,06150000
RPUNMLRKKIKGFBM66DA,茄荖山段,109.93,非都市：山坡地保育區 ; 非都市編定：丙種建築用地,1,1,全筆移轉,06160000
SPUNMLRKKIKGFBM76DA,茄荖山段,109.54,非都市：山坡地保育區 ; 非都市編定：丙種建築用地,1,1,全筆移轉,06150000
SPUNMLRKKIKGFBM76DA,茄荖山段,109.93,非都市：山坡地保育區 ; 非都市編定：丙種建築用地,1,1,全筆移轉,06160000
RPQNMLSJJHLGFCM88DA,向善段,3744.72,非都市：特定農業區 ; 非都市編定：農牧用地,1,1,全筆移轉,07240000
RPQNMLSJJHLGFCM88DA,向善段,926.09,非都市：特定農業區 ; 非都市編定：農牧用地,1,1,全筆移轉,07720000
RPPNMLNKJHLGFBM38EA,碧峰段,32.11,非都市：鄉村區 ; 非都市編定：乙種建築用地,5,1,持分移轉,04120000
RPPNMLMKJHLGFBM28EA,南坪段,104.17,非都市：山坡地保育區 ; 非都市編定：特定目的事業用地,24,1,持分移轉,09270000
RPPNMLMKJHLGFBM28EA,南坪段,104.17,非都市：山坡地保育區 ; 非都市編定：特定目的事業用地,24,1,持分移轉,09270001
RPPNMLMKJHLGFBM28EA,南坪段,128.36,非都市：山坡地保育區 ; 非都市編定：特定目的事業用地,24,1,持分移轉,09270002
RPTNMLMKJHLGFDM88EA,文昌段,1572.01,非都市：一般農業區 ; 非都市編定：農牧用地,1,1,全筆移轉,13810000
RPWNMLMKJHLGFDM09DA,新和段,25.39,非都市：山坡地保育區 ; 非都市編定：林業用地,27,1,持分移轉,00890000
RPPNMLLMKIKGFDM58DA,新勞水坑段,82.54,非都市：鄉村區 ; 非都市編定：乙種建築用地,1,1,全筆移轉,03520000
RPUNMLKMKIKGFBM78DA,新光段,5.36,非都市：鄉村區 ; 非都市編定：乙種建築用地,36,1,持分移轉,00630000
RPPNMLNKJHLGFBM28DA,同德段,4678.63,非都市：山坡地保育區 ; 非都市編定：特定目的事業用地,1,1,全筆移轉,02960017
RPPNMLNKJHLGFBM28DA,同德段,372.73,非都市：山坡地保育區 ; 非都市編定：特定目的事業用地,100000,25000,持分移轉,02960018
RPPNMLNKJHLGFBM28DA,同德段,466.18,非都市：山坡地保育區 ; 非都市編定：特定目的事業用地,100000,50000,持分移轉,02960030
RPUNMLKMKIKGFBM78DA,新光段,10.44,非都市：鄉村區 ; 非都市編定：乙種建築用地,36,1,持分移轉,00630005
RPUNMLKMKIKGFBM78DA,新光段,48.33,非都市：鄉村區 ; 非都市編定：乙種建築用地,3,1,持分移轉,00630010
RPQNMLNKJHLGFAM28DA,嘉興段,80.90,非都市：鄉村區 ; 非都市編定：乙種建築用地,100000,6185,持分移轉,05850000
RPTNMLNKJHLGFDM88DA,清秀段,495.52,非都市：鄉村區 ; 非都市編定：乙種建築用地,4,2,持分移轉,08370000
RPRNMLTLKIKGFBM66DA,明賢段,41.70,都市：其他:住宅區,2,1,持分移轉,05880000
RPPNMLOKJHLGFAM38EA,爽文段,48.33,非都市：鄉村區 ; 非都市編定：乙種建築用地,1,1,全筆移轉,01240000
RPQNMLPKKIKGFAM58DA,崁頂段,718.62,非都市：一般農業區 ; 非都市編定：農牧用地,2,1,持分移轉,00620000
RPQNMLPKKIKGFAM58DA,崁頂段,244.45,非都市：一般農業區 ; 非都市編定：水利用地,1,1,全筆移轉,00630000
RPQNMLPKKIKGFAM58DA,崁頂段,3235.68,非都市：一般農業區 ; 非都市編定：農牧用地,1000,349,持分移轉,00640000
RPSNMLOKJHLGFCM78DA,犁頭尖段,123.40,都市：其他:住宅區,1,1,全筆移轉,07780000
RPPNMLQKJHLGFDM78DA,新福興段,906.18,非都市：山坡地保育區 ; 非都市編定：農牧用地,1,1,全筆移轉,04020000
RPPNMLQKJHLGFDM78DA,新福興段,430.56,非都市：山坡地保育區 ; 非都市編定：交通用地,1,1,全筆移轉,04030000
RPPNMLQKJHLGFDM78DA,新福興段,605.94,非都市：山坡地保育區 ; 非都市編定：農牧用地,1,1,全筆移轉,04070000
RPSNMLQKJHLGFCM98DA,桃米段,1930.23,非都市：山坡地保育區 ; 非都市編定：林業用地,1,1,全筆移轉,07070000
RPUNMLNKJHLGFAM68DA,牛運堀段,10.38,都市：其他:住宅區,100000,758,持分移轉,02760000
RPUNMLNKJHLGFAM68DA,牛運堀段,1.33,都市：其他:住宅區,100000,758,持分移轉,02760007
RPUNMLNKJHLGFAM68DA,牛運堀段,3.21,都市：其他:住宅區,100000,758,持分移轉,02760008
RPRNMLPKJHLGFAM58DA,牛運堀段,20.00,都市：其他:住宅區,1,1,全筆移轉,05010041
RPUNMLNKJHLGFAM68DA,牛運堀段,11.70,都市：其他:住宅區,100000,758,持分移轉,02790000
RPRNMLPKJHLGFAM58DA,牛運堀段,47.00,都市：其他:住宅區,1,1,全筆移轉,05010048
RPSNMLPKKIKGFAM78DA,小崎段,71.29,都市：其他:住宅區,1,1,全筆移轉,09360000
RPPNMLTKJHLGFDM09DA,中崎段,4485.58,非都市：特定農業區 ; 非都市編定：農牧用地,1,1,全筆移轉,06330000
RPPNMLTKJHLGFDM09DA,中崎段,49.76,非都市：特定農業區 ; 非都市編定：殯葬用地,10000,218,持分移轉,07680000
RPPNMLPKJHLGFAM48EA,南投段,10.67,都市：其他:第一種商業區,3,1,持分移轉,03570001
RPRNMLMLKIKGFAM48DA,南松嶺段,1951.43,都市：其他:農業區,1,1,全筆移轉,02300000
RPQNMLNKJHLGFEM68DA,新民和段,1438.41,非都市：特定農業區 ; 非都市編定：農牧用地,1,1,全筆移轉,10800000
RPVNMLQKJHLGFCM66DA,中峰段,127.16,非都市：特定農業區 ; 非都市編定：農牧用地,1,1,全筆移轉,01370000
RPVNMLQKJHLGFCM66DA,中峰段,48.64,非都市：特定農業區 ; 非都市編定：農牧用地,1,1,全筆移轉,01380000
RPTNMLPKJHLGFAM78DA,和興段,2331.54,非都市：一般農業區 ; 非都市編定：農牧用地,1,1,全筆移轉,08720000
RPVNMLQKJHLGFCM66DA,中峰段,224.40,非都市：特定農業區 ; 非都市編定：農牧用地,1,1,全筆移轉,01390000
RPVNMLQKJHLGFCM66DA,中峰段,770.44,非都市：特定農業區 ; 非都市編定：農牧用地,1,1,全筆移轉,01850000
RPRNMLOKJHLGFAM48DA,福興段,28.46,都市：其他:住宅區,10000,212,持分移轉,05530000
RPUNMLPJJHLGFCM98DA,和平段,20.24,都市：其他:商業區,100000,1232,持分移轉,02670000
RPPNMLKLJHLGFDM28DA,圓山段,14739.37,非都市：山坡地保育區 ; 非都市編定：林業用地,1,1,全筆移轉,00330002
RPQNMLPKJHLGFEM88DA,龍泉段,20.78,非都市：山坡地保育區 ; 非都市編定：丙種建築用地,10000,712,持分移轉,01540000
SPSNMLPKJHLGFAM78DA,南投段,2.14,都市：其他:第一種商業區,37120,552,持分移轉,03230011
RPQNMLPKJHLGFEM88DA,龍泉段,156.00,非都市：山坡地保育區 ; 非都市編定：丙種建築用地,1,1,全筆移轉,01540001
SPSNMLPKJHLGFAM78DA,南投段,11.70,都市：其他:第一種商業區,100,15,持分移轉,03230013
SPSNMLPKJHLGFAM78DA,南投段,6.07,都市：其他:第一種商業區,80,3,持分移轉,03260000
RPRNMLQKJHLGFAM68DA,嘉興段,1037.24,非都市：特定農業區 ; 非都市編定：農牧用地,1,1,全筆移轉,01490000
RPSNMLPKJHLGFAM68DA,南投段,2.38,都市：其他:第一種商業區,22272,368,持分移轉,03230011
RPSNMLPKJHLGFAM68DA,南投段,13.00,都市：其他:第一種商業區,12,2,持分移轉,03230013
RPSNMLPKJHLGFAM68DA,南投段,6.75,都市：其他:第一種商業區,48,2,持分移轉,03260000
RPQNMLQJJHLGFBM58DA,北投埔段,33.70,非都市：特定農業區 ; 非都市編定：甲種建築用地,1000,48,持分移轉,02750000
RPQNMLQJJHLGFBM58DA,北投埔段,58.39,非都市：特定農業區 ; 非都市編定：農牧用地,36,2,持分移轉,16250001
RPQNMLQJJHLGFBM58DA,北投埔段,94.50,非都市：特定農業區 ; 非都市編定：農牧用地,36,2,持分移轉,16280000
RPSNMLNKJHLGFAM48DA,福順段,185.83,非都市：鄉村區 ; 非都市編定：乙種建築用地,1,1,全筆移轉,00500001
RPSNMLNKJHLGFAM48DA,福順段,9.96,非都市：鄉村區 ; 非都市編定：乙種建築用地,1,1,全筆移轉,00510000
RPQNMLQJJHLGFAM48DA,南山段,69.00,都市：其他:住宅區,1,1,全筆移轉,03590008
RPWNMLTKJHLGFAM86DA,嘉興段,33.83,非都市：一般農業區 ; 非都市編定：農牧用地,2,1,持分移轉,24620000
RPWNMLTKJHLGFAM86DA,嘉興段,31.80,非都市： ; 非都市編定：交通用地,2,1,持分移轉,26830000
RPSNMLQKJHLGFAM78DA,吳厝段,22.90,非都市：特定農業區 ; 非都市編定：農牧用地,130,8,持分移轉,00570000
RPSNMLQKJHLGFAM78DA,吳厝段,75.64,都市：其他:農業區,130,8,持分移轉,00840001
RPSNMLQKJHLGFAM78DA,吳厝段,14.43,都市：其他:農業區,130,8,持分移轉,00840002
RPSNMLQKJHLGFAM78DA,吳厝段,11.09,都市：其他:農業區,130,8,持分移轉,00840003
RPSNMLQKJHLGFAM78DA,吳厝段,9.73,都市：其他:農業區,130,8,持分移轉,00840004
RPSNMLQKJHLGFAM78DA,吳厝段,6.22,都市：其他:農業區,130,8,持分移轉,00860000
RPSNMLQKJHLGFAM78DA,吳厝段,221.15,都市：其他:農業區,10,8,持分移轉,00860018
RPSNMLQKJHLGFAM78DA,吳厝段,268.38,都市：其他:農業區,130,8,持分移轉,00950000
RPSNMLQKJHLGFAM78DA,吳厝段,174.06,都市：其他:農業區,10,8,持分移轉,00950006
RPXNMLNKJHLGFDM66DA,仁德段,43.73,都市：其他:住宅區,100000,7127,持分移轉,01880000
RPXNMLNKJHLGFDM66DA,仁德段,11.88,都市：其他:住宅區,100000,7127,持分移轉,02270000
RPVNMLTKJHLGFDM07DA,紫南段,773.73,非都市：特定農業區 ; 非都市編定：農牧用地,2,1,持分移轉,09280000
RPTNMLKLJHLGFAM38DA,分水寮段,263.00,非都市：山坡地保育區 ; 非都市編定：丙種建築用地,1,1,全筆移轉,02130000
RPQNMLTKJHLGFBM98DA,新富仁段,226.51,都市：其他:公園用地,2592000,871533,持分移轉,00570000
RPQNMLTKJHLGFBM98DA,新富仁段,7.13,都市：其他:公園用地,800000,18882,持分移轉,00580000
RPPNMLNKJHLGFAM18DA,福德段,189.55,非都市：一般農業區 ; 非都市編定：農牧用地,1,1,全筆移轉,04120000
RPPNMLNKJHLGFAM18DA,福德段,183.27,非都市：一般農業區 ; 非都市編定：甲種建築用地,1,1,全筆移轉,04120001
RPPNMLMLJHLGFDM48DA,延和段,36.78,都市：其他:住宅區,10,1,持分移轉,03790000
RPUNMLTKJHLGFDM96DA,照鏡段,687.36,非都市：一般農業區 ; 非都市編定：甲種建築用地,1,1,全筆移轉,02900000
RPVNMLOLKIKGFDM76DA,雲林段,54.00,都市：其他:商業區,1,1,全筆移轉,02740000
RPPNMLQKJHLGFEM88DA,下城段,4365.83,非都市：特定農業區 ; 非都市編定：農牧用地,1,1,全筆移轉,03740000
RPPNMLQKJHLGFEM88DA,下城段,841.07,非都市：特定農業區 ; 非都市編定：農牧用地,1,1,全筆移轉,03770000
RPPNMLQKJHLGFEM88DA,下城段,276.35,非都市：特定農業區 ; 非都市編定：水利用地,1,1,全筆移轉,03790000
RPPNMLQKJHLGFEM88DA,下城段,679.26,非都市：特定農業區 ; 非都市編定：農牧用地,1,1,全筆移轉,03800000
RPPNMLQKJHLGFEM88DA,下城段,181.14,非都市：特定農業區 ; 非都市編定：農牧用地,1,1,全筆移轉,03870000
RPPNMLQKJHLGFEM88DA,下城段,1094.69,非都市：特定農業區 ; 非都市編定：農牧用地,1,1,全筆移轉,03880000
RPPNMLQKJHLGFEM88DA,下城段,1094.68,非都市：特定農業區 ; 非都市編定：農牧用地,1,1,全筆移轉,03880001
RPPNMLQKJHLGFEM88DA,下城段,1094.68,非都市：特定農業區 ; 非都市編定：農牧用地,1,1,全筆移轉,03880002
RPPNMLQKJHLGFEM88DA,下城段,403.18,非都市：特定農業區 ; 非都市編定：農牧用地,1,1,全筆移轉,03920000
RPUNMLKLJHLGFAM48DA,分水寮段,2897.15,非都市：山坡地保育區 ; 非都市編定：農牧用地,10000,7892,持分移轉,02130003
RPQNMLLLJHLGFCM48EA,北山坑段,985.00,非都市：特定農業區 ; 非都市編定：農牧用地,1,1,全筆移轉,00070100
RPQNMLLLJHLGFCM48EA,北山坑段,985.00,非都市：特定農業區 ; 非都市編定：農牧用地,1,1,全筆移轉,00070101
RPTNMLQKJHLGFCM09DA,八德段,23.33,都市：其他:住宅區,1,1,全筆移轉,07770000
RPTNMLQKJHLGFCM09DA,八德段,97.14,都市：其他:住宅區,4,2,持分移轉,07780000
RPVNMLOKJHLGFDM56DA,仁德段,29.24,都市：其他:住宅區,100000,4765,持分移轉,01880000
RPXNMLOKJHLGFDM76DA,仁德段,29.24,都市：其他:住宅區,100000,4765,持分移轉,01880000
RPVNMLOKJHLGFDM56DA,仁德段,7.95,都市：其他:住宅區,100000,4765,持分移轉,02270000
RPXNMLOKJHLGFDM76DA,仁德段,7.95,都市：其他:住宅區,100000,4765,持分移轉,02270000
RPUNMLOKJHLGFDM09DA,仁德段,29.24,都市：其他:住宅區,100000,4765,持分移轉,01880000
RPUNMLOKJHLGFDM09DA,仁德段,7.95,都市：其他:住宅區,100000,4765,持分移轉,02270000
RPSNMLLLJHLGFBM48DA,草屯段,493.59,非都市：特定農業區 ; 非都市編定：農牧用地,10000,3124,持分移轉,02270001
RPRNMLLLJHLGFBM38DA,草屯段,246.80,非都市：特定農業區 ; 非都市編定：農牧用地,10000,1562,持分移轉,02270001
RPUNMLLLJHLGFBM68DA,北投堡段,18.32,非都市：鄉村區 ; 非都市編定：乙種建築用地,200000,6108,持分移轉,05550006
RPQNMLMJJHLGFBM18DA,中原段,762.93,非都市：鄉村區 ; 非都市編定：乙種建築用地,10000,8972,持分移轉,04280000
RPUNMLLLJHLGFBM68DA,北投堡段,94.69,非都市：鄉村區 ; 非都市編定：乙種建築用地,1,1,全筆移轉,05550019
RPPNMLMLJHLGFBM28DA,復興段,27.69,非都市：鄉村區 ; 非都市編定：交通用地,6,1,持分移轉,10330000
RPPNMLMLJHLGFBM28DA,復興段,102.07,非都市：鄉村區 ; 非都市編定：乙種建築用地,1,1,全筆移轉,10340001
RPPNMLMLJHLGFBM28DA,復興段,27.34,非都市：鄉村區 ; 非都市編定：乙種建築用地,6,1,持分移轉,10340003
RPPNMLMLJHLGFBM28DA,復興段,20.58,非都市：鄉村區 ; 非都市編定：乙種建築用地,1,1,全筆移轉,10340009
RPPNMLQKJHLGFBM58DA,中興段,1864.00,都市：其他:農業區,1,1,全筆移轉,04810000
RPSNMLNKJHLGFCM68DA,和平段,24.39,都市：其他:商業區,100000,1484,持分移轉,02670000
RPSNMLNLJHLGFAM58DA,首區段,72.00,都市：其他:第四種住宅區,1,1,全筆移轉,00750000
RPQNMLMLKIKGFAM38DA,新二重溪段,30.52,非都市：鄉村區 ; 非都市編定：乙種建築用地,10,1,持分移轉,04170000
RPQNMLMLKIKGFAM38DA,新二重溪段,81.75,非都市：鄉村區 ; 非都市編定：乙種建築用地,1,1,全筆移轉,04170008
RPPNMLQLJHLGFEM09EA,南湖段,199.00,非都市：特定農業區 ; 非都市編定：丙種建築用地,1,1,全筆移轉,00620000
RPTNMLNLJHLGFBM78DA,炎峰段,608.09,都市：其他:住宅區,1,1,全筆移轉,05240000
RPQNMLNLJHLGFCM58DA,蓮華池段,1545.00,非都市：森林區 ; 非都市編定：農牧用地,1,1,全筆移轉,00220044
RPQNMLLLJHLGFDM48DA,仁德段,43.91,都市：其他:住宅區,100000,7156,持分移轉,01880000
RPTNMLRLJHLGFDM76DA,埔頭段,88.00,都市：其他:住宅區,1,1,全筆移轉,03200000
RPQNMLLLJHLGFDM48DA,仁德段,11.93,都市：其他:住宅區,100000,7156,持分移轉,02270000
RPVNMLLLJHLGFCM88DA,忠良段,20.70,都市：其他:住宅區,100000,1006,持分移轉,02850000
RPUNMLLLJHLGFCM78DA,華岡段,16.00,非都市：山坡地保育區 ; 非都市編定：農牧用地,1,1,全筆移轉,00780009
RPUNMLLLJHLGFCM78DA,華岡段,1014.00,非都市：山坡地保育區 ; 非都市編定：農牧用地,1,1,全筆移轉,00890009
RPUNMLLLJHLGFCM78DA,華岡段,3256.00,非都市：山坡地保育區 ; 非都市編定：農牧用地,1,1,全筆移轉,00900019
RPUNMLLLJHLGFCM78DA,華岡段,5403.00,非都市：山坡地保育區 ; 非都市編定：農牧用地,1,1,全筆移轉,01260007
RPUNMLLLJHLGFCM78DA,華岡段,210.00,非都市：山坡地保育區 ; 非都市編定：農牧用地,1,1,全筆移轉,01260026
RPUNMLLLJHLGFCM78DA,華岡段,224.00,非都市：山坡地保育區 ; 非都市編定：農牧用地,1,1,全筆移轉,01260028
RPUNMLLLJHLGFCM78DA,華岡段,226.00,非都市：山坡地保育區 ; 非都市編定：農牧用地,1,1,全筆移轉,01260032
RPUNMLLLJHLGFCM78DA,華岡段,769.00,非都市：山坡地保育區 ; 非都市編定：農牧用地,1,1,全筆移轉,01260034
RPUNMLLLJHLGFCM78DA,華岡段,1290.00,非都市：山坡地保育區 ; 非都市編定：農牧用地,1,1,全筆移轉,01260035
RPUNMLLLJHLGFCM78DA,華岡段,67.00,非都市：山坡地保育區 ; 非都市編定：農牧用地,1,1,全筆移轉,01260037
RPUNMLLLJHLGFCM78DA,華岡段,34.00,非都市：山坡地保育區 ; 非都市編定：農牧用地,1,1,全筆移轉,01260039
RPPOMLLLJHLGFAM18DA,平林段,85.13,非都市：山坡地保育區 ; 非都市編定：丙種建築用地,10000,31,持分移轉,01370000
RPPNMLQLJHLGFAM68EA,永新段,37.08,都市：其他:住宅區,10000,1157,持分移轉,05930000
RPPNMLLLJHLGFDM38DA,仁德段,43.91,都市：其他:住宅區,100000,7156,持分移轉,01880000
RPPNMLLLJHLGFDM38DA,仁德段,11.93,都市：其他:住宅區,100000,7156,持分移轉,02270000
RPVNMLNKJHLGFAM78DA,牛運堀段,86.00,都市：其他:住宅區,1,1,全筆移轉,04430037
RPTNMLMLJHLGFAM58DA,田寮段,72.63,非都市：鄉村區 ; 非都市編定：乙種建築用地,1,1,全筆移轉,11190000
RPQNMLLLJHLGFAM18DA,平林段,104.35,非都市：山坡地保育區 ; 非都市編定：丙種建築用地,10000,38,持分移轉,01370000
RPPNMLSLJHLGFAM78DA,新二重溪段,.55,非都市：山坡地保育區 ; 非都市編定：農牧用地,40,5,持分移轉,01820000
RPPNMLSLJHLGFAM78DA,新二重溪段,22.21,非都市：鄉村區 ; 非都市編定：乙種建築用地,1,1,全筆移轉,04840000
RPPNMLSLJHLGFAM78DA,新二重溪段,357.35,非都市：鄉村區 ; 非都市編定：乙種建築用地,1,1,全筆移轉,04850000
RPUNMLNKJHLGFBM78DA,草屯段,18.37,都市：其他:商業區,100000,418,持分移轉,07370001
RPSNMLPJKIKGFCM88DA,平和段,472.67,非都市：山坡地保育區 ; 非都市編定：農牧用地,1,1,全筆移轉,06990000
RPSNMLPJKIKGFCM88DA,平和段,999.15,非都市：山坡地保育區 ; 非都市編定：農牧用地,1,1,全筆移轉,07000000
RPQNMLMLJHLGFBM38DA,草屯段,14.50,都市：其他:住宅區,18,1,持分移轉,02950000
RPQNMLMLJHLGFBM38DA,草屯段,67.00,都市：其他:住宅區,1,1,全筆移轉,02950003
RPPNMLRJJHLGFBM68EA,草屯段,360.60,都市：其他:農業區,15,3,持分移轉,01860000
RPPNMLRJJHLGFBM68EA,草屯段,4.80,都市：其他:商業區,15,3,持分移轉,05810011
RPPNMLRJJHLGFBM68EA,明賢段,17.85,都市：其他:住宅區,15,3,持分移轉,10310000
RPPOMLQLJHLGFCM88DA,水長流段,108.00,非都市：特定農業區 ; 非都市編定：甲種建築用地,1,1,全筆移轉,01030022
RPSNMLQLJHLGFDM66EA,雲林段,4.00,都市：其他:住宅區,15,3,持分移轉,08990000
RPSNMLLMKIKGFAM58DA,名松段,72.25,非都市：一般農業區 ; 非都市編定：丙種建築用地,1,1,全筆移轉,03930000
RPPNMLSLJHLGFAM88EA,永昌段,75.90,都市：其他:第二種住宅區,1,1,全筆移轉,03300000
RPSNMLKLJHLGFAM28DA,牛運堀段,14.87,都市：其他:住宅區,100000,715,持分移轉,01670000
RPSNMLKLJHLGFAM28DA,牛運堀段,.68,都市：其他:住宅區,100000,715,持分移轉,01670015
RPPNMLRLJHLGFAM68DA,新廍段,32.13,都市：其他:住宅區,100000,3957,持分移轉,07670005
RPSNMLKLJHLGFAM28DA,牛運堀段,15.14,都市：其他:住宅區,100000,715,持分移轉,01970000
RPSNMLKLJHLGFAM28DA,牛運堀段,3.27,都市：其他:保護區,4546,30,持分移轉,01980052
RPTNMLNKJHLGFAM58DA,名水段,92.75,都市：其他:住宅區,1,1,全筆移轉,01830007
RPRNMLTJJHLGFDM56DA,鹿彰段,94.13,都市：其他:住宅區,1,1,全筆移轉,00980000
RPXNMLRLJHLGFCM07DA,四角城段,108.93,非都市：特定農業區 ; 非都市編定：農牧用地,8,1,持分移轉,02410000
RPXNMLRLJHLGFCM07DA,四角城段,516.89,非都市：特定農業區 ; 非都市編定：農牧用地,8,1,持分移轉,07210000
RPXNMLRLJHLGFCM07DA,四角城段,165.52,非都市：特定農業區 ; 非都市編定：農牧用地,8,1,持分移轉,07220000
RPXNMLRLJHLGFCM07DA,四角城段,162.12,非都市：特定農業區 ; 非都市編定：農牧用地,8,1,持分移轉,07230000
RPPNMLLLJHLGFCM28DA,双吉段,549.00,非都市：特定農業區 ; 非都市編定：農牧用地,1,1,全筆移轉,06450000
RPRNMLTLJHLGFBM56DA,中興段,2836.00,都市：其他:農業區,1,1,全筆移轉,05450000
RPRNMLOKJHLGFDM78DA,仁德段,29.24,都市：其他:住宅區,100000,4765,持分移轉,01880000
RPRNMLOKJHLGFDM78DA,仁德段,7.95,都市：其他:住宅區,100000,4765,持分移轉,02270000
RPPNMLQLJHLGFBM68DA,草屯段,27.87,都市：其他:商業區,10000,89,持分移轉,07550000
RPQNMLSLJHLGFAM98EA,新生段,907.00,都市：其他:農業區,1,1,全筆移轉,14590002
RPSNMLMLJHLGFAM48DA,光興段,133.48,都市：其他:住宅區,1,1,全筆移轉,03840000
RPWNMLOKJHLGFDM66DA,仁德段,29.24,都市：其他:住宅區,100000,4765,持分移轉,01880000
RPWNMLOKJHLGFDM66DA,仁德段,7.95,都市：其他:住宅區,100000,4765,持分移轉,02270000
RPPNMLKMJHLGFAM08DA,仁和段,3713.42,非都市：特定農業區 ; 非都市編定：農牧用地,1,1,全筆移轉,01550000
RPTNMLMJKHLGFDM88EA,清秀段,2635.77,非都市：一般農業區 ; 非都市編定：農牧用地,1,1,全筆移轉,11240000
RPPNMLMJKHLGFBM18DA,草屯段,97.00,都市：其他:住宅區,1,1,全筆移轉,01350020
RPPNMLMJKHLGFDM38DA,大鞍段,451.00,非都市：山坡地保育區 ; 非都市編定：丙種建築用地,1,1,全筆移轉,00410005
RPPNMLTKJHLGFAM78DA,大崗段,98.00,非都市：工業區 ; 非都市編定：丁種建築用地,1,1,全筆移轉,00020020
RPVNMLKMJHLGFBM78DA,隘寮段,84.03,都市：其他:住宅區,1,1,全筆移轉,00730000
RPVNMLTLJHLGFCM07DA,忠信段,269.65,非都市：鄉村區 ; 非都市編定：乙種建築用地,1,1,全筆移轉,00390000
RPVNMLKMJHLGFBM78DA,隘寮段,79.44,都市：其他:住宅區,1,1,全筆移轉,00730001
RPVNMLKMJHLGFBM78DA,隘寮段,78.85,都市：其他:住宅區,1,1,全筆移轉,00730002
RPVNMLKMJHLGFBM78DA,隘寮段,80.79,都市：其他:住宅區,1,1,全筆移轉,00730003
RPPNMLKMJHLGFCM28DA,犁頭尖段,115.29,,1,1,全筆移轉,07780004
RPPNMLNJKHLGFBM38EA,土城段,50.78,非都市：鄉村區 ; 非都市編定：乙種建築用地,1,1,全筆移轉,07860000
RPRNMLTKKIKGFDM76DA,鯉魚段,1805.34,非都市：山坡地保育區 ; 非都市編定：農牧用地,1,1,全筆移轉,01590000
RPPNMLNJKHLGFEM68EA,鉅工段,1.00,都市：其他:住宅區,1,1,全筆移轉,10160000
RPPNMLNJKHLGFEM68EA,鉅工段,56.00,都市：其他:住宅區,1,1,全筆移轉,10170000
RPTNMLNJKHLGFCM78DA,牛眠段,33.39,非都市：鄉村區 ; 非都市編定：乙種建築用地,1,1,全筆移轉,08990000
RPXNMLTLJHLGFCM27DA,北港溪段,2564.00,非都市：山坡地保育區 ; 非都市編定：農牧用地,1,1,全筆移轉,00370258
RPRNMLNJKHLGFAM38DA,新光段,1312.36,非都市：一般農業區 ; 非都市編定：農牧用地,2,1,持分移轉,03090000
RPSNMLLLJHLGFCM58DA,東光段,821.62,非都市：一般農業區 ; 非都市編定：農牧用地,1,1,全筆移轉,12430000
RPSNMLLLJHLGFCM58DA,東光段,913.60,非都市：一般農業區 ; 非都市編定：農牧用地,1,1,全筆移轉,12440000
RPQNMLPJKHLGFAM48DA,過坑段,70.52,都市：其他:住宅區,1,1,全筆移轉,02410000
RPPNMLOLKIKGFCM78EA,北港溪段,303.00,非都市：特定農業區 ; 非都市編定：農牧用地,1,1,全筆移轉,00010005
RPTNMLQLJHLGFCM56DA,靜觀段,1810.00,非都市：森林區 ; 非都市編定：國土保安用地,1,1,全筆移轉,08160000
RPTNMLQLJHLGFCM56DA,靜觀段,5850.00,非都市：森林區 ; 非都市編定：林業用地,1,1,全筆移轉,09560000
RPTNMLQLJHLGFCM56DA,靜觀段,6350.00,非都市：森林區 ; 非都市編定：林業用地,1,1,全筆移轉,10570000
RPUNMLSJJHLGFCM66DA,貓囒段,52.00,非都市：山坡地保育區 ; 非都市編定：丙種建築用地,1,1,全筆移轉,02670121
RPPNMLPJKHLGFAM48EA,萬丹段,451.33,非都市：特定農業區 ; 非都市編定：農牧用地,1,1,全筆移轉,11470000
RPTNMLSJJHLGFCM56DA,貓囒段,52.00,非都市：山坡地保育區 ; 非都市編定：丙種建築用地,1,1,全筆移轉,02670120
RPQNMLPJKHLGFCM68DA,大坪頂段,309.39,非都市：鄉村區 ; 非都市編定：乙種建築用地,1,1,全筆移轉,07250000
RPPNMLTJJHLGFBM78DA,新虎山段,5.85,都市：其他:住宅區,1000,180,持分移轉,05550001
RPPNMLTJJHLGFBM78DA,新虎山段,2.64,都市：其他:住宅區,1000,180,持分移轉,05560001
RPPNMLTJJHLGFBM78DA,新虎山段,59.19,都市：其他:住宅區,1000,180,持分移轉,05710000
RPQNMLNJKHLGFCM48DA,田頭社段,178.14,非都市：特定農業區 ; 非都市編定：甲種建築用地,1,1,全筆移轉,05210000
RPTNMLLMKIKGFAM68DA,內新段,100.45,都市：其他:住宅區,10000,250,持分移轉,10200000
RPQNMLNJKHLGFCM48DA,田頭社段,29.82,非都市：特定農業區 ; 非都市編定：甲種建築用地,15,4,持分移轉,05230000
RPPNMLKMJHLGFDM38DA,中州段,655.12,非都市：特定農業區 ; 非都市編定：農牧用地,9,2,持分移轉,07570000
RPQNMLMJKHLGFCM38DA,東埔段,2686.96,非都市：特定農業區 ; 非都市編定：農牧用地,1,1,全筆移轉,07090000
RPPNMLOJKHLGFBM48EA,新虎山段,44.95,都市：其他:住宅區,1,1,全筆移轉,03370000
RPPNMLKMJHLGFDM38DA,中州段,1155.52,非都市：特定農業區 ; 非都市編定：農牧用地,3,1,持分移轉,07600000
RPPNMLQJKHLGFDM78DA,延祥段,26.64,都市：其他:住宅區,3,1,持分移轉,01640010
RPPNMLQJKHLGFDM78DA,延祥段,92.01,都市：其他:住宅區,1,1,全筆移轉,01640013
RPPNMLQJKHLGFDM78DA,延祥段,.61,都市：其他:道路用地,18,1,持分移轉,01660000
RPPNMLQJJHLGFCM58DA,民生段,137.41,都市：其他:農業區,16,1,持分移轉,04730000
RPPNMLMJJHLGFBM08DA,炎峰段,13.29,都市：其他:住宅區,30000,321,持分移轉,03640000
RPTNMLLLJHLGFBM58DA,中興段,64.00,都市：其他:住宅區,1,1,全筆移轉,18950003
RPPNMLQJJHLGFBM48DA,新富功段,39.90,都市：其他:住宅區,100000,473,持分移轉,00650000
RPPNMLQJJHLGFBM48DA,新富功段,.87,都市：其他:住宅區,100000,473,持分移轉,01110000
RPPNMLOJKHLGFEM68DA,新郡坑段,115.16,非都市：鄉村區 ; 非都市編定：乙種建築用地,1,1,全筆移轉,02930000
RPRNMLOJKHLGFAM58EA,樟普寮段,20.79,都市：其他:巨樹保護區,7560,1068,持分移轉,06860000
RPQNMLOJKHLGFAM48EA,樟普寮段,35.25,非都市：山坡地保育區 ; 非都市編定：農牧用地,3220560,804927,持分移轉,06840000
RPPNMLOJKHLGFAM38EA,樟普寮段,32.05,都市：其他:巨樹保護區,3220560,1068339,持分移轉,06850000
RPPNMLQJKHLGFEM98EA,玉映段,4.55,都市：其他:道路用地,1,1,全筆移轉,08720001
RPPNMLKMJHLGFEM48DA,社子段,55.00,非都市：山坡地保育區 ; 非都市編定：農牧用地,1,1,全筆移轉,03040018
RPPNMLKMJHLGFEM48DA,社子段,131.00,非都市：山坡地保育區 ; 非都市編定：農牧用地,1,1,全筆移轉,03040028
RPPNMLKMJHLGFEM48DA,社子段,9759.00,非都市：山坡地保育區 ; 非都市編定：農牧用地,1,1,全筆移轉,03040031
RPPNMLKMJHLGFEM48DA,社子段,27658.00,非都市：山坡地保育區 ; 非都市編定：林業用地,1,1,全筆移轉,03040036
RPPNMLKKKHLGFAM08EA,茄苳腳段,40.50,都市：其他:住宅區,2,1,持分移轉,04070030
RPQNMLQLKIKGFCM98DA,埔里段信義小段,90.00,都市：其他:住宅區,1,1,全筆移轉,04020002
RPQNMLQLKIKGFCM98DA,埔里段信義小段,90.00,都市：其他:住宅區,1,1,全筆移轉,04140000
RPXNMLTLJHLGFAM07DA,三塊厝段,528.07,都市：其他:住宅區,40,9,持分移轉,01500005
RPQNMLTLJHLGFAM98DA,三塊厝段,880.12,都市：其他:住宅區,40,15,持分移轉,01500005
RPSNMLTLJHLGFAM56DA,三塊厝段,1354.00,都市：其他:住宅區,1,1,全筆移轉,01500058
RPTNMLTLJHLGFAM66DA,三塊厝段,42.00,都市：其他:住宅區,1,1,全筆移轉,01500057
RPWNMLTLJHLGFAM96DA,三塊厝段,2281.00,都市：其他:住宅區,1,1,全筆移轉,01490001
RPSNMLOJKHLGFAM68EA,樟普寮段,38.35,都市：其他:巨樹保護區,3220560,196812,持分移轉,13100000
RPPNMLQJKHLGFEM88DA,北埔段,105.79,都市：其他:住宅區,1,1,全筆移轉,02900023
RPSNMLNKKHLGFCM78DA,東池段,424.00,非都市：山坡地保育區 ; 非都市編定：農牧用地,1,1,全筆移轉,00050000
RPTNMLNKKHLGFAM68DA,包尾段,91.00,都市：其他:住宅區,1,1,全筆移轉,07920034
RPQNMLTJKHLGFCM09DA,文頭股段,2130.81,非都市：特定農業區 ; 非都市編定：農牧用地,1,1,全筆移轉,05620000
RPPNMLNLKHLGFDM78EA,安平段,47.91,都市：其他:商業區,4,3,持分移轉,01960000
RPPNMLLLKHLGFAM18DA,三崙段,408.76,非都市：一般農業區 ; 非都市編定：農牧用地,1,1,全筆移轉,06010000
RPPNMLLLKHLGFAM18DA,三崙段,3739.67,非都市：一般農業區 ; 非都市編定：農牧用地,1,1,全筆移轉,08710000
RPUNMLMLJHLGFAM68DA,名松段,89.44,都市：其他:住宅區,1,1,全筆移轉,01820036
RPPNMLOLKHLGFCM68DA,平和段,200.76,非都市：鄉村區 ; 非都市編定：乙種建築用地,1,1,全筆移轉,10120000
RPPNMLSJJHLGFAM58DA,新生段,796.00,都市：其他:農業區,1,1,全筆移轉,14510000
RPPNMLOLKHLGFBM58DA,加老段,22.97,非都市：鄉村區 ; 非都市編定：乙種建築用地,100000,2843,持分移轉,00270000
RPPNMLOLKHLGFBM58DA,加老段,50.74,非都市：鄉村區 ; 非都市編定：乙種建築用地,1,1,全筆移轉,00270024
RPVNMLPLKHLGFAM56DA,萬丹段,810.07,非都市：特定農業區 ; 非都市編定：農牧用地,1,1,全筆移轉,11670000
RPPNMLLLJHLGFAM08DA,光華段,1.13,都市：其他:行水區,1,1,全筆移轉,08750000
RPUNMLMJLHLGFAM68DA,內興段,209.66,非都市：鄉村區 ; 非都市編定：乙種建築用地,1,1,全筆移轉,02400000
RPPNMLLLJHLGFAM08DA,光華段,144.58,都市：其他:住宅區,1,1,全筆移轉,08760000
RPTNMLSLJHLGFAM56DA,大崗段,15.82,非都市：工業區 ; 非都市編定：丁種建築用地,100000,5692,持分移轉,00530036
RPTNMLSLJHLGFAM56DA,大崗段,2.36,非都市：工業區 ; 非都市編定：丁種建築用地,11,1,持分移轉,00530037
RPTNMLSLJHLGFAM56DA,大崗段,77.00,非都市：工業區 ; 非都市編定：丁種建築用地,1,1,全筆移轉,00530047
RPPNMLPLKHLGFBM68DA,草屯段,385.98,都市：其他:住宅區,100000,47186,持分移轉,04880000
RPPNMLPLKHLGFBM68DA,草屯段,432.02,都市：其他:住宅區,100000,52814,持分移轉,04880000
RPPNMLPLKHLGFBM68DA,草屯段,68.00,都市：其他:住宅區,1,1,全筆移轉,04880038
RPPNMLPLKHLGFBM68DA,草屯段,68.00,都市：其他:住宅區,1,1,全筆移轉,04880039
RPPNMLPLKHLGFBM68DA,草屯段,68.00,都市：其他:住宅區,1,1,全筆移轉,04880040
RPPNMLPLKHLGFBM68DA,草屯段,68.00,都市：其他:住宅區,1,1,全筆移轉,04880041
RPPNMLPLKHLGFBM68DA,草屯段,73.00,都市：其他:住宅區,1,1,全筆移轉,04880042
RPPNMLOJLHLGFCM58DA,福興段,395.00,非都市：特定農業區 ; 非都市編定：農牧用地,2,1,持分移轉,16810000
RPUNMLKMJHLGFCM78DA,貓囒段,2926.00,非都市：特定農業區 ; 非都市編定：農牧用地,1,1,全筆移轉,00450006
RPPNMLQJKHLGFAM48DA,嘉興段,211.03,非都市：特定農業區 ; 非都市編定：農牧用地,1,1,全筆移轉,02720000
RPRNMLRJJHLGFBM78DA,新永安段,35.69,都市：其他:農業區,96712,3597,持分移轉,01850013
RPRNMLRJJHLGFBM78DA,新永安段,459.51,都市：其他:農業區,1,1,全筆移轉,01850014
RPRNMLRJJHLGFBM78DA,新永安段,1.27,都市：其他:農業區,96712,3597,持分移轉,02160002
RPPNMLMJLHLGFAM28EA,三塊厝段,17.00,都市：其他:住宅區,1,1,全筆移轉,02200122
RPRNMLTJKHLGFBM09DA,中興段,6.24,都市：其他:住宅區,10000,70,持分移轉,02250000
RPQNMLNJLHLGFAM48EA,內興段,100.67,非都市：一般農業區 ; 非都市編定：農牧用地,1,1,全筆移轉,11500000
RPQNMLNJLHLGFAM38DA,和興段,16.57,都市：其他:道路用地,108,10,持分移轉,03150000
RPQNMLNJLHLGFAM38DA,和興段,2823.19,非都市：一般農業區 ; 非都市編定：農牧用地,1,1,全筆移轉,03270000
RPQNMLNJLHLGFAM38DA,和興段,.59,非都市：一般農業區 ; 非都市編定：農牧用地,18,2,持分移轉,03290000
RPQNMLNJLHLGFAM38DA,和興段,34.50,都市：其他:道路用地,54,5,持分移轉,03310000
RPRNMLMJLHLGFAM48EA,光華段,3.96,都市：其他:住宅區,4196,396,持分移轉,05930000
RPRNMLMJLHLGFAM48EA,光華段,50.49,都市：其他:住宅區,1,1,全筆移轉,05930003
RPRNMLMJLHLGFAM48EA,光華段,35.70,都市：其他:住宅區,1,1,全筆移轉,05930009
RPRNMLMJLHLGFAM48EA,光華段,5.54,都市：其他:住宅區,2984,554,持分移轉,05930010
RPRNMLMJLHLGFAM48EA,光華段,3.50,都市：其他:住宅區,2779,350,持分移轉,05930011
RPRNMLMJLHLGFAM48EA,光華段,2.00,都市：其他:住宅區,2626,200,持分移轉,05930012
RPUNMLNJLHLGFCM98DA,埔里段信義小段,99.00,都市：其他:住宅區,1,1,全筆移轉,02790001
RPPNMLNJLHLGFAM38EA,埔中段,310.04,非都市：一般農業區 ; 非都市編定：農牧用地,100,16,持分移轉,09150000
RPRNMLNJLHLGFBM58DA,頂茄荖段,111.00,非都市：特定農業區 ; 非都市編定：甲種建築用地,1,1,全筆移轉,05380006
RPPNMLOJLHLGFAM48EA,愛鄉段,169.51,非都市：山坡地保育區 ; 非都市編定：農牧用地,1,1,全筆移轉,08580000
RPTNMLMKJHLGFAM48DA,成功段,103.57,都市：其他:住宅區,1,1,全筆移轉,06410000
RPPNMLNLKHLGFDM68DA,吉祥段,88.66,都市：其他:住宅區,1,1,全筆移轉,07780018
RPPNMLNLKHLGFDM68DA,吉祥段,15.54,都市：其他:住宅區,10000,385,持分移轉,07780027
RPRNMLTJKIKGFCM56DA,籃城段,122.82,非都市：鄉村區 ; 非都市編定：乙種建築用地,1,1,全筆移轉,12510000
RPPNMLTJKIKGFCM98DA,小埔社段,422.00,非都市：山坡地保育區 ; 非都市編定：農牧用地,1,1,全筆移轉,00670000
RPUNMLNJLHLGFAM78DA,三塊厝段,43.67,都市：其他:住宅區,100000,1668,持分移轉,00660000
RPUNMLNJLHLGFAM78DA,三塊厝段,5.69,都市：其他:住宅區,100000,1668,持分移轉,00660005
RPTNMLMJLHLGFDM98EA,大水堀段,524.00,非都市：山坡地保育區 ; 非都市編定：丙種建築用地,1,1,全筆移轉,00290029
RPRNMLOJKIKGFBM58DA,新富寮段,159.01,都市：其他:住宅區,1,1,全筆移轉,01180000
RPRNMLOJKIKGFBM58DA,新富寮段,16.72,都市：其他:農業區,1,1,全筆移轉,01190000
RPRNMLOJKIKGFBM58DA,新富寮段,27.91,都市：其他:住宅區,28,1,持分移轉,01320000
RPQNMLSJKIKGFAM88EA,樟平段,69.76,非都市：鄉村區 ; 非都市編定：乙種建築用地,32,1,持分移轉,14590000
RPPNMLTJKIKGFAM88EA,茄苳腳段,84.00,都市：其他:住宅區,1,1,全筆移轉,04040006
RPPNMLSJKIKGFDM09EA,延和段,119.26,都市：其他:工業區,1,1,全筆移轉,01910011
RPRNMLSJKIKGFAM88DA,新豐段,.53,都市：其他:住宅區,648,3,持分移轉,02230000
RPRNMLSJKIKGFAM88DA,新豐段,.25,都市：其他:住宅區,22059,33,持分移轉,02240000
RPRNMLSJKIKGFAM88DA,新豐段,.52,都市：其他:住宅區,648,3,持分移轉,02260000
RPRNMLSJKIKGFAM88DA,新豐段,.12,都市：其他:住宅區,22059,33,持分移轉,02270000
RPRNMLSJKIKGFAM88DA,新豐段,8.06,都市：其他:住宅區,729,3,持分移轉,02280000
RPRNMLPJKIKGFBM68DA,隘寮段,109.62,都市：其他:住宅區,1,1,全筆移轉,02160000
RPRNMLPJKIKGFBM68DA,隘寮段,119.16,都市：其他:住宅區,1,1,全筆移轉,02180000
RPVNMLTJKIKGFCM96DA,貓囒段,88.00,非都市：山坡地保育區 ; 非都市編定：丙種建築用地,1,1,全筆移轉,02670063
RPUNMLTJKIKGFCM86DA,貓囒段,71.00,非都市：山坡地保育區 ; 非都市編定：丙種建築用地,1,1,全筆移轉,02670062
RPPNMLKKKIKGFBM08DA,新雙冬段,83.61,非都市：鄉村區 ; 非都市編定：乙種建築用地,1,1,全筆移轉,06210000
RPQNMLOJKIKGFAM38DA,成功段,44.76,都市：其他:住宅區,1,1,全筆移轉,09760001
RPQNMLKLJIKGFBM18DA,新光段,171.68,非都市：鄉村區 ; 非都市編定：乙種建築用地,1,1,全筆移轉,23210000
RPRNMLOJKIKGFAM48DA,新豐段,4.26,都市：其他:住宅區,162,6,持分移轉,02230000
RPRNMLOJKIKGFAM48DA,新豐段,2.02,都市：其他:住宅區,22059,264,持分移轉,02240000
RPRNMLOJKIKGFAM48DA,新豐段,4.12,都市：其他:住宅區,162,6,持分移轉,02260000
RPRNMLOJKIKGFAM48DA,新豐段,.97,都市：其他:住宅區,22059,264,持分移轉,02270000
RPRNMLOJKIKGFAM48DA,新豐段,64.48,都市：其他:住宅區,729,24,持分移轉,02280000
RPQNMLOJKIKGFAM38DA,成功段,167.05,都市：其他:住宅區,1,1,全筆移轉,09770000
RPQNMLOJKIKGFDM68DA,東鄉段,402.37,非都市：一般農業區 ; 非都市編定：丙種建築用地,2,1,持分移轉,02550000
RPQNMLLKKIKGFAM18DA,內新段,1.04,非都市：鄉村區 ; 非都市編定：乙種建築用地,13140,75,持分移轉,02150000
RPQNMLLKKIKGFAM18DA,內新段,36.43,非都市：鄉村區 ; 非都市編定：乙種建築用地,140160,4450,持分移轉,02160000
RPQNMLLKKIKGFAM18DA,內新段,10.73,非都市：鄉村區 ; 非都市編定：乙種建築用地,13140,75,持分移轉,02220000
RPQNMLLKKIKGFAM18DA,內新段,40.62,非都市：鄉村區 ; 非都市編定：乙種建築用地,13140,75,持分移轉,02230000
RPQNMLOJKIKGFDM68DA,東鄉段,76.50,非都市：一般農業區 ; 非都市編定：丙種建築用地,2,1,持分移轉,02590000
RPPNMLLKKIKGFAM08DA,東仁段,122.20,非都市：特定農業區 ; 非都市編定：農牧用地,5,1,持分移轉,00890000
RPPNMLLKKIKGFAM08DA,東仁段,152.40,非都市：特定農業區 ; 非都市編定：農牧用地,5,1,持分移轉,00900000
RPPNMLLKKIKGFAM08DA,東仁段,590.00,非都市：特定農業區 ; 非都市編定：農牧用地,5,1,持分移轉,00910000
RPPNMLLKKIKGFAM08DA,東仁段,182.61,非都市：特定農業區 ; 非都市編定：農牧用地,5,1,持分移轉,00920000
RPWNMLTKJIKGFBM96DA,新將軍段,20.83,非都市：鄉村區 ; 非都市編定：乙種建築用地,1,1,全筆移轉,05210000
RPUNMLNJKIKGFDM98DA,德興段,3286.55,非都市：特定農業區 ; 非都市編定：農牧用地,1,1,全筆移轉,07170002
RPUNMLNJKIKGFDM98DA,德興段,5977.25,非都市：特定農業區 ; 非都市編定：農牧用地,1,1,全筆移轉,07170003
RPUNMLNJKIKGFDM98DA,德興段,197.34,非都市：特定農業區 ; 非都市編定：交通用地,1,1,全筆移轉,11130002
RPUNMLNJKIKGFDM98DA,德興段,237.03,非都市：特定農業區 ; 非都市編定：交通用地,1,1,全筆移轉,11130003
RPWNMLTKJIKGFBM96DA,新將軍段,54.91,非都市：鄉村區 ; 非都市編定：乙種建築用地,1,1,全筆移轉,05220000
RPUNMLNJKIKGFDM98DA,德興段,58.97,非都市：特定農業區 ; 非都市編定：交通用地,1,1,全筆移轉,11130004
RPVNMLRKJIKGFAM56DA,樟平段,198.55,非都市：山坡地保育區 ; 非都市編定：丙種建築用地,1,1,全筆移轉,14370000
RPVNMLRKJIKGFAM56DA,樟平段,2687.39,非都市：山坡地保育區 ; 非都市編定：農牧用地,1,1,全筆移轉,14390000
RPPNMLPKJIKGFAM38DA,名山段,257.12,非都市：一般農業區 ; 非都市編定：丙種建築用地,1,1,全筆移轉,01740000
RPPNMLPKJIKGFAM38DA,名山段,1617.14,非都市：一般農業區 ; 非都市編定：丙種建築用地,1,1,全筆移轉,01750000
RPQNMLOLJIKGFAM48DA,成功段,71.55,都市：其他:住宅區,1,1,全筆移轉,09450000
RPPNMLPKKIKGFDM78DA,鹿山段,5.45,都市：其他:住宅區,40,1,持分移轉,10580011
RPPNMLLKKIKGFDM38DA,延祥段,8.99,都市：其他:道路用地,1,1,全筆移轉,01550002
RPPNMLPKKIKGFDM78DA,鹿山段,82.84,都市：其他:住宅區,1,1,全筆移轉,10580018
RPPNMLPKKIKGFDM78DA,鹿山段,.79,都市：其他:住宅區,20,1,持分移轉,10580041
RPPNMLLKKIKGFDM38DA,延祥段,93.16,都市：其他:住宅區,1,1,全筆移轉,01820004
RPPNMLKKKIKGFEM38DA,新車埕段,14.80,非都市：鄉村區 ; 非都市編定：乙種建築用地,1,1,全筆移轉,01920000
RPPNMLKKKIKGFEM38DA,新車埕段,140.05,非都市：鄉村區 ; 非都市編定：乙種建築用地,1,1,全筆移轉,01930000
RPPNMLLKKIKGFAM18EA,光興段,12.72,都市：其他:住宅區,1,1,全筆移轉,01650002
RPSNMLOLJIKGFAM68DA,成功段,101.23,都市：其他:住宅區,1,1,全筆移轉,10590000
RPQNMLNJJIKGFAM18DA,南山段,60.00,都市：其他:住宅區,1,1,全筆移轉,02730000
RPRNMLPLJIKGFCM88DA,福興段,3952.00,非都市：特定農業區 ; 非都市編定：農牧用地,1,1,全筆移轉,15760002
RPSNMLQLJIKGFAM88DA,光復段,7.79,非都市：鄉村區 ; 非都市編定：乙種建築用地,10080,270,持分移轉,09090000
RPUNMLLKKIKGFAM58DA,新生段,66.00,都市：其他:住宅區,1,1,全筆移轉,15950023
RPRNMLMKKIKGFBM48DA,中興段,90.67,都市：其他:住宅區,9,3,持分移轉,17210000
RPVNMLLKKIKGFAM68DA,包尾段,133.00,都市：其他:農業區,1,1,全筆移轉,10700001
RPVNMLLKKIKGFAM68DA,包尾段,823.00,都市：其他:農業區,1,1,全筆移轉,10700002
RPQNMLMKKIKGFBM38DA,中興段,90.67,都市：其他:住宅區,3,1,持分移轉,17210000
RPVNMLKKKIKGFAM58DA,軍功寮段,242.48,非都市：山坡地保育區 ; 非都市編定：農牧用地,798,25,持分移轉,03450000
RPVNMLKKKIKGFAM58DA,軍功寮段,59.00,非都市：山坡地保育區 ; 非都市編定：丙種建築用地,24,4,持分移轉,03460000
RPVNMLKKKIKGFAM58DA,軍功寮段,1047.50,非都市：山坡地保育區 ; 非都市編定：農牧用地,4,1,持分移轉,03620000
RPPNMLLKKIKGFCM28DA,水長流段,2563.00,非都市：特定農業區 ; 非都市編定：農牧用地,1,1,全筆移轉,01130004
RPPNMLOJKIKGFBM38DA,玉峰段,26.39,都市：其他:道路用地,20,10,持分移轉,00840000
RPPNMLOJKIKGFBM38DA,玉峰段,367.72,都市：其他:道路用地,20,10,持分移轉,00860000
RPVNMLTKJIKGFBM86DA,加老段,801.51,非都市：特定農業區 ; 非都市編定：交通用地,6,3,持分移轉,09660000
RPSNMLTKJIKGFBM56DA,山腳段,61.65,都市：其他:道路用地,40,9,持分移轉,02150003
RPQOMLPLJIKGFAM68DA,南大庄段,259.05,都市：其他:住宅區,3,1,持分移轉,10650000
RPTNMLTKJIKGFBM66DA,中興段,58.05,都市：其他:道路用地,40,9,持分移轉,10070000
RPRNMLPJKIKGFCM78DA,忠孝段,11.75,都市：其他:住宅區,10000,59,持分移轉,03240000
RPRNMLKKKIKGFBM28DA,新豐段,124.04,非都市：鄉村區 ; 非都市編定：乙種建築用地,1,1,全筆移轉,05130002
RPQNMLPKJIKGFEM88DA,林興段,36.10,都市：其他:住宅區,1000,83,持分移轉,00790000
RPQNMLPKJIKGFEM88DA,林興段,116.83,都市：其他:住宅區,1,1,全筆移轉,00790004
RPQNMLPKJIKGFEM88DA,林興段,28.79,都市：其他:道路用地,1000,83,持分移轉,04070000
RPPNMLSLJIKGFBM88DA,新光段,62.86,非都市：鄉村區 ; 非都市編定：乙種建築用地,7,2,持分移轉,07000000
RPPNMLSLJIKGFBM88DA,新光段,24.00,非都市：鄉村區 ; 非都市編定：乙種建築用地,7,2,持分移轉,07000001
RPPNMLSLJIKGFBM88DA,新光段,30.29,非都市：鄉村區 ; 非都市編定：乙種建築用地,7,2,持分移轉,07000002
RPRNMLQKKIKGFBM88DA,中興段,20.94,都市：其他:住宅區,10000,352,持分移轉,15550000
RPTNMLRKKIKGFBM56DA,頂茄荖段,485.00,非都市：特定農業區 ; 非都市編定：農牧用地,1,1,全筆移轉,07460000
RPSNMLRKKIKGFBM09DA,頂茄荖段,257.00,非都市：特定農業區 ; 非都市編定：農牧用地,1,1,全筆移轉,07470000
RPQNMLQKKIKGFDM98DA,仁德段,32.97,都市：其他:住宅區,60,1,持分移轉,04410026
RPWNMLLJKIKGFAM68DA,新光段,2648.20,非都市：一般農業區 ; 非都市編定：農牧用地,1,1,全筆移轉,05940000
RPPNMLPKKIKGFCM68DA,大雁段,141.00,非都市：山坡地保育區 ; 非都市編定：丙種建築用地,1,1,全筆移轉,00340005
RPUNMLLJKIKGFAM48DA,大崗段,90.00,非都市：工業區 ; 非都市編定：丁種建築用地,1,1,全筆移轉,00130019
RPXNMLLJKIKGFAM78DA,新光段,1415.64,非都市：一般農業區 ; 非都市編定：農牧用地,1,1,全筆移轉,05950000
RPPNMLQLJIKGFAM58DA,新廍段,79.25,都市：其他:住宅區,1,1,全筆移轉,01220000
RPRNMLMKKIKGFAM38DA,大崗段,9.19,非都市：工業區 ; 非都市編定：丁種建築用地,10000,724,持分移轉,00320000
RPQNMLTKKIKGFDM66DA,中正段,78.33,都市：其他:商業區,6,2,持分移轉,01300000
RPQNMLTKKIKGFDM66DA,中正段,87.67,都市：其他:住宅區,6,2,持分移轉,01310000
RPTNMLTKJIKGFAM56DA,光復段,44.00,非都市：特定農業區 ; 非都市編定：交通用地,4,1,持分移轉,06620001
RPPOMLTKJIKGFAM88DA,福溪段,127.64,非都市：鄉村區 ; 非都市編定：交通用地,10,1,持分移轉,06980000
RPQNMLKKKIKGFBM18DA,新豐段,106.09,非都市：鄉村區 ; 非都市編定：乙種建築用地,1,1,全筆移轉,05130003
RPQNMLTKJIKGFAM88DA,福溪段,127.64,非都市：鄉村區 ; 非都市編定：交通用地,10,1,持分移轉,06980000
RPOOMLTKJIKGFAM78DA,光復段,152.50,非都市：特定農業區 ; 非都市編定：交通用地,4,1,持分移轉,12220000
RPXNMLTKJIKGFAM96DA,光復段,44.00,非都市：特定農業區 ; 非都市編定：交通用地,4,1,持分移轉,06620001
RPRNMLTKJIKGFAM98DA,福溪段,382.92,非都市：鄉村區 ; 非都市編定：交通用地,10,3,持分移轉,06980000
RPPNMLLKKIKGFEM48DA,下城段,151.81,非都市：一般農業區 ; 非都市編定：農牧用地,200,10,持分移轉,10600000
RPPNMLLKKIKGFEM48DA,下城段,179.30,非都市：一般農業區 ; 非都市編定：農牧用地,200,10,持分移轉,10610000
RPPNMLLKKIKGFEM48DA,下城段,141.25,非都市：一般農業區 ; 非都市編定：農牧用地,200,10,持分移轉,10640000
RPPNMLLKKIKGFEM48DA,下城段,92.67,非都市：一般農業區 ; 非都市編定：農牧用地,200,10,持分移轉,10680000
RPPNMLLKKIKGFEM48DA,下城段,78.55,非都市：一般農業區 ; 非都市編定：農牧用地,200,10,持分移轉,10690000
RPPNMLLKKIKGFEM48DA,下城段,55.31,非都市：一般農業區 ; 非都市編定：農牧用地,200,10,持分移轉,10700000
RPSNMLTKJIKGFAM09DA,福溪段,826.99,非都市：一般農業區 ; 非都市編定：交通用地,1,1,全筆移轉,06960000
RPPNMLSKKIKGFAM88EA,先驅段,18540.00,非都市：山坡地保育區 ; 非都市編定：農牧用地,1,1,全筆移轉,32530000
RPPNMLRKKIKGFCM98EA,南光段,92.00,都市：其他:住宅區,1,1,全筆移轉,03330001
RPUNMLMJKIKGFCM78DA,仁愛段,20.13,都市：其他:住宅區,1,1,全筆移轉,00250000
RPPNMLQKKIKGFCM78DA,中興段,77.65,都市：其他:住宅區,1,1,全筆移轉,10190000
RPPNMLQKKIKGFCM78DA,中興段,77.06,都市：其他:住宅區,1,1,全筆移轉,10200000
RPPNMLQKKIKGFCM78DA,中興段,61.87,都市：其他:住宅區,1,1,全筆移轉,10210000
RPVNMLTKJIKGFAM76DA,光復段,88.00,非都市：特定農業區 ; 非都市編定：交通用地,4,2,持分移轉,06620001
RPVNMLQKKIKGFAM56DA,茄苳腳段,24.30,都市：其他:住宅區,100,3,持分移轉,02770134
RPPNMLKMJIKGFDM38DA,小半天段,1558.95,非都市：山坡地保育區 ; 非都市編定：林業用地,6000,241,持分移轉,05350000
RPPNMLKMJIKGFDM38DA,中湖段,715.43,非都市：一般農業區 ; 非都市編定：農牧用地,40,12,持分移轉,11800000
RPPNMLKMJIKGFDM38DA,中湖段,670.83,非都市：一般農業區 ; 非都市編定：農牧用地,40,12,持分移轉,11830000
RPPNMLKMJIKGFDM38DA,中湖段,95.79,非都市：一般農業區 ; 非都市編定：丙種建築用地,24,4,持分移轉,13300000
RPPNMLOJKIKGFDM58DA,菩提段,57.00,都市：其他:住宅區,1,1,全筆移轉,02670025
RPPNMLOJKIKGFDM58DA,菩提段,21.00,都市：其他:住宅區,1,1,全筆移轉,02690056
RPWNMLQKKIKGFCM86DA,大林段,291.00,非都市：鄉村區 ; 非都市編定：乙種建築用地,1,1,全筆移轉,00700003
RPQNMLLKKIKGFCM38DA,墘溝段,2002.00,非都市：山坡地保育區 ; 非都市編定：農牧用地,3893,2002,持分移轉,18150006
RPPNMLMLKIKGFEM68DA,龍泉段,99.85,非都市：山坡地保育區 ; 非都市編定：農牧用地,1,1,全筆移轉,04080001
RPPNMLMLKIKGFEM68DA,龍泉段,1418.51,非都市：山坡地保育區 ; 非都市編定：農牧用地,1,1,全筆移轉,04460000
RPPNMLKKKIKGFDM28DA,紫南段,2086.48,非都市：特定農業區 ; 非都市編定：農牧用地,1,1,全筆移轉,09980002
RPPNMLMKKIKGFCM38DA,忠孝段,59.03,都市：其他:住宅區,3,2,持分移轉,01300000
RPPNMLMLKIKGFAM38EA,包尾段,47.00,都市：其他:住宅區,1,1,全筆移轉,07480019
RPPNMLTJKIKGFBM88DA,草屯段,23.28,都市：其他:住宅區,10000,119,持分移轉,03030000
RPQNMLMLKIKGFAM48EA,福興段,43.84,都市：其他:住宅區,10000,627,持分移轉,04520000
RPRNMLQKKIKGFCM98DA,鯉魚潭段,21.99,非都市：山坡地保育區 ; 非都市編定：丙種建築用地,10000,98,持分移轉,06200000
RPRNMLQKKIKGFCM98DA,鯉魚潭段,2.35,非都市：山坡地保育區 ; 非都市編定：丙種建築用地,10000,98,持分移轉,06210000
RPTNMLQKKIKGFCM56DA,竹圍段,66.12,都市：其他:農業區,100000,9899,持分移轉,05440004
RPTNMLQKKIKGFCM56DA,竹圍段,330.60,都市：其他:農業區,1,1,全筆移轉,05440006
RPTNMLQKKIKGFCM56DA,竹圍段,330.58,都市：其他:農業區,1,1,全筆移轉,05440007
RPPNMLMLKIKGFBM48EA,新南坪段,3388.80,非都市：山坡地保育區 ; 非都市編定：農牧用地,1,1,全筆移轉,06300000
RPPNMLMLKIKGFBM48EA,新南坪段,5.30,非都市：山坡地保育區 ; 非都市編定：交通用地,1,1,全筆移轉,06310000
RPPNMLMLKIKGFBM48EA,新南坪段,17.64,非都市：山坡地保育區 ; 非都市編定：交通用地,1,1,全筆移轉,06330000
RPTNMLSKKIKGFCM76DA,大林段,73.00,非都市：鄉村區 ; 非都市編定：乙種建築用地,1,1,全筆移轉,00690004
RPTNMLSKKIKGFCM76DA,大林段,73.00,非都市：鄉村區 ; 非都市編定：乙種建築用地,1,1,全筆移轉,00690005
RPQNMLMLKIKGFCM58DA,和平段,20.01,都市：其他:商業區,100000,1218,持分移轉,02670000
RPPNMLLJKIKGFBM08DA,新御史段,5.90,都市：其他:住宅區,10000,103,持分移轉,06310000
RPSNMLSKKIKGFCM66DA,埔里段信義小段,72.00,都市：其他:住宅區,1,1,全筆移轉,02750004
RPPNMLLJKIKGFBM08DA,新御史段,5.83,都市：其他:住宅區,10000,103,持分移轉,06380000
RPPNMLLJKIKGFBM08DA,新御史段,.27,都市：其他:住宅區,10000,103,持分移轉,06490000
RPQNMLSLJIKGFCM09DA,柑子林段,136.14,非都市：山坡地保育區 ; 非都市編定：農牧用地,7,1,持分移轉,00590032
RPRNMLPKKIKGFDM98DA,嶺頂段,1914.28,非都市：森林區 ; 非都市編定：林業用地,1,1,全筆移轉,02340000
RPRNMLPKKIKGFDM98DA,嶺頂段,1721.50,非都市：森林區 ; 非都市編定：林業用地,1,1,全筆移轉,02340002
RPPNMLNLKIKGFBM48DA,復興段,6.03,非都市：鄉村區 ; 非都市編定：乙種建築用地,12,1,持分移轉,09480000
RPPNMLNLKIKGFBM48DA,復興段,28.26,非都市：鄉村區 ; 非都市編定：乙種建築用地,1,1,全筆移轉,09520000
RPPNMLNLKIKGFBM48DA,復興段,10.57,非都市：鄉村區 ; 非都市編定：乙種建築用地,2,1,持分移轉,09530000
RPQNMLOLKIKGFAM58DA,施厝坪段,60.69,都市：其他:住宅區,1260,36,持分移轉,06190000
RPQNMLQKKIKGFCM88DA,東光段,265.27,非都市：山坡地保育區 ; 非都市編定：丙種建築用地,1,1,全筆移轉,01960000
RPUNMLTKJIKGFAM66DA,大崗段,13.20,非都市：工業區 ; 非都市編定：丁種建築用地,10,1,持分移轉,00210016
RPRNMLOLKIKGFAM68DA,施厝坪段,67.43,都市：其他:住宅區,1260,40,持分移轉,06190000
RPXNMLTLKIKGFCM37DA,東池段,692.00,非都市：山坡地保育區 ; 非都市編定：農牧用地,1,1,全筆移轉,00060000
RPSNMLMLKIKGFCM78DA,忠良段,1568.44,非都市：特定農業區 ; 非都市編定：農牧用地,1,1,全筆移轉,09160000
RPSNMLTLKIKGFCM86DA,北山坑段,200.00,非都市：山坡地保育區 ; 非都市編定：丙種建築用地,1,1,全筆移轉,35540000
RPPNMLNLKIKGFAM38DA,分水寮段,42.00,非都市：山坡地保育區 ; 非都市編定：丙種建築用地,1,1,全筆移轉,02130006
RPSNMLMLKIKGFAM58DA,大崗段,20.79,非都市：工業區 ; 非都市編定：丁種建築用地,1000,90,持分移轉,00020003
RPPNMLNLJIKGFBM38DA,新光段,432.40,非都市：特定農業區 ; 非都市編定：農牧用地,5,1,持分移轉,21650000
RPPNMLNLJIKGFBM38DA,新光段,108.20,非都市：特定農業區 ; 非都市編定：農牧用地,50,10,持分移轉,21690000
RPTNMLMLKIKGFAM68DA,包尾段,15.45,都市：其他:住宅區,10000,39,持分移轉,07350054
RPPNMLMLKIKGFAM28DA,南松嶺段,927.91,非都市：一般農業區 ; 非都市編定：農牧用地,8022,2910,持分移轉,01640000
RPPNMLOLKIKGFAM48DA,大崗段,20.79,非都市：工業區 ; 非都市編定：丁種建築用地,1000,90,持分移轉,00020003
RPUNMLMLKIKGFAM78DA,三塊厝段,61.00,都市：其他:住宅區,1,1,全筆移轉,00010802
RPPNMLTKKIKGFBM98DA,南坪段,66.12,非都市：山坡地保育區 ; 非都市編定：農牧用地,250000,6612,持分移轉,08800001
RPQNMLLMKIKGFDM68DA,中崎段,36.49,非都市：特定農業區 ; 非都市編定：農牧用地,10000,373,持分移轉,10760000
RPQNMLNLKIKGFCM68DA,忠孝段,101.60,都市：其他:住宅區,1,1,全筆移轉,05180000
RPPNMLRLKIKGFDM09DA,埔頭段,96.00,都市：其他:住宅區,1,1,全筆移轉,02740023
RPSNMLNLKIKGFAM68DA,福興段,28.86,都市：其他:住宅區,10000,215,持分移轉,05530000
RPPNMLRLKIKGFDM09DA,埔頭段,51.00,都市：其他:住宅區,1,1,全筆移轉,02740059
RPPNMLTLKIKGFEM76DA,北埔段,201.74,都市：其他:住宅區,1,1,全筆移轉,01110004
RPQNMLPKKIKGFBM68DA,新興段,22.77,非都市：鄉村區 ; 非都市編定：乙種建築用地,100000,1121,持分移轉,02410000
RPPNMLPLJIKGFBM58DA,和平段,234.50,都市：其他:農業區,2,1,持分移轉,02900000
RPQNMLKMKIKGFCM48DA,牛眠段,3.36,非都市：鄉村區 ; 非都市編定：乙種建築用地,12960,300,持分移轉,08930000
RPQNMLMKKIKGFAM28DA,義民段,85.23,都市：其他:第一種住宅區,1,1,全筆移轉,01750009
RPQNMLMKKIKGFAM28DA,義民段,27.11,都市：其他:第一種住宅區,1,1,全筆移轉,01750010
RPPNMLLMKIKGFEM78EA,中溝段,75.91,都市：其他:商業區,1,1,全筆移轉,00250000
RPPNMLKMKIKGFAM18DA,新豐段,77.90,都市：其他:第二種商業區,1,1,全筆移轉,04330000
RPRNMLPJJHLGFCM68DA,籃城段,100.46,非都市：鄉村區 ; 非都市編定：乙種建築用地,1,1,全筆移轉,06740105
RPPNMLKMKIKGFAM18DA,新豐段,12.88,都市：其他:第二種商業區,12,1,持分移轉,04390000
RPPNMLKMKIKGFAM18DA,新豐段,.58,都市：其他:第二種商業區,12,1,持分移轉,04400000
RPPNMLKMKIKGFAM18DA,新豐段,1.45,都市：其他:第二種商業區,12,1,持分移轉,04410000
RPPNMLKMKIKGFAM18DA,新豐段,1.81,都市：其他:第二種商業區,12,1,持分移轉,04420000
RPVNMLKMKIKGFBM88DA,頂崁段,1248.94,非都市：特定農業區 ; 非都市編定：農牧用地,6,2,持分移轉,04510000
RPVNMLKMKIKGFBM88DA,頂崁段,1246.64,非都市：特定農業區 ; 非都市編定：農牧用地,1,1,全筆移轉,04560001
RPQNMLOJJHLGFAM28DA,包尾段,657.00,都市：其他:農業區,1,1,全筆移轉,07290001
RPSNMLSKJIKGFAM98DA,成功段,80.52,都市：其他:住宅區,1,1,全筆移轉,07900000
RPXNMLOLKIKGFAM66DA,吳厝段,28.63,非都市：特定農業區 ; 非都市編定：農牧用地,13,1,持分移轉,00570000
RPTNMLMKKIKGFAM58DA,成功段,152.33,都市：其他:住宅區,1,1,全筆移轉,13390000
RPXNMLOLKIKGFAM66DA,吳厝段,94.55,都市：其他:農業區,13,1,持分移轉,00840001
RPQNMLPJJHLGFDM68DA,新初鄉段,165.81,非都市：一般農業區 ; 非都市編定：農牧用地,20000,902,持分移轉,03940000
RPXNMLOLKIKGFAM66DA,吳厝段,18.04,都市：其他:農業區,13,1,持分移轉,00840002
RPQNMLPJJHLGFDM68DA,新初鄉段,13.96,非都市：一般農業區 ; 非都市編定：丙種建築用地,1,1,全筆移轉,04080000
RPXNMLOLKIKGFAM66DA,吳厝段,13.86,都市：其他:農業區,13,1,持分移轉,00840003
RPXNMLOLKIKGFAM66DA,吳厝段,12.16,都市：其他:農業區,13,1,持分移轉,00840004
RPXNMLOLKIKGFAM66DA,吳厝段,7.78,都市：其他:農業區,13,1,持分移轉,00860000
RPXNMLOLKIKGFAM66DA,吳厝段,370.48,都市：其他:農業區,1,1,全筆移轉,00860011
RPXNMLOLKIKGFAM66DA,吳厝段,335.48,都市：其他:農業區,13,1,持分移轉,00950000
RPXNMLOLKIKGFAM66DA,吳厝段,383.16,都市：其他:農業區,1,1,全筆移轉,00950002
RPXNMLOLKIKGFAM66DA,吳厝段,1.19,都市：其他:農業區,1,1,全筆移轉,00980003
RPPNMLQKKIKGFAM58DA,成功段,152.32,都市：其他:住宅區,1,1,全筆移轉,13390001
RPPNMLPJKIKGFAM38DA,包尾段,54.20,都市：其他:住宅區,112800,5420,持分移轉,05490000
RPVNMLPJJHLGFAM88DA,施厝坪段,1643.23,非都市：山坡地保育區 ; 非都市編定：農牧用地,4,1,持分移轉,03100000
RPVNMLPJJHLGFAM88DA,施厝坪段,659.63,都市：其他:農業區,4,1,持分移轉,03590000
RPVNMLPJJHLGFAM88DA,施厝坪段,906.08,都市：其他:農業區,8,1,持分移轉,03660000
RPQNMLPKKIKGFCM78DA,墘溝段,1295.92,非都市：森林區 ; 非都市編定：農牧用地,300000,56922,持分移轉,10030000
RPQNMLPKKIKGFCM78DA,墘溝段,335.84,非都市：森林區 ; 非都市編定：農牧用地,300000,56922,持分移轉,10040000
RPQNMLPKKIKGFCM78DA,水長流段,3464.65,非都市：山坡地保育區 ; 非都市編定：農牧用地,300000,56922,持分移轉,49930000
RPQNMLPKKIKGFCM78DA,水長流段,3189.53,非都市：山坡地保育區 ; 非都市編定：農牧用地,300000,56922,持分移轉,50120000
RPQNMLPKKIKGFCM78DA,水長流段,1552.07,非都市：山坡地保育區 ; 非都市編定：農牧用地,300000,56922,持分移轉,50130000
RPQNMLPKKIKGFCM78DA,水長流段,643.22,非都市：山坡地保育區 ; 非都市編定：農牧用地,300000,56922,持分移轉,50140000
RPQNMLPKKIKGFCM78DA,水長流段,1994.17,非都市：山坡地保育區 ; 非都市編定：農牧用地,300000,56922,持分移轉,50150000
RPQNMLPKKIKGFCM78DA,水長流段,5058.47,非都市：山坡地保育區 ; 非都市編定：農牧用地,300000,56922,持分移轉,50260000
RPQNMLPKKIKGFCM78DA,水長流段,10625.44,非都市：山坡地保育區 ; 非都市編定：農牧用地,300000,56922,持分移轉,50290000
RPQNMLPKKIKGFCM78DA,水長流段,580.60,非都市：山坡地保育區 ; 非都市編定：農牧用地,300000,56922,持分移轉,50300000
RPQNMLPKKIKGFCM78DA,水長流段,743.78,非都市：山坡地保育區 ; 非都市編定：農牧用地,300000,56922,持分移轉,50310000
RPQNMLPKKIKGFCM78DA,水長流段,5650.46,非都市：山坡地保育區 ; 非都市編定：農牧用地,300000,56922,持分移轉,50350000
RPQNMLPKKIKGFCM78DA,水長流段,5115.39,非都市：山坡地保育區 ; 非都市編定：農牧用地,300000,56922,持分移轉,50360000
RPQNMLPKKIKGFCM78DA,水長流段,10177.65,非都市：山坡地保育區 ; 非都市編定：農牧用地,300000,56922,持分移轉,50460000
RPQNMLPKKIKGFCM78DA,水長流段,7249.97,非都市：山坡地保育區 ; 非都市編定：農牧用地,300000,56922,持分移轉,50510000
RPQNMLPKKIKGFCM78DA,水長流段,910.75,非都市：山坡地保育區 ; 非都市編定：農牧用地,300000,56922,持分移轉,50520000
RPQNMLPKKIKGFCM78DA,水長流段,5252.00,非都市：山坡地保育區 ; 非都市編定：農牧用地,300000,56922,持分移轉,50530000
RPQNMLPKKIKGFCM78DA,水長流段,58.82,非都市：山坡地保育區 ; 非都市編定：農牧用地,300000,56922,持分移轉,50560000
RPQNMLPKKIKGFCM78DA,水長流段,878.50,非都市：山坡地保育區 ; 非都市編定：農牧用地,300000,56922,持分移轉,50610000
RPQNMLPKKIKGFCM78DA,水長流段,1328.18,非都市：山坡地保育區 ; 非都市編定：農牧用地,300000,56922,持分移轉,50640000
RPQNMLPKKIKGFCM78DA,水長流段,6098.24,非都市：山坡地保育區 ; 非都市編定：農牧用地,300000,56922,持分移轉,50650000
RPVNMLPJJHLGFCM09DA,忠孝段,89.68,都市：其他:住宅區,1,1,全筆移轉,09540004
RPUOMLQJJHLGFAM09EA,埔中段,1423.20,非都市：一般農業區 ; 非都市編定：農牧用地,1,1,全筆移轉,06410000
RPQNMLPJKIKGFBM58DA,明賢段,93.12,都市：其他:住宅區,1,1,全筆移轉,10760000
RPTOMLQJJHLGFAM98EA,外埔段,1098.33,非都市：特定農業區 ; 非都市編定：甲種建築用地,1,1,全筆移轉,11060000
RPQNMLQJJHLGFDM78DA,菩提段,77.00,都市：其他:住宅區,1,1,全筆移轉,04890000
RPWNMLPJJHLGFCM56DA,忠孝段,82.61,都市：其他:住宅區,1,1,全筆移轉,09540001
RPQNMLTJKIKGFAM88DA,南田子段,305.00,非都市：鄉村區 ; 非都市編定：乙種建築用地,18,1,持分移轉,01560000
RPXNMLQJJHLGFCM76DA,育英段,3.85,都市：其他:住宅區,6,1,持分移轉,02040000
RPXNMLQJJHLGFCM76DA,育英段,13.57,都市：其他:住宅區,6,1,持分移轉,02050000
RPRNMLKMKIKGFCM58DA,水社段,84.00,都市：其他:住宅區,1,1,全筆移轉,08550000
SPPNMLTJJHLGFAM88EA,新弓鞋段,38.54,非都市：一般農業區 ; 非都市編定：丙種建築用地,504,6,持分移轉,03810000
RPQNMLMLKIKGFDM68DA,延祥段,133.02,都市：其他:住宅區,1,1,全筆移轉,01640008
RPWNMLQJJHLGFCM66DA,育英段,3.85,都市：其他:住宅區,6,1,持分移轉,02040000
RPPNMLRJJHLGFCM68DA,光明段,42.03,都市：其他:住宅區,1,1,全筆移轉,06290000
RPQNMLMLKIKGFDM68DA,延祥段,15.91,都市：其他:住宅區,1,1,全筆移轉,01640009
RPWNMLQJJHLGFCM66DA,育英段,13.57,都市：其他:住宅區,6,1,持分移轉,02050000
RPPNMLRJJHLGFBM58DA,頂茄荖段,19.44,非都市：特定農業區 ; 非都市編定：甲種建築用地,99,5,持分移轉,02470000
RPPNMLRJJHLGFBM58DA,頂茄荖段,93.00,非都市：特定農業區 ; 非都市編定：甲種建築用地,1,1,全筆移轉,02470021
TPPNMLTJJHLGFAM98EA,新弓鞋段,8.65,非都市：一般農業區 ; 非都市編定：丙種建築用地,504,6,持分移轉,03860000
RPPNMLTJJHLGFAM78EA,新弓鞋段,2.38,非都市：一般農業區 ; 非都市編定：水利用地,504,6,持分移轉,03900000
RPQNMLTKKIKGFAM98DA,福德段,75.63,非都市：一般農業區 ; 非都市編定：農牧用地,6,2,持分移轉,01120000
RPQNMLTKKIKGFAM98DA,福德段,218.47,非都市：一般農業區 ; 非都市編定：農牧用地,6,2,持分移轉,01120001
RPQNMLTKKIKGFAM98DA,福助段,1315.90,非都市：山坡地保育區 ; 非都市編定：農牧用地,6,2,持分移轉,01440000
RPQNMLTKKIKGFAM98DA,福德段,78.53,非都市：一般農業區 ; 非都市編定：農牧用地,6,2,持分移轉,03380004
RPQNMLTKKIKGFAM98DA,福德段,84.65,非都市：一般農業區 ; 非都市編定：農牧用地,6,2,持分移轉,03380005
RPQNMLTKKIKGFAM98DA,福助段,1198.92,非都市：山坡地保育區 ; 非都市編定：農牧用地,6,2,持分移轉,03930000
RPQNMLTKKIKGFAM98DA,福助段,698.99,非都市：山坡地保育區 ; 非都市編定：農牧用地,6,2,持分移轉,03940000
RPQNMLTKKIKGFAM98DA,福助段,454.45,非都市：山坡地保育區 ; 非都市編定：農牧用地,6,2,持分移轉,04150000
RPQNMLTKKIKGFAM98DA,福助段,2809.65,非都市：山坡地保育區 ; 非都市編定：農牧用地,6,2,持分移轉,04190000
RPQNMLTKKIKGFAM98DA,福德段,295.08,非都市：一般農業區 ; 非都市編定：農牧用地,6,2,持分移轉,04390000
RPQNMLTKKIKGFAM98DA,福德段,325.39,非都市：一般農業區 ; 非都市編定：農牧用地,6,2,持分移轉,04390002
RPQNMLTKKIKGFAM98DA,福德段,475.88,非都市：一般農業區 ; 非都市編定：農牧用地,18,4,持分移轉,04420000
RPQNMLTKKIKGFAM98DA,福德段,741.30,非都市：一般農業區 ; 非都市編定：農牧用地,18,4,持分移轉,04430000
RPQNMLTKKIKGFAM98DA,福德段,14.97,非都市：一般農業區 ; 非都市編定：農牧用地,6,2,持分移轉,04440000
RPQNMLTKKIKGFAM98DA,福助段,321.39,非都市：山坡地保育區 ; 非都市編定：農牧用地,6,2,持分移轉,04650000
RPQNMLTKKIKGFAM98DA,福助段,66.72,非都市：山坡地保育區 ; 非都市編定：丙種建築用地,6,2,持分移轉,04650001
RPTNMLTKKIKGFAM66DA,內新段,91.16,都市：其他:住宅區,1,1,全筆移轉,00040003
RPTNMLTKKIKGFAM66DA,內新段,91.17,都市：其他:住宅區,1,1,全筆移轉,00040004
RPQNMLTJJHLGFBM88DA,草鞋墩段,303.93,都市：其他:住宅區,1,1,全筆移轉,08260001
RPPNMLPKKIKGFAM48DA,新二重溪段,30.52,非都市：鄉村區 ; 非都市編定：乙種建築用地,10,1,持分移轉,04170000
RPPNMLPKKIKGFAM48DA,新二重溪段,84.93,非都市：鄉村區 ; 非都市編定：乙種建築用地,1,1,全筆移轉,04170004
RPSNMLNJKIKGFDM78DA,桂北段,47.75,都市：其他:住宅區,3,1,持分移轉,05860000
RPSNMLNJKIKGFDM78DA,桂北段,7.54,都市：其他:住宅區,3,1,持分移轉,05870000
RPSNMLNJKIKGFDM78DA,桂北段,90.94,都市：其他:住宅區,1,1,全筆移轉,05870010
RPPNMLMKJHLGFCM28DA,忠實段,270.33,非都市：特定農業區 ; 非都市編定：丁種建築用地,1,1,全筆移轉,03420001
RPPNMLMKJHLGFCM28DA,忠實段,111.23,非都市：特定農業區 ; 非都市編定：丁種建築用地,1,1,全筆移轉,03620000
RPPNMLMKJHLGFCM28DA,忠實段,108.77,非都市：特定農業區 ; 非都市編定：國土保安用地,1,1,全筆移轉,03620001
RPPNMLMKJHLGFCM28DA,忠實段,69.00,非都市：特定農業區 ; 非都市編定：丁種建築用地,1,1,全筆移轉,03620003
RPPNMLMKJHLGFCM28DA,忠實段,7.40,非都市：特定農業區 ; 非都市編定：丁種建築用地,1,1,全筆移轉,03800001
RPPNMLMKJHLGFCM28DA,忠實段,39.19,非都市：特定農業區 ; 非都市編定：國土保安用地,1,1,全筆移轉,03800002
RPPNMLMKJHLGFCM28DA,忠實段,56.24,非都市：特定農業區 ; 非都市編定：丁種建築用地,1,1,全筆移轉,03800004
RPPNMLMKJHLGFCM28DA,忠實段,50.51,非都市：特定農業區 ; 非都市編定：丁種建築用地,1,1,全筆移轉,03950001
RPOOMLPLJIKGFAM48DA,成功段,155.42,都市：其他:住宅區,1,1,全筆移轉,12540000
RPQNMLKKJIKGFBM08DA,新豐段,170.56,非都市：鄉村區 ; 非都市編定：乙種建築用地,1,1,全筆移轉,21280000
RPPNMLPLJIKGFEM88DA,北埔段,103.05,都市：其他:住宅區,1,1,全筆移轉,00430000
RPPNMLPLJIKGFEM88DA,北埔段,103.06,都市：其他:住宅區,1,1,全筆移轉,00430001
RPSNMLSJKIKGFAM98DA,光華段,75.27,都市：其他:住宅區,1,1,全筆移轉,02870000
RPQNMLMJJHLGFEM48DA,文昌段,73.74,都市：其他:住宅區,1,1,全筆移轉,04190000
RPPNMLTJJHLGFEM56EA,水里段,64.00,都市：其他:住宅區,1,1,全筆移轉,00740000
RPPNMLTJJHLGFEM56EA,水里段,54.00,都市：其他:商業區,1,1,全筆移轉,07730000
RPRNMLOKJHLGFCM68DA,籃城段,.85,非都市：特定農業區 ; 非都市編定：甲種建築用地,16,1,持分移轉,09550004
RPQNMLSJJHLGFAM68DA,成功段,108.27,都市：其他:住宅區,1,1,全筆移轉,16390000
RPRNMLOKJHLGFCM68DA,籃城段,25.19,非都市：特定農業區 ; 非都市編定：甲種建築用地,16,1,持分移轉,09550014
RPRNMLOKJHLGFCM68DA,籃城段,72.30,非都市：特定農業區 ; 非都市編定：甲種建築用地,1,1,全筆移轉,09550018
RPQNMLMKJHLGFBM28DA,加老段,22.96,非都市：鄉村區 ; 非都市編定：乙種建築用地,100000,2842,持分移轉,00270000
RPQNMLMKJHLGFBM28DA,加老段,103.94,非都市：鄉村區 ; 非都市編定：乙種建築用地,1,1,全筆移轉,00270003
RPSNMLNKJHLGFBM58DA,新僑光段,41.70,都市：其他:住宅區,100000,1004,持分移轉,07260000
RPSNMLMKJHLGFCM58DA,大瑪璘段,3.67,非都市：鄉村區 ; 非都市編定：乙種建築用地,1,1,全筆移轉,01460000
RPVNMLNLKIKGFAM98DA,新光段,2073.78,非都市：一般農業區 ; 非都市編定：農牧用地,1,1,全筆移轉,09370000
RPSNMLMKJHLGFCM58DA,大瑪璘段,60.47,非都市：鄉村區 ; 非都市編定：乙種建築用地,1,1,全筆移轉,01470000
RPSNMLMKJHLGFCM58DA,大瑪璘段,3.00,非都市：鄉村區 ; 非都市編定：乙種建築用地,1,1,全筆移轉,01480000
RPPNMLOJJIKGFEM58DA,下城段,59.00,非都市：特定農業區 ; 非都市編定：農牧用地,1,1,全筆移轉,11720000
RPPNMLOJJIKGFEM58DA,下城段,4463.25,非都市：特定農業區 ; 非都市編定：農牧用地,1,1,全筆移轉,11730000
RPUNMLQKJHLGFCM56DA,新興段,123.00,非都市：山坡地保育區 ; 非都市編定：農牧用地,1,1,全筆移轉,06210000
RPPNMLLMKIKGFBM38DA,新興段,92.94,非都市：鄉村區 ; 非都市編定：乙種建築用地,1,1,全筆移轉,09330006
RPUNMLMKJHLGFAM58DA,竹圍段,1980.85,非都市：一般農業區 ; 非都市編定：農牧用地,3,2,持分移轉,06120000
RPSNMLPJJHLGFDM88DA,延豐段,1915.45,非都市：山坡地保育區 ; 非都市編定：農牧用地,1,1,全筆移轉,09020000
RPQNMLTKJHLGFCM09DA,忠孝段,76.09,都市：其他:住宅區,1,1,全筆移轉,03270002
RPPNMLNLJIKGFAM28DA,南山段,120.00,都市：其他:住宅區,1,1,全筆移轉,03590009
RPSNMLLLJHLGFDM68DA,鹿山段,83.40,都市：其他:住宅區,1,1,全筆移轉,09850000
RPPNMLNKJHLGFDM48DA,延豐段,3536.30,非都市：山坡地保育區 ; 非都市編定：農牧用地,1,1,全筆移轉,08220000
RPPNMLNKJHLGFDM48DA,延豐段,1971.87,非都市：山坡地保育區 ; 非都市編定：農牧用地,1,1,全筆移轉,08610000
RPPNMLNLJHLGFDM58DA,雲林段,436.00,都市：其他:住宅區,1,1,全筆移轉,05800000
RPSNMLMKKIKGFBM58DA,北投埔段復興小段,77.91,非都市：鄉村區 ; 非都市編定：乙種建築用地,1,1,全筆移轉,00900000
RPWNMLOLKIKGFAM56DA,成功段,96.66,都市：其他:住宅區,1,1,全筆移轉,07550001
RPWNMLOLKIKGFAM56DA,成功段,3.95,都市：其他:綠地用地,1,1,全筆移轉,07560001
RPPNMLQLJHLGFDM98EA,中正段,590.00,都市：其他:商業區,1,1,全筆移轉,03200000
RPTNMLOJKIKGFBM78DA,草屯段,25.32,都市：其他:住宅區,10000,129,持分移轉,05220001
RPTNMLQLJHLGFAM98DA,小崎段,96.26,都市：其他:住宅區,1,1,全筆移轉,04050008
RPPNMLLKKIKGFBM18DA,草屯段,76.00,都市：其他:住宅區,1,1,全筆移轉,05260026
RPTNMLQLJHLGFAM98DA,小崎段,53.75,都市：其他:住宅區,1,1,全筆移轉,04360002
RPSNMLRJJHLGFBM88DA,草屯段,141.00,都市：其他:倉儲區,1,1,全筆移轉,00640004
RPPNMLMLJHLGFAM18DA,三塊厝段,.80,都市：其他:住宅區,500,1,持分移轉,02450068
RPPNMLMLJHLGFAM18DA,三塊厝段,23.00,都市：其他:住宅區,65,23,持分移轉,02450101
RPPNMLMLJHLGFAM18DA,三塊厝段,93.00,都市：其他:住宅區,1,1,全筆移轉,02450102
RPPNMLMLJHLGFAM18DA,三塊厝段,7.00,都市：其他:住宅區,1,1,全筆移轉,02450106
RPPNMLMLJHLGFAM18DA,三塊厝段,20.00,都市：其他:住宅區,24,20,持分移轉,02450108
RPQNMLSJJHLGFBM78DA,北投埔段,3091.00,都市：其他:農業區,1,1,全筆移轉,07980000
RPQNMLSJJHLGFBM78DA,北投埔段,229.00,非都市：特定農業區 ; 非都市編定：農牧用地,1,1,全筆移轉,07980001
RPPNMLKMJHLGFAM18EA,名山段,44.15,非都市：特定農業區 ; 非都市編定：水利用地,5,2,持分移轉,01150000
RPUNMLSLJHLGFAM66DA,茄苳腳段,20.29,都市：其他:住宅區,10000,307,持分移轉,03980006
RPRNMLQLJHLGFBM88DA,玉峰段,9.68,都市：其他:商業區,100000,802,持分移轉,07620000
RPPNMLKMJHLGFBM28EA,草屯段,33.08,都市：其他:住宅區,12960000,127400,持分移轉,03220002
RPRNMLMLKIKGFDM78DA,前山段,77.40,非都市：鄉村區 ; 非都市編定：乙種建築用地,1,1,全筆移轉,12880000
RPOOMLNLJHLGFBM38DA,草屯段,104.00,都市：其他:倉儲區,1,1,全筆移轉,01130004
RPQNMLKMJHLGFBM38EA,草屯段,66.52,都市：其他:住宅區,6480000,128102,持分移轉,03220002
RPQNMLKMKIKGFBM38DA,日新段,161.87,都市：其他:乙種工業區,230692,16187,持分移轉,08070000
RPQNMLKMKIKGFBM38DA,日新段,2189.21,都市：其他:乙種工業區,1,1,全筆移轉,08070008
RPPNMLNJKHLGFDM48DA,新大坑段,3139.69,非都市：山坡地保育區 ; 非都市編定：農牧用地,1,1,全筆移轉,06740000
RPPNMLMJKHLGFCM28DA,籃城段,99.51,非都市：特定農業區 ; 非都市編定：甲種建築用地,1,1,全筆移轉,02530003
RPPNMLMJKHLGFCM28DA,籃城段,19.45,非都市：特定農業區 ; 非都市編定：甲種建築用地,9,1,持分移轉,02530004
RPRNMLQLJHLGFCM98DA,東池段,38.31,非都市：特定農業區 ; 非都市編定：農牧用地,10,1,持分移轉,02610000
RPRNMLQLJHLGFCM98DA,東池段,180.47,都市：其他:農業區,5,1,持分移轉,02620000
RPRNMLQLJHLGFCM98DA,東池段,26.56,,5,1,持分移轉,02620001
RPRNMLQLJHLGFCM98DA,東池段,25.17,都市：其他:農業區,30,1,持分移轉,02670000
RPRNMLQLJHLGFCM98DA,東池段,9.78,都市：其他:農業區,30,1,持分移轉,02680000
RPRNMLQLJHLGFCM98DA,東池段,57.68,都市：其他:農業區,30,1,持分移轉,02690000
RPRNMLQLJHLGFCM98DA,東池段,5.69,非都市：特定農業區 ; 非都市編定：農牧用地,30,1,持分移轉,02710000
RPRNMLQLJHLGFCM98DA,東池段,264.11,都市：其他:農業區,15,1,持分移轉,02730000
RPRNMLQLJHLGFCM98DA,東池段,22.73,非都市：特定農業區 ; 非都市編定：農牧用地,15,1,持分移轉,02740000
RPRNMLQJKHLGFCM88DA,育英段,3.03,都市：其他:道路用地,27720,6300,持分移轉,01610000
RPRNMLQJKHLGFCM88DA,育英段,387.17,都市：其他:住宅區,27720,6300,持分移轉,01620000
RPRNMLQJKHLGFCM88DA,育英段,6.09,都市：其他:道路用地,27720,6300,持分移轉,01650000
RPRNMLSLJHLGFCM56DA,和平段,26.00,都市：其他:商業區,100000,1582,持分移轉,02670000
RPUNMLQKKIKGFAM09DA,福溪段,700.00,非都市：一般農業區 ; 非都市編定：農牧用地,120,20,持分移轉,06910000
RPQNMLMJKHLGFAM18DA,樟平段,2600.15,非都市：山坡地保育區 ; 非都市編定：農牧用地,1,1,全筆移轉,06450001
RPTNMLSKKIKGFAM56DA,福德段,1164.79,非都市：一般農業區 ; 非都市編定：農牧用地,80,20,持分移轉,04400000
RPUNMLTLJHLGFAM76DA,永興段,.30,都市：其他:農業區,48,1,持分移轉,01590055
RPUNMLTLJHLGFAM76DA,永興段,1.73,都市：其他:農業區,48,1,持分移轉,01590057
RPUNMLTLJHLGFAM76DA,永興段,13.91,都市：其他:農業區,43,1,持分移轉,01590058
RPQNMLRLJHLGFBM88DA,將軍段,29.25,非都市：鄉村區 ; 非都市編定：乙種建築用地,4,1,持分移轉,06120005
RPUNMLTLJHLGFAM76DA,永興段,64.26,都市：其他:農業區,1,1,全筆移轉,01590148
RPQNMLOKJHLGFAM48EA,爽文段,101.86,非都市：山坡地保育區 ; 非都市編定：農牧用地,4,1,持分移轉,01620000
RPRNMLSJKIKGFBM98DA,新將軍段,80.60,非都市：特定農業區 ; 非都市編定：農牧用地,5,1,持分移轉,08850000
RPRNMLSJKIKGFBM98DA,新將軍段,21.17,非都市：特定農業區 ; 非都市編定：農牧用地,100,1,持分移轉,08870000
RPRNMLSJKIKGFBM98DA,新將軍段,619.01,非都市：特定農業區 ; 非都市編定：農牧用地,5,1,持分移轉,08890000
RPRNMLSJKIKGFBM98DA,新將軍段,57.93,非都市：山坡地保育區 ; 非都市編定：農牧用地,100,1,持分移轉,09070000
RPRNMLSJKIKGFBM98DA,新將軍段,15.49,非都市：山坡地保育區 ; 非都市編定：農牧用地,100,1,持分移轉,09090000
RPRNMLSJKIKGFBM98DA,新將軍段,42.90,非都市：山坡地保育區 ; 非都市編定：農牧用地,100,1,持分移轉,09110000
RPRNMLSJKIKGFBM98DA,新將軍段,1398.63,非都市：特定農業區 ; 非都市編定：農牧用地,5,1,持分移轉,09120000
RPPNMLOLKHLGFAM48DA,虎子坑段,5918.46,非都市：特定農業區 ; 非都市編定：農牧用地,1,1,全筆移轉,06630000
RPRNMLQJJHLGFAM58DA,福德段,798.44,非都市：一般農業區 ; 非都市編定：農牧用地,1,1,全筆移轉,04390001
RPRNMLQJJHLGFAM58DA,福德段,713.83,非都市：一般農業區 ; 非都市編定：農牧用地,60,20,持分移轉,04420000
RPRNMLQJJHLGFAM58DA,福德段,1111.95,非都市：一般農業區 ; 非都市編定：農牧用地,60,20,持分移轉,04430000
RPVNMLMJKIKGFCM88DA,忠實段,32.91,都市：其他:住宅區,100000,1264,持分移轉,06730000
RPRNMLQJKHLGFDM98DA,延祥段,35.29,都市：其他:住宅區,1000000,22748,持分移轉,00650000
RPPNMLTJKIKGFDM09DA,菩提段,10.00,都市：其他:住宅區,1,1,全筆移轉,02250001
RPPNMLOLJIKGFDM78EA,新福興段,835.71,非都市：山坡地保育區 ; 非都市編定：農牧用地,1,1,全筆移轉,02670000
RPPNMLTJKIKGFDM09DA,菩提段,79.00,都市：其他:住宅區,1,1,全筆移轉,02260006
RPPNMLSJKIKGFAM68DA,車頭段,38.87,都市：其他:住宅區,1,1,全筆移轉,03230000
RPPNMLMKKIKGFDM48DA,前山段,19.83,非都市：特定農業區 ; 非都市編定：農牧用地,277712,33711,持分移轉,03320002
RPRNMLLKKIKGFBM38DA,草屯段,78.00,都市：其他:住宅區,1,1,全筆移轉,00780020
RPWNMLMJKIKGFCM98DA,桃源段,3358.00,非都市：山坡地保育區 ; 非都市編定：農牧用地,1,1,全筆移轉,00180000
RPWNMLMJKIKGFCM98DA,桃源段,501.00,非都市：山坡地保育區 ; 非都市編定：農牧用地,1,1,全筆移轉,00360000
RPPNMLKKKIKGFCM18DA,華岡段,244.00,非都市：山坡地保育區 ; 非都市編定：農牧用地,1,1,全筆移轉,00990032
RPPNMLOJKIKGFAM38EA,南松嶺段,477.01,非都市：一般農業區 ; 非都市編定：丙種建築用地,1,1,全筆移轉,10070001
RPPNMLOJKIKGFAM38EA,南松嶺段,477.01,非都市：一般農業區 ; 非都市編定：丙種建築用地,1,1,全筆移轉,10070003
RPXNMLQLJIKGFBM86DA,北投段,31.00,非都市：鄉村區 ; 非都市編定：乙種建築用地,4,1,持分移轉,05600003
RPQNMLSJKIKGFBM88DA,新富功段,4.97,都市：其他:住宅區,20000,1418,持分移轉,00490000
RPQNMLQLJIKGFAM68DA,光興段,100.02,都市：其他:住宅區,1,1,全筆移轉,09580002
RPQNMLQLJIKGFAM68DA,光興段,4.16,都市：其他:住宅區,1,1,全筆移轉,09580030
RPQNMLSJKIKGFBM88DA,新富功段,89.04,都市：其他:住宅區,1,1,全筆移轉,00490017
RPQNMLSJKIKGFBM88DA,新富功段,12.27,都市：其他:住宅區,20000,1418,持分移轉,00490021
RPPNMLNJKIKGFEM58DA,永豐段,83.00,都市：其他:住宅區,1,1,全筆移轉,07180000
RPSNMLPKKIKGFDM09DA,埔頭段,117.00,都市：其他:住宅區,1,1,全筆移轉,01480000
RPSNMLQKKIKGFCM09DA,東潤段,42.25,非都市：鄉村區 ; 非都市編定：乙種建築用地,3,2,持分移轉,01980000
RPUNMLTKJIKGFBM76DA,新屋段,50.57,都市：其他:住宅區,1,1,全筆移轉,03320000
RPQNMLPKKIKGFEM98DA,新玉峰段,1039.26,非都市：山坡地保育區 ; 非都市編定：農牧用地,2500000,669250,持分移轉,02210003
RPPNMLSKKIKGFCM98DA,一新段,3950.84,非都市：山坡地保育區 ; 非都市編定：農牧用地,1,1,全筆移轉,08590000
RPRNMLMLKIKGFCM68DA,忠言段,90.15,都市：其他:住宅區,1,1,全筆移轉,09860000
RPQNMLTLKIKGFCM66DA,大坪頂段,307.34,非都市：鄉村區 ; 非都市編定：乙種建築用地,1,1,全筆移轉,07130000
RPUNMLRKKIKGFCM76DA,竹圍段,10.00,都市：其他:農業區,414336972,2083782,持分移轉,06590000
RPUNMLRKKIKGFCM76DA,竹圍段,10.00,都市：其他:農業區,414336972,2083781,持分移轉,06590000
RPUNMLRKKIKGFCM76DA,竹圍段,116.04,都市：其他:農業區,1,1,全筆移轉,06590011
RPUNMLRKKIKGFCM76DA,竹圍段,116.04,都市：其他:農業區,1,1,全筆移轉,06590012
RPPNMLQLKIKGFBM78DA,建興段,20.70,都市：其他:住宅區,10000,301,持分移轉,12360000
RPQNMLOLKIKGFDM88DA,瑞山段,3004.08,非都市：山坡地保育區 ; 非都市編定：農牧用地,1,1,全筆移轉,02390001
RPPNMLOLKIKGFDM78DA,瑞山段,2600.00,非都市：山坡地保育區 ; 非都市編定：農牧用地,1,1,全筆移轉,02390000
RPRNMLOLKIKGFDM98DA,瑞山段,3004.08,非都市：山坡地保育區 ; 非都市編定：農牧用地,1,1,全筆移轉,02390002
RPTNMLOLKIKGFDM56DA,瑞山段,750.04,非都市：山坡地保育區 ; 非都市編定：農牧用地,1,1,全筆移轉,02300000
RPSNMLOLKIKGFDM09DA,瑞山段,682.00,非都市：山坡地保育區 ; 非都市編定：交通用地,1,1,全筆移轉,02370000
RPSNMLPJKIKGFBM78DA,中興段,109.00,都市：其他:住宅區,1,1,全筆移轉,19900006
RPSNMLQKKIKGFAM88DA,新厝段,172.58,非都市：鄉村區 ; 非都市編定：乙種建築用地,1,1,全筆移轉,03530000
RPSNMLQKKIKGFAM88DA,新厝段,183.46,非都市：鄉村區 ; 非都市編定：乙種建築用地,1,1,全筆移轉,03540000
RPSNMLQKKIKGFAM88DA,新厝段,3.92,非都市：鄉村區 ; 非都市編定：交通用地,12,1,持分移轉,03590000
RPSNMLQKKIKGFAM88DA,新厝段,28.68,非都市：鄉村區 ; 非都市編定：乙種建築用地,12,1,持分移轉,03600000
RPSNMLNJJIKGFBM48DA,將軍段,2041.37,非都市：特定農業區 ; 非都市編定：農牧用地,1,1,全筆移轉,00390000
RPVNMLOLKIKGFAM09DA,福順段,49.02,非都市：鄉村區 ; 非都市編定：乙種建築用地,1,1,全筆移轉,07320000
RPVNMLOLKIKGFAM09DA,福順段,23.66,非都市：鄉村區 ; 非都市編定：乙種建築用地,1,1,全筆移轉,07330000
RPPNMLPJJHLGFEM68DA,同富段,84.00,非都市：鄉村區 ; 非都市編定：乙種建築用地,2,1,持分移轉,03240000
RPSNMLMJKIKGFAM38DA,義民段,96.33,都市：其他:第二種住宅區,1,1,全筆移轉,10060000
RPQNMLMKJIKGFCM38DA,南興段,28.67,都市：其他:住宅區,1,1,全筆移轉,07620000
RPQNMLMKJIKGFCM38DA,南興段,2.37,都市：其他:道路用地,1,1,全筆移轉,07630000
RPQNMLMKJIKGFCM38DA,南興段,.79,都市：其他:道路用地,1,1,全筆移轉,07640000
RPQNMLMKJIKGFCM38DA,南興段,64.18,都市：其他:住宅區,1,1,全筆移轉,07650000
RPQNMLNLKIKGFAM48DA,包尾段,69.00,都市：其他:住宅區,1,1,全筆移轉,07880133
RPQNMLKKKIKGFCM28DA,牛眠段,2830.89,非都市：特定農業區 ; 非都市編定：農牧用地,1,1,全筆移轉,07000000
RPQNMLKKKIKGFCM28DA,牛眠段,2580.00,非都市：特定農業區 ; 非都市編定：農牧用地,1,1,全筆移轉,07000001
RPQNMLKKKIKGFCM28DA,牛眠段,2580.00,非都市：特定農業區 ; 非都市編定：農牧用地,1,1,全筆移轉,07000002
RPVNMLTLKIKGFCM17DA,忠良段,3.08,都市：其他:農業區,1,1,全筆移轉,07490003
RPVNMLTLKIKGFCM17DA,忠良段,100.76,都市：其他:農業區,1,1,全筆移轉,07500007
RPXNMLTJJHLGFAM86DA,永新段,65.02,都市：其他:鄰里公園兼兒童遊樂場用地,1,1,全筆移轉,00470000
RPWNMLNJIIKGFAM68DA,新後寮段,290.95,非都市：鄉村區 ; 非都市編定：乙種建築用地,1,1,全筆移轉,10240000
RPPNMLPJJHLGFAM28DA,八杞仙段,1700.00,非都市：山坡地保育區 ; 非都市編定：農牧用地,1,1,全筆移轉,05780000
RPQNMLOKJHLGFCM58DA,籃城段,.85,非都市：特定農業區 ; 非都市編定：甲種建築用地,16,1,持分移轉,09550004
RPQNMLOKJHLGFCM58DA,籃城段,25.19,非都市：特定農業區 ; 非都市編定：甲種建築用地,16,1,持分移轉,09550014
RPQNMLOKJHLGFCM58DA,籃城段,71.42,非都市：特定農業區 ; 非都市編定：甲種建築用地,1,1,全筆移轉,09550019
RPPNMLTJJHLGFAM68DA,牛運堀段,16.07,都市：其他:農業區,27,1,持分移轉,00350001
RPPNMLTJJHLGFAM68DA,牛運堀段,76.00,都市：其他:農業區,1,1,全筆移轉,00350028
RPQNMLQKJHLGFCM78DA,桃米坑段,2454.00,非都市：山坡地保育區 ; 非都市編定：農牧用地,1,1,全筆移轉,02340054
RPPNMLTJJHLGFAM68DA,牛運堀段,.36,都市：其他:農業區,45,1,持分移轉,00350029
RPPNMLQKJHLGFCM68DA,珠格段,3685.14,非都市：特定農業區 ; 非都市編定：農牧用地,1,1,全筆移轉,09260000
RPQNMLQKIIKGFCM68DA,銃櫃段,315.00,非都市：一般農業區 ; 非都市編定：農牧用地,1,1,全筆移轉,00960000
RPQNMLQKIIKGFCM68DA,銃櫃段,1028.00,非都市：一般農業區 ; 非都市編定：甲種建築用地,1,1,全筆移轉,00970000
RPRNMLQKJHLGFCM88DA,內池段,23.17,都市：其他:住宅區,462000,27803,持分移轉,06890001
RPRNMLQKJHLGFCM88DA,內池段,83.31,都市：其他:住宅區,1,1,全筆移轉,06890017
RPRNMLQKJHLGFCM88DA,內池段,1.02,都市：其他:住宅區,6,1,持分移轉,06890021
RPRNMLQKJHLGFCM88DA,內池段,.35,,6,1,持分移轉,06890025
RPRNMLOKJIKGFDM78DA,吉祥段,4.84,都市：其他:住宅區,27,1,持分移轉,07730002
RPRNMLOKJIKGFDM78DA,吉祥段,116.82,都市：其他:住宅區,1,1,全筆移轉,07730021
RPRNMLMKJHLGFCM48DA,北港溪段,266.00,非都市：山坡地保育區 ; 非都市編定：農牧用地,4643,266,持分移轉,00370091
RPRNMLMKJHLGFCM48DA,北港溪段,2572.00,非都市：山坡地保育區 ; 非都市編定：農牧用地,1,1,全筆移轉,00370254
RPSNMLTKJHLGFDM76DA,中湖段,1770.95,非都市：一般農業區 ; 非都市編定：農牧用地,1,1,全筆移轉,13410000
RPPNMLMJJHLGFAM97DA,三崙段,12114.12,非都市：一般農業區 ; 非都市編定：農牧用地,1,1,全筆移轉,04420000
RPPNMLMJJHLGFAM97DA,三崙段,4511.87,非都市：一般農業區 ; 非都市編定：農牧用地,1,1,全筆移轉,04660001
RPTNMLQKKIKGFAM98DA,內興段,4898.90,非都市：一般農業區 ; 非都市編定：特定目的事業用地,1,1,全筆移轉,09720000
RPTNMLQKKIKGFAM98DA,內興段,2501.80,非都市：一般農業區 ; 非都市編定：特定目的事業用地,1,1,全筆移轉,09720003
RPTNMLQKKIKGFAM98DA,內興段,2506.13,非都市：一般農業區 ; 非都市編定：特定目的事業用地,1,1,全筆移轉,09720004
RPTNMLQKKIKGFAM98DA,內興段,4029.62,非都市：一般農業區 ; 非都市編定：特定目的事業用地,1,1,全筆移轉,12030000
RPTNMLQKKIKGFAM98DA,內興段,2417.77,非都市：一般農業區 ; 非都市編定：特定目的事業用地,1,1,全筆移轉,12030002
RPPNMLSKKIKGFAM78DA,新小半山段,181.13,非都市：山坡地保育區 ; 非都市編定：丙種建築用地,1,1,全筆移轉,07770000
RPPNMLOLKIKGFCM68DA,忠實段,5.73,非都市：特定農業區 ; 非都市編定：甲種建築用地,10000,27,持分移轉,01050000
RPPNMLOLKIKGFCM68DA,忠實段,7.42,非都市：特定農業區 ; 非都市編定：甲種建築用地,1,1,全筆移轉,01050009
RPPNMLOLKIKGFCM68DA,忠實段,65.24,非都市：特定農業區 ; 非都市編定：甲種建築用地,1,1,全筆移轉,01050010
RPTNMLTLJHLGFCM86DA,福興段,428.00,非都市：特定農業區 ; 非都市編定：甲種建築用地,1,1,全筆移轉,16760000
RPTNMLTLJHLGFCM86DA,福興段,25.50,非都市：特定農業區 ; 非都市編定：農牧用地,7000,255,持分移轉,16770000
RPSNMLMJKHLGFCM58DA,牛尾段,702.78,非都市：特定農業區 ; 非都市編定：農牧用地,1,1,全筆移轉,03370001
RPQNMLTLKIKGFEM86DA,林興段,36.10,都市：其他:住宅區,1000,83,持分移轉,00790000
RPPNMLPKJIKGFBM48DA,北投埔段,61.00,非都市：特定農業區 ; 非都市編定：甲種建築用地,1,1,全筆移轉,02810017
RPTNMLOKJIKGFDM98DA,大統段,85.89,都市：其他:住宅區,1,1,全筆移轉,07130000
RPQNMLTLKIKGFEM86DA,林興段,116.19,都市：其他:住宅區,1,1,全筆移轉,00790003
RPQNMLTLKIKGFEM86DA,林興段,28.79,都市：其他:道路用地,1000,83,持分移轉,04070000
RPSNMLRLJHLGFDM66DA,溫水段,80.75,非都市：鄉村區 ; 非都市編定：乙種建築用地,1,1,全筆移轉,02280000
RPSNMLRLJHLGFDM66DA,溫水段,15.98,非都市：特定農業區 ; 非都市編定：甲種建築用地,1,1,全筆移轉,02290000
RPRNMLSKKIKGFCM56DA,內埔段,930.77,非都市：特定農業區 ; 非都市編定：農牧用地,1,1,全筆移轉,10280000
RPQNMLSKKIKGFCM09DA,內埔段,2520.53,非都市：特定農業區 ; 非都市編定：農牧用地,1,1,全筆移轉,10240000
RPQNMLSKKIKGFCM09DA,內埔段,1525.10,非都市：特定農業區 ; 非都市編定：農牧用地,1,1,全筆移轉,10290000
RPSNMLTLJHLGFCM76DA,水社段,86.00,都市：其他:商業區,1,1,全筆移轉,07980000
RPPNMLSLJHLGFBM88DA,新虎山段,7.28,都市：其他:住宅區,1000,224,持分移轉,05550001
RPPNMLSLJHLGFBM88DA,新虎山段,3.28,都市：其他:住宅區,1000,224,持分移轉,05560001
RPPNMLSLJHLGFBM88DA,新虎山段,73.66,都市：其他:住宅區,1000,224,持分移轉,05710000
RPSNMLTJKHLGFCM66DA,一新段,158.00,非都市：山坡地保育區 ; 非都市編定：農牧用地,1,1,全筆移轉,20110000
RPTNMLTJKHLGFCM76DA,向善段,1205.84,非都市：特定農業區 ; 非都市編定：農牧用地,1,1,全筆移轉,03890000
RPQNMLLLJHLGFBM28DA,保安段,82.19,非都市：鄉村區 ; 非都市編定：乙種建築用地,10000,794,持分移轉,06970000
RPPNMLLMJHLGFCM38DA,內池段,23.17,都市：其他:住宅區,924000,55606,持分移轉,06890001
RPPNMLLMJHLGFCM38DA,內池段,86.43,都市：其他:住宅區,1,1,全筆移轉,06890020
RPPNMLLMJHLGFCM38DA,內池段,1.02,都市：其他:住宅區,12,2,持分移轉,06890021
RPPNMLLMJHLGFCM38DA,內池段,.35,都市：其他:住宅區,12,2,持分移轉,06890025
RPRNMLTJKHLGFCM56DA,一新段,671.53,非都市：特定農業區 ; 非都市編定：農牧用地,1,1,全筆移轉,19740000
RPWNMLNJKIKGFAM88DA,營南段,72.82,非都市：鄉村區 ; 非都市編定：乙種建築用地,1,1,全筆移轉,06490034
RPWNMLNJKIKGFAM88DA,營南段,20.69,非都市：鄉村區 ; 非都市編定：乙種建築用地,19,1,持分移轉,06490036
RPWNMLNJKIKGFAM88DA,營南段,7.53,非都市：鄉村區 ; 非都市編定：乙種建築用地,34,1,持分移轉,06490037
RPWNMLNJKIKGFAM88DA,營南段,31.45,非都市：一般農業區 ; 非都市編定：農牧用地,100000,2273,持分移轉,07180000
RPRNMLQLKHLGFCM09DA,大坪頂段,242.40,非都市：鄉村區 ; 非都市編定：乙種建築用地,1,1,全筆移轉,07950000
RPRNMLQLKHLGFCM09DA,大坪頂段,53.05,非都市：鄉村區 ; 非都市編定：乙種建築用地,1,1,全筆移轉,07960000
RPRNMLQLKHLGFCM09DA,大坪頂段,194.55,非都市：鄉村區 ; 非都市編定：乙種建築用地,1,1,全筆移轉,07970000
RPRNMLQLKHLGFCM09DA,大坪頂段,54.32,非都市：鄉村區 ; 非都市編定：乙種建築用地,1,1,全筆移轉,07980000
RPUNMLNLKHLGFAM88DA,成功段,67.34,都市：其他:住宅區,1,1,全筆移轉,09350000
RPPNMLLKKHLGFCM28DA,忠信段,15.30,非都市：鄉村區 ; 非都市編定：乙種建築用地,68,2,持分移轉,05450000
RPPNMLLKKHLGFCM28DA,忠信段,95.32,非都市：鄉村區 ; 非都市編定：乙種建築用地,1,1,全筆移轉,05590000
RPPNMLPKJHLGFAM38DA,新赤水段,664.06,非都市：鄉村區 ; 非都市編定：乙種建築用地,1,1,全筆移轉,12470000
RPSNMLSJKIKGFBM09DA,新興段,56.19,非都市：特定農業區 ; 非都市編定：農牧用地,160,10,持分移轉,00400000
RPSNMLSJKIKGFBM09DA,新興段,140.38,非都市：特定農業區 ; 非都市編定：農牧用地,160,10,持分移轉,00490000
RPPNMLKLJHLGFBM08DA,碧峰段,577.01,非都市：鄉村區 ; 非都市編定：乙種建築用地,1,1,全筆移轉,15820000
RPPNMLKLJHLGFBM08DA,碧峰段,615.99,非都市：鄉村區 ; 非都市編定：乙種建築用地,1,1,全筆移轉,15840000
RPWNMLOJKIKGFCM56DA,籃城段,.85,非都市：特定農業區 ; 非都市編定：甲種建築用地,16,1,持分移轉,09550004
RPWNMLOJKIKGFCM56DA,籃城段,86.21,非都市：特定農業區 ; 非都市編定：甲種建築用地,1,1,全筆移轉,09550010
RPWNMLOJKIKGFCM56DA,籃城段,25.19,非都市：特定農業區 ; 非都市編定：甲種建築用地,16,1,持分移轉,09550014
RPXNMLOJKIKGFCM66DA,籃城段,.85,非都市：特定農業區 ; 非都市編定：甲種建築用地,16,1,持分移轉,09550004
RPXNMLOJKIKGFCM66DA,籃城段,25.19,非都市：特定農業區 ; 非都市編定：甲種建築用地,16,1,持分移轉,09550014
RPXNMLOJKIKGFCM66DA,籃城段,83.71,非都市：特定農業區 ; 非都市編定：甲種建築用地,1,1,全筆移轉,09550017
RPOOMLOJKIKGFCM48DA,籃城段,.85,非都市：特定農業區 ; 非都市編定：甲種建築用地,16,1,持分移轉,09550004
RPOOMLOJKIKGFCM48DA,籃城段,87.09,非都市：特定農業區 ; 非都市編定：甲種建築用地,1,1,全筆移轉,09550009
RPOOMLOJKIKGFCM48DA,籃城段,25.19,非都市：特定農業區 ; 非都市編定：甲種建築用地,16,1,持分移轉,09550014
RPRNMLSKKIKGFAM09EA,營南段,46.48,非都市：一般農業區 ; 非都市編定：交通用地,1,1,全筆移轉,00080001
RPRNMLSKKIKGFAM09EA,內興段,527.71,非都市：一般農業區 ; 非都市編定：農牧用地,1,1,全筆移轉,10060000
RPSNMLOJKIKGFBM68DA,新光段,110.00,非都市：鄉村區 ; 非都市編定：乙種建築用地,1,1,全筆移轉,11220013
RPUNMLQKKIKGFCM66DA,三條崙段,2691.60,非都市：山坡地保育區 ; 非都市編定：農牧用地,1,1,全筆移轉,05310000
RPUNMLQKKIKGFCM66DA,三條崙段,2691.56,非都市：山坡地保育區 ; 非都市編定：農牧用地,1,1,全筆移轉,05310001
RPUNMLQKKIKGFCM66DA,三條崙段,2689.82,非都市：山坡地保育區 ; 非都市編定：農牧用地,1,1,全筆移轉,05310002
RPUNMLQKKIKGFCM66DA,三條崙段,2689.84,非都市：山坡地保育區 ; 非都市編定：農牧用地,1,1,全筆移轉,05310003
RPUNMLQKKIKGFCM66DA,三條崙段,409.80,非都市：山坡地保育區 ; 非都市編定：農牧用地,1,1,全筆移轉,05310004
RPUNMLQKKIKGFCM66DA,三條崙段,921.49,非都市：山坡地保育區 ; 非都市編定：林業用地,1,1,全筆移轉,05350000
RPPNMLMJKIKGFBM18DA,北勢段,83.72,非都市：特定農業區 ; 非都市編定：甲種建築用地,1,1,全筆移轉,11600000
RPPNMLPJKIKGFBM48DA,新富寮段,24.54,都市：其他:住宅區,67,1,持分移轉,10960000
RPPNMLPJKIKGFBM48DA,新富寮段,.10,都市：其他:住宅區,67,1,持分移轉,10960004
RPPNMLPJKIKGFBM48DA,新富寮段,.98,都市：其他:住宅區,1,1,全筆移轉,10960045
RPPNMLPJKIKGFBM48DA,新富寮段,75.57,都市：其他:住宅區,1,1,全筆移轉,10960046
RPPNMLPJKIKGFBM48DA,新富寮段,.29,都市：其他:農業區,67,1,持分移轉,10980003
RPPNMLPJKIKGFBM48DA,新富寮段,.06,都市：其他:農業區,67,1,持分移轉,10980004
RPPNMLPJKIKGFBM48DA,新富寮段,.10,都市：其他:農業區,67,1,持分移轉,10990002
RPPNMLPJKIKGFBM48DA,新富寮段,.77,都市：其他:農業區,67,1,持分移轉,11080001
RPUNMLSKKIKGFCM86DA,忠孝段,73.14,都市：其他:住宅區,1,1,全筆移轉,06080000
RPSNMLOJJIKGFCM68DA,石門段,60.87,都市：其他:住宅區,1,1,全筆移轉,07090000
RPSNMLOJJIKGFCM68DA,石門段,.32,都市：其他:住宅區,1,1,全筆移轉,07100000
RPXNMLQKKIKGFCM96DA,忠貞段,14.47,都市：其他:住宅區,10000,78,持分移轉,03180000
RPRNMLRKKIKGFCM09DA,籃城段,.85,非都市：特定農業區 ; 非都市編定：甲種建築用地,16,1,持分移轉,09550004
RPRNMLRKKIKGFCM09DA,籃城段,25.19,非都市：特定農業區 ; 非都市編定：甲種建築用地,16,1,持分移轉,09550014
RPRNMLRKKIKGFCM09DA,籃城段,71.68,非都市：特定農業區 ; 非都市編定：甲種建築用地,1,1,全筆移轉,09550020
RPPNMLOLKIKGFBM68EA,草屯段,72.00,都市：其他:住宅區,1,1,全筆移轉,03420003
RPPNMLOLKIKGFBM68EA,草屯段,15.41,都市：其他:住宅區,21600,1541,持分移轉,03420012
RPQNMLRKKIKGFCM98DA,籃城段,.85,非都市：特定農業區 ; 非都市編定：甲種建築用地,16,1,持分移轉,09550004
RPQNMLRKKIKGFCM98DA,籃城段,25.19,非都市：特定農業區 ; 非都市編定：甲種建築用地,16,1,持分移轉,09550014
RPQNMLRKKIKGFCM98DA,籃城段,91.64,非都市：特定農業區 ; 非都市編定：甲種建築用地,1,1,全筆移轉,09550016
RPQNMLRKKIKGFCM98DA,籃城段,6.04,非都市：特定農業區 ; 非都市編定：甲種建築用地,1,1,全筆移轉,09550025
RPPNMLMLJHLGFCM48EA,安湳段,2710.27,非都市：特定農業區 ; 非都市編定：農牧用地,1,1,全筆移轉,07780000
RPTNMLMLKIKGFCM88DA,忠實段,32.91,都市：其他:住宅區,100000,1264,持分移轉,06730000
RPPNMLPJKHLGFCM58DA,東池段,138.14,都市：其他:住宅區,1,1,全筆移轉,05250003
RPQNMLMJJHLGFAM08DA,新民段,318.50,非都市：特定農業區 ; 非都市編定：甲種建築用地,1,1,全筆移轉,10600000
RPSNMLNJLHLGFCM78DA,籃城段,.85,非都市：特定農業區 ; 非都市編定：甲種建築用地,16,1,持分移轉,09550004
RPSNMLNJLHLGFCM78DA,籃城段,25.19,非都市：特定農業區 ; 非都市編定：甲種建築用地,16,1,持分移轉,09550014
RPQNMLOKJHLGFAM38DA,成功段,60.34,都市：其他:住宅區,2,1,持分移轉,06270000
RPQNMLOKJHLGFAM38DA,成功段,60.34,都市：其他:住宅區,2,1,持分移轉,06270001
RPSNMLNJLHLGFCM78DA,籃城段,71.94,非都市：特定農業區 ; 非都市編定：甲種建築用地,1,1,全筆移轉,09550021
RPPNMLQJLHLGFCM78DA,東潤段,113.85,非都市：特定農業區 ; 非都市編定：甲種建築用地,1,1,全筆移轉,05360000
RPPNMLQJLHLGFCM78DA,東潤段,8.31,非都市：特定農業區 ; 非都市編定：丁種建築用地,140,1,持分移轉,06810000
RPPNMLTJKIKGFEM56DA,雙龍段,11522.00,非都市：森林區 ; 非都市編定：林業用地,1,1,全筆移轉,10090000
RPPNMLQKKIKGFEM09EA,北隘寮段,294.55,非都市：山坡地保育區 ; 非都市編定：農牧用地,1,1,全筆移轉,10850002
RPRNMLMKKIKGFCM58DA,南村段,638.86,非都市：特定農業區 ; 非都市編定：農牧用地,1,1,全筆移轉,03560002
RPRNMLMKKIKGFCM58DA,南村段,134.52,非都市：特定農業區 ; 非都市編定：農牧用地,1,1,全筆移轉,03560003
RPRNMLMKKIKGFCM58DA,南村段,595.92,非都市：特定農業區 ; 非都市編定：農牧用地,1,1,全筆移轉,03560004
RPSNMLRJIIKGFBM78DA,新豐段,654.20,非都市：特定農業區 ; 非都市編定：農牧用地,1,1,全筆移轉,08480000
RPPNMLQKIIKGFBM48DA,復興段,111.04,非都市：鄉村區 ; 非都市編定：乙種建築用地,1,1,全筆移轉,00870000
RPQNMLOLKIKGFBM68DA,新富仁段,103.37,都市：其他:住宅區,1,1,全筆移轉,04040000
RPSNMLRJIIKGFBM78DA,新豐段,1.88,非都市：特定農業區 ; 非都市編定：水利用地,1,1,全筆移轉,08490002
RPSNMLLJKIKGFEM68DA,林興段,36.10,都市：其他:住宅區,1000,83,持分移轉,00790000
RPSNMLLJKIKGFEM68DA,林興段,122.31,都市：其他:住宅區,1,1,全筆移轉,00790006
RPSNMLLJKIKGFEM68DA,林興段,28.79,都市：其他:道路用地,1000,83,持分移轉,04070000
RPPNMLNKKIKGFEM68DA,林興段,36.10,都市：其他:住宅區,1000,83,持分移轉,00790000
RPUNMLTLKIKGFCM07DA,大瑪璘段,145.10,非都市：鄉村區 ; 非都市編定：乙種建築用地,1,1,全筆移轉,03350000
RPPNMLNKKIKGFEM68DA,林興段,118.83,都市：其他:住宅區,1,1,全筆移轉,00790007
RPPNMLNKKIKGFEM68DA,林興段,28.79,都市：其他:道路用地,1000,83,持分移轉,04070000
RPQNMLPJJHLGFAM38DA,成功段,83.80,都市：其他:住宅區,1,1,全筆移轉,12440000
RPRNMLPJJHLGFDM78DA,東照段,91.78,非都市：特定農業區 ; 非都市編定：甲種建築用地,1,1,全筆移轉,09110000
RPSNMLQLJHLGFCM09DA,東池段,38.31,非都市：特定農業區 ; 非都市編定：農牧用地,10,1,持分移轉,02610000
RPSNMLQLJHLGFCM09DA,東池段,180.47,都市：其他:農業區,5,1,持分移轉,02620000
RPSNMLQLJHLGFCM09DA,東池段,26.56,,5,1,持分移轉,02620001
RPXNMLTLJHLGFBM17DA,青宅段,1446.70,非都市：特定農業區 ; 非都市編定：農牧用地,1,1,全筆移轉,06440000
RPQNMLKLJHLGFCM28DA,忠實段,177.14,非都市：特定農業區 ; 非都市編定：農牧用地,1,1,全筆移轉,01230000
RPQNMLKLJHLGFCM28DA,忠實段,1838.33,非都市：特定農業區 ; 非都市編定：農牧用地,1,1,全筆移轉,01250000
RPQNMLKLJHLGFCM28DA,忠實段,1.13,非都市：鄉村區 ; 非都市編定：乙種建築用地,116,2,持分移轉,01610000
RPRNMLRKKIKGFAM88DA,三塊厝段,59.97,都市：其他:住宅區,100000,1017,持分移轉,02600022
RPXNMLPLKIKGFAM76DA,福興段,34.77,都市：其他:住宅區,10000,259,持分移轉,05530000
RPWOMLRKKIKGFAM86DA,三塊厝段,47.18,都市：其他:住宅區,100000,800,持分移轉,02600022
RPXOMLRKKIKGFAM96DA,三塊厝段,47.18,都市：其他:住宅區,100000,800,持分移轉,02600022
RPPPMLRKKIKGFAM88DA,三塊厝段,60.21,都市：其他:住宅區,100000,1021,持分移轉,02600022
RPOPMLRKKIKGFAM78DA,三塊厝段,47.18,都市：其他:住宅區,100000,800,持分移轉,02600022
RPPNMLRJJHLGFAM58EA,新草尾嶺段,484.51,非都市：山坡地保育區 ; 非都市編定：農牧用地,10,3,持分移轉,01810000
RPQNMLNLKHLGFAM48DA,三塊厝段,47.12,都市：其他:住宅區,100000,799,持分移轉,02600022
RPQNMLRJJHLGFAM68EA,新草尾嶺段,2502.30,非都市：山坡地保育區 ; 非都市編定：農牧用地,10,3,持分移轉,02550000
RPQNMLRJJHLGFAM68EA,新草尾嶺段,1083.79,非都市：山坡地保育區 ; 非都市編定：農牧用地,10,3,持分移轉,02580000
RPRNMLQJKHLGFAM68DA,三塊厝段,47.18,都市：其他:住宅區,100000,800,持分移轉,02600022
RPOOMLRKKIKGFAM68DA,三塊厝段,47.18,都市：其他:住宅區,100000,800,持分移轉,02600022
RPTOMLRKKIKGFAM56DA,三塊厝段,59.97,都市：其他:住宅區,100000,1017,持分移轉,02600022
RPVOMLRKKIKGFAM76DA,三塊厝段,60.21,都市：其他:住宅區,100000,1021,持分移轉,02600022
RPXNMLRKKIKGFAM86DA,三塊厝段,47.18,都市：其他:住宅區,100000,800,持分移轉,02600022
RPUOMLRKKIKGFAM66DA,三塊厝段,47.18,都市：其他:住宅區,100000,800,持分移轉,02600022
RPVNMLRKKIKGFAM66DA,三塊厝段,46.23,都市：其他:住宅區,100000,784,持分移轉,02600022
RPSOMLRKKIKGFAM09DA,三塊厝段,47.18,都市：其他:住宅區,100000,800,持分移轉,02600022
RPSNMLRKKIKGFAM98DA,三塊厝段,47.18,都市：其他:住宅區,100000,800,持分移轉,02600022
RPQOMLRKKIKGFAM88DA,三塊厝段,47.18,都市：其他:住宅區,100000,800,持分移轉,02600022
RPWNMLRKKIKGFAM76DA,三塊厝段,47.18,都市：其他:住宅區,100000,800,持分移轉,02600022
RPPNMLMLKIKGFCM48DA,虎仔耳段,31.04,非都市：鄉村區 ; 非都市編定：乙種建築用地,100000,5930,持分移轉,00950000
RPPNMLMLKIKGFCM48DA,虎子山段,24.24,非都市：特定農業區 ; 非都市編定：農牧用地,40020,2424,持分移轉,04490002
RPPNMLMLKIKGFCM48DA,虎子山段,2.02,非都市：特定農業區 ; 非都市編定：甲種建築用地,6303,202,持分移轉,04500000
RPPOMLRKKIKGFAM78DA,三塊厝段,47.18,都市：其他:住宅區,100000,800,持分移轉,02600022
RPWNMLTLKIKGFCM27DA,山楂腳段,150.00,非都市：山坡地保育區 ; 非都市編定：農牧用地,1,1,全筆移轉,00640000
RPWNMLTLKIKGFCM27DA,山楂腳段,204.00,非都市：山坡地保育區 ; 非都市編定：農牧用地,1,1,全筆移轉,00650000
RPWNMLTLKIKGFCM27DA,山楂腳段,3050.00,非都市：山坡地保育區 ; 非都市編定：丁種建築用地,1,1,全筆移轉,00650020
RPWNMLTLKIKGFCM27DA,山楂腳段,840.00,非都市：山坡地保育區 ; 非都市編定：丁種建築用地,1,1,全筆移轉,00650021
RPWNMLTLKIKGFCM27DA,山楂腳段,855.00,非都市：山坡地保育區 ; 非都市編定：丁種建築用地,1,1,全筆移轉,00650022
RPWNMLTLKIKGFCM27DA,山楂腳段,855.00,非都市：山坡地保育區 ; 非都市編定：丁種建築用地,1,1,全筆移轉,00650023
RPWNMLTLKIKGFCM27DA,山楂腳段,855.00,非都市：山坡地保育區 ; 非都市編定：丁種建築用地,1,1,全筆移轉,00650024
RPUNMLPLJIKGFCM56DA,文頭股段,60.22,非都市：特定農業區 ; 非都市編定：農牧用地,47133,6022,持分移轉,00020000
RPUNMLPLJIKGFCM56DA,文頭股段,254.00,非都市：特定農業區 ; 非都市編定：農牧用地,47133,25400,持分移轉,00020000
RPUNMLPLJIKGFCM56DA,文頭股段,193.02,非都市：特定農業區 ; 非都市編定：農牧用地,1,1,全筆移轉,00080000
RPUNMLPLJIKGFCM56DA,文頭股段,149.89,非都市：特定農業區 ; 非都市編定：農牧用地,1,1,全筆移轉,00090000
RPUNMLPLJIKGFCM56DA,文頭股段,34.44,非都市：特定農業區 ; 非都市編定：農牧用地,1,1,全筆移轉,00100000
RPQNMLNKJHLGFDM58DA,中山段,14.00,都市：其他:商業區,1,1,全筆移轉,01340000
RPQNMLNKJHLGFDM58DA,中山段,59.00,都市：其他:商業區,1,1,全筆移轉,01480000
RPUNMLTKJHLGFAM66DA,南大庄段,4.78,都市：其他:住宅區,1,1,全筆移轉,10950003
RPUNMLOLKIKGFDM66DA,吉祥段,94.19,都市：其他:住宅區,1,1,全筆移轉,03450012
RPQNMLRLJHLGFBM98EA,草屯段,11.27,都市：其他:住宅區,100000,1306,持分移轉,01330020
RPWNMLPLKIKGFAM66DA,福興段,28.86,都市：其他:住宅區,10000,215,持分移轉,05530000
RPQNMLRLJHLGFBM98EA,草屯段,5.00,都市：其他:住宅區,19,1,持分移轉,01330030
RPQNMLRLJHLGFBM98EA,草屯段,21.58,都市：其他:住宅區,10000,608,持分移轉,01830000
RPQNMLRLJHLGFBM98EA,草屯段,50.20,都市：其他:農業區,52,3,持分移轉,01830002
RPQNMLRLJHLGFBM98EA,草屯段,65.00,都市：其他:住宅區,1,1,全筆移轉,01830051
RPSNMLRLJHLGFCM56DA,內池段,56.47,都市：其他:住宅區,2,1,持分移轉,13140000
RPSNMLRLJHLGFCM56DA,內池段,32.21,都市：其他:住宅區,2,1,持分移轉,13150000
RPQNMLRKKIKGFBM88DA,南坪段,1546.86,非都市：山坡地保育區 ; 非都市編定：農牧用地,1,1,全筆移轉,11130000
RPRNMLPJJHLGFAM58EA,南投段,618.00,都市：其他:第一種商業區,1,1,全筆移轉,03030003
RPRNMLPJJHLGFAM58EA,南投段,275.00,都市：其他:住宅區,1,1,全筆移轉,03030008
RPRNMLPJJHLGFAM58EA,南投段,76.00,都市：其他:第一種商業區,1,1,全筆移轉,03030022
RPRNMLPJJHLGFAM58EA,南投段,12.00,都市：其他:第一種商業區,1,1,全筆移轉,03030025
RPRNMLQKJHLGFBM78DA,坪頂段,2920.00,非都市：一般農業區 ; 非都市編定：農牧用地,1,1,全筆移轉,02450000
RPPNMLMLJHLGFCM38DA,寶湖窟段,2554.31,非都市：特定農業區 ; 非都市編定：農牧用地,1,1,全筆移轉,00990000
RPSNMLTJKIKGFCM66DA,忠實段,29.86,非都市：鄉村區 ; 非都市編定：乙種建築用地,100000,6074,持分移轉,01190001
RPRNMLOLJIKGFBM68DA,中興段,20.67,都市：其他:住宅區,10000,172,持分移轉,18460002
RPSNMLOJKIKGFDM88DA,新桶頭段,2144.22,非都市：山坡地保育區 ; 非都市編定：農牧用地,1,1,全筆移轉,01970000
RPPNMLOKJHLGFEM68DA,八張段,259.04,都市：其他:住宅區,1,1,全筆移轉,09130000
RPPNMLOJKHLGFDM58DA,勞水坑段,1634.00,非都市：山坡地保育區 ; 非都市編定：農牧用地,1,1,全筆移轉,01260343
RPPNMLOJKHLGFDM58DA,勞水坑段,691.00,非都市：山坡地保育區 ; 非都市編定：農牧用地,1,1,全筆移轉,01260350
RPPNMLOJKHLGFDM58DA,勞水坑段,8959.00,非都市：山坡地保育區 ; 非都市編定：農牧用地,1,1,全筆移轉,01260364
RPPNMLOKJHLGFEM68DA,八張段,6.53,都市：其他:農業區,1,1,全筆移轉,09130001
RPSNMLMKKIKGFCM68DA,南村段,717.78,非都市：特定農業區 ; 非都市編定：農牧用地,1,1,全筆移轉,03860000
RPPNMLOKJHLGFEM68DA,八張段,27.58,都市：其他:農業區,1,1,全筆移轉,09140000
RPSNMLMKKIKGFCM68DA,南村段,735.69,非都市：特定農業區 ; 非都市編定：農牧用地,1,1,全筆移轉,04190000
RPPNMLOKJHLGFEM68DA,八張段,20.58,都市：其他:人行步道用地,8,2,持分移轉,09430000
RPPNMLOJLHLGFAM38DA,包尾段,63.00,都市：其他:住宅區,2,1,持分移轉,07870015
RPPNMLTKKIKGFCM09DA,和平段,34.66,都市：其他:商業區,100000,2109,持分移轉,02670000
RPPNMLOLKHLGFEM88DA,新上安段,2060.28,非都市：一般農業區 ; 非都市編定：農牧用地,1,1,全筆移轉,10550000
RPROMLMKJHLGFDM68DA,吉祥段,118.50,都市：其他:住宅區,1,1,全筆移轉,03450015
RPROMLMKJHLGFDM68DA,吉祥段,34.76,都市：其他:住宅區,36,29,持分移轉,03460000
RPUNMLOJKHLGFAM88EA,先驅段,83.00,非都市：山坡地保育區 ; 非都市編定：農牧用地,1,1,全筆移轉,34760000
RPUNMLOJKHLGFAM88EA,先驅段,9990.00,非都市：山坡地保育區 ; 非都市編定：農牧用地,1,1,全筆移轉,34770000
RPPNMLMLKIKGFDM58DA,延祥段,35.29,都市：其他:住宅區,1000000,22748,持分移轉,00650000
RPOOMLPLKIKGFAM58DA,福興段,30.87,都市：其他:住宅區,10000,230,持分移轉,05530000
RPPNMLSJKIKGFBM78DA,中興段,618.00,都市：其他:住宅區,1,1,全筆移轉,21050000
RPPOMLMKJHLGFDM48DA,吉祥段,91.71,都市：其他:住宅區,1,1,全筆移轉,03450014
RPPNMLSJKIKGFBM78DA,中興段,485.00,都市：其他:住宅區,1,1,全筆移轉,21060000
RPRNMLPJKHLGFCM78DA,榮光段,239.43,非都市：鄉村區 ; 非都市編定：乙種建築用地,1,1,全筆移轉,01950000
RPQOMLMKJHLGFDM58DA,吉祥段,92.95,都市：其他:住宅區,1,1,全筆移轉,03450013
RPUNMLNLKIKGFAM88DA,福興段,34.77,都市：其他:住宅區,10000,259,持分移轉,05530000
RPQNMLNKKHLGFAM38DA,牛運堀段,58.87,都市：其他:住宅區,1000000,19421,持分移轉,01180000
RPRNMLNLKIKGFAM58DA,福興段,26.58,都市：其他:住宅區,10000,198,持分移轉,05530000
RPPNMLOLJHLGFAM38DA,福興段,34.77,都市：其他:住宅區,10000,259,持分移轉,05530000
RPXNMLMKJHLGFDM56DA,吉祥段,104.69,都市：其他:住宅區,1,1,全筆移轉,03450007
RPRNMLPLKIKGFAM78DA,福興段,30.87,都市：其他:住宅區,10000,230,持分移轉,05530000
RPPNMLTJJHLGFDM98DA,平正段,365.00,都市：其他:住宅區,1,1,全筆移轉,05150000
RPPNMLTJJHLGFDM98DA,平正段,117.26,都市：其他:住宅區,1,1,全筆移轉,05160000
RPPNMLTJJHLGFDM98DA,平正段,183.06,都市：其他:住宅區,1,1,全筆移轉,05170000
RPPNMLTJJHLGFDM98DA,平正段,172.11,都市：其他:住宅區,1,1,全筆移轉,05180000
RPPNMLPJKHLGFAM38DA,和興段,153.19,非都市：一般農業區 ; 非都市編定：丙種建築用地,1,1,全筆移轉,10750000
RPQNMLSLJHLGFCM09DA,眉原段,8535.00,非都市：森林區 ; 非都市編定：農牧用地,4,3,持分移轉,01170000
RPRNMLLLJHLGFCM48DA,內池段,245.08,都市：其他:商業區,1,1,全筆移轉,02710000
RPTNMLTLKIKGFBM86DA,新僑光段,90.50,都市：其他:住宅區,1,1,全筆移轉,07260015
RPOOMLKMJHLGFBM18DA,新僑光段,41.78,都市：其他:住宅區,100000,1006,持分移轉,07260000
RPQNMLPLKIKGFAM68DA,福興段,28.86,都市：其他:住宅區,10000,215,持分移轉,05530000
RPPOMLKMJHLGFBM28DA,新僑光段,90.50,都市：其他:住宅區,1,1,全筆移轉,07260020
RPVNMLOKJHLGFAM88DA,福興段,25.91,都市：其他:住宅區,10000,193,持分移轉,05530000
RPTNMLPLKIKGFAM98DA,福興段,34.77,都市：其他:住宅區,10000,259,持分移轉,05530000
RPPPMLSLKIKGFAM09DA,福興段,18.45,都市：其他:住宅區,1,1,全筆移轉,06130008
RPPPMLSLKIKGFAM09DA,福興段,13.70,都市：其他:住宅區,10000,1075,持分移轉,06130012
RPPPMLSLKIKGFAM09DA,福興段,1.00,都市：其他:住宅區,97,2,持分移轉,06340000
RPPPMLSLKIKGFAM09DA,福興段,.30,都市：其他:住宅區,194,2,持分移轉,06440001
RPPPMLSLKIKGFAM09DA,福興段,.68,都市：其他:住宅區,97,2,持分移轉,06440002
RPPPMLSLKIKGFAM09DA,福興段,42.56,都市：其他:住宅區,100000,1415,持分移轉,06450000
RPPPMLSLKIKGFAM09DA,福興段,.01,都市：其他:住宅區,100000,1415,持分移轉,06560000
RPPPMLSLKIKGFAM09DA,福興段,.37,都市：其他:住宅區,100000,1415,持分移轉,06580000
RPPNMLMLKIKGFBM38DA,新僑光段,94.12,都市：其他:住宅區,1,1,全筆移轉,07260022
RPSNMLPLKHLGFAM88DA,牛運堀段,101.00,都市：其他:住宅區,1,1,全筆移轉,00390007
RPSNMLPLKHLGFAM88DA,牛運堀段,98.00,都市：其他:住宅區,1,1,全筆移轉,00390008
RPSNMLPLKHLGFAM88DA,牛運堀段,91.00,都市：其他:住宅區,1,1,全筆移轉,00390009
RPSNMLPLKHLGFAM88DA,牛運堀段,85.00,都市：其他:住宅區,1,1,全筆移轉,00390010
RPSNMLPLKHLGFAM88DA,牛運堀段,81.00,都市：其他:住宅區,1,1,全筆移轉,00390011
RPQNMLTLKIKGFAM09DA,福興段,.50,都市：其他:住宅區,97,1,持分移轉,06340000
RPOOMLMKJHLGFDM38DA,吉祥段,108.61,都市：其他:住宅區,1,1,全筆移轉,03450000
RPQNMLTLKIKGFAM09DA,福興段,.15,都市：其他:住宅區,194,1,持分移轉,06440001
RPQNMLTLKIKGFAM09DA,福興段,.34,都市：其他:住宅區,97,1,持分移轉,06440002
RPQNMLTLKIKGFAM09DA,福興段,41.30,都市：其他:住宅區,100000,1373,持分移轉,06450000
RPQNMLTLKIKGFAM09DA,福興段,.01,都市：其他:住宅區,100000,1373,持分移轉,06560000
RPQNMLTLKIKGFAM09DA,福興段,.36,都市：其他:住宅區,100000,1373,持分移轉,06580000
RPROMLLLJHLGFAM38DA,福興段,.50,都市：其他:住宅區,97,1,持分移轉,06340000
RPROMLLLJHLGFAM38DA,福興段,.15,都市：其他:住宅區,194,1,持分移轉,06440001
RPROMLLLJHLGFAM38DA,福興段,.34,都市：其他:住宅區,97,1,持分移轉,06440002
RPROMLLLJHLGFAM38DA,福興段,42.05,都市：其他:住宅區,100000,1398,持分移轉,06450000
RPROMLLLJHLGFAM38DA,福興段,.01,都市：其他:住宅區,100000,1398,持分移轉,06560000
RPROMLLLJHLGFAM38DA,福興段,.36,都市：其他:住宅區,100000,1398,持分移轉,06580000
RPRNMLTLKIKGFAM56DA,福興段,14.38,都市：其他:住宅區,1,1,全筆移轉,06130001
RPRNMLTLKIKGFAM56DA,福興段,10.67,都市：其他:住宅區,10000,837,持分移轉,06130012
RPRNMLTLKIKGFAM56DA,福興段,1.00,都市：其他:住宅區,97,2,持分移轉,06340000
RPRNMLTLKIKGFAM56DA,福興段,.30,都市：其他:住宅區,194,2,持分移轉,06440001
RPRNMLTLKIKGFAM56DA,福興段,.68,都市：其他:住宅區,97,2,持分移轉,06440002
RPRNMLTLKIKGFAM56DA,福興段,42.05,都市：其他:住宅區,100000,1398,持分移轉,06450000
RPRNMLTLKIKGFAM56DA,福興段,.01,都市：其他:住宅區,100000,1398,持分移轉,06560000
RPRNMLTLKIKGFAM56DA,福興段,.36,都市：其他:住宅區,100000,1398,持分移轉,06580000
RPQOMLNJKIKGFAM38DA,福興段,.50,都市：其他:住宅區,97,1,持分移轉,06340000
RPQOMLNJKIKGFAM38DA,福興段,.15,都市：其他:住宅區,194,1,持分移轉,06440001
RPQOMLNJKIKGFAM38DA,福興段,.34,都市：其他:住宅區,97,1,持分移轉,06440002
RPQOMLNJKIKGFAM38DA,福興段,42.05,都市：其他:住宅區,100000,1398,持分移轉,06450000
RPQOMLNJKIKGFAM38DA,福興段,.01,都市：其他:住宅區,100000,1398,持分移轉,06560000
RPQOMLNJKIKGFAM38DA,福興段,.36,都市：其他:住宅區,100000,1398,持分移轉,06580000
RPPNMLQKKIKGFBM68DA,新僑光段,94.12,都市：其他:住宅區,1,1,全筆移轉,07260026
RPUNMLSLKIKGFAM76DA,福興段,.50,都市：其他:住宅區,97,1,持分移轉,06340000
RPSNMLSLKIKGFAM56DA,福興段,.50,都市：其他:住宅區,97,1,持分移轉,06340000
RPSNMLSLKIKGFAM56DA,福興段,.15,都市：其他:住宅區,194,1,持分移轉,06440001
RPWNMLOLKHKGFCM66DA,東光段,388.33,非都市：一般農業區 ; 非都市編定：農牧用地,1,1,全筆移轉,08130000
RPSNMLSLKIKGFAM56DA,福興段,.34,都市：其他:住宅區,97,1,持分移轉,06440002
RPUNMLSLKIKGFAM76DA,福興段,.15,都市：其他:住宅區,194,1,持分移轉,06440001
RPSNMLSLKIKGFAM56DA,福興段,42.05,都市：其他:住宅區,100000,1398,持分移轉,06450000
RPQNMLPKKIKGFDM88DA,鹿山段,5.45,都市：其他:住宅區,40,1,持分移轉,10580011
RPSNMLSLKIKGFAM56DA,福興段,.01,都市：其他:住宅區,100000,1398,持分移轉,06560000
RPSNMLSLKIKGFAM56DA,福興段,.36,都市：其他:住宅區,100000,1398,持分移轉,06580000
RPUNMLSLKIKGFAM76DA,福興段,.34,都市：其他:住宅區,97,1,持分移轉,06440002
RPUNMLSLKIKGFAM76DA,福興段,41.30,都市：其他:住宅區,100000,1373,持分移轉,06450000
RPUNMLSLKIKGFAM76DA,福興段,.01,都市：其他:住宅區,100000,1373,持分移轉,06560000
RPUNMLSLKIKGFAM76DA,福興段,.36,都市：其他:住宅區,100000,1373,持分移轉,06580000
RPQNMLPKKIKGFDM88DA,鹿山段,69.19,都市：其他:住宅區,1,1,全筆移轉,10580021
RPQNMLPKKIKGFDM88DA,鹿山段,.79,都市：其他:住宅區,20,1,持分移轉,10580041
RPUNMLTLKIKGFBM96DA,新僑光段,41.78,都市：其他:住宅區,100000,1006,持分移轉,07260000
RPTNMLNLKIKGFAM78DA,福興段,26.58,都市：其他:住宅區,10000,198,持分移轉,05530000
RPPNMLTLKIKGFAM98DA,福興段,.50,都市：其他:住宅區,97,1,持分移轉,06340000
RPPNMLTLKIKGFAM98DA,福興段,.15,都市：其他:住宅區,194,1,持分移轉,06440001
RPPNMLTLKIKGFAM98DA,福興段,.34,都市：其他:住宅區,97,1,持分移轉,06440002
RPPNMLTLKIKGFAM98DA,福興段,28.67,都市：其他:住宅區,100000,953,持分移轉,06450000
RPPNMLTLKIKGFAM98DA,福興段,.01,都市：其他:住宅區,100000,953,持分移轉,06560000
RPPNMLTLKIKGFAM98DA,福興段,.25,都市：其他:住宅區,100000,953,持分移轉,06580000
RPPNMLQLKIKGFAM68DA,福興段,32.89,都市：其他:住宅區,10000,245,持分移轉,05530000
RPRNMLSLKIKGFAM09DA,福興段,.50,都市：其他:住宅區,97,1,持分移轉,06340000
RPRNMLSLKIKGFAM09DA,福興段,.15,都市：其他:住宅區,194,1,持分移轉,06440001
RPRNMLSLKIKGFAM09DA,福興段,.34,都市：其他:住宅區,97,1,持分移轉,06440002
RPRNMLSLKIKGFAM09DA,福興段,32.28,都市：其他:住宅區,100000,1073,持分移轉,06450000
RPRNMLSLKIKGFAM09DA,福興段,.01,都市：其他:住宅區,100000,1073,持分移轉,06560000
RPRNMLSLKIKGFAM09DA,福興段,.28,都市：其他:住宅區,100000,1073,持分移轉,06580000
RPPNMLOJKIKGFAM28DA,福興段,.50,都市：其他:住宅區,97,1,持分移轉,06340000
RPPNMLOJKIKGFAM28DA,福興段,.15,都市：其他:住宅區,194,1,持分移轉,06440001
RPPNMLOJKIKGFAM28DA,福興段,.34,都市：其他:住宅區,97,1,持分移轉,06440002
RPPNMLOJKIKGFAM28DA,福興段,32.28,都市：其他:住宅區,100000,1073,持分移轉,06450000
RPPNMLOJKIKGFAM28DA,福興段,.01,都市：其他:住宅區,100000,1073,持分移轉,06560000
RPPNMLOJKIKGFAM28DA,福興段,.28,都市：其他:住宅區,100000,1073,持分移轉,06580000
RPOOMLOKJHLGFDM58DA,吉祥段,108.26,都市：其他:住宅區,1,1,全筆移轉,07780025
RPTNMLSLKIKGFAM66DA,福興段,.50,都市：其他:住宅區,97,1,持分移轉,06340000
RPQNMLRLKHLGFAM88DA,福興段,25.91,都市：其他:住宅區,10000,193,持分移轉,05530000
RPOOMLOKJHLGFDM58DA,吉祥段,18.81,都市：其他:住宅區,10000,466,持分移轉,07780027
RPTNMLSLKIKGFAM66DA,福興段,.15,都市：其他:住宅區,194,1,持分移轉,06440001
RPTNMLSLKIKGFAM66DA,福興段,.34,都市：其他:住宅區,97,1,持分移轉,06440002
RPTNMLSLKIKGFAM66DA,福興段,37.51,都市：其他:住宅區,100000,1247,持分移轉,06450000
RPTNMLSLKIKGFAM66DA,福興段,.01,都市：其他:住宅區,100000,1247,持分移轉,06560000
RPTNMLSLKIKGFAM66DA,福興段,.32,都市：其他:住宅區,100000,1247,持分移轉,06580000
RPPOMLOKJHLGFDM68DA,吉祥段,112.72,都市：其他:住宅區,1,1,全筆移轉,07780026
RPPOMLOKJHLGFDM68DA,吉祥段,19.82,都市：其他:住宅區,10000,491,持分移轉,07780027
RPSNMLOKJHLGFAM58DA,福興段,32.89,都市：其他:住宅區,10000,245,持分移轉,05530000
RPOOMLLLJHLGFAM08DA,福興段,.50,都市：其他:住宅區,97,1,持分移轉,06340000
RPOOMLLLJHLGFAM08DA,福興段,.15,都市：其他:住宅區,194,1,持分移轉,06440001
RPXNMLLLJHLGFAM88DA,福興段,.50,都市：其他:住宅區,97,1,持分移轉,06340000
RPXNMLLLJHLGFAM88DA,福興段,.15,都市：其他:住宅區,194,1,持分移轉,06440001
RPXNMLLLJHLGFAM88DA,福興段,.34,都市：其他:住宅區,97,1,持分移轉,06440002
RPXNMLLLJHLGFAM88DA,福興段,26.98,都市：其他:住宅區,100000,897,持分移轉,06450000
RPXNMLLLJHLGFAM88DA,福興段,.01,都市：其他:住宅區,100000,897,持分移轉,06560000
RPXNMLLLJHLGFAM88DA,福興段,.23,都市：其他:住宅區,100000,897,持分移轉,06580000
RPOOMLLLJHLGFAM08DA,福興段,.34,都市：其他:住宅區,97,1,持分移轉,06440002
RPOOMLLLJHLGFAM08DA,福興段,26.98,都市：其他:住宅區,100000,897,持分移轉,06450000
RPOOMLLLJHLGFAM08DA,福興段,.01,都市：其他:住宅區,100000,897,持分移轉,06560000
RPOOMLLLJHLGFAM08DA,福興段,.23,都市：其他:住宅區,100000,897,持分移轉,06580000
RPQNMLMJLHLGFAM28DA,福興段,.50,都市：其他:住宅區,97,1,持分移轉,06340000
RPQNMLMJLHLGFAM28DA,福興段,.15,都市：其他:住宅區,194,1,持分移轉,06440001
RPQNMLMJLHLGFAM28DA,福興段,.34,都市：其他:住宅區,97,1,持分移轉,06440002
RPQNMLMJLHLGFAM28DA,福興段,37.51,都市：其他:住宅區,100000,1247,持分移轉,06450000
RPQNMLMJLHLGFAM28DA,福興段,.01,都市：其他:住宅區,100000,1247,持分移轉,06560000
RPQNMLMJLHLGFAM28DA,福興段,.32,都市：其他:住宅區,100000,1247,持分移轉,06580000
RPQPMLNJKIKGFAM48DA,福興段,15.52,都市：其他:住宅區,1,1,全筆移轉,06130003
RPPPMLNJKIKGFAM38DA,福興段,14.37,都市：其他:住宅區,1,1,全筆移轉,06130000
RPQPMLNJKIKGFAM48DA,福興段,11.52,都市：其他:住宅區,10000,904,持分移轉,06130012
RPQPMLNJKIKGFAM48DA,福興段,1.00,都市：其他:住宅區,97,2,持分移轉,06340000
RPQPMLNJKIKGFAM48DA,福興段,.30,都市：其他:住宅區,194,2,持分移轉,06440001
RPPPMLNJKIKGFAM38DA,福興段,11.62,都市：其他:住宅區,10000,912,持分移轉,06130012
RPQPMLNJKIKGFAM48DA,福興段,.68,都市：其他:住宅區,97,2,持分移轉,06440002
RPPPMLNJKIKGFAM38DA,福興段,1.00,都市：其他:住宅區,97,2,持分移轉,06340000
RPQPMLNJKIKGFAM48DA,福興段,41.30,都市：其他:住宅區,100000,1373,持分移轉,06450000
RPPPMLNJKIKGFAM38DA,福興段,.30,都市：其他:住宅區,194,2,持分移轉,06440001
RPQPMLNJKIKGFAM48DA,福興段,.01,都市：其他:住宅區,100000,1373,持分移轉,06560000
RPPPMLNJKIKGFAM38DA,福興段,.68,都市：其他:住宅區,97,2,持分移轉,06440002
RPQPMLNJKIKGFAM48DA,福興段,.36,都市：其他:住宅區,100000,1373,持分移轉,06580000
RPPPMLNJKIKGFAM38DA,福興段,42.05,都市：其他:住宅區,100000,1398,持分移轉,06450000
RPPPMLNJKIKGFAM38DA,福興段,42.05,都市：其他:住宅區,100000,1398,持分移轉,06450000
RPPPMLNJKIKGFAM38DA,福興段,.01,都市：其他:住宅區,100000,1398,持分移轉,06560000
RPPPMLNJKIKGFAM38DA,福興段,.01,都市：其他:住宅區,100000,1398,持分移轉,06560000
RPSPMLNJKIKGFAM68DA,福興段,.50,都市：其他:住宅區,97,1,持分移轉,06340000
RPPPMLNJKIKGFAM38DA,福興段,.36,都市：其他:住宅區,100000,1398,持分移轉,06580000
RPPPMLNJKIKGFAM38DA,福興段,.36,都市：其他:住宅區,100000,1398,持分移轉,06580000
RPSPMLNJKIKGFAM68DA,福興段,.15,都市：其他:住宅區,194,1,持分移轉,06440001
RPSPMLNJKIKGFAM68DA,福興段,.34,都市：其他:住宅區,97,1,持分移轉,06440002
RPSPMLNJKIKGFAM68DA,福興段,42.05,都市：其他:住宅區,100000,1398,持分移轉,06450000
RPSPMLNJKIKGFAM68DA,福興段,.01,都市：其他:住宅區,100000,1398,持分移轉,06560000
RPSPMLNJKIKGFAM68DA,福興段,.36,都市：其他:住宅區,100000,1398,持分移轉,06580000
RPRNMLMLKIKGFBM58DA,新僑光段,90.50,都市：其他:住宅區,1,1,全筆移轉,07260014
RPVNMLSLKIKGFAM86DA,福興段,.50,都市：其他:住宅區,97,1,持分移轉,06340000
RPVNMLSLKIKGFAM86DA,福興段,.15,都市：其他:住宅區,194,1,持分移轉,06440001
RPVNMLSLKIKGFAM86DA,福興段,.34,都市：其他:住宅區,97,1,持分移轉,06440002
RPVNMLSLKIKGFAM86DA,福興段,41.30,都市：其他:住宅區,100000,1373,持分移轉,06450000
RPVNMLSLKIKGFAM86DA,福興段,.01,都市：其他:住宅區,100000,1373,持分移轉,06560000
RPVNMLSLKIKGFAM86DA,福興段,.36,都市：其他:住宅區,100000,1373,持分移轉,06580000
RPXOMLSLKIKGFAM17DA,福興段,.50,都市：其他:住宅區,97,1,持分移轉,06340000
RPXOMLSLKIKGFAM17DA,福興段,.15,都市：其他:住宅區,194,1,持分移轉,06440001
RPXOMLSLKIKGFAM17DA,福興段,.34,都市：其他:住宅區,97,1,持分移轉,06440002
RPPNMLOKJHLGFCM48DA,寶湖窟段,2500.00,非都市：特定農業區 ; 非都市編定：農牧用地,1,1,全筆移轉,00760000
RPXOMLSLKIKGFAM17DA,福興段,32.28,都市：其他:住宅區,100000,1073,持分移轉,06450000
RPXOMLSLKIKGFAM17DA,福興段,.01,都市：其他:住宅區,100000,1073,持分移轉,06560000
RPXOMLSLKIKGFAM17DA,福興段,.28,都市：其他:住宅區,100000,1073,持分移轉,06580000
RPVNMLLLJHLGFAM68DA,福興段,.50,都市：其他:住宅區,97,1,持分移轉,06340000
RPVNMLLLJHLGFAM68DA,福興段,.15,都市：其他:住宅區,194,1,持分移轉,06440001
RPVNMLLLJHLGFAM68DA,福興段,.34,都市：其他:住宅區,97,1,持分移轉,06440002
RPVNMLLLJHLGFAM68DA,福興段,41.30,都市：其他:住宅區,100000,1373,持分移轉,06450000
RPVNMLLLJHLGFAM68DA,福興段,.01,都市：其他:住宅區,100000,1373,持分移轉,06560000
RPVNMLLLJHLGFAM68DA,福興段,.36,都市：其他:住宅區,100000,1373,持分移轉,06580000
RPXNMLKMJHLGFBM98DA,新僑光段,43.15,都市：其他:住宅區,100000,1039,持分移轉,07260000
RPWOMLNJKIKGFAM98DA,福興段,.50,都市：其他:住宅區,97,1,持分移轉,06340000
RPUOMLNJKIKGFAM78DA,福興段,.50,都市：其他:住宅區,97,1,持分移轉,06340000
RPSNMLPLKIKGFAM88DA,福興段,28.86,都市：其他:住宅區,10000,215,持分移轉,05530000
RPUOMLNJKIKGFAM78DA,福興段,.15,都市：其他:住宅區,194,1,持分移轉,06440001
RPUOMLNJKIKGFAM78DA,福興段,.34,都市：其他:住宅區,97,1,持分移轉,06440002
RPUOMLNJKIKGFAM78DA,福興段,29.72,都市：其他:住宅區,100000,988,持分移轉,06450000
RPUOMLNJKIKGFAM78DA,福興段,.01,都市：其他:住宅區,100000,988,持分移轉,06560000
RPUOMLNJKIKGFAM78DA,福興段,.26,都市：其他:住宅區,100000,988,持分移轉,06580000
RPWOMLNJKIKGFAM98DA,福興段,.15,都市：其他:住宅區,194,1,持分移轉,06440001
RPXOMLNJKIKGFAM09DA,福興段,.50,都市：其他:住宅區,97,1,持分移轉,06340000
RPXOMLNJKIKGFAM09DA,福興段,.01,都市：其他:住宅區,1974,1,持分移轉,06440001
RPXOMLNJKIKGFAM09DA,福興段,.34,都市：其他:住宅區,97,1,持分移轉,06440002
RPWOMLNJKIKGFAM98DA,福興段,.34,都市：其他:住宅區,97,1,持分移轉,06440002
RPWOMLNJKIKGFAM98DA,福興段,28.58,都市：其他:住宅區,100000,950,持分移轉,06450000
RPWOMLNJKIKGFAM98DA,福興段,.01,都市：其他:住宅區,100000,950,持分移轉,06560000
RPXOMLNJKIKGFAM09DA,福興段,28.58,都市：其他:住宅區,100000,950,持分移轉,06450000
RPWOMLNJKIKGFAM98DA,福興段,.25,都市：其他:住宅區,100000,950,持分移轉,06580000
RPXOMLNJKIKGFAM09DA,福興段,.01,都市：其他:住宅區,100000,950,持分移轉,06560000
RPXOMLNJKIKGFAM09DA,福興段,.25,都市：其他:住宅區,100000,950,持分移轉,06580000
RPSOMLNJKIKGFAM58DA,福興段,.50,都市：其他:住宅區,97,1,持分移轉,06340000
RPSOMLNJKIKGFAM58DA,福興段,.15,都市：其他:住宅區,194,1,持分移轉,06440001
RPSOMLNJKIKGFAM58DA,福興段,.34,都市：其他:住宅區,97,1,持分移轉,06440002
RPSOMLNJKIKGFAM58DA,福興段,41.30,都市：其他:住宅區,100000,1373,持分移轉,06450000
RPSOMLNJKIKGFAM58DA,福興段,.01,都市：其他:住宅區,100000,1373,持分移轉,06560000
RPSOMLNJKIKGFAM58DA,福興段,.36,都市：其他:住宅區,100000,1373,持分移轉,06580000
RPVOMLSLKIKGFAM96DA,福興段,.50,都市：其他:住宅區,97,1,持分移轉,06340000
RPVOMLSLKIKGFAM96DA,福興段,.15,都市：其他:住宅區,194,1,持分移轉,06440001
RPVOMLSLKIKGFAM96DA,福興段,.34,都市：其他:住宅區,97,1,持分移轉,06440002
RPVOMLSLKIKGFAM96DA,福興段,37.51,都市：其他:住宅區,100000,1247,持分移轉,06450000
RPWOMLSLKIKGFAM07DA,福興段,.50,都市：其他:住宅區,97,1,持分移轉,06340000
RPVOMLSLKIKGFAM96DA,福興段,.01,都市：其他:住宅區,100000,1247,持分移轉,06560000
RPVOMLSLKIKGFAM96DA,福興段,.32,都市：其他:住宅區,100000,1247,持分移轉,06580000
RPWOMLSLKIKGFAM07DA,福興段,.15,都市：其他:住宅區,194,1,持分移轉,06440001
RPWOMLSLKIKGFAM07DA,福興段,.34,都市：其他:住宅區,97,1,持分移轉,06440002
RPWOMLSLKIKGFAM07DA,福興段,32.28,都市：其他:住宅區,100000,1073,持分移轉,06450000
RPWOMLSLKIKGFAM07DA,福興段,.01,都市：其他:住宅區,100000,1073,持分移轉,06560000
RPWOMLSLKIKGFAM07DA,福興段,.28,都市：其他:住宅區,100000,1073,持分移轉,06580000
RPUNMLPLKIKGFAM09DA,福興段,25.91,都市：其他:住宅區,10000,193,持分移轉,05530000
RPPNMLRLKHLGFAM78DA,福興段,26.58,都市：其他:住宅區,10000,198,持分移轉,05530000
RPTOMLNJKIKGFAM68DA,福興段,.50,都市：其他:住宅區,97,1,持分移轉,06340000
RPTOMLNJKIKGFAM68DA,福興段,.15,都市：其他:住宅區,194,1,持分移轉,06440001
RPTOMLNJKIKGFAM68DA,福興段,.34,都市：其他:住宅區,97,1,持分移轉,06440002
RPTOMLNJKIKGFAM68DA,福興段,29.72,都市：其他:住宅區,100000,988,持分移轉,06450000
RPROMLNJKIKGFAM48DA,福興段,.50,都市：其他:住宅區,97,1,持分移轉,06340000
RPTOMLNJKIKGFAM68DA,福興段,.01,都市：其他:住宅區,100000,988,持分移轉,06560000
RPTOMLNJKIKGFAM68DA,福興段,.26,都市：其他:住宅區,100000,988,持分移轉,06580000
RPPNMLSLKIKGFAM88DA,福興段,.50,都市：其他:住宅區,97,1,持分移轉,06340000
RPPNMLSLKIKGFAM88DA,福興段,.15,都市：其他:住宅區,194,1,持分移轉,06440001
RPPNMLSLKIKGFAM88DA,福興段,.34,都市：其他:住宅區,97,1,持分移轉,06440002
RPPNMLSLKIKGFAM88DA,福興段,29.72,都市：其他:住宅區,100000,988,持分移轉,06450000
RPPNMLSLKIKGFAM88DA,福興段,.01,都市：其他:住宅區,100000,988,持分移轉,06560000
RPPNMLSLKIKGFAM88DA,福興段,.26,都市：其他:住宅區,100000,988,持分移轉,06580000
RPROMLNJKIKGFAM48DA,福興段,.15,都市：其他:住宅區,194,1,持分移轉,06440001
RPROMLNJKIKGFAM48DA,福興段,.34,都市：其他:住宅區,97,1,持分移轉,06440002
RPROMLNJKIKGFAM48DA,福興段,31.49,都市：其他:住宅區,100000,1047,持分移轉,06450000
RPROMLNJKIKGFAM48DA,福興段,.01,都市：其他:住宅區,100000,1047,持分移轉,06560000
RPROMLNJKIKGFAM48DA,福興段,.27,都市：其他:住宅區,100000,1047,持分移轉,06580000
RPTOMLSLKIKGFAM76DA,福興段,.50,都市：其他:住宅區,97,1,持分移轉,06340000
RPTOMLSLKIKGFAM76DA,福興段,.15,都市：其他:住宅區,194,1,持分移轉,06440001
RPTOMLSLKIKGFAM76DA,福興段,.34,都市：其他:住宅區,97,1,持分移轉,06440002
RPTOMLSLKIKGFAM76DA,福興段,29.72,都市：其他:住宅區,100000,988,持分移轉,06450000
RPTOMLSLKIKGFAM76DA,福興段,.01,都市：其他:住宅區,100000,988,持分移轉,06560000
RPTOMLSLKIKGFAM76DA,福興段,.26,都市：其他:住宅區,100000,988,持分移轉,06580000
RPWNMLSLKIKGFAM96DA,福興段,.50,都市：其他:住宅區,97,1,持分移轉,06340000
RPWNMLSLKIKGFAM96DA,福興段,.15,都市：其他:住宅區,194,1,持分移轉,06440001
RPWNMLSLKIKGFAM96DA,福興段,.34,都市：其他:住宅區,97,1,持分移轉,06440002
RPWNMLSLKIKGFAM96DA,福興段,41.30,都市：其他:住宅區,100000,1373,持分移轉,06450000
RPWNMLSLKIKGFAM96DA,福興段,.01,都市：其他:住宅區,100000,1373,持分移轉,06560000
RPWNMLSLKIKGFAM96DA,福興段,.36,都市：其他:住宅區,100000,1373,持分移轉,06580000
RPTPMLNJKIKGFAM78DA,福興段,.50,都市：其他:住宅區,97,1,持分移轉,06340000
RPTPMLNJKIKGFAM78DA,福興段,.15,都市：其他:住宅區,194,1,持分移轉,06440001
RPTPMLNJKIKGFAM78DA,福興段,.34,都市：其他:住宅區,97,1,持分移轉,06440002
RPTPMLNJKIKGFAM78DA,福興段,31.49,都市：其他:住宅區,100000,1047,持分移轉,06450000
RPTPMLNJKIKGFAM78DA,福興段,.01,都市：其他:住宅區,100000,1047,持分移轉,06560000
RPTPMLNJKIKGFAM78DA,福興段,.27,都市：其他:住宅區,100000,1047,持分移轉,06580000
RPVNMLPLKIKGFAM56DA,福興段,32.89,都市：其他:住宅區,10000,245,持分移轉,05530000
RPRNMLMJLHLGFAM38DA,福興段,.50,都市：其他:住宅區,97,1,持分移轉,06340000
RPRNMLMJLHLGFAM38DA,福興段,.15,都市：其他:住宅區,194,1,持分移轉,06440001
RPRNMLMJLHLGFAM38DA,福興段,.34,都市：其他:住宅區,97,1,持分移轉,06440002
RPRNMLMJLHLGFAM38DA,福興段,29.72,都市：其他:住宅區,100000,988,持分移轉,06450000
RPRNMLMJLHLGFAM38DA,福興段,.01,都市：其他:住宅區,100000,988,持分移轉,06560000
RPRNMLMJLHLGFAM38DA,福興段,.26,都市：其他:住宅區,100000,988,持分移轉,06580000
RPPNMLPLKIKGFAM58DA,福興段,25.91,都市：其他:住宅區,10000,193,持分移轉,05530000
RPROMLSLKIKGFAM56DA,福興段,.50,都市：其他:住宅區,97,1,持分移轉,06340000
RPPOMLSLKIKGFAM98DA,福興段,.50,都市：其他:住宅區,97,1,持分移轉,06340000
RPPOMLSLKIKGFAM98DA,福興段,.15,都市：其他:住宅區,194,1,持分移轉,06440001
RPPOMLSLKIKGFAM98DA,福興段,.34,都市：其他:住宅區,97,1,持分移轉,06440002
RPPOMLSLKIKGFAM98DA,福興段,41.30,都市：其他:住宅區,100000,1373,持分移轉,06450000
RPPOMLSLKIKGFAM98DA,福興段,.01,都市：其他:住宅區,100000,1373,持分移轉,06560000
RPPOMLSLKIKGFAM98DA,福興段,.36,都市：其他:住宅區,100000,1373,持分移轉,06580000
RPROMLSLKIKGFAM56DA,福興段,.15,都市：其他:住宅區,194,1,持分移轉,06440001
RPROMLSLKIKGFAM56DA,福興段,.34,都市：其他:住宅區,97,1,持分移轉,06440002
RPROMLSLKIKGFAM56DA,福興段,36.58,都市：其他:住宅區,100000,1216,持分移轉,06450000
RPROMLSLKIKGFAM56DA,福興段,.01,都市：其他:住宅區,100000,1216,持分移轉,06560000
RPROMLSLKIKGFAM56DA,福興段,.32,都市：其他:住宅區,100000,1216,持分移轉,06580000
RPUOMLSLKIKGFAM86DA,福興段,.50,都市：其他:住宅區,97,1,持分移轉,06340000
RPUOMLSLKIKGFAM86DA,福興段,.15,都市：其他:住宅區,194,1,持分移轉,06440001
RPUOMLSLKIKGFAM86DA,福興段,.34,都市：其他:住宅區,97,1,持分移轉,06440002
RPQOMLSLKIKGFAM09DA,福興段,.50,都市：其他:住宅區,97,1,持分移轉,06340000
RPUOMLSLKIKGFAM86DA,福興段,29.72,都市：其他:住宅區,100000,988,持分移轉,06450000
RPUOMLSLKIKGFAM86DA,福興段,.01,都市：其他:住宅區,100000,988,持分移轉,06560000
RPUOMLSLKIKGFAM86DA,福興段,.26,都市：其他:住宅區,100000,988,持分移轉,06580000
RPQOMLSLKIKGFAM09DA,福興段,.15,都市：其他:住宅區,194,1,持分移轉,06440001
RPQOMLSLKIKGFAM09DA,福興段,.34,都市：其他:住宅區,97,1,持分移轉,06440002
RPSOMLSLKIKGFAM66DA,福興段,.50,都市：其他:住宅區,97,1,持分移轉,06340000
RPQOMLSLKIKGFAM09DA,福興段,29.72,都市：其他:住宅區,100000,988,持分移轉,06450000
RPQOMLSLKIKGFAM09DA,福興段,.01,都市：其他:住宅區,100000,988,持分移轉,06560000
RPQOMLSLKIKGFAM09DA,福興段,.26,都市：其他:住宅區,100000,988,持分移轉,06580000
RPSOMLSLKIKGFAM66DA,福興段,.15,都市：其他:住宅區,194,1,持分移轉,06440001
RPSOMLSLKIKGFAM66DA,福興段,.34,都市：其他:住宅區,97,1,持分移轉,06440002
RPSOMLSLKIKGFAM66DA,福興段,29.72,都市：其他:住宅區,100000,988,持分移轉,06450000
RPSOMLSLKIKGFAM66DA,福興段,.01,都市：其他:住宅區,100000,988,持分移轉,06560000
RPSOMLSLKIKGFAM66DA,福興段,.26,都市：其他:住宅區,100000,988,持分移轉,06580000
RPRPMLNJKIKGFAM58DA,福興段,10.54,都市：其他:道路用地,100000,1373,持分移轉,05650000
RPRPMLNJKIKGFAM58DA,福興段,.50,都市：其他:住宅區,97,1,持分移轉,06340000
RPRPMLNJKIKGFAM58DA,福興段,.15,都市：其他:住宅區,194,1,持分移轉,06440001
RPRPMLNJKIKGFAM58DA,福興段,.34,都市：其他:住宅區,97,1,持分移轉,06440002
RPRPMLNJKIKGFAM58DA,福興段,41.30,都市：其他:住宅區,100000,1373,持分移轉,06450000
RPRPMLNJKIKGFAM58DA,福興段,.36,都市：其他:住宅區,100000,1373,持分移轉,06580000
RPTNMLMJLHLGFAM58DA,福興段,.50,都市：其他:住宅區,97,1,持分移轉,06340000
RPTNMLMJLHLGFAM58DA,福興段,.15,都市：其他:住宅區,194,1,持分移轉,06440001
RPTNMLMJLHLGFAM58DA,福興段,.34,都市：其他:住宅區,97,1,持分移轉,06440002
RPTNMLMJLHLGFAM58DA,福興段,41.30,都市：其他:住宅區,100000,1373,持分移轉,06450000
RPTNMLMJLHLGFAM58DA,福興段,.01,都市：其他:住宅區,100000,1373,持分移轉,06560000
RPTNMLMJLHLGFAM58DA,福興段,.36,都市：其他:住宅區,100000,1373,持分移轉,06580000
RPXNMLPJJHLGFCM66DA,和平段,20.01,都市：其他:商業區,100000,1218,持分移轉,02670000
RPOOMLSLKIKGFAM88DA,福興段,.50,都市：其他:住宅區,97,1,持分移轉,06340000
RPOPMLNJKIKGFAM28DA,福興段,.50,都市：其他:住宅區,97,1,持分移轉,06340000
RPOPMLNJKIKGFAM28DA,福興段,.15,都市：其他:住宅區,194,1,持分移轉,06440001
RPOOMLSLKIKGFAM88DA,福興段,.15,都市：其他:住宅區,194,1,持分移轉,06440001
RPOPMLNJKIKGFAM28DA,福興段,.34,都市：其他:住宅區,97,1,持分移轉,06440002
RPOOMLSLKIKGFAM88DA,福興段,.34,都市：其他:住宅區,97,1,持分移轉,06440002
RPOPMLNJKIKGFAM28DA,福興段,41.30,都市：其他:住宅區,100000,1373,持分移轉,06450000
RPOOMLSLKIKGFAM88DA,福興段,29.72,都市：其他:住宅區,100000,988,持分移轉,06450000
RPOPMLNJKIKGFAM28DA,福興段,.01,都市：其他:住宅區,100000,1373,持分移轉,06560000
RPOOMLSLKIKGFAM88DA,福興段,.01,都市：其他:住宅區,100000,988,持分移轉,06560000
RPOPMLNJKIKGFAM28DA,福興段,.36,都市：其他:住宅區,100000,1373,持分移轉,06580000
RPOOMLSLKIKGFAM88DA,福興段,.26,都市：其他:住宅區,100000,988,持分移轉,06580000
RPXNMLSLKIKGFAM07DA,福興段,.50,都市：其他:住宅區,97,1,持分移轉,06340000
RPXNMLSLKIKGFAM07DA,福興段,.15,都市：其他:住宅區,194,1,持分移轉,06440001
RPQNMLSKKIKGFAM88DA,牛運堀段,14.21,都市：其他:住宅區,100000,683,持分移轉,01670000
RPRNMLTKKIKGFAM09DA,牛運堀段,13.27,都市：其他:住宅區,100000,638,持分移轉,01670000
RPXNMLSLKIKGFAM07DA,福興段,.34,都市：其他:住宅區,97,1,持分移轉,06440002
RPSNMLTKKIKGFAM56DA,牛運堀段,11.11,都市：其他:住宅區,100000,534,持分移轉,01670000
RPXNMLSLKIKGFAM07DA,福興段,31.49,都市：其他:住宅區,100000,1047,持分移轉,06450000
RPXNMLSLKIKGFAM07DA,福興段,.01,都市：其他:住宅區,100000,1047,持分移轉,06560000
RPQNMLSKKIKGFAM88DA,牛運堀段,.65,都市：其他:住宅區,100000,683,持分移轉,01670015
RPRNMLTKKIKGFAM09DA,牛運堀段,.61,都市：其他:住宅區,100000,638,持分移轉,01670015
RPXNMLSLKIKGFAM07DA,福興段,.27,都市：其他:住宅區,100000,1047,持分移轉,06580000
RPSNMLTKKIKGFAM56DA,牛運堀段,.51,都市：其他:住宅區,100000,534,持分移轉,01670015
RPRNMLTKKIKGFAM09DA,牛運堀段,13.51,都市：其他:住宅區,100000,638,持分移轉,01970000
RPQNMLSKKIKGFAM88DA,牛運堀段,14.46,都市：其他:住宅區,100000,683,持分移轉,01970000
RPRNMLTKKIKGFAM09DA,牛運堀段,14.00,都市：其他:保護區,1,1,全筆移轉,01980020
RPRNMLTKKIKGFAM09DA,牛運堀段,7.60,都市：其他:保護區,20,1,持分移轉,01980036
RPQNMLSKKIKGFAM88DA,牛運堀段,14.00,都市：其他:保護區,1,1,全筆移轉,01980025
RPRNMLTKKIKGFAM09DA,牛運堀段,3.81,都市：其他:保護區,4546,35,持分移轉,01980052
RPQNMLSKKIKGFAM88DA,牛運堀段,7.60,都市：其他:保護區,20,1,持分移轉,01980036
RPSNMLTKKIKGFAM56DA,牛運堀段,11.30,都市：其他:住宅區,100000,534,持分移轉,01970000
RPQNMLSKKIKGFAM88DA,牛運堀段,3.92,都市：其他:保護區,4546,36,持分移轉,01980052
RPSNMLTKKIKGFAM56DA,牛運堀段,14.00,都市：其他:保護區,1,1,全筆移轉,01980016
RPSNMLTKKIKGFAM56DA,牛運堀段,7.60,都市：其他:保護區,20,1,持分移轉,01980036
RPSNMLTKKIKGFAM56DA,牛運堀段,3.27,都市：其他:保護區,4546,30,持分移轉,01980052
RPSNMLSKKIKGFAM09DA,牛運堀段,14.21,都市：其他:住宅區,100000,683,持分移轉,01670000
RPSNMLSKKIKGFAM09DA,牛運堀段,.65,都市：其他:住宅區,100000,683,持分移轉,01670015
RPSNMLSKKIKGFAM09DA,牛運堀段,14.46,都市：其他:住宅區,100000,683,持分移轉,01970000
RPSNMLSKKIKGFAM09DA,牛運堀段,9.08,都市：其他:保護區,12,1,持分移轉,01980042
RPSNMLSKKIKGFAM09DA,牛運堀段,13.00,都市：其他:保護區,1,1,全筆移轉,01980045
RPSNMLSKKIKGFAM09DA,牛運堀段,3.92,都市：其他:保護區,4546,36,持分移轉,01980052
RPSNMLMKKIKGFAM48DA,牛運堀段,17.97,都市：其他:住宅區,100000,864,持分移轉,01670000
RPSNMLMKKIKGFAM48DA,牛運堀段,.82,都市：其他:住宅區,100000,864,持分移轉,01670015
RPSNMLMKKIKGFAM48DA,牛運堀段,18.29,都市：其他:住宅區,100000,864,持分移轉,01970000
RPSNMLMKKIKGFAM48DA,牛運堀段,3.92,都市：其他:保護區,4546,36,持分移轉,01980052
RPRNMLSKKIKGFAM98DA,牛運堀段,17.04,都市：其他:住宅區,200000,1638,持分移轉,01670000
RPRNMLSKKIKGFAM98DA,牛運堀段,.78,都市：其他:住宅區,200000,1638,持分移轉,01670015
RPRNMLSKKIKGFAM98DA,牛運堀段,17.34,都市：其他:住宅區,200000,1638,持分移轉,01970000
RPRNMLSKKIKGFAM98DA,牛運堀段,13.00,都市：其他:住宅區,1,1,全筆移轉,01970009
RPRNMLSKKIKGFAM98DA,牛運堀段,3.81,都市：其他:保護區,9092,70,持分移轉,01980052
