編號,土地位置,土地移轉面積平方公尺,使用分區或編定,權利人持分分母,權利人持分分子,移轉情形,地號
The serial number, land position,land shifting area square meter,the use zoning or compiles and checks,,,,land parcel
RPPNMLMKKHLGFDQ88DA,新大崙段,31.65,非都市：鄉村區 ; 非都市編定：乙種建築用地,60,1,持分移轉,04710000
RPPNMLMKKHLGFDQ88DA,新大崙段,31.65,非都市：鄉村區 ; 非都市編定：乙種建築用地,60,1,持分移轉,04710000
RPPNMLMKKHLGFDQ88DA,新大崙段,13.24,非都市：鄉村區 ; 非都市編定：乙種建築用地,300,1,持分移轉,04730000
RPPNMLMKKHLGFDQ88DA,新大崙段,13.24,非都市：鄉村區 ; 非都市編定：乙種建築用地,300,1,持分移轉,04730000
RPWNMLOLKHLGFDQ27DA,石硦段,1867.56,非都市：山坡地保育區 ; 非都市編定：農牧用地,9,1,持分移轉,02530001
RPPNMLQLKHLGFDQ86EA,麻寮段,25.90,都市：其他:住宅區,12,1,持分移轉,04800000
RPQNMLMKKHLGFDQ09EA,鹿北段,2.48,都市：其他:住宅區,4800,107,持分移轉,10150000
RPTNMLNLKHLGFEQ07EA,大草埔段,430.67,非都市：山坡地保育區 ; 非都市編定：林業用地,9,1,持分移轉,01220016
RPTNMLNLKHLGFEQ07EA,大草埔段,1897.50,非都市：山坡地保育區 ; 非都市編定：國土保安用地,12,5,持分移轉,01410011
SPPNMLQLKHLGFDQ96EA,麻寮段,15.68,都市：其他:住宅區,12,1,持分移轉,04810000
RPQNMLNKKHLGFEQ66EA,崎腳段,1479.01,非都市：山坡地保育區 ; 非都市編定：林業用地,2,1,持分移轉,05820001
RPPNMLNLKHLGFEQ66EA,瓦厝埔段,220.75,非都市：鄉村區 ; 非都市編定：乙種建築用地,4,1,持分移轉,07290000
RPPNMLNLKHLGFEQ66EA,瓦厝埔段,17.25,非都市：一般農業區 ; 非都市編定：交通用地,4,1,持分移轉,07290003
RPPNMLPLKHLGFEQ86EA,緞厝寮段,2500.00,非都市：山坡地保育區 ; 非都市編定：農牧用地,1,1,全筆移轉,04610003
RPSNMLQJKHLGFCQ76DA,游厝段游西小段,54.00,非都市：特定農業區 ; 非都市編定：交通用地,28,3,持分移轉,01280000
RPSNMLQJKHLGFCQ76DA,游厝段游西小段,237.86,非都市：特定農業區 ; 非都市編定：農牧用地,28,3,持分移轉,01360000
RPSNMLQJKHLGFCQ76DA,游厝段游西小段,81.86,非都市：特定農業區 ; 非都市編定：農牧用地,28,3,持分移轉,01380000
RPSNMLQJKHLGFCQ76DA,游厝段游西小段,286.18,非都市：特定農業區 ; 非都市編定：甲種建築用地,28,3,持分移轉,01390000
RPSNMLPJKHLGFCQ66DA,明華段,24.57,都市：其他:住宅區,10000,190,持分移轉,04410000
RPPNMLNKKHLGFCQ88DA,大工一段,189.40,非都市：工業區 ; 非都市編定：丁種建築用地,1,1,全筆移轉,01970059
RPPNMLMKKHLGFCQ88EA,內林段,42.95,非都市：鄉村區 ; 非都市編定：乙種建築用地,96,7,持分移轉,00700002
RPTNMLTJKHLGFCQ17DA,新大埔美段,2538.79,非都市：一般農業區 ; 非都市編定：農牧用地,4,1,持分移轉,31220000
RPPNMLMKKHLGFCQ88EA,內林段,42.58,非都市：鄉村區 ; 非都市編定：交通用地,96,7,持分移轉,00700006
RPRNMLPJKHLGFBQ09DA,建興段,63.03,非都市：鄉村區 ; 非都市編定：乙種建築用地,1,1,全筆移轉,06480000
RPPNMLMKKHLGFCQ88EA,內林段,7.15,非都市：鄉村區 ; 非都市編定：乙種建築用地,96,7,持分移轉,00700007
RPPNMLMKKHLGFCQ88EA,頂林頭段,524.41,非都市：特定農業區 ; 非都市編定：農牧用地,32,1,持分移轉,02960000
RPPNMLPLKHLGFCQ66EA,柳子溝段柳溝小段,931.00,非都市：特定農業區 ; 非都市編定：農牧用地,1,1,全筆移轉,02150000
RPRPMLPLKHLGFCQ96DA,頂寮段中廣小段,18.25,非都市：鄉村區 ; 非都市編定：乙種建築用地,8,1,持分移轉,03670009
RPRPMLPLKHLGFCQ96DA,頂寮段中廣小段,83.00,非都市：鄉村區 ; 非都市編定：乙種建築用地,1,1,全筆移轉,03670014
RPRPMLPLKHLGFCQ96DA,頂寮段中廣小段,1.75,非都市：鄉村區 ; 非都市編定：乙種建築用地,8,1,持分移轉,03670018
RPRPMLPLKHLGFCQ96DA,頂寮段中廣小段,16.25,非都市：鄉村區 ; 非都市編定：乙種建築用地,8,1,持分移轉,03700005
RPPNMLTJKHLGFBQ76EA,過路子段過路小段,929.00,非都市：特定農業區 ; 非都市編定：農牧用地,1,1,全筆移轉,12200000
RPPNMLOLKHLGFCQ56EA,東榮段,13.81,都市：其他:住宅區,1000,26,持分移轉,01670000
RPQNMLMKKHLGFBQ78DA,中庄段,26.80,都市：其他:住宅區,128,1,持分移轉,05370000
RPQNMLNLKHLGFCQ09DA,山中段,5.50,非都市：鄉村區 ; 非都市編定：乙種建築用地,1,1,全筆移轉,07640003
RPRNMLNLKHLGFCQ56DA,永祿段,15.33,都市：其他:住宅區,3,1,持分移轉,00430000
RPRNMLNLKHLGFCQ56DA,永祿段,188.50,都市：其他:住宅區,2,1,持分移轉,00960000
RPPNMLQLKHLGFCQ66DA,大客段頂客小段,471.00,非都市：特定農業區 ; 非都市編定：農牧用地,1,1,全筆移轉,00850000
RPPNMLQLKHLGFCQ66DA,大客段頂客小段,94.00,非都市：特定農業區 ; 非都市編定：甲種建築用地,1,1,全筆移轉,00850001
RPSNMLMKKHLGFBQ98DA,內厝段,13.50,都市：其他:住宅區,16,3,持分移轉,07700000
RPQNMLNKKHLGFBQ88DA,九江段,82.36,都市：其他:商業區,1,1,全筆移轉,01170000
RPPNMLQLKHLGFBQ56DA,建興段,129.63,非都市：鄉村區 ; 非都市編定：乙種建築用地,35940,4453,持分移轉,01560000
RPWNMLNJKHLGFBQ76DA,貴舍新段,1429.14,非都市：一般農業區 ; 非都市編定：農牧用地,1,1,全筆移轉,02970000
RPPNMLOJLHLGFCQ09EA,三間厝段,2240.00,非都市：特定農業區 ; 非都市編定：農牧用地,1,1,全筆移轉,09370000
RPQNMLOKJHLGFEQ66EA,番子潭段,241.43,非都市：一般農業區 ; 非都市編定：甲種建築用地,420,150,持分移轉,04310004
RPRNMLQLKHLGFDQ07EA,下潭段雲龍小段,1554.20,非都市：特定農業區 ; 非都市編定：農牧用地,1,1,全筆移轉,00200000
RPPNMLPJLHLGFDQ66EA,江堀段,18.59,非都市：鄉村區 ; 非都市編定：乙種建築用地,1,1,全筆移轉,06660001
RPRNMLNKKHLGFBQ98DA,平和段,41.40,都市：其他:商業區,20,2,持分移轉,00970000
RPRNMLQLKHLGFDQ96DA,柳鄉段,59.41,非都市：一般農業區 ; 非都市編定：甲種建築用地,1,1,全筆移轉,10060000
RPPOMLPLKHLGFDQ76DA,祥和段,225.68,都市：其他:住宅區,1,1,全筆移轉,06040000
RPPNMLOJLHLGFDQ56EA,安家厝段,77.46,非都市：特定農業區 ; 非都市編定：交通用地,1,1,全筆移轉,13040003
RPPNMLNLKHLGFCQ98DA,松山段,5.25,非都市：鄉村區 ; 非都市編定：乙種建築用地,80,1,持分移轉,03200000
RPPNMLNLKHLGFCQ98DA,松山段,5.01,非都市：鄉村區 ; 非都市編定：乙種建築用地,80,1,持分移轉,03210000
RPPNMLKLJHLGFEQ88EA,九芎坑段,22.00,非都市：一般農業區 ; 非都市編定：丙種建築用地,1,1,全筆移轉,00370011
RPRNMLNLKHLGFDQ66DA,頂潭段頂潭小段,2400.00,非都市：特定農業區 ; 非都市編定：農牧用地,1,1,全筆移轉,00740000
RPPNMLTKJHLGFEQ07EA,轆子腳段,325.14,都市：其他:農業區,224,64,持分移轉,03120001
RPPNMLTKJHLGFEQ07EA,轆子腳段,42.00,都市：其他:農業區,672,64,持分移轉,03120004
RPPNMLPLKHLGFEQ76DA,梅東段,67.00,都市：其他:農業區,1,1,全筆移轉,17550000
RPSNMLOJLHLGFEQ86DA,瓦厝埔段,103.00,非都市：一般農業區 ; 非都市編定：丙種建築用地,1,1,全筆移轉,01670015
RPPNMLPKJHLGFDQ56EA,和雲段,42.53,非都市：鄉村區 ; 非都市編定：乙種建築用地,1,1,全筆移轉,13270000
RPQNMLOKJHLGFDQ09DA,新崙子頂段,34.70,,9000,159,持分移轉,01520000
RPWNMLTJKHLGFDQ57DA,鹿西段,1.43,都市：其他:住宅區,51740,1617,持分移轉,01740000
RPWNMLTJKHLGFDQ57DA,鹿西段,68.74,都市：其他:住宅區,51740,1617,持分移轉,01930000
RPSNMLNKJHLGFDQ56DA,光興段,283.25,都市：其他:住宅區,2,1,持分移轉,05730000
RPRNMLTJJHLGFCQ86DA,大工一段,12.80,非都市：工業區 ; 非都市編定：丁種建築用地,45,1,持分移轉,01780052
RPRNMLTJJHLGFCQ86DA,大工一段,25.11,非都市：工業區 ; 非都市編定：丁種建築用地,14,1,持分移轉,01780076
RPRNMLTJJHLGFCQ86DA,大工一段,118.94,非都市：工業區 ; 非都市編定：丁種建築用地,1,1,全筆移轉,01780087
RPSNMLRJJHLGFBQ66DA,嘉朴段,4.82,都市：其他:商業區,100000,296,持分移轉,01850020
RPQOMLTJJHLGFCQ86DA,雙援段何厝小段,62.00,非都市：特定農業區 ; 非都市編定：農牧用地,1,1,全筆移轉,01670002
RPWNMLTKJHLGFBQ37DA,新庄段農牧小段,1078.00,非都市：特定農業區 ; 非都市編定：農牧用地,2,1,持分移轉,04470000
RPSNMLTKJHLGFBQ96DA,和順段,519.50,非都市：特定專用區 ; 非都市編定：水利用地,1,1,全筆移轉,10320000
RPSNMLTKJHLGFBQ96DA,和順段,248.64,非都市：特定專用區 ; 非都市編定：水利用地,1,1,全筆移轉,10380001
RPUNMLTKJHLGFBQ17DA,和順段,510.99,非都市：特定專用區 ; 非都市編定：水利用地,1,1,全筆移轉,10340000
RPUNMLTKJHLGFBQ17DA,和順段,200.97,非都市：特定專用區 ; 非都市編定：水利用地,1,1,全筆移轉,10380002
RPRNMLNKJHLGFBQ88DA,下竹圍段佳禾小段,13.28,非都市：鄉村區 ; 非都市編定：乙種建築用地,32,1,持分移轉,07940000
RPRNMLNKJHLGFBQ88DA,下竹圍段佳禾小段,107.00,非都市：鄉村區 ; 非都市編定：乙種建築用地,1,1,全筆移轉,07940002
RPTNMLTKJHLGFBQ07DA,和順段,519.27,非都市：特定專用區 ; 非都市編定：水利用地,1,1,全筆移轉,10300000
RPTNMLTKJHLGFBQ07DA,和順段,765.09,非都市：特定專用區 ; 非都市編定：水利用地,1,1,全筆移轉,10380000
RPWNMLNKJHLGFBQ76DA,鰲鼓段,730.23,非都市：一般農業區 ; 非都市編定：農牧用地,6,1,持分移轉,03060000
RPRNMLTKJHLGFBQ86DA,大葛段,28.60,非都市：鄉村區 ; 非都市編定：乙種建築用地,720,78,持分移轉,10750000
RPPNMLQKJHLGFBQ98DA,新生段,90.15,都市：其他:住宅區,1,1,全筆移轉,00630277
RPPNMLOKJHLGFBQ78DA,吳竹子腳段德家小段,1253.00,非都市：特定農業區 ; 非都市編定：農牧用地,100000,96015,持分移轉,07520000
RPTOMLTKJHLGFCQ27DA,明華段,94.00,都市：其他:住宅區,1,1,全筆移轉,03760012
RPTOMLTKJHLGFCQ27DA,明華段,18.86,都市：其他:住宅區,100000,11934,持分移轉,03760017
RPTOMLTKJHLGFCQ27DA,明華段,3.43,都市：其他:住宅區,100000,6352,持分移轉,03760019
RPPNMLLLJHLGFEQ88DA,紫雲段,110.48,非都市：一般農業區 ; 非都市編定：水利用地,1,1,全筆移轉,09820000
RPPNMLNLJHLGFCQ98EA,板頭段,127.59,非都市：鄉村區 ; 非都市編定：乙種建築用地,1,1,全筆移轉,03840000
RPPNMLNLJHLGFCQ98EA,板頭段,20.21,非都市：鄉村區 ; 非都市編定：乙種建築用地,14,1,持分移轉,03840007
RPVNMLQJJHLGFBQ86DA,雙溪口段雙溪小段,1772.00,非都市：特定農業區 ; 非都市編定：農牧用地,1,1,全筆移轉,03950000
RPRNMLLLJHLGFDQ09EA,新舊埤段,94.07,非都市：鄉村區 ; 非都市編定：乙種建築用地,618,58,持分移轉,08440000
RPPOMLOKJHLGFDQ09DA,新舊埤段,366.43,非都市：鄉村區 ; 非都市編定：乙種建築用地,1,1,全筆移轉,12590000
RPQNMLLLJHLGFDQ98EA,下塗溝段,29.31,非都市：鄉村區 ; 非都市編定：乙種建築用地,16,1,持分移轉,00910011
RPQNMLLLJHLGFDQ98EA,下塗溝段,.88,非都市：鄉村區 ; 非都市編定：乙種建築用地,16,1,持分移轉,00910015
RPRNMLLKJHLGFBQ68DA,溪子下段福安小段,2237.00,非都市：一般農業區 ; 非都市編定：農牧用地,1,1,全筆移轉,04700000
RPSNMLKLJHLGFCQ88DA,復興段,33.82,非都市：特定農業區 ; 非都市編定：農牧用地,8,1,持分移轉,04040000
RPXNMLLLJHLGFCQ86DA,新三角段,80.00,非都市：鄉村區 ; 非都市編定：乙種建築用地,1,1,全筆移轉,08870010
RPXNMLLLJHLGFCQ86DA,新三角段,23.31,非都市：鄉村區 ; 非都市編定：乙種建築用地,34,1,持分移轉,08870020
RPQNMLQLJHLGFCQ76EA,福興段,83.91,非都市：一般農業區 ; 非都市編定：農牧用地,5,1,持分移轉,07660000
RPPNMLNLJHLGFDQ09EA,施厝段,38.29,非都市：鄉村區 ; 非都市編定：乙種建築用地,89700,2160,持分移轉,01390000
RPPNMLNLJHLGFEQ56EA,生毛樹段,1818.33,非都市：風景區 ; 非都市編定：農牧用地,6,5,持分移轉,05380003
RPPNMLNLJHLGFEQ56EA,生毛樹段,1625.00,非都市：風景區 ; 非都市編定：農牧用地,1,1,全筆移轉,10560001
RPPNMLNLJHLGFEQ56EA,生毛樹段,320.00,非都市：風景區 ; 非都市編定：農牧用地,1,1,全筆移轉,10570000
RPPNMLNLJHLGFEQ56EA,生毛樹段,1048.00,非都市：風景區 ; 非都市編定：農牧用地,1,1,全筆移轉,10580001
RPUNMLQJJHLGFBQ76DA,建興段,18.64,非都市：鄉村區 ; 非都市編定：乙種建築用地,3,1,持分移轉,01920000
RPUNMLQJJHLGFBQ76DA,建興段,147.98,非都市：鄉村區 ; 非都市編定：乙種建築用地,1,1,全筆移轉,01920005
RPTNMLNLJHLGFCQ66DA,民農段,61.09,都市：其他:農業區,2,1,持分移轉,00240000
RPTNMLNLJHLGFCQ66DA,民農段,642.63,都市：其他:農業區,2,1,持分移轉,00690000
RPTNMLNLJHLGFCQ66DA,民農段,29.04,都市：其他:農業區,2,1,持分移轉,01570000
RPTNMLNLJHLGFCQ66DA,民南段,211.00,都市：其他:農業區,2,1,持分移轉,08600000
RPWNMLNLJHLGFCQ96DA,民農段,149.41,都市：其他:農業區,1,1,全筆移轉,00260000
RPXQMLKLJHLGFDQ17DA,三和段,92.59,,4,1,持分移轉,09560005
RPVQMLKLJHLGFDQ96DA,三和段,92.59,,4,1,持分移轉,09560005
RPRQMLKLJHLGFDQ56DA,三和段,153.71,,1,1,全筆移轉,09540001
RPRQMLKLJHLGFDQ56DA,三和段,1479.55,,1,1,全筆移轉,09550002
RPRQMLKLJHLGFDQ56DA,三和段,3.55,,1,1,全筆移轉,09610001
RPRQMLKLJHLGFDQ56DA,三和段,24.64,都市：其他:道路用地,1,1,全筆移轉,09620000
RPSQMLKLJHLGFDQ66DA,三和段,287.60,,1,1,全筆移轉,09560003
RPWQMLKLJHLGFDQ07DA,三和段,92.59,,4,1,持分移轉,09560005
RPORMLKLJHLGFDQ98DA,三和段,92.59,,4,1,持分移轉,09560005
RPQQMLLLJHLGFDQ56DA,埤鄉東段,854.38,,1,1,全筆移轉,00070002
RPRQMLLLJHLGFDQ66DA,麻寮段,44.83,都市：其他:住宅區,10000,454,持分移轉,01240000
RPTQMLKLJHLGFDQ76DA,三和段,143.04,,2,1,持分移轉,09560004
RPPRMLKLJHLGFDQ09DA,三和段,35.39,,1,1,全筆移轉,09770001
RPPNMLTKJHLGFDQ86DA,麻寮段,.43,都市：其他:住宅區,45,1,持分移轉,00430006
RPPNMLTKJHLGFDQ86DA,麻寮段,103.06,都市：其他:住宅區,1,1,全筆移轉,00430014
RPUQMLKLJHLGFDQ86DA,三和段,143.04,,2,1,持分移轉,09560004
RPQRMLKLJHLGFDQ56DA,粗溪新段,21.10,都市：其他:道路用地,5,1,持分移轉,03770000
RPRRMLKLJHLGFDQ66DA,太頂珠段,24.45,都市：其他:住宅區,100000,149,持分移轉,00700000
RPQNMLMLJHLGFDQ98DA,過溝段過溝小段,92.00,都市：其他:住宅區,1,1,全筆移轉,10660004
RPQNMLMLJHLGFDQ98DA,過溝段過溝小段,32.25,都市：其他:住宅區,20,1,持分移轉,10660022
RPPNMLQLJHLGFCQ66EA,新庄段,1895.20,都市：其他:農業區,1,1,全筆移轉,05540000
RPPNMLNKJHLGFDQ88DA,灣潭子段,2451.00,非都市：山坡地保育區 ; 非都市編定：農牧用地,1,1,全筆移轉,00630011
RPPNMLNLJHLGFBQ78DA,六興段,.21,都市：其他:道路,1080,30,持分移轉,08490000
RPPNMLNLJHLGFBQ78DA,六興段,16.04,都市：其他:道路,270,30,持分移轉,08500000
RPPNMLNLJHLGFBQ78DA,六興段,5.23,都市：其他:道路,1080,30,持分移轉,08510000
RPPNMLNLJHLGFBQ78DA,六興段,1.18,都市：其他:道路,1080,30,持分移轉,08520000
RPPNMLNLJHLGFBQ78DA,六興段,1.32,都市：其他:住宅區,1080,30,持分移轉,08640000
RPPNMLNLJHLGFBQ78DA,六興段,6.81,都市：其他:道路,1080,30,持分移轉,08780000
RPPNMLNLJHLGFBQ78DA,六興段,21.56,都市：其他:道路,270,30,持分移轉,08810000
RPPNMLNLJHLGFBQ78DA,六興段,22.47,都市：其他:住宅區,270,30,持分移轉,08820000
RPPNMLNLJHLGFBQ78DA,六興段,168.93,都市：其他:住宅區,270,30,持分移轉,08830000
RPPNMLNLJHLGFBQ78DA,六興段,3.60,都市：其他:住宅區,1080,30,持分移轉,08840000
RPPNMLRLJHLGFEQ86DA,大草埔段,96.00,非都市：一般農業區 ; 非都市編定：丙種建築用地,1,1,全筆移轉,07390003
RPPNMLQLJHLGFBQ09DA,屯子頭新段,192.77,非都市：一般農業區 ; 非都市編定：農牧用地,1,1,全筆移轉,06110004
RPPNMLLLJHLGFBQ58DA,頂東石段黎明小段,170.00,非都市：特定專用區 ; 非都市編定：甲種建築用地,1,1,全筆移轉,00800003
RPPNMLTLJHLGFBQ86EA,文化段,12.50,都市：其他:住宅區,36,18,持分移轉,10250001
RPPNMLNLJHLGFEQ09DA,瓦厝埔段,266.75,非都市：一般農業區 ; 非都市編定：丙種建築用地,24,2,持分移轉,05200000
RPPNMLSLJHLGFEQ07EA,覆鐤金段,45.21,非都市：鄉村區 ; 非都市編定：乙種建築用地,160,3,持分移轉,01940001
RPPNMLTLJHLGFBQ86EA,文化段,205.50,都市：其他:道路用地,36,18,持分移轉,10250002
RPPNMLTKJHLGFCQ76DA,頂坪段下坪小段,3106.00,都市：其他:農業區,1,1,全筆移轉,04800000
RPPNMLTKJHLGFCQ76DA,頂坪段下坪小段,182.00,非都市：特定農業區 ; 非都市編定：農牧用地,1,1,全筆移轉,04800001
RPPNMLKLJHLGFEQ78DA,大草埔段,3375.00,非都市：山坡地保育區 ; 非都市編定：農牧用地,1,1,全筆移轉,02130001
RPPNMLKMJHLGFEQ98EA,龍眼林段,117.00,非都市：山坡地保育區 ; 非都市編定：丙種建築用地,2,1,持分移轉,05770000
RPPNMLKMJHLGFEQ98EA,龍眼林段,1263.00,非都市：山坡地保育區 ; 非都市編定：農牧用地,2,1,持分移轉,05770001
RPPNMLSLJHLGFDQ96EA,鹿北段,.08,都市：其他:住宅區,60,1,持分移轉,10020000
RPPNMLSLJHLGFDQ96EA,鹿北段,.17,都市：其他:道路用地,60,1,持分移轉,10020001
RPPNMLSLJHLGFDQ96EA,鹿北段,.11,都市：其他:住宅區,360,1,持分移轉,10030000
RPPNMLSLJHLGFDQ96EA,鹿北段,.04,都市：其他:道路用地,360,1,持分移轉,10030001
RPPNMLSLJHLGFDQ96EA,鹿北段,.04,都市：其他:道路用地,360,1,持分移轉,10040000
RPPNMLSLJHLGFDQ96EA,鹿北段,.01,都市：其他:道路用地,360,1,持分移轉,10050000
RPPNMLSLJHLGFDQ96EA,鹿北段,.17,都市：其他:住宅區,60,1,持分移轉,10080000
RPPNMLSLJHLGFDQ96EA,鹿北段,.17,都市：其他:道路用地,60,1,持分移轉,10080001
RPPNMLSLJHLGFDQ96EA,鹿北段,2.72,都市：其他:道路用地,60,1,持分移轉,10090000
RPPNMLSLJHLGFDQ96EA,鹿北段,1.66,都市：其他:住宅區,60,1,持分移轉,10100000
RPPNMLSLJHLGFDQ96EA,鹿北段,1.38,都市：其他:道路用地,4800,107,持分移轉,10120000
RPPQMLLLJHLGFDQ09DA,東新段,35.54,都市：其他:住宅區,72,6,持分移轉,10980000
RPPQMLLLJHLGFDQ09DA,東新段,28.93,都市：其他:住宅區,72,6,持分移轉,10990000
RPXPMLSLJHLGFBQ67DA,下竹圍段佳禾小段,969.00,非都市：特定農業區 ; 非都市編定：農牧用地,2,1,持分移轉,01680000
RPXPMLSLJHLGFBQ67DA,下竹圍段佳禾小段,1929.00,非都市：特定農業區 ; 非都市編定：農牧用地,1,1,全筆移轉,01690000
SPPNMLQLJHLGFBQ56DA,屯子頭新段,8.67,非都市：鄉村區 ; 非都市編定：乙種建築用地,1,1,全筆移轉,06120000
RPTNMLRLJHLGFBQ96DA,潭子墘段潭墘小段,813.00,非都市：特定農業區 ; 非都市編定：農牧用地,1,1,全筆移轉,07530000
RPTNMLRLJHLGFBQ96DA,潭子墘段潭墘小段,2092.00,非都市：特定農業區 ; 非都市編定：農牧用地,1,1,全筆移轉,07540000
RPQNMLQLJHLGFBQ56DA,雙涵段,100.20,非都市：特定農業區 ; 非都市編定：甲種建築用地,15,1,持分移轉,01780002
RPQQMLSLJHLGFBQ07DA,文化段,1.52,都市：其他:住宅區,5,1,持分移轉,08650000
RPRNMLQLJHLGFBQ66DA,牛挑灣段松梅小段,2795.00,非都市：特定農業區 ; 非都市編定：農牧用地,1,1,全筆移轉,05100000
RPQQMLSLJHLGFBQ07DA,文化段,32.48,都市：其他:道路用地,5,1,持分移轉,08650001
RPQQMLSLJHLGFBQ07DA,文化段,51.91,都市：其他:住宅區,154035,17807,持分移轉,08770000
RPSQMLSLJHLGFBQ27DA,海埔段,2890.80,非都市：一般農業區 ; 非都市編定：農牧用地,4176,3000,持分移轉,02240034
RPSQMLSLJHLGFBQ27DA,海埔段,18.68,非都市：一般農業區 ; 非都市編定：農牧用地,4176,3000,持分移轉,02240046
RPSQMLSLJHLGFBQ27DA,海埔段海埔小段,3781.00,非都市：一般農業區 ; 非都市編定：農牧用地,1,1,全筆移轉,02310000
RPQNMLKLJHLGFEQ88DA,竹崎段,180.00,非都市：山坡地保育區 ; 非都市編定：丙種建築用地,1,1,全筆移轉,03010016
RPPNMLTLJHLGFCQ96EA,游厝段游東小段,383.91,非都市：特定農業區 ; 非都市編定：甲種建築用地,32,3,持分移轉,08120000
RPPPMLSLJHLGFBQ86DA,屯子頭新段,15.72,非都市：一般農業區 ; 非都市編定：甲種建築用地,1,1,全筆移轉,05530003
RPPNMLTLJHLGFDQ07EA,義興段,70.33,非都市：鄉村區 ; 非都市編定：乙種建築用地,1,1,全筆移轉,03200000
RPQNMLTLJHLGFDQ17EA,忠和段,963.06,非都市：山坡地保育區 ; 非都市編定：殯葬用地,10,1,持分移轉,05390000
RPQNMLTLJHLGFDQ17EA,忠和段,99.91,非都市：山坡地保育區 ; 非都市編定：農牧用地,10,1,持分移轉,05410000
RPQNMLTLJHLGFDQ17EA,忠和段,334.61,非都市：山坡地保育區 ; 非都市編定：農牧用地,10,1,持分移轉,05700000
RPTPMLSLJHLGFBQ27DA,屯子頭新段,116.91,非都市：一般農業區 ; 非都市編定：甲種建築用地,1,1,全筆移轉,05530001
RPPNMLMLJHLGFCQ78DA,金興段,80.85,都市：其他:住宅區,1,1,全筆移轉,04440000
RPPNMLMLJHLGFCQ78DA,金興段,14.73,都市：其他:道路用地,1,1,全筆移轉,04690000
RPRNMLKMJHLGFEQ09DA,鹿滿段,26.56,非都市：鄉村區 ; 非都市編定：乙種建築用地,1,1,全筆移轉,05450000
RPQNMLSLJHLGFDQ07EA,山下段,30.30,非都市：特定農業區 ; 非都市編定：交通用地,9,1,持分移轉,03090000
RPQNMLSLJHLGFDQ07EA,山下段,46.67,非都市：特定農業區 ; 非都市編定：交通用地,9,1,持分移轉,03160000
RPQNMLSLJHLGFDQ07EA,三角子段三角小段,1406.50,非都市：特定農業區 ; 非都市編定：農牧用地,2,1,持分移轉,04390000
RPSNMLRLJHLGFBQ86DA,三姓寮段三義小段,810.00,非都市：特定農業區 ; 非都市編定：農牧用地,2,1,持分移轉,02260000
RPQOMLPLKHLGFCQ76DA,新海豐子段,208.15,非都市：鄉村區 ; 非都市編定：乙種建築用地,1,1,全筆移轉,00170000
RPRNMLKMJHLGFBQ78DA,洲仔段洲仔小段,1.00,非都市：一般農業區 ; 非都市編定：農牧用地,1,1,全筆移轉,01990000
RPQNMLKMJHLGFBQ68DA,嘉朴段,10.09,都市：其他:住宅區,10000,83,持分移轉,02440000
RPPNMLTLJHLGFCQ86DA,新大埔美段,18.95,非都市：鄉村區 ; 非都市編定：乙種建築用地,1728,12,持分移轉,24130000
RPOOMLRLJHLGFCQ66DA,葉子寮段,436.00,非都市：鄉村區 ; 非都市編定：乙種建築用地,1,1,全筆移轉,00460003
RPTNMLNJKHLGFBQ09DA,中興段,128.06,都市：其他:乙種工業區,1,1,全筆移轉,08670000
RPRNMLSLJHLGFCQ96DA,明和段明和小段,127.31,都市：其他:住宅區,1,1,全筆移轉,00030000
RPUNMLKMJHLGFCQ56DA,秀林段,448.28,非都市：一般農業區 ; 非都市編定：農牧用地,1,1,全筆移轉,23240000
RPVNMLNJKHLGFBQ66DA,新庄段新庄小段,14974.00,非都市：工業區 ; 非都市編定：丁種建築用地,1,1,全筆移轉,00080000
TPPNMLTLJHLGFCQ07DA,新大埔美段,14.21,非都市：鄉村區 ; 非都市編定：乙種建築用地,1728,9,持分移轉,24130000
UPPNMLTLJHLGFCQ17DA,新大埔美段,14.21,非都市：鄉村區 ; 非都市編定：乙種建築用地,1728,9,持分移轉,24130000
RPPNMLLJKHLGFCQ58DA,福南段,40.92,都市：其他:住宅區,1,1,全筆移轉,03500021
SPPNMLTLJHLGFCQ96DA,新大埔美段,18.95,非都市：鄉村區 ; 非都市編定：乙種建築用地,1728,12,持分移轉,24130000
SPVNMLNJKHLGFBQ76DA,新庄段新庄小段,15031.00,非都市：工業區 ; 非都市編定：丁種建築用地,1,1,全筆移轉,00080009
RPPNMLSLJHLGFDQ86DA,石頭厝段,338.37,非都市：特定農業區 ; 非都市編定：農牧用地,16479,4000,持分移轉,00200000
RPPNMLSLJHLGFDQ86DA,石頭厝段,398.08,非都市：特定農業區 ; 非都市編定：農牧用地,16479,4000,持分移轉,00200001
RPSNMLOJKHLGFBQ09DA,灣南段,78.86,非都市：鄉村區 ; 非都市編定：乙種建築用地,1,1,全筆移轉,02100000
RPQQMLKLJHLGFDQ09DA,石硦段,1016.67,非都市：山坡地保育區 ; 非都市編定：農牧用地,3,1,持分移轉,03140007
RPRNMLTLJHLGFEQ27DA,新內甕段,412.80,都市：其他:農業區,6,1,持分移轉,00150000
RPPNMLTLJHLGFDQ96DA,下潭新段,38.95,非都市：鄉村區 ; 非都市編定：乙種建築用地,10,1,持分移轉,08570000
RPPNMLTLJHLGFDQ96DA,下潭新段,85.96,非都市：鄉村區 ; 非都市編定：乙種建築用地,1,1,全筆移轉,08580000
RPPNMLMKJHLGFCQ68DA,福安段,47.76,都市：其他:住宅區,1,1,全筆移轉,07730000
RPQNMLTLJHLGFEQ17DA,來吉段拉拉吉小段,111.97,非都市：鄉村區 ; 非都市編定：乙種建築用地,1,1,全筆移轉,00490000
RPQNMLKMJHLGFDQ88DA,南靖段南和小段,62.00,非都市：鄉村區 ; 非都市編定：乙種建築用地,30,10,持分移轉,02270016
RPPOMLKMJHLGFCQ78DA,東湖段,89.06,非都市：特定農業區 ; 非都市編定：甲種建築用地,1,1,全筆移轉,07850000
RPWNMLTLJHLGFDQ67DA,埔東段,39.61,都市：其他:住宅區,1,1,全筆移轉,04790014
RPRNMLNJKHLGFCQ98DA,大崎段,279.10,,1,1,全筆移轉,23910003
RPQNMLNJKHLGFDQ09EA,水西段,125.42,都市：其他:住宅區,1,1,全筆移轉,06710000
RPQNMLOJKHLGFBQ98EA,崁後段南崁小段,47.76,非都市：鄉村區 ; 非都市編定：乙種建築用地,4,1,持分移轉,01820017
RPQNMLOJKHLGFBQ98EA,崁後段南崁小段,1.18,非都市：鄉村區 ; 非都市編定：乙種建築用地,96,1,持分移轉,01820020
RPSNMLNJKHLGFDQ66EA,中寮段重寮小段,1871.00,非都市：特定農業區 ; 非都市編定：農牧用地,1,1,全筆移轉,04460000
RPPNMLNJKHLGFDQ88DA,隆恩段,33.39,非都市：特定農業區 ; 非都市編定：甲種建築用地,16,1,持分移轉,05270000
RPPNMLMJKHLGFDQ78DA,祥和段,28.32,都市：其他:住宅區,2,1,持分移轉,03880005
RPTNMLNJKHLGFDQ76EA,竹子脚段松竹小段,2460.00,非都市：特定農業區 ; 非都市編定：農牧用地,1,1,全筆移轉,01630000
RPPNMLNJKHLGFCQ88EA,復興段,2135.70,非都市：一般農業區 ; 非都市編定：農牧用地,2,1,持分移轉,06960000
RPPNMLNJKHLGFCQ88EA,復興段,1115.26,非都市：一般農業區 ; 非都市編定：農牧用地,1,1,全筆移轉,07110000
RPPNMLNJKHLGFCQ88EA,復興段,957.05,非都市：一般農業區 ; 非都市編定：農牧用地,2997,983,持分移轉,07150000
RPPNMLPLJHLGFBQ98DA,見龍段,57.72,都市：其他:住宅區,1,1,全筆移轉,06590001
RPQNMLMJKHLGFDQ88DA,後潭段後潭小段,3423.00,非都市：特定農業區 ; 非都市編定：農牧用地,1,1,全筆移轉,04890000
RPQNMLMJKHLGFDQ88DA,後潭段後潭小段,1261.00,非都市：特定農業區 ; 非都市編定：農牧用地,1,1,全筆移轉,04900000
RPTNMLNJKHLGFDQ66DA,北回段,66.49,非都市：鄉村區 ; 非都市編定：乙種建築用地,1,1,全筆移轉,10250000
RPPNMLPJKHLGFBQ88DA,南勢竹段南竹小段,5464.00,非都市：特定農業區 ; 非都市編定：農牧用地,1,1,全筆移轉,02180000
RPPNMLPJKHLGFBQ88DA,南勢竹段南竹小段,1673.00,非都市：特定農業區 ; 非都市編定：農牧用地,1,1,全筆移轉,02190000
RPPNMLOJKHLGFEQ09DA,番路段,5442.00,非都市：山坡地保育區 ; 非都市編定：農牧用地,1,1,全筆移轉,01350049
RPSNMLNJKHLGFDQ56DA,茄苳脚段春珠小段,10.00,都市：其他:道路用地,574,10,持分移轉,02950002
RPSNMLSLJHLGFCQ07DA,本廳段本廳小段,1517.00,非都市：特定農業區 ; 非都市編定：農牧用地,1,1,全筆移轉,00200000
RPSNMLSLJHLGFCQ07DA,本廳段本廳小段,4709.00,非都市：特定農業區 ; 非都市編定：農牧用地,1,1,全筆移轉,00210000
RPQNMLNJKHLGFBQ88EA,新庄段新庄小段,2627.00,非都市：工業區 ; 非都市編定：丁種建築用地,1,1,全筆移轉,00480011
SPQNMLNJKHLGFBQ98EA,新庄段新庄小段,2275.00,非都市：工業區 ; 非都市編定：丁種建築用地,1,1,全筆移轉,00480012
RPPNMLSLJHLGFCQ86EA,新大埔美段,6.32,非都市：鄉村區 ; 非都市編定：乙種建築用地,220752,511,持分移轉,24130000
RPRNMLNJKHLGFDQ56EA,大義段,39.35,非都市：特定農業區 ; 非都市編定：丁種建築用地,1000000,22109,持分移轉,02960001
RPRNMLNJKHLGFDQ56EA,大義段,.48,非都市：特定農業區 ; 非都市編定：丁種建築用地,42,1,持分移轉,02960004
RPRNMLNJKHLGFDQ56EA,大義段,246.70,非都市：特定農業區 ; 非都市編定：丁種建築用地,1,1,全筆移轉,02960021
RPRNMLNJKHLGFDQ56EA,大義段,12.04,非都市：特定農業區 ; 非都市編定：丁種建築用地,1,1,全筆移轉,02960022
RPRNMLNJKHLGFDQ56EA,大義段,5.17,非都市：特定農業區 ; 非都市編定：丁種建築用地,100000,6121,持分移轉,02960037
RPRNMLNJKHLGFDQ56EA,大義段,.70,非都市：特定農業區 ; 非都市編定：丁種建築用地,42,1,持分移轉,02960049
RPRNMLNJKHLGFDQ56EA,大義段,.67,非都市：特定農業區 ; 非都市編定：丁種建築用地,1000000,23809,持分移轉,02960092
RPRNMLNJKHLGFDQ56EA,大義段,.10,非都市：特定農業區 ; 非都市編定：丁種建築用地,1000000,23809,持分移轉,02960093
RPTNMLNJKHLGFCQ56DA,福南段,33.71,都市：其他:住宅區,1,1,全筆移轉,06340000
RPTNMLNJKHLGFCQ56DA,福南段,45.67,都市：其他:住宅區,1,1,全筆移轉,06350000
RPQNMLTKJHLGFBQ76DA,龍江段,8893.02,非都市：特定專用區 ; 非都市編定：養殖用地,1,1,全筆移轉,03000000
RPQNMLTKJHLGFBQ76DA,龍江段,4152.73,非都市：特定專用區 ; 非都市編定：養殖用地,1,1,全筆移轉,03030000
RPPNMLPJKHLGFCQ09EA,永祿段,7.00,,1,1,全筆移轉,04790003
RPPNMLTLJHLGFBQ76DA,鴨母寮段竹村小段,2374.00,非都市：特定農業區 ; 非都市編定：農牧用地,1,1,全筆移轉,00080000
RPRNMLSLJHLGFDQ17EA,後麻段,238.90,非都市：鄉村區 ; 非都市編定：乙種建築用地,8,1,持分移轉,10280000
RPPOMLRLJHLGFCQ76DA,游厝段游西小段,32.10,非都市：特定農業區 ; 非都市編定：農牧用地,96,1,持分移轉,03320000
RPPOMLRLJHLGFCQ76DA,游厝段游西小段,5.31,非都市：鄉村區 ; 非都市編定：乙種建築用地,96,1,持分移轉,03330000
RPPOMLRLJHLGFCQ76DA,游厝段游西小段,4.64,非都市：鄉村區 ; 非都市編定：乙種建築用地,96,1,持分移轉,03340000
RPPOMLRLJHLGFCQ76DA,游厝段游西小段,24.50,非都市：鄉村區 ; 非都市編定：乙種建築用地,96,1,持分移轉,03360000
RPPOMLRLJHLGFCQ76DA,游厝段游西小段,17.03,非都市：鄉村區 ; 非都市編定：乙種建築用地,96,1,持分移轉,03620000
RPPOMLRLJHLGFCQ76DA,游厝段游西小段,13.09,非都市：鄉村區 ; 非都市編定：乙種建築用地,240,1,持分移轉,03630000
RPPOMLRLJHLGFCQ76DA,游厝段游西小段,.93,非都市：鄉村區 ; 非都市編定：交通用地,240,1,持分移轉,03640000
RPPOMLRLJHLGFCQ76DA,游厝段游西小段,1.98,非都市：鄉村區 ; 非都市編定：交通用地,96,1,持分移轉,03650000
RPPNMLQJKHLGFBQ09EA,建興段,22.44,非都市：鄉村區 ; 非都市編定：乙種建築用地,36,3,持分移轉,01190000
RPPNMLQJKHLGFBQ09EA,建興段,32.02,非都市：鄉村區 ; 非都市編定：乙種建築用地,72,3,持分移轉,01200000
RPXNMLNJKHLGFBQ86DA,嘉朴段,7.60,都市：其他:住宅區,100000,132,持分移轉,02620000
RPUNMLOJKHLGFBQ66DA,嘉朴段,5.87,都市：其他:住宅區,100000,102,持分移轉,02620000
RPVNMLOJKHLGFCQ86DA,民南段,110.00,都市：其他:住宅區,1,1,全筆移轉,02860005
RPPOMLOJKHLGFCQ98DA,板頭段,130.99,非都市：鄉村區 ; 非都市編定：乙種建築用地,1,1,全筆移轉,03840006
RPPOMLOJKHLGFCQ98DA,板頭段,20.21,非都市：鄉村區 ; 非都市編定：乙種建築用地,14,1,持分移轉,03840007
RPQNMLQJKHLGFCQ66EA,西結段,74.78,非都市：特定農業區 ; 非都市編定：農牧用地,4,1,持分移轉,03810000
RPOOMLOJKHLGFCQ88DA,板頭段,79.44,非都市：特定農業區 ; 非都市編定：農牧用地,1,1,全筆移轉,03820001
RPQNMLQJKHLGFCQ66EA,西結段,239.15,非都市：鄉村區 ; 非都市編定：乙種建築用地,32,4,持分移轉,07970000
RPQNMLQJKHLGFCQ66EA,西結段,49.62,非都市：鄉村區 ; 非都市編定：乙種建築用地,1,1,全筆移轉,08470000
RPQNMLQJKHLGFEQ86EA,和平段,1233.81,都市：其他:農業區,1,1,全筆移轉,01620000
RPPNMLTJKHLGFBQ66DA,崙陽段,80.85,非都市：鄉村區 ; 非都市編定：乙種建築用地,1,1,全筆移轉,02570000
RPPNMLTJKHLGFBQ66DA,崙陽段,15.29,非都市：鄉村區 ; 非都市編定：乙種建築用地,1000,25,持分移轉,02770000
RPPNMLPJKHLGFDQ56EA,田尾段田尾小段,641.25,非都市：特定農業區 ; 非都市編定：農牧用地,4,1,持分移轉,07090000
RPPNMLTJKHLGFCQ86EA,永祿段,48.00,都市：其他:住宅區,30,2,持分移轉,07720000
RPPNMLQJKHLGFEQ76EA,梅南段,54.45,都市：其他:第一種住宅區,1,1,全筆移轉,13150051
RPPNMLTJKHLGFCQ76DA,舊南港段南港小段,2527.00,非都市：特定農業區 ; 非都市編定：農牧用地,1,1,全筆移轉,01600000
RPSNMLTJKHLGFCQ07DA,水頭段,66.74,非都市：鄉村區 ; 非都市編定：乙種建築用地,1,1,全筆移轉,10090000
RPPNMLLJKHLGFBQ48DA,林內新段,134.01,非都市：鄉村區 ; 非都市編定：乙種建築用地,1,1,全筆移轉,05660000
RPQNMLSLJHLGFDQ96DA,埔心段埔心小段,152.00,非都市：特定農業區 ; 非都市編定：農牧用地,1,1,全筆移轉,03750001
RPQNMLPJJHLGFDQ09DA,後堀段後堀小段,1716.00,非都市：特定農業區 ; 非都市編定：農牧用地,1,1,全筆移轉,02530000
RPQNMLPJJHLGFDQ09DA,後堀段後堀小段,1077.00,非都市：特定農業區 ; 非都市編定：農牧用地,1,1,全筆移轉,02540000
RPQNMLPJJHLGFDQ09DA,後堀段後堀小段,484.00,非都市：特定農業區 ; 非都市編定：農牧用地,1,1,全筆移轉,02550000
RPPPMLQJKHLGFCQ66DA,金興段,170.92,都市：其他:住宅區,1,1,全筆移轉,14160000
RPPNMLKMJHLGFEQ88DA,瓦厝埔段,66.69,非都市：一般農業區 ; 非都市編定：丙種建築用地,144,3,持分移轉,05200000
RPPNMLPJKHLGFDQ09DA,三角段,371.88,非都市：鄉村區 ; 非都市編定：乙種建築用地,1,1,全筆移轉,00740000
RPTNMLKKKHLGFDQ09DA,新埤段,926.92,非都市：特定農業區 ; 非都市編定：農牧用地,750,116,持分移轉,02580016
RPQNMLTJKHLGFEQ07DA,溪心段,227.38,非都市：一般農業區 ; 非都市編定：農牧用地,1,1,全筆移轉,08840000
RPRNMLLKKHLGFBQ78DA,東後寮段光榮小段,1276.00,非都市：特定農業區 ; 非都市編定：農牧用地,1,1,全筆移轉,05910000
RPPNMLKKKHLGFEQ78DA,和平段,1659.99,都市：其他:住宅區,1,1,全筆移轉,04330000
RPVNMLTLJHLGFBQ37DA,過路子段過路小段,172.33,非都市：鄉村區 ; 非都市編定：乙種建築用地,6,1,持分移轉,04270000
RPPNMLKKKHLGFBQ48DA,新民段,251.61,非都市：特定專用區 ; 非都市編定：甲種建築用地,1,1,全筆移轉,03280000
RPXNMLNJKHLGFCQ96DA,海豐子段海豐小段,840.00,非都市：特定農業區 ; 非都市編定：農牧用地,1,1,全筆移轉,00890000
RPPNMLTJKHLGFDQ96EA,鹿草段鹿草小段,446.00,都市：其他:農業區,1,1,全筆移轉,09020003
RPPNMLTJKHLGFDQ96EA,鹿草段鹿草小段,446.00,都市：其他:農業區,1,1,全筆移轉,09020004
RPPNMLTJKHLGFDQ96EA,鹿草段鹿草小段,445.00,都市：其他:農業區,1,1,全筆移轉,09020005
RPTPMLOJKHLGFDQ96DA,忠義段,91.83,都市：其他:住宅區,1,1,全筆移轉,04160000
RPPNMLTJKHLGFDQ86DA,下寮新段,66.00,非都市：鄉村區 ; 非都市編定：乙種建築用地,1,1,全筆移轉,07250000
RPXPMLOJKHLGFDQ37DA,粗溪新段,56.71,都市：其他:農業區,1000,84,持分移轉,02520000
RPXPMLOJKHLGFDQ37DA,粗溪新段,286.63,都市：其他:農業區,1,1,全筆移轉,02520003
RPRNMLTJKHLGFDQ07DA,崙子頂段崙頂小段,56.50,都市：其他:道路用地,8,4,持分移轉,02820000
RPRNMLTJKHLGFDQ07DA,崙子頂段崙頂小段,11.50,都市：其他:綠化步道,2,1,持分移轉,02820001
RPPNMLQJKHLGFDQ56DA,白芒埔段,153.00,非都市：鄉村區 ; 非都市編定：乙種建築用地,1,1,全筆移轉,01760043
RPUNMLTJKHLGFCQ27DA,民南段,283.50,都市：其他:住宅區,1,1,全筆移轉,04260001
RPPNMLLKKHLGFDQ88EA,和睦段,3225.01,都市：其他:農業區,1,1,全筆移轉,00310000
RPPNMLKKKHLGFDQ78EA,下寮新段,67.44,都市：其他:住宅區,1,1,全筆移轉,00220000
RPUNMLNLJHLGFCQ76DA,水仙段,148.84,非都市：特定農業區 ; 非都市編定：甲種建築用地,1,1,全筆移轉,04900000
RPPNMLRLJHLGFBQ56DA,六興段,.11,都市：其他:公園兼兒童遊樂場用地,32,1,持分移轉,04620000
RPPNMLRLJHLGFBQ56DA,六興段,.44,都市：其他:道路,32,1,持分移轉,09040000
RPPNMLRLJHLGFBQ56DA,六興段,7.90,都市：其他:道路,32,1,持分移轉,09050000
RPPNMLRLJHLGFBQ56DA,六興段,86.83,都市：其他:住宅區,32,1,持分移轉,09060000
RPPNMLRLJHLGFBQ56DA,六興段,7.10,都市：其他:道路,32,1,持分移轉,09150000
RPUNMLNJKHLGFCQ66DA,田中央段,2342.00,非都市：特定農業區 ; 非都市編定：農牧用地,1,1,全筆移轉,06240000
RPPNMLMKKHLGFBQ68DA,溪墘厝段正義小段,1000.05,非都市：特定農業區 ; 非都市編定：農牧用地,15000,3271,持分移轉,04140000
RPSNMLLKKHLGFBQ88DA,六腳段六嘉小段,2386.00,非都市：特定農業區 ; 非都市編定：農牧用地,1,1,全筆移轉,08840000
RPRNMLSJJHLGFCQ76DA,大潭段精忠小段,128.45,非都市：鄉村區 ; 非都市編定：乙種建築用地,3,2,持分移轉,05720001
RPRNMLSJJHLGFCQ76DA,大潭段精忠小段,15.01,非都市：鄉村區 ; 非都市編定：乙種建築用地,6,2,持分移轉,05720003
RPRNMLSJJHLGFCQ76DA,大潭段精忠小段,378.74,非都市：鄉村區 ; 非都市編定：乙種建築用地,3,2,持分移轉,05720004
RPRNMLSJJHLGFCQ76DA,大潭段精忠小段,66.00,非都市：鄉村區 ; 非都市編定：乙種建築用地,3,2,持分移轉,05730005
RPRNMLSJJHLGFCQ76DA,大潭段精忠小段,8.78,非都市：鄉村區 ; 非都市編定：乙種建築用地,72,2,持分移轉,05730012
RPPNMLMKKHLGFEQ09EA,山子門段,1476.00,非都市：一般農業區 ; 非都市編定：農牧用地,1,1,全筆移轉,00220004
RPPNMLLKKHLGFCQ68DA,新大埔美段,1474.55,非都市：一般農業區 ; 非都市編定：農牧用地,12,6,持分移轉,29270000
RPPNMLLKKHLGFEQ88DA,科子林段,1730.00,非都市：森林區 ; 非都市編定：農牧用地,1,1,全筆移轉,06270000
RPOOMLKKKHLGFCQ58DA,月眉潭段月眉小段,12.00,非都市：特定農業區 ; 非都市編定：農牧用地,1,1,全筆移轉,03650002
RPQNMLNJKHLGFDQ98DA,溪洲段,8.88,非都市：一般農業區 ; 非都市編定：甲種建築用地,1,1,全筆移轉,11460000
RPTNMLKKKHLGFCQ98DA,明華段,236.34,都市：其他:住宅區,1,1,全筆移轉,00040000
RPTNMLKKKHLGFCQ98DA,明華段,158.02,都市：其他:住宅區,1,1,全筆移轉,00050000
RPQNMLQJKHLGFDQ66DA,新東勢寮段,6.87,,43025,433,持分移轉,01400000
RPQNMLQJKHLGFDQ66DA,新東勢寮段,81.20,,5,1,持分移轉,01580000
RPQNMLQJKHLGFDQ66DA,新東勢寮段,2.79,,430250,4874,持分移轉,01690000
RPQNMLQJKHLGFDQ66DA,新東勢寮段,5.07,,430250,4874,持分移轉,01750000
RPQNMLQJKHLGFDQ66DA,頂港子墘段頂港小段,467.40,非都市：特定農業區 ; 非都市編定：農牧用地,5,1,持分移轉,04160000
RPTNMLQJKHLGFCQ86DA,福興段,67.49,非都市：鄉村區 ; 非都市編定：乙種建築用地,1,1,全筆移轉,04970000
RPPNMLTKJHLGFEQ96DA,真武段,133.92,都市：其他:商業區,1,1,全筆移轉,07750000
RPROMLKKKHLGFDQ98DA,柳林段,62.72,非都市：鄉村區 ; 非都市編定：乙種建築用地,1,1,全筆移轉,11180000
RPUNMLKKKHLGFCQ09DA,新大埔美段,132.00,非都市：鄉村區 ; 非都市編定：乙種建築用地,1,1,全筆移轉,09410000
RPPNMLKKJHLGFBQ38DA,六桂段,134.84,都市：其他:住宅區,1,1,全筆移轉,05580003
RPPNMLKKJHLGFBQ38DA,六桂段,34.49,都市：其他:住宅區,12,1,持分移轉,05580005
RPQNMLOLKHLGFBQ09DA,栗子崙段東崙小段,2389.80,非都市：一般農業區 ; 非都市編定：農牧用地,1,1,全筆移轉,11530000
RPPNMLMKKHLGFDQ98EA,新埤段新埤小段,104.00,非都市：特定農業區 ; 非都市編定：水利用地,1,1,全筆移轉,22300008
RPPNMLMKKHLGFDQ98EA,新埤段新埤小段,6.00,非都市：特定農業區 ; 非都市編定：水利用地,1,1,全筆移轉,22300009
RPPOMLRJKHLGFCQ66DA,崙尾段崙尾小段,336.75,非都市：特定農業區 ; 非都市編定：農牧用地,2,1,持分移轉,03320003
RPPNMLLKKHLGFBQ58DA,六興段,.63,都市：其他:道路,36,1,持分移轉,07620000
RPPNMLLKKHLGFBQ58DA,六興段,34.97,都市：其他:住宅區,9,1,持分移轉,07840001
RPPNMLNLKHLGFCQ09EA,新月眉潭段,2.65,非都市：鄉村區 ; 非都市編定：乙種建築用地,4,2,持分移轉,07930000
RPPNMLNLKHLGFCQ09EA,新月眉潭段,44.59,非都市：鄉村區 ; 非都市編定：乙種建築用地,4,2,持分移轉,07940000
RPPNMLNLKHLGFCQ09EA,新月眉潭段,392.01,非都市：特定農業區 ; 非都市編定：農牧用地,1,1,全筆移轉,07990000
RPWNMLNLKHLGFEQ37EA,生毛樹段,987.00,非都市：森林區 ; 非都市編定：農牧用地,1,1,全筆移轉,09270004
RPPNMLNLKHLGFDQ56EA,三和段,18.61,都市：其他:住宅區,1,1,全筆移轉,06680000
RPQNMLTLJHLGFDQ07DA,新三界埔段,32.64,非都市：鄉村區 ; 非都市編定：乙種建築用地,5,3,持分移轉,11410000
RPQNMLTLJHLGFDQ07DA,新三界埔段,190.23,非都市：鄉村區 ; 非都市編定：乙種建築用地,1,1,全筆移轉,11410002
RPSNMLMJJHLGFCQ88DA,秀林段,371.88,非都市：一般農業區 ; 非都市編定：甲種建築用地,1,1,全筆移轉,14870000
RPQNMLNLKHLGFDQ66EA,三和段,797.78,都市：其他:住宅區,1,1,全筆移轉,16190000
RPSNMLKMJHLGFBQ88DA,嘉朴段,10.09,都市：其他:住宅區,10000,83,持分移轉,02440000
RPQNMLOLKHLGFDQ76EA,三層崎段,6789.00,非都市：山坡地保育區 ; 非都市編定：農牧用地,1,1,全筆移轉,00250002
RPUNMLMKKHLGFDQ76DA,嘉保段,29.49,都市：其他:住宅區,10000,84,持分移轉,01000000
RPPNMLOLKHLGFDQ66EA,三層崎段,136.00,非都市：山坡地保育區 ; 非都市編定：農牧用地,1,1,全筆移轉,00250003
RPPNMLOLKHLGFDQ66EA,三層崎段,383.00,非都市：山坡地保育區 ; 非都市編定：農牧用地,1,1,全筆移轉,00250005
RPXQMLKMJHLGFDQ27DA,太頂珠段,24.61,都市：其他:住宅區,100000,150,持分移轉,00700000
RPQNMLOLKHLGFDQ66DA,東新段,138.68,,1,1,全筆移轉,07440002
RPRNMLTLJHLGFDQ17DA,新三界埔段,10.88,非都市：鄉村區 ; 非都市編定：乙種建築用地,5,1,持分移轉,11410000
RPRNMLTLJHLGFDQ17DA,新三界埔段,63.41,非都市：鄉村區 ; 非都市編定：乙種建築用地,1,1,全筆移轉,11410001
RPPNMLTJKHLGFEQ96DA,覆鐤金段,825.00,非都市：一般農業區 ; 非都市編定：農牧用地,1,1,全筆移轉,01470002
RPPNMLTJKHLGFEQ96DA,覆鐤金段,727.00,非都市：一般農業區 ; 非都市編定：農牧用地,1,1,全筆移轉,01470005
RPSNMLOLKHLGFDQ86DA,鎮平段,839.80,非都市：特定農業區 ; 非都市編定：農牧用地,4,1,持分移轉,00650000
RPVNMLOLKHLGFDQ17DA,柳新段,49.41,非都市：鄉村區 ; 非都市編定：乙種建築用地,1,1,全筆移轉,08130000
RPVNMLOLKHLGFDQ17DA,柳新段,85.51,非都市：鄉村區 ; 非都市編定：乙種建築用地,1,1,全筆移轉,08290000
RPPNMLPLKHLGFDQ76EA,中庄仔段,33.17,都市：其他:住宅區,10000,223,持分移轉,00900000
RPRNMLOLKHLGFDQ86EA,溪洲段,397.77,非都市：鄉村區 ; 非都市編定：乙種建築用地,1,1,全筆移轉,06710000
RPOOMLPLKHLGFDQ66DA,龍門段,674.00,非都市：特定農業區 ; 非都市編定：農牧用地,1,1,全筆移轉,06160000
RPOOMLPLKHLGFDQ66DA,龍門段,2299.74,非都市：特定農業區 ; 非都市編定：農牧用地,1,1,全筆移轉,06170000
RPRNMLNKKHLGFDQ56DA,太頂珠段,43.23,都市：其他:住宅區,100000,308,持分移轉,00240004
RPQNMLPLKHLGFEQ96EA,生毛樹段,513.00,非都市：森林區 ; 非都市編定：農牧用地,1,1,全筆移轉,15360003
RPPNMLPLKHLGFDQ66DA,中庄仔段,115.24,都市：其他:住宅區,1,1,全筆移轉,00820000
RPPNMLNKKHLGFDQ98DA,王爺段,105.42,非都市：鄉村區 ; 非都市編定：乙種建築用地,1,1,全筆移轉,11580000
RPQNMLNKKHLGFEQ56DA,番路段,247.28,非都市：風景區 ; 非都市編定：林業用地,1,1,全筆移轉,00330043
RPQNMLNKKHLGFEQ56DA,番路段,33.32,非都市：風景區 ; 非都市編定：林業用地,25,1,持分移轉,00330054
RPSNMLNLKHLGFEQ96EA,大草埔段,121.00,非都市：鄉村區 ; 非都市編定：乙種建築用地,2,1,持分移轉,05350000
RPSNMLNLKHLGFEQ96EA,大草埔段,6.50,非都市：鄉村區 ; 非都市編定：乙種建築用地,2,1,持分移轉,05350013
RPTNMLOLKHLGFCQ86DA,新三角段,275.13,非都市：鄉村區 ; 非都市編定：乙種建築用地,15,1,持分移轉,10670000
RPPNMLQKJHLGFCQ09DA,橋子頭段,2500.00,非都市：特定農業區 ; 非都市編定：農牧用地,1,1,全筆移轉,04840000
RPPNMLQKJHLGFCQ09DA,橋子頭段,2500.00,非都市：特定農業區 ; 非都市編定：農牧用地,1,1,全筆移轉,04850000
RPQNMLNLKHLGFBQ98DA,鰲鼓段鰲鼓小段,1448.12,非都市：一般農業區 ; 非都市編定：農牧用地,36,5,持分移轉,04740000
RPQNMLMKJHLGFEQ98DA,梅北段,73.00,都市：其他:第二種住宅區,1,1,全筆移轉,02800005
RPSNMLQKJHLGFCQ76DA,新港段宮後小段,125.00,都市：其他:農業區,1,1,全筆移轉,02170004
RPWNMLKKKHLGFDQ76DA,佳興段,25.68,都市：其他:住宅區,1,1,全筆移轉,02790000
RPWNMLKKKHLGFDQ76DA,佳興段,70.84,都市：其他:住宅區,1,1,全筆移轉,02800000
RPQNMLMJLHLGFBQ78DA,港墘段港墘小段,2557.00,非都市：一般農業區 ; 非都市編定：農牧用地,1,1,全筆移轉,03810000
RPRNMLQKJHLGFCQ66DA,新港段宮後小段,98.00,都市：其他:農業區,1,1,全筆移轉,02170005
RPSNMLQLKHLGFDQ07DA,北興段,82.80,都市：其他:住宅區,1,1,全筆移轉,05990000
RPSNMLQLKHLGFDQ07DA,北興段,2.89,都市：其他:道路,1,1,全筆移轉,06070000
RPSNMLMJLHLGFBQ98DA,港墘段港墘小段,594.00,非都市：鄉村區 ; 非都市編定：乙種建築用地,1,1,全筆移轉,01060002
RPPNMLQLKHLGFCQ76EA,上崙段妙崙小段,2908.16,非都市：特定農業區 ; 非都市編定：農牧用地,4743,2983,持分移轉,08910000
RPQNMLPLKHLGFEQ86DA,梅北段,35.63,都市：其他:第二種住宅區,1000,68,持分移轉,19090000
RPXNMLRLJHLGFCQ47DA,民興段,4.07,都市：其他:住宅區,1,1,全筆移轉,02610001
RPQNMLMJLHLGFDQ09EA,太頂珠段,24.45,都市：其他:住宅區,100000,149,持分移轉,00700000
RPPNMLSLJHLGFCQ76DA,東榮段,21.33,都市：其他:住宅區,10000,61,持分移轉,11090000
RPPNMLOJLHLGFEQ56DA,紫雲段,92.58,非都市：一般農業區 ; 非都市編定：甲種建築用地,1,1,全筆移轉,13590003
RPQNMLQLKHLGFCQ86EA,上崙段妙崙小段,2573.00,非都市：特定農業區 ; 非都市編定：農牧用地,1,1,全筆移轉,06350000
RPQNMLQLKHLGFDQ96EA,海豐段海豐小段,3859.00,非都市：特定農業區 ; 非都市編定：農牧用地,1,1,全筆移轉,04840000
RPPNMLMJLHLGFEQ98DA,紫雲段,73.51,非都市：一般農業區 ; 非都市編定：甲種建築用地,4,1,持分移轉,13590000
RPRNMLOJKHLGFDQ56DA,十一指厝段龍德小段,783.00,都市：其他:學校用地,1,1,全筆移轉,00130000
RPPNMLMJLHLGFEQ98DA,紫雲段,27.36,非都市：一般農業區 ; 非都市編定：甲種建築用地,4,1,持分移轉,13590001
RPQNMLNJLHLGFDQ09DA,嘉保段,100.05,都市：其他:住宅區,1,1,全筆移轉,00670006
RPQNMLNKKHLGFCQ98DA,福安段,175.97,都市：其他:道路用地,2,1,持分移轉,06550000
RPQNMLNKKHLGFCQ98DA,福安段,2.96,都市：其他:人行步道用地,2,1,持分移轉,06580000
RPQNMLNKKHLGFCQ98DA,福安段,54.01,都市：其他:道路用地,2,1,持分移轉,07500000
RPSNMLPKKIKGFDQ96EA,後麻段,92.15,非都市：鄉村區 ; 非都市編定：乙種建築用地,1,1,全筆移轉,04060000
RPOOMLLLJHLGFDQ78DA,水西段,132.23,都市：其他:乙種工業區,1,1,全筆移轉,01390002
RPPNMLPJLHLGFBQ98DA,栗子崙段,81.43,非都市：一般農業區 ; 非都市編定：甲種建築用地,1,1,全筆移轉,03810025
RPQNMLQJLHLGFBQ56DA,新生段,92.94,都市：其他:住宅區,1,1,全筆移轉,00470017
RPPNMLKKKIKGFDQ78EA,隆恩段,368.24,非都市：特定農業區 ; 非都市編定：甲種建築用地,1,1,全筆移轉,05260004
RPQNMLPKKIKGFDQ76EA,頂潭新段,161.72,非都市：鄉村區 ; 非都市編定：乙種建築用地,3,1,持分移轉,07650000
RPPNMLQKKIKGFBQ56EA,灣北段,255.08,非都市：鄉村區 ; 非都市編定：乙種建築用地,96,5,持分移轉,03230000
RPPNMLMJLHLGFCQ78DA,新三角段,21.07,非都市：鄉村區 ; 非都市編定：乙種建築用地,6400,199,持分移轉,08190000
RPPNMLMJLHLGFCQ78DA,新三角段,102.61,非都市：鄉村區 ; 非都市編定：乙種建築用地,1,1,全筆移轉,08290000
RPRNMLPJKIKGFBQ09DA,溪洲段溪洲小段,2631.00,非都市：特定農業區 ; 非都市編定：農牧用地,1,1,全筆移轉,02550000
RPPNMLLKKIKGFDQ78DA,十一指厝段圳西小段,1100.00,非都市：特定農業區 ; 非都市編定：農牧用地,1,1,全筆移轉,09470000
RPRNMLSJKIKGFBQ76DA,牛挑灣段松梅小段,176.00,非都市：特定農業區 ; 非都市編定：農牧用地,1,1,全筆移轉,12240000
RPQNMLQKKIKGFBQ56DA,𧃽菜埔段永和小段,30.00,非都市：特定農業區 ; 非都市編定：農牧用地,1,1,全筆移轉,02100000
RPSNMLSJKIKGFBQ86DA,魍港段,8350.01,非都市：特定專用區 ; 非都市編定：養殖用地,1,1,全筆移轉,05130000
RPPNMLPKKIKGFBQ98DA,溪口段,19.86,非都市：特定農業區 ; 非都市編定：水利用地,12,1,持分移轉,02780000
RPPNMLOJKIKGFCQ88DA,埤子頭段埤子小段,3190.00,非都市：特定農業區 ; 非都市編定：農牧用地,1,1,全筆移轉,00110000
RPXNMLQKKIKGFBQ27DA,蒜頭段蒜頭小段,1465.00,非都市：特定農業區 ; 非都市編定：農牧用地,1,1,全筆移轉,01660000
RPPNMLMJKIKGFBQ58DA,新庄段新庄小段,12.75,非都市：特定農業區 ; 非都市編定：農牧用地,4,1,持分移轉,00760000
RPPNMLMJKIKGFBQ58DA,新庄新段,218.08,非都市：特定農業區 ; 非都市編定：甲種建築用地,612,37,持分移轉,03520000
RPPNMLPKJIKGFBQ88DA,牛稠底段新富小段,346.00,非都市：鄉村區 ; 非都市編定：乙種建築用地,6,3,持分移轉,01020000
RPQNMLMKKIKGFDQ98DA,龍門段,3074.13,非都市：特定農業區 ; 非都市編定：農牧用地,1,1,全筆移轉,07630000
RPQNMLMKKIKGFDQ98DA,龍門段,555.00,非都市：特定農業區 ; 非都市編定：農牧用地,1,1,全筆移轉,07740000
RPPNMLMKKIKGFBQ68DA,北港子新段,803.45,非都市：特定專用區 ; 非都市編定：養殖用地,1,1,全筆移轉,05000002
RPSNMLLKKIKGFDQ09DA,後麻段,25.48,非都市：鄉村區 ; 非都市編定：交通用地,1,1,全筆移轉,03770001
RPSNMLLKKIKGFDQ09DA,後麻段,575.47,非都市：鄉村區 ; 非都市編定：乙種建築用地,1,1,全筆移轉,03780000
RPPNMLSKKIKGFBQ76EA,建興段,94.21,非都市：鄉村區 ; 非都市編定：乙種建築用地,1,1,全筆移轉,06330000
RPQNMLSKKIKGFBQ86EA,復興段,98.44,都市：其他:住宅區,1,1,全筆移轉,14930000
RPQNMLQLKHLGFCQ76DA,民工段,32.63,都市：其他:住宅區,100000,5438,持分移轉,04340003
RPQNMLPKKIKGFCQ56DA,義興段,74.51,都市：其他:農業區,1,1,全筆移轉,04500000
RPQNMLRKKIKGFDQ86DA,龜佛山段重劃小段,2500.00,非都市：特定農業區 ; 非都市編定：農牧用地,1,1,全筆移轉,06420000
RPUNMLMKKIKGFCQ66DA,秀林段,3595.06,非都市：特定農業區 ; 非都市編定：農牧用地,1,1,全筆移轉,10630000
RPPNMLRKKIKGFBQ56DA,江山段,5081.03,非都市：特定專用區 ; 非都市編定：養殖用地,1,1,全筆移轉,00260001
RPPOMLQKKIKGFBQ56DA,港墘厝段龍港小段,13.02,非都市：一般農業區 ; 非都市編定：農牧用地,3120,33,持分移轉,05160000
RPPOMLQKKIKGFBQ56DA,港墘厝段龍港小段,9.12,非都市：鄉村區 ; 非都市編定：乙種建築用地,3120,33,持分移轉,05170000
RPPOMLQKKIKGFBQ56DA,港墘厝段龍港小段,48.92,非都市：鄉村區 ; 非都市編定：乙種建築用地,9360,99,持分移轉,09240000
RPPOMLQKKIKGFBQ56DA,港墘厝段龍港小段,193.25,非都市：鄉村區 ; 非都市編定：乙種建築用地,24,6,持分移轉,09270001
RPPOMLQKKIKGFBQ56DA,港墘厝段龍港小段,1.50,非都市：鄉村區 ; 非都市編定：乙種建築用地,12,1,持分移轉,09270006
RPPNMLSKKIKGFBQ66DA,東石段,55.08,非都市：鄉村區 ; 非都市編定：乙種建築用地,1,1,全筆移轉,07030000
RPQNMLQKKIKGFDQ76DA,白鴿厝段白鴿厝小段,5.50,非都市：鄉村區 ; 非都市編定：交通用地,30,1,持分移轉,06610000
RPQNMLQKKIKGFDQ76DA,白鴿厝段白鴿厝小段,42.40,非都市：鄉村區 ; 非都市編定：乙種建築用地,5,1,持分移轉,06620000
RPQNMLQKKIKGFDQ76DA,白鴿厝段白鴿厝小段,3.80,非都市：鄉村區 ; 非都市編定：乙種建築用地,10,1,持分移轉,06620002
RPPNMLQKKIKGFDQ66DA,白鴿厝段白鴿厝小段,5.50,非都市：鄉村區 ; 非都市編定：交通用地,30,1,持分移轉,06610000
RPPNMLQKKIKGFDQ66DA,白鴿厝段白鴿厝小段,42.40,非都市：鄉村區 ; 非都市編定：乙種建築用地,5,1,持分移轉,06620000
RPPNMLQKKIKGFDQ66DA,白鴿厝段白鴿厝小段,3.80,非都市：鄉村區 ; 非都市編定：乙種建築用地,10,1,持分移轉,06620002
RPPNMLPKKIKGFEQ66DA,大草埔段,178.00,非都市：山坡地保育區 ; 非都市編定：農牧用地,1,1,全筆移轉,03830010
RPPNMLPKKIKGFEQ66DA,大草埔段,1625.00,非都市：山坡地保育區 ; 非都市編定：農牧用地,1,1,全筆移轉,03850000
RPQNMLSKKIKGFBQ76DA,埤前段,66.93,非都市：特定農業區 ; 非都市編定：農牧用地,4,1,持分移轉,00680000
RPRNMLSJKIKGFCQ86DA,水頭段,298.46,非都市：鄉村區 ; 非都市編定：乙種建築用地,1,1,全筆移轉,08690000
RPQNMLKLKIKGFBQ68DA,鎮安段,102.90,都市：其他:住宅區,1,1,全筆移轉,08140000
RPPNMLMLKIKGFBQ78DA,大塗師段塗師小段,135.00,非都市：特定農業區 ; 非都市編定：甲種建築用地,1,1,全筆移轉,02720000
SPPNMLMLKIKGFBQ88DA,大塗師段塗師小段,797.00,非都市：特定農業區 ; 非都市編定：農牧用地,1,1,全筆移轉,02720001
RPPNMLQKKIKGFCQ66EA,林頭段林頭小段,780.00,非都市：特定農業區 ; 非都市編定：農牧用地,1,1,全筆移轉,02110000
RPPNMLRKKIKGFCQ76EA,大崎腳段大崎腳小段,93.00,都市：其他:農業區,1,1,全筆移轉,00310026
RPQNMLPKKIKGFCQ66EA,新大埔美段,122.65,非都市：鄉村區 ; 非都市編定：乙種建築用地,254016,2646,持分移轉,28850000
RPUNMLQKJHLGFCQ96DA,新港段宮後小段,75.00,都市：其他:農業區,1,1,全筆移轉,02170006
RPPNMLSKKIKGFEQ96DA,紫雲段,696.95,非都市：河川區 ; 非都市編定：水利用地,27,11,持分移轉,10570000
RPPNMLMLKIKGFCQ98EA,中樂段,15.00,都市：其他:住宅區,1,1,全筆移轉,10910000
RPQNMLKKJHLGFCQ58DA,松山段,84.00,非都市：鄉村區 ; 非都市編定：乙種建築用地,5,1,持分移轉,03200000
RPQNMLKKJHLGFCQ58DA,松山段,80.09,非都市：鄉村區 ; 非都市編定：乙種建築用地,5,1,持分移轉,03210000
RPSNMLRKKIKGFCQ96DA,東湖段,24.01,非都市：鄉村區 ; 非都市編定：乙種建築用地,200,7,持分移轉,17020000
RPPNMLRKKIKGFCQ66DA,水頭段,139.03,非都市：鄉村區 ; 非都市編定：乙種建築用地,1125,139,持分移轉,11180000
RPQNMLRKKIKGFCQ76DA,福安段,100.42,都市：其他:住宅區,10000,182,持分移轉,03540000
RPQNMLSKKIKGFCQ86DA,新興段新興小段,119.90,都市：其他:住宅區,1,1,全筆移轉,00480003
RPUNMLSJKIKGFCQ17DA,上崙段妙崙小段,3003.00,非都市：特定農業區 ; 非都市編定：農牧用地,1,1,全筆移轉,06830000
RPPNMLMLKIKGFEQ56EA,新福段,72.77,都市：其他:住宅區,60,1,持分移轉,11120000
RPQNMLNLKIKGFCQ56EA,後底湖段後底湖小段,970.00,非都市：特定農業區 ; 非都市編定：農牧用地,1,1,全筆移轉,07140001
RPPNMLNLKIKGFDQ56EA,下潭新段,105.00,非都市：鄉村區 ; 非都市編定：乙種建築用地,10,1,持分移轉,10280000
RPPNMLNLKIKGFDQ56EA,下潭新段,347.87,非都市：鄉村區 ; 非都市編定：乙種建築用地,2,1,持分移轉,10330000
RPPNMLNLKIKGFCQ98DA,鎮北段,576.01,非都市：特定農業區 ; 非都市編定：農牧用地,4,3,持分移轉,03680000
RPQNMLSLJIKGFEQ07DA,內埔段,2118.31,非都市：一般農業區 ; 非都市編定：農牧用地,1,1,全筆移轉,12460000
RPTNMLMLKIKGFCQ66DA,溪東段,173.93,都市：其他:商業區,2,1,持分移轉,07970000
RPSNMLMLKIKGFCQ56DA,大湖段湖北小段,5457.00,非都市：特定農業區 ; 非都市編定：農牧用地,1,1,全筆移轉,00370000
RPQNMLTKKIKGFDQ07DA,埔東段,26.65,都市：其他:農業區,8,1,持分移轉,03320000
RPQNMLTKKIKGFDQ07DA,埔東段,1856.38,都市：其他:農業區,4,1,持分移轉,03330000
RPPOMLTKKIKGFCQ96DA,頂林頭段,215.33,非都市：特定農業區 ; 非都市編定：農牧用地,9543,215,持分移轉,02780000
RPPOMLTKKIKGFCQ96DA,頂林頭段,1311.02,非都市：特定農業區 ; 非都市編定：農牧用地,64,5,持分移轉,02960000
RPSNMLTKKIKGFDQ27DA,王爺段,653.00,非都市：特定農業區 ; 非都市編定：農牧用地,1,1,全筆移轉,09100001
RPVOMLSKKIKGFCQ47DA,番婆段安和小段,2385.00,非都市：特定農業區 ; 非都市編定：農牧用地,1,1,全筆移轉,08100000
RPTNMLTKKIKGFCQ27DA,明華段,148.04,都市：其他:道路用地,100000,27834,持分移轉,08740001
RPPNMLTKKIKGFDQ96DA,王爺段,1404.83,非都市：特定農業區 ; 非都市編定：丁種建築用地,1,1,全筆移轉,09100000
RPTNMLTKKIKGFDQ37DA,麻寮段,.98,都市：其他:住宅區,28070,985,持分移轉,10470002
RPTNMLTKKIKGFDQ37DA,麻寮段,43.84,都市：其他:住宅區,3,1,持分移轉,10480000
RPUNMLTKKIKGFCQ37DA,明華段,49.66,都市：其他:道路用地,2,1,持分移轉,08740000
RPRNMLOLKIKGFBQ56DA,六興段,1545.79,都市：其他:農業區,1,1,全筆移轉,00440000
RPRNMLOLKIKGFBQ56DA,六興段,310.66,都市：其他:農業區,1,1,全筆移轉,00480000
RPRNMLOLKIKGFBQ56DA,六興段,77.93,都市：其他:農業區,1,1,全筆移轉,00490000
RPSNMLNLKIKGFBQ56DA,江山段,83.24,非都市：特定專用區 ; 非都市編定：甲種建築用地,1,1,全筆移轉,04510000
RPSNMLNLKIKGFBQ56DA,江山段,5.23,非都市：特定專用區 ; 非都市編定：甲種建築用地,22,1,持分移轉,04710000
RPTOMLTKKIKGFCQ37DA,東湖段,8.87,非都市：鄉村區 ; 非都市編定：乙種建築用地,100,6,持分移轉,14690000
RPTOMLTKKIKGFCQ37DA,東湖段,30.86,非都市：鄉村區 ; 非都市編定：乙種建築用地,1,1,全筆移轉,14760000
RPPNMLOLKIKGFCQ56EA,豐收段,3.54,非都市：鄉村區 ; 非都市編定：乙種建築用地,2880,45,持分移轉,10660000
RPPNMLOLKIKGFCQ56EA,豐收段,24.05,非都市：鄉村區 ; 非都市編定：乙種建築用地,12,3,持分移轉,11210000
RPQNMLTKKIKGFBQ86DA,鎮安段,48.89,都市：其他:道路用地,45,10,持分移轉,12690000
RPQNMLTKKIKGFBQ86DA,鎮安段,35.11,都市：其他:住宅區,45,10,持分移轉,12870000
RPPNMLMLKIKGFCQ88DA,豐收段,147.94,非都市：特定農業區 ; 非都市編定：農牧用地,1,1,全筆移轉,13520000
RPSNMLMLKIKGFDQ66DA,安仁段,229.04,非都市：鄉村區 ; 非都市編定：乙種建築用地,1,1,全筆移轉,05980000
RPVNMLMLKIKGFDQ96DA,下塗溝段重劃小段,1975.00,非都市：特定農業區 ; 非都市編定：農牧用地,1,1,全筆移轉,03070000
RPQNMLMLKIKGFCQ98DA,北斗段,69.38,都市：其他:住宅區,1,1,全筆移轉,06380000
RPPNMLOLKIKGFCQ09DA,甘蔗崙段,525.70,非都市：特定農業區 ; 非都市編定：農牧用地,10,7,持分移轉,01040000
RPPNMLMLKIKGFDQ98DA,新崙子頂段,47.16,,8,1,持分移轉,01430000
RPVNMLNLKIKGFCQ96DA,東湖段,114.34,非都市：鄉村區 ; 非都市編定：乙種建築用地,600,100,持分移轉,17020000
RPRNMLMLKIKGFDQ56DA,新崙子頂段,47.14,,3000,72,持分移轉,01520000
RPPNMLKLKIKGFDQ78DA,柳林段,69.46,非都市：鄉村區 ; 非都市編定：乙種建築用地,1,1,全筆移轉,11800000
RPPNMLKLKIKGFDQ78DA,柳林段,15.31,非都市：鄉村區 ; 非都市編定：乙種建築用地,78,1,持分移轉,12920000
RPRNMLTKKIKGFDQ17DA,埔東段,26.65,都市：其他:農業區,8,1,持分移轉,03320000
RPRNMLTKKIKGFDQ17DA,埔東段,1856.38,都市：其他:農業區,4,1,持分移轉,03330000
RPSNMLTKKIKGFBQ07DA,中興段,124.09,都市：其他:乙種工業區,1,1,全筆移轉,08680000
RPQNMLQJKIKGFCQ56DA,秀林段,81.12,非都市：鄉村區 ; 非都市編定：乙種建築用地,18,1,持分移轉,21050000
RPQNMLQJKIKGFCQ56DA,秀林段,24.33,非都市：鄉村區 ; 非都市編定：乙種建築用地,18,1,持分移轉,21060000
RPQNMLQJKIKGFCQ56DA,秀林段,57.90,非都市：一般農業區 ; 非都市編定：農牧用地,108,4,持分移轉,21070000
RPPNMLNLKIKGFDQ09DA,過溝段過溝小段,290.00,都市：其他:道路用地,1,1,全筆移轉,10580000
RPTOMLMLKIKGFDQ86DA,水南段,2.14,都市：其他:住宅區,1,1,全筆移轉,01290001
RPQNMLQLKIKGFCQ86EA,西結段,118.39,非都市：特定農業區 ; 非都市編定：水利用地,1,1,全筆移轉,01640000
RPQNMLNLKIKGFDQ56DA,安仁段,6.21,非都市：鄉村區 ; 非都市編定：乙種建築用地,10000,24,持分移轉,03500000
RPQNMLNLKIKGFDQ56DA,安仁段,1.87,非都市：鄉村區 ; 非都市編定：乙種建築用地,10000,24,持分移轉,03510000
RPUNMLTKKIKGFDQ47DA,麻寮段,.98,都市：其他:住宅區,112280,3940,持分移轉,10470002
RPUNMLTKKIKGFDQ47DA,麻寮段,43.84,都市：其他:住宅區,12,4,持分移轉,10480000
RPQNMLKMKIKGFBQ88EA,內厝段,260.00,都市：其他:住宅區,1,1,全筆移轉,08230000
RPPNMLNLKIKGFBQ88DA,六斗尾段六斗小段,301.00,非都市：特定農業區 ; 非都市編定：農牧用地,2,1,持分移轉,01240000
RPPNMLKMKIKGFEQ09EA,九芎坑段,113.00,非都市：山坡地保育區 ; 非都市編定：農牧用地,1,1,全筆移轉,00980075
RPPNMLKMKIKGFEQ09EA,九芎坑段,120.00,非都市：山坡地保育區 ; 非都市編定：農牧用地,1,1,全筆移轉,00980077
RPPNMLRKKIKGFDQ76DA,太頂珠段,43.23,都市：其他:住宅區,100000,308,持分移轉,00240004
RPRNMLTLKIKGFBQ07DA,牛挑灣段松梅小段,80.00,非都市：鄉村區 ; 非都市編定：乙種建築用地,1,1,全筆移轉,14350019
RPPNMLTLKIKGFBQ86DA,傳芳段,147.50,都市：其他:住宅區,1,1,全筆移轉,01330004
RPPNMLTLKIKGFBQ86DA,傳芳段,15.92,都市：其他:道路用地,24,1,持分移轉,01340000
RPQNMLTLKIKGFBQ96DA,傳芳段,147.50,都市：其他:住宅區,1,1,全筆移轉,01330003
RPQNMLTLKIKGFBQ96DA,傳芳段,15.92,都市：其他:道路用地,24,1,持分移轉,01340000
RPPNMLQJKIKGFBQ98DA,港尾寮段豐美小段,1213.00,非都市：特定農業區 ; 非都市編定：農牧用地,1,1,全筆移轉,09310000
RPTNMLKMKIKGFBQ09DA,六腳段六嘉小段,336.00,非都市：特定農業區 ; 非都市編定：農牧用地,1,1,全筆移轉,00940001
RPRNMLKLKIKGFBQ78DA,海埔段海埔小段,1386.00,非都市：一般農業區 ; 非都市編定：農牧用地,1,1,全筆移轉,05970000
RPQNMLMLKIKGFDQ09DA,新崙子頂段,81.83,,24,1,持分移轉,01520000
RPVNMLQKKIKGFBQ07DA,竹子腳新段,658.00,非都市：鄉村區 ; 非都市編定：乙種建築用地,3,1,持分移轉,06980000
RPUNMLKMKIKGFBQ56DA,頂東石段黎明小段,.68,非都市：特定專用區 ; 非都市編定：甲種建築用地,100,1,持分移轉,00950038
RPUNMLKMKIKGFBQ56DA,頂東石段黎明小段,.68,非都市：特定專用區 ; 非都市編定：甲種建築用地,100,1,持分移轉,00950039
RPSNMLSKKIKGFEQ37EA,梅南段,9.96,都市：其他:第一種住宅區,47,13,持分移轉,09830000
RPPNMLMJJHLGFEQ88EA,番子潭段,810.00,非都市：一般農業區 ; 非都市編定：農牧用地,1,1,全筆移轉,04570003
RPPNMLMJJHLGFEQ88EA,番子潭段,7.00,非都市：一般農業區 ; 非都市編定：農牧用地,1,1,全筆移轉,04570004
RPVNMLTJKIKGFCQ37DA,古民段新民小段,8.00,都市：其他:住宅區,1,1,全筆移轉,06680020
RPVNMLTJKIKGFCQ37DA,古民段新民小段,100.00,都市：其他:住宅區,1,1,全筆移轉,06750003
SPWNMLKMKIKGFBQ86DA,永和段,487.00,都市：其他:農業區,1,1,全筆移轉,04300003
RPWNMLKMKIKGFBQ76DA,永和段,176.00,都市：其他:農業區,1,1,全筆移轉,04290000
RPXNMLKMKIKGFBQ86DA,和順段,80.99,非都市：鄉村區 ; 非都市編定：乙種建築用地,30000,11342,持分移轉,06760000
RPXNMLKMKIKGFBQ86DA,和順段,52.33,非都市：鄉村區 ; 非都市編定：乙種建築用地,210,50,持分移轉,06770000
RPQNMLMLKIKGFEQ56DA,樂野段,300.00,非都市：山坡地保育區 ; 非都市編定：農牧用地,1,1,全筆移轉,02400000
RPQNMLMLKIKGFEQ56DA,樂野段,1336.00,非都市：山坡地保育區 ; 非都市編定：農牧用地,1,1,全筆移轉,02410000
RPQNMLMLKIKGFEQ56DA,樂野段,3873.00,非都市：山坡地保育區 ; 非都市編定：農牧用地,1,1,全筆移轉,02430000
RPPNMLLMKIKGFDQ09EA,嘉太段,25.68,都市：其他:住宅區,2,1,持分移轉,01000000
RPPNMLLMKIKGFCQ88DA,月眉潭段月眉小段,300.00,非都市：特定農業區 ; 非都市編定：農牧用地,1,1,全筆移轉,01540000
RPQNMLLMKIKGFEQ56DA,瓦厝埔段,20.30,非都市：鄉村區 ; 非都市編定：乙種建築用地,593550,446366,持分移轉,08360003
RPRNMLKMKIKGFBQ88DA,六腳段六嘉小段,1250.00,非都市：特定農業區 ; 非都市編定：農牧用地,1,1,全筆移轉,10780000
RPQNMLLMKIKGFEQ66EA,和平段,273.69,都市：其他:乙種工業區,1,1,全筆移轉,05530002
RPPNMLQLKIKGFBQ56DA,復興段,172.57,都市：其他:商業區,1,1,全筆移轉,11570000
RPPNMLQLKIKGFBQ56DA,復興段,5.47,都市：其他:商業區,1,1,全筆移轉,11580000
RPPNMLQLKIKGFBQ56DA,復興段,199.31,都市：其他:住宅區,1,1,全筆移轉,13190000
RPPNMLKMKIKGFCQ88EA,崙尾段崙尾小段,47.56,非都市：鄉村區 ; 非都市編定：乙種建築用地,16,1,持分移轉,02190000
RPPNMLMJJHLGFCQ58DA,溪西段,100.39,都市：其他:住宅區,1,1,全筆移轉,09120002
RPPNMLMJJHLGFCQ68EA,厝子段下厝小段,321.00,非都市：鄉村區 ; 非都市編定：乙種建築用地,1065,321,持分移轉,06010000
RPOOMLKMKIKGFBQ68DA,嘉朴段,11.06,都市：其他:住宅區,10000,154,持分移轉,02350000
RPSNMLKKKIKGFCQ88DA,西安段,65.58,非都市：特定農業區 ; 非都市編定：甲種建築用地,1,1,全筆移轉,09550023
RPSNMLKMKIKGFBQ98DA,新生段,50.62,都市：其他:住宅區,2,1,持分移轉,00650104
RPQNMLLMKIKGFCQ98DA,三疊溪段,2165.00,非都市：特定農業區 ; 非都市編定：農牧用地,1,1,全筆移轉,09910000
RPPNMLOLKIKGFDQ56DA,溪洲段,259.42,非都市：一般農業區 ; 非都市編定：水利用地,1,1,全筆移轉,01830001
RPUNMLNLKIKGFDQ96DA,麻寮段,307.12,都市：其他:住宅區,50000,41839,持分移轉,03900000
RPUNMLNLKIKGFDQ96DA,麻寮段,243.20,都市：其他:住宅區,1,1,全筆移轉,03900001
RPUNMLNLKIKGFDQ96DA,麻寮段,491.42,都市：其他:住宅區,1,1,全筆移轉,03900002
RPUNMLNLKIKGFDQ96DA,麻寮段,486.39,都市：其他:住宅區,1,1,全筆移轉,03900003
RPQNMLSKKIKGFDQ96DA,新崙子頂段,81.83,,72,3,持分移轉,01520000
RPPNMLPJJHLGFCQ98EA,頂員林新段,174.15,非都市：鄉村區 ; 非都市編定：乙種建築用地,6,3,持分移轉,07480001
RPSNMLQJJHLGFBQ56DA,中正段,64.00,都市：其他:住宅區,1,1,全筆移轉,05160000
RPPNMLSKKIKGFDQ86DA,太頂珠段,29.34,都市：其他:住宅區,100000,209,持分移轉,00240004
RPRNMLQJJHLGFBQ09DA,樹林頭段林頭小段,206.00,非都市：鄉村區 ; 非都市編定：乙種建築用地,1,1,全筆移轉,02070000
RPWNMLQJJHLGFBQ96DA,嘉朴段,9.10,都市：其他:住宅區,100000,158,持分移轉,02620000
RPQNMLRJJHLGFBQ09DA,下竹圍段佳禾小段,103.00,非都市：特定農業區 ; 非都市編定：甲種建築用地,1,1,全筆移轉,13510004
RPRNMLRJJHLGFBQ56DA,溪口段,4217.03,非都市：特定農業區 ; 非都市編定：農牧用地,2,1,持分移轉,01190000
RPQNMLMKJHLGFBQ78EA,新庄段新庄小段,16688.00,非都市：工業區 ; 非都市編定：丁種建築用地,1,1,全筆移轉,00500033
SPQNMLMKJHLGFBQ88EA,新庄段新庄小段,30370.00,非都市：工業區 ; 非都市編定：丁種建築用地,1,1,全筆移轉,00490012
TPQNMLMKJHLGFBQ98EA,新庄段新庄小段,13321.00,非都市：工業區 ; 非都市編定：丁種建築用地,1,1,全筆移轉,00490014
RPPNMLQJJHLGFEQ66EA,圳頭段,1633.17,非都市：山坡地保育區 ; 非都市編定：農牧用地,3810,1684,持分移轉,00270009
RPQNMLQJJHLGFEQ76EA,科子林段,840.00,非都市：森林區 ; 非都市編定：農牧用地,1,1,全筆移轉,06410001
RPPNMLRJJHLGFBQ98DA,灣北段,2360.22,非都市：一般農業區 ; 非都市編定：農牧用地,256,15,持分移轉,01980000
RPSNMLSKKIKGFBQ96DA,嘉朴段,6.74,都市：其他:住宅區,100000,500,持分移轉,02350006
RPPNMLQJJHLGFDQ56EA,後麻段,7.92,非都市：鄉村區 ; 非都市編定：乙種建築用地,2,1,持分移轉,08940000
RPPNMLQJJHLGFDQ56EA,後麻段,228.34,非都市：鄉村區 ; 非都市編定：乙種建築用地,1,1,全筆移轉,08950000
RPPNMLSJJHLGFEQ86EA,真武段,177.81,都市：其他:住宅區,1,1,全筆移轉,09650000
RPPNMLRJJHLGFCQ56EA,柳子溝段南靖厝小段,416.00,非都市：特定農業區 ; 非都市編定：甲種建築用地,1,1,全筆移轉,02350000
RPPNMLRJJHLGFEQ76EA,大湖段,2942.00,非都市：森林區 ; 非都市編定：農牧用地,1,1,全筆移轉,00840061
RPQNMLKMKIKGFDQ09EA,龍潭段,136.37,,1,1,全筆移轉,05320001
RPTNMLTLKIKGFBQ27DA,嘉朴段,7.60,都市：其他:住宅區,100000,132,持分移轉,02620000
RPQNMLSJJHLGFBQ56DA,龍蛟新段,5490.35,非都市：特定專用區 ; 非都市編定：養殖用地,1,1,全筆移轉,05870000
RPVNMLPKKIKGFCQ07DA,崙尾段美北小段,2179.00,非都市：特定農業區 ; 非都市編定：農牧用地,1,1,全筆移轉,06980000
RPQNMLSJJHLGFBQ56DA,龍蛟新段,1601.66,非都市：特定專用區 ; 非都市編定：甲種建築用地,1,1,全筆移轉,05880000
RPPNMLSJJHLGFBQ09DA,大塗師段,117.66,非都市：特定農業區 ; 非都市編定：農牧用地,32,3,持分移轉,00450000
RPRNMLQJJHLGFDQ66DA,柳鄉段,22.86,非都市：鄉村區 ; 非都市編定：乙種建築用地,152,12,持分移轉,14430000
RPRNMLQJJHLGFDQ66DA,柳鄉段,.83,非都市：鄉村區 ; 非都市編定：乙種建築用地,152,12,持分移轉,14440000
RPSNMLQJJHLGFDQ76DA,柳鄉段,16.57,非都市：鄉村區 ; 非都市編定：乙種建築用地,266,21,持分移轉,14280000
RPPNMLTJJHLGFCQ76EA,柳子溝段柳溝小段,2724.00,非都市：特定農業區 ; 非都市編定：農牧用地,1,1,全筆移轉,00750000
RPOOMLMJJHLGFCQ58DA,中坑段,1292.00,非都市：山坡地保育區 ; 非都市編定：農牧用地,1,1,全筆移轉,04170000
RPRNMLKMKIKGFDQ09DA,下寮新段,77.05,非都市：鄉村區 ; 非都市編定：乙種建築用地,1,1,全筆移轉,05850000
RPWNMLPJJHLGFCQ96DA,福興段,137.48,非都市：一般農業區 ; 非都市編定：甲種建築用地,1,1,全筆移轉,07990002
RPWNMLPJJHLGFCQ96DA,福興段,25.07,非都市：一般農業區 ; 非都市編定：甲種建築用地,16,2,持分移轉,08030002
RPWNMLPJJHLGFCQ96DA,福興段,191.00,非都市：一般農業區 ; 非都市編定：農牧用地,4,1,持分移轉,08050002
RPPNMLQJJHLGFCQ98DA,新中洋子段,11.95,非都市：鄉村區 ; 非都市編定：乙種建築用地,18,1,持分移轉,03940000
RPPNMLMKJHLGFEQ98EA,梅南段,4.00,都市：其他:道路用地,1,1,全筆移轉,02710000
RPPNMLMKJHLGFEQ98EA,梅南段,72.00,都市：其他:第二種住宅區,1,1,全筆移轉,02720000
RPPNMLLLKIKGFCQ78DA,新港段福德小段,2575.00,都市：其他:農業區,1,1,全筆移轉,01300000
RPQNMLNKJHLGFBQ78DA,溪口段,19.86,非都市：特定農業區 ; 非都市編定：水利用地,12,1,持分移轉,02780000
RPQNMLMKJHLGFBQ68DA,牛埔段,169.79,都市：其他:道路,6,2,持分移轉,08450000
RPQNMLMKJHLGFBQ68DA,牛埔段,.32,都市：其他:道路,84822,28274,持分移轉,08470001
RPRNMLMKJHLGFCQ88DA,民農段,82.32,都市：其他:住宅區,1,1,全筆移轉,07750001
RPPNMLMJJHLGFDQ68DA,民生段,85.67,非都市：鄉村區 ; 非都市編定：乙種建築用地,1,1,全筆移轉,07750000
RPPNMLQLKIKGFDQ76DA,光興段,3.74,都市：其他:道路,6,1,持分移轉,09390000
RPPNMLMKJHLGFDQ78DA,粗溪段粗溪小段,113.00,都市：其他:住宅區,1,1,全筆移轉,02770001
RPPNMLMKJHLGFDQ88EA,龜佛山段重劃小段,215.00,非都市：特定農業區 ; 非都市編定：農牧用地,6,1,持分移轉,11160000
RPQNMLOKJHLGFBQ88DA,栗子崙段中洲小段,2300.00,非都市：一般農業區 ; 非都市編定：農牧用地,1,1,全筆移轉,00720000
RPRNMLOKJHLGFBQ98DA,頭竹圍段竹圍小段,3076.00,非都市：特定農業區 ; 非都市編定：農牧用地,1,1,全筆移轉,12360001
RPRNMLSKKIKGFBQ86DA,嘉朴段,7.60,都市：其他:住宅區,100000,132,持分移轉,02620000
RPPNMLLKKIKGFCQ68DA,新港段福德小段,60.00,,1,1,全筆移轉,00010014
RPPNMLNKJHLGFCQ78DA,建國段,65.00,非都市：鄉村區 ; 非都市編定：乙種建築用地,1,1,全筆移轉,09160000
RPRNMLRJJHLGFDQ76DA,光興段,35.81,非都市：特定農業區 ; 非都市編定：甲種建築用地,1,1,全筆移轉,01910001
RPPNMLRJJHLGFCQ09DA,平林段,28.82,都市：其他:農業區,10,1,持分移轉,08570000
RPPNMLRJJHLGFCQ09DA,平林段,234.90,,1,1,全筆移轉,08580003
RPWOMLTJKIKGFBQ47DA,安福段,9.56,都市：其他:住宅區,1,1,全筆移轉,06030002
RPWOMLTJKIKGFBQ47DA,安福段,5.43,都市：其他:住宅區,2,1,持分移轉,06030005
RPWOMLTJKIKGFBQ47DA,安福段,33.97,都市：其他:住宅區,1,1,全筆移轉,06040002
RPWOMLTJKIKGFBQ47DA,安福段,6.54,都市：其他:住宅區,2,1,持分移轉,06040005
RPWOMLTJKIKGFBQ47DA,安福段,24.50,都市：其他:住宅區,1,1,全筆移轉,06050002
RPWOMLTJKIKGFBQ47DA,安福段,61.57,都市：其他:住宅區,1,1,全筆移轉,06130001
RPRNMLRKKIKGFCQ86DA,新港段福德小段,20.00,,1,1,全筆移轉,00010021
RPWNMLLKKIKGFCQ76DA,新港段福德小段,56.00,,1,1,全筆移轉,00010025
RPSNMLMKJHLGFCQ98DA,中林段中林小段,910.00,非都市：特定農業區 ; 非都市編定：甲種建築用地,1,1,全筆移轉,02200035
RPSNMLKKKIKGFBQ78DA,溪洲段上溪小段,3495.00,非都市：特定農業區 ; 非都市編定：農牧用地,1,1,全筆移轉,04210000
RPQNMLMKJHLGFEQ09EA,雙溪段,22.50,非都市：山坡地保育區 ; 非都市編定：特定目的事業用地,120,12,持分移轉,02060003
RPVNMLNKJHLGFBQ66DA,新寮段,731.87,都市：其他:農業區,1,1,全筆移轉,09920006
RPUNMLRJJHLGFDQ07DA,麻寮段,.07,,1,1,全筆移轉,06730007
RPXNMLTKKIKGFCQ67DA,新港段宮後小段,31.00,都市：其他:農業區,1,1,全筆移轉,02230002
RPQNMLNKJHLGFDQ09EA,鹿草段鹿草小段,3543.00,非都市：特定農業區 ; 非都市編定：農牧用地,1,1,全筆移轉,02850000
RPOOMLTKKIKGFCQ86DA,新港段宮後小段,21.00,都市：其他:道路用地,1,1,全筆移轉,02240006
RPVNMLTKKIKGFCQ47DA,新港段宮後小段,62.00,都市：其他:農業區,1,1,全筆移轉,02170007
RPQNMLLLKIKGFCQ88DA,中菁段,2.93,非都市：鄉村區 ; 非都市編定：乙種建築用地,6,1,持分移轉,10740000
RPQNMLLLKIKGFCQ88DA,中菁段,7.63,非都市：鄉村區 ; 非都市編定：乙種建築用地,6,1,持分移轉,10750000
RPQNMLLLKIKGFCQ88DA,中菁段,5.96,非都市：鄉村區 ; 非都市編定：乙種建築用地,6,1,持分移轉,10780000
RPQNMLLLKIKGFCQ88DA,中菁段,146.57,非都市：鄉村區 ; 非都市編定：乙種建築用地,1,1,全筆移轉,10790000
RPSNMLPJJHLGFDQ66DA,嘉保段,11.76,都市：其他:住宅區,69,1,持分移轉,02110003
RPSNMLPJJHLGFDQ66DA,嘉保段,35.62,都市：其他:住宅區,10000,196,持分移轉,02110021
RPTNMLLMKIKGFDQ76DA,柳林段,12.58,非都市：鄉村區 ; 非都市編定：乙種建築用地,30,1,持分移轉,03270000
RPPNMLNJJHLGFEQ88DA,番路段,626.00,非都市：一般農業區 ; 非都市編定：農牧用地,1,1,全筆移轉,01320449
RPTNMLLMKIKGFDQ76DA,柳林段,.23,非都市：鄉村區 ; 非都市編定：乙種建築用地,30,1,持分移轉,03270001
RPTNMLLMKIKGFDQ76DA,柳林段,83.72,非都市：鄉村區 ; 非都市編定：乙種建築用地,1,1,全筆移轉,03270011
RPTNMLLMKIKGFDQ76DA,柳林段,.27,非都市：鄉村區 ; 非都市編定：乙種建築用地,30,1,持分移轉,03270015
RPTNMLLMKIKGFDQ76DA,柳林段,.89,非都市：鄉村區 ; 非都市編定：乙種建築用地,30,1,持分移轉,03270016
RPQNMLNKJHLGFDQ98DA,金蘭段,163.20,非都市：鄉村區 ; 非都市編定：乙種建築用地,5,2,持分移轉,02270000
RPPNMLSJJHLGFEQ76DA,灣北段,68.14,非都市：鄉村區 ; 非都市編定：乙種建築用地,1,1,全筆移轉,09320000
RPRNMLNKJHLGFCQ98DA,公園段,109.00,都市：其他:商業區,1,1,全筆移轉,05610000
RPQNMLTJJHLGFCQ76DA,頂員林新段,3510.02,非都市：特定農業區 ; 非都市編定：農牧用地,1,1,全筆移轉,16250000
RPVNMLPJJHLGFDQ96DA,嘉保段,11.76,都市：其他:住宅區,69,1,持分移轉,02110003
RPVNMLPJJHLGFDQ96DA,嘉保段,35.62,都市：其他:住宅區,10000,196,持分移轉,02110021
RPSNMLMKJHLGFDQ09DA,溪安段,210.50,非都市：鄉村區 ; 非都市編定：乙種建築用地,1,1,全筆移轉,05150000
RPPNMLTLKIKGFDQ07DA,民生段,83.52,非都市：鄉村區 ; 非都市編定：乙種建築用地,1,1,全筆移轉,05040000
RPPNMLRJJHLGFDQ66EA,崙子頂段崙頂小段,10.00,都市：其他:住宅區,2,1,持分移轉,04540001
RPQNMLPKJHLGFDQ66EA,北新段,591.84,都市：其他:農業區,2,1,持分移轉,02050000
RPPNMLOKJHLGFEQ56EA,梅南段,201.00,都市：其他:農業區,1,1,全筆移轉,12920004
RPQNMLOKJHLGFCQ09EA,潭子墘段潭大小段,916.00,非都市：特定農業區 ; 非都市編定：農牧用地,1,1,全筆移轉,02280002
RPPNMLPKJHLGFEQ66EA,過山段,2804.00,非都市：山坡地保育區 ; 非都市編定：農牧用地,1,1,全筆移轉,00500028
RPPOMLPKJHLGFBQ98DA,潭子墘段北潭小段,1599.00,非都市：特定農業區 ; 非都市編定：農牧用地,1,1,全筆移轉,07020000
RPPNMLNKJHLGFBQ68DA,蘇厝段,6.97,非都市：鄉村區 ; 非都市編定：交通用地,1,1,全筆移轉,01290005
RPQNMLQKJHLGFBQ09DA,溪洲段溪洲小段,1682.00,非都市：特定農業區 ; 非都市編定：農牧用地,1,1,全筆移轉,07630000
RPQNMLQKJHLGFBQ09DA,溪洲段溪洲小段,4408.00,非都市：特定農業區 ; 非都市編定：農牧用地,1,1,全筆移轉,07640000
RPPNMLSKJHLGFBQ56DA,六興段,382.82,都市：其他:農業區,12,1,持分移轉,10470000
RPSNMLMKJHLGFBQ88DA,岸腳段,190.00,都市：其他:住宅區,1,1,全筆移轉,12510001
RPQNMLTJJHLGFBQ66DA,牛稠底段新富小段,44.70,非都市：特定農業區 ; 非都市編定：水利用地,10,1,持分移轉,02710000
RPQNMLTJJHLGFBQ66DA,牛稠底段新富小段,69.40,非都市：鄉村區 ; 非都市編定：乙種建築用地,5,1,持分移轉,02750000
RPQNMLTJJHLGFBQ66DA,牛稠底段新富小段,30.00,非都市：鄉村區 ; 非都市編定：乙種建築用地,5,1,持分移轉,02760000
RPQNMLTJJHLGFBQ66DA,牛稠底段新富小段,17.40,非都市：鄉村區 ; 非都市編定：交通用地,10,1,持分移轉,02810000
RPQNMLTJJHLGFBQ66DA,牛稠底段新富小段,17.20,非都市：鄉村區 ; 非都市編定：交通用地,10,1,持分移轉,02810001
RPQNMLTJJHLGFBQ66DA,牛稠底段新富小段,4.20,非都市：鄉村區 ; 非都市編定：乙種建築用地,10,1,持分移轉,02820000
RPQNMLTJJHLGFBQ66DA,牛稠底段新富小段,46.60,非都市：鄉村區 ; 非都市編定：乙種建築用地,10,1,持分移轉,02830000
RPQNMLTJJHLGFBQ66DA,牛稠底段新富小段,16.60,非都市：鄉村區 ; 非都市編定：乙種建築用地,5,1,持分移轉,02850000
RPQNMLTJJHLGFBQ66DA,牛稠底段新富小段,105.80,非都市：鄉村區 ; 非都市編定：乙種建築用地,5,1,持分移轉,02860000
RPQNMLTJJHLGFBQ66DA,牛稠底段新富小段,54.10,非都市：鄉村區 ; 非都市編定：交通用地,10,1,持分移轉,03230000
RPQNMLTJJHLGFBQ66DA,牛稠底段新富小段,25.00,非都市：特定農業區 ; 非都市編定：交通用地,6,1,持分移轉,07920000
RPQNMLTJJHLGFBQ66DA,牛稠底段新富小段,29.83,非都市：特定農業區 ; 非都市編定：交通用地,6,1,持分移轉,07920001
RPQNMLTJJHLGFEQ96DA,公田段,2504.00,非都市：森林區 ; 非都市編定：農牧用地,1,1,全筆移轉,00640018
RPRNMLTJJHLGFEQ07DA,公田段,2504.00,非都市：森林區 ; 非都市編定：農牧用地,1,1,全筆移轉,00640004
RPRNMLTKJHLGFDQ17EA,後麻段,4.83,非都市：鄉村區 ; 非都市編定：乙種建築用地,1,1,全筆移轉,10810004
RPSNMLTKJHLGFCQ07DA,西安段,120.00,都市：其他:住宅區,1,1,全筆移轉,01670000
RPTNMLTKJHLGFCQ17DA,福南段,35.67,都市：其他:住宅區,10000,80,持分移轉,02130000
RPUNMLTKJHLGFCQ27DA,江厝店段,59.73,都市：其他:農業區,120,4,持分移轉,05140000
RPROMLTKJHLGFCQ07DA,民文段,47.80,都市：其他:農業區,2040,8,持分移轉,07960000
RPQOMLTKJHLGFCQ96DA,民文段,406.34,都市：其他:農業區,120,4,持分移轉,07960000
RPWNMLTKJHLGFCQ47DA,江厝店段,59.73,都市：其他:農業區,120,4,持分移轉,05140000
RPRNMLNKJHLGFDQ09DA,新三界埔段,129.30,非都市：鄉村區 ; 非都市編定：乙種建築用地,1,1,全筆移轉,15140000
RPPNMLTKJHLGFDQ96EA,後麻段,213.97,非都市：鄉村區 ; 非都市編定：乙種建築用地,1,1,全筆移轉,10850006
RPQOMLTKKIKGFCQ07DA,三間厝段,1277.00,非都市：特定農業區 ; 非都市編定：農牧用地,1,1,全筆移轉,09770000
RPQNMLTKJHLGFDQ07EA,後麻段,199.70,非都市：鄉村區 ; 非都市編定：乙種建築用地,1,1,全筆移轉,10810001
RPPNMLOKJHLGFCQ98EA,安和段,437.01,非都市：特定農業區 ; 非都市編定：農牧用地,8,1,持分移轉,01820000
RPPNMLOKJHLGFCQ98EA,安和段,38.50,非都市：特定農業區 ; 非都市編定：水利用地,8,1,持分移轉,01830000
RPPNMLOKJHLGFCQ98EA,安和段,39.63,非都市：特定農業區 ; 非都市編定：交通用地,8,1,持分移轉,01840000
RPXNMLTKJHLGFCQ57DA,江厝店段,29.87,都市：其他:農業區,120,2,持分移轉,05140000
RPOOMLTKJHLGFCQ76DA,江厝店段,7.03,都市：其他:農業區,2040,8,持分移轉,05140000
RPPOMLTKJHLGFCQ86DA,新大埔美段,189.68,非都市：鄉村區 ; 非都市編定：乙種建築用地,1,1,全筆移轉,28050004
SPPOMLTKJHLGFCQ96DA,新大埔美段,30.00,非都市：鄉村區 ; 非都市編定：乙種建築用地,18,1,持分移轉,28050006
RPSRMLKLJHLGFDQ76DA,水東段,100.16,都市：其他:住宅區,1,1,全筆移轉,12570000
RPUNMLKLJHLGFCQ09DA,新三角段,98.06,非都市：鄉村區 ; 非都市編定：乙種建築用地,1,1,全筆移轉,08760000
RPUNMLKLJHLGFCQ09DA,新三角段,20.17,非都市：鄉村區 ; 非都市編定：乙種建築用地,6400,199,持分移轉,08860000
RPPNMLKLJHLGFCQ68EA,崙子頂段,1920.00,非都市：特定農業區 ; 非都市編定：農牧用地,1,1,全筆移轉,07750000
RPPNMLKLJHLGFDQ78EA,下六段司公舘小段,84.00,都市：其他:住宅區,1,1,全筆移轉,01860112
RPQNMLKLJHLGFCQ78EA,福興段,96.01,非都市：特定農業區 ; 非都市編定：水利用地,1,1,全筆移轉,06210000
RPRNMLQKJHLGFBQ56DA,內厝段,84.00,都市：其他:住宅區,1,1,全筆移轉,02380000
RPTNMLKLJHLGFCQ98DA,新中洋子段,156.14,非都市：鄉村區 ; 非都市編定：乙種建築用地,1,1,全筆移轉,03690000
RPTNMLKLJHLGFCQ98DA,新中洋子段,11.44,非都市：鄉村區 ; 非都市編定：乙種建築用地,3,1,持分移轉,03720000
RPTNMLKLJHLGFCQ98DA,新中洋子段,74.68,非都市：鄉村區 ; 非都市編定：乙種建築用地,3,1,持分移轉,03800000
RPPNMLMLJHLGFCQ88EA,新港段宮後小段,65.00,都市：其他:農業區,1,1,全筆移轉,02170003
SPTNMLKLJHLGFCQ09DA,新中洋子段,291.06,非都市：特定農業區 ; 非都市編定：農牧用地,1,1,全筆移轉,03730000
RPQNMLMLJHLGFDQ09EA,隆恩段,120.16,非都市：特定農業區 ; 非都市編定：交通用地,1,1,全筆移轉,11510000
RPQNMLMLJHLGFDQ09EA,隆恩段,22.19,非都市：特定農業區 ; 非都市編定：交通用地,1,1,全筆移轉,11540001
RPRNMLKLJHLGFEQ09EA,梅南段,1030.00,都市：其他:農業區,1,1,全筆移轉,16980000
RPRNMLTJKIKGFBQ86DA,大葛段,362.27,非都市：鄉村區 ; 非都市編定：乙種建築用地,1,1,全筆移轉,03400000
RPRNMLTJKIKGFBQ86DA,大葛段,58.46,非都市：鄉村區 ; 非都市編定：乙種建築用地,23562,1609,持分移轉,03440000
RPWNMLTLKIKGFBQ57DA,貴舍段貴舍小段,2288.00,非都市：一般農業區 ; 非都市編定：農牧用地,1,1,全筆移轉,03210000
RPWNMLTLKIKGFBQ57DA,貴舍段貴舍小段,2288.00,非都市：一般農業區 ; 非都市編定：農牧用地,1,1,全筆移轉,03210001
RPVNMLTKJHLGFBQ27DA,龍蛟新段,76.45,非都市：一般農業區 ; 非都市編定：養殖用地,1,1,全筆移轉,02530000
RPVNMLTKJHLGFBQ27DA,龍蛟新段,3128.33,非都市：一般農業區 ; 非都市編定：養殖用地,1,1,全筆移轉,02540000
RPVNMLTKJHLGFBQ27DA,龍蛟新段,2503.59,非都市：一般農業區 ; 非都市編定：養殖用地,1,1,全筆移轉,02900000
RPVNMLTKJHLGFBQ27DA,龍蛟新段,2023.97,非都市：一般農業區 ; 非都市編定：養殖用地,1,1,全筆移轉,02910000
RPVNMLTKJHLGFBQ27DA,龍蛟新段,39.57,非都市：一般農業區 ; 非都市編定：水利用地,1300,378,持分移轉,02920000
RPVNMLTKJHLGFBQ27DA,龍蛟新段,2842.92,非都市：一般農業區 ; 非都市編定：養殖用地,1,1,全筆移轉,02950000
RPVNMLTKJHLGFBQ27DA,龍蛟新段,494.76,非都市：一般農業區 ; 非都市編定：甲種建築用地,50,21,持分移轉,03000000
RPVNMLTKJHLGFBQ27DA,龍蛟新段,73.15,非都市：一般農業區 ; 非都市編定：甲種建築用地,50,21,持分移轉,03020000
RPVNMLTKJHLGFBQ27DA,龍蛟新段,3386.40,非都市：一般農業區 ; 非都市編定：養殖用地,1,1,全筆移轉,03030000
RPVNMLTKJHLGFBQ27DA,龍蛟新段,1014.60,非都市：一般農業區 ; 非都市編定：養殖用地,1,1,全筆移轉,03030001
RPVNMLTKJHLGFBQ27DA,龍蛟新段,108.46,非都市：一般農業區 ; 非都市編定：水利用地,1300,378,持分移轉,03040000
RPVNMLTKJHLGFBQ27DA,龍蛟新段,2807.83,非都市：一般農業區 ; 非都市編定：養殖用地,1,1,全筆移轉,03090000
RPQNMLLLJHLGFBQ68DA,大葛段,172.89,非都市：特定農業區 ; 非都市編定：農牧用地,35675,1061,持分移轉,09920000
RPQNMLLLJHLGFCQ78DA,中樂段,9.80,都市：其他:商業區,1,1,全筆移轉,00960004
RPQNMLLLJHLGFCQ78DA,中樂段,111.14,都市：其他:商業區,1,1,全筆移轉,00980007
RPOOMLLLJHLGFCQ68DA,崙子頂段,2131.00,非都市：特定農業區 ; 非都市編定：農牧用地,1,1,全筆移轉,10210000
RPWNMLMLJHLGFCQ86DA,三間厝新段,83.31,非都市：一般農業區 ; 非都市編定：甲種建築用地,1,1,全筆移轉,03570000
RPRNMLLMKIKGFDQ56DA,下潭新段,133.47,非都市：鄉村區 ; 非都市編定：乙種建築用地,2,1,持分移轉,07230000
RPRNMLLMKIKGFDQ56DA,下潭新段,10.93,非都市：鄉村區 ; 非都市編定：交通用地,2,1,持分移轉,07240000
RPXPMLLLJHLGFDQ17DA,水西段,106.89,都市：其他:住宅區,1,1,全筆移轉,07430009
RPWNMLQJJHLGFDQ17DA,柳林段,126.54,非都市：鄉村區 ; 非都市編定：乙種建築用地,1,1,全筆移轉,13760000
RPQNMLQLJHLGFEQ96EA,灣北段,743.80,非都市：一般農業區 ; 非都市編定：農牧用地,1,1,全筆移轉,02430001
RPQNMLQLJHLGFEQ96EA,灣北段,1450.55,非都市：一般農業區 ; 非都市編定：農牧用地,1,1,全筆移轉,02430003
RPQNMLNLJHLGFDQ56EA,南靖段南和小段,19.10,非都市：特定農業區 ; 非都市編定：甲種建築用地,59,1,持分移轉,14900014
RPQNMLNLJHLGFDQ56EA,南靖段南和小段,58.00,非都市：特定農業區 ; 非都市編定：甲種建築用地,1,1,全筆移轉,14900059
RPQNMLPKJHLGFCQ09DA,新海豐子段,208.15,非都市：鄉村區 ; 非都市編定：乙種建築用地,1,1,全筆移轉,00170000
RPRNMLRLJHLGFBQ76DA,新寮段,28.43,都市：其他:住宅區,10000,418,持分移轉,10410000
RPTNMLOKJHLGFDQ76DA,新舊埤段,58.20,非都市：鄉村區 ; 非都市編定：乙種建築用地,35993,76,持分移轉,03580000
RPTNMLOKJHLGFDQ76DA,新舊埤段,17.47,非都市：鄉村區 ; 非都市編定：乙種建築用地,35993,76,持分移轉,03580001
RPRNMLTKJHLGFDQ07DA,鹿北段,13.21,都市：其他:道路用地,6,1,持分移轉,09730001
RPRNMLTKJHLGFDQ07DA,鹿北段,.96,都市：其他:道路用地,9,2,持分移轉,09750000
RPRNMLTKJHLGFDQ07DA,鹿北段,1.95,都市：其他:道路用地,3,1,持分移轉,09760000
RPRNMLTKJHLGFDQ07DA,鹿北段,27.44,都市：其他:道路用地,3,1,持分移轉,09760001
RPRNMLTKJHLGFDQ07DA,鹿北段,48.68,都市：其他:道路用地,1,1,全筆移轉,10400000
RPRNMLTKJHLGFDQ07DA,鹿北段,174.91,都市：其他:道路用地,9,1,持分移轉,12760000
RPRNMLTKJHLGFDQ07DA,鹿北段,.27,都市：其他:道路用地,9,1,持分移轉,12780001
RPRNMLTKJHLGFDQ07DA,鹿北段,90.45,都市：其他:道路用地,9,1,持分移轉,12820001
RPRNMLTKJHLGFDQ07DA,鹿北段,5.50,都市：其他:道路用地,9,1,持分移轉,12820002
RPRNMLTKJHLGFDQ07DA,鹿北段,1.49,都市：其他:道路用地,9,1,持分移轉,14050001
RPRNMLTKJHLGFDQ07DA,鹿北段,3.88,都市：其他:道路用地,9,1,持分移轉,14460001
RPRNMLTKJHLGFDQ07DA,鹿北段,2.04,都市：其他:道路用地,9,1,持分移轉,14460002
RPRNMLTKJHLGFDQ07DA,鹿北段,11.99,都市：其他:道路用地,9,1,持分移轉,14470000
RPSNMLTKJHLGFDQ17DA,鹿北段,2.48,都市：其他:道路用地,96,3,持分移轉,09730001
RPXQMLTJJHLGFDQ87DA,麻寮段,9.98,都市：其他:住宅區,1,1,全筆移轉,06730005
RPTNMLTKJHLGFDQ27DA,鹿北段,7.43,都市：其他:道路用地,96,9,持分移轉,09730001
RPTNMLTKJHLGFDQ27DA,鹿北段,.48,都市：其他:道路用地,9,1,持分移轉,09750000
RPTNMLTKJHLGFDQ27DA,鹿北段,.97,都市：其他:道路用地,6,1,持分移轉,09760000
RPTNMLTKJHLGFDQ27DA,鹿北段,13.72,都市：其他:道路用地,6,1,持分移轉,09760001
RPTNMLTKJHLGFDQ27DA,鹿北段,87.46,都市：其他:道路用地,18,1,持分移轉,12760000
RPTNMLTKJHLGFDQ27DA,鹿北段,.13,都市：其他:道路用地,18,1,持分移轉,12780001
RPTNMLTKJHLGFDQ27DA,鹿北段,45.23,都市：其他:道路用地,18,1,持分移轉,12820001
RPUNMLTKJHLGFDQ37DA,鹿北段,7.43,都市：其他:道路用地,96,9,持分移轉,09730001
RPTNMLTKJHLGFDQ27DA,鹿北段,2.75,都市：其他:道路用地,18,1,持分移轉,12820002
RPUNMLTKJHLGFDQ37DA,鹿北段,.48,都市：其他:道路用地,9,1,持分移轉,09750000
RPTNMLTKJHLGFDQ27DA,鹿北段,.74,都市：其他:道路用地,18,1,持分移轉,14050001
RPUNMLTKJHLGFDQ37DA,鹿北段,.97,都市：其他:道路用地,6,1,持分移轉,09760000
RPTNMLTKJHLGFDQ27DA,鹿北段,1.94,都市：其他:道路用地,18,1,持分移轉,14460001
RPUNMLTKJHLGFDQ37DA,鹿北段,13.72,都市：其他:道路用地,6,1,持分移轉,09760001
RPTNMLTKJHLGFDQ27DA,鹿北段,1.02,都市：其他:道路用地,18,1,持分移轉,14460002
RPUNMLTKJHLGFDQ37DA,鹿北段,87.46,都市：其他:道路用地,18,1,持分移轉,12760000
RPTNMLTKJHLGFDQ27DA,鹿北段,6.00,都市：其他:道路用地,18,1,持分移轉,14470000
RPUNMLTKJHLGFDQ37DA,鹿北段,.13,都市：其他:道路用地,18,1,持分移轉,12780001
RPUNMLTKJHLGFDQ37DA,鹿北段,45.23,都市：其他:道路用地,18,1,持分移轉,12820001
RPUNMLTKJHLGFDQ37DA,鹿北段,2.75,都市：其他:道路用地,18,1,持分移轉,12820002
RPUNMLTKJHLGFDQ37DA,鹿北段,.74,都市：其他:道路用地,18,1,持分移轉,14050001
RPUNMLTKJHLGFDQ37DA,鹿北段,1.94,都市：其他:道路用地,18,1,持分移轉,14460001
RPUNMLTKJHLGFDQ37DA,鹿北段,1.02,都市：其他:道路用地,18,1,持分移轉,14460002
RPUNMLTKJHLGFDQ37DA,鹿北段,6.00,都市：其他:道路用地,18,1,持分移轉,14470000
RPORMLTJJHLGFDQ07DA,中庄段,63.63,非都市：鄉村區 ; 非都市編定：乙種建築用地,1,1,全筆移轉,06880000
RPPNMLNKKIKGFDQ98DA,護生段,28.20,非都市：鄉村區 ; 非都市編定：乙種建築用地,5,1,持分移轉,05400008
RPPNMLNKKIKGFDQ98DA,護生段,109.95,非都市：鄉村區 ; 非都市編定：乙種建築用地,1,1,全筆移轉,05400009
RPPNMLMLJHLGFDQ88DA,嘉太段,75.31,都市：其他:住宅區,1,1,全筆移轉,00320005
RPROMLLLJHLGFDQ09DA,水東段,41.08,都市：其他:農業區,1,1,全筆移轉,01600000
RPROMLLLJHLGFDQ09DA,水東段,446.80,都市：其他:住宅區,1,1,全筆移轉,02070000
RPQNMLQKJHLGFDQ66DA,茄苳脚段春珠小段,1572.50,非都市：特定農業區 ; 非都市編定：農牧用地,2,1,持分移轉,03120000
RPSNMLPKJHLGFDQ76DA,鹿南段,101.58,都市：其他:住宅區,1,1,全筆移轉,02460003
RPRNMLMLJHLGFDQ09DA,溪洲段,46.84,非都市：鄉村區 ; 非都市編定：乙種建築用地,2,1,持分移轉,03230000
RPOOMLPKJHLGFDQ09DA,溪安段,295.85,非都市：鄉村區 ; 非都市編定：乙種建築用地,42,3,持分移轉,03310000
RPPNMLPKJHLGFDQ09DA,龍門段,1588.02,非都市：特定農業區 ; 非都市編定：農牧用地,1,1,全筆移轉,07910000
RPQNMLOKJHLGFCQ98DA,潭大段,175.50,非都市：特定農業區 ; 非都市編定：甲種建築用地,4,1,持分移轉,03430000
RPQNMLOKJHLGFCQ98DA,潭大段,.83,非都市：特定農業區 ; 非都市編定：甲種建築用地,24,1,持分移轉,03500000
RPQNMLOKJHLGFCQ98DA,潭子墘段,.92,非都市：特定農業區 ; 非都市編定：甲種建築用地,24,1,持分移轉,04380007
RPTNMLQLJHLGFDQ07DA,龍潭段,2.74,都市：其他:道路廣場用地,1,1,全筆移轉,13100000
RPTNMLQLJHLGFDQ07DA,龍潭段,104.64,都市：其他:商業區,1,1,全筆移轉,13110000
RPPNMLSJJHLGFCQ56DA,世興段,.78,都市：其他:住宅區,20000,82,持分移轉,08510001
RPPNMLSJJHLGFCQ56DA,世興段,30.38,都市：其他:住宅區,20000,82,持分移轉,08570001
RPQOMLPKJHLGFDQ66DA,中庄段,100.16,非都市：鄉村區 ; 非都市編定：乙種建築用地,1,1,全筆移轉,16040005
RPQOMLPKJHLGFDQ66DA,中庄段,8.45,非都市：鄉村區 ; 非都市編定：乙種建築用地,4,1,持分移轉,16040006
RPQOMLPKJHLGFDQ66DA,中庄段,7.96,非都市：鄉村區 ; 非都市編定：乙種建築用地,4,1,持分移轉,16040007
RPQOMLPKJHLGFDQ66DA,中庄段,7.88,非都市：鄉村區 ; 非都市編定：乙種建築用地,4,1,持分移轉,16040010
RPQOMLPKJHLGFDQ66DA,中庄段,34.03,非都市：鄉村區 ; 非都市編定：乙種建築用地,4,1,持分移轉,16040011
RPQOMLPKJHLGFDQ66DA,中庄段,.87,非都市：鄉村區 ; 非都市編定：乙種建築用地,10,1,持分移轉,16040017
RPSNMLQLJHLGFDQ96DA,柳林段,68.20,非都市：鄉村區 ; 非都市編定：乙種建築用地,1,1,全筆移轉,08690000
RPQNMLNLJHLGFDQ09DA,下塗溝段下塗溝小段,3594.00,非都市：特定農業區 ; 非都市編定：農牧用地,1,1,全筆移轉,00470000
RPQNMLRLJHLGFBQ76EA,魍港段,6284.99,非都市：特定專用區 ; 非都市編定：農牧用地,1,1,全筆移轉,06630000
RPUNMLQLJHLGFDQ17DA,後潭段下庄小段,83.00,都市：其他:住宅區,1,1,全筆移轉,01830030
RPUNMLQLJHLGFDQ17DA,後潭段下庄小段,9.00,都市：其他:住宅區,1,1,全筆移轉,01830032
RPPNMLLLJHLGFDQ88EA,鹿北段,6.86,都市：其他:農業區,1,1,全筆移轉,02910004
RPPNMLLLJHLGFDQ88EA,鹿北段,9.12,都市：其他:農業區,1,1,全筆移轉,16520003
RPXNMLTKJHLGFDQ67DA,鹿北段,4.95,都市：其他:道路用地,96,6,持分移轉,09730001
RPVNMLTKJHLGFDQ47DA,鹿北段,4.95,都市：其他:道路用地,96,6,持分移轉,09730001
RPVNMLNLJHLGFCQ86DA,福南段,88.40,都市：其他:住宅區,1,1,全筆移轉,03150022
RPWNMLTKJHLGFDQ57DA,鹿北段,4.95,都市：其他:道路用地,96,6,持分移轉,09730001
RPQOMLOKJHLGFDQ56DA,和雲段,50.23,非都市：鄉村區 ; 非都市編定：乙種建築用地,1,1,全筆移轉,13590000
RPQOMLOKJHLGFDQ56DA,和雲段,5.16,非都市：鄉村區 ; 非都市編定：乙種建築用地,1,1,全筆移轉,13590001
RPQOMLOKJHLGFDQ56DA,和雲段,174.04,非都市：鄉村區 ; 非都市編定：乙種建築用地,1,1,全筆移轉,13600000
RPQPMLTKJHLGFCQ07DA,吉林段,67.98,都市：其他:商業區,1,1,全筆移轉,02490001
RPXOMLTKJHLGFCQ67DA,民工段,85.00,都市：其他:住宅區,1,1,全筆移轉,04070001
RPWNMLRJJHLGFDQ27DA,安仁段,5.95,非都市：鄉村區 ; 非都市編定：乙種建築用地,10000,23,持分移轉,03500000
RPXOMLTKJHLGFCQ67DA,民工段,83.00,都市：其他:住宅區,1,1,全筆移轉,04070002
RPWNMLRJJHLGFDQ27DA,安仁段,1.79,非都市：鄉村區 ; 非都市編定：乙種建築用地,10000,23,持分移轉,03510000
RPRQMLNLJHLGFDQ86DA,柳林段,66.53,非都市：一般農業區 ; 非都市編定：甲種建築用地,1,1,全筆移轉,05200000
RPWNMLKLJHLGFDQ76DA,鹿北段,.88,都市：其他:道路用地,36,1,持分移轉,10610000
RPWNMLKLJHLGFDQ76DA,鹿北段,.69,都市：其他:道路用地,24,1,持分移轉,10620000
RPOOMLKLJHLGFDQ68DA,鹿北段,1.51,都市：其他:道路用地,126,6,持分移轉,10610000
RPXNMLKLJHLGFDQ86DA,鹿北段,1.51,都市：其他:道路用地,252,12,持分移轉,10610000
RPVNMLKLJHLGFDQ66DA,鹿北段,.88,都市：其他:道路用地,36,1,持分移轉,10610000
RPVNMLKLJHLGFDQ66DA,鹿北段,.69,都市：其他:道路用地,24,1,持分移轉,10620000
RPUNMLKLJHLGFDQ56DA,鹿北段,47.27,都市：其他:道路用地,1,1,全筆移轉,10480000
RPSNMLKLJHLGFDQ98DA,鹿北段,8.23,都市：其他:道路用地,3,1,持分移轉,10410000
RPPNMLPKJHLGFBQ88DA,東後寮段東榮小段,2743.00,非都市：特定農業區 ; 非都市編定：農牧用地,1,1,全筆移轉,06340000
RPPNMLPKJHLGFBQ88DA,東後寮段東榮小段,2794.00,非都市：特定農業區 ; 非都市編定：農牧用地,1,1,全筆移轉,06350000
RPQNMLKLJHLGFDQ78DA,護生段,166.92,非都市：鄉村區 ; 非都市編定：乙種建築用地,1,1,全筆移轉,05280000
RPQNMLKLJHLGFDQ78DA,護生段,115.03,非都市：鄉村區 ; 非都市編定：乙種建築用地,1,1,全筆移轉,07390000
RPQNMLKLJHLGFDQ78DA,護生段,312.46,非都市：鄉村區 ; 非都市編定：乙種建築用地,1,1,全筆移轉,07400000
RPTNMLKLJHLGFDQ09DA,鹿北段,8.23,都市：其他:道路用地,3,1,持分移轉,10410000
RPPOMLKLJHLGFDQ78DA,鹿北段,1.51,都市：其他:道路用地,126,6,持分移轉,10610000
RPVOMLKLJHLGFDQ76DA,鹿北段,1.51,都市：其他:道路用地,126,6,持分移轉,10610000
RPOPMLKLJHLGFDQ78DA,鹿北段,.69,都市：其他:道路用地,24,1,持分移轉,10620000
RPQOMLKLJHLGFDQ88DA,鹿北段,1.51,都市：其他:道路用地,126,6,持分移轉,10610000
RPROMLKLJHLGFDQ98DA,鹿北段,1.51,都市：其他:道路用地,126,6,持分移轉,10610000
RPQPMLKLJHLGFDQ98DA,鹿北段,3.45,都市：其他:道路用地,216,4,持分移轉,10890000
RPQPMLKLJHLGFDQ98DA,鹿北段,.43,都市：其他:道路用地,216,4,持分移轉,10900000
RPQPMLKLJHLGFDQ98DA,鹿北段,1.14,都市：其他:道路用地,216,4,持分移轉,10920001
RPUOMLKLJHLGFDQ66DA,鹿北段,1.51,都市：其他:道路用地,126,6,持分移轉,10610000
RPWOMLKLJHLGFDQ86DA,鹿北段,.88,都市：其他:道路用地,36,1,持分移轉,10610000
RPPPMLKLJHLGFDQ88DA,鹿北段,23.29,都市：其他:道路用地,24,3,持分移轉,10890000
RPPPMLKLJHLGFDQ88DA,鹿北段,2.93,都市：其他:道路用地,24,3,持分移轉,10900000
RPPPMLKLJHLGFDQ88DA,鹿北段,7.69,都市：其他:道路用地,24,3,持分移轉,10920001
RPXOMLKLJHLGFDQ96DA,鹿北段,.69,都市：其他:道路用地,24,1,持分移轉,10620000
RPROMLTKJHLGFDQ17DA,鹿北段,.83,都市：其他:道路用地,96,1,持分移轉,09730001
RPRPMLKLJHLGFDQ09DA,鹿北段,3.45,都市：其他:道路用地,216,4,持分移轉,10890000
RPRPMLKLJHLGFDQ09DA,鹿北段,.43,都市：其他:道路用地,216,4,持分移轉,10900000
RPPOMLTKJHLGFDQ96DA,鹿北段,1.65,都市：其他:道路用地,96,2,持分移轉,09730001
RPRPMLKLJHLGFDQ09DA,鹿北段,1.14,都市：其他:道路用地,216,4,持分移轉,10920001
RPPOMLTKJHLGFDQ96DA,鹿北段,.16,都市：其他:道路用地,27,1,持分移轉,09750000
RPPOMLTKJHLGFDQ96DA,鹿北段,.32,都市：其他:道路用地,18,1,持分移轉,09760000
RPPOMLTKJHLGFDQ96DA,鹿北段,4.57,都市：其他:道路用地,18,1,持分移轉,09760001
RPPOMLTKJHLGFDQ96DA,鹿北段,29.15,都市：其他:道路用地,54,1,持分移轉,12760000
RPPOMLTKJHLGFDQ96DA,鹿北段,.04,都市：其他:道路用地,54,1,持分移轉,12780001
RPPOMLTKJHLGFDQ96DA,鹿北段,15.08,都市：其他:道路用地,54,1,持分移轉,12820001
RPPOMLTKJHLGFDQ96DA,鹿北段,.92,都市：其他:道路用地,54,1,持分移轉,12820002
RPPOMLTKJHLGFDQ96DA,鹿北段,.25,都市：其他:道路用地,54,1,持分移轉,14050001
RPPOMLTKJHLGFDQ96DA,鹿北段,.65,都市：其他:道路用地,54,1,持分移轉,14460001
RPPOMLTKJHLGFDQ96DA,鹿北段,.34,都市：其他:道路用地,54,1,持分移轉,14460002
RPPOMLTKJHLGFDQ96DA,鹿北段,2.00,都市：其他:道路用地,54,1,持分移轉,14470000
RPTOMLTKJHLGFDQ37DA,鹿北段,131.18,都市：其他:道路用地,12,1,持分移轉,12760000
RPTOMLTKJHLGFDQ37DA,鹿北段,.20,都市：其他:道路用地,12,1,持分移轉,12780001
RPTOMLTKJHLGFDQ37DA,鹿北段,67.84,都市：其他:道路用地,12,1,持分移轉,12820001
RPTOMLTKJHLGFDQ37DA,鹿北段,4.13,都市：其他:道路用地,12,1,持分移轉,12820002
RPTOMLTKJHLGFDQ37DA,鹿北段,.00,都市：其他:道路用地,576,7,持分移轉,14040001
RPTOMLTKJHLGFDQ37DA,鹿北段,.20,都市：其他:道路用地,576,7,持分移轉,14040002
RPTOMLTKJHLGFDQ37DA,鹿北段,1.12,都市：其他:道路用地,12,1,持分移轉,14050001
RPTOMLTKJHLGFDQ37DA,鹿北段,2.91,都市：其他:道路用地,12,1,持分移轉,14460001
RPTOMLTKJHLGFDQ37DA,鹿北段,1.53,都市：其他:道路用地,12,1,持分移轉,14460002
RPTOMLTKJHLGFDQ37DA,鹿北段,9.00,都市：其他:道路用地,12,1,持分移轉,14470000
RPSOMLTKJHLGFDQ27DA,鹿北段,131.18,都市：其他:道路用地,12,1,持分移轉,12760000
RPSOMLTKJHLGFDQ27DA,鹿北段,.20,都市：其他:道路用地,12,1,持分移轉,12780001
RPSOMLTKJHLGFDQ27DA,鹿北段,67.84,都市：其他:道路用地,12,1,持分移轉,12820001
RPSOMLTKJHLGFDQ27DA,鹿北段,4.13,都市：其他:道路用地,12,1,持分移轉,12820002
RPSOMLTKJHLGFDQ27DA,鹿北段,.00,都市：其他:道路用地,576,7,持分移轉,14040001
RPSOMLTKJHLGFDQ27DA,鹿北段,.20,都市：其他:道路用地,576,7,持分移轉,14040002
RPSOMLTKJHLGFDQ27DA,鹿北段,1.12,都市：其他:道路用地,12,1,持分移轉,14050001
RPSOMLTKJHLGFDQ27DA,鹿北段,2.91,都市：其他:道路用地,12,1,持分移轉,14460001
RPSOMLTKJHLGFDQ27DA,鹿北段,1.53,都市：其他:道路用地,12,1,持分移轉,14460002
RPSOMLTKJHLGFDQ27DA,鹿北段,9.00,都市：其他:道路用地,12,1,持分移轉,14470000
RPOOMLRJJHLGFDQ56DA,茄苳脚段,12.30,都市：其他:住宅區,90,9,持分移轉,00780007
RPOOMLRJJHLGFDQ56DA,茄苳脚段,1.70,都市：其他:道路用地,10,1,持分移轉,00780008
RPOOMLRJJHLGFDQ56DA,茄苳脚段,13.40,都市：其他:停車場,10,1,持分移轉,00780009
RPWOMLTKJHLGFDQ67DA,鹿北段,262.37,都市：其他:道路用地,6,1,持分移轉,12760000
RPWOMLTKJHLGFDQ67DA,鹿北段,.40,都市：其他:道路用地,6,1,持分移轉,12780001
RPWOMLTKJHLGFDQ67DA,鹿北段,135.68,都市：其他:道路用地,6,1,持分移轉,12820001
RPWOMLTKJHLGFDQ67DA,鹿北段,8.25,都市：其他:道路用地,6,1,持分移轉,12820002
RPWOMLTKJHLGFDQ67DA,鹿北段,.01,都市：其他:道路用地,1440,43,持分移轉,14040001
RPWOMLTKJHLGFDQ67DA,鹿北段,.48,都市：其他:道路用地,1440,43,持分移轉,14040002
RPWOMLTKJHLGFDQ67DA,鹿北段,2.23,都市：其他:道路用地,6,1,持分移轉,14050001
RPWOMLTKJHLGFDQ67DA,鹿北段,5.81,都市：其他:道路用地,6,1,持分移轉,14460001
RPWOMLTKJHLGFDQ67DA,鹿北段,3.06,都市：其他:道路用地,6,1,持分移轉,14460002
RPWOMLTKJHLGFDQ67DA,鹿北段,17.99,都市：其他:道路用地,6,1,持分移轉,14470000
RPOOMLTKJHLGFDQ86DA,鹿北段,1.65,都市：其他:道路用地,96,2,持分移轉,09730001
RPOOMLTKJHLGFDQ86DA,鹿北段,.16,都市：其他:道路用地,27,1,持分移轉,09750000
RPOOMLTKJHLGFDQ86DA,鹿北段,.32,都市：其他:道路用地,18,1,持分移轉,09760000
RPOOMLTKJHLGFDQ86DA,鹿北段,4.57,都市：其他:道路用地,18,1,持分移轉,09760001
RPOOMLTKJHLGFDQ86DA,鹿北段,29.15,都市：其他:道路用地,54,1,持分移轉,12760000
RPOOMLTKJHLGFDQ86DA,鹿北段,.04,都市：其他:道路用地,54,1,持分移轉,12780001
RPOOMLTKJHLGFDQ86DA,鹿北段,15.08,都市：其他:道路用地,54,1,持分移轉,12820001
RPOOMLTKJHLGFDQ86DA,鹿北段,.92,都市：其他:道路用地,54,1,持分移轉,12820002
RPOOMLTKJHLGFDQ86DA,鹿北段,.25,都市：其他:道路用地,54,1,持分移轉,14050001
RPOOMLTKJHLGFDQ86DA,鹿北段,.65,都市：其他:道路用地,54,1,持分移轉,14460001
RPOOMLTKJHLGFDQ86DA,鹿北段,.34,都市：其他:道路用地,54,1,持分移轉,14460002
RPOOMLTKJHLGFDQ86DA,鹿北段,2.00,都市：其他:道路用地,54,1,持分移轉,14470000
RPPNMLRLJHLGFCQ76EA,甘蔗崙段甘蔗崙小段,1185.00,都市：其他:農業區,1,1,全筆移轉,00710001
RPUOMLTKJHLGFDQ47DA,鹿北段,262.37,都市：其他:道路用地,6,1,持分移轉,12760000
RPUOMLTKJHLGFDQ47DA,鹿北段,.40,都市：其他:道路用地,6,1,持分移轉,12780001
RPUOMLTKJHLGFDQ47DA,鹿北段,135.68,都市：其他:道路用地,6,1,持分移轉,12820001
RPUOMLTKJHLGFDQ47DA,鹿北段,8.25,都市：其他:道路用地,6,1,持分移轉,12820002
RPUOMLTKJHLGFDQ47DA,鹿北段,2.23,都市：其他:道路用地,6,1,持分移轉,14050001
RPUOMLTKJHLGFDQ47DA,鹿北段,5.81,都市：其他:道路用地,6,1,持分移轉,14460001
RPUOMLTKJHLGFDQ47DA,鹿北段,3.06,都市：其他:道路用地,6,1,持分移轉,14460002
RPUOMLTKJHLGFDQ47DA,鹿北段,17.99,都市：其他:道路用地,6,1,持分移轉,14470000
RPPNMLRLJHLGFBQ66EA,安溪寮新段,2801.59,非都市：特定專用區 ; 非都市編定：養殖用地,1,1,全筆移轉,01480000
RPSPMLKLJHLGFDQ56DA,鹿北段,3.45,都市：其他:道路用地,216,4,持分移轉,10890000
RPSPMLKLJHLGFDQ56DA,鹿北段,.43,都市：其他:道路用地,216,4,持分移轉,10900000
RPSPMLKLJHLGFDQ56DA,鹿北段,1.14,都市：其他:道路用地,216,4,持分移轉,10920001
RPPNMLRLJHLGFBQ66EA,安溪寮段平溪小段,1680.00,非都市：特定農業區 ; 非都市編定：農牧用地,1,1,全筆移轉,01720000
RPPNMLRLJHLGFBQ66EA,安溪寮段平溪小段,989.00,非都市：特定農業區 ; 非都市編定：農牧用地,1,1,全筆移轉,01730000
RPPNMLRLJHLGFBQ66EA,安溪寮段平溪小段,43.00,非都市：特定農業區 ; 非都市編定：水利用地,1,1,全筆移轉,03170003
RPPNMLRLJHLGFBQ66EA,安溪寮段平溪小段,266.00,非都市：特定農業區 ; 非都市編定：水利用地,1,1,全筆移轉,03170004
RPVOMLTKJHLGFDQ57DA,鹿北段,262.37,都市：其他:道路用地,6,1,持分移轉,12760000
RPVOMLTKJHLGFDQ57DA,鹿北段,.40,都市：其他:道路用地,6,1,持分移轉,12780001
RPVOMLTKJHLGFDQ57DA,鹿北段,135.68,都市：其他:道路用地,6,1,持分移轉,12820001
RPVOMLTKJHLGFDQ57DA,鹿北段,8.25,都市：其他:道路用地,6,1,持分移轉,12820002
RPVOMLTKJHLGFDQ57DA,鹿北段,2.23,都市：其他:道路用地,6,1,持分移轉,14050001
RPVOMLTKJHLGFDQ57DA,鹿北段,5.81,都市：其他:道路用地,6,1,持分移轉,14460001
RPVOMLTKJHLGFDQ57DA,鹿北段,3.06,都市：其他:道路用地,6,1,持分移轉,14460002
RPVOMLTKJHLGFDQ57DA,鹿北段,17.99,都市：其他:道路用地,6,1,持分移轉,14470000
RPQNMLSLJHLGFCQ86DA,崙子頂段,1545.00,非都市：特定農業區 ; 非都市編定：農牧用地,1,1,全筆移轉,09430000
RPXOMLTKJHLGFDQ77DA,鹿北段,.01,都市：其他:道路用地,720,40,持分移轉,14040001
RPXOMLTKJHLGFDQ77DA,鹿北段,.90,都市：其他:道路用地,720,40,持分移轉,14040002
RPOPMLTKJHLGFDQ96DA,鹿北段,.00,都市：其他:道路用地,720,8,持分移轉,14040001
RPOPMLTKJHLGFDQ96DA,鹿北段,.18,都市：其他:道路用地,720,8,持分移轉,14040002
RPTPMLKLJHLGFDQ66DA,鹿北段,24.84,都市：其他:道路用地,360,48,持分移轉,10890000
RPTPMLKLJHLGFDQ66DA,鹿北段,1.30,都市：其他:道路用地,72,4,持分移轉,10900000
RPTPMLKLJHLGFDQ66DA,鹿北段,3.42,都市：其他:道路用地,72,4,持分移轉,10920001
RPXNMLOKJHLGFDQ17DA,粗溪段粗溪小段,3543.00,非都市：特定農業區 ; 非都市編定：農牧用地,1,1,全筆移轉,02140000
RPUPMLKLJHLGFDQ76DA,鹿北段,15.52,都市：其他:道路用地,360,30,持分移轉,10890000
RPUPMLKLJHLGFDQ76DA,鹿北段,1.95,都市：其他:道路用地,72,6,持分移轉,10900000
RPUPMLKLJHLGFDQ76DA,鹿北段,5.13,都市：其他:道路用地,72,6,持分移轉,10920001
RPWPMLKLJHLGFDQ96DA,鹿北段,54.80,都市：其他:道路用地,375,146,持分移轉,11290000
RPTNMLQJJHLGFBQ66DA,新生段,101.25,都市：其他:住宅區,1,1,全筆移轉,00650108
RPTNMLQJJHLGFBQ66DA,新生段,101.25,都市：其他:住宅區,1,1,全筆移轉,00650109
RPTNMLQJJHLGFBQ66DA,新生段,101.25,都市：其他:住宅區,1,1,全筆移轉,00650110
RPQOMLTKJHLGFDQ07DA,鹿北段,6.60,都市：其他:道路用地,96,8,持分移轉,09730001
RPQOMLTKJHLGFDQ07DA,鹿北段,.64,都市：其他:道路用地,27,4,持分移轉,09750000
RPQOMLTKJHLGFDQ07DA,鹿北段,1.30,都市：其他:道路用地,18,4,持分移轉,09760000
RPQOMLTKJHLGFDQ07DA,鹿北段,18.29,都市：其他:道路用地,18,4,持分移轉,09760001
RPQOMLTKJHLGFDQ07DA,鹿北段,116.61,都市：其他:道路用地,54,4,持分移轉,12760000
RPQOMLTKJHLGFDQ07DA,鹿北段,.18,都市：其他:道路用地,27,2,持分移轉,12780001
RPQOMLTKJHLGFDQ07DA,鹿北段,60.30,都市：其他:道路用地,27,2,持分移轉,12820001
RPQOMLTKJHLGFDQ07DA,鹿北段,3.67,都市：其他:道路用地,27,2,持分移轉,12820002
RPQOMLTKJHLGFDQ07DA,鹿北段,.99,都市：其他:道路用地,27,2,持分移轉,14050001
RPQOMLTKJHLGFDQ07DA,鹿北段,2.58,都市：其他:道路用地,27,2,持分移轉,14460001
RPQOMLTKJHLGFDQ07DA,鹿北段,1.36,都市：其他:道路用地,27,2,持分移轉,14460002
RPQOMLTKJHLGFDQ07DA,鹿北段,8.00,都市：其他:道路用地,27,2,持分移轉,14470000
RPOQMLKLJHLGFDQ88DA,鹿北段,27.31,都市：其他:道路用地,1500,291,持分移轉,11290000
RPQNMLLLJHLGFDQ88DA,鹿北段,4.12,都市：其他:道路用地,8,1,持分移轉,14060002
RPQNMLLLJHLGFDQ88DA,鹿北段,.83,都市：其他:道路用地,20,1,持分移轉,14070001
RPQNMLLLJHLGFDQ88DA,鹿北段,.25,都市：其他:道路用地,8,1,持分移轉,14080001
RPQNMLLLJHLGFDQ88DA,鹿北段,2.01,都市：其他:道路用地,20,1,持分移轉,14090000
RPQNMLLLJHLGFDQ88DA,鹿北段,4.75,都市：其他:道路用地,122000,14875,持分移轉,14100000
RPQNMLLLJHLGFDQ88DA,鹿北段,2.11,都市：其他:道路用地,20,1,持分移轉,14110000
RPQNMLLLJHLGFDQ88DA,鹿北段,2.56,都市：其他:道路用地,20,1,持分移轉,14120001
RPQNMLLLJHLGFDQ88DA,鹿北段,.31,都市：其他:道路用地,8,1,持分移轉,14130001
RPXPMLKLJHLGFDQ07DA,鹿北段,35.19,都市：其他:道路用地,1500,375,持分移轉,11290000
RPPNMLLLJHLGFDQ78DA,鹿北段,4.12,都市：其他:道路用地,8,1,持分移轉,14060002
RPPNMLLLJHLGFDQ78DA,鹿北段,.83,都市：其他:道路用地,20,1,持分移轉,14070001
RPPNMLLLJHLGFDQ78DA,鹿北段,.25,都市：其他:道路用地,8,1,持分移轉,14080001
RPPNMLLLJHLGFDQ78DA,鹿北段,2.01,都市：其他:道路用地,20,1,持分移轉,14090000
RPPNMLLLJHLGFDQ78DA,鹿北段,4.75,都市：其他:道路用地,122000,14875,持分移轉,14100000
RPPNMLLLJHLGFDQ78DA,鹿北段,2.11,都市：其他:道路用地,20,1,持分移轉,14110000
RPPNMLLLJHLGFDQ78DA,鹿北段,2.56,都市：其他:道路用地,20,1,持分移轉,14120001
RPPNMLLLJHLGFDQ78DA,鹿北段,.31,都市：其他:道路用地,8,1,持分移轉,14130001
RPVPMLKLJHLGFDQ86DA,鹿北段,7.76,都市：其他:道路用地,360,15,持分移轉,10890000
RPVPMLKLJHLGFDQ86DA,鹿北段,.98,都市：其他:道路用地,72,3,持分移轉,10900000
RPRNMLLLJHLGFDQ98DA,鹿北段,4.12,都市：其他:道路用地,8,1,持分移轉,14060002
RPVPMLKLJHLGFDQ86DA,鹿北段,2.56,都市：其他:道路用地,72,3,持分移轉,10920001
RPRNMLLLJHLGFDQ98DA,鹿北段,.83,都市：其他:道路用地,20,1,持分移轉,14070001
RPRNMLLLJHLGFDQ98DA,鹿北段,.25,都市：其他:道路用地,8,1,持分移轉,14080001
RPRNMLLLJHLGFDQ98DA,鹿北段,2.01,都市：其他:道路用地,20,1,持分移轉,14090000
RPRNMLLLJHLGFDQ98DA,鹿北段,4.75,都市：其他:道路用地,122000,14875,持分移轉,14100000
RPRNMLLLJHLGFDQ98DA,鹿北段,2.11,都市：其他:道路用地,20,1,持分移轉,14110000
RPRNMLLLJHLGFDQ98DA,鹿北段,2.56,都市：其他:道路用地,20,1,持分移轉,14120001
RPRNMLLLJHLGFDQ98DA,鹿北段,.31,都市：其他:道路用地,8,1,持分移轉,14130001
RPTNMLLLJHLGFDQ56DA,鹿北段,4.12,都市：其他:道路用地,8,1,持分移轉,14060002
RPTNMLLLJHLGFDQ56DA,鹿北段,.83,都市：其他:道路用地,20,1,持分移轉,14070001
RPTNMLLLJHLGFDQ56DA,鹿北段,.25,都市：其他:道路用地,8,1,持分移轉,14080001
RPTNMLLLJHLGFDQ56DA,鹿北段,2.01,都市：其他:道路用地,20,1,持分移轉,14090000
RPTNMLLLJHLGFDQ56DA,鹿北段,4.75,都市：其他:道路用地,122000,14875,持分移轉,14100000
RPTNMLLLJHLGFDQ56DA,鹿北段,2.11,都市：其他:道路用地,20,1,持分移轉,14110000
RPTNMLLLJHLGFDQ56DA,鹿北段,2.56,都市：其他:道路用地,20,1,持分移轉,14120001
RPTNMLLLJHLGFDQ56DA,鹿北段,.31,都市：其他:道路用地,8,1,持分移轉,14130001
RPPNMLNJJHLGFBQ58DA,𧃽菜埔段永和小段,24.90,非都市：特定農業區 ; 非都市編定：甲種建築用地,20,1,持分移轉,01310000
RPPNMLNJJHLGFBQ58DA,𧃽菜埔段永和小段,70.00,非都市：特定農業區 ; 非都市編定：甲種建築用地,1,1,全筆移轉,01310031
RPSNMLLLJHLGFDQ09DA,鹿北段,4.12,都市：其他:道路用地,8,1,持分移轉,14060002
RPSNMLLLJHLGFDQ09DA,鹿北段,.83,都市：其他:道路用地,20,1,持分移轉,14070001
RPSNMLLLJHLGFDQ09DA,鹿北段,.25,都市：其他:道路用地,8,1,持分移轉,14080001
RPSNMLLLJHLGFDQ09DA,鹿北段,2.01,都市：其他:道路用地,20,1,持分移轉,14090000
RPSNMLLLJHLGFDQ09DA,鹿北段,4.75,都市：其他:道路用地,122000,14875,持分移轉,14100000
RPSNMLLLJHLGFDQ09DA,鹿北段,2.11,都市：其他:道路用地,20,1,持分移轉,14110000
RPSNMLLLJHLGFDQ09DA,鹿北段,2.56,都市：其他:道路用地,20,1,持分移轉,14120001
RPSNMLLLJHLGFDQ09DA,鹿北段,.31,都市：其他:道路用地,8,1,持分移轉,14130001
RPUNMLQLJHLGFBQ96DA,下竹圍段佳禾小段,1784.00,都市：其他:農業區,1,1,全筆移轉,03640000
RPQPMLTKJHLGFDQ17DA,鹿北段,.01,都市：其他:道路用地,995760,25816,持分移轉,14040001
RPQPMLTKJHLGFDQ17DA,鹿北段,.42,都市：其他:道路用地,995760,25816,持分移轉,14040002
RPRNMLSKKIKGFEQ27EA,大草埔段,192.19,非都市：山坡地保育區 ; 非都市編定：丙種建築用地,13905,515,持分移轉,01990000
RPTNMLQLJHLGFBQ86DA,下竹圍段佳禾小段,1783.00,都市：其他:農業區,1,1,全筆移轉,03630000
RPRPMLTKJHLGFDQ27DA,鹿北段,.01,都市：其他:道路用地,995760,25816,持分移轉,14040001
RPRPMLTKJHLGFDQ27DA,鹿北段,.42,都市：其他:道路用地,995760,25816,持分移轉,14040002
RPUPMLTKJHLGFDQ57DA,鹿北段,.01,都市：其他:道路用地,248940,6454,持分移轉,14040001
RPUPMLTKJHLGFDQ57DA,鹿北段,.42,都市：其他:道路用地,248940,6454,持分移轉,14040002
RPPPMLTKJHLGFDQ07DA,鹿北段,.02,都市：其他:道路用地,110640,9184,持分移轉,14040001
RPPPMLTKJHLGFDQ07DA,鹿北段,1.34,都市：其他:道路用地,110640,9184,持分移轉,14040002
RPPPMLTKJHLGFDQ07DA,鹿北段,12.62,都市：其他:道路用地,5,2,持分移轉,14060003
RPVPMLTKJHLGFDQ67DA,鹿北段,.01,都市：其他:道路用地,82980,3444,持分移轉,14040001
RPVPMLTKJHLGFDQ67DA,鹿北段,.67,都市：其他:道路用地,82980,3444,持分移轉,14040002
RPVPMLTKJHLGFDQ67DA,鹿北段,6.31,都市：其他:道路用地,5,1,持分移轉,14060003
RPRNMLMLJHLGFDQ56EA,太保段太保小段,57.00,都市：其他:農業區,1,1,全筆移轉,03430009
RPSNMLRLJHLGFDQ07DA,牛稠埔段,589.00,非都市：山坡地保育區 ; 非都市編定：丙種建築用地,1,1,全筆移轉,01820002
RPSPMLTKJHLGFDQ37DA,鹿北段,.01,都市：其他:道路用地,995760,29043,持分移轉,14040001
RPSPMLTKJHLGFDQ37DA,鹿北段,.47,都市：其他:道路用地,995760,29043,持分移轉,14040002
RPQNMLQLJHLGFDQ76DA,田尾段田尾小段,25.31,非都市：特定農業區 ; 非都市編定：甲種建築用地,16,1,持分移轉,04760000
RPPNMLMLJHLGFEQ98DA,內埔子段,3601.00,非都市：山坡地保育區 ; 非都市編定：農牧用地,1,1,全筆移轉,01290004
RPQNMLQLJHLGFDQ76DA,田尾段田尾小段,138.00,非都市：特定農業區 ; 非都市編定：甲種建築用地,1,1,全筆移轉,04760012
RPPNMLQLJHLGFDQ66DA,民生段,86.78,非都市：鄉村區 ; 非都市編定：乙種建築用地,1,1,全筆移轉,07080000
RPUNMLLLJHLGFDQ66DA,鹿北段,4.12,都市：其他:道路用地,8,1,持分移轉,14060002
RPUNMLLLJHLGFDQ66DA,鹿北段,.83,都市：其他:道路用地,20,1,持分移轉,14070001
RPTPMLTKJHLGFDQ47DA,鹿北段,.01,都市：其他:道路用地,248940,10332,持分移轉,14040001
RPTPMLTKJHLGFDQ47DA,鹿北段,.67,都市：其他:道路用地,248940,10332,持分移轉,14040002
RPTPMLTKJHLGFDQ47DA,鹿北段,6.31,都市：其他:道路用地,5,1,持分移轉,14060003
RPUNMLLLJHLGFDQ66DA,鹿北段,.25,都市：其他:道路用地,8,1,持分移轉,14080001
RPUNMLLLJHLGFDQ66DA,鹿北段,2.01,都市：其他:道路用地,20,1,持分移轉,14090000
RPUNMLLLJHLGFDQ66DA,鹿北段,4.75,都市：其他:道路用地,122000,14875,持分移轉,14100000
RPUNMLLLJHLGFDQ66DA,鹿北段,2.11,都市：其他:道路用地,20,1,持分移轉,14110000
RPUNMLLLJHLGFDQ66DA,鹿北段,2.56,都市：其他:道路用地,20,1,持分移轉,14120001
RPUNMLLLJHLGFDQ66DA,鹿北段,.31,都市：其他:道路用地,8,1,持分移轉,14130001
SPPNMLMLJHLGFEQ09DA,內埔子段,1373.00,非都市：山坡地保育區 ; 非都市編定：農牧用地,1,1,全筆移轉,01290003
RPTNMLRLJHLGFDQ17DA,崙子頂段崙頂小段,1112.00,都市：其他:國民中學用地,2,1,持分移轉,01470000
RPSNMLQLJHLGFBQ76DA,牛挑灣段松華小段,3044.00,非都市：特定農業區 ; 非都市編定：農牧用地,1,1,全筆移轉,04840000
RPSNMLMLJHLGFDQ66EA,太保段太保小段,3.00,都市：其他:農業區,1,1,全筆移轉,03430013
RPSNMLNJKHLGFBQ98DA,保安宮段,2.25,非都市：一般農業區 ; 非都市編定：養殖用地,1,1,全筆移轉,02210000
RPXOMLLLJHLGFDQ07DA,鹿北段,1.10,都市：其他:道路用地,15,1,持分移轉,14070001
RPXOMLLLJHLGFDQ07DA,鹿北段,2.68,都市：其他:道路用地,240,16,持分移轉,14090000
RPXOMLLLJHLGFDQ07DA,鹿北段,.32,都市：其他:道路用地,122,1,持分移轉,14100000
RPXOMLLLJHLGFDQ07DA,鹿北段,2.82,都市：其他:道路用地,240,16,持分移轉,14110000
RPXOMLLLJHLGFDQ07DA,鹿北段,3.41,都市：其他:道路用地,120,8,持分移轉,14120001
RPXOMLLLJHLGFDQ07DA,鹿北段,5.58,都市：其他:道路用地,3,1,持分移轉,14140001
RPXOMLLLJHLGFDQ07DA,鹿北段,21.17,都市：其他:道路用地,3,1,持分移轉,14360001
RPXOMLLLJHLGFDQ07DA,鹿北段,2.63,都市：其他:道路用地,3,1,持分移轉,14370000
RPXOMLLLJHLGFDQ07DA,鹿北段,4.46,都市：其他:道路用地,7203,400,持分移轉,14380000
RPXOMLLLJHLGFDQ07DA,鹿北段,.06,都市：其他:住宅區,7203,400,持分移轉,14390002
RPXOMLLLJHLGFDQ07DA,鹿北段,2.45,都市：其他:道路用地,7203,400,持分移轉,14390003
RPXOMLLLJHLGFDQ07DA,鹿北段,.48,都市：其他:道路用地,7203,400,持分移轉,14450000
RPVNMLQKKIKGFDQ27DA,嘉保段,101.05,都市：其他:住宅區,1,1,全筆移轉,00560001
RPWNMLLLJHLGFDQ86DA,鹿北段,.21,都市：其他:道路用地,80,1,持分移轉,14070001
RPWNMLLLJHLGFDQ86DA,鹿北段,.50,都市：其他:道路用地,80,1,持分移轉,14090000
RPWNMLLLJHLGFDQ86DA,鹿北段,.53,都市：其他:道路用地,80,1,持分移轉,14110000
RPWNMLLLJHLGFDQ86DA,鹿北段,.64,都市：其他:道路用地,80,1,持分移轉,14120001
RPWNMLLLJHLGFDQ86DA,鹿北段,1.76,都市：其他:道路用地,16,1,持分移轉,14480000
RPTOMLLLJHLGFDQ66DA,鹿北段,.41,都市：其他:道路用地,40,1,持分移轉,14070001
RPTOMLLLJHLGFDQ66DA,鹿北段,1.00,都市：其他:道路用地,40,1,持分移轉,14090000
RPTOMLLLJHLGFDQ66DA,鹿北段,1.06,都市：其他:道路用地,40,1,持分移轉,14110000
RPTOMLLLJHLGFDQ66DA,鹿北段,1.28,都市：其他:道路用地,40,1,持分移轉,14120001
RPXNMLLLJHLGFDQ96DA,鹿北段,.21,都市：其他:道路用地,80,1,持分移轉,14070001
RPXNMLLLJHLGFDQ96DA,鹿北段,.50,都市：其他:道路用地,80,1,持分移轉,14090000
RPXNMLLLJHLGFDQ96DA,鹿北段,.53,都市：其他:道路用地,80,1,持分移轉,14110000
RPXNMLLLJHLGFDQ96DA,鹿北段,.64,都市：其他:道路用地,80,1,持分移轉,14120001
RPXNMLLLJHLGFDQ96DA,鹿北段,1.76,都市：其他:道路用地,16,1,持分移轉,14480000
RPUOMLLLJHLGFDQ76DA,鹿北段,.41,都市：其他:道路用地,40,1,持分移轉,14070001
RPUOMLLLJHLGFDQ76DA,鹿北段,.50,都市：其他:道路用地,80,1,持分移轉,14090000
RPUOMLLLJHLGFDQ76DA,鹿北段,.53,都市：其他:道路用地,80,1,持分移轉,14110000
RPVNMLLLJHLGFDQ76DA,鹿北段,8.24,都市：其他:道路用地,8,2,持分移轉,14060002
RPVNMLLLJHLGFDQ76DA,鹿北段,1.66,都市：其他:道路用地,20,2,持分移轉,14070001
RPVNMLLLJHLGFDQ76DA,鹿北段,.51,都市：其他:道路用地,8,2,持分移轉,14080001
RPVNMLLLJHLGFDQ76DA,鹿北段,4.02,都市：其他:道路用地,20,2,持分移轉,14090000
RPVNMLLLJHLGFDQ76DA,鹿北段,9.50,都市：其他:道路用地,122000,29750,持分移轉,14100000
RPVNMLLLJHLGFDQ76DA,鹿北段,4.23,都市：其他:道路用地,20,2,持分移轉,14110000
RPVNMLLLJHLGFDQ76DA,鹿北段,5.12,都市：其他:道路用地,20,2,持分移轉,14120001
RPVNMLLLJHLGFDQ76DA,鹿北段,.63,都市：其他:道路用地,8,2,持分移轉,14130001
RPPNMLKMJHLGFCQ78EA,永福段,124.00,都市：其他:住宅區,1,1,全筆移轉,06340000
RPSOMLLLJHLGFDQ56DA,鹿北段,.41,都市：其他:道路用地,40,1,持分移轉,14070001
RPSOMLLLJHLGFDQ56DA,鹿北段,1.00,都市：其他:道路用地,40,1,持分移轉,14090000
RPSOMLLLJHLGFDQ56DA,鹿北段,1.06,都市：其他:道路用地,40,1,持分移轉,14110000
RPSOMLLLJHLGFDQ56DA,鹿北段,1.28,都市：其他:道路用地,40,1,持分移轉,14120001
RPQOMLLLJHLGFDQ98DA,鹿北段,.41,都市：其他:道路用地,80,2,持分移轉,14070001
RPQOMLLLJHLGFDQ98DA,鹿北段,1.00,都市：其他:道路用地,80,2,持分移轉,14090000
RPQOMLLLJHLGFDQ98DA,鹿北段,1.06,都市：其他:道路用地,80,2,持分移轉,14110000
RPQOMLLLJHLGFDQ98DA,鹿北段,1.28,都市：其他:道路用地,80,2,持分移轉,14120001
RPQOMLLLJHLGFDQ98DA,鹿北段,3.52,都市：其他:道路用地,16,2,持分移轉,14480000
RPROMLKMJHLGFCQ98DA,秀林段,1173.60,非都市：一般農業區 ; 非都市編定：農牧用地,2,1,持分移轉,16670000
RPRNMLLJKHLGFCQ78DA,江厝店段興中小段,596.00,都市：其他:農業區,1,1,全筆移轉,04010001
RPWOMLLLJHLGFDQ96DA,鹿北段,.14,都市：其他:道路用地,120,1,持分移轉,14070001
RPWOMLLLJHLGFDQ96DA,鹿北段,.33,都市：其他:道路用地,240,2,持分移轉,14090000
RPWOMLLLJHLGFDQ96DA,鹿北段,.35,都市：其他:道路用地,240,2,持分移轉,14110000
RPWOMLLLJHLGFDQ96DA,鹿北段,.43,都市：其他:道路用地,120,1,持分移轉,14120001
RPXNMLTLJHLGFDQ77DA,石硦段,16.00,非都市：山坡地保育區 ; 非都市編定：農牧用地,63,16,持分移轉,01380003
RPXNMLSLJHLGFDQ67DA,和興段,100.81,都市：其他:住宅區,1,1,全筆移轉,01190000
RPVNMLRLJHLGFCQ27DA,潭底段潭底小段,37.80,都市：其他:住宅區,5,1,持分移轉,02670003
RPVNMLRLJHLGFCQ27DA,潭底段潭底小段,1.27,都市：其他:住宅區,1527178,7766,持分移轉,02670004
RPVNMLRLJHLGFCQ27DA,潭底段潭底小段,.12,都市：其他:住宅區,7635890,7766,持分移轉,02670005
RPVNMLRLJHLGFCQ27DA,潭底段潭底小段,1.59,都市：其他:住宅區,1527178,7766,持分移轉,02670009
RPVNMLRLJHLGFCQ27DA,潭底段潭底小段,1.56,都市：其他:住宅區,1527178,7766,持分移轉,03640012
RPPNMLMJKHLGFCQ68DA,林子前段三和小段,2477.00,非都市：特定農業區 ; 非都市編定：農牧用地,1,1,全筆移轉,03820000
RPPNMLMJKHLGFCQ68DA,林子前段三和小段,779.00,非都市：特定農業區 ; 非都市編定：農牧用地,1,1,全筆移轉,03830000
RPUPMLLLJHLGFDQ86DA,鹿北段,9.04,都市：其他:道路用地,4802,540,持分移轉,14380000
RPUPMLLLJHLGFDQ86DA,鹿北段,.13,都市：其他:住宅區,14406,1620,持分移轉,14390002
RPUPMLLLJHLGFDQ86DA,鹿北段,4.96,都市：其他:道路用地,14406,1620,持分移轉,14390003
RPUPMLLLJHLGFDQ86DA,鹿北段,.97,都市：其他:道路用地,14406,1620,持分移轉,14450000
RPPNMLRLJHLGFDQ76DA,石硦段,9103.00,非都市：山坡地保育區 ; 非都市編定：農牧用地,1,1,全筆移轉,01200041
RPPNMLRLJHLGFDQ76DA,石硦段,4535.00,非都市：山坡地保育區 ; 非都市編定：農牧用地,1,1,全筆移轉,01200119
RPPNMLRLJHLGFDQ76DA,石硦段,643.00,非都市：山坡地保育區 ; 非都市編定：農牧用地,1,1,全筆移轉,01710013
RPVPMLLLJHLGFDQ96DA,鹿北段,9.04,都市：其他:道路用地,4802,540,持分移轉,14380000
RPVPMLLLJHLGFDQ96DA,鹿北段,.13,都市：其他:住宅區,14406,1620,持分移轉,14390002
RPTPMLLLJHLGFDQ76DA,鹿北段,19.43,都市：其他:道路用地,4802,1161,持分移轉,14380000
RPVPMLLLJHLGFDQ96DA,鹿北段,4.96,都市：其他:道路用地,14406,1620,持分移轉,14390003
RPTPMLLLJHLGFDQ76DA,鹿北段,.27,都市：其他:住宅區,14406,3483,持分移轉,14390002
RPTPMLLLJHLGFDQ76DA,鹿北段,10.67,都市：其他:道路用地,14406,3483,持分移轉,14390003
RPTPMLLLJHLGFDQ76DA,鹿北段,2.09,都市：其他:道路用地,14406,3483,持分移轉,14450000
RPVPMLLLJHLGFDQ96DA,鹿北段,.97,都市：其他:道路用地,14406,1620,持分移轉,14450000
RPTOMLSLJHLGFDQ37DA,鹿北段,1.13,都市：其他:道路用地,21,3,持分移轉,14370000
RPTOMLSLJHLGFDQ37DA,鹿北段,3.35,都市：其他:道路用地,2401,100,持分移轉,14380000
RPTOMLSLJHLGFDQ37DA,鹿北段,.36,都市：其他:道路用地,7203,300,持分移轉,14450000
RPPNMLMJKHLGFDQ88EA,三角子段三角小段,4488.00,非都市：特定農業區 ; 非都市編定：農牧用地,1,1,全筆移轉,05700000
RPPNMLNJKHLGFBQ78EA,大槺榔段大葛小段,1611.00,非都市：特定農業區 ; 非都市編定：農牧用地,1,1,全筆移轉,00850000
RPWPMLLLJHLGFDQ07DA,鹿北段,.84,都市：其他:道路用地,14406,1400,持分移轉,14450000
RPQNMLLJKHLGFCQ68DA,江厝店段興中小段,2550.00,都市：其他:農業區,1,1,全筆移轉,04010000
RPPNMLKMKIKGFCQ78DA,民南段,305.00,都市：其他:農業區,1,1,全筆移轉,06090000
RPRNMLNJKHLGFBQ88DA,湖底段湖底小段,21.61,非都市：一般農業區 ; 非都市編定：甲種建築用地,18,1,持分移轉,06550004
RPRNMLNJKHLGFBQ88DA,湖底段湖底小段,78.00,非都市：一般農業區 ; 非都市編定：甲種建築用地,1,1,全筆移轉,06550022
RPRNMLNJKHLGFBQ88DA,湖底段湖底小段,1.06,非都市：鄉村區 ; 非都市編定：水利用地,18,1,持分移轉,06640017
RPSNMLNJKHLGFCQ09DA,潭大段,175.50,非都市：特定農業區 ; 非都市編定：甲種建築用地,4,1,持分移轉,03430000
RPPNMLOJKHLGFCQ98EA,明和段,73.00,都市：其他:住宅區,1,1,全筆移轉,03350005
RPUNMLRLJHLGFCQ17DA,潭底段潭底小段,30.80,都市：其他:住宅區,5,1,持分移轉,02670002
RPUNMLRLJHLGFCQ17DA,潭底段潭底小段,1.25,都市：其他:住宅區,1527178,7665,持分移轉,02670004
RPUNMLRLJHLGFCQ17DA,潭底段潭底小段,.12,都市：其他:住宅區,1527178,1533,持分移轉,02670005
RPUNMLRLJHLGFCQ17DA,潭底段潭底小段,1.57,都市：其他:住宅區,1527178,7665,持分移轉,02670009
RPUNMLRLJHLGFCQ17DA,潭底段潭底小段,1.54,都市：其他:住宅區,1527178,7665,持分移轉,03640012
RPVNMLNJKHLGFDQ86DA,十一指厝段圳西小段,805.00,非都市：鄉村區 ; 非都市編定：乙種建築用地,1,1,全筆移轉,07170000
RPSOMLSLJHLGFDQ27DA,新三界埔段,97.97,非都市：鄉村區 ; 非都市編定：乙種建築用地,1,1,全筆移轉,19800000
RPSNMLMJKHLGFDQ09DA,吳鳳廟段,1820.82,都市：其他:農業區,1,1,全筆移轉,00320002
RPVNMLNJKHLGFDQ86DA,十一指厝段圳西小段,90.00,非都市：鄉村區 ; 非都市編定：乙種建築用地,1,1,全筆移轉,07170001
RPWNMLTJJHLGFCQ37DA,頂寮段,163.00,非都市：特定農業區 ; 非都市編定：農牧用地,1,1,全筆移轉,06980001
RPSOMLTJJHLGFCQ07DA,建國段,23.00,非都市：特定農業區 ; 非都市編定：交通用地,1,1,全筆移轉,08180001
RPSOMLTJJHLGFCQ07DA,建國段,455.00,非都市：特定農業區 ; 非都市編定：農牧用地,1,1,全筆移轉,08230001
RPOOMLTJJHLGFCQ66DA,頂寮段,441.50,非都市：特定農業區 ; 非都市編定：農牧用地,2,1,持分移轉,07630001
RPXNMLTJJHLGFCQ47DA,頂寮段,441.50,非都市：特定農業區 ; 非都市編定：農牧用地,2,1,持分移轉,07630001
RPPOMLTJJHLGFCQ76DA,頂寮段,469.00,非都市：特定農業區 ; 非都市編定：農牧用地,2,1,持分移轉,08000001
RPROMLTJJHLGFCQ96DA,頂寮段,469.00,非都市：特定農業區 ; 非都市編定：農牧用地,2,1,持分移轉,08000001
RPWOMLTJJHLGFCQ47DA,建國段,473.00,非都市：特定農業區 ; 非都市編定：農牧用地,4008,1002,持分移轉,08250001
RPVOMLTJJHLGFCQ37DA,建國段,1130.57,非都市：特定農業區 ; 非都市編定：農牧用地,4008,2395,持分移轉,08250001
RPUOMLTJJHLGFCQ27DA,建國段,115.00,非都市：特定農業區 ; 非都市編定：丁種建築用地,1,1,全筆移轉,08200001
RPOPMLTJJHLGFCQ76DA,建國段,51.00,非都市：特定農業區 ; 非都市編定：甲種建築用地,1,1,全筆移轉,08500001
RPTOMLTJJHLGFCQ17DA,建國段,3.00,非都市：特定農業區 ; 非都市編定：交通用地,2,1,持分移轉,08170000
RPTOMLTJJHLGFCQ17DA,建國段,50.00,非都市：特定農業區 ; 非都市編定：農牧用地,2,1,持分移轉,08190000
RPTOMLTJJHLGFCQ17DA,建國段,127.00,非都市：特定農業區 ; 非都市編定：農牧用地,2,1,持分移轉,08240000
RPPPMLTJJHLGFCQ86DA,建國段,51.00,非都市：特定農業區 ; 非都市編定：甲種建築用地,1,1,全筆移轉,08520001
RPXOMLTJJHLGFCQ57DA,建國段,53.00,非都市：特定農業區 ; 非都市編定：甲種建築用地,1,1,全筆移轉,08490001
RPQPMLTJJHLGFCQ96DA,建國段,288.43,非都市：特定農業區 ; 非都市編定：農牧用地,4008,611,持分移轉,08250001
RPQPMLTJJHLGFCQ96DA,建國段,668.00,非都市：特定農業區 ; 非都市編定：農牧用地,1,1,全筆移轉,08470001
RPVNMLTLJHLGFDQ57DA,祥和段,2.80,都市：其他:道路廣場用地,1,1,全筆移轉,01750000
RPSPMLLLJHLGFDQ66DA,鹿北段,9.07,都市：其他:道路用地,21,3,持分移轉,14360001
RPVNMLTLJHLGFDQ57DA,祥和段,102.70,都市：其他:商業區,1,1,全筆移轉,01780000
RPSPMLLLJHLGFDQ66DA,鹿北段,1.13,都市：其他:道路用地,21,3,持分移轉,14370000
RPVNMLTLJHLGFDQ57DA,祥和段,6.88,都市：其他:道路廣場用地,1,1,全筆移轉,01780001
RPVNMLTLJHLGFDQ57DA,祥和段,96.44,都市：其他:住宅區,2,1,持分移轉,01860000
RPVNMLTLJHLGFDQ57DA,祥和段,11.52,都市：其他:商業區,2,1,持分移轉,01860001
RPVNMLTLJHLGFDQ57DA,祥和段,23.40,都市：其他:住宅區,28,12,持分移轉,02420000
RPVNMLTLJHLGFDQ57DA,祥和段,41.85,都市：其他:住宅區,1,1,全筆移轉,02470000
RPVNMLTLJHLGFDQ57DA,祥和段,28.87,都市：其他:住宅區,1,1,全筆移轉,02520000
RPVNMLTLJHLGFDQ57DA,祥和段,7.46,都市：其他:道路用地,2,1,持分移轉,02890000
RPQPMLLLJHLGFDQ09DA,鹿北段,.50,都市：其他:道路用地,240,3,持分移轉,14090000
RPQPMLLLJHLGFDQ09DA,鹿北段,.53,都市：其他:道路用地,240,3,持分移轉,14110000
RPQPMLLLJHLGFDQ09DA,鹿北段,1.28,都市：其他:道路用地,120,3,持分移轉,14120001
RPOOMLNJKHLGFDQ88DA,北回段,2848.52,都市：其他:農業區,1,1,全筆移轉,08450000
RPOOMLNJKHLGFDQ88DA,北回段,2501.63,都市：其他:農業區,1,1,全筆移轉,08460000
RPUNMLNJKHLGFDQ76DA,寬士段,85.36,非都市：鄉村區 ; 非都市編定：乙種建築用地,1,1,全筆移轉,05720002
RPPNMLOJKHLGFEQ56EA,梅北段,644.00,都市：其他:農業區,1,1,全筆移轉,12980002
RPRNMLOJKHLGFCQ56EA,建國段,3.00,非都市：特定農業區 ; 非都市編定：交通用地,2,1,持分移轉,08170000
RPRNMLOJKHLGFCQ56EA,建國段,50.00,非都市：特定農業區 ; 非都市編定：農牧用地,2,1,持分移轉,08190000
RPRNMLOJKHLGFCQ56EA,建國段,127.00,非都市：特定農業區 ; 非都市編定：農牧用地,2,1,持分移轉,08240000
RPOPMLLLJHLGFDQ88DA,鹿北段,1.10,都市：其他:道路用地,15,1,持分移轉,14070001
RPOPMLLLJHLGFDQ88DA,鹿北段,2.68,都市：其他:道路用地,240,16,持分移轉,14090000
RPOPMLLLJHLGFDQ88DA,鹿北段,2.82,都市：其他:道路用地,240,16,持分移轉,14110000
RPOPMLLLJHLGFDQ88DA,鹿北段,3.41,都市：其他:道路用地,120,8,持分移轉,14120001
RPOPMLLLJHLGFDQ88DA,鹿北段,5.58,都市：其他:道路用地,3,1,持分移轉,14140001
RPOPMLLLJHLGFDQ88DA,鹿北段,3.02,都市：其他:道路用地,21,1,持分移轉,14360001
RPOPMLLLJHLGFDQ88DA,鹿北段,.38,都市：其他:道路用地,21,1,持分移轉,14370000
RPOPMLLLJHLGFDQ88DA,鹿北段,1.12,都市：其他:道路用地,7203,100,持分移轉,14380000
RPOPMLLLJHLGFDQ88DA,鹿北段,.61,都市：其他:道路用地,7203,100,持分移轉,14390003
RPRNMLOJKHLGFBQ98DA,蘇厝段,131.05,非都市：鄉村區 ; 非都市編定：乙種建築用地,1,1,全筆移轉,01250000
RPTNMLMJKHLGFCQ09DA,建國段,57.00,非都市：特定農業區 ; 非都市編定：甲種建築用地,1,1,全筆移轉,08660001
RPTNMLMJKHLGFCQ09DA,建國段,1.00,非都市：特定農業區 ; 非都市編定：甲種建築用地,1,1,全筆移轉,08680010
RPPPMLLLJHLGFDQ98DA,鹿北段,1.10,都市：其他:道路用地,15,1,持分移轉,14070001
RPPPMLLLJHLGFDQ98DA,鹿北段,1.10,都市：其他:道路用地,15,1,持分移轉,14070001
RPPPMLLLJHLGFDQ98DA,鹿北段,2.68,都市：其他:道路用地,240,16,持分移轉,14090000
RPPPMLLLJHLGFDQ98DA,鹿北段,2.68,都市：其他:道路用地,240,16,持分移轉,14090000
RPPPMLLLJHLGFDQ98DA,鹿北段,.32,都市：其他:道路用地,122,1,持分移轉,14100000
RPPPMLLLJHLGFDQ98DA,鹿北段,2.82,都市：其他:道路用地,240,16,持分移轉,14110000
RPPPMLLLJHLGFDQ98DA,鹿北段,2.82,都市：其他:道路用地,240,16,持分移轉,14110000
RPPPMLLLJHLGFDQ98DA,鹿北段,3.41,都市：其他:道路用地,120,8,持分移轉,14120001
RPPPMLLLJHLGFDQ98DA,鹿北段,3.41,都市：其他:道路用地,120,8,持分移轉,14120001
RPPPMLLLJHLGFDQ98DA,鹿北段,5.58,都市：其他:道路用地,3,1,持分移轉,14140001
RPPPMLLLJHLGFDQ98DA,鹿北段,5.58,都市：其他:道路用地,3,1,持分移轉,14140001
RPPPMLLLJHLGFDQ98DA,鹿北段,3.02,都市：其他:道路用地,21,1,持分移轉,14360001
RPPPMLLLJHLGFDQ98DA,鹿北段,21.17,都市：其他:道路用地,21,7,持分移轉,14360001
RPPPMLLLJHLGFDQ98DA,鹿北段,.38,都市：其他:道路用地,21,1,持分移轉,14370000
RPPPMLLLJHLGFDQ98DA,鹿北段,2.63,都市：其他:道路用地,21,7,持分移轉,14370000
RPPPMLLLJHLGFDQ98DA,鹿北段,1.12,都市：其他:道路用地,7203,100,持分移轉,14380000
RPPPMLLLJHLGFDQ98DA,鹿北段,7.81,都市：其他:道路用地,7203,700,持分移轉,14380000
RPPPMLLLJHLGFDQ98DA,鹿北段,.11,都市：其他:住宅區,7203,700,持分移轉,14390002
RPPPMLLLJHLGFDQ98DA,鹿北段,.61,都市：其他:道路用地,7203,100,持分移轉,14390003
RPPPMLLLJHLGFDQ98DA,鹿北段,4.29,都市：其他:道路用地,7203,700,持分移轉,14390003
RPPPMLLLJHLGFDQ98DA,鹿北段,.84,都市：其他:道路用地,7203,700,持分移轉,14450000
RPSNMLTJJHLGFCQ96DA,建國段,61.00,非都市：特定農業區 ; 非都市編定：甲種建築用地,1,1,全筆移轉,08480001
RPSNMLTJJHLGFCQ96DA,建國段,52.00,非都市：特定農業區 ; 非都市編定：甲種建築用地,1,1,全筆移轉,08590001
RPWNMLMJKHLGFCQ76DA,建國段,50.00,非都市：特定農業區 ; 非都市編定：甲種建築用地,1,1,全筆移轉,08540001
RPVNMLMJKHLGFCQ66DA,建國段,57.00,非都市：特定農業區 ; 非都市編定：甲種建築用地,1,1,全筆移轉,08580001
RPXNMLMJKHLGFCQ86DA,建國段,49.00,非都市：特定農業區 ; 非都市編定：甲種建築用地,1,1,全筆移轉,08550001
RPUNMLMJKHLGFCQ56DA,建國段,27.50,非都市：特定農業區 ; 非都市編定：甲種建築用地,1,1,全筆移轉,08640001
RPPOMLMJKHLGFCQ78DA,建國段,55.00,非都市：特定農業區 ; 非都市編定：甲種建築用地,1,1,全筆移轉,08570001
RPOOMLMJKHLGFCQ68DA,建國段,49.00,非都市：特定農業區 ; 非都市編定：甲種建築用地,1,1,全筆移轉,08560001
RPUOMLMJKHLGFCQ66DA,建國段,10.43,非都市：特定農業區 ; 非都市編定：農牧用地,260,8,持分移轉,10300001
RPWOMLMJKHLGFCQ86DA,建國段,102.22,非都市：特定農業區 ; 非都市編定：農牧用地,325,98,持分移轉,10300001
RPUPMLMJKHLGFCQ76DA,建國段,48.04,非都市：特定農業區 ; 非都市編定：農牧用地,199,40,持分移轉,10390002
RPWPMLMJKHLGFCQ96DA,建國段,178.00,非都市：特定農業區 ; 非都市編定：農牧用地,1,1,全筆移轉,08220001
RPWPMLMJKHLGFCQ96DA,建國段,151.00,非都市：特定農業區 ; 非都市編定：農牧用地,1,1,全筆移轉,08220002
RPQNMLRLJHLGFCQ76DA,永福段,115.50,都市：其他:住宅區,1,1,全筆移轉,06160000
RPQOMLMJKHLGFCQ88DA,建國段,52.00,非都市：特定農業區 ; 非都市編定：甲種建築用地,1,1,全筆移轉,08620001
RPVOMLMJKHLGFCQ76DA,建國段,153.33,非都市：特定農業區 ; 非都市編定：農牧用地,325,147,持分移轉,10300001
RPROMLMJKHLGFCQ98DA,建國段,51.00,非都市：特定農業區 ; 非都市編定：甲種建築用地,1,1,全筆移轉,08630001
RPRNMLOJKHLGFCQ09DA,建國段,53.00,非都市：特定農業區 ; 非都市編定：甲種建築用地,1,1,全筆移轉,08600001
RPPNMLRLJHLGFCQ66DA,永福段,168.00,都市：其他:住宅區,1,1,全筆移轉,06160006
RPRNMLRLJHLGFCQ86DA,永福段,148.50,都市：其他:住宅區,1,1,全筆移轉,06340001
RPSOMLMJKHLGFCQ09DA,建國段,131.00,非都市：特定農業區 ; 非都市編定：甲種建築用地,1,1,全筆移轉,08670000
RPSOMLMJKHLGFCQ09DA,建國段,2.00,非都市：特定農業區 ; 非都市編定：農牧用地,4,1,持分移轉,08680009
RPTOMLMJKHLGFCQ56DA,建國段,10.43,非都市：特定農業區 ; 非都市編定：農牧用地,260,8,持分移轉,10300001
RPPPMLMJKHLGFCQ88DA,建國段,131.00,非都市：特定農業區 ; 非都市編定：農牧用地,2,1,持分移轉,10360019
RPSNMLOJKHLGFCQ56DA,建國段,53.00,非都市：特定農業區 ; 非都市編定：甲種建築用地,1,1,全筆移轉,08610001
RPOPMLMJKHLGFCQ78DA,建國段,131.00,非都市：特定農業區 ; 非都市編定：農牧用地,2,1,持分移轉,10360019
RPQPMLMJKHLGFCQ98DA,建國段,108.50,非都市：特定農業區 ; 非都市編定：農牧用地,2,1,持分移轉,10380000
RPTPMLMJKHLGFCQ66DA,建國段,48.04,非都市：特定農業區 ; 非都市編定：農牧用地,199,40,持分移轉,10390002
RPWPMLOJKHLGFDQ27DA,粗溪新段,57.38,都市：其他:農業區,1000,85,持分移轉,02520000
RPWPMLOJKHLGFDQ27DA,粗溪新段,287.27,都市：其他:農業區,1,1,全筆移轉,02520004
RPTNMLTLJHLGFDQ37DA,柳鄉段,2328.00,非都市：特定農業區 ; 非都市編定：農牧用地,1,1,全筆移轉,05090003
RPXNMLOJKHLGFCQ07DA,建國段,2.00,非都市：特定農業區 ; 非都市編定：甲種建築用地,1,1,全筆移轉,10380019
RPVNMLQLJHLGFDQ27DA,三角子段三角小段,1861.00,非都市：特定農業區 ; 非都市編定：農牧用地,1,1,全筆移轉,01960000
RPORMLKMJHLGFDQ09DA,崙子頂段崙頂小段,57.16,都市：其他:園道用地,64185,14443,持分移轉,02180001
RPWQMLKMJHLGFDQ17DA,崙子頂段崙頂小段,9.79,都市：其他:園道用地,4279,165,持分移轉,02180001
RPPQMLKMJHLGFDQ09DA,崙子頂段崙頂小段,19.00,都市：其他:園道用地,1,1,全筆移轉,01790001
RPPQMLKMJHLGFDQ09DA,崙子頂段崙頂小段,8.00,都市：其他:園道用地,1,1,全筆移轉,02160001
RPQNMLNJKHLGFBQ78DA,灣南段,189.93,非都市：鄉村區 ; 非都市編定：乙種建築用地,12800,253,持分移轉,04500000
RPQNMLPJKHLGFCQ09DA,西安段,297.00,非都市：特定農業區 ; 非都市編定：甲種建築用地,1,1,全筆移轉,08760004
RPRRMLKMJHLGFDQ76DA,崙子頂段崙頂小段,39.24,都市：其他:園道用地,64185,9915,持分移轉,02180001
RPQRMLKMJHLGFDQ66DA,崙子頂段崙頂小段,9.79,都市：其他:園道用地,64185,2475,持分移轉,02180001
RPPRMLKMJHLGFDQ56DA,崙子頂段崙頂小段,19.65,都市：其他:園道用地,64185,4965,持分移轉,02180001
RPTRMLKMJHLGFDQ96DA,崙子頂段崙頂小段,149.00,都市：其他:園道用地,1,1,全筆移轉,02190001
RPTRMLKMJHLGFDQ96DA,崙子頂段崙頂小段,9.00,都市：其他:園道用地,1,1,全筆移轉,02200001
RPPNMLMJKHLGFEQ88DA,內甕段,5.08,都市：其他:住宅區,10000,9,持分移轉,00970009
RPPNMLMJKHLGFEQ88DA,內甕段,.24,都市：其他:保護區,10000,9,持分移轉,00970043
RPRNMLPJKHLGFCQ56DA,西安段,2510.00,非都市：特定農業區 ; 非都市編定：農牧用地,1,1,全筆移轉,08720000
RPPNMLLJKHLGFDQ68DA,崙子頂段崙頂小段,57.16,都市：其他:園道用地,64185,14443,持分移轉,02180001
RPVQMLKMJHLGFDQ07DA,崙子頂段崙頂小段,19.65,都市：其他:園道用地,4279,331,持分移轉,02180001
RPPSMLKMJHLGFDQ66DA,新崙子頂段,32.02,,1,1,全筆移轉,03100000
SPVNMLOJKHLGFBQ86DA,文化段,81.00,都市：其他:商業區,1,1,全筆移轉,05140000
RPXOMLMJKHLGFCQ96DA,建國段,469.00,非都市：特定農業區 ; 非都市編定：農牧用地,1,1,全筆移轉,10310001
RPVNMLOJKHLGFBQ76DA,文化段,61.00,都市：其他:商業區,1,1,全筆移轉,05130000
RPSPMLMJKHLGFCQ56DA,建國段,108.50,非都市：特定農業區 ; 非都市編定：農牧用地,2,1,持分移轉,10380000
RPSRMLKMJHLGFDQ86DA,崙子頂段崙頂小段,41.57,都市：其他:園道用地,64185,10504,持分移轉,02180001
RPWNMLOJKHLGFCQ96DA,建國段,94.88,非都市：特定農業區 ; 非都市編定：農牧用地,199,79,持分移轉,10390002
RPPNMLKMJHLGFDQ78DA,新崙子頂段,.32,,144,5,持分移轉,03130000
RPPNMLKMJHLGFDQ78DA,新崙子頂段,3.72,,144,5,持分移轉,03150000
RPPNMLOKJHLGFDQ98DA,太頂珠段,17.72,都市：其他:住宅區,100000,108,持分移轉,00700000
RPUNMLKMJHLGFDQ66DA,新崙子頂段,.73,,720,58,持分移轉,03130000
RPUNMLKMJHLGFDQ66DA,新崙子頂段,8.62,,720,58,持分移轉,03150000
RPVNMLKMJHLGFDQ76DA,新崙子頂段,1.01,,720,80,持分移轉,03130000
RPVNMLKMJHLGFDQ76DA,新崙子頂段,11.89,,720,80,持分移轉,03150000
RPXNMLKMJHLGFDQ96DA,新崙子頂段,.13,,1440,21,持分移轉,03130000
RPXNMLKMJHLGFDQ96DA,新崙子頂段,1.56,,1440,21,持分移轉,03150000
RPSNMLKMJHLGFDQ09DA,新崙子頂段,.63,,144,10,持分移轉,03130000
RPSNMLKMJHLGFDQ09DA,新崙子頂段,7.43,,144,10,持分移轉,03150000
RPRNMLKMJHLGFDQ98DA,新崙子頂段,.32,,144,5,持分移轉,03130000
RPRNMLKMJHLGFDQ98DA,新崙子頂段,3.72,,144,5,持分移轉,03150000
RPTNMLKMJHLGFDQ56DA,新崙子頂段,.32,,144,5,持分移轉,03130000
RPTNMLKMJHLGFDQ56DA,新崙子頂段,3.72,,144,5,持分移轉,03150000
RPWNMLKMJHLGFDQ86DA,新崙子頂段,.13,,1440,21,持分移轉,03130000
RPQQMLKMJHLGFDQ56DA,崙子頂段崙頂小段,20.40,都市：其他:園道用地,5,1,持分移轉,02170001
RPWNMLKMJHLGFDQ86DA,新崙子頂段,1.56,,1440,21,持分移轉,03150000
RPURMLKMJHLGFDQ07DA,新崙子頂段,.48,,11173,416,持分移轉,02360000
RPSQMLKMJHLGFDQ76DA,崙子頂段崙頂小段,20.40,都市：其他:園道用地,5,1,持分移轉,02170001
RPTQMLKMJHLGFDQ86DA,崙子頂段崙頂小段,20.40,都市：其他:園道用地,5,1,持分移轉,02170001
RPVRMLKMJHLGFDQ17DA,新崙子頂段,.49,,11173,417,持分移轉,02360000
RPXRMLKMJHLGFDQ37DA,新崙子頂段,.08,,67038,426,持分移轉,02360000
RPRQMLKMJHLGFDQ66DA,崙子頂段崙頂小段,20.40,都市：其他:園道用地,5,1,持分移轉,02170001
RPWRMLKMJHLGFDQ27DA,新崙子頂段,1.45,,11173,1250,持分移轉,02360000
RPOSMLKMJHLGFDQ56DA,新崙子頂段,.49,,67038,2502,持分移轉,02360000
RPUQMLKMJHLGFDQ96DA,崙子頂段崙頂小段,20.40,都市：其他:園道用地,5,1,持分移轉,02170001
RPQNMLPJKHLGFDQ56DA,水南段,20.64,都市：其他:道路用地,1,1,全筆移轉,11190002
RPRPMLMJKHLGFCQ09DA,建國段,48.04,非都市：特定農業區 ; 非都市編定：農牧用地,199,40,持分移轉,10390002
RPQNMLPJKHLGFDQ56DA,水南段,87.90,都市：其他:農業區,1,1,全筆移轉,11230028
RPQNMLPJKHLGFDQ56DA,水南段,5.29,都市：其他:農業區,1,1,全筆移轉,11230033
RPWNMLKKKHLGFBQ56DA,六腳段六嘉小段,2454.00,非都市：特定農業區 ; 非都市編定：農牧用地,1,1,全筆移轉,04750000
RPUNMLOJKHLGFCQ76DA,建國段,29.00,非都市：特定農業區 ; 非都市編定：甲種建築用地,1,1,全筆移轉,08650001
RPWPMLKMJHLGFDQ07DA,新崙子頂段,.44,,120960,5880,持分移轉,03130000
RPWPMLKMJHLGFDQ07DA,新崙子頂段,5.20,,120960,5880,持分移轉,03150000
RPXPMLKMJHLGFDQ17DA,新崙子頂段,.44,,120960,5880,持分移轉,03130000
RPXPMLKMJHLGFDQ17DA,新崙子頂段,5.20,,120960,5880,持分移轉,03150000
RPOOMLKMJHLGFDQ78DA,新崙子頂段,.26,,1440,42,持分移轉,03130000
RPOOMLKMJHLGFDQ78DA,新崙子頂段,3.12,,1440,42,持分移轉,03150000
RPXOMLKMJHLGFDQ07DA,新崙子頂段,.20,,5760,130,持分移轉,03130000
RPXOMLKMJHLGFDQ07DA,新崙子頂段,2.42,,5760,130,持分移轉,03150000
RPROMLKMJHLGFDQ09DA,新崙子頂段,.20,,5760,130,持分移轉,03130000
RPROMLKMJHLGFDQ09DA,新崙子頂段,2.42,,5760,130,持分移轉,03150000
RPVOMLKMJHLGFDQ86DA,新崙子頂段,.20,,5760,130,持分移轉,03130000
RPVOMLKMJHLGFDQ86DA,新崙子頂段,2.42,,5760,130,持分移轉,03150000
RPOPMLKMJHLGFDQ88DA,新崙子頂段,.20,,5760,130,持分移轉,03130000
RPOPMLKMJHLGFDQ88DA,新崙子頂段,2.42,,5760,130,持分移轉,03150000
RPPOMLKMJHLGFDQ88DA,新崙子頂段,.26,,1440,42,持分移轉,03130000
RPPOMLKMJHLGFDQ88DA,新崙子頂段,3.12,,1440,42,持分移轉,03150000
RPVPMLKMJHLGFDQ96DA,新崙子頂段,.14,,120960,1920,持分移轉,03130000
RPVPMLKMJHLGFDQ96DA,新崙子頂段,1.70,,120960,1920,持分移轉,03150000
RPTPMLKMJHLGFDQ76DA,新崙子頂段,.14,,120960,1920,持分移轉,03130000
RPTPMLKMJHLGFDQ76DA,新崙子頂段,1.70,,120960,1920,持分移轉,03150000
RPQPMLKMJHLGFDQ09DA,新崙子頂段,.20,,120960,2730,持分移轉,03130000
RPQPMLKMJHLGFDQ09DA,新崙子頂段,2.42,,120960,2730,持分移轉,03150000
RPSOMLKMJHLGFDQ56DA,新崙子頂段,.26,,5760,168,持分移轉,03130000
RPSOMLKMJHLGFDQ56DA,新崙子頂段,3.12,,5760,168,持分移轉,03150000
RPOQMLKMJHLGFDQ98DA,新崙子頂段,.44,,120960,5880,持分移轉,03130000
RPOQMLKMJHLGFDQ98DA,新崙子頂段,5.20,,120960,5880,持分移轉,03150000
RPRPMLKMJHLGFDQ56DA,新崙子頂段,.20,,120960,2730,持分移轉,03130000
RPRPMLKMJHLGFDQ56DA,新崙子頂段,2.42,,120960,2730,持分移轉,03150000
RPPPMLKMJHLGFDQ98DA,新崙子頂段,.07,,120960,960,持分移轉,03130000
RPPPMLKMJHLGFDQ98DA,新崙子頂段,.85,,120960,960,持分移轉,03150000
RPWOMLKMJHLGFDQ96DA,新崙子頂段,.20,,5760,130,持分移轉,03130000
RPWOMLKMJHLGFDQ96DA,新崙子頂段,2.42,,5760,130,持分移轉,03150000
RPSPMLKMJHLGFDQ66DA,新崙子頂段,.20,,120960,2730,持分移轉,03130000
RPUOMLKMJHLGFDQ76DA,新崙子頂段,.26,,5760,168,持分移轉,03130000
RPTOMLKMJHLGFDQ66DA,新崙子頂段,.20,,5760,128,持分移轉,03130000
RPSPMLKMJHLGFDQ66DA,新崙子頂段,2.42,,120960,2730,持分移轉,03150000
RPUOMLKMJHLGFDQ76DA,新崙子頂段,3.12,,5760,168,持分移轉,03150000
RPTOMLKMJHLGFDQ66DA,新崙子頂段,2.38,,5760,128,持分移轉,03150000
RPQOMLKMJHLGFDQ98DA,新崙子頂段,.26,,1440,42,持分移轉,03130000
RPQOMLKMJHLGFDQ98DA,新崙子頂段,3.12,,1440,42,持分移轉,03150000
RPTNMLTJKHLGFDQ27DA,太頂珠段,22.97,都市：其他:住宅區,100000,140,持分移轉,00700000
RPXNMLTLKIKGFBQ67DA,過溝段過溝小段,2505.60,非都市：一般農業區 ; 非都市編定：農牧用地,1,1,全筆移轉,03810000
RPVNMLKKKHLGFCQ56DA,中工段,100.24,非都市：工業區 ; 非都市編定：丁種建築用地,1,1,全筆移轉,00730000
RPPNMLKLJHLGFBQ48DA,雙溪口段雙溪小段,2595.00,非都市：特定農業區 ; 非都市編定：農牧用地,1,1,全筆移轉,01640000
RPPNMLLMKIKGFEQ09DA,和平段,74.21,都市：其他:農業區,1,1,全筆移轉,08390005
RPVNMLNJKHLGFCQ76DA,三間厝段,1184.57,非都市：特定農業區 ; 非都市編定：農牧用地,7,6,持分移轉,06280000
RPVNMLNJKHLGFCQ76DA,三間厝段,1802.57,非都市：特定農業區 ; 非都市編定：農牧用地,7,6,持分移轉,06290000
RPUNMLLKKHLGFDQ66DA,太頂珠段,24.45,都市：其他:住宅區,100000,149,持分移轉,00700000
RPPNMLNKKHLGFEQ56EA,崎腳段,1479.01,非都市：山坡地保育區 ; 非都市編定：林業用地,2,1,持分移轉,05820001
RPOOMLTJKHLGFDQ86DA,東新段,30.40,都市：其他:道路用地,36,14,持分移轉,05750000
RPQNMLLKKHLGFCQ88EA,吉林段,1373.00,,1,1,全筆移轉,03160001
RPUNMLTJKHLGFDQ37DA,和睦段,101.97,都市：其他:住宅區,1,1,全筆移轉,03630000
RPUNMLTJKHLGFDQ37DA,和睦段,5.35,都市：其他:農業區,1,1,全筆移轉,03630001
RPPNMLMKKHLGFEQ98DA,轆子腳段轆子腳小段,10000.00,非都市：特定專用區 ; 非都市編定：農牧用地,1,1,全筆移轉,00640004
RPPOMLTJKHLGFDQ96DA,柳新段,94.87,非都市：鄉村區 ; 非都市編定：乙種建築用地,1,1,全筆移轉,05400000
RPVNMLMKKHLGFDQ86DA,過溝段過溝小段,92.00,都市：其他:住宅區,1,1,全筆移轉,04130045
RPVNMLMKKHLGFDQ86DA,過溝段過溝小段,17.00,都市：其他:住宅區,1,1,全筆移轉,04140021
RPSNMLKKKHLGFCQ88DA,月眉潭段月眉小段,656.00,非都市：特定農業區 ; 非都市編定：農牧用地,1,1,全筆移轉,03650003
RPTNMLQJKHLGFDQ96DA,牛稠埔段,1395.00,非都市：一般農業區 ; 非都市編定：農牧用地,3,1,持分移轉,02460001
RPVNMLNLKHLGFCQ96DA,明華段,32.59,都市：其他:住宅區,10000,252,持分移轉,04410000
RPUPMLKMJHLGFDQ86DA,新崙子頂段,.07,,120960,960,持分移轉,03130000
RPUPMLKMJHLGFDQ86DA,新崙子頂段,.85,,120960,960,持分移轉,03150000
RPRNMLLKKHLGFCQ98EA,吉林段,932.19,都市：其他:機關用地,1,1,全筆移轉,03160000
RPRNMLLKKHLGFCQ98EA,吉林段,441.07,都市：其他:機關用地,1,1,全筆移轉,03180000
RPQOMLKKKHLGFDQ88DA,崎子頭段崎子頭小段,3552.00,非都市：特定農業區 ; 非都市編定：農牧用地,1,1,全筆移轉,03290000
RPTNMLNLKHLGFBQ66DA,下蔦松段蔦松小段,21.00,非都市：鄉村區 ; 非都市編定：乙種建築用地,1,1,全筆移轉,04260002
RPPOMLPKJHLGFDQ56DA,嘉保段,11.76,都市：其他:住宅區,69,1,持分移轉,02110003
RPPOMLPKJHLGFDQ56DA,嘉保段,35.62,都市：其他:住宅區,10000,196,持分移轉,02110021
RPVNMLNLKHLGFEQ27EA,梅南段,87.00,都市：其他:第二種住宅區,1,1,全筆移轉,14720000
RPPNMLTLKIKGFCQ96DA,柳子溝段柳一小段,2785.65,非都市：特定農業區 ; 非都市編定：農牧用地,1,1,全筆移轉,03110000
RPTNMLQJJHLGFDQ86DA,東新段,558.12,都市：其他:河川區,1,1,全筆移轉,03950001
RPROMLPLKHLGFCQ86DA,新興段,213.00,都市：其他:農業區,1,1,全筆移轉,07240006
RPQNMLQLKHLGFEQ96DA,梅東段,131.07,都市：其他:第二種住宅區,1,1,全筆移轉,01750004
RPQNMLNLKHLGFDQ56DA,嘉新段,76.78,都市：其他:住宅區,1,1,全筆移轉,06120008
RPQNMLNLKHLGFDQ56DA,嘉新段,5.95,都市：其他:住宅區,798310,5950,持分移轉,06120029
RPQNMLNLKHLGFDQ56DA,嘉新段,.44,都市：其他:住宅區,58,2,持分移轉,06130006
RPUNMLQJJHLGFDQ96DA,下六段公舘小段,1296.00,非都市：特定專用區 ; 非都市編定：農牧用地,1,1,全筆移轉,04410000
RPUNMLQJJHLGFDQ96DA,仁安段,400.48,非都市：一般農業區 ; 非都市編定：農牧用地,1,1,全筆移轉,07650000
RPPNMLLMJHLGFDQ88DA,嘉保段,11.76,都市：其他:住宅區,69,1,持分移轉,02110003
RPPNMLLMJHLGFDQ88DA,嘉保段,29.07,都市：其他:住宅區,10000,160,持分移轉,02110021
SPQNMLQLKHLGFEQ07DA,梅東段,13.56,都市：其他:第二種住宅區,36,8,持分移轉,03690000
RPSNMLNKKHLGFDQ66DA,忠義段,20.21,都市：其他:住宅區,12,1,持分移轉,02520000
RPSNMLNKKHLGFDQ66DA,忠義段,104.22,都市：其他:住宅區,1,1,全筆移轉,02520006
RPSNMLNKKHLGFDQ66DA,忠義段,.43,都市：其他:住宅區,14,1,持分移轉,03420000
RPSNMLNKKHLGFDQ66DA,忠義段,.85,都市：其他:住宅區,14,1,持分移轉,03440000
RPQNMLMJLHLGFEQ09DA,灣北段,115.78,非都市：鄉村區 ; 非都市編定：乙種建築用地,1,1,全筆移轉,01380000
RPRNMLOLKHLGFDQ76DA,大崙段大崙小段,2623.00,非都市：特定農業區 ; 非都市編定：農牧用地,1,1,全筆移轉,00610000
RPRNMLOLKHLGFDQ76DA,大崙段大崙小段,2622.00,非都市：特定農業區 ; 非都市編定：農牧用地,1,1,全筆移轉,00620000
RPSNMLMJLHLGFEQ66DA,番路段,106.00,非都市：一般農業區 ; 非都市編定：丙種建築用地,1,1,全筆移轉,02430041
RPRNMLSLJHLGFDQ07DA,嘉新段,5.60,都市：其他:住宅區,5,1,持分移轉,10120000
RPRNMLSLJHLGFDQ07DA,嘉新段,19.27,都市：其他:住宅區,5,1,持分移轉,10140000
RPVOMLTJKIKGFCQ47DA,牛稠溪段,1267.00,非都市：特定農業區 ; 非都市編定：農牧用地,1,1,全筆移轉,07850000
RPSOMLKKKHLGFDQ09DA,田尾段田尾小段,1350.00,非都市：特定農業區 ; 非都市編定：農牧用地,1,1,全筆移轉,01140000
RPQNMLSJKIKGFCQ76DA,林子前段三和小段,38.00,非都市：特定農業區 ; 非都市編定：甲種建築用地,2,1,持分移轉,01470098
RPRNMLPJKIKGFCQ56DA,民南段,11.20,都市：其他:農業區,10,1,持分移轉,09300000
RPRNMLPJKIKGFCQ56DA,民南段,99.00,都市：其他:農業區,1,1,全筆移轉,09300007
RPPNMLSJKIKGFBQ56DA,義竹新段,85.23,非都市：鄉村區 ; 非都市編定：乙種建築用地,1,1,全筆移轉,09970000
RPPNMLLJKIKGFCQ58DA,港東段,143.00,都市：其他:住宅區,1,1,全筆移轉,06580000
RPQNMLKKKIKGFBQ58DA,溪洲段溪洲小段,183.93,非都市：鄉村區 ; 非都市編定：乙種建築用地,14,1,持分移轉,03800000
RPRNMLKKKIKGFBQ68DA,潭子墘段北潭小段,1910.00,非都市：特定農業區 ; 非都市編定：農牧用地,1,1,全筆移轉,05310000
RPPNMLSJKIKGFCQ66DA,溪西段,5.92,都市：其他:住宅區,1,1,全筆移轉,03890005
RPXNMLKKKHLGFDQ86DA,水南段,212.28,都市：其他:住宅區,1,1,全筆移轉,08660001
RPQNMLKKKIKGFBQ68EA,角帶圍段帶圍小段,1078.00,非都市：特定農業區 ; 非都市編定：農牧用地,1,1,全筆移轉,02960000
SPXNMLKKKHLGFDQ96DA,水南段,190.84,都市：其他:住宅區,1,1,全筆移轉,08660000
RPQNMLKKKIKGFBQ68EA,角帶圍段,25.52,非都市：一般農業區 ; 非都市編定：甲種建築用地,48,7,持分移轉,03420000
RPQNMLKKKIKGFBQ68EA,角帶圍段,141.80,非都市：一般農業區 ; 非都市編定：甲種建築用地,18,7,持分移轉,03420003
SPXNMLKKKHLGFDQ96DA,水南段,47.89,都市：其他:住宅區,1,1,全筆移轉,08670000
SPXNMLKKKHLGFDQ96DA,水南段,52.05,都市：其他:住宅區,1,1,全筆移轉,08840000
RPQNMLQLKHLGFEQ07EA,溪心段,264.69,非都市：一般農業區 ; 非都市編定：甲種建築用地,1,1,全筆移轉,08530000
RPPNMLQLKHLGFEQ96EA,溪心段,181.84,非都市：一般農業區 ; 非都市編定：甲種建築用地,1,1,全筆移轉,08580000
RPPNMLOJLHLGFBQ88DA,德安段,34.00,都市：其他:住宅區,1,1,全筆移轉,02820000
RPSNMLOJKIKGFBQ09DA,後崩山段崩山小段,3126.00,非都市：特定農業區 ; 非都市編定：農牧用地,1,1,全筆移轉,04510000
RPPNMLTJKIKGFBQ66DA,新生段,90.72,都市：其他:住宅區,1,1,全筆移轉,00470004
RPPNMLNJLHLGFBQ78DA,北港子新段,3637.80,非都市：特定專用區 ; 非都市編定：養殖用地,1,1,全筆移轉,04920000
RPPNMLNJLHLGFBQ78DA,北港子新段,3615.36,非都市：特定專用區 ; 非都市編定：養殖用地,1,1,全筆移轉,04930000
RPPNMLNJLHLGFBQ78DA,北港子新段,746.31,非都市：特定專用區 ; 非都市編定：養殖用地,1,1,全筆移轉,05430000
RPPNMLNJLHLGFBQ78DA,北港子新段,369.78,非都市：特定專用區 ; 非都市編定：養殖用地,1,1,全筆移轉,05440000
RPQNMLNJLHLGFBQ88DA,魍港段,5466.94,非都市：特定專用區 ; 非都市編定：農牧用地,1,1,全筆移轉,06370000
RPQNMLSJKIKGFCQ86EA,崙子頂段,1024.50,非都市：特定農業區 ; 非都市編定：農牧用地,2,1,持分移轉,09450000
RPPNMLSJKIKGFCQ76EA,東湖段,41.98,非都市：特定農業區 ; 非都市編定：農牧用地,5,3,持分移轉,18500000
SPPNMLTJKIKGFBQ76DA,新生段,90.72,都市：其他:住宅區,1,1,全筆移轉,00470003
RPRNMLOJKIKGFCQ56EA,內林段內林小段,1487.00,非都市：特定農業區 ; 非都市編定：農牧用地,1,1,全筆移轉,03710000
RPSNMLLJKIKGFBQ78DA,六腳段六嘉小段,1916.00,非都市：特定農業區 ; 非都市編定：農牧用地,1,1,全筆移轉,09980000
RPSOMLLKKIKGFBQ98DA,新生段,90.00,都市：其他:住宅區,1,1,全筆移轉,00880021
RPQNMLKKKIKGFDQ88EA,施厝段,812.82,非都市：鄉村區 ; 非都市編定：乙種建築用地,2016,300,持分移轉,00630000
RPQNMLKKKIKGFDQ88EA,施厝段,77.36,非都市：鄉村區 ; 非都市編定：乙種建築用地,56,2,持分移轉,00640000
RPQNMLKKKIKGFDQ88EA,施厝段,171.91,非都市：鄉村區 ; 非都市編定：乙種建築用地,2192,174,持分移轉,00670000
RPVNMLRJKIKGFCQ17DA,陳厝寮段,444.17,都市：其他:住,6,5,持分移轉,02090000
RPVNMLRJKIKGFCQ17DA,陳厝寮段,16.67,,6,5,持分移轉,02090001
RPPNMLKKKIKGFCQ58DA,菜公厝段菜公小段,2501.00,非都市：特定農業區 ; 非都市編定：農牧用地,1,1,全筆移轉,02080000
RPUNMLKKKIKGFDQ56DA,吳鳳廟段,173.87,都市：其他:住宅區,1,1,全筆移轉,05960000
RPPNMLLKKIKGFBQ68EA,六興段,37.72,都市：其他:住宅區,216,1,持分移轉,08940000
RPPNMLLKKIKGFBQ68EA,六興段,7.51,都市：其他:道路,216,1,持分移轉,08970000
RPPNMLLKKIKGFBQ68EA,六興段,17.91,都市：其他:住宅區,216,1,持分移轉,08980000
RPPNMLLKKIKGFCQ78EA,疊溪段,70.56,非都市：鄉村區 ; 非都市編定：乙種建築用地,2,1,持分移轉,11410000
RPPNMLLKKIKGFCQ78EA,疊溪段,5.79,非都市：鄉村區 ; 非都市編定：乙種建築用地,32,1,持分移轉,11440000
RPPNMLLKKIKGFCQ78EA,疊溪段,20.55,非都市：鄉村區 ; 非都市編定：乙種建築用地,2,1,持分移轉,11460000
RPTNMLOJKIKGFBQ56DA,雙溪口段雙溪小段,2064.00,非都市：特定農業區 ; 非都市編定：農牧用地,1,1,全筆移轉,00870000
RPRNMLRLJIKGFCQ86DA,頂員林新段,40.05,非都市：鄉村區 ; 非都市編定：乙種建築用地,30,1,持分移轉,07540000
RPRNMLRLJIKGFCQ86DA,頂員林新段,134.17,非都市：鄉村區 ; 非都市編定：乙種建築用地,54,1,持分移轉,07550000
RPRNMLRLJIKGFCQ86DA,頂員林新段,54.06,非都市：鄉村區 ; 非都市編定：乙種建築用地,54,1,持分移轉,07560000
RPQNMLSJKIKGFBQ66DA,崁前段崁前小段,159.41,非都市：鄉村區 ; 非都市編定：乙種建築用地,153,45,持分移轉,02150000
RPVNMLKKKIKGFBQ09DA,牛埔段,29.38,都市：其他:道路,254466,14678,持分移轉,08450000
RPTNMLMJKIKGFCQ09DA,民北段,60.00,都市：其他:住宅區,1,1,全筆移轉,04670000
RPRNMLTKJIKGFBQ86DA,新生段,259.00,都市：其他:住宅區,1,1,全筆移轉,00730015
RPRNMLTKJIKGFBQ86DA,新生段,136.00,都市：其他:住宅區,1,1,全筆移轉,00730016
RPRNMLTKJIKGFBQ86DA,新生段,141.00,都市：其他:住宅區,1,1,全筆移轉,00730017
RPWNMLMJKIKGFBQ66DA,栗子崙段西崙小段,152.00,非都市：一般農業區 ; 非都市編定：甲種建築用地,1,1,全筆移轉,01230000
RPQNMLOKJIKGFBQ88DA,嘉朴段,7.60,都市：其他:住宅區,100000,132,持分移轉,02620000
RPSNMLMKKIKGFDQ56DA,東新段,2.13,都市：其他:道路用地,2448,131,持分移轉,07920000
RPPNMLMKKIKGFDQ88DA,王爺段,96.40,非都市：鄉村區 ; 非都市編定：乙種建築用地,1,1,全筆移轉,16310000
RPPNMLPKKIKGFEQ76EA,樟樹坪段,414.75,非都市：山坡地保育區 ; 非都市編定：丙種建築用地,7560,947,持分移轉,07330000
RPSNMLMKKIKGFDQ56DA,東新段,6.49,都市：其他:住宅區,2448,131,持分移轉,07930000
RPSNMLMKKIKGFDQ56DA,東新段,54.97,都市：其他:住宅區,2,1,持分移轉,07930001
RPSNMLMKKIKGFDQ56DA,東新段,159.16,都市：其他:住宅區,2,1,持分移轉,07940000
RPRNMLLKKIKGFDQ98DA,北興段,50.05,都市：其他:住宅區,1135660,50045,持分移轉,04910000
RPRNMLLKKIKGFDQ98DA,北興段,2.92,都市：其他:住宅區,1135660,50045,持分移轉,04910005
RPRNMLLKKIKGFDQ98DA,北興段,.23,都市：其他:住宅區,39,1,持分移轉,04910014
RPRNMLLKKIKGFDQ98DA,北興段,.23,都市：其他:住宅區,39,1,持分移轉,04910015
RPRNMLLKKIKGFDQ98DA,北興段,.54,都市：其他:住宅區,39,1,持分移轉,04910016
RPRNMLLKKIKGFDQ98DA,北興段,.38,都市：其他:住宅區,39,1,持分移轉,04910017
RPRNMLLKKIKGFDQ98DA,北興段,.14,都市：其他:住宅區,39,1,持分移轉,04910018
RPRNMLLKKIKGFDQ98DA,北興段,.50,都市：其他:住宅區,39,1,持分移轉,04910019
RPRNMLLKKIKGFDQ98DA,北興段,126.74,都市：其他:住宅區,1,1,全筆移轉,04910036
RPXNMLTJKIKGFDQ67DA,粗溪段粗溪小段,127.00,都市：其他:住宅區,1,1,全筆移轉,02730025
RPPNMLKKKIKGFBQ58EA,五間厝段中厝小段,169.30,非都市：鄉村區 ; 非都市編定：乙種建築用地,1,1,全筆移轉,01540000
RPPNMLKKKIKGFBQ58EA,五間厝段中厝小段,169.30,非都市：鄉村區 ; 非都市編定：乙種建築用地,1,1,全筆移轉,01550000
RPPNMLKKKIKGFBQ58EA,五間厝段中厝小段,101.25,非都市：特定農業區 ; 非都市編定：交通用地,20,1,持分移轉,02660000
RPOOMLTJKIKGFDQ86DA,王爺段,77.21,非都市：鄉村區 ; 非都市編定：乙種建築用地,1,1,全筆移轉,13800000
RPOOMLTJKIKGFDQ86DA,王爺段,17.99,非都市：鄉村區 ; 非都市編定：乙種建築用地,5924,38,持分移轉,13960000
RPSNMLLKKIKGFBQ88DA,崩山段崩山小段,.22,非都市：一般農業區 ; 非都市編定：農牧用地,180,1,持分移轉,03340000
RPSNMLLKKIKGFBQ88DA,崩山段崩山小段,4.64,非都市：一般農業區 ; 非都市編定：交通用地,180,1,持分移轉,03350000
RPSNMLLKKIKGFBQ88DA,崩山段崩山小段,.77,非都市：一般農業區 ; 非都市編定：交通用地,180,1,持分移轉,03370000
RPSNMLLKKIKGFBQ88DA,崩山段崩山小段,1.00,非都市：鄉村區 ; 非都市編定：交通用地,36,1,持分移轉,03500000
RPSNMLLKKIKGFBQ88DA,崩山段崩山小段,71.94,非都市：鄉村區 ; 非都市編定：乙種建築用地,36,1,持分移轉,03510000
RPSNMLLKKIKGFBQ88DA,崩山段崩山小段,44.26,非都市：一般農業區 ; 非都市編定：農牧用地,108,1,持分移轉,03570000
RPSNMLLKKIKGFBQ88DA,崩山段崩山小段,1945.50,非都市：一般農業區 ; 非都市編定：農牧用地,2,1,持分移轉,03930000
RPSNMLLKKIKGFBQ88DA,上江山段,199.08,非都市：一般農業區 ; 非都市編定：養殖用地,30,1,持分移轉,05670000
RPSNMLLKKIKGFBQ88DA,上江山段,3190.66,非都市：一般農業區 ; 非都市編定：養殖用地,2,1,持分移轉,06340000
RPRNMLMKKIKGFCQ98DA,新大埔美段,1162.93,非都市：一般農業區 ; 非都市編定：農牧用地,120,36,持分移轉,29380000
RPRNMLMKKIKGFCQ98DA,新大埔美段,539.22,非都市：一般農業區 ; 非都市編定：農牧用地,120,36,持分移轉,29390000
RPTNMLMKKIKGFCQ56DA,新大埔美段,3492.13,非都市：一般農業區 ; 非都市編定：農牧用地,1,1,全筆移轉,29410000
RPSNMLMKKIKGFCQ09DA,新大埔美段,5253.69,非都市：一般農業區 ; 非都市編定：農牧用地,1,1,全筆移轉,29400000
RPPNMLPKKIKGFDQ66EA,南新段,.34,都市：其他:甲種工業區,36,3,持分移轉,06200000
RPWNMLQKKIKGFBQ17DA,溪墘厝段正義小段,2516.00,非都市：特定農業區 ; 非都市編定：農牧用地,1,1,全筆移轉,02300000
RPOOMLQKKIKGFBQ09DA,新庄段農牧小段,1052.00,非都市：特定農業區 ; 非都市編定：農牧用地,1,1,全筆移轉,05610000
RPTNMLPKKIKGFCQ86DA,中工段,182.00,非都市：工業區 ; 非都市編定：丁種建築用地,1,1,全筆移轉,00530003
RPQNMLQJJIKGFCQ09DA,新庄段,77.99,非都市：鄉村區 ; 非都市編定：乙種建築用地,1,1,全筆移轉,08110000
RPQNMLPJKIKGFCQ09DA,世興段,84.39,都市：其他:住宅區,1,1,全筆移轉,11380000
RPRNMLOLJIKGFCQ56DA,溪北段溪北小段,6042.00,非都市：特定農業區 ; 非都市編定：農牧用地,1,1,全筆移轉,03450000
RPPNMLPKKIKGFCQ09DA,公園段,40.00,都市：其他:商業區,1,1,全筆移轉,05200000
RPQNMLKKKIKGFDQ78DA,鹿北段,10.89,都市：其他:道路用地,60,10,持分移轉,12530000
RPQNMLKKKIKGFDQ78DA,鹿北段,109.87,都市：其他:住宅區,1,1,全筆移轉,12540003
RPRNMLKKKIKGFDQ88DA,鹿北段,235.27,都市：其他:住宅區,1,1,全筆移轉,12890001
RPRNMLKKKIKGFDQ88DA,鹿北段,33.78,都市：其他:住宅區,8536,1600,持分移轉,12890005
RPRNMLKKKIKGFDQ88DA,鹿北段,62.26,都市：其他:道路用地,60,10,持分移轉,12900000
RPPNMLOKKIKGFDQ09DA,中庄仔段,105.78,都市：其他:住宅區,1,1,全筆移轉,00290009
RPQNMLLJKIKGFDQ78DA,新埤段新埤小段,1666.00,非都市：特定農業區 ; 非都市編定：農牧用地,1,1,全筆移轉,15980000
RPPNMLLJKIKGFDQ68DA,頂潭新段,203.21,非都市：鄉村區 ; 非都市編定：乙種建築用地,1,1,全筆移轉,07510000
RPTNMLRLJIKGFEQ27DA,內甕段,10.17,都市：其他:住宅區,10000,18,持分移轉,00970009
RPTNMLRLJIKGFEQ27DA,內甕段,.48,都市：其他:保護區,10000,18,持分移轉,00970043
RPQNMLPKJIKGFEQ66DA,新內甕段,46.75,都市：其他:農業區,1,1,全筆移轉,10500001
RPPNMLLKKIKGFEQ88DA,梅東段,3.92,都市：其他:第一種住宅區,12,1,持分移轉,04320003
RPPNMLLKKIKGFEQ88DA,梅東段,97.00,都市：其他:第一種住宅區,1,1,全筆移轉,04410000
RPQNMLRKKIKGFCQ86EA,東湖段,13.99,非都市：特定農業區 ; 非都市編定：農牧用地,5,1,持分移轉,18500000
RPPNMLPKKIKGFDQ56DA,安仁段,7.82,非都市：鄉村區 ; 非都市編定：乙種建築用地,10000,79,持分移轉,01010000
RPRNMLPKKIKGFDQ86EA,三角段,78.70,非都市：鄉村區 ; 非都市編定：乙種建築用地,800,99,持分移轉,00830000
RPRNMLQKKIKGFDQ86DA,十一指厝段順興小段,181.00,非都市：特定農業區 ; 非都市編定：農牧用地,1,1,全筆移轉,00540009
SPRNMLQKKIKGFDQ96DA,南靖段南和小段,98.00,非都市：特定農業區 ; 非都市編定：農牧用地,1,1,全筆移轉,08760002
RPTNMLQKKIKGFDQ07DA,忠義段,80.76,都市：其他:住宅區,1,1,全筆移轉,12190000
RPPNMLSKKIKGFEQ07EA,大草埔段,42.25,非都市：山坡地保育區 ; 非都市編定：林業用地,4,1,持分移轉,02130005
RPRNMLRKKIKGFBQ76DA,過路子段過路小段,677.00,非都市：鄉村區 ; 非都市編定：乙種建築用地,20,2,持分移轉,08830000
RPOOMLRJKIKGFCQ56DA,甘蔗崙段甘蔗崙小段,10.00,都市：其他:住宅區,1,1,全筆移轉,01350012
RPPNMLPLJIKGFBQ98DA,竹子腳段竹嘉小段,2400.00,非都市：特定農業區 ; 非都市編定：農牧用地,1,1,全筆移轉,09280000
RPOOMLRJKIKGFCQ56DA,甘蔗崙段甘蔗崙小段,93.00,都市：其他:住宅區,1,1,全筆移轉,01350033
RPSNMLLLJIKGFBQ88DA,大塗師段,175.00,非都市：鄉村區 ; 非都市編定：乙種建築用地,1,1,全筆移轉,01480008
RPWNMLPKKIKGFCQ17DA,新三角段,1.38,非都市：一般農業區 ; 非都市編定：農牧用地,268,60,持分移轉,09870001
RPWNMLPKKIKGFCQ17DA,新三角段,300.57,非都市：一般農業區 ; 非都市編定：農牧用地,268,60,持分移轉,09920001
RPOOMLPKKIKGFCQ09DA,三村段,405.86,非都市：一般農業區 ; 非都市編定：農牧用地,7,1,持分移轉,00020000
RPOOMLPKKIKGFCQ09DA,三村段,1223.43,非都市：一般農業區 ; 非都市編定：農牧用地,147,55,持分移轉,00030001
RPOOMLPKKIKGFCQ09DA,三村段,270.14,非都市：一般農業區 ; 非都市編定：農牧用地,7,1,持分移轉,00060000
RPOOMLPKKIKGFCQ09DA,三村段,5.06,非都市：一般農業區 ; 非都市編定：農牧用地,7,1,持分移轉,00100001
RPVNMLQKKIKGFCQ17DA,三村段,278.09,非都市：一般農業區 ; 非都市編定：農牧用地,30,1,持分移轉,00090001
RPPNMLSKKIKGFCQ76DA,溝背段溝背小段,127.78,非都市：特定農業區 ; 非都市編定：農牧用地,9,1,持分移轉,02800000
RPTNMLRKJIKGFCQ96DA,上崙段柳二小段,2330.00,非都市：特定農業區 ; 非都市編定：農牧用地,1,1,全筆移轉,00180000
RPPNMLSKKIKGFCQ86EA,東湖段,147.16,非都市：鄉村區 ; 非都市編定：乙種建築用地,1,1,全筆移轉,18490000
RPPNMLSKKIKGFCQ86EA,東湖段,11.43,非都市：鄉村區 ; 非都市編定：乙種建築用地,50,2,持分移轉,18510000
RPPNMLTKKIKGFBQ76DA,蘇厝段,11.19,非都市：鄉村區 ; 非都市編定：乙種建築用地,1,1,全筆移轉,00460000
RPPNMLTKKIKGFBQ76DA,蘇厝段,13.09,非都市：鄉村區 ; 非都市編定：乙種建築用地,1,1,全筆移轉,00490000
RPPNMLTKKIKGFBQ76DA,蘇厝段,13.45,非都市：鄉村區 ; 非都市編定：乙種建築用地,1,1,全筆移轉,00530001
RPQNMLRKKIKGFBQ66DA,竹子腳段竹嘉小段,798.00,非都市：特定農業區 ; 非都市編定：農牧用地,1,1,全筆移轉,06210000
RPQNMLRKKIKGFBQ66DA,竹子腳段竹嘉小段,809.00,非都市：特定農業區 ; 非都市編定：農牧用地,1,1,全筆移轉,06210001
RPRNMLTKKIKGFCQ07DA,新大埔美段,1819.85,非都市：一般農業區 ; 非都市編定：農牧用地,1,1,全筆移轉,15580000
RPVNMLRKKIKGFDQ37DA,大義段,65.15,都市：其他:住宅區,1,1,全筆移轉,12200001
RPVNMLMLKIKGFBQ76DA,牛埔段,195.05,都市：其他:農業區,84822,14025,持分移轉,08440000
RPXNMLPKKIKGFCQ27DA,新三角段,3.67,非都市：一般農業區 ; 非都市編定：農牧用地,268,160,持分移轉,09870001
RPXNMLPKKIKGFCQ27DA,新三角段,801.51,非都市：一般農業區 ; 非都市編定：農牧用地,268,160,持分移轉,09920001
RPPNMLMKKIKGFEQ09EA,竹崎段,6193.00,非都市：山坡地保育區 ; 非都市編定：農牧用地,1,1,全筆移轉,05290003
UPPNMLQKKIKGFCQ86DA,東湖段,63.44,非都市：鄉村區 ; 非都市編定：乙種建築用地,48,1,持分移轉,17390000
UPPNMLQKKIKGFCQ86DA,東湖段,100.26,非都市：鄉村區 ; 非都市編定：乙種建築用地,16,1,持分移轉,17430000
TPPNMLQKKIKGFCQ76DA,東湖段,5.59,非都市：鄉村區 ; 非都市編定：交通用地,32,1,持分移轉,17570000
SPPNMLQKKIKGFCQ66DA,東湖段,31.72,非都市：鄉村區 ; 非都市編定：乙種建築用地,96,1,持分移轉,17390000
SPPNMLQKKIKGFCQ66DA,東湖段,50.13,非都市：鄉村區 ; 非都市編定：乙種建築用地,32,1,持分移轉,17430000
RPPNMLQKKIKGFCQ56DA,東湖段,520.24,非都市：鄉村區 ; 非都市編定：乙種建築用地,240,41,持分移轉,17390000
RPPNMLQKKIKGFCQ56DA,東湖段,20.05,非都市：鄉村區 ; 非都市編定：乙種建築用地,80,1,持分移轉,17430000
VPPNMLQKKIKGFCQ96DA,東湖段,11.19,非都市：鄉村區 ; 非都市編定：交通用地,16,1,持分移轉,17570000
RPQOMLPKKIKGFCQ66DA,三村段,556.19,非都市：一般農業區 ; 非都市編定：農牧用地,30,2,持分移轉,00090001
RPQSMLPKKIKGFCQ07DA,三村段,227.20,非都市：一般農業區 ; 非都市編定：農牧用地,5,1,持分移轉,00810000
RPQSMLPKKIKGFCQ07DA,三村段,674.60,非都市：一般農業區 ; 非都市編定：農牧用地,5,1,持分移轉,00820000
RPROMLPKKIKGFCQ76DA,三村段,463.49,非都市：一般農業區 ; 非都市編定：農牧用地,90,5,持分移轉,00090001
RPSOMLPKKIKGFCQ86DA,三村段,463.49,非都市：一般農業區 ; 非都市編定：農牧用地,90,5,持分移轉,00090001
RPTOMLPKKIKGFCQ96DA,三村段,463.49,非都市：一般農業區 ; 非都市編定：農牧用地,90,5,持分移轉,00090001
RPVOMLPKKIKGFCQ17DA,三村段,154.50,非都市：一般農業區 ; 非都市編定：農牧用地,270,5,持分移轉,00090001
RPUOMLPKKIKGFCQ07DA,三村段,154.50,非都市：一般農業區 ; 非都市編定：農牧用地,270,5,持分移轉,00090001
RPWOMLPKKIKGFCQ27DA,三村段,154.50,非都市：一般農業區 ; 非都市編定：農牧用地,270,5,持分移轉,00090001
RPXOMLPKKIKGFCQ37DA,三村段,278.09,非都市：一般農業區 ; 非都市編定：農牧用地,90,3,持分移轉,00090001
RPPNMLTJKIKGFDQ86DA,嘉新段,10.63,都市：其他:住宅區,10000,27,持分移轉,06820000
RPPNMLSJKIKGFDQ76DA,和興段,210.24,非都市：鄉村區 ; 非都市編定：乙種建築用地,1,1,全筆移轉,09080000
RPPNMLSJKIKGFDQ76DA,和興段,29.30,非都市：鄉村區 ; 非都市編定：乙種建築用地,1,1,全筆移轉,09100000
RPPNMLKKJIKGFCQ48DA,義興段,118.51,都市：其他:住宅區,1,1,全筆移轉,01370000
RPQPMLPKKIKGFCQ76DA,三村段,320.20,非都市：一般農業區 ; 非都市編定：農牧用地,1,1,全筆移轉,00150001
RPQPMLPKKIKGFCQ76DA,三村段,3459.55,非都市：一般農業區 ; 非都市編定：農牧用地,1,1,全筆移轉,00160001
RPRQMLPKKIKGFCQ96DA,三村段,194.05,非都市：一般農業區 ; 非都市編定：農牧用地,68208,4685,持分移轉,00830001
RPPPMLPKKIKGFCQ66DA,三村段,463.49,非都市：一般農業區 ; 非都市編定：農牧用地,90,5,持分移轉,00090001
RPUPMLPKKIKGFCQ17DA,三村段,93.11,非都市：一般農業區 ; 非都市編定：農牧用地,24,3,持分移轉,01400001
RPTQMLPKKIKGFCQ17DA,三村段,485.18,非都市：一般農業區 ; 非都市編定：農牧用地,1,1,全筆移轉,01170001
RPPNMLTJKIKGFEQ07EA,番路段,139.00,非都市：一般農業區 ; 非都市編定：丙種建築用地,1,1,全筆移轉,02100017
RPPQMLPKKIKGFCQ76DA,三村段,388.09,非都市：一般農業區 ; 非都市編定：農牧用地,34104,4685,持分移轉,00830001
RPSPMLPKKIKGFCQ96DA,三村段,31.04,非都市：一般農業區 ; 非都市編定：農牧用地,24,1,持分移轉,01400001
RPSQMLPKKIKGFCQ07DA,三村段,97.02,非都市：一般農業區 ; 非都市編定：農牧用地,136416,4685,持分移轉,00830001
RPQQMLPKKIKGFCQ86DA,三村段,388.09,非都市：一般農業區 ; 非都市編定：農牧用地,34104,4685,持分移轉,00830001
RPVPMLPKKIKGFCQ27DA,三村段,372.44,非都市：一般農業區 ; 非都市編定：農牧用地,24,12,持分移轉,01400001
RPOPMLPKKIKGFCQ56DA,三村段,463.49,非都市：一般農業區 ; 非都市編定：農牧用地,90,5,持分移轉,00090001
RPTPMLPKKIKGFCQ07DA,三村段,31.04,非都市：一般農業區 ; 非都市編定：農牧用地,24,1,持分移轉,01400001
RPXPMLPKKIKGFCQ47DA,三村段,2897.28,非都市：一般農業區 ; 非都市編定：農牧用地,1,1,全筆移轉,01180001
RPWPMLPKKIKGFCQ37DA,三村段,186.22,非都市：一般農業區 ; 非都市編定：農牧用地,24,6,持分移轉,01400001
RPOQMLPKKIKGFCQ66DA,三村段,1272.71,非都市：一般農業區 ; 非都市編定：農牧用地,8526,3841,持分移轉,00830001
RPVQMLPKKIKGFCQ37DA,三村段,257.34,非都市：一般農業區 ; 非都市編定：農牧用地,4,1,持分移轉,01150001
RPPRMLPKKIKGFCQ86DA,三村段,837.49,非都市：一般農業區 ; 非都市編定：農牧用地,6,1,持分移轉,00850001
RPRRMLPKKIKGFCQ07DA,三村段,837.49,非都市：一般農業區 ; 非都市編定：農牧用地,6,1,持分移轉,00850001
RPTRMLPKKIKGFCQ27DA,三村段,837.49,非都市：一般農業區 ; 非都市編定：農牧用地,6,1,持分移轉,00850001
RPQRMLPKKIKGFCQ96DA,三村段,837.49,非都市：一般農業區 ; 非都市編定：農牧用地,6,1,持分移轉,00850001
RPUQMLPKKIKGFCQ27DA,三村段,562.70,非都市：一般農業區 ; 非都市編定：農牧用地,1,1,全筆移轉,01160001
RPSRMLPKKIKGFCQ17DA,三村段,837.49,非都市：一般農業區 ; 非都市編定：農牧用地,6,1,持分移轉,00850001
RPVRMLPKKIKGFCQ47DA,三村段,8.65,非都市：一般農業區 ; 非都市編定：農牧用地,240,7,持分移轉,00840001
RPURMLPKKIKGFCQ37DA,三村段,59.28,非都市：一般農業區 ; 非都市編定：農牧用地,5,1,持分移轉,00840001
RPXQMLPKKIKGFCQ57DA,三村段,514.68,非都市：一般農業區 ; 非都市編定：農牧用地,4,2,持分移轉,01150001
RPRSMLPKKIKGFCQ17DA,三村段,227.20,非都市：一般農業區 ; 非都市編定：農牧用地,5,1,持分移轉,00810000
RPRSMLPKKIKGFCQ17DA,三村段,674.60,非都市：一般農業區 ; 非都市編定：農牧用地,5,1,持分移轉,00820000
RPWRMLPKKIKGFCQ57DA,三村段,463.49,非都市：一般農業區 ; 非都市編定：農牧用地,90,5,持分移轉,00090001
RPWQMLPKKIKGFCQ47DA,三村段,257.34,非都市：一般農業區 ; 非都市編定：農牧用地,4,1,持分移轉,01150001
RPSSMLPKKIKGFCQ27DA,三村段,227.20,非都市：一般農業區 ; 非都市編定：農牧用地,5,1,持分移轉,00810000
RPSSMLPKKIKGFCQ27DA,三村段,674.60,非都市：一般農業區 ; 非都市編定：農牧用地,5,1,持分移轉,00820000
RPORMLPKKIKGFCQ76DA,三村段,837.49,非都市：一般農業區 ; 非都市編定：農牧用地,6,1,持分移轉,00850001
RPOSMLPKKIKGFCQ86DA,三村段,463.49,非都市：一般農業區 ; 非都市編定：農牧用地,90,5,持分移轉,00090001
RPUSMLPKKIKGFCQ47DA,三村段,227.20,非都市：一般農業區 ; 非都市編定：農牧用地,5,1,持分移轉,00810000
RPUSMLPKKIKGFCQ47DA,三村段,674.60,非都市：一般農業區 ; 非都市編定：農牧用地,5,1,持分移轉,00820000
RPPSMLPKKIKGFCQ96DA,三村段,31.04,非都市：一般農業區 ; 非都市編定：農牧用地,24,1,持分移轉,01400001
RPTSMLPKKIKGFCQ37DA,三村段,227.20,非都市：一般農業區 ; 非都市編定：農牧用地,5,1,持分移轉,00810000
RPTSMLPKKIKGFCQ37DA,三村段,674.60,非都市：一般農業區 ; 非都市編定：農牧用地,5,1,持分移轉,00820000
RPSNMLTKKIKGFCQ17DA,新大埔美段,2553.08,非都市：一般農業區 ; 非都市編定：農牧用地,2,1,持分移轉,15580012
RPROMLTKKIKGFCQ17DA,三間厝新段,79.97,非都市：一般農業區 ; 非都市編定：甲種建築用地,1,1,全筆移轉,02900000
RPXNMLSJKIKGFCQ47DA,湖北段,1726.10,非都市：特定農業區 ; 非都市編定：水利用地,3,1,持分移轉,02180000
RPRNMLNLKIKGFBQ09DA,蘇厝段,4.58,非都市：鄉村區 ; 非都市編定：乙種建築用地,160,9,持分移轉,11270000
RPRNMLNLKIKGFBQ09DA,蘇厝段,58.38,非都市：鄉村區 ; 非都市編定：乙種建築用地,40,9,持分移轉,11280000
RPPNMLTKKIKGFDQ07EA,後寮新段,131.19,非都市：特定農業區 ; 非都市編定：農牧用地,1,1,全筆移轉,01750000
SPOOMLSJKIKGFCQ76DA,湖北段,721.06,非都市：特定農業區 ; 非都市編定：農牧用地,3,1,持分移轉,02030000
RPTNMLSJKIKGFCQ07DA,湖北段,3.21,非都市：特定農業區 ; 非都市編定：農牧用地,5766,2262,持分移轉,00930001
RPTNMLSJKIKGFCQ07DA,湖北段,78.14,非都市：特定農業區 ; 非都市編定：農牧用地,1,1,全筆移轉,00970001
TPOOMLSJKIKGFCQ86DA,湖北段,17.55,非都市：特定農業區 ; 非都市編定：水利用地,3,1,持分移轉,02070000
RPOOMLSJKIKGFCQ66DA,湖北段,57.71,非都市：特定農業區 ; 非都市編定：水利用地,3,1,持分移轉,02020000
RPOOMLSJKIKGFCQ66DA,湖北段,604.45,非都市：特定農業區 ; 非都市編定：水利用地,3,1,持分移轉,02050000
RPOOMLSJKIKGFCQ66DA,湖北段,230.70,非都市：特定農業區 ; 非都市編定：水利用地,3,1,持分移轉,02060000
RPOOMLSJKIKGFCQ66DA,湖北段,937.66,非都市：特定農業區 ; 非都市編定：水利用地,3,1,持分移轉,02150000
RPOOMLSJKIKGFCQ66DA,湖北段,770.64,非都市：特定農業區 ; 非都市編定：水利用地,3,1,持分移轉,02160000
RPOOMLSJKIKGFCQ66DA,湖北段,1145.15,非都市：特定農業區 ; 非都市編定：水利用地,3,1,持分移轉,02170000
RPOOMLSJKIKGFCQ66DA,湖北段,689.29,非都市：特定農業區 ; 非都市編定：水利用地,3,1,持分移轉,02200000
RPQOMLSJKIKGFCQ86DA,湖北段,413.14,非都市：特定農業區 ; 非都市編定：農牧用地,6,1,持分移轉,03920000
TPROMLSJKIKGFCQ17DA,湖北段,8.78,非都市：特定農業區 ; 非都市編定：水利用地,6,1,持分移轉,02070000
RPPOMLSJKIKGFCQ76DA,大湖段湖北小段,2867.00,非都市：特定農業區 ; 非都市編定：農牧用地,1,1,全筆移轉,02130001
SPROMLSJKIKGFCQ07DA,湖北段,360.53,非都市：特定農業區 ; 非都市編定：農牧用地,6,1,持分移轉,02030000
RPROMLSJKIKGFCQ96DA,湖北段,28.86,非都市：特定農業區 ; 非都市編定：水利用地,6,1,持分移轉,02020000
RPROMLSJKIKGFCQ96DA,湖北段,302.22,非都市：特定農業區 ; 非都市編定：水利用地,6,1,持分移轉,02050000
RPROMLSJKIKGFCQ96DA,湖北段,115.35,非都市：特定農業區 ; 非都市編定：水利用地,6,1,持分移轉,02060000
RPROMLSJKIKGFCQ96DA,湖北段,468.83,非都市：特定農業區 ; 非都市編定：水利用地,6,1,持分移轉,02150000
RPROMLSJKIKGFCQ96DA,湖北段,385.32,非都市：特定農業區 ; 非都市編定：水利用地,6,1,持分移轉,02160000
RPROMLSJKIKGFCQ96DA,湖北段,572.57,非都市：特定農業區 ; 非都市編定：水利用地,6,1,持分移轉,02170000
RPROMLSJKIKGFCQ96DA,湖北段,863.05,非都市：特定農業區 ; 非都市編定：水利用地,6,1,持分移轉,02180000
RPROMLSJKIKGFCQ96DA,湖北段,344.65,非都市：特定農業區 ; 非都市編定：水利用地,6,1,持分移轉,02200000
RPUOMLSKKIKGFCQ37DA,新庄段,79.20,非都市：鄉村區 ; 非都市編定：乙種建築用地,1,1,全筆移轉,07570000
RPOPMLSJKIKGFCQ76DA,湖北段,1585.30,非都市：特定農業區 ; 非都市編定：農牧用地,1,1,全筆移轉,03850001
SPSOMLSJKIKGFCQ17DA,湖北段,360.53,非都市：特定農業區 ; 非都市編定：農牧用地,6,1,持分移轉,02030000
RPXPMLSJKIKGFCQ67DA,湖北段,16.21,非都市：特定農業區 ; 非都市編定：農牧用地,16256,4953,持分移轉,03710001
TPSOMLSJKIKGFCQ27DA,湖北段,8.78,非都市：特定農業區 ; 非都市編定：水利用地,6,1,持分移轉,02070000
RPTOMLSJKIKGFCQ17DA,湖北段,413.14,非都市：特定農業區 ; 非都市編定：農牧用地,6,1,持分移轉,03920000
RPPPMLSJKIKGFCQ86DA,大湖段湖北小段,555.50,非都市：特定農業區 ; 非都市編定：農牧用地,2,1,持分移轉,02030001
RPWPMLSJKIKGFCQ57DA,湖北段,665.49,非都市：特定農業區 ; 非都市編定：水利用地,5,1,持分移轉,03860001
RPTPMLSJKIKGFCQ27DA,大湖段湖北小段,1743.00,非都市：特定農業區 ; 非都市編定：農牧用地,1,1,全筆移轉,02050001
RPVOMLSJKIKGFCQ37DA,湖北段,3614.39,非都市：特定農業區 ; 非都市編定：水利用地,1,1,全筆移轉,03870001
RPVPMLSJKIKGFCQ47DA,湖北段,1330.97,非都市：特定農業區 ; 非都市編定：水利用地,5,2,持分移轉,03860001
RPUPMLSJKIKGFCQ37DA,湖北段,665.49,非都市：特定農業區 ; 非都市編定：水利用地,5,1,持分移轉,03860001
RPQPMLSJKIKGFCQ96DA,湖北段,77.91,非都市：特定農業區 ; 非都市編定：農牧用地,4267,1000,持分移轉,03830001
SPRPMLSJKIKGFCQ17DA,湖北段,2162.54,非都市：特定農業區 ; 非都市編定：水利用地,1,1,全筆移轉,03910000
RPPNMLTJKIKGFCQ76DA,湖北段,16.21,非都市：特定農業區 ; 非都市編定：農牧用地,16256,4953,持分移轉,03710001
RPUOMLSJKIKGFCQ27DA,大湖段湖北小段,555.50,非都市：特定農業區 ; 非都市編定：農牧用地,2,1,持分移轉,02030001
RPUOMLSJKIKGFCQ27DA,大湖段湖北小段,1102.00,非都市：特定農業區 ; 非都市編定：農牧用地,1,1,全筆移轉,02040001
RPRPMLSJKIKGFCQ07DA,湖北段,1010.61,非都市：特定農業區 ; 非都市編定：水利用地,9335,1000,持分移轉,02210000
RPSPMLSJKIKGFCQ17DA,湖北段,526.45,非都市：特定農業區 ; 非都市編定：水利用地,1,1,全筆移轉,02100000
RPSPMLSJKIKGFCQ17DA,湖北段,1203.94,非都市：特定農業區 ; 非都市編定：水利用地,1,1,全筆移轉,02110000
RPSPMLSJKIKGFCQ17DA,湖北段,632.04,非都市：特定農業區 ; 非都市編定：水利用地,1,1,全筆移轉,02120000
RPSOMLSJKIKGFCQ07DA,湖北段,28.86,非都市：特定農業區 ; 非都市編定：水利用地,6,1,持分移轉,02020000
RPSOMLSJKIKGFCQ07DA,湖北段,302.22,非都市：特定農業區 ; 非都市編定：水利用地,6,1,持分移轉,02050000
RPSOMLSJKIKGFCQ07DA,湖北段,115.35,非都市：特定農業區 ; 非都市編定：水利用地,6,1,持分移轉,02060000
RPSOMLSJKIKGFCQ07DA,湖北段,468.83,非都市：特定農業區 ; 非都市編定：水利用地,6,1,持分移轉,02150000
RPSOMLSJKIKGFCQ07DA,湖北段,385.32,非都市：特定農業區 ; 非都市編定：水利用地,6,1,持分移轉,02160000
RPSOMLSJKIKGFCQ07DA,湖北段,572.57,非都市：特定農業區 ; 非都市編定：水利用地,6,1,持分移轉,02170000
RPSOMLSJKIKGFCQ07DA,湖北段,863.05,非都市：特定農業區 ; 非都市編定：水利用地,6,1,持分移轉,02180000
RPSOMLSJKIKGFCQ07DA,湖北段,344.65,非都市：特定農業區 ; 非都市編定：水利用地,6,1,持分移轉,02200000
RPOQMLSJKIKGFCQ86DA,大湖段湖北小段,329.00,非都市：特定農業區 ; 非都市編定：農牧用地,1,1,全筆移轉,02070001
RPTNMLTJKIKGFCQ17DA,湖北段,488.73,非都市：特定農業區 ; 非都市編定：水利用地,2,1,持分移轉,02080000
RPTNMLTJKIKGFCQ17DA,湖北段,1796.28,非都市：特定農業區 ; 非都市編定：水利用地,2,1,持分移轉,02090000
RPRNMLTJKIKGFCQ96DA,湖北段,1694.19,非都市：特定農業區 ; 非都市編定：農牧用地,1,1,全筆移轉,00870000
RPRNMLTJKIKGFCQ96DA,湖北段,2363.82,非都市：特定農業區 ; 非都市編定：農牧用地,1,1,全筆移轉,00900001
RPRNMLTJKIKGFCQ96DA,湖北段,1132.10,非都市：特定農業區 ; 非都市編定：農牧用地,1,1,全筆移轉,00910003
RPWNMLTJKIKGFCQ47DA,湖北段,488.73,非都市：特定農業區 ; 非都市編定：水利用地,2,1,持分移轉,02080000
RPWNMLTJKIKGFCQ47DA,湖北段,1796.28,非都市：特定農業區 ; 非都市編定：水利用地,2,1,持分移轉,02090000
RPUOMLTJKIKGFCQ37DA,湖北段,331.07,非都市：特定農業區 ; 非都市編定：水利用地,3,1,持分移轉,03900000
SPUNMLTJKIKGFCQ37DA,湖北段,10.59,非都市：特定農業區 ; 非都市編定：農牧用地,1,1,全筆移轉,05020001
RPROMLTJKIKGFCQ07DA,湖北段,1309.20,非都市：特定農業區 ; 非都市編定：水利用地,1,1,全筆移轉,02190001
SPXOMLTJKIKGFCQ77DA,湖北段,550.85,非都市：特定農業區 ; 非都市編定：農牧用地,9,2,持分移轉,03920000
RPPOMLTJKIKGFCQ86DA,湖北段,1587.22,非都市：特定農業區 ; 非都市編定：水利用地,1,1,全筆移轉,03890000
RPQPMLTJKIKGFCQ07DA,大湖段湖北小段,343.00,非都市：特定農業區 ; 非都市編定：農牧用地,5,1,持分移轉,02180001
RPOOMLTJKIKGFCQ76DA,湖北段,8423.40,非都市：特定農業區 ; 非都市編定：水利用地,9335,8335,持分移轉,02210000
SPUOMLTJKIKGFCQ47DA,湖北段,826.28,非都市：特定農業區 ; 非都市編定：農牧用地,3,1,持分移轉,03920000
RPTOMLTJKIKGFCQ27DA,大湖段湖北小段,1365.00,非都市：特定農業區 ; 非都市編定：農牧用地,1,1,全筆移轉,02110001
RPOPMLTJKIKGFCQ86DA,大湖段湖北小段,772.00,非都市：特定農業區 ; 非都市編定：農牧用地,1,1,全筆移轉,02060002
RPPPMLTJKIKGFCQ96DA,湖北段,6641.43,非都市：特定農業區 ; 非都市編定：水利用地,1,1,全筆移轉,03880000
RPWOMLTJKIKGFCQ57DA,大湖段湖北小段,2166.00,非都市：特定農業區 ; 非都市編定：農牧用地,1,1,全筆移轉,02140001
RPRPMLTJKIKGFCQ17DA,大湖段湖北小段,343.00,非都市：特定農業區 ; 非都市編定：農牧用地,5,1,持分移轉,02180001
RPUNMLTJKIKGFCQ27DA,湖北段,1930.90,非都市：特定農業區 ; 非都市編定：水利用地,1,1,全筆移轉,03930001
RPUNMLTJKIKGFCQ27DA,湖北段,774.75,非都市：特定農業區 ; 非都市編定：水利用地,1,1,全筆移轉,03960001
RPUNMLTJKIKGFCQ27DA,湖北段,.10,非都市：特定農業區 ; 非都市編定：水利用地,1,1,全筆移轉,03960002
RPUNMLTJKIKGFCQ27DA,湖北段,402.98,非都市：特定農業區 ; 非都市編定：水利用地,1,1,全筆移轉,03970001
RPUNMLTJKIKGFCQ27DA,湖北段,773.51,非都市：特定農業區 ; 非都市編定：水利用地,1,1,全筆移轉,05000001
RPSOMLTJKIKGFCQ17DA,大湖段湖北小段,181.00,非都市：特定農業區 ; 非都市編定：農牧用地,1,1,全筆移轉,02720001
RPXOMLTJKIKGFCQ67DA,湖北段,220.71,非都市：特定農業區 ; 非都市編定：水利用地,9,2,持分移轉,03900000
RPSPMLTJKIKGFCQ27DA,大湖段湖北小段,686.00,非都市：特定農業區 ; 非都市編定：農牧用地,5,2,持分移轉,02180001
RPTPMLTJKIKGFCQ37DA,大湖段湖北小段,343.00,非都市：特定農業區 ; 非都市編定：農牧用地,5,1,持分移轉,02180001
RPVPMLTJKIKGFCQ57DA,湖北段,2732.27,非都市：特定農業區 ; 非都市編定：水利用地,1,1,全筆移轉,00920001
RPPNMLNLKIKGFEQ66EA,內甕段,669.00,都市：其他:農業區,1,1,全筆移轉,01350000
RPQQMLTJKIKGFCQ17DA,湖北段,665.49,非都市：特定農業區 ; 非都市編定：水利用地,5,1,持分移轉,03860001
SPWPMLTJKIKGFCQ77DA,大湖段湖北小段,1284.00,非都市：特定農業區 ; 非都市編定：農牧用地,1,1,全筆移轉,02170000
RPPOMLTKKIKGFDQ07DA,水西段,166.30,都市：其他:住宅區,1,1,全筆移轉,07270003
RPRQMLTJKIKGFCQ27DA,湖北段,7788.08,非都市：特定農業區 ; 非都市編定：水利用地,1,1,全筆移轉,00890000
RPXPMLTJKIKGFCQ77DA,湖北段,254.52,非都市：特定農業區 ; 非都市編定：農牧用地,4267,3267,持分移轉,03830001
RPWPMLTJKIKGFCQ67DA,湖北段,1310.20,非都市：特定農業區 ; 非都市編定：農牧用地,1,1,全筆移轉,03950000
RPTQMLTJKIKGFCQ47DA,大湖段湖北小段,257.00,非都市：特定農業區 ; 非都市編定：農牧用地,1,1,全筆移轉,02100001
RPQNMLOLKIKGFBQ09DA,頂東石段黎明小段,165.87,非都市：特定專用區 ; 非都市編定：甲種建築用地,1,1,全筆移轉,00920052
RPQNMLQLKIKGFBQ66DA,嘉朴段,13.71,都市：其他:住宅區,100000,1836,持分移轉,02400001
RPPNMLOLKIKGFBQ98DA,頂東石段黎明小段,165.88,非都市：特定專用區 ; 非都市編定：甲種建築用地,1,1,全筆移轉,00920050
RPQNMLQLKIKGFBQ66DA,嘉朴段,13.62,都市：其他:住宅區,100000,1836,持分移轉,02400002
RPTOMLTKKIKGFDQ47DA,南靖段南和小段,3870.00,非都市：特定農業區 ; 非都市編定：農牧用地,1,1,全筆移轉,16320000
RPSNMLNLKIKGFCQ66DA,公園段,80.00,都市：其他:住宅區,1,1,全筆移轉,02110001
RPRNMLQLKIKGFBQ76DA,菜舖廍段新吉小段,3081.00,非都市：一般農業區 ; 非都市編定：農牧用地,1,1,全筆移轉,02290000
RPSNMLNLKIKGFCQ66DA,公園段,81.00,都市：其他:住宅區,1,1,全筆移轉,02110002
RPTNMLTKKIKGFBQ17DA,下雙溪段,316.00,非都市：一般農業區 ; 非都市編定：甲種建築用地,1,1,全筆移轉,02110000
RPSNMLPKKIKGFCQ76DA,大湖段湖北小段,2842.00,非都市：特定農業區 ; 非都市編定：農牧用地,1,1,全筆移轉,03620000
RPUOMLMLKIKGFDQ96DA,過溝段過溝小段,21.76,都市：其他:住宅區,50,1,持分移轉,11560001
RPUOMLMLKIKGFDQ96DA,過溝段過溝小段,.25,都市：其他:住宅區,48,1,持分移轉,11560008
RPUOMLMLKIKGFDQ96DA,過溝段過溝小段,82.00,都市：其他:住宅區,1,1,全筆移轉,11560041
RPQOMLTKKIKGFDQ17DA,南靖段南和小段,30.20,非都市：特定農業區 ; 非都市編定：甲種建築用地,10000,110,持分移轉,14900000
RPSNMLRKKIKGFDQ07DA,下六段公舘小段,25.00,都市：其他:住宅區,1,1,全筆移轉,01330018
RPSNMLRKKIKGFDQ07DA,下六段司公舘小段,10.00,都市：其他:住宅區,1,1,全筆移轉,02790013
RPSNMLRKKIKGFDQ07DA,和睦段,36.00,都市：其他:住宅區,1,1,全筆移轉,06890000
RPSNMLRKKIKGFDQ07DA,和睦段,88.64,都市：其他:住宅區,1,1,全筆移轉,06900000
RPSNMLRKKIKGFDQ07DA,和睦段,374.28,都市：其他:住宅區,1,1,全筆移轉,06910000
RPSNMLRKKIKGFDQ07DA,和睦段,313.28,都市：其他:住宅區,1,1,全筆移轉,06920000
RPPNMLQLKIKGFEQ96EA,鹿滿段,387.21,非都市：一般農業區 ; 非都市編定：農牧用地,1,1,全筆移轉,00560000
RPPNMLQLKIKGFCQ76EA,大崎段,165.52,非都市：一般農業區 ; 非都市編定：甲種建築用地,1,1,全筆移轉,21260000
RPPNMLSLKIKGFDQ96DA,白芒埔段,261.00,非都市：特定農業區 ; 非都市編定：交通用地,1,1,全筆移轉,00270004
RPPNMLLMKIKGFBQ78DA,栗子崙段東崙小段,1283.80,非都市：一般農業區 ; 非都市編定：農牧用地,1,1,全筆移轉,01820000
RPSNMLTLKIKGFBQ17DA,新庄新段,483.88,非都市：鄉村區 ; 非都市編定：乙種建築用地,1,1,全筆移轉,02470000
RPRNMLRJKIKGFCQ76DA,菁埔段中和小段,2654.00,非都市：特定農業區 ; 非都市編定：農牧用地,1,1,全筆移轉,00550000
RPTNMLMLKIKGFDQ76DA,吳鳳廟段,49.96,都市：其他:住宅區,1,1,全筆移轉,11570000
RPPNMLTLKIKGFEQ27EA,和平段,517.88,都市：其他:農業區,1,1,全筆移轉,08770008
RPPNMLTLKIKGFEQ27EA,和平段,134.23,都市：其他:住宅區,1,1,全筆移轉,08980011
RPPNMLTLKIKGFEQ27EA,和平段,17.32,都市：其他:住宅區,1,1,全筆移轉,08980012
RPPNMLTLKIKGFEQ27EA,和平段,15.58,都市：其他:住宅區,1,1,全筆移轉,08980016
RPPNMLMLJIKGFBQ68DA,六腳段六嘉小段,1224.00,非都市：特定農業區 ; 非都市編定：農牧用地,1,1,全筆移轉,04620000
RPQNMLTLKIKGFEQ37EA,大坪段,41.00,非都市：風景區 ; 非都市編定：交通用地,1,1,全筆移轉,01140002
RPUNMLMLKIKGFDQ86DA,水上段水上小段,3374.00,非都市：特定農業區 ; 非都市編定：農牧用地,1,1,全筆移轉,00510000
RPRNMLSKKIKGFCQ96DA,東湖段,2788.82,非都市：特定農業區 ; 非都市編定：農牧用地,1,1,全筆移轉,03630001
RPSNMLLKKIKGFCQ98DA,溪口段溪口小段,314.00,都市：其他:住宅區,2,1,持分移轉,04030000
RPRNMLTLKIKGFDQ27DA,柳新段,97.57,非都市：鄉村區 ; 非都市編定：乙種建築用地,1,1,全筆移轉,07250000
SPSNMLLKKIKGFCQ09DA,溪口段溪口小段,886.00,都市：其他:農業區,2,1,持分移轉,04030001
RPSNMLKMKIKGFDQ56DA,祥和段,28.32,都市：其他:住宅區,2,1,持分移轉,03880005
RPPNMLTKKIKGFCQ86DA,民南段,11.20,都市：其他:農業區,10,1,持分移轉,09300000
RPPNMLTKKIKGFCQ86DA,民南段,93.00,都市：其他:農業區,1,1,全筆移轉,09300001
RPQNMLLMKIKGFDQ56EA,龍德段,115.43,非都市：鄉村區 ; 非都市編定：乙種建築用地,9,1,持分移轉,07120000
RPTNMLNLKIKGFCQ76DA,民文段,3.09,都市：其他:住宅區,1,1,全筆移轉,10210000
RPTNMLNLKIKGFCQ76DA,民文段,83.33,都市：其他:住宅區,1,1,全筆移轉,10220000
RPTNMLNLKIKGFCQ76DA,民文段,9.67,都市：其他:道路用地,1,1,全筆移轉,10230000
RPQNMLLMKIKGFDQ09DA,南新段,557.50,都市：其他:乙種工業區,1,1,全筆移轉,03990000
RPQNMLLMKIKGFDQ09DA,南新段,2.15,都市：其他:乙種工業區,112,1,持分移轉,04010000
RPQNMLLJJHLGFBQ48DA,嘉朴段,23.73,都市：其他:住宅區,10000,45,持分移轉,01730000
RPUNMLKMKIKGFDQ76DA,柚子宅段,2305.00,非都市：山坡地保育區 ; 非都市編定：農牧用地,1,1,全筆移轉,00050000
RPUNMLKMKIKGFDQ76DA,柚子宅段,5108.00,非都市：山坡地保育區 ; 非都市編定：養殖用地,1,1,全筆移轉,00050008
RPQNMLTKKIKGFCQ96DA,民南段,11.20,都市：其他:農業區,10,1,持分移轉,09300000
RPQNMLTKKIKGFCQ96DA,民南段,102.00,都市：其他:農業區,1,1,全筆移轉,09300009
RPUNMLLMKIKGFDQ86DA,北興段,14.94,都市：其他:住宅區,1135660,14938,持分移轉,04910000
RPUNMLLMKIKGFDQ86DA,北興段,.87,都市：其他:住宅區,1135660,14938,持分移轉,04910005
RPQNMLKMKIKGFDQ98DA,嘉保段,11.76,都市：其他:住宅區,69,1,持分移轉,02110003
RPUNMLLMKIKGFDQ86DA,北興段,.23,都市：其他:住宅區,39,1,持分移轉,04910014
RPUNMLLMKIKGFDQ86DA,北興段,.23,都市：其他:住宅區,39,1,持分移轉,04910015
RPUNMLLMKIKGFDQ86DA,北興段,.54,都市：其他:住宅區,39,1,持分移轉,04910016
RPQNMLKMKIKGFDQ98DA,嘉保段,29.07,都市：其他:住宅區,10000,160,持分移轉,02110021
RPUNMLLMKIKGFDQ86DA,北興段,.38,都市：其他:住宅區,39,1,持分移轉,04910017
RPUNMLLMKIKGFDQ86DA,北興段,.14,都市：其他:住宅區,39,1,持分移轉,04910018
RPUNMLLMKIKGFDQ86DA,北興段,.50,都市：其他:住宅區,39,1,持分移轉,04910019
RPUNMLLMKIKGFDQ86DA,北興段,132.28,都市：其他:住宅區,1,1,全筆移轉,04910047
RPUNMLLMKIKGFDQ86DA,北興段,26.42,都市：其他:住宅區,1,1,全筆移轉,04910048
RPUNMLLMKIKGFDQ86DA,北興段,2.51,都市：其他:商業區,1,1,全筆移轉,12730000
RPPNMLOJJHLGFBQ68DA,崁前段崁前小段,32.00,非都市：鄉村區 ; 非都市編定：交通用地,1,1,全筆移轉,02230000
RPPNMLOJJHLGFBQ68DA,崁前段崁前小段,451.00,非都市：鄉村區 ; 非都市編定：乙種建築用地,1,1,全筆移轉,02240000
RPPNMLMJJHLGFDQ78EA,麻寮段,84.03,都市：其他:住宅區,1,1,全筆移轉,05170000
RPTNMLPJJHLGFCQ66DA,明華段,49.66,都市：其他:道路用地,2,1,持分移轉,08740000
RPTNMLPJJHLGFCQ66DA,明華段,265.94,都市：其他:道路用地,2,1,持分移轉,08740001
RPTNMLPJJHLGFCQ66DA,明華段,3.65,都市：其他:道路用地,2,1,持分移轉,08740002
RPWNMLQJJHLGFCQ07DA,古民段新民小段,4515.00,都市：其他:農業區,1,1,全筆移轉,06420000
RPPNMLNJJHLGFDQ78DA,崙子頂段崙頂小段,176.92,都市：其他:園道用地,120,110,持分移轉,00570000
RPWNMLQJJHLGFCQ07DA,古民段新民小段,14.00,都市：其他:農業區,1,1,全筆移轉,06420001
RPPNMLNJKIKGFCQ78DA,潭大段,175.50,非都市：特定農業區 ; 非都市編定：甲種建築用地,4,1,持分移轉,03430000
RPPNMLNJJHLGFDQ78DA,崙子頂段崙頂小段,1294.33,都市：其他:住宅區,120,110,持分移轉,00570001
RPPNMLPJJHLGFDQ98DA,頂港子墘段頂港小段,1460.04,都市：其他:住宅區,1,1,全筆移轉,02350005
RPPNMLPJJHLGFDQ98DA,頂港子墘段頂港小段,245.64,都市：其他:道路用地,1,1,全筆移轉,02360000
RPQNMLMJJHLGFCQ68DA,崙子頂段,2400.00,非都市：特定農業區 ; 非都市編定：農牧用地,1,1,全筆移轉,07510000
RPVNMLPJJHLGFCQ86DA,三村段,97.02,非都市：一般農業區 ; 非都市編定：農牧用地,136416,4685,持分移轉,00830001
RPPNMLPJJHLGFDQ09EA,大崙段新興小段,29.88,非都市：鄉村區 ; 非都市編定：乙種建築用地,16,1,持分移轉,01020006
RPPNMLPJJHLGFDQ09EA,大崙段新興小段,288.00,非都市：鄉村區 ; 非都市編定：乙種建築用地,1,1,全筆移轉,01020012
RPPNMLQKKIKGFEQ76DA,瓦厝埔段,77.00,非都市：一般農業區 ; 非都市編定：丙種建築用地,1,1,全筆移轉,01780012
RPRNMLPKKIKGFDQ76DA,大崙段重劃小段,1000.00,非都市：特定農業區 ; 非都市編定：農牧用地,1,1,全筆移轉,08280000
RPXNMLMJJHLGFCQ76DA,東林段,7.13,都市：其他:住宅區,1,1,全筆移轉,09750000
RPXNMLMJJHLGFCQ76DA,東林段,62.13,都市：其他:道路用地,1,1,全筆移轉,09760000
RPXNMLMJJHLGFCQ76DA,東林段,49.05,都市：其他:住宅區,1,1,全筆移轉,09770000
RPXNMLMJJHLGFCQ76DA,東林段,25.03,都市：其他:住宅區,1,1,全筆移轉,09780000
RPXNMLMJJHLGFCQ76DA,東林段,32.11,都市：其他:道路用地,1,1,全筆移轉,09790000
RPXNMLMJJHLGFCQ76DA,東林段,2.05,都市：其他:住宅區,1,1,全筆移轉,09800000
RPXNMLMJJHLGFCQ76DA,東林段,9.68,都市：其他:道路用地,5,3,持分移轉,09850000
RPXNMLMJJHLGFCQ76DA,東林段,6.01,都市：其他:住宅區,5,3,持分移轉,09880000
RPPNMLQJJHLGFCQ09EA,疊溪段,87.05,非都市：特定農業區 ; 非都市編定：甲種建築用地,1,1,全筆移轉,02210003
RPPNMLQJJHLGFCQ09EA,疊溪段,289.33,非都市：特定農業區 ; 非都市編定：農牧用地,6,1,持分移轉,02220000
RPSOMLTKKIKGFDQ37DA,嘉太段,21.60,都市：其他:住宅區,15,1,持分移轉,01980000
RPSOMLTKKIKGFDQ37DA,嘉太段,85.62,都市：其他:住宅區,1,1,全筆移轉,01980006
RPSOMLTKKIKGFDQ37DA,嘉太段,.29,都市：其他:住宅區,15,1,持分移轉,01980017
RPRNMLPJJHLGFBQ98DA,新店新段,67.09,非都市：鄉村區 ; 非都市編定：乙種建築用地,1,1,全筆移轉,02960000
RPQNMLLKJHLGFBQ58DA,鎮安段,75.60,都市：其他:住宅區,1,1,全筆移轉,04520002
RPQNMLLKJHLGFBQ58DA,鎮安段,9.18,都市：其他:住宅區,3302,106,持分移轉,04520011
RPPOMLRJJHLGFDQ66DA,麻寮段,80.12,都市：其他:住宅區,1,1,全筆移轉,00300050
RPQNMLLKJHLGFBQ58DA,鎮安段,5.40,都市：其他:住宅區,1,1,全筆移轉,04530025
RPQNMLLKJHLGFBQ58DA,鎮安段,.19,都市：其他:住宅區,3302,106,持分移轉,04530034
RPQNMLLKKIKGFCQ78DA,新港段福德小段,21.00,,1,1,全筆移轉,00010023
RPQNMLSKKIKGFEQ17EA,圳頭段,400.00,非都市：山坡地保育區 ; 非都市編定：丙種建築用地,168,35,持分移轉,01280000
RPPNMLKKJHLGFEQ68DA,灣北段,118.53,非都市：鄉村區 ; 非都市編定：乙種建築用地,1,1,全筆移轉,01330000
RPSNMLSJJHLGFCQ86DA,水仙段,22.19,非都市：特定農業區 ; 非都市編定：甲種建築用地,1,1,全筆移轉,04820005
RPSNMLSJJHLGFCQ86DA,水仙段,1.57,非都市：特定農業區 ; 非都市編定：甲種建築用地,5,1,持分移轉,04820006
RPSNMLSJJHLGFCQ86DA,水仙段,119.24,非都市：特定農業區 ; 非都市編定：甲種建築用地,1,1,全筆移轉,04820009
RPSNMLSJJHLGFCQ86DA,水仙段,34.83,非都市：特定農業區 ; 非都市編定：甲種建築用地,5,1,持分移轉,04820010
RPUNMLLKKIKGFCQ56DA,新港段福德小段,22.00,,1,1,全筆移轉,00010024
RPXNMLMLKIKGFDQ17DA,大崙段重劃小段,2000.00,非都市：特定農業區 ; 非都市編定：農牧用地,1,1,全筆移轉,06650000
RPPNMLTJJHLGFBQ56DA,幸福後鎮段,92.08,非都市：特定專用區 ; 非都市編定：甲種建築用地,1,1,全筆移轉,03120000
RPQNMLPJKIKGFBQ98DA,溪墘厝段正義小段,4084.00,非都市：特定農業區 ; 非都市編定：農牧用地,1,1,全筆移轉,02190000
RPRNMLPJJHLGFDQ56DA,北回段,104.45,都市：其他:農業區,1,1,全筆移轉,00530000
RPQNMLMJJHLGFEQ98EA,大草埔段,114.70,非都市：鄉村區 ; 非都市編定：乙種建築用地,480,8,持分移轉,05270001
RPPNMLTJJHLGFEQ86DA,番子潭段,133.00,非都市：一般農業區 ; 非都市編定：甲種建築用地,1,1,全筆移轉,04360016
RPQNMLMJJHLGFEQ98EA,大草埔段,2.32,非都市：一般農業區 ; 非都市編定：農牧用地,480,8,持分移轉,05270002
RPPNMLTJJHLGFEQ86DA,番子潭段,100.00,非都市：一般農業區 ; 非都市編定：甲種建築用地,1,1,全筆移轉,04360017
RPQNMLMJJHLGFEQ98EA,大草埔段,1.21,非都市：鄉村區 ; 非都市編定：交通用地,720,8,持分移轉,05270006
RPQNMLMJJHLGFEQ98EA,大草埔段,.59,非都市：鄉村區 ; 非都市編定：交通用地,720,8,持分移轉,05270007
RPQNMLMJJHLGFEQ98EA,大草埔段,3.23,非都市：鄉村區 ; 非都市編定：交通用地,720,8,持分移轉,05270008
RPQNMLMJJHLGFEQ98EA,大草埔段,5.60,非都市：鄉村區 ; 非都市編定：乙種建築用地,480,8,持分移轉,05360001
RPPNMLLKJHLGFBQ48DA,嘉朴段,44.11,都市：其他:住宅區,50000,383,持分移轉,02620000
RPQNMLMJJHLGFEQ98EA,大草埔段,6.82,非都市：一般農業區 ; 非都市編定：農牧用地,480,8,持分移轉,05360002
RPQNMLMJJHLGFEQ98EA,大草埔段,1.04,非都市：鄉村區 ; 非都市編定：交通用地,720,8,持分移轉,05360006
RPQNMLMJJHLGFEQ98EA,大草埔段,3.07,非都市：鄉村區 ; 非都市編定：交通用地,720,8,持分移轉,05360007
RPQNMLMJJHLGFEQ98EA,大草埔段,.22,非都市：一般農業區 ; 非都市編定：農牧用地,480,8,持分移轉,05360008
RPQNMLQJJHLGFDQ56DA,王爺段,142.33,非都市：鄉村區 ; 非都市編定：乙種建築用地,1,1,全筆移轉,11770000
RPPNMLMKKIKGFCQ88EA,西林段,238.28,都市：其他:商業區,1,1,全筆移轉,01550000
RPPNMLMKKIKGFCQ88EA,西林段,78.31,都市：其他:商業區,1,1,全筆移轉,01550003
RPPNMLMKKIKGFCQ88EA,西林段,1.00,都市：其他:道路用地,1,1,全筆移轉,01560000
RPPNMLMKKIKGFCQ88EA,西林段,10.33,都市：其他:商業區,1,1,全筆移轉,01720002
RPRNMLKKJHLGFEQ88DA,灣北段,166.70,非都市：鄉村區 ; 非都市編定：乙種建築用地,1,1,全筆移轉,00680000
RPTNMLMKJHLGFBQ98DA,布鹽段,696.04,都市：其他:乙種工業區,1,1,全筆移轉,00330000
RPTNMLMKJHLGFBQ98DA,布鹽段,82.28,都市：其他:乙種工業區,1,1,全筆移轉,00380000
RPTNMLMKJHLGFBQ98DA,布鹽段,439.51,都市：其他:乙種工業區,1,1,全筆移轉,00400000
RPTNMLMKJHLGFBQ98DA,布鹽段,71.53,都市：其他:道路,1,1,全筆移轉,00470000
RPTNMLMKJHLGFBQ98DA,布鹽段,67.86,都市：其他:道路,1,1,全筆移轉,00480000
RPRNMLMKJHLGFBQ78DA,景山段,96.50,都市：其他:住宅區,1,1,全筆移轉,05750004
RPUNMLPJJHLGFDQ86DA,嘉保段,11.76,都市：其他:住宅區,69,1,持分移轉,02110003
RPUNMLPJJHLGFDQ86DA,嘉保段,29.07,都市：其他:住宅區,10000,160,持分移轉,02110021
RPTNMLPJJHLGFDQ76DA,嘉保段,11.76,都市：其他:住宅區,69,1,持分移轉,02110003
RPTNMLPJJHLGFDQ76DA,嘉保段,35.62,都市：其他:住宅區,10000,196,持分移轉,02110021
RPPNMLKLJIKGFEQ78DA,大湖段,712.00,非都市：森林區 ; 非都市編定：農牧用地,1,1,全筆移轉,00920001
RPQNMLSJJHLGFEQ86DA,公田段,20.70,非都市：森林區 ; 非都市編定：農牧用地,56515,1000,持分移轉,00080017
RPQNMLSJJHLGFEQ86DA,公田段,77.15,非都市：森林區 ; 非都市編定：農牧用地,56515,1000,持分移轉,00080018
RPQNMLSJJHLGFEQ86DA,公田段,79.45,非都市：森林區 ; 非都市編定：農牧用地,56515,1000,持分移轉,00080019
RPQNMLSJJHLGFEQ86DA,公田段,30.97,非都市：森林區 ; 非都市編定：農牧用地,56515,1000,持分移轉,00080020
RPQNMLSJJHLGFEQ86DA,公田段,37.51,非都市：森林區 ; 非都市編定：農牧用地,56515,1000,持分移轉,00080021
RPQNMLSJJHLGFEQ86DA,公田段,43.35,非都市：森林區 ; 非都市編定：農牧用地,56515,1000,持分移轉,00080022
RPQNMLSJJHLGFEQ86DA,公田段,670.86,非都市：森林區 ; 非都市編定：林業用地,100000,8848,持分移轉,00080025
RPQNMLPKJHLGFDQ56DA,鹿南段,104.43,都市：其他:住宅區,1,1,全筆移轉,02460000
RPRNMLPKJHLGFDQ66DA,鹿南段,101.57,都市：其他:住宅區,1,1,全筆移轉,02460002
RPRNMLPKJHLGFBQ09DA,新店段,3392.00,非都市：特定專用區 ; 非都市編定：養殖用地,1,1,全筆移轉,16130000
RPRNMLPKJHLGFBQ09DA,新店段,208.00,非都市：特定專用區 ; 非都市編定：養殖用地,1,1,全筆移轉,16130001
RPRNMLPKJHLGFBQ09DA,新店段,2945.00,非都市：特定專用區 ; 非都市編定：養殖用地,1,1,全筆移轉,16140000
RPRNMLPKJHLGFBQ09DA,新店段,295.00,非都市：特定專用區 ; 非都市編定：養殖用地,1,1,全筆移轉,16140001
RPSNMLOKJHLGFDQ66DA,十一指厝段圳西小段,2292.00,非都市：特定農業區 ; 非都市編定：農牧用地,1,1,全筆移轉,04050000
RPSNMLOKJHLGFDQ66DA,十一指厝段圳西小段,2349.00,非都市：特定農業區 ; 非都市編定：農牧用地,1,1,全筆移轉,04060000
RPWOMLOKJHLGFDQ17DA,隆恩段,4.82,非都市：特定農業區 ; 非都市編定：農牧用地,18,1,持分移轉,15320001
RPQNMLMKJHLGFCQ78DA,東湖段,93.34,非都市：鄉村區 ; 非都市編定：乙種建築用地,1,1,全筆移轉,16780000
RPQNMLMKJHLGFCQ78DA,東湖段,89.46,非都市：鄉村區 ; 非都市編定：乙種建築用地,1,1,全筆移轉,16790000
RPQNMLMKJHLGFCQ78DA,東湖段,27.37,非都市：鄉村區 ; 非都市編定：乙種建築用地,100,12,持分移轉,16950000
RPWPMLTKJHLGFDQ77DA,過溝段過溝小段,1192.00,非都市：特定農業區 ; 非都市編定：農牧用地,1,1,全筆移轉,09890000
RPXNMLPKJHLGFDQ27DA,東勢寮段,512.62,都市：其他:住宅區,32,1,持分移轉,04690000
RPUNMLNLKIKGFCQ86DA,民工段,86.00,都市：其他:住宅區,1,1,全筆移轉,03700004
RPSNMLSJKIKGFCQ96DA,柴林脚段柴林小段,1972.00,非都市：特定農業區 ; 非都市編定：農牧用地,1,1,全筆移轉,02330000
RPUNMLNKJHLGFBQ56DA,德安段,129.00,都市：其他:住宅區,1,1,全筆移轉,03700000
RPPNMLTKJHLGFBQ76EA,大葛段,4.83,非都市：鄉村區 ; 非都市編定：乙種建築用地,71350,2122,持分移轉,09930000
RPPNMLTKJHLGFBQ76EA,大葛段,55.21,非都市：鄉村區 ; 非都市編定：乙種建築用地,120,6,持分移轉,09990000
RPXRMLPKKIKGFCQ67DA,秀林段,19.81,非都市：一般農業區 ; 非都市編定：甲種建築用地,1000000,113544,持分移轉,08370000
RPPNMLTKJHLGFBQ76EA,大葛段,1.34,非都市：鄉村區 ; 非都市編定：交通用地,120,6,持分移轉,10230000
RPXRMLPKKIKGFCQ67DA,秀林段,94.94,非都市：一般農業區 ; 非都市編定：甲種建築用地,1,1,全筆移轉,08370015
RPPNMLQJJHLGFEQ56DA,樟樹坪段,1003.33,非都市：山坡地保育區 ; 非都市編定：農牧用地,3,1,持分移轉,09690001
RPTNMLQKJHLGFBQ76DA,振寮段,81.38,都市：其他:住宅區,1,1,全筆移轉,10610000
RPUNMLPJJHLGFCQ76DA,好收段好收小段,2301.00,非都市：特定農業區 ; 非都市編定：農牧用地,1,1,全筆移轉,07570000
RPPQMLKLJHLGFDQ98DA,新舊埤段,97.91,非都市：鄉村區 ; 非都市編定：乙種建築用地,1,1,全筆移轉,14700000
RPPQMLKLJHLGFDQ98DA,新舊埤段,6.33,非都市：鄉村區 ; 非都市編定：乙種建築用地,12,1,持分移轉,14710000
RPUNMLPJJHLGFCQ76DA,好收段好收小段,1916.00,非都市：特定農業區 ; 非都市編定：農牧用地,1,1,全筆移轉,07580000
RPTNMLMLJHLGFCQ56DA,西安段,107.46,都市：其他:住宅區,1,1,全筆移轉,04340036
RPSQMLLLJHLGFDQ76DA,過溝段過溝小段,3453.00,都市：其他:農業區,1,1,全筆移轉,03020000
RPSQMLLLJHLGFDQ76DA,過溝段過溝小段,3357.00,都市：其他:農業區,1,1,全筆移轉,03030000
RPSQMLLLJHLGFDQ76DA,過溝段過溝小段,3356.00,都市：其他:農業區,1,1,全筆移轉,03040000
RPSQMLLLJHLGFDQ76DA,過溝段過溝小段,3356.00,都市：其他:農業區,1,1,全筆移轉,03050000
RPTNMLRLJHLGFCQ07DA,頭橋段,981.50,都市：其他:農業區,1,1,全筆移轉,03580000
RPTNMLRLJHLGFCQ07DA,頭橋段,981.50,都市：其他:農業區,1,1,全筆移轉,03580001
RPRNMLSJJHLGFEQ96DA,內埔子段,41.03,非都市：一般農業區 ; 非都市編定：農牧用地,10000,218,持分移轉,03660000
RPRNMLSJJHLGFEQ96DA,內埔子段,406.00,非都市：一般農業區 ; 非都市編定：林業用地,1,1,全筆移轉,17670000
RPPNMLQLJHLGFCQ56DA,中林新段,1339.38,非都市：特定農業區 ; 非都市編定：農牧用地,1,1,全筆移轉,03070000
RPOOMLPKJHLGFBQ88DA,鎮安段,86.00,都市：其他:住宅區,1,1,全筆移轉,16760000
RPQNMLTKJHLGFDQ96DA,太頂珠段,18.54,都市：其他:住宅區,100000,113,持分移轉,00700000
RPQNMLMLJHLGFEQ09DA,番子潭段,50.00,非都市：一般農業區 ; 非都市編定：甲種建築用地,251,25,持分移轉,04310033
RPQNMLMLJHLGFEQ09DA,番子潭段,159.00,非都市：一般農業區 ; 非都市編定：甲種建築用地,1,1,全筆移轉,04310037
RPPOMLLLJHLGFCQ78DA,北斗段,63.56,都市：其他:住宅區,1,1,全筆移轉,04600000
RPPOMLLLJHLGFCQ78DA,北斗段,8.22,都市：其他:道路用地,1,1,全筆移轉,04630000
RPRNMLLKJIKGFBQ68DA,圍子內新段,884.09,非都市：一般農業區 ; 非都市編定：農牧用地,8,2,持分移轉,02060000
RPSNMLMLJHLGFDQ56DA,嘉保段,100.05,都市：其他:住宅區,1,1,全筆移轉,00670012
RPRNMLLKJIKGFBQ68DA,圍子內新段,1032.77,非都市：一般農業區 ; 非都市編定：農牧用地,8,2,持分移轉,02070000
RPPNMLTLJHLGFEQ07DA,梅北段,117.00,都市：其他:第二種住宅區,1,1,全筆移轉,19840004
RPPNMLTLJHLGFEQ07DA,梅北段,23.11,都市：其他:第二種住宅區,9,1,持分移轉,19840005
RPXNMLKMJHLGFCQ86DA,三間厝段,2040.00,非都市：特定農業區 ; 非都市編定：農牧用地,1,1,全筆移轉,10030000
RPRNMLTLJHLGFCQ07DA,金興段,85.04,都市：其他:住宅區,1,1,全筆移轉,03420000
RPUOMLKMJHLGFCQ66DA,秀林段,19.81,非都市：一般農業區 ; 非都市編定：甲種建築用地,1000000,113544,持分移轉,08370000
RPUOMLKMJHLGFCQ66DA,秀林段,124.92,非都市：一般農業區 ; 非都市編定：甲種建築用地,1,1,全筆移轉,08370016
RPUOMLKMJHLGFCQ66DA,秀林段,6.70,非都市：一般農業區 ; 非都市編定：甲種建築用地,1,1,全筆移轉,08370018
RPQNMLSLJHLGFBQ76DA,大鄉段,1800.59,都市：其他:農業區,1,1,全筆移轉,09460002
RPSNMLKKKIKGFDQ98DA,灣潭子段,67.29,非都市：山坡地保育區 ; 非都市編定：丙種建築用地,24,5,持分移轉,01530000
RPSNMLKKKIKGFDQ98DA,灣潭子段,324.00,非都市：山坡地保育區 ; 非都市編定：丙種建築用地,1,1,全筆移轉,01530003
RPSNMLKKKIKGFDQ98DA,灣潭子段,324.00,非都市：山坡地保育區 ; 非都市編定：丙種建築用地,1,1,全筆移轉,01530004
RPTNMLNJKHLGFEQ76DA,樂野段,534.00,非都市：山坡地保育區 ; 非都市編定：農牧用地,6163,534,持分移轉,02210003
RPPNMLNJKHLGFDQ98EA,和雲段,85.02,非都市：鄉村區 ; 非都市編定：乙種建築用地,1,1,全筆移轉,04470000
RPPNMLNJKHLGFBQ68DA,鎮安段,14.06,都市：其他:商業區,10000,57,持分移轉,17980001
RPVNMLNJKHLGFEQ96DA,山子門段,209.00,非都市：鄉村區 ; 非都市編定：乙種建築用地,1,1,全筆移轉,01110000
RPWNMLQLJHLGFDQ37DA,崙子頂段崙頂小段,849.33,都市：其他:國民中學用地,6,4,持分移轉,01500000
RPPNMLOLJHLGFDQ09DA,安家厝段,1865.00,非都市：特定農業區 ; 非都市編定：農牧用地,1,1,全筆移轉,07980000
SPVNMLNJKHLGFEQ07DA,山子門段,9.00,非都市：鄉村區 ; 非都市編定：交通用地,1,1,全筆移轉,01110002
RPUNMLPJKHLGFCQ86DA,東湖段,4.21,非都市：鄉村區 ; 非都市編定：交通用地,64,22,持分移轉,12350000
RPUNMLPJKHLGFCQ86DA,東湖段,211.08,非都市：鄉村區 ; 非都市編定：乙種建築用地,1,1,全筆移轉,12360000
RPTNMLPJKHLGFCQ76DA,東湖段,40.19,非都市：鄉村區 ; 非都市編定：乙種建築用地,1,1,全筆移轉,12380000
RPUNMLPJKHLGFCQ86DA,東湖段,210.45,非都市：鄉村區 ; 非都市編定：乙種建築用地,1,1,全筆移轉,12370000
RPTNMLPJKHLGFCQ76DA,東湖段,102.51,非都市：鄉村區 ; 非都市編定：乙種建築用地,1,1,全筆移轉,12390000
RPUNMLPJKHLGFCQ86DA,東湖段,144.54,非都市：鄉村區 ; 非都市編定：乙種建築用地,384,180,持分移轉,12400000
RPTNMLPJKHLGFCQ76DA,東湖段,102.51,非都市：鄉村區 ; 非都市編定：乙種建築用地,1,1,全筆移轉,12390001
RPTNMLPJKHLGFCQ76DA,東湖段,102.51,非都市：鄉村區 ; 非都市編定：乙種建築用地,1,1,全筆移轉,12390002
RPUNMLPJKHLGFCQ86DA,東湖段,153.57,非都市：鄉村區 ; 非都市編定：乙種建築用地,1,1,全筆移轉,12440000
RPTNMLPJKHLGFCQ76DA,東湖段,86.72,非都市：鄉村區 ; 非都市編定：乙種建築用地,384,108,持分移轉,12400000
RPRNMLQJKHLGFCQ66DA,頭橋段,2043.00,都市：其他:農業區,1,1,全筆移轉,06060000
RPSNMLQJKHLGFDQ86DA,茄苳脚段春珠小段,1656.00,非都市：特定農業區 ; 非都市編定：農牧用地,1,1,全筆移轉,15960000
RPSNMLQJKHLGFDQ86DA,茄苳脚段春珠小段,1950.00,非都市：特定農業區 ; 非都市編定：農牧用地,1,1,全筆移轉,16050000
RPOOMLKKKHLGFDQ68DA,過溝段過溝小段,5580.00,都市：其他:農業區,1,1,全筆移轉,03500000
RPRNMLPJJHLGFCQ09DA,中工段,98.31,非都市：工業區 ; 非都市編定：丁種建築用地,1,1,全筆移轉,00680034
RPQNMLLKKHLGFCQ78DA,牛稠溪段,2404.00,非都市：特定農業區 ; 非都市編定：農牧用地,1,1,全筆移轉,06760000
RPRNMLPLKHLGFDQ86DA,水西段,170.17,都市：其他:住宅區,1,1,全筆移轉,07270002
RPROMLLKKIKGFBQ88DA,港尾寮新段,98.18,非都市：鄉村區 ; 非都市編定：乙種建築用地,1,1,全筆移轉,04010007
RPVNMLOLKHLGFCQ07DA,中林新段,906.96,非都市：特定農業區 ; 非都市編定：農牧用地,1,1,全筆移轉,05440000
RPXNMLLKKIKGFBQ76DA,港尾寮新段,97.49,非都市：鄉村區 ; 非都市編定：乙種建築用地,1,1,全筆移轉,04010005
RPTNMLSJKIKGFBQ96DA,大槺榔段大溝小段,658.26,非都市：特定農業區 ; 非都市編定：農牧用地,10000,4639,持分移轉,00760000
RPPNMLPJKIKGFBQ88DA,雙涵段雙涵小段,172.12,非都市：特定農業區 ; 非都市編定：農牧用地,8,1,持分移轉,08330000
RPQNMLLMJHLGFDQ98DA,嘉保段,11.76,都市：其他:住宅區,69,1,持分移轉,02110003
RPQNMLLMJHLGFDQ98DA,嘉保段,35.62,都市：其他:住宅區,10000,196,持分移轉,02110021
RPSNMLMJKIKGFCQ98DA,秀林段,124.97,非都市：一般農業區 ; 非都市編定：甲種建築用地,1,1,全筆移轉,23530000
RPWNMLRKJIKGFCQ27DA,山中段,1.16,非都市：鄉村區 ; 非都市編定：交通用地,640,4,持分移轉,03340000
RPPNMLPJKIKGFCQ98DA,世興段,48.91,都市：其他:住宅區,1,1,全筆移轉,08200000
RPWNMLRKJIKGFCQ27DA,山中段,.72,非都市：鄉村區 ; 非都市編定：乙種建築用地,480,8,持分移轉,03410001
RPWNMLRKJIKGFCQ27DA,山中段,.17,非都市：鄉村區 ; 非都市編定：乙種建築用地,480,8,持分移轉,03410011
RPWNMLRKJIKGFCQ27DA,山中段,120.00,非都市：鄉村區 ; 非都市編定：乙種建築用地,1,1,全筆移轉,03410018
RPWNMLRKJIKGFCQ27DA,山中段,.58,非都市：鄉村區 ; 非都市編定：乙種建築用地,480,8,持分移轉,03410024
RPWNMLRKJIKGFCQ27DA,山中段,.17,非都市：鄉村區 ; 非都市編定：乙種建築用地,480,8,持分移轉,03410042
RPWNMLRKJIKGFCQ27DA,山中段,13.02,非都市：鄉村區 ; 非都市編定：乙種建築用地,480,8,持分移轉,03410043
RPWNMLRKJIKGFCQ27DA,山中段,.03,非都市：鄉村區 ; 非都市編定：乙種建築用地,480,8,持分移轉,03410044
RPWNMLRKJIKGFCQ27DA,山中段,9.47,非都市：鄉村區 ; 非都市編定：交通用地,640,4,持分移轉,03420000
RPPNMLPJKIKGFCQ98DA,世興段,13.74,都市：其他:住宅區,1,1,全筆移轉,08210000
RPWNMLRKJIKGFCQ27DA,山中段,.18,非都市：鄉村區 ; 非都市編定：交通用地,640,4,持分移轉,03480000
RPPNMLPJKIKGFCQ98DA,世興段,13.96,都市：其他:住宅區,1,1,全筆移轉,08220000
RPPNMLPJKIKGFCQ98DA,世興段,15.68,都市：其他:道路用地,1,1,全筆移轉,08240000
RPVNMLKKKIKGFDQ66DA,麻寮段,13.43,都市：其他:住宅區,10000,158,持分移轉,07530000
RPPNMLTJKIKGFEQ96DA,番路段,4.00,非都市：一般農業區 ; 非都市編定：農牧用地,1,1,全筆移轉,02630017
RPPNMLTJKIKGFEQ96DA,番路段,352.00,非都市：一般農業區 ; 非都市編定：丙種建築用地,1,1,全筆移轉,02630037
RPSNMLPJKIKGFBQ56DA,樹林頭段樹林小段,1615.00,非都市：一般農業區 ; 非都市編定：農牧用地,1,1,全筆移轉,04440000
RPPNMLKKKIKGFEQ78DA,紫雲段,1236.34,非都市：一般農業區 ; 非都市編定：農牧用地,1,1,全筆移轉,11990000
RPPNMLKKKIKGFCQ68EA,新港段福德小段,22.00,,1,1,全筆移轉,00010018
RPWNMLKKKIKGFDQ76DA,中庄仔段,108.72,都市：其他:住宅區,1,1,全筆移轉,00790000
RPVNMLLKKIKGFCQ66DA,明和段,80.75,都市：其他:住宅區,1,1,全筆移轉,01020159
RPPNMLOKKIKGFBQ88DA,鎮南段,60.00,都市：其他:住宅區,1,1,全筆移轉,04720000
RPXNMLLKKIKGFCQ86DA,柳子溝段柳一小段,89.00,非都市：鄉村區 ; 非都市編定：乙種建築用地,1,1,全筆移轉,05750001
RPPNMLKKKIKGFDQ68DA,新舊埤段,8.46,非都市：特定農業區 ; 非都市編定：甲種建築用地,20,1,持分移轉,01260000
RPPNMLKKKIKGFDQ68DA,新舊埤段,11.07,非都市：特定農業區 ; 非都市編定：甲種建築用地,20,1,持分移轉,01270000
RPPNMLKKKIKGFDQ68DA,新舊埤段,90.29,非都市：特定農業區 ; 非都市編定：甲種建築用地,1,1,全筆移轉,01420000
RPPNMLKKKIKGFDQ68DA,新舊埤段,5.20,非都市：特定農業區 ; 非都市編定：甲種建築用地,51,1,持分移轉,01780000
RPUNMLLKKIKGFDQ66DA,三和段,.67,都市：其他:住宅區,9,1,持分移轉,01080000
RPUNMLLKKIKGFDQ66DA,三和段,8.99,都市：其他:道路用地,9,1,持分移轉,05250000
RPUNMLLKKIKGFDQ66DA,三和段,56.73,都市：其他:住宅區,9,1,持分移轉,05260000
RPUNMLLKKIKGFDQ66DA,三和段,9.17,都市：其他:道路用地,9,1,持分移轉,05270000
RPUNMLLKKIKGFDQ66DA,三和段,49.57,都市：其他:住宅區,9,1,持分移轉,05280000
RPUNMLLKKIKGFDQ66DA,三和段,.04,都市：其他:道路用地,9,1,持分移轉,05300000
RPUNMLLKKIKGFDQ66DA,三和段,138.82,都市：其他:道路用地,9,1,持分移轉,05410000
RPUNMLLKKIKGFDQ66DA,三和段,92.81,都市：其他:住宅區,9,1,持分移轉,05430000
RPUNMLLKKIKGFDQ66DA,三和段,85.50,都市：其他:住宅區,9,1,持分移轉,05550000
RPUNMLLKKIKGFDQ66DA,三和段,11.50,都市：其他:道路用地,9,1,持分移轉,06270000
RPUNMLLKKIKGFDQ66DA,三和段,270.11,都市：其他:住宅區,9,1,持分移轉,07860000
RPUNMLLKKIKGFDQ66DA,三和段,5.26,都市：其他:道路用地,9,1,持分移轉,07880000
RPTNMLTJKIKGFBQ07DA,鎮安段,22.05,都市：其他:住宅區,10000,154,持分移轉,04410002
RPQNMLLKKIKGFDQ88DA,太頂珠段,29.34,都市：其他:住宅區,100000,209,持分移轉,00240004
RPVNMLLKKIKGFDQ76DA,三和段,.67,都市：其他:住宅區,9,1,持分移轉,01080000
RPVNMLLKKIKGFDQ76DA,三和段,8.99,都市：其他:道路用地,9,1,持分移轉,05250000
RPVNMLLKKIKGFDQ76DA,三和段,56.73,都市：其他:住宅區,9,1,持分移轉,05260000
RPVNMLLKKIKGFDQ76DA,三和段,9.17,都市：其他:道路用地,9,1,持分移轉,05270000
RPVNMLLKKIKGFDQ76DA,三和段,49.57,都市：其他:住宅區,9,1,持分移轉,05280000
RPVNMLLKKIKGFDQ76DA,三和段,.04,都市：其他:道路用地,9,1,持分移轉,05300000
RPVNMLLKKIKGFDQ76DA,三和段,138.82,都市：其他:道路用地,9,1,持分移轉,05410000
RPVNMLLKKIKGFDQ76DA,三和段,92.81,都市：其他:住宅區,9,1,持分移轉,05430000
RPVNMLLKKIKGFDQ76DA,三和段,85.50,都市：其他:住宅區,9,1,持分移轉,05550000
RPVNMLLKKIKGFDQ76DA,三和段,11.50,都市：其他:道路用地,9,1,持分移轉,06270000
RPVNMLLKKIKGFDQ76DA,三和段,270.11,都市：其他:住宅區,9,1,持分移轉,07860000
RPVNMLLKKIKGFDQ76DA,三和段,5.26,都市：其他:道路用地,9,1,持分移轉,07880000
RPPNMLMKKIKGFEQ98DA,新福段,3540.22,非都市：一般農業區 ; 非都市編定：農牧用地,1,1,全筆移轉,02080000
RPQNMLMKKIKGFCQ98EA,永福段,85.00,都市：其他:住宅區,1,1,全筆移轉,08950001
RPPNMLPKKIKGFCQ56EA,新庄段,78.14,非都市：鄉村區 ; 非都市編定：乙種建築用地,1,1,全筆移轉,07210000
RPRNMLMKKIKGFBQ88DA,大鄉段,24.83,非都市：特定農業區 ; 非都市編定：甲種建築用地,70701,2483,持分移轉,07470000
RPQNMLPKKIKGFBQ09DA,貴舍段半月小段,1820.53,非都市：一般農業區 ; 非都市編定：農牧用地,1,1,全筆移轉,01750000
RPRNMLQJKIKGFCQ66DA,永福段,165.44,都市：其他:住宅區,1,1,全筆移轉,02050000
RPOQMLTJKIKGFCQ96DA,民南段,98.00,都市：其他:住宅區,1,1,全筆移轉,00580009
RPUNMLPKKIKGFCQ96DA,厝子段下厝小段,719.00,非都市：特定農業區 ; 非都市編定：農牧用地,1,1,全筆移轉,02420000
RPQNMLLKJIKGFEQ88DA,內甕段,1313.75,都市：其他:住宅區,4,1,持分移轉,00930014
RPQNMLLKJIKGFEQ88DA,內甕段,112.00,都市：其他:住宅區,4,1,持分移轉,00940003
RPQNMLLKJIKGFEQ88DA,內甕段,224.75,都市：其他:住宅區,4,1,持分移轉,00950014
RPTNMLLKJIKGFEQ56DA,內甕段,75.00,都市：其他:保護區,1,1,全筆移轉,00950010
RPTNMLLKJIKGFEQ56DA,內甕段,289.00,都市：其他:住宅區,1,1,全筆移轉,00950016
RPTNMLLKJIKGFEQ56DA,內甕段,608.00,都市：其他:住宅區,1,1,全筆移轉,00950019
RPTNMLLKJIKGFEQ56DA,內甕段,480.00,都市：其他:住宅區,1,1,全筆移轉,00950020
RPTNMLLKJIKGFEQ56DA,內甕段,559.00,都市：其他:住宅區,1,1,全筆移轉,00950031
RPTNMLPKKIKGFDQ96DA,茄苳脚段春珠小段,2122.00,都市：其他:農業區,1,1,全筆移轉,01370000
RPSNMLQKKIKGFDQ96DA,埔塩段,7137.04,非都市：山坡地保育區 ; 非都市編定：農牧用地,1,1,全筆移轉,04450000
RPSNMLQKKIKGFDQ96DA,埔塩段,2564.58,非都市：山坡地保育區 ; 非都市編定：農牧用地,1,1,全筆移轉,04480000
RPSNMLQKKIKGFDQ96DA,埔塩段,2527.56,非都市：山坡地保育區 ; 非都市編定：農牧用地,1,1,全筆移轉,05650000
RPSNMLQKKIKGFDQ96DA,埔塩段,2786.38,非都市：山坡地保育區 ; 非都市編定：農牧用地,1,1,全筆移轉,05660000
RPSNMLQKKIKGFDQ96DA,埔塩段,2725.46,非都市：山坡地保育區 ; 非都市編定：農牧用地,1,1,全筆移轉,05670000
RPSNMLQKKIKGFDQ96DA,埔塩段,2876.11,非都市：山坡地保育區 ; 非都市編定：農牧用地,1,1,全筆移轉,05680000
RPSNMLQKKIKGFDQ96DA,埔塩段,3654.66,非都市：山坡地保育區 ; 非都市編定：農牧用地,1,1,全筆移轉,05690000
RPSNMLQKKIKGFDQ96DA,埔塩段,2683.52,非都市：山坡地保育區 ; 非都市編定：農牧用地,1,1,全筆移轉,05700000
RPROMLQKKIKGFDQ96DA,水西段,27.23,非都市：特定農業區 ; 非都市編定：甲種建築用地,1,1,全筆移轉,00280000
RPROMLQKKIKGFDQ96DA,水西段,51.70,非都市：特定農業區 ; 非都市編定：甲種建築用地,1,1,全筆移轉,00290000
RPQNMLSKKIKGFCQ96EA,中工段,83.00,非都市：工業區 ; 非都市編定：丁種建築用地,1,1,全筆移轉,00500005
RPSNMLRJKIKGFCQ86DA,甘蔗崙段甘蔗崙小段,86.00,都市：其他:住宅區,1,1,全筆移轉,01350016
RPTNMLLJKIKGFDQ09DA,崎子頭段崎子頭小段,304.11,非都市：特定農業區 ; 非都市編定：農牧用地,9,1,持分移轉,02350000
RPTNMLLJKIKGFDQ09DA,崎子頭段崎子頭小段,264.44,非都市：特定農業區 ; 非都市編定：農牧用地,9,1,持分移轉,02360000
RPUNMLLJKIKGFDQ56DA,崎子頭段崎子頭小段,304.11,非都市：特定農業區 ; 非都市編定：農牧用地,27,3,持分移轉,02370000
RPUNMLLJKIKGFDQ56DA,崎子頭段崎子頭小段,264.44,非都市：特定農業區 ; 非都市編定：農牧用地,27,3,持分移轉,02380000
RPSOMLQKKIKGFDQ07DA,過溝段過溝小段,15.95,都市：其他:住宅區,44,1,持分移轉,05110002
RPSOMLQKKIKGFDQ07DA,過溝段過溝小段,84.00,都市：其他:住宅區,1,1,全筆移轉,05110065
RPRNMLSKKIKGFDQ07DA,和雲段,90.52,非都市：鄉村區 ; 非都市編定：乙種建築用地,1,1,全筆移轉,01980000
RPTNMLQKKIKGFCQ96DA,中樂段,12.89,都市：其他:住宅區,81945,466,持分移轉,06920000
RPSNMLNLKIKGFDQ76DA,南靖段南和小段,3682.00,非都市：特定農業區 ; 非都市編定：農牧用地,1,1,全筆移轉,07420000
RPTNMLNLKIKGFDQ86DA,水東段,267.07,都市：其他:住宅區,1,1,全筆移轉,03410012
RPRNMLNLKIKGFDQ66DA,嘉新段,10.63,都市：其他:住宅區,10000,27,持分移轉,06820000
RPXNMLSLJIKGFBQ47DA,義竹段義竹小段,2832.00,非都市：特定農業區 ; 非都市編定：農牧用地,1,1,全筆移轉,03940000
RPQNMLPLJIKGFBQ09DA,大槺榔段大葛小段,2555.00,非都市：特定農業區 ; 非都市編定：農牧用地,1,1,全筆移轉,01260000
RPQNMLOJKIKGFDQ09DA,中寮段重寮小段,3540.00,非都市：特定農業區 ; 非都市編定：農牧用地,1,1,全筆移轉,02960000
RPTNMLOJKIKGFDQ76DA,嘉保段,11.76,都市：其他:住宅區,69,1,持分移轉,02110003
RPTNMLOJKIKGFDQ76DA,嘉保段,35.62,都市：其他:住宅區,10000,196,持分移轉,02110021
RPSNMLLLJIKGFCQ98DA,民北段,35.40,都市：其他:住宅區,30,6,持分移轉,08530000
RPSNMLLLJIKGFCQ98DA,民北段,82.00,都市：其他:住宅區,1,1,全筆移轉,08570000
RPQNMLNLKIKGFBQ98DA,崙陽段,596.67,非都市：鄉村區 ; 非都市編定：乙種建築用地,6,2,持分移轉,04580000
RPUNMLQKKIKGFCQ07DA,北斗段,29.10,都市：其他:商業區,10000,154,持分移轉,10200002
RPRNMLQKKIKGFEQ96DA,羗子科段,722.00,非都市：一般農業區 ; 非都市編定：農牧用地,1,1,全筆移轉,01110005
RPPNMLNLKIKGFCQ09EA,新庄段,45.92,非都市：鄉村區 ; 非都市編定：乙種建築用地,20000,70,持分移轉,07850000
RPXNMLQKKIKGFDQ47DA,中庄仔段,91.12,都市：其他:住宅區,1,1,全筆移轉,01260003
RPPNMLKLJIKGFCQ58DA,海豐子段海豐小段,2596.00,非都市：特定農業區 ; 非都市編定：農牧用地,1,1,全筆移轉,04430001
RPVNMLTKJIKGFCQ37DA,西結段,137.22,非都市：特定農業區 ; 非都市編定：甲種建築用地,864,214,持分移轉,00720000
RPVNMLTKJIKGFCQ37DA,西結段,1654.70,非都市：特定農業區 ; 非都市編定：農牧用地,1,1,全筆移轉,00730000
RPVNMLNLKIKGFDQ07DA,頂港子墘段頂港小段,1027.00,都市：其他:公園用地,1,1,全筆移轉,01500000
RPVNMLNLKIKGFDQ07DA,頂港子墘段頂港小段,160.00,都市：其他:國民小學用地,1,1,全筆移轉,01500001
RPRNMLKMIIKGFCQ78DA,埤頭段共和小段,1604.00,非都市：特定農業區 ; 非都市編定：農牧用地,1,1,全筆移轉,06250001
RPSNMLKMIIKGFCQ88DA,埤頭段共和小段,3209.00,非都市：特定農業區 ; 非都市編定：農牧用地,1,1,全筆移轉,06250000
RPTNMLLKKIKGFDQ56DA,粗溪段粗溪小段,22.38,都市：其他:住宅區,100000,587,持分移轉,02790000
RPUNMLOLJIKGFDQ96DA,嘉保段,11.76,都市：其他:住宅區,69,1,持分移轉,02110003
RPTNMLLLJIKGFDQ56DA,水南段,79.20,都市：其他:住宅區,1,1,全筆移轉,11410001
RPUNMLOLJIKGFDQ96DA,嘉保段,29.07,都市：其他:住宅區,10000,160,持分移轉,02110021
RPSNMLOLJIKGFDQ76DA,新三界埔段,1734.28,非都市：山坡地保育區 ; 非都市編定：丙種建築用地,1,1,全筆移轉,27120000
RPSNMLOLJIKGFDQ76DA,新三界埔段,184.35,非都市：山坡地保育區 ; 非都市編定：丙種建築用地,1,1,全筆移轉,27120001
RPSNMLOLJIKGFDQ76DA,新三界埔段,151.47,非都市：山坡地保育區 ; 非都市編定：丙種建築用地,1,1,全筆移轉,27120002
RPSNMLOLJIKGFDQ76DA,新三界埔段,166.97,非都市：山坡地保育區 ; 非都市編定：丙種建築用地,1,1,全筆移轉,27120003
RPSNMLOLJIKGFDQ76DA,新三界埔段,211.17,非都市：山坡地保育區 ; 非都市編定：丙種建築用地,1,1,全筆移轉,27120004
RPQNMLQLKIKGFEQ07EA,梅南段,14.00,都市：其他:道路用地,1,1,全筆移轉,02750000
RPQNMLQLKIKGFEQ07EA,梅南段,81.00,都市：其他:第二種住宅區,1,1,全筆移轉,02760000
RPPNMLRLJIKGFDQ76DA,嘉保段,11.76,都市：其他:住宅區,69,1,持分移轉,02110003
RPPNMLRLJIKGFDQ76DA,嘉保段,29.07,都市：其他:住宅區,10000,160,持分移轉,02110021
RPPNMLMLKIKGFEQ09DA,覆鐤金段,98.00,非都市：鄉村區 ; 非都市編定：乙種建築用地,1,1,全筆移轉,06500035
RPSNMLTLKIKGFDQ37DA,柳鄉段,296.88,非都市：特定農業區 ; 非都市編定：農牧用地,12,2,持分移轉,02190000
RPSNMLTLKIKGFDQ37DA,柳鄉段,14.76,非都市：特定農業區 ; 非都市編定：農牧用地,12,2,持分移轉,02750000
RPTNMLQJJIKGFDQ86DA,和溪段,2366.37,非都市：特定農業區 ; 非都市編定：農牧用地,1,1,全筆移轉,05950000
RPQNMLKMKIKGFCQ98EA,山中段,235.00,非都市：鄉村區 ; 非都市編定：乙種建築用地,1,1,全筆移轉,02310006
RPRNMLRKJIKGFDQ86DA,大堀尾段大堀小段,3078.00,非都市：特定農業區 ; 非都市編定：農牧用地,1,1,全筆移轉,01670000
RPSNMLNJJIKGFDQ09DA,新舊埤段,153.60,非都市：鄉村區 ; 非都市編定：乙種建築用地,1,1,全筆移轉,10160000
RPSNMLTJKIKGFDQ17DA,嘉保段,11.76,都市：其他:住宅區,69,1,持分移轉,02110003
RPSNMLTJKIKGFDQ17DA,嘉保段,35.62,都市：其他:住宅區,10000,196,持分移轉,02110021
RPPNMLKMKIKGFDQ98EA,過溝段過溝小段,82.00,都市：其他:住宅區,1,1,全筆移轉,10580037
RPRNMLKMIIKGFDQ88DA,海豐段海豐小段,1000.00,非都市：特定農業區 ; 非都市編定：農牧用地,1,1,全筆移轉,03290000
RPRNMLMJJHLGFDQ88DA,田尾段田尾小段,1374.00,非都市：特定農業區 ; 非都市編定：農牧用地,1,1,全筆移轉,05300000
RPPNMLPJJHLGFCQ88DA,新港段大興小段,2925.00,都市：其他:農業區,1,1,全筆移轉,01590000
RPRNMLQJJHLGFEQ86EA,大坪段,67.22,非都市：風景區 ; 非都市編定：農牧用地,18,5,持分移轉,02000002
RPQNMLLMKIKGFBQ88DA,新生段,925.20,都市：其他:商業區,1,1,全筆移轉,00090015
RPQNMLMJJHLGFDQ78DA,寬士段,73.86,非都市：鄉村區 ; 非都市編定：乙種建築用地,1,1,全筆移轉,03760000
RPPNMLRJJHLGFDQ56DA,新三界埔段,5019.75,非都市：特定農業區 ; 非都市編定：農牧用地,1,1,全筆移轉,22690000
RPRNMLLJKIKGFCQ78DA,埤子段,44.37,非都市：特定農業區 ; 非都市編定：農牧用地,18,2,持分移轉,01340000
RPRNMLLJKIKGFCQ78DA,埤子段,308.12,非都市：特定農業區 ; 非都市編定：農牧用地,9,2,持分移轉,01350000
RPWNMLTJKIKGFDQ57DA,嘉保段,11.76,都市：其他:住宅區,69,1,持分移轉,02110003
RPWNMLTJKIKGFDQ57DA,嘉保段,35.62,都市：其他:住宅區,10000,196,持分移轉,02110021
RPPNMLLKJHLGFCQ58DA,福樂段,98.70,都市：其他:商業區,1,1,全筆移轉,01140013
RPQNMLTLKIKGFDQ17DA,新舊埤段,35.99,非都市：鄉村區 ; 非都市編定：乙種建築用地,35993,47,持分移轉,03580000
RPPNMLKMKIKGFDQ88DA,嘉新段,48.74,都市：其他:住宅區,1,1,全筆移轉,04780000
RPQNMLTLKIKGFDQ17DA,新舊埤段,10.80,非都市：鄉村區 ; 非都市編定：乙種建築用地,35993,47,持分移轉,03580001
RPPNMLKMKIKGFDQ88DA,嘉新段,40.60,都市：其他:住宅區,1,1,全筆移轉,04790000
RPPRMLTJJHLGFDQ17DA,新大崙段,72.57,非都市：鄉村區 ; 非都市編定：乙種建築用地,32,3,持分移轉,06120000
RPPRMLTJJHLGFDQ17DA,新大崙段,14.78,非都市：鄉村區 ; 非都市編定：乙種建築用地,83522160,661727,持分移轉,06140000
RPPNMLMKJHLGFCQ78EA,坪頂段,666.71,都市：其他:道路用地,1,1,全筆移轉,10350000
RPPNMLPJKIKGFEQ56DA,新福段,472.90,非都市：一般農業區 ; 非都市編定：林業用地,1,1,全筆移轉,03460000
RPTNMLLKJHLGFBQ88DA,灣北段,43.15,非都市：鄉村區 ; 非都市編定：乙種建築用地,2872,104,持分移轉,04200023
RPTNMLLKJHLGFBQ88DA,灣北段,102.26,非都市：鄉村區 ; 非都市編定：乙種建築用地,1,1,全筆移轉,04200034
RPSNMLLKJHLGFBQ78DA,安溪寮新段,1446.75,非都市：特定專用區 ; 非都市編定：養殖用地,1,1,全筆移轉,04700000
RPSNMLLKJHLGFBQ78DA,安溪寮新段,175.46,非都市：特定專用區 ; 非都市編定：養殖用地,1,1,全筆移轉,04700001
RPSNMLLKJHLGFBQ78DA,安溪寮新段,234.63,非都市：特定專用區 ; 非都市編定：養殖用地,1,1,全筆移轉,04700002
RPQNMLTJKIKGFEQ17EA,來吉段,280.00,非都市：風景區 ; 非都市編定：農牧用地,1,1,全筆移轉,01750000
RPPNMLNKJHLGFDQ98EA,水東段,50.35,都市：其他:商業區,1,1,全筆移轉,12450000
RPPNMLNKJHLGFDQ98EA,水東段,65.17,都市：其他:商業區,1,1,全筆移轉,12470000
RPPNMLNKJHLGFDQ98EA,水東段,83.70,都市：其他:商業區,1,1,全筆移轉,12480000
RPPNMLLMKIKGFDQ98DA,水西段,181.19,都市：其他:住宅區,1,1,全筆移轉,07270005
RPRNMLOKJHLGFDQ56DA,隆恩段,11.25,非都市：特定農業區 ; 非都市編定：水利用地,16,1,持分移轉,07680001
RPVNMLOKJHLGFDQ96DA,埔美段,253.98,非都市：特定農業區 ; 非都市編定：農牧用地,1,1,全筆移轉,00420001
RPPNMLNJJHLGFCQ68DA,民興段,83.65,都市：其他:商業區,1,1,全筆移轉,02090000
RPPNMLNJJHLGFCQ68DA,民興段,197.54,都市：其他:商業區,1,1,全筆移轉,02100000
RPPNMLNJJHLGFCQ68DA,民興段,15.59,都市：其他:道路用地,1,1,全筆移轉,02110001
RPQOMLPKJHLGFBQ09DA,大鄉段,.07,都市：其他:住宅區,30,2,持分移轉,05360000
RPQOMLPKJHLGFBQ09DA,大鄉段,.63,都市：其他:住宅區,30,2,持分移轉,05650000
RPQOMLPKJHLGFBQ09DA,大鄉段,22.28,都市：其他:住宅區,30,2,持分移轉,05660000
RPQOMLPKJHLGFBQ09DA,大鄉段,82.94,都市：其他:住宅區,1,1,全筆移轉,05730000
RPUNMLOKJHLGFDQ86DA,新塩舘段,753.37,非都市：特定農業區 ; 非都市編定：水利用地,4,1,持分移轉,05120000
RPUNMLOKJHLGFDQ86DA,新塩舘段,78.78,非都市：特定農業區 ; 非都市編定：水利用地,4,1,持分移轉,05140002
RPSOMLOKJHLGFDQ76DA,隆恩段,17.13,非都市：特定農業區 ; 非都市編定：農牧用地,1,1,全筆移轉,07530001
RPTOMLOKJHLGFDQ86DA,隆恩段,598.98,非都市：特定農業區 ; 非都市編定：水利用地,1,1,全筆移轉,14920001
RPXOMLOKJHLGFDQ27DA,埔美段,66.95,非都市：特定農業區 ; 非都市編定：農牧用地,1,1,全筆移轉,01470002
RPXOMLOKJHLGFDQ27DA,埔美段,448.33,非都市：河川區 ; 非都市編定：農牧用地,1,1,全筆移轉,01470003
RPOPMLOKJHLGFDQ09DA,埔美段,2604.83,非都市：特定農業區 ; 非都市編定：水利用地,1,1,全筆移轉,00950001
RPWNMLOKJHLGFDQ07DA,隆恩段,96.11,非都市：特定農業區 ; 非都市編定：水利用地,38,4,持分移轉,07240000
RPWNMLOKJHLGFDQ07DA,隆恩段,57.88,非都市：特定農業區 ; 非都市編定：水利用地,38,4,持分移轉,07250001
RPWNMLOKJHLGFDQ07DA,隆恩段,4.92,非都市：特定農業區 ; 非都市編定：農牧用地,38,4,持分移轉,07390001
RPVOMLOKJHLGFDQ07DA,隆恩段,434.53,非都市：特定農業區 ; 非都市編定：農牧用地,1,1,全筆移轉,14550001
RPVOMLOKJHLGFDQ07DA,隆恩段,222.41,非都市：特定農業區 ; 非都市編定：農牧用地,1,1,全筆移轉,15040001
RPRPMLOKJHLGFDQ76DA,埔美段,28.23,非都市：特定農業區 ; 非都市編定：水利用地,100,3,持分移轉,00010000
RPRPMLOKJHLGFDQ76DA,埔美段,1.44,非都市：特定農業區 ; 非都市編定：水利用地,11905,69,持分移轉,00020001
RPRPMLOKJHLGFDQ76DA,埔美段,.03,非都市：特定農業區 ; 非都市編定：水利用地,11905,69,持分移轉,00020002
RPRPMLOKJHLGFDQ76DA,埔美段,.60,非都市：特定農業區 ; 非都市編定：水利用地,11905,69,持分移轉,00020003
RPRPMLOKJHLGFDQ76DA,埔美段,3.94,非都市：特定農業區 ; 非都市編定：水利用地,100,3,持分移轉,00100000
RPRPMLOKJHLGFDQ76DA,隆恩段,28.42,非都市：特定農業區 ; 非都市編定：農牧用地,50,3,持分移轉,07190001
RPRPMLOKJHLGFDQ76DA,隆恩段,33.00,非都市：特定農業區 ; 非都市編定：水利用地,50,3,持分移轉,07210001
RPRPMLOKJHLGFDQ76DA,隆恩段,135.32,非都市：特定農業區 ; 非都市編定：水利用地,1024,121,持分移轉,07480001
RPRPMLOKJHLGFDQ76DA,隆恩段,39.53,非都市：特定農業區 ; 非都市編定：水利用地,1024,121,持分移轉,07480002
RPRPMLOKJHLGFDQ76DA,隆恩段,414.68,非都市：特定農業區 ; 非都市編定：農牧用地,2,1,持分移轉,07490001
RPRPMLOKJHLGFDQ76DA,隆恩段,824.50,非都市：特定農業區 ; 非都市編定：水利用地,2,1,持分移轉,07500000
RPRPMLOKJHLGFDQ76DA,隆恩段,459.00,非都市：特定農業區 ; 非都市編定：水利用地,2,1,持分移轉,07510000
RPRPMLOKJHLGFDQ76DA,隆恩段,825.16,非都市：特定農業區 ; 非都市編定：水利用地,470004,210702,持分移轉,07520001
RPPNMLQKJHLGFDQ56DA,新三界埔段,2716.90,非都市：特定農業區 ; 非都市編定：水利用地,1,1,全筆移轉,21680000
RPTNMLPKJHLGFDQ86DA,埔美段,28.23,非都市：特定農業區 ; 非都市編定：水利用地,100,3,持分移轉,00010000
RPTNMLPKJHLGFDQ86DA,埔美段,1.44,非都市：特定農業區 ; 非都市編定：水利用地,11905,69,持分移轉,00020001
RPTNMLPKJHLGFDQ86DA,埔美段,.03,非都市：特定農業區 ; 非都市編定：水利用地,11905,69,持分移轉,00020002
RPTNMLPKJHLGFDQ86DA,埔美段,.60,非都市：特定農業區 ; 非都市編定：水利用地,11905,69,持分移轉,00020003
RPTNMLPKJHLGFDQ86DA,埔美段,3.94,非都市：特定農業區 ; 非都市編定：水利用地,100,3,持分移轉,00100000
RPTNMLPKJHLGFDQ86DA,隆恩段,28.42,非都市：特定農業區 ; 非都市編定：農牧用地,50,3,持分移轉,07190001
RPTNMLPKJHLGFDQ86DA,隆恩段,33.00,非都市：特定農業區 ; 非都市編定：水利用地,50,3,持分移轉,07210001
RPPNMLQKJHLGFDQ56DA,新三界埔段,3985.77,非都市：特定農業區 ; 非都市編定：丁種建築用地,1,1,全筆移轉,21690000
RPTNMLPKJHLGFDQ86DA,隆恩段,135.32,非都市：特定農業區 ; 非都市編定：水利用地,1024,121,持分移轉,07480001
RPTNMLPKJHLGFDQ86DA,隆恩段,39.53,非都市：特定農業區 ; 非都市編定：水利用地,1024,121,持分移轉,07480002
RPTNMLPKJHLGFDQ86DA,隆恩段,414.68,非都市：特定農業區 ; 非都市編定：農牧用地,2,1,持分移轉,07490001
RPTNMLPKJHLGFDQ86DA,隆恩段,824.50,非都市：特定農業區 ; 非都市編定：水利用地,2,1,持分移轉,07500000
RPTNMLPKJHLGFDQ86DA,隆恩段,459.00,非都市：特定農業區 ; 非都市編定：水利用地,2,1,持分移轉,07510000
RPPNMLQKJHLGFDQ56DA,新三界埔段,24.32,非都市：特定農業區 ; 非都市編定：水利用地,1,1,全筆移轉,21700000
RPTNMLPKJHLGFDQ86DA,隆恩段,825.16,非都市：特定農業區 ; 非都市編定：水利用地,470004,210702,持分移轉,07520001
RPPNMLQKJHLGFDQ56DA,新三界埔段,13843.78,非都市：特定農業區 ; 非都市編定：丁種建築用地,1,1,全筆移轉,21710000
RPPNMLQKJHLGFDQ56DA,新三界埔段,1181.08,非都市：特定農業區 ; 非都市編定：丁種建築用地,1,1,全筆移轉,21720000
RPPNMLQKJHLGFDQ56DA,新三界埔段,32.00,非都市：特定農業區 ; 非都市編定：水利用地,1,1,全筆移轉,21780000
RPPNMLQKJHLGFDQ56DA,新三界埔段,118.18,非都市：特定農業區 ; 非都市編定：水利用地,1,1,全筆移轉,21790000
RPPNMLQKJHLGFDQ56DA,新三界埔段,20.85,非都市：特定農業區 ; 非都市編定：水利用地,4,1,持分移轉,21810000
RPPNMLQKJHLGFDQ56DA,新三界埔段,1088.57,非都市：特定農業區 ; 非都市編定：水利用地,1,1,全筆移轉,21820000
RPPNMLQKJHLGFDQ56DA,新三界埔段,198.71,非都市：特定農業區 ; 非都市編定：水利用地,1,1,全筆移轉,21830000
RPPNMLQKJHLGFDQ56DA,新三界埔段,486.57,非都市：特定農業區 ; 非都市編定：水利用地,1,1,全筆移轉,21840000
RPUOMLOKJHLGFDQ96DA,新塩舘段,13.19,非都市：特定農業區 ; 非都市編定：水利用地,20,1,持分移轉,05070001
RPUOMLOKJHLGFDQ96DA,新塩舘段,64.11,非都市：山坡地保育區 ; 非都市編定：水利用地,20,1,持分移轉,05110002
RPUOMLOKJHLGFDQ96DA,新塩舘段,2.61,非都市：特定農業區 ; 非都市編定：水利用地,20,1,持分移轉,05150001
RPQPMLOKJHLGFDQ66DA,隆恩段,15.16,非都市：特定農業區 ; 非都市編定：水利用地,1,1,全筆移轉,15300001
RPQPMLOKJHLGFDQ66DA,隆恩段,24.54,非都市：特定農業區 ; 非都市編定：水利用地,1,1,全筆移轉,15380001
RPPNMLSLIIKGFCQ66DA,中林段中林小段,2772.00,非都市：特定農業區 ; 非都市編定：農牧用地,1,1,全筆移轉,01150000
RPPPMLOKJHLGFDQ56DA,隆恩段,153.36,非都市：特定農業區 ; 非都市編定：農牧用地,1,1,全筆移轉,15060001
RPPPMLOKJHLGFDQ56DA,隆恩段,1163.75,非都市：特定農業區 ; 非都市編定：水利用地,1,1,全筆移轉,15070001
RPPPMLOKJHLGFDQ56DA,隆恩段,438.11,非都市：特定農業區 ; 非都市編定：水利用地,1,1,全筆移轉,15370001
RPUNMLPKJHLGFDQ96DA,隆恩段,133.95,非都市：河川區 ; 非都市編定：水利用地,2,1,持分移轉,15310002
RPXNMLQKJHLGFCQ27DA,世興段,.74,都市：其他:住宅區,30000,117,持分移轉,08510001
RPXNMLQKJHLGFCQ27DA,世興段,28.90,都市：其他:住宅區,30000,117,持分移轉,08570001
RPVNMLPKJHLGFDQ07DA,隆恩段,133.95,非都市：河川區 ; 非都市編定：水利用地,2,1,持分移轉,15310002
RPTNMLMLJHLGFDQ76EA,和興段,1401.51,非都市：特定農業區 ; 非都市編定：農牧用地,1,1,全筆移轉,03930000
RPPNMLQLJHLGFEQ86EA,灣北段,5487.80,非都市：一般農業區 ; 非都市編定：農牧用地,1,1,全筆移轉,02430000
RPWNMLMLKIKGFDQ07DA,民生段,82.67,非都市：鄉村區 ; 非都市編定：乙種建築用地,1,1,全筆移轉,05030000
RPUNMLOKIIKGFCQ66DA,新港段福德小段,22.00,,1,1,全筆移轉,00010019
RPTNMLNKJHLGFDQ66DA,麻寮段,1103.06,都市：其他:住宅區,1,1,全筆移轉,03910000
RPPNMLMJKHLGFBQ58DA,大葛段,23.68,非都市：特定農業區 ; 非都市編定：交通用地,1,1,全筆移轉,07890000
RPPNMLMJKHLGFBQ58DA,大葛段,1894.39,非都市：特定農業區 ; 非都市編定：農牧用地,1,1,全筆移轉,07900000
RPPNMLQJKHLGFEQ66DA,番子潭段,3620.00,非都市：一般農業區 ; 非都市編定：農牧用地,1,1,全筆移轉,03620000
RPPNMLQJKHLGFEQ66DA,番子潭段,3620.00,非都市：一般農業區 ; 非都市編定：農牧用地,1,1,全筆移轉,03620003
RPPNMLQJKHLGFEQ66DA,番子潭段,3871.00,非都市：一般農業區 ; 非都市編定：農牧用地,1,1,全筆移轉,03620004
RPPNMLQJKHLGFEQ66DA,番子潭段,3870.00,非都市：一般農業區 ; 非都市編定：農牧用地,1,1,全筆移轉,03620005
RPUNMLKKKHLGFBQ98DA,溪墘厝段,128.81,非都市：鄉村區 ; 非都市編定：乙種建築用地,1,1,全筆移轉,00810020
RPTNMLTLJHLGFCQ27DA,牛稠溪段,74.00,非都市：鄉村區 ; 非都市編定：乙種建築用地,1,1,全筆移轉,06960010
RPWNMLNJKHLGFDQ96DA,太頂珠段,17.72,都市：其他:住宅區,100000,108,持分移轉,00700000
RPPNMLNJKHLGFEQ09EA,和平段,6.73,都市：其他:農業區,1,1,全筆移轉,05310003
RPUNMLLKKIKGFBQ09DA,港尾寮新段,96.46,非都市：鄉村區 ; 非都市編定：乙種建築用地,1,1,全筆移轉,04010002
RPRQMLSLJHLGFBQ17DA,新店段,2031.00,非都市：一般農業區 ; 非都市編定：養殖用地,1,1,全筆移轉,12550000
RPRQMLSLJHLGFBQ17DA,新店段,69.00,非都市：一般農業區 ; 非都市編定：養殖用地,1,1,全筆移轉,12550001
RPOOMLLKKIKGFBQ58DA,港尾寮新段,97.84,非都市：鄉村區 ; 非都市編定：乙種建築用地,1,1,全筆移轉,04010006
RPRNMLTJKHLGFEQ17DA,公田段,398.00,非都市：山坡地保育區 ; 非都市編定：丙種建築用地,1,1,全筆移轉,05550002
RPPOMLLKKIKGFBQ68DA,港尾寮新段,91.32,非都市：鄉村區 ; 非都市編定：乙種建築用地,1,1,全筆移轉,04010008
RPVNMLLKKIKGFBQ56DA,港尾寮新段,96.12,非都市：鄉村區 ; 非都市編定：乙種建築用地,1,1,全筆移轉,04010001
RPPNMLRKKIKGFEQ86DA,沙坑段,2010.00,非都市：山坡地保育區 ; 非都市編定：農牧用地,1,1,全筆移轉,03690003
RPXNMLQJJHLGFDQ27DA,嘉保段,11.76,都市：其他:住宅區,69,1,持分移轉,02110003
RPPOMLLKKIKGFBQ68DA,港尾寮新段,6.61,非都市：鄉村區 ; 非都市編定：乙種建築用地,10000,1291,持分移轉,04010011
RPXNMLQJJHLGFDQ27DA,嘉保段,39.07,都市：其他:住宅區,10000,215,持分移轉,02110021
RPRNMLLKKIKGFBQ78DA,港尾寮新段,99.87,非都市：鄉村區 ; 非都市編定：乙種建築用地,1,1,全筆移轉,04010000
RPQOMLLKKIKGFBQ78DA,港尾寮新段,89.44,非都市：鄉村區 ; 非都市編定：乙種建築用地,1,1,全筆移轉,04010009
RPQOMLLKKIKGFBQ78DA,港尾寮新段,9.35,非都市：鄉村區 ; 非都市編定：乙種建築用地,10000,1826,持分移轉,04010011
RPQNMLQLKHLGFDQ86DA,中庄段,74.09,非都市：鄉村區 ; 非都市編定：乙種建築用地,1,1,全筆移轉,12910000
RPRNMLPJLHLGFCQ66DA,牛斗山段,3600.00,非都市：特定農業區 ; 非都市編定：農牧用地,1,1,全筆移轉,13700000
RPRNMLMJKIKGFCQ88DA,新中洋子段,35.39,非都市：鄉村區 ; 非都市編定：乙種建築用地,563,65,持分移轉,05980000
RPRNMLKKKIKGFCQ78DA,溪西段,104.85,都市：其他:住宅區,1,1,全筆移轉,09120001
RPXNMLNJKIKGFDQ07DA,三角子段三角小段,608.50,非都市：特定農業區 ; 非都市編定：農牧用地,2,1,持分移轉,00560000
RPRNMLMJKIKGFCQ88DA,新中洋子段,64.37,非都市：鄉村區 ; 非都市編定：乙種建築用地,1,1,全筆移轉,06040000
RPRNMLTJKIKGFDQ07DA,隆興段,333.33,都市：其他:農業區,1,1,全筆移轉,01820008
RPXNMLMJKIKGFCQ86DA,大工一段,.26,非都市：工業區 ; 非都市編定：丁種建築用地,1000,55,持分移轉,01970013
RPPNMLRKKIKGFDQ86EA,社口段,4562.00,非都市：山坡地保育區 ; 非都市編定：農牧用地,1,1,全筆移轉,00740002
RPXNMLMJKIKGFCQ86DA,大工一段,28.24,非都市：工業區 ; 非都市編定：丁種建築用地,1000,55,持分移轉,01970014
RPXNMLMJKIKGFCQ86DA,大工一段,144.00,非都市：工業區 ; 非都市編定：丁種建築用地,1,1,全筆移轉,01970021
RPPNMLKKKIKGFBQ48DA,頂東石段黎明小段,335.67,非都市：特定專用區 ; 非都市編定：甲種建築用地,1,1,全筆移轉,00490017
RPSNMLQKKIKGFBQ76DA,潭子墘段,13459.00,非都市：特定農業區 ; 非都市編定：水利用地,1,1,全筆移轉,01650005
RPSNMLQKKIKGFBQ76DA,竹子腳段,3857.00,非都市：特定農業區 ; 非都市編定：水利用地,1,1,全筆移轉,02350001
RPRNMLQKKIKGFBQ66DA,竹子腳段,40.00,非都市：一般農業區 ; 非都市編定：水利用地,1,1,全筆移轉,00580002
RPRNMLQKKIKGFBQ66DA,竹子腳段,13434.00,非都市：特定農業區 ; 非都市編定：水利用地,1,1,全筆移轉,02350005
RPQNMLKKKIKGFCQ68DA,溪西段,101.42,都市：其他:住宅區,1,1,全筆移轉,09120003
RPQNMLQKKIKGFCQ76EA,西安段,227.00,都市：其他:住宅區,1,1,全筆移轉,04620005
RPQNMLQKKIKGFCQ76EA,西安段,39.00,都市：其他:住宅區,1,1,全筆移轉,04770000
RPQNMLQKKIKGFCQ76EA,西安段,39.00,都市：其他:住宅區,1,1,全筆移轉,04780000
RPQNMLQKKIKGFCQ76EA,西安段,35.00,都市：其他:住宅區,1,1,全筆移轉,04790000
RPQNMLQKKIKGFCQ76EA,西安段,11.00,都市：其他:住宅區,1,1,全筆移轉,04880000
RPQNMLQKKIKGFCQ76EA,西安段,11.00,都市：其他:住宅區,1,1,全筆移轉,04880001
RPQNMLQKKIKGFCQ76EA,西安段,12.00,都市：其他:住宅區,1,1,全筆移轉,04890000
RPRNMLOJKIKGFDQ56DA,龍潭段,97.26,都市：其他:住宅區,1,1,全筆移轉,11160002
RPRNMLOJKIKGFDQ56DA,龍潭段,25.93,都市：其他:住宅區,6,1,持分移轉,11160006
RPUOMLTKKIKGFDQ57DA,北興段,14.94,都市：其他:住宅區,1135660,14938,持分移轉,04910000
RPQNMLTLIIKGFDQ96DA,山子脚段山脚小段,3846.00,非都市：特定農業區 ; 非都市編定：農牧用地,1,1,全筆移轉,08500000
RPUOMLTKKIKGFDQ57DA,北興段,.87,都市：其他:住宅區,1135660,14938,持分移轉,04910005
RPUOMLTKKIKGFDQ57DA,北興段,.23,都市：其他:住宅區,39,1,持分移轉,04910014
RPUOMLTKKIKGFDQ57DA,北興段,.23,都市：其他:住宅區,39,1,持分移轉,04910015
RPUOMLTKKIKGFDQ57DA,北興段,.54,都市：其他:住宅區,39,1,持分移轉,04910016
RPUOMLTKKIKGFDQ57DA,北興段,.38,都市：其他:住宅區,39,1,持分移轉,04910017
RPUOMLTKKIKGFDQ57DA,北興段,.14,都市：其他:住宅區,39,1,持分移轉,04910018
RPUOMLTKKIKGFDQ57DA,北興段,.50,都市：其他:住宅區,39,1,持分移轉,04910019
RPUOMLTKKIKGFDQ57DA,北興段,142.72,都市：其他:住宅區,1,1,全筆移轉,04910045
RPUOMLTKKIKGFDQ57DA,北興段,7.50,都市：其他:住宅區,1,1,全筆移轉,04910046
RPRNMLPKKIKGFBQ56DA,崁後段南崁小段,4154.00,非都市：特定農業區 ; 非都市編定：農牧用地,1,1,全筆移轉,08500000
RPTNMLMKKIKGFDQ66DA,民福段,7.89,都市：其他:住宅區,48000,825,持分移轉,00500000
RPTNMLMKKIKGFDQ66DA,民福段,11.28,都市：其他:住宅區,48000,825,持分移轉,00510000
RPTNMLMKKIKGFDQ66DA,民福段,3.05,都市：其他:住宅區,48000,825,持分移轉,00520000
RPTNMLMKKIKGFDQ66DA,民福段,.32,都市：其他:道路用地,48000,825,持分移轉,00530000
RPTNMLMKKIKGFDQ66DA,民福段,.46,都市：其他:道路用地,48000,825,持分移轉,00540000
RPTNMLMKKIKGFDQ66DA,民福段,1.85,都市：其他:道路用地,48000,825,持分移轉,00550000
RPTNMLMKKIKGFDQ66DA,民福段,.10,都市：其他:住宅區,48000,825,持分移轉,00560000
RPTNMLMKKIKGFDQ66DA,民福段,1.70,都市：其他:道路用地,48000,825,持分移轉,00830000
RPTNMLMKKIKGFDQ66DA,民福段,1.61,都市：其他:道路用地,48000,825,持分移轉,00840000
RPTNMLMKKIKGFDQ66DA,民福段,.47,都市：其他:道路用地,48000,825,持分移轉,00850000
RPTNMLMKKIKGFDQ66DA,民福段,.40,都市：其他:道路用地,48000,825,持分移轉,00860000
RPTNMLMKKIKGFDQ66DA,民福段,.89,都市：其他:道路用地,48000,825,持分移轉,00870000
RPTNMLMKKIKGFDQ66DA,民福段,11.48,都市：其他:住宅區,48000,825,持分移轉,00880000
RPTNMLMKKIKGFDQ66DA,民福段,8.17,都市：其他:住宅區,48000,825,持分移轉,00890000
RPTNMLMKKIKGFDQ66DA,民福段,4.87,都市：其他:住宅區,48000,825,持分移轉,00900000
RPTNMLMKKIKGFDQ66DA,民福段,14.91,都市：其他:住宅區,48000,825,持分移轉,00910000
RPTNMLMKKIKGFDQ66DA,民福段,6.20,都市：其他:住宅區,48000,825,持分移轉,00920000
RPTNMLMKKIKGFDQ66DA,民福段,4.84,都市：其他:住宅區,48000,825,持分移轉,00930000
RPTNMLMKKIKGFDQ66DA,民福段,11.98,都市：其他:住宅區,48000,825,持分移轉,00940000
RPTNMLMKKIKGFDQ66DA,民福段,12.94,都市：其他:住宅區,48000,825,持分移轉,00960000
RPTNMLMKKIKGFDQ66DA,民福段,7.12,都市：其他:住宅區,48000,825,持分移轉,00970000
RPXOMLTJKIKGFBQ57DA,六斗尾段六斗小段,3380.00,非都市：特定農業區 ; 非都市編定：農牧用地,1,1,全筆移轉,05180000
RPWNMLNLKIKGFDQ17DA,忠和段,2890.70,非都市：特定農業區 ; 非都市編定：農牧用地,1,1,全筆移轉,12510000
RPTNMLTLKIKGFDQ47DA,十一指厝段龍德小段,35.00,都市：其他:住宅區,1,1,全筆移轉,00030002
RPTNMLTLKIKGFDQ47DA,十一指厝段龍德小段,67.00,都市：其他:住宅區,1,1,全筆移轉,00030007
RPTNMLTLKIKGFDQ47DA,十一指厝段龍德小段,51.00,都市：其他:道路用地,1,1,全筆移轉,00030011
RPWNMLLKKIKGFDQ86DA,茄苳脚段春珠小段,3441.00,非都市：特定農業區 ; 非都市編定：農牧用地,1,1,全筆移轉,17150000
RPTNMLNKJHLGFBQ09DA,蒜頭段蒜頭小段,1795.00,都市：其他:農業區,1,1,全筆移轉,02160000
RPQNMLMKKIKGFBQ78DA,內厝段,94.00,都市：其他:住宅區,1,1,全筆移轉,08590002
RPXNMLRJJHLGFDQ37DA,民福段,9.18,都市：其他:住宅區,48000,960,持分移轉,00500000
RPXNMLRJJHLGFDQ37DA,民福段,13.13,都市：其他:住宅區,48000,960,持分移轉,00510000
RPXNMLRJJHLGFDQ37DA,民福段,3.55,都市：其他:住宅區,48000,960,持分移轉,00520000
RPXNMLRJJHLGFDQ37DA,民福段,.37,都市：其他:道路用地,48000,960,持分移轉,00530000
RPXNMLRJJHLGFDQ37DA,民福段,.53,都市：其他:道路用地,48000,960,持分移轉,00540000
RPXNMLRJJHLGFDQ37DA,民福段,2.16,都市：其他:道路用地,48000,960,持分移轉,00550000
RPXNMLRJJHLGFDQ37DA,民福段,.12,都市：其他:住宅區,48000,960,持分移轉,00560000
RPXNMLRJJHLGFDQ37DA,民福段,1.70,都市：其他:道路用地,48000,825,持分移轉,00830000
RPXNMLRJJHLGFDQ37DA,民福段,1.88,都市：其他:道路用地,48000,960,持分移轉,00840000
RPXNMLRJJHLGFDQ37DA,民福段,.55,都市：其他:道路用地,48000,960,持分移轉,00850000
RPXNMLRJJHLGFDQ37DA,民福段,.46,都市：其他:道路用地,48000,960,持分移轉,00860000
RPXNMLRJJHLGFDQ37DA,民福段,1.04,都市：其他:道路用地,48000,960,持分移轉,00870000
RPXNMLRJJHLGFDQ37DA,民福段,13.36,都市：其他:住宅區,48000,960,持分移轉,00880000
RPXNMLRJJHLGFDQ37DA,民福段,9.50,都市：其他:住宅區,48000,960,持分移轉,00890000
RPXNMLRJJHLGFDQ37DA,民福段,5.67,都市：其他:住宅區,48000,960,持分移轉,00900000
RPXNMLRJJHLGFDQ37DA,民福段,17.35,都市：其他:住宅區,48000,960,持分移轉,00910000
RPXNMLRJJHLGFDQ37DA,民福段,6.20,都市：其他:住宅區,48000,825,持分移轉,00920000
RPXNMLRJJHLGFDQ37DA,民福段,5.63,都市：其他:住宅區,48000,960,持分移轉,00930000
RPXNMLRJJHLGFDQ37DA,民福段,13.95,都市：其他:住宅區,48000,960,持分移轉,00940000
RPXNMLRJJHLGFDQ37DA,民福段,20.28,都市：其他:住宅區,24000,480,持分移轉,00950000
RPXNMLRJJHLGFDQ37DA,民福段,15.06,都市：其他:住宅區,48000,960,持分移轉,00960000
RPXNMLRJJHLGFDQ37DA,民福段,7.12,都市：其他:住宅區,48000,825,持分移轉,00970000
RPQNMLTKIIKGFDQ86DA,新舊埤段,22.38,非都市：鄉村區 ; 非都市編定：乙種建築用地,720,11,持分移轉,14110000
RPQNMLTKIIKGFDQ86DA,新舊埤段,97.11,非都市：鄉村區 ; 非都市編定：乙種建築用地,1,1,全筆移轉,14110028
RPRNMLMKJHLGFDQ98DA,太頂珠段,24.61,都市：其他:住宅區,100000,150,持分移轉,00700000
RPSNMLQJJHLGFCQ66DA,頭橋段工業小段,11930.00,都市：其他:乙種工業區,1,1,全筆移轉,00640000
RPRNMLQKJHLGFDQ76DA,柳鄉段,4.41,非都市：鄉村區 ; 非都市編定：乙種建築用地,1,1,全筆移轉,11680000
RPVNMLTKJHLGFCQ37DA,番子段番子小段,736.00,非都市：鄉村區 ; 非都市編定：乙種建築用地,1,1,全筆移轉,10760000
RPRNMLQKJHLGFDQ76DA,柳鄉段,81.41,非都市：鄉村區 ; 非都市編定：乙種建築用地,1,1,全筆移轉,11690000
RPSNMLNKJHLGFBQ98DA,布鹽段,457.02,都市：其他:乙種工業區,1,1,全筆移轉,00730000
RPSNMLNKJHLGFBQ98DA,布鹽段,681.17,都市：其他:乙種工業區,1,1,全筆移轉,00750000
RPSNMLNKJHLGFBQ98DA,布鹽段,2027.01,都市：其他:乙種工業區,1,1,全筆移轉,00770000
RPSPMLTKJHLGFCQ27DA,福興段,214.32,非都市：鄉村區 ; 非都市編定：乙種建築用地,1,1,全筆移轉,07010001
RPSNMLQKKIKGFCQ86DA,海豐子段海豐小段,1176.00,非都市：特定農業區 ; 非都市編定：農牧用地,1,1,全筆移轉,01420000
RPQNMLOJKHLGFDQ09DA,柳新段,1297.64,非都市：一般農業區 ; 非都市編定：農牧用地,1,1,全筆移轉,04550000
RPQNMLOJKHLGFDQ09DA,柳新段,1019.72,非都市：一般農業區 ; 非都市編定：農牧用地,1,1,全筆移轉,04560000
RPQNMLQKKIKGFCQ66DA,海豐子段海豐小段,1557.00,非都市：特定農業區 ; 非都市編定：農牧用地,1,1,全筆移轉,01440000
RPQOMLRKJIKGFCQ76DA,北斗段,105.46,都市：其他:住宅區,1,1,全筆移轉,03680008
RPPNMLKLJIKGFDQ68DA,三和段,110.09,都市：其他:住宅區,20380,1100,持分移轉,12050000
RPRNMLQKKIKGFCQ76DA,海豐子段海豐小段,4550.00,非都市：特定農業區 ; 非都市編定：農牧用地,1,1,全筆移轉,01430000
RPPNMLKLJHLGFCQ58DA,中央段,486.28,非都市：鄉村區 ; 非都市編定：乙種建築用地,1,1,全筆移轉,04180000
RPSNMLLJIIKGFDQ78DA,新舊埤段,138.07,非都市：鄉村區 ; 非都市編定：乙種建築用地,271,136,持分移轉,14140000
RPSNMLLJIIKGFDQ78DA,新舊埤段,625.17,非都市：鄉村區 ; 非都市編定：乙種建築用地,1,1,全筆移轉,14280000
RPPNMLMLJHLGFBQ68DA,𧃽菜埔段永和小段,8.44,非都市：特定農業區 ; 非都市編定：水利用地,18,2,持分移轉,01180000
RPPNMLMLJHLGFBQ68DA,𧃽菜埔段永和小段,12.22,非都市：特定農業區 ; 非都市編定：水利用地,18,2,持分移轉,01220000
RPPNMLMLJHLGFBQ68DA,𧃽菜埔段永和小段,400.00,非都市：特定農業區 ; 非都市編定：農牧用地,559,400,持分移轉,01270000
RPPNMLPJKIKGFEQ66EA,內埔子段,1707.00,非都市：森林區 ; 非都市編定：農牧用地,1,1,全筆移轉,19830005
RPPNMLKMJIKGFBQ58DA,義竹新段,120.14,非都市：一般農業區 ; 非都市編定：甲種建築用地,1,1,全筆移轉,02890000
RPPNMLKMJIKGFBQ58DA,義竹新段,120.14,非都市：一般農業區 ; 非都市編定：甲種建築用地,1,1,全筆移轉,02900000
RPPNMLTKJIKGFBQ66DA,竹子腳新段,585.75,非都市：一般農業區 ; 非都市編定：農牧用地,1,1,全筆移轉,00210000
RPPNMLTKJIKGFBQ66DA,竹子腳新段,2841.88,非都市：一般農業區 ; 非都市編定：農牧用地,1,1,全筆移轉,00300000
RPPNMLTKJIKGFBQ66DA,竹子腳新段,1772.95,非都市：一般農業區 ; 非都市編定：農牧用地,1,1,全筆移轉,00310000
RPPNMLTKJIKGFBQ66DA,竹子腳新段,155.47,非都市：一般農業區 ; 非都市編定：農牧用地,1,1,全筆移轉,00350000
RPPNMLTKJIKGFBQ66DA,竹子腳新段,1034.02,非都市：一般農業區 ; 非都市編定：農牧用地,1,1,全筆移轉,00360000
RPPNMLTKJIKGFBQ66DA,竹子腳新段,2129.22,非都市：一般農業區 ; 非都市編定：農牧用地,1,1,全筆移轉,00440000
RPPNMLTKJIKGFBQ66DA,竹子腳新段,471.07,非都市：一般農業區 ; 非都市編定：農牧用地,1,1,全筆移轉,00450000
RPPNMLTKJIKGFBQ66DA,竹子腳新段,21.88,非都市：一般農業區 ; 非都市編定：水利用地,16,2,持分移轉,00490000
RPPNMLTKJIKGFBQ66DA,竹子腳新段,1479.03,非都市：一般農業區 ; 非都市編定：農牧用地,1,1,全筆移轉,00580000
RPPNMLTKJIKGFBQ66DA,竹子腳新段,874.95,非都市：一般農業區 ; 非都市編定：農牧用地,1,1,全筆移轉,00600000
RPQNMLQJJIKGFDQ56DA,安仁段,15.55,非都市：鄉村區 ; 非都市編定：乙種建築用地,10000,422,持分移轉,02770000
RPPNMLTKJIKGFBQ66DA,竹子腳新段,2494.01,非都市：一般農業區 ; 非都市編定：農牧用地,1,1,全筆移轉,00830000
RPPNMLOJKHLGFDQ09EA,山子脚段山脚小段,3297.00,非都市：特定農業區 ; 非都市編定：農牧用地,1,1,全筆移轉,07130001
RPPNMLOJKHLGFDQ09EA,山子脚段山脚小段,721.00,非都市：特定農業區 ; 非都市編定：農牧用地,1,1,全筆移轉,07140001
RPTNMLQKJHLGFCQ86DA,頂員林新段,752.01,非都市：一般農業區 ; 非都市編定：農牧用地,1,1,全筆移轉,16880000
RPQNMLQJJIKGFDQ56DA,安仁段,60.40,非都市：鄉村區 ; 非都市編定：乙種建築用地,1,1,全筆移轉,02960000
RPSNMLOJKIKGFDQ66DA,埔南段,108.00,都市：其他:住宅區,1,1,全筆移轉,02620000
RPTNMLMLJHLGFDQ66DA,水東段,152.06,都市：其他:商業區,5,4,持分移轉,10640000
RPTNMLMLJHLGFDQ66DA,水東段,36.40,都市：其他:住宅區,5,4,持分移轉,10690000
RPTNMLMJKHLGFDQ56DA,山子脚段山脚小段,1768.00,非都市：特定農業區 ; 非都市編定：丁種建築用地,1,1,全筆移轉,07130000
RPTNMLMJKHLGFDQ56DA,山子脚段山脚小段,482.00,非都市：特定農業區 ; 非都市編定：丁種建築用地,1,1,全筆移轉,07140000
RPPNMLKLJHLGFDQ68DA,水西段,588.99,都市：其他:住宅區,1,1,全筆移轉,10920000
RPPNMLKLJHLGFDQ68DA,水西段,40.20,都市：其他:住宅區,1,1,全筆移轉,11330000
RPSNMLKKKHLGFBQ78DA,溪墘厝段,131.24,非都市：鄉村區 ; 非都市編定：乙種建築用地,1,1,全筆移轉,00810019
RPSNMLNLKHLGFCQ66DA,新三角段,80.00,非都市：鄉村區 ; 非都市編定：乙種建築用地,1,1,全筆移轉,08870011
RPPNMLLKKIKGFBQ58DA,崁前段崁前小段,953.00,非都市：鄉村區 ; 非都市編定：乙種建築用地,1,1,全筆移轉,02470000
RPSNMLNLKHLGFCQ66DA,新三角段,23.31,非都市：鄉村區 ; 非都市編定：乙種建築用地,34,1,持分移轉,08870020
RPUNMLTLKIKGFBQ37DA,洲仔段洲仔小段,171.00,非都市：鄉村區 ; 非都市編定：乙種建築用地,1,1,全筆移轉,06880005
RPPNMLNLKHLGFDQ09DA,太頂珠段,26.42,都市：其他:住宅區,100000,161,持分移轉,00700000
RPRNMLTKJHLGFCQ96DA,大潭段精忠小段,326.00,非都市：鄉村區 ; 非都市編定：乙種建築用地,1,1,全筆移轉,04820001
RPPNMLMKKIKGFCQ78DA,新三角段,81.40,非都市：鄉村區 ; 非都市編定：乙種建築用地,1,1,全筆移轉,08870017
RPPNMLMKKIKGFCQ78DA,新三角段,23.31,非都市：鄉村區 ; 非都市編定：乙種建築用地,68,2,持分移轉,08870020
RPUNMLSJJHLGFCQ07DA,明和段,89.00,都市：其他:住宅區,1,1,全筆移轉,00510008
RPSOMLTJKIKGFBQ07DA,栗子崙段東崙小段,166.00,非都市：一般農業區 ; 非都市編定：交通用地,1,1,全筆移轉,14070000
RPSOMLTJKIKGFBQ07DA,栗子崙段東崙小段,9744.00,非都市：一般農業區 ; 非都市編定：養殖用地,1,1,全筆移轉,15840000
RPSOMLTJKIKGFBQ07DA,栗子崙段東崙小段,44.25,非都市：一般農業區 ; 非都市編定：水利用地,4,1,持分移轉,16050000
RPSOMLTJKIKGFBQ07DA,栗子崙段東崙小段,74.00,非都市：一般農業區 ; 非都市編定：水利用地,2,1,持分移轉,16070000
RPPNMLNJKHLGFCQ78DA,大潭段精忠小段,129.00,非都市：鄉村區 ; 非都市編定：乙種建築用地,1,1,全筆移轉,04750003
RPPNMLLLJHLGFCQ68DA,民北段,24.56,都市：其他:住宅區,10000,510,持分移轉,10310003
RPPNMLLLJHLGFCQ68DA,民北段,16.63,都市：其他:住宅區,10000,510,持分移轉,10320004
RPQNMLMLKIKGFBQ88DA,崁前段崁前小段,173.99,非都市：鄉村區 ; 非都市編定：乙種建築用地,1,1,全筆移轉,02180004
RPQNMLRJKIKGFCQ66DA,甘蔗崙段甘蔗崙小段,108.00,都市：其他:住宅區,1,1,全筆移轉,01350020
RPUNMLRJKIKGFCQ07DA,甘蔗崙段甘蔗崙小段,88.00,都市：其他:住宅區,1,1,全筆移轉,01350015
RPQNMLRLJHLGFDQ86DA,和睦段,641.28,都市：其他:農業區,1,1,全筆移轉,05080001
RPQNMLRLJHLGFDQ86DA,和睦段,309.00,都市：其他:農業區,1,1,全筆移轉,05080007
RPQNMLRLJHLGFDQ86DA,和睦段,751.00,都市：其他:農業區,1,1,全筆移轉,05080008
RPQNMLRLJHLGFDQ86DA,和睦段,95.72,都市：其他:農業區,1,1,全筆移轉,05080009
RPQNMLRLJHLGFDQ86DA,和睦段,156.82,都市：其他:農業區,10000,2566,持分移轉,05080010
RPPNMLRJKIKGFCQ56DA,甘蔗崙段甘蔗崙小段,121.00,都市：其他:住宅區,1,1,全筆移轉,01350021
RPQNMLRLJHLGFDQ86DA,和睦段,28.14,都市：其他:農業區,10000,2566,持分移轉,05080011
RPRNMLMLKIKGFBQ98DA,雙涵段雙涵小段,1032.75,非都市：特定農業區 ; 非都市編定：農牧用地,8,6,持分移轉,08330000
RPTNMLLLJHLGFCQ09DA,新三角段,80.00,非都市：鄉村區 ; 非都市編定：乙種建築用地,1,1,全筆移轉,08870013
RPTNMLLLJHLGFCQ09DA,新三角段,23.31,非都市：鄉村區 ; 非都市編定：乙種建築用地,34,1,持分移轉,08870020
RPTNMLKMJHLGFCQ09DA,大潭段精忠小段,134.00,非都市：鄉村區 ; 非都市編定：乙種建築用地,1,1,全筆移轉,04750002
RPPNMLKMJHLGFCQ68DA,新三角段,80.00,非都市：鄉村區 ; 非都市編定：乙種建築用地,1,1,全筆移轉,08870004
RPPNMLKMJHLGFCQ68DA,新三角段,23.31,非都市：鄉村區 ; 非都市編定：乙種建築用地,34,1,持分移轉,08870020
RPUNMLTJJHLGFCQ17DA,埤頭段共和小段,34.83,都市：其他:農業區,48,1,持分移轉,00760000
RPUNMLTJJHLGFCQ17DA,埤頭段共和小段,43.00,都市：其他:農業區,48,1,持分移轉,01180000
RPUNMLNLKHLGFCQ86DA,新三角段,80.00,非都市：鄉村區 ; 非都市編定：乙種建築用地,1,1,全筆移轉,08870012
RPUNMLNLKHLGFCQ86DA,新三角段,23.31,非都市：鄉村區 ; 非都市編定：乙種建築用地,34,1,持分移轉,08870020
RPRNMLPKKIKGFCQ66DA,頂員林新段,3991.32,非都市：一般農業區 ; 非都市編定：農牧用地,1,1,全筆移轉,08890000
RPVOMLTJKIKGFBQ37DA,栗子崙段東崙小段,7450.00,非都市：一般農業區 ; 非都市編定：農牧用地,1,1,全筆移轉,15830000
RPVOMLTJKIKGFBQ37DA,栗子崙段東崙小段,7301.00,非都市：一般農業區 ; 非都市編定：農牧用地,1,1,全筆移轉,15830001
RPVOMLTJKIKGFBQ37DA,栗子崙段東崙小段,2500.00,非都市：一般農業區 ; 非都市編定：農牧用地,1,1,全筆移轉,15830002
RPTNMLKLQHKGFDQ07DA,靖和段,162.64,非都市：特定農業區 ; 非都市編定：水利用地,1,1,全筆移轉,03190008
RPTNMLKLQHKGFDQ07DA,靖和段,492.02,非都市：特定農業區 ; 非都市編定：水利用地,1,1,全筆移轉,03220007
RPTNMLKLQHKGFDQ07DA,靖和段,182.89,非都市：特定專用區 ; 非都市編定：水利用地,1,1,全筆移轉,03450011
RPTNMLKLQHKGFDQ07DA,靖和段,2306.03,非都市：特定農業區 ; 非都市編定：水利用地,1,1,全筆移轉,03880001
RPTNMLKLQHKGFDQ07DA,靖和段,95.25,非都市：特定農業區 ; 非都市編定：水利用地,1,1,全筆移轉,04510000
RPTNMLKLQHKGFDQ07DA,靖和段,12397.16,非都市：特定農業區 ; 非都市編定：水利用地,1,1,全筆移轉,04520000
RPTNMLKLQHKGFDQ07DA,靖和段,1360.98,非都市：特定農業區 ; 非都市編定：水利用地,1,1,全筆移轉,04530000
RPTNMLKLQHKGFDQ07DA,靖和段,1440.92,非都市：特定農業區 ; 非都市編定：水利用地,1,1,全筆移轉,04540006
RPTNMLKLQHKGFDQ07DA,靖和段,10100.63,非都市：特定專用區 ; 非都市編定：水利用地,1,1,全筆移轉,04550008
RPTNMLKLQHKGFDQ07DA,靖和段,15.16,非都市：特定農業區 ; 非都市編定：水利用地,1,1,全筆移轉,04560006
RPTNMLKLQHKGFDQ07DA,靖和段,1514.85,非都市：特定專用區 ; 非都市編定：水利用地,1,1,全筆移轉,04630002
RPTNMLKLQHKGFDQ07DA,靖和段,143.46,非都市：特定專用區 ; 非都市編定：水利用地,1,1,全筆移轉,04640002
RPTNMLKLQHKGFDQ07DA,靖和段,112.29,非都市：特定專用區 ; 非都市編定：水利用地,1,1,全筆移轉,04650003
RPTNMLKLQHKGFDQ07DA,靖和段,302.36,非都市：特定專用區 ; 非都市編定：水利用地,1,1,全筆移轉,04660005
RPTNMLKLQHKGFDQ07DA,靖和段,34.46,非都市：特定農業區 ; 非都市編定：水利用地,1,1,全筆移轉,04930001
RPTNMLKLQHKGFDQ07DA,靖和段,3.04,非都市：特定農業區 ; 非都市編定：水利用地,1,1,全筆移轉,04940001
RPTNMLKLQHKGFDQ07DA,靖和段,2552.56,非都市：特定農業區 ; 非都市編定：水利用地,1,1,全筆移轉,04960001
RPTNMLKLQHKGFDQ07DA,靖和段,1590.04,非都市：特定農業區 ; 非都市編定：水利用地,1,1,全筆移轉,04990000
RPTNMLKLQHKGFDQ07DA,靖和段,9452.79,非都市：特定農業區 ; 非都市編定：水利用地,1,1,全筆移轉,05000001
RPTNMLKLQHKGFDQ07DA,靖和段,3630.13,非都市：特定農業區 ; 非都市編定：水利用地,1,1,全筆移轉,05820000
RPTNMLKLQHKGFDQ07DA,靖和段,1477.69,非都市：特定農業區 ; 非都市編定：水利用地,1,1,全筆移轉,05830000
RPTNMLKLQHKGFDQ07DA,溪安段,5889.00,非都市：特定專用區 ; 非都市編定：水利用地,1,1,全筆移轉,13830001
RPTNMLKLQHKGFDQ07DA,溪安段,272.43,非都市：特定專用區 ; 非都市編定：水利用地,1,1,全筆移轉,13860001
RPTNMLKLQHKGFDQ07DA,溪安段,7301.37,非都市：特定專用區 ; 非都市編定：水利用地,1,1,全筆移轉,13870001
RPQNMLMKKIKGFCQ88DA,新三角段,80.00,非都市：鄉村區 ; 非都市編定：乙種建築用地,1,1,全筆移轉,08870007
RPQNMLMKKIKGFCQ88DA,新三角段,23.31,非都市：鄉村區 ; 非都市編定：乙種建築用地,34,1,持分移轉,08870020
RPXNMLRJKIKGFCQ37DA,甘蔗崙段甘蔗崙小段,96.00,都市：其他:住宅區,1,1,全筆移轉,01350013
RPPNMLQLKIKGFEQ86DA,溪心段,88.12,非都市：一般農業區 ; 非都市編定：農牧用地,100000,16317,持分移轉,07640000
RPWNMLRJKIKGFCQ27DA,甘蔗崙段甘蔗崙小段,97.00,都市：其他:住宅區,1,1,全筆移轉,01350014
RPQNMLSLJIKGFCQ86DA,潭底段潭底小段,.91,都市：其他:住宅區,2903535,9115,持分移轉,02630001
RPQNMLSLJIKGFCQ86DA,潭底段潭底小段,43.69,都市：其他:住宅區,1000,33,持分移轉,02630002
RPUNMLMLKIKGFBQ66DA,栗子崙段東崙小段,3570.00,非都市：一般農業區 ; 非都市編定：農牧用地,1,1,全筆移轉,05360000
RPQNMLSLJIKGFCQ86DA,潭底段潭底小段,.95,都市：其他:住宅區,2903535,9115,持分移轉,02970001
RPQNMLSLJIKGFCQ86DA,潭底段潭底小段,.96,都市：其他:住宅區,2903535,9115,持分移轉,03040001
RPQNMLSLJIKGFCQ86DA,潭底段潭底小段,2.31,都市：其他:住宅區,2903535,9115,持分移轉,03110001
RPQNMLSLJIKGFCQ86DA,潭底段潭底小段,.80,都市：其他:住宅區,2903535,9115,持分移轉,03350001
RPQNMLSLJIKGFCQ86DA,潭底段潭底小段,.04,都市：其他:住宅區,2903535,9115,持分移轉,03350002
RPSNMLKMJHLGFCQ98DA,大潭段精忠小段,141.00,非都市：鄉村區 ; 非都市編定：乙種建築用地,1,1,全筆移轉,04750001
RPVPMLNLJHLGFDQ17DA,新大崙段,666.99,非都市：鄉村區 ; 非都市編定：乙種建築用地,1,1,全筆移轉,07570000
RPQNMLTLJHLGFCQ96DA,甘蔗崙段甘蔗崙小段,86.00,都市：其他:住宅區,1,1,全筆移轉,01350017
RPSNMLLLJHLGFCQ98DA,新三角段,80.00,非都市：鄉村區 ; 非都市編定：乙種建築用地,1,1,全筆移轉,08870009
RPUNMLTLJHLGFDQ47DA,麻寮段,24.99,都市：其他:住宅區,24,6,持分移轉,06510000
RPSNMLLLJHLGFCQ98DA,新三角段,23.31,非都市：鄉村區 ; 非都市編定：乙種建築用地,68,2,持分移轉,08870020
RPVOMLTKJHLGFCQ47DA,崙子頂段,1378.00,非都市：特定農業區 ; 非都市編定：農牧用地,1,1,全筆移轉,14620000
RPVOMLTKJHLGFCQ47DA,崙子頂段,1312.00,都市：其他:農業區,1,1,全筆移轉,14620001
RPVOMLTKJHLGFCQ47DA,崙子頂段,895.00,非都市：特定農業區 ; 非都市編定：農牧用地,1,1,全筆移轉,14630000
RPVOMLTKJHLGFCQ47DA,崙子頂段,1268.00,都市：其他:農業區,1,1,全筆移轉,14630001
RPSNMLPJJHLGFCQ56DA,中工段,102.72,非都市：工業區 ; 非都市編定：丁種建築用地,1,1,全筆移轉,00680006
RPVNMLKMJHLGFCQ66DA,大潭段精忠小段,123.00,非都市：鄉村區 ; 非都市編定：乙種建築用地,1,1,全筆移轉,04750004
RPXNMLTJKHLGFDQ67DA,東新段,1317.00,都市：其他:農業區,1,1,全筆移轉,05770000
RPUPMLNLJHLGFDQ07DA,水西段,2.45,都市：其他:住宅區,96740,701,持分移轉,08890000
RPUPMLNLJHLGFDQ07DA,水西段,32.16,都市：其他:住宅區,100000,3953,持分移轉,08890010
RPUPMLNLJHLGFDQ07DA,水西段,3.78,都市：其他:住宅區,21000,185,持分移轉,09180000
RPQNMLQJJHLGFBQ98DA,龍江段,2179.69,非都市：特定專用區 ; 非都市編定：交通用地,1,1,全筆移轉,01850000
RPQNMLQJJHLGFBQ98DA,龍江段,1575.99,非都市：特定專用區 ; 非都市編定：交通用地,1,1,全筆移轉,01860000
RPQNMLQJJHLGFBQ98DA,龍江段,157.46,非都市：特定專用區 ; 非都市編定：交通用地,1,1,全筆移轉,01870000
RPQNMLQJJHLGFBQ98DA,龍江段,210.84,非都市：特定專用區 ; 非都市編定：交通用地,1,1,全筆移轉,01870001
RPQNMLQJJHLGFBQ98DA,龍江段,878.72,非都市：特定專用區 ; 非都市編定：交通用地,1,1,全筆移轉,01880000
RPUNMLLLJHLGFCQ56DA,新三角段,80.00,非都市：鄉村區 ; 非都市編定：乙種建築用地,1,1,全筆移轉,08870014
RPUNMLLLJHLGFCQ56DA,新三角段,23.31,非都市：鄉村區 ; 非都市編定：乙種建築用地,34,1,持分移轉,08870020
RPWNMLLLJHLGFCQ76DA,新三角段,82.24,非都市：鄉村區 ; 非都市編定：乙種建築用地,1,1,全筆移轉,08870016
RPWNMLLLJHLGFCQ76DA,新三角段,23.31,非都市：鄉村區 ; 非都市編定：乙種建築用地,102,3,持分移轉,08870020
RPUOMLTKKIKGFCQ47DA,新三角段,23.31,非都市：鄉村區 ; 非都市編定：乙種建築用地,34,1,持分移轉,08870020
RPUOMLTKKIKGFCQ47DA,新三角段,80.00,非都市：鄉村區 ; 非都市編定：乙種建築用地,1,1,全筆移轉,08870034
RPVNMLLLJHLGFCQ66DA,新三角段,80.00,非都市：鄉村區 ; 非都市編定：乙種建築用地,1,1,全筆移轉,08870015
RPWOMLTKKIKGFCQ67DA,新三角段,82.30,非都市：鄉村區 ; 非都市編定：乙種建築用地,1,1,全筆移轉,08870018
RPVNMLLLJHLGFCQ66DA,新三角段,23.31,非都市：鄉村區 ; 非都市編定：乙種建築用地,34,1,持分移轉,08870020
RPVNMLMKKIKGFCQ76DA,平林段,.36,都市：其他:農業區,112,2,持分移轉,08850012
RPWOMLTKKIKGFCQ67DA,新三角段,23.31,非都市：鄉村區 ; 非都市編定：乙種建築用地,34,1,持分移轉,08870020
RPVNMLMKKIKGFCQ76DA,平林段,43.94,都市：其他:農業區,100000,3578,持分移轉,08860048
RPVNMLMKKIKGFCQ76DA,平林段,6.99,都市：其他:農業區,112,2,持分移轉,08860059
RPVNMLMKKIKGFCQ76DA,平林段,.07,都市：其他:農業區,56,2,持分移轉,08860073
RPVNMLMKKIKGFCQ76DA,平林段,2.04,都市：其他:農業區,100000,3578,持分移轉,08860088
RPVNMLMKKIKGFCQ76DA,平林段,.72,都市：其他:農業區,100000,3578,持分移轉,08860090
RPXNMLNKKIKGFDQ17DA,護生段,28.20,非都市：鄉村區 ; 非都市編定：乙種建築用地,5,1,持分移轉,05400008
RPXNMLNKKIKGFDQ17DA,護生段,78.44,非都市：鄉村區 ; 非都市編定：乙種建築用地,1,1,全筆移轉,05400010
RPUNMLNKJIKGFCQ66DA,平林段,.36,都市：其他:農業區,56,1,持分移轉,08850012
RPUNMLNKJIKGFCQ66DA,平林段,39.87,都市：其他:農業區,100000,3247,持分移轉,08860048
RPSNMLTLJHLGFCQ17DA,牛稠溪段,86.00,非都市：鄉村區 ; 非都市編定：乙種建築用地,1,1,全筆移轉,06960009
RPUNMLNKJIKGFCQ66DA,平林段,6.99,都市：其他:農業區,56,1,持分移轉,08860059
RPUNMLNKJIKGFCQ66DA,平林段,.07,都市：其他:農業區,28,1,持分移轉,08860073
RPUNMLNKJIKGFCQ66DA,平林段,1.85,都市：其他:農業區,100000,3247,持分移轉,08860088
RPUNMLNKJIKGFCQ66DA,平林段,.65,都市：其他:農業區,100000,3247,持分移轉,08860090
RPVNMLNKJIKGFCQ76DA,平林段,.36,都市：其他:農業區,56,1,持分移轉,08850012
RPVNMLNKJIKGFCQ76DA,平林段,39.33,都市：其他:農業區,100000,3203,持分移轉,08860048
RPVNMLNKJIKGFCQ76DA,平林段,6.99,都市：其他:農業區,56,1,持分移轉,08860059
RPVNMLNKJIKGFCQ76DA,平林段,.07,都市：其他:農業區,28,1,持分移轉,08860073
RPVNMLNKJIKGFCQ76DA,平林段,1.83,都市：其他:農業區,100000,3203,持分移轉,08860088
RPVNMLNKJIKGFCQ76DA,平林段,.64,都市：其他:農業區,100000,3203,持分移轉,08860090
RPSNMLNKJIKGFCQ09DA,平林段,.36,都市：其他:農業區,56,1,持分移轉,08850012
RPSNMLNKJIKGFCQ09DA,平林段,48.08,都市：其他:農業區,100000,3915,持分移轉,08860048
RPSNMLNKJIKGFCQ09DA,平林段,6.99,都市：其他:農業區,56,1,持分移轉,08860059
RPSNMLNKJIKGFCQ09DA,平林段,.07,都市：其他:農業區,28,1,持分移轉,08860073
RPSNMLNKJIKGFCQ09DA,平林段,2.23,都市：其他:農業區,100000,3915,持分移轉,08860088
RPSNMLNKJIKGFCQ09DA,平林段,.78,都市：其他:農業區,100000,3915,持分移轉,08860090
RPRNMLNKKIKGFDQ56DA,護生段,85.21,非都市：鄉村區 ; 非都市編定：乙種建築用地,1,1,全筆移轉,05400011
RPXOMLTKKIKGFCQ77DA,新三角段,97.25,非都市：鄉村區 ; 非都市編定：乙種建築用地,1,1,全筆移轉,08870019
RPXOMLTKKIKGFCQ77DA,新三角段,23.31,非都市：鄉村區 ; 非都市編定：乙種建築用地,34,1,持分移轉,08870020
RPQOMLRJJIKGFCQ66DA,明和段,.30,都市：其他:住宅區,28,1,持分移轉,08500001
RPQOMLRJJIKGFCQ66DA,明和段,96.00,都市：其他:住宅區,1,1,全筆移轉,08510001
RPPNMLSJIIKGFEQ66DA,山子門段,4619.00,非都市：一般農業區 ; 非都市編定：農牧用地,1,1,全筆移轉,01610005
RPQOMLRJJIKGFCQ66DA,明和段,.33,都市：其他:住宅區,3,1,持分移轉,08510003
RPQOMLRJJIKGFCQ66DA,明和段,4.95,都市：其他:住宅區,28,1,持分移轉,08530005
RPPNMLSJIIKGFEQ66DA,山子門段,3211.50,非都市：一般農業區 ; 非都市編定：農牧用地,2,1,持分移轉,01610006
RPQOMLRJJIKGFCQ66DA,明和段,10.32,都市：其他:住宅區,28,1,持分移轉,08530021
RPQOMLRJJIKGFCQ66DA,明和段,.16,都市：其他:住宅區,28,1,持分移轉,08530035
RPPNMLSJIIKGFEQ66DA,山子門段,3211.50,非都市：一般農業區 ; 非都市編定：農牧用地,2,1,持分移轉,01610006
RPPNMLSJIIKGFEQ66DA,山子門段,47.00,非都市：一般農業區 ; 非都市編定：農牧用地,10,1,持分移轉,01610009
RPPNMLSJIIKGFEQ66DA,山子門段,47.00,非都市：一般農業區 ; 非都市編定：農牧用地,10,1,持分移轉,01610009
RPPNMLSJIIKGFEQ66DA,山子門段,871.00,非都市：一般農業區 ; 非都市編定：農牧用地,2,1,持分移轉,01610019
RPPNMLSJIIKGFEQ66DA,山子門段,871.00,非都市：一般農業區 ; 非都市編定：農牧用地,2,1,持分移轉,01610019
RPPNMLSJIIKGFEQ66DA,山子門段,5123.00,非都市：一般農業區 ; 非都市編定：農牧用地,1,1,全筆移轉,01610020
RPQNMLNKKIKGFDQ09DA,護生段,96.07,非都市：鄉村區 ; 非都市編定：乙種建築用地,1,1,全筆移轉,05400003
RPSNMLNKKIKGFDQ66DA,護生段,131.98,非都市：鄉村區 ; 非都市編定：乙種建築用地,1,1,全筆移轉,05400004
RPQOMLKMJHLGFCQ88DA,大潭段精忠小段,113.00,非都市：鄉村區 ; 非都市編定：乙種建築用地,1,1,全筆移轉,04750006
RPROMLRJJIKGFCQ76DA,明和段,108.75,都市：其他:住宅區,1,1,全筆移轉,08500000
RPROMLRJJIKGFCQ76DA,明和段,.30,都市：其他:住宅區,28,1,持分移轉,08500001
RPROMLRJJIKGFCQ76DA,明和段,.33,都市：其他:住宅區,3,1,持分移轉,08510003
RPROMLRJJIKGFCQ76DA,明和段,4.95,都市：其他:住宅區,28,1,持分移轉,08530005
RPROMLRJJIKGFCQ76DA,明和段,10.32,都市：其他:住宅區,28,1,持分移轉,08530021
RPROMLRJJIKGFCQ76DA,明和段,.16,都市：其他:住宅區,28,1,持分移轉,08530035
RPTNMLNKKIKGFDQ76DA,護生段,84.94,非都市：鄉村區 ; 非都市編定：乙種建築用地,1,1,全筆移轉,05400012
RPWNMLNKKIKGFDQ07DA,護生段,101.63,非都市：鄉村區 ; 非都市編定：乙種建築用地,1,1,全筆移轉,05400006
RPWNMLNKKIKGFDQ07DA,護生段,28.20,非都市：鄉村區 ; 非都市編定：乙種建築用地,5,1,持分移轉,05400008
RPXNMLNLKHLGFCQ17DA,西林段,35.53,都市：其他:道路用地,1,1,全筆移轉,00180011
RPXNMLNLKHLGFCQ17DA,明和段,118.05,都市：其他:道路用地,1,1,全筆移轉,00510000
RPTPMLOKJHLGFBQ76DA,大德興段,21.27,非都市：鄉村區 ; 非都市編定：乙種建築用地,14,1,持分移轉,10450013
RPTPMLOKJHLGFBQ76DA,大德興段,99.74,非都市：鄉村區 ; 非都市編定：乙種建築用地,1,1,全筆移轉,10450026
RPVNMLNKKIKGFDQ96DA,護生段,83.23,非都市：鄉村區 ; 非都市編定：乙種建築用地,1,1,全筆移轉,05400007
RPVNMLNKKIKGFDQ96DA,護生段,28.20,非都市：鄉村區 ; 非都市編定：乙種建築用地,5,1,持分移轉,05400008
RPPOMLKMKIKGFBQ78DA,文化段,12.44,都市：其他:商業區,1,1,全筆移轉,01530001
RPPOMLKMKIKGFBQ78DA,文化段,137.00,都市：其他:商業區,1,1,全筆移轉,01570000
RPOOMLNKKIKGFDQ98DA,護生段,120.20,非都市：鄉村區 ; 非都市編定：乙種建築用地,1,1,全筆移轉,05400005
RPOOMLNKKIKGFDQ98DA,護生段,28.20,非都市：鄉村區 ; 非都市編定：乙種建築用地,5,1,持分移轉,05400008
RPQNMLNJKHLGFCQ88DA,大潭段精忠小段,138.00,非都市：鄉村區 ; 非都市編定：乙種建築用地,1,1,全筆移轉,04750007
RPVOMLTKKIKGFCQ57DA,新三角段,80.00,非都市：鄉村區 ; 非都市編定：乙種建築用地,1,1,全筆移轉,08870008
RPQNMLKMJHLGFCQ78DA,新三角段,80.00,非都市：鄉村區 ; 非都市編定：乙種建築用地,1,1,全筆移轉,08870006
RPVOMLTKKIKGFCQ57DA,新三角段,23.31,非都市：鄉村區 ; 非都市編定：乙種建築用地,34,1,持分移轉,08870020
RPQNMLKMJHLGFCQ78DA,新三角段,23.31,非都市：鄉村區 ; 非都市編定：乙種建築用地,34,1,持分移轉,08870020
RPQOMLNLJHLGFDQ56DA,水西段,2.45,都市：其他:住宅區,96740,701,持分移轉,08890000
RPOOMLMLKIKGFDQ98DA,祥和段,39.00,都市：其他:住宅區,100000,3315,持分移轉,03760001
RPQOMLNLJHLGFDQ56DA,水西段,32.16,都市：其他:住宅區,100000,3953,持分移轉,08890010
RPQOMLNLJHLGFDQ56DA,水西段,3.78,都市：其他:住宅區,21000,185,持分移轉,09180000
RPSOMLOKJHLGFBQ56DA,大德興段,96.89,非都市：鄉村區 ; 非都市編定：乙種建築用地,1,1,全筆移轉,10450016
RPTPMLTJJHLGFDQ37DA,和睦段,29.10,都市：其他:住宅區,100000,2638,持分移轉,00690000
RPQOMLOKJHLGFBQ98DA,大德興段,99.13,非都市：鄉村區 ; 非都市編定：乙種建築用地,1,1,全筆移轉,10450012
RPQOMLOKJHLGFBQ98DA,大德興段,21.27,非都市：鄉村區 ; 非都市編定：乙種建築用地,14,1,持分移轉,10450013
RPTNMLSJJHLGFCQ96DA,西林段,24.00,都市：其他:道路用地,1,1,全筆移轉,00180010
RPTNMLSJJHLGFCQ96DA,明和段,68.00,都市：其他:住宅區,1,1,全筆移轉,00510001
RPPPMLTJJHLGFDQ96DA,和睦段,40.09,都市：其他:住宅區,200000,7268,持分移轉,00690000
RPPPMLPLKHLGFCQ76DA,菁埔段中和小段,14.26,非都市：特定農業區 ; 非都市編定：甲種建築用地,34,1,持分移轉,04390002
RPPPMLPLKHLGFCQ76DA,菁埔段中和小段,97.00,非都市：特定農業區 ; 非都市編定：甲種建築用地,1,1,全筆移轉,04390004
RPPPMLPLKHLGFCQ76DA,菁埔段中和小段,16.93,非都市：特定農業區 ; 非都市編定：甲種建築用地,28,1,持分移轉,04390016
RPPPMLPLKHLGFCQ76DA,菁埔段中和小段,.29,非都市：特定農業區 ; 非都市編定：甲種建築用地,34,1,持分移轉,04390036
RPPPMLPLKHLGFCQ76DA,菁埔段中和小段,6.26,非都市：特定農業區 ; 非都市編定：甲種建築用地,34,1,持分移轉,04390037
RPVOMLPLKHLGFCQ27DA,菁埔段中和小段,14.26,非都市：特定農業區 ; 非都市編定：甲種建築用地,34,1,持分移轉,04390002
RPVOMLPLKHLGFCQ27DA,菁埔段中和小段,96.00,非都市：特定農業區 ; 非都市編定：甲種建築用地,1,1,全筆移轉,04390008
RPVOMLPLKHLGFCQ27DA,菁埔段中和小段,16.93,非都市：特定農業區 ; 非都市編定：甲種建築用地,28,1,持分移轉,04390016
RPVOMLPLKHLGFCQ27DA,菁埔段中和小段,.29,非都市：特定農業區 ; 非都市編定：甲種建築用地,34,1,持分移轉,04390036
RPVOMLPLKHLGFCQ27DA,菁埔段中和小段,6.26,非都市：特定農業區 ; 非都市編定：甲種建築用地,34,1,持分移轉,04390037
RPUNMLPLKHLGFCQ07DA,菁埔段中和小段,14.26,非都市：特定農業區 ; 非都市編定：甲種建築用地,34,1,持分移轉,04390002
RPUNMLPLKHLGFCQ07DA,菁埔段中和小段,16.93,非都市：特定農業區 ; 非都市編定：甲種建築用地,28,1,持分移轉,04390016
RPUNMLPLKHLGFCQ07DA,菁埔段中和小段,127.00,非都市：特定農業區 ; 非都市編定：甲種建築用地,1,1,全筆移轉,04390020
RPUNMLPLKHLGFCQ07DA,菁埔段中和小段,.29,非都市：特定農業區 ; 非都市編定：甲種建築用地,34,1,持分移轉,04390036
RPUNMLPLKHLGFCQ07DA,菁埔段中和小段,6.26,非都市：特定農業區 ; 非都市編定：甲種建築用地,34,1,持分移轉,04390037
RPPOMLTJJHLGFDQ86DA,和睦段,35.60,都市：其他:住宅區,100000,3227,持分移轉,00690000
RPVNMLSLLHKGFDQ57DA,埔東段,.38,都市：其他:商業區,1,1,全筆移轉,10700002
RPVNMLPLKHLGFCQ17DA,菁埔段中和小段,14.26,非都市：特定農業區 ; 非都市編定：甲種建築用地,34,1,持分移轉,04390002
RPVNMLPLKHLGFCQ17DA,菁埔段中和小段,16.93,非都市：特定農業區 ; 非都市編定：甲種建築用地,28,1,持分移轉,04390016
RPVNMLPLKHLGFCQ17DA,菁埔段中和小段,116.00,非都市：特定農業區 ; 非都市編定：甲種建築用地,1,1,全筆移轉,04390018
RPVNMLPLKHLGFCQ17DA,菁埔段中和小段,.29,非都市：特定農業區 ; 非都市編定：甲種建築用地,34,1,持分移轉,04390036
RPVNMLPLKHLGFCQ17DA,菁埔段中和小段,6.26,非都市：特定農業區 ; 非都市編定：甲種建築用地,34,1,持分移轉,04390037
RPRNMLPLKHLGFCQ76DA,菁埔段中和小段,14.26,非都市：特定農業區 ; 非都市編定：甲種建築用地,34,1,持分移轉,04390002
RPRNMLPLKHLGFCQ76DA,菁埔段中和小段,16.93,非都市：特定農業區 ; 非都市編定：甲種建築用地,28,1,持分移轉,04390016
RPRNMLPLKHLGFCQ76DA,菁埔段中和小段,96.00,非都市：特定農業區 ; 非都市編定：甲種建築用地,1,1,全筆移轉,04390023
RPRNMLPLKHLGFCQ76DA,菁埔段中和小段,.29,非都市：特定農業區 ; 非都市編定：甲種建築用地,34,1,持分移轉,04390036
RPRNMLPLKHLGFCQ76DA,菁埔段中和小段,6.26,非都市：特定農業區 ; 非都市編定：甲種建築用地,34,1,持分移轉,04390037
RPVNMLTJJHLGFDQ37DA,和睦段,40.09,都市：其他:住宅區,100000,3634,持分移轉,00690000
RPVNMLPKJHLGFBQ86DA,大德興段,21.27,非都市：鄉村區 ; 非都市編定：乙種建築用地,14,1,持分移轉,10450013
RPVNMLPKJHLGFBQ86DA,大德興段,96.72,非都市：鄉村區 ; 非都市編定：乙種建築用地,1,1,全筆移轉,10450029
RPUNMLOKJHLGFBQ66DA,大德興段,95.47,非都市：鄉村區 ; 非都市編定：乙種建築用地,1,1,全筆移轉,10450003
RPUNMLOKJHLGFBQ66DA,大德興段,22.40,非都市：鄉村區 ; 非都市編定：乙種建築用地,14,1,持分移轉,10450004
RPTNMLKMJHLGFBQ98DA,嘉朴段,90.18,都市：其他:商業區,1,1,全筆移轉,01850041
RPWPMLKMJHLGFBQ86DA,溪口段,2.04,非都市：鄉村區 ; 非都市編定：交通用地,180000,541,持分移轉,02120000
RPOOMLTKKIKGFDQ96DA,水西段,2.45,都市：其他:住宅區,96740,701,持分移轉,08890000
RPOOMLTKKIKGFDQ96DA,水西段,32.16,都市：其他:住宅區,100000,3953,持分移轉,08890010
RPWPMLKMJHLGFBQ86DA,溪口段,1.31,非都市：鄉村區 ; 非都市編定：交通用地,14400,101,持分移轉,02230000
RPWPMLKMJHLGFBQ86DA,溪口段,27.08,非都市：鄉村區 ; 非都市編定：乙種建築用地,24,1,持分移轉,02260000
RPWPMLKMJHLGFBQ86DA,溪口段,89.38,非都市：鄉村區 ; 非都市編定：乙種建築用地,1,1,全筆移轉,02260005
RPOOMLTKKIKGFDQ96DA,水西段,3.78,都市：其他:住宅區,21000,185,持分移轉,09180000
RPVPMLKMJHLGFBQ76DA,溪口段,2.04,非都市：鄉村區 ; 非都市編定：交通用地,180000,541,持分移轉,02120000
RPVPMLKMJHLGFBQ76DA,溪口段,1.31,非都市：鄉村區 ; 非都市編定：交通用地,14400,101,持分移轉,02230000
RPVPMLKMJHLGFBQ76DA,溪口段,27.08,非都市：鄉村區 ; 非都市編定：乙種建築用地,24,1,持分移轉,02260000
RPVPMLKMJHLGFBQ76DA,溪口段,89.96,非都市：鄉村區 ; 非都市編定：乙種建築用地,1,1,全筆移轉,02260004
RPROMLPJKIKGFDQ76DA,祥和段,39.00,都市：其他:住宅區,100000,3315,持分移轉,03760001
RPXPMLKMJHLGFBQ96DA,溪口段,2.04,非都市：鄉村區 ; 非都市編定：交通用地,180000,541,持分移轉,02120000
RPXPMLKMJHLGFBQ96DA,溪口段,1.31,非都市：鄉村區 ; 非都市編定：交通用地,14400,101,持分移轉,02230000
RPXPMLKMJHLGFBQ96DA,溪口段,27.08,非都市：鄉村區 ; 非都市編定：乙種建築用地,24,1,持分移轉,02260000
RPXPMLKMJHLGFBQ96DA,溪口段,89.26,非都市：鄉村區 ; 非都市編定：乙種建築用地,1,1,全筆移轉,02260007
RPPNMLQJKHLGFBQ98DA,嘉朴段,90.18,都市：其他:商業區,1,1,全筆移轉,01850043
RPUOMLNLJHLGFDQ96DA,水西段,2.45,都市：其他:住宅區,96740,701,持分移轉,08890000
RPUOMLNLJHLGFDQ96DA,水西段,32.16,都市：其他:住宅區,100000,3953,持分移轉,08890010
RPUOMLNLJHLGFDQ96DA,水西段,3.78,都市：其他:住宅區,21000,185,持分移轉,09180000
RPOOMLOLKHLGFBQ98DA,嘉朴段,90.18,都市：其他:商業區,1,1,全筆移轉,01850010
RPRNMLMJJHLGFCQ78DA,西林段,18.00,都市：其他:住宅區,1,1,全筆移轉,00180009
RPRNMLMJJHLGFCQ78DA,明和段,77.00,都市：其他:住宅區,1,1,全筆移轉,00510003
RPVNMLMJLHLGFBQ66DA,溪口段,2.04,非都市：鄉村區 ; 非都市編定：交通用地,180000,541,持分移轉,02120000
RPVNMLMJLHLGFBQ66DA,溪口段,1.31,非都市：鄉村區 ; 非都市編定：交通用地,14400,101,持分移轉,02230000
RPVNMLMJLHLGFBQ66DA,溪口段,27.08,非都市：鄉村區 ; 非都市編定：乙種建築用地,24,1,持分移轉,02260000
RPVNMLMJLHLGFBQ66DA,溪口段,89.38,非都市：鄉村區 ; 非都市編定：乙種建築用地,1,1,全筆移轉,02260022
RPTNMLMJJHLGFCQ98DA,明和段,92.00,都市：其他:住宅區,1,1,全筆移轉,00510002
RPTNMLNLJHLGFDQ76DA,水西段,2.45,都市：其他:住宅區,96740,701,持分移轉,08890000
RPTNMLNLJHLGFDQ76DA,水西段,32.16,都市：其他:住宅區,100000,3953,持分移轉,08890010
RPTNMLNLJHLGFDQ76DA,水西段,3.78,都市：其他:住宅區,21000,185,持分移轉,09180000
RPXQMLKMJHLGFBQ07DA,溪口段,2.04,非都市：鄉村區 ; 非都市編定：交通用地,180000,541,持分移轉,02120000
RPXQMLKMJHLGFBQ07DA,溪口段,1.31,非都市：鄉村區 ; 非都市編定：交通用地,14400,101,持分移轉,02230000
RPXQMLKMJHLGFBQ07DA,溪口段,27.08,非都市：鄉村區 ; 非都市編定：乙種建築用地,24,1,持分移轉,02260000
RPXQMLKMJHLGFBQ07DA,溪口段,93.80,非都市：鄉村區 ; 非都市編定：乙種建築用地,1,1,全筆移轉,02260017
RPTRMLKMJHLGFBQ76DA,溪口段,2.04,非都市：鄉村區 ; 非都市編定：交通用地,180000,541,持分移轉,02120000
RPTRMLKMJHLGFBQ76DA,溪口段,1.31,非都市：鄉村區 ; 非都市編定：交通用地,14400,101,持分移轉,02230000
RPTRMLKMJHLGFBQ76DA,溪口段,27.08,非都市：鄉村區 ; 非都市編定：乙種建築用地,24,1,持分移轉,02260000
RPWOMLSLJIKGFDQ67DA,祥和段,45.53,都市：其他:住宅區,100000,3870,持分移轉,03760001
RPTRMLKMJHLGFBQ76DA,溪口段,87.93,非都市：鄉村區 ; 非都市編定：乙種建築用地,1,1,全筆移轉,02260023
RPRNMLNLJHLGFDQ56DA,水西段,2.45,都市：其他:住宅區,96740,701,持分移轉,08890000
RPRNMLNLJHLGFDQ56DA,水西段,31.94,都市：其他:住宅區,100000,3927,持分移轉,08890010
RPRNMLNLJHLGFDQ56DA,水西段,3.78,都市：其他:住宅區,21000,185,持分移轉,09180000
RPUNMLKMJHLGFBQ09DA,嘉朴段,90.18,都市：其他:商業區,1,1,全筆移轉,01850042
RPWQMLKMJHLGFBQ96DA,溪口段,2.04,非都市：鄉村區 ; 非都市編定：交通用地,180000,541,持分移轉,02120000
RPOOMLSLJHLGFDQ86DA,麻寮段,92.65,都市：其他:住宅區,1,1,全筆移轉,07310018
RPWQMLKMJHLGFBQ96DA,溪口段,1.31,非都市：鄉村區 ; 非都市編定：交通用地,14400,101,持分移轉,02230000
RPWQMLKMJHLGFBQ96DA,溪口段,27.08,非都市：鄉村區 ; 非都市編定：乙種建築用地,24,1,持分移轉,02260000
RPWQMLKMJHLGFBQ96DA,溪口段,154.32,非都市：鄉村區 ; 非都市編定：乙種建築用地,1,1,全筆移轉,02260016
RPPRMLKMJHLGFBQ98DA,溪口段,2.04,非都市：鄉村區 ; 非都市編定：交通用地,180000,541,持分移轉,02120000
RPPRMLKMJHLGFBQ98DA,溪口段,1.31,非都市：鄉村區 ; 非都市編定：交通用地,14400,101,持分移轉,02230000
RPPRMLKMJHLGFBQ98DA,溪口段,27.08,非都市：鄉村區 ; 非都市編定：乙種建築用地,24,1,持分移轉,02260000
RPPRMLKMJHLGFBQ98DA,溪口段,93.73,非都市：鄉村區 ; 非都市編定：乙種建築用地,1,1,全筆移轉,02260019
RPRNMLNKJIKGFCQ98DA,平林段,.36,都市：其他:農業區,56,1,持分移轉,08850012
RPRNMLNKJIKGFCQ98DA,平林段,43.94,都市：其他:農業區,100000,3578,持分移轉,08860048
RPRNMLNKJIKGFCQ98DA,平林段,6.99,都市：其他:農業區,56,1,持分移轉,08860059
RPRNMLNKJIKGFCQ98DA,平林段,.07,都市：其他:農業區,28,1,持分移轉,08860073
RPRNMLNKJIKGFCQ98DA,平林段,2.04,都市：其他:農業區,100000,3578,持分移轉,08860088
RPRNMLNKJIKGFCQ98DA,平林段,.72,都市：其他:農業區,100000,3578,持分移轉,08860090
RPQNMLOLKHLGFCQ56DA,菁埔段中和小段,14.26,非都市：特定農業區 ; 非都市編定：甲種建築用地,34,1,持分移轉,04390002
RPQNMLOLKHLGFCQ56DA,菁埔段中和小段,16.93,非都市：特定農業區 ; 非都市編定：甲種建築用地,28,1,持分移轉,04390016
RPQNMLOLKHLGFCQ56DA,菁埔段中和小段,95.00,非都市：特定農業區 ; 非都市編定：甲種建築用地,1,1,全筆移轉,04390029
RPQNMLOLKHLGFCQ56DA,菁埔段中和小段,.29,非都市：特定農業區 ; 非都市編定：甲種建築用地,34,1,持分移轉,04390036
RPQNMLOLKHLGFCQ56DA,菁埔段中和小段,6.26,非都市：特定農業區 ; 非都市編定：甲種建築用地,34,1,持分移轉,04390037
RPRNMLOLKHLGFCQ66DA,菁埔段中和小段,14.26,非都市：特定農業區 ; 非都市編定：甲種建築用地,34,1,持分移轉,04390002
RPRNMLOLKHLGFCQ66DA,菁埔段中和小段,16.93,非都市：特定農業區 ; 非都市編定：甲種建築用地,28,1,持分移轉,04390016
RPRNMLOLKHLGFCQ66DA,菁埔段中和小段,95.00,非都市：特定農業區 ; 非都市編定：甲種建築用地,1,1,全筆移轉,04390028
RPRNMLOLKHLGFCQ66DA,菁埔段中和小段,.29,非都市：特定農業區 ; 非都市編定：甲種建築用地,34,1,持分移轉,04390036
RPRNMLOLKHLGFCQ66DA,菁埔段中和小段,6.26,非都市：特定農業區 ; 非都市編定：甲種建築用地,34,1,持分移轉,04390037
RPSNMLOLKHLGFCQ76DA,菁埔段中和小段,14.26,非都市：特定農業區 ; 非都市編定：甲種建築用地,34,1,持分移轉,04390002
RPSNMLOLKHLGFCQ76DA,菁埔段中和小段,16.93,非都市：特定農業區 ; 非都市編定：甲種建築用地,28,1,持分移轉,04390016
RPSNMLOLKHLGFCQ76DA,菁埔段中和小段,125.00,非都市：特定農業區 ; 非都市編定：甲種建築用地,1,1,全筆移轉,04390026
RPSNMLOLKHLGFCQ76DA,菁埔段中和小段,.29,非都市：特定農業區 ; 非都市編定：甲種建築用地,34,1,持分移轉,04390036
RPPPMLNLJHLGFDQ56DA,水西段,2.45,都市：其他:住宅區,96740,701,持分移轉,08890000
RPSNMLOLKHLGFCQ76DA,菁埔段中和小段,6.26,非都市：特定農業區 ; 非都市編定：甲種建築用地,34,1,持分移轉,04390037
RPPPMLNLJHLGFDQ56DA,水西段,32.16,都市：其他:住宅區,100000,3953,持分移轉,08890010
RPPPMLNLJHLGFDQ56DA,水西段,3.78,都市：其他:住宅區,21000,185,持分移轉,09180000
RPQNMLPLKHLGFCQ66DA,菁埔段中和小段,14.26,非都市：特定農業區 ; 非都市編定：甲種建築用地,34,1,持分移轉,04390002
RPQOMLPJKIKGFDQ66DA,祥和段,39.00,都市：其他:住宅區,100000,3315,持分移轉,03760001
RPQNMLPLKHLGFCQ66DA,菁埔段中和小段,16.93,非都市：特定農業區 ; 非都市編定：甲種建築用地,28,1,持分移轉,04390016
RPQNMLPLKHLGFCQ66DA,菁埔段中和小段,99.00,非都市：特定農業區 ; 非都市編定：甲種建築用地,1,1,全筆移轉,04390024
RPQNMLPLKHLGFCQ66DA,菁埔段中和小段,.29,非都市：特定農業區 ; 非都市編定：甲種建築用地,34,1,持分移轉,04390036
RPQNMLPLKHLGFCQ66DA,菁埔段中和小段,6.26,非都市：特定農業區 ; 非都市編定：甲種建築用地,34,1,持分移轉,04390037
RPQPMLSLJIKGFDQ17DA,祥和段,39.00,都市：其他:住宅區,100000,3315,持分移轉,03760001
RPPNMLPLKHLGFCQ56DA,菁埔段中和小段,14.26,非都市：特定農業區 ; 非都市編定：甲種建築用地,34,1,持分移轉,04390002
RPPNMLPLKHLGFCQ56DA,菁埔段中和小段,16.93,非都市：特定農業區 ; 非都市編定：甲種建築用地,28,1,持分移轉,04390016
RPPNMLPLKHLGFCQ56DA,菁埔段中和小段,104.00,非都市：特定農業區 ; 非都市編定：甲種建築用地,1,1,全筆移轉,04390025
RPPNMLPLKHLGFCQ56DA,菁埔段中和小段,.29,非都市：特定農業區 ; 非都市編定：甲種建築用地,34,1,持分移轉,04390036
RPPNMLPLKHLGFCQ56DA,菁埔段中和小段,6.26,非都市：特定農業區 ; 非都市編定：甲種建築用地,34,1,持分移轉,04390037
RPOOMLOJKHLGFDQ98DA,麻寮段,93.69,都市：其他:住宅區,1,1,全筆移轉,07310013
RPVOMLSLJIKGFDQ57DA,祥和段,45.53,都市：其他:住宅區,100000,3870,持分移轉,03760001
RPOOMLPLKHLGFCQ56DA,菁埔段中和小段,14.26,非都市：特定農業區 ; 非都市編定：甲種建築用地,34,1,持分移轉,04390002
RPOOMLPLKHLGFCQ56DA,菁埔段中和小段,96.00,非都市：特定農業區 ; 非都市編定：甲種建築用地,1,1,全筆移轉,04390014
RPOOMLPLKHLGFCQ56DA,菁埔段中和小段,16.93,非都市：特定農業區 ; 非都市編定：甲種建築用地,28,1,持分移轉,04390016
RPOOMLPLKHLGFCQ56DA,菁埔段中和小段,.29,非都市：特定農業區 ; 非都市編定：甲種建築用地,34,1,持分移轉,04390036
RPOOMLPLKHLGFCQ56DA,菁埔段中和小段,6.26,非都市：特定農業區 ; 非都市編定：甲種建築用地,34,1,持分移轉,04390037
RPTOMLPLKHLGFCQ07DA,菁埔段中和小段,14.26,非都市：特定農業區 ; 非都市編定：甲種建築用地,34,1,持分移轉,04390002
RPTOMLPLKHLGFCQ07DA,菁埔段中和小段,96.00,非都市：特定農業區 ; 非都市編定：甲種建築用地,1,1,全筆移轉,04390010
RPTOMLPLKHLGFCQ07DA,菁埔段中和小段,16.93,非都市：特定農業區 ; 非都市編定：甲種建築用地,28,1,持分移轉,04390016
RPTOMLPLKHLGFCQ07DA,菁埔段中和小段,.29,非都市：特定農業區 ; 非都市編定：甲種建築用地,34,1,持分移轉,04390036
RPTOMLPLKHLGFCQ07DA,菁埔段中和小段,6.26,非都市：特定農業區 ; 非都市編定：甲種建築用地,34,1,持分移轉,04390037
RPTQMLSLJIKGFDQ57DA,祥和段,39.00,都市：其他:住宅區,100000,3315,持分移轉,03760001
RPQPMLPLKHLGFCQ86DA,菁埔段中和小段,14.26,非都市：特定農業區 ; 非都市編定：甲種建築用地,34,1,持分移轉,04390002
RPQPMLPLKHLGFCQ86DA,菁埔段中和小段,97.00,非都市：特定農業區 ; 非都市編定：甲種建築用地,1,1,全筆移轉,04390003
RPQPMLPLKHLGFCQ86DA,菁埔段中和小段,16.93,非都市：特定農業區 ; 非都市編定：甲種建築用地,28,1,持分移轉,04390016
RPQPMLPLKHLGFCQ86DA,菁埔段中和小段,.29,非都市：特定農業區 ; 非都市編定：甲種建築用地,34,1,持分移轉,04390036
RPPNMLOLKHLGFCQ09DA,菁埔段中和小段,14.26,非都市：特定農業區 ; 非都市編定：甲種建築用地,34,1,持分移轉,04390002
RPUOMLPLKHLGFCQ17DA,菁埔段中和小段,14.26,非都市：特定農業區 ; 非都市編定：甲種建築用地,34,1,持分移轉,04390002
RPQPMLPLKHLGFCQ86DA,菁埔段中和小段,6.26,非都市：特定農業區 ; 非都市編定：甲種建築用地,34,1,持分移轉,04390037
RPUOMLPLKHLGFCQ17DA,菁埔段中和小段,96.00,非都市：特定農業區 ; 非都市編定：甲種建築用地,1,1,全筆移轉,04390009
RPPNMLOLKHLGFCQ09DA,菁埔段中和小段,16.93,非都市：特定農業區 ; 非都市編定：甲種建築用地,28,1,持分移轉,04390016
RPPNMLTJJHLGFDQ76DA,和睦段,41.30,都市：其他:住宅區,100000,3744,持分移轉,00690000
RPUOMLPLKHLGFCQ17DA,菁埔段中和小段,16.93,非都市：特定農業區 ; 非都市編定：甲種建築用地,28,1,持分移轉,04390016
RPPNMLOLKHLGFCQ09DA,菁埔段中和小段,103.00,非都市：特定農業區 ; 非都市編定：甲種建築用地,1,1,全筆移轉,04390030
RPPNMLOLKHLGFCQ09DA,菁埔段中和小段,.29,非都市：特定農業區 ; 非都市編定：甲種建築用地,34,1,持分移轉,04390036
RPUOMLPLKHLGFCQ17DA,菁埔段中和小段,.29,非都市：特定農業區 ; 非都市編定：甲種建築用地,34,1,持分移轉,04390036
RPPNMLOLKHLGFCQ09DA,菁埔段中和小段,6.26,非都市：特定農業區 ; 非都市編定：甲種建築用地,34,1,持分移轉,04390037
RPUOMLPLKHLGFCQ17DA,菁埔段中和小段,6.26,非都市：特定農業區 ; 非都市編定：甲種建築用地,34,1,持分移轉,04390037
RPVNMLPJKIKGFDQ07DA,祥和段,45.65,都市：其他:住宅區,100000,3880,持分移轉,03760001
RPUNMLMJJHLGFCQ09DA,明和段,95.00,都市：其他:住宅區,1,1,全筆移轉,00510007
RPRPMLTJJHLGFDQ17DA,和睦段,35.60,都市：其他:住宅區,100000,3227,持分移轉,00690000
RPWQMLTJJHLGFDQ77DA,和睦段,29.10,都市：其他:住宅區,100000,2638,持分移轉,00690000
RPORMLKMJHLGFBQ88DA,溪口段,2.04,非都市：鄉村區 ; 非都市編定：交通用地,180000,541,持分移轉,02120000
RPWNMLSLJHLGFDQ57DA,麻寮段,84.38,都市：其他:住宅區,1,1,全筆移轉,07310016
RPSOMLOJKHLGFDQ76DA,麻寮段,95.01,都市：其他:住宅區,1,1,全筆移轉,07310015
RPRRMLKMJHLGFBQ56DA,溪口段,2.04,非都市：鄉村區 ; 非都市編定：交通用地,180000,541,持分移轉,02120000
RPORMLKMJHLGFBQ88DA,溪口段,1.31,非都市：鄉村區 ; 非都市編定：交通用地,14400,101,持分移轉,02230000
RPORMLKMJHLGFBQ88DA,溪口段,27.08,非都市：鄉村區 ; 非都市編定：乙種建築用地,24,1,持分移轉,02260000
RPRRMLKMJHLGFBQ56DA,溪口段,1.31,非都市：鄉村區 ; 非都市編定：交通用地,14400,101,持分移轉,02230000
RPORMLKMJHLGFBQ88DA,溪口段,95.18,非都市：鄉村區 ; 非都市編定：乙種建築用地,1,1,全筆移轉,02260018
RPRRMLKMJHLGFBQ56DA,溪口段,27.08,非都市：鄉村區 ; 非都市編定：乙種建築用地,24,1,持分移轉,02260000
RPRRMLKMJHLGFBQ56DA,溪口段,90.84,非都市：鄉村區 ; 非都市編定：乙種建築用地,1,1,全筆移轉,02260021
RPUOMLOJKHLGFDQ96DA,麻寮段,87.14,都市：其他:住宅區,1,1,全筆移轉,07310017
RPPOMLSLJHLGFDQ96DA,麻寮段,98.16,都市：其他:住宅區,1,1,全筆移轉,07310019
RPWNMLTJJHLGFDQ47DA,和睦段,30.33,都市：其他:住宅區,100000,2749,持分移轉,00690000
RPURMLKMJHLGFBQ86DA,溪口段,2.04,非都市：鄉村區 ; 非都市編定：交通用地,180000,541,持分移轉,02120000
RPURMLKMJHLGFBQ86DA,溪口段,1.31,非都市：鄉村區 ; 非都市編定：交通用地,14400,101,持分移轉,02230000
RPURMLKMJHLGFBQ86DA,溪口段,27.08,非都市：鄉村區 ; 非都市編定：乙種建築用地,24,1,持分移轉,02260000
RPURMLKMJHLGFBQ86DA,溪口段,84.95,非都市：鄉村區 ; 非都市編定：乙種建築用地,1,1,全筆移轉,02260024
RPOQMLKMJHLGFBQ78DA,溪口段,2.04,非都市：鄉村區 ; 非都市編定：交通用地,180000,541,持分移轉,02120000
RPQQMLTJJHLGFDQ17DA,和睦段,30.33,都市：其他:住宅區,100000,2749,持分移轉,00690000
RPOQMLKMJHLGFBQ78DA,溪口段,1.31,非都市：鄉村區 ; 非都市編定：交通用地,14400,101,持分移轉,02230000
RPOQMLKMJHLGFBQ78DA,溪口段,27.08,非都市：鄉村區 ; 非都市編定：乙種建築用地,24,1,持分移轉,02260000
RPQQMLSLJIKGFDQ27DA,祥和段,45.53,都市：其他:住宅區,100000,3870,持分移轉,03760001
RPOQMLKMJHLGFBQ78DA,溪口段,89.92,非都市：鄉村區 ; 非都市編定：乙種建築用地,1,1,全筆移轉,02260008
RPQOMLSLJHLGFDQ07DA,麻寮段,106.70,都市：其他:住宅區,1,1,全筆移轉,07310021
RPUNMLSLJHLGFDQ37DA,麻寮段,93.84,都市：其他:住宅區,1,1,全筆移轉,07310012
RPTOMLTJJHLGFDQ27DA,和睦段,40.09,都市：其他:住宅區,100000,3634,持分移轉,00690000
RPRNMLPLKIKGFDQ86DA,祥和段,45.53,都市：其他:住宅區,100000,3870,持分移轉,03760001
RPUNMLOJKHLGFDQ86DA,麻寮段,91.82,都市：其他:住宅區,1,1,全筆移轉,07310005
RPUNMLOJKHLGFDQ86DA,麻寮段,.00,都市：其他:道路用地,360000,1,持分移轉,07950000
RPUNMLOJKHLGFDQ86DA,麻寮段,.01,都市：其他:道路用地,10000,1,持分移轉,07960000
RPUNMLOJKHLGFDQ86DA,麻寮段,2.02,都市：其他:道路用地,108,1,持分移轉,07970000
RPUNMLOJKHLGFDQ86DA,麻寮段,.00,都市：其他:道路用地,360000,1,持分移轉,08390000
RPXNMLPJKIKGFDQ27DA,祥和段,45.65,都市：其他:住宅區,100000,3880,持分移轉,03760001
RPQNMLKKKHLGFDQ78DA,麻寮段,103.69,都市：其他:住宅區,1,1,全筆移轉,07310002
RPRNMLMJKIKGFBQ78DA,湖底段湖底小段,21.61,非都市：一般農業區 ; 非都市編定：甲種建築用地,18,1,持分移轉,06550004
RPSNMLOJKHLGFDQ66DA,麻寮段,111.69,都市：其他:住宅區,1,1,全筆移轉,07310003
RPQNMLKKKHLGFDQ78DA,麻寮段,.00,都市：其他:道路用地,360000,1,持分移轉,07950000
RPQNMLKKKHLGFDQ78DA,麻寮段,.01,都市：其他:道路用地,10000,1,持分移轉,07960000
RPTNMLOJKHLGFDQ76DA,麻寮段,115.11,都市：其他:住宅區,1,1,全筆移轉,07310004
RPQNMLKKKHLGFDQ78DA,麻寮段,2.02,都市：其他:道路用地,108,1,持分移轉,07970000
RPQNMLKKKHLGFDQ78DA,麻寮段,.00,都市：其他:道路用地,360000,1,持分移轉,08390000
RPRNMLMJKIKGFBQ78DA,湖底段湖底小段,76.00,非都市：一般農業區 ; 非都市編定：甲種建築用地,1,1,全筆移轉,06550006
RPTNMLOJKHLGFDQ76DA,麻寮段,.00,都市：其他:道路用地,360000,1,持分移轉,07950000
RPRNMLMJKIKGFBQ78DA,湖底段湖底小段,1.06,非都市：鄉村區 ; 非都市編定：水利用地,18,1,持分移轉,06640017
RPSNMLOJKHLGFDQ66DA,麻寮段,.00,都市：其他:道路用地,360000,1,持分移轉,07950000
RPTNMLOJKHLGFDQ76DA,麻寮段,.01,都市：其他:道路用地,10000,1,持分移轉,07960000
RPSNMLOJKHLGFDQ66DA,麻寮段,.01,都市：其他:道路用地,10000,1,持分移轉,07960000
RPTNMLOJKHLGFDQ76DA,麻寮段,2.02,都市：其他:道路用地,108,1,持分移轉,07970000
RPSNMLOJKHLGFDQ66DA,麻寮段,2.02,都市：其他:道路用地,108,1,持分移轉,07970000
RPTNMLOJKHLGFDQ76DA,麻寮段,.00,都市：其他:道路用地,360000,1,持分移轉,08390000
RPSNMLOJKHLGFDQ66DA,麻寮段,.00,都市：其他:道路用地,360000,1,持分移轉,08390000
RPUNMLMJKIKGFBQ09DA,湖底段湖底小段,21.61,非都市：一般農業區 ; 非都市編定：甲種建築用地,18,1,持分移轉,06550004
RPUNMLMJKIKGFBQ09DA,湖底段湖底小段,75.00,非都市：一般農業區 ; 非都市編定：甲種建築用地,1,1,全筆移轉,06550009
RPUNMLMJKIKGFBQ09DA,湖底段湖底小段,1.06,非都市：鄉村區 ; 非都市編定：水利用地,18,1,持分移轉,06640017
RPTNMLNJKIKGFBQ09DA,湖底段湖底小段,21.61,非都市：一般農業區 ; 非都市編定：甲種建築用地,18,1,持分移轉,06550004
RPVNMLMJKIKGFBQ56DA,湖底段湖底小段,21.61,非都市：一般農業區 ; 非都市編定：甲種建築用地,18,1,持分移轉,06550004
RPTNMLNJKIKGFBQ09DA,湖底段湖底小段,76.00,非都市：一般農業區 ; 非都市編定：甲種建築用地,1,1,全筆移轉,06550014
RPTNMLNJKIKGFBQ09DA,湖底段湖底小段,1.00,非都市：一般農業區 ; 非都市編定：甲種建築用地,1,1,全筆移轉,06550017
RPTNMLNJKIKGFBQ09DA,湖底段湖底小段,1.06,非都市：鄉村區 ; 非都市編定：水利用地,18,1,持分移轉,06640017
RPPOMLNJKIKGFBQ78DA,湖底段湖底小段,21.61,非都市：一般農業區 ; 非都市編定：甲種建築用地,18,1,持分移轉,06550004
RPVNMLMJKIKGFBQ56DA,湖底段湖底小段,75.00,非都市：一般農業區 ; 非都市編定：甲種建築用地,1,1,全筆移轉,06550010
RPVNMLMJKIKGFBQ56DA,湖底段湖底小段,1.06,非都市：鄉村區 ; 非都市編定：水利用地,18,1,持分移轉,06640017
RPPOMLNJKIKGFBQ78DA,湖底段湖底小段,78.00,非都市：一般農業區 ; 非都市編定：甲種建築用地,1,1,全筆移轉,06550021
RPPOMLNJKIKGFBQ78DA,湖底段湖底小段,1.06,非都市：鄉村區 ; 非都市編定：水利用地,18,1,持分移轉,06640017
RPXOMLTJJHLGFDQ67DA,和睦段,29.10,都市：其他:住宅區,100000,2638,持分移轉,00690000
RPWNMLNJKIKGFBQ76DA,湖底段湖底小段,21.61,非都市：一般農業區 ; 非都市編定：甲種建築用地,18,1,持分移轉,06550004
RPWNMLNJKIKGFBQ76DA,湖底段湖底小段,77.00,非都市：一般農業區 ; 非都市編定：甲種建築用地,1,1,全筆移轉,06550018
RPWNMLNJKIKGFBQ76DA,湖底段湖底小段,1.06,非都市：鄉村區 ; 非都市編定：水利用地,18,1,持分移轉,06640017
RPRNMLKMJHLGFCQ88DA,大潭段精忠小段,154.00,非都市：鄉村區 ; 非都市編定：乙種建築用地,1,1,全筆移轉,04750000
RPXNMLNJKIKGFBQ86DA,湖底段湖底小段,21.61,非都市：一般農業區 ; 非都市編定：甲種建築用地,18,1,持分移轉,06550004
RPUOMLNJKIKGFBQ66DA,湖底段湖底小段,21.61,非都市：一般農業區 ; 非都市編定：甲種建築用地,18,1,持分移轉,06550004
RPUOMLNJKIKGFBQ66DA,湖底段湖底小段,119.00,非都市：一般農業區 ; 非都市編定：甲種建築用地,1,1,全筆移轉,06550026
RPUOMLNJKIKGFBQ66DA,湖底段湖底小段,1.00,非都市：一般農業區 ; 非都市編定：甲種建築用地,1,1,全筆移轉,06550029
RPXNMLNJKIKGFBQ86DA,湖底段湖底小段,77.00,非都市：一般農業區 ; 非都市編定：甲種建築用地,1,1,全筆移轉,06550019
RPUOMLNJKIKGFBQ66DA,湖底段湖底小段,1.06,非都市：鄉村區 ; 非都市編定：水利用地,18,1,持分移轉,06640017
RPXNMLNJKIKGFBQ86DA,湖底段湖底小段,1.06,非都市：鄉村區 ; 非都市編定：水利用地,18,1,持分移轉,06640017
RPQOMLNJKIKGFBQ88DA,湖底段湖底小段,21.61,非都市：一般農業區 ; 非都市編定：甲種建築用地,18,1,持分移轉,06550004
RPQRMLKMJHLGFBQ09DA,溪口段,2.04,非都市：鄉村區 ; 非都市編定：交通用地,180000,541,持分移轉,02120000
RPQOMLNJKIKGFBQ88DA,湖底段湖底小段,74.00,非都市：一般農業區 ; 非都市編定：甲種建築用地,1,1,全筆移轉,06550024
RPQOMLNJKIKGFBQ88DA,湖底段湖底小段,5.00,非都市：一般農業區 ; 非都市編定：甲種建築用地,1,1,全筆移轉,06550027
RPQRMLKMJHLGFBQ09DA,溪口段,1.31,非都市：鄉村區 ; 非都市編定：交通用地,14400,101,持分移轉,02230000
RPQOMLNJKIKGFBQ88DA,湖底段湖底小段,1.06,非都市：鄉村區 ; 非都市編定：水利用地,18,1,持分移轉,06640017
RPQRMLKMJHLGFBQ09DA,溪口段,27.08,非都市：鄉村區 ; 非都市編定：乙種建築用地,24,1,持分移轉,02260000
RPQRMLKMJHLGFBQ09DA,溪口段,92.27,非都市：鄉村區 ; 非都市編定：乙種建築用地,1,1,全筆移轉,02260020
RPXRMLKMJHLGFBQ17DA,溪口段,2.04,非都市：鄉村區 ; 非都市編定：交通用地,180000,541,持分移轉,02120000
RPXRMLKMJHLGFBQ17DA,溪口段,1.31,非都市：鄉村區 ; 非都市編定：交通用地,14400,101,持分移轉,02230000
RPXRMLKMJHLGFBQ17DA,溪口段,27.08,非都市：鄉村區 ; 非都市編定：乙種建築用地,24,1,持分移轉,02260000
RPXRMLKMJHLGFBQ17DA,溪口段,90.66,非都市：鄉村區 ; 非都市編定：乙種建築用地,1,1,全筆移轉,02260002
RPUOMLQJKHLGFCQ07DA,中菁段,81.48,非都市：鄉村區 ; 非都市編定：乙種建築用地,1,1,全筆移轉,08400021
RPWOMLQJKHLGFCQ27DA,中菁段,81.48,非都市：鄉村區 ; 非都市編定：乙種建築用地,1,1,全筆移轉,08400023
RPWOMLQJKHLGFCQ27DA,中菁段,19.96,非都市：鄉村區 ; 非都市編定：乙種建築用地,11,1,持分移轉,08400026
RPXNMLNLKIKGFDQ27DA,祥和段,39.00,都市：其他:住宅區,100000,3315,持分移轉,03760001
RPUOMLQJKHLGFCQ07DA,中菁段,19.96,非都市：鄉村區 ; 非都市編定：乙種建築用地,11,1,持分移轉,08400026
RPWOMLQJKHLGFCQ27DA,中菁段,8.46,非都市：鄉村區 ; 非都市編定：乙種建築用地,90,1,持分移轉,08620000
RPUOMLQJKHLGFCQ07DA,中菁段,8.46,非都市：鄉村區 ; 非都市編定：乙種建築用地,90,1,持分移轉,08620000
RPQNMLNJKIKGFBQ78DA,湖底段湖底小段,21.61,非都市：一般農業區 ; 非都市編定：甲種建築用地,18,1,持分移轉,06550004
RPSNMLPLKIKGFDQ96DA,祥和段,39.00,都市：其他:住宅區,100000,3315,持分移轉,03760001
RPQNMLNJKIKGFBQ78DA,湖底段湖底小段,75.00,非都市：一般農業區 ; 非都市編定：甲種建築用地,1,1,全筆移轉,06550011
RPQNMLNJKIKGFBQ78DA,湖底段湖底小段,1.06,非都市：鄉村區 ; 非都市編定：水利用地,18,1,持分移轉,06640017
RPSQMLTJJHLGFDQ37DA,和睦段,38.17,都市：其他:住宅區,100000,3460,持分移轉,00690000
RPOOMLNJKIKGFBQ68DA,湖底段湖底小段,21.61,非都市：一般農業區 ; 非都市編定：甲種建築用地,18,1,持分移轉,06550004
RPSNMLMJKIKGFBQ88DA,湖底段湖底小段,21.61,非都市：一般農業區 ; 非都市編定：甲種建築用地,18,1,持分移轉,06550004
RPOOMLNJKIKGFBQ68DA,湖底段湖底小段,77.00,非都市：一般農業區 ; 非都市編定：甲種建築用地,1,1,全筆移轉,06550020
RPOOMLNJKIKGFBQ68DA,湖底段湖底小段,1.06,非都市：鄉村區 ; 非都市編定：水利用地,18,1,持分移轉,06640017
RPSNMLMJKIKGFBQ88DA,湖底段湖底小段,75.00,非都市：一般農業區 ; 非都市編定：甲種建築用地,1,1,全筆移轉,06550007
RPSNMLMJKIKGFBQ88DA,湖底段湖底小段,1.06,非都市：鄉村區 ; 非都市編定：水利用地,18,1,持分移轉,06640017
RPUNMLNJKIKGFBQ56DA,湖底段湖底小段,21.61,非都市：一般農業區 ; 非都市編定：甲種建築用地,18,1,持分移轉,06550004
RPUNMLNJKIKGFBQ56DA,湖底段湖底小段,69.00,非都市：一般農業區 ; 非都市編定：甲種建築用地,1,1,全筆移轉,06550012
RPUNMLNJKIKGFBQ56DA,湖底段湖底小段,6.00,非都市：一般農業區 ; 非都市編定：甲種建築用地,1,1,全筆移轉,06550015
RPUNMLNJKIKGFBQ56DA,湖底段湖底小段,1.06,非都市：鄉村區 ; 非都市編定：水利用地,18,1,持分移轉,06640017
RPROMLNJKIKGFBQ98DA,湖底段湖底小段,21.61,非都市：一般農業區 ; 非都市編定：甲種建築用地,18,1,持分移轉,06550004
RPROMLNJKIKGFBQ98DA,湖底段湖底小段,72.00,非都市：一般農業區 ; 非都市編定：甲種建築用地,1,1,全筆移轉,06550025
RPROMLNJKIKGFBQ98DA,湖底段湖底小段,8.00,非都市：一般農業區 ; 非都市編定：甲種建築用地,1,1,全筆移轉,06550028
RPROMLNJKIKGFBQ98DA,湖底段湖底小段,1.06,非都市：鄉村區 ; 非都市編定：水利用地,18,1,持分移轉,06640017
RPVNMLOKJHLGFBQ76DA,大德興段,22.40,非都市：鄉村區 ; 非都市編定：乙種建築用地,14,1,持分移轉,10450004
RPQNMLPKJHLGFBQ98DA,湖底段湖底小段,21.61,非都市：一般農業區 ; 非都市編定：甲種建築用地,18,1,持分移轉,06550004
RPVNMLOKJHLGFBQ76DA,大德興段,94.46,非都市：鄉村區 ; 非都市編定：乙種建築用地,1,1,全筆移轉,10450005
RPQNMLPKJHLGFBQ98DA,湖底段湖底小段,67.00,非都市：一般農業區 ; 非都市編定：甲種建築用地,1,1,全筆移轉,06550013
RPQNMLPKJHLGFBQ98DA,湖底段湖底小段,8.00,非都市：一般農業區 ; 非都市編定：甲種建築用地,1,1,全筆移轉,06550016
RPQNMLPKJHLGFBQ98DA,湖底段湖底小段,1.06,非都市：鄉村區 ; 非都市編定：水利用地,18,1,持分移轉,06640017
RPSNMLPKJHLGFBQ56DA,大德興段,96.30,非都市：鄉村區 ; 非都市編定：乙種建築用地,1,1,全筆移轉,10450009
RPPQMLKMJHLGFBQ88DA,溪口段,2.04,非都市：鄉村區 ; 非都市編定：交通用地,180000,541,持分移轉,02120000
RPPQMLKMJHLGFBQ88DA,溪口段,1.31,非都市：鄉村區 ; 非都市編定：交通用地,14400,101,持分移轉,02230000
RPPQMLKMJHLGFBQ88DA,溪口段,27.08,非都市：鄉村區 ; 非都市編定：乙種建築用地,24,1,持分移轉,02260000
RPPQMLKMJHLGFBQ88DA,溪口段,90.29,非都市：鄉村區 ; 非都市編定：乙種建築用地,1,1,全筆移轉,02260009
RPXNMLTJJHLGFDQ57DA,和睦段,35.83,都市：其他:住宅區,100000,3248,持分移轉,00690000
RPSQMLKMJHLGFBQ56DA,溪口段,2.04,非都市：鄉村區 ; 非都市編定：交通用地,180000,541,持分移轉,02120000
RPSQMLKMJHLGFBQ56DA,溪口段,1.31,非都市：鄉村區 ; 非都市編定：交通用地,14400,101,持分移轉,02230000
RPSQMLKMJHLGFBQ56DA,溪口段,27.08,非都市：鄉村區 ; 非都市編定：乙種建築用地,24,1,持分移轉,02260000
RPSQMLKMJHLGFBQ56DA,溪口段,90.87,非都市：鄉村區 ; 非都市編定：乙種建築用地,1,1,全筆移轉,02260012
RPRQMLKMJHLGFBQ09DA,溪口段,2.04,非都市：鄉村區 ; 非都市編定：交通用地,180000,541,持分移轉,02120000
RPTQMLKMJHLGFBQ66DA,溪口段,2.04,非都市：鄉村區 ; 非都市編定：交通用地,180000,541,持分移轉,02120000
RPRQMLKMJHLGFBQ09DA,溪口段,1.31,非都市：鄉村區 ; 非都市編定：交通用地,14400,101,持分移轉,02230000
RPTNMLMJKIKGFBQ98DA,湖底段湖底小段,21.61,非都市：一般農業區 ; 非都市編定：甲種建築用地,18,1,持分移轉,06550004
RPRQMLKMJHLGFBQ09DA,溪口段,27.08,非都市：鄉村區 ; 非都市編定：乙種建築用地,24,1,持分移轉,02260000
RPRQMLKMJHLGFBQ09DA,溪口段,90.69,非都市：鄉村區 ; 非都市編定：乙種建築用地,1,1,全筆移轉,02260011
RPTQMLKMJHLGFBQ66DA,溪口段,1.31,非都市：鄉村區 ; 非都市編定：交通用地,14400,101,持分移轉,02230000
RPTQMLKMJHLGFBQ66DA,溪口段,27.08,非都市：鄉村區 ; 非都市編定：乙種建築用地,24,1,持分移轉,02260000
RPTNMLMJKIKGFBQ98DA,湖底段湖底小段,75.00,非都市：一般農業區 ; 非都市編定：甲種建築用地,1,1,全筆移轉,06550008
RPTQMLKMJHLGFBQ66DA,溪口段,97.27,非都市：鄉村區 ; 非都市編定：乙種建築用地,1,1,全筆移轉,02260013
RPTNMLMJKIKGFBQ98DA,湖底段湖底小段,1.06,非都市：鄉村區 ; 非都市編定：水利用地,18,1,持分移轉,06640017
RPRNMLLLJHLGFCQ88DA,新三角段,80.00,非都市：鄉村區 ; 非都市編定：乙種建築用地,1,1,全筆移轉,08870005
RPRQMLTJJHLGFDQ27DA,和睦段,49.29,都市：其他:住宅區,100000,4468,持分移轉,00690000
RPRNMLLLJHLGFCQ88DA,新三角段,23.31,非都市：鄉村區 ; 非都市編定：乙種建築用地,34,1,持分移轉,08870020
RPROMLTJJHLGFDQ07DA,和睦段,29.10,都市：其他:住宅區,100000,2638,持分移轉,00690000
RPVNMLMJJHLGFCQ56DA,明和段,87.00,都市：其他:住宅區,1,1,全筆移轉,00510009
RPUPMLTJJHLGFDQ47DA,和睦段,30.33,都市：其他:住宅區,100000,2749,持分移轉,00690000
RPQQMLKMJHLGFBQ98DA,溪口段,2.04,非都市：鄉村區 ; 非都市編定：交通用地,180000,541,持分移轉,02120000
RPQQMLKMJHLGFBQ98DA,溪口段,1.31,非都市：鄉村區 ; 非都市編定：交通用地,14400,101,持分移轉,02230000
RPQQMLKMJHLGFBQ98DA,溪口段,27.08,非都市：鄉村區 ; 非都市編定：乙種建築用地,24,1,持分移轉,02260000
RPQQMLKMJHLGFBQ98DA,溪口段,90.48,非都市：鄉村區 ; 非都市編定：乙種建築用地,1,1,全筆移轉,02260010
RPOOMLNLJHLGFDQ98DA,水西段,2.45,都市：其他:住宅區,96740,701,持分移轉,08890000
RPOOMLNLJHLGFDQ98DA,水西段,23.31,都市：其他:住宅區,100000,2865,持分移轉,08890010
RPOOMLNLJHLGFDQ98DA,水西段,3.78,都市：其他:住宅區,21000,185,持分移轉,09180000
RPROMLMLKIKGFDQ66DA,祥和段,45.53,都市：其他:住宅區,100000,3870,持分移轉,03760001
RPXOMLNLJHLGFDQ27DA,水西段,2.45,都市：其他:住宅區,96740,701,持分移轉,08890000
RPXOMLNLJHLGFDQ27DA,水西段,23.31,都市：其他:住宅區,100000,2865,持分移轉,08890010
RPXOMLNLJHLGFDQ27DA,水西段,3.78,都市：其他:住宅區,21000,185,持分移轉,09180000
RPQOMLNLKIKGFDQ66DA,祥和段,31.39,都市：其他:住宅區,100000,2668,持分移轉,03760001
RPVQMLKMJHLGFBQ86DA,溪口段,2.04,非都市：鄉村區 ; 非都市編定：交通用地,180000,541,持分移轉,02120000
RPVQMLKMJHLGFBQ86DA,溪口段,1.31,非都市：鄉村區 ; 非都市編定：交通用地,14400,101,持分移轉,02230000
RPVQMLKMJHLGFBQ86DA,溪口段,27.08,非都市：鄉村區 ; 非都市編定：乙種建築用地,24,1,持分移轉,02260000
RPVQMLKMJHLGFBQ86DA,溪口段,93.31,非都市：鄉村區 ; 非都市編定：乙種建築用地,1,1,全筆移轉,02260014
RPSOMLPJKIKGFDQ86DA,祥和段,32.61,都市：其他:住宅區,100000,2772,持分移轉,03760001
RPWOMLNLJHLGFDQ17DA,水西段,2.45,都市：其他:住宅區,96740,701,持分移轉,08890000
RPWOMLNLJHLGFDQ17DA,水西段,32.16,都市：其他:住宅區,100000,3953,持分移轉,08890010
RPWOMLNLJHLGFDQ17DA,水西段,3.78,都市：其他:住宅區,21000,185,持分移轉,09180000
RPOOMLOKJHLGFBQ78DA,大德興段,96.32,非都市：鄉村區 ; 非都市編定：乙種建築用地,1,1,全筆移轉,10450008
RPTNMLPLKIKGFDQ07DA,祥和段,31.06,都市：其他:住宅區,100000,2640,持分移轉,03760001
RPQOMLMLKIKGFDQ56DA,祥和段,45.53,都市：其他:住宅區,100000,3870,持分移轉,03760001
RPRQMLOKJHLGFBQ66DA,大德興段,100.66,非都市：鄉村區 ; 非都市編定：乙種建築用地,1,1,全筆移轉,10450000
RPROMLOKJHLGFBQ09DA,大德興段,96.65,非都市：鄉村區 ; 非都市編定：乙種建築用地,1,1,全筆移轉,10450015
RPXNMLPKJHLGFBQ07DA,大德興段,21.27,非都市：鄉村區 ; 非都市編定：乙種建築用地,14,1,持分移轉,10450013
RPXNMLPKJHLGFBQ07DA,大德興段,96.72,非都市：鄉村區 ; 非都市編定：乙種建築用地,1,1,全筆移轉,10450027
RPQQMLOKJHLGFBQ56DA,大德興段,21.27,非都市：鄉村區 ; 非都市編定：乙種建築用地,14,1,持分移轉,10450013
RPQQMLOKJHLGFBQ56DA,大德興段,103.59,非都市：鄉村區 ; 非都市編定：乙種建築用地,1,1,全筆移轉,10450018
RPRPMLOKJHLGFBQ56DA,大德興段,21.27,非都市：鄉村區 ; 非都市編定：乙種建築用地,14,1,持分移轉,10450013
RPRPMLOKJHLGFBQ56DA,大德興段,90.87,非都市：鄉村區 ; 非都市編定：乙種建築用地,1,1,全筆移轉,10450030
RPRPMLOKJHLGFBQ56DA,大德興段,5.85,非都市：鄉村區 ; 非都市編定：乙種建築用地,1,1,全筆移轉,10450031
RPTQMLTJJHLGFDQ47DA,和睦段,45.53,都市：其他:住宅區,100000,4127,持分移轉,00690000
RPOPMLNLJHLGFDQ09DA,水西段,2.45,都市：其他:住宅區,96740,701,持分移轉,08890000
RPOPMLNLJHLGFDQ09DA,水西段,24.69,都市：其他:住宅區,100000,3035,持分移轉,08890010
RPOPMLNLJHLGFDQ09DA,水西段,3.78,都市：其他:住宅區,21000,185,持分移轉,09180000
RPRPMLSLJIKGFDQ27DA,祥和段,31.06,都市：其他:住宅區,100000,2640,持分移轉,03760001
RPQNMLTLJIKGFDQ07DA,祥和段,39.00,都市：其他:住宅區,100000,3315,持分移轉,03760001
RPUOMLSLJIKGFDQ47DA,祥和段,31.39,都市：其他:住宅區,100000,2668,持分移轉,03760001
RPOPMLSLJIKGFDQ96DA,祥和段,29.85,都市：其他:住宅區,100000,2537,持分移轉,03760001
RPVOMLTJJHLGFDQ47DA,和睦段,35.60,都市：其他:住宅區,100000,3227,持分移轉,00690000
RPPOMLMLKIKGFDQ09DA,祥和段,31.06,都市：其他:住宅區,100000,2640,持分移轉,03760001
RPSPMLSLJIKGFDQ37DA,祥和段,31.39,都市：其他:住宅區,100000,2668,持分移轉,03760001
RPPOMLNLKIKGFDQ56DA,祥和段,31.06,都市：其他:住宅區,100000,2640,持分移轉,03760001
RPPOMLOKJHLGFBQ88DA,大德興段,96.26,非都市：鄉村區 ; 非都市編定：乙種建築用地,1,1,全筆移轉,10450011
RPWOMLOKJHLGFBQ96DA,大德興段,22.40,非都市：鄉村區 ; 非都市編定：乙種建築用地,14,1,持分移轉,10450004
RPWOMLOKJHLGFBQ96DA,大德興段,100.23,非都市：鄉村區 ; 非都市編定：乙種建築用地,1,1,全筆移轉,10450044
RPVOMLOKJHLGFBQ86DA,大德興段,22.40,非都市：鄉村區 ; 非都市編定：乙種建築用地,14,1,持分移轉,10450004
RPVOMLOKJHLGFBQ86DA,大德興段,99.42,非都市：鄉村區 ; 非都市編定：乙種建築用地,1,1,全筆移轉,10450045
RPXNMLTKJHLGFBQ47DA,大德興段,21.27,非都市：鄉村區 ; 非都市編定：乙種建築用地,14,1,持分移轉,10450013
RPXNMLTKJHLGFBQ47DA,大德興段,96.72,非都市：鄉村區 ; 非都市編定：乙種建築用地,1,1,全筆移轉,10450028
RPUOMLOKJHLGFBQ76DA,大德興段,22.40,非都市：鄉村區 ; 非都市編定：乙種建築用地,14,1,持分移轉,10450004
RPUOMLOKJHLGFBQ76DA,大德興段,93.28,非都市：鄉村區 ; 非都市編定：乙種建築用地,1,1,全筆移轉,10450046
RPUOMLOKJHLGFBQ76DA,大德興段,5.32,非都市：鄉村區 ; 非都市編定：乙種建築用地,1,1,全筆移轉,10450047
RPTNMLPKJHLGFBQ66DA,大德興段,22.40,非都市：鄉村區 ; 非都市編定：乙種建築用地,14,1,持分移轉,10450004
RPQNMLTJJHLGFDQ86DA,和睦段,35.83,都市：其他:住宅區,100000,3248,持分移轉,00690000
RPTNMLPKJHLGFBQ66DA,大德興段,9.57,非都市：鄉村區 ; 非都市編定：乙種建築用地,1,1,全筆移轉,10450034
RPTNMLPKJHLGFBQ66DA,大德興段,104.26,非都市：鄉村區 ; 非都市編定：乙種建築用地,1,1,全筆移轉,10450035
RPPOMLNLJHLGFDQ09DA,水西段,2.45,都市：其他:住宅區,96740,701,持分移轉,08890000
RPPOMLNLJHLGFDQ09DA,水西段,24.69,都市：其他:住宅區,100000,3035,持分移轉,08890010
RPPOMLNLJHLGFDQ09DA,水西段,3.78,都市：其他:住宅區,21000,185,持分移轉,09180000
RPWOMLTJJHLGFDQ57DA,和睦段,22.85,都市：其他:住宅區,100000,2071,持分移轉,00690000
RPXNMLNLJHLGFDQ17DA,水西段,2.45,都市：其他:住宅區,96740,701,持分移轉,08890000
RPRPMLNLJHLGFDQ76DA,水西段,2.45,都市：其他:住宅區,96740,701,持分移轉,08890000
RPXNMLNLJHLGFDQ17DA,水西段,32.16,都市：其他:住宅區,100000,3953,持分移轉,08890010
RPRPMLNLJHLGFDQ76DA,水西段,32.16,都市：其他:住宅區,100000,3953,持分移轉,08890010
RPRPMLNLJHLGFDQ76DA,水西段,3.78,都市：其他:住宅區,21000,185,持分移轉,09180000
RPXNMLNLJHLGFDQ17DA,水西段,3.78,都市：其他:住宅區,21000,185,持分移轉,09180000
RPWNMLPJKIKGFDQ17DA,祥和段,31.58,都市：其他:住宅區,100000,2684,持分移轉,03760001
RPPNMLQLJHLGFDQ76EA,祥和段,29.85,都市：其他:住宅區,100000,2537,持分移轉,03760001
RPQOMLSLJIKGFDQ07DA,祥和段,29.85,都市：其他:住宅區,100000,2537,持分移轉,03760001
RPSOMLMLKIKGFDQ76DA,祥和段,32.61,都市：其他:住宅區,100000,2772,持分移轉,03760001
RPTNMLOKJHLGFBQ56DA,大德興段,92.60,非都市：鄉村區 ; 非都市編定：乙種建築用地,1,1,全筆移轉,10450002
RPOQMLOKJHLGFBQ98DA,大德興段,22.40,非都市：鄉村區 ; 非都市編定：乙種建築用地,14,1,持分移轉,10450004
RPOQMLOKJHLGFBQ98DA,大德興段,101.85,非都市：鄉村區 ; 非都市編定：乙種建築用地,1,1,全筆移轉,10450038
RPUPMLOKJHLGFBQ86DA,大德興段,21.27,非都市：鄉村區 ; 非都市編定：乙種建築用地,14,1,持分移轉,10450013
RPUOMLTJJHLGFDQ37DA,和睦段,35.83,都市：其他:住宅區,100000,3248,持分移轉,00690000
RPUPMLOKJHLGFBQ86DA,大德興段,110.36,非都市：鄉村區 ; 非都市編定：乙種建築用地,1,1,全筆移轉,10450023
RPUPMLOKJHLGFBQ86DA,大德興段,9.03,非都市：鄉村區 ; 非都市編定：乙種建築用地,1,1,全筆移轉,10450025
RPUNMLPKJHLGFBQ76DA,大德興段,22.40,非都市：鄉村區 ; 非都市編定：乙種建築用地,14,1,持分移轉,10450004
RPUNMLPKJHLGFBQ76DA,大德興段,101.85,非都市：鄉村區 ; 非都市編定：乙種建築用地,1,1,全筆移轉,10450039
RPVPMLTJJHLGFDQ57DA,和睦段,40.09,都市：其他:住宅區,100000,3634,持分移轉,00690000
RPSOMLTJJHLGFDQ17DA,和睦段,30.33,都市：其他:住宅區,100000,2749,持分移轉,00690000
RPSNMLTJJHLGFDQ07DA,和睦段,29.10,都市：其他:住宅區,200000,5276,持分移轉,00690000
RPPNMLRJKHLGFDQ66DA,鹿工段,5940.74,非都市：工業區 ; 非都市編定：丁種建築用地,1,1,全筆移轉,00280000
RPSPMLTJJHLGFDQ27DA,和睦段,22.85,都市：其他:住宅區,100000,2071,持分移轉,00690000
RPOPMLTJJHLGFDQ86DA,和睦段,30.33,都市：其他:住宅區,100000,2749,持分移轉,00690000
RPUQMLTJJHLGFDQ57DA,和睦段,22.85,都市：其他:住宅區,100000,2071,持分移轉,00690000
RPTOMLPJKIKGFDQ96DA,祥和段,32.61,都市：其他:住宅區,100000,2772,持分移轉,03760001
RPQNMLPLKIKGFDQ76DA,祥和段,29.85,都市：其他:住宅區,100000,2537,持分移轉,03760001
RPPOMLSLJIKGFDQ96DA,祥和段,32.80,都市：其他:住宅區,100000,2788,持分移轉,03760001
RPVPMLOKJHLGFBQ96DA,大德興段,21.27,非都市：鄉村區 ; 非都市編定：乙種建築用地,14,1,持分移轉,10450013
RPVPMLOKJHLGFBQ96DA,大德興段,98.03,非都市：鄉村區 ; 非都市編定：乙種建築用地,1,1,全筆移轉,10450022
RPVPMLOKJHLGFBQ96DA,大德興段,5.85,非都市：鄉村區 ; 非都市編定：乙種建築用地,1,1,全筆移轉,10450024
RPWNMLTKKIKGFDQ67DA,水西段,2.45,都市：其他:住宅區,96740,701,持分移轉,08890000
RPXNMLTKKIKGFDQ77DA,水西段,2.45,都市：其他:住宅區,96740,701,持分移轉,08890000
RPWNMLTKKIKGFDQ67DA,水西段,23.31,都市：其他:住宅區,100000,2865,持分移轉,08890010
RPWNMLTKKIKGFDQ67DA,水西段,3.78,都市：其他:住宅區,21000,185,持分移轉,09180000
RPXNMLTKKIKGFDQ77DA,水西段,23.31,都市：其他:住宅區,100000,2865,持分移轉,08890010
RPXNMLTKKIKGFDQ77DA,水西段,3.78,都市：其他:住宅區,21000,185,持分移轉,09180000
RPOPMLOKJHLGFBQ88DA,大德興段,22.40,非都市：鄉村區 ; 非都市編定：乙種建築用地,14,1,持分移轉,10450004
RPXPMLOKJHLGFBQ17DA,大德興段,21.27,非都市：鄉村區 ; 非都市編定：乙種建築用地,14,1,持分移轉,10450013
RPOPMLOKJHLGFBQ88DA,大德興段,104.77,非都市：鄉村區 ; 非都市編定：乙種建築用地,1,1,全筆移轉,10450042
RPXPMLOKJHLGFBQ17DA,大德興段,101.32,非都市：鄉村區 ; 非都市編定：乙種建築用地,1,1,全筆移轉,10450019
RPSNMLSLJHLGFDQ17DA,水西段,2.45,都市：其他:住宅區,96740,701,持分移轉,08890000
RPSNMLSLJHLGFDQ17DA,水西段,23.31,都市：其他:住宅區,100000,2865,持分移轉,08890010
RPSNMLSLJHLGFDQ17DA,水西段,3.78,都市：其他:住宅區,21000,185,持分移轉,09180000
RPPQMLOKJHLGFBQ09DA,大德興段,22.40,非都市：鄉村區 ; 非都市編定：乙種建築用地,14,1,持分移轉,10450004
RPPQMLOKJHLGFBQ09DA,大德興段,104.76,非都市：鄉村區 ; 非都市編定：乙種建築用地,1,1,全筆移轉,10450041
RPQPMLNLJHLGFDQ66DA,水西段,2.45,都市：其他:住宅區,96740,701,持分移轉,08890000
RPQOMLTJJHLGFDQ96DA,和睦段,22.85,都市：其他:住宅區,100000,2071,持分移轉,00690000
RPQPMLNLJHLGFDQ66DA,水西段,23.31,都市：其他:住宅區,100000,2865,持分移轉,08890010
RPQPMLNLJHLGFDQ66DA,水西段,3.78,都市：其他:住宅區,21000,185,持分移轉,09180000
RPROMLNLJHLGFDQ66DA,水西段,2.45,都市：其他:住宅區,96740,701,持分移轉,08890000
RPVOMLNLJHLGFDQ07DA,水西段,2.45,都市：其他:住宅區,96740,701,持分移轉,08890000
RPVOMLNLJHLGFDQ07DA,水西段,23.31,都市：其他:住宅區,100000,2865,持分移轉,08890010
RPVOMLNLJHLGFDQ07DA,水西段,3.78,都市：其他:住宅區,21000,185,持分移轉,09180000
RPROMLNLJHLGFDQ66DA,水西段,32.16,都市：其他:住宅區,100000,3953,持分移轉,08890010
RPROMLNLJHLGFDQ66DA,水西段,3.78,都市：其他:住宅區,21000,185,持分移轉,09180000
RPWNMLOKJHLGFBQ86DA,大德興段,91.55,非都市：鄉村區 ; 非都市編定：乙種建築用地,1,1,全筆移轉,10450006
RPQPMLTJJHLGFDQ07DA,和睦段,35.83,都市：其他:住宅區,100000,3248,持分移轉,00690000
RPTOMLNLJHLGFDQ86DA,水西段,2.45,都市：其他:住宅區,96740,701,持分移轉,08890000
RPTOMLNLJHLGFDQ86DA,水西段,24.69,都市：其他:住宅區,100000,3035,持分移轉,08890010
RPTOMLNLJHLGFDQ86DA,水西段,3.78,都市：其他:住宅區,21000,185,持分移轉,09180000
RPTPMLNLJHLGFDQ96DA,水西段,2.45,都市：其他:住宅區,96740,701,持分移轉,08890000
RPTPMLNLJHLGFDQ96DA,水西段,23.31,都市：其他:住宅區,100000,2865,持分移轉,08890010
RPTPMLNLJHLGFDQ96DA,水西段,3.78,都市：其他:住宅區,21000,185,持分移轉,09180000
RPWPMLTJJHLGFDQ67DA,和睦段,35.83,都市：其他:住宅區,200000,6496,持分移轉,00690000
RPTOMLOKJHLGFBQ66DA,大德興段,22.40,非都市：鄉村區 ; 非都市編定：乙種建築用地,14,1,持分移轉,10450004
RPTOMLOKJHLGFBQ66DA,大德興段,10.21,非都市：鄉村區 ; 非都市編定：乙種建築用地,1,1,全筆移轉,10450048
RPTOMLOKJHLGFBQ66DA,大德興段,125.46,非都市：鄉村區 ; 非都市編定：乙種建築用地,1,1,全筆移轉,10450049
RPXOMLOKJHLGFBQ07DA,大德興段,22.40,非都市：鄉村區 ; 非都市編定：乙種建築用地,14,1,持分移轉,10450004
RPXOMLOKJHLGFBQ07DA,大德興段,101.04,非都市：鄉村區 ; 非都市編定：乙種建築用地,1,1,全筆移轉,10450043
RPPPMLOKJHLGFBQ98DA,大德興段,22.40,非都市：鄉村區 ; 非都市編定：乙種建築用地,14,1,持分移轉,10450004
RPPPMLOKJHLGFBQ98DA,大德興段,96.53,非都市：鄉村區 ; 非都市編定：乙種建築用地,1,1,全筆移轉,10450036
RPPPMLOKJHLGFBQ98DA,大德興段,5.33,非都市：鄉村區 ; 非都市編定：乙種建築用地,1,1,全筆移轉,10450037
RPSQMLOKJHLGFBQ76DA,大德興段,91.53,非都市：鄉村區 ; 非都市編定：乙種建築用地,1,1,全筆移轉,10450007
RPQPMLOKJHLGFBQ09DA,大德興段,22.40,非都市：鄉村區 ; 非都市編定：乙種建築用地,14,1,持分移轉,10450004
RPQPMLOKJHLGFBQ09DA,大德興段,101.85,非都市：鄉村區 ; 非都市編定：乙種建築用地,1,1,全筆移轉,10450040
RPWPMLOKJHLGFBQ07DA,大德興段,21.27,非都市：鄉村區 ; 非都市編定：乙種建築用地,14,1,持分移轉,10450013
RPWPMLOKJHLGFBQ07DA,大德興段,103.03,非都市：鄉村區 ; 非都市編定：乙種建築用地,1,1,全筆移轉,10450021
RPRNMLTJJHLGFDQ96DA,和睦段,22.85,都市：其他:住宅區,100000,2071,持分移轉,00690000
RPWNMLPKJHLGFBQ96DA,大德興段,21.27,非都市：鄉村區 ; 非都市編定：乙種建築用地,14,1,持分移轉,10450013
RPWNMLPKJHLGFBQ96DA,大德興段,102.17,非都市：鄉村區 ; 非都市編定：乙種建築用地,1,1,全筆移轉,10450020
RPVRMLKMJHLGFBQ96DA,溪口段,2.04,非都市：鄉村區 ; 非都市編定：交通用地,180000,541,持分移轉,02120000
RPWRMLKMJHLGFBQ07DA,溪口段,2.04,非都市：鄉村區 ; 非都市編定：交通用地,180000,541,持分移轉,02120000
RPWRMLKMJHLGFBQ07DA,溪口段,1.31,非都市：鄉村區 ; 非都市編定：交通用地,14400,101,持分移轉,02230000
RPWRMLKMJHLGFBQ07DA,溪口段,27.08,非都市：鄉村區 ; 非都市編定：乙種建築用地,24,1,持分移轉,02260000
RPWRMLKMJHLGFBQ07DA,溪口段,97.78,非都市：鄉村區 ; 非都市編定：乙種建築用地,1,1,全筆移轉,02260001
RPVRMLKMJHLGFBQ96DA,溪口段,1.31,非都市：鄉村區 ; 非都市編定：交通用地,14400,101,持分移轉,02230000
RPVRMLKMJHLGFBQ96DA,溪口段,27.08,非都市：鄉村區 ; 非都市編定：乙種建築用地,24,1,持分移轉,02260000
RPWNMLNLJHLGFDQ07DA,水西段,2.45,都市：其他:住宅區,96740,701,持分移轉,08890000
RPVRMLKMJHLGFBQ96DA,溪口段,140.13,非都市：鄉村區 ; 非都市編定：乙種建築用地,1,1,全筆移轉,02260025
RPWNMLNLJHLGFDQ07DA,水西段,23.31,都市：其他:住宅區,100000,2865,持分移轉,08890010
RPUQMLKMJHLGFBQ76DA,溪口段,2.04,非都市：鄉村區 ; 非都市編定：交通用地,180000,541,持分移轉,02120000
RPWNMLNLJHLGFDQ07DA,水西段,3.78,都市：其他:住宅區,21000,185,持分移轉,09180000
RPUQMLKMJHLGFBQ76DA,溪口段,1.31,非都市：鄉村區 ; 非都市編定：交通用地,14400,101,持分移轉,02230000
RPUQMLKMJHLGFBQ76DA,溪口段,27.08,非都市：鄉村區 ; 非都市編定：乙種建築用地,24,1,持分移轉,02260000
RPUQMLKMJHLGFBQ76DA,溪口段,97.47,非都市：鄉村區 ; 非都市編定：乙種建築用地,1,1,全筆移轉,02260015
RPWNMLRJJHLGFCQ17DA,明華段,31.17,都市：其他:住宅區,200000,8024,持分移轉,03760014
RPWNMLRJJHLGFCQ17DA,明華段,5.70,都市：其他:住宅區,200000,8028,持分移轉,03760018
RPWNMLRJJHLGFCQ17DA,明華段,.69,都市：其他:住宅區,200000,8110,持分移轉,03760022
RPVNMLRJJHLGFCQ07DA,明華段,.10,都市：其他:住宅區,100000,28,持分移轉,03760000
RPQOMLOJKHLGFCQ09DA,明華段,.28,都市：其他:住宅區,1200000,434,持分移轉,03760014
RPQOMLOJKHLGFCQ09DA,明華段,.03,都市：其他:住宅區,1200000,292,持分移轉,03760018
RPQOMLOJKHLGFCQ09DA,明華段,.00,都市：其他:住宅區,1200000,250,持分移轉,03760022
RPVNMLRJJHLGFCQ07DA,明華段,.02,都市：其他:住宅區,100000,28,持分移轉,03760002
RPQOMLRLJHLGFCQ86DA,明華段,16.26,都市：其他:住宅區,100000,4370,持分移轉,03760000
RPVNMLRJJHLGFCQ07DA,明華段,.01,都市：其他:住宅區,100000,28,持分移轉,03760003
RPVNMLRJJHLGFCQ07DA,明華段,.02,都市：其他:住宅區,100000,28,持分移轉,03760015
RPQOMLRLJHLGFCQ86DA,明華段,2.96,都市：其他:住宅區,100000,4370,持分移轉,03760002
RPQOMLRLJHLGFCQ86DA,明華段,1.57,都市：其他:住宅區,100000,4370,持分移轉,03760003
RPQOMLRLJHLGFCQ86DA,明華段,2.56,都市：其他:住宅區,100000,4370,持分移轉,03760015
RPVNMLRJJHLGFCQ07DA,明華段,.03,都市：其他:住宅區,100000,28,持分移轉,03760016
RPQOMLRLJHLGFCQ86DA,明華段,4.06,都市：其他:住宅區,100000,4370,持分移轉,03760016
RPUNMLNKJHLGFCQ66DA,明華段,21.39,都市：其他:住宅區,100000,2753,持分移轉,03760014
RPUNMLNKJHLGFCQ66DA,明華段,3.93,都市：其他:住宅區,100000,2768,持分移轉,03760018
RPUNMLNKJHLGFCQ66DA,明華段,.47,都市：其他:住宅區,100000,2740,持分移轉,03760022
RPVPMLSKKIKGFCQ57DA,明華段,31.71,都市：其他:住宅區,100000,4081,持分移轉,03760014
RPVPMLSKKIKGFCQ57DA,明華段,5.79,都市：其他:住宅區,100000,4077,持分移轉,03760018
RPVPMLSKKIKGFCQ57DA,明華段,.70,都市：其他:住宅區,100000,4102,持分移轉,03760022
RPPOMLSKKIKGFCQ86DA,明華段,31.17,都市：其他:住宅區,100000,4012,持分移轉,03760014
RPPOMLSKKIKGFCQ86DA,明華段,5.70,都市：其他:住宅區,100000,4014,持分移轉,03760018
RPPOMLSKKIKGFCQ86DA,明華段,.69,都市：其他:住宅區,100000,4055,持分移轉,03760022
RPUNMLRJJHLGFCQ96DA,明華段,16.26,都市：其他:住宅區,100000,4370,持分移轉,03760000
RPRNMLRJJHLGFCQ66DA,明華段,20.89,都市：其他:住宅區,100000,5616,持分移轉,03760000
RPUNMLRJJHLGFCQ96DA,明華段,2.96,都市：其他:住宅區,100000,4370,持分移轉,03760002
RPRNMLRJJHLGFCQ66DA,明華段,3.80,都市：其他:住宅區,100000,5616,持分移轉,03760002
RPUNMLRJJHLGFCQ96DA,明華段,1.57,都市：其他:住宅區,100000,4370,持分移轉,03760003
RPUNMLRJJHLGFCQ96DA,明華段,2.56,都市：其他:住宅區,100000,4370,持分移轉,03760015
RPRNMLRJJHLGFCQ66DA,明華段,2.02,都市：其他:住宅區,100000,5616,持分移轉,03760003
RPUNMLRJJHLGFCQ96DA,明華段,4.06,都市：其他:住宅區,100000,4370,持分移轉,03760016
RPRNMLRJJHLGFCQ66DA,明華段,3.29,都市：其他:住宅區,100000,5616,持分移轉,03760015
RPRNMLRJJHLGFCQ66DA,明華段,5.22,都市：其他:住宅區,100000,5616,持分移轉,03760016
RPXNMLSKKIKGFCQ57DA,明華段,24.78,都市：其他:住宅區,100000,3189,持分移轉,03760014
RPXNMLSKKIKGFCQ57DA,明華段,4.53,都市：其他:住宅區,100000,3190,持分移轉,03760018
RPXNMLSKKIKGFCQ57DA,明華段,.54,都市：其他:住宅區,100000,3186,持分移轉,03760022
RPQOMLSKKIKGFCQ96DA,明華段,21.72,都市：其他:住宅區,100000,2795,持分移轉,03760014
RPQOMLSKKIKGFCQ96DA,明華段,3.97,都市：其他:住宅區,100000,2795,持分移轉,03760018
RPTNMLSKKIKGFCQ17DA,明華段,24.78,都市：其他:住宅區,100000,3189,持分移轉,03760014
RPQOMLSKKIKGFCQ96DA,明華段,.47,都市：其他:住宅區,100000,2784,持分移轉,03760022
RPTNMLSKKIKGFCQ17DA,明華段,4.53,都市：其他:住宅區,100000,3190,持分移轉,03760018
RPTNMLSKKIKGFCQ17DA,明華段,.54,都市：其他:住宅區,100000,3186,持分移轉,03760022
RPROMLSKKIKGFCQ07DA,明華段,32.42,都市：其他:住宅區,100000,4173,持分移轉,03760014
RPROMLSKKIKGFCQ07DA,明華段,5.92,都市：其他:住宅區,100000,4169,持分移轉,03760018
RPROMLSKKIKGFCQ07DA,明華段,.71,都市：其他:住宅區,100000,4203,持分移轉,03760022
RPQPMLSKKIKGFCQ07DA,明華段,31.17,都市：其他:住宅區,100000,4012,持分移轉,03760014
RPSNMLNKJHLGFCQ09DA,明華段,16.26,都市：其他:住宅區,100000,4370,持分移轉,03760000
RPRNMLOKJHLGFCQ09DA,明華段,94.00,都市：其他:住宅區,1,1,全筆移轉,03760011
RPQPMLSKKIKGFCQ07DA,明華段,5.70,都市：其他:住宅區,100000,4014,持分移轉,03760018
RPSNMLNKJHLGFCQ09DA,明華段,2.96,都市：其他:住宅區,100000,4370,持分移轉,03760002
RPRNMLOKJHLGFCQ09DA,明華段,18.86,都市：其他:住宅區,100000,11934,持分移轉,03760017
RPQPMLSKKIKGFCQ07DA,明華段,.69,都市：其他:住宅區,100000,4055,持分移轉,03760022
RPSNMLNKJHLGFCQ09DA,明華段,1.57,都市：其他:住宅區,100000,4370,持分移轉,03760003
RPRNMLOKJHLGFCQ09DA,明華段,3.43,都市：其他:住宅區,100000,6352,持分移轉,03760019
RPSNMLNKJHLGFCQ09DA,明華段,2.56,都市：其他:住宅區,100000,4370,持分移轉,03760015
RPSNMLNKJHLGFCQ09DA,明華段,4.06,都市：其他:住宅區,100000,4370,持分移轉,03760016
RPTNMLOKJHLGFCQ66DA,明華段,37.15,都市：其他:住宅區,100000,9986,持分移轉,03760000
RPTNMLOKJHLGFCQ66DA,明華段,6.76,都市：其他:住宅區,100000,9986,持分移轉,03760002
RPTNMLOKJHLGFCQ66DA,明華段,3.59,都市：其他:住宅區,100000,9986,持分移轉,03760003
RPTNMLOKJHLGFCQ66DA,明華段,5.84,都市：其他:住宅區,100000,9986,持分移轉,03760015
RPTNMLOKJHLGFCQ66DA,明華段,9.29,都市：其他:住宅區,100000,9986,持分移轉,03760016
RPSNMLOKJHLGFCQ56DA,明華段,37.15,都市：其他:住宅區,100000,9986,持分移轉,03760000
RPSNMLOKJHLGFCQ56DA,明華段,6.76,都市：其他:住宅區,100000,9986,持分移轉,03760002
RPSNMLOKJHLGFCQ56DA,明華段,3.59,都市：其他:住宅區,100000,9986,持分移轉,03760003
RPSNMLOKJHLGFCQ56DA,明華段,5.84,都市：其他:住宅區,100000,9986,持分移轉,03760015
RPSNMLOKJHLGFCQ56DA,明華段,9.29,都市：其他:住宅區,100000,9986,持分移轉,03760016
RPUNMLOKJHLGFCQ76DA,明華段,37.15,都市：其他:住宅區,100000,9986,持分移轉,03760000
RPUNMLOKJHLGFCQ76DA,明華段,6.76,都市：其他:住宅區,100000,9986,持分移轉,03760002
RPUNMLOKJHLGFCQ76DA,明華段,3.59,都市：其他:住宅區,100000,9986,持分移轉,03760003
RPUNMLOKJHLGFCQ76DA,明華段,5.84,都市：其他:住宅區,100000,9986,持分移轉,03760015
RPUNMLOKJHLGFCQ76DA,明華段,9.29,都市：其他:住宅區,100000,9986,持分移轉,03760016
RPOPMLTKJHLGFCQ86DA,明華段,36.96,都市：其他:住宅區,10000,1004,持分移轉,03900000
RPUPMLSKKIKGFCQ47DA,明華段,21.31,都市：其他:住宅區,100000,2743,持分移轉,03760014
RPUOMLTKJHLGFCQ37DA,明華段,36.96,都市：其他:住宅區,10000,1004,持分移轉,03900000
RPRPMLSKKIKGFCQ17DA,明華段,31.71,都市：其他:住宅區,200000,8162,持分移轉,03760014
RPUPMLSKKIKGFCQ47DA,明華段,3.90,都市：其他:住宅區,100000,2745,持分移轉,03760018
RPRPMLSKKIKGFCQ17DA,明華段,5.79,都市：其他:住宅區,200000,8154,持分移轉,03760018
RPUPMLSKKIKGFCQ47DA,明華段,.47,都市：其他:住宅區,100000,2740,持分移轉,03760022
RPRPMLSKKIKGFCQ17DA,明華段,.70,都市：其他:住宅區,200000,8204,持分移轉,03760022
RPWOMLTKJHLGFCQ57DA,明華段,.10,都市：其他:住宅區,100000,28,持分移轉,03760000
RPWOMLTKJHLGFCQ57DA,明華段,.02,都市：其他:住宅區,100000,28,持分移轉,03760002
RPWOMLTKJHLGFCQ57DA,明華段,.01,都市：其他:住宅區,100000,28,持分移轉,03760003
RPWOMLTKJHLGFCQ57DA,明華段,.02,都市：其他:住宅區,100000,28,持分移轉,03760015
RPWOMLTKJHLGFCQ57DA,明華段,.03,都市：其他:住宅區,100000,28,持分移轉,03760016
RPPPMLTKJHLGFCQ96DA,明華段,.10,都市：其他:住宅區,100000,28,持分移轉,03760000
RPSOMLSKKIKGFCQ17DA,明華段,21.39,都市：其他:住宅區,100000,2753,持分移轉,03760014
RPRNMLMLJHLGFCQ98DA,明華段,20.89,都市：其他:住宅區,100000,5616,持分移轉,03760000
RPRNMLMLJHLGFCQ98DA,明華段,3.80,都市：其他:住宅區,100000,5616,持分移轉,03760002
RPRNMLMLJHLGFCQ98DA,明華段,2.02,都市：其他:住宅區,100000,5616,持分移轉,03760003
RPSOMLSKKIKGFCQ17DA,明華段,3.93,都市：其他:住宅區,100000,2768,持分移轉,03760018
RPRNMLMLJHLGFCQ98DA,明華段,3.29,都市：其他:住宅區,100000,5616,持分移轉,03760015
RPRNMLMLJHLGFCQ98DA,明華段,5.22,都市：其他:住宅區,100000,5616,持分移轉,03760016
RPPPMLTKJHLGFCQ96DA,明華段,.02,都市：其他:住宅區,100000,28,持分移轉,03760002
RPOOMLSKKIKGFCQ76DA,明華段,21.39,都市：其他:住宅區,100000,2753,持分移轉,03760014
RPPPMLTKJHLGFCQ96DA,明華段,.01,都市：其他:住宅區,100000,28,持分移轉,03760003
RPOOMLSKKIKGFCQ76DA,明華段,3.93,都市：其他:住宅區,100000,2768,持分移轉,03760018
RPPPMLTKJHLGFCQ96DA,明華段,.02,都市：其他:住宅區,100000,28,持分移轉,03760015
RPPPMLTKJHLGFCQ96DA,明華段,.03,都市：其他:住宅區,100000,28,持分移轉,03760016
RPOOMLSKKIKGFCQ76DA,明華段,.47,都市：其他:住宅區,100000,2740,持分移轉,03760022
RPSOMLSKKIKGFCQ17DA,明華段,.47,都市：其他:住宅區,100000,2738,持分移轉,03760022
RPUNMLQLJHLGFCQ07DA,明華段,36.96,都市：其他:住宅區,10000,1004,持分移轉,03900000
RPVNMLQLJHLGFCQ17DA,明華段,.14,都市：其他:住宅區,1200000,217,持分移轉,03760014
RPVNMLQLJHLGFCQ17DA,明華段,.02,都市：其他:住宅區,1200000,146,持分移轉,03760018
RPVNMLQLJHLGFCQ17DA,明華段,.00,都市：其他:住宅區,1200000,125,持分移轉,03760022
RPWNMLTLJHLGFCQ57DA,明華段,94.00,都市：其他:住宅區,1,1,全筆移轉,03760008
RPTPMLSKKIKGFCQ37DA,明華段,31.17,都市：其他:住宅區,100000,4012,持分移轉,03760014
RPTPMLSKKIKGFCQ37DA,明華段,5.70,都市：其他:住宅區,100000,4014,持分移轉,03760018
RPTPMLSKKIKGFCQ37DA,明華段,.69,都市：其他:住宅區,100000,4055,持分移轉,03760022
RPWNMLTLJHLGFCQ57DA,明華段,18.86,都市：其他:住宅區,100000,11934,持分移轉,03760017
RPWNMLTLJHLGFCQ57DA,明華段,3.43,都市：其他:住宅區,100000,6352,持分移轉,03760019
RPVNMLTLJHLGFCQ47DA,明華段,94.00,都市：其他:住宅區,1,1,全筆移轉,03760009
RPVNMLTLJHLGFCQ47DA,明華段,18.86,都市：其他:住宅區,100000,11934,持分移轉,03760017
RPSNMLSKKIKGFCQ07DA,明華段,21.72,都市：其他:住宅區,100000,2795,持分移轉,03760014
RPVNMLTLJHLGFCQ47DA,明華段,3.43,都市：其他:住宅區,100000,6352,持分移轉,03760019
RPSNMLSKKIKGFCQ07DA,明華段,3.97,都市：其他:住宅區,100000,2795,持分移轉,03760018
RPUOMLOJKHLGFCQ86DA,明華段,20.89,都市：其他:住宅區,100000,5616,持分移轉,03760000
RPUNMLQJJHLGFCQ86DA,明華段,.29,都市：其他:住宅區,10000,8,持分移轉,03900000
RPSNMLSKKIKGFCQ07DA,明華段,.47,都市：其他:住宅區,100000,2774,持分移轉,03760022
RPUOMLOJKHLGFCQ86DA,明華段,3.80,都市：其他:住宅區,100000,5616,持分移轉,03760002
RPUOMLOJKHLGFCQ86DA,明華段,2.02,都市：其他:住宅區,100000,5616,持分移轉,03760003
RPUOMLOJKHLGFCQ86DA,明華段,3.29,都市：其他:住宅區,100000,5616,持分移轉,03760015
RPUOMLOJKHLGFCQ86DA,明華段,5.22,都市：其他:住宅區,100000,5616,持分移轉,03760016
RPQNMLRJJHLGFCQ56DA,明華段,16.26,都市：其他:住宅區,100000,4370,持分移轉,03760000
RPQNMLRJJHLGFCQ56DA,明華段,2.96,都市：其他:住宅區,100000,4370,持分移轉,03760002
RPQNMLRJJHLGFCQ56DA,明華段,1.57,都市：其他:住宅區,100000,4370,持分移轉,03760003
RPQNMLRJJHLGFCQ56DA,明華段,2.56,都市：其他:住宅區,100000,4370,持分移轉,03760015
RPQNMLRJJHLGFCQ56DA,明華段,4.06,都市：其他:住宅區,100000,4370,持分移轉,03760016
RPVNMLSKKIKGFCQ37DA,明華段,21.31,都市：其他:住宅區,100000,2743,持分移轉,03760014
RPVNMLSKKIKGFCQ37DA,明華段,3.90,都市：其他:住宅區,100000,2745,持分移轉,03760018
RPVNMLSKKIKGFCQ37DA,明華段,.47,都市：其他:住宅區,100000,2740,持分移轉,03760022
RPOPMLSKKIKGFCQ86DA,明華段,31.17,都市：其他:住宅區,100000,4012,持分移轉,03760014
RPOPMLSKKIKGFCQ86DA,明華段,5.70,都市：其他:住宅區,100000,4014,持分移轉,03760018
RPOPMLSKKIKGFCQ86DA,明華段,.69,都市：其他:住宅區,100000,4055,持分移轉,03760022
RPSPMLSKKIKGFCQ27DA,明華段,21.39,都市：其他:住宅區,100000,2753,持分移轉,03760014
RPSPMLSKKIKGFCQ27DA,明華段,3.93,都市：其他:住宅區,100000,2768,持分移轉,03760018
RPSPMLSKKIKGFCQ27DA,明華段,.47,都市：其他:住宅區,100000,2740,持分移轉,03760022
RPPPMLSKKIKGFCQ96DA,明華段,21.39,都市：其他:住宅區,100000,2753,持分移轉,03760014
RPPPMLSKKIKGFCQ96DA,明華段,3.93,都市：其他:住宅區,100000,2768,持分移轉,03760018
RPTNMLNKJHLGFCQ56DA,明華段,16.26,都市：其他:住宅區,100000,4370,持分移轉,03760000
RPPPMLSKKIKGFCQ96DA,明華段,.47,都市：其他:住宅區,100000,2740,持分移轉,03760022
RPUNMLMJLHLGFBQ56DA,溪口段,2.04,非都市：鄉村區 ; 非都市編定：交通用地,180000,541,持分移轉,02120000
RPTNMLNKJHLGFCQ56DA,明華段,2.96,都市：其他:住宅區,100000,4370,持分移轉,03760002
RPTNMLNKJHLGFCQ56DA,明華段,1.57,都市：其他:住宅區,100000,4370,持分移轉,03760003
RPUNMLMJLHLGFBQ56DA,溪口段,1.31,非都市：鄉村區 ; 非都市編定：交通用地,14400,101,持分移轉,02230000
RPUNMLMJLHLGFBQ56DA,溪口段,27.08,非都市：鄉村區 ; 非都市編定：乙種建築用地,24,1,持分移轉,02260000
RPTNMLNKJHLGFCQ56DA,明華段,2.56,都市：其他:住宅區,100000,4370,持分移轉,03760015
RPUNMLMJLHLGFBQ56DA,溪口段,90.32,非都市：鄉村區 ; 非都市編定：乙種建築用地,1,1,全筆移轉,02260003
RPTNMLNKJHLGFCQ56DA,明華段,4.06,都市：其他:住宅區,100000,4370,持分移轉,03760016
RPVNMLQJJHLGFCQ96DA,明華段,24.78,都市：其他:住宅區,100000,3189,持分移轉,03760014
RPVNMLQJJHLGFCQ96DA,明華段,4.53,都市：其他:住宅區,100000,3190,持分移轉,03760018
RPVNMLQJJHLGFCQ96DA,明華段,.54,都市：其他:住宅區,100000,3186,持分移轉,03760022
RPRNMLQLJHLGFCQ76DA,明華段,94.00,都市：其他:住宅區,1,1,全筆移轉,03760010
RPWNMLSKKIKGFCQ47DA,明華段,24.25,都市：其他:住宅區,100000,3121,持分移轉,03760014
RPRNMLQLJHLGFCQ76DA,明華段,18.86,都市：其他:住宅區,100000,11934,持分移轉,03760017
RPWNMLSKKIKGFCQ47DA,明華段,4.43,都市：其他:住宅區,100000,3120,持分移轉,03760018
RPRNMLQLJHLGFCQ76DA,明華段,3.43,都市：其他:住宅區,100000,6352,持分移轉,03760019
RPWNMLSKKIKGFCQ47DA,明華段,.53,都市：其他:住宅區,100000,3095,持分移轉,03760022
RPWNMLKMJHLGFCQ76DA,明華段,20.89,都市：其他:住宅區,100000,5616,持分移轉,03760000
RPUNMLSKKIKGFCQ27DA,明華段,24.25,都市：其他:住宅區,100000,3121,持分移轉,03760014
RPRPMLTKJHLGFCQ17DA,明華段,37.07,都市：其他:住宅區,10000,1007,持分移轉,03900000
RPTOMLSKKIKGFCQ27DA,明華段,24.25,都市：其他:住宅區,100000,3121,持分移轉,03760014
RPWNMLKMJHLGFCQ76DA,明華段,3.80,都市：其他:住宅區,100000,5616,持分移轉,03760002
RPWNMLKMJHLGFCQ76DA,明華段,2.02,都市：其他:住宅區,100000,5616,持分移轉,03760003
RPUNMLSKKIKGFCQ27DA,明華段,4.43,都市：其他:住宅區,100000,3120,持分移轉,03760018
RPWNMLKMJHLGFCQ76DA,明華段,3.29,都市：其他:住宅區,100000,5616,持分移轉,03760015
RPTOMLSKKIKGFCQ27DA,明華段,4.43,都市：其他:住宅區,100000,3120,持分移轉,03760018
RPUNMLSKKIKGFCQ27DA,明華段,.53,都市：其他:住宅區,100000,3095,持分移轉,03760022
RPTOMLSKKIKGFCQ27DA,明華段,.53,都市：其他:住宅區,100000,3095,持分移轉,03760022
RPWNMLKMJHLGFCQ76DA,明華段,5.22,都市：其他:住宅區,100000,5616,持分移轉,03760016
RPSNMLQLJHLGFCQ86DA,明華段,20.89,都市：其他:住宅區,100000,5616,持分移轉,03760000
RPSNMLQLJHLGFCQ86DA,明華段,3.80,都市：其他:住宅區,100000,5616,持分移轉,03760002
RPSNMLQLJHLGFCQ86DA,明華段,2.02,都市：其他:住宅區,100000,5616,持分移轉,03760003
RPSNMLQLJHLGFCQ86DA,明華段,3.29,都市：其他:住宅區,100000,5616,持分移轉,03760015
RPSNMLQLJHLGFCQ86DA,明華段,5.22,都市：其他:住宅區,100000,5616,持分移轉,03760016
RPSOMLOJKHLGFCQ66DA,明華段,.14,都市：其他:住宅區,1200000,217,持分移轉,03760014
RPSOMLOJKHLGFCQ66DA,明華段,.02,都市：其他:住宅區,1200000,146,持分移轉,03760018
RPTOMLOJKHLGFCQ76DA,明華段,20.89,都市：其他:住宅區,100000,5616,持分移轉,03760000
RPWNMLQLJHLGFCQ27DA,明華段,.14,都市：其他:住宅區,1200000,217,持分移轉,03760014
RPSOMLOJKHLGFCQ66DA,明華段,.00,都市：其他:住宅區,1200000,125,持分移轉,03760022
RPTOMLOJKHLGFCQ76DA,明華段,3.80,都市：其他:住宅區,100000,5616,持分移轉,03760002
RPWNMLQLJHLGFCQ27DA,明華段,.02,都市：其他:住宅區,1200000,146,持分移轉,03760018
RPTOMLOJKHLGFCQ76DA,明華段,2.02,都市：其他:住宅區,100000,5616,持分移轉,03760003
RPWNMLQLJHLGFCQ27DA,明華段,.00,都市：其他:住宅區,1200000,125,持分移轉,03760022
RPTOMLOJKHLGFCQ76DA,明華段,3.29,都市：其他:住宅區,100000,5616,持分移轉,03760015
RPTOMLOJKHLGFCQ76DA,明華段,5.22,都市：其他:住宅區,100000,5616,持分移轉,03760016
RPTNMLQLJHLGFCQ96DA,明華段,20.89,都市：其他:住宅區,100000,5616,持分移轉,03760000
RPTNMLQLJHLGFCQ96DA,明華段,3.80,都市：其他:住宅區,100000,5616,持分移轉,03760002
RPTNMLQLJHLGFCQ96DA,明華段,2.02,都市：其他:住宅區,100000,5616,持分移轉,03760003
RPTNMLQLJHLGFCQ96DA,明華段,3.29,都市：其他:住宅區,100000,5616,持分移轉,03760015
RPTNMLQLJHLGFCQ96DA,明華段,5.22,都市：其他:住宅區,100000,5616,持分移轉,03760016
